EventName,ElapsedTime,Timestamp,SessionID,Version,AudioClip,AudioDuration,ButtonClickMessage,CurrentDurationEngaged,DragStartPosition,DragStopPosition,EvacPatientIds,EvacRound,InjuryBodyRegion,InjuryName,InjuryPosition,InjuryRequiredProcedure,InjuryRequiredTreatmentCount,InjuryRequiredTreatmentsApplied,InjurySeverity,InjuryTreatedWithCorrectTreatment,InjuryTreatmentComplete,NarrativeDescription,NarrativeIndex,PatientBreathing,PatientHealthLevel,PatientHealthTimeRemaining,PatientHearing,PatientID,PatientMood,PatientPose,PatientPosition,PatientPulse,PatientRotation,PatientSpO2,PatientTriageLevel,PatientTriageSort,PlayerDirection,PlayerDistanceFromPatient,PlayerLeftHandPosition,PlayerPosition,PlayerRightHandPosition,QuestionAnswers,QuestionId,QuestionPrompt,QuestionType,TagType,TeleportPosition,ToolAttachMessage,ToolAttachParent,ToolCount,ToolMessageSender,ToolType,TotalDurationEngaged,TriageSortCommand,VoiceCaptureCommandDescription,VoiceCaptureMessage,WeaponsDisarmed,WeaponsHeld,
VOICE_CAPTURE,-27124,6/27/2026 10:12:16 AM,6b731843-0ae5-4b91-bc73-d7a191b30494,2.0,,,,,,,,,,,,,,,,,,,,,,,,,,,,,,,,,,,,,,,,,,,,,,,,,,,NA,"at home, you know, and just get a bunch of.",
VOICE_CAPTURE,-26650,6/27/2026 10:12:17 AM,6b731843-0ae5-4b91-bc73-d7a191b30494,2.0,,,,,,,,,,,,,,,,,,,,,,,,,,,,,,,,,,,,,,,,,,,,,,,,,,,NA,"at home, you know, and just get a bunch of training.",
VOICE_CAPTURE,-26160,6/27/2026 10:12:17 AM,6b731843-0ae5-4b91-bc73-d7a191b30494,2.0,,,,,,,,,,,,,,,,,,,,,,,,,,,,,,,,,,,,,,,,,,,,,,,,,,,NA,"at home, you know, and just get a bunch of training.",
VOICE_CAPTURE,-26159,6/27/2026 10:12:17 AM,6b731843-0ae5-4b91-bc73-d7a191b30494,2.0,,,,,,,,,,,,,,,,,,,,,,,,,,,,,,,,,,,,,,,,,,,,,,,,,,,NA,"at home, you know, and just get a bunch of training.",
BAG_CLOSED,-25805,6/27/2026 10:12:18 AM,6b731843-0ae5-4b91-bc73-d7a191b30494,2.0,,,,,,,,,,,,,,,,,,,,,,,,,,,,,,,,,,,,"(0.0, 0.0, 0.0)",
VOICE_CAPTURE,-25683,6/27/2026 10:12:18 AM,6b731843-0ae5-4b91-bc73-d7a191b30494,2.0,,,,,,,,,,,,,,,,,,,,,,,,,,,,,,,,,,,,,,,,,,,,,,,,,,,NA,get a bunch of training.,
VOICE_CAPTURE,-25181,6/27/2026 10:12:18 AM,6b731843-0ae5-4b91-bc73-d7a191b30494,2.0,,,,,,,,,,,,,,,,,,,,,,,,,,,,,,,,,,,,,,,,,,,,,,,,,,,NA,get a bunch of training.,
VOICE_CAPTURE,-22619,6/27/2026 10:12:21 AM,6b731843-0ae5-4b91-bc73-d7a191b30494,2.0,,,,,,,,,,,,,,,,,,,,,,,,,,,,,,,,,,,,,,,,,,,,,,,,,,,NA,Yep.,
VOICE_CAPTURE,-22197,6/27/2026 10:12:21 AM,6b731843-0ae5-4b91-bc73-d7a191b30494,2.0,,,,,,,,,,,,,,,,,,,,,,,,,,,,,,,,,,,,,,,,,,,,,,,,,,,NA,Yep.,
VOICE_CAPTURE,-21684,6/27/2026 10:12:22 AM,6b731843-0ae5-4b91-bc73-d7a191b30494,2.0,,,,,,,,,,,,,,,,,,,,,,,,,,,,,,,,,,,,,,,,,,,,,,,,,,,NA,Yep.,
VOICE_CAPTURE,-21195,6/27/2026 10:12:22 AM,6b731843-0ae5-4b91-bc73-d7a191b30494,2.0,,,,,,,,,,,,,,,,,,,,,,,,,,,,,,,,,,,,,,,,,,,,,,,,,,,NA,Yep.,
VOICE_CAPTURE,-20694,6/27/2026 10:12:23 AM,6b731843-0ae5-4b91-bc73-d7a191b30494,2.0,,,,,,,,,,,,,,,,,,,,,,,,,,,,,,,,,,,,,,,,,,,,,,,,,,,NA,Yep.,
VOICE_CAPTURE,-20182,6/27/2026 10:12:23 AM,6b731843-0ae5-4b91-bc73-d7a191b30494,2.0,,,,,,,,,,,,,,,,,,,,,,,,,,,,,,,,,,,,,,,,,,,,,,,,,,,NA,Yep.,
VOICE_CAPTURE,-19680,6/27/2026 10:12:24 AM,6b731843-0ae5-4b91-bc73-d7a191b30494,2.0,,,,,,,,,,,,,,,,,,,,,,,,,,,,,,,,,,,,,,,,,,,,,,,,,,,NA,Yep.,
VOICE_CAPTURE,-19191,6/27/2026 10:12:24 AM,6b731843-0ae5-4b91-bc73-d7a191b30494,2.0,,,,,,,,,,,,,,,,,,,,,,,,,,,,,,,,,,,,,,,,,,,,,,,,,,,NA,Yep.,
VOICE_CAPTURE,-18690,6/27/2026 10:12:25 AM,6b731843-0ae5-4b91-bc73-d7a191b30494,2.0,,,,,,,,,,,,,,,,,,,,,,,,,,,,,,,,,,,,,,,,,,,,,,,,,,,NA,Yep. Yeah.,
VOICE_CAPTURE,-18200,6/27/2026 10:12:25 AM,6b731843-0ae5-4b91-bc73-d7a191b30494,2.0,,,,,,,,,,,,,,,,,,,,,,,,,,,,,,,,,,,,,,,,,,,,,,,,,,,NA,Yep. Yeah. Yeah.,
VOICE_CAPTURE,-17699,6/27/2026 10:12:26 AM,6b731843-0ae5-4b91-bc73-d7a191b30494,2.0,,,,,,,,,,,,,,,,,,,,,,,,,,,,,,,,,,,,,,,,,,,,,,,,,,,NA,Yep. Yeah. Yeah.,
VOICE_CAPTURE,-17699,6/27/2026 10:12:26 AM,6b731843-0ae5-4b91-bc73-d7a191b30494,2.0,,,,,,,,,,,,,,,,,,,,,,,,,,,,,,,,,,,,,,,,,,,,,,,,,,,NA,Yep. Yeah. Yeah.,
VOICE_CAPTURE,-16673,6/27/2026 10:12:27 AM,6b731843-0ae5-4b91-bc73-d7a191b30494,2.0,,,,,,,,,,,,,,,,,,,,,,,,,,,,,,,,,,,,,,,,,,,,,,,,,,,NA,And I have very,
VOICE_CAPTURE,-16152,6/27/2026 10:12:27 AM,6b731843-0ae5-4b91-bc73-d7a191b30494,2.0,,,,,,,,,,,,,,,,,,,,,,,,,,,,,,,,,,,,,,,,,,,,,,,,,,,NA,And I have VIR headset too.,
VOICE_CAPTURE,-15652,6/27/2026 10:12:28 AM,6b731843-0ae5-4b91-bc73-d7a191b30494,2.0,,,,,,,,,,,,,,,,,,,,,,,,,,,,,,,,,,,,,,,,,,,,,,,,,,,NA,And I have VIR headset too. And I have VAR headset too.,
VOICE_CAPTURE,-9274,6/27/2026 10:12:34 AM,6b731843-0ae5-4b91-bc73-d7a191b30494,2.0,,,,,,,,,,,,,,,,,,,,,,,,,,,,,,,,,,,,,,,,,,,,,,,,,,,NA,And I have VIR headset too. And I have VAR headset too.,
VOICE_CAPTURE,-9274,6/27/2026 10:12:34 AM,6b731843-0ae5-4b91-bc73-d7a191b30494,2.0,,,,,,,,,,,,,,,,,,,,,,,,,,,,,,,,,,,,,,,,,,,,,,,,,,,NA,And I have VIR headset too. And I have VAR headset too.,
VOICE_CAPTURE,-8793,6/27/2026 10:12:35 AM,6b731843-0ae5-4b91-bc73-d7a191b30494,2.0,,,,,,,,,,,,,,,,,,,,,,,,,,,,,,,,,,,,,,,,,,,,,,,,,,,NA,t because I didn't use it but maybe I should keep it.,
SESSION_START,7,6/27/2026 10:12:44 AM,90eec047-676b-4d50-9684-e8707ca80941,2.0,
PATIENT_RECORD,7,6/27/2026 10:12:44 AM,90eec047-676b-4d50-9684-e8707ca80941,2.0,,,,,,,,,,,,,,,,,,,,restricted,100,Infinity,normal,Military PT 1,unresponsive,supine,"(-6.8, 0.0, 2.1)",faint,"(0.0, 0.3, 0.0, 1.0)",normal,IMMEDIATE,still,
INJURY_RECORD,8,6/27/2026 10:12:44 AM,90eec047-676b-4d50-9684-e8707ca80941,2.0,,,,,,,,,rightCalf,R Calf Laceration,"(-6.7, 0.3, 2.0)",israeliWrap,1,0,low,False,False,,,,,,,Military PT 1,
INJURY_RECORD,8,6/27/2026 10:12:44 AM,90eec047-676b-4d50-9684-e8707ca80941,2.0,,,,,,,,,chest,R Chest Collapse,"(-6.7, 1.3, 2.0)",decompressionNeedle,1,0,high,False,False,,,,,,,Military PT 1,
PATIENT_RECORD,8,6/27/2026 10:12:44 AM,90eec047-676b-4d50-9684-e8707ca80941,2.0,,,,,,,,,,,,,,,,,,,,restricted,100,Infinity,normal,Military PT 2,agony,supine,"(-12.0, 0.0, 1.1)",faint,"(0.0, 0.4, 0.0, 0.9)",normal,EXPECTANT,still,
INJURY_RECORD,8,6/27/2026 10:12:44 AM,90eec047-676b-4d50-9684-e8707ca80941,2.0,,,,,,,,,fullBody,Full Body Burn,"(0.0, 0.0, 0.0)",lollipop,1,0,high,False,False,,,,,,,Military PT 2,
INJURY_RECORD,8,6/27/2026 10:12:44 AM,90eec047-676b-4d50-9684-e8707ca80941,2.0,,,,,,,,,chest,Circumferential Chest Burn,"(-12.0, 1.4, 1.1)",scalpel,1,0,high,False,False,,,,,,,Military PT 2,
PATIENT_RECORD,8,6/27/2026 10:12:44 AM,90eec047-676b-4d50-9684-e8707ca80941,2.0,,,,,,,,,,,,,,,,,,,,normal,100,Infinity,normal,Civilian PT 3,upset,prone,"(-14.3, 0.0, 1.6)",normal,"(0.0, 0.0, 0.0, 1.0)",normal,DELAYED,still,
INJURY_RECORD,8,6/27/2026 10:12:44 AM,90eec047-676b-4d50-9684-e8707ca80941,2.0,,,,,,,,,rightForearm,R Forearm Burn,"(-13.8, 1.3, 1.4)",burnDressing,1,0,medium,False,False,,,,,,,Civilian PT 3,
INJURY_RECORD,8,6/27/2026 10:12:44 AM,90eec047-676b-4d50-9684-e8707ca80941,2.0,,,,,,,,,leftLeg,L Shin Amputation,"(-14.4, 0.5, 1.5)",tourniquet,1,0,high,False,False,,,,,,,Civilian PT 3,
PATIENT_RECORD,8,6/27/2026 10:12:44 AM,90eec047-676b-4d50-9684-e8707ca80941,2.0,,,,,,,,,,,,,,,,,,,,fast,100,Infinity,normal,Military PT 4,upset,kneeling,"(-11.1, 0.0, -4.7)",faint,"(0.0, 1.0, 0.0, 0.2)",normal,IMMEDIATE,still,
INJURY_RECORD,8,6/27/2026 10:12:44 AM,90eec047-676b-4d50-9684-e8707ca80941,2.0,,,,,,,,,neck,R Neck Laceration,"(-11.1, 1.5, -4.8)",woundpack,1,0,high,False,False,,,,,,,Military PT 4,
PATIENT_RECORD,8,6/27/2026 10:12:44 AM,90eec047-676b-4d50-9684-e8707ca80941,2.0,,,,,,,,,,,,,,,,,,,,fast,100,Infinity,normal,Military PT 5,upset,supine,"(-9.4, 0.0, 1.7)",faint,"(0.0, -1.0, 0.0, 0.0)",normal,IMMEDIATE,still,
INJURY_RECORD,8,6/27/2026 10:12:44 AM,90eec047-676b-4d50-9684-e8707ca80941,2.0,,,,,,,,,chest,R Chest Puncture,"(-9.5, 1.3, 1.6)",chestSeal,1,0,high,False,False,,,,,,,Military PT 5,
PATIENT_RECORD,8,6/27/2026 10:12:44 AM,90eec047-676b-4d50-9684-e8707ca80941,2.0,,,,,,,,,,,,,,,,,,,,normal,100,128,normal,Lifting NPC,calm,standing,"(-8.6, 0.0, 4.5)",normal,"(0.0, 0.8, 0.0, 0.5)",normal,MINIMAL,still,
PATIENT_RECORD,8,6/27/2026 10:12:44 AM,90eec047-676b-4d50-9684-e8707ca80941,2.0,,,,,,,,,,,,,,,,,,,,fast,100,Infinity,normal,Military PT 6,agony,supine,"(-9.0, 0.0, 4.6)",fast,"(0.0, 1.0, 0.0, 0.0)",normal,IMMEDIATE,still,
INJURY_RECORD,8,6/27/2026 10:12:44 AM,90eec047-676b-4d50-9684-e8707ca80941,2.0,,,,,,,,,leftLeg,L Thigh Amputation,"(-8.9, 0.7, 4.5)",tourniquet,1,0,high,False,False,,,,,,,Military PT 6,
PATIENT_RECORD,8,6/27/2026 10:12:44 AM,90eec047-676b-4d50-9684-e8707ca80941,2.0,,,,,,,,,,,,,,,,,,,,normal,100,Infinity,normal,Civilian PT 7,agony,recovery,"(-17.6, 0.0, -0.1)",normal,"(0.0, 0.5, 0.0, 0.9)",normal,DELAYED,still,
INJURY_RECORD,8,6/27/2026 10:12:44 AM,90eec047-676b-4d50-9684-e8707ca80941,2.0,,,,,,,,,head,Bleeding Scalp,"(-17.5, 1.7, -0.1)",israeliWrap,1,0,medium,False,False,,,,,,,Civilian PT 7,
INJURY_RECORD,8,6/27/2026 10:12:44 AM,90eec047-676b-4d50-9684-e8707ca80941,2.0,,,,,,,,,head,L Eye Shrapnel,"(-17.5, 1.6, 0.0)",foxShield,1,0,high,False,False,,,,,,,Civilian PT 7,
INJURY_RECORD,8,6/27/2026 10:12:44 AM,90eec047-676b-4d50-9684-e8707ca80941,2.0,,,,,,,,,leftCalf,L Lower Leg Burn,"(-17.7, 0.3, 0.0)",burnDressing,1,0,high,False,False,,,,,,,Civilian PT 7,
INJURY_RECORD,8,6/27/2026 10:12:44 AM,90eec047-676b-4d50-9684-e8707ca80941,2.0,,,,,,,,,rightCalf,R Lower Leg Burn,"(-17.5, 0.3, -0.3)",burnDressing,1,0,high,False,False,,,,,,,Civilian PT 7,
PATIENT_RECORD,8,6/27/2026 10:12:44 AM,90eec047-676b-4d50-9684-e8707ca80941,2.0,,,,,,,,,,,,,,,,,,,,fast,100,Infinity,normal,Civilian PT 8,upset,sittingGround,"(-15.8, 0.0, -1.8)",fast,"(0.0, 0.4, 0.0, 0.9)",normal,IMMEDIATE,still,
INJURY_RECORD,8,6/27/2026 10:12:44 AM,90eec047-676b-4d50-9684-e8707ca80941,2.0,,,,,,,,,rightArm,R Arm Amputation,"(-15.6, 1.3, -2.0)",tourniquet,1,0,high,False,False,,,,,,,Civilian PT 8,
INJURY_RECORD,8,6/27/2026 10:12:44 AM,90eec047-676b-4d50-9684-e8707ca80941,2.0,,,,,,,,,chest,R Shoulder Puncture,"(-15.7, 1.4, -1.9)",woundpack,1,0,medium,False,False,,,,,,,Civilian PT 8,
PATIENT_RECORD,8,6/27/2026 10:12:44 AM,90eec047-676b-4d50-9684-e8707ca80941,2.0,,,,,,,,,,,,,,,,,,,,restricted,100,Infinity,normal,Military PT 9,unresponsive,supine,"(-12.7, 0.0, -1.8)",faint,"(0.0, -0.7, 0.0, 0.7)",normal,EXPECTANT,still,
INJURY_RECORD,8,6/27/2026 10:12:44 AM,90eec047-676b-4d50-9684-e8707ca80941,2.0,,,,,,,,,chest,L Chest Collapse,"(-12.7, 1.3, -1.9)",decompressionNeedle,1,0,high,False,False,,,,,,,Military PT 9,
INJURY_RECORD,8,6/27/2026 10:12:44 AM,90eec047-676b-4d50-9684-e8707ca80941,2.0,,,,,,,,,chest,R Chest Collapse,"(-12.7, 1.3, -1.7)",decompressionNeedle,1,0,high,False,False,,,,,,,Military PT 9,
PATIENT_RECORD,8,6/27/2026 10:12:44 AM,90eec047-676b-4d50-9684-e8707ca80941,2.0,,,,,,,,,,,,,,,,,,,,none,100,Infinity,none,Military PT 10,dead,fetal,"(-9.6, 0.0, -2.9)",none,"(0.0, -0.6, 0.0, 0.8)",none,EXPECTANT,still,
INJURY_RECORD,8,6/27/2026 10:12:44 AM,90eec047-676b-4d50-9684-e8707ca80941,2.0,,,,,,,,,head,Face Shrapnel,"(-9.6, 1.7, -2.8)",israeliWrap,1,0,high,False,False,,,,,,,Military PT 10,
INJURY_RECORD,8,6/27/2026 10:12:44 AM,90eec047-676b-4d50-9684-e8707ca80941,2.0,,,,,,,,,leftCalf,L Calf Laceration,"(-9.6, 0.3, -3.0)",israeliWrap,1,0,low,False,False,,,,,,,Military PT 10,
INJURY_RECORD,8,6/27/2026 10:12:44 AM,90eec047-676b-4d50-9684-e8707ca80941,2.0,,,,,,,,,rightCalf,R Calf Laceration,"(-9.5, 0.3, -2.7)",israeliWrap,1,0,low,False,False,,,,,,,Military PT 10,
PATIENT_RECORD,8,6/27/2026 10:12:44 AM,90eec047-676b-4d50-9684-e8707ca80941,2.0,,,,,,,,,,,,,,,,,,,,normal,100,Infinity,normal,Military PT 11,panic,standing,"(-6.4, 0.0, -0.3)",normal,"(0.0, -0.2, 0.0, 1.0)",normal,MINIMAL,still,
INJURY_RECORD,8,6/27/2026 10:12:44 AM,90eec047-676b-4d50-9684-e8707ca80941,2.0,,,,,,,,,leftForearm,L Forearm Abrasion,"(-6.9, 1.4, -0.5)",gauzeWrap,1,0,low,False,False,,,,,,,Military PT 11,
INJURY_RECORD,8,6/27/2026 10:12:44 AM,90eec047-676b-4d50-9684-e8707ca80941,2.0,,,,,,,,,rightForearm,R Forearm Abrasion,"(-6.0, 1.4, -0.1)",gauzeWrap,1,0,low,False,False,,,,,,,Military PT 11,
PATIENT_RECORD,8,6/27/2026 10:12:44 AM,90eec047-676b-4d50-9684-e8707ca80941,2.0,,,,,,,,,,,,,,,,,,,,normal,100,Infinity,normal,Military PT 12,upset,standing,"(-12.8, 0.0, -4.1)",normal,"(0.0, 0.0, 0.0, 1.0)",normal,DELAYED,still,
INJURY_RECORD,8,6/27/2026 10:12:44 AM,90eec047-676b-4d50-9684-e8707ca80941,2.0,,,,,,,,,head,R Eye Shrapnel,"(-12.8, 1.5, -4.0)",foxShield,1,0,high,False,False,,,,,,,Military PT 12,
PATIENT_RECORD,8,6/27/2026 10:12:44 AM,90eec047-676b-4d50-9684-e8707ca80941,2.0,,,,,,,,,,,,,,,,,,,,normal,100,128,normal,Military PT 13,calm,standing,"(-15.2, 0.0, 5.0)",normal,"(0.0, 0.8, 0.0, 0.6)",normal,MINIMAL,still,
INJURY_RECORD,8,6/27/2026 10:12:44 AM,90eec047-676b-4d50-9684-e8707ca80941,2.0,,,,,,,,,head,Concussion,"(0.0, 0.0, 0.0)",mentalAssessment,1,0,medium,False,False,,,,,,,Military PT 13,
PATIENT_RECORD,8,6/27/2026 10:12:44 AM,90eec047-676b-4d50-9684-e8707ca80941,2.0,,,,,,,,,,,,,,,,,,,,normal,100,Infinity,normal,Civilian PT 14,upset,sittingGround,"(-14.1, 0.0, 3.6)",normal,"(0.0, 0.8, 0.0, 0.6)",normal,DELAYED,still,
INJURY_RECORD,8,6/27/2026 10:12:44 AM,90eec047-676b-4d50-9684-e8707ca80941,2.0,,,,,,,,,leftArm,L Bicep Abrasion,"(-14.0, 1.3, 3.9)",gauzeWrap,1,0,low,False,False,,,,,,,Civilian PT 14,
INJURY_RECORD,8,6/27/2026 10:12:44 AM,90eec047-676b-4d50-9684-e8707ca80941,2.0,,,,,,,,,rightArm,R Bicep Abrasion,"(-14.2, 1.3, 3.3)",gauzeWrap,1,0,low,False,False,,,,,,,Civilian PT 14,
INJURY_RECORD,8,6/27/2026 10:12:44 AM,90eec047-676b-4d50-9684-e8707ca80941,2.0,,,,,,,,,leftCalf,L Calf Shrapnel,"(-14.1, 0.3, 3.7)",gauzeWrap,1,0,medium,False,False,,,,,,,Civilian PT 14,
INJURY_RECORD,8,6/27/2026 10:12:44 AM,90eec047-676b-4d50-9684-e8707ca80941,2.0,,,,,,,,,head,L Face Abrasion,"(-14.0, 1.4, 3.6)",gauzeWrap,1,0,low,False,False,,,,,,,Civilian PT 14,
INJURY_RECORD,8,6/27/2026 10:12:44 AM,90eec047-676b-4d50-9684-e8707ca80941,2.0,,,,,,,,,leftForearm,L Forearm Abrasion,"(-13.9, 1.3, 4.0)",gauzeWrap,1,0,low,False,False,,,,,,,Civilian PT 14,
PATIENT_RECORD,8,6/27/2026 10:12:44 AM,90eec047-676b-4d50-9684-e8707ca80941,2.0,,,,,,,,,,,,,,,,,,,,fast,100,Infinity,normal,Civilian PT 15,upset,supine,"(-14.4, 0.0, -0.3)",fast,"(0.0, 0.8, 0.0, 0.6)",normal,IMMEDIATE,still,
INJURY_RECORD,8,6/27/2026 10:12:44 AM,90eec047-676b-4d50-9684-e8707ca80941,2.0,,,,,,,,,abdomen,L Stomach Laceration,"(-14.3, 1.0, -0.3)",woundpack,1,0,medium,False,False,,,,,,,Civilian PT 15,
NARRATIVE_SECTION_START,32,6/27/2026 10:12:44 AM,90eec047-676b-4d50-9684-e8707ca80941,2.0,,,,,,,,,,,,,,,,,,TCCC Trainer Intro,0,
AUDIO_START,69,6/27/2026 10:12:44 AM,90eec047-676b-4d50-9684-e8707ca80941,2.0,mission briefing,37.66857,
PLAYER_POSITIONS,230,6/27/2026 10:12:44 AM,90eec047-676b-4d50-9684-e8707ca80941,2.0,,,,,,,,,,,,,,,,,,,,,,,,,,,,,,,,,,,"(-11.9, 1.0, 10.9)","(-11.8, 1.8, 10.9)","(-11.5, 1.0, 11.0)",
PLAYER_POSITIONS,230,6/27/2026 10:12:44 AM,90eec047-676b-4d50-9684-e8707ca80941,2.0,,,,,,,,,,,,,,,,,,,,,,,,,,,,,,,,,,,"(-11.9, 1.0, 10.9)","(-11.8, 1.8, 10.9)","(-11.5, 1.0, 11.0)",
PLAYER_POSITIONS,746,6/27/2026 10:12:44 AM,90eec047-676b-4d50-9684-e8707ca80941,2.0,,,,,,,,,,,,,,,,,,,,,,,,,,,,,,,,,,,"(-11.8, 0.9, 10.9)","(-11.8, 1.8, 10.9)","(-11.5, 1.0, 11.0)",
PLAYER_POSITIONS,746,6/27/2026 10:12:44 AM,90eec047-676b-4d50-9684-e8707ca80941,2.0,,,,,,,,,,,,,,,,,,,,,,,,,,,,,,,,,,,"(-11.8, 0.9, 10.9)","(-11.8, 1.8, 10.9)","(-11.5, 1.0, 11.0)",
VOICE_CAPTURE,852,6/27/2026 10:12:44 AM,90eec047-676b-4d50-9684-e8707ca80941,2.0,,,,,,,,,,,,,,,,,,,,,,,,,,,,,,,,,,,,,,,,,,,,,,,,,,,NA,nk you.,
PLAYER_POSITIONS,1257,6/27/2026 10:12:45 AM,90eec047-676b-4d50-9684-e8707ca80941,2.0,,,,,,,,,,,,,,,,,,,,,,,,,,,,,,,,,,,"(-11.9, 1.0, 10.9)","(-11.7, 1.8, 10.9)","(-11.5, 1.0, 11.0)",
PLAYER_POSITIONS,1257,6/27/2026 10:12:45 AM,90eec047-676b-4d50-9684-e8707ca80941,2.0,,,,,,,,,,,,,,,,,,,,,,,,,,,,,,,,,,,"(-11.9, 1.0, 10.9)","(-11.7, 1.8, 10.9)","(-11.5, 1.0, 11.0)",
VOICE_CAPTURE,1332,6/27/2026 10:12:45 AM,90eec047-676b-4d50-9684-e8707ca80941,2.0,,,,,,,,,,,,,,,,,,,,,,,,,,,,,,,,,,,,,,,,,,,,,,,,,,,NA,nk you.,
VOICE_CAPTURE,1332,6/27/2026 10:12:45 AM,90eec047-676b-4d50-9684-e8707ca80941,2.0,,,,,,,,,,,,,,,,,,,,,,,,,,,,,,,,,,,,,,,,,,,,,,,,,,,NA,nk you.,
PLAYER_POSITIONS,1760,6/27/2026 10:12:45 AM,90eec047-676b-4d50-9684-e8707ca80941,2.0,,,,,,,,,,,,,,,,,,,,,,,,,,,,,,,,,,,"(-11.8, 1.0, 10.9)","(-11.6, 1.9, 10.9)","(-11.4, 1.0, 10.9)",
PLAYER_POSITIONS,1760,6/27/2026 10:12:45 AM,90eec047-676b-4d50-9684-e8707ca80941,2.0,,,,,,,,,,,,,,,,,,,,,,,,,,,,,,,,,,,"(-11.8, 1.0, 10.9)","(-11.6, 1.9, 10.9)","(-11.4, 1.0, 10.9)",
PLAYER_POSITIONS,2265,6/27/2026 10:12:46 AM,90eec047-676b-4d50-9684-e8707ca80941,2.0,,,,,,,,,,,,,,,,,,,,,,,,,,,,,,,,,,,"(-11.8, 1.0, 10.9)","(-11.6, 1.9, 10.9)","(-11.5, 1.0, 11.0)",
PLAYER_POSITIONS,2265,6/27/2026 10:12:46 AM,90eec047-676b-4d50-9684-e8707ca80941,2.0,,,,,,,,,,,,,,,,,,,,,,,,,,,,,,,,,,,"(-11.8, 1.0, 10.9)","(-11.6, 1.9, 10.9)","(-11.5, 1.0, 11.0)",
VOICE_CAPTURE,2313,6/27/2026 10:12:46 AM,90eec047-676b-4d50-9684-e8707ca80941,2.0,,,,,,,,,,,,,,,,,,,,,,,,,,,,,,,,,,,,,,,,,,,,,,,,,,,NA,Thank you.,
PLAYER_POSITIONS,2766,6/27/2026 10:12:46 AM,90eec047-676b-4d50-9684-e8707ca80941,2.0,,,,,,,,,,,,,,,,,,,,,,,,,,,,,,,,,,,"(-11.9, 1.0, 11.0)","(-11.8, 1.9, 10.9)","(-11.5, 1.0, 11.0)",
PLAYER_POSITIONS,2766,6/27/2026 10:12:46 AM,90eec047-676b-4d50-9684-e8707ca80941,2.0,,,,,,,,,,,,,,,,,,,,,,,,,,,,,,,,,,,"(-11.9, 1.0, 11.0)","(-11.8, 1.9, 10.9)","(-11.5, 1.0, 11.0)",
VOICE_CAPTURE,2833,6/27/2026 10:12:46 AM,90eec047-676b-4d50-9684-e8707ca80941,2.0,,,,,,,,,,,,,,,,,,,,,,,,,,,,,,,,,,,,,,,,,,,,,,,,,,,NA,Thank you.,
VOICE_CAPTURE,2833,6/27/2026 10:12:46 AM,90eec047-676b-4d50-9684-e8707ca80941,2.0,,,,,,,,,,,,,,,,,,,,,,,,,,,,,,,,,,,,,,,,,,,,,,,,,,,NA,Thank you.,
PLAYER_POSITIONS,3268,6/27/2026 10:12:47 AM,90eec047-676b-4d50-9684-e8707ca80941,2.0,,,,,,,,,,,,,,,,,,,,,,,,,,,,,,,,,,,"(-12.1, 0.9, 11.0)","(-11.8, 1.9, 10.9)","(-11.7, 1.0, 11.0)",
PLAYER_POSITIONS,3268,6/27/2026 10:12:47 AM,90eec047-676b-4d50-9684-e8707ca80941,2.0,,,,,,,,,,,,,,,,,,,,,,,,,,,,,,,,,,,"(-12.1, 0.9, 11.0)","(-11.8, 1.9, 10.9)","(-11.7, 1.0, 11.0)",
PLAYER_POSITIONS,3779,6/27/2026 10:12:47 AM,90eec047-676b-4d50-9684-e8707ca80941,2.0,,,,,,,,,,,,,,,,,,,,,,,,,,,,,,,,,,,"(-11.9, 1.0, 11.0)","(-11.8, 1.9, 10.9)","(-11.6, 1.0, 11.0)",
PLAYER_POSITIONS,3779,6/27/2026 10:12:47 AM,90eec047-676b-4d50-9684-e8707ca80941,2.0,,,,,,,,,,,,,,,,,,,,,,,,,,,,,,,,,,,"(-11.9, 1.0, 11.0)","(-11.8, 1.9, 10.9)","(-11.6, 1.0, 11.0)",
PLAYER_POSITIONS,4296,6/27/2026 10:12:48 AM,90eec047-676b-4d50-9684-e8707ca80941,2.0,,,,,,,,,,,,,,,,,,,,,,,,,,,,,,,,,,,"(-11.9, 1.0, 11.0)","(-11.7, 1.9, 11.0)","(-11.6, 1.0, 11.0)",
PLAYER_POSITIONS,4296,6/27/2026 10:12:48 AM,90eec047-676b-4d50-9684-e8707ca80941,2.0,,,,,,,,,,,,,,,,,,,,,,,,,,,,,,,,,,,"(-11.9, 1.0, 11.0)","(-11.7, 1.9, 11.0)","(-11.6, 1.0, 11.0)",
PLAYER_POSITIONS,4806,6/27/2026 10:12:48 AM,90eec047-676b-4d50-9684-e8707ca80941,2.0,,,,,,,,,,,,,,,,,,,,,,,,,,,,,,,,,,,"(-11.9, 1.0, 11.0)","(-11.6, 1.8, 10.9)","(-11.5, 1.0, 11.0)",
PLAYER_POSITIONS,4806,6/27/2026 10:12:48 AM,90eec047-676b-4d50-9684-e8707ca80941,2.0,,,,,,,,,,,,,,,,,,,,,,,,,,,,,,,,,,,"(-11.9, 1.0, 11.0)","(-11.6, 1.8, 10.9)","(-11.5, 1.0, 11.0)",
PLAYER_POSITIONS,5308,6/27/2026 10:12:49 AM,90eec047-676b-4d50-9684-e8707ca80941,2.0,,,,,,,,,,,,,,,,,,,,,,,,,,,,,,,,,,,"(-11.7, 1.0, 11.0)","(-11.5, 1.9, 10.9)","(-11.4, 1.0, 10.9)",
PLAYER_POSITIONS,5308,6/27/2026 10:12:49 AM,90eec047-676b-4d50-9684-e8707ca80941,2.0,,,,,,,,,,,,,,,,,,,,,,,,,,,,,,,,,,,"(-11.7, 1.0, 11.0)","(-11.5, 1.9, 10.9)","(-11.4, 1.0, 10.9)",
PLAYER_POSITIONS,5816,6/27/2026 10:12:49 AM,90eec047-676b-4d50-9684-e8707ca80941,2.0,,,,,,,,,,,,,,,,,,,,,,,,,,,,,,,,,,,"(-11.9, 1.0, 11.0)","(-11.7, 1.8, 11.0)","(-11.4, 1.0, 11.0)",
PLAYER_POSITIONS,5816,6/27/2026 10:12:49 AM,90eec047-676b-4d50-9684-e8707ca80941,2.0,,,,,,,,,,,,,,,,,,,,,,,,,,,,,,,,,,,"(-11.9, 1.0, 11.0)","(-11.7, 1.8, 11.0)","(-11.4, 1.0, 11.0)",
PLAYER_POSITIONS,6317,6/27/2026 10:12:50 AM,90eec047-676b-4d50-9684-e8707ca80941,2.0,,,,,,,,,,,,,,,,,,,,,,,,,,,,,,,,,,,"(-11.9, 1.0, 11.0)","(-11.7, 1.8, 11.0)","(-11.6, 1.0, 11.1)",
PLAYER_POSITIONS,6317,6/27/2026 10:12:50 AM,90eec047-676b-4d50-9684-e8707ca80941,2.0,,,,,,,,,,,,,,,,,,,,,,,,,,,,,,,,,,,"(-11.9, 1.0, 11.0)","(-11.7, 1.8, 11.0)","(-11.6, 1.0, 11.1)",
PLAYER_POSITIONS,6818,6/27/2026 10:12:50 AM,90eec047-676b-4d50-9684-e8707ca80941,2.0,,,,,,,,,,,,,,,,,,,,,,,,,,,,,,,,,,,"(-12.0, 1.0, 11.0)","(-11.8, 1.8, 11.0)","(-11.6, 1.0, 11.0)",
PLAYER_POSITIONS,6818,6/27/2026 10:12:50 AM,90eec047-676b-4d50-9684-e8707ca80941,2.0,,,,,,,,,,,,,,,,,,,,,,,,,,,,,,,,,,,"(-12.0, 1.0, 11.0)","(-11.8, 1.8, 11.0)","(-11.6, 1.0, 11.0)",
PLAYER_POSITIONS,7322,6/27/2026 10:12:51 AM,90eec047-676b-4d50-9684-e8707ca80941,2.0,,,,,,,,,,,,,,,,,,,,,,,,,,,,,,,,,,,"(-12.1, 1.0, 10.9)","(-11.9, 1.8, 11.0)","(-11.6, 1.0, 11.0)",
PLAYER_POSITIONS,7322,6/27/2026 10:12:51 AM,90eec047-676b-4d50-9684-e8707ca80941,2.0,,,,,,,,,,,,,,,,,,,,,,,,,,,,,,,,,,,"(-12.1, 1.0, 10.9)","(-11.9, 1.8, 11.0)","(-11.6, 1.0, 11.0)",
PLAYER_POSITIONS,7822,6/27/2026 10:12:51 AM,90eec047-676b-4d50-9684-e8707ca80941,2.0,,,,,,,,,,,,,,,,,,,,,,,,,,,,,,,,,,,"(-12.0, 0.9, 10.9)","(-11.8, 1.9, 11.0)","(-11.6, 1.0, 11.0)",
PLAYER_POSITIONS,7822,6/27/2026 10:12:51 AM,90eec047-676b-4d50-9684-e8707ca80941,2.0,,,,,,,,,,,,,,,,,,,,,,,,,,,,,,,,,,,"(-12.0, 0.9, 10.9)","(-11.8, 1.9, 11.0)","(-11.6, 1.0, 11.0)",
PLAYER_POSITIONS,8333,6/27/2026 10:12:52 AM,90eec047-676b-4d50-9684-e8707ca80941,2.0,,,,,,,,,,,,,,,,,,,,,,,,,,,,,,,,,,,"(-11.9, 1.0, 11.0)","(-11.7, 1.9, 11.0)","(-11.6, 1.0, 11.0)",
PLAYER_POSITIONS,8333,6/27/2026 10:12:52 AM,90eec047-676b-4d50-9684-e8707ca80941,2.0,,,,,,,,,,,,,,,,,,,,,,,,,,,,,,,,,,,"(-11.9, 1.0, 11.0)","(-11.7, 1.9, 11.0)","(-11.6, 1.0, 11.0)",
PLAYER_POSITIONS,8845,6/27/2026 10:12:52 AM,90eec047-676b-4d50-9684-e8707ca80941,2.0,,,,,,,,,,,,,,,,,,,,,,,,,,,,,,,,,,,"(-11.9, 1.0, 11.0)","(-11.7, 1.9, 11.0)","(-11.5, 1.0, 11.1)",
PLAYER_POSITIONS,8845,6/27/2026 10:12:52 AM,90eec047-676b-4d50-9684-e8707ca80941,2.0,,,,,,,,,,,,,,,,,,,,,,,,,,,,,,,,,,,"(-11.9, 1.0, 11.0)","(-11.7, 1.9, 11.0)","(-11.5, 1.0, 11.1)",
PLAYER_POSITIONS,9356,6/27/2026 10:12:53 AM,90eec047-676b-4d50-9684-e8707ca80941,2.0,,,,,,,,,,,,,,,,,,,,,,,,,,,,,,,,,,,"(-11.9, 1.0, 11.0)","(-11.7, 1.9, 11.0)","(-11.5, 1.0, 11.1)",
PLAYER_POSITIONS,9356,6/27/2026 10:12:53 AM,90eec047-676b-4d50-9684-e8707ca80941,2.0,,,,,,,,,,,,,,,,,,,,,,,,,,,,,,,,,,,"(-11.9, 1.0, 11.0)","(-11.7, 1.9, 11.0)","(-11.5, 1.0, 11.1)",
PLAYER_POSITIONS,9857,6/27/2026 10:12:53 AM,90eec047-676b-4d50-9684-e8707ca80941,2.0,,,,,,,,,,,,,,,,,,,,,,,,,,,,,,,,,,,"(-11.9, 1.0, 11.0)","(-11.8, 1.9, 11.0)","(-11.6, 1.0, 11.1)",
PLAYER_POSITIONS,9857,6/27/2026 10:12:53 AM,90eec047-676b-4d50-9684-e8707ca80941,2.0,,,,,,,,,,,,,,,,,,,,,,,,,,,,,,,,,,,"(-11.9, 1.0, 11.0)","(-11.8, 1.9, 11.0)","(-11.6, 1.0, 11.1)",
PLAYER_POSITIONS,10369,6/27/2026 10:12:54 AM,90eec047-676b-4d50-9684-e8707ca80941,2.0,,,,,,,,,,,,,,,,,,,,,,,,,,,,,,,,,,,"(-11.9, 1.0, 11.0)","(-11.8, 1.8, 10.9)","(-11.5, 1.0, 11.1)",
PLAYER_POSITIONS,10369,6/27/2026 10:12:54 AM,90eec047-676b-4d50-9684-e8707ca80941,2.0,,,,,,,,,,,,,,,,,,,,,,,,,,,,,,,,,,,"(-11.9, 1.0, 11.0)","(-11.8, 1.8, 10.9)","(-11.5, 1.0, 11.1)",
PLAYER_POSITIONS,10867,6/27/2026 10:12:54 AM,90eec047-676b-4d50-9684-e8707ca80941,2.0,,,,,,,,,,,,,,,,,,,,,,,,,,,,,,,,,,,"(-12.0, 1.1, 11.0)","(-11.7, 1.9, 11.0)","(-11.5, 1.0, 11.1)",
PLAYER_POSITIONS,10867,6/27/2026 10:12:54 AM,90eec047-676b-4d50-9684-e8707ca80941,2.0,,,,,,,,,,,,,,,,,,,,,,,,,,,,,,,,,,,"(-12.0, 1.1, 11.0)","(-11.7, 1.9, 11.0)","(-11.5, 1.0, 11.1)",
PLAYER_POSITIONS,11371,6/27/2026 10:12:55 AM,90eec047-676b-4d50-9684-e8707ca80941,2.0,,,,,,,,,,,,,,,,,,,,,,,,,,,,,,,,,,,"(-12.0, 1.4, 11.2)","(-11.7, 1.9, 10.9)","(-11.6, 1.4, 11.3)",
PLAYER_POSITIONS,11371,6/27/2026 10:12:55 AM,90eec047-676b-4d50-9684-e8707ca80941,2.0,,,,,,,,,,,,,,,,,,,,,,,,,,,,,,,,,,,"(-12.0, 1.4, 11.2)","(-11.7, 1.9, 10.9)","(-11.6, 1.4, 11.3)",
PLAYER_POSITIONS,11882,6/27/2026 10:12:55 AM,90eec047-676b-4d50-9684-e8707ca80941,2.0,,,,,,,,,,,,,,,,,,,,,,,,,,,,,,,,,,,"(-11.9, 1.3, 11.2)","(-11.6, 1.9, 11.0)","(-11.5, 1.4, 11.2)",
PLAYER_POSITIONS,11882,6/27/2026 10:12:55 AM,90eec047-676b-4d50-9684-e8707ca80941,2.0,,,,,,,,,,,,,,,,,,,,,,,,,,,,,,,,,,,"(-11.9, 1.3, 11.2)","(-11.6, 1.9, 11.0)","(-11.5, 1.4, 11.2)",
PLAYER_POSITIONS,12392,6/27/2026 10:12:56 AM,90eec047-676b-4d50-9684-e8707ca80941,2.0,,,,,,,,,,,,,,,,,,,,,,,,,,,,,,,,,,,"(-12.1, 1.0, 11.0)","(-11.8, 1.9, 11.0)","(-11.5, 0.9, 10.9)",
PLAYER_POSITIONS,12392,6/27/2026 10:12:56 AM,90eec047-676b-4d50-9684-e8707ca80941,2.0,,,,,,,,,,,,,,,,,,,,,,,,,,,,,,,,,,,"(-12.1, 1.0, 11.0)","(-11.8, 1.9, 11.0)","(-11.5, 0.9, 10.9)",
PLAYER_POSITIONS,12902,6/27/2026 10:12:57 AM,90eec047-676b-4d50-9684-e8707ca80941,2.0,,,,,,,,,,,,,,,,,,,,,,,,,,,,,,,,,,,"(-12.1, 1.0, 11.0)","(-11.9, 1.8, 10.9)","(-11.7, 1.0, 11.0)",
PLAYER_POSITIONS,12902,6/27/2026 10:12:57 AM,90eec047-676b-4d50-9684-e8707ca80941,2.0,,,,,,,,,,,,,,,,,,,,,,,,,,,,,,,,,,,"(-12.1, 1.0, 11.0)","(-11.9, 1.8, 10.9)","(-11.7, 1.0, 11.0)",
PLAYER_POSITIONS,13415,6/27/2026 10:12:57 AM,90eec047-676b-4d50-9684-e8707ca80941,2.0,,,,,,,,,,,,,,,,,,,,,,,,,,,,,,,,,,,"(-12.1, 0.9, 11.0)","(-11.9, 1.9, 10.9)","(-11.7, 1.0, 11.0)",
PLAYER_POSITIONS,13415,6/27/2026 10:12:57 AM,90eec047-676b-4d50-9684-e8707ca80941,2.0,,,,,,,,,,,,,,,,,,,,,,,,,,,,,,,,,,,"(-12.1, 0.9, 11.0)","(-11.9, 1.9, 10.9)","(-11.7, 1.0, 11.0)",
PLAYER_POSITIONS,13915,6/27/2026 10:12:58 AM,90eec047-676b-4d50-9684-e8707ca80941,2.0,,,,,,,,,,,,,,,,,,,,,,,,,,,,,,,,,,,"(-12.1, 0.9, 11.0)","(-11.9, 1.9, 10.9)","(-11.7, 1.0, 11.0)",
PLAYER_POSITIONS,13915,6/27/2026 10:12:58 AM,90eec047-676b-4d50-9684-e8707ca80941,2.0,,,,,,,,,,,,,,,,,,,,,,,,,,,,,,,,,,,"(-12.1, 0.9, 11.0)","(-11.9, 1.9, 10.9)","(-11.7, 1.0, 11.0)",
PLAYER_POSITIONS,14426,6/27/2026 10:12:58 AM,90eec047-676b-4d50-9684-e8707ca80941,2.0,,,,,,,,,,,,,,,,,,,,,,,,,,,,,,,,,,,"(-12.1, 0.9, 11.0)","(-11.9, 1.9, 10.9)","(-11.7, 1.0, 11.0)",
PLAYER_POSITIONS,14426,6/27/2026 10:12:58 AM,90eec047-676b-4d50-9684-e8707ca80941,2.0,,,,,,,,,,,,,,,,,,,,,,,,,,,,,,,,,,,"(-12.1, 0.9, 11.0)","(-11.9, 1.9, 10.9)","(-11.7, 1.0, 11.0)",
PLAYER_POSITIONS,14929,6/27/2026 10:12:59 AM,90eec047-676b-4d50-9684-e8707ca80941,2.0,,,,,,,,,,,,,,,,,,,,,,,,,,,,,,,,,,,"(-12.1, 0.9, 11.0)","(-11.9, 1.8, 10.9)","(-11.7, 1.0, 11.0)",
PLAYER_POSITIONS,14929,6/27/2026 10:12:59 AM,90eec047-676b-4d50-9684-e8707ca80941,2.0,,,,,,,,,,,,,,,,,,,,,,,,,,,,,,,,,,,"(-12.1, 0.9, 11.0)","(-11.9, 1.8, 10.9)","(-11.7, 1.0, 11.0)",
PLAYER_POSITIONS,15438,6/27/2026 10:12:59 AM,90eec047-676b-4d50-9684-e8707ca80941,2.0,,,,,,,,,,,,,,,,,,,,,,,,,,,,,,,,,,,"(-12.1, 0.9, 11.0)","(-11.9, 1.8, 10.9)","(-11.7, 1.0, 11.0)",
PLAYER_POSITIONS,15438,6/27/2026 10:12:59 AM,90eec047-676b-4d50-9684-e8707ca80941,2.0,,,,,,,,,,,,,,,,,,,,,,,,,,,,,,,,,,,"(-12.1, 0.9, 11.0)","(-11.9, 1.8, 10.9)","(-11.7, 1.0, 11.0)",
PLAYER_POSITIONS,15939,6/27/2026 10:13:00 AM,90eec047-676b-4d50-9684-e8707ca80941,2.0,,,,,,,,,,,,,,,,,,,,,,,,,,,,,,,,,,,"(-12.1, 0.9, 11.0)","(-11.9, 1.8, 10.9)","(-11.7, 1.0, 11.0)",
PLAYER_POSITIONS,15939,6/27/2026 10:13:00 AM,90eec047-676b-4d50-9684-e8707ca80941,2.0,,,,,,,,,,,,,,,,,,,,,,,,,,,,,,,,,,,"(-12.1, 0.9, 11.0)","(-11.9, 1.8, 10.9)","(-11.7, 1.0, 11.0)",
PLAYER_POSITIONS,16439,6/27/2026 10:13:00 AM,90eec047-676b-4d50-9684-e8707ca80941,2.0,,,,,,,,,,,,,,,,,,,,,,,,,,,,,,,,,,,"(-12.1, 0.9, 11.0)","(-11.9, 1.8, 10.9)","(-11.7, 1.0, 11.0)",
PLAYER_POSITIONS,16439,6/27/2026 10:13:00 AM,90eec047-676b-4d50-9684-e8707ca80941,2.0,,,,,,,,,,,,,,,,,,,,,,,,,,,,,,,,,,,"(-12.1, 0.9, 11.0)","(-11.9, 1.8, 10.9)","(-11.7, 1.0, 11.0)",
PLAYER_POSITIONS,16939,6/27/2026 10:13:01 AM,90eec047-676b-4d50-9684-e8707ca80941,2.0,,,,,,,,,,,,,,,,,,,,,,,,,,,,,,,,,,,"(-12.1, 0.9, 11.0)","(-11.9, 1.8, 10.9)","(-11.8, 1.0, 11.0)",
PLAYER_POSITIONS,16939,6/27/2026 10:13:01 AM,90eec047-676b-4d50-9684-e8707ca80941,2.0,,,,,,,,,,,,,,,,,,,,,,,,,,,,,,,,,,,"(-12.1, 0.9, 11.0)","(-11.9, 1.8, 10.9)","(-11.8, 1.0, 11.0)",
PLAYER_POSITIONS,17440,6/27/2026 10:13:01 AM,90eec047-676b-4d50-9684-e8707ca80941,2.0,,,,,,,,,,,,,,,,,,,,,,,,,,,,,,,,,,,"(-12.1, 0.9, 11.0)","(-11.9, 1.8, 10.9)","(-11.8, 1.0, 11.0)",
PLAYER_POSITIONS,17440,6/27/2026 10:13:01 AM,90eec047-676b-4d50-9684-e8707ca80941,2.0,,,,,,,,,,,,,,,,,,,,,,,,,,,,,,,,,,,"(-12.1, 0.9, 11.0)","(-11.9, 1.8, 10.9)","(-11.8, 1.0, 11.0)",
PLAYER_POSITIONS,17950,6/27/2026 10:13:02 AM,90eec047-676b-4d50-9684-e8707ca80941,2.0,,,,,,,,,,,,,,,,,,,,,,,,,,,,,,,,,,,"(-12.1, 0.9, 11.0)","(-11.9, 1.8, 10.9)","(-11.7, 1.0, 11.0)",
PLAYER_POSITIONS,17950,6/27/2026 10:13:02 AM,90eec047-676b-4d50-9684-e8707ca80941,2.0,,,,,,,,,,,,,,,,,,,,,,,,,,,,,,,,,,,"(-12.1, 0.9, 11.0)","(-11.9, 1.8, 10.9)","(-11.7, 1.0, 11.0)",
PLAYER_POSITIONS,18456,6/27/2026 10:13:02 AM,90eec047-676b-4d50-9684-e8707ca80941,2.0,,,,,,,,,,,,,,,,,,,,,,,,,,,,,,,,,,,"(-12.0, 0.9, 11.0)","(-11.8, 1.8, 10.9)","(-11.7, 1.0, 11.0)",
PLAYER_POSITIONS,18456,6/27/2026 10:13:02 AM,90eec047-676b-4d50-9684-e8707ca80941,2.0,,,,,,,,,,,,,,,,,,,,,,,,,,,,,,,,,,,"(-12.0, 0.9, 11.0)","(-11.8, 1.8, 10.9)","(-11.7, 1.0, 11.0)",
PLAYER_POSITIONS,18965,6/27/2026 10:13:03 AM,90eec047-676b-4d50-9684-e8707ca80941,2.0,,,,,,,,,,,,,,,,,,,,,,,,,,,,,,,,,,,"(-12.0, 0.9, 11.1)","(-11.8, 1.8, 10.9)","(-11.6, 1.0, 10.8)",
PLAYER_POSITIONS,18965,6/27/2026 10:13:03 AM,90eec047-676b-4d50-9684-e8707ca80941,2.0,,,,,,,,,,,,,,,,,,,,,,,,,,,,,,,,,,,"(-12.0, 0.9, 11.1)","(-11.8, 1.8, 10.9)","(-11.6, 1.0, 10.8)",
PLAYER_POSITIONS,19472,6/27/2026 10:13:03 AM,90eec047-676b-4d50-9684-e8707ca80941,2.0,,,,,,,,,,,,,,,,,,,,,,,,,,,,,,,,,,,"(-12.1, 0.9, 11.0)","(-11.9, 1.8, 10.9)","(-11.7, 1.0, 10.9)",
PLAYER_POSITIONS,19472,6/27/2026 10:13:03 AM,90eec047-676b-4d50-9684-e8707ca80941,2.0,,,,,,,,,,,,,,,,,,,,,,,,,,,,,,,,,,,"(-12.1, 0.9, 11.0)","(-11.9, 1.8, 10.9)","(-11.7, 1.0, 10.9)",
PLAYER_POSITIONS,19977,6/27/2026 10:13:04 AM,90eec047-676b-4d50-9684-e8707ca80941,2.0,,,,,,,,,,,,,,,,,,,,,,,,,,,,,,,,,,,"(-12.1, 0.9, 10.9)","(-11.9, 1.8, 10.9)","(-11.8, 1.0, 11.0)",
PLAYER_POSITIONS,19977,6/27/2026 10:13:04 AM,90eec047-676b-4d50-9684-e8707ca80941,2.0,,,,,,,,,,,,,,,,,,,,,,,,,,,,,,,,,,,"(-12.1, 0.9, 10.9)","(-11.9, 1.8, 10.9)","(-11.8, 1.0, 11.0)",
PLAYER_POSITIONS,20477,6/27/2026 10:13:04 AM,90eec047-676b-4d50-9684-e8707ca80941,2.0,,,,,,,,,,,,,,,,,,,,,,,,,,,,,,,,,,,"(-12.1, 0.9, 11.0)","(-11.9, 1.8, 10.9)","(-11.7, 1.0, 11.0)",
PLAYER_POSITIONS,20477,6/27/2026 10:13:04 AM,90eec047-676b-4d50-9684-e8707ca80941,2.0,,,,,,,,,,,,,,,,,,,,,,,,,,,,,,,,,,,"(-12.1, 0.9, 11.0)","(-11.9, 1.8, 10.9)","(-11.7, 1.0, 11.0)",
PLAYER_POSITIONS,20990,6/27/2026 10:13:05 AM,90eec047-676b-4d50-9684-e8707ca80941,2.0,,,,,,,,,,,,,,,,,,,,,,,,,,,,,,,,,,,"(-12.1, 0.9, 11.0)","(-11.9, 1.8, 10.9)","(-11.7, 1.0, 11.0)",
PLAYER_POSITIONS,20990,6/27/2026 10:13:05 AM,90eec047-676b-4d50-9684-e8707ca80941,2.0,,,,,,,,,,,,,,,,,,,,,,,,,,,,,,,,,,,"(-12.1, 0.9, 11.0)","(-11.9, 1.8, 10.9)","(-11.7, 1.0, 11.0)",
PLAYER_POSITIONS,21499,6/27/2026 10:13:05 AM,90eec047-676b-4d50-9684-e8707ca80941,2.0,,,,,,,,,,,,,,,,,,,,,,,,,,,,,,,,,,,"(-12.1, 0.9, 10.9)","(-11.9, 1.8, 10.9)","(-11.8, 1.0, 11.0)",
PLAYER_POSITIONS,21499,6/27/2026 10:13:05 AM,90eec047-676b-4d50-9684-e8707ca80941,2.0,,,,,,,,,,,,,,,,,,,,,,,,,,,,,,,,,,,"(-12.1, 0.9, 10.9)","(-11.9, 1.8, 10.9)","(-11.8, 1.0, 11.0)",
PLAYER_POSITIONS,22001,6/27/2026 10:13:06 AM,90eec047-676b-4d50-9684-e8707ca80941,2.0,,,,,,,,,,,,,,,,,,,,,,,,,,,,,,,,,,,"(-12.1, 0.9, 10.9)","(-11.9, 1.8, 10.9)","(-11.7, 1.0, 11.0)",
PLAYER_POSITIONS,22001,6/27/2026 10:13:06 AM,90eec047-676b-4d50-9684-e8707ca80941,2.0,,,,,,,,,,,,,,,,,,,,,,,,,,,,,,,,,,,"(-12.1, 0.9, 10.9)","(-11.9, 1.8, 10.9)","(-11.7, 1.0, 11.0)",
VOICE_CAPTURE,22322,6/27/2026 10:13:06 AM,90eec047-676b-4d50-9684-e8707ca80941,2.0,,,,,,,,,,,,,,,,,,,,,,,,,,,,,,,,,,,,,,,,,,,,,,,,,,,NA,Thank you.,
PLAYER_POSITIONS,22500,6/27/2026 10:13:06 AM,90eec047-676b-4d50-9684-e8707ca80941,2.0,,,,,,,,,,,,,,,,,,,,,,,,,,,,,,,,,,,"(-12.1, 0.9, 10.9)","(-11.9, 1.8, 10.9)","(-11.7, 1.0, 11.0)",
PLAYER_POSITIONS,22500,6/27/2026 10:13:06 AM,90eec047-676b-4d50-9684-e8707ca80941,2.0,,,,,,,,,,,,,,,,,,,,,,,,,,,,,,,,,,,"(-12.1, 0.9, 10.9)","(-11.9, 1.8, 10.9)","(-11.7, 1.0, 11.0)",
VOICE_CAPTURE,22834,6/27/2026 10:13:06 AM,90eec047-676b-4d50-9684-e8707ca80941,2.0,,,,,,,,,,,,,,,,,,,,,,,,,,,,,,,,,,,,,,,,,,,,,,,,,,,NA,Thank you.,
VOICE_CAPTURE,22834,6/27/2026 10:13:06 AM,90eec047-676b-4d50-9684-e8707ca80941,2.0,,,,,,,,,,,,,,,,,,,,,,,,,,,,,,,,,,,,,,,,,,,,,,,,,,,NA,Thank you.,
PLAYER_POSITIONS,23010,6/27/2026 10:13:07 AM,90eec047-676b-4d50-9684-e8707ca80941,2.0,,,,,,,,,,,,,,,,,,,,,,,,,,,,,,,,,,,"(-12.1, 0.9, 10.9)","(-11.9, 1.8, 10.9)","(-11.7, 1.0, 11.0)",
PLAYER_POSITIONS,23010,6/27/2026 10:13:07 AM,90eec047-676b-4d50-9684-e8707ca80941,2.0,,,,,,,,,,,,,,,,,,,,,,,,,,,,,,,,,,,"(-12.1, 0.9, 10.9)","(-11.9, 1.8, 10.9)","(-11.7, 1.0, 11.0)",
PLAYER_POSITIONS,23512,6/27/2026 10:13:07 AM,90eec047-676b-4d50-9684-e8707ca80941,2.0,,,,,,,,,,,,,,,,,,,,,,,,,,,,,,,,,,,"(-12.1, 0.9, 10.9)","(-11.9, 1.8, 10.9)","(-11.8, 1.0, 11.0)",
PLAYER_POSITIONS,23512,6/27/2026 10:13:07 AM,90eec047-676b-4d50-9684-e8707ca80941,2.0,,,,,,,,,,,,,,,,,,,,,,,,,,,,,,,,,,,"(-12.1, 0.9, 10.9)","(-11.9, 1.8, 10.9)","(-11.8, 1.0, 11.0)",
PLAYER_POSITIONS,24012,6/27/2026 10:13:08 AM,90eec047-676b-4d50-9684-e8707ca80941,2.0,,,,,,,,,,,,,,,,,,,,,,,,,,,,,,,,,,,"(-12.1, 0.9, 10.9)","(-11.9, 1.8, 10.9)","(-11.7, 1.0, 11.0)",
PLAYER_POSITIONS,24012,6/27/2026 10:13:08 AM,90eec047-676b-4d50-9684-e8707ca80941,2.0,,,,,,,,,,,,,,,,,,,,,,,,,,,,,,,,,,,"(-12.1, 0.9, 10.9)","(-11.9, 1.8, 10.9)","(-11.7, 1.0, 11.0)",
PLAYER_POSITIONS,24512,6/27/2026 10:13:08 AM,90eec047-676b-4d50-9684-e8707ca80941,2.0,,,,,,,,,,,,,,,,,,,,,,,,,,,,,,,,,,,"(-12.1, 1.4, 11.1)","(-11.8, 1.8, 10.9)","(-11.6, 1.4, 11.1)",
PLAYER_POSITIONS,24512,6/27/2026 10:13:08 AM,90eec047-676b-4d50-9684-e8707ca80941,2.0,,,,,,,,,,,,,,,,,,,,,,,,,,,,,,,,,,,"(-12.1, 1.4, 11.1)","(-11.8, 1.8, 10.9)","(-11.6, 1.4, 11.1)",
PLAYER_POSITIONS,25022,6/27/2026 10:13:09 AM,90eec047-676b-4d50-9684-e8707ca80941,2.0,,,,,,,,,,,,,,,,,,,,,,,,,,,,,,,,,,,"(-11.9, 1.9, 10.9)","(-11.7, 1.8, 10.9)","(-11.6, 2.0, 10.7)",
PLAYER_POSITIONS,25022,6/27/2026 10:13:09 AM,90eec047-676b-4d50-9684-e8707ca80941,2.0,,,,,,,,,,,,,,,,,,,,,,,,,,,,,,,,,,,"(-11.9, 1.9, 10.9)","(-11.7, 1.8, 10.9)","(-11.6, 2.0, 10.7)",
PLAYER_POSITIONS,25534,6/27/2026 10:13:09 AM,90eec047-676b-4d50-9684-e8707ca80941,2.0,,,,,,,,,,,,,,,,,,,,,,,,,,,,,,,,,,,"(-11.8, 1.9, 10.9)","(-11.6, 1.8, 10.9)","(-11.6, 1.9, 10.6)",
PLAYER_POSITIONS,25534,6/27/2026 10:13:09 AM,90eec047-676b-4d50-9684-e8707ca80941,2.0,,,,,,,,,,,,,,,,,,,,,,,,,,,,,,,,,,,"(-11.8, 1.9, 10.9)","(-11.6, 1.8, 10.9)","(-11.6, 1.9, 10.6)",
PLAYER_POSITIONS,26045,6/27/2026 10:13:10 AM,90eec047-676b-4d50-9684-e8707ca80941,2.0,,,,,,,,,,,,,,,,,,,,,,,,,,,,,,,,,,,"(-11.8, 1.9, 10.9)","(-11.7, 1.8, 10.9)","(-11.6, 1.9, 10.7)",
PLAYER_POSITIONS,26045,6/27/2026 10:13:10 AM,90eec047-676b-4d50-9684-e8707ca80941,2.0,,,,,,,,,,,,,,,,,,,,,,,,,,,,,,,,,,,"(-11.8, 1.9, 10.9)","(-11.7, 1.8, 10.9)","(-11.6, 1.9, 10.7)",
PLAYER_POSITIONS,26546,6/27/2026 10:13:10 AM,90eec047-676b-4d50-9684-e8707ca80941,2.0,,,,,,,,,,,,,,,,,,,,,,,,,,,,,,,,,,,"(-11.9, 1.9, 10.9)","(-11.7, 1.8, 11.0)","(-11.7, 1.9, 10.7)",
PLAYER_POSITIONS,26546,6/27/2026 10:13:10 AM,90eec047-676b-4d50-9684-e8707ca80941,2.0,,,,,,,,,,,,,,,,,,,,,,,,,,,,,,,,,,,"(-11.9, 1.9, 10.9)","(-11.7, 1.8, 11.0)","(-11.7, 1.9, 10.7)",
PLAYER_POSITIONS,27046,6/27/2026 10:13:11 AM,90eec047-676b-4d50-9684-e8707ca80941,2.0,,,,,,,,,,,,,,,,,,,,,,,,,,,,,,,,,,,"(-11.9, 1.8, 11.0)","(-11.7, 1.8, 10.9)","(-11.5, 2.1, 10.7)",
PLAYER_POSITIONS,27046,6/27/2026 10:13:11 AM,90eec047-676b-4d50-9684-e8707ca80941,2.0,,,,,,,,,,,,,,,,,,,,,,,,,,,,,,,,,,,"(-11.9, 1.8, 11.0)","(-11.7, 1.8, 10.9)","(-11.5, 2.1, 10.7)",
PLAYER_POSITIONS,27558,6/27/2026 10:13:11 AM,90eec047-676b-4d50-9684-e8707ca80941,2.0,,,,,,,,,,,,,,,,,,,,,,,,,,,,,,,,,,,"(-11.9, 1.0, 11.0)","(-11.6, 1.9, 10.9)","(-11.4, 1.1, 11.0)",
PLAYER_POSITIONS,27558,6/27/2026 10:13:11 AM,90eec047-676b-4d50-9684-e8707ca80941,2.0,,,,,,,,,,,,,,,,,,,,,,,,,,,,,,,,,,,"(-11.9, 1.0, 11.0)","(-11.6, 1.9, 10.9)","(-11.4, 1.1, 11.0)",
PLAYER_POSITIONS,28068,6/27/2026 10:13:12 AM,90eec047-676b-4d50-9684-e8707ca80941,2.0,,,,,,,,,,,,,,,,,,,,,,,,,,,,,,,,,,,"(-11.8, 1.0, 11.0)","(-11.6, 1.8, 11.0)","(-11.5, 1.0, 11.0)",
PLAYER_POSITIONS,28068,6/27/2026 10:13:12 AM,90eec047-676b-4d50-9684-e8707ca80941,2.0,,,,,,,,,,,,,,,,,,,,,,,,,,,,,,,,,,,"(-11.8, 1.0, 11.0)","(-11.6, 1.8, 11.0)","(-11.5, 1.0, 11.0)",
PLAYER_POSITIONS,28572,6/27/2026 10:13:12 AM,90eec047-676b-4d50-9684-e8707ca80941,2.0,,,,,,,,,,,,,,,,,,,,,,,,,,,,,,,,,,,"(-11.8, 1.0, 11.0)","(-11.6, 1.9, 10.9)","(-11.5, 1.0, 11.0)",
PLAYER_POSITIONS,28572,6/27/2026 10:13:12 AM,90eec047-676b-4d50-9684-e8707ca80941,2.0,,,,,,,,,,,,,,,,,,,,,,,,,,,,,,,,,,,"(-11.8, 1.0, 11.0)","(-11.6, 1.9, 10.9)","(-11.5, 1.0, 11.0)",
PLAYER_POSITIONS,29075,6/27/2026 10:13:13 AM,90eec047-676b-4d50-9684-e8707ca80941,2.0,,,,,,,,,,,,,,,,,,,,,,,,,,,,,,,,,,,"(-11.9, 1.0, 11.0)","(-11.6, 1.8, 10.8)","(-11.5, 1.0, 10.9)",
PLAYER_POSITIONS,29075,6/27/2026 10:13:13 AM,90eec047-676b-4d50-9684-e8707ca80941,2.0,,,,,,,,,,,,,,,,,,,,,,,,,,,,,,,,,,,"(-11.9, 1.0, 11.0)","(-11.6, 1.8, 10.8)","(-11.5, 1.0, 10.9)",
PLAYER_POSITIONS,29575,6/27/2026 10:13:13 AM,90eec047-676b-4d50-9684-e8707ca80941,2.0,,,,,,,,,,,,,,,,,,,,,,,,,,,,,,,,,,,"(-11.8, 1.2, 11.0)","(-11.7, 1.9, 10.9)","(-11.5, 1.0, 10.8)",
PLAYER_POSITIONS,29575,6/27/2026 10:13:13 AM,90eec047-676b-4d50-9684-e8707ca80941,2.0,,,,,,,,,,,,,,,,,,,,,,,,,,,,,,,,,,,"(-11.8, 1.2, 11.0)","(-11.7, 1.9, 10.9)","(-11.5, 1.0, 10.8)",
PLAYER_POSITIONS,30083,6/27/2026 10:13:14 AM,90eec047-676b-4d50-9684-e8707ca80941,2.0,,,,,,,,,,,,,,,,,,,,,,,,,,,,,,,,,,,"(-11.9, 1.0, 11.0)","(-11.7, 1.9, 10.9)","(-11.7, 1.1, 11.0)",
PLAYER_POSITIONS,30083,6/27/2026 10:13:14 AM,90eec047-676b-4d50-9684-e8707ca80941,2.0,,,,,,,,,,,,,,,,,,,,,,,,,,,,,,,,,,,"(-11.9, 1.0, 11.0)","(-11.7, 1.9, 10.9)","(-11.7, 1.1, 11.0)",
PLAYER_POSITIONS,30594,6/27/2026 10:13:14 AM,90eec047-676b-4d50-9684-e8707ca80941,2.0,,,,,,,,,,,,,,,,,,,,,,,,,,,,,,,,,,,"(-12.0, 1.0, 10.9)","(-11.7, 1.9, 11.0)","(-11.5, 1.0, 11.0)",
PLAYER_POSITIONS,30594,6/27/2026 10:13:14 AM,90eec047-676b-4d50-9684-e8707ca80941,2.0,,,,,,,,,,,,,,,,,,,,,,,,,,,,,,,,,,,"(-12.0, 1.0, 10.9)","(-11.7, 1.9, 11.0)","(-11.5, 1.0, 11.0)",
PLAYER_POSITIONS,31094,6/27/2026 10:13:15 AM,90eec047-676b-4d50-9684-e8707ca80941,2.0,,,,,,,,,,,,,,,,,,,,,,,,,,,,,,,,,,,"(-11.9, 1.0, 10.9)","(-11.7, 1.9, 11.0)","(-11.6, 1.0, 11.1)",
PLAYER_POSITIONS,31094,6/27/2026 10:13:15 AM,90eec047-676b-4d50-9684-e8707ca80941,2.0,,,,,,,,,,,,,,,,,,,,,,,,,,,,,,,,,,,"(-11.9, 1.0, 10.9)","(-11.7, 1.9, 11.0)","(-11.6, 1.0, 11.1)",
PLAYER_POSITIONS,31599,6/27/2026 10:13:15 AM,90eec047-676b-4d50-9684-e8707ca80941,2.0,,,,,,,,,,,,,,,,,,,,,,,,,,,,,,,,,,,"(-12.0, 1.0, 11.0)","(-11.9, 1.9, 11.0)","(-11.7, 1.0, 11.0)",
PLAYER_POSITIONS,31599,6/27/2026 10:13:15 AM,90eec047-676b-4d50-9684-e8707ca80941,2.0,,,,,,,,,,,,,,,,,,,,,,,,,,,,,,,,,,,"(-12.0, 1.0, 11.0)","(-11.9, 1.9, 11.0)","(-11.7, 1.0, 11.0)",
PLAYER_POSITIONS,32100,6/27/2026 10:13:16 AM,90eec047-676b-4d50-9684-e8707ca80941,2.0,,,,,,,,,,,,,,,,,,,,,,,,,,,,,,,,,,,"(-12.0, 1.0, 11.0)","(-11.9, 1.8, 10.9)","(-11.7, 1.1, 11.1)",
PLAYER_POSITIONS,32100,6/27/2026 10:13:16 AM,90eec047-676b-4d50-9684-e8707ca80941,2.0,,,,,,,,,,,,,,,,,,,,,,,,,,,,,,,,,,,"(-12.0, 1.0, 11.0)","(-11.9, 1.8, 10.9)","(-11.7, 1.1, 11.1)",
PLAYER_POSITIONS,32611,6/27/2026 10:13:16 AM,90eec047-676b-4d50-9684-e8707ca80941,2.0,,,,,,,,,,,,,,,,,,,,,,,,,,,,,,,,,,,"(-12.1, 1.0, 11.0)","(-11.9, 1.8, 10.9)","(-11.7, 1.0, 11.0)",
PLAYER_POSITIONS,32611,6/27/2026 10:13:16 AM,90eec047-676b-4d50-9684-e8707ca80941,2.0,,,,,,,,,,,,,,,,,,,,,,,,,,,,,,,,,,,"(-12.1, 1.0, 11.0)","(-11.9, 1.8, 10.9)","(-11.7, 1.0, 11.0)",
PLAYER_POSITIONS,33112,6/27/2026 10:13:17 AM,90eec047-676b-4d50-9684-e8707ca80941,2.0,,,,,,,,,,,,,,,,,,,,,,,,,,,,,,,,,,,"(-12.0, 1.0, 11.0)","(-11.9, 1.8, 10.9)","(-11.7, 1.0, 11.0)",
PLAYER_POSITIONS,33112,6/27/2026 10:13:17 AM,90eec047-676b-4d50-9684-e8707ca80941,2.0,,,,,,,,,,,,,,,,,,,,,,,,,,,,,,,,,,,"(-12.0, 1.0, 11.0)","(-11.9, 1.8, 10.9)","(-11.7, 1.0, 11.0)",
PLAYER_POSITIONS,33622,6/27/2026 10:13:17 AM,90eec047-676b-4d50-9684-e8707ca80941,2.0,,,,,,,,,,,,,,,,,,,,,,,,,,,,,,,,,,,"(-12.0, 1.0, 11.0)","(-11.9, 1.8, 10.9)","(-11.7, 1.0, 11.0)",
PLAYER_POSITIONS,33622,6/27/2026 10:13:17 AM,90eec047-676b-4d50-9684-e8707ca80941,2.0,,,,,,,,,,,,,,,,,,,,,,,,,,,,,,,,,,,"(-12.0, 1.0, 11.0)","(-11.9, 1.8, 10.9)","(-11.7, 1.0, 11.0)",
PLAYER_POSITIONS,34132,6/27/2026 10:13:18 AM,90eec047-676b-4d50-9684-e8707ca80941,2.0,,,,,,,,,,,,,,,,,,,,,,,,,,,,,,,,,,,"(-12.0, 1.0, 10.9)","(-11.9, 1.8, 10.9)","(-11.7, 1.0, 11.0)",
PLAYER_POSITIONS,34132,6/27/2026 10:13:18 AM,90eec047-676b-4d50-9684-e8707ca80941,2.0,,,,,,,,,,,,,,,,,,,,,,,,,,,,,,,,,,,"(-12.0, 1.0, 10.9)","(-11.9, 1.8, 10.9)","(-11.7, 1.0, 11.0)",
PLAYER_POSITIONS,34632,6/27/2026 10:13:18 AM,90eec047-676b-4d50-9684-e8707ca80941,2.0,,,,,,,,,,,,,,,,,,,,,,,,,,,,,,,,,,,"(-12.0, 1.0, 10.9)","(-11.9, 1.8, 10.9)","(-11.7, 1.0, 11.0)",
PLAYER_POSITIONS,34632,6/27/2026 10:13:18 AM,90eec047-676b-4d50-9684-e8707ca80941,2.0,,,,,,,,,,,,,,,,,,,,,,,,,,,,,,,,,,,"(-12.0, 1.0, 10.9)","(-11.9, 1.8, 10.9)","(-11.7, 1.0, 11.0)",
PLAYER_POSITIONS,35132,6/27/2026 10:13:19 AM,90eec047-676b-4d50-9684-e8707ca80941,2.0,,,,,,,,,,,,,,,,,,,,,,,,,,,,,,,,,,,"(-12.1, 1.0, 10.9)","(-11.9, 1.8, 10.9)","(-11.7, 1.0, 11.0)",
PLAYER_POSITIONS,35132,6/27/2026 10:13:19 AM,90eec047-676b-4d50-9684-e8707ca80941,2.0,,,,,,,,,,,,,,,,,,,,,,,,,,,,,,,,,,,"(-12.1, 1.0, 10.9)","(-11.9, 1.8, 10.9)","(-11.7, 1.0, 11.0)",
PLAYER_POSITIONS,35635,6/27/2026 10:13:19 AM,90eec047-676b-4d50-9684-e8707ca80941,2.0,,,,,,,,,,,,,,,,,,,,,,,,,,,,,,,,,,,"(-12.1, 0.9, 10.9)","(-11.9, 1.8, 10.9)","(-11.7, 1.0, 11.0)",
PLAYER_POSITIONS,35635,6/27/2026 10:13:19 AM,90eec047-676b-4d50-9684-e8707ca80941,2.0,,,,,,,,,,,,,,,,,,,,,,,,,,,,,,,,,,,"(-12.1, 0.9, 10.9)","(-11.9, 1.8, 10.9)","(-11.7, 1.0, 11.0)",
PLAYER_POSITIONS,36135,6/27/2026 10:13:20 AM,90eec047-676b-4d50-9684-e8707ca80941,2.0,,,,,,,,,,,,,,,,,,,,,,,,,,,,,,,,,,,"(-12.1, 0.9, 10.9)","(-11.9, 1.8, 10.9)","(-11.7, 1.0, 11.0)",
PLAYER_POSITIONS,36135,6/27/2026 10:13:20 AM,90eec047-676b-4d50-9684-e8707ca80941,2.0,,,,,,,,,,,,,,,,,,,,,,,,,,,,,,,,,,,"(-12.1, 0.9, 10.9)","(-11.9, 1.8, 10.9)","(-11.7, 1.0, 11.0)",
PLAYER_POSITIONS,36645,6/27/2026 10:13:20 AM,90eec047-676b-4d50-9684-e8707ca80941,2.0,,,,,,,,,,,,,,,,,,,,,,,,,,,,,,,,,,,"(-12.1, 0.9, 10.9)","(-11.9, 1.8, 10.9)","(-11.7, 1.0, 11.0)",
PLAYER_POSITIONS,36645,6/27/2026 10:13:20 AM,90eec047-676b-4d50-9684-e8707ca80941,2.0,,,,,,,,,,,,,,,,,,,,,,,,,,,,,,,,,,,"(-12.1, 0.9, 10.9)","(-11.9, 1.8, 10.9)","(-11.7, 1.0, 11.0)",
PLAYER_POSITIONS,37146,6/27/2026 10:13:21 AM,90eec047-676b-4d50-9684-e8707ca80941,2.0,,,,,,,,,,,,,,,,,,,,,,,,,,,,,,,,,,,"(-12.1, 0.9, 10.9)","(-11.9, 1.8, 10.9)","(-11.7, 1.0, 11.0)",
PLAYER_POSITIONS,37146,6/27/2026 10:13:21 AM,90eec047-676b-4d50-9684-e8707ca80941,2.0,,,,,,,,,,,,,,,,,,,,,,,,,,,,,,,,,,,"(-12.1, 0.9, 10.9)","(-11.9, 1.8, 10.9)","(-11.7, 1.0, 11.0)",
AUDIO_END,37634,6/27/2026 10:13:21 AM,90eec047-676b-4d50-9684-e8707ca80941,2.0,mission briefing,37.66857,
NARRATIVE_SECTION_END,37634,6/27/2026 10:13:21 AM,90eec047-676b-4d50-9684-e8707ca80941,2.0,,,,,,,,,,,,,,,,,,TCCC Trainer Intro,0,
NARRATIVE_SECTION_START,37643,6/27/2026 10:13:21 AM,90eec047-676b-4d50-9684-e8707ca80941,2.0,,,,,,,,,,,,,,,,,,Mission Briefing Room Fade,1,
PLAYER_POSITIONS,37648,6/27/2026 10:13:21 AM,90eec047-676b-4d50-9684-e8707ca80941,2.0,,,,,,,,,,,,,,,,,,,,,,,,,,,,,,,,,,,"(-12.1, 0.9, 10.9)","(-11.9, 1.8, 10.9)","(-11.7, 1.0, 11.0)",
PLAYER_POSITIONS,37648,6/27/2026 10:13:21 AM,90eec047-676b-4d50-9684-e8707ca80941,2.0,,,,,,,,,,,,,,,,,,,,,,,,,,,,,,,,,,,"(-12.1, 0.9, 10.9)","(-11.9, 1.8, 10.9)","(-11.7, 1.0, 11.0)",
PLAYER_POSITIONS,38157,6/27/2026 10:13:22 AM,90eec047-676b-4d50-9684-e8707ca80941,2.0,,,,,,,,,,,,,,,,,,,,,,,,,,,,,,,,,,,"(-12.1, 0.9, 10.9)","(-11.9, 1.8, 10.9)","(-11.7, 1.0, 11.0)",
PLAYER_POSITIONS,38157,6/27/2026 10:13:22 AM,90eec047-676b-4d50-9684-e8707ca80941,2.0,,,,,,,,,,,,,,,,,,,,,,,,,,,,,,,,,,,"(-12.1, 0.9, 10.9)","(-11.9, 1.8, 10.9)","(-11.7, 1.0, 11.0)",
PLAYER_POSITIONS,38666,6/27/2026 10:13:22 AM,90eec047-676b-4d50-9684-e8707ca80941,2.0,,,,,,,,,,,,,,,,,,,,,,,,,,,,,,,,,,,"(-12.1, 0.9, 10.9)","(-11.9, 1.8, 10.9)","(-11.7, 1.0, 11.0)",
PLAYER_POSITIONS,38666,6/27/2026 10:13:22 AM,90eec047-676b-4d50-9684-e8707ca80941,2.0,,,,,,,,,,,,,,,,,,,,,,,,,,,,,,,,,,,"(-12.1, 0.9, 10.9)","(-11.9, 1.8, 10.9)","(-11.7, 1.0, 11.0)",
PLAYER_POSITIONS,39167,6/27/2026 10:13:23 AM,90eec047-676b-4d50-9684-e8707ca80941,2.0,,,,,,,,,,,,,,,,,,,,,,,,,,,,,,,,,,,"(-12.1, 0.9, 10.9)","(-11.9, 1.8, 10.9)","(-11.7, 1.0, 11.0)",
PLAYER_POSITIONS,39167,6/27/2026 10:13:23 AM,90eec047-676b-4d50-9684-e8707ca80941,2.0,,,,,,,,,,,,,,,,,,,,,,,,,,,,,,,,,,,"(-12.1, 0.9, 10.9)","(-11.9, 1.8, 10.9)","(-11.7, 1.0, 11.0)",
NARRATIVE_SECTION_END,39655,6/27/2026 10:13:23 AM,90eec047-676b-4d50-9684-e8707ca80941,2.0,,,,,,,,,,,,,,,,,,Mission Briefing Room Fade,1,
NARRATIVE_SECTION_START,39674,6/27/2026 10:13:23 AM,90eec047-676b-4d50-9684-e8707ca80941,2.0,,,,,,,,,,,,,,,,,,Spawn In and alpha squad is hit,2,
AUDIO_START,39680,6/27/2026 10:13:23 AM,90eec047-676b-4d50-9684-e8707ca80941,2.0,alpha squad is hit,4.675919,
PLAYER_POSITIONS,39683,6/27/2026 10:13:23 AM,90eec047-676b-4d50-9684-e8707ca80941,2.0,,,,,,,,,,,,,,,,,,,,,,,,,,,,,,,,,,,"(-12.1, 0.9, 10.9)","(-11.9, 1.8, 10.9)","(-11.7, 1.0, 11.0)",
PLAYER_POSITIONS,39683,6/27/2026 10:13:23 AM,90eec047-676b-4d50-9684-e8707ca80941,2.0,,,,,,,,,,,,,,,,,,,,,,,,,,,,,,,,,,,"(-12.1, 0.9, 10.9)","(-11.9, 1.8, 10.9)","(-11.7, 1.0, 11.0)",
VOICE_CAPTURE,39847,6/27/2026 10:13:23 AM,90eec047-676b-4d50-9684-e8707ca80941,2.0,,,,,,,,,,,,,,,,,,,,,,,,,,,,,,,,,,,,,,,,,,,,,,,,,,,NA,Am I choosing one?,
PLAYER_POSITIONS,40189,6/27/2026 10:13:24 AM,90eec047-676b-4d50-9684-e8707ca80941,2.0,,,,,,,,,,,,,,,,,,,,,,,,,,,,,,,,,,,"(-12.1, 0.9, 10.9)","(-11.9, 1.8, 10.9)","(-11.7, 1.0, 11.0)",
PLAYER_POSITIONS,40189,6/27/2026 10:13:24 AM,90eec047-676b-4d50-9684-e8707ca80941,2.0,,,,,,,,,,,,,,,,,,,,,,,,,,,,,,,,,,,"(-12.1, 0.9, 10.9)","(-11.9, 1.8, 10.9)","(-11.7, 1.0, 11.0)",
VOICE_CAPTURE,40376,6/27/2026 10:13:24 AM,90eec047-676b-4d50-9684-e8707ca80941,2.0,,,,,,,,,,,,,,,,,,,,,,,,,,,,,,,,,,,,,,,,,,,,,,,,,,,NA,Am I choosing once again?,
PLAYER_POSITIONS,40700,6/27/2026 10:13:24 AM,90eec047-676b-4d50-9684-e8707ca80941,2.0,,,,,,,,,,,,,,,,,,,,,,,,,,,,,,,,,,,"(-12.0, 0.9, 10.9)","(-11.8, 1.8, 10.9)","(-11.7, 1.0, 11.0)",
PLAYER_POSITIONS,40700,6/27/2026 10:13:24 AM,90eec047-676b-4d50-9684-e8707ca80941,2.0,,,,,,,,,,,,,,,,,,,,,,,,,,,,,,,,,,,"(-12.0, 0.9, 10.9)","(-11.8, 1.8, 10.9)","(-11.7, 1.0, 11.0)",
VOICE_CAPTURE,40899,6/27/2026 10:13:24 AM,90eec047-676b-4d50-9684-e8707ca80941,2.0,,,,,,,,,,,,,,,,,,,,,,,,,,,,,,,,,,,,,,,,,,,,,,,,,,,NA,Am I choosing once again how many are you?,
PLAYER_POSITIONS,41200,6/27/2026 10:13:25 AM,90eec047-676b-4d50-9684-e8707ca80941,2.0,,,,,,,,,,,,,,,,,,,,,,,,,,,,,,,,,,,"(-11.6, 0.9, 11.1)","(-11.4, 1.8, 11.1)","(-11.3, 1.0, 11.2)",
PLAYER_POSITIONS,41200,6/27/2026 10:13:25 AM,90eec047-676b-4d50-9684-e8707ca80941,2.0,,,,,,,,,,,,,,,,,,,,,,,,,,,,,,,,,,,"(-11.6, 0.9, 11.1)","(-11.4, 1.8, 11.1)","(-11.3, 1.0, 11.2)",
VOICE_CAPTURE,41409,6/27/2026 10:13:25 AM,90eec047-676b-4d50-9684-e8707ca80941,2.0,,,,,,,,,,,,,,,,,,,,,,,,,,,,,,,,,,,,,,,,,,,,,,,,,,,NA,Am I choosing once again how many are you back?,
PLAYER_POSITIONS,41720,6/27/2026 10:13:25 AM,90eec047-676b-4d50-9684-e8707ca80941,2.0,,,,,,,,,,,,,,,,,,,,,,,,,,,,,,,,,,,"(-11.5, 0.9, 11.2)","(-11.4, 1.8, 11.2)","(-11.2, 1.0, 11.3)",
PLAYER_POSITIONS,41720,6/27/2026 10:13:25 AM,90eec047-676b-4d50-9684-e8707ca80941,2.0,,,,,,,,,,,,,,,,,,,,,,,,,,,,,,,,,,,"(-11.5, 0.9, 11.2)","(-11.4, 1.8, 11.2)","(-11.2, 1.0, 11.3)",
VOICE_CAPTURE,41910,6/27/2026 10:13:26 AM,90eec047-676b-4d50-9684-e8707ca80941,2.0,,,,,,,,,,,,,,,,,,,,,,,,,,,,,,,,,,,,,,,,,,,,,,,,,,,NA,Am I choosing once again how many I eat back?,
PLAYER_POSITIONS,42237,6/27/2026 10:13:26 AM,90eec047-676b-4d50-9684-e8707ca80941,2.0,,,,,,,,,,,,,,,,,,,,,,,,,,,,,,,,,,,"(-11.5, 1.0, 11.2)","(-11.3, 1.8, 11.2)","(-11.2, 1.0, 11.5)",
PLAYER_POSITIONS,42237,6/27/2026 10:13:26 AM,90eec047-676b-4d50-9684-e8707ca80941,2.0,,,,,,,,,,,,,,,,,,,,,,,,,,,,,,,,,,,"(-11.5, 1.0, 11.2)","(-11.3, 1.8, 11.2)","(-11.2, 1.0, 11.5)",
VOICE_CAPTURE,42369,6/27/2026 10:13:26 AM,90eec047-676b-4d50-9684-e8707ca80941,2.0,,,,,,,,,,,,,,,,,,,,,,,,,,,,,,,,,,,,,,,,,,,,,,,,,,,NA,Am I choosing once again how many I eat back? How many are you back?,
PLAYER_POSITIONS,42749,6/27/2026 10:13:26 AM,90eec047-676b-4d50-9684-e8707ca80941,2.0,,,,,,,,,,,,,,,,,,,,,,,,,,,,,,,,,,,"(-11.2, 1.0, 10.9)","(-11.3, 1.8, 11.1)","(-11.4, 1.0, 11.4)",
PLAYER_POSITIONS,42749,6/27/2026 10:13:26 AM,90eec047-676b-4d50-9684-e8707ca80941,2.0,,,,,,,,,,,,,,,,,,,,,,,,,,,,,,,,,,,"(-11.2, 1.0, 10.9)","(-11.3, 1.8, 11.1)","(-11.4, 1.0, 11.4)",
VOICE_CAPTURE,42937,6/27/2026 10:13:27 AM,90eec047-676b-4d50-9684-e8707ca80941,2.0,,,,,,,,,,,,,,,,,,,,,,,,,,,,,,,,,,,,,,,,,,,,,,,,,,,NA,Am I choosing once again how many I eat back? How many are you back? Or who to you back?,
PLAYER_POSITIONS,43291,6/27/2026 10:13:27 AM,90eec047-676b-4d50-9684-e8707ca80941,2.0,,,,,,,,,,,,,,,,,,,,,,,,,,,,,,,,,,,"(-11.2, 1.0, 11.1)","(-11.3, 1.9, 11.2)","(-11.5, 1.0, 11.2)",
PLAYER_POSITIONS,43291,6/27/2026 10:13:27 AM,90eec047-676b-4d50-9684-e8707ca80941,2.0,,,,,,,,,,,,,,,,,,,,,,,,,,,,,,,,,,,"(-11.2, 1.0, 11.1)","(-11.3, 1.9, 11.2)","(-11.5, 1.0, 11.2)",
VOICE_CAPTURE,43369,6/27/2026 10:13:27 AM,90eec047-676b-4d50-9684-e8707ca80941,2.0,,,,,,,,,,,,,,,,,,,,,,,,,,,,,,,,,,,,,,,,,,,,,,,,,,,NA,Am I choosing once again how many I eat back? How many are you back? Or who to you back?,
VOICE_CAPTURE,43369,6/27/2026 10:13:27 AM,90eec047-676b-4d50-9684-e8707ca80941,2.0,,,,,,,,,,,,,,,,,,,,,,,,,,,,,,,,,,,,,,,,,,,,,,,,,,,NA,Am I choosing once again how many I eat back? How many are you back? Or who to you back?,
PLAYER_POSITIONS,43864,6/27/2026 10:13:27 AM,90eec047-676b-4d50-9684-e8707ca80941,2.0,,,,,,,,,,,,,,,,,,,,,,,,,,,,,,,,,,,"(-11.4, 1.0, 11.1)","(-11.5, 1.8, 11.2)","(-11.6, 0.9, 11.4)",
PLAYER_POSITIONS,43864,6/27/2026 10:13:27 AM,90eec047-676b-4d50-9684-e8707ca80941,2.0,,,,,,,,,,,,,,,,,,,,,,,,,,,,,,,,,,,"(-11.4, 1.0, 11.1)","(-11.5, 1.8, 11.2)","(-11.6, 0.9, 11.4)",
AUDIO_END,44375,6/27/2026 10:13:28 AM,90eec047-676b-4d50-9684-e8707ca80941,2.0,alpha squad is hit,4.675919,
NARRATIVE_SECTION_END,44375,6/27/2026 10:13:28 AM,90eec047-676b-4d50-9684-e8707ca80941,2.0,,,,,,,,,,,,,,,,,,Spawn In and alpha squad is hit,2,
PLAYER_POSITIONS,44375,6/27/2026 10:13:28 AM,90eec047-676b-4d50-9684-e8707ca80941,2.0,,,,,,,,,,,,,,,,,,,,,,,,,,,,,,,,,,,"(-11.5, 1.0, 10.7)","(-11.6, 1.9, 10.9)","(-11.7, 1.0, 11.0)",
PLAYER_POSITIONS,44375,6/27/2026 10:13:28 AM,90eec047-676b-4d50-9684-e8707ca80941,2.0,,,,,,,,,,,,,,,,,,,,,,,,,,,,,,,,,,,"(-11.5, 1.0, 10.7)","(-11.6, 1.9, 10.9)","(-11.7, 1.0, 11.0)",
NARRATIVE_SECTION_START,44468,6/27/2026 10:13:28 AM,90eec047-676b-4d50-9684-e8707ca80941,2.0,,,,,,,,,,,,,,,,,,Start Evac Timer,3,
PLAYER_POSITIONS,44902,6/27/2026 10:13:29 AM,90eec047-676b-4d50-9684-e8707ca80941,2.0,,,,,,,,,,,,,,,,,,,,,,,,,,,,,,,,,,,"(-11.5, 1.0, 10.4)","(-11.7, 1.8, 10.6)","(-11.8, 1.0, 10.6)",
PLAYER_POSITIONS,44902,6/27/2026 10:13:29 AM,90eec047-676b-4d50-9684-e8707ca80941,2.0,,,,,,,,,,,,,,,,,,,,,,,,,,,,,,,,,,,"(-11.5, 1.0, 10.4)","(-11.7, 1.8, 10.6)","(-11.8, 1.0, 10.6)",
VOICE_CAPTURE,44953,6/27/2026 10:13:29 AM,90eec047-676b-4d50-9684-e8707ca80941,2.0,,,,,,,,,,,,,,,,,,,,,,,,,,,,,,,,,,,,,,,,,,,,,,,,,,,NA,Do I know the...,
VOICE_CAPTURE,45315,6/27/2026 10:13:29 AM,90eec047-676b-4d50-9684-e8707ca80941,2.0,,,,,,,,,,,,,,,,,,,,,,,,,,,,,,,,,,,,,,,,,,,,,,,,,,,NA,Do I know that number?,
PLAYER_POSITIONS,45403,6/27/2026 10:13:29 AM,90eec047-676b-4d50-9684-e8707ca80941,2.0,,,,,,,,,,,,,,,,,,,,,,,,,,,,,,,,,,,"(-11.9, 1.0, 10.3)","(-12.0, 1.8, 10.7)","(-12.1, 1.0, 10.7)",
PLAYER_POSITIONS,45403,6/27/2026 10:13:29 AM,90eec047-676b-4d50-9684-e8707ca80941,2.0,,,,,,,,,,,,,,,,,,,,,,,,,,,,,,,,,,,"(-11.9, 1.0, 10.3)","(-12.0, 1.8, 10.7)","(-12.1, 1.0, 10.7)",
NARRATIVE_SECTION_END,45449,6/27/2026 10:13:29 AM,90eec047-676b-4d50-9684-e8707ca80941,2.0,,,,,,,,,,,,,,,,,,Start Evac Timer,3,
EVAC_RADIO_ALERT,45469,6/27/2026 10:13:29 AM,90eec047-676b-4d50-9684-e8707ca80941,2.0,,,,,,,,1,
AUDIO_START,45474,6/27/2026 10:13:29 AM,90eec047-676b-4d50-9684-e8707ca80941,2.0,evac in 10 minutes,4.127347,
NARRATIVE_SECTION_START,45488,6/27/2026 10:13:29 AM,90eec047-676b-4d50-9684-e8707ca80941,2.0,,,,,,,,,,,,,,,,,,Echo 5 taking fire,4,
VOICE_CAPTURE,45855,6/27/2026 10:13:29 AM,90eec047-676b-4d50-9684-e8707ca80941,2.0,,,,,,,,,,,,,,,,,,,,,,,,,,,,,,,,,,,,,,,,,,,,,,,,,,,NA,Do I know that number yet now?,
PLAYER_POSITIONS,45922,6/27/2026 10:13:30 AM,90eec047-676b-4d50-9684-e8707ca80941,2.0,,,,,,,,,,,,,,,,,,,,,,,,,,,,,,,,,,,"(-12.1, 1.0, 10.2)","(-12.0, 1.8, 10.6)","(-12.0, 0.9, 10.7)",
PLAYER_POSITIONS,45922,6/27/2026 10:13:30 AM,90eec047-676b-4d50-9684-e8707ca80941,2.0,,,,,,,,,,,,,,,,,,,,,,,,,,,,,,,,,,,"(-12.1, 1.0, 10.2)","(-12.0, 1.8, 10.6)","(-12.0, 0.9, 10.7)",
VOICE_CAPTURE,46310,6/27/2026 10:13:30 AM,90eec047-676b-4d50-9684-e8707ca80941,2.0,,,,,,,,,,,,,,,,,,,,,,,,,,,,,,,,,,,,,,,,,,,,,,,,,,,NA,Do I know that number yet now?,
VOICE_CAPTURE,46310,6/27/2026 10:13:30 AM,90eec047-676b-4d50-9684-e8707ca80941,2.0,,,,,,,,,,,,,,,,,,,,,,,,,,,,,,,,,,,,,,,,,,,,,,,,,,,NA,Do I know that number yet now?,
PLAYER_POSITIONS,46423,6/27/2026 10:13:30 AM,90eec047-676b-4d50-9684-e8707ca80941,2.0,,,,,,,,,,,,,,,,,,,,,,,,,,,,,,,,,,,"(-12.2, 1.0, 10.0)","(-12.1, 1.8, 10.3)","(-12.1, 1.0, 10.4)",
PLAYER_POSITIONS,46423,6/27/2026 10:13:30 AM,90eec047-676b-4d50-9684-e8707ca80941,2.0,,,,,,,,,,,,,,,,,,,,,,,,,,,,,,,,,,,"(-12.2, 1.0, 10.0)","(-12.1, 1.8, 10.3)","(-12.1, 1.0, 10.4)",
PLAYER_POSITIONS,46944,6/27/2026 10:13:31 AM,90eec047-676b-4d50-9684-e8707ca80941,2.0,,,,,,,,,,,,,,,,,,,,,,,,,,,,,,,,,,,"(-12.1, 1.0, 9.8)","(-12.0, 1.8, 10.1)","(-12.1, 1.0, 10.2)",
PLAYER_POSITIONS,46944,6/27/2026 10:13:31 AM,90eec047-676b-4d50-9684-e8707ca80941,2.0,,,,,,,,,,,,,,,,,,,,,,,,,,,,,,,,,,,"(-12.1, 1.0, 9.8)","(-12.0, 1.8, 10.1)","(-12.1, 1.0, 10.2)",
VOICE_CAPTURE,47371,6/27/2026 10:13:31 AM,90eec047-676b-4d50-9684-e8707ca80941,2.0,,,,,,,,,,,,,,,,,,,,,,,,,,,,,,,,,,,,,,,,,,,,,,,,,,,NA,you now.,
PLAYER_POSITIONS,47460,6/27/2026 10:13:31 AM,90eec047-676b-4d50-9684-e8707ca80941,2.0,,,,,,,,,,,,,,,,,,,,,,,,,,,,,,,,,,,"(-12.0, 1.0, 10.0)","(-11.8, 1.8, 10.3)","(-11.8, 1.0, 10.4)",
PLAYER_POSITIONS,47460,6/27/2026 10:13:31 AM,90eec047-676b-4d50-9684-e8707ca80941,2.0,,,,,,,,,,,,,,,,,,,,,,,,,,,,,,,,,,,"(-12.0, 1.0, 10.0)","(-11.8, 1.8, 10.3)","(-11.8, 1.0, 10.4)",
VOICE_CAPTURE,47917,6/27/2026 10:13:32 AM,90eec047-676b-4d50-9684-e8707ca80941,2.0,,,,,,,,,,,,,,,,,,,,,,,,,,,,,,,,,,,,,,,,,,,,,,,,,,,NA,you now.,
VOICE_CAPTURE,47917,6/27/2026 10:13:32 AM,90eec047-676b-4d50-9684-e8707ca80941,2.0,,,,,,,,,,,,,,,,,,,,,,,,,,,,,,,,,,,,,,,,,,,,,,,,,,,NA,you now.,
PLAYER_POSITIONS,47979,6/27/2026 10:13:32 AM,90eec047-676b-4d50-9684-e8707ca80941,2.0,,,,,,,,,,,,,,,,,,,,,,,,,,,,,,,,,,,"(-11.9, 1.0, 10.0)","(-11.8, 1.8, 10.1)","(-11.8, 1.0, 10.4)",
PLAYER_POSITIONS,47979,6/27/2026 10:13:32 AM,90eec047-676b-4d50-9684-e8707ca80941,2.0,,,,,,,,,,,,,,,,,,,,,,,,,,,,,,,,,,,"(-11.9, 1.0, 10.0)","(-11.8, 1.8, 10.1)","(-11.8, 1.0, 10.4)",
PLAYER_POSITIONS,48501,6/27/2026 10:13:32 AM,90eec047-676b-4d50-9684-e8707ca80941,2.0,,,,,,,,,,,,,,,,,,,,,,,,,,,,,,,,,,,"(-11.3, 1.1, 9.9)","(-11.3, 1.8, 10.0)","(-11.6, 0.9, 10.2)",
PLAYER_POSITIONS,48501,6/27/2026 10:13:32 AM,90eec047-676b-4d50-9684-e8707ca80941,2.0,,,,,,,,,,,,,,,,,,,,,,,,,,,,,,,,,,,"(-11.3, 1.1, 9.9)","(-11.3, 1.8, 10.0)","(-11.6, 0.9, 10.2)",
VOICE_CAPTURE,48866,6/27/2026 10:13:32 AM,90eec047-676b-4d50-9684-e8707ca80941,2.0,,,,,,,,,,,,,,,,,,,,,,,,,,,,,,,,,,,,,,,,,,,,,,,,,,,NA,now?,
PLAYER_POSITIONS,49013,6/27/2026 10:13:33 AM,90eec047-676b-4d50-9684-e8707ca80941,2.0,,,,,,,,,,,,,,,,,,,,,,,,,,,,,,,,,,,"(-10.8, 1.0, 9.3)","(-11.1, 1.9, 9.3)","(-11.2, 1.1, 9.2)",
PLAYER_POSITIONS,49013,6/27/2026 10:13:33 AM,90eec047-676b-4d50-9684-e8707ca80941,2.0,,,,,,,,,,,,,,,,,,,,,,,,,,,,,,,,,,,"(-10.8, 1.0, 9.3)","(-11.1, 1.9, 9.3)","(-11.2, 1.1, 9.2)",
VOICE_CAPTURE,49372,6/27/2026 10:13:33 AM,90eec047-676b-4d50-9684-e8707ca80941,2.0,,,,,,,,,,,,,,,,,,,,,,,,,,,,,,,,,,,,,,,,,,,,,,,,,,,NA,now?,
PLAYER_POSITIONS,49520,6/27/2026 10:13:33 AM,90eec047-676b-4d50-9684-e8707ca80941,2.0,,,,,,,,,,,,,,,,,,,,,,,,,,,,,,,,,,,"(-10.9, 1.1, 8.8)","(-11.2, 1.9, 8.8)","(-11.2, 1.0, 8.8)",
PLAYER_GAZE,49520,6/27/2026 10:13:33 AM,90eec047-676b-4d50-9684-e8707ca80941,2.0,,,,,,,,,,,,,,,,,,,,,,,,Military PT 6,,,,,,,,,"(-2.1, 1.9, 4.2)",,,"(-9.1, 0.0, 4.6)",
PLAYER_POSITIONS,49520,6/27/2026 10:13:33 AM,90eec047-676b-4d50-9684-e8707ca80941,2.0,,,,,,,,,,,,,,,,,,,,,,,,,,,,,,,,,,,"(-10.9, 1.1, 8.8)","(-11.2, 1.9, 8.8)","(-11.2, 1.0, 8.8)",
PLAYER_GAZE,49520,6/27/2026 10:13:33 AM,90eec047-676b-4d50-9684-e8707ca80941,2.0,,,,,,,,,,,,,,,,,,,,,,,,Military PT 6,,,,,,,,,"(-2.1, 1.9, 4.2)",,,"(-9.1, 0.0, 4.6)",
AUDIO_END,49650,6/27/2026 10:13:33 AM,90eec047-676b-4d50-9684-e8707ca80941,2.0,evac in 10 minutes,4.127347,
VOICE_CAPTURE,49882,6/27/2026 10:13:33 AM,90eec047-676b-4d50-9684-e8707ca80941,2.0,,,,,,,,,,,,,,,,,,,,,,,,,,,,,,,,,,,,,,,,,,,,,,,,,,,NA,now? Okay.,
PLAYER_POSITIONS,50080,6/27/2026 10:13:34 AM,90eec047-676b-4d50-9684-e8707ca80941,2.0,,,,,,,,,,,,,,,,,,,,,,,,,,,,,,,,,,,"(-10.9, 1.0, 8.2)","(-11.1, 1.9, 8.2)","(-11.2, 1.0, 8.0)",
PLAYER_POSITIONS,50080,6/27/2026 10:13:34 AM,90eec047-676b-4d50-9684-e8707ca80941,2.0,,,,,,,,,,,,,,,,,,,,,,,,,,,,,,,,,,,"(-10.9, 1.0, 8.2)","(-11.1, 1.9, 8.2)","(-11.2, 1.0, 8.0)",
VOICE_CAPTURE,50388,6/27/2026 10:13:34 AM,90eec047-676b-4d50-9684-e8707ca80941,2.0,,,,,,,,,,,,,,,,,,,,,,,,,,,,,,,,,,,,,,,,,,,,,,,,,,,NA,now? Okay.,
VOICE_CAPTURE,50388,6/27/2026 10:13:34 AM,90eec047-676b-4d50-9684-e8707ca80941,2.0,,,,,,,,,,,,,,,,,,,,,,,,,,,,,,,,,,,,,,,,,,,,,,,,,,,NA,now? Okay.,
PLAYER_POSITIONS,50582,6/27/2026 10:13:34 AM,90eec047-676b-4d50-9684-e8707ca80941,2.0,,,,,,,,,,,,,,,,,,,,,,,,,,,,,,,,,,,"(-11.0, 1.0, 7.8)","(-11.2, 1.8, 7.9)","(-11.4, 1.0, 7.8)",
PLAYER_GAZE,50582,6/27/2026 10:13:34 AM,90eec047-676b-4d50-9684-e8707ca80941,2.0,,,,,,,,,,,,,,,,,,,,,,,,Military PT 13,,,,,,,,,"(4.0, 1.8, 2.9)",,,"(-15.2, 0.0, 5.0)",
PLAYER_POSITIONS,50582,6/27/2026 10:13:34 AM,90eec047-676b-4d50-9684-e8707ca80941,2.0,,,,,,,,,,,,,,,,,,,,,,,,,,,,,,,,,,,"(-11.0, 1.0, 7.8)","(-11.2, 1.8, 7.9)","(-11.4, 1.0, 7.8)",
PLAYER_GAZE,50582,6/27/2026 10:13:34 AM,90eec047-676b-4d50-9684-e8707ca80941,2.0,,,,,,,,,,,,,,,,,,,,,,,,Military PT 13,,,,,,,,,"(4.0, 1.8, 2.9)",,,"(-15.2, 0.0, 5.0)",
PLAYER_POSITIONS,51111,6/27/2026 10:13:35 AM,90eec047-676b-4d50-9684-e8707ca80941,2.0,,,,,,,,,,,,,,,,,,,,,,,,,,,,,,,,,,,"(-11.4, 1.0, 7.2)","(-11.6, 1.8, 7.4)","(-11.8, 1.0, 7.5)",
PLAYER_GAZE,51111,6/27/2026 10:13:35 AM,90eec047-676b-4d50-9684-e8707ca80941,2.0,,,,,,,,,,,,,,,,,,,,,,,,Military PT 13,,,,,,,,,"(3.6, 1.8, 2.4)",,,"(-15.2, 0.0, 5.0)",
PLAYER_POSITIONS,51111,6/27/2026 10:13:35 AM,90eec047-676b-4d50-9684-e8707ca80941,2.0,,,,,,,,,,,,,,,,,,,,,,,,,,,,,,,,,,,"(-11.4, 1.0, 7.2)","(-11.6, 1.8, 7.4)","(-11.8, 1.0, 7.5)",
PLAYER_GAZE,51111,6/27/2026 10:13:35 AM,90eec047-676b-4d50-9684-e8707ca80941,2.0,,,,,,,,,,,,,,,,,,,,,,,,Military PT 13,,,,,,,,,"(3.6, 1.8, 2.4)",,,"(-15.2, 0.0, 5.0)",
VOICE_CAPTURE,51380,6/27/2026 10:13:35 AM,90eec047-676b-4d50-9684-e8707ca80941,2.0,,,,,,,,,,,,,,,,,,,,,,,,,,,,,,,,,,,,,,,,,,,,,,,,,,,NA,Okay.,
PLAYER_POSITIONS,51644,6/27/2026 10:13:35 AM,90eec047-676b-4d50-9684-e8707ca80941,2.0,,,,,,,,,,,,,,,,,,,,,,,,,,,,,,,,,,,"(-11.3, 1.0, 6.7)","(-11.4, 1.8, 6.8)","(-11.6, 1.1, 6.9)",
PLAYER_POSITIONS,51644,6/27/2026 10:13:35 AM,90eec047-676b-4d50-9684-e8707ca80941,2.0,,,,,,,,,,,,,,,,,,,,,,,,,,,,,,,,,,,"(-11.3, 1.0, 6.7)","(-11.4, 1.8, 6.8)","(-11.6, 1.1, 6.9)",
VOICE_CAPTURE,51866,6/27/2026 10:13:35 AM,90eec047-676b-4d50-9684-e8707ca80941,2.0,,,,,,,,,,,,,,,,,,,,,,,,,,,,,,,,,,,,,,,,,,,,,,,,,,,NA,Okay.,
PLAYER_POSITIONS,52180,6/27/2026 10:13:36 AM,90eec047-676b-4d50-9684-e8707ca80941,2.0,,,,,,,,,,,,,,,,,,,,,,,,,,,,,,,,,,,"(-11.2, 1.1, 6.2)","(-11.3, 1.8, 6.4)","(-11.5, 1.0, 6.2)",
PLAYER_POSITIONS,52180,6/27/2026 10:13:36 AM,90eec047-676b-4d50-9684-e8707ca80941,2.0,,,,,,,,,,,,,,,,,,,,,,,,,,,,,,,,,,,"(-11.2, 1.1, 6.2)","(-11.3, 1.8, 6.4)","(-11.5, 1.0, 6.2)",
VOICE_CAPTURE,52310,6/27/2026 10:13:36 AM,90eec047-676b-4d50-9684-e8707ca80941,2.0,,,,,,,,,,,,,,,,,,,,,,,,,,,,,,,,,,,,,,,,,,,,,,,,,,,NA,Okay. Okay.,
PLAYER_POSITIONS,52694,6/27/2026 10:13:36 AM,90eec047-676b-4d50-9684-e8707ca80941,2.0,,,,,,,,,,,,,,,,,,,,,,,,,,,,,,,,,,,"(-11.0, 1.0, 6.2)","(-11.3, 1.8, 6.0)","(-11.2, 1.2, 5.8)",
PLAYER_GAZE,52695,6/27/2026 10:13:36 AM,90eec047-676b-4d50-9684-e8707ca80941,2.0,,,,,,,,,,,,,,,,,,,,,,,,Military PT 6,,,,,,,,,"(-2.2, 1.8, 1.4)",,,"(-9.1, 0.0, 4.6)",
PLAYER_POSITIONS,52694,6/27/2026 10:13:36 AM,90eec047-676b-4d50-9684-e8707ca80941,2.0,,,,,,,,,,,,,,,,,,,,,,,,,,,,,,,,,,,"(-11.0, 1.0, 6.2)","(-11.3, 1.8, 6.0)","(-11.2, 1.2, 5.8)",
PLAYER_GAZE,52695,6/27/2026 10:13:36 AM,90eec047-676b-4d50-9684-e8707ca80941,2.0,,,,,,,,,,,,,,,,,,,,,,,,Military PT 6,,,,,,,,,"(-2.2, 1.8, 1.4)",,,"(-9.1, 0.0, 4.6)",
VOICE_CAPTURE,52853,6/27/2026 10:13:36 AM,90eec047-676b-4d50-9684-e8707ca80941,2.0,,,,,,,,,,,,,,,,,,,,,,,,,,,,,,,,,,,,,,,,,,,,,,,,,,,NA,Okay. Okay.,
VOICE_CAPTURE,52853,6/27/2026 10:13:36 AM,90eec047-676b-4d50-9684-e8707ca80941,2.0,,,,,,,,,,,,,,,,,,,,,,,,,,,,,,,,,,,,,,,,,,,,,,,,,,,NA,Okay. Okay.,
PLAYER_POSITIONS,53200,6/27/2026 10:13:37 AM,90eec047-676b-4d50-9684-e8707ca80941,2.0,,,,,,,,,,,,,,,,,,,,,,,,,,,,,,,,,,,"(-10.6, 1.1, 5.9)","(-10.8, 1.9, 5.9)","(-10.9, 0.9, 5.8)",
PLAYER_POSITIONS,53200,6/27/2026 10:13:37 AM,90eec047-676b-4d50-9684-e8707ca80941,2.0,,,,,,,,,,,,,,,,,,,,,,,,,,,,,,,,,,,"(-10.6, 1.1, 5.9)","(-10.8, 1.9, 5.9)","(-10.9, 0.9, 5.8)",
PLAYER_POSITIONS,53738,6/27/2026 10:13:37 AM,90eec047-676b-4d50-9684-e8707ca80941,2.0,,,,,,,,,,,,,,,,,,,,,,,,,,,,,,,,,,,"(-10.6, 1.0, 5.8)","(-10.9, 1.9, 5.9)","(-10.8, 1.3, 5.5)",
PLAYER_POSITIONS,53738,6/27/2026 10:13:37 AM,90eec047-676b-4d50-9684-e8707ca80941,2.0,,,,,,,,,,,,,,,,,,,,,,,,,,,,,,,,,,,"(-10.6, 1.0, 5.8)","(-10.9, 1.9, 5.9)","(-10.8, 1.3, 5.5)",
PLAYER_POSITIONS,54281,6/27/2026 10:13:38 AM,90eec047-676b-4d50-9684-e8707ca80941,2.0,,,,,,,,,,,,,,,,,,,,,,,,,,,,,,,,,,,"(-10.6, 1.0, 5.8)","(-10.8, 1.9, 5.8)","(-10.5, 1.6, 5.5)",
PLAYER_POSITIONS,54281,6/27/2026 10:13:38 AM,90eec047-676b-4d50-9684-e8707ca80941,2.0,,,,,,,,,,,,,,,,,,,,,,,,,,,,,,,,,,,"(-10.6, 1.0, 5.8)","(-10.8, 1.9, 5.8)","(-10.5, 1.6, 5.5)",
PLAYER_POSITIONS,54789,6/27/2026 10:13:38 AM,90eec047-676b-4d50-9684-e8707ca80941,2.0,,,,,,,,,,,,,,,,,,,,,,,,,,,,,,,,,,,"(-10.7, 0.9, 5.5)","(-11.0, 1.9, 5.4)","(-10.9, 1.5, 5.0)",
PLAYER_POSITIONS,54789,6/27/2026 10:13:38 AM,90eec047-676b-4d50-9684-e8707ca80941,2.0,,,,,,,,,,,,,,,,,,,,,,,,,,,,,,,,,,,"(-10.7, 0.9, 5.5)","(-11.0, 1.9, 5.4)","(-10.9, 1.5, 5.0)",
PLAYER_POSITIONS,55326,6/27/2026 10:13:39 AM,90eec047-676b-4d50-9684-e8707ca80941,2.0,,,,,,,,,,,,,,,,,,,,,,,,,,,,,,,,,,,"(-11.2, 1.0, 5.0)","(-11.3, 1.8, 5.3)","(-11.6, 1.5, 5.0)",
PLAYER_POSITIONS,55326,6/27/2026 10:13:39 AM,90eec047-676b-4d50-9684-e8707ca80941,2.0,,,,,,,,,,,,,,,,,,,,,,,,,,,,,,,,,,,"(-11.2, 1.0, 5.0)","(-11.3, 1.8, 5.3)","(-11.6, 1.5, 5.0)",
PLAYER_POSITIONS,55882,6/27/2026 10:13:39 AM,90eec047-676b-4d50-9684-e8707ca80941,2.0,,,,,,,,,,,,,,,,,,,,,,,,,,,,,,,,,,,"(-11.2, 1.0, 4.6)","(-11.2, 1.8, 4.6)","(-11.4, 1.2, 4.5)",
PLAYER_POSITIONS,55882,6/27/2026 10:13:39 AM,90eec047-676b-4d50-9684-e8707ca80941,2.0,,,,,,,,,,,,,,,,,,,,,,,,,,,,,,,,,,,"(-11.2, 1.0, 4.6)","(-11.2, 1.8, 4.6)","(-11.4, 1.2, 4.5)",
PLAYER_POSITIONS,56407,6/27/2026 10:13:40 AM,90eec047-676b-4d50-9684-e8707ca80941,2.0,,,,,,,,,,,,,,,,,,,,,,,,,,,,,,,,,,,"(-10.6, 0.8, 3.9)","(-10.8, 1.4, 3.8)","(-10.9, 0.9, 3.7)",
PLAYER_POSITIONS,56407,6/27/2026 10:13:40 AM,90eec047-676b-4d50-9684-e8707ca80941,2.0,,,,,,,,,,,,,,,,,,,,,,,,,,,,,,,,,,,"(-10.6, 0.8, 3.9)","(-10.8, 1.4, 3.8)","(-10.9, 0.9, 3.7)",
PATIENT_ENGAGED,56766,6/27/2026 10:13:40 AM,90eec047-676b-4d50-9684-e8707ca80941,2.0,,,,0,,,,,,,,,,,,,,,,fast,100,Infinity,normal,Military PT 5,upset,supine,"(-9.4, -0.1, 1.7)",faint,"(0.0, -1.0, 0.0, 0.0)",normal,IMMEDIATE,still,,,,,,,,,,,,,,,,,0,
PLAYER_POSITIONS,56935,6/27/2026 10:13:41 AM,90eec047-676b-4d50-9684-e8707ca80941,2.0,,,,,,,,,,,,,,,,,,,,,,,,,,,,,,,,,,,"(-10.2, 0.6, 3.2)","(-10.3, 1.2, 3.3)","(-10.3, 0.7, 3.1)",
PLAYER_POSITIONS,56935,6/27/2026 10:13:41 AM,90eec047-676b-4d50-9684-e8707ca80941,2.0,,,,,,,,,,,,,,,,,,,,,,,,,,,,,,,,,,,"(-10.2, 0.6, 3.2)","(-10.3, 1.2, 3.3)","(-10.3, 0.7, 3.1)",
VOICE_CAPTURE,57398,6/27/2026 10:13:41 AM,90eec047-676b-4d50-9684-e8707ca80941,2.0,,,,,,,,,,,,,,,,,,,,,,,,,,,,,,,,,,,,,,,,,,,,,,,,,,,NA,the,
PLAYER_POSITIONS,57442,6/27/2026 10:13:41 AM,90eec047-676b-4d50-9684-e8707ca80941,2.0,,,,,,,,,,,,,,,,,,,,,,,,,,,,,,,,,,,"(-9.9, 0.3, 2.6)","(-10.0, 0.8, 2.7)","(-10.1, 0.3, 2.5)",
PLAYER_POSITIONS,57442,6/27/2026 10:13:41 AM,90eec047-676b-4d50-9684-e8707ca80941,2.0,,,,,,,,,,,,,,,,,,,,,,,,,,,,,,,,,,,"(-9.9, 0.3, 2.6)","(-10.0, 0.8, 2.7)","(-10.1, 0.3, 2.5)",
AUDIO_START,57493,6/27/2026 10:13:41 AM,90eec047-676b-4d50-9684-e8707ca80941,2.0,echo 5 taking fire,4.675919,
PULSE_TAKEN,57669,6/27/2026 10:13:41 AM,90eec047-676b-4d50-9684-e8707ca80941,2.0,,,,,,,,,,,,,,,,,,,,,,,,Military PT 5,,,,pulse_faint,
PLAYER_POSITIONS,57952,6/27/2026 10:13:42 AM,90eec047-676b-4d50-9684-e8707ca80941,2.0,,,,,,,,,,,,,,,,,,,,,,,,,,,,,,,,,,,"(-9.8, 0.1, 2.4)","(-10.0, 0.7, 2.5)","(-10.0, 0.2, 2.2)",
PLAYER_POSITIONS,57952,6/27/2026 10:13:42 AM,90eec047-676b-4d50-9684-e8707ca80941,2.0,,,,,,,,,,,,,,,,,,,,,,,,,,,,,,,,,,,"(-9.8, 0.1, 2.4)","(-10.0, 0.7, 2.5)","(-10.0, 0.2, 2.2)",
VOICE_CAPTURE,57997,6/27/2026 10:13:42 AM,90eec047-676b-4d50-9684-e8707ca80941,2.0,,,,,,,,,,,,,,,,,,,,,,,,,,,,,,,,,,,,,,,,,,,,,,,,,,,NA,"All right, that's good.",
DRAG_START,58072,6/27/2026 10:13:42 AM,90eec047-676b-4d50-9684-e8707ca80941,2.0,,,,,"(-9.4, 0.0, 1.7)",,,,,,,,,,,,,,,,,,,Military PT 5,
DRAG_STOP,58246,6/27/2026 10:13:42 AM,90eec047-676b-4d50-9684-e8707ca80941,2.0,,,,,"(0.0, 0.0, 0.0)","(0.0, 0.0, 0.0)",,,,,,,,,,,,,,,,,,Military PT 5,
VOICE_CAPTURE,58379,6/27/2026 10:13:42 AM,90eec047-676b-4d50-9684-e8707ca80941,2.0,,,,,,,,,,,,,,,,,,,,,,,,,,,,,,,,,,,,,,,,,,,,,,,,,,,NA,"Alright, that's a good shooting from the fire.",
PLAYER_POSITIONS,58469,6/27/2026 10:13:42 AM,90eec047-676b-4d50-9684-e8707ca80941,2.0,,,,,,,,,,,,,,,,,,,,,,,,,,,,,,,,,,,"(-10.0, 0.1, 2.5)","(-10.2, 0.8, 2.6)","(-10.2, 0.2, 2.4)",
PLAYER_POSITIONS,58469,6/27/2026 10:13:42 AM,90eec047-676b-4d50-9684-e8707ca80941,2.0,,,,,,,,,,,,,,,,,,,,,,,,,,,,,,,,,,,"(-10.0, 0.1, 2.5)","(-10.2, 0.8, 2.6)","(-10.2, 0.2, 2.4)",
VOICE_CAPTURE,58895,6/27/2026 10:13:42 AM,90eec047-676b-4d50-9684-e8707ca80941,2.0,,,,,,,,,,,,,,,,,,,,,,,,,,,,,,,,,,,,,,,,,,,,,,,,,,,NA,"All right, that's a good feeling from a fire.",
PLAYER_POSITIONS,58996,6/27/2026 10:13:43 AM,90eec047-676b-4d50-9684-e8707ca80941,2.0,,,,,,,,,,,,,,,,,,,,,,,,,,,,,,,,,,,"(-10.3, 0.5, 3.0)","(-10.4, 1.2, 3.2)","(-10.5, 0.6, 2.9)",
PLAYER_POSITIONS,58996,6/27/2026 10:13:43 AM,90eec047-676b-4d50-9684-e8707ca80941,2.0,,,,,,,,,,,,,,,,,,,,,,,,,,,,,,,,,,,"(-10.3, 0.5, 3.0)","(-10.4, 1.2, 3.2)","(-10.5, 0.6, 2.9)",
VOICE_CAPTURE,59486,6/27/2026 10:13:43 AM,90eec047-676b-4d50-9684-e8707ca80941,2.0,,,,,,,,,,,,,,,,,,,,,,,,,,,,,,,,,,,,,,,,,,,,,,,,,,,NA,"All right, that's a good feeling from a fire.",
VOICE_CAPTURE,59486,6/27/2026 10:13:43 AM,90eec047-676b-4d50-9684-e8707ca80941,2.0,,,,,,,,,,,,,,,,,,,,,,,,,,,,,,,,,,,,,,,,,,,,,,,,,,,NA,"All right, that's a good feeling from a fire.",
VOICE_COMMAND,59486,6/27/2026 10:13:43 AM,90eec047-676b-4d50-9684-e8707ca80941,2.0,,,,,,,,,,,,,,,,,,,,,,,,,,,,,,,,,,,,,,,,,,,,,,,,,,,"All right, that's a good feeling from a fire.",how do you feel,
PLAYER_POSITIONS,59530,6/27/2026 10:13:43 AM,90eec047-676b-4d50-9684-e8707ca80941,2.0,,,,,,,,,,,,,,,,,,,,,,,,,,,,,,,,,,,"(-10.8, 0.6, 3.8)","(-11.0, 1.2, 4.1)","(-11.0, 0.6, 3.8)",
PLAYER_POSITIONS,59530,6/27/2026 10:13:43 AM,90eec047-676b-4d50-9684-e8707ca80941,2.0,,,,,,,,,,,,,,,,,,,,,,,,,,,,,,,,,,,"(-10.8, 0.6, 3.8)","(-11.0, 1.2, 4.1)","(-11.0, 0.6, 3.8)",
VOICE_CAPTURE,59894,6/27/2026 10:13:43 AM,90eec047-676b-4d50-9684-e8707ca80941,2.0,,,,,,,,,,,,,,,,,,,,,,,,,,,,,,,,,,,,,,,,,,,,,,,,,,,NA,fire.,
DRAG_STOP,59967,6/27/2026 10:13:44 AM,90eec047-676b-4d50-9684-e8707ca80941,2.0,,,,,"(-9.4, 0.0, 1.7)","(-10.8, 0.0, 3.5)",,,,,,,,,,,,,,,,,,Military PT 5,
DRAG_STOP,59967,6/27/2026 10:13:44 AM,90eec047-676b-4d50-9684-e8707ca80941,2.0,,,,,"(-9.4, 0.0, 1.7)","(-10.8, 0.0, 3.5)",,,,,,,,,,,,,,,,,,Military PT 5,
PLAYER_POSITIONS,60061,6/27/2026 10:13:44 AM,90eec047-676b-4d50-9684-e8707ca80941,2.0,,,,,,,,,,,,,,,,,,,,,,,,,,,,,,,,,,,"(-10.9, 0.5, 4.2)","(-11.2, 1.1, 4.5)","(-11.2, 0.5, 4.1)",
PLAYER_POSITIONS,60061,6/27/2026 10:13:44 AM,90eec047-676b-4d50-9684-e8707ca80941,2.0,,,,,,,,,,,,,,,,,,,,,,,,,,,,,,,,,,,"(-10.9, 0.5, 4.2)","(-11.2, 1.1, 4.5)","(-11.2, 0.5, 4.1)",
VOICE_CAPTURE,60372,6/27/2026 10:13:44 AM,90eec047-676b-4d50-9684-e8707ca80941,2.0,,,,,,,,,,,,,,,,,,,,,,,,,,,,,,,,,,,,,,,,,,,,,,,,,,,NA,fire.,
PLAYER_POSITIONS,60569,6/27/2026 10:13:44 AM,90eec047-676b-4d50-9684-e8707ca80941,2.0,,,,,,,,,,,,,,,,,,,,,,,,,,,,,,,,,,,"(-10.7, 0.4, 4.2)","(-11.0, 1.1, 4.3)","(-11.2, 0.8, 4.2)",
PLAYER_POSITIONS,60569,6/27/2026 10:13:44 AM,90eec047-676b-4d50-9684-e8707ca80941,2.0,,,,,,,,,,,,,,,,,,,,,,,,,,,,,,,,,,,"(-10.7, 0.4, 4.2)","(-11.0, 1.1, 4.3)","(-11.2, 0.8, 4.2)",
VOICE_CAPTURE,60834,6/27/2026 10:13:44 AM,90eec047-676b-4d50-9684-e8707ca80941,2.0,,,,,,,,,,,,,,,,,,,,,,,,,,,,,,,,,,,,,,,,,,,,,,,,,,,NA,fire,
PLAYER_POSITIONS,61079,6/27/2026 10:13:45 AM,90eec047-676b-4d50-9684-e8707ca80941,2.0,,,,,,,,,,,,,,,,,,,,,,,,,,,,,,,,,,,"(-10.9, 0.5, 4.2)","(-11.4, 1.0, 4.3)","(-11.9, 0.5, 4.2)",
PLAYER_POSITIONS,61079,6/27/2026 10:13:45 AM,90eec047-676b-4d50-9684-e8707ca80941,2.0,,,,,,,,,,,,,,,,,,,,,,,,,,,,,,,,,,,"(-10.9, 0.5, 4.2)","(-11.4, 1.0, 4.3)","(-11.9, 0.5, 4.2)",
VOICE_CAPTURE,61335,6/27/2026 10:13:45 AM,90eec047-676b-4d50-9684-e8707ca80941,2.0,,,,,,,,,,,,,,,,,,,,,,,,,,,,,,,,,,,,,,,,,,,,,,,,,,,NA,fire okay,
PLAYER_POSITIONS,61591,6/27/2026 10:13:45 AM,90eec047-676b-4d50-9684-e8707ca80941,2.0,,,,,,,,,,,,,,,,,,,,,,,,,,,,,,,,,,,"(-11.0, 0.5, 4.2)","(-11.5, 1.1, 4.3)","(-11.8, 0.4, 4.2)",
PLAYER_POSITIONS,61591,6/27/2026 10:13:45 AM,90eec047-676b-4d50-9684-e8707ca80941,2.0,,,,,,,,,,,,,,,,,,,,,,,,,,,,,,,,,,,"(-11.0, 0.5, 4.2)","(-11.5, 1.1, 4.3)","(-11.8, 0.4, 4.2)",
VOICE_CAPTURE,61912,6/27/2026 10:13:46 AM,90eec047-676b-4d50-9684-e8707ca80941,2.0,,,,,,,,,,,,,,,,,,,,,,,,,,,,,,,,,,,,,,,,,,,,,,,,,,,NA,fire okay,
VOICE_CAPTURE,61912,6/27/2026 10:13:46 AM,90eec047-676b-4d50-9684-e8707ca80941,2.0,,,,,,,,,,,,,,,,,,,,,,,,,,,,,,,,,,,,,,,,,,,,,,,,,,,NA,fire okay,
PLAYER_POSITIONS,62113,6/27/2026 10:13:46 AM,90eec047-676b-4d50-9684-e8707ca80941,2.0,,,,,,,,,,,,,,,,,,,,,,,,,,,,,,,,,,,"(-11.2, 0.4, 4.0)","(-11.5, 1.1, 4.3)","(-11.9, 0.7, 4.0)",
PLAYER_POSITIONS,62113,6/27/2026 10:13:46 AM,90eec047-676b-4d50-9684-e8707ca80941,2.0,,,,,,,,,,,,,,,,,,,,,,,,,,,,,,,,,,,"(-11.2, 0.4, 4.0)","(-11.5, 1.1, 4.3)","(-11.9, 0.7, 4.0)",
AUDIO_END,62178,6/27/2026 10:13:46 AM,90eec047-676b-4d50-9684-e8707ca80941,2.0,echo 5 taking fire,4.675919,
NARRATIVE_SECTION_END,62178,6/27/2026 10:13:46 AM,90eec047-676b-4d50-9684-e8707ca80941,2.0,,,,,,,,,,,,,,,,,,Echo 5 taking fire,4,
NARRATIVE_SECTION_START,62242,6/27/2026 10:13:46 AM,90eec047-676b-4d50-9684-e8707ca80941,2.0,,,,,,,,,,,,,,,,,,Air Support Message,5,
TOOL_HOVER,62367,6/27/2026 10:13:46 AM,90eec047-676b-4d50-9684-e8707ca80941,2.0,,,,,,,,,,,,,,,,,,,,,,,,,,,,,,,,,,,,,,,,,,,,,,999,,Chest Seal,
VOICE_CAPTURE,62369,6/27/2026 10:13:46 AM,90eec047-676b-4d50-9684-e8707ca80941,2.0,,,,,,,,,,,,,,,,,,,,,,,,,,,,,,,,,,,,,,,,,,,,,,,,,,,NA,Okay.,
TOOL_SELECTED,62639,6/27/2026 10:13:46 AM,90eec047-676b-4d50-9684-e8707ca80941,2.0,,,,,,,,,,,,,,,,,,,,,,,,,,,,,,,,,,,,,,,,,,,,,,998,,Chest Seal,
PLAYER_POSITIONS,62641,6/27/2026 10:13:46 AM,90eec047-676b-4d50-9684-e8707ca80941,2.0,,,,,,,,,,,,,,,,,,,,,,,,,,,,,,,,,,,"(-11.0, 0.5, 4.2)","(-11.7, 1.0, 4.2)","(-12.1, 0.6, 3.9)",
PLAYER_POSITIONS,62641,6/27/2026 10:13:46 AM,90eec047-676b-4d50-9684-e8707ca80941,2.0,,,,,,,,,,,,,,,,,,,,,,,,,,,,,,,,,,,"(-11.0, 0.5, 4.2)","(-11.7, 1.0, 4.2)","(-12.1, 0.6, 3.9)",
VOICE_CAPTURE,62916,6/27/2026 10:13:47 AM,90eec047-676b-4d50-9684-e8707ca80941,2.0,,,,,,,,,,,,,,,,,,,,,,,,,,,,,,,,,,,,,,,,,,,,,,,,,,,NA,Okay.,
PLAYER_POSITIONS,63158,6/27/2026 10:13:47 AM,90eec047-676b-4d50-9684-e8707ca80941,2.0,,,,,,,,,,,,,,,,,,,,,,,,,,,,,,,,,,,"(-11.0, 0.5, 4.0)","(-11.3, 1.0, 4.0)","(-11.5, 0.6, 4.0)",
PLAYER_POSITIONS,63158,6/27/2026 10:13:47 AM,90eec047-676b-4d50-9684-e8707ca80941,2.0,,,,,,,,,,,,,,,,,,,,,,,,,,,,,,,,,,,"(-11.0, 0.5, 4.0)","(-11.3, 1.0, 4.0)","(-11.5, 0.6, 4.0)",
VOICE_CAPTURE,63414,6/27/2026 10:13:47 AM,90eec047-676b-4d50-9684-e8707ca80941,2.0,,,,,,,,,,,,,,,,,,,,,,,,,,,,,,,,,,,,,,,,,,,,,,,,,,,NA,Okay.,
PLAYER_POSITIONS,63660,6/27/2026 10:13:47 AM,90eec047-676b-4d50-9684-e8707ca80941,2.0,,,,,,,,,,,,,,,,,,,,,,,,,,,,,,,,,,,"(-10.8, 0.4, 4.1)","(-11.3, 0.9, 4.1)","(-11.2, 0.2, 4.0)",
PLAYER_POSITIONS,63660,6/27/2026 10:13:47 AM,90eec047-676b-4d50-9684-e8707ca80941,2.0,,,,,,,,,,,,,,,,,,,,,,,,,,,,,,,,,,,"(-10.8, 0.4, 4.1)","(-11.3, 0.9, 4.1)","(-11.2, 0.2, 4.0)",
INJURY_TREATED,63819,6/27/2026 10:13:47 AM,90eec047-676b-4d50-9684-e8707ca80941,2.0,,,,,,,,,chest,R Chest Puncture,"(-11.2, 0.2, 4.0)",chestSeal,1,1,high,True,True,,,,,,,Military PT 5,
TOOL_APPLIED,63821,6/27/2026 10:13:47 AM,90eec047-676b-4d50-9684-e8707ca80941,2.0,,,,,,,,,,,,,,,,,,,,,,,,Military PT 5,,,,,,,,,,,,,,,,,,,,AppliedChestSeal,skinCollider_BodyCollideLOD (UnityEngine.GameObject),,Chest Seal(Clone) (UnityEngine.GameObject),Chest Seal,
VOICE_CAPTURE,63982,6/27/2026 10:13:48 AM,90eec047-676b-4d50-9684-e8707ca80941,2.0,,,,,,,,,,,,,,,,,,,,,,,,,,,,,,,,,,,,,,,,,,,,,,,,,,,NA,Okay. Can you tell me what you think?,
PLAYER_POSITIONS,64160,6/27/2026 10:13:48 AM,90eec047-676b-4d50-9684-e8707ca80941,2.0,,,,,,,,,,,,,,,,,,,,,,,,,,,,,,,,,,,"(-10.9, 0.4, 4.1)","(-11.3, 0.9, 4.1)","(-11.3, 0.3, 4.1)",
PLAYER_POSITIONS,64160,6/27/2026 10:13:48 AM,90eec047-676b-4d50-9684-e8707ca80941,2.0,,,,,,,,,,,,,,,,,,,,,,,,,,,,,,,,,,,"(-10.9, 0.4, 4.1)","(-11.3, 0.9, 4.1)","(-11.3, 0.3, 4.1)",
AUDIO_START,64230,6/27/2026 10:13:48 AM,90eec047-676b-4d50-9684-e8707ca80941,2.0,air support,3.578775,
VOICE_CAPTURE,64471,6/27/2026 10:13:48 AM,90eec047-676b-4d50-9684-e8707ca80941,2.0,,,,,,,,,,,,,,,,,,,,,,,,,,,,,,,,,,,,,,,,,,,,,,,,,,,NA,Okay. Can you tell me what year it is?,
PLAYER_POSITIONS,64672,6/27/2026 10:13:48 AM,90eec047-676b-4d50-9684-e8707ca80941,2.0,,,,,,,,,,,,,,,,,,,,,,,,,,,,,,,,,,,"(-10.9, 0.4, 4.1)","(-11.3, 0.9, 4.2)","(-11.2, 0.3, 4.1)",
PLAYER_POSITIONS,64672,6/27/2026 10:13:48 AM,90eec047-676b-4d50-9684-e8707ca80941,2.0,,,,,,,,,,,,,,,,,,,,,,,,,,,,,,,,,,,"(-10.9, 0.4, 4.1)","(-11.3, 0.9, 4.2)","(-11.2, 0.3, 4.1)",
VOICE_CAPTURE,64874,6/27/2026 10:13:48 AM,90eec047-676b-4d50-9684-e8707ca80941,2.0,,,,,,,,,,,,,,,,,,,,,,,,,,,,,,,,,,,,,,,,,,,,,,,,,,,NA,Okay. Can you tell me what year it is? Can you tell me what year it is?,
PLAYER_POSITIONS,65188,6/27/2026 10:13:49 AM,90eec047-676b-4d50-9684-e8707ca80941,2.0,,,,,,,,,,,,,,,,,,,,,,,,,,,,,,,,,,,"(-10.8, 0.3, 4.1)","(-11.2, 0.9, 3.9)","(-11.3, 0.2, 3.7)",
PLAYER_POSITIONS,65188,6/27/2026 10:13:49 AM,90eec047-676b-4d50-9684-e8707ca80941,2.0,,,,,,,,,,,,,,,,,,,,,,,,,,,,,,,,,,,"(-10.8, 0.3, 4.1)","(-11.2, 0.9, 3.9)","(-11.3, 0.2, 3.7)",
VOICE_CAPTURE,65386,6/27/2026 10:13:49 AM,90eec047-676b-4d50-9684-e8707ca80941,2.0,,,,,,,,,,,,,,,,,,,,,,,,,,,,,,,,,,,,,,,,,,,,,,,,,,,NA,Okay. Can you tell me what year it is? Can you tell me what year it is?,
VOICE_CAPTURE,65386,6/27/2026 10:13:49 AM,90eec047-676b-4d50-9684-e8707ca80941,2.0,,,,,,,,,,,,,,,,,,,,,,,,,,,,,,,,,,,,,,,,,,,,,,,,,,,NA,Okay. Can you tell me what year it is? Can you tell me what year it is?,
VOICE_COMMAND,65386,6/27/2026 10:13:49 AM,90eec047-676b-4d50-9684-e8707ca80941,2.0,,,,,,,,,,,,,,,,,,,,,,,,,,,,,,,,,,,,,,,,,,,,,,,,,,,Okay. Can you tell me what year it is? Can you tell me what year it is?,what year is it,
PLAYER_POSITIONS,65688,6/27/2026 10:13:49 AM,90eec047-676b-4d50-9684-e8707ca80941,2.0,,,,,,,,,,,,,,,,,,,,,,,,,,,,,,,,,,,"(-10.7, 0.3, 4.2)","(-11.2, 0.8, 3.8)","(-11.4, 0.1, 3.5)",
PLAYER_POSITIONS,65688,6/27/2026 10:13:49 AM,90eec047-676b-4d50-9684-e8707ca80941,2.0,,,,,,,,,,,,,,,,,,,,,,,,,,,,,,,,,,,"(-10.7, 0.3, 4.2)","(-11.2, 0.8, 3.8)","(-11.4, 0.1, 3.5)",
PULSE_TAKEN,65917,6/27/2026 10:13:50 AM,90eec047-676b-4d50-9684-e8707ca80941,2.0,,,,,,,,,,,,,,,,,,,,,,,,Military PT 5,,,,pulse_faint,
PLAYER_POSITIONS,66208,6/27/2026 10:13:50 AM,90eec047-676b-4d50-9684-e8707ca80941,2.0,,,,,,,,,,,,,,,,,,,,,,,,,,,,,,,,,,,"(-10.7, 0.3, 4.2)","(-11.2, 0.8, 3.8)","(-11.3, 0.1, 3.5)",
PLAYER_POSITIONS,66208,6/27/2026 10:13:50 AM,90eec047-676b-4d50-9684-e8707ca80941,2.0,,,,,,,,,,,,,,,,,,,,,,,,,,,,,,,,,,,"(-10.7, 0.3, 4.2)","(-11.2, 0.8, 3.8)","(-11.3, 0.1, 3.5)",
PLAYER_POSITIONS,66719,6/27/2026 10:13:50 AM,90eec047-676b-4d50-9684-e8707ca80941,2.0,,,,,,,,,,,,,,,,,,,,,,,,,,,,,,,,,,,"(-10.8, 0.3, 4.1)","(-11.3, 0.8, 3.9)","(-11.3, 0.2, 3.6)",
PLAYER_POSITIONS,66719,6/27/2026 10:13:50 AM,90eec047-676b-4d50-9684-e8707ca80941,2.0,,,,,,,,,,,,,,,,,,,,,,,,,,,,,,,,,,,"(-10.8, 0.3, 4.1)","(-11.3, 0.8, 3.9)","(-11.3, 0.2, 3.6)",
PLAYER_POSITIONS,67220,6/27/2026 10:13:51 AM,90eec047-676b-4d50-9684-e8707ca80941,2.0,,,,,,,,,,,,,,,,,,,,,,,,,,,,,,,,,,,"(-11.0, 0.4, 4.0)","(-11.3, 1.1, 4.1)","(-11.3, 0.5, 4.2)",
PLAYER_POSITIONS,67220,6/27/2026 10:13:51 AM,90eec047-676b-4d50-9684-e8707ca80941,2.0,,,,,,,,,,,,,,,,,,,,,,,,,,,,,,,,,,,"(-11.0, 0.4, 4.0)","(-11.3, 1.1, 4.1)","(-11.3, 0.5, 4.2)",
PLAYER_POSITIONS,67728,6/27/2026 10:13:51 AM,90eec047-676b-4d50-9684-e8707ca80941,2.0,,,,,,,,,,,,,,,,,,,,,,,,,,,,,,,,,,,"(-11.0, 0.4, 4.0)","(-11.5, 1.1, 4.4)","(-12.0, 0.7, 4.4)",
PLAYER_POSITIONS,67728,6/27/2026 10:13:51 AM,90eec047-676b-4d50-9684-e8707ca80941,2.0,,,,,,,,,,,,,,,,,,,,,,,,,,,,,,,,,,,"(-11.0, 0.4, 4.0)","(-11.5, 1.1, 4.4)","(-12.0, 0.7, 4.4)",
TOOL_HOVER,67780,6/27/2026 10:13:51 AM,90eec047-676b-4d50-9684-e8707ca80941,2.0,,,,,,,,,,,,,,,,,,,,,,,,,,,,,,,,,,,,,,,,,,,,,,999,,Fentanyl Lollipop,
AUDIO_END,67828,6/27/2026 10:13:51 AM,90eec047-676b-4d50-9684-e8707ca80941,2.0,air support,3.578775,
NARRATIVE_SECTION_END,67828,6/27/2026 10:13:51 AM,90eec047-676b-4d50-9684-e8707ca80941,2.0,,,,,,,,,,,,,,,,,,Air Support Message,5,
NARRATIVE_SECTION_START,67901,6/27/2026 10:13:52 AM,90eec047-676b-4d50-9684-e8707ca80941,2.0,,,,,,,,,,,,,,,,,,Coming in hot,6,
VOICE_CAPTURE,67905,6/27/2026 10:13:52 AM,90eec047-676b-4d50-9684-e8707ca80941,2.0,,,,,,,,,,,,,,,,,,,,,,,,,,,,,,,,,,,,,,,,,,,,,,,,,,,NA,Wonderful.,
TOOL_SELECTED,68060,6/27/2026 10:13:52 AM,90eec047-676b-4d50-9684-e8707ca80941,2.0,,,,,,,,,,,,,,,,,,,,,,,,,,,,,,,,,,,,,,,,,,,,,,998,,Fentanyl Lollipop,
PLAYER_POSITIONS,68226,6/27/2026 10:13:52 AM,90eec047-676b-4d50-9684-e8707ca80941,2.0,,,,,,,,,,,,,,,,,,,,,,,,,,,,,,,,,,,"(-11.1, 0.5, 4.0)","(-11.5, 1.1, 4.3)","(-12.0, 0.8, 4.4)",
PLAYER_POSITIONS,68226,6/27/2026 10:13:52 AM,90eec047-676b-4d50-9684-e8707ca80941,2.0,,,,,,,,,,,,,,,,,,,,,,,,,,,,,,,,,,,"(-11.1, 0.5, 4.0)","(-11.5, 1.1, 4.3)","(-12.0, 0.8, 4.4)",
VOICE_CAPTURE,68382,6/27/2026 10:13:52 AM,90eec047-676b-4d50-9684-e8707ca80941,2.0,,,,,,,,,,,,,,,,,,,,,,,,,,,,,,,,,,,,,,,,,,,,,,,,,,,NA,Wonderful.,
PLAYER_POSITIONS,68744,6/27/2026 10:13:52 AM,90eec047-676b-4d50-9684-e8707ca80941,2.0,,,,,,,,,,,,,,,,,,,,,,,,,,,,,,,,,,,"(-11.0, 0.4, 4.1)","(-11.3, 1.0, 4.2)","(-11.3, 0.2, 4.2)",
PLAYER_POSITIONS,68744,6/27/2026 10:13:52 AM,90eec047-676b-4d50-9684-e8707ca80941,2.0,,,,,,,,,,,,,,,,,,,,,,,,,,,,,,,,,,,"(-11.0, 0.4, 4.1)","(-11.3, 1.0, 4.2)","(-11.3, 0.2, 4.2)",
VOICE_CAPTURE,68867,6/27/2026 10:13:52 AM,90eec047-676b-4d50-9684-e8707ca80941,2.0,,,,,,,,,,,,,,,,,,,,,,,,,,,,,,,,,,,,,,,,,,,,,,,,,,,NA,Wonderful.,
AUDIO_START,68893,6/27/2026 10:13:52 AM,90eec047-676b-4d50-9684-e8707ca80941,2.0,coming in hot,3.369796,
PLAYER_POSITIONS,69245,6/27/2026 10:13:53 AM,90eec047-676b-4d50-9684-e8707ca80941,2.0,,,,,,,,,,,,,,,,,,,,,,,,,,,,,,,,,,,"(-11.0, 0.4, 4.1)","(-11.3, 1.0, 4.2)","(-11.4, 0.2, 4.3)",
PLAYER_POSITIONS,69245,6/27/2026 10:13:53 AM,90eec047-676b-4d50-9684-e8707ca80941,2.0,,,,,,,,,,,,,,,,,,,,,,,,,,,,,,,,,,,"(-11.0, 0.4, 4.1)","(-11.3, 1.0, 4.2)","(-11.4, 0.2, 4.3)",
VOICE_CAPTURE,69500,6/27/2026 10:13:53 AM,90eec047-676b-4d50-9684-e8707ca80941,2.0,,,,,,,,,,,,,,,,,,,,,,,,,,,,,,,,,,,,,,,,,,,,,,,,,,,NA,Wonderful. I'm gonna use some paper.,
INJURY_TREATED,69681,6/27/2026 10:13:53 AM,90eec047-676b-4d50-9684-e8707ca80941,2.0,,,,,,,,,head,Unspecified,"(0.0, 0.0, 0.0)",none,1,1,none,True,False,,,,,,,Military PT 5,
TOOL_APPLIED,69681,6/27/2026 10:13:53 AM,90eec047-676b-4d50-9684-e8707ca80941,2.0,,,,,,,,,,,,,,,,,,,,,,,,Military PT 5,,,,,,,,,,,,,,,,,,,,AppliedLollipop,Jaw (UnityEngine.GameObject),,Fentanyl Lollipop(Clone) (UnityEngine.GameObject),Fentanyl Lollipop,
PLAYER_POSITIONS,69745,6/27/2026 10:13:53 AM,90eec047-676b-4d50-9684-e8707ca80941,2.0,,,,,,,,,,,,,,,,,,,,,,,,,,,,,,,,,,,"(-11.0, 0.4, 4.1)","(-11.4, 1.0, 4.2)","(-11.4, 0.2, 4.2)",
PLAYER_POSITIONS,69745,6/27/2026 10:13:53 AM,90eec047-676b-4d50-9684-e8707ca80941,2.0,,,,,,,,,,,,,,,,,,,,,,,,,,,,,,,,,,,"(-11.0, 0.4, 4.1)","(-11.4, 1.0, 4.2)","(-11.4, 0.2, 4.2)",
VOICE_CAPTURE,69889,6/27/2026 10:13:53 AM,90eec047-676b-4d50-9684-e8707ca80941,2.0,,,,,,,,,,,,,,,,,,,,,,,,,,,,,,,,,,,,,,,,,,,,,,,,,,,NA,Wonderful. I'm gonna use some paper. I'm gonna use some pain meds.,
PLAYER_POSITIONS,70288,6/27/2026 10:13:54 AM,90eec047-676b-4d50-9684-e8707ca80941,2.0,,,,,,,,,,,,,,,,,,,,,,,,,,,,,,,,,,,"(-11.1, 0.4, 4.1)","(-11.5, 1.1, 4.2)","(-12.1, 0.7, 4.2)",
PLAYER_POSITIONS,70288,6/27/2026 10:13:54 AM,90eec047-676b-4d50-9684-e8707ca80941,2.0,,,,,,,,,,,,,,,,,,,,,,,,,,,,,,,,,,,"(-11.1, 0.4, 4.1)","(-11.5, 1.1, 4.2)","(-12.1, 0.7, 4.2)",
VOICE_CAPTURE,70344,6/27/2026 10:13:54 AM,90eec047-676b-4d50-9684-e8707ca80941,2.0,,,,,,,,,,,,,,,,,,,,,,,,,,,,,,,,,,,,,,,,,,,,,,,,,,,NA,Wonderful. I'm gonna use some paper. I'm gonna use some pain meds.,
VOICE_CAPTURE,70344,6/27/2026 10:13:54 AM,90eec047-676b-4d50-9684-e8707ca80941,2.0,,,,,,,,,,,,,,,,,,,,,,,,,,,,,,,,,,,,,,,,,,,,,,,,,,,NA,Wonderful. I'm gonna use some paper. I'm gonna use some pain meds.,
VOICE_COMMAND,70344,6/27/2026 10:13:54 AM,90eec047-676b-4d50-9684-e8707ca80941,2.0,,,,,,,,,,,,,,,,,,,,,,,,,,,,,,,,,,,,,,,,,,,,,,,,,,,Wonderful. I'm gonna use some paper. I'm gonna use some pain meds.,are you in pain,
TOOL_HOVER,70385,6/27/2026 10:13:54 AM,90eec047-676b-4d50-9684-e8707ca80941,2.0,,,,,,,,,,,,,,,,,,,,,,,,,,,,,,,,,,,,,,,,,,,,,,999,,Antibiotics,
TOOL_SELECTED,70662,6/27/2026 10:13:54 AM,90eec047-676b-4d50-9684-e8707ca80941,2.0,,,,,,,,,,,,,,,,,,,,,,,,,,,,,,,,,,,,,,,,,,,,,,998,,Antibiotics,
PLAYER_POSITIONS,70842,6/27/2026 10:13:54 AM,90eec047-676b-4d50-9684-e8707ca80941,2.0,,,,,,,,,,,,,,,,,,,,,,,,,,,,,,,,,,,"(-11.1, 0.5, 4.1)","(-11.6, 1.1, 4.2)","(-12.2, 0.7, 4.2)",
PLAYER_POSITIONS,70842,6/27/2026 10:13:54 AM,90eec047-676b-4d50-9684-e8707ca80941,2.0,,,,,,,,,,,,,,,,,,,,,,,,,,,,,,,,,,,"(-11.1, 0.5, 4.1)","(-11.6, 1.1, 4.2)","(-12.2, 0.7, 4.2)",
VOICE_CAPTURE,71340,6/27/2026 10:13:55 AM,90eec047-676b-4d50-9684-e8707ca80941,2.0,,,,,,,,,,,,,,,,,,,,,,,,,,,,,,,,,,,,,,,,,,,,,,,,,,,NA,and I'm,
PLAYER_POSITIONS,71363,6/27/2026 10:13:55 AM,90eec047-676b-4d50-9684-e8707ca80941,2.0,,,,,,,,,,,,,,,,,,,,,,,,,,,,,,,,,,,"(-11.0, 0.4, 4.0)","(-11.2, 1.0, 4.1)","(-11.4, 0.4, 4.2)",
PLAYER_POSITIONS,71363,6/27/2026 10:13:55 AM,90eec047-676b-4d50-9684-e8707ca80941,2.0,,,,,,,,,,,,,,,,,,,,,,,,,,,,,,,,,,,"(-11.0, 0.4, 4.0)","(-11.2, 1.0, 4.1)","(-11.4, 0.4, 4.2)",
INJURY_TREATED,71855,6/27/2026 10:13:55 AM,90eec047-676b-4d50-9684-e8707ca80941,2.0,,,,,,,,,head,Unspecified,"(0.0, 0.0, 0.0)",none,1,1,none,True,False,,,,,,,Military PT 5,
TOOL_APPLIED,71855,6/27/2026 10:13:55 AM,90eec047-676b-4d50-9684-e8707ca80941,2.0,,,,,,,,,,,,,,,,,,,,,,,,Military PT 5,,,,,,,,,,,,,,,,,,,,AppliedAntibiotics,Jaw (UnityEngine.GameObject),,null,Antibiotics,
VOICE_CAPTURE,71858,6/27/2026 10:13:55 AM,90eec047-676b-4d50-9684-e8707ca80941,2.0,,,,,,,,,,,,,,,,,,,,,,,,,,,,,,,,,,,,,,,,,,,,,,,,,,,NA,and antibiotics.,
PLAYER_POSITIONS,71880,6/27/2026 10:13:55 AM,90eec047-676b-4d50-9684-e8707ca80941,2.0,,,,,,,,,,,,,,,,,,,,,,,,,,,,,,,,,,,"(-10.8, 0.4, 4.1)","(-11.2, 1.1, 4.2)","(-11.3, 0.3, 4.2)",
PLAYER_POSITIONS,71880,6/27/2026 10:13:55 AM,90eec047-676b-4d50-9684-e8707ca80941,2.0,,,,,,,,,,,,,,,,,,,,,,,,,,,,,,,,,,,"(-10.8, 0.4, 4.1)","(-11.2, 1.1, 4.2)","(-11.3, 0.3, 4.2)",
BAG_CLOSED,72040,6/27/2026 10:13:56 AM,90eec047-676b-4d50-9684-e8707ca80941,2.0,,,,,,,,,,,,,,,,,,,,,,,,,,,,,,,,,,,,"(0.0, 0.0, 0.0)",
AUDIO_END,72268,6/27/2026 10:13:56 AM,90eec047-676b-4d50-9684-e8707ca80941,2.0,coming in hot,3.369796,
NARRATIVE_SECTION_END,72268,6/27/2026 10:13:56 AM,90eec047-676b-4d50-9684-e8707ca80941,2.0,,,,,,,,,,,,,,,,,,Coming in hot,6,
NARRATIVE_SECTION_START,72313,6/27/2026 10:13:56 AM,90eec047-676b-4d50-9684-e8707ca80941,2.0,,,,,,,,,,,,,,,,,,Jet flyover enable,7,
PLAYER_POSITIONS,72384,6/27/2026 10:13:56 AM,90eec047-676b-4d50-9684-e8707ca80941,2.0,,,,,,,,,,,,,,,,,,,,,,,,,,,,,,,,,,,"(-11.1, 0.4, 3.9)","(-11.2, 1.2, 4.1)","(-11.4, 0.6, 3.9)",
PLAYER_POSITIONS,72384,6/27/2026 10:13:56 AM,90eec047-676b-4d50-9684-e8707ca80941,2.0,,,,,,,,,,,,,,,,,,,,,,,,,,,,,,,,,,,"(-11.1, 0.4, 3.9)","(-11.2, 1.2, 4.1)","(-11.4, 0.6, 3.9)",
VOICE_CAPTURE,72384,6/27/2026 10:13:56 AM,90eec047-676b-4d50-9684-e8707ca80941,2.0,,,,,,,,,,,,,,,,,,,,,,,,,,,,,,,,,,,,,,,,,,,,,,,,,,,NA,and antibiotics. and antibiotics.,
PLAYER_POSITIONS,72902,6/27/2026 10:13:57 AM,90eec047-676b-4d50-9684-e8707ca80941,2.0,,,,,,,,,,,,,,,,,,,,,,,,,,,,,,,,,,,"(-11.2, 0.5, 3.7)","(-11.3, 1.2, 3.7)","(-11.6, 0.5, 3.4)",
PLAYER_GAZE,72902,6/27/2026 10:13:57 AM,90eec047-676b-4d50-9684-e8707ca80941,2.0,,,,,,,,,,,,,,,,,,,,,,,,Military PT 2,,,,,,,,,"(0.7, 1.2, 2.7)",,,"(-12.0, 0.0, 1.1)",
PLAYER_POSITIONS,72902,6/27/2026 10:13:57 AM,90eec047-676b-4d50-9684-e8707ca80941,2.0,,,,,,,,,,,,,,,,,,,,,,,,,,,,,,,,,,,"(-11.2, 0.5, 3.7)","(-11.3, 1.2, 3.7)","(-11.6, 0.5, 3.4)",
PLAYER_GAZE,72902,6/27/2026 10:13:57 AM,90eec047-676b-4d50-9684-e8707ca80941,2.0,,,,,,,,,,,,,,,,,,,,,,,,Military PT 2,,,,,,,,,"(0.7, 1.2, 2.7)",,,"(-12.0, 0.0, 1.1)",
VOICE_CAPTURE,72902,6/27/2026 10:13:57 AM,90eec047-676b-4d50-9684-e8707ca80941,2.0,,,,,,,,,,,,,,,,,,,,,,,,,,,,,,,,,,,,,,,,,,,,,,,,,,,NA,and antibiotics. and antibiotics.,
VOICE_CAPTURE,72902,6/27/2026 10:13:57 AM,90eec047-676b-4d50-9684-e8707ca80941,2.0,,,,,,,,,,,,,,,,,,,,,,,,,,,,,,,,,,,,,,,,,,,,,,,,,,,NA,and antibiotics. and antibiotics.,
PATIENT_DISENGAGED,73166,6/27/2026 10:13:57 AM,90eec047-676b-4d50-9684-e8707ca80941,2.0,,,,16.4,,,,,,,,,,,,,,,,fast,100,Infinity,normal,Military PT 5,upset,supine,"(-10.7, 0.0, 3.6)",faint,"(0.0, 1.0, 0.0, 0.0)",normal,IMMEDIATE,still,,,,,,,,,,,,,,,,,16.4,
NARRATIVE_SECTION_END,73366,6/27/2026 10:13:57 AM,90eec047-676b-4d50-9684-e8707ca80941,2.0,,,,,,,,,,,,,,,,,,Jet flyover enable,7,
TELEPORT,73366,6/27/2026 10:13:57 AM,90eec047-676b-4d50-9684-e8707ca80941,2.0,,,,,,,,,,,,,,,,,,,,,,,,,,,,,,,,,,,,"(-11.3, 1.2, 3.6)",,,,,,,"(-11.8, 1.1, 2.0)",
NARRATIVE_SECTION_START,73419,6/27/2026 10:13:57 AM,90eec047-676b-4d50-9684-e8707ca80941,2.0,,,,,,,,,,,,,,,,,,Jet flyover sound,8,
PLAYER_POSITIONS,73422,6/27/2026 10:13:57 AM,90eec047-676b-4d50-9684-e8707ca80941,2.0,,,,,,,,,,,,,,,,,,,,,,,,,,,,,,,,,,,"(-11.7, 0.3, 1.9)","(-11.8, 1.1, 2.0)","(-12.0, 0.4, 1.7)",
PLAYER_GAZE,73422,6/27/2026 10:13:57 AM,90eec047-676b-4d50-9684-e8707ca80941,2.0,,,,,,,,,,,,,,,,,,,,,,,,Military PT 2,,,,,,,,,"(0.2, 1.1, 0.9)",,,"(-12.0, 0.0, 1.1)",
PLAYER_POSITIONS,73422,6/27/2026 10:13:57 AM,90eec047-676b-4d50-9684-e8707ca80941,2.0,,,,,,,,,,,,,,,,,,,,,,,,,,,,,,,,,,,"(-11.7, 0.3, 1.9)","(-11.8, 1.1, 2.0)","(-12.0, 0.4, 1.7)",
PLAYER_GAZE,73422,6/27/2026 10:13:57 AM,90eec047-676b-4d50-9684-e8707ca80941,2.0,,,,,,,,,,,,,,,,,,,,,,,,Military PT 2,,,,,,,,,"(0.2, 1.1, 0.9)",,,"(-12.0, 0.0, 1.1)",
PATIENT_ENGAGED,73642,6/27/2026 10:13:57 AM,90eec047-676b-4d50-9684-e8707ca80941,2.0,,,,0,,,,,,,,,,,,,,,,restricted,100,Infinity,normal,Military PT 2,agony,supine,"(-12.0, -0.1, 1.1)",faint,"(0.0, 0.4, 0.0, 0.9)",normal,EXPECTANT,still,,,,,,,,,,,,,,,,,0,
PLAYER_POSITIONS,73967,6/27/2026 10:13:58 AM,90eec047-676b-4d50-9684-e8707ca80941,2.0,,,,,,,,,,,,,,,,,,,,,,,,,,,,,,,,,,,"(-11.6, 0.4, 1.5)","(-11.8, 1.0, 1.6)","(-11.9, 0.4, 1.6)",
PLAYER_GAZE,73967,6/27/2026 10:13:58 AM,90eec047-676b-4d50-9684-e8707ca80941,2.0,,,,,,,,,,,,,,,,,,,,,,,,Military PT 2,,,,,,,,,"(0.2, 1.0, 0.5)",,,"(-12.0, 0.0, 1.1)",
PLAYER_POSITIONS,73967,6/27/2026 10:13:58 AM,90eec047-676b-4d50-9684-e8707ca80941,2.0,,,,,,,,,,,,,,,,,,,,,,,,,,,,,,,,,,,"(-11.6, 0.4, 1.5)","(-11.8, 1.0, 1.6)","(-11.9, 0.4, 1.6)",
PLAYER_GAZE,73967,6/27/2026 10:13:58 AM,90eec047-676b-4d50-9684-e8707ca80941,2.0,,,,,,,,,,,,,,,,,,,,,,,,Military PT 2,,,,,,,,,"(0.2, 1.0, 0.5)",,,"(-12.0, 0.0, 1.1)",
VOICE_CAPTURE,73967,6/27/2026 10:13:58 AM,90eec047-676b-4d50-9684-e8707ca80941,2.0,,,,,,,,,,,,,,,,,,,,,,,,,,,,,,,,,,,,,,,,,,,,,,,,,,,NA,Holy fuck.,
VOICE_CAPTURE,74384,6/27/2026 10:13:58 AM,90eec047-676b-4d50-9684-e8707ca80941,2.0,,,,,,,,,,,,,,,,,,,,,,,,,,,,,,,,,,,,,,,,,,,,,,,,,,,NA,Holy fuck.,
VOICE_CAPTURE,74384,6/27/2026 10:13:58 AM,90eec047-676b-4d50-9684-e8707ca80941,2.0,,,,,,,,,,,,,,,,,,,,,,,,,,,,,,,,,,,,,,,,,,,,,,,,,,,NA,Holy fuck.,
PLAYER_POSITIONS,74482,6/27/2026 10:13:58 AM,90eec047-676b-4d50-9684-e8707ca80941,2.0,,,,,,,,,,,,,,,,,,,,,,,,,,,,,,,,,,,"(-11.6, 0.6, 1.0)","(-11.9, 1.1, 1.2)","(-12.0, 0.5, 1.2)",
PLAYER_GAZE,74482,6/27/2026 10:13:58 AM,90eec047-676b-4d50-9684-e8707ca80941,2.0,,,,,,,,,,,,,,,,,,,,,,,,Military PT 2,,,,,,,,,"(0.1, 1.1, 0.2)",,,"(-12.0, 0.0, 1.1)",
PLAYER_POSITIONS,74482,6/27/2026 10:13:58 AM,90eec047-676b-4d50-9684-e8707ca80941,2.0,,,,,,,,,,,,,,,,,,,,,,,,,,,,,,,,,,,"(-11.6, 0.6, 1.0)","(-11.9, 1.1, 1.2)","(-12.0, 0.5, 1.2)",
PLAYER_GAZE,74482,6/27/2026 10:13:58 AM,90eec047-676b-4d50-9684-e8707ca80941,2.0,,,,,,,,,,,,,,,,,,,,,,,,Military PT 2,,,,,,,,,"(0.1, 1.1, 0.2)",,,"(-12.0, 0.0, 1.1)",
VOICE_CAPTURE,74833,6/27/2026 10:13:58 AM,90eec047-676b-4d50-9684-e8707ca80941,2.0,,,,,,,,,,,,,,,,,,,,,,,,,,,,,,,,,,,,,,,,,,,,,,,,,,,NA,Holy fuck.,
PLAYER_POSITIONS,74996,6/27/2026 10:13:59 AM,90eec047-676b-4d50-9684-e8707ca80941,2.0,,,,,,,,,,,,,,,,,,,,,,,,,,,,,,,,,,,"(-11.9, 0.3, 0.4)","(-11.9, 0.8, 0.6)","(-12.1, 0.3, 0.5)",
PLAYER_POSITIONS,74996,6/27/2026 10:13:59 AM,90eec047-676b-4d50-9684-e8707ca80941,2.0,,,,,,,,,,,,,,,,,,,,,,,,,,,,,,,,,,,"(-11.9, 0.3, 0.4)","(-11.9, 0.8, 0.6)","(-12.1, 0.3, 0.5)",
DRAG_START,75032,6/27/2026 10:13:59 AM,90eec047-676b-4d50-9684-e8707ca80941,2.0,,,,,"(-12.0, 0.0, 1.1)",,,,,,,,,,,,,,,,,,,Military PT 2,
DRAG_START,75100,6/27/2026 10:13:59 AM,90eec047-676b-4d50-9684-e8707ca80941,2.0,,,,,"(-12.0, 0.0, 1.1)",,,,,,,,,,,,,,,,,,,Military PT 2,
AUDIO_START,75376,6/27/2026 10:13:59 AM,90eec047-676b-4d50-9684-e8707ca80941,2.0,jet flyover,8.071836,
VOICE_CAPTURE,75376,6/27/2026 10:13:59 AM,90eec047-676b-4d50-9684-e8707ca80941,2.0,,,,,,,,,,,,,,,,,,,,,,,,,,,,,,,,,,,,,,,,,,,,,,,,,,,NA,Holy fuck.,
PLAYER_POSITIONS,75517,6/27/2026 10:13:59 AM,90eec047-676b-4d50-9684-e8707ca80941,2.0,,,,,,,,,,,,,,,,,,,,,,,,,,,,,,,,,,,"(-12.1, 0.3, 0.9)","(-12.2, 1.1, 1.1)","(-12.3, 0.3, 0.9)",
PLAYER_POSITIONS,75517,6/27/2026 10:13:59 AM,90eec047-676b-4d50-9684-e8707ca80941,2.0,,,,,,,,,,,,,,,,,,,,,,,,,,,,,,,,,,,"(-12.1, 0.3, 0.9)","(-12.2, 1.1, 1.1)","(-12.3, 0.3, 0.9)",
PULSE_TAKEN,75653,6/27/2026 10:13:59 AM,90eec047-676b-4d50-9684-e8707ca80941,2.0,,,,,,,,,,,,,,,,,,,,,,,,Military PT 2,,,,pulse_faint,
PLAYER_POSITIONS,76022,6/27/2026 10:14:00 AM,90eec047-676b-4d50-9684-e8707ca80941,2.0,,,,,,,,,,,,,,,,,,,,,,,,,,,,,,,,,,,"(-12.3, 0.5, 1.4)","(-12.3, 1.0, 1.8)","(-12.6, 0.5, 1.6)",
PLAYER_POSITIONS,76022,6/27/2026 10:14:00 AM,90eec047-676b-4d50-9684-e8707ca80941,2.0,,,,,,,,,,,,,,,,,,,,,,,,,,,,,,,,,,,"(-12.3, 0.5, 1.4)","(-12.3, 1.0, 1.8)","(-12.6, 0.5, 1.6)",
PULSE_TAKEN,76089,6/27/2026 10:14:00 AM,90eec047-676b-4d50-9684-e8707ca80941,2.0,,,,,,,,,,,,,,,,,,,,,,,,Military PT 2,,,,pulse_faint,
VOICE_CAPTURE,76346,6/27/2026 10:14:00 AM,90eec047-676b-4d50-9684-e8707ca80941,2.0,,,,,,,,,,,,,,,,,,,,,,,,,,,,,,,,,,,,,,,,,,,,,,,,,,,NA,Let's get you-,
PLAYER_POSITIONS,76526,6/27/2026 10:14:00 AM,90eec047-676b-4d50-9684-e8707ca80941,2.0,,,,,,,,,,,,,,,,,,,,,,,,,,,,,,,,,,,"(-12.4, 0.5, 2.0)","(-12.1, 1.0, 2.3)","(-12.5, 0.4, 2.3)",
PLAYER_POSITIONS,76526,6/27/2026 10:14:00 AM,90eec047-676b-4d50-9684-e8707ca80941,2.0,,,,,,,,,,,,,,,,,,,,,,,,,,,,,,,,,,,"(-12.4, 0.5, 2.0)","(-12.1, 1.0, 2.3)","(-12.5, 0.4, 2.3)",
VOICE_CAPTURE,76855,6/27/2026 10:14:00 AM,90eec047-676b-4d50-9684-e8707ca80941,2.0,,,,,,,,,,,,,,,,,,,,,,,,,,,,,,,,,,,,,,,,,,,,,,,,,,,NA,Let's get you away from-,
PLAYER_POSITIONS,77030,6/27/2026 10:14:01 AM,90eec047-676b-4d50-9684-e8707ca80941,2.0,,,,,,,,,,,,,,,,,,,,,,,,,,,,,,,,,,,"(-12.5, 0.5, 2.6)","(-12.2, 1.0, 2.8)","(-12.5, 0.4, 3.0)",
PLAYER_POSITIONS,77030,6/27/2026 10:14:01 AM,90eec047-676b-4d50-9684-e8707ca80941,2.0,,,,,,,,,,,,,,,,,,,,,,,,,,,,,,,,,,,"(-12.5, 0.5, 2.6)","(-12.2, 1.0, 2.8)","(-12.5, 0.4, 3.0)",
VOICE_CAPTURE,77356,6/27/2026 10:14:01 AM,90eec047-676b-4d50-9684-e8707ca80941,2.0,,,,,,,,,,,,,,,,,,,,,,,,,,,,,,,,,,,,,,,,,,,,,,,,,,,NA,Let's get you away from- Let's get you away from there.,
PULSE_TAKEN,77510,6/27/2026 10:14:01 AM,90eec047-676b-4d50-9684-e8707ca80941,2.0,,,,,,,,,,,,,,,,,,,,,,,,Military PT 2,,,,pulse_faint,
PLAYER_POSITIONS,77537,6/27/2026 10:14:01 AM,90eec047-676b-4d50-9684-e8707ca80941,2.0,,,,,,,,,,,,,,,,,,,,,,,,,,,,,,,,,,,"(-12.4, 0.6, 3.0)","(-12.0, 1.1, 3.0)","(-12.3, 0.6, 3.3)",
PLAYER_POSITIONS,77537,6/27/2026 10:14:01 AM,90eec047-676b-4d50-9684-e8707ca80941,2.0,,,,,,,,,,,,,,,,,,,,,,,,,,,,,,,,,,,"(-12.4, 0.6, 3.0)","(-12.0, 1.1, 3.0)","(-12.3, 0.6, 3.3)",
VOICE_CAPTURE,77862,6/27/2026 10:14:01 AM,90eec047-676b-4d50-9684-e8707ca80941,2.0,,,,,,,,,,,,,,,,,,,,,,,,,,,,,,,,,,,,,,,,,,,,,,,,,,,NA,Let's get you away from- Let's get you away from there. I know that hurts.,
PLAYER_POSITIONS,78041,6/27/2026 10:14:02 AM,90eec047-676b-4d50-9684-e8707ca80941,2.0,,,,,,,,,,,,,,,,,,,,,,,,,,,,,,,,,,,"(-12.5, 0.6, 3.6)","(-12.1, 1.1, 3.7)","(-12.3, 0.5, 3.9)",
PLAYER_POSITIONS,78041,6/27/2026 10:14:02 AM,90eec047-676b-4d50-9684-e8707ca80941,2.0,,,,,,,,,,,,,,,,,,,,,,,,,,,,,,,,,,,"(-12.5, 0.6, 3.6)","(-12.1, 1.1, 3.7)","(-12.3, 0.5, 3.9)",
VOICE_CAPTURE,78364,6/27/2026 10:14:02 AM,90eec047-676b-4d50-9684-e8707ca80941,2.0,,,,,,,,,,,,,,,,,,,,,,,,,,,,,,,,,,,,,,,,,,,,,,,,,,,NA,Let's get you away from- Let's get you away from there. I know that hurts.,
VOICE_CAPTURE,78364,6/27/2026 10:14:02 AM,90eec047-676b-4d50-9684-e8707ca80941,2.0,,,,,,,,,,,,,,,,,,,,,,,,,,,,,,,,,,,,,,,,,,,,,,,,,,,NA,Let's get you away from- Let's get you away from there. I know that hurts.,
VOICE_COMMAND,78364,6/27/2026 10:14:02 AM,90eec047-676b-4d50-9684-e8707ca80941,2.0,,,,,,,,,,,,,,,,,,,,,,,,,,,,,,,,,,,,,,,,,,,,,,,,,,,Let's get you away from- Let's get you away from there. I know that hurts.,are you hurt,
PLAYER_POSITIONS,78544,6/27/2026 10:14:02 AM,90eec047-676b-4d50-9684-e8707ca80941,2.0,,,,,,,,,,,,,,,,,,,,,,,,,,,,,,,,,,,"(-12.7, 0.6, 3.9)","(-12.3, 1.0, 3.9)","(-12.5, 0.5, 4.2)",
PLAYER_POSITIONS,78544,6/27/2026 10:14:02 AM,90eec047-676b-4d50-9684-e8707ca80941,2.0,,,,,,,,,,,,,,,,,,,,,,,,,,,,,,,,,,,"(-12.7, 0.6, 3.9)","(-12.3, 1.0, 3.9)","(-12.5, 0.5, 4.2)",
PLAYER_POSITIONS,79067,6/27/2026 10:14:03 AM,90eec047-676b-4d50-9684-e8707ca80941,2.0,,,,,,,,,,,,,,,,,,,,,,,,,,,,,,,,,,,"(-12.8, 0.6, 4.3)","(-12.4, 1.0, 4.1)","(-12.4, 0.4, 4.5)",
PLAYER_POSITIONS,79067,6/27/2026 10:14:03 AM,90eec047-676b-4d50-9684-e8707ca80941,2.0,,,,,,,,,,,,,,,,,,,,,,,,,,,,,,,,,,,"(-12.8, 0.6, 4.3)","(-12.4, 1.0, 4.1)","(-12.4, 0.4, 4.5)",
PLAYER_POSITIONS,79549,6/27/2026 10:14:03 AM,90eec047-676b-4d50-9684-e8707ca80941,2.0,,,,,,,,,,,,,,,,,,,,,,,,,,,,,,,,,,,"(-12.9, 0.6, 4.5)","(-12.6, 1.0, 4.3)","(-12.6, 0.4, 4.6)",
PLAYER_POSITIONS,79549,6/27/2026 10:14:03 AM,90eec047-676b-4d50-9684-e8707ca80941,2.0,,,,,,,,,,,,,,,,,,,,,,,,,,,,,,,,,,,"(-12.9, 0.6, 4.5)","(-12.6, 1.0, 4.3)","(-12.6, 0.4, 4.6)",
DRAG_STOP,79849,6/27/2026 10:14:03 AM,90eec047-676b-4d50-9684-e8707ca80941,2.0,,,,,"(-12.0, 0.0, 1.1)","(-12.6, 0.0, 4.0)",,,,,,,,,,,,,,,,,,Military PT 2,
DRAG_STOP,79849,6/27/2026 10:14:03 AM,90eec047-676b-4d50-9684-e8707ca80941,2.0,,,,,"(-12.0, 0.0, 1.1)","(-12.6, 0.0, 4.0)",,,,,,,,,,,,,,,,,,Military PT 2,
DRAG_STOP,79849,6/27/2026 10:14:03 AM,90eec047-676b-4d50-9684-e8707ca80941,2.0,,,,,"(-12.0, 0.0, 1.1)","(-12.6, 0.0, 4.0)",,,,,,,,,,,,,,,,,,Military PT 2,
DRAG_STOP,79849,6/27/2026 10:14:03 AM,90eec047-676b-4d50-9684-e8707ca80941,2.0,,,,,"(-12.0, 0.0, 1.1)","(-12.6, 0.0, 4.0)",,,,,,,,,,,,,,,,,,Military PT 2,
PLAYER_POSITIONS,80070,6/27/2026 10:14:04 AM,90eec047-676b-4d50-9684-e8707ca80941,2.0,,,,,,,,,,,,,,,,,,,,,,,,,,,,,,,,,,,"(-13.0, 0.6, 4.7)","(-12.7, 1.1, 4.5)","(-12.7, 0.4, 4.8)",
PLAYER_POSITIONS,80070,6/27/2026 10:14:04 AM,90eec047-676b-4d50-9684-e8707ca80941,2.0,,,,,,,,,,,,,,,,,,,,,,,,,,,,,,,,,,,"(-13.0, 0.6, 4.7)","(-12.7, 1.1, 4.5)","(-12.7, 0.4, 4.8)",
PLAYER_POSITIONS,80571,6/27/2026 10:14:04 AM,90eec047-676b-4d50-9684-e8707ca80941,2.0,,,,,,,,,,,,,,,,,,,,,,,,,,,,,,,,,,,"(-12.8, 0.4, 4.3)","(-12.7, 1.1, 4.3)","(-12.6, 0.6, 4.5)",
PLAYER_POSITIONS,80571,6/27/2026 10:14:04 AM,90eec047-676b-4d50-9684-e8707ca80941,2.0,,,,,,,,,,,,,,,,,,,,,,,,,,,,,,,,,,,"(-12.8, 0.4, 4.3)","(-12.7, 1.1, 4.3)","(-12.6, 0.6, 4.5)",
PLAYER_POSITIONS,81082,6/27/2026 10:14:05 AM,90eec047-676b-4d50-9684-e8707ca80941,2.0,,,,,,,,,,,,,,,,,,,,,,,,,,,,,,,,,,,"(-12.7, 0.4, 3.9)","(-12.6, 1.1, 4.5)","(-12.6, 0.7, 4.9)",
PLAYER_POSITIONS,81082,6/27/2026 10:14:05 AM,90eec047-676b-4d50-9684-e8707ca80941,2.0,,,,,,,,,,,,,,,,,,,,,,,,,,,,,,,,,,,"(-12.7, 0.4, 3.9)","(-12.6, 1.1, 4.5)","(-12.6, 0.7, 4.9)",
PLAYER_POSITIONS,81603,6/27/2026 10:14:05 AM,90eec047-676b-4d50-9684-e8707ca80941,2.0,,,,,,,,,,,,,,,,,,,,,,,,,,,,,,,,,,,"(-12.7, 0.5, 4.1)","(-12.6, 1.0, 4.6)","(-12.5, 0.4, 5.1)",
PLAYER_POSITIONS,81603,6/27/2026 10:14:05 AM,90eec047-676b-4d50-9684-e8707ca80941,2.0,,,,,,,,,,,,,,,,,,,,,,,,,,,,,,,,,,,"(-12.7, 0.5, 4.1)","(-12.6, 1.0, 4.6)","(-12.5, 0.4, 5.1)",
PLAYER_POSITIONS,82136,6/27/2026 10:14:06 AM,90eec047-676b-4d50-9684-e8707ca80941,2.0,,,,,,,,,,,,,,,,,,,,,,,,,,,,,,,,,,,"(-12.7, 0.4, 4.1)","(-12.7, 1.0, 4.5)","(-12.5, 0.4, 5.1)",
PLAYER_POSITIONS,82136,6/27/2026 10:14:06 AM,90eec047-676b-4d50-9684-e8707ca80941,2.0,,,,,,,,,,,,,,,,,,,,,,,,,,,,,,,,,,,"(-12.7, 0.4, 4.1)","(-12.7, 1.0, 4.5)","(-12.5, 0.4, 5.1)",
PLAYER_POSITIONS,82655,6/27/2026 10:14:06 AM,90eec047-676b-4d50-9684-e8707ca80941,2.0,,,,,,,,,,,,,,,,,,,,,,,,,,,,,,,,,,,"(-12.7, 0.4, 4.1)","(-12.6, 1.0, 4.6)","(-12.5, 0.4, 5.1)",
PLAYER_POSITIONS,82655,6/27/2026 10:14:06 AM,90eec047-676b-4d50-9684-e8707ca80941,2.0,,,,,,,,,,,,,,,,,,,,,,,,,,,,,,,,,,,"(-12.7, 0.4, 4.1)","(-12.6, 1.0, 4.6)","(-12.5, 0.4, 5.1)",
PLAYER_POSITIONS,83166,6/27/2026 10:14:07 AM,90eec047-676b-4d50-9684-e8707ca80941,2.0,,,,,,,,,,,,,,,,,,,,,,,,,,,,,,,,,,,"(-12.8, 0.4, 4.2)","(-12.6, 1.1, 4.6)","(-12.5, 0.4, 4.8)",
PLAYER_POSITIONS,83166,6/27/2026 10:14:07 AM,90eec047-676b-4d50-9684-e8707ca80941,2.0,,,,,,,,,,,,,,,,,,,,,,,,,,,,,,,,,,,"(-12.8, 0.4, 4.2)","(-12.6, 1.1, 4.6)","(-12.5, 0.4, 4.8)",
AUDIO_END,83456,6/27/2026 10:14:07 AM,90eec047-676b-4d50-9684-e8707ca80941,2.0,jet flyover,8.071836,
NARRATIVE_SECTION_END,83456,6/27/2026 10:14:07 AM,90eec047-676b-4d50-9684-e8707ca80941,2.0,,,,,,,,,,,,,,,,,,Jet flyover sound,8,
NARRATIVE_SECTION_START,83495,6/27/2026 10:14:07 AM,90eec047-676b-4d50-9684-e8707ca80941,2.0,,,,,,,,,,,,,,,,,,Distant Explosion,9,
TOOL_HOVER,83675,6/27/2026 10:14:07 AM,90eec047-676b-4d50-9684-e8707ca80941,2.0,,,,,,,,,,,,,,,,,,,,,,,,,,,,,,,,,,,,,,,,,,,,,,998,,Fentanyl Lollipop,
PLAYER_POSITIONS,83676,6/27/2026 10:14:07 AM,90eec047-676b-4d50-9684-e8707ca80941,2.0,,,,,,,,,,,,,,,,,,,,,,,,,,,,,,,,,,,"(-12.8, 0.5, 4.4)","(-12.5, 1.1, 4.8)","(-12.3, 0.8, 5.2)",
PLAYER_POSITIONS,83676,6/27/2026 10:14:07 AM,90eec047-676b-4d50-9684-e8707ca80941,2.0,,,,,,,,,,,,,,,,,,,,,,,,,,,,,,,,,,,"(-12.8, 0.5, 4.4)","(-12.5, 1.1, 4.8)","(-12.3, 0.8, 5.2)",
TOOL_SELECTED,83986,6/27/2026 10:14:08 AM,90eec047-676b-4d50-9684-e8707ca80941,2.0,,,,,,,,,,,,,,,,,,,,,,,,,,,,,,,,,,,,,,,,,,,,,,997,,Fentanyl Lollipop,
PLAYER_POSITIONS,84188,6/27/2026 10:14:08 AM,90eec047-676b-4d50-9684-e8707ca80941,2.0,,,,,,,,,,,,,,,,,,,,,,,,,,,,,,,,,,,"(-12.9, 0.5, 4.5)","(-12.7, 1.2, 4.7)","(-12.4, 0.8, 5.1)",
PLAYER_POSITIONS,84188,6/27/2026 10:14:08 AM,90eec047-676b-4d50-9684-e8707ca80941,2.0,,,,,,,,,,,,,,,,,,,,,,,,,,,,,,,,,,,"(-12.9, 0.5, 4.5)","(-12.7, 1.2, 4.7)","(-12.4, 0.8, 5.1)",
VOICE_CAPTURE,84399,6/27/2026 10:14:08 AM,90eec047-676b-4d50-9684-e8707ca80941,2.0,,,,,,,,,,,,,,,,,,,,,,,,,,,,,,,,,,,,,,,,,,,,,,,,,,,NA,*sigh*,
AUDIO_START,84493,6/27/2026 10:14:08 AM,90eec047-676b-4d50-9684-e8707ca80941,2.0,distant explosion,4.675919,
PLAYER_POSITIONS,84689,6/27/2026 10:14:08 AM,90eec047-676b-4d50-9684-e8707ca80941,2.0,,,,,,,,,,,,,,,,,,,,,,,,,,,,,,,,,,,"(-13.0, 0.4, 4.1)","(-12.9, 1.1, 4.5)","(-12.9, 0.5, 4.7)",
PLAYER_POSITIONS,84689,6/27/2026 10:14:08 AM,90eec047-676b-4d50-9684-e8707ca80941,2.0,,,,,,,,,,,,,,,,,,,,,,,,,,,,,,,,,,,"(-13.0, 0.4, 4.1)","(-12.9, 1.1, 4.5)","(-12.9, 0.5, 4.7)",
VOICE_CAPTURE,84844,6/27/2026 10:14:08 AM,90eec047-676b-4d50-9684-e8707ca80941,2.0,,,,,,,,,,,,,,,,,,,,,,,,,,,,,,,,,,,,,,,,,,,,,,,,,,,NA,*sigh* I expect him but,
PLAYER_POSITIONS,85199,6/27/2026 10:14:09 AM,90eec047-676b-4d50-9684-e8707ca80941,2.0,,,,,,,,,,,,,,,,,,,,,,,,,,,,,,,,,,,"(-12.8, 0.4, 4.1)","(-12.9, 1.0, 4.6)","(-13.0, 0.2, 4.7)",
PLAYER_POSITIONS,85199,6/27/2026 10:14:09 AM,90eec047-676b-4d50-9684-e8707ca80941,2.0,,,,,,,,,,,,,,,,,,,,,,,,,,,,,,,,,,,"(-12.8, 0.4, 4.1)","(-12.9, 1.0, 4.6)","(-13.0, 0.2, 4.7)",
VOICE_CAPTURE,85343,6/27/2026 10:14:09 AM,90eec047-676b-4d50-9684-e8707ca80941,2.0,,,,,,,,,,,,,,,,,,,,,,,,,,,,,,,,,,,,,,,,,,,,,,,,,,,NA,"*sigh* *sigh* I expect him, but I'm gonna-",
PLAYER_POSITIONS,85720,6/27/2026 10:14:09 AM,90eec047-676b-4d50-9684-e8707ca80941,2.0,,,,,,,,,,,,,,,,,,,,,,,,,,,,,,,,,,,"(-12.8, 0.5, 4.2)","(-12.9, 1.0, 4.7)","(-13.0, 0.2, 4.8)",
PLAYER_POSITIONS,85720,6/27/2026 10:14:09 AM,90eec047-676b-4d50-9684-e8707ca80941,2.0,,,,,,,,,,,,,,,,,,,,,,,,,,,,,,,,,,,"(-12.8, 0.5, 4.2)","(-12.9, 1.0, 4.7)","(-13.0, 0.2, 4.8)",
VOICE_CAPTURE,85866,6/27/2026 10:14:09 AM,90eec047-676b-4d50-9684-e8707ca80941,2.0,,,,,,,,,,,,,,,,,,,,,,,,,,,,,,,,,,,,,,,,,,,,,,,,,,,NA,"*sigh* I expect him, but I'm gonna give you some",
INJURY_TREATED,86133,6/27/2026 10:14:10 AM,90eec047-676b-4d50-9684-e8707ca80941,2.0,,,,,,,,,fullBody,Full Body Burn,"(0.0, 0.0, 0.0)",lollipop,1,1,high,True,True,,,,,,,Military PT 2,
TOOL_APPLIED,86133,6/27/2026 10:14:10 AM,90eec047-676b-4d50-9684-e8707ca80941,2.0,,,,,,,,,,,,,,,,,,,,,,,,Military PT 2,,,,,,,,,,,,,,,,,,,,AppliedLollipop,Jaw (UnityEngine.GameObject),,Fentanyl Lollipop(Clone) (UnityEngine.GameObject),Fentanyl Lollipop,
PLAYER_POSITIONS,86244,6/27/2026 10:14:10 AM,90eec047-676b-4d50-9684-e8707ca80941,2.0,,,,,,,,,,,,,,,,,,,,,,,,,,,,,,,,,,,"(-12.8, 0.5, 4.2)","(-12.9, 1.0, 4.7)","(-13.0, 0.2, 4.8)",
PLAYER_POSITIONS,86244,6/27/2026 10:14:10 AM,90eec047-676b-4d50-9684-e8707ca80941,2.0,,,,,,,,,,,,,,,,,,,,,,,,,,,,,,,,,,,"(-12.8, 0.5, 4.2)","(-12.9, 1.0, 4.7)","(-13.0, 0.2, 4.8)",
VOICE_CAPTURE,86414,6/27/2026 10:14:10 AM,90eec047-676b-4d50-9684-e8707ca80941,2.0,,,,,,,,,,,,,,,,,,,,,,,,,,,,,,,,,,,,,,,,,,,,,,,,,,,NA,"*sigh* I expect him, but I'm gonna give you some pain meds.",
BAG_CLOSED,86559,6/27/2026 10:14:10 AM,90eec047-676b-4d50-9684-e8707ca80941,2.0,,,,,,,,,,,,,,,,,,,,,,,,,,,,,,,,,,,,"(0.0, 0.0, 0.0)",
PLAYER_POSITIONS,86761,6/27/2026 10:14:10 AM,90eec047-676b-4d50-9684-e8707ca80941,2.0,,,,,,,,,,,,,,,,,,,,,,,,,,,,,,,,,,,"(-12.8, 0.5, 4.2)","(-12.8, 1.3, 4.6)","(-12.6, 0.3, 4.8)",
PLAYER_GAZE,86761,6/27/2026 10:14:10 AM,90eec047-676b-4d50-9684-e8707ca80941,2.0,,,,,,,,,,,,,,,,,,,,,,,,Military PT 13,,,,,,,,,"(2.4, 1.3, -0.4)",,,"(-15.2, 0.0, 5.0)",
PLAYER_POSITIONS,86761,6/27/2026 10:14:10 AM,90eec047-676b-4d50-9684-e8707ca80941,2.0,,,,,,,,,,,,,,,,,,,,,,,,,,,,,,,,,,,"(-12.8, 0.5, 4.2)","(-12.8, 1.3, 4.6)","(-12.6, 0.3, 4.8)",
PLAYER_GAZE,86761,6/27/2026 10:14:10 AM,90eec047-676b-4d50-9684-e8707ca80941,2.0,,,,,,,,,,,,,,,,,,,,,,,,Military PT 13,,,,,,,,,"(2.4, 1.3, -0.4)",,,"(-15.2, 0.0, 5.0)",
VOICE_CAPTURE,86905,6/27/2026 10:14:11 AM,90eec047-676b-4d50-9684-e8707ca80941,2.0,,,,,,,,,,,,,,,,,,,,,,,,,,,,,,,,,,,,,,,,,,,,,,,,,,,NA,*sigh* I expect him but I'm gonna give you some pain meds so you can die for your,
PLAYER_POSITIONS,87316,6/27/2026 10:14:11 AM,90eec047-676b-4d50-9684-e8707ca80941,2.0,,,,,,,,,,,,,,,,,,,,,,,,,,,,,,,,,,,"(-12.4, 0.6, 4.4)","(-12.2, 1.2, 4.4)","(-12.7, 0.5, 4.6)",
PLAYER_POSITIONS,87316,6/27/2026 10:14:11 AM,90eec047-676b-4d50-9684-e8707ca80941,2.0,,,,,,,,,,,,,,,,,,,,,,,,,,,,,,,,,,,"(-12.4, 0.6, 4.4)","(-12.2, 1.2, 4.4)","(-12.7, 0.5, 4.6)",
VOICE_CAPTURE,87380,6/27/2026 10:14:11 AM,90eec047-676b-4d50-9684-e8707ca80941,2.0,,,,,,,,,,,,,,,,,,,,,,,,,,,,,,,,,,,,,,,,,,,,,,,,,,,NA,*sigh* I expect him but I'm gonna give you some pain meds so you can die for your give you some pain meds so you can know peacefully.,
PLAYER_POSITIONS,87856,6/27/2026 10:14:11 AM,90eec047-676b-4d50-9684-e8707ca80941,2.0,,,,,,,,,,,,,,,,,,,,,,,,,,,,,,,,,,,"(-11.6, 0.4, 3.4)","(-11.7, 1.2, 3.7)","(-11.9, 0.5, 3.7)",
PLAYER_POSITIONS,87856,6/27/2026 10:14:11 AM,90eec047-676b-4d50-9684-e8707ca80941,2.0,,,,,,,,,,,,,,,,,,,,,,,,,,,,,,,,,,,"(-11.6, 0.4, 3.4)","(-11.7, 1.2, 3.7)","(-11.9, 0.5, 3.7)",
VOICE_CAPTURE,87902,6/27/2026 10:14:12 AM,90eec047-676b-4d50-9684-e8707ca80941,2.0,,,,,,,,,,,,,,,,,,,,,,,,,,,,,,,,,,,,,,,,,,,,,,,,,,,NA,*sigh* I expect him but I'm gonna give you some pain meds so you can die for your give you some pain meds so you can know peacefully.,
VOICE_CAPTURE,87902,6/27/2026 10:14:12 AM,90eec047-676b-4d50-9684-e8707ca80941,2.0,,,,,,,,,,,,,,,,,,,,,,,,,,,,,,,,,,,,,,,,,,,,,,,,,,,NA,*sigh* I expect him but I'm gonna give you some pain meds so you can die for your give you some pain meds so you can know peacefully.,
VOICE_COMMAND,87902,6/27/2026 10:14:12 AM,90eec047-676b-4d50-9684-e8707ca80941,2.0,,,,,,,,,,,,,,,,,,,,,,,,,,,,,,,,,,,,,,,,,,,,,,,,,,,*sigh* I expect him but I'm gonna give you some pain meds so you can die for your give you some pain meds so you can know peacefully.,are you in pain,
PLAYER_POSITIONS,88376,6/27/2026 10:14:12 AM,90eec047-676b-4d50-9684-e8707ca80941,2.0,,,,,,,,,,,,,,,,,,,,,,,,,,,,,,,,,,,"(-11.7, 0.4, 3.4)","(-11.6, 1.2, 3.6)","(-11.9, 0.4, 3.9)",
PLAYER_POSITIONS,88376,6/27/2026 10:14:12 AM,90eec047-676b-4d50-9684-e8707ca80941,2.0,,,,,,,,,,,,,,,,,,,,,,,,,,,,,,,,,,,"(-11.7, 0.4, 3.4)","(-11.6, 1.2, 3.6)","(-11.9, 0.4, 3.9)",
PLAYER_POSITIONS,88910,6/27/2026 10:14:13 AM,90eec047-676b-4d50-9684-e8707ca80941,2.0,,,,,,,,,,,,,,,,,,,,,,,,,,,,,,,,,,,"(-11.6, 0.3, 2.6)","(-11.6, 1.1, 2.8)","(-11.9, 0.3, 3.0)",
PLAYER_POSITIONS,88910,6/27/2026 10:14:13 AM,90eec047-676b-4d50-9684-e8707ca80941,2.0,,,,,,,,,,,,,,,,,,,,,,,,,,,,,,,,,,,"(-11.6, 0.3, 2.6)","(-11.6, 1.1, 2.8)","(-11.9, 0.3, 3.0)",
AUDIO_END,89172,6/27/2026 10:14:13 AM,90eec047-676b-4d50-9684-e8707ca80941,2.0,distant explosion,4.675919,
NARRATIVE_SECTION_END,89172,6/27/2026 10:14:13 AM,90eec047-676b-4d50-9684-e8707ca80941,2.0,,,,,,,,,,,,,,,,,,Distant Explosion,9,
NARRATIVE_SECTION_START,89235,6/27/2026 10:14:13 AM,90eec047-676b-4d50-9684-e8707ca80941,2.0,,,,,,,,,,,,,,,,,,Thats a good hit,10,
PLAYER_POSITIONS,89449,6/27/2026 10:14:13 AM,90eec047-676b-4d50-9684-e8707ca80941,2.0,,,,,,,,,,,,,,,,,,,,,,,,,,,,,,,,,,,"(-12.0, 0.3, 2.0)","(-12.0, 1.1, 2.1)","(-12.3, 0.3, 2.4)",
PLAYER_GAZE,89449,6/27/2026 10:14:13 AM,90eec047-676b-4d50-9684-e8707ca80941,2.0,,,,,,,,,,,,,,,,,,,,,,,,Military PT 9,,,,,,,,,"(0.7, 1.1, 4.0)",,,"(-12.7, 0.0, -1.8)",
PLAYER_POSITIONS,89449,6/27/2026 10:14:13 AM,90eec047-676b-4d50-9684-e8707ca80941,2.0,,,,,,,,,,,,,,,,,,,,,,,,,,,,,,,,,,,"(-12.0, 0.3, 2.0)","(-12.0, 1.1, 2.1)","(-12.3, 0.3, 2.4)",
PLAYER_GAZE,89449,6/27/2026 10:14:13 AM,90eec047-676b-4d50-9684-e8707ca80941,2.0,,,,,,,,,,,,,,,,,,,,,,,,Military PT 9,,,,,,,,,"(0.7, 1.1, 4.0)",,,"(-12.7, 0.0, -1.8)",
PATIENT_DISENGAGED,89752,6/27/2026 10:14:13 AM,90eec047-676b-4d50-9684-e8707ca80941,2.0,,,,16.11,,,,,,,,,,,,,,,,restricted,100,Infinity,normal,Military PT 2,agony,supine,"(-12.6, 0.0, 4.0)",faint,"(0.0, 1.0, 0.0, -0.1)",normal,EXPECTANT,still,,,,,,,,,,,,,,,,,16.11,
VOICE_CAPTURE,89862,6/27/2026 10:14:13 AM,90eec047-676b-4d50-9684-e8707ca80941,2.0,,,,,,,,,,,,,,,,,,,,,,,,,,,,,,,,,,,,,,,,,,,,,,,,,,,NA,Okay.,
PLAYER_POSITIONS,89972,6/27/2026 10:14:14 AM,90eec047-676b-4d50-9684-e8707ca80941,2.0,,,,,,,,,,,,,,,,,,,,,,,,,,,,,,,,,,,"(-12.1, 0.3, 1.3)","(-12.2, 1.1, 1.4)","(-12.4, 0.5, 1.5)",
PLAYER_POSITIONS,89972,6/27/2026 10:14:14 AM,90eec047-676b-4d50-9684-e8707ca80941,2.0,,,,,,,,,,,,,,,,,,,,,,,,,,,,,,,,,,,"(-12.1, 0.3, 1.3)","(-12.2, 1.1, 1.4)","(-12.4, 0.5, 1.5)",
VOICE_CAPTURE,90389,6/27/2026 10:14:14 AM,90eec047-676b-4d50-9684-e8707ca80941,2.0,,,,,,,,,,,,,,,,,,,,,,,,,,,,,,,,,,,,,,,,,,,,,,,,,,,NA,Okay.,
PLAYER_POSITIONS,90479,6/27/2026 10:14:14 AM,90eec047-676b-4d50-9684-e8707ca80941,2.0,,,,,,,,,,,,,,,,,,,,,,,,,,,,,,,,,,,"(-11.8, 0.3, 0.5)","(-12.0, 1.2, 0.5)","(-12.2, 0.5, 0.6)",
PLAYER_POSITIONS,90479,6/27/2026 10:14:14 AM,90eec047-676b-4d50-9684-e8707ca80941,2.0,,,,,,,,,,,,,,,,,,,,,,,,,,,,,,,,,,,"(-11.8, 0.3, 0.5)","(-12.0, 1.2, 0.5)","(-12.2, 0.5, 0.6)",
VOICE_CAPTURE,90894,6/27/2026 10:14:14 AM,90eec047-676b-4d50-9684-e8707ca80941,2.0,,,,,,,,,,,,,,,,,,,,,,,,,,,,,,,,,,,,,,,,,,,,,,,,,,,NA,Okay.,
PLAYER_POSITIONS,90983,6/27/2026 10:14:15 AM,90eec047-676b-4d50-9684-e8707ca80941,2.0,,,,,,,,,,,,,,,,,,,,,,,,,,,,,,,,,,,"(-11.7, 0.6, 0.0)","(-12.0, 1.2, 0.1)","(-11.9, 0.6, -0.1)",
PLAYER_GAZE,90983,6/27/2026 10:14:15 AM,90eec047-676b-4d50-9684-e8707ca80941,2.0,,,,,,,,,,,,,,,,,,,,,,,,Military PT 10,,,,,,,,,"(-2.4, 1.2, 3.0)",,,"(-9.6, 0.0, -2.9)",
PLAYER_POSITIONS,90983,6/27/2026 10:14:15 AM,90eec047-676b-4d50-9684-e8707ca80941,2.0,,,,,,,,,,,,,,,,,,,,,,,,,,,,,,,,,,,"(-11.7, 0.6, 0.0)","(-12.0, 1.2, 0.1)","(-11.9, 0.6, -0.1)",
PLAYER_GAZE,90983,6/27/2026 10:14:15 AM,90eec047-676b-4d50-9684-e8707ca80941,2.0,,,,,,,,,,,,,,,,,,,,,,,,Military PT 10,,,,,,,,,"(-2.4, 1.2, 3.0)",,,"(-9.6, 0.0, -2.9)",
AUDIO_START,91224,6/27/2026 10:14:15 AM,90eec047-676b-4d50-9684-e8707ca80941,2.0,thats a good hit,3.657143,
VOICE_CAPTURE,91410,6/27/2026 10:14:15 AM,90eec047-676b-4d50-9684-e8707ca80941,2.0,,,,,,,,,,,,,,,,,,,,,,,,,,,,,,,,,,,,,,,,,,,,,,,,,,,NA,Okay.,
PLAYER_POSITIONS,91499,6/27/2026 10:14:15 AM,90eec047-676b-4d50-9684-e8707ca80941,2.0,,,,,,,,,,,,,,,,,,,,,,,,,,,,,,,,,,,"(-11.5, 0.4, -0.3)","(-11.8, 1.2, -0.3)","(-11.7, 0.6, -0.4)",
PLAYER_POSITIONS,91499,6/27/2026 10:14:15 AM,90eec047-676b-4d50-9684-e8707ca80941,2.0,,,,,,,,,,,,,,,,,,,,,,,,,,,,,,,,,,,"(-11.5, 0.4, -0.3)","(-11.8, 1.2, -0.3)","(-11.7, 0.6, -0.4)",
VOICE_CAPTURE,91881,6/27/2026 10:14:15 AM,90eec047-676b-4d50-9684-e8707ca80941,2.0,,,,,,,,,,,,,,,,,,,,,,,,,,,,,,,,,,,,,,,,,,,,,,,,,,,NA,Okay.,
PLAYER_POSITIONS,92002,6/27/2026 10:14:16 AM,90eec047-676b-4d50-9684-e8707ca80941,2.0,,,,,,,,,,,,,,,,,,,,,,,,,,,,,,,,,,,"(-11.3, 0.5, -0.9)","(-11.5, 1.2, -0.7)","(-11.6, 0.6, -1.1)",
PLAYER_GAZE,92002,6/27/2026 10:14:16 AM,90eec047-676b-4d50-9684-e8707ca80941,2.0,,,,,,,,,,,,,,,,,,,,,,,,Military PT 10,,,,,,,,,"(-1.9, 1.2, 2.1)",,,"(-9.6, 0.0, -2.9)",
PLAYER_POSITIONS,92002,6/27/2026 10:14:16 AM,90eec047-676b-4d50-9684-e8707ca80941,2.0,,,,,,,,,,,,,,,,,,,,,,,,,,,,,,,,,,,"(-11.3, 0.5, -0.9)","(-11.5, 1.2, -0.7)","(-11.6, 0.6, -1.1)",
PLAYER_GAZE,92002,6/27/2026 10:14:16 AM,90eec047-676b-4d50-9684-e8707ca80941,2.0,,,,,,,,,,,,,,,,,,,,,,,,Military PT 10,,,,,,,,,"(-1.9, 1.2, 2.1)",,,"(-9.6, 0.0, -2.9)",
VOICE_CAPTURE,92362,6/27/2026 10:14:16 AM,90eec047-676b-4d50-9684-e8707ca80941,2.0,,,,,,,,,,,,,,,,,,,,,,,,,,,,,,,,,,,,,,,,,,,,,,,,,,,NA,Okay.,
TELEPORT,92427,6/27/2026 10:14:16 AM,90eec047-676b-4d50-9684-e8707ca80941,2.0,,,,,,,,,,,,,,,,,,,,,,,,,,,,,,,,,,,,"(-11.6, 1.2, -0.9)",,,,,,,"(-6.0, 1.2, -3.9)",
PLAYER_POSITIONS,92515,6/27/2026 10:14:16 AM,90eec047-676b-4d50-9684-e8707ca80941,2.0,,,,,,,,,,,,,,,,,,,,,,,,,,,,,,,,,,,"(-5.8, 0.5, -3.9)","(-5.9, 1.3, -4.0)","(-6.0, 0.6, -4.1)",
PLAYER_POSITIONS,92515,6/27/2026 10:14:16 AM,90eec047-676b-4d50-9684-e8707ca80941,2.0,,,,,,,,,,,,,,,,,,,,,,,,,,,,,,,,,,,"(-5.8, 0.5, -3.9)","(-5.9, 1.3, -4.0)","(-6.0, 0.6, -4.1)",
VOICE_CAPTURE,92863,6/27/2026 10:14:16 AM,90eec047-676b-4d50-9684-e8707ca80941,2.0,,,,,,,,,,,,,,,,,,,,,,,,,,,,,,,,,,,,,,,,,,,,,,,,,,,NA,Okay.,
PLAYER_POSITIONS,93021,6/27/2026 10:14:17 AM,90eec047-676b-4d50-9684-e8707ca80941,2.0,,,,,,,,,,,,,,,,,,,,,,,,,,,,,,,,,,,"(-5.6, 0.5, -4.2)","(-5.8, 1.3, -4.1)","(-6.0, 0.6, -4.3)",
PLAYER_POSITIONS,93021,6/27/2026 10:14:17 AM,90eec047-676b-4d50-9684-e8707ca80941,2.0,,,,,,,,,,,,,,,,,,,,,,,,,,,,,,,,,,,"(-5.6, 0.5, -4.2)","(-5.8, 1.3, -4.1)","(-6.0, 0.6, -4.3)",
VOICE_CAPTURE,93365,6/27/2026 10:14:17 AM,90eec047-676b-4d50-9684-e8707ca80941,2.0,,,,,,,,,,,,,,,,,,,,,,,,,,,,,,,,,,,,,,,,,,,,,,,,,,,NA,Okay.,
PLAYER_POSITIONS,93520,6/27/2026 10:14:17 AM,90eec047-676b-4d50-9684-e8707ca80941,2.0,,,,,,,,,,,,,,,,,,,,,,,,,,,,,,,,,,,"(-5.9, 0.8, -4.3)","(-6.2, 1.4, -4.3)","(-5.9, 0.6, -4.5)",
PLAYER_GAZE,93520,6/27/2026 10:14:17 AM,90eec047-676b-4d50-9684-e8707ca80941,2.0,,,,,,,,,,,,,,,,,,,,,,,,Military PT 11,,,,,,,,,"(0.2, 1.4, -4.1)",,,"(-6.4, 0.0, -0.3)",
PLAYER_POSITIONS,93520,6/27/2026 10:14:17 AM,90eec047-676b-4d50-9684-e8707ca80941,2.0,,,,,,,,,,,,,,,,,,,,,,,,,,,,,,,,,,,"(-5.9, 0.8, -4.3)","(-6.2, 1.4, -4.3)","(-5.9, 0.6, -4.5)",
PLAYER_GAZE,93520,6/27/2026 10:14:17 AM,90eec047-676b-4d50-9684-e8707ca80941,2.0,,,,,,,,,,,,,,,,,,,,,,,,Military PT 11,,,,,,,,,"(0.2, 1.4, -4.1)",,,"(-6.4, 0.0, -0.3)",
VOICE_CAPTURE,93865,6/27/2026 10:14:17 AM,90eec047-676b-4d50-9684-e8707ca80941,2.0,,,,,,,,,,,,,,,,,,,,,,,,,,,,,,,,,,,,,,,,,,,,,,,,,,,NA,Okay. Oh shit.,
PLAYER_POSITIONS,94043,6/27/2026 10:14:18 AM,90eec047-676b-4d50-9684-e8707ca80941,2.0,,,,,,,,,,,,,,,,,,,,,,,,,,,,,,,,,,,"(-6.6, 0.5, -4.1)","(-6.4, 1.3, -4.2)","(-6.3, 0.7, -4.1)",
PLAYER_POSITIONS,94043,6/27/2026 10:14:18 AM,90eec047-676b-4d50-9684-e8707ca80941,2.0,,,,,,,,,,,,,,,,,,,,,,,,,,,,,,,,,,,"(-6.6, 0.5, -4.1)","(-6.4, 1.3, -4.2)","(-6.3, 0.7, -4.1)",
VOICE_CAPTURE,94430,6/27/2026 10:14:18 AM,90eec047-676b-4d50-9684-e8707ca80941,2.0,,,,,,,,,,,,,,,,,,,,,,,,,,,,,,,,,,,,,,,,,,,,,,,,,,,NA,Okay. Oh shit.,
VOICE_CAPTURE,94430,6/27/2026 10:14:18 AM,90eec047-676b-4d50-9684-e8707ca80941,2.0,,,,,,,,,,,,,,,,,,,,,,,,,,,,,,,,,,,,,,,,,,,,,,,,,,,NA,Okay. Oh shit.,
PLAYER_POSITIONS,94563,6/27/2026 10:14:18 AM,90eec047-676b-4d50-9684-e8707ca80941,2.0,,,,,,,,,,,,,,,,,,,,,,,,,,,,,,,,,,,"(-9.0, 0.5, -3.0)","(-8.7, 1.2, -3.0)","(-8.7, 0.5, -2.8)",
PLAYER_GAZE,94563,6/27/2026 10:14:18 AM,90eec047-676b-4d50-9684-e8707ca80941,2.0,,,,,,,,,,,,,,,,,,,,,,,,Military PT 10,,,,,,,,,"(0.9, 1.2, -0.1)",,,"(-9.6, 0.0, -2.9)",
PLAYER_POSITIONS,94563,6/27/2026 10:14:18 AM,90eec047-676b-4d50-9684-e8707ca80941,2.0,,,,,,,,,,,,,,,,,,,,,,,,,,,,,,,,,,,"(-9.0, 0.5, -3.0)","(-8.7, 1.2, -3.0)","(-8.7, 0.5, -2.8)",
PLAYER_GAZE,94563,6/27/2026 10:14:18 AM,90eec047-676b-4d50-9684-e8707ca80941,2.0,,,,,,,,,,,,,,,,,,,,,,,,Military PT 10,,,,,,,,,"(0.9, 1.2, -0.1)",,,"(-9.6, 0.0, -2.9)",
TELEPORT,94649,6/27/2026 10:14:18 AM,90eec047-676b-4d50-9684-e8707ca80941,2.0,,,,,,,,,,,,,,,,,,,,,,,,,,,,,,,,,,,,"(-6.3, 1.3, -4.2)",,,,,,,"(-8.7, 1.2, -3.0)",
AUDIO_END,94918,6/27/2026 10:14:19 AM,90eec047-676b-4d50-9684-e8707ca80941,2.0,thats a good hit,3.657143,
NARRATIVE_SECTION_END,94918,6/27/2026 10:14:19 AM,90eec047-676b-4d50-9684-e8707ca80941,2.0,,,,,,,,,,,,,,,,,,Thats a good hit,10,
VOICE_CAPTURE,94919,6/27/2026 10:14:19 AM,90eec047-676b-4d50-9684-e8707ca80941,2.0,,,,,,,,,,,,,,,,,,,,,,,,,,,,,,,,,,,,,,,,,,,,,,,,,,,NA,Oh shit.,
NARRATIVE_SECTION_START,94955,6/27/2026 10:14:19 AM,90eec047-676b-4d50-9684-e8707ca80941,2.0,,,,,,,,,,,,,,,,,,What is the casevac destination,11,
PLAYER_POSITIONS,95079,6/27/2026 10:14:19 AM,90eec047-676b-4d50-9684-e8707ca80941,2.0,,,,,,,,,,,,,,,,,,,,,,,,,,,,,,,,,,,"(-9.2, 0.5, -3.4)","(-9.1, 1.1, -3.4)","(-9.0, 0.5, -3.1)",
PLAYER_POSITIONS,95079,6/27/2026 10:14:19 AM,90eec047-676b-4d50-9684-e8707ca80941,2.0,,,,,,,,,,,,,,,,,,,,,,,,,,,,,,,,,,,"(-9.2, 0.5, -3.4)","(-9.1, 1.1, -3.4)","(-9.0, 0.5, -3.1)",
PATIENT_ENGAGED,95152,6/27/2026 10:14:19 AM,90eec047-676b-4d50-9684-e8707ca80941,2.0,,,,0,,,,,,,,,,,,,,,,none,100,Infinity,none,Military PT 10,dead,fetal,"(-9.6, -0.1, -2.9)",none,"(0.0, -0.6, 0.0, 0.8)",none,EXPECTANT,still,,,,,,,,,,,,,,,,,0,
VOICE_CAPTURE,95389,6/27/2026 10:14:19 AM,90eec047-676b-4d50-9684-e8707ca80941,2.0,,,,,,,,,,,,,,,,,,,,,,,,,,,,,,,,,,,,,,,,,,,,,,,,,,,NA,Oh shit.,
PLAYER_POSITIONS,95589,6/27/2026 10:14:19 AM,90eec047-676b-4d50-9684-e8707ca80941,2.0,,,,,,,,,,,,,,,,,,,,,,,,,,,,,,,,,,,"(-9.3, 0.3, -3.6)","(-9.1, 1.0, -3.5)","(-9.2, 0.4, -3.3)",
PLAYER_POSITIONS,95589,6/27/2026 10:14:19 AM,90eec047-676b-4d50-9684-e8707ca80941,2.0,,,,,,,,,,,,,,,,,,,,,,,,,,,,,,,,,,,"(-9.3, 0.3, -3.6)","(-9.1, 1.0, -3.5)","(-9.2, 0.4, -3.3)",
DRAG_START,95638,6/27/2026 10:14:19 AM,90eec047-676b-4d50-9684-e8707ca80941,2.0,,,,,"(-9.6, 0.0, -2.9)",,,,,,,,,,,,,,,,,,,Military PT 10,
PULSE_TAKEN,95686,6/27/2026 10:14:19 AM,90eec047-676b-4d50-9684-e8707ca80941,2.0,,,,,,,,,,,,,,,,,,,,,,,,Military PT 10,,,,pulse_none,
DRAG_START,95837,6/27/2026 10:14:19 AM,90eec047-676b-4d50-9684-e8707ca80941,2.0,,,,,"(-9.6, 0.0, -2.9)",,,,,,,,,,,,,,,,,,,Military PT 10,
PULSE_TAKEN,95876,6/27/2026 10:14:19 AM,90eec047-676b-4d50-9684-e8707ca80941,2.0,,,,,,,,,,,,,,,,,,,,,,,,Military PT 10,,,,pulse_none,
AUDIO_START,95939,6/27/2026 10:14:20 AM,90eec047-676b-4d50-9684-e8707ca80941,2.0,what is the casevac destination,3.813878,
PLAYER_POSITIONS,96124,6/27/2026 10:14:20 AM,90eec047-676b-4d50-9684-e8707ca80941,2.0,,,,,,,,,,,,,,,,,,,,,,,,,,,,,,,,,,,"(-9.1, 0.4, -3.8)","(-9.0, 1.1, -3.7)","(-9.1, 0.4, -3.6)",
PLAYER_POSITIONS,96124,6/27/2026 10:14:20 AM,90eec047-676b-4d50-9684-e8707ca80941,2.0,,,,,,,,,,,,,,,,,,,,,,,,,,,,,,,,,,,"(-9.1, 0.4, -3.8)","(-9.0, 1.1, -3.7)","(-9.1, 0.4, -3.6)",
PLAYER_POSITIONS,96665,6/27/2026 10:14:20 AM,90eec047-676b-4d50-9684-e8707ca80941,2.0,,,,,,,,,,,,,,,,,,,,,,,,,,,,,,,,,,,"(-9.1, 0.3, -4.6)","(-8.9, 1.0, -4.4)","(-9.1, 0.4, -4.4)",
PLAYER_POSITIONS,96665,6/27/2026 10:14:20 AM,90eec047-676b-4d50-9684-e8707ca80941,2.0,,,,,,,,,,,,,,,,,,,,,,,,,,,,,,,,,,,"(-9.1, 0.3, -4.6)","(-8.9, 1.0, -4.4)","(-9.1, 0.4, -4.4)",
PLAYER_POSITIONS,97179,6/27/2026 10:14:21 AM,90eec047-676b-4d50-9684-e8707ca80941,2.0,,,,,,,,,,,,,,,,,,,,,,,,,,,,,,,,,,,"(-8.7, 0.4, -5.0)","(-8.5, 1.0, -4.7)","(-8.8, 0.4, -4.7)",
PLAYER_POSITIONS,97179,6/27/2026 10:14:21 AM,90eec047-676b-4d50-9684-e8707ca80941,2.0,,,,,,,,,,,,,,,,,,,,,,,,,,,,,,,,,,,"(-8.7, 0.4, -5.0)","(-8.5, 1.0, -4.7)","(-8.8, 0.4, -4.7)",
PLAYER_POSITIONS,97696,6/27/2026 10:14:21 AM,90eec047-676b-4d50-9684-e8707ca80941,2.0,,,,,,,,,,,,,,,,,,,,,,,,,,,,,,,,,,,"(-8.5, 0.6, -5.4)","(-8.3, 1.1, -5.0)","(-8.4, 0.6, -5.0)",
PLAYER_POSITIONS,97696,6/27/2026 10:14:21 AM,90eec047-676b-4d50-9684-e8707ca80941,2.0,,,,,,,,,,,,,,,,,,,,,,,,,,,,,,,,,,,"(-8.5, 0.6, -5.4)","(-8.3, 1.1, -5.0)","(-8.4, 0.6, -5.0)",
DRAG_STOP,98102,6/27/2026 10:14:22 AM,90eec047-676b-4d50-9684-e8707ca80941,2.0,,,,,"(-9.6, 0.0, -2.9)","(-8.6, 0.0, -4.8)",,,,,,,,,,,,,,,,,,Military PT 10,
DRAG_STOP,98102,6/27/2026 10:14:22 AM,90eec047-676b-4d50-9684-e8707ca80941,2.0,,,,,"(-9.6, 0.0, -2.9)","(-8.6, 0.0, -4.8)",,,,,,,,,,,,,,,,,,Military PT 10,
DRAG_STOP,98124,6/27/2026 10:14:22 AM,90eec047-676b-4d50-9684-e8707ca80941,2.0,,,,,"(-9.6, 0.0, -2.9)","(-8.6, 0.0, -4.8)",,,,,,,,,,,,,,,,,,Military PT 10,
DRAG_STOP,98124,6/27/2026 10:14:22 AM,90eec047-676b-4d50-9684-e8707ca80941,2.0,,,,,"(-9.6, 0.0, -2.9)","(-8.6, 0.0, -4.8)",,,,,,,,,,,,,,,,,,Military PT 10,
PLAYER_POSITIONS,98213,6/27/2026 10:14:22 AM,90eec047-676b-4d50-9684-e8707ca80941,2.0,,,,,,,,,,,,,,,,,,,,,,,,,,,,,,,,,,,"(-8.3, 0.6, -5.7)","(-8.1, 1.0, -5.3)","(-8.2, 0.6, -5.3)",
PLAYER_POSITIONS,98213,6/27/2026 10:14:22 AM,90eec047-676b-4d50-9684-e8707ca80941,2.0,,,,,,,,,,,,,,,,,,,,,,,,,,,,,,,,,,,"(-8.3, 0.6, -5.7)","(-8.1, 1.0, -5.3)","(-8.2, 0.6, -5.3)",
PLAYER_POSITIONS,98736,6/27/2026 10:14:22 AM,90eec047-676b-4d50-9684-e8707ca80941,2.0,,,,,,,,,,,,,,,,,,,,,,,,,,,,,,,,,,,"(-8.0, 0.4, -5.4)","(-8.2, 1.1, -5.5)","(-8.4, 0.6, -5.2)",
PLAYER_POSITIONS,98736,6/27/2026 10:14:22 AM,90eec047-676b-4d50-9684-e8707ca80941,2.0,,,,,,,,,,,,,,,,,,,,,,,,,,,,,,,,,,,"(-8.0, 0.4, -5.4)","(-8.2, 1.1, -5.5)","(-8.4, 0.6, -5.2)",
VOICE_CAPTURE,98824,6/27/2026 10:14:22 AM,90eec047-676b-4d50-9684-e8707ca80941,2.0,,,,,,,,,,,,,,,,,,,,,,,,,,,,,,,,,,,,,,,,,,,,,,,,,,,NA,Can you hear me?,
PLAYER_POSITIONS,99237,6/27/2026 10:14:23 AM,90eec047-676b-4d50-9684-e8707ca80941,2.0,,,,,,,,,,,,,,,,,,,,,,,,,,,,,,,,,,,"(-8.1, 0.5, -5.4)","(-8.2, 1.1, -5.3)","(-8.5, 0.6, -5.2)",
PLAYER_POSITIONS,99237,6/27/2026 10:14:23 AM,90eec047-676b-4d50-9684-e8707ca80941,2.0,,,,,,,,,,,,,,,,,,,,,,,,,,,,,,,,,,,"(-8.1, 0.5, -5.4)","(-8.2, 1.1, -5.3)","(-8.5, 0.6, -5.2)",
VOICE_CAPTURE,99339,6/27/2026 10:14:23 AM,90eec047-676b-4d50-9684-e8707ca80941,2.0,,,,,,,,,,,,,,,,,,,,,,,,,,,,,,,,,,,,,,,,,,,,,,,,,,,NA,Can you hear me?,
VOICE_CAPTURE,99339,6/27/2026 10:14:23 AM,90eec047-676b-4d50-9684-e8707ca80941,2.0,,,,,,,,,,,,,,,,,,,,,,,,,,,,,,,,,,,,,,,,,,,,,,,,,,,NA,Can you hear me?,
VOICE_COMMAND,99339,6/27/2026 10:14:23 AM,90eec047-676b-4d50-9684-e8707ca80941,2.0,,,,,,,,,,,,,,,,,,,,,,,,,,,,,,,,,,,,,,,,,,,,,,,,,,,Can you hear me?,can you hear,
AUDIO_END,99752,6/27/2026 10:14:23 AM,90eec047-676b-4d50-9684-e8707ca80941,2.0,what is the casevac destination,3.813878,
NARRATIVE_SECTION_END,99752,6/27/2026 10:14:23 AM,90eec047-676b-4d50-9684-e8707ca80941,2.0,,,,,,,,,,,,,,,,,,What is the casevac destination,11,
PLAYER_POSITIONS,99752,6/27/2026 10:14:23 AM,90eec047-676b-4d50-9684-e8707ca80941,2.0,,,,,,,,,,,,,,,,,,,,,,,,,,,,,,,,,,,"(-8.0, 0.3, -5.3)","(-8.1, 0.9, -5.4)","(-8.2, 0.3, -5.3)",
PLAYER_POSITIONS,99752,6/27/2026 10:14:23 AM,90eec047-676b-4d50-9684-e8707ca80941,2.0,,,,,,,,,,,,,,,,,,,,,,,,,,,,,,,,,,,"(-8.0, 0.3, -5.3)","(-8.1, 0.9, -5.4)","(-8.2, 0.3, -5.3)",
NARRATIVE_SECTION_START,99782,6/27/2026 10:14:23 AM,90eec047-676b-4d50-9684-e8707ca80941,2.0,,,,,,,,,,,,,,,,,,Evac moving to alpha,12,
VOICE_CAPTURE,99819,6/27/2026 10:14:23 AM,90eec047-676b-4d50-9684-e8707ca80941,2.0,,,,,,,,,,,,,,,,,,,,,,,,,,,,,,,,,,,,,,,,,,,,,,,,,,,NA,Can you hear me?,
PLAYER_POSITIONS,100263,6/27/2026 10:14:24 AM,90eec047-676b-4d50-9684-e8707ca80941,2.0,,,,,,,,,,,,,,,,,,,,,,,,,,,,,,,,,,,"(-8.0, 0.4, -5.2)","(-8.0, 0.8, -5.4)","(-8.1, 0.2, -5.4)",
PLAYER_POSITIONS,100263,6/27/2026 10:14:24 AM,90eec047-676b-4d50-9684-e8707ca80941,2.0,,,,,,,,,,,,,,,,,,,,,,,,,,,,,,,,,,,"(-8.0, 0.4, -5.2)","(-8.0, 0.8, -5.4)","(-8.1, 0.2, -5.4)",
VOICE_CAPTURE,100352,6/27/2026 10:14:24 AM,90eec047-676b-4d50-9684-e8707ca80941,2.0,,,,,,,,,,,,,,,,,,,,,,,,,,,,,,,,,,,,,,,,,,,,,,,,,,,NA,Can you hear me?,
AUDIO_START,100790,6/27/2026 10:14:24 AM,90eec047-676b-4d50-9684-e8707ca80941,2.0,evac moving to alpha,2.847347,
PLAYER_POSITIONS,100790,6/27/2026 10:14:24 AM,90eec047-676b-4d50-9684-e8707ca80941,2.0,,,,,,,,,,,,,,,,,,,,,,,,,,,,,,,,,,,"(-8.1, 0.4, -5.3)","(-8.1, 0.8, -5.5)","(-8.1, 0.1, -5.4)",
PLAYER_POSITIONS,100790,6/27/2026 10:14:24 AM,90eec047-676b-4d50-9684-e8707ca80941,2.0,,,,,,,,,,,,,,,,,,,,,,,,,,,,,,,,,,,"(-8.1, 0.4, -5.3)","(-8.1, 0.8, -5.5)","(-8.1, 0.1, -5.4)",
PULSE_TAKEN,100860,6/27/2026 10:14:24 AM,90eec047-676b-4d50-9684-e8707ca80941,2.0,,,,,,,,,,,,,,,,,,,,,,,,Military PT 10,,,,pulse_none,
PLAYER_POSITIONS,101304,6/27/2026 10:14:25 AM,90eec047-676b-4d50-9684-e8707ca80941,2.0,,,,,,,,,,,,,,,,,,,,,,,,,,,,,,,,,,,"(-8.1, 0.4, -5.3)","(-8.1, 0.8, -5.5)","(-8.1, 0.1, -5.4)",
PLAYER_POSITIONS,101304,6/27/2026 10:14:25 AM,90eec047-676b-4d50-9684-e8707ca80941,2.0,,,,,,,,,,,,,,,,,,,,,,,,,,,,,,,,,,,"(-8.1, 0.4, -5.3)","(-8.1, 0.8, -5.5)","(-8.1, 0.1, -5.4)",
PLAYER_POSITIONS,101804,6/27/2026 10:14:25 AM,90eec047-676b-4d50-9684-e8707ca80941,2.0,,,,,,,,,,,,,,,,,,,,,,,,,,,,,,,,,,,"(-8.1, 0.3, -5.3)","(-8.1, 0.8, -5.4)","(-8.1, 0.1, -5.4)",
PLAYER_POSITIONS,101804,6/27/2026 10:14:25 AM,90eec047-676b-4d50-9684-e8707ca80941,2.0,,,,,,,,,,,,,,,,,,,,,,,,,,,,,,,,,,,"(-8.1, 0.3, -5.3)","(-8.1, 0.8, -5.4)","(-8.1, 0.1, -5.4)",
PLAYER_POSITIONS,102315,6/27/2026 10:14:26 AM,90eec047-676b-4d50-9684-e8707ca80941,2.0,,,,,,,,,,,,,,,,,,,,,,,,,,,,,,,,,,,"(-8.1, 0.3, -5.3)","(-8.3, 0.9, -5.2)","(-8.3, 0.3, -5.1)",
PLAYER_POSITIONS,102315,6/27/2026 10:14:26 AM,90eec047-676b-4d50-9684-e8707ca80941,2.0,,,,,,,,,,,,,,,,,,,,,,,,,,,,,,,,,,,"(-8.1, 0.3, -5.3)","(-8.3, 0.9, -5.2)","(-8.3, 0.3, -5.1)",
VOICE_CAPTURE,102366,6/27/2026 10:14:26 AM,90eec047-676b-4d50-9684-e8707ca80941,2.0,,,,,,,,,,,,,,,,,,,,,,,,,,,,,,,,,,,,,,,,,,,,,,,,,,,NA,Okay.,
DRAG_STOP,102528,6/27/2026 10:14:26 AM,90eec047-676b-4d50-9684-e8707ca80941,2.0,,,,,"(-9.6, 0.0, -2.9)","(-8.6, 0.0, -4.8)",,,,,,,,,,,,,,,,,,Military PT 10,
VOICE_CAPTURE,102807,6/27/2026 10:14:26 AM,90eec047-676b-4d50-9684-e8707ca80941,2.0,,,,,,,,,,,,,,,,,,,,,,,,,,,,,,,,,,,,,,,,,,,,,,,,,,,NA,Holy fuck.,
PLAYER_POSITIONS,102829,6/27/2026 10:14:26 AM,90eec047-676b-4d50-9684-e8707ca80941,2.0,,,,,,,,,,,,,,,,,,,,,,,,,,,,,,,,,,,"(-8.1, 0.3, -5.2)","(-8.5, 0.9, -4.9)","(-8.6, 0.2, -4.7)",
PLAYER_GAZE,102829,6/27/2026 10:14:26 AM,90eec047-676b-4d50-9684-e8707ca80941,2.0,,,,,,,,,,,,,,,,,,,,,,,,Military PT 10,,,,,,,,,"(0.1, 0.9, -0.2)",,,"(-8.6, 0.0, -4.8)",
PLAYER_POSITIONS,102829,6/27/2026 10:14:26 AM,90eec047-676b-4d50-9684-e8707ca80941,2.0,,,,,,,,,,,,,,,,,,,,,,,,,,,,,,,,,,,"(-8.1, 0.3, -5.2)","(-8.5, 0.9, -4.9)","(-8.6, 0.2, -4.7)",
PLAYER_GAZE,102829,6/27/2026 10:14:26 AM,90eec047-676b-4d50-9684-e8707ca80941,2.0,,,,,,,,,,,,,,,,,,,,,,,,Military PT 10,,,,,,,,,"(0.1, 0.9, -0.2)",,,"(-8.6, 0.0, -4.8)",
PULSE_TAKEN,102871,6/27/2026 10:14:26 AM,90eec047-676b-4d50-9684-e8707ca80941,2.0,,,,,,,,,,,,,,,,,,,,,,,,Military PT 10,,,,pulse_none,
VOICE_CAPTURE,103318,6/27/2026 10:14:27 AM,90eec047-676b-4d50-9684-e8707ca80941,2.0,,,,,,,,,,,,,,,,,,,,,,,,,,,,,,,,,,,,,,,,,,,,,,,,,,,NA,Holy fuck.,
VOICE_CAPTURE,103318,6/27/2026 10:14:27 AM,90eec047-676b-4d50-9684-e8707ca80941,2.0,,,,,,,,,,,,,,,,,,,,,,,,,,,,,,,,,,,,,,,,,,,,,,,,,,,NA,Holy fuck.,
PLAYER_POSITIONS,103340,6/27/2026 10:14:27 AM,90eec047-676b-4d50-9684-e8707ca80941,2.0,,,,,,,,,,,,,,,,,,,,,,,,,,,,,,,,,,,"(-8.3, 0.2, -5.2)","(-8.6, 0.8, -4.9)","(-8.9, 0.2, -4.8)",
PLAYER_POSITIONS,103340,6/27/2026 10:14:27 AM,90eec047-676b-4d50-9684-e8707ca80941,2.0,,,,,,,,,,,,,,,,,,,,,,,,,,,,,,,,,,,"(-8.3, 0.2, -5.2)","(-8.6, 0.8, -4.9)","(-8.9, 0.2, -4.8)",
AUDIO_END,103638,6/27/2026 10:14:27 AM,90eec047-676b-4d50-9684-e8707ca80941,2.0,evac moving to alpha,2.847347,
NARRATIVE_SECTION_END,103638,6/27/2026 10:14:27 AM,90eec047-676b-4d50-9684-e8707ca80941,2.0,,,,,,,,,,,,,,,,,,Evac moving to alpha,12,
NARRATIVE_SECTION_START,103679,6/27/2026 10:14:27 AM,90eec047-676b-4d50-9684-e8707ca80941,2.0,,,,,,,,,,,,,,,,,,Bravo 2 sitrep,13,
PLAYER_POSITIONS,103859,6/27/2026 10:14:27 AM,90eec047-676b-4d50-9684-e8707ca80941,2.0,,,,,,,,,,,,,,,,,,,,,,,,,,,,,,,,,,,"(-8.1, 0.3, -5.2)","(-8.3, 0.9, -5.3)","(-8.2, 0.3, -5.3)",
PLAYER_POSITIONS,103859,6/27/2026 10:14:27 AM,90eec047-676b-4d50-9684-e8707ca80941,2.0,,,,,,,,,,,,,,,,,,,,,,,,,,,,,,,,,,,"(-8.1, 0.3, -5.2)","(-8.3, 0.9, -5.3)","(-8.2, 0.3, -5.3)",
DRAG_STOP,103882,6/27/2026 10:14:27 AM,90eec047-676b-4d50-9684-e8707ca80941,2.0,,,,,"(-9.6, 0.0, -2.9)","(-8.6, 0.0, -4.8)",,,,,,,,,,,,,,,,,,Military PT 10,
PLAYER_POSITIONS,104360,6/27/2026 10:14:28 AM,90eec047-676b-4d50-9684-e8707ca80941,2.0,,,,,,,,,,,,,,,,,,,,,,,,,,,,,,,,,,,"(-8.1, 0.4, -5.2)","(-8.1, 0.9, -5.4)","(-8.1, 0.2, -5.4)",
PLAYER_POSITIONS,104360,6/27/2026 10:14:28 AM,90eec047-676b-4d50-9684-e8707ca80941,2.0,,,,,,,,,,,,,,,,,,,,,,,,,,,,,,,,,,,"(-8.1, 0.4, -5.2)","(-8.1, 0.9, -5.4)","(-8.1, 0.2, -5.4)",
PULSE_TAKEN,104401,6/27/2026 10:14:28 AM,90eec047-676b-4d50-9684-e8707ca80941,2.0,,,,,,,,,,,,,,,,,,,,,,,,Military PT 10,,,,pulse_none,
VOICE_CAPTURE,104827,6/27/2026 10:14:28 AM,90eec047-676b-4d50-9684-e8707ca80941,2.0,,,,,,,,,,,,,,,,,,,,,,,,,,,,,,,,,,,,,,,,,,,,,,,,,,,NA,Okay.,
PLAYER_POSITIONS,104871,6/27/2026 10:14:28 AM,90eec047-676b-4d50-9684-e8707ca80941,2.0,,,,,,,,,,,,,,,,,,,,,,,,,,,,,,,,,,,"(-8.1, 0.4, -5.2)","(-8.1, 0.8, -5.4)","(-8.2, 0.1, -5.4)",
PLAYER_POSITIONS,104871,6/27/2026 10:14:28 AM,90eec047-676b-4d50-9684-e8707ca80941,2.0,,,,,,,,,,,,,,,,,,,,,,,,,,,,,,,,,,,"(-8.1, 0.4, -5.2)","(-8.1, 0.8, -5.4)","(-8.2, 0.1, -5.4)",
VOICE_CAPTURE,105352,6/27/2026 10:14:29 AM,90eec047-676b-4d50-9684-e8707ca80941,2.0,,,,,,,,,,,,,,,,,,,,,,,,,,,,,,,,,,,,,,,,,,,,,,,,,,,NA,Okay.,
PLAYER_POSITIONS,105384,6/27/2026 10:14:29 AM,90eec047-676b-4d50-9684-e8707ca80941,2.0,,,,,,,,,,,,,,,,,,,,,,,,,,,,,,,,,,,"(-8.1, 0.4, -5.2)","(-8.2, 1.1, -5.3)","(-8.2, 0.2, -5.3)",
PLAYER_POSITIONS,105384,6/27/2026 10:14:29 AM,90eec047-676b-4d50-9684-e8707ca80941,2.0,,,,,,,,,,,,,,,,,,,,,,,,,,,,,,,,,,,"(-8.1, 0.4, -5.2)","(-8.2, 1.1, -5.3)","(-8.2, 0.2, -5.3)",
EVAC_RADIO_ALERT,105447,6/27/2026 10:14:29 AM,90eec047-676b-4d50-9684-e8707ca80941,2.0,,,,,,,,1,
AUDIO_START,105452,6/27/2026 10:14:29 AM,90eec047-676b-4d50-9684-e8707ca80941,2.0,evac in 9 minutes,4.127347,
DRAG_STOP,105524,6/27/2026 10:14:29 AM,90eec047-676b-4d50-9684-e8707ca80941,2.0,,,,,"(-9.6, 0.0, -2.9)","(-8.6, 0.0, -4.8)",,,,,,,,,,,,,,,,,,Military PT 10,
PLAYER_POSITIONS,105904,6/27/2026 10:14:30 AM,90eec047-676b-4d50-9684-e8707ca80941,2.0,,,,,,,,,,,,,,,,,,,,,,,,,,,,,,,,,,,"(-8.3, 0.4, -5.1)","(-8.4, 1.2, -4.7)","(-8.5, 0.4, -4.9)",
PLAYER_POSITIONS,105904,6/27/2026 10:14:30 AM,90eec047-676b-4d50-9684-e8707ca80941,2.0,,,,,,,,,,,,,,,,,,,,,,,,,,,,,,,,,,,"(-8.3, 0.4, -5.1)","(-8.4, 1.2, -4.7)","(-8.5, 0.4, -4.9)",
VOICE_CAPTURE,105904,6/27/2026 10:14:30 AM,90eec047-676b-4d50-9684-e8707ca80941,2.0,,,,,,,,,,,,,,,,,,,,,,,,,,,,,,,,,,,,,,,,,,,,,,,,,,,NA,Okay.,
VOICE_CAPTURE,106346,6/27/2026 10:14:30 AM,90eec047-676b-4d50-9684-e8707ca80941,2.0,,,,,,,,,,,,,,,,,,,,,,,,,,,,,,,,,,,,,,,,,,,,,,,,,,,NA,No pulse.,
PLAYER_POSITIONS,106412,6/27/2026 10:14:30 AM,90eec047-676b-4d50-9684-e8707ca80941,2.0,,,,,,,,,,,,,,,,,,,,,,,,,,,,,,,,,,,"(-9.1, 0.3, -4.9)","(-9.1, 1.1, -4.7)","(-9.3, 0.2, -4.6)",
PLAYER_POSITIONS,106412,6/27/2026 10:14:30 AM,90eec047-676b-4d50-9684-e8707ca80941,2.0,,,,,,,,,,,,,,,,,,,,,,,,,,,,,,,,,,,"(-9.1, 0.3, -4.9)","(-9.1, 1.1, -4.7)","(-9.3, 0.2, -4.6)",
PLAYER_POSITIONS,106922,6/27/2026 10:14:31 AM,90eec047-676b-4d50-9684-e8707ca80941,2.0,,,,,,,,,,,,,,,,,,,,,,,,,,,,,,,,,,,"(-10.0, 0.3, -4.7)","(-9.8, 1.1, -4.5)","(-10.0, 0.3, -4.3)",
PLAYER_GAZE,106922,6/27/2026 10:14:31 AM,90eec047-676b-4d50-9684-e8707ca80941,2.0,,,,,,,,,,,,,,,,,,,,,,,,Military PT 4,,,,,,,,,"(1.3, 1.1, 0.2)",,,"(-11.1, 0.0, -4.7)",
PLAYER_POSITIONS,106922,6/27/2026 10:14:31 AM,90eec047-676b-4d50-9684-e8707ca80941,2.0,,,,,,,,,,,,,,,,,,,,,,,,,,,,,,,,,,,"(-10.0, 0.3, -4.7)","(-9.8, 1.1, -4.5)","(-10.0, 0.3, -4.3)",
PLAYER_GAZE,106922,6/27/2026 10:14:31 AM,90eec047-676b-4d50-9684-e8707ca80941,2.0,,,,,,,,,,,,,,,,,,,,,,,,Military PT 4,,,,,,,,,"(1.3, 1.1, 0.2)",,,"(-11.1, 0.0, -4.7)",
VOICE_CAPTURE,106922,6/27/2026 10:14:31 AM,90eec047-676b-4d50-9684-e8707ca80941,2.0,,,,,,,,,,,,,,,,,,,,,,,,,,,,,,,,,,,,,,,,,,,,,,,,,,,NA,No pulse. Okay.,
PATIENT_DISENGAGED,107154,6/27/2026 10:14:31 AM,90eec047-676b-4d50-9684-e8707ca80941,2.0,,,,12.01,,,,,,,,,,,,,,,,none,100,Infinity,none,Military PT 10,dead,supine,"(-8.6, -0.1, -4.7)",none,"(0.0, 0.6, 0.0, -0.8)",none,EXPECTANT,still,,,,,,,,,,,,,,,,,12.01,
PATIENT_ENGAGED,107154,6/27/2026 10:14:31 AM,90eec047-676b-4d50-9684-e8707ca80941,2.0,,,,0,,,,,,,,,,,,,,,,fast,100,Infinity,normal,Military PT 4,upset,kneeling,"(-11.1, -0.1, -4.7)",faint,"(0.0, 1.0, 0.0, 0.2)",normal,IMMEDIATE,still,,,,,,,,,,,,,,,,,0,
VOICE_CAPTURE,107344,6/27/2026 10:14:31 AM,90eec047-676b-4d50-9684-e8707ca80941,2.0,,,,,,,,,,,,,,,,,,,,,,,,,,,,,,,,,,,,,,,,,,,,,,,,,,,NA,No pulse. Okay. No pulse.,
PLAYER_POSITIONS,107441,6/27/2026 10:14:31 AM,90eec047-676b-4d50-9684-e8707ca80941,2.0,,,,,,,,,,,,,,,,,,,,,,,,,,,,,,,,,,,"(-10.1, 0.3, -4.7)","(-10.1, 1.1, -4.5)","(-10.2, 0.5, -4.6)",
PLAYER_POSITIONS,107441,6/27/2026 10:14:31 AM,90eec047-676b-4d50-9684-e8707ca80941,2.0,,,,,,,,,,,,,,,,,,,,,,,,,,,,,,,,,,,"(-10.1, 0.3, -4.7)","(-10.1, 1.1, -4.5)","(-10.2, 0.5, -4.6)",
VOICE_CAPTURE,107839,6/27/2026 10:14:31 AM,90eec047-676b-4d50-9684-e8707ca80941,2.0,,,,,,,,,,,,,,,,,,,,,,,,,,,,,,,,,,,,,,,,,,,,,,,,,,,NA,No pulse. Okay. No pulse. Okay.,
PLAYER_POSITIONS,107942,6/27/2026 10:14:32 AM,90eec047-676b-4d50-9684-e8707ca80941,2.0,,,,,,,,,,,,,,,,,,,,,,,,,,,,,,,,,,,"(-10.3, 0.3, -4.7)","(-10.4, 1.1, -4.5)","(-10.4, 0.4, -4.5)",
PLAYER_GAZE,107942,6/27/2026 10:14:32 AM,90eec047-676b-4d50-9684-e8707ca80941,2.0,,,,,,,,,,,,,,,,,,,,,,,,Military PT 4,,,,,,,,,"(0.7, 1.1, 0.2)",,,"(-11.1, 0.0, -4.7)",
PLAYER_POSITIONS,107942,6/27/2026 10:14:32 AM,90eec047-676b-4d50-9684-e8707ca80941,2.0,,,,,,,,,,,,,,,,,,,,,,,,,,,,,,,,,,,"(-10.3, 0.3, -4.7)","(-10.4, 1.1, -4.5)","(-10.4, 0.4, -4.5)",
PLAYER_GAZE,107942,6/27/2026 10:14:32 AM,90eec047-676b-4d50-9684-e8707ca80941,2.0,,,,,,,,,,,,,,,,,,,,,,,,Military PT 4,,,,,,,,,"(0.7, 1.1, 0.2)",,,"(-11.1, 0.0, -4.7)",
PLAYER_POSITIONS,108462,6/27/2026 10:14:32 AM,90eec047-676b-4d50-9684-e8707ca80941,2.0,,,,,,,,,,,,,,,,,,,,,,,,,,,,,,,,,,,"(-10.3, 0.3, -4.7)","(-10.4, 1.0, -4.4)","(-10.6, 0.6, -4.5)",
PLAYER_POSITIONS,108462,6/27/2026 10:14:32 AM,90eec047-676b-4d50-9684-e8707ca80941,2.0,,,,,,,,,,,,,,,,,,,,,,,,,,,,,,,,,,,"(-10.3, 0.3, -4.7)","(-10.4, 1.0, -4.4)","(-10.6, 0.6, -4.5)",
VOICE_CAPTURE,108495,6/27/2026 10:14:32 AM,90eec047-676b-4d50-9684-e8707ca80941,2.0,,,,,,,,,,,,,,,,,,,,,,,,,,,,,,,,,,,,,,,,,,,,,,,,,,,NA,"No pulse. Okay. No pulse. Hey, do you know what year?",
VOICE_CAPTURE,108851,6/27/2026 10:14:32 AM,90eec047-676b-4d50-9684-e8707ca80941,2.0,,,,,,,,,,,,,,,,,,,,,,,,,,,,,,,,,,,,,,,,,,,,,,,,,,,NA,"No pulse. Okay. No pulse. Hey, do you know what year it is?",
PLAYER_POSITIONS,108963,6/27/2026 10:14:33 AM,90eec047-676b-4d50-9684-e8707ca80941,2.0,,,,,,,,,,,,,,,,,,,,,,,,,,,,,,,,,,,"(-10.4, 0.4, -4.7)","(-10.5, 1.0, -4.3)","(-10.6, 0.7, -4.5)",
PLAYER_POSITIONS,108963,6/27/2026 10:14:33 AM,90eec047-676b-4d50-9684-e8707ca80941,2.0,,,,,,,,,,,,,,,,,,,,,,,,,,,,,,,,,,,"(-10.4, 0.4, -4.7)","(-10.5, 1.0, -4.3)","(-10.6, 0.7, -4.5)",
DRAG_STOP,108964,6/27/2026 10:14:33 AM,90eec047-676b-4d50-9684-e8707ca80941,2.0,,,,,"(-9.6, 0.0, -2.9)","(-8.6, 0.0, -4.8)",,,,,,,,,,,,,,,,,,Military PT 4,
VOICE_CAPTURE,109431,6/27/2026 10:14:33 AM,90eec047-676b-4d50-9684-e8707ca80941,2.0,,,,,,,,,,,,,,,,,,,,,,,,,,,,,,,,,,,,,,,,,,,,,,,,,,,NA,"No pulse. Okay. No pulse. Hey, do you know what year it is?",
VOICE_CAPTURE,109431,6/27/2026 10:14:33 AM,90eec047-676b-4d50-9684-e8707ca80941,2.0,,,,,,,,,,,,,,,,,,,,,,,,,,,,,,,,,,,,,,,,,,,,,,,,,,,NA,"No pulse. Okay. No pulse. Hey, do you know what year it is?",
VOICE_COMMAND,109431,6/27/2026 10:14:33 AM,90eec047-676b-4d50-9684-e8707ca80941,2.0,,,,,,,,,,,,,,,,,,,,,,,,,,,,,,,,,,,,,,,,,,,,,,,,,,,"No pulse. Okay. No pulse. Hey, do you know what year it is?",what year is it,
PLAYER_POSITIONS,109466,6/27/2026 10:14:33 AM,90eec047-676b-4d50-9684-e8707ca80941,2.0,,,,,,,,,,,,,,,,,,,,,,,,,,,,,,,,,,,"(-10.4, 0.4, -4.7)","(-10.3, 1.1, -4.3)","(-10.7, 0.7, -4.1)",
PLAYER_POSITIONS,109466,6/27/2026 10:14:33 AM,90eec047-676b-4d50-9684-e8707ca80941,2.0,,,,,,,,,,,,,,,,,,,,,,,,,,,,,,,,,,,"(-10.4, 0.4, -4.7)","(-10.3, 1.1, -4.3)","(-10.7, 0.7, -4.1)",
AUDIO_END,109612,6/27/2026 10:14:33 AM,90eec047-676b-4d50-9684-e8707ca80941,2.0,evac in 9 minutes,4.127347,
VOICE_CAPTURE,109875,6/27/2026 10:14:33 AM,90eec047-676b-4d50-9684-e8707ca80941,2.0,,,,,,,,,,,,,,,,,,,,,,,,,,,,,,,,,,,,,,,,,,,,,,,,,,,NA,Did you know what year it is?,
PLAYER_POSITIONS,109977,6/27/2026 10:14:34 AM,90eec047-676b-4d50-9684-e8707ca80941,2.0,,,,,,,,,,,,,,,,,,,,,,,,,,,,,,,,,,,"(-10.3, 0.4, -4.8)","(-10.4, 1.0, -4.2)","(-10.5, 0.7, -4.1)",
PLAYER_POSITIONS,109977,6/27/2026 10:14:34 AM,90eec047-676b-4d50-9684-e8707ca80941,2.0,,,,,,,,,,,,,,,,,,,,,,,,,,,,,,,,,,,"(-10.3, 0.4, -4.8)","(-10.4, 1.0, -4.2)","(-10.5, 0.7, -4.1)",
VOICE_CAPTURE,110375,6/27/2026 10:14:34 AM,90eec047-676b-4d50-9684-e8707ca80941,2.0,,,,,,,,,,,,,,,,,,,,,,,,,,,,,,,,,,,,,,,,,,,,,,,,,,,NA,Did you know what year it is?,
VOICE_CAPTURE,110375,6/27/2026 10:14:34 AM,90eec047-676b-4d50-9684-e8707ca80941,2.0,,,,,,,,,,,,,,,,,,,,,,,,,,,,,,,,,,,,,,,,,,,,,,,,,,,NA,Did you know what year it is?,
VOICE_COMMAND,110375,6/27/2026 10:14:34 AM,90eec047-676b-4d50-9684-e8707ca80941,2.0,,,,,,,,,,,,,,,,,,,,,,,,,,,,,,,,,,,,,,,,,,,,,,,,,,,Did you know what year it is?,what year is it,
PLAYER_POSITIONS,110492,6/27/2026 10:14:34 AM,90eec047-676b-4d50-9684-e8707ca80941,2.0,,,,,,,,,,,,,,,,,,,,,,,,,,,,,,,,,,,"(-10.3, 0.4, -4.7)","(-10.4, 1.1, -4.2)","(-10.9, 0.5, -3.9)",
PLAYER_POSITIONS,110492,6/27/2026 10:14:34 AM,90eec047-676b-4d50-9684-e8707ca80941,2.0,,,,,,,,,,,,,,,,,,,,,,,,,,,,,,,,,,,"(-10.3, 0.4, -4.7)","(-10.4, 1.1, -4.2)","(-10.9, 0.5, -3.9)",
PLAYER_POSITIONS,111024,6/27/2026 10:14:35 AM,90eec047-676b-4d50-9684-e8707ca80941,2.0,,,,,,,,,,,,,,,,,,,,,,,,,,,,,,,,,,,"(-10.3, 0.4, -4.7)","(-10.5, 1.0, -4.2)","(-10.9, 0.7, -4.1)",
PLAYER_POSITIONS,111024,6/27/2026 10:14:35 AM,90eec047-676b-4d50-9684-e8707ca80941,2.0,,,,,,,,,,,,,,,,,,,,,,,,,,,,,,,,,,,"(-10.3, 0.4, -4.7)","(-10.5, 1.0, -4.2)","(-10.9, 0.7, -4.1)",
TOOL_HOVER,111188,6/27/2026 10:14:35 AM,90eec047-676b-4d50-9684-e8707ca80941,2.0,,,,,,,,,,,,,,,,,,,,,,,,,,,,,,,,,,,,,,,,,,,,,,999,,Hemostatic Gauze,
TOOL_SELECTED,111379,6/27/2026 10:14:35 AM,90eec047-676b-4d50-9684-e8707ca80941,2.0,,,,,,,,,,,,,,,,,,,,,,,,,,,,,,,,,,,,,,,,,,,,,,998,,Hemostatic Gauze,
PLAYER_POSITIONS,111545,6/27/2026 10:14:35 AM,90eec047-676b-4d50-9684-e8707ca80941,2.0,,,,,,,,,,,,,,,,,,,,,,,,,,,,,,,,,,,"(-10.3, 0.4, -4.7)","(-10.5, 1.1, -4.3)","(-11.1, 0.8, -4.1)",
PLAYER_POSITIONS,111545,6/27/2026 10:14:35 AM,90eec047-676b-4d50-9684-e8707ca80941,2.0,,,,,,,,,,,,,,,,,,,,,,,,,,,,,,,,,,,"(-10.3, 0.4, -4.7)","(-10.5, 1.1, -4.3)","(-11.1, 0.8, -4.1)",
PLAYER_POSITIONS,112067,6/27/2026 10:14:36 AM,90eec047-676b-4d50-9684-e8707ca80941,2.0,,,,,,,,,,,,,,,,,,,,,,,,,,,,,,,,,,,"(-10.3, 0.4, -4.7)","(-10.3, 1.1, -4.5)","(-10.7, 0.8, -4.8)",
PLAYER_POSITIONS,112067,6/27/2026 10:14:36 AM,90eec047-676b-4d50-9684-e8707ca80941,2.0,,,,,,,,,,,,,,,,,,,,,,,,,,,,,,,,,,,"(-10.3, 0.4, -4.7)","(-10.3, 1.1, -4.5)","(-10.7, 0.8, -4.8)",
VOICE_CAPTURE,112335,6/27/2026 10:14:36 AM,90eec047-676b-4d50-9684-e8707ca80941,2.0,,,,,,,,,,,,,,,,,,,,,,,,,,,,,,,,,,,,,,,,,,,,,,,,,,,NA,Wonderful.,
PLAYER_POSITIONS,112570,6/27/2026 10:14:36 AM,90eec047-676b-4d50-9684-e8707ca80941,2.0,,,,,,,,,,,,,,,,,,,,,,,,,,,,,,,,,,,"(-10.2, 0.3, -4.8)","(-10.3, 1.1, -4.6)","(-10.8, 0.8, -4.8)",
PLAYER_GAZE,112570,6/27/2026 10:14:36 AM,90eec047-676b-4d50-9684-e8707ca80941,2.0,,,,,,,,,,,,,,,,,,,,,,,,Military PT 4,,,,,,,,,"(0.8, 1.1, 0.2)",,,"(-11.1, 0.0, -4.7)",
PLAYER_POSITIONS,112570,6/27/2026 10:14:36 AM,90eec047-676b-4d50-9684-e8707ca80941,2.0,,,,,,,,,,,,,,,,,,,,,,,,,,,,,,,,,,,"(-10.2, 0.3, -4.8)","(-10.3, 1.1, -4.6)","(-10.8, 0.8, -4.8)",
PLAYER_GAZE,112570,6/27/2026 10:14:36 AM,90eec047-676b-4d50-9684-e8707ca80941,2.0,,,,,,,,,,,,,,,,,,,,,,,,Military PT 4,,,,,,,,,"(0.8, 1.1, 0.2)",,,"(-11.1, 0.0, -4.7)",
INJURY_TREATED,112782,6/27/2026 10:14:36 AM,90eec047-676b-4d50-9684-e8707ca80941,2.0,,,,,,,,,neck,R Neck Laceration,"(-10.8, 0.8, -4.7)",woundpack,1,1,high,True,True,,,,,,,Military PT 4,
TOOL_APPLIED,112782,6/27/2026 10:14:36 AM,90eec047-676b-4d50-9684-e8707ca80941,2.0,,,,,,,,,,,,,,,,,,,,,,,,Military PT 4,,,,,,,,,,,,,,,,,,,,AppliedPackingGauze,skinCollider_BodyCollideLOD (UnityEngine.GameObject),,Gauze Pack(Clone) (UnityEngine.GameObject),Hemostatic Gauze,
VOICE_CAPTURE,112846,6/27/2026 10:14:36 AM,90eec047-676b-4d50-9684-e8707ca80941,2.0,,,,,,,,,,,,,,,,,,,,,,,,,,,,,,,,,,,,,,,,,,,,,,,,,,,NA,Wonderful.,
PLAYER_POSITIONS,113099,6/27/2026 10:14:37 AM,90eec047-676b-4d50-9684-e8707ca80941,2.0,,,,,,,,,,,,,,,,,,,,,,,,,,,,,,,,,,,"(-10.2, 0.3, -4.8)","(-10.3, 1.1, -4.5)","(-10.7, 0.8, -4.8)",
PLAYER_GAZE,113099,6/27/2026 10:14:37 AM,90eec047-676b-4d50-9684-e8707ca80941,2.0,,,,,,,,,,,,,,,,,,,,,,,,Military PT 4,,,,,,,,,"(0.9, 1.1, 0.2)",,,"(-11.1, 0.0, -4.7)",
PLAYER_POSITIONS,113099,6/27/2026 10:14:37 AM,90eec047-676b-4d50-9684-e8707ca80941,2.0,,,,,,,,,,,,,,,,,,,,,,,,,,,,,,,,,,,"(-10.2, 0.3, -4.8)","(-10.3, 1.1, -4.5)","(-10.7, 0.8, -4.8)",
PLAYER_GAZE,113099,6/27/2026 10:14:37 AM,90eec047-676b-4d50-9684-e8707ca80941,2.0,,,,,,,,,,,,,,,,,,,,,,,,Military PT 4,,,,,,,,,"(0.9, 1.1, 0.2)",,,"(-11.1, 0.0, -4.7)",
VOICE_CAPTURE,113363,6/27/2026 10:14:37 AM,90eec047-676b-4d50-9684-e8707ca80941,2.0,,,,,,,,,,,,,,,,,,,,,,,,,,,,,,,,,,,,,,,,,,,,,,,,,,,NA,Wonderful.,
PLAYER_POSITIONS,113606,6/27/2026 10:14:37 AM,90eec047-676b-4d50-9684-e8707ca80941,2.0,,,,,,,,,,,,,,,,,,,,,,,,,,,,,,,,,,,"(-10.3, 0.3, -4.8)","(-10.2, 1.0, -4.5)","(-10.3, 0.4, -4.4)",
PLAYER_POSITIONS,113606,6/27/2026 10:14:37 AM,90eec047-676b-4d50-9684-e8707ca80941,2.0,,,,,,,,,,,,,,,,,,,,,,,,,,,,,,,,,,,"(-10.3, 0.3, -4.8)","(-10.2, 1.0, -4.5)","(-10.3, 0.4, -4.4)",
AUDIO_START,113677,6/27/2026 10:14:37 AM,90eec047-676b-4d50-9684-e8707ca80941,2.0,bravo 2 sitrep,2.063673,
VOICE_CAPTURE,113840,6/27/2026 10:14:37 AM,90eec047-676b-4d50-9684-e8707ca80941,2.0,,,,,,,,,,,,,,,,,,,,,,,,,,,,,,,,,,,,,,,,,,,,,,,,,,,NA,Wonderful.,
PLAYER_POSITIONS,114107,6/27/2026 10:14:38 AM,90eec047-676b-4d50-9684-e8707ca80941,2.0,,,,,,,,,,,,,,,,,,,,,,,,,,,,,,,,,,,"(-10.3, 0.3, -4.5)","(-10.2, 1.1, -4.4)","(-10.4, 0.5, -4.4)",
PLAYER_POSITIONS,114107,6/27/2026 10:14:38 AM,90eec047-676b-4d50-9684-e8707ca80941,2.0,,,,,,,,,,,,,,,,,,,,,,,,,,,,,,,,,,,"(-10.3, 0.3, -4.5)","(-10.2, 1.1, -4.4)","(-10.4, 0.5, -4.4)",
VOICE_CAPTURE,114349,6/27/2026 10:14:38 AM,90eec047-676b-4d50-9684-e8707ca80941,2.0,,,,,,,,,,,,,,,,,,,,,,,,,,,,,,,,,,,,,,,,,,,,,,,,,,,NA,Wonderful.,
PLAYER_POSITIONS,114616,6/27/2026 10:14:38 AM,90eec047-676b-4d50-9684-e8707ca80941,2.0,,,,,,,,,,,,,,,,,,,,,,,,,,,,,,,,,,,"(-10.3, 0.3, -4.6)","(-10.3, 1.1, -4.3)","(-10.6, 0.8, -3.9)",
PLAYER_POSITIONS,114616,6/27/2026 10:14:38 AM,90eec047-676b-4d50-9684-e8707ca80941,2.0,,,,,,,,,,,,,,,,,,,,,,,,,,,,,,,,,,,"(-10.3, 0.3, -4.6)","(-10.3, 1.1, -4.3)","(-10.6, 0.8, -3.9)",
VOICE_CAPTURE,114890,6/27/2026 10:14:38 AM,90eec047-676b-4d50-9684-e8707ca80941,2.0,,,,,,,,,,,,,,,,,,,,,,,,,,,,,,,,,,,,,,,,,,,,,,,,,,,NA,Wonderful.,
PULSE_TAKEN,114985,6/27/2026 10:14:39 AM,90eec047-676b-4d50-9684-e8707ca80941,2.0,,,,,,,,,,,,,,,,,,,,,,,,Military PT 4,,,,pulse_faint,
PLAYER_POSITIONS,115121,6/27/2026 10:14:39 AM,90eec047-676b-4d50-9684-e8707ca80941,2.0,,,,,,,,,,,,,,,,,,,,,,,,,,,,,,,,,,,"(-10.5, 0.6, -4.6)","(-10.3, 1.0, -4.4)","(-10.6, 0.6, -4.4)",
PLAYER_POSITIONS,115121,6/27/2026 10:14:39 AM,90eec047-676b-4d50-9684-e8707ca80941,2.0,,,,,,,,,,,,,,,,,,,,,,,,,,,,,,,,,,,"(-10.5, 0.6, -4.6)","(-10.3, 1.0, -4.4)","(-10.6, 0.6, -4.4)",
VOICE_CAPTURE,115323,6/27/2026 10:14:39 AM,90eec047-676b-4d50-9684-e8707ca80941,2.0,,,,,,,,,,,,,,,,,,,,,,,,,,,,,,,,,,,,,,,,,,,,,,,,,,,NA,Wonderful. I'm gonna,
PLAYER_POSITIONS,115625,6/27/2026 10:14:39 AM,90eec047-676b-4d50-9684-e8707ca80941,2.0,,,,,,,,,,,,,,,,,,,,,,,,,,,,,,,,,,,"(-10.6, 0.7, -4.9)","(-10.3, 1.1, -4.6)","(-10.8, 0.8, -4.7)",
PLAYER_POSITIONS,115625,6/27/2026 10:14:39 AM,90eec047-676b-4d50-9684-e8707ca80941,2.0,,,,,,,,,,,,,,,,,,,,,,,,,,,,,,,,,,,"(-10.6, 0.7, -4.9)","(-10.3, 1.1, -4.6)","(-10.8, 0.8, -4.7)",
AUDIO_END,115736,6/27/2026 10:14:39 AM,90eec047-676b-4d50-9684-e8707ca80941,2.0,bravo 2 sitrep,2.063673,
NARRATIVE_SECTION_END,115736,6/27/2026 10:14:39 AM,90eec047-676b-4d50-9684-e8707ca80941,2.0,,,,,,,,,,,,,,,,,,Bravo 2 sitrep,13,
NARRATIVE_SECTION_START,115813,6/27/2026 10:14:39 AM,90eec047-676b-4d50-9684-e8707ca80941,2.0,,,,,,,,,,,,,,,,,,Bravo Heavy Contact,14,
VOICE_CAPTURE,115851,6/27/2026 10:14:39 AM,90eec047-676b-4d50-9684-e8707ca80941,2.0,,,,,,,,,,,,,,,,,,,,,,,,,,,,,,,,,,,,,,,,,,,,,,,,,,,NA,Wonderful. I'm gonna lie you on,
BAG_CLOSED,116106,6/27/2026 10:14:40 AM,90eec047-676b-4d50-9684-e8707ca80941,2.0,,,,,,,,,,,,,,,,,,,,,,,,,,,,,,,,,,,,"(0.0, 0.0, 0.0)",
PLAYER_POSITIONS,116138,6/27/2026 10:14:40 AM,90eec047-676b-4d50-9684-e8707ca80941,2.0,,,,,,,,,,,,,,,,,,,,,,,,,,,,,,,,,,,"(-10.6, 0.8, -4.9)","(-10.3, 1.1, -4.8)","(-10.8, 0.8, -4.8)",
PLAYER_POSITIONS,116138,6/27/2026 10:14:40 AM,90eec047-676b-4d50-9684-e8707ca80941,2.0,,,,,,,,,,,,,,,,,,,,,,,,,,,,,,,,,,,"(-10.6, 0.8, -4.9)","(-10.3, 1.1, -4.8)","(-10.8, 0.8, -4.8)",
PULSE_TAKEN,116204,6/27/2026 10:14:40 AM,90eec047-676b-4d50-9684-e8707ca80941,2.0,,,,,,,,,,,,,,,,,,,,,,,,Military PT 4,,,,pulse_faint,
VOICE_CAPTURE,116382,6/27/2026 10:14:40 AM,90eec047-676b-4d50-9684-e8707ca80941,2.0,,,,,,,,,,,,,,,,,,,,,,,,,,,,,,,,,,,,,,,,,,,,,,,,,,,NA,Wonderful. I'm going to lie you on your back.,
PLAYER_POSITIONS,116648,6/27/2026 10:14:40 AM,90eec047-676b-4d50-9684-e8707ca80941,2.0,,,,,,,,,,,,,,,,,,,,,,,,,,,,,,,,,,,"(-10.6, 0.8, -4.8)","(-10.4, 1.2, -4.7)","(-10.7, 0.9, -4.7)",
PLAYER_POSITIONS,116648,6/27/2026 10:14:40 AM,90eec047-676b-4d50-9684-e8707ca80941,2.0,,,,,,,,,,,,,,,,,,,,,,,,,,,,,,,,,,,"(-10.6, 0.8, -4.8)","(-10.4, 1.2, -4.7)","(-10.7, 0.9, -4.7)",
AUDIO_START,116787,6/27/2026 10:14:40 AM,90eec047-676b-4d50-9684-e8707ca80941,2.0,bravo heavy contact,3.94449,
VOICE_CAPTURE,116894,6/27/2026 10:14:40 AM,90eec047-676b-4d50-9684-e8707ca80941,2.0,,,,,,,,,,,,,,,,,,,,,,,,,,,,,,,,,,,,,,,,,,,,,,,,,,,NA,"Wonderful. I'm going to lie you on your back, okay?",
PLAYER_POSITIONS,117161,6/27/2026 10:14:41 AM,90eec047-676b-4d50-9684-e8707ca80941,2.0,,,,,,,,,,,,,,,,,,,,,,,,,,,,,,,,,,,"(-10.6, 0.9, -4.7)","(-10.3, 1.2, -4.7)","(-10.7, 0.9, -4.7)",
PLAYER_GAZE,117161,6/27/2026 10:14:41 AM,90eec047-676b-4d50-9684-e8707ca80941,2.0,,,,,,,,,,,,,,,,,,,,,,,,Military PT 4,,,,,,,,,"(0.8, 1.2, 0.0)",,,"(-11.1, 0.0, -4.7)",
PLAYER_POSITIONS,117161,6/27/2026 10:14:41 AM,90eec047-676b-4d50-9684-e8707ca80941,2.0,,,,,,,,,,,,,,,,,,,,,,,,,,,,,,,,,,,"(-10.6, 0.9, -4.7)","(-10.3, 1.2, -4.7)","(-10.7, 0.9, -4.7)",
PLAYER_GAZE,117161,6/27/2026 10:14:41 AM,90eec047-676b-4d50-9684-e8707ca80941,2.0,,,,,,,,,,,,,,,,,,,,,,,,Military PT 4,,,,,,,,,"(0.8, 1.2, 0.0)",,,"(-11.1, 0.0, -4.7)",
VOICE_CAPTURE,117372,6/27/2026 10:14:41 AM,90eec047-676b-4d50-9684-e8707ca80941,2.0,,,,,,,,,,,,,,,,,,,,,,,,,,,,,,,,,,,,,,,,,,,,,,,,,,,NA,"Wonderful. I'm going to lie you on your back, okay? to lie you on your back, okay? Maybe?",
PLAYER_POSITIONS,117672,6/27/2026 10:14:41 AM,90eec047-676b-4d50-9684-e8707ca80941,2.0,,,,,,,,,,,,,,,,,,,,,,,,,,,,,,,,,,,"(-10.7, 0.8, -4.8)","(-10.2, 1.2, -4.7)","(-10.8, 0.8, -4.7)",
PLAYER_GAZE,117672,6/27/2026 10:14:41 AM,90eec047-676b-4d50-9684-e8707ca80941,2.0,,,,,,,,,,,,,,,,,,,,,,,,Military PT 4,,,,,,,,,"(0.9, 1.2, 0.1)",,,"(-11.1, 0.0, -4.7)",
PLAYER_POSITIONS,117672,6/27/2026 10:14:41 AM,90eec047-676b-4d50-9684-e8707ca80941,2.0,,,,,,,,,,,,,,,,,,,,,,,,,,,,,,,,,,,"(-10.7, 0.8, -4.8)","(-10.2, 1.2, -4.7)","(-10.8, 0.8, -4.7)",
PLAYER_GAZE,117672,6/27/2026 10:14:41 AM,90eec047-676b-4d50-9684-e8707ca80941,2.0,,,,,,,,,,,,,,,,,,,,,,,,Military PT 4,,,,,,,,,"(0.9, 1.2, 0.1)",,,"(-11.1, 0.0, -4.7)",
VOICE_CAPTURE,117916,6/27/2026 10:14:42 AM,90eec047-676b-4d50-9684-e8707ca80941,2.0,,,,,,,,,,,,,,,,,,,,,,,,,,,,,,,,,,,,,,,,,,,,,,,,,,,NA,"Wonderful. I'm going to lie you on your back, okay? to lie you on your back, okay? Maybe?",
VOICE_CAPTURE,117916,6/27/2026 10:14:42 AM,90eec047-676b-4d50-9684-e8707ca80941,2.0,,,,,,,,,,,,,,,,,,,,,,,,,,,,,,,,,,,,,,,,,,,,,,,,,,,NA,"Wonderful. I'm going to lie you on your back, okay? to lie you on your back, okay? Maybe?",
PLAYER_POSITIONS,118184,6/27/2026 10:14:42 AM,90eec047-676b-4d50-9684-e8707ca80941,2.0,,,,,,,,,,,,,,,,,,,,,,,,,,,,,,,,,,,"(-10.7, 0.8, -4.8)","(-10.3, 1.2, -4.7)","(-10.9, 0.8, -4.7)",
PLAYER_GAZE,118184,6/27/2026 10:14:42 AM,90eec047-676b-4d50-9684-e8707ca80941,2.0,,,,,,,,,,,,,,,,,,,,,,,,Military PT 4,,,,,,,,,"(0.8, 1.2, 0.1)",,,"(-11.1, 0.0, -4.7)",
PLAYER_POSITIONS,118184,6/27/2026 10:14:42 AM,90eec047-676b-4d50-9684-e8707ca80941,2.0,,,,,,,,,,,,,,,,,,,,,,,,,,,,,,,,,,,"(-10.7, 0.8, -4.8)","(-10.3, 1.2, -4.7)","(-10.9, 0.8, -4.7)",
PLAYER_GAZE,118184,6/27/2026 10:14:42 AM,90eec047-676b-4d50-9684-e8707ca80941,2.0,,,,,,,,,,,,,,,,,,,,,,,,Military PT 4,,,,,,,,,"(0.8, 1.2, 0.1)",,,"(-11.1, 0.0, -4.7)",
PLAYER_POSITIONS,118702,6/27/2026 10:14:42 AM,90eec047-676b-4d50-9684-e8707ca80941,2.0,,,,,,,,,,,,,,,,,,,,,,,,,,,,,,,,,,,"(-10.6, 0.6, -5.1)","(-10.3, 1.2, -4.7)","(-10.6, 0.7, -5.0)",
PLAYER_POSITIONS,118702,6/27/2026 10:14:42 AM,90eec047-676b-4d50-9684-e8707ca80941,2.0,,,,,,,,,,,,,,,,,,,,,,,,,,,,,,,,,,,"(-10.6, 0.6, -5.1)","(-10.3, 1.2, -4.7)","(-10.6, 0.7, -5.0)",
PLAYER_POSITIONS,119235,6/27/2026 10:14:43 AM,90eec047-676b-4d50-9684-e8707ca80941,2.0,,,,,,,,,,,,,,,,,,,,,,,,,,,,,,,,,,,"(-10.5, 0.6, -5.0)","(-10.3, 1.2, -4.8)","(-10.6, 0.6, -4.8)",
PLAYER_POSITIONS,119235,6/27/2026 10:14:43 AM,90eec047-676b-4d50-9684-e8707ca80941,2.0,,,,,,,,,,,,,,,,,,,,,,,,,,,,,,,,,,,"(-10.5, 0.6, -5.0)","(-10.3, 1.2, -4.8)","(-10.6, 0.6, -4.8)",
VOICE_CAPTURE,119418,6/27/2026 10:14:43 AM,90eec047-676b-4d50-9684-e8707ca80941,2.0,,,,,,,,,,,,,,,,,,,,,,,,,,,,,,,,,,,,,,,,,,,,,,,,,,,NA,Can I do that?,
BUTTON_CLICKED,119433,6/27/2026 10:14:43 AM,90eec047-676b-4d50-9684-e8707ca80941,2.0,,,lay down,
VOICE_CAPTURE,119433,6/27/2026 10:14:43 AM,90eec047-676b-4d50-9684-e8707ca80941,2.0,,,,,,,,,,,,,,,,,,,,,,,,,,,,,,,,,,,,,,,,,,,,,,,,,,,NA,lay down,
VOICE_COMMAND,119433,6/27/2026 10:14:43 AM,90eec047-676b-4d50-9684-e8707ca80941,2.0,,,,,,,,,,,,,,,,,,,,,,,,Military PT 4,,,,,,,,,,,,,,,,,,,,,,,,,,,lay down,lay down,
BUTTON_CLICKED,119732,6/27/2026 10:14:43 AM,90eec047-676b-4d50-9684-e8707ca80941,2.0,,,lay down,
VOICE_CAPTURE,119732,6/27/2026 10:14:43 AM,90eec047-676b-4d50-9684-e8707ca80941,2.0,,,,,,,,,,,,,,,,,,,,,,,,,,,,,,,,,,,,,,,,,,,,,,,,,,,NA,lay down,
VOICE_COMMAND,119732,6/27/2026 10:14:43 AM,90eec047-676b-4d50-9684-e8707ca80941,2.0,,,,,,,,,,,,,,,,,,,,,,,,Military PT 4,,,,,,,,,,,,,,,,,,,,,,,,,,,lay down,lay down,
PLAYER_POSITIONS,119739,6/27/2026 10:14:43 AM,90eec047-676b-4d50-9684-e8707ca80941,2.0,,,,,,,,,,,,,,,,,,,,,,,,,,,,,,,,,,,"(-10.3, 0.4, -5.0)","(-10.4, 1.2, -4.7)","(-10.7, 0.8, -4.7)",
PLAYER_GAZE,119739,6/27/2026 10:14:43 AM,90eec047-676b-4d50-9684-e8707ca80941,2.0,,,,,,,,,,,,,,,,,,,,,,,,Military PT 4,,,,,,,,,"(0.8, 1.2, 0.0)",,,"(-11.1, 0.0, -4.7)",
PLAYER_POSITIONS,119739,6/27/2026 10:14:43 AM,90eec047-676b-4d50-9684-e8707ca80941,2.0,,,,,,,,,,,,,,,,,,,,,,,,,,,,,,,,,,,"(-10.3, 0.4, -5.0)","(-10.4, 1.2, -4.7)","(-10.7, 0.8, -4.7)",
PLAYER_GAZE,119739,6/27/2026 10:14:43 AM,90eec047-676b-4d50-9684-e8707ca80941,2.0,,,,,,,,,,,,,,,,,,,,,,,,Military PT 4,,,,,,,,,"(0.8, 1.2, 0.0)",,,"(-11.1, 0.0, -4.7)",
VOICE_CAPTURE,119834,6/27/2026 10:14:43 AM,90eec047-676b-4d50-9684-e8707ca80941,2.0,,,,,,,,,,,,,,,,,,,,,,,,,,,,,,,,,,,,,,,,,,,,,,,,,,,NA,Can I do that? Can I do that?,
DRAG_STOP,119842,6/27/2026 10:14:43 AM,90eec047-676b-4d50-9684-e8707ca80941,2.0,,,,,"(-9.6, 0.0, -2.9)","(-8.6, 0.0, -4.8)",,,,,,,,,,,,,,,,,,Military PT 4,
PLAYER_POSITIONS,120252,6/27/2026 10:14:44 AM,90eec047-676b-4d50-9684-e8707ca80941,2.0,,,,,,,,,,,,,,,,,,,,,,,,,,,,,,,,,,,"(-10.4, 0.5, -5.0)","(-10.3, 1.2, -4.6)","(-10.7, 0.7, -4.9)",
PLAYER_GAZE,120252,6/27/2026 10:14:44 AM,90eec047-676b-4d50-9684-e8707ca80941,2.0,,,,,,,,,,,,,,,,,,,,,,,,Military PT 4,,,,,,,,,"(0.8, 1.2, 0.1)",,,"(-11.1, 0.0, -4.7)",
PLAYER_POSITIONS,120252,6/27/2026 10:14:44 AM,90eec047-676b-4d50-9684-e8707ca80941,2.0,,,,,,,,,,,,,,,,,,,,,,,,,,,,,,,,,,,"(-10.4, 0.5, -5.0)","(-10.3, 1.2, -4.6)","(-10.7, 0.7, -4.9)",
PLAYER_GAZE,120252,6/27/2026 10:14:44 AM,90eec047-676b-4d50-9684-e8707ca80941,2.0,,,,,,,,,,,,,,,,,,,,,,,,Military PT 4,,,,,,,,,"(0.8, 1.2, 0.1)",,,"(-11.1, 0.0, -4.7)",
AUDIO_END,120744,6/27/2026 10:14:44 AM,90eec047-676b-4d50-9684-e8707ca80941,2.0,bravo heavy contact,3.94449,
NARRATIVE_SECTION_END,120744,6/27/2026 10:14:44 AM,90eec047-676b-4d50-9684-e8707ca80941,2.0,,,,,,,,,,,,,,,,,,Bravo Heavy Contact,14,
NARRATIVE_SECTION_START,120795,6/27/2026 10:14:44 AM,90eec047-676b-4d50-9684-e8707ca80941,2.0,,,,,,,,,,,,,,,,,,Taking fire from rooftop,15,
PLAYER_POSITIONS,120801,6/27/2026 10:14:44 AM,90eec047-676b-4d50-9684-e8707ca80941,2.0,,,,,,,,,,,,,,,,,,,,,,,,,,,,,,,,,,,"(-10.1, 0.3, -5.0)","(-10.3, 1.2, -4.6)","(-10.4, 0.3, -4.3)",
PLAYER_GAZE,120801,6/27/2026 10:14:44 AM,90eec047-676b-4d50-9684-e8707ca80941,2.0,,,,,,,,,,,,,,,,,,,,,,,,Military PT 4,,,,,,,,,"(0.8, 1.2, 0.1)",,,"(-11.1, 0.0, -4.7)",
PLAYER_POSITIONS,120801,6/27/2026 10:14:44 AM,90eec047-676b-4d50-9684-e8707ca80941,2.0,,,,,,,,,,,,,,,,,,,,,,,,,,,,,,,,,,,"(-10.1, 0.3, -5.0)","(-10.3, 1.2, -4.6)","(-10.4, 0.3, -4.3)",
PLAYER_GAZE,120801,6/27/2026 10:14:44 AM,90eec047-676b-4d50-9684-e8707ca80941,2.0,,,,,,,,,,,,,,,,,,,,,,,,Military PT 4,,,,,,,,,"(0.8, 1.2, 0.1)",,,"(-11.1, 0.0, -4.7)",
PLAYER_POSITIONS,121340,6/27/2026 10:14:45 AM,90eec047-676b-4d50-9684-e8707ca80941,2.0,,,,,,,,,,,,,,,,,,,,,,,,,,,,,,,,,,,"(-10.5, 0.4, -4.7)","(-10.4, 1.1, -4.4)","(-10.5, 0.8, -4.4)",
PLAYER_POSITIONS,121340,6/27/2026 10:14:45 AM,90eec047-676b-4d50-9684-e8707ca80941,2.0,,,,,,,,,,,,,,,,,,,,,,,,,,,,,,,,,,,"(-10.5, 0.4, -4.7)","(-10.4, 1.1, -4.4)","(-10.5, 0.8, -4.4)",
VOICE_CAPTURE,121615,6/27/2026 10:14:45 AM,90eec047-676b-4d50-9684-e8707ca80941,2.0,,,,,,,,,,,,,,,,,,,,,,,,,,,,,,,,,,,,,,,,,,,,,,,,,,,NA,Can I do that? can I do that her lady?,
VOICE_CAPTURE,121813,6/27/2026 10:14:45 AM,90eec047-676b-4d50-9684-e8707ca80941,2.0,,,,,,,,,,,,,,,,,,,,,,,,,,,,,,,,,,,,,,,,,,,,,,,,,,,NA,Can I do that? Can I do that? Or lay on your back.,
PLAYER_POSITIONS,121845,6/27/2026 10:14:45 AM,90eec047-676b-4d50-9684-e8707ca80941,2.0,,,,,,,,,,,,,,,,,,,,,,,,,,,,,,,,,,,"(-10.6, 0.5, -4.5)","(-10.5, 1.1, -4.1)","(-10.5, 0.4, -3.7)",
PLAYER_POSITIONS,121845,6/27/2026 10:14:45 AM,90eec047-676b-4d50-9684-e8707ca80941,2.0,,,,,,,,,,,,,,,,,,,,,,,,,,,,,,,,,,,"(-10.6, 0.5, -4.5)","(-10.5, 1.1, -4.1)","(-10.5, 0.4, -3.7)",
VOICE_CAPTURE,122332,6/27/2026 10:14:46 AM,90eec047-676b-4d50-9684-e8707ca80941,2.0,,,,,,,,,,,,,,,,,,,,,,,,,,,,,,,,,,,,,,,,,,,,,,,,,,,NA,Can I do that? Can I do that? Or lay on your back. There you go.,
PLAYER_POSITIONS,122367,6/27/2026 10:14:46 AM,90eec047-676b-4d50-9684-e8707ca80941,2.0,,,,,,,,,,,,,,,,,,,,,,,,,,,,,,,,,,,"(-10.7, 0.4, -4.2)","(-10.5, 1.1, -3.9)","(-10.3, 0.4, -3.5)",
PLAYER_POSITIONS,122367,6/27/2026 10:14:46 AM,90eec047-676b-4d50-9684-e8707ca80941,2.0,,,,,,,,,,,,,,,,,,,,,,,,,,,,,,,,,,,"(-10.7, 0.4, -4.2)","(-10.5, 1.1, -3.9)","(-10.3, 0.4, -3.5)",
VOICE_CAPTURE,122865,6/27/2026 10:14:46 AM,90eec047-676b-4d50-9684-e8707ca80941,2.0,,,,,,,,,,,,,,,,,,,,,,,,,,,,,,,,,,,,,,,,,,,,,,,,,,,NA,Can I do that? Can I do that? Or lay on your back. There you go. Yeah.,
PLAYER_POSITIONS,122898,6/27/2026 10:14:46 AM,90eec047-676b-4d50-9684-e8707ca80941,2.0,,,,,,,,,,,,,,,,,,,,,,,,,,,,,,,,,,,"(-10.5, 0.4, -3.9)","(-10.3, 1.0, -3.4)","(-10.3, 0.3, -3.2)",
PLAYER_POSITIONS,122898,6/27/2026 10:14:46 AM,90eec047-676b-4d50-9684-e8707ca80941,2.0,,,,,,,,,,,,,,,,,,,,,,,,,,,,,,,,,,,"(-10.5, 0.4, -3.9)","(-10.3, 1.0, -3.4)","(-10.3, 0.3, -3.2)",
BAG_CLOSED,122929,6/27/2026 10:14:47 AM,90eec047-676b-4d50-9684-e8707ca80941,2.0,,,,,,,,,,,,,,,,,,,,,,,,,,,,,,,,,,,,"(0.0, 0.0, 0.0)",
VOICE_CAPTURE,123255,6/27/2026 10:14:47 AM,90eec047-676b-4d50-9684-e8707ca80941,2.0,,,,,,,,,,,,,,,,,,,,,,,,,,,,,,,,,,,,,,,,,,,,,,,,,,,NA,Can I do that? Can I do that? Or lay on your back. There you go. Yeah. Yeah.,
PLAYER_POSITIONS,123402,6/27/2026 10:14:47 AM,90eec047-676b-4d50-9684-e8707ca80941,2.0,,,,,,,,,,,,,,,,,,,,,,,,,,,,,,,,,,,"(-10.5, 0.4, -3.7)","(-10.2, 1.1, -3.4)","(-10.1, 0.6, -3.1)",
PLAYER_POSITIONS,123402,6/27/2026 10:14:47 AM,90eec047-676b-4d50-9684-e8707ca80941,2.0,,,,,,,,,,,,,,,,,,,,,,,,,,,,,,,,,,,"(-10.5, 0.4, -3.7)","(-10.2, 1.1, -3.4)","(-10.1, 0.6, -3.1)",
AUDIO_START,123792,6/27/2026 10:14:47 AM,90eec047-676b-4d50-9684-e8707ca80941,2.0,taking fire from sector 6,4.022857,
VOICE_CAPTURE,123794,6/27/2026 10:14:47 AM,90eec047-676b-4d50-9684-e8707ca80941,2.0,,,,,,,,,,,,,,,,,,,,,,,,,,,,,,,,,,,,,,,,,,,,,,,,,,,NA,Can I do that? Can I do that? Or lay on your back. There you go. Yeah. Yeah.,
VOICE_CAPTURE,123794,6/27/2026 10:14:47 AM,90eec047-676b-4d50-9684-e8707ca80941,2.0,,,,,,,,,,,,,,,,,,,,,,,,,,,,,,,,,,,,,,,,,,,,,,,,,,,NA,Can I do that? Can I do that? Or lay on your back. There you go. Yeah. Yeah.,
VOICE_COMMAND,123794,6/27/2026 10:14:47 AM,90eec047-676b-4d50-9684-e8707ca80941,2.0,,,,,,,,,,,,,,,,,,,,,,,,,,,,,,,,,,,,,,,,,,,,,,,,,,,Can I do that? Can I do that? Or lay on your back. There you go. Yeah. Yeah.,lay down,
PLAYER_POSITIONS,123910,6/27/2026 10:14:48 AM,90eec047-676b-4d50-9684-e8707ca80941,2.0,,,,,,,,,,,,,,,,,,,,,,,,,,,,,,,,,,,"(-10.5, 0.4, -3.7)","(-10.2, 1.1, -3.5)","(-10.0, 0.7, -3.3)",
PLAYER_POSITIONS,123910,6/27/2026 10:14:48 AM,90eec047-676b-4d50-9684-e8707ca80941,2.0,,,,,,,,,,,,,,,,,,,,,,,,,,,,,,,,,,,"(-10.5, 0.4, -3.7)","(-10.2, 1.1, -3.5)","(-10.0, 0.7, -3.3)",
PLAYER_POSITIONS,124429,6/27/2026 10:14:48 AM,90eec047-676b-4d50-9684-e8707ca80941,2.0,,,,,,,,,,,,,,,,,,,,,,,,,,,,,,,,,,,"(-10.5, 0.4, -3.7)","(-10.1, 1.0, -3.4)","(-10.0, 0.3, -3.1)",
PLAYER_POSITIONS,124429,6/27/2026 10:14:48 AM,90eec047-676b-4d50-9684-e8707ca80941,2.0,,,,,,,,,,,,,,,,,,,,,,,,,,,,,,,,,,,"(-10.5, 0.4, -3.7)","(-10.1, 1.0, -3.4)","(-10.0, 0.3, -3.1)",
TOOL_HOVER,124805,6/27/2026 10:14:48 AM,90eec047-676b-4d50-9684-e8707ca80941,2.0,,,,,,,,,,,,,,,,,,,,,,,,,,,,,,,,,,,,,,,,,,,,,,997,,Fentanyl Lollipop,
TOOL_SELECTED,124919,6/27/2026 10:14:49 AM,90eec047-676b-4d50-9684-e8707ca80941,2.0,,,,,,,,,,,,,,,,,,,,,,,,,,,,,,,,,,,,,,,,,,,,,,996,,Fentanyl Lollipop,
PLAYER_POSITIONS,124942,6/27/2026 10:14:49 AM,90eec047-676b-4d50-9684-e8707ca80941,2.0,,,,,,,,,,,,,,,,,,,,,,,,,,,,,,,,,,,"(-10.4, 0.4, -3.6)","(-10.1, 1.1, -3.3)","(-9.7, 0.6, -3.1)",
PLAYER_POSITIONS,124942,6/27/2026 10:14:49 AM,90eec047-676b-4d50-9684-e8707ca80941,2.0,,,,,,,,,,,,,,,,,,,,,,,,,,,,,,,,,,,"(-10.4, 0.4, -3.6)","(-10.1, 1.1, -3.3)","(-9.7, 0.6, -3.1)",
PLAYER_POSITIONS,125464,6/27/2026 10:14:49 AM,90eec047-676b-4d50-9684-e8707ca80941,2.0,,,,,,,,,,,,,,,,,,,,,,,,,,,,,,,,,,,"(-10.6, 0.4, -3.8)","(-10.4, 1.1, -3.6)","(-10.5, 0.5, -3.5)",
PLAYER_POSITIONS,125464,6/27/2026 10:14:49 AM,90eec047-676b-4d50-9684-e8707ca80941,2.0,,,,,,,,,,,,,,,,,,,,,,,,,,,,,,,,,,,"(-10.6, 0.4, -3.8)","(-10.4, 1.1, -3.6)","(-10.5, 0.5, -3.5)",
PLAYER_POSITIONS,125974,6/27/2026 10:14:50 AM,90eec047-676b-4d50-9684-e8707ca80941,2.0,,,,,,,,,,,,,,,,,,,,,,,,,,,,,,,,,,,"(-10.5, 0.3, -3.9)","(-10.6, 1.0, -3.7)","(-10.7, 0.4, -3.6)",
PLAYER_POSITIONS,125974,6/27/2026 10:14:50 AM,90eec047-676b-4d50-9684-e8707ca80941,2.0,,,,,,,,,,,,,,,,,,,,,,,,,,,,,,,,,,,"(-10.5, 0.3, -3.9)","(-10.6, 1.0, -3.7)","(-10.7, 0.4, -3.6)",
VOICE_CAPTURE,126241,6/27/2026 10:14:50 AM,90eec047-676b-4d50-9684-e8707ca80941,2.0,,,,,,,,,,,,,,,,,,,,,,,,,,,,,,,,,,,,,,,,,,,,,,,,,,,NA,Since I have nine,
PLAYER_POSITIONS,126485,6/27/2026 10:14:50 AM,90eec047-676b-4d50-9684-e8707ca80941,2.0,,,,,,,,,,,,,,,,,,,,,,,,,,,,,,,,,,,"(-10.5, 0.4, -3.9)","(-10.7, 0.8, -3.7)","(-10.8, 0.1, -3.6)",
PLAYER_POSITIONS,126485,6/27/2026 10:14:50 AM,90eec047-676b-4d50-9684-e8707ca80941,2.0,,,,,,,,,,,,,,,,,,,,,,,,,,,,,,,,,,,"(-10.5, 0.4, -3.9)","(-10.7, 0.8, -3.7)","(-10.8, 0.1, -3.6)",
VOICE_CAPTURE,126729,6/27/2026 10:14:50 AM,90eec047-676b-4d50-9684-e8707ca80941,2.0,,,,,,,,,,,,,,,,,,,,,,,,,,,,,,,,,,,,,,,,,,,,,,,,,,,NA,Since I have 990,
PLAYER_POSITIONS,126997,6/27/2026 10:14:51 AM,90eec047-676b-4d50-9684-e8707ca80941,2.0,,,,,,,,,,,,,,,,,,,,,,,,,,,,,,,,,,,"(-10.5, 0.4, -3.9)","(-10.7, 0.8, -3.7)","(-10.8, 0.1, -3.5)",
PLAYER_POSITIONS,126997,6/27/2026 10:14:51 AM,90eec047-676b-4d50-9684-e8707ca80941,2.0,,,,,,,,,,,,,,,,,,,,,,,,,,,,,,,,,,,"(-10.5, 0.4, -3.9)","(-10.7, 0.8, -3.7)","(-10.8, 0.1, -3.5)",
VOICE_CAPTURE,127222,6/27/2026 10:14:51 AM,90eec047-676b-4d50-9684-e8707ca80941,2.0,,,,,,,,,,,,,,,,,,,,,,,,,,,,,,,,,,,,,,,,,,,,,,,,,,,NA,So you have 999 of these,
PLAYER_POSITIONS,127510,6/27/2026 10:14:51 AM,90eec047-676b-4d50-9684-e8707ca80941,2.0,,,,,,,,,,,,,,,,,,,,,,,,,,,,,,,,,,,"(-10.5, 0.4, -3.9)","(-10.7, 0.8, -3.7)","(-10.8, 0.1, -3.5)",
PLAYER_POSITIONS,127510,6/27/2026 10:14:51 AM,90eec047-676b-4d50-9684-e8707ca80941,2.0,,,,,,,,,,,,,,,,,,,,,,,,,,,,,,,,,,,"(-10.5, 0.4, -3.9)","(-10.7, 0.8, -3.7)","(-10.8, 0.1, -3.5)",
INJURY_TREATED,127535,6/27/2026 10:14:51 AM,90eec047-676b-4d50-9684-e8707ca80941,2.0,,,,,,,,,head,Unspecified,"(0.0, 0.0, 0.0)",none,1,1,none,True,False,,,,,,,Military PT 4,
TOOL_APPLIED,127535,6/27/2026 10:14:51 AM,90eec047-676b-4d50-9684-e8707ca80941,2.0,,,,,,,,,,,,,,,,,,,,,,,,Military PT 4,,,,,,,,,,,,,,,,,,,,AppliedLollipop,Jaw (UnityEngine.GameObject),,Fentanyl Lollipop(Clone) (UnityEngine.GameObject),Fentanyl Lollipop,
VOICE_CAPTURE,127768,6/27/2026 10:14:51 AM,90eec047-676b-4d50-9684-e8707ca80941,2.0,,,,,,,,,,,,,,,,,,,,,,,,,,,,,,,,,,,,,,,,,,,,,,,,,,,NA,So I have 999 of these I'm gonna give you,
AUDIO_END,127811,6/27/2026 10:14:51 AM,90eec047-676b-4d50-9684-e8707ca80941,2.0,taking fire from sector 6,4.022857,
NARRATIVE_SECTION_END,127811,6/27/2026 10:14:51 AM,90eec047-676b-4d50-9684-e8707ca80941,2.0,,,,,,,,,,,,,,,,,,Taking fire from rooftop,15,
NARRATIVE_SECTION_START,127852,6/27/2026 10:14:51 AM,90eec047-676b-4d50-9684-e8707ca80941,2.0,,,,,,,,,,,,,,,,,,Standby for mortar support,16,
PLAYER_POSITIONS,128012,6/27/2026 10:14:52 AM,90eec047-676b-4d50-9684-e8707ca80941,2.0,,,,,,,,,,,,,,,,,,,,,,,,,,,,,,,,,,,"(-10.5, 0.3, -3.8)","(-10.6, 1.0, -3.5)","(-10.3, 0.2, -3.5)",
PLAYER_POSITIONS,128012,6/27/2026 10:14:52 AM,90eec047-676b-4d50-9684-e8707ca80941,2.0,,,,,,,,,,,,,,,,,,,,,,,,,,,,,,,,,,,"(-10.5, 0.3, -3.8)","(-10.6, 1.0, -3.5)","(-10.3, 0.2, -3.5)",
VOICE_CAPTURE,128290,6/27/2026 10:14:52 AM,90eec047-676b-4d50-9684-e8707ca80941,2.0,,,,,,,,,,,,,,,,,,,,,,,,,,,,,,,,,,,,,,,,,,,,,,,,,,,NA,So I have 999 of these I'm gonna give you 999 of these I'm gonna give you,
PLAYER_POSITIONS,128524,6/27/2026 10:14:52 AM,90eec047-676b-4d50-9684-e8707ca80941,2.0,,,,,,,,,,,,,,,,,,,,,,,,,,,,,,,,,,,"(-10.5, 0.4, -3.7)","(-10.2, 1.1, -3.4)","(-10.0, 0.6, -3.1)",
PLAYER_POSITIONS,128524,6/27/2026 10:14:52 AM,90eec047-676b-4d50-9684-e8707ca80941,2.0,,,,,,,,,,,,,,,,,,,,,,,,,,,,,,,,,,,"(-10.5, 0.4, -3.7)","(-10.2, 1.1, -3.4)","(-10.0, 0.6, -3.1)",
VOICE_CAPTURE,128757,6/27/2026 10:14:52 AM,90eec047-676b-4d50-9684-e8707ca80941,2.0,,,,,,,,,,,,,,,,,,,,,,,,,,,,,,,,,,,,,,,,,,,,,,,,,,,NA,So I have 999 of these I'm gonna give you 999 of these I'm gonna give you,
VOICE_CAPTURE,128757,6/27/2026 10:14:52 AM,90eec047-676b-4d50-9684-e8707ca80941,2.0,,,,,,,,,,,,,,,,,,,,,,,,,,,,,,,,,,,,,,,,,,,,,,,,,,,NA,So I have 999 of these I'm gonna give you 999 of these I'm gonna give you,
TOOL_HOVER,128876,6/27/2026 10:14:52 AM,90eec047-676b-4d50-9684-e8707ca80941,2.0,,,,,,,,,,,,,,,,,,,,,,,,,,,,,,,,,,,,,,,,,,,,,,998,,Antibiotics,
TOOL_SELECTED,128977,6/27/2026 10:14:53 AM,90eec047-676b-4d50-9684-e8707ca80941,2.0,,,,,,,,,,,,,,,,,,,,,,,,,,,,,,,,,,,,,,,,,,,,,,997,,Antibiotics,
PLAYER_POSITIONS,129056,6/27/2026 10:14:53 AM,90eec047-676b-4d50-9684-e8707ca80941,2.0,,,,,,,,,,,,,,,,,,,,,,,,,,,,,,,,,,,"(-10.5, 0.4, -3.7)","(-10.2, 1.0, -3.3)","(-9.9, 0.5, -2.9)",
PLAYER_POSITIONS,129056,6/27/2026 10:14:53 AM,90eec047-676b-4d50-9684-e8707ca80941,2.0,,,,,,,,,,,,,,,,,,,,,,,,,,,,,,,,,,,"(-10.5, 0.4, -3.7)","(-10.2, 1.0, -3.3)","(-9.9, 0.5, -2.9)",
PLAYER_POSITIONS,129571,6/27/2026 10:14:53 AM,90eec047-676b-4d50-9684-e8707ca80941,2.0,,,,,,,,,,,,,,,,,,,,,,,,,,,,,,,,,,,"(-10.5, 0.4, -3.8)","(-10.6, 0.9, -3.6)","(-10.8, 0.2, -3.5)",
PLAYER_POSITIONS,129571,6/27/2026 10:14:53 AM,90eec047-676b-4d50-9684-e8707ca80941,2.0,,,,,,,,,,,,,,,,,,,,,,,,,,,,,,,,,,,"(-10.5, 0.4, -3.8)","(-10.6, 0.9, -3.6)","(-10.8, 0.2, -3.5)",
INJURY_TREATED,129850,6/27/2026 10:14:53 AM,90eec047-676b-4d50-9684-e8707ca80941,2.0,,,,,,,,,head,Unspecified,"(0.0, 0.0, 0.0)",none,1,1,none,True,False,,,,,,,Military PT 4,
TOOL_APPLIED,129850,6/27/2026 10:14:53 AM,90eec047-676b-4d50-9684-e8707ca80941,2.0,,,,,,,,,,,,,,,,,,,,,,,,Military PT 4,,,,,,,,,,,,,,,,,,,,AppliedAntibiotics,Jaw (UnityEngine.GameObject),,null,Antibiotics,
AUDIO_START,129859,6/27/2026 10:14:53 AM,90eec047-676b-4d50-9684-e8707ca80941,2.0,standby for mortar support,4.101224,
BAG_CLOSED,129991,6/27/2026 10:14:54 AM,90eec047-676b-4d50-9684-e8707ca80941,2.0,,,,,,,,,,,,,,,,,,,,,,,,,,,,,,,,,,,,"(0.0, 0.0, 0.0)",
PLAYER_POSITIONS,130100,6/27/2026 10:14:54 AM,90eec047-676b-4d50-9684-e8707ca80941,2.0,,,,,,,,,,,,,,,,,,,,,,,,,,,,,,,,,,,"(-10.6, 0.3, -4.0)","(-10.7, 1.1, -3.8)","(-10.6, 0.2, -3.6)",
PLAYER_GAZE,130100,6/27/2026 10:14:54 AM,90eec047-676b-4d50-9684-e8707ca80941,2.0,,,,,,,,,,,,,,,,,,,,,,,,Civilian PT 7,,,,,,,,,"(6.9, 1.1, -3.6)",,,"(-17.6, 0.0, -0.1)",
PLAYER_POSITIONS,130100,6/27/2026 10:14:54 AM,90eec047-676b-4d50-9684-e8707ca80941,2.0,,,,,,,,,,,,,,,,,,,,,,,,,,,,,,,,,,,"(-10.6, 0.3, -4.0)","(-10.7, 1.1, -3.8)","(-10.6, 0.2, -3.6)",
PLAYER_GAZE,130100,6/27/2026 10:14:54 AM,90eec047-676b-4d50-9684-e8707ca80941,2.0,,,,,,,,,,,,,,,,,,,,,,,,Civilian PT 7,,,,,,,,,"(6.9, 1.1, -3.6)",,,"(-17.6, 0.0, -0.1)",
PLAYER_POSITIONS,130606,6/27/2026 10:14:54 AM,90eec047-676b-4d50-9684-e8707ca80941,2.0,,,,,,,,,,,,,,,,,,,,,,,,,,,,,,,,,,,"(-10.9, 0.3, -3.5)","(-10.8, 1.1, -3.4)","(-11.1, 0.6, -3.2)",
PLAYER_GAZE,130606,6/27/2026 10:14:54 AM,90eec047-676b-4d50-9684-e8707ca80941,2.0,,,,,,,,,,,,,,,,,,,,,,,,Civilian PT 8,,,,,,,,,"(5.0, 1.1, -1.6)",,,"(-15.8, 0.0, -1.8)",
PLAYER_POSITIONS,130606,6/27/2026 10:14:54 AM,90eec047-676b-4d50-9684-e8707ca80941,2.0,,,,,,,,,,,,,,,,,,,,,,,,,,,,,,,,,,,"(-10.9, 0.3, -3.5)","(-10.8, 1.1, -3.4)","(-11.1, 0.6, -3.2)",
PLAYER_GAZE,130606,6/27/2026 10:14:54 AM,90eec047-676b-4d50-9684-e8707ca80941,2.0,,,,,,,,,,,,,,,,,,,,,,,,Civilian PT 8,,,,,,,,,"(5.0, 1.1, -1.6)",,,"(-15.8, 0.0, -1.8)",
VOICE_CAPTURE,130750,6/27/2026 10:14:54 AM,90eec047-676b-4d50-9684-e8707ca80941,2.0,,,,,,,,,,,,,,,,,,,,,,,,,,,,,,,,,,,,,,,,,,,,,,,,,,,NA,as well.,
PLAYER_POSITIONS,131115,6/27/2026 10:14:55 AM,90eec047-676b-4d50-9684-e8707ca80941,2.0,,,,,,,,,,,,,,,,,,,,,,,,,,,,,,,,,,,"(-11.2, 0.3, -3.2)","(-11.0, 1.1, -3.1)","(-11.1, 0.4, -2.9)",
PLAYER_POSITIONS,131115,6/27/2026 10:14:55 AM,90eec047-676b-4d50-9684-e8707ca80941,2.0,,,,,,,,,,,,,,,,,,,,,,,,,,,,,,,,,,,"(-11.2, 0.3, -3.2)","(-11.0, 1.1, -3.1)","(-11.1, 0.4, -2.9)",
VOICE_CAPTURE,131334,6/27/2026 10:14:55 AM,90eec047-676b-4d50-9684-e8707ca80941,2.0,,,,,,,,,,,,,,,,,,,,,,,,,,,,,,,,,,,,,,,,,,,,,,,,,,,NA,as well. Okay.,
PLAYER_POSITIONS,131634,6/27/2026 10:14:55 AM,90eec047-676b-4d50-9684-e8707ca80941,2.0,,,,,,,,,,,,,,,,,,,,,,,,,,,,,,,,,,,"(-11.8, 0.3, -2.3)","(-11.6, 1.1, -2.3)","(-11.3, 0.2, -2.2)",
PLAYER_POSITIONS,131634,6/27/2026 10:14:55 AM,90eec047-676b-4d50-9684-e8707ca80941,2.0,,,,,,,,,,,,,,,,,,,,,,,,,,,,,,,,,,,"(-11.8, 0.3, -2.3)","(-11.6, 1.1, -2.3)","(-11.3, 0.2, -2.2)",
PATIENT_DISENGAGED,131674,6/27/2026 10:14:55 AM,90eec047-676b-4d50-9684-e8707ca80941,2.0,,,,24.51,,,,,,,,,,,,,,,,fast,100,Infinity,normal,Military PT 4,upset,supine,"(-11.1, -0.1, -4.4)",faint,"(0.0, 1.0, 0.0, 0.2)",normal,IMMEDIATE,still,,,,,,,,,,,,,,,,,24.51,
VOICE_CAPTURE,131798,6/27/2026 10:14:55 AM,90eec047-676b-4d50-9684-e8707ca80941,2.0,,,,,,,,,,,,,,,,,,,,,,,,,,,,,,,,,,,,,,,,,,,,,,,,,,,NA,as well. Okay.,
VOICE_CAPTURE,131798,6/27/2026 10:14:55 AM,90eec047-676b-4d50-9684-e8707ca80941,2.0,,,,,,,,,,,,,,,,,,,,,,,,,,,,,,,,,,,,,,,,,,,,,,,,,,,NA,as well. Okay.,
PLAYER_POSITIONS,132146,6/27/2026 10:14:56 AM,90eec047-676b-4d50-9684-e8707ca80941,2.0,,,,,,,,,,,,,,,,,,,,,,,,,,,,,,,,,,,"(-12.1, 0.4, -2.1)","(-11.7, 1.2, -2.2)","(-11.5, 0.5, -2.0)",
PLAYER_POSITIONS,132146,6/27/2026 10:14:56 AM,90eec047-676b-4d50-9684-e8707ca80941,2.0,,,,,,,,,,,,,,,,,,,,,,,,,,,,,,,,,,,"(-12.1, 0.4, -2.1)","(-11.7, 1.2, -2.2)","(-11.5, 0.5, -2.0)",
PLAYER_POSITIONS,132653,6/27/2026 10:14:56 AM,90eec047-676b-4d50-9684-e8707ca80941,2.0,,,,,,,,,,,,,,,,,,,,,,,,,,,,,,,,,,,"(-12.3, 0.6, -1.9)","(-12.3, 1.2, -2.2)","(-11.9, 0.5, -2.2)",
PLAYER_POSITIONS,132653,6/27/2026 10:14:56 AM,90eec047-676b-4d50-9684-e8707ca80941,2.0,,,,,,,,,,,,,,,,,,,,,,,,,,,,,,,,,,,"(-12.3, 0.6, -1.9)","(-12.3, 1.2, -2.2)","(-11.9, 0.5, -2.2)",
VOICE_CAPTURE,132742,6/27/2026 10:14:56 AM,90eec047-676b-4d50-9684-e8707ca80941,2.0,,,,,,,,,,,,,,,,,,,,,,,,,,,,,,,,,,,,,,,,,,,,,,,,,,,NA,know,
PLAYER_POSITIONS,133169,6/27/2026 10:14:57 AM,90eec047-676b-4d50-9684-e8707ca80941,2.0,,,,,,,,,,,,,,,,,,,,,,,,,,,,,,,,,,,"(-12.6, 0.4, -1.4)","(-12.5, 1.2, -1.6)","(-12.3, 0.6, -1.3)",
PLAYER_POSITIONS,133169,6/27/2026 10:14:57 AM,90eec047-676b-4d50-9684-e8707ca80941,2.0,,,,,,,,,,,,,,,,,,,,,,,,,,,,,,,,,,,"(-12.6, 0.4, -1.4)","(-12.5, 1.2, -1.6)","(-12.3, 0.6, -1.3)",
VOICE_CAPTURE,133258,6/27/2026 10:14:57 AM,90eec047-676b-4d50-9684-e8707ca80941,2.0,,,,,,,,,,,,,,,,,,,,,,,,,,,,,,,,,,,,,,,,,,,,,,,,,,,NA,"know You know, Spotify.",
PLAYER_POSITIONS,133682,6/27/2026 10:14:57 AM,90eec047-676b-4d50-9684-e8707ca80941,2.0,,,,,,,,,,,,,,,,,,,,,,,,,,,,,,,,,,,"(-11.7, 0.4, 1.7)","(-11.5, 1.2, 1.6)","(-11.2, 0.5, 1.9)",
PLAYER_POSITIONS,133682,6/27/2026 10:14:57 AM,90eec047-676b-4d50-9684-e8707ca80941,2.0,,,,,,,,,,,,,,,,,,,,,,,,,,,,,,,,,,,"(-11.7, 0.4, 1.7)","(-11.5, 1.2, 1.6)","(-11.2, 0.5, 1.9)",
TELEPORT,133682,6/27/2026 10:14:57 AM,90eec047-676b-4d50-9684-e8707ca80941,2.0,,,,,,,,,,,,,,,,,,,,,,,,,,,,,,,,,,,,"(-12.6, 1.2, -1.4)",,,,,,,"(-11.5, 1.2, 1.6)",
VOICE_CAPTURE,133783,6/27/2026 10:14:57 AM,90eec047-676b-4d50-9684-e8707ca80941,2.0,,,,,,,,,,,,,,,,,,,,,,,,,,,,,,,,,,,,,,,,,,,,,,,,,,,NA,"know You know, it's by the fire.",
AUDIO_END,133976,6/27/2026 10:14:58 AM,90eec047-676b-4d50-9684-e8707ca80941,2.0,standby for mortar support,4.101224,
NARRATIVE_SECTION_END,133976,6/27/2026 10:14:58 AM,90eec047-676b-4d50-9684-e8707ca80941,2.0,,,,,,,,,,,,,,,,,,Standby for mortar support,16,
NARRATIVE_SECTION_START,134028,6/27/2026 10:14:58 AM,90eec047-676b-4d50-9684-e8707ca80941,2.0,,,,,,,,,,,,,,,,,,Mortar rounds outbound,17,
PLAYER_POSITIONS,134198,6/27/2026 10:14:58 AM,90eec047-676b-4d50-9684-e8707ca80941,2.0,,,,,,,,,,,,,,,,,,,,,,,,,,,,,,,,,,,"(-11.7, 0.4, 2.0)","(-11.4, 1.2, 1.7)","(-11.0, 0.5, 1.8)",
PLAYER_POSITIONS,134198,6/27/2026 10:14:58 AM,90eec047-676b-4d50-9684-e8707ca80941,2.0,,,,,,,,,,,,,,,,,,,,,,,,,,,,,,,,,,,"(-11.7, 0.4, 2.0)","(-11.4, 1.2, 1.7)","(-11.0, 0.5, 1.8)",
VOICE_CAPTURE,134242,6/27/2026 10:14:58 AM,90eec047-676b-4d50-9684-e8707ca80941,2.0,,,,,,,,,,,,,,,,,,,,,,,,,,,,,,,,,,,,,,,,,,,,,,,,,,,NA,"know You know, it's by the fire.",
VOICE_CAPTURE,134242,6/27/2026 10:14:58 AM,90eec047-676b-4d50-9684-e8707ca80941,2.0,,,,,,,,,,,,,,,,,,,,,,,,,,,,,,,,,,,,,,,,,,,,,,,,,,,NA,"know You know, it's by the fire.",
PLAYER_POSITIONS,134732,6/27/2026 10:14:58 AM,90eec047-676b-4d50-9684-e8707ca80941,2.0,,,,,,,,,,,,,,,,,,,,,,,,,,,,,,,,,,,"(-9.4, 0.5, 1.9)","(-9.4, 1.2, 1.5)","(-9.0, 0.5, 1.2)",
PLAYER_POSITIONS,134732,6/27/2026 10:14:58 AM,90eec047-676b-4d50-9684-e8707ca80941,2.0,,,,,,,,,,,,,,,,,,,,,,,,,,,,,,,,,,,"(-9.4, 0.5, 1.9)","(-9.4, 1.2, 1.5)","(-9.0, 0.5, 1.2)",
TELEPORT,134842,6/27/2026 10:14:58 AM,90eec047-676b-4d50-9684-e8707ca80941,2.0,,,,,,,,,,,,,,,,,,,,,,,,,,,,,,,,,,,,"(-11.2, 1.2, 1.7)",,,,,,,"(-9.4, 1.3, 1.4)",
PLAYER_POSITIONS,135234,6/27/2026 10:14:59 AM,90eec047-676b-4d50-9684-e8707ca80941,2.0,,,,,,,,,,,,,,,,,,,,,,,,,,,,,,,,,,,"(-8.8, 0.5, 1.4)","(-8.9, 1.2, 1.3)","(-8.7, 0.6, 1.1)",
PLAYER_GAZE,135234,6/27/2026 10:14:59 AM,90eec047-676b-4d50-9684-e8707ca80941,2.0,,,,,,,,,,,,,,,,,,,,,,,,Military PT 11,,,,,,,,,"(-2.5, 1.2, 1.5)",,,"(-6.4, 0.0, -0.3)",
PLAYER_POSITIONS,135234,6/27/2026 10:14:59 AM,90eec047-676b-4d50-9684-e8707ca80941,2.0,,,,,,,,,,,,,,,,,,,,,,,,,,,,,,,,,,,"(-8.8, 0.5, 1.4)","(-8.9, 1.2, 1.3)","(-8.7, 0.6, 1.1)",
PLAYER_GAZE,135234,6/27/2026 10:14:59 AM,90eec047-676b-4d50-9684-e8707ca80941,2.0,,,,,,,,,,,,,,,,,,,,,,,,Military PT 11,,,,,,,,,"(-2.5, 1.2, 1.5)",,,"(-6.4, 0.0, -0.3)",
PATIENT_ENGAGED,135624,6/27/2026 10:14:59 AM,90eec047-676b-4d50-9684-e8707ca80941,2.0,,,,0,,,,,,,,,,,,,,,,normal,100,Infinity,normal,Military PT 11,panic,standing,"(-6.4, -0.1, -0.1)",normal,"(0.0, -0.6, 0.0, 0.8)",normal,MINIMAL,still,,,,,,,,,,,,,,,,,0,
PLAYER_POSITIONS,135759,6/27/2026 10:14:59 AM,90eec047-676b-4d50-9684-e8707ca80941,2.0,,,,,,,,,,,,,,,,,,,,,,,,,,,,,,,,,,,"(-8.1, 0.5, 1.3)","(-8.0, 1.2, 1.0)","(-7.8, 0.5, 0.9)",
PLAYER_POSITIONS,135759,6/27/2026 10:14:59 AM,90eec047-676b-4d50-9684-e8707ca80941,2.0,,,,,,,,,,,,,,,,,,,,,,,,,,,,,,,,,,,"(-8.1, 0.5, 1.3)","(-8.0, 1.2, 1.0)","(-7.8, 0.5, 0.9)",
VOICE_CAPTURE,136259,6/27/2026 10:15:00 AM,90eec047-676b-4d50-9684-e8707ca80941,2.0,,,,,,,,,,,,,,,,,,,,,,,,,,,,,,,,,,,,,,,,,,,,,,,,,,,NA,Oh.,
PLAYER_POSITIONS,136281,6/27/2026 10:15:00 AM,90eec047-676b-4d50-9684-e8707ca80941,2.0,,,,,,,,,,,,,,,,,,,,,,,,,,,,,,,,,,,"(-7.6, 0.5, 1.2)","(-7.8, 1.3, 0.9)","(-7.4, 1.1, 0.5)",
PLAYER_GAZE,136281,6/27/2026 10:15:00 AM,90eec047-676b-4d50-9684-e8707ca80941,2.0,,,,,,,,,,,,,,,,,,,,,,,,Military PT 11,,,,,,,,,"(-1.4, 1.3, 1.2)",,,"(-6.4, 0.0, -0.3)",
PLAYER_POSITIONS,136281,6/27/2026 10:15:00 AM,90eec047-676b-4d50-9684-e8707ca80941,2.0,,,,,,,,,,,,,,,,,,,,,,,,,,,,,,,,,,,"(-7.6, 0.5, 1.2)","(-7.8, 1.3, 0.9)","(-7.4, 1.1, 0.5)",
PLAYER_GAZE,136281,6/27/2026 10:15:00 AM,90eec047-676b-4d50-9684-e8707ca80941,2.0,,,,,,,,,,,,,,,,,,,,,,,,Military PT 11,,,,,,,,,"(-1.4, 1.3, 1.2)",,,"(-6.4, 0.0, -0.3)",
VOICE_CAPTURE,136736,6/27/2026 10:15:00 AM,90eec047-676b-4d50-9684-e8707ca80941,2.0,,,,,,,,,,,,,,,,,,,,,,,,,,,,,,,,,,,,,,,,,,,,,,,,,,,NA,"Oh, hi.",
PLAYER_POSITIONS,136780,6/27/2026 10:15:00 AM,90eec047-676b-4d50-9684-e8707ca80941,2.0,,,,,,,,,,,,,,,,,,,,,,,,,,,,,,,,,,,"(-7.5, 0.4, 0.9)","(-7.4, 1.2, 0.4)","(-6.9, 1.1, 0.1)",
PLAYER_GAZE,136780,6/27/2026 10:15:00 AM,90eec047-676b-4d50-9684-e8707ca80941,2.0,,,,,,,,,,,,,,,,,,,,,,,,Military PT 11,,,,,,,,,"(-1.0, 1.2, 0.7)",,,"(-6.4, 0.0, -0.3)",
PLAYER_POSITIONS,136780,6/27/2026 10:15:00 AM,90eec047-676b-4d50-9684-e8707ca80941,2.0,,,,,,,,,,,,,,,,,,,,,,,,,,,,,,,,,,,"(-7.5, 0.4, 0.9)","(-7.4, 1.2, 0.4)","(-6.9, 1.1, 0.1)",
PLAYER_GAZE,136780,6/27/2026 10:15:00 AM,90eec047-676b-4d50-9684-e8707ca80941,2.0,,,,,,,,,,,,,,,,,,,,,,,,Military PT 11,,,,,,,,,"(-1.0, 1.2, 0.7)",,,"(-6.4, 0.0, -0.3)",
VOICE_CAPTURE,137270,6/27/2026 10:15:01 AM,90eec047-676b-4d50-9684-e8707ca80941,2.0,,,,,,,,,,,,,,,,,,,,,,,,,,,,,,,,,,,,,,,,,,,,,,,,,,,NA,"Oh, hi, I'm gonna take your",
PLAYER_POSITIONS,137292,6/27/2026 10:15:01 AM,90eec047-676b-4d50-9684-e8707ca80941,2.0,,,,,,,,,,,,,,,,,,,,,,,,,,,,,,,,,,,"(-7.2, 0.4, 1.0)","(-7.3, 1.2, 0.7)","(-6.8, 1.0, 0.4)",
PLAYER_GAZE,137292,6/27/2026 10:15:01 AM,90eec047-676b-4d50-9684-e8707ca80941,2.0,,,,,,,,,,,,,,,,,,,,,,,,Military PT 11,,,,,,,,,"(-0.9, 1.2, 1.0)",,,"(-6.4, 0.0, -0.3)",
PLAYER_POSITIONS,137292,6/27/2026 10:15:01 AM,90eec047-676b-4d50-9684-e8707ca80941,2.0,,,,,,,,,,,,,,,,,,,,,,,,,,,,,,,,,,,"(-7.2, 0.4, 1.0)","(-7.3, 1.2, 0.7)","(-6.8, 1.0, 0.4)",
PLAYER_GAZE,137292,6/27/2026 10:15:01 AM,90eec047-676b-4d50-9684-e8707ca80941,2.0,,,,,,,,,,,,,,,,,,,,,,,,Military PT 11,,,,,,,,,"(-0.9, 1.2, 1.0)",,,"(-6.4, 0.0, -0.3)",
VOICE_CAPTURE,137782,6/27/2026 10:15:01 AM,90eec047-676b-4d50-9684-e8707ca80941,2.0,,,,,,,,,,,,,,,,,,,,,,,,,,,,,,,,,,,,,,,,,,,,,,,,,,,NA,"Oh, hi, I'm gonna take your gun",
PLAYER_POSITIONS,137804,6/27/2026 10:15:01 AM,90eec047-676b-4d50-9684-e8707ca80941,2.0,,,,,,,,,,,,,,,,,,,,,,,,,,,,,,,,,,,"(-7.1, 0.3, 0.9)","(-7.2, 1.2, 0.6)","(-6.8, 1.0, 0.2)",
PLAYER_GAZE,137804,6/27/2026 10:15:01 AM,90eec047-676b-4d50-9684-e8707ca80941,2.0,,,,,,,,,,,,,,,,,,,,,,,,Military PT 11,,,,,,,,,"(-0.8, 1.2, 0.9)",,,"(-6.4, 0.0, -0.3)",
PLAYER_POSITIONS,137804,6/27/2026 10:15:01 AM,90eec047-676b-4d50-9684-e8707ca80941,2.0,,,,,,,,,,,,,,,,,,,,,,,,,,,,,,,,,,,"(-7.1, 0.3, 0.9)","(-7.2, 1.2, 0.6)","(-6.8, 1.0, 0.2)",
PLAYER_GAZE,137804,6/27/2026 10:15:01 AM,90eec047-676b-4d50-9684-e8707ca80941,2.0,,,,,,,,,,,,,,,,,,,,,,,,Military PT 11,,,,,,,,,"(-0.8, 1.2, 0.9)",,,"(-6.4, 0.0, -0.3)",
AUDIO_START,138009,6/27/2026 10:15:02 AM,90eec047-676b-4d50-9684-e8707ca80941,2.0,mortar rounds outbound 10 seconds,4.571429,
VOICE_CAPTURE,138292,6/27/2026 10:15:02 AM,90eec047-676b-4d50-9684-e8707ca80941,2.0,,,,,,,,,,,,,,,,,,,,,,,,,,,,,,,,,,,,,,,,,,,,,,,,,,,NA,"Oh, hi, I'm gonna take your gun - Oh, hi. - I'm gonna take your gun.",
PLAYER_POSITIONS,138315,6/27/2026 10:15:02 AM,90eec047-676b-4d50-9684-e8707ca80941,2.0,,,,,,,,,,,,,,,,,,,,,,,,,,,,,,,,,,,"(-7.1, 0.4, 0.9)","(-7.2, 1.3, 0.6)","(-6.8, 1.1, 0.2)",
PLAYER_GAZE,138315,6/27/2026 10:15:02 AM,90eec047-676b-4d50-9684-e8707ca80941,2.0,,,,,,,,,,,,,,,,,,,,,,,,Military PT 11,,,,,,,,,"(-0.8, 1.3, 0.9)",,,"(-6.4, 0.0, -0.3)",
PLAYER_POSITIONS,138315,6/27/2026 10:15:02 AM,90eec047-676b-4d50-9684-e8707ca80941,2.0,,,,,,,,,,,,,,,,,,,,,,,,,,,,,,,,,,,"(-7.1, 0.4, 0.9)","(-7.2, 1.3, 0.6)","(-6.8, 1.1, 0.2)",
PLAYER_GAZE,138315,6/27/2026 10:15:02 AM,90eec047-676b-4d50-9684-e8707ca80941,2.0,,,,,,,,,,,,,,,,,,,,,,,,Military PT 11,,,,,,,,,"(-0.8, 1.3, 0.9)",,,"(-6.4, 0.0, -0.3)",
VOICE_CAPTURE,138785,6/27/2026 10:15:02 AM,90eec047-676b-4d50-9684-e8707ca80941,2.0,,,,,,,,,,,,,,,,,,,,,,,,,,,,,,,,,,,,,,,,,,,,,,,,,,,NA,"Oh, hi, I'm gonna take your gun - Oh, hi. - I'm gonna take your gun.",
VOICE_CAPTURE,138785,6/27/2026 10:15:02 AM,90eec047-676b-4d50-9684-e8707ca80941,2.0,,,,,,,,,,,,,,,,,,,,,,,,,,,,,,,,,,,,,,,,,,,,,,,,,,,NA,"Oh, hi, I'm gonna take your gun - Oh, hi. - I'm gonna take your gun.",
VOICE_COMMAND,138785,6/27/2026 10:15:02 AM,90eec047-676b-4d50-9684-e8707ca80941,2.0,,,,,,,,,,,,,,,,,,,,,,,,Military PT 11,,,,,,,,,,,,,,,,,,,,,,,,,,,"Oh, hi, I'm gonna take your gun - Oh, hi. - I'm gonna take your gun.",disarm,
PLAYER_POSITIONS,138827,6/27/2026 10:15:02 AM,90eec047-676b-4d50-9684-e8707ca80941,2.0,,,,,,,,,,,,,,,,,,,,,,,,,,,,,,,,,,,"(-7.1, 0.4, 0.9)","(-7.2, 1.3, 0.5)","(-6.7, 1.2, 0.0)",
PLAYER_GAZE,138827,6/27/2026 10:15:02 AM,90eec047-676b-4d50-9684-e8707ca80941,2.0,,,,,,,,,,,,,,,,,,,,,,,,Military PT 11,,,,,,,,,"(-0.7, 1.3, 0.8)",,,"(-6.4, 0.0, -0.3)",
PLAYER_POSITIONS,138827,6/27/2026 10:15:02 AM,90eec047-676b-4d50-9684-e8707ca80941,2.0,,,,,,,,,,,,,,,,,,,,,,,,,,,,,,,,,,,"(-7.1, 0.4, 0.9)","(-7.2, 1.3, 0.5)","(-6.7, 1.2, 0.0)",
PLAYER_GAZE,138827,6/27/2026 10:15:02 AM,90eec047-676b-4d50-9684-e8707ca80941,2.0,,,,,,,,,,,,,,,,,,,,,,,,Military PT 11,,,,,,,,,"(-0.7, 1.3, 0.8)",,,"(-6.4, 0.0, -0.3)",
DISARM_PATIENT_WEAPON,138874,6/27/2026 10:15:02 AM,90eec047-676b-4d50-9684-e8707ca80941,2.0,,,,,,,,,,,,,,,,,,,,,,,,Military PT 11,,,,,,,,,,,,,,,,,,,,,,,,,,,,,1,1,
PLAYER_POSITIONS,139342,6/27/2026 10:15:03 AM,90eec047-676b-4d50-9684-e8707ca80941,2.0,,,,,,,,,,,,,,,,,,,,,,,,,,,,,,,,,,,"(-7.1, 0.4, 0.8)","(-7.2, 1.2, 0.5)","(-6.8, 1.2, 0.0)",
PLAYER_GAZE,139342,6/27/2026 10:15:03 AM,90eec047-676b-4d50-9684-e8707ca80941,2.0,,,,,,,,,,,,,,,,,,,,,,,,Military PT 11,,,,,,,,,"(-0.7, 1.2, 0.7)",,,"(-6.4, 0.0, -0.3)",
PLAYER_POSITIONS,139342,6/27/2026 10:15:03 AM,90eec047-676b-4d50-9684-e8707ca80941,2.0,,,,,,,,,,,,,,,,,,,,,,,,,,,,,,,,,,,"(-7.1, 0.4, 0.8)","(-7.2, 1.2, 0.5)","(-6.8, 1.2, 0.0)",
PLAYER_GAZE,139342,6/27/2026 10:15:03 AM,90eec047-676b-4d50-9684-e8707ca80941,2.0,,,,,,,,,,,,,,,,,,,,,,,,Military PT 11,,,,,,,,,"(-0.7, 1.2, 0.7)",,,"(-6.4, 0.0, -0.3)",
BUTTON_CLICKED,139567,6/27/2026 10:15:03 AM,90eec047-676b-4d50-9684-e8707ca80941,2.0,,,disarm,
VOICE_CAPTURE,139567,6/27/2026 10:15:03 AM,90eec047-676b-4d50-9684-e8707ca80941,2.0,,,,,,,,,,,,,,,,,,,,,,,,,,,,,,,,,,,,,,,,,,,,,,,,,,,NA,disarm,
VOICE_COMMAND,139567,6/27/2026 10:15:03 AM,90eec047-676b-4d50-9684-e8707ca80941,2.0,,,,,,,,,,,,,,,,,,,,,,,,Military PT 11,,,,,,,,,,,,,,,,,,,,,,,,,,,disarm,disarm,
PLAYER_POSITIONS,139849,6/27/2026 10:15:03 AM,90eec047-676b-4d50-9684-e8707ca80941,2.0,,,,,,,,,,,,,,,,,,,,,,,,,,,,,,,,,,,"(-7.1, 0.4, 0.9)","(-7.2, 1.3, 0.6)","(-7.3, 1.1, 0.2)",
PLAYER_GAZE,139849,6/27/2026 10:15:03 AM,90eec047-676b-4d50-9684-e8707ca80941,2.0,,,,,,,,,,,,,,,,,,,,,,,,Military PT 11,,,,,,,,,"(-0.8, 1.3, 0.8)",,,"(-6.4, 0.0, -0.3)",
PLAYER_POSITIONS,139849,6/27/2026 10:15:03 AM,90eec047-676b-4d50-9684-e8707ca80941,2.0,,,,,,,,,,,,,,,,,,,,,,,,,,,,,,,,,,,"(-7.1, 0.4, 0.9)","(-7.2, 1.3, 0.6)","(-7.3, 1.1, 0.2)",
PLAYER_GAZE,139849,6/27/2026 10:15:03 AM,90eec047-676b-4d50-9684-e8707ca80941,2.0,,,,,,,,,,,,,,,,,,,,,,,,Military PT 11,,,,,,,,,"(-0.8, 1.3, 0.8)",,,"(-6.4, 0.0, -0.3)",
PLAYER_POSITIONS,140358,6/27/2026 10:15:04 AM,90eec047-676b-4d50-9684-e8707ca80941,2.0,,,,,,,,,,,,,,,,,,,,,,,,,,,,,,,,,,,"(-6.7, 0.5, 0.4)","(-7.1, 1.3, 0.3)","(-6.8, 0.7, 0.0)",
PLAYER_GAZE,140358,6/27/2026 10:15:04 AM,90eec047-676b-4d50-9684-e8707ca80941,2.0,,,,,,,,,,,,,,,,,,,,,,,,Military PT 11,,,,,,,,,"(-0.6, 1.3, 0.6)",,,"(-6.4, 0.0, -0.3)",
PLAYER_POSITIONS,140358,6/27/2026 10:15:04 AM,90eec047-676b-4d50-9684-e8707ca80941,2.0,,,,,,,,,,,,,,,,,,,,,,,,,,,,,,,,,,,"(-6.7, 0.5, 0.4)","(-7.1, 1.3, 0.3)","(-6.8, 0.7, 0.0)",
PLAYER_GAZE,140358,6/27/2026 10:15:04 AM,90eec047-676b-4d50-9684-e8707ca80941,2.0,,,,,,,,,,,,,,,,,,,,,,,,Military PT 11,,,,,,,,,"(-0.6, 1.3, 0.6)",,,"(-6.4, 0.0, -0.3)",
VOICE_CAPTURE,140725,6/27/2026 10:15:04 AM,90eec047-676b-4d50-9684-e8707ca80941,2.0,,,,,,,,,,,,,,,,,,,,,,,,,,,,,,,,,,,,,,,,,,,,,,,,,,,NA,Perfect.,
PLAYER_POSITIONS,140879,6/27/2026 10:15:04 AM,90eec047-676b-4d50-9684-e8707ca80941,2.0,,,,,,,,,,,,,,,,,,,,,,,,,,,,,,,,,,,"(-6.7, 0.4, 0.5)","(-7.0, 1.2, 0.1)","(-6.9, 0.8, -0.1)",
PLAYER_POSITIONS,140879,6/27/2026 10:15:04 AM,90eec047-676b-4d50-9684-e8707ca80941,2.0,,,,,,,,,,,,,,,,,,,,,,,,,,,,,,,,,,,"(-6.7, 0.4, 0.5)","(-7.0, 1.2, 0.1)","(-6.9, 0.8, -0.1)",
VOICE_CAPTURE,141279,6/27/2026 10:15:05 AM,90eec047-676b-4d50-9684-e8707ca80941,2.0,,,,,,,,,,,,,,,,,,,,,,,,,,,,,,,,,,,,,,,,,,,,,,,,,,,NA,Perfect. Can you tell me what you think?,
PLAYER_POSITIONS,141391,6/27/2026 10:15:05 AM,90eec047-676b-4d50-9684-e8707ca80941,2.0,,,,,,,,,,,,,,,,,,,,,,,,,,,,,,,,,,,"(-6.7, 0.5, 0.2)","(-7.0, 1.2, 0.1)","(-6.9, 0.8, -0.2)",
PLAYER_POSITIONS,141391,6/27/2026 10:15:05 AM,90eec047-676b-4d50-9684-e8707ca80941,2.0,,,,,,,,,,,,,,,,,,,,,,,,,,,,,,,,,,,"(-6.7, 0.5, 0.2)","(-7.0, 1.2, 0.1)","(-6.9, 0.8, -0.2)",
VOICE_CAPTURE,141769,6/27/2026 10:15:05 AM,90eec047-676b-4d50-9684-e8707ca80941,2.0,,,,,,,,,,,,,,,,,,,,,,,,,,,,,,,,,,,,,,,,,,,,,,,,,,,NA,Perfect. Can you tell me what year it is?,
PLAYER_POSITIONS,141900,6/27/2026 10:15:05 AM,90eec047-676b-4d50-9684-e8707ca80941,2.0,,,,,,,,,,,,,,,,,,,,,,,,,,,,,,,,,,,"(-6.7, 0.5, 0.3)","(-7.1, 1.2, 0.4)","(-7.0, 0.8, 0.0)",
PLAYER_POSITIONS,141900,6/27/2026 10:15:05 AM,90eec047-676b-4d50-9684-e8707ca80941,2.0,,,,,,,,,,,,,,,,,,,,,,,,,,,,,,,,,,,"(-6.7, 0.5, 0.3)","(-7.1, 1.2, 0.4)","(-7.0, 0.8, 0.0)",
VOICE_CAPTURE,142280,6/27/2026 10:15:06 AM,90eec047-676b-4d50-9684-e8707ca80941,2.0,,,,,,,,,,,,,,,,,,,,,,,,,,,,,,,,,,,,,,,,,,,,,,,,,,,NA,Perfect. Can you tell me what year it is?,
VOICE_CAPTURE,142280,6/27/2026 10:15:06 AM,90eec047-676b-4d50-9684-e8707ca80941,2.0,,,,,,,,,,,,,,,,,,,,,,,,,,,,,,,,,,,,,,,,,,,,,,,,,,,NA,Perfect. Can you tell me what year it is?,
VOICE_COMMAND,142280,6/27/2026 10:15:06 AM,90eec047-676b-4d50-9684-e8707ca80941,2.0,,,,,,,,,,,,,,,,,,,,,,,,Military PT 11,,,,,,,,,,,,,,,,,,,,,,,,,,,Perfect. Can you tell me what year it is?,what year is it,
PLAYER_POSITIONS,142414,6/27/2026 10:15:06 AM,90eec047-676b-4d50-9684-e8707ca80941,2.0,,,,,,,,,,,,,,,,,,,,,,,,,,,,,,,,,,,"(-6.7, 0.4, 0.4)","(-7.0, 1.2, 0.5)","(-6.9, 0.9, 0.2)",
PLAYER_GAZE,142414,6/27/2026 10:15:06 AM,90eec047-676b-4d50-9684-e8707ca80941,2.0,,,,,,,,,,,,,,,,,,,,,,,,Military PT 11,,,,,,,,,"(-0.6, 1.2, 0.8)",,,"(-6.4, 0.0, -0.3)",
PLAYER_POSITIONS,142414,6/27/2026 10:15:06 AM,90eec047-676b-4d50-9684-e8707ca80941,2.0,,,,,,,,,,,,,,,,,,,,,,,,,,,,,,,,,,,"(-6.7, 0.4, 0.4)","(-7.0, 1.2, 0.5)","(-6.9, 0.9, 0.2)",
PLAYER_GAZE,142414,6/27/2026 10:15:06 AM,90eec047-676b-4d50-9684-e8707ca80941,2.0,,,,,,,,,,,,,,,,,,,,,,,,Military PT 11,,,,,,,,,"(-0.6, 1.2, 0.8)",,,"(-6.4, 0.0, -0.3)",
AUDIO_END,142592,6/27/2026 10:15:06 AM,90eec047-676b-4d50-9684-e8707ca80941,2.0,mortar rounds outbound 10 seconds,4.571429,
NARRATIVE_SECTION_END,142592,6/27/2026 10:15:06 AM,90eec047-676b-4d50-9684-e8707ca80941,2.0,,,,,,,,,,,,,,,,,,Mortar rounds outbound,17,
NARRATIVE_SECTION_START,142611,6/27/2026 10:15:06 AM,90eec047-676b-4d50-9684-e8707ca80941,2.0,,,,,,,,,,,,,,,,,,Mortar hits,18,
PLAYER_POSITIONS,142922,6/27/2026 10:15:07 AM,90eec047-676b-4d50-9684-e8707ca80941,2.0,,,,,,,,,,,,,,,,,,,,,,,,,,,,,,,,,,,"(-6.5, 0.4, 0.5)","(-6.8, 1.2, 0.6)","(-6.6, 0.9, 0.3)",
PLAYER_GAZE,142922,6/27/2026 10:15:07 AM,90eec047-676b-4d50-9684-e8707ca80941,2.0,,,,,,,,,,,,,,,,,,,,,,,,Military PT 11,,,,,,,,,"(-0.4, 1.2, 0.8)",,,"(-6.4, 0.0, -0.3)",
PLAYER_POSITIONS,142922,6/27/2026 10:15:07 AM,90eec047-676b-4d50-9684-e8707ca80941,2.0,,,,,,,,,,,,,,,,,,,,,,,,,,,,,,,,,,,"(-6.5, 0.4, 0.5)","(-6.8, 1.2, 0.6)","(-6.6, 0.9, 0.3)",
PLAYER_GAZE,142922,6/27/2026 10:15:07 AM,90eec047-676b-4d50-9684-e8707ca80941,2.0,,,,,,,,,,,,,,,,,,,,,,,,Military PT 11,,,,,,,,,"(-0.4, 1.2, 0.8)",,,"(-6.4, 0.0, -0.3)",
VOICE_CAPTURE,143245,6/27/2026 10:15:07 AM,90eec047-676b-4d50-9684-e8707ca80941,2.0,,,,,,,,,,,,,,,,,,,,,,,,,,,,,,,,,,,,,,,,,,,,,,,,,,,NA,Here it is.,
PLAYER_POSITIONS,143422,6/27/2026 10:15:07 AM,90eec047-676b-4d50-9684-e8707ca80941,2.0,,,,,,,,,,,,,,,,,,,,,,,,,,,,,,,,,,,"(-6.5, 1.0, 0.1)","(-6.8, 1.2, 0.4)","(-6.7, 1.0, -0.1)",
PLAYER_GAZE,143422,6/27/2026 10:15:07 AM,90eec047-676b-4d50-9684-e8707ca80941,2.0,,,,,,,,,,,,,,,,,,,,,,,,Military PT 11,,,,,,,,,"(-0.4, 1.2, 0.6)",,,"(-6.4, 0.0, -0.3)",
PLAYER_POSITIONS,143422,6/27/2026 10:15:07 AM,90eec047-676b-4d50-9684-e8707ca80941,2.0,,,,,,,,,,,,,,,,,,,,,,,,,,,,,,,,,,,"(-6.5, 1.0, 0.1)","(-6.8, 1.2, 0.4)","(-6.7, 1.0, -0.1)",
PLAYER_GAZE,143422,6/27/2026 10:15:07 AM,90eec047-676b-4d50-9684-e8707ca80941,2.0,,,,,,,,,,,,,,,,,,,,,,,,Military PT 11,,,,,,,,,"(-0.4, 1.2, 0.6)",,,"(-6.4, 0.0, -0.3)",
VOICE_CAPTURE,143722,6/27/2026 10:15:07 AM,90eec047-676b-4d50-9684-e8707ca80941,2.0,,,,,,,,,,,,,,,,,,,,,,,,,,,,,,,,,,,,,,,,,,,,,,,,,,,NA,Here it is.,
VOICE_CAPTURE,143722,6/27/2026 10:15:07 AM,90eec047-676b-4d50-9684-e8707ca80941,2.0,,,,,,,,,,,,,,,,,,,,,,,,,,,,,,,,,,,,,,,,,,,,,,,,,,,NA,Here it is.,
PLAYER_POSITIONS,143945,6/27/2026 10:15:08 AM,90eec047-676b-4d50-9684-e8707ca80941,2.0,,,,,,,,,,,,,,,,,,,,,,,,,,,,,,,,,,,"(-6.4, 0.5, 0.3)","(-6.7, 1.2, 0.3)","(-6.6, 1.0, -0.3)",
PLAYER_GAZE,143945,6/27/2026 10:15:08 AM,90eec047-676b-4d50-9684-e8707ca80941,2.0,,,,,,,,,,,,,,,,,,,,,,,,Military PT 11,,,,,,,,,"(-0.3, 1.2, 0.5)",,,"(-6.4, 0.0, -0.3)",
PLAYER_POSITIONS,143945,6/27/2026 10:15:08 AM,90eec047-676b-4d50-9684-e8707ca80941,2.0,,,,,,,,,,,,,,,,,,,,,,,,,,,,,,,,,,,"(-6.4, 0.5, 0.3)","(-6.7, 1.2, 0.3)","(-6.6, 1.0, -0.3)",
PLAYER_GAZE,143945,6/27/2026 10:15:08 AM,90eec047-676b-4d50-9684-e8707ca80941,2.0,,,,,,,,,,,,,,,,,,,,,,,,Military PT 11,,,,,,,,,"(-0.3, 1.2, 0.5)",,,"(-6.4, 0.0, -0.3)",
DRAG_STOP,144390,6/27/2026 10:15:08 AM,90eec047-676b-4d50-9684-e8707ca80941,2.0,,,,,"(-9.6, 0.0, -2.9)","(-8.6, 0.0, -4.8)",,,,,,,,,,,,,,,,,,Military PT 11,
PLAYER_POSITIONS,144455,6/27/2026 10:15:08 AM,90eec047-676b-4d50-9684-e8707ca80941,2.0,,,,,,,,,,,,,,,,,,,,,,,,,,,,,,,,,,,"(-6.6, 0.3, 0.6)","(-6.7, 1.2, 0.3)","(-6.3, 1.0, 0.2)",
PLAYER_GAZE,144455,6/27/2026 10:15:08 AM,90eec047-676b-4d50-9684-e8707ca80941,2.0,,,,,,,,,,,,,,,,,,,,,,,,Military PT 11,,,,,,,,,"(-0.3, 1.2, 0.6)",,,"(-6.4, 0.0, -0.3)",
PLAYER_POSITIONS,144455,6/27/2026 10:15:08 AM,90eec047-676b-4d50-9684-e8707ca80941,2.0,,,,,,,,,,,,,,,,,,,,,,,,,,,,,,,,,,,"(-6.6, 0.3, 0.6)","(-6.7, 1.2, 0.3)","(-6.3, 1.0, 0.2)",
PLAYER_GAZE,144455,6/27/2026 10:15:08 AM,90eec047-676b-4d50-9684-e8707ca80941,2.0,,,,,,,,,,,,,,,,,,,,,,,,Military PT 11,,,,,,,,,"(-0.3, 1.2, 0.6)",,,"(-6.4, 0.0, -0.3)",
PLAYER_POSITIONS,144955,6/27/2026 10:15:09 AM,90eec047-676b-4d50-9684-e8707ca80941,2.0,,,,,,,,,,,,,,,,,,,,,,,,,,,,,,,,,,,"(-6.5, 0.4, 0.7)","(-6.7, 1.2, 0.5)","(-6.5, 0.6, 0.2)",
PLAYER_GAZE,144955,6/27/2026 10:15:09 AM,90eec047-676b-4d50-9684-e8707ca80941,2.0,,,,,,,,,,,,,,,,,,,,,,,,Military PT 11,,,,,,,,,"(-0.3, 1.2, 0.7)",,,"(-6.4, 0.0, -0.3)",
PLAYER_POSITIONS,144955,6/27/2026 10:15:09 AM,90eec047-676b-4d50-9684-e8707ca80941,2.0,,,,,,,,,,,,,,,,,,,,,,,,,,,,,,,,,,,"(-6.5, 0.4, 0.7)","(-6.7, 1.2, 0.5)","(-6.5, 0.6, 0.2)",
PLAYER_GAZE,144955,6/27/2026 10:15:09 AM,90eec047-676b-4d50-9684-e8707ca80941,2.0,,,,,,,,,,,,,,,,,,,,,,,,Military PT 11,,,,,,,,,"(-0.3, 1.2, 0.7)",,,"(-6.4, 0.0, -0.3)",
PLAYER_POSITIONS,145467,6/27/2026 10:15:09 AM,90eec047-676b-4d50-9684-e8707ca80941,2.0,,,,,,,,,,,,,,,,,,,,,,,,,,,,,,,,,,,"(-6.3, 0.8, 0.9)","(-6.8, 1.2, 0.5)","(-6.4, 0.6, 0.2)",
PLAYER_POSITIONS,145467,6/27/2026 10:15:09 AM,90eec047-676b-4d50-9684-e8707ca80941,2.0,,,,,,,,,,,,,,,,,,,,,,,,,,,,,,,,,,,"(-6.3, 0.8, 0.9)","(-6.8, 1.2, 0.5)","(-6.4, 0.6, 0.2)",
VOICE_CAPTURE,145745,6/27/2026 10:15:09 AM,90eec047-676b-4d50-9684-e8707ca80941,2.0,,,,,,,,,,,,,,,,,,,,,,,,,,,,,,,,,,,,,,,,,,,,,,,,,,,NA,Can I walk you?,
PLAYER_POSITIONS,145970,6/27/2026 10:15:10 AM,90eec047-676b-4d50-9684-e8707ca80941,2.0,,,,,,,,,,,,,,,,,,,,,,,,,,,,,,,,,,,"(-6.6, 0.4, 0.7)","(-6.7, 1.2, 0.4)","(-6.6, 0.5, 0.3)",
PLAYER_POSITIONS,145970,6/27/2026 10:15:10 AM,90eec047-676b-4d50-9684-e8707ca80941,2.0,,,,,,,,,,,,,,,,,,,,,,,,,,,,,,,,,,,"(-6.6, 0.4, 0.7)","(-6.7, 1.2, 0.4)","(-6.6, 0.5, 0.3)",
VOICE_CAPTURE,146225,6/27/2026 10:15:10 AM,90eec047-676b-4d50-9684-e8707ca80941,2.0,,,,,,,,,,,,,,,,,,,,,,,,,,,,,,,,,,,,,,,,,,,,,,,,,,,NA,Can I walk you?,
VOICE_CAPTURE,146225,6/27/2026 10:15:10 AM,90eec047-676b-4d50-9684-e8707ca80941,2.0,,,,,,,,,,,,,,,,,,,,,,,,,,,,,,,,,,,,,,,,,,,,,,,,,,,NA,Can I walk you?,
VOICE_COMMAND,146225,6/27/2026 10:15:10 AM,90eec047-676b-4d50-9684-e8707ca80941,2.0,,,,,,,,,,,,,,,,,,,,,,,,All Patients,,,,,,,,,,,,,,,,,,,,,,,,,,,Can I walk you?,walk to the safe area,
TRIAGE_LEVEL_WALK_IF_CAN,146267,6/27/2026 10:15:10 AM,90eec047-676b-4d50-9684-e8707ca80941,2.0,,,,,,,,,,,,,,,,,,,,,,,,Military PT 5,,,"(-10.7, 0.0, 3.6)",,,,,,,,,,,,,,,,,,,,,,,walkIfCan,
TRIAGE_LEVEL_WALK_IF_CAN,146267,6/27/2026 10:15:10 AM,90eec047-676b-4d50-9684-e8707ca80941,2.0,,,,,,,,,,,,,,,,,,,,,,,,Civilian PT 8,,,"(-15.8, -0.1, -1.8)",,,,,,,,,,,,,,,,,,,,,,,walkIfCan,
TRIAGE_LEVEL_WALK_IF_CAN,146268,6/27/2026 10:15:10 AM,90eec047-676b-4d50-9684-e8707ca80941,2.0,,,,,,,,,,,,,,,,,,,,,,,,Civilian PT 15,,,"(-14.4, -0.1, -0.3)",,,,,,,,,,,,,,,,,,,,,,,walkIfCan,
TRIAGE_LEVEL_WALK_IF_CAN,146289,6/27/2026 10:15:10 AM,90eec047-676b-4d50-9684-e8707ca80941,2.0,,,,,,,,,,,,,,,,,,,,,,,,Military PT 2,,,"(-12.6, 0.0, 4.0)",,,,,,,,,,,,,,,,,,,,,,,walkIfCan,
TRIAGE_LEVEL_WALK_IF_CAN,146289,6/27/2026 10:15:10 AM,90eec047-676b-4d50-9684-e8707ca80941,2.0,,,,,,,,,,,,,,,,,,,,,,,,Civilian PT 3,,,"(-14.3, -0.1, 1.6)",,,,,,,,,,,,,,,,,,,,,,,walkIfCan,
TRIAGE_LEVEL_WALK_IF_CAN,146289,6/27/2026 10:15:10 AM,90eec047-676b-4d50-9684-e8707ca80941,2.0,,,,,,,,,,,,,,,,,,,,,,,,Military PT 4,,,"(-11.1, -0.1, -4.4)",,,,,,,,,,,,,,,,,,,,,,,walkIfCan,
TRIAGE_LEVEL_WALK_IF_CAN,146289,6/27/2026 10:15:10 AM,90eec047-676b-4d50-9684-e8707ca80941,2.0,,,,,,,,,,,,,,,,,,,,,,,,Military PT 6,,,"(-9.1, 0.0, 4.6)",,,,,,,,,,,,,,,,,,,,,,,walkIfCan,
TRIAGE_LEVEL_WALK_IF_CAN,146289,6/27/2026 10:15:10 AM,90eec047-676b-4d50-9684-e8707ca80941,2.0,,,,,,,,,,,,,,,,,,,,,,,,Civilian PT 7,,,"(-17.6, -0.1, -0.1)",,,,,,,,,,,,,,,,,,,,,,,walkIfCan,
TRIAGE_LEVEL_WALK_IF_CAN,146289,6/27/2026 10:15:10 AM,90eec047-676b-4d50-9684-e8707ca80941,2.0,,,,,,,,,,,,,,,,,,,,,,,,Military PT 11,,,"(-6.4, -0.1, -0.2)",,,,,,,,,,,,,,,,,,,,,,,walkIfCan,
TRIAGE_LEVEL_WALK_IF_CAN,146289,6/27/2026 10:15:10 AM,90eec047-676b-4d50-9684-e8707ca80941,2.0,,,,,,,,,,,,,,,,,,,,,,,,Civilian PT 14,,,"(-14.1, 0.0, 3.6)",,,,,,,,,,,,,,,,,,,,,,,walkIfCan,
TRIAGE_LEVEL_WALK_IF_CAN,146312,6/27/2026 10:15:10 AM,90eec047-676b-4d50-9684-e8707ca80941,2.0,,,,,,,,,,,,,,,,,,,,,,,,Military PT 12,,,"(-13.0, -0.1, -4.0)",,,,,,,,,,,,,,,,,,,,,,,walkIfCan,
TRIAGE_LEVEL_WALK_IF_CAN,146312,6/27/2026 10:15:10 AM,90eec047-676b-4d50-9684-e8707ca80941,2.0,,,,,,,,,,,,,,,,,,,,,,,,Military PT 13,,,"(-15.2, 0.0, 5.0)",,,,,,,,,,,,,,,,,,,,,,,walkIfCan,
PLAYER_POSITIONS,146489,6/27/2026 10:15:10 AM,90eec047-676b-4d50-9684-e8707ca80941,2.0,,,,,,,,,,,,,,,,,,,,,,,,,,,,,,,,,,,"(-6.3, 0.9, 1.0)","(-6.7, 1.2, 0.5)","(-6.7, 0.4, 0.1)",
PLAYER_POSITIONS,146489,6/27/2026 10:15:10 AM,90eec047-676b-4d50-9684-e8707ca80941,2.0,,,,,,,,,,,,,,,,,,,,,,,,,,,,,,,,,,,"(-6.3, 0.9, 1.0)","(-6.7, 1.2, 0.5)","(-6.7, 0.4, 0.1)",
VOICE_CAPTURE,146780,6/27/2026 10:15:10 AM,90eec047-676b-4d50-9684-e8707ca80941,2.0,,,,,,,,,,,,,,,,,,,,,,,,,,,,,,,,,,,,,,,,,,,,,,,,,,,NA,Can you?,
PLAYER_POSITIONS,147004,6/27/2026 10:15:11 AM,90eec047-676b-4d50-9684-e8707ca80941,2.0,,,,,,,,,,,,,,,,,,,,,,,,,,,,,,,,,,,"(-6.5, 0.4, 0.7)","(-6.7, 1.2, 0.3)","(-6.7, 0.4, 0.2)",
PLAYER_GAZE,147004,6/27/2026 10:15:11 AM,90eec047-676b-4d50-9684-e8707ca80941,2.0,,,,,,,,,,,,,,,,,,,,,,,,Military PT 11,,,,,,,,,"(-0.3, 1.2, 0.6)",,,"(-6.4, 0.0, -0.3)",
PLAYER_POSITIONS,147004,6/27/2026 10:15:11 AM,90eec047-676b-4d50-9684-e8707ca80941,2.0,,,,,,,,,,,,,,,,,,,,,,,,,,,,,,,,,,,"(-6.5, 0.4, 0.7)","(-6.7, 1.2, 0.3)","(-6.7, 0.4, 0.2)",
PLAYER_GAZE,147004,6/27/2026 10:15:11 AM,90eec047-676b-4d50-9684-e8707ca80941,2.0,,,,,,,,,,,,,,,,,,,,,,,,Military PT 11,,,,,,,,,"(-0.3, 1.2, 0.6)",,,"(-6.4, 0.0, -0.3)",
VOICE_CAPTURE,147302,6/27/2026 10:15:11 AM,90eec047-676b-4d50-9684-e8707ca80941,2.0,,,,,,,,,,,,,,,,,,,,,,,,,,,,,,,,,,,,,,,,,,,,,,,,,,,NA,Can you go sit over there?,
PLAYER_POSITIONS,147503,6/27/2026 10:15:11 AM,90eec047-676b-4d50-9684-e8707ca80941,2.0,,,,,,,,,,,,,,,,,,,,,,,,,,,,,,,,,,,"(-6.7, 0.3, 0.7)","(-6.8, 1.2, 0.3)","(-6.6, 0.8, 0.1)",
PLAYER_GAZE,147503,6/27/2026 10:15:11 AM,90eec047-676b-4d50-9684-e8707ca80941,2.0,,,,,,,,,,,,,,,,,,,,,,,,Military PT 11,,,,,,,,,"(-0.3, 1.2, 0.6)",,,"(-6.4, 0.0, -0.3)",
PLAYER_POSITIONS,147503,6/27/2026 10:15:11 AM,90eec047-676b-4d50-9684-e8707ca80941,2.0,,,,,,,,,,,,,,,,,,,,,,,,,,,,,,,,,,,"(-6.7, 0.3, 0.7)","(-6.8, 1.2, 0.3)","(-6.6, 0.8, 0.1)",
PLAYER_GAZE,147503,6/27/2026 10:15:11 AM,90eec047-676b-4d50-9684-e8707ca80941,2.0,,,,,,,,,,,,,,,,,,,,,,,,Military PT 11,,,,,,,,,"(-0.3, 1.2, 0.6)",,,"(-6.4, 0.0, -0.3)",
VOICE_CAPTURE,147805,6/27/2026 10:15:11 AM,90eec047-676b-4d50-9684-e8707ca80941,2.0,,,,,,,,,,,,,,,,,,,,,,,,,,,,,,,,,,,,,,,,,,,,,,,,,,,NA,Can you go sit over there?,
VOICE_CAPTURE,147805,6/27/2026 10:15:11 AM,90eec047-676b-4d50-9684-e8707ca80941,2.0,,,,,,,,,,,,,,,,,,,,,,,,,,,,,,,,,,,,,,,,,,,,,,,,,,,NA,Can you go sit over there?,
VOICE_COMMAND,147805,6/27/2026 10:15:11 AM,90eec047-676b-4d50-9684-e8707ca80941,2.0,,,,,,,,,,,,,,,,,,,,,,,,Military PT 11,,,,,,,,,,,,,,,,,,,,,,,,,,,Can you go sit over there?,sit,
PULSE_TAKEN,147868,6/27/2026 10:15:11 AM,90eec047-676b-4d50-9684-e8707ca80941,2.0,,,,,,,,,,,,,,,,,,,,,,,,Military PT 11,,,,pulse_normal,
DRAG_START,147902,6/27/2026 10:15:12 AM,90eec047-676b-4d50-9684-e8707ca80941,2.0,,,,,"(-6.4, 0.0, -0.3)",,,,,,,,,,,,,,,,,,,Military PT 11,
PLAYER_POSITIONS,148016,6/27/2026 10:15:12 AM,90eec047-676b-4d50-9684-e8707ca80941,2.0,,,,,,,,,,,,,,,,,,,,,,,,,,,,,,,,,,,"(-6.6, 0.4, 0.5)","(-7.0, 1.2, 0.4)","(-6.7, 1.0, 0.1)",
PLAYER_POSITIONS,148016,6/27/2026 10:15:12 AM,90eec047-676b-4d50-9684-e8707ca80941,2.0,,,,,,,,,,,,,,,,,,,,,,,,,,,,,,,,,,,"(-6.6, 0.4, 0.5)","(-7.0, 1.2, 0.4)","(-6.7, 1.0, 0.1)",
DRAG_STOP,148159,6/27/2026 10:15:12 AM,90eec047-676b-4d50-9684-e8707ca80941,2.0,,,,,"(-6.4, 0.0, -0.3)","(-6.4, 0.0, -0.3)",,,,,,,,,,,,,,,,,,Military PT 11,
DRAG_STOP,148159,6/27/2026 10:15:12 AM,90eec047-676b-4d50-9684-e8707ca80941,2.0,,,,,"(-6.4, 0.0, -0.3)","(-6.4, 0.0, -0.3)",,,,,,,,,,,,,,,,,,Military PT 11,
VOICE_CAPTURE,148262,6/27/2026 10:15:12 AM,90eec047-676b-4d50-9684-e8707ca80941,2.0,,,,,,,,,,,,,,,,,,,,,,,,,,,,,,,,,,,,,,,,,,,,,,,,,,,NA,Can you go sit over there?,
PLAYER_POSITIONS,148522,6/27/2026 10:15:12 AM,90eec047-676b-4d50-9684-e8707ca80941,2.0,,,,,,,,,,,,,,,,,,,,,,,,,,,,,,,,,,,"(-6.8, 0.3, 0.7)","(-7.0, 1.2, 0.5)","(-6.8, 0.7, 0.3)",
PLAYER_POSITIONS,148522,6/27/2026 10:15:12 AM,90eec047-676b-4d50-9684-e8707ca80941,2.0,,,,,,,,,,,,,,,,,,,,,,,,,,,,,,,,,,,"(-6.8, 0.3, 0.7)","(-7.0, 1.2, 0.5)","(-6.8, 0.7, 0.3)",
VOICE_CAPTURE,148735,6/27/2026 10:15:12 AM,90eec047-676b-4d50-9684-e8707ca80941,2.0,,,,,,,,,,,,,,,,,,,,,,,,,,,,,,,,,,,,,,,,,,,,,,,,,,,NA,Can you go sit over there?,
PLAYER_POSITIONS,149046,6/27/2026 10:15:13 AM,90eec047-676b-4d50-9684-e8707ca80941,2.0,,,,,,,,,,,,,,,,,,,,,,,,,,,,,,,,,,,"(-6.6, 0.4, 0.8)","(-6.7, 1.2, 0.5)","(-6.5, 0.6, 0.2)",
PLAYER_POSITIONS,149046,6/27/2026 10:15:13 AM,90eec047-676b-4d50-9684-e8707ca80941,2.0,,,,,,,,,,,,,,,,,,,,,,,,,,,,,,,,,,,"(-6.6, 0.4, 0.8)","(-6.7, 1.2, 0.5)","(-6.5, 0.6, 0.2)",
PLAYER_POSITIONS,149565,6/27/2026 10:15:13 AM,90eec047-676b-4d50-9684-e8707ca80941,2.0,,,,,,,,,,,,,,,,,,,,,,,,,,,,,,,,,,,"(-6.5, 0.4, 0.7)","(-6.4, 1.1, 0.2)","(-6.3, 0.5, -0.3)",
PLAYER_POSITIONS,149565,6/27/2026 10:15:13 AM,90eec047-676b-4d50-9684-e8707ca80941,2.0,,,,,,,,,,,,,,,,,,,,,,,,,,,,,,,,,,,"(-6.5, 0.4, 0.7)","(-6.4, 1.1, 0.2)","(-6.3, 0.5, -0.3)",
DRAG_STOP,149995,6/27/2026 10:15:14 AM,90eec047-676b-4d50-9684-e8707ca80941,2.0,,,,,"(-6.4, 0.0, -0.3)","(-6.4, 0.0, -0.3)",,,,,,,,,,,,,,,,,,Military PT 11,
PLAYER_POSITIONS,150082,6/27/2026 10:15:14 AM,90eec047-676b-4d50-9684-e8707ca80941,2.0,,,,,,,,,,,,,,,,,,,,,,,,,,,,,,,,,,,"(-6.3, 0.4, 0.6)","(-6.3, 1.1, 0.2)","(-6.0, 0.5, 0.1)",
PLAYER_GAZE,150084,6/27/2026 10:15:14 AM,90eec047-676b-4d50-9684-e8707ca80941,2.0,,,,,,,,,,,,,,,,,,,,,,,,Military PT 11,,,,,,,,,"(0.1, 1.1, 0.5)",,,"(-6.4, 0.0, -0.3)",
PLAYER_POSITIONS,150082,6/27/2026 10:15:14 AM,90eec047-676b-4d50-9684-e8707ca80941,2.0,,,,,,,,,,,,,,,,,,,,,,,,,,,,,,,,,,,"(-6.3, 0.4, 0.6)","(-6.3, 1.1, 0.2)","(-6.0, 0.5, 0.1)",
PLAYER_GAZE,150084,6/27/2026 10:15:14 AM,90eec047-676b-4d50-9684-e8707ca80941,2.0,,,,,,,,,,,,,,,,,,,,,,,,Military PT 11,,,,,,,,,"(0.1, 1.1, 0.5)",,,"(-6.4, 0.0, -0.3)",
PLAYER_POSITIONS,150583,6/27/2026 10:15:14 AM,90eec047-676b-4d50-9684-e8707ca80941,2.0,,,,,,,,,,,,,,,,,,,,,,,,,,,,,,,,,,,"(-6.1, 0.7, -0.1)","(-6.4, 1.1, 0.0)","(-6.3, 0.5, -0.2)",
PLAYER_POSITIONS,150583,6/27/2026 10:15:14 AM,90eec047-676b-4d50-9684-e8707ca80941,2.0,,,,,,,,,,,,,,,,,,,,,,,,,,,,,,,,,,,"(-6.1, 0.7, -0.1)","(-6.4, 1.1, 0.0)","(-6.3, 0.5, -0.2)",
PLAYER_POSITIONS,151092,6/27/2026 10:15:15 AM,90eec047-676b-4d50-9684-e8707ca80941,2.0,,,,,,,,,,,,,,,,,,,,,,,,,,,,,,,,,,,"(-6.1, 0.6, -0.3)","(-6.3, 1.1, 0.0)","(-6.3, 0.5, -0.2)",
PLAYER_POSITIONS,151092,6/27/2026 10:15:15 AM,90eec047-676b-4d50-9684-e8707ca80941,2.0,,,,,,,,,,,,,,,,,,,,,,,,,,,,,,,,,,,"(-6.1, 0.6, -0.3)","(-6.3, 1.1, 0.0)","(-6.3, 0.5, -0.2)",
VOICE_CAPTURE,151249,6/27/2026 10:15:15 AM,90eec047-676b-4d50-9684-e8707ca80941,2.0,,,,,,,,,,,,,,,,,,,,,,,,,,,,,,,,,,,,,,,,,,,,,,,,,,,NA,Can I draw again?,
PULSE_TAKEN,151514,6/27/2026 10:15:15 AM,90eec047-676b-4d50-9684-e8707ca80941,2.0,,,,,,,,,,,,,,,,,,,,,,,,Military PT 11,,,,pulse_normal,
DRAG_START,151586,6/27/2026 10:15:15 AM,90eec047-676b-4d50-9684-e8707ca80941,2.0,,,,,"(-6.4, 0.0, -0.3)",,,,,,,,,,,,,,,,,,,Military PT 11,
PLAYER_POSITIONS,151605,6/27/2026 10:15:15 AM,90eec047-676b-4d50-9684-e8707ca80941,2.0,,,,,,,,,,,,,,,,,,,,,,,,,,,,,,,,,,,"(-6.2, 0.5, -0.4)","(-6.3, 1.0, -0.1)","(-6.2, 0.4, -0.3)",
PLAYER_POSITIONS,151605,6/27/2026 10:15:15 AM,90eec047-676b-4d50-9684-e8707ca80941,2.0,,,,,,,,,,,,,,,,,,,,,,,,,,,,,,,,,,,"(-6.2, 0.5, -0.4)","(-6.3, 1.0, -0.1)","(-6.2, 0.4, -0.3)",
DRAG_START,151607,6/27/2026 10:15:15 AM,90eec047-676b-4d50-9684-e8707ca80941,2.0,,,,,"(-6.4, 0.0, -0.3)",,,,,,,,,,,,,,,,,,,Military PT 11,
VOICE_CAPTURE,151773,6/27/2026 10:15:15 AM,90eec047-676b-4d50-9684-e8707ca80941,2.0,,,,,,,,,,,,,,,,,,,,,,,,,,,,,,,,,,,,,,,,,,,,,,,,,,,NA,Can I draw again?,
VOICE_CAPTURE,151773,6/27/2026 10:15:15 AM,90eec047-676b-4d50-9684-e8707ca80941,2.0,,,,,,,,,,,,,,,,,,,,,,,,,,,,,,,,,,,,,,,,,,,,,,,,,,,NA,Can I draw again?,
PLAYER_POSITIONS,152119,6/27/2026 10:15:16 AM,90eec047-676b-4d50-9684-e8707ca80941,2.0,,,,,,,,,,,,,,,,,,,,,,,,,,,,,,,,,,,"(-5.8, 0.6, -0.1)","(-6.3, 1.1, 0.0)","(-6.0, 0.6, -0.1)",
PLAYER_POSITIONS,152119,6/27/2026 10:15:16 AM,90eec047-676b-4d50-9684-e8707ca80941,2.0,,,,,,,,,,,,,,,,,,,,,,,,,,,,,,,,,,,"(-5.8, 0.6, -0.1)","(-6.3, 1.1, 0.0)","(-6.0, 0.6, -0.1)",
AUDIO_START,152620,6/27/2026 10:15:16 AM,90eec047-676b-4d50-9684-e8707ca80941,2.0,mortar hits 1,19.77469,
PLAYER_POSITIONS,152641,6/27/2026 10:15:16 AM,90eec047-676b-4d50-9684-e8707ca80941,2.0,,,,,,,,,,,,,,,,,,,,,,,,,,,,,,,,,,,"(-5.7, 0.6, 0.7)","(-6.1, 1.2, 0.5)","(-5.8, 0.6, 0.5)",
PLAYER_POSITIONS,152641,6/27/2026 10:15:16 AM,90eec047-676b-4d50-9684-e8707ca80941,2.0,,,,,,,,,,,,,,,,,,,,,,,,,,,,,,,,,,,"(-5.7, 0.6, 0.7)","(-6.1, 1.2, 0.5)","(-5.8, 0.6, 0.5)",
PLAYER_POSITIONS,153161,6/27/2026 10:15:17 AM,90eec047-676b-4d50-9684-e8707ca80941,2.0,,,,,,,,,,,,,,,,,,,,,,,,,,,,,,,,,,,"(-5.8, 0.5, 1.7)","(-6.1, 1.2, 1.5)","(-5.9, 0.6, 1.5)",
PLAYER_POSITIONS,153161,6/27/2026 10:15:17 AM,90eec047-676b-4d50-9684-e8707ca80941,2.0,,,,,,,,,,,,,,,,,,,,,,,,,,,,,,,,,,,"(-5.8, 0.5, 1.7)","(-6.1, 1.2, 1.5)","(-5.9, 0.6, 1.5)",
VOICE_CAPTURE,153227,6/27/2026 10:15:17 AM,90eec047-676b-4d50-9684-e8707ca80941,2.0,,,,,,,,,,,,,,,,,,,,,,,,,,,,,,,,,,,,,,,,,,,,,,,,,,,NA,There we go.,
PLAYER_POSITIONS,153683,6/27/2026 10:15:17 AM,90eec047-676b-4d50-9684-e8707ca80941,2.0,,,,,,,,,,,,,,,,,,,,,,,,,,,,,,,,,,,"(-5.4, 0.5, 2.3)","(-5.7, 1.2, 2.1)","(-5.5, 0.6, 2.0)",
PLAYER_POSITIONS,153683,6/27/2026 10:15:17 AM,90eec047-676b-4d50-9684-e8707ca80941,2.0,,,,,,,,,,,,,,,,,,,,,,,,,,,,,,,,,,,"(-5.4, 0.5, 2.3)","(-5.7, 1.2, 2.1)","(-5.5, 0.6, 2.0)",
VOICE_CAPTURE,153715,6/27/2026 10:15:17 AM,90eec047-676b-4d50-9684-e8707ca80941,2.0,,,,,,,,,,,,,,,,,,,,,,,,,,,,,,,,,,,,,,,,,,,,,,,,,,,NA,There we go.,
VOICE_CAPTURE,153715,6/27/2026 10:15:17 AM,90eec047-676b-4d50-9684-e8707ca80941,2.0,,,,,,,,,,,,,,,,,,,,,,,,,,,,,,,,,,,,,,,,,,,,,,,,,,,NA,There we go.,
PLAYER_POSITIONS,154194,6/27/2026 10:15:18 AM,90eec047-676b-4d50-9684-e8707ca80941,2.0,,,,,,,,,,,,,,,,,,,,,,,,,,,,,,,,,,,"(-5.2, 0.6, 3.0)","(-5.5, 1.2, 2.8)","(-5.3, 0.6, 2.8)",
PLAYER_POSITIONS,154194,6/27/2026 10:15:18 AM,90eec047-676b-4d50-9684-e8707ca80941,2.0,,,,,,,,,,,,,,,,,,,,,,,,,,,,,,,,,,,"(-5.2, 0.6, 3.0)","(-5.5, 1.2, 2.8)","(-5.3, 0.6, 2.8)",
PLAYER_POSITIONS,154719,6/27/2026 10:15:18 AM,90eec047-676b-4d50-9684-e8707ca80941,2.0,,,,,,,,,,,,,,,,,,,,,,,,,,,,,,,,,,,"(-4.7, 0.7, 3.6)","(-5.1, 1.3, 3.4)","(-4.8, 0.7, 3.5)",
PLAYER_POSITIONS,154719,6/27/2026 10:15:18 AM,90eec047-676b-4d50-9684-e8707ca80941,2.0,,,,,,,,,,,,,,,,,,,,,,,,,,,,,,,,,,,"(-4.7, 0.7, 3.6)","(-5.1, 1.3, 3.4)","(-4.8, 0.7, 3.5)",
DRAG_STOP,155172,6/27/2026 10:15:19 AM,90eec047-676b-4d50-9684-e8707ca80941,2.0,,,,,"(-6.4, 0.0, -0.3)","(-4.3, 0.0, 3.9)",,,,,,,,,,,,,,,,,,Military PT 11,
DRAG_STOP,155172,6/27/2026 10:15:19 AM,90eec047-676b-4d50-9684-e8707ca80941,2.0,,,,,"(-6.4, 0.0, -0.3)","(-4.3, 0.0, 3.9)",,,,,,,,,,,,,,,,,,Military PT 11,
DRAG_STOP,155206,6/27/2026 10:15:19 AM,90eec047-676b-4d50-9684-e8707ca80941,2.0,,,,,"(-6.4, 0.0, -0.3)","(-4.3, 0.0, 3.9)",,,,,,,,,,,,,,,,,,Military PT 11,
DRAG_STOP,155206,6/27/2026 10:15:19 AM,90eec047-676b-4d50-9684-e8707ca80941,2.0,,,,,"(-6.4, 0.0, -0.3)","(-4.3, 0.0, 3.9)",,,,,,,,,,,,,,,,,,Military PT 11,
PLAYER_POSITIONS,155240,6/27/2026 10:15:19 AM,90eec047-676b-4d50-9684-e8707ca80941,2.0,,,,,,,,,,,,,,,,,,,,,,,,,,,,,,,,,,,"(-4.3, 0.7, 4.1)","(-4.5, 1.2, 3.7)","(-4.5, 0.7, 4.0)",
PLAYER_POSITIONS,155240,6/27/2026 10:15:19 AM,90eec047-676b-4d50-9684-e8707ca80941,2.0,,,,,,,,,,,,,,,,,,,,,,,,,,,,,,,,,,,"(-4.3, 0.7, 4.1)","(-4.5, 1.2, 3.7)","(-4.5, 0.7, 4.0)",
PLAYER_POSITIONS,155753,6/27/2026 10:15:19 AM,90eec047-676b-4d50-9684-e8707ca80941,2.0,,,,,,,,,,,,,,,,,,,,,,,,,,,,,,,,,,,"(-4.5, 0.5, 4.0)","(-4.4, 1.0, 3.5)","(-4.4, 0.4, 3.7)",
PLAYER_GAZE,155753,6/27/2026 10:15:19 AM,90eec047-676b-4d50-9684-e8707ca80941,2.0,,,,,,,,,,,,,,,,,,,,,,,,Military PT 11,,,,,,,,,"(-0.1, 1.0, -0.3)",,,"(-4.3, 0.0, 3.9)",
PLAYER_POSITIONS,155753,6/27/2026 10:15:19 AM,90eec047-676b-4d50-9684-e8707ca80941,2.0,,,,,,,,,,,,,,,,,,,,,,,,,,,,,,,,,,,"(-4.5, 0.5, 4.0)","(-4.4, 1.0, 3.5)","(-4.4, 0.4, 3.7)",
PLAYER_GAZE,155753,6/27/2026 10:15:19 AM,90eec047-676b-4d50-9684-e8707ca80941,2.0,,,,,,,,,,,,,,,,,,,,,,,,Military PT 11,,,,,,,,,"(-0.1, 1.0, -0.3)",,,"(-4.3, 0.0, 3.9)",
VOICE_CAPTURE,155754,6/27/2026 10:15:19 AM,90eec047-676b-4d50-9684-e8707ca80941,2.0,,,,,,,,,,,,,,,,,,,,,,,,,,,,,,,,,,,,,,,,,,,,,,,,,,,NA,Can you tell me?,
VOICE_CAPTURE,156230,6/27/2026 10:15:20 AM,90eec047-676b-4d50-9684-e8707ca80941,2.0,,,,,,,,,,,,,,,,,,,,,,,,,,,,,,,,,,,,,,,,,,,,,,,,,,,NA,Can you tell me what year it is?,
PLAYER_POSITIONS,156330,6/27/2026 10:15:20 AM,90eec047-676b-4d50-9684-e8707ca80941,2.0,,,,,,,,,,,,,,,,,,,,,,,,,,,,,,,,,,,"(-4.3, 0.3, 3.7)","(-4.2, 0.9, 3.4)","(-4.4, 0.3, 3.4)",
PLAYER_GAZE,156330,6/27/2026 10:15:20 AM,90eec047-676b-4d50-9684-e8707ca80941,2.0,,,,,,,,,,,,,,,,,,,,,,,,Military PT 11,,,,,,,,,"(0.1, 0.9, -0.4)",,,"(-4.3, 0.0, 3.9)",
PLAYER_POSITIONS,156330,6/27/2026 10:15:20 AM,90eec047-676b-4d50-9684-e8707ca80941,2.0,,,,,,,,,,,,,,,,,,,,,,,,,,,,,,,,,,,"(-4.3, 0.3, 3.7)","(-4.2, 0.9, 3.4)","(-4.4, 0.3, 3.4)",
PLAYER_GAZE,156330,6/27/2026 10:15:20 AM,90eec047-676b-4d50-9684-e8707ca80941,2.0,,,,,,,,,,,,,,,,,,,,,,,,Military PT 11,,,,,,,,,"(0.1, 0.9, -0.4)",,,"(-4.3, 0.0, 3.9)",
BUTTON_CLICKED,156651,6/27/2026 10:15:20 AM,90eec047-676b-4d50-9684-e8707ca80941,2.0,,,lay down,
VOICE_CAPTURE,156651,6/27/2026 10:15:20 AM,90eec047-676b-4d50-9684-e8707ca80941,2.0,,,,,,,,,,,,,,,,,,,,,,,,,,,,,,,,,,,,,,,,,,,,,,,,,,,NA,lay down,
VOICE_COMMAND,156651,6/27/2026 10:15:20 AM,90eec047-676b-4d50-9684-e8707ca80941,2.0,,,,,,,,,,,,,,,,,,,,,,,,Military PT 11,,,,,,,,,,,,,,,,,,,,,,,,,,,lay down,lay down,
VOICE_CAPTURE,156776,6/27/2026 10:15:20 AM,90eec047-676b-4d50-9684-e8707ca80941,2.0,,,,,,,,,,,,,,,,,,,,,,,,,,,,,,,,,,,,,,,,,,,,,,,,,,,NA,Can you tell me what year it is?,
VOICE_CAPTURE,156776,6/27/2026 10:15:20 AM,90eec047-676b-4d50-9684-e8707ca80941,2.0,,,,,,,,,,,,,,,,,,,,,,,,,,,,,,,,,,,,,,,,,,,,,,,,,,,NA,Can you tell me what year it is?,
VOICE_COMMAND,156776,6/27/2026 10:15:20 AM,90eec047-676b-4d50-9684-e8707ca80941,2.0,,,,,,,,,,,,,,,,,,,,,,,,,,,,,,,,,,,,,,,,,,,,,,,,,,,Can you tell me what year it is?,what year is it,
PLAYER_POSITIONS,156842,6/27/2026 10:15:20 AM,90eec047-676b-4d50-9684-e8707ca80941,2.0,,,,,,,,,,,,,,,,,,,,,,,,,,,,,,,,,,,"(-4.2, 0.3, 3.6)","(-4.1, 1.0, 3.4)","(-4.0, 0.7, 3.3)",
PLAYER_GAZE,156842,6/27/2026 10:15:20 AM,90eec047-676b-4d50-9684-e8707ca80941,2.0,,,,,,,,,,,,,,,,,,,,,,,,Military PT 11,,,,,,,,,"(0.2, 1.0, -0.4)",,,"(-4.3, 0.0, 3.9)",
PLAYER_POSITIONS,156842,6/27/2026 10:15:20 AM,90eec047-676b-4d50-9684-e8707ca80941,2.0,,,,,,,,,,,,,,,,,,,,,,,,,,,,,,,,,,,"(-4.2, 0.3, 3.6)","(-4.1, 1.0, 3.4)","(-4.0, 0.7, 3.3)",
PLAYER_GAZE,156842,6/27/2026 10:15:20 AM,90eec047-676b-4d50-9684-e8707ca80941,2.0,,,,,,,,,,,,,,,,,,,,,,,,Military PT 11,,,,,,,,,"(0.2, 1.0, -0.4)",,,"(-4.3, 0.0, 3.9)",
PLAYER_POSITIONS,157344,6/27/2026 10:15:21 AM,90eec047-676b-4d50-9684-e8707ca80941,2.0,,,,,,,,,,,,,,,,,,,,,,,,,,,,,,,,,,,"(-4.2, 0.3, 3.6)","(-4.1, 1.0, 3.4)","(-4.0, 0.5, 3.1)",
PLAYER_GAZE,157344,6/27/2026 10:15:21 AM,90eec047-676b-4d50-9684-e8707ca80941,2.0,,,,,,,,,,,,,,,,,,,,,,,,Military PT 11,,,,,,,,,"(0.2, 1.0, -0.5)",,,"(-4.3, 0.0, 3.9)",
PLAYER_POSITIONS,157344,6/27/2026 10:15:21 AM,90eec047-676b-4d50-9684-e8707ca80941,2.0,,,,,,,,,,,,,,,,,,,,,,,,,,,,,,,,,,,"(-4.2, 0.3, 3.6)","(-4.1, 1.0, 3.4)","(-4.0, 0.5, 3.1)",
PLAYER_GAZE,157344,6/27/2026 10:15:21 AM,90eec047-676b-4d50-9684-e8707ca80941,2.0,,,,,,,,,,,,,,,,,,,,,,,,Military PT 11,,,,,,,,,"(0.2, 1.0, -0.5)",,,"(-4.3, 0.0, 3.9)",
PLAYER_POSITIONS,157847,6/27/2026 10:15:21 AM,90eec047-676b-4d50-9684-e8707ca80941,2.0,,,,,,,,,,,,,,,,,,,,,,,,,,,,,,,,,,,"(-4.2, 0.3, 3.6)","(-4.3, 1.1, 3.3)","(-4.2, 0.3, 3.0)",
PLAYER_POSITIONS,157847,6/27/2026 10:15:21 AM,90eec047-676b-4d50-9684-e8707ca80941,2.0,,,,,,,,,,,,,,,,,,,,,,,,,,,,,,,,,,,"(-4.2, 0.3, 3.6)","(-4.3, 1.1, 3.3)","(-4.2, 0.3, 3.0)",
VOICE_CAPTURE,158223,6/27/2026 10:15:22 AM,90eec047-676b-4d50-9684-e8707ca80941,2.0,,,,,,,,,,,,,,,,,,,,,,,,,,,,,,,,,,,,,,,,,,,,,,,,,,,NA,- Yes.,
PLAYER_POSITIONS,158357,6/27/2026 10:15:22 AM,90eec047-676b-4d50-9684-e8707ca80941,2.0,,,,,,,,,,,,,,,,,,,,,,,,,,,,,,,,,,,"(-4.3, 0.4, 3.7)","(-4.2, 1.0, 3.2)","(-3.9, 0.4, 3.0)",
PLAYER_POSITIONS,158357,6/27/2026 10:15:22 AM,90eec047-676b-4d50-9684-e8707ca80941,2.0,,,,,,,,,,,,,,,,,,,,,,,,,,,,,,,,,,,"(-4.3, 0.4, 3.7)","(-4.2, 1.0, 3.2)","(-3.9, 0.4, 3.0)",
TOOL_HOVER,158467,6/27/2026 10:15:22 AM,90eec047-676b-4d50-9684-e8707ca80941,2.0,,,,,,,,,,,,,,,,,,,,,,,,,,,,,,,,,,,,,,,,,,,,,,999,,Tourniquet,
TOOL_HOVER,158666,6/27/2026 10:15:22 AM,90eec047-676b-4d50-9684-e8707ca80941,2.0,,,,,,,,,,,,,,,,,,,,,,,,,,,,,,,,,,,,,,,,,,,,,,999,,Gauze Wrap,
VOICE_CAPTURE,158736,6/27/2026 10:15:22 AM,90eec047-676b-4d50-9684-e8707ca80941,2.0,,,,,,,,,,,,,,,,,,,,,,,,,,,,,,,,,,,,,,,,,,,,,,,,,,,NA,- Yes.,
TOOL_SELECTED,158800,6/27/2026 10:15:22 AM,90eec047-676b-4d50-9684-e8707ca80941,2.0,,,,,,,,,,,,,,,,,,,,,,,,,,,,,,,,,,,,,,,,,,,,,,998,,Gauze Wrap,
PLAYER_POSITIONS,158868,6/27/2026 10:15:22 AM,90eec047-676b-4d50-9684-e8707ca80941,2.0,,,,,,,,,,,,,,,,,,,,,,,,,,,,,,,,,,,"(-4.3, 0.4, 3.7)","(-4.2, 1.0, 3.2)","(-3.9, 0.3, 3.0)",
PLAYER_GAZE,158868,6/27/2026 10:15:22 AM,90eec047-676b-4d50-9684-e8707ca80941,2.0,,,,,,,,,,,,,,,,,,,,,,,,Military PT 11,,,,,,,,,"(0.1, 1.0, -0.7)",,,"(-4.3, 0.0, 3.9)",
PLAYER_POSITIONS,158868,6/27/2026 10:15:22 AM,90eec047-676b-4d50-9684-e8707ca80941,2.0,,,,,,,,,,,,,,,,,,,,,,,,,,,,,,,,,,,"(-4.3, 0.4, 3.7)","(-4.2, 1.0, 3.2)","(-3.9, 0.3, 3.0)",
PLAYER_GAZE,158868,6/27/2026 10:15:22 AM,90eec047-676b-4d50-9684-e8707ca80941,2.0,,,,,,,,,,,,,,,,,,,,,,,,Military PT 11,,,,,,,,,"(0.1, 1.0, -0.7)",,,"(-4.3, 0.0, 3.9)",
PLAYER_POSITIONS,159379,6/27/2026 10:15:23 AM,90eec047-676b-4d50-9684-e8707ca80941,2.0,,,,,,,,,,,,,,,,,,,,,,,,,,,,,,,,,,,"(-4.3, 0.4, 3.7)","(-4.2, 1.0, 3.4)","(-4.2, 0.4, 3.4)",
PLAYER_POSITIONS,159379,6/27/2026 10:15:23 AM,90eec047-676b-4d50-9684-e8707ca80941,2.0,,,,,,,,,,,,,,,,,,,,,,,,,,,,,,,,,,,"(-4.3, 0.4, 3.7)","(-4.2, 1.0, 3.4)","(-4.2, 0.4, 3.4)",
PLAYER_POSITIONS,159890,6/27/2026 10:15:23 AM,90eec047-676b-4d50-9684-e8707ca80941,2.0,,,,,,,,,,,,,,,,,,,,,,,,,,,,,,,,,,,"(-4.5, 0.3, 3.9)","(-4.4, 0.9, 3.8)","(-4.4, 0.4, 3.8)",
PLAYER_POSITIONS,159890,6/27/2026 10:15:23 AM,90eec047-676b-4d50-9684-e8707ca80941,2.0,,,,,,,,,,,,,,,,,,,,,,,,,,,,,,,,,,,"(-4.5, 0.3, 3.9)","(-4.4, 0.9, 3.8)","(-4.4, 0.4, 3.8)",
PLAYER_POSITIONS,160412,6/27/2026 10:15:24 AM,90eec047-676b-4d50-9684-e8707ca80941,2.0,,,,,,,,,,,,,,,,,,,,,,,,,,,,,,,,,,,"(-4.7, 0.2, 3.7)","(-4.4, 0.7, 3.9)","(-4.5, 0.1, 3.9)",
PLAYER_POSITIONS,160412,6/27/2026 10:15:24 AM,90eec047-676b-4d50-9684-e8707ca80941,2.0,,,,,,,,,,,,,,,,,,,,,,,,,,,,,,,,,,,"(-4.7, 0.2, 3.7)","(-4.4, 0.7, 3.9)","(-4.5, 0.1, 3.9)",
INJURY_TREATED,160660,6/27/2026 10:15:24 AM,90eec047-676b-4d50-9684-e8707ca80941,2.0,,,,,,,,,leftForearm,L Forearm Abrasion,"(-4.5, 0.0, 3.9)",gauzeWrap,1,1,low,True,True,,,,,,,Military PT 11,
TOOL_APPLIED,160660,6/27/2026 10:15:24 AM,90eec047-676b-4d50-9684-e8707ca80941,2.0,,,,,,,,,,,,,,,,,,,,,,,,Military PT 11,,,,,,,,,,,,,,,,,,,,AppliedGauzeWrap,skinCollider_BodyCollideLOD (UnityEngine.GameObject),,Gauze Wrap(Clone) (UnityEngine.GameObject),Gauze Wrap,
PLAYER_POSITIONS,160935,6/27/2026 10:15:25 AM,90eec047-676b-4d50-9684-e8707ca80941,2.0,,,,,,,,,,,,,,,,,,,,,,,,,,,,,,,,,,,"(-4.7, 0.2, 3.8)","(-4.3, 0.8, 3.9)","(-4.5, 0.1, 3.9)",
PLAYER_POSITIONS,160935,6/27/2026 10:15:25 AM,90eec047-676b-4d50-9684-e8707ca80941,2.0,,,,,,,,,,,,,,,,,,,,,,,,,,,,,,,,,,,"(-4.7, 0.2, 3.8)","(-4.3, 0.8, 3.9)","(-4.5, 0.1, 3.9)",
BAG_CLOSED,161267,6/27/2026 10:15:25 AM,90eec047-676b-4d50-9684-e8707ca80941,2.0,,,,,,,,,,,,,,,,,,,,,,,,,,,,,,,,,,,,"(0.0, 0.0, 0.0)",
PLAYER_POSITIONS,161445,6/27/2026 10:15:25 AM,90eec047-676b-4d50-9684-e8707ca80941,2.0,,,,,,,,,,,,,,,,,,,,,,,,,,,,,,,,,,,"(-4.5, 0.2, 3.8)","(-4.3, 1.0, 3.6)","(-4.3, 0.5, 3.5)",
PLAYER_GAZE,161445,6/27/2026 10:15:25 AM,90eec047-676b-4d50-9684-e8707ca80941,2.0,,,,,,,,,,,,,,,,,,,,,,,,Military PT 11,,,,,,,,,"(0.0, 1.0, -0.3)",,,"(-4.3, 0.0, 3.9)",
PLAYER_POSITIONS,161445,6/27/2026 10:15:25 AM,90eec047-676b-4d50-9684-e8707ca80941,2.0,,,,,,,,,,,,,,,,,,,,,,,,,,,,,,,,,,,"(-4.5, 0.2, 3.8)","(-4.3, 1.0, 3.6)","(-4.3, 0.5, 3.5)",
PLAYER_GAZE,161445,6/27/2026 10:15:25 AM,90eec047-676b-4d50-9684-e8707ca80941,2.0,,,,,,,,,,,,,,,,,,,,,,,,Military PT 11,,,,,,,,,"(0.0, 1.0, -0.3)",,,"(-4.3, 0.0, 3.9)",
PLAYER_POSITIONS,161955,6/27/2026 10:15:26 AM,90eec047-676b-4d50-9684-e8707ca80941,2.0,,,,,,,,,,,,,,,,,,,,,,,,,,,,,,,,,,,"(-4.3, 0.5, 3.4)","(-4.5, 1.1, 3.1)","(-4.5, 0.4, 2.8)",
PLAYER_POSITIONS,161955,6/27/2026 10:15:26 AM,90eec047-676b-4d50-9684-e8707ca80941,2.0,,,,,,,,,,,,,,,,,,,,,,,,,,,,,,,,,,,"(-4.3, 0.5, 3.4)","(-4.5, 1.1, 3.1)","(-4.5, 0.4, 2.8)",
PLAYER_POSITIONS,162471,6/27/2026 10:15:26 AM,90eec047-676b-4d50-9684-e8707ca80941,2.0,,,,,,,,,,,,,,,,,,,,,,,,,,,,,,,,,,,"(-4.2, 0.4, 3.4)","(-4.2, 1.1, 3.3)","(-4.0, 0.6, 3.1)",
PLAYER_POSITIONS,162471,6/27/2026 10:15:26 AM,90eec047-676b-4d50-9684-e8707ca80941,2.0,,,,,,,,,,,,,,,,,,,,,,,,,,,,,,,,,,,"(-4.2, 0.4, 3.4)","(-4.2, 1.1, 3.3)","(-4.0, 0.6, 3.1)",
PLAYER_POSITIONS,162984,6/27/2026 10:15:27 AM,90eec047-676b-4d50-9684-e8707ca80941,2.0,,,,,,,,,,,,,,,,,,,,,,,,,,,,,,,,,,,"(-4.3, 0.4, 3.6)","(-4.2, 1.2, 3.5)","(-3.7, 0.6, 3.3)",
PLAYER_POSITIONS,162984,6/27/2026 10:15:27 AM,90eec047-676b-4d50-9684-e8707ca80941,2.0,,,,,,,,,,,,,,,,,,,,,,,,,,,,,,,,,,,"(-4.3, 0.4, 3.6)","(-4.2, 1.2, 3.5)","(-3.7, 0.6, 3.3)",
PLAYER_POSITIONS,163512,6/27/2026 10:15:27 AM,90eec047-676b-4d50-9684-e8707ca80941,2.0,,,,,,,,,,,,,,,,,,,,,,,,,,,,,,,,,,,"(-4.2, 0.5, 3.1)","(-4.1, 1.3, 3.1)","(-3.7, 0.6, 3.5)",
PLAYER_POSITIONS,163512,6/27/2026 10:15:27 AM,90eec047-676b-4d50-9684-e8707ca80941,2.0,,,,,,,,,,,,,,,,,,,,,,,,,,,,,,,,,,,"(-4.2, 0.5, 3.1)","(-4.1, 1.3, 3.1)","(-3.7, 0.6, 3.5)",
PLAYER_POSITIONS,164032,6/27/2026 10:15:28 AM,90eec047-676b-4d50-9684-e8707ca80941,2.0,,,,,,,,,,,,,,,,,,,,,,,,,,,,,,,,,,,"(-4.4, 0.3, 2.7)","(-4.4, 1.2, 2.7)","(-4.1, 0.5, 3.0)",
PLAYER_POSITIONS,164032,6/27/2026 10:15:28 AM,90eec047-676b-4d50-9684-e8707ca80941,2.0,,,,,,,,,,,,,,,,,,,,,,,,,,,,,,,,,,,"(-4.4, 0.3, 2.7)","(-4.4, 1.2, 2.7)","(-4.1, 0.5, 3.0)",
PLAYER_POSITIONS,164540,6/27/2026 10:15:28 AM,90eec047-676b-4d50-9684-e8707ca80941,2.0,,,,,,,,,,,,,,,,,,,,,,,,,,,,,,,,,,,"(-4.5, 0.5, 2.6)","(-4.3, 1.4, 2.9)","(-4.5, 0.7, 3.1)",
PLAYER_POSITIONS,164540,6/27/2026 10:15:28 AM,90eec047-676b-4d50-9684-e8707ca80941,2.0,,,,,,,,,,,,,,,,,,,,,,,,,,,,,,,,,,,"(-4.5, 0.5, 2.6)","(-4.3, 1.4, 2.9)","(-4.5, 0.7, 3.1)",
PLAYER_POSITIONS,165058,6/27/2026 10:15:29 AM,90eec047-676b-4d50-9684-e8707ca80941,2.0,,,,,,,,,,,,,,,,,,,,,,,,,,,,,,,,,,,"(-5.2, 0.5, 2.8)","(-5.0, 1.4, 2.9)","(-5.1, 0.6, 3.1)",
PLAYER_GAZE,165058,6/27/2026 10:15:29 AM,90eec047-676b-4d50-9684-e8707ca80941,2.0,,,,,,,,,,,,,,,,,,,,,,,,Lifting NPC,,,,,,,,,"(3.6, 1.4, -0.8)",,,"(-8.5, 0.0, 3.8)",
PLAYER_POSITIONS,165058,6/27/2026 10:15:29 AM,90eec047-676b-4d50-9684-e8707ca80941,2.0,,,,,,,,,,,,,,,,,,,,,,,,,,,,,,,,,,,"(-5.2, 0.5, 2.8)","(-5.0, 1.4, 2.9)","(-5.1, 0.6, 3.1)",
PLAYER_GAZE,165058,6/27/2026 10:15:29 AM,90eec047-676b-4d50-9684-e8707ca80941,2.0,,,,,,,,,,,,,,,,,,,,,,,,Lifting NPC,,,,,,,,,"(3.6, 1.4, -0.8)",,,"(-8.5, 0.0, 3.8)",
EVAC_RADIO_ALERT,165473,6/27/2026 10:15:29 AM,90eec047-676b-4d50-9684-e8707ca80941,2.0,,,,,,,,1,
AUDIO_START,165479,6/27/2026 10:15:29 AM,90eec047-676b-4d50-9684-e8707ca80941,2.0,evac in 8 minutes,4.127347,
PLAYER_POSITIONS,165588,6/27/2026 10:15:29 AM,90eec047-676b-4d50-9684-e8707ca80941,2.0,,,,,,,,,,,,,,,,,,,,,,,,,,,,,,,,,,,"(-5.4, 0.4, 2.9)","(-5.2, 1.4, 3.1)","(-5.8, 1.2, 3.3)",
PLAYER_GAZE,165588,6/27/2026 10:15:29 AM,90eec047-676b-4d50-9684-e8707ca80941,2.0,,,,,,,,,,,,,,,,,,,,,,,,Lifting NPC,,,,,,,,,"(3.3, 1.4, -0.6)",,,"(-8.5, 0.0, 3.8)",
PLAYER_POSITIONS,165588,6/27/2026 10:15:29 AM,90eec047-676b-4d50-9684-e8707ca80941,2.0,,,,,,,,,,,,,,,,,,,,,,,,,,,,,,,,,,,"(-5.4, 0.4, 2.9)","(-5.2, 1.4, 3.1)","(-5.8, 1.2, 3.3)",
PLAYER_GAZE,165588,6/27/2026 10:15:29 AM,90eec047-676b-4d50-9684-e8707ca80941,2.0,,,,,,,,,,,,,,,,,,,,,,,,Lifting NPC,,,,,,,,,"(3.3, 1.4, -0.6)",,,"(-8.5, 0.0, 3.8)",
VOICE_CAPTURE,165762,6/27/2026 10:15:29 AM,90eec047-676b-4d50-9684-e8707ca80941,2.0,,,,,,,,,,,,,,,,,,,,,,,,,,,,,,,,,,,,,,,,,,,,,,,,,,,NA,Okay.,
PLAYER_POSITIONS,166102,6/27/2026 10:15:30 AM,90eec047-676b-4d50-9684-e8707ca80941,2.0,,,,,,,,,,,,,,,,,,,,,,,,,,,,,,,,,,,"(-5.6, 0.4, 3.2)","(-5.4, 1.3, 3.5)","(-6.0, 1.1, 3.5)",
PLAYER_POSITIONS,166102,6/27/2026 10:15:30 AM,90eec047-676b-4d50-9684-e8707ca80941,2.0,,,,,,,,,,,,,,,,,,,,,,,,,,,,,,,,,,,"(-5.6, 0.4, 3.2)","(-5.4, 1.3, 3.5)","(-6.0, 1.1, 3.5)",
VOICE_CAPTURE,166271,6/27/2026 10:15:30 AM,90eec047-676b-4d50-9684-e8707ca80941,2.0,,,,,,,,,,,,,,,,,,,,,,,,,,,,,,,,,,,,,,,,,,,,,,,,,,,NA,Okay. Can I move the,
PLAYER_POSITIONS,166608,6/27/2026 10:15:30 AM,90eec047-676b-4d50-9684-e8707ca80941,2.0,,,,,,,,,,,,,,,,,,,,,,,,,,,,,,,,,,,"(-5.7, 0.5, 3.5)","(-5.4, 1.3, 3.7)","(-5.9, 1.1, 3.7)",
PLAYER_POSITIONS,166608,6/27/2026 10:15:30 AM,90eec047-676b-4d50-9684-e8707ca80941,2.0,,,,,,,,,,,,,,,,,,,,,,,,,,,,,,,,,,,"(-5.7, 0.5, 3.5)","(-5.4, 1.3, 3.7)","(-5.9, 1.1, 3.7)",
VOICE_CAPTURE,166753,6/27/2026 10:15:30 AM,90eec047-676b-4d50-9684-e8707ca80941,2.0,,,,,,,,,,,,,,,,,,,,,,,,,,,,,,,,,,,,,,,,,,,,,,,,,,,NA,Okay. Can I move this guy?,
PLAYER_POSITIONS,167133,6/27/2026 10:15:31 AM,90eec047-676b-4d50-9684-e8707ca80941,2.0,,,,,,,,,,,,,,,,,,,,,,,,,,,,,,,,,,,"(-6.1, 0.4, 3.5)","(-6.0, 1.4, 3.7)","(-6.1, 0.6, 4.0)",
PLAYER_GAZE,167133,6/27/2026 10:15:31 AM,90eec047-676b-4d50-9684-e8707ca80941,2.0,,,,,,,,,,,,,,,,,,,,,,,,Lifting NPC,,,,,,,,,"(2.5, 1.4, 0.0)",,,"(-8.5, 0.0, 3.8)",
PLAYER_POSITIONS,167133,6/27/2026 10:15:31 AM,90eec047-676b-4d50-9684-e8707ca80941,2.0,,,,,,,,,,,,,,,,,,,,,,,,,,,,,,,,,,,"(-6.1, 0.4, 3.5)","(-6.0, 1.4, 3.7)","(-6.1, 0.6, 4.0)",
PLAYER_GAZE,167133,6/27/2026 10:15:31 AM,90eec047-676b-4d50-9684-e8707ca80941,2.0,,,,,,,,,,,,,,,,,,,,,,,,Lifting NPC,,,,,,,,,"(2.5, 1.4, 0.0)",,,"(-8.5, 0.0, 3.8)",
VOICE_CAPTURE,167275,6/27/2026 10:15:31 AM,90eec047-676b-4d50-9684-e8707ca80941,2.0,,,,,,,,,,,,,,,,,,,,,,,,,,,,,,,,,,,,,,,,,,,,,,,,,,,NA,Okay. Can I move this guy?,
VOICE_CAPTURE,167277,6/27/2026 10:15:31 AM,90eec047-676b-4d50-9684-e8707ca80941,2.0,,,,,,,,,,,,,,,,,,,,,,,,,,,,,,,,,,,,,,,,,,,,,,,,,,,NA,Okay. Can I move this guy?,
PATIENT_DISENGAGED,167341,6/27/2026 10:15:31 AM,90eec047-676b-4d50-9684-e8707ca80941,2.0,,,,31.71,,,,,,,,,,,,,,,,normal,100,Infinity,normal,Military PT 11,panic,supine,"(-4.0, 0.0, 3.3)",normal,"(0.0, 0.9, 0.0, 0.3)",normal,MINIMAL,still,,,,,,,,,,,,,,,,,31.71,
PLAYER_POSITIONS,167666,6/27/2026 10:15:31 AM,90eec047-676b-4d50-9684-e8707ca80941,2.0,,,,,,,,,,,,,,,,,,,,,,,,,,,,,,,,,,,"(-6.4, 0.5, 3.6)","(-6.3, 1.4, 3.8)","(-6.3, 0.5, 4.1)",
PLAYER_GAZE,167666,6/27/2026 10:15:31 AM,90eec047-676b-4d50-9684-e8707ca80941,2.0,,,,,,,,,,,,,,,,,,,,,,,,Lifting NPC,,,,,,,,,"(2.3, 1.4, 0.0)",,,"(-8.5, 0.0, 3.8)",
PLAYER_POSITIONS,167666,6/27/2026 10:15:31 AM,90eec047-676b-4d50-9684-e8707ca80941,2.0,,,,,,,,,,,,,,,,,,,,,,,,,,,,,,,,,,,"(-6.4, 0.5, 3.6)","(-6.3, 1.4, 3.8)","(-6.3, 0.5, 4.1)",
PLAYER_GAZE,167666,6/27/2026 10:15:31 AM,90eec047-676b-4d50-9684-e8707ca80941,2.0,,,,,,,,,,,,,,,,,,,,,,,,Lifting NPC,,,,,,,,,"(2.3, 1.4, 0.0)",,,"(-8.5, 0.0, 3.8)",
VOICE_CAPTURE,167792,6/27/2026 10:15:31 AM,90eec047-676b-4d50-9684-e8707ca80941,2.0,,,,,,,,,,,,,,,,,,,,,,,,,,,,,,,,,,,,,,,,,,,,,,,,,,,NA,Is that in the program?,
PATIENT_ENGAGED,168120,6/27/2026 10:15:32 AM,90eec047-676b-4d50-9684-e8707ca80941,2.0,,,,0,,,,,,,,,,,,,,,,normal,100,128,normal,Lifting NPC,calm,standing,"(-8.4, 0.0, 3.6)",normal,"(0.0, -0.7, 0.0, -0.7)",normal,MINIMAL,still,,,,,,,,,,,,,,,,,0,
PLAYER_POSITIONS,168179,6/27/2026 10:15:32 AM,90eec047-676b-4d50-9684-e8707ca80941,2.0,,,,,,,,,,,,,,,,,,,,,,,,,,,,,,,,,,,"(-6.6, 0.5, 3.7)","(-6.5, 1.4, 3.7)","(-7.0, 1.1, 3.8)",
PLAYER_GAZE,168179,6/27/2026 10:15:32 AM,90eec047-676b-4d50-9684-e8707ca80941,2.0,,,,,,,,,,,,,,,,,,,,,,,,Lifting NPC,,,,,,,,,"(2.0, 1.4, 0.0)",,,"(-8.5, 0.0, 3.8)",
PLAYER_POSITIONS,168179,6/27/2026 10:15:32 AM,90eec047-676b-4d50-9684-e8707ca80941,2.0,,,,,,,,,,,,,,,,,,,,,,,,,,,,,,,,,,,"(-6.6, 0.5, 3.7)","(-6.5, 1.4, 3.7)","(-7.0, 1.1, 3.8)",
PLAYER_GAZE,168179,6/27/2026 10:15:32 AM,90eec047-676b-4d50-9684-e8707ca80941,2.0,,,,,,,,,,,,,,,,,,,,,,,,Lifting NPC,,,,,,,,,"(2.0, 1.4, 0.0)",,,"(-8.5, 0.0, 3.8)",
VOICE_CAPTURE,168233,6/27/2026 10:15:32 AM,90eec047-676b-4d50-9684-e8707ca80941,2.0,,,,,,,,,,,,,,,,,,,,,,,,,,,,,,,,,,,,,,,,,,,,,,,,,,,NA,Is that in the program? this guy? Is that in the program?,
PLAYER_POSITIONS,168689,6/27/2026 10:15:32 AM,90eec047-676b-4d50-9684-e8707ca80941,2.0,,,,,,,,,,,,,,,,,,,,,,,,,,,,,,,,,,,"(-6.7, 0.4, 3.5)","(-6.7, 1.3, 3.8)","(-7.0, 0.9, 3.9)",
PLAYER_POSITIONS,168689,6/27/2026 10:15:32 AM,90eec047-676b-4d50-9684-e8707ca80941,2.0,,,,,,,,,,,,,,,,,,,,,,,,,,,,,,,,,,,"(-6.7, 0.4, 3.5)","(-6.7, 1.3, 3.8)","(-7.0, 0.9, 3.9)",
VOICE_CAPTURE,168809,6/27/2026 10:15:32 AM,90eec047-676b-4d50-9684-e8707ca80941,2.0,,,,,,,,,,,,,,,,,,,,,,,,,,,,,,,,,,,,,,,,,,,,,,,,,,,NA,Is that in the program? this guy? Is that in the program?,
VOICE_CAPTURE,168809,6/27/2026 10:15:32 AM,90eec047-676b-4d50-9684-e8707ca80941,2.0,,,,,,,,,,,,,,,,,,,,,,,,,,,,,,,,,,,,,,,,,,,,,,,,,,,NA,Is that in the program? this guy? Is that in the program?,
PLAYER_POSITIONS,169211,6/27/2026 10:15:33 AM,90eec047-676b-4d50-9684-e8707ca80941,2.0,,,,,,,,,,,,,,,,,,,,,,,,,,,,,,,,,,,"(-6.8, 0.4, 3.8)","(-6.3, 1.3, 3.9)","(-5.9, 0.6, 4.1)",
PLAYER_POSITIONS,169211,6/27/2026 10:15:33 AM,90eec047-676b-4d50-9684-e8707ca80941,2.0,,,,,,,,,,,,,,,,,,,,,,,,,,,,,,,,,,,"(-6.8, 0.4, 3.8)","(-6.3, 1.3, 3.9)","(-5.9, 0.6, 4.1)",
VOICE_CAPTURE,169243,6/27/2026 10:15:33 AM,90eec047-676b-4d50-9684-e8707ca80941,2.0,,,,,,,,,,,,,,,,,,,,,,,,,,,,,,,,,,,,,,,,,,,,,,,,,,,NA,"Hey, can you",
PATIENT_DISENGAGED,169442,6/27/2026 10:15:33 AM,90eec047-676b-4d50-9684-e8707ca80941,2.0,,,,1.33,,,,,,,,,,,,,,,,normal,100,128,normal,Lifting NPC,calm,standing,"(-8.4, 0.0, 3.7)",normal,"(0.0, -0.7, 0.0, -0.7)",normal,MINIMAL,still,,,,,,,,,,,,,,,,,1.33,
PATIENT_ENGAGED,169442,6/27/2026 10:15:33 AM,90eec047-676b-4d50-9684-e8707ca80941,2.0,,,,0,,,,,,,,,,,,,,,,normal,100,Infinity,normal,Military PT 11,panic,supine,"(-4.0, 0.0, 3.3)",normal,"(0.0, 0.9, 0.0, 0.3)",normal,MINIMAL,still,,,,,,,,,,,,,,,,,31.71,
PATIENT_DISENGAGED,169465,6/27/2026 10:15:33 AM,90eec047-676b-4d50-9684-e8707ca80941,2.0,,,,0.02,,,,,,,,,,,,,,,,normal,100,Infinity,normal,Military PT 11,panic,supine,"(-4.0, 0.0, 3.3)",normal,"(0.0, 0.9, 0.0, 0.3)",normal,MINIMAL,still,,,,,,,,,,,,,,,,,31.73,
PATIENT_ENGAGED,169486,6/27/2026 10:15:33 AM,90eec047-676b-4d50-9684-e8707ca80941,2.0,,,,0,,,,,,,,,,,,,,,,normal,100,Infinity,normal,Military PT 11,panic,supine,"(-4.0, 0.0, 3.3)",normal,"(0.0, 0.9, 0.0, 0.3)",normal,MINIMAL,still,,,,,,,,,,,,,,,,,31.73,
PATIENT_DISENGAGED,169509,6/27/2026 10:15:33 AM,90eec047-676b-4d50-9684-e8707ca80941,2.0,,,,0.02,,,,,,,,,,,,,,,,normal,100,Infinity,normal,Military PT 11,panic,supine,"(-4.0, 0.0, 3.3)",normal,"(0.0, 0.9, 0.0, 0.3)",normal,MINIMAL,still,,,,,,,,,,,,,,,,,31.75,
PATIENT_ENGAGED,169530,6/27/2026 10:15:33 AM,90eec047-676b-4d50-9684-e8707ca80941,2.0,,,,0,,,,,,,,,,,,,,,,normal,100,Infinity,normal,Military PT 11,panic,supine,"(-4.0, 0.0, 3.3)",normal,"(0.0, 0.9, 0.0, 0.3)",normal,MINIMAL,still,,,,,,,,,,,,,,,,,31.75,
PATIENT_DISENGAGED,169552,6/27/2026 10:15:33 AM,90eec047-676b-4d50-9684-e8707ca80941,2.0,,,,0.02,,,,,,,,,,,,,,,,normal,100,Infinity,normal,Military PT 11,panic,supine,"(-4.0, 0.0, 3.3)",normal,"(0.0, 0.9, 0.0, 0.3)",normal,MINIMAL,still,,,,,,,,,,,,,,,,,31.77,
PATIENT_ENGAGED,169575,6/27/2026 10:15:33 AM,90eec047-676b-4d50-9684-e8707ca80941,2.0,,,,0,,,,,,,,,,,,,,,,normal,100,Infinity,normal,Military PT 11,panic,supine,"(-4.0, 0.0, 3.3)",normal,"(0.0, 0.9, 0.0, 0.3)",normal,MINIMAL,still,,,,,,,,,,,,,,,,,31.77,
PATIENT_DISENGAGED,169598,6/27/2026 10:15:33 AM,90eec047-676b-4d50-9684-e8707ca80941,2.0,,,,0.02,,,,,,,,,,,,,,,,normal,100,Infinity,normal,Military PT 11,panic,supine,"(-4.0, 0.0, 3.3)",normal,"(0.0, 0.9, 0.0, 0.3)",normal,MINIMAL,still,,,,,,,,,,,,,,,,,31.79,
AUDIO_END,169621,6/27/2026 10:15:33 AM,90eec047-676b-4d50-9684-e8707ca80941,2.0,evac in 8 minutes,4.127347,
PLAYER_POSITIONS,169733,6/27/2026 10:15:33 AM,90eec047-676b-4d50-9684-e8707ca80941,2.0,,,,,,,,,,,,,,,,,,,,,,,,,,,,,,,,,,,"(-6.6, 0.6, 4.3)","(-6.4, 1.3, 3.9)","(-5.7, 0.9, 3.8)",
PLAYER_POSITIONS,169733,6/27/2026 10:15:33 AM,90eec047-676b-4d50-9684-e8707ca80941,2.0,,,,,,,,,,,,,,,,,,,,,,,,,,,,,,,,,,,"(-6.6, 0.6, 4.3)","(-6.4, 1.3, 3.9)","(-5.7, 0.9, 3.8)",
VOICE_CAPTURE,169766,6/27/2026 10:15:33 AM,90eec047-676b-4d50-9684-e8707ca80941,2.0,,,,,,,,,,,,,,,,,,,,,,,,,,,,,,,,,,,,,,,,,,,,,,,,,,,NA,"Hey, can you watch",
PATIENT_ENGAGED,170112,6/27/2026 10:15:34 AM,90eec047-676b-4d50-9684-e8707ca80941,2.0,,,,0,,,,,,,,,,,,,,,,normal,100,128,normal,Lifting NPC,calm,standing,"(-8.4, 0.0, 3.7)",normal,"(0.0, -0.7, 0.0, -0.7)",normal,MINIMAL,still,,,,,,,,,,,,,,,,,1.33,
PLAYER_POSITIONS,170248,6/27/2026 10:15:34 AM,90eec047-676b-4d50-9684-e8707ca80941,2.0,,,,,,,,,,,,,,,,,,,,,,,,,,,,,,,,,,,"(-6.9, 0.5, 3.8)","(-6.6, 1.4, 3.9)","(-6.1, 0.5, 4.2)",
PLAYER_GAZE,170248,6/27/2026 10:15:34 AM,90eec047-676b-4d50-9684-e8707ca80941,2.0,,,,,,,,,,,,,,,,,,,,,,,,Lifting NPC,,,,,,,,,"(1.9, 1.4, 0.1)",,,"(-8.5, 0.0, 3.8)",
PLAYER_POSITIONS,170248,6/27/2026 10:15:34 AM,90eec047-676b-4d50-9684-e8707ca80941,2.0,,,,,,,,,,,,,,,,,,,,,,,,,,,,,,,,,,,"(-6.9, 0.5, 3.8)","(-6.6, 1.4, 3.9)","(-6.1, 0.5, 4.2)",
PLAYER_GAZE,170248,6/27/2026 10:15:34 AM,90eec047-676b-4d50-9684-e8707ca80941,2.0,,,,,,,,,,,,,,,,,,,,,,,,Lifting NPC,,,,,,,,,"(1.9, 1.4, 0.1)",,,"(-8.5, 0.0, 3.8)",
VOICE_CAPTURE,170303,6/27/2026 10:15:34 AM,90eec047-676b-4d50-9684-e8707ca80941,2.0,,,,,,,,,,,,,,,,,,,,,,,,,,,,,,,,,,,,,,,,,,,,,,,,,,,NA,"Hey, can you watch him?",
PLAYER_POSITIONS,170748,6/27/2026 10:15:34 AM,90eec047-676b-4d50-9684-e8707ca80941,2.0,,,,,,,,,,,,,,,,,,,,,,,,,,,,,,,,,,,"(-6.7, 0.4, 3.7)","(-6.6, 1.4, 3.9)","(-6.7, 0.6, 4.1)",
PLAYER_GAZE,170748,6/27/2026 10:15:34 AM,90eec047-676b-4d50-9684-e8707ca80941,2.0,,,,,,,,,,,,,,,,,,,,,,,,Military PT 2,,,,,,,,,"(6.1, 1.4, -0.1)",,,"(-12.6, 0.0, 4.0)",
PLAYER_POSITIONS,170748,6/27/2026 10:15:34 AM,90eec047-676b-4d50-9684-e8707ca80941,2.0,,,,,,,,,,,,,,,,,,,,,,,,,,,,,,,,,,,"(-6.7, 0.4, 3.7)","(-6.6, 1.4, 3.9)","(-6.7, 0.6, 4.1)",
PLAYER_GAZE,170748,6/27/2026 10:15:34 AM,90eec047-676b-4d50-9684-e8707ca80941,2.0,,,,,,,,,,,,,,,,,,,,,,,,Military PT 2,,,,,,,,,"(6.1, 1.4, -0.1)",,,"(-12.6, 0.0, 4.0)",
VOICE_CAPTURE,170748,6/27/2026 10:15:34 AM,90eec047-676b-4d50-9684-e8707ca80941,2.0,,,,,,,,,,,,,,,,,,,,,,,,,,,,,,,,,,,,,,,,,,,,,,,,,,,NA,"Hey, can you watch him? Hey, can you watch him?",
PLAYER_POSITIONS,171249,6/27/2026 10:15:35 AM,90eec047-676b-4d50-9684-e8707ca80941,2.0,,,,,,,,,,,,,,,,,,,,,,,,,,,,,,,,,,,"(-7.1, 0.5, 4.1)","(-6.9, 1.3, 4.3)","(-6.8, 0.4, 4.5)",
PLAYER_POSITIONS,171249,6/27/2026 10:15:35 AM,90eec047-676b-4d50-9684-e8707ca80941,2.0,,,,,,,,,,,,,,,,,,,,,,,,,,,,,,,,,,,"(-7.1, 0.5, 4.1)","(-6.9, 1.3, 4.3)","(-6.8, 0.4, 4.5)",
VOICE_CAPTURE,171292,6/27/2026 10:15:35 AM,90eec047-676b-4d50-9684-e8707ca80941,2.0,,,,,,,,,,,,,,,,,,,,,,,,,,,,,,,,,,,,,,,,,,,,,,,,,,,NA,"Hey, can you watch him? Hey, can you watch him?",
VOICE_CAPTURE,171292,6/27/2026 10:15:35 AM,90eec047-676b-4d50-9684-e8707ca80941,2.0,,,,,,,,,,,,,,,,,,,,,,,,,,,,,,,,,,,,,,,,,,,,,,,,,,,NA,"Hey, can you watch him? Hey, can you watch him?",
PLAYER_POSITIONS,171780,6/27/2026 10:15:35 AM,90eec047-676b-4d50-9684-e8707ca80941,2.0,,,,,,,,,,,,,,,,,,,,,,,,,,,,,,,,,,,"(-7.6, 0.5, 4.4)","(-7.6, 1.3, 4.5)","(-7.5, 0.5, 4.8)",
PLAYER_GAZE,171780,6/27/2026 10:15:35 AM,90eec047-676b-4d50-9684-e8707ca80941,2.0,,,,,,,,,,,,,,,,,,,,,,,,Military PT 6,,,,,,,,,"(1.5, 1.3, -0.1)",,,"(-9.1, 0.0, 4.6)",
PLAYER_POSITIONS,171780,6/27/2026 10:15:35 AM,90eec047-676b-4d50-9684-e8707ca80941,2.0,,,,,,,,,,,,,,,,,,,,,,,,,,,,,,,,,,,"(-7.6, 0.5, 4.4)","(-7.6, 1.3, 4.5)","(-7.5, 0.5, 4.8)",
PLAYER_GAZE,171780,6/27/2026 10:15:35 AM,90eec047-676b-4d50-9684-e8707ca80941,2.0,,,,,,,,,,,,,,,,,,,,,,,,Military PT 6,,,,,,,,,"(1.5, 1.3, -0.1)",,,"(-9.1, 0.0, 4.6)",
PLAYER_POSITIONS,172309,6/27/2026 10:15:36 AM,90eec047-676b-4d50-9684-e8707ca80941,2.0,,,,,,,,,,,,,,,,,,,,,,,,,,,,,,,,,,,"(-7.8, 0.4, 4.4)","(-7.8, 1.3, 4.6)","(-7.8, 0.5, 4.8)",
PLAYER_POSITIONS,172309,6/27/2026 10:15:36 AM,90eec047-676b-4d50-9684-e8707ca80941,2.0,,,,,,,,,,,,,,,,,,,,,,,,,,,,,,,,,,,"(-7.8, 0.4, 4.4)","(-7.8, 1.3, 4.6)","(-7.8, 0.5, 4.8)",
AUDIO_END,172381,6/27/2026 10:15:36 AM,90eec047-676b-4d50-9684-e8707ca80941,2.0,mortar hits 1,19.77469,
NARRATIVE_SECTION_END,172381,6/27/2026 10:15:36 AM,90eec047-676b-4d50-9684-e8707ca80941,2.0,,,,,,,,,,,,,,,,,,Mortar hits,18,
NARRATIVE_SECTION_START,172438,6/27/2026 10:15:36 AM,90eec047-676b-4d50-9684-e8707ca80941,2.0,,,,,,,,,,,,,,,,,,RPG get down,19,
VOICE_CAPTURE,172806,6/27/2026 10:15:36 AM,90eec047-676b-4d50-9684-e8707ca80941,2.0,,,,,,,,,,,,,,,,,,,,,,,,,,,,,,,,,,,,,,,,,,,,,,,,,,,NA,"Okay, all right.",
PLAYER_POSITIONS,172842,6/27/2026 10:15:36 AM,90eec047-676b-4d50-9684-e8707ca80941,2.0,,,,,,,,,,,,,,,,,,,,,,,,,,,,,,,,,,,"(-7.9, 0.5, 4.7)","(-7.8, 1.4, 4.8)","(-7.8, 0.7, 5.0)",
PLAYER_POSITIONS,172842,6/27/2026 10:15:36 AM,90eec047-676b-4d50-9684-e8707ca80941,2.0,,,,,,,,,,,,,,,,,,,,,,,,,,,,,,,,,,,"(-7.9, 0.5, 4.7)","(-7.8, 1.4, 4.8)","(-7.8, 0.7, 5.0)",
VOICE_CAPTURE,173239,6/27/2026 10:15:37 AM,90eec047-676b-4d50-9684-e8707ca80941,2.0,,,,,,,,,,,,,,,,,,,,,,,,,,,,,,,,,,,,,,,,,,,,,,,,,,,NA,"Okay, all right. Okay, alright.",
PLAYER_POSITIONS,173366,6/27/2026 10:15:37 AM,90eec047-676b-4d50-9684-e8707ca80941,2.0,,,,,,,,,,,,,,,,,,,,,,,,,,,,,,,,,,,"(-8.5, 0.6, 5.3)","(-8.5, 1.3, 5.3)","(-8.3, 0.9, 5.5)",
PLAYER_POSITIONS,173366,6/27/2026 10:15:37 AM,90eec047-676b-4d50-9684-e8707ca80941,2.0,,,,,,,,,,,,,,,,,,,,,,,,,,,,,,,,,,,"(-8.5, 0.6, 5.3)","(-8.5, 1.3, 5.3)","(-8.3, 0.9, 5.5)",
VOICE_CAPTURE,173774,6/27/2026 10:15:37 AM,90eec047-676b-4d50-9684-e8707ca80941,2.0,,,,,,,,,,,,,,,,,,,,,,,,,,,,,,,,,,,,,,,,,,,,,,,,,,,NA,"Okay, all right. Okay, all right.",
PLAYER_POSITIONS,173878,6/27/2026 10:15:37 AM,90eec047-676b-4d50-9684-e8707ca80941,2.0,,,,,,,,,,,,,,,,,,,,,,,,,,,,,,,,,,,"(-9.0, 0.8, 5.0)","(-9.1, 1.7, 4.9)","(-9.0, 1.0, 5.2)",
PLAYER_GAZE,173878,6/27/2026 10:15:37 AM,90eec047-676b-4d50-9684-e8707ca80941,2.0,,,,,,,,,,,,,,,,,,,,,,,,Military PT 6,,,,,,,,,"(0.0, 1.7, 0.3)",,,"(-9.1, 0.0, 4.6)",
PLAYER_POSITIONS,173878,6/27/2026 10:15:37 AM,90eec047-676b-4d50-9684-e8707ca80941,2.0,,,,,,,,,,,,,,,,,,,,,,,,,,,,,,,,,,,"(-9.0, 0.8, 5.0)","(-9.1, 1.7, 4.9)","(-9.0, 1.0, 5.2)",
PLAYER_GAZE,173878,6/27/2026 10:15:37 AM,90eec047-676b-4d50-9684-e8707ca80941,2.0,,,,,,,,,,,,,,,,,,,,,,,,Military PT 6,,,,,,,,,"(0.0, 1.7, 0.3)",,,"(-9.1, 0.0, 4.6)",
VOICE_CAPTURE,174334,6/27/2026 10:15:38 AM,90eec047-676b-4d50-9684-e8707ca80941,2.0,,,,,,,,,,,,,,,,,,,,,,,,,,,,,,,,,,,,,,,,,,,,,,,,,,,NA,"Okay, all right. Okay, all right. Oh, he's moved here to move the tire.",
PLAYER_POSITIONS,174419,6/27/2026 10:15:38 AM,90eec047-676b-4d50-9684-e8707ca80941,2.0,,,,,,,,,,,,,,,,,,,,,,,,,,,,,,,,,,,"(-9.0, 1.1, 4.6)","(-9.0, 1.8, 4.9)","(-9.2, 1.1, 5.0)",
PLAYER_GAZE,174419,6/27/2026 10:15:38 AM,90eec047-676b-4d50-9684-e8707ca80941,2.0,,,,,,,,,,,,,,,,,,,,,,,,Military PT 6,,,,,,,,,"(0.1, 1.8, 0.4)",,,"(-9.1, 0.0, 4.6)",
PLAYER_POSITIONS,174419,6/27/2026 10:15:38 AM,90eec047-676b-4d50-9684-e8707ca80941,2.0,,,,,,,,,,,,,,,,,,,,,,,,,,,,,,,,,,,"(-9.0, 1.1, 4.6)","(-9.0, 1.8, 4.9)","(-9.2, 1.1, 5.0)",
PLAYER_GAZE,174419,6/27/2026 10:15:38 AM,90eec047-676b-4d50-9684-e8707ca80941,2.0,,,,,,,,,,,,,,,,,,,,,,,,Military PT 6,,,,,,,,,"(0.1, 1.8, 0.4)",,,"(-9.1, 0.0, 4.6)",
VOICE_CAPTURE,174837,6/27/2026 10:15:38 AM,90eec047-676b-4d50-9684-e8707ca80941,2.0,,,,,,,,,,,,,,,,,,,,,,,,,,,,,,,,,,,,,,,,,,,,,,,,,,,NA,"Okay, all right. Okay, all right. Oh, he's moving here to move the tire, okay.",
PLAYER_POSITIONS,174935,6/27/2026 10:15:39 AM,90eec047-676b-4d50-9684-e8707ca80941,2.0,,,,,,,,,,,,,,,,,,,,,,,,,,,,,,,,,,,"(-9.0, 0.9, 5.2)","(-9.3, 1.8, 5.1)","(-9.3, 1.2, 5.0)",
PLAYER_GAZE,174935,6/27/2026 10:15:39 AM,90eec047-676b-4d50-9684-e8707ca80941,2.0,,,,,,,,,,,,,,,,,,,,,,,,Military PT 6,,,,,,,,,"(-0.2, 1.8, 0.5)",,,"(-9.1, 0.0, 4.6)",
PLAYER_POSITIONS,174935,6/27/2026 10:15:39 AM,90eec047-676b-4d50-9684-e8707ca80941,2.0,,,,,,,,,,,,,,,,,,,,,,,,,,,,,,,,,,,"(-9.0, 0.9, 5.2)","(-9.3, 1.8, 5.1)","(-9.3, 1.2, 5.0)",
PLAYER_GAZE,174935,6/27/2026 10:15:39 AM,90eec047-676b-4d50-9684-e8707ca80941,2.0,,,,,,,,,,,,,,,,,,,,,,,,Military PT 6,,,,,,,,,"(-0.2, 1.8, 0.5)",,,"(-9.1, 0.0, 4.6)",
VOICE_CAPTURE,175335,6/27/2026 10:15:39 AM,90eec047-676b-4d50-9684-e8707ca80941,2.0,,,,,,,,,,,,,,,,,,,,,,,,,,,,,,,,,,,,,,,,,,,,,,,,,,,NA,"Okay, all right. Okay, all right. Oh, he's moving here to move the tire, okay.",
VOICE_CAPTURE,175335,6/27/2026 10:15:39 AM,90eec047-676b-4d50-9684-e8707ca80941,2.0,,,,,,,,,,,,,,,,,,,,,,,,,,,,,,,,,,,,,,,,,,,,,,,,,,,NA,"Okay, all right. Okay, all right. Oh, he's moving here to move the tire, okay.",
PATIENT_DISENGAGED,175445,6/27/2026 10:15:39 AM,90eec047-676b-4d50-9684-e8707ca80941,2.0,,,,5.35,,,,,,,,,,,,,,,,normal,100,128,normal,Lifting NPC,calm,standing,"(-8.4, 0.0, 3.7)",normal,"(0.0, -0.7, 0.0, -0.7)",normal,MINIMAL,still,,,,,,,,,,,,,,,,,6.68,
PATIENT_ENGAGED,175445,6/27/2026 10:15:39 AM,90eec047-676b-4d50-9684-e8707ca80941,2.0,,,,0,,,,,,,,,,,,,,,,fast,100,Infinity,normal,Military PT 6,agony,supine,"(-9.1, 0.0, 4.6)",fast,"(0.0, -1.0, 0.0, 0.0)",normal,IMMEDIATE,still,,,,,,,,,,,,,,,,,0,
PLAYER_POSITIONS,175447,6/27/2026 10:15:39 AM,90eec047-676b-4d50-9684-e8707ca80941,2.0,,,,,,,,,,,,,,,,,,,,,,,,,,,,,,,,,,,"(-9.2, 1.0, 5.0)","(-9.4, 1.7, 5.0)","(-9.5, 1.1, 4.8)",
PLAYER_GAZE,175447,6/27/2026 10:15:39 AM,90eec047-676b-4d50-9684-e8707ca80941,2.0,,,,,,,,,,,,,,,,,,,,,,,,Military PT 6,,,,,,,,,"(-0.3, 1.7, 0.4)",,,"(-9.1, 0.0, 4.6)",
PLAYER_POSITIONS,175447,6/27/2026 10:15:39 AM,90eec047-676b-4d50-9684-e8707ca80941,2.0,,,,,,,,,,,,,,,,,,,,,,,,,,,,,,,,,,,"(-9.2, 1.0, 5.0)","(-9.4, 1.7, 5.0)","(-9.5, 1.1, 4.8)",
PLAYER_GAZE,175447,6/27/2026 10:15:39 AM,90eec047-676b-4d50-9684-e8707ca80941,2.0,,,,,,,,,,,,,,,,,,,,,,,,Military PT 6,,,,,,,,,"(-0.3, 1.7, 0.4)",,,"(-9.1, 0.0, 4.6)",
VOICE_CAPTURE,175729,6/27/2026 10:15:39 AM,90eec047-676b-4d50-9684-e8707ca80941,2.0,,,,,,,,,,,,,,,,,,,,,,,,,,,,,,,,,,,,,,,,,,,,,,,,,,,NA,the tear.,
PLAYER_POSITIONS,175953,6/27/2026 10:15:40 AM,90eec047-676b-4d50-9684-e8707ca80941,2.0,,,,,,,,,,,,,,,,,,,,,,,,,,,,,,,,,,,"(-9.5, 1.0, 4.9)","(-9.7, 1.7, 4.7)","(-9.9, 1.0, 4.6)",
PLAYER_GAZE,175953,6/27/2026 10:15:40 AM,90eec047-676b-4d50-9684-e8707ca80941,2.0,,,,,,,,,,,,,,,,,,,,,,,,Military PT 6,,,,,,,,,"(-0.6, 1.7, 0.1)",,,"(-9.1, 0.0, 4.6)",
PLAYER_POSITIONS,175953,6/27/2026 10:15:40 AM,90eec047-676b-4d50-9684-e8707ca80941,2.0,,,,,,,,,,,,,,,,,,,,,,,,,,,,,,,,,,,"(-9.5, 1.0, 4.9)","(-9.7, 1.7, 4.7)","(-9.9, 1.0, 4.6)",
PLAYER_GAZE,175953,6/27/2026 10:15:40 AM,90eec047-676b-4d50-9684-e8707ca80941,2.0,,,,,,,,,,,,,,,,,,,,,,,,Military PT 6,,,,,,,,,"(-0.6, 1.7, 0.1)",,,"(-9.1, 0.0, 4.6)",
VOICE_CAPTURE,176255,6/27/2026 10:15:40 AM,90eec047-676b-4d50-9684-e8707ca80941,2.0,,,,,,,,,,,,,,,,,,,,,,,,,,,,,,,,,,,,,,,,,,,,,,,,,,,NA,the tear. Okay.,
PLAYER_POSITIONS,176459,6/27/2026 10:15:40 AM,90eec047-676b-4d50-9684-e8707ca80941,2.0,,,,,,,,,,,,,,,,,,,,,,,,,,,,,,,,,,,"(-9.5, 1.0, 4.8)","(-9.6, 1.7, 4.7)","(-9.8, 1.2, 4.4)",
PLAYER_GAZE,176459,6/27/2026 10:15:40 AM,90eec047-676b-4d50-9684-e8707ca80941,2.0,,,,,,,,,,,,,,,,,,,,,,,,Military PT 6,,,,,,,,,"(-0.5, 1.7, 0.1)",,,"(-9.1, 0.0, 4.6)",
PLAYER_POSITIONS,176459,6/27/2026 10:15:40 AM,90eec047-676b-4d50-9684-e8707ca80941,2.0,,,,,,,,,,,,,,,,,,,,,,,,,,,,,,,,,,,"(-9.5, 1.0, 4.8)","(-9.6, 1.7, 4.7)","(-9.8, 1.2, 4.4)",
PLAYER_GAZE,176459,6/27/2026 10:15:40 AM,90eec047-676b-4d50-9684-e8707ca80941,2.0,,,,,,,,,,,,,,,,,,,,,,,,Military PT 6,,,,,,,,,"(-0.5, 1.7, 0.1)",,,"(-9.1, 0.0, 4.6)",
VOICE_CAPTURE,176760,6/27/2026 10:15:40 AM,90eec047-676b-4d50-9684-e8707ca80941,2.0,,,,,,,,,,,,,,,,,,,,,,,,,,,,,,,,,,,,,,,,,,,,,,,,,,,NA,the tear. Okay.,
VOICE_CAPTURE,176760,6/27/2026 10:15:40 AM,90eec047-676b-4d50-9684-e8707ca80941,2.0,,,,,,,,,,,,,,,,,,,,,,,,,,,,,,,,,,,,,,,,,,,,,,,,,,,NA,the tear. Okay.,
PLAYER_POSITIONS,176960,6/27/2026 10:15:41 AM,90eec047-676b-4d50-9684-e8707ca80941,2.0,,,,,,,,,,,,,,,,,,,,,,,,,,,,,,,,,,,"(-9.4, 0.8, 4.6)","(-9.3, 1.4, 4.5)","(-9.2, 0.9, 4.3)",
PLAYER_GAZE,176960,6/27/2026 10:15:41 AM,90eec047-676b-4d50-9684-e8707ca80941,2.0,,,,,,,,,,,,,,,,,,,,,,,,Military PT 6,,,,,,,,,"(-0.2, 1.4, -0.1)",,,"(-9.1, 0.0, 4.6)",
PLAYER_POSITIONS,176960,6/27/2026 10:15:41 AM,90eec047-676b-4d50-9684-e8707ca80941,2.0,,,,,,,,,,,,,,,,,,,,,,,,,,,,,,,,,,,"(-9.4, 0.8, 4.6)","(-9.3, 1.4, 4.5)","(-9.2, 0.9, 4.3)",
PLAYER_GAZE,176960,6/27/2026 10:15:41 AM,90eec047-676b-4d50-9684-e8707ca80941,2.0,,,,,,,,,,,,,,,,,,,,,,,,Military PT 6,,,,,,,,,"(-0.2, 1.4, -0.1)",,,"(-9.1, 0.0, 4.6)",
AUDIO_START,177441,6/27/2026 10:15:41 AM,90eec047-676b-4d50-9684-e8707ca80941,2.0,rpg get down,7.418776,
PLAYER_POSITIONS,177498,6/27/2026 10:15:41 AM,90eec047-676b-4d50-9684-e8707ca80941,2.0,,,,,,,,,,,,,,,,,,,,,,,,,,,,,,,,,,,"(-9.6, 0.4, 4.8)","(-9.6, 1.1, 4.6)","(-9.3, 0.8, 4.5)",
PLAYER_GAZE,177498,6/27/2026 10:15:41 AM,90eec047-676b-4d50-9684-e8707ca80941,2.0,,,,,,,,,,,,,,,,,,,,,,,,Military PT 6,,,,,,,,,"(-0.5, 1.1, 0.1)",,,"(-9.1, 0.0, 4.6)",
PLAYER_POSITIONS,177498,6/27/2026 10:15:41 AM,90eec047-676b-4d50-9684-e8707ca80941,2.0,,,,,,,,,,,,,,,,,,,,,,,,,,,,,,,,,,,"(-9.6, 0.4, 4.8)","(-9.6, 1.1, 4.6)","(-9.3, 0.8, 4.5)",
PLAYER_GAZE,177498,6/27/2026 10:15:41 AM,90eec047-676b-4d50-9684-e8707ca80941,2.0,,,,,,,,,,,,,,,,,,,,,,,,Military PT 6,,,,,,,,,"(-0.5, 1.1, 0.1)",,,"(-9.1, 0.0, 4.6)",
PLAYER_POSITIONS,178000,6/27/2026 10:15:42 AM,90eec047-676b-4d50-9684-e8707ca80941,2.0,,,,,,,,,,,,,,,,,,,,,,,,,,,,,,,,,,,"(-9.7, 0.5, 4.9)","(-9.6, 1.2, 4.6)","(-9.3, 0.8, 4.5)",
PLAYER_GAZE,178000,6/27/2026 10:15:42 AM,90eec047-676b-4d50-9684-e8707ca80941,2.0,,,,,,,,,,,,,,,,,,,,,,,,Military PT 6,,,,,,,,,"(-0.5, 1.2, 0.0)",,,"(-9.1, 0.0, 4.6)",
PLAYER_POSITIONS,178000,6/27/2026 10:15:42 AM,90eec047-676b-4d50-9684-e8707ca80941,2.0,,,,,,,,,,,,,,,,,,,,,,,,,,,,,,,,,,,"(-9.7, 0.5, 4.9)","(-9.6, 1.2, 4.6)","(-9.3, 0.8, 4.5)",
PLAYER_GAZE,178000,6/27/2026 10:15:42 AM,90eec047-676b-4d50-9684-e8707ca80941,2.0,,,,,,,,,,,,,,,,,,,,,,,,Military PT 6,,,,,,,,,"(-0.5, 1.2, 0.0)",,,"(-9.1, 0.0, 4.6)",
PLAYER_POSITIONS,178510,6/27/2026 10:15:42 AM,90eec047-676b-4d50-9684-e8707ca80941,2.0,,,,,,,,,,,,,,,,,,,,,,,,,,,,,,,,,,,"(-9.7, 0.5, 4.8)","(-9.4, 1.1, 4.3)","(-9.3, 0.3, 4.0)",
PLAYER_POSITIONS,178510,6/27/2026 10:15:42 AM,90eec047-676b-4d50-9684-e8707ca80941,2.0,,,,,,,,,,,,,,,,,,,,,,,,,,,,,,,,,,,"(-9.7, 0.5, 4.8)","(-9.4, 1.1, 4.3)","(-9.3, 0.3, 4.0)",
VOICE_CAPTURE,178742,6/27/2026 10:15:42 AM,90eec047-676b-4d50-9684-e8707ca80941,2.0,,,,,,,,,,,,,,,,,,,,,,,,,,,,,,,,,,,,,,,,,,,,,,,,,,,NA,you.,
PLAYER_POSITIONS,179033,6/27/2026 10:15:43 AM,90eec047-676b-4d50-9684-e8707ca80941,2.0,,,,,,,,,,,,,,,,,,,,,,,,,,,,,,,,,,,"(-9.6, 0.5, 4.7)","(-9.4, 1.0, 4.4)","(-9.1, 0.3, 4.3)",
PLAYER_POSITIONS,179033,6/27/2026 10:15:43 AM,90eec047-676b-4d50-9684-e8707ca80941,2.0,,,,,,,,,,,,,,,,,,,,,,,,,,,,,,,,,,,"(-9.6, 0.5, 4.7)","(-9.4, 1.0, 4.4)","(-9.1, 0.3, 4.3)",
TOOL_HOVER,179075,6/27/2026 10:15:43 AM,90eec047-676b-4d50-9684-e8707ca80941,2.0,,,,,,,,,,,,,,,,,,,,,,,,,,,,,,,,,,,,,,,,,,,,,,999,,Tourniquet,
TOOL_SELECTED,179165,6/27/2026 10:15:43 AM,90eec047-676b-4d50-9684-e8707ca80941,2.0,,,,,,,,,,,,,,,,,,,,,,,,,,,,,,,,,,,,,,,,,,,,,,998,,Tourniquet,
VOICE_CAPTURE,179282,6/27/2026 10:15:43 AM,90eec047-676b-4d50-9684-e8707ca80941,2.0,,,,,,,,,,,,,,,,,,,,,,,,,,,,,,,,,,,,,,,,,,,,,,,,,,,NA,you for letting me know.,
PLAYER_POSITIONS,179546,6/27/2026 10:15:43 AM,90eec047-676b-4d50-9684-e8707ca80941,2.0,,,,,,,,,,,,,,,,,,,,,,,,,,,,,,,,,,,"(-9.6, 0.4, 4.7)","(-9.3, 1.0, 4.6)","(-9.3, 0.4, 4.6)",
PLAYER_GAZE,179546,6/27/2026 10:15:43 AM,90eec047-676b-4d50-9684-e8707ca80941,2.0,,,,,,,,,,,,,,,,,,,,,,,,Military PT 6,,,,,,,,,"(-0.2, 1.0, 0.0)",,,"(-9.1, 0.0, 4.6)",
PLAYER_POSITIONS,179546,6/27/2026 10:15:43 AM,90eec047-676b-4d50-9684-e8707ca80941,2.0,,,,,,,,,,,,,,,,,,,,,,,,,,,,,,,,,,,"(-9.6, 0.4, 4.7)","(-9.3, 1.0, 4.6)","(-9.3, 0.4, 4.6)",
PLAYER_GAZE,179546,6/27/2026 10:15:43 AM,90eec047-676b-4d50-9684-e8707ca80941,2.0,,,,,,,,,,,,,,,,,,,,,,,,Military PT 6,,,,,,,,,"(-0.2, 1.0, 0.0)",,,"(-9.1, 0.0, 4.6)",
VOICE_CAPTURE,179722,6/27/2026 10:15:43 AM,90eec047-676b-4d50-9684-e8707ca80941,2.0,,,,,,,,,,,,,,,,,,,,,,,,,,,,,,,,,,,,,,,,,,,,,,,,,,,NA,you for letting me know.,
VOICE_CAPTURE,179722,6/27/2026 10:15:43 AM,90eec047-676b-4d50-9684-e8707ca80941,2.0,,,,,,,,,,,,,,,,,,,,,,,,,,,,,,,,,,,,,,,,,,,,,,,,,,,NA,you for letting me know.,
PLAYER_POSITIONS,180055,6/27/2026 10:15:44 AM,90eec047-676b-4d50-9684-e8707ca80941,2.0,,,,,,,,,,,,,,,,,,,,,,,,,,,,,,,,,,,"(-9.8, 0.4, 4.8)","(-9.3, 0.9, 4.7)","(-9.2, 0.2, 4.8)",
PLAYER_POSITIONS,180055,6/27/2026 10:15:44 AM,90eec047-676b-4d50-9684-e8707ca80941,2.0,,,,,,,,,,,,,,,,,,,,,,,,,,,,,,,,,,,"(-9.8, 0.4, 4.8)","(-9.3, 0.9, 4.7)","(-9.2, 0.2, 4.8)",
INJURY_TREATED,180335,6/27/2026 10:15:44 AM,90eec047-676b-4d50-9684-e8707ca80941,2.0,,,,,,,,,leftLeg,L Thigh Amputation,"(-9.1, 0.1, 4.6)",tourniquet,1,1,high,True,True,,,,,,,Military PT 6,
TOOL_APPLIED,180335,6/27/2026 10:15:44 AM,90eec047-676b-4d50-9684-e8707ca80941,2.0,,,,,,,,,,,,,,,,,,,,,,,,Military PT 6,,,,,,,,,,,,,,,,,,,,AppliedTourniquet,LeftUpLeg (UnityEngine.GameObject),,Tourniquet(Clone) (UnityEngine.GameObject),Tourniquet,
PLAYER_POSITIONS,180575,6/27/2026 10:15:44 AM,90eec047-676b-4d50-9684-e8707ca80941,2.0,,,,,,,,,,,,,,,,,,,,,,,,,,,,,,,,,,,"(-9.7, 0.4, 4.8)","(-9.3, 1.0, 4.7)","(-9.2, 0.1, 4.7)",
PLAYER_POSITIONS,180575,6/27/2026 10:15:44 AM,90eec047-676b-4d50-9684-e8707ca80941,2.0,,,,,,,,,,,,,,,,,,,,,,,,,,,,,,,,,,,"(-9.7, 0.4, 4.8)","(-9.3, 1.0, 4.7)","(-9.2, 0.1, 4.7)",
VOICE_CAPTURE,180740,6/27/2026 10:15:44 AM,90eec047-676b-4d50-9684-e8707ca80941,2.0,,,,,,,,,,,,,,,,,,,,,,,,,,,,,,,,,,,,,,,,,,,,,,,,,,,NA,for letting me know.,
BAG_CLOSED,180784,6/27/2026 10:15:44 AM,90eec047-676b-4d50-9684-e8707ca80941,2.0,,,,,,,,,,,,,,,,,,,,,,,,,,,,,,,,,,,,"(0.0, 0.0, 0.0)",
PLAYER_POSITIONS,181097,6/27/2026 10:15:45 AM,90eec047-676b-4d50-9684-e8707ca80941,2.0,,,,,,,,,,,,,,,,,,,,,,,,,,,,,,,,,,,"(-9.7, 0.5, 4.8)","(-9.5, 1.1, 4.7)","(-9.5, 0.3, 4.6)",
PLAYER_POSITIONS,181097,6/27/2026 10:15:45 AM,90eec047-676b-4d50-9684-e8707ca80941,2.0,,,,,,,,,,,,,,,,,,,,,,,,,,,,,,,,,,,"(-9.7, 0.5, 4.8)","(-9.5, 1.1, 4.7)","(-9.5, 0.3, 4.6)",
VOICE_CAPTURE,181232,6/27/2026 10:15:45 AM,90eec047-676b-4d50-9684-e8707ca80941,2.0,,,,,,,,,,,,,,,,,,,,,,,,,,,,,,,,,,,,,,,,,,,,,,,,,,,NA,for letting me know.,
PLAYER_POSITIONS,181609,6/27/2026 10:15:45 AM,90eec047-676b-4d50-9684-e8707ca80941,2.0,,,,,,,,,,,,,,,,,,,,,,,,,,,,,,,,,,,"(-10.3, 0.4, 5.2)","(-10.0, 1.1, 5.0)","(-9.9, 0.4, 5.0)",
PLAYER_POSITIONS,181609,6/27/2026 10:15:45 AM,90eec047-676b-4d50-9684-e8707ca80941,2.0,,,,,,,,,,,,,,,,,,,,,,,,,,,,,,,,,,,"(-10.3, 0.4, 5.2)","(-10.0, 1.1, 5.0)","(-9.9, 0.4, 5.0)",
PLAYER_POSITIONS,182112,6/27/2026 10:15:46 AM,90eec047-676b-4d50-9684-e8707ca80941,2.0,,,,,,,,,,,,,,,,,,,,,,,,,,,,,,,,,,,"(-9.9, 0.4, 5.5)","(-10.0, 1.2, 5.2)","(-9.8, 0.5, 4.9)",
PLAYER_GAZE,182112,6/27/2026 10:15:46 AM,90eec047-676b-4d50-9684-e8707ca80941,2.0,,,,,,,,,,,,,,,,,,,,,,,,Military PT 6,,,,,,,,,"(-0.9, 1.2, 0.6)",,,"(-9.1, 0.0, 4.6)",
PLAYER_POSITIONS,182112,6/27/2026 10:15:46 AM,90eec047-676b-4d50-9684-e8707ca80941,2.0,,,,,,,,,,,,,,,,,,,,,,,,,,,,,,,,,,,"(-9.9, 0.4, 5.5)","(-10.0, 1.2, 5.2)","(-9.8, 0.5, 4.9)",
PLAYER_GAZE,182112,6/27/2026 10:15:46 AM,90eec047-676b-4d50-9684-e8707ca80941,2.0,,,,,,,,,,,,,,,,,,,,,,,,Military PT 6,,,,,,,,,"(-0.9, 1.2, 0.6)",,,"(-9.1, 0.0, 4.6)",
PLAYER_POSITIONS,182626,6/27/2026 10:15:46 AM,90eec047-676b-4d50-9684-e8707ca80941,2.0,,,,,,,,,,,,,,,,,,,,,,,,,,,,,,,,,,,"(-9.5, 0.5, 5.3)","(-9.7, 1.2, 5.1)","(-9.6, 0.4, 5.0)",
PLAYER_GAZE,182626,6/27/2026 10:15:46 AM,90eec047-676b-4d50-9684-e8707ca80941,2.0,,,,,,,,,,,,,,,,,,,,,,,,Military PT 6,,,,,,,,,"(-0.6, 1.2, 0.6)",,,"(-9.1, 0.0, 4.6)",
PLAYER_POSITIONS,182626,6/27/2026 10:15:46 AM,90eec047-676b-4d50-9684-e8707ca80941,2.0,,,,,,,,,,,,,,,,,,,,,,,,,,,,,,,,,,,"(-9.5, 0.5, 5.3)","(-9.7, 1.2, 5.1)","(-9.6, 0.4, 5.0)",
PLAYER_GAZE,182626,6/27/2026 10:15:46 AM,90eec047-676b-4d50-9684-e8707ca80941,2.0,,,,,,,,,,,,,,,,,,,,,,,,Military PT 6,,,,,,,,,"(-0.6, 1.2, 0.6)",,,"(-9.1, 0.0, 4.6)",
PLAYER_POSITIONS,183139,6/27/2026 10:15:47 AM,90eec047-676b-4d50-9684-e8707ca80941,2.0,,,,,,,,,,,,,,,,,,,,,,,,,,,,,,,,,,,"(-9.4, 0.6, 5.3)","(-9.5, 1.2, 5.0)","(-9.6, 0.4, 4.9)",
PLAYER_POSITIONS,183139,6/27/2026 10:15:47 AM,90eec047-676b-4d50-9684-e8707ca80941,2.0,,,,,,,,,,,,,,,,,,,,,,,,,,,,,,,,,,,"(-9.4, 0.6, 5.3)","(-9.5, 1.2, 5.0)","(-9.6, 0.4, 4.9)",
VOICE_CAPTURE,183329,6/27/2026 10:15:47 AM,90eec047-676b-4d50-9684-e8707ca80941,2.0,,,,,,,,,,,,,,,,,,,,,,,,,,,,,,,,,,,,,,,,,,,,,,,,,,,NA,Lift the tire and...,
PLAYER_POSITIONS,183658,6/27/2026 10:15:47 AM,90eec047-676b-4d50-9684-e8707ca80941,2.0,,,,,,,,,,,,,,,,,,,,,,,,,,,,,,,,,,,"(-9.4, 0.5, 5.2)","(-9.5, 1.1, 5.2)","(-9.7, 0.5, 5.0)",
PLAYER_POSITIONS,183658,6/27/2026 10:15:47 AM,90eec047-676b-4d50-9684-e8707ca80941,2.0,,,,,,,,,,,,,,,,,,,,,,,,,,,,,,,,,,,"(-9.4, 0.5, 5.2)","(-9.5, 1.1, 5.2)","(-9.7, 0.5, 5.0)",
VOICE_CAPTURE,183750,6/27/2026 10:15:47 AM,90eec047-676b-4d50-9684-e8707ca80941,2.0,,,,,,,,,,,,,,,,,,,,,,,,,,,,,,,,,,,,,,,,,,,,,,,,,,,NA,Lift the tire now.,
PLAYER_POSITIONS,184184,6/27/2026 10:15:48 AM,90eec047-676b-4d50-9684-e8707ca80941,2.0,,,,,,,,,,,,,,,,,,,,,,,,,,,,,,,,,,,"(-9.4, 0.3, 5.2)","(-9.6, 0.9, 5.1)","(-9.6, 0.2, 5.0)",
PLAYER_POSITIONS,184184,6/27/2026 10:15:48 AM,90eec047-676b-4d50-9684-e8707ca80941,2.0,,,,,,,,,,,,,,,,,,,,,,,,,,,,,,,,,,,"(-9.4, 0.3, 5.2)","(-9.6, 0.9, 5.1)","(-9.6, 0.2, 5.0)",
VOICE_CAPTURE,184218,6/27/2026 10:15:48 AM,90eec047-676b-4d50-9684-e8707ca80941,2.0,,,,,,,,,,,,,,,,,,,,,,,,,,,,,,,,,,,,,,,,,,,,,,,,,,,NA,Lift the tire now.,
VOICE_CAPTURE,184218,6/27/2026 10:15:48 AM,90eec047-676b-4d50-9684-e8707ca80941,2.0,,,,,,,,,,,,,,,,,,,,,,,,,,,,,,,,,,,,,,,,,,,,,,,,,,,NA,Lift the tire now.,
VOICE_COMMAND,184218,6/27/2026 10:15:48 AM,90eec047-676b-4d50-9684-e8707ca80941,2.0,,,,,,,,,,,,,,,,,,,,,,,,,,,,,,,,,,,,,,,,,,,,,,,,,,,Lift the tire now.,lift,
BUTTON_CLICKED,184576,6/27/2026 10:15:48 AM,90eec047-676b-4d50-9684-e8707ca80941,2.0,,,lift,
VOICE_CAPTURE,184576,6/27/2026 10:15:48 AM,90eec047-676b-4d50-9684-e8707ca80941,2.0,,,,,,,,,,,,,,,,,,,,,,,,,,,,,,,,,,,,,,,,,,,,,,,,,,,NA,lift,
VOICE_COMMAND,184576,6/27/2026 10:15:48 AM,90eec047-676b-4d50-9684-e8707ca80941,2.0,,,,,,,,,,,,,,,,,,,,,,,,Lifting NPC,,,,,,,,,,,,,,,,,,,,,,,,,,,lift,lift,
DRAG_STOP,184582,6/27/2026 10:15:48 AM,90eec047-676b-4d50-9684-e8707ca80941,2.0,,,,,"(-6.4, 0.0, -0.3)","(-4.3, 0.0, 3.9)",,,,,,,,,,,,,,,,,,Military PT 6,
DRAG_STOP,184601,6/27/2026 10:15:48 AM,90eec047-676b-4d50-9684-e8707ca80941,2.0,,,,,"(-6.4, 0.0, -0.3)","(-4.3, 0.0, 3.9)",,,,,,,,,,,,,,,,,,Military PT 6,
PLAYER_POSITIONS,184712,6/27/2026 10:15:48 AM,90eec047-676b-4d50-9684-e8707ca80941,2.0,,,,,,,,,,,,,,,,,,,,,,,,,,,,,,,,,,,"(-9.4, 0.3, 5.2)","(-9.5, 1.2, 5.3)","(-9.7, 0.3, 5.0)",
PLAYER_GAZE,184712,6/27/2026 10:15:48 AM,90eec047-676b-4d50-9684-e8707ca80941,2.0,,,,,,,,,,,,,,,,,,,,,,,,Military PT 6,,,,,,,,,"(-0.4, 1.2, 0.7)",,,"(-9.1, 0.0, 4.6)",
PLAYER_POSITIONS,184712,6/27/2026 10:15:48 AM,90eec047-676b-4d50-9684-e8707ca80941,2.0,,,,,,,,,,,,,,,,,,,,,,,,,,,,,,,,,,,"(-9.4, 0.3, 5.2)","(-9.5, 1.2, 5.3)","(-9.7, 0.3, 5.0)",
PLAYER_GAZE,184712,6/27/2026 10:15:48 AM,90eec047-676b-4d50-9684-e8707ca80941,2.0,,,,,,,,,,,,,,,,,,,,,,,,Military PT 6,,,,,,,,,"(-0.4, 1.2, 0.7)",,,"(-9.1, 0.0, 4.6)",
AUDIO_END,184855,6/27/2026 10:15:48 AM,90eec047-676b-4d50-9684-e8707ca80941,2.0,rpg get down,7.418776,
NARRATIVE_SECTION_END,184855,6/27/2026 10:15:48 AM,90eec047-676b-4d50-9684-e8707ca80941,2.0,,,,,,,,,,,,,,,,,,RPG get down,19,
NARRATIVE_SECTION_START,184875,6/27/2026 10:15:48 AM,90eec047-676b-4d50-9684-e8707ca80941,2.0,,,,,,,,,,,,,,,,,,Bravo taking fire on grid 3-1,20,
DRAG_STOP,185180,6/27/2026 10:15:49 AM,90eec047-676b-4d50-9684-e8707ca80941,2.0,,,,,"(-6.4, 0.0, -0.3)","(-4.3, 0.0, 3.9)",,,,,,,,,,,,,,,,,,Military PT 6,
PLAYER_POSITIONS,185243,6/27/2026 10:15:49 AM,90eec047-676b-4d50-9684-e8707ca80941,2.0,,,,,,,,,,,,,,,,,,,,,,,,,,,,,,,,,,,"(-9.4, 0.3, 5.2)","(-9.6, 1.2, 5.3)","(-9.7, 0.3, 5.0)",
PLAYER_GAZE,185243,6/27/2026 10:15:49 AM,90eec047-676b-4d50-9684-e8707ca80941,2.0,,,,,,,,,,,,,,,,,,,,,,,,Military PT 6,,,,,,,,,"(-0.5, 1.2, 0.7)",,,"(-9.1, 0.0, 4.6)",
PLAYER_POSITIONS,185243,6/27/2026 10:15:49 AM,90eec047-676b-4d50-9684-e8707ca80941,2.0,,,,,,,,,,,,,,,,,,,,,,,,,,,,,,,,,,,"(-9.4, 0.3, 5.2)","(-9.6, 1.2, 5.3)","(-9.7, 0.3, 5.0)",
PLAYER_GAZE,185243,6/27/2026 10:15:49 AM,90eec047-676b-4d50-9684-e8707ca80941,2.0,,,,,,,,,,,,,,,,,,,,,,,,Military PT 6,,,,,,,,,"(-0.5, 1.2, 0.7)",,,"(-9.1, 0.0, 4.6)",
PLAYER_POSITIONS,185759,6/27/2026 10:15:49 AM,90eec047-676b-4d50-9684-e8707ca80941,2.0,,,,,,,,,,,,,,,,,,,,,,,,,,,,,,,,,,,"(-9.4, 0.3, 5.2)","(-9.7, 1.2, 5.3)","(-9.7, 0.3, 5.0)",
PLAYER_GAZE,185760,6/27/2026 10:15:49 AM,90eec047-676b-4d50-9684-e8707ca80941,2.0,,,,,,,,,,,,,,,,,,,,,,,,Military PT 6,,,,,,,,,"(-0.6, 1.2, 0.7)",,,"(-9.1, 0.0, 4.6)",
PLAYER_POSITIONS,185759,6/27/2026 10:15:49 AM,90eec047-676b-4d50-9684-e8707ca80941,2.0,,,,,,,,,,,,,,,,,,,,,,,,,,,,,,,,,,,"(-9.4, 0.3, 5.2)","(-9.7, 1.2, 5.3)","(-9.7, 0.3, 5.0)",
PLAYER_GAZE,185760,6/27/2026 10:15:49 AM,90eec047-676b-4d50-9684-e8707ca80941,2.0,,,,,,,,,,,,,,,,,,,,,,,,Military PT 6,,,,,,,,,"(-0.6, 1.2, 0.7)",,,"(-9.1, 0.0, 4.6)",
PLAYER_POSITIONS,186269,6/27/2026 10:15:50 AM,90eec047-676b-4d50-9684-e8707ca80941,2.0,,,,,,,,,,,,,,,,,,,,,,,,,,,,,,,,,,,"(-9.4, 0.3, 5.2)","(-9.6, 1.2, 5.2)","(-9.7, 0.3, 5.0)",
PLAYER_GAZE,186269,6/27/2026 10:15:50 AM,90eec047-676b-4d50-9684-e8707ca80941,2.0,,,,,,,,,,,,,,,,,,,,,,,,Military PT 6,,,,,,,,,"(-0.5, 1.2, 0.6)",,,"(-9.1, 0.0, 4.6)",
PLAYER_POSITIONS,186269,6/27/2026 10:15:50 AM,90eec047-676b-4d50-9684-e8707ca80941,2.0,,,,,,,,,,,,,,,,,,,,,,,,,,,,,,,,,,,"(-9.4, 0.3, 5.2)","(-9.6, 1.2, 5.2)","(-9.7, 0.3, 5.0)",
PLAYER_GAZE,186269,6/27/2026 10:15:50 AM,90eec047-676b-4d50-9684-e8707ca80941,2.0,,,,,,,,,,,,,,,,,,,,,,,,Military PT 6,,,,,,,,,"(-0.5, 1.2, 0.6)",,,"(-9.1, 0.0, 4.6)",
PLAYER_POSITIONS,186774,6/27/2026 10:15:50 AM,90eec047-676b-4d50-9684-e8707ca80941,2.0,,,,,,,,,,,,,,,,,,,,,,,,,,,,,,,,,,,"(-9.4, 0.3, 5.2)","(-9.6, 1.2, 5.1)","(-9.7, 0.3, 5.0)",
PLAYER_GAZE,186774,6/27/2026 10:15:50 AM,90eec047-676b-4d50-9684-e8707ca80941,2.0,,,,,,,,,,,,,,,,,,,,,,,,Military PT 6,,,,,,,,,"(-0.5, 1.2, 0.6)",,,"(-9.1, 0.0, 4.6)",
PLAYER_POSITIONS,186774,6/27/2026 10:15:50 AM,90eec047-676b-4d50-9684-e8707ca80941,2.0,,,,,,,,,,,,,,,,,,,,,,,,,,,,,,,,,,,"(-9.4, 0.3, 5.2)","(-9.6, 1.2, 5.1)","(-9.7, 0.3, 5.0)",
PLAYER_GAZE,186774,6/27/2026 10:15:50 AM,90eec047-676b-4d50-9684-e8707ca80941,2.0,,,,,,,,,,,,,,,,,,,,,,,,Military PT 6,,,,,,,,,"(-0.5, 1.2, 0.6)",,,"(-9.1, 0.0, 4.6)",
PLAYER_POSITIONS,187292,6/27/2026 10:15:51 AM,90eec047-676b-4d50-9684-e8707ca80941,2.0,,,,,,,,,,,,,,,,,,,,,,,,,,,,,,,,,,,"(-9.5, 0.3, 5.2)","(-9.6, 1.1, 5.1)","(-9.7, 0.3, 5.1)",
PLAYER_GAZE,187292,6/27/2026 10:15:51 AM,90eec047-676b-4d50-9684-e8707ca80941,2.0,,,,,,,,,,,,,,,,,,,,,,,,Military PT 6,,,,,,,,,"(-0.5, 1.1, 0.6)",,,"(-9.1, 0.0, 4.6)",
PLAYER_POSITIONS,187292,6/27/2026 10:15:51 AM,90eec047-676b-4d50-9684-e8707ca80941,2.0,,,,,,,,,,,,,,,,,,,,,,,,,,,,,,,,,,,"(-9.5, 0.3, 5.2)","(-9.6, 1.1, 5.1)","(-9.7, 0.3, 5.1)",
PLAYER_GAZE,187292,6/27/2026 10:15:51 AM,90eec047-676b-4d50-9684-e8707ca80941,2.0,,,,,,,,,,,,,,,,,,,,,,,,Military PT 6,,,,,,,,,"(-0.5, 1.1, 0.6)",,,"(-9.1, 0.0, 4.6)",
PLAYER_POSITIONS,187811,6/27/2026 10:15:51 AM,90eec047-676b-4d50-9684-e8707ca80941,2.0,,,,,,,,,,,,,,,,,,,,,,,,,,,,,,,,,,,"(-9.4, 0.3, 5.1)","(-9.6, 1.0, 5.2)","(-9.6, 0.3, 5.0)",
PLAYER_GAZE,187811,6/27/2026 10:15:51 AM,90eec047-676b-4d50-9684-e8707ca80941,2.0,,,,,,,,,,,,,,,,,,,,,,,,Military PT 6,,,,,,,,,"(-0.5, 1.0, 0.6)",,,"(-9.1, 0.0, 4.6)",
PLAYER_POSITIONS,187811,6/27/2026 10:15:51 AM,90eec047-676b-4d50-9684-e8707ca80941,2.0,,,,,,,,,,,,,,,,,,,,,,,,,,,,,,,,,,,"(-9.4, 0.3, 5.1)","(-9.6, 1.0, 5.2)","(-9.6, 0.3, 5.0)",
PLAYER_GAZE,187811,6/27/2026 10:15:51 AM,90eec047-676b-4d50-9684-e8707ca80941,2.0,,,,,,,,,,,,,,,,,,,,,,,,Military PT 6,,,,,,,,,"(-0.5, 1.0, 0.6)",,,"(-9.1, 0.0, 4.6)",
DRAG_START,188034,6/27/2026 10:15:52 AM,90eec047-676b-4d50-9684-e8707ca80941,2.0,,,,,"(-9.1, 0.0, 4.6)",,,,,,,,,,,,,,,,,,,Military PT 6,
DRAG_START,188056,6/27/2026 10:15:52 AM,90eec047-676b-4d50-9684-e8707ca80941,2.0,,,,,"(-9.1, 0.0, 4.6)",,,,,,,,,,,,,,,,,,,Military PT 6,
PLAYER_POSITIONS,188313,6/27/2026 10:15:52 AM,90eec047-676b-4d50-9684-e8707ca80941,2.0,,,,,,,,,,,,,,,,,,,,,,,,,,,,,,,,,,,"(-9.5, 0.2, 5.2)","(-9.6, 1.0, 5.1)","(-9.7, 0.2, 5.0)",
PLAYER_GAZE,188313,6/27/2026 10:15:52 AM,90eec047-676b-4d50-9684-e8707ca80941,2.0,,,,,,,,,,,,,,,,,,,,,,,,Military PT 6,,,,,,,,,"(-0.5, 1.0, 0.6)",,,"(-9.1, 0.0, 4.6)",
PLAYER_POSITIONS,188313,6/27/2026 10:15:52 AM,90eec047-676b-4d50-9684-e8707ca80941,2.0,,,,,,,,,,,,,,,,,,,,,,,,,,,,,,,,,,,"(-9.5, 0.2, 5.2)","(-9.6, 1.0, 5.1)","(-9.7, 0.2, 5.0)",
PLAYER_GAZE,188313,6/27/2026 10:15:52 AM,90eec047-676b-4d50-9684-e8707ca80941,2.0,,,,,,,,,,,,,,,,,,,,,,,,Military PT 6,,,,,,,,,"(-0.5, 1.0, 0.6)",,,"(-9.1, 0.0, 4.6)",
PLAYER_POSITIONS,188827,6/27/2026 10:15:52 AM,90eec047-676b-4d50-9684-e8707ca80941,2.0,,,,,,,,,,,,,,,,,,,,,,,,,,,,,,,,,,,"(-9.5, 0.2, 5.1)","(-9.6, 1.0, 5.1)","(-9.7, 0.2, 5.0)",
PLAYER_GAZE,188827,6/27/2026 10:15:52 AM,90eec047-676b-4d50-9684-e8707ca80941,2.0,,,,,,,,,,,,,,,,,,,,,,,,Military PT 6,,,,,,,,,"(-0.5, 1.0, 0.5)",,,"(-9.1, 0.0, 4.6)",
PLAYER_POSITIONS,188827,6/27/2026 10:15:52 AM,90eec047-676b-4d50-9684-e8707ca80941,2.0,,,,,,,,,,,,,,,,,,,,,,,,,,,,,,,,,,,"(-9.5, 0.2, 5.1)","(-9.6, 1.0, 5.1)","(-9.7, 0.2, 5.0)",
PLAYER_GAZE,188827,6/27/2026 10:15:52 AM,90eec047-676b-4d50-9684-e8707ca80941,2.0,,,,,,,,,,,,,,,,,,,,,,,,Military PT 6,,,,,,,,,"(-0.5, 1.0, 0.5)",,,"(-9.1, 0.0, 4.6)",
PLAYER_POSITIONS,189348,6/27/2026 10:15:53 AM,90eec047-676b-4d50-9684-e8707ca80941,2.0,,,,,,,,,,,,,,,,,,,,,,,,,,,,,,,,,,,"(-9.5, 0.2, 5.1)","(-9.6, 1.0, 5.1)","(-9.6, 0.2, 5.0)",
PLAYER_GAZE,189348,6/27/2026 10:15:53 AM,90eec047-676b-4d50-9684-e8707ca80941,2.0,,,,,,,,,,,,,,,,,,,,,,,,Lifting NPC,,,,,,,,,"(-1.1, 1.0, 1.3)",,,"(-8.5, 0.0, 3.8)",
PLAYER_POSITIONS,189348,6/27/2026 10:15:53 AM,90eec047-676b-4d50-9684-e8707ca80941,2.0,,,,,,,,,,,,,,,,,,,,,,,,,,,,,,,,,,,"(-9.5, 0.2, 5.1)","(-9.6, 1.0, 5.1)","(-9.6, 0.2, 5.0)",
PLAYER_GAZE,189348,6/27/2026 10:15:53 AM,90eec047-676b-4d50-9684-e8707ca80941,2.0,,,,,,,,,,,,,,,,,,,,,,,,Lifting NPC,,,,,,,,,"(-1.1, 1.0, 1.3)",,,"(-8.5, 0.0, 3.8)",
AUDIO_START,189863,6/27/2026 10:15:53 AM,90eec047-676b-4d50-9684-e8707ca80941,2.0,bravo taking fire on 3 1,3.709388,
PLAYER_POSITIONS,189863,6/27/2026 10:15:53 AM,90eec047-676b-4d50-9684-e8707ca80941,2.0,,,,,,,,,,,,,,,,,,,,,,,,,,,,,,,,,,,"(-9.5, 0.2, 5.1)","(-9.6, 1.1, 5.1)","(-9.6, 0.2, 5.0)",
PLAYER_GAZE,189863,6/27/2026 10:15:53 AM,90eec047-676b-4d50-9684-e8707ca80941,2.0,,,,,,,,,,,,,,,,,,,,,,,,Lifting NPC,,,,,,,,,"(-1.1, 1.1, 1.4)",,,"(-8.5, 0.0, 3.8)",
PLAYER_POSITIONS,189863,6/27/2026 10:15:53 AM,90eec047-676b-4d50-9684-e8707ca80941,2.0,,,,,,,,,,,,,,,,,,,,,,,,,,,,,,,,,,,"(-9.5, 0.2, 5.1)","(-9.6, 1.1, 5.1)","(-9.6, 0.2, 5.0)",
PLAYER_GAZE,189863,6/27/2026 10:15:53 AM,90eec047-676b-4d50-9684-e8707ca80941,2.0,,,,,,,,,,,,,,,,,,,,,,,,Lifting NPC,,,,,,,,,"(-1.1, 1.1, 1.4)",,,"(-8.5, 0.0, 3.8)",
PLAYER_POSITIONS,190382,6/27/2026 10:15:54 AM,90eec047-676b-4d50-9684-e8707ca80941,2.0,,,,,,,,,,,,,,,,,,,,,,,,,,,,,,,,,,,"(-9.5, 0.2, 5.1)","(-9.6, 1.0, 5.1)","(-9.6, 0.2, 5.0)",
PLAYER_GAZE,190382,6/27/2026 10:15:54 AM,90eec047-676b-4d50-9684-e8707ca80941,2.0,,,,,,,,,,,,,,,,,,,,,,,,Lifting NPC,,,,,,,,,"(-1.1, 1.0, 1.4)",,,"(-8.5, 0.0, 3.8)",
PLAYER_POSITIONS,190382,6/27/2026 10:15:54 AM,90eec047-676b-4d50-9684-e8707ca80941,2.0,,,,,,,,,,,,,,,,,,,,,,,,,,,,,,,,,,,"(-9.5, 0.2, 5.1)","(-9.6, 1.0, 5.1)","(-9.6, 0.2, 5.0)",
PLAYER_GAZE,190382,6/27/2026 10:15:54 AM,90eec047-676b-4d50-9684-e8707ca80941,2.0,,,,,,,,,,,,,,,,,,,,,,,,Lifting NPC,,,,,,,,,"(-1.1, 1.0, 1.4)",,,"(-8.5, 0.0, 3.8)",
VOICE_CAPTURE,190762,6/27/2026 10:15:54 AM,90eec047-676b-4d50-9684-e8707ca80941,2.0,,,,,,,,,,,,,,,,,,,,,,,,,,,,,,,,,,,,,,,,,,,,,,,,,,,NA,"Come on buddy, lift it.",
PLAYER_POSITIONS,190905,6/27/2026 10:15:55 AM,90eec047-676b-4d50-9684-e8707ca80941,2.0,,,,,,,,,,,,,,,,,,,,,,,,,,,,,,,,,,,"(-9.5, 0.2, 5.1)","(-9.6, 1.0, 5.1)","(-9.6, 0.2, 5.0)",
PLAYER_GAZE,190906,6/27/2026 10:15:55 AM,90eec047-676b-4d50-9684-e8707ca80941,2.0,,,,,,,,,,,,,,,,,,,,,,,,Military PT 6,,,,,,,,,"(-0.5, 1.0, 0.6)",,,"(-9.1, 0.0, 4.6)",
PLAYER_POSITIONS,190905,6/27/2026 10:15:55 AM,90eec047-676b-4d50-9684-e8707ca80941,2.0,,,,,,,,,,,,,,,,,,,,,,,,,,,,,,,,,,,"(-9.5, 0.2, 5.1)","(-9.6, 1.0, 5.1)","(-9.6, 0.2, 5.0)",
PLAYER_GAZE,190906,6/27/2026 10:15:55 AM,90eec047-676b-4d50-9684-e8707ca80941,2.0,,,,,,,,,,,,,,,,,,,,,,,,Military PT 6,,,,,,,,,"(-0.5, 1.0, 0.6)",,,"(-9.1, 0.0, 4.6)",
VOICE_CAPTURE,191271,6/27/2026 10:15:55 AM,90eec047-676b-4d50-9684-e8707ca80941,2.0,,,,,,,,,,,,,,,,,,,,,,,,,,,,,,,,,,,,,,,,,,,,,,,,,,,NA,"Come on buddy, lift it.",
VOICE_CAPTURE,191271,6/27/2026 10:15:55 AM,90eec047-676b-4d50-9684-e8707ca80941,2.0,,,,,,,,,,,,,,,,,,,,,,,,,,,,,,,,,,,,,,,,,,,,,,,,,,,NA,"Come on buddy, lift it.",
VOICE_COMMAND,191271,6/27/2026 10:15:55 AM,90eec047-676b-4d50-9684-e8707ca80941,2.0,,,,,,,,,,,,,,,,,,,,,,,,Lifting NPC,,,,,,,,,,,,,,,,,,,,,,,,,,,"Come on buddy, lift it.",lift,
PULSE_TAKEN,191357,6/27/2026 10:15:55 AM,90eec047-676b-4d50-9684-e8707ca80941,2.0,,,,,,,,,,,,,,,,,,,,,,,,Military PT 6,,,,pulse_fast,
PLAYER_POSITIONS,191426,6/27/2026 10:15:55 AM,90eec047-676b-4d50-9684-e8707ca80941,2.0,,,,,,,,,,,,,,,,,,,,,,,,,,,,,,,,,,,"(-9.5, 0.2, 5.1)","(-9.6, 1.0, 5.1)","(-9.6, 0.2, 5.0)",
PLAYER_GAZE,191426,6/27/2026 10:15:55 AM,90eec047-676b-4d50-9684-e8707ca80941,2.0,,,,,,,,,,,,,,,,,,,,,,,,Military PT 6,,,,,,,,,"(-0.5, 1.0, 0.5)",,,"(-9.1, 0.0, 4.6)",
PLAYER_POSITIONS,191426,6/27/2026 10:15:55 AM,90eec047-676b-4d50-9684-e8707ca80941,2.0,,,,,,,,,,,,,,,,,,,,,,,,,,,,,,,,,,,"(-9.5, 0.2, 5.1)","(-9.6, 1.0, 5.1)","(-9.6, 0.2, 5.0)",
PLAYER_GAZE,191426,6/27/2026 10:15:55 AM,90eec047-676b-4d50-9684-e8707ca80941,2.0,,,,,,,,,,,,,,,,,,,,,,,,Military PT 6,,,,,,,,,"(-0.5, 1.0, 0.5)",,,"(-9.1, 0.0, 4.6)",
PLAYER_POSITIONS,191939,6/27/2026 10:15:56 AM,90eec047-676b-4d50-9684-e8707ca80941,2.0,,,,,,,,,,,,,,,,,,,,,,,,,,,,,,,,,,,"(-9.5, 0.2, 5.1)","(-9.6, 1.0, 5.1)","(-9.6, 0.2, 5.0)",
PLAYER_GAZE,191939,6/27/2026 10:15:56 AM,90eec047-676b-4d50-9684-e8707ca80941,2.0,,,,,,,,,,,,,,,,,,,,,,,,Military PT 6,,,,,,,,,"(-0.5, 1.0, 0.5)",,,"(-9.1, 0.0, 4.6)",
PLAYER_POSITIONS,191939,6/27/2026 10:15:56 AM,90eec047-676b-4d50-9684-e8707ca80941,2.0,,,,,,,,,,,,,,,,,,,,,,,,,,,,,,,,,,,"(-9.5, 0.2, 5.1)","(-9.6, 1.0, 5.1)","(-9.6, 0.2, 5.0)",
PLAYER_GAZE,191939,6/27/2026 10:15:56 AM,90eec047-676b-4d50-9684-e8707ca80941,2.0,,,,,,,,,,,,,,,,,,,,,,,,Military PT 6,,,,,,,,,"(-0.5, 1.0, 0.5)",,,"(-9.1, 0.0, 4.6)",
PLAYER_POSITIONS,192454,6/27/2026 10:15:56 AM,90eec047-676b-4d50-9684-e8707ca80941,2.0,,,,,,,,,,,,,,,,,,,,,,,,,,,,,,,,,,,"(-9.5, 0.2, 5.1)","(-9.6, 1.0, 5.1)","(-9.6, 0.2, 5.0)",
PLAYER_GAZE,192454,6/27/2026 10:15:56 AM,90eec047-676b-4d50-9684-e8707ca80941,2.0,,,,,,,,,,,,,,,,,,,,,,,,Military PT 6,,,,,,,,,"(-0.5, 1.0, 0.5)",,,"(-9.1, 0.0, 4.6)",
PLAYER_POSITIONS,192454,6/27/2026 10:15:56 AM,90eec047-676b-4d50-9684-e8707ca80941,2.0,,,,,,,,,,,,,,,,,,,,,,,,,,,,,,,,,,,"(-9.5, 0.2, 5.1)","(-9.6, 1.0, 5.1)","(-9.6, 0.2, 5.0)",
PLAYER_GAZE,192454,6/27/2026 10:15:56 AM,90eec047-676b-4d50-9684-e8707ca80941,2.0,,,,,,,,,,,,,,,,,,,,,,,,Military PT 6,,,,,,,,,"(-0.5, 1.0, 0.5)",,,"(-9.1, 0.0, 4.6)",
PLAYER_POSITIONS,192966,6/27/2026 10:15:57 AM,90eec047-676b-4d50-9684-e8707ca80941,2.0,,,,,,,,,,,,,,,,,,,,,,,,,,,,,,,,,,,"(-9.6, 0.2, 5.1)","(-9.6, 1.0, 5.1)","(-9.7, 0.2, 5.0)",
PLAYER_GAZE,192966,6/27/2026 10:15:57 AM,90eec047-676b-4d50-9684-e8707ca80941,2.0,,,,,,,,,,,,,,,,,,,,,,,,Military PT 6,,,,,,,,,"(-0.5, 1.0, 0.5)",,,"(-9.1, 0.0, 4.6)",
PLAYER_POSITIONS,192966,6/27/2026 10:15:57 AM,90eec047-676b-4d50-9684-e8707ca80941,2.0,,,,,,,,,,,,,,,,,,,,,,,,,,,,,,,,,,,"(-9.6, 0.2, 5.1)","(-9.6, 1.0, 5.1)","(-9.7, 0.2, 5.0)",
PLAYER_GAZE,192966,6/27/2026 10:15:57 AM,90eec047-676b-4d50-9684-e8707ca80941,2.0,,,,,,,,,,,,,,,,,,,,,,,,Military PT 6,,,,,,,,,"(-0.5, 1.0, 0.5)",,,"(-9.1, 0.0, 4.6)",
PLAYER_POSITIONS,193475,6/27/2026 10:15:57 AM,90eec047-676b-4d50-9684-e8707ca80941,2.0,,,,,,,,,,,,,,,,,,,,,,,,,,,,,,,,,,,"(-9.9, 0.3, 4.9)","(-10.0, 1.0, 4.9)","(-10.0, 0.2, 4.8)",
PLAYER_POSITIONS,193475,6/27/2026 10:15:57 AM,90eec047-676b-4d50-9684-e8707ca80941,2.0,,,,,,,,,,,,,,,,,,,,,,,,,,,,,,,,,,,"(-9.9, 0.3, 4.9)","(-10.0, 1.0, 4.9)","(-10.0, 0.2, 4.8)",
AUDIO_END,193585,6/27/2026 10:15:57 AM,90eec047-676b-4d50-9684-e8707ca80941,2.0,bravo taking fire on 3 1,3.709388,
NARRATIVE_SECTION_END,193585,6/27/2026 10:15:57 AM,90eec047-676b-4d50-9684-e8707ca80941,2.0,,,,,,,,,,,,,,,,,,Bravo taking fire on grid 3-1,20,
NARRATIVE_SECTION_START,193625,6/27/2026 10:15:57 AM,90eec047-676b-4d50-9684-e8707ca80941,2.0,,,,,,,,,,,,,,,,,,Echo can you suppress,21,
DRAG_STOP,193630,6/27/2026 10:15:57 AM,90eec047-676b-4d50-9684-e8707ca80941,2.0,,,,,"(-9.1, 0.0, 4.6)","(-9.1, 0.0, 4.6)",,,,,,,,,,,,,,,,,,Military PT 6,
DRAG_STOP,193630,6/27/2026 10:15:57 AM,90eec047-676b-4d50-9684-e8707ca80941,2.0,,,,,"(-9.1, 0.0, 4.6)","(-9.1, 0.0, 4.6)",,,,,,,,,,,,,,,,,,Military PT 6,
DRAG_STOP,193630,6/27/2026 10:15:57 AM,90eec047-676b-4d50-9684-e8707ca80941,2.0,,,,,"(-9.1, 0.0, 4.6)","(-9.1, 0.0, 4.6)",,,,,,,,,,,,,,,,,,Military PT 6,
DRAG_STOP,193630,6/27/2026 10:15:57 AM,90eec047-676b-4d50-9684-e8707ca80941,2.0,,,,,"(-9.1, 0.0, 4.6)","(-9.1, 0.0, 4.6)",,,,,,,,,,,,,,,,,,Military PT 6,
PLAYER_POSITIONS,193986,6/27/2026 10:15:58 AM,90eec047-676b-4d50-9684-e8707ca80941,2.0,,,,,,,,,,,,,,,,,,,,,,,,,,,,,,,,,,,"(-9.5, 0.3, 5.1)","(-9.9, 0.9, 5.0)","(-9.8, 0.3, 4.9)",
PLAYER_POSITIONS,193986,6/27/2026 10:15:58 AM,90eec047-676b-4d50-9684-e8707ca80941,2.0,,,,,,,,,,,,,,,,,,,,,,,,,,,,,,,,,,,"(-9.5, 0.3, 5.1)","(-9.9, 0.9, 5.0)","(-9.8, 0.3, 4.9)",
DRAG_START,194120,6/27/2026 10:15:58 AM,90eec047-676b-4d50-9684-e8707ca80941,2.0,,,,,"(-9.1, 0.0, 4.6)",,,,,,,,,,,,,,,,,,,Military PT 6,
PULSE_TAKEN,194138,6/27/2026 10:15:58 AM,90eec047-676b-4d50-9684-e8707ca80941,2.0,,,,,,,,,,,,,,,,,,,,,,,,Military PT 6,,,,pulse_fast,
DRAG_START,194146,6/27/2026 10:15:58 AM,90eec047-676b-4d50-9684-e8707ca80941,2.0,,,,,"(-9.1, 0.0, 4.6)",,,,,,,,,,,,,,,,,,,Military PT 6,
PULSE_TAKEN,194160,6/27/2026 10:15:58 AM,90eec047-676b-4d50-9684-e8707ca80941,2.0,,,,,,,,,,,,,,,,,,,,,,,,Military PT 6,,,,pulse_fast,
PLAYER_POSITIONS,194486,6/27/2026 10:15:58 AM,90eec047-676b-4d50-9684-e8707ca80941,2.0,,,,,,,,,,,,,,,,,,,,,,,,,,,,,,,,,,,"(-9.7, 0.2, 5.1)","(-9.9, 1.0, 5.1)","(-9.8, 0.2, 5.0)",
PLAYER_GAZE,194486,6/27/2026 10:15:58 AM,90eec047-676b-4d50-9684-e8707ca80941,2.0,,,,,,,,,,,,,,,,,,,,,,,,Military PT 6,,,,,,,,,"(-0.6, 1.0, 0.5)",,,"(-9.3, 0.0, 4.6)",
PLAYER_POSITIONS,194486,6/27/2026 10:15:58 AM,90eec047-676b-4d50-9684-e8707ca80941,2.0,,,,,,,,,,,,,,,,,,,,,,,,,,,,,,,,,,,"(-9.7, 0.2, 5.1)","(-9.9, 1.0, 5.1)","(-9.8, 0.2, 5.0)",
PLAYER_GAZE,194486,6/27/2026 10:15:58 AM,90eec047-676b-4d50-9684-e8707ca80941,2.0,,,,,,,,,,,,,,,,,,,,,,,,Military PT 6,,,,,,,,,"(-0.6, 1.0, 0.5)",,,"(-9.3, 0.0, 4.6)",
PLAYER_POSITIONS,194997,6/27/2026 10:15:59 AM,90eec047-676b-4d50-9684-e8707ca80941,2.0,,,,,,,,,,,,,,,,,,,,,,,,,,,,,,,,,,,"(-10.1, 0.3, 5.1)","(-10.3, 1.1, 5.1)","(-10.2, 0.3, 5.0)",
PLAYER_GAZE,194997,6/27/2026 10:15:59 AM,90eec047-676b-4d50-9684-e8707ca80941,2.0,,,,,,,,,,,,,,,,,,,,,,,,Military PT 6,,,,,,,,,"(-0.5, 1.1, 0.7)",,,"(-9.8, 0.0, 4.5)",
PLAYER_POSITIONS,194997,6/27/2026 10:15:59 AM,90eec047-676b-4d50-9684-e8707ca80941,2.0,,,,,,,,,,,,,,,,,,,,,,,,,,,,,,,,,,,"(-10.1, 0.3, 5.1)","(-10.3, 1.1, 5.1)","(-10.2, 0.3, 5.0)",
PLAYER_GAZE,194997,6/27/2026 10:15:59 AM,90eec047-676b-4d50-9684-e8707ca80941,2.0,,,,,,,,,,,,,,,,,,,,,,,,Military PT 6,,,,,,,,,"(-0.5, 1.1, 0.7)",,,"(-9.8, 0.0, 4.5)",
PLAYER_POSITIONS,195506,6/27/2026 10:15:59 AM,90eec047-676b-4d50-9684-e8707ca80941,2.0,,,,,,,,,,,,,,,,,,,,,,,,,,,,,,,,,,,"(-10.1, 0.4, 5.5)","(-10.5, 1.1, 5.5)","(-10.3, 0.3, 5.3)",
PLAYER_GAZE,195506,6/27/2026 10:15:59 AM,90eec047-676b-4d50-9684-e8707ca80941,2.0,,,,,,,,,,,,,,,,,,,,,,,,Military PT 6,,,,,,,,,"(-0.6, 1.1, 0.7)",,,"(-9.8, 0.0, 4.8)",
PLAYER_POSITIONS,195506,6/27/2026 10:15:59 AM,90eec047-676b-4d50-9684-e8707ca80941,2.0,,,,,,,,,,,,,,,,,,,,,,,,,,,,,,,,,,,"(-10.1, 0.4, 5.5)","(-10.5, 1.1, 5.5)","(-10.3, 0.3, 5.3)",
PLAYER_GAZE,195506,6/27/2026 10:15:59 AM,90eec047-676b-4d50-9684-e8707ca80941,2.0,,,,,,,,,,,,,,,,,,,,,,,,Military PT 6,,,,,,,,,"(-0.6, 1.1, 0.7)",,,"(-9.8, 0.0, 4.8)",
AUDIO_START,195622,6/27/2026 10:15:59 AM,90eec047-676b-4d50-9684-e8707ca80941,2.0,echo can you suppress that target,3.578775,
DRAG_STOP,195642,6/27/2026 10:15:59 AM,90eec047-676b-4d50-9684-e8707ca80941,2.0,,,,,"(-9.1, 0.0, 4.6)","(-9.9, 0.0, 4.8)",,,,,,,,,,,,,,,,,,Military PT 6,
DRAG_STOP,195642,6/27/2026 10:15:59 AM,90eec047-676b-4d50-9684-e8707ca80941,2.0,,,,,"(-9.1, 0.0, 4.6)","(-9.9, 0.0, 4.8)",,,,,,,,,,,,,,,,,,Military PT 6,
DRAG_STOP,195709,6/27/2026 10:15:59 AM,90eec047-676b-4d50-9684-e8707ca80941,2.0,,,,,"(-9.1, 0.0, 4.6)","(-9.9, 0.0, 4.8)",,,,,,,,,,,,,,,,,,Military PT 6,
DRAG_STOP,195709,6/27/2026 10:15:59 AM,90eec047-676b-4d50-9684-e8707ca80941,2.0,,,,,"(-9.1, 0.0, 4.6)","(-9.9, 0.0, 4.8)",,,,,,,,,,,,,,,,,,Military PT 6,
PLAYER_POSITIONS,196008,6/27/2026 10:16:00 AM,90eec047-676b-4d50-9684-e8707ca80941,2.0,,,,,,,,,,,,,,,,,,,,,,,,,,,,,,,,,,,"(-10.2, 0.4, 5.5)","(-10.5, 1.1, 5.5)","(-10.4, 0.4, 5.4)",
PLAYER_POSITIONS,196008,6/27/2026 10:16:00 AM,90eec047-676b-4d50-9684-e8707ca80941,2.0,,,,,,,,,,,,,,,,,,,,,,,,,,,,,,,,,,,"(-10.2, 0.4, 5.5)","(-10.5, 1.1, 5.5)","(-10.4, 0.4, 5.4)",
VOICE_CAPTURE,196274,6/27/2026 10:16:00 AM,90eec047-676b-4d50-9684-e8707ca80941,2.0,,,,,,,,,,,,,,,,,,,,,,,,,,,,,,,,,,,,,,,,,,,,,,,,,,,NA,Perfect.,
PLAYER_POSITIONS,196511,6/27/2026 10:16:00 AM,90eec047-676b-4d50-9684-e8707ca80941,2.0,,,,,,,,,,,,,,,,,,,,,,,,,,,,,,,,,,,"(-10.5, 0.3, 5.1)","(-10.8, 1.1, 5.1)","(-11.0, 0.4, 4.9)",
PLAYER_POSITIONS,196511,6/27/2026 10:16:00 AM,90eec047-676b-4d50-9684-e8707ca80941,2.0,,,,,,,,,,,,,,,,,,,,,,,,,,,,,,,,,,,"(-10.5, 0.3, 5.1)","(-10.8, 1.1, 5.1)","(-11.0, 0.4, 4.9)",
VOICE_CAPTURE,196732,6/27/2026 10:16:00 AM,90eec047-676b-4d50-9684-e8707ca80941,2.0,,,,,,,,,,,,,,,,,,,,,,,,,,,,,,,,,,,,,,,,,,,,,,,,,,,NA,Perfect.,
PLAYER_POSITIONS,197040,6/27/2026 10:16:01 AM,90eec047-676b-4d50-9684-e8707ca80941,2.0,,,,,,,,,,,,,,,,,,,,,,,,,,,,,,,,,,,"(-10.6, 0.3, 4.9)","(-10.9, 1.1, 4.8)","(-11.0, 0.4, 4.7)",
PLAYER_POSITIONS,197040,6/27/2026 10:16:01 AM,90eec047-676b-4d50-9684-e8707ca80941,2.0,,,,,,,,,,,,,,,,,,,,,,,,,,,,,,,,,,,"(-10.6, 0.3, 4.9)","(-10.9, 1.1, 4.8)","(-11.0, 0.4, 4.7)",
VOICE_CAPTURE,197262,6/27/2026 10:16:01 AM,90eec047-676b-4d50-9684-e8707ca80941,2.0,,,,,,,,,,,,,,,,,,,,,,,,,,,,,,,,,,,,,,,,,,,,,,,,,,,NA,Perfect.,
PATIENT_DISENGAGED,197292,6/27/2026 10:16:01 AM,90eec047-676b-4d50-9684-e8707ca80941,2.0,,,,21.83,,,,,,,,,,,,,,,,fast,100,Infinity,normal,Military PT 6,agony,supine,"(-9.8, 0.0, 4.8)",fast,"(0.0, 1.0, 0.0, 0.0)",normal,IMMEDIATE,still,,,,,,,,,,,,,,,,,21.83,
PATIENT_ENGAGED,197292,6/27/2026 10:16:01 AM,90eec047-676b-4d50-9684-e8707ca80941,2.0,,,,0,,,,,,,,,,,,,,,,fast,100,Infinity,normal,Military PT 5,upset,supine,"(-10.7, 0.0, 3.6)",faint,"(0.0, 1.0, 0.0, 0.0)",normal,IMMEDIATE,still,,,,,,,,,,,,,,,,,16.4,
PATIENT_DISENGAGED,197468,6/27/2026 10:16:01 AM,90eec047-676b-4d50-9684-e8707ca80941,2.0,,,,0.19,,,,,,,,,,,,,,,,fast,100,Infinity,normal,Military PT 5,upset,supine,"(-10.7, 0.0, 3.6)",faint,"(0.0, 1.0, 0.0, 0.0)",normal,IMMEDIATE,still,,,,,,,,,,,,,,,,,16.59,
PATIENT_ENGAGED,197468,6/27/2026 10:16:01 AM,90eec047-676b-4d50-9684-e8707ca80941,2.0,,,,0,,,,,,,,,,,,,,,,fast,100,Infinity,normal,Military PT 6,agony,supine,"(-9.8, 0.0, 4.8)",fast,"(0.0, 1.0, 0.0, 0.0)",normal,IMMEDIATE,still,,,,,,,,,,,,,,,,,21.83,
PLAYER_POSITIONS,197559,6/27/2026 10:16:01 AM,90eec047-676b-4d50-9684-e8707ca80941,2.0,,,,,,,,,,,,,,,,,,,,,,,,,,,,,,,,,,,"(-10.6, 0.5, 4.7)","(-10.6, 1.2, 4.7)","(-10.8, 0.5, 4.6)",
PLAYER_POSITIONS,197559,6/27/2026 10:16:01 AM,90eec047-676b-4d50-9684-e8707ca80941,2.0,,,,,,,,,,,,,,,,,,,,,,,,,,,,,,,,,,,"(-10.6, 0.5, 4.7)","(-10.6, 1.2, 4.7)","(-10.8, 0.5, 4.6)",
VOICE_CAPTURE,197727,6/27/2026 10:16:01 AM,90eec047-676b-4d50-9684-e8707ca80941,2.0,,,,,,,,,,,,,,,,,,,,,,,,,,,,,,,,,,,,,,,,,,,,,,,,,,,NA,Perfect.,
PLAYER_POSITIONS,198082,6/27/2026 10:16:02 AM,90eec047-676b-4d50-9684-e8707ca80941,2.0,,,,,,,,,,,,,,,,,,,,,,,,,,,,,,,,,,,"(-10.4, 0.5, 5.3)","(-10.4, 1.2, 5.1)","(-10.3, 0.6, 4.8)",
PLAYER_POSITIONS,198082,6/27/2026 10:16:02 AM,90eec047-676b-4d50-9684-e8707ca80941,2.0,,,,,,,,,,,,,,,,,,,,,,,,,,,,,,,,,,,"(-10.4, 0.5, 5.3)","(-10.4, 1.2, 5.1)","(-10.3, 0.6, 4.8)",
VOICE_CAPTURE,198259,6/27/2026 10:16:02 AM,90eec047-676b-4d50-9684-e8707ca80941,2.0,,,,,,,,,,,,,,,,,,,,,,,,,,,,,,,,,,,,,,,,,,,,,,,,,,,NA,Perfect.,
PLAYER_POSITIONS,198593,6/27/2026 10:16:02 AM,90eec047-676b-4d50-9684-e8707ca80941,2.0,,,,,,,,,,,,,,,,,,,,,,,,,,,,,,,,,,,"(-10.5, 0.5, 5.2)","(-10.2, 1.1, 4.9)","(-9.9, 0.5, 4.8)",
PLAYER_GAZE,198593,6/27/2026 10:16:02 AM,90eec047-676b-4d50-9684-e8707ca80941,2.0,,,,,,,,,,,,,,,,,,,,,,,,Military PT 6,,,,,,,,,"(-0.3, 1.1, 0.1)",,,"(-9.9, 0.0, 4.8)",
PLAYER_POSITIONS,198593,6/27/2026 10:16:02 AM,90eec047-676b-4d50-9684-e8707ca80941,2.0,,,,,,,,,,,,,,,,,,,,,,,,,,,,,,,,,,,"(-10.5, 0.5, 5.2)","(-10.2, 1.1, 4.9)","(-9.9, 0.5, 4.8)",
PLAYER_GAZE,198593,6/27/2026 10:16:02 AM,90eec047-676b-4d50-9684-e8707ca80941,2.0,,,,,,,,,,,,,,,,,,,,,,,,Military PT 6,,,,,,,,,"(-0.3, 1.1, 0.1)",,,"(-9.9, 0.0, 4.8)",
VOICE_CAPTURE,198738,6/27/2026 10:16:02 AM,90eec047-676b-4d50-9684-e8707ca80941,2.0,,,,,,,,,,,,,,,,,,,,,,,,,,,,,,,,,,,,,,,,,,,,,,,,,,,NA,Perfect.,
PLAYER_POSITIONS,199106,6/27/2026 10:16:03 AM,90eec047-676b-4d50-9684-e8707ca80941,2.0,,,,,,,,,,,,,,,,,,,,,,,,,,,,,,,,,,,"(-10.3, 0.3, 5.3)","(-10.1, 1.0, 5.1)","(-10.0, 0.4, 4.9)",
PLAYER_POSITIONS,199106,6/27/2026 10:16:03 AM,90eec047-676b-4d50-9684-e8707ca80941,2.0,,,,,,,,,,,,,,,,,,,,,,,,,,,,,,,,,,,"(-10.3, 0.3, 5.3)","(-10.1, 1.0, 5.1)","(-10.0, 0.4, 4.9)",
AUDIO_END,199216,6/27/2026 10:16:03 AM,90eec047-676b-4d50-9684-e8707ca80941,2.0,echo can you suppress that target,3.578775,
NARRATIVE_SECTION_END,199216,6/27/2026 10:16:03 AM,90eec047-676b-4d50-9684-e8707ca80941,2.0,,,,,,,,,,,,,,,,,,Echo can you suppress,21,
VOICE_CAPTURE,199216,6/27/2026 10:16:03 AM,90eec047-676b-4d50-9684-e8707ca80941,2.0,,,,,,,,,,,,,,,,,,,,,,,,,,,,,,,,,,,,,,,,,,,,,,,,,,,NA,Perfect.,
NARRATIVE_SECTION_START,199233,6/27/2026 10:16:03 AM,90eec047-676b-4d50-9684-e8707ca80941,2.0,,,,,,,,,,,,,,,,,,Negative we need a show of force,22,
DRAG_STOP,199352,6/27/2026 10:16:03 AM,90eec047-676b-4d50-9684-e8707ca80941,2.0,,,,,"(-9.1, 0.0, 4.6)","(-9.9, 0.0, 4.8)",,,,,,,,,,,,,,,,,,Military PT 6,
PLAYER_POSITIONS,199619,6/27/2026 10:16:03 AM,90eec047-676b-4d50-9684-e8707ca80941,2.0,,,,,,,,,,,,,,,,,,,,,,,,,,,,,,,,,,,"(-10.3, 0.4, 5.3)","(-10.2, 1.1, 5.4)","(-10.0, 0.4, 5.4)",
PLAYER_POSITIONS,199619,6/27/2026 10:16:03 AM,90eec047-676b-4d50-9684-e8707ca80941,2.0,,,,,,,,,,,,,,,,,,,,,,,,,,,,,,,,,,,"(-10.3, 0.4, 5.3)","(-10.2, 1.1, 5.4)","(-10.0, 0.4, 5.4)",
VOICE_CAPTURE,199731,6/27/2026 10:16:03 AM,90eec047-676b-4d50-9684-e8707ca80941,2.0,,,,,,,,,,,,,,,,,,,,,,,,,,,,,,,,,,,,,,,,,,,,,,,,,,,NA,Perfect.,
PULSE_TAKEN,200052,6/27/2026 10:16:04 AM,90eec047-676b-4d50-9684-e8707ca80941,2.0,,,,,,,,,,,,,,,,,,,,,,,,Military PT 6,,,,pulse_fast,
PLAYER_POSITIONS,200122,6/27/2026 10:16:04 AM,90eec047-676b-4d50-9684-e8707ca80941,2.0,,,,,,,,,,,,,,,,,,,,,,,,,,,,,,,,,,,"(-10.3, 0.4, 5.2)","(-10.0, 0.8, 5.5)","(-9.7, 0.1, 5.6)",
PLAYER_POSITIONS,200122,6/27/2026 10:16:04 AM,90eec047-676b-4d50-9684-e8707ca80941,2.0,,,,,,,,,,,,,,,,,,,,,,,,,,,,,,,,,,,"(-10.3, 0.4, 5.2)","(-10.0, 0.8, 5.5)","(-9.7, 0.1, 5.6)",
VOICE_CAPTURE,200255,6/27/2026 10:16:04 AM,90eec047-676b-4d50-9684-e8707ca80941,2.0,,,,,,,,,,,,,,,,,,,,,,,,,,,,,,,,,,,,,,,,,,,,,,,,,,,NA,Perfect.,
PULSE_TAKEN,200387,6/27/2026 10:16:04 AM,90eec047-676b-4d50-9684-e8707ca80941,2.0,,,,,,,,,,,,,,,,,,,,,,,,Military PT 6,,,,pulse_fast,
PLAYER_POSITIONS,200636,6/27/2026 10:16:04 AM,90eec047-676b-4d50-9684-e8707ca80941,2.0,,,,,,,,,,,,,,,,,,,,,,,,,,,,,,,,,,,"(-10.2, 0.4, 5.3)","(-10.0, 0.8, 5.5)","(-9.7, 0.1, 5.6)",
PLAYER_POSITIONS,200636,6/27/2026 10:16:04 AM,90eec047-676b-4d50-9684-e8707ca80941,2.0,,,,,,,,,,,,,,,,,,,,,,,,,,,,,,,,,,,"(-10.2, 0.4, 5.3)","(-10.0, 0.8, 5.5)","(-9.7, 0.1, 5.6)",
VOICE_CAPTURE,200769,6/27/2026 10:16:04 AM,90eec047-676b-4d50-9684-e8707ca80941,2.0,,,,,,,,,,,,,,,,,,,,,,,,,,,,,,,,,,,,,,,,,,,,,,,,,,,NA,Perfect. Can you tell me what you think?,
PLAYER_POSITIONS,201147,6/27/2026 10:16:05 AM,90eec047-676b-4d50-9684-e8707ca80941,2.0,,,,,,,,,,,,,,,,,,,,,,,,,,,,,,,,,,,"(-10.2, 0.4, 5.3)","(-10.0, 1.0, 5.4)","(-9.9, 0.6, 5.4)",
PLAYER_POSITIONS,201147,6/27/2026 10:16:05 AM,90eec047-676b-4d50-9684-e8707ca80941,2.0,,,,,,,,,,,,,,,,,,,,,,,,,,,,,,,,,,,"(-10.2, 0.4, 5.3)","(-10.0, 1.0, 5.4)","(-9.9, 0.6, 5.4)",
AUDIO_START,201242,6/27/2026 10:16:05 AM,90eec047-676b-4d50-9684-e8707ca80941,2.0,negative we need a show of force,5.067755,
VOICE_CAPTURE,201269,6/27/2026 10:16:05 AM,90eec047-676b-4d50-9684-e8707ca80941,2.0,,,,,,,,,,,,,,,,,,,,,,,,,,,,,,,,,,,,,,,,,,,,,,,,,,,NA,Perfect. Can you tell me what year it is?,
PLAYER_POSITIONS,201668,6/27/2026 10:16:05 AM,90eec047-676b-4d50-9684-e8707ca80941,2.0,,,,,,,,,,,,,,,,,,,,,,,,,,,,,,,,,,,"(-10.3, 0.4, 5.3)","(-9.9, 1.1, 5.4)","(-9.5, 0.3, 5.3)",
PLAYER_POSITIONS,201668,6/27/2026 10:16:05 AM,90eec047-676b-4d50-9684-e8707ca80941,2.0,,,,,,,,,,,,,,,,,,,,,,,,,,,,,,,,,,,"(-10.3, 0.4, 5.3)","(-9.9, 1.1, 5.4)","(-9.5, 0.3, 5.3)",
VOICE_CAPTURE,201768,6/27/2026 10:16:05 AM,90eec047-676b-4d50-9684-e8707ca80941,2.0,,,,,,,,,,,,,,,,,,,,,,,,,,,,,,,,,,,,,,,,,,,,,,,,,,,NA,Perfect. Can you tell me what year it is?,
VOICE_CAPTURE,201768,6/27/2026 10:16:05 AM,90eec047-676b-4d50-9684-e8707ca80941,2.0,,,,,,,,,,,,,,,,,,,,,,,,,,,,,,,,,,,,,,,,,,,,,,,,,,,NA,Perfect. Can you tell me what year it is?,
VOICE_COMMAND,201768,6/27/2026 10:16:05 AM,90eec047-676b-4d50-9684-e8707ca80941,2.0,,,,,,,,,,,,,,,,,,,,,,,,,,,,,,,,,,,,,,,,,,,,,,,,,,,Perfect. Can you tell me what year it is?,what year is it,
PLAYER_POSITIONS,202198,6/27/2026 10:16:06 AM,90eec047-676b-4d50-9684-e8707ca80941,2.0,,,,,,,,,,,,,,,,,,,,,,,,,,,,,,,,,,,"(-10.2, 0.5, 5.3)","(-9.8, 1.2, 5.2)","(-9.5, 0.7, 5.3)",
PLAYER_POSITIONS,202198,6/27/2026 10:16:06 AM,90eec047-676b-4d50-9684-e8707ca80941,2.0,,,,,,,,,,,,,,,,,,,,,,,,,,,,,,,,,,,"(-10.2, 0.5, 5.3)","(-9.8, 1.2, 5.2)","(-9.5, 0.7, 5.3)",
PLAYER_POSITIONS,202721,6/27/2026 10:16:06 AM,90eec047-676b-4d50-9684-e8707ca80941,2.0,,,,,,,,,,,,,,,,,,,,,,,,,,,,,,,,,,,"(-10.2, 0.5, 5.3)","(-9.7, 1.2, 5.1)","(-9.5, 0.4, 5.2)",
PLAYER_POSITIONS,202721,6/27/2026 10:16:06 AM,90eec047-676b-4d50-9684-e8707ca80941,2.0,,,,,,,,,,,,,,,,,,,,,,,,,,,,,,,,,,,"(-10.2, 0.5, 5.3)","(-9.7, 1.2, 5.1)","(-9.5, 0.4, 5.2)",
TOOL_HOVER,203079,6/27/2026 10:16:07 AM,90eec047-676b-4d50-9684-e8707ca80941,2.0,,,,,,,,,,,,,,,,,,,,,,,,,,,,,,,,,,,,,,,,,,,,,,999,,Decompression Needle,
TOOL_HOVER,203200,6/27/2026 10:16:07 AM,90eec047-676b-4d50-9684-e8707ca80941,2.0,,,,,,,,,,,,,,,,,,,,,,,,,,,,,,,,,,,,,,,,,,,,,,996,,Fentanyl Lollipop,
PLAYER_POSITIONS,203227,6/27/2026 10:16:07 AM,90eec047-676b-4d50-9684-e8707ca80941,2.0,,,,,,,,,,,,,,,,,,,,,,,,,,,,,,,,,,,"(-10.1, 0.5, 5.3)","(-9.7, 1.2, 5.1)","(-9.3, 0.7, 4.8)",
PLAYER_POSITIONS,203227,6/27/2026 10:16:07 AM,90eec047-676b-4d50-9684-e8707ca80941,2.0,,,,,,,,,,,,,,,,,,,,,,,,,,,,,,,,,,,"(-10.1, 0.5, 5.3)","(-9.7, 1.2, 5.1)","(-9.3, 0.7, 4.8)",
TOOL_SELECTED,203290,6/27/2026 10:16:07 AM,90eec047-676b-4d50-9684-e8707ca80941,2.0,,,,,,,,,,,,,,,,,,,,,,,,,,,,,,,,,,,,,,,,,,,,,,995,,Fentanyl Lollipop,
PLAYER_POSITIONS,203746,6/27/2026 10:16:07 AM,90eec047-676b-4d50-9684-e8707ca80941,2.0,,,,,,,,,,,,,,,,,,,,,,,,,,,,,,,,,,,"(-10.3, 0.5, 5.3)","(-10.1, 1.2, 5.3)","(-10.1, 0.5, 5.3)",
PLAYER_POSITIONS,203746,6/27/2026 10:16:07 AM,90eec047-676b-4d50-9684-e8707ca80941,2.0,,,,,,,,,,,,,,,,,,,,,,,,,,,,,,,,,,,"(-10.3, 0.5, 5.3)","(-10.1, 1.2, 5.3)","(-10.1, 0.5, 5.3)",
PLAYER_POSITIONS,204268,6/27/2026 10:16:08 AM,90eec047-676b-4d50-9684-e8707ca80941,2.0,,,,,,,,,,,,,,,,,,,,,,,,,,,,,,,,,,,"(-10.3, 0.5, 5.2)","(-10.3, 0.9, 5.5)","(-10.3, 0.2, 5.5)",
PLAYER_POSITIONS,204268,6/27/2026 10:16:08 AM,90eec047-676b-4d50-9684-e8707ca80941,2.0,,,,,,,,,,,,,,,,,,,,,,,,,,,,,,,,,,,"(-10.3, 0.5, 5.2)","(-10.3, 0.9, 5.5)","(-10.3, 0.2, 5.5)",
PLAYER_POSITIONS,204767,6/27/2026 10:16:08 AM,90eec047-676b-4d50-9684-e8707ca80941,2.0,,,,,,,,,,,,,,,,,,,,,,,,,,,,,,,,,,,"(-10.3, 0.5, 5.2)","(-10.3, 0.9, 5.5)","(-10.4, 0.2, 5.5)",
PLAYER_POSITIONS,204767,6/27/2026 10:16:08 AM,90eec047-676b-4d50-9684-e8707ca80941,2.0,,,,,,,,,,,,,,,,,,,,,,,,,,,,,,,,,,,"(-10.3, 0.5, 5.2)","(-10.3, 0.9, 5.5)","(-10.4, 0.2, 5.5)",
INJURY_TREATED,204902,6/27/2026 10:16:09 AM,90eec047-676b-4d50-9684-e8707ca80941,2.0,,,,,,,,,head,Unspecified,"(0.0, 0.0, 0.0)",none,1,1,none,True,False,,,,,,,Military PT 6,
TOOL_APPLIED,204902,6/27/2026 10:16:09 AM,90eec047-676b-4d50-9684-e8707ca80941,2.0,,,,,,,,,,,,,,,,,,,,,,,,Military PT 6,,,,,,,,,,,,,,,,,,,,AppliedLollipop,Jaw (UnityEngine.GameObject),,Fentanyl Lollipop(Clone) (UnityEngine.GameObject),Fentanyl Lollipop,
PLAYER_POSITIONS,205269,6/27/2026 10:16:09 AM,90eec047-676b-4d50-9684-e8707ca80941,2.0,,,,,,,,,,,,,,,,,,,,,,,,,,,,,,,,,,,"(-10.3, 0.5, 5.3)","(-10.2, 1.0, 5.5)","(-10.2, 0.3, 5.4)",
PLAYER_POSITIONS,205269,6/27/2026 10:16:09 AM,90eec047-676b-4d50-9684-e8707ca80941,2.0,,,,,,,,,,,,,,,,,,,,,,,,,,,,,,,,,,,"(-10.3, 0.5, 5.3)","(-10.2, 1.0, 5.5)","(-10.2, 0.3, 5.4)",
VOICE_CAPTURE,205744,6/27/2026 10:16:09 AM,90eec047-676b-4d50-9684-e8707ca80941,2.0,,,,,,,,,,,,,,,,,,,,,,,,,,,,,,,,,,,,,,,,,,,,,,,,,,,NA,I'm gonna get,
PLAYER_POSITIONS,205785,6/27/2026 10:16:09 AM,90eec047-676b-4d50-9684-e8707ca80941,2.0,,,,,,,,,,,,,,,,,,,,,,,,,,,,,,,,,,,"(-10.2, 0.5, 5.3)","(-9.9, 1.2, 5.2)","(-9.7, 0.8, 5.3)",
PLAYER_POSITIONS,205785,6/27/2026 10:16:09 AM,90eec047-676b-4d50-9684-e8707ca80941,2.0,,,,,,,,,,,,,,,,,,,,,,,,,,,,,,,,,,,"(-10.2, 0.5, 5.3)","(-9.9, 1.2, 5.2)","(-9.7, 0.8, 5.3)",
BAG_CLOSED,205959,6/27/2026 10:16:10 AM,90eec047-676b-4d50-9684-e8707ca80941,2.0,,,,,,,,,,,,,,,,,,,,,,,,,,,,,,,,,,,,"(0.0, 0.0, 0.0)",
VOICE_CAPTURE,206239,6/27/2026 10:16:10 AM,90eec047-676b-4d50-9684-e8707ca80941,2.0,,,,,,,,,,,,,,,,,,,,,,,,,,,,,,,,,,,,,,,,,,,,,,,,,,,NA,I'm going to give you some paper.,
AUDIO_END,206305,6/27/2026 10:16:10 AM,90eec047-676b-4d50-9684-e8707ca80941,2.0,negative we need a show of force,5.067755,
NARRATIVE_SECTION_END,206305,6/27/2026 10:16:10 AM,90eec047-676b-4d50-9684-e8707ca80941,2.0,,,,,,,,,,,,,,,,,,Negative we need a show of force,22,
PLAYER_POSITIONS,206305,6/27/2026 10:16:10 AM,90eec047-676b-4d50-9684-e8707ca80941,2.0,,,,,,,,,,,,,,,,,,,,,,,,,,,,,,,,,,,"(-10.2, 0.5, 5.3)","(-9.6, 1.1, 5.1)","(-9.2, 0.6, 5.1)",
PLAYER_POSITIONS,206305,6/27/2026 10:16:10 AM,90eec047-676b-4d50-9684-e8707ca80941,2.0,,,,,,,,,,,,,,,,,,,,,,,,,,,,,,,,,,,"(-10.2, 0.5, 5.3)","(-9.6, 1.1, 5.1)","(-9.2, 0.6, 5.1)",
NARRATIVE_SECTION_START,206346,6/27/2026 10:16:10 AM,90eec047-676b-4d50-9684-e8707ca80941,2.0,,,,,,,,,,,,,,,,,,Commanding officer approval,23,
VOICE_CAPTURE,206760,6/27/2026 10:16:10 AM,90eec047-676b-4d50-9684-e8707ca80941,2.0,,,,,,,,,,,,,,,,,,,,,,,,,,,,,,,,,,,,,,,,,,,,,,,,,,,NA,I'm going to give you some pay meds and,
PLAYER_POSITIONS,206806,6/27/2026 10:16:10 AM,90eec047-676b-4d50-9684-e8707ca80941,2.0,,,,,,,,,,,,,,,,,,,,,,,,,,,,,,,,,,,"(-10.1, 0.5, 5.3)","(-9.7, 1.2, 5.1)","(-9.4, 0.8, 5.1)",
PLAYER_POSITIONS,206806,6/27/2026 10:16:10 AM,90eec047-676b-4d50-9684-e8707ca80941,2.0,,,,,,,,,,,,,,,,,,,,,,,,,,,,,,,,,,,"(-10.1, 0.5, 5.3)","(-9.7, 1.2, 5.1)","(-9.4, 0.8, 5.1)",
VOICE_CAPTURE,207284,6/27/2026 10:16:11 AM,90eec047-676b-4d50-9684-e8707ca80941,2.0,,,,,,,,,,,,,,,,,,,,,,,,,,,,,,,,,,,,,,,,,,,,,,,,,,,NA,I'm going to give you some payments in Antibiotics.,
PLAYER_POSITIONS,207327,6/27/2026 10:16:11 AM,90eec047-676b-4d50-9684-e8707ca80941,2.0,,,,,,,,,,,,,,,,,,,,,,,,,,,,,,,,,,,"(-10.2, 0.5, 5.3)","(-9.8, 1.2, 5.2)","(-9.5, 0.7, 5.1)",
PLAYER_POSITIONS,207327,6/27/2026 10:16:11 AM,90eec047-676b-4d50-9684-e8707ca80941,2.0,,,,,,,,,,,,,,,,,,,,,,,,,,,,,,,,,,,"(-10.2, 0.5, 5.3)","(-9.8, 1.2, 5.2)","(-9.5, 0.7, 5.1)",
VOICE_CAPTURE,207796,6/27/2026 10:16:11 AM,90eec047-676b-4d50-9684-e8707ca80941,2.0,,,,,,,,,,,,,,,,,,,,,,,,,,,,,,,,,,,,,,,,,,,,,,,,,,,NA,I'm going to give you some PMEDS in Antibiotics.,
PLAYER_POSITIONS,207840,6/27/2026 10:16:11 AM,90eec047-676b-4d50-9684-e8707ca80941,2.0,,,,,,,,,,,,,,,,,,,,,,,,,,,,,,,,,,,"(-10.2, 0.5, 5.3)","(-9.8, 1.2, 5.1)","(-9.4, 0.5, 5.1)",
PLAYER_POSITIONS,207840,6/27/2026 10:16:11 AM,90eec047-676b-4d50-9684-e8707ca80941,2.0,,,,,,,,,,,,,,,,,,,,,,,,,,,,,,,,,,,"(-10.2, 0.5, 5.3)","(-9.8, 1.2, 5.1)","(-9.4, 0.5, 5.1)",
TOOL_HOVER,208270,6/27/2026 10:16:12 AM,90eec047-676b-4d50-9684-e8707ca80941,2.0,,,,,,,,,,,,,,,,,,,,,,,,,,,,,,,,,,,,,,,,,,,,,,997,,Antibiotics,
VOICE_CAPTURE,208306,6/27/2026 10:16:12 AM,90eec047-676b-4d50-9684-e8707ca80941,2.0,,,,,,,,,,,,,,,,,,,,,,,,,,,,,,,,,,,,,,,,,,,,,,,,,,,NA,I'm going to give you some PMEDS in Antibiotics. and antibiotics.,
AUDIO_START,208335,6/27/2026 10:16:12 AM,90eec047-676b-4d50-9684-e8707ca80941,2.0,commanding officer approval,5.067755,
PLAYER_POSITIONS,208351,6/27/2026 10:16:12 AM,90eec047-676b-4d50-9684-e8707ca80941,2.0,,,,,,,,,,,,,,,,,,,,,,,,,,,,,,,,,,,"(-10.2, 0.5, 5.3)","(-9.7, 1.1, 5.1)","(-9.1, 0.7, 5.0)",
PLAYER_POSITIONS,208351,6/27/2026 10:16:12 AM,90eec047-676b-4d50-9684-e8707ca80941,2.0,,,,,,,,,,,,,,,,,,,,,,,,,,,,,,,,,,,"(-10.2, 0.5, 5.3)","(-9.7, 1.1, 5.1)","(-9.1, 0.7, 5.0)",
TOOL_SELECTED,208461,6/27/2026 10:16:12 AM,90eec047-676b-4d50-9684-e8707ca80941,2.0,,,,,,,,,,,,,,,,,,,,,,,,,,,,,,,,,,,,,,,,,,,,,,996,,Antibiotics,
VOICE_CAPTURE,208776,6/27/2026 10:16:12 AM,90eec047-676b-4d50-9684-e8707ca80941,2.0,,,,,,,,,,,,,,,,,,,,,,,,,,,,,,,,,,,,,,,,,,,,,,,,,,,NA,I'm going to give you some PMEDS in Antibiotics. and antibiotics.,
VOICE_CAPTURE,208776,6/27/2026 10:16:12 AM,90eec047-676b-4d50-9684-e8707ca80941,2.0,,,,,,,,,,,,,,,,,,,,,,,,,,,,,,,,,,,,,,,,,,,,,,,,,,,NA,I'm going to give you some PMEDS in Antibiotics. and antibiotics.,
PLAYER_POSITIONS,208864,6/27/2026 10:16:12 AM,90eec047-676b-4d50-9684-e8707ca80941,2.0,,,,,,,,,,,,,,,,,,,,,,,,,,,,,,,,,,,"(-10.2, 0.5, 5.3)","(-9.8, 1.2, 5.2)","(-9.4, 0.8, 5.2)",
PLAYER_POSITIONS,208864,6/27/2026 10:16:12 AM,90eec047-676b-4d50-9684-e8707ca80941,2.0,,,,,,,,,,,,,,,,,,,,,,,,,,,,,,,,,,,"(-10.2, 0.5, 5.3)","(-9.8, 1.2, 5.2)","(-9.4, 0.8, 5.2)",
PLAYER_POSITIONS,209382,6/27/2026 10:16:13 AM,90eec047-676b-4d50-9684-e8707ca80941,2.0,,,,,,,,,,,,,,,,,,,,,,,,,,,,,,,,,,,"(-10.3, 0.5, 5.3)","(-10.2, 1.0, 5.4)","(-10.2, 0.4, 5.5)",
PLAYER_POSITIONS,209382,6/27/2026 10:16:13 AM,90eec047-676b-4d50-9684-e8707ca80941,2.0,,,,,,,,,,,,,,,,,,,,,,,,,,,,,,,,,,,"(-10.3, 0.5, 5.3)","(-10.2, 1.0, 5.4)","(-10.2, 0.4, 5.5)",
PLAYER_POSITIONS,209882,6/27/2026 10:16:13 AM,90eec047-676b-4d50-9684-e8707ca80941,2.0,,,,,,,,,,,,,,,,,,,,,,,,,,,,,,,,,,,"(-10.3, 0.5, 5.3)","(-10.3, 0.9, 5.5)","(-10.3, 0.2, 5.5)",
PLAYER_POSITIONS,209882,6/27/2026 10:16:13 AM,90eec047-676b-4d50-9684-e8707ca80941,2.0,,,,,,,,,,,,,,,,,,,,,,,,,,,,,,,,,,,"(-10.3, 0.5, 5.3)","(-10.3, 0.9, 5.5)","(-10.3, 0.2, 5.5)",
INJURY_TREATED,210205,6/27/2026 10:16:14 AM,90eec047-676b-4d50-9684-e8707ca80941,2.0,,,,,,,,,head,Unspecified,"(0.0, 0.0, 0.0)",none,1,1,none,True,False,,,,,,,Military PT 6,
TOOL_APPLIED,210205,6/27/2026 10:16:14 AM,90eec047-676b-4d50-9684-e8707ca80941,2.0,,,,,,,,,,,,,,,,,,,,,,,,Military PT 6,,,,,,,,,,,,,,,,,,,,AppliedAntibiotics,Jaw (UnityEngine.GameObject),,null,Antibiotics,
PLAYER_POSITIONS,210404,6/27/2026 10:16:14 AM,90eec047-676b-4d50-9684-e8707ca80941,2.0,,,,,,,,,,,,,,,,,,,,,,,,,,,,,,,,,,,"(-10.3, 0.4, 5.3)","(-10.2, 0.9, 5.5)","(-10.4, 0.2, 5.6)",
PLAYER_POSITIONS,210404,6/27/2026 10:16:14 AM,90eec047-676b-4d50-9684-e8707ca80941,2.0,,,,,,,,,,,,,,,,,,,,,,,,,,,,,,,,,,,"(-10.3, 0.4, 5.3)","(-10.2, 0.9, 5.5)","(-10.4, 0.2, 5.6)",
BAG_CLOSED,210812,6/27/2026 10:16:14 AM,90eec047-676b-4d50-9684-e8707ca80941,2.0,,,,,,,,,,,,,,,,,,,,,,,,,,,,,,,,,,,,"(0.0, 0.0, 0.0)",
PLAYER_POSITIONS,210925,6/27/2026 10:16:15 AM,90eec047-676b-4d50-9684-e8707ca80941,2.0,,,,,,,,,,,,,,,,,,,,,,,,,,,,,,,,,,,"(-10.2, 0.4, 5.2)","(-10.1, 1.0, 5.5)","(-10.1, 0.4, 5.4)",
PLAYER_POSITIONS,210925,6/27/2026 10:16:15 AM,90eec047-676b-4d50-9684-e8707ca80941,2.0,,,,,,,,,,,,,,,,,,,,,,,,,,,,,,,,,,,"(-10.2, 0.4, 5.2)","(-10.1, 1.0, 5.5)","(-10.1, 0.4, 5.4)",
PLAYER_POSITIONS,211439,6/27/2026 10:16:15 AM,90eec047-676b-4d50-9684-e8707ca80941,2.0,,,,,,,,,,,,,,,,,,,,,,,,,,,,,,,,,,,"(-10.1, 0.5, 5.3)","(-9.8, 1.2, 5.1)","(-9.4, 0.5, 4.8)",
PLAYER_POSITIONS,211439,6/27/2026 10:16:15 AM,90eec047-676b-4d50-9684-e8707ca80941,2.0,,,,,,,,,,,,,,,,,,,,,,,,,,,,,,,,,,,"(-10.1, 0.5, 5.3)","(-9.8, 1.2, 5.1)","(-9.4, 0.5, 4.8)",
PLAYER_POSITIONS,211938,6/27/2026 10:16:16 AM,90eec047-676b-4d50-9684-e8707ca80941,2.0,,,,,,,,,,,,,,,,,,,,,,,,,,,,,,,,,,,"(-9.8, 0.6, 5.2)","(-9.7, 1.3, 4.9)","(-9.6, 0.5, 4.7)",
PLAYER_POSITIONS,211938,6/27/2026 10:16:16 AM,90eec047-676b-4d50-9684-e8707ca80941,2.0,,,,,,,,,,,,,,,,,,,,,,,,,,,,,,,,,,,"(-9.8, 0.6, 5.2)","(-9.7, 1.3, 4.9)","(-9.6, 0.5, 4.7)",
PLAYER_POSITIONS,212449,6/27/2026 10:16:16 AM,90eec047-676b-4d50-9684-e8707ca80941,2.0,,,,,,,,,,,,,,,,,,,,,,,,,,,,,,,,,,,"(-9.8, 0.7, 4.9)","(-9.9, 1.3, 4.6)","(-9.6, 0.7, 4.4)",
PLAYER_GAZE,212449,6/27/2026 10:16:16 AM,90eec047-676b-4d50-9684-e8707ca80941,2.0,,,,,,,,,,,,,,,,,,,,,,,,Lifting NPC,,,,,,,,,"(-1.4, 1.3, 0.8)",,,"(-8.5, 0.0, 3.8)",
PLAYER_POSITIONS,212449,6/27/2026 10:16:16 AM,90eec047-676b-4d50-9684-e8707ca80941,2.0,,,,,,,,,,,,,,,,,,,,,,,,,,,,,,,,,,,"(-9.8, 0.7, 4.9)","(-9.9, 1.3, 4.6)","(-9.6, 0.7, 4.4)",
PLAYER_GAZE,212449,6/27/2026 10:16:16 AM,90eec047-676b-4d50-9684-e8707ca80941,2.0,,,,,,,,,,,,,,,,,,,,,,,,Lifting NPC,,,,,,,,,"(-1.4, 1.3, 0.8)",,,"(-8.5, 0.0, 3.8)",
PLAYER_POSITIONS,212959,6/27/2026 10:16:17 AM,90eec047-676b-4d50-9684-e8707ca80941,2.0,,,,,,,,,,,,,,,,,,,,,,,,,,,,,,,,,,,"(-9.8, 0.6, 4.5)","(-10.1, 1.3, 4.4)","(-10.1, 0.6, 4.0)",
PLAYER_POSITIONS,212959,6/27/2026 10:16:17 AM,90eec047-676b-4d50-9684-e8707ca80941,2.0,,,,,,,,,,,,,,,,,,,,,,,,,,,,,,,,,,,"(-9.8, 0.6, 4.5)","(-10.1, 1.3, 4.4)","(-10.1, 0.6, 4.0)",
AUDIO_END,213402,6/27/2026 10:16:17 AM,90eec047-676b-4d50-9684-e8707ca80941,2.0,commanding officer approval,5.067755,
NARRATIVE_SECTION_END,213402,6/27/2026 10:16:17 AM,90eec047-676b-4d50-9684-e8707ca80941,2.0,,,,,,,,,,,,,,,,,,Commanding officer approval,23,
NARRATIVE_SECTION_START,213420,6/27/2026 10:16:17 AM,90eec047-676b-4d50-9684-e8707ca80941,2.0,,,,,,,,,,,,,,,,,,Show of force approved,24,
PLAYER_POSITIONS,213468,6/27/2026 10:16:17 AM,90eec047-676b-4d50-9684-e8707ca80941,2.0,,,,,,,,,,,,,,,,,,,,,,,,,,,,,,,,,,,"(-9.4, 0.5, 3.8)","(-9.3, 1.3, 3.6)","(-9.5, 0.5, 3.4)",
PLAYER_POSITIONS,213468,6/27/2026 10:16:17 AM,90eec047-676b-4d50-9684-e8707ca80941,2.0,,,,,,,,,,,,,,,,,,,,,,,,,,,,,,,,,,,"(-9.4, 0.5, 3.8)","(-9.3, 1.3, 3.6)","(-9.5, 0.5, 3.4)",
PLAYER_POSITIONS,213969,6/27/2026 10:16:18 AM,90eec047-676b-4d50-9684-e8707ca80941,2.0,,,,,,,,,,,,,,,,,,,,,,,,,,,,,,,,,,,"(-8.7, 0.5, 3.6)","(-8.7, 1.3, 3.4)","(-8.7, 0.6, 3.2)",
PLAYER_POSITIONS,213969,6/27/2026 10:16:18 AM,90eec047-676b-4d50-9684-e8707ca80941,2.0,,,,,,,,,,,,,,,,,,,,,,,,,,,,,,,,,,,"(-8.7, 0.5, 3.6)","(-8.7, 1.3, 3.4)","(-8.7, 0.6, 3.2)",
VOICE_CAPTURE,214224,6/27/2026 10:16:18 AM,90eec047-676b-4d50-9684-e8707ca80941,2.0,,,,,,,,,,,,,,,,,,,,,,,,,,,,,,,,,,,,,,,,,,,,,,,,,,,NA,Okay.,
PATIENT_DISENGAGED,214245,6/27/2026 10:16:18 AM,90eec047-676b-4d50-9684-e8707ca80941,2.0,,,,16.78,,,,,,,,,,,,,,,,fast,100,Infinity,normal,Military PT 6,agony,supine,"(-9.8, 0.0, 4.8)",fast,"(0.0, 1.0, 0.0, 0.0)",normal,IMMEDIATE,still,,,,,,,,,,,,,,,,,38.61,
PLAYER_POSITIONS,214469,6/27/2026 10:16:18 AM,90eec047-676b-4d50-9684-e8707ca80941,2.0,,,,,,,,,,,,,,,,,,,,,,,,,,,,,,,,,,,"(-8.1, 0.5, 3.1)","(-8.2, 1.4, 2.9)","(-8.3, 0.5, 2.7)",
PLAYER_POSITIONS,214469,6/27/2026 10:16:18 AM,90eec047-676b-4d50-9684-e8707ca80941,2.0,,,,,,,,,,,,,,,,,,,,,,,,,,,,,,,,,,,"(-8.1, 0.5, 3.1)","(-8.2, 1.4, 2.9)","(-8.3, 0.5, 2.7)",
PATIENT_ENGAGED,214544,6/27/2026 10:16:18 AM,90eec047-676b-4d50-9684-e8707ca80941,2.0,,,,0,,,,,,,,,,,,,,,,collapsedRight,100,Infinity,normal,Military PT 1,unresponsive,supine,"(-6.8, -0.1, 2.1)",faint,"(0.0, 0.3, 0.0, 1.0)",normal,IMMEDIATE,still,,,,,,,,,,,,,,,,,0,
VOICE_CAPTURE,214786,6/27/2026 10:16:18 AM,90eec047-676b-4d50-9684-e8707ca80941,2.0,,,,,,,,,,,,,,,,,,,,,,,,,,,,,,,,,,,,,,,,,,,,,,,,,,,NA,Okay.,
PLAYER_POSITIONS,214987,6/27/2026 10:16:19 AM,90eec047-676b-4d50-9684-e8707ca80941,2.0,,,,,,,,,,,,,,,,,,,,,,,,,,,,,,,,,,,"(-7.6, 0.4, 2.5)","(-7.6, 1.2, 2.3)","(-7.7, 0.4, 2.1)",
PLAYER_POSITIONS,214987,6/27/2026 10:16:19 AM,90eec047-676b-4d50-9684-e8707ca80941,2.0,,,,,,,,,,,,,,,,,,,,,,,,,,,,,,,,,,,"(-7.6, 0.4, 2.5)","(-7.6, 1.2, 2.3)","(-7.7, 0.4, 2.1)",
VOICE_CAPTURE,215340,6/27/2026 10:16:19 AM,90eec047-676b-4d50-9684-e8707ca80941,2.0,,,,,,,,,,,,,,,,,,,,,,,,,,,,,,,,,,,,,,,,,,,,,,,,,,,NA,Okay.,
AUDIO_START,215412,6/27/2026 10:16:19 AM,90eec047-676b-4d50-9684-e8707ca80941,2.0,show of force approved,5.067755,
PLAYER_POSITIONS,215494,6/27/2026 10:16:19 AM,90eec047-676b-4d50-9684-e8707ca80941,2.0,,,,,,,,,,,,,,,,,,,,,,,,,,,,,,,,,,,"(-7.1, 0.4, 2.1)","(-7.0, 1.1, 1.8)","(-7.2, 0.4, 1.7)",
PLAYER_POSITIONS,215494,6/27/2026 10:16:19 AM,90eec047-676b-4d50-9684-e8707ca80941,2.0,,,,,,,,,,,,,,,,,,,,,,,,,,,,,,,,,,,"(-7.1, 0.4, 2.1)","(-7.0, 1.1, 1.8)","(-7.2, 0.4, 1.7)",
VOICE_CAPTURE,215738,6/27/2026 10:16:19 AM,90eec047-676b-4d50-9684-e8707ca80941,2.0,,,,,,,,,,,,,,,,,,,,,,,,,,,,,,,,,,,,,,,,,,,,,,,,,,,NA,Okay.,
PLAYER_POSITIONS,216003,6/27/2026 10:16:20 AM,90eec047-676b-4d50-9684-e8707ca80941,2.0,,,,,,,,,,,,,,,,,,,,,,,,,,,,,,,,,,,"(-7.0, 0.4, 1.9)","(-6.8, 1.0, 1.5)","(-6.9, 0.4, 1.5)",
PLAYER_POSITIONS,216003,6/27/2026 10:16:20 AM,90eec047-676b-4d50-9684-e8707ca80941,2.0,,,,,,,,,,,,,,,,,,,,,,,,,,,,,,,,,,,"(-7.0, 0.4, 1.9)","(-6.8, 1.0, 1.5)","(-6.9, 0.4, 1.5)",
VOICE_CAPTURE,216236,6/27/2026 10:16:20 AM,90eec047-676b-4d50-9684-e8707ca80941,2.0,,,,,,,,,,,,,,,,,,,,,,,,,,,,,,,,,,,,,,,,,,,,,,,,,,,NA,Okay.,
PLAYER_POSITIONS,216504,6/27/2026 10:16:20 AM,90eec047-676b-4d50-9684-e8707ca80941,2.0,,,,,,,,,,,,,,,,,,,,,,,,,,,,,,,,,,,"(-6.8, 0.4, 1.7)","(-6.7, 1.0, 1.4)","(-6.8, 0.5, 1.4)",
PLAYER_POSITIONS,216504,6/27/2026 10:16:20 AM,90eec047-676b-4d50-9684-e8707ca80941,2.0,,,,,,,,,,,,,,,,,,,,,,,,,,,,,,,,,,,"(-6.8, 0.4, 1.7)","(-6.7, 1.0, 1.4)","(-6.8, 0.5, 1.4)",
VOICE_CAPTURE,216769,6/27/2026 10:16:20 AM,90eec047-676b-4d50-9684-e8707ca80941,2.0,,,,,,,,,,,,,,,,,,,,,,,,,,,,,,,,,,,,,,,,,,,,,,,,,,,NA,Okay. Can you tell me what you're...,
PLAYER_POSITIONS,217015,6/27/2026 10:16:21 AM,90eec047-676b-4d50-9684-e8707ca80941,2.0,,,,,,,,,,,,,,,,,,,,,,,,,,,,,,,,,,,"(-6.7, 0.3, 1.8)","(-6.6, 0.9, 1.4)","(-6.7, 0.4, 1.2)",
PLAYER_POSITIONS,217015,6/27/2026 10:16:21 AM,90eec047-676b-4d50-9684-e8707ca80941,2.0,,,,,,,,,,,,,,,,,,,,,,,,,,,,,,,,,,,"(-6.7, 0.3, 1.8)","(-6.6, 0.9, 1.4)","(-6.7, 0.4, 1.2)",
PULSE_TAKEN,217190,6/27/2026 10:16:21 AM,90eec047-676b-4d50-9684-e8707ca80941,2.0,,,,,,,,,,,,,,,,,,,,,,,,Military PT 1,,,,pulse_faint,
VOICE_CAPTURE,217259,6/27/2026 10:16:21 AM,90eec047-676b-4d50-9684-e8707ca80941,2.0,,,,,,,,,,,,,,,,,,,,,,,,,,,,,,,,,,,,,,,,,,,,,,,,,,,NA,Okay. Can you tell me what year it is?,
PLAYER_POSITIONS,217525,6/27/2026 10:16:21 AM,90eec047-676b-4d50-9684-e8707ca80941,2.0,,,,,,,,,,,,,,,,,,,,,,,,,,,,,,,,,,,"(-6.8, 0.3, 1.7)","(-6.7, 0.8, 1.3)","(-6.6, 0.1, 1.2)",
PLAYER_POSITIONS,217525,6/27/2026 10:16:21 AM,90eec047-676b-4d50-9684-e8707ca80941,2.0,,,,,,,,,,,,,,,,,,,,,,,,,,,,,,,,,,,"(-6.8, 0.3, 1.7)","(-6.7, 0.8, 1.3)","(-6.6, 0.1, 1.2)",
VOICE_CAPTURE,217759,6/27/2026 10:16:21 AM,90eec047-676b-4d50-9684-e8707ca80941,2.0,,,,,,,,,,,,,,,,,,,,,,,,,,,,,,,,,,,,,,,,,,,,,,,,,,,NA,Okay. Can you tell me what year it is?,
VOICE_CAPTURE,217759,6/27/2026 10:16:21 AM,90eec047-676b-4d50-9684-e8707ca80941,2.0,,,,,,,,,,,,,,,,,,,,,,,,,,,,,,,,,,,,,,,,,,,,,,,,,,,NA,Okay. Can you tell me what year it is?,
VOICE_COMMAND,217759,6/27/2026 10:16:21 AM,90eec047-676b-4d50-9684-e8707ca80941,2.0,,,,,,,,,,,,,,,,,,,,,,,,,,,,,,,,,,,,,,,,,,,,,,,,,,,Okay. Can you tell me what year it is?,what year is it,
DRAG_STOP,217764,6/27/2026 10:16:21 AM,90eec047-676b-4d50-9684-e8707ca80941,2.0,,,,,"(-9.1, 0.0, 4.6)","(-9.9, 0.0, 4.8)",,,,,,,,,,,,,,,,,,Military PT 1,
PLAYER_POSITIONS,218047,6/27/2026 10:16:22 AM,90eec047-676b-4d50-9684-e8707ca80941,2.0,,,,,,,,,,,,,,,,,,,,,,,,,,,,,,,,,,,"(-6.7, 0.4, 1.7)","(-6.8, 0.9, 1.3)","(-6.8, 0.5, 1.0)",
PLAYER_POSITIONS,218047,6/27/2026 10:16:22 AM,90eec047-676b-4d50-9684-e8707ca80941,2.0,,,,,,,,,,,,,,,,,,,,,,,,,,,,,,,,,,,"(-6.7, 0.4, 1.7)","(-6.8, 0.9, 1.3)","(-6.8, 0.5, 1.0)",
VOICE_CAPTURE,218258,6/27/2026 10:16:22 AM,90eec047-676b-4d50-9684-e8707ca80941,2.0,,,,,,,,,,,,,,,,,,,,,,,,,,,,,,,,,,,,,,,,,,,,,,,,,,,NA,Tell me what year it is.,
PLAYER_POSITIONS,218547,6/27/2026 10:16:22 AM,90eec047-676b-4d50-9684-e8707ca80941,2.0,,,,,,,,,,,,,,,,,,,,,,,,,,,,,,,,,,,"(-6.8, 0.3, 1.7)","(-6.9, 0.9, 1.2)","(-7.0, 0.2, 1.1)",
PLAYER_POSITIONS,218547,6/27/2026 10:16:22 AM,90eec047-676b-4d50-9684-e8707ca80941,2.0,,,,,,,,,,,,,,,,,,,,,,,,,,,,,,,,,,,"(-6.8, 0.3, 1.7)","(-6.9, 0.9, 1.2)","(-7.0, 0.2, 1.1)",
VOICE_CAPTURE,218747,6/27/2026 10:16:22 AM,90eec047-676b-4d50-9684-e8707ca80941,2.0,,,,,,,,,,,,,,,,,,,,,,,,,,,,,,,,,,,,,,,,,,,,,,,,,,,NA,Tell me what year it is.,
TOOL_HOVER,218866,6/27/2026 10:16:22 AM,90eec047-676b-4d50-9684-e8707ca80941,2.0,,,,,,,,,,,,,,,,,,,,,,,,,,,,,,,,,,,,,,,,,,,,,,995,,Fentanyl Lollipop,
PLAYER_POSITIONS,219047,6/27/2026 10:16:23 AM,90eec047-676b-4d50-9684-e8707ca80941,2.0,,,,,,,,,,,,,,,,,,,,,,,,,,,,,,,,,,,"(-6.8, 0.3, 1.6)","(-7.0, 0.9, 1.2)","(-7.2, 0.4, 0.9)",
PLAYER_POSITIONS,219047,6/27/2026 10:16:23 AM,90eec047-676b-4d50-9684-e8707ca80941,2.0,,,,,,,,,,,,,,,,,,,,,,,,,,,,,,,,,,,"(-6.8, 0.3, 1.6)","(-7.0, 0.9, 1.2)","(-7.2, 0.4, 0.9)",
TOOL_HOVER,219278,6/27/2026 10:16:23 AM,90eec047-676b-4d50-9684-e8707ca80941,2.0,,,,,,,,,,,,,,,,,,,,,,,,,,,,,,,,,,,,,,,,,,,,,,999,,Decompression Needle,
VOICE_CAPTURE,219312,6/27/2026 10:16:23 AM,90eec047-676b-4d50-9684-e8707ca80941,2.0,,,,,,,,,,,,,,,,,,,,,,,,,,,,,,,,,,,,,,,,,,,,,,,,,,,NA,"Oh, shit.",
PLAYER_POSITIONS,219556,6/27/2026 10:16:23 AM,90eec047-676b-4d50-9684-e8707ca80941,2.0,,,,,,,,,,,,,,,,,,,,,,,,,,,,,,,,,,,"(-6.8, 0.3, 1.7)","(-7.0, 0.9, 1.2)","(-7.2, 0.3, 1.0)",
PLAYER_POSITIONS,219556,6/27/2026 10:16:23 AM,90eec047-676b-4d50-9684-e8707ca80941,2.0,,,,,,,,,,,,,,,,,,,,,,,,,,,,,,,,,,,"(-6.8, 0.3, 1.7)","(-7.0, 0.9, 1.2)","(-7.2, 0.3, 1.0)",
TAG_SELECTED,219622,6/27/2026 10:16:23 AM,90eec047-676b-4d50-9684-e8707ca80941,2.0,,,,,,,,,,,,,,,,,,,,,,,,,,,,,,,,,,,,,,,,,,green,
VOICE_CAPTURE,219745,6/27/2026 10:16:23 AM,90eec047-676b-4d50-9684-e8707ca80941,2.0,,,,,,,,,,,,,,,,,,,,,,,,,,,,,,,,,,,,,,,,,,,,,,,,,,,NA,"Oh, shit.",
VOICE_CAPTURE,219745,6/27/2026 10:16:23 AM,90eec047-676b-4d50-9684-e8707ca80941,2.0,,,,,,,,,,,,,,,,,,,,,,,,,,,,,,,,,,,,,,,,,,,,,,,,,,,NA,"Oh, shit.",
PLAYER_POSITIONS,220061,6/27/2026 10:16:24 AM,90eec047-676b-4d50-9684-e8707ca80941,2.0,,,,,,,,,,,,,,,,,,,,,,,,,,,,,,,,,,,"(-6.8, 0.3, 1.7)","(-6.7, 0.8, 1.4)","(-6.7, 0.2, 1.5)",
PLAYER_POSITIONS,220061,6/27/2026 10:16:24 AM,90eec047-676b-4d50-9684-e8707ca80941,2.0,,,,,,,,,,,,,,,,,,,,,,,,,,,,,,,,,,,"(-6.8, 0.3, 1.7)","(-6.7, 0.8, 1.4)","(-6.7, 0.2, 1.5)",
AUDIO_END,220493,6/27/2026 10:16:24 AM,90eec047-676b-4d50-9684-e8707ca80941,2.0,show of force approved,5.067755,
NARRATIVE_SECTION_END,220493,6/27/2026 10:16:24 AM,90eec047-676b-4d50-9684-e8707ca80941,2.0,,,,,,,,,,,,,,,,,,Show of force approved,24,
NARRATIVE_SECTION_START,220512,6/27/2026 10:16:24 AM,90eec047-676b-4d50-9684-e8707ca80941,2.0,,,,,,,,,,,,,,,,,,Copy echo standby,25,
PLAYER_POSITIONS,220560,6/27/2026 10:16:24 AM,90eec047-676b-4d50-9684-e8707ca80941,2.0,,,,,,,,,,,,,,,,,,,,,,,,,,,,,,,,,,,"(-6.8, 0.3, 1.7)","(-6.6, 0.8, 1.5)","(-6.5, 0.1, 1.5)",
PLAYER_POSITIONS,220560,6/27/2026 10:16:24 AM,90eec047-676b-4d50-9684-e8707ca80941,2.0,,,,,,,,,,,,,,,,,,,,,,,,,,,,,,,,,,,"(-6.8, 0.3, 1.7)","(-6.6, 0.8, 1.5)","(-6.5, 0.1, 1.5)",
VOICE_CAPTURE,220772,6/27/2026 10:16:24 AM,90eec047-676b-4d50-9684-e8707ca80941,2.0,,,,,,,,,,,,,,,,,,,,,,,,,,,,,,,,,,,,,,,,,,,,,,,,,,,NA,it.,
PLAYER_POSITIONS,221082,6/27/2026 10:16:25 AM,90eec047-676b-4d50-9684-e8707ca80941,2.0,,,,,,,,,,,,,,,,,,,,,,,,,,,,,,,,,,,"(-6.8, 0.3, 1.7)","(-6.6, 0.8, 1.5)","(-6.5, 0.1, 1.4)",
PLAYER_POSITIONS,221082,6/27/2026 10:16:25 AM,90eec047-676b-4d50-9684-e8707ca80941,2.0,,,,,,,,,,,,,,,,,,,,,,,,,,,,,,,,,,,"(-6.8, 0.3, 1.7)","(-6.6, 0.8, 1.5)","(-6.5, 0.1, 1.4)",
VOICE_CAPTURE,221283,6/27/2026 10:16:25 AM,90eec047-676b-4d50-9684-e8707ca80941,2.0,,,,,,,,,,,,,,,,,,,,,,,,,,,,,,,,,,,,,,,,,,,,,,,,,,,NA,it.,
TAG_DISCARDED,221550,6/27/2026 10:16:25 AM,90eec047-676b-4d50-9684-e8707ca80941,2.0,,,,,,,,,,,,,,,,,,,,,,,,,,,,,,,,,,,,"(-7.4, 0.3, 1.4)",,,,,,green,
PLAYER_POSITIONS,221584,6/27/2026 10:16:25 AM,90eec047-676b-4d50-9684-e8707ca80941,2.0,,,,,,,,,,,,,,,,,,,,,,,,,,,,,,,,,,,"(-6.8, 0.3, 1.7)","(-6.9, 0.9, 1.4)","(-7.4, 0.3, 1.4)",
PLAYER_POSITIONS,221584,6/27/2026 10:16:25 AM,90eec047-676b-4d50-9684-e8707ca80941,2.0,,,,,,,,,,,,,,,,,,,,,,,,,,,,,,,,,,,"(-6.8, 0.3, 1.7)","(-6.9, 0.9, 1.4)","(-7.4, 0.3, 1.4)",
VOICE_CAPTURE,221785,6/27/2026 10:16:25 AM,90eec047-676b-4d50-9684-e8707ca80941,2.0,,,,,,,,,,,,,,,,,,,,,,,,,,,,,,,,,,,,,,,,,,,,,,,,,,,NA,shit.,
TOOL_HOVER,221871,6/27/2026 10:16:25 AM,90eec047-676b-4d50-9684-e8707ca80941,2.0,,,,,,,,,,,,,,,,,,,,,,,,,,,,,,,,,,,,,,,,,,,,,,999,,Decompression Needle,
PLAYER_POSITIONS,222095,6/27/2026 10:16:26 AM,90eec047-676b-4d50-9684-e8707ca80941,2.0,,,,,,,,,,,,,,,,,,,,,,,,,,,,,,,,,,,"(-6.8, 0.3, 1.7)","(-7.0, 0.9, 1.3)","(-7.2, 0.3, 0.9)",
PLAYER_POSITIONS,222095,6/27/2026 10:16:26 AM,90eec047-676b-4d50-9684-e8707ca80941,2.0,,,,,,,,,,,,,,,,,,,,,,,,,,,,,,,,,,,"(-6.8, 0.3, 1.7)","(-7.0, 0.9, 1.3)","(-7.2, 0.3, 0.9)",
TOOL_SELECTED,222205,6/27/2026 10:16:26 AM,90eec047-676b-4d50-9684-e8707ca80941,2.0,,,,,,,,,,,,,,,,,,,,,,,,,,,,,,,,,,,,,,,,,,,,,,998,,Decompression Needle,
VOICE_CAPTURE,222241,6/27/2026 10:16:26 AM,90eec047-676b-4d50-9684-e8707ca80941,2.0,,,,,,,,,,,,,,,,,,,,,,,,,,,,,,,,,,,,,,,,,,,,,,,,,,,NA,"No, not that.",
AUDIO_START,222509,6/27/2026 10:16:26 AM,90eec047-676b-4d50-9684-e8707ca80941,2.0,copy echo standby,3.056327,
PLAYER_POSITIONS,222617,6/27/2026 10:16:26 AM,90eec047-676b-4d50-9684-e8707ca80941,2.0,,,,,,,,,,,,,,,,,,,,,,,,,,,,,,,,,,,"(-6.8, 0.3, 1.7)","(-6.8, 0.9, 1.4)","(-6.7, 0.3, 1.3)",
PLAYER_POSITIONS,222617,6/27/2026 10:16:26 AM,90eec047-676b-4d50-9684-e8707ca80941,2.0,,,,,,,,,,,,,,,,,,,,,,,,,,,,,,,,,,,"(-6.8, 0.3, 1.7)","(-6.8, 0.9, 1.4)","(-6.7, 0.3, 1.3)",
VOICE_CAPTURE,222772,6/27/2026 10:16:26 AM,90eec047-676b-4d50-9684-e8707ca80941,2.0,,,,,,,,,,,,,,,,,,,,,,,,,,,,,,,,,,,,,,,,,,,,,,,,,,,NA,"shit. No, not that.",
PLAYER_POSITIONS,223127,6/27/2026 10:16:27 AM,90eec047-676b-4d50-9684-e8707ca80941,2.0,,,,,,,,,,,,,,,,,,,,,,,,,,,,,,,,,,,"(-6.8, 0.3, 1.8)","(-6.6, 0.8, 1.5)","(-6.5, 0.1, 1.4)",
PLAYER_POSITIONS,223127,6/27/2026 10:16:27 AM,90eec047-676b-4d50-9684-e8707ca80941,2.0,,,,,,,,,,,,,,,,,,,,,,,,,,,,,,,,,,,"(-6.8, 0.3, 1.8)","(-6.6, 0.8, 1.5)","(-6.5, 0.1, 1.4)",
VOICE_CAPTURE,223259,6/27/2026 10:16:27 AM,90eec047-676b-4d50-9684-e8707ca80941,2.0,,,,,,,,,,,,,,,,,,,,,,,,,,,,,,,,,,,,,,,,,,,,,,,,,,,NA,"shit. No, not that. No, not that.",
PLAYER_POSITIONS,223628,6/27/2026 10:16:27 AM,90eec047-676b-4d50-9684-e8707ca80941,2.0,,,,,,,,,,,,,,,,,,,,,,,,,,,,,,,,,,,"(-6.8, 0.3, 1.7)","(-6.6, 0.8, 1.5)","(-6.5, 0.1, 1.4)",
PLAYER_POSITIONS,223628,6/27/2026 10:16:27 AM,90eec047-676b-4d50-9684-e8707ca80941,2.0,,,,,,,,,,,,,,,,,,,,,,,,,,,,,,,,,,,"(-6.8, 0.3, 1.7)","(-6.6, 0.8, 1.5)","(-6.5, 0.1, 1.4)",
VOICE_CAPTURE,223739,6/27/2026 10:16:27 AM,90eec047-676b-4d50-9684-e8707ca80941,2.0,,,,,,,,,,,,,,,,,,,,,,,,,,,,,,,,,,,,,,,,,,,,,,,,,,,NA,"shit. No, not that. No, not that.",
VOICE_CAPTURE,223739,6/27/2026 10:16:27 AM,90eec047-676b-4d50-9684-e8707ca80941,2.0,,,,,,,,,,,,,,,,,,,,,,,,,,,,,,,,,,,,,,,,,,,,,,,,,,,NA,"shit. No, not that. No, not that.",
INJURY_TREATED,223853,6/27/2026 10:16:27 AM,90eec047-676b-4d50-9684-e8707ca80941,2.0,,,,,,,,,chest,R Chest Collapse,"(-6.6, 0.0, 1.5)",decompressionNeedle,1,1,high,True,True,,,,,,,Military PT 1,
TOOL_APPLIED,223856,6/27/2026 10:16:27 AM,90eec047-676b-4d50-9684-e8707ca80941,2.0,,,,,,,,,,,,,,,,,,,,,,,,Military PT 1,,,,,,,,,,,,,,,,,,,,AppliedDecompNeedle,RightChestBreath (UnityEngine.GameObject),,Decompression Needle(Clone) (UnityEngine.GameObject),Decompression Needle,
PLAYER_POSITIONS,224143,6/27/2026 10:16:28 AM,90eec047-676b-4d50-9684-e8707ca80941,2.0,,,,,,,,,,,,,,,,,,,,,,,,,,,,,,,,,,,"(-6.8, 0.3, 1.7)","(-6.7, 0.8, 1.5)","(-6.5, 0.1, 1.4)",
PLAYER_POSITIONS,224143,6/27/2026 10:16:28 AM,90eec047-676b-4d50-9684-e8707ca80941,2.0,,,,,,,,,,,,,,,,,,,,,,,,,,,,,,,,,,,"(-6.8, 0.3, 1.7)","(-6.7, 0.8, 1.5)","(-6.5, 0.1, 1.4)",
BAG_CLOSED,224451,6/27/2026 10:16:28 AM,90eec047-676b-4d50-9684-e8707ca80941,2.0,,,,,,,,,,,,,,,,,,,,,,,,,,,,,,,,,,,,"(0.0, 0.0, 0.0)",
PLAYER_POSITIONS,224655,6/27/2026 10:16:28 AM,90eec047-676b-4d50-9684-e8707ca80941,2.0,,,,,,,,,,,,,,,,,,,,,,,,,,,,,,,,,,,"(-6.9, 0.3, 1.7)","(-6.9, 0.9, 1.5)","(-7.0, 0.3, 1.3)",
PLAYER_POSITIONS,224655,6/27/2026 10:16:28 AM,90eec047-676b-4d50-9684-e8707ca80941,2.0,,,,,,,,,,,,,,,,,,,,,,,,,,,,,,,,,,,"(-6.9, 0.3, 1.7)","(-6.9, 0.9, 1.5)","(-7.0, 0.3, 1.3)",
PLAYER_POSITIONS,225186,6/27/2026 10:16:29 AM,90eec047-676b-4d50-9684-e8707ca80941,2.0,,,,,,,,,,,,,,,,,,,,,,,,,,,,,,,,,,,"(-7.1, 0.4, 1.8)","(-7.1, 1.0, 1.8)","(-7.1, 0.3, 1.6)",
PLAYER_GAZE,225186,6/27/2026 10:16:29 AM,90eec047-676b-4d50-9684-e8707ca80941,2.0,,,,,,,,,,,,,,,,,,,,,,,,Military PT 1,,,,,,,,,"(-0.3, 1.0, -0.3)",,,"(-6.8, 0.0, 2.1)",
PLAYER_POSITIONS,225186,6/27/2026 10:16:29 AM,90eec047-676b-4d50-9684-e8707ca80941,2.0,,,,,,,,,,,,,,,,,,,,,,,,,,,,,,,,,,,"(-7.1, 0.4, 1.8)","(-7.1, 1.0, 1.8)","(-7.1, 0.3, 1.6)",
PLAYER_GAZE,225186,6/27/2026 10:16:29 AM,90eec047-676b-4d50-9684-e8707ca80941,2.0,,,,,,,,,,,,,,,,,,,,,,,,Military PT 1,,,,,,,,,"(-0.3, 1.0, -0.3)",,,"(-6.8, 0.0, 2.1)",
EVAC_RADIO_ALERT,225464,6/27/2026 10:16:29 AM,90eec047-676b-4d50-9684-e8707ca80941,2.0,,,,,,,,1,
AUDIO_START,225470,6/27/2026 10:16:29 AM,90eec047-676b-4d50-9684-e8707ca80941,2.0,evac in 7 minutes,4.127347,
AUDIO_END,225565,6/27/2026 10:16:29 AM,90eec047-676b-4d50-9684-e8707ca80941,2.0,copy echo standby,3.056327,
NARRATIVE_SECTION_END,225565,6/27/2026 10:16:29 AM,90eec047-676b-4d50-9684-e8707ca80941,2.0,,,,,,,,,,,,,,,,,,Copy echo standby,25,
NARRATIVE_SECTION_START,225607,6/27/2026 10:16:29 AM,90eec047-676b-4d50-9684-e8707ca80941,2.0,,,,,,,,,,,,,,,,,,Razor 2 show of force,26,
PLAYER_POSITIONS,225699,6/27/2026 10:16:29 AM,90eec047-676b-4d50-9684-e8707ca80941,2.0,,,,,,,,,,,,,,,,,,,,,,,,,,,,,,,,,,,"(-7.1, 0.4, 2.1)","(-7.1, 1.0, 2.2)","(-7.1, 0.3, 1.9)",
PLAYER_POSITIONS,225699,6/27/2026 10:16:29 AM,90eec047-676b-4d50-9684-e8707ca80941,2.0,,,,,,,,,,,,,,,,,,,,,,,,,,,,,,,,,,,"(-7.1, 0.4, 2.1)","(-7.1, 1.0, 2.2)","(-7.1, 0.3, 1.9)",
PLAYER_POSITIONS,226232,6/27/2026 10:16:30 AM,90eec047-676b-4d50-9684-e8707ca80941,2.0,,,,,,,,,,,,,,,,,,,,,,,,,,,,,,,,,,,"(-7.0, 0.3, 2.4)","(-6.8, 0.8, 2.4)","(-7.0, 0.2, 2.2)",
PLAYER_POSITIONS,226232,6/27/2026 10:16:30 AM,90eec047-676b-4d50-9684-e8707ca80941,2.0,,,,,,,,,,,,,,,,,,,,,,,,,,,,,,,,,,,"(-7.0, 0.3, 2.4)","(-6.8, 0.8, 2.4)","(-7.0, 0.2, 2.2)",
PLAYER_POSITIONS,226752,6/27/2026 10:16:30 AM,90eec047-676b-4d50-9684-e8707ca80941,2.0,,,,,,,,,,,,,,,,,,,,,,,,,,,,,,,,,,,"(-6.8, 0.3, 2.6)","(-6.6, 0.7, 2.5)","(-6.9, 0.2, 2.4)",
PLAYER_POSITIONS,226752,6/27/2026 10:16:30 AM,90eec047-676b-4d50-9684-e8707ca80941,2.0,,,,,,,,,,,,,,,,,,,,,,,,,,,,,,,,,,,"(-6.8, 0.3, 2.6)","(-6.6, 0.7, 2.5)","(-6.9, 0.2, 2.4)",
PLAYER_POSITIONS,227257,6/27/2026 10:16:31 AM,90eec047-676b-4d50-9684-e8707ca80941,2.0,,,,,,,,,,,,,,,,,,,,,,,,,,,,,,,,,,,"(-6.8, 0.3, 2.6)","(-6.6, 0.7, 2.5)","(-6.8, 0.2, 2.4)",
PLAYER_POSITIONS,227257,6/27/2026 10:16:31 AM,90eec047-676b-4d50-9684-e8707ca80941,2.0,,,,,,,,,,,,,,,,,,,,,,,,,,,,,,,,,,,"(-6.8, 0.3, 2.6)","(-6.6, 0.7, 2.5)","(-6.8, 0.2, 2.4)",
PLAYER_POSITIONS,227766,6/27/2026 10:16:31 AM,90eec047-676b-4d50-9684-e8707ca80941,2.0,,,,,,,,,,,,,,,,,,,,,,,,,,,,,,,,,,,"(-6.8, 0.3, 2.6)","(-6.7, 0.9, 2.4)","(-6.5, 0.3, 2.1)",
PLAYER_POSITIONS,227766,6/27/2026 10:16:31 AM,90eec047-676b-4d50-9684-e8707ca80941,2.0,,,,,,,,,,,,,,,,,,,,,,,,,,,,,,,,,,,"(-6.8, 0.3, 2.6)","(-6.7, 0.9, 2.4)","(-6.5, 0.3, 2.1)",
PLAYER_POSITIONS,228277,6/27/2026 10:16:32 AM,90eec047-676b-4d50-9684-e8707ca80941,2.0,,,,,,,,,,,,,,,,,,,,,,,,,,,,,,,,,,,"(-6.8, 0.3, 2.6)","(-6.8, 0.9, 2.3)","(-6.9, 0.3, 2.0)",
PLAYER_GAZE,228277,6/27/2026 10:16:32 AM,90eec047-676b-4d50-9684-e8707ca80941,2.0,,,,,,,,,,,,,,,,,,,,,,,,Military PT 1,,,,,,,,,"(0.0, 0.9, 0.3)",,,"(-6.8, 0.0, 2.1)",
PLAYER_POSITIONS,228277,6/27/2026 10:16:32 AM,90eec047-676b-4d50-9684-e8707ca80941,2.0,,,,,,,,,,,,,,,,,,,,,,,,,,,,,,,,,,,"(-6.8, 0.3, 2.6)","(-6.8, 0.9, 2.3)","(-6.9, 0.3, 2.0)",
PLAYER_GAZE,228277,6/27/2026 10:16:32 AM,90eec047-676b-4d50-9684-e8707ca80941,2.0,,,,,,,,,,,,,,,,,,,,,,,,Military PT 1,,,,,,,,,"(0.0, 0.9, 0.3)",,,"(-6.8, 0.0, 2.1)",
TOOL_HOVER,228563,6/27/2026 10:16:32 AM,90eec047-676b-4d50-9684-e8707ca80941,2.0,,,,,,,,,,,,,,,,,,,,,,,,,,,,,,,,,,,,,,,,,,,,,,998,,Tourniquet,
TOOL_SELECTED,228698,6/27/2026 10:16:32 AM,90eec047-676b-4d50-9684-e8707ca80941,2.0,,,,,,,,,,,,,,,,,,,,,,,,,,,,,,,,,,,,,,,,,,,,,,997,,Tourniquet,
PLAYER_POSITIONS,228787,6/27/2026 10:16:32 AM,90eec047-676b-4d50-9684-e8707ca80941,2.0,,,,,,,,,,,,,,,,,,,,,,,,,,,,,,,,,,,"(-6.8, 0.2, 2.6)","(-6.7, 0.8, 2.3)","(-6.6, 0.3, 2.1)",
PLAYER_POSITIONS,228787,6/27/2026 10:16:32 AM,90eec047-676b-4d50-9684-e8707ca80941,2.0,,,,,,,,,,,,,,,,,,,,,,,,,,,,,,,,,,,"(-6.8, 0.2, 2.6)","(-6.7, 0.8, 2.3)","(-6.6, 0.3, 2.1)",
PLAYER_POSITIONS,229309,6/27/2026 10:16:33 AM,90eec047-676b-4d50-9684-e8707ca80941,2.0,,,,,,,,,,,,,,,,,,,,,,,,,,,,,,,,,,,"(-6.8, 0.2, 2.6)","(-6.6, 0.7, 2.4)","(-6.5, 0.2, 2.3)",
PLAYER_POSITIONS,229309,6/27/2026 10:16:33 AM,90eec047-676b-4d50-9684-e8707ca80941,2.0,,,,,,,,,,,,,,,,,,,,,,,,,,,,,,,,,,,"(-6.8, 0.2, 2.6)","(-6.6, 0.7, 2.4)","(-6.5, 0.2, 2.3)",
AUDIO_END,229610,6/27/2026 10:16:33 AM,90eec047-676b-4d50-9684-e8707ca80941,2.0,evac in 7 minutes,4.127347,
PLAYER_POSITIONS,229809,6/27/2026 10:16:33 AM,90eec047-676b-4d50-9684-e8707ca80941,2.0,,,,,,,,,,,,,,,,,,,,,,,,,,,,,,,,,,,"(-6.8, 0.2, 2.6)","(-6.5, 0.7, 2.4)","(-6.6, 0.0, 2.3)",
PLAYER_POSITIONS,229809,6/27/2026 10:16:33 AM,90eec047-676b-4d50-9684-e8707ca80941,2.0,,,,,,,,,,,,,,,,,,,,,,,,,,,,,,,,,,,"(-6.8, 0.2, 2.6)","(-6.5, 0.7, 2.4)","(-6.6, 0.0, 2.3)",
PLAYER_POSITIONS,230320,6/27/2026 10:16:34 AM,90eec047-676b-4d50-9684-e8707ca80941,2.0,,,,,,,,,,,,,,,,,,,,,,,,,,,,,,,,,,,"(-6.8, 0.2, 2.6)","(-6.5, 0.7, 2.4)","(-6.6, 0.0, 2.3)",
PLAYER_POSITIONS,230320,6/27/2026 10:16:34 AM,90eec047-676b-4d50-9684-e8707ca80941,2.0,,,,,,,,,,,,,,,,,,,,,,,,,,,,,,,,,,,"(-6.8, 0.2, 2.6)","(-6.5, 0.7, 2.4)","(-6.6, 0.0, 2.3)",
AUDIO_START,230594,6/27/2026 10:16:34 AM,90eec047-676b-4d50-9684-e8707ca80941,2.0,razor 2 show of force,3.866122,
INJURY_TREATED,230819,6/27/2026 10:16:34 AM,90eec047-676b-4d50-9684-e8707ca80941,2.0,,,,,,,,,rightCalf,R Calf Laceration,"(-6.6, -0.1, 2.4)",israeliWrap,1,0,low,True,True,,,,,,,Military PT 1,
TOOL_APPLIED,230819,6/27/2026 10:16:34 AM,90eec047-676b-4d50-9684-e8707ca80941,2.0,,,,,,,,,,,,,,,,,,,,,,,,Military PT 1,,,,,,,,,,,,,,,,,,,,AppliedTourniquet,RightLeg (UnityEngine.GameObject),,Tourniquet(Clone) (UnityEngine.GameObject),Tourniquet,
PLAYER_POSITIONS,230841,6/27/2026 10:16:34 AM,90eec047-676b-4d50-9684-e8707ca80941,2.0,,,,,,,,,,,,,,,,,,,,,,,,,,,,,,,,,,,"(-6.8, 0.2, 2.6)","(-6.5, 0.7, 2.4)","(-6.6, 0.0, 2.4)",
PLAYER_POSITIONS,230841,6/27/2026 10:16:34 AM,90eec047-676b-4d50-9684-e8707ca80941,2.0,,,,,,,,,,,,,,,,,,,,,,,,,,,,,,,,,,,"(-6.8, 0.2, 2.6)","(-6.5, 0.7, 2.4)","(-6.6, 0.0, 2.4)",
PLAYER_POSITIONS,231366,6/27/2026 10:16:35 AM,90eec047-676b-4d50-9684-e8707ca80941,2.0,,,,,,,,,,,,,,,,,,,,,,,,,,,,,,,,,,,"(-6.8, 0.3, 2.6)","(-6.6, 0.8, 2.4)","(-6.7, 0.1, 2.4)",
PLAYER_POSITIONS,231366,6/27/2026 10:16:35 AM,90eec047-676b-4d50-9684-e8707ca80941,2.0,,,,,,,,,,,,,,,,,,,,,,,,,,,,,,,,,,,"(-6.8, 0.3, 2.6)","(-6.6, 0.8, 2.4)","(-6.7, 0.1, 2.4)",
BAG_CLOSED,231429,6/27/2026 10:16:35 AM,90eec047-676b-4d50-9684-e8707ca80941,2.0,,,,,,,,,,,,,,,,,,,,,,,,,,,,,,,,,,,,"(0.0, 0.0, 0.0)",
PLAYER_POSITIONS,231867,6/27/2026 10:16:35 AM,90eec047-676b-4d50-9684-e8707ca80941,2.0,,,,,,,,,,,,,,,,,,,,,,,,,,,,,,,,,,,"(-6.9, 0.4, 2.4)","(-7.0, 1.0, 2.2)","(-7.0, 0.3, 2.2)",
PLAYER_GAZE,231867,6/27/2026 10:16:35 AM,90eec047-676b-4d50-9684-e8707ca80941,2.0,,,,,,,,,,,,,,,,,,,,,,,,Military PT 1,,,,,,,,,"(-0.2, 1.0, 0.1)",,,"(-6.8, 0.0, 2.1)",
PLAYER_POSITIONS,231867,6/27/2026 10:16:35 AM,90eec047-676b-4d50-9684-e8707ca80941,2.0,,,,,,,,,,,,,,,,,,,,,,,,,,,,,,,,,,,"(-6.9, 0.4, 2.4)","(-7.0, 1.0, 2.2)","(-7.0, 0.3, 2.2)",
PLAYER_GAZE,231867,6/27/2026 10:16:35 AM,90eec047-676b-4d50-9684-e8707ca80941,2.0,,,,,,,,,,,,,,,,,,,,,,,,Military PT 1,,,,,,,,,"(-0.2, 1.0, 0.1)",,,"(-6.8, 0.0, 2.1)",
PLAYER_POSITIONS,232379,6/27/2026 10:16:36 AM,90eec047-676b-4d50-9684-e8707ca80941,2.0,,,,,,,,,,,,,,,,,,,,,,,,,,,,,,,,,,,"(-7.1, 0.3, 2.0)","(-7.3, 1.0, 2.0)","(-7.1, 0.4, 1.7)",
PLAYER_POSITIONS,232379,6/27/2026 10:16:36 AM,90eec047-676b-4d50-9684-e8707ca80941,2.0,,,,,,,,,,,,,,,,,,,,,,,,,,,,,,,,,,,"(-7.1, 0.3, 2.0)","(-7.3, 1.0, 2.0)","(-7.1, 0.4, 1.7)",
PLAYER_POSITIONS,232890,6/27/2026 10:16:36 AM,90eec047-676b-4d50-9684-e8707ca80941,2.0,,,,,,,,,,,,,,,,,,,,,,,,,,,,,,,,,,,"(-7.1, 0.3, 1.8)","(-7.4, 1.1, 1.7)","(-7.2, 0.3, 1.6)",
PLAYER_POSITIONS,232890,6/27/2026 10:16:36 AM,90eec047-676b-4d50-9684-e8707ca80941,2.0,,,,,,,,,,,,,,,,,,,,,,,,,,,,,,,,,,,"(-7.1, 0.3, 1.8)","(-7.4, 1.1, 1.7)","(-7.2, 0.3, 1.6)",
PLAYER_POSITIONS,233413,6/27/2026 10:16:37 AM,90eec047-676b-4d50-9684-e8707ca80941,2.0,,,,,,,,,,,,,,,,,,,,,,,,,,,,,,,,,,,"(-7.1, 0.3, 1.6)","(-7.2, 1.1, 1.6)","(-7.1, 0.4, 1.4)",
PLAYER_POSITIONS,233413,6/27/2026 10:16:37 AM,90eec047-676b-4d50-9684-e8707ca80941,2.0,,,,,,,,,,,,,,,,,,,,,,,,,,,,,,,,,,,"(-7.1, 0.3, 1.6)","(-7.2, 1.1, 1.6)","(-7.1, 0.4, 1.4)",
PLAYER_POSITIONS,233922,6/27/2026 10:16:38 AM,90eec047-676b-4d50-9684-e8707ca80941,2.0,,,,,,,,,,,,,,,,,,,,,,,,,,,,,,,,,,,"(-6.9, 0.4, 1.8)","(-6.8, 1.2, 1.8)","(-6.7, 0.4, 1.5)",
PLAYER_GAZE,233922,6/27/2026 10:16:38 AM,90eec047-676b-4d50-9684-e8707ca80941,2.0,,,,,,,,,,,,,,,,,,,,,,,,Military PT 1,,,,,,,,,"(0.0, 1.2, -0.2)",,,"(-6.8, 0.0, 2.1)",
PLAYER_POSITIONS,233922,6/27/2026 10:16:38 AM,90eec047-676b-4d50-9684-e8707ca80941,2.0,,,,,,,,,,,,,,,,,,,,,,,,,,,,,,,,,,,"(-6.9, 0.4, 1.8)","(-6.8, 1.2, 1.8)","(-6.7, 0.4, 1.5)",
PLAYER_GAZE,233922,6/27/2026 10:16:38 AM,90eec047-676b-4d50-9684-e8707ca80941,2.0,,,,,,,,,,,,,,,,,,,,,,,,Military PT 1,,,,,,,,,"(0.0, 1.2, -0.2)",,,"(-6.8, 0.0, 2.1)",
PLAYER_POSITIONS,234427,6/27/2026 10:16:38 AM,90eec047-676b-4d50-9684-e8707ca80941,2.0,,,,,,,,,,,,,,,,,,,,,,,,,,,,,,,,,,,"(-6.6, 0.5, 1.7)","(-6.6, 1.2, 1.5)","(-6.4, 0.3, 1.4)",
PLAYER_GAZE,234427,6/27/2026 10:16:38 AM,90eec047-676b-4d50-9684-e8707ca80941,2.0,,,,,,,,,,,,,,,,,,,,,,,,Military PT 1,,,,,,,,,"(0.2, 1.2, -0.5)",,,"(-6.8, 0.0, 2.1)",
PLAYER_POSITIONS,234427,6/27/2026 10:16:38 AM,90eec047-676b-4d50-9684-e8707ca80941,2.0,,,,,,,,,,,,,,,,,,,,,,,,,,,,,,,,,,,"(-6.6, 0.5, 1.7)","(-6.6, 1.2, 1.5)","(-6.4, 0.3, 1.4)",
PLAYER_GAZE,234427,6/27/2026 10:16:38 AM,90eec047-676b-4d50-9684-e8707ca80941,2.0,,,,,,,,,,,,,,,,,,,,,,,,Military PT 1,,,,,,,,,"(0.2, 1.2, -0.5)",,,"(-6.8, 0.0, 2.1)",
AUDIO_END,234470,6/27/2026 10:16:38 AM,90eec047-676b-4d50-9684-e8707ca80941,2.0,razor 2 show of force,3.866122,
NARRATIVE_SECTION_END,234472,6/27/2026 10:16:38 AM,90eec047-676b-4d50-9684-e8707ca80941,2.0,,,,,,,,,,,,,,,,,,Razor 2 show of force,26,
NARRATIVE_SECTION_START,234492,6/27/2026 10:16:38 AM,90eec047-676b-4d50-9684-e8707ca80941,2.0,,,,,,,,,,,,,,,,,,Distant Jet,27,
PLAYER_POSITIONS,234929,6/27/2026 10:16:39 AM,90eec047-676b-4d50-9684-e8707ca80941,2.0,,,,,,,,,,,,,,,,,,,,,,,,,,,,,,,,,,,"(-7.0, 0.4, 1.5)","(-6.9, 1.2, 1.4)","(-6.3, 0.7, 1.7)",
PLAYER_POSITIONS,234929,6/27/2026 10:16:39 AM,90eec047-676b-4d50-9684-e8707ca80941,2.0,,,,,,,,,,,,,,,,,,,,,,,,,,,,,,,,,,,"(-7.0, 0.4, 1.5)","(-6.9, 1.2, 1.4)","(-6.3, 0.7, 1.7)",
VOICE_CAPTURE,235262,6/27/2026 10:16:39 AM,90eec047-676b-4d50-9684-e8707ca80941,2.0,,,,,,,,,,,,,,,,,,,,,,,,,,,,,,,,,,,,,,,,,,,,,,,,,,,NA,Okay.,
PLAYER_POSITIONS,235435,6/27/2026 10:16:39 AM,90eec047-676b-4d50-9684-e8707ca80941,2.0,,,,,,,,,,,,,,,,,,,,,,,,,,,,,,,,,,,"(-7.3, 0.3, 1.0)","(-7.1, 1.2, 1.1)","(-6.8, 0.5, 1.2)",
PLAYER_POSITIONS,235435,6/27/2026 10:16:39 AM,90eec047-676b-4d50-9684-e8707ca80941,2.0,,,,,,,,,,,,,,,,,,,,,,,,,,,,,,,,,,,"(-7.3, 0.3, 1.0)","(-7.1, 1.2, 1.1)","(-6.8, 0.5, 1.2)",
VOICE_CAPTURE,235821,6/27/2026 10:16:39 AM,90eec047-676b-4d50-9684-e8707ca80941,2.0,,,,,,,,,,,,,,,,,,,,,,,,,,,,,,,,,,,,,,,,,,,,,,,,,,,NA,"Okay. Okay, one, two.",
PLAYER_POSITIONS,235952,6/27/2026 10:16:40 AM,90eec047-676b-4d50-9684-e8707ca80941,2.0,,,,,,,,,,,,,,,,,,,,,,,,,,,,,,,,,,,"(-7.9, 0.4, 1.4)","(-7.8, 1.2, 1.5)","(-7.6, 0.5, 1.9)",
PLAYER_POSITIONS,235952,6/27/2026 10:16:40 AM,90eec047-676b-4d50-9684-e8707ca80941,2.0,,,,,,,,,,,,,,,,,,,,,,,,,,,,,,,,,,,"(-7.9, 0.4, 1.4)","(-7.8, 1.2, 1.5)","(-7.6, 0.5, 1.9)",
VOICE_CAPTURE,236252,6/27/2026 10:16:40 AM,90eec047-676b-4d50-9684-e8707ca80941,2.0,,,,,,,,,,,,,,,,,,,,,,,,,,,,,,,,,,,,,,,,,,,,,,,,,,,NA,"Okay. Okay, one, two.",
VOICE_CAPTURE,236252,6/27/2026 10:16:40 AM,90eec047-676b-4d50-9684-e8707ca80941,2.0,,,,,,,,,,,,,,,,,,,,,,,,,,,,,,,,,,,,,,,,,,,,,,,,,,,NA,"Okay. Okay, one, two.",
PLAYER_POSITIONS,236516,6/27/2026 10:16:40 AM,90eec047-676b-4d50-9684-e8707ca80941,2.0,,,,,,,,,,,,,,,,,,,,,,,,,,,,,,,,,,,"(-8.5, 0.4, 1.4)","(-8.3, 1.2, 1.5)","(-8.1, 0.3, 1.7)",
PLAYER_POSITIONS,236516,6/27/2026 10:16:40 AM,90eec047-676b-4d50-9684-e8707ca80941,2.0,,,,,,,,,,,,,,,,,,,,,,,,,,,,,,,,,,,"(-8.5, 0.4, 1.4)","(-8.3, 1.2, 1.5)","(-8.1, 0.3, 1.7)",
PLAYER_POSITIONS,237026,6/27/2026 10:16:41 AM,90eec047-676b-4d50-9684-e8707ca80941,2.0,,,,,,,,,,,,,,,,,,,,,,,,,,,,,,,,,,,"(-9.1, 0.4, 1.9)","(-8.9, 1.2, 2.0)","(-8.8, 0.4, 2.3)",
PLAYER_GAZE,237026,6/27/2026 10:16:41 AM,90eec047-676b-4d50-9684-e8707ca80941,2.0,,,,,,,,,,,,,,,,,,,,,,,,Military PT 5,,,,,,,,,"(1.9, 1.2, -1.6)",,,"(-10.8, 0.0, 3.5)",
PLAYER_POSITIONS,237026,6/27/2026 10:16:41 AM,90eec047-676b-4d50-9684-e8707ca80941,2.0,,,,,,,,,,,,,,,,,,,,,,,,,,,,,,,,,,,"(-9.1, 0.4, 1.9)","(-8.9, 1.2, 2.0)","(-8.8, 0.4, 2.3)",
PLAYER_GAZE,237026,6/27/2026 10:16:41 AM,90eec047-676b-4d50-9684-e8707ca80941,2.0,,,,,,,,,,,,,,,,,,,,,,,,Military PT 5,,,,,,,,,"(1.9, 1.2, -1.6)",,,"(-10.8, 0.0, 3.5)",
PATIENT_DISENGAGED,237159,6/27/2026 10:16:41 AM,90eec047-676b-4d50-9684-e8707ca80941,2.0,,,,22.63,,,,,,,,,,,,,,,,normal,100,Infinity,normal,Military PT 1,unresponsive,supine,"(-6.8, -0.1, 2.1)",faint,"(0.0, 0.3, 0.0, 1.0)",normal,IMMEDIATE,still,,,,,,,,,,,,,,,,,22.63,
VOICE_CAPTURE,237239,6/27/2026 10:16:41 AM,90eec047-676b-4d50-9684-e8707ca80941,2.0,,,,,,,,,,,,,,,,,,,,,,,,,,,,,,,,,,,,,,,,,,,,,,,,,,,NA,utes?,
AUDIO_START,237492,6/27/2026 10:16:41 AM,90eec047-676b-4d50-9684-e8707ca80941,2.0,distant jet,10.13551,
PLAYER_POSITIONS,237539,6/27/2026 10:16:41 AM,90eec047-676b-4d50-9684-e8707ca80941,2.0,,,,,,,,,,,,,,,,,,,,,,,,,,,,,,,,,,,"(-9.4, 0.4, 1.8)","(-9.1, 1.2, 1.8)","(-9.0, 0.3, 2.1)",
PLAYER_GAZE,237539,6/27/2026 10:16:41 AM,90eec047-676b-4d50-9684-e8707ca80941,2.0,,,,,,,,,,,,,,,,,,,,,,,,Military PT 5,,,,,,,,,"(1.6, 1.2, -1.7)",,,"(-10.8, 0.0, 3.5)",
PLAYER_POSITIONS,237539,6/27/2026 10:16:41 AM,90eec047-676b-4d50-9684-e8707ca80941,2.0,,,,,,,,,,,,,,,,,,,,,,,,,,,,,,,,,,,"(-9.4, 0.4, 1.8)","(-9.1, 1.2, 1.8)","(-9.0, 0.3, 2.1)",
PLAYER_GAZE,237539,6/27/2026 10:16:41 AM,90eec047-676b-4d50-9684-e8707ca80941,2.0,,,,,,,,,,,,,,,,,,,,,,,,Military PT 5,,,,,,,,,"(1.6, 1.2, -1.7)",,,"(-10.8, 0.0, 3.5)",
VOICE_CAPTURE,237749,6/27/2026 10:16:41 AM,90eec047-676b-4d50-9684-e8707ca80941,2.0,,,,,,,,,,,,,,,,,,,,,,,,,,,,,,,,,,,,,,,,,,,,,,,,,,,NA,utes?,
PLAYER_POSITIONS,238049,6/27/2026 10:16:42 AM,90eec047-676b-4d50-9684-e8707ca80941,2.0,,,,,,,,,,,,,,,,,,,,,,,,,,,,,,,,,,,"(-10.2, 0.4, 2.1)","(-10.0, 1.2, 2.1)","(-9.9, 0.3, 2.3)",
PLAYER_POSITIONS,238049,6/27/2026 10:16:42 AM,90eec047-676b-4d50-9684-e8707ca80941,2.0,,,,,,,,,,,,,,,,,,,,,,,,,,,,,,,,,,,"(-10.2, 0.4, 2.1)","(-10.0, 1.2, 2.1)","(-9.9, 0.3, 2.3)",
VOICE_CAPTURE,238249,6/27/2026 10:16:42 AM,90eec047-676b-4d50-9684-e8707ca80941,2.0,,,,,,,,,,,,,,,,,,,,,,,,,,,,,,,,,,,,,,,,,,,,,,,,,,,NA,utes? Is it seven minutes?,
PLAYER_POSITIONS,238559,6/27/2026 10:16:42 AM,90eec047-676b-4d50-9684-e8707ca80941,2.0,,,,,,,,,,,,,,,,,,,,,,,,,,,,,,,,,,,"(-11.1, 0.4, 2.1)","(-10.9, 1.2, 2.2)","(-10.8, 0.3, 2.4)",
PLAYER_POSITIONS,238559,6/27/2026 10:16:42 AM,90eec047-676b-4d50-9684-e8707ca80941,2.0,,,,,,,,,,,,,,,,,,,,,,,,,,,,,,,,,,,"(-11.1, 0.4, 2.1)","(-10.9, 1.2, 2.2)","(-10.8, 0.3, 2.4)",
VOICE_CAPTURE,238755,6/27/2026 10:16:42 AM,90eec047-676b-4d50-9684-e8707ca80941,2.0,,,,,,,,,,,,,,,,,,,,,,,,,,,,,,,,,,,,,,,,,,,,,,,,,,,NA,utes? Is it seven minutes?,
VOICE_CAPTURE,238755,6/27/2026 10:16:42 AM,90eec047-676b-4d50-9684-e8707ca80941,2.0,,,,,,,,,,,,,,,,,,,,,,,,,,,,,,,,,,,,,,,,,,,,,,,,,,,NA,utes? Is it seven minutes?,
PLAYER_POSITIONS,239065,6/27/2026 10:16:43 AM,90eec047-676b-4d50-9684-e8707ca80941,2.0,,,,,,,,,,,,,,,,,,,,,,,,,,,,,,,,,,,"(-11.8, 0.4, 2.5)","(-11.6, 1.2, 2.6)","(-11.5, 0.3, 2.8)",
PLAYER_GAZE,239065,6/27/2026 10:16:43 AM,90eec047-676b-4d50-9684-e8707ca80941,2.0,,,,,,,,,,,,,,,,,,,,,,,,Military PT 2,,,,,,,,,"(1.1, 1.2, -1.4)",,,"(-12.6, 0.0, 4.0)",
PLAYER_POSITIONS,239065,6/27/2026 10:16:43 AM,90eec047-676b-4d50-9684-e8707ca80941,2.0,,,,,,,,,,,,,,,,,,,,,,,,,,,,,,,,,,,"(-11.8, 0.4, 2.5)","(-11.6, 1.2, 2.6)","(-11.5, 0.3, 2.8)",
PLAYER_GAZE,239065,6/27/2026 10:16:43 AM,90eec047-676b-4d50-9684-e8707ca80941,2.0,,,,,,,,,,,,,,,,,,,,,,,,Military PT 2,,,,,,,,,"(1.1, 1.2, -1.4)",,,"(-12.6, 0.0, 4.0)",
PLAYER_POSITIONS,239573,6/27/2026 10:16:43 AM,90eec047-676b-4d50-9684-e8707ca80941,2.0,,,,,,,,,,,,,,,,,,,,,,,,,,,,,,,,,,,"(-12.5, 0.4, 2.7)","(-12.3, 1.2, 2.8)","(-12.2, 0.4, 3.0)",
PLAYER_POSITIONS,239573,6/27/2026 10:16:43 AM,90eec047-676b-4d50-9684-e8707ca80941,2.0,,,,,,,,,,,,,,,,,,,,,,,,,,,,,,,,,,,"(-12.5, 0.4, 2.7)","(-12.3, 1.2, 2.8)","(-12.2, 0.4, 3.0)",
PATIENT_ENGAGED,239674,6/27/2026 10:16:43 AM,90eec047-676b-4d50-9684-e8707ca80941,2.0,,,,0,,,,,,,,,,,,,,,,restricted,100,Infinity,normal,Military PT 2,agony,supine,"(-12.6, 0.0, 4.0)",faint,"(0.0, 1.0, 0.0, -0.1)",normal,EXPECTANT,still,,,,,,,,,,,,,,,,,16.11,
VOICE_CAPTURE,239742,6/27/2026 10:16:43 AM,90eec047-676b-4d50-9684-e8707ca80941,2.0,,,,,,,,,,,,,,,,,,,,,,,,,,,,,,,,,,,,,,,,,,,,,,,,,,,NA,Okay.,
PLAYER_POSITIONS,240076,6/27/2026 10:16:44 AM,90eec047-676b-4d50-9684-e8707ca80941,2.0,,,,,,,,,,,,,,,,,,,,,,,,,,,,,,,,,,,"(-13.0, 0.5, 3.0)","(-12.8, 1.3, 3.1)","(-12.7, 0.9, 3.3)",
PLAYER_POSITIONS,240076,6/27/2026 10:16:44 AM,90eec047-676b-4d50-9684-e8707ca80941,2.0,,,,,,,,,,,,,,,,,,,,,,,,,,,,,,,,,,,"(-13.0, 0.5, 3.0)","(-12.8, 1.3, 3.1)","(-12.7, 0.9, 3.3)",
VOICE_CAPTURE,240242,6/27/2026 10:16:44 AM,90eec047-676b-4d50-9684-e8707ca80941,2.0,,,,,,,,,,,,,,,,,,,,,,,,,,,,,,,,,,,,,,,,,,,,,,,,,,,NA,Okay.,
PLAYER_POSITIONS,240587,6/27/2026 10:16:44 AM,90eec047-676b-4d50-9684-e8707ca80941,2.0,,,,,,,,,,,,,,,,,,,,,,,,,,,,,,,,,,,"(-13.5, 0.5, 3.4)","(-13.2, 1.3, 3.5)","(-13.1, 0.8, 3.7)",
PLAYER_POSITIONS,240587,6/27/2026 10:16:44 AM,90eec047-676b-4d50-9684-e8707ca80941,2.0,,,,,,,,,,,,,,,,,,,,,,,,,,,,,,,,,,,"(-13.5, 0.5, 3.4)","(-13.2, 1.3, 3.5)","(-13.1, 0.8, 3.7)",
VOICE_CAPTURE,240742,6/27/2026 10:16:44 AM,90eec047-676b-4d50-9684-e8707ca80941,2.0,,,,,,,,,,,,,,,,,,,,,,,,,,,,,,,,,,,,,,,,,,,,,,,,,,,NA,Okay.,
PLAYER_POSITIONS,241099,6/27/2026 10:16:45 AM,90eec047-676b-4d50-9684-e8707ca80941,2.0,,,,,,,,,,,,,,,,,,,,,,,,,,,,,,,,,,,"(-13.6, 0.5, 3.8)","(-13.4, 1.3, 3.8)","(-13.2, 0.9, 4.0)",
PLAYER_POSITIONS,241099,6/27/2026 10:16:45 AM,90eec047-676b-4d50-9684-e8707ca80941,2.0,,,,,,,,,,,,,,,,,,,,,,,,,,,,,,,,,,,"(-13.6, 0.5, 3.8)","(-13.4, 1.3, 3.8)","(-13.2, 0.9, 4.0)",
VOICE_CAPTURE,241253,6/27/2026 10:16:45 AM,90eec047-676b-4d50-9684-e8707ca80941,2.0,,,,,,,,,,,,,,,,,,,,,,,,,,,,,,,,,,,,,,,,,,,,,,,,,,,NA,Okay.,
PLAYER_POSITIONS,241610,6/27/2026 10:16:45 AM,90eec047-676b-4d50-9684-e8707ca80941,2.0,,,,,,,,,,,,,,,,,,,,,,,,,,,,,,,,,,,"(-13.5, 0.4, 4.0)","(-13.3, 1.2, 4.3)","(-13.3, 0.8, 4.4)",
PLAYER_POSITIONS,241610,6/27/2026 10:16:45 AM,90eec047-676b-4d50-9684-e8707ca80941,2.0,,,,,,,,,,,,,,,,,,,,,,,,,,,,,,,,,,,"(-13.5, 0.4, 4.0)","(-13.3, 1.2, 4.3)","(-13.3, 0.8, 4.4)",
VOICE_CAPTURE,241752,6/27/2026 10:16:45 AM,90eec047-676b-4d50-9684-e8707ca80941,2.0,,,,,,,,,,,,,,,,,,,,,,,,,,,,,,,,,,,,,,,,,,,,,,,,,,,NA,Okay.,
PLAYER_POSITIONS,242129,6/27/2026 10:16:46 AM,90eec047-676b-4d50-9684-e8707ca80941,2.0,,,,,,,,,,,,,,,,,,,,,,,,,,,,,,,,,,,"(-13.3, 0.4, 4.1)","(-13.1, 0.8, 4.6)","(-13.4, 0.3, 4.9)",
PLAYER_POSITIONS,242129,6/27/2026 10:16:46 AM,90eec047-676b-4d50-9684-e8707ca80941,2.0,,,,,,,,,,,,,,,,,,,,,,,,,,,,,,,,,,,"(-13.3, 0.4, 4.1)","(-13.1, 0.8, 4.6)","(-13.4, 0.3, 4.9)",
BAG_CLOSED,242204,6/27/2026 10:16:46 AM,90eec047-676b-4d50-9684-e8707ca80941,2.0,,,,,,,,,,,,,,,,,,,,,,,,,,,,,,,,,,,,"(0.0, 0.0, 0.0)",
VOICE_CAPTURE,242262,6/27/2026 10:16:46 AM,90eec047-676b-4d50-9684-e8707ca80941,2.0,,,,,,,,,,,,,,,,,,,,,,,,,,,,,,,,,,,,,,,,,,,,,,,,,,,NA,Okay.,
PLAYER_POSITIONS,242639,6/27/2026 10:16:46 AM,90eec047-676b-4d50-9684-e8707ca80941,2.0,,,,,,,,,,,,,,,,,,,,,,,,,,,,,,,,,,,"(-13.3, 0.4, 4.2)","(-13.1, 0.9, 4.6)","(-13.0, 0.3, 4.7)",
PLAYER_POSITIONS,242639,6/27/2026 10:16:46 AM,90eec047-676b-4d50-9684-e8707ca80941,2.0,,,,,,,,,,,,,,,,,,,,,,,,,,,,,,,,,,,"(-13.3, 0.4, 4.2)","(-13.1, 0.9, 4.6)","(-13.0, 0.3, 4.7)",
PULSE_TAKEN,242659,6/27/2026 10:16:46 AM,90eec047-676b-4d50-9684-e8707ca80941,2.0,,,,,,,,,,,,,,,,,,,,,,,,Military PT 2,,,,pulse_faint,
VOICE_CAPTURE,242817,6/27/2026 10:16:46 AM,90eec047-676b-4d50-9684-e8707ca80941,2.0,,,,,,,,,,,,,,,,,,,,,,,,,,,,,,,,,,,,,,,,,,,,,,,,,,,NA,Okay. Okay.,
PLAYER_POSITIONS,243145,6/27/2026 10:16:47 AM,90eec047-676b-4d50-9684-e8707ca80941,2.0,,,,,,,,,,,,,,,,,,,,,,,,,,,,,,,,,,,"(-13.3, 0.4, 4.2)","(-13.0, 0.9, 4.6)","(-13.0, 0.2, 4.8)",
PLAYER_POSITIONS,243145,6/27/2026 10:16:47 AM,90eec047-676b-4d50-9684-e8707ca80941,2.0,,,,,,,,,,,,,,,,,,,,,,,,,,,,,,,,,,,"(-13.3, 0.4, 4.2)","(-13.0, 0.9, 4.6)","(-13.0, 0.2, 4.8)",
VOICE_CAPTURE,243234,6/27/2026 10:16:47 AM,90eec047-676b-4d50-9684-e8707ca80941,2.0,,,,,,,,,,,,,,,,,,,,,,,,,,,,,,,,,,,,,,,,,,,,,,,,,,,NA,Okay. Okay. I give you payments buddy,
PLAYER_POSITIONS,243655,6/27/2026 10:16:47 AM,90eec047-676b-4d50-9684-e8707ca80941,2.0,,,,,,,,,,,,,,,,,,,,,,,,,,,,,,,,,,,"(-13.3, 0.4, 4.2)","(-13.0, 0.9, 4.6)","(-13.0, 0.2, 4.7)",
PLAYER_POSITIONS,243655,6/27/2026 10:16:47 AM,90eec047-676b-4d50-9684-e8707ca80941,2.0,,,,,,,,,,,,,,,,,,,,,,,,,,,,,,,,,,,"(-13.3, 0.4, 4.2)","(-13.0, 0.9, 4.6)","(-13.0, 0.2, 4.7)",
VOICE_CAPTURE,243733,6/27/2026 10:16:47 AM,90eec047-676b-4d50-9684-e8707ca80941,2.0,,,,,,,,,,,,,,,,,,,,,,,,,,,,,,,,,,,,,,,,,,,,,,,,,,,NA,"Okay. Okay. I give you payments, buddy. You should be filming",
PLAYER_POSITIONS,244189,6/27/2026 10:16:48 AM,90eec047-676b-4d50-9684-e8707ca80941,2.0,,,,,,,,,,,,,,,,,,,,,,,,,,,,,,,,,,,"(-13.2, 0.4, 4.2)","(-12.9, 1.0, 4.5)","(-13.0, 0.3, 4.6)",
PLAYER_POSITIONS,244189,6/27/2026 10:16:48 AM,90eec047-676b-4d50-9684-e8707ca80941,2.0,,,,,,,,,,,,,,,,,,,,,,,,,,,,,,,,,,,"(-13.2, 0.4, 4.2)","(-12.9, 1.0, 4.5)","(-13.0, 0.3, 4.6)",
VOICE_CAPTURE,244255,6/27/2026 10:16:48 AM,90eec047-676b-4d50-9684-e8707ca80941,2.0,,,,,,,,,,,,,,,,,,,,,,,,,,,,,,,,,,,,,,,,,,,,,,,,,,,NA,Okay. Okay. I need you payment buddy. You should be feeling better,
DRAG_STOP,244593,6/27/2026 10:16:48 AM,90eec047-676b-4d50-9684-e8707ca80941,2.0,,,,,"(-9.1, 0.0, 4.6)","(-9.9, 0.0, 4.8)",,,,,,,,,,,,,,,,,,Military PT 2,
PLAYER_POSITIONS,244722,6/27/2026 10:16:48 AM,90eec047-676b-4d50-9684-e8707ca80941,2.0,,,,,,,,,,,,,,,,,,,,,,,,,,,,,,,,,,,"(-13.2, 0.5, 4.4)","(-12.8, 1.1, 4.5)","(-12.8, 0.3, 4.4)",
PLAYER_POSITIONS,244722,6/27/2026 10:16:48 AM,90eec047-676b-4d50-9684-e8707ca80941,2.0,,,,,,,,,,,,,,,,,,,,,,,,,,,,,,,,,,,"(-13.2, 0.5, 4.4)","(-12.8, 1.1, 4.5)","(-12.8, 0.3, 4.4)",
VOICE_CAPTURE,244756,6/27/2026 10:16:48 AM,90eec047-676b-4d50-9684-e8707ca80941,2.0,,,,,,,,,,,,,,,,,,,,,,,,,,,,,,,,,,,,,,,,,,,,,,,,,,,NA,Okay. Okay. I need you payment buddy. You should be feeling better. Holy fuck,
DRAG_STOP,245046,6/27/2026 10:16:49 AM,90eec047-676b-4d50-9684-e8707ca80941,2.0,,,,,"(-9.1, 0.0, 4.6)","(-9.9, 0.0, 4.8)",,,,,,,,,,,,,,,,,,Military PT 2,
PLAYER_POSITIONS,245234,6/27/2026 10:16:49 AM,90eec047-676b-4d50-9684-e8707ca80941,2.0,,,,,,,,,,,,,,,,,,,,,,,,,,,,,,,,,,,"(-13.2, 0.5, 4.3)","(-12.9, 1.2, 4.4)","(-12.9, 0.4, 4.6)",
PLAYER_POSITIONS,245234,6/27/2026 10:16:49 AM,90eec047-676b-4d50-9684-e8707ca80941,2.0,,,,,,,,,,,,,,,,,,,,,,,,,,,,,,,,,,,"(-13.2, 0.5, 4.3)","(-12.9, 1.2, 4.4)","(-12.9, 0.4, 4.6)",
VOICE_CAPTURE,245234,6/27/2026 10:16:49 AM,90eec047-676b-4d50-9684-e8707ca80941,2.0,,,,,,,,,,,,,,,,,,,,,,,,,,,,,,,,,,,,,,,,,,,,,,,,,,,NA,Okay. Okay. I need you payment buddy. You should be feeling better. Holy fuck,
VOICE_CAPTURE,245234,6/27/2026 10:16:49 AM,90eec047-676b-4d50-9684-e8707ca80941,2.0,,,,,,,,,,,,,,,,,,,,,,,,,,,,,,,,,,,,,,,,,,,,,,,,,,,NA,Okay. Okay. I need you payment buddy. You should be feeling better. Holy fuck,
VOICE_COMMAND,245235,6/27/2026 10:16:49 AM,90eec047-676b-4d50-9684-e8707ca80941,2.0,,,,,,,,,,,,,,,,,,,,,,,,,,,,,,,,,,,,,,,,,,,,,,,,,,,Okay. Okay. I need you payment buddy. You should be feeling better. Holy fuck,how do you feel,
PLAYER_POSITIONS,245745,6/27/2026 10:16:49 AM,90eec047-676b-4d50-9684-e8707ca80941,2.0,,,,,,,,,,,,,,,,,,,,,,,,,,,,,,,,,,,"(-13.2, 0.5, 4.2)","(-12.9, 1.2, 4.4)","(-12.7, 0.9, 4.4)",
PLAYER_POSITIONS,245745,6/27/2026 10:16:49 AM,90eec047-676b-4d50-9684-e8707ca80941,2.0,,,,,,,,,,,,,,,,,,,,,,,,,,,,,,,,,,,"(-13.2, 0.5, 4.2)","(-12.9, 1.2, 4.4)","(-12.7, 0.9, 4.4)",
VOICE_CAPTURE,245745,6/27/2026 10:16:49 AM,90eec047-676b-4d50-9684-e8707ca80941,2.0,,,,,,,,,,,,,,,,,,,,,,,,,,,,,,,,,,,,,,,,,,,,,,,,,,,NA,"I'm better, holy fuck.",
PLAYER_POSITIONS,246255,6/27/2026 10:16:50 AM,90eec047-676b-4d50-9684-e8707ca80941,2.0,,,,,,,,,,,,,,,,,,,,,,,,,,,,,,,,,,,"(-13.6, 0.6, 4.2)","(-13.4, 1.3, 4.2)","(-13.5, 0.6, 4.4)",
PLAYER_POSITIONS,246255,6/27/2026 10:16:50 AM,90eec047-676b-4d50-9684-e8707ca80941,2.0,,,,,,,,,,,,,,,,,,,,,,,,,,,,,,,,,,,"(-13.6, 0.6, 4.2)","(-13.4, 1.3, 4.2)","(-13.5, 0.6, 4.4)",
VOICE_CAPTURE,246255,6/27/2026 10:16:50 AM,90eec047-676b-4d50-9684-e8707ca80941,2.0,,,,,,,,,,,,,,,,,,,,,,,,,,,,,,,,,,,,,,,,,,,,,,,,,,,NA,I'm better. Holy fuck.,
VOICE_CAPTURE,246742,6/27/2026 10:16:50 AM,90eec047-676b-4d50-9684-e8707ca80941,2.0,,,,,,,,,,,,,,,,,,,,,,,,,,,,,,,,,,,,,,,,,,,,,,,,,,,NA,"I'm better, holy fuck.",
PLAYER_POSITIONS,246764,6/27/2026 10:16:50 AM,90eec047-676b-4d50-9684-e8707ca80941,2.0,,,,,,,,,,,,,,,,,,,,,,,,,,,,,,,,,,,"(-14.1, 0.4, 3.9)","(-13.9, 1.4, 4.2)","(-14.1, 0.7, 4.3)",
PLAYER_GAZE,246764,6/27/2026 10:16:50 AM,90eec047-676b-4d50-9684-e8707ca80941,2.0,,,,,,,,,,,,,,,,,,,,,,,,Military PT 13,,,,,,,,,"(1.3, 1.4, -0.8)",,,"(-15.2, 0.0, 5.0)",
PLAYER_POSITIONS,246764,6/27/2026 10:16:50 AM,90eec047-676b-4d50-9684-e8707ca80941,2.0,,,,,,,,,,,,,,,,,,,,,,,,,,,,,,,,,,,"(-14.1, 0.4, 3.9)","(-13.9, 1.4, 4.2)","(-14.1, 0.7, 4.3)",
PLAYER_GAZE,246764,6/27/2026 10:16:50 AM,90eec047-676b-4d50-9684-e8707ca80941,2.0,,,,,,,,,,,,,,,,,,,,,,,,Military PT 13,,,,,,,,,"(1.3, 1.4, -0.8)",,,"(-15.2, 0.0, 5.0)",
PATIENT_DISENGAGED,246895,6/27/2026 10:16:50 AM,90eec047-676b-4d50-9684-e8707ca80941,2.0,,,,7.24,,,,,,,,,,,,,,,,restricted,100,Infinity,normal,Military PT 2,agony,supine,"(-12.6, 0.0, 4.0)",faint,"(0.0, 1.0, 0.0, -0.1)",normal,EXPECTANT,still,,,,,,,,,,,,,,,,,23.35,
PATIENT_ENGAGED,246895,6/27/2026 10:16:50 AM,90eec047-676b-4d50-9684-e8707ca80941,2.0,,,,0,,,,,,,,,,,,,,,,normal,100,128,normal,Military PT 13,calm,standing,"(-15.2, 0.0, 5.0)",normal,"(0.0, 0.8, 0.0, 0.6)",normal,MINIMAL,still,,,,,,,,,,,,,,,,,0,
PLAYER_POSITIONS,247289,6/27/2026 10:16:51 AM,90eec047-676b-4d50-9684-e8707ca80941,2.0,,,,,,,,,,,,,,,,,,,,,,,,,,,,,,,,,,,"(-14.5, 0.5, 4.2)","(-14.3, 1.4, 4.2)","(-14.5, 0.8, 4.5)",
PLAYER_GAZE,247289,6/27/2026 10:16:51 AM,90eec047-676b-4d50-9684-e8707ca80941,2.0,,,,,,,,,,,,,,,,,,,,,,,,Military PT 13,,,,,,,,,"(0.9, 1.4, -0.7)",,,"(-15.2, 0.0, 5.0)",
PLAYER_POSITIONS,247289,6/27/2026 10:16:51 AM,90eec047-676b-4d50-9684-e8707ca80941,2.0,,,,,,,,,,,,,,,,,,,,,,,,,,,,,,,,,,,"(-14.5, 0.5, 4.2)","(-14.3, 1.4, 4.2)","(-14.5, 0.8, 4.5)",
PLAYER_GAZE,247289,6/27/2026 10:16:51 AM,90eec047-676b-4d50-9684-e8707ca80941,2.0,,,,,,,,,,,,,,,,,,,,,,,,Military PT 13,,,,,,,,,"(0.9, 1.4, -0.7)",,,"(-15.2, 0.0, 5.0)",
VOICE_CAPTURE,247366,6/27/2026 10:16:51 AM,90eec047-676b-4d50-9684-e8707ca80941,2.0,,,,,,,,,,,,,,,,,,,,,,,,,,,,,,,,,,,,,,,,,,,,,,,,,,,NA,"I'm better, holy fuck.",
VOICE_CAPTURE,247366,6/27/2026 10:16:51 AM,90eec047-676b-4d50-9684-e8707ca80941,2.0,,,,,,,,,,,,,,,,,,,,,,,,,,,,,,,,,,,,,,,,,,,,,,,,,,,NA,"I'm better, holy fuck.",
AUDIO_END,247632,6/27/2026 10:16:51 AM,90eec047-676b-4d50-9684-e8707ca80941,2.0,distant jet,10.13551,
NARRATIVE_SECTION_END,247632,6/27/2026 10:16:51 AM,90eec047-676b-4d50-9684-e8707ca80941,2.0,,,,,,,,,,,,,,,,,,Distant Jet,27,
NARRATIVE_SECTION_START,247652,6/27/2026 10:16:51 AM,90eec047-676b-4d50-9684-e8707ca80941,2.0,,,,,,,,,,,,,,,,,,Enemy dispersed,28,
PLAYER_POSITIONS,247789,6/27/2026 10:16:51 AM,90eec047-676b-4d50-9684-e8707ca80941,2.0,,,,,,,,,,,,,,,,,,,,,,,,,,,,,,,,,,,"(-14.6, 0.4, 4.2)","(-14.4, 1.3, 4.3)","(-14.6, 1.3, 4.7)",
PLAYER_GAZE,247789,6/27/2026 10:16:51 AM,90eec047-676b-4d50-9684-e8707ca80941,2.0,,,,,,,,,,,,,,,,,,,,,,,,Military PT 13,,,,,,,,,"(0.8, 1.3, -0.7)",,,"(-15.2, 0.0, 5.0)",
PLAYER_POSITIONS,247789,6/27/2026 10:16:51 AM,90eec047-676b-4d50-9684-e8707ca80941,2.0,,,,,,,,,,,,,,,,,,,,,,,,,,,,,,,,,,,"(-14.6, 0.4, 4.2)","(-14.4, 1.3, 4.3)","(-14.6, 1.3, 4.7)",
PLAYER_GAZE,247789,6/27/2026 10:16:51 AM,90eec047-676b-4d50-9684-e8707ca80941,2.0,,,,,,,,,,,,,,,,,,,,,,,,Military PT 13,,,,,,,,,"(0.8, 1.3, -0.7)",,,"(-15.2, 0.0, 5.0)",
VOICE_CAPTURE,248246,6/27/2026 10:16:52 AM,90eec047-676b-4d50-9684-e8707ca80941,2.0,,,,,,,,,,,,,,,,,,,,,,,,,,,,,,,,,,,,,,,,,,,,,,,,,,,NA,*sigh*,
PLAYER_POSITIONS,248310,6/27/2026 10:16:52 AM,90eec047-676b-4d50-9684-e8707ca80941,2.0,,,,,,,,,,,,,,,,,,,,,,,,,,,,,,,,,,,"(-14.7, 0.4, 4.1)","(-14.7, 1.3, 4.1)","(-14.7, 0.8, 4.2)",
PLAYER_POSITIONS,248310,6/27/2026 10:16:52 AM,90eec047-676b-4d50-9684-e8707ca80941,2.0,,,,,,,,,,,,,,,,,,,,,,,,,,,,,,,,,,,"(-14.7, 0.4, 4.1)","(-14.7, 1.3, 4.1)","(-14.7, 0.8, 4.2)",
PLAYER_POSITIONS,248825,6/27/2026 10:16:52 AM,90eec047-676b-4d50-9684-e8707ca80941,2.0,,,,,,,,,,,,,,,,,,,,,,,,,,,,,,,,,,,"(-14.5, 0.5, 4.2)","(-14.5, 1.2, 4.4)","(-14.5, 0.4, 4.9)",
PLAYER_POSITIONS,248825,6/27/2026 10:16:52 AM,90eec047-676b-4d50-9684-e8707ca80941,2.0,,,,,,,,,,,,,,,,,,,,,,,,,,,,,,,,,,,"(-14.5, 0.5, 4.2)","(-14.5, 1.2, 4.4)","(-14.5, 0.4, 4.9)",
VOICE_CAPTURE,248825,6/27/2026 10:16:52 AM,90eec047-676b-4d50-9684-e8707ca80941,2.0,,,,,,,,,,,,,,,,,,,,,,,,,,,,,,,,,,,,,,,,,,,,,,,,,,,NA,*sigh*,
PATIENT_DISENGAGED,249263,6/27/2026 10:16:53 AM,90eec047-676b-4d50-9684-e8707ca80941,2.0,,,,2.32,,,,,,,,,,,,,,,,normal,100,128,normal,Military PT 13,calm,standing,"(-15.2, 0.0, 5.0)",normal,"(0.0, 0.8, 0.0, 0.6)",normal,MINIMAL,still,,,,,,,,,,,,,,,,,2.32,
PATIENT_ENGAGED,249263,6/27/2026 10:16:53 AM,90eec047-676b-4d50-9684-e8707ca80941,2.0,,,,0,,,,,,,,,,,,,,,,normal,100,Infinity,normal,Civilian PT 14,upset,sittingGround,"(-14.1, 0.0, 3.6)",normal,"(0.0, 0.8, 0.0, 0.6)",normal,DELAYED,still,,,,,,,,,,,,,,,,,0,
PLAYER_POSITIONS,249340,6/27/2026 10:16:53 AM,90eec047-676b-4d50-9684-e8707ca80941,2.0,,,,,,,,,,,,,,,,,,,,,,,,,,,,,,,,,,,"(-14.2, 0.5, 4.3)","(-14.1, 1.2, 4.3)","(-14.6, 0.5, 4.5)",
PLAYER_POSITIONS,249340,6/27/2026 10:16:53 AM,90eec047-676b-4d50-9684-e8707ca80941,2.0,,,,,,,,,,,,,,,,,,,,,,,,,,,,,,,,,,,"(-14.2, 0.5, 4.3)","(-14.1, 1.2, 4.3)","(-14.6, 0.5, 4.5)",
AUDIO_START,249679,6/27/2026 10:16:53 AM,90eec047-676b-4d50-9684-e8707ca80941,2.0,enemy dispersed,3.578775,
VOICE_CAPTURE,249726,6/27/2026 10:16:53 AM,90eec047-676b-4d50-9684-e8707ca80941,2.0,,,,,,,,,,,,,,,,,,,,,,,,,,,,,,,,,,,,,,,,,,,,,,,,,,,NA,You fine.,
PLAYER_POSITIONS,249870,6/27/2026 10:16:53 AM,90eec047-676b-4d50-9684-e8707ca80941,2.0,,,,,,,,,,,,,,,,,,,,,,,,,,,,,,,,,,,"(-13.9, 0.4, 4.1)","(-13.8, 1.1, 4.0)","(-13.9, 0.5, 4.2)",
PLAYER_POSITIONS,249870,6/27/2026 10:16:53 AM,90eec047-676b-4d50-9684-e8707ca80941,2.0,,,,,,,,,,,,,,,,,,,,,,,,,,,,,,,,,,,"(-13.9, 0.4, 4.1)","(-13.8, 1.1, 4.0)","(-13.9, 0.5, 4.2)",
VOICE_CAPTURE,250321,6/27/2026 10:16:54 AM,90eec047-676b-4d50-9684-e8707ca80941,2.0,,,,,,,,,,,,,,,,,,,,,,,,,,,,,,,,,,,,,,,,,,,,,,,,,,,NA,You fine.,
VOICE_CAPTURE,250321,6/27/2026 10:16:54 AM,90eec047-676b-4d50-9684-e8707ca80941,2.0,,,,,,,,,,,,,,,,,,,,,,,,,,,,,,,,,,,,,,,,,,,,,,,,,,,NA,You fine.,
PLAYER_POSITIONS,250385,6/27/2026 10:16:54 AM,90eec047-676b-4d50-9684-e8707ca80941,2.0,,,,,,,,,,,,,,,,,,,,,,,,,,,,,,,,,,,"(-13.8, 0.4, 4.0)","(-13.8, 1.1, 3.9)","(-14.1, 0.7, 3.9)",
PLAYER_POSITIONS,250385,6/27/2026 10:16:54 AM,90eec047-676b-4d50-9684-e8707ca80941,2.0,,,,,,,,,,,,,,,,,,,,,,,,,,,,,,,,,,,"(-13.8, 0.4, 4.0)","(-13.8, 1.1, 3.9)","(-14.1, 0.7, 3.9)",
VOICE_CAPTURE,250781,6/27/2026 10:16:54 AM,90eec047-676b-4d50-9684-e8707ca80941,2.0,,,,,,,,,,,,,,,,,,,,,,,,,,,,,,,,,,,,,,,,,,,,,,,,,,,NA,fine.,
PLAYER_POSITIONS,250915,6/27/2026 10:16:55 AM,90eec047-676b-4d50-9684-e8707ca80941,2.0,,,,,,,,,,,,,,,,,,,,,,,,,,,,,,,,,,,"(-13.8, 0.4, 3.8)","(-13.9, 1.1, 3.7)","(-14.1, 0.7, 3.7)",
PLAYER_GAZE,250915,6/27/2026 10:16:55 AM,90eec047-676b-4d50-9684-e8707ca80941,2.0,,,,,,,,,,,,,,,,,,,,,,,,Civilian PT 14,,,,,,,,,"(0.2, 1.1, 0.1)",,,"(-14.1, 0.0, 3.6)",
PLAYER_POSITIONS,250915,6/27/2026 10:16:55 AM,90eec047-676b-4d50-9684-e8707ca80941,2.0,,,,,,,,,,,,,,,,,,,,,,,,,,,,,,,,,,,"(-13.8, 0.4, 3.8)","(-13.9, 1.1, 3.7)","(-14.1, 0.7, 3.7)",
PLAYER_GAZE,250915,6/27/2026 10:16:55 AM,90eec047-676b-4d50-9684-e8707ca80941,2.0,,,,,,,,,,,,,,,,,,,,,,,,Civilian PT 14,,,,,,,,,"(0.2, 1.1, 0.1)",,,"(-14.1, 0.0, 3.6)",
VOICE_CAPTURE,251345,6/27/2026 10:16:55 AM,90eec047-676b-4d50-9684-e8707ca80941,2.0,,,,,,,,,,,,,,,,,,,,,,,,,,,,,,,,,,,,,,,,,,,,,,,,,,,NA,"fine. Hey, can you...",
PLAYER_POSITIONS,251422,6/27/2026 10:16:55 AM,90eec047-676b-4d50-9684-e8707ca80941,2.0,,,,,,,,,,,,,,,,,,,,,,,,,,,,,,,,,,,"(-13.7, 0.4, 3.6)","(-14.0, 1.0, 3.6)","(-14.4, 0.4, 3.9)",
PLAYER_GAZE,251422,6/27/2026 10:16:55 AM,90eec047-676b-4d50-9684-e8707ca80941,2.0,,,,,,,,,,,,,,,,,,,,,,,,Civilian PT 14,,,,,,,,,"(0.1, 1.0, 0.0)",,,"(-14.1, 0.0, 3.6)",
PLAYER_POSITIONS,251422,6/27/2026 10:16:55 AM,90eec047-676b-4d50-9684-e8707ca80941,2.0,,,,,,,,,,,,,,,,,,,,,,,,,,,,,,,,,,,"(-13.7, 0.4, 3.6)","(-14.0, 1.0, 3.6)","(-14.4, 0.4, 3.9)",
PLAYER_GAZE,251422,6/27/2026 10:16:55 AM,90eec047-676b-4d50-9684-e8707ca80941,2.0,,,,,,,,,,,,,,,,,,,,,,,,Civilian PT 14,,,,,,,,,"(0.1, 1.0, 0.0)",,,"(-14.1, 0.0, 3.6)",
VOICE_CAPTURE,251782,6/27/2026 10:16:55 AM,90eec047-676b-4d50-9684-e8707ca80941,2.0,,,,,,,,,,,,,,,,,,,,,,,,,,,,,,,,,,,,,,,,,,,,,,,,,,,NA,"Hey, can you hear me?",
PLAYER_POSITIONS,251939,6/27/2026 10:16:56 AM,90eec047-676b-4d50-9684-e8707ca80941,2.0,,,,,,,,,,,,,,,,,,,,,,,,,,,,,,,,,,,"(-13.7, 0.4, 3.6)","(-14.0, 1.0, 3.8)","(-14.3, 0.4, 4.2)",
PLAYER_POSITIONS,251939,6/27/2026 10:16:56 AM,90eec047-676b-4d50-9684-e8707ca80941,2.0,,,,,,,,,,,,,,,,,,,,,,,,,,,,,,,,,,,"(-13.7, 0.4, 3.6)","(-14.0, 1.0, 3.8)","(-14.3, 0.4, 4.2)",
VOICE_CAPTURE,252276,6/27/2026 10:16:56 AM,90eec047-676b-4d50-9684-e8707ca80941,2.0,,,,,,,,,,,,,,,,,,,,,,,,,,,,,,,,,,,,,,,,,,,,,,,,,,,NA,"Hey, can you hear me?",
VOICE_CAPTURE,252276,6/27/2026 10:16:56 AM,90eec047-676b-4d50-9684-e8707ca80941,2.0,,,,,,,,,,,,,,,,,,,,,,,,,,,,,,,,,,,,,,,,,,,,,,,,,,,NA,"Hey, can you hear me?",
VOICE_COMMAND,252276,6/27/2026 10:16:56 AM,90eec047-676b-4d50-9684-e8707ca80941,2.0,,,,,,,,,,,,,,,,,,,,,,,,,,,,,,,,,,,,,,,,,,,,,,,,,,,"Hey, can you hear me?",can you hear,
BAG_CLOSED,252374,6/27/2026 10:16:56 AM,90eec047-676b-4d50-9684-e8707ca80941,2.0,,,,,,,,,,,,,,,,,,,,,,,,,,,,,,,,,,,,"(0.0, 0.0, 0.0)",
PLAYER_POSITIONS,252443,6/27/2026 10:16:56 AM,90eec047-676b-4d50-9684-e8707ca80941,2.0,,,,,,,,,,,,,,,,,,,,,,,,,,,,,,,,,,,"(-13.7, 0.4, 3.6)","(-13.9, 1.0, 3.7)","(-14.1, 0.4, 3.9)",
PLAYER_GAZE,252443,6/27/2026 10:16:56 AM,90eec047-676b-4d50-9684-e8707ca80941,2.0,,,,,,,,,,,,,,,,,,,,,,,,Civilian PT 14,,,,,,,,,"(0.1, 1.0, 0.1)",,,"(-14.1, 0.0, 3.6)",
PLAYER_POSITIONS,252443,6/27/2026 10:16:56 AM,90eec047-676b-4d50-9684-e8707ca80941,2.0,,,,,,,,,,,,,,,,,,,,,,,,,,,,,,,,,,,"(-13.7, 0.4, 3.6)","(-13.9, 1.0, 3.7)","(-14.1, 0.4, 3.9)",
PLAYER_GAZE,252443,6/27/2026 10:16:56 AM,90eec047-676b-4d50-9684-e8707ca80941,2.0,,,,,,,,,,,,,,,,,,,,,,,,Civilian PT 14,,,,,,,,,"(0.1, 1.0, 0.1)",,,"(-14.1, 0.0, 3.6)",
PLAYER_POSITIONS,252965,6/27/2026 10:16:57 AM,90eec047-676b-4d50-9684-e8707ca80941,2.0,,,,,,,,,,,,,,,,,,,,,,,,,,,,,,,,,,,"(-13.7, 0.4, 3.5)","(-13.9, 1.0, 3.6)","(-13.9, 0.3, 3.6)",
PLAYER_GAZE,252965,6/27/2026 10:16:57 AM,90eec047-676b-4d50-9684-e8707ca80941,2.0,,,,,,,,,,,,,,,,,,,,,,,,Civilian PT 14,,,,,,,,,"(0.1, 1.0, 0.0)",,,"(-14.1, 0.0, 3.6)",
PLAYER_POSITIONS,252965,6/27/2026 10:16:57 AM,90eec047-676b-4d50-9684-e8707ca80941,2.0,,,,,,,,,,,,,,,,,,,,,,,,,,,,,,,,,,,"(-13.7, 0.4, 3.5)","(-13.9, 1.0, 3.6)","(-13.9, 0.3, 3.6)",
PLAYER_GAZE,252965,6/27/2026 10:16:57 AM,90eec047-676b-4d50-9684-e8707ca80941,2.0,,,,,,,,,,,,,,,,,,,,,,,,Civilian PT 14,,,,,,,,,"(0.1, 1.0, 0.0)",,,"(-14.1, 0.0, 3.6)",
AUDIO_END,253266,6/27/2026 10:16:57 AM,90eec047-676b-4d50-9684-e8707ca80941,2.0,enemy dispersed,3.578775,
NARRATIVE_SECTION_END,253266,6/27/2026 10:16:57 AM,90eec047-676b-4d50-9684-e8707ca80941,2.0,,,,,,,,,,,,,,,,,,Enemy dispersed,28,
VOICE_CAPTURE,253268,6/27/2026 10:16:57 AM,90eec047-676b-4d50-9684-e8707ca80941,2.0,,,,,,,,,,,,,,,,,,,,,,,,,,,,,,,,,,,,,,,,,,,,,,,,,,,NA,Can you hear me?,
NARRATIVE_SECTION_START,253296,6/27/2026 10:16:57 AM,90eec047-676b-4d50-9684-e8707ca80941,2.0,,,,,,,,,,,,,,,,,,Mortar support on 3-1,29,
PLAYER_POSITIONS,253480,6/27/2026 10:16:57 AM,90eec047-676b-4d50-9684-e8707ca80941,2.0,,,,,,,,,,,,,,,,,,,,,,,,,,,,,,,,,,,"(-13.7, 0.4, 3.5)","(-14.0, 1.1, 3.6)","(-14.2, 0.7, 3.6)",
PLAYER_POSITIONS,253480,6/27/2026 10:16:57 AM,90eec047-676b-4d50-9684-e8707ca80941,2.0,,,,,,,,,,,,,,,,,,,,,,,,,,,,,,,,,,,"(-13.7, 0.4, 3.5)","(-14.0, 1.1, 3.6)","(-14.2, 0.7, 3.6)",
VOICE_CAPTURE,253759,6/27/2026 10:16:57 AM,90eec047-676b-4d50-9684-e8707ca80941,2.0,,,,,,,,,,,,,,,,,,,,,,,,,,,,,,,,,,,,,,,,,,,,,,,,,,,NA,Can you hear me?,
PLAYER_POSITIONS,253992,6/27/2026 10:16:58 AM,90eec047-676b-4d50-9684-e8707ca80941,2.0,,,,,,,,,,,,,,,,,,,,,,,,,,,,,,,,,,,"(-13.8, 0.4, 3.5)","(-14.1, 1.1, 3.7)","(-14.3, 0.6, 3.9)",
PLAYER_POSITIONS,253992,6/27/2026 10:16:58 AM,90eec047-676b-4d50-9684-e8707ca80941,2.0,,,,,,,,,,,,,,,,,,,,,,,,,,,,,,,,,,,"(-13.8, 0.4, 3.5)","(-14.1, 1.1, 3.7)","(-14.3, 0.6, 3.9)",
VOICE_CAPTURE,254294,6/27/2026 10:16:58 AM,90eec047-676b-4d50-9684-e8707ca80941,2.0,,,,,,,,,,,,,,,,,,,,,,,,,,,,,,,,,,,,,,,,,,,,,,,,,,,NA,What year is it?,
PLAYER_POSITIONS,254505,6/27/2026 10:16:58 AM,90eec047-676b-4d50-9684-e8707ca80941,2.0,,,,,,,,,,,,,,,,,,,,,,,,,,,,,,,,,,,"(-13.9, 0.5, 3.4)","(-14.1, 1.2, 3.6)","(-14.3, 0.7, 4.0)",
PLAYER_POSITIONS,254505,6/27/2026 10:16:58 AM,90eec047-676b-4d50-9684-e8707ca80941,2.0,,,,,,,,,,,,,,,,,,,,,,,,,,,,,,,,,,,"(-13.9, 0.5, 3.4)","(-14.1, 1.2, 3.6)","(-14.3, 0.7, 4.0)",
VOICE_CAPTURE,254772,6/27/2026 10:16:58 AM,90eec047-676b-4d50-9684-e8707ca80941,2.0,,,,,,,,,,,,,,,,,,,,,,,,,,,,,,,,,,,,,,,,,,,,,,,,,,,NA,What year is it?,
VOICE_CAPTURE,254772,6/27/2026 10:16:58 AM,90eec047-676b-4d50-9684-e8707ca80941,2.0,,,,,,,,,,,,,,,,,,,,,,,,,,,,,,,,,,,,,,,,,,,,,,,,,,,NA,What year is it?,
VOICE_COMMAND,254772,6/27/2026 10:16:58 AM,90eec047-676b-4d50-9684-e8707ca80941,2.0,,,,,,,,,,,,,,,,,,,,,,,,,,,,,,,,,,,,,,,,,,,,,,,,,,,What year is it?,what year is it,
PLAYER_POSITIONS,255027,6/27/2026 10:16:59 AM,90eec047-676b-4d50-9684-e8707ca80941,2.0,,,,,,,,,,,,,,,,,,,,,,,,,,,,,,,,,,,"(-13.8, 0.5, 3.4)","(-14.1, 1.1, 3.7)","(-14.3, 0.3, 4.1)",
PLAYER_POSITIONS,255027,6/27/2026 10:16:59 AM,90eec047-676b-4d50-9684-e8707ca80941,2.0,,,,,,,,,,,,,,,,,,,,,,,,,,,,,,,,,,,"(-13.8, 0.5, 3.4)","(-14.1, 1.1, 3.7)","(-14.3, 0.3, 4.1)",
PLAYER_POSITIONS,255527,6/27/2026 10:16:59 AM,90eec047-676b-4d50-9684-e8707ca80941,2.0,,,,,,,,,,,,,,,,,,,,,,,,,,,,,,,,,,,"(-13.9, 0.5, 3.5)","(-14.1, 1.1, 3.8)","(-14.2, 0.4, 4.0)",
PLAYER_POSITIONS,255527,6/27/2026 10:16:59 AM,90eec047-676b-4d50-9684-e8707ca80941,2.0,,,,,,,,,,,,,,,,,,,,,,,,,,,,,,,,,,,"(-13.9, 0.5, 3.5)","(-14.1, 1.1, 3.8)","(-14.2, 0.4, 4.0)",
VOICE_CAPTURE,255728,6/27/2026 10:16:59 AM,90eec047-676b-4d50-9684-e8707ca80941,2.0,,,,,,,,,,,,,,,,,,,,,,,,,,,,,,,,,,,,,,,,,,,,,,,,,,,NA,Thank you.,
PLAYER_POSITIONS,256041,6/27/2026 10:17:00 AM,90eec047-676b-4d50-9684-e8707ca80941,2.0,,,,,,,,,,,,,,,,,,,,,,,,,,,,,,,,,,,"(-13.8, 0.4, 3.5)","(-14.2, 1.0, 3.8)","(-14.3, 0.5, 3.9)",
PLAYER_POSITIONS,256041,6/27/2026 10:17:00 AM,90eec047-676b-4d50-9684-e8707ca80941,2.0,,,,,,,,,,,,,,,,,,,,,,,,,,,,,,,,,,,"(-13.8, 0.4, 3.5)","(-14.2, 1.0, 3.8)","(-14.3, 0.5, 3.9)",
VOICE_CAPTURE,256240,6/27/2026 10:17:00 AM,90eec047-676b-4d50-9684-e8707ca80941,2.0,,,,,,,,,,,,,,,,,,,,,,,,,,,,,,,,,,,,,,,,,,,,,,,,,,,NA,Thank you.,
VOICE_CAPTURE,256240,6/27/2026 10:17:00 AM,90eec047-676b-4d50-9684-e8707ca80941,2.0,,,,,,,,,,,,,,,,,,,,,,,,,,,,,,,,,,,,,,,,,,,,,,,,,,,NA,Thank you.,
TOOL_HOVER,256283,6/27/2026 10:17:00 AM,90eec047-676b-4d50-9684-e8707ca80941,2.0,,,,,,,,,,,,,,,,,,,,,,,,,,,,,,,,,,,,,,,,,,,,,,997,,Tourniquet,
TOOL_SELECTED,256552,6/27/2026 10:17:00 AM,90eec047-676b-4d50-9684-e8707ca80941,2.0,,,,,,,,,,,,,,,,,,,,,,,,,,,,,,,,,,,,,,,,,,,,,,996,,Tourniquet,
PLAYER_POSITIONS,256555,6/27/2026 10:17:00 AM,90eec047-676b-4d50-9684-e8707ca80941,2.0,,,,,,,,,,,,,,,,,,,,,,,,,,,,,,,,,,,"(-13.8, 0.4, 3.5)","(-14.2, 0.9, 3.7)","(-14.5, 0.3, 4.0)",
PLAYER_POSITIONS,256555,6/27/2026 10:17:00 AM,90eec047-676b-4d50-9684-e8707ca80941,2.0,,,,,,,,,,,,,,,,,,,,,,,,,,,,,,,,,,,"(-13.8, 0.4, 3.5)","(-14.2, 0.9, 3.7)","(-14.5, 0.3, 4.0)",
PLAYER_POSITIONS,257063,6/27/2026 10:17:01 AM,90eec047-676b-4d50-9684-e8707ca80941,2.0,,,,,,,,,,,,,,,,,,,,,,,,,,,,,,,,,,,"(-13.8, 0.4, 3.5)","(-14.2, 0.9, 3.7)","(-14.5, 0.3, 4.0)",
PLAYER_POSITIONS,257063,6/27/2026 10:17:01 AM,90eec047-676b-4d50-9684-e8707ca80941,2.0,,,,,,,,,,,,,,,,,,,,,,,,,,,,,,,,,,,"(-13.8, 0.4, 3.5)","(-14.2, 0.9, 3.7)","(-14.5, 0.3, 4.0)",
TOOL_DISCARDED,257362,6/27/2026 10:17:01 AM,90eec047-676b-4d50-9684-e8707ca80941,2.0,,,,,,,,,,,,,,,,,,,,,,,,Civilian PT 14,,,,,,,,,,,,"(0.0, 0.0, 0.0)",,,,,,,,,,996,,Tourniquet,
TOOL_HOVER,257365,6/27/2026 10:17:01 AM,90eec047-676b-4d50-9684-e8707ca80941,2.0,,,,,,,,,,,,,,,,,,,,,,,,,,,,,,,,,,,,,,,,,,,,,,998,,Gauze Wrap,
PLAYER_POSITIONS,257566,6/27/2026 10:17:01 AM,90eec047-676b-4d50-9684-e8707ca80941,2.0,,,,,,,,,,,,,,,,,,,,,,,,,,,,,,,,,,,"(-13.8, 0.4, 3.5)","(-14.2, 0.9, 3.8)","(-14.5, 0.3, 4.0)",
PLAYER_POSITIONS,257566,6/27/2026 10:17:01 AM,90eec047-676b-4d50-9684-e8707ca80941,2.0,,,,,,,,,,,,,,,,,,,,,,,,,,,,,,,,,,,"(-13.8, 0.4, 3.5)","(-14.2, 0.9, 3.8)","(-14.5, 0.3, 4.0)",
TOOL_SELECTED,257755,6/27/2026 10:17:01 AM,90eec047-676b-4d50-9684-e8707ca80941,2.0,,,,,,,,,,,,,,,,,,,,,,,,,,,,,,,,,,,,,,,,,,,,,,997,,Gauze Wrap,
PLAYER_POSITIONS,258069,6/27/2026 10:17:02 AM,90eec047-676b-4d50-9684-e8707ca80941,2.0,,,,,,,,,,,,,,,,,,,,,,,,,,,,,,,,,,,"(-13.8, 0.4, 3.5)","(-14.2, 0.9, 3.6)","(-14.4, 0.5, 3.9)",
PLAYER_POSITIONS,258069,6/27/2026 10:17:02 AM,90eec047-676b-4d50-9684-e8707ca80941,2.0,,,,,,,,,,,,,,,,,,,,,,,,,,,,,,,,,,,"(-13.8, 0.4, 3.5)","(-14.2, 0.9, 3.6)","(-14.4, 0.5, 3.9)",
AUDIO_START,258283,6/27/2026 10:17:02 AM,90eec047-676b-4d50-9684-e8707ca80941,2.0,mortar on 3 1,3.474286,
PLAYER_POSITIONS,258590,6/27/2026 10:17:02 AM,90eec047-676b-4d50-9684-e8707ca80941,2.0,,,,,,,,,,,,,,,,,,,,,,,,,,,,,,,,,,,"(-13.8, 0.4, 3.4)","(-14.0, 0.9, 3.4)","(-14.3, 0.4, 3.3)",
PLAYER_POSITIONS,258590,6/27/2026 10:17:02 AM,90eec047-676b-4d50-9684-e8707ca80941,2.0,,,,,,,,,,,,,,,,,,,,,,,,,,,,,,,,,,,"(-13.8, 0.4, 3.4)","(-14.0, 0.9, 3.4)","(-14.3, 0.4, 3.3)",
INJURY_TREATED,258912,6/27/2026 10:17:03 AM,90eec047-676b-4d50-9684-e8707ca80941,2.0,,,,,,,,,rightArm,R Bicep Abrasion,"(-14.3, 0.4, 3.3)",gauzeWrap,1,1,low,True,True,,,,,,,Civilian PT 14,
TOOL_APPLIED,258912,6/27/2026 10:17:03 AM,90eec047-676b-4d50-9684-e8707ca80941,2.0,,,,,,,,,,,,,,,,,,,,,,,,Civilian PT 14,,,,,,,,,,,,,,,,,,,,AppliedGauzeWrap,skinCollider_BodyLOD (UnityEngine.GameObject),,Gauze Wrap(Clone) (UnityEngine.GameObject),Gauze Wrap,
PULSE_TAKEN,259087,6/27/2026 10:17:03 AM,90eec047-676b-4d50-9684-e8707ca80941,2.0,,,,,,,,,,,,,,,,,,,,,,,,Civilian PT 14,,,,pulse_normal,
PLAYER_POSITIONS,259112,6/27/2026 10:17:03 AM,90eec047-676b-4d50-9684-e8707ca80941,2.0,,,,,,,,,,,,,,,,,,,,,,,,,,,,,,,,,,,"(-13.8, 0.4, 3.4)","(-14.0, 0.9, 3.4)","(-14.3, 0.4, 3.3)",
PLAYER_POSITIONS,259112,6/27/2026 10:17:03 AM,90eec047-676b-4d50-9684-e8707ca80941,2.0,,,,,,,,,,,,,,,,,,,,,,,,,,,,,,,,,,,"(-13.8, 0.4, 3.4)","(-14.0, 0.9, 3.4)","(-14.3, 0.4, 3.3)",
BAG_CLOSED,259464,6/27/2026 10:17:03 AM,90eec047-676b-4d50-9684-e8707ca80941,2.0,,,,,,,,,,,,,,,,,,,,,,,,,,,,,,,,,,,,"(0.0, 0.0, 0.0)",
PLAYER_POSITIONS,259622,6/27/2026 10:17:03 AM,90eec047-676b-4d50-9684-e8707ca80941,2.0,,,,,,,,,,,,,,,,,,,,,,,,,,,,,,,,,,,"(-13.8, 0.4, 3.5)","(-14.0, 1.0, 3.6)","(-14.1, 0.4, 3.7)",
PLAYER_GAZE,259622,6/27/2026 10:17:03 AM,90eec047-676b-4d50-9684-e8707ca80941,2.0,,,,,,,,,,,,,,,,,,,,,,,,Civilian PT 14,,,,,,,,,"(0.1, 1.0, 0.0)",,,"(-14.1, 0.0, 3.6)",
PLAYER_POSITIONS,259622,6/27/2026 10:17:03 AM,90eec047-676b-4d50-9684-e8707ca80941,2.0,,,,,,,,,,,,,,,,,,,,,,,,,,,,,,,,,,,"(-13.8, 0.4, 3.5)","(-14.0, 1.0, 3.6)","(-14.1, 0.4, 3.7)",
PLAYER_GAZE,259622,6/27/2026 10:17:03 AM,90eec047-676b-4d50-9684-e8707ca80941,2.0,,,,,,,,,,,,,,,,,,,,,,,,Civilian PT 14,,,,,,,,,"(0.1, 1.0, 0.0)",,,"(-14.1, 0.0, 3.6)",
PLAYER_POSITIONS,260125,6/27/2026 10:17:04 AM,90eec047-676b-4d50-9684-e8707ca80941,2.0,,,,,,,,,,,,,,,,,,,,,,,,,,,,,,,,,,,"(-13.9, 0.3, 3.6)","(-14.1, 0.9, 3.8)","(-14.4, 0.5, 4.0)",
PLAYER_POSITIONS,260125,6/27/2026 10:17:04 AM,90eec047-676b-4d50-9684-e8707ca80941,2.0,,,,,,,,,,,,,,,,,,,,,,,,,,,,,,,,,,,"(-13.9, 0.3, 3.6)","(-14.1, 0.9, 3.8)","(-14.4, 0.5, 4.0)",
PLAYER_POSITIONS,260635,6/27/2026 10:17:04 AM,90eec047-676b-4d50-9684-e8707ca80941,2.0,,,,,,,,,,,,,,,,,,,,,,,,,,,,,,,,,,,"(-13.9, 0.3, 3.6)","(-14.1, 0.9, 3.9)","(-14.3, 0.3, 4.2)",
PLAYER_POSITIONS,260635,6/27/2026 10:17:04 AM,90eec047-676b-4d50-9684-e8707ca80941,2.0,,,,,,,,,,,,,,,,,,,,,,,,,,,,,,,,,,,"(-13.9, 0.3, 3.6)","(-14.1, 0.9, 3.9)","(-14.3, 0.3, 4.2)",
TOOL_HOVER,261066,6/27/2026 10:17:05 AM,90eec047-676b-4d50-9684-e8707ca80941,2.0,,,,,,,,,,,,,,,,,,,,,,,,,,,,,,,,,,,,,,,,,,,,,,997,,Tourniquet,
PLAYER_POSITIONS,261158,6/27/2026 10:17:05 AM,90eec047-676b-4d50-9684-e8707ca80941,2.0,,,,,,,,,,,,,,,,,,,,,,,,,,,,,,,,,,,"(-13.9, 0.3, 3.6)","(-14.2, 0.9, 3.9)","(-14.6, 0.4, 4.1)",
PLAYER_POSITIONS,261158,6/27/2026 10:17:05 AM,90eec047-676b-4d50-9684-e8707ca80941,2.0,,,,,,,,,,,,,,,,,,,,,,,,,,,,,,,,,,,"(-13.9, 0.3, 3.6)","(-14.2, 0.9, 3.9)","(-14.6, 0.4, 4.1)",
TOOL_HOVER,261369,6/27/2026 10:17:05 AM,90eec047-676b-4d50-9684-e8707ca80941,2.0,,,,,,,,,,,,,,,,,,,,,,,,,,,,,,,,,,,,,,,,,,,,,,997,,Gauze Wrap,
TOOL_SELECTED,261660,6/27/2026 10:17:05 AM,90eec047-676b-4d50-9684-e8707ca80941,2.0,,,,,,,,,,,,,,,,,,,,,,,,,,,,,,,,,,,,,,,,,,,,,,996,,Gauze Wrap,
PLAYER_POSITIONS,261662,6/27/2026 10:17:05 AM,90eec047-676b-4d50-9684-e8707ca80941,2.0,,,,,,,,,,,,,,,,,,,,,,,,,,,,,,,,,,,"(-13.9, 0.3, 3.6)","(-14.2, 0.9, 3.9)","(-14.6, 0.3, 4.1)",
PLAYER_POSITIONS,261662,6/27/2026 10:17:05 AM,90eec047-676b-4d50-9684-e8707ca80941,2.0,,,,,,,,,,,,,,,,,,,,,,,,,,,,,,,,,,,"(-13.9, 0.3, 3.6)","(-14.2, 0.9, 3.9)","(-14.6, 0.3, 4.1)",
AUDIO_END,261762,6/27/2026 10:17:05 AM,90eec047-676b-4d50-9684-e8707ca80941,2.0,mortar on 3 1,3.474286,
NARRATIVE_SECTION_END,261762,6/27/2026 10:17:05 AM,90eec047-676b-4d50-9684-e8707ca80941,2.0,,,,,,,,,,,,,,,,,,Mortar support on 3-1,29,
NARRATIVE_SECTION_START,261780,6/27/2026 10:17:05 AM,90eec047-676b-4d50-9684-e8707ca80941,2.0,,,,,,,,,,,,,,,,,,Standby for mortar Strike,30,
PLAYER_POSITIONS,262161,6/27/2026 10:17:06 AM,90eec047-676b-4d50-9684-e8707ca80941,2.0,,,,,,,,,,,,,,,,,,,,,,,,,,,,,,,,,,,"(-13.9, 0.3, 3.6)","(-14.1, 0.9, 3.7)","(-14.3, 0.4, 3.8)",
PLAYER_POSITIONS,262161,6/27/2026 10:17:06 AM,90eec047-676b-4d50-9684-e8707ca80941,2.0,,,,,,,,,,,,,,,,,,,,,,,,,,,,,,,,,,,"(-13.9, 0.3, 3.6)","(-14.1, 0.9, 3.7)","(-14.3, 0.4, 3.8)",
PLAYER_POSITIONS,262670,6/27/2026 10:17:06 AM,90eec047-676b-4d50-9684-e8707ca80941,2.0,,,,,,,,,,,,,,,,,,,,,,,,,,,,,,,,,,,"(-13.8, 0.3, 3.6)","(-14.1, 0.9, 3.7)","(-14.4, 0.4, 3.7)",
PLAYER_POSITIONS,262670,6/27/2026 10:17:06 AM,90eec047-676b-4d50-9684-e8707ca80941,2.0,,,,,,,,,,,,,,,,,,,,,,,,,,,,,,,,,,,"(-13.8, 0.3, 3.6)","(-14.1, 0.9, 3.7)","(-14.4, 0.4, 3.7)",
INJURY_TREATED,262705,6/27/2026 10:17:06 AM,90eec047-676b-4d50-9684-e8707ca80941,2.0,,,,,,,,,leftArm,L Bicep Abrasion,"(-14.3, 0.3, 3.7)",gauzeWrap,1,1,low,True,True,,,,,,,Civilian PT 14,
TOOL_APPLIED,262705,6/27/2026 10:17:06 AM,90eec047-676b-4d50-9684-e8707ca80941,2.0,,,,,,,,,,,,,,,,,,,,,,,,Civilian PT 14,,,,,,,,,,,,,,,,,,,,AppliedGauzeWrap,skinCollider_BodyLOD (UnityEngine.GameObject),,Gauze Wrap(Clone) (UnityEngine.GameObject),Gauze Wrap,
PLAYER_POSITIONS,263181,6/27/2026 10:17:07 AM,90eec047-676b-4d50-9684-e8707ca80941,2.0,,,,,,,,,,,,,,,,,,,,,,,,,,,,,,,,,,,"(-13.9, 0.3, 3.6)","(-14.2, 0.9, 3.8)","(-14.4, 0.5, 4.0)",
PLAYER_POSITIONS,263181,6/27/2026 10:17:07 AM,90eec047-676b-4d50-9684-e8707ca80941,2.0,,,,,,,,,,,,,,,,,,,,,,,,,,,,,,,,,,,"(-13.9, 0.3, 3.6)","(-14.2, 0.9, 3.8)","(-14.4, 0.5, 4.0)",
TOOL_HOVER,263267,6/27/2026 10:17:07 AM,90eec047-676b-4d50-9684-e8707ca80941,2.0,,,,,,,,,,,,,,,,,,,,,,,,,,,,,,,,,,,,,,,,,,,,,,997,,Tourniquet,
TOOL_HOVER,263468,6/27/2026 10:17:07 AM,90eec047-676b-4d50-9684-e8707ca80941,2.0,,,,,,,,,,,,,,,,,,,,,,,,,,,,,,,,,,,,,,,,,,,,,,996,,Gauze Wrap,
TOOL_SELECTED,263702,6/27/2026 10:17:07 AM,90eec047-676b-4d50-9684-e8707ca80941,2.0,,,,,,,,,,,,,,,,,,,,,,,,,,,,,,,,,,,,,,,,,,,,,,995,,Gauze Wrap,
PLAYER_POSITIONS,263704,6/27/2026 10:17:07 AM,90eec047-676b-4d50-9684-e8707ca80941,2.0,,,,,,,,,,,,,,,,,,,,,,,,,,,,,,,,,,,"(-13.9, 0.3, 3.6)","(-14.2, 0.9, 3.9)","(-14.6, 0.3, 4.1)",
PLAYER_POSITIONS,263704,6/27/2026 10:17:07 AM,90eec047-676b-4d50-9684-e8707ca80941,2.0,,,,,,,,,,,,,,,,,,,,,,,,,,,,,,,,,,,"(-13.9, 0.3, 3.6)","(-14.2, 0.9, 3.9)","(-14.6, 0.3, 4.1)",
AUDIO_START,263785,6/27/2026 10:17:07 AM,90eec047-676b-4d50-9684-e8707ca80941,2.0,standby for mortar strike,3.108572,
PLAYER_POSITIONS,264215,6/27/2026 10:17:08 AM,90eec047-676b-4d50-9684-e8707ca80941,2.0,,,,,,,,,,,,,,,,,,,,,,,,,,,,,,,,,,,"(-13.9, 0.3, 3.6)","(-14.2, 0.9, 3.7)","(-14.2, 0.4, 3.7)",
PLAYER_POSITIONS,264215,6/27/2026 10:17:08 AM,90eec047-676b-4d50-9684-e8707ca80941,2.0,,,,,,,,,,,,,,,,,,,,,,,,,,,,,,,,,,,"(-13.9, 0.3, 3.6)","(-14.2, 0.9, 3.7)","(-14.2, 0.4, 3.7)",
INJURY_TREATED,264597,6/27/2026 10:17:08 AM,90eec047-676b-4d50-9684-e8707ca80941,2.0,,,,,,,,,leftForearm,L Forearm Abrasion,"(-14.3, 0.4, 3.6)",gauzeWrap,1,1,low,True,True,,,,,,,Civilian PT 14,
TOOL_APPLIED,264597,6/27/2026 10:17:08 AM,90eec047-676b-4d50-9684-e8707ca80941,2.0,,,,,,,,,,,,,,,,,,,,,,,,Civilian PT 14,,,,,,,,,,,,,,,,,,,,AppliedGauzeWrap,skinCollider_BodyLOD (UnityEngine.GameObject),,Gauze Wrap(Clone) (UnityEngine.GameObject),Gauze Wrap,
PLAYER_POSITIONS,264729,6/27/2026 10:17:08 AM,90eec047-676b-4d50-9684-e8707ca80941,2.0,,,,,,,,,,,,,,,,,,,,,,,,,,,,,,,,,,,"(-13.8, 0.3, 3.6)","(-14.1, 0.9, 3.6)","(-14.3, 0.4, 3.6)",
PLAYER_POSITIONS,264729,6/27/2026 10:17:08 AM,90eec047-676b-4d50-9684-e8707ca80941,2.0,,,,,,,,,,,,,,,,,,,,,,,,,,,,,,,,,,,"(-13.8, 0.3, 3.6)","(-14.1, 0.9, 3.6)","(-14.3, 0.4, 3.6)",
BAG_CLOSED,264782,6/27/2026 10:17:08 AM,90eec047-676b-4d50-9684-e8707ca80941,2.0,,,,,,,,,,,,,,,,,,,,,,,,,,,,,,,,,,,,"(0.0, 0.0, 0.0)",
PLAYER_POSITIONS,265289,6/27/2026 10:17:09 AM,90eec047-676b-4d50-9684-e8707ca80941,2.0,,,,,,,,,,,,,,,,,,,,,,,,,,,,,,,,,,,"(-13.6, 0.5, 3.5)","(-13.6, 1.3, 3.5)","(-13.7, 0.4, 3.7)",
PLAYER_GAZE,265289,6/27/2026 10:17:09 AM,90eec047-676b-4d50-9684-e8707ca80941,2.0,,,,,,,,,,,,,,,,,,,,,,,,Military PT 12,,,,,,,,,"(-0.8, 1.3, 7.6)",,,"(-12.8, 0.0, -4.1)",
PLAYER_POSITIONS,265289,6/27/2026 10:17:09 AM,90eec047-676b-4d50-9684-e8707ca80941,2.0,,,,,,,,,,,,,,,,,,,,,,,,,,,,,,,,,,,"(-13.6, 0.5, 3.5)","(-13.6, 1.3, 3.5)","(-13.7, 0.4, 3.7)",
PLAYER_GAZE,265289,6/27/2026 10:17:09 AM,90eec047-676b-4d50-9684-e8707ca80941,2.0,,,,,,,,,,,,,,,,,,,,,,,,Military PT 12,,,,,,,,,"(-0.8, 1.3, 7.6)",,,"(-12.8, 0.0, -4.1)",
PLAYER_POSITIONS,265789,6/27/2026 10:17:09 AM,90eec047-676b-4d50-9684-e8707ca80941,2.0,,,,,,,,,,,,,,,,,,,,,,,,,,,,,,,,,,,"(-13.3, 0.6, 3.3)","(-13.4, 1.4, 3.6)","(-13.6, 0.6, 3.4)",
PLAYER_POSITIONS,265789,6/27/2026 10:17:09 AM,90eec047-676b-4d50-9684-e8707ca80941,2.0,,,,,,,,,,,,,,,,,,,,,,,,,,,,,,,,,,,"(-13.3, 0.6, 3.3)","(-13.4, 1.4, 3.6)","(-13.6, 0.6, 3.4)",
PLAYER_POSITIONS,266318,6/27/2026 10:17:10 AM,90eec047-676b-4d50-9684-e8707ca80941,2.0,,,,,,,,,,,,,,,,,,,,,,,,,,,,,,,,,,,"(-13.1, 0.5, 3.0)","(-13.3, 1.3, 3.1)","(-13.4, 0.7, 2.9)",
PLAYER_POSITIONS,266318,6/27/2026 10:17:10 AM,90eec047-676b-4d50-9684-e8707ca80941,2.0,,,,,,,,,,,,,,,,,,,,,,,,,,,,,,,,,,,"(-13.1, 0.5, 3.0)","(-13.3, 1.3, 3.1)","(-13.4, 0.7, 2.9)",
PLAYER_POSITIONS,266828,6/27/2026 10:17:10 AM,90eec047-676b-4d50-9684-e8707ca80941,2.0,,,,,,,,,,,,,,,,,,,,,,,,,,,,,,,,,,,"(-13.4, 0.4, 2.3)","(-13.5, 1.2, 2.4)","(-13.7, 0.4, 2.3)",
PLAYER_POSITIONS,266828,6/27/2026 10:17:10 AM,90eec047-676b-4d50-9684-e8707ca80941,2.0,,,,,,,,,,,,,,,,,,,,,,,,,,,,,,,,,,,"(-13.4, 0.4, 2.3)","(-13.5, 1.2, 2.4)","(-13.7, 0.4, 2.3)",
AUDIO_END,266894,6/27/2026 10:17:10 AM,90eec047-676b-4d50-9684-e8707ca80941,2.0,standby for mortar strike,3.108572,
NARRATIVE_SECTION_END,266894,6/27/2026 10:17:10 AM,90eec047-676b-4d50-9684-e8707ca80941,2.0,,,,,,,,,,,,,,,,,,Standby for mortar Strike,30,
NARRATIVE_SECTION_START,266923,6/27/2026 10:17:11 AM,90eec047-676b-4d50-9684-e8707ca80941,2.0,,,,,,,,,,,,,,,,,,Mortar rounds outbound splash in 5 seconds,31,
PATIENT_DISENGAGED,267316,6/27/2026 10:17:11 AM,90eec047-676b-4d50-9684-e8707ca80941,2.0,,,,18.03,,,,,,,,,,,,,,,,normal,100,Infinity,normal,Civilian PT 14,upset,sittingGround,"(-14.1, 0.0, 3.6)",normal,"(0.0, 0.8, 0.0, 0.6)",normal,DELAYED,still,,,,,,,,,,,,,,,,,18.03,
PATIENT_ENGAGED,267316,6/27/2026 10:17:11 AM,90eec047-676b-4d50-9684-e8707ca80941,2.0,,,,0,,,,,,,,,,,,,,,,normal,100,Infinity,normal,Civilian PT 3,upset,prone,"(-14.3, -0.1, 1.6)",normal,"(0.0, 0.0, 0.0, 1.0)",normal,DELAYED,still,,,,,,,,,,,,,,,,,0,
PLAYER_POSITIONS,267351,6/27/2026 10:17:11 AM,90eec047-676b-4d50-9684-e8707ca80941,2.0,,,,,,,,,,,,,,,,,,,,,,,,,,,,,,,,,,,"(-13.3, 0.4, 1.9)","(-13.5, 1.1, 2.0)","(-13.7, 0.6, 2.0)",
PLAYER_POSITIONS,267351,6/27/2026 10:17:11 AM,90eec047-676b-4d50-9684-e8707ca80941,2.0,,,,,,,,,,,,,,,,,,,,,,,,,,,,,,,,,,,"(-13.3, 0.4, 1.9)","(-13.5, 1.1, 2.0)","(-13.7, 0.6, 2.0)",
PLAYER_POSITIONS,267867,6/27/2026 10:17:11 AM,90eec047-676b-4d50-9684-e8707ca80941,2.0,,,,,,,,,,,,,,,,,,,,,,,,,,,,,,,,,,,"(-13.1, 0.3, 1.5)","(-13.1, 0.9, 1.4)","(-13.4, 0.5, 1.5)",
PLAYER_POSITIONS,267867,6/27/2026 10:17:11 AM,90eec047-676b-4d50-9684-e8707ca80941,2.0,,,,,,,,,,,,,,,,,,,,,,,,,,,,,,,,,,,"(-13.1, 0.3, 1.5)","(-13.1, 0.9, 1.4)","(-13.4, 0.5, 1.5)",
PULSE_TAKEN,268267,6/27/2026 10:17:12 AM,90eec047-676b-4d50-9684-e8707ca80941,2.0,,,,,,,,,,,,,,,,,,,,,,,,Civilian PT 3,,,,pulse_normal,
PLAYER_POSITIONS,268383,6/27/2026 10:17:12 AM,90eec047-676b-4d50-9684-e8707ca80941,2.0,,,,,,,,,,,,,,,,,,,,,,,,,,,,,,,,,,,"(-13.1, 0.2, 1.6)","(-13.2, 0.7, 1.3)","(-13.3, 0.1, 1.1)",
PLAYER_POSITIONS,268383,6/27/2026 10:17:12 AM,90eec047-676b-4d50-9684-e8707ca80941,2.0,,,,,,,,,,,,,,,,,,,,,,,,,,,,,,,,,,,"(-13.1, 0.2, 1.6)","(-13.2, 0.7, 1.3)","(-13.3, 0.1, 1.1)",
PLAYER_POSITIONS,268886,6/27/2026 10:17:12 AM,90eec047-676b-4d50-9684-e8707ca80941,2.0,,,,,,,,,,,,,,,,,,,,,,,,,,,,,,,,,,,"(-13.1, 0.2, 1.6)","(-13.2, 0.7, 1.3)","(-13.3, 0.1, 1.2)",
PLAYER_POSITIONS,268886,6/27/2026 10:17:12 AM,90eec047-676b-4d50-9684-e8707ca80941,2.0,,,,,,,,,,,,,,,,,,,,,,,,,,,,,,,,,,,"(-13.1, 0.2, 1.6)","(-13.2, 0.7, 1.3)","(-13.3, 0.1, 1.2)",
DRAG_START,269301,6/27/2026 10:17:13 AM,90eec047-676b-4d50-9684-e8707ca80941,2.0,,,,,"(-14.3, 0.0, 1.6)",,,,,,,,,,,,,,,,,,,Civilian PT 3,
DRAG_START,269347,6/27/2026 10:17:13 AM,90eec047-676b-4d50-9684-e8707ca80941,2.0,,,,,"(-14.3, 0.0, 1.6)",,,,,,,,,,,,,,,,,,,Civilian PT 3,
PULSE_TAKEN,269362,6/27/2026 10:17:13 AM,90eec047-676b-4d50-9684-e8707ca80941,2.0,,,,,,,,,,,,,,,,,,,,,,,,Civilian PT 3,,,,pulse_normal,
PLAYER_POSITIONS,269386,6/27/2026 10:17:13 AM,90eec047-676b-4d50-9684-e8707ca80941,2.0,,,,,,,,,,,,,,,,,,,,,,,,,,,,,,,,,,,"(-13.3, 0.1, 1.3)","(-13.3, 0.8, 1.3)","(-13.4, 0.1, 1.2)",
PLAYER_POSITIONS,269386,6/27/2026 10:17:13 AM,90eec047-676b-4d50-9684-e8707ca80941,2.0,,,,,,,,,,,,,,,,,,,,,,,,,,,,,,,,,,,"(-13.3, 0.1, 1.3)","(-13.3, 0.8, 1.3)","(-13.4, 0.1, 1.2)",
PLAYER_POSITIONS,269902,6/27/2026 10:17:14 AM,90eec047-676b-4d50-9684-e8707ca80941,2.0,,,,,,,,,,,,,,,,,,,,,,,,,,,,,,,,,,,"(-13.2, 0.1, 1.3)","(-13.3, 0.8, 1.4)","(-13.4, 0.1, 1.3)",
PLAYER_POSITIONS,269902,6/27/2026 10:17:14 AM,90eec047-676b-4d50-9684-e8707ca80941,2.0,,,,,,,,,,,,,,,,,,,,,,,,,,,,,,,,,,,"(-13.2, 0.1, 1.3)","(-13.3, 0.8, 1.4)","(-13.4, 0.1, 1.3)",
DRAG_STOP,269975,6/27/2026 10:17:14 AM,90eec047-676b-4d50-9684-e8707ca80941,2.0,,,,,"(-14.3, 0.0, 1.6)","(-14.1, 0.0, 1.9)",,,,,,,,,,,,,,,,,,Civilian PT 3,
DRAG_STOP,269975,6/27/2026 10:17:14 AM,90eec047-676b-4d50-9684-e8707ca80941,2.0,,,,,"(-14.3, 0.0, 1.6)","(-14.1, 0.0, 1.9)",,,,,,,,,,,,,,,,,,Civilian PT 3,
DRAG_STOP,269995,6/27/2026 10:17:14 AM,90eec047-676b-4d50-9684-e8707ca80941,2.0,,,,,"(-14.3, 0.0, 1.6)","(-14.1, 0.0, 1.9)",,,,,,,,,,,,,,,,,,Civilian PT 3,
DRAG_STOP,270129,6/27/2026 10:17:14 AM,90eec047-676b-4d50-9684-e8707ca80941,2.0,,,,,"(-14.3, 0.0, 1.6)","(-14.1, 0.0, 1.9)",,,,,,,,,,,,,,,,,,Civilian PT 3,
DRAG_START,270366,6/27/2026 10:17:14 AM,90eec047-676b-4d50-9684-e8707ca80941,2.0,,,,,"(-14.1, 0.0, 1.9)",,,,,,,,,,,,,,,,,,,Civilian PT 3,
PULSE_TAKEN,270424,6/27/2026 10:17:14 AM,90eec047-676b-4d50-9684-e8707ca80941,2.0,,,,,,,,,,,,,,,,,,,,,,,,Civilian PT 3,,,,pulse_normal,
PLAYER_POSITIONS,270429,6/27/2026 10:17:14 AM,90eec047-676b-4d50-9684-e8707ca80941,2.0,,,,,,,,,,,,,,,,,,,,,,,,,,,,,,,,,,,"(-13.2, 0.2, 1.3)","(-13.2, 0.9, 1.5)","(-13.3, 0.2, 1.4)",
PLAYER_POSITIONS,270429,6/27/2026 10:17:14 AM,90eec047-676b-4d50-9684-e8707ca80941,2.0,,,,,,,,,,,,,,,,,,,,,,,,,,,,,,,,,,,"(-13.2, 0.2, 1.3)","(-13.2, 0.9, 1.5)","(-13.3, 0.2, 1.4)",
VOICE_CAPTURE,270761,6/27/2026 10:17:14 AM,90eec047-676b-4d50-9684-e8707ca80941,2.0,,,,,,,,,,,,,,,,,,,,,,,,,,,,,,,,,,,,,,,,,,,,,,,,,,,NA,go.,
PULSE_TAKEN,270802,6/27/2026 10:17:14 AM,90eec047-676b-4d50-9684-e8707ca80941,2.0,,,,,,,,,,,,,,,,,,,,,,,,Civilian PT 3,,,,pulse_normal,
AUDIO_START,270932,6/27/2026 10:17:15 AM,90eec047-676b-4d50-9684-e8707ca80941,2.0,mortar rounds outbound splash in 5,4.571429,
PLAYER_POSITIONS,270932,6/27/2026 10:17:15 AM,90eec047-676b-4d50-9684-e8707ca80941,2.0,,,,,,,,,,,,,,,,,,,,,,,,,,,,,,,,,,,"(-13.6, 0.3, 2.1)","(-13.5, 1.1, 2.3)","(-13.8, 0.3, 2.3)",
PLAYER_POSITIONS,270932,6/27/2026 10:17:15 AM,90eec047-676b-4d50-9684-e8707ca80941,2.0,,,,,,,,,,,,,,,,,,,,,,,,,,,,,,,,,,,"(-13.6, 0.3, 2.1)","(-13.5, 1.1, 2.3)","(-13.8, 0.3, 2.3)",
PULSE_TAKEN,270946,6/27/2026 10:17:15 AM,90eec047-676b-4d50-9684-e8707ca80941,2.0,,,,,,,,,,,,,,,,,,,,,,,,Civilian PT 3,,,,pulse_normal,
VOICE_CAPTURE,271228,6/27/2026 10:17:15 AM,90eec047-676b-4d50-9684-e8707ca80941,2.0,,,,,,,,,,,,,,,,,,,,,,,,,,,,,,,,,,,,,,,,,,,,,,,,,,,NA,go.,
PLAYER_POSITIONS,271449,6/27/2026 10:17:15 AM,90eec047-676b-4d50-9684-e8707ca80941,2.0,,,,,,,,,,,,,,,,,,,,,,,,,,,,,,,,,,,"(-13.5, 0.4, 2.7)","(-13.1, 1.1, 2.8)","(-13.5, 0.5, 3.0)",
PLAYER_POSITIONS,271449,6/27/2026 10:17:15 AM,90eec047-676b-4d50-9684-e8707ca80941,2.0,,,,,,,,,,,,,,,,,,,,,,,,,,,,,,,,,,,"(-13.5, 0.4, 2.7)","(-13.1, 1.1, 2.8)","(-13.5, 0.5, 3.0)",
VOICE_CAPTURE,271761,6/27/2026 10:17:15 AM,90eec047-676b-4d50-9684-e8707ca80941,2.0,,,,,,,,,,,,,,,,,,,,,,,,,,,,,,,,,,,,,,,,,,,,,,,,,,,NA,go.,
PLAYER_POSITIONS,271960,6/27/2026 10:17:16 AM,90eec047-676b-4d50-9684-e8707ca80941,2.0,,,,,,,,,,,,,,,,,,,,,,,,,,,,,,,,,,,"(-13.7, 0.5, 3.0)","(-13.3, 1.2, 3.0)","(-13.7, 0.6, 3.3)",
PLAYER_POSITIONS,271960,6/27/2026 10:17:16 AM,90eec047-676b-4d50-9684-e8707ca80941,2.0,,,,,,,,,,,,,,,,,,,,,,,,,,,,,,,,,,,"(-13.7, 0.5, 3.0)","(-13.3, 1.2, 3.0)","(-13.7, 0.6, 3.3)",
VOICE_CAPTURE,272228,6/27/2026 10:17:16 AM,90eec047-676b-4d50-9684-e8707ca80941,2.0,,,,,,,,,,,,,,,,,,,,,,,,,,,,,,,,,,,,,,,,,,,,,,,,,,,NA,go.,
PLAYER_POSITIONS,272473,6/27/2026 10:17:16 AM,90eec047-676b-4d50-9684-e8707ca80941,2.0,,,,,,,,,,,,,,,,,,,,,,,,,,,,,,,,,,,"(-13.8, 0.5, 3.3)","(-13.5, 1.1, 3.4)","(-13.9, 0.5, 3.6)",
PLAYER_POSITIONS,272473,6/27/2026 10:17:16 AM,90eec047-676b-4d50-9684-e8707ca80941,2.0,,,,,,,,,,,,,,,,,,,,,,,,,,,,,,,,,,,"(-13.8, 0.5, 3.3)","(-13.5, 1.1, 3.4)","(-13.9, 0.5, 3.6)",
PULSE_TAKEN,272536,6/27/2026 10:17:16 AM,90eec047-676b-4d50-9684-e8707ca80941,2.0,,,,,,,,,,,,,,,,,,,,,,,,Civilian PT 3,,,,pulse_normal,
VOICE_CAPTURE,272729,6/27/2026 10:17:16 AM,90eec047-676b-4d50-9684-e8707ca80941,2.0,,,,,,,,,,,,,,,,,,,,,,,,,,,,,,,,,,,,,,,,,,,,,,,,,,,NA,go.,
PLAYER_POSITIONS,272974,6/27/2026 10:17:17 AM,90eec047-676b-4d50-9684-e8707ca80941,2.0,,,,,,,,,,,,,,,,,,,,,,,,,,,,,,,,,,,"(-13.9, 0.5, 3.6)","(-13.6, 1.1, 3.7)","(-14.0, 0.4, 3.9)",
PLAYER_POSITIONS,272974,6/27/2026 10:17:17 AM,90eec047-676b-4d50-9684-e8707ca80941,2.0,,,,,,,,,,,,,,,,,,,,,,,,,,,,,,,,,,,"(-13.9, 0.5, 3.6)","(-13.6, 1.1, 3.7)","(-14.0, 0.4, 3.9)",
VOICE_CAPTURE,273230,6/27/2026 10:17:17 AM,90eec047-676b-4d50-9684-e8707ca80941,2.0,,,,,,,,,,,,,,,,,,,,,,,,,,,,,,,,,,,,,,,,,,,,,,,,,,,NA,go.,
PLAYER_POSITIONS,273475,6/27/2026 10:17:17 AM,90eec047-676b-4d50-9684-e8707ca80941,2.0,,,,,,,,,,,,,,,,,,,,,,,,,,,,,,,,,,,"(-14.1, 0.5, 3.8)","(-13.8, 1.1, 3.9)","(-14.1, 0.4, 4.0)",
PLAYER_POSITIONS,273475,6/27/2026 10:17:17 AM,90eec047-676b-4d50-9684-e8707ca80941,2.0,,,,,,,,,,,,,,,,,,,,,,,,,,,,,,,,,,,"(-14.1, 0.5, 3.8)","(-13.8, 1.1, 3.9)","(-14.1, 0.4, 4.0)",
VOICE_CAPTURE,273710,6/27/2026 10:17:17 AM,90eec047-676b-4d50-9684-e8707ca80941,2.0,,,,,,,,,,,,,,,,,,,,,,,,,,,,,,,,,,,,,,,,,,,,,,,,,,,NA,go.,
PLAYER_POSITIONS,273975,6/27/2026 10:17:18 AM,90eec047-676b-4d50-9684-e8707ca80941,2.0,,,,,,,,,,,,,,,,,,,,,,,,,,,,,,,,,,,"(-14.3, 0.5, 4.0)","(-14.1, 1.1, 4.1)","(-14.4, 0.4, 4.3)",
PLAYER_POSITIONS,273975,6/27/2026 10:17:18 AM,90eec047-676b-4d50-9684-e8707ca80941,2.0,,,,,,,,,,,,,,,,,,,,,,,,,,,,,,,,,,,"(-14.3, 0.5, 4.0)","(-14.1, 1.1, 4.1)","(-14.4, 0.4, 4.3)",
VOICE_CAPTURE,274232,6/27/2026 10:17:18 AM,90eec047-676b-4d50-9684-e8707ca80941,2.0,,,,,,,,,,,,,,,,,,,,,,,,,,,,,,,,,,,,,,,,,,,,,,,,,,,NA,go.,
PLAYER_POSITIONS,274476,6/27/2026 10:17:18 AM,90eec047-676b-4d50-9684-e8707ca80941,2.0,,,,,,,,,,,,,,,,,,,,,,,,,,,,,,,,,,,"(-14.5, 0.5, 4.2)","(-14.3, 1.0, 4.3)","(-14.6, 0.4, 4.6)",
PLAYER_POSITIONS,274476,6/27/2026 10:17:18 AM,90eec047-676b-4d50-9684-e8707ca80941,2.0,,,,,,,,,,,,,,,,,,,,,,,,,,,,,,,,,,,"(-14.5, 0.5, 4.2)","(-14.3, 1.0, 4.3)","(-14.6, 0.4, 4.6)",
VOICE_CAPTURE,274765,6/27/2026 10:17:18 AM,90eec047-676b-4d50-9684-e8707ca80941,2.0,,,,,,,,,,,,,,,,,,,,,,,,,,,,,,,,,,,,,,,,,,,,,,,,,,,NA,go.,
DRAG_STOP,274789,6/27/2026 10:17:18 AM,90eec047-676b-4d50-9684-e8707ca80941,2.0,,,,,"(-14.1, 0.0, 1.9)","(-13.9, 0.0, 5.1)",,,,,,,,,,,,,,,,,,Civilian PT 3,
DRAG_STOP,274967,6/27/2026 10:17:19 AM,90eec047-676b-4d50-9684-e8707ca80941,2.0,,,,,"(-14.1, 0.0, 1.9)","(-13.9, 0.0, 5.1)",,,,,,,,,,,,,,,,,,Civilian PT 3,
PLAYER_POSITIONS,274988,6/27/2026 10:17:19 AM,90eec047-676b-4d50-9684-e8707ca80941,2.0,,,,,,,,,,,,,,,,,,,,,,,,,,,,,,,,,,,"(-14.7, 0.5, 4.3)","(-14.5, 1.1, 4.5)","(-14.7, 0.3, 4.6)",
PLAYER_POSITIONS,274988,6/27/2026 10:17:19 AM,90eec047-676b-4d50-9684-e8707ca80941,2.0,,,,,,,,,,,,,,,,,,,,,,,,,,,,,,,,,,,"(-14.7, 0.5, 4.3)","(-14.5, 1.1, 4.5)","(-14.7, 0.3, 4.6)",
VOICE_CAPTURE,275253,6/27/2026 10:17:19 AM,90eec047-676b-4d50-9684-e8707ca80941,2.0,,,,,,,,,,,,,,,,,,,,,,,,,,,,,,,,,,,,,,,,,,,,,,,,,,,NA,go.,
PLAYER_POSITIONS,275492,6/27/2026 10:17:19 AM,90eec047-676b-4d50-9684-e8707ca80941,2.0,,,,,,,,,,,,,,,,,,,,,,,,,,,,,,,,,,,"(-14.5, 0.5, 4.2)","(-14.2, 1.2, 4.5)","(-14.1, 0.7, 4.7)",
PLAYER_GAZE,275492,6/27/2026 10:17:19 AM,90eec047-676b-4d50-9684-e8707ca80941,2.0,,,,,,,,,,,,,,,,,,,,,,,,Civilian PT 3,,,,,,,,,"(-0.3, 1.2, -0.6)",,,"(-13.9, 0.0, 5.1)",
PLAYER_POSITIONS,275492,6/27/2026 10:17:19 AM,90eec047-676b-4d50-9684-e8707ca80941,2.0,,,,,,,,,,,,,,,,,,,,,,,,,,,,,,,,,,,"(-14.5, 0.5, 4.2)","(-14.2, 1.2, 4.5)","(-14.1, 0.7, 4.7)",
PLAYER_GAZE,275492,6/27/2026 10:17:19 AM,90eec047-676b-4d50-9684-e8707ca80941,2.0,,,,,,,,,,,,,,,,,,,,,,,,Civilian PT 3,,,,,,,,,"(-0.3, 1.2, -0.6)",,,"(-13.9, 0.0, 5.1)",
AUDIO_END,275514,6/27/2026 10:17:19 AM,90eec047-676b-4d50-9684-e8707ca80941,2.0,mortar rounds outbound splash in 5,4.571429,
NARRATIVE_SECTION_END,275514,6/27/2026 10:17:19 AM,90eec047-676b-4d50-9684-e8707ca80941,2.0,,,,,,,,,,,,,,,,,,Mortar rounds outbound splash in 5 seconds,31,
NARRATIVE_SECTION_START,275555,6/27/2026 10:17:19 AM,90eec047-676b-4d50-9684-e8707ca80941,2.0,,,,,,,,,,,,,,,,,,Mortar hits 2,32,
VOICE_CAPTURE,275771,6/27/2026 10:17:19 AM,90eec047-676b-4d50-9684-e8707ca80941,2.0,,,,,,,,,,,,,,,,,,,,,,,,,,,,,,,,,,,,,,,,,,,,,,,,,,,NA,go. Can you tell me what year it is?,
PLAYER_POSITIONS,276015,6/27/2026 10:17:20 AM,90eec047-676b-4d50-9684-e8707ca80941,2.0,,,,,,,,,,,,,,,,,,,,,,,,,,,,,,,,,,,"(-14.3, 0.4, 4.5)","(-14.0, 1.0, 4.9)","(-13.8, 0.5, 5.3)",
PLAYER_POSITIONS,276015,6/27/2026 10:17:20 AM,90eec047-676b-4d50-9684-e8707ca80941,2.0,,,,,,,,,,,,,,,,,,,,,,,,,,,,,,,,,,,"(-14.3, 0.4, 4.5)","(-14.0, 1.0, 4.9)","(-13.8, 0.5, 5.3)",
VOICE_CAPTURE,276282,6/27/2026 10:17:20 AM,90eec047-676b-4d50-9684-e8707ca80941,2.0,,,,,,,,,,,,,,,,,,,,,,,,,,,,,,,,,,,,,,,,,,,,,,,,,,,NA,go. Can you tell me what year it is?,
VOICE_CAPTURE,276282,6/27/2026 10:17:20 AM,90eec047-676b-4d50-9684-e8707ca80941,2.0,,,,,,,,,,,,,,,,,,,,,,,,,,,,,,,,,,,,,,,,,,,,,,,,,,,NA,go. Can you tell me what year it is?,
VOICE_COMMAND,276283,6/27/2026 10:17:20 AM,90eec047-676b-4d50-9684-e8707ca80941,2.0,,,,,,,,,,,,,,,,,,,,,,,,,,,,,,,,,,,,,,,,,,,,,,,,,,,go. Can you tell me what year it is?,what year is it,
BAG_CLOSED,276435,6/27/2026 10:17:20 AM,90eec047-676b-4d50-9684-e8707ca80941,2.0,,,,,,,,,,,,,,,,,,,,,,,,,,,,,,,,,,,,"(0.0, 0.0, 0.0)",
PLAYER_POSITIONS,276527,6/27/2026 10:17:20 AM,90eec047-676b-4d50-9684-e8707ca80941,2.0,,,,,,,,,,,,,,,,,,,,,,,,,,,,,,,,,,,"(-14.0, 0.4, 4.6)","(-13.8, 1.0, 5.1)","(-13.6, 0.3, 5.4)",
PLAYER_POSITIONS,276527,6/27/2026 10:17:20 AM,90eec047-676b-4d50-9684-e8707ca80941,2.0,,,,,,,,,,,,,,,,,,,,,,,,,,,,,,,,,,,"(-14.0, 0.4, 4.6)","(-13.8, 1.0, 5.1)","(-13.6, 0.3, 5.4)",
PLAYER_POSITIONS,277044,6/27/2026 10:17:21 AM,90eec047-676b-4d50-9684-e8707ca80941,2.0,,,,,,,,,,,,,,,,,,,,,,,,,,,,,,,,,,,"(-14.1, 0.4, 4.9)","(-13.8, 1.1, 5.0)","(-13.7, 0.7, 5.2)",
PLAYER_POSITIONS,277044,6/27/2026 10:17:21 AM,90eec047-676b-4d50-9684-e8707ca80941,2.0,,,,,,,,,,,,,,,,,,,,,,,,,,,,,,,,,,,"(-14.1, 0.4, 4.9)","(-13.8, 1.1, 5.0)","(-13.7, 0.7, 5.2)",
PLAYER_POSITIONS,277554,6/27/2026 10:17:21 AM,90eec047-676b-4d50-9684-e8707ca80941,2.0,,,,,,,,,,,,,,,,,,,,,,,,,,,,,,,,,,,"(-13.9, 0.4, 4.8)","(-13.8, 1.1, 5.1)","(-13.6, 0.3, 5.4)",
PLAYER_POSITIONS,277554,6/27/2026 10:17:21 AM,90eec047-676b-4d50-9684-e8707ca80941,2.0,,,,,,,,,,,,,,,,,,,,,,,,,,,,,,,,,,,"(-13.9, 0.4, 4.8)","(-13.8, 1.1, 5.1)","(-13.6, 0.3, 5.4)",
TOOL_HOVER,277965,6/27/2026 10:17:22 AM,90eec047-676b-4d50-9684-e8707ca80941,2.0,,,,,,,,,,,,,,,,,,,,,,,,,,,,,,,,,,,,,,,,,,,,,,997,,Tourniquet,
PLAYER_POSITIONS,278055,6/27/2026 10:17:22 AM,90eec047-676b-4d50-9684-e8707ca80941,2.0,,,,,,,,,,,,,,,,,,,,,,,,,,,,,,,,,,,"(-13.9, 0.4, 4.9)","(-13.8, 1.0, 5.2)","(-13.9, 0.4, 5.5)",
PLAYER_POSITIONS,278055,6/27/2026 10:17:22 AM,90eec047-676b-4d50-9684-e8707ca80941,2.0,,,,,,,,,,,,,,,,,,,,,,,,,,,,,,,,,,,"(-13.9, 0.4, 4.9)","(-13.8, 1.0, 5.2)","(-13.9, 0.4, 5.5)",
TOOL_SELECTED,278144,6/27/2026 10:17:22 AM,90eec047-676b-4d50-9684-e8707ca80941,2.0,,,,,,,,,,,,,,,,,,,,,,,,,,,,,,,,,,,,,,,,,,,,,,996,,Tourniquet,
PLAYER_POSITIONS,278555,6/27/2026 10:17:22 AM,90eec047-676b-4d50-9684-e8707ca80941,2.0,,,,,,,,,,,,,,,,,,,,,,,,,,,,,,,,,,,"(-13.9, 0.3, 4.9)","(-14.0, 0.9, 5.2)","(-14.1, 0.2, 5.2)",
PLAYER_POSITIONS,278555,6/27/2026 10:17:22 AM,90eec047-676b-4d50-9684-e8707ca80941,2.0,,,,,,,,,,,,,,,,,,,,,,,,,,,,,,,,,,,"(-13.9, 0.3, 4.9)","(-14.0, 0.9, 5.2)","(-14.1, 0.2, 5.2)",
VOICE_CAPTURE,278712,6/27/2026 10:17:22 AM,90eec047-676b-4d50-9684-e8707ca80941,2.0,,,,,,,,,,,,,,,,,,,,,,,,,,,,,,,,,,,,,,,,,,,,,,,,,,,NA,Perfect.,
PLAYER_POSITIONS,279067,6/27/2026 10:17:23 AM,90eec047-676b-4d50-9684-e8707ca80941,2.0,,,,,,,,,,,,,,,,,,,,,,,,,,,,,,,,,,,"(-13.9, 0.4, 4.8)","(-14.1, 0.9, 5.1)","(-14.1, 0.1, 5.1)",
PLAYER_GAZE,279067,6/27/2026 10:17:23 AM,90eec047-676b-4d50-9684-e8707ca80941,2.0,,,,,,,,,,,,,,,,,,,,,,,,Civilian PT 3,,,,,,,,,"(-0.2, 0.9, 0.0)",,,"(-13.9, 0.0, 5.1)",
PLAYER_POSITIONS,279067,6/27/2026 10:17:23 AM,90eec047-676b-4d50-9684-e8707ca80941,2.0,,,,,,,,,,,,,,,,,,,,,,,,,,,,,,,,,,,"(-13.9, 0.4, 4.8)","(-14.1, 0.9, 5.1)","(-14.1, 0.1, 5.1)",
PLAYER_GAZE,279067,6/27/2026 10:17:23 AM,90eec047-676b-4d50-9684-e8707ca80941,2.0,,,,,,,,,,,,,,,,,,,,,,,,Civilian PT 3,,,,,,,,,"(-0.2, 0.9, 0.0)",,,"(-13.9, 0.0, 5.1)",
INJURY_TREATED,279141,6/27/2026 10:17:23 AM,90eec047-676b-4d50-9684-e8707ca80941,2.0,,,,,,,,,leftLeg,L Shin Amputation,"(-14.0, 0.1, 5.2)",tourniquet,1,1,high,True,True,,,,,,,Civilian PT 3,
TOOL_APPLIED,279141,6/27/2026 10:17:23 AM,90eec047-676b-4d50-9684-e8707ca80941,2.0,,,,,,,,,,,,,,,,,,,,,,,,Civilian PT 3,,,,,,,,,,,,,,,,,,,,AppliedTourniquet,LeftUpLeg (UnityEngine.GameObject),,Tourniquet(Clone) (UnityEngine.GameObject),Tourniquet,
VOICE_CAPTURE,279234,6/27/2026 10:17:23 AM,90eec047-676b-4d50-9684-e8707ca80941,2.0,,,,,,,,,,,,,,,,,,,,,,,,,,,,,,,,,,,,,,,,,,,,,,,,,,,NA,Perfect.,
BAG_CLOSED,279342,6/27/2026 10:17:23 AM,90eec047-676b-4d50-9684-e8707ca80941,2.0,,,,,,,,,,,,,,,,,,,,,,,,,,,,,,,,,,,,"(0.0, 0.0, 0.0)",
PLAYER_POSITIONS,279569,6/27/2026 10:17:23 AM,90eec047-676b-4d50-9684-e8707ca80941,2.0,,,,,,,,,,,,,,,,,,,,,,,,,,,,,,,,,,,"(-14.0, 0.3, 4.7)","(-14.0, 0.9, 4.9)","(-14.1, 0.2, 4.9)",
PLAYER_GAZE,279569,6/27/2026 10:17:23 AM,90eec047-676b-4d50-9684-e8707ca80941,2.0,,,,,,,,,,,,,,,,,,,,,,,,Civilian PT 3,,,,,,,,,"(-0.2, 0.9, -0.1)",,,"(-13.9, 0.0, 5.1)",
PLAYER_POSITIONS,279569,6/27/2026 10:17:23 AM,90eec047-676b-4d50-9684-e8707ca80941,2.0,,,,,,,,,,,,,,,,,,,,,,,,,,,,,,,,,,,"(-14.0, 0.3, 4.7)","(-14.0, 0.9, 4.9)","(-14.1, 0.2, 4.9)",
PLAYER_GAZE,279569,6/27/2026 10:17:23 AM,90eec047-676b-4d50-9684-e8707ca80941,2.0,,,,,,,,,,,,,,,,,,,,,,,,Civilian PT 3,,,,,,,,,"(-0.2, 0.9, -0.1)",,,"(-13.9, 0.0, 5.1)",
VOICE_CAPTURE,279726,6/27/2026 10:17:23 AM,90eec047-676b-4d50-9684-e8707ca80941,2.0,,,,,,,,,,,,,,,,,,,,,,,,,,,,,,,,,,,,,,,,,,,,,,,,,,,NA,Perfect.,
PLAYER_POSITIONS,280083,6/27/2026 10:17:24 AM,90eec047-676b-4d50-9684-e8707ca80941,2.0,,,,,,,,,,,,,,,,,,,,,,,,,,,,,,,,,,,"(-14.5, 0.3, 4.4)","(-14.3, 1.0, 4.6)","(-14.3, 0.3, 4.7)",
PLAYER_POSITIONS,280083,6/27/2026 10:17:24 AM,90eec047-676b-4d50-9684-e8707ca80941,2.0,,,,,,,,,,,,,,,,,,,,,,,,,,,,,,,,,,,"(-14.5, 0.3, 4.4)","(-14.3, 1.0, 4.6)","(-14.3, 0.3, 4.7)",
VOICE_CAPTURE,280239,6/27/2026 10:17:24 AM,90eec047-676b-4d50-9684-e8707ca80941,2.0,,,,,,,,,,,,,,,,,,,,,,,,,,,,,,,,,,,,,,,,,,,,,,,,,,,NA,Perfect.,
PLAYER_POSITIONS,280585,6/27/2026 10:17:24 AM,90eec047-676b-4d50-9684-e8707ca80941,2.0,,,,,,,,,,,,,,,,,,,,,,,,,,,,,,,,,,,"(-14.6, 0.3, 4.6)","(-14.4, 1.0, 4.7)","(-14.5, 0.7, 5.0)",
PLAYER_POSITIONS,280585,6/27/2026 10:17:24 AM,90eec047-676b-4d50-9684-e8707ca80941,2.0,,,,,,,,,,,,,,,,,,,,,,,,,,,,,,,,,,,"(-14.6, 0.3, 4.6)","(-14.4, 1.0, 4.7)","(-14.5, 0.7, 5.0)",
VOICE_CAPTURE,280729,6/27/2026 10:17:24 AM,90eec047-676b-4d50-9684-e8707ca80941,2.0,,,,,,,,,,,,,,,,,,,,,,,,,,,,,,,,,,,,,,,,,,,,,,,,,,,NA,Perfect. Thanks.,
PLAYER_POSITIONS,281102,6/27/2026 10:17:25 AM,90eec047-676b-4d50-9684-e8707ca80941,2.0,,,,,,,,,,,,,,,,,,,,,,,,,,,,,,,,,,,"(-14.4, 0.3, 4.6)","(-14.2, 1.1, 5.0)","(-14.2, 0.4, 5.3)",
PLAYER_POSITIONS,281102,6/27/2026 10:17:25 AM,90eec047-676b-4d50-9684-e8707ca80941,2.0,,,,,,,,,,,,,,,,,,,,,,,,,,,,,,,,,,,"(-14.4, 0.3, 4.6)","(-14.2, 1.1, 5.0)","(-14.2, 0.4, 5.3)",
VOICE_CAPTURE,281260,6/27/2026 10:17:25 AM,90eec047-676b-4d50-9684-e8707ca80941,2.0,,,,,,,,,,,,,,,,,,,,,,,,,,,,,,,,,,,,,,,,,,,,,,,,,,,NA,Perfect. I'm going to give you some pain.,
AUDIO_START,281546,6/27/2026 10:17:25 AM,90eec047-676b-4d50-9684-e8707ca80941,2.0,mortar hits 1,19.77469,
PLAYER_POSITIONS,281614,6/27/2026 10:17:25 AM,90eec047-676b-4d50-9684-e8707ca80941,2.0,,,,,,,,,,,,,,,,,,,,,,,,,,,,,,,,,,,"(-14.4, 0.4, 4.7)","(-14.1, 1.0, 5.1)","(-14.0, 0.7, 5.6)",
PLAYER_POSITIONS,281614,6/27/2026 10:17:25 AM,90eec047-676b-4d50-9684-e8707ca80941,2.0,,,,,,,,,,,,,,,,,,,,,,,,,,,,,,,,,,,"(-14.4, 0.4, 4.7)","(-14.1, 1.0, 5.1)","(-14.0, 0.7, 5.6)",
TOOL_HOVER,281678,6/27/2026 10:17:25 AM,90eec047-676b-4d50-9684-e8707ca80941,2.0,,,,,,,,,,,,,,,,,,,,,,,,,,,,,,,,,,,,,,,,,,,,,,999,,Fox Shield,
VOICE_CAPTURE,281791,6/27/2026 10:17:25 AM,90eec047-676b-4d50-9684-e8707ca80941,2.0,,,,,,,,,,,,,,,,,,,,,,,,,,,,,,,,,,,,,,,,,,,,,,,,,,,NA,Perfect. I'm going to give you some time as an animal.,
TOOL_HOVER,281879,6/27/2026 10:17:25 AM,90eec047-676b-4d50-9684-e8707ca80941,2.0,,,,,,,,,,,,,,,,,,,,,,,,,,,,,,,,,,,,,,,,,,,,,,995,,Fentanyl Lollipop,
TOOL_SELECTED,281945,6/27/2026 10:17:26 AM,90eec047-676b-4d50-9684-e8707ca80941,2.0,,,,,,,,,,,,,,,,,,,,,,,,,,,,,,,,,,,,,,,,,,,,,,994,,Fentanyl Lollipop,
PLAYER_POSITIONS,282124,6/27/2026 10:17:26 AM,90eec047-676b-4d50-9684-e8707ca80941,2.0,,,,,,,,,,,,,,,,,,,,,,,,,,,,,,,,,,,"(-14.4, 0.3, 4.6)","(-14.3, 1.1, 4.9)","(-14.2, 0.6, 5.3)",
PLAYER_GAZE,282124,6/27/2026 10:17:26 AM,90eec047-676b-4d50-9684-e8707ca80941,2.0,,,,,,,,,,,,,,,,,,,,,,,,Civilian PT 3,,,,,,,,,"(-0.4, 1.1, -0.1)",,,"(-13.9, 0.0, 5.1)",
PLAYER_POSITIONS,282124,6/27/2026 10:17:26 AM,90eec047-676b-4d50-9684-e8707ca80941,2.0,,,,,,,,,,,,,,,,,,,,,,,,,,,,,,,,,,,"(-14.4, 0.3, 4.6)","(-14.3, 1.1, 4.9)","(-14.2, 0.6, 5.3)",
PLAYER_GAZE,282124,6/27/2026 10:17:26 AM,90eec047-676b-4d50-9684-e8707ca80941,2.0,,,,,,,,,,,,,,,,,,,,,,,,Civilian PT 3,,,,,,,,,"(-0.4, 1.1, -0.1)",,,"(-13.9, 0.0, 5.1)",
VOICE_CAPTURE,282247,6/27/2026 10:17:26 AM,90eec047-676b-4d50-9684-e8707ca80941,2.0,,,,,,,,,,,,,,,,,,,,,,,,,,,,,,,,,,,,,,,,,,,,,,,,,,,NA,Perfect. I'm going to give you some pain meds and antibiotics.,
PLAYER_POSITIONS,282635,6/27/2026 10:17:26 AM,90eec047-676b-4d50-9684-e8707ca80941,2.0,,,,,,,,,,,,,,,,,,,,,,,,,,,,,,,,,,,"(-14.5, 0.3, 4.5)","(-14.6, 0.9, 4.6)","(-14.7, 0.3, 4.6)",
PLAYER_POSITIONS,282635,6/27/2026 10:17:26 AM,90eec047-676b-4d50-9684-e8707ca80941,2.0,,,,,,,,,,,,,,,,,,,,,,,,,,,,,,,,,,,"(-14.5, 0.3, 4.5)","(-14.6, 0.9, 4.6)","(-14.7, 0.3, 4.6)",
VOICE_CAPTURE,282758,6/27/2026 10:17:26 AM,90eec047-676b-4d50-9684-e8707ca80941,2.0,,,,,,,,,,,,,,,,,,,,,,,,,,,,,,,,,,,,,,,,,,,,,,,,,,,NA,Perfect. I'm going to give you some pain meds and antibiotics.,
VOICE_CAPTURE,282758,6/27/2026 10:17:26 AM,90eec047-676b-4d50-9684-e8707ca80941,2.0,,,,,,,,,,,,,,,,,,,,,,,,,,,,,,,,,,,,,,,,,,,,,,,,,,,NA,Perfect. I'm going to give you some pain meds and antibiotics.,
VOICE_COMMAND,282758,6/27/2026 10:17:26 AM,90eec047-676b-4d50-9684-e8707ca80941,2.0,,,,,,,,,,,,,,,,,,,,,,,,,,,,,,,,,,,,,,,,,,,,,,,,,,,Perfect. I'm going to give you some pain meds and antibiotics.,are you in pain,
PLAYER_POSITIONS,283135,6/27/2026 10:17:27 AM,90eec047-676b-4d50-9684-e8707ca80941,2.0,,,,,,,,,,,,,,,,,,,,,,,,,,,,,,,,,,,"(-14.5, 0.4, 4.5)","(-14.7, 0.9, 4.5)","(-14.8, 0.2, 4.6)",
PLAYER_POSITIONS,283135,6/27/2026 10:17:27 AM,90eec047-676b-4d50-9684-e8707ca80941,2.0,,,,,,,,,,,,,,,,,,,,,,,,,,,,,,,,,,,"(-14.5, 0.4, 4.5)","(-14.7, 0.9, 4.5)","(-14.8, 0.2, 4.6)",
INJURY_TREATED,283193,6/27/2026 10:17:27 AM,90eec047-676b-4d50-9684-e8707ca80941,2.0,,,,,,,,,head,Unspecified,"(0.0, 0.0, 0.0)",none,1,1,none,True,False,,,,,,,Civilian PT 3,
TOOL_APPLIED,283193,6/27/2026 10:17:27 AM,90eec047-676b-4d50-9684-e8707ca80941,2.0,,,,,,,,,,,,,,,,,,,,,,,,Civilian PT 3,,,,,,,,,,,,,,,,,,,,AppliedLollipop,Jaw (UnityEngine.GameObject),,Fentanyl Lollipop(Clone) (UnityEngine.GameObject),Fentanyl Lollipop,
VOICE_CAPTURE,283225,6/27/2026 10:17:27 AM,90eec047-676b-4d50-9684-e8707ca80941,2.0,,,,,,,,,,,,,,,,,,,,,,,,,,,,,,,,,,,,,,,,,,,,,,,,,,,NA,as an antibiotics.,
BAG_CLOSED,283577,6/27/2026 10:17:27 AM,90eec047-676b-4d50-9684-e8707ca80941,2.0,,,,,,,,,,,,,,,,,,,,,,,,,,,,,,,,,,,,"(0.0, 0.0, 0.0)",
PLAYER_POSITIONS,283646,6/27/2026 10:17:27 AM,90eec047-676b-4d50-9684-e8707ca80941,2.0,,,,,,,,,,,,,,,,,,,,,,,,,,,,,,,,,,,"(-14.4, 0.4, 4.6)","(-14.5, 1.0, 4.8)","(-14.5, 0.4, 4.9)",
PLAYER_POSITIONS,283646,6/27/2026 10:17:27 AM,90eec047-676b-4d50-9684-e8707ca80941,2.0,,,,,,,,,,,,,,,,,,,,,,,,,,,,,,,,,,,"(-14.4, 0.4, 4.6)","(-14.5, 1.0, 4.8)","(-14.5, 0.4, 4.9)",
VOICE_CAPTURE,283751,6/27/2026 10:17:27 AM,90eec047-676b-4d50-9684-e8707ca80941,2.0,,,,,,,,,,,,,,,,,,,,,,,,,,,,,,,,,,,,,,,,,,,,,,,,,,,NA,as an antibiotics.,
VOICE_CAPTURE,283751,6/27/2026 10:17:27 AM,90eec047-676b-4d50-9684-e8707ca80941,2.0,,,,,,,,,,,,,,,,,,,,,,,,,,,,,,,,,,,,,,,,,,,,,,,,,,,NA,as an antibiotics.,
PLAYER_POSITIONS,284150,6/27/2026 10:17:28 AM,90eec047-676b-4d50-9684-e8707ca80941,2.0,,,,,,,,,,,,,,,,,,,,,,,,,,,,,,,,,,,"(-14.3, 0.3, 4.9)","(-14.2, 1.1, 5.2)","(-14.1, 0.7, 5.4)",
PLAYER_POSITIONS,284150,6/27/2026 10:17:28 AM,90eec047-676b-4d50-9684-e8707ca80941,2.0,,,,,,,,,,,,,,,,,,,,,,,,,,,,,,,,,,,"(-14.3, 0.3, 4.9)","(-14.2, 1.1, 5.2)","(-14.1, 0.7, 5.4)",
PLAYER_POSITIONS,284672,6/27/2026 10:17:28 AM,90eec047-676b-4d50-9684-e8707ca80941,2.0,,,,,,,,,,,,,,,,,,,,,,,,,,,,,,,,,,,"(-14.3, 0.3, 4.9)","(-14.2, 1.1, 5.2)","(-14.1, 0.3, 5.5)",
PLAYER_POSITIONS,284672,6/27/2026 10:17:28 AM,90eec047-676b-4d50-9684-e8707ca80941,2.0,,,,,,,,,,,,,,,,,,,,,,,,,,,,,,,,,,,"(-14.3, 0.3, 4.9)","(-14.2, 1.1, 5.2)","(-14.1, 0.3, 5.5)",
TOOL_HOVER,285189,6/27/2026 10:17:29 AM,90eec047-676b-4d50-9684-e8707ca80941,2.0,,,,,,,,,,,,,,,,,,,,,,,,,,,,,,,,,,,,,,,,,,,,,,996,,Antibiotics,
PLAYER_POSITIONS,285192,6/27/2026 10:17:29 AM,90eec047-676b-4d50-9684-e8707ca80941,2.0,,,,,,,,,,,,,,,,,,,,,,,,,,,,,,,,,,,"(-14.3, 0.3, 4.9)","(-14.2, 1.0, 5.3)","(-14.0, 0.6, 5.8)",
PLAYER_POSITIONS,285192,6/27/2026 10:17:29 AM,90eec047-676b-4d50-9684-e8707ca80941,2.0,,,,,,,,,,,,,,,,,,,,,,,,,,,,,,,,,,,"(-14.3, 0.3, 4.9)","(-14.2, 1.0, 5.3)","(-14.0, 0.6, 5.8)",
TOOL_SELECTED,285347,6/27/2026 10:17:29 AM,90eec047-676b-4d50-9684-e8707ca80941,2.0,,,,,,,,,,,,,,,,,,,,,,,,,,,,,,,,,,,,,,,,,,,,,,995,,Antibiotics,
EVAC_RADIO_ALERT,285457,6/27/2026 10:17:29 AM,90eec047-676b-4d50-9684-e8707ca80941,2.0,,,,,,,,1,
AUDIO_START,285462,6/27/2026 10:17:29 AM,90eec047-676b-4d50-9684-e8707ca80941,2.0,evac in 6 minutes,4.127347,
PLAYER_POSITIONS,285693,6/27/2026 10:17:29 AM,90eec047-676b-4d50-9684-e8707ca80941,2.0,,,,,,,,,,,,,,,,,,,,,,,,,,,,,,,,,,,"(-14.3, 0.3, 4.9)","(-14.4, 1.0, 5.1)","(-14.3, 0.5, 5.2)",
PLAYER_POSITIONS,285693,6/27/2026 10:17:29 AM,90eec047-676b-4d50-9684-e8707ca80941,2.0,,,,,,,,,,,,,,,,,,,,,,,,,,,,,,,,,,,"(-14.3, 0.3, 4.9)","(-14.4, 1.0, 5.1)","(-14.3, 0.5, 5.2)",
VOICE_CAPTURE,285727,6/27/2026 10:17:29 AM,90eec047-676b-4d50-9684-e8707ca80941,2.0,,,,,,,,,,,,,,,,,,,,,,,,,,,,,,,,,,,,,,,,,,,,,,,,,,,NA,You're welcome.,
PLAYER_POSITIONS,286215,6/27/2026 10:17:30 AM,90eec047-676b-4d50-9684-e8707ca80941,2.0,,,,,,,,,,,,,,,,,,,,,,,,,,,,,,,,,,,"(-14.4, 0.4, 4.7)","(-14.6, 0.9, 4.7)","(-14.8, 0.3, 4.7)",
PLAYER_POSITIONS,286215,6/27/2026 10:17:30 AM,90eec047-676b-4d50-9684-e8707ca80941,2.0,,,,,,,,,,,,,,,,,,,,,,,,,,,,,,,,,,,"(-14.4, 0.4, 4.7)","(-14.6, 0.9, 4.7)","(-14.8, 0.3, 4.7)",
VOICE_CAPTURE,286215,6/27/2026 10:17:30 AM,90eec047-676b-4d50-9684-e8707ca80941,2.0,,,,,,,,,,,,,,,,,,,,,,,,,,,,,,,,,,,,,,,,,,,,,,,,,,,NA,You're welcome.,
VOICE_CAPTURE,286215,6/27/2026 10:17:30 AM,90eec047-676b-4d50-9684-e8707ca80941,2.0,,,,,,,,,,,,,,,,,,,,,,,,,,,,,,,,,,,,,,,,,,,,,,,,,,,NA,You're welcome.,
INJURY_TREATED,286640,6/27/2026 10:17:30 AM,90eec047-676b-4d50-9684-e8707ca80941,2.0,,,,,,,,,head,Unspecified,"(0.0, 0.0, 0.0)",none,1,1,none,True,False,,,,,,,Civilian PT 3,
TOOL_APPLIED,286640,6/27/2026 10:17:30 AM,90eec047-676b-4d50-9684-e8707ca80941,2.0,,,,,,,,,,,,,,,,,,,,,,,,Civilian PT 3,,,,,,,,,,,,,,,,,,,,AppliedAntibiotics,Jaw (UnityEngine.GameObject),,null,Antibiotics,
PLAYER_POSITIONS,286722,6/27/2026 10:17:30 AM,90eec047-676b-4d50-9684-e8707ca80941,2.0,,,,,,,,,,,,,,,,,,,,,,,,,,,,,,,,,,,"(-14.4, 0.4, 4.7)","(-14.6, 0.8, 4.6)","(-14.9, 0.2, 4.6)",
PLAYER_POSITIONS,286722,6/27/2026 10:17:30 AM,90eec047-676b-4d50-9684-e8707ca80941,2.0,,,,,,,,,,,,,,,,,,,,,,,,,,,,,,,,,,,"(-14.4, 0.4, 4.7)","(-14.6, 0.8, 4.6)","(-14.9, 0.2, 4.6)",
BAG_CLOSED,287009,6/27/2026 10:17:31 AM,90eec047-676b-4d50-9684-e8707ca80941,2.0,,,,,,,,,,,,,,,,,,,,,,,,,,,,,,,,,,,,"(0.0, 0.0, 0.0)",
PLAYER_POSITIONS,287246,6/27/2026 10:17:31 AM,90eec047-676b-4d50-9684-e8707ca80941,2.0,,,,,,,,,,,,,,,,,,,,,,,,,,,,,,,,,,,"(-14.3, 0.4, 4.9)","(-14.5, 1.0, 4.7)","(-14.4, 0.2, 4.9)",
PLAYER_POSITIONS,287246,6/27/2026 10:17:31 AM,90eec047-676b-4d50-9684-e8707ca80941,2.0,,,,,,,,,,,,,,,,,,,,,,,,,,,,,,,,,,,"(-14.3, 0.4, 4.9)","(-14.5, 1.0, 4.7)","(-14.4, 0.2, 4.9)",
PLAYER_POSITIONS,287746,6/27/2026 10:17:31 AM,90eec047-676b-4d50-9684-e8707ca80941,2.0,,,,,,,,,,,,,,,,,,,,,,,,,,,,,,,,,,,"(-14.2, 0.5, 4.8)","(-14.0, 1.2, 4.9)","(-14.1, 0.3, 5.2)",
PLAYER_POSITIONS,287746,6/27/2026 10:17:31 AM,90eec047-676b-4d50-9684-e8707ca80941,2.0,,,,,,,,,,,,,,,,,,,,,,,,,,,,,,,,,,,"(-14.2, 0.5, 4.8)","(-14.0, 1.2, 4.9)","(-14.1, 0.3, 5.2)",
PLAYER_POSITIONS,288267,6/27/2026 10:17:32 AM,90eec047-676b-4d50-9684-e8707ca80941,2.0,,,,,,,,,,,,,,,,,,,,,,,,,,,,,,,,,,,"(-13.7, 0.5, 4.5)","(-13.4, 1.2, 4.5)","(-13.7, 0.5, 4.7)",
PLAYER_GAZE,288267,6/27/2026 10:17:32 AM,90eec047-676b-4d50-9684-e8707ca80941,2.0,,,,,,,,,,,,,,,,,,,,,,,,Civilian PT 15,,,,,,,,,"(0.9, 1.2, 4.8)",,,"(-14.4, 0.0, -0.3)",
PLAYER_POSITIONS,288267,6/27/2026 10:17:32 AM,90eec047-676b-4d50-9684-e8707ca80941,2.0,,,,,,,,,,,,,,,,,,,,,,,,,,,,,,,,,,,"(-13.7, 0.5, 4.5)","(-13.4, 1.2, 4.5)","(-13.7, 0.5, 4.7)",
PLAYER_GAZE,288267,6/27/2026 10:17:32 AM,90eec047-676b-4d50-9684-e8707ca80941,2.0,,,,,,,,,,,,,,,,,,,,,,,,Civilian PT 15,,,,,,,,,"(0.9, 1.2, 4.8)",,,"(-14.4, 0.0, -0.3)",
PLAYER_POSITIONS,288805,6/27/2026 10:17:32 AM,90eec047-676b-4d50-9684-e8707ca80941,2.0,,,,,,,,,,,,,,,,,,,,,,,,,,,,,,,,,,,"(-13.4, 0.4, 3.5)","(-13.3, 1.2, 3.5)","(-13.4, 0.5, 3.7)",
PLAYER_GAZE,288805,6/27/2026 10:17:32 AM,90eec047-676b-4d50-9684-e8707ca80941,2.0,,,,,,,,,,,,,,,,,,,,,,,,Civilian PT 15,,,,,,,,,"(1.1, 1.2, 3.8)",,,"(-14.4, 0.0, -0.3)",
PLAYER_POSITIONS,288805,6/27/2026 10:17:32 AM,90eec047-676b-4d50-9684-e8707ca80941,2.0,,,,,,,,,,,,,,,,,,,,,,,,,,,,,,,,,,,"(-13.4, 0.4, 3.5)","(-13.3, 1.2, 3.5)","(-13.4, 0.5, 3.7)",
PLAYER_GAZE,288805,6/27/2026 10:17:32 AM,90eec047-676b-4d50-9684-e8707ca80941,2.0,,,,,,,,,,,,,,,,,,,,,,,,Civilian PT 15,,,,,,,,,"(1.1, 1.2, 3.8)",,,"(-14.4, 0.0, -0.3)",
PATIENT_DISENGAGED,289177,6/27/2026 10:17:33 AM,90eec047-676b-4d50-9684-e8707ca80941,2.0,,,,21.9,,,,,,,,,,,,,,,,normal,100,Infinity,normal,Civilian PT 3,upset,supine,"(-14.1, 0.0, 5.1)",normal,"(0.0, 0.8, 0.0, 0.6)",normal,DELAYED,still,,,,,,,,,,,,,,,,,21.9,
PLAYER_POSITIONS,289310,6/27/2026 10:17:33 AM,90eec047-676b-4d50-9684-e8707ca80941,2.0,,,,,,,,,,,,,,,,,,,,,,,,,,,,,,,,,,,"(-13.4, 0.3, 2.6)","(-13.4, 1.2, 2.6)","(-13.6, 0.4, 2.8)",
PLAYER_GAZE,289310,6/27/2026 10:17:33 AM,90eec047-676b-4d50-9684-e8707ca80941,2.0,,,,,,,,,,,,,,,,,,,,,,,,Civilian PT 15,,,,,,,,,"(0.9, 1.2, 2.9)",,,"(-14.4, 0.0, -0.3)",
PLAYER_POSITIONS,289310,6/27/2026 10:17:33 AM,90eec047-676b-4d50-9684-e8707ca80941,2.0,,,,,,,,,,,,,,,,,,,,,,,,,,,,,,,,,,,"(-13.4, 0.3, 2.6)","(-13.4, 1.2, 2.6)","(-13.6, 0.4, 2.8)",
PLAYER_GAZE,289310,6/27/2026 10:17:33 AM,90eec047-676b-4d50-9684-e8707ca80941,2.0,,,,,,,,,,,,,,,,,,,,,,,,Civilian PT 15,,,,,,,,,"(0.9, 1.2, 2.9)",,,"(-14.4, 0.0, -0.3)",
AUDIO_END,289587,6/27/2026 10:17:33 AM,90eec047-676b-4d50-9684-e8707ca80941,2.0,evac in 6 minutes,4.127347,
PLAYER_POSITIONS,289820,6/27/2026 10:17:33 AM,90eec047-676b-4d50-9684-e8707ca80941,2.0,,,,,,,,,,,,,,,,,,,,,,,,,,,,,,,,,,,"(-13.2, 0.4, 1.7)","(-13.1, 1.2, 1.8)","(-13.2, 0.3, 2.2)",
PLAYER_POSITIONS,289820,6/27/2026 10:17:33 AM,90eec047-676b-4d50-9684-e8707ca80941,2.0,,,,,,,,,,,,,,,,,,,,,,,,,,,,,,,,,,,"(-13.2, 0.4, 1.7)","(-13.1, 1.2, 1.8)","(-13.2, 0.3, 2.2)",
VOICE_CAPTURE,290242,6/27/2026 10:17:34 AM,90eec047-676b-4d50-9684-e8707ca80941,2.0,,,,,,,,,,,,,,,,,,,,,,,,,,,,,,,,,,,,,,,,,,,,,,,,,,,NA,Thank you.,
PATIENT_ENGAGED,290340,6/27/2026 10:17:34 AM,90eec047-676b-4d50-9684-e8707ca80941,2.0,,,,0,,,,,,,,,,,,,,,,fast,100,Infinity,normal,Civilian PT 15,upset,supine,"(-14.4, -0.1, -0.3)",fast,"(0.0, 0.8, 0.0, 0.6)",normal,IMMEDIATE,still,,,,,,,,,,,,,,,,,0,
PLAYER_POSITIONS,290343,6/27/2026 10:17:34 AM,90eec047-676b-4d50-9684-e8707ca80941,2.0,,,,,,,,,,,,,,,,,,,,,,,,,,,,,,,,,,,"(-13.2, 0.4, 0.9)","(-13.2, 1.2, 1.0)","(-13.4, 0.4, 1.2)",
PLAYER_GAZE,290343,6/27/2026 10:17:34 AM,90eec047-676b-4d50-9684-e8707ca80941,2.0,,,,,,,,,,,,,,,,,,,,,,,,Civilian PT 15,,,,,,,,,"(1.2, 1.2, 1.3)",,,"(-14.4, 0.0, -0.3)",
PLAYER_POSITIONS,290343,6/27/2026 10:17:34 AM,90eec047-676b-4d50-9684-e8707ca80941,2.0,,,,,,,,,,,,,,,,,,,,,,,,,,,,,,,,,,,"(-13.2, 0.4, 0.9)","(-13.2, 1.2, 1.0)","(-13.4, 0.4, 1.2)",
PLAYER_GAZE,290343,6/27/2026 10:17:34 AM,90eec047-676b-4d50-9684-e8707ca80941,2.0,,,,,,,,,,,,,,,,,,,,,,,,Civilian PT 15,,,,,,,,,"(1.2, 1.2, 1.3)",,,"(-14.4, 0.0, -0.3)",
VOICE_CAPTURE,290764,6/27/2026 10:17:34 AM,90eec047-676b-4d50-9684-e8707ca80941,2.0,,,,,,,,,,,,,,,,,,,,,,,,,,,,,,,,,,,,,,,,,,,,,,,,,,,NA,Thank you.,
VOICE_CAPTURE,290764,6/27/2026 10:17:34 AM,90eec047-676b-4d50-9684-e8707ca80941,2.0,,,,,,,,,,,,,,,,,,,,,,,,,,,,,,,,,,,,,,,,,,,,,,,,,,,NA,Thank you.,
PLAYER_POSITIONS,290862,6/27/2026 10:17:34 AM,90eec047-676b-4d50-9684-e8707ca80941,2.0,,,,,,,,,,,,,,,,,,,,,,,,,,,,,,,,,,,"(-13.9, 0.4, 0.7)","(-14.0, 1.2, 0.8)","(-14.1, 0.4, 1.0)",
PLAYER_POSITIONS,290862,6/27/2026 10:17:34 AM,90eec047-676b-4d50-9684-e8707ca80941,2.0,,,,,,,,,,,,,,,,,,,,,,,,,,,,,,,,,,,"(-13.9, 0.4, 0.7)","(-14.0, 1.2, 0.8)","(-14.1, 0.4, 1.0)",
PLAYER_POSITIONS,291375,6/27/2026 10:17:35 AM,90eec047-676b-4d50-9684-e8707ca80941,2.0,,,,,,,,,,,,,,,,,,,,,,,,,,,,,,,,,,,"(-14.3, 0.3, 0.1)","(-14.3, 1.1, 0.1)","(-14.6, 0.7, 0.3)",
PLAYER_POSITIONS,291375,6/27/2026 10:17:35 AM,90eec047-676b-4d50-9684-e8707ca80941,2.0,,,,,,,,,,,,,,,,,,,,,,,,,,,,,,,,,,,"(-14.3, 0.3, 0.1)","(-14.3, 1.1, 0.1)","(-14.6, 0.7, 0.3)",
PLAYER_POSITIONS,291879,6/27/2026 10:17:35 AM,90eec047-676b-4d50-9684-e8707ca80941,2.0,,,,,,,,,,,,,,,,,,,,,,,,,,,,,,,,,,,"(-14.5, 0.4, -0.2)","(-14.8, 1.1, -0.1)","(-14.9, 0.8, -0.1)",
PLAYER_POSITIONS,291879,6/27/2026 10:17:35 AM,90eec047-676b-4d50-9684-e8707ca80941,2.0,,,,,,,,,,,,,,,,,,,,,,,,,,,,,,,,,,,"(-14.5, 0.4, -0.2)","(-14.8, 1.1, -0.1)","(-14.9, 0.8, -0.1)",
PLAYER_POSITIONS,292400,6/27/2026 10:17:36 AM,90eec047-676b-4d50-9684-e8707ca80941,2.0,,,,,,,,,,,,,,,,,,,,,,,,,,,,,,,,,,,"(-14.5, 0.3, -0.3)","(-14.7, 0.9, -0.2)","(-15.2, 0.3, -0.1)",
PLAYER_POSITIONS,292400,6/27/2026 10:17:36 AM,90eec047-676b-4d50-9684-e8707ca80941,2.0,,,,,,,,,,,,,,,,,,,,,,,,,,,,,,,,,,,"(-14.5, 0.3, -0.3)","(-14.7, 0.9, -0.2)","(-15.2, 0.3, -0.1)",
BAG_CLOSED,292652,6/27/2026 10:17:36 AM,90eec047-676b-4d50-9684-e8707ca80941,2.0,,,,,,,,,,,,,,,,,,,,,,,,,,,,,,,,,,,,"(0.0, 0.0, 0.0)",
PLAYER_POSITIONS,292901,6/27/2026 10:17:36 AM,90eec047-676b-4d50-9684-e8707ca80941,2.0,,,,,,,,,,,,,,,,,,,,,,,,,,,,,,,,,,,"(-14.7, 0.3, -0.3)","(-15.0, 0.9, -0.3)","(-15.2, 0.3, -0.2)",
PLAYER_POSITIONS,292901,6/27/2026 10:17:36 AM,90eec047-676b-4d50-9684-e8707ca80941,2.0,,,,,,,,,,,,,,,,,,,,,,,,,,,,,,,,,,,"(-14.7, 0.3, -0.3)","(-15.0, 0.9, -0.3)","(-15.2, 0.3, -0.2)",
PLAYER_POSITIONS,293402,6/27/2026 10:17:37 AM,90eec047-676b-4d50-9684-e8707ca80941,2.0,,,,,,,,,,,,,,,,,,,,,,,,,,,,,,,,,,,"(-14.8, 0.3, -0.3)","(-15.0, 0.9, -0.3)","(-15.3, 0.6, -0.3)",
PLAYER_POSITIONS,293402,6/27/2026 10:17:37 AM,90eec047-676b-4d50-9684-e8707ca80941,2.0,,,,,,,,,,,,,,,,,,,,,,,,,,,,,,,,,,,"(-14.8, 0.3, -0.3)","(-15.0, 0.9, -0.3)","(-15.3, 0.6, -0.3)",
PLAYER_POSITIONS,293934,6/27/2026 10:17:38 AM,90eec047-676b-4d50-9684-e8707ca80941,2.0,,,,,,,,,,,,,,,,,,,,,,,,,,,,,,,,,,,"(-14.8, 0.3, -0.3)","(-15.0, 0.9, -0.2)","(-15.3, 0.2, -0.1)",
PLAYER_POSITIONS,293934,6/27/2026 10:17:38 AM,90eec047-676b-4d50-9684-e8707ca80941,2.0,,,,,,,,,,,,,,,,,,,,,,,,,,,,,,,,,,,"(-14.8, 0.3, -0.3)","(-15.0, 0.9, -0.2)","(-15.3, 0.2, -0.1)",
TOOL_HOVER,294376,6/27/2026 10:17:38 AM,90eec047-676b-4d50-9684-e8707ca80941,2.0,,,,,,,,,,,,,,,,,,,,,,,,,,,,,,,,,,,,,,,,,,,,,,996,,Tourniquet,
PLAYER_POSITIONS,294444,6/27/2026 10:17:38 AM,90eec047-676b-4d50-9684-e8707ca80941,2.0,,,,,,,,,,,,,,,,,,,,,,,,,,,,,,,,,,,"(-14.8, 0.3, -0.3)","(-15.2, 0.8, -0.3)","(-15.5, 0.3, -0.5)",
PLAYER_POSITIONS,294444,6/27/2026 10:17:38 AM,90eec047-676b-4d50-9684-e8707ca80941,2.0,,,,,,,,,,,,,,,,,,,,,,,,,,,,,,,,,,,"(-14.8, 0.3, -0.3)","(-15.2, 0.8, -0.3)","(-15.5, 0.3, -0.5)",
TOOL_HOVER,294476,6/27/2026 10:17:38 AM,90eec047-676b-4d50-9684-e8707ca80941,2.0,,,,,,,,,,,,,,,,,,,,,,,,,,,,,,,,,,,,,,,,,,,,,,998,,Hemostatic Gauze,
TOOL_SELECTED,294611,6/27/2026 10:17:38 AM,90eec047-676b-4d50-9684-e8707ca80941,2.0,,,,,,,,,,,,,,,,,,,,,,,,,,,,,,,,,,,,,,,,,,,,,,997,,Hemostatic Gauze,
PLAYER_POSITIONS,294965,6/27/2026 10:17:39 AM,90eec047-676b-4d50-9684-e8707ca80941,2.0,,,,,,,,,,,,,,,,,,,,,,,,,,,,,,,,,,,"(-14.8, 0.3, -0.3)","(-15.0, 0.8, -0.4)","(-15.2, 0.3, -0.5)",
PLAYER_POSITIONS,294965,6/27/2026 10:17:39 AM,90eec047-676b-4d50-9684-e8707ca80941,2.0,,,,,,,,,,,,,,,,,,,,,,,,,,,,,,,,,,,"(-14.8, 0.3, -0.3)","(-15.0, 0.8, -0.4)","(-15.2, 0.3, -0.5)",
PLAYER_POSITIONS,295475,6/27/2026 10:17:39 AM,90eec047-676b-4d50-9684-e8707ca80941,2.0,,,,,,,,,,,,,,,,,,,,,,,,,,,,,,,,,,,"(-14.7, 0.3, -0.3)","(-14.8, 0.7, -0.5)","(-14.7, 0.1, -0.5)",
PLAYER_POSITIONS,295475,6/27/2026 10:17:39 AM,90eec047-676b-4d50-9684-e8707ca80941,2.0,,,,,,,,,,,,,,,,,,,,,,,,,,,,,,,,,,,"(-14.7, 0.3, -0.3)","(-14.8, 0.7, -0.5)","(-14.7, 0.1, -0.5)",
INJURY_TREATED,295527,6/27/2026 10:17:39 AM,90eec047-676b-4d50-9684-e8707ca80941,2.0,,,,,,,,,abdomen,L Stomach Laceration,"(-14.8, 0.1, -0.5)",woundpack,1,1,medium,True,True,,,,,,,Civilian PT 15,
TOOL_APPLIED,295528,6/27/2026 10:17:39 AM,90eec047-676b-4d50-9684-e8707ca80941,2.0,,,,,,,,,,,,,,,,,,,,,,,,Civilian PT 15,,,,,,,,,,,,,,,,,,,,AppliedPackingGauze,skinCollider_BodyLOD (UnityEngine.GameObject),,Gauze Pack(Clone) (UnityEngine.GameObject),Hemostatic Gauze,
VOICE_CAPTURE,295797,6/27/2026 10:17:39 AM,90eec047-676b-4d50-9684-e8707ca80941,2.0,,,,,,,,,,,,,,,,,,,,,,,,,,,,,,,,,,,,,,,,,,,,,,,,,,,NA,Keep time.,
BAG_CLOSED,295928,6/27/2026 10:17:40 AM,90eec047-676b-4d50-9684-e8707ca80941,2.0,,,,,,,,,,,,,,,,,,,,,,,,,,,,,,,,,,,,"(0.0, 0.0, 0.0)",
PLAYER_POSITIONS,295986,6/27/2026 10:17:40 AM,90eec047-676b-4d50-9684-e8707ca80941,2.0,,,,,,,,,,,,,,,,,,,,,,,,,,,,,,,,,,,"(-14.7, 0.3, -0.3)","(-14.7, 0.8, -0.4)","(-14.7, 0.1, -0.3)",
PLAYER_POSITIONS,295986,6/27/2026 10:17:40 AM,90eec047-676b-4d50-9684-e8707ca80941,2.0,,,,,,,,,,,,,,,,,,,,,,,,,,,,,,,,,,,"(-14.7, 0.3, -0.3)","(-14.7, 0.8, -0.4)","(-14.7, 0.1, -0.3)",
VOICE_CAPTURE,296262,6/27/2026 10:17:40 AM,90eec047-676b-4d50-9684-e8707ca80941,2.0,,,,,,,,,,,,,,,,,,,,,,,,,,,,,,,,,,,,,,,,,,,,,,,,,,,NA,Can you tell me what year it is?,
PLAYER_POSITIONS,296507,6/27/2026 10:17:40 AM,90eec047-676b-4d50-9684-e8707ca80941,2.0,,,,,,,,,,,,,,,,,,,,,,,,,,,,,,,,,,,"(-14.5, 0.3, -0.3)","(-14.5, 0.8, -0.3)","(-14.5, 0.3, -0.4)",
PLAYER_GAZE,296507,6/27/2026 10:17:40 AM,90eec047-676b-4d50-9684-e8707ca80941,2.0,,,,,,,,,,,,,,,,,,,,,,,,Civilian PT 15,,,,,,,,,"(-0.1, 0.8, 0.0)",,,"(-14.4, 0.0, -0.3)",
PLAYER_POSITIONS,296507,6/27/2026 10:17:40 AM,90eec047-676b-4d50-9684-e8707ca80941,2.0,,,,,,,,,,,,,,,,,,,,,,,,,,,,,,,,,,,"(-14.5, 0.3, -0.3)","(-14.5, 0.8, -0.3)","(-14.5, 0.3, -0.4)",
PLAYER_GAZE,296507,6/27/2026 10:17:40 AM,90eec047-676b-4d50-9684-e8707ca80941,2.0,,,,,,,,,,,,,,,,,,,,,,,,Civilian PT 15,,,,,,,,,"(-0.1, 0.8, 0.0)",,,"(-14.4, 0.0, -0.3)",
VOICE_CAPTURE,296740,6/27/2026 10:17:40 AM,90eec047-676b-4d50-9684-e8707ca80941,2.0,,,,,,,,,,,,,,,,,,,,,,,,,,,,,,,,,,,,,,,,,,,,,,,,,,,NA,Can you tell me what year it is?,
VOICE_CAPTURE,296740,6/27/2026 10:17:40 AM,90eec047-676b-4d50-9684-e8707ca80941,2.0,,,,,,,,,,,,,,,,,,,,,,,,,,,,,,,,,,,,,,,,,,,,,,,,,,,NA,Can you tell me what year it is?,
VOICE_COMMAND,296740,6/27/2026 10:17:40 AM,90eec047-676b-4d50-9684-e8707ca80941,2.0,,,,,,,,,,,,,,,,,,,,,,,,,,,,,,,,,,,,,,,,,,,,,,,,,,,Can you tell me what year it is?,what year is it,
PLAYER_POSITIONS,297029,6/27/2026 10:17:41 AM,90eec047-676b-4d50-9684-e8707ca80941,2.0,,,,,,,,,,,,,,,,,,,,,,,,,,,,,,,,,,,"(-14.3, 0.3, -0.2)","(-14.4, 0.7, -0.2)","(-14.3, 0.2, -0.3)",
PLAYER_GAZE,297029,6/27/2026 10:17:41 AM,90eec047-676b-4d50-9684-e8707ca80941,2.0,,,,,,,,,,,,,,,,,,,,,,,,Civilian PT 15,,,,,,,,,"(0.0, 0.7, 0.1)",,,"(-14.4, 0.0, -0.3)",
PLAYER_POSITIONS,297029,6/27/2026 10:17:41 AM,90eec047-676b-4d50-9684-e8707ca80941,2.0,,,,,,,,,,,,,,,,,,,,,,,,,,,,,,,,,,,"(-14.3, 0.3, -0.2)","(-14.4, 0.7, -0.2)","(-14.3, 0.2, -0.3)",
PLAYER_GAZE,297029,6/27/2026 10:17:41 AM,90eec047-676b-4d50-9684-e8707ca80941,2.0,,,,,,,,,,,,,,,,,,,,,,,,Civilian PT 15,,,,,,,,,"(0.0, 0.7, 0.1)",,,"(-14.4, 0.0, -0.3)",
PLAYER_POSITIONS,297540,6/27/2026 10:17:41 AM,90eec047-676b-4d50-9684-e8707ca80941,2.0,,,,,,,,,,,,,,,,,,,,,,,,,,,,,,,,,,,"(-14.3, 0.3, -0.1)","(-14.4, 0.8, -0.2)","(-14.3, 0.6, -0.4)",
PLAYER_GAZE,297540,6/27/2026 10:17:41 AM,90eec047-676b-4d50-9684-e8707ca80941,2.0,,,,,,,,,,,,,,,,,,,,,,,,Civilian PT 15,,,,,,,,,"(0.0, 0.8, 0.1)",,,"(-14.4, 0.0, -0.3)",
PLAYER_POSITIONS,297540,6/27/2026 10:17:41 AM,90eec047-676b-4d50-9684-e8707ca80941,2.0,,,,,,,,,,,,,,,,,,,,,,,,,,,,,,,,,,,"(-14.3, 0.3, -0.1)","(-14.4, 0.8, -0.2)","(-14.3, 0.6, -0.4)",
PLAYER_GAZE,297540,6/27/2026 10:17:41 AM,90eec047-676b-4d50-9684-e8707ca80941,2.0,,,,,,,,,,,,,,,,,,,,,,,,Civilian PT 15,,,,,,,,,"(0.0, 0.8, 0.1)",,,"(-14.4, 0.0, -0.3)",
PLAYER_POSITIONS,298045,6/27/2026 10:17:42 AM,90eec047-676b-4d50-9684-e8707ca80941,2.0,,,,,,,,,,,,,,,,,,,,,,,,,,,,,,,,,,,"(-14.3, 0.3, -0.1)","(-14.4, 0.8, -0.2)","(-14.8, 0.2, -0.1)",
PLAYER_GAZE,298045,6/27/2026 10:17:42 AM,90eec047-676b-4d50-9684-e8707ca80941,2.0,,,,,,,,,,,,,,,,,,,,,,,,Civilian PT 15,,,,,,,,,"(0.0, 0.8, 0.1)",,,"(-14.4, 0.0, -0.3)",
PLAYER_POSITIONS,298045,6/27/2026 10:17:42 AM,90eec047-676b-4d50-9684-e8707ca80941,2.0,,,,,,,,,,,,,,,,,,,,,,,,,,,,,,,,,,,"(-14.3, 0.3, -0.1)","(-14.4, 0.8, -0.2)","(-14.8, 0.2, -0.1)",
PLAYER_GAZE,298045,6/27/2026 10:17:42 AM,90eec047-676b-4d50-9684-e8707ca80941,2.0,,,,,,,,,,,,,,,,,,,,,,,,Civilian PT 15,,,,,,,,,"(0.0, 0.8, 0.1)",,,"(-14.4, 0.0, -0.3)",
PLAYER_POSITIONS,298545,6/27/2026 10:17:42 AM,90eec047-676b-4d50-9684-e8707ca80941,2.0,,,,,,,,,,,,,,,,,,,,,,,,,,,,,,,,,,,"(-14.3, 0.2, -0.1)","(-14.6, 0.8, -0.1)","(-15.0, 0.1, 0.1)",
PLAYER_POSITIONS,298545,6/27/2026 10:17:42 AM,90eec047-676b-4d50-9684-e8707ca80941,2.0,,,,,,,,,,,,,,,,,,,,,,,,,,,,,,,,,,,"(-14.3, 0.2, -0.1)","(-14.6, 0.8, -0.1)","(-15.0, 0.1, 0.1)",
PLAYER_POSITIONS,299052,6/27/2026 10:17:43 AM,90eec047-676b-4d50-9684-e8707ca80941,2.0,,,,,,,,,,,,,,,,,,,,,,,,,,,,,,,,,,,"(-14.5, 0.2, -0.1)","(-14.7, 0.8, 0.0)","(-15.0, 0.3, -0.1)",
PLAYER_POSITIONS,299052,6/27/2026 10:17:43 AM,90eec047-676b-4d50-9684-e8707ca80941,2.0,,,,,,,,,,,,,,,,,,,,,,,,,,,,,,,,,,,"(-14.5, 0.2, -0.1)","(-14.7, 0.8, 0.0)","(-15.0, 0.3, -0.1)",
TAG_SELECTED,299284,6/27/2026 10:17:43 AM,90eec047-676b-4d50-9684-e8707ca80941,2.0,,,,,,,,,,,,,,,,,,,,,,,,,,,,,,,,,,,,,,,,,,yellow,
PLAYER_POSITIONS,299552,6/27/2026 10:17:43 AM,90eec047-676b-4d50-9684-e8707ca80941,2.0,,,,,,,,,,,,,,,,,,,,,,,,,,,,,,,,,,,"(-14.4, 0.2, -0.1)","(-14.6, 0.8, -0.2)","(-14.7, 0.2, -0.2)",
PLAYER_POSITIONS,299552,6/27/2026 10:17:43 AM,90eec047-676b-4d50-9684-e8707ca80941,2.0,,,,,,,,,,,,,,,,,,,,,,,,,,,,,,,,,,,"(-14.4, 0.2, -0.1)","(-14.6, 0.8, -0.2)","(-14.7, 0.2, -0.2)",
VOICE_CAPTURE,299742,6/27/2026 10:17:43 AM,90eec047-676b-4d50-9684-e8707ca80941,2.0,,,,,,,,,,,,,,,,,,,,,,,,,,,,,,,,,,,,,,,,,,,,,,,,,,,NA,Thank you.,
PLAYER_POSITIONS,300055,6/27/2026 10:17:44 AM,90eec047-676b-4d50-9684-e8707ca80941,2.0,,,,,,,,,,,,,,,,,,,,,,,,,,,,,,,,,,,"(-14.3, 0.2, -0.2)","(-14.4, 0.8, -0.4)","(-14.5, 0.2, -0.4)",
PLAYER_GAZE,300055,6/27/2026 10:17:44 AM,90eec047-676b-4d50-9684-e8707ca80941,2.0,,,,,,,,,,,,,,,,,,,,,,,,Civilian PT 15,,,,,,,,,"(0.0, 0.8, 0.0)",,,"(-14.4, 0.0, -0.3)",
PLAYER_POSITIONS,300055,6/27/2026 10:17:44 AM,90eec047-676b-4d50-9684-e8707ca80941,2.0,,,,,,,,,,,,,,,,,,,,,,,,,,,,,,,,,,,"(-14.3, 0.2, -0.2)","(-14.4, 0.8, -0.4)","(-14.5, 0.2, -0.4)",
PLAYER_GAZE,300055,6/27/2026 10:17:44 AM,90eec047-676b-4d50-9684-e8707ca80941,2.0,,,,,,,,,,,,,,,,,,,,,,,,Civilian PT 15,,,,,,,,,"(0.0, 0.8, 0.0)",,,"(-14.4, 0.0, -0.3)",
VOICE_CAPTURE,300245,6/27/2026 10:17:44 AM,90eec047-676b-4d50-9684-e8707ca80941,2.0,,,,,,,,,,,,,,,,,,,,,,,,,,,,,,,,,,,,,,,,,,,,,,,,,,,NA,Thank you.,
VOICE_CAPTURE,300245,6/27/2026 10:17:44 AM,90eec047-676b-4d50-9684-e8707ca80941,2.0,,,,,,,,,,,,,,,,,,,,,,,,,,,,,,,,,,,,,,,,,,,,,,,,,,,NA,Thank you.,
TAG_DISCARDED,300320,6/27/2026 10:17:44 AM,90eec047-676b-4d50-9684-e8707ca80941,2.0,,,,,,,,,,,,,,,,,,,,,,,,,,,,,,,,,,,,"(-14.8, 0.3, 0.0)",,,,,,yellow,
TOOL_HOVER,300564,6/27/2026 10:17:44 AM,90eec047-676b-4d50-9684-e8707ca80941,2.0,,,,,,,,,,,,,,,,,,,,,,,,,,,,,,,,,,,,,,,,,,,,,,996,,Tourniquet,
PLAYER_POSITIONS,300567,6/27/2026 10:17:44 AM,90eec047-676b-4d50-9684-e8707ca80941,2.0,,,,,,,,,,,,,,,,,,,,,,,,,,,,,,,,,,,"(-14.4, 0.2, -0.1)","(-14.6, 0.8, -0.2)","(-14.9, 0.3, -0.2)",
PLAYER_POSITIONS,300567,6/27/2026 10:17:44 AM,90eec047-676b-4d50-9684-e8707ca80941,2.0,,,,,,,,,,,,,,,,,,,,,,,,,,,,,,,,,,,"(-14.4, 0.2, -0.1)","(-14.6, 0.8, -0.2)","(-14.9, 0.3, -0.2)",
VOICE_CAPTURE,300723,6/27/2026 10:17:44 AM,90eec047-676b-4d50-9684-e8707ca80941,2.0,,,,,,,,,,,,,,,,,,,,,,,,,,,,,,,,,,,,,,,,,,,,,,,,,,,NA,Thank you.,
TOOL_SELECTED,300855,6/27/2026 10:17:44 AM,90eec047-676b-4d50-9684-e8707ca80941,2.0,,,,,,,,,,,,,,,,,,,,,,,,,,,,,,,,,,,,,,,,,,,,,,995,,Tourniquet,
PLAYER_POSITIONS,301078,6/27/2026 10:17:45 AM,90eec047-676b-4d50-9684-e8707ca80941,2.0,,,,,,,,,,,,,,,,,,,,,,,,,,,,,,,,,,,"(-14.4, 0.2, -0.1)","(-14.6, 0.8, -0.3)","(-14.7, 0.2, -0.3)",
PLAYER_POSITIONS,301078,6/27/2026 10:17:45 AM,90eec047-676b-4d50-9684-e8707ca80941,2.0,,,,,,,,,,,,,,,,,,,,,,,,,,,,,,,,,,,"(-14.4, 0.2, -0.1)","(-14.6, 0.8, -0.3)","(-14.7, 0.2, -0.3)",
VOICE_CAPTURE,301246,6/27/2026 10:17:45 AM,90eec047-676b-4d50-9684-e8707ca80941,2.0,,,,,,,,,,,,,,,,,,,,,,,,,,,,,,,,,,,,,,,,,,,,,,,,,,,NA,Thank you. No.,
AUDIO_END,301334,6/27/2026 10:17:45 AM,90eec047-676b-4d50-9684-e8707ca80941,2.0,mortar hits 1,19.77469,
NARRATIVE_SECTION_END,301334,6/27/2026 10:17:45 AM,90eec047-676b-4d50-9684-e8707ca80941,2.0,,,,,,,,,,,,,,,,,,Mortar hits 2,32,
NARRATIVE_SECTION_START,301374,6/27/2026 10:17:45 AM,90eec047-676b-4d50-9684-e8707ca80941,2.0,,,,,,,,,,,,,,,,,,Delta Squad Moving,33,
PLAYER_POSITIONS,301599,6/27/2026 10:17:45 AM,90eec047-676b-4d50-9684-e8707ca80941,2.0,,,,,,,,,,,,,,,,,,,,,,,,,,,,,,,,,,,"(-14.3, 0.2, -0.2)","(-14.4, 0.7, -0.4)","(-14.3, 0.0, -0.5)",
PLAYER_POSITIONS,301599,6/27/2026 10:17:45 AM,90eec047-676b-4d50-9684-e8707ca80941,2.0,,,,,,,,,,,,,,,,,,,,,,,,,,,,,,,,,,,"(-14.3, 0.2, -0.2)","(-14.4, 0.7, -0.4)","(-14.3, 0.0, -0.5)",
VOICE_CAPTURE,301710,6/27/2026 10:17:45 AM,90eec047-676b-4d50-9684-e8707ca80941,2.0,,,,,,,,,,,,,,,,,,,,,,,,,,,,,,,,,,,,,,,,,,,,,,,,,,,NA,Thank you. No.,
VOICE_CAPTURE,301712,6/27/2026 10:17:45 AM,90eec047-676b-4d50-9684-e8707ca80941,2.0,,,,,,,,,,,,,,,,,,,,,,,,,,,,,,,,,,,,,,,,,,,,,,,,,,,NA,Thank you. No.,
TOOL_APPLIED,301976,6/27/2026 10:17:46 AM,90eec047-676b-4d50-9684-e8707ca80941,2.0,,,,,,,,,,,,,,,,,,,,,,,,Civilian PT 15,,,,,,,,,,,,,,,,,,,,AppliedTourniquet,RightUpLeg (UnityEngine.GameObject),,Tourniquet(Clone) (UnityEngine.GameObject),Tourniquet,
PLAYER_POSITIONS,302111,6/27/2026 10:17:46 AM,90eec047-676b-4d50-9684-e8707ca80941,2.0,,,,,,,,,,,,,,,,,,,,,,,,,,,,,,,,,,,"(-14.3, 0.2, -0.2)","(-14.4, 0.7, -0.4)","(-14.4, 0.0, -0.5)",
PLAYER_POSITIONS,302111,6/27/2026 10:17:46 AM,90eec047-676b-4d50-9684-e8707ca80941,2.0,,,,,,,,,,,,,,,,,,,,,,,,,,,,,,,,,,,"(-14.3, 0.2, -0.2)","(-14.4, 0.7, -0.4)","(-14.4, 0.0, -0.5)",
BAG_CLOSED,302397,6/27/2026 10:17:46 AM,90eec047-676b-4d50-9684-e8707ca80941,2.0,,,,,,,,,,,,,,,,,,,,,,,,,,,,,,,,,,,,"(0.0, 0.0, 0.0)",
PLAYER_POSITIONS,302622,6/27/2026 10:17:46 AM,90eec047-676b-4d50-9684-e8707ca80941,2.0,,,,,,,,,,,,,,,,,,,,,,,,,,,,,,,,,,,"(-14.4, 0.2, 0.0)","(-14.5, 1.0, -0.1)","(-14.6, 0.3, 0.0)",
PLAYER_POSITIONS,302622,6/27/2026 10:17:46 AM,90eec047-676b-4d50-9684-e8707ca80941,2.0,,,,,,,,,,,,,,,,,,,,,,,,,,,,,,,,,,,"(-14.4, 0.2, 0.0)","(-14.5, 1.0, -0.1)","(-14.6, 0.3, 0.0)",
PLAYER_POSITIONS,303148,6/27/2026 10:17:47 AM,90eec047-676b-4d50-9684-e8707ca80941,2.0,,,,,,,,,,,,,,,,,,,,,,,,,,,,,,,,,,,"(-14.7, 0.3, -0.2)","(-14.8, 1.0, 0.0)","(-15.0, 0.7, -0.1)",
PLAYER_POSITIONS,303148,6/27/2026 10:17:47 AM,90eec047-676b-4d50-9684-e8707ca80941,2.0,,,,,,,,,,,,,,,,,,,,,,,,,,,,,,,,,,,"(-14.7, 0.3, -0.2)","(-14.8, 1.0, 0.0)","(-15.0, 0.7, -0.1)",
PLAYER_POSITIONS,303676,6/27/2026 10:17:47 AM,90eec047-676b-4d50-9684-e8707ca80941,2.0,,,,,,,,,,,,,,,,,,,,,,,,,,,,,,,,,,,"(-14.7, 0.2, -0.4)","(-14.9, 1.0, -0.3)","(-15.2, 0.6, -0.2)",
PLAYER_POSITIONS,303676,6/27/2026 10:17:47 AM,90eec047-676b-4d50-9684-e8707ca80941,2.0,,,,,,,,,,,,,,,,,,,,,,,,,,,,,,,,,,,"(-14.7, 0.2, -0.4)","(-14.9, 1.0, -0.3)","(-15.2, 0.6, -0.2)",
VOICE_CAPTURE,303720,6/27/2026 10:17:47 AM,90eec047-676b-4d50-9684-e8707ca80941,2.0,,,,,,,,,,,,,,,,,,,,,,,,,,,,,,,,,,,,,,,,,,,,,,,,,,,NA,Thank you.,
PLAYER_POSITIONS,304219,6/27/2026 10:17:48 AM,90eec047-676b-4d50-9684-e8707ca80941,2.0,,,,,,,,,,,,,,,,,,,,,,,,,,,,,,,,,,,"(-14.8, 0.3, -0.3)","(-15.2, 0.9, 0.0)","(-15.3, 0.3, 0.1)",
PLAYER_POSITIONS,304219,6/27/2026 10:17:48 AM,90eec047-676b-4d50-9684-e8707ca80941,2.0,,,,,,,,,,,,,,,,,,,,,,,,,,,,,,,,,,,"(-14.8, 0.3, -0.3)","(-15.2, 0.9, 0.0)","(-15.3, 0.3, 0.1)",
VOICE_CAPTURE,304252,6/27/2026 10:17:48 AM,90eec047-676b-4d50-9684-e8707ca80941,2.0,,,,,,,,,,,,,,,,,,,,,,,,,,,,,,,,,,,,,,,,,,,,,,,,,,,NA,I'll give you some pain.,
TOOL_HOVER,304472,6/27/2026 10:17:48 AM,90eec047-676b-4d50-9684-e8707ca80941,2.0,,,,,,,,,,,,,,,,,,,,,,,,,,,,,,,,,,,,,,,,,,,,,,999,,Fox Shield,
TOOL_HOVER,304585,6/27/2026 10:17:48 AM,90eec047-676b-4d50-9684-e8707ca80941,2.0,,,,,,,,,,,,,,,,,,,,,,,,,,,,,,,,,,,,,,,,,,,,,,994,,Fentanyl Lollipop,
TOOL_SELECTED,304741,6/27/2026 10:17:48 AM,90eec047-676b-4d50-9684-e8707ca80941,2.0,,,,,,,,,,,,,,,,,,,,,,,,,,,,,,,,,,,,,,,,,,,,,,993,,Fentanyl Lollipop,
PLAYER_POSITIONS,304744,6/27/2026 10:17:48 AM,90eec047-676b-4d50-9684-e8707ca80941,2.0,,,,,,,,,,,,,,,,,,,,,,,,,,,,,,,,,,,"(-14.9, 0.3, -0.3)","(-15.2, 0.9, 0.0)","(-15.4, 0.4, 0.4)",
PLAYER_POSITIONS,304744,6/27/2026 10:17:48 AM,90eec047-676b-4d50-9684-e8707ca80941,2.0,,,,,,,,,,,,,,,,,,,,,,,,,,,,,,,,,,,"(-14.9, 0.3, -0.3)","(-15.2, 0.9, 0.0)","(-15.4, 0.4, 0.4)",
VOICE_CAPTURE,304777,6/27/2026 10:17:48 AM,90eec047-676b-4d50-9684-e8707ca80941,2.0,,,,,,,,,,,,,,,,,,,,,,,,,,,,,,,,,,,,,,,,,,,,,,,,,,,NA,I'll give you some pain meds.,
PLAYER_POSITIONS,305255,6/27/2026 10:17:49 AM,90eec047-676b-4d50-9684-e8707ca80941,2.0,,,,,,,,,,,,,,,,,,,,,,,,,,,,,,,,,,,"(-14.7, 0.2, -0.4)","(-15.0, 0.8, -0.5)","(-15.0, 0.3, -0.6)",
PLAYER_POSITIONS,305255,6/27/2026 10:17:49 AM,90eec047-676b-4d50-9684-e8707ca80941,2.0,,,,,,,,,,,,,,,,,,,,,,,,,,,,,,,,,,,"(-14.7, 0.2, -0.4)","(-15.0, 0.8, -0.5)","(-15.0, 0.3, -0.6)",
VOICE_CAPTURE,305278,6/27/2026 10:17:49 AM,90eec047-676b-4d50-9684-e8707ca80941,2.0,,,,,,,,,,,,,,,,,,,,,,,,,,,,,,,,,,,,,,,,,,,,,,,,,,,NA,I'll give you some pain meds in an amount.,
PLAYER_POSITIONS,305784,6/27/2026 10:17:49 AM,90eec047-676b-4d50-9684-e8707ca80941,2.0,,,,,,,,,,,,,,,,,,,,,,,,,,,,,,,,,,,"(-14.7, 0.2, -0.4)","(-14.9, 0.8, -0.6)","(-15.1, 0.1, -0.7)",
PLAYER_POSITIONS,305784,6/27/2026 10:17:49 AM,90eec047-676b-4d50-9684-e8707ca80941,2.0,,,,,,,,,,,,,,,,,,,,,,,,,,,,,,,,,,,"(-14.7, 0.2, -0.4)","(-14.9, 0.8, -0.6)","(-15.1, 0.1, -0.7)",
VOICE_CAPTURE,305784,6/27/2026 10:17:49 AM,90eec047-676b-4d50-9684-e8707ca80941,2.0,,,,,,,,,,,,,,,,,,,,,,,,,,,,,,,,,,,,,,,,,,,,,,,,,,,NA,I'll give you some pain meds in an amount. give you some pain meds and antibiotics.,
INJURY_TREATED,306074,6/27/2026 10:17:50 AM,90eec047-676b-4d50-9684-e8707ca80941,2.0,,,,,,,,,head,Unspecified,"(0.0, 0.0, 0.0)",none,1,1,none,True,False,,,,,,,Civilian PT 15,
TOOL_APPLIED,306075,6/27/2026 10:17:50 AM,90eec047-676b-4d50-9684-e8707ca80941,2.0,,,,,,,,,,,,,,,,,,,,,,,,Civilian PT 15,,,,,,,,,,,,,,,,,,,,AppliedLollipop,Jaw (UnityEngine.GameObject),,Fentanyl Lollipop(Clone) (UnityEngine.GameObject),Fentanyl Lollipop,
VOICE_CAPTURE,306274,6/27/2026 10:17:50 AM,90eec047-676b-4d50-9684-e8707ca80941,2.0,,,,,,,,,,,,,,,,,,,,,,,,,,,,,,,,,,,,,,,,,,,,,,,,,,,NA,I'll give you some pain meds in an amount. give you some pain meds and antibiotics.,
VOICE_CAPTURE,306274,6/27/2026 10:17:50 AM,90eec047-676b-4d50-9684-e8707ca80941,2.0,,,,,,,,,,,,,,,,,,,,,,,,,,,,,,,,,,,,,,,,,,,,,,,,,,,NA,I'll give you some pain meds in an amount. give you some pain meds and antibiotics.,
VOICE_COMMAND,306274,6/27/2026 10:17:50 AM,90eec047-676b-4d50-9684-e8707ca80941,2.0,,,,,,,,,,,,,,,,,,,,,,,,,,,,,,,,,,,,,,,,,,,,,,,,,,,I'll give you some pain meds in an amount. give you some pain meds and antibiotics.,are you in pain,
PLAYER_POSITIONS,306295,6/27/2026 10:17:50 AM,90eec047-676b-4d50-9684-e8707ca80941,2.0,,,,,,,,,,,,,,,,,,,,,,,,,,,,,,,,,,,"(-14.7, 0.2, -0.4)","(-14.9, 0.8, -0.5)","(-15.1, 0.2, -0.6)",
PLAYER_POSITIONS,306295,6/27/2026 10:17:50 AM,90eec047-676b-4d50-9684-e8707ca80941,2.0,,,,,,,,,,,,,,,,,,,,,,,,,,,,,,,,,,,"(-14.7, 0.2, -0.4)","(-14.9, 0.8, -0.5)","(-15.1, 0.2, -0.6)",
BAG_CLOSED,306559,6/27/2026 10:17:50 AM,90eec047-676b-4d50-9684-e8707ca80941,2.0,,,,,,,,,,,,,,,,,,,,,,,,,,,,,,,,,,,,"(0.0, 0.0, 0.0)",
PLAYER_POSITIONS,306817,6/27/2026 10:17:50 AM,90eec047-676b-4d50-9684-e8707ca80941,2.0,,,,,,,,,,,,,,,,,,,,,,,,,,,,,,,,,,,"(-14.8, 0.2, -0.3)","(-15.1, 0.9, -0.1)","(-15.3, 0.5, 0.1)",
PLAYER_POSITIONS,306817,6/27/2026 10:17:50 AM,90eec047-676b-4d50-9684-e8707ca80941,2.0,,,,,,,,,,,,,,,,,,,,,,,,,,,,,,,,,,,"(-14.8, 0.2, -0.3)","(-15.1, 0.9, -0.1)","(-15.3, 0.5, 0.1)",
PLAYER_POSITIONS,307329,6/27/2026 10:17:51 AM,90eec047-676b-4d50-9684-e8707ca80941,2.0,,,,,,,,,,,,,,,,,,,,,,,,,,,,,,,,,,,"(-14.8, 0.2, -0.2)","(-15.2, 0.9, -0.1)","(-15.3, 0.6, 0.2)",
PLAYER_POSITIONS,307329,6/27/2026 10:17:51 AM,90eec047-676b-4d50-9684-e8707ca80941,2.0,,,,,,,,,,,,,,,,,,,,,,,,,,,,,,,,,,,"(-14.8, 0.2, -0.2)","(-15.2, 0.9, -0.1)","(-15.3, 0.6, 0.2)",
PLAYER_POSITIONS,307840,6/27/2026 10:17:51 AM,90eec047-676b-4d50-9684-e8707ca80941,2.0,,,,,,,,,,,,,,,,,,,,,,,,,,,,,,,,,,,"(-14.8, 0.2, -0.3)","(-15.2, 0.9, 0.0)","(-15.4, 0.4, 0.2)",
PLAYER_POSITIONS,307840,6/27/2026 10:17:51 AM,90eec047-676b-4d50-9684-e8707ca80941,2.0,,,,,,,,,,,,,,,,,,,,,,,,,,,,,,,,,,,"(-14.8, 0.2, -0.3)","(-15.2, 0.9, 0.0)","(-15.4, 0.4, 0.2)",
TOOL_HOVER,308182,6/27/2026 10:17:52 AM,90eec047-676b-4d50-9684-e8707ca80941,2.0,,,,,,,,,,,,,,,,,,,,,,,,,,,,,,,,,,,,,,,,,,,,,,995,,Antibiotics,
AUDIO_START,308367,6/27/2026 10:17:52 AM,90eec047-676b-4d50-9684-e8707ca80941,2.0,delta squad moving,4.179592,
PLAYER_POSITIONS,308367,6/27/2026 10:17:52 AM,90eec047-676b-4d50-9684-e8707ca80941,2.0,,,,,,,,,,,,,,,,,,,,,,,,,,,,,,,,,,,"(-14.9, 0.3, -0.2)","(-15.2, 0.9, 0.1)","(-15.6, 0.4, 0.6)",
PLAYER_POSITIONS,308367,6/27/2026 10:17:52 AM,90eec047-676b-4d50-9684-e8707ca80941,2.0,,,,,,,,,,,,,,,,,,,,,,,,,,,,,,,,,,,"(-14.9, 0.3, -0.2)","(-15.2, 0.9, 0.1)","(-15.6, 0.4, 0.6)",
TOOL_SELECTED,308407,6/27/2026 10:17:52 AM,90eec047-676b-4d50-9684-e8707ca80941,2.0,,,,,,,,,,,,,,,,,,,,,,,,,,,,,,,,,,,,,,,,,,,,,,994,,Antibiotics,
PLAYER_POSITIONS,308863,6/27/2026 10:17:52 AM,90eec047-676b-4d50-9684-e8707ca80941,2.0,,,,,,,,,,,,,,,,,,,,,,,,,,,,,,,,,,,"(-14.8, 0.2, -0.3)","(-15.1, 0.9, -0.3)","(-15.1, 0.3, -0.3)",
PLAYER_POSITIONS,308863,6/27/2026 10:17:52 AM,90eec047-676b-4d50-9684-e8707ca80941,2.0,,,,,,,,,,,,,,,,,,,,,,,,,,,,,,,,,,,"(-14.8, 0.2, -0.3)","(-15.1, 0.9, -0.3)","(-15.1, 0.3, -0.3)",
PLAYER_POSITIONS,309375,6/27/2026 10:17:53 AM,90eec047-676b-4d50-9684-e8707ca80941,2.0,,,,,,,,,,,,,,,,,,,,,,,,,,,,,,,,,,,"(-14.7, 0.3, -0.3)","(-14.9, 0.8, -0.5)","(-15.1, 0.1, -0.7)",
PLAYER_POSITIONS,309375,6/27/2026 10:17:53 AM,90eec047-676b-4d50-9684-e8707ca80941,2.0,,,,,,,,,,,,,,,,,,,,,,,,,,,,,,,,,,,"(-14.7, 0.3, -0.3)","(-14.9, 0.8, -0.5)","(-15.1, 0.1, -0.7)",
INJURY_TREATED,309489,6/27/2026 10:17:53 AM,90eec047-676b-4d50-9684-e8707ca80941,2.0,,,,,,,,,head,Unspecified,"(0.0, 0.0, 0.0)",none,1,1,none,True,False,,,,,,,Civilian PT 15,
TOOL_APPLIED,309489,6/27/2026 10:17:53 AM,90eec047-676b-4d50-9684-e8707ca80941,2.0,,,,,,,,,,,,,,,,,,,,,,,,Civilian PT 15,,,,,,,,,,,,,,,,,,,,AppliedAntibiotics,Jaw (UnityEngine.GameObject),,null,Antibiotics,
BAG_CLOSED,309816,6/27/2026 10:17:53 AM,90eec047-676b-4d50-9684-e8707ca80941,2.0,,,,,,,,,,,,,,,,,,,,,,,,,,,,,,,,,,,,"(0.0, 0.0, 0.0)",
PLAYER_POSITIONS,309887,6/27/2026 10:17:53 AM,90eec047-676b-4d50-9684-e8707ca80941,2.0,,,,,,,,,,,,,,,,,,,,,,,,,,,,,,,,,,,"(-14.8, 0.3, -0.4)","(-15.0, 1.0, -0.4)","(-15.0, 0.2, -0.2)",
PLAYER_POSITIONS,309887,6/27/2026 10:17:53 AM,90eec047-676b-4d50-9684-e8707ca80941,2.0,,,,,,,,,,,,,,,,,,,,,,,,,,,,,,,,,,,"(-14.8, 0.3, -0.4)","(-15.0, 1.0, -0.4)","(-15.0, 0.2, -0.2)",
PLAYER_POSITIONS,310387,6/27/2026 10:17:54 AM,90eec047-676b-4d50-9684-e8707ca80941,2.0,,,,,,,,,,,,,,,,,,,,,,,,,,,,,,,,,,,"(-15.4, 0.4, -0.5)","(-15.4, 1.2, -0.3)","(-15.7, 0.4, 0.0)",
PLAYER_POSITIONS,310387,6/27/2026 10:17:54 AM,90eec047-676b-4d50-9684-e8707ca80941,2.0,,,,,,,,,,,,,,,,,,,,,,,,,,,,,,,,,,,"(-15.4, 0.4, -0.5)","(-15.4, 1.2, -0.3)","(-15.7, 0.4, 0.0)",
PATIENT_DISENGAGED,310815,6/27/2026 10:17:54 AM,90eec047-676b-4d50-9684-e8707ca80941,2.0,,,,20.49,,,,,,,,,,,,,,,,fast,100,Infinity,normal,Civilian PT 15,upset,supine,"(-14.4, -0.1, -0.3)",fast,"(0.0, 0.8, 0.0, 0.6)",normal,IMMEDIATE,still,,,,,,,,,,,,,,,,,20.49,
PATIENT_ENGAGED,310815,6/27/2026 10:17:54 AM,90eec047-676b-4d50-9684-e8707ca80941,2.0,,,,0,,,,,,,,,,,,,,,,normal,100,Infinity,normal,Civilian PT 7,agony,recovery,"(-17.6, -0.1, -0.1)",normal,"(0.0, 0.5, 0.0, 0.9)",normal,DELAYED,still,,,,,,,,,,,,,,,,,0,
PLAYER_POSITIONS,310895,6/27/2026 10:17:54 AM,90eec047-676b-4d50-9684-e8707ca80941,2.0,,,,,,,,,,,,,,,,,,,,,,,,,,,,,,,,,,,"(-16.1, 0.4, -0.8)","(-16.1, 1.2, -0.5)","(-16.3, 0.3, -0.4)",
PLAYER_POSITIONS,310895,6/27/2026 10:17:54 AM,90eec047-676b-4d50-9684-e8707ca80941,2.0,,,,,,,,,,,,,,,,,,,,,,,,,,,,,,,,,,,"(-16.1, 0.4, -0.8)","(-16.1, 1.2, -0.5)","(-16.3, 0.3, -0.4)",
PLAYER_POSITIONS,311408,6/27/2026 10:17:55 AM,90eec047-676b-4d50-9684-e8707ca80941,2.0,,,,,,,,,,,,,,,,,,,,,,,,,,,,,,,,,,,"(-16.8, 0.4, -1.0)","(-16.9, 1.2, -0.8)","(-17.0, 0.4, -0.5)",
PLAYER_POSITIONS,311408,6/27/2026 10:17:55 AM,90eec047-676b-4d50-9684-e8707ca80941,2.0,,,,,,,,,,,,,,,,,,,,,,,,,,,,,,,,,,,"(-16.8, 0.4, -1.0)","(-16.9, 1.2, -0.8)","(-17.0, 0.4, -0.5)",
PLAYER_POSITIONS,311919,6/27/2026 10:17:56 AM,90eec047-676b-4d50-9684-e8707ca80941,2.0,,,,,,,,,,,,,,,,,,,,,,,,,,,,,,,,,,,"(-17.2, 0.4, -1.0)","(-17.4, 1.0, -0.8)","(-17.5, 0.5, -0.6)",
PLAYER_POSITIONS,311919,6/27/2026 10:17:56 AM,90eec047-676b-4d50-9684-e8707ca80941,2.0,,,,,,,,,,,,,,,,,,,,,,,,,,,,,,,,,,,"(-17.2, 0.4, -1.0)","(-17.4, 1.0, -0.8)","(-17.5, 0.5, -0.6)",
VOICE_CAPTURE,312252,6/27/2026 10:17:56 AM,90eec047-676b-4d50-9684-e8707ca80941,2.0,,,,,,,,,,,,,,,,,,,,,,,,,,,,,,,,,,,,,,,,,,,,,,,,,,,NA,Can you tell me--,
PLAYER_POSITIONS,312429,6/27/2026 10:17:56 AM,90eec047-676b-4d50-9684-e8707ca80941,2.0,,,,,,,,,,,,,,,,,,,,,,,,,,,,,,,,,,,"(-17.2, 0.4, -1.2)","(-17.4, 1.1, -0.9)","(-17.5, 0.6, -0.7)",
PLAYER_POSITIONS,312429,6/27/2026 10:17:56 AM,90eec047-676b-4d50-9684-e8707ca80941,2.0,,,,,,,,,,,,,,,,,,,,,,,,,,,,,,,,,,,"(-17.2, 0.4, -1.2)","(-17.4, 1.1, -0.9)","(-17.5, 0.6, -0.7)",
AUDIO_END,312562,6/27/2026 10:17:56 AM,90eec047-676b-4d50-9684-e8707ca80941,2.0,delta squad moving,4.179592,
NARRATIVE_SECTION_END,312562,6/27/2026 10:17:56 AM,90eec047-676b-4d50-9684-e8707ca80941,2.0,,,,,,,,,,,,,,,,,,Delta Squad Moving,33,
NARRATIVE_SECTION_START,312580,6/27/2026 10:17:56 AM,90eec047-676b-4d50-9684-e8707ca80941,2.0,,,,,,,,,,,,,,,,,,Charges set delta stack up,34,
PLAYER_POSITIONS,312930,6/27/2026 10:17:57 AM,90eec047-676b-4d50-9684-e8707ca80941,2.0,,,,,,,,,,,,,,,,,,,,,,,,,,,,,,,,,,,"(-17.3, 0.4, -1.2)","(-17.5, 1.1, -0.9)","(-17.7, 0.7, -0.8)",
PLAYER_POSITIONS,312930,6/27/2026 10:17:57 AM,90eec047-676b-4d50-9684-e8707ca80941,2.0,,,,,,,,,,,,,,,,,,,,,,,,,,,,,,,,,,,"(-17.3, 0.4, -1.2)","(-17.5, 1.1, -0.9)","(-17.7, 0.7, -0.8)",
VOICE_CAPTURE,313264,6/27/2026 10:17:57 AM,90eec047-676b-4d50-9684-e8707ca80941,2.0,,,,,,,,,,,,,,,,,,,,,,,,,,,,,,,,,,,,,,,,,,,,,,,,,,,NA,Can you tell me what year it is?,
PLAYER_POSITIONS,313442,6/27/2026 10:17:57 AM,90eec047-676b-4d50-9684-e8707ca80941,2.0,,,,,,,,,,,,,,,,,,,,,,,,,,,,,,,,,,,"(-17.2, 0.4, -1.1)","(-17.5, 1.1, -0.9)","(-17.7, 0.5, -0.4)",
PLAYER_POSITIONS,313442,6/27/2026 10:17:57 AM,90eec047-676b-4d50-9684-e8707ca80941,2.0,,,,,,,,,,,,,,,,,,,,,,,,,,,,,,,,,,,"(-17.2, 0.4, -1.1)","(-17.5, 1.1, -0.9)","(-17.7, 0.5, -0.4)",
VOICE_CAPTURE,313764,6/27/2026 10:17:57 AM,90eec047-676b-4d50-9684-e8707ca80941,2.0,,,,,,,,,,,,,,,,,,,,,,,,,,,,,,,,,,,,,,,,,,,,,,,,,,,NA,Can you tell me what year it is?,
VOICE_CAPTURE,313764,6/27/2026 10:17:57 AM,90eec047-676b-4d50-9684-e8707ca80941,2.0,,,,,,,,,,,,,,,,,,,,,,,,,,,,,,,,,,,,,,,,,,,,,,,,,,,NA,Can you tell me what year it is?,
VOICE_COMMAND,313764,6/27/2026 10:17:57 AM,90eec047-676b-4d50-9684-e8707ca80941,2.0,,,,,,,,,,,,,,,,,,,,,,,,,,,,,,,,,,,,,,,,,,,,,,,,,,,Can you tell me what year it is?,what year is it,
PLAYER_POSITIONS,313942,6/27/2026 10:17:58 AM,90eec047-676b-4d50-9684-e8707ca80941,2.0,,,,,,,,,,,,,,,,,,,,,,,,,,,,,,,,,,,"(-17.3, 0.4, -1.1)","(-17.5, 1.1, -0.8)","(-17.6, 0.5, -0.4)",
PLAYER_POSITIONS,313942,6/27/2026 10:17:58 AM,90eec047-676b-4d50-9684-e8707ca80941,2.0,,,,,,,,,,,,,,,,,,,,,,,,,,,,,,,,,,,"(-17.3, 0.4, -1.1)","(-17.5, 1.1, -0.8)","(-17.6, 0.5, -0.4)",
PLAYER_POSITIONS,314453,6/27/2026 10:17:58 AM,90eec047-676b-4d50-9684-e8707ca80941,2.0,,,,,,,,,,,,,,,,,,,,,,,,,,,,,,,,,,,"(-17.4, 0.4, -1.1)","(-17.5, 1.1, -0.8)","(-17.7, 0.5, -0.4)",
PLAYER_POSITIONS,314453,6/27/2026 10:17:58 AM,90eec047-676b-4d50-9684-e8707ca80941,2.0,,,,,,,,,,,,,,,,,,,,,,,,,,,,,,,,,,,"(-17.4, 0.4, -1.1)","(-17.5, 1.1, -0.8)","(-17.7, 0.5, -0.4)",
PLAYER_POSITIONS,314965,6/27/2026 10:17:59 AM,90eec047-676b-4d50-9684-e8707ca80941,2.0,,,,,,,,,,,,,,,,,,,,,,,,,,,,,,,,,,,"(-17.4, 0.4, -1.0)","(-17.7, 1.0, -0.8)","(-17.7, 0.5, -0.4)",
PLAYER_POSITIONS,314965,6/27/2026 10:17:59 AM,90eec047-676b-4d50-9684-e8707ca80941,2.0,,,,,,,,,,,,,,,,,,,,,,,,,,,,,,,,,,,"(-17.4, 0.4, -1.0)","(-17.7, 1.0, -0.8)","(-17.7, 0.5, -0.4)",
PLAYER_POSITIONS,315482,6/27/2026 10:17:59 AM,90eec047-676b-4d50-9684-e8707ca80941,2.0,,,,,,,,,,,,,,,,,,,,,,,,,,,,,,,,,,,"(-17.5, 0.3, -0.9)","(-17.8, 0.8, -0.8)","(-17.9, 0.4, -0.4)",
PLAYER_POSITIONS,315482,6/27/2026 10:17:59 AM,90eec047-676b-4d50-9684-e8707ca80941,2.0,,,,,,,,,,,,,,,,,,,,,,,,,,,,,,,,,,,"(-17.5, 0.3, -0.9)","(-17.8, 0.8, -0.8)","(-17.9, 0.4, -0.4)",
AUDIO_START,315579,6/27/2026 10:17:59 AM,90eec047-676b-4d50-9684-e8707ca80941,2.0,charges set delta stack up,3.709388,
VOICE_CAPTURE,315719,6/27/2026 10:17:59 AM,90eec047-676b-4d50-9684-e8707ca80941,2.0,,,,,,,,,,,,,,,,,,,,,,,,,,,,,,,,,,,,,,,,,,,,,,,,,,,NA,Holy fuck.,
PULSE_TAKEN,315786,6/27/2026 10:17:59 AM,90eec047-676b-4d50-9684-e8707ca80941,2.0,,,,,,,,,,,,,,,,,,,,,,,,Civilian PT 7,,,,pulse_normal,
PLAYER_POSITIONS,315988,6/27/2026 10:18:00 AM,90eec047-676b-4d50-9684-e8707ca80941,2.0,,,,,,,,,,,,,,,,,,,,,,,,,,,,,,,,,,,"(-17.5, 0.3, -0.9)","(-17.7, 1.1, -0.7)","(-17.8, 0.5, -0.5)",
PLAYER_POSITIONS,315988,6/27/2026 10:18:00 AM,90eec047-676b-4d50-9684-e8707ca80941,2.0,,,,,,,,,,,,,,,,,,,,,,,,,,,,,,,,,,,"(-17.5, 0.3, -0.9)","(-17.7, 1.1, -0.7)","(-17.8, 0.5, -0.5)",
VOICE_CAPTURE,316244,6/27/2026 10:18:00 AM,90eec047-676b-4d50-9684-e8707ca80941,2.0,,,,,,,,,,,,,,,,,,,,,,,,,,,,,,,,,,,,,,,,,,,,,,,,,,,NA,Holy fuck.,
VOICE_CAPTURE,316244,6/27/2026 10:18:00 AM,90eec047-676b-4d50-9684-e8707ca80941,2.0,,,,,,,,,,,,,,,,,,,,,,,,,,,,,,,,,,,,,,,,,,,,,,,,,,,NA,Holy fuck.,
PLAYER_POSITIONS,316489,6/27/2026 10:18:00 AM,90eec047-676b-4d50-9684-e8707ca80941,2.0,,,,,,,,,,,,,,,,,,,,,,,,,,,,,,,,,,,"(-17.5, 0.4, -1.0)","(-17.6, 1.1, -0.6)","(-17.9, 0.7, -0.3)",
PLAYER_POSITIONS,316489,6/27/2026 10:18:00 AM,90eec047-676b-4d50-9684-e8707ca80941,2.0,,,,,,,,,,,,,,,,,,,,,,,,,,,,,,,,,,,"(-17.5, 0.4, -1.0)","(-17.6, 1.1, -0.6)","(-17.9, 0.7, -0.3)",
TOOL_HOVER,316884,6/27/2026 10:18:00 AM,90eec047-676b-4d50-9684-e8707ca80941,2.0,,,,,,,,,,,,,,,,,,,,,,,,,,,,,,,,,,,,,,,,,,,,,,999,,Fox Shield,
PLAYER_POSITIONS,316998,6/27/2026 10:18:01 AM,90eec047-676b-4d50-9684-e8707ca80941,2.0,,,,,,,,,,,,,,,,,,,,,,,,,,,,,,,,,,,"(-17.5, 0.4, -0.9)","(-17.6, 1.1, -0.5)","(-17.9, 0.7, -0.2)",
PLAYER_POSITIONS,316998,6/27/2026 10:18:01 AM,90eec047-676b-4d50-9684-e8707ca80941,2.0,,,,,,,,,,,,,,,,,,,,,,,,,,,,,,,,,,,"(-17.5, 0.4, -0.9)","(-17.6, 1.1, -0.5)","(-17.9, 0.7, -0.2)",
VOICE_CAPTURE,317377,6/27/2026 10:18:01 AM,90eec047-676b-4d50-9684-e8707ca80941,2.0,,,,,,,,,,,,,,,,,,,,,,,,,,,,,,,,,,,,,,,,,,,,,,,,,,,NA,You have an ice shield?,
TOOL_HOVER,317396,6/27/2026 10:18:01 AM,90eec047-676b-4d50-9684-e8707ca80941,2.0,,,,,,,,,,,,,,,,,,,,,,,,,,,,,,,,,,,,,,,,,,,,,,999,,Fox Shield,
PLAYER_POSITIONS,317509,6/27/2026 10:18:01 AM,90eec047-676b-4d50-9684-e8707ca80941,2.0,,,,,,,,,,,,,,,,,,,,,,,,,,,,,,,,,,,"(-17.5, 0.4, -0.9)","(-17.6, 1.1, -0.5)","(-17.9, 0.7, -0.1)",
PLAYER_POSITIONS,317509,6/27/2026 10:18:01 AM,90eec047-676b-4d50-9684-e8707ca80941,2.0,,,,,,,,,,,,,,,,,,,,,,,,,,,,,,,,,,,"(-17.5, 0.4, -0.9)","(-17.6, 1.1, -0.5)","(-17.9, 0.7, -0.1)",
VOICE_CAPTURE,317775,6/27/2026 10:18:01 AM,90eec047-676b-4d50-9684-e8707ca80941,2.0,,,,,,,,,,,,,,,,,,,,,,,,,,,,,,,,,,,,,,,,,,,,,,,,,,,NA,Do we have an eye shield?,
TOOL_HOVER,317907,6/27/2026 10:18:02 AM,90eec047-676b-4d50-9684-e8707ca80941,2.0,,,,,,,,,,,,,,,,,,,,,,,,,,,,,,,,,,,,,,,,,,,,,,999,,Fox Shield,
TOOL_SELECTED,317997,6/27/2026 10:18:02 AM,90eec047-676b-4d50-9684-e8707ca80941,2.0,,,,,,,,,,,,,,,,,,,,,,,,,,,,,,,,,,,,,,,,,,,,,,998,,Fox Shield,
PLAYER_POSITIONS,318021,6/27/2026 10:18:02 AM,90eec047-676b-4d50-9684-e8707ca80941,2.0,,,,,,,,,,,,,,,,,,,,,,,,,,,,,,,,,,,"(-17.5, 0.4, -0.9)","(-17.6, 1.1, -0.6)","(-17.9, 0.7, -0.1)",
PLAYER_POSITIONS,318021,6/27/2026 10:18:02 AM,90eec047-676b-4d50-9684-e8707ca80941,2.0,,,,,,,,,,,,,,,,,,,,,,,,,,,,,,,,,,,"(-17.5, 0.4, -0.9)","(-17.6, 1.1, -0.6)","(-17.9, 0.7, -0.1)",
VOICE_CAPTURE,318242,6/27/2026 10:18:02 AM,90eec047-676b-4d50-9684-e8707ca80941,2.0,,,,,,,,,,,,,,,,,,,,,,,,,,,,,,,,,,,,,,,,,,,,,,,,,,,NA,Do we have an eye shield? Do you have an eye shield?,
PLAYER_POSITIONS,318532,6/27/2026 10:18:02 AM,90eec047-676b-4d50-9684-e8707ca80941,2.0,,,,,,,,,,,,,,,,,,,,,,,,,,,,,,,,,,,"(-17.5, 0.4, -0.9)","(-17.7, 0.9, -0.8)","(-17.9, 0.4, -0.9)",
PLAYER_POSITIONS,318532,6/27/2026 10:18:02 AM,90eec047-676b-4d50-9684-e8707ca80941,2.0,,,,,,,,,,,,,,,,,,,,,,,,,,,,,,,,,,,"(-17.5, 0.4, -0.9)","(-17.7, 0.9, -0.8)","(-17.9, 0.4, -0.9)",
VOICE_CAPTURE,318752,6/27/2026 10:18:02 AM,90eec047-676b-4d50-9684-e8707ca80941,2.0,,,,,,,,,,,,,,,,,,,,,,,,,,,,,,,,,,,,,,,,,,,,,,,,,,,NA,Do we have an eye shield? Do you have an ice shield? Oh we do!,
PLAYER_POSITIONS,319042,6/27/2026 10:18:03 AM,90eec047-676b-4d50-9684-e8707ca80941,2.0,,,,,,,,,,,,,,,,,,,,,,,,,,,,,,,,,,,"(-17.4, 0.4, -0.9)","(-17.7, 0.9, -0.9)","(-17.9, 0.4, -1.0)",
PLAYER_POSITIONS,319042,6/27/2026 10:18:03 AM,90eec047-676b-4d50-9684-e8707ca80941,2.0,,,,,,,,,,,,,,,,,,,,,,,,,,,,,,,,,,,"(-17.4, 0.4, -0.9)","(-17.7, 0.9, -0.9)","(-17.9, 0.4, -1.0)",
VOICE_CAPTURE,319275,6/27/2026 10:18:03 AM,90eec047-676b-4d50-9684-e8707ca80941,2.0,,,,,,,,,,,,,,,,,,,,,,,,,,,,,,,,,,,,,,,,,,,,,,,,,,,NA,Do we have an eye shield? Do you have an ice shield? Oh we do!,
VOICE_CAPTURE,319275,6/27/2026 10:18:03 AM,90eec047-676b-4d50-9684-e8707ca80941,2.0,,,,,,,,,,,,,,,,,,,,,,,,,,,,,,,,,,,,,,,,,,,,,,,,,,,NA,Do we have an eye shield? Do you have an ice shield? Oh we do!,
AUDIO_END,319298,6/27/2026 10:18:03 AM,90eec047-676b-4d50-9684-e8707ca80941,2.0,charges set delta stack up,3.709388,
NARRATIVE_SECTION_END,319298,6/27/2026 10:18:03 AM,90eec047-676b-4d50-9684-e8707ca80941,2.0,,,,,,,,,,,,,,,,,,Charges set delta stack up,34,
NARRATIVE_SECTION_START,319338,6/27/2026 10:18:03 AM,90eec047-676b-4d50-9684-e8707ca80941,2.0,,,,,,,,,,,,,,,,,,Breach and clear,35,
INJURY_TREATED,319343,6/27/2026 10:18:03 AM,90eec047-676b-4d50-9684-e8707ca80941,2.0,,,,,,,,,head,L Eye Shrapnel,"(-17.9, 0.4, -1.0)",foxShield,1,1,high,True,True,,,,,,,Civilian PT 7,
TOOL_APPLIED,319343,6/27/2026 10:18:03 AM,90eec047-676b-4d50-9684-e8707ca80941,2.0,,,,,,,,,,,,,,,,,,,,,,,,Civilian PT 7,,,,,,,,,,,,,,,,,,,,AppliedFoxShield,RightEye (UnityEngine.GameObject),,null,Fox Shield,
PLAYER_POSITIONS,319542,6/27/2026 10:18:03 AM,90eec047-676b-4d50-9684-e8707ca80941,2.0,,,,,,,,,,,,,,,,,,,,,,,,,,,,,,,,,,,"(-17.5, 0.4, -0.9)","(-17.7, 0.9, -0.8)","(-17.9, 0.4, -1.0)",
PLAYER_POSITIONS,319542,6/27/2026 10:18:03 AM,90eec047-676b-4d50-9684-e8707ca80941,2.0,,,,,,,,,,,,,,,,,,,,,,,,,,,,,,,,,,,"(-17.5, 0.4, -0.9)","(-17.7, 0.9, -0.8)","(-17.9, 0.4, -1.0)",
PLAYER_POSITIONS,320056,6/27/2026 10:18:04 AM,90eec047-676b-4d50-9684-e8707ca80941,2.0,,,,,,,,,,,,,,,,,,,,,,,,,,,,,,,,,,,"(-17.5, 0.3, -0.9)","(-17.7, 1.0, -0.8)","(-17.6, 0.2, -0.8)",
PLAYER_POSITIONS,320056,6/27/2026 10:18:04 AM,90eec047-676b-4d50-9684-e8707ca80941,2.0,,,,,,,,,,,,,,,,,,,,,,,,,,,,,,,,,,,"(-17.5, 0.3, -0.9)","(-17.7, 1.0, -0.8)","(-17.6, 0.2, -0.8)",
BAG_CLOSED,320324,6/27/2026 10:18:04 AM,90eec047-676b-4d50-9684-e8707ca80941,2.0,,,,,,,,,,,,,,,,,,,,,,,,,,,,,,,,,,,,"(0.0, 0.0, 0.0)",
PLAYER_POSITIONS,320567,6/27/2026 10:18:04 AM,90eec047-676b-4d50-9684-e8707ca80941,2.0,,,,,,,,,,,,,,,,,,,,,,,,,,,,,,,,,,,"(-17.5, 0.4, -1.0)","(-17.5, 1.1, -0.7)","(-17.6, 0.4, -0.5)",
PLAYER_POSITIONS,320567,6/27/2026 10:18:04 AM,90eec047-676b-4d50-9684-e8707ca80941,2.0,,,,,,,,,,,,,,,,,,,,,,,,,,,,,,,,,,,"(-17.5, 0.4, -1.0)","(-17.5, 1.1, -0.7)","(-17.6, 0.4, -0.5)",
VOICE_CAPTURE,320711,6/27/2026 10:18:04 AM,90eec047-676b-4d50-9684-e8707ca80941,2.0,,,,,,,,,,,,,,,,,,,,,,,,,,,,,,,,,,,,,,,,,,,,,,,,,,,NA,Perfect.,
PLAYER_POSITIONS,321078,6/27/2026 10:18:05 AM,90eec047-676b-4d50-9684-e8707ca80941,2.0,,,,,,,,,,,,,,,,,,,,,,,,,,,,,,,,,,,"(-17.3, 0.4, -0.7)","(-17.4, 1.1, -0.5)","(-17.4, 0.4, -0.3)",
PLAYER_POSITIONS,321078,6/27/2026 10:18:05 AM,90eec047-676b-4d50-9684-e8707ca80941,2.0,,,,,,,,,,,,,,,,,,,,,,,,,,,,,,,,,,,"(-17.3, 0.4, -0.7)","(-17.4, 1.1, -0.5)","(-17.4, 0.4, -0.3)",
VOICE_CAPTURE,321245,6/27/2026 10:18:05 AM,90eec047-676b-4d50-9684-e8707ca80941,2.0,,,,,,,,,,,,,,,,,,,,,,,,,,,,,,,,,,,,,,,,,,,,,,,,,,,NA,Perfect.,
PLAYER_POSITIONS,321595,6/27/2026 10:18:05 AM,90eec047-676b-4d50-9684-e8707ca80941,2.0,,,,,,,,,,,,,,,,,,,,,,,,,,,,,,,,,,,"(-17.3, 0.4, -0.7)","(-17.3, 1.1, -0.5)","(-17.4, 0.4, -0.3)",
PLAYER_POSITIONS,321595,6/27/2026 10:18:05 AM,90eec047-676b-4d50-9684-e8707ca80941,2.0,,,,,,,,,,,,,,,,,,,,,,,,,,,,,,,,,,,"(-17.3, 0.4, -0.7)","(-17.3, 1.1, -0.5)","(-17.4, 0.4, -0.3)",
VOICE_CAPTURE,321742,6/27/2026 10:18:05 AM,90eec047-676b-4d50-9684-e8707ca80941,2.0,,,,,,,,,,,,,,,,,,,,,,,,,,,,,,,,,,,,,,,,,,,,,,,,,,,NA,Perfect.,
PLAYER_POSITIONS,322097,6/27/2026 10:18:06 AM,90eec047-676b-4d50-9684-e8707ca80941,2.0,,,,,,,,,,,,,,,,,,,,,,,,,,,,,,,,,,,"(-17.3, 0.3, -0.4)","(-17.2, 1.0, -0.2)","(-17.3, 0.4, 0.0)",
PLAYER_POSITIONS,322097,6/27/2026 10:18:06 AM,90eec047-676b-4d50-9684-e8707ca80941,2.0,,,,,,,,,,,,,,,,,,,,,,,,,,,,,,,,,,,"(-17.3, 0.3, -0.4)","(-17.2, 1.0, -0.2)","(-17.3, 0.4, 0.0)",
VOICE_CAPTURE,322209,6/27/2026 10:18:06 AM,90eec047-676b-4d50-9684-e8707ca80941,2.0,,,,,,,,,,,,,,,,,,,,,,,,,,,,,,,,,,,,,,,,,,,,,,,,,,,NA,Perfect.,
PLAYER_POSITIONS,322609,6/27/2026 10:18:06 AM,90eec047-676b-4d50-9684-e8707ca80941,2.0,,,,,,,,,,,,,,,,,,,,,,,,,,,,,,,,,,,"(-17.1, 0.3, -0.3)","(-17.0, 1.0, -0.1)","(-17.1, 0.5, 0.2)",
PLAYER_POSITIONS,322609,6/27/2026 10:18:06 AM,90eec047-676b-4d50-9684-e8707ca80941,2.0,,,,,,,,,,,,,,,,,,,,,,,,,,,,,,,,,,,"(-17.1, 0.3, -0.3)","(-17.0, 1.0, -0.1)","(-17.1, 0.5, 0.2)",
VOICE_CAPTURE,322730,6/27/2026 10:18:06 AM,90eec047-676b-4d50-9684-e8707ca80941,2.0,,,,,,,,,,,,,,,,,,,,,,,,,,,,,,,,,,,,,,,,,,,,,,,,,,,NA,Perfect.,
PLAYER_POSITIONS,323109,6/27/2026 10:18:07 AM,90eec047-676b-4d50-9684-e8707ca80941,2.0,,,,,,,,,,,,,,,,,,,,,,,,,,,,,,,,,,,"(-17.1, 0.3, -0.3)","(-17.1, 1.0, -0.1)","(-17.1, 0.7, 0.0)",
PLAYER_POSITIONS,323109,6/27/2026 10:18:07 AM,90eec047-676b-4d50-9684-e8707ca80941,2.0,,,,,,,,,,,,,,,,,,,,,,,,,,,,,,,,,,,"(-17.1, 0.3, -0.3)","(-17.1, 1.0, -0.1)","(-17.1, 0.7, 0.0)",
VOICE_CAPTURE,323265,6/27/2026 10:18:07 AM,90eec047-676b-4d50-9684-e8707ca80941,2.0,,,,,,,,,,,,,,,,,,,,,,,,,,,,,,,,,,,,,,,,,,,,,,,,,,,NA,Perfect.,
AUDIO_START,323336,6/27/2026 10:18:07 AM,90eec047-676b-4d50-9684-e8707ca80941,2.0,breach and clear,2.66449,
PLAYER_POSITIONS,323642,6/27/2026 10:18:07 AM,90eec047-676b-4d50-9684-e8707ca80941,2.0,,,,,,,,,,,,,,,,,,,,,,,,,,,,,,,,,,,"(-17.1, 0.3, -0.3)","(-17.0, 1.0, -0.1)","(-17.2, 0.3, 0.3)",
PLAYER_GAZE,323644,6/27/2026 10:18:07 AM,90eec047-676b-4d50-9684-e8707ca80941,2.0,,,,,,,,,,,,,,,,,,,,,,,,Civilian PT 7,,,,,,,,,"(0.5, 1.0, 0.0)",,,"(-17.6, 0.0, -0.1)",
PLAYER_POSITIONS,323642,6/27/2026 10:18:07 AM,90eec047-676b-4d50-9684-e8707ca80941,2.0,,,,,,,,,,,,,,,,,,,,,,,,,,,,,,,,,,,"(-17.1, 0.3, -0.3)","(-17.0, 1.0, -0.1)","(-17.2, 0.3, 0.3)",
PLAYER_GAZE,323644,6/27/2026 10:18:07 AM,90eec047-676b-4d50-9684-e8707ca80941,2.0,,,,,,,,,,,,,,,,,,,,,,,,Civilian PT 7,,,,,,,,,"(0.5, 1.0, 0.0)",,,"(-17.6, 0.0, -0.1)",
VOICE_CAPTURE,323744,6/27/2026 10:18:07 AM,90eec047-676b-4d50-9684-e8707ca80941,2.0,,,,,,,,,,,,,,,,,,,,,,,,,,,,,,,,,,,,,,,,,,,,,,,,,,,NA,Perfect.,
PLAYER_POSITIONS,324145,6/27/2026 10:18:08 AM,90eec047-676b-4d50-9684-e8707ca80941,2.0,,,,,,,,,,,,,,,,,,,,,,,,,,,,,,,,,,,"(-17.1, 0.3, -0.3)","(-17.0, 1.0, 0.0)","(-17.1, 0.3, 0.1)",
PLAYER_POSITIONS,324145,6/27/2026 10:18:08 AM,90eec047-676b-4d50-9684-e8707ca80941,2.0,,,,,,,,,,,,,,,,,,,,,,,,,,,,,,,,,,,"(-17.1, 0.3, -0.3)","(-17.0, 1.0, 0.0)","(-17.1, 0.3, 0.1)",
VOICE_CAPTURE,324255,6/27/2026 10:18:08 AM,90eec047-676b-4d50-9684-e8707ca80941,2.0,,,,,,,,,,,,,,,,,,,,,,,,,,,,,,,,,,,,,,,,,,,,,,,,,,,NA,Perfect.,
PLAYER_POSITIONS,324679,6/27/2026 10:18:08 AM,90eec047-676b-4d50-9684-e8707ca80941,2.0,,,,,,,,,,,,,,,,,,,,,,,,,,,,,,,,,,,"(-17.1, 0.3, -0.2)","(-17.0, 1.0, 0.0)","(-17.1, 0.5, 0.5)",
PLAYER_POSITIONS,324679,6/27/2026 10:18:08 AM,90eec047-676b-4d50-9684-e8707ca80941,2.0,,,,,,,,,,,,,,,,,,,,,,,,,,,,,,,,,,,"(-17.1, 0.3, -0.2)","(-17.0, 1.0, 0.0)","(-17.1, 0.5, 0.5)",
VOICE_CAPTURE,324745,6/27/2026 10:18:08 AM,90eec047-676b-4d50-9684-e8707ca80941,2.0,,,,,,,,,,,,,,,,,,,,,,,,,,,,,,,,,,,,,,,,,,,,,,,,,,,NA,Perfect.,
PLAYER_POSITIONS,325210,6/27/2026 10:18:09 AM,90eec047-676b-4d50-9684-e8707ca80941,2.0,,,,,,,,,,,,,,,,,,,,,,,,,,,,,,,,,,,"(-17.1, 0.3, -0.2)","(-17.1, 0.9, 0.0)","(-17.3, 0.4, 0.1)",
PLAYER_POSITIONS,325210,6/27/2026 10:18:09 AM,90eec047-676b-4d50-9684-e8707ca80941,2.0,,,,,,,,,,,,,,,,,,,,,,,,,,,,,,,,,,,"(-17.1, 0.3, -0.2)","(-17.1, 0.9, 0.0)","(-17.3, 0.4, 0.1)",
VOICE_CAPTURE,325244,6/27/2026 10:18:09 AM,90eec047-676b-4d50-9684-e8707ca80941,2.0,,,,,,,,,,,,,,,,,,,,,,,,,,,,,,,,,,,,,,,,,,,,,,,,,,,NA,Perfect.,
TOOL_HOVER,325264,6/27/2026 10:18:09 AM,90eec047-676b-4d50-9684-e8707ca80941,2.0,,,,,,,,,,,,,,,,,,,,,,,,,,,,,,,,,,,,,,,,,,,,,,995,,Tourniquet,
TOOL_SELECTED,325442,6/27/2026 10:18:09 AM,90eec047-676b-4d50-9684-e8707ca80941,2.0,,,,,,,,,,,,,,,,,,,,,,,,,,,,,,,,,,,,,,,,,,,,,,994,,Tourniquet,
PLAYER_POSITIONS,325722,6/27/2026 10:18:09 AM,90eec047-676b-4d50-9684-e8707ca80941,2.0,,,,,,,,,,,,,,,,,,,,,,,,,,,,,,,,,,,"(-17.1, 0.3, -0.3)","(-17.2, 0.9, -0.1)","(-17.3, 0.4, -0.2)",
PLAYER_GAZE,325722,6/27/2026 10:18:09 AM,90eec047-676b-4d50-9684-e8707ca80941,2.0,,,,,,,,,,,,,,,,,,,,,,,,Civilian PT 7,,,,,,,,,"(0.3, 0.9, 0.0)",,,"(-17.6, 0.0, -0.1)",
PLAYER_POSITIONS,325722,6/27/2026 10:18:09 AM,90eec047-676b-4d50-9684-e8707ca80941,2.0,,,,,,,,,,,,,,,,,,,,,,,,,,,,,,,,,,,"(-17.1, 0.3, -0.3)","(-17.2, 0.9, -0.1)","(-17.3, 0.4, -0.2)",
PLAYER_GAZE,325722,6/27/2026 10:18:09 AM,90eec047-676b-4d50-9684-e8707ca80941,2.0,,,,,,,,,,,,,,,,,,,,,,,,Civilian PT 7,,,,,,,,,"(0.3, 0.9, 0.0)",,,"(-17.6, 0.0, -0.1)",
VOICE_CAPTURE,325722,6/27/2026 10:18:09 AM,90eec047-676b-4d50-9684-e8707ca80941,2.0,,,,,,,,,,,,,,,,,,,,,,,,,,,,,,,,,,,,,,,,,,,,,,,,,,,NA,Perfect. Okay.,
AUDIO_END,326010,6/27/2026 10:18:10 AM,90eec047-676b-4d50-9684-e8707ca80941,2.0,breach and clear,2.66449,
NARRATIVE_SECTION_END,326010,6/27/2026 10:18:10 AM,90eec047-676b-4d50-9684-e8707ca80941,2.0,,,,,,,,,,,,,,,,,,Breach and clear,35,
NARRATIVE_SECTION_START,326050,6/27/2026 10:18:10 AM,90eec047-676b-4d50-9684-e8707ca80941,2.0,,,,,,,,,,,,,,,,,,Delta 2 needs casevac,36,
TOOL_DISCARDED,326095,6/27/2026 10:18:10 AM,90eec047-676b-4d50-9684-e8707ca80941,2.0,,,,,,,,,,,,,,,,,,,,,,,,Civilian PT 7,,,,,,,,,,,,"(0.0, 0.0, 0.0)",,,,,,,,,,994,,Tourniquet,
PLAYER_POSITIONS,326243,6/27/2026 10:18:10 AM,90eec047-676b-4d50-9684-e8707ca80941,2.0,,,,,,,,,,,,,,,,,,,,,,,,,,,,,,,,,,,"(-17.1, 0.3, -0.3)","(-17.2, 0.9, -0.2)","(-17.4, 0.3, -0.3)",
PLAYER_GAZE,326243,6/27/2026 10:18:10 AM,90eec047-676b-4d50-9684-e8707ca80941,2.0,,,,,,,,,,,,,,,,,,,,,,,,Civilian PT 7,,,,,,,,,"(0.3, 0.9, -0.1)",,,"(-17.6, 0.0, -0.1)",
PLAYER_POSITIONS,326243,6/27/2026 10:18:10 AM,90eec047-676b-4d50-9684-e8707ca80941,2.0,,,,,,,,,,,,,,,,,,,,,,,,,,,,,,,,,,,"(-17.1, 0.3, -0.3)","(-17.2, 0.9, -0.2)","(-17.4, 0.3, -0.3)",
PLAYER_GAZE,326243,6/27/2026 10:18:10 AM,90eec047-676b-4d50-9684-e8707ca80941,2.0,,,,,,,,,,,,,,,,,,,,,,,,Civilian PT 7,,,,,,,,,"(0.3, 0.9, -0.1)",,,"(-17.6, 0.0, -0.1)",
VOICE_CAPTURE,326279,6/27/2026 10:18:10 AM,90eec047-676b-4d50-9684-e8707ca80941,2.0,,,,,,,,,,,,,,,,,,,,,,,,,,,,,,,,,,,,,,,,,,,,,,,,,,,NA,Perfect. Okay.,
VOICE_CAPTURE,326279,6/27/2026 10:18:10 AM,90eec047-676b-4d50-9684-e8707ca80941,2.0,,,,,,,,,,,,,,,,,,,,,,,,,,,,,,,,,,,,,,,,,,,,,,,,,,,NA,Perfect. Okay.,
PLAYER_POSITIONS,326752,6/27/2026 10:18:10 AM,90eec047-676b-4d50-9684-e8707ca80941,2.0,,,,,,,,,,,,,,,,,,,,,,,,,,,,,,,,,,,"(-17.1, 0.3, -0.3)","(-17.2, 0.9, -0.1)","(-17.4, 0.4, -0.2)",
PLAYER_POSITIONS,326752,6/27/2026 10:18:10 AM,90eec047-676b-4d50-9684-e8707ca80941,2.0,,,,,,,,,,,,,,,,,,,,,,,,,,,,,,,,,,,"(-17.1, 0.3, -0.3)","(-17.2, 0.9, -0.1)","(-17.4, 0.4, -0.2)",
TOOL_HOVER,326871,6/27/2026 10:18:10 AM,90eec047-676b-4d50-9684-e8707ca80941,2.0,,,,,,,,,,,,,,,,,,,,,,,,,,,,,,,,,,,,,,,,,,,,,,999,,SAM Splint,
TOOL_HOVER,326983,6/27/2026 10:18:11 AM,90eec047-676b-4d50-9684-e8707ca80941,2.0,,,,,,,,,,,,,,,,,,,,,,,,,,,,,,,,,,,,,,,,,,,,,,995,,Tourniquet,
TOOL_SELECTED,327028,6/27/2026 10:18:11 AM,90eec047-676b-4d50-9684-e8707ca80941,2.0,,,,,,,,,,,,,,,,,,,,,,,,,,,,,,,,,,,,,,,,,,,,,,994,,Tourniquet,
PLAYER_POSITIONS,327274,6/27/2026 10:18:11 AM,90eec047-676b-4d50-9684-e8707ca80941,2.0,,,,,,,,,,,,,,,,,,,,,,,,,,,,,,,,,,,"(-17.1, 0.3, -0.3)","(-17.2, 0.9, -0.2)","(-17.4, 0.3, -0.1)",
PLAYER_GAZE,327274,6/27/2026 10:18:11 AM,90eec047-676b-4d50-9684-e8707ca80941,2.0,,,,,,,,,,,,,,,,,,,,,,,,Civilian PT 7,,,,,,,,,"(0.4, 0.9, -0.1)",,,"(-17.6, 0.0, -0.1)",
PLAYER_POSITIONS,327274,6/27/2026 10:18:11 AM,90eec047-676b-4d50-9684-e8707ca80941,2.0,,,,,,,,,,,,,,,,,,,,,,,,,,,,,,,,,,,"(-17.1, 0.3, -0.3)","(-17.2, 0.9, -0.2)","(-17.4, 0.3, -0.1)",
PLAYER_GAZE,327274,6/27/2026 10:18:11 AM,90eec047-676b-4d50-9684-e8707ca80941,2.0,,,,,,,,,,,,,,,,,,,,,,,,Civilian PT 7,,,,,,,,,"(0.4, 0.9, -0.1)",,,"(-17.6, 0.0, -0.1)",
PLAYER_POSITIONS,327796,6/27/2026 10:18:11 AM,90eec047-676b-4d50-9684-e8707ca80941,2.0,,,,,,,,,,,,,,,,,,,,,,,,,,,,,,,,,,,"(-17.1, 0.3, -0.3)","(-17.4, 0.9, -0.2)","(-17.4, 0.3, -0.2)",
PLAYER_GAZE,327796,6/27/2026 10:18:11 AM,90eec047-676b-4d50-9684-e8707ca80941,2.0,,,,,,,,,,,,,,,,,,,,,,,,Civilian PT 7,,,,,,,,,"(0.2, 0.9, -0.1)",,,"(-17.6, 0.0, -0.1)",
PLAYER_POSITIONS,327796,6/27/2026 10:18:11 AM,90eec047-676b-4d50-9684-e8707ca80941,2.0,,,,,,,,,,,,,,,,,,,,,,,,,,,,,,,,,,,"(-17.1, 0.3, -0.3)","(-17.4, 0.9, -0.2)","(-17.4, 0.3, -0.2)",
PLAYER_GAZE,327796,6/27/2026 10:18:11 AM,90eec047-676b-4d50-9684-e8707ca80941,2.0,,,,,,,,,,,,,,,,,,,,,,,,Civilian PT 7,,,,,,,,,"(0.2, 0.9, -0.1)",,,"(-17.6, 0.0, -0.1)",
PLAYER_POSITIONS,328319,6/27/2026 10:18:12 AM,90eec047-676b-4d50-9684-e8707ca80941,2.0,,,,,,,,,,,,,,,,,,,,,,,,,,,,,,,,,,,"(-17.2, 0.3, -0.3)","(-17.5, 0.8, -0.1)","(-17.4, 0.2, -0.2)",
PLAYER_GAZE,328319,6/27/2026 10:18:12 AM,90eec047-676b-4d50-9684-e8707ca80941,2.0,,,,,,,,,,,,,,,,,,,,,,,,Civilian PT 7,,,,,,,,,"(0.1, 0.8, 0.0)",,,"(-17.6, 0.0, -0.1)",
PLAYER_POSITIONS,328319,6/27/2026 10:18:12 AM,90eec047-676b-4d50-9684-e8707ca80941,2.0,,,,,,,,,,,,,,,,,,,,,,,,,,,,,,,,,,,"(-17.2, 0.3, -0.3)","(-17.5, 0.8, -0.1)","(-17.4, 0.2, -0.2)",
PLAYER_GAZE,328319,6/27/2026 10:18:12 AM,90eec047-676b-4d50-9684-e8707ca80941,2.0,,,,,,,,,,,,,,,,,,,,,,,,Civilian PT 7,,,,,,,,,"(0.1, 0.8, 0.0)",,,"(-17.6, 0.0, -0.1)",
TOOL_APPLIED,328736,6/27/2026 10:18:12 AM,90eec047-676b-4d50-9684-e8707ca80941,2.0,,,,,,,,,,,,,,,,,,,,,,,,Civilian PT 7,,,,,,,,,,,,,,,,,,,,AppliedTourniquet,LeftLeg (UnityEngine.GameObject),,Tourniquet(Clone) (UnityEngine.GameObject),Tourniquet,
PLAYER_POSITIONS,328815,6/27/2026 10:18:12 AM,90eec047-676b-4d50-9684-e8707ca80941,2.0,,,,,,,,,,,,,,,,,,,,,,,,,,,,,,,,,,,"(-17.2, 0.3, -0.3)","(-17.5, 0.8, -0.1)","(-17.4, 0.2, -0.2)",
PLAYER_GAZE,328815,6/27/2026 10:18:12 AM,90eec047-676b-4d50-9684-e8707ca80941,2.0,,,,,,,,,,,,,,,,,,,,,,,,Civilian PT 7,,,,,,,,,"(0.1, 0.8, 0.0)",,,"(-17.6, 0.0, -0.1)",
PLAYER_POSITIONS,328815,6/27/2026 10:18:12 AM,90eec047-676b-4d50-9684-e8707ca80941,2.0,,,,,,,,,,,,,,,,,,,,,,,,,,,,,,,,,,,"(-17.2, 0.3, -0.3)","(-17.5, 0.8, -0.1)","(-17.4, 0.2, -0.2)",
PLAYER_GAZE,328815,6/27/2026 10:18:12 AM,90eec047-676b-4d50-9684-e8707ca80941,2.0,,,,,,,,,,,,,,,,,,,,,,,,Civilian PT 7,,,,,,,,,"(0.1, 0.8, 0.0)",,,"(-17.6, 0.0, -0.1)",
TOOL_HOVER,329269,6/27/2026 10:18:13 AM,90eec047-676b-4d50-9684-e8707ca80941,2.0,,,,,,,,,,,,,,,,,,,,,,,,,,,,,,,,,,,,,,,,,,,,,,994,,Tourniquet,
PLAYER_POSITIONS,329338,6/27/2026 10:18:13 AM,90eec047-676b-4d50-9684-e8707ca80941,2.0,,,,,,,,,,,,,,,,,,,,,,,,,,,,,,,,,,,"(-17.2, 0.3, -0.3)","(-17.3, 0.9, 0.0)","(-17.3, 0.4, 0.1)",
PLAYER_POSITIONS,329338,6/27/2026 10:18:13 AM,90eec047-676b-4d50-9684-e8707ca80941,2.0,,,,,,,,,,,,,,,,,,,,,,,,,,,,,,,,,,,"(-17.2, 0.3, -0.3)","(-17.3, 0.9, 0.0)","(-17.3, 0.4, 0.1)",
PLAYER_POSITIONS,329860,6/27/2026 10:18:13 AM,90eec047-676b-4d50-9684-e8707ca80941,2.0,,,,,,,,,,,,,,,,,,,,,,,,,,,,,,,,,,,"(-17.1, 0.3, -0.3)","(-17.1, 1.0, 0.0)","(-17.3, 0.4, 0.1)",
PLAYER_POSITIONS,329860,6/27/2026 10:18:13 AM,90eec047-676b-4d50-9684-e8707ca80941,2.0,,,,,,,,,,,,,,,,,,,,,,,,,,,,,,,,,,,"(-17.1, 0.3, -0.3)","(-17.1, 1.0, 0.0)","(-17.3, 0.4, 0.1)",
AUDIO_START,330059,6/27/2026 10:18:14 AM,90eec047-676b-4d50-9684-e8707ca80941,2.0,delta 2 needs casevac,4.571429,
TOOL_HOVER,330075,6/27/2026 10:18:14 AM,90eec047-676b-4d50-9684-e8707ca80941,2.0,,,,,,,,,,,,,,,,,,,,,,,,,,,,,,,,,,,,,,,,,,,,,,999,,Burn Dressing,
TOOL_SELECTED,330309,6/27/2026 10:18:14 AM,90eec047-676b-4d50-9684-e8707ca80941,2.0,,,,,,,,,,,,,,,,,,,,,,,,,,,,,,,,,,,,,,,,,,,,,,998,,Burn Dressing,
PLAYER_POSITIONS,330377,6/27/2026 10:18:14 AM,90eec047-676b-4d50-9684-e8707ca80941,2.0,,,,,,,,,,,,,,,,,,,,,,,,,,,,,,,,,,,"(-17.1, 0.3, -0.3)","(-17.2, 0.9, 0.0)","(-17.5, 0.5, 0.4)",
PLAYER_POSITIONS,330377,6/27/2026 10:18:14 AM,90eec047-676b-4d50-9684-e8707ca80941,2.0,,,,,,,,,,,,,,,,,,,,,,,,,,,,,,,,,,,"(-17.1, 0.3, -0.3)","(-17.2, 0.9, 0.0)","(-17.5, 0.5, 0.4)",
PLAYER_POSITIONS,330899,6/27/2026 10:18:14 AM,90eec047-676b-4d50-9684-e8707ca80941,2.0,,,,,,,,,,,,,,,,,,,,,,,,,,,,,,,,,,,"(-17.1, 0.3, -0.3)","(-17.3, 0.8, 0.0)","(-17.5, 0.1, 0.0)",
PLAYER_POSITIONS,330899,6/27/2026 10:18:14 AM,90eec047-676b-4d50-9684-e8707ca80941,2.0,,,,,,,,,,,,,,,,,,,,,,,,,,,,,,,,,,,"(-17.1, 0.3, -0.3)","(-17.3, 0.8, 0.0)","(-17.5, 0.1, 0.0)",
INJURY_TREATED,331267,6/27/2026 10:18:15 AM,90eec047-676b-4d50-9684-e8707ca80941,2.0,,,,,,,,,leftCalf,L Lower Leg Burn,"(-17.5, 0.2, -0.1)",burnDressing,1,1,high,True,True,,,,,,,Civilian PT 7,
TOOL_APPLIED,331267,6/27/2026 10:18:15 AM,90eec047-676b-4d50-9684-e8707ca80941,2.0,,,,,,,,,,,,,,,,,,,,,,,,Civilian PT 7,,,,,,,,,,,,,,,,,,,,AppliedBurnDressing,skinCollider_BodyGar_LOD (UnityEngine.GameObject),,Burn Dressing(Clone) (UnityEngine.GameObject),Burn Dressing,
PLAYER_POSITIONS,331422,6/27/2026 10:18:15 AM,90eec047-676b-4d50-9684-e8707ca80941,2.0,,,,,,,,,,,,,,,,,,,,,,,,,,,,,,,,,,,"(-17.1, 0.3, -0.3)","(-17.4, 0.8, -0.1)","(-17.5, 0.1, 0.0)",
PLAYER_POSITIONS,331422,6/27/2026 10:18:15 AM,90eec047-676b-4d50-9684-e8707ca80941,2.0,,,,,,,,,,,,,,,,,,,,,,,,,,,,,,,,,,,"(-17.1, 0.3, -0.3)","(-17.4, 0.8, -0.1)","(-17.5, 0.1, 0.0)",
PLAYER_POSITIONS,331923,6/27/2026 10:18:16 AM,90eec047-676b-4d50-9684-e8707ca80941,2.0,,,,,,,,,,,,,,,,,,,,,,,,,,,,,,,,,,,"(-17.1, 0.3, -0.3)","(-17.3, 0.9, 0.0)","(-17.3, 0.4, 0.0)",
PLAYER_POSITIONS,331923,6/27/2026 10:18:16 AM,90eec047-676b-4d50-9684-e8707ca80941,2.0,,,,,,,,,,,,,,,,,,,,,,,,,,,,,,,,,,,"(-17.1, 0.3, -0.3)","(-17.3, 0.9, 0.0)","(-17.3, 0.4, 0.0)",
TOOL_HOVER,331964,6/27/2026 10:18:16 AM,90eec047-676b-4d50-9684-e8707ca80941,2.0,,,,,,,,,,,,,,,,,,,,,,,,,,,,,,,,,,,,,,,,,,,,,,994,,Tourniquet,
TOOL_HOVER,332265,6/27/2026 10:18:16 AM,90eec047-676b-4d50-9684-e8707ca80941,2.0,,,,,,,,,,,,,,,,,,,,,,,,,,,,,,,,,,,,,,,,,,,,,,998,,Burn Dressing,
TOOL_HOVER,332375,6/27/2026 10:18:16 AM,90eec047-676b-4d50-9684-e8707ca80941,2.0,,,,,,,,,,,,,,,,,,,,,,,,,,,,,,,,,,,,,,,,,,,,,,999,,Blanket,
TOOL_SELECTED,332376,6/27/2026 10:18:16 AM,90eec047-676b-4d50-9684-e8707ca80941,2.0,,,,,,,,,,,,,,,,,,,,,,,,,,,,,,,,,,,,,,,,,,,,,,998,,Blanket,
PLAYER_POSITIONS,332445,6/27/2026 10:18:16 AM,90eec047-676b-4d50-9684-e8707ca80941,2.0,,,,,,,,,,,,,,,,,,,,,,,,,,,,,,,,,,,"(-17.1, 0.3, -0.3)","(-17.2, 0.9, 0.0)","(-17.4, 0.4, 0.5)",
PLAYER_POSITIONS,332445,6/27/2026 10:18:16 AM,90eec047-676b-4d50-9684-e8707ca80941,2.0,,,,,,,,,,,,,,,,,,,,,,,,,,,,,,,,,,,"(-17.1, 0.3, -0.3)","(-17.2, 0.9, 0.0)","(-17.4, 0.4, 0.5)",
PLAYER_POSITIONS,332945,6/27/2026 10:18:17 AM,90eec047-676b-4d50-9684-e8707ca80941,2.0,,,,,,,,,,,,,,,,,,,,,,,,,,,,,,,,,,,"(-17.1, 0.3, -0.3)","(-17.2, 0.9, -0.1)","(-17.2, 0.2, -0.1)",
PLAYER_POSITIONS,332945,6/27/2026 10:18:17 AM,90eec047-676b-4d50-9684-e8707ca80941,2.0,,,,,,,,,,,,,,,,,,,,,,,,,,,,,,,,,,,"(-17.1, 0.3, -0.3)","(-17.2, 0.9, -0.1)","(-17.2, 0.2, -0.1)",
INJURY_TREATED,333292,6/27/2026 10:18:17 AM,90eec047-676b-4d50-9684-e8707ca80941,2.0,,,,,,,,,fullBody,Unspecified,"(0.0, 0.0, 0.0)",none,1,1,none,True,False,,,,,,,Civilian PT 7,
TOOL_APPLIED,333292,6/27/2026 10:18:17 AM,90eec047-676b-4d50-9684-e8707ca80941,2.0,,,,,,,,,,,,,,,,,,,,,,,,Civilian PT 7,,,,,,,,,,,,,,,,,,,,AppliedBlanket,Civilian PT 7 (UnityEngine.GameObject),,Blanket(Clone) (UnityEngine.GameObject),Blanket,
BAG_CLOSED,333430,6/27/2026 10:18:17 AM,90eec047-676b-4d50-9684-e8707ca80941,2.0,,,,,,,,,,,,,,,,,,,,,,,,,,,,,,,,,,,,"(0.0, 0.0, 0.0)",
PLAYER_POSITIONS,333456,6/27/2026 10:18:17 AM,90eec047-676b-4d50-9684-e8707ca80941,2.0,,,,,,,,,,,,,,,,,,,,,,,,,,,,,,,,,,,"(-17.1, 0.3, -0.3)","(-17.3, 0.9, -0.2)","(-17.2, 0.1, -0.1)",
PLAYER_GAZE,333456,6/27/2026 10:18:17 AM,90eec047-676b-4d50-9684-e8707ca80941,2.0,,,,,,,,,,,,,,,,,,,,,,,,Civilian PT 7,,,,,,,,,"(0.3, 0.9, -0.1)",,,"(-17.6, 0.0, -0.1)",
PLAYER_POSITIONS,333456,6/27/2026 10:18:17 AM,90eec047-676b-4d50-9684-e8707ca80941,2.0,,,,,,,,,,,,,,,,,,,,,,,,,,,,,,,,,,,"(-17.1, 0.3, -0.3)","(-17.3, 0.9, -0.2)","(-17.2, 0.1, -0.1)",
PLAYER_GAZE,333456,6/27/2026 10:18:17 AM,90eec047-676b-4d50-9684-e8707ca80941,2.0,,,,,,,,,,,,,,,,,,,,,,,,Civilian PT 7,,,,,,,,,"(0.3, 0.9, -0.1)",,,"(-17.6, 0.0, -0.1)",
PLAYER_POSITIONS,333956,6/27/2026 10:18:18 AM,90eec047-676b-4d50-9684-e8707ca80941,2.0,,,,,,,,,,,,,,,,,,,,,,,,,,,,,,,,,,,"(-17.1, 0.3, -0.3)","(-17.2, 1.0, -0.2)","(-17.2, 0.2, -0.1)",
PLAYER_GAZE,333956,6/27/2026 10:18:18 AM,90eec047-676b-4d50-9684-e8707ca80941,2.0,,,,,,,,,,,,,,,,,,,,,,,,Civilian PT 7,,,,,,,,,"(0.4, 1.0, -0.1)",,,"(-17.6, 0.0, -0.1)",
PLAYER_POSITIONS,333956,6/27/2026 10:18:18 AM,90eec047-676b-4d50-9684-e8707ca80941,2.0,,,,,,,,,,,,,,,,,,,,,,,,,,,,,,,,,,,"(-17.1, 0.3, -0.3)","(-17.2, 1.0, -0.2)","(-17.2, 0.2, -0.1)",
PLAYER_GAZE,333956,6/27/2026 10:18:18 AM,90eec047-676b-4d50-9684-e8707ca80941,2.0,,,,,,,,,,,,,,,,,,,,,,,,Civilian PT 7,,,,,,,,,"(0.4, 1.0, -0.1)",,,"(-17.6, 0.0, -0.1)",
PLAYER_POSITIONS,334457,6/27/2026 10:18:18 AM,90eec047-676b-4d50-9684-e8707ca80941,2.0,,,,,,,,,,,,,,,,,,,,,,,,,,,,,,,,,,,"(-17.1, 0.3, -0.4)","(-17.0, 1.1, -0.3)","(-17.2, 0.3, -0.1)",
PLAYER_POSITIONS,334457,6/27/2026 10:18:18 AM,90eec047-676b-4d50-9684-e8707ca80941,2.0,,,,,,,,,,,,,,,,,,,,,,,,,,,,,,,,,,,"(-17.1, 0.3, -0.4)","(-17.0, 1.1, -0.3)","(-17.2, 0.3, -0.1)",
AUDIO_END,334637,6/27/2026 10:18:18 AM,90eec047-676b-4d50-9684-e8707ca80941,2.0,delta 2 needs casevac,4.571429,
NARRATIVE_SECTION_END,334637,6/27/2026 10:18:18 AM,90eec047-676b-4d50-9684-e8707ca80941,2.0,,,,,,,,,,,,,,,,,,Delta 2 needs casevac,36,
NARRATIVE_SECTION_START,334652,6/27/2026 10:18:18 AM,90eec047-676b-4d50-9684-e8707ca80941,2.0,,,,,,,,,,,,,,,,,,Copy Delta casevac 12 mikes,37,
VOICE_CAPTURE,334802,6/27/2026 10:18:18 AM,90eec047-676b-4d50-9684-e8707ca80941,2.0,,,,,,,,,,,,,,,,,,,,,,,,,,,,,,,,,,,,,,,,,,,,,,,,,,,NA,"No, one...",
PLAYER_POSITIONS,334967,6/27/2026 10:18:19 AM,90eec047-676b-4d50-9684-e8707ca80941,2.0,,,,,,,,,,,,,,,,,,,,,,,,,,,,,,,,,,,"(-17.1, 0.3, -0.3)","(-17.0, 1.1, -0.1)","(-17.2, 0.6, 0.1)",
PLAYER_POSITIONS,334967,6/27/2026 10:18:19 AM,90eec047-676b-4d50-9684-e8707ca80941,2.0,,,,,,,,,,,,,,,,,,,,,,,,,,,,,,,,,,,"(-17.1, 0.3, -0.3)","(-17.0, 1.1, -0.1)","(-17.2, 0.6, 0.1)",
VOICE_CAPTURE,335267,6/27/2026 10:18:19 AM,90eec047-676b-4d50-9684-e8707ca80941,2.0,,,,,,,,,,,,,,,,,,,,,,,,,,,,,,,,,,,,,,,,,,,,,,,,,,,NA,"No, what the fuck.",
PLAYER_POSITIONS,335487,6/27/2026 10:18:19 AM,90eec047-676b-4d50-9684-e8707ca80941,2.0,,,,,,,,,,,,,,,,,,,,,,,,,,,,,,,,,,,"(-17.2, 0.3, -0.3)","(-17.0, 1.1, 0.0)","(-17.2, 0.5, 0.4)",
PLAYER_POSITIONS,335487,6/27/2026 10:18:19 AM,90eec047-676b-4d50-9684-e8707ca80941,2.0,,,,,,,,,,,,,,,,,,,,,,,,,,,,,,,,,,,"(-17.2, 0.3, -0.3)","(-17.0, 1.1, 0.0)","(-17.2, 0.5, 0.4)",
AUDIO_START,335649,6/27/2026 10:18:19 AM,90eec047-676b-4d50-9684-e8707ca80941,2.0,copy delta casevac 12 mikes,4.571429,
VOICE_CAPTURE,335743,6/27/2026 10:18:19 AM,90eec047-676b-4d50-9684-e8707ca80941,2.0,,,,,,,,,,,,,,,,,,,,,,,,,,,,,,,,,,,,,,,,,,,,,,,,,,,NA,"No, what the fuck. No, what the fuck.",
PLAYER_POSITIONS,335989,6/27/2026 10:18:20 AM,90eec047-676b-4d50-9684-e8707ca80941,2.0,,,,,,,,,,,,,,,,,,,,,,,,,,,,,,,,,,,"(-17.1, 0.3, -0.3)","(-17.1, 1.0, -0.1)","(-17.3, 0.4, 0.4)",
PLAYER_GAZE,335989,6/27/2026 10:18:20 AM,90eec047-676b-4d50-9684-e8707ca80941,2.0,,,,,,,,,,,,,,,,,,,,,,,,Civilian PT 7,,,,,,,,,"(0.5, 1.0, 0.0)",,,"(-17.6, 0.0, -0.1)",
PLAYER_POSITIONS,335989,6/27/2026 10:18:20 AM,90eec047-676b-4d50-9684-e8707ca80941,2.0,,,,,,,,,,,,,,,,,,,,,,,,,,,,,,,,,,,"(-17.1, 0.3, -0.3)","(-17.1, 1.0, -0.1)","(-17.3, 0.4, 0.4)",
PLAYER_GAZE,335989,6/27/2026 10:18:20 AM,90eec047-676b-4d50-9684-e8707ca80941,2.0,,,,,,,,,,,,,,,,,,,,,,,,Civilian PT 7,,,,,,,,,"(0.5, 1.0, 0.0)",,,"(-17.6, 0.0, -0.1)",
BAG_CLOSED,336008,6/27/2026 10:18:20 AM,90eec047-676b-4d50-9684-e8707ca80941,2.0,,,,,,,,,,,,,,,,,,,,,,,,,,,,,,,,,,,,"(0.0, 0.0, 0.0)",
VOICE_CAPTURE,336267,6/27/2026 10:18:20 AM,90eec047-676b-4d50-9684-e8707ca80941,2.0,,,,,,,,,,,,,,,,,,,,,,,,,,,,,,,,,,,,,,,,,,,,,,,,,,,NA,"No, what the fuck. No, what the fuck?",
PLAYER_POSITIONS,336500,6/27/2026 10:18:20 AM,90eec047-676b-4d50-9684-e8707ca80941,2.0,,,,,,,,,,,,,,,,,,,,,,,,,,,,,,,,,,,"(-17.3, 0.3, -0.3)","(-17.1, 1.1, 0.0)","(-17.2, 0.4, 0.1)",
PLAYER_POSITIONS,336500,6/27/2026 10:18:20 AM,90eec047-676b-4d50-9684-e8707ca80941,2.0,,,,,,,,,,,,,,,,,,,,,,,,,,,,,,,,,,,"(-17.3, 0.3, -0.3)","(-17.1, 1.1, 0.0)","(-17.2, 0.4, 0.1)",
VOICE_CAPTURE,336722,6/27/2026 10:18:20 AM,90eec047-676b-4d50-9684-e8707ca80941,2.0,,,,,,,,,,,,,,,,,,,,,,,,,,,,,,,,,,,,,,,,,,,,,,,,,,,NA,"No, what the fuck. No, what the fuck?",
VOICE_CAPTURE,336722,6/27/2026 10:18:20 AM,90eec047-676b-4d50-9684-e8707ca80941,2.0,,,,,,,,,,,,,,,,,,,,,,,,,,,,,,,,,,,,,,,,,,,,,,,,,,,NA,"No, what the fuck. No, what the fuck?",
PLAYER_POSITIONS,337010,6/27/2026 10:18:21 AM,90eec047-676b-4d50-9684-e8707ca80941,2.0,,,,,,,,,,,,,,,,,,,,,,,,,,,,,,,,,,,"(-17.2, 0.3, -0.3)","(-17.1, 1.1, 0.0)","(-17.1, 0.7, 0.3)",
PLAYER_POSITIONS,337010,6/27/2026 10:18:21 AM,90eec047-676b-4d50-9684-e8707ca80941,2.0,,,,,,,,,,,,,,,,,,,,,,,,,,,,,,,,,,,"(-17.2, 0.3, -0.3)","(-17.1, 1.1, 0.0)","(-17.1, 0.7, 0.3)",
VOICE_CAPTURE,337302,6/27/2026 10:18:21 AM,90eec047-676b-4d50-9684-e8707ca80941,2.0,,,,,,,,,,,,,,,,,,,,,,,,,,,,,,,,,,,,,,,,,,,,,,,,,,,NA,"Oh, I had a sh-",
PLAYER_POSITIONS,337525,6/27/2026 10:18:21 AM,90eec047-676b-4d50-9684-e8707ca80941,2.0,,,,,,,,,,,,,,,,,,,,,,,,,,,,,,,,,,,"(-17.2, 0.3, -0.3)","(-17.1, 1.1, 0.1)","(-17.4, 0.4, 0.5)",
PLAYER_POSITIONS,337525,6/27/2026 10:18:21 AM,90eec047-676b-4d50-9684-e8707ca80941,2.0,,,,,,,,,,,,,,,,,,,,,,,,,,,,,,,,,,,"(-17.2, 0.3, -0.3)","(-17.1, 1.1, 0.1)","(-17.4, 0.4, 0.5)",
VOICE_CAPTURE,337835,6/27/2026 10:18:21 AM,90eec047-676b-4d50-9684-e8707ca80941,2.0,,,,,,,,,,,,,,,,,,,,,,,,,,,,,,,,,,,,,,,,,,,,,,,,,,,NA,"Oh, I had a sh- blanket this whole time.",
PLAYER_POSITIONS,338044,6/27/2026 10:18:22 AM,90eec047-676b-4d50-9684-e8707ca80941,2.0,,,,,,,,,,,,,,,,,,,,,,,,,,,,,,,,,,,"(-17.2, 0.3, -0.3)","(-17.1, 1.1, 0.0)","(-17.3, 0.4, 0.3)",
PLAYER_POSITIONS,338044,6/27/2026 10:18:22 AM,90eec047-676b-4d50-9684-e8707ca80941,2.0,,,,,,,,,,,,,,,,,,,,,,,,,,,,,,,,,,,"(-17.2, 0.3, -0.3)","(-17.1, 1.1, 0.0)","(-17.3, 0.4, 0.3)",
TAG_SELECTED,338186,6/27/2026 10:18:22 AM,90eec047-676b-4d50-9684-e8707ca80941,2.0,,,,,,,,,,,,,,,,,,,,,,,,,,,,,,,,,,,,,,,,,,green,
VOICE_CAPTURE,338255,6/27/2026 10:18:22 AM,90eec047-676b-4d50-9684-e8707ca80941,2.0,,,,,,,,,,,,,,,,,,,,,,,,,,,,,,,,,,,,,,,,,,,,,,,,,,,NA,"Oh, I had a sh- blanket this whole time. I have a blanket this whole time.",
PLAYER_POSITIONS,338566,6/27/2026 10:18:22 AM,90eec047-676b-4d50-9684-e8707ca80941,2.0,,,,,,,,,,,,,,,,,,,,,,,,,,,,,,,,,,,"(-17.2, 0.3, -0.3)","(-17.3, 1.0, 0.0)","(-17.7, 0.4, 0.2)",
PLAYER_POSITIONS,338566,6/27/2026 10:18:22 AM,90eec047-676b-4d50-9684-e8707ca80941,2.0,,,,,,,,,,,,,,,,,,,,,,,,,,,,,,,,,,,"(-17.2, 0.3, -0.3)","(-17.3, 1.0, 0.0)","(-17.7, 0.4, 0.2)",
TAG_DISCARDED,338608,6/27/2026 10:18:22 AM,90eec047-676b-4d50-9684-e8707ca80941,2.0,,,,,,,,,,,,,,,,,,,,,,,,,,,,,,,,,,,,"(-17.6, 0.4, 0.2)",,,,,,green,
VOICE_CAPTURE,338756,6/27/2026 10:18:22 AM,90eec047-676b-4d50-9684-e8707ca80941,2.0,,,,,,,,,,,,,,,,,,,,,,,,,,,,,,,,,,,,,,,,,,,,,,,,,,,NA,"Oh, I had a sh- blanket this whole time. I have a blanket this whole time.",
VOICE_CAPTURE,338756,6/27/2026 10:18:22 AM,90eec047-676b-4d50-9684-e8707ca80941,2.0,,,,,,,,,,,,,,,,,,,,,,,,,,,,,,,,,,,,,,,,,,,,,,,,,,,NA,"Oh, I had a sh- blanket this whole time. I have a blanket this whole time.",
PLAYER_POSITIONS,339066,6/27/2026 10:18:23 AM,90eec047-676b-4d50-9684-e8707ca80941,2.0,,,,,,,,,,,,,,,,,,,,,,,,,,,,,,,,,,,"(-17.4, 0.3, -0.3)","(-17.4, 1.1, 0.0)","(-17.5, 0.4, 0.5)",
PLAYER_POSITIONS,339066,6/27/2026 10:18:23 AM,90eec047-676b-4d50-9684-e8707ca80941,2.0,,,,,,,,,,,,,,,,,,,,,,,,,,,,,,,,,,,"(-17.4, 0.3, -0.3)","(-17.4, 1.1, 0.0)","(-17.5, 0.4, 0.5)",
PLAYER_POSITIONS,339577,6/27/2026 10:18:23 AM,90eec047-676b-4d50-9684-e8707ca80941,2.0,,,,,,,,,,,,,,,,,,,,,,,,,,,,,,,,,,,"(-17.4, 0.4, -0.3)","(-17.5, 1.1, -0.1)","(-17.8, 0.4, 0.2)",
PLAYER_POSITIONS,339577,6/27/2026 10:18:23 AM,90eec047-676b-4d50-9684-e8707ca80941,2.0,,,,,,,,,,,,,,,,,,,,,,,,,,,,,,,,,,,"(-17.4, 0.4, -0.3)","(-17.5, 1.1, -0.1)","(-17.8, 0.4, 0.2)",
BAG_CLOSED,339923,6/27/2026 10:18:24 AM,90eec047-676b-4d50-9684-e8707ca80941,2.0,,,,,,,,,,,,,,,,,,,,,,,,,,,,,,,,,,,,"(0.0, 0.0, 0.0)",
PLAYER_POSITIONS,340080,6/27/2026 10:18:24 AM,90eec047-676b-4d50-9684-e8707ca80941,2.0,,,,,,,,,,,,,,,,,,,,,,,,,,,,,,,,,,,"(-17.3, 0.4, -0.3)","(-17.4, 1.0, -0.1)","(-17.5, 0.3, 0.1)",
PLAYER_GAZE,340080,6/27/2026 10:18:24 AM,90eec047-676b-4d50-9684-e8707ca80941,2.0,,,,,,,,,,,,,,,,,,,,,,,,Civilian PT 7,,,,,,,,,"(0.1, 1.0, 0.0)",,,"(-17.6, 0.0, -0.1)",
PLAYER_POSITIONS,340080,6/27/2026 10:18:24 AM,90eec047-676b-4d50-9684-e8707ca80941,2.0,,,,,,,,,,,,,,,,,,,,,,,,,,,,,,,,,,,"(-17.3, 0.4, -0.3)","(-17.4, 1.0, -0.1)","(-17.5, 0.3, 0.1)",
PLAYER_GAZE,340080,6/27/2026 10:18:24 AM,90eec047-676b-4d50-9684-e8707ca80941,2.0,,,,,,,,,,,,,,,,,,,,,,,,Civilian PT 7,,,,,,,,,"(0.1, 1.0, 0.0)",,,"(-17.6, 0.0, -0.1)",
AUDIO_END,340225,6/27/2026 10:18:24 AM,90eec047-676b-4d50-9684-e8707ca80941,2.0,copy delta casevac 12 mikes,4.571429,
NARRATIVE_SECTION_END,340225,6/27/2026 10:18:24 AM,90eec047-676b-4d50-9684-e8707ca80941,2.0,,,,,,,,,,,,,,,,,,Copy Delta casevac 12 mikes,37,
NARRATIVE_SECTION_START,340276,6/27/2026 10:18:24 AM,90eec047-676b-4d50-9684-e8707ca80941,2.0,,,,,,,,,,,,,,,,,,Affirmate Delta west exit casevac,38,
PLAYER_POSITIONS,340592,6/27/2026 10:18:24 AM,90eec047-676b-4d50-9684-e8707ca80941,2.0,,,,,,,,,,,,,,,,,,,,,,,,,,,,,,,,,,,"(-17.3, 0.4, -0.3)","(-17.3, 1.2, -0.1)","(-17.4, 0.7, 0.2)",
PLAYER_GAZE,340592,6/27/2026 10:18:24 AM,90eec047-676b-4d50-9684-e8707ca80941,2.0,,,,,,,,,,,,,,,,,,,,,,,,Civilian PT 7,,,,,,,,,"(0.3, 1.2, 0.0)",,,"(-17.6, 0.0, -0.1)",
PLAYER_POSITIONS,340592,6/27/2026 10:18:24 AM,90eec047-676b-4d50-9684-e8707ca80941,2.0,,,,,,,,,,,,,,,,,,,,,,,,,,,,,,,,,,,"(-17.3, 0.4, -0.3)","(-17.3, 1.2, -0.1)","(-17.4, 0.7, 0.2)",
PLAYER_GAZE,340592,6/27/2026 10:18:24 AM,90eec047-676b-4d50-9684-e8707ca80941,2.0,,,,,,,,,,,,,,,,,,,,,,,,Civilian PT 7,,,,,,,,,"(0.3, 1.2, 0.0)",,,"(-17.6, 0.0, -0.1)",
PLAYER_POSITIONS,341104,6/27/2026 10:18:25 AM,90eec047-676b-4d50-9684-e8707ca80941,2.0,,,,,,,,,,,,,,,,,,,,,,,,,,,,,,,,,,,"(-17.4, 0.4, -0.3)","(-17.3, 1.2, -0.1)","(-17.7, 0.6, 0.2)",
PLAYER_GAZE,341104,6/27/2026 10:18:25 AM,90eec047-676b-4d50-9684-e8707ca80941,2.0,,,,,,,,,,,,,,,,,,,,,,,,Civilian PT 7,,,,,,,,,"(0.3, 1.2, 0.0)",,,"(-17.6, 0.0, -0.1)",
PLAYER_POSITIONS,341104,6/27/2026 10:18:25 AM,90eec047-676b-4d50-9684-e8707ca80941,2.0,,,,,,,,,,,,,,,,,,,,,,,,,,,,,,,,,,,"(-17.4, 0.4, -0.3)","(-17.3, 1.2, -0.1)","(-17.7, 0.6, 0.2)",
PLAYER_GAZE,341104,6/27/2026 10:18:25 AM,90eec047-676b-4d50-9684-e8707ca80941,2.0,,,,,,,,,,,,,,,,,,,,,,,,Civilian PT 7,,,,,,,,,"(0.3, 1.2, 0.0)",,,"(-17.6, 0.0, -0.1)",
PLAYER_POSITIONS,341626,6/27/2026 10:18:25 AM,90eec047-676b-4d50-9684-e8707ca80941,2.0,,,,,,,,,,,,,,,,,,,,,,,,,,,,,,,,,,,"(-17.3, 0.4, -0.4)","(-17.3, 1.2, 0.0)","(-17.8, 0.7, 0.2)",
PLAYER_GAZE,341626,6/27/2026 10:18:25 AM,90eec047-676b-4d50-9684-e8707ca80941,2.0,,,,,,,,,,,,,,,,,,,,,,,,Civilian PT 7,,,,,,,,,"(0.2, 1.2, 0.1)",,,"(-17.6, 0.0, -0.1)",
PLAYER_POSITIONS,341626,6/27/2026 10:18:25 AM,90eec047-676b-4d50-9684-e8707ca80941,2.0,,,,,,,,,,,,,,,,,,,,,,,,,,,,,,,,,,,"(-17.3, 0.4, -0.4)","(-17.3, 1.2, 0.0)","(-17.8, 0.7, 0.2)",
PLAYER_GAZE,341626,6/27/2026 10:18:25 AM,90eec047-676b-4d50-9684-e8707ca80941,2.0,,,,,,,,,,,,,,,,,,,,,,,,Civilian PT 7,,,,,,,,,"(0.2, 1.2, 0.1)",,,"(-17.6, 0.0, -0.1)",
TOOL_HOVER,341879,6/27/2026 10:18:25 AM,90eec047-676b-4d50-9684-e8707ca80941,2.0,,,,,,,,,,,,,,,,,,,,,,,,,,,,,,,,,,,,,,,,,,,,,,998,,Burn Dressing,
PLAYER_POSITIONS,342149,6/27/2026 10:18:26 AM,90eec047-676b-4d50-9684-e8707ca80941,2.0,,,,,,,,,,,,,,,,,,,,,,,,,,,,,,,,,,,"(-17.2, 0.4, -0.3)","(-17.4, 1.2, 0.1)","(-18.0, 0.9, 0.4)",
PLAYER_GAZE,342149,6/27/2026 10:18:26 AM,90eec047-676b-4d50-9684-e8707ca80941,2.0,,,,,,,,,,,,,,,,,,,,,,,,Civilian PT 7,,,,,,,,,"(0.1, 1.2, 0.2)",,,"(-17.6, 0.0, -0.1)",
PLAYER_POSITIONS,342149,6/27/2026 10:18:26 AM,90eec047-676b-4d50-9684-e8707ca80941,2.0,,,,,,,,,,,,,,,,,,,,,,,,,,,,,,,,,,,"(-17.2, 0.4, -0.3)","(-17.4, 1.2, 0.1)","(-18.0, 0.9, 0.4)",
PLAYER_GAZE,342149,6/27/2026 10:18:26 AM,90eec047-676b-4d50-9684-e8707ca80941,2.0,,,,,,,,,,,,,,,,,,,,,,,,Civilian PT 7,,,,,,,,,"(0.1, 1.2, 0.2)",,,"(-17.6, 0.0, -0.1)",
TOOL_SELECTED,342214,6/27/2026 10:18:26 AM,90eec047-676b-4d50-9684-e8707ca80941,2.0,,,,,,,,,,,,,,,,,,,,,,,,,,,,,,,,,,,,,,,,,,,,,,997,,Burn Dressing,
VOICE_CAPTURE,342217,6/27/2026 10:18:26 AM,90eec047-676b-4d50-9684-e8707ca80941,2.0,,,,,,,,,,,,,,,,,,,,,,,,,,,,,,,,,,,,,,,,,,,,,,,,,,,NA,Holy fuck.,
PLAYER_POSITIONS,342659,6/27/2026 10:18:26 AM,90eec047-676b-4d50-9684-e8707ca80941,2.0,,,,,,,,,,,,,,,,,,,,,,,,,,,,,,,,,,,"(-17.3, 0.4, -0.3)","(-17.4, 1.0, -0.1)","(-17.5, 0.5, -0.1)",
PLAYER_GAZE,342659,6/27/2026 10:18:26 AM,90eec047-676b-4d50-9684-e8707ca80941,2.0,,,,,,,,,,,,,,,,,,,,,,,,Civilian PT 7,,,,,,,,,"(0.2, 1.0, 0.0)",,,"(-17.6, 0.0, -0.1)",
PLAYER_POSITIONS,342659,6/27/2026 10:18:26 AM,90eec047-676b-4d50-9684-e8707ca80941,2.0,,,,,,,,,,,,,,,,,,,,,,,,,,,,,,,,,,,"(-17.3, 0.4, -0.3)","(-17.4, 1.0, -0.1)","(-17.5, 0.5, -0.1)",
PLAYER_GAZE,342659,6/27/2026 10:18:26 AM,90eec047-676b-4d50-9684-e8707ca80941,2.0,,,,,,,,,,,,,,,,,,,,,,,,Civilian PT 7,,,,,,,,,"(0.2, 1.0, 0.0)",,,"(-17.6, 0.0, -0.1)",
VOICE_CAPTURE,342738,6/27/2026 10:18:26 AM,90eec047-676b-4d50-9684-e8707ca80941,2.0,,,,,,,,,,,,,,,,,,,,,,,,,,,,,,,,,,,,,,,,,,,,,,,,,,,NA,Holy fuck.,
VOICE_CAPTURE,342738,6/27/2026 10:18:26 AM,90eec047-676b-4d50-9684-e8707ca80941,2.0,,,,,,,,,,,,,,,,,,,,,,,,,,,,,,,,,,,,,,,,,,,,,,,,,,,NA,Holy fuck.,
PLAYER_POSITIONS,343170,6/27/2026 10:18:27 AM,90eec047-676b-4d50-9684-e8707ca80941,2.0,,,,,,,,,,,,,,,,,,,,,,,,,,,,,,,,,,,"(-17.1, 0.4, -0.3)","(-17.3, 0.8, -0.1)","(-17.2, 0.0, -0.2)",
PLAYER_POSITIONS,343170,6/27/2026 10:18:27 AM,90eec047-676b-4d50-9684-e8707ca80941,2.0,,,,,,,,,,,,,,,,,,,,,,,,,,,,,,,,,,,"(-17.1, 0.4, -0.3)","(-17.3, 0.8, -0.1)","(-17.2, 0.0, -0.2)",
VOICE_CAPTURE,343215,6/27/2026 10:18:27 AM,90eec047-676b-4d50-9684-e8707ca80941,2.0,,,,,,,,,,,,,,,,,,,,,,,,,,,,,,,,,,,,,,,,,,,,,,,,,,,NA,Holy fuck.,
INJURY_TREATED,343332,6/27/2026 10:18:27 AM,90eec047-676b-4d50-9684-e8707ca80941,2.0,,,,,,,,,rightCalf,R Lower Leg Burn,"(-17.2, -0.1, -0.1)",burnDressing,1,1,high,True,True,,,,,,,Civilian PT 7,
TOOL_APPLIED,343332,6/27/2026 10:18:27 AM,90eec047-676b-4d50-9684-e8707ca80941,2.0,,,,,,,,,,,,,,,,,,,,,,,,Civilian PT 7,,,,,,,,,,,,,,,,,,,,AppliedBurnDressing,cloth_blanket(Clone) (UnityEngine.GameObject),,Burn Dressing(Clone) (UnityEngine.GameObject),Burn Dressing,
BAG_CLOSED,343705,6/27/2026 10:18:27 AM,90eec047-676b-4d50-9684-e8707ca80941,2.0,,,,,,,,,,,,,,,,,,,,,,,,,,,,,,,,,,,,"(0.0, 0.0, 0.0)",
PLAYER_POSITIONS,343708,6/27/2026 10:18:27 AM,90eec047-676b-4d50-9684-e8707ca80941,2.0,,,,,,,,,,,,,,,,,,,,,,,,,,,,,,,,,,,"(-17.1, 0.3, -0.3)","(-17.3, 0.9, -0.2)","(-17.2, 0.2, -0.2)",
PLAYER_GAZE,343708,6/27/2026 10:18:27 AM,90eec047-676b-4d50-9684-e8707ca80941,2.0,,,,,,,,,,,,,,,,,,,,,,,,Civilian PT 7,,,,,,,,,"(0.3, 0.9, -0.1)",,,"(-17.6, 0.0, -0.1)",
PLAYER_POSITIONS,343708,6/27/2026 10:18:27 AM,90eec047-676b-4d50-9684-e8707ca80941,2.0,,,,,,,,,,,,,,,,,,,,,,,,,,,,,,,,,,,"(-17.1, 0.3, -0.3)","(-17.3, 0.9, -0.2)","(-17.2, 0.2, -0.2)",
PLAYER_GAZE,343708,6/27/2026 10:18:27 AM,90eec047-676b-4d50-9684-e8707ca80941,2.0,,,,,,,,,,,,,,,,,,,,,,,,Civilian PT 7,,,,,,,,,"(0.3, 0.9, -0.1)",,,"(-17.6, 0.0, -0.1)",
VOICE_CAPTURE,343742,6/27/2026 10:18:27 AM,90eec047-676b-4d50-9684-e8707ca80941,2.0,,,,,,,,,,,,,,,,,,,,,,,,,,,,,,,,,,,,,,,,,,,,,,,,,,,NA,Holy fuck.,
PLAYER_POSITIONS,344241,6/27/2026 10:18:28 AM,90eec047-676b-4d50-9684-e8707ca80941,2.0,,,,,,,,,,,,,,,,,,,,,,,,,,,,,,,,,,,"(-17.2, 0.4, -0.7)","(-17.1, 1.1, -0.6)","(-17.3, 0.4, -0.4)",
PLAYER_POSITIONS,344241,6/27/2026 10:18:28 AM,90eec047-676b-4d50-9684-e8707ca80941,2.0,,,,,,,,,,,,,,,,,,,,,,,,,,,,,,,,,,,"(-17.2, 0.4, -0.7)","(-17.1, 1.1, -0.6)","(-17.3, 0.4, -0.4)",
PLAYER_POSITIONS,344742,6/27/2026 10:18:28 AM,90eec047-676b-4d50-9684-e8707ca80941,2.0,,,,,,,,,,,,,,,,,,,,,,,,,,,,,,,,,,,"(-17.3, 0.3, -0.6)","(-17.2, 1.1, -0.5)","(-17.4, 0.8, -0.2)",
PLAYER_GAZE,344742,6/27/2026 10:18:28 AM,90eec047-676b-4d50-9684-e8707ca80941,2.0,,,,,,,,,,,,,,,,,,,,,,,,Civilian PT 7,,,,,,,,,"(0.4, 1.1, -0.4)",,,"(-17.6, 0.0, -0.1)",
PLAYER_POSITIONS,344742,6/27/2026 10:18:28 AM,90eec047-676b-4d50-9684-e8707ca80941,2.0,,,,,,,,,,,,,,,,,,,,,,,,,,,,,,,,,,,"(-17.3, 0.3, -0.6)","(-17.2, 1.1, -0.5)","(-17.4, 0.8, -0.2)",
PLAYER_GAZE,344742,6/27/2026 10:18:28 AM,90eec047-676b-4d50-9684-e8707ca80941,2.0,,,,,,,,,,,,,,,,,,,,,,,,Civilian PT 7,,,,,,,,,"(0.4, 1.1, -0.4)",,,"(-17.6, 0.0, -0.1)",
PLAYER_POSITIONS,345264,6/27/2026 10:18:29 AM,90eec047-676b-4d50-9684-e8707ca80941,2.0,,,,,,,,,,,,,,,,,,,,,,,,,,,,,,,,,,,"(-17.3, 0.3, -0.7)","(-17.2, 1.1, -0.5)","(-17.6, 0.5, 0.0)",
PLAYER_GAZE,345264,6/27/2026 10:18:29 AM,90eec047-676b-4d50-9684-e8707ca80941,2.0,,,,,,,,,,,,,,,,,,,,,,,,Civilian PT 7,,,,,,,,,"(0.3, 1.1, -0.4)",,,"(-17.6, 0.0, -0.1)",
PLAYER_POSITIONS,345264,6/27/2026 10:18:29 AM,90eec047-676b-4d50-9684-e8707ca80941,2.0,,,,,,,,,,,,,,,,,,,,,,,,,,,,,,,,,,,"(-17.3, 0.3, -0.7)","(-17.2, 1.1, -0.5)","(-17.6, 0.5, 0.0)",
PLAYER_GAZE,345264,6/27/2026 10:18:29 AM,90eec047-676b-4d50-9684-e8707ca80941,2.0,,,,,,,,,,,,,,,,,,,,,,,,Civilian PT 7,,,,,,,,,"(0.3, 1.1, -0.4)",,,"(-17.6, 0.0, -0.1)",
VOICE_CAPTURE,345386,6/27/2026 10:18:29 AM,90eec047-676b-4d50-9684-e8707ca80941,2.0,,,,,,,,,,,,,,,,,,,,,,,,,,,,,,,,,,,,,,,,,,,,,,,,,,,NA,I'm gonna give you a-,
EVAC_RADIO_ALERT,345472,6/27/2026 10:18:29 AM,90eec047-676b-4d50-9684-e8707ca80941,2.0,,,,,,,,1,
AUDIO_START,345478,6/27/2026 10:18:29 AM,90eec047-676b-4d50-9684-e8707ca80941,2.0,evac in 5 minutes,4.127347,
VOICE_CAPTURE,345764,6/27/2026 10:18:29 AM,90eec047-676b-4d50-9684-e8707ca80941,2.0,,,,,,,,,,,,,,,,,,,,,,,,,,,,,,,,,,,,,,,,,,,,,,,,,,,NA,I'm gonna give you a- I'm gonna give you some pain.,
PLAYER_POSITIONS,345787,6/27/2026 10:18:29 AM,90eec047-676b-4d50-9684-e8707ca80941,2.0,,,,,,,,,,,,,,,,,,,,,,,,,,,,,,,,,,,"(-17.5, 0.3, -0.7)","(-17.4, 1.1, -0.3)","(-17.5, 0.8, 0.2)",
PLAYER_POSITIONS,345787,6/27/2026 10:18:29 AM,90eec047-676b-4d50-9684-e8707ca80941,2.0,,,,,,,,,,,,,,,,,,,,,,,,,,,,,,,,,,,"(-17.5, 0.3, -0.7)","(-17.4, 1.1, -0.3)","(-17.5, 0.8, 0.2)",
TOOL_HOVER,345872,6/27/2026 10:18:29 AM,90eec047-676b-4d50-9684-e8707ca80941,2.0,,,,,,,,,,,,,,,,,,,,,,,,,,,,,,,,,,,,,,,,,,,,,,998,,Fox Shield,
TOOL_HOVER,345983,6/27/2026 10:18:30 AM,90eec047-676b-4d50-9684-e8707ca80941,2.0,,,,,,,,,,,,,,,,,,,,,,,,,,,,,,,,,,,,,,,,,,,,,,993,,Fentanyl Lollipop,
TOOL_SELECTED,346139,6/27/2026 10:18:30 AM,90eec047-676b-4d50-9684-e8707ca80941,2.0,,,,,,,,,,,,,,,,,,,,,,,,,,,,,,,,,,,,,,,,,,,,,,992,,Fentanyl Lollipop,
VOICE_CAPTURE,346264,6/27/2026 10:18:30 AM,90eec047-676b-4d50-9684-e8707ca80941,2.0,,,,,,,,,,,,,,,,,,,,,,,,,,,,,,,,,,,,,,,,,,,,,,,,,,,NA,I'm gonna give you a- I'm gonna give you some pain meds in it.,
PLAYER_POSITIONS,346287,6/27/2026 10:18:30 AM,90eec047-676b-4d50-9684-e8707ca80941,2.0,,,,,,,,,,,,,,,,,,,,,,,,,,,,,,,,,,,"(-17.5, 0.4, -0.6)","(-17.4, 1.2, -0.3)","(-17.5, 0.8, 0.1)",
PLAYER_GAZE,346287,6/27/2026 10:18:30 AM,90eec047-676b-4d50-9684-e8707ca80941,2.0,,,,,,,,,,,,,,,,,,,,,,,,Civilian PT 7,,,,,,,,,"(0.1, 1.2, -0.2)",,,"(-17.6, 0.0, -0.1)",
PLAYER_POSITIONS,346287,6/27/2026 10:18:30 AM,90eec047-676b-4d50-9684-e8707ca80941,2.0,,,,,,,,,,,,,,,,,,,,,,,,,,,,,,,,,,,"(-17.5, 0.4, -0.6)","(-17.4, 1.2, -0.3)","(-17.5, 0.8, 0.1)",
PLAYER_GAZE,346287,6/27/2026 10:18:30 AM,90eec047-676b-4d50-9684-e8707ca80941,2.0,,,,,,,,,,,,,,,,,,,,,,,,Civilian PT 7,,,,,,,,,"(0.1, 1.2, -0.2)",,,"(-17.6, 0.0, -0.1)",
PLAYER_POSITIONS,346808,6/27/2026 10:18:30 AM,90eec047-676b-4d50-9684-e8707ca80941,2.0,,,,,,,,,,,,,,,,,,,,,,,,,,,,,,,,,,,"(-17.4, 0.4, -0.8)","(-17.6, 1.0, -0.8)","(-17.8, 0.4, -0.9)",
PLAYER_POSITIONS,346808,6/27/2026 10:18:30 AM,90eec047-676b-4d50-9684-e8707ca80941,2.0,,,,,,,,,,,,,,,,,,,,,,,,,,,,,,,,,,,"(-17.4, 0.4, -0.8)","(-17.6, 1.0, -0.8)","(-17.8, 0.4, -0.9)",
VOICE_CAPTURE,346809,6/27/2026 10:18:30 AM,90eec047-676b-4d50-9684-e8707ca80941,2.0,,,,,,,,,,,,,,,,,,,,,,,,,,,,,,,,,,,,,,,,,,,,,,,,,,,NA,I'm gonna give you a- I'm gonna give you some pain meds in the end.,
VOICE_CAPTURE,347308,6/27/2026 10:18:31 AM,90eec047-676b-4d50-9684-e8707ca80941,2.0,,,,,,,,,,,,,,,,,,,,,,,,,,,,,,,,,,,,,,,,,,,,,,,,,,,NA,I'm gonna give you a- I'm gonna give you some pain meds in the end.,
VOICE_CAPTURE,347308,6/27/2026 10:18:31 AM,90eec047-676b-4d50-9684-e8707ca80941,2.0,,,,,,,,,,,,,,,,,,,,,,,,,,,,,,,,,,,,,,,,,,,,,,,,,,,NA,I'm gonna give you a- I'm gonna give you some pain meds in the end.,
VOICE_COMMAND,347308,6/27/2026 10:18:31 AM,90eec047-676b-4d50-9684-e8707ca80941,2.0,,,,,,,,,,,,,,,,,,,,,,,,,,,,,,,,,,,,,,,,,,,,,,,,,,,I'm gonna give you a- I'm gonna give you some pain meds in the end.,are you in pain,
PLAYER_POSITIONS,347330,6/27/2026 10:18:31 AM,90eec047-676b-4d50-9684-e8707ca80941,2.0,,,,,,,,,,,,,,,,,,,,,,,,,,,,,,,,,,,"(-17.4, 0.4, -0.9)","(-17.5, 1.0, -1.0)","(-17.9, 0.3, -1.0)",
PLAYER_POSITIONS,347330,6/27/2026 10:18:31 AM,90eec047-676b-4d50-9684-e8707ca80941,2.0,,,,,,,,,,,,,,,,,,,,,,,,,,,,,,,,,,,"(-17.4, 0.4, -0.9)","(-17.5, 1.0, -1.0)","(-17.9, 0.3, -1.0)",
INJURY_TREATED,347375,6/27/2026 10:18:31 AM,90eec047-676b-4d50-9684-e8707ca80941,2.0,,,,,,,,,head,Unspecified,"(0.0, 0.0, 0.0)",none,1,1,none,True,False,,,,,,,Civilian PT 7,
TOOL_APPLIED,347375,6/27/2026 10:18:31 AM,90eec047-676b-4d50-9684-e8707ca80941,2.0,,,,,,,,,,,,,,,,,,,,,,,,Civilian PT 7,,,,,,,,,,,,,,,,,,,,AppliedLollipop,Jaw (UnityEngine.GameObject),,Fentanyl Lollipop(Clone) (UnityEngine.GameObject),Fentanyl Lollipop,
VOICE_CAPTURE,347814,6/27/2026 10:18:31 AM,90eec047-676b-4d50-9684-e8707ca80941,2.0,,,,,,,,,,,,,,,,,,,,,,,,,,,,,,,,,,,,,,,,,,,,,,,,,,,NA,and about it.,
PLAYER_POSITIONS,347835,6/27/2026 10:18:31 AM,90eec047-676b-4d50-9684-e8707ca80941,2.0,,,,,,,,,,,,,,,,,,,,,,,,,,,,,,,,,,,"(-17.4, 0.4, -0.9)","(-17.5, 1.2, -0.7)","(-17.5, 0.5, -0.6)",
PLAYER_POSITIONS,347835,6/27/2026 10:18:31 AM,90eec047-676b-4d50-9684-e8707ca80941,2.0,,,,,,,,,,,,,,,,,,,,,,,,,,,,,,,,,,,"(-17.4, 0.4, -0.9)","(-17.5, 1.2, -0.7)","(-17.5, 0.5, -0.6)",
BAG_CLOSED,347943,6/27/2026 10:18:32 AM,90eec047-676b-4d50-9684-e8707ca80941,2.0,,,,,,,,,,,,,,,,,,,,,,,,,,,,,,,,,,,,"(0.0, 0.0, 0.0)",
VOICE_CAPTURE,348260,6/27/2026 10:18:32 AM,90eec047-676b-4d50-9684-e8707ca80941,2.0,,,,,,,,,,,,,,,,,,,,,,,,,,,,,,,,,,,,,,,,,,,,,,,,,,,NA,and about it. and about it.,
PLAYER_POSITIONS,348350,6/27/2026 10:18:32 AM,90eec047-676b-4d50-9684-e8707ca80941,2.0,,,,,,,,,,,,,,,,,,,,,,,,,,,,,,,,,,,"(-17.7, 0.5, -0.7)","(-17.4, 1.2, -0.4)","(-17.6, 0.8, 0.0)",
PLAYER_GAZE,348350,6/27/2026 10:18:32 AM,90eec047-676b-4d50-9684-e8707ca80941,2.0,,,,,,,,,,,,,,,,,,,,,,,,Civilian PT 7,,,,,,,,,"(0.1, 1.2, -0.3)",,,"(-17.6, 0.0, -0.1)",
PLAYER_POSITIONS,348350,6/27/2026 10:18:32 AM,90eec047-676b-4d50-9684-e8707ca80941,2.0,,,,,,,,,,,,,,,,,,,,,,,,,,,,,,,,,,,"(-17.7, 0.5, -0.7)","(-17.4, 1.2, -0.4)","(-17.6, 0.8, 0.0)",
PLAYER_GAZE,348350,6/27/2026 10:18:32 AM,90eec047-676b-4d50-9684-e8707ca80941,2.0,,,,,,,,,,,,,,,,,,,,,,,,Civilian PT 7,,,,,,,,,"(0.1, 1.2, -0.3)",,,"(-17.6, 0.0, -0.1)",
VOICE_CAPTURE,348739,6/27/2026 10:18:32 AM,90eec047-676b-4d50-9684-e8707ca80941,2.0,,,,,,,,,,,,,,,,,,,,,,,,,,,,,,,,,,,,,,,,,,,,,,,,,,,NA,and about it. and about it.,
VOICE_CAPTURE,348739,6/27/2026 10:18:32 AM,90eec047-676b-4d50-9684-e8707ca80941,2.0,,,,,,,,,,,,,,,,,,,,,,,,,,,,,,,,,,,,,,,,,,,,,,,,,,,NA,and about it. and about it.,
PLAYER_POSITIONS,348851,6/27/2026 10:18:32 AM,90eec047-676b-4d50-9684-e8707ca80941,2.0,,,,,,,,,,,,,,,,,,,,,,,,,,,,,,,,,,,"(-17.7, 0.5, -0.7)","(-17.5, 1.2, -0.3)","(-17.6, 0.8, 0.0)",
PLAYER_POSITIONS,348851,6/27/2026 10:18:32 AM,90eec047-676b-4d50-9684-e8707ca80941,2.0,,,,,,,,,,,,,,,,,,,,,,,,,,,,,,,,,,,"(-17.7, 0.5, -0.7)","(-17.5, 1.2, -0.3)","(-17.6, 0.8, 0.0)",
AUDIO_START,349267,6/27/2026 10:18:33 AM,90eec047-676b-4d50-9684-e8707ca80941,2.0,delta west exit casevac,3.94449,
PLAYER_POSITIONS,349352,6/27/2026 10:18:33 AM,90eec047-676b-4d50-9684-e8707ca80941,2.0,,,,,,,,,,,,,,,,,,,,,,,,,,,,,,,,,,,"(-17.6, 0.5, -0.7)","(-17.5, 1.2, -0.2)","(-17.7, 0.6, 0.1)",
PLAYER_POSITIONS,349352,6/27/2026 10:18:33 AM,90eec047-676b-4d50-9684-e8707ca80941,2.0,,,,,,,,,,,,,,,,,,,,,,,,,,,,,,,,,,,"(-17.6, 0.5, -0.7)","(-17.5, 1.2, -0.2)","(-17.7, 0.6, 0.1)",
AUDIO_END,349619,6/27/2026 10:18:33 AM,90eec047-676b-4d50-9684-e8707ca80941,2.0,evac in 5 minutes,4.127347,
TOOL_HOVER,349782,6/27/2026 10:18:33 AM,90eec047-676b-4d50-9684-e8707ca80941,2.0,,,,,,,,,,,,,,,,,,,,,,,,,,,,,,,,,,,,,,,,,,,,,,994,,Antibiotics,
PLAYER_POSITIONS,349852,6/27/2026 10:18:33 AM,90eec047-676b-4d50-9684-e8707ca80941,2.0,,,,,,,,,,,,,,,,,,,,,,,,,,,,,,,,,,,"(-17.6, 0.5, -0.6)","(-17.5, 1.1, -0.1)","(-17.7, 0.8, 0.5)",
PLAYER_POSITIONS,349852,6/27/2026 10:18:33 AM,90eec047-676b-4d50-9684-e8707ca80941,2.0,,,,,,,,,,,,,,,,,,,,,,,,,,,,,,,,,,,"(-17.6, 0.5, -0.6)","(-17.5, 1.1, -0.1)","(-17.7, 0.8, 0.5)",
TOOL_SELECTED,349984,6/27/2026 10:18:34 AM,90eec047-676b-4d50-9684-e8707ca80941,2.0,,,,,,,,,,,,,,,,,,,,,,,,,,,,,,,,,,,,,,,,,,,,,,993,,Antibiotics,
PLAYER_POSITIONS,350354,6/27/2026 10:18:34 AM,90eec047-676b-4d50-9684-e8707ca80941,2.0,,,,,,,,,,,,,,,,,,,,,,,,,,,,,,,,,,,"(-17.6, 0.4, -0.6)","(-17.7, 1.1, -0.4)","(-17.8, 0.7, -0.2)",
PLAYER_POSITIONS,350354,6/27/2026 10:18:34 AM,90eec047-676b-4d50-9684-e8707ca80941,2.0,,,,,,,,,,,,,,,,,,,,,,,,,,,,,,,,,,,"(-17.6, 0.4, -0.6)","(-17.7, 1.1, -0.4)","(-17.8, 0.7, -0.2)",
VOICE_CAPTURE,350388,6/27/2026 10:18:34 AM,90eec047-676b-4d50-9684-e8707ca80941,2.0,,,,,,,,,,,,,,,,,,,,,,,,,,,,,,,,,,,,,,,,,,,,,,,,,,,NA,Five minutes.,
VOICE_CAPTURE,350740,6/27/2026 10:18:34 AM,90eec047-676b-4d50-9684-e8707ca80941,2.0,,,,,,,,,,,,,,,,,,,,,,,,,,,,,,,,,,,,,,,,,,,,,,,,,,,NA,Five minutes. Five minutes.,
PLAYER_POSITIONS,350875,6/27/2026 10:18:34 AM,90eec047-676b-4d50-9684-e8707ca80941,2.0,,,,,,,,,,,,,,,,,,,,,,,,,,,,,,,,,,,"(-17.4, 0.4, -0.8)","(-17.7, 1.0, -0.7)","(-17.8, 0.4, -0.9)",
PLAYER_POSITIONS,350875,6/27/2026 10:18:34 AM,90eec047-676b-4d50-9684-e8707ca80941,2.0,,,,,,,,,,,,,,,,,,,,,,,,,,,,,,,,,,,"(-17.4, 0.4, -0.8)","(-17.7, 1.0, -0.7)","(-17.8, 0.4, -0.9)",
VOICE_CAPTURE,351330,6/27/2026 10:18:35 AM,90eec047-676b-4d50-9684-e8707ca80941,2.0,,,,,,,,,,,,,,,,,,,,,,,,,,,,,,,,,,,,,,,,,,,,,,,,,,,NA,Five minutes. Five minutes. Okay.,
INJURY_TREATED,351398,6/27/2026 10:18:35 AM,90eec047-676b-4d50-9684-e8707ca80941,2.0,,,,,,,,,head,Unspecified,"(0.0, 0.0, 0.0)",none,1,1,none,True,False,,,,,,,Civilian PT 7,
TOOL_APPLIED,351398,6/27/2026 10:18:35 AM,90eec047-676b-4d50-9684-e8707ca80941,2.0,,,,,,,,,,,,,,,,,,,,,,,,Civilian PT 7,,,,,,,,,,,,,,,,,,,,AppliedAntibiotics,Jaw (UnityEngine.GameObject),,null,Antibiotics,
PLAYER_POSITIONS,351402,6/27/2026 10:18:35 AM,90eec047-676b-4d50-9684-e8707ca80941,2.0,,,,,,,,,,,,,,,,,,,,,,,,,,,,,,,,,,,"(-17.3, 0.3, -0.9)","(-17.7, 1.0, -0.9)","(-17.8, 0.3, -1.0)",
PLAYER_POSITIONS,351402,6/27/2026 10:18:35 AM,90eec047-676b-4d50-9684-e8707ca80941,2.0,,,,,,,,,,,,,,,,,,,,,,,,,,,,,,,,,,,"(-17.3, 0.3, -0.9)","(-17.7, 1.0, -0.9)","(-17.8, 0.3, -1.0)",
BAG_CLOSED,351489,6/27/2026 10:18:35 AM,90eec047-676b-4d50-9684-e8707ca80941,2.0,,,,,,,,,,,,,,,,,,,,,,,,,,,,,,,,,,,,"(0.0, 0.0, 0.0)",
VOICE_CAPTURE,351830,6/27/2026 10:18:35 AM,90eec047-676b-4d50-9684-e8707ca80941,2.0,,,,,,,,,,,,,,,,,,,,,,,,,,,,,,,,,,,,,,,,,,,,,,,,,,,NA,Five minutes. Five minutes. Okay.,
VOICE_CAPTURE,351830,6/27/2026 10:18:35 AM,90eec047-676b-4d50-9684-e8707ca80941,2.0,,,,,,,,,,,,,,,,,,,,,,,,,,,,,,,,,,,,,,,,,,,,,,,,,,,NA,Five minutes. Five minutes. Okay.,
PLAYER_POSITIONS,351899,6/27/2026 10:18:35 AM,90eec047-676b-4d50-9684-e8707ca80941,2.0,,,,,,,,,,,,,,,,,,,,,,,,,,,,,,,,,,,"(-17.3, 0.4, -0.8)","(-17.4, 1.2, -0.8)","(-17.7, 0.3, -0.6)",
PLAYER_POSITIONS,351899,6/27/2026 10:18:35 AM,90eec047-676b-4d50-9684-e8707ca80941,2.0,,,,,,,,,,,,,,,,,,,,,,,,,,,,,,,,,,,"(-17.3, 0.4, -0.8)","(-17.4, 1.2, -0.8)","(-17.7, 0.3, -0.6)",
DRAG_STOP,351900,6/27/2026 10:18:35 AM,90eec047-676b-4d50-9684-e8707ca80941,2.0,,,,,"(-14.1, 0.0, 1.9)","(-13.9, 0.0, 5.1)",,,,,,,,,,,,,,,,,,Civilian PT 7,
PLAYER_POSITIONS,352419,6/27/2026 10:18:36 AM,90eec047-676b-4d50-9684-e8707ca80941,2.0,,,,,,,,,,,,,,,,,,,,,,,,,,,,,,,,,,,"(-16.9, 0.4, -0.5)","(-16.9, 1.2, -0.3)","(-17.3, 0.5, -0.6)",
PLAYER_POSITIONS,352419,6/27/2026 10:18:36 AM,90eec047-676b-4d50-9684-e8707ca80941,2.0,,,,,,,,,,,,,,,,,,,,,,,,,,,,,,,,,,,"(-16.9, 0.4, -0.5)","(-16.9, 1.2, -0.3)","(-17.3, 0.5, -0.6)",
PLAYER_POSITIONS,352940,6/27/2026 10:18:37 AM,90eec047-676b-4d50-9684-e8707ca80941,2.0,,,,,,,,,,,,,,,,,,,,,,,,,,,,,,,,,,,"(-16.5, 0.3, 0.0)","(-16.6, 1.2, -0.2)","(-16.9, 0.5, -0.4)",
PLAYER_GAZE,352940,6/27/2026 10:18:37 AM,90eec047-676b-4d50-9684-e8707ca80941,2.0,,,,,,,,,,,,,,,,,,,,,,,,Civilian PT 15,,,,,,,,,"(-2.2, 1.2, 0.1)",,,"(-14.4, 0.0, -0.3)",
PLAYER_POSITIONS,352940,6/27/2026 10:18:37 AM,90eec047-676b-4d50-9684-e8707ca80941,2.0,,,,,,,,,,,,,,,,,,,,,,,,,,,,,,,,,,,"(-16.5, 0.3, 0.0)","(-16.6, 1.2, -0.2)","(-16.9, 0.5, -0.4)",
PLAYER_GAZE,352940,6/27/2026 10:18:37 AM,90eec047-676b-4d50-9684-e8707ca80941,2.0,,,,,,,,,,,,,,,,,,,,,,,,Civilian PT 15,,,,,,,,,"(-2.2, 1.2, 0.1)",,,"(-14.4, 0.0, -0.3)",
AUDIO_END,353249,6/27/2026 10:18:37 AM,90eec047-676b-4d50-9684-e8707ca80941,2.0,delta west exit casevac,3.94449,
NARRATIVE_SECTION_END,353249,6/27/2026 10:18:37 AM,90eec047-676b-4d50-9684-e8707ca80941,2.0,,,,,,,,,,,,,,,,,,Affirmate Delta west exit casevac,38,
VOICE_CAPTURE,353249,6/27/2026 10:18:37 AM,90eec047-676b-4d50-9684-e8707ca80941,2.0,,,,,,,,,,,,,,,,,,,,,,,,,,,,,,,,,,,,,,,,,,,,,,,,,,,NA,Okay.,
NARRATIVE_SECTION_START,353277,6/27/2026 10:18:37 AM,90eec047-676b-4d50-9684-e8707ca80941,2.0,,,,,,,,,,,,,,,,,,Delta needs air support on west exit,39,
PATIENT_DISENGAGED,353301,6/27/2026 10:18:37 AM,90eec047-676b-4d50-9684-e8707ca80941,2.0,,,,42.49,,,,,,,,,,,,,,,,normal,100,Infinity,normal,Civilian PT 7,agony,recovery,"(-17.6, -0.1, -0.1)",normal,"(0.0, 0.5, 0.0, 0.9)",normal,DELAYED,still,,,,,,,,,,,,,,,,,42.49,
PATIENT_ENGAGED,353301,6/27/2026 10:18:37 AM,90eec047-676b-4d50-9684-e8707ca80941,2.0,,,,0,,,,,,,,,,,,,,,,fast,100,Infinity,normal,Civilian PT 8,upset,sittingGround,"(-15.8, -0.1, -1.8)",fast,"(0.0, 0.4, 0.0, 0.9)",normal,IMMEDIATE,still,,,,,,,,,,,,,,,,,0,
PLAYER_POSITIONS,353460,6/27/2026 10:18:37 AM,90eec047-676b-4d50-9684-e8707ca80941,2.0,,,,,,,,,,,,,,,,,,,,,,,,,,,,,,,,,,,"(-16.2, 0.4, -0.8)","(-16.4, 1.2, -1.0)","(-16.4, 0.5, -1.2)",
PLAYER_POSITIONS,353460,6/27/2026 10:18:37 AM,90eec047-676b-4d50-9684-e8707ca80941,2.0,,,,,,,,,,,,,,,,,,,,,,,,,,,,,,,,,,,"(-16.2, 0.4, -0.8)","(-16.4, 1.2, -1.0)","(-16.4, 0.5, -1.2)",
VOICE_CAPTURE,353749,6/27/2026 10:18:37 AM,90eec047-676b-4d50-9684-e8707ca80941,2.0,,,,,,,,,,,,,,,,,,,,,,,,,,,,,,,,,,,,,,,,,,,,,,,,,,,NA,Okay.,
PLAYER_POSITIONS,353972,6/27/2026 10:18:38 AM,90eec047-676b-4d50-9684-e8707ca80941,2.0,,,,,,,,,,,,,,,,,,,,,,,,,,,,,,,,,,,"(-15.8, 0.4, -1.0)","(-16.1, 1.2, -1.1)","(-16.2, 0.6, -1.3)",
PLAYER_GAZE,353972,6/27/2026 10:18:38 AM,90eec047-676b-4d50-9684-e8707ca80941,2.0,,,,,,,,,,,,,,,,,,,,,,,,Civilian PT 8,,,,,,,,,"(-0.3, 1.2, 0.7)",,,"(-15.8, 0.0, -1.8)",
PLAYER_POSITIONS,353972,6/27/2026 10:18:38 AM,90eec047-676b-4d50-9684-e8707ca80941,2.0,,,,,,,,,,,,,,,,,,,,,,,,,,,,,,,,,,,"(-15.8, 0.4, -1.0)","(-16.1, 1.2, -1.1)","(-16.2, 0.6, -1.3)",
PLAYER_GAZE,353972,6/27/2026 10:18:38 AM,90eec047-676b-4d50-9684-e8707ca80941,2.0,,,,,,,,,,,,,,,,,,,,,,,,Civilian PT 8,,,,,,,,,"(-0.3, 1.2, 0.7)",,,"(-15.8, 0.0, -1.8)",
VOICE_CAPTURE,354238,6/27/2026 10:18:38 AM,90eec047-676b-4d50-9684-e8707ca80941,2.0,,,,,,,,,,,,,,,,,,,,,,,,,,,,,,,,,,,,,,,,,,,,,,,,,,,NA,Okay.,
PLAYER_POSITIONS,354480,6/27/2026 10:18:38 AM,90eec047-676b-4d50-9684-e8707ca80941,2.0,,,,,,,,,,,,,,,,,,,,,,,,,,,,,,,,,,,"(-15.7, 0.3, -1.2)","(-15.9, 1.1, -1.4)","(-16.1, 0.8, -1.5)",
PLAYER_GAZE,354480,6/27/2026 10:18:38 AM,90eec047-676b-4d50-9684-e8707ca80941,2.0,,,,,,,,,,,,,,,,,,,,,,,,Civilian PT 8,,,,,,,,,"(-0.1, 1.1, 0.4)",,,"(-15.8, 0.0, -1.8)",
PLAYER_POSITIONS,354480,6/27/2026 10:18:38 AM,90eec047-676b-4d50-9684-e8707ca80941,2.0,,,,,,,,,,,,,,,,,,,,,,,,,,,,,,,,,,,"(-15.7, 0.3, -1.2)","(-15.9, 1.1, -1.4)","(-16.1, 0.8, -1.5)",
PLAYER_GAZE,354480,6/27/2026 10:18:38 AM,90eec047-676b-4d50-9684-e8707ca80941,2.0,,,,,,,,,,,,,,,,,,,,,,,,Civilian PT 8,,,,,,,,,"(-0.1, 1.1, 0.4)",,,"(-15.8, 0.0, -1.8)",
VOICE_CAPTURE,354804,6/27/2026 10:18:38 AM,90eec047-676b-4d50-9684-e8707ca80941,2.0,,,,,,,,,,,,,,,,,,,,,,,,,,,,,,,,,,,,,,,,,,,,,,,,,,,NA,Okay. Can you.,
PLAYER_POSITIONS,354991,6/27/2026 10:18:39 AM,90eec047-676b-4d50-9684-e8707ca80941,2.0,,,,,,,,,,,,,,,,,,,,,,,,,,,,,,,,,,,"(-15.4, 0.4, -1.4)","(-15.7, 1.1, -1.5)","(-15.9, 0.8, -1.6)",
PLAYER_GAZE,354992,6/27/2026 10:18:39 AM,90eec047-676b-4d50-9684-e8707ca80941,2.0,,,,,,,,,,,,,,,,,,,,,,,,Civilian PT 8,,,,,,,,,"(0.1, 1.1, 0.3)",,,"(-15.8, 0.0, -1.8)",
PLAYER_POSITIONS,354991,6/27/2026 10:18:39 AM,90eec047-676b-4d50-9684-e8707ca80941,2.0,,,,,,,,,,,,,,,,,,,,,,,,,,,,,,,,,,,"(-15.4, 0.4, -1.4)","(-15.7, 1.1, -1.5)","(-15.9, 0.8, -1.6)",
PLAYER_GAZE,354992,6/27/2026 10:18:39 AM,90eec047-676b-4d50-9684-e8707ca80941,2.0,,,,,,,,,,,,,,,,,,,,,,,,Civilian PT 8,,,,,,,,,"(0.1, 1.1, 0.3)",,,"(-15.8, 0.0, -1.8)",
AUDIO_START,355286,6/27/2026 10:18:39 AM,90eec047-676b-4d50-9684-e8707ca80941,2.0,delta needs air support on west exit,5.067755,
VOICE_CAPTURE,355286,6/27/2026 10:18:39 AM,90eec047-676b-4d50-9684-e8707ca80941,2.0,,,,,,,,,,,,,,,,,,,,,,,,,,,,,,,,,,,,,,,,,,,,,,,,,,,NA,Okay. Can you hear me?,
PLAYER_POSITIONS,355492,6/27/2026 10:18:39 AM,90eec047-676b-4d50-9684-e8707ca80941,2.0,,,,,,,,,,,,,,,,,,,,,,,,,,,,,,,,,,,"(-15.3, 0.4, -1.7)","(-15.6, 1.1, -1.8)","(-15.8, 0.8, -1.9)",
PLAYER_POSITIONS,355492,6/27/2026 10:18:39 AM,90eec047-676b-4d50-9684-e8707ca80941,2.0,,,,,,,,,,,,,,,,,,,,,,,,,,,,,,,,,,,"(-15.3, 0.4, -1.7)","(-15.6, 1.1, -1.8)","(-15.8, 0.8, -1.9)",
VOICE_CAPTURE,355736,6/27/2026 10:18:39 AM,90eec047-676b-4d50-9684-e8707ca80941,2.0,,,,,,,,,,,,,,,,,,,,,,,,,,,,,,,,,,,,,,,,,,,,,,,,,,,NA,Okay. Can you hear me? Can you hear me?,
PLAYER_POSITIONS,356002,6/27/2026 10:18:40 AM,90eec047-676b-4d50-9684-e8707ca80941,2.0,,,,,,,,,,,,,,,,,,,,,,,,,,,,,,,,,,,"(-15.3, 0.4, -1.7)","(-15.7, 1.1, -1.8)","(-15.8, 0.8, -1.9)",
PLAYER_POSITIONS,356002,6/27/2026 10:18:40 AM,90eec047-676b-4d50-9684-e8707ca80941,2.0,,,,,,,,,,,,,,,,,,,,,,,,,,,,,,,,,,,"(-15.3, 0.4, -1.7)","(-15.7, 1.1, -1.8)","(-15.8, 0.8, -1.9)",
VOICE_CAPTURE,356254,6/27/2026 10:18:40 AM,90eec047-676b-4d50-9684-e8707ca80941,2.0,,,,,,,,,,,,,,,,,,,,,,,,,,,,,,,,,,,,,,,,,,,,,,,,,,,NA,Okay. Can you hear me? Can you hear me?,
VOICE_CAPTURE,356254,6/27/2026 10:18:40 AM,90eec047-676b-4d50-9684-e8707ca80941,2.0,,,,,,,,,,,,,,,,,,,,,,,,,,,,,,,,,,,,,,,,,,,,,,,,,,,NA,Okay. Can you hear me? Can you hear me?,
VOICE_COMMAND,356254,6/27/2026 10:18:40 AM,90eec047-676b-4d50-9684-e8707ca80941,2.0,,,,,,,,,,,,,,,,,,,,,,,,,,,,,,,,,,,,,,,,,,,,,,,,,,,Okay. Can you hear me? Can you hear me?,can you hear,
PLAYER_POSITIONS,356532,6/27/2026 10:18:40 AM,90eec047-676b-4d50-9684-e8707ca80941,2.0,,,,,,,,,,,,,,,,,,,,,,,,,,,,,,,,,,,"(-15.4, 0.4, -1.6)","(-15.9, 1.1, -1.8)","(-16.3, 0.4, -1.9)",
PLAYER_POSITIONS,356532,6/27/2026 10:18:40 AM,90eec047-676b-4d50-9684-e8707ca80941,2.0,,,,,,,,,,,,,,,,,,,,,,,,,,,,,,,,,,,"(-15.4, 0.4, -1.6)","(-15.9, 1.1, -1.8)","(-16.3, 0.4, -1.9)",
PLAYER_POSITIONS,357042,6/27/2026 10:18:41 AM,90eec047-676b-4d50-9684-e8707ca80941,2.0,,,,,,,,,,,,,,,,,,,,,,,,,,,,,,,,,,,"(-15.5, 0.5, -1.9)","(-15.9, 1.1, -1.7)","(-16.1, 0.4, -1.9)",
PLAYER_POSITIONS,357042,6/27/2026 10:18:41 AM,90eec047-676b-4d50-9684-e8707ca80941,2.0,,,,,,,,,,,,,,,,,,,,,,,,,,,,,,,,,,,"(-15.5, 0.5, -1.9)","(-15.9, 1.1, -1.7)","(-16.1, 0.4, -1.9)",
VOICE_CAPTURE,357265,6/27/2026 10:18:41 AM,90eec047-676b-4d50-9684-e8707ca80941,2.0,,,,,,,,,,,,,,,,,,,,,,,,,,,,,,,,,,,,,,,,,,,,,,,,,,,NA,What year is it?,
PLAYER_POSITIONS,357554,6/27/2026 10:18:41 AM,90eec047-676b-4d50-9684-e8707ca80941,2.0,,,,,,,,,,,,,,,,,,,,,,,,,,,,,,,,,,,"(-15.5, 0.4, -1.8)","(-15.9, 1.1, -1.7)","(-16.2, 0.6, -1.7)",
PLAYER_POSITIONS,357554,6/27/2026 10:18:41 AM,90eec047-676b-4d50-9684-e8707ca80941,2.0,,,,,,,,,,,,,,,,,,,,,,,,,,,,,,,,,,,"(-15.5, 0.4, -1.8)","(-15.9, 1.1, -1.7)","(-16.2, 0.6, -1.7)",
VOICE_CAPTURE,357810,6/27/2026 10:18:41 AM,90eec047-676b-4d50-9684-e8707ca80941,2.0,,,,,,,,,,,,,,,,,,,,,,,,,,,,,,,,,,,,,,,,,,,,,,,,,,,NA,What year is it?,
VOICE_CAPTURE,357810,6/27/2026 10:18:41 AM,90eec047-676b-4d50-9684-e8707ca80941,2.0,,,,,,,,,,,,,,,,,,,,,,,,,,,,,,,,,,,,,,,,,,,,,,,,,,,NA,What year is it?,
VOICE_COMMAND,357810,6/27/2026 10:18:41 AM,90eec047-676b-4d50-9684-e8707ca80941,2.0,,,,,,,,,,,,,,,,,,,,,,,,,,,,,,,,,,,,,,,,,,,,,,,,,,,What year is it?,what year is it,
PLAYER_POSITIONS,358064,6/27/2026 10:18:42 AM,90eec047-676b-4d50-9684-e8707ca80941,2.0,,,,,,,,,,,,,,,,,,,,,,,,,,,,,,,,,,,"(-15.6, 0.5, -1.8)","(-15.9, 1.1, -1.8)","(-16.2, 0.5, -2.1)",
PLAYER_POSITIONS,358064,6/27/2026 10:18:42 AM,90eec047-676b-4d50-9684-e8707ca80941,2.0,,,,,,,,,,,,,,,,,,,,,,,,,,,,,,,,,,,"(-15.6, 0.5, -1.8)","(-15.9, 1.1, -1.8)","(-16.2, 0.5, -2.1)",
TOOL_HOVER,358206,6/27/2026 10:18:42 AM,90eec047-676b-4d50-9684-e8707ca80941,2.0,,,,,,,,,,,,,,,,,,,,,,,,,,,,,,,,,,,,,,,,,,,,,,994,,Tourniquet,
TOOL_SELECTED,358208,6/27/2026 10:18:42 AM,90eec047-676b-4d50-9684-e8707ca80941,2.0,,,,,,,,,,,,,,,,,,,,,,,,,,,,,,,,,,,,,,,,,,,,,,993,,Tourniquet,
VOICE_CAPTURE,358243,6/27/2026 10:18:42 AM,90eec047-676b-4d50-9684-e8707ca80941,2.0,,,,,,,,,,,,,,,,,,,,,,,,,,,,,,,,,,,,,,,,,,,,,,,,,,,NA,What year is it?,
PLAYER_POSITIONS,358587,6/27/2026 10:18:42 AM,90eec047-676b-4d50-9684-e8707ca80941,2.0,,,,,,,,,,,,,,,,,,,,,,,,,,,,,,,,,,,"(-15.5, 0.4, -1.6)","(-15.8, 1.1, -1.8)","(-15.9, 0.5, -2.1)",
PLAYER_POSITIONS,358587,6/27/2026 10:18:42 AM,90eec047-676b-4d50-9684-e8707ca80941,2.0,,,,,,,,,,,,,,,,,,,,,,,,,,,,,,,,,,,"(-15.5, 0.4, -1.6)","(-15.8, 1.1, -1.8)","(-15.9, 0.5, -2.1)",
VOICE_CAPTURE,358764,6/27/2026 10:18:42 AM,90eec047-676b-4d50-9684-e8707ca80941,2.0,,,,,,,,,,,,,,,,,,,,,,,,,,,,,,,,,,,,,,,,,,,,,,,,,,,NA,What year is it?,
PLAYER_POSITIONS,359097,6/27/2026 10:18:43 AM,90eec047-676b-4d50-9684-e8707ca80941,2.0,,,,,,,,,,,,,,,,,,,,,,,,,,,,,,,,,,,"(-15.5, 0.4, -1.6)","(-15.6, 1.0, -1.9)","(-15.7, 0.4, -2.2)",
PLAYER_POSITIONS,359097,6/27/2026 10:18:43 AM,90eec047-676b-4d50-9684-e8707ca80941,2.0,,,,,,,,,,,,,,,,,,,,,,,,,,,,,,,,,,,"(-15.5, 0.4, -1.6)","(-15.6, 1.0, -1.9)","(-15.7, 0.4, -2.2)",
PLAYER_POSITIONS,359627,6/27/2026 10:18:43 AM,90eec047-676b-4d50-9684-e8707ca80941,2.0,,,,,,,,,,,,,,,,,,,,,,,,,,,,,,,,,,,"(-15.4, 0.3, -1.6)","(-15.6, 1.0, -1.9)","(-15.7, 0.4, -2.2)",
PLAYER_POSITIONS,359627,6/27/2026 10:18:43 AM,90eec047-676b-4d50-9684-e8707ca80941,2.0,,,,,,,,,,,,,,,,,,,,,,,,,,,,,,,,,,,"(-15.4, 0.3, -1.6)","(-15.6, 1.0, -1.9)","(-15.7, 0.4, -2.2)",
VOICE_CAPTURE,359748,6/27/2026 10:18:43 AM,90eec047-676b-4d50-9684-e8707ca80941,2.0,,,,,,,,,,,,,,,,,,,,,,,,,,,,,,,,,,,,,,,,,,,,,,,,,,,NA,High and tight.,
INJURY_TREATED,359971,6/27/2026 10:18:44 AM,90eec047-676b-4d50-9684-e8707ca80941,2.0,,,,,,,,,rightArm,R Arm Amputation,"(-15.6, 0.3, -2.2)",tourniquet,1,1,high,True,True,,,,,,,Civilian PT 8,
TOOL_APPLIED,359971,6/27/2026 10:18:44 AM,90eec047-676b-4d50-9684-e8707ca80941,2.0,,,,,,,,,,,,,,,,,,,,,,,,Civilian PT 8,,,,,,,,,,,,,,,,,,,,AppliedTourniquet,RightArm (UnityEngine.GameObject),,Tourniquet(Clone) (UnityEngine.GameObject),Tourniquet,
PLAYER_POSITIONS,360149,6/27/2026 10:18:44 AM,90eec047-676b-4d50-9684-e8707ca80941,2.0,,,,,,,,,,,,,,,,,,,,,,,,,,,,,,,,,,,"(-15.4, 0.3, -1.6)","(-15.7, 1.0, -1.9)","(-15.7, 0.4, -2.2)",
PLAYER_POSITIONS,360149,6/27/2026 10:18:44 AM,90eec047-676b-4d50-9684-e8707ca80941,2.0,,,,,,,,,,,,,,,,,,,,,,,,,,,,,,,,,,,"(-15.4, 0.3, -1.6)","(-15.7, 1.0, -1.9)","(-15.7, 0.4, -2.2)",
VOICE_CAPTURE,360314,6/27/2026 10:18:44 AM,90eec047-676b-4d50-9684-e8707ca80941,2.0,,,,,,,,,,,,,,,,,,,,,,,,,,,,,,,,,,,,,,,,,,,,,,,,,,,NA,High and tight. Can we get that on there?,
AUDIO_END,360358,6/27/2026 10:18:44 AM,90eec047-676b-4d50-9684-e8707ca80941,2.0,delta needs air support on west exit,5.067755,
NARRATIVE_SECTION_END,360358,6/27/2026 10:18:44 AM,90eec047-676b-4d50-9684-e8707ca80941,2.0,,,,,,,,,,,,,,,,,,Delta needs air support on west exit,39,
NARRATIVE_SECTION_START,360376,6/27/2026 10:18:44 AM,90eec047-676b-4d50-9684-e8707ca80941,2.0,,,,,,,,,,,,,,,,,,Request GBU 38,40,
PLAYER_POSITIONS,360669,6/27/2026 10:18:44 AM,90eec047-676b-4d50-9684-e8707ca80941,2.0,,,,,,,,,,,,,,,,,,,,,,,,,,,,,,,,,,,"(-15.5, 0.4, -1.7)","(-15.9, 1.1, -1.8)","(-16.2, 0.6, -2.0)",
PLAYER_POSITIONS,360669,6/27/2026 10:18:44 AM,90eec047-676b-4d50-9684-e8707ca80941,2.0,,,,,,,,,,,,,,,,,,,,,,,,,,,,,,,,,,,"(-15.5, 0.4, -1.7)","(-15.9, 1.1, -1.8)","(-16.2, 0.6, -2.0)",
VOICE_CAPTURE,360769,6/27/2026 10:18:44 AM,90eec047-676b-4d50-9684-e8707ca80941,2.0,,,,,,,,,,,,,,,,,,,,,,,,,,,,,,,,,,,,,,,,,,,,,,,,,,,NA,High and tight. Can we get that on there? tight can you get that on there,
TOOL_HOVER,360872,6/27/2026 10:18:44 AM,90eec047-676b-4d50-9684-e8707ca80941,2.0,,,,,,,,,,,,,,,,,,,,,,,,,,,,,,,,,,,,,,,,,,,,,,993,,Tourniquet,
TOOL_HOVER,360984,6/27/2026 10:18:45 AM,90eec047-676b-4d50-9684-e8707ca80941,2.0,,,,,,,,,,,,,,,,,,,,,,,,,,,,,,,,,,,,,,,,,,,,,,997,,Hemostatic Gauze,
PLAYER_POSITIONS,361197,6/27/2026 10:18:45 AM,90eec047-676b-4d50-9684-e8707ca80941,2.0,,,,,,,,,,,,,,,,,,,,,,,,,,,,,,,,,,,"(-15.6, 0.4, -1.7)","(-16.1, 1.0, -1.8)","(-16.4, 0.6, -2.2)",
PLAYER_POSITIONS,361197,6/27/2026 10:18:45 AM,90eec047-676b-4d50-9684-e8707ca80941,2.0,,,,,,,,,,,,,,,,,,,,,,,,,,,,,,,,,,,"(-15.6, 0.4, -1.7)","(-16.1, 1.0, -1.8)","(-16.4, 0.6, -2.2)",
VOICE_CAPTURE,361231,6/27/2026 10:18:45 AM,90eec047-676b-4d50-9684-e8707ca80941,2.0,,,,,,,,,,,,,,,,,,,,,,,,,,,,,,,,,,,,,,,,,,,,,,,,,,,NA,High and tight. Can we get that on there? Can we get that on there?,
TOOL_SELECTED,361285,6/27/2026 10:18:45 AM,90eec047-676b-4d50-9684-e8707ca80941,2.0,,,,,,,,,,,,,,,,,,,,,,,,,,,,,,,,,,,,,,,,,,,,,,996,,Hemostatic Gauze,
PLAYER_POSITIONS,361710,6/27/2026 10:18:45 AM,90eec047-676b-4d50-9684-e8707ca80941,2.0,,,,,,,,,,,,,,,,,,,,,,,,,,,,,,,,,,,"(-15.6, 0.4, -1.7)","(-15.9, 1.0, -1.9)","(-16.0, 0.6, -2.0)",
PLAYER_POSITIONS,361710,6/27/2026 10:18:45 AM,90eec047-676b-4d50-9684-e8707ca80941,2.0,,,,,,,,,,,,,,,,,,,,,,,,,,,,,,,,,,,"(-15.6, 0.4, -1.7)","(-15.9, 1.0, -1.9)","(-16.0, 0.6, -2.0)",
VOICE_CAPTURE,361877,6/27/2026 10:18:45 AM,90eec047-676b-4d50-9684-e8707ca80941,2.0,,,,,,,,,,,,,,,,,,,,,,,,,,,,,,,,,,,,,,,,,,,,,,,,,,,NA,High and tight. Can we get that on there? tight can you get that on there,
PLAYER_POSITIONS,362242,6/27/2026 10:18:46 AM,90eec047-676b-4d50-9684-e8707ca80941,2.0,,,,,,,,,,,,,,,,,,,,,,,,,,,,,,,,,,,"(-15.5, 0.4, -1.6)","(-15.8, 1.0, -1.9)","(-15.7, 0.4, -2.2)",
PLAYER_POSITIONS,362242,6/27/2026 10:18:46 AM,90eec047-676b-4d50-9684-e8707ca80941,2.0,,,,,,,,,,,,,,,,,,,,,,,,,,,,,,,,,,,"(-15.5, 0.4, -1.6)","(-15.8, 1.0, -1.9)","(-15.7, 0.4, -2.2)",
VOICE_CAPTURE,362242,6/27/2026 10:18:46 AM,90eec047-676b-4d50-9684-e8707ca80941,2.0,,,,,,,,,,,,,,,,,,,,,,,,,,,,,,,,,,,,,,,,,,,,,,,,,,,NA,High and tight. Can we get that on there? Can we get that on there?,
AUDIO_START,362372,6/27/2026 10:18:46 AM,90eec047-676b-4d50-9684-e8707ca80941,2.0,request gbu 38,5.067755,
INJURY_TREATED,362432,6/27/2026 10:18:46 AM,90eec047-676b-4d50-9684-e8707ca80941,2.0,,,,,,,,,chest,R Shoulder Puncture,"(-15.7, 0.4, -2.2)",woundpack,1,1,medium,True,True,,,,,,,Civilian PT 8,
TOOL_APPLIED,362432,6/27/2026 10:18:46 AM,90eec047-676b-4d50-9684-e8707ca80941,2.0,,,,,,,,,,,,,,,,,,,,,,,,Civilian PT 8,,,,,,,,,,,,,,,,,,,,AppliedPackingGauze,skinCollider_BodyLOD (UnityEngine.GameObject),,Gauze Pack(Clone) (UnityEngine.GameObject),Hemostatic Gauze,
PULSE_TAKEN,362762,6/27/2026 10:18:46 AM,90eec047-676b-4d50-9684-e8707ca80941,2.0,,,,,,,,,,,,,,,,,,,,,,,,Civilian PT 8,,,,pulse_fast,
PLAYER_POSITIONS,362768,6/27/2026 10:18:46 AM,90eec047-676b-4d50-9684-e8707ca80941,2.0,,,,,,,,,,,,,,,,,,,,,,,,,,,,,,,,,,,"(-15.5, 0.3, -1.6)","(-15.8, 1.0, -1.9)","(-15.7, 0.4, -2.0)",
PLAYER_POSITIONS,362768,6/27/2026 10:18:46 AM,90eec047-676b-4d50-9684-e8707ca80941,2.0,,,,,,,,,,,,,,,,,,,,,,,,,,,,,,,,,,,"(-15.5, 0.3, -1.6)","(-15.8, 1.0, -1.9)","(-15.7, 0.4, -2.0)",
VOICE_CAPTURE,362769,6/27/2026 10:18:46 AM,90eec047-676b-4d50-9684-e8707ca80941,2.0,,,,,,,,,,,,,,,,,,,,,,,,,,,,,,,,,,,,,,,,,,,,,,,,,,,NA,High and tight. Can we get that on there? Can we get that on there?,
VOICE_CAPTURE,362769,6/27/2026 10:18:46 AM,90eec047-676b-4d50-9684-e8707ca80941,2.0,,,,,,,,,,,,,,,,,,,,,,,,,,,,,,,,,,,,,,,,,,,,,,,,,,,NA,High and tight. Can we get that on there? Can we get that on there?,
VOICE_CAPTURE,363255,6/27/2026 10:18:47 AM,90eec047-676b-4d50-9684-e8707ca80941,2.0,,,,,,,,,,,,,,,,,,,,,,,,,,,,,,,,,,,,,,,,,,,,,,,,,,,NA,I'm here.,
PLAYER_POSITIONS,363275,6/27/2026 10:18:47 AM,90eec047-676b-4d50-9684-e8707ca80941,2.0,,,,,,,,,,,,,,,,,,,,,,,,,,,,,,,,,,,"(-15.5, 0.4, -1.8)","(-15.8, 1.1, -1.8)","(-16.0, 0.4, -1.7)",
PLAYER_GAZE,363275,6/27/2026 10:18:47 AM,90eec047-676b-4d50-9684-e8707ca80941,2.0,,,,,,,,,,,,,,,,,,,,,,,,Civilian PT 8,,,,,,,,,"(0.0, 1.1, 0.0)",,,"(-15.8, 0.0, -1.8)",
PLAYER_POSITIONS,363275,6/27/2026 10:18:47 AM,90eec047-676b-4d50-9684-e8707ca80941,2.0,,,,,,,,,,,,,,,,,,,,,,,,,,,,,,,,,,,"(-15.5, 0.4, -1.8)","(-15.8, 1.1, -1.8)","(-16.0, 0.4, -1.7)",
PLAYER_GAZE,363275,6/27/2026 10:18:47 AM,90eec047-676b-4d50-9684-e8707ca80941,2.0,,,,,,,,,,,,,,,,,,,,,,,,Civilian PT 8,,,,,,,,,"(0.0, 1.1, 0.0)",,,"(-15.8, 0.0, -1.8)",
BAG_CLOSED,363295,6/27/2026 10:18:47 AM,90eec047-676b-4d50-9684-e8707ca80941,2.0,,,,,,,,,,,,,,,,,,,,,,,,,,,,,,,,,,,,"(0.0, 0.0, 0.0)",
VOICE_CAPTURE,363710,6/27/2026 10:18:47 AM,90eec047-676b-4d50-9684-e8707ca80941,2.0,,,,,,,,,,,,,,,,,,,,,,,,,,,,,,,,,,,,,,,,,,,,,,,,,,,NA,I'm here.,
VOICE_CAPTURE,363710,6/27/2026 10:18:47 AM,90eec047-676b-4d50-9684-e8707ca80941,2.0,,,,,,,,,,,,,,,,,,,,,,,,,,,,,,,,,,,,,,,,,,,,,,,,,,,NA,I'm here.,
PLAYER_POSITIONS,363793,6/27/2026 10:18:47 AM,90eec047-676b-4d50-9684-e8707ca80941,2.0,,,,,,,,,,,,,,,,,,,,,,,,,,,,,,,,,,,"(-15.5, 0.4, -1.6)","(-15.9, 1.1, -1.7)","(-16.1, 0.3, -1.6)",
PLAYER_POSITIONS,363793,6/27/2026 10:18:47 AM,90eec047-676b-4d50-9684-e8707ca80941,2.0,,,,,,,,,,,,,,,,,,,,,,,,,,,,,,,,,,,"(-15.5, 0.4, -1.6)","(-15.9, 1.1, -1.7)","(-16.1, 0.3, -1.6)",
PLAYER_POSITIONS,364304,6/27/2026 10:18:48 AM,90eec047-676b-4d50-9684-e8707ca80941,2.0,,,,,,,,,,,,,,,,,,,,,,,,,,,,,,,,,,,"(-15.6, 0.4, -1.7)","(-15.9, 1.1, -1.6)","(-16.4, 0.6, -1.7)",
PLAYER_POSITIONS,364304,6/27/2026 10:18:48 AM,90eec047-676b-4d50-9684-e8707ca80941,2.0,,,,,,,,,,,,,,,,,,,,,,,,,,,,,,,,,,,"(-15.6, 0.4, -1.7)","(-15.9, 1.1, -1.6)","(-16.4, 0.6, -1.7)",
VOICE_CAPTURE,364761,6/27/2026 10:18:48 AM,90eec047-676b-4d50-9684-e8707ca80941,2.0,,,,,,,,,,,,,,,,,,,,,,,,,,,,,,,,,,,,,,,,,,,,,,,,,,,NA,Thank you.,
PLAYER_POSITIONS,364827,6/27/2026 10:18:48 AM,90eec047-676b-4d50-9684-e8707ca80941,2.0,,,,,,,,,,,,,,,,,,,,,,,,,,,,,,,,,,,"(-15.6, 0.4, -1.7)","(-16.0, 1.1, -1.6)","(-16.3, 0.8, -1.5)",
PLAYER_POSITIONS,364827,6/27/2026 10:18:48 AM,90eec047-676b-4d50-9684-e8707ca80941,2.0,,,,,,,,,,,,,,,,,,,,,,,,,,,,,,,,,,,"(-15.6, 0.4, -1.7)","(-16.0, 1.1, -1.6)","(-16.3, 0.8, -1.5)",
VOICE_CAPTURE,365261,6/27/2026 10:18:49 AM,90eec047-676b-4d50-9684-e8707ca80941,2.0,,,,,,,,,,,,,,,,,,,,,,,,,,,,,,,,,,,,,,,,,,,,,,,,,,,NA,Thank you.,
VOICE_CAPTURE,365261,6/27/2026 10:18:49 AM,90eec047-676b-4d50-9684-e8707ca80941,2.0,,,,,,,,,,,,,,,,,,,,,,,,,,,,,,,,,,,,,,,,,,,,,,,,,,,NA,Thank you.,
PLAYER_POSITIONS,365349,6/27/2026 10:18:49 AM,90eec047-676b-4d50-9684-e8707ca80941,2.0,,,,,,,,,,,,,,,,,,,,,,,,,,,,,,,,,,,"(-15.7, 0.5, -1.7)","(-16.0, 1.1, -1.6)","(-16.4, 0.4, -1.7)",
PLAYER_POSITIONS,365349,6/27/2026 10:18:49 AM,90eec047-676b-4d50-9684-e8707ca80941,2.0,,,,,,,,,,,,,,,,,,,,,,,,,,,,,,,,,,,"(-15.7, 0.5, -1.7)","(-16.0, 1.1, -1.6)","(-16.4, 0.4, -1.7)",
VOICE_CAPTURE,365760,6/27/2026 10:18:49 AM,90eec047-676b-4d50-9684-e8707ca80941,2.0,,,,,,,,,,,,,,,,,,,,,,,,,,,,,,,,,,,,,,,,,,,,,,,,,,,NA,you.,
TOOL_HOVER,365868,6/27/2026 10:18:49 AM,90eec047-676b-4d50-9684-e8707ca80941,2.0,,,,,,,,,,,,,,,,,,,,,,,,,,,,,,,,,,,,,,,,,,,,,,992,,Fentanyl Lollipop,
PLAYER_POSITIONS,365872,6/27/2026 10:18:49 AM,90eec047-676b-4d50-9684-e8707ca80941,2.0,,,,,,,,,,,,,,,,,,,,,,,,,,,,,,,,,,,"(-15.6, 0.4, -1.7)","(-16.1, 1.1, -1.5)","(-16.5, 0.7, -1.4)",
PLAYER_POSITIONS,365872,6/27/2026 10:18:49 AM,90eec047-676b-4d50-9684-e8707ca80941,2.0,,,,,,,,,,,,,,,,,,,,,,,,,,,,,,,,,,,"(-15.6, 0.4, -1.7)","(-16.1, 1.1, -1.5)","(-16.5, 0.7, -1.4)",
TOOL_SELECTED,366092,6/27/2026 10:18:50 AM,90eec047-676b-4d50-9684-e8707ca80941,2.0,,,,,,,,,,,,,,,,,,,,,,,,,,,,,,,,,,,,,,,,,,,,,,991,,Fentanyl Lollipop,
VOICE_CAPTURE,366282,6/27/2026 10:18:50 AM,90eec047-676b-4d50-9684-e8707ca80941,2.0,,,,,,,,,,,,,,,,,,,,,,,,,,,,,,,,,,,,,,,,,,,,,,,,,,,NA,you. Evac is on the way.,
PLAYER_POSITIONS,366386,6/27/2026 10:18:50 AM,90eec047-676b-4d50-9684-e8707ca80941,2.0,,,,,,,,,,,,,,,,,,,,,,,,,,,,,,,,,,,"(-15.7, 0.4, -1.7)","(-16.0, 1.1, -1.6)","(-16.2, 0.7, -1.7)",
PLAYER_POSITIONS,366386,6/27/2026 10:18:50 AM,90eec047-676b-4d50-9684-e8707ca80941,2.0,,,,,,,,,,,,,,,,,,,,,,,,,,,,,,,,,,,"(-15.7, 0.4, -1.7)","(-16.0, 1.1, -1.6)","(-16.2, 0.7, -1.7)",
VOICE_CAPTURE,366766,6/27/2026 10:18:50 AM,90eec047-676b-4d50-9684-e8707ca80941,2.0,,,,,,,,,,,,,,,,,,,,,,,,,,,,,,,,,,,,,,,,,,,,,,,,,,,NA,you. Evac is on the way.,
VOICE_CAPTURE,366766,6/27/2026 10:18:50 AM,90eec047-676b-4d50-9684-e8707ca80941,2.0,,,,,,,,,,,,,,,,,,,,,,,,,,,,,,,,,,,,,,,,,,,,,,,,,,,NA,you. Evac is on the way.,
PLAYER_POSITIONS,366900,6/27/2026 10:18:50 AM,90eec047-676b-4d50-9684-e8707ca80941,2.0,,,,,,,,,,,,,,,,,,,,,,,,,,,,,,,,,,,"(-15.4, 0.4, -1.5)","(-15.8, 1.1, -1.7)","(-15.8, 0.6, -2.2)",
PLAYER_POSITIONS,366900,6/27/2026 10:18:50 AM,90eec047-676b-4d50-9684-e8707ca80941,2.0,,,,,,,,,,,,,,,,,,,,,,,,,,,,,,,,,,,"(-15.4, 0.4, -1.5)","(-15.8, 1.1, -1.7)","(-15.8, 0.6, -2.2)",
VOICE_CAPTURE,367300,6/27/2026 10:18:51 AM,90eec047-676b-4d50-9684-e8707ca80941,2.0,,,,,,,,,,,,,,,,,,,,,,,,,,,,,,,,,,,,,,,,,,,,,,,,,,,NA,I'm going to give you some pain.,
PLAYER_POSITIONS,367411,6/27/2026 10:18:51 AM,90eec047-676b-4d50-9684-e8707ca80941,2.0,,,,,,,,,,,,,,,,,,,,,,,,,,,,,,,,,,,"(-15.5, 0.4, -1.6)","(-15.8, 1.1, -1.7)","(-15.8, 0.6, -2.2)",
PLAYER_POSITIONS,367411,6/27/2026 10:18:51 AM,90eec047-676b-4d50-9684-e8707ca80941,2.0,,,,,,,,,,,,,,,,,,,,,,,,,,,,,,,,,,,"(-15.5, 0.4, -1.6)","(-15.8, 1.1, -1.7)","(-15.8, 0.6, -2.2)",
AUDIO_END,367434,6/27/2026 10:18:51 AM,90eec047-676b-4d50-9684-e8707ca80941,2.0,request gbu 38,5.067755,
NARRATIVE_SECTION_END,367434,6/27/2026 10:18:51 AM,90eec047-676b-4d50-9684-e8707ca80941,2.0,,,,,,,,,,,,,,,,,,Request GBU 38,40,
NARRATIVE_SECTION_START,367474,6/27/2026 10:18:51 AM,90eec047-676b-4d50-9684-e8707ca80941,2.0,,,,,,,,,,,,,,,,,,Razor 1 inbound,41,
INJURY_TREATED,367480,6/27/2026 10:18:51 AM,90eec047-676b-4d50-9684-e8707ca80941,2.0,,,,,,,,,head,Unspecified,"(0.0, 0.0, 0.0)",none,1,1,none,True,False,,,,,,,Civilian PT 8,
TOOL_APPLIED,367480,6/27/2026 10:18:51 AM,90eec047-676b-4d50-9684-e8707ca80941,2.0,,,,,,,,,,,,,,,,,,,,,,,,Civilian PT 8,,,,,,,,,,,,,,,,,,,,AppliedLollipop,Jaw (UnityEngine.GameObject),,Fentanyl Lollipop(Clone) (UnityEngine.GameObject),Fentanyl Lollipop,
VOICE_CAPTURE,367822,6/27/2026 10:18:51 AM,90eec047-676b-4d50-9684-e8707ca80941,2.0,,,,,,,,,,,,,,,,,,,,,,,,,,,,,,,,,,,,,,,,,,,,,,,,,,,NA,I'm going to give you some pain meds and ammo.,
PLAYER_POSITIONS,367932,6/27/2026 10:18:52 AM,90eec047-676b-4d50-9684-e8707ca80941,2.0,,,,,,,,,,,,,,,,,,,,,,,,,,,,,,,,,,,"(-15.5, 0.4, -1.6)","(-16.0, 1.2, -1.6)","(-15.9, 0.6, -1.8)",
PLAYER_POSITIONS,367932,6/27/2026 10:18:52 AM,90eec047-676b-4d50-9684-e8707ca80941,2.0,,,,,,,,,,,,,,,,,,,,,,,,,,,,,,,,,,,"(-15.5, 0.4, -1.6)","(-16.0, 1.2, -1.6)","(-15.9, 0.6, -1.8)",
VOICE_CAPTURE,368265,6/27/2026 10:18:52 AM,90eec047-676b-4d50-9684-e8707ca80941,2.0,,,,,,,,,,,,,,,,,,,,,,,,,,,,,,,,,,,,,,,,,,,,,,,,,,,NA,I'm going to give you some pain meds and ammo. I'm gonna give you some pain meds and antibiotics.,
PLAYER_POSITIONS,368443,6/27/2026 10:18:52 AM,90eec047-676b-4d50-9684-e8707ca80941,2.0,,,,,,,,,,,,,,,,,,,,,,,,,,,,,,,,,,,"(-15.7, 0.5, -1.8)","(-16.1, 1.1, -1.6)","(-16.7, 0.6, -1.5)",
PLAYER_POSITIONS,368443,6/27/2026 10:18:52 AM,90eec047-676b-4d50-9684-e8707ca80941,2.0,,,,,,,,,,,,,,,,,,,,,,,,,,,,,,,,,,,"(-15.7, 0.5, -1.8)","(-16.1, 1.1, -1.6)","(-16.7, 0.6, -1.5)",
TOOL_HOVER,368463,6/27/2026 10:18:52 AM,90eec047-676b-4d50-9684-e8707ca80941,2.0,,,,,,,,,,,,,,,,,,,,,,,,,,,,,,,,,,,,,,,,,,,,,,993,,Antibiotics,
TOOL_SELECTED,368643,6/27/2026 10:18:52 AM,90eec047-676b-4d50-9684-e8707ca80941,2.0,,,,,,,,,,,,,,,,,,,,,,,,,,,,,,,,,,,,,,,,,,,,,,992,,Antibiotics,
VOICE_CAPTURE,368766,6/27/2026 10:18:52 AM,90eec047-676b-4d50-9684-e8707ca80941,2.0,,,,,,,,,,,,,,,,,,,,,,,,,,,,,,,,,,,,,,,,,,,,,,,,,,,NA,I'm going to give you some pain meds and ammo. I'm going to give you some pain meds and antibiotics.,
PLAYER_POSITIONS,368944,6/27/2026 10:18:53 AM,90eec047-676b-4d50-9684-e8707ca80941,2.0,,,,,,,,,,,,,,,,,,,,,,,,,,,,,,,,,,,"(-15.6, 0.4, -1.7)","(-16.1, 1.1, -1.6)","(-16.2, 0.6, -1.8)",
PLAYER_POSITIONS,368944,6/27/2026 10:18:53 AM,90eec047-676b-4d50-9684-e8707ca80941,2.0,,,,,,,,,,,,,,,,,,,,,,,,,,,,,,,,,,,"(-15.6, 0.4, -1.7)","(-16.1, 1.1, -1.6)","(-16.2, 0.6, -1.8)",
VOICE_CAPTURE,369268,6/27/2026 10:18:53 AM,90eec047-676b-4d50-9684-e8707ca80941,2.0,,,,,,,,,,,,,,,,,,,,,,,,,,,,,,,,,,,,,,,,,,,,,,,,,,,NA,I'm going to give you some pain meds and ammo. I'm going to give you some pain meds and antibiotics.,
VOICE_CAPTURE,369268,6/27/2026 10:18:53 AM,90eec047-676b-4d50-9684-e8707ca80941,2.0,,,,,,,,,,,,,,,,,,,,,,,,,,,,,,,,,,,,,,,,,,,,,,,,,,,NA,I'm going to give you some pain meds and ammo. I'm going to give you some pain meds and antibiotics.,
VOICE_COMMAND,369268,6/27/2026 10:18:53 AM,90eec047-676b-4d50-9684-e8707ca80941,2.0,,,,,,,,,,,,,,,,,,,,,,,,,,,,,,,,,,,,,,,,,,,,,,,,,,,I'm going to give you some pain meds and ammo. I'm going to give you some pain meds and antibiotics.,are you in pain,
AUDIO_START,369467,6/27/2026 10:18:53 AM,90eec047-676b-4d50-9684-e8707ca80941,2.0,razor 1 inbound,3.343673,
PLAYER_POSITIONS,369467,6/27/2026 10:18:53 AM,90eec047-676b-4d50-9684-e8707ca80941,2.0,,,,,,,,,,,,,,,,,,,,,,,,,,,,,,,,,,,"(-15.5, 0.4, -1.6)","(-15.8, 1.1, -1.8)","(-15.8, 0.6, -2.2)",
PLAYER_POSITIONS,369467,6/27/2026 10:18:53 AM,90eec047-676b-4d50-9684-e8707ca80941,2.0,,,,,,,,,,,,,,,,,,,,,,,,,,,,,,,,,,,"(-15.5, 0.4, -1.6)","(-15.8, 1.1, -1.8)","(-15.8, 0.6, -2.2)",
PLAYER_POSITIONS,369962,6/27/2026 10:18:54 AM,90eec047-676b-4d50-9684-e8707ca80941,2.0,,,,,,,,,,,,,,,,,,,,,,,,,,,,,,,,,,,"(-15.4, 0.4, -1.5)","(-15.8, 1.1, -1.8)","(-15.9, 0.6, -2.2)",
PLAYER_POSITIONS,369962,6/27/2026 10:18:54 AM,90eec047-676b-4d50-9684-e8707ca80941,2.0,,,,,,,,,,,,,,,,,,,,,,,,,,,,,,,,,,,"(-15.4, 0.4, -1.5)","(-15.8, 1.1, -1.8)","(-15.9, 0.6, -2.2)",
INJURY_TREATED,370263,6/27/2026 10:18:54 AM,90eec047-676b-4d50-9684-e8707ca80941,2.0,,,,,,,,,head,Unspecified,"(0.0, 0.0, 0.0)",none,1,1,none,True,False,,,,,,,Civilian PT 8,
TOOL_APPLIED,370263,6/27/2026 10:18:54 AM,90eec047-676b-4d50-9684-e8707ca80941,2.0,,,,,,,,,,,,,,,,,,,,,,,,Civilian PT 8,,,,,,,,,,,,,,,,,,,,AppliedAntibiotics,Jaw (UnityEngine.GameObject),,null,Antibiotics,
PLAYER_POSITIONS,370464,6/27/2026 10:18:54 AM,90eec047-676b-4d50-9684-e8707ca80941,2.0,,,,,,,,,,,,,,,,,,,,,,,,,,,,,,,,,,,"(-15.5, 0.4, -1.6)","(-15.8, 1.1, -1.8)","(-15.9, 0.6, -2.2)",
PLAYER_POSITIONS,370464,6/27/2026 10:18:54 AM,90eec047-676b-4d50-9684-e8707ca80941,2.0,,,,,,,,,,,,,,,,,,,,,,,,,,,,,,,,,,,"(-15.5, 0.4, -1.6)","(-15.8, 1.1, -1.8)","(-15.9, 0.6, -2.2)",
BAG_CLOSED,370982,6/27/2026 10:18:55 AM,90eec047-676b-4d50-9684-e8707ca80941,2.0,,,,,,,,,,,,,,,,,,,,,,,,,,,,,,,,,,,,"(0.0, 0.0, 0.0)",
PLAYER_POSITIONS,370985,6/27/2026 10:18:55 AM,90eec047-676b-4d50-9684-e8707ca80941,2.0,,,,,,,,,,,,,,,,,,,,,,,,,,,,,,,,,,,"(-15.5, 0.4, -1.6)","(-15.8, 1.1, -1.8)","(-15.9, 0.3, -1.8)",
PLAYER_POSITIONS,370985,6/27/2026 10:18:55 AM,90eec047-676b-4d50-9684-e8707ca80941,2.0,,,,,,,,,,,,,,,,,,,,,,,,,,,,,,,,,,,"(-15.5, 0.4, -1.6)","(-15.8, 1.1, -1.8)","(-15.9, 0.3, -1.8)",
PLAYER_POSITIONS,371495,6/27/2026 10:18:55 AM,90eec047-676b-4d50-9684-e8707ca80941,2.0,,,,,,,,,,,,,,,,,,,,,,,,,,,,,,,,,,,"(-15.7, 0.4, -1.4)","(-15.8, 1.2, -1.3)","(-16.1, 0.4, -1.4)",
PLAYER_POSITIONS,371495,6/27/2026 10:18:55 AM,90eec047-676b-4d50-9684-e8707ca80941,2.0,,,,,,,,,,,,,,,,,,,,,,,,,,,,,,,,,,,"(-15.7, 0.4, -1.4)","(-15.8, 1.2, -1.3)","(-16.1, 0.4, -1.4)",
PLAYER_POSITIONS,372017,6/27/2026 10:18:56 AM,90eec047-676b-4d50-9684-e8707ca80941,2.0,,,,,,,,,,,,,,,,,,,,,,,,,,,,,,,,,,,"(-15.0, 0.4, -1.4)","(-15.0, 1.2, -1.2)","(-14.9, 0.7, -1.4)",
PLAYER_POSITIONS,372017,6/27/2026 10:18:56 AM,90eec047-676b-4d50-9684-e8707ca80941,2.0,,,,,,,,,,,,,,,,,,,,,,,,,,,,,,,,,,,"(-15.0, 0.4, -1.4)","(-15.0, 1.2, -1.2)","(-14.9, 0.7, -1.4)",
PATIENT_DISENGAGED,372481,6/27/2026 10:18:56 AM,90eec047-676b-4d50-9684-e8707ca80941,2.0,,,,19.18,,,,,,,,,,,,,,,,fast,100,Infinity,normal,Civilian PT 8,upset,sittingGround,"(-15.8, -0.1, -1.8)",fast,"(0.0, 0.4, 0.0, 0.9)",normal,IMMEDIATE,still,,,,,,,,,,,,,,,,,19.18,
PATIENT_ENGAGED,372481,6/27/2026 10:18:56 AM,90eec047-676b-4d50-9684-e8707ca80941,2.0,,,,0,,,,,,,,,,,,,,,,collapsedBoth,100,Infinity,normal,Military PT 9,unresponsive,supine,"(-12.7, -0.1, -1.8)",faint,"(0.0, -0.7, 0.0, 0.7)",normal,EXPECTANT,still,,,,,,,,,,,,,,,,,0,
PLAYER_POSITIONS,372527,6/27/2026 10:18:56 AM,90eec047-676b-4d50-9684-e8707ca80941,2.0,,,,,,,,,,,,,,,,,,,,,,,,,,,,,,,,,,,"(-14.0, 0.3, -1.3)","(-14.2, 1.2, -1.4)","(-14.4, 0.4, -1.6)",
PLAYER_POSITIONS,372527,6/27/2026 10:18:56 AM,90eec047-676b-4d50-9684-e8707ca80941,2.0,,,,,,,,,,,,,,,,,,,,,,,,,,,,,,,,,,,"(-14.0, 0.3, -1.3)","(-14.2, 1.2, -1.4)","(-14.4, 0.4, -1.6)",
AUDIO_END,372818,6/27/2026 10:18:56 AM,90eec047-676b-4d50-9684-e8707ca80941,2.0,razor 1 inbound,3.343673,
NARRATIVE_SECTION_END,372818,6/27/2026 10:18:56 AM,90eec047-676b-4d50-9684-e8707ca80941,2.0,,,,,,,,,,,,,,,,,,Razor 1 inbound,41,
NARRATIVE_SECTION_START,372834,6/27/2026 10:18:56 AM,90eec047-676b-4d50-9684-e8707ca80941,2.0,,,,,,,,,,,,,,,,,,Delta this is razor 1 cleared hot,42,
PLAYER_POSITIONS,373038,6/27/2026 10:18:57 AM,90eec047-676b-4d50-9684-e8707ca80941,2.0,,,,,,,,,,,,,,,,,,,,,,,,,,,,,,,,,,,"(-13.4, 0.4, -1.8)","(-13.4, 1.2, -1.8)","(-13.7, 0.4, -1.9)",
PLAYER_POSITIONS,373038,6/27/2026 10:18:57 AM,90eec047-676b-4d50-9684-e8707ca80941,2.0,,,,,,,,,,,,,,,,,,,,,,,,,,,,,,,,,,,"(-13.4, 0.4, -1.8)","(-13.4, 1.2, -1.8)","(-13.7, 0.4, -1.9)",
PLAYER_POSITIONS,373559,6/27/2026 10:18:57 AM,90eec047-676b-4d50-9684-e8707ca80941,2.0,,,,,,,,,,,,,,,,,,,,,,,,,,,,,,,,,,,"(-12.7, 0.3, -2.1)","(-12.7, 1.1, -2.2)","(-12.9, 0.5, -2.3)",
PLAYER_POSITIONS,373559,6/27/2026 10:18:57 AM,90eec047-676b-4d50-9684-e8707ca80941,2.0,,,,,,,,,,,,,,,,,,,,,,,,,,,,,,,,,,,"(-12.7, 0.3, -2.1)","(-12.7, 1.1, -2.2)","(-12.9, 0.5, -2.3)",
PLAYER_POSITIONS,374068,6/27/2026 10:18:58 AM,90eec047-676b-4d50-9684-e8707ca80941,2.0,,,,,,,,,,,,,,,,,,,,,,,,,,,,,,,,,,,"(-12.3, 0.4, -2.3)","(-12.3, 1.1, -2.4)","(-12.4, 0.4, -2.6)",
PLAYER_POSITIONS,374068,6/27/2026 10:18:58 AM,90eec047-676b-4d50-9684-e8707ca80941,2.0,,,,,,,,,,,,,,,,,,,,,,,,,,,,,,,,,,,"(-12.3, 0.4, -2.3)","(-12.3, 1.1, -2.4)","(-12.4, 0.4, -2.6)",
PULSE_TAKEN,374526,6/27/2026 10:18:58 AM,90eec047-676b-4d50-9684-e8707ca80941,2.0,,,,,,,,,,,,,,,,,,,,,,,,Military PT 9,,,,pulse_faint,
PLAYER_POSITIONS,374572,6/27/2026 10:18:58 AM,90eec047-676b-4d50-9684-e8707ca80941,2.0,,,,,,,,,,,,,,,,,,,,,,,,,,,,,,,,,,,"(-12.3, 0.3, -2.3)","(-12.2, 0.8, -2.4)","(-12.2, 0.1, -2.5)",
PLAYER_POSITIONS,374572,6/27/2026 10:18:58 AM,90eec047-676b-4d50-9684-e8707ca80941,2.0,,,,,,,,,,,,,,,,,,,,,,,,,,,,,,,,,,,"(-12.3, 0.3, -2.3)","(-12.2, 0.8, -2.4)","(-12.2, 0.1, -2.5)",
AUDIO_START,374822,6/27/2026 10:18:58 AM,90eec047-676b-4d50-9684-e8707ca80941,2.0,delta this is razor 1 cleared hot,4.362449,
PLAYER_POSITIONS,375084,6/27/2026 10:18:59 AM,90eec047-676b-4d50-9684-e8707ca80941,2.0,,,,,,,,,,,,,,,,,,,,,,,,,,,,,,,,,,,"(-12.3, 0.3, -2.3)","(-12.2, 0.8, -2.4)","(-12.1, 0.1, -2.4)",
PLAYER_POSITIONS,375084,6/27/2026 10:18:59 AM,90eec047-676b-4d50-9684-e8707ca80941,2.0,,,,,,,,,,,,,,,,,,,,,,,,,,,,,,,,,,,"(-12.3, 0.3, -2.3)","(-12.2, 0.8, -2.4)","(-12.1, 0.1, -2.4)",
DRAG_STOP,375319,6/27/2026 10:18:59 AM,90eec047-676b-4d50-9684-e8707ca80941,2.0,,,,,"(-14.1, 0.0, 1.9)","(-13.9, 0.0, 5.1)",,,,,,,,,,,,,,,,,,Military PT 9,
DRAG_STOP,375431,6/27/2026 10:18:59 AM,90eec047-676b-4d50-9684-e8707ca80941,2.0,,,,,"(-14.3, 0.0, 1.6)","(-14.1, 0.0, 1.9)",,,,,,,,,,,,,,,,,,Military PT 9,
PLAYER_POSITIONS,375606,6/27/2026 10:18:59 AM,90eec047-676b-4d50-9684-e8707ca80941,2.0,,,,,,,,,,,,,,,,,,,,,,,,,,,,,,,,,,,"(-12.3, 0.3, -2.5)","(-12.1, 0.9, -2.6)","(-12.3, 0.6, -2.8)",
PLAYER_POSITIONS,375606,6/27/2026 10:18:59 AM,90eec047-676b-4d50-9684-e8707ca80941,2.0,,,,,,,,,,,,,,,,,,,,,,,,,,,,,,,,,,,"(-12.3, 0.3, -2.5)","(-12.1, 0.9, -2.6)","(-12.3, 0.6, -2.8)",
VOICE_CAPTURE,375750,6/27/2026 10:18:59 AM,90eec047-676b-4d50-9684-e8707ca80941,2.0,,,,,,,,,,,,,,,,,,,,,,,,,,,,,,,,,,,,,,,,,,,,,,,,,,,NA,Holy.,
PLAYER_POSITIONS,376129,6/27/2026 10:19:00 AM,90eec047-676b-4d50-9684-e8707ca80941,2.0,,,,,,,,,,,,,,,,,,,,,,,,,,,,,,,,,,,"(-12.4, 0.4, -2.5)","(-12.2, 0.9, -2.6)","(-12.2, 0.2, -2.9)",
PLAYER_POSITIONS,376129,6/27/2026 10:19:00 AM,90eec047-676b-4d50-9684-e8707ca80941,2.0,,,,,,,,,,,,,,,,,,,,,,,,,,,,,,,,,,,"(-12.4, 0.4, -2.5)","(-12.2, 0.9, -2.6)","(-12.2, 0.2, -2.9)",
VOICE_CAPTURE,376218,6/27/2026 10:19:00 AM,90eec047-676b-4d50-9684-e8707ca80941,2.0,,,,,,,,,,,,,,,,,,,,,,,,,,,,,,,,,,,,,,,,,,,,,,,,,,,NA,Holy fuck.,
PLAYER_POSITIONS,376648,6/27/2026 10:19:00 AM,90eec047-676b-4d50-9684-e8707ca80941,2.0,,,,,,,,,,,,,,,,,,,,,,,,,,,,,,,,,,,"(-12.4, 0.3, -2.4)","(-12.3, 0.9, -2.4)","(-12.3, 0.4, -2.7)",
PLAYER_POSITIONS,376648,6/27/2026 10:19:00 AM,90eec047-676b-4d50-9684-e8707ca80941,2.0,,,,,,,,,,,,,,,,,,,,,,,,,,,,,,,,,,,"(-12.4, 0.3, -2.4)","(-12.3, 0.9, -2.4)","(-12.3, 0.4, -2.7)",
VOICE_CAPTURE,376742,6/27/2026 10:19:00 AM,90eec047-676b-4d50-9684-e8707ca80941,2.0,,,,,,,,,,,,,,,,,,,,,,,,,,,,,,,,,,,,,,,,,,,,,,,,,,,NA,Holy fuck.,
VOICE_CAPTURE,376742,6/27/2026 10:19:00 AM,90eec047-676b-4d50-9684-e8707ca80941,2.0,,,,,,,,,,,,,,,,,,,,,,,,,,,,,,,,,,,,,,,,,,,,,,,,,,,NA,Holy fuck.,
PLAYER_POSITIONS,377144,6/27/2026 10:19:01 AM,90eec047-676b-4d50-9684-e8707ca80941,2.0,,,,,,,,,,,,,,,,,,,,,,,,,,,,,,,,,,,"(-12.4, 0.3, -2.3)","(-12.4, 1.0, -2.6)","(-12.2, 0.4, -2.7)",
PLAYER_POSITIONS,377144,6/27/2026 10:19:01 AM,90eec047-676b-4d50-9684-e8707ca80941,2.0,,,,,,,,,,,,,,,,,,,,,,,,,,,,,,,,,,,"(-12.4, 0.3, -2.3)","(-12.4, 1.0, -2.6)","(-12.2, 0.4, -2.7)",
TOOL_HOVER,377480,6/27/2026 10:19:01 AM,90eec047-676b-4d50-9684-e8707ca80941,2.0,,,,,,,,,,,,,,,,,,,,,,,,,,,,,,,,,,,,,,,,,,,,,,991,,Fentanyl Lollipop,
PLAYER_POSITIONS,377667,6/27/2026 10:19:01 AM,90eec047-676b-4d50-9684-e8707ca80941,2.0,,,,,,,,,,,,,,,,,,,,,,,,,,,,,,,,,,,"(-12.4, 0.3, -2.4)","(-12.3, 1.0, -2.7)","(-12.2, 0.5, -3.2)",
PLAYER_POSITIONS,377667,6/27/2026 10:19:01 AM,90eec047-676b-4d50-9684-e8707ca80941,2.0,,,,,,,,,,,,,,,,,,,,,,,,,,,,,,,,,,,"(-12.4, 0.3, -2.4)","(-12.3, 1.0, -2.7)","(-12.2, 0.5, -3.2)",
TOOL_HOVER,377997,6/27/2026 10:19:02 AM,90eec047-676b-4d50-9684-e8707ca80941,2.0,,,,,,,,,,,,,,,,,,,,,,,,,,,,,,,,,,,,,,,,,,,,,,991,,Fentanyl Lollipop,
PLAYER_POSITIONS,378199,6/27/2026 10:19:02 AM,90eec047-676b-4d50-9684-e8707ca80941,2.0,,,,,,,,,,,,,,,,,,,,,,,,,,,,,,,,,,,"(-12.3, 0.3, -2.4)","(-12.2, 0.9, -2.7)","(-12.0, 0.4, -3.0)",
PLAYER_POSITIONS,378199,6/27/2026 10:19:02 AM,90eec047-676b-4d50-9684-e8707ca80941,2.0,,,,,,,,,,,,,,,,,,,,,,,,,,,,,,,,,,,"(-12.3, 0.3, -2.4)","(-12.2, 0.9, -2.7)","(-12.0, 0.4, -3.0)",
TOOL_HOVER,378384,6/27/2026 10:19:02 AM,90eec047-676b-4d50-9684-e8707ca80941,2.0,,,,,,,,,,,,,,,,,,,,,,,,,,,,,,,,,,,,,,,,,,,,,,993,,Tourniquet,
PLAYER_POSITIONS,378719,6/27/2026 10:19:02 AM,90eec047-676b-4d50-9684-e8707ca80941,2.0,,,,,,,,,,,,,,,,,,,,,,,,,,,,,,,,,,,"(-12.4, 0.3, -2.4)","(-12.3, 0.9, -2.7)","(-12.2, 0.4, -3.1)",
PLAYER_POSITIONS,378719,6/27/2026 10:19:02 AM,90eec047-676b-4d50-9684-e8707ca80941,2.0,,,,,,,,,,,,,,,,,,,,,,,,,,,,,,,,,,,"(-12.4, 0.3, -2.4)","(-12.3, 0.9, -2.7)","(-12.2, 0.4, -3.1)",
TOOL_HOVER,378772,6/27/2026 10:19:02 AM,90eec047-676b-4d50-9684-e8707ca80941,2.0,,,,,,,,,,,,,,,,,,,,,,,,,,,,,,,,,,,,,,,,,,,,,,998,,Decompression Needle,
TOOL_SELECTED,378974,6/27/2026 10:19:03 AM,90eec047-676b-4d50-9684-e8707ca80941,2.0,,,,,,,,,,,,,,,,,,,,,,,,,,,,,,,,,,,,,,,,,,,,,,997,,Decompression Needle,
AUDIO_END,379196,6/27/2026 10:19:03 AM,90eec047-676b-4d50-9684-e8707ca80941,2.0,delta this is razor 1 cleared hot,4.362449,
NARRATIVE_SECTION_END,379196,6/27/2026 10:19:03 AM,90eec047-676b-4d50-9684-e8707ca80941,2.0,,,,,,,,,,,,,,,,,,Delta this is razor 1 cleared hot,42,
PLAYER_POSITIONS,379230,6/27/2026 10:19:03 AM,90eec047-676b-4d50-9684-e8707ca80941,2.0,,,,,,,,,,,,,,,,,,,,,,,,,,,,,,,,,,,"(-12.4, 0.3, -2.4)","(-12.3, 0.9, -2.5)","(-12.2, 0.3, -2.7)",
PLAYER_POSITIONS,379230,6/27/2026 10:19:03 AM,90eec047-676b-4d50-9684-e8707ca80941,2.0,,,,,,,,,,,,,,,,,,,,,,,,,,,,,,,,,,,"(-12.4, 0.3, -2.4)","(-12.3, 0.9, -2.5)","(-12.2, 0.3, -2.7)",
NARRATIVE_SECTION_START,379247,6/27/2026 10:19:03 AM,90eec047-676b-4d50-9684-e8707ca80941,2.0,,,,,,,,,,,,,,,,,,Distant Jet,43,
PLAYER_POSITIONS,379739,6/27/2026 10:19:03 AM,90eec047-676b-4d50-9684-e8707ca80941,2.0,,,,,,,,,,,,,,,,,,,,,,,,,,,,,,,,,,,"(-12.4, 0.3, -2.3)","(-12.2, 0.8, -2.3)","(-12.2, 0.2, -2.2)",
PLAYER_POSITIONS,379739,6/27/2026 10:19:03 AM,90eec047-676b-4d50-9684-e8707ca80941,2.0,,,,,,,,,,,,,,,,,,,,,,,,,,,,,,,,,,,"(-12.4, 0.3, -2.3)","(-12.2, 0.8, -2.3)","(-12.2, 0.2, -2.2)",
PLAYER_POSITIONS,380261,6/27/2026 10:19:04 AM,90eec047-676b-4d50-9684-e8707ca80941,2.0,,,,,,,,,,,,,,,,,,,,,,,,,,,,,,,,,,,"(-12.4, 0.3, -2.3)","(-12.2, 0.8, -2.3)","(-12.1, 0.1, -2.3)",
PLAYER_POSITIONS,380261,6/27/2026 10:19:04 AM,90eec047-676b-4d50-9684-e8707ca80941,2.0,,,,,,,,,,,,,,,,,,,,,,,,,,,,,,,,,,,"(-12.4, 0.3, -2.3)","(-12.2, 0.8, -2.3)","(-12.1, 0.1, -2.3)",
INJURY_TREATED,380385,6/27/2026 10:19:04 AM,90eec047-676b-4d50-9684-e8707ca80941,2.0,,,,,,,,,chest,R Chest Collapse,"(-12.2, 0.1, -2.2)",decompressionNeedle,1,1,high,True,True,,,,,,,Military PT 9,
TOOL_APPLIED,380389,6/27/2026 10:19:04 AM,90eec047-676b-4d50-9684-e8707ca80941,2.0,,,,,,,,,,,,,,,,,,,,,,,,Military PT 9,,,,,,,,,,,,,,,,,,,,AppliedDecompNeedle,RightChestBreath (UnityEngine.GameObject),,Decompression Needle(Clone) (UnityEngine.GameObject),Decompression Needle,
PLAYER_POSITIONS,380772,6/27/2026 10:19:04 AM,90eec047-676b-4d50-9684-e8707ca80941,2.0,,,,,,,,,,,,,,,,,,,,,,,,,,,,,,,,,,,"(-12.4, 0.3, -2.3)","(-12.2, 0.8, -2.3)","(-12.2, 0.2, -2.3)",
PLAYER_POSITIONS,380772,6/27/2026 10:19:04 AM,90eec047-676b-4d50-9684-e8707ca80941,2.0,,,,,,,,,,,,,,,,,,,,,,,,,,,,,,,,,,,"(-12.4, 0.3, -2.3)","(-12.2, 0.8, -2.3)","(-12.2, 0.2, -2.3)",
BAG_CLOSED,380859,6/27/2026 10:19:04 AM,90eec047-676b-4d50-9684-e8707ca80941,2.0,,,,,,,,,,,,,,,,,,,,,,,,,,,,,,,,,,,,"(0.0, 0.0, 0.0)",
PLAYER_POSITIONS,381273,6/27/2026 10:19:05 AM,90eec047-676b-4d50-9684-e8707ca80941,2.0,,,,,,,,,,,,,,,,,,,,,,,,,,,,,,,,,,,"(-12.5, 0.3, -2.4)","(-12.4, 0.9, -2.7)","(-12.4, 0.4, -3.0)",
PLAYER_POSITIONS,381273,6/27/2026 10:19:05 AM,90eec047-676b-4d50-9684-e8707ca80941,2.0,,,,,,,,,,,,,,,,,,,,,,,,,,,,,,,,,,,"(-12.5, 0.3, -2.4)","(-12.4, 0.9, -2.7)","(-12.4, 0.4, -3.0)",
PLAYER_POSITIONS,381794,6/27/2026 10:19:05 AM,90eec047-676b-4d50-9684-e8707ca80941,2.0,,,,,,,,,,,,,,,,,,,,,,,,,,,,,,,,,,,"(-12.5, 0.3, -2.5)","(-12.5, 1.0, -2.7)","(-12.4, 0.5, -3.2)",
PLAYER_POSITIONS,381794,6/27/2026 10:19:05 AM,90eec047-676b-4d50-9684-e8707ca80941,2.0,,,,,,,,,,,,,,,,,,,,,,,,,,,,,,,,,,,"(-12.5, 0.3, -2.5)","(-12.5, 1.0, -2.7)","(-12.4, 0.5, -3.2)",
AUDIO_START,382236,6/27/2026 10:19:06 AM,90eec047-676b-4d50-9684-e8707ca80941,2.0,distant jet,10.13551,
PLAYER_POSITIONS,382315,6/27/2026 10:19:06 AM,90eec047-676b-4d50-9684-e8707ca80941,2.0,,,,,,,,,,,,,,,,,,,,,,,,,,,,,,,,,,,"(-12.5, 0.3, -2.5)","(-12.5, 1.0, -2.8)","(-12.7, 0.7, -3.0)",
PLAYER_POSITIONS,382315,6/27/2026 10:19:06 AM,90eec047-676b-4d50-9684-e8707ca80941,2.0,,,,,,,,,,,,,,,,,,,,,,,,,,,,,,,,,,,"(-12.5, 0.3, -2.5)","(-12.5, 1.0, -2.8)","(-12.7, 0.7, -3.0)",
VOICE_CAPTURE,382749,6/27/2026 10:19:06 AM,90eec047-676b-4d50-9684-e8707ca80941,2.0,,,,,,,,,,,,,,,,,,,,,,,,,,,,,,,,,,,,,,,,,,,,,,,,,,,NA,Thank you.,
PLAYER_POSITIONS,382815,6/27/2026 10:19:06 AM,90eec047-676b-4d50-9684-e8707ca80941,2.0,,,,,,,,,,,,,,,,,,,,,,,,,,,,,,,,,,,"(-12.5, 0.3, -2.5)","(-12.5, 1.0, -2.8)","(-12.4, 0.3, -3.2)",
PLAYER_POSITIONS,382815,6/27/2026 10:19:06 AM,90eec047-676b-4d50-9684-e8707ca80941,2.0,,,,,,,,,,,,,,,,,,,,,,,,,,,,,,,,,,,"(-12.5, 0.3, -2.5)","(-12.5, 1.0, -2.8)","(-12.4, 0.3, -3.2)",
VOICE_CAPTURE,383271,6/27/2026 10:19:07 AM,90eec047-676b-4d50-9684-e8707ca80941,2.0,,,,,,,,,,,,,,,,,,,,,,,,,,,,,,,,,,,,,,,,,,,,,,,,,,,NA,Thank you. Thank you.,
PLAYER_POSITIONS,383338,6/27/2026 10:19:07 AM,90eec047-676b-4d50-9684-e8707ca80941,2.0,,,,,,,,,,,,,,,,,,,,,,,,,,,,,,,,,,,"(-12.5, 0.3, -2.5)","(-12.5, 1.0, -2.8)","(-12.6, 0.5, -3.2)",
PLAYER_POSITIONS,383338,6/27/2026 10:19:07 AM,90eec047-676b-4d50-9684-e8707ca80941,2.0,,,,,,,,,,,,,,,,,,,,,,,,,,,,,,,,,,,"(-12.5, 0.3, -2.5)","(-12.5, 1.0, -2.8)","(-12.6, 0.5, -3.2)",
TOOL_HOVER,383379,6/27/2026 10:19:07 AM,90eec047-676b-4d50-9684-e8707ca80941,2.0,,,,,,,,,,,,,,,,,,,,,,,,,,,,,,,,,,,,,,,,,,,,,,997,,Decompression Needle,
TOOL_SELECTED,383713,6/27/2026 10:19:07 AM,90eec047-676b-4d50-9684-e8707ca80941,2.0,,,,,,,,,,,,,,,,,,,,,,,,,,,,,,,,,,,,,,,,,,,,,,996,,Decompression Needle,
VOICE_CAPTURE,383716,6/27/2026 10:19:07 AM,90eec047-676b-4d50-9684-e8707ca80941,2.0,,,,,,,,,,,,,,,,,,,,,,,,,,,,,,,,,,,,,,,,,,,,,,,,,,,NA,Thank you. Thank you.,
VOICE_CAPTURE,383716,6/27/2026 10:19:07 AM,90eec047-676b-4d50-9684-e8707ca80941,2.0,,,,,,,,,,,,,,,,,,,,,,,,,,,,,,,,,,,,,,,,,,,,,,,,,,,NA,Thank you. Thank you.,
PLAYER_POSITIONS,383849,6/27/2026 10:19:07 AM,90eec047-676b-4d50-9684-e8707ca80941,2.0,,,,,,,,,,,,,,,,,,,,,,,,,,,,,,,,,,,"(-12.5, 0.3, -2.5)","(-12.5, 1.0, -2.8)","(-12.6, 0.5, -3.3)",
PLAYER_POSITIONS,383849,6/27/2026 10:19:07 AM,90eec047-676b-4d50-9684-e8707ca80941,2.0,,,,,,,,,,,,,,,,,,,,,,,,,,,,,,,,,,,"(-12.5, 0.3, -2.5)","(-12.5, 1.0, -2.8)","(-12.6, 0.5, -3.3)",
PLAYER_POSITIONS,384358,6/27/2026 10:19:08 AM,90eec047-676b-4d50-9684-e8707ca80941,2.0,,,,,,,,,,,,,,,,,,,,,,,,,,,,,,,,,,,"(-12.5, 0.3, -2.5)","(-12.4, 0.9, -2.5)","(-12.3, 0.4, -2.5)",
PLAYER_POSITIONS,384358,6/27/2026 10:19:08 AM,90eec047-676b-4d50-9684-e8707ca80941,2.0,,,,,,,,,,,,,,,,,,,,,,,,,,,,,,,,,,,"(-12.5, 0.3, -2.5)","(-12.4, 0.9, -2.5)","(-12.3, 0.4, -2.5)",
PLAYER_POSITIONS,384870,6/27/2026 10:19:08 AM,90eec047-676b-4d50-9684-e8707ca80941,2.0,,,,,,,,,,,,,,,,,,,,,,,,,,,,,,,,,,,"(-12.5, 0.3, -2.4)","(-12.3, 0.8, -2.4)","(-12.3, 0.1, -2.3)",
PLAYER_POSITIONS,384870,6/27/2026 10:19:08 AM,90eec047-676b-4d50-9684-e8707ca80941,2.0,,,,,,,,,,,,,,,,,,,,,,,,,,,,,,,,,,,"(-12.5, 0.3, -2.4)","(-12.3, 0.8, -2.4)","(-12.3, 0.1, -2.3)",
INJURY_TREATED,385116,6/27/2026 10:19:09 AM,90eec047-676b-4d50-9684-e8707ca80941,2.0,,,,,,,,,chest,L Chest Collapse,"(-12.4, 0.0, -2.3)",decompressionNeedle,1,1,high,True,True,,,,,,,Military PT 9,
TOOL_APPLIED,385119,6/27/2026 10:19:09 AM,90eec047-676b-4d50-9684-e8707ca80941,2.0,,,,,,,,,,,,,,,,,,,,,,,,Military PT 9,,,,,,,,,,,,,,,,,,,,AppliedDecompNeedle,LeftChestBreath (UnityEngine.GameObject),,Decompression Needle(Clone) (UnityEngine.GameObject),Decompression Needle,
PLAYER_POSITIONS,385381,6/27/2026 10:19:09 AM,90eec047-676b-4d50-9684-e8707ca80941,2.0,,,,,,,,,,,,,,,,,,,,,,,,,,,,,,,,,,,"(-12.5, 0.3, -2.4)","(-12.3, 0.8, -2.4)","(-12.3, 0.2, -2.4)",
PLAYER_POSITIONS,385381,6/27/2026 10:19:09 AM,90eec047-676b-4d50-9684-e8707ca80941,2.0,,,,,,,,,,,,,,,,,,,,,,,,,,,,,,,,,,,"(-12.5, 0.3, -2.4)","(-12.3, 0.8, -2.4)","(-12.3, 0.2, -2.4)",
PULSE_TAKEN,385623,6/27/2026 10:19:09 AM,90eec047-676b-4d50-9684-e8707ca80941,2.0,,,,,,,,,,,,,,,,,,,,,,,,Military PT 9,,,,pulse_faint,
VOICE_CAPTURE,385737,6/27/2026 10:19:09 AM,90eec047-676b-4d50-9684-e8707ca80941,2.0,,,,,,,,,,,,,,,,,,,,,,,,,,,,,,,,,,,,,,,,,,,,,,,,,,,NA,k you.,
PLAYER_POSITIONS,385892,6/27/2026 10:19:09 AM,90eec047-676b-4d50-9684-e8707ca80941,2.0,,,,,,,,,,,,,,,,,,,,,,,,,,,,,,,,,,,"(-12.4, 0.3, -2.4)","(-12.2, 0.8, -2.5)","(-12.1, 0.1, -2.5)",
PLAYER_POSITIONS,385892,6/27/2026 10:19:09 AM,90eec047-676b-4d50-9684-e8707ca80941,2.0,,,,,,,,,,,,,,,,,,,,,,,,,,,,,,,,,,,"(-12.4, 0.3, -2.4)","(-12.2, 0.8, -2.5)","(-12.1, 0.1, -2.5)",
PLAYER_POSITIONS,386412,6/27/2026 10:19:10 AM,90eec047-676b-4d50-9684-e8707ca80941,2.0,,,,,,,,,,,,,,,,,,,,,,,,,,,,,,,,,,,"(-12.3, 0.3, -2.4)","(-12.3, 1.1, -2.7)","(-12.3, 0.5, -2.9)",
PLAYER_POSITIONS,386412,6/27/2026 10:19:10 AM,90eec047-676b-4d50-9684-e8707ca80941,2.0,,,,,,,,,,,,,,,,,,,,,,,,,,,,,,,,,,,"(-12.3, 0.3, -2.4)","(-12.3, 1.1, -2.7)","(-12.3, 0.5, -2.9)",
TOOL_HOVER,386865,6/27/2026 10:19:10 AM,90eec047-676b-4d50-9684-e8707ca80941,2.0,,,,,,,,,,,,,,,,,,,,,,,,,,,,,,,,,,,,,,,,,,,,,,999,,Nasal Airway,
PLAYER_POSITIONS,386912,6/27/2026 10:19:11 AM,90eec047-676b-4d50-9684-e8707ca80941,2.0,,,,,,,,,,,,,,,,,,,,,,,,,,,,,,,,,,,"(-12.2, 0.4, -2.5)","(-12.4, 1.1, -2.9)","(-12.6, 0.5, -3.4)",
PLAYER_POSITIONS,386912,6/27/2026 10:19:11 AM,90eec047-676b-4d50-9684-e8707ca80941,2.0,,,,,,,,,,,,,,,,,,,,,,,,,,,,,,,,,,,"(-12.2, 0.4, -2.5)","(-12.4, 1.1, -2.9)","(-12.6, 0.5, -3.4)",
TOOL_SELECTED,387188,6/27/2026 10:19:11 AM,90eec047-676b-4d50-9684-e8707ca80941,2.0,,,,,,,,,,,,,,,,,,,,,,,,,,,,,,,,,,,,,,,,,,,,,,998,,Nasal Airway,
PLAYER_POSITIONS,387434,6/27/2026 10:19:11 AM,90eec047-676b-4d50-9684-e8707ca80941,2.0,,,,,,,,,,,,,,,,,,,,,,,,,,,,,,,,,,,"(-12.3, 0.4, -2.6)","(-12.3, 1.0, -2.9)","(-12.4, 0.5, -3.2)",
PLAYER_POSITIONS,387434,6/27/2026 10:19:11 AM,90eec047-676b-4d50-9684-e8707ca80941,2.0,,,,,,,,,,,,,,,,,,,,,,,,,,,,,,,,,,,"(-12.3, 0.4, -2.6)","(-12.3, 1.0, -2.9)","(-12.4, 0.5, -3.2)",
PLAYER_POSITIONS,387935,6/27/2026 10:19:12 AM,90eec047-676b-4d50-9684-e8707ca80941,2.0,,,,,,,,,,,,,,,,,,,,,,,,,,,,,,,,,,,"(-12.4, 0.3, -2.5)","(-12.2, 0.9, -2.6)","(-12.1, 0.2, -2.6)",
PLAYER_POSITIONS,387935,6/27/2026 10:19:12 AM,90eec047-676b-4d50-9684-e8707ca80941,2.0,,,,,,,,,,,,,,,,,,,,,,,,,,,,,,,,,,,"(-12.4, 0.3, -2.5)","(-12.2, 0.9, -2.6)","(-12.1, 0.2, -2.6)",
PLAYER_POSITIONS,388435,6/27/2026 10:19:12 AM,90eec047-676b-4d50-9684-e8707ca80941,2.0,,,,,,,,,,,,,,,,,,,,,,,,,,,,,,,,,,,"(-12.4, 0.3, -2.4)","(-12.1, 0.8, -2.6)","(-12.1, 0.1, -2.5)",
PLAYER_POSITIONS,388435,6/27/2026 10:19:12 AM,90eec047-676b-4d50-9684-e8707ca80941,2.0,,,,,,,,,,,,,,,,,,,,,,,,,,,,,,,,,,,"(-12.4, 0.3, -2.4)","(-12.1, 0.8, -2.6)","(-12.1, 0.1, -2.5)",
TOOL_APPLIED,388772,6/27/2026 10:19:12 AM,90eec047-676b-4d50-9684-e8707ca80941,2.0,,,,,,,,,,,,,,,,,,,,,,,,Military PT 9,,,,,,,,,,,,,,,,,,,,AppliedTrumpet,tubeGuide_used (UnityEngine.GameObject),,Nasal Trumpet(Clone) (UnityEngine.GameObject),Nasal Airway,
PLAYER_POSITIONS,388946,6/27/2026 10:19:13 AM,90eec047-676b-4d50-9684-e8707ca80941,2.0,,,,,,,,,,,,,,,,,,,,,,,,,,,,,,,,,,,"(-12.4, 0.3, -2.4)","(-12.1, 0.8, -2.5)","(-12.1, 0.1, -2.5)",
PLAYER_POSITIONS,388946,6/27/2026 10:19:13 AM,90eec047-676b-4d50-9684-e8707ca80941,2.0,,,,,,,,,,,,,,,,,,,,,,,,,,,,,,,,,,,"(-12.4, 0.3, -2.4)","(-12.1, 0.8, -2.5)","(-12.1, 0.1, -2.5)",
PLAYER_POSITIONS,389447,6/27/2026 10:19:13 AM,90eec047-676b-4d50-9684-e8707ca80941,2.0,,,,,,,,,,,,,,,,,,,,,,,,,,,,,,,,,,,"(-12.4, 0.3, -2.4)","(-12.2, 0.9, -2.4)","(-12.3, 0.1, -2.4)",
PLAYER_POSITIONS,389447,6/27/2026 10:19:13 AM,90eec047-676b-4d50-9684-e8707ca80941,2.0,,,,,,,,,,,,,,,,,,,,,,,,,,,,,,,,,,,"(-12.4, 0.3, -2.4)","(-12.2, 0.9, -2.4)","(-12.3, 0.1, -2.4)",
PLAYER_POSITIONS,389957,6/27/2026 10:19:14 AM,90eec047-676b-4d50-9684-e8707ca80941,2.0,,,,,,,,,,,,,,,,,,,,,,,,,,,,,,,,,,,"(-12.5, 0.3, -2.4)","(-12.3, 0.8, -2.3)","(-12.3, 0.2, -2.2)",
PLAYER_POSITIONS,389957,6/27/2026 10:19:14 AM,90eec047-676b-4d50-9684-e8707ca80941,2.0,,,,,,,,,,,,,,,,,,,,,,,,,,,,,,,,,,,"(-12.5, 0.3, -2.4)","(-12.3, 0.8, -2.3)","(-12.3, 0.2, -2.2)",
PULSE_TAKEN,390232,6/27/2026 10:19:14 AM,90eec047-676b-4d50-9684-e8707ca80941,2.0,,,,,,,,,,,,,,,,,,,,,,,,Military PT 9,,,,pulse_faint,
PLAYER_POSITIONS,390458,6/27/2026 10:19:14 AM,90eec047-676b-4d50-9684-e8707ca80941,2.0,,,,,,,,,,,,,,,,,,,,,,,,,,,,,,,,,,,"(-12.5, 0.3, -2.4)","(-12.3, 0.8, -2.4)","(-12.1, 0.1, -2.5)",
PLAYER_POSITIONS,390458,6/27/2026 10:19:14 AM,90eec047-676b-4d50-9684-e8707ca80941,2.0,,,,,,,,,,,,,,,,,,,,,,,,,,,,,,,,,,,"(-12.5, 0.3, -2.4)","(-12.3, 0.8, -2.4)","(-12.1, 0.1, -2.5)",
BAG_CLOSED,390789,6/27/2026 10:19:14 AM,90eec047-676b-4d50-9684-e8707ca80941,2.0,,,,,,,,,,,,,,,,,,,,,,,,,,,,,,,,,,,,"(0.0, 0.0, 0.0)",
PLAYER_POSITIONS,390967,6/27/2026 10:19:15 AM,90eec047-676b-4d50-9684-e8707ca80941,2.0,,,,,,,,,,,,,,,,,,,,,,,,,,,,,,,,,,,"(-12.5, 0.3, -2.4)","(-12.4, 1.1, -2.5)","(-12.4, 0.3, -2.6)",
PLAYER_POSITIONS,390967,6/27/2026 10:19:15 AM,90eec047-676b-4d50-9684-e8707ca80941,2.0,,,,,,,,,,,,,,,,,,,,,,,,,,,,,,,,,,,"(-12.5, 0.3, -2.4)","(-12.4, 1.1, -2.5)","(-12.4, 0.3, -2.6)",
PLAYER_POSITIONS,391484,6/27/2026 10:19:15 AM,90eec047-676b-4d50-9684-e8707ca80941,2.0,,,,,,,,,,,,,,,,,,,,,,,,,,,,,,,,,,,"(-12.5, 0.3, -2.4)","(-12.3, 0.9, -2.5)","(-12.2, 0.2, -2.4)",
PLAYER_POSITIONS,391484,6/27/2026 10:19:15 AM,90eec047-676b-4d50-9684-e8707ca80941,2.0,,,,,,,,,,,,,,,,,,,,,,,,,,,,,,,,,,,"(-12.5, 0.3, -2.4)","(-12.3, 0.9, -2.5)","(-12.2, 0.2, -2.4)",
PLAYER_POSITIONS,392006,6/27/2026 10:19:16 AM,90eec047-676b-4d50-9684-e8707ca80941,2.0,,,,,,,,,,,,,,,,,,,,,,,,,,,,,,,,,,,"(-12.5, 0.3, -2.3)","(-12.4, 0.9, -2.5)","(-12.2, 0.1, -2.4)",
PLAYER_POSITIONS,392006,6/27/2026 10:19:16 AM,90eec047-676b-4d50-9684-e8707ca80941,2.0,,,,,,,,,,,,,,,,,,,,,,,,,,,,,,,,,,,"(-12.5, 0.3, -2.3)","(-12.4, 0.9, -2.5)","(-12.2, 0.1, -2.4)",
AUDIO_END,392384,6/27/2026 10:19:16 AM,90eec047-676b-4d50-9684-e8707ca80941,2.0,distant jet,10.13551,
NARRATIVE_SECTION_END,392384,6/27/2026 10:19:16 AM,90eec047-676b-4d50-9684-e8707ca80941,2.0,,,,,,,,,,,,,,,,,,Distant Jet,43,
NARRATIVE_SECTION_START,392425,6/27/2026 10:19:16 AM,90eec047-676b-4d50-9684-e8707ca80941,2.0,,,,,,,,,,,,,,,,,,Distant Explosion,44,
DRAG_STOP,392498,6/27/2026 10:19:16 AM,90eec047-676b-4d50-9684-e8707ca80941,2.0,,,,,"(-14.1, 0.0, 1.9)","(-13.9, 0.0, 5.1)",,,,,,,,,,,,,,,,,,Military PT 9,
PLAYER_POSITIONS,392519,6/27/2026 10:19:16 AM,90eec047-676b-4d50-9684-e8707ca80941,2.0,,,,,,,,,,,,,,,,,,,,,,,,,,,,,,,,,,,"(-12.6, 0.3, -2.4)","(-12.5, 1.1, -2.6)","(-12.4, 0.3, -2.6)",
PLAYER_POSITIONS,392519,6/27/2026 10:19:16 AM,90eec047-676b-4d50-9684-e8707ca80941,2.0,,,,,,,,,,,,,,,,,,,,,,,,,,,,,,,,,,,"(-12.6, 0.3, -2.4)","(-12.5, 1.1, -2.6)","(-12.4, 0.3, -2.6)",
PATIENT_DISENGAGED,393035,6/27/2026 10:19:17 AM,90eec047-676b-4d50-9684-e8707ca80941,2.0,,,,20.56,,,,,,,,,,,,,,,,normal,100,Infinity,normal,Military PT 9,unresponsive,supine,"(-12.7, -0.1, -1.8)",faint,"(0.0, -0.7, 0.0, 0.7)",normal,EXPECTANT,still,,,,,,,,,,,,,,,,,20.56,
PATIENT_ENGAGED,393035,6/27/2026 10:19:17 AM,90eec047-676b-4d50-9684-e8707ca80941,2.0,,,,0,,,,,,,,,,,,,,,,normal,100,Infinity,normal,Military PT 12,upset,standing,"(-13.0, -0.1, -4.0)",normal,"(0.0, 0.1, 0.0, 1.0)",normal,DELAYED,still,,,,,,,,,,,,,,,,,0,
PLAYER_POSITIONS,393038,6/27/2026 10:19:17 AM,90eec047-676b-4d50-9684-e8707ca80941,2.0,,,,,,,,,,,,,,,,,,,,,,,,,,,,,,,,,,,"(-12.9, 0.3, -2.9)","(-13.1, 1.1, -2.9)","(-13.3, 0.3, -3.3)",
PLAYER_GAZE,393038,6/27/2026 10:19:17 AM,90eec047-676b-4d50-9684-e8707ca80941,2.0,,,,,,,,,,,,,,,,,,,,,,,,Military PT 12,,,,,,,,,"(-0.3, 1.1, 1.2)",,,"(-12.8, 0.0, -4.1)",
PLAYER_POSITIONS,393038,6/27/2026 10:19:17 AM,90eec047-676b-4d50-9684-e8707ca80941,2.0,,,,,,,,,,,,,,,,,,,,,,,,,,,,,,,,,,,"(-12.9, 0.3, -2.9)","(-13.1, 1.1, -2.9)","(-13.3, 0.3, -3.3)",
PLAYER_GAZE,393038,6/27/2026 10:19:17 AM,90eec047-676b-4d50-9684-e8707ca80941,2.0,,,,,,,,,,,,,,,,,,,,,,,,Military PT 12,,,,,,,,,"(-0.3, 1.1, 1.2)",,,"(-12.8, 0.0, -4.1)",
VOICE_CAPTURE,393218,6/27/2026 10:19:17 AM,90eec047-676b-4d50-9684-e8707ca80941,2.0,,,,,,,,,,,,,,,,,,,,,,,,,,,,,,,,,,,,,,,,,,,,,,,,,,,NA,Okay.,
AUDIO_START,393417,6/27/2026 10:19:17 AM,90eec047-676b-4d50-9684-e8707ca80941,2.0,distant explosion,4.675919,
PLAYER_POSITIONS,393549,6/27/2026 10:19:17 AM,90eec047-676b-4d50-9684-e8707ca80941,2.0,,,,,,,,,,,,,,,,,,,,,,,,,,,,,,,,,,,"(-12.9, 0.4, -3.2)","(-13.1, 1.2, -3.2)","(-13.1, 0.7, -3.5)",
PLAYER_GAZE,393549,6/27/2026 10:19:17 AM,90eec047-676b-4d50-9684-e8707ca80941,2.0,,,,,,,,,,,,,,,,,,,,,,,,Military PT 12,,,,,,,,,"(-0.3, 1.2, 0.9)",,,"(-12.8, 0.0, -4.1)",
PLAYER_POSITIONS,393549,6/27/2026 10:19:17 AM,90eec047-676b-4d50-9684-e8707ca80941,2.0,,,,,,,,,,,,,,,,,,,,,,,,,,,,,,,,,,,"(-12.9, 0.4, -3.2)","(-13.1, 1.2, -3.2)","(-13.1, 0.7, -3.5)",
PLAYER_GAZE,393549,6/27/2026 10:19:17 AM,90eec047-676b-4d50-9684-e8707ca80941,2.0,,,,,,,,,,,,,,,,,,,,,,,,Military PT 12,,,,,,,,,"(-0.3, 1.2, 0.9)",,,"(-12.8, 0.0, -4.1)",
VOICE_CAPTURE,393729,6/27/2026 10:19:17 AM,90eec047-676b-4d50-9684-e8707ca80941,2.0,,,,,,,,,,,,,,,,,,,,,,,,,,,,,,,,,,,,,,,,,,,,,,,,,,,NA,Okay.,
PLAYER_POSITIONS,394063,6/27/2026 10:19:18 AM,90eec047-676b-4d50-9684-e8707ca80941,2.0,,,,,,,,,,,,,,,,,,,,,,,,,,,,,,,,,,,"(-12.7, 0.5, -3.5)","(-13.0, 1.2, -3.5)","(-13.1, 1.0, -3.8)",
PLAYER_GAZE,394063,6/27/2026 10:19:18 AM,90eec047-676b-4d50-9684-e8707ca80941,2.0,,,,,,,,,,,,,,,,,,,,,,,,Military PT 12,,,,,,,,,"(-0.2, 1.2, 0.6)",,,"(-12.8, 0.0, -4.1)",
PLAYER_POSITIONS,394063,6/27/2026 10:19:18 AM,90eec047-676b-4d50-9684-e8707ca80941,2.0,,,,,,,,,,,,,,,,,,,,,,,,,,,,,,,,,,,"(-12.7, 0.5, -3.5)","(-13.0, 1.2, -3.5)","(-13.1, 1.0, -3.8)",
PLAYER_GAZE,394063,6/27/2026 10:19:18 AM,90eec047-676b-4d50-9684-e8707ca80941,2.0,,,,,,,,,,,,,,,,,,,,,,,,Military PT 12,,,,,,,,,"(-0.2, 1.2, 0.6)",,,"(-12.8, 0.0, -4.1)",
VOICE_CAPTURE,394239,6/27/2026 10:19:18 AM,90eec047-676b-4d50-9684-e8707ca80941,2.0,,,,,,,,,,,,,,,,,,,,,,,,,,,,,,,,,,,,,,,,,,,,,,,,,,,NA,Okay.,
PLAYER_POSITIONS,394570,6/27/2026 10:19:18 AM,90eec047-676b-4d50-9684-e8707ca80941,2.0,,,,,,,,,,,,,,,,,,,,,,,,,,,,,,,,,,,"(-12.7, 0.4, -3.3)","(-12.9, 1.2, -3.4)","(-13.1, 0.9, -3.7)",
PLAYER_GAZE,394570,6/27/2026 10:19:18 AM,90eec047-676b-4d50-9684-e8707ca80941,2.0,,,,,,,,,,,,,,,,,,,,,,,,Military PT 12,,,,,,,,,"(-0.1, 1.2, 0.7)",,,"(-12.8, 0.0, -4.1)",
PLAYER_POSITIONS,394570,6/27/2026 10:19:18 AM,90eec047-676b-4d50-9684-e8707ca80941,2.0,,,,,,,,,,,,,,,,,,,,,,,,,,,,,,,,,,,"(-12.7, 0.4, -3.3)","(-12.9, 1.2, -3.4)","(-13.1, 0.9, -3.7)",
PLAYER_GAZE,394570,6/27/2026 10:19:18 AM,90eec047-676b-4d50-9684-e8707ca80941,2.0,,,,,,,,,,,,,,,,,,,,,,,,Military PT 12,,,,,,,,,"(-0.1, 1.2, 0.7)",,,"(-12.8, 0.0, -4.1)",
VOICE_CAPTURE,394749,6/27/2026 10:19:18 AM,90eec047-676b-4d50-9684-e8707ca80941,2.0,,,,,,,,,,,,,,,,,,,,,,,,,,,,,,,,,,,,,,,,,,,,,,,,,,,NA,Okay.,
PLAYER_POSITIONS,395082,6/27/2026 10:19:19 AM,90eec047-676b-4d50-9684-e8707ca80941,2.0,,,,,,,,,,,,,,,,,,,,,,,,,,,,,,,,,,,"(-12.7, 0.4, -3.3)","(-13.1, 1.2, -3.3)","(-13.2, 0.9, -3.5)",
PLAYER_POSITIONS,395082,6/27/2026 10:19:19 AM,90eec047-676b-4d50-9684-e8707ca80941,2.0,,,,,,,,,,,,,,,,,,,,,,,,,,,,,,,,,,,"(-12.7, 0.4, -3.3)","(-13.1, 1.2, -3.3)","(-13.2, 0.9, -3.5)",
VOICE_CAPTURE,395249,6/27/2026 10:19:19 AM,90eec047-676b-4d50-9684-e8707ca80941,2.0,,,,,,,,,,,,,,,,,,,,,,,,,,,,,,,,,,,,,,,,,,,,,,,,,,,NA,Okay.,
PLAYER_POSITIONS,395604,6/27/2026 10:19:19 AM,90eec047-676b-4d50-9684-e8707ca80941,2.0,,,,,,,,,,,,,,,,,,,,,,,,,,,,,,,,,,,"(-12.8, 0.5, -3.5)","(-13.2, 1.2, -3.2)","(-13.7, 0.8, -3.6)",
PLAYER_POSITIONS,395604,6/27/2026 10:19:19 AM,90eec047-676b-4d50-9684-e8707ca80941,2.0,,,,,,,,,,,,,,,,,,,,,,,,,,,,,,,,,,,"(-12.8, 0.5, -3.5)","(-13.2, 1.2, -3.2)","(-13.7, 0.8, -3.6)",
VOICE_CAPTURE,395749,6/27/2026 10:19:19 AM,90eec047-676b-4d50-9684-e8707ca80941,2.0,,,,,,,,,,,,,,,,,,,,,,,,,,,,,,,,,,,,,,,,,,,,,,,,,,,NA,Okay. Do you know what year it is?,
TOOL_HOVER,395969,6/27/2026 10:19:20 AM,90eec047-676b-4d50-9684-e8707ca80941,2.0,,,,,,,,,,,,,,,,,,,,,,,,,,,,,,,,,,,,,,,,,,,,,,998,,Fox Shield,
PLAYER_POSITIONS,396127,6/27/2026 10:19:20 AM,90eec047-676b-4d50-9684-e8707ca80941,2.0,,,,,,,,,,,,,,,,,,,,,,,,,,,,,,,,,,,"(-12.9, 0.4, -3.4)","(-13.3, 1.2, -3.2)","(-13.9, 1.1, -3.4)",
PLAYER_POSITIONS,396127,6/27/2026 10:19:20 AM,90eec047-676b-4d50-9684-e8707ca80941,2.0,,,,,,,,,,,,,,,,,,,,,,,,,,,,,,,,,,,"(-12.9, 0.4, -3.4)","(-13.3, 1.2, -3.2)","(-13.9, 1.1, -3.4)",
TOOL_SELECTED,396148,6/27/2026 10:19:20 AM,90eec047-676b-4d50-9684-e8707ca80941,2.0,,,,,,,,,,,,,,,,,,,,,,,,,,,,,,,,,,,,,,,,,,,,,,997,,Fox Shield,
VOICE_CAPTURE,396249,6/27/2026 10:19:20 AM,90eec047-676b-4d50-9684-e8707ca80941,2.0,,,,,,,,,,,,,,,,,,,,,,,,,,,,,,,,,,,,,,,,,,,,,,,,,,,NA,Okay. Do you know what year it is?,
VOICE_CAPTURE,396249,6/27/2026 10:19:20 AM,90eec047-676b-4d50-9684-e8707ca80941,2.0,,,,,,,,,,,,,,,,,,,,,,,,,,,,,,,,,,,,,,,,,,,,,,,,,,,NA,Okay. Do you know what year it is?,
VOICE_COMMAND,396249,6/27/2026 10:19:20 AM,90eec047-676b-4d50-9684-e8707ca80941,2.0,,,,,,,,,,,,,,,,,,,,,,,,,,,,,,,,,,,,,,,,,,,,,,,,,,,Okay. Do you know what year it is?,what year is it,
PLAYER_POSITIONS,396632,6/27/2026 10:19:20 AM,90eec047-676b-4d50-9684-e8707ca80941,2.0,,,,,,,,,,,,,,,,,,,,,,,,,,,,,,,,,,,"(-12.9, 0.5, -3.5)","(-13.1, 1.3, -3.2)","(-13.1, 1.3, -3.6)",
PLAYER_GAZE,396632,6/27/2026 10:19:20 AM,90eec047-676b-4d50-9684-e8707ca80941,2.0,,,,,,,,,,,,,,,,,,,,,,,,Military PT 12,,,,,,,,,"(-0.3, 1.3, 0.9)",,,"(-12.8, 0.0, -4.1)",
PLAYER_POSITIONS,396632,6/27/2026 10:19:20 AM,90eec047-676b-4d50-9684-e8707ca80941,2.0,,,,,,,,,,,,,,,,,,,,,,,,,,,,,,,,,,,"(-12.9, 0.5, -3.5)","(-13.1, 1.3, -3.2)","(-13.1, 1.3, -3.6)",
PLAYER_GAZE,396632,6/27/2026 10:19:20 AM,90eec047-676b-4d50-9684-e8707ca80941,2.0,,,,,,,,,,,,,,,,,,,,,,,,Military PT 12,,,,,,,,,"(-0.3, 1.3, 0.9)",,,"(-12.8, 0.0, -4.1)",
PLAYER_POSITIONS,397132,6/27/2026 10:19:21 AM,90eec047-676b-4d50-9684-e8707ca80941,2.0,,,,,,,,,,,,,,,,,,,,,,,,,,,,,,,,,,,"(-12.8, 0.3, -3.0)","(-13.1, 1.3, -3.2)","(-13.0, 1.4, -3.8)",
PLAYER_GAZE,397132,6/27/2026 10:19:21 AM,90eec047-676b-4d50-9684-e8707ca80941,2.0,,,,,,,,,,,,,,,,,,,,,,,,Military PT 12,,,,,,,,,"(-0.3, 1.3, 0.9)",,,"(-12.8, 0.0, -4.1)",
PLAYER_POSITIONS,397132,6/27/2026 10:19:21 AM,90eec047-676b-4d50-9684-e8707ca80941,2.0,,,,,,,,,,,,,,,,,,,,,,,,,,,,,,,,,,,"(-12.8, 0.3, -3.0)","(-13.1, 1.3, -3.2)","(-13.0, 1.4, -3.8)",
PLAYER_GAZE,397132,6/27/2026 10:19:21 AM,90eec047-676b-4d50-9684-e8707ca80941,2.0,,,,,,,,,,,,,,,,,,,,,,,,Military PT 12,,,,,,,,,"(-0.3, 1.3, 0.9)",,,"(-12.8, 0.0, -4.1)",
INJURY_TREATED,397366,6/27/2026 10:19:21 AM,90eec047-676b-4d50-9684-e8707ca80941,2.0,,,,,,,,,head,R Eye Shrapnel,"(-13.0, 1.4, -3.9)",foxShield,1,1,high,True,True,,,,,,,Military PT 12,
TOOL_APPLIED,397366,6/27/2026 10:19:21 AM,90eec047-676b-4d50-9684-e8707ca80941,2.0,,,,,,,,,,,,,,,,,,,,,,,,Military PT 12,,,,,,,,,,,,,,,,,,,,AppliedFoxShield,LeftEye (UnityEngine.GameObject),,null,Fox Shield,
PLAYER_POSITIONS,397654,6/27/2026 10:19:21 AM,90eec047-676b-4d50-9684-e8707ca80941,2.0,,,,,,,,,,,,,,,,,,,,,,,,,,,,,,,,,,,"(-12.8, 0.4, -3.1)","(-13.1, 1.3, -3.2)","(-13.0, 1.4, -3.8)",
PLAYER_GAZE,397654,6/27/2026 10:19:21 AM,90eec047-676b-4d50-9684-e8707ca80941,2.0,,,,,,,,,,,,,,,,,,,,,,,,Military PT 12,,,,,,,,,"(-0.3, 1.3, 0.9)",,,"(-12.8, 0.0, -4.1)",
PLAYER_POSITIONS,397654,6/27/2026 10:19:21 AM,90eec047-676b-4d50-9684-e8707ca80941,2.0,,,,,,,,,,,,,,,,,,,,,,,,,,,,,,,,,,,"(-12.8, 0.4, -3.1)","(-13.1, 1.3, -3.2)","(-13.0, 1.4, -3.8)",
PLAYER_GAZE,397654,6/27/2026 10:19:21 AM,90eec047-676b-4d50-9684-e8707ca80941,2.0,,,,,,,,,,,,,,,,,,,,,,,,Military PT 12,,,,,,,,,"(-0.3, 1.3, 0.9)",,,"(-12.8, 0.0, -4.1)",
BAG_CLOSED,397972,6/27/2026 10:19:22 AM,90eec047-676b-4d50-9684-e8707ca80941,2.0,,,,,,,,,,,,,,,,,,,,,,,,,,,,,,,,,,,,"(0.0, 0.0, 0.0)",
AUDIO_END,398109,6/27/2026 10:19:22 AM,90eec047-676b-4d50-9684-e8707ca80941,2.0,distant explosion,4.675919,
NARRATIVE_SECTION_END,398109,6/27/2026 10:19:22 AM,90eec047-676b-4d50-9684-e8707ca80941,2.0,,,,,,,,,,,,,,,,,,Distant Explosion,44,
NARRATIVE_SECTION_START,398126,6/27/2026 10:19:22 AM,90eec047-676b-4d50-9684-e8707ca80941,2.0,,,,,,,,,,,,,,,,,,Good hits razor 1,45,
PLAYER_POSITIONS,398187,6/27/2026 10:19:22 AM,90eec047-676b-4d50-9684-e8707ca80941,2.0,,,,,,,,,,,,,,,,,,,,,,,,,,,,,,,,,,,"(-12.8, 0.4, -3.4)","(-13.2, 1.2, -3.2)","(-13.3, 0.9, -3.6)",
PLAYER_POSITIONS,398187,6/27/2026 10:19:22 AM,90eec047-676b-4d50-9684-e8707ca80941,2.0,,,,,,,,,,,,,,,,,,,,,,,,,,,,,,,,,,,"(-12.8, 0.4, -3.4)","(-13.2, 1.2, -3.2)","(-13.3, 0.9, -3.6)",
PLAYER_POSITIONS,398708,6/27/2026 10:19:22 AM,90eec047-676b-4d50-9684-e8707ca80941,2.0,,,,,,,,,,,,,,,,,,,,,,,,,,,,,,,,,,,"(-12.9, 0.5, -3.5)","(-13.2, 1.2, -3.3)","(-13.5, 0.9, -3.3)",
PLAYER_POSITIONS,398708,6/27/2026 10:19:22 AM,90eec047-676b-4d50-9684-e8707ca80941,2.0,,,,,,,,,,,,,,,,,,,,,,,,,,,,,,,,,,,"(-12.9, 0.5, -3.5)","(-13.2, 1.2, -3.3)","(-13.5, 0.9, -3.3)",
AUDIO_START,399126,6/27/2026 10:19:23 AM,90eec047-676b-4d50-9684-e8707ca80941,2.0,good hits razor 1,4.545306,
PLAYER_POSITIONS,399230,6/27/2026 10:19:23 AM,90eec047-676b-4d50-9684-e8707ca80941,2.0,,,,,,,,,,,,,,,,,,,,,,,,,,,,,,,,,,,"(-12.9, 0.6, -3.5)","(-13.1, 1.3, -3.3)","(-13.7, 0.9, -3.6)",
PLAYER_GAZE,399230,6/27/2026 10:19:23 AM,90eec047-676b-4d50-9684-e8707ca80941,2.0,,,,,,,,,,,,,,,,,,,,,,,,Military PT 12,,,,,,,,,"(-0.3, 1.3, 0.8)",,,"(-12.8, 0.0, -4.1)",
PLAYER_POSITIONS,399230,6/27/2026 10:19:23 AM,90eec047-676b-4d50-9684-e8707ca80941,2.0,,,,,,,,,,,,,,,,,,,,,,,,,,,,,,,,,,,"(-12.9, 0.6, -3.5)","(-13.1, 1.3, -3.3)","(-13.7, 0.9, -3.6)",
PLAYER_GAZE,399230,6/27/2026 10:19:23 AM,90eec047-676b-4d50-9684-e8707ca80941,2.0,,,,,,,,,,,,,,,,,,,,,,,,Military PT 12,,,,,,,,,"(-0.3, 1.3, 0.8)",,,"(-12.8, 0.0, -4.1)",
PULSE_TAKEN,399645,6/27/2026 10:19:23 AM,90eec047-676b-4d50-9684-e8707ca80941,2.0,,,,,,,,,,,,,,,,,,,,,,,,Military PT 12,,,,pulse_normal,
PLAYER_POSITIONS,399748,6/27/2026 10:19:23 AM,90eec047-676b-4d50-9684-e8707ca80941,2.0,,,,,,,,,,,,,,,,,,,,,,,,,,,,,,,,,,,"(-12.7, 0.5, -3.3)","(-13.1, 1.3, -3.2)","(-13.0, 1.4, -3.9)",
PLAYER_GAZE,399748,6/27/2026 10:19:23 AM,90eec047-676b-4d50-9684-e8707ca80941,2.0,,,,,,,,,,,,,,,,,,,,,,,,Military PT 12,,,,,,,,,"(-0.3, 1.3, 0.9)",,,"(-12.8, 0.0, -4.1)",
PLAYER_POSITIONS,399748,6/27/2026 10:19:23 AM,90eec047-676b-4d50-9684-e8707ca80941,2.0,,,,,,,,,,,,,,,,,,,,,,,,,,,,,,,,,,,"(-12.7, 0.5, -3.3)","(-13.1, 1.3, -3.2)","(-13.0, 1.4, -3.9)",
PLAYER_GAZE,399748,6/27/2026 10:19:23 AM,90eec047-676b-4d50-9684-e8707ca80941,2.0,,,,,,,,,,,,,,,,,,,,,,,,Military PT 12,,,,,,,,,"(-0.3, 1.3, 0.9)",,,"(-12.8, 0.0, -4.1)",
PLAYER_POSITIONS,400260,6/27/2026 10:19:24 AM,90eec047-676b-4d50-9684-e8707ca80941,2.0,,,,,,,,,,,,,,,,,,,,,,,,,,,,,,,,,,,"(-12.8, 0.4, -3.1)","(-13.1, 1.2, -3.3)","(-13.0, 1.4, -3.9)",
PLAYER_GAZE,400260,6/27/2026 10:19:24 AM,90eec047-676b-4d50-9684-e8707ca80941,2.0,,,,,,,,,,,,,,,,,,,,,,,,Military PT 12,,,,,,,,,"(-0.3, 1.2, 0.8)",,,"(-12.8, 0.0, -4.1)",
PLAYER_POSITIONS,400260,6/27/2026 10:19:24 AM,90eec047-676b-4d50-9684-e8707ca80941,2.0,,,,,,,,,,,,,,,,,,,,,,,,,,,,,,,,,,,"(-12.8, 0.4, -3.1)","(-13.1, 1.2, -3.3)","(-13.0, 1.4, -3.9)",
PLAYER_GAZE,400260,6/27/2026 10:19:24 AM,90eec047-676b-4d50-9684-e8707ca80941,2.0,,,,,,,,,,,,,,,,,,,,,,,,Military PT 12,,,,,,,,,"(-0.3, 1.2, 0.8)",,,"(-12.8, 0.0, -4.1)",
PLAYER_POSITIONS,400785,6/27/2026 10:19:24 AM,90eec047-676b-4d50-9684-e8707ca80941,2.0,,,,,,,,,,,,,,,,,,,,,,,,,,,,,,,,,,,"(-12.8, 0.4, -3.3)","(-13.1, 1.3, -3.3)","(-13.1, 1.3, -3.8)",
PLAYER_POSITIONS,400785,6/27/2026 10:19:24 AM,90eec047-676b-4d50-9684-e8707ca80941,2.0,,,,,,,,,,,,,,,,,,,,,,,,,,,,,,,,,,,"(-12.8, 0.4, -3.3)","(-13.1, 1.3, -3.3)","(-13.1, 1.3, -3.8)",
PLAYER_POSITIONS,401305,6/27/2026 10:19:25 AM,90eec047-676b-4d50-9684-e8707ca80941,2.0,,,,,,,,,,,,,,,,,,,,,,,,,,,,,,,,,,,"(-12.8, 0.4, -3.4)","(-13.1, 1.2, -3.3)","(-13.2, 0.8, -3.6)",
PLAYER_GAZE,401305,6/27/2026 10:19:25 AM,90eec047-676b-4d50-9684-e8707ca80941,2.0,,,,,,,,,,,,,,,,,,,,,,,,Military PT 12,,,,,,,,,"(-0.3, 1.2, 0.8)",,,"(-12.8, 0.0, -4.1)",
PLAYER_POSITIONS,401305,6/27/2026 10:19:25 AM,90eec047-676b-4d50-9684-e8707ca80941,2.0,,,,,,,,,,,,,,,,,,,,,,,,,,,,,,,,,,,"(-12.8, 0.4, -3.4)","(-13.1, 1.2, -3.3)","(-13.2, 0.8, -3.6)",
PLAYER_GAZE,401305,6/27/2026 10:19:25 AM,90eec047-676b-4d50-9684-e8707ca80941,2.0,,,,,,,,,,,,,,,,,,,,,,,,Military PT 12,,,,,,,,,"(-0.3, 1.2, 0.8)",,,"(-12.8, 0.0, -4.1)",
PLAYER_POSITIONS,401817,6/27/2026 10:19:25 AM,90eec047-676b-4d50-9684-e8707ca80941,2.0,,,,,,,,,,,,,,,,,,,,,,,,,,,,,,,,,,,"(-12.9, 0.4, -3.5)","(-13.1, 1.2, -3.3)","(-13.4, 1.1, -3.5)",
PLAYER_GAZE,401817,6/27/2026 10:19:25 AM,90eec047-676b-4d50-9684-e8707ca80941,2.0,,,,,,,,,,,,,,,,,,,,,,,,Military PT 12,,,,,,,,,"(-0.3, 1.2, 0.8)",,,"(-12.8, 0.0, -4.1)",
PLAYER_POSITIONS,401817,6/27/2026 10:19:25 AM,90eec047-676b-4d50-9684-e8707ca80941,2.0,,,,,,,,,,,,,,,,,,,,,,,,,,,,,,,,,,,"(-12.9, 0.4, -3.5)","(-13.1, 1.2, -3.3)","(-13.4, 1.1, -3.5)",
PLAYER_GAZE,401817,6/27/2026 10:19:25 AM,90eec047-676b-4d50-9684-e8707ca80941,2.0,,,,,,,,,,,,,,,,,,,,,,,,Military PT 12,,,,,,,,,"(-0.3, 1.2, 0.8)",,,"(-12.8, 0.0, -4.1)",
VOICE_CAPTURE,402294,6/27/2026 10:19:26 AM,90eec047-676b-4d50-9684-e8707ca80941,2.0,,,,,,,,,,,,,,,,,,,,,,,,,,,,,,,,,,,,,,,,,,,,,,,,,,,NA,Sweet.,
PLAYER_POSITIONS,402317,6/27/2026 10:19:26 AM,90eec047-676b-4d50-9684-e8707ca80941,2.0,,,,,,,,,,,,,,,,,,,,,,,,,,,,,,,,,,,"(-12.8, 0.4, -3.3)","(-13.0, 1.2, -3.3)","(-13.1, 0.7, -3.5)",
PLAYER_POSITIONS,402317,6/27/2026 10:19:26 AM,90eec047-676b-4d50-9684-e8707ca80941,2.0,,,,,,,,,,,,,,,,,,,,,,,,,,,,,,,,,,,"(-12.8, 0.4, -3.3)","(-13.0, 1.2, -3.3)","(-13.1, 0.7, -3.5)",
VOICE_CAPTURE,402752,6/27/2026 10:19:26 AM,90eec047-676b-4d50-9684-e8707ca80941,2.0,,,,,,,,,,,,,,,,,,,,,,,,,,,,,,,,,,,,,,,,,,,,,,,,,,,NA,Sweet.,
PLAYER_POSITIONS,402817,6/27/2026 10:19:26 AM,90eec047-676b-4d50-9684-e8707ca80941,2.0,,,,,,,,,,,,,,,,,,,,,,,,,,,,,,,,,,,"(-12.8, 0.4, -3.2)","(-13.1, 1.2, -3.3)","(-13.0, 1.2, -3.7)",
PLAYER_GAZE,402817,6/27/2026 10:19:26 AM,90eec047-676b-4d50-9684-e8707ca80941,2.0,,,,,,,,,,,,,,,,,,,,,,,,Military PT 12,,,,,,,,,"(-0.3, 1.2, 0.8)",,,"(-12.8, 0.0, -4.1)",
PLAYER_POSITIONS,402817,6/27/2026 10:19:26 AM,90eec047-676b-4d50-9684-e8707ca80941,2.0,,,,,,,,,,,,,,,,,,,,,,,,,,,,,,,,,,,"(-12.8, 0.4, -3.2)","(-13.1, 1.2, -3.3)","(-13.0, 1.2, -3.7)",
PLAYER_GAZE,402817,6/27/2026 10:19:26 AM,90eec047-676b-4d50-9684-e8707ca80941,2.0,,,,,,,,,,,,,,,,,,,,,,,,Military PT 12,,,,,,,,,"(-0.3, 1.2, 0.8)",,,"(-12.8, 0.0, -4.1)",
VOICE_CAPTURE,403283,6/27/2026 10:19:27 AM,90eec047-676b-4d50-9684-e8707ca80941,2.0,,,,,,,,,,,,,,,,,,,,,,,,,,,,,,,,,,,,,,,,,,,,,,,,,,,NA,Sweet. Sweet.,
PLAYER_POSITIONS,403329,6/27/2026 10:19:27 AM,90eec047-676b-4d50-9684-e8707ca80941,2.0,,,,,,,,,,,,,,,,,,,,,,,,,,,,,,,,,,,"(-12.7, 0.9, -3.3)","(-13.0, 1.2, -3.4)","(-13.1, 0.5, -3.6)",
PLAYER_GAZE,403329,6/27/2026 10:19:27 AM,90eec047-676b-4d50-9684-e8707ca80941,2.0,,,,,,,,,,,,,,,,,,,,,,,,Military PT 12,,,,,,,,,"(-0.2, 1.2, 0.7)",,,"(-12.8, 0.0, -4.1)",
PLAYER_POSITIONS,403329,6/27/2026 10:19:27 AM,90eec047-676b-4d50-9684-e8707ca80941,2.0,,,,,,,,,,,,,,,,,,,,,,,,,,,,,,,,,,,"(-12.7, 0.9, -3.3)","(-13.0, 1.2, -3.4)","(-13.1, 0.5, -3.6)",
PLAYER_GAZE,403329,6/27/2026 10:19:27 AM,90eec047-676b-4d50-9684-e8707ca80941,2.0,,,,,,,,,,,,,,,,,,,,,,,,Military PT 12,,,,,,,,,"(-0.2, 1.2, 0.7)",,,"(-12.8, 0.0, -4.1)",
AUDIO_END,403705,6/27/2026 10:19:27 AM,90eec047-676b-4d50-9684-e8707ca80941,2.0,good hits razor 1,4.545306,
NARRATIVE_SECTION_END,403705,6/27/2026 10:19:27 AM,90eec047-676b-4d50-9684-e8707ca80941,2.0,,,,,,,,,,,,,,,,,,Good hits razor 1,45,
VOICE_CAPTURE,403739,6/27/2026 10:19:27 AM,90eec047-676b-4d50-9684-e8707ca80941,2.0,,,,,,,,,,,,,,,,,,,,,,,,,,,,,,,,,,,,,,,,,,,,,,,,,,,NA,Sweet. Sweet. Can you lay down?,
NARRATIVE_SECTION_START,403756,6/27/2026 10:19:27 AM,90eec047-676b-4d50-9684-e8707ca80941,2.0,,,,,,,,,,,,,,,,,,Bravo switching to objective foxtrot,46,
PLAYER_POSITIONS,403850,6/27/2026 10:19:27 AM,90eec047-676b-4d50-9684-e8707ca80941,2.0,,,,,,,,,,,,,,,,,,,,,,,,,,,,,,,,,,,"(-13.0, 1.1, -3.1)","(-13.1, 1.3, -3.3)","(-13.3, 0.4, -3.5)",
PLAYER_GAZE,403850,6/27/2026 10:19:27 AM,90eec047-676b-4d50-9684-e8707ca80941,2.0,,,,,,,,,,,,,,,,,,,,,,,,Military PT 12,,,,,,,,,"(-0.2, 1.3, 0.8)",,,"(-12.8, 0.0, -4.1)",
PLAYER_POSITIONS,403850,6/27/2026 10:19:27 AM,90eec047-676b-4d50-9684-e8707ca80941,2.0,,,,,,,,,,,,,,,,,,,,,,,,,,,,,,,,,,,"(-13.0, 1.1, -3.1)","(-13.1, 1.3, -3.3)","(-13.3, 0.4, -3.5)",
PLAYER_GAZE,403850,6/27/2026 10:19:27 AM,90eec047-676b-4d50-9684-e8707ca80941,2.0,,,,,,,,,,,,,,,,,,,,,,,,Military PT 12,,,,,,,,,"(-0.2, 1.3, 0.8)",,,"(-12.8, 0.0, -4.1)",
VOICE_CAPTURE,404239,6/27/2026 10:19:28 AM,90eec047-676b-4d50-9684-e8707ca80941,2.0,,,,,,,,,,,,,,,,,,,,,,,,,,,,,,,,,,,,,,,,,,,,,,,,,,,NA,Sweet. Sweet. Can you lay down?,
VOICE_CAPTURE,404239,6/27/2026 10:19:28 AM,90eec047-676b-4d50-9684-e8707ca80941,2.0,,,,,,,,,,,,,,,,,,,,,,,,,,,,,,,,,,,,,,,,,,,,,,,,,,,NA,Sweet. Sweet. Can you lay down?,
VOICE_COMMAND,404239,6/27/2026 10:19:28 AM,90eec047-676b-4d50-9684-e8707ca80941,2.0,,,,,,,,,,,,,,,,,,,,,,,,Military PT 12,,,,,,,,,,,,,,,,,,,,,,,,,,,Sweet. Sweet. Can you lay down?,lay down,
PLAYER_POSITIONS,404350,6/27/2026 10:19:28 AM,90eec047-676b-4d50-9684-e8707ca80941,2.0,,,,,,,,,,,,,,,,,,,,,,,,,,,,,,,,,,,"(-13.0, 1.1, -3.1)","(-13.0, 1.3, -3.2)","(-13.2, 0.5, -3.5)",
PLAYER_GAZE,404350,6/27/2026 10:19:28 AM,90eec047-676b-4d50-9684-e8707ca80941,2.0,,,,,,,,,,,,,,,,,,,,,,,,Military PT 12,,,,,,,,,"(-0.2, 1.3, 0.9)",,,"(-12.8, 0.0, -4.1)",
PLAYER_POSITIONS,404350,6/27/2026 10:19:28 AM,90eec047-676b-4d50-9684-e8707ca80941,2.0,,,,,,,,,,,,,,,,,,,,,,,,,,,,,,,,,,,"(-13.0, 1.1, -3.1)","(-13.0, 1.3, -3.2)","(-13.2, 0.5, -3.5)",
PLAYER_GAZE,404350,6/27/2026 10:19:28 AM,90eec047-676b-4d50-9684-e8707ca80941,2.0,,,,,,,,,,,,,,,,,,,,,,,,Military PT 12,,,,,,,,,"(-0.2, 1.3, 0.9)",,,"(-12.8, 0.0, -4.1)",
PLAYER_POSITIONS,404866,6/27/2026 10:19:28 AM,90eec047-676b-4d50-9684-e8707ca80941,2.0,,,,,,,,,,,,,,,,,,,,,,,,,,,,,,,,,,,"(-13.0, 1.1, -3.1)","(-13.0, 1.2, -3.2)","(-13.2, 0.4, -3.5)",
PLAYER_GAZE,404866,6/27/2026 10:19:28 AM,90eec047-676b-4d50-9684-e8707ca80941,2.0,,,,,,,,,,,,,,,,,,,,,,,,Military PT 12,,,,,,,,,"(-0.2, 1.2, 0.9)",,,"(-12.8, 0.0, -4.1)",
PLAYER_POSITIONS,404866,6/27/2026 10:19:28 AM,90eec047-676b-4d50-9684-e8707ca80941,2.0,,,,,,,,,,,,,,,,,,,,,,,,,,,,,,,,,,,"(-13.0, 1.1, -3.1)","(-13.0, 1.2, -3.2)","(-13.2, 0.4, -3.5)",
PLAYER_GAZE,404866,6/27/2026 10:19:28 AM,90eec047-676b-4d50-9684-e8707ca80941,2.0,,,,,,,,,,,,,,,,,,,,,,,,Military PT 12,,,,,,,,,"(-0.2, 1.2, 0.9)",,,"(-12.8, 0.0, -4.1)",
PLAYER_POSITIONS,405376,6/27/2026 10:19:29 AM,90eec047-676b-4d50-9684-e8707ca80941,2.0,,,,,,,,,,,,,,,,,,,,,,,,,,,,,,,,,,,"(-13.0, 1.1, -3.1)","(-13.0, 1.2, -3.3)","(-13.2, 0.4, -3.5)",
PLAYER_GAZE,405376,6/27/2026 10:19:29 AM,90eec047-676b-4d50-9684-e8707ca80941,2.0,,,,,,,,,,,,,,,,,,,,,,,,Military PT 12,,,,,,,,,"(-0.2, 1.2, 0.8)",,,"(-12.8, 0.0, -4.1)",
PLAYER_POSITIONS,405376,6/27/2026 10:19:29 AM,90eec047-676b-4d50-9684-e8707ca80941,2.0,,,,,,,,,,,,,,,,,,,,,,,,,,,,,,,,,,,"(-13.0, 1.1, -3.1)","(-13.0, 1.2, -3.3)","(-13.2, 0.4, -3.5)",
PLAYER_GAZE,405376,6/27/2026 10:19:29 AM,90eec047-676b-4d50-9684-e8707ca80941,2.0,,,,,,,,,,,,,,,,,,,,,,,,Military PT 12,,,,,,,,,"(-0.2, 1.2, 0.8)",,,"(-12.8, 0.0, -4.1)",
EVAC_RADIO_ALERT,405462,6/27/2026 10:19:29 AM,90eec047-676b-4d50-9684-e8707ca80941,2.0,,,,,,,,1,
AUDIO_START,405466,6/27/2026 10:19:29 AM,90eec047-676b-4d50-9684-e8707ca80941,2.0,evac in 4 minutes,4.127347,
PLAYER_POSITIONS,405881,6/27/2026 10:19:29 AM,90eec047-676b-4d50-9684-e8707ca80941,2.0,,,,,,,,,,,,,,,,,,,,,,,,,,,,,,,,,,,"(-12.7, 1.1, -3.2)","(-13.0, 1.1, -3.3)","(-13.3, 0.4, -3.5)",
PLAYER_POSITIONS,405881,6/27/2026 10:19:29 AM,90eec047-676b-4d50-9684-e8707ca80941,2.0,,,,,,,,,,,,,,,,,,,,,,,,,,,,,,,,,,,"(-12.7, 1.1, -3.2)","(-13.0, 1.1, -3.3)","(-13.3, 0.4, -3.5)",
PLAYER_POSITIONS,406402,6/27/2026 10:19:30 AM,90eec047-676b-4d50-9684-e8707ca80941,2.0,,,,,,,,,,,,,,,,,,,,,,,,,,,,,,,,,,,"(-12.7, 0.4, -3.2)","(-13.0, 1.1, -3.4)","(-13.3, 0.4, -3.5)",
PLAYER_POSITIONS,406402,6/27/2026 10:19:30 AM,90eec047-676b-4d50-9684-e8707ca80941,2.0,,,,,,,,,,,,,,,,,,,,,,,,,,,,,,,,,,,"(-12.7, 0.4, -3.2)","(-13.0, 1.1, -3.4)","(-13.3, 0.4, -3.5)",
PLAYER_POSITIONS,406903,6/27/2026 10:19:31 AM,90eec047-676b-4d50-9684-e8707ca80941,2.0,,,,,,,,,,,,,,,,,,,,,,,,,,,,,,,,,,,"(-12.7, 0.3, -3.2)","(-12.9, 1.1, -3.3)","(-13.1, 0.4, -3.5)",
PLAYER_POSITIONS,406903,6/27/2026 10:19:31 AM,90eec047-676b-4d50-9684-e8707ca80941,2.0,,,,,,,,,,,,,,,,,,,,,,,,,,,,,,,,,,,"(-12.7, 0.3, -3.2)","(-12.9, 1.1, -3.3)","(-13.1, 0.4, -3.5)",
VOICE_CAPTURE,407230,6/27/2026 10:19:31 AM,90eec047-676b-4d50-9684-e8707ca80941,2.0,,,,,,,,,,,,,,,,,,,,,,,,,,,,,,,,,,,,,,,,,,,,,,,,,,,NA,Are you bleeding?,
PLAYER_POSITIONS,407407,6/27/2026 10:19:31 AM,90eec047-676b-4d50-9684-e8707ca80941,2.0,,,,,,,,,,,,,,,,,,,,,,,,,,,,,,,,,,,"(-13.0, 0.2, -3.4)","(-12.7, 0.7, -3.3)","(-12.9, 0.2, -3.5)",
PLAYER_POSITIONS,407407,6/27/2026 10:19:31 AM,90eec047-676b-4d50-9684-e8707ca80941,2.0,,,,,,,,,,,,,,,,,,,,,,,,,,,,,,,,,,,"(-13.0, 0.2, -3.4)","(-12.7, 0.7, -3.3)","(-12.9, 0.2, -3.5)",
VOICE_CAPTURE,407763,6/27/2026 10:19:31 AM,90eec047-676b-4d50-9684-e8707ca80941,2.0,,,,,,,,,,,,,,,,,,,,,,,,,,,,,,,,,,,,,,,,,,,,,,,,,,,NA,Are you bleeding from someone?,
PLAYER_POSITIONS,407919,6/27/2026 10:19:32 AM,90eec047-676b-4d50-9684-e8707ca80941,2.0,,,,,,,,,,,,,,,,,,,,,,,,,,,,,,,,,,,"(-13.0, 0.2, -3.4)","(-12.7, 0.6, -3.4)","(-12.9, 0.1, -3.6)",
PLAYER_POSITIONS,407919,6/27/2026 10:19:32 AM,90eec047-676b-4d50-9684-e8707ca80941,2.0,,,,,,,,,,,,,,,,,,,,,,,,,,,,,,,,,,,"(-13.0, 0.2, -3.4)","(-12.7, 0.6, -3.4)","(-12.9, 0.1, -3.6)",
VOICE_CAPTURE,408230,6/27/2026 10:19:32 AM,90eec047-676b-4d50-9684-e8707ca80941,2.0,,,,,,,,,,,,,,,,,,,,,,,,,,,,,,,,,,,,,,,,,,,,,,,,,,,NA,Are you bleeding from someone? Are you bleeding from somewhere?,
PLAYER_POSITIONS,408429,6/27/2026 10:19:32 AM,90eec047-676b-4d50-9684-e8707ca80941,2.0,,,,,,,,,,,,,,,,,,,,,,,,,,,,,,,,,,,"(-13.0, 0.1, -3.4)","(-12.7, 0.6, -3.4)","(-12.8, 0.1, -3.8)",
PLAYER_POSITIONS,408429,6/27/2026 10:19:32 AM,90eec047-676b-4d50-9684-e8707ca80941,2.0,,,,,,,,,,,,,,,,,,,,,,,,,,,,,,,,,,,"(-13.0, 0.1, -3.4)","(-12.7, 0.6, -3.4)","(-12.8, 0.1, -3.8)",
VOICE_CAPTURE,408764,6/27/2026 10:19:32 AM,90eec047-676b-4d50-9684-e8707ca80941,2.0,,,,,,,,,,,,,,,,,,,,,,,,,,,,,,,,,,,,,,,,,,,,,,,,,,,NA,Are you bleeding from someone? Are you bleeding from somewhere?,
VOICE_CAPTURE,408764,6/27/2026 10:19:32 AM,90eec047-676b-4d50-9684-e8707ca80941,2.0,,,,,,,,,,,,,,,,,,,,,,,,,,,,,,,,,,,,,,,,,,,,,,,,,,,NA,Are you bleeding from someone? Are you bleeding from somewhere?,
PLAYER_POSITIONS,408940,6/27/2026 10:19:33 AM,90eec047-676b-4d50-9684-e8707ca80941,2.0,,,,,,,,,,,,,,,,,,,,,,,,,,,,,,,,,,,"(-13.1, 0.1, -3.4)","(-12.7, 0.7, -3.5)","(-13.0, 0.1, -3.9)",
PLAYER_POSITIONS,408940,6/27/2026 10:19:33 AM,90eec047-676b-4d50-9684-e8707ca80941,2.0,,,,,,,,,,,,,,,,,,,,,,,,,,,,,,,,,,,"(-13.1, 0.1, -3.4)","(-12.7, 0.7, -3.5)","(-13.0, 0.1, -3.9)",
PULSE_TAKEN,409227,6/27/2026 10:19:33 AM,90eec047-676b-4d50-9684-e8707ca80941,2.0,,,,,,,,,,,,,,,,,,,,,,,,Military PT 12,,,,pulse_normal,
PLAYER_POSITIONS,409441,6/27/2026 10:19:33 AM,90eec047-676b-4d50-9684-e8707ca80941,2.0,,,,,,,,,,,,,,,,,,,,,,,,,,,,,,,,,,,"(-13.0, 0.2, -3.4)","(-12.8, 0.6, -3.6)","(-12.7, 0.1, -4.0)",
PLAYER_POSITIONS,409441,6/27/2026 10:19:33 AM,90eec047-676b-4d50-9684-e8707ca80941,2.0,,,,,,,,,,,,,,,,,,,,,,,,,,,,,,,,,,,"(-13.0, 0.2, -3.4)","(-12.8, 0.6, -3.6)","(-12.7, 0.1, -4.0)",
AUDIO_END,409594,6/27/2026 10:19:33 AM,90eec047-676b-4d50-9684-e8707ca80941,2.0,evac in 4 minutes,4.127347,
PLAYER_POSITIONS,409962,6/27/2026 10:19:34 AM,90eec047-676b-4d50-9684-e8707ca80941,2.0,,,,,,,,,,,,,,,,,,,,,,,,,,,,,,,,,,,"(-13.0, 0.1, -3.4)","(-12.8, 0.7, -3.7)","(-12.6, 0.2, -3.8)",
PLAYER_POSITIONS,409962,6/27/2026 10:19:34 AM,90eec047-676b-4d50-9684-e8707ca80941,2.0,,,,,,,,,,,,,,,,,,,,,,,,,,,,,,,,,,,"(-13.0, 0.1, -3.4)","(-12.8, 0.7, -3.7)","(-12.6, 0.2, -3.8)",
PLAYER_POSITIONS,410462,6/27/2026 10:19:34 AM,90eec047-676b-4d50-9684-e8707ca80941,2.0,,,,,,,,,,,,,,,,,,,,,,,,,,,,,,,,,,,"(-13.0, 0.1, -3.4)","(-12.8, 0.8, -3.6)","(-13.0, 0.1, -3.5)",
PLAYER_POSITIONS,410462,6/27/2026 10:19:34 AM,90eec047-676b-4d50-9684-e8707ca80941,2.0,,,,,,,,,,,,,,,,,,,,,,,,,,,,,,,,,,,"(-13.0, 0.1, -3.4)","(-12.8, 0.8, -3.6)","(-13.0, 0.1, -3.5)",
PLAYER_POSITIONS,410964,6/27/2026 10:19:35 AM,90eec047-676b-4d50-9684-e8707ca80941,2.0,,,,,,,,,,,,,,,,,,,,,,,,,,,,,,,,,,,"(-12.9, 0.3, -3.4)","(-13.0, 1.1, -3.6)","(-13.2, 0.2, -3.6)",
PLAYER_POSITIONS,410964,6/27/2026 10:19:35 AM,90eec047-676b-4d50-9684-e8707ca80941,2.0,,,,,,,,,,,,,,,,,,,,,,,,,,,,,,,,,,,"(-12.9, 0.3, -3.4)","(-13.0, 1.1, -3.6)","(-13.2, 0.2, -3.6)",
PLAYER_POSITIONS,411485,6/27/2026 10:19:35 AM,90eec047-676b-4d50-9684-e8707ca80941,2.0,,,,,,,,,,,,,,,,,,,,,,,,,,,,,,,,,,,"(-12.8, 0.4, -3.5)","(-13.1, 1.2, -3.4)","(-13.3, 0.7, -3.6)",
PLAYER_POSITIONS,411485,6/27/2026 10:19:35 AM,90eec047-676b-4d50-9684-e8707ca80941,2.0,,,,,,,,,,,,,,,,,,,,,,,,,,,,,,,,,,,"(-12.8, 0.4, -3.5)","(-13.1, 1.2, -3.4)","(-13.3, 0.7, -3.6)",
VOICE_CAPTURE,411730,6/27/2026 10:19:35 AM,90eec047-676b-4d50-9684-e8707ca80941,2.0,,,,,,,,,,,,,,,,,,,,,,,,,,,,,,,,,,,,,,,,,,,,,,,,,,,NA,Okay.,
BAG_CLOSED,411972,6/27/2026 10:19:36 AM,90eec047-676b-4d50-9684-e8707ca80941,2.0,,,,,,,,,,,,,,,,,,,,,,,,,,,,,,,,,,,,"(0.0, 0.0, 0.0)",
PLAYER_POSITIONS,411997,6/27/2026 10:19:36 AM,90eec047-676b-4d50-9684-e8707ca80941,2.0,,,,,,,,,,,,,,,,,,,,,,,,,,,,,,,,,,,"(-12.8, 0.5, -3.5)","(-13.0, 1.2, -3.4)","(-13.1, 0.7, -3.6)",
PLAYER_POSITIONS,411997,6/27/2026 10:19:36 AM,90eec047-676b-4d50-9684-e8707ca80941,2.0,,,,,,,,,,,,,,,,,,,,,,,,,,,,,,,,,,,"(-12.8, 0.5, -3.5)","(-13.0, 1.2, -3.4)","(-13.1, 0.7, -3.6)",
VOICE_CAPTURE,412242,6/27/2026 10:19:36 AM,90eec047-676b-4d50-9684-e8707ca80941,2.0,,,,,,,,,,,,,,,,,,,,,,,,,,,,,,,,,,,,,,,,,,,,,,,,,,,NA,Okay.,
PLAYER_POSITIONS,412509,6/27/2026 10:19:36 AM,90eec047-676b-4d50-9684-e8707ca80941,2.0,,,,,,,,,,,,,,,,,,,,,,,,,,,,,,,,,,,"(-12.5, 0.4, -3.6)","(-12.7, 1.2, -3.6)","(-12.9, 0.5, -3.7)",
PLAYER_POSITIONS,412509,6/27/2026 10:19:36 AM,90eec047-676b-4d50-9684-e8707ca80941,2.0,,,,,,,,,,,,,,,,,,,,,,,,,,,,,,,,,,,"(-12.5, 0.4, -3.6)","(-12.7, 1.2, -3.6)","(-12.9, 0.5, -3.7)",
VOICE_CAPTURE,412763,6/27/2026 10:19:36 AM,90eec047-676b-4d50-9684-e8707ca80941,2.0,,,,,,,,,,,,,,,,,,,,,,,,,,,,,,,,,,,,,,,,,,,,,,,,,,,NA,Okay.,
PLAYER_POSITIONS,413030,6/27/2026 10:19:37 AM,90eec047-676b-4d50-9684-e8707ca80941,2.0,,,,,,,,,,,,,,,,,,,,,,,,,,,,,,,,,,,"(-12.4, 0.4, -3.8)","(-12.6, 1.2, -3.7)","(-12.9, 0.8, -3.9)",
PLAYER_POSITIONS,413030,6/27/2026 10:19:37 AM,90eec047-676b-4d50-9684-e8707ca80941,2.0,,,,,,,,,,,,,,,,,,,,,,,,,,,,,,,,,,,"(-12.4, 0.4, -3.8)","(-12.6, 1.2, -3.7)","(-12.9, 0.8, -3.9)",
VOICE_CAPTURE,413232,6/27/2026 10:19:37 AM,90eec047-676b-4d50-9684-e8707ca80941,2.0,,,,,,,,,,,,,,,,,,,,,,,,,,,,,,,,,,,,,,,,,,,,,,,,,,,NA,Okay. Okay.,
PLAYER_POSITIONS,413557,6/27/2026 10:19:37 AM,90eec047-676b-4d50-9684-e8707ca80941,2.0,,,,,,,,,,,,,,,,,,,,,,,,,,,,,,,,,,,"(-12.3, 0.5, -4.0)","(-12.6, 1.2, -3.8)","(-12.9, 0.7, -4.1)",
PLAYER_POSITIONS,413557,6/27/2026 10:19:37 AM,90eec047-676b-4d50-9684-e8707ca80941,2.0,,,,,,,,,,,,,,,,,,,,,,,,,,,,,,,,,,,"(-12.3, 0.5, -4.0)","(-12.6, 1.2, -3.8)","(-12.9, 0.7, -4.1)",
VOICE_CAPTURE,413713,6/27/2026 10:19:37 AM,90eec047-676b-4d50-9684-e8707ca80941,2.0,,,,,,,,,,,,,,,,,,,,,,,,,,,,,,,,,,,,,,,,,,,,,,,,,,,NA,Okay. Okay.,
VOICE_CAPTURE,413713,6/27/2026 10:19:37 AM,90eec047-676b-4d50-9684-e8707ca80941,2.0,,,,,,,,,,,,,,,,,,,,,,,,,,,,,,,,,,,,,,,,,,,,,,,,,,,NA,Okay. Okay.,
AUDIO_START,413763,6/27/2026 10:19:37 AM,90eec047-676b-4d50-9684-e8707ca80941,2.0,bravo switching to objective foxtrot,4.571429,
PLAYER_POSITIONS,414068,6/27/2026 10:19:38 AM,90eec047-676b-4d50-9684-e8707ca80941,2.0,,,,,,,,,,,,,,,,,,,,,,,,,,,,,,,,,,,"(-12.2, 0.5, -3.9)","(-12.6, 1.2, -3.8)","(-12.9, 0.6, -4.1)",
PLAYER_GAZE,414068,6/27/2026 10:19:38 AM,90eec047-676b-4d50-9684-e8707ca80941,2.0,,,,,,,,,,,,,,,,,,,,,,,,Military PT 12,,,,,,,,,"(0.2, 1.2, 0.3)",,,"(-12.8, 0.0, -4.1)",
PLAYER_POSITIONS,414068,6/27/2026 10:19:38 AM,90eec047-676b-4d50-9684-e8707ca80941,2.0,,,,,,,,,,,,,,,,,,,,,,,,,,,,,,,,,,,"(-12.2, 0.5, -3.9)","(-12.6, 1.2, -3.8)","(-12.9, 0.6, -4.1)",
PLAYER_GAZE,414068,6/27/2026 10:19:38 AM,90eec047-676b-4d50-9684-e8707ca80941,2.0,,,,,,,,,,,,,,,,,,,,,,,,Military PT 12,,,,,,,,,"(0.2, 1.2, 0.3)",,,"(-12.8, 0.0, -4.1)",
TOOL_HOVER,414376,6/27/2026 10:19:38 AM,90eec047-676b-4d50-9684-e8707ca80941,2.0,,,,,,,,,,,,,,,,,,,,,,,,,,,,,,,,,,,,,,,,,,,,,,991,,Fentanyl Lollipop,
PLAYER_POSITIONS,414578,6/27/2026 10:19:38 AM,90eec047-676b-4d50-9684-e8707ca80941,2.0,,,,,,,,,,,,,,,,,,,,,,,,,,,,,,,,,,,"(-12.6, 0.5, -4.1)","(-12.8, 1.2, -4.0)","(-13.1, 0.9, -4.0)",
PLAYER_GAZE,414578,6/27/2026 10:19:38 AM,90eec047-676b-4d50-9684-e8707ca80941,2.0,,,,,,,,,,,,,,,,,,,,,,,,Military PT 12,,,,,,,,,"(0.0, 1.2, 0.1)",,,"(-12.8, 0.0, -4.1)",
PLAYER_POSITIONS,414578,6/27/2026 10:19:38 AM,90eec047-676b-4d50-9684-e8707ca80941,2.0,,,,,,,,,,,,,,,,,,,,,,,,,,,,,,,,,,,"(-12.6, 0.5, -4.1)","(-12.8, 1.2, -4.0)","(-13.1, 0.9, -4.0)",
PLAYER_GAZE,414578,6/27/2026 10:19:38 AM,90eec047-676b-4d50-9684-e8707ca80941,2.0,,,,,,,,,,,,,,,,,,,,,,,,Military PT 12,,,,,,,,,"(0.0, 1.2, 0.1)",,,"(-12.8, 0.0, -4.1)",
BAG_CLOSED,414953,6/27/2026 10:19:39 AM,90eec047-676b-4d50-9684-e8707ca80941,2.0,,,,,,,,,,,,,,,,,,,,,,,,,,,,,,,,,,,,"(0.0, 0.0, 0.0)",
PLAYER_POSITIONS,415090,6/27/2026 10:19:39 AM,90eec047-676b-4d50-9684-e8707ca80941,2.0,,,,,,,,,,,,,,,,,,,,,,,,,,,,,,,,,,,"(-12.3, 0.4, -4.0)","(-12.6, 1.2, -4.1)","(-12.9, 0.9, -4.2)",
PLAYER_POSITIONS,415090,6/27/2026 10:19:39 AM,90eec047-676b-4d50-9684-e8707ca80941,2.0,,,,,,,,,,,,,,,,,,,,,,,,,,,,,,,,,,,"(-12.3, 0.4, -4.0)","(-12.6, 1.2, -4.1)","(-12.9, 0.9, -4.2)",
PLAYER_POSITIONS,415602,6/27/2026 10:19:39 AM,90eec047-676b-4d50-9684-e8707ca80941,2.0,,,,,,,,,,,,,,,,,,,,,,,,,,,,,,,,,,,"(-12.0, 0.4, -3.8)","(-12.1, 1.2, -3.8)","(-12.1, 0.7, -4.0)",
PLAYER_GAZE,415602,6/27/2026 10:19:39 AM,90eec047-676b-4d50-9684-e8707ca80941,2.0,,,,,,,,,,,,,,,,,,,,,,,,Military PT 4,,,,,,,,,"(-1.0, 1.2, 0.9)",,,"(-11.1, 0.0, -4.7)",
PLAYER_POSITIONS,415602,6/27/2026 10:19:39 AM,90eec047-676b-4d50-9684-e8707ca80941,2.0,,,,,,,,,,,,,,,,,,,,,,,,,,,,,,,,,,,"(-12.0, 0.4, -3.8)","(-12.1, 1.2, -3.8)","(-12.1, 0.7, -4.0)",
PLAYER_GAZE,415602,6/27/2026 10:19:39 AM,90eec047-676b-4d50-9684-e8707ca80941,2.0,,,,,,,,,,,,,,,,,,,,,,,,Military PT 4,,,,,,,,,"(-1.0, 1.2, 0.9)",,,"(-11.1, 0.0, -4.7)",
PATIENT_DISENGAGED,416022,6/27/2026 10:19:40 AM,90eec047-676b-4d50-9684-e8707ca80941,2.0,,,,22.99,,,,,,,,,,,,,,,,normal,100,Infinity,normal,Military PT 12,upset,supine,"(-13.1, -0.1, -4.0)",normal,"(0.0, 0.0, 0.0, 1.0)",normal,DELAYED,still,,,,,,,,,,,,,,,,,22.99,
PATIENT_ENGAGED,416022,6/27/2026 10:19:40 AM,90eec047-676b-4d50-9684-e8707ca80941,2.0,,,,0,,,,,,,,,,,,,,,,fast,100,Infinity,normal,Military PT 4,upset,supine,"(-11.1, -0.1, -4.4)",faint,"(0.0, 1.0, 0.0, 0.2)",normal,IMMEDIATE,still,,,,,,,,,,,,,,,,,24.51,
PLAYER_POSITIONS,416113,6/27/2026 10:19:40 AM,90eec047-676b-4d50-9684-e8707ca80941,2.0,,,,,,,,,,,,,,,,,,,,,,,,,,,,,,,,,,,"(-11.7, 0.3, -3.4)","(-11.8, 1.1, -3.6)","(-11.8, 0.6, -3.7)",
PLAYER_POSITIONS,416113,6/27/2026 10:19:40 AM,90eec047-676b-4d50-9684-e8707ca80941,2.0,,,,,,,,,,,,,,,,,,,,,,,,,,,,,,,,,,,"(-11.7, 0.3, -3.4)","(-11.8, 1.1, -3.6)","(-11.8, 0.6, -3.7)",
PLAYER_POSITIONS,416624,6/27/2026 10:19:40 AM,90eec047-676b-4d50-9684-e8707ca80941,2.0,,,,,,,,,,,,,,,,,,,,,,,,,,,,,,,,,,,"(-11.6, 0.4, -3.8)","(-11.7, 1.1, -4.0)","(-11.8, 0.5, -4.0)",
PLAYER_POSITIONS,416624,6/27/2026 10:19:40 AM,90eec047-676b-4d50-9684-e8707ca80941,2.0,,,,,,,,,,,,,,,,,,,,,,,,,,,,,,,,,,,"(-11.6, 0.4, -3.8)","(-11.7, 1.1, -4.0)","(-11.8, 0.5, -4.0)",
PLAYER_POSITIONS,417144,6/27/2026 10:19:41 AM,90eec047-676b-4d50-9684-e8707ca80941,2.0,,,,,,,,,,,,,,,,,,,,,,,,,,,,,,,,,,,"(-11.3, 0.3, -3.8)","(-11.3, 1.1, -4.0)","(-11.7, 0.4, -4.2)",
PLAYER_POSITIONS,417144,6/27/2026 10:19:41 AM,90eec047-676b-4d50-9684-e8707ca80941,2.0,,,,,,,,,,,,,,,,,,,,,,,,,,,,,,,,,,,"(-11.3, 0.3, -3.8)","(-11.3, 1.1, -4.0)","(-11.7, 0.4, -4.2)",
PLAYER_POSITIONS,417646,6/27/2026 10:19:41 AM,90eec047-676b-4d50-9684-e8707ca80941,2.0,,,,,,,,,,,,,,,,,,,,,,,,,,,,,,,,,,,"(-11.1, 0.5, -3.6)","(-11.2, 1.1, -3.9)","(-11.3, 0.3, -4.2)",
PLAYER_POSITIONS,417646,6/27/2026 10:19:41 AM,90eec047-676b-4d50-9684-e8707ca80941,2.0,,,,,,,,,,,,,,,,,,,,,,,,,,,,,,,,,,,"(-11.1, 0.5, -3.6)","(-11.2, 1.1, -3.9)","(-11.3, 0.3, -4.2)",
PLAYER_POSITIONS,418189,6/27/2026 10:19:42 AM,90eec047-676b-4d50-9684-e8707ca80941,2.0,,,,,,,,,,,,,,,,,,,,,,,,,,,,,,,,,,,"(-11.1, 0.3, -3.6)","(-11.1, 1.0, -3.7)","(-11.0, 0.5, -3.9)",
PLAYER_POSITIONS,418189,6/27/2026 10:19:42 AM,90eec047-676b-4d50-9684-e8707ca80941,2.0,,,,,,,,,,,,,,,,,,,,,,,,,,,,,,,,,,,"(-11.1, 0.3, -3.6)","(-11.1, 1.0, -3.7)","(-11.0, 0.5, -3.9)",
VOICE_CAPTURE,418226,6/27/2026 10:19:42 AM,90eec047-676b-4d50-9684-e8707ca80941,2.0,,,,,,,,,,,,,,,,,,,,,,,,,,,,,,,,,,,,,,,,,,,,,,,,,,,NA,Do you know what year it is?,
AUDIO_END,418337,6/27/2026 10:19:42 AM,90eec047-676b-4d50-9684-e8707ca80941,2.0,bravo switching to objective foxtrot,4.571429,
NARRATIVE_SECTION_END,418337,6/27/2026 10:19:42 AM,90eec047-676b-4d50-9684-e8707ca80941,2.0,,,,,,,,,,,,,,,,,,Bravo switching to objective foxtrot,46,
NARRATIVE_SECTION_START,418354,6/27/2026 10:19:42 AM,90eec047-676b-4d50-9684-e8707ca80941,2.0,,,,,,,,,,,,,,,,,,Can bravo get overwatch,47,
PLAYER_POSITIONS,418704,6/27/2026 10:19:42 AM,90eec047-676b-4d50-9684-e8707ca80941,2.0,,,,,,,,,,,,,,,,,,,,,,,,,,,,,,,,,,,"(-11.0, 0.3, -3.6)","(-11.1, 0.9, -3.7)","(-10.9, 0.3, -3.7)",
PLAYER_POSITIONS,418704,6/27/2026 10:19:42 AM,90eec047-676b-4d50-9684-e8707ca80941,2.0,,,,,,,,,,,,,,,,,,,,,,,,,,,,,,,,,,,"(-11.0, 0.3, -3.6)","(-11.1, 0.9, -3.7)","(-10.9, 0.3, -3.7)",
VOICE_CAPTURE,418770,6/27/2026 10:19:42 AM,90eec047-676b-4d50-9684-e8707ca80941,2.0,,,,,,,,,,,,,,,,,,,,,,,,,,,,,,,,,,,,,,,,,,,,,,,,,,,NA,Do you know what year it is?,
VOICE_CAPTURE,418770,6/27/2026 10:19:42 AM,90eec047-676b-4d50-9684-e8707ca80941,2.0,,,,,,,,,,,,,,,,,,,,,,,,,,,,,,,,,,,,,,,,,,,,,,,,,,,NA,Do you know what year it is?,
VOICE_COMMAND,418770,6/27/2026 10:19:42 AM,90eec047-676b-4d50-9684-e8707ca80941,2.0,,,,,,,,,,,,,,,,,,,,,,,,,,,,,,,,,,,,,,,,,,,,,,,,,,,Do you know what year it is?,what year is it,
DRAG_START,418775,6/27/2026 10:19:42 AM,90eec047-676b-4d50-9684-e8707ca80941,2.0,,,,,"(-11.1, 0.0, -4.7)",,,,,,,,,,,,,,,,,,,Military PT 4,
DRAG_START,418792,6/27/2026 10:19:42 AM,90eec047-676b-4d50-9684-e8707ca80941,2.0,,,,,"(-11.1, 0.0, -4.7)",,,,,,,,,,,,,,,,,,,Military PT 4,
PLAYER_POSITIONS,419237,6/27/2026 10:19:43 AM,90eec047-676b-4d50-9684-e8707ca80941,2.0,,,,,,,,,,,,,,,,,,,,,,,,,,,,,,,,,,,"(-10.9, 0.2, -4.0)","(-11.0, 1.0, -4.1)","(-10.8, 0.2, -4.1)",
PLAYER_POSITIONS,419237,6/27/2026 10:19:43 AM,90eec047-676b-4d50-9684-e8707ca80941,2.0,,,,,,,,,,,,,,,,,,,,,,,,,,,,,,,,,,,"(-10.9, 0.2, -4.0)","(-11.0, 1.0, -4.1)","(-10.8, 0.2, -4.1)",
PLAYER_POSITIONS,419742,6/27/2026 10:19:43 AM,90eec047-676b-4d50-9684-e8707ca80941,2.0,,,,,,,,,,,,,,,,,,,,,,,,,,,,,,,,,,,"(-11.2, 0.3, -4.5)","(-11.4, 1.0, -4.5)","(-11.2, 0.4, -4.8)",
PLAYER_POSITIONS,419742,6/27/2026 10:19:43 AM,90eec047-676b-4d50-9684-e8707ca80941,2.0,,,,,,,,,,,,,,,,,,,,,,,,,,,,,,,,,,,"(-11.2, 0.3, -4.5)","(-11.4, 1.0, -4.5)","(-11.2, 0.4, -4.8)",
PULSE_TAKEN,419838,6/27/2026 10:19:43 AM,90eec047-676b-4d50-9684-e8707ca80941,2.0,,,,,,,,,,,,,,,,,,,,,,,,Military PT 4,,,,pulse_faint,
PLAYER_POSITIONS,420252,6/27/2026 10:19:44 AM,90eec047-676b-4d50-9684-e8707ca80941,2.0,,,,,,,,,,,,,,,,,,,,,,,,,,,,,,,,,,,"(-11.2, 0.4, -5.0)","(-11.4, 1.0, -4.9)","(-11.3, 0.4, -5.2)",
PLAYER_POSITIONS,420252,6/27/2026 10:19:44 AM,90eec047-676b-4d50-9684-e8707ca80941,2.0,,,,,,,,,,,,,,,,,,,,,,,,,,,,,,,,,,,"(-11.2, 0.4, -5.0)","(-11.4, 1.0, -4.9)","(-11.3, 0.4, -5.2)",
PLAYER_POSITIONS,420772,6/27/2026 10:19:44 AM,90eec047-676b-4d50-9684-e8707ca80941,2.0,,,,,,,,,,,,,,,,,,,,,,,,,,,,,,,,,,,"(-11.0, 0.4, -5.1)","(-11.3, 1.0, -5.0)","(-11.0, 0.4, -5.4)",
PLAYER_POSITIONS,420772,6/27/2026 10:19:44 AM,90eec047-676b-4d50-9684-e8707ca80941,2.0,,,,,,,,,,,,,,,,,,,,,,,,,,,,,,,,,,,"(-11.0, 0.4, -5.1)","(-11.3, 1.0, -5.0)","(-11.0, 0.4, -5.4)",
VOICE_CAPTURE,420994,6/27/2026 10:19:45 AM,90eec047-676b-4d50-9684-e8707ca80941,2.0,,,,,,,,,,,,,,,,,,,,,,,,,,,,,,,,,,,,,,,,,,,,,,,,,,,NA,Whether you're the...,
VOICE_CAPTURE,421205,6/27/2026 10:19:45 AM,90eec047-676b-4d50-9684-e8707ca80941,2.0,,,,,,,,,,,,,,,,,,,,,,,,,,,,,,,,,,,,,,,,,,,,,,,,,,,NA,I'll do a little bit.,
PLAYER_POSITIONS,421293,6/27/2026 10:19:45 AM,90eec047-676b-4d50-9684-e8707ca80941,2.0,,,,,,,,,,,,,,,,,,,,,,,,,,,,,,,,,,,"(-10.8, 0.4, -5.4)","(-11.1, 1.0, -5.4)","(-10.9, 0.4, -5.7)",
PLAYER_POSITIONS,421293,6/27/2026 10:19:45 AM,90eec047-676b-4d50-9684-e8707ca80941,2.0,,,,,,,,,,,,,,,,,,,,,,,,,,,,,,,,,,,"(-10.8, 0.4, -5.4)","(-11.1, 1.0, -5.4)","(-10.9, 0.4, -5.7)",
AUDIO_START,421343,6/27/2026 10:19:45 AM,90eec047-676b-4d50-9684-e8707ca80941,2.0,can bravo get overwatch on objective,4.571429,
DRAG_STOP,421384,6/27/2026 10:19:45 AM,90eec047-676b-4d50-9684-e8707ca80941,2.0,,,,,"(-11.1, 0.0, -4.7)","(-12.0, 0.0, -5.6)",,,,,,,,,,,,,,,,,,Military PT 4,
DRAG_STOP,421384,6/27/2026 10:19:45 AM,90eec047-676b-4d50-9684-e8707ca80941,2.0,,,,,"(-11.1, 0.0, -4.7)","(-12.0, 0.0, -5.6)",,,,,,,,,,,,,,,,,,Military PT 4,
DRAG_STOP,421384,6/27/2026 10:19:45 AM,90eec047-676b-4d50-9684-e8707ca80941,2.0,,,,,"(-11.1, 0.0, -4.7)","(-12.0, 0.0, -5.6)",,,,,,,,,,,,,,,,,,Military PT 4,
DRAG_STOP,421384,6/27/2026 10:19:45 AM,90eec047-676b-4d50-9684-e8707ca80941,2.0,,,,,"(-11.1, 0.0, -4.7)","(-12.0, 0.0, -5.6)",,,,,,,,,,,,,,,,,,Military PT 4,
VOICE_CAPTURE,421638,6/27/2026 10:19:45 AM,90eec047-676b-4d50-9684-e8707ca80941,2.0,,,,,,,,,,,,,,,,,,,,,,,,,,,,,,,,,,,,,,,,,,,,,,,,,,,NA,I'll do a little bit. you a little bit.,
PLAYER_POSITIONS,421793,6/27/2026 10:19:45 AM,90eec047-676b-4d50-9684-e8707ca80941,2.0,,,,,,,,,,,,,,,,,,,,,,,,,,,,,,,,,,,"(-10.9, 0.3, -5.3)","(-11.1, 0.9, -5.5)","(-11.1, 0.3, -5.6)",
PLAYER_POSITIONS,421793,6/27/2026 10:19:45 AM,90eec047-676b-4d50-9684-e8707ca80941,2.0,,,,,,,,,,,,,,,,,,,,,,,,,,,,,,,,,,,"(-10.9, 0.3, -5.3)","(-11.1, 0.9, -5.5)","(-11.1, 0.3, -5.6)",
VOICE_CAPTURE,422127,6/27/2026 10:19:46 AM,90eec047-676b-4d50-9684-e8707ca80941,2.0,,,,,,,,,,,,,,,,,,,,,,,,,,,,,,,,,,,,,,,,,,,,,,,,,,,NA,I'll do a little bit. you a little bit.,
VOICE_CAPTURE,422127,6/27/2026 10:19:46 AM,90eec047-676b-4d50-9684-e8707ca80941,2.0,,,,,,,,,,,,,,,,,,,,,,,,,,,,,,,,,,,,,,,,,,,,,,,,,,,NA,I'll do a little bit. you a little bit.,
PLAYER_POSITIONS,422315,6/27/2026 10:19:46 AM,90eec047-676b-4d50-9684-e8707ca80941,2.0,,,,,,,,,,,,,,,,,,,,,,,,,,,,,,,,,,,"(-11.1, 0.2, -5.2)","(-10.9, 0.7, -5.3)","(-10.9, 0.3, -5.3)",
PLAYER_POSITIONS,422315,6/27/2026 10:19:46 AM,90eec047-676b-4d50-9684-e8707ca80941,2.0,,,,,,,,,,,,,,,,,,,,,,,,,,,,,,,,,,,"(-11.1, 0.2, -5.2)","(-10.9, 0.7, -5.3)","(-10.9, 0.3, -5.3)",
VOICE_CAPTURE,422649,6/27/2026 10:19:46 AM,90eec047-676b-4d50-9684-e8707ca80941,2.0,,,,,,,,,,,,,,,,,,,,,,,,,,,,,,,,,,,,,,,,,,,,,,,,,,,NA,Perfect.,
PLAYER_POSITIONS,422827,6/27/2026 10:19:46 AM,90eec047-676b-4d50-9684-e8707ca80941,2.0,,,,,,,,,,,,,,,,,,,,,,,,,,,,,,,,,,,"(-11.1, 0.2, -5.2)","(-10.8, 0.6, -5.3)","(-10.7, 0.1, -5.4)",
PLAYER_POSITIONS,422827,6/27/2026 10:19:46 AM,90eec047-676b-4d50-9684-e8707ca80941,2.0,,,,,,,,,,,,,,,,,,,,,,,,,,,,,,,,,,,"(-11.1, 0.2, -5.2)","(-10.8, 0.6, -5.3)","(-10.7, 0.1, -5.4)",
PULSE_TAKEN,423079,6/27/2026 10:19:47 AM,90eec047-676b-4d50-9684-e8707ca80941,2.0,,,,,,,,,,,,,,,,,,,,,,,,Military PT 4,,,,pulse_faint,
VOICE_CAPTURE,423170,6/27/2026 10:19:47 AM,90eec047-676b-4d50-9684-e8707ca80941,2.0,,,,,,,,,,,,,,,,,,,,,,,,,,,,,,,,,,,,,,,,,,,,,,,,,,,NA,fect. What the f-,
PLAYER_POSITIONS,423349,6/27/2026 10:19:47 AM,90eec047-676b-4d50-9684-e8707ca80941,2.0,,,,,,,,,,,,,,,,,,,,,,,,,,,,,,,,,,,"(-11.1, 0.2, -5.2)","(-10.8, 0.6, -5.3)","(-10.7, 0.1, -5.4)",
PLAYER_POSITIONS,423349,6/27/2026 10:19:47 AM,90eec047-676b-4d50-9684-e8707ca80941,2.0,,,,,,,,,,,,,,,,,,,,,,,,,,,,,,,,,,,"(-11.1, 0.2, -5.2)","(-10.8, 0.6, -5.3)","(-10.7, 0.1, -5.4)",
VOICE_CAPTURE,423670,6/27/2026 10:19:47 AM,90eec047-676b-4d50-9684-e8707ca80941,2.0,,,,,,,,,,,,,,,,,,,,,,,,,,,,,,,,,,,,,,,,,,,,,,,,,,,NA,fect. What the fuck?,
PLAYER_POSITIONS,423870,6/27/2026 10:19:47 AM,90eec047-676b-4d50-9684-e8707ca80941,2.0,,,,,,,,,,,,,,,,,,,,,,,,,,,,,,,,,,,"(-11.1, 0.2, -5.2)","(-10.8, 0.6, -5.3)","(-10.8, 0.1, -5.4)",
PLAYER_POSITIONS,423870,6/27/2026 10:19:47 AM,90eec047-676b-4d50-9684-e8707ca80941,2.0,,,,,,,,,,,,,,,,,,,,,,,,,,,,,,,,,,,"(-11.1, 0.2, -5.2)","(-10.8, 0.6, -5.3)","(-10.8, 0.1, -5.4)",
VOICE_CAPTURE,424115,6/27/2026 10:19:48 AM,90eec047-676b-4d50-9684-e8707ca80941,2.0,,,,,,,,,,,,,,,,,,,,,,,,,,,,,,,,,,,,,,,,,,,,,,,,,,,NA,fect. What the fuck? What the fuck?,
PLAYER_POSITIONS,424381,6/27/2026 10:19:48 AM,90eec047-676b-4d50-9684-e8707ca80941,2.0,,,,,,,,,,,,,,,,,,,,,,,,,,,,,,,,,,,"(-11.1, 0.2, -5.2)","(-10.8, 0.7, -5.3)","(-10.9, 0.2, -5.3)",
PLAYER_POSITIONS,424381,6/27/2026 10:19:48 AM,90eec047-676b-4d50-9684-e8707ca80941,2.0,,,,,,,,,,,,,,,,,,,,,,,,,,,,,,,,,,,"(-11.1, 0.2, -5.2)","(-10.8, 0.7, -5.3)","(-10.9, 0.2, -5.3)",
DRAG_STOP,424538,6/27/2026 10:19:48 AM,90eec047-676b-4d50-9684-e8707ca80941,2.0,,,,,"(-11.1, 0.0, -4.7)","(-12.0, 0.0, -5.6)",,,,,,,,,,,,,,,,,,Military PT 4,
VOICE_CAPTURE,424625,6/27/2026 10:19:48 AM,90eec047-676b-4d50-9684-e8707ca80941,2.0,,,,,,,,,,,,,,,,,,,,,,,,,,,,,,,,,,,,,,,,,,,,,,,,,,,NA,fect. What the fuck? What the fuck?,
VOICE_CAPTURE,424625,6/27/2026 10:19:48 AM,90eec047-676b-4d50-9684-e8707ca80941,2.0,,,,,,,,,,,,,,,,,,,,,,,,,,,,,,,,,,,,,,,,,,,,,,,,,,,NA,fect. What the fuck? What the fuck?,
PLAYER_POSITIONS,424892,6/27/2026 10:19:48 AM,90eec047-676b-4d50-9684-e8707ca80941,2.0,,,,,,,,,,,,,,,,,,,,,,,,,,,,,,,,,,,"(-11.0, 0.3, -5.2)","(-10.9, 0.9, -5.4)","(-11.1, 0.3, -5.4)",
PLAYER_POSITIONS,424892,6/27/2026 10:19:48 AM,90eec047-676b-4d50-9684-e8707ca80941,2.0,,,,,,,,,,,,,,,,,,,,,,,,,,,,,,,,,,,"(-11.0, 0.3, -5.2)","(-10.9, 0.9, -5.4)","(-11.1, 0.3, -5.4)",
PLAYER_POSITIONS,425402,6/27/2026 10:19:49 AM,90eec047-676b-4d50-9684-e8707ca80941,2.0,,,,,,,,,,,,,,,,,,,,,,,,,,,,,,,,,,,"(-11.1, 0.3, -5.0)","(-11.0, 1.0, -5.3)","(-11.5, 0.4, -5.5)",
PLAYER_POSITIONS,425402,6/27/2026 10:19:49 AM,90eec047-676b-4d50-9684-e8707ca80941,2.0,,,,,,,,,,,,,,,,,,,,,,,,,,,,,,,,,,,"(-11.1, 0.3, -5.0)","(-11.0, 1.0, -5.3)","(-11.5, 0.4, -5.5)",
VOICE_CAPTURE,425670,6/27/2026 10:19:49 AM,90eec047-676b-4d50-9684-e8707ca80941,2.0,,,,,,,,,,,,,,,,,,,,,,,,,,,,,,,,,,,,,,,,,,,,,,,,,,,NA,Is that already something?,
AUDIO_END,425914,6/27/2026 10:19:50 AM,90eec047-676b-4d50-9684-e8707ca80941,2.0,can bravo get overwatch on objective,4.571429,
NARRATIVE_SECTION_END,425915,6/27/2026 10:19:50 AM,90eec047-676b-4d50-9684-e8707ca80941,2.0,,,,,,,,,,,,,,,,,,Can bravo get overwatch,47,
PLAYER_POSITIONS,425915,6/27/2026 10:19:50 AM,90eec047-676b-4d50-9684-e8707ca80941,2.0,,,,,,,,,,,,,,,,,,,,,,,,,,,,,,,,,,,"(-11.2, 0.2, -4.9)","(-11.0, 0.9, -5.2)","(-11.2, 0.4, -5.5)",
PLAYER_POSITIONS,425915,6/27/2026 10:19:50 AM,90eec047-676b-4d50-9684-e8707ca80941,2.0,,,,,,,,,,,,,,,,,,,,,,,,,,,,,,,,,,,"(-11.2, 0.2, -4.9)","(-11.0, 0.9, -5.2)","(-11.2, 0.4, -5.5)",
NARRATIVE_SECTION_START,425955,6/27/2026 10:19:50 AM,90eec047-676b-4d50-9684-e8707ca80941,2.0,,,,,,,,,,,,,,,,,,Uav changing to 7-1,48,
VOICE_CAPTURE,426154,6/27/2026 10:19:50 AM,90eec047-676b-4d50-9684-e8707ca80941,2.0,,,,,,,,,,,,,,,,,,,,,,,,,,,,,,,,,,,,,,,,,,,,,,,,,,,NA,Is that already stopped?,
PLAYER_POSITIONS,426420,6/27/2026 10:19:50 AM,90eec047-676b-4d50-9684-e8707ca80941,2.0,,,,,,,,,,,,,,,,,,,,,,,,,,,,,,,,,,,"(-11.2, 0.1, -4.9)","(-11.2, 0.9, -5.1)","(-11.3, 0.4, -5.4)",
PLAYER_POSITIONS,426420,6/27/2026 10:19:50 AM,90eec047-676b-4d50-9684-e8707ca80941,2.0,,,,,,,,,,,,,,,,,,,,,,,,,,,,,,,,,,,"(-11.2, 0.1, -4.9)","(-11.2, 0.9, -5.1)","(-11.3, 0.4, -5.4)",
VOICE_CAPTURE,426633,6/27/2026 10:19:50 AM,90eec047-676b-4d50-9684-e8707ca80941,2.0,,,,,,,,,,,,,,,,,,,,,,,,,,,,,,,,,,,,,,,,,,,,,,,,,,,NA,Is that already stopped? Is that already stopped?,
PLAYER_POSITIONS,426922,6/27/2026 10:19:51 AM,90eec047-676b-4d50-9684-e8707ca80941,2.0,,,,,,,,,,,,,,,,,,,,,,,,,,,,,,,,,,,"(-11.2, 0.1, -5.0)","(-11.2, 0.9, -5.1)","(-11.4, 0.5, -5.3)",
PLAYER_POSITIONS,426922,6/27/2026 10:19:51 AM,90eec047-676b-4d50-9684-e8707ca80941,2.0,,,,,,,,,,,,,,,,,,,,,,,,,,,,,,,,,,,"(-11.2, 0.1, -5.0)","(-11.2, 0.9, -5.1)","(-11.4, 0.5, -5.3)",
VOICE_CAPTURE,427144,6/27/2026 10:19:51 AM,90eec047-676b-4d50-9684-e8707ca80941,2.0,,,,,,,,,,,,,,,,,,,,,,,,,,,,,,,,,,,,,,,,,,,,,,,,,,,NA,Is that already stopped? Is that already stopped?,
VOICE_CAPTURE,427144,6/27/2026 10:19:51 AM,90eec047-676b-4d50-9684-e8707ca80941,2.0,,,,,,,,,,,,,,,,,,,,,,,,,,,,,,,,,,,,,,,,,,,,,,,,,,,NA,Is that already stopped? Is that already stopped?,
VOICE_COMMAND,427144,6/27/2026 10:19:51 AM,90eec047-676b-4d50-9684-e8707ca80941,2.0,,,,,,,,,,,,,,,,,,,,,,,,,,,,,,,,,,,,,,,,,,,,,,,,,,,Is that already stopped? Is that already stopped?,stop,
PLAYER_POSITIONS,427420,6/27/2026 10:19:51 AM,90eec047-676b-4d50-9684-e8707ca80941,2.0,,,,,,,,,,,,,,,,,,,,,,,,,,,,,,,,,,,"(-11.2, 0.1, -4.9)","(-11.2, 0.9, -5.1)","(-11.2, 0.5, -5.3)",
PLAYER_POSITIONS,427420,6/27/2026 10:19:51 AM,90eec047-676b-4d50-9684-e8707ca80941,2.0,,,,,,,,,,,,,,,,,,,,,,,,,,,,,,,,,,,"(-11.2, 0.1, -4.9)","(-11.2, 0.9, -5.1)","(-11.2, 0.5, -5.3)",
PLAYER_POSITIONS,427933,6/27/2026 10:19:52 AM,90eec047-676b-4d50-9684-e8707ca80941,2.0,,,,,,,,,,,,,,,,,,,,,,,,,,,,,,,,,,,"(-11.1, 0.2, -5.0)","(-11.2, 1.0, -5.2)","(-11.0, 0.6, -5.6)",
PLAYER_POSITIONS,427933,6/27/2026 10:19:52 AM,90eec047-676b-4d50-9684-e8707ca80941,2.0,,,,,,,,,,,,,,,,,,,,,,,,,,,,,,,,,,,"(-11.1, 0.2, -5.0)","(-11.2, 1.0, -5.2)","(-11.0, 0.6, -5.6)",
PLAYER_POSITIONS,428444,6/27/2026 10:19:52 AM,90eec047-676b-4d50-9684-e8707ca80941,2.0,,,,,,,,,,,,,,,,,,,,,,,,,,,,,,,,,,,"(-11.1, 0.2, -4.9)","(-11.2, 1.0, -5.2)","(-11.3, 0.4, -5.7)",
PLAYER_POSITIONS,428444,6/27/2026 10:19:52 AM,90eec047-676b-4d50-9684-e8707ca80941,2.0,,,,,,,,,,,,,,,,,,,,,,,,,,,,,,,,,,,"(-11.1, 0.2, -4.9)","(-11.2, 1.0, -5.2)","(-11.3, 0.4, -5.7)",
AUDIO_START,428962,6/27/2026 10:19:53 AM,90eec047-676b-4d50-9684-e8707ca80941,2.0,uav changing to 71,3.761633,
PLAYER_POSITIONS,428962,6/27/2026 10:19:53 AM,90eec047-676b-4d50-9684-e8707ca80941,2.0,,,,,,,,,,,,,,,,,,,,,,,,,,,,,,,,,,,"(-11.1, 0.2, -5.1)","(-11.0, 0.8, -5.4)","(-11.4, 0.3, -5.7)",
PLAYER_POSITIONS,428962,6/27/2026 10:19:53 AM,90eec047-676b-4d50-9684-e8707ca80941,2.0,,,,,,,,,,,,,,,,,,,,,,,,,,,,,,,,,,,"(-11.1, 0.2, -5.1)","(-11.0, 0.8, -5.4)","(-11.4, 0.3, -5.7)",
VOICE_CAPTURE,429135,6/27/2026 10:19:53 AM,90eec047-676b-4d50-9684-e8707ca80941,2.0,,,,,,,,,,,,,,,,,,,,,,,,,,,,,,,,,,,,,,,,,,,,,,,,,,,NA,Okay.,
PLAYER_POSITIONS,429467,6/27/2026 10:19:53 AM,90eec047-676b-4d50-9684-e8707ca80941,2.0,,,,,,,,,,,,,,,,,,,,,,,,,,,,,,,,,,,"(-10.9, 0.2, -5.4)","(-10.9, 0.7, -5.4)","(-11.4, 0.2, -5.6)",
PLAYER_POSITIONS,429467,6/27/2026 10:19:53 AM,90eec047-676b-4d50-9684-e8707ca80941,2.0,,,,,,,,,,,,,,,,,,,,,,,,,,,,,,,,,,,"(-10.9, 0.2, -5.4)","(-10.9, 0.7, -5.4)","(-11.4, 0.2, -5.6)",
VOICE_CAPTURE,429622,6/27/2026 10:19:53 AM,90eec047-676b-4d50-9684-e8707ca80941,2.0,,,,,,,,,,,,,,,,,,,,,,,,,,,,,,,,,,,,,,,,,,,,,,,,,,,NA,Okay.,
PLAYER_POSITIONS,429978,6/27/2026 10:19:54 AM,90eec047-676b-4d50-9684-e8707ca80941,2.0,,,,,,,,,,,,,,,,,,,,,,,,,,,,,,,,,,,"(-10.8, 0.2, -5.5)","(-10.9, 0.7, -5.5)","(-11.4, 0.2, -5.6)",
PLAYER_POSITIONS,429978,6/27/2026 10:19:54 AM,90eec047-676b-4d50-9684-e8707ca80941,2.0,,,,,,,,,,,,,,,,,,,,,,,,,,,,,,,,,,,"(-10.8, 0.2, -5.5)","(-10.9, 0.7, -5.5)","(-11.4, 0.2, -5.6)",
PLAYER_POSITIONS,430502,6/27/2026 10:19:54 AM,90eec047-676b-4d50-9684-e8707ca80941,2.0,,,,,,,,,,,,,,,,,,,,,,,,,,,,,,,,,,,"(-11.2, 0.3, -5.2)","(-11.1, 0.8, -5.5)","(-11.2, 0.4, -5.6)",
PLAYER_POSITIONS,430502,6/27/2026 10:19:54 AM,90eec047-676b-4d50-9684-e8707ca80941,2.0,,,,,,,,,,,,,,,,,,,,,,,,,,,,,,,,,,,"(-11.2, 0.3, -5.2)","(-11.1, 0.8, -5.5)","(-11.2, 0.4, -5.6)",
VOICE_CAPTURE,430679,6/27/2026 10:19:54 AM,90eec047-676b-4d50-9684-e8707ca80941,2.0,,,,,,,,,,,,,,,,,,,,,,,,,,,,,,,,,,,,,,,,,,,,,,,,,,,NA,Okay. I think.,
TOOL_HOVER,430877,6/27/2026 10:19:54 AM,90eec047-676b-4d50-9684-e8707ca80941,2.0,,,,,,,,,,,,,,,,,,,,,,,,,,,,,,,,,,,,,,,,,,,,,,999,,SAM Splint,
TOOL_HOVER,430965,6/27/2026 10:19:55 AM,90eec047-676b-4d50-9684-e8707ca80941,2.0,,,,,,,,,,,,,,,,,,,,,,,,,,,,,,,,,,,,,,,,,,,,,,996,,Hemostatic Gauze,
PLAYER_POSITIONS,431012,6/27/2026 10:19:55 AM,90eec047-676b-4d50-9684-e8707ca80941,2.0,,,,,,,,,,,,,,,,,,,,,,,,,,,,,,,,,,,"(-11.2, 0.2, -5.2)","(-11.1, 0.9, -5.4)","(-11.0, 0.6, -5.9)",
PLAYER_POSITIONS,431012,6/27/2026 10:19:55 AM,90eec047-676b-4d50-9684-e8707ca80941,2.0,,,,,,,,,,,,,,,,,,,,,,,,,,,,,,,,,,,"(-11.2, 0.2, -5.2)","(-11.1, 0.9, -5.4)","(-11.0, 0.6, -5.9)",
TOOL_SELECTED,431100,6/27/2026 10:19:55 AM,90eec047-676b-4d50-9684-e8707ca80941,2.0,,,,,,,,,,,,,,,,,,,,,,,,,,,,,,,,,,,,,,,,,,,,,,995,,Hemostatic Gauze,
VOICE_CAPTURE,431202,6/27/2026 10:19:55 AM,90eec047-676b-4d50-9684-e8707ca80941,2.0,,,,,,,,,,,,,,,,,,,,,,,,,,,,,,,,,,,,,,,,,,,,,,,,,,,NA,Okay. I'm thinking that our...,
PLAYER_POSITIONS,431522,6/27/2026 10:19:55 AM,90eec047-676b-4d50-9684-e8707ca80941,2.0,,,,,,,,,,,,,,,,,,,,,,,,,,,,,,,,,,,"(-11.2, 0.2, -5.2)","(-11.0, 0.8, -5.4)","(-10.9, 0.4, -5.5)",
PLAYER_POSITIONS,431522,6/27/2026 10:19:55 AM,90eec047-676b-4d50-9684-e8707ca80941,2.0,,,,,,,,,,,,,,,,,,,,,,,,,,,,,,,,,,,"(-11.2, 0.2, -5.2)","(-11.0, 0.8, -5.4)","(-10.9, 0.4, -5.5)",
VOICE_CAPTURE,431645,6/27/2026 10:19:55 AM,90eec047-676b-4d50-9684-e8707ca80941,2.0,,,,,,,,,,,,,,,,,,,,,,,,,,,,,,,,,,,,,,,,,,,,,,,,,,,NA,Okay. I'm thinking that our... I'm thinking that already has gone.,
PLAYER_POSITIONS,432023,6/27/2026 10:19:56 AM,90eec047-676b-4d50-9684-e8707ca80941,2.0,,,,,,,,,,,,,,,,,,,,,,,,,,,,,,,,,,,"(-11.1, 0.2, -5.2)","(-10.9, 0.7, -5.3)","(-10.7, 0.0, -5.4)",
PLAYER_POSITIONS,432023,6/27/2026 10:19:56 AM,90eec047-676b-4d50-9684-e8707ca80941,2.0,,,,,,,,,,,,,,,,,,,,,,,,,,,,,,,,,,,"(-11.1, 0.2, -5.2)","(-10.9, 0.7, -5.3)","(-10.7, 0.0, -5.4)",
VOICE_CAPTURE,432169,6/27/2026 10:19:56 AM,90eec047-676b-4d50-9684-e8707ca80941,2.0,,,,,,,,,,,,,,,,,,,,,,,,,,,,,,,,,,,,,,,,,,,,,,,,,,,NA,Okay. I'm thinking that our... I'm thinking that already has Gaza and it looks like...,
PLAYER_POSITIONS,432545,6/27/2026 10:19:56 AM,90eec047-676b-4d50-9684-e8707ca80941,2.0,,,,,,,,,,,,,,,,,,,,,,,,,,,,,,,,,,,"(-11.1, 0.2, -5.2)","(-10.9, 0.7, -5.3)","(-10.7, 0.0, -5.4)",
PLAYER_POSITIONS,432545,6/27/2026 10:19:56 AM,90eec047-676b-4d50-9684-e8707ca80941,2.0,,,,,,,,,,,,,,,,,,,,,,,,,,,,,,,,,,,"(-11.1, 0.2, -5.2)","(-10.9, 0.7, -5.3)","(-10.7, 0.0, -5.4)",
TOOL_APPLIED,432568,6/27/2026 10:19:56 AM,90eec047-676b-4d50-9684-e8707ca80941,2.0,,,,,,,,,,,,,,,,,,,,,,,,Military PT 4,,,,,,,,,,,,,,,,,,,,AppliedPackingGauze,skinCollider_BodyCollideLOD (UnityEngine.GameObject),,Gauze Pack(Clone) (UnityEngine.GameObject),Hemostatic Gauze,
TOOL_DISCARDED,432597,6/27/2026 10:19:56 AM,90eec047-676b-4d50-9684-e8707ca80941,2.0,,,,,,,,,,,,,,,,,,,,,,,,Military PT 4,,,,,,,,,,,,"(0.0, 0.0, 0.0)",,,,,,,,,,995,,Hemostatic Gauze,
VOICE_CAPTURE,432669,6/27/2026 10:19:56 AM,90eec047-676b-4d50-9684-e8707ca80941,2.0,,,,,,,,,,,,,,,,,,,,,,,,,,,,,,,,,,,,,,,,,,,,,,,,,,,NA,Okay. I'm thinking that our... I'm thinking that already has gauze and it looks like.,
AUDIO_END,432734,6/27/2026 10:19:56 AM,90eec047-676b-4d50-9684-e8707ca80941,2.0,uav changing to 71,3.761633,
NARRATIVE_SECTION_END,432734,6/27/2026 10:19:56 AM,90eec047-676b-4d50-9684-e8707ca80941,2.0,,,,,,,,,,,,,,,,,,Uav changing to 7-1,48,
NARRATIVE_SECTION_START,432775,6/27/2026 10:19:56 AM,90eec047-676b-4d50-9684-e8707ca80941,2.0,,,,,,,,,,,,,,,,,,Bravo has uav overhead,49,
PLAYER_POSITIONS,433045,6/27/2026 10:19:57 AM,90eec047-676b-4d50-9684-e8707ca80941,2.0,,,,,,,,,,,,,,,,,,,,,,,,,,,,,,,,,,,"(-11.1, 0.2, -5.2)","(-10.9, 0.7, -5.3)","(-10.7, 0.1, -5.5)",
PLAYER_POSITIONS,433045,6/27/2026 10:19:57 AM,90eec047-676b-4d50-9684-e8707ca80941,2.0,,,,,,,,,,,,,,,,,,,,,,,,,,,,,,,,,,,"(-11.1, 0.2, -5.2)","(-10.9, 0.7, -5.3)","(-10.7, 0.1, -5.5)",
VOICE_CAPTURE,433190,6/27/2026 10:19:57 AM,90eec047-676b-4d50-9684-e8707ca80941,2.0,,,,,,,,,,,,,,,,,,,,,,,,,,,,,,,,,,,,,,,,,,,,,,,,,,,NA,Okay. I'm thinking that our... I'm thinking that already has Gaza and it looks like.,
PLAYER_POSITIONS,433568,6/27/2026 10:19:57 AM,90eec047-676b-4d50-9684-e8707ca80941,2.0,,,,,,,,,,,,,,,,,,,,,,,,,,,,,,,,,,,"(-11.0, 0.3, -5.2)","(-11.1, 1.0, -5.3)","(-11.1, 0.4, -5.4)",
PLAYER_POSITIONS,433568,6/27/2026 10:19:57 AM,90eec047-676b-4d50-9684-e8707ca80941,2.0,,,,,,,,,,,,,,,,,,,,,,,,,,,,,,,,,,,"(-11.0, 0.3, -5.2)","(-11.1, 1.0, -5.3)","(-11.1, 0.4, -5.4)",
VOICE_CAPTURE,433736,6/27/2026 10:19:57 AM,90eec047-676b-4d50-9684-e8707ca80941,2.0,,,,,,,,,,,,,,,,,,,,,,,,,,,,,,,,,,,,,,,,,,,,,,,,,,,NA,"Okay. I'm thinking that our... I'm thinking that already has a gauss in it looks like, but I'm gonna do it just in case.",
PLAYER_POSITIONS,434079,6/27/2026 10:19:58 AM,90eec047-676b-4d50-9684-e8707ca80941,2.0,,,,,,,,,,,,,,,,,,,,,,,,,,,,,,,,,,,"(-11.1, 0.3, -5.2)","(-11.3, 1.0, -5.2)","(-11.5, 0.4, -5.5)",
PLAYER_POSITIONS,434079,6/27/2026 10:19:58 AM,90eec047-676b-4d50-9684-e8707ca80941,2.0,,,,,,,,,,,,,,,,,,,,,,,,,,,,,,,,,,,"(-11.1, 0.3, -5.2)","(-11.3, 1.0, -5.2)","(-11.5, 0.4, -5.5)",
VOICE_CAPTURE,434123,6/27/2026 10:19:58 AM,90eec047-676b-4d50-9684-e8707ca80941,2.0,,,,,,,,,,,,,,,,,,,,,,,,,,,,,,,,,,,,,,,,,,,,,,,,,,,NA,"Okay. I'm thinking that our... I'm thinking that already has a gauss in it looks like, but I'm gonna do it just in case. like I'm gonna do it just in case.",
PLAYER_POSITIONS,434601,6/27/2026 10:19:58 AM,90eec047-676b-4d50-9684-e8707ca80941,2.0,,,,,,,,,,,,,,,,,,,,,,,,,,,,,,,,,,,"(-11.2, 0.3, -5.2)","(-11.4, 1.1, -5.2)","(-11.7, 0.3, -5.5)",
PLAYER_GAZE,434601,6/27/2026 10:19:58 AM,90eec047-676b-4d50-9684-e8707ca80941,2.0,,,,,,,,,,,,,,,,,,,,,,,,Military PT 4,,,,,,,,,"(0.6, 1.1, 0.4)",,,"(-12.0, 0.0, -5.6)",
PLAYER_POSITIONS,434601,6/27/2026 10:19:58 AM,90eec047-676b-4d50-9684-e8707ca80941,2.0,,,,,,,,,,,,,,,,,,,,,,,,,,,,,,,,,,,"(-11.2, 0.3, -5.2)","(-11.4, 1.1, -5.2)","(-11.7, 0.3, -5.5)",
PLAYER_GAZE,434601,6/27/2026 10:19:58 AM,90eec047-676b-4d50-9684-e8707ca80941,2.0,,,,,,,,,,,,,,,,,,,,,,,,Military PT 4,,,,,,,,,"(0.6, 1.1, 0.4)",,,"(-12.0, 0.0, -5.6)",
VOICE_CAPTURE,434659,6/27/2026 10:19:58 AM,90eec047-676b-4d50-9684-e8707ca80941,2.0,,,,,,,,,,,,,,,,,,,,,,,,,,,,,,,,,,,,,,,,,,,,,,,,,,,NA,"Okay. I'm thinking that our... I'm thinking that already has a gauss in it looks like, but I'm gonna do it just in case. like I'm gonna do it just in case.",
VOICE_CAPTURE,434659,6/27/2026 10:19:58 AM,90eec047-676b-4d50-9684-e8707ca80941,2.0,,,,,,,,,,,,,,,,,,,,,,,,,,,,,,,,,,,,,,,,,,,,,,,,,,,NA,"Okay. I'm thinking that our... I'm thinking that already has a gauss in it looks like, but I'm gonna do it just in case. like I'm gonna do it just in case.",
TOOL_HOVER,435088,6/27/2026 10:19:59 AM,90eec047-676b-4d50-9684-e8707ca80941,2.0,,,,,,,,,,,,,,,,,,,,,,,,,,,,,,,,,,,,,,,,,,,,,,991,,Fentanyl Lollipop,
PLAYER_POSITIONS,435124,6/27/2026 10:19:59 AM,90eec047-676b-4d50-9684-e8707ca80941,2.0,,,,,,,,,,,,,,,,,,,,,,,,,,,,,,,,,,,"(-11.2, 0.3, -5.2)","(-11.4, 1.0, -5.3)","(-11.6, 0.7, -5.7)",
PLAYER_GAZE,435124,6/27/2026 10:19:59 AM,90eec047-676b-4d50-9684-e8707ca80941,2.0,,,,,,,,,,,,,,,,,,,,,,,,Military PT 4,,,,,,,,,"(0.6, 1.0, 0.3)",,,"(-12.0, 0.0, -5.6)",
PLAYER_POSITIONS,435124,6/27/2026 10:19:59 AM,90eec047-676b-4d50-9684-e8707ca80941,2.0,,,,,,,,,,,,,,,,,,,,,,,,,,,,,,,,,,,"(-11.2, 0.3, -5.2)","(-11.4, 1.0, -5.3)","(-11.6, 0.7, -5.7)",
PLAYER_GAZE,435124,6/27/2026 10:19:59 AM,90eec047-676b-4d50-9684-e8707ca80941,2.0,,,,,,,,,,,,,,,,,,,,,,,,Military PT 4,,,,,,,,,"(0.6, 1.0, 0.3)",,,"(-12.0, 0.0, -5.6)",
VOICE_CAPTURE,435158,6/27/2026 10:19:59 AM,90eec047-676b-4d50-9684-e8707ca80941,2.0,,,,,,,,,,,,,,,,,,,,,,,,,,,,,,,,,,,,,,,,,,,,,,,,,,,NA,Okay.,
TOOL_HOVER,435265,6/27/2026 10:19:59 AM,90eec047-676b-4d50-9684-e8707ca80941,2.0,,,,,,,,,,,,,,,,,,,,,,,,,,,,,,,,,,,,,,,,,,,,,,996,,Decompression Needle,
TOOL_HOVER,435468,6/27/2026 10:19:59 AM,90eec047-676b-4d50-9684-e8707ca80941,2.0,,,,,,,,,,,,,,,,,,,,,,,,,,,,,,,,,,,,,,,,,,,,,,991,,Fentanyl Lollipop,
PLAYER_POSITIONS,435636,6/27/2026 10:19:59 AM,90eec047-676b-4d50-9684-e8707ca80941,2.0,,,,,,,,,,,,,,,,,,,,,,,,,,,,,,,,,,,"(-11.2, 0.3, -5.2)","(-11.1, 0.9, -5.3)","(-11.2, 0.5, -5.5)",
PLAYER_POSITIONS,435636,6/27/2026 10:19:59 AM,90eec047-676b-4d50-9684-e8707ca80941,2.0,,,,,,,,,,,,,,,,,,,,,,,,,,,,,,,,,,,"(-11.2, 0.3, -5.2)","(-11.1, 0.9, -5.3)","(-11.2, 0.5, -5.5)",
VOICE_CAPTURE,435658,6/27/2026 10:19:59 AM,90eec047-676b-4d50-9684-e8707ca80941,2.0,,,,,,,,,,,,,,,,,,,,,,,,,,,,,,,,,,,,,,,,,,,,,,,,,,,NA,Okay.,
AUDIO_START,435773,6/27/2026 10:19:59 AM,90eec047-676b-4d50-9684-e8707ca80941,2.0,bravo has uav overhead,3.056327,
PLAYER_POSITIONS,436168,6/27/2026 10:20:00 AM,90eec047-676b-4d50-9684-e8707ca80941,2.0,,,,,,,,,,,,,,,,,,,,,,,,,,,,,,,,,,,"(-11.1, 0.3, -5.2)","(-11.0, 0.9, -5.3)","(-11.1, 0.4, -5.3)",
PLAYER_POSITIONS,436168,6/27/2026 10:20:00 AM,90eec047-676b-4d50-9684-e8707ca80941,2.0,,,,,,,,,,,,,,,,,,,,,,,,,,,,,,,,,,,"(-11.1, 0.3, -5.2)","(-11.0, 0.9, -5.3)","(-11.1, 0.4, -5.3)",
VOICE_CAPTURE,436169,6/27/2026 10:20:00 AM,90eec047-676b-4d50-9684-e8707ca80941,2.0,,,,,,,,,,,,,,,,,,,,,,,,,,,,,,,,,,,,,,,,,,,,,,,,,,,NA,Okay.,
VOICE_CAPTURE,436623,6/27/2026 10:20:00 AM,90eec047-676b-4d50-9684-e8707ca80941,2.0,,,,,,,,,,,,,,,,,,,,,,,,,,,,,,,,,,,,,,,,,,,,,,,,,,,NA,Okay. Are you in pain?,
PLAYER_POSITIONS,436668,6/27/2026 10:20:00 AM,90eec047-676b-4d50-9684-e8707ca80941,2.0,,,,,,,,,,,,,,,,,,,,,,,,,,,,,,,,,,,"(-11.2, 0.3, -5.3)","(-10.9, 0.9, -5.4)","(-11.2, 0.3, -5.4)",
PLAYER_POSITIONS,436668,6/27/2026 10:20:00 AM,90eec047-676b-4d50-9684-e8707ca80941,2.0,,,,,,,,,,,,,,,,,,,,,,,,,,,,,,,,,,,"(-11.2, 0.3, -5.3)","(-10.9, 0.9, -5.4)","(-11.2, 0.3, -5.4)",
VOICE_CAPTURE,437135,6/27/2026 10:20:01 AM,90eec047-676b-4d50-9684-e8707ca80941,2.0,,,,,,,,,,,,,,,,,,,,,,,,,,,,,,,,,,,,,,,,,,,,,,,,,,,NA,Okay. Are you in pain?,
VOICE_CAPTURE,437135,6/27/2026 10:20:01 AM,90eec047-676b-4d50-9684-e8707ca80941,2.0,,,,,,,,,,,,,,,,,,,,,,,,,,,,,,,,,,,,,,,,,,,,,,,,,,,NA,Okay. Are you in pain?,
VOICE_COMMAND,437135,6/27/2026 10:20:01 AM,90eec047-676b-4d50-9684-e8707ca80941,2.0,,,,,,,,,,,,,,,,,,,,,,,,,,,,,,,,,,,,,,,,,,,,,,,,,,,Okay. Are you in pain?,are you in pain,
PLAYER_POSITIONS,437179,6/27/2026 10:20:01 AM,90eec047-676b-4d50-9684-e8707ca80941,2.0,,,,,,,,,,,,,,,,,,,,,,,,,,,,,,,,,,,"(-11.1, 0.2, -5.2)","(-10.9, 0.8, -5.4)","(-11.2, 0.2, -5.4)",
PLAYER_POSITIONS,437179,6/27/2026 10:20:01 AM,90eec047-676b-4d50-9684-e8707ca80941,2.0,,,,,,,,,,,,,,,,,,,,,,,,,,,,,,,,,,,"(-11.1, 0.2, -5.2)","(-10.9, 0.8, -5.4)","(-11.2, 0.2, -5.4)",
PLAYER_POSITIONS,437689,6/27/2026 10:20:01 AM,90eec047-676b-4d50-9684-e8707ca80941,2.0,,,,,,,,,,,,,,,,,,,,,,,,,,,,,,,,,,,"(-11.2, 0.3, -5.2)","(-11.0, 0.9, -5.3)","(-11.2, 0.2, -5.4)",
PLAYER_POSITIONS,437689,6/27/2026 10:20:01 AM,90eec047-676b-4d50-9684-e8707ca80941,2.0,,,,,,,,,,,,,,,,,,,,,,,,,,,,,,,,,,,"(-11.2, 0.3, -5.2)","(-11.0, 0.9, -5.3)","(-11.2, 0.2, -5.4)",
PLAYER_POSITIONS,438194,6/27/2026 10:20:02 AM,90eec047-676b-4d50-9684-e8707ca80941,2.0,,,,,,,,,,,,,,,,,,,,,,,,,,,,,,,,,,,"(-11.1, 0.3, -5.2)","(-11.1, 1.0, -5.4)","(-11.2, 0.3, -5.4)",
PLAYER_POSITIONS,438194,6/27/2026 10:20:02 AM,90eec047-676b-4d50-9684-e8707ca80941,2.0,,,,,,,,,,,,,,,,,,,,,,,,,,,,,,,,,,,"(-11.1, 0.3, -5.2)","(-11.1, 1.0, -5.4)","(-11.2, 0.3, -5.4)",
BAG_CLOSED,438579,6/27/2026 10:20:02 AM,90eec047-676b-4d50-9684-e8707ca80941,2.0,,,,,,,,,,,,,,,,,,,,,,,,,,,,,,,,,,,,"(0.0, 0.0, 0.0)",
VOICE_CAPTURE,438650,6/27/2026 10:20:02 AM,90eec047-676b-4d50-9684-e8707ca80941,2.0,,,,,,,,,,,,,,,,,,,,,,,,,,,,,,,,,,,,,,,,,,,,,,,,,,,NA,No.,
PLAYER_POSITIONS,438695,6/27/2026 10:20:02 AM,90eec047-676b-4d50-9684-e8707ca80941,2.0,,,,,,,,,,,,,,,,,,,,,,,,,,,,,,,,,,,"(-11.2, 0.3, -5.3)","(-11.1, 1.0, -5.4)","(-11.3, 0.3, -5.5)",
PLAYER_POSITIONS,438695,6/27/2026 10:20:02 AM,90eec047-676b-4d50-9684-e8707ca80941,2.0,,,,,,,,,,,,,,,,,,,,,,,,,,,,,,,,,,,"(-11.2, 0.3, -5.3)","(-11.1, 1.0, -5.4)","(-11.3, 0.3, -5.5)",
AUDIO_END,438828,6/27/2026 10:20:02 AM,90eec047-676b-4d50-9684-e8707ca80941,2.0,bravo has uav overhead,3.056327,
NARRATIVE_SECTION_END,438828,6/27/2026 10:20:02 AM,90eec047-676b-4d50-9684-e8707ca80941,2.0,,,,,,,,,,,,,,,,,,Bravo has uav overhead,49,
NARRATIVE_SECTION_START,438869,6/27/2026 10:20:02 AM,90eec047-676b-4d50-9684-e8707ca80941,2.0,,,,,,,,,,,,,,,,,,Uav has two targets,50,
VOICE_CAPTURE,439129,6/27/2026 10:20:03 AM,90eec047-676b-4d50-9684-e8707ca80941,2.0,,,,,,,,,,,,,,,,,,,,,,,,,,,,,,,,,,,,,,,,,,,,,,,,,,,NA,"No. No, okay.",
PLAYER_POSITIONS,439195,6/27/2026 10:20:03 AM,90eec047-676b-4d50-9684-e8707ca80941,2.0,,,,,,,,,,,,,,,,,,,,,,,,,,,,,,,,,,,"(-10.8, 0.3, -5.2)","(-10.9, 1.1, -5.2)","(-10.9, 0.3, -5.4)",
PLAYER_POSITIONS,439195,6/27/2026 10:20:03 AM,90eec047-676b-4d50-9684-e8707ca80941,2.0,,,,,,,,,,,,,,,,,,,,,,,,,,,,,,,,,,,"(-10.8, 0.3, -5.2)","(-10.9, 1.1, -5.2)","(-10.9, 0.3, -5.4)",
DRAG_STOP,439395,6/27/2026 10:20:03 AM,90eec047-676b-4d50-9684-e8707ca80941,2.0,,,,,"(-11.1, 0.0, -4.7)","(-12.0, 0.0, -5.6)",,,,,,,,,,,,,,,,,,Military PT 4,
VOICE_CAPTURE,439672,6/27/2026 10:20:03 AM,90eec047-676b-4d50-9684-e8707ca80941,2.0,,,,,,,,,,,,,,,,,,,,,,,,,,,,,,,,,,,,,,,,,,,,,,,,,,,NA,"No. No, okay.",
VOICE_CAPTURE,439672,6/27/2026 10:20:03 AM,90eec047-676b-4d50-9684-e8707ca80941,2.0,,,,,,,,,,,,,,,,,,,,,,,,,,,,,,,,,,,,,,,,,,,,,,,,,,,NA,"No. No, okay.",
PATIENT_DISENGAGED,439691,6/27/2026 10:20:03 AM,90eec047-676b-4d50-9684-e8707ca80941,2.0,,,,23.67,,,,,,,,,,,,,,,,fast,100,Infinity,normal,Military PT 4,upset,supine,"(-11.6, -0.1, -5.5)",faint,"(0.0, 0.9, 0.0, -0.4)",normal,IMMEDIATE,still,,,,,,,,,,,,,,,,,48.18,
PATIENT_ENGAGED,439691,6/27/2026 10:20:03 AM,90eec047-676b-4d50-9684-e8707ca80941,2.0,,,,0,,,,,,,,,,,,,,,,none,100,Infinity,none,Military PT 10,dead,supine,"(-8.6, -0.1, -4.7)",none,"(0.0, 0.6, 0.0, -0.8)",none,EXPECTANT,still,,,,,,,,,,,,,,,,,12.01,
PLAYER_POSITIONS,439716,6/27/2026 10:20:03 AM,90eec047-676b-4d50-9684-e8707ca80941,2.0,,,,,,,,,,,,,,,,,,,,,,,,,,,,,,,,,,,"(-10.0, 0.3, -5.1)","(-10.1, 1.1, -5.1)","(-10.1, 0.3, -5.3)",
PLAYER_POSITIONS,439716,6/27/2026 10:20:03 AM,90eec047-676b-4d50-9684-e8707ca80941,2.0,,,,,,,,,,,,,,,,,,,,,,,,,,,,,,,,,,,"(-10.0, 0.3, -5.1)","(-10.1, 1.1, -5.1)","(-10.1, 0.3, -5.3)",
PLAYER_POSITIONS,440225,6/27/2026 10:20:04 AM,90eec047-676b-4d50-9684-e8707ca80941,2.0,,,,,,,,,,,,,,,,,,,,,,,,,,,,,,,,,,,"(-9.3, 0.3, -4.9)","(-9.3, 1.0, -4.9)","(-9.4, 0.2, -5.1)",
PLAYER_GAZE,440225,6/27/2026 10:20:04 AM,90eec047-676b-4d50-9684-e8707ca80941,2.0,,,,,,,,,,,,,,,,,,,,,,,,Military PT 10,,,,,,,,,"(-0.7, 1.0, -0.1)",,,"(-8.6, 0.0, -4.8)",
PLAYER_POSITIONS,440225,6/27/2026 10:20:04 AM,90eec047-676b-4d50-9684-e8707ca80941,2.0,,,,,,,,,,,,,,,,,,,,,,,,,,,,,,,,,,,"(-9.3, 0.3, -4.9)","(-9.3, 1.0, -4.9)","(-9.4, 0.2, -5.1)",
PLAYER_GAZE,440225,6/27/2026 10:20:04 AM,90eec047-676b-4d50-9684-e8707ca80941,2.0,,,,,,,,,,,,,,,,,,,,,,,,Military PT 10,,,,,,,,,"(-0.7, 1.0, -0.1)",,,"(-8.6, 0.0, -4.8)",
PLAYER_POSITIONS,440748,6/27/2026 10:20:04 AM,90eec047-676b-4d50-9684-e8707ca80941,2.0,,,,,,,,,,,,,,,,,,,,,,,,,,,,,,,,,,,"(-8.9, 0.4, -5.2)","(-8.8, 1.1, -5.2)","(-8.8, 0.5, -5.3)",
PLAYER_POSITIONS,440748,6/27/2026 10:20:04 AM,90eec047-676b-4d50-9684-e8707ca80941,2.0,,,,,,,,,,,,,,,,,,,,,,,,,,,,,,,,,,,"(-8.9, 0.4, -5.2)","(-8.8, 1.1, -5.2)","(-8.8, 0.5, -5.3)",
PLAYER_POSITIONS,441258,6/27/2026 10:20:05 AM,90eec047-676b-4d50-9684-e8707ca80941,2.0,,,,,,,,,,,,,,,,,,,,,,,,,,,,,,,,,,,"(-8.6, 0.4, -5.1)","(-8.4, 1.0, -5.2)","(-8.2, 0.3, -5.4)",
PLAYER_POSITIONS,441258,6/27/2026 10:20:05 AM,90eec047-676b-4d50-9684-e8707ca80941,2.0,,,,,,,,,,,,,,,,,,,,,,,,,,,,,,,,,,,"(-8.6, 0.4, -5.1)","(-8.4, 1.0, -5.2)","(-8.2, 0.3, -5.4)",
PLAYER_POSITIONS,441779,6/27/2026 10:20:05 AM,90eec047-676b-4d50-9684-e8707ca80941,2.0,,,,,,,,,,,,,,,,,,,,,,,,,,,,,,,,,,,"(-8.6, 0.4, -5.2)","(-8.3, 0.9, -5.4)","(-8.2, 0.1, -5.4)",
PLAYER_POSITIONS,441779,6/27/2026 10:20:05 AM,90eec047-676b-4d50-9684-e8707ca80941,2.0,,,,,,,,,,,,,,,,,,,,,,,,,,,,,,,,,,,"(-8.6, 0.4, -5.2)","(-8.3, 0.9, -5.4)","(-8.2, 0.1, -5.4)",
PLAYER_POSITIONS,442347,6/27/2026 10:20:06 AM,90eec047-676b-4d50-9684-e8707ca80941,2.0,,,,,,,,,,,,,,,,,,,,,,,,,,,,,,,,,,,"(-8.6, 0.4, -5.2)","(-8.3, 0.9, -5.4)","(-8.3, 0.2, -5.4)",
PLAYER_POSITIONS,442347,6/27/2026 10:20:06 AM,90eec047-676b-4d50-9684-e8707ca80941,2.0,,,,,,,,,,,,,,,,,,,,,,,,,,,,,,,,,,,"(-8.6, 0.4, -5.2)","(-8.3, 0.9, -5.4)","(-8.3, 0.2, -5.4)",
DRAG_STOP,442481,6/27/2026 10:20:06 AM,90eec047-676b-4d50-9684-e8707ca80941,2.0,,,,,"(-11.1, 0.0, -4.7)","(-12.0, 0.0, -5.6)",,,,,,,,,,,,,,,,,,Military PT 10,
PLAYER_POSITIONS,442855,6/27/2026 10:20:06 AM,90eec047-676b-4d50-9684-e8707ca80941,2.0,,,,,,,,,,,,,,,,,,,,,,,,,,,,,,,,,,,"(-8.6, 0.5, -5.4)","(-8.6, 1.3, -5.4)","(-8.8, 0.4, -5.7)",
PLAYER_POSITIONS,442855,6/27/2026 10:20:06 AM,90eec047-676b-4d50-9684-e8707ca80941,2.0,,,,,,,,,,,,,,,,,,,,,,,,,,,,,,,,,,,"(-8.6, 0.5, -5.4)","(-8.6, 1.3, -5.4)","(-8.8, 0.4, -5.7)",
PLAYER_POSITIONS,443366,6/27/2026 10:20:07 AM,90eec047-676b-4d50-9684-e8707ca80941,2.0,,,,,,,,,,,,,,,,,,,,,,,,,,,,,,,,,,,"(-9.1, 0.7, -5.4)","(-9.1, 1.4, -5.6)","(-8.8, 0.5, -5.8)",
PLAYER_POSITIONS,443366,6/27/2026 10:20:07 AM,90eec047-676b-4d50-9684-e8707ca80941,2.0,,,,,,,,,,,,,,,,,,,,,,,,,,,,,,,,,,,"(-9.1, 0.7, -5.4)","(-9.1, 1.4, -5.6)","(-8.8, 0.5, -5.8)",
VOICE_CAPTURE,443644,6/27/2026 10:20:07 AM,90eec047-676b-4d50-9684-e8707ca80941,2.0,,,,,,,,,,,,,,,,,,,,,,,,,,,,,,,,,,,,,,,,,,,,,,,,,,,NA,That was a dead one.,
PLAYER_POSITIONS,443875,6/27/2026 10:20:07 AM,90eec047-676b-4d50-9684-e8707ca80941,2.0,,,,,,,,,,,,,,,,,,,,,,,,,,,,,,,,,,,"(-10.0, 0.3, -5.3)","(-10.0, 1.2, -5.3)","(-9.7, 0.6, -5.3)",
PLAYER_POSITIONS,443875,6/27/2026 10:20:07 AM,90eec047-676b-4d50-9684-e8707ca80941,2.0,,,,,,,,,,,,,,,,,,,,,,,,,,,,,,,,,,,"(-10.0, 0.3, -5.3)","(-10.0, 1.2, -5.3)","(-9.7, 0.6, -5.3)",
VOICE_CAPTURE,444164,6/27/2026 10:20:08 AM,90eec047-676b-4d50-9684-e8707ca80941,2.0,,,,,,,,,,,,,,,,,,,,,,,,,,,,,,,,,,,,,,,,,,,,,,,,,,,NA,That was a dead one. That was a dead one.,
PLAYER_POSITIONS,444386,6/27/2026 10:20:08 AM,90eec047-676b-4d50-9684-e8707ca80941,2.0,,,,,,,,,,,,,,,,,,,,,,,,,,,,,,,,,,,"(-10.5, 0.4, -5.1)","(-10.3, 1.2, -5.1)","(-10.2, 0.6, -5.0)",
PLAYER_GAZE,444386,6/27/2026 10:20:08 AM,90eec047-676b-4d50-9684-e8707ca80941,2.0,,,,,,,,,,,,,,,,,,,,,,,,Military PT 9,,,,,,,,,"(2.3, 1.2, -3.3)",,,"(-12.7, 0.0, -1.8)",
PLAYER_POSITIONS,444386,6/27/2026 10:20:08 AM,90eec047-676b-4d50-9684-e8707ca80941,2.0,,,,,,,,,,,,,,,,,,,,,,,,,,,,,,,,,,,"(-10.5, 0.4, -5.1)","(-10.3, 1.2, -5.1)","(-10.2, 0.6, -5.0)",
PLAYER_GAZE,444386,6/27/2026 10:20:08 AM,90eec047-676b-4d50-9684-e8707ca80941,2.0,,,,,,,,,,,,,,,,,,,,,,,,Military PT 9,,,,,,,,,"(2.3, 1.2, -3.3)",,,"(-12.7, 0.0, -1.8)",
VOICE_CAPTURE,444675,6/27/2026 10:20:08 AM,90eec047-676b-4d50-9684-e8707ca80941,2.0,,,,,,,,,,,,,,,,,,,,,,,,,,,,,,,,,,,,,,,,,,,,,,,,,,,NA,That was a dead one. That was a dead one.,
VOICE_CAPTURE,444675,6/27/2026 10:20:08 AM,90eec047-676b-4d50-9684-e8707ca80941,2.0,,,,,,,,,,,,,,,,,,,,,,,,,,,,,,,,,,,,,,,,,,,,,,,,,,,NA,That was a dead one. That was a dead one.,
PATIENT_DISENGAGED,444716,6/27/2026 10:20:08 AM,90eec047-676b-4d50-9684-e8707ca80941,2.0,,,,5.02,,,,,,,,,,,,,,,,none,100,Infinity,none,Military PT 10,dead,supine,"(-8.6, -0.1, -4.7)",none,"(0.0, 0.6, 0.0, -0.8)",none,EXPECTANT,still,,,,,,,,,,,,,,,,,17.04,
PLAYER_POSITIONS,444896,6/27/2026 10:20:08 AM,90eec047-676b-4d50-9684-e8707ca80941,2.0,,,,,,,,,,,,,,,,,,,,,,,,,,,,,,,,,,,"(-11.2, 0.4, -4.6)","(-11.0, 1.3, -4.6)","(-10.9, 0.6, -4.5)",
PLAYER_GAZE,444896,6/27/2026 10:20:08 AM,90eec047-676b-4d50-9684-e8707ca80941,2.0,,,,,,,,,,,,,,,,,,,,,,,,Military PT 9,,,,,,,,,"(1.6, 1.3, -2.8)",,,"(-12.7, 0.0, -1.8)",
PLAYER_POSITIONS,444896,6/27/2026 10:20:08 AM,90eec047-676b-4d50-9684-e8707ca80941,2.0,,,,,,,,,,,,,,,,,,,,,,,,,,,,,,,,,,,"(-11.2, 0.4, -4.6)","(-11.0, 1.3, -4.6)","(-10.9, 0.6, -4.5)",
PLAYER_GAZE,444896,6/27/2026 10:20:08 AM,90eec047-676b-4d50-9684-e8707ca80941,2.0,,,,,,,,,,,,,,,,,,,,,,,,Military PT 9,,,,,,,,,"(1.6, 1.3, -2.8)",,,"(-12.7, 0.0, -1.8)",
PLAYER_POSITIONS,445407,6/27/2026 10:20:09 AM,90eec047-676b-4d50-9684-e8707ca80941,2.0,,,,,,,,,,,,,,,,,,,,,,,,,,,,,,,,,,,"(-11.6, 0.4, -3.8)","(-11.5, 1.2, -3.9)","(-11.4, 0.6, -3.8)",
PLAYER_POSITIONS,445407,6/27/2026 10:20:09 AM,90eec047-676b-4d50-9684-e8707ca80941,2.0,,,,,,,,,,,,,,,,,,,,,,,,,,,,,,,,,,,"(-11.6, 0.4, -3.8)","(-11.5, 1.2, -3.9)","(-11.4, 0.6, -3.8)",
PATIENT_ENGAGED,445632,6/27/2026 10:20:09 AM,90eec047-676b-4d50-9684-e8707ca80941,2.0,,,,0,,,,,,,,,,,,,,,,normal,100,Infinity,normal,Military PT 9,unresponsive,supine,"(-12.7, -0.1, -1.8)",faint,"(0.0, -0.7, 0.0, 0.7)",normal,EXPECTANT,still,,,,,,,,,,,,,,,,,20.56,
AUDIO_START,445874,6/27/2026 10:20:09 AM,90eec047-676b-4d50-9684-e8707ca80941,2.0,uav has two targets,6.582857,
PLAYER_POSITIONS,445912,6/27/2026 10:20:10 AM,90eec047-676b-4d50-9684-e8707ca80941,2.0,,,,,,,,,,,,,,,,,,,,,,,,,,,,,,,,,,,"(-11.9, 0.4, -2.9)","(-11.8, 1.1, -3.0)","(-11.7, 0.5, -3.0)",
PLAYER_POSITIONS,445912,6/27/2026 10:20:10 AM,90eec047-676b-4d50-9684-e8707ca80941,2.0,,,,,,,,,,,,,,,,,,,,,,,,,,,,,,,,,,,"(-11.9, 0.4, -2.9)","(-11.8, 1.1, -3.0)","(-11.7, 0.5, -3.0)",
PLAYER_POSITIONS,446432,6/27/2026 10:20:10 AM,90eec047-676b-4d50-9684-e8707ca80941,2.0,,,,,,,,,,,,,,,,,,,,,,,,,,,,,,,,,,,"(-12.4, 0.2, -2.6)","(-12.2, 0.8, -2.6)","(-12.2, 0.3, -2.5)",
PLAYER_POSITIONS,446432,6/27/2026 10:20:10 AM,90eec047-676b-4d50-9684-e8707ca80941,2.0,,,,,,,,,,,,,,,,,,,,,,,,,,,,,,,,,,,"(-12.4, 0.2, -2.6)","(-12.2, 0.8, -2.6)","(-12.2, 0.3, -2.5)",
VOICE_CAPTURE,446655,6/27/2026 10:20:10 AM,90eec047-676b-4d50-9684-e8707ca80941,2.0,,,,,,,,,,,,,,,,,,,,,,,,,,,,,,,,,,,,,,,,,,,,,,,,,,,NA,I love you.,
DRAG_STOP,446678,6/27/2026 10:20:10 AM,90eec047-676b-4d50-9684-e8707ca80941,2.0,,,,,"(-11.1, 0.0, -4.7)","(-12.0, 0.0, -5.6)",,,,,,,,,,,,,,,,,,Military PT 9,
PULSE_TAKEN,446719,6/27/2026 10:20:10 AM,90eec047-676b-4d50-9684-e8707ca80941,2.0,,,,,,,,,,,,,,,,,,,,,,,,Military PT 9,,,,pulse_faint,
PULSE_TAKEN,446785,6/27/2026 10:20:10 AM,90eec047-676b-4d50-9684-e8707ca80941,2.0,,,,,,,,,,,,,,,,,,,,,,,,Military PT 9,,,,pulse_faint,
PLAYER_POSITIONS,446955,6/27/2026 10:20:11 AM,90eec047-676b-4d50-9684-e8707ca80941,2.0,,,,,,,,,,,,,,,,,,,,,,,,,,,,,,,,,,,"(-12.3, 0.1, -2.4)","(-12.1, 0.8, -2.5)","(-12.1, 0.1, -2.3)",
PLAYER_POSITIONS,446955,6/27/2026 10:20:11 AM,90eec047-676b-4d50-9684-e8707ca80941,2.0,,,,,,,,,,,,,,,,,,,,,,,,,,,,,,,,,,,"(-12.3, 0.1, -2.4)","(-12.1, 0.8, -2.5)","(-12.1, 0.1, -2.3)",
DRAG_START,447002,6/27/2026 10:20:11 AM,90eec047-676b-4d50-9684-e8707ca80941,2.0,,,,,"(-12.7, 0.0, -1.8)",,,,,,,,,,,,,,,,,,,Military PT 9,
VOICE_CAPTURE,447122,6/27/2026 10:20:11 AM,90eec047-676b-4d50-9684-e8707ca80941,2.0,,,,,,,,,,,,,,,,,,,,,,,,,,,,,,,,,,,,,,,,,,,,,,,,,,,NA,I love you.,
VOICE_CAPTURE,447123,6/27/2026 10:20:11 AM,90eec047-676b-4d50-9684-e8707ca80941,2.0,,,,,,,,,,,,,,,,,,,,,,,,,,,,,,,,,,,,,,,,,,,,,,,,,,,NA,I love you.,
DRAG_START,447125,6/27/2026 10:20:11 AM,90eec047-676b-4d50-9684-e8707ca80941,2.0,,,,,"(-12.7, 0.0, -1.8)",,,,,,,,,,,,,,,,,,,Military PT 9,
PULSE_TAKEN,447143,6/27/2026 10:20:11 AM,90eec047-676b-4d50-9684-e8707ca80941,2.0,,,,,,,,,,,,,,,,,,,,,,,,Military PT 9,,,,pulse_faint,
PULSE_TAKEN,447165,6/27/2026 10:20:11 AM,90eec047-676b-4d50-9684-e8707ca80941,2.0,,,,,,,,,,,,,,,,,,,,,,,,Military PT 9,,,,pulse_faint,
PULSE_TAKEN,447411,6/27/2026 10:20:11 AM,90eec047-676b-4d50-9684-e8707ca80941,2.0,,,,,,,,,,,,,,,,,,,,,,,,Military PT 9,,,,pulse_faint,
PLAYER_POSITIONS,447469,6/27/2026 10:20:11 AM,90eec047-676b-4d50-9684-e8707ca80941,2.0,,,,,,,,,,,,,,,,,,,,,,,,,,,,,,,,,,,"(-12.6, 0.3, -2.2)","(-12.4, 1.0, -2.4)","(-12.4, 0.3, -2.2)",
PLAYER_POSITIONS,447469,6/27/2026 10:20:11 AM,90eec047-676b-4d50-9684-e8707ca80941,2.0,,,,,,,,,,,,,,,,,,,,,,,,,,,,,,,,,,,"(-12.6, 0.3, -2.2)","(-12.4, 1.0, -2.4)","(-12.4, 0.3, -2.2)",
VOICE_CAPTURE,447737,6/27/2026 10:20:11 AM,90eec047-676b-4d50-9684-e8707ca80941,2.0,,,,,,,,,,,,,,,,,,,,,,,,,,,,,,,,,,,,,,,,,,,,,,,,,,,NA,I love you.,
PLAYER_POSITIONS,447980,6/27/2026 10:20:12 AM,90eec047-676b-4d50-9684-e8707ca80941,2.0,,,,,,,,,,,,,,,,,,,,,,,,,,,,,,,,,,,"(-13.2, 0.6, -2.3)","(-12.9, 1.2, -2.6)","(-12.9, 0.6, -2.3)",
PLAYER_POSITIONS,447980,6/27/2026 10:20:12 AM,90eec047-676b-4d50-9684-e8707ca80941,2.0,,,,,,,,,,,,,,,,,,,,,,,,,,,,,,,,,,,"(-13.2, 0.6, -2.3)","(-12.9, 1.2, -2.6)","(-12.9, 0.6, -2.3)",
VOICE_CAPTURE,448159,6/27/2026 10:20:12 AM,90eec047-676b-4d50-9684-e8707ca80941,2.0,,,,,,,,,,,,,,,,,,,,,,,,,,,,,,,,,,,,,,,,,,,,,,,,,,,NA,"I love you, Billy.",
PULSE_TAKEN,448200,6/27/2026 10:20:12 AM,90eec047-676b-4d50-9684-e8707ca80941,2.0,,,,,,,,,,,,,,,,,,,,,,,,Military PT 9,,,,pulse_faint,
PLAYER_POSITIONS,448484,6/27/2026 10:20:12 AM,90eec047-676b-4d50-9684-e8707ca80941,2.0,,,,,,,,,,,,,,,,,,,,,,,,,,,,,,,,,,,"(-13.8, 0.6, -1.9)","(-13.5, 1.2, -2.2)","(-13.6, 0.6, -1.9)",
PLAYER_POSITIONS,448484,6/27/2026 10:20:12 AM,90eec047-676b-4d50-9684-e8707ca80941,2.0,,,,,,,,,,,,,,,,,,,,,,,,,,,,,,,,,,,"(-13.8, 0.6, -1.9)","(-13.5, 1.2, -2.2)","(-13.6, 0.6, -1.9)",
VOICE_CAPTURE,448715,6/27/2026 10:20:12 AM,90eec047-676b-4d50-9684-e8707ca80941,2.0,,,,,,,,,,,,,,,,,,,,,,,,,,,,,,,,,,,,,,,,,,,,,,,,,,,NA,I love Billy from the truck too.,
PLAYER_POSITIONS,448993,6/27/2026 10:20:13 AM,90eec047-676b-4d50-9684-e8707ca80941,2.0,,,,,,,,,,,,,,,,,,,,,,,,,,,,,,,,,,,"(-13.4, 0.7, -1.3)","(-13.3, 1.2, -1.7)","(-13.1, 0.6, -1.4)",
PLAYER_POSITIONS,448993,6/27/2026 10:20:13 AM,90eec047-676b-4d50-9684-e8707ca80941,2.0,,,,,,,,,,,,,,,,,,,,,,,,,,,,,,,,,,,"(-13.4, 0.7, -1.3)","(-13.3, 1.2, -1.7)","(-13.1, 0.6, -1.4)",
VOICE_CAPTURE,449202,6/27/2026 10:20:13 AM,90eec047-676b-4d50-9684-e8707ca80941,2.0,,,,,,,,,,,,,,,,,,,,,,,,,,,,,,,,,,,,,,,,,,,,,,,,,,,NA,"I love Billy from the truck too. Oh, they'll be late from the truck too.",
PLAYER_POSITIONS,449503,6/27/2026 10:20:13 AM,90eec047-676b-4d50-9684-e8707ca80941,2.0,,,,,,,,,,,,,,,,,,,,,,,,,,,,,,,,,,,"(-13.2, 0.7, -0.7)","(-13.2, 1.3, -1.2)","(-13.0, 0.7, -0.7)",
PLAYER_GAZE,449503,6/27/2026 10:20:13 AM,90eec047-676b-4d50-9684-e8707ca80941,2.0,,,,,,,,,,,,,,,,,,,,,,,,Military PT 9,,,,,,,,,"(0.0, 1.3, -1.2)",,,"(-13.2, 0.0, 0.0)",
PLAYER_POSITIONS,449503,6/27/2026 10:20:13 AM,90eec047-676b-4d50-9684-e8707ca80941,2.0,,,,,,,,,,,,,,,,,,,,,,,,,,,,,,,,,,,"(-13.2, 0.7, -0.7)","(-13.2, 1.3, -1.2)","(-13.0, 0.7, -0.7)",
PLAYER_GAZE,449503,6/27/2026 10:20:13 AM,90eec047-676b-4d50-9684-e8707ca80941,2.0,,,,,,,,,,,,,,,,,,,,,,,,Military PT 9,,,,,,,,,"(0.0, 1.3, -1.2)",,,"(-13.2, 0.0, 0.0)",
VOICE_CAPTURE,449703,6/27/2026 10:20:13 AM,90eec047-676b-4d50-9684-e8707ca80941,2.0,,,,,,,,,,,,,,,,,,,,,,,,,,,,,,,,,,,,,,,,,,,,,,,,,,,NA,"I love Billy from the truck too. Oh, they'll be late from the truck too.",
VOICE_CAPTURE,449703,6/27/2026 10:20:13 AM,90eec047-676b-4d50-9684-e8707ca80941,2.0,,,,,,,,,,,,,,,,,,,,,,,,,,,,,,,,,,,,,,,,,,,,,,,,,,,NA,"I love Billy from the truck too. Oh, they'll be late from the truck too.",
PLAYER_POSITIONS,450015,6/27/2026 10:20:14 AM,90eec047-676b-4d50-9684-e8707ca80941,2.0,,,,,,,,,,,,,,,,,,,,,,,,,,,,,,,,,,,"(-13.2, 0.7, 0.2)","(-13.2, 1.2, -0.3)","(-13.0, 0.7, 0.2)",
PLAYER_GAZE,450015,6/27/2026 10:20:14 AM,90eec047-676b-4d50-9684-e8707ca80941,2.0,,,,,,,,,,,,,,,,,,,,,,,,Military PT 9,,,,,,,,,"(0.0, 1.2, -1.2)",,,"(-13.1, 0.0, 0.9)",
PLAYER_POSITIONS,450015,6/27/2026 10:20:14 AM,90eec047-676b-4d50-9684-e8707ca80941,2.0,,,,,,,,,,,,,,,,,,,,,,,,,,,,,,,,,,,"(-13.2, 0.7, 0.2)","(-13.2, 1.2, -0.3)","(-13.0, 0.7, 0.2)",
PLAYER_GAZE,450015,6/27/2026 10:20:14 AM,90eec047-676b-4d50-9684-e8707ca80941,2.0,,,,,,,,,,,,,,,,,,,,,,,,Military PT 9,,,,,,,,,"(0.0, 1.2, -1.2)",,,"(-13.1, 0.0, 0.9)",
PLAYER_POSITIONS,450515,6/27/2026 10:20:14 AM,90eec047-676b-4d50-9684-e8707ca80941,2.0,,,,,,,,,,,,,,,,,,,,,,,,,,,,,,,,,,,"(-13.2, 0.8, 1.1)","(-13.2, 1.2, 0.5)","(-13.0, 0.8, 1.0)",
PLAYER_GAZE,450515,6/27/2026 10:20:14 AM,90eec047-676b-4d50-9684-e8707ca80941,2.0,,,,,,,,,,,,,,,,,,,,,,,,Military PT 9,,,,,,,,,"(0.1, 1.2, -1.2)",,,"(-13.3, 0.0, 1.7)",
PLAYER_POSITIONS,450515,6/27/2026 10:20:14 AM,90eec047-676b-4d50-9684-e8707ca80941,2.0,,,,,,,,,,,,,,,,,,,,,,,,,,,,,,,,,,,"(-13.2, 0.8, 1.1)","(-13.2, 1.2, 0.5)","(-13.0, 0.8, 1.0)",
PLAYER_GAZE,450515,6/27/2026 10:20:14 AM,90eec047-676b-4d50-9684-e8707ca80941,2.0,,,,,,,,,,,,,,,,,,,,,,,,Military PT 9,,,,,,,,,"(0.1, 1.2, -1.2)",,,"(-13.3, 0.0, 1.7)",
PLAYER_POSITIONS,451016,6/27/2026 10:20:15 AM,90eec047-676b-4d50-9684-e8707ca80941,2.0,,,,,,,,,,,,,,,,,,,,,,,,,,,,,,,,,,,"(-13.1, 0.7, 1.9)","(-13.0, 1.2, 1.4)","(-12.9, 0.7, 1.8)",
PLAYER_POSITIONS,451016,6/27/2026 10:20:15 AM,90eec047-676b-4d50-9684-e8707ca80941,2.0,,,,,,,,,,,,,,,,,,,,,,,,,,,,,,,,,,,"(-13.1, 0.7, 1.9)","(-13.0, 1.2, 1.4)","(-12.9, 0.7, 1.8)",
PULSE_TAKEN,451268,6/27/2026 10:20:15 AM,90eec047-676b-4d50-9684-e8707ca80941,2.0,,,,,,,,,,,,,,,,,,,,,,,,Military PT 9,,,,pulse_faint,
PLAYER_POSITIONS,451528,6/27/2026 10:20:15 AM,90eec047-676b-4d50-9684-e8707ca80941,2.0,,,,,,,,,,,,,,,,,,,,,,,,,,,,,,,,,,,"(-12.9, 0.7, 2.7)","(-12.8, 1.2, 2.2)","(-12.6, 0.7, 2.6)",
PLAYER_POSITIONS,451528,6/27/2026 10:20:15 AM,90eec047-676b-4d50-9684-e8707ca80941,2.0,,,,,,,,,,,,,,,,,,,,,,,,,,,,,,,,,,,"(-12.9, 0.7, 2.7)","(-12.8, 1.2, 2.2)","(-12.6, 0.7, 2.6)",
PLAYER_POSITIONS,452039,6/27/2026 10:20:16 AM,90eec047-676b-4d50-9684-e8707ca80941,2.0,,,,,,,,,,,,,,,,,,,,,,,,,,,,,,,,,,,"(-13.4, 0.7, 3.3)","(-13.4, 1.2, 2.9)","(-13.2, 0.7, 3.3)",
PLAYER_POSITIONS,452039,6/27/2026 10:20:16 AM,90eec047-676b-4d50-9684-e8707ca80941,2.0,,,,,,,,,,,,,,,,,,,,,,,,,,,,,,,,,,,"(-13.4, 0.7, 3.3)","(-13.4, 1.2, 2.9)","(-13.2, 0.7, 3.3)",
VOICE_CAPTURE,452162,6/27/2026 10:20:16 AM,90eec047-676b-4d50-9684-e8707ca80941,2.0,,,,,,,,,,,,,,,,,,,,,,,,,,,,,,,,,,,,,,,,,,,,,,,,,,,NA,America.,
AUDIO_END,452449,6/27/2026 10:20:16 AM,90eec047-676b-4d50-9684-e8707ca80941,2.0,uav has two targets,6.582857,
NARRATIVE_SECTION_END,452451,6/27/2026 10:20:16 AM,90eec047-676b-4d50-9684-e8707ca80941,2.0,,,,,,,,,,,,,,,,,,Uav has two targets,50,
NARRATIVE_SECTION_START,452469,6/27/2026 10:20:16 AM,90eec047-676b-4d50-9684-e8707ca80941,2.0,,,,,,,,,,,,,,,,,,Bravo engaging enemy,51,
PLAYER_POSITIONS,452538,6/27/2026 10:20:16 AM,90eec047-676b-4d50-9684-e8707ca80941,2.0,,,,,,,,,,,,,,,,,,,,,,,,,,,,,,,,,,,"(-13.7, 0.8, 3.7)","(-13.6, 1.3, 3.2)","(-13.4, 0.8, 3.6)",
PLAYER_GAZE,452538,6/27/2026 10:20:16 AM,90eec047-676b-4d50-9684-e8707ca80941,2.0,,,,,,,,,,,,,,,,,,,,,,,,Civilian PT 14,,,,,,,,,"(0.4, 1.3, -0.4)",,,"(-14.1, 0.0, 3.6)",
PLAYER_POSITIONS,452538,6/27/2026 10:20:16 AM,90eec047-676b-4d50-9684-e8707ca80941,2.0,,,,,,,,,,,,,,,,,,,,,,,,,,,,,,,,,,,"(-13.7, 0.8, 3.7)","(-13.6, 1.3, 3.2)","(-13.4, 0.8, 3.6)",
PLAYER_GAZE,452538,6/27/2026 10:20:16 AM,90eec047-676b-4d50-9684-e8707ca80941,2.0,,,,,,,,,,,,,,,,,,,,,,,,Civilian PT 14,,,,,,,,,"(0.4, 1.3, -0.4)",,,"(-14.1, 0.0, 3.6)",
VOICE_CAPTURE,452684,6/27/2026 10:20:16 AM,90eec047-676b-4d50-9684-e8707ca80941,2.0,,,,,,,,,,,,,,,,,,,,,,,,,,,,,,,,,,,,,,,,,,,,,,,,,,,NA,America.,
PLAYER_POSITIONS,453056,6/27/2026 10:20:17 AM,90eec047-676b-4d50-9684-e8707ca80941,2.0,,,,,,,,,,,,,,,,,,,,,,,,,,,,,,,,,,,"(-13.5, 0.9, 4.0)","(-13.5, 1.3, 3.6)","(-13.2, 0.8, 4.0)",
PLAYER_GAZE,453056,6/27/2026 10:20:17 AM,90eec047-676b-4d50-9684-e8707ca80941,2.0,,,,,,,,,,,,,,,,,,,,,,,,Military PT 9,,,,,,,,,"(-0.2, 1.3, -1.2)",,,"(-13.3, 0.0, 4.7)",
PLAYER_POSITIONS,453056,6/27/2026 10:20:17 AM,90eec047-676b-4d50-9684-e8707ca80941,2.0,,,,,,,,,,,,,,,,,,,,,,,,,,,,,,,,,,,"(-13.5, 0.9, 4.0)","(-13.5, 1.3, 3.6)","(-13.2, 0.8, 4.0)",
PLAYER_GAZE,453056,6/27/2026 10:20:17 AM,90eec047-676b-4d50-9684-e8707ca80941,2.0,,,,,,,,,,,,,,,,,,,,,,,,Military PT 9,,,,,,,,,"(-0.2, 1.3, -1.2)",,,"(-13.3, 0.0, 4.7)",
PLAYER_POSITIONS,453583,6/27/2026 10:20:17 AM,90eec047-676b-4d50-9684-e8707ca80941,2.0,,,,,,,,,,,,,,,,,,,,,,,,,,,,,,,,,,,"(-13.3, 0.8, 4.5)","(-13.3, 1.3, 3.9)","(-13.0, 0.7, 4.3)",
PLAYER_GAZE,453583,6/27/2026 10:20:17 AM,90eec047-676b-4d50-9684-e8707ca80941,2.0,,,,,,,,,,,,,,,,,,,,,,,,Military PT 9,,,,,,,,,"(-0.2, 1.3, -1.2)",,,"(-13.1, 0.0, 5.1)",
PLAYER_POSITIONS,453583,6/27/2026 10:20:17 AM,90eec047-676b-4d50-9684-e8707ca80941,2.0,,,,,,,,,,,,,,,,,,,,,,,,,,,,,,,,,,,"(-13.3, 0.8, 4.5)","(-13.3, 1.3, 3.9)","(-13.0, 0.7, 4.3)",
PLAYER_GAZE,453583,6/27/2026 10:20:17 AM,90eec047-676b-4d50-9684-e8707ca80941,2.0,,,,,,,,,,,,,,,,,,,,,,,,Military PT 9,,,,,,,,,"(-0.2, 1.3, -1.2)",,,"(-13.1, 0.0, 5.1)",
PLAYER_POSITIONS,454099,6/27/2026 10:20:18 AM,90eec047-676b-4d50-9684-e8707ca80941,2.0,,,,,,,,,,,,,,,,,,,,,,,,,,,,,,,,,,,"(-13.2, 0.8, 4.8)","(-13.2, 1.3, 4.3)","(-12.9, 0.7, 4.6)",
PLAYER_POSITIONS,454099,6/27/2026 10:20:18 AM,90eec047-676b-4d50-9684-e8707ca80941,2.0,,,,,,,,,,,,,,,,,,,,,,,,,,,,,,,,,,,"(-13.2, 0.8, 4.8)","(-13.2, 1.3, 4.3)","(-12.9, 0.7, 4.6)",
VOICE_CAPTURE,454354,6/27/2026 10:20:18 AM,90eec047-676b-4d50-9684-e8707ca80941,2.0,,,,,,,,,,,,,,,,,,,,,,,,,,,,,,,,,,,,,,,,,,,,,,,,,,,NA,and a good one.,
VOICE_CAPTURE,454575,6/27/2026 10:20:18 AM,90eec047-676b-4d50-9684-e8707ca80941,2.0,,,,,,,,,,,,,,,,,,,,,,,,,,,,,,,,,,,,,,,,,,,,,,,,,,,NA,America.,
PLAYER_POSITIONS,454618,6/27/2026 10:20:18 AM,90eec047-676b-4d50-9684-e8707ca80941,2.0,,,,,,,,,,,,,,,,,,,,,,,,,,,,,,,,,,,"(-13.1, 0.8, 5.0)","(-13.1, 1.3, 4.5)","(-12.8, 0.8, 4.9)",
PLAYER_GAZE,454618,6/27/2026 10:20:18 AM,90eec047-676b-4d50-9684-e8707ca80941,2.0,,,,,,,,,,,,,,,,,,,,,,,,Military PT 9,,,,,,,,,"(-0.4, 1.3, -1.0)",,,"(-12.7, 0.0, 5.6)",
PLAYER_POSITIONS,454618,6/27/2026 10:20:18 AM,90eec047-676b-4d50-9684-e8707ca80941,2.0,,,,,,,,,,,,,,,,,,,,,,,,,,,,,,,,,,,"(-13.1, 0.8, 5.0)","(-13.1, 1.3, 4.5)","(-12.8, 0.8, 4.9)",
PLAYER_GAZE,454618,6/27/2026 10:20:18 AM,90eec047-676b-4d50-9684-e8707ca80941,2.0,,,,,,,,,,,,,,,,,,,,,,,,Military PT 9,,,,,,,,,"(-0.4, 1.3, -1.0)",,,"(-12.7, 0.0, 5.6)",
VOICE_CAPTURE,455052,6/27/2026 10:20:19 AM,90eec047-676b-4d50-9684-e8707ca80941,2.0,,,,,,,,,,,,,,,,,,,,,,,,,,,,,,,,,,,,,,,,,,,,,,,,,,,NA,America.,
PLAYER_POSITIONS,455139,6/27/2026 10:20:19 AM,90eec047-676b-4d50-9684-e8707ca80941,2.0,,,,,,,,,,,,,,,,,,,,,,,,,,,,,,,,,,,"(-13.2, 0.9, 5.4)","(-13.1, 1.3, 4.9)","(-12.8, 0.7, 5.1)",
PLAYER_GAZE,455139,6/27/2026 10:20:19 AM,90eec047-676b-4d50-9684-e8707ca80941,2.0,,,,,,,,,,,,,,,,,,,,,,,,Military PT 9,,,,,,,,,"(-0.3, 1.3, -1.2)",,,"(-12.8, 0.0, 6.0)",
PLAYER_POSITIONS,455139,6/27/2026 10:20:19 AM,90eec047-676b-4d50-9684-e8707ca80941,2.0,,,,,,,,,,,,,,,,,,,,,,,,,,,,,,,,,,,"(-13.2, 0.9, 5.4)","(-13.1, 1.3, 4.9)","(-12.8, 0.7, 5.1)",
PLAYER_GAZE,455139,6/27/2026 10:20:19 AM,90eec047-676b-4d50-9684-e8707ca80941,2.0,,,,,,,,,,,,,,,,,,,,,,,,Military PT 9,,,,,,,,,"(-0.3, 1.3, -1.2)",,,"(-12.8, 0.0, 6.0)",
AUDIO_START,455456,6/27/2026 10:20:19 AM,90eec047-676b-4d50-9684-e8707ca80941,2.0,bravo engaging enemy,3.343673,
VOICE_CAPTURE,455519,6/27/2026 10:20:19 AM,90eec047-676b-4d50-9684-e8707ca80941,2.0,,,,,,,,,,,,,,,,,,,,,,,,,,,,,,,,,,,,,,,,,,,,,,,,,,,NA,America. Come on.,
PULSE_TAKEN,455649,6/27/2026 10:20:19 AM,90eec047-676b-4d50-9684-e8707ca80941,2.0,,,,,,,,,,,,,,,,,,,,,,,,Military PT 9,,,,pulse_faint,
PLAYER_POSITIONS,455655,6/27/2026 10:20:19 AM,90eec047-676b-4d50-9684-e8707ca80941,2.0,,,,,,,,,,,,,,,,,,,,,,,,,,,,,,,,,,,"(-13.0, 0.7, 5.7)","(-12.9, 1.2, 5.2)","(-12.7, 0.6, 5.4)",
PLAYER_GAZE,455655,6/27/2026 10:20:19 AM,90eec047-676b-4d50-9684-e8707ca80941,2.0,,,,,,,,,,,,,,,,,,,,,,,,Military PT 9,,,,,,,,,"(-0.4, 1.2, -1.0)",,,"(-12.5, 0.0, 6.2)",
PLAYER_POSITIONS,455655,6/27/2026 10:20:19 AM,90eec047-676b-4d50-9684-e8707ca80941,2.0,,,,,,,,,,,,,,,,,,,,,,,,,,,,,,,,,,,"(-13.0, 0.7, 5.7)","(-12.9, 1.2, 5.2)","(-12.7, 0.6, 5.4)",
PLAYER_GAZE,455655,6/27/2026 10:20:19 AM,90eec047-676b-4d50-9684-e8707ca80941,2.0,,,,,,,,,,,,,,,,,,,,,,,,Military PT 9,,,,,,,,,"(-0.4, 1.2, -1.0)",,,"(-12.5, 0.0, 6.2)",
VOICE_CAPTURE,456085,6/27/2026 10:20:20 AM,90eec047-676b-4d50-9684-e8707ca80941,2.0,,,,,,,,,,,,,,,,,,,,,,,,,,,,,,,,,,,,,,,,,,,,,,,,,,,NA,America. Come on.,
VOICE_CAPTURE,456085,6/27/2026 10:20:20 AM,90eec047-676b-4d50-9684-e8707ca80941,2.0,,,,,,,,,,,,,,,,,,,,,,,,,,,,,,,,,,,,,,,,,,,,,,,,,,,NA,America. Come on.,
DRAG_STOP,456087,6/27/2026 10:20:20 AM,90eec047-676b-4d50-9684-e8707ca80941,2.0,,,,,"(-12.7, 0.0, -1.8)","(-12.4, 0.0, 6.3)",,,,,,,,,,,,,,,,,,Military PT 9,
DRAG_STOP,456087,6/27/2026 10:20:20 AM,90eec047-676b-4d50-9684-e8707ca80941,2.0,,,,,"(-12.7, 0.0, -1.8)","(-12.4, 0.0, 6.3)",,,,,,,,,,,,,,,,,,Military PT 9,
PULSE_TAKEN,456104,6/27/2026 10:20:20 AM,90eec047-676b-4d50-9684-e8707ca80941,2.0,,,,,,,,,,,,,,,,,,,,,,,,Military PT 9,,,,pulse_faint,
DRAG_STOP,456113,6/27/2026 10:20:20 AM,90eec047-676b-4d50-9684-e8707ca80941,2.0,,,,,"(-12.7, 0.0, -1.8)","(-12.4, 0.0, 6.3)",,,,,,,,,,,,,,,,,,Military PT 9,
DRAG_STOP,456113,6/27/2026 10:20:20 AM,90eec047-676b-4d50-9684-e8707ca80941,2.0,,,,,"(-12.7, 0.0, -1.8)","(-12.4, 0.0, 6.3)",,,,,,,,,,,,,,,,,,Military PT 9,
PLAYER_POSITIONS,456174,6/27/2026 10:20:20 AM,90eec047-676b-4d50-9684-e8707ca80941,2.0,,,,,,,,,,,,,,,,,,,,,,,,,,,,,,,,,,,"(-12.9, 0.6, 5.9)","(-12.9, 1.1, 5.5)","(-12.7, 0.5, 5.7)",
PLAYER_GAZE,456174,6/27/2026 10:20:20 AM,90eec047-676b-4d50-9684-e8707ca80941,2.0,,,,,,,,,,,,,,,,,,,,,,,,Military PT 9,,,,,,,,,"(-0.5, 1.1, -0.8)",,,"(-12.4, 0.0, 6.3)",
PLAYER_POSITIONS,456174,6/27/2026 10:20:20 AM,90eec047-676b-4d50-9684-e8707ca80941,2.0,,,,,,,,,,,,,,,,,,,,,,,,,,,,,,,,,,,"(-12.9, 0.6, 5.9)","(-12.9, 1.1, 5.5)","(-12.7, 0.5, 5.7)",
PLAYER_GAZE,456174,6/27/2026 10:20:20 AM,90eec047-676b-4d50-9684-e8707ca80941,2.0,,,,,,,,,,,,,,,,,,,,,,,,Military PT 9,,,,,,,,,"(-0.5, 1.1, -0.8)",,,"(-12.4, 0.0, 6.3)",
PLAYER_POSITIONS,456675,6/27/2026 10:20:20 AM,90eec047-676b-4d50-9684-e8707ca80941,2.0,,,,,,,,,,,,,,,,,,,,,,,,,,,,,,,,,,,"(-13.0, 0.5, 5.5)","(-13.0, 1.3, 5.2)","(-12.7, 0.5, 5.0)",
PLAYER_GAZE,456675,6/27/2026 10:20:20 AM,90eec047-676b-4d50-9684-e8707ca80941,2.0,,,,,,,,,,,,,,,,,,,,,,,,Lifting NPC,,,,,,,,,"(-4.4, 1.3, 1.4)",,,"(-8.5, 0.0, 3.8)",
PLAYER_POSITIONS,456675,6/27/2026 10:20:20 AM,90eec047-676b-4d50-9684-e8707ca80941,2.0,,,,,,,,,,,,,,,,,,,,,,,,,,,,,,,,,,,"(-13.0, 0.5, 5.5)","(-13.0, 1.3, 5.2)","(-12.7, 0.5, 5.0)",
PLAYER_GAZE,456675,6/27/2026 10:20:20 AM,90eec047-676b-4d50-9684-e8707ca80941,2.0,,,,,,,,,,,,,,,,,,,,,,,,Lifting NPC,,,,,,,,,"(-4.4, 1.3, 1.4)",,,"(-8.5, 0.0, 3.8)",
PLAYER_POSITIONS,457187,6/27/2026 10:20:21 AM,90eec047-676b-4d50-9684-e8707ca80941,2.0,,,,,,,,,,,,,,,,,,,,,,,,,,,,,,,,,,,"(-12.3, 0.5, 5.2)","(-12.4, 1.3, 5.0)","(-12.1, 0.6, 4.8)",
PLAYER_GAZE,457187,6/27/2026 10:20:21 AM,90eec047-676b-4d50-9684-e8707ca80941,2.0,,,,,,,,,,,,,,,,,,,,,,,,Lifting NPC,,,,,,,,,"(-3.8, 1.3, 1.3)",,,"(-8.5, 0.0, 3.8)",
PLAYER_POSITIONS,457187,6/27/2026 10:20:21 AM,90eec047-676b-4d50-9684-e8707ca80941,2.0,,,,,,,,,,,,,,,,,,,,,,,,,,,,,,,,,,,"(-12.3, 0.5, 5.2)","(-12.4, 1.3, 5.0)","(-12.1, 0.6, 4.8)",
PLAYER_GAZE,457187,6/27/2026 10:20:21 AM,90eec047-676b-4d50-9684-e8707ca80941,2.0,,,,,,,,,,,,,,,,,,,,,,,,Lifting NPC,,,,,,,,,"(-3.8, 1.3, 1.3)",,,"(-8.5, 0.0, 3.8)",
PLAYER_POSITIONS,457697,6/27/2026 10:20:21 AM,90eec047-676b-4d50-9684-e8707ca80941,2.0,,,,,,,,,,,,,,,,,,,,,,,,,,,,,,,,,,,"(-11.4, 0.6, 4.7)","(-11.5, 1.3, 4.5)","(-11.2, 0.7, 4.2)",
PLAYER_POSITIONS,457697,6/27/2026 10:20:21 AM,90eec047-676b-4d50-9684-e8707ca80941,2.0,,,,,,,,,,,,,,,,,,,,,,,,,,,,,,,,,,,"(-11.4, 0.6, 4.7)","(-11.5, 1.3, 4.5)","(-11.2, 0.7, 4.2)",
PATIENT_DISENGAGED,457829,6/27/2026 10:20:21 AM,90eec047-676b-4d50-9684-e8707ca80941,2.0,,,,12.21,,,,,,,,,,,,,,,,normal,100,Infinity,normal,Military PT 9,unresponsive,supine,"(-12.3, 0.0, 6.3)",faint,"(0.0, 0.0, 0.0, -1.0)",normal,EXPECTANT,still,,,,,,,,,,,,,,,,,32.76,
PLAYER_POSITIONS,458207,6/27/2026 10:20:22 AM,90eec047-676b-4d50-9684-e8707ca80941,2.0,,,,,,,,,,,,,,,,,,,,,,,,,,,,,,,,,,,"(-10.5, 0.6, 4.2)","(-10.8, 1.3, 4.0)","(-10.5, 0.7, 3.7)",
PLAYER_POSITIONS,458207,6/27/2026 10:20:22 AM,90eec047-676b-4d50-9684-e8707ca80941,2.0,,,,,,,,,,,,,,,,,,,,,,,,,,,,,,,,,,,"(-10.5, 0.6, 4.2)","(-10.8, 1.3, 4.0)","(-10.5, 0.7, 3.7)",
VOICE_CAPTURE,458617,6/27/2026 10:20:22 AM,90eec047-676b-4d50-9684-e8707ca80941,2.0,,,,,,,,,,,,,,,,,,,,,,,,,,,,,,,,,,,,,,,,,,,,,,,,,,,NA,Okay.,
PLAYER_POSITIONS,458726,6/27/2026 10:20:22 AM,90eec047-676b-4d50-9684-e8707ca80941,2.0,,,,,,,,,,,,,,,,,,,,,,,,,,,,,,,,,,,"(-9.8, 0.6, 3.7)","(-10.0, 1.3, 3.6)","(-9.7, 0.6, 3.4)",
PLAYER_POSITIONS,458726,6/27/2026 10:20:22 AM,90eec047-676b-4d50-9684-e8707ca80941,2.0,,,,,,,,,,,,,,,,,,,,,,,,,,,,,,,,,,,"(-9.8, 0.6, 3.7)","(-10.0, 1.3, 3.6)","(-9.7, 0.6, 3.4)",
AUDIO_END,458827,6/27/2026 10:20:22 AM,90eec047-676b-4d50-9684-e8707ca80941,2.0,bravo engaging enemy,3.343673,
NARRATIVE_SECTION_END,458827,6/27/2026 10:20:22 AM,90eec047-676b-4d50-9684-e8707ca80941,2.0,,,,,,,,,,,,,,,,,,Bravo engaging enemy,51,
NARRATIVE_SECTION_START,458867,6/27/2026 10:20:22 AM,90eec047-676b-4d50-9684-e8707ca80941,2.0,,,,,,,,,,,,,,,,,,Enemy in structure,52,
VOICE_CAPTURE,459082,6/27/2026 10:20:23 AM,90eec047-676b-4d50-9684-e8707ca80941,2.0,,,,,,,,,,,,,,,,,,,,,,,,,,,,,,,,,,,,,,,,,,,,,,,,,,,NA,Okay.,
PLAYER_POSITIONS,459237,6/27/2026 10:20:23 AM,90eec047-676b-4d50-9684-e8707ca80941,2.0,,,,,,,,,,,,,,,,,,,,,,,,,,,,,,,,,,,"(-9.0, 0.6, 3.6)","(-9.2, 1.3, 3.4)","(-8.9, 0.6, 3.3)",
PLAYER_GAZE,459237,6/27/2026 10:20:23 AM,90eec047-676b-4d50-9684-e8707ca80941,2.0,,,,,,,,,,,,,,,,,,,,,,,,Military PT 1,,,,,,,,,"(-2.4, 1.3, 1.3)",,,"(-6.8, 0.0, 2.1)",
PLAYER_POSITIONS,459237,6/27/2026 10:20:23 AM,90eec047-676b-4d50-9684-e8707ca80941,2.0,,,,,,,,,,,,,,,,,,,,,,,,,,,,,,,,,,,"(-9.0, 0.6, 3.6)","(-9.2, 1.3, 3.4)","(-8.9, 0.6, 3.3)",
PLAYER_GAZE,459237,6/27/2026 10:20:23 AM,90eec047-676b-4d50-9684-e8707ca80941,2.0,,,,,,,,,,,,,,,,,,,,,,,,Military PT 1,,,,,,,,,"(-2.4, 1.3, 1.3)",,,"(-6.8, 0.0, 2.1)",
VOICE_CAPTURE,459621,6/27/2026 10:20:23 AM,90eec047-676b-4d50-9684-e8707ca80941,2.0,,,,,,,,,,,,,,,,,,,,,,,,,,,,,,,,,,,,,,,,,,,,,,,,,,,NA,"Okay, you...",
PLAYER_POSITIONS,459757,6/27/2026 10:20:23 AM,90eec047-676b-4d50-9684-e8707ca80941,2.0,,,,,,,,,,,,,,,,,,,,,,,,,,,,,,,,,,,"(-8.3, 0.5, 3.0)","(-8.5, 1.2, 2.8)","(-8.2, 0.5, 2.5)",
PLAYER_GAZE,459757,6/27/2026 10:20:23 AM,90eec047-676b-4d50-9684-e8707ca80941,2.0,,,,,,,,,,,,,,,,,,,,,,,,Military PT 1,,,,,,,,,"(-1.7, 1.2, 0.7)",,,"(-6.8, 0.0, 2.1)",
PLAYER_POSITIONS,459757,6/27/2026 10:20:23 AM,90eec047-676b-4d50-9684-e8707ca80941,2.0,,,,,,,,,,,,,,,,,,,,,,,,,,,,,,,,,,,"(-8.3, 0.5, 3.0)","(-8.5, 1.2, 2.8)","(-8.2, 0.5, 2.5)",
PLAYER_GAZE,459757,6/27/2026 10:20:23 AM,90eec047-676b-4d50-9684-e8707ca80941,2.0,,,,,,,,,,,,,,,,,,,,,,,,Military PT 1,,,,,,,,,"(-1.7, 1.2, 0.7)",,,"(-6.8, 0.0, 2.1)",
PATIENT_ENGAGED,459942,6/27/2026 10:20:24 AM,90eec047-676b-4d50-9684-e8707ca80941,2.0,,,,0,,,,,,,,,,,,,,,,normal,100,Infinity,normal,Military PT 1,unresponsive,supine,"(-6.8, -0.1, 2.1)",faint,"(0.0, 0.3, 0.0, 1.0)",normal,IMMEDIATE,still,,,,,,,,,,,,,,,,,22.63,
VOICE_CAPTURE,460043,6/27/2026 10:20:24 AM,90eec047-676b-4d50-9684-e8707ca80941,2.0,,,,,,,,,,,,,,,,,,,,,,,,,,,,,,,,,,,,,,,,,,,,,,,,,,,NA,"Okay, you... Okay, you",
PLAYER_POSITIONS,460265,6/27/2026 10:20:24 AM,90eec047-676b-4d50-9684-e8707ca80941,2.0,,,,,,,,,,,,,,,,,,,,,,,,,,,,,,,,,,,"(-7.7, 0.5, 2.4)","(-7.9, 1.2, 2.2)","(-7.6, 0.5, 2.0)",
PLAYER_POSITIONS,460265,6/27/2026 10:20:24 AM,90eec047-676b-4d50-9684-e8707ca80941,2.0,,,,,,,,,,,,,,,,,,,,,,,,,,,,,,,,,,,"(-7.7, 0.5, 2.4)","(-7.9, 1.2, 2.2)","(-7.6, 0.5, 2.0)",
VOICE_CAPTURE,460553,6/27/2026 10:20:24 AM,90eec047-676b-4d50-9684-e8707ca80941,2.0,,,,,,,,,,,,,,,,,,,,,,,,,,,,,,,,,,,,,,,,,,,,,,,,,,,NA,"Okay, you... Okay, you",
VOICE_CAPTURE,460553,6/27/2026 10:20:24 AM,90eec047-676b-4d50-9684-e8707ca80941,2.0,,,,,,,,,,,,,,,,,,,,,,,,,,,,,,,,,,,,,,,,,,,,,,,,,,,NA,"Okay, you... Okay, you",
PLAYER_POSITIONS,460775,6/27/2026 10:20:24 AM,90eec047-676b-4d50-9684-e8707ca80941,2.0,,,,,,,,,,,,,,,,,,,,,,,,,,,,,,,,,,,"(-7.1, 0.5, 2.1)","(-7.3, 1.2, 1.8)","(-7.2, 0.7, 1.5)",
PLAYER_POSITIONS,460775,6/27/2026 10:20:24 AM,90eec047-676b-4d50-9684-e8707ca80941,2.0,,,,,,,,,,,,,,,,,,,,,,,,,,,,,,,,,,,"(-7.1, 0.5, 2.1)","(-7.3, 1.2, 1.8)","(-7.2, 0.7, 1.5)",
PLAYER_POSITIONS,461285,6/27/2026 10:20:25 AM,90eec047-676b-4d50-9684-e8707ca80941,2.0,,,,,,,,,,,,,,,,,,,,,,,,,,,,,,,,,,,"(-6.8, 0.4, 1.6)","(-6.9, 1.1, 1.3)","(-6.9, 0.7, 1.1)",
PLAYER_POSITIONS,461285,6/27/2026 10:20:25 AM,90eec047-676b-4d50-9684-e8707ca80941,2.0,,,,,,,,,,,,,,,,,,,,,,,,,,,,,,,,,,,"(-6.8, 0.4, 1.6)","(-6.9, 1.1, 1.3)","(-6.9, 0.7, 1.1)",
PLAYER_POSITIONS,461788,6/27/2026 10:20:25 AM,90eec047-676b-4d50-9684-e8707ca80941,2.0,,,,,,,,,,,,,,,,,,,,,,,,,,,,,,,,,,,"(-6.9, 0.3, 1.7)","(-7.0, 1.1, 1.4)","(-7.1, 0.3, 0.9)",
PLAYER_POSITIONS,461788,6/27/2026 10:20:25 AM,90eec047-676b-4d50-9684-e8707ca80941,2.0,,,,,,,,,,,,,,,,,,,,,,,,,,,,,,,,,,,"(-6.9, 0.3, 1.7)","(-7.0, 1.1, 1.4)","(-7.1, 0.3, 0.9)",
VOICE_CAPTURE,462144,6/27/2026 10:20:26 AM,90eec047-676b-4d50-9684-e8707ca80941,2.0,,,,,,,,,,,,,,,,,,,,,,,,,,,,,,,,,,,,,,,,,,,,,,,,,,,NA,shit.,
PLAYER_POSITIONS,462298,6/27/2026 10:20:26 AM,90eec047-676b-4d50-9684-e8707ca80941,2.0,,,,,,,,,,,,,,,,,,,,,,,,,,,,,,,,,,,"(-7.0, 0.3, 1.8)","(-7.1, 1.0, 1.3)","(-7.1, 0.6, 0.8)",
PLAYER_POSITIONS,462298,6/27/2026 10:20:26 AM,90eec047-676b-4d50-9684-e8707ca80941,2.0,,,,,,,,,,,,,,,,,,,,,,,,,,,,,,,,,,,"(-7.0, 0.3, 1.8)","(-7.1, 1.0, 1.3)","(-7.1, 0.6, 0.8)",
TOOL_HOVER,462385,6/27/2026 10:20:26 AM,90eec047-676b-4d50-9684-e8707ca80941,2.0,,,,,,,,,,,,,,,,,,,,,,,,,,,,,,,,,,,,,,,,,,,,,,998,,Nasal Airway,
TOOL_SELECTED,462563,6/27/2026 10:20:26 AM,90eec047-676b-4d50-9684-e8707ca80941,2.0,,,,,,,,,,,,,,,,,,,,,,,,,,,,,,,,,,,,,,,,,,,,,,997,,Nasal Airway,
VOICE_CAPTURE,462567,6/27/2026 10:20:26 AM,90eec047-676b-4d50-9684-e8707ca80941,2.0,,,,,,,,,,,,,,,,,,,,,,,,,,,,,,,,,,,,,,,,,,,,,,,,,,,NA,shit. Shit.,
PLAYER_POSITIONS,462810,6/27/2026 10:20:26 AM,90eec047-676b-4d50-9684-e8707ca80941,2.0,,,,,,,,,,,,,,,,,,,,,,,,,,,,,,,,,,,"(-7.0, 0.3, 1.7)","(-7.0, 1.0, 1.3)","(-7.0, 0.5, 0.9)",
PLAYER_POSITIONS,462810,6/27/2026 10:20:26 AM,90eec047-676b-4d50-9684-e8707ca80941,2.0,,,,,,,,,,,,,,,,,,,,,,,,,,,,,,,,,,,"(-7.0, 0.3, 1.7)","(-7.0, 1.0, 1.3)","(-7.0, 0.5, 0.9)",
VOICE_CAPTURE,463070,6/27/2026 10:20:27 AM,90eec047-676b-4d50-9684-e8707ca80941,2.0,,,,,,,,,,,,,,,,,,,,,,,,,,,,,,,,,,,,,,,,,,,,,,,,,,,NA,shit. Shit.,
VOICE_CAPTURE,463070,6/27/2026 10:20:27 AM,90eec047-676b-4d50-9684-e8707ca80941,2.0,,,,,,,,,,,,,,,,,,,,,,,,,,,,,,,,,,,,,,,,,,,,,,,,,,,NA,shit. Shit.,
PLAYER_POSITIONS,463313,6/27/2026 10:20:27 AM,90eec047-676b-4d50-9684-e8707ca80941,2.0,,,,,,,,,,,,,,,,,,,,,,,,,,,,,,,,,,,"(-7.1, 0.3, 1.7)","(-6.8, 0.9, 1.3)","(-6.6, 0.1, 1.2)",
PLAYER_POSITIONS,463313,6/27/2026 10:20:27 AM,90eec047-676b-4d50-9684-e8707ca80941,2.0,,,,,,,,,,,,,,,,,,,,,,,,,,,,,,,,,,,"(-7.1, 0.3, 1.7)","(-6.8, 0.9, 1.3)","(-6.6, 0.1, 1.2)",
TOOL_APPLIED,463504,6/27/2026 10:20:27 AM,90eec047-676b-4d50-9684-e8707ca80941,2.0,,,,,,,,,,,,,,,,,,,,,,,,Military PT 1,,,,,,,,,,,,,,,,,,,,AppliedTrumpet,tubeGuide_used (UnityEngine.GameObject),,Nasal Trumpet(Clone) (UnityEngine.GameObject),Nasal Airway,
PLAYER_POSITIONS,463825,6/27/2026 10:20:27 AM,90eec047-676b-4d50-9684-e8707ca80941,2.0,,,,,,,,,,,,,,,,,,,,,,,,,,,,,,,,,,,"(-7.0, 0.3, 1.7)","(-6.8, 0.9, 1.3)","(-6.8, 0.2, 1.3)",
PLAYER_POSITIONS,463825,6/27/2026 10:20:27 AM,90eec047-676b-4d50-9684-e8707ca80941,2.0,,,,,,,,,,,,,,,,,,,,,,,,,,,,,,,,,,,"(-7.0, 0.3, 1.7)","(-6.8, 0.9, 1.3)","(-6.8, 0.2, 1.3)",
PLAYER_POSITIONS,464335,6/27/2026 10:20:28 AM,90eec047-676b-4d50-9684-e8707ca80941,2.0,,,,,,,,,,,,,,,,,,,,,,,,,,,,,,,,,,,"(-6.6, 0.2, 1.4)","(-6.8, 0.9, 1.5)","(-6.7, 0.1, 1.3)",
PLAYER_POSITIONS,464335,6/27/2026 10:20:28 AM,90eec047-676b-4d50-9684-e8707ca80941,2.0,,,,,,,,,,,,,,,,,,,,,,,,,,,,,,,,,,,"(-6.6, 0.2, 1.4)","(-6.8, 0.9, 1.5)","(-6.7, 0.1, 1.3)",
BAG_CLOSED,464377,6/27/2026 10:20:28 AM,90eec047-676b-4d50-9684-e8707ca80941,2.0,,,,,,,,,,,,,,,,,,,,,,,,,,,,,,,,,,,,"(0.0, 0.0, 0.0)",
PLAYER_POSITIONS,464847,6/27/2026 10:20:28 AM,90eec047-676b-4d50-9684-e8707ca80941,2.0,,,,,,,,,,,,,,,,,,,,,,,,,,,,,,,,,,,"(-6.7, 0.3, 1.9)","(-6.8, 1.1, 1.8)","(-6.7, 0.3, 1.8)",
PLAYER_GAZE,464847,6/27/2026 10:20:28 AM,90eec047-676b-4d50-9684-e8707ca80941,2.0,,,,,,,,,,,,,,,,,,,,,,,,Military PT 1,,,,,,,,,"(0.0, 1.1, -0.2)",,,"(-6.8, 0.0, 2.1)",
PLAYER_POSITIONS,464847,6/27/2026 10:20:28 AM,90eec047-676b-4d50-9684-e8707ca80941,2.0,,,,,,,,,,,,,,,,,,,,,,,,,,,,,,,,,,,"(-6.7, 0.3, 1.9)","(-6.8, 1.1, 1.8)","(-6.7, 0.3, 1.8)",
PLAYER_GAZE,464847,6/27/2026 10:20:28 AM,90eec047-676b-4d50-9684-e8707ca80941,2.0,,,,,,,,,,,,,,,,,,,,,,,,Military PT 1,,,,,,,,,"(0.0, 1.1, -0.2)",,,"(-6.8, 0.0, 2.1)",
DRAG_START,465294,6/27/2026 10:20:29 AM,90eec047-676b-4d50-9684-e8707ca80941,2.0,,,,,"(-6.8, 0.0, 2.1)",,,,,,,,,,,,,,,,,,,Military PT 1,
PULSE_TAKEN,465355,6/27/2026 10:20:29 AM,90eec047-676b-4d50-9684-e8707ca80941,2.0,,,,,,,,,,,,,,,,,,,,,,,,Military PT 1,,,,pulse_faint,
PLAYER_POSITIONS,465364,6/27/2026 10:20:29 AM,90eec047-676b-4d50-9684-e8707ca80941,2.0,,,,,,,,,,,,,,,,,,,,,,,,,,,,,,,,,,,"(-6.7, 0.4, 1.7)","(-6.7, 0.9, 1.5)","(-6.8, 0.2, 1.3)",
PLAYER_POSITIONS,465364,6/27/2026 10:20:29 AM,90eec047-676b-4d50-9684-e8707ca80941,2.0,,,,,,,,,,,,,,,,,,,,,,,,,,,,,,,,,,,"(-6.7, 0.4, 1.7)","(-6.7, 0.9, 1.5)","(-6.8, 0.2, 1.3)",
DRAG_START,465365,6/27/2026 10:20:29 AM,90eec047-676b-4d50-9684-e8707ca80941,2.0,,,,,"(-6.8, 0.0, 2.1)",,,,,,,,,,,,,,,,,,,Military PT 1,
PULSE_TAKEN,465398,6/27/2026 10:20:29 AM,90eec047-676b-4d50-9684-e8707ca80941,2.0,,,,,,,,,,,,,,,,,,,,,,,,Military PT 1,,,,pulse_faint,
DRAG_STOP,465426,6/27/2026 10:20:29 AM,90eec047-676b-4d50-9684-e8707ca80941,2.0,,,,,"(-6.8, 0.0, 2.1)","(-6.8, 0.0, 2.0)",,,,,,,,,,,,,,,,,,Military PT 1,
EVAC_RADIO_ALERT,465477,6/27/2026 10:20:29 AM,90eec047-676b-4d50-9684-e8707ca80941,2.0,,,,,,,,1,
AUDIO_START,465483,6/27/2026 10:20:29 AM,90eec047-676b-4d50-9684-e8707ca80941,2.0,evac in 3 minutes,5.172245,
DRAG_STOP,465559,6/27/2026 10:20:29 AM,90eec047-676b-4d50-9684-e8707ca80941,2.0,,,,,"(-6.8, 0.0, 2.1)","(-6.7, 0.0, 1.8)",,,,,,,,,,,,,,,,,,Military PT 1,
DRAG_STOP,465559,6/27/2026 10:20:29 AM,90eec047-676b-4d50-9684-e8707ca80941,2.0,,,,,"(-6.8, 0.0, 2.1)","(-6.7, 0.0, 1.8)",,,,,,,,,,,,,,,,,,Military PT 1,
PULSE_TAKEN,465800,6/27/2026 10:20:29 AM,90eec047-676b-4d50-9684-e8707ca80941,2.0,,,,,,,,,,,,,,,,,,,,,,,,Military PT 1,,,,pulse_faint,
PLAYER_POSITIONS,465870,6/27/2026 10:20:29 AM,90eec047-676b-4d50-9684-e8707ca80941,2.0,,,,,,,,,,,,,,,,,,,,,,,,,,,,,,,,,,,"(-6.7, 0.2, 1.3)","(-6.7, 0.8, 1.3)","(-6.8, 0.1, 1.2)",
PLAYER_POSITIONS,465870,6/27/2026 10:20:29 AM,90eec047-676b-4d50-9684-e8707ca80941,2.0,,,,,,,,,,,,,,,,,,,,,,,,,,,,,,,,,,,"(-6.7, 0.2, 1.3)","(-6.7, 0.8, 1.3)","(-6.8, 0.1, 1.2)",
DRAG_START,466061,6/27/2026 10:20:30 AM,90eec047-676b-4d50-9684-e8707ca80941,2.0,,,,,"(-6.7, 0.0, 1.8)",,,,,,,,,,,,,,,,,,,Military PT 1,
DRAG_START,466082,6/27/2026 10:20:30 AM,90eec047-676b-4d50-9684-e8707ca80941,2.0,,,,,"(-6.7, 0.0, 1.8)",,,,,,,,,,,,,,,,,,,Military PT 1,
PLAYER_POSITIONS,466392,6/27/2026 10:20:30 AM,90eec047-676b-4d50-9684-e8707ca80941,2.0,,,,,,,,,,,,,,,,,,,,,,,,,,,,,,,,,,,"(-6.7, 0.3, 1.9)","(-6.8, 1.0, 1.7)","(-6.7, 0.3, 1.8)",
PLAYER_POSITIONS,466392,6/27/2026 10:20:30 AM,90eec047-676b-4d50-9684-e8707ca80941,2.0,,,,,,,,,,,,,,,,,,,,,,,,,,,,,,,,,,,"(-6.7, 0.3, 1.9)","(-6.8, 1.0, 1.7)","(-6.7, 0.3, 1.8)",
PULSE_TAKEN,466522,6/27/2026 10:20:30 AM,90eec047-676b-4d50-9684-e8707ca80941,2.0,,,,,,,,,,,,,,,,,,,,,,,,Military PT 1,,,,pulse_faint,
PULSE_TAKEN,466620,6/27/2026 10:20:30 AM,90eec047-676b-4d50-9684-e8707ca80941,2.0,,,,,,,,,,,,,,,,,,,,,,,,Military PT 1,,,,pulse_faint,
PLAYER_POSITIONS,466892,6/27/2026 10:20:30 AM,90eec047-676b-4d50-9684-e8707ca80941,2.0,,,,,,,,,,,,,,,,,,,,,,,,,,,,,,,,,,,"(-7.6, 0.6, 2.6)","(-7.6, 1.1, 2.2)","(-7.4, 0.6, 2.5)",
PLAYER_POSITIONS,466892,6/27/2026 10:20:30 AM,90eec047-676b-4d50-9684-e8707ca80941,2.0,,,,,,,,,,,,,,,,,,,,,,,,,,,,,,,,,,,"(-7.6, 0.6, 2.6)","(-7.6, 1.1, 2.2)","(-7.4, 0.6, 2.5)",
PLAYER_POSITIONS,467404,6/27/2026 10:20:31 AM,90eec047-676b-4d50-9684-e8707ca80941,2.0,,,,,,,,,,,,,,,,,,,,,,,,,,,,,,,,,,,"(-8.2, 0.7, 2.6)","(-7.9, 1.1, 2.2)","(-8.0, 0.7, 2.6)",
PLAYER_POSITIONS,467404,6/27/2026 10:20:31 AM,90eec047-676b-4d50-9684-e8707ca80941,2.0,,,,,,,,,,,,,,,,,,,,,,,,,,,,,,,,,,,"(-8.2, 0.7, 2.6)","(-7.9, 1.1, 2.2)","(-8.0, 0.7, 2.6)",
PLAYER_POSITIONS,467927,6/27/2026 10:20:32 AM,90eec047-676b-4d50-9684-e8707ca80941,2.0,,,,,,,,,,,,,,,,,,,,,,,,,,,,,,,,,,,"(-8.7, 0.8, 2.8)","(-8.4, 1.1, 2.3)","(-8.4, 0.7, 2.8)",
PLAYER_GAZE,467927,6/27/2026 10:20:32 AM,90eec047-676b-4d50-9684-e8707ca80941,2.0,,,,,,,,,,,,,,,,,,,,,,,,Military PT 6,,,,,,,,,"(1.5, 1.1, -2.5)",,,"(-9.9, 0.0, 4.8)",
PLAYER_POSITIONS,467927,6/27/2026 10:20:32 AM,90eec047-676b-4d50-9684-e8707ca80941,2.0,,,,,,,,,,,,,,,,,,,,,,,,,,,,,,,,,,,"(-8.7, 0.8, 2.8)","(-8.4, 1.1, 2.3)","(-8.4, 0.7, 2.8)",
PLAYER_GAZE,467927,6/27/2026 10:20:32 AM,90eec047-676b-4d50-9684-e8707ca80941,2.0,,,,,,,,,,,,,,,,,,,,,,,,Military PT 6,,,,,,,,,"(1.5, 1.1, -2.5)",,,"(-9.9, 0.0, 4.8)",
PLAYER_POSITIONS,468434,6/27/2026 10:20:32 AM,90eec047-676b-4d50-9684-e8707ca80941,2.0,,,,,,,,,,,,,,,,,,,,,,,,,,,,,,,,,,,"(-9.1, 0.7, 3.0)","(-8.8, 1.1, 2.5)","(-8.8, 0.6, 2.9)",
PLAYER_POSITIONS,468434,6/27/2026 10:20:32 AM,90eec047-676b-4d50-9684-e8707ca80941,2.0,,,,,,,,,,,,,,,,,,,,,,,,,,,,,,,,,,,"(-9.1, 0.7, 3.0)","(-8.8, 1.1, 2.5)","(-8.8, 0.6, 2.9)",
PLAYER_POSITIONS,468951,6/27/2026 10:20:33 AM,90eec047-676b-4d50-9684-e8707ca80941,2.0,,,,,,,,,,,,,,,,,,,,,,,,,,,,,,,,,,,"(-9.4, 0.6, 3.2)","(-9.1, 1.1, 2.7)","(-9.1, 0.6, 3.1)",
PLAYER_POSITIONS,468951,6/27/2026 10:20:33 AM,90eec047-676b-4d50-9684-e8707ca80941,2.0,,,,,,,,,,,,,,,,,,,,,,,,,,,,,,,,,,,"(-9.4, 0.6, 3.2)","(-9.1, 1.1, 2.7)","(-9.1, 0.6, 3.1)",
PLAYER_POSITIONS,469455,6/27/2026 10:20:33 AM,90eec047-676b-4d50-9684-e8707ca80941,2.0,,,,,,,,,,,,,,,,,,,,,,,,,,,,,,,,,,,"(-9.6, 0.8, 3.5)","(-9.4, 1.2, 3.0)","(-9.4, 0.7, 3.4)",
PLAYER_GAZE,469455,6/27/2026 10:20:33 AM,90eec047-676b-4d50-9684-e8707ca80941,2.0,,,,,,,,,,,,,,,,,,,,,,,,Military PT 5,,,,,,,,,"(1.4, 1.2, -0.5)",,,"(-10.8, 0.0, 3.5)",
PLAYER_POSITIONS,469455,6/27/2026 10:20:33 AM,90eec047-676b-4d50-9684-e8707ca80941,2.0,,,,,,,,,,,,,,,,,,,,,,,,,,,,,,,,,,,"(-9.6, 0.8, 3.5)","(-9.4, 1.2, 3.0)","(-9.4, 0.7, 3.4)",
PLAYER_GAZE,469455,6/27/2026 10:20:33 AM,90eec047-676b-4d50-9684-e8707ca80941,2.0,,,,,,,,,,,,,,,,,,,,,,,,Military PT 5,,,,,,,,,"(1.4, 1.2, -0.5)",,,"(-10.8, 0.0, 3.5)",
PLAYER_POSITIONS,469964,6/27/2026 10:20:34 AM,90eec047-676b-4d50-9684-e8707ca80941,2.0,,,,,,,,,,,,,,,,,,,,,,,,,,,,,,,,,,,"(-9.9, 0.7, 3.6)","(-9.7, 1.2, 3.1)","(-9.7, 0.7, 3.6)",
PLAYER_GAZE,469965,6/27/2026 10:20:34 AM,90eec047-676b-4d50-9684-e8707ca80941,2.0,,,,,,,,,,,,,,,,,,,,,,,,Military PT 5,,,,,,,,,"(1.1, 1.2, -0.4)",,,"(-10.8, 0.0, 3.5)",
PLAYER_POSITIONS,469964,6/27/2026 10:20:34 AM,90eec047-676b-4d50-9684-e8707ca80941,2.0,,,,,,,,,,,,,,,,,,,,,,,,,,,,,,,,,,,"(-9.9, 0.7, 3.6)","(-9.7, 1.2, 3.1)","(-9.7, 0.7, 3.6)",
PLAYER_GAZE,469965,6/27/2026 10:20:34 AM,90eec047-676b-4d50-9684-e8707ca80941,2.0,,,,,,,,,,,,,,,,,,,,,,,,Military PT 5,,,,,,,,,"(1.1, 1.2, -0.4)",,,"(-10.8, 0.0, 3.5)",
PLAYER_POSITIONS,470488,6/27/2026 10:20:34 AM,90eec047-676b-4d50-9684-e8707ca80941,2.0,,,,,,,,,,,,,,,,,,,,,,,,,,,,,,,,,,,"(-10.2, 0.7, 3.8)","(-10.0, 1.2, 3.4)","(-10.0, 0.7, 3.8)",
PLAYER_GAZE,470488,6/27/2026 10:20:34 AM,90eec047-676b-4d50-9684-e8707ca80941,2.0,,,,,,,,,,,,,,,,,,,,,,,,Military PT 5,,,,,,,,,"(0.7, 1.2, -0.2)",,,"(-10.8, 0.0, 3.5)",
PLAYER_POSITIONS,470488,6/27/2026 10:20:34 AM,90eec047-676b-4d50-9684-e8707ca80941,2.0,,,,,,,,,,,,,,,,,,,,,,,,,,,,,,,,,,,"(-10.2, 0.7, 3.8)","(-10.0, 1.2, 3.4)","(-10.0, 0.7, 3.8)",
PLAYER_GAZE,470488,6/27/2026 10:20:34 AM,90eec047-676b-4d50-9684-e8707ca80941,2.0,,,,,,,,,,,,,,,,,,,,,,,,Military PT 5,,,,,,,,,"(0.7, 1.2, -0.2)",,,"(-10.8, 0.0, 3.5)",
AUDIO_END,470665,6/27/2026 10:20:34 AM,90eec047-676b-4d50-9684-e8707ca80941,2.0,evac in 3 minutes,5.172245,
AUDIO_START,470873,6/27/2026 10:20:34 AM,90eec047-676b-4d50-9684-e8707ca80941,2.0,enemy in structure,6.138775,
PULSE_TAKEN,470929,6/27/2026 10:20:35 AM,90eec047-676b-4d50-9684-e8707ca80941,2.0,,,,,,,,,,,,,,,,,,,,,,,,Military PT 1,,,,pulse_faint,
PLAYER_POSITIONS,470998,6/27/2026 10:20:35 AM,90eec047-676b-4d50-9684-e8707ca80941,2.0,,,,,,,,,,,,,,,,,,,,,,,,,,,,,,,,,,,"(-10.5, 0.6, 4.0)","(-10.3, 1.2, 3.7)","(-10.3, 0.6, 4.1)",
PLAYER_GAZE,470998,6/27/2026 10:20:35 AM,90eec047-676b-4d50-9684-e8707ca80941,2.0,,,,,,,,,,,,,,,,,,,,,,,,Military PT 5,,,,,,,,,"(0.5, 1.2, 0.2)",,,"(-10.8, 0.0, 3.5)",
PLAYER_POSITIONS,470998,6/27/2026 10:20:35 AM,90eec047-676b-4d50-9684-e8707ca80941,2.0,,,,,,,,,,,,,,,,,,,,,,,,,,,,,,,,,,,"(-10.5, 0.6, 4.0)","(-10.3, 1.2, 3.7)","(-10.3, 0.6, 4.1)",
PLAYER_GAZE,470998,6/27/2026 10:20:35 AM,90eec047-676b-4d50-9684-e8707ca80941,2.0,,,,,,,,,,,,,,,,,,,,,,,,Military PT 5,,,,,,,,,"(0.5, 1.2, 0.2)",,,"(-10.8, 0.0, 3.5)",
PLAYER_POSITIONS,471498,6/27/2026 10:20:35 AM,90eec047-676b-4d50-9684-e8707ca80941,2.0,,,,,,,,,,,,,,,,,,,,,,,,,,,,,,,,,,,"(-10.7, 0.5, 4.3)","(-10.5, 1.2, 4.1)","(-10.5, 0.5, 4.4)",
PLAYER_POSITIONS,471498,6/27/2026 10:20:35 AM,90eec047-676b-4d50-9684-e8707ca80941,2.0,,,,,,,,,,,,,,,,,,,,,,,,,,,,,,,,,,,"(-10.7, 0.5, 4.3)","(-10.5, 1.2, 4.1)","(-10.5, 0.5, 4.4)",
PLAYER_POSITIONS,472002,6/27/2026 10:20:36 AM,90eec047-676b-4d50-9684-e8707ca80941,2.0,,,,,,,,,,,,,,,,,,,,,,,,,,,,,,,,,,,"(-10.9, 0.5, 4.6)","(-10.7, 1.2, 4.3)","(-10.7, 0.5, 4.6)",
PLAYER_POSITIONS,472002,6/27/2026 10:20:36 AM,90eec047-676b-4d50-9684-e8707ca80941,2.0,,,,,,,,,,,,,,,,,,,,,,,,,,,,,,,,,,,"(-10.9, 0.5, 4.6)","(-10.7, 1.2, 4.3)","(-10.7, 0.5, 4.6)",
PLAYER_POSITIONS,472525,6/27/2026 10:20:36 AM,90eec047-676b-4d50-9684-e8707ca80941,2.0,,,,,,,,,,,,,,,,,,,,,,,,,,,,,,,,,,,"(-11.2, 0.5, 4.8)","(-11.0, 1.1, 4.5)","(-11.0, 0.5, 4.7)",
PLAYER_POSITIONS,472525,6/27/2026 10:20:36 AM,90eec047-676b-4d50-9684-e8707ca80941,2.0,,,,,,,,,,,,,,,,,,,,,,,,,,,,,,,,,,,"(-11.2, 0.5, 4.8)","(-11.0, 1.1, 4.5)","(-11.0, 0.5, 4.7)",
PULSE_TAKEN,473034,6/27/2026 10:20:37 AM,90eec047-676b-4d50-9684-e8707ca80941,2.0,,,,,,,,,,,,,,,,,,,,,,,,Military PT 1,,,,pulse_faint,
PLAYER_POSITIONS,473040,6/27/2026 10:20:37 AM,90eec047-676b-4d50-9684-e8707ca80941,2.0,,,,,,,,,,,,,,,,,,,,,,,,,,,,,,,,,,,"(-11.5, 0.4, 4.9)","(-11.3, 1.1, 4.7)","(-11.2, 0.5, 5.0)",
PLAYER_POSITIONS,473040,6/27/2026 10:20:37 AM,90eec047-676b-4d50-9684-e8707ca80941,2.0,,,,,,,,,,,,,,,,,,,,,,,,,,,,,,,,,,,"(-11.5, 0.4, 4.9)","(-11.3, 1.1, 4.7)","(-11.2, 0.5, 5.0)",
PULSE_TAKEN,473410,6/27/2026 10:20:37 AM,90eec047-676b-4d50-9684-e8707ca80941,2.0,,,,,,,,,,,,,,,,,,,,,,,,Military PT 1,,,,pulse_faint,
PLAYER_POSITIONS,473558,6/27/2026 10:20:37 AM,90eec047-676b-4d50-9684-e8707ca80941,2.0,,,,,,,,,,,,,,,,,,,,,,,,,,,,,,,,,,,"(-11.7, 0.4, 5.2)","(-11.3, 1.1, 5.1)","(-11.2, 0.5, 5.3)",
PLAYER_GAZE,473558,6/27/2026 10:20:37 AM,90eec047-676b-4d50-9684-e8707ca80941,2.0,,,,,,,,,,,,,,,,,,,,,,,,Military PT 9,,,,,,,,,"(1.1, 1.1, -1.2)",,,"(-12.4, 0.0, 6.3)",
PLAYER_POSITIONS,473558,6/27/2026 10:20:37 AM,90eec047-676b-4d50-9684-e8707ca80941,2.0,,,,,,,,,,,,,,,,,,,,,,,,,,,,,,,,,,,"(-11.7, 0.4, 5.2)","(-11.3, 1.1, 5.1)","(-11.2, 0.5, 5.3)",
PLAYER_GAZE,473558,6/27/2026 10:20:37 AM,90eec047-676b-4d50-9684-e8707ca80941,2.0,,,,,,,,,,,,,,,,,,,,,,,,Military PT 9,,,,,,,,,"(1.1, 1.1, -1.2)",,,"(-12.4, 0.0, 6.3)",
PLAYER_POSITIONS,474069,6/27/2026 10:20:38 AM,90eec047-676b-4d50-9684-e8707ca80941,2.0,,,,,,,,,,,,,,,,,,,,,,,,,,,,,,,,,,,"(-11.5, 0.5, 5.8)","(-11.5, 1.1, 5.5)","(-11.4, 0.5, 5.7)",
PLAYER_POSITIONS,474069,6/27/2026 10:20:38 AM,90eec047-676b-4d50-9684-e8707ca80941,2.0,,,,,,,,,,,,,,,,,,,,,,,,,,,,,,,,,,,"(-11.5, 0.5, 5.8)","(-11.5, 1.1, 5.5)","(-11.4, 0.5, 5.7)",
PLAYER_POSITIONS,474574,6/27/2026 10:20:38 AM,90eec047-676b-4d50-9684-e8707ca80941,2.0,,,,,,,,,,,,,,,,,,,,,,,,,,,,,,,,,,,"(-11.5, 0.5, 6.1)","(-11.3, 1.1, 5.8)","(-11.4, 0.5, 6.0)",
PLAYER_POSITIONS,474574,6/27/2026 10:20:38 AM,90eec047-676b-4d50-9684-e8707ca80941,2.0,,,,,,,,,,,,,,,,,,,,,,,,,,,,,,,,,,,"(-11.5, 0.5, 6.1)","(-11.3, 1.1, 5.8)","(-11.4, 0.5, 6.0)",
DRAG_STOP,474620,6/27/2026 10:20:38 AM,90eec047-676b-4d50-9684-e8707ca80941,2.0,,,,,"(-6.7, 0.0, 1.8)","(-11.8, 0.0, 5.8)",,,,,,,,,,,,,,,,,,Military PT 1,
DRAG_STOP,474620,6/27/2026 10:20:38 AM,90eec047-676b-4d50-9684-e8707ca80941,2.0,,,,,"(-6.7, 0.0, 1.8)","(-11.8, 0.0, 5.8)",,,,,,,,,,,,,,,,,,Military PT 1,
DRAG_STOP,474620,6/27/2026 10:20:38 AM,90eec047-676b-4d50-9684-e8707ca80941,2.0,,,,,"(-6.7, 0.0, 1.8)","(-11.8, 0.0, 5.8)",,,,,,,,,,,,,,,,,,Military PT 1,
DRAG_STOP,474835,6/27/2026 10:20:38 AM,90eec047-676b-4d50-9684-e8707ca80941,2.0,,,,,"(-6.7, 0.0, 1.8)","(-11.8, 0.0, 5.8)",,,,,,,,,,,,,,,,,,Military PT 1,
PLAYER_POSITIONS,475090,6/27/2026 10:20:39 AM,90eec047-676b-4d50-9684-e8707ca80941,2.0,,,,,,,,,,,,,,,,,,,,,,,,,,,,,,,,,,,"(-11.5, 0.5, 5.5)","(-11.3, 1.2, 5.7)","(-11.1, 0.3, 5.7)",
PLAYER_GAZE,475090,6/27/2026 10:20:39 AM,90eec047-676b-4d50-9684-e8707ca80941,2.0,,,,,,,,,,,,,,,,,,,,,,,,Military PT 1,,,,,,,,,"(0.6, 1.2, 0.0)",,,"(-11.8, 0.0, 5.8)",
PLAYER_POSITIONS,475090,6/27/2026 10:20:39 AM,90eec047-676b-4d50-9684-e8707ca80941,2.0,,,,,,,,,,,,,,,,,,,,,,,,,,,,,,,,,,,"(-11.5, 0.5, 5.5)","(-11.3, 1.2, 5.7)","(-11.1, 0.3, 5.7)",
PLAYER_GAZE,475090,6/27/2026 10:20:39 AM,90eec047-676b-4d50-9684-e8707ca80941,2.0,,,,,,,,,,,,,,,,,,,,,,,,Military PT 1,,,,,,,,,"(0.6, 1.2, 0.0)",,,"(-11.8, 0.0, 5.8)",
PLAYER_POSITIONS,475593,6/27/2026 10:20:39 AM,90eec047-676b-4d50-9684-e8707ca80941,2.0,,,,,,,,,,,,,,,,,,,,,,,,,,,,,,,,,,,"(-11.5, 0.4, 5.0)","(-11.4, 1.2, 5.2)","(-11.2, 0.3, 5.6)",
PLAYER_POSITIONS,475593,6/27/2026 10:20:39 AM,90eec047-676b-4d50-9684-e8707ca80941,2.0,,,,,,,,,,,,,,,,,,,,,,,,,,,,,,,,,,,"(-11.5, 0.4, 5.0)","(-11.4, 1.2, 5.2)","(-11.2, 0.3, 5.6)",
PLAYER_POSITIONS,476103,6/27/2026 10:20:40 AM,90eec047-676b-4d50-9684-e8707ca80941,2.0,,,,,,,,,,,,,,,,,,,,,,,,,,,,,,,,,,,"(-12.0, 0.4, 4.6)","(-11.8, 1.1, 4.7)","(-11.8, 0.5, 4.9)",
PLAYER_POSITIONS,476103,6/27/2026 10:20:40 AM,90eec047-676b-4d50-9684-e8707ca80941,2.0,,,,,,,,,,,,,,,,,,,,,,,,,,,,,,,,,,,"(-12.0, 0.4, 4.6)","(-11.8, 1.1, 4.7)","(-11.8, 0.5, 4.9)",
PLAYER_POSITIONS,476625,6/27/2026 10:20:40 AM,90eec047-676b-4d50-9684-e8707ca80941,2.0,,,,,,,,,,,,,,,,,,,,,,,,,,,,,,,,,,,"(-12.2, 0.4, 4.5)","(-12.0, 1.1, 4.8)","(-12.1, 0.8, 4.9)",
PLAYER_POSITIONS,476625,6/27/2026 10:20:40 AM,90eec047-676b-4d50-9684-e8707ca80941,2.0,,,,,,,,,,,,,,,,,,,,,,,,,,,,,,,,,,,"(-12.2, 0.4, 4.5)","(-12.0, 1.1, 4.8)","(-12.1, 0.8, 4.9)",
AUDIO_END,477025,6/27/2026 10:20:41 AM,90eec047-676b-4d50-9684-e8707ca80941,2.0,enemy in structure,6.138775,
NARRATIVE_SECTION_END,477025,6/27/2026 10:20:41 AM,90eec047-676b-4d50-9684-e8707ca80941,2.0,,,,,,,,,,,,,,,,,,Enemy in structure,52,
NARRATIVE_SECTION_START,477055,6/27/2026 10:20:41 AM,90eec047-676b-4d50-9684-e8707ca80941,2.0,,,,,,,,,,,,,,,,,,Cleared hot 2,53,
VOICE_CAPTURE,477059,6/27/2026 10:20:41 AM,90eec047-676b-4d50-9684-e8707ca80941,2.0,,,,,,,,,,,,,,,,,,,,,,,,,,,,,,,,,,,,,,,,,,,,,,,,,,,NA,I need to use some more.,
PLAYER_POSITIONS,477149,6/27/2026 10:20:41 AM,90eec047-676b-4d50-9684-e8707ca80941,2.0,,,,,,,,,,,,,,,,,,,,,,,,,,,,,,,,,,,"(-12.6, 0.4, 4.5)","(-12.3, 1.1, 4.6)","(-12.4, 0.8, 4.9)",
PLAYER_POSITIONS,477149,6/27/2026 10:20:41 AM,90eec047-676b-4d50-9684-e8707ca80941,2.0,,,,,,,,,,,,,,,,,,,,,,,,,,,,,,,,,,,"(-12.6, 0.4, 4.5)","(-12.3, 1.1, 4.6)","(-12.4, 0.8, 4.9)",
VOICE_CAPTURE,477558,6/27/2026 10:20:41 AM,90eec047-676b-4d50-9684-e8707ca80941,2.0,,,,,,,,,,,,,,,,,,,,,,,,,,,,,,,,,,,,,,,,,,,,,,,,,,,NA,I need to use some more. I'll give you some more fennel.,
PLAYER_POSITIONS,477669,6/27/2026 10:20:41 AM,90eec047-676b-4d50-9684-e8707ca80941,2.0,,,,,,,,,,,,,,,,,,,,,,,,,,,,,,,,,,,"(-12.8, 0.3, 4.6)","(-12.4, 1.2, 4.7)","(-12.4, 0.7, 5.3)",
PLAYER_GAZE,477669,6/27/2026 10:20:41 AM,90eec047-676b-4d50-9684-e8707ca80941,2.0,,,,,,,,,,,,,,,,,,,,,,,,Military PT 9,,,,,,,,,"(0.0, 1.2, -1.6)",,,"(-12.4, 0.0, 6.3)",
PLAYER_POSITIONS,477669,6/27/2026 10:20:41 AM,90eec047-676b-4d50-9684-e8707ca80941,2.0,,,,,,,,,,,,,,,,,,,,,,,,,,,,,,,,,,,"(-12.8, 0.3, 4.6)","(-12.4, 1.2, 4.7)","(-12.4, 0.7, 5.3)",
PLAYER_GAZE,477669,6/27/2026 10:20:41 AM,90eec047-676b-4d50-9684-e8707ca80941,2.0,,,,,,,,,,,,,,,,,,,,,,,,Military PT 9,,,,,,,,,"(0.0, 1.2, -1.6)",,,"(-12.4, 0.0, 6.3)",
BAG_CLOSED,477755,6/27/2026 10:20:41 AM,90eec047-676b-4d50-9684-e8707ca80941,2.0,,,,,,,,,,,,,,,,,,,,,,,,,,,,,,,,,,,,"(0.0, 0.0, 0.0)",
AUDIO_START,478042,6/27/2026 10:20:42 AM,90eec047-676b-4d50-9684-e8707ca80941,2.0,coming in hot 2,4.075102,
VOICE_CAPTURE,478042,6/27/2026 10:20:42 AM,90eec047-676b-4d50-9684-e8707ca80941,2.0,,,,,,,,,,,,,,,,,,,,,,,,,,,,,,,,,,,,,,,,,,,,,,,,,,,NA,I need to use some more. I'll give you some more fennel.,
VOICE_CAPTURE,478042,6/27/2026 10:20:42 AM,90eec047-676b-4d50-9684-e8707ca80941,2.0,,,,,,,,,,,,,,,,,,,,,,,,,,,,,,,,,,,,,,,,,,,,,,,,,,,NA,I need to use some more. I'll give you some more fennel.,
PLAYER_POSITIONS,478173,6/27/2026 10:20:42 AM,90eec047-676b-4d50-9684-e8707ca80941,2.0,,,,,,,,,,,,,,,,,,,,,,,,,,,,,,,,,,,"(-12.8, 0.4, 4.6)","(-12.4, 1.2, 4.8)","(-12.1, 0.9, 5.3)",
PLAYER_GAZE,478173,6/27/2026 10:20:42 AM,90eec047-676b-4d50-9684-e8707ca80941,2.0,,,,,,,,,,,,,,,,,,,,,,,,Military PT 1,,,,,,,,,"(-0.5, 1.2, -0.9)",,,"(-11.8, 0.0, 5.8)",
PLAYER_POSITIONS,478173,6/27/2026 10:20:42 AM,90eec047-676b-4d50-9684-e8707ca80941,2.0,,,,,,,,,,,,,,,,,,,,,,,,,,,,,,,,,,,"(-12.8, 0.4, 4.6)","(-12.4, 1.2, 4.8)","(-12.1, 0.9, 5.3)",
PLAYER_GAZE,478173,6/27/2026 10:20:42 AM,90eec047-676b-4d50-9684-e8707ca80941,2.0,,,,,,,,,,,,,,,,,,,,,,,,Military PT 1,,,,,,,,,"(-0.5, 1.2, -0.9)",,,"(-11.8, 0.0, 5.8)",
PLAYER_POSITIONS,478674,6/27/2026 10:20:42 AM,90eec047-676b-4d50-9684-e8707ca80941,2.0,,,,,,,,,,,,,,,,,,,,,,,,,,,,,,,,,,,"(-12.7, 0.4, 4.8)","(-12.4, 1.2, 4.8)","(-12.3, 0.8, 5.2)",
PLAYER_POSITIONS,478674,6/27/2026 10:20:42 AM,90eec047-676b-4d50-9684-e8707ca80941,2.0,,,,,,,,,,,,,,,,,,,,,,,,,,,,,,,,,,,"(-12.7, 0.4, 4.8)","(-12.4, 1.2, 4.8)","(-12.3, 0.8, 5.2)",
PLAYER_POSITIONS,479174,6/27/2026 10:20:43 AM,90eec047-676b-4d50-9684-e8707ca80941,2.0,,,,,,,,,,,,,,,,,,,,,,,,,,,,,,,,,,,"(-12.7, 0.4, 4.7)","(-12.3, 1.2, 4.8)","(-12.2, 0.6, 5.3)",
PLAYER_GAZE,479174,6/27/2026 10:20:43 AM,90eec047-676b-4d50-9684-e8707ca80941,2.0,,,,,,,,,,,,,,,,,,,,,,,,Military PT 1,,,,,,,,,"(-0.5, 1.2, -1.0)",,,"(-11.8, 0.0, 5.8)",
PLAYER_POSITIONS,479174,6/27/2026 10:20:43 AM,90eec047-676b-4d50-9684-e8707ca80941,2.0,,,,,,,,,,,,,,,,,,,,,,,,,,,,,,,,,,,"(-12.7, 0.4, 4.7)","(-12.3, 1.2, 4.8)","(-12.2, 0.6, 5.3)",
PLAYER_GAZE,479174,6/27/2026 10:20:43 AM,90eec047-676b-4d50-9684-e8707ca80941,2.0,,,,,,,,,,,,,,,,,,,,,,,,Military PT 1,,,,,,,,,"(-0.5, 1.2, -1.0)",,,"(-11.8, 0.0, 5.8)",
TOOL_HOVER,479382,6/27/2026 10:20:43 AM,90eec047-676b-4d50-9684-e8707ca80941,2.0,,,,,,,,,,,,,,,,,,,,,,,,,,,,,,,,,,,,,,,,,,,,,,996,,Decompression Needle,
TOOL_HOVER,479484,6/27/2026 10:20:43 AM,90eec047-676b-4d50-9684-e8707ca80941,2.0,,,,,,,,,,,,,,,,,,,,,,,,,,,,,,,,,,,,,,,,,,,,,,991,,Fentanyl Lollipop,
TOOL_SELECTED,479665,6/27/2026 10:20:43 AM,90eec047-676b-4d50-9684-e8707ca80941,2.0,,,,,,,,,,,,,,,,,,,,,,,,,,,,,,,,,,,,,,,,,,,,,,990,,Fentanyl Lollipop,
PLAYER_POSITIONS,479688,6/27/2026 10:20:43 AM,90eec047-676b-4d50-9684-e8707ca80941,2.0,,,,,,,,,,,,,,,,,,,,,,,,,,,,,,,,,,,"(-12.8, 0.4, 4.7)","(-12.3, 1.2, 4.8)","(-11.9, 0.9, 5.3)",
PLAYER_GAZE,479688,6/27/2026 10:20:43 AM,90eec047-676b-4d50-9684-e8707ca80941,2.0,,,,,,,,,,,,,,,,,,,,,,,,Military PT 1,,,,,,,,,"(-0.5, 1.2, -0.9)",,,"(-11.8, 0.0, 5.8)",
PLAYER_POSITIONS,479688,6/27/2026 10:20:43 AM,90eec047-676b-4d50-9684-e8707ca80941,2.0,,,,,,,,,,,,,,,,,,,,,,,,,,,,,,,,,,,"(-12.8, 0.4, 4.7)","(-12.3, 1.2, 4.8)","(-11.9, 0.9, 5.3)",
PLAYER_GAZE,479688,6/27/2026 10:20:43 AM,90eec047-676b-4d50-9684-e8707ca80941,2.0,,,,,,,,,,,,,,,,,,,,,,,,Military PT 1,,,,,,,,,"(-0.5, 1.2, -0.9)",,,"(-11.8, 0.0, 5.8)",
PLAYER_POSITIONS,480199,6/27/2026 10:20:44 AM,90eec047-676b-4d50-9684-e8707ca80941,2.0,,,,,,,,,,,,,,,,,,,,,,,,,,,,,,,,,,,"(-12.7, 0.4, 4.8)","(-12.8, 1.0, 4.9)","(-12.8, 0.5, 5.0)",
PLAYER_POSITIONS,480199,6/27/2026 10:20:44 AM,90eec047-676b-4d50-9684-e8707ca80941,2.0,,,,,,,,,,,,,,,,,,,,,,,,,,,,,,,,,,,"(-12.7, 0.4, 4.8)","(-12.8, 1.0, 4.9)","(-12.8, 0.5, 5.0)",
PATIENT_DISENGAGED,480540,6/27/2026 10:20:44 AM,90eec047-676b-4d50-9684-e8707ca80941,2.0,,,,20.6,,,,,,,,,,,,,,,,normal,100,Infinity,normal,Military PT 1,unresponsive,supine,"(-12.0, 0.0, 5.6)",faint,"(0.0, -0.7, 0.0, 0.7)",normal,IMMEDIATE,still,,,,,,,,,,,,,,,,,43.23,
PATIENT_ENGAGED,480540,6/27/2026 10:20:44 AM,90eec047-676b-4d50-9684-e8707ca80941,2.0,,,,0,,,,,,,,,,,,,,,,restricted,100,Infinity,normal,Military PT 2,agony,supine,"(-12.6, 0.0, 4.0)",faint,"(0.0, 1.0, 0.0, -0.1)",normal,EXPECTANT,still,,,,,,,,,,,,,,,,,23.35,
PLAYER_POSITIONS,480722,6/27/2026 10:20:44 AM,90eec047-676b-4d50-9684-e8707ca80941,2.0,,,,,,,,,,,,,,,,,,,,,,,,,,,,,,,,,,,"(-12.7, 0.4, 4.8)","(-13.0, 0.9, 4.9)","(-12.9, 0.2, 4.8)",
PLAYER_POSITIONS,480722,6/27/2026 10:20:44 AM,90eec047-676b-4d50-9684-e8707ca80941,2.0,,,,,,,,,,,,,,,,,,,,,,,,,,,,,,,,,,,"(-12.7, 0.4, 4.8)","(-13.0, 0.9, 4.9)","(-12.9, 0.2, 4.8)",
PLAYER_POSITIONS,481243,6/27/2026 10:20:45 AM,90eec047-676b-4d50-9684-e8707ca80941,2.0,,,,,,,,,,,,,,,,,,,,,,,,,,,,,,,,,,,"(-12.7, 0.4, 4.8)","(-13.0, 0.9, 4.9)","(-13.0, 0.2, 4.8)",
PLAYER_POSITIONS,481243,6/27/2026 10:20:45 AM,90eec047-676b-4d50-9684-e8707ca80941,2.0,,,,,,,,,,,,,,,,,,,,,,,,,,,,,,,,,,,"(-12.7, 0.4, 4.8)","(-13.0, 0.9, 4.9)","(-13.0, 0.2, 4.8)",
INJURY_TREATED,481533,6/27/2026 10:20:45 AM,90eec047-676b-4d50-9684-e8707ca80941,2.0,,,,,,,,,fullBody,Full Body Burn,"(0.0, 0.0, 0.0)",lollipop,1,2,high,True,True,,,,,,,Military PT 2,
TOOL_APPLIED,481533,6/27/2026 10:20:45 AM,90eec047-676b-4d50-9684-e8707ca80941,2.0,,,,,,,,,,,,,,,,,,,,,,,,Military PT 2,,,,,,,,,,,,,,,,,,,,AppliedLollipop,Jaw (UnityEngine.GameObject),,Fentanyl Lollipop(Clone) (UnityEngine.GameObject),Fentanyl Lollipop,
PLAYER_POSITIONS,481754,6/27/2026 10:20:45 AM,90eec047-676b-4d50-9684-e8707ca80941,2.0,,,,,,,,,,,,,,,,,,,,,,,,,,,,,,,,,,,"(-12.7, 0.4, 4.8)","(-13.0, 0.9, 4.9)","(-13.0, 0.2, 4.8)",
PLAYER_POSITIONS,481754,6/27/2026 10:20:45 AM,90eec047-676b-4d50-9684-e8707ca80941,2.0,,,,,,,,,,,,,,,,,,,,,,,,,,,,,,,,,,,"(-12.7, 0.4, 4.8)","(-13.0, 0.9, 4.9)","(-13.0, 0.2, 4.8)",
BAG_CLOSED,482009,6/27/2026 10:20:46 AM,90eec047-676b-4d50-9684-e8707ca80941,2.0,,,,,,,,,,,,,,,,,,,,,,,,,,,,,,,,,,,,"(0.0, 0.0, 0.0)",
AUDIO_END,482133,6/27/2026 10:20:46 AM,90eec047-676b-4d50-9684-e8707ca80941,2.0,coming in hot 2,4.075102,
NARRATIVE_SECTION_END,482133,6/27/2026 10:20:46 AM,90eec047-676b-4d50-9684-e8707ca80941,2.0,,,,,,,,,,,,,,,,,,Cleared hot 2,53,
NARRATIVE_SECTION_START,482173,6/27/2026 10:20:46 AM,90eec047-676b-4d50-9684-e8707ca80941,2.0,,,,,,,,,,,,,,,,,,Jet flyover 2 enable,54,
PATIENT_DISENGAGED,482219,6/27/2026 10:20:46 AM,90eec047-676b-4d50-9684-e8707ca80941,2.0,,,,1.69,,,,,,,,,,,,,,,,restricted,100,Infinity,normal,Military PT 2,agony,supine,"(-12.6, 0.0, 4.0)",faint,"(0.0, 1.0, 0.0, -0.1)",normal,EXPECTANT,still,,,,,,,,,,,,,,,,,25.04,
PATIENT_ENGAGED,482219,6/27/2026 10:20:46 AM,90eec047-676b-4d50-9684-e8707ca80941,2.0,,,,0,,,,,,,,,,,,,,,,normal,100,Infinity,normal,Military PT 9,unresponsive,supine,"(-12.3, 0.0, 6.3)",faint,"(0.0, 0.0, 0.0, -1.0)",normal,EXPECTANT,still,,,,,,,,,,,,,,,,,32.76,
PLAYER_POSITIONS,482265,6/27/2026 10:20:46 AM,90eec047-676b-4d50-9684-e8707ca80941,2.0,,,,,,,,,,,,,,,,,,,,,,,,,,,,,,,,,,,"(-12.5, 0.4, 5.0)","(-12.5, 1.1, 5.2)","(-12.2, 0.3, 5.2)",
PLAYER_POSITIONS,482265,6/27/2026 10:20:46 AM,90eec047-676b-4d50-9684-e8707ca80941,2.0,,,,,,,,,,,,,,,,,,,,,,,,,,,,,,,,,,,"(-12.5, 0.4, 5.0)","(-12.5, 1.1, 5.2)","(-12.2, 0.3, 5.2)",
VOICE_CAPTURE,482538,6/27/2026 10:20:46 AM,90eec047-676b-4d50-9684-e8707ca80941,2.0,,,,,,,,,,,,,,,,,,,,,,,,,,,,,,,,,,,,,,,,,,,,,,,,,,,NA,Thank you.,
PLAYER_POSITIONS,482785,6/27/2026 10:20:46 AM,90eec047-676b-4d50-9684-e8707ca80941,2.0,,,,,,,,,,,,,,,,,,,,,,,,,,,,,,,,,,,"(-12.0, 0.6, 5.1)","(-11.7, 1.3, 5.0)","(-11.5, 0.5, 5.1)",
PLAYER_POSITIONS,482785,6/27/2026 10:20:46 AM,90eec047-676b-4d50-9684-e8707ca80941,2.0,,,,,,,,,,,,,,,,,,,,,,,,,,,,,,,,,,,"(-12.0, 0.6, 5.1)","(-11.7, 1.3, 5.0)","(-11.5, 0.5, 5.1)",
NARRATIVE_SECTION_END,483185,6/27/2026 10:20:47 AM,90eec047-676b-4d50-9684-e8707ca80941,2.0,,,,,,,,,,,,,,,,,,Jet flyover 2 enable,54,
NARRATIVE_SECTION_START,483203,6/27/2026 10:20:47 AM,90eec047-676b-4d50-9684-e8707ca80941,2.0,,,,,,,,,,,,,,,,,,Jet flyover sound,55,
PLAYER_POSITIONS,483296,6/27/2026 10:20:47 AM,90eec047-676b-4d50-9684-e8707ca80941,2.0,,,,,,,,,,,,,,,,,,,,,,,,,,,,,,,,,,,"(-11.2, 0.6, 5.1)","(-11.2, 1.4, 4.7)","(-11.0, 0.5, 4.4)",
PLAYER_GAZE,483296,6/27/2026 10:20:47 AM,90eec047-676b-4d50-9684-e8707ca80941,2.0,,,,,,,,,,,,,,,,,,,,,,,,Military PT 11,,,,,,,,,"(-7.0, 1.4, 0.8)",,,"(-4.3, 0.0, 3.9)",
PLAYER_POSITIONS,483296,6/27/2026 10:20:47 AM,90eec047-676b-4d50-9684-e8707ca80941,2.0,,,,,,,,,,,,,,,,,,,,,,,,,,,,,,,,,,,"(-11.2, 0.6, 5.1)","(-11.2, 1.4, 4.7)","(-11.0, 0.5, 4.4)",
PLAYER_GAZE,483296,6/27/2026 10:20:47 AM,90eec047-676b-4d50-9684-e8707ca80941,2.0,,,,,,,,,,,,,,,,,,,,,,,,Military PT 11,,,,,,,,,"(-7.0, 1.4, 0.8)",,,"(-4.3, 0.0, 3.9)",
PATIENT_DISENGAGED,483427,6/27/2026 10:20:47 AM,90eec047-676b-4d50-9684-e8707ca80941,2.0,,,,1.21,,,,,,,,,,,,,,,,normal,100,Infinity,normal,Military PT 9,unresponsive,supine,"(-12.3, 0.0, 6.3)",faint,"(0.0, 0.0, 0.0, -1.0)",normal,EXPECTANT,still,,,,,,,,,,,,,,,,,33.97,
PATIENT_ENGAGED,483759,6/27/2026 10:20:47 AM,90eec047-676b-4d50-9684-e8707ca80941,2.0,,,,0,,,,,,,,,,,,,,,,normal,100,128,normal,Lifting NPC,calm,standing,"(-8.3, 0.0, 3.7)",normal,"(0.0, 1.0, 0.0, -0.3)",normal,MINIMAL,still,,,,,,,,,,,,,,,,,6.68,
PATIENT_DISENGAGED,483782,6/27/2026 10:20:47 AM,90eec047-676b-4d50-9684-e8707ca80941,2.0,,,,0.02,,,,,,,,,,,,,,,,normal,100,128,normal,Lifting NPC,calm,standing,"(-8.3, 0.0, 3.7)",normal,"(0.0, 1.0, 0.0, -0.3)",normal,MINIMAL,still,,,,,,,,,,,,,,,,,6.7,
PATIENT_ENGAGED,483809,6/27/2026 10:20:47 AM,90eec047-676b-4d50-9684-e8707ca80941,2.0,,,,0,,,,,,,,,,,,,,,,normal,100,128,normal,Lifting NPC,calm,standing,"(-8.4, 0.0, 3.7)",normal,"(0.0, 1.0, 0.0, -0.3)",normal,MINIMAL,still,,,,,,,,,,,,,,,,,6.7,
PLAYER_POSITIONS,483810,6/27/2026 10:20:47 AM,90eec047-676b-4d50-9684-e8707ca80941,2.0,,,,,,,,,,,,,,,,,,,,,,,,,,,,,,,,,,,"(-10.4, 0.5, 4.4)","(-10.4, 1.4, 4.1)","(-10.2, 0.6, 4.1)",
PLAYER_GAZE,483810,6/27/2026 10:20:47 AM,90eec047-676b-4d50-9684-e8707ca80941,2.0,,,,,,,,,,,,,,,,,,,,,,,,Lifting NPC,,,,,,,,,"(-1.9, 1.4, 0.4)",,,"(-8.5, 0.0, 3.8)",
PLAYER_POSITIONS,483810,6/27/2026 10:20:47 AM,90eec047-676b-4d50-9684-e8707ca80941,2.0,,,,,,,,,,,,,,,,,,,,,,,,,,,,,,,,,,,"(-10.4, 0.5, 4.4)","(-10.4, 1.4, 4.1)","(-10.2, 0.6, 4.1)",
PLAYER_GAZE,483810,6/27/2026 10:20:47 AM,90eec047-676b-4d50-9684-e8707ca80941,2.0,,,,,,,,,,,,,,,,,,,,,,,,Lifting NPC,,,,,,,,,"(-1.9, 1.4, 0.4)",,,"(-8.5, 0.0, 3.8)",
PATIENT_DISENGAGED,483826,6/27/2026 10:20:47 AM,90eec047-676b-4d50-9684-e8707ca80941,2.0,,,,0.02,,,,,,,,,,,,,,,,normal,100,128,normal,Lifting NPC,calm,standing,"(-8.4, 0.0, 3.7)",normal,"(0.0, 1.0, 0.0, -0.3)",normal,MINIMAL,still,,,,,,,,,,,,,,,,,6.72,
PATIENT_ENGAGED,483849,6/27/2026 10:20:47 AM,90eec047-676b-4d50-9684-e8707ca80941,2.0,,,,0,,,,,,,,,,,,,,,,normal,100,128,normal,Lifting NPC,calm,standing,"(-8.4, 0.0, 3.7)",normal,"(0.0, 1.0, 0.0, -0.3)",normal,MINIMAL,still,,,,,,,,,,,,,,,,,6.72,
PLAYER_POSITIONS,484316,6/27/2026 10:20:48 AM,90eec047-676b-4d50-9684-e8707ca80941,2.0,,,,,,,,,,,,,,,,,,,,,,,,,,,,,,,,,,,"(-9.7, 0.5, 3.9)","(-9.7, 1.3, 3.6)","(-9.5, 0.4, 3.4)",
PLAYER_POSITIONS,484316,6/27/2026 10:20:48 AM,90eec047-676b-4d50-9684-e8707ca80941,2.0,,,,,,,,,,,,,,,,,,,,,,,,,,,,,,,,,,,"(-9.7, 0.5, 3.9)","(-9.7, 1.3, 3.6)","(-9.5, 0.4, 3.4)",
PLAYER_POSITIONS,484838,6/27/2026 10:20:48 AM,90eec047-676b-4d50-9684-e8707ca80941,2.0,,,,,,,,,,,,,,,,,,,,,,,,,,,,,,,,,,,"(-8.9, 0.5, 3.4)","(-8.8, 1.3, 3.2)","(-8.7, 0.5, 3.1)",
PLAYER_POSITIONS,484838,6/27/2026 10:20:48 AM,90eec047-676b-4d50-9684-e8707ca80941,2.0,,,,,,,,,,,,,,,,,,,,,,,,,,,,,,,,,,,"(-8.9, 0.5, 3.4)","(-8.8, 1.3, 3.2)","(-8.7, 0.5, 3.1)",
PLAYER_POSITIONS,485349,6/27/2026 10:20:49 AM,90eec047-676b-4d50-9684-e8707ca80941,2.0,,,,,,,,,,,,,,,,,,,,,,,,,,,,,,,,,,,"(-8.1, 0.5, 3.1)","(-8.0, 1.4, 2.9)","(-7.8, 0.5, 2.7)",
PLAYER_POSITIONS,485349,6/27/2026 10:20:49 AM,90eec047-676b-4d50-9684-e8707ca80941,2.0,,,,,,,,,,,,,,,,,,,,,,,,,,,,,,,,,,,"(-8.1, 0.5, 3.1)","(-8.0, 1.4, 2.9)","(-7.8, 0.5, 2.7)",
PLAYER_POSITIONS,485870,6/27/2026 10:20:49 AM,90eec047-676b-4d50-9684-e8707ca80941,2.0,,,,,,,,,,,,,,,,,,,,,,,,,,,,,,,,,,,"(-7.3, 0.5, 3.2)","(-7.2, 1.4, 3.0)","(-7.0, 0.5, 2.8)",
PLAYER_POSITIONS,485870,6/27/2026 10:20:49 AM,90eec047-676b-4d50-9684-e8707ca80941,2.0,,,,,,,,,,,,,,,,,,,,,,,,,,,,,,,,,,,"(-7.3, 0.5, 3.2)","(-7.2, 1.4, 3.0)","(-7.0, 0.5, 2.8)",
PLAYER_POSITIONS,486393,6/27/2026 10:20:50 AM,90eec047-676b-4d50-9684-e8707ca80941,2.0,,,,,,,,,,,,,,,,,,,,,,,,,,,,,,,,,,,"(-7.1, 0.5, 3.1)","(-6.9, 1.2, 2.9)","(-6.3, 0.8, 2.9)",
PLAYER_POSITIONS,486393,6/27/2026 10:20:50 AM,90eec047-676b-4d50-9684-e8707ca80941,2.0,,,,,,,,,,,,,,,,,,,,,,,,,,,,,,,,,,,"(-7.1, 0.5, 3.1)","(-6.9, 1.2, 2.9)","(-6.3, 0.8, 2.9)",
PLAYER_POSITIONS,486904,6/27/2026 10:20:51 AM,90eec047-676b-4d50-9684-e8707ca80941,2.0,,,,,,,,,,,,,,,,,,,,,,,,,,,,,,,,,,,"(-7.2, 0.4, 2.9)","(-6.9, 1.2, 2.9)","(-6.8, 0.7, 3.1)",
PLAYER_POSITIONS,486904,6/27/2026 10:20:51 AM,90eec047-676b-4d50-9684-e8707ca80941,2.0,,,,,,,,,,,,,,,,,,,,,,,,,,,,,,,,,,,"(-7.2, 0.4, 2.9)","(-6.9, 1.2, 2.9)","(-6.8, 0.7, 3.1)",
VOICE_CAPTURE,487085,6/27/2026 10:20:51 AM,90eec047-676b-4d50-9684-e8707ca80941,2.0,,,,,,,,,,,,,,,,,,,,,,,,,,,,,,,,,,,,,,,,,,,,,,,,,,,NA,*chuckles*,
AUDIO_START,487195,6/27/2026 10:20:51 AM,90eec047-676b-4d50-9684-e8707ca80941,2.0,jet flyover,8.071836,
PATIENT_DISENGAGED,487325,6/27/2026 10:20:51 AM,90eec047-676b-4d50-9684-e8707ca80941,2.0,,,,3.48,,,,,,,,,,,,,,,,normal,100,128,normal,Lifting NPC,calm,standing,"(-8.3, 0.0, 3.7)",normal,"(0.0, 0.7, 0.0, -0.8)",normal,MINIMAL,still,,,,,,,,,,,,,,,,,10.2,
PATIENT_ENGAGED,487414,6/27/2026 10:20:51 AM,90eec047-676b-4d50-9684-e8707ca80941,2.0,,,,0,,,,,,,,,,,,,,,,normal,100,Infinity,normal,Military PT 11,panic,supine,"(-4.0, 0.0, 3.3)",normal,"(0.0, 0.9, 0.0, 0.3)",normal,MINIMAL,still,,,,,,,,,,,,,,,,,31.79,
PLAYER_POSITIONS,487417,6/27/2026 10:20:51 AM,90eec047-676b-4d50-9684-e8707ca80941,2.0,,,,,,,,,,,,,,,,,,,,,,,,,,,,,,,,,,,"(-6.2, 0.5, 3.2)","(-6.2, 1.3, 3.0)","(-6.0, 0.5, 2.8)",
PLAYER_POSITIONS,487417,6/27/2026 10:20:51 AM,90eec047-676b-4d50-9684-e8707ca80941,2.0,,,,,,,,,,,,,,,,,,,,,,,,,,,,,,,,,,,"(-6.2, 0.5, 3.2)","(-6.2, 1.3, 3.0)","(-6.0, 0.5, 2.8)",
PATIENT_DISENGAGED,487437,6/27/2026 10:20:51 AM,90eec047-676b-4d50-9684-e8707ca80941,2.0,,,,0.02,,,,,,,,,,,,,,,,normal,100,Infinity,normal,Military PT 11,panic,supine,"(-4.0, 0.0, 3.3)",normal,"(0.0, 0.9, 0.0, 0.3)",normal,MINIMAL,still,,,,,,,,,,,,,,,,,31.82,
PATIENT_ENGAGED,487458,6/27/2026 10:20:51 AM,90eec047-676b-4d50-9684-e8707ca80941,2.0,,,,0,,,,,,,,,,,,,,,,normal,100,Infinity,normal,Military PT 11,panic,supine,"(-4.0, 0.0, 3.3)",normal,"(0.0, 0.9, 0.0, 0.3)",normal,MINIMAL,still,,,,,,,,,,,,,,,,,31.82,
VOICE_CAPTURE,487529,6/27/2026 10:20:51 AM,90eec047-676b-4d50-9684-e8707ca80941,2.0,,,,,,,,,,,,,,,,,,,,,,,,,,,,,,,,,,,,,,,,,,,,,,,,,,,NA,*chuckles* Okay.,
PLAYER_POSITIONS,487928,6/27/2026 10:20:52 AM,90eec047-676b-4d50-9684-e8707ca80941,2.0,,,,,,,,,,,,,,,,,,,,,,,,,,,,,,,,,,,"(-5.3, 0.6, 3.4)","(-5.3, 1.2, 3.2)","(-5.2, 0.5, 3.2)",
PLAYER_POSITIONS,487928,6/27/2026 10:20:52 AM,90eec047-676b-4d50-9684-e8707ca80941,2.0,,,,,,,,,,,,,,,,,,,,,,,,,,,,,,,,,,,"(-5.3, 0.6, 3.4)","(-5.3, 1.2, 3.2)","(-5.2, 0.5, 3.2)",
VOICE_CAPTURE,488033,6/27/2026 10:20:52 AM,90eec047-676b-4d50-9684-e8707ca80941,2.0,,,,,,,,,,,,,,,,,,,,,,,,,,,,,,,,,,,,,,,,,,,,,,,,,,,NA,*chuckles* Okay.,
VOICE_CAPTURE,488033,6/27/2026 10:20:52 AM,90eec047-676b-4d50-9684-e8707ca80941,2.0,,,,,,,,,,,,,,,,,,,,,,,,,,,,,,,,,,,,,,,,,,,,,,,,,,,NA,*chuckles* Okay.,
PULSE_TAKEN,488407,6/27/2026 10:20:52 AM,90eec047-676b-4d50-9684-e8707ca80941,2.0,,,,,,,,,,,,,,,,,,,,,,,,Military PT 11,,,,pulse_normal,
PLAYER_POSITIONS,488432,6/27/2026 10:20:52 AM,90eec047-676b-4d50-9684-e8707ca80941,2.0,,,,,,,,,,,,,,,,,,,,,,,,,,,,,,,,,,,"(-4.8, 0.3, 3.5)","(-4.9, 0.9, 3.3)","(-4.8, 0.2, 3.3)",
PLAYER_POSITIONS,488432,6/27/2026 10:20:52 AM,90eec047-676b-4d50-9684-e8707ca80941,2.0,,,,,,,,,,,,,,,,,,,,,,,,,,,,,,,,,,,"(-4.8, 0.3, 3.5)","(-4.9, 0.9, 3.3)","(-4.8, 0.2, 3.3)",
DRAG_START,488545,6/27/2026 10:20:52 AM,90eec047-676b-4d50-9684-e8707ca80941,2.0,,,,,"(-4.3, 0.0, 3.9)",,,,,,,,,,,,,,,,,,,Military PT 11,
PULSE_TAKEN,488562,6/27/2026 10:20:52 AM,90eec047-676b-4d50-9684-e8707ca80941,2.0,,,,,,,,,,,,,,,,,,,,,,,,Military PT 11,,,,pulse_normal,
DRAG_START,488633,6/27/2026 10:20:52 AM,90eec047-676b-4d50-9684-e8707ca80941,2.0,,,,,"(-4.3, 0.0, 3.9)",,,,,,,,,,,,,,,,,,,Military PT 11,
PULSE_TAKEN,488940,6/27/2026 10:20:53 AM,90eec047-676b-4d50-9684-e8707ca80941,2.0,,,,,,,,,,,,,,,,,,,,,,,,Military PT 11,,,,pulse_normal,
PLAYER_POSITIONS,488948,6/27/2026 10:20:53 AM,90eec047-676b-4d50-9684-e8707ca80941,2.0,,,,,,,,,,,,,,,,,,,,,,,,,,,,,,,,,,,"(-5.0, 0.4, 3.9)","(-5.1, 1.1, 3.7)","(-5.1, 0.3, 3.8)",
PLAYER_GAZE,488948,6/27/2026 10:20:53 AM,90eec047-676b-4d50-9684-e8707ca80941,2.0,,,,,,,,,,,,,,,,,,,,,,,,Military PT 11,,,,,,,,,"(-0.6, 1.1, -0.6)",,,"(-4.5, 0.0, 4.2)",
PLAYER_POSITIONS,488948,6/27/2026 10:20:53 AM,90eec047-676b-4d50-9684-e8707ca80941,2.0,,,,,,,,,,,,,,,,,,,,,,,,,,,,,,,,,,,"(-5.0, 0.4, 3.9)","(-5.1, 1.1, 3.7)","(-5.1, 0.3, 3.8)",
PLAYER_GAZE,488948,6/27/2026 10:20:53 AM,90eec047-676b-4d50-9684-e8707ca80941,2.0,,,,,,,,,,,,,,,,,,,,,,,,Military PT 11,,,,,,,,,"(-0.6, 1.1, -0.6)",,,"(-4.5, 0.0, 4.2)",
PLAYER_POSITIONS,489452,6/27/2026 10:20:53 AM,90eec047-676b-4d50-9684-e8707ca80941,2.0,,,,,,,,,,,,,,,,,,,,,,,,,,,,,,,,,,,"(-6.1, 0.8, 3.8)","(-6.0, 1.4, 3.5)","(-6.0, 0.7, 3.7)",
PLAYER_GAZE,489452,6/27/2026 10:20:53 AM,90eec047-676b-4d50-9684-e8707ca80941,2.0,,,,,,,,,,,,,,,,,,,,,,,,Lifting NPC,,,,,,,,,"(2.5, 1.4, -0.3)",,,"(-8.5, 0.0, 3.8)",
PLAYER_POSITIONS,489452,6/27/2026 10:20:53 AM,90eec047-676b-4d50-9684-e8707ca80941,2.0,,,,,,,,,,,,,,,,,,,,,,,,,,,,,,,,,,,"(-6.1, 0.8, 3.8)","(-6.0, 1.4, 3.5)","(-6.0, 0.7, 3.7)",
PLAYER_GAZE,489452,6/27/2026 10:20:53 AM,90eec047-676b-4d50-9684-e8707ca80941,2.0,,,,,,,,,,,,,,,,,,,,,,,,Lifting NPC,,,,,,,,,"(2.5, 1.4, -0.3)",,,"(-8.5, 0.0, 3.8)",
PLAYER_POSITIONS,489972,6/27/2026 10:20:54 AM,90eec047-676b-4d50-9684-e8707ca80941,2.0,,,,,,,,,,,,,,,,,,,,,,,,,,,,,,,,,,,"(-6.3, 0.9, 3.2)","(-5.9, 1.4, 3.3)","(-6.2, 0.8, 3.4)",
PLAYER_POSITIONS,489972,6/27/2026 10:20:54 AM,90eec047-676b-4d50-9684-e8707ca80941,2.0,,,,,,,,,,,,,,,,,,,,,,,,,,,,,,,,,,,"(-6.3, 0.9, 3.2)","(-5.9, 1.4, 3.3)","(-6.2, 0.8, 3.4)",
PLAYER_POSITIONS,490494,6/27/2026 10:20:54 AM,90eec047-676b-4d50-9684-e8707ca80941,2.0,,,,,,,,,,,,,,,,,,,,,,,,,,,,,,,,,,,"(-6.3, 0.6, 2.5)","(-6.0, 1.3, 2.8)","(-6.4, 0.7, 2.8)",
PLAYER_POSITIONS,490494,6/27/2026 10:20:54 AM,90eec047-676b-4d50-9684-e8707ca80941,2.0,,,,,,,,,,,,,,,,,,,,,,,,,,,,,,,,,,,"(-6.3, 0.6, 2.5)","(-6.0, 1.3, 2.8)","(-6.4, 0.7, 2.8)",
PLAYER_POSITIONS,491016,6/27/2026 10:20:55 AM,90eec047-676b-4d50-9684-e8707ca80941,2.0,,,,,,,,,,,,,,,,,,,,,,,,,,,,,,,,,,,"(-6.7, 0.9, 3.0)","(-6.4, 1.4, 3.0)","(-6.7, 0.9, 3.3)",
PLAYER_POSITIONS,491016,6/27/2026 10:20:55 AM,90eec047-676b-4d50-9684-e8707ca80941,2.0,,,,,,,,,,,,,,,,,,,,,,,,,,,,,,,,,,,"(-6.7, 0.9, 3.0)","(-6.4, 1.4, 3.0)","(-6.7, 0.9, 3.3)",
PLAYER_POSITIONS,491526,6/27/2026 10:20:55 AM,90eec047-676b-4d50-9684-e8707ca80941,2.0,,,,,,,,,,,,,,,,,,,,,,,,,,,,,,,,,,,"(-6.9, 0.9, 3.6)","(-6.5, 1.3, 3.4)","(-6.8, 0.9, 3.7)",
PLAYER_GAZE,491526,6/27/2026 10:20:55 AM,90eec047-676b-4d50-9684-e8707ca80941,2.0,,,,,,,,,,,,,,,,,,,,,,,,Military PT 11,,,,,,,,,"(0.9, 1.3, -0.5)",,,"(-7.5, 0.0, 3.8)",
PLAYER_POSITIONS,491526,6/27/2026 10:20:55 AM,90eec047-676b-4d50-9684-e8707ca80941,2.0,,,,,,,,,,,,,,,,,,,,,,,,,,,,,,,,,,,"(-6.9, 0.9, 3.6)","(-6.5, 1.3, 3.4)","(-6.8, 0.9, 3.7)",
PLAYER_GAZE,491526,6/27/2026 10:20:55 AM,90eec047-676b-4d50-9684-e8707ca80941,2.0,,,,,,,,,,,,,,,,,,,,,,,,Military PT 11,,,,,,,,,"(0.9, 1.3, -0.5)",,,"(-7.5, 0.0, 3.8)",
PLAYER_POSITIONS,492039,6/27/2026 10:20:56 AM,90eec047-676b-4d50-9684-e8707ca80941,2.0,,,,,,,,,,,,,,,,,,,,,,,,,,,,,,,,,,,"(-7.1, 0.9, 3.9)","(-6.7, 1.3, 3.7)","(-7.0, 0.8, 4.0)",
PLAYER_GAZE,492039,6/27/2026 10:20:56 AM,90eec047-676b-4d50-9684-e8707ca80941,2.0,,,,,,,,,,,,,,,,,,,,,,,,Military PT 11,,,,,,,,,"(0.9, 1.3, -0.6)",,,"(-7.6, 0.0, 4.3)",
PLAYER_POSITIONS,492039,6/27/2026 10:20:56 AM,90eec047-676b-4d50-9684-e8707ca80941,2.0,,,,,,,,,,,,,,,,,,,,,,,,,,,,,,,,,,,"(-7.1, 0.9, 3.9)","(-6.7, 1.3, 3.7)","(-7.0, 0.8, 4.0)",
PLAYER_GAZE,492039,6/27/2026 10:20:56 AM,90eec047-676b-4d50-9684-e8707ca80941,2.0,,,,,,,,,,,,,,,,,,,,,,,,Military PT 11,,,,,,,,,"(0.9, 1.3, -0.6)",,,"(-7.6, 0.0, 4.3)",
PLAYER_POSITIONS,492548,6/27/2026 10:20:56 AM,90eec047-676b-4d50-9684-e8707ca80941,2.0,,,,,,,,,,,,,,,,,,,,,,,,,,,,,,,,,,,"(-7.3, 0.9, 4.2)","(-7.0, 1.3, 3.9)","(-7.2, 0.8, 4.2)",
PLAYER_GAZE,492548,6/27/2026 10:20:56 AM,90eec047-676b-4d50-9684-e8707ca80941,2.0,,,,,,,,,,,,,,,,,,,,,,,,Military PT 11,,,,,,,,,"(0.8, 1.3, -0.6)",,,"(-7.8, 0.0, 4.6)",
PLAYER_POSITIONS,492548,6/27/2026 10:20:56 AM,90eec047-676b-4d50-9684-e8707ca80941,2.0,,,,,,,,,,,,,,,,,,,,,,,,,,,,,,,,,,,"(-7.3, 0.9, 4.2)","(-7.0, 1.3, 3.9)","(-7.2, 0.8, 4.2)",
PLAYER_GAZE,492548,6/27/2026 10:20:56 AM,90eec047-676b-4d50-9684-e8707ca80941,2.0,,,,,,,,,,,,,,,,,,,,,,,,Military PT 11,,,,,,,,,"(0.8, 1.3, -0.6)",,,"(-7.8, 0.0, 4.6)",
VOICE_CAPTURE,492548,6/27/2026 10:20:56 AM,90eec047-676b-4d50-9684-e8707ca80941,2.0,,,,,,,,,,,,,,,,,,,,,,,,,,,,,,,,,,,,,,,,,,,,,,,,,,,NA,Thank you.,
PLAYER_POSITIONS,493058,6/27/2026 10:20:57 AM,90eec047-676b-4d50-9684-e8707ca80941,2.0,,,,,,,,,,,,,,,,,,,,,,,,,,,,,,,,,,,"(-7.5, 0.8, 4.4)","(-7.2, 1.3, 4.2)","(-7.4, 0.8, 4.5)",
PLAYER_GAZE,493058,6/27/2026 10:20:57 AM,90eec047-676b-4d50-9684-e8707ca80941,2.0,,,,,,,,,,,,,,,,,,,,,,,,Military PT 11,,,,,,,,,"(0.8, 1.3, -0.6)",,,"(-8.0, 0.0, 4.8)",
PLAYER_POSITIONS,493058,6/27/2026 10:20:57 AM,90eec047-676b-4d50-9684-e8707ca80941,2.0,,,,,,,,,,,,,,,,,,,,,,,,,,,,,,,,,,,"(-7.5, 0.8, 4.4)","(-7.2, 1.3, 4.2)","(-7.4, 0.8, 4.5)",
PLAYER_GAZE,493058,6/27/2026 10:20:57 AM,90eec047-676b-4d50-9684-e8707ca80941,2.0,,,,,,,,,,,,,,,,,,,,,,,,Military PT 11,,,,,,,,,"(0.8, 1.3, -0.6)",,,"(-8.0, 0.0, 4.8)",
PLAYER_POSITIONS,493591,6/27/2026 10:20:57 AM,90eec047-676b-4d50-9684-e8707ca80941,2.0,,,,,,,,,,,,,,,,,,,,,,,,,,,,,,,,,,,"(-7.8, 0.7, 4.8)","(-7.5, 1.3, 4.6)","(-7.7, 0.7, 4.8)",
PLAYER_GAZE,493591,6/27/2026 10:20:57 AM,90eec047-676b-4d50-9684-e8707ca80941,2.0,,,,,,,,,,,,,,,,,,,,,,,,Military PT 11,,,,,,,,,"(0.8, 1.3, -0.5)",,,"(-8.3, 0.0, 5.1)",
PLAYER_POSITIONS,493591,6/27/2026 10:20:57 AM,90eec047-676b-4d50-9684-e8707ca80941,2.0,,,,,,,,,,,,,,,,,,,,,,,,,,,,,,,,,,,"(-7.8, 0.7, 4.8)","(-7.5, 1.3, 4.6)","(-7.7, 0.7, 4.8)",
PLAYER_GAZE,493591,6/27/2026 10:20:57 AM,90eec047-676b-4d50-9684-e8707ca80941,2.0,,,,,,,,,,,,,,,,,,,,,,,,Military PT 11,,,,,,,,,"(0.8, 1.3, -0.5)",,,"(-8.3, 0.0, 5.1)",
PLAYER_POSITIONS,494093,6/27/2026 10:20:58 AM,90eec047-676b-4d50-9684-e8707ca80941,2.0,,,,,,,,,,,,,,,,,,,,,,,,,,,,,,,,,,,"(-8.5, 0.7, 5.1)","(-8.2, 1.3, 4.9)","(-8.4, 0.7, 5.2)",
PLAYER_GAZE,494093,6/27/2026 10:20:58 AM,90eec047-676b-4d50-9684-e8707ca80941,2.0,,,,,,,,,,,,,,,,,,,,,,,,Military PT 11,,,,,,,,,"(0.8, 1.3, -0.5)",,,"(-9.0, 0.0, 5.4)",
PLAYER_POSITIONS,494093,6/27/2026 10:20:58 AM,90eec047-676b-4d50-9684-e8707ca80941,2.0,,,,,,,,,,,,,,,,,,,,,,,,,,,,,,,,,,,"(-8.5, 0.7, 5.1)","(-8.2, 1.3, 4.9)","(-8.4, 0.7, 5.2)",
PLAYER_GAZE,494093,6/27/2026 10:20:58 AM,90eec047-676b-4d50-9684-e8707ca80941,2.0,,,,,,,,,,,,,,,,,,,,,,,,Military PT 11,,,,,,,,,"(0.8, 1.3, -0.5)",,,"(-9.0, 0.0, 5.4)",
VOICE_CAPTURE,494582,6/27/2026 10:20:58 AM,90eec047-676b-4d50-9684-e8707ca80941,2.0,,,,,,,,,,,,,,,,,,,,,,,,,,,,,,,,,,,,,,,,,,,,,,,,,,,NA,"Oh yeah, I caught it.",
PLAYER_POSITIONS,494603,6/27/2026 10:20:58 AM,90eec047-676b-4d50-9684-e8707ca80941,2.0,,,,,,,,,,,,,,,,,,,,,,,,,,,,,,,,,,,"(-9.2, 0.7, 5.5)","(-8.9, 1.3, 5.3)","(-9.1, 0.7, 5.6)",
PLAYER_GAZE,494603,6/27/2026 10:20:58 AM,90eec047-676b-4d50-9684-e8707ca80941,2.0,,,,,,,,,,,,,,,,,,,,,,,,Military PT 11,,,,,,,,,"(0.9, 1.3, -0.5)",,,"(-9.7, 0.0, 5.8)",
PLAYER_POSITIONS,494603,6/27/2026 10:20:58 AM,90eec047-676b-4d50-9684-e8707ca80941,2.0,,,,,,,,,,,,,,,,,,,,,,,,,,,,,,,,,,,"(-9.2, 0.7, 5.5)","(-8.9, 1.3, 5.3)","(-9.1, 0.7, 5.6)",
PLAYER_GAZE,494603,6/27/2026 10:20:58 AM,90eec047-676b-4d50-9684-e8707ca80941,2.0,,,,,,,,,,,,,,,,,,,,,,,,Military PT 11,,,,,,,,,"(0.9, 1.3, -0.5)",,,"(-9.7, 0.0, 5.8)",
VOICE_CAPTURE,495060,6/27/2026 10:20:59 AM,90eec047-676b-4d50-9684-e8707ca80941,2.0,,,,,,,,,,,,,,,,,,,,,,,,,,,,,,,,,,,,,,,,,,,,,,,,,,,NA,"Oh yeah, I caught it. Oh yeah, I clicked on the joystick.",
PLAYER_POSITIONS,495103,6/27/2026 10:20:59 AM,90eec047-676b-4d50-9684-e8707ca80941,2.0,,,,,,,,,,,,,,,,,,,,,,,,,,,,,,,,,,,"(-9.7, 0.7, 6.2)","(-9.3, 1.3, 6.0)","(-9.6, 0.7, 6.2)",
PLAYER_POSITIONS,495103,6/27/2026 10:20:59 AM,90eec047-676b-4d50-9684-e8707ca80941,2.0,,,,,,,,,,,,,,,,,,,,,,,,,,,,,,,,,,,"(-9.7, 0.7, 6.2)","(-9.3, 1.3, 6.0)","(-9.6, 0.7, 6.2)",
AUDIO_END,495280,6/27/2026 10:20:59 AM,90eec047-676b-4d50-9684-e8707ca80941,2.0,jet flyover,8.071836,
NARRATIVE_SECTION_END,495280,6/27/2026 10:20:59 AM,90eec047-676b-4d50-9684-e8707ca80941,2.0,,,,,,,,,,,,,,,,,,Jet flyover sound,55,
NARRATIVE_SECTION_START,495299,6/27/2026 10:20:59 AM,90eec047-676b-4d50-9684-e8707ca80941,2.0,,,,,,,,,,,,,,,,,,Distant Explosion,56,
VOICE_CAPTURE,495559,6/27/2026 10:20:59 AM,90eec047-676b-4d50-9684-e8707ca80941,2.0,,,,,,,,,,,,,,,,,,,,,,,,,,,,,,,,,,,,,,,,,,,,,,,,,,,NA,"Oh yeah, I caught it. Oh yeah, I clicked on the joystick.",
VOICE_CAPTURE,495559,6/27/2026 10:20:59 AM,90eec047-676b-4d50-9684-e8707ca80941,2.0,,,,,,,,,,,,,,,,,,,,,,,,,,,,,,,,,,,,,,,,,,,,,,,,,,,NA,"Oh yeah, I caught it. Oh yeah, I clicked on the joystick.",
PLAYER_POSITIONS,495604,6/27/2026 10:20:59 AM,90eec047-676b-4d50-9684-e8707ca80941,2.0,,,,,,,,,,,,,,,,,,,,,,,,,,,,,,,,,,,"(-10.3, 0.7, 6.6)","(-10.0, 1.3, 6.4)","(-10.1, 0.7, 6.7)",
PLAYER_GAZE,495604,6/27/2026 10:20:59 AM,90eec047-676b-4d50-9684-e8707ca80941,2.0,,,,,,,,,,,,,,,,,,,,,,,,Military PT 11,,,,,,,,,"(0.9, 1.3, -0.4)",,,"(-10.8, 0.0, 6.8)",
PLAYER_POSITIONS,495604,6/27/2026 10:20:59 AM,90eec047-676b-4d50-9684-e8707ca80941,2.0,,,,,,,,,,,,,,,,,,,,,,,,,,,,,,,,,,,"(-10.3, 0.7, 6.6)","(-10.0, 1.3, 6.4)","(-10.1, 0.7, 6.7)",
PLAYER_GAZE,495604,6/27/2026 10:20:59 AM,90eec047-676b-4d50-9684-e8707ca80941,2.0,,,,,,,,,,,,,,,,,,,,,,,,Military PT 11,,,,,,,,,"(0.9, 1.3, -0.4)",,,"(-10.8, 0.0, 6.8)",
DRAG_STOP,495806,6/27/2026 10:20:59 AM,90eec047-676b-4d50-9684-e8707ca80941,2.0,,,,,"(-4.3, 0.0, 3.9)","(-10.9, 0.0, 7.1)",,,,,,,,,,,,,,,,,,Military PT 11,
DRAG_STOP,495806,6/27/2026 10:20:59 AM,90eec047-676b-4d50-9684-e8707ca80941,2.0,,,,,"(-4.3, 0.0, 3.9)","(-10.9, 0.0, 7.1)",,,,,,,,,,,,,,,,,,Military PT 11,
DRAG_STOP,495828,6/27/2026 10:20:59 AM,90eec047-676b-4d50-9684-e8707ca80941,2.0,,,,,"(-4.3, 0.0, 3.9)","(-10.9, 0.0, 7.1)",,,,,,,,,,,,,,,,,,Military PT 11,
DRAG_STOP,495828,6/27/2026 10:20:59 AM,90eec047-676b-4d50-9684-e8707ca80941,2.0,,,,,"(-4.3, 0.0, 3.9)","(-10.9, 0.0, 7.1)",,,,,,,,,,,,,,,,,,Military PT 11,
PLAYER_POSITIONS,496116,6/27/2026 10:21:00 AM,90eec047-676b-4d50-9684-e8707ca80941,2.0,,,,,,,,,,,,,,,,,,,,,,,,,,,,,,,,,,,"(-10.4, 0.6, 6.4)","(-10.2, 1.3, 6.3)","(-10.3, 0.6, 6.6)",
PLAYER_POSITIONS,496116,6/27/2026 10:21:00 AM,90eec047-676b-4d50-9684-e8707ca80941,2.0,,,,,,,,,,,,,,,,,,,,,,,,,,,,,,,,,,,"(-10.4, 0.6, 6.4)","(-10.2, 1.3, 6.3)","(-10.3, 0.6, 6.6)",
AUDIO_START,496293,6/27/2026 10:21:00 AM,90eec047-676b-4d50-9684-e8707ca80941,2.0,distant explosion,4.675919,
PLAYER_POSITIONS,496626,6/27/2026 10:21:00 AM,90eec047-676b-4d50-9684-e8707ca80941,2.0,,,,,,,,,,,,,,,,,,,,,,,,,,,,,,,,,,,"(-10.4, 0.4, 6.0)","(-10.4, 1.3, 6.2)","(-10.6, 0.6, 6.6)",
PLAYER_POSITIONS,496626,6/27/2026 10:21:00 AM,90eec047-676b-4d50-9684-e8707ca80941,2.0,,,,,,,,,,,,,,,,,,,,,,,,,,,,,,,,,,,"(-10.4, 0.4, 6.0)","(-10.4, 1.3, 6.2)","(-10.6, 0.6, 6.6)",
PLAYER_POSITIONS,497140,6/27/2026 10:21:01 AM,90eec047-676b-4d50-9684-e8707ca80941,2.0,,,,,,,,,,,,,,,,,,,,,,,,,,,,,,,,,,,"(-10.2, 0.5, 6.3)","(-10.3, 1.3, 6.5)","(-10.3, 0.7, 6.5)",
PLAYER_POSITIONS,497140,6/27/2026 10:21:01 AM,90eec047-676b-4d50-9684-e8707ca80941,2.0,,,,,,,,,,,,,,,,,,,,,,,,,,,,,,,,,,,"(-10.2, 0.5, 6.3)","(-10.3, 1.3, 6.5)","(-10.3, 0.7, 6.5)",
PLAYER_POSITIONS,497664,6/27/2026 10:21:01 AM,90eec047-676b-4d50-9684-e8707ca80941,2.0,,,,,,,,,,,,,,,,,,,,,,,,,,,,,,,,,,,"(-10.2, 0.5, 6.3)","(-10.4, 1.3, 6.5)","(-10.6, 0.7, 6.5)",
PLAYER_POSITIONS,497664,6/27/2026 10:21:01 AM,90eec047-676b-4d50-9684-e8707ca80941,2.0,,,,,,,,,,,,,,,,,,,,,,,,,,,,,,,,,,,"(-10.2, 0.5, 6.3)","(-10.4, 1.3, 6.5)","(-10.6, 0.7, 6.5)",
VOICE_CAPTURE,497664,6/27/2026 10:21:01 AM,90eec047-676b-4d50-9684-e8707ca80941,2.0,,,,,,,,,,,,,,,,,,,,,,,,,,,,,,,,,,,,,,,,,,,,,,,,,,,NA,"Okay, here's the thing.",
PLAYER_POSITIONS,498164,6/27/2026 10:21:02 AM,90eec047-676b-4d50-9684-e8707ca80941,2.0,,,,,,,,,,,,,,,,,,,,,,,,,,,,,,,,,,,"(-10.2, 0.5, 5.9)","(-10.2, 1.3, 6.0)","(-10.3, 0.7, 6.0)",
PLAYER_POSITIONS,498164,6/27/2026 10:21:02 AM,90eec047-676b-4d50-9684-e8707ca80941,2.0,,,,,,,,,,,,,,,,,,,,,,,,,,,,,,,,,,,"(-10.2, 0.5, 5.9)","(-10.2, 1.3, 6.0)","(-10.3, 0.7, 6.0)",
VOICE_CAPTURE,498164,6/27/2026 10:21:02 AM,90eec047-676b-4d50-9684-e8707ca80941,2.0,,,,,,,,,,,,,,,,,,,,,,,,,,,,,,,,,,,,,,,,,,,,,,,,,,,NA,"Okay, here's where I go.",
VOICE_CAPTURE,498596,6/27/2026 10:21:02 AM,90eec047-676b-4d50-9684-e8707ca80941,2.0,,,,,,,,,,,,,,,,,,,,,,,,,,,,,,,,,,,,,,,,,,,,,,,,,,,NA,"Okay, before I go on a media",
PATIENT_DISENGAGED,498682,6/27/2026 10:21:02 AM,90eec047-676b-4d50-9684-e8707ca80941,2.0,,,,11.22,,,,,,,,,,,,,,,,normal,100,Infinity,normal,Military PT 11,panic,supine,"(-11.0, 0.0, 7.0)",normal,"(0.0, -0.1, 0.0, 1.0)",normal,MINIMAL,still,,,,,,,,,,,,,,,,,43.04,
PATIENT_ENGAGED,498682,6/27/2026 10:21:02 AM,90eec047-676b-4d50-9684-e8707ca80941,2.0,,,,0,,,,,,,,,,,,,,,,fast,100,Infinity,normal,Military PT 5,upset,supine,"(-10.7, 0.0, 3.6)",faint,"(0.0, 1.0, 0.0, 0.0)",normal,IMMEDIATE,still,,,,,,,,,,,,,,,,,16.59,
PLAYER_POSITIONS,498685,6/27/2026 10:21:02 AM,90eec047-676b-4d50-9684-e8707ca80941,2.0,,,,,,,,,,,,,,,,,,,,,,,,,,,,,,,,,,,"(-10.2, 0.4, 5.1)","(-10.4, 1.3, 5.2)","(-10.5, 0.7, 5.2)",
PLAYER_POSITIONS,498685,6/27/2026 10:21:02 AM,90eec047-676b-4d50-9684-e8707ca80941,2.0,,,,,,,,,,,,,,,,,,,,,,,,,,,,,,,,,,,"(-10.2, 0.4, 5.1)","(-10.4, 1.3, 5.2)","(-10.5, 0.7, 5.2)",
VOICE_CAPTURE,499073,6/27/2026 10:21:03 AM,90eec047-676b-4d50-9684-e8707ca80941,2.0,,,,,,,,,,,,,,,,,,,,,,,,,,,,,,,,,,,,,,,,,,,,,,,,,,,NA,"Okay, before I go on immediately.",
PLAYER_POSITIONS,499206,6/27/2026 10:21:03 AM,90eec047-676b-4d50-9684-e8707ca80941,2.0,,,,,,,,,,,,,,,,,,,,,,,,,,,,,,,,,,,"(-10.4, 0.4, 4.4)","(-10.5, 1.3, 4.5)","(-10.7, 0.7, 4.5)",
PLAYER_POSITIONS,499206,6/27/2026 10:21:03 AM,90eec047-676b-4d50-9684-e8707ca80941,2.0,,,,,,,,,,,,,,,,,,,,,,,,,,,,,,,,,,,"(-10.4, 0.4, 4.4)","(-10.5, 1.3, 4.5)","(-10.7, 0.7, 4.5)",
VOICE_CAPTURE,499562,6/27/2026 10:21:03 AM,90eec047-676b-4d50-9684-e8707ca80941,2.0,,,,,,,,,,,,,,,,,,,,,,,,,,,,,,,,,,,,,,,,,,,,,,,,,,,NA,"Okay, before I go on immediately.",
VOICE_CAPTURE,499562,6/27/2026 10:21:03 AM,90eec047-676b-4d50-9684-e8707ca80941,2.0,,,,,,,,,,,,,,,,,,,,,,,,,,,,,,,,,,,,,,,,,,,,,,,,,,,NA,"Okay, before I go on immediately.",
PLAYER_POSITIONS,499719,6/27/2026 10:21:03 AM,90eec047-676b-4d50-9684-e8707ca80941,2.0,,,,,,,,,,,,,,,,,,,,,,,,,,,,,,,,,,,"(-10.6, 0.4, 4.1)","(-10.8, 1.2, 4.4)","(-11.0, 0.5, 4.4)",
PLAYER_POSITIONS,499719,6/27/2026 10:21:03 AM,90eec047-676b-4d50-9684-e8707ca80941,2.0,,,,,,,,,,,,,,,,,,,,,,,,,,,,,,,,,,,"(-10.6, 0.4, 4.1)","(-10.8, 1.2, 4.4)","(-11.0, 0.5, 4.4)",
VOICE_CAPTURE,500086,6/27/2026 10:21:04 AM,90eec047-676b-4d50-9684-e8707ca80941,2.0,,,,,,,,,,,,,,,,,,,,,,,,,,,,,,,,,,,,,,,,,,,,,,,,,,,NA,immediately.,
PLAYER_POSITIONS,500240,6/27/2026 10:21:04 AM,90eec047-676b-4d50-9684-e8707ca80941,2.0,,,,,,,,,,,,,,,,,,,,,,,,,,,,,,,,,,,"(-10.8, 0.5, 3.8)","(-11.0, 1.2, 4.1)","(-11.2, 0.4, 4.1)",
PLAYER_POSITIONS,500240,6/27/2026 10:21:04 AM,90eec047-676b-4d50-9684-e8707ca80941,2.0,,,,,,,,,,,,,,,,,,,,,,,,,,,,,,,,,,,"(-10.8, 0.5, 3.8)","(-11.0, 1.2, 4.1)","(-11.2, 0.4, 4.1)",
VOICE_CAPTURE,500575,6/27/2026 10:21:04 AM,90eec047-676b-4d50-9684-e8707ca80941,2.0,,,,,,,,,,,,,,,,,,,,,,,,,,,,,,,,,,,,,,,,,,,,,,,,,,,NA,immediately.,
PLAYER_POSITIONS,500762,6/27/2026 10:21:04 AM,90eec047-676b-4d50-9684-e8707ca80941,2.0,,,,,,,,,,,,,,,,,,,,,,,,,,,,,,,,,,,"(-10.8, 0.5, 3.9)","(-11.0, 1.2, 4.2)","(-11.1, 0.4, 4.2)",
PLAYER_POSITIONS,500762,6/27/2026 10:21:04 AM,90eec047-676b-4d50-9684-e8707ca80941,2.0,,,,,,,,,,,,,,,,,,,,,,,,,,,,,,,,,,,"(-10.8, 0.5, 3.9)","(-11.0, 1.2, 4.2)","(-11.1, 0.4, 4.2)",
AUDIO_END,500997,6/27/2026 10:21:05 AM,90eec047-676b-4d50-9684-e8707ca80941,2.0,distant explosion,4.675919,
NARRATIVE_SECTION_END,500997,6/27/2026 10:21:05 AM,90eec047-676b-4d50-9684-e8707ca80941,2.0,,,,,,,,,,,,,,,,,,Distant Explosion,56,
NARRATIVE_SECTION_START,501027,6/27/2026 10:21:05 AM,90eec047-676b-4d50-9684-e8707ca80941,2.0,,,,,,,,,,,,,,,,,,Hostiles are retreating good hits,57,
VOICE_CAPTURE,501098,6/27/2026 10:21:05 AM,90eec047-676b-4d50-9684-e8707ca80941,2.0,,,,,,,,,,,,,,,,,,,,,,,,,,,,,,,,,,,,,,,,,,,,,,,,,,,NA,on immediately. Can you tell me what you think?,
PLAYER_POSITIONS,501275,6/27/2026 10:21:05 AM,90eec047-676b-4d50-9684-e8707ca80941,2.0,,,,,,,,,,,,,,,,,,,,,,,,,,,,,,,,,,,"(-10.8, 0.5, 3.9)","(-11.0, 1.2, 4.1)","(-11.1, 0.4, 4.2)",
PLAYER_POSITIONS,501275,6/27/2026 10:21:05 AM,90eec047-676b-4d50-9684-e8707ca80941,2.0,,,,,,,,,,,,,,,,,,,,,,,,,,,,,,,,,,,"(-10.8, 0.5, 3.9)","(-11.0, 1.2, 4.1)","(-11.1, 0.4, 4.2)",
VOICE_CAPTURE,501564,6/27/2026 10:21:05 AM,90eec047-676b-4d50-9684-e8707ca80941,2.0,,,,,,,,,,,,,,,,,,,,,,,,,,,,,,,,,,,,,,,,,,,,,,,,,,,NA,on immediately. Can you tell me what year it is?,
PLAYER_POSITIONS,501785,6/27/2026 10:21:05 AM,90eec047-676b-4d50-9684-e8707ca80941,2.0,,,,,,,,,,,,,,,,,,,,,,,,,,,,,,,,,,,"(-10.8, 0.5, 3.9)","(-11.0, 1.2, 4.1)","(-11.1, 0.4, 4.1)",
PLAYER_POSITIONS,501785,6/27/2026 10:21:05 AM,90eec047-676b-4d50-9684-e8707ca80941,2.0,,,,,,,,,,,,,,,,,,,,,,,,,,,,,,,,,,,"(-10.8, 0.5, 3.9)","(-11.0, 1.2, 4.1)","(-11.1, 0.4, 4.1)",
VOICE_CAPTURE,502082,6/27/2026 10:21:06 AM,90eec047-676b-4d50-9684-e8707ca80941,2.0,,,,,,,,,,,,,,,,,,,,,,,,,,,,,,,,,,,,,,,,,,,,,,,,,,,NA,on immediately. Can you tell me what year it is?,
VOICE_CAPTURE,502082,6/27/2026 10:21:06 AM,90eec047-676b-4d50-9684-e8707ca80941,2.0,,,,,,,,,,,,,,,,,,,,,,,,,,,,,,,,,,,,,,,,,,,,,,,,,,,NA,on immediately. Can you tell me what year it is?,
VOICE_COMMAND,502082,6/27/2026 10:21:06 AM,90eec047-676b-4d50-9684-e8707ca80941,2.0,,,,,,,,,,,,,,,,,,,,,,,,,,,,,,,,,,,,,,,,,,,,,,,,,,,on immediately. Can you tell me what year it is?,what year is it,
PULSE_TAKEN,502275,6/27/2026 10:21:06 AM,90eec047-676b-4d50-9684-e8707ca80941,2.0,,,,,,,,,,,,,,,,,,,,,,,,Military PT 5,,,,pulse_faint,
PLAYER_POSITIONS,502299,6/27/2026 10:21:06 AM,90eec047-676b-4d50-9684-e8707ca80941,2.0,,,,,,,,,,,,,,,,,,,,,,,,,,,,,,,,,,,"(-10.7, 0.5, 3.9)","(-11.2, 1.0, 4.2)","(-11.3, 0.2, 4.2)",
PLAYER_POSITIONS,502299,6/27/2026 10:21:06 AM,90eec047-676b-4d50-9684-e8707ca80941,2.0,,,,,,,,,,,,,,,,,,,,,,,,,,,,,,,,,,,"(-10.7, 0.5, 3.9)","(-11.2, 1.0, 4.2)","(-11.3, 0.2, 4.2)",
VOICE_CAPTURE,502556,6/27/2026 10:21:06 AM,90eec047-676b-4d50-9684-e8707ca80941,2.0,,,,,,,,,,,,,,,,,,,,,,,,,,,,,,,,,,,,,,,,,,,,,,,,,,,NA,Can you tell me what year it is?,
PLAYER_POSITIONS,502801,6/27/2026 10:21:06 AM,90eec047-676b-4d50-9684-e8707ca80941,2.0,,,,,,,,,,,,,,,,,,,,,,,,,,,,,,,,,,,"(-10.8, 0.5, 3.9)","(-11.2, 1.0, 4.2)","(-11.3, 0.2, 4.2)",
PLAYER_POSITIONS,502801,6/27/2026 10:21:06 AM,90eec047-676b-4d50-9684-e8707ca80941,2.0,,,,,,,,,,,,,,,,,,,,,,,,,,,,,,,,,,,"(-10.8, 0.5, 3.9)","(-11.2, 1.0, 4.2)","(-11.3, 0.2, 4.2)",
VOICE_CAPTURE,503067,6/27/2026 10:21:07 AM,90eec047-676b-4d50-9684-e8707ca80941,2.0,,,,,,,,,,,,,,,,,,,,,,,,,,,,,,,,,,,,,,,,,,,,,,,,,,,NA,Can you tell me what year it is?,
DRAG_STOP,503266,6/27/2026 10:21:07 AM,90eec047-676b-4d50-9684-e8707ca80941,2.0,,,,,"(-4.3, 0.0, 3.9)","(-10.9, 0.0, 7.1)",,,,,,,,,,,,,,,,,,Military PT 5,
PLAYER_POSITIONS,503308,6/27/2026 10:21:07 AM,90eec047-676b-4d50-9684-e8707ca80941,2.0,,,,,,,,,,,,,,,,,,,,,,,,,,,,,,,,,,,"(-11.0, 0.5, 4.1)","(-11.3, 1.3, 4.3)","(-11.3, 0.3, 4.3)",
PLAYER_POSITIONS,503308,6/27/2026 10:21:07 AM,90eec047-676b-4d50-9684-e8707ca80941,2.0,,,,,,,,,,,,,,,,,,,,,,,,,,,,,,,,,,,"(-11.0, 0.5, 4.1)","(-11.3, 1.3, 4.3)","(-11.3, 0.3, 4.3)",
PLAYER_POSITIONS,503809,6/27/2026 10:21:07 AM,90eec047-676b-4d50-9684-e8707ca80941,2.0,,,,,,,,,,,,,,,,,,,,,,,,,,,,,,,,,,,"(-11.8, 0.5, 4.2)","(-12.0, 1.3, 4.5)","(-12.1, 0.4, 4.6)",
PLAYER_POSITIONS,503809,6/27/2026 10:21:07 AM,90eec047-676b-4d50-9684-e8707ca80941,2.0,,,,,,,,,,,,,,,,,,,,,,,,,,,,,,,,,,,"(-11.8, 0.5, 4.2)","(-12.0, 1.3, 4.5)","(-12.1, 0.4, 4.6)",
AUDIO_START,504002,6/27/2026 10:21:08 AM,90eec047-676b-4d50-9684-e8707ca80941,2.0,hostiles are retreating good hits,3.108572,
PATIENT_DISENGAGED,504300,6/27/2026 10:21:08 AM,90eec047-676b-4d50-9684-e8707ca80941,2.0,,,,5.62,,,,,,,,,,,,,,,,fast,100,Infinity,normal,Military PT 5,upset,supine,"(-10.7, 0.0, 3.6)",faint,"(0.0, 1.0, 0.0, 0.0)",normal,IMMEDIATE,still,,,,,,,,,,,,,,,,,22.21,
PLAYER_POSITIONS,504325,6/27/2026 10:21:08 AM,90eec047-676b-4d50-9684-e8707ca80941,2.0,,,,,,,,,,,,,,,,,,,,,,,,,,,,,,,,,,,"(-12.7, 0.4, 4.2)","(-12.7, 1.4, 4.4)","(-12.9, 0.4, 4.5)",
PLAYER_POSITIONS,504325,6/27/2026 10:21:08 AM,90eec047-676b-4d50-9684-e8707ca80941,2.0,,,,,,,,,,,,,,,,,,,,,,,,,,,,,,,,,,,"(-12.7, 0.4, 4.2)","(-12.7, 1.4, 4.4)","(-12.9, 0.4, 4.5)",
PATIENT_ENGAGED,504645,6/27/2026 10:21:08 AM,90eec047-676b-4d50-9684-e8707ca80941,2.0,,,,0,,,,,,,,,,,,,,,,normal,100,128,normal,Military PT 13,calm,standing,"(-15.2, 0.0, 5.0)",normal,"(0.0, 0.7, 0.0, 0.7)",normal,MINIMAL,still,,,,,,,,,,,,,,,,,2.32,
PLAYER_POSITIONS,504847,6/27/2026 10:21:08 AM,90eec047-676b-4d50-9684-e8707ca80941,2.0,,,,,,,,,,,,,,,,,,,,,,,,,,,,,,,,,,,"(-13.6, 0.5, 4.3)","(-13.6, 1.3, 4.6)","(-13.8, 0.5, 4.7)",
PLAYER_POSITIONS,504847,6/27/2026 10:21:08 AM,90eec047-676b-4d50-9684-e8707ca80941,2.0,,,,,,,,,,,,,,,,,,,,,,,,,,,,,,,,,,,"(-13.6, 0.5, 4.3)","(-13.6, 1.3, 4.6)","(-13.8, 0.5, 4.7)",
PLAYER_POSITIONS,505348,6/27/2026 10:21:09 AM,90eec047-676b-4d50-9684-e8707ca80941,2.0,,,,,,,,,,,,,,,,,,,,,,,,,,,,,,,,,,,"(-14.1, 0.5, 4.4)","(-14.1, 1.3, 4.6)","(-14.3, 0.4, 4.7)",
PLAYER_POSITIONS,505348,6/27/2026 10:21:09 AM,90eec047-676b-4d50-9684-e8707ca80941,2.0,,,,,,,,,,,,,,,,,,,,,,,,,,,,,,,,,,,"(-14.1, 0.5, 4.4)","(-14.1, 1.3, 4.6)","(-14.3, 0.4, 4.7)",
PLAYER_POSITIONS,505859,6/27/2026 10:21:09 AM,90eec047-676b-4d50-9684-e8707ca80941,2.0,,,,,,,,,,,,,,,,,,,,,,,,,,,,,,,,,,,"(-14.2, 0.5, 4.3)","(-14.4, 1.2, 4.5)","(-14.5, 0.4, 4.6)",
PLAYER_POSITIONS,505859,6/27/2026 10:21:09 AM,90eec047-676b-4d50-9684-e8707ca80941,2.0,,,,,,,,,,,,,,,,,,,,,,,,,,,,,,,,,,,"(-14.2, 0.5, 4.3)","(-14.4, 1.2, 4.5)","(-14.5, 0.4, 4.6)",
PATIENT_DISENGAGED,506012,6/27/2026 10:21:10 AM,90eec047-676b-4d50-9684-e8707ca80941,2.0,,,,1.36,,,,,,,,,,,,,,,,normal,100,128,normal,Military PT 13,calm,standing,"(-15.1, 0.0, 5.1)",normal,"(0.0, 0.8, 0.0, 0.6)",normal,MINIMAL,still,,,,,,,,,,,,,,,,,3.68,
PATIENT_ENGAGED,506012,6/27/2026 10:21:10 AM,90eec047-676b-4d50-9684-e8707ca80941,2.0,,,,0,,,,,,,,,,,,,,,,normal,100,Infinity,normal,Civilian PT 3,upset,supine,"(-14.1, 0.0, 5.1)",normal,"(0.0, 0.8, 0.0, 0.6)",normal,DELAYED,still,,,,,,,,,,,,,,,,,21.9,
PULSE_TAKEN,506345,6/27/2026 10:21:10 AM,90eec047-676b-4d50-9684-e8707ca80941,2.0,,,,,,,,,,,,,,,,,,,,,,,,Civilian PT 3,,,,pulse_normal,
PLAYER_POSITIONS,506372,6/27/2026 10:21:10 AM,90eec047-676b-4d50-9684-e8707ca80941,2.0,,,,,,,,,,,,,,,,,,,,,,,,,,,,,,,,,,,"(-14.3, 0.4, 4.3)","(-14.6, 0.9, 4.6)","(-14.8, 0.2, 4.7)",
PLAYER_POSITIONS,506372,6/27/2026 10:21:10 AM,90eec047-676b-4d50-9684-e8707ca80941,2.0,,,,,,,,,,,,,,,,,,,,,,,,,,,,,,,,,,,"(-14.3, 0.4, 4.3)","(-14.6, 0.9, 4.6)","(-14.8, 0.2, 4.7)",
PLAYER_POSITIONS,506882,6/27/2026 10:21:10 AM,90eec047-676b-4d50-9684-e8707ca80941,2.0,,,,,,,,,,,,,,,,,,,,,,,,,,,,,,,,,,,"(-14.3, 0.4, 4.4)","(-14.6, 0.9, 4.6)","(-14.8, 0.2, 4.6)",
PLAYER_POSITIONS,506882,6/27/2026 10:21:10 AM,90eec047-676b-4d50-9684-e8707ca80941,2.0,,,,,,,,,,,,,,,,,,,,,,,,,,,,,,,,,,,"(-14.3, 0.4, 4.4)","(-14.6, 0.9, 4.6)","(-14.8, 0.2, 4.6)",
VOICE_CAPTURE,507072,6/27/2026 10:21:11 AM,90eec047-676b-4d50-9684-e8707ca80941,2.0,,,,,,,,,,,,,,,,,,,,,,,,,,,,,,,,,,,,,,,,,,,,,,,,,,,NA,Can you tell me what you're...,
AUDIO_END,507116,6/27/2026 10:21:11 AM,90eec047-676b-4d50-9684-e8707ca80941,2.0,hostiles are retreating good hits,3.108572,
NARRATIVE_SECTION_END,507116,6/27/2026 10:21:11 AM,90eec047-676b-4d50-9684-e8707ca80941,2.0,,,,,,,,,,,,,,,,,,Hostiles are retreating good hits,57,
NARRATIVE_SECTION_START,507135,6/27/2026 10:21:11 AM,90eec047-676b-4d50-9684-e8707ca80941,2.0,,,,,,,,,,,,,,,,,,Bravo taking sustained fire,58,
PLAYER_POSITIONS,507382,6/27/2026 10:21:11 AM,90eec047-676b-4d50-9684-e8707ca80941,2.0,,,,,,,,,,,,,,,,,,,,,,,,,,,,,,,,,,,"(-14.3, 0.4, 4.4)","(-14.6, 0.9, 4.6)","(-14.8, 0.2, 4.6)",
PLAYER_POSITIONS,507382,6/27/2026 10:21:11 AM,90eec047-676b-4d50-9684-e8707ca80941,2.0,,,,,,,,,,,,,,,,,,,,,,,,,,,,,,,,,,,"(-14.3, 0.4, 4.4)","(-14.6, 0.9, 4.6)","(-14.8, 0.2, 4.6)",
VOICE_CAPTURE,507570,6/27/2026 10:21:11 AM,90eec047-676b-4d50-9684-e8707ca80941,2.0,,,,,,,,,,,,,,,,,,,,,,,,,,,,,,,,,,,,,,,,,,,,,,,,,,,NA,Can you tell me what you're... Can you tell me what year it is still?,
DRAG_STOP,507750,6/27/2026 10:21:11 AM,90eec047-676b-4d50-9684-e8707ca80941,2.0,,,,,"(-4.3, 0.0, 3.9)","(-10.9, 0.0, 7.1)",,,,,,,,,,,,,,,,,,Civilian PT 3,
PLAYER_POSITIONS,507905,6/27/2026 10:21:12 AM,90eec047-676b-4d50-9684-e8707ca80941,2.0,,,,,,,,,,,,,,,,,,,,,,,,,,,,,,,,,,,"(-14.4, 0.5, 4.3)","(-14.5, 1.2, 4.5)","(-14.6, 0.7, 4.7)",
PLAYER_POSITIONS,507905,6/27/2026 10:21:12 AM,90eec047-676b-4d50-9684-e8707ca80941,2.0,,,,,,,,,,,,,,,,,,,,,,,,,,,,,,,,,,,"(-14.4, 0.5, 4.3)","(-14.5, 1.2, 4.5)","(-14.6, 0.7, 4.7)",
VOICE_CAPTURE,508060,6/27/2026 10:21:12 AM,90eec047-676b-4d50-9684-e8707ca80941,2.0,,,,,,,,,,,,,,,,,,,,,,,,,,,,,,,,,,,,,,,,,,,,,,,,,,,NA,Can you tell me what you're... Can you tell me what year it is still?,
VOICE_CAPTURE,508060,6/27/2026 10:21:12 AM,90eec047-676b-4d50-9684-e8707ca80941,2.0,,,,,,,,,,,,,,,,,,,,,,,,,,,,,,,,,,,,,,,,,,,,,,,,,,,NA,Can you tell me what you're... Can you tell me what year it is still?,
VOICE_COMMAND,508060,6/27/2026 10:21:12 AM,90eec047-676b-4d50-9684-e8707ca80941,2.0,,,,,,,,,,,,,,,,,,,,,,,,,,,,,,,,,,,,,,,,,,,,,,,,,,,Can you tell me what you're... Can you tell me what year it is still?,what year is it,
PLAYER_POSITIONS,508418,6/27/2026 10:21:12 AM,90eec047-676b-4d50-9684-e8707ca80941,2.0,,,,,,,,,,,,,,,,,,,,,,,,,,,,,,,,,,,"(-14.3, 1.4, 4.3)","(-14.3, 1.3, 4.5)","(-14.3, 1.4, 4.6)",
PLAYER_GAZE,508418,6/27/2026 10:21:12 AM,90eec047-676b-4d50-9684-e8707ca80941,2.0,,,,,,,,,,,,,,,,,,,,,,,,Civilian PT 3,,,,,,,,,"(-0.4, 1.3, -0.6)",,,"(-13.9, 0.0, 5.1)",
PLAYER_POSITIONS,508418,6/27/2026 10:21:12 AM,90eec047-676b-4d50-9684-e8707ca80941,2.0,,,,,,,,,,,,,,,,,,,,,,,,,,,,,,,,,,,"(-14.3, 1.4, 4.3)","(-14.3, 1.3, 4.5)","(-14.3, 1.4, 4.6)",
PLAYER_GAZE,508418,6/27/2026 10:21:12 AM,90eec047-676b-4d50-9684-e8707ca80941,2.0,,,,,,,,,,,,,,,,,,,,,,,,Civilian PT 3,,,,,,,,,"(-0.4, 1.3, -0.6)",,,"(-13.9, 0.0, 5.1)",
PLAYER_POSITIONS,508919,6/27/2026 10:21:13 AM,90eec047-676b-4d50-9684-e8707ca80941,2.0,,,,,,,,,,,,,,,,,,,,,,,,,,,,,,,,,,,"(-14.2, 1.4, 4.3)","(-14.3, 1.3, 4.5)","(-14.3, 1.4, 4.6)",
PLAYER_GAZE,508919,6/27/2026 10:21:13 AM,90eec047-676b-4d50-9684-e8707ca80941,2.0,,,,,,,,,,,,,,,,,,,,,,,,Civilian PT 3,,,,,,,,,"(-0.4, 1.3, -0.6)",,,"(-13.9, 0.0, 5.1)",
PLAYER_POSITIONS,508919,6/27/2026 10:21:13 AM,90eec047-676b-4d50-9684-e8707ca80941,2.0,,,,,,,,,,,,,,,,,,,,,,,,,,,,,,,,,,,"(-14.2, 1.4, 4.3)","(-14.3, 1.3, 4.5)","(-14.3, 1.4, 4.6)",
PLAYER_GAZE,508919,6/27/2026 10:21:13 AM,90eec047-676b-4d50-9684-e8707ca80941,2.0,,,,,,,,,,,,,,,,,,,,,,,,Civilian PT 3,,,,,,,,,"(-0.4, 1.3, -0.6)",,,"(-13.9, 0.0, 5.1)",
VOICE_CAPTURE,509099,6/27/2026 10:21:13 AM,90eec047-676b-4d50-9684-e8707ca80941,2.0,,,,,,,,,,,,,,,,,,,,,,,,,,,,,,,,,,,,,,,,,,,,,,,,,,,NA,Oh hello.,
PLAYER_POSITIONS,509429,6/27/2026 10:21:13 AM,90eec047-676b-4d50-9684-e8707ca80941,2.0,,,,,,,,,,,,,,,,,,,,,,,,,,,,,,,,,,,"(-14.3, 0.8, 4.3)","(-14.2, 1.1, 4.6)","(-14.4, 0.8, 4.7)",
PLAYER_POSITIONS,509429,6/27/2026 10:21:13 AM,90eec047-676b-4d50-9684-e8707ca80941,2.0,,,,,,,,,,,,,,,,,,,,,,,,,,,,,,,,,,,"(-14.3, 0.8, 4.3)","(-14.2, 1.1, 4.6)","(-14.4, 0.8, 4.7)",
VOICE_CAPTURE,509607,6/27/2026 10:21:13 AM,90eec047-676b-4d50-9684-e8707ca80941,2.0,,,,,,,,,,,,,,,,,,,,,,,,,,,,,,,,,,,,,,,,,,,,,,,,,,,NA,Oh hello.,
VOICE_CAPTURE,509607,6/27/2026 10:21:13 AM,90eec047-676b-4d50-9684-e8707ca80941,2.0,,,,,,,,,,,,,,,,,,,,,,,,,,,,,,,,,,,,,,,,,,,,,,,,,,,NA,Oh hello.,
PLAYER_POSITIONS,509941,6/27/2026 10:21:14 AM,90eec047-676b-4d50-9684-e8707ca80941,2.0,,,,,,,,,,,,,,,,,,,,,,,,,,,,,,,,,,,"(-14.1, 0.5, 4.3)","(-14.1, 1.2, 4.7)","(-14.2, 0.9, 4.8)",
PLAYER_POSITIONS,509941,6/27/2026 10:21:14 AM,90eec047-676b-4d50-9684-e8707ca80941,2.0,,,,,,,,,,,,,,,,,,,,,,,,,,,,,,,,,,,"(-14.1, 0.5, 4.3)","(-14.1, 1.2, 4.7)","(-14.2, 0.9, 4.8)",
VOICE_CAPTURE,510007,6/27/2026 10:21:14 AM,90eec047-676b-4d50-9684-e8707ca80941,2.0,,,,,,,,,,,,,,,,,,,,,,,,,,,,,,,,,,,,,,,,,,,,,,,,,,,NA,"Oh, hello.",
AUDIO_START,510124,6/27/2026 10:21:14 AM,90eec047-676b-4d50-9684-e8707ca80941,2.0,bravo taking sustained fire from fortified positions,4.623673,
PLAYER_POSITIONS,510462,6/27/2026 10:21:14 AM,90eec047-676b-4d50-9684-e8707ca80941,2.0,,,,,,,,,,,,,,,,,,,,,,,,,,,,,,,,,,,"(-14.4, 0.5, 4.4)","(-14.2, 1.1, 4.5)","(-14.5, 0.5, 4.6)",
PLAYER_POSITIONS,510462,6/27/2026 10:21:14 AM,90eec047-676b-4d50-9684-e8707ca80941,2.0,,,,,,,,,,,,,,,,,,,,,,,,,,,,,,,,,,,"(-14.4, 0.5, 4.4)","(-14.2, 1.1, 4.5)","(-14.5, 0.5, 4.6)",
VOICE_CAPTURE,510551,6/27/2026 10:21:14 AM,90eec047-676b-4d50-9684-e8707ca80941,2.0,,,,,,,,,,,,,,,,,,,,,,,,,,,,,,,,,,,,,,,,,,,,,,,,,,,NA,"Oh, hello. Hello, Bern.",
PLAYER_POSITIONS,510984,6/27/2026 10:21:15 AM,90eec047-676b-4d50-9684-e8707ca80941,2.0,,,,,,,,,,,,,,,,,,,,,,,,,,,,,,,,,,,"(-14.4, 0.4, 4.3)","(-14.4, 1.1, 4.4)","(-14.4, 0.8, 4.7)",
PLAYER_POSITIONS,510984,6/27/2026 10:21:15 AM,90eec047-676b-4d50-9684-e8707ca80941,2.0,,,,,,,,,,,,,,,,,,,,,,,,,,,,,,,,,,,"(-14.4, 0.4, 4.3)","(-14.4, 1.1, 4.4)","(-14.4, 0.8, 4.7)",
VOICE_CAPTURE,511065,6/27/2026 10:21:15 AM,90eec047-676b-4d50-9684-e8707ca80941,2.0,,,,,,,,,,,,,,,,,,,,,,,,,,,,,,,,,,,,,,,,,,,,,,,,,,,NA,"Oh, hello. Hello, Bern.",
VOICE_CAPTURE,511065,6/27/2026 10:21:15 AM,90eec047-676b-4d50-9684-e8707ca80941,2.0,,,,,,,,,,,,,,,,,,,,,,,,,,,,,,,,,,,,,,,,,,,,,,,,,,,NA,"Oh, hello. Hello, Bern.",
PLAYER_POSITIONS,511534,6/27/2026 10:21:15 AM,90eec047-676b-4d50-9684-e8707ca80941,2.0,,,,,,,,,,,,,,,,,,,,,,,,,,,,,,,,,,,"(-14.3, 0.3, 4.3)","(-14.5, 1.1, 4.4)","(-14.7, 0.4, 4.3)",
PLAYER_POSITIONS,511534,6/27/2026 10:21:15 AM,90eec047-676b-4d50-9684-e8707ca80941,2.0,,,,,,,,,,,,,,,,,,,,,,,,,,,,,,,,,,,"(-14.3, 0.3, 4.3)","(-14.5, 1.1, 4.4)","(-14.7, 0.4, 4.3)",
PLAYER_POSITIONS,512052,6/27/2026 10:21:16 AM,90eec047-676b-4d50-9684-e8707ca80941,2.0,,,,,,,,,,,,,,,,,,,,,,,,,,,,,,,,,,,"(-14.3, 0.3, 4.3)","(-14.5, 1.1, 4.3)","(-15.0, 0.7, 4.2)",
PLAYER_POSITIONS,512052,6/27/2026 10:21:16 AM,90eec047-676b-4d50-9684-e8707ca80941,2.0,,,,,,,,,,,,,,,,,,,,,,,,,,,,,,,,,,,"(-14.3, 0.3, 4.3)","(-14.5, 1.1, 4.3)","(-15.0, 0.7, 4.2)",
TOOL_HOVER,512070,6/27/2026 10:21:16 AM,90eec047-676b-4d50-9684-e8707ca80941,2.0,,,,,,,,,,,,,,,,,,,,,,,,,,,,,,,,,,,,,,,,,,,,,,997,,Burn Dressing,
TOOL_SELECTED,512160,6/27/2026 10:21:16 AM,90eec047-676b-4d50-9684-e8707ca80941,2.0,,,,,,,,,,,,,,,,,,,,,,,,,,,,,,,,,,,,,,,,,,,,,,996,,Burn Dressing,
PLAYER_POSITIONS,512562,6/27/2026 10:21:16 AM,90eec047-676b-4d50-9684-e8707ca80941,2.0,,,,,,,,,,,,,,,,,,,,,,,,,,,,,,,,,,,"(-14.3, 0.4, 4.3)","(-14.4, 1.0, 4.3)","(-14.7, 0.5, 4.4)",
PLAYER_POSITIONS,512562,6/27/2026 10:21:16 AM,90eec047-676b-4d50-9684-e8707ca80941,2.0,,,,,,,,,,,,,,,,,,,,,,,,,,,,,,,,,,,"(-14.3, 0.4, 4.3)","(-14.4, 1.0, 4.3)","(-14.7, 0.5, 4.4)",
VOICE_CAPTURE,512563,6/27/2026 10:21:16 AM,90eec047-676b-4d50-9684-e8707ca80941,2.0,,,,,,,,,,,,,,,,,,,,,,,,,,,,,,,,,,,,,,,,,,,,,,,,,,,NA,turn.,
PLAYER_POSITIONS,513062,6/27/2026 10:21:17 AM,90eec047-676b-4d50-9684-e8707ca80941,2.0,,,,,,,,,,,,,,,,,,,,,,,,,,,,,,,,,,,"(-14.2, 0.4, 4.3)","(-14.4, 1.0, 4.4)","(-14.4, 0.1, 4.4)",
PLAYER_POSITIONS,513062,6/27/2026 10:21:17 AM,90eec047-676b-4d50-9684-e8707ca80941,2.0,,,,,,,,,,,,,,,,,,,,,,,,,,,,,,,,,,,"(-14.2, 0.4, 4.3)","(-14.4, 1.0, 4.4)","(-14.4, 0.1, 4.4)",
INJURY_TREATED,513097,6/27/2026 10:21:17 AM,90eec047-676b-4d50-9684-e8707ca80941,2.0,,,,,,,,,rightForearm,R Forearm Burn,"(-14.3, 0.0, 4.4)",burnDressing,1,1,medium,True,True,,,,,,,Civilian PT 3,
TOOL_APPLIED,513097,6/27/2026 10:21:17 AM,90eec047-676b-4d50-9684-e8707ca80941,2.0,,,,,,,,,,,,,,,,,,,,,,,,Civilian PT 3,,,,,,,,,,,,,,,,,,,,AppliedBurnDressing,skinCollider_BodyNudeLOD (UnityEngine.GameObject),,Burn Dressing(Clone) (UnityEngine.GameObject),Burn Dressing,
VOICE_CAPTURE,513101,6/27/2026 10:21:17 AM,90eec047-676b-4d50-9684-e8707ca80941,2.0,,,,,,,,,,,,,,,,,,,,,,,,,,,,,,,,,,,,,,,,,,,,,,,,,,,NA,turn.,
PLAYER_POSITIONS,513583,6/27/2026 10:21:17 AM,90eec047-676b-4d50-9684-e8707ca80941,2.0,,,,,,,,,,,,,,,,,,,,,,,,,,,,,,,,,,,"(-14.3, 0.7, 4.3)","(-14.2, 1.1, 4.4)","(-14.4, 0.7, 4.4)",
PLAYER_POSITIONS,513583,6/27/2026 10:21:17 AM,90eec047-676b-4d50-9684-e8707ca80941,2.0,,,,,,,,,,,,,,,,,,,,,,,,,,,,,,,,,,,"(-14.3, 0.7, 4.3)","(-14.2, 1.1, 4.4)","(-14.4, 0.7, 4.4)",
PLAYER_POSITIONS,514085,6/27/2026 10:21:18 AM,90eec047-676b-4d50-9684-e8707ca80941,2.0,,,,,,,,,,,,,,,,,,,,,,,,,,,,,,,,,,,"(-14.3, 0.8, 4.3)","(-14.1, 1.2, 4.5)","(-14.3, 0.9, 4.4)",
PLAYER_POSITIONS,514085,6/27/2026 10:21:18 AM,90eec047-676b-4d50-9684-e8707ca80941,2.0,,,,,,,,,,,,,,,,,,,,,,,,,,,,,,,,,,,"(-14.3, 0.8, 4.3)","(-14.1, 1.2, 4.5)","(-14.3, 0.9, 4.4)",
VOICE_CAPTURE,514085,6/27/2026 10:21:18 AM,90eec047-676b-4d50-9684-e8707ca80941,2.0,,,,,,,,,,,,,,,,,,,,,,,,,,,,,,,,,,,,,,,,,,,,,,,,,,,NA,turn.,
PLAYER_POSITIONS,514593,6/27/2026 10:21:18 AM,90eec047-676b-4d50-9684-e8707ca80941,2.0,,,,,,,,,,,,,,,,,,,,,,,,,,,,,,,,,,,"(-14.2, 1.1, 4.3)","(-14.0, 1.2, 4.5)","(-14.3, 1.2, 4.4)",
PLAYER_POSITIONS,514593,6/27/2026 10:21:18 AM,90eec047-676b-4d50-9684-e8707ca80941,2.0,,,,,,,,,,,,,,,,,,,,,,,,,,,,,,,,,,,"(-14.2, 1.1, 4.3)","(-14.0, 1.2, 4.5)","(-14.3, 1.2, 4.4)",
VOICE_CAPTURE,514594,6/27/2026 10:21:18 AM,90eec047-676b-4d50-9684-e8707ca80941,2.0,,,,,,,,,,,,,,,,,,,,,,,,,,,,,,,,,,,,,,,,,,,,,,,,,,,NA,Turn.,
AUDIO_END,514748,6/27/2026 10:21:18 AM,90eec047-676b-4d50-9684-e8707ca80941,2.0,bravo taking sustained fire from fortified positions,4.623673,
NARRATIVE_SECTION_END,514748,6/27/2026 10:21:18 AM,90eec047-676b-4d50-9684-e8707ca80941,2.0,,,,,,,,,,,,,,,,,,Bravo taking sustained fire,58,
NARRATIVE_SECTION_START,514789,6/27/2026 10:21:18 AM,90eec047-676b-4d50-9684-e8707ca80941,2.0,,,,,,,,,,,,,,,,,,Bravo needs heavy artillery,59,
VOICE_CAPTURE,515049,6/27/2026 10:21:19 AM,90eec047-676b-4d50-9684-e8707ca80941,2.0,,,,,,,,,,,,,,,,,,,,,,,,,,,,,,,,,,,,,,,,,,,,,,,,,,,NA,Turn. Shit.,
PLAYER_POSITIONS,515115,6/27/2026 10:21:19 AM,90eec047-676b-4d50-9684-e8707ca80941,2.0,,,,,,,,,,,,,,,,,,,,,,,,,,,,,,,,,,,"(-14.2, 1.2, 4.4)","(-14.0, 1.2, 4.5)","(-14.2, 1.3, 4.5)",
PLAYER_POSITIONS,515115,6/27/2026 10:21:19 AM,90eec047-676b-4d50-9684-e8707ca80941,2.0,,,,,,,,,,,,,,,,,,,,,,,,,,,,,,,,,,,"(-14.2, 1.2, 4.4)","(-14.0, 1.2, 4.5)","(-14.2, 1.3, 4.5)",
VOICE_CAPTURE,515582,6/27/2026 10:21:19 AM,90eec047-676b-4d50-9684-e8707ca80941,2.0,,,,,,,,,,,,,,,,,,,,,,,,,,,,,,,,,,,,,,,,,,,,,,,,,,,NA,Turn. Shit.,
VOICE_CAPTURE,515582,6/27/2026 10:21:19 AM,90eec047-676b-4d50-9684-e8707ca80941,2.0,,,,,,,,,,,,,,,,,,,,,,,,,,,,,,,,,,,,,,,,,,,,,,,,,,,NA,Turn. Shit.,
PLAYER_POSITIONS,515625,6/27/2026 10:21:19 AM,90eec047-676b-4d50-9684-e8707ca80941,2.0,,,,,,,,,,,,,,,,,,,,,,,,,,,,,,,,,,,"(-14.2, 1.2, 4.4)","(-14.0, 1.1, 4.5)","(-14.2, 1.3, 4.5)",
PLAYER_POSITIONS,515625,6/27/2026 10:21:19 AM,90eec047-676b-4d50-9684-e8707ca80941,2.0,,,,,,,,,,,,,,,,,,,,,,,,,,,,,,,,,,,"(-14.2, 1.2, 4.4)","(-14.0, 1.1, 4.5)","(-14.2, 1.3, 4.5)",
PLAYER_POSITIONS,516137,6/27/2026 10:21:20 AM,90eec047-676b-4d50-9684-e8707ca80941,2.0,,,,,,,,,,,,,,,,,,,,,,,,,,,,,,,,,,,"(-14.2, 0.9, 4.4)","(-14.1, 1.1, 4.5)","(-14.3, 1.1, 4.6)",
PLAYER_POSITIONS,516137,6/27/2026 10:21:20 AM,90eec047-676b-4d50-9684-e8707ca80941,2.0,,,,,,,,,,,,,,,,,,,,,,,,,,,,,,,,,,,"(-14.2, 0.9, 4.4)","(-14.1, 1.1, 4.5)","(-14.3, 1.1, 4.6)",
PLAYER_POSITIONS,516637,6/27/2026 10:21:20 AM,90eec047-676b-4d50-9684-e8707ca80941,2.0,,,,,,,,,,,,,,,,,,,,,,,,,,,,,,,,,,,"(-14.2, 0.7, 4.4)","(-14.1, 1.1, 4.5)","(-14.3, 0.6, 4.6)",
PLAYER_POSITIONS,516637,6/27/2026 10:21:20 AM,90eec047-676b-4d50-9684-e8707ca80941,2.0,,,,,,,,,,,,,,,,,,,,,,,,,,,,,,,,,,,"(-14.2, 0.7, 4.4)","(-14.1, 1.1, 4.5)","(-14.3, 0.6, 4.6)",
BAG_CLOSED,517145,6/27/2026 10:21:21 AM,90eec047-676b-4d50-9684-e8707ca80941,2.0,,,,,,,,,,,,,,,,,,,,,,,,,,,,,,,,,,,,"(0.0, 0.0, 0.0)",
PLAYER_POSITIONS,517149,6/27/2026 10:21:21 AM,90eec047-676b-4d50-9684-e8707ca80941,2.0,,,,,,,,,,,,,,,,,,,,,,,,,,,,,,,,,,,"(-14.0, 0.4, 4.3)","(-14.1, 1.1, 4.6)","(-14.2, 0.4, 4.5)",
PLAYER_POSITIONS,517149,6/27/2026 10:21:21 AM,90eec047-676b-4d50-9684-e8707ca80941,2.0,,,,,,,,,,,,,,,,,,,,,,,,,,,,,,,,,,,"(-14.0, 0.4, 4.3)","(-14.1, 1.1, 4.6)","(-14.2, 0.4, 4.5)",
TELEPORT,517660,6/27/2026 10:21:21 AM,90eec047-676b-4d50-9684-e8707ca80941,2.0,,,,,,,,,,,,,,,,,,,,,,,,,,,,,,,,,,,,"(-14.2, 1.1, 4.6)",,,,,,,"(-14.5, 1.1, 4.0)",
PLAYER_POSITIONS,517660,6/27/2026 10:21:21 AM,90eec047-676b-4d50-9684-e8707ca80941,2.0,,,,,,,,,,,,,,,,,,,,,,,,,,,,,,,,,,,"(-14.5, 0.5, 3.8)","(-14.5, 1.1, 4.0)","(-14.6, 0.4, 4.0)",
PLAYER_POSITIONS,517660,6/27/2026 10:21:21 AM,90eec047-676b-4d50-9684-e8707ca80941,2.0,,,,,,,,,,,,,,,,,,,,,,,,,,,,,,,,,,,"(-14.5, 0.5, 3.8)","(-14.5, 1.1, 4.0)","(-14.6, 0.4, 4.0)",
AUDIO_START,517777,6/27/2026 10:21:21 AM,90eec047-676b-4d50-9684-e8707ca80941,2.0,bravo needs heavy artillery,5.067755,
PLAYER_POSITIONS,518170,6/27/2026 10:21:22 AM,90eec047-676b-4d50-9684-e8707ca80941,2.0,,,,,,,,,,,,,,,,,,,,,,,,,,,,,,,,,,,"(-14.5, 0.4, 4.0)","(-14.4, 1.1, 4.1)","(-14.6, 0.4, 4.1)",
PLAYER_POSITIONS,518170,6/27/2026 10:21:22 AM,90eec047-676b-4d50-9684-e8707ca80941,2.0,,,,,,,,,,,,,,,,,,,,,,,,,,,,,,,,,,,"(-14.5, 0.4, 4.0)","(-14.4, 1.1, 4.1)","(-14.6, 0.4, 4.1)",
PATIENT_DISENGAGED,518413,6/27/2026 10:21:22 AM,90eec047-676b-4d50-9684-e8707ca80941,2.0,,,,12.41,,,,,,,,,,,,,,,,normal,100,Infinity,normal,Civilian PT 3,upset,supine,"(-14.1, 0.0, 5.1)",normal,"(0.0, 0.8, 0.0, 0.6)",normal,DELAYED,still,,,,,,,,,,,,,,,,,34.31,
PATIENT_ENGAGED,518413,6/27/2026 10:21:22 AM,90eec047-676b-4d50-9684-e8707ca80941,2.0,,,,0,,,,,,,,,,,,,,,,normal,100,Infinity,normal,Civilian PT 14,upset,sittingGround,"(-14.1, 0.0, 3.6)",normal,"(0.0, 0.8, 0.0, 0.6)",normal,DELAYED,still,,,,,,,,,,,,,,,,,18.03,
VOICE_CAPTURE,518538,6/27/2026 10:21:22 AM,90eec047-676b-4d50-9684-e8707ca80941,2.0,,,,,,,,,,,,,,,,,,,,,,,,,,,,,,,,,,,,,,,,,,,,,,,,,,,NA,Thank you.,
PLAYER_POSITIONS,518670,6/27/2026 10:21:22 AM,90eec047-676b-4d50-9684-e8707ca80941,2.0,,,,,,,,,,,,,,,,,,,,,,,,,,,,,,,,,,,"(-14.3, 0.5, 4.1)","(-14.1, 1.1, 4.2)","(-14.3, 0.5, 4.4)",
PLAYER_POSITIONS,518670,6/27/2026 10:21:22 AM,90eec047-676b-4d50-9684-e8707ca80941,2.0,,,,,,,,,,,,,,,,,,,,,,,,,,,,,,,,,,,"(-14.3, 0.5, 4.1)","(-14.1, 1.1, 4.2)","(-14.3, 0.5, 4.4)",
VOICE_CAPTURE,519038,6/27/2026 10:21:23 AM,90eec047-676b-4d50-9684-e8707ca80941,2.0,,,,,,,,,,,,,,,,,,,,,,,,,,,,,,,,,,,,,,,,,,,,,,,,,,,NA,Thank you.,
VOICE_CAPTURE,519038,6/27/2026 10:21:23 AM,90eec047-676b-4d50-9684-e8707ca80941,2.0,,,,,,,,,,,,,,,,,,,,,,,,,,,,,,,,,,,,,,,,,,,,,,,,,,,NA,Thank you.,
PLAYER_POSITIONS,519171,6/27/2026 10:21:23 AM,90eec047-676b-4d50-9684-e8707ca80941,2.0,,,,,,,,,,,,,,,,,,,,,,,,,,,,,,,,,,,"(-14.0, 0.5, 4.0)","(-13.8, 1.2, 4.1)","(-14.0, 0.5, 4.2)",
PLAYER_GAZE,519171,6/27/2026 10:21:23 AM,90eec047-676b-4d50-9684-e8707ca80941,2.0,,,,,,,,,,,,,,,,,,,,,,,,Civilian PT 14,,,,,,,,,"(0.3, 1.2, 0.5)",,,"(-14.1, 0.0, 3.6)",
PLAYER_POSITIONS,519171,6/27/2026 10:21:23 AM,90eec047-676b-4d50-9684-e8707ca80941,2.0,,,,,,,,,,,,,,,,,,,,,,,,,,,,,,,,,,,"(-14.0, 0.5, 4.0)","(-13.8, 1.2, 4.1)","(-14.0, 0.5, 4.2)",
PLAYER_GAZE,519171,6/27/2026 10:21:23 AM,90eec047-676b-4d50-9684-e8707ca80941,2.0,,,,,,,,,,,,,,,,,,,,,,,,Civilian PT 14,,,,,,,,,"(0.3, 1.2, 0.5)",,,"(-14.1, 0.0, 3.6)",
PULSE_TAKEN,519669,6/27/2026 10:21:23 AM,90eec047-676b-4d50-9684-e8707ca80941,2.0,,,,,,,,,,,,,,,,,,,,,,,,Civilian PT 14,,,,pulse_normal,
PLAYER_POSITIONS,519675,6/27/2026 10:21:23 AM,90eec047-676b-4d50-9684-e8707ca80941,2.0,,,,,,,,,,,,,,,,,,,,,,,,,,,,,,,,,,,"(-14.0, 0.4, 3.6)","(-14.1, 1.1, 3.6)","(-14.3, 0.5, 3.6)",
PLAYER_POSITIONS,519675,6/27/2026 10:21:23 AM,90eec047-676b-4d50-9684-e8707ca80941,2.0,,,,,,,,,,,,,,,,,,,,,,,,,,,,,,,,,,,"(-14.0, 0.4, 3.6)","(-14.1, 1.1, 3.6)","(-14.3, 0.5, 3.6)",
DRAG_START,519829,6/27/2026 10:21:23 AM,90eec047-676b-4d50-9684-e8707ca80941,2.0,,,,,"(-14.1, 0.0, 3.6)",,,,,,,,,,,,,,,,,,,Civilian PT 14,
PLAYER_POSITIONS,520194,6/27/2026 10:21:24 AM,90eec047-676b-4d50-9684-e8707ca80941,2.0,,,,,,,,,,,,,,,,,,,,,,,,,,,,,,,,,,,"(-14.0, 0.4, 3.5)","(-14.2, 1.1, 3.6)","(-14.4, 0.6, 3.6)",
PLAYER_POSITIONS,520194,6/27/2026 10:21:24 AM,90eec047-676b-4d50-9684-e8707ca80941,2.0,,,,,,,,,,,,,,,,,,,,,,,,,,,,,,,,,,,"(-14.0, 0.4, 3.5)","(-14.2, 1.1, 3.6)","(-14.4, 0.6, 3.6)",
DRAG_STOP,520496,6/27/2026 10:21:24 AM,90eec047-676b-4d50-9684-e8707ca80941,2.0,,,,,"(-14.1, 0.0, 3.6)","(-14.1, 0.0, 3.7)",,,,,,,,,,,,,,,,,,Civilian PT 14,
DRAG_STOP,520496,6/27/2026 10:21:24 AM,90eec047-676b-4d50-9684-e8707ca80941,2.0,,,,,"(-14.1, 0.0, 3.6)","(-14.1, 0.0, 3.7)",,,,,,,,,,,,,,,,,,Civilian PT 14,
VOICE_CAPTURE,520552,6/27/2026 10:21:24 AM,90eec047-676b-4d50-9684-e8707ca80941,2.0,,,,,,,,,,,,,,,,,,,,,,,,,,,,,,,,,,,,,,,,,,,,,,,,,,,NA,ll me what you,
PLAYER_POSITIONS,520706,6/27/2026 10:21:24 AM,90eec047-676b-4d50-9684-e8707ca80941,2.0,,,,,,,,,,,,,,,,,,,,,,,,,,,,,,,,,,,"(-14.0, 0.5, 3.4)","(-14.2, 1.2, 3.6)","(-14.3, 0.5, 3.6)",
PLAYER_POSITIONS,520706,6/27/2026 10:21:24 AM,90eec047-676b-4d50-9684-e8707ca80941,2.0,,,,,,,,,,,,,,,,,,,,,,,,,,,,,,,,,,,"(-14.0, 0.5, 3.4)","(-14.2, 1.2, 3.6)","(-14.3, 0.5, 3.6)",
VOICE_CAPTURE,521083,6/27/2026 10:21:25 AM,90eec047-676b-4d50-9684-e8707ca80941,2.0,,,,,,,,,,,,,,,,,,,,,,,,,,,,,,,,,,,,,,,,,,,,,,,,,,,NA,ll me what year it is?,
PULSE_TAKEN,521212,6/27/2026 10:21:25 AM,90eec047-676b-4d50-9684-e8707ca80941,2.0,,,,,,,,,,,,,,,,,,,,,,,,Civilian PT 14,,,,pulse_normal,
PLAYER_POSITIONS,521219,6/27/2026 10:21:25 AM,90eec047-676b-4d50-9684-e8707ca80941,2.0,,,,,,,,,,,,,,,,,,,,,,,,,,,,,,,,,,,"(-13.9, 0.4, 3.4)","(-14.2, 1.0, 3.6)","(-14.3, 0.3, 3.5)",
PLAYER_POSITIONS,521219,6/27/2026 10:21:25 AM,90eec047-676b-4d50-9684-e8707ca80941,2.0,,,,,,,,,,,,,,,,,,,,,,,,,,,,,,,,,,,"(-13.9, 0.4, 3.4)","(-14.2, 1.0, 3.6)","(-14.3, 0.3, 3.5)",
VOICE_CAPTURE,521584,6/27/2026 10:21:25 AM,90eec047-676b-4d50-9684-e8707ca80941,2.0,,,,,,,,,,,,,,,,,,,,,,,,,,,,,,,,,,,,,,,,,,,,,,,,,,,NA,ll me what year it is?,
VOICE_CAPTURE,521584,6/27/2026 10:21:25 AM,90eec047-676b-4d50-9684-e8707ca80941,2.0,,,,,,,,,,,,,,,,,,,,,,,,,,,,,,,,,,,,,,,,,,,,,,,,,,,NA,ll me what year it is?,
VOICE_COMMAND,521584,6/27/2026 10:21:25 AM,90eec047-676b-4d50-9684-e8707ca80941,2.0,,,,,,,,,,,,,,,,,,,,,,,,,,,,,,,,,,,,,,,,,,,,,,,,,,,ll me what year it is?,what year is it,
PLAYER_POSITIONS,521717,6/27/2026 10:21:25 AM,90eec047-676b-4d50-9684-e8707ca80941,2.0,,,,,,,,,,,,,,,,,,,,,,,,,,,,,,,,,,,"(-13.9, 0.4, 3.4)","(-14.3, 1.0, 3.6)","(-14.2, 0.2, 3.5)",
PLAYER_POSITIONS,521717,6/27/2026 10:21:25 AM,90eec047-676b-4d50-9684-e8707ca80941,2.0,,,,,,,,,,,,,,,,,,,,,,,,,,,,,,,,,,,"(-13.9, 0.4, 3.4)","(-14.3, 1.0, 3.6)","(-14.2, 0.2, 3.5)",
PLAYER_POSITIONS,522226,6/27/2026 10:21:26 AM,90eec047-676b-4d50-9684-e8707ca80941,2.0,,,,,,,,,,,,,,,,,,,,,,,,,,,,,,,,,,,"(-13.9, 0.4, 3.4)","(-14.3, 1.1, 3.6)","(-14.2, 0.2, 3.5)",
PLAYER_POSITIONS,522226,6/27/2026 10:21:26 AM,90eec047-676b-4d50-9684-e8707ca80941,2.0,,,,,,,,,,,,,,,,,,,,,,,,,,,,,,,,,,,"(-13.9, 0.4, 3.4)","(-14.3, 1.1, 3.6)","(-14.2, 0.2, 3.5)",
VOICE_CAPTURE,522562,6/27/2026 10:21:26 AM,90eec047-676b-4d50-9684-e8707ca80941,2.0,,,,,,,,,,,,,,,,,,,,,,,,,,,,,,,,,,,,,,,,,,,,,,,,,,,NA,Here it is. Oops.,
PLAYER_POSITIONS,522740,6/27/2026 10:21:26 AM,90eec047-676b-4d50-9684-e8707ca80941,2.0,,,,,,,,,,,,,,,,,,,,,,,,,,,,,,,,,,,"(-13.9, 0.4, 3.4)","(-14.1, 1.2, 3.4)","(-14.2, 0.3, 3.4)",
PLAYER_GAZE,522740,6/27/2026 10:21:26 AM,90eec047-676b-4d50-9684-e8707ca80941,2.0,,,,,,,,,,,,,,,,,,,,,,,,Civilian PT 8,,,,,,,,,"(1.7, 1.2, 5.3)",,,"(-15.8, 0.0, -1.8)",
PLAYER_POSITIONS,522740,6/27/2026 10:21:26 AM,90eec047-676b-4d50-9684-e8707ca80941,2.0,,,,,,,,,,,,,,,,,,,,,,,,,,,,,,,,,,,"(-13.9, 0.4, 3.4)","(-14.1, 1.2, 3.4)","(-14.2, 0.3, 3.4)",
PLAYER_GAZE,522740,6/27/2026 10:21:26 AM,90eec047-676b-4d50-9684-e8707ca80941,2.0,,,,,,,,,,,,,,,,,,,,,,,,Civilian PT 8,,,,,,,,,"(1.7, 1.2, 5.3)",,,"(-15.8, 0.0, -1.8)",
DRAG_STOP,522830,6/27/2026 10:21:26 AM,90eec047-676b-4d50-9684-e8707ca80941,2.0,,,,,"(-14.1, 0.0, 3.6)","(-14.1, 0.0, 3.7)",,,,,,,,,,,,,,,,,,Civilian PT 14,
AUDIO_END,522849,6/27/2026 10:21:26 AM,90eec047-676b-4d50-9684-e8707ca80941,2.0,bravo needs heavy artillery,5.067755,
NARRATIVE_SECTION_END,522849,6/27/2026 10:21:26 AM,90eec047-676b-4d50-9684-e8707ca80941,2.0,,,,,,,,,,,,,,,,,,Bravo needs heavy artillery,59,
NARRATIVE_SECTION_START,522868,6/27/2026 10:21:26 AM,90eec047-676b-4d50-9684-e8707ca80941,2.0,,,,,,,,,,,,,,,,,,Copy bravo artillery in 5,60,
VOICE_CAPTURE,523072,6/27/2026 10:21:27 AM,90eec047-676b-4d50-9684-e8707ca80941,2.0,,,,,,,,,,,,,,,,,,,,,,,,,,,,,,,,,,,,,,,,,,,,,,,,,,,NA,Here it is. Oops.,
VOICE_CAPTURE,523072,6/27/2026 10:21:27 AM,90eec047-676b-4d50-9684-e8707ca80941,2.0,,,,,,,,,,,,,,,,,,,,,,,,,,,,,,,,,,,,,,,,,,,,,,,,,,,NA,Here it is. Oops.,
PLAYER_POSITIONS,523249,6/27/2026 10:21:27 AM,90eec047-676b-4d50-9684-e8707ca80941,2.0,,,,,,,,,,,,,,,,,,,,,,,,,,,,,,,,,,,"(-13.5, 0.4, 2.9)","(-13.6, 1.3, 3.0)","(-13.7, 0.6, 2.9)",
PLAYER_POSITIONS,523249,6/27/2026 10:21:27 AM,90eec047-676b-4d50-9684-e8707ca80941,2.0,,,,,,,,,,,,,,,,,,,,,,,,,,,,,,,,,,,"(-13.5, 0.4, 2.9)","(-13.6, 1.3, 3.0)","(-13.7, 0.6, 2.9)",
PLAYER_POSITIONS,523758,6/27/2026 10:21:27 AM,90eec047-676b-4d50-9684-e8707ca80941,2.0,,,,,,,,,,,,,,,,,,,,,,,,,,,,,,,,,,,"(-13.5, 0.5, 2.0)","(-13.8, 1.2, 2.3)","(-13.9, 0.5, 2.1)",
PLAYER_POSITIONS,523758,6/27/2026 10:21:27 AM,90eec047-676b-4d50-9684-e8707ca80941,2.0,,,,,,,,,,,,,,,,,,,,,,,,,,,,,,,,,,,"(-13.5, 0.5, 2.0)","(-13.8, 1.2, 2.3)","(-13.9, 0.5, 2.1)",
PATIENT_DISENGAGED,524190,6/27/2026 10:21:28 AM,90eec047-676b-4d50-9684-e8707ca80941,2.0,,,,5.78,,,,,,,,,,,,,,,,normal,100,Infinity,normal,Civilian PT 14,upset,supine,"(-13.6, 0.0, 3.8)",normal,"(0.0, 0.8, 0.0, 0.6)",normal,DELAYED,still,,,,,,,,,,,,,,,,,23.81,
PLAYER_POSITIONS,524258,6/27/2026 10:21:28 AM,90eec047-676b-4d50-9684-e8707ca80941,2.0,,,,,,,,,,,,,,,,,,,,,,,,,,,,,,,,,,,"(-13.8, 0.4, 1.3)","(-14.0, 1.2, 1.5)","(-14.2, 0.5, 1.4)",
PLAYER_POSITIONS,524258,6/27/2026 10:21:28 AM,90eec047-676b-4d50-9684-e8707ca80941,2.0,,,,,,,,,,,,,,,,,,,,,,,,,,,,,,,,,,,"(-13.8, 0.4, 1.3)","(-14.0, 1.2, 1.5)","(-14.2, 0.5, 1.4)",
VOICE_CAPTURE,524569,6/27/2026 10:21:28 AM,90eec047-676b-4d50-9684-e8707ca80941,2.0,,,,,,,,,,,,,,,,,,,,,,,,,,,,,,,,,,,,,,,,,,,,,,,,,,,NA,Okay.,
PLAYER_POSITIONS,524769,6/27/2026 10:21:28 AM,90eec047-676b-4d50-9684-e8707ca80941,2.0,,,,,,,,,,,,,,,,,,,,,,,,,,,,,,,,,,,"(-14.3, 0.4, 0.5)","(-14.4, 1.2, 0.8)","(-14.7, 0.4, 0.8)",
PLAYER_POSITIONS,524769,6/27/2026 10:21:28 AM,90eec047-676b-4d50-9684-e8707ca80941,2.0,,,,,,,,,,,,,,,,,,,,,,,,,,,,,,,,,,,"(-14.3, 0.4, 0.5)","(-14.4, 1.2, 0.8)","(-14.7, 0.4, 0.8)",
VOICE_CAPTURE,525050,6/27/2026 10:21:29 AM,90eec047-676b-4d50-9684-e8707ca80941,2.0,,,,,,,,,,,,,,,,,,,,,,,,,,,,,,,,,,,,,,,,,,,,,,,,,,,NA,Okay. Okay.,
PLAYER_POSITIONS,525282,6/27/2026 10:21:29 AM,90eec047-676b-4d50-9684-e8707ca80941,2.0,,,,,,,,,,,,,,,,,,,,,,,,,,,,,,,,,,,"(-14.2, 0.4, -0.1)","(-14.2, 1.2, 0.0)","(-14.4, 0.5, -0.1)",
PLAYER_POSITIONS,525282,6/27/2026 10:21:29 AM,90eec047-676b-4d50-9684-e8707ca80941,2.0,,,,,,,,,,,,,,,,,,,,,,,,,,,,,,,,,,,"(-14.2, 0.4, -0.1)","(-14.2, 1.2, 0.0)","(-14.4, 0.5, -0.1)",
EVAC_RADIO_ALERT,525457,6/27/2026 10:21:29 AM,90eec047-676b-4d50-9684-e8707ca80941,2.0,,,,,,,,1,
AUDIO_START,525464,6/27/2026 10:21:29 AM,90eec047-676b-4d50-9684-e8707ca80941,2.0,evac in 2 minutes,5.172245,
VOICE_CAPTURE,525550,6/27/2026 10:21:29 AM,90eec047-676b-4d50-9684-e8707ca80941,2.0,,,,,,,,,,,,,,,,,,,,,,,,,,,,,,,,,,,,,,,,,,,,,,,,,,,NA,Okay. Okay.,
VOICE_CAPTURE,525550,6/27/2026 10:21:29 AM,90eec047-676b-4d50-9684-e8707ca80941,2.0,,,,,,,,,,,,,,,,,,,,,,,,,,,,,,,,,,,,,,,,,,,,,,,,,,,NA,Okay. Okay.,
PATIENT_ENGAGED,525722,6/27/2026 10:21:29 AM,90eec047-676b-4d50-9684-e8707ca80941,2.0,,,,0,,,,,,,,,,,,,,,,fast,100,Infinity,normal,Civilian PT 15,upset,supine,"(-14.4, -0.1, -0.3)",fast,"(0.0, 0.8, 0.0, 0.6)",normal,IMMEDIATE,still,,,,,,,,,,,,,,,,,20.49,
PLAYER_POSITIONS,525789,6/27/2026 10:21:29 AM,90eec047-676b-4d50-9684-e8707ca80941,2.0,,,,,,,,,,,,,,,,,,,,,,,,,,,,,,,,,,,"(-14.0, 0.4, -0.1)","(-14.3, 1.1, -0.1)","(-14.3, 0.4, -0.2)",
PLAYER_GAZE,525789,6/27/2026 10:21:29 AM,90eec047-676b-4d50-9684-e8707ca80941,2.0,,,,,,,,,,,,,,,,,,,,,,,,Civilian PT 15,,,,,,,,,"(0.1, 1.1, 0.2)",,,"(-14.4, 0.0, -0.3)",
PLAYER_POSITIONS,525789,6/27/2026 10:21:29 AM,90eec047-676b-4d50-9684-e8707ca80941,2.0,,,,,,,,,,,,,,,,,,,,,,,,,,,,,,,,,,,"(-14.0, 0.4, -0.1)","(-14.3, 1.1, -0.1)","(-14.3, 0.4, -0.2)",
PLAYER_GAZE,525789,6/27/2026 10:21:29 AM,90eec047-676b-4d50-9684-e8707ca80941,2.0,,,,,,,,,,,,,,,,,,,,,,,,Civilian PT 15,,,,,,,,,"(0.1, 1.1, 0.2)",,,"(-14.4, 0.0, -0.3)",
VOICE_CAPTURE,526047,6/27/2026 10:21:30 AM,90eec047-676b-4d50-9684-e8707ca80941,2.0,,,,,,,,,,,,,,,,,,,,,,,,,,,,,,,,,,,,,,,,,,,,,,,,,,,NA,can you,
PLAYER_POSITIONS,526290,6/27/2026 10:21:30 AM,90eec047-676b-4d50-9684-e8707ca80941,2.0,,,,,,,,,,,,,,,,,,,,,,,,,,,,,,,,,,,"(-14.3, 0.4, -0.3)","(-14.6, 1.0, -0.3)","(-14.7, 0.3, -0.3)",
PLAYER_POSITIONS,526290,6/27/2026 10:21:30 AM,90eec047-676b-4d50-9684-e8707ca80941,2.0,,,,,,,,,,,,,,,,,,,,,,,,,,,,,,,,,,,"(-14.3, 0.4, -0.3)","(-14.6, 1.0, -0.3)","(-14.7, 0.3, -0.3)",
VOICE_CAPTURE,526568,6/27/2026 10:21:30 AM,90eec047-676b-4d50-9684-e8707ca80941,2.0,,,,,,,,,,,,,,,,,,,,,,,,,,,,,,,,,,,,,,,,,,,,,,,,,,,NA,can you still tell me what?,
PLAYER_POSITIONS,526792,6/27/2026 10:21:30 AM,90eec047-676b-4d50-9684-e8707ca80941,2.0,,,,,,,,,,,,,,,,,,,,,,,,,,,,,,,,,,,"(-14.5, 0.4, -0.2)","(-14.8, 0.9, -0.4)","(-14.7, 0.2, -0.4)",
PLAYER_POSITIONS,526792,6/27/2026 10:21:30 AM,90eec047-676b-4d50-9684-e8707ca80941,2.0,,,,,,,,,,,,,,,,,,,,,,,,,,,,,,,,,,,"(-14.5, 0.4, -0.2)","(-14.8, 0.9, -0.4)","(-14.7, 0.2, -0.4)",
VOICE_CAPTURE,527072,6/27/2026 10:21:31 AM,90eec047-676b-4d50-9684-e8707ca80941,2.0,,,,,,,,,,,,,,,,,,,,,,,,,,,,,,,,,,,,,,,,,,,,,,,,,,,NA,can you still tell me what year it is?,
PLAYER_POSITIONS,527293,6/27/2026 10:21:31 AM,90eec047-676b-4d50-9684-e8707ca80941,2.0,,,,,,,,,,,,,,,,,,,,,,,,,,,,,,,,,,,"(-14.6, 0.4, -0.3)","(-14.6, 1.0, -0.4)","(-14.5, 0.3, -0.4)",
PLAYER_POSITIONS,527293,6/27/2026 10:21:31 AM,90eec047-676b-4d50-9684-e8707ca80941,2.0,,,,,,,,,,,,,,,,,,,,,,,,,,,,,,,,,,,"(-14.6, 0.4, -0.3)","(-14.6, 1.0, -0.4)","(-14.5, 0.3, -0.4)",
VOICE_CAPTURE,527549,6/27/2026 10:21:31 AM,90eec047-676b-4d50-9684-e8707ca80941,2.0,,,,,,,,,,,,,,,,,,,,,,,,,,,,,,,,,,,,,,,,,,,,,,,,,,,NA,can you still tell me what year it is? Can you still tell me what year it is?,
PLAYER_POSITIONS,527815,6/27/2026 10:21:31 AM,90eec047-676b-4d50-9684-e8707ca80941,2.0,,,,,,,,,,,,,,,,,,,,,,,,,,,,,,,,,,,"(-14.7, 0.4, -0.3)","(-14.9, 0.9, -0.5)","(-15.0, 0.2, -0.5)",
PLAYER_POSITIONS,527815,6/27/2026 10:21:31 AM,90eec047-676b-4d50-9684-e8707ca80941,2.0,,,,,,,,,,,,,,,,,,,,,,,,,,,,,,,,,,,"(-14.7, 0.4, -0.3)","(-14.9, 0.9, -0.5)","(-15.0, 0.2, -0.5)",
VOICE_CAPTURE,528047,6/27/2026 10:21:32 AM,90eec047-676b-4d50-9684-e8707ca80941,2.0,,,,,,,,,,,,,,,,,,,,,,,,,,,,,,,,,,,,,,,,,,,,,,,,,,,NA,can you still tell me what year it is? Can you still tell me what year it is?,
VOICE_CAPTURE,528047,6/27/2026 10:21:32 AM,90eec047-676b-4d50-9684-e8707ca80941,2.0,,,,,,,,,,,,,,,,,,,,,,,,,,,,,,,,,,,,,,,,,,,,,,,,,,,NA,can you still tell me what year it is? Can you still tell me what year it is?,
VOICE_COMMAND,528047,6/27/2026 10:21:32 AM,90eec047-676b-4d50-9684-e8707ca80941,2.0,,,,,,,,,,,,,,,,,,,,,,,,Civilian PT 8,,,,,,,,,,,,,,,,,,,,,,,,,,,can you still tell me what year it is? Can you still tell me what year it is?,what year is it,
PULSE_TAKEN,528135,6/27/2026 10:21:32 AM,90eec047-676b-4d50-9684-e8707ca80941,2.0,,,,,,,,,,,,,,,,,,,,,,,,Civilian PT 15,,,,pulse_fast,
PLAYER_POSITIONS,528315,6/27/2026 10:21:32 AM,90eec047-676b-4d50-9684-e8707ca80941,2.0,,,,,,,,,,,,,,,,,,,,,,,,,,,,,,,,,,,"(-14.8, 0.3, -0.4)","(-15.0, 0.8, -0.6)","(-15.1, 0.1, -0.7)",
PLAYER_POSITIONS,528315,6/27/2026 10:21:32 AM,90eec047-676b-4d50-9684-e8707ca80941,2.0,,,,,,,,,,,,,,,,,,,,,,,,,,,,,,,,,,,"(-14.8, 0.3, -0.4)","(-15.0, 0.8, -0.6)","(-15.1, 0.1, -0.7)",
PLAYER_POSITIONS,528815,6/27/2026 10:21:32 AM,90eec047-676b-4d50-9684-e8707ca80941,2.0,,,,,,,,,,,,,,,,,,,,,,,,,,,,,,,,,,,"(-14.8, 0.4, -0.4)","(-15.0, 0.8, -0.6)","(-15.1, 0.1, -0.7)",
PLAYER_POSITIONS,528815,6/27/2026 10:21:32 AM,90eec047-676b-4d50-9684-e8707ca80941,2.0,,,,,,,,,,,,,,,,,,,,,,,,,,,,,,,,,,,"(-14.8, 0.4, -0.4)","(-15.0, 0.8, -0.6)","(-15.1, 0.1, -0.7)",
PLAYER_POSITIONS,529337,6/27/2026 10:21:33 AM,90eec047-676b-4d50-9684-e8707ca80941,2.0,,,,,,,,,,,,,,,,,,,,,,,,,,,,,,,,,,,"(-14.8, 0.4, -0.4)","(-15.0, 0.8, -0.6)","(-15.1, 0.1, -0.7)",
PLAYER_POSITIONS,529337,6/27/2026 10:21:33 AM,90eec047-676b-4d50-9684-e8707ca80941,2.0,,,,,,,,,,,,,,,,,,,,,,,,,,,,,,,,,,,"(-14.8, 0.4, -0.4)","(-15.0, 0.8, -0.6)","(-15.1, 0.1, -0.7)",
DRAG_STOP,529772,6/27/2026 10:21:33 AM,90eec047-676b-4d50-9684-e8707ca80941,2.0,,,,,"(-14.1, 0.0, 3.6)","(-14.1, 0.0, 3.7)",,,,,,,,,,,,,,,,,,Civilian PT 15,
PLAYER_POSITIONS,529839,6/27/2026 10:21:33 AM,90eec047-676b-4d50-9684-e8707ca80941,2.0,,,,,,,,,,,,,,,,,,,,,,,,,,,,,,,,,,,"(-14.8, 0.4, -0.5)","(-14.9, 1.0, -0.5)","(-14.9, 0.3, -0.5)",
PLAYER_POSITIONS,529839,6/27/2026 10:21:33 AM,90eec047-676b-4d50-9684-e8707ca80941,2.0,,,,,,,,,,,,,,,,,,,,,,,,,,,,,,,,,,,"(-14.8, 0.4, -0.5)","(-14.9, 1.0, -0.5)","(-14.9, 0.3, -0.5)",
PLAYER_POSITIONS,530360,6/27/2026 10:21:34 AM,90eec047-676b-4d50-9684-e8707ca80941,2.0,,,,,,,,,,,,,,,,,,,,,,,,,,,,,,,,,,,"(-14.9, 0.4, -0.4)","(-15.2, 1.2, -0.3)","(-15.3, 0.3, -0.3)",
PLAYER_POSITIONS,530360,6/27/2026 10:21:34 AM,90eec047-676b-4d50-9684-e8707ca80941,2.0,,,,,,,,,,,,,,,,,,,,,,,,,,,,,,,,,,,"(-14.9, 0.4, -0.4)","(-15.2, 1.2, -0.3)","(-15.3, 0.3, -0.3)",
AUDIO_END,530638,6/27/2026 10:21:34 AM,90eec047-676b-4d50-9684-e8707ca80941,2.0,evac in 2 minutes,5.172245,
AUDIO_START,530864,6/27/2026 10:21:34 AM,90eec047-676b-4d50-9684-e8707ca80941,2.0,copy bravo artillery in 5,3.526531,
PLAYER_POSITIONS,530864,6/27/2026 10:21:34 AM,90eec047-676b-4d50-9684-e8707ca80941,2.0,,,,,,,,,,,,,,,,,,,,,,,,,,,,,,,,,,,"(-15.8, 0.4, -0.5)","(-15.9, 1.2, -0.2)","(-16.1, 0.3, -0.2)",
PLAYER_POSITIONS,530864,6/27/2026 10:21:34 AM,90eec047-676b-4d50-9684-e8707ca80941,2.0,,,,,,,,,,,,,,,,,,,,,,,,,,,,,,,,,,,"(-15.8, 0.4, -0.5)","(-15.9, 1.2, -0.2)","(-16.1, 0.3, -0.2)",
PATIENT_DISENGAGED,530947,6/27/2026 10:21:35 AM,90eec047-676b-4d50-9684-e8707ca80941,2.0,,,,5.22,,,,,,,,,,,,,,,,fast,100,Infinity,normal,Civilian PT 15,upset,supine,"(-14.4, -0.1, -0.3)",fast,"(0.0, 0.8, 0.0, 0.6)",normal,IMMEDIATE,still,,,,,,,,,,,,,,,,,25.71,
PATIENT_ENGAGED,530947,6/27/2026 10:21:35 AM,90eec047-676b-4d50-9684-e8707ca80941,2.0,,,,0,,,,,,,,,,,,,,,,normal,100,Infinity,normal,Civilian PT 7,agony,recovery,"(-17.6, -0.1, -0.1)",normal,"(0.0, 0.5, 0.0, 0.9)",normal,DELAYED,still,,,,,,,,,,,,,,,,,42.49,
PATIENT_DISENGAGED,531057,6/27/2026 10:21:35 AM,90eec047-676b-4d50-9684-e8707ca80941,2.0,,,,0.1,,,,,,,,,,,,,,,,normal,100,Infinity,normal,Civilian PT 7,agony,recovery,"(-17.6, -0.1, -0.1)",normal,"(0.0, 0.5, 0.0, 0.9)",normal,DELAYED,still,,,,,,,,,,,,,,,,,42.58,
PATIENT_ENGAGED,531057,6/27/2026 10:21:35 AM,90eec047-676b-4d50-9684-e8707ca80941,2.0,,,,0,,,,,,,,,,,,,,,,fast,100,Infinity,normal,Civilian PT 8,upset,sittingGround,"(-15.8, -0.1, -1.8)",fast,"(0.0, 0.4, 0.0, 0.9)",normal,IMMEDIATE,still,,,,,,,,,,,,,,,,,19.18,
VOICE_CAPTURE,531061,6/27/2026 10:21:35 AM,90eec047-676b-4d50-9684-e8707ca80941,2.0,,,,,,,,,,,,,,,,,,,,,,,,,,,,,,,,,,,,,,,,,,,,,,,,,,,NA,Okay.,
PLAYER_POSITIONS,531372,6/27/2026 10:21:35 AM,90eec047-676b-4d50-9684-e8707ca80941,2.0,,,,,,,,,,,,,,,,,,,,,,,,,,,,,,,,,,,"(-15.7, 0.4, -0.4)","(-15.7, 1.1, -0.3)","(-15.8, 0.4, -0.4)",
PLAYER_POSITIONS,531372,6/27/2026 10:21:35 AM,90eec047-676b-4d50-9684-e8707ca80941,2.0,,,,,,,,,,,,,,,,,,,,,,,,,,,,,,,,,,,"(-15.7, 0.4, -0.4)","(-15.7, 1.1, -0.3)","(-15.8, 0.4, -0.4)",
VOICE_CAPTURE,531572,6/27/2026 10:21:35 AM,90eec047-676b-4d50-9684-e8707ca80941,2.0,,,,,,,,,,,,,,,,,,,,,,,,,,,,,,,,,,,,,,,,,,,,,,,,,,,NA,Tim?,
PATIENT_DISENGAGED,531657,6/27/2026 10:21:35 AM,90eec047-676b-4d50-9684-e8707ca80941,2.0,,,,0.61,,,,,,,,,,,,,,,,fast,100,Infinity,normal,Civilian PT 8,upset,sittingGround,"(-15.8, -0.1, -1.8)",fast,"(0.0, 0.4, 0.0, 0.9)",normal,IMMEDIATE,still,,,,,,,,,,,,,,,,,19.79,
PATIENT_ENGAGED,531657,6/27/2026 10:21:35 AM,90eec047-676b-4d50-9684-e8707ca80941,2.0,,,,0,,,,,,,,,,,,,,,,normal,100,Infinity,normal,Civilian PT 7,agony,recovery,"(-17.6, -0.1, -0.1)",normal,"(0.0, 0.5, 0.0, 0.9)",normal,DELAYED,still,,,,,,,,,,,,,,,,,42.58,
PLAYER_POSITIONS,531894,6/27/2026 10:21:35 AM,90eec047-676b-4d50-9684-e8707ca80941,2.0,,,,,,,,,,,,,,,,,,,,,,,,,,,,,,,,,,,"(-16.3, 0.4, -0.7)","(-16.4, 1.2, -0.4)","(-16.6, 0.3, -0.4)",
PLAYER_POSITIONS,531894,6/27/2026 10:21:35 AM,90eec047-676b-4d50-9684-e8707ca80941,2.0,,,,,,,,,,,,,,,,,,,,,,,,,,,,,,,,,,,"(-16.3, 0.4, -0.7)","(-16.4, 1.2, -0.4)","(-16.6, 0.3, -0.4)",
VOICE_CAPTURE,532093,6/27/2026 10:21:36 AM,90eec047-676b-4d50-9684-e8707ca80941,2.0,,,,,,,,,,,,,,,,,,,,,,,,,,,,,,,,,,,,,,,,,,,,,,,,,,,NA,Tim?,
PLAYER_POSITIONS,532405,6/27/2026 10:21:36 AM,90eec047-676b-4d50-9684-e8707ca80941,2.0,,,,,,,,,,,,,,,,,,,,,,,,,,,,,,,,,,,"(-17.0, 0.4, -0.8)","(-17.1, 1.2, -0.6)","(-17.2, 0.3, -0.4)",
PLAYER_POSITIONS,532405,6/27/2026 10:21:36 AM,90eec047-676b-4d50-9684-e8707ca80941,2.0,,,,,,,,,,,,,,,,,,,,,,,,,,,,,,,,,,,"(-17.0, 0.4, -0.8)","(-17.1, 1.2, -0.6)","(-17.2, 0.3, -0.4)",
VOICE_CAPTURE,532579,6/27/2026 10:21:36 AM,90eec047-676b-4d50-9684-e8707ca80941,2.0,,,,,,,,,,,,,,,,,,,,,,,,,,,,,,,,,,,,,,,,,,,,,,,,,,,NA,Tim? Tim.,
PLAYER_POSITIONS,532913,6/27/2026 10:21:37 AM,90eec047-676b-4d50-9684-e8707ca80941,2.0,,,,,,,,,,,,,,,,,,,,,,,,,,,,,,,,,,,"(-17.1, 0.4, -0.9)","(-17.2, 1.1, -0.6)","(-17.3, 0.4, -0.3)",
PLAYER_GAZE,532913,6/27/2026 10:21:37 AM,90eec047-676b-4d50-9684-e8707ca80941,2.0,,,,,,,,,,,,,,,,,,,,,,,,Civilian PT 7,,,,,,,,,"(0.4, 1.1, -0.5)",,,"(-17.6, 0.0, -0.1)",
PLAYER_POSITIONS,532913,6/27/2026 10:21:37 AM,90eec047-676b-4d50-9684-e8707ca80941,2.0,,,,,,,,,,,,,,,,,,,,,,,,,,,,,,,,,,,"(-17.1, 0.4, -0.9)","(-17.2, 1.1, -0.6)","(-17.3, 0.4, -0.3)",
PLAYER_GAZE,532913,6/27/2026 10:21:37 AM,90eec047-676b-4d50-9684-e8707ca80941,2.0,,,,,,,,,,,,,,,,,,,,,,,,Civilian PT 7,,,,,,,,,"(0.4, 1.1, -0.5)",,,"(-17.6, 0.0, -0.1)",
VOICE_CAPTURE,533124,6/27/2026 10:21:37 AM,90eec047-676b-4d50-9684-e8707ca80941,2.0,,,,,,,,,,,,,,,,,,,,,,,,,,,,,,,,,,,,,,,,,,,,,,,,,,,NA,Tim? Tim.,
VOICE_CAPTURE,533124,6/27/2026 10:21:37 AM,90eec047-676b-4d50-9684-e8707ca80941,2.0,,,,,,,,,,,,,,,,,,,,,,,,,,,,,,,,,,,,,,,,,,,,,,,,,,,NA,Tim? Tim.,
PLAYER_POSITIONS,533413,6/27/2026 10:21:37 AM,90eec047-676b-4d50-9684-e8707ca80941,2.0,,,,,,,,,,,,,,,,,,,,,,,,,,,,,,,,,,,"(-17.3, 0.4, -1.1)","(-17.4, 1.1, -0.8)","(-17.5, 0.7, -0.4)",
PLAYER_POSITIONS,533413,6/27/2026 10:21:37 AM,90eec047-676b-4d50-9684-e8707ca80941,2.0,,,,,,,,,,,,,,,,,,,,,,,,,,,,,,,,,,,"(-17.3, 0.4, -1.1)","(-17.4, 1.1, -0.8)","(-17.5, 0.7, -0.4)",
PLAYER_POSITIONS,533923,6/27/2026 10:21:38 AM,90eec047-676b-4d50-9684-e8707ca80941,2.0,,,,,,,,,,,,,,,,,,,,,,,,,,,,,,,,,,,"(-17.3, 0.4, -1.1)","(-17.4, 1.1, -0.9)","(-17.5, 0.8, -0.6)",
PLAYER_POSITIONS,533923,6/27/2026 10:21:38 AM,90eec047-676b-4d50-9684-e8707ca80941,2.0,,,,,,,,,,,,,,,,,,,,,,,,,,,,,,,,,,,"(-17.3, 0.4, -1.1)","(-17.4, 1.1, -0.9)","(-17.5, 0.8, -0.6)",
AUDIO_END,534400,6/27/2026 10:21:38 AM,90eec047-676b-4d50-9684-e8707ca80941,2.0,copy bravo artillery in 5,3.526531,
NARRATIVE_SECTION_END,534400,6/27/2026 10:21:38 AM,90eec047-676b-4d50-9684-e8707ca80941,2.0,,,,,,,,,,,,,,,,,,Copy bravo artillery in 5,60,
NARRATIVE_SECTION_START,534419,6/27/2026 10:21:38 AM,90eec047-676b-4d50-9684-e8707ca80941,2.0,,,,,,,,,,,,,,,,,,Artillery strike,61,
PLAYER_POSITIONS,534424,6/27/2026 10:21:38 AM,90eec047-676b-4d50-9684-e8707ca80941,2.0,,,,,,,,,,,,,,,,,,,,,,,,,,,,,,,,,,,"(-17.3, 0.4, -1.2)","(-17.4, 1.1, -1.0)","(-17.5, 0.7, -0.7)",
PLAYER_POSITIONS,534424,6/27/2026 10:21:38 AM,90eec047-676b-4d50-9684-e8707ca80941,2.0,,,,,,,,,,,,,,,,,,,,,,,,,,,,,,,,,,,"(-17.3, 0.4, -1.2)","(-17.4, 1.1, -1.0)","(-17.5, 0.7, -0.7)",
PLAYER_POSITIONS,534945,6/27/2026 10:21:39 AM,90eec047-676b-4d50-9684-e8707ca80941,2.0,,,,,,,,,,,,,,,,,,,,,,,,,,,,,,,,,,,"(-17.3, 0.4, -1.3)","(-17.4, 1.1, -1.0)","(-17.5, 0.8, -0.9)",
PLAYER_POSITIONS,534945,6/27/2026 10:21:39 AM,90eec047-676b-4d50-9684-e8707ca80941,2.0,,,,,,,,,,,,,,,,,,,,,,,,,,,,,,,,,,,"(-17.3, 0.4, -1.3)","(-17.4, 1.1, -1.0)","(-17.5, 0.8, -0.9)",
PLAYER_POSITIONS,535489,6/27/2026 10:21:39 AM,90eec047-676b-4d50-9684-e8707ca80941,2.0,,,,,,,,,,,,,,,,,,,,,,,,,,,,,,,,,,,"(-17.2, 0.4, -1.2)","(-17.5, 1.1, -1.1)","(-17.6, 0.5, -1.4)",
PLAYER_POSITIONS,535489,6/27/2026 10:21:39 AM,90eec047-676b-4d50-9684-e8707ca80941,2.0,,,,,,,,,,,,,,,,,,,,,,,,,,,,,,,,,,,"(-17.2, 0.4, -1.2)","(-17.5, 1.1, -1.1)","(-17.6, 0.5, -1.4)",
PLAYER_POSITIONS,536010,6/27/2026 10:21:40 AM,90eec047-676b-4d50-9684-e8707ca80941,2.0,,,,,,,,,,,,,,,,,,,,,,,,,,,,,,,,,,,"(-17.1, 0.4, -1.2)","(-17.4, 1.1, -1.2)","(-17.5, 0.4, -1.3)",
PLAYER_POSITIONS,536010,6/27/2026 10:21:40 AM,90eec047-676b-4d50-9684-e8707ca80941,2.0,,,,,,,,,,,,,,,,,,,,,,,,,,,,,,,,,,,"(-17.1, 0.4, -1.2)","(-17.4, 1.1, -1.2)","(-17.5, 0.4, -1.3)",
TOOL_HOVER,536365,6/27/2026 10:21:40 AM,90eec047-676b-4d50-9684-e8707ca80941,2.0,,,,,,,,,,,,,,,,,,,,,,,,,,,,,,,,,,,,,,,,,,,,,,990,,Fentanyl Lollipop,
PLAYER_POSITIONS,536544,6/27/2026 10:21:40 AM,90eec047-676b-4d50-9684-e8707ca80941,2.0,,,,,,,,,,,,,,,,,,,,,,,,,,,,,,,,,,,"(-17.1, 0.4, -1.2)","(-17.4, 1.1, -1.1)","(-17.8, 0.7, -1.4)",
PLAYER_POSITIONS,536544,6/27/2026 10:21:40 AM,90eec047-676b-4d50-9684-e8707ca80941,2.0,,,,,,,,,,,,,,,,,,,,,,,,,,,,,,,,,,,"(-17.1, 0.4, -1.2)","(-17.4, 1.1, -1.1)","(-17.8, 0.7, -1.4)",
TOOL_HOVER,536575,6/27/2026 10:21:40 AM,90eec047-676b-4d50-9684-e8707ca80941,2.0,,,,,,,,,,,,,,,,,,,,,,,,,,,,,,,,,,,,,,,,,,,,,,996,,Decompression Needle,
TOOL_HOVER,536665,6/27/2026 10:21:40 AM,90eec047-676b-4d50-9684-e8707ca80941,2.0,,,,,,,,,,,,,,,,,,,,,,,,,,,,,,,,,,,,,,,,,,,,,,990,,Fentanyl Lollipop,
TOOL_HOVER,536775,6/27/2026 10:21:40 AM,90eec047-676b-4d50-9684-e8707ca80941,2.0,,,,,,,,,,,,,,,,,,,,,,,,,,,,,,,,,,,,,,,,,,,,,,996,,Decompression Needle,
TOOL_HOVER,536865,6/27/2026 10:21:40 AM,90eec047-676b-4d50-9684-e8707ca80941,2.0,,,,,,,,,,,,,,,,,,,,,,,,,,,,,,,,,,,,,,,,,,,,,,990,,Fentanyl Lollipop,
PLAYER_POSITIONS,537056,6/27/2026 10:21:41 AM,90eec047-676b-4d50-9684-e8707ca80941,2.0,,,,,,,,,,,,,,,,,,,,,,,,,,,,,,,,,,,"(-17.1, 0.4, -1.3)","(-17.5, 1.1, -1.0)","(-17.8, 0.7, -1.3)",
PLAYER_POSITIONS,537056,6/27/2026 10:21:41 AM,90eec047-676b-4d50-9684-e8707ca80941,2.0,,,,,,,,,,,,,,,,,,,,,,,,,,,,,,,,,,,"(-17.1, 0.4, -1.3)","(-17.5, 1.1, -1.0)","(-17.8, 0.7, -1.3)",
AUDIO_START,537422,6/27/2026 10:21:41 AM,90eec047-676b-4d50-9684-e8707ca80941,2.0,artillery strike,8.328,
VOICE_CAPTURE,537547,6/27/2026 10:21:41 AM,90eec047-676b-4d50-9684-e8707ca80941,2.0,,,,,,,,,,,,,,,,,,,,,,,,,,,,,,,,,,,,,,,,,,,,,,,,,,,NA,Are you in pain?,
PLAYER_POSITIONS,537568,6/27/2026 10:21:41 AM,90eec047-676b-4d50-9684-e8707ca80941,2.0,,,,,,,,,,,,,,,,,,,,,,,,,,,,,,,,,,,"(-17.3, 0.4, -1.3)","(-17.4, 1.1, -0.9)","(-17.6, 0.4, -0.8)",
PLAYER_POSITIONS,537568,6/27/2026 10:21:41 AM,90eec047-676b-4d50-9684-e8707ca80941,2.0,,,,,,,,,,,,,,,,,,,,,,,,,,,,,,,,,,,"(-17.3, 0.4, -1.3)","(-17.4, 1.1, -0.9)","(-17.6, 0.4, -0.8)",
VOICE_CAPTURE,538046,6/27/2026 10:21:42 AM,90eec047-676b-4d50-9684-e8707ca80941,2.0,,,,,,,,,,,,,,,,,,,,,,,,,,,,,,,,,,,,,,,,,,,,,,,,,,,NA,Are you in pain?,
VOICE_CAPTURE,538046,6/27/2026 10:21:42 AM,90eec047-676b-4d50-9684-e8707ca80941,2.0,,,,,,,,,,,,,,,,,,,,,,,,,,,,,,,,,,,,,,,,,,,,,,,,,,,NA,Are you in pain?,
VOICE_COMMAND,538046,6/27/2026 10:21:42 AM,90eec047-676b-4d50-9684-e8707ca80941,2.0,,,,,,,,,,,,,,,,,,,,,,,,,,,,,,,,,,,,,,,,,,,,,,,,,,,Are you in pain?,are you in pain,
PLAYER_POSITIONS,538068,6/27/2026 10:21:42 AM,90eec047-676b-4d50-9684-e8707ca80941,2.0,,,,,,,,,,,,,,,,,,,,,,,,,,,,,,,,,,,"(-17.4, 0.5, -1.2)","(-17.4, 1.1, -0.8)","(-17.4, 0.4, -0.5)",
PLAYER_POSITIONS,538068,6/27/2026 10:21:42 AM,90eec047-676b-4d50-9684-e8707ca80941,2.0,,,,,,,,,,,,,,,,,,,,,,,,,,,,,,,,,,,"(-17.4, 0.5, -1.2)","(-17.4, 1.1, -0.8)","(-17.4, 0.4, -0.5)",
PLAYER_POSITIONS,538578,6/27/2026 10:21:42 AM,90eec047-676b-4d50-9684-e8707ca80941,2.0,,,,,,,,,,,,,,,,,,,,,,,,,,,,,,,,,,,"(-17.4, 0.4, -1.2)","(-17.5, 1.1, -0.9)","(-17.5, 0.4, -0.6)",
PLAYER_POSITIONS,538578,6/27/2026 10:21:42 AM,90eec047-676b-4d50-9684-e8707ca80941,2.0,,,,,,,,,,,,,,,,,,,,,,,,,,,,,,,,,,,"(-17.4, 0.4, -1.2)","(-17.5, 1.1, -0.9)","(-17.5, 0.4, -0.6)",
PLAYER_POSITIONS,539093,6/27/2026 10:21:43 AM,90eec047-676b-4d50-9684-e8707ca80941,2.0,,,,,,,,,,,,,,,,,,,,,,,,,,,,,,,,,,,"(-17.2, 0.4, -1.2)","(-17.4, 1.2, -1.0)","(-17.6, 0.6, -1.1)",
PLAYER_POSITIONS,539093,6/27/2026 10:21:43 AM,90eec047-676b-4d50-9684-e8707ca80941,2.0,,,,,,,,,,,,,,,,,,,,,,,,,,,,,,,,,,,"(-17.2, 0.4, -1.2)","(-17.4, 1.2, -1.0)","(-17.6, 0.6, -1.1)",
BAG_CLOSED,539379,6/27/2026 10:21:43 AM,90eec047-676b-4d50-9684-e8707ca80941,2.0,,,,,,,,,,,,,,,,,,,,,,,,,,,,,,,,,,,,"(0.0, 0.0, 0.0)",
PLAYER_POSITIONS,539593,6/27/2026 10:21:43 AM,90eec047-676b-4d50-9684-e8707ca80941,2.0,,,,,,,,,,,,,,,,,,,,,,,,,,,,,,,,,,,"(-17.1, 0.4, -1.1)","(-17.3, 1.2, -1.0)","(-17.5, 0.4, -0.9)",
PLAYER_POSITIONS,539593,6/27/2026 10:21:43 AM,90eec047-676b-4d50-9684-e8707ca80941,2.0,,,,,,,,,,,,,,,,,,,,,,,,,,,,,,,,,,,"(-17.1, 0.4, -1.1)","(-17.3, 1.2, -1.0)","(-17.5, 0.4, -0.9)",
VOICE_CAPTURE,540032,6/27/2026 10:21:44 AM,90eec047-676b-4d50-9684-e8707ca80941,2.0,,,,,,,,,,,,,,,,,,,,,,,,,,,,,,,,,,,,,,,,,,,,,,,,,,,NA,Okay.,
PLAYER_POSITIONS,540100,6/27/2026 10:21:44 AM,90eec047-676b-4d50-9684-e8707ca80941,2.0,,,,,,,,,,,,,,,,,,,,,,,,,,,,,,,,,,,"(-17.0, 0.4, -1.1)","(-17.1, 1.3, -0.9)","(-17.4, 0.3, -0.9)",
PLAYER_POSITIONS,540100,6/27/2026 10:21:44 AM,90eec047-676b-4d50-9684-e8707ca80941,2.0,,,,,,,,,,,,,,,,,,,,,,,,,,,,,,,,,,,"(-17.0, 0.4, -1.1)","(-17.1, 1.3, -0.9)","(-17.4, 0.3, -0.9)",
VOICE_CAPTURE,540544,6/27/2026 10:21:44 AM,90eec047-676b-4d50-9684-e8707ca80941,2.0,,,,,,,,,,,,,,,,,,,,,,,,,,,,,,,,,,,,,,,,,,,,,,,,,,,NA,"Okay, I'm sorry.",
PLAYER_POSITIONS,540622,6/27/2026 10:21:44 AM,90eec047-676b-4d50-9684-e8707ca80941,2.0,,,,,,,,,,,,,,,,,,,,,,,,,,,,,,,,,,,"(-16.5, 0.4, -1.0)","(-16.5, 1.2, -0.9)","(-16.7, 0.4, -1.0)",
PLAYER_GAZE,540622,6/27/2026 10:21:44 AM,90eec047-676b-4d50-9684-e8707ca80941,2.0,,,,,,,,,,,,,,,,,,,,,,,,Civilian PT 8,,,,,,,,,"(-0.7, 1.2, 1.0)",,,"(-15.8, 0.0, -1.8)",
PLAYER_POSITIONS,540622,6/27/2026 10:21:44 AM,90eec047-676b-4d50-9684-e8707ca80941,2.0,,,,,,,,,,,,,,,,,,,,,,,,,,,,,,,,,,,"(-16.5, 0.4, -1.0)","(-16.5, 1.2, -0.9)","(-16.7, 0.4, -1.0)",
PLAYER_GAZE,540622,6/27/2026 10:21:44 AM,90eec047-676b-4d50-9684-e8707ca80941,2.0,,,,,,,,,,,,,,,,,,,,,,,,Civilian PT 8,,,,,,,,,"(-0.7, 1.2, 1.0)",,,"(-15.8, 0.0, -1.8)",
PATIENT_DISENGAGED,540896,6/27/2026 10:21:44 AM,90eec047-676b-4d50-9684-e8707ca80941,2.0,,,,9.24,,,,,,,,,,,,,,,,normal,100,Infinity,normal,Civilian PT 7,agony,recovery,"(-17.6, -0.1, -0.1)",normal,"(0.0, 0.5, 0.0, 0.9)",normal,DELAYED,still,,,,,,,,,,,,,,,,,51.82,
PATIENT_ENGAGED,540897,6/27/2026 10:21:44 AM,90eec047-676b-4d50-9684-e8707ca80941,2.0,,,,0,,,,,,,,,,,,,,,,fast,100,Infinity,normal,Civilian PT 8,upset,sittingGround,"(-15.8, -0.1, -1.8)",fast,"(0.0, 0.4, 0.0, 0.9)",normal,IMMEDIATE,still,,,,,,,,,,,,,,,,,19.79,
VOICE_CAPTURE,541053,6/27/2026 10:21:45 AM,90eec047-676b-4d50-9684-e8707ca80941,2.0,,,,,,,,,,,,,,,,,,,,,,,,,,,,,,,,,,,,,,,,,,,,,,,,,,,NA,"Okay, I'm sorry, I'm giving you Fentanyl.",
PLAYER_POSITIONS,541142,6/27/2026 10:21:45 AM,90eec047-676b-4d50-9684-e8707ca80941,2.0,,,,,,,,,,,,,,,,,,,,,,,,,,,,,,,,,,,"(-16.1, 0.4, -1.3)","(-16.2, 1.2, -1.3)","(-16.5, 0.3, -1.2)",
PLAYER_POSITIONS,541142,6/27/2026 10:21:45 AM,90eec047-676b-4d50-9684-e8707ca80941,2.0,,,,,,,,,,,,,,,,,,,,,,,,,,,,,,,,,,,"(-16.1, 0.4, -1.3)","(-16.2, 1.2, -1.3)","(-16.5, 0.3, -1.2)",
VOICE_CAPTURE,541564,6/27/2026 10:21:45 AM,90eec047-676b-4d50-9684-e8707ca80941,2.0,,,,,,,,,,,,,,,,,,,,,,,,,,,,,,,,,,,,,,,,,,,,,,,,,,,NA,"Okay, I'm sorry, I'm giving you Fentanyl.",
VOICE_CAPTURE,541564,6/27/2026 10:21:45 AM,90eec047-676b-4d50-9684-e8707ca80941,2.0,,,,,,,,,,,,,,,,,,,,,,,,,,,,,,,,,,,,,,,,,,,,,,,,,,,NA,"Okay, I'm sorry, I'm giving you Fentanyl.",
PLAYER_POSITIONS,541653,6/27/2026 10:21:45 AM,90eec047-676b-4d50-9684-e8707ca80941,2.0,,,,,,,,,,,,,,,,,,,,,,,,,,,,,,,,,,,"(-15.8, 0.3, -1.4)","(-15.9, 1.1, -1.4)","(-16.2, 0.3, -1.3)",
PLAYER_GAZE,541653,6/27/2026 10:21:45 AM,90eec047-676b-4d50-9684-e8707ca80941,2.0,,,,,,,,,,,,,,,,,,,,,,,,Civilian PT 8,,,,,,,,,"(-0.1, 1.1, 0.4)",,,"(-15.8, 0.0, -1.8)",
PLAYER_POSITIONS,541653,6/27/2026 10:21:45 AM,90eec047-676b-4d50-9684-e8707ca80941,2.0,,,,,,,,,,,,,,,,,,,,,,,,,,,,,,,,,,,"(-15.8, 0.3, -1.4)","(-15.9, 1.1, -1.4)","(-16.2, 0.3, -1.3)",
PLAYER_GAZE,541653,6/27/2026 10:21:45 AM,90eec047-676b-4d50-9684-e8707ca80941,2.0,,,,,,,,,,,,,,,,,,,,,,,,Civilian PT 8,,,,,,,,,"(-0.1, 1.1, 0.4)",,,"(-15.8, 0.0, -1.8)",
PLAYER_POSITIONS,542163,6/27/2026 10:21:46 AM,90eec047-676b-4d50-9684-e8707ca80941,2.0,,,,,,,,,,,,,,,,,,,,,,,,,,,,,,,,,,,"(-15.7, 0.4, -1.7)","(-15.8, 1.1, -1.7)","(-15.9, 0.5, -1.9)",
PLAYER_POSITIONS,542163,6/27/2026 10:21:46 AM,90eec047-676b-4d50-9684-e8707ca80941,2.0,,,,,,,,,,,,,,,,,,,,,,,,,,,,,,,,,,,"(-15.7, 0.4, -1.7)","(-15.8, 1.1, -1.7)","(-15.9, 0.5, -1.9)",
PULSE_TAKEN,542371,6/27/2026 10:21:46 AM,90eec047-676b-4d50-9684-e8707ca80941,2.0,,,,,,,,,,,,,,,,,,,,,,,,Civilian PT 8,,,,pulse_fast,
PLAYER_POSITIONS,542667,6/27/2026 10:21:46 AM,90eec047-676b-4d50-9684-e8707ca80941,2.0,,,,,,,,,,,,,,,,,,,,,,,,,,,,,,,,,,,"(-15.7, 0.4, -1.8)","(-15.8, 1.0, -1.9)","(-15.8, 0.5, -2.1)",
PLAYER_POSITIONS,542667,6/27/2026 10:21:46 AM,90eec047-676b-4d50-9684-e8707ca80941,2.0,,,,,,,,,,,,,,,,,,,,,,,,,,,,,,,,,,,"(-15.7, 0.4, -1.8)","(-15.8, 1.0, -1.9)","(-15.8, 0.5, -2.1)",
VOICE_CAPTURE,542667,6/27/2026 10:21:46 AM,90eec047-676b-4d50-9684-e8707ca80941,2.0,,,,,,,,,,,,,,,,,,,,,,,,,,,,,,,,,,,,,,,,,,,,,,,,,,,NA,"and your friend, Mel.",
PLAYER_POSITIONS,543184,6/27/2026 10:21:47 AM,90eec047-676b-4d50-9684-e8707ca80941,2.0,,,,,,,,,,,,,,,,,,,,,,,,,,,,,,,,,,,"(-15.7, 0.4, -1.8)","(-15.8, 1.1, -1.9)","(-15.8, 0.5, -2.2)",
PLAYER_POSITIONS,543184,6/27/2026 10:21:47 AM,90eec047-676b-4d50-9684-e8707ca80941,2.0,,,,,,,,,,,,,,,,,,,,,,,,,,,,,,,,,,,"(-15.7, 0.4, -1.8)","(-15.8, 1.1, -1.9)","(-15.8, 0.5, -2.2)",
VOICE_CAPTURE,543184,6/27/2026 10:21:47 AM,90eec047-676b-4d50-9684-e8707ca80941,2.0,,,,,,,,,,,,,,,,,,,,,,,,,,,,,,,,,,,,,,,,,,,,,,,,,,,NA,"in your Fertile. Okay, time.",
PLAYER_POSITIONS,543707,6/27/2026 10:21:47 AM,90eec047-676b-4d50-9684-e8707ca80941,2.0,,,,,,,,,,,,,,,,,,,,,,,,,,,,,,,,,,,"(-15.7, 0.4, -1.8)","(-15.8, 1.1, -1.9)","(-15.9, 0.5, -2.2)",
PLAYER_POSITIONS,543707,6/27/2026 10:21:47 AM,90eec047-676b-4d50-9684-e8707ca80941,2.0,,,,,,,,,,,,,,,,,,,,,,,,,,,,,,,,,,,"(-15.7, 0.4, -1.8)","(-15.8, 1.1, -1.9)","(-15.9, 0.5, -2.2)",
VOICE_CAPTURE,543796,6/27/2026 10:21:47 AM,90eec047-676b-4d50-9684-e8707ca80941,2.0,,,,,,,,,,,,,,,,,,,,,,,,,,,,,,,,,,,,,,,,,,,,,,,,,,,NA,"and you, Fentil. Okay, tell me what year it is.",
DRAG_STOP,543885,6/27/2026 10:21:47 AM,90eec047-676b-4d50-9684-e8707ca80941,2.0,,,,,"(-14.1, 0.0, 3.6)","(-14.1, 0.0, 3.7)",,,,,,,,,,,,,,,,,,Civilian PT 8,
VOICE_CAPTURE,544120,6/27/2026 10:21:48 AM,90eec047-676b-4d50-9684-e8707ca80941,2.0,,,,,,,,,,,,,,,,,,,,,,,,,,,,,,,,,,,,,,,,,,,,,,,,,,,NA,"and you, Fentwell. Okay, tell me what year it is.",
PLAYER_POSITIONS,544208,6/27/2026 10:21:48 AM,90eec047-676b-4d50-9684-e8707ca80941,2.0,,,,,,,,,,,,,,,,,,,,,,,,,,,,,,,,,,,"(-15.7, 0.3, -1.8)","(-15.8, 1.1, -1.9)","(-15.9, 0.5, -2.2)",
PLAYER_POSITIONS,544208,6/27/2026 10:21:48 AM,90eec047-676b-4d50-9684-e8707ca80941,2.0,,,,,,,,,,,,,,,,,,,,,,,,,,,,,,,,,,,"(-15.7, 0.3, -1.8)","(-15.8, 1.1, -1.9)","(-15.9, 0.5, -2.2)",
VOICE_CAPTURE,544608,6/27/2026 10:21:48 AM,90eec047-676b-4d50-9684-e8707ca80941,2.0,,,,,,,,,,,,,,,,,,,,,,,,,,,,,,,,,,,,,,,,,,,,,,,,,,,NA,"and you, Fentwell. Okay, tell me what year it is.",
VOICE_CAPTURE,544608,6/27/2026 10:21:48 AM,90eec047-676b-4d50-9684-e8707ca80941,2.0,,,,,,,,,,,,,,,,,,,,,,,,,,,,,,,,,,,,,,,,,,,,,,,,,,,NA,"and you, Fentwell. Okay, tell me what year it is.",
VOICE_COMMAND,544608,6/27/2026 10:21:48 AM,90eec047-676b-4d50-9684-e8707ca80941,2.0,,,,,,,,,,,,,,,,,,,,,,,,,,,,,,,,,,,,,,,,,,,,,,,,,,,"and you, Fentwell. Okay, tell me what year it is.",what year is it,
PLAYER_POSITIONS,544718,6/27/2026 10:21:48 AM,90eec047-676b-4d50-9684-e8707ca80941,2.0,,,,,,,,,,,,,,,,,,,,,,,,,,,,,,,,,,,"(-15.8, 0.4, -1.8)","(-15.8, 1.1, -1.9)","(-15.9, 0.5, -2.2)",
PLAYER_POSITIONS,544718,6/27/2026 10:21:48 AM,90eec047-676b-4d50-9684-e8707ca80941,2.0,,,,,,,,,,,,,,,,,,,,,,,,,,,,,,,,,,,"(-15.8, 0.4, -1.8)","(-15.8, 1.1, -1.9)","(-15.9, 0.5, -2.2)",
VOICE_CAPTURE,545062,6/27/2026 10:21:49 AM,90eec047-676b-4d50-9684-e8707ca80941,2.0,,,,,,,,,,,,,,,,,,,,,,,,,,,,,,,,,,,,,,,,,,,,,,,,,,,NA,- I don't know what year it is.,
PLAYER_POSITIONS,545218,6/27/2026 10:21:49 AM,90eec047-676b-4d50-9684-e8707ca80941,2.0,,,,,,,,,,,,,,,,,,,,,,,,,,,,,,,,,,,"(-15.8, 0.4, -1.8)","(-15.8, 1.1, -1.8)","(-15.9, 0.6, -2.2)",
PLAYER_POSITIONS,545218,6/27/2026 10:21:49 AM,90eec047-676b-4d50-9684-e8707ca80941,2.0,,,,,,,,,,,,,,,,,,,,,,,,,,,,,,,,,,,"(-15.8, 0.4, -1.8)","(-15.8, 1.1, -1.8)","(-15.9, 0.6, -2.2)",
VOICE_CAPTURE,545574,6/27/2026 10:21:49 AM,90eec047-676b-4d50-9684-e8707ca80941,2.0,,,,,,,,,,,,,,,,,,,,,,,,,,,,,,,,,,,,,,,,,,,,,,,,,,,NA,- I don't know what year it is.,
VOICE_CAPTURE,545574,6/27/2026 10:21:49 AM,90eec047-676b-4d50-9684-e8707ca80941,2.0,,,,,,,,,,,,,,,,,,,,,,,,,,,,,,,,,,,,,,,,,,,,,,,,,,,NA,- I don't know what year it is.,
VOICE_COMMAND,545574,6/27/2026 10:21:49 AM,90eec047-676b-4d50-9684-e8707ca80941,2.0,,,,,,,,,,,,,,,,,,,,,,,,,,,,,,,,,,,,,,,,,,,,,,,,,,,- I don't know what year it is.,what year is it,
PLAYER_POSITIONS,545732,6/27/2026 10:21:49 AM,90eec047-676b-4d50-9684-e8707ca80941,2.0,,,,,,,,,,,,,,,,,,,,,,,,,,,,,,,,,,,"(-15.8, 0.4, -1.8)","(-15.8, 1.1, -1.8)","(-15.8, 0.6, -2.2)",
PLAYER_POSITIONS,545732,6/27/2026 10:21:49 AM,90eec047-676b-4d50-9684-e8707ca80941,2.0,,,,,,,,,,,,,,,,,,,,,,,,,,,,,,,,,,,"(-15.8, 0.4, -1.8)","(-15.8, 1.1, -1.8)","(-15.8, 0.6, -2.2)",
AUDIO_END,545754,6/27/2026 10:21:49 AM,90eec047-676b-4d50-9684-e8707ca80941,2.0,artillery strike,8.328,
NARRATIVE_SECTION_END,545754,6/27/2026 10:21:49 AM,90eec047-676b-4d50-9684-e8707ca80941,2.0,,,,,,,,,,,,,,,,,,Artillery strike,61,
NARRATIVE_SECTION_START,545795,6/27/2026 10:21:49 AM,90eec047-676b-4d50-9684-e8707ca80941,2.0,,,,,,,,,,,,,,,,,,Echo Overrun,62,
PLAYER_POSITIONS,546250,6/27/2026 10:21:50 AM,90eec047-676b-4d50-9684-e8707ca80941,2.0,,,,,,,,,,,,,,,,,,,,,,,,,,,,,,,,,,,"(-15.2, 0.4, -1.6)","(-15.3, 1.2, -1.5)","(-15.4, 0.4, -1.6)",
PLAYER_POSITIONS,546250,6/27/2026 10:21:50 AM,90eec047-676b-4d50-9684-e8707ca80941,2.0,,,,,,,,,,,,,,,,,,,,,,,,,,,,,,,,,,,"(-15.2, 0.4, -1.6)","(-15.3, 1.2, -1.5)","(-15.4, 0.4, -1.6)",
PLAYER_POSITIONS,546757,6/27/2026 10:21:50 AM,90eec047-676b-4d50-9684-e8707ca80941,2.0,,,,,,,,,,,,,,,,,,,,,,,,,,,,,,,,,,,"(-14.9, 0.3, -1.8)","(-15.1, 1.3, -1.6)","(-15.2, 0.5, -1.8)",
PLAYER_GAZE,546757,6/27/2026 10:21:50 AM,90eec047-676b-4d50-9684-e8707ca80941,2.0,,,,,,,,,,,,,,,,,,,,,,,,Civilian PT 8,,,,,,,,,"(0.7, 1.3, 0.2)",,,"(-15.8, 0.0, -1.8)",
PLAYER_POSITIONS,546757,6/27/2026 10:21:50 AM,90eec047-676b-4d50-9684-e8707ca80941,2.0,,,,,,,,,,,,,,,,,,,,,,,,,,,,,,,,,,,"(-14.9, 0.3, -1.8)","(-15.1, 1.3, -1.6)","(-15.2, 0.5, -1.8)",
PLAYER_GAZE,546757,6/27/2026 10:21:50 AM,90eec047-676b-4d50-9684-e8707ca80941,2.0,,,,,,,,,,,,,,,,,,,,,,,,Civilian PT 8,,,,,,,,,"(0.7, 1.3, 0.2)",,,"(-15.8, 0.0, -1.8)",
PLAYER_POSITIONS,547257,6/27/2026 10:21:51 AM,90eec047-676b-4d50-9684-e8707ca80941,2.0,,,,,,,,,,,,,,,,,,,,,,,,,,,,,,,,,,,"(-15.4, 0.4, -1.8)","(-15.4, 1.3, -1.5)","(-15.7, 0.4, -1.2)",
PLAYER_POSITIONS,547257,6/27/2026 10:21:51 AM,90eec047-676b-4d50-9684-e8707ca80941,2.0,,,,,,,,,,,,,,,,,,,,,,,,,,,,,,,,,,,"(-15.4, 0.4, -1.8)","(-15.4, 1.3, -1.5)","(-15.7, 0.4, -1.2)",
VOICE_CAPTURE,547556,6/27/2026 10:21:51 AM,90eec047-676b-4d50-9684-e8707ca80941,2.0,,,,,,,,,,,,,,,,,,,,,,,,,,,,,,,,,,,,,,,,,,,,,,,,,,,NA,kay.,
PLAYER_POSITIONS,547757,6/27/2026 10:21:51 AM,90eec047-676b-4d50-9684-e8707ca80941,2.0,,,,,,,,,,,,,,,,,,,,,,,,,,,,,,,,,,,"(-16.1, 0.4, -1.2)","(-16.1, 1.3, -1.0)","(-16.3, 0.4, -0.9)",
PLAYER_GAZE,547757,6/27/2026 10:21:51 AM,90eec047-676b-4d50-9684-e8707ca80941,2.0,,,,,,,,,,,,,,,,,,,,,,,,Civilian PT 7,,,,,,,,,"(1.5, 1.3, -0.9)",,,"(-17.6, 0.0, -0.1)",
PLAYER_POSITIONS,547757,6/27/2026 10:21:51 AM,90eec047-676b-4d50-9684-e8707ca80941,2.0,,,,,,,,,,,,,,,,,,,,,,,,,,,,,,,,,,,"(-16.1, 0.4, -1.2)","(-16.1, 1.3, -1.0)","(-16.3, 0.4, -0.9)",
PLAYER_GAZE,547757,6/27/2026 10:21:51 AM,90eec047-676b-4d50-9684-e8707ca80941,2.0,,,,,,,,,,,,,,,,,,,,,,,,Civilian PT 7,,,,,,,,,"(1.5, 1.3, -0.9)",,,"(-17.6, 0.0, -0.1)",
VOICE_CAPTURE,548067,6/27/2026 10:21:52 AM,90eec047-676b-4d50-9684-e8707ca80941,2.0,,,,,,,,,,,,,,,,,,,,,,,,,,,,,,,,,,,,,,,,,,,,,,,,,,,NA,kay.,
PLAYER_POSITIONS,548268,6/27/2026 10:21:52 AM,90eec047-676b-4d50-9684-e8707ca80941,2.0,,,,,,,,,,,,,,,,,,,,,,,,,,,,,,,,,,,"(-16.4, 0.4, -1.2)","(-16.3, 1.3, -1.0)","(-16.7, 0.4, -0.8)",
PLAYER_POSITIONS,548268,6/27/2026 10:21:52 AM,90eec047-676b-4d50-9684-e8707ca80941,2.0,,,,,,,,,,,,,,,,,,,,,,,,,,,,,,,,,,,"(-16.4, 0.4, -1.2)","(-16.3, 1.3, -1.0)","(-16.7, 0.4, -0.8)",
VOICE_CAPTURE,548556,6/27/2026 10:21:52 AM,90eec047-676b-4d50-9684-e8707ca80941,2.0,,,,,,,,,,,,,,,,,,,,,,,,,,,,,,,,,,,,,,,,,,,,,,,,,,,NA,kay.,
AUDIO_START,548784,6/27/2026 10:21:52 AM,90eec047-676b-4d50-9684-e8707ca80941,2.0,we are overrun two airstrikes,4.571429,
PLAYER_POSITIONS,548784,6/27/2026 10:21:52 AM,90eec047-676b-4d50-9684-e8707ca80941,2.0,,,,,,,,,,,,,,,,,,,,,,,,,,,,,,,,,,,"(-16.5, 0.4, -2.0)","(-16.7, 1.3, -1.8)","(-17.1, 1.0, -2.0)",
PLAYER_POSITIONS,548784,6/27/2026 10:21:52 AM,90eec047-676b-4d50-9684-e8707ca80941,2.0,,,,,,,,,,,,,,,,,,,,,,,,,,,,,,,,,,,"(-16.5, 0.4, -2.0)","(-16.7, 1.3, -1.8)","(-17.1, 1.0, -2.0)",
VOICE_CAPTURE,549059,6/27/2026 10:21:53 AM,90eec047-676b-4d50-9684-e8707ca80941,2.0,,,,,,,,,,,,,,,,,,,,,,,,,,,,,,,,,,,,,,,,,,,,,,,,,,,NA,kay.,
PLAYER_POSITIONS,549284,6/27/2026 10:21:53 AM,90eec047-676b-4d50-9684-e8707ca80941,2.0,,,,,,,,,,,,,,,,,,,,,,,,,,,,,,,,,,,"(-16.4, 0.4, -1.9)","(-16.4, 1.3, -1.6)","(-16.5, 1.1, -2.0)",
PLAYER_POSITIONS,549284,6/27/2026 10:21:53 AM,90eec047-676b-4d50-9684-e8707ca80941,2.0,,,,,,,,,,,,,,,,,,,,,,,,,,,,,,,,,,,"(-16.4, 0.4, -1.9)","(-16.4, 1.3, -1.6)","(-16.5, 1.1, -2.0)",
VOICE_CAPTURE,549618,6/27/2026 10:21:53 AM,90eec047-676b-4d50-9684-e8707ca80941,2.0,,,,,,,,,,,,,,,,,,,,,,,,,,,,,,,,,,,,,,,,,,,,,,,,,,,NA,kay.,
PLAYER_POSITIONS,549784,6/27/2026 10:21:53 AM,90eec047-676b-4d50-9684-e8707ca80941,2.0,,,,,,,,,,,,,,,,,,,,,,,,,,,,,,,,,,,"(-15.8, 0.3, -1.5)","(-15.9, 1.3, -1.4)","(-15.7, 1.0, -1.6)",
PLAYER_POSITIONS,549784,6/27/2026 10:21:53 AM,90eec047-676b-4d50-9684-e8707ca80941,2.0,,,,,,,,,,,,,,,,,,,,,,,,,,,,,,,,,,,"(-15.8, 0.3, -1.5)","(-15.9, 1.3, -1.4)","(-15.7, 1.0, -1.6)",
VOICE_CAPTURE,550074,6/27/2026 10:21:54 AM,90eec047-676b-4d50-9684-e8707ca80941,2.0,,,,,,,,,,,,,,,,,,,,,,,,,,,,,,,,,,,,,,,,,,,,,,,,,,,NA,kay.,
PLAYER_POSITIONS,550295,6/27/2026 10:21:54 AM,90eec047-676b-4d50-9684-e8707ca80941,2.0,,,,,,,,,,,,,,,,,,,,,,,,,,,,,,,,,,,"(-15.0, 0.3, -1.8)","(-15.1, 1.3, -1.7)","(-14.9, 0.9, -1.9)",
PLAYER_POSITIONS,550295,6/27/2026 10:21:54 AM,90eec047-676b-4d50-9684-e8707ca80941,2.0,,,,,,,,,,,,,,,,,,,,,,,,,,,,,,,,,,,"(-15.0, 0.3, -1.8)","(-15.1, 1.3, -1.7)","(-14.9, 0.9, -1.9)",
VOICE_CAPTURE,550541,6/27/2026 10:21:54 AM,90eec047-676b-4d50-9684-e8707ca80941,2.0,,,,,,,,,,,,,,,,,,,,,,,,,,,,,,,,,,,,,,,,,,,,,,,,,,,NA,kay.,
PLAYER_POSITIONS,550807,6/27/2026 10:21:54 AM,90eec047-676b-4d50-9684-e8707ca80941,2.0,,,,,,,,,,,,,,,,,,,,,,,,,,,,,,,,,,,"(-14.3, 0.3, -2.3)","(-14.3, 1.2, -2.2)","(-14.2, 0.9, -2.4)",
PLAYER_POSITIONS,550807,6/27/2026 10:21:54 AM,90eec047-676b-4d50-9684-e8707ca80941,2.0,,,,,,,,,,,,,,,,,,,,,,,,,,,,,,,,,,,"(-14.3, 0.3, -2.3)","(-14.3, 1.2, -2.2)","(-14.2, 0.9, -2.4)",
VOICE_CAPTURE,551074,6/27/2026 10:21:55 AM,90eec047-676b-4d50-9684-e8707ca80941,2.0,,,,,,,,,,,,,,,,,,,,,,,,,,,,,,,,,,,,,,,,,,,,,,,,,,,NA,kay.,
PATIENT_DISENGAGED,551216,6/27/2026 10:21:55 AM,90eec047-676b-4d50-9684-e8707ca80941,2.0,,,,10.32,,,,,,,,,,,,,,,,fast,100,Infinity,normal,Civilian PT 8,upset,sittingGround,"(-15.8, -0.1, -1.8)",fast,"(0.0, 0.4, 0.0, 0.9)",normal,IMMEDIATE,still,,,,,,,,,,,,,,,,,30.11,
PLAYER_POSITIONS,551329,6/27/2026 10:21:55 AM,90eec047-676b-4d50-9684-e8707ca80941,2.0,,,,,,,,,,,,,,,,,,,,,,,,,,,,,,,,,,,"(-13.5, 0.3, -2.7)","(-13.6, 1.2, -2.6)","(-13.6, 0.8, -2.9)",
PLAYER_GAZE,551329,6/27/2026 10:21:55 AM,90eec047-676b-4d50-9684-e8707ca80941,2.0,,,,,,,,,,,,,,,,,,,,,,,,Military PT 4,,,,,,,,,"(-1.6, 1.2, 3.0)",,,"(-12.0, 0.0, -5.6)",
PLAYER_POSITIONS,551329,6/27/2026 10:21:55 AM,90eec047-676b-4d50-9684-e8707ca80941,2.0,,,,,,,,,,,,,,,,,,,,,,,,,,,,,,,,,,,"(-13.5, 0.3, -2.7)","(-13.6, 1.2, -2.6)","(-13.6, 0.8, -2.9)",
PLAYER_GAZE,551329,6/27/2026 10:21:55 AM,90eec047-676b-4d50-9684-e8707ca80941,2.0,,,,,,,,,,,,,,,,,,,,,,,,Military PT 4,,,,,,,,,"(-1.6, 1.2, 3.0)",,,"(-12.0, 0.0, -5.6)",
VOICE_CAPTURE,551539,6/27/2026 10:21:55 AM,90eec047-676b-4d50-9684-e8707ca80941,2.0,,,,,,,,,,,,,,,,,,,,,,,,,,,,,,,,,,,,,,,,,,,,,,,,,,,NA,kay.,
PLAYER_POSITIONS,551840,6/27/2026 10:21:55 AM,90eec047-676b-4d50-9684-e8707ca80941,2.0,,,,,,,,,,,,,,,,,,,,,,,,,,,,,,,,,,,"(-12.9, 0.3, -3.2)","(-13.0, 1.2, -3.2)","(-13.0, 0.6, -3.4)",
PLAYER_POSITIONS,551840,6/27/2026 10:21:55 AM,90eec047-676b-4d50-9684-e8707ca80941,2.0,,,,,,,,,,,,,,,,,,,,,,,,,,,,,,,,,,,"(-12.9, 0.3, -3.2)","(-13.0, 1.2, -3.2)","(-13.0, 0.6, -3.4)",
PATIENT_ENGAGED,551880,6/27/2026 10:21:55 AM,90eec047-676b-4d50-9684-e8707ca80941,2.0,,,,0,,,,,,,,,,,,,,,,normal,100,Infinity,normal,Military PT 12,upset,supine,"(-13.1, -0.1, -4.0)",normal,"(0.0, 0.0, 0.0, 1.0)",normal,DELAYED,still,,,,,,,,,,,,,,,,,22.99,
VOICE_CAPTURE,552015,6/27/2026 10:21:56 AM,90eec047-676b-4d50-9684-e8707ca80941,2.0,,,,,,,,,,,,,,,,,,,,,,,,,,,,,,,,,,,,,,,,,,,,,,,,,,,NA,kay. Thank you.,
PLAYER_POSITIONS,552349,6/27/2026 10:21:56 AM,90eec047-676b-4d50-9684-e8707ca80941,2.0,,,,,,,,,,,,,,,,,,,,,,,,,,,,,,,,,,,"(-12.5, 0.3, -3.8)","(-12.6, 1.1, -3.8)","(-12.8, 0.5, -3.9)",
PLAYER_POSITIONS,552349,6/27/2026 10:21:56 AM,90eec047-676b-4d50-9684-e8707ca80941,2.0,,,,,,,,,,,,,,,,,,,,,,,,,,,,,,,,,,,"(-12.5, 0.3, -3.8)","(-12.6, 1.1, -3.8)","(-12.8, 0.5, -3.9)",
VOICE_CAPTURE,552508,6/27/2026 10:21:56 AM,90eec047-676b-4d50-9684-e8707ca80941,2.0,,,,,,,,,,,,,,,,,,,,,,,,,,,,,,,,,,,,,,,,,,,,,,,,,,,NA,kay. Thank you. Can you see?,
PLAYER_POSITIONS,552860,6/27/2026 10:21:56 AM,90eec047-676b-4d50-9684-e8707ca80941,2.0,,,,,,,,,,,,,,,,,,,,,,,,,,,,,,,,,,,"(-12.3, 0.3, -4.4)","(-12.5, 1.1, -4.4)","(-12.6, 0.4, -4.5)",
PLAYER_POSITIONS,552860,6/27/2026 10:21:56 AM,90eec047-676b-4d50-9684-e8707ca80941,2.0,,,,,,,,,,,,,,,,,,,,,,,,,,,,,,,,,,,"(-12.3, 0.3, -4.4)","(-12.5, 1.1, -4.4)","(-12.6, 0.4, -4.5)",
VOICE_CAPTURE,553053,6/27/2026 10:21:57 AM,90eec047-676b-4d50-9684-e8707ca80941,2.0,,,,,,,,,,,,,,,,,,,,,,,,,,,,,,,,,,,,,,,,,,,,,,,,,,,NA,kay. Thank you. Can you still tell me what you think?,
AUDIO_END,553363,6/27/2026 10:21:57 AM,90eec047-676b-4d50-9684-e8707ca80941,2.0,we are overrun two airstrikes,4.571429,
NARRATIVE_SECTION_END,553363,6/27/2026 10:21:57 AM,90eec047-676b-4d50-9684-e8707ca80941,2.0,,,,,,,,,,,,,,,,,,Echo Overrun,62,
PLAYER_POSITIONS,553363,6/27/2026 10:21:57 AM,90eec047-676b-4d50-9684-e8707ca80941,2.0,,,,,,,,,,,,,,,,,,,,,,,,,,,,,,,,,,,"(-12.4, 0.4, -4.3)","(-12.5, 0.9, -4.4)","(-12.5, 0.1, -4.5)",
PLAYER_POSITIONS,553363,6/27/2026 10:21:57 AM,90eec047-676b-4d50-9684-e8707ca80941,2.0,,,,,,,,,,,,,,,,,,,,,,,,,,,,,,,,,,,"(-12.4, 0.4, -4.3)","(-12.5, 0.9, -4.4)","(-12.5, 0.1, -4.5)",
NARRATIVE_SECTION_START,553382,6/27/2026 10:21:57 AM,90eec047-676b-4d50-9684-e8707ca80941,2.0,,,,,,,,,,,,,,,,,,Echo squad requesting danger close,63,
PULSE_TAKEN,553566,6/27/2026 10:21:57 AM,90eec047-676b-4d50-9684-e8707ca80941,2.0,,,,,,,,,,,,,,,,,,,,,,,,Military PT 12,,,,pulse_normal,
VOICE_CAPTURE,553576,6/27/2026 10:21:57 AM,90eec047-676b-4d50-9684-e8707ca80941,2.0,,,,,,,,,,,,,,,,,,,,,,,,,,,,,,,,,,,,,,,,,,,,,,,,,,,NA,kay. Thank you. Can you still tell me what year it is?,
PLAYER_POSITIONS,553882,6/27/2026 10:21:57 AM,90eec047-676b-4d50-9684-e8707ca80941,2.0,,,,,,,,,,,,,,,,,,,,,,,,,,,,,,,,,,,"(-12.4, 0.3, -4.3)","(-12.4, 0.8, -4.5)","(-12.5, 0.1, -4.6)",
PLAYER_POSITIONS,553882,6/27/2026 10:21:57 AM,90eec047-676b-4d50-9684-e8707ca80941,2.0,,,,,,,,,,,,,,,,,,,,,,,,,,,,,,,,,,,"(-12.4, 0.3, -4.3)","(-12.4, 0.8, -4.5)","(-12.5, 0.1, -4.6)",
VOICE_CAPTURE,554049,6/27/2026 10:21:58 AM,90eec047-676b-4d50-9684-e8707ca80941,2.0,,,,,,,,,,,,,,,,,,,,,,,,,,,,,,,,,,,,,,,,,,,,,,,,,,,NA,kay. Thank you. Can you still tell me what year it is?,
VOICE_CAPTURE,554049,6/27/2026 10:21:58 AM,90eec047-676b-4d50-9684-e8707ca80941,2.0,,,,,,,,,,,,,,,,,,,,,,,,,,,,,,,,,,,,,,,,,,,,,,,,,,,NA,kay. Thank you. Can you still tell me what year it is?,
VOICE_COMMAND,554049,6/27/2026 10:21:58 AM,90eec047-676b-4d50-9684-e8707ca80941,2.0,,,,,,,,,,,,,,,,,,,,,,,,,,,,,,,,,,,,,,,,,,,,,,,,,,,kay. Thank you. Can you still tell me what year it is?,what year is it,
PLAYER_POSITIONS,554393,6/27/2026 10:21:58 AM,90eec047-676b-4d50-9684-e8707ca80941,2.0,,,,,,,,,,,,,,,,,,,,,,,,,,,,,,,,,,,"(-12.4, 0.3, -4.3)","(-12.4, 0.8, -4.6)","(-12.4, 0.1, -4.6)",
PLAYER_POSITIONS,554393,6/27/2026 10:21:58 AM,90eec047-676b-4d50-9684-e8707ca80941,2.0,,,,,,,,,,,,,,,,,,,,,,,,,,,,,,,,,,,"(-12.4, 0.3, -4.3)","(-12.4, 0.8, -4.6)","(-12.4, 0.1, -4.6)",
PLAYER_POSITIONS,554893,6/27/2026 10:21:58 AM,90eec047-676b-4d50-9684-e8707ca80941,2.0,,,,,,,,,,,,,,,,,,,,,,,,,,,,,,,,,,,"(-12.4, 0.3, -4.3)","(-12.4, 0.8, -4.6)","(-12.5, 0.1, -4.6)",
PLAYER_POSITIONS,554893,6/27/2026 10:21:58 AM,90eec047-676b-4d50-9684-e8707ca80941,2.0,,,,,,,,,,,,,,,,,,,,,,,,,,,,,,,,,,,"(-12.4, 0.3, -4.3)","(-12.4, 0.8, -4.6)","(-12.5, 0.1, -4.6)",
VOICE_CAPTURE,555016,6/27/2026 10:21:59 AM,90eec047-676b-4d50-9684-e8707ca80941,2.0,,,,,,,,,,,,,,,,,,,,,,,,,,,,,,,,,,,,,,,,,,,,,,,,,,,NA,But here it is.,
PLAYER_POSITIONS,555404,6/27/2026 10:21:59 AM,90eec047-676b-4d50-9684-e8707ca80941,2.0,,,,,,,,,,,,,,,,,,,,,,,,,,,,,,,,,,,"(-12.4, 0.3, -4.3)","(-12.4, 0.8, -4.6)","(-12.4, 0.1, -4.5)",
PLAYER_POSITIONS,555404,6/27/2026 10:21:59 AM,90eec047-676b-4d50-9684-e8707ca80941,2.0,,,,,,,,,,,,,,,,,,,,,,,,,,,,,,,,,,,"(-12.4, 0.3, -4.3)","(-12.4, 0.8, -4.6)","(-12.4, 0.1, -4.5)",
VOICE_CAPTURE,555539,6/27/2026 10:21:59 AM,90eec047-676b-4d50-9684-e8707ca80941,2.0,,,,,,,,,,,,,,,,,,,,,,,,,,,,,,,,,,,,,,,,,,,,,,,,,,,NA,But here it is.,
VOICE_CAPTURE,555539,6/27/2026 10:21:59 AM,90eec047-676b-4d50-9684-e8707ca80941,2.0,,,,,,,,,,,,,,,,,,,,,,,,,,,,,,,,,,,,,,,,,,,,,,,,,,,NA,But here it is.,
PLAYER_POSITIONS,555915,6/27/2026 10:22:00 AM,90eec047-676b-4d50-9684-e8707ca80941,2.0,,,,,,,,,,,,,,,,,,,,,,,,,,,,,,,,,,,"(-12.4, 0.3, -4.3)","(-12.4, 0.8, -4.5)","(-12.4, 0.1, -4.5)",
PLAYER_POSITIONS,555915,6/27/2026 10:22:00 AM,90eec047-676b-4d50-9684-e8707ca80941,2.0,,,,,,,,,,,,,,,,,,,,,,,,,,,,,,,,,,,"(-12.4, 0.3, -4.3)","(-12.4, 0.8, -4.5)","(-12.4, 0.1, -4.5)",
VOICE_CAPTURE,556082,6/27/2026 10:22:00 AM,90eec047-676b-4d50-9684-e8707ca80941,2.0,,,,,,,,,,,,,,,,,,,,,,,,,,,,,,,,,,,,,,,,,,,,,,,,,,,NA,Are you,
AUDIO_START,556376,6/27/2026 10:22:00 AM,90eec047-676b-4d50-9684-e8707ca80941,2.0,echo squad requesting danger close,4.571429,
PLAYER_POSITIONS,556416,6/27/2026 10:22:00 AM,90eec047-676b-4d50-9684-e8707ca80941,2.0,,,,,,,,,,,,,,,,,,,,,,,,,,,,,,,,,,,"(-12.4, 0.3, -4.3)","(-12.5, 0.8, -4.5)","(-12.4, 0.1, -4.5)",
PLAYER_POSITIONS,556416,6/27/2026 10:22:00 AM,90eec047-676b-4d50-9684-e8707ca80941,2.0,,,,,,,,,,,,,,,,,,,,,,,,,,,,,,,,,,,"(-12.4, 0.3, -4.3)","(-12.5, 0.8, -4.5)","(-12.4, 0.1, -4.5)",
PLAYER_POSITIONS,556934,6/27/2026 10:22:01 AM,90eec047-676b-4d50-9684-e8707ca80941,2.0,,,,,,,,,,,,,,,,,,,,,,,,,,,,,,,,,,,"(-12.4, 0.3, -4.3)","(-12.5, 0.8, -4.5)","(-12.4, 0.1, -4.5)",
PLAYER_POSITIONS,556934,6/27/2026 10:22:01 AM,90eec047-676b-4d50-9684-e8707ca80941,2.0,,,,,,,,,,,,,,,,,,,,,,,,,,,,,,,,,,,"(-12.4, 0.3, -4.3)","(-12.5, 0.8, -4.5)","(-12.4, 0.1, -4.5)",
VOICE_CAPTURE,557068,6/27/2026 10:22:01 AM,90eec047-676b-4d50-9684-e8707ca80941,2.0,,,,,,,,,,,,,,,,,,,,,,,,,,,,,,,,,,,,,,,,,,,,,,,,,,,NA,Are you in pain?,
PLAYER_POSITIONS,557435,6/27/2026 10:22:01 AM,90eec047-676b-4d50-9684-e8707ca80941,2.0,,,,,,,,,,,,,,,,,,,,,,,,,,,,,,,,,,,"(-12.4, 0.3, -4.3)","(-12.5, 0.8, -4.5)","(-12.4, 0.1, -4.5)",
PLAYER_POSITIONS,557435,6/27/2026 10:22:01 AM,90eec047-676b-4d50-9684-e8707ca80941,2.0,,,,,,,,,,,,,,,,,,,,,,,,,,,,,,,,,,,"(-12.4, 0.3, -4.3)","(-12.5, 0.8, -4.5)","(-12.4, 0.1, -4.5)",
VOICE_CAPTURE,557524,6/27/2026 10:22:01 AM,90eec047-676b-4d50-9684-e8707ca80941,2.0,,,,,,,,,,,,,,,,,,,,,,,,,,,,,,,,,,,,,,,,,,,,,,,,,,,NA,Are you in pain? Are you in pain?,
PLAYER_POSITIONS,557946,6/27/2026 10:22:02 AM,90eec047-676b-4d50-9684-e8707ca80941,2.0,,,,,,,,,,,,,,,,,,,,,,,,,,,,,,,,,,,"(-12.4, 0.3, -4.3)","(-12.5, 0.8, -4.5)","(-12.4, 0.1, -4.5)",
PLAYER_POSITIONS,557946,6/27/2026 10:22:02 AM,90eec047-676b-4d50-9684-e8707ca80941,2.0,,,,,,,,,,,,,,,,,,,,,,,,,,,,,,,,,,,"(-12.4, 0.3, -4.3)","(-12.5, 0.8, -4.5)","(-12.4, 0.1, -4.5)",
VOICE_CAPTURE,558068,6/27/2026 10:22:02 AM,90eec047-676b-4d50-9684-e8707ca80941,2.0,,,,,,,,,,,,,,,,,,,,,,,,,,,,,,,,,,,,,,,,,,,,,,,,,,,NA,Are you in pain? Are you in pain?,
VOICE_CAPTURE,558068,6/27/2026 10:22:02 AM,90eec047-676b-4d50-9684-e8707ca80941,2.0,,,,,,,,,,,,,,,,,,,,,,,,,,,,,,,,,,,,,,,,,,,,,,,,,,,NA,Are you in pain? Are you in pain?,
VOICE_COMMAND,558068,6/27/2026 10:22:02 AM,90eec047-676b-4d50-9684-e8707ca80941,2.0,,,,,,,,,,,,,,,,,,,,,,,,,,,,,,,,,,,,,,,,,,,,,,,,,,,Are you in pain? Are you in pain?,are you in pain,
PLAYER_POSITIONS,558446,6/27/2026 10:22:02 AM,90eec047-676b-4d50-9684-e8707ca80941,2.0,,,,,,,,,,,,,,,,,,,,,,,,,,,,,,,,,,,"(-12.4, 0.3, -4.3)","(-12.5, 0.8, -4.5)","(-12.5, 0.2, -4.6)",
PLAYER_POSITIONS,558446,6/27/2026 10:22:02 AM,90eec047-676b-4d50-9684-e8707ca80941,2.0,,,,,,,,,,,,,,,,,,,,,,,,,,,,,,,,,,,"(-12.4, 0.3, -4.3)","(-12.5, 0.8, -4.5)","(-12.5, 0.2, -4.6)",
DRAG_STOP,558538,6/27/2026 10:22:02 AM,90eec047-676b-4d50-9684-e8707ca80941,2.0,,,,,"(-14.1, 0.0, 3.6)","(-14.1, 0.0, 3.7)",,,,,,,,,,,,,,,,,,Military PT 12,
PLAYER_POSITIONS,558947,6/27/2026 10:22:03 AM,90eec047-676b-4d50-9684-e8707ca80941,2.0,,,,,,,,,,,,,,,,,,,,,,,,,,,,,,,,,,,"(-12.4, 0.3, -4.3)","(-12.6, 0.9, -4.5)","(-12.8, 0.5, -4.7)",
PLAYER_POSITIONS,558947,6/27/2026 10:22:03 AM,90eec047-676b-4d50-9684-e8707ca80941,2.0,,,,,,,,,,,,,,,,,,,,,,,,,,,,,,,,,,,"(-12.4, 0.3, -4.3)","(-12.6, 0.9, -4.5)","(-12.8, 0.5, -4.7)",
PLAYER_POSITIONS,559447,6/27/2026 10:22:03 AM,90eec047-676b-4d50-9684-e8707ca80941,2.0,,,,,,,,,,,,,,,,,,,,,,,,,,,,,,,,,,,"(-12.4, 0.3, -4.3)","(-12.7, 0.9, -4.4)","(-13.1, 0.3, -4.6)",
PLAYER_POSITIONS,559447,6/27/2026 10:22:03 AM,90eec047-676b-4d50-9684-e8707ca80941,2.0,,,,,,,,,,,,,,,,,,,,,,,,,,,,,,,,,,,"(-12.4, 0.3, -4.3)","(-12.7, 0.9, -4.4)","(-13.1, 0.3, -4.6)",
TOOL_HOVER,559779,6/27/2026 10:22:03 AM,90eec047-676b-4d50-9684-e8707ca80941,2.0,,,,,,,,,,,,,,,,,,,,,,,,,,,,,,,,,,,,,,,,,,,,,,990,,Fentanyl Lollipop,
PLAYER_POSITIONS,559960,6/27/2026 10:22:04 AM,90eec047-676b-4d50-9684-e8707ca80941,2.0,,,,,,,,,,,,,,,,,,,,,,,,,,,,,,,,,,,"(-12.5, 0.3, -4.3)","(-12.8, 0.9, -4.4)","(-13.3, 0.6, -4.3)",
PLAYER_POSITIONS,559960,6/27/2026 10:22:04 AM,90eec047-676b-4d50-9684-e8707ca80941,2.0,,,,,,,,,,,,,,,,,,,,,,,,,,,,,,,,,,,"(-12.5, 0.3, -4.3)","(-12.8, 0.9, -4.4)","(-13.3, 0.6, -4.3)",
VOICE_CAPTURE,560050,6/27/2026 10:22:04 AM,90eec047-676b-4d50-9684-e8707ca80941,2.0,,,,,,,,,,,,,,,,,,,,,,,,,,,,,,,,,,,,,,,,,,,,,,,,,,,NA,"Oh, wow.",
TOOL_SELECTED,560068,6/27/2026 10:22:04 AM,90eec047-676b-4d50-9684-e8707ca80941,2.0,,,,,,,,,,,,,,,,,,,,,,,,,,,,,,,,,,,,,,,,,,,,,,989,,Fentanyl Lollipop,
PLAYER_POSITIONS,560480,6/27/2026 10:22:04 AM,90eec047-676b-4d50-9684-e8707ca80941,2.0,,,,,,,,,,,,,,,,,,,,,,,,,,,,,,,,,,,"(-12.4, 0.3, -4.3)","(-12.6, 0.8, -4.5)","(-12.5, 0.3, -4.5)",
PLAYER_POSITIONS,560480,6/27/2026 10:22:04 AM,90eec047-676b-4d50-9684-e8707ca80941,2.0,,,,,,,,,,,,,,,,,,,,,,,,,,,,,,,,,,,"(-12.4, 0.3, -4.3)","(-12.6, 0.8, -4.5)","(-12.5, 0.3, -4.5)",
VOICE_CAPTURE,560547,6/27/2026 10:22:04 AM,90eec047-676b-4d50-9684-e8707ca80941,2.0,,,,,,,,,,,,,,,,,,,,,,,,,,,,,,,,,,,,,,,,,,,,,,,,,,,NA,"Oh, wow.",
VOICE_CAPTURE,560547,6/27/2026 10:22:04 AM,90eec047-676b-4d50-9684-e8707ca80941,2.0,,,,,,,,,,,,,,,,,,,,,,,,,,,,,,,,,,,,,,,,,,,,,,,,,,,NA,"Oh, wow.",
AUDIO_END,560949,6/27/2026 10:22:05 AM,90eec047-676b-4d50-9684-e8707ca80941,2.0,echo squad requesting danger close,4.571429,
NARRATIVE_SECTION_END,560949,6/27/2026 10:22:05 AM,90eec047-676b-4d50-9684-e8707ca80941,2.0,,,,,,,,,,,,,,,,,,Echo squad requesting danger close,63,
NARRATIVE_SECTION_START,560966,6/27/2026 10:22:05 AM,90eec047-676b-4d50-9684-e8707ca80941,2.0,,,,,,,,,,,,,,,,,,Hammer 1-2 inbound for danger close,64,
PLAYER_POSITIONS,561004,6/27/2026 10:22:05 AM,90eec047-676b-4d50-9684-e8707ca80941,2.0,,,,,,,,,,,,,,,,,,,,,,,,,,,,,,,,,,,"(-12.4, 0.3, -4.3)","(-12.4, 0.8, -4.5)","(-12.4, 0.1, -4.6)",
PLAYER_POSITIONS,561004,6/27/2026 10:22:05 AM,90eec047-676b-4d50-9684-e8707ca80941,2.0,,,,,,,,,,,,,,,,,,,,,,,,,,,,,,,,,,,"(-12.4, 0.3, -4.3)","(-12.4, 0.8, -4.5)","(-12.4, 0.1, -4.6)",
PLAYER_POSITIONS,561536,6/27/2026 10:22:05 AM,90eec047-676b-4d50-9684-e8707ca80941,2.0,,,,,,,,,,,,,,,,,,,,,,,,,,,,,,,,,,,"(-12.4, 0.3, -4.3)","(-12.3, 0.8, -4.6)","(-12.4, 0.1, -4.6)",
PLAYER_POSITIONS,561536,6/27/2026 10:22:05 AM,90eec047-676b-4d50-9684-e8707ca80941,2.0,,,,,,,,,,,,,,,,,,,,,,,,,,,,,,,,,,,"(-12.4, 0.3, -4.3)","(-12.3, 0.8, -4.6)","(-12.4, 0.1, -4.6)",
INJURY_TREATED,561559,6/27/2026 10:22:05 AM,90eec047-676b-4d50-9684-e8707ca80941,2.0,,,,,,,,,head,Unspecified,"(0.0, 0.0, 0.0)",none,1,1,none,True,False,,,,,,,Military PT 12,
TOOL_APPLIED,561560,6/27/2026 10:22:05 AM,90eec047-676b-4d50-9684-e8707ca80941,2.0,,,,,,,,,,,,,,,,,,,,,,,,Military PT 12,,,,,,,,,,,,,,,,,,,,AppliedLollipop,Jaw (UnityEngine.GameObject),,Fentanyl Lollipop(Clone) (UnityEngine.GameObject),Fentanyl Lollipop,
PLAYER_POSITIONS,562046,6/27/2026 10:22:06 AM,90eec047-676b-4d50-9684-e8707ca80941,2.0,,,,,,,,,,,,,,,,,,,,,,,,,,,,,,,,,,,"(-12.4, 0.3, -4.3)","(-12.6, 0.9, -4.5)","(-12.7, 0.4, -4.5)",
PLAYER_POSITIONS,562046,6/27/2026 10:22:06 AM,90eec047-676b-4d50-9684-e8707ca80941,2.0,,,,,,,,,,,,,,,,,,,,,,,,,,,,,,,,,,,"(-12.4, 0.3, -4.3)","(-12.6, 0.9, -4.5)","(-12.7, 0.4, -4.5)",
VOICE_CAPTURE,562047,6/27/2026 10:22:06 AM,90eec047-676b-4d50-9684-e8707ca80941,2.0,,,,,,,,,,,,,,,,,,,,,,,,,,,,,,,,,,,,,,,,,,,,,,,,,,,NA,Here's some fennel.,
VOICE_CAPTURE,562546,6/27/2026 10:22:06 AM,90eec047-676b-4d50-9684-e8707ca80941,2.0,,,,,,,,,,,,,,,,,,,,,,,,,,,,,,,,,,,,,,,,,,,,,,,,,,,NA,Here's some fennel. Here's some fentanyl.,
PLAYER_POSITIONS,562567,6/27/2026 10:22:06 AM,90eec047-676b-4d50-9684-e8707ca80941,2.0,,,,,,,,,,,,,,,,,,,,,,,,,,,,,,,,,,,"(-12.4, 0.3, -4.3)","(-12.7, 0.9, -4.4)","(-13.3, 0.6, -4.5)",
PLAYER_POSITIONS,562567,6/27/2026 10:22:06 AM,90eec047-676b-4d50-9684-e8707ca80941,2.0,,,,,,,,,,,,,,,,,,,,,,,,,,,,,,,,,,,"(-12.4, 0.3, -4.3)","(-12.7, 0.9, -4.4)","(-13.3, 0.6, -4.5)",
TOOL_HOVER,562667,6/27/2026 10:22:06 AM,90eec047-676b-4d50-9684-e8707ca80941,2.0,,,,,,,,,,,,,,,,,,,,,,,,,,,,,,,,,,,,,,,,,,,,,,992,,Antibiotics,
TOOL_SELECTED,562956,6/27/2026 10:22:07 AM,90eec047-676b-4d50-9684-e8707ca80941,2.0,,,,,,,,,,,,,,,,,,,,,,,,,,,,,,,,,,,,,,,,,,,,,,991,,Antibiotics,
PLAYER_POSITIONS,563090,6/27/2026 10:22:07 AM,90eec047-676b-4d50-9684-e8707ca80941,2.0,,,,,,,,,,,,,,,,,,,,,,,,,,,,,,,,,,,"(-12.4, 0.3, -4.3)","(-12.7, 0.9, -4.5)","(-13.2, 0.6, -4.6)",
PLAYER_POSITIONS,563090,6/27/2026 10:22:07 AM,90eec047-676b-4d50-9684-e8707ca80941,2.0,,,,,,,,,,,,,,,,,,,,,,,,,,,,,,,,,,,"(-12.4, 0.3, -4.3)","(-12.7, 0.9, -4.5)","(-13.2, 0.6, -4.6)",
VOICE_CAPTURE,563178,6/27/2026 10:22:07 AM,90eec047-676b-4d50-9684-e8707ca80941,2.0,,,,,,,,,,,,,,,,,,,,,,,,,,,,,,,,,,,,,,,,,,,,,,,,,,,NA,Here's some fennel. Here's some fennel and some...,
VOICE_CAPTURE,563569,6/27/2026 10:22:07 AM,90eec047-676b-4d50-9684-e8707ca80941,2.0,,,,,,,,,,,,,,,,,,,,,,,,,,,,,,,,,,,,,,,,,,,,,,,,,,,NA,Here's some fennel. Here's some fentanyl and some antibiotics.,
PLAYER_POSITIONS,563612,6/27/2026 10:22:07 AM,90eec047-676b-4d50-9684-e8707ca80941,2.0,,,,,,,,,,,,,,,,,,,,,,,,,,,,,,,,,,,"(-12.4, 0.3, -4.3)","(-12.5, 0.8, -4.5)","(-12.4, 0.2, -4.5)",
PLAYER_POSITIONS,563612,6/27/2026 10:22:07 AM,90eec047-676b-4d50-9684-e8707ca80941,2.0,,,,,,,,,,,,,,,,,,,,,,,,,,,,,,,,,,,"(-12.4, 0.3, -4.3)","(-12.5, 0.8, -4.5)","(-12.4, 0.2, -4.5)",
AUDIO_START,563985,6/27/2026 10:22:08 AM,90eec047-676b-4d50-9684-e8707ca80941,2.0,hammer 1 2 inbound for danger close,3.239184,
INJURY_TREATED,564016,6/27/2026 10:22:08 AM,90eec047-676b-4d50-9684-e8707ca80941,2.0,,,,,,,,,head,Unspecified,"(0.0, 0.0, 0.0)",none,1,1,none,True,False,,,,,,,Military PT 12,
TOOL_APPLIED,564016,6/27/2026 10:22:08 AM,90eec047-676b-4d50-9684-e8707ca80941,2.0,,,,,,,,,,,,,,,,,,,,,,,,Military PT 12,,,,,,,,,,,,,,,,,,,,AppliedAntibiotics,Jaw (UnityEngine.GameObject),,null,Antibiotics,
VOICE_CAPTURE,564049,6/27/2026 10:22:08 AM,90eec047-676b-4d50-9684-e8707ca80941,2.0,,,,,,,,,,,,,,,,,,,,,,,,,,,,,,,,,,,,,,,,,,,,,,,,,,,NA,Here's some fennel. Here's some fentanyl and antibiotics for your eye.,
PLAYER_POSITIONS,564115,6/27/2026 10:22:08 AM,90eec047-676b-4d50-9684-e8707ca80941,2.0,,,,,,,,,,,,,,,,,,,,,,,,,,,,,,,,,,,"(-12.4, 0.3, -4.3)","(-12.4, 0.8, -4.6)","(-12.4, 0.1, -4.6)",
PLAYER_POSITIONS,564115,6/27/2026 10:22:08 AM,90eec047-676b-4d50-9684-e8707ca80941,2.0,,,,,,,,,,,,,,,,,,,,,,,,,,,,,,,,,,,"(-12.4, 0.3, -4.3)","(-12.4, 0.8, -4.6)","(-12.4, 0.1, -4.6)",
BAG_CLOSED,564447,6/27/2026 10:22:08 AM,90eec047-676b-4d50-9684-e8707ca80941,2.0,,,,,,,,,,,,,,,,,,,,,,,,,,,,,,,,,,,,"(0.0, 0.0, 0.0)",
VOICE_CAPTURE,564582,6/27/2026 10:22:08 AM,90eec047-676b-4d50-9684-e8707ca80941,2.0,,,,,,,,,,,,,,,,,,,,,,,,,,,,,,,,,,,,,,,,,,,,,,,,,,,NA,Here's some fennel. Here's some fentanyl and antibiotics for your eye.,
VOICE_CAPTURE,564582,6/27/2026 10:22:08 AM,90eec047-676b-4d50-9684-e8707ca80941,2.0,,,,,,,,,,,,,,,,,,,,,,,,,,,,,,,,,,,,,,,,,,,,,,,,,,,NA,Here's some fennel. Here's some fentanyl and antibiotics for your eye.,
PLAYER_POSITIONS,564627,6/27/2026 10:22:08 AM,90eec047-676b-4d50-9684-e8707ca80941,2.0,,,,,,,,,,,,,,,,,,,,,,,,,,,,,,,,,,,"(-12.3, 0.4, -4.5)","(-12.3, 1.2, -4.5)","(-12.5, 0.3, -4.5)",
PLAYER_GAZE,564627,6/27/2026 10:22:08 AM,90eec047-676b-4d50-9684-e8707ca80941,2.0,,,,,,,,,,,,,,,,,,,,,,,,Military PT 4,,,,,,,,,"(-0.3, 1.2, 1.1)",,,"(-12.0, 0.0, -5.6)",
PLAYER_POSITIONS,564627,6/27/2026 10:22:08 AM,90eec047-676b-4d50-9684-e8707ca80941,2.0,,,,,,,,,,,,,,,,,,,,,,,,,,,,,,,,,,,"(-12.3, 0.4, -4.5)","(-12.3, 1.2, -4.5)","(-12.5, 0.3, -4.5)",
PLAYER_GAZE,564627,6/27/2026 10:22:08 AM,90eec047-676b-4d50-9684-e8707ca80941,2.0,,,,,,,,,,,,,,,,,,,,,,,,Military PT 4,,,,,,,,,"(-0.3, 1.2, 1.1)",,,"(-12.0, 0.0, -5.6)",
VOICE_CAPTURE,565036,6/27/2026 10:22:09 AM,90eec047-676b-4d50-9684-e8707ca80941,2.0,,,,,,,,,,,,,,,,,,,,,,,,,,,,,,,,,,,,,,,,,,,,,,,,,,,NA,antibiotics for your eye.,
PATIENT_DISENGAGED,565142,6/27/2026 10:22:09 AM,90eec047-676b-4d50-9684-e8707ca80941,2.0,,,,13.26,,,,,,,,,,,,,,,,normal,100,Infinity,normal,Military PT 12,upset,supine,"(-13.1, -0.1, -4.0)",normal,"(0.0, 0.0, 0.0, 1.0)",normal,DELAYED,still,,,,,,,,,,,,,,,,,36.25,
PATIENT_ENGAGED,565142,6/27/2026 10:22:09 AM,90eec047-676b-4d50-9684-e8707ca80941,2.0,,,,0,,,,,,,,,,,,,,,,fast,100,Infinity,normal,Military PT 4,upset,supine,"(-11.6, -0.1, -5.5)",faint,"(0.0, 0.9, 0.0, -0.4)",normal,IMMEDIATE,still,,,,,,,,,,,,,,,,,48.18,
PLAYER_POSITIONS,565145,6/27/2026 10:22:09 AM,90eec047-676b-4d50-9684-e8707ca80941,2.0,,,,,,,,,,,,,,,,,,,,,,,,,,,,,,,,,,,"(-11.3, 0.4, -4.5)","(-11.4, 1.2, -4.4)","(-11.8, 0.4, -4.6)",
PLAYER_POSITIONS,565145,6/27/2026 10:22:09 AM,90eec047-676b-4d50-9684-e8707ca80941,2.0,,,,,,,,,,,,,,,,,,,,,,,,,,,,,,,,,,,"(-11.3, 0.4, -4.5)","(-11.4, 1.2, -4.4)","(-11.8, 0.4, -4.6)",
VOICE_CAPTURE,565534,6/27/2026 10:22:09 AM,90eec047-676b-4d50-9684-e8707ca80941,2.0,,,,,,,,,,,,,,,,,,,,,,,,,,,,,,,,,,,,,,,,,,,,,,,,,,,NA,antibiotics for your eye.,
PLAYER_POSITIONS,565666,6/27/2026 10:22:09 AM,90eec047-676b-4d50-9684-e8707ca80941,2.0,,,,,,,,,,,,,,,,,,,,,,,,,,,,,,,,,,,"(-10.9, 0.3, -4.9)","(-10.9, 1.1, -5.0)","(-11.1, 0.5, -5.1)",
PLAYER_POSITIONS,565666,6/27/2026 10:22:09 AM,90eec047-676b-4d50-9684-e8707ca80941,2.0,,,,,,,,,,,,,,,,,,,,,,,,,,,,,,,,,,,"(-10.9, 0.3, -4.9)","(-10.9, 1.1, -5.0)","(-11.1, 0.5, -5.1)",
PLAYER_POSITIONS,566188,6/27/2026 10:22:10 AM,90eec047-676b-4d50-9684-e8707ca80941,2.0,,,,,,,,,,,,,,,,,,,,,,,,,,,,,,,,,,,"(-10.8, 0.5, -5.0)","(-11.0, 1.1, -5.2)","(-11.1, 0.7, -5.4)",
PLAYER_POSITIONS,566188,6/27/2026 10:22:10 AM,90eec047-676b-4d50-9684-e8707ca80941,2.0,,,,,,,,,,,,,,,,,,,,,,,,,,,,,,,,,,,"(-10.8, 0.5, -5.0)","(-11.0, 1.1, -5.2)","(-11.1, 0.7, -5.4)",
PLAYER_POSITIONS,566700,6/27/2026 10:22:10 AM,90eec047-676b-4d50-9684-e8707ca80941,2.0,,,,,,,,,,,,,,,,,,,,,,,,,,,,,,,,,,,"(-11.0, 0.3, -5.0)","(-10.9, 0.9, -5.2)","(-10.8, 0.5, -5.1)",
PLAYER_POSITIONS,566700,6/27/2026 10:22:10 AM,90eec047-676b-4d50-9684-e8707ca80941,2.0,,,,,,,,,,,,,,,,,,,,,,,,,,,,,,,,,,,"(-11.0, 0.3, -5.0)","(-10.9, 0.9, -5.2)","(-10.8, 0.5, -5.1)",
AUDIO_END,567220,6/27/2026 10:22:11 AM,90eec047-676b-4d50-9684-e8707ca80941,2.0,hammer 1 2 inbound for danger close,3.239184,
NARRATIVE_SECTION_END,567220,6/27/2026 10:22:11 AM,90eec047-676b-4d50-9684-e8707ca80941,2.0,,,,,,,,,,,,,,,,,,Hammer 1-2 inbound for danger close,64,
PLAYER_POSITIONS,567220,6/27/2026 10:22:11 AM,90eec047-676b-4d50-9684-e8707ca80941,2.0,,,,,,,,,,,,,,,,,,,,,,,,,,,,,,,,,,,"(-11.0, 0.3, -4.9)","(-10.8, 0.9, -5.1)","(-10.7, 0.3, -5.0)",
PLAYER_POSITIONS,567220,6/27/2026 10:22:11 AM,90eec047-676b-4d50-9684-e8707ca80941,2.0,,,,,,,,,,,,,,,,,,,,,,,,,,,,,,,,,,,"(-11.0, 0.3, -4.9)","(-10.8, 0.9, -5.1)","(-10.7, 0.3, -5.0)",
NARRATIVE_SECTION_START,567262,6/27/2026 10:22:11 AM,90eec047-676b-4d50-9684-e8707ca80941,2.0,,,,,,,,,,,,,,,,,,Hammer 1-2 cleared hot,65,
BAG_CLOSED,567264,6/27/2026 10:22:11 AM,90eec047-676b-4d50-9684-e8707ca80941,2.0,,,,,,,,,,,,,,,,,,,,,,,,,,,,,,,,,,,,"(0.0, 0.0, 0.0)",
PLAYER_POSITIONS,567732,6/27/2026 10:22:11 AM,90eec047-676b-4d50-9684-e8707ca80941,2.0,,,,,,,,,,,,,,,,,,,,,,,,,,,,,,,,,,,"(-10.8, 0.3, -5.1)","(-10.8, 0.9, -5.3)","(-10.9, 0.3, -5.5)",
PLAYER_POSITIONS,567732,6/27/2026 10:22:11 AM,90eec047-676b-4d50-9684-e8707ca80941,2.0,,,,,,,,,,,,,,,,,,,,,,,,,,,,,,,,,,,"(-10.8, 0.3, -5.1)","(-10.8, 0.9, -5.3)","(-10.9, 0.3, -5.5)",
PULSE_TAKEN,567928,6/27/2026 10:22:12 AM,90eec047-676b-4d50-9684-e8707ca80941,2.0,,,,,,,,,,,,,,,,,,,,,,,,Military PT 4,,,,pulse_faint,
PLAYER_POSITIONS,568254,6/27/2026 10:22:12 AM,90eec047-676b-4d50-9684-e8707ca80941,2.0,,,,,,,,,,,,,,,,,,,,,,,,,,,,,,,,,,,"(-11.0, 0.3, -5.1)","(-10.8, 0.9, -5.3)","(-10.7, 0.1, -5.4)",
PLAYER_POSITIONS,568254,6/27/2026 10:22:12 AM,90eec047-676b-4d50-9684-e8707ca80941,2.0,,,,,,,,,,,,,,,,,,,,,,,,,,,,,,,,,,,"(-11.0, 0.3, -5.1)","(-10.8, 0.9, -5.3)","(-10.7, 0.1, -5.4)",
VOICE_CAPTURE,568560,6/27/2026 10:22:12 AM,90eec047-676b-4d50-9684-e8707ca80941,2.0,,,,,,,,,,,,,,,,,,,,,,,,,,,,,,,,,,,,,,,,,,,,,,,,,,,NA,Can you still tell me what you're...,
PLAYER_POSITIONS,568760,6/27/2026 10:22:12 AM,90eec047-676b-4d50-9684-e8707ca80941,2.0,,,,,,,,,,,,,,,,,,,,,,,,,,,,,,,,,,,"(-11.0, 0.3, -5.1)","(-10.8, 1.0, -5.2)","(-10.7, 0.1, -5.4)",
PLAYER_GAZE,568760,6/27/2026 10:22:12 AM,90eec047-676b-4d50-9684-e8707ca80941,2.0,,,,,,,,,,,,,,,,,,,,,,,,Military PT 10,,,,,,,,,"(-2.2, 1.0, -0.4)",,,"(-8.6, 0.0, -4.8)",
PLAYER_POSITIONS,568760,6/27/2026 10:22:12 AM,90eec047-676b-4d50-9684-e8707ca80941,2.0,,,,,,,,,,,,,,,,,,,,,,,,,,,,,,,,,,,"(-11.0, 0.3, -5.1)","(-10.8, 1.0, -5.2)","(-10.7, 0.1, -5.4)",
PLAYER_GAZE,568760,6/27/2026 10:22:12 AM,90eec047-676b-4d50-9684-e8707ca80941,2.0,,,,,,,,,,,,,,,,,,,,,,,,Military PT 10,,,,,,,,,"(-2.2, 1.0, -0.4)",,,"(-8.6, 0.0, -4.8)",
VOICE_CAPTURE,569060,6/27/2026 10:22:13 AM,90eec047-676b-4d50-9684-e8707ca80941,2.0,,,,,,,,,,,,,,,,,,,,,,,,,,,,,,,,,,,,,,,,,,,,,,,,,,,NA,"Dude, can you still tell me what year it is?",
PLAYER_POSITIONS,569282,6/27/2026 10:22:13 AM,90eec047-676b-4d50-9684-e8707ca80941,2.0,,,,,,,,,,,,,,,,,,,,,,,,,,,,,,,,,,,"(-11.0, 0.3, -5.1)","(-10.9, 1.0, -5.2)","(-10.7, 0.1, -5.4)",
PLAYER_POSITIONS,569282,6/27/2026 10:22:13 AM,90eec047-676b-4d50-9684-e8707ca80941,2.0,,,,,,,,,,,,,,,,,,,,,,,,,,,,,,,,,,,"(-11.0, 0.3, -5.1)","(-10.9, 1.0, -5.2)","(-10.7, 0.1, -5.4)",
VOICE_CAPTURE,569586,6/27/2026 10:22:13 AM,90eec047-676b-4d50-9684-e8707ca80941,2.0,,,,,,,,,,,,,,,,,,,,,,,,,,,,,,,,,,,,,,,,,,,,,,,,,,,NA,"Dude, can you still tell me what year it is?",
VOICE_CAPTURE,569586,6/27/2026 10:22:13 AM,90eec047-676b-4d50-9684-e8707ca80941,2.0,,,,,,,,,,,,,,,,,,,,,,,,,,,,,,,,,,,,,,,,,,,,,,,,,,,NA,"Dude, can you still tell me what year it is?",
VOICE_COMMAND,569586,6/27/2026 10:22:13 AM,90eec047-676b-4d50-9684-e8707ca80941,2.0,,,,,,,,,,,,,,,,,,,,,,,,,,,,,,,,,,,,,,,,,,,,,,,,,,,"Dude, can you still tell me what year it is?",what year is it,
PLAYER_POSITIONS,569792,6/27/2026 10:22:13 AM,90eec047-676b-4d50-9684-e8707ca80941,2.0,,,,,,,,,,,,,,,,,,,,,,,,,,,,,,,,,,,"(-11.0, 0.3, -5.1)","(-10.9, 0.9, -5.2)","(-10.7, 0.2, -5.4)",
PLAYER_POSITIONS,569792,6/27/2026 10:22:13 AM,90eec047-676b-4d50-9684-e8707ca80941,2.0,,,,,,,,,,,,,,,,,,,,,,,,,,,,,,,,,,,"(-11.0, 0.3, -5.1)","(-10.9, 0.9, -5.2)","(-10.7, 0.2, -5.4)",
VOICE_CAPTURE,570072,6/27/2026 10:22:14 AM,90eec047-676b-4d50-9684-e8707ca80941,2.0,,,,,,,,,,,,,,,,,,,,,,,,,,,,,,,,,,,,,,,,,,,,,,,,,,,NA,Tell me what year it is.,
PULSE_TAKEN,570088,6/27/2026 10:22:14 AM,90eec047-676b-4d50-9684-e8707ca80941,2.0,,,,,,,,,,,,,,,,,,,,,,,,Military PT 4,,,,pulse_faint,
AUDIO_START,570252,6/27/2026 10:22:14 AM,90eec047-676b-4d50-9684-e8707ca80941,2.0,hammer 1 2 cleared hot,2.847347,
PLAYER_POSITIONS,570294,6/27/2026 10:22:14 AM,90eec047-676b-4d50-9684-e8707ca80941,2.0,,,,,,,,,,,,,,,,,,,,,,,,,,,,,,,,,,,"(-11.0, 0.3, -5.1)","(-10.8, 0.9, -5.3)","(-10.7, 0.1, -5.4)",
PLAYER_POSITIONS,570294,6/27/2026 10:22:14 AM,90eec047-676b-4d50-9684-e8707ca80941,2.0,,,,,,,,,,,,,,,,,,,,,,,,,,,,,,,,,,,"(-11.0, 0.3, -5.1)","(-10.8, 0.9, -5.3)","(-10.7, 0.1, -5.4)",
VOICE_CAPTURE,570548,6/27/2026 10:22:14 AM,90eec047-676b-4d50-9684-e8707ca80941,2.0,,,,,,,,,,,,,,,,,,,,,,,,,,,,,,,,,,,,,,,,,,,,,,,,,,,NA,Tell me what year it is.,
PLAYER_POSITIONS,570815,6/27/2026 10:22:14 AM,90eec047-676b-4d50-9684-e8707ca80941,2.0,,,,,,,,,,,,,,,,,,,,,,,,,,,,,,,,,,,"(-11.0, 0.3, -5.1)","(-10.8, 0.9, -5.3)","(-10.7, 0.1, -5.4)",
PLAYER_POSITIONS,570815,6/27/2026 10:22:14 AM,90eec047-676b-4d50-9684-e8707ca80941,2.0,,,,,,,,,,,,,,,,,,,,,,,,,,,,,,,,,,,"(-11.0, 0.3, -5.1)","(-10.8, 0.9, -5.3)","(-10.7, 0.1, -5.4)",
PLAYER_POSITIONS,571335,6/27/2026 10:22:15 AM,90eec047-676b-4d50-9684-e8707ca80941,2.0,,,,,,,,,,,,,,,,,,,,,,,,,,,,,,,,,,,"(-11.0, 0.3, -5.1)","(-10.8, 0.9, -5.3)","(-10.8, 0.2, -5.3)",
PLAYER_POSITIONS,571335,6/27/2026 10:22:15 AM,90eec047-676b-4d50-9684-e8707ca80941,2.0,,,,,,,,,,,,,,,,,,,,,,,,,,,,,,,,,,,"(-11.0, 0.3, -5.1)","(-10.8, 0.9, -5.3)","(-10.8, 0.2, -5.3)",
DRAG_STOP,571616,6/27/2026 10:22:15 AM,90eec047-676b-4d50-9684-e8707ca80941,2.0,,,,,"(-14.1, 0.0, 3.6)","(-14.1, 0.0, 3.7)",,,,,,,,,,,,,,,,,,Military PT 4,
PLAYER_POSITIONS,571837,6/27/2026 10:22:15 AM,90eec047-676b-4d50-9684-e8707ca80941,2.0,,,,,,,,,,,,,,,,,,,,,,,,,,,,,,,,,,,"(-11.0, 0.3, -5.1)","(-10.9, 0.9, -5.2)","(-11.0, 0.1, -5.2)",
PLAYER_POSITIONS,571837,6/27/2026 10:22:15 AM,90eec047-676b-4d50-9684-e8707ca80941,2.0,,,,,,,,,,,,,,,,,,,,,,,,,,,,,,,,,,,"(-11.0, 0.3, -5.1)","(-10.9, 0.9, -5.2)","(-11.0, 0.1, -5.2)",
PLAYER_POSITIONS,572348,6/27/2026 10:22:16 AM,90eec047-676b-4d50-9684-e8707ca80941,2.0,,,,,,,,,,,,,,,,,,,,,,,,,,,,,,,,,,,"(-11.0, 0.3, -5.1)","(-11.2, 1.0, -5.3)","(-11.3, 0.2, -5.5)",
PLAYER_POSITIONS,572348,6/27/2026 10:22:16 AM,90eec047-676b-4d50-9684-e8707ca80941,2.0,,,,,,,,,,,,,,,,,,,,,,,,,,,,,,,,,,,"(-11.0, 0.3, -5.1)","(-11.2, 1.0, -5.3)","(-11.3, 0.2, -5.5)",
VOICE_CAPTURE,572505,6/27/2026 10:22:16 AM,90eec047-676b-4d50-9684-e8707ca80941,2.0,,,,,,,,,,,,,,,,,,,,,,,,,,,,,,,,,,,,,,,,,,,,,,,,,,,NA,Are you in pain?,
PLAYER_POSITIONS,572865,6/27/2026 10:22:16 AM,90eec047-676b-4d50-9684-e8707ca80941,2.0,,,,,,,,,,,,,,,,,,,,,,,,,,,,,,,,,,,"(-11.0, 0.3, -5.1)","(-11.1, 0.9, -5.3)","(-11.5, 0.1, -5.3)",
PLAYER_POSITIONS,572865,6/27/2026 10:22:16 AM,90eec047-676b-4d50-9684-e8707ca80941,2.0,,,,,,,,,,,,,,,,,,,,,,,,,,,,,,,,,,,"(-11.0, 0.3, -5.1)","(-11.1, 0.9, -5.3)","(-11.5, 0.1, -5.3)",
VOICE_CAPTURE,573044,6/27/2026 10:22:17 AM,90eec047-676b-4d50-9684-e8707ca80941,2.0,,,,,,,,,,,,,,,,,,,,,,,,,,,,,,,,,,,,,,,,,,,,,,,,,,,NA,Are you in pain?,
VOICE_CAPTURE,573044,6/27/2026 10:22:17 AM,90eec047-676b-4d50-9684-e8707ca80941,2.0,,,,,,,,,,,,,,,,,,,,,,,,,,,,,,,,,,,,,,,,,,,,,,,,,,,NA,Are you in pain?,
VOICE_COMMAND,573044,6/27/2026 10:22:17 AM,90eec047-676b-4d50-9684-e8707ca80941,2.0,,,,,,,,,,,,,,,,,,,,,,,,,,,,,,,,,,,,,,,,,,,,,,,,,,,Are you in pain?,are you in pain,
AUDIO_END,573111,6/27/2026 10:22:17 AM,90eec047-676b-4d50-9684-e8707ca80941,2.0,hammer 1 2 cleared hot,2.847347,
NARRATIVE_SECTION_END,573111,6/27/2026 10:22:17 AM,90eec047-676b-4d50-9684-e8707ca80941,2.0,,,,,,,,,,,,,,,,,,Hammer 1-2 cleared hot,65,
NARRATIVE_SECTION_START,573150,6/27/2026 10:22:17 AM,90eec047-676b-4d50-9684-e8707ca80941,2.0,,,,,,,,,,,,,,,,,,Jet flyover 1-2 enable,66,
PLAYER_POSITIONS,573375,6/27/2026 10:22:17 AM,90eec047-676b-4d50-9684-e8707ca80941,2.0,,,,,,,,,,,,,,,,,,,,,,,,,,,,,,,,,,,"(-11.0, 0.2, -5.1)","(-11.3, 0.9, -5.4)","(-11.6, 0.1, -5.4)",
PLAYER_POSITIONS,573375,6/27/2026 10:22:17 AM,90eec047-676b-4d50-9684-e8707ca80941,2.0,,,,,,,,,,,,,,,,,,,,,,,,,,,,,,,,,,,"(-11.0, 0.2, -5.1)","(-11.3, 0.9, -5.4)","(-11.6, 0.1, -5.4)",
PLAYER_POSITIONS,573876,6/27/2026 10:22:17 AM,90eec047-676b-4d50-9684-e8707ca80941,2.0,,,,,,,,,,,,,,,,,,,,,,,,,,,,,,,,,,,"(-11.1, 0.3, -5.1)","(-11.1, 0.9, -5.3)","(-11.2, 0.2, -5.4)",
PLAYER_POSITIONS,573876,6/27/2026 10:22:17 AM,90eec047-676b-4d50-9684-e8707ca80941,2.0,,,,,,,,,,,,,,,,,,,,,,,,,,,,,,,,,,,"(-11.1, 0.3, -5.1)","(-11.1, 0.9, -5.3)","(-11.2, 0.2, -5.4)",
NARRATIVE_SECTION_END,574156,6/27/2026 10:22:18 AM,90eec047-676b-4d50-9684-e8707ca80941,2.0,,,,,,,,,,,,,,,,,,Jet flyover 1-2 enable,66,
NARRATIVE_SECTION_START,574173,6/27/2026 10:22:18 AM,90eec047-676b-4d50-9684-e8707ca80941,2.0,,,,,,,,,,,,,,,,,,Double jet flyover,67,
PLAYER_POSITIONS,574414,6/27/2026 10:22:18 AM,90eec047-676b-4d50-9684-e8707ca80941,2.0,,,,,,,,,,,,,,,,,,,,,,,,,,,,,,,,,,,"(-10.9, 0.3, -5.0)","(-11.0, 1.1, -5.2)","(-11.0, 0.2, -5.1)",
PLAYER_POSITIONS,574414,6/27/2026 10:22:18 AM,90eec047-676b-4d50-9684-e8707ca80941,2.0,,,,,,,,,,,,,,,,,,,,,,,,,,,,,,,,,,,"(-10.9, 0.3, -5.0)","(-11.0, 1.1, -5.2)","(-11.0, 0.2, -5.1)",
PLAYER_POSITIONS,574921,6/27/2026 10:22:19 AM,90eec047-676b-4d50-9684-e8707ca80941,2.0,,,,,,,,,,,,,,,,,,,,,,,,,,,,,,,,,,,"(-10.9, 0.4, -5.2)","(-11.1, 1.2, -5.2)","(-11.0, 0.5, -5.5)",
PLAYER_POSITIONS,574921,6/27/2026 10:22:19 AM,90eec047-676b-4d50-9684-e8707ca80941,2.0,,,,,,,,,,,,,,,,,,,,,,,,,,,,,,,,,,,"(-10.9, 0.4, -5.2)","(-11.1, 1.2, -5.2)","(-11.0, 0.5, -5.5)",
VOICE_CAPTURE,575111,6/27/2026 10:22:19 AM,90eec047-676b-4d50-9684-e8707ca80941,2.0,,,,,,,,,,,,,,,,,,,,,,,,,,,,,,,,,,,,,,,,,,,,,,,,,,,NA,Okay.,
PLAYER_POSITIONS,575434,6/27/2026 10:22:19 AM,90eec047-676b-4d50-9684-e8707ca80941,2.0,,,,,,,,,,,,,,,,,,,,,,,,,,,,,,,,,,,"(-11.0, 0.5, -5.1)","(-11.2, 1.2, -5.2)","(-10.9, 0.6, -5.2)",
PLAYER_POSITIONS,575434,6/27/2026 10:22:19 AM,90eec047-676b-4d50-9684-e8707ca80941,2.0,,,,,,,,,,,,,,,,,,,,,,,,,,,,,,,,,,,"(-11.0, 0.5, -5.1)","(-11.2, 1.2, -5.2)","(-10.9, 0.6, -5.2)",
VOICE_CAPTURE,575524,6/27/2026 10:22:19 AM,90eec047-676b-4d50-9684-e8707ca80941,2.0,,,,,,,,,,,,,,,,,,,,,,,,,,,,,,,,,,,,,,,,,,,,,,,,,,,NA,Okay.,
PLAYER_POSITIONS,575956,6/27/2026 10:22:20 AM,90eec047-676b-4d50-9684-e8707ca80941,2.0,,,,,,,,,,,,,,,,,,,,,,,,,,,,,,,,,,,"(-11.4, 0.4, -5.0)","(-11.3, 1.2, -5.1)","(-11.2, 0.8, -4.9)",
PLAYER_POSITIONS,575956,6/27/2026 10:22:20 AM,90eec047-676b-4d50-9684-e8707ca80941,2.0,,,,,,,,,,,,,,,,,,,,,,,,,,,,,,,,,,,"(-11.4, 0.4, -5.0)","(-11.3, 1.2, -5.1)","(-11.2, 0.8, -4.9)",
VOICE_CAPTURE,576012,6/27/2026 10:22:20 AM,90eec047-676b-4d50-9684-e8707ca80941,2.0,,,,,,,,,,,,,,,,,,,,,,,,,,,,,,,,,,,,,,,,,,,,,,,,,,,NA,Okay.,
AUDIO_START,576177,6/27/2026 10:22:20 AM,90eec047-676b-4d50-9684-e8707ca80941,2.0,double jet flyover,9.576,
PATIENT_DISENGAGED,576352,6/27/2026 10:22:20 AM,90eec047-676b-4d50-9684-e8707ca80941,2.0,,,,11.2,,,,,,,,,,,,,,,,fast,100,Infinity,normal,Military PT 4,upset,supine,"(-11.6, -0.1, -5.5)",faint,"(0.0, 0.9, 0.0, -0.4)",normal,IMMEDIATE,still,,,,,,,,,,,,,,,,,59.38,
PLAYER_POSITIONS,576510,6/27/2026 10:22:20 AM,90eec047-676b-4d50-9684-e8707ca80941,2.0,,,,,,,,,,,,,,,,,,,,,,,,,,,,,,,,,,,"(-12.5, 0.4, -0.7)","(-12.4, 1.2, -0.9)","(-12.3, 0.7, -0.5)",
PLAYER_POSITIONS,576510,6/27/2026 10:22:20 AM,90eec047-676b-4d50-9684-e8707ca80941,2.0,,,,,,,,,,,,,,,,,,,,,,,,,,,,,,,,,,,"(-12.5, 0.4, -0.7)","(-12.4, 1.2, -0.9)","(-12.3, 0.7, -0.5)",
VOICE_CAPTURE,576510,6/27/2026 10:22:20 AM,90eec047-676b-4d50-9684-e8707ca80941,2.0,,,,,,,,,,,,,,,,,,,,,,,,,,,,,,,,,,,,,,,,,,,,,,,,,,,NA,Okay.,
TELEPORT,576553,6/27/2026 10:22:20 AM,90eec047-676b-4d50-9684-e8707ca80941,2.0,,,,,,,,,,,,,,,,,,,,,,,,,,,,,,,,,,,,"(-11.4, 1.2, -5.1)",,,,,,,"(-12.4, 1.2, -0.9)",
PLAYER_POSITIONS,577053,6/27/2026 10:22:21 AM,90eec047-676b-4d50-9684-e8707ca80941,2.0,,,,,,,,,,,,,,,,,,,,,,,,,,,,,,,,,,,"(-12.5, 0.4, -0.8)","(-12.5, 1.2, -1.0)","(-12.5, 0.7, -0.8)",
PLAYER_POSITIONS,577053,6/27/2026 10:22:21 AM,90eec047-676b-4d50-9684-e8707ca80941,2.0,,,,,,,,,,,,,,,,,,,,,,,,,,,,,,,,,,,"(-12.5, 0.4, -0.8)","(-12.5, 1.2, -1.0)","(-12.5, 0.7, -0.8)",
VOICE_CAPTURE,577055,6/27/2026 10:22:21 AM,90eec047-676b-4d50-9684-e8707ca80941,2.0,,,,,,,,,,,,,,,,,,,,,,,,,,,,,,,,,,,,,,,,,,,,,,,,,,,NA,Okay.,
VOICE_CAPTURE,577522,6/27/2026 10:22:21 AM,90eec047-676b-4d50-9684-e8707ca80941,2.0,,,,,,,,,,,,,,,,,,,,,,,,,,,,,,,,,,,,,,,,,,,,,,,,,,,NA,Okay.,
PLAYER_POSITIONS,577555,6/27/2026 10:22:21 AM,90eec047-676b-4d50-9684-e8707ca80941,2.0,,,,,,,,,,,,,,,,,,,,,,,,,,,,,,,,,,,"(-12.8, 0.4, -1.1)","(-12.8, 1.2, -1.2)","(-12.8, 0.6, -1.0)",
PLAYER_POSITIONS,577555,6/27/2026 10:22:21 AM,90eec047-676b-4d50-9684-e8707ca80941,2.0,,,,,,,,,,,,,,,,,,,,,,,,,,,,,,,,,,,"(-12.8, 0.4, -1.1)","(-12.8, 1.2, -1.2)","(-12.8, 0.6, -1.0)",
VOICE_CAPTURE,578049,6/27/2026 10:22:22 AM,90eec047-676b-4d50-9684-e8707ca80941,2.0,,,,,,,,,,,,,,,,,,,,,,,,,,,,,,,,,,,,,,,,,,,,,,,,,,,NA,"Okay. Come on, Eve.",
PLAYER_POSITIONS,578071,6/27/2026 10:22:22 AM,90eec047-676b-4d50-9684-e8707ca80941,2.0,,,,,,,,,,,,,,,,,,,,,,,,,,,,,,,,,,,"(-13.2, 0.4, -1.1)","(-13.2, 1.2, -1.3)","(-13.1, 0.6, -1.1)",
PLAYER_GAZE,578071,6/27/2026 10:22:22 AM,90eec047-676b-4d50-9684-e8707ca80941,2.0,,,,,,,,,,,,,,,,,,,,,,,,Civilian PT 15,,,,,,,,,"(1.2, 1.2, -1.0)",,,"(-14.4, 0.0, -0.3)",
PLAYER_POSITIONS,578071,6/27/2026 10:22:22 AM,90eec047-676b-4d50-9684-e8707ca80941,2.0,,,,,,,,,,,,,,,,,,,,,,,,,,,,,,,,,,,"(-13.2, 0.4, -1.1)","(-13.2, 1.2, -1.3)","(-13.1, 0.6, -1.1)",
PLAYER_GAZE,578071,6/27/2026 10:22:22 AM,90eec047-676b-4d50-9684-e8707ca80941,2.0,,,,,,,,,,,,,,,,,,,,,,,,Civilian PT 15,,,,,,,,,"(1.2, 1.2, -1.0)",,,"(-14.4, 0.0, -0.3)",
PATIENT_ENGAGED,578200,6/27/2026 10:22:22 AM,90eec047-676b-4d50-9684-e8707ca80941,2.0,,,,0,,,,,,,,,,,,,,,,fast,100,Infinity,normal,Civilian PT 15,upset,supine,"(-14.4, -0.1, -0.3)",fast,"(0.0, 0.8, 0.0, 0.6)",normal,IMMEDIATE,still,,,,,,,,,,,,,,,,,25.71,
VOICE_CAPTURE,578543,6/27/2026 10:22:22 AM,90eec047-676b-4d50-9684-e8707ca80941,2.0,,,,,,,,,,,,,,,,,,,,,,,,,,,,,,,,,,,,,,,,,,,,,,,,,,,NA,"Okay. Come on, Yvek!",
PLAYER_POSITIONS,578586,6/27/2026 10:22:22 AM,90eec047-676b-4d50-9684-e8707ca80941,2.0,,,,,,,,,,,,,,,,,,,,,,,,,,,,,,,,,,,"(-13.5, 0.3, -1.1)","(-13.5, 1.2, -1.2)","(-13.5, 0.7, -0.9)",
PLAYER_POSITIONS,578586,6/27/2026 10:22:22 AM,90eec047-676b-4d50-9684-e8707ca80941,2.0,,,,,,,,,,,,,,,,,,,,,,,,,,,,,,,,,,,"(-13.5, 0.3, -1.1)","(-13.5, 1.2, -1.2)","(-13.5, 0.7, -0.9)",
VOICE_CAPTURE,579035,6/27/2026 10:22:23 AM,90eec047-676b-4d50-9684-e8707ca80941,2.0,,,,,,,,,,,,,,,,,,,,,,,,,,,,,,,,,,,,,,,,,,,,,,,,,,,NA,"Okay. Come on, Yvek!",
VOICE_CAPTURE,579035,6/27/2026 10:22:23 AM,90eec047-676b-4d50-9684-e8707ca80941,2.0,,,,,,,,,,,,,,,,,,,,,,,,,,,,,,,,,,,,,,,,,,,,,,,,,,,NA,"Okay. Come on, Yvek!",
PLAYER_POSITIONS,579095,6/27/2026 10:22:23 AM,90eec047-676b-4d50-9684-e8707ca80941,2.0,,,,,,,,,,,,,,,,,,,,,,,,,,,,,,,,,,,"(-13.9, 0.4, -0.9)","(-13.8, 1.2, -1.1)","(-13.8, 0.6, -0.9)",
PLAYER_POSITIONS,579095,6/27/2026 10:22:23 AM,90eec047-676b-4d50-9684-e8707ca80941,2.0,,,,,,,,,,,,,,,,,,,,,,,,,,,,,,,,,,,"(-13.9, 0.4, -0.9)","(-13.8, 1.2, -1.1)","(-13.8, 0.6, -0.9)",
PLAYER_POSITIONS,579597,6/27/2026 10:22:23 AM,90eec047-676b-4d50-9684-e8707ca80941,2.0,,,,,,,,,,,,,,,,,,,,,,,,,,,,,,,,,,,"(-14.0, 0.3, -0.9)","(-13.8, 1.2, -0.9)","(-13.5, 0.6, -0.5)",
PLAYER_POSITIONS,579597,6/27/2026 10:22:23 AM,90eec047-676b-4d50-9684-e8707ca80941,2.0,,,,,,,,,,,,,,,,,,,,,,,,,,,,,,,,,,,"(-14.0, 0.3, -0.9)","(-13.8, 1.2, -0.9)","(-13.5, 0.6, -0.5)",
PATIENT_DISENGAGED,579728,6/27/2026 10:22:23 AM,90eec047-676b-4d50-9684-e8707ca80941,2.0,,,,1.53,,,,,,,,,,,,,,,,fast,100,Infinity,normal,Civilian PT 15,upset,supine,"(-14.4, -0.1, -0.3)",fast,"(0.0, 0.8, 0.0, 0.6)",normal,IMMEDIATE,still,,,,,,,,,,,,,,,,,27.24,
TELEPORT,579943,6/27/2026 10:22:24 AM,90eec047-676b-4d50-9684-e8707ca80941,2.0,,,,,,,,,,,,,,,,,,,,,,,,,,,,,,,,,,,,"(-13.8, 1.2, -0.9)",,,,,,,"(-12.9, 1.2, 0.9)",
VOICE_CAPTURE,580066,6/27/2026 10:22:24 AM,90eec047-676b-4d50-9684-e8707ca80941,2.0,,,,,,,,,,,,,,,,,,,,,,,,,,,,,,,,,,,,,,,,,,,,,,,,,,,NA,back.,
PLAYER_POSITIONS,580109,6/27/2026 10:22:24 AM,90eec047-676b-4d50-9684-e8707ca80941,2.0,,,,,,,,,,,,,,,,,,,,,,,,,,,,,,,,,,,"(-13.1, 0.4, 1.2)","(-12.9, 1.2, 1.0)","(-12.6, 0.6, 1.2)",
PLAYER_POSITIONS,580109,6/27/2026 10:22:24 AM,90eec047-676b-4d50-9684-e8707ca80941,2.0,,,,,,,,,,,,,,,,,,,,,,,,,,,,,,,,,,,"(-13.1, 0.4, 1.2)","(-12.9, 1.2, 1.0)","(-12.6, 0.6, 1.2)",
VOICE_CAPTURE,580567,6/27/2026 10:22:24 AM,90eec047-676b-4d50-9684-e8707ca80941,2.0,,,,,,,,,,,,,,,,,,,,,,,,,,,,,,,,,,,,,,,,,,,,,,,,,,,NA,back.,
PLAYER_POSITIONS,580612,6/27/2026 10:22:24 AM,90eec047-676b-4d50-9684-e8707ca80941,2.0,,,,,,,,,,,,,,,,,,,,,,,,,,,,,,,,,,,"(-13.1, 0.4, 1.5)","(-13.1, 1.2, 1.3)","(-12.8, 0.4, 1.4)",
PLAYER_POSITIONS,580612,6/27/2026 10:22:24 AM,90eec047-676b-4d50-9684-e8707ca80941,2.0,,,,,,,,,,,,,,,,,,,,,,,,,,,,,,,,,,,"(-13.1, 0.4, 1.5)","(-13.1, 1.2, 1.3)","(-12.8, 0.4, 1.4)",
VOICE_CAPTURE,581072,6/27/2026 10:22:25 AM,90eec047-676b-4d50-9684-e8707ca80941,2.0,,,,,,,,,,,,,,,,,,,,,,,,,,,,,,,,,,,,,,,,,,,,,,,,,,,NA,back!,
PLAYER_POSITIONS,581112,6/27/2026 10:22:25 AM,90eec047-676b-4d50-9684-e8707ca80941,2.0,,,,,,,,,,,,,,,,,,,,,,,,,,,,,,,,,,,"(-13.4, 0.4, 1.7)","(-13.3, 1.2, 1.5)","(-13.1, 0.4, 1.5)",
PLAYER_POSITIONS,581112,6/27/2026 10:22:25 AM,90eec047-676b-4d50-9684-e8707ca80941,2.0,,,,,,,,,,,,,,,,,,,,,,,,,,,,,,,,,,,"(-13.4, 0.4, 1.7)","(-13.3, 1.2, 1.5)","(-13.1, 0.4, 1.5)",
VOICE_CAPTURE,581590,6/27/2026 10:22:25 AM,90eec047-676b-4d50-9684-e8707ca80941,2.0,,,,,,,,,,,,,,,,,,,,,,,,,,,,,,,,,,,,,,,,,,,,,,,,,,,NA,back!,
PLAYER_POSITIONS,581613,6/27/2026 10:22:25 AM,90eec047-676b-4d50-9684-e8707ca80941,2.0,,,,,,,,,,,,,,,,,,,,,,,,,,,,,,,,,,,"(-13.4, 0.4, 2.1)","(-13.3, 1.2, 1.9)","(-13.0, 0.4, 1.8)",
PLAYER_GAZE,581613,6/27/2026 10:22:25 AM,90eec047-676b-4d50-9684-e8707ca80941,2.0,,,,,,,,,,,,,,,,,,,,,,,,Civilian PT 14,,,,,,,,,"(0.8, 1.2, -1.8)",,,"(-14.1, 0.0, 3.7)",
PLAYER_POSITIONS,581613,6/27/2026 10:22:25 AM,90eec047-676b-4d50-9684-e8707ca80941,2.0,,,,,,,,,,,,,,,,,,,,,,,,,,,,,,,,,,,"(-13.4, 0.4, 2.1)","(-13.3, 1.2, 1.9)","(-13.0, 0.4, 1.8)",
PLAYER_GAZE,581613,6/27/2026 10:22:25 AM,90eec047-676b-4d50-9684-e8707ca80941,2.0,,,,,,,,,,,,,,,,,,,,,,,,Civilian PT 14,,,,,,,,,"(0.8, 1.2, -1.8)",,,"(-14.1, 0.0, 3.7)",
VOICE_CAPTURE,582087,6/27/2026 10:22:26 AM,90eec047-676b-4d50-9684-e8707ca80941,2.0,,,,,,,,,,,,,,,,,,,,,,,,,,,,,,,,,,,,,,,,,,,,,,,,,,,NA,back.,
PLAYER_POSITIONS,582130,6/27/2026 10:22:26 AM,90eec047-676b-4d50-9684-e8707ca80941,2.0,,,,,,,,,,,,,,,,,,,,,,,,,,,,,,,,,,,"(-13.2, 0.4, 2.5)","(-13.1, 1.2, 2.4)","(-12.8, 0.4, 2.3)",
PLAYER_POSITIONS,582130,6/27/2026 10:22:26 AM,90eec047-676b-4d50-9684-e8707ca80941,2.0,,,,,,,,,,,,,,,,,,,,,,,,,,,,,,,,,,,"(-13.2, 0.4, 2.5)","(-13.1, 1.2, 2.4)","(-12.8, 0.4, 2.3)",
VOICE_CAPTURE,582560,6/27/2026 10:22:26 AM,90eec047-676b-4d50-9684-e8707ca80941,2.0,,,,,,,,,,,,,,,,,,,,,,,,,,,,,,,,,,,,,,,,,,,,,,,,,,,NA,back.,
PLAYER_POSITIONS,582657,6/27/2026 10:22:26 AM,90eec047-676b-4d50-9684-e8707ca80941,2.0,,,,,,,,,,,,,,,,,,,,,,,,,,,,,,,,,,,"(-12.8, 0.4, 2.6)","(-12.7, 1.2, 2.4)","(-12.4, 0.5, 2.5)",
PLAYER_POSITIONS,582657,6/27/2026 10:22:26 AM,90eec047-676b-4d50-9684-e8707ca80941,2.0,,,,,,,,,,,,,,,,,,,,,,,,,,,,,,,,,,,"(-12.8, 0.4, 2.6)","(-12.7, 1.2, 2.4)","(-12.4, 0.5, 2.5)",
PATIENT_ENGAGED,582786,6/27/2026 10:22:26 AM,90eec047-676b-4d50-9684-e8707ca80941,2.0,,,,0,,,,,,,,,,,,,,,,fast,100,Infinity,normal,Military PT 5,upset,supine,"(-10.7, 0.0, 3.6)",faint,"(0.0, 1.0, 0.0, 0.0)",normal,IMMEDIATE,still,,,,,,,,,,,,,,,,,22.21,
PATIENT_DISENGAGED,582819,6/27/2026 10:22:26 AM,90eec047-676b-4d50-9684-e8707ca80941,2.0,,,,0.02,,,,,,,,,,,,,,,,fast,100,Infinity,normal,Military PT 5,upset,supine,"(-10.7, 0.0, 3.6)",faint,"(0.0, 1.0, 0.0, 0.0)",normal,IMMEDIATE,still,,,,,,,,,,,,,,,,,22.23,
PATIENT_ENGAGED,582853,6/27/2026 10:22:26 AM,90eec047-676b-4d50-9684-e8707ca80941,2.0,,,,0,,,,,,,,,,,,,,,,fast,100,Infinity,normal,Military PT 5,upset,supine,"(-10.7, 0.0, 3.6)",faint,"(0.0, 1.0, 0.0, 0.0)",normal,IMMEDIATE,still,,,,,,,,,,,,,,,,,22.23,
PATIENT_DISENGAGED,582874,6/27/2026 10:22:26 AM,90eec047-676b-4d50-9684-e8707ca80941,2.0,,,,0.03,,,,,,,,,,,,,,,,fast,100,Infinity,normal,Military PT 5,upset,supine,"(-10.7, 0.0, 3.6)",faint,"(0.0, 1.0, 0.0, 0.0)",normal,IMMEDIATE,still,,,,,,,,,,,,,,,,,22.26,
PATIENT_ENGAGED,582896,6/27/2026 10:22:26 AM,90eec047-676b-4d50-9684-e8707ca80941,2.0,,,,0,,,,,,,,,,,,,,,,fast,100,Infinity,normal,Military PT 5,upset,supine,"(-10.7, 0.0, 3.6)",faint,"(0.0, 1.0, 0.0, 0.0)",normal,IMMEDIATE,still,,,,,,,,,,,,,,,,,22.26,
VOICE_CAPTURE,583072,6/27/2026 10:22:27 AM,90eec047-676b-4d50-9684-e8707ca80941,2.0,,,,,,,,,,,,,,,,,,,,,,,,,,,,,,,,,,,,,,,,,,,,,,,,,,,NA,back.,
PLAYER_POSITIONS,583170,6/27/2026 10:22:27 AM,90eec047-676b-4d50-9684-e8707ca80941,2.0,,,,,,,,,,,,,,,,,,,,,,,,,,,,,,,,,,,"(-12.4, 0.4, 2.7)","(-12.3, 1.2, 2.5)","(-12.0, 0.8, 2.6)",
PLAYER_POSITIONS,583170,6/27/2026 10:22:27 AM,90eec047-676b-4d50-9684-e8707ca80941,2.0,,,,,,,,,,,,,,,,,,,,,,,,,,,,,,,,,,,"(-12.4, 0.4, 2.7)","(-12.3, 1.2, 2.5)","(-12.0, 0.8, 2.6)",
VOICE_CAPTURE,583570,6/27/2026 10:22:27 AM,90eec047-676b-4d50-9684-e8707ca80941,2.0,,,,,,,,,,,,,,,,,,,,,,,,,,,,,,,,,,,,,,,,,,,,,,,,,,,NA,back.,
PLAYER_POSITIONS,583690,6/27/2026 10:22:27 AM,90eec047-676b-4d50-9684-e8707ca80941,2.0,,,,,,,,,,,,,,,,,,,,,,,,,,,,,,,,,,,"(-12.2, 0.4, 2.9)","(-12.1, 1.2, 2.7)","(-11.8, 1.1, 2.8)",
PLAYER_POSITIONS,583690,6/27/2026 10:22:27 AM,90eec047-676b-4d50-9684-e8707ca80941,2.0,,,,,,,,,,,,,,,,,,,,,,,,,,,,,,,,,,,"(-12.2, 0.4, 2.9)","(-12.1, 1.2, 2.7)","(-11.8, 1.1, 2.8)",
VOICE_CAPTURE,584089,6/27/2026 10:22:28 AM,90eec047-676b-4d50-9684-e8707ca80941,2.0,,,,,,,,,,,,,,,,,,,,,,,,,,,,,,,,,,,,,,,,,,,,,,,,,,,NA,back. Okay.,
PLAYER_POSITIONS,584200,6/27/2026 10:22:28 AM,90eec047-676b-4d50-9684-e8707ca80941,2.0,,,,,,,,,,,,,,,,,,,,,,,,,,,,,,,,,,,"(-11.9, 0.4, 3.1)","(-11.8, 1.2, 2.9)","(-11.6, 1.1, 3.0)",
PLAYER_POSITIONS,584200,6/27/2026 10:22:28 AM,90eec047-676b-4d50-9684-e8707ca80941,2.0,,,,,,,,,,,,,,,,,,,,,,,,,,,,,,,,,,,"(-11.9, 0.4, 3.1)","(-11.8, 1.2, 2.9)","(-11.6, 1.1, 3.0)",
VOICE_CAPTURE,584588,6/27/2026 10:22:28 AM,90eec047-676b-4d50-9684-e8707ca80941,2.0,,,,,,,,,,,,,,,,,,,,,,,,,,,,,,,,,,,,,,,,,,,,,,,,,,,NA,back. Okay.,
VOICE_CAPTURE,584588,6/27/2026 10:22:28 AM,90eec047-676b-4d50-9684-e8707ca80941,2.0,,,,,,,,,,,,,,,,,,,,,,,,,,,,,,,,,,,,,,,,,,,,,,,,,,,NA,back. Okay.,
PLAYER_POSITIONS,584722,6/27/2026 10:22:28 AM,90eec047-676b-4d50-9684-e8707ca80941,2.0,,,,,,,,,,,,,,,,,,,,,,,,,,,,,,,,,,,"(-11.7, 0.5, 3.3)","(-11.6, 1.3, 3.1)","(-11.4, 1.1, 3.3)",
PLAYER_POSITIONS,584722,6/27/2026 10:22:28 AM,90eec047-676b-4d50-9684-e8707ca80941,2.0,,,,,,,,,,,,,,,,,,,,,,,,,,,,,,,,,,,"(-11.7, 0.5, 3.3)","(-11.6, 1.3, 3.1)","(-11.4, 1.1, 3.3)",
VOICE_CAPTURE,585057,6/27/2026 10:22:29 AM,90eec047-676b-4d50-9684-e8707ca80941,2.0,,,,,,,,,,,,,,,,,,,,,,,,,,,,,,,,,,,,,,,,,,,,,,,,,,,NA,Okay.,
PLAYER_POSITIONS,585267,6/27/2026 10:22:29 AM,90eec047-676b-4d50-9684-e8707ca80941,2.0,,,,,,,,,,,,,,,,,,,,,,,,,,,,,,,,,,,"(-11.7, 0.5, 3.3)","(-11.5, 1.4, 3.0)","(-11.4, 0.7, 3.4)",
PLAYER_POSITIONS,585267,6/27/2026 10:22:29 AM,90eec047-676b-4d50-9684-e8707ca80941,2.0,,,,,,,,,,,,,,,,,,,,,,,,,,,,,,,,,,,"(-11.7, 0.5, 3.3)","(-11.5, 1.4, 3.0)","(-11.4, 0.7, 3.4)",
EVAC_RADIO_ALERT,585476,6/27/2026 10:22:29 AM,90eec047-676b-4d50-9684-e8707ca80941,2.0,,,,,,,,1,
AUDIO_START,585499,6/27/2026 10:22:29 AM,90eec047-676b-4d50-9684-e8707ca80941,2.0,evac in 1 minute,5.172245,
VOICE_CAPTURE,585688,6/27/2026 10:22:29 AM,90eec047-676b-4d50-9684-e8707ca80941,2.0,,,,,,,,,,,,,,,,,,,,,,,,,,,,,,,,,,,,,,,,,,,,,,,,,,,NA,Okay. Questions reach it.,
AUDIO_END,585755,6/27/2026 10:22:29 AM,90eec047-676b-4d50-9684-e8707ca80941,2.0,double jet flyover,9.576,
NARRATIVE_SECTION_END,585755,6/27/2026 10:22:29 AM,90eec047-676b-4d50-9684-e8707ca80941,2.0,,,,,,,,,,,,,,,,,,Double jet flyover,67,
NARRATIVE_SECTION_START,585776,6/27/2026 10:22:29 AM,90eec047-676b-4d50-9684-e8707ca80941,2.0,,,,,,,,,,,,,,,,,,Double Distant Explosion,68,
PLAYER_POSITIONS,585780,6/27/2026 10:22:29 AM,90eec047-676b-4d50-9684-e8707ca80941,2.0,,,,,,,,,,,,,,,,,,,,,,,,,,,,,,,,,,,"(-11.5, 0.5, 3.2)","(-11.4, 1.4, 3.0)","(-11.0, 0.9, 2.9)",
PLAYER_POSITIONS,585780,6/27/2026 10:22:29 AM,90eec047-676b-4d50-9684-e8707ca80941,2.0,,,,,,,,,,,,,,,,,,,,,,,,,,,,,,,,,,,"(-11.5, 0.5, 3.2)","(-11.4, 1.4, 3.0)","(-11.0, 0.9, 2.9)",
VOICE_CAPTURE,586112,6/27/2026 10:22:30 AM,90eec047-676b-4d50-9684-e8707ca80941,2.0,,,,,,,,,,,,,,,,,,,,,,,,,,,,,,,,,,,,,,,,,,,,,,,,,,,NA,"Okay, chest injury, chest injury.",
PLAYER_POSITIONS,586289,6/27/2026 10:22:30 AM,90eec047-676b-4d50-9684-e8707ca80941,2.0,,,,,,,,,,,,,,,,,,,,,,,,,,,,,,,,,,,"(-11.6, 0.5, 3.5)","(-11.6, 1.3, 3.4)","(-11.3, 1.0, 3.5)",
PLAYER_POSITIONS,586289,6/27/2026 10:22:30 AM,90eec047-676b-4d50-9684-e8707ca80941,2.0,,,,,,,,,,,,,,,,,,,,,,,,,,,,,,,,,,,"(-11.6, 0.5, 3.5)","(-11.6, 1.3, 3.4)","(-11.3, 1.0, 3.5)",
VOICE_CAPTURE,586579,6/27/2026 10:22:30 AM,90eec047-676b-4d50-9684-e8707ca80941,2.0,,,,,,,,,,,,,,,,,,,,,,,,,,,,,,,,,,,,,,,,,,,,,,,,,,,NA,"Okay, chest injury, chest injury.",
VOICE_CAPTURE,586579,6/27/2026 10:22:30 AM,90eec047-676b-4d50-9684-e8707ca80941,2.0,,,,,,,,,,,,,,,,,,,,,,,,,,,,,,,,,,,,,,,,,,,,,,,,,,,NA,"Okay, chest injury, chest injury.",
PLAYER_POSITIONS,586801,6/27/2026 10:22:30 AM,90eec047-676b-4d50-9684-e8707ca80941,2.0,,,,,,,,,,,,,,,,,,,,,,,,,,,,,,,,,,,"(-12.0, 0.4, 3.8)","(-11.8, 1.3, 3.7)","(-11.8, 1.2, 3.9)",
PLAYER_POSITIONS,586801,6/27/2026 10:22:30 AM,90eec047-676b-4d50-9684-e8707ca80941,2.0,,,,,,,,,,,,,,,,,,,,,,,,,,,,,,,,,,,"(-12.0, 0.4, 3.8)","(-11.8, 1.3, 3.7)","(-11.8, 1.2, 3.9)",
PLAYER_POSITIONS,587302,6/27/2026 10:22:31 AM,90eec047-676b-4d50-9684-e8707ca80941,2.0,,,,,,,,,,,,,,,,,,,,,,,,,,,,,,,,,,,"(-11.8, 0.4, 4.0)","(-11.7, 1.3, 3.9)","(-11.6, 1.1, 4.2)",
PLAYER_POSITIONS,587302,6/27/2026 10:22:31 AM,90eec047-676b-4d50-9684-e8707ca80941,2.0,,,,,,,,,,,,,,,,,,,,,,,,,,,,,,,,,,,"(-11.8, 0.4, 4.0)","(-11.7, 1.3, 3.9)","(-11.6, 1.1, 4.2)",
VOICE_CAPTURE,587536,6/27/2026 10:22:31 AM,90eec047-676b-4d50-9684-e8707ca80941,2.0,,,,,,,,,,,,,,,,,,,,,,,,,,,,,,,,,,,,,,,,,,,,,,,,,,,NA,Thank you for your attention.,
PLAYER_POSITIONS,587822,6/27/2026 10:22:31 AM,90eec047-676b-4d50-9684-e8707ca80941,2.0,,,,,,,,,,,,,,,,,,,,,,,,,,,,,,,,,,,"(-11.8, 0.4, 4.0)","(-11.6, 1.3, 3.8)","(-11.3, 0.8, 3.8)",
PLAYER_POSITIONS,587822,6/27/2026 10:22:31 AM,90eec047-676b-4d50-9684-e8707ca80941,2.0,,,,,,,,,,,,,,,,,,,,,,,,,,,,,,,,,,,"(-11.8, 0.4, 4.0)","(-11.6, 1.3, 3.8)","(-11.3, 0.8, 3.8)",
VOICE_CAPTURE,588089,6/27/2026 10:22:32 AM,90eec047-676b-4d50-9684-e8707ca80941,2.0,,,,,,,,,,,,,,,,,,,,,,,,,,,,,,,,,,,,,,,,,,,,,,,,,,,NA,Thank you for your attention. Thank you for your attention.,
PLAYER_POSITIONS,588337,6/27/2026 10:22:32 AM,90eec047-676b-4d50-9684-e8707ca80941,2.0,,,,,,,,,,,,,,,,,,,,,,,,,,,,,,,,,,,"(-11.5, 0.5, 3.7)","(-11.4, 1.3, 3.6)","(-11.1, 0.7, 3.6)",
PLAYER_POSITIONS,588337,6/27/2026 10:22:32 AM,90eec047-676b-4d50-9684-e8707ca80941,2.0,,,,,,,,,,,,,,,,,,,,,,,,,,,,,,,,,,,"(-11.5, 0.5, 3.7)","(-11.4, 1.3, 3.6)","(-11.1, 0.7, 3.6)",
VOICE_CAPTURE,588593,6/27/2026 10:22:32 AM,90eec047-676b-4d50-9684-e8707ca80941,2.0,,,,,,,,,,,,,,,,,,,,,,,,,,,,,,,,,,,,,,,,,,,,,,,,,,,NA,Thank you for your attention. Thank you for your attention.,
VOICE_CAPTURE,588593,6/27/2026 10:22:32 AM,90eec047-676b-4d50-9684-e8707ca80941,2.0,,,,,,,,,,,,,,,,,,,,,,,,,,,,,,,,,,,,,,,,,,,,,,,,,,,NA,Thank you for your attention. Thank you for your attention.,
PLAYER_POSITIONS,588849,6/27/2026 10:22:32 AM,90eec047-676b-4d50-9684-e8707ca80941,2.0,,,,,,,,,,,,,,,,,,,,,,,,,,,,,,,,,,,"(-11.4, 0.5, 3.8)","(-11.3, 1.3, 3.7)","(-11.1, 0.7, 3.7)",
PLAYER_POSITIONS,588849,6/27/2026 10:22:32 AM,90eec047-676b-4d50-9684-e8707ca80941,2.0,,,,,,,,,,,,,,,,,,,,,,,,,,,,,,,,,,,"(-11.4, 0.5, 3.8)","(-11.3, 1.3, 3.7)","(-11.1, 0.7, 3.7)",
PLAYER_POSITIONS,589355,6/27/2026 10:22:33 AM,90eec047-676b-4d50-9684-e8707ca80941,2.0,,,,,,,,,,,,,,,,,,,,,,,,,,,,,,,,,,,"(-11.3, 0.4, 4.0)","(-11.2, 1.3, 3.9)","(-11.1, 0.7, 4.0)",
PLAYER_POSITIONS,589355,6/27/2026 10:22:33 AM,90eec047-676b-4d50-9684-e8707ca80941,2.0,,,,,,,,,,,,,,,,,,,,,,,,,,,,,,,,,,,"(-11.3, 0.4, 4.0)","(-11.2, 1.3, 3.9)","(-11.1, 0.7, 4.0)",
PLAYER_POSITIONS,589856,6/27/2026 10:22:33 AM,90eec047-676b-4d50-9684-e8707ca80941,2.0,,,,,,,,,,,,,,,,,,,,,,,,,,,,,,,,,,,"(-11.3, 0.5, 4.0)","(-11.2, 1.3, 3.8)","(-11.0, 0.7, 3.9)",
PLAYER_POSITIONS,589856,6/27/2026 10:22:33 AM,90eec047-676b-4d50-9684-e8707ca80941,2.0,,,,,,,,,,,,,,,,,,,,,,,,,,,,,,,,,,,"(-11.3, 0.5, 4.0)","(-11.2, 1.3, 3.8)","(-11.0, 0.7, 3.9)",
PLAYER_POSITIONS,590369,6/27/2026 10:22:34 AM,90eec047-676b-4d50-9684-e8707ca80941,2.0,,,,,,,,,,,,,,,,,,,,,,,,,,,,,,,,,,,"(-11.3, 0.5, 4.0)","(-11.3, 1.4, 3.8)","(-11.0, 0.7, 3.8)",
PLAYER_GAZE,590369,6/27/2026 10:22:34 AM,90eec047-676b-4d50-9684-e8707ca80941,2.0,,,,,,,,,,,,,,,,,,,,,,,,Military PT 11,,,,,,,,,"(-0.4, 1.4, -3.3)",,,"(-10.9, 0.0, 7.1)",
PLAYER_POSITIONS,590369,6/27/2026 10:22:34 AM,90eec047-676b-4d50-9684-e8707ca80941,2.0,,,,,,,,,,,,,,,,,,,,,,,,,,,,,,,,,,,"(-11.3, 0.5, 4.0)","(-11.3, 1.4, 3.8)","(-11.0, 0.7, 3.8)",
PLAYER_GAZE,590369,6/27/2026 10:22:34 AM,90eec047-676b-4d50-9684-e8707ca80941,2.0,,,,,,,,,,,,,,,,,,,,,,,,Military PT 11,,,,,,,,,"(-0.4, 1.4, -3.3)",,,"(-10.9, 0.0, 7.1)",
AUDIO_END,590659,6/27/2026 10:22:34 AM,90eec047-676b-4d50-9684-e8707ca80941,2.0,evac in 1 minute,5.172245,
AUDIO_START,590805,6/27/2026 10:22:34 AM,90eec047-676b-4d50-9684-e8707ca80941,2.0,double distant explosion,7.104,
PLAYER_POSITIONS,590923,6/27/2026 10:22:35 AM,90eec047-676b-4d50-9684-e8707ca80941,2.0,,,,,,,,,,,,,,,,,,,,,,,,,,,,,,,,,,,"(-11.2, 0.5, 4.0)","(-11.1, 1.3, 3.8)","(-10.9, 0.7, 3.8)",
PLAYER_GAZE,590923,6/27/2026 10:22:35 AM,90eec047-676b-4d50-9684-e8707ca80941,2.0,,,,,,,,,,,,,,,,,,,,,,,,Military PT 5,,,,,,,,,"(-0.4, 1.3, 0.2)",,,"(-10.8, 0.0, 3.5)",
PLAYER_POSITIONS,590923,6/27/2026 10:22:35 AM,90eec047-676b-4d50-9684-e8707ca80941,2.0,,,,,,,,,,,,,,,,,,,,,,,,,,,,,,,,,,,"(-11.2, 0.5, 4.0)","(-11.1, 1.3, 3.8)","(-10.9, 0.7, 3.8)",
PLAYER_GAZE,590923,6/27/2026 10:22:35 AM,90eec047-676b-4d50-9684-e8707ca80941,2.0,,,,,,,,,,,,,,,,,,,,,,,,Military PT 5,,,,,,,,,"(-0.4, 1.3, 0.2)",,,"(-10.8, 0.0, 3.5)",
PLAYER_POSITIONS,591474,6/27/2026 10:22:35 AM,90eec047-676b-4d50-9684-e8707ca80941,2.0,,,,,,,,,,,,,,,,,,,,,,,,,,,,,,,,,,,"(-11.0, 0.6, 4.1)","(-11.1, 1.4, 3.8)","(-10.8, 0.6, 3.6)",
PLAYER_GAZE,591474,6/27/2026 10:22:35 AM,90eec047-676b-4d50-9684-e8707ca80941,2.0,,,,,,,,,,,,,,,,,,,,,,,,Military PT 5,,,,,,,,,"(-0.3, 1.4, 0.3)",,,"(-10.8, 0.0, 3.5)",
PLAYER_POSITIONS,591474,6/27/2026 10:22:35 AM,90eec047-676b-4d50-9684-e8707ca80941,2.0,,,,,,,,,,,,,,,,,,,,,,,,,,,,,,,,,,,"(-11.0, 0.6, 4.1)","(-11.1, 1.4, 3.8)","(-10.8, 0.6, 3.6)",
PLAYER_GAZE,591474,6/27/2026 10:22:35 AM,90eec047-676b-4d50-9684-e8707ca80941,2.0,,,,,,,,,,,,,,,,,,,,,,,,Military PT 5,,,,,,,,,"(-0.3, 1.4, 0.3)",,,"(-10.8, 0.0, 3.5)",
PLAYER_POSITIONS,592079,6/27/2026 10:22:36 AM,90eec047-676b-4d50-9684-e8707ca80941,2.0,,,,,,,,,,,,,,,,,,,,,,,,,,,,,,,,,,,"(-10.6, 0.8, 4.0)","(-10.8, 1.4, 3.7)","(-10.7, 0.8, 3.5)",
PLAYER_GAZE,592079,6/27/2026 10:22:36 AM,90eec047-676b-4d50-9684-e8707ca80941,2.0,,,,,,,,,,,,,,,,,,,,,,,,Military PT 5,,,,,,,,,"(0.0, 1.4, 0.2)",,,"(-10.8, 0.0, 3.5)",
PLAYER_POSITIONS,592079,6/27/2026 10:22:36 AM,90eec047-676b-4d50-9684-e8707ca80941,2.0,,,,,,,,,,,,,,,,,,,,,,,,,,,,,,,,,,,"(-10.6, 0.8, 4.0)","(-10.8, 1.4, 3.7)","(-10.7, 0.8, 3.5)",
PLAYER_GAZE,592079,6/27/2026 10:22:36 AM,90eec047-676b-4d50-9684-e8707ca80941,2.0,,,,,,,,,,,,,,,,,,,,,,,,Military PT 5,,,,,,,,,"(0.0, 1.4, 0.2)",,,"(-10.8, 0.0, 3.5)",
VOICE_CAPTURE,592079,6/27/2026 10:22:36 AM,90eec047-676b-4d50-9684-e8707ca80941,2.0,,,,,,,,,,,,,,,,,,,,,,,,,,,,,,,,,,,,,,,,,,,,,,,,,,,NA,Okay.,
VOICE_CAPTURE,592519,6/27/2026 10:22:36 AM,90eec047-676b-4d50-9684-e8707ca80941,2.0,,,,,,,,,,,,,,,,,,,,,,,,,,,,,,,,,,,,,,,,,,,,,,,,,,,NA,Okay. Okay.,
PLAYER_POSITIONS,592576,6/27/2026 10:22:36 AM,90eec047-676b-4d50-9684-e8707ca80941,2.0,,,,,,,,,,,,,,,,,,,,,,,,,,,,,,,,,,,"(-11.0, 1.0, 4.0)","(-10.9, 1.8, 3.9)","(-10.7, 0.9, 3.7)",
PLAYER_GAZE,592576,6/27/2026 10:22:36 AM,90eec047-676b-4d50-9684-e8707ca80941,2.0,,,,,,,,,,,,,,,,,,,,,,,,Military PT 6,,,,,,,,,"(-1.0, 1.8, -1.0)",,,"(-9.9, 0.0, 4.8)",
PLAYER_POSITIONS,592576,6/27/2026 10:22:36 AM,90eec047-676b-4d50-9684-e8707ca80941,2.0,,,,,,,,,,,,,,,,,,,,,,,,,,,,,,,,,,,"(-11.0, 1.0, 4.0)","(-10.9, 1.8, 3.9)","(-10.7, 0.9, 3.7)",
PLAYER_GAZE,592576,6/27/2026 10:22:36 AM,90eec047-676b-4d50-9684-e8707ca80941,2.0,,,,,,,,,,,,,,,,,,,,,,,,Military PT 6,,,,,,,,,"(-1.0, 1.8, -1.0)",,,"(-9.9, 0.0, 4.8)",
VOICE_CAPTURE,593010,6/27/2026 10:22:37 AM,90eec047-676b-4d50-9684-e8707ca80941,2.0,,,,,,,,,,,,,,,,,,,,,,,,,,,,,,,,,,,,,,,,,,,,,,,,,,,NA,Okay. Okay.,
VOICE_CAPTURE,593010,6/27/2026 10:22:37 AM,90eec047-676b-4d50-9684-e8707ca80941,2.0,,,,,,,,,,,,,,,,,,,,,,,,,,,,,,,,,,,,,,,,,,,,,,,,,,,NA,Okay. Okay.,
PLAYER_POSITIONS,593077,6/27/2026 10:22:37 AM,90eec047-676b-4d50-9684-e8707ca80941,2.0,,,,,,,,,,,,,,,,,,,,,,,,,,,,,,,,,,,"(-11.3, 1.0, 3.9)","(-11.2, 1.8, 3.8)","(-10.8, 1.1, 3.9)",
PLAYER_POSITIONS,593077,6/27/2026 10:22:37 AM,90eec047-676b-4d50-9684-e8707ca80941,2.0,,,,,,,,,,,,,,,,,,,,,,,,,,,,,,,,,,,"(-11.3, 1.0, 3.9)","(-11.2, 1.8, 3.8)","(-10.8, 1.1, 3.9)",
PLAYER_POSITIONS,593598,6/27/2026 10:22:37 AM,90eec047-676b-4d50-9684-e8707ca80941,2.0,,,,,,,,,,,,,,,,,,,,,,,,,,,,,,,,,,,"(-11.5, 1.0, 3.8)","(-11.2, 1.8, 4.0)","(-11.0, 1.0, 4.2)",
PLAYER_POSITIONS,593598,6/27/2026 10:22:37 AM,90eec047-676b-4d50-9684-e8707ca80941,2.0,,,,,,,,,,,,,,,,,,,,,,,,,,,,,,,,,,,"(-11.5, 1.0, 3.8)","(-11.2, 1.8, 4.0)","(-11.0, 1.0, 4.2)",
TELEPORT,593990,6/27/2026 10:22:38 AM,90eec047-676b-4d50-9684-e8707ca80941,2.0,,,,,,,,,,,,,,,,,,,,,,,,,,,,,,,,,,,,"(-11.2, 1.8, 4.1)",,,,,,,"(-11.0, 1.8, 4.3)",
PLAYER_POSITIONS,594113,6/27/2026 10:22:38 AM,90eec047-676b-4d50-9684-e8707ca80941,2.0,,,,,,,,,,,,,,,,,,,,,,,,,,,,,,,,,,,"(-11.3, 1.0, 4.3)","(-11.0, 1.8, 4.4)","(-10.9, 1.0, 4.5)",
PLAYER_POSITIONS,594113,6/27/2026 10:22:38 AM,90eec047-676b-4d50-9684-e8707ca80941,2.0,,,,,,,,,,,,,,,,,,,,,,,,,,,,,,,,,,,"(-11.3, 1.0, 4.3)","(-11.0, 1.8, 4.4)","(-10.9, 1.0, 4.5)",
PLAYER_POSITIONS,594626,6/27/2026 10:22:38 AM,90eec047-676b-4d50-9684-e8707ca80941,2.0,,,,,,,,,,,,,,,,,,,,,,,,,,,,,,,,,,,"(-11.1, 1.0, 4.7)","(-10.8, 1.8, 4.8)","(-10.7, 0.9, 4.8)",
PLAYER_POSITIONS,594626,6/27/2026 10:22:38 AM,90eec047-676b-4d50-9684-e8707ca80941,2.0,,,,,,,,,,,,,,,,,,,,,,,,,,,,,,,,,,,"(-11.1, 1.0, 4.7)","(-10.8, 1.8, 4.8)","(-10.7, 0.9, 4.8)",
PLAYER_POSITIONS,595147,6/27/2026 10:22:39 AM,90eec047-676b-4d50-9684-e8707ca80941,2.0,,,,,,,,,,,,,,,,,,,,,,,,,,,,,,,,,,,"(-11.4, 1.1, 4.9)","(-11.2, 1.8, 4.9)","(-11.0, 1.1, 5.3)",
PLAYER_POSITIONS,595147,6/27/2026 10:22:39 AM,90eec047-676b-4d50-9684-e8707ca80941,2.0,,,,,,,,,,,,,,,,,,,,,,,,,,,,,,,,,,,"(-11.4, 1.1, 4.9)","(-11.2, 1.8, 4.9)","(-11.0, 1.1, 5.3)",
PLAYER_POSITIONS,595662,6/27/2026 10:22:39 AM,90eec047-676b-4d50-9684-e8707ca80941,2.0,,,,,,,,,,,,,,,,,,,,,,,,,,,,,,,,,,,"(-11.7, 1.0, 4.5)","(-11.6, 1.8, 4.7)","(-11.7, 1.1, 4.9)",
PLAYER_POSITIONS,595662,6/27/2026 10:22:39 AM,90eec047-676b-4d50-9684-e8707ca80941,2.0,,,,,,,,,,,,,,,,,,,,,,,,,,,,,,,,,,,"(-11.7, 1.0, 4.5)","(-11.6, 1.8, 4.7)","(-11.7, 1.1, 4.9)",
PLAYER_POSITIONS,596170,6/27/2026 10:22:40 AM,90eec047-676b-4d50-9684-e8707ca80941,2.0,,,,,,,,,,,,,,,,,,,,,,,,,,,,,,,,,,,"(-11.7, 1.0, 4.0)","(-11.8, 1.8, 4.3)","(-11.9, 1.0, 4.4)",
PLAYER_POSITIONS,596170,6/27/2026 10:22:40 AM,90eec047-676b-4d50-9684-e8707ca80941,2.0,,,,,,,,,,,,,,,,,,,,,,,,,,,,,,,,,,,"(-11.7, 1.0, 4.0)","(-11.8, 1.8, 4.3)","(-11.9, 1.0, 4.4)",
PLAYER_POSITIONS,596679,6/27/2026 10:22:40 AM,90eec047-676b-4d50-9684-e8707ca80941,2.0,,,,,,,,,,,,,,,,,,,,,,,,,,,,,,,,,,,"(-11.8, 1.0, 3.8)","(-11.9, 1.8, 4.0)","(-12.0, 1.0, 4.1)",
PLAYER_GAZE,596679,6/27/2026 10:22:40 AM,90eec047-676b-4d50-9684-e8707ca80941,2.0,,,,,,,,,,,,,,,,,,,,,,,,Military PT 2,,,,,,,,,"(0.7, 1.8, 0.0)",,,"(-12.6, 0.0, 4.0)",
PLAYER_POSITIONS,596679,6/27/2026 10:22:40 AM,90eec047-676b-4d50-9684-e8707ca80941,2.0,,,,,,,,,,,,,,,,,,,,,,,,,,,,,,,,,,,"(-11.8, 1.0, 3.8)","(-11.9, 1.8, 4.0)","(-12.0, 1.0, 4.1)",
PLAYER_GAZE,596679,6/27/2026 10:22:40 AM,90eec047-676b-4d50-9684-e8707ca80941,2.0,,,,,,,,,,,,,,,,,,,,,,,,Military PT 2,,,,,,,,,"(0.7, 1.8, 0.0)",,,"(-12.6, 0.0, 4.0)",
PATIENT_DISENGAGED,596699,6/27/2026 10:22:40 AM,90eec047-676b-4d50-9684-e8707ca80941,2.0,,,,13.8,,,,,,,,,,,,,,,,fast,100,Infinity,normal,Military PT 5,upset,supine,"(-10.7, 0.0, 3.6)",faint,"(0.0, 1.0, 0.0, 0.0)",normal,IMMEDIATE,still,,,,,,,,,,,,,,,,,36.06,
PATIENT_ENGAGED,596699,6/27/2026 10:22:40 AM,90eec047-676b-4d50-9684-e8707ca80941,2.0,,,,0,,,,,,,,,,,,,,,,restricted,100,Infinity,normal,Military PT 2,agony,supine,"(-12.6, 0.0, 4.0)",faint,"(0.0, 1.0, 0.0, -0.1)",normal,EXPECTANT,still,,,,,,,,,,,,,,,,,25.04,
VOICE_CAPTURE,597069,6/27/2026 10:22:41 AM,90eec047-676b-4d50-9684-e8707ca80941,2.0,,,,,,,,,,,,,,,,,,,,,,,,,,,,,,,,,,,,,,,,,,,,,,,,,,,NA,"Two, three.",
PLAYER_POSITIONS,597200,6/27/2026 10:22:41 AM,90eec047-676b-4d50-9684-e8707ca80941,2.0,,,,,,,,,,,,,,,,,,,,,,,,,,,,,,,,,,,"(-12.2, 1.0, 3.8)","(-12.2, 1.8, 4.1)","(-12.2, 1.1, 4.4)",
PLAYER_POSITIONS,597200,6/27/2026 10:22:41 AM,90eec047-676b-4d50-9684-e8707ca80941,2.0,,,,,,,,,,,,,,,,,,,,,,,,,,,,,,,,,,,"(-12.2, 1.0, 3.8)","(-12.2, 1.8, 4.1)","(-12.2, 1.1, 4.4)",
VOICE_CAPTURE,597557,6/27/2026 10:22:41 AM,90eec047-676b-4d50-9684-e8707ca80941,2.0,,,,,,,,,,,,,,,,,,,,,,,,,,,,,,,,,,,,,,,,,,,,,,,,,,,NA,"Two, three. Two, three.",
PLAYER_POSITIONS,597712,6/27/2026 10:22:41 AM,90eec047-676b-4d50-9684-e8707ca80941,2.0,,,,,,,,,,,,,,,,,,,,,,,,,,,,,,,,,,,"(-12.5, 1.0, 4.1)","(-12.4, 1.7, 4.2)","(-12.4, 1.2, 4.4)",
PLAYER_POSITIONS,597712,6/27/2026 10:22:41 AM,90eec047-676b-4d50-9684-e8707ca80941,2.0,,,,,,,,,,,,,,,,,,,,,,,,,,,,,,,,,,,"(-12.5, 1.0, 4.1)","(-12.4, 1.7, 4.2)","(-12.4, 1.2, 4.4)",
AUDIO_END,597911,6/27/2026 10:22:42 AM,90eec047-676b-4d50-9684-e8707ca80941,2.0,double distant explosion,7.104,
NARRATIVE_SECTION_END,597911,6/27/2026 10:22:42 AM,90eec047-676b-4d50-9684-e8707ca80941,2.0,,,,,,,,,,,,,,,,,,Double Distant Explosion,68,
NARRATIVE_SECTION_START,597929,6/27/2026 10:22:42 AM,90eec047-676b-4d50-9684-e8707ca80941,2.0,,,,,,,,,,,,,,,,,,Good hits hammer 1-2,69,
VOICE_CAPTURE,598034,6/27/2026 10:22:42 AM,90eec047-676b-4d50-9684-e8707ca80941,2.0,,,,,,,,,,,,,,,,,,,,,,,,,,,,,,,,,,,,,,,,,,,,,,,,,,,NA,"Two, three. Two, three.",
VOICE_CAPTURE,598034,6/27/2026 10:22:42 AM,90eec047-676b-4d50-9684-e8707ca80941,2.0,,,,,,,,,,,,,,,,,,,,,,,,,,,,,,,,,,,,,,,,,,,,,,,,,,,NA,"Two, three. Two, three.",
PLAYER_POSITIONS,598234,6/27/2026 10:22:42 AM,90eec047-676b-4d50-9684-e8707ca80941,2.0,,,,,,,,,,,,,,,,,,,,,,,,,,,,,,,,,,,"(-12.5, 0.9, 4.3)","(-12.6, 1.6, 4.6)","(-12.7, 1.1, 4.8)",
PLAYER_POSITIONS,598234,6/27/2026 10:22:42 AM,90eec047-676b-4d50-9684-e8707ca80941,2.0,,,,,,,,,,,,,,,,,,,,,,,,,,,,,,,,,,,"(-12.5, 0.9, 4.3)","(-12.6, 1.6, 4.6)","(-12.7, 1.1, 4.8)",
PLAYER_POSITIONS,598745,6/27/2026 10:22:42 AM,90eec047-676b-4d50-9684-e8707ca80941,2.0,,,,,,,,,,,,,,,,,,,,,,,,,,,,,,,,,,,"(-12.8, 0.5, 4.6)","(-12.8, 1.1, 4.7)","(-12.8, 0.4, 4.8)",
PLAYER_POSITIONS,598745,6/27/2026 10:22:42 AM,90eec047-676b-4d50-9684-e8707ca80941,2.0,,,,,,,,,,,,,,,,,,,,,,,,,,,,,,,,,,,"(-12.8, 0.5, 4.6)","(-12.8, 1.1, 4.7)","(-12.8, 0.4, 4.8)",
PLAYER_POSITIONS,599267,6/27/2026 10:22:43 AM,90eec047-676b-4d50-9684-e8707ca80941,2.0,,,,,,,,,,,,,,,,,,,,,,,,,,,,,,,,,,,"(-12.7, 0.4, 4.6)","(-12.7, 1.0, 4.6)","(-12.9, 0.2, 4.7)",
PLAYER_POSITIONS,599267,6/27/2026 10:22:43 AM,90eec047-676b-4d50-9684-e8707ca80941,2.0,,,,,,,,,,,,,,,,,,,,,,,,,,,,,,,,,,,"(-12.7, 0.4, 4.6)","(-12.7, 1.0, 4.6)","(-12.9, 0.2, 4.7)",
PULSE_TAKEN,599452,6/27/2026 10:22:43 AM,90eec047-676b-4d50-9684-e8707ca80941,2.0,,,,,,,,,,,,,,,,,,,,,,,,Military PT 2,,,,pulse_faint,
VOICE_CAPTURE,599524,6/27/2026 10:22:43 AM,90eec047-676b-4d50-9684-e8707ca80941,2.0,,,,,,,,,,,,,,,,,,,,,,,,,,,,,,,,,,,,,,,,,,,,,,,,,,,NA,holy fuck,
PLAYER_POSITIONS,599779,6/27/2026 10:22:43 AM,90eec047-676b-4d50-9684-e8707ca80941,2.0,,,,,,,,,,,,,,,,,,,,,,,,,,,,,,,,,,,"(-12.6, 0.4, 4.6)","(-12.8, 0.9, 4.6)","(-13.0, 0.2, 4.6)",
PLAYER_POSITIONS,599779,6/27/2026 10:22:43 AM,90eec047-676b-4d50-9684-e8707ca80941,2.0,,,,,,,,,,,,,,,,,,,,,,,,,,,,,,,,,,,"(-12.6, 0.4, 4.6)","(-12.8, 0.9, 4.6)","(-13.0, 0.2, 4.6)",
VOICE_CAPTURE,600056,6/27/2026 10:22:44 AM,90eec047-676b-4d50-9684-e8707ca80941,2.0,,,,,,,,,,,,,,,,,,,,,,,,,,,,,,,,,,,,,,,,,,,,,,,,,,,NA,"holy fuck Holy fuck, what do I do?",
PLAYER_POSITIONS,600278,6/27/2026 10:22:44 AM,90eec047-676b-4d50-9684-e8707ca80941,2.0,,,,,,,,,,,,,,,,,,,,,,,,,,,,,,,,,,,"(-12.6, 0.4, 4.7)","(-12.8, 0.9, 4.5)","(-13.0, 0.1, 4.6)",
PLAYER_POSITIONS,600278,6/27/2026 10:22:44 AM,90eec047-676b-4d50-9684-e8707ca80941,2.0,,,,,,,,,,,,,,,,,,,,,,,,,,,,,,,,,,,"(-12.6, 0.4, 4.7)","(-12.8, 0.9, 4.5)","(-13.0, 0.1, 4.6)",
VOICE_CAPTURE,600556,6/27/2026 10:22:44 AM,90eec047-676b-4d50-9684-e8707ca80941,2.0,,,,,,,,,,,,,,,,,,,,,,,,,,,,,,,,,,,,,,,,,,,,,,,,,,,NA,"holy fuck Holy fuck, what do I do with you?",
PLAYER_POSITIONS,600801,6/27/2026 10:22:44 AM,90eec047-676b-4d50-9684-e8707ca80941,2.0,,,,,,,,,,,,,,,,,,,,,,,,,,,,,,,,,,,"(-12.6, 0.4, 4.7)","(-12.8, 0.9, 4.5)","(-13.0, 0.1, 4.6)",
PLAYER_POSITIONS,600801,6/27/2026 10:22:44 AM,90eec047-676b-4d50-9684-e8707ca80941,2.0,,,,,,,,,,,,,,,,,,,,,,,,,,,,,,,,,,,"(-12.6, 0.4, 4.7)","(-12.8, 0.9, 4.5)","(-13.0, 0.1, 4.6)",
AUDIO_START,600918,6/27/2026 10:22:45 AM,90eec047-676b-4d50-9684-e8707ca80941,2.0,good hits hammer 1 2,4.571429,
VOICE_CAPTURE,601114,6/27/2026 10:22:45 AM,90eec047-676b-4d50-9684-e8707ca80941,2.0,,,,,,,,,,,,,,,,,,,,,,,,,,,,,,,,,,,,,,,,,,,,,,,,,,,NA,"holy fuck Holy fuck, what do I do with you?",
VOICE_CAPTURE,601114,6/27/2026 10:22:45 AM,90eec047-676b-4d50-9684-e8707ca80941,2.0,,,,,,,,,,,,,,,,,,,,,,,,,,,,,,,,,,,,,,,,,,,,,,,,,,,NA,"holy fuck Holy fuck, what do I do with you?",
PLAYER_POSITIONS,601302,6/27/2026 10:22:45 AM,90eec047-676b-4d50-9684-e8707ca80941,2.0,,,,,,,,,,,,,,,,,,,,,,,,,,,,,,,,,,,"(-12.6, 0.4, 4.7)","(-12.8, 0.9, 4.5)","(-13.0, 0.2, 4.6)",
PLAYER_POSITIONS,601302,6/27/2026 10:22:45 AM,90eec047-676b-4d50-9684-e8707ca80941,2.0,,,,,,,,,,,,,,,,,,,,,,,,,,,,,,,,,,,"(-12.6, 0.4, 4.7)","(-12.8, 0.9, 4.5)","(-13.0, 0.2, 4.6)",
PLAYER_POSITIONS,601822,6/27/2026 10:22:45 AM,90eec047-676b-4d50-9684-e8707ca80941,2.0,,,,,,,,,,,,,,,,,,,,,,,,,,,,,,,,,,,"(-12.6, 0.4, 4.6)","(-12.7, 0.9, 4.4)","(-13.0, 0.2, 4.6)",
PLAYER_POSITIONS,601822,6/27/2026 10:22:45 AM,90eec047-676b-4d50-9684-e8707ca80941,2.0,,,,,,,,,,,,,,,,,,,,,,,,,,,,,,,,,,,"(-12.6, 0.4, 4.6)","(-12.7, 0.9, 4.4)","(-13.0, 0.2, 4.6)",
PLAYER_POSITIONS,602342,6/27/2026 10:22:46 AM,90eec047-676b-4d50-9684-e8707ca80941,2.0,,,,,,,,,,,,,,,,,,,,,,,,,,,,,,,,,,,"(-12.6, 0.4, 4.6)","(-12.8, 0.9, 4.5)","(-12.9, 0.3, 4.7)",
PLAYER_POSITIONS,602342,6/27/2026 10:22:46 AM,90eec047-676b-4d50-9684-e8707ca80941,2.0,,,,,,,,,,,,,,,,,,,,,,,,,,,,,,,,,,,"(-12.6, 0.4, 4.6)","(-12.8, 0.9, 4.5)","(-12.9, 0.3, 4.7)",
DRAG_STOP,602454,6/27/2026 10:22:46 AM,90eec047-676b-4d50-9684-e8707ca80941,2.0,,,,,"(-14.1, 0.0, 3.6)","(-14.1, 0.0, 3.7)",,,,,,,,,,,,,,,,,,Military PT 2,
VOICE_CAPTURE,602521,6/27/2026 10:22:46 AM,90eec047-676b-4d50-9684-e8707ca80941,2.0,,,,,,,,,,,,,,,,,,,,,,,,,,,,,,,,,,,,,,,,,,,,,,,,,,,NA,Bye.,
PLAYER_POSITIONS,602853,6/27/2026 10:22:46 AM,90eec047-676b-4d50-9684-e8707ca80941,2.0,,,,,,,,,,,,,,,,,,,,,,,,,,,,,,,,,,,"(-12.6, 0.4, 4.7)","(-12.7, 0.9, 4.6)","(-12.7, 0.3, 4.7)",
PLAYER_POSITIONS,602853,6/27/2026 10:22:46 AM,90eec047-676b-4d50-9684-e8707ca80941,2.0,,,,,,,,,,,,,,,,,,,,,,,,,,,,,,,,,,,"(-12.6, 0.4, 4.7)","(-12.7, 0.9, 4.6)","(-12.7, 0.3, 4.7)",
VOICE_CAPTURE,603032,6/27/2026 10:22:47 AM,90eec047-676b-4d50-9684-e8707ca80941,2.0,,,,,,,,,,,,,,,,,,,,,,,,,,,,,,,,,,,,,,,,,,,,,,,,,,,NA,Bye.,
PLAYER_POSITIONS,603356,6/27/2026 10:22:47 AM,90eec047-676b-4d50-9684-e8707ca80941,2.0,,,,,,,,,,,,,,,,,,,,,,,,,,,,,,,,,,,"(-12.8, 0.4, 4.8)","(-12.9, 1.0, 4.8)","(-12.9, 0.3, 4.8)",
PLAYER_POSITIONS,603356,6/27/2026 10:22:47 AM,90eec047-676b-4d50-9684-e8707ca80941,2.0,,,,,,,,,,,,,,,,,,,,,,,,,,,,,,,,,,,"(-12.8, 0.4, 4.8)","(-12.9, 1.0, 4.8)","(-12.9, 0.3, 4.8)",
VOICE_CAPTURE,603533,6/27/2026 10:22:47 AM,90eec047-676b-4d50-9684-e8707ca80941,2.0,,,,,,,,,,,,,,,,,,,,,,,,,,,,,,,,,,,,,,,,,,,,,,,,,,,NA,Bye.,
PATIENT_DISENGAGED,603796,6/27/2026 10:22:47 AM,90eec047-676b-4d50-9684-e8707ca80941,2.0,,,,7.1,,,,,,,,,,,,,,,,restricted,100,Infinity,normal,Military PT 2,agony,supine,"(-12.6, 0.0, 4.0)",faint,"(0.0, 1.0, 0.0, -0.1)",normal,EXPECTANT,still,,,,,,,,,,,,,,,,,32.14,
PATIENT_ENGAGED,603796,6/27/2026 10:22:47 AM,90eec047-676b-4d50-9684-e8707ca80941,2.0,,,,0,,,,,,,,,,,,,,,,normal,100,Infinity,normal,Civilian PT 3,upset,supine,"(-14.1, 0.0, 5.1)",normal,"(0.0, 0.8, 0.0, 0.6)",normal,DELAYED,still,,,,,,,,,,,,,,,,,34.31,
PLAYER_POSITIONS,603867,6/27/2026 10:22:47 AM,90eec047-676b-4d50-9684-e8707ca80941,2.0,,,,,,,,,,,,,,,,,,,,,,,,,,,,,,,,,,,"(-13.1, 0.4, 4.9)","(-13.3, 1.1, 4.9)","(-13.3, 0.4, 4.9)",
PLAYER_GAZE,603867,6/27/2026 10:22:47 AM,90eec047-676b-4d50-9684-e8707ca80941,2.0,,,,,,,,,,,,,,,,,,,,,,,,Civilian PT 3,,,,,,,,,"(0.6, 1.1, -0.2)",,,"(-13.9, 0.0, 5.1)",
PLAYER_POSITIONS,603867,6/27/2026 10:22:47 AM,90eec047-676b-4d50-9684-e8707ca80941,2.0,,,,,,,,,,,,,,,,,,,,,,,,,,,,,,,,,,,"(-13.1, 0.4, 4.9)","(-13.3, 1.1, 4.9)","(-13.3, 0.4, 4.9)",
PLAYER_GAZE,603867,6/27/2026 10:22:47 AM,90eec047-676b-4d50-9684-e8707ca80941,2.0,,,,,,,,,,,,,,,,,,,,,,,,Civilian PT 3,,,,,,,,,"(0.6, 1.1, -0.2)",,,"(-13.9, 0.0, 5.1)",
PLAYER_POSITIONS,604388,6/27/2026 10:22:48 AM,90eec047-676b-4d50-9684-e8707ca80941,2.0,,,,,,,,,,,,,,,,,,,,,,,,,,,,,,,,,,,"(-13.3, 0.6, 4.9)","(-13.6, 1.3, 4.9)","(-13.4, 0.5, 4.9)",
PLAYER_GAZE,604388,6/27/2026 10:22:48 AM,90eec047-676b-4d50-9684-e8707ca80941,2.0,,,,,,,,,,,,,,,,,,,,,,,,Civilian PT 3,,,,,,,,,"(0.2, 1.3, -0.1)",,,"(-13.9, 0.0, 5.1)",
PLAYER_POSITIONS,604388,6/27/2026 10:22:48 AM,90eec047-676b-4d50-9684-e8707ca80941,2.0,,,,,,,,,,,,,,,,,,,,,,,,,,,,,,,,,,,"(-13.3, 0.6, 4.9)","(-13.6, 1.3, 4.9)","(-13.4, 0.5, 4.9)",
PLAYER_GAZE,604388,6/27/2026 10:22:48 AM,90eec047-676b-4d50-9684-e8707ca80941,2.0,,,,,,,,,,,,,,,,,,,,,,,,Civilian PT 3,,,,,,,,,"(0.2, 1.3, -0.1)",,,"(-13.9, 0.0, 5.1)",
PLAYER_POSITIONS,604902,6/27/2026 10:22:49 AM,90eec047-676b-4d50-9684-e8707ca80941,2.0,,,,,,,,,,,,,,,,,,,,,,,,,,,,,,,,,,,"(-13.6, 0.8, 4.7)","(-13.9, 1.5, 4.8)","(-13.5, 0.6, 4.9)",
PLAYER_POSITIONS,604902,6/27/2026 10:22:49 AM,90eec047-676b-4d50-9684-e8707ca80941,2.0,,,,,,,,,,,,,,,,,,,,,,,,,,,,,,,,,,,"(-13.6, 0.8, 4.7)","(-13.9, 1.5, 4.8)","(-13.5, 0.6, 4.9)",
PLAYER_POSITIONS,605414,6/27/2026 10:22:49 AM,90eec047-676b-4d50-9684-e8707ca80941,2.0,,,,,,,,,,,,,,,,,,,,,,,,,,,,,,,,,,,"(-13.9, 1.0, 4.4)","(-14.0, 1.7, 4.6)","(-14.0, 1.0, 4.8)",
PLAYER_POSITIONS,605414,6/27/2026 10:22:49 AM,90eec047-676b-4d50-9684-e8707ca80941,2.0,,,,,,,,,,,,,,,,,,,,,,,,,,,,,,,,,,,"(-13.9, 1.0, 4.4)","(-14.0, 1.7, 4.6)","(-14.0, 1.0, 4.8)",
AUDIO_END,605492,6/27/2026 10:22:49 AM,90eec047-676b-4d50-9684-e8707ca80941,2.0,good hits hammer 1 2,4.571429,
NARRATIVE_SECTION_END,605492,6/27/2026 10:22:49 AM,90eec047-676b-4d50-9684-e8707ca80941,2.0,,,,,,,,,,,,,,,,,,Good hits hammer 1-2,69,
NARRATIVE_SECTION_START,605554,6/27/2026 10:22:49 AM,90eec047-676b-4d50-9684-e8707ca80941,2.0,,,,,,,,,,,,,,,,,,Bravo be advised sniper,70,
PLAYER_POSITIONS,605925,6/27/2026 10:22:50 AM,90eec047-676b-4d50-9684-e8707ca80941,2.0,,,,,,,,,,,,,,,,,,,,,,,,,,,,,,,,,,,"(-13.9, 1.0, 4.4)","(-14.1, 1.7, 4.7)","(-14.2, 0.9, 4.7)",
PLAYER_GAZE,605925,6/27/2026 10:22:50 AM,90eec047-676b-4d50-9684-e8707ca80941,2.0,,,,,,,,,,,,,,,,,,,,,,,,Civilian PT 3,,,,,,,,,"(-0.2, 1.7, -0.4)",,,"(-13.9, 0.0, 5.1)",
PLAYER_POSITIONS,605925,6/27/2026 10:22:50 AM,90eec047-676b-4d50-9684-e8707ca80941,2.0,,,,,,,,,,,,,,,,,,,,,,,,,,,,,,,,,,,"(-13.9, 1.0, 4.4)","(-14.1, 1.7, 4.7)","(-14.2, 0.9, 4.7)",
PLAYER_GAZE,605925,6/27/2026 10:22:50 AM,90eec047-676b-4d50-9684-e8707ca80941,2.0,,,,,,,,,,,,,,,,,,,,,,,,Civilian PT 3,,,,,,,,,"(-0.2, 1.7, -0.4)",,,"(-13.9, 0.0, 5.1)",
PLAYER_POSITIONS,606447,6/27/2026 10:22:50 AM,90eec047-676b-4d50-9684-e8707ca80941,2.0,,,,,,,,,,,,,,,,,,,,,,,,,,,,,,,,,,,"(-14.1, 1.0, 4.5)","(-14.3, 1.8, 4.8)","(-14.4, 0.9, 4.7)",
PLAYER_POSITIONS,606447,6/27/2026 10:22:50 AM,90eec047-676b-4d50-9684-e8707ca80941,2.0,,,,,,,,,,,,,,,,,,,,,,,,,,,,,,,,,,,"(-14.1, 1.0, 4.5)","(-14.3, 1.8, 4.8)","(-14.4, 0.9, 4.7)",
PLAYER_POSITIONS,607012,6/27/2026 10:22:51 AM,90eec047-676b-4d50-9684-e8707ca80941,2.0,,,,,,,,,,,,,,,,,,,,,,,,,,,,,,,,,,,"(-14.1, 1.0, 4.4)","(-14.2, 1.9, 4.7)","(-14.3, 0.9, 4.8)",
PLAYER_POSITIONS,607012,6/27/2026 10:22:51 AM,90eec047-676b-4d50-9684-e8707ca80941,2.0,,,,,,,,,,,,,,,,,,,,,,,,,,,,,,,,,,,"(-14.1, 1.0, 4.4)","(-14.2, 1.9, 4.7)","(-14.3, 0.9, 4.8)",
PLAYER_POSITIONS,607525,6/27/2026 10:22:51 AM,90eec047-676b-4d50-9684-e8707ca80941,2.0,,,,,,,,,,,,,,,,,,,,,,,,,,,,,,,,,,,"(-14.2, 1.0, 4.5)","(-14.2, 1.8, 4.7)","(-14.3, 1.0, 4.8)",
PLAYER_GAZE,607525,6/27/2026 10:22:51 AM,90eec047-676b-4d50-9684-e8707ca80941,2.0,,,,,,,,,,,,,,,,,,,,,,,,Military PT 13,,,,,,,,,"(1.0, 1.8, -0.2)",,,"(-15.2, 0.0, 5.0)",
PLAYER_POSITIONS,607525,6/27/2026 10:22:51 AM,90eec047-676b-4d50-9684-e8707ca80941,2.0,,,,,,,,,,,,,,,,,,,,,,,,,,,,,,,,,,,"(-14.2, 1.0, 4.5)","(-14.2, 1.8, 4.7)","(-14.3, 1.0, 4.8)",
PLAYER_GAZE,607525,6/27/2026 10:22:51 AM,90eec047-676b-4d50-9684-e8707ca80941,2.0,,,,,,,,,,,,,,,,,,,,,,,,Military PT 13,,,,,,,,,"(1.0, 1.8, -0.2)",,,"(-15.2, 0.0, 5.0)",
VOICE_CAPTURE,607525,6/27/2026 10:22:51 AM,90eec047-676b-4d50-9684-e8707ca80941,2.0,,,,,,,,,,,,,,,,,,,,,,,,,,,,,,,,,,,,,,,,,,,,,,,,,,,NA,Are you in pain?,
VOICE_CAPTURE,608012,6/27/2026 10:22:52 AM,90eec047-676b-4d50-9684-e8707ca80941,2.0,,,,,,,,,,,,,,,,,,,,,,,,,,,,,,,,,,,,,,,,,,,,,,,,,,,NA,Are you in pain?,
VOICE_CAPTURE,608012,6/27/2026 10:22:52 AM,90eec047-676b-4d50-9684-e8707ca80941,2.0,,,,,,,,,,,,,,,,,,,,,,,,,,,,,,,,,,,,,,,,,,,,,,,,,,,NA,Are you in pain?,
VOICE_COMMAND,608012,6/27/2026 10:22:52 AM,90eec047-676b-4d50-9684-e8707ca80941,2.0,,,,,,,,,,,,,,,,,,,,,,,,Civilian PT 3,,,,,,,,,,,,,,,,,,,,,,,,,,,Are you in pain?,are you in pain,
PLAYER_POSITIONS,608034,6/27/2026 10:22:52 AM,90eec047-676b-4d50-9684-e8707ca80941,2.0,,,,,,,,,,,,,,,,,,,,,,,,,,,,,,,,,,,"(-14.1, 1.1, 4.4)","(-14.2, 1.8, 4.6)","(-14.3, 0.9, 4.8)",
PLAYER_POSITIONS,608034,6/27/2026 10:22:52 AM,90eec047-676b-4d50-9684-e8707ca80941,2.0,,,,,,,,,,,,,,,,,,,,,,,,,,,,,,,,,,,"(-14.1, 1.1, 4.4)","(-14.2, 1.8, 4.6)","(-14.3, 0.9, 4.8)",
PLAYER_POSITIONS,608545,6/27/2026 10:22:52 AM,90eec047-676b-4d50-9684-e8707ca80941,2.0,,,,,,,,,,,,,,,,,,,,,,,,,,,,,,,,,,,"(-14.0, 1.0, 4.4)","(-14.2, 1.7, 4.7)","(-14.3, 0.9, 4.7)",
PLAYER_POSITIONS,608545,6/27/2026 10:22:52 AM,90eec047-676b-4d50-9684-e8707ca80941,2.0,,,,,,,,,,,,,,,,,,,,,,,,,,,,,,,,,,,"(-14.0, 1.0, 4.4)","(-14.2, 1.7, 4.7)","(-14.3, 0.9, 4.7)",
PLAYER_POSITIONS,609057,6/27/2026 10:22:53 AM,90eec047-676b-4d50-9684-e8707ca80941,2.0,,,,,,,,,,,,,,,,,,,,,,,,,,,,,,,,,,,"(-14.0, 1.0, 4.4)","(-14.2, 1.7, 4.6)","(-14.4, 1.0, 4.6)",
PLAYER_POSITIONS,609057,6/27/2026 10:22:53 AM,90eec047-676b-4d50-9684-e8707ca80941,2.0,,,,,,,,,,,,,,,,,,,,,,,,,,,,,,,,,,,"(-14.0, 1.0, 4.4)","(-14.2, 1.7, 4.6)","(-14.4, 1.0, 4.6)",
PLAYER_POSITIONS,609561,6/27/2026 10:22:53 AM,90eec047-676b-4d50-9684-e8707ca80941,2.0,,,,,,,,,,,,,,,,,,,,,,,,,,,,,,,,,,,"(-14.0, 1.0, 4.4)","(-14.2, 1.7, 4.6)","(-14.4, 0.9, 4.7)",
PLAYER_POSITIONS,609561,6/27/2026 10:22:53 AM,90eec047-676b-4d50-9684-e8707ca80941,2.0,,,,,,,,,,,,,,,,,,,,,,,,,,,,,,,,,,,"(-14.0, 1.0, 4.4)","(-14.2, 1.7, 4.6)","(-14.4, 0.9, 4.7)",
PLAYER_POSITIONS,610075,6/27/2026 10:22:54 AM,90eec047-676b-4d50-9684-e8707ca80941,2.0,,,,,,,,,,,,,,,,,,,,,,,,,,,,,,,,,,,"(-14.0, 1.0, 4.5)","(-14.1, 1.8, 4.6)","(-14.2, 0.9, 4.8)",
PLAYER_POSITIONS,610075,6/27/2026 10:22:54 AM,90eec047-676b-4d50-9684-e8707ca80941,2.0,,,,,,,,,,,,,,,,,,,,,,,,,,,,,,,,,,,"(-14.0, 1.0, 4.5)","(-14.1, 1.8, 4.6)","(-14.2, 0.9, 4.8)",
EVAC_RADIO_ALERT,610462,6/27/2026 10:22:54 AM,90eec047-676b-4d50-9684-e8707ca80941,2.0,,,,,,,,1,
AUDIO_START,610469,6/27/2026 10:22:54 AM,90eec047-676b-4d50-9684-e8707ca80941,2.0,evac in 30 seconds,5.172245,
PLAYER_POSITIONS,610595,6/27/2026 10:22:54 AM,90eec047-676b-4d50-9684-e8707ca80941,2.0,,,,,,,,,,,,,,,,,,,,,,,,,,,,,,,,,,,"(-13.8, 1.0, 4.5)","(-14.0, 1.8, 4.7)","(-14.2, 0.9, 4.8)",
PLAYER_POSITIONS,610595,6/27/2026 10:22:54 AM,90eec047-676b-4d50-9684-e8707ca80941,2.0,,,,,,,,,,,,,,,,,,,,,,,,,,,,,,,,,,,"(-13.8, 1.0, 4.5)","(-14.0, 1.8, 4.7)","(-14.2, 0.9, 4.8)",
PLAYER_POSITIONS,611099,6/27/2026 10:22:55 AM,90eec047-676b-4d50-9684-e8707ca80941,2.0,,,,,,,,,,,,,,,,,,,,,,,,,,,,,,,,,,,"(-14.1, 0.7, 4.6)","(-14.3, 1.3, 4.7)","(-14.2, 0.7, 4.7)",
PLAYER_GAZE,611099,6/27/2026 10:22:55 AM,90eec047-676b-4d50-9684-e8707ca80941,2.0,,,,,,,,,,,,,,,,,,,,,,,,Civilian PT 3,,,,,,,,,"(-0.4, 1.3, -0.4)",,,"(-13.9, 0.0, 5.1)",
PLAYER_POSITIONS,611099,6/27/2026 10:22:55 AM,90eec047-676b-4d50-9684-e8707ca80941,2.0,,,,,,,,,,,,,,,,,,,,,,,,,,,,,,,,,,,"(-14.1, 0.7, 4.6)","(-14.3, 1.3, 4.7)","(-14.2, 0.7, 4.7)",
PLAYER_GAZE,611099,6/27/2026 10:22:55 AM,90eec047-676b-4d50-9684-e8707ca80941,2.0,,,,,,,,,,,,,,,,,,,,,,,,Civilian PT 3,,,,,,,,,"(-0.4, 1.3, -0.4)",,,"(-13.9, 0.0, 5.1)",
PLAYER_POSITIONS,611619,6/27/2026 10:22:55 AM,90eec047-676b-4d50-9684-e8707ca80941,2.0,,,,,,,,,,,,,,,,,,,,,,,,,,,,,,,,,,,"(-14.4, 0.5, 4.6)","(-14.4, 0.9, 4.5)","(-14.5, 0.2, 4.6)",
PLAYER_POSITIONS,611619,6/27/2026 10:22:55 AM,90eec047-676b-4d50-9684-e8707ca80941,2.0,,,,,,,,,,,,,,,,,,,,,,,,,,,,,,,,,,,"(-14.4, 0.5, 4.6)","(-14.4, 0.9, 4.5)","(-14.5, 0.2, 4.6)",
PLAYER_POSITIONS,612142,6/27/2026 10:22:56 AM,90eec047-676b-4d50-9684-e8707ca80941,2.0,,,,,,,,,,,,,,,,,,,,,,,,,,,,,,,,,,,"(-14.3, 0.5, 4.6)","(-14.4, 0.9, 4.6)","(-14.4, 0.2, 4.5)",
PLAYER_POSITIONS,612142,6/27/2026 10:22:56 AM,90eec047-676b-4d50-9684-e8707ca80941,2.0,,,,,,,,,,,,,,,,,,,,,,,,,,,,,,,,,,,"(-14.3, 0.5, 4.6)","(-14.4, 0.9, 4.6)","(-14.4, 0.2, 4.5)",
DRAG_STOP,612622,6/27/2026 10:22:56 AM,90eec047-676b-4d50-9684-e8707ca80941,2.0,,,,,"(-14.1, 0.0, 3.6)","(-14.1, 0.0, 3.7)",,,,,,,,,,,,,,,,,,Civilian PT 3,
PLAYER_POSITIONS,612642,6/27/2026 10:22:56 AM,90eec047-676b-4d50-9684-e8707ca80941,2.0,,,,,,,,,,,,,,,,,,,,,,,,,,,,,,,,,,,"(-14.3, 0.5, 4.6)","(-14.4, 0.9, 4.5)","(-14.5, 0.3, 4.6)",
PLAYER_POSITIONS,612642,6/27/2026 10:22:56 AM,90eec047-676b-4d50-9684-e8707ca80941,2.0,,,,,,,,,,,,,,,,,,,,,,,,,,,,,,,,,,,"(-14.3, 0.5, 4.6)","(-14.4, 0.9, 4.5)","(-14.5, 0.3, 4.6)",
PLAYER_POSITIONS,613153,6/27/2026 10:22:57 AM,90eec047-676b-4d50-9684-e8707ca80941,2.0,,,,,,,,,,,,,,,,,,,,,,,,,,,,,,,,,,,"(-14.4, 0.4, 4.5)","(-14.5, 0.9, 4.5)","(-14.5, 0.3, 4.5)",
PLAYER_POSITIONS,613153,6/27/2026 10:22:57 AM,90eec047-676b-4d50-9684-e8707ca80941,2.0,,,,,,,,,,,,,,,,,,,,,,,,,,,,,,,,,,,"(-14.4, 0.4, 4.5)","(-14.5, 0.9, 4.5)","(-14.5, 0.3, 4.5)",
VOICE_CAPTURE,613562,6/27/2026 10:22:57 AM,90eec047-676b-4d50-9684-e8707ca80941,2.0,,,,,,,,,,,,,,,,,,,,,,,,,,,,,,,,,,,,,,,,,,,,,,,,,,,NA,How was your breathing?,
PLAYER_POSITIONS,613674,6/27/2026 10:22:57 AM,90eec047-676b-4d50-9684-e8707ca80941,2.0,,,,,,,,,,,,,,,,,,,,,,,,,,,,,,,,,,,"(-14.4, 0.4, 4.5)","(-14.4, 0.9, 4.6)","(-14.5, 0.2, 4.6)",
PLAYER_POSITIONS,613674,6/27/2026 10:22:57 AM,90eec047-676b-4d50-9684-e8707ca80941,2.0,,,,,,,,,,,,,,,,,,,,,,,,,,,,,,,,,,,"(-14.4, 0.4, 4.5)","(-14.4, 0.9, 4.6)","(-14.5, 0.2, 4.6)",
VOICE_CAPTURE,614030,6/27/2026 10:22:58 AM,90eec047-676b-4d50-9684-e8707ca80941,2.0,,,,,,,,,,,,,,,,,,,,,,,,,,,,,,,,,,,,,,,,,,,,,,,,,,,NA,How was your breathing?,
VOICE_CAPTURE,614030,6/27/2026 10:22:58 AM,90eec047-676b-4d50-9684-e8707ca80941,2.0,,,,,,,,,,,,,,,,,,,,,,,,,,,,,,,,,,,,,,,,,,,,,,,,,,,NA,How was your breathing?,
VOICE_COMMAND,614030,6/27/2026 10:22:58 AM,90eec047-676b-4d50-9684-e8707ca80941,2.0,,,,,,,,,,,,,,,,,,,,,,,,,,,,,,,,,,,,,,,,,,,,,,,,,,,How was your breathing?,can you breathe,
PLAYER_POSITIONS,614183,6/27/2026 10:22:58 AM,90eec047-676b-4d50-9684-e8707ca80941,2.0,,,,,,,,,,,,,,,,,,,,,,,,,,,,,,,,,,,"(-14.4, 0.4, 4.5)","(-14.4, 0.9, 4.6)","(-14.5, 0.2, 4.5)",
PLAYER_POSITIONS,614183,6/27/2026 10:22:58 AM,90eec047-676b-4d50-9684-e8707ca80941,2.0,,,,,,,,,,,,,,,,,,,,,,,,,,,,,,,,,,,"(-14.4, 0.4, 4.5)","(-14.4, 0.9, 4.6)","(-14.5, 0.2, 4.5)",
DRAG_STOP,614297,6/27/2026 10:22:58 AM,90eec047-676b-4d50-9684-e8707ca80941,2.0,,,,,"(-14.1, 0.0, 3.6)","(-14.1, 0.0, 3.7)",,,,,,,,,,,,,,,,,,Civilian PT 3,
PLAYER_POSITIONS,614696,6/27/2026 10:22:58 AM,90eec047-676b-4d50-9684-e8707ca80941,2.0,,,,,,,,,,,,,,,,,,,,,,,,,,,,,,,,,,,"(-14.5, 0.4, 4.5)","(-14.4, 0.9, 4.5)","(-14.5, 0.3, 4.5)",
PLAYER_POSITIONS,614696,6/27/2026 10:22:58 AM,90eec047-676b-4d50-9684-e8707ca80941,2.0,,,,,,,,,,,,,,,,,,,,,,,,,,,,,,,,,,,"(-14.5, 0.4, 4.5)","(-14.4, 0.9, 4.5)","(-14.5, 0.3, 4.5)",
PULSE_TAKEN,614937,6/27/2026 10:22:59 AM,90eec047-676b-4d50-9684-e8707ca80941,2.0,,,,,,,,,,,,,,,,,,,,,,,,Civilian PT 3,,,,pulse_normal,
VOICE_CAPTURE,615008,6/27/2026 10:22:59 AM,90eec047-676b-4d50-9684-e8707ca80941,2.0,,,,,,,,,,,,,,,,,,,,,,,,,,,,,,,,,,,,,,,,,,,,,,,,,,,NA,How was your breathing?,
PLAYER_POSITIONS,615207,6/27/2026 10:22:59 AM,90eec047-676b-4d50-9684-e8707ca80941,2.0,,,,,,,,,,,,,,,,,,,,,,,,,,,,,,,,,,,"(-14.4, 0.4, 4.4)","(-14.5, 0.8, 4.5)","(-14.8, 0.2, 4.6)",
PLAYER_POSITIONS,615207,6/27/2026 10:22:59 AM,90eec047-676b-4d50-9684-e8707ca80941,2.0,,,,,,,,,,,,,,,,,,,,,,,,,,,,,,,,,,,"(-14.4, 0.4, 4.4)","(-14.5, 0.8, 4.5)","(-14.8, 0.2, 4.6)",
VOICE_CAPTURE,615520,6/27/2026 10:22:59 AM,90eec047-676b-4d50-9684-e8707ca80941,2.0,,,,,,,,,,,,,,,,,,,,,,,,,,,,,,,,,,,,,,,,,,,,,,,,,,,NA,How was your breathing?,
AUDIO_START,615547,6/27/2026 10:22:59 AM,90eec047-676b-4d50-9684-e8707ca80941,2.0,bravo be advised sniper,5.537959,
AUDIO_END,615650,6/27/2026 10:22:59 AM,90eec047-676b-4d50-9684-e8707ca80941,2.0,evac in 30 seconds,5.172245,
PLAYER_POSITIONS,615718,6/27/2026 10:22:59 AM,90eec047-676b-4d50-9684-e8707ca80941,2.0,,,,,,,,,,,,,,,,,,,,,,,,,,,,,,,,,,,"(-14.4, 0.4, 4.5)","(-14.5, 0.9, 4.5)","(-14.8, 0.2, 4.6)",
PLAYER_POSITIONS,615718,6/27/2026 10:22:59 AM,90eec047-676b-4d50-9684-e8707ca80941,2.0,,,,,,,,,,,,,,,,,,,,,,,,,,,,,,,,,,,"(-14.4, 0.4, 4.5)","(-14.5, 0.9, 4.5)","(-14.8, 0.2, 4.6)",
PLAYER_POSITIONS,616219,6/27/2026 10:23:00 AM,90eec047-676b-4d50-9684-e8707ca80941,2.0,,,,,,,,,,,,,,,,,,,,,,,,,,,,,,,,,,,"(-14.5, 0.5, 4.5)","(-14.4, 1.0, 4.4)","(-14.6, 0.3, 4.5)",
PLAYER_POSITIONS,616219,6/27/2026 10:23:00 AM,90eec047-676b-4d50-9684-e8707ca80941,2.0,,,,,,,,,,,,,,,,,,,,,,,,,,,,,,,,,,,"(-14.5, 0.5, 4.5)","(-14.4, 1.0, 4.4)","(-14.6, 0.3, 4.5)",
DRAG_STOP,616265,6/27/2026 10:23:00 AM,90eec047-676b-4d50-9684-e8707ca80941,2.0,,,,,"(-14.1, 0.0, 3.6)","(-14.1, 0.0, 3.7)",,,,,,,,,,,,,,,,,,Civilian PT 3,
PLAYER_POSITIONS,616739,6/27/2026 10:23:00 AM,90eec047-676b-4d50-9684-e8707ca80941,2.0,,,,,,,,,,,,,,,,,,,,,,,,,,,,,,,,,,,"(-14.4, 0.4, 4.4)","(-14.3, 1.1, 4.4)","(-14.4, 0.4, 4.5)",
PLAYER_POSITIONS,616739,6/27/2026 10:23:00 AM,90eec047-676b-4d50-9684-e8707ca80941,2.0,,,,,,,,,,,,,,,,,,,,,,,,,,,,,,,,,,,"(-14.4, 0.4, 4.4)","(-14.3, 1.1, 4.4)","(-14.4, 0.4, 4.5)",
VOICE_CAPTURE,617047,6/27/2026 10:23:01 AM,90eec047-676b-4d50-9684-e8707ca80941,2.0,,,,,,,,,,,,,,,,,,,,,,,,,,,,,,,,,,,,,,,,,,,,,,,,,,,NA,Okay.,
PLAYER_POSITIONS,617244,6/27/2026 10:23:01 AM,90eec047-676b-4d50-9684-e8707ca80941,2.0,,,,,,,,,,,,,,,,,,,,,,,,,,,,,,,,,,,"(-14.1, 0.8, 4.1)","(-14.1, 1.7, 4.3)","(-14.2, 0.7, 4.5)",
PLAYER_POSITIONS,617244,6/27/2026 10:23:01 AM,90eec047-676b-4d50-9684-e8707ca80941,2.0,,,,,,,,,,,,,,,,,,,,,,,,,,,,,,,,,,,"(-14.1, 0.8, 4.1)","(-14.1, 1.7, 4.3)","(-14.2, 0.7, 4.5)",
VOICE_CAPTURE,617524,6/27/2026 10:23:01 AM,90eec047-676b-4d50-9684-e8707ca80941,2.0,,,,,,,,,,,,,,,,,,,,,,,,,,,,,,,,,,,,,,,,,,,,,,,,,,,NA,Okay. Okay.,
PLAYER_POSITIONS,617782,6/27/2026 10:23:01 AM,90eec047-676b-4d50-9684-e8707ca80941,2.0,,,,,,,,,,,,,,,,,,,,,,,,,,,,,,,,,,,"(-14.0, 1.0, 4.0)","(-14.1, 1.8, 4.2)","(-14.5, 1.0, 4.4)",
PLAYER_POSITIONS,617782,6/27/2026 10:23:01 AM,90eec047-676b-4d50-9684-e8707ca80941,2.0,,,,,,,,,,,,,,,,,,,,,,,,,,,,,,,,,,,"(-14.0, 1.0, 4.0)","(-14.1, 1.8, 4.2)","(-14.5, 1.0, 4.4)",
VOICE_CAPTURE,618097,6/27/2026 10:23:02 AM,90eec047-676b-4d50-9684-e8707ca80941,2.0,,,,,,,,,,,,,,,,,,,,,,,,,,,,,,,,,,,,,,,,,,,,,,,,,,,NA,Okay. Okay.,
VOICE_CAPTURE,618097,6/27/2026 10:23:02 AM,90eec047-676b-4d50-9684-e8707ca80941,2.0,,,,,,,,,,,,,,,,,,,,,,,,,,,,,,,,,,,,,,,,,,,,,,,,,,,NA,Okay. Okay.,
PLAYER_POSITIONS,618357,6/27/2026 10:23:02 AM,90eec047-676b-4d50-9684-e8707ca80941,2.0,,,,,,,,,,,,,,,,,,,,,,,,,,,,,,,,,,,"(-13.9, 1.0, 4.7)","(-14.1, 1.8, 4.7)","(-14.3, 1.0, 4.5)",
PLAYER_POSITIONS,618357,6/27/2026 10:23:02 AM,90eec047-676b-4d50-9684-e8707ca80941,2.0,,,,,,,,,,,,,,,,,,,,,,,,,,,,,,,,,,,"(-13.9, 1.0, 4.7)","(-14.1, 1.8, 4.7)","(-14.3, 1.0, 4.5)",
PLAYER_POSITIONS,618918,6/27/2026 10:23:03 AM,90eec047-676b-4d50-9684-e8707ca80941,2.0,,,,,,,,,,,,,,,,,,,,,,,,,,,,,,,,,,,"(-13.8, 1.0, 4.7)","(-13.9, 1.8, 4.7)","(-14.1, 1.0, 4.5)",
PLAYER_GAZE,618918,6/27/2026 10:23:03 AM,90eec047-676b-4d50-9684-e8707ca80941,2.0,,,,,,,,,,,,,,,,,,,,,,,,Military PT 2,,,,,,,,,"(-1.3, 1.8, 0.7)",,,"(-12.6, 0.0, 4.0)",
PLAYER_POSITIONS,618918,6/27/2026 10:23:03 AM,90eec047-676b-4d50-9684-e8707ca80941,2.0,,,,,,,,,,,,,,,,,,,,,,,,,,,,,,,,,,,"(-13.8, 1.0, 4.7)","(-13.9, 1.8, 4.7)","(-14.1, 1.0, 4.5)",
PLAYER_GAZE,618918,6/27/2026 10:23:03 AM,90eec047-676b-4d50-9684-e8707ca80941,2.0,,,,,,,,,,,,,,,,,,,,,,,,Military PT 2,,,,,,,,,"(-1.3, 1.8, 0.7)",,,"(-12.6, 0.0, 4.0)",
PLAYER_POSITIONS,619454,6/27/2026 10:23:03 AM,90eec047-676b-4d50-9684-e8707ca80941,2.0,,,,,,,,,,,,,,,,,,,,,,,,,,,,,,,,,,,"(-13.5, 1.0, 4.5)","(-13.7, 1.8, 4.4)","(-13.8, 1.0, 4.2)",
PLAYER_GAZE,619454,6/27/2026 10:23:03 AM,90eec047-676b-4d50-9684-e8707ca80941,2.0,,,,,,,,,,,,,,,,,,,,,,,,Civilian PT 14,,,,,,,,,"(0.4, 1.8, 0.7)",,,"(-14.1, 0.0, 3.7)",
PLAYER_POSITIONS,619454,6/27/2026 10:23:03 AM,90eec047-676b-4d50-9684-e8707ca80941,2.0,,,,,,,,,,,,,,,,,,,,,,,,,,,,,,,,,,,"(-13.5, 1.0, 4.5)","(-13.7, 1.8, 4.4)","(-13.8, 1.0, 4.2)",
PLAYER_GAZE,619454,6/27/2026 10:23:03 AM,90eec047-676b-4d50-9684-e8707ca80941,2.0,,,,,,,,,,,,,,,,,,,,,,,,Civilian PT 14,,,,,,,,,"(0.4, 1.8, 0.7)",,,"(-14.1, 0.0, 3.7)",
PLAYER_POSITIONS,619989,6/27/2026 10:23:04 AM,90eec047-676b-4d50-9684-e8707ca80941,2.0,,,,,,,,,,,,,,,,,,,,,,,,,,,,,,,,,,,"(-13.8, 1.0, 4.2)","(-14.1, 1.8, 4.2)","(-14.3, 1.0, 4.0)",
PLAYER_POSITIONS,619989,6/27/2026 10:23:04 AM,90eec047-676b-4d50-9684-e8707ca80941,2.0,,,,,,,,,,,,,,,,,,,,,,,,,,,,,,,,,,,"(-13.8, 1.0, 4.2)","(-14.1, 1.8, 4.2)","(-14.3, 1.0, 4.0)",
PLAYER_POSITIONS,620546,6/27/2026 10:23:04 AM,90eec047-676b-4d50-9684-e8707ca80941,2.0,,,,,,,,,,,,,,,,,,,,,,,,,,,,,,,,,,,"(-14.0, 1.0, 3.3)","(-14.2, 1.8, 3.3)","(-14.3, 1.0, 3.3)",
PLAYER_POSITIONS,620546,6/27/2026 10:23:04 AM,90eec047-676b-4d50-9684-e8707ca80941,2.0,,,,,,,,,,,,,,,,,,,,,,,,,,,,,,,,,,,"(-14.0, 1.0, 3.3)","(-14.2, 1.8, 3.3)","(-14.3, 1.0, 3.3)",
PATIENT_DISENGAGED,620584,6/27/2026 10:23:04 AM,90eec047-676b-4d50-9684-e8707ca80941,2.0,,,,16.77,,,,,,,,,,,,,,,,normal,100,Infinity,normal,Civilian PT 3,upset,supine,"(-14.1, 0.0, 5.1)",normal,"(0.0, 0.8, 0.0, 0.6)",normal,DELAYED,still,,,,,,,,,,,,,,,,,51.08,
PLAYER_POSITIONS,621067,6/27/2026 10:23:05 AM,90eec047-676b-4d50-9684-e8707ca80941,2.0,,,,,,,,,,,,,,,,,,,,,,,,,,,,,,,,,,,"(-13.8, 0.9, 2.6)","(-14.1, 1.8, 2.7)","(-14.2, 1.0, 2.5)",
PLAYER_GAZE,621067,6/27/2026 10:23:05 AM,90eec047-676b-4d50-9684-e8707ca80941,2.0,,,,,,,,,,,,,,,,,,,,,,,,Civilian PT 7,,,,,,,,,"(3.5, 1.8, 2.8)",,,"(-17.6, 0.0, -0.1)",
PLAYER_POSITIONS,621067,6/27/2026 10:23:05 AM,90eec047-676b-4d50-9684-e8707ca80941,2.0,,,,,,,,,,,,,,,,,,,,,,,,,,,,,,,,,,,"(-13.8, 0.9, 2.6)","(-14.1, 1.8, 2.7)","(-14.2, 1.0, 2.5)",
PLAYER_GAZE,621067,6/27/2026 10:23:05 AM,90eec047-676b-4d50-9684-e8707ca80941,2.0,,,,,,,,,,,,,,,,,,,,,,,,Civilian PT 7,,,,,,,,,"(3.5, 1.8, 2.8)",,,"(-17.6, 0.0, -0.1)",
AUDIO_END,621099,6/27/2026 10:23:05 AM,90eec047-676b-4d50-9684-e8707ca80941,2.0,bravo be advised sniper,5.537959,
NARRATIVE_SECTION_END,621099,6/27/2026 10:23:05 AM,90eec047-676b-4d50-9684-e8707ca80941,2.0,,,,,,,,,,,,,,,,,,Bravo be advised sniper,70,
NARRATIVE_SECTION_START,621140,6/27/2026 10:23:05 AM,90eec047-676b-4d50-9684-e8707ca80941,2.0,,,,,,,,,,,,,,,,,,Bravo move to building 8 3,71,
PLAYER_POSITIONS,621582,6/27/2026 10:23:05 AM,90eec047-676b-4d50-9684-e8707ca80941,2.0,,,,,,,,,,,,,,,,,,,,,,,,,,,,,,,,,,,"(-13.9, 0.9, 2.5)","(-14.1, 1.8, 2.7)","(-14.5, 1.0, 2.8)",
PLAYER_POSITIONS,621582,6/27/2026 10:23:05 AM,90eec047-676b-4d50-9684-e8707ca80941,2.0,,,,,,,,,,,,,,,,,,,,,,,,,,,,,,,,,,,"(-13.9, 0.9, 2.5)","(-14.1, 1.8, 2.7)","(-14.5, 1.0, 2.8)",
PLAYER_POSITIONS,622087,6/27/2026 10:23:06 AM,90eec047-676b-4d50-9684-e8707ca80941,2.0,,,,,,,,,,,,,,,,,,,,,,,,,,,,,,,,,,,"(-13.7, 0.9, 1.9)","(-13.8, 1.7, 2.0)","(-14.1, 0.9, 2.1)",
PLAYER_POSITIONS,622087,6/27/2026 10:23:06 AM,90eec047-676b-4d50-9684-e8707ca80941,2.0,,,,,,,,,,,,,,,,,,,,,,,,,,,,,,,,,,,"(-13.7, 0.9, 1.9)","(-13.8, 1.7, 2.0)","(-14.1, 0.9, 2.1)",
AUDIO_START,622139,6/27/2026 10:23:06 AM,90eec047-676b-4d50-9684-e8707ca80941,2.0,bravo move to building 8 3,6.034286,
PLAYER_POSITIONS,622591,6/27/2026 10:23:06 AM,90eec047-676b-4d50-9684-e8707ca80941,2.0,,,,,,,,,,,,,,,,,,,,,,,,,,,,,,,,,,,"(-13.9, 0.8, 1.2)","(-14.2, 1.7, 1.3)","(-14.3, 0.9, 1.2)",
PLAYER_POSITIONS,622591,6/27/2026 10:23:06 AM,90eec047-676b-4d50-9684-e8707ca80941,2.0,,,,,,,,,,,,,,,,,,,,,,,,,,,,,,,,,,,"(-13.9, 0.8, 1.2)","(-14.2, 1.7, 1.3)","(-14.3, 0.9, 1.2)",
PLAYER_POSITIONS,623102,6/27/2026 10:23:07 AM,90eec047-676b-4d50-9684-e8707ca80941,2.0,,,,,,,,,,,,,,,,,,,,,,,,,,,,,,,,,,,"(-14.2, 0.9, 0.4)","(-14.5, 1.7, 0.6)","(-14.6, 0.9, 0.5)",
PLAYER_POSITIONS,623102,6/27/2026 10:23:07 AM,90eec047-676b-4d50-9684-e8707ca80941,2.0,,,,,,,,,,,,,,,,,,,,,,,,,,,,,,,,,,,"(-14.2, 0.9, 0.4)","(-14.5, 1.7, 0.6)","(-14.6, 0.9, 0.5)",
PLAYER_POSITIONS,623605,6/27/2026 10:23:07 AM,90eec047-676b-4d50-9684-e8707ca80941,2.0,,,,,,,,,,,,,,,,,,,,,,,,,,,,,,,,,,,"(-14.9, 0.9, 0.1)","(-15.1, 1.7, 0.2)","(-15.3, 0.9, 0.1)",
PLAYER_POSITIONS,623605,6/27/2026 10:23:07 AM,90eec047-676b-4d50-9684-e8707ca80941,2.0,,,,,,,,,,,,,,,,,,,,,,,,,,,,,,,,,,,"(-14.9, 0.9, 0.1)","(-15.1, 1.7, 0.2)","(-15.3, 0.9, 0.1)",
PLAYER_POSITIONS,624122,6/27/2026 10:23:08 AM,90eec047-676b-4d50-9684-e8707ca80941,2.0,,,,,,,,,,,,,,,,,,,,,,,,,,,,,,,,,,,"(-15.5, 0.9, -0.5)","(-15.8, 1.7, -0.4)","(-15.9, 0.9, -0.4)",
PLAYER_POSITIONS,624122,6/27/2026 10:23:08 AM,90eec047-676b-4d50-9684-e8707ca80941,2.0,,,,,,,,,,,,,,,,,,,,,,,,,,,,,,,,,,,"(-15.5, 0.9, -0.5)","(-15.8, 1.7, -0.4)","(-15.9, 0.9, -0.4)",
PLAYER_POSITIONS,624639,6/27/2026 10:23:08 AM,90eec047-676b-4d50-9684-e8707ca80941,2.0,,,,,,,,,,,,,,,,,,,,,,,,,,,,,,,,,,,"(-16.2, 0.9, -0.8)","(-16.5, 1.7, -0.6)","(-16.6, 0.9, -0.7)",
PLAYER_POSITIONS,624639,6/27/2026 10:23:08 AM,90eec047-676b-4d50-9684-e8707ca80941,2.0,,,,,,,,,,,,,,,,,,,,,,,,,,,,,,,,,,,"(-16.2, 0.9, -0.8)","(-16.5, 1.7, -0.6)","(-16.6, 0.9, -0.7)",
PLAYER_POSITIONS,625152,6/27/2026 10:23:09 AM,90eec047-676b-4d50-9684-e8707ca80941,2.0,,,,,,,,,,,,,,,,,,,,,,,,,,,,,,,,,,,"(-16.6, 0.9, -1.1)","(-16.9, 1.7, -0.9)","(-17.0, 0.8, -0.8)",
PLAYER_POSITIONS,625152,6/27/2026 10:23:09 AM,90eec047-676b-4d50-9684-e8707ca80941,2.0,,,,,,,,,,,,,,,,,,,,,,,,,,,,,,,,,,,"(-16.6, 0.9, -1.1)","(-16.9, 1.7, -0.9)","(-17.0, 0.8, -0.8)",
PLAYER_POSITIONS,625675,6/27/2026 10:23:09 AM,90eec047-676b-4d50-9684-e8707ca80941,2.0,,,,,,,,,,,,,,,,,,,,,,,,,,,,,,,,,,,"(-16.8, 0.9, -1.2)","(-17.0, 1.8, -1.0)","(-17.1, 0.9, -0.9)",
PLAYER_POSITIONS,625675,6/27/2026 10:23:09 AM,90eec047-676b-4d50-9684-e8707ca80941,2.0,,,,,,,,,,,,,,,,,,,,,,,,,,,,,,,,,,,"(-16.8, 0.9, -1.2)","(-17.0, 1.8, -1.0)","(-17.1, 0.9, -0.9)",
PLAYER_POSITIONS,626176,6/27/2026 10:23:10 AM,90eec047-676b-4d50-9684-e8707ca80941,2.0,,,,,,,,,,,,,,,,,,,,,,,,,,,,,,,,,,,"(-16.8, 0.9, -1.2)","(-16.9, 1.8, -1.0)","(-17.2, 0.9, -0.9)",
PLAYER_POSITIONS,626176,6/27/2026 10:23:10 AM,90eec047-676b-4d50-9684-e8707ca80941,2.0,,,,,,,,,,,,,,,,,,,,,,,,,,,,,,,,,,,"(-16.8, 0.9, -1.2)","(-16.9, 1.8, -1.0)","(-17.2, 0.9, -0.9)",
PLAYER_POSITIONS,626687,6/27/2026 10:23:10 AM,90eec047-676b-4d50-9684-e8707ca80941,2.0,,,,,,,,,,,,,,,,,,,,,,,,,,,,,,,,,,,"(-16.8, 0.9, -1.2)","(-16.9, 1.8, -1.0)","(-17.2, 0.9, -1.1)",
PLAYER_POSITIONS,626687,6/27/2026 10:23:10 AM,90eec047-676b-4d50-9684-e8707ca80941,2.0,,,,,,,,,,,,,,,,,,,,,,,,,,,,,,,,,,,"(-16.8, 0.9, -1.2)","(-16.9, 1.8, -1.0)","(-17.2, 0.9, -1.1)",
PLAYER_POSITIONS,627200,6/27/2026 10:23:11 AM,90eec047-676b-4d50-9684-e8707ca80941,2.0,,,,,,,,,,,,,,,,,,,,,,,,,,,,,,,,,,,"(-16.7, 0.9, -1.2)","(-16.9, 1.7, -1.1)","(-17.1, 0.9, -1.2)",
PLAYER_POSITIONS,627200,6/27/2026 10:23:11 AM,90eec047-676b-4d50-9684-e8707ca80941,2.0,,,,,,,,,,,,,,,,,,,,,,,,,,,,,,,,,,,"(-16.7, 0.9, -1.2)","(-16.9, 1.7, -1.1)","(-17.1, 0.9, -1.2)",
PLAYER_POSITIONS,627708,6/27/2026 10:23:11 AM,90eec047-676b-4d50-9684-e8707ca80941,2.0,,,,,,,,,,,,,,,,,,,,,,,,,,,,,,,,,,,"(-17.0, 0.9, -1.2)","(-17.2, 1.7, -1.1)","(-17.4, 0.9, -1.0)",
PLAYER_POSITIONS,627708,6/27/2026 10:23:11 AM,90eec047-676b-4d50-9684-e8707ca80941,2.0,,,,,,,,,,,,,,,,,,,,,,,,,,,,,,,,,,,"(-17.0, 0.9, -1.2)","(-17.2, 1.7, -1.1)","(-17.4, 0.9, -1.0)",
AUDIO_END,628180,6/27/2026 10:23:12 AM,90eec047-676b-4d50-9684-e8707ca80941,2.0,bravo move to building 8 3,6.034286,
NARRATIVE_SECTION_END,628180,6/27/2026 10:23:12 AM,90eec047-676b-4d50-9684-e8707ca80941,2.0,,,,,,,,,,,,,,,,,,Bravo move to building 8 3,71,
PLAYER_POSITIONS,628264,6/27/2026 10:23:12 AM,90eec047-676b-4d50-9684-e8707ca80941,2.0,,,,,,,,,,,,,,,,,,,,,,,,,,,,,,,,,,,"(-17.0, 0.9, -1.2)","(-17.0, 1.8, -1.1)","(-17.3, 0.8, -1.1)",
PLAYER_GAZE,628264,6/27/2026 10:23:12 AM,90eec047-676b-4d50-9684-e8707ca80941,2.0,,,,,,,,,,,,,,,,,,,,,,,,Military PT 12,,,,,,,,,"(-4.2, 1.8, 3.0)",,,"(-12.8, 0.0, -4.1)",
PLAYER_POSITIONS,628264,6/27/2026 10:23:12 AM,90eec047-676b-4d50-9684-e8707ca80941,2.0,,,,,,,,,,,,,,,,,,,,,,,,,,,,,,,,,,,"(-17.0, 0.9, -1.2)","(-17.0, 1.8, -1.1)","(-17.3, 0.8, -1.1)",
PLAYER_GAZE,628264,6/27/2026 10:23:12 AM,90eec047-676b-4d50-9684-e8707ca80941,2.0,,,,,,,,,,,,,,,,,,,,,,,,Military PT 12,,,,,,,,,"(-4.2, 1.8, 3.0)",,,"(-12.8, 0.0, -4.1)",
NARRATIVE_SECTION_START,628316,6/27/2026 10:23:12 AM,90eec047-676b-4d50-9684-e8707ca80941,2.0,,,,,,,,,,,,,,,,,,Who do you want to evacuate,72,
VOICE_CAPTURE,628585,6/27/2026 10:23:12 AM,90eec047-676b-4d50-9684-e8707ca80941,2.0,,,,,,,,,,,,,,,,,,,,,,,,,,,,,,,,,,,,,,,,,,,,,,,,,,,NA,"It'll be okay, buddy.",
PLAYER_POSITIONS,628817,6/27/2026 10:23:12 AM,90eec047-676b-4d50-9684-e8707ca80941,2.0,,,,,,,,,,,,,,,,,,,,,,,,,,,,,,,,,,,"(-16.7, 0.9, -0.9)","(-16.8, 1.7, -1.0)","(-17.0, 0.9, -1.4)",
PLAYER_POSITIONS,628817,6/27/2026 10:23:12 AM,90eec047-676b-4d50-9684-e8707ca80941,2.0,,,,,,,,,,,,,,,,,,,,,,,,,,,,,,,,,,,"(-16.7, 0.9, -0.9)","(-16.8, 1.7, -1.0)","(-17.0, 0.9, -1.4)",
VOICE_CAPTURE,629182,6/27/2026 10:23:13 AM,90eec047-676b-4d50-9684-e8707ca80941,2.0,,,,,,,,,,,,,,,,,,,,,,,,,,,,,,,,,,,,,,,,,,,,,,,,,,,NA,"You'll be okay, buddy. You've had some--",
PLAYER_POSITIONS,629313,6/27/2026 10:23:13 AM,90eec047-676b-4d50-9684-e8707ca80941,2.0,,,,,,,,,,,,,,,,,,,,,,,,,,,,,,,,,,,"(-16.8, 0.9, -1.0)","(-17.0, 1.7, -1.0)","(-16.7, 0.9, -1.3)",
PLAYER_POSITIONS,629313,6/27/2026 10:23:13 AM,90eec047-676b-4d50-9684-e8707ca80941,2.0,,,,,,,,,,,,,,,,,,,,,,,,,,,,,,,,,,,"(-16.8, 0.9, -1.0)","(-17.0, 1.7, -1.0)","(-16.7, 0.9, -1.3)",
PATIENT_ENGAGED,629336,6/27/2026 10:23:13 AM,90eec047-676b-4d50-9684-e8707ca80941,2.0,,,,0,,,,,,,,,,,,,,,,normal,100,Infinity,normal,Civilian PT 7,agony,recovery,"(-17.6, -0.1, -0.1)",normal,"(0.0, 0.5, 0.0, 0.9)",normal,DELAYED,still,,,,,,,,,,,,,,,,,51.82,
VOICE_CAPTURE,629614,6/27/2026 10:23:13 AM,90eec047-676b-4d50-9684-e8707ca80941,2.0,,,,,,,,,,,,,,,,,,,,,,,,,,,,,,,,,,,,,,,,,,,,,,,,,,,NA,"You'll be okay buddy, evac's almost here.",
PLAYER_POSITIONS,629877,6/27/2026 10:23:13 AM,90eec047-676b-4d50-9684-e8707ca80941,2.0,,,,,,,,,,,,,,,,,,,,,,,,,,,,,,,,,,,"(-17.1, 0.8, -1.1)","(-17.0, 1.6, -1.2)","(-16.7, 0.9, -1.1)",
PLAYER_POSITIONS,629877,6/27/2026 10:23:13 AM,90eec047-676b-4d50-9684-e8707ca80941,2.0,,,,,,,,,,,,,,,,,,,,,,,,,,,,,,,,,,,"(-17.1, 0.8, -1.1)","(-17.0, 1.6, -1.2)","(-16.7, 0.9, -1.1)",
VOICE_CAPTURE,630102,6/27/2026 10:23:14 AM,90eec047-676b-4d50-9684-e8707ca80941,2.0,,,,,,,,,,,,,,,,,,,,,,,,,,,,,,,,,,,,,,,,,,,,,,,,,,,NA,"You'll be okay buddy, evac's almost here. - We'll be okay, buddy, evac's almost here.",
PLAYER_POSITIONS,630391,6/27/2026 10:23:14 AM,90eec047-676b-4d50-9684-e8707ca80941,2.0,,,,,,,,,,,,,,,,,,,,,,,,,,,,,,,,,,,"(-17.3, 0.9, -1.2)","(-17.1, 1.6, -1.2)","(-16.8, 0.9, -1.2)",
PLAYER_POSITIONS,630391,6/27/2026 10:23:14 AM,90eec047-676b-4d50-9684-e8707ca80941,2.0,,,,,,,,,,,,,,,,,,,,,,,,,,,,,,,,,,,"(-17.3, 0.9, -1.2)","(-17.1, 1.6, -1.2)","(-16.8, 0.9, -1.2)",
EVAC_RADIO_ALERT,630455,6/27/2026 10:23:14 AM,90eec047-676b-4d50-9684-e8707ca80941,2.0,,,,,,,,1,
AUDIO_START,630461,6/27/2026 10:23:14 AM,90eec047-676b-4d50-9684-e8707ca80941,2.0,evac in 10 seconds,4.127347,
VOICE_CAPTURE,630568,6/27/2026 10:23:14 AM,90eec047-676b-4d50-9684-e8707ca80941,2.0,,,,,,,,,,,,,,,,,,,,,,,,,,,,,,,,,,,,,,,,,,,,,,,,,,,NA,"You'll be okay buddy, evac's almost here. - We'll be okay, buddy, evac's almost here.",
VOICE_CAPTURE,630568,6/27/2026 10:23:14 AM,90eec047-676b-4d50-9684-e8707ca80941,2.0,,,,,,,,,,,,,,,,,,,,,,,,,,,,,,,,,,,,,,,,,,,,,,,,,,,NA,"You'll be okay buddy, evac's almost here. - We'll be okay, buddy, evac's almost here.",
PLAYER_POSITIONS,630901,6/27/2026 10:23:14 AM,90eec047-676b-4d50-9684-e8707ca80941,2.0,,,,,,,,,,,,,,,,,,,,,,,,,,,,,,,,,,,"(-17.2, 0.9, -1.2)","(-17.1, 1.6, -1.3)","(-16.8, 0.9, -1.2)",
PLAYER_POSITIONS,630901,6/27/2026 10:23:14 AM,90eec047-676b-4d50-9684-e8707ca80941,2.0,,,,,,,,,,,,,,,,,,,,,,,,,,,,,,,,,,,"(-17.2, 0.9, -1.2)","(-17.1, 1.6, -1.3)","(-16.8, 0.9, -1.2)",
PLAYER_POSITIONS,631416,6/27/2026 10:23:15 AM,90eec047-676b-4d50-9684-e8707ca80941,2.0,,,,,,,,,,,,,,,,,,,,,,,,,,,,,,,,,,,"(-17.4, 0.9, -1.2)","(-17.1, 1.7, -1.3)","(-16.9, 0.9, -1.2)",
PLAYER_GAZE,631416,6/27/2026 10:23:15 AM,90eec047-676b-4d50-9684-e8707ca80941,2.0,,,,,,,,,,,,,,,,,,,,,,,,Civilian PT 7,,,,,,,,,"(0.4, 1.7, -1.2)",,,"(-17.6, 0.0, -0.1)",
PLAYER_POSITIONS,631416,6/27/2026 10:23:15 AM,90eec047-676b-4d50-9684-e8707ca80941,2.0,,,,,,,,,,,,,,,,,,,,,,,,,,,,,,,,,,,"(-17.4, 0.9, -1.2)","(-17.1, 1.7, -1.3)","(-16.9, 0.9, -1.2)",
PLAYER_GAZE,631416,6/27/2026 10:23:15 AM,90eec047-676b-4d50-9684-e8707ca80941,2.0,,,,,,,,,,,,,,,,,,,,,,,,Civilian PT 7,,,,,,,,,"(0.4, 1.7, -1.2)",,,"(-17.6, 0.0, -0.1)",
PLAYER_POSITIONS,631946,6/27/2026 10:23:16 AM,90eec047-676b-4d50-9684-e8707ca80941,2.0,,,,,,,,,,,,,,,,,,,,,,,,,,,,,,,,,,,"(-17.0, 1.1, -0.9)","(-17.2, 1.7, -1.3)","(-16.9, 0.9, -1.3)",
PLAYER_GAZE,631946,6/27/2026 10:23:16 AM,90eec047-676b-4d50-9684-e8707ca80941,2.0,,,,,,,,,,,,,,,,,,,,,,,,Civilian PT 7,,,,,,,,,"(0.4, 1.7, -1.2)",,,"(-17.6, 0.0, -0.1)",
PLAYER_POSITIONS,631946,6/27/2026 10:23:16 AM,90eec047-676b-4d50-9684-e8707ca80941,2.0,,,,,,,,,,,,,,,,,,,,,,,,,,,,,,,,,,,"(-17.0, 1.1, -0.9)","(-17.2, 1.7, -1.3)","(-16.9, 0.9, -1.3)",
PLAYER_GAZE,631946,6/27/2026 10:23:16 AM,90eec047-676b-4d50-9684-e8707ca80941,2.0,,,,,,,,,,,,,,,,,,,,,,,,Civilian PT 7,,,,,,,,,"(0.4, 1.7, -1.2)",,,"(-17.6, 0.0, -0.1)",
PLAYER_POSITIONS,632468,6/27/2026 10:23:16 AM,90eec047-676b-4d50-9684-e8707ca80941,2.0,,,,,,,,,,,,,,,,,,,,,,,,,,,,,,,,,,,"(-17.2, 1.1, -0.8)","(-17.2, 1.7, -1.3)","(-16.9, 0.9, -1.3)",
PLAYER_POSITIONS,632468,6/27/2026 10:23:16 AM,90eec047-676b-4d50-9684-e8707ca80941,2.0,,,,,,,,,,,,,,,,,,,,,,,,,,,,,,,,,,,"(-17.2, 1.1, -0.8)","(-17.2, 1.7, -1.3)","(-16.9, 0.9, -1.3)",
PLAYER_POSITIONS,633009,6/27/2026 10:23:17 AM,90eec047-676b-4d50-9684-e8707ca80941,2.0,,,,,,,,,,,,,,,,,,,,,,,,,,,,,,,,,,,"(-17.3, 0.8, -1.2)","(-17.3, 1.6, -1.3)","(-16.9, 0.9, -1.2)",
PLAYER_POSITIONS,633009,6/27/2026 10:23:17 AM,90eec047-676b-4d50-9684-e8707ca80941,2.0,,,,,,,,,,,,,,,,,,,,,,,,,,,,,,,,,,,"(-17.3, 0.8, -1.2)","(-17.3, 1.6, -1.3)","(-16.9, 0.9, -1.2)",
VOICE_CAPTURE,633109,6/27/2026 10:23:17 AM,90eec047-676b-4d50-9684-e8707ca80941,2.0,,,,,,,,,,,,,,,,,,,,,,,,,,,,,,,,,,,,,,,,,,,,,,,,,,,NA,ere is 9?,
PLAYER_POSITIONS,633543,6/27/2026 10:23:17 AM,90eec047-676b-4d50-9684-e8707ca80941,2.0,,,,,,,,,,,,,,,,,,,,,,,,,,,,,,,,,,,"(-17.4, 0.9, -1.2)","(-17.2, 1.7, -1.3)","(-17.0, 0.9, -1.2)",
PLAYER_POSITIONS,633543,6/27/2026 10:23:17 AM,90eec047-676b-4d50-9684-e8707ca80941,2.0,,,,,,,,,,,,,,,,,,,,,,,,,,,,,,,,,,,"(-17.4, 0.9, -1.2)","(-17.2, 1.7, -1.3)","(-17.0, 0.9, -1.2)",
VOICE_CAPTURE,633588,6/27/2026 10:23:17 AM,90eec047-676b-4d50-9684-e8707ca80941,2.0,,,,,,,,,,,,,,,,,,,,,,,,,,,,,,,,,,,,,,,,,,,,,,,,,,,NA,d then the next one.,
PLAYER_POSITIONS,634070,6/27/2026 10:23:18 AM,90eec047-676b-4d50-9684-e8707ca80941,2.0,,,,,,,,,,,,,,,,,,,,,,,,,,,,,,,,,,,"(-17.5, 0.9, -1.2)","(-17.2, 1.7, -1.3)","(-16.9, 0.9, -1.1)",
PLAYER_POSITIONS,634070,6/27/2026 10:23:18 AM,90eec047-676b-4d50-9684-e8707ca80941,2.0,,,,,,,,,,,,,,,,,,,,,,,,,,,,,,,,,,,"(-17.5, 0.9, -1.2)","(-17.2, 1.7, -1.3)","(-16.9, 0.9, -1.1)",
PLAYER_POSITIONS,634673,6/27/2026 10:23:18 AM,90eec047-676b-4d50-9684-e8707ca80941,2.0,,,,,,,,,,,,,,,,,,,,,,,,,,,,,,,,,,,"(-17.3, 0.9, -1.1)","(-17.0, 1.8, -1.3)","(-16.8, 0.9, -1.3)",
PLAYER_POSITIONS,634673,6/27/2026 10:23:18 AM,90eec047-676b-4d50-9684-e8707ca80941,2.0,,,,,,,,,,,,,,,,,,,,,,,,,,,,,,,,,,,"(-17.3, 0.9, -1.1)","(-17.0, 1.8, -1.3)","(-16.8, 0.9, -1.3)",
AUDIO_END,634673,6/27/2026 10:23:18 AM,90eec047-676b-4d50-9684-e8707ca80941,2.0,evac in 10 seconds,4.127347,
PLAYER_POSITIONS,635199,6/27/2026 10:23:19 AM,90eec047-676b-4d50-9684-e8707ca80941,2.0,,,,,,,,,,,,,,,,,,,,,,,,,,,,,,,,,,,"(-17.0, 1.0, -0.8)","(-17.1, 1.8, -1.2)","(-16.9, 0.9, -1.4)",
PLAYER_POSITIONS,635199,6/27/2026 10:23:19 AM,90eec047-676b-4d50-9684-e8707ca80941,2.0,,,,,,,,,,,,,,,,,,,,,,,,,,,,,,,,,,,"(-17.0, 1.0, -0.8)","(-17.1, 1.8, -1.2)","(-16.9, 0.9, -1.4)",
VOICE_CAPTURE,635199,6/27/2026 10:23:19 AM,90eec047-676b-4d50-9684-e8707ca80941,2.0,,,,,,,,,,,,,,,,,,,,,,,,,,,,,,,,,,,,,,,,,,,,,,,,,,,NA,ere is 918%?,
PLAYER_POSITIONS,635791,6/27/2026 10:23:19 AM,90eec047-676b-4d50-9684-e8707ca80941,2.0,,,,,,,,,,,,,,,,,,,,,,,,,,,,,,,,,,,"(-17.0, 0.9, -1.1)","(-17.1, 1.8, -1.2)","(-17.0, 0.9, -1.4)",
PLAYER_POSITIONS,635791,6/27/2026 10:23:19 AM,90eec047-676b-4d50-9684-e8707ca80941,2.0,,,,,,,,,,,,,,,,,,,,,,,,,,,,,,,,,,,"(-17.0, 0.9, -1.1)","(-17.1, 1.8, -1.2)","(-17.0, 0.9, -1.4)",
PLAYER_POSITIONS,636417,6/27/2026 10:23:20 AM,90eec047-676b-4d50-9684-e8707ca80941,2.0,,,,,,,,,,,,,,,,,,,,,,,,,,,,,,,,,,,"(-16.3, 0.9, -0.8)","(-16.3, 1.7, -1.1)","(-16.2, 0.9, -1.2)",
PLAYER_POSITIONS,636417,6/27/2026 10:23:20 AM,90eec047-676b-4d50-9684-e8707ca80941,2.0,,,,,,,,,,,,,,,,,,,,,,,,,,,,,,,,,,,"(-16.3, 0.9, -0.8)","(-16.3, 1.7, -1.1)","(-16.2, 0.9, -1.2)",
VOICE_CAPTURE,636579,6/27/2026 10:23:20 AM,90eec047-676b-4d50-9684-e8707ca80941,2.0,,,,,,,,,,,,,,,,,,,,,,,,,,,,,,,,,,,,,,,,,,,,,,,,,,,NA,ere is 9 18%?,
VOICE_CAPTURE,636804,6/27/2026 10:23:20 AM,90eec047-676b-4d50-9684-e8707ca80941,2.0,,,,,,,,,,,,,,,,,,,,,,,,,,,,,,,,,,,,,,,,,,,,,,,,,,,NA,ere is 9 18%?,
VOICE_CAPTURE,636804,6/27/2026 10:23:20 AM,90eec047-676b-4d50-9684-e8707ca80941,2.0,,,,,,,,,,,,,,,,,,,,,,,,,,,,,,,,,,,,,,,,,,,,,,,,,,,NA,ere is 9 18%?,
PATIENT_DISENGAGED,636868,6/27/2026 10:23:20 AM,90eec047-676b-4d50-9684-e8707ca80941,2.0,,,,7.48,,,,,,,,,,,,,,,,normal,100,Infinity,normal,Civilian PT 7,agony,recovery,"(-17.6, -0.1, -0.1)",normal,"(0.0, 0.5, 0.0, 0.9)",normal,DELAYED,still,,,,,,,,,,,,,,,,,59.3,
PLAYER_POSITIONS,636939,6/27/2026 10:23:21 AM,90eec047-676b-4d50-9684-e8707ca80941,2.0,,,,,,,,,,,,,,,,,,,,,,,,,,,,,,,,,,,"(-15.7, 0.9, -0.8)","(-15.7, 1.8, -1.1)","(-15.7, 0.9, -1.3)",
PLAYER_POSITIONS,636939,6/27/2026 10:23:21 AM,90eec047-676b-4d50-9684-e8707ca80941,2.0,,,,,,,,,,,,,,,,,,,,,,,,,,,,,,,,,,,"(-15.7, 0.9, -0.8)","(-15.7, 1.8, -1.1)","(-15.7, 0.9, -1.3)",
PLAYER_POSITIONS,637438,6/27/2026 10:23:21 AM,90eec047-676b-4d50-9684-e8707ca80941,2.0,,,,,,,,,,,,,,,,,,,,,,,,,,,,,,,,,,,"(-15.1, 0.9, -1.1)","(-15.2, 1.8, -1.2)","(-15.1, 0.9, -1.4)",
PLAYER_POSITIONS,637438,6/27/2026 10:23:21 AM,90eec047-676b-4d50-9684-e8707ca80941,2.0,,,,,,,,,,,,,,,,,,,,,,,,,,,,,,,,,,,"(-15.1, 0.9, -1.1)","(-15.2, 1.8, -1.2)","(-15.1, 0.9, -1.4)",
PLAYER_POSITIONS,638012,6/27/2026 10:23:22 AM,90eec047-676b-4d50-9684-e8707ca80941,2.0,,,,,,,,,,,,,,,,,,,,,,,,,,,,,,,,,,,"(-14.8, 0.9, -0.9)","(-14.9, 1.8, -1.1)","(-14.8, 0.9, -1.3)",
PLAYER_POSITIONS,638012,6/27/2026 10:23:22 AM,90eec047-676b-4d50-9684-e8707ca80941,2.0,,,,,,,,,,,,,,,,,,,,,,,,,,,,,,,,,,,"(-14.8, 0.9, -0.9)","(-14.9, 1.8, -1.1)","(-14.8, 0.9, -1.3)",
PLAYER_POSITIONS,638537,6/27/2026 10:23:22 AM,90eec047-676b-4d50-9684-e8707ca80941,2.0,,,,,,,,,,,,,,,,,,,,,,,,,,,,,,,,,,,"(-14.4, 0.9, -0.8)","(-14.5, 1.8, -1.0)","(-14.4, 0.9, -1.2)",
PLAYER_POSITIONS,638537,6/27/2026 10:23:22 AM,90eec047-676b-4d50-9684-e8707ca80941,2.0,,,,,,,,,,,,,,,,,,,,,,,,,,,,,,,,,,,"(-14.4, 0.9, -0.8)","(-14.5, 1.8, -1.0)","(-14.4, 0.9, -1.2)",
VOICE_CAPTURE,638732,6/27/2026 10:23:22 AM,90eec047-676b-4d50-9684-e8707ca80941,2.0,,,,,,,,,,,,,,,,,,,,,,,,,,,,,,,,,,,,,,,,,,,,,,,,,,,NA,Sweet.,
PLAYER_POSITIONS,639058,6/27/2026 10:23:23 AM,90eec047-676b-4d50-9684-e8707ca80941,2.0,,,,,,,,,,,,,,,,,,,,,,,,,,,,,,,,,,,"(-14.2, 0.9, -0.5)","(-14.3, 1.8, -0.6)","(-14.1, 0.9, -0.9)",
PLAYER_POSITIONS,639058,6/27/2026 10:23:23 AM,90eec047-676b-4d50-9684-e8707ca80941,2.0,,,,,,,,,,,,,,,,,,,,,,,,,,,,,,,,,,,"(-14.2, 0.9, -0.5)","(-14.3, 1.8, -0.6)","(-14.1, 0.9, -0.9)",
VOICE_CAPTURE,639244,6/27/2026 10:23:23 AM,90eec047-676b-4d50-9684-e8707ca80941,2.0,,,,,,,,,,,,,,,,,,,,,,,,,,,,,,,,,,,,,,,,,,,,,,,,,,,NA,Sweet. Sweet.,
PLAYER_POSITIONS,639567,6/27/2026 10:23:23 AM,90eec047-676b-4d50-9684-e8707ca80941,2.0,,,,,,,,,,,,,,,,,,,,,,,,,,,,,,,,,,,"(-14.0, 0.9, -0.2)","(-14.0, 1.8, -0.4)","(-13.8, 0.9, -0.6)",
PLAYER_POSITIONS,639567,6/27/2026 10:23:23 AM,90eec047-676b-4d50-9684-e8707ca80941,2.0,,,,,,,,,,,,,,,,,,,,,,,,,,,,,,,,,,,"(-14.0, 0.9, -0.2)","(-14.0, 1.8, -0.4)","(-13.8, 0.9, -0.6)",
VOICE_CAPTURE,639731,6/27/2026 10:23:23 AM,90eec047-676b-4d50-9684-e8707ca80941,2.0,,,,,,,,,,,,,,,,,,,,,,,,,,,,,,,,,,,,,,,,,,,,,,,,,,,NA,Sweet. Sweet.,
VOICE_CAPTURE,639731,6/27/2026 10:23:23 AM,90eec047-676b-4d50-9684-e8707ca80941,2.0,,,,,,,,,,,,,,,,,,,,,,,,,,,,,,,,,,,,,,,,,,,,,,,,,,,NA,Sweet. Sweet.,
PLAYER_POSITIONS,640089,6/27/2026 10:23:24 AM,90eec047-676b-4d50-9684-e8707ca80941,2.0,,,,,,,,,,,,,,,,,,,,,,,,,,,,,,,,,,,"(-13.7, 0.9, 0.5)","(-13.7, 1.7, 0.3)","(-13.5, 0.9, 0.1)",
PLAYER_POSITIONS,640089,6/27/2026 10:23:24 AM,90eec047-676b-4d50-9684-e8707ca80941,2.0,,,,,,,,,,,,,,,,,,,,,,,,,,,,,,,,,,,"(-13.7, 0.9, 0.5)","(-13.7, 1.7, 0.3)","(-13.5, 0.9, 0.1)",
PLAYER_POSITIONS,640598,6/27/2026 10:23:24 AM,90eec047-676b-4d50-9684-e8707ca80941,2.0,,,,,,,,,,,,,,,,,,,,,,,,,,,,,,,,,,,"(-13.0, 0.8, 1.0)","(-13.0, 1.7, 0.9)","(-12.8, 0.9, 0.7)",
PLAYER_POSITIONS,640598,6/27/2026 10:23:24 AM,90eec047-676b-4d50-9684-e8707ca80941,2.0,,,,,,,,,,,,,,,,,,,,,,,,,,,,,,,,,,,"(-13.0, 0.8, 1.0)","(-13.0, 1.7, 0.9)","(-12.8, 0.9, 0.7)",
PLAYER_POSITIONS,641119,6/27/2026 10:23:25 AM,90eec047-676b-4d50-9684-e8707ca80941,2.0,,,,,,,,,,,,,,,,,,,,,,,,,,,,,,,,,,,"(-12.2, 0.9, 1.5)","(-12.3, 1.8, 1.4)","(-12.1, 0.9, 1.2)",
PLAYER_POSITIONS,641119,6/27/2026 10:23:25 AM,90eec047-676b-4d50-9684-e8707ca80941,2.0,,,,,,,,,,,,,,,,,,,,,,,,,,,,,,,,,,,"(-12.2, 0.9, 1.5)","(-12.3, 1.8, 1.4)","(-12.1, 0.9, 1.2)",
PLAYER_POSITIONS,641652,6/27/2026 10:23:25 AM,90eec047-676b-4d50-9684-e8707ca80941,2.0,,,,,,,,,,,,,,,,,,,,,,,,,,,,,,,,,,,"(-11.9, 0.8, 2.1)","(-11.9, 1.8, 2.0)","(-11.8, 0.9, 1.8)",
PLAYER_POSITIONS,641652,6/27/2026 10:23:25 AM,90eec047-676b-4d50-9684-e8707ca80941,2.0,,,,,,,,,,,,,,,,,,,,,,,,,,,,,,,,,,,"(-11.9, 0.8, 2.1)","(-11.9, 1.8, 2.0)","(-11.8, 0.9, 1.8)",
PLAYER_POSITIONS,642167,6/27/2026 10:23:26 AM,90eec047-676b-4d50-9684-e8707ca80941,2.0,,,,,,,,,,,,,,,,,,,,,,,,,,,,,,,,,,,"(-11.9, 0.9, 2.1)","(-11.9, 1.8, 1.9)","(-11.8, 0.9, 1.8)",
PLAYER_POSITIONS,642167,6/27/2026 10:23:26 AM,90eec047-676b-4d50-9684-e8707ca80941,2.0,,,,,,,,,,,,,,,,,,,,,,,,,,,,,,,,,,,"(-11.9, 0.9, 2.1)","(-11.9, 1.8, 1.9)","(-11.8, 0.9, 1.8)",
PLAYER_POSITIONS,642686,6/27/2026 10:23:26 AM,90eec047-676b-4d50-9684-e8707ca80941,2.0,,,,,,,,,,,,,,,,,,,,,,,,,,,,,,,,,,,"(-11.9, 0.9, 2.1)","(-11.9, 1.8, 2.0)","(-11.8, 0.9, 1.8)",
PLAYER_POSITIONS,642686,6/27/2026 10:23:26 AM,90eec047-676b-4d50-9684-e8707ca80941,2.0,,,,,,,,,,,,,,,,,,,,,,,,,,,,,,,,,,,"(-11.9, 0.9, 2.1)","(-11.9, 1.8, 2.0)","(-11.8, 0.9, 1.8)",
PLAYER_POSITIONS,643246,6/27/2026 10:23:27 AM,90eec047-676b-4d50-9684-e8707ca80941,2.0,,,,,,,,,,,,,,,,,,,,,,,,,,,,,,,,,,,"(-11.9, 0.9, 2.2)","(-11.9, 1.8, 2.0)","(-11.8, 0.9, 1.8)",
PLAYER_POSITIONS,643246,6/27/2026 10:23:27 AM,90eec047-676b-4d50-9684-e8707ca80941,2.0,,,,,,,,,,,,,,,,,,,,,,,,,,,,,,,,,,,"(-11.9, 0.9, 2.2)","(-11.9, 1.8, 2.0)","(-11.8, 0.9, 1.8)",
PLAYER_POSITIONS,643799,6/27/2026 10:23:27 AM,90eec047-676b-4d50-9684-e8707ca80941,2.0,,,,,,,,,,,,,,,,,,,,,,,,,,,,,,,,,,,"(-11.9, 0.8, 2.1)","(-11.9, 1.8, 2.0)","(-11.8, 0.9, 1.8)",
PLAYER_POSITIONS,643799,6/27/2026 10:23:27 AM,90eec047-676b-4d50-9684-e8707ca80941,2.0,,,,,,,,,,,,,,,,,,,,,,,,,,,,,,,,,,,"(-11.9, 0.8, 2.1)","(-11.9, 1.8, 2.0)","(-11.8, 0.9, 1.8)",
PLAYER_POSITIONS,644299,6/27/2026 10:23:28 AM,90eec047-676b-4d50-9684-e8707ca80941,2.0,,,,,,,,,,,,,,,,,,,,,,,,,,,,,,,,,,,"(-11.8, 0.9, 2.3)","(-11.9, 1.7, 2.2)","(-11.7, 0.9, 2.0)",
PLAYER_GAZE,644299,6/27/2026 10:23:28 AM,90eec047-676b-4d50-9684-e8707ca80941,2.0,,,,,,,,,,,,,,,,,,,,,,,,Lifting NPC,,,,,,,,,"(-3.4, 1.7, -1.5)",,,"(-8.5, 0.0, 3.8)",
PLAYER_POSITIONS,644299,6/27/2026 10:23:28 AM,90eec047-676b-4d50-9684-e8707ca80941,2.0,,,,,,,,,,,,,,,,,,,,,,,,,,,,,,,,,,,"(-11.8, 0.9, 2.3)","(-11.9, 1.7, 2.2)","(-11.7, 0.9, 2.0)",
PLAYER_GAZE,644299,6/27/2026 10:23:28 AM,90eec047-676b-4d50-9684-e8707ca80941,2.0,,,,,,,,,,,,,,,,,,,,,,,,Lifting NPC,,,,,,,,,"(-3.4, 1.7, -1.5)",,,"(-8.5, 0.0, 3.8)",
EVAC_RADIO_ALERT,644467,6/27/2026 10:23:28 AM,90eec047-676b-4d50-9684-e8707ca80941,2.0,,,,,,,,1,
AUDIO_START,644473,6/27/2026 10:23:28 AM,90eec047-676b-4d50-9684-e8707ca80941,2.0,evac is here,6.71347,
PLAYER_POSITIONS,644803,6/27/2026 10:23:28 AM,90eec047-676b-4d50-9684-e8707ca80941,2.0,,,,,,,,,,,,,,,,,,,,,,,,,,,,,,,,,,,"(-11.9, 0.9, 2.7)","(-11.9, 1.7, 2.6)","(-11.7, 0.9, 2.4)",
PLAYER_GAZE,644803,6/27/2026 10:23:28 AM,90eec047-676b-4d50-9684-e8707ca80941,2.0,,,,,,,,,,,,,,,,,,,,,,,,Military PT 5,,,,,,,,,"(-1.2, 1.7, -0.9)",,,"(-10.8, 0.0, 3.5)",
PLAYER_POSITIONS,644803,6/27/2026 10:23:28 AM,90eec047-676b-4d50-9684-e8707ca80941,2.0,,,,,,,,,,,,,,,,,,,,,,,,,,,,,,,,,,,"(-11.9, 0.9, 2.7)","(-11.9, 1.7, 2.6)","(-11.7, 0.9, 2.4)",
PLAYER_GAZE,644803,6/27/2026 10:23:28 AM,90eec047-676b-4d50-9684-e8707ca80941,2.0,,,,,,,,,,,,,,,,,,,,,,,,Military PT 5,,,,,,,,,"(-1.2, 1.7, -0.9)",,,"(-10.8, 0.0, 3.5)",
PLAYER_POSITIONS,645308,6/27/2026 10:23:29 AM,90eec047-676b-4d50-9684-e8707ca80941,2.0,,,,,,,,,,,,,,,,,,,,,,,,,,,,,,,,,,,"(-12.0, 0.9, 3.0)","(-11.9, 1.8, 2.9)","(-11.7, 0.9, 2.7)",
PLAYER_GAZE,645308,6/27/2026 10:23:29 AM,90eec047-676b-4d50-9684-e8707ca80941,2.0,,,,,,,,,,,,,,,,,,,,,,,,Military PT 1,,,,,,,,,"(-0.1, 1.8, -2.9)",,,"(-11.8, 0.0, 5.8)",
PLAYER_POSITIONS,645308,6/27/2026 10:23:29 AM,90eec047-676b-4d50-9684-e8707ca80941,2.0,,,,,,,,,,,,,,,,,,,,,,,,,,,,,,,,,,,"(-12.0, 0.9, 3.0)","(-11.9, 1.8, 2.9)","(-11.7, 0.9, 2.7)",
PLAYER_GAZE,645308,6/27/2026 10:23:29 AM,90eec047-676b-4d50-9684-e8707ca80941,2.0,,,,,,,,,,,,,,,,,,,,,,,,Military PT 1,,,,,,,,,"(-0.1, 1.8, -2.9)",,,"(-11.8, 0.0, 5.8)",
PLAYER_POSITIONS,645819,6/27/2026 10:23:29 AM,90eec047-676b-4d50-9684-e8707ca80941,2.0,,,,,,,,,,,,,,,,,,,,,,,,,,,,,,,,,,,"(-11.8, 1.0, 3.0)","(-11.7, 1.9, 2.9)","(-11.5, 1.1, 2.8)",
PLAYER_GAZE,645819,6/27/2026 10:23:29 AM,90eec047-676b-4d50-9684-e8707ca80941,2.0,,,,,,,,,,,,,,,,,,,,,,,,Military PT 5,,,,,,,,,"(-0.9, 1.9, -0.6)",,,"(-10.8, 0.0, 3.5)",
PLAYER_POSITIONS,645819,6/27/2026 10:23:29 AM,90eec047-676b-4d50-9684-e8707ca80941,2.0,,,,,,,,,,,,,,,,,,,,,,,,,,,,,,,,,,,"(-11.8, 1.0, 3.0)","(-11.7, 1.9, 2.9)","(-11.5, 1.1, 2.8)",
PLAYER_GAZE,645819,6/27/2026 10:23:29 AM,90eec047-676b-4d50-9684-e8707ca80941,2.0,,,,,,,,,,,,,,,,,,,,,,,,Military PT 5,,,,,,,,,"(-0.9, 1.9, -0.6)",,,"(-10.8, 0.0, 3.5)",
PLAYER_POSITIONS,646356,6/27/2026 10:23:30 AM,90eec047-676b-4d50-9684-e8707ca80941,2.0,,,,,,,,,,,,,,,,,,,,,,,,,,,,,,,,,,,"(-11.6, 0.9, 3.1)","(-11.5, 1.8, 2.8)","(-11.4, 0.9, 2.7)",
PLAYER_POSITIONS,646356,6/27/2026 10:23:30 AM,90eec047-676b-4d50-9684-e8707ca80941,2.0,,,,,,,,,,,,,,,,,,,,,,,,,,,,,,,,,,,"(-11.6, 0.9, 3.1)","(-11.5, 1.8, 2.8)","(-11.4, 0.9, 2.7)",
PLAYER_POSITIONS,646867,6/27/2026 10:23:30 AM,90eec047-676b-4d50-9684-e8707ca80941,2.0,,,,,,,,,,,,,,,,,,,,,,,,,,,,,,,,,,,"(-11.3, 0.9, 3.0)","(-11.4, 1.8, 2.7)","(-11.2, 0.9, 2.6)",
PLAYER_POSITIONS,646867,6/27/2026 10:23:30 AM,90eec047-676b-4d50-9684-e8707ca80941,2.0,,,,,,,,,,,,,,,,,,,,,,,,,,,,,,,,,,,"(-11.3, 0.9, 3.0)","(-11.4, 1.8, 2.7)","(-11.2, 0.9, 2.6)",
PLAYER_POSITIONS,647379,6/27/2026 10:23:31 AM,90eec047-676b-4d50-9684-e8707ca80941,2.0,,,,,,,,,,,,,,,,,,,,,,,,,,,,,,,,,,,"(-11.3, 0.9, 2.8)","(-11.3, 1.8, 2.6)","(-11.3, 0.9, 2.4)",
PLAYER_POSITIONS,647379,6/27/2026 10:23:31 AM,90eec047-676b-4d50-9684-e8707ca80941,2.0,,,,,,,,,,,,,,,,,,,,,,,,,,,,,,,,,,,"(-11.3, 0.9, 2.8)","(-11.3, 1.8, 2.6)","(-11.3, 0.9, 2.4)",
PLAYER_POSITIONS,647891,6/27/2026 10:23:31 AM,90eec047-676b-4d50-9684-e8707ca80941,2.0,,,,,,,,,,,,,,,,,,,,,,,,,,,,,,,,,,,"(-11.5, 0.9, 3.0)","(-11.5, 1.8, 2.8)","(-11.4, 0.9, 2.6)",
PLAYER_POSITIONS,647891,6/27/2026 10:23:31 AM,90eec047-676b-4d50-9684-e8707ca80941,2.0,,,,,,,,,,,,,,,,,,,,,,,,,,,,,,,,,,,"(-11.5, 0.9, 3.0)","(-11.5, 1.8, 2.8)","(-11.4, 0.9, 2.6)",
PLAYER_POSITIONS,648399,6/27/2026 10:23:32 AM,90eec047-676b-4d50-9684-e8707ca80941,2.0,,,,,,,,,,,,,,,,,,,,,,,,,,,,,,,,,,,"(-11.5, 0.9, 3.1)","(-11.6, 1.8, 2.9)","(-11.4, 0.9, 2.7)",
PLAYER_POSITIONS,648399,6/27/2026 10:23:32 AM,90eec047-676b-4d50-9684-e8707ca80941,2.0,,,,,,,,,,,,,,,,,,,,,,,,,,,,,,,,,,,"(-11.5, 0.9, 3.1)","(-11.6, 1.8, 2.9)","(-11.4, 0.9, 2.7)",
PLAYER_POSITIONS,648942,6/27/2026 10:23:33 AM,90eec047-676b-4d50-9684-e8707ca80941,2.0,,,,,,,,,,,,,,,,,,,,,,,,,,,,,,,,,,,"(-11.5, 0.9, 3.1)","(-11.6, 1.8, 2.9)","(-11.4, 0.9, 2.7)",
PLAYER_POSITIONS,648942,6/27/2026 10:23:33 AM,90eec047-676b-4d50-9684-e8707ca80941,2.0,,,,,,,,,,,,,,,,,,,,,,,,,,,,,,,,,,,"(-11.5, 0.9, 3.1)","(-11.6, 1.8, 2.9)","(-11.4, 0.9, 2.7)",
PLAYER_POSITIONS,649439,6/27/2026 10:23:33 AM,90eec047-676b-4d50-9684-e8707ca80941,2.0,,,,,,,,,,,,,,,,,,,,,,,,,,,,,,,,,,,"(-11.7, 1.0, 3.2)","(-11.8, 1.8, 3.1)","(-11.4, 1.0, 2.9)",
PLAYER_POSITIONS,649439,6/27/2026 10:23:33 AM,90eec047-676b-4d50-9684-e8707ca80941,2.0,,,,,,,,,,,,,,,,,,,,,,,,,,,,,,,,,,,"(-11.7, 1.0, 3.2)","(-11.8, 1.8, 3.1)","(-11.4, 1.0, 2.9)",
PLAYER_POSITIONS,649952,6/27/2026 10:23:34 AM,90eec047-676b-4d50-9684-e8707ca80941,2.0,,,,,,,,,,,,,,,,,,,,,,,,,,,,,,,,,,,"(-12.0, 1.0, 3.6)","(-11.7, 1.8, 3.5)","(-11.6, 1.1, 3.5)",
PLAYER_POSITIONS,649952,6/27/2026 10:23:34 AM,90eec047-676b-4d50-9684-e8707ca80941,2.0,,,,,,,,,,,,,,,,,,,,,,,,,,,,,,,,,,,"(-12.0, 1.0, 3.6)","(-11.7, 1.8, 3.5)","(-11.6, 1.1, 3.5)",
VOICE_CAPTURE,650278,6/27/2026 10:23:34 AM,90eec047-676b-4d50-9684-e8707ca80941,2.0,,,,,,,,,,,,,,,,,,,,,,,,,,,,,,,,,,,,,,,,,,,,,,,,,,,NA,"Three, five.",
PATIENT_ENGAGED,650382,6/27/2026 10:23:34 AM,90eec047-676b-4d50-9684-e8707ca80941,2.0,,,,0,,,,,,,,,,,,,,,,fast,100,Infinity,normal,Military PT 6,agony,supine,"(-9.8, 0.0, 4.8)",fast,"(0.0, 1.0, 0.0, 0.0)",normal,IMMEDIATE,still,,,,,,,,,,,,,,,,,38.61,
PATIENT_DISENGAGED,650404,6/27/2026 10:23:34 AM,90eec047-676b-4d50-9684-e8707ca80941,2.0,,,,0.02,,,,,,,,,,,,,,,,fast,100,Infinity,normal,Military PT 6,agony,supine,"(-9.8, 0.0, 4.8)",fast,"(0.0, 1.0, 0.0, 0.0)",normal,IMMEDIATE,still,,,,,,,,,,,,,,,,,38.63,
PATIENT_ENGAGED,650425,6/27/2026 10:23:34 AM,90eec047-676b-4d50-9684-e8707ca80941,2.0,,,,0,,,,,,,,,,,,,,,,fast,100,Infinity,normal,Military PT 6,agony,supine,"(-9.8, 0.0, 4.8)",fast,"(0.0, 1.0, 0.0, 0.0)",normal,IMMEDIATE,still,,,,,,,,,,,,,,,,,38.63,
PLAYER_POSITIONS,650472,6/27/2026 10:23:34 AM,90eec047-676b-4d50-9684-e8707ca80941,2.0,,,,,,,,,,,,,,,,,,,,,,,,,,,,,,,,,,,"(-11.5, 1.0, 4.2)","(-11.3, 1.8, 4.1)","(-11.0, 1.0, 4.0)",
PLAYER_POSITIONS,650472,6/27/2026 10:23:34 AM,90eec047-676b-4d50-9684-e8707ca80941,2.0,,,,,,,,,,,,,,,,,,,,,,,,,,,,,,,,,,,"(-11.5, 1.0, 4.2)","(-11.3, 1.8, 4.1)","(-11.0, 1.0, 4.0)",
VOICE_CAPTURE,650754,6/27/2026 10:23:34 AM,90eec047-676b-4d50-9684-e8707ca80941,2.0,,,,,,,,,,,,,,,,,,,,,,,,,,,,,,,,,,,,,,,,,,,,,,,,,,,NA,"Three, fuck.",
PLAYER_POSITIONS,650978,6/27/2026 10:23:35 AM,90eec047-676b-4d50-9684-e8707ca80941,2.0,,,,,,,,,,,,,,,,,,,,,,,,,,,,,,,,,,,"(-11.3, 1.0, 4.9)","(-11.2, 1.8, 4.8)","(-11.0, 1.0, 4.7)",
PLAYER_POSITIONS,650978,6/27/2026 10:23:35 AM,90eec047-676b-4d50-9684-e8707ca80941,2.0,,,,,,,,,,,,,,,,,,,,,,,,,,,,,,,,,,,"(-11.3, 1.0, 4.9)","(-11.2, 1.8, 4.8)","(-11.0, 1.0, 4.7)",
AUDIO_END,651203,6/27/2026 10:23:35 AM,90eec047-676b-4d50-9684-e8707ca80941,2.0,evac is here,6.71347,
EVAC_PROMPT,651207,6/27/2026 10:23:35 AM,90eec047-676b-4d50-9684-e8707ca80941,2.0,,,,,,,,1,
VOICE_CAPTURE,651209,6/27/2026 10:23:35 AM,90eec047-676b-4d50-9684-e8707ca80941,2.0,,,,,,,,,,,,,,,,,,,,,,,,,,,,,,,,,,,,,,,,,,,,,,,,,,,NA,"Three, fuck.",
VOICE_CAPTURE,651209,6/27/2026 10:23:35 AM,90eec047-676b-4d50-9684-e8707ca80941,2.0,,,,,,,,,,,,,,,,,,,,,,,,,,,,,,,,,,,,,,,,,,,,,,,,,,,NA,"Three, fuck.",
PLAYER_POSITIONS,651496,6/27/2026 10:23:35 AM,90eec047-676b-4d50-9684-e8707ca80941,2.0,,,,,,,,,,,,,,,,,,,,,,,,,,,,,,,,,,,"(-11.6, 1.0, 5.4)","(-11.2, 1.8, 5.5)","(-11.1, 1.0, 5.5)",
PLAYER_POSITIONS,651496,6/27/2026 10:23:35 AM,90eec047-676b-4d50-9684-e8707ca80941,2.0,,,,,,,,,,,,,,,,,,,,,,,,,,,,,,,,,,,"(-11.6, 1.0, 5.4)","(-11.2, 1.8, 5.5)","(-11.1, 1.0, 5.5)",
VOICE_CAPTURE,651722,6/27/2026 10:23:35 AM,90eec047-676b-4d50-9684-e8707ca80941,2.0,,,,,,,,,,,,,,,,,,,,,,,,,,,,,,,,,,,,,,,,,,,,,,,,,,,NA,"Three, fuck.",
PATIENT_DISENGAGED,651967,6/27/2026 10:23:36 AM,90eec047-676b-4d50-9684-e8707ca80941,2.0,,,,1.54,,,,,,,,,,,,,,,,fast,100,Infinity,normal,Military PT 6,agony,supine,"(-9.8, 0.0, 4.8)",fast,"(0.0, 1.0, 0.0, 0.0)",normal,IMMEDIATE,still,,,,,,,,,,,,,,,,,40.17,
PATIENT_ENGAGED,651967,6/27/2026 10:23:36 AM,90eec047-676b-4d50-9684-e8707ca80941,2.0,,,,0,,,,,,,,,,,,,,,,normal,100,Infinity,normal,Military PT 11,panic,supine,"(-11.0, 0.0, 7.0)",normal,"(0.0, -0.1, 0.0, 1.0)",normal,MINIMAL,still,,,,,,,,,,,,,,,,,43.04,
PLAYER_POSITIONS,652009,6/27/2026 10:23:36 AM,90eec047-676b-4d50-9684-e8707ca80941,2.0,,,,,,,,,,,,,,,,,,,,,,,,,,,,,,,,,,,"(-11.4, 1.0, 5.7)","(-11.1, 1.8, 5.7)","(-10.9, 1.1, 5.8)",
PLAYER_POSITIONS,652009,6/27/2026 10:23:36 AM,90eec047-676b-4d50-9684-e8707ca80941,2.0,,,,,,,,,,,,,,,,,,,,,,,,,,,,,,,,,,,"(-11.4, 1.0, 5.7)","(-11.1, 1.8, 5.7)","(-10.9, 1.1, 5.8)",
VOICE_CAPTURE,652260,6/27/2026 10:23:36 AM,90eec047-676b-4d50-9684-e8707ca80941,2.0,,,,,,,,,,,,,,,,,,,,,,,,,,,,,,,,,,,,,,,,,,,,,,,,,,,NA,"Three, fuck.",
PLAYER_POSITIONS,652525,6/27/2026 10:23:36 AM,90eec047-676b-4d50-9684-e8707ca80941,2.0,,,,,,,,,,,,,,,,,,,,,,,,,,,,,,,,,,,"(-11.4, 1.0, 5.6)","(-11.0, 1.8, 5.8)","(-10.8, 1.0, 6.2)",
PLAYER_GAZE,652527,6/27/2026 10:23:36 AM,90eec047-676b-4d50-9684-e8707ca80941,2.0,,,,,,,,,,,,,,,,,,,,,,,,Military PT 11,,,,,,,,,"(-0.1, 1.8, -1.3)",,,"(-10.9, 0.0, 7.1)",
PLAYER_POSITIONS,652525,6/27/2026 10:23:36 AM,90eec047-676b-4d50-9684-e8707ca80941,2.0,,,,,,,,,,,,,,,,,,,,,,,,,,,,,,,,,,,"(-11.4, 1.0, 5.6)","(-11.0, 1.8, 5.8)","(-10.8, 1.0, 6.2)",
PLAYER_GAZE,652527,6/27/2026 10:23:36 AM,90eec047-676b-4d50-9684-e8707ca80941,2.0,,,,,,,,,,,,,,,,,,,,,,,,Military PT 11,,,,,,,,,"(-0.1, 1.8, -1.3)",,,"(-10.9, 0.0, 7.1)",
PLAYER_POSITIONS,653039,6/27/2026 10:23:37 AM,90eec047-676b-4d50-9684-e8707ca80941,2.0,,,,,,,,,,,,,,,,,,,,,,,,,,,,,,,,,,,"(-11.3, 1.0, 5.7)","(-11.1, 1.8, 5.8)","(-10.8, 1.0, 6.2)",
PLAYER_POSITIONS,653039,6/27/2026 10:23:37 AM,90eec047-676b-4d50-9684-e8707ca80941,2.0,,,,,,,,,,,,,,,,,,,,,,,,,,,,,,,,,,,"(-11.3, 1.0, 5.7)","(-11.1, 1.8, 5.8)","(-10.8, 1.0, 6.2)",
PLAYER_POSITIONS,653541,6/27/2026 10:23:37 AM,90eec047-676b-4d50-9684-e8707ca80941,2.0,,,,,,,,,,,,,,,,,,,,,,,,,,,,,,,,,,,"(-11.3, 1.0, 5.6)","(-11.2, 1.8, 5.7)","(-10.8, 1.0, 6.2)",
PLAYER_POSITIONS,653541,6/27/2026 10:23:37 AM,90eec047-676b-4d50-9684-e8707ca80941,2.0,,,,,,,,,,,,,,,,,,,,,,,,,,,,,,,,,,,"(-11.3, 1.0, 5.6)","(-11.2, 1.8, 5.7)","(-10.8, 1.0, 6.2)",
PLAYER_POSITIONS,654057,6/27/2026 10:23:38 AM,90eec047-676b-4d50-9684-e8707ca80941,2.0,,,,,,,,,,,,,,,,,,,,,,,,,,,,,,,,,,,"(-11.3, 1.0, 5.6)","(-11.2, 1.8, 5.7)","(-10.8, 1.0, 6.2)",
PLAYER_POSITIONS,654057,6/27/2026 10:23:38 AM,90eec047-676b-4d50-9684-e8707ca80941,2.0,,,,,,,,,,,,,,,,,,,,,,,,,,,,,,,,,,,"(-11.3, 1.0, 5.6)","(-11.2, 1.8, 5.7)","(-10.8, 1.0, 6.2)",
PLAYER_POSITIONS,654576,6/27/2026 10:23:38 AM,90eec047-676b-4d50-9684-e8707ca80941,2.0,,,,,,,,,,,,,,,,,,,,,,,,,,,,,,,,,,,"(-11.3, 1.0, 5.7)","(-11.1, 1.8, 5.8)","(-10.9, 1.0, 6.2)",
PLAYER_POSITIONS,654576,6/27/2026 10:23:38 AM,90eec047-676b-4d50-9684-e8707ca80941,2.0,,,,,,,,,,,,,,,,,,,,,,,,,,,,,,,,,,,"(-11.3, 1.0, 5.7)","(-11.1, 1.8, 5.8)","(-10.9, 1.0, 6.2)",
PLAYER_POSITIONS,655082,6/27/2026 10:23:39 AM,90eec047-676b-4d50-9684-e8707ca80941,2.0,,,,,,,,,,,,,,,,,,,,,,,,,,,,,,,,,,,"(-11.4, 1.0, 5.7)","(-11.0, 1.8, 5.7)","(-10.8, 1.1, 6.1)",
PLAYER_POSITIONS,655082,6/27/2026 10:23:39 AM,90eec047-676b-4d50-9684-e8707ca80941,2.0,,,,,,,,,,,,,,,,,,,,,,,,,,,,,,,,,,,"(-11.4, 1.0, 5.7)","(-11.0, 1.8, 5.7)","(-10.8, 1.1, 6.1)",
VOICE_CAPTURE,655289,6/27/2026 10:23:39 AM,90eec047-676b-4d50-9684-e8707ca80941,2.0,,,,,,,,,,,,,,,,,,,,,,,,,,,,,,,,,,,,,,,,,,,,,,,,,,,NA,That altered mental,
PLAYER_POSITIONS,655589,6/27/2026 10:23:39 AM,90eec047-676b-4d50-9684-e8707ca80941,2.0,,,,,,,,,,,,,,,,,,,,,,,,,,,,,,,,,,,"(-11.3, 1.0, 5.9)","(-11.0, 1.8, 5.7)","(-10.8, 1.1, 5.9)",
PLAYER_POSITIONS,655589,6/27/2026 10:23:39 AM,90eec047-676b-4d50-9684-e8707ca80941,2.0,,,,,,,,,,,,,,,,,,,,,,,,,,,,,,,,,,,"(-11.3, 1.0, 5.9)","(-11.0, 1.8, 5.7)","(-10.8, 1.1, 5.9)",
VOICE_CAPTURE,655833,6/27/2026 10:23:39 AM,90eec047-676b-4d50-9684-e8707ca80941,2.0,,,,,,,,,,,,,,,,,,,,,,,,,,,,,,,,,,,,,,,,,,,,,,,,,,,NA,That altered mental...,
PLAYER_POSITIONS,656097,6/27/2026 10:23:40 AM,90eec047-676b-4d50-9684-e8707ca80941,2.0,,,,,,,,,,,,,,,,,,,,,,,,,,,,,,,,,,,"(-11.3, 1.0, 5.8)","(-11.2, 1.7, 5.7)","(-10.9, 1.0, 5.9)",
PLAYER_POSITIONS,656097,6/27/2026 10:23:40 AM,90eec047-676b-4d50-9684-e8707ca80941,2.0,,,,,,,,,,,,,,,,,,,,,,,,,,,,,,,,,,,"(-11.3, 1.0, 5.8)","(-11.2, 1.7, 5.7)","(-10.9, 1.0, 5.9)",
PATIENT_DISENGAGED,656143,6/27/2026 10:23:40 AM,90eec047-676b-4d50-9684-e8707ca80941,2.0,,,,4.17,,,,,,,,,,,,,,,,normal,100,Infinity,normal,Military PT 11,panic,supine,"(-11.0, 0.0, 7.0)",normal,"(0.0, -0.1, 0.0, 1.0)",normal,MINIMAL,still,,,,,,,,,,,,,,,,,47.21,
PATIENT_ENGAGED,656143,6/27/2026 10:23:40 AM,90eec047-676b-4d50-9684-e8707ca80941,2.0,,,,0,,,,,,,,,,,,,,,,normal,100,Infinity,normal,Military PT 9,unresponsive,supine,"(-12.3, 0.0, 6.3)",faint,"(0.0, 0.0, 0.0, -1.0)",normal,EXPECTANT,still,,,,,,,,,,,,,,,,,33.97,
VOICE_CAPTURE,656264,6/27/2026 10:23:40 AM,90eec047-676b-4d50-9684-e8707ca80941,2.0,,,,,,,,,,,,,,,,,,,,,,,,,,,,,,,,,,,,,,,,,,,,,,,,,,,NA,That altered mental status paid.,
PLAYER_POSITIONS,656620,6/27/2026 10:23:40 AM,90eec047-676b-4d50-9684-e8707ca80941,2.0,,,,,,,,,,,,,,,,,,,,,,,,,,,,,,,,,,,"(-11.5, 0.9, 5.7)","(-11.4, 1.7, 5.7)","(-11.1, 1.0, 5.8)",
PLAYER_POSITIONS,656620,6/27/2026 10:23:40 AM,90eec047-676b-4d50-9684-e8707ca80941,2.0,,,,,,,,,,,,,,,,,,,,,,,,,,,,,,,,,,,"(-11.5, 0.9, 5.7)","(-11.4, 1.7, 5.7)","(-11.1, 1.0, 5.8)",
VOICE_CAPTURE,656763,6/27/2026 10:23:40 AM,90eec047-676b-4d50-9684-e8707ca80941,2.0,,,,,,,,,,,,,,,,,,,,,,,,,,,,,,,,,,,,,,,,,,,,,,,,,,,NA,That altered mental status paid. Altered mental status patient.,
ANSWER_SELECTED,656821,6/27/2026 10:23:40 AM,90eec047-676b-4d50-9684-e8707ca80941,2.0,,,"Mil, Panic Attack",,,,Military PT 11,1,
PLAYER_POSITIONS,657131,6/27/2026 10:23:41 AM,90eec047-676b-4d50-9684-e8707ca80941,2.0,,,,,,,,,,,,,,,,,,,,,,,,,,,,,,,,,,,"(-11.5, 0.9, 5.7)","(-11.4, 1.7, 5.7)","(-11.1, 1.0, 5.7)",
PLAYER_POSITIONS,657131,6/27/2026 10:23:41 AM,90eec047-676b-4d50-9684-e8707ca80941,2.0,,,,,,,,,,,,,,,,,,,,,,,,,,,,,,,,,,,"(-11.5, 0.9, 5.7)","(-11.4, 1.7, 5.7)","(-11.1, 1.0, 5.7)",
VOICE_CAPTURE,657254,6/27/2026 10:23:41 AM,90eec047-676b-4d50-9684-e8707ca80941,2.0,,,,,,,,,,,,,,,,,,,,,,,,,,,,,,,,,,,,,,,,,,,,,,,,,,,NA,That altered mental status paid. Altered mental status patient.,
VOICE_CAPTURE,657254,6/27/2026 10:23:41 AM,90eec047-676b-4d50-9684-e8707ca80941,2.0,,,,,,,,,,,,,,,,,,,,,,,,,,,,,,,,,,,,,,,,,,,,,,,,,,,NA,That altered mental status paid. Altered mental status patient.,
PLAYER_POSITIONS,657630,6/27/2026 10:23:41 AM,90eec047-676b-4d50-9684-e8707ca80941,2.0,,,,,,,,,,,,,,,,,,,,,,,,,,,,,,,,,,,"(-11.5, 0.9, 5.7)","(-11.4, 1.7, 5.6)","(-11.2, 1.0, 5.7)",
PLAYER_POSITIONS,657630,6/27/2026 10:23:41 AM,90eec047-676b-4d50-9684-e8707ca80941,2.0,,,,,,,,,,,,,,,,,,,,,,,,,,,,,,,,,,,"(-11.5, 0.9, 5.7)","(-11.4, 1.7, 5.6)","(-11.2, 1.0, 5.7)",
PLAYER_POSITIONS,658143,6/27/2026 10:23:42 AM,90eec047-676b-4d50-9684-e8707ca80941,2.0,,,,,,,,,,,,,,,,,,,,,,,,,,,,,,,,,,,"(-11.5, 1.0, 5.7)","(-11.4, 1.7, 5.6)","(-11.2, 1.0, 5.7)",
PLAYER_POSITIONS,658143,6/27/2026 10:23:42 AM,90eec047-676b-4d50-9684-e8707ca80941,2.0,,,,,,,,,,,,,,,,,,,,,,,,,,,,,,,,,,,"(-11.5, 1.0, 5.7)","(-11.4, 1.7, 5.6)","(-11.2, 1.0, 5.7)",
PLAYER_POSITIONS,658678,6/27/2026 10:23:42 AM,90eec047-676b-4d50-9684-e8707ca80941,2.0,,,,,,,,,,,,,,,,,,,,,,,,,,,,,,,,,,,"(-11.5, 1.0, 5.7)","(-11.5, 1.8, 5.6)","(-11.2, 1.0, 5.7)",
PLAYER_GAZE,658678,6/27/2026 10:23:42 AM,90eec047-676b-4d50-9684-e8707ca80941,2.0,,,,,,,,,,,,,,,,,,,,,,,,Military PT 9,,,,,,,,,"(0.9, 1.8, -0.8)",,,"(-12.4, 0.0, 6.3)",
PLAYER_POSITIONS,658678,6/27/2026 10:23:42 AM,90eec047-676b-4d50-9684-e8707ca80941,2.0,,,,,,,,,,,,,,,,,,,,,,,,,,,,,,,,,,,"(-11.5, 1.0, 5.7)","(-11.5, 1.8, 5.6)","(-11.2, 1.0, 5.7)",
PLAYER_GAZE,658678,6/27/2026 10:23:42 AM,90eec047-676b-4d50-9684-e8707ca80941,2.0,,,,,,,,,,,,,,,,,,,,,,,,Military PT 9,,,,,,,,,"(0.9, 1.8, -0.8)",,,"(-12.4, 0.0, 6.3)",
VOICE_CAPTURE,658755,6/27/2026 10:23:42 AM,90eec047-676b-4d50-9684-e8707ca80941,2.0,,,,,,,,,,,,,,,,,,,,,,,,,,,,,,,,,,,,,,,,,,,,,,,,,,,NA,this.,
PLAYER_POSITIONS,659230,6/27/2026 10:23:43 AM,90eec047-676b-4d50-9684-e8707ca80941,2.0,,,,,,,,,,,,,,,,,,,,,,,,,,,,,,,,,,,"(-11.8, 1.3, 5.7)","(-11.5, 1.8, 5.6)","(-11.3, 1.0, 5.8)",
PLAYER_GAZE,659230,6/27/2026 10:23:43 AM,90eec047-676b-4d50-9684-e8707ca80941,2.0,,,,,,,,,,,,,,,,,,,,,,,,Military PT 1,,,,,,,,,"(0.3, 1.8, -0.2)",,,"(-11.8, 0.0, 5.8)",
PLAYER_POSITIONS,659230,6/27/2026 10:23:43 AM,90eec047-676b-4d50-9684-e8707ca80941,2.0,,,,,,,,,,,,,,,,,,,,,,,,,,,,,,,,,,,"(-11.8, 1.3, 5.7)","(-11.5, 1.8, 5.6)","(-11.3, 1.0, 5.8)",
PLAYER_GAZE,659230,6/27/2026 10:23:43 AM,90eec047-676b-4d50-9684-e8707ca80941,2.0,,,,,,,,,,,,,,,,,,,,,,,,Military PT 1,,,,,,,,,"(0.3, 1.8, -0.2)",,,"(-11.8, 0.0, 5.8)",
VOICE_CAPTURE,659230,6/27/2026 10:23:43 AM,90eec047-676b-4d50-9684-e8707ca80941,2.0,,,,,,,,,,,,,,,,,,,,,,,,,,,,,,,,,,,,,,,,,,,,,,,,,,,NA,this. This unresponsive,
PLAYER_POSITIONS,659759,6/27/2026 10:23:43 AM,90eec047-676b-4d50-9684-e8707ca80941,2.0,,,,,,,,,,,,,,,,,,,,,,,,,,,,,,,,,,,"(-11.9, 1.1, 5.8)","(-11.5, 1.8, 5.6)","(-11.3, 1.0, 5.8)",
PLAYER_GAZE,659759,6/27/2026 10:23:43 AM,90eec047-676b-4d50-9684-e8707ca80941,2.0,,,,,,,,,,,,,,,,,,,,,,,,Military PT 1,,,,,,,,,"(0.3, 1.8, -0.2)",,,"(-11.8, 0.0, 5.8)",
PLAYER_POSITIONS,659759,6/27/2026 10:23:43 AM,90eec047-676b-4d50-9684-e8707ca80941,2.0,,,,,,,,,,,,,,,,,,,,,,,,,,,,,,,,,,,"(-11.9, 1.1, 5.8)","(-11.5, 1.8, 5.6)","(-11.3, 1.0, 5.8)",
PLAYER_GAZE,659759,6/27/2026 10:23:43 AM,90eec047-676b-4d50-9684-e8707ca80941,2.0,,,,,,,,,,,,,,,,,,,,,,,,Military PT 1,,,,,,,,,"(0.3, 1.8, -0.2)",,,"(-11.8, 0.0, 5.8)",
VOICE_CAPTURE,659826,6/27/2026 10:23:43 AM,90eec047-676b-4d50-9684-e8707ca80941,2.0,,,,,,,,,,,,,,,,,,,,,,,,,,,,,,,,,,,,,,,,,,,,,,,,,,,NA,this. this unresponsibility.,
VOICE_CAPTURE,660249,6/27/2026 10:23:44 AM,90eec047-676b-4d50-9684-e8707ca80941,2.0,,,,,,,,,,,,,,,,,,,,,,,,,,,,,,,,,,,,,,,,,,,,,,,,,,,NA,this. this unresponsibility and this unresponsibility.,
PLAYER_POSITIONS,660273,6/27/2026 10:23:44 AM,90eec047-676b-4d50-9684-e8707ca80941,2.0,,,,,,,,,,,,,,,,,,,,,,,,,,,,,,,,,,,"(-11.7, 0.9, 5.5)","(-11.5, 1.8, 5.6)","(-11.2, 1.0, 5.8)",
PLAYER_GAZE,660273,6/27/2026 10:23:44 AM,90eec047-676b-4d50-9684-e8707ca80941,2.0,,,,,,,,,,,,,,,,,,,,,,,,Military PT 1,,,,,,,,,"(0.3, 1.8, -0.2)",,,"(-11.8, 0.0, 5.8)",
PLAYER_POSITIONS,660273,6/27/2026 10:23:44 AM,90eec047-676b-4d50-9684-e8707ca80941,2.0,,,,,,,,,,,,,,,,,,,,,,,,,,,,,,,,,,,"(-11.7, 0.9, 5.5)","(-11.5, 1.8, 5.6)","(-11.2, 1.0, 5.8)",
PLAYER_GAZE,660273,6/27/2026 10:23:44 AM,90eec047-676b-4d50-9684-e8707ca80941,2.0,,,,,,,,,,,,,,,,,,,,,,,,Military PT 1,,,,,,,,,"(0.3, 1.8, -0.2)",,,"(-11.8, 0.0, 5.8)",
VOICE_CAPTURE,660759,6/27/2026 10:23:44 AM,90eec047-676b-4d50-9684-e8707ca80941,2.0,,,,,,,,,,,,,,,,,,,,,,,,,,,,,,,,,,,,,,,,,,,,,,,,,,,NA,this. this unresponsibility and this unresponsibility.,
VOICE_CAPTURE,660759,6/27/2026 10:23:44 AM,90eec047-676b-4d50-9684-e8707ca80941,2.0,,,,,,,,,,,,,,,,,,,,,,,,,,,,,,,,,,,,,,,,,,,,,,,,,,,NA,this. this unresponsibility and this unresponsibility.,
PLAYER_POSITIONS,660781,6/27/2026 10:23:44 AM,90eec047-676b-4d50-9684-e8707ca80941,2.0,,,,,,,,,,,,,,,,,,,,,,,,,,,,,,,,,,,"(-11.8, 0.9, 5.3)","(-11.6, 1.8, 5.4)","(-11.5, 1.0, 5.5)",
PLAYER_POSITIONS,660781,6/27/2026 10:23:44 AM,90eec047-676b-4d50-9684-e8707ca80941,2.0,,,,,,,,,,,,,,,,,,,,,,,,,,,,,,,,,,,"(-11.8, 0.9, 5.3)","(-11.6, 1.8, 5.4)","(-11.5, 1.0, 5.5)",
VOICE_CAPTURE,661250,6/27/2026 10:23:45 AM,90eec047-676b-4d50-9684-e8707ca80941,2.0,,,,,,,,,,,,,,,,,,,,,,,,,,,,,,,,,,,,,,,,,,,,,,,,,,,NA,patient.,
PLAYER_POSITIONS,661292,6/27/2026 10:23:45 AM,90eec047-676b-4d50-9684-e8707ca80941,2.0,,,,,,,,,,,,,,,,,,,,,,,,,,,,,,,,,,,"(-12.0, 1.0, 5.5)","(-11.6, 1.8, 5.4)","(-11.4, 1.0, 5.5)",
PLAYER_POSITIONS,661292,6/27/2026 10:23:45 AM,90eec047-676b-4d50-9684-e8707ca80941,2.0,,,,,,,,,,,,,,,,,,,,,,,,,,,,,,,,,,,"(-12.0, 1.0, 5.5)","(-11.6, 1.8, 5.4)","(-11.4, 1.0, 5.5)",
ANSWER_SELECTED,661316,6/27/2026 10:23:45 AM,90eec047-676b-4d50-9684-e8707ca80941,2.0,,,"Mil, Double Chest Collapses",,,,Military PT 9,1,
VOICE_CAPTURE,661737,6/27/2026 10:23:45 AM,90eec047-676b-4d50-9684-e8707ca80941,2.0,,,,,,,,,,,,,,,,,,,,,,,,,,,,,,,,,,,,,,,,,,,,,,,,,,,NA,patient. this unresponsive patient.,
PLAYER_POSITIONS,661805,6/27/2026 10:23:45 AM,90eec047-676b-4d50-9684-e8707ca80941,2.0,,,,,,,,,,,,,,,,,,,,,,,,,,,,,,,,,,,"(-11.8, 0.9, 5.5)","(-11.6, 1.8, 5.4)","(-11.5, 1.0, 5.5)",
PLAYER_POSITIONS,661805,6/27/2026 10:23:45 AM,90eec047-676b-4d50-9684-e8707ca80941,2.0,,,,,,,,,,,,,,,,,,,,,,,,,,,,,,,,,,,"(-11.8, 0.9, 5.5)","(-11.6, 1.8, 5.4)","(-11.5, 1.0, 5.5)",
ANSWER_SELECTED,662283,6/27/2026 10:23:46 AM,90eec047-676b-4d50-9684-e8707ca80941,2.0,,,"Mil, Single Chest Collapse",,,,Military PT 1,1,
VOICE_CAPTURE,662287,6/27/2026 10:23:46 AM,90eec047-676b-4d50-9684-e8707ca80941,2.0,,,,,,,,,,,,,,,,,,,,,,,,,,,,,,,,,,,,,,,,,,,,,,,,,,,NA,patient. this unresponsive patient.,
VOICE_CAPTURE,662287,6/27/2026 10:23:46 AM,90eec047-676b-4d50-9684-e8707ca80941,2.0,,,,,,,,,,,,,,,,,,,,,,,,,,,,,,,,,,,,,,,,,,,,,,,,,,,NA,patient. this unresponsive patient.,
PLAYER_POSITIONS,662327,6/27/2026 10:23:46 AM,90eec047-676b-4d50-9684-e8707ca80941,2.0,,,,,,,,,,,,,,,,,,,,,,,,,,,,,,,,,,,"(-12.1, 1.0, 5.6)","(-11.7, 1.8, 5.5)","(-11.4, 1.0, 5.6)",
PLAYER_POSITIONS,662327,6/27/2026 10:23:46 AM,90eec047-676b-4d50-9684-e8707ca80941,2.0,,,,,,,,,,,,,,,,,,,,,,,,,,,,,,,,,,,"(-12.1, 1.0, 5.6)","(-11.7, 1.8, 5.5)","(-11.4, 1.0, 5.6)",
PLAYER_POSITIONS,662849,6/27/2026 10:23:46 AM,90eec047-676b-4d50-9684-e8707ca80941,2.0,,,,,,,,,,,,,,,,,,,,,,,,,,,,,,,,,,,"(-12.4, 1.3, 5.5)","(-11.7, 1.8, 5.5)","(-11.1, 1.3, 5.8)",
PLAYER_GAZE,662849,6/27/2026 10:23:46 AM,90eec047-676b-4d50-9684-e8707ca80941,2.0,,,,,,,,,,,,,,,,,,,,,,,,Military PT 11,,,,,,,,,"(-0.8, 1.8, -1.6)",,,"(-10.9, 0.0, 7.1)",
PLAYER_POSITIONS,662849,6/27/2026 10:23:46 AM,90eec047-676b-4d50-9684-e8707ca80941,2.0,,,,,,,,,,,,,,,,,,,,,,,,,,,,,,,,,,,"(-12.4, 1.3, 5.5)","(-11.7, 1.8, 5.5)","(-11.1, 1.3, 5.8)",
PLAYER_GAZE,662849,6/27/2026 10:23:46 AM,90eec047-676b-4d50-9684-e8707ca80941,2.0,,,,,,,,,,,,,,,,,,,,,,,,Military PT 11,,,,,,,,,"(-0.8, 1.8, -1.6)",,,"(-10.9, 0.0, 7.1)",
PLAYER_POSITIONS,663351,6/27/2026 10:23:47 AM,90eec047-676b-4d50-9684-e8707ca80941,2.0,,,,,,,,,,,,,,,,,,,,,,,,,,,,,,,,,,,"(-12.4, 1.3, 5.5)","(-11.7, 1.8, 5.5)","(-11.1, 1.3, 5.8)",
PLAYER_GAZE,663351,6/27/2026 10:23:47 AM,90eec047-676b-4d50-9684-e8707ca80941,2.0,,,,,,,,,,,,,,,,,,,,,,,,Military PT 11,,,,,,,,,"(-0.8, 1.8, -1.6)",,,"(-10.9, 0.0, 7.1)",
PLAYER_POSITIONS,663351,6/27/2026 10:23:47 AM,90eec047-676b-4d50-9684-e8707ca80941,2.0,,,,,,,,,,,,,,,,,,,,,,,,,,,,,,,,,,,"(-12.4, 1.3, 5.5)","(-11.7, 1.8, 5.5)","(-11.1, 1.3, 5.8)",
PLAYER_GAZE,663351,6/27/2026 10:23:47 AM,90eec047-676b-4d50-9684-e8707ca80941,2.0,,,,,,,,,,,,,,,,,,,,,,,,Military PT 11,,,,,,,,,"(-0.8, 1.8, -1.6)",,,"(-10.9, 0.0, 7.1)",
EVAC_SELECTION,663665,6/27/2026 10:23:47 AM,90eec047-676b-4d50-9684-e8707ca80941,2.0,,,,,,,"Military PT 11, Military PT 9, Military PT 1",1,
PLAYER_POSITIONS,663852,6/27/2026 10:23:47 AM,90eec047-676b-4d50-9684-e8707ca80941,2.0,,,,,,,,,,,,,,,,,,,,,,,,,,,,,,,,,,,"(-12.4, 1.3, 5.6)","(-11.7, 1.8, 5.4)","(-11.1, 1.3, 5.8)",
PLAYER_POSITIONS,663852,6/27/2026 10:23:47 AM,90eec047-676b-4d50-9684-e8707ca80941,2.0,,,,,,,,,,,,,,,,,,,,,,,,,,,,,,,,,,,"(-12.4, 1.3, 5.6)","(-11.7, 1.8, 5.4)","(-11.1, 1.3, 5.8)",
NARRATIVE_SECTION_START,664202,6/27/2026 10:23:48 AM,90eec047-676b-4d50-9684-e8707ca80941,2.0,,,,,,,,,,,,,,,,,,Tac evac team will load them up.,73,
AUDIO_START,664209,6/27/2026 10:23:48 AM,90eec047-676b-4d50-9684-e8707ca80941,2.0,tac evac team will load them up,4.493061,
VOICE_CAPTURE,664215,6/27/2026 10:23:48 AM,90eec047-676b-4d50-9684-e8707ca80941,2.0,,,,,,,,,,,,,,,,,,,,,,,,,,,,,,,,,,,,,,,,,,,,,,,,,,,NA,These three that I've collected.,
PLAYER_POSITIONS,664372,6/27/2026 10:23:48 AM,90eec047-676b-4d50-9684-e8707ca80941,2.0,,,,,,,,,,,,,,,,,,,,,,,,,,,,,,,,,,,"(-12.4, 1.3, 5.6)","(-11.7, 1.8, 5.4)","(-11.1, 1.3, 5.8)",
PLAYER_POSITIONS,664372,6/27/2026 10:23:48 AM,90eec047-676b-4d50-9684-e8707ca80941,2.0,,,,,,,,,,,,,,,,,,,,,,,,,,,,,,,,,,,"(-12.4, 1.3, 5.6)","(-11.7, 1.8, 5.4)","(-11.1, 1.3, 5.8)",
VOICE_CAPTURE,664792,6/27/2026 10:23:48 AM,90eec047-676b-4d50-9684-e8707ca80941,2.0,,,,,,,,,,,,,,,,,,,,,,,,,,,,,,,,,,,,,,,,,,,,,,,,,,,NA,These three that I've collected on my CC.,
PLAYER_POSITIONS,664880,6/27/2026 10:23:48 AM,90eec047-676b-4d50-9684-e8707ca80941,2.0,,,,,,,,,,,,,,,,,,,,,,,,,,,,,,,,,,,"(-12.2, 1.1, 5.5)","(-11.8, 1.9, 5.4)","(-11.3, 1.1, 5.7)",
PLAYER_POSITIONS,664880,6/27/2026 10:23:48 AM,90eec047-676b-4d50-9684-e8707ca80941,2.0,,,,,,,,,,,,,,,,,,,,,,,,,,,,,,,,,,,"(-12.2, 1.1, 5.5)","(-11.8, 1.9, 5.4)","(-11.3, 1.1, 5.7)",
VOICE_CAPTURE,665265,6/27/2026 10:23:49 AM,90eec047-676b-4d50-9684-e8707ca80941,2.0,,,,,,,,,,,,,,,,,,,,,,,,,,,,,,,,,,,,,,,,,,,,,,,,,,,NA,these three that I've collected on my CCP.,
PLAYER_POSITIONS,665400,6/27/2026 10:23:49 AM,90eec047-676b-4d50-9684-e8707ca80941,2.0,,,,,,,,,,,,,,,,,,,,,,,,,,,,,,,,,,,"(-11.9, 0.9, 5.2)","(-11.8, 1.9, 5.4)","(-11.5, 0.9, 5.5)",
PLAYER_POSITIONS,665400,6/27/2026 10:23:49 AM,90eec047-676b-4d50-9684-e8707ca80941,2.0,,,,,,,,,,,,,,,,,,,,,,,,,,,,,,,,,,,"(-11.9, 0.9, 5.2)","(-11.8, 1.9, 5.4)","(-11.5, 0.9, 5.5)",
VOICE_CAPTURE,665749,6/27/2026 10:23:49 AM,90eec047-676b-4d50-9684-e8707ca80941,2.0,,,,,,,,,,,,,,,,,,,,,,,,,,,,,,,,,,,,,,,,,,,,,,,,,,,NA,these three that I've collected on my CCP.,
VOICE_CAPTURE,665750,6/27/2026 10:23:49 AM,90eec047-676b-4d50-9684-e8707ca80941,2.0,,,,,,,,,,,,,,,,,,,,,,,,,,,,,,,,,,,,,,,,,,,,,,,,,,,NA,these three that I've collected on my CCP.,
PLAYER_POSITIONS,665902,6/27/2026 10:23:50 AM,90eec047-676b-4d50-9684-e8707ca80941,2.0,,,,,,,,,,,,,,,,,,,,,,,,,,,,,,,,,,,"(-12.1, 1.0, 5.4)","(-11.9, 1.8, 5.3)","(-11.7, 0.9, 5.6)",
PLAYER_POSITIONS,665902,6/27/2026 10:23:50 AM,90eec047-676b-4d50-9684-e8707ca80941,2.0,,,,,,,,,,,,,,,,,,,,,,,,,,,,,,,,,,,"(-12.1, 1.0, 5.4)","(-11.9, 1.8, 5.3)","(-11.7, 0.9, 5.6)",
PLAYER_POSITIONS,666420,6/27/2026 10:23:50 AM,90eec047-676b-4d50-9684-e8707ca80941,2.0,,,,,,,,,,,,,,,,,,,,,,,,,,,,,,,,,,,"(-11.9, 0.9, 5.2)","(-11.8, 1.8, 5.4)","(-11.6, 1.0, 5.6)",
PLAYER_GAZE,666420,6/27/2026 10:23:50 AM,90eec047-676b-4d50-9684-e8707ca80941,2.0,,,,,,,,,,,,,,,,,,,,,,,,Military PT 1,,,,,,,,,"(0.0, 1.8, -0.3)",,,"(-11.8, 0.0, 5.8)",
PLAYER_POSITIONS,666420,6/27/2026 10:23:50 AM,90eec047-676b-4d50-9684-e8707ca80941,2.0,,,,,,,,,,,,,,,,,,,,,,,,,,,,,,,,,,,"(-11.9, 0.9, 5.2)","(-11.8, 1.8, 5.4)","(-11.6, 1.0, 5.6)",
PLAYER_GAZE,666420,6/27/2026 10:23:50 AM,90eec047-676b-4d50-9684-e8707ca80941,2.0,,,,,,,,,,,,,,,,,,,,,,,,Military PT 1,,,,,,,,,"(0.0, 1.8, -0.3)",,,"(-11.8, 0.0, 5.8)",
VOICE_CAPTURE,666755,6/27/2026 10:23:50 AM,90eec047-676b-4d50-9684-e8707ca80941,2.0,,,,,,,,,,,,,,,,,,,,,,,,,,,,,,,,,,,,,,,,,,,,,,,,,,,NA,TP.,
PLAYER_POSITIONS,666933,6/27/2026 10:23:51 AM,90eec047-676b-4d50-9684-e8707ca80941,2.0,,,,,,,,,,,,,,,,,,,,,,,,,,,,,,,,,,,"(-11.9, 0.9, 5.4)","(-11.7, 1.8, 5.5)","(-11.5, 1.0, 5.5)",
PLAYER_POSITIONS,666933,6/27/2026 10:23:51 AM,90eec047-676b-4d50-9684-e8707ca80941,2.0,,,,,,,,,,,,,,,,,,,,,,,,,,,,,,,,,,,"(-11.9, 0.9, 5.4)","(-11.7, 1.8, 5.5)","(-11.5, 1.0, 5.5)",
VOICE_CAPTURE,667267,6/27/2026 10:23:51 AM,90eec047-676b-4d50-9684-e8707ca80941,2.0,,,,,,,,,,,,,,,,,,,,,,,,,,,,,,,,,,,,,,,,,,,,,,,,,,,NA,TP.,
PLAYER_POSITIONS,667464,6/27/2026 10:23:51 AM,90eec047-676b-4d50-9684-e8707ca80941,2.0,,,,,,,,,,,,,,,,,,,,,,,,,,,,,,,,,,,"(-11.7, 0.9, 5.5)","(-11.4, 1.8, 5.2)","(-11.3, 1.0, 5.2)",
PLAYER_POSITIONS,667464,6/27/2026 10:23:51 AM,90eec047-676b-4d50-9684-e8707ca80941,2.0,,,,,,,,,,,,,,,,,,,,,,,,,,,,,,,,,,,"(-11.7, 0.9, 5.5)","(-11.4, 1.8, 5.2)","(-11.3, 1.0, 5.2)",
VOICE_CAPTURE,667820,6/27/2026 10:23:51 AM,90eec047-676b-4d50-9684-e8707ca80941,2.0,,,,,,,,,,,,,,,,,,,,,,,,,,,,,,,,,,,,,,,,,,,,,,,,,,,NA,TP.,
PLAYER_POSITIONS,667972,6/27/2026 10:23:52 AM,90eec047-676b-4d50-9684-e8707ca80941,2.0,,,,,,,,,,,,,,,,,,,,,,,,,,,,,,,,,,,"(-11.5, 1.0, 5.5)","(-11.4, 1.8, 5.2)","(-11.3, 0.9, 5.0)",
PLAYER_GAZE,667972,6/27/2026 10:23:52 AM,90eec047-676b-4d50-9684-e8707ca80941,2.0,,,,,,,,,,,,,,,,,,,,,,,,Military PT 6,,,,,,,,,"(-1.5, 1.8, 0.3)",,,"(-9.9, 0.0, 4.8)",
PLAYER_POSITIONS,667972,6/27/2026 10:23:52 AM,90eec047-676b-4d50-9684-e8707ca80941,2.0,,,,,,,,,,,,,,,,,,,,,,,,,,,,,,,,,,,"(-11.5, 1.0, 5.5)","(-11.4, 1.8, 5.2)","(-11.3, 0.9, 5.0)",
PLAYER_GAZE,667972,6/27/2026 10:23:52 AM,90eec047-676b-4d50-9684-e8707ca80941,2.0,,,,,,,,,,,,,,,,,,,,,,,,Military PT 6,,,,,,,,,"(-1.5, 1.8, 0.3)",,,"(-9.9, 0.0, 4.8)",
VOICE_CAPTURE,668271,6/27/2026 10:23:52 AM,90eec047-676b-4d50-9684-e8707ca80941,2.0,,,,,,,,,,,,,,,,,,,,,,,,,,,,,,,,,,,,,,,,,,,,,,,,,,,NA,TP.,
PLAYER_POSITIONS,668509,6/27/2026 10:23:52 AM,90eec047-676b-4d50-9684-e8707ca80941,2.0,,,,,,,,,,,,,,,,,,,,,,,,,,,,,,,,,,,"(-11.3, 0.9, 5.5)","(-11.4, 1.8, 5.2)","(-11.4, 1.0, 5.1)",
PLAYER_POSITIONS,668509,6/27/2026 10:23:52 AM,90eec047-676b-4d50-9684-e8707ca80941,2.0,,,,,,,,,,,,,,,,,,,,,,,,,,,,,,,,,,,"(-11.3, 0.9, 5.5)","(-11.4, 1.8, 5.2)","(-11.4, 1.0, 5.1)",
AUDIO_END,668739,6/27/2026 10:23:52 AM,90eec047-676b-4d50-9684-e8707ca80941,2.0,tac evac team will load them up,4.493061,
NARRATIVE_SECTION_END,668739,6/27/2026 10:23:52 AM,90eec047-676b-4d50-9684-e8707ca80941,2.0,,,,,,,,,,,,,,,,,,Tac evac team will load them up.,73,
NARRATIVE_SECTION_START,668775,6/27/2026 10:23:52 AM,90eec047-676b-4d50-9684-e8707ca80941,2.0,,,,,,,,,,,,,,,,,,Tac evac moving out,74,
AUDIO_START,668782,6/27/2026 10:23:52 AM,90eec047-676b-4d50-9684-e8707ca80941,2.0,tac evac moving out,4.022857,
VOICE_CAPTURE,668789,6/27/2026 10:23:52 AM,90eec047-676b-4d50-9684-e8707ca80941,2.0,,,,,,,,,,,,,,,,,,,,,,,,,,,,,,,,,,,,,,,,,,,,,,,,,,,NA,TP.,
PLAYER_POSITIONS,669042,6/27/2026 10:23:53 AM,90eec047-676b-4d50-9684-e8707ca80941,2.0,,,,,,,,,,,,,,,,,,,,,,,,,,,,,,,,,,,"(-11.1, 1.1, 5.2)","(-11.6, 1.8, 5.2)","(-11.7, 1.0, 5.1)",
PLAYER_POSITIONS,669042,6/27/2026 10:23:53 AM,90eec047-676b-4d50-9684-e8707ca80941,2.0,,,,,,,,,,,,,,,,,,,,,,,,,,,,,,,,,,,"(-11.1, 1.1, 5.2)","(-11.6, 1.8, 5.2)","(-11.7, 1.0, 5.1)",
VOICE_CAPTURE,669230,6/27/2026 10:23:53 AM,90eec047-676b-4d50-9684-e8707ca80941,2.0,,,,,,,,,,,,,,,,,,,,,,,,,,,,,,,,,,,,,,,,,,,,,,,,,,,NA,TP. This,
PLAYER_POSITIONS,669563,6/27/2026 10:23:53 AM,90eec047-676b-4d50-9684-e8707ca80941,2.0,,,,,,,,,,,,,,,,,,,,,,,,,,,,,,,,,,,"(-11.5, 0.9, 5.4)","(-11.8, 1.8, 5.2)","(-11.5, 1.2, 4.9)",
PLAYER_GAZE,669563,6/27/2026 10:23:53 AM,90eec047-676b-4d50-9684-e8707ca80941,2.0,,,,,,,,,,,,,,,,,,,,,,,,Military PT 2,,,,,,,,,"(0.8, 1.8, 1.2)",,,"(-12.6, 0.0, 4.0)",
PLAYER_POSITIONS,669563,6/27/2026 10:23:53 AM,90eec047-676b-4d50-9684-e8707ca80941,2.0,,,,,,,,,,,,,,,,,,,,,,,,,,,,,,,,,,,"(-11.5, 0.9, 5.4)","(-11.8, 1.8, 5.2)","(-11.5, 1.2, 4.9)",
PLAYER_GAZE,669563,6/27/2026 10:23:53 AM,90eec047-676b-4d50-9684-e8707ca80941,2.0,,,,,,,,,,,,,,,,,,,,,,,,Military PT 2,,,,,,,,,"(0.8, 1.8, 1.2)",,,"(-12.6, 0.0, 4.0)",
VOICE_CAPTURE,669751,6/27/2026 10:23:53 AM,90eec047-676b-4d50-9684-e8707ca80941,2.0,,,,,,,,,,,,,,,,,,,,,,,,,,,,,,,,,,,,,,,,,,,,,,,,,,,NA,TP. This guy and this guy...,
PLAYER_POSITIONS,670093,6/27/2026 10:23:54 AM,90eec047-676b-4d50-9684-e8707ca80941,2.0,,,,,,,,,,,,,,,,,,,,,,,,,,,,,,,,,,,"(-11.5, 1.0, 5.2)","(-11.8, 1.8, 5.2)","(-12.1, 0.9, 5.3)",
PLAYER_GAZE,670093,6/27/2026 10:23:54 AM,90eec047-676b-4d50-9684-e8707ca80941,2.0,,,,,,,,,,,,,,,,,,,,,,,,Military PT 2,,,,,,,,,"(0.8, 1.8, 1.2)",,,"(-12.6, 0.0, 4.0)",
PLAYER_POSITIONS,670093,6/27/2026 10:23:54 AM,90eec047-676b-4d50-9684-e8707ca80941,2.0,,,,,,,,,,,,,,,,,,,,,,,,,,,,,,,,,,,"(-11.5, 1.0, 5.2)","(-11.8, 1.8, 5.2)","(-12.1, 0.9, 5.3)",
PLAYER_GAZE,670093,6/27/2026 10:23:54 AM,90eec047-676b-4d50-9684-e8707ca80941,2.0,,,,,,,,,,,,,,,,,,,,,,,,Military PT 2,,,,,,,,,"(0.8, 1.8, 1.2)",,,"(-12.6, 0.0, 4.0)",
VOICE_CAPTURE,670250,6/27/2026 10:23:54 AM,90eec047-676b-4d50-9684-e8707ca80941,2.0,,,,,,,,,,,,,,,,,,,,,,,,,,,,,,,,,,,,,,,,,,,,,,,,,,,NA,TP. This guy and this guy need to go in,
PLAYER_POSITIONS,670608,6/27/2026 10:23:54 AM,90eec047-676b-4d50-9684-e8707ca80941,2.0,,,,,,,,,,,,,,,,,,,,,,,,,,,,,,,,,,,"(-11.5, 0.9, 5.2)","(-11.8, 1.9, 5.2)","(-11.8, 1.0, 5.1)",
PLAYER_GAZE,670608,6/27/2026 10:23:54 AM,90eec047-676b-4d50-9684-e8707ca80941,2.0,,,,,,,,,,,,,,,,,,,,,,,,Civilian PT 15,,,,,,,,,"(2.6, 1.9, 5.5)",,,"(-14.4, 0.0, -0.3)",
PLAYER_POSITIONS,670608,6/27/2026 10:23:54 AM,90eec047-676b-4d50-9684-e8707ca80941,2.0,,,,,,,,,,,,,,,,,,,,,,,,,,,,,,,,,,,"(-11.5, 0.9, 5.2)","(-11.8, 1.9, 5.2)","(-11.8, 1.0, 5.1)",
PLAYER_GAZE,670608,6/27/2026 10:23:54 AM,90eec047-676b-4d50-9684-e8707ca80941,2.0,,,,,,,,,,,,,,,,,,,,,,,,Civilian PT 15,,,,,,,,,"(2.6, 1.9, 5.5)",,,"(-14.4, 0.0, -0.3)",
VOICE_CAPTURE,670750,6/27/2026 10:23:54 AM,90eec047-676b-4d50-9684-e8707ca80941,2.0,,,,,,,,,,,,,,,,,,,,,,,,,,,,,,,,,,,,,,,,,,,,,,,,,,,NA,TP. this guy and this guy need to go next but,
PLAYER_POSITIONS,671125,6/27/2026 10:23:55 AM,90eec047-676b-4d50-9684-e8707ca80941,2.0,,,,,,,,,,,,,,,,,,,,,,,,,,,,,,,,,,,"(-11.1, 1.1, 5.3)","(-11.7, 1.9, 5.2)","(-12.1, 1.1, 4.9)",
PLAYER_POSITIONS,671125,6/27/2026 10:23:55 AM,90eec047-676b-4d50-9684-e8707ca80941,2.0,,,,,,,,,,,,,,,,,,,,,,,,,,,,,,,,,,,"(-11.1, 1.1, 5.3)","(-11.7, 1.9, 5.2)","(-12.1, 1.1, 4.9)",
VOICE_CAPTURE,671298,6/27/2026 10:23:55 AM,90eec047-676b-4d50-9684-e8707ca80941,2.0,,,,,,,,,,,,,,,,,,,,,,,,,,,,,,,,,,,,,,,,,,,,,,,,,,,NA,"TP. This guy and this guy need to go next, but...",
PLAYER_POSITIONS,671622,6/27/2026 10:23:55 AM,90eec047-676b-4d50-9684-e8707ca80941,2.0,,,,,,,,,,,,,,,,,,,,,,,,,,,,,,,,,,,"(-11.5, 1.0, 5.2)","(-11.8, 1.8, 5.2)","(-11.7, 1.0, 5.1)",
PLAYER_POSITIONS,671622,6/27/2026 10:23:55 AM,90eec047-676b-4d50-9684-e8707ca80941,2.0,,,,,,,,,,,,,,,,,,,,,,,,,,,,,,,,,,,"(-11.5, 1.0, 5.2)","(-11.8, 1.8, 5.2)","(-11.7, 1.0, 5.1)",
VOICE_CAPTURE,671736,6/27/2026 10:23:55 AM,90eec047-676b-4d50-9684-e8707ca80941,2.0,,,,,,,,,,,,,,,,,,,,,,,,,,,,,,,,,,,,,,,,,,,,,,,,,,,NA,"TP. This guy and this guy need to go next, but... I need to go next, but...",
PLAYER_POSITIONS,672132,6/27/2026 10:23:56 AM,90eec047-676b-4d50-9684-e8707ca80941,2.0,,,,,,,,,,,,,,,,,,,,,,,,,,,,,,,,,,,"(-11.4, 1.0, 5.1)","(-11.9, 1.8, 5.2)","(-11.9, 0.9, 5.1)",
PLAYER_POSITIONS,672132,6/27/2026 10:23:56 AM,90eec047-676b-4d50-9684-e8707ca80941,2.0,,,,,,,,,,,,,,,,,,,,,,,,,,,,,,,,,,,"(-11.4, 1.0, 5.1)","(-11.9, 1.8, 5.2)","(-11.9, 0.9, 5.1)",
VOICE_CAPTURE,672222,6/27/2026 10:23:56 AM,90eec047-676b-4d50-9684-e8707ca80941,2.0,,,,,,,,,,,,,,,,,,,,,,,,,,,,,,,,,,,,,,,,,,,,,,,,,,,NA,"TP. This guy and this guy need to go next, but... I need to go next, but...",
VOICE_CAPTURE,672222,6/27/2026 10:23:56 AM,90eec047-676b-4d50-9684-e8707ca80941,2.0,,,,,,,,,,,,,,,,,,,,,,,,,,,,,,,,,,,,,,,,,,,,,,,,,,,NA,"TP. This guy and this guy need to go next, but... I need to go next, but...",
PLAYER_POSITIONS,672655,6/27/2026 10:23:56 AM,90eec047-676b-4d50-9684-e8707ca80941,2.0,,,,,,,,,,,,,,,,,,,,,,,,,,,,,,,,,,,"(-11.4, 1.0, 4.9)","(-11.7, 1.8, 5.1)","(-11.8, 0.9, 5.1)",
PLAYER_POSITIONS,672655,6/27/2026 10:23:56 AM,90eec047-676b-4d50-9684-e8707ca80941,2.0,,,,,,,,,,,,,,,,,,,,,,,,,,,,,,,,,,,"(-11.4, 1.0, 4.9)","(-11.7, 1.8, 5.1)","(-11.8, 0.9, 5.1)",
AUDIO_END,672768,6/27/2026 10:23:56 AM,90eec047-676b-4d50-9684-e8707ca80941,2.0,tac evac moving out,4.022857,
PATIENT_DISENGAGED,672832,6/27/2026 10:23:56 AM,90eec047-676b-4d50-9684-e8707ca80941,2.0,,,,16.68,,,,,,,,,,,,,,,,normal,100,Infinity,normal,Military PT 9,unresponsive,supine,"(-12.3, 0.0, 6.3)",faint,"(0.0, 0.0, 0.0, -1.0)",normal,EXPECTANT,still,,,,,,,,,,,,,,,,,50.65,
Participant ID, 202606146
