EventName,ElapsedTime,Timestamp,SessionID,Version,AudioClip,AudioDuration,ButtonClickMessage,CurrentDurationEngaged,DragStartPosition,DragStopPosition,EvacPatientIds,EvacRound,InjuryBodyRegion,InjuryName,InjuryPosition,InjuryRequiredProcedure,InjuryRequiredTreatmentCount,InjuryRequiredTreatmentsApplied,InjurySeverity,InjuryTreatedWithCorrectTreatment,InjuryTreatmentComplete,NarrativeDescription,NarrativeIndex,PatientBreathing,PatientHealthLevel,PatientHealthTimeRemaining,PatientHearing,PatientID,PatientMood,PatientPose,PatientPosition,PatientPulse,PatientRotation,PatientSpO2,PatientTriageLevel,PatientTriageSort,PlayerDirection,PlayerDistanceFromPatient,PlayerLeftHandPosition,PlayerPosition,PlayerRightHandPosition,QuestionAnswers,QuestionId,QuestionPrompt,QuestionType,TagType,TeleportPosition,ToolAttachMessage,ToolAttachParent,ToolCount,ToolMessageSender,ToolType,TotalDurationEngaged,TriageSortCommand,VoiceCaptureCommandDescription,VoiceCaptureMessage,WeaponsDisarmed,WeaponsHeld,
VOICE_CAPTURE,-4368,6/26/2026 12:52:17 PM,c67b7896-2a51-4601-ab52-a6a50b8cf1cb,2.0,,,,,,,,,,,,,,,,,,,,,,,,,,,,,,,,,,,,,,,,,,,,,,,,,,,NA,Thank you.,
SESSION_START,7,6/26/2026 12:52:22 PM,656b7e14-f368-4196-b68a-fdb1e1554fc8,2.0,
PATIENT_RECORD,9,6/26/2026 12:52:22 PM,656b7e14-f368-4196-b68a-fdb1e1554fc8,2.0,,,,,,,,,,,,,,,,,,,,restricted,100,Infinity,normal,Military PT 1,unresponsive,supine,"(-6.8, 0.0, 2.1)",faint,"(0.0, 0.3, 0.0, 1.0)",normal,IMMEDIATE,still,
INJURY_RECORD,9,6/26/2026 12:52:22 PM,656b7e14-f368-4196-b68a-fdb1e1554fc8,2.0,,,,,,,,,rightCalf,R Calf Laceration,"(-6.7, 0.3, 2.0)",israeliWrap,1,0,low,False,False,,,,,,,Military PT 1,
INJURY_RECORD,9,6/26/2026 12:52:22 PM,656b7e14-f368-4196-b68a-fdb1e1554fc8,2.0,,,,,,,,,chest,R Chest Collapse,"(-6.7, 1.3, 2.0)",decompressionNeedle,1,0,high,False,False,,,,,,,Military PT 1,
PATIENT_RECORD,9,6/26/2026 12:52:22 PM,656b7e14-f368-4196-b68a-fdb1e1554fc8,2.0,,,,,,,,,,,,,,,,,,,,restricted,100,Infinity,normal,Military PT 2,agony,supine,"(-12.0, 0.0, 1.1)",faint,"(0.0, 0.4, 0.0, 0.9)",normal,EXPECTANT,still,
INJURY_RECORD,9,6/26/2026 12:52:22 PM,656b7e14-f368-4196-b68a-fdb1e1554fc8,2.0,,,,,,,,,fullBody,Full Body Burn,"(0.0, 0.0, 0.0)",lollipop,1,0,high,False,False,,,,,,,Military PT 2,
INJURY_RECORD,9,6/26/2026 12:52:22 PM,656b7e14-f368-4196-b68a-fdb1e1554fc8,2.0,,,,,,,,,chest,Circumferential Chest Burn,"(-12.0, 1.4, 1.1)",scalpel,1,0,high,False,False,,,,,,,Military PT 2,
PATIENT_RECORD,9,6/26/2026 12:52:22 PM,656b7e14-f368-4196-b68a-fdb1e1554fc8,2.0,,,,,,,,,,,,,,,,,,,,normal,100,Infinity,normal,Civilian PT 3,upset,prone,"(-14.3, 0.0, 1.6)",normal,"(0.0, 0.0, 0.0, 1.0)",normal,DELAYED,still,
INJURY_RECORD,9,6/26/2026 12:52:22 PM,656b7e14-f368-4196-b68a-fdb1e1554fc8,2.0,,,,,,,,,rightForearm,R Forearm Burn,"(-13.8, 1.3, 1.4)",burnDressing,1,0,medium,False,False,,,,,,,Civilian PT 3,
INJURY_RECORD,9,6/26/2026 12:52:22 PM,656b7e14-f368-4196-b68a-fdb1e1554fc8,2.0,,,,,,,,,leftLeg,L Shin Amputation,"(-14.4, 0.5, 1.5)",tourniquet,1,0,high,False,False,,,,,,,Civilian PT 3,
PATIENT_RECORD,9,6/26/2026 12:52:22 PM,656b7e14-f368-4196-b68a-fdb1e1554fc8,2.0,,,,,,,,,,,,,,,,,,,,fast,100,Infinity,normal,Military PT 4,upset,kneeling,"(-11.1, 0.0, -4.7)",faint,"(0.0, 1.0, 0.0, 0.2)",normal,IMMEDIATE,still,
INJURY_RECORD,9,6/26/2026 12:52:22 PM,656b7e14-f368-4196-b68a-fdb1e1554fc8,2.0,,,,,,,,,neck,R Neck Laceration,"(-11.1, 1.5, -4.8)",woundpack,1,0,high,False,False,,,,,,,Military PT 4,
PATIENT_RECORD,9,6/26/2026 12:52:22 PM,656b7e14-f368-4196-b68a-fdb1e1554fc8,2.0,,,,,,,,,,,,,,,,,,,,fast,100,Infinity,normal,Military PT 5,upset,supine,"(-9.4, 0.0, 1.7)",faint,"(0.0, -1.0, 0.0, 0.0)",normal,IMMEDIATE,still,
INJURY_RECORD,9,6/26/2026 12:52:22 PM,656b7e14-f368-4196-b68a-fdb1e1554fc8,2.0,,,,,,,,,chest,R Chest Puncture,"(-9.5, 1.3, 1.6)",chestSeal,1,0,high,False,False,,,,,,,Military PT 5,
PATIENT_RECORD,9,6/26/2026 12:52:22 PM,656b7e14-f368-4196-b68a-fdb1e1554fc8,2.0,,,,,,,,,,,,,,,,,,,,normal,100,128,normal,Lifting NPC,calm,standing,"(-8.6, 0.0, 4.5)",normal,"(0.0, 0.8, 0.0, 0.5)",normal,MINIMAL,still,
PATIENT_RECORD,9,6/26/2026 12:52:22 PM,656b7e14-f368-4196-b68a-fdb1e1554fc8,2.0,,,,,,,,,,,,,,,,,,,,fast,100,Infinity,normal,Military PT 6,agony,supine,"(-9.0, 0.0, 4.6)",fast,"(0.0, 1.0, 0.0, 0.0)",normal,IMMEDIATE,still,
INJURY_RECORD,9,6/26/2026 12:52:22 PM,656b7e14-f368-4196-b68a-fdb1e1554fc8,2.0,,,,,,,,,leftLeg,L Thigh Amputation,"(-8.9, 0.7, 4.5)",tourniquet,1,0,high,False,False,,,,,,,Military PT 6,
PATIENT_RECORD,9,6/26/2026 12:52:22 PM,656b7e14-f368-4196-b68a-fdb1e1554fc8,2.0,,,,,,,,,,,,,,,,,,,,normal,100,Infinity,normal,Civilian PT 7,agony,recovery,"(-17.6, 0.0, -0.1)",normal,"(0.0, 0.5, 0.0, 0.9)",normal,DELAYED,still,
INJURY_RECORD,9,6/26/2026 12:52:22 PM,656b7e14-f368-4196-b68a-fdb1e1554fc8,2.0,,,,,,,,,head,Bleeding Scalp,"(-17.5, 1.7, -0.1)",israeliWrap,1,0,medium,False,False,,,,,,,Civilian PT 7,
INJURY_RECORD,9,6/26/2026 12:52:22 PM,656b7e14-f368-4196-b68a-fdb1e1554fc8,2.0,,,,,,,,,head,L Eye Shrapnel,"(-17.5, 1.6, 0.0)",foxShield,1,0,high,False,False,,,,,,,Civilian PT 7,
INJURY_RECORD,9,6/26/2026 12:52:22 PM,656b7e14-f368-4196-b68a-fdb1e1554fc8,2.0,,,,,,,,,leftCalf,L Lower Leg Burn,"(-17.7, 0.3, 0.0)",burnDressing,1,0,high,False,False,,,,,,,Civilian PT 7,
INJURY_RECORD,9,6/26/2026 12:52:22 PM,656b7e14-f368-4196-b68a-fdb1e1554fc8,2.0,,,,,,,,,rightCalf,R Lower Leg Burn,"(-17.5, 0.3, -0.3)",burnDressing,1,0,high,False,False,,,,,,,Civilian PT 7,
PATIENT_RECORD,9,6/26/2026 12:52:22 PM,656b7e14-f368-4196-b68a-fdb1e1554fc8,2.0,,,,,,,,,,,,,,,,,,,,fast,100,Infinity,normal,Civilian PT 8,upset,sittingGround,"(-15.8, 0.0, -1.8)",fast,"(0.0, 0.4, 0.0, 0.9)",normal,IMMEDIATE,still,
INJURY_RECORD,9,6/26/2026 12:52:22 PM,656b7e14-f368-4196-b68a-fdb1e1554fc8,2.0,,,,,,,,,rightArm,R Arm Amputation,"(-15.6, 1.3, -2.0)",tourniquet,1,0,high,False,False,,,,,,,Civilian PT 8,
INJURY_RECORD,9,6/26/2026 12:52:22 PM,656b7e14-f368-4196-b68a-fdb1e1554fc8,2.0,,,,,,,,,chest,R Shoulder Puncture,"(-15.7, 1.4, -1.9)",woundpack,1,0,medium,False,False,,,,,,,Civilian PT 8,
PATIENT_RECORD,9,6/26/2026 12:52:22 PM,656b7e14-f368-4196-b68a-fdb1e1554fc8,2.0,,,,,,,,,,,,,,,,,,,,restricted,100,Infinity,normal,Military PT 9,unresponsive,supine,"(-12.7, 0.0, -1.8)",faint,"(0.0, -0.7, 0.0, 0.7)",normal,EXPECTANT,still,
INJURY_RECORD,9,6/26/2026 12:52:22 PM,656b7e14-f368-4196-b68a-fdb1e1554fc8,2.0,,,,,,,,,chest,L Chest Collapse,"(-12.7, 1.3, -1.9)",decompressionNeedle,1,0,high,False,False,,,,,,,Military PT 9,
INJURY_RECORD,9,6/26/2026 12:52:22 PM,656b7e14-f368-4196-b68a-fdb1e1554fc8,2.0,,,,,,,,,chest,R Chest Collapse,"(-12.7, 1.3, -1.7)",decompressionNeedle,1,0,high,False,False,,,,,,,Military PT 9,
PATIENT_RECORD,9,6/26/2026 12:52:22 PM,656b7e14-f368-4196-b68a-fdb1e1554fc8,2.0,,,,,,,,,,,,,,,,,,,,none,100,Infinity,none,Military PT 10,dead,fetal,"(-9.6, 0.0, -2.9)",none,"(0.0, -0.6, 0.0, 0.8)",none,EXPECTANT,still,
INJURY_RECORD,9,6/26/2026 12:52:22 PM,656b7e14-f368-4196-b68a-fdb1e1554fc8,2.0,,,,,,,,,head,Face Shrapnel,"(-9.6, 1.7, -2.8)",israeliWrap,1,0,high,False,False,,,,,,,Military PT 10,
INJURY_RECORD,9,6/26/2026 12:52:22 PM,656b7e14-f368-4196-b68a-fdb1e1554fc8,2.0,,,,,,,,,leftCalf,L Calf Laceration,"(-9.6, 0.3, -3.0)",israeliWrap,1,0,low,False,False,,,,,,,Military PT 10,
INJURY_RECORD,9,6/26/2026 12:52:22 PM,656b7e14-f368-4196-b68a-fdb1e1554fc8,2.0,,,,,,,,,rightCalf,R Calf Laceration,"(-9.5, 0.3, -2.7)",israeliWrap,1,0,low,False,False,,,,,,,Military PT 10,
PATIENT_RECORD,9,6/26/2026 12:52:22 PM,656b7e14-f368-4196-b68a-fdb1e1554fc8,2.0,,,,,,,,,,,,,,,,,,,,normal,100,Infinity,normal,Military PT 11,panic,standing,"(-6.4, 0.0, -0.3)",normal,"(0.0, -0.3, 0.0, 1.0)",normal,MINIMAL,still,
INJURY_RECORD,9,6/26/2026 12:52:22 PM,656b7e14-f368-4196-b68a-fdb1e1554fc8,2.0,,,,,,,,,leftForearm,L Forearm Abrasion,"(-6.8, 1.4, -0.6)",gauzeWrap,1,0,low,False,False,,,,,,,Military PT 11,
INJURY_RECORD,9,6/26/2026 12:52:22 PM,656b7e14-f368-4196-b68a-fdb1e1554fc8,2.0,,,,,,,,,rightForearm,R Forearm Abrasion,"(-6.0, 1.4, 0.0)",gauzeWrap,1,0,low,False,False,,,,,,,Military PT 11,
PATIENT_RECORD,9,6/26/2026 12:52:22 PM,656b7e14-f368-4196-b68a-fdb1e1554fc8,2.0,,,,,,,,,,,,,,,,,,,,normal,100,Infinity,normal,Military PT 12,upset,standing,"(-12.8, 0.0, -4.1)",normal,"(0.0, 0.0, 0.0, 1.0)",normal,DELAYED,still,
INJURY_RECORD,9,6/26/2026 12:52:22 PM,656b7e14-f368-4196-b68a-fdb1e1554fc8,2.0,,,,,,,,,head,R Eye Shrapnel,"(-12.8, 1.5, -4.0)",foxShield,1,0,high,False,False,,,,,,,Military PT 12,
PATIENT_RECORD,9,6/26/2026 12:52:22 PM,656b7e14-f368-4196-b68a-fdb1e1554fc8,2.0,,,,,,,,,,,,,,,,,,,,normal,100,128,normal,Military PT 13,calm,standing,"(-15.2, 0.0, 5.0)",normal,"(0.0, 0.8, 0.0, 0.6)",normal,MINIMAL,still,
INJURY_RECORD,9,6/26/2026 12:52:22 PM,656b7e14-f368-4196-b68a-fdb1e1554fc8,2.0,,,,,,,,,head,Concussion,"(0.0, 0.0, 0.0)",mentalAssessment,1,0,medium,False,False,,,,,,,Military PT 13,
PATIENT_RECORD,9,6/26/2026 12:52:22 PM,656b7e14-f368-4196-b68a-fdb1e1554fc8,2.0,,,,,,,,,,,,,,,,,,,,normal,100,Infinity,normal,Civilian PT 14,upset,sittingGround,"(-14.1, 0.0, 3.6)",normal,"(0.0, 0.8, 0.0, 0.6)",normal,DELAYED,still,
INJURY_RECORD,9,6/26/2026 12:52:22 PM,656b7e14-f368-4196-b68a-fdb1e1554fc8,2.0,,,,,,,,,leftArm,L Bicep Abrasion,"(-14.0, 1.3, 3.9)",gauzeWrap,1,0,low,False,False,,,,,,,Civilian PT 14,
INJURY_RECORD,9,6/26/2026 12:52:22 PM,656b7e14-f368-4196-b68a-fdb1e1554fc8,2.0,,,,,,,,,rightArm,R Bicep Abrasion,"(-14.2, 1.3, 3.3)",gauzeWrap,1,0,low,False,False,,,,,,,Civilian PT 14,
INJURY_RECORD,9,6/26/2026 12:52:22 PM,656b7e14-f368-4196-b68a-fdb1e1554fc8,2.0,,,,,,,,,leftCalf,L Calf Shrapnel,"(-14.1, 0.3, 3.7)",gauzeWrap,1,0,medium,False,False,,,,,,,Civilian PT 14,
INJURY_RECORD,9,6/26/2026 12:52:22 PM,656b7e14-f368-4196-b68a-fdb1e1554fc8,2.0,,,,,,,,,head,L Face Abrasion,"(-14.0, 1.4, 3.6)",gauzeWrap,1,0,low,False,False,,,,,,,Civilian PT 14,
INJURY_RECORD,9,6/26/2026 12:52:22 PM,656b7e14-f368-4196-b68a-fdb1e1554fc8,2.0,,,,,,,,,leftForearm,L Forearm Abrasion,"(-13.9, 1.3, 4.0)",gauzeWrap,1,0,low,False,False,,,,,,,Civilian PT 14,
PATIENT_RECORD,9,6/26/2026 12:52:22 PM,656b7e14-f368-4196-b68a-fdb1e1554fc8,2.0,,,,,,,,,,,,,,,,,,,,fast,100,Infinity,normal,Civilian PT 15,upset,supine,"(-14.4, 0.0, -0.3)",fast,"(0.0, 0.8, 0.0, 0.6)",normal,IMMEDIATE,still,
INJURY_RECORD,9,6/26/2026 12:52:22 PM,656b7e14-f368-4196-b68a-fdb1e1554fc8,2.0,,,,,,,,,abdomen,L Stomach Laceration,"(-14.3, 1.0, -0.3)",woundpack,1,0,medium,False,False,,,,,,,Civilian PT 15,
NARRATIVE_SECTION_START,42,6/26/2026 12:52:22 PM,656b7e14-f368-4196-b68a-fdb1e1554fc8,2.0,,,,,,,,,,,,,,,,,,TCCC Trainer Intro,0,
AUDIO_START,79,6/26/2026 12:52:22 PM,656b7e14-f368-4196-b68a-fdb1e1554fc8,2.0,mission briefing,37.66857,
PLAYER_POSITIONS,327,6/26/2026 12:52:22 PM,656b7e14-f368-4196-b68a-fdb1e1554fc8,2.0,,,,,,,,,,,,,,,,,,,,,,,,,,,,,,,,,,,"(-11.6, 0.9, 10.5)","(-11.8, 1.9, 10.7)","(-12.0, 0.9, 10.6)",
PLAYER_GAZE,327,6/26/2026 12:52:22 PM,656b7e14-f368-4196-b68a-fdb1e1554fc8,2.0,,,,,,,,,,,,,,,,,,,,,,,,Military PT 2,,,,,,,,,"(0.2, 1.9, 9.6)",,,"(-12.0, 0.0, 1.1)",
PLAYER_POSITIONS,327,6/26/2026 12:52:22 PM,656b7e14-f368-4196-b68a-fdb1e1554fc8,2.0,,,,,,,,,,,,,,,,,,,,,,,,,,,,,,,,,,,"(-11.6, 0.9, 10.5)","(-11.8, 1.9, 10.7)","(-12.0, 0.9, 10.6)",
PLAYER_GAZE,327,6/26/2026 12:52:22 PM,656b7e14-f368-4196-b68a-fdb1e1554fc8,2.0,,,,,,,,,,,,,,,,,,,,,,,,Military PT 2,,,,,,,,,"(0.2, 1.9, 9.6)",,,"(-12.0, 0.0, 1.1)",
PLAYER_POSITIONS,831,6/26/2026 12:52:22 PM,656b7e14-f368-4196-b68a-fdb1e1554fc8,2.0,,,,,,,,,,,,,,,,,,,,,,,,,,,,,,,,,,,"(-11.6, 0.9, 10.5)","(-11.8, 1.8, 10.7)","(-12.0, 0.9, 10.6)",
PLAYER_POSITIONS,831,6/26/2026 12:52:22 PM,656b7e14-f368-4196-b68a-fdb1e1554fc8,2.0,,,,,,,,,,,,,,,,,,,,,,,,,,,,,,,,,,,"(-11.6, 0.9, 10.5)","(-11.8, 1.8, 10.7)","(-12.0, 0.9, 10.6)",
PLAYER_POSITIONS,1347,6/26/2026 12:52:23 PM,656b7e14-f368-4196-b68a-fdb1e1554fc8,2.0,,,,,,,,,,,,,,,,,,,,,,,,,,,,,,,,,,,"(-11.6, 0.9, 10.5)","(-11.8, 1.8, 10.7)","(-12.0, 0.9, 10.6)",
PLAYER_POSITIONS,1347,6/26/2026 12:52:23 PM,656b7e14-f368-4196-b68a-fdb1e1554fc8,2.0,,,,,,,,,,,,,,,,,,,,,,,,,,,,,,,,,,,"(-11.6, 0.9, 10.5)","(-11.8, 1.8, 10.7)","(-12.0, 0.9, 10.6)",
PLAYER_POSITIONS,1864,6/26/2026 12:52:23 PM,656b7e14-f368-4196-b68a-fdb1e1554fc8,2.0,,,,,,,,,,,,,,,,,,,,,,,,,,,,,,,,,,,"(-11.6, 0.9, 10.5)","(-11.8, 1.8, 10.7)","(-12.0, 0.9, 10.6)",
PLAYER_POSITIONS,1864,6/26/2026 12:52:23 PM,656b7e14-f368-4196-b68a-fdb1e1554fc8,2.0,,,,,,,,,,,,,,,,,,,,,,,,,,,,,,,,,,,"(-11.6, 0.9, 10.5)","(-11.8, 1.8, 10.7)","(-12.0, 0.9, 10.6)",
PLAYER_POSITIONS,2379,6/26/2026 12:52:24 PM,656b7e14-f368-4196-b68a-fdb1e1554fc8,2.0,,,,,,,,,,,,,,,,,,,,,,,,,,,,,,,,,,,"(-11.6, 0.9, 10.5)","(-11.8, 1.8, 10.7)","(-12.0, 0.9, 10.6)",
PLAYER_POSITIONS,2379,6/26/2026 12:52:24 PM,656b7e14-f368-4196-b68a-fdb1e1554fc8,2.0,,,,,,,,,,,,,,,,,,,,,,,,,,,,,,,,,,,"(-11.6, 0.9, 10.5)","(-11.8, 1.8, 10.7)","(-12.0, 0.9, 10.6)",
PLAYER_POSITIONS,2892,6/26/2026 12:52:25 PM,656b7e14-f368-4196-b68a-fdb1e1554fc8,2.0,,,,,,,,,,,,,,,,,,,,,,,,,,,,,,,,,,,"(-11.6, 0.9, 10.5)","(-11.8, 1.8, 10.7)","(-12.0, 0.9, 10.6)",
PLAYER_POSITIONS,2892,6/26/2026 12:52:25 PM,656b7e14-f368-4196-b68a-fdb1e1554fc8,2.0,,,,,,,,,,,,,,,,,,,,,,,,,,,,,,,,,,,"(-11.6, 0.9, 10.5)","(-11.8, 1.8, 10.7)","(-12.0, 0.9, 10.6)",
PLAYER_POSITIONS,3395,6/26/2026 12:52:25 PM,656b7e14-f368-4196-b68a-fdb1e1554fc8,2.0,,,,,,,,,,,,,,,,,,,,,,,,,,,,,,,,,,,"(-11.6, 0.9, 10.5)","(-11.8, 1.8, 10.7)","(-11.9, 0.9, 10.6)",
PLAYER_POSITIONS,3395,6/26/2026 12:52:25 PM,656b7e14-f368-4196-b68a-fdb1e1554fc8,2.0,,,,,,,,,,,,,,,,,,,,,,,,,,,,,,,,,,,"(-11.6, 0.9, 10.5)","(-11.8, 1.8, 10.7)","(-11.9, 0.9, 10.6)",
PLAYER_POSITIONS,3917,6/26/2026 12:52:26 PM,656b7e14-f368-4196-b68a-fdb1e1554fc8,2.0,,,,,,,,,,,,,,,,,,,,,,,,,,,,,,,,,,,"(-11.5, 0.9, 10.6)","(-11.8, 1.8, 10.7)","(-11.9, 0.9, 10.6)",
PLAYER_POSITIONS,3917,6/26/2026 12:52:26 PM,656b7e14-f368-4196-b68a-fdb1e1554fc8,2.0,,,,,,,,,,,,,,,,,,,,,,,,,,,,,,,,,,,"(-11.5, 0.9, 10.6)","(-11.8, 1.8, 10.7)","(-11.9, 0.9, 10.6)",
PLAYER_POSITIONS,4429,6/26/2026 12:52:26 PM,656b7e14-f368-4196-b68a-fdb1e1554fc8,2.0,,,,,,,,,,,,,,,,,,,,,,,,,,,,,,,,,,,"(-11.5, 0.9, 10.6)","(-11.8, 1.8, 10.7)","(-11.9, 0.9, 10.6)",
PLAYER_POSITIONS,4429,6/26/2026 12:52:26 PM,656b7e14-f368-4196-b68a-fdb1e1554fc8,2.0,,,,,,,,,,,,,,,,,,,,,,,,,,,,,,,,,,,"(-11.5, 0.9, 10.6)","(-11.8, 1.8, 10.7)","(-11.9, 0.9, 10.6)",
PLAYER_POSITIONS,4929,6/26/2026 12:52:27 PM,656b7e14-f368-4196-b68a-fdb1e1554fc8,2.0,,,,,,,,,,,,,,,,,,,,,,,,,,,,,,,,,,,"(-11.5, 0.9, 10.6)","(-11.8, 1.8, 10.7)","(-11.9, 0.9, 10.6)",
PLAYER_POSITIONS,4929,6/26/2026 12:52:27 PM,656b7e14-f368-4196-b68a-fdb1e1554fc8,2.0,,,,,,,,,,,,,,,,,,,,,,,,,,,,,,,,,,,"(-11.5, 0.9, 10.6)","(-11.8, 1.8, 10.7)","(-11.9, 0.9, 10.6)",
PLAYER_POSITIONS,5438,6/26/2026 12:52:27 PM,656b7e14-f368-4196-b68a-fdb1e1554fc8,2.0,,,,,,,,,,,,,,,,,,,,,,,,,,,,,,,,,,,"(-11.5, 0.9, 10.6)","(-11.8, 1.8, 10.7)","(-11.9, 0.9, 10.6)",
PLAYER_POSITIONS,5438,6/26/2026 12:52:27 PM,656b7e14-f368-4196-b68a-fdb1e1554fc8,2.0,,,,,,,,,,,,,,,,,,,,,,,,,,,,,,,,,,,"(-11.5, 0.9, 10.6)","(-11.8, 1.8, 10.7)","(-11.9, 0.9, 10.6)",
VOICE_CAPTURE,5618,6/26/2026 12:52:27 PM,656b7e14-f368-4196-b68a-fdb1e1554fc8,2.0,,,,,,,,,,,,,,,,,,,,,,,,,,,,,,,,,,,,,,,,,,,,,,,,,,,NA,Thank you.,
VOICE_CAPTURE,5620,6/26/2026 12:52:27 PM,656b7e14-f368-4196-b68a-fdb1e1554fc8,2.0,,,,,,,,,,,,,,,,,,,,,,,,,,,,,,,,,,,,,,,,,,,,,,,,,,,NA,Thank you.,
PLAYER_POSITIONS,5949,6/26/2026 12:52:28 PM,656b7e14-f368-4196-b68a-fdb1e1554fc8,2.0,,,,,,,,,,,,,,,,,,,,,,,,,,,,,,,,,,,"(-11.5, 0.9, 10.6)","(-11.8, 1.8, 10.7)","(-11.9, 0.9, 10.6)",
PLAYER_POSITIONS,5949,6/26/2026 12:52:28 PM,656b7e14-f368-4196-b68a-fdb1e1554fc8,2.0,,,,,,,,,,,,,,,,,,,,,,,,,,,,,,,,,,,"(-11.5, 0.9, 10.6)","(-11.8, 1.8, 10.7)","(-11.9, 0.9, 10.6)",
PLAYER_POSITIONS,6459,6/26/2026 12:52:28 PM,656b7e14-f368-4196-b68a-fdb1e1554fc8,2.0,,,,,,,,,,,,,,,,,,,,,,,,,,,,,,,,,,,"(-11.6, 0.9, 10.6)","(-11.8, 1.8, 10.7)","(-11.8, 1.2, 10.5)",
PLAYER_GAZE,6459,6/26/2026 12:52:28 PM,656b7e14-f368-4196-b68a-fdb1e1554fc8,2.0,,,,,,,,,,,,,,,,,,,,,,,,Military PT 9,,,,,,,,,"(0.9, 1.8, 12.5)",,,"(-12.7, 0.0, -1.8)",
PLAYER_POSITIONS,6459,6/26/2026 12:52:28 PM,656b7e14-f368-4196-b68a-fdb1e1554fc8,2.0,,,,,,,,,,,,,,,,,,,,,,,,,,,,,,,,,,,"(-11.6, 0.9, 10.6)","(-11.8, 1.8, 10.7)","(-11.8, 1.2, 10.5)",
PLAYER_GAZE,6459,6/26/2026 12:52:28 PM,656b7e14-f368-4196-b68a-fdb1e1554fc8,2.0,,,,,,,,,,,,,,,,,,,,,,,,Military PT 9,,,,,,,,,"(0.9, 1.8, 12.5)",,,"(-12.7, 0.0, -1.8)",
PLAYER_POSITIONS,6959,6/26/2026 12:52:29 PM,656b7e14-f368-4196-b68a-fdb1e1554fc8,2.0,,,,,,,,,,,,,,,,,,,,,,,,,,,,,,,,,,,"(-11.6, 0.9, 10.5)","(-11.8, 1.8, 10.7)","(-11.7, 1.3, 10.5)",
PLAYER_GAZE,6959,6/26/2026 12:52:29 PM,656b7e14-f368-4196-b68a-fdb1e1554fc8,2.0,,,,,,,,,,,,,,,,,,,,,,,,Military PT 2,,,,,,,,,"(0.2, 1.8, 9.7)",,,"(-12.0, 0.0, 1.1)",
PLAYER_POSITIONS,6959,6/26/2026 12:52:29 PM,656b7e14-f368-4196-b68a-fdb1e1554fc8,2.0,,,,,,,,,,,,,,,,,,,,,,,,,,,,,,,,,,,"(-11.6, 0.9, 10.5)","(-11.8, 1.8, 10.7)","(-11.7, 1.3, 10.5)",
PLAYER_GAZE,6959,6/26/2026 12:52:29 PM,656b7e14-f368-4196-b68a-fdb1e1554fc8,2.0,,,,,,,,,,,,,,,,,,,,,,,,Military PT 2,,,,,,,,,"(0.2, 1.8, 9.7)",,,"(-12.0, 0.0, 1.1)",
PLAYER_POSITIONS,7461,6/26/2026 12:52:29 PM,656b7e14-f368-4196-b68a-fdb1e1554fc8,2.0,,,,,,,,,,,,,,,,,,,,,,,,,,,,,,,,,,,"(-11.6, 0.9, 10.5)","(-11.8, 1.9, 10.7)","(-11.7, 1.3, 10.5)",
PLAYER_GAZE,7461,6/26/2026 12:52:29 PM,656b7e14-f368-4196-b68a-fdb1e1554fc8,2.0,,,,,,,,,,,,,,,,,,,,,,,,Military PT 2,,,,,,,,,"(0.2, 1.9, 9.7)",,,"(-12.0, 0.0, 1.1)",
PLAYER_POSITIONS,7461,6/26/2026 12:52:29 PM,656b7e14-f368-4196-b68a-fdb1e1554fc8,2.0,,,,,,,,,,,,,,,,,,,,,,,,,,,,,,,,,,,"(-11.6, 0.9, 10.5)","(-11.8, 1.9, 10.7)","(-11.7, 1.3, 10.5)",
PLAYER_GAZE,7461,6/26/2026 12:52:29 PM,656b7e14-f368-4196-b68a-fdb1e1554fc8,2.0,,,,,,,,,,,,,,,,,,,,,,,,Military PT 2,,,,,,,,,"(0.2, 1.9, 9.7)",,,"(-12.0, 0.0, 1.1)",
PLAYER_POSITIONS,7970,6/26/2026 12:52:30 PM,656b7e14-f368-4196-b68a-fdb1e1554fc8,2.0,,,,,,,,,,,,,,,,,,,,,,,,,,,,,,,,,,,"(-11.6, 0.9, 10.5)","(-11.8, 1.8, 10.7)","(-11.7, 1.3, 10.5)",
PLAYER_GAZE,7970,6/26/2026 12:52:30 PM,656b7e14-f368-4196-b68a-fdb1e1554fc8,2.0,,,,,,,,,,,,,,,,,,,,,,,,Military PT 4,,,,,,,,,"(-0.7, 1.8, 15.5)",,,"(-11.1, 0.0, -4.7)",
PLAYER_POSITIONS,7970,6/26/2026 12:52:30 PM,656b7e14-f368-4196-b68a-fdb1e1554fc8,2.0,,,,,,,,,,,,,,,,,,,,,,,,,,,,,,,,,,,"(-11.6, 0.9, 10.5)","(-11.8, 1.8, 10.7)","(-11.7, 1.3, 10.5)",
PLAYER_GAZE,7970,6/26/2026 12:52:30 PM,656b7e14-f368-4196-b68a-fdb1e1554fc8,2.0,,,,,,,,,,,,,,,,,,,,,,,,Military PT 4,,,,,,,,,"(-0.7, 1.8, 15.5)",,,"(-11.1, 0.0, -4.7)",
PLAYER_POSITIONS,8482,6/26/2026 12:52:30 PM,656b7e14-f368-4196-b68a-fdb1e1554fc8,2.0,,,,,,,,,,,,,,,,,,,,,,,,,,,,,,,,,,,"(-11.6, 0.9, 10.6)","(-11.8, 1.8, 10.7)","(-11.7, 1.3, 10.5)",
PLAYER_GAZE,8482,6/26/2026 12:52:30 PM,656b7e14-f368-4196-b68a-fdb1e1554fc8,2.0,,,,,,,,,,,,,,,,,,,,,,,,Military PT 4,,,,,,,,,"(-0.7, 1.8, 15.5)",,,"(-11.1, 0.0, -4.7)",
PLAYER_POSITIONS,8482,6/26/2026 12:52:30 PM,656b7e14-f368-4196-b68a-fdb1e1554fc8,2.0,,,,,,,,,,,,,,,,,,,,,,,,,,,,,,,,,,,"(-11.6, 0.9, 10.6)","(-11.8, 1.8, 10.7)","(-11.7, 1.3, 10.5)",
PLAYER_GAZE,8482,6/26/2026 12:52:30 PM,656b7e14-f368-4196-b68a-fdb1e1554fc8,2.0,,,,,,,,,,,,,,,,,,,,,,,,Military PT 4,,,,,,,,,"(-0.7, 1.8, 15.5)",,,"(-11.1, 0.0, -4.7)",
PLAYER_POSITIONS,8993,6/26/2026 12:52:31 PM,656b7e14-f368-4196-b68a-fdb1e1554fc8,2.0,,,,,,,,,,,,,,,,,,,,,,,,,,,,,,,,,,,"(-11.6, 0.9, 10.6)","(-11.8, 1.8, 10.7)","(-11.7, 1.3, 10.5)",
PLAYER_POSITIONS,8993,6/26/2026 12:52:31 PM,656b7e14-f368-4196-b68a-fdb1e1554fc8,2.0,,,,,,,,,,,,,,,,,,,,,,,,,,,,,,,,,,,"(-11.6, 0.9, 10.6)","(-11.8, 1.8, 10.7)","(-11.7, 1.3, 10.5)",
PLAYER_POSITIONS,9511,6/26/2026 12:52:31 PM,656b7e14-f368-4196-b68a-fdb1e1554fc8,2.0,,,,,,,,,,,,,,,,,,,,,,,,,,,,,,,,,,,"(-11.6, 0.9, 10.6)","(-11.8, 1.8, 10.7)","(-11.7, 1.3, 10.5)",
PLAYER_GAZE,9511,6/26/2026 12:52:31 PM,656b7e14-f368-4196-b68a-fdb1e1554fc8,2.0,,,,,,,,,,,,,,,,,,,,,,,,Military PT 2,,,,,,,,,"(0.2, 1.8, 9.7)",,,"(-12.0, 0.0, 1.1)",
PLAYER_POSITIONS,9511,6/26/2026 12:52:31 PM,656b7e14-f368-4196-b68a-fdb1e1554fc8,2.0,,,,,,,,,,,,,,,,,,,,,,,,,,,,,,,,,,,"(-11.6, 0.9, 10.6)","(-11.8, 1.8, 10.7)","(-11.7, 1.3, 10.5)",
PLAYER_GAZE,9511,6/26/2026 12:52:31 PM,656b7e14-f368-4196-b68a-fdb1e1554fc8,2.0,,,,,,,,,,,,,,,,,,,,,,,,Military PT 2,,,,,,,,,"(0.2, 1.8, 9.7)",,,"(-12.0, 0.0, 1.1)",
PLAYER_POSITIONS,10011,6/26/2026 12:52:32 PM,656b7e14-f368-4196-b68a-fdb1e1554fc8,2.0,,,,,,,,,,,,,,,,,,,,,,,,,,,,,,,,,,,"(-11.6, 0.9, 10.6)","(-11.8, 1.8, 10.7)","(-11.7, 1.3, 10.5)",
PLAYER_GAZE,10011,6/26/2026 12:52:32 PM,656b7e14-f368-4196-b68a-fdb1e1554fc8,2.0,,,,,,,,,,,,,,,,,,,,,,,,Military PT 12,,,,,,,,,"(1.0, 1.8, 14.8)",,,"(-12.8, 0.0, -4.1)",
PLAYER_POSITIONS,10011,6/26/2026 12:52:32 PM,656b7e14-f368-4196-b68a-fdb1e1554fc8,2.0,,,,,,,,,,,,,,,,,,,,,,,,,,,,,,,,,,,"(-11.6, 0.9, 10.6)","(-11.8, 1.8, 10.7)","(-11.7, 1.3, 10.5)",
PLAYER_GAZE,10011,6/26/2026 12:52:32 PM,656b7e14-f368-4196-b68a-fdb1e1554fc8,2.0,,,,,,,,,,,,,,,,,,,,,,,,Military PT 12,,,,,,,,,"(1.0, 1.8, 14.8)",,,"(-12.8, 0.0, -4.1)",
PLAYER_POSITIONS,10522,6/26/2026 12:52:32 PM,656b7e14-f368-4196-b68a-fdb1e1554fc8,2.0,,,,,,,,,,,,,,,,,,,,,,,,,,,,,,,,,,,"(-11.6, 0.9, 10.6)","(-11.8, 1.8, 10.7)","(-11.7, 1.3, 10.5)",
PLAYER_GAZE,10522,6/26/2026 12:52:32 PM,656b7e14-f368-4196-b68a-fdb1e1554fc8,2.0,,,,,,,,,,,,,,,,,,,,,,,,Military PT 2,,,,,,,,,"(0.2, 1.8, 9.7)",,,"(-12.0, 0.0, 1.1)",
PLAYER_POSITIONS,10522,6/26/2026 12:52:32 PM,656b7e14-f368-4196-b68a-fdb1e1554fc8,2.0,,,,,,,,,,,,,,,,,,,,,,,,,,,,,,,,,,,"(-11.6, 0.9, 10.6)","(-11.8, 1.8, 10.7)","(-11.7, 1.3, 10.5)",
PLAYER_GAZE,10522,6/26/2026 12:52:32 PM,656b7e14-f368-4196-b68a-fdb1e1554fc8,2.0,,,,,,,,,,,,,,,,,,,,,,,,Military PT 2,,,,,,,,,"(0.2, 1.8, 9.7)",,,"(-12.0, 0.0, 1.1)",
PLAYER_POSITIONS,11034,6/26/2026 12:52:33 PM,656b7e14-f368-4196-b68a-fdb1e1554fc8,2.0,,,,,,,,,,,,,,,,,,,,,,,,,,,,,,,,,,,"(-11.6, 0.9, 10.6)","(-11.8, 1.8, 10.7)","(-11.7, 1.3, 10.5)",
PLAYER_GAZE,11034,6/26/2026 12:52:33 PM,656b7e14-f368-4196-b68a-fdb1e1554fc8,2.0,,,,,,,,,,,,,,,,,,,,,,,,Military PT 2,,,,,,,,,"(0.2, 1.8, 9.7)",,,"(-12.0, 0.0, 1.1)",
PLAYER_POSITIONS,11034,6/26/2026 12:52:33 PM,656b7e14-f368-4196-b68a-fdb1e1554fc8,2.0,,,,,,,,,,,,,,,,,,,,,,,,,,,,,,,,,,,"(-11.6, 0.9, 10.6)","(-11.8, 1.8, 10.7)","(-11.7, 1.3, 10.5)",
PLAYER_GAZE,11034,6/26/2026 12:52:33 PM,656b7e14-f368-4196-b68a-fdb1e1554fc8,2.0,,,,,,,,,,,,,,,,,,,,,,,,Military PT 2,,,,,,,,,"(0.2, 1.8, 9.7)",,,"(-12.0, 0.0, 1.1)",
PLAYER_POSITIONS,11545,6/26/2026 12:52:33 PM,656b7e14-f368-4196-b68a-fdb1e1554fc8,2.0,,,,,,,,,,,,,,,,,,,,,,,,,,,,,,,,,,,"(-11.6, 0.9, 10.6)","(-11.8, 1.8, 10.7)","(-11.7, 1.3, 10.5)",
PLAYER_GAZE,11545,6/26/2026 12:52:33 PM,656b7e14-f368-4196-b68a-fdb1e1554fc8,2.0,,,,,,,,,,,,,,,,,,,,,,,,Military PT 2,,,,,,,,,"(0.2, 1.8, 9.7)",,,"(-12.0, 0.0, 1.1)",
PLAYER_POSITIONS,11545,6/26/2026 12:52:33 PM,656b7e14-f368-4196-b68a-fdb1e1554fc8,2.0,,,,,,,,,,,,,,,,,,,,,,,,,,,,,,,,,,,"(-11.6, 0.9, 10.6)","(-11.8, 1.8, 10.7)","(-11.7, 1.3, 10.5)",
PLAYER_GAZE,11545,6/26/2026 12:52:33 PM,656b7e14-f368-4196-b68a-fdb1e1554fc8,2.0,,,,,,,,,,,,,,,,,,,,,,,,Military PT 2,,,,,,,,,"(0.2, 1.8, 9.7)",,,"(-12.0, 0.0, 1.1)",
PLAYER_POSITIONS,12045,6/26/2026 12:52:34 PM,656b7e14-f368-4196-b68a-fdb1e1554fc8,2.0,,,,,,,,,,,,,,,,,,,,,,,,,,,,,,,,,,,"(-11.6, 0.9, 10.6)","(-11.8, 1.8, 10.7)","(-11.7, 1.3, 10.5)",
PLAYER_POSITIONS,12045,6/26/2026 12:52:34 PM,656b7e14-f368-4196-b68a-fdb1e1554fc8,2.0,,,,,,,,,,,,,,,,,,,,,,,,,,,,,,,,,,,"(-11.6, 0.9, 10.6)","(-11.8, 1.8, 10.7)","(-11.7, 1.3, 10.5)",
PLAYER_POSITIONS,12557,6/26/2026 12:52:34 PM,656b7e14-f368-4196-b68a-fdb1e1554fc8,2.0,,,,,,,,,,,,,,,,,,,,,,,,,,,,,,,,,,,"(-11.6, 0.9, 10.6)","(-11.8, 1.8, 10.7)","(-11.7, 1.3, 10.5)",
PLAYER_POSITIONS,12557,6/26/2026 12:52:34 PM,656b7e14-f368-4196-b68a-fdb1e1554fc8,2.0,,,,,,,,,,,,,,,,,,,,,,,,,,,,,,,,,,,"(-11.6, 0.9, 10.6)","(-11.8, 1.8, 10.7)","(-11.7, 1.3, 10.5)",
PLAYER_POSITIONS,13058,6/26/2026 12:52:35 PM,656b7e14-f368-4196-b68a-fdb1e1554fc8,2.0,,,,,,,,,,,,,,,,,,,,,,,,,,,,,,,,,,,"(-11.6, 0.9, 10.6)","(-11.8, 1.8, 10.7)","(-11.7, 1.3, 10.5)",
PLAYER_GAZE,13058,6/26/2026 12:52:35 PM,656b7e14-f368-4196-b68a-fdb1e1554fc8,2.0,,,,,,,,,,,,,,,,,,,,,,,,Military PT 2,,,,,,,,,"(0.2, 1.8, 9.7)",,,"(-12.0, 0.0, 1.1)",
PLAYER_POSITIONS,13058,6/26/2026 12:52:35 PM,656b7e14-f368-4196-b68a-fdb1e1554fc8,2.0,,,,,,,,,,,,,,,,,,,,,,,,,,,,,,,,,,,"(-11.6, 0.9, 10.6)","(-11.8, 1.8, 10.7)","(-11.7, 1.3, 10.5)",
PLAYER_GAZE,13058,6/26/2026 12:52:35 PM,656b7e14-f368-4196-b68a-fdb1e1554fc8,2.0,,,,,,,,,,,,,,,,,,,,,,,,Military PT 2,,,,,,,,,"(0.2, 1.8, 9.7)",,,"(-12.0, 0.0, 1.1)",
PLAYER_POSITIONS,13559,6/26/2026 12:52:35 PM,656b7e14-f368-4196-b68a-fdb1e1554fc8,2.0,,,,,,,,,,,,,,,,,,,,,,,,,,,,,,,,,,,"(-11.6, 0.9, 10.6)","(-11.8, 1.8, 10.7)","(-11.7, 1.3, 10.5)",
PLAYER_POSITIONS,13559,6/26/2026 12:52:35 PM,656b7e14-f368-4196-b68a-fdb1e1554fc8,2.0,,,,,,,,,,,,,,,,,,,,,,,,,,,,,,,,,,,"(-11.6, 0.9, 10.6)","(-11.8, 1.8, 10.7)","(-11.7, 1.3, 10.5)",
PLAYER_POSITIONS,14059,6/26/2026 12:52:36 PM,656b7e14-f368-4196-b68a-fdb1e1554fc8,2.0,,,,,,,,,,,,,,,,,,,,,,,,,,,,,,,,,,,"(-11.6, 0.9, 10.6)","(-11.8, 1.8, 10.7)","(-11.7, 1.3, 10.5)",
PLAYER_POSITIONS,14059,6/26/2026 12:52:36 PM,656b7e14-f368-4196-b68a-fdb1e1554fc8,2.0,,,,,,,,,,,,,,,,,,,,,,,,,,,,,,,,,,,"(-11.6, 0.9, 10.6)","(-11.8, 1.8, 10.7)","(-11.7, 1.3, 10.5)",
PLAYER_POSITIONS,14571,6/26/2026 12:52:36 PM,656b7e14-f368-4196-b68a-fdb1e1554fc8,2.0,,,,,,,,,,,,,,,,,,,,,,,,,,,,,,,,,,,"(-11.6, 0.9, 10.6)","(-11.8, 1.8, 10.7)","(-11.7, 1.3, 10.5)",
PLAYER_POSITIONS,14571,6/26/2026 12:52:36 PM,656b7e14-f368-4196-b68a-fdb1e1554fc8,2.0,,,,,,,,,,,,,,,,,,,,,,,,,,,,,,,,,,,"(-11.6, 0.9, 10.6)","(-11.8, 1.8, 10.7)","(-11.7, 1.3, 10.5)",
PLAYER_POSITIONS,15083,6/26/2026 12:52:37 PM,656b7e14-f368-4196-b68a-fdb1e1554fc8,2.0,,,,,,,,,,,,,,,,,,,,,,,,,,,,,,,,,,,"(-11.6, 0.9, 10.6)","(-11.8, 1.8, 10.7)","(-11.7, 1.3, 10.5)",
PLAYER_POSITIONS,15083,6/26/2026 12:52:37 PM,656b7e14-f368-4196-b68a-fdb1e1554fc8,2.0,,,,,,,,,,,,,,,,,,,,,,,,,,,,,,,,,,,"(-11.6, 0.9, 10.6)","(-11.8, 1.8, 10.7)","(-11.7, 1.3, 10.5)",
PLAYER_POSITIONS,15604,6/26/2026 12:52:37 PM,656b7e14-f368-4196-b68a-fdb1e1554fc8,2.0,,,,,,,,,,,,,,,,,,,,,,,,,,,,,,,,,,,"(-11.6, 0.9, 10.6)","(-11.8, 1.8, 10.7)","(-11.7, 1.3, 10.5)",
PLAYER_POSITIONS,15604,6/26/2026 12:52:37 PM,656b7e14-f368-4196-b68a-fdb1e1554fc8,2.0,,,,,,,,,,,,,,,,,,,,,,,,,,,,,,,,,,,"(-11.6, 0.9, 10.6)","(-11.8, 1.8, 10.7)","(-11.7, 1.3, 10.5)",
PLAYER_POSITIONS,16125,6/26/2026 12:52:38 PM,656b7e14-f368-4196-b68a-fdb1e1554fc8,2.0,,,,,,,,,,,,,,,,,,,,,,,,,,,,,,,,,,,"(-11.6, 0.9, 10.6)","(-11.8, 1.9, 10.7)","(-11.7, 1.3, 10.5)",
PLAYER_GAZE,16125,6/26/2026 12:52:38 PM,656b7e14-f368-4196-b68a-fdb1e1554fc8,2.0,,,,,,,,,,,,,,,,,,,,,,,,Military PT 5,,,,,,,,,"(-2.3, 1.9, 9.0)",,,"(-9.4, 0.0, 1.7)",
PLAYER_POSITIONS,16125,6/26/2026 12:52:38 PM,656b7e14-f368-4196-b68a-fdb1e1554fc8,2.0,,,,,,,,,,,,,,,,,,,,,,,,,,,,,,,,,,,"(-11.6, 0.9, 10.6)","(-11.8, 1.9, 10.7)","(-11.7, 1.3, 10.5)",
PLAYER_GAZE,16125,6/26/2026 12:52:38 PM,656b7e14-f368-4196-b68a-fdb1e1554fc8,2.0,,,,,,,,,,,,,,,,,,,,,,,,Military PT 5,,,,,,,,,"(-2.3, 1.9, 9.0)",,,"(-9.4, 0.0, 1.7)",
PLAYER_POSITIONS,16628,6/26/2026 12:52:38 PM,656b7e14-f368-4196-b68a-fdb1e1554fc8,2.0,,,,,,,,,,,,,,,,,,,,,,,,,,,,,,,,,,,"(-11.6, 0.9, 10.6)","(-11.8, 1.9, 10.7)","(-11.7, 1.3, 10.5)",
PLAYER_POSITIONS,16628,6/26/2026 12:52:38 PM,656b7e14-f368-4196-b68a-fdb1e1554fc8,2.0,,,,,,,,,,,,,,,,,,,,,,,,,,,,,,,,,,,"(-11.6, 0.9, 10.6)","(-11.8, 1.9, 10.7)","(-11.7, 1.3, 10.5)",
PLAYER_POSITIONS,17132,6/26/2026 12:52:39 PM,656b7e14-f368-4196-b68a-fdb1e1554fc8,2.0,,,,,,,,,,,,,,,,,,,,,,,,,,,,,,,,,,,"(-11.6, 0.9, 10.6)","(-11.8, 1.8, 10.7)","(-11.7, 1.2, 10.5)",
PLAYER_POSITIONS,17132,6/26/2026 12:52:39 PM,656b7e14-f368-4196-b68a-fdb1e1554fc8,2.0,,,,,,,,,,,,,,,,,,,,,,,,,,,,,,,,,,,"(-11.6, 0.9, 10.6)","(-11.8, 1.8, 10.7)","(-11.7, 1.2, 10.5)",
PLAYER_POSITIONS,17639,6/26/2026 12:52:39 PM,656b7e14-f368-4196-b68a-fdb1e1554fc8,2.0,,,,,,,,,,,,,,,,,,,,,,,,,,,,,,,,,,,"(-11.6, 0.9, 10.6)","(-11.8, 1.9, 10.7)","(-11.7, 1.3, 10.5)",
PLAYER_GAZE,17639,6/26/2026 12:52:39 PM,656b7e14-f368-4196-b68a-fdb1e1554fc8,2.0,,,,,,,,,,,,,,,,,,,,,,,,Military PT 10,,,,,,,,,"(-2.2, 1.9, 13.6)",,,"(-9.6, 0.0, -2.9)",
PLAYER_POSITIONS,17639,6/26/2026 12:52:39 PM,656b7e14-f368-4196-b68a-fdb1e1554fc8,2.0,,,,,,,,,,,,,,,,,,,,,,,,,,,,,,,,,,,"(-11.6, 0.9, 10.6)","(-11.8, 1.9, 10.7)","(-11.7, 1.3, 10.5)",
PLAYER_GAZE,17639,6/26/2026 12:52:39 PM,656b7e14-f368-4196-b68a-fdb1e1554fc8,2.0,,,,,,,,,,,,,,,,,,,,,,,,Military PT 10,,,,,,,,,"(-2.2, 1.9, 13.6)",,,"(-9.6, 0.0, -2.9)",
PLAYER_POSITIONS,18139,6/26/2026 12:52:40 PM,656b7e14-f368-4196-b68a-fdb1e1554fc8,2.0,,,,,,,,,,,,,,,,,,,,,,,,,,,,,,,,,,,"(-11.6, 0.9, 10.6)","(-11.8, 1.9, 10.7)","(-11.7, 1.3, 10.5)",
PLAYER_GAZE,18139,6/26/2026 12:52:40 PM,656b7e14-f368-4196-b68a-fdb1e1554fc8,2.0,,,,,,,,,,,,,,,,,,,,,,,,Military PT 10,,,,,,,,,"(-2.2, 1.9, 13.6)",,,"(-9.6, 0.0, -2.9)",
PLAYER_POSITIONS,18139,6/26/2026 12:52:40 PM,656b7e14-f368-4196-b68a-fdb1e1554fc8,2.0,,,,,,,,,,,,,,,,,,,,,,,,,,,,,,,,,,,"(-11.6, 0.9, 10.6)","(-11.8, 1.9, 10.7)","(-11.7, 1.3, 10.5)",
PLAYER_GAZE,18139,6/26/2026 12:52:40 PM,656b7e14-f368-4196-b68a-fdb1e1554fc8,2.0,,,,,,,,,,,,,,,,,,,,,,,,Military PT 10,,,,,,,,,"(-2.2, 1.9, 13.6)",,,"(-9.6, 0.0, -2.9)",
PLAYER_POSITIONS,18640,6/26/2026 12:52:40 PM,656b7e14-f368-4196-b68a-fdb1e1554fc8,2.0,,,,,,,,,,,,,,,,,,,,,,,,,,,,,,,,,,,"(-11.6, 0.9, 10.6)","(-11.8, 1.8, 10.7)","(-11.7, 1.3, 10.5)",
PLAYER_GAZE,18640,6/26/2026 12:52:40 PM,656b7e14-f368-4196-b68a-fdb1e1554fc8,2.0,,,,,,,,,,,,,,,,,,,,,,,,Military PT 10,,,,,,,,,"(-2.2, 1.8, 13.6)",,,"(-9.6, 0.0, -2.9)",
PLAYER_POSITIONS,18640,6/26/2026 12:52:40 PM,656b7e14-f368-4196-b68a-fdb1e1554fc8,2.0,,,,,,,,,,,,,,,,,,,,,,,,,,,,,,,,,,,"(-11.6, 0.9, 10.6)","(-11.8, 1.8, 10.7)","(-11.7, 1.3, 10.5)",
PLAYER_GAZE,18640,6/26/2026 12:52:40 PM,656b7e14-f368-4196-b68a-fdb1e1554fc8,2.0,,,,,,,,,,,,,,,,,,,,,,,,Military PT 10,,,,,,,,,"(-2.2, 1.8, 13.6)",,,"(-9.6, 0.0, -2.9)",
PLAYER_POSITIONS,19159,6/26/2026 12:52:41 PM,656b7e14-f368-4196-b68a-fdb1e1554fc8,2.0,,,,,,,,,,,,,,,,,,,,,,,,,,,,,,,,,,,"(-11.6, 0.9, 10.6)","(-11.8, 1.8, 10.7)","(-11.7, 1.3, 10.5)",
PLAYER_POSITIONS,19159,6/26/2026 12:52:41 PM,656b7e14-f368-4196-b68a-fdb1e1554fc8,2.0,,,,,,,,,,,,,,,,,,,,,,,,,,,,,,,,,,,"(-11.6, 0.9, 10.6)","(-11.8, 1.8, 10.7)","(-11.7, 1.3, 10.5)",
PLAYER_POSITIONS,19661,6/26/2026 12:52:41 PM,656b7e14-f368-4196-b68a-fdb1e1554fc8,2.0,,,,,,,,,,,,,,,,,,,,,,,,,,,,,,,,,,,"(-11.6, 0.9, 10.6)","(-11.8, 1.8, 10.7)","(-11.7, 1.2, 10.5)",
PLAYER_GAZE,19661,6/26/2026 12:52:41 PM,656b7e14-f368-4196-b68a-fdb1e1554fc8,2.0,,,,,,,,,,,,,,,,,,,,,,,,Military PT 2,,,,,,,,,"(0.2, 1.8, 9.7)",,,"(-12.0, 0.0, 1.1)",
PLAYER_POSITIONS,19661,6/26/2026 12:52:41 PM,656b7e14-f368-4196-b68a-fdb1e1554fc8,2.0,,,,,,,,,,,,,,,,,,,,,,,,,,,,,,,,,,,"(-11.6, 0.9, 10.6)","(-11.8, 1.8, 10.7)","(-11.7, 1.2, 10.5)",
PLAYER_GAZE,19661,6/26/2026 12:52:41 PM,656b7e14-f368-4196-b68a-fdb1e1554fc8,2.0,,,,,,,,,,,,,,,,,,,,,,,,Military PT 2,,,,,,,,,"(0.2, 1.8, 9.7)",,,"(-12.0, 0.0, 1.1)",
PLAYER_POSITIONS,20171,6/26/2026 12:52:42 PM,656b7e14-f368-4196-b68a-fdb1e1554fc8,2.0,,,,,,,,,,,,,,,,,,,,,,,,,,,,,,,,,,,"(-11.6, 0.9, 10.6)","(-11.8, 1.8, 10.7)","(-11.7, 1.2, 10.5)",
PLAYER_GAZE,20171,6/26/2026 12:52:42 PM,656b7e14-f368-4196-b68a-fdb1e1554fc8,2.0,,,,,,,,,,,,,,,,,,,,,,,,Military PT 12,,,,,,,,,"(1.0, 1.8, 14.8)",,,"(-12.8, 0.0, -4.1)",
PLAYER_POSITIONS,20171,6/26/2026 12:52:42 PM,656b7e14-f368-4196-b68a-fdb1e1554fc8,2.0,,,,,,,,,,,,,,,,,,,,,,,,,,,,,,,,,,,"(-11.6, 0.9, 10.6)","(-11.8, 1.8, 10.7)","(-11.7, 1.2, 10.5)",
PLAYER_GAZE,20171,6/26/2026 12:52:42 PM,656b7e14-f368-4196-b68a-fdb1e1554fc8,2.0,,,,,,,,,,,,,,,,,,,,,,,,Military PT 12,,,,,,,,,"(1.0, 1.8, 14.8)",,,"(-12.8, 0.0, -4.1)",
PLAYER_POSITIONS,20675,6/26/2026 12:52:42 PM,656b7e14-f368-4196-b68a-fdb1e1554fc8,2.0,,,,,,,,,,,,,,,,,,,,,,,,,,,,,,,,,,,"(-11.6, 0.9, 10.6)","(-11.8, 1.8, 10.7)","(-11.7, 1.2, 10.5)",
PLAYER_POSITIONS,20675,6/26/2026 12:52:42 PM,656b7e14-f368-4196-b68a-fdb1e1554fc8,2.0,,,,,,,,,,,,,,,,,,,,,,,,,,,,,,,,,,,"(-11.6, 0.9, 10.6)","(-11.8, 1.8, 10.7)","(-11.7, 1.2, 10.5)",
PLAYER_POSITIONS,21177,6/26/2026 12:52:43 PM,656b7e14-f368-4196-b68a-fdb1e1554fc8,2.0,,,,,,,,,,,,,,,,,,,,,,,,,,,,,,,,,,,"(-11.6, 0.9, 10.6)","(-11.8, 1.8, 10.7)","(-11.7, 1.2, 10.5)",
PLAYER_POSITIONS,21177,6/26/2026 12:52:43 PM,656b7e14-f368-4196-b68a-fdb1e1554fc8,2.0,,,,,,,,,,,,,,,,,,,,,,,,,,,,,,,,,,,"(-11.6, 0.9, 10.6)","(-11.8, 1.8, 10.7)","(-11.7, 1.2, 10.5)",
PLAYER_POSITIONS,21688,6/26/2026 12:52:43 PM,656b7e14-f368-4196-b68a-fdb1e1554fc8,2.0,,,,,,,,,,,,,,,,,,,,,,,,,,,,,,,,,,,"(-11.6, 0.9, 10.6)","(-11.8, 1.8, 10.7)","(-11.7, 1.3, 10.5)",
PLAYER_GAZE,21688,6/26/2026 12:52:43 PM,656b7e14-f368-4196-b68a-fdb1e1554fc8,2.0,,,,,,,,,,,,,,,,,,,,,,,,Military PT 2,,,,,,,,,"(0.2, 1.8, 9.7)",,,"(-12.0, 0.0, 1.1)",
PLAYER_POSITIONS,21688,6/26/2026 12:52:43 PM,656b7e14-f368-4196-b68a-fdb1e1554fc8,2.0,,,,,,,,,,,,,,,,,,,,,,,,,,,,,,,,,,,"(-11.6, 0.9, 10.6)","(-11.8, 1.8, 10.7)","(-11.7, 1.3, 10.5)",
PLAYER_GAZE,21688,6/26/2026 12:52:43 PM,656b7e14-f368-4196-b68a-fdb1e1554fc8,2.0,,,,,,,,,,,,,,,,,,,,,,,,Military PT 2,,,,,,,,,"(0.2, 1.8, 9.7)",,,"(-12.0, 0.0, 1.1)",
PLAYER_POSITIONS,22191,6/26/2026 12:52:44 PM,656b7e14-f368-4196-b68a-fdb1e1554fc8,2.0,,,,,,,,,,,,,,,,,,,,,,,,,,,,,,,,,,,"(-11.6, 0.9, 10.6)","(-11.8, 1.8, 10.7)","(-11.7, 1.3, 10.5)",
PLAYER_GAZE,22191,6/26/2026 12:52:44 PM,656b7e14-f368-4196-b68a-fdb1e1554fc8,2.0,,,,,,,,,,,,,,,,,,,,,,,,Military PT 2,,,,,,,,,"(0.2, 1.8, 9.7)",,,"(-12.0, 0.0, 1.1)",
PLAYER_POSITIONS,22191,6/26/2026 12:52:44 PM,656b7e14-f368-4196-b68a-fdb1e1554fc8,2.0,,,,,,,,,,,,,,,,,,,,,,,,,,,,,,,,,,,"(-11.6, 0.9, 10.6)","(-11.8, 1.8, 10.7)","(-11.7, 1.3, 10.5)",
PLAYER_GAZE,22191,6/26/2026 12:52:44 PM,656b7e14-f368-4196-b68a-fdb1e1554fc8,2.0,,,,,,,,,,,,,,,,,,,,,,,,Military PT 2,,,,,,,,,"(0.2, 1.8, 9.7)",,,"(-12.0, 0.0, 1.1)",
PLAYER_POSITIONS,22701,6/26/2026 12:52:44 PM,656b7e14-f368-4196-b68a-fdb1e1554fc8,2.0,,,,,,,,,,,,,,,,,,,,,,,,,,,,,,,,,,,"(-11.6, 0.9, 10.6)","(-11.8, 1.8, 10.7)","(-11.7, 1.3, 10.5)",
PLAYER_GAZE,22701,6/26/2026 12:52:44 PM,656b7e14-f368-4196-b68a-fdb1e1554fc8,2.0,,,,,,,,,,,,,,,,,,,,,,,,Military PT 2,,,,,,,,,"(0.2, 1.8, 9.7)",,,"(-12.0, 0.0, 1.1)",
PLAYER_POSITIONS,22701,6/26/2026 12:52:44 PM,656b7e14-f368-4196-b68a-fdb1e1554fc8,2.0,,,,,,,,,,,,,,,,,,,,,,,,,,,,,,,,,,,"(-11.6, 0.9, 10.6)","(-11.8, 1.8, 10.7)","(-11.7, 1.3, 10.5)",
PLAYER_GAZE,22701,6/26/2026 12:52:44 PM,656b7e14-f368-4196-b68a-fdb1e1554fc8,2.0,,,,,,,,,,,,,,,,,,,,,,,,Military PT 2,,,,,,,,,"(0.2, 1.8, 9.7)",,,"(-12.0, 0.0, 1.1)",
PLAYER_POSITIONS,23202,6/26/2026 12:52:45 PM,656b7e14-f368-4196-b68a-fdb1e1554fc8,2.0,,,,,,,,,,,,,,,,,,,,,,,,,,,,,,,,,,,"(-11.6, 0.9, 10.6)","(-11.8, 1.8, 10.7)","(-11.7, 1.3, 10.5)",
PLAYER_POSITIONS,23202,6/26/2026 12:52:45 PM,656b7e14-f368-4196-b68a-fdb1e1554fc8,2.0,,,,,,,,,,,,,,,,,,,,,,,,,,,,,,,,,,,"(-11.6, 0.9, 10.6)","(-11.8, 1.8, 10.7)","(-11.7, 1.3, 10.5)",
PLAYER_POSITIONS,23712,6/26/2026 12:52:45 PM,656b7e14-f368-4196-b68a-fdb1e1554fc8,2.0,,,,,,,,,,,,,,,,,,,,,,,,,,,,,,,,,,,"(-11.6, 0.9, 10.6)","(-11.7, 1.9, 10.7)","(-11.7, 1.3, 10.5)",
PLAYER_GAZE,23712,6/26/2026 12:52:45 PM,656b7e14-f368-4196-b68a-fdb1e1554fc8,2.0,,,,,,,,,,,,,,,,,,,,,,,,Military PT 2,,,,,,,,,"(0.3, 1.9, 9.7)",,,"(-12.0, 0.0, 1.1)",
PLAYER_POSITIONS,23712,6/26/2026 12:52:45 PM,656b7e14-f368-4196-b68a-fdb1e1554fc8,2.0,,,,,,,,,,,,,,,,,,,,,,,,,,,,,,,,,,,"(-11.6, 0.9, 10.6)","(-11.7, 1.9, 10.7)","(-11.7, 1.3, 10.5)",
PLAYER_GAZE,23712,6/26/2026 12:52:45 PM,656b7e14-f368-4196-b68a-fdb1e1554fc8,2.0,,,,,,,,,,,,,,,,,,,,,,,,Military PT 2,,,,,,,,,"(0.3, 1.9, 9.7)",,,"(-12.0, 0.0, 1.1)",
PLAYER_POSITIONS,24220,6/26/2026 12:52:46 PM,656b7e14-f368-4196-b68a-fdb1e1554fc8,2.0,,,,,,,,,,,,,,,,,,,,,,,,,,,,,,,,,,,"(-11.6, 0.9, 10.6)","(-11.6, 1.9, 10.7)","(-11.6, 1.3, 10.5)",
PLAYER_POSITIONS,24220,6/26/2026 12:52:46 PM,656b7e14-f368-4196-b68a-fdb1e1554fc8,2.0,,,,,,,,,,,,,,,,,,,,,,,,,,,,,,,,,,,"(-11.6, 0.9, 10.6)","(-11.6, 1.9, 10.7)","(-11.6, 1.3, 10.5)",
PLAYER_POSITIONS,24731,6/26/2026 12:52:46 PM,656b7e14-f368-4196-b68a-fdb1e1554fc8,2.0,,,,,,,,,,,,,,,,,,,,,,,,,,,,,,,,,,,"(-11.6, 0.9, 10.6)","(-11.5, 1.8, 10.7)","(-11.7, 1.2, 10.5)",
PLAYER_POSITIONS,24731,6/26/2026 12:52:46 PM,656b7e14-f368-4196-b68a-fdb1e1554fc8,2.0,,,,,,,,,,,,,,,,,,,,,,,,,,,,,,,,,,,"(-11.6, 0.9, 10.6)","(-11.5, 1.8, 10.7)","(-11.7, 1.2, 10.5)",
PLAYER_POSITIONS,25235,6/26/2026 12:52:47 PM,656b7e14-f368-4196-b68a-fdb1e1554fc8,2.0,,,,,,,,,,,,,,,,,,,,,,,,,,,,,,,,,,,"(-11.4, 0.9, 10.6)","(-11.5, 1.8, 10.6)","(-11.9, 0.9, 10.7)",
PLAYER_POSITIONS,25235,6/26/2026 12:52:47 PM,656b7e14-f368-4196-b68a-fdb1e1554fc8,2.0,,,,,,,,,,,,,,,,,,,,,,,,,,,,,,,,,,,"(-11.4, 0.9, 10.6)","(-11.5, 1.8, 10.6)","(-11.9, 0.9, 10.7)",
PLAYER_POSITIONS,25747,6/26/2026 12:52:47 PM,656b7e14-f368-4196-b68a-fdb1e1554fc8,2.0,,,,,,,,,,,,,,,,,,,,,,,,,,,,,,,,,,,"(-11.4, 0.9, 10.5)","(-11.6, 1.8, 10.7)","(-11.8, 1.0, 10.5)",
PLAYER_POSITIONS,25747,6/26/2026 12:52:47 PM,656b7e14-f368-4196-b68a-fdb1e1554fc8,2.0,,,,,,,,,,,,,,,,,,,,,,,,,,,,,,,,,,,"(-11.4, 0.9, 10.5)","(-11.6, 1.8, 10.7)","(-11.8, 1.0, 10.5)",
PLAYER_POSITIONS,26248,6/26/2026 12:52:48 PM,656b7e14-f368-4196-b68a-fdb1e1554fc8,2.0,,,,,,,,,,,,,,,,,,,,,,,,,,,,,,,,,,,"(-11.4, 0.8, 10.6)","(-11.6, 1.8, 10.7)","(-11.9, 0.9, 10.7)",
PLAYER_POSITIONS,26248,6/26/2026 12:52:48 PM,656b7e14-f368-4196-b68a-fdb1e1554fc8,2.0,,,,,,,,,,,,,,,,,,,,,,,,,,,,,,,,,,,"(-11.4, 0.8, 10.6)","(-11.6, 1.8, 10.7)","(-11.9, 0.9, 10.7)",
PLAYER_POSITIONS,26759,6/26/2026 12:52:48 PM,656b7e14-f368-4196-b68a-fdb1e1554fc8,2.0,,,,,,,,,,,,,,,,,,,,,,,,,,,,,,,,,,,"(-11.4, 0.9, 10.5)","(-11.6, 1.8, 10.7)","(-11.9, 0.9, 10.6)",
PLAYER_POSITIONS,26759,6/26/2026 12:52:48 PM,656b7e14-f368-4196-b68a-fdb1e1554fc8,2.0,,,,,,,,,,,,,,,,,,,,,,,,,,,,,,,,,,,"(-11.4, 0.9, 10.5)","(-11.6, 1.8, 10.7)","(-11.9, 0.9, 10.6)",
PLAYER_POSITIONS,27261,6/26/2026 12:52:49 PM,656b7e14-f368-4196-b68a-fdb1e1554fc8,2.0,,,,,,,,,,,,,,,,,,,,,,,,,,,,,,,,,,,"(-11.4, 0.9, 10.6)","(-11.5, 1.8, 10.7)","(-11.9, 0.9, 10.6)",
PLAYER_POSITIONS,27261,6/26/2026 12:52:49 PM,656b7e14-f368-4196-b68a-fdb1e1554fc8,2.0,,,,,,,,,,,,,,,,,,,,,,,,,,,,,,,,,,,"(-11.4, 0.9, 10.6)","(-11.5, 1.8, 10.7)","(-11.9, 0.9, 10.6)",
PLAYER_POSITIONS,27768,6/26/2026 12:52:49 PM,656b7e14-f368-4196-b68a-fdb1e1554fc8,2.0,,,,,,,,,,,,,,,,,,,,,,,,,,,,,,,,,,,"(-11.4, 0.9, 10.6)","(-11.6, 1.9, 10.7)","(-11.8, 0.9, 10.6)",
PLAYER_POSITIONS,27768,6/26/2026 12:52:49 PM,656b7e14-f368-4196-b68a-fdb1e1554fc8,2.0,,,,,,,,,,,,,,,,,,,,,,,,,,,,,,,,,,,"(-11.4, 0.9, 10.6)","(-11.6, 1.9, 10.7)","(-11.8, 0.9, 10.6)",
PLAYER_POSITIONS,28280,6/26/2026 12:52:50 PM,656b7e14-f368-4196-b68a-fdb1e1554fc8,2.0,,,,,,,,,,,,,,,,,,,,,,,,,,,,,,,,,,,"(-11.4, 0.9, 10.6)","(-11.6, 1.9, 10.7)","(-11.8, 0.9, 10.6)",
PLAYER_POSITIONS,28280,6/26/2026 12:52:50 PM,656b7e14-f368-4196-b68a-fdb1e1554fc8,2.0,,,,,,,,,,,,,,,,,,,,,,,,,,,,,,,,,,,"(-11.4, 0.9, 10.6)","(-11.6, 1.9, 10.7)","(-11.8, 0.9, 10.6)",
PLAYER_POSITIONS,28780,6/26/2026 12:52:50 PM,656b7e14-f368-4196-b68a-fdb1e1554fc8,2.0,,,,,,,,,,,,,,,,,,,,,,,,,,,,,,,,,,,"(-11.4, 0.9, 10.6)","(-11.6, 1.9, 10.7)","(-11.8, 0.9, 10.6)",
PLAYER_POSITIONS,28780,6/26/2026 12:52:50 PM,656b7e14-f368-4196-b68a-fdb1e1554fc8,2.0,,,,,,,,,,,,,,,,,,,,,,,,,,,,,,,,,,,"(-11.4, 0.9, 10.6)","(-11.6, 1.9, 10.7)","(-11.8, 0.9, 10.6)",
PLAYER_POSITIONS,29282,6/26/2026 12:52:51 PM,656b7e14-f368-4196-b68a-fdb1e1554fc8,2.0,,,,,,,,,,,,,,,,,,,,,,,,,,,,,,,,,,,"(-11.4, 0.9, 10.6)","(-11.5, 1.9, 10.7)","(-11.8, 1.0, 10.6)",
PLAYER_POSITIONS,29282,6/26/2026 12:52:51 PM,656b7e14-f368-4196-b68a-fdb1e1554fc8,2.0,,,,,,,,,,,,,,,,,,,,,,,,,,,,,,,,,,,"(-11.4, 0.9, 10.6)","(-11.5, 1.9, 10.7)","(-11.8, 1.0, 10.6)",
PLAYER_POSITIONS,29785,6/26/2026 12:52:51 PM,656b7e14-f368-4196-b68a-fdb1e1554fc8,2.0,,,,,,,,,,,,,,,,,,,,,,,,,,,,,,,,,,,"(-11.4, 0.9, 10.6)","(-11.5, 1.8, 10.7)","(-11.8, 1.0, 10.6)",
PLAYER_POSITIONS,29785,6/26/2026 12:52:51 PM,656b7e14-f368-4196-b68a-fdb1e1554fc8,2.0,,,,,,,,,,,,,,,,,,,,,,,,,,,,,,,,,,,"(-11.4, 0.9, 10.6)","(-11.5, 1.8, 10.7)","(-11.8, 1.0, 10.6)",
PLAYER_POSITIONS,30300,6/26/2026 12:52:52 PM,656b7e14-f368-4196-b68a-fdb1e1554fc8,2.0,,,,,,,,,,,,,,,,,,,,,,,,,,,,,,,,,,,"(-11.4, 0.9, 10.6)","(-11.6, 1.9, 10.7)","(-11.8, 1.0, 10.6)",
PLAYER_POSITIONS,30300,6/26/2026 12:52:52 PM,656b7e14-f368-4196-b68a-fdb1e1554fc8,2.0,,,,,,,,,,,,,,,,,,,,,,,,,,,,,,,,,,,"(-11.4, 0.9, 10.6)","(-11.6, 1.9, 10.7)","(-11.8, 1.0, 10.6)",
PLAYER_POSITIONS,30807,6/26/2026 12:52:52 PM,656b7e14-f368-4196-b68a-fdb1e1554fc8,2.0,,,,,,,,,,,,,,,,,,,,,,,,,,,,,,,,,,,"(-11.4, 1.0, 10.6)","(-11.5, 1.8, 10.7)","(-11.8, 1.0, 10.6)",
PLAYER_POSITIONS,30807,6/26/2026 12:52:52 PM,656b7e14-f368-4196-b68a-fdb1e1554fc8,2.0,,,,,,,,,,,,,,,,,,,,,,,,,,,,,,,,,,,"(-11.4, 1.0, 10.6)","(-11.5, 1.8, 10.7)","(-11.8, 1.0, 10.6)",
PLAYER_POSITIONS,31313,6/26/2026 12:52:53 PM,656b7e14-f368-4196-b68a-fdb1e1554fc8,2.0,,,,,,,,,,,,,,,,,,,,,,,,,,,,,,,,,,,"(-11.4, 1.0, 10.6)","(-11.5, 1.8, 10.7)","(-11.8, 1.0, 10.6)",
PLAYER_POSITIONS,31313,6/26/2026 12:52:53 PM,656b7e14-f368-4196-b68a-fdb1e1554fc8,2.0,,,,,,,,,,,,,,,,,,,,,,,,,,,,,,,,,,,"(-11.4, 1.0, 10.6)","(-11.5, 1.8, 10.7)","(-11.8, 1.0, 10.6)",
PLAYER_POSITIONS,31815,6/26/2026 12:52:53 PM,656b7e14-f368-4196-b68a-fdb1e1554fc8,2.0,,,,,,,,,,,,,,,,,,,,,,,,,,,,,,,,,,,"(-11.4, 1.0, 10.6)","(-11.5, 1.8, 10.7)","(-11.8, 1.0, 10.6)",
PLAYER_POSITIONS,31815,6/26/2026 12:52:53 PM,656b7e14-f368-4196-b68a-fdb1e1554fc8,2.0,,,,,,,,,,,,,,,,,,,,,,,,,,,,,,,,,,,"(-11.4, 1.0, 10.6)","(-11.5, 1.8, 10.7)","(-11.8, 1.0, 10.6)",
PLAYER_POSITIONS,32315,6/26/2026 12:52:54 PM,656b7e14-f368-4196-b68a-fdb1e1554fc8,2.0,,,,,,,,,,,,,,,,,,,,,,,,,,,,,,,,,,,"(-11.4, 1.0, 10.6)","(-11.5, 1.8, 10.7)","(-11.8, 1.0, 10.6)",
PLAYER_POSITIONS,32315,6/26/2026 12:52:54 PM,656b7e14-f368-4196-b68a-fdb1e1554fc8,2.0,,,,,,,,,,,,,,,,,,,,,,,,,,,,,,,,,,,"(-11.4, 1.0, 10.6)","(-11.5, 1.8, 10.7)","(-11.8, 1.0, 10.6)",
PLAYER_POSITIONS,32824,6/26/2026 12:52:54 PM,656b7e14-f368-4196-b68a-fdb1e1554fc8,2.0,,,,,,,,,,,,,,,,,,,,,,,,,,,,,,,,,,,"(-11.4, 1.0, 10.6)","(-11.5, 1.8, 10.7)","(-11.8, 1.0, 10.6)",
PLAYER_POSITIONS,32824,6/26/2026 12:52:54 PM,656b7e14-f368-4196-b68a-fdb1e1554fc8,2.0,,,,,,,,,,,,,,,,,,,,,,,,,,,,,,,,,,,"(-11.4, 1.0, 10.6)","(-11.5, 1.8, 10.7)","(-11.8, 1.0, 10.6)",
PLAYER_POSITIONS,33333,6/26/2026 12:52:55 PM,656b7e14-f368-4196-b68a-fdb1e1554fc8,2.0,,,,,,,,,,,,,,,,,,,,,,,,,,,,,,,,,,,"(-11.4, 1.0, 10.6)","(-11.5, 1.8, 10.7)","(-11.8, 1.0, 10.6)",
PLAYER_POSITIONS,33333,6/26/2026 12:52:55 PM,656b7e14-f368-4196-b68a-fdb1e1554fc8,2.0,,,,,,,,,,,,,,,,,,,,,,,,,,,,,,,,,,,"(-11.4, 1.0, 10.6)","(-11.5, 1.8, 10.7)","(-11.8, 1.0, 10.6)",
PLAYER_POSITIONS,33842,6/26/2026 12:52:55 PM,656b7e14-f368-4196-b68a-fdb1e1554fc8,2.0,,,,,,,,,,,,,,,,,,,,,,,,,,,,,,,,,,,"(-11.4, 1.0, 10.6)","(-11.5, 1.8, 10.7)","(-11.8, 1.0, 10.6)",
PLAYER_POSITIONS,33842,6/26/2026 12:52:55 PM,656b7e14-f368-4196-b68a-fdb1e1554fc8,2.0,,,,,,,,,,,,,,,,,,,,,,,,,,,,,,,,,,,"(-11.4, 1.0, 10.6)","(-11.5, 1.8, 10.7)","(-11.8, 1.0, 10.6)",
PLAYER_POSITIONS,34346,6/26/2026 12:52:56 PM,656b7e14-f368-4196-b68a-fdb1e1554fc8,2.0,,,,,,,,,,,,,,,,,,,,,,,,,,,,,,,,,,,"(-11.4, 1.0, 10.6)","(-11.5, 1.8, 10.7)","(-11.8, 1.0, 10.6)",
PLAYER_POSITIONS,34346,6/26/2026 12:52:56 PM,656b7e14-f368-4196-b68a-fdb1e1554fc8,2.0,,,,,,,,,,,,,,,,,,,,,,,,,,,,,,,,,,,"(-11.4, 1.0, 10.6)","(-11.5, 1.8, 10.7)","(-11.8, 1.0, 10.6)",
PLAYER_POSITIONS,34864,6/26/2026 12:52:56 PM,656b7e14-f368-4196-b68a-fdb1e1554fc8,2.0,,,,,,,,,,,,,,,,,,,,,,,,,,,,,,,,,,,"(-11.4, 1.0, 10.6)","(-11.5, 1.8, 10.7)","(-11.8, 1.0, 10.6)",
PLAYER_POSITIONS,34864,6/26/2026 12:52:56 PM,656b7e14-f368-4196-b68a-fdb1e1554fc8,2.0,,,,,,,,,,,,,,,,,,,,,,,,,,,,,,,,,,,"(-11.4, 1.0, 10.6)","(-11.5, 1.8, 10.7)","(-11.8, 1.0, 10.6)",
PLAYER_POSITIONS,35381,6/26/2026 12:52:57 PM,656b7e14-f368-4196-b68a-fdb1e1554fc8,2.0,,,,,,,,,,,,,,,,,,,,,,,,,,,,,,,,,,,"(-11.4, 1.0, 10.6)","(-11.6, 1.8, 10.7)","(-11.8, 1.0, 10.6)",
PLAYER_POSITIONS,35381,6/26/2026 12:52:57 PM,656b7e14-f368-4196-b68a-fdb1e1554fc8,2.0,,,,,,,,,,,,,,,,,,,,,,,,,,,,,,,,,,,"(-11.4, 1.0, 10.6)","(-11.6, 1.8, 10.7)","(-11.8, 1.0, 10.6)",
PLAYER_POSITIONS,35882,6/26/2026 12:52:58 PM,656b7e14-f368-4196-b68a-fdb1e1554fc8,2.0,,,,,,,,,,,,,,,,,,,,,,,,,,,,,,,,,,,"(-11.4, 1.0, 10.6)","(-11.6, 1.8, 10.7)","(-11.8, 1.0, 10.6)",
PLAYER_POSITIONS,35882,6/26/2026 12:52:58 PM,656b7e14-f368-4196-b68a-fdb1e1554fc8,2.0,,,,,,,,,,,,,,,,,,,,,,,,,,,,,,,,,,,"(-11.4, 1.0, 10.6)","(-11.6, 1.8, 10.7)","(-11.8, 1.0, 10.6)",
PLAYER_POSITIONS,36382,6/26/2026 12:52:58 PM,656b7e14-f368-4196-b68a-fdb1e1554fc8,2.0,,,,,,,,,,,,,,,,,,,,,,,,,,,,,,,,,,,"(-11.4, 1.0, 10.6)","(-11.6, 1.8, 10.7)","(-11.8, 1.0, 10.6)",
PLAYER_POSITIONS,36382,6/26/2026 12:52:58 PM,656b7e14-f368-4196-b68a-fdb1e1554fc8,2.0,,,,,,,,,,,,,,,,,,,,,,,,,,,,,,,,,,,"(-11.4, 1.0, 10.6)","(-11.6, 1.8, 10.7)","(-11.8, 1.0, 10.6)",
PLAYER_POSITIONS,36893,6/26/2026 12:52:59 PM,656b7e14-f368-4196-b68a-fdb1e1554fc8,2.0,,,,,,,,,,,,,,,,,,,,,,,,,,,,,,,,,,,"(-11.4, 1.0, 10.6)","(-11.6, 1.8, 10.7)","(-11.5, 1.6, 10.6)",
PLAYER_POSITIONS,36893,6/26/2026 12:52:59 PM,656b7e14-f368-4196-b68a-fdb1e1554fc8,2.0,,,,,,,,,,,,,,,,,,,,,,,,,,,,,,,,,,,"(-11.4, 1.0, 10.6)","(-11.6, 1.8, 10.7)","(-11.5, 1.6, 10.6)",
PLAYER_POSITIONS,37394,6/26/2026 12:52:59 PM,656b7e14-f368-4196-b68a-fdb1e1554fc8,2.0,,,,,,,,,,,,,,,,,,,,,,,,,,,,,,,,,,,"(-11.4, 1.0, 10.6)","(-11.6, 1.8, 10.6)","(-11.5, 1.7, 10.6)",
PLAYER_POSITIONS,37394,6/26/2026 12:52:59 PM,656b7e14-f368-4196-b68a-fdb1e1554fc8,2.0,,,,,,,,,,,,,,,,,,,,,,,,,,,,,,,,,,,"(-11.4, 1.0, 10.6)","(-11.6, 1.8, 10.6)","(-11.5, 1.7, 10.6)",
AUDIO_END,37644,6/26/2026 12:52:59 PM,656b7e14-f368-4196-b68a-fdb1e1554fc8,2.0,mission briefing,37.66857,
NARRATIVE_SECTION_END,37644,6/26/2026 12:52:59 PM,656b7e14-f368-4196-b68a-fdb1e1554fc8,2.0,,,,,,,,,,,,,,,,,,TCCC Trainer Intro,0,
NARRATIVE_SECTION_START,37665,6/26/2026 12:52:59 PM,656b7e14-f368-4196-b68a-fdb1e1554fc8,2.0,,,,,,,,,,,,,,,,,,Mission Briefing Room Fade,1,
PLAYER_POSITIONS,37895,6/26/2026 12:53:00 PM,656b7e14-f368-4196-b68a-fdb1e1554fc8,2.0,,,,,,,,,,,,,,,,,,,,,,,,,,,,,,,,,,,"(-11.4, 1.0, 10.6)","(-11.6, 1.8, 10.6)","(-11.5, 1.7, 10.7)",
PLAYER_POSITIONS,37895,6/26/2026 12:53:00 PM,656b7e14-f368-4196-b68a-fdb1e1554fc8,2.0,,,,,,,,,,,,,,,,,,,,,,,,,,,,,,,,,,,"(-11.4, 1.0, 10.6)","(-11.6, 1.8, 10.6)","(-11.5, 1.7, 10.7)",
PLAYER_POSITIONS,38401,6/26/2026 12:53:00 PM,656b7e14-f368-4196-b68a-fdb1e1554fc8,2.0,,,,,,,,,,,,,,,,,,,,,,,,,,,,,,,,,,,"(-11.4, 1.0, 10.6)","(-11.5, 1.8, 10.6)","(-11.6, 1.3, 10.4)",
PLAYER_POSITIONS,38401,6/26/2026 12:53:00 PM,656b7e14-f368-4196-b68a-fdb1e1554fc8,2.0,,,,,,,,,,,,,,,,,,,,,,,,,,,,,,,,,,,"(-11.4, 1.0, 10.6)","(-11.5, 1.8, 10.6)","(-11.6, 1.3, 10.4)",
PLAYER_POSITIONS,38911,6/26/2026 12:53:01 PM,656b7e14-f368-4196-b68a-fdb1e1554fc8,2.0,,,,,,,,,,,,,,,,,,,,,,,,,,,,,,,,,,,"(-11.4, 1.0, 10.6)","(-11.6, 1.8, 10.6)","(-11.9, 0.9, 10.7)",
PLAYER_POSITIONS,38911,6/26/2026 12:53:01 PM,656b7e14-f368-4196-b68a-fdb1e1554fc8,2.0,,,,,,,,,,,,,,,,,,,,,,,,,,,,,,,,,,,"(-11.4, 1.0, 10.6)","(-11.6, 1.8, 10.6)","(-11.9, 0.9, 10.7)",
PLAYER_POSITIONS,39414,6/26/2026 12:53:01 PM,656b7e14-f368-4196-b68a-fdb1e1554fc8,2.0,,,,,,,,,,,,,,,,,,,,,,,,,,,,,,,,,,,"(-11.4, 1.0, 10.6)","(-11.6, 1.8, 10.6)","(-11.8, 1.0, 10.5)",
PLAYER_POSITIONS,39414,6/26/2026 12:53:01 PM,656b7e14-f368-4196-b68a-fdb1e1554fc8,2.0,,,,,,,,,,,,,,,,,,,,,,,,,,,,,,,,,,,"(-11.4, 1.0, 10.6)","(-11.6, 1.8, 10.6)","(-11.8, 1.0, 10.5)",
NARRATIVE_SECTION_END,39695,6/26/2026 12:53:01 PM,656b7e14-f368-4196-b68a-fdb1e1554fc8,2.0,,,,,,,,,,,,,,,,,,Mission Briefing Room Fade,1,
NARRATIVE_SECTION_START,39720,6/26/2026 12:53:01 PM,656b7e14-f368-4196-b68a-fdb1e1554fc8,2.0,,,,,,,,,,,,,,,,,,Spawn In and alpha squad is hit,2,
AUDIO_START,39727,6/26/2026 12:53:01 PM,656b7e14-f368-4196-b68a-fdb1e1554fc8,2.0,alpha squad is hit,4.675919,
PLAYER_POSITIONS,39919,6/26/2026 12:53:02 PM,656b7e14-f368-4196-b68a-fdb1e1554fc8,2.0,,,,,,,,,,,,,,,,,,,,,,,,,,,,,,,,,,,"(-11.4, 1.0, 10.6)","(-11.6, 1.8, 10.6)","(-11.9, 0.9, 10.6)",
PLAYER_POSITIONS,39919,6/26/2026 12:53:02 PM,656b7e14-f368-4196-b68a-fdb1e1554fc8,2.0,,,,,,,,,,,,,,,,,,,,,,,,,,,,,,,,,,,"(-11.4, 1.0, 10.6)","(-11.6, 1.8, 10.6)","(-11.9, 0.9, 10.6)",
PLAYER_POSITIONS,40440,6/26/2026 12:53:02 PM,656b7e14-f368-4196-b68a-fdb1e1554fc8,2.0,,,,,,,,,,,,,,,,,,,,,,,,,,,,,,,,,,,"(-11.4, 1.0, 10.6)","(-11.6, 1.8, 10.6)","(-11.9, 0.9, 10.6)",
PLAYER_POSITIONS,40440,6/26/2026 12:53:02 PM,656b7e14-f368-4196-b68a-fdb1e1554fc8,2.0,,,,,,,,,,,,,,,,,,,,,,,,,,,,,,,,,,,"(-11.4, 1.0, 10.6)","(-11.6, 1.8, 10.6)","(-11.9, 0.9, 10.6)",
PLAYER_POSITIONS,40952,6/26/2026 12:53:03 PM,656b7e14-f368-4196-b68a-fdb1e1554fc8,2.0,,,,,,,,,,,,,,,,,,,,,,,,,,,,,,,,,,,"(-11.4, 0.9, 10.5)","(-11.5, 1.8, 10.5)","(-11.8, 1.0, 10.4)",
PLAYER_POSITIONS,40952,6/26/2026 12:53:03 PM,656b7e14-f368-4196-b68a-fdb1e1554fc8,2.0,,,,,,,,,,,,,,,,,,,,,,,,,,,,,,,,,,,"(-11.4, 0.9, 10.5)","(-11.5, 1.8, 10.5)","(-11.8, 1.0, 10.4)",
PLAYER_POSITIONS,41458,6/26/2026 12:53:03 PM,656b7e14-f368-4196-b68a-fdb1e1554fc8,2.0,,,,,,,,,,,,,,,,,,,,,,,,,,,,,,,,,,,"(-11.3, 0.9, 10.1)","(-11.4, 1.8, 10.2)","(-11.6, 1.0, 10.0)",
PLAYER_POSITIONS,41458,6/26/2026 12:53:03 PM,656b7e14-f368-4196-b68a-fdb1e1554fc8,2.0,,,,,,,,,,,,,,,,,,,,,,,,,,,,,,,,,,,"(-11.3, 0.9, 10.1)","(-11.4, 1.8, 10.2)","(-11.6, 1.0, 10.0)",
PLAYER_POSITIONS,41967,6/26/2026 12:53:04 PM,656b7e14-f368-4196-b68a-fdb1e1554fc8,2.0,,,,,,,,,,,,,,,,,,,,,,,,,,,,,,,,,,,"(-11.3, 0.9, 9.8)","(-11.5, 1.8, 9.8)","(-11.6, 0.9, 9.6)",
PLAYER_POSITIONS,41967,6/26/2026 12:53:04 PM,656b7e14-f368-4196-b68a-fdb1e1554fc8,2.0,,,,,,,,,,,,,,,,,,,,,,,,,,,,,,,,,,,"(-11.3, 0.9, 9.8)","(-11.5, 1.8, 9.8)","(-11.6, 0.9, 9.6)",
PLAYER_POSITIONS,42485,6/26/2026 12:53:04 PM,656b7e14-f368-4196-b68a-fdb1e1554fc8,2.0,,,,,,,,,,,,,,,,,,,,,,,,,,,,,,,,,,,"(-11.3, 0.9, 9.4)","(-11.5, 1.8, 9.4)","(-11.7, 0.9, 9.3)",
PLAYER_POSITIONS,42485,6/26/2026 12:53:04 PM,656b7e14-f368-4196-b68a-fdb1e1554fc8,2.0,,,,,,,,,,,,,,,,,,,,,,,,,,,,,,,,,,,"(-11.3, 0.9, 9.4)","(-11.5, 1.8, 9.4)","(-11.7, 0.9, 9.3)",
PLAYER_POSITIONS,42993,6/26/2026 12:53:05 PM,656b7e14-f368-4196-b68a-fdb1e1554fc8,2.0,,,,,,,,,,,,,,,,,,,,,,,,,,,,,,,,,,,"(-11.4, 0.9, 9.0)","(-11.7, 1.8, 9.1)","(-11.8, 1.0, 8.9)",
PLAYER_POSITIONS,42993,6/26/2026 12:53:05 PM,656b7e14-f368-4196-b68a-fdb1e1554fc8,2.0,,,,,,,,,,,,,,,,,,,,,,,,,,,,,,,,,,,"(-11.4, 0.9, 9.0)","(-11.7, 1.8, 9.1)","(-11.8, 1.0, 8.9)",
PLAYER_POSITIONS,43509,6/26/2026 12:53:05 PM,656b7e14-f368-4196-b68a-fdb1e1554fc8,2.0,,,,,,,,,,,,,,,,,,,,,,,,,,,,,,,,,,,"(-11.5, 0.9, 8.7)","(-11.6, 1.8, 8.8)","(-11.8, 1.1, 8.5)",
PLAYER_POSITIONS,43509,6/26/2026 12:53:05 PM,656b7e14-f368-4196-b68a-fdb1e1554fc8,2.0,,,,,,,,,,,,,,,,,,,,,,,,,,,,,,,,,,,"(-11.5, 0.9, 8.7)","(-11.6, 1.8, 8.8)","(-11.8, 1.1, 8.5)",
PLAYER_POSITIONS,44022,6/26/2026 12:53:06 PM,656b7e14-f368-4196-b68a-fdb1e1554fc8,2.0,,,,,,,,,,,,,,,,,,,,,,,,,,,,,,,,,,,"(-11.4, 0.9, 8.8)","(-11.6, 1.8, 8.8)","(-11.7, 1.1, 8.5)",
PLAYER_POSITIONS,44022,6/26/2026 12:53:06 PM,656b7e14-f368-4196-b68a-fdb1e1554fc8,2.0,,,,,,,,,,,,,,,,,,,,,,,,,,,,,,,,,,,"(-11.4, 0.9, 8.8)","(-11.6, 1.8, 8.8)","(-11.7, 1.1, 8.5)",
AUDIO_END,44405,6/26/2026 12:53:06 PM,656b7e14-f368-4196-b68a-fdb1e1554fc8,2.0,alpha squad is hit,4.675919,
NARRATIVE_SECTION_END,44405,6/26/2026 12:53:06 PM,656b7e14-f368-4196-b68a-fdb1e1554fc8,2.0,,,,,,,,,,,,,,,,,,Spawn In and alpha squad is hit,2,
NARRATIVE_SECTION_START,44445,6/26/2026 12:53:06 PM,656b7e14-f368-4196-b68a-fdb1e1554fc8,2.0,,,,,,,,,,,,,,,,,,Start Evac Timer,3,
PLAYER_POSITIONS,44515,6/26/2026 12:53:06 PM,656b7e14-f368-4196-b68a-fdb1e1554fc8,2.0,,,,,,,,,,,,,,,,,,,,,,,,,,,,,,,,,,,"(-11.5, 0.9, 8.7)","(-11.6, 1.8, 8.7)","(-11.8, 1.1, 8.5)",
PLAYER_POSITIONS,44515,6/26/2026 12:53:06 PM,656b7e14-f368-4196-b68a-fdb1e1554fc8,2.0,,,,,,,,,,,,,,,,,,,,,,,,,,,,,,,,,,,"(-11.5, 0.9, 8.7)","(-11.6, 1.8, 8.7)","(-11.8, 1.1, 8.5)",
PLAYER_POSITIONS,45032,6/26/2026 12:53:07 PM,656b7e14-f368-4196-b68a-fdb1e1554fc8,2.0,,,,,,,,,,,,,,,,,,,,,,,,,,,,,,,,,,,"(-11.5, 0.9, 8.7)","(-11.7, 1.8, 8.8)","(-11.9, 1.1, 8.6)",
PLAYER_POSITIONS,45032,6/26/2026 12:53:07 PM,656b7e14-f368-4196-b68a-fdb1e1554fc8,2.0,,,,,,,,,,,,,,,,,,,,,,,,,,,,,,,,,,,"(-11.5, 0.9, 8.7)","(-11.7, 1.8, 8.8)","(-11.9, 1.1, 8.6)",
NARRATIVE_SECTION_END,45457,6/26/2026 12:53:07 PM,656b7e14-f368-4196-b68a-fdb1e1554fc8,2.0,,,,,,,,,,,,,,,,,,Start Evac Timer,3,
NARRATIVE_SECTION_START,45475,6/26/2026 12:53:07 PM,656b7e14-f368-4196-b68a-fdb1e1554fc8,2.0,,,,,,,,,,,,,,,,,,Echo 5 taking fire,4,
EVAC_RADIO_ALERT,45480,6/26/2026 12:53:07 PM,656b7e14-f368-4196-b68a-fdb1e1554fc8,2.0,,,,,,,,1,
AUDIO_START,45487,6/26/2026 12:53:07 PM,656b7e14-f368-4196-b68a-fdb1e1554fc8,2.0,evac in 10 minutes,4.127347,
PLAYER_POSITIONS,45535,6/26/2026 12:53:07 PM,656b7e14-f368-4196-b68a-fdb1e1554fc8,2.0,,,,,,,,,,,,,,,,,,,,,,,,,,,,,,,,,,,"(-11.5, 0.9, 8.7)","(-11.6, 1.8, 8.8)","(-11.8, 1.1, 8.6)",
PLAYER_POSITIONS,45535,6/26/2026 12:53:07 PM,656b7e14-f368-4196-b68a-fdb1e1554fc8,2.0,,,,,,,,,,,,,,,,,,,,,,,,,,,,,,,,,,,"(-11.5, 0.9, 8.7)","(-11.6, 1.8, 8.8)","(-11.8, 1.1, 8.6)",
PLAYER_POSITIONS,46045,6/26/2026 12:53:08 PM,656b7e14-f368-4196-b68a-fdb1e1554fc8,2.0,,,,,,,,,,,,,,,,,,,,,,,,,,,,,,,,,,,"(-11.4, 0.9, 8.8)","(-11.6, 1.8, 8.8)","(-11.7, 1.1, 8.5)",
PLAYER_POSITIONS,46045,6/26/2026 12:53:08 PM,656b7e14-f368-4196-b68a-fdb1e1554fc8,2.0,,,,,,,,,,,,,,,,,,,,,,,,,,,,,,,,,,,"(-11.4, 0.9, 8.8)","(-11.6, 1.8, 8.8)","(-11.7, 1.1, 8.5)",
PLAYER_POSITIONS,46581,6/26/2026 12:53:08 PM,656b7e14-f368-4196-b68a-fdb1e1554fc8,2.0,,,,,,,,,,,,,,,,,,,,,,,,,,,,,,,,,,,"(-11.4, 0.9, 8.8)","(-11.6, 1.8, 8.8)","(-11.7, 1.1, 8.5)",
PLAYER_POSITIONS,46581,6/26/2026 12:53:08 PM,656b7e14-f368-4196-b68a-fdb1e1554fc8,2.0,,,,,,,,,,,,,,,,,,,,,,,,,,,,,,,,,,,"(-11.4, 0.9, 8.8)","(-11.6, 1.8, 8.8)","(-11.7, 1.1, 8.5)",
TELEPORT,46925,6/26/2026 12:53:09 PM,656b7e14-f368-4196-b68a-fdb1e1554fc8,2.0,,,,,,,,,,,,,,,,,,,,,,,,,,,,,,,,,,,,"(-11.6, 1.8, 8.8)",,,,,,,"(-10.5, 1.8, 5.1)",
PLAYER_POSITIONS,47089,6/26/2026 12:53:09 PM,656b7e14-f368-4196-b68a-fdb1e1554fc8,2.0,,,,,,,,,,,,,,,,,,,,,,,,,,,,,,,,,,,"(-10.3, 0.9, 5.1)","(-10.4, 1.8, 5.0)","(-10.6, 1.0, 4.8)",
PLAYER_POSITIONS,47089,6/26/2026 12:53:09 PM,656b7e14-f368-4196-b68a-fdb1e1554fc8,2.0,,,,,,,,,,,,,,,,,,,,,,,,,,,,,,,,,,,"(-10.3, 0.9, 5.1)","(-10.4, 1.8, 5.0)","(-10.6, 1.0, 4.8)",
PATIENT_ENGAGED,47255,6/26/2026 12:53:09 PM,656b7e14-f368-4196-b68a-fdb1e1554fc8,2.0,,,,0,,,,,,,,,,,,,,,,fast,100,Infinity,normal,Military PT 6,agony,supine,"(-9.1, 0.0, 4.6)",fast,"(0.0, -1.0, 0.0, 0.0)",normal,IMMEDIATE,still,,,,,,,,,,,,,,,,,0,
PLAYER_POSITIONS,47602,6/26/2026 12:53:09 PM,656b7e14-f368-4196-b68a-fdb1e1554fc8,2.0,,,,,,,,,,,,,,,,,,,,,,,,,,,,,,,,,,,"(-10.1, 0.9, 5.0)","(-10.2, 1.7, 4.9)","(-10.3, 1.1, 4.7)",
PLAYER_POSITIONS,47602,6/26/2026 12:53:09 PM,656b7e14-f368-4196-b68a-fdb1e1554fc8,2.0,,,,,,,,,,,,,,,,,,,,,,,,,,,,,,,,,,,"(-10.1, 0.9, 5.0)","(-10.2, 1.7, 4.9)","(-10.3, 1.1, 4.7)",
PLAYER_POSITIONS,48135,6/26/2026 12:53:10 PM,656b7e14-f368-4196-b68a-fdb1e1554fc8,2.0,,,,,,,,,,,,,,,,,,,,,,,,,,,,,,,,,,,"(-10.2, 0.9, 4.8)","(-10.3, 1.7, 4.5)","(-10.4, 1.1, 4.3)",
PLAYER_POSITIONS,48135,6/26/2026 12:53:10 PM,656b7e14-f368-4196-b68a-fdb1e1554fc8,2.0,,,,,,,,,,,,,,,,,,,,,,,,,,,,,,,,,,,"(-10.2, 0.9, 4.8)","(-10.3, 1.7, 4.5)","(-10.4, 1.1, 4.3)",
PLAYER_POSITIONS,48724,6/26/2026 12:53:10 PM,656b7e14-f368-4196-b68a-fdb1e1554fc8,2.0,,,,,,,,,,,,,,,,,,,,,,,,,,,,,,,,,,,"(-10.2, 0.9, 4.6)","(-10.3, 1.7, 4.3)","(-10.2, 1.0, 4.0)",
PLAYER_POSITIONS,48724,6/26/2026 12:53:10 PM,656b7e14-f368-4196-b68a-fdb1e1554fc8,2.0,,,,,,,,,,,,,,,,,,,,,,,,,,,,,,,,,,,"(-10.2, 0.9, 4.6)","(-10.3, 1.7, 4.3)","(-10.2, 1.0, 4.0)",
PLAYER_POSITIONS,49238,6/26/2026 12:53:11 PM,656b7e14-f368-4196-b68a-fdb1e1554fc8,2.0,,,,,,,,,,,,,,,,,,,,,,,,,,,,,,,,,,,"(-10.1, 0.9, 4.4)","(-10.1, 1.7, 4.1)","(-10.1, 1.0, 3.7)",
PLAYER_POSITIONS,49238,6/26/2026 12:53:11 PM,656b7e14-f368-4196-b68a-fdb1e1554fc8,2.0,,,,,,,,,,,,,,,,,,,,,,,,,,,,,,,,,,,"(-10.1, 0.9, 4.4)","(-10.1, 1.7, 4.1)","(-10.1, 1.0, 3.7)",
BAG_CLOSED,49257,6/26/2026 12:53:11 PM,656b7e14-f368-4196-b68a-fdb1e1554fc8,2.0,,,,,,,,,,,,,,,,,,,,,,,,,,,,,,,,,,,,"(0.0, 0.0, 0.0)",
AUDIO_END,49611,6/26/2026 12:53:11 PM,656b7e14-f368-4196-b68a-fdb1e1554fc8,2.0,evac in 10 minutes,4.127347,
PLAYER_POSITIONS,49757,6/26/2026 12:53:11 PM,656b7e14-f368-4196-b68a-fdb1e1554fc8,2.0,,,,,,,,,,,,,,,,,,,,,,,,,,,,,,,,,,,"(-10.1, 0.9, 4.4)","(-10.1, 1.7, 4.1)","(-9.9, 1.1, 4.0)",
PLAYER_POSITIONS,49757,6/26/2026 12:53:11 PM,656b7e14-f368-4196-b68a-fdb1e1554fc8,2.0,,,,,,,,,,,,,,,,,,,,,,,,,,,,,,,,,,,"(-10.1, 0.9, 4.4)","(-10.1, 1.7, 4.1)","(-9.9, 1.1, 4.0)",
PLAYER_POSITIONS,50258,6/26/2026 12:53:12 PM,656b7e14-f368-4196-b68a-fdb1e1554fc8,2.0,,,,,,,,,,,,,,,,,,,,,,,,,,,,,,,,,,,"(-10.1, 0.9, 4.4)","(-10.1, 1.7, 4.1)","(-10.0, 1.0, 3.8)",
PLAYER_POSITIONS,50258,6/26/2026 12:53:12 PM,656b7e14-f368-4196-b68a-fdb1e1554fc8,2.0,,,,,,,,,,,,,,,,,,,,,,,,,,,,,,,,,,,"(-10.1, 0.9, 4.4)","(-10.1, 1.7, 4.1)","(-10.0, 1.0, 3.8)",
PLAYER_POSITIONS,50759,6/26/2026 12:53:12 PM,656b7e14-f368-4196-b68a-fdb1e1554fc8,2.0,,,,,,,,,,,,,,,,,,,,,,,,,,,,,,,,,,,"(-10.1, 0.9, 4.4)","(-10.1, 1.7, 4.1)","(-10.0, 1.0, 3.8)",
PLAYER_POSITIONS,50759,6/26/2026 12:53:12 PM,656b7e14-f368-4196-b68a-fdb1e1554fc8,2.0,,,,,,,,,,,,,,,,,,,,,,,,,,,,,,,,,,,"(-10.1, 0.9, 4.4)","(-10.1, 1.7, 4.1)","(-10.0, 1.0, 3.8)",
TOOL_HOVER,51079,6/26/2026 12:53:13 PM,656b7e14-f368-4196-b68a-fdb1e1554fc8,2.0,,,,,,,,,,,,,,,,,,,,,,,,,,,,,,,,,,,,,,,,,,,,,,999,,Tourniquet,
PLAYER_POSITIONS,51259,6/26/2026 12:53:13 PM,656b7e14-f368-4196-b68a-fdb1e1554fc8,2.0,,,,,,,,,,,,,,,,,,,,,,,,,,,,,,,,,,,"(-10.1, 0.9, 4.4)","(-10.1, 1.7, 4.2)","(-9.9, 1.1, 4.0)",
PLAYER_POSITIONS,51259,6/26/2026 12:53:13 PM,656b7e14-f368-4196-b68a-fdb1e1554fc8,2.0,,,,,,,,,,,,,,,,,,,,,,,,,,,,,,,,,,,"(-10.1, 0.9, 4.4)","(-10.1, 1.7, 4.2)","(-9.9, 1.1, 4.0)",
TOOL_SELECTED,51461,6/26/2026 12:53:13 PM,656b7e14-f368-4196-b68a-fdb1e1554fc8,2.0,,,,,,,,,,,,,,,,,,,,,,,,,,,,,,,,,,,,,,,,,,,,,,998,,Tourniquet,
BAG_CLOSED,51666,6/26/2026 12:53:13 PM,656b7e14-f368-4196-b68a-fdb1e1554fc8,2.0,,,,,,,,,,,,,,,,,,,,,,,,,,,,,,,,,,,,"(0.0, 0.0, 0.0)",
PLAYER_POSITIONS,51759,6/26/2026 12:53:13 PM,656b7e14-f368-4196-b68a-fdb1e1554fc8,2.0,,,,,,,,,,,,,,,,,,,,,,,,,,,,,,,,,,,"(-10.0, 0.9, 4.5)","(-10.0, 1.6, 4.3)","(-9.8, 1.0, 4.2)",
PLAYER_POSITIONS,51759,6/26/2026 12:53:13 PM,656b7e14-f368-4196-b68a-fdb1e1554fc8,2.0,,,,,,,,,,,,,,,,,,,,,,,,,,,,,,,,,,,"(-10.0, 0.9, 4.5)","(-10.0, 1.6, 4.3)","(-9.8, 1.0, 4.2)",
PLAYER_POSITIONS,52270,6/26/2026 12:53:14 PM,656b7e14-f368-4196-b68a-fdb1e1554fc8,2.0,,,,,,,,,,,,,,,,,,,,,,,,,,,,,,,,,,,"(-9.8, 0.7, 4.8)","(-9.8, 1.2, 4.7)","(-9.5, 0.6, 4.7)",
PLAYER_POSITIONS,52270,6/26/2026 12:53:14 PM,656b7e14-f368-4196-b68a-fdb1e1554fc8,2.0,,,,,,,,,,,,,,,,,,,,,,,,,,,,,,,,,,,"(-9.8, 0.7, 4.8)","(-9.8, 1.2, 4.7)","(-9.5, 0.6, 4.7)",
PLAYER_POSITIONS,52771,6/26/2026 12:53:14 PM,656b7e14-f368-4196-b68a-fdb1e1554fc8,2.0,,,,,,,,,,,,,,,,,,,,,,,,,,,,,,,,,,,"(-9.6, 0.7, 4.7)","(-9.5, 0.9, 4.7)","(-9.2, 0.2, 4.7)",
PLAYER_POSITIONS,52771,6/26/2026 12:53:14 PM,656b7e14-f368-4196-b68a-fdb1e1554fc8,2.0,,,,,,,,,,,,,,,,,,,,,,,,,,,,,,,,,,,"(-9.6, 0.7, 4.7)","(-9.5, 0.9, 4.7)","(-9.2, 0.2, 4.7)",
PLAYER_POSITIONS,53282,6/26/2026 12:53:15 PM,656b7e14-f368-4196-b68a-fdb1e1554fc8,2.0,,,,,,,,,,,,,,,,,,,,,,,,,,,,,,,,,,,"(-9.6, 0.6, 4.7)","(-9.4, 0.8, 4.7)","(-9.2, 0.2, 4.7)",
PLAYER_POSITIONS,53282,6/26/2026 12:53:15 PM,656b7e14-f368-4196-b68a-fdb1e1554fc8,2.0,,,,,,,,,,,,,,,,,,,,,,,,,,,,,,,,,,,"(-9.6, 0.6, 4.7)","(-9.4, 0.8, 4.7)","(-9.2, 0.2, 4.7)",
INJURY_TREATED,53374,6/26/2026 12:53:15 PM,656b7e14-f368-4196-b68a-fdb1e1554fc8,2.0,,,,,,,,,leftLeg,L Thigh Amputation,"(-9.1, 0.1, 4.6)",tourniquet,1,1,high,True,True,,,,,,,Military PT 6,
TOOL_APPLIED,53375,6/26/2026 12:53:15 PM,656b7e14-f368-4196-b68a-fdb1e1554fc8,2.0,,,,,,,,,,,,,,,,,,,,,,,,Military PT 6,,,,,,,,,,,,,,,,,,,,AppliedTourniquet,LeftUpLeg (UnityEngine.GameObject),,Tourniquet(Clone) (UnityEngine.GameObject),Tourniquet,
PLAYER_POSITIONS,53791,6/26/2026 12:53:15 PM,656b7e14-f368-4196-b68a-fdb1e1554fc8,2.0,,,,,,,,,,,,,,,,,,,,,,,,,,,,,,,,,,,"(-9.6, 0.7, 4.7)","(-9.5, 0.9, 4.7)","(-9.3, 0.2, 4.7)",
PLAYER_POSITIONS,53791,6/26/2026 12:53:15 PM,656b7e14-f368-4196-b68a-fdb1e1554fc8,2.0,,,,,,,,,,,,,,,,,,,,,,,,,,,,,,,,,,,"(-9.6, 0.7, 4.7)","(-9.5, 0.9, 4.7)","(-9.3, 0.2, 4.7)",
PLAYER_POSITIONS,54293,6/26/2026 12:53:16 PM,656b7e14-f368-4196-b68a-fdb1e1554fc8,2.0,,,,,,,,,,,,,,,,,,,,,,,,,,,,,,,,,,,"(-9.8, 0.7, 4.8)","(-9.9, 1.0, 4.9)","(-9.7, 0.4, 4.8)",
PLAYER_POSITIONS,54293,6/26/2026 12:53:16 PM,656b7e14-f368-4196-b68a-fdb1e1554fc8,2.0,,,,,,,,,,,,,,,,,,,,,,,,,,,,,,,,,,,"(-9.8, 0.7, 4.8)","(-9.9, 1.0, 4.9)","(-9.7, 0.4, 4.8)",
PLAYER_POSITIONS,54795,6/26/2026 12:53:16 PM,656b7e14-f368-4196-b68a-fdb1e1554fc8,2.0,,,,,,,,,,,,,,,,,,,,,,,,,,,,,,,,,,,"(-10.0, 0.6, 5.1)","(-9.9, 1.2, 5.2)","(-9.9, 0.5, 5.0)",
PLAYER_POSITIONS,54795,6/26/2026 12:53:16 PM,656b7e14-f368-4196-b68a-fdb1e1554fc8,2.0,,,,,,,,,,,,,,,,,,,,,,,,,,,,,,,,,,,"(-10.0, 0.6, 5.1)","(-9.9, 1.2, 5.2)","(-9.9, 0.5, 5.0)",
PLAYER_POSITIONS,55295,6/26/2026 12:53:17 PM,656b7e14-f368-4196-b68a-fdb1e1554fc8,2.0,,,,,,,,,,,,,,,,,,,,,,,,,,,,,,,,,,,"(-9.8, 0.7, 5.3)","(-9.8, 1.5, 5.1)","(-9.8, 0.8, 5.0)",
PLAYER_POSITIONS,55295,6/26/2026 12:53:17 PM,656b7e14-f368-4196-b68a-fdb1e1554fc8,2.0,,,,,,,,,,,,,,,,,,,,,,,,,,,,,,,,,,,"(-9.8, 0.7, 5.3)","(-9.8, 1.5, 5.1)","(-9.8, 0.8, 5.0)",
PLAYER_POSITIONS,55797,6/26/2026 12:53:17 PM,656b7e14-f368-4196-b68a-fdb1e1554fc8,2.0,,,,,,,,,,,,,,,,,,,,,,,,,,,,,,,,,,,"(-9.6, 0.6, 5.3)","(-9.7, 1.2, 5.1)","(-9.8, 0.6, 5.1)",
PLAYER_POSITIONS,55797,6/26/2026 12:53:17 PM,656b7e14-f368-4196-b68a-fdb1e1554fc8,2.0,,,,,,,,,,,,,,,,,,,,,,,,,,,,,,,,,,,"(-9.6, 0.6, 5.3)","(-9.7, 1.2, 5.1)","(-9.8, 0.6, 5.1)",
PULSE_TAKEN,56284,6/26/2026 12:53:18 PM,656b7e14-f368-4196-b68a-fdb1e1554fc8,2.0,,,,,,,,,,,,,,,,,,,,,,,,Military PT 6,,,,pulse_fast,
PLAYER_POSITIONS,56309,6/26/2026 12:53:18 PM,656b7e14-f368-4196-b68a-fdb1e1554fc8,2.0,,,,,,,,,,,,,,,,,,,,,,,,,,,,,,,,,,,"(-9.6, 0.2, 5.2)","(-9.7, 0.8, 5.1)","(-9.7, 0.2, 5.1)",
PLAYER_POSITIONS,56309,6/26/2026 12:53:18 PM,656b7e14-f368-4196-b68a-fdb1e1554fc8,2.0,,,,,,,,,,,,,,,,,,,,,,,,,,,,,,,,,,,"(-9.6, 0.2, 5.2)","(-9.7, 0.8, 5.1)","(-9.7, 0.2, 5.1)",
PULSE_TAKEN,56349,6/26/2026 12:53:18 PM,656b7e14-f368-4196-b68a-fdb1e1554fc8,2.0,,,,,,,,,,,,,,,,,,,,,,,,Military PT 6,,,,pulse_fast,
DRAG_START,56420,6/26/2026 12:53:18 PM,656b7e14-f368-4196-b68a-fdb1e1554fc8,2.0,,,,,"(-9.1, 0.0, 4.6)",,,,,,,,,,,,,,,,,,,Military PT 6,
DRAG_START,56486,6/26/2026 12:53:18 PM,656b7e14-f368-4196-b68a-fdb1e1554fc8,2.0,,,,,"(-9.1, 0.0, 4.6)",,,,,,,,,,,,,,,,,,,Military PT 6,
PLAYER_POSITIONS,56819,6/26/2026 12:53:18 PM,656b7e14-f368-4196-b68a-fdb1e1554fc8,2.0,,,,,,,,,,,,,,,,,,,,,,,,,,,,,,,,,,,"(-9.6, 0.3, 5.1)","(-9.7, 1.0, 5.1)","(-9.7, 0.2, 5.1)",
PLAYER_GAZE,56819,6/26/2026 12:53:18 PM,656b7e14-f368-4196-b68a-fdb1e1554fc8,2.0,,,,,,,,,,,,,,,,,,,,,,,,Lifting NPC,,,,,,,,,"(-1.2, 1.0, 1.4)",,,"(-8.5, 0.0, 3.8)",
PLAYER_POSITIONS,56819,6/26/2026 12:53:18 PM,656b7e14-f368-4196-b68a-fdb1e1554fc8,2.0,,,,,,,,,,,,,,,,,,,,,,,,,,,,,,,,,,,"(-9.6, 0.3, 5.1)","(-9.7, 1.0, 5.1)","(-9.7, 0.2, 5.1)",
PLAYER_GAZE,56819,6/26/2026 12:53:18 PM,656b7e14-f368-4196-b68a-fdb1e1554fc8,2.0,,,,,,,,,,,,,,,,,,,,,,,,Lifting NPC,,,,,,,,,"(-1.2, 1.0, 1.4)",,,"(-8.5, 0.0, 3.8)",
PULSE_TAKEN,56904,6/26/2026 12:53:19 PM,656b7e14-f368-4196-b68a-fdb1e1554fc8,2.0,,,,,,,,,,,,,,,,,,,,,,,,Military PT 6,,,,pulse_fast,
PULSE_TAKEN,56925,6/26/2026 12:53:19 PM,656b7e14-f368-4196-b68a-fdb1e1554fc8,2.0,,,,,,,,,,,,,,,,,,,,,,,,Military PT 6,,,,pulse_fast,
PULSE_TAKEN,57282,6/26/2026 12:53:19 PM,656b7e14-f368-4196-b68a-fdb1e1554fc8,2.0,,,,,,,,,,,,,,,,,,,,,,,,Military PT 6,,,,pulse_fast,
PLAYER_POSITIONS,57329,6/26/2026 12:53:19 PM,656b7e14-f368-4196-b68a-fdb1e1554fc8,2.0,,,,,,,,,,,,,,,,,,,,,,,,,,,,,,,,,,,"(-9.6, 0.3, 5.1)","(-9.8, 1.0, 5.2)","(-9.7, 0.3, 5.1)",
PLAYER_POSITIONS,57329,6/26/2026 12:53:19 PM,656b7e14-f368-4196-b68a-fdb1e1554fc8,2.0,,,,,,,,,,,,,,,,,,,,,,,,,,,,,,,,,,,"(-9.6, 0.3, 5.1)","(-9.8, 1.0, 5.2)","(-9.7, 0.3, 5.1)",
AUDIO_START,57467,6/26/2026 12:53:19 PM,656b7e14-f368-4196-b68a-fdb1e1554fc8,2.0,echo 5 taking fire,4.675919,
PLAYER_POSITIONS,57851,6/26/2026 12:53:19 PM,656b7e14-f368-4196-b68a-fdb1e1554fc8,2.0,,,,,,,,,,,,,,,,,,,,,,,,,,,,,,,,,,,"(-9.6, 0.3, 5.2)","(-9.8, 1.0, 5.2)","(-9.7, 0.3, 5.1)",
PLAYER_POSITIONS,57851,6/26/2026 12:53:19 PM,656b7e14-f368-4196-b68a-fdb1e1554fc8,2.0,,,,,,,,,,,,,,,,,,,,,,,,,,,,,,,,,,,"(-9.6, 0.3, 5.2)","(-9.8, 1.0, 5.2)","(-9.7, 0.3, 5.1)",
VOICE_CAPTURE,58172,6/26/2026 12:53:20 PM,656b7e14-f368-4196-b68a-fdb1e1554fc8,2.0,,,,,,,,,,,,,,,,,,,,,,,,,,,,,,,,,,,,,,,,,,,,,,,,,,,NA,t it now.,
PLAYER_POSITIONS,58351,6/26/2026 12:53:20 PM,656b7e14-f368-4196-b68a-fdb1e1554fc8,2.0,,,,,,,,,,,,,,,,,,,,,,,,,,,,,,,,,,,"(-9.6, 0.3, 5.1)","(-9.7, 1.0, 5.2)","(-9.7, 0.3, 5.1)",
PLAYER_GAZE,58351,6/26/2026 12:53:20 PM,656b7e14-f368-4196-b68a-fdb1e1554fc8,2.0,,,,,,,,,,,,,,,,,,,,,,,,Military PT 6,,,,,,,,,"(-0.6, 1.0, 0.6)",,,"(-9.1, 0.0, 4.6)",
PLAYER_POSITIONS,58351,6/26/2026 12:53:20 PM,656b7e14-f368-4196-b68a-fdb1e1554fc8,2.0,,,,,,,,,,,,,,,,,,,,,,,,,,,,,,,,,,,"(-9.6, 0.3, 5.1)","(-9.7, 1.0, 5.2)","(-9.7, 0.3, 5.1)",
PLAYER_GAZE,58351,6/26/2026 12:53:20 PM,656b7e14-f368-4196-b68a-fdb1e1554fc8,2.0,,,,,,,,,,,,,,,,,,,,,,,,Military PT 6,,,,,,,,,"(-0.6, 1.0, 0.6)",,,"(-9.1, 0.0, 4.6)",
VOICE_CAPTURE,58663,6/26/2026 12:53:20 PM,656b7e14-f368-4196-b68a-fdb1e1554fc8,2.0,,,,,,,,,,,,,,,,,,,,,,,,,,,,,,,,,,,,,,,,,,,,,,,,,,,NA,t it now.,
VOICE_CAPTURE,58664,6/26/2026 12:53:20 PM,656b7e14-f368-4196-b68a-fdb1e1554fc8,2.0,,,,,,,,,,,,,,,,,,,,,,,,,,,,,,,,,,,,,,,,,,,,,,,,,,,NA,t it now.,
PLAYER_POSITIONS,58862,6/26/2026 12:53:20 PM,656b7e14-f368-4196-b68a-fdb1e1554fc8,2.0,,,,,,,,,,,,,,,,,,,,,,,,,,,,,,,,,,,"(-9.6, 0.3, 5.1)","(-9.7, 1.0, 5.1)","(-9.7, 0.3, 5.0)",
PLAYER_GAZE,58862,6/26/2026 12:53:20 PM,656b7e14-f368-4196-b68a-fdb1e1554fc8,2.0,,,,,,,,,,,,,,,,,,,,,,,,Military PT 6,,,,,,,,,"(-0.6, 1.0, 0.6)",,,"(-9.1, 0.0, 4.6)",
PLAYER_POSITIONS,58862,6/26/2026 12:53:20 PM,656b7e14-f368-4196-b68a-fdb1e1554fc8,2.0,,,,,,,,,,,,,,,,,,,,,,,,,,,,,,,,,,,"(-9.6, 0.3, 5.1)","(-9.7, 1.0, 5.1)","(-9.7, 0.3, 5.0)",
PLAYER_GAZE,58862,6/26/2026 12:53:20 PM,656b7e14-f368-4196-b68a-fdb1e1554fc8,2.0,,,,,,,,,,,,,,,,,,,,,,,,Military PT 6,,,,,,,,,"(-0.6, 1.0, 0.6)",,,"(-9.1, 0.0, 4.6)",
PLAYER_POSITIONS,59373,6/26/2026 12:53:21 PM,656b7e14-f368-4196-b68a-fdb1e1554fc8,2.0,,,,,,,,,,,,,,,,,,,,,,,,,,,,,,,,,,,"(-9.6, 0.3, 5.1)","(-9.8, 1.1, 5.2)","(-9.7, 0.3, 5.0)",
PLAYER_GAZE,59373,6/26/2026 12:53:21 PM,656b7e14-f368-4196-b68a-fdb1e1554fc8,2.0,,,,,,,,,,,,,,,,,,,,,,,,Lifting NPC,,,,,,,,,"(-1.2, 1.1, 1.4)",,,"(-8.5, 0.0, 3.8)",
PLAYER_POSITIONS,59373,6/26/2026 12:53:21 PM,656b7e14-f368-4196-b68a-fdb1e1554fc8,2.0,,,,,,,,,,,,,,,,,,,,,,,,,,,,,,,,,,,"(-9.6, 0.3, 5.1)","(-9.8, 1.1, 5.2)","(-9.7, 0.3, 5.0)",
PLAYER_GAZE,59373,6/26/2026 12:53:21 PM,656b7e14-f368-4196-b68a-fdb1e1554fc8,2.0,,,,,,,,,,,,,,,,,,,,,,,,Lifting NPC,,,,,,,,,"(-1.2, 1.1, 1.4)",,,"(-8.5, 0.0, 3.8)",
PLAYER_POSITIONS,59895,6/26/2026 12:53:22 PM,656b7e14-f368-4196-b68a-fdb1e1554fc8,2.0,,,,,,,,,,,,,,,,,,,,,,,,,,,,,,,,,,,"(-9.6, 0.3, 5.1)","(-9.8, 1.1, 5.2)","(-9.7, 0.3, 5.0)",
PLAYER_GAZE,59895,6/26/2026 12:53:22 PM,656b7e14-f368-4196-b68a-fdb1e1554fc8,2.0,,,,,,,,,,,,,,,,,,,,,,,,Lifting NPC,,,,,,,,,"(-1.3, 1.1, 1.4)",,,"(-8.5, 0.0, 3.8)",
PLAYER_POSITIONS,59895,6/26/2026 12:53:22 PM,656b7e14-f368-4196-b68a-fdb1e1554fc8,2.0,,,,,,,,,,,,,,,,,,,,,,,,,,,,,,,,,,,"(-9.6, 0.3, 5.1)","(-9.8, 1.1, 5.2)","(-9.7, 0.3, 5.0)",
PLAYER_GAZE,59895,6/26/2026 12:53:22 PM,656b7e14-f368-4196-b68a-fdb1e1554fc8,2.0,,,,,,,,,,,,,,,,,,,,,,,,Lifting NPC,,,,,,,,,"(-1.3, 1.1, 1.4)",,,"(-8.5, 0.0, 3.8)",
PLAYER_POSITIONS,60405,6/26/2026 12:53:22 PM,656b7e14-f368-4196-b68a-fdb1e1554fc8,2.0,,,,,,,,,,,,,,,,,,,,,,,,,,,,,,,,,,,"(-9.6, 0.3, 5.1)","(-9.8, 1.1, 5.2)","(-9.7, 0.3, 5.0)",
PLAYER_GAZE,60405,6/26/2026 12:53:22 PM,656b7e14-f368-4196-b68a-fdb1e1554fc8,2.0,,,,,,,,,,,,,,,,,,,,,,,,Lifting NPC,,,,,,,,,"(-1.3, 1.1, 1.5)",,,"(-8.5, 0.0, 3.8)",
PLAYER_POSITIONS,60405,6/26/2026 12:53:22 PM,656b7e14-f368-4196-b68a-fdb1e1554fc8,2.0,,,,,,,,,,,,,,,,,,,,,,,,,,,,,,,,,,,"(-9.6, 0.3, 5.1)","(-9.8, 1.1, 5.2)","(-9.7, 0.3, 5.0)",
PLAYER_GAZE,60405,6/26/2026 12:53:22 PM,656b7e14-f368-4196-b68a-fdb1e1554fc8,2.0,,,,,,,,,,,,,,,,,,,,,,,,Lifting NPC,,,,,,,,,"(-1.3, 1.1, 1.5)",,,"(-8.5, 0.0, 3.8)",
VOICE_CAPTURE,60629,6/26/2026 12:53:22 PM,656b7e14-f368-4196-b68a-fdb1e1554fc8,2.0,,,,,,,,,,,,,,,,,,,,,,,,,,,,,,,,,,,,,,,,,,,,,,,,,,,NA,Lift it.,
PLAYER_POSITIONS,60917,6/26/2026 12:53:23 PM,656b7e14-f368-4196-b68a-fdb1e1554fc8,2.0,,,,,,,,,,,,,,,,,,,,,,,,,,,,,,,,,,,"(-9.6, 0.3, 5.1)","(-9.8, 1.1, 5.2)","(-9.7, 0.3, 5.0)",
PLAYER_GAZE,60917,6/26/2026 12:53:23 PM,656b7e14-f368-4196-b68a-fdb1e1554fc8,2.0,,,,,,,,,,,,,,,,,,,,,,,,Lifting NPC,,,,,,,,,"(-1.3, 1.1, 1.5)",,,"(-8.5, 0.0, 3.8)",
PLAYER_POSITIONS,60917,6/26/2026 12:53:23 PM,656b7e14-f368-4196-b68a-fdb1e1554fc8,2.0,,,,,,,,,,,,,,,,,,,,,,,,,,,,,,,,,,,"(-9.6, 0.3, 5.1)","(-9.8, 1.1, 5.2)","(-9.7, 0.3, 5.0)",
PLAYER_GAZE,60917,6/26/2026 12:53:23 PM,656b7e14-f368-4196-b68a-fdb1e1554fc8,2.0,,,,,,,,,,,,,,,,,,,,,,,,Lifting NPC,,,,,,,,,"(-1.3, 1.1, 1.5)",,,"(-8.5, 0.0, 3.8)",
VOICE_CAPTURE,61118,6/26/2026 12:53:23 PM,656b7e14-f368-4196-b68a-fdb1e1554fc8,2.0,,,,,,,,,,,,,,,,,,,,,,,,,,,,,,,,,,,,,,,,,,,,,,,,,,,NA,Lift it now.,
PLAYER_POSITIONS,61429,6/26/2026 12:53:23 PM,656b7e14-f368-4196-b68a-fdb1e1554fc8,2.0,,,,,,,,,,,,,,,,,,,,,,,,,,,,,,,,,,,"(-9.6, 0.3, 5.1)","(-9.8, 1.1, 5.2)","(-9.7, 0.3, 5.0)",
PLAYER_GAZE,61429,6/26/2026 12:53:23 PM,656b7e14-f368-4196-b68a-fdb1e1554fc8,2.0,,,,,,,,,,,,,,,,,,,,,,,,Lifting NPC,,,,,,,,,"(-1.3, 1.1, 1.4)",,,"(-8.5, 0.0, 3.8)",
PLAYER_POSITIONS,61429,6/26/2026 12:53:23 PM,656b7e14-f368-4196-b68a-fdb1e1554fc8,2.0,,,,,,,,,,,,,,,,,,,,,,,,,,,,,,,,,,,"(-9.6, 0.3, 5.1)","(-9.8, 1.1, 5.2)","(-9.7, 0.3, 5.0)",
PLAYER_GAZE,61429,6/26/2026 12:53:23 PM,656b7e14-f368-4196-b68a-fdb1e1554fc8,2.0,,,,,,,,,,,,,,,,,,,,,,,,Lifting NPC,,,,,,,,,"(-1.3, 1.1, 1.4)",,,"(-8.5, 0.0, 3.8)",
VOICE_CAPTURE,61634,6/26/2026 12:53:23 PM,656b7e14-f368-4196-b68a-fdb1e1554fc8,2.0,,,,,,,,,,,,,,,,,,,,,,,,,,,,,,,,,,,,,,,,,,,,,,,,,,,NA,Lift it now.,
VOICE_CAPTURE,61634,6/26/2026 12:53:23 PM,656b7e14-f368-4196-b68a-fdb1e1554fc8,2.0,,,,,,,,,,,,,,,,,,,,,,,,,,,,,,,,,,,,,,,,,,,,,,,,,,,NA,Lift it now.,
VOICE_COMMAND,61635,6/26/2026 12:53:23 PM,656b7e14-f368-4196-b68a-fdb1e1554fc8,2.0,,,,,,,,,,,,,,,,,,,,,,,,Lifting NPC,,,,,,,,,,,,,,,,,,,,,,,,,,,Lift it now.,lift,
PLAYER_POSITIONS,61943,6/26/2026 12:53:24 PM,656b7e14-f368-4196-b68a-fdb1e1554fc8,2.0,,,,,,,,,,,,,,,,,,,,,,,,,,,,,,,,,,,"(-9.6, 0.3, 5.1)","(-9.8, 1.1, 5.2)","(-9.7, 0.3, 5.0)",
PLAYER_GAZE,61943,6/26/2026 12:53:24 PM,656b7e14-f368-4196-b68a-fdb1e1554fc8,2.0,,,,,,,,,,,,,,,,,,,,,,,,Lifting NPC,,,,,,,,,"(-1.3, 1.1, 1.5)",,,"(-8.5, 0.0, 3.8)",
PLAYER_POSITIONS,61943,6/26/2026 12:53:24 PM,656b7e14-f368-4196-b68a-fdb1e1554fc8,2.0,,,,,,,,,,,,,,,,,,,,,,,,,,,,,,,,,,,"(-9.6, 0.3, 5.1)","(-9.8, 1.1, 5.2)","(-9.7, 0.3, 5.0)",
PLAYER_GAZE,61943,6/26/2026 12:53:24 PM,656b7e14-f368-4196-b68a-fdb1e1554fc8,2.0,,,,,,,,,,,,,,,,,,,,,,,,Lifting NPC,,,,,,,,,"(-1.3, 1.1, 1.5)",,,"(-8.5, 0.0, 3.8)",
AUDIO_END,62161,6/26/2026 12:53:24 PM,656b7e14-f368-4196-b68a-fdb1e1554fc8,2.0,echo 5 taking fire,4.675919,
NARRATIVE_SECTION_END,62163,6/26/2026 12:53:24 PM,656b7e14-f368-4196-b68a-fdb1e1554fc8,2.0,,,,,,,,,,,,,,,,,,Echo 5 taking fire,4,
NARRATIVE_SECTION_START,62186,6/26/2026 12:53:24 PM,656b7e14-f368-4196-b68a-fdb1e1554fc8,2.0,,,,,,,,,,,,,,,,,,Air Support Message,5,
BUTTON_CLICKED,62210,6/26/2026 12:53:24 PM,656b7e14-f368-4196-b68a-fdb1e1554fc8,2.0,,,lift,
VOICE_CAPTURE,62210,6/26/2026 12:53:24 PM,656b7e14-f368-4196-b68a-fdb1e1554fc8,2.0,,,,,,,,,,,,,,,,,,,,,,,,,,,,,,,,,,,,,,,,,,,,,,,,,,,NA,lift,
VOICE_COMMAND,62210,6/26/2026 12:53:24 PM,656b7e14-f368-4196-b68a-fdb1e1554fc8,2.0,,,,,,,,,,,,,,,,,,,,,,,,Military PT 6,,,,,,,,,,,,,,,,,,,,,,,,,,,lift,lift,
BUTTON_CLICKED,62455,6/26/2026 12:53:24 PM,656b7e14-f368-4196-b68a-fdb1e1554fc8,2.0,,,lift,
VOICE_CAPTURE,62455,6/26/2026 12:53:24 PM,656b7e14-f368-4196-b68a-fdb1e1554fc8,2.0,,,,,,,,,,,,,,,,,,,,,,,,,,,,,,,,,,,,,,,,,,,,,,,,,,,NA,lift,
VOICE_COMMAND,62455,6/26/2026 12:53:24 PM,656b7e14-f368-4196-b68a-fdb1e1554fc8,2.0,,,,,,,,,,,,,,,,,,,,,,,,Military PT 6,,,,,,,,,,,,,,,,,,,,,,,,,,,lift,lift,
PLAYER_POSITIONS,62456,6/26/2026 12:53:24 PM,656b7e14-f368-4196-b68a-fdb1e1554fc8,2.0,,,,,,,,,,,,,,,,,,,,,,,,,,,,,,,,,,,"(-9.6, 0.3, 5.1)","(-9.8, 1.1, 5.2)","(-9.7, 0.3, 5.0)",
PLAYER_GAZE,62456,6/26/2026 12:53:24 PM,656b7e14-f368-4196-b68a-fdb1e1554fc8,2.0,,,,,,,,,,,,,,,,,,,,,,,,Lifting NPC,,,,,,,,,"(-1.3, 1.1, 1.5)",,,"(-8.5, 0.0, 3.8)",
PLAYER_POSITIONS,62456,6/26/2026 12:53:24 PM,656b7e14-f368-4196-b68a-fdb1e1554fc8,2.0,,,,,,,,,,,,,,,,,,,,,,,,,,,,,,,,,,,"(-9.6, 0.3, 5.1)","(-9.8, 1.1, 5.2)","(-9.7, 0.3, 5.0)",
PLAYER_GAZE,62456,6/26/2026 12:53:24 PM,656b7e14-f368-4196-b68a-fdb1e1554fc8,2.0,,,,,,,,,,,,,,,,,,,,,,,,Lifting NPC,,,,,,,,,"(-1.3, 1.1, 1.5)",,,"(-8.5, 0.0, 3.8)",
PLAYER_POSITIONS,62962,6/26/2026 12:53:25 PM,656b7e14-f368-4196-b68a-fdb1e1554fc8,2.0,,,,,,,,,,,,,,,,,,,,,,,,,,,,,,,,,,,"(-9.6, 0.3, 5.1)","(-9.9, 1.0, 5.2)","(-9.7, 0.3, 5.0)",
PLAYER_POSITIONS,62962,6/26/2026 12:53:25 PM,656b7e14-f368-4196-b68a-fdb1e1554fc8,2.0,,,,,,,,,,,,,,,,,,,,,,,,,,,,,,,,,,,"(-9.6, 0.3, 5.1)","(-9.9, 1.0, 5.2)","(-9.7, 0.3, 5.0)",
PLAYER_POSITIONS,63484,6/26/2026 12:53:25 PM,656b7e14-f368-4196-b68a-fdb1e1554fc8,2.0,,,,,,,,,,,,,,,,,,,,,,,,,,,,,,,,,,,"(-9.6, 0.3, 5.1)","(-9.9, 1.0, 5.2)","(-9.7, 0.3, 5.0)",
PLAYER_POSITIONS,63484,6/26/2026 12:53:25 PM,656b7e14-f368-4196-b68a-fdb1e1554fc8,2.0,,,,,,,,,,,,,,,,,,,,,,,,,,,,,,,,,,,"(-9.6, 0.3, 5.1)","(-9.9, 1.0, 5.2)","(-9.7, 0.3, 5.0)",
PLAYER_POSITIONS,64005,6/26/2026 12:53:26 PM,656b7e14-f368-4196-b68a-fdb1e1554fc8,2.0,,,,,,,,,,,,,,,,,,,,,,,,,,,,,,,,,,,"(-9.6, 0.3, 5.1)","(-9.8, 1.0, 5.2)","(-9.7, 0.3, 5.0)",
PLAYER_POSITIONS,64005,6/26/2026 12:53:26 PM,656b7e14-f368-4196-b68a-fdb1e1554fc8,2.0,,,,,,,,,,,,,,,,,,,,,,,,,,,,,,,,,,,"(-9.6, 0.3, 5.1)","(-9.8, 1.0, 5.2)","(-9.7, 0.3, 5.0)",
AUDIO_START,64185,6/26/2026 12:53:26 PM,656b7e14-f368-4196-b68a-fdb1e1554fc8,2.0,air support,3.578775,
PLAYER_POSITIONS,64515,6/26/2026 12:53:26 PM,656b7e14-f368-4196-b68a-fdb1e1554fc8,2.0,,,,,,,,,,,,,,,,,,,,,,,,,,,,,,,,,,,"(-9.6, 0.3, 5.1)","(-9.8, 1.0, 5.2)","(-9.7, 0.3, 5.0)",
PLAYER_GAZE,64515,6/26/2026 12:53:26 PM,656b7e14-f368-4196-b68a-fdb1e1554fc8,2.0,,,,,,,,,,,,,,,,,,,,,,,,Military PT 6,,,,,,,,,"(-0.7, 1.0, 0.6)",,,"(-9.1, 0.0, 4.6)",
PLAYER_POSITIONS,64515,6/26/2026 12:53:26 PM,656b7e14-f368-4196-b68a-fdb1e1554fc8,2.0,,,,,,,,,,,,,,,,,,,,,,,,,,,,,,,,,,,"(-9.6, 0.3, 5.1)","(-9.8, 1.0, 5.2)","(-9.7, 0.3, 5.0)",
PLAYER_GAZE,64515,6/26/2026 12:53:26 PM,656b7e14-f368-4196-b68a-fdb1e1554fc8,2.0,,,,,,,,,,,,,,,,,,,,,,,,Military PT 6,,,,,,,,,"(-0.7, 1.0, 0.6)",,,"(-9.1, 0.0, 4.6)",
PLAYER_POSITIONS,65027,6/26/2026 12:53:27 PM,656b7e14-f368-4196-b68a-fdb1e1554fc8,2.0,,,,,,,,,,,,,,,,,,,,,,,,,,,,,,,,,,,"(-9.6, 0.3, 5.1)","(-9.8, 1.0, 5.2)","(-9.7, 0.3, 5.0)",
PLAYER_GAZE,65027,6/26/2026 12:53:27 PM,656b7e14-f368-4196-b68a-fdb1e1554fc8,2.0,,,,,,,,,,,,,,,,,,,,,,,,Military PT 6,,,,,,,,,"(-0.7, 1.0, 0.6)",,,"(-9.1, 0.0, 4.6)",
PLAYER_POSITIONS,65027,6/26/2026 12:53:27 PM,656b7e14-f368-4196-b68a-fdb1e1554fc8,2.0,,,,,,,,,,,,,,,,,,,,,,,,,,,,,,,,,,,"(-9.6, 0.3, 5.1)","(-9.8, 1.0, 5.2)","(-9.7, 0.3, 5.0)",
PLAYER_GAZE,65027,6/26/2026 12:53:27 PM,656b7e14-f368-4196-b68a-fdb1e1554fc8,2.0,,,,,,,,,,,,,,,,,,,,,,,,Military PT 6,,,,,,,,,"(-0.7, 1.0, 0.6)",,,"(-9.1, 0.0, 4.6)",
PLAYER_POSITIONS,65549,6/26/2026 12:53:27 PM,656b7e14-f368-4196-b68a-fdb1e1554fc8,2.0,,,,,,,,,,,,,,,,,,,,,,,,,,,,,,,,,,,"(-9.6, 0.3, 5.1)","(-9.8, 1.0, 5.2)","(-9.7, 0.3, 5.0)",
PLAYER_GAZE,65549,6/26/2026 12:53:27 PM,656b7e14-f368-4196-b68a-fdb1e1554fc8,2.0,,,,,,,,,,,,,,,,,,,,,,,,Military PT 6,,,,,,,,,"(-0.7, 1.0, 0.7)",,,"(-9.1, 0.0, 4.6)",
PLAYER_POSITIONS,65549,6/26/2026 12:53:27 PM,656b7e14-f368-4196-b68a-fdb1e1554fc8,2.0,,,,,,,,,,,,,,,,,,,,,,,,,,,,,,,,,,,"(-9.6, 0.3, 5.1)","(-9.8, 1.0, 5.2)","(-9.7, 0.3, 5.0)",
PLAYER_GAZE,65549,6/26/2026 12:53:27 PM,656b7e14-f368-4196-b68a-fdb1e1554fc8,2.0,,,,,,,,,,,,,,,,,,,,,,,,Military PT 6,,,,,,,,,"(-0.7, 1.0, 0.7)",,,"(-9.1, 0.0, 4.6)",
PLAYER_POSITIONS,66083,6/26/2026 12:53:28 PM,656b7e14-f368-4196-b68a-fdb1e1554fc8,2.0,,,,,,,,,,,,,,,,,,,,,,,,,,,,,,,,,,,"(-9.6, 0.3, 5.1)","(-9.8, 1.0, 5.2)","(-9.7, 0.3, 5.0)",
PLAYER_GAZE,66083,6/26/2026 12:53:28 PM,656b7e14-f368-4196-b68a-fdb1e1554fc8,2.0,,,,,,,,,,,,,,,,,,,,,,,,Military PT 6,,,,,,,,,"(-0.7, 1.0, 0.7)",,,"(-9.1, 0.0, 4.6)",
PLAYER_POSITIONS,66083,6/26/2026 12:53:28 PM,656b7e14-f368-4196-b68a-fdb1e1554fc8,2.0,,,,,,,,,,,,,,,,,,,,,,,,,,,,,,,,,,,"(-9.6, 0.3, 5.1)","(-9.8, 1.0, 5.2)","(-9.7, 0.3, 5.0)",
PLAYER_GAZE,66083,6/26/2026 12:53:28 PM,656b7e14-f368-4196-b68a-fdb1e1554fc8,2.0,,,,,,,,,,,,,,,,,,,,,,,,Military PT 6,,,,,,,,,"(-0.7, 1.0, 0.7)",,,"(-9.1, 0.0, 4.6)",
PLAYER_POSITIONS,66588,6/26/2026 12:53:28 PM,656b7e14-f368-4196-b68a-fdb1e1554fc8,2.0,,,,,,,,,,,,,,,,,,,,,,,,,,,,,,,,,,,"(-9.6, 0.3, 5.1)","(-9.7, 1.0, 5.2)","(-9.7, 0.3, 5.0)",
PLAYER_POSITIONS,66588,6/26/2026 12:53:28 PM,656b7e14-f368-4196-b68a-fdb1e1554fc8,2.0,,,,,,,,,,,,,,,,,,,,,,,,,,,,,,,,,,,"(-9.6, 0.3, 5.1)","(-9.7, 1.0, 5.2)","(-9.7, 0.3, 5.0)",
PLAYER_POSITIONS,67089,6/26/2026 12:53:29 PM,656b7e14-f368-4196-b68a-fdb1e1554fc8,2.0,,,,,,,,,,,,,,,,,,,,,,,,,,,,,,,,,,,"(-9.6, 0.3, 5.1)","(-9.8, 1.0, 5.2)","(-9.7, 0.3, 5.0)",
PLAYER_POSITIONS,67089,6/26/2026 12:53:29 PM,656b7e14-f368-4196-b68a-fdb1e1554fc8,2.0,,,,,,,,,,,,,,,,,,,,,,,,,,,,,,,,,,,"(-9.6, 0.3, 5.1)","(-9.8, 1.0, 5.2)","(-9.7, 0.3, 5.0)",
PLAYER_POSITIONS,67611,6/26/2026 12:53:29 PM,656b7e14-f368-4196-b68a-fdb1e1554fc8,2.0,,,,,,,,,,,,,,,,,,,,,,,,,,,,,,,,,,,"(-9.6, 0.3, 5.1)","(-9.8, 1.0, 5.2)","(-9.7, 0.3, 5.0)",
PLAYER_GAZE,67611,6/26/2026 12:53:29 PM,656b7e14-f368-4196-b68a-fdb1e1554fc8,2.0,,,,,,,,,,,,,,,,,,,,,,,,Military PT 6,,,,,,,,,"(-0.7, 1.0, 0.6)",,,"(-9.1, 0.0, 4.6)",
PLAYER_POSITIONS,67611,6/26/2026 12:53:29 PM,656b7e14-f368-4196-b68a-fdb1e1554fc8,2.0,,,,,,,,,,,,,,,,,,,,,,,,,,,,,,,,,,,"(-9.6, 0.3, 5.1)","(-9.8, 1.0, 5.2)","(-9.7, 0.3, 5.0)",
PLAYER_GAZE,67611,6/26/2026 12:53:29 PM,656b7e14-f368-4196-b68a-fdb1e1554fc8,2.0,,,,,,,,,,,,,,,,,,,,,,,,Military PT 6,,,,,,,,,"(-0.7, 1.0, 0.6)",,,"(-9.1, 0.0, 4.6)",
AUDIO_END,67764,6/26/2026 12:53:29 PM,656b7e14-f368-4196-b68a-fdb1e1554fc8,2.0,air support,3.578775,
NARRATIVE_SECTION_END,67764,6/26/2026 12:53:29 PM,656b7e14-f368-4196-b68a-fdb1e1554fc8,2.0,,,,,,,,,,,,,,,,,,Air Support Message,5,
NARRATIVE_SECTION_START,67782,6/26/2026 12:53:29 PM,656b7e14-f368-4196-b68a-fdb1e1554fc8,2.0,,,,,,,,,,,,,,,,,,Coming in hot,6,
PLAYER_POSITIONS,68119,6/26/2026 12:53:30 PM,656b7e14-f368-4196-b68a-fdb1e1554fc8,2.0,,,,,,,,,,,,,,,,,,,,,,,,,,,,,,,,,,,"(-9.6, 0.3, 5.1)","(-9.8, 1.0, 5.2)","(-9.7, 0.3, 5.0)",
PLAYER_GAZE,68119,6/26/2026 12:53:30 PM,656b7e14-f368-4196-b68a-fdb1e1554fc8,2.0,,,,,,,,,,,,,,,,,,,,,,,,Military PT 6,,,,,,,,,"(-0.7, 1.0, 0.6)",,,"(-9.1, 0.0, 4.6)",
PLAYER_POSITIONS,68119,6/26/2026 12:53:30 PM,656b7e14-f368-4196-b68a-fdb1e1554fc8,2.0,,,,,,,,,,,,,,,,,,,,,,,,,,,,,,,,,,,"(-9.6, 0.3, 5.1)","(-9.8, 1.0, 5.2)","(-9.7, 0.3, 5.0)",
PLAYER_GAZE,68119,6/26/2026 12:53:30 PM,656b7e14-f368-4196-b68a-fdb1e1554fc8,2.0,,,,,,,,,,,,,,,,,,,,,,,,Military PT 6,,,,,,,,,"(-0.7, 1.0, 0.6)",,,"(-9.1, 0.0, 4.6)",
PLAYER_POSITIONS,68630,6/26/2026 12:53:30 PM,656b7e14-f368-4196-b68a-fdb1e1554fc8,2.0,,,,,,,,,,,,,,,,,,,,,,,,,,,,,,,,,,,"(-9.6, 0.3, 5.1)","(-9.8, 1.0, 5.2)","(-9.7, 0.3, 5.0)",
PLAYER_GAZE,68630,6/26/2026 12:53:30 PM,656b7e14-f368-4196-b68a-fdb1e1554fc8,2.0,,,,,,,,,,,,,,,,,,,,,,,,Military PT 6,,,,,,,,,"(-0.7, 1.0, 0.6)",,,"(-9.1, 0.0, 4.6)",
PLAYER_POSITIONS,68630,6/26/2026 12:53:30 PM,656b7e14-f368-4196-b68a-fdb1e1554fc8,2.0,,,,,,,,,,,,,,,,,,,,,,,,,,,,,,,,,,,"(-9.6, 0.3, 5.1)","(-9.8, 1.0, 5.2)","(-9.7, 0.3, 5.0)",
PLAYER_GAZE,68630,6/26/2026 12:53:30 PM,656b7e14-f368-4196-b68a-fdb1e1554fc8,2.0,,,,,,,,,,,,,,,,,,,,,,,,Military PT 6,,,,,,,,,"(-0.7, 1.0, 0.6)",,,"(-9.1, 0.0, 4.6)",
AUDIO_START,68769,6/26/2026 12:53:30 PM,656b7e14-f368-4196-b68a-fdb1e1554fc8,2.0,coming in hot,3.369796,
PLAYER_POSITIONS,69140,6/26/2026 12:53:31 PM,656b7e14-f368-4196-b68a-fdb1e1554fc8,2.0,,,,,,,,,,,,,,,,,,,,,,,,,,,,,,,,,,,"(-9.6, 0.3, 5.1)","(-9.8, 1.0, 5.2)","(-9.7, 0.3, 5.0)",
PLAYER_GAZE,69142,6/26/2026 12:53:31 PM,656b7e14-f368-4196-b68a-fdb1e1554fc8,2.0,,,,,,,,,,,,,,,,,,,,,,,,Military PT 6,,,,,,,,,"(-0.7, 1.0, 0.6)",,,"(-9.1, 0.0, 4.6)",
PLAYER_POSITIONS,69140,6/26/2026 12:53:31 PM,656b7e14-f368-4196-b68a-fdb1e1554fc8,2.0,,,,,,,,,,,,,,,,,,,,,,,,,,,,,,,,,,,"(-9.6, 0.3, 5.1)","(-9.8, 1.0, 5.2)","(-9.7, 0.3, 5.0)",
PLAYER_GAZE,69142,6/26/2026 12:53:31 PM,656b7e14-f368-4196-b68a-fdb1e1554fc8,2.0,,,,,,,,,,,,,,,,,,,,,,,,Military PT 6,,,,,,,,,"(-0.7, 1.0, 0.6)",,,"(-9.1, 0.0, 4.6)",
PLAYER_POSITIONS,69649,6/26/2026 12:53:31 PM,656b7e14-f368-4196-b68a-fdb1e1554fc8,2.0,,,,,,,,,,,,,,,,,,,,,,,,,,,,,,,,,,,"(-9.6, 0.3, 5.1)","(-9.7, 1.0, 5.2)","(-9.7, 0.3, 5.0)",
PLAYER_GAZE,69649,6/26/2026 12:53:31 PM,656b7e14-f368-4196-b68a-fdb1e1554fc8,2.0,,,,,,,,,,,,,,,,,,,,,,,,Military PT 6,,,,,,,,,"(-0.6, 1.0, 0.6)",,,"(-9.1, 0.0, 4.6)",
PLAYER_POSITIONS,69649,6/26/2026 12:53:31 PM,656b7e14-f368-4196-b68a-fdb1e1554fc8,2.0,,,,,,,,,,,,,,,,,,,,,,,,,,,,,,,,,,,"(-9.6, 0.3, 5.1)","(-9.7, 1.0, 5.2)","(-9.7, 0.3, 5.0)",
PLAYER_GAZE,69649,6/26/2026 12:53:31 PM,656b7e14-f368-4196-b68a-fdb1e1554fc8,2.0,,,,,,,,,,,,,,,,,,,,,,,,Military PT 6,,,,,,,,,"(-0.6, 1.0, 0.6)",,,"(-9.1, 0.0, 4.6)",
PULSE_TAKEN,69755,6/26/2026 12:53:31 PM,656b7e14-f368-4196-b68a-fdb1e1554fc8,2.0,,,,,,,,,,,,,,,,,,,,,,,,Military PT 6,,,,pulse_fast,
PLAYER_POSITIONS,70169,6/26/2026 12:53:32 PM,656b7e14-f368-4196-b68a-fdb1e1554fc8,2.0,,,,,,,,,,,,,,,,,,,,,,,,,,,,,,,,,,,"(-9.7, 0.5, 5.2)","(-9.7, 1.2, 5.2)","(-9.8, 0.5, 5.2)",
PLAYER_GAZE,70169,6/26/2026 12:53:32 PM,656b7e14-f368-4196-b68a-fdb1e1554fc8,2.0,,,,,,,,,,,,,,,,,,,,,,,,Military PT 6,,,,,,,,,"(-0.6, 1.2, 0.6)",,,"(-9.1, 0.0, 4.6)",
PLAYER_POSITIONS,70169,6/26/2026 12:53:32 PM,656b7e14-f368-4196-b68a-fdb1e1554fc8,2.0,,,,,,,,,,,,,,,,,,,,,,,,,,,,,,,,,,,"(-9.7, 0.5, 5.2)","(-9.7, 1.2, 5.2)","(-9.8, 0.5, 5.2)",
PLAYER_GAZE,70169,6/26/2026 12:53:32 PM,656b7e14-f368-4196-b68a-fdb1e1554fc8,2.0,,,,,,,,,,,,,,,,,,,,,,,,Military PT 6,,,,,,,,,"(-0.6, 1.2, 0.6)",,,"(-9.1, 0.0, 4.6)",
PLAYER_POSITIONS,70679,6/26/2026 12:53:32 PM,656b7e14-f368-4196-b68a-fdb1e1554fc8,2.0,,,,,,,,,,,,,,,,,,,,,,,,,,,,,,,,,,,"(-10.0, 0.7, 5.4)","(-10.0, 1.5, 5.3)","(-10.1, 0.7, 5.3)",
PLAYER_GAZE,70679,6/26/2026 12:53:32 PM,656b7e14-f368-4196-b68a-fdb1e1554fc8,2.0,,,,,,,,,,,,,,,,,,,,,,,,Military PT 6,,,,,,,,,"(-0.9, 1.5, 0.7)",,,"(-9.1, 0.0, 4.6)",
PLAYER_POSITIONS,70679,6/26/2026 12:53:32 PM,656b7e14-f368-4196-b68a-fdb1e1554fc8,2.0,,,,,,,,,,,,,,,,,,,,,,,,,,,,,,,,,,,"(-10.0, 0.7, 5.4)","(-10.0, 1.5, 5.3)","(-10.1, 0.7, 5.3)",
PLAYER_GAZE,70679,6/26/2026 12:53:32 PM,656b7e14-f368-4196-b68a-fdb1e1554fc8,2.0,,,,,,,,,,,,,,,,,,,,,,,,Military PT 6,,,,,,,,,"(-0.9, 1.5, 0.7)",,,"(-9.1, 0.0, 4.6)",
PLAYER_POSITIONS,71189,6/26/2026 12:53:33 PM,656b7e14-f368-4196-b68a-fdb1e1554fc8,2.0,,,,,,,,,,,,,,,,,,,,,,,,,,,,,,,,,,,"(-10.2, 0.8, 5.5)","(-10.2, 1.6, 5.5)","(-10.3, 0.9, 5.4)",
PLAYER_GAZE,71189,6/26/2026 12:53:33 PM,656b7e14-f368-4196-b68a-fdb1e1554fc8,2.0,,,,,,,,,,,,,,,,,,,,,,,,Military PT 6,,,,,,,,,"(-1.0, 1.6, 0.8)",,,"(-9.2, 0.0, 4.7)",
PLAYER_POSITIONS,71189,6/26/2026 12:53:33 PM,656b7e14-f368-4196-b68a-fdb1e1554fc8,2.0,,,,,,,,,,,,,,,,,,,,,,,,,,,,,,,,,,,"(-10.2, 0.8, 5.5)","(-10.2, 1.6, 5.5)","(-10.3, 0.9, 5.4)",
PLAYER_GAZE,71189,6/26/2026 12:53:33 PM,656b7e14-f368-4196-b68a-fdb1e1554fc8,2.0,,,,,,,,,,,,,,,,,,,,,,,,Military PT 6,,,,,,,,,"(-1.0, 1.6, 0.8)",,,"(-9.2, 0.0, 4.7)",
PLAYER_POSITIONS,71712,6/26/2026 12:53:33 PM,656b7e14-f368-4196-b68a-fdb1e1554fc8,2.0,,,,,,,,,,,,,,,,,,,,,,,,,,,,,,,,,,,"(-10.3, 0.9, 5.6)","(-10.4, 1.7, 5.6)","(-10.4, 0.9, 5.5)",
PLAYER_POSITIONS,71712,6/26/2026 12:53:33 PM,656b7e14-f368-4196-b68a-fdb1e1554fc8,2.0,,,,,,,,,,,,,,,,,,,,,,,,,,,,,,,,,,,"(-10.3, 0.9, 5.6)","(-10.4, 1.7, 5.6)","(-10.4, 0.9, 5.5)",
AUDIO_END,72146,6/26/2026 12:53:34 PM,656b7e14-f368-4196-b68a-fdb1e1554fc8,2.0,coming in hot,3.369796,
NARRATIVE_SECTION_END,72146,6/26/2026 12:53:34 PM,656b7e14-f368-4196-b68a-fdb1e1554fc8,2.0,,,,,,,,,,,,,,,,,,Coming in hot,6,
NARRATIVE_SECTION_START,72165,6/26/2026 12:53:34 PM,656b7e14-f368-4196-b68a-fdb1e1554fc8,2.0,,,,,,,,,,,,,,,,,,Jet flyover enable,7,
PLAYER_POSITIONS,72214,6/26/2026 12:53:34 PM,656b7e14-f368-4196-b68a-fdb1e1554fc8,2.0,,,,,,,,,,,,,,,,,,,,,,,,,,,,,,,,,,,"(-10.6, 0.9, 5.6)","(-10.6, 1.7, 5.6)","(-10.7, 0.9, 5.5)",
PLAYER_POSITIONS,72214,6/26/2026 12:53:34 PM,656b7e14-f368-4196-b68a-fdb1e1554fc8,2.0,,,,,,,,,,,,,,,,,,,,,,,,,,,,,,,,,,,"(-10.6, 0.9, 5.6)","(-10.6, 1.7, 5.6)","(-10.7, 0.9, 5.5)",
PLAYER_POSITIONS,72719,6/26/2026 12:53:34 PM,656b7e14-f368-4196-b68a-fdb1e1554fc8,2.0,,,,,,,,,,,,,,,,,,,,,,,,,,,,,,,,,,,"(-10.6, 0.9, 5.8)","(-10.7, 1.7, 5.8)","(-10.8, 0.9, 5.7)",
PLAYER_POSITIONS,72719,6/26/2026 12:53:34 PM,656b7e14-f368-4196-b68a-fdb1e1554fc8,2.0,,,,,,,,,,,,,,,,,,,,,,,,,,,,,,,,,,,"(-10.6, 0.9, 5.8)","(-10.7, 1.7, 5.8)","(-10.8, 0.9, 5.7)",
NARRATIVE_SECTION_END,73177,6/26/2026 12:53:35 PM,656b7e14-f368-4196-b68a-fdb1e1554fc8,2.0,,,,,,,,,,,,,,,,,,Jet flyover enable,7,
NARRATIVE_SECTION_START,73215,6/26/2026 12:53:35 PM,656b7e14-f368-4196-b68a-fdb1e1554fc8,2.0,,,,,,,,,,,,,,,,,,Jet flyover sound,8,
PLAYER_POSITIONS,73242,6/26/2026 12:53:35 PM,656b7e14-f368-4196-b68a-fdb1e1554fc8,2.0,,,,,,,,,,,,,,,,,,,,,,,,,,,,,,,,,,,"(-10.4, 0.9, 6.2)","(-10.4, 1.7, 6.2)","(-10.5, 0.9, 6.2)",
PLAYER_POSITIONS,73242,6/26/2026 12:53:35 PM,656b7e14-f368-4196-b68a-fdb1e1554fc8,2.0,,,,,,,,,,,,,,,,,,,,,,,,,,,,,,,,,,,"(-10.4, 0.9, 6.2)","(-10.4, 1.7, 6.2)","(-10.5, 0.9, 6.2)",
PLAYER_POSITIONS,73755,6/26/2026 12:53:35 PM,656b7e14-f368-4196-b68a-fdb1e1554fc8,2.0,,,,,,,,,,,,,,,,,,,,,,,,,,,,,,,,,,,"(-10.0, 0.9, 6.5)","(-10.1, 1.6, 6.5)","(-10.2, 0.9, 6.5)",
PLAYER_POSITIONS,73755,6/26/2026 12:53:35 PM,656b7e14-f368-4196-b68a-fdb1e1554fc8,2.0,,,,,,,,,,,,,,,,,,,,,,,,,,,,,,,,,,,"(-10.0, 0.9, 6.5)","(-10.1, 1.6, 6.5)","(-10.2, 0.9, 6.5)",
PLAYER_POSITIONS,74255,6/26/2026 12:53:36 PM,656b7e14-f368-4196-b68a-fdb1e1554fc8,2.0,,,,,,,,,,,,,,,,,,,,,,,,,,,,,,,,,,,"(-10.1, 0.9, 6.5)","(-10.2, 1.6, 6.5)","(-10.3, 0.9, 6.5)",
PLAYER_POSITIONS,74255,6/26/2026 12:53:36 PM,656b7e14-f368-4196-b68a-fdb1e1554fc8,2.0,,,,,,,,,,,,,,,,,,,,,,,,,,,,,,,,,,,"(-10.1, 0.9, 6.5)","(-10.2, 1.6, 6.5)","(-10.3, 0.9, 6.5)",
DRAG_STOP,74734,6/26/2026 12:53:36 PM,656b7e14-f368-4196-b68a-fdb1e1554fc8,2.0,,,,,"(-9.1, 0.0, 4.6)","(-10.7, 0.0, 5.9)",,,,,,,,,,,,,,,,,,Military PT 6,
DRAG_STOP,74734,6/26/2026 12:53:36 PM,656b7e14-f368-4196-b68a-fdb1e1554fc8,2.0,,,,,"(-9.1, 0.0, 4.6)","(-10.7, 0.0, 5.9)",,,,,,,,,,,,,,,,,,Military PT 6,
PLAYER_POSITIONS,74777,6/26/2026 12:53:36 PM,656b7e14-f368-4196-b68a-fdb1e1554fc8,2.0,,,,,,,,,,,,,,,,,,,,,,,,,,,,,,,,,,,"(-10.2, 0.9, 6.5)","(-10.3, 1.6, 6.5)","(-10.4, 0.9, 6.4)",
PLAYER_POSITIONS,74777,6/26/2026 12:53:36 PM,656b7e14-f368-4196-b68a-fdb1e1554fc8,2.0,,,,,,,,,,,,,,,,,,,,,,,,,,,,,,,,,,,"(-10.2, 0.9, 6.5)","(-10.3, 1.6, 6.5)","(-10.4, 0.9, 6.4)",
DRAG_STOP,74801,6/26/2026 12:53:36 PM,656b7e14-f368-4196-b68a-fdb1e1554fc8,2.0,,,,,"(-9.1, 0.0, 4.6)","(-10.7, 0.0, 5.9)",,,,,,,,,,,,,,,,,,Military PT 6,
DRAG_STOP,74801,6/26/2026 12:53:36 PM,656b7e14-f368-4196-b68a-fdb1e1554fc8,2.0,,,,,"(-9.1, 0.0, 4.6)","(-10.7, 0.0, 5.9)",,,,,,,,,,,,,,,,,,Military PT 6,
AUDIO_START,75252,6/26/2026 12:53:37 PM,656b7e14-f368-4196-b68a-fdb1e1554fc8,2.0,jet flyover,8.071836,
PLAYER_POSITIONS,75281,6/26/2026 12:53:37 PM,656b7e14-f368-4196-b68a-fdb1e1554fc8,2.0,,,,,,,,,,,,,,,,,,,,,,,,,,,,,,,,,,,"(-10.3, 0.8, 6.6)","(-10.4, 1.6, 6.5)","(-10.6, 0.9, 6.5)",
PLAYER_POSITIONS,75281,6/26/2026 12:53:37 PM,656b7e14-f368-4196-b68a-fdb1e1554fc8,2.0,,,,,,,,,,,,,,,,,,,,,,,,,,,,,,,,,,,"(-10.3, 0.8, 6.6)","(-10.4, 1.6, 6.5)","(-10.6, 0.9, 6.5)",
PLAYER_POSITIONS,75782,6/26/2026 12:53:37 PM,656b7e14-f368-4196-b68a-fdb1e1554fc8,2.0,,,,,,,,,,,,,,,,,,,,,,,,,,,,,,,,,,,"(-10.7, 0.8, 6.5)","(-10.9, 1.5, 6.4)","(-11.1, 1.0, 6.2)",
PLAYER_POSITIONS,75782,6/26/2026 12:53:37 PM,656b7e14-f368-4196-b68a-fdb1e1554fc8,2.0,,,,,,,,,,,,,,,,,,,,,,,,,,,,,,,,,,,"(-10.7, 0.8, 6.5)","(-10.9, 1.5, 6.4)","(-11.1, 1.0, 6.2)",
PLAYER_POSITIONS,76283,6/26/2026 12:53:38 PM,656b7e14-f368-4196-b68a-fdb1e1554fc8,2.0,,,,,,,,,,,,,,,,,,,,,,,,,,,,,,,,,,,"(-10.8, 0.6, 6.5)","(-10.8, 1.2, 6.3)","(-11.0, 0.6, 6.1)",
PLAYER_GAZE,76283,6/26/2026 12:53:38 PM,656b7e14-f368-4196-b68a-fdb1e1554fc8,2.0,,,,,,,,,,,,,,,,,,,,,,,,Military PT 6,,,,,,,,,"(-0.1, 1.2, 0.5)",,,"(-10.7, 0.0, 5.9)",
PLAYER_POSITIONS,76283,6/26/2026 12:53:38 PM,656b7e14-f368-4196-b68a-fdb1e1554fc8,2.0,,,,,,,,,,,,,,,,,,,,,,,,,,,,,,,,,,,"(-10.8, 0.6, 6.5)","(-10.8, 1.2, 6.3)","(-11.0, 0.6, 6.1)",
PLAYER_GAZE,76283,6/26/2026 12:53:38 PM,656b7e14-f368-4196-b68a-fdb1e1554fc8,2.0,,,,,,,,,,,,,,,,,,,,,,,,Military PT 6,,,,,,,,,"(-0.1, 1.2, 0.5)",,,"(-10.7, 0.0, 5.9)",
PLAYER_POSITIONS,76797,6/26/2026 12:53:38 PM,656b7e14-f368-4196-b68a-fdb1e1554fc8,2.0,,,,,,,,,,,,,,,,,,,,,,,,,,,,,,,,,,,"(-10.7, 0.5, 6.4)","(-10.8, 1.0, 6.4)","(-11.0, 0.4, 6.1)",
PLAYER_POSITIONS,76797,6/26/2026 12:53:38 PM,656b7e14-f368-4196-b68a-fdb1e1554fc8,2.0,,,,,,,,,,,,,,,,,,,,,,,,,,,,,,,,,,,"(-10.7, 0.5, 6.4)","(-10.8, 1.0, 6.4)","(-11.0, 0.4, 6.1)",
PLAYER_POSITIONS,77304,6/26/2026 12:53:39 PM,656b7e14-f368-4196-b68a-fdb1e1554fc8,2.0,,,,,,,,,,,,,,,,,,,,,,,,,,,,,,,,,,,"(-10.7, 0.5, 6.4)","(-10.8, 0.9, 6.4)","(-10.9, 0.5, 6.2)",
PLAYER_POSITIONS,77304,6/26/2026 12:53:39 PM,656b7e14-f368-4196-b68a-fdb1e1554fc8,2.0,,,,,,,,,,,,,,,,,,,,,,,,,,,,,,,,,,,"(-10.7, 0.5, 6.4)","(-10.8, 0.9, 6.4)","(-10.9, 0.5, 6.2)",
TAG_SELECTED,77570,6/26/2026 12:53:39 PM,656b7e14-f368-4196-b68a-fdb1e1554fc8,2.0,,,,,,,,,,,,,,,,,,,,,,,,,,,,,,,,,,,,,,,,,,red,
PLAYER_POSITIONS,77827,6/26/2026 12:53:39 PM,656b7e14-f368-4196-b68a-fdb1e1554fc8,2.0,,,,,,,,,,,,,,,,,,,,,,,,,,,,,,,,,,,"(-10.7, 0.6, 6.4)","(-10.8, 0.9, 6.4)","(-10.8, 0.4, 6.3)",
PLAYER_POSITIONS,77827,6/26/2026 12:53:39 PM,656b7e14-f368-4196-b68a-fdb1e1554fc8,2.0,,,,,,,,,,,,,,,,,,,,,,,,,,,,,,,,,,,"(-10.7, 0.6, 6.4)","(-10.8, 0.9, 6.4)","(-10.8, 0.4, 6.3)",
PLAYER_POSITIONS,78334,6/26/2026 12:53:40 PM,656b7e14-f368-4196-b68a-fdb1e1554fc8,2.0,,,,,,,,,,,,,,,,,,,,,,,,,,,,,,,,,,,"(-10.6, 0.6, 6.4)","(-10.7, 0.8, 6.5)","(-10.8, 0.1, 6.6)",
PLAYER_POSITIONS,78334,6/26/2026 12:53:40 PM,656b7e14-f368-4196-b68a-fdb1e1554fc8,2.0,,,,,,,,,,,,,,,,,,,,,,,,,,,,,,,,,,,"(-10.6, 0.6, 6.4)","(-10.7, 0.8, 6.5)","(-10.8, 0.1, 6.6)",
TAG_APPLIED,78364,6/26/2026 12:53:40 PM,656b7e14-f368-4196-b68a-fdb1e1554fc8,2.0,,,,,,,,,,,,,,,,,,,,,,,,Military PT 6,,,,,,,,,,,,,,,,,,red,
PLAYER_POSITIONS,78835,6/26/2026 12:53:40 PM,656b7e14-f368-4196-b68a-fdb1e1554fc8,2.0,,,,,,,,,,,,,,,,,,,,,,,,,,,,,,,,,,,"(-10.6, 0.6, 6.4)","(-10.7, 1.1, 6.4)","(-10.8, 0.4, 6.4)",
PLAYER_GAZE,78835,6/26/2026 12:53:40 PM,656b7e14-f368-4196-b68a-fdb1e1554fc8,2.0,,,,,,,,,,,,,,,,,,,,,,,,Military PT 6,,,,,,,,,"(0.0, 1.1, 0.6)",,,"(-10.7, 0.0, 5.9)",
PLAYER_POSITIONS,78835,6/26/2026 12:53:40 PM,656b7e14-f368-4196-b68a-fdb1e1554fc8,2.0,,,,,,,,,,,,,,,,,,,,,,,,,,,,,,,,,,,"(-10.6, 0.6, 6.4)","(-10.7, 1.1, 6.4)","(-10.8, 0.4, 6.4)",
PLAYER_GAZE,78835,6/26/2026 12:53:40 PM,656b7e14-f368-4196-b68a-fdb1e1554fc8,2.0,,,,,,,,,,,,,,,,,,,,,,,,Military PT 6,,,,,,,,,"(0.0, 1.1, 0.6)",,,"(-10.7, 0.0, 5.9)",
BAG_CLOSED,78855,6/26/2026 12:53:40 PM,656b7e14-f368-4196-b68a-fdb1e1554fc8,2.0,,,,,,,,,,,,,,,,,,,,,,,,,,,,,,,,,,,,"(0.0, 0.0, 0.0)",
PLAYER_POSITIONS,79345,6/26/2026 12:53:41 PM,656b7e14-f368-4196-b68a-fdb1e1554fc8,2.0,,,,,,,,,,,,,,,,,,,,,,,,,,,,,,,,,,,"(-11.0, 0.9, 6.4)","(-11.3, 1.7, 6.3)","(-11.3, 0.9, 6.4)",
PLAYER_POSITIONS,79345,6/26/2026 12:53:41 PM,656b7e14-f368-4196-b68a-fdb1e1554fc8,2.0,,,,,,,,,,,,,,,,,,,,,,,,,,,,,,,,,,,"(-11.0, 0.9, 6.4)","(-11.3, 1.7, 6.3)","(-11.3, 0.9, 6.4)",
PLAYER_POSITIONS,79865,6/26/2026 12:53:41 PM,656b7e14-f368-4196-b68a-fdb1e1554fc8,2.0,,,,,,,,,,,,,,,,,,,,,,,,,,,,,,,,,,,"(-11.5, 1.0, 6.2)","(-11.6, 1.8, 6.5)","(-11.9, 1.0, 6.5)",
PLAYER_POSITIONS,79865,6/26/2026 12:53:41 PM,656b7e14-f368-4196-b68a-fdb1e1554fc8,2.0,,,,,,,,,,,,,,,,,,,,,,,,,,,,,,,,,,,"(-11.5, 1.0, 6.2)","(-11.6, 1.8, 6.5)","(-11.9, 1.0, 6.5)",
PLAYER_POSITIONS,80388,6/26/2026 12:53:42 PM,656b7e14-f368-4196-b68a-fdb1e1554fc8,2.0,,,,,,,,,,,,,,,,,,,,,,,,,,,,,,,,,,,"(-11.7, 1.0, 6.0)","(-11.8, 1.8, 6.2)","(-12.1, 1.0, 6.3)",
PLAYER_POSITIONS,80388,6/26/2026 12:53:42 PM,656b7e14-f368-4196-b68a-fdb1e1554fc8,2.0,,,,,,,,,,,,,,,,,,,,,,,,,,,,,,,,,,,"(-11.7, 1.0, 6.0)","(-11.8, 1.8, 6.2)","(-12.1, 1.0, 6.3)",
PLAYER_POSITIONS,80898,6/26/2026 12:53:43 PM,656b7e14-f368-4196-b68a-fdb1e1554fc8,2.0,,,,,,,,,,,,,,,,,,,,,,,,,,,,,,,,,,,"(-12.2, 1.0, 5.7)","(-12.3, 1.8, 5.9)","(-12.6, 1.0, 5.8)",
PLAYER_POSITIONS,80898,6/26/2026 12:53:43 PM,656b7e14-f368-4196-b68a-fdb1e1554fc8,2.0,,,,,,,,,,,,,,,,,,,,,,,,,,,,,,,,,,,"(-12.2, 1.0, 5.7)","(-12.3, 1.8, 5.9)","(-12.6, 1.0, 5.8)",
PATIENT_DISENGAGED,81009,6/26/2026 12:53:43 PM,656b7e14-f368-4196-b68a-fdb1e1554fc8,2.0,,,,33.75,,,,,,,,,,,,,,,,fast,100,Infinity,normal,Military PT 6,agony,supine,"(-10.7, 0.0, 5.9)",fast,"(0.0, 0.8, 0.0, -0.6)",normal,IMMEDIATE,still,,,,,,,,,,,,,,,,,33.75,
PLAYER_POSITIONS,81421,6/26/2026 12:53:43 PM,656b7e14-f368-4196-b68a-fdb1e1554fc8,2.0,,,,,,,,,,,,,,,,,,,,,,,,,,,,,,,,,,,"(-12.8, 1.0, 5.4)","(-12.9, 1.8, 5.6)","(-13.2, 1.1, 5.5)",
PLAYER_POSITIONS,81421,6/26/2026 12:53:43 PM,656b7e14-f368-4196-b68a-fdb1e1554fc8,2.0,,,,,,,,,,,,,,,,,,,,,,,,,,,,,,,,,,,"(-12.8, 1.0, 5.4)","(-12.9, 1.8, 5.6)","(-13.2, 1.1, 5.5)",
PATIENT_ENGAGED,81819,6/26/2026 12:53:43 PM,656b7e14-f368-4196-b68a-fdb1e1554fc8,2.0,,,,0,,,,,,,,,,,,,,,,normal,100,128,normal,Military PT 13,calm,standing,"(-15.2, 0.0, 4.9)",normal,"(0.0, 0.8, 0.0, 0.6)",normal,MINIMAL,still,,,,,,,,,,,,,,,,,0,
PLAYER_POSITIONS,81931,6/26/2026 12:53:44 PM,656b7e14-f368-4196-b68a-fdb1e1554fc8,2.0,,,,,,,,,,,,,,,,,,,,,,,,,,,,,,,,,,,"(-13.6, 1.0, 4.9)","(-13.7, 1.8, 5.1)","(-14.0, 1.1, 5.1)",
PLAYER_GAZE,81933,6/26/2026 12:53:44 PM,656b7e14-f368-4196-b68a-fdb1e1554fc8,2.0,,,,,,,,,,,,,,,,,,,,,,,,Military PT 13,,,,,,,,,"(1.5, 1.8, 0.2)",,,"(-15.2, 0.0, 5.0)",
PLAYER_POSITIONS,81931,6/26/2026 12:53:44 PM,656b7e14-f368-4196-b68a-fdb1e1554fc8,2.0,,,,,,,,,,,,,,,,,,,,,,,,,,,,,,,,,,,"(-13.6, 1.0, 4.9)","(-13.7, 1.8, 5.1)","(-14.0, 1.1, 5.1)",
PLAYER_GAZE,81933,6/26/2026 12:53:44 PM,656b7e14-f368-4196-b68a-fdb1e1554fc8,2.0,,,,,,,,,,,,,,,,,,,,,,,,Military PT 13,,,,,,,,,"(1.5, 1.8, 0.2)",,,"(-15.2, 0.0, 5.0)",
PLAYER_POSITIONS,82454,6/26/2026 12:53:44 PM,656b7e14-f368-4196-b68a-fdb1e1554fc8,2.0,,,,,,,,,,,,,,,,,,,,,,,,,,,,,,,,,,,"(-13.8, 1.0, 4.8)","(-13.8, 1.8, 4.9)","(-14.1, 1.1, 5.0)",
PLAYER_POSITIONS,82454,6/26/2026 12:53:44 PM,656b7e14-f368-4196-b68a-fdb1e1554fc8,2.0,,,,,,,,,,,,,,,,,,,,,,,,,,,,,,,,,,,"(-13.8, 1.0, 4.8)","(-13.8, 1.8, 4.9)","(-14.1, 1.1, 5.0)",
PLAYER_POSITIONS,82977,6/26/2026 12:53:45 PM,656b7e14-f368-4196-b68a-fdb1e1554fc8,2.0,,,,,,,,,,,,,,,,,,,,,,,,,,,,,,,,,,,"(-13.7, 1.0, 4.7)","(-13.7, 1.7, 4.8)","(-14.0, 1.1, 4.8)",
PLAYER_POSITIONS,82977,6/26/2026 12:53:45 PM,656b7e14-f368-4196-b68a-fdb1e1554fc8,2.0,,,,,,,,,,,,,,,,,,,,,,,,,,,,,,,,,,,"(-13.7, 1.0, 4.7)","(-13.7, 1.7, 4.8)","(-14.0, 1.1, 4.8)",
AUDIO_END,83337,6/26/2026 12:53:45 PM,656b7e14-f368-4196-b68a-fdb1e1554fc8,2.0,jet flyover,8.071836,
NARRATIVE_SECTION_END,83337,6/26/2026 12:53:45 PM,656b7e14-f368-4196-b68a-fdb1e1554fc8,2.0,,,,,,,,,,,,,,,,,,Jet flyover sound,8,
NARRATIVE_SECTION_START,83355,6/26/2026 12:53:45 PM,656b7e14-f368-4196-b68a-fdb1e1554fc8,2.0,,,,,,,,,,,,,,,,,,Distant Explosion,9,
PLAYER_POSITIONS,83491,6/26/2026 12:53:45 PM,656b7e14-f368-4196-b68a-fdb1e1554fc8,2.0,,,,,,,,,,,,,,,,,,,,,,,,,,,,,,,,,,,"(-14.0, 1.0, 4.7)","(-14.1, 1.8, 4.9)","(-14.4, 1.1, 4.8)",
PLAYER_POSITIONS,83491,6/26/2026 12:53:45 PM,656b7e14-f368-4196-b68a-fdb1e1554fc8,2.0,,,,,,,,,,,,,,,,,,,,,,,,,,,,,,,,,,,"(-14.0, 1.0, 4.7)","(-14.1, 1.8, 4.9)","(-14.4, 1.1, 4.8)",
PLAYER_POSITIONS,84003,6/26/2026 12:53:46 PM,656b7e14-f368-4196-b68a-fdb1e1554fc8,2.0,,,,,,,,,,,,,,,,,,,,,,,,,,,,,,,,,,,"(-14.3, 1.0, 4.7)","(-14.5, 1.7, 4.9)","(-14.7, 1.0, 4.7)",
PLAYER_POSITIONS,84003,6/26/2026 12:53:46 PM,656b7e14-f368-4196-b68a-fdb1e1554fc8,2.0,,,,,,,,,,,,,,,,,,,,,,,,,,,,,,,,,,,"(-14.3, 1.0, 4.7)","(-14.5, 1.7, 4.9)","(-14.7, 1.0, 4.7)",
AUDIO_START,84364,6/26/2026 12:53:46 PM,656b7e14-f368-4196-b68a-fdb1e1554fc8,2.0,distant explosion,4.675919,
PLAYER_POSITIONS,84514,6/26/2026 12:53:46 PM,656b7e14-f368-4196-b68a-fdb1e1554fc8,2.0,,,,,,,,,,,,,,,,,,,,,,,,,,,,,,,,,,,"(-14.3, 1.0, 4.6)","(-14.6, 1.6, 4.8)","(-14.8, 0.8, 4.7)",
PLAYER_POSITIONS,84514,6/26/2026 12:53:46 PM,656b7e14-f368-4196-b68a-fdb1e1554fc8,2.0,,,,,,,,,,,,,,,,,,,,,,,,,,,,,,,,,,,"(-14.3, 1.0, 4.6)","(-14.6, 1.6, 4.8)","(-14.8, 0.8, 4.7)",
VOICE_CAPTURE,84615,6/26/2026 12:53:46 PM,656b7e14-f368-4196-b68a-fdb1e1554fc8,2.0,,,,,,,,,,,,,,,,,,,,,,,,,,,,,,,,,,,,,,,,,,,,,,,,,,,NA,I'm going to just,
PLAYER_POSITIONS,85014,6/26/2026 12:53:47 PM,656b7e14-f368-4196-b68a-fdb1e1554fc8,2.0,,,,,,,,,,,,,,,,,,,,,,,,,,,,,,,,,,,"(-14.3, 1.0, 4.6)","(-14.7, 1.5, 4.7)","(-14.8, 0.8, 4.7)",
PLAYER_POSITIONS,85014,6/26/2026 12:53:47 PM,656b7e14-f368-4196-b68a-fdb1e1554fc8,2.0,,,,,,,,,,,,,,,,,,,,,,,,,,,,,,,,,,,"(-14.3, 1.0, 4.6)","(-14.7, 1.5, 4.7)","(-14.8, 0.8, 4.7)",
VOICE_CAPTURE,85114,6/26/2026 12:53:47 PM,656b7e14-f368-4196-b68a-fdb1e1554fc8,2.0,,,,,,,,,,,,,,,,,,,,,,,,,,,,,,,,,,,,,,,,,,,,,,,,,,,NA,I'm gonna disarm you now.,
PLAYER_POSITIONS,85515,6/26/2026 12:53:47 PM,656b7e14-f368-4196-b68a-fdb1e1554fc8,2.0,,,,,,,,,,,,,,,,,,,,,,,,,,,,,,,,,,,"(-14.3, 0.9, 4.6)","(-14.7, 1.5, 4.7)","(-14.8, 0.8, 4.7)",
PLAYER_POSITIONS,85515,6/26/2026 12:53:47 PM,656b7e14-f368-4196-b68a-fdb1e1554fc8,2.0,,,,,,,,,,,,,,,,,,,,,,,,,,,,,,,,,,,"(-14.3, 0.9, 4.6)","(-14.7, 1.5, 4.7)","(-14.8, 0.8, 4.7)",
VOICE_CAPTURE,85625,6/26/2026 12:53:47 PM,656b7e14-f368-4196-b68a-fdb1e1554fc8,2.0,,,,,,,,,,,,,,,,,,,,,,,,,,,,,,,,,,,,,,,,,,,,,,,,,,,NA,I'm gonna disarm you now. I'm gonna disarm you now.,
PLAYER_POSITIONS,86029,6/26/2026 12:53:48 PM,656b7e14-f368-4196-b68a-fdb1e1554fc8,2.0,,,,,,,,,,,,,,,,,,,,,,,,,,,,,,,,,,,"(-14.3, 0.9, 4.6)","(-14.7, 1.5, 4.7)","(-14.8, 0.8, 4.7)",
PLAYER_POSITIONS,86029,6/26/2026 12:53:48 PM,656b7e14-f368-4196-b68a-fdb1e1554fc8,2.0,,,,,,,,,,,,,,,,,,,,,,,,,,,,,,,,,,,"(-14.3, 0.9, 4.6)","(-14.7, 1.5, 4.7)","(-14.8, 0.8, 4.7)",
VOICE_CAPTURE,86127,6/26/2026 12:53:48 PM,656b7e14-f368-4196-b68a-fdb1e1554fc8,2.0,,,,,,,,,,,,,,,,,,,,,,,,,,,,,,,,,,,,,,,,,,,,,,,,,,,NA,I'm gonna disarm you now. I'm gonna disarm you now.,
VOICE_CAPTURE,86127,6/26/2026 12:53:48 PM,656b7e14-f368-4196-b68a-fdb1e1554fc8,2.0,,,,,,,,,,,,,,,,,,,,,,,,,,,,,,,,,,,,,,,,,,,,,,,,,,,NA,I'm gonna disarm you now. I'm gonna disarm you now.,
VOICE_COMMAND,86127,6/26/2026 12:53:48 PM,656b7e14-f368-4196-b68a-fdb1e1554fc8,2.0,,,,,,,,,,,,,,,,,,,,,,,,Military PT 13,,,,,,,,,,,,,,,,,,,,,,,,,,,I'm gonna disarm you now. I'm gonna disarm you now.,disarm,
DISARM_PATIENT_WEAPON,86197,6/26/2026 12:53:48 PM,656b7e14-f368-4196-b68a-fdb1e1554fc8,2.0,,,,,,,,,,,,,,,,,,,,,,,,Military PT 13,,,,,,,,,,,,,,,,,,,,,,,,,,,,,1,1,
PLAYER_POSITIONS,86529,6/26/2026 12:53:48 PM,656b7e14-f368-4196-b68a-fdb1e1554fc8,2.0,,,,,,,,,,,,,,,,,,,,,,,,,,,,,,,,,,,"(-14.3, 0.9, 4.6)","(-14.6, 1.5, 4.7)","(-14.7, 0.9, 4.8)",
PLAYER_POSITIONS,86529,6/26/2026 12:53:48 PM,656b7e14-f368-4196-b68a-fdb1e1554fc8,2.0,,,,,,,,,,,,,,,,,,,,,,,,,,,,,,,,,,,"(-14.3, 0.9, 4.6)","(-14.6, 1.5, 4.7)","(-14.7, 0.9, 4.8)",
PLAYER_POSITIONS,87051,6/26/2026 12:53:49 PM,656b7e14-f368-4196-b68a-fdb1e1554fc8,2.0,,,,,,,,,,,,,,,,,,,,,,,,,,,,,,,,,,,"(-14.3, 1.0, 4.6)","(-14.6, 1.6, 4.8)","(-14.6, 0.9, 5.2)",
PLAYER_GAZE,87051,6/26/2026 12:53:49 PM,656b7e14-f368-4196-b68a-fdb1e1554fc8,2.0,,,,,,,,,,,,,,,,,,,,,,,,Military PT 13,,,,,,,,,"(0.7, 1.6, -0.2)",,,"(-15.2, 0.0, 5.0)",
PLAYER_POSITIONS,87051,6/26/2026 12:53:49 PM,656b7e14-f368-4196-b68a-fdb1e1554fc8,2.0,,,,,,,,,,,,,,,,,,,,,,,,,,,,,,,,,,,"(-14.3, 1.0, 4.6)","(-14.6, 1.6, 4.8)","(-14.6, 0.9, 5.2)",
PLAYER_GAZE,87051,6/26/2026 12:53:49 PM,656b7e14-f368-4196-b68a-fdb1e1554fc8,2.0,,,,,,,,,,,,,,,,,,,,,,,,Military PT 13,,,,,,,,,"(0.7, 1.6, -0.2)",,,"(-15.2, 0.0, 5.0)",
PLAYER_POSITIONS,87576,6/26/2026 12:53:49 PM,656b7e14-f368-4196-b68a-fdb1e1554fc8,2.0,,,,,,,,,,,,,,,,,,,,,,,,,,,,,,,,,,,"(-14.4, 1.0, 4.7)","(-14.4, 1.7, 4.9)","(-14.5, 1.1, 5.1)",
PLAYER_POSITIONS,87576,6/26/2026 12:53:49 PM,656b7e14-f368-4196-b68a-fdb1e1554fc8,2.0,,,,,,,,,,,,,,,,,,,,,,,,,,,,,,,,,,,"(-14.4, 1.0, 4.7)","(-14.4, 1.7, 4.9)","(-14.5, 1.1, 5.1)",
PLAYER_POSITIONS,88095,6/26/2026 12:53:50 PM,656b7e14-f368-4196-b68a-fdb1e1554fc8,2.0,,,,,,,,,,,,,,,,,,,,,,,,,,,,,,,,,,,"(-14.4, 1.0, 4.7)","(-14.3, 1.6, 5.0)","(-14.4, 1.1, 5.3)",
PLAYER_POSITIONS,88095,6/26/2026 12:53:50 PM,656b7e14-f368-4196-b68a-fdb1e1554fc8,2.0,,,,,,,,,,,,,,,,,,,,,,,,,,,,,,,,,,,"(-14.4, 1.0, 4.7)","(-14.3, 1.6, 5.0)","(-14.4, 1.1, 5.3)",
TAG_SELECTED,88504,6/26/2026 12:53:50 PM,656b7e14-f368-4196-b68a-fdb1e1554fc8,2.0,,,,,,,,,,,,,,,,,,,,,,,,,,,,,,,,,,,,,,,,,,green,
PLAYER_POSITIONS,88615,6/26/2026 12:53:50 PM,656b7e14-f368-4196-b68a-fdb1e1554fc8,2.0,,,,,,,,,,,,,,,,,,,,,,,,,,,,,,,,,,,"(-14.4, 1.0, 4.7)","(-14.3, 1.7, 5.0)","(-14.4, 1.0, 5.3)",
PLAYER_POSITIONS,88615,6/26/2026 12:53:50 PM,656b7e14-f368-4196-b68a-fdb1e1554fc8,2.0,,,,,,,,,,,,,,,,,,,,,,,,,,,,,,,,,,,"(-14.4, 1.0, 4.7)","(-14.3, 1.7, 5.0)","(-14.4, 1.0, 5.3)",
BAG_CLOSED,88871,6/26/2026 12:53:51 PM,656b7e14-f368-4196-b68a-fdb1e1554fc8,2.0,,,,,,,,,,,,,,,,,,,,,,,,,,,,,,,,,,,,"(0.0, 0.0, 0.0)",
AUDIO_END,89051,6/26/2026 12:53:51 PM,656b7e14-f368-4196-b68a-fdb1e1554fc8,2.0,distant explosion,4.675919,
NARRATIVE_SECTION_END,89051,6/26/2026 12:53:51 PM,656b7e14-f368-4196-b68a-fdb1e1554fc8,2.0,,,,,,,,,,,,,,,,,,Distant Explosion,9,
NARRATIVE_SECTION_START,89114,6/26/2026 12:53:51 PM,656b7e14-f368-4196-b68a-fdb1e1554fc8,2.0,,,,,,,,,,,,,,,,,,Thats a good hit,10,
PLAYER_POSITIONS,89118,6/26/2026 12:53:51 PM,656b7e14-f368-4196-b68a-fdb1e1554fc8,2.0,,,,,,,,,,,,,,,,,,,,,,,,,,,,,,,,,,,"(-14.4, 1.0, 4.6)","(-14.6, 1.6, 4.8)","(-14.9, 1.0, 4.8)",
PLAYER_POSITIONS,89118,6/26/2026 12:53:51 PM,656b7e14-f368-4196-b68a-fdb1e1554fc8,2.0,,,,,,,,,,,,,,,,,,,,,,,,,,,,,,,,,,,"(-14.4, 1.0, 4.6)","(-14.6, 1.6, 4.8)","(-14.9, 1.0, 4.8)",
PLAYER_POSITIONS,89639,6/26/2026 12:53:51 PM,656b7e14-f368-4196-b68a-fdb1e1554fc8,2.0,,,,,,,,,,,,,,,,,,,,,,,,,,,,,,,,,,,"(-14.4, 1.0, 4.7)","(-14.6, 1.6, 4.8)","(-14.9, 1.0, 4.7)",
PLAYER_POSITIONS,89639,6/26/2026 12:53:51 PM,656b7e14-f368-4196-b68a-fdb1e1554fc8,2.0,,,,,,,,,,,,,,,,,,,,,,,,,,,,,,,,,,,"(-14.4, 1.0, 4.7)","(-14.6, 1.6, 4.8)","(-14.9, 1.0, 4.7)",
PLAYER_POSITIONS,90139,6/26/2026 12:53:52 PM,656b7e14-f368-4196-b68a-fdb1e1554fc8,2.0,,,,,,,,,,,,,,,,,,,,,,,,,,,,,,,,,,,"(-14.4, 1.0, 4.6)","(-14.7, 1.5, 4.7)","(-15.1, 1.0, 4.6)",
PLAYER_POSITIONS,90139,6/26/2026 12:53:52 PM,656b7e14-f368-4196-b68a-fdb1e1554fc8,2.0,,,,,,,,,,,,,,,,,,,,,,,,,,,,,,,,,,,"(-14.4, 1.0, 4.6)","(-14.7, 1.5, 4.7)","(-15.1, 1.0, 4.6)",
TAG_APPLIED,90162,6/26/2026 12:53:52 PM,656b7e14-f368-4196-b68a-fdb1e1554fc8,2.0,,,,,,,,,,,,,,,,,,,,,,,,Military PT 13,,,,,,,,,,,,,,,,,,green,
PLAYER_POSITIONS,90652,6/26/2026 12:53:52 PM,656b7e14-f368-4196-b68a-fdb1e1554fc8,2.0,,,,,,,,,,,,,,,,,,,,,,,,,,,,,,,,,,,"(-14.4, 1.0, 4.5)","(-14.4, 1.7, 4.6)","(-14.6, 0.9, 4.8)",
PLAYER_POSITIONS,90652,6/26/2026 12:53:52 PM,656b7e14-f368-4196-b68a-fdb1e1554fc8,2.0,,,,,,,,,,,,,,,,,,,,,,,,,,,,,,,,,,,"(-14.4, 1.0, 4.5)","(-14.4, 1.7, 4.6)","(-14.6, 0.9, 4.8)",
PATIENT_DISENGAGED,90805,6/26/2026 12:53:52 PM,656b7e14-f368-4196-b68a-fdb1e1554fc8,2.0,,,,8.98,,,,,,,,,,,,,,,,normal,100,128,normal,Military PT 13,calm,standing,"(-15.2, 0.0, 4.9)",normal,"(0.0, 0.8, 0.0, 0.7)",normal,MINIMAL,still,,,,,,,,,,,,,,,,,8.98,
PATIENT_ENGAGED,90805,6/26/2026 12:53:52 PM,656b7e14-f368-4196-b68a-fdb1e1554fc8,2.0,,,,0,,,,,,,,,,,,,,,,normal,100,Infinity,normal,Civilian PT 14,upset,sittingGround,"(-14.1, 0.0, 3.6)",normal,"(0.0, 0.8, 0.0, 0.6)",normal,DELAYED,still,,,,,,,,,,,,,,,,,0,
AUDIO_START,91100,6/26/2026 12:53:53 PM,656b7e14-f368-4196-b68a-fdb1e1554fc8,2.0,thats a good hit,3.657143,
PLAYER_POSITIONS,91161,6/26/2026 12:53:53 PM,656b7e14-f368-4196-b68a-fdb1e1554fc8,2.0,,,,,,,,,,,,,,,,,,,,,,,,,,,,,,,,,,,"(-13.9, 1.0, 4.5)","(-14.1, 1.7, 4.6)","(-14.4, 1.0, 4.6)",
PLAYER_GAZE,91161,6/26/2026 12:53:53 PM,656b7e14-f368-4196-b68a-fdb1e1554fc8,2.0,,,,,,,,,,,,,,,,,,,,,,,,Civilian PT 14,,,,,,,,,"(0.0, 1.7, 1.0)",,,"(-14.1, 0.0, 3.6)",
PLAYER_POSITIONS,91161,6/26/2026 12:53:53 PM,656b7e14-f368-4196-b68a-fdb1e1554fc8,2.0,,,,,,,,,,,,,,,,,,,,,,,,,,,,,,,,,,,"(-13.9, 1.0, 4.5)","(-14.1, 1.7, 4.6)","(-14.4, 1.0, 4.6)",
PLAYER_GAZE,91161,6/26/2026 12:53:53 PM,656b7e14-f368-4196-b68a-fdb1e1554fc8,2.0,,,,,,,,,,,,,,,,,,,,,,,,Civilian PT 14,,,,,,,,,"(0.0, 1.7, 1.0)",,,"(-14.1, 0.0, 3.6)",
VOICE_CAPTURE,91624,6/26/2026 12:53:53 PM,656b7e14-f368-4196-b68a-fdb1e1554fc8,2.0,,,,,,,,,,,,,,,,,,,,,,,,,,,,,,,,,,,,,,,,,,,,,,,,,,,NA,Let me get the...,
PLAYER_POSITIONS,91679,6/26/2026 12:53:53 PM,656b7e14-f368-4196-b68a-fdb1e1554fc8,2.0,,,,,,,,,,,,,,,,,,,,,,,,,,,,,,,,,,,"(-13.6, 1.0, 4.1)","(-13.8, 1.6, 4.1)","(-13.9, 0.9, 4.2)",
PLAYER_GAZE,91679,6/26/2026 12:53:53 PM,656b7e14-f368-4196-b68a-fdb1e1554fc8,2.0,,,,,,,,,,,,,,,,,,,,,,,,Civilian PT 14,,,,,,,,,"(0.3, 1.6, 0.5)",,,"(-14.1, 0.0, 3.6)",
PLAYER_POSITIONS,91679,6/26/2026 12:53:53 PM,656b7e14-f368-4196-b68a-fdb1e1554fc8,2.0,,,,,,,,,,,,,,,,,,,,,,,,,,,,,,,,,,,"(-13.6, 1.0, 4.1)","(-13.8, 1.6, 4.1)","(-13.9, 0.9, 4.2)",
PLAYER_GAZE,91679,6/26/2026 12:53:53 PM,656b7e14-f368-4196-b68a-fdb1e1554fc8,2.0,,,,,,,,,,,,,,,,,,,,,,,,Civilian PT 14,,,,,,,,,"(0.3, 1.6, 0.5)",,,"(-14.1, 0.0, 3.6)",
VOICE_CAPTURE,92145,6/26/2026 12:53:54 PM,656b7e14-f368-4196-b68a-fdb1e1554fc8,2.0,,,,,,,,,,,,,,,,,,,,,,,,,,,,,,,,,,,,,,,,,,,,,,,,,,,NA,Let me get that.,
PLAYER_POSITIONS,92188,6/26/2026 12:53:54 PM,656b7e14-f368-4196-b68a-fdb1e1554fc8,2.0,,,,,,,,,,,,,,,,,,,,,,,,,,,,,,,,,,,"(-13.5, 0.9, 3.8)","(-13.7, 1.6, 3.9)","(-13.7, 0.9, 4.0)",
PLAYER_GAZE,92188,6/26/2026 12:53:54 PM,656b7e14-f368-4196-b68a-fdb1e1554fc8,2.0,,,,,,,,,,,,,,,,,,,,,,,,Civilian PT 14,,,,,,,,,"(0.4, 1.6, 0.3)",,,"(-14.1, 0.0, 3.6)",
PLAYER_POSITIONS,92188,6/26/2026 12:53:54 PM,656b7e14-f368-4196-b68a-fdb1e1554fc8,2.0,,,,,,,,,,,,,,,,,,,,,,,,,,,,,,,,,,,"(-13.5, 0.9, 3.8)","(-13.7, 1.6, 3.9)","(-13.7, 0.9, 4.0)",
PLAYER_GAZE,92188,6/26/2026 12:53:54 PM,656b7e14-f368-4196-b68a-fdb1e1554fc8,2.0,,,,,,,,,,,,,,,,,,,,,,,,Civilian PT 14,,,,,,,,,"(0.4, 1.6, 0.3)",,,"(-14.1, 0.0, 3.6)",
VOICE_CAPTURE,92633,6/26/2026 12:53:54 PM,656b7e14-f368-4196-b68a-fdb1e1554fc8,2.0,,,,,,,,,,,,,,,,,,,,,,,,,,,,,,,,,,,,,,,,,,,,,,,,,,,NA,Let me get that.,
VOICE_CAPTURE,92633,6/26/2026 12:53:54 PM,656b7e14-f368-4196-b68a-fdb1e1554fc8,2.0,,,,,,,,,,,,,,,,,,,,,,,,,,,,,,,,,,,,,,,,,,,,,,,,,,,NA,Let me get that.,
PLAYER_POSITIONS,92699,6/26/2026 12:53:54 PM,656b7e14-f368-4196-b68a-fdb1e1554fc8,2.0,,,,,,,,,,,,,,,,,,,,,,,,,,,,,,,,,,,"(-13.7, 0.9, 3.9)","(-13.9, 1.5, 3.9)","(-14.1, 1.0, 3.8)",
PLAYER_GAZE,92699,6/26/2026 12:53:54 PM,656b7e14-f368-4196-b68a-fdb1e1554fc8,2.0,,,,,,,,,,,,,,,,,,,,,,,,Civilian PT 14,,,,,,,,,"(0.2, 1.5, 0.3)",,,"(-14.1, 0.0, 3.6)",
PLAYER_POSITIONS,92699,6/26/2026 12:53:54 PM,656b7e14-f368-4196-b68a-fdb1e1554fc8,2.0,,,,,,,,,,,,,,,,,,,,,,,,,,,,,,,,,,,"(-13.7, 0.9, 3.9)","(-13.9, 1.5, 3.9)","(-14.1, 1.0, 3.8)",
PLAYER_GAZE,92699,6/26/2026 12:53:54 PM,656b7e14-f368-4196-b68a-fdb1e1554fc8,2.0,,,,,,,,,,,,,,,,,,,,,,,,Civilian PT 14,,,,,,,,,"(0.2, 1.5, 0.3)",,,"(-14.1, 0.0, 3.6)",
VOICE_CAPTURE,93134,6/26/2026 12:53:55 PM,656b7e14-f368-4196-b68a-fdb1e1554fc8,2.0,,,,,,,,,,,,,,,,,,,,,,,,,,,,,,,,,,,,,,,,,,,,,,,,,,,NA,and get that.,
PLAYER_POSITIONS,93219,6/26/2026 12:53:55 PM,656b7e14-f368-4196-b68a-fdb1e1554fc8,2.0,,,,,,,,,,,,,,,,,,,,,,,,,,,,,,,,,,,"(-13.7, 0.9, 3.9)","(-13.9, 1.5, 4.0)","(-14.2, 0.9, 4.1)",
PLAYER_GAZE,93219,6/26/2026 12:53:55 PM,656b7e14-f368-4196-b68a-fdb1e1554fc8,2.0,,,,,,,,,,,,,,,,,,,,,,,,Civilian PT 14,,,,,,,,,"(0.2, 1.5, 0.4)",,,"(-14.1, 0.0, 3.6)",
PLAYER_POSITIONS,93219,6/26/2026 12:53:55 PM,656b7e14-f368-4196-b68a-fdb1e1554fc8,2.0,,,,,,,,,,,,,,,,,,,,,,,,,,,,,,,,,,,"(-13.7, 0.9, 3.9)","(-13.9, 1.5, 4.0)","(-14.2, 0.9, 4.1)",
PLAYER_GAZE,93219,6/26/2026 12:53:55 PM,656b7e14-f368-4196-b68a-fdb1e1554fc8,2.0,,,,,,,,,,,,,,,,,,,,,,,,Civilian PT 14,,,,,,,,,"(0.2, 1.5, 0.4)",,,"(-14.1, 0.0, 3.6)",
VOICE_CAPTURE,93712,6/26/2026 12:53:55 PM,656b7e14-f368-4196-b68a-fdb1e1554fc8,2.0,,,,,,,,,,,,,,,,,,,,,,,,,,,,,,,,,,,,,,,,,,,,,,,,,,,NA,Let me get that.,
PLAYER_POSITIONS,93735,6/26/2026 12:53:55 PM,656b7e14-f368-4196-b68a-fdb1e1554fc8,2.0,,,,,,,,,,,,,,,,,,,,,,,,,,,,,,,,,,,"(-13.7, 0.9, 4.0)","(-13.9, 1.6, 4.1)","(-14.2, 1.0, 4.2)",
PLAYER_POSITIONS,93735,6/26/2026 12:53:55 PM,656b7e14-f368-4196-b68a-fdb1e1554fc8,2.0,,,,,,,,,,,,,,,,,,,,,,,,,,,,,,,,,,,"(-13.7, 0.9, 4.0)","(-13.9, 1.6, 4.1)","(-14.2, 1.0, 4.2)",
TOOL_HOVER,94088,6/26/2026 12:53:56 PM,656b7e14-f368-4196-b68a-fdb1e1554fc8,2.0,,,,,,,,,,,,,,,,,,,,,,,,,,,,,,,,,,,,,,,,,,,,,,999,,SAM Splint,
VOICE_CAPTURE,94124,6/26/2026 12:53:56 PM,656b7e14-f368-4196-b68a-fdb1e1554fc8,2.0,,,,,,,,,,,,,,,,,,,,,,,,,,,,,,,,,,,,,,,,,,,,,,,,,,,NA,and get that.,
PLAYER_POSITIONS,94236,6/26/2026 12:53:56 PM,656b7e14-f368-4196-b68a-fdb1e1554fc8,2.0,,,,,,,,,,,,,,,,,,,,,,,,,,,,,,,,,,,"(-13.6, 0.9, 3.9)","(-13.8, 1.6, 4.1)","(-14.1, 1.1, 3.9)",
PLAYER_POSITIONS,94236,6/26/2026 12:53:56 PM,656b7e14-f368-4196-b68a-fdb1e1554fc8,2.0,,,,,,,,,,,,,,,,,,,,,,,,,,,,,,,,,,,"(-13.6, 0.9, 3.9)","(-13.8, 1.6, 4.1)","(-14.1, 1.1, 3.9)",
TOOL_SELECTED,94500,6/26/2026 12:53:56 PM,656b7e14-f368-4196-b68a-fdb1e1554fc8,2.0,,,,,,,,,,,,,,,,,,,,,,,,,,,,,,,,,,,,,,,,,,,,,,998,,SAM Splint,
BAG_CLOSED,94632,6/26/2026 12:53:56 PM,656b7e14-f368-4196-b68a-fdb1e1554fc8,2.0,,,,,,,,,,,,,,,,,,,,,,,,,,,,,,,,,,,,"(0.0, 0.0, 0.0)",
VOICE_CAPTURE,94636,6/26/2026 12:53:56 PM,656b7e14-f368-4196-b68a-fdb1e1554fc8,2.0,,,,,,,,,,,,,,,,,,,,,,,,,,,,,,,,,,,,,,,,,,,,,,,,,,,NA,and get that.,
VOICE_CAPTURE,94636,6/26/2026 12:53:56 PM,656b7e14-f368-4196-b68a-fdb1e1554fc8,2.0,,,,,,,,,,,,,,,,,,,,,,,,,,,,,,,,,,,,,,,,,,,,,,,,,,,NA,and get that.,
PLAYER_POSITIONS,94747,6/26/2026 12:53:56 PM,656b7e14-f368-4196-b68a-fdb1e1554fc8,2.0,,,,,,,,,,,,,,,,,,,,,,,,,,,,,,,,,,,"(-13.6, 0.9, 3.8)","(-13.9, 1.5, 3.9)","(-14.1, 1.0, 3.7)",
PLAYER_GAZE,94747,6/26/2026 12:53:56 PM,656b7e14-f368-4196-b68a-fdb1e1554fc8,2.0,,,,,,,,,,,,,,,,,,,,,,,,Civilian PT 14,,,,,,,,,"(0.2, 1.5, 0.3)",,,"(-14.1, 0.0, 3.6)",
PLAYER_POSITIONS,94747,6/26/2026 12:53:56 PM,656b7e14-f368-4196-b68a-fdb1e1554fc8,2.0,,,,,,,,,,,,,,,,,,,,,,,,,,,,,,,,,,,"(-13.6, 0.9, 3.8)","(-13.9, 1.5, 3.9)","(-14.1, 1.0, 3.7)",
PLAYER_GAZE,94747,6/26/2026 12:53:56 PM,656b7e14-f368-4196-b68a-fdb1e1554fc8,2.0,,,,,,,,,,,,,,,,,,,,,,,,Civilian PT 14,,,,,,,,,"(0.2, 1.5, 0.3)",,,"(-14.1, 0.0, 3.6)",
AUDIO_END,94769,6/26/2026 12:53:56 PM,656b7e14-f368-4196-b68a-fdb1e1554fc8,2.0,thats a good hit,3.657143,
NARRATIVE_SECTION_END,94769,6/26/2026 12:53:56 PM,656b7e14-f368-4196-b68a-fdb1e1554fc8,2.0,,,,,,,,,,,,,,,,,,Thats a good hit,10,
NARRATIVE_SECTION_START,94799,6/26/2026 12:53:56 PM,656b7e14-f368-4196-b68a-fdb1e1554fc8,2.0,,,,,,,,,,,,,,,,,,What is the casevac destination,11,
PLAYER_POSITIONS,95267,6/26/2026 12:53:57 PM,656b7e14-f368-4196-b68a-fdb1e1554fc8,2.0,,,,,,,,,,,,,,,,,,,,,,,,,,,,,,,,,,,"(-13.7, 0.6, 3.6)","(-13.9, 1.0, 3.5)","(-14.0, 0.5, 3.4)",
PLAYER_GAZE,95267,6/26/2026 12:53:57 PM,656b7e14-f368-4196-b68a-fdb1e1554fc8,2.0,,,,,,,,,,,,,,,,,,,,,,,,Civilian PT 14,,,,,,,,,"(0.2, 1.0, -0.1)",,,"(-14.1, 0.0, 3.6)",
PLAYER_POSITIONS,95267,6/26/2026 12:53:57 PM,656b7e14-f368-4196-b68a-fdb1e1554fc8,2.0,,,,,,,,,,,,,,,,,,,,,,,,,,,,,,,,,,,"(-13.7, 0.6, 3.6)","(-13.9, 1.0, 3.5)","(-14.0, 0.5, 3.4)",
PLAYER_GAZE,95267,6/26/2026 12:53:57 PM,656b7e14-f368-4196-b68a-fdb1e1554fc8,2.0,,,,,,,,,,,,,,,,,,,,,,,,Civilian PT 14,,,,,,,,,"(0.2, 1.0, -0.1)",,,"(-14.1, 0.0, 3.6)",
AUDIO_START,95805,6/26/2026 12:53:57 PM,656b7e14-f368-4196-b68a-fdb1e1554fc8,2.0,what is the casevac destination,3.813878,
PLAYER_POSITIONS,95805,6/26/2026 12:53:57 PM,656b7e14-f368-4196-b68a-fdb1e1554fc8,2.0,,,,,,,,,,,,,,,,,,,,,,,,,,,,,,,,,,,"(-13.8, 0.7, 3.6)","(-13.8, 1.0, 3.6)","(-14.2, 0.3, 3.4)",
PLAYER_GAZE,95805,6/26/2026 12:53:57 PM,656b7e14-f368-4196-b68a-fdb1e1554fc8,2.0,,,,,,,,,,,,,,,,,,,,,,,,Civilian PT 14,,,,,,,,,"(0.2, 1.0, 0.0)",,,"(-14.1, 0.0, 3.6)",
PLAYER_POSITIONS,95805,6/26/2026 12:53:57 PM,656b7e14-f368-4196-b68a-fdb1e1554fc8,2.0,,,,,,,,,,,,,,,,,,,,,,,,,,,,,,,,,,,"(-13.8, 0.7, 3.6)","(-13.8, 1.0, 3.6)","(-14.2, 0.3, 3.4)",
PLAYER_GAZE,95805,6/26/2026 12:53:57 PM,656b7e14-f368-4196-b68a-fdb1e1554fc8,2.0,,,,,,,,,,,,,,,,,,,,,,,,Civilian PT 14,,,,,,,,,"(0.2, 1.0, 0.0)",,,"(-14.1, 0.0, 3.6)",
PLAYER_POSITIONS,96319,6/26/2026 12:53:58 PM,656b7e14-f368-4196-b68a-fdb1e1554fc8,2.0,,,,,,,,,,,,,,,,,,,,,,,,,,,,,,,,,,,"(-13.8, 0.6, 3.6)","(-13.9, 0.9, 3.6)","(-14.2, 0.3, 3.4)",
PLAYER_GAZE,96319,6/26/2026 12:53:58 PM,656b7e14-f368-4196-b68a-fdb1e1554fc8,2.0,,,,,,,,,,,,,,,,,,,,,,,,Civilian PT 14,,,,,,,,,"(0.2, 0.9, 0.0)",,,"(-14.1, 0.0, 3.6)",
PLAYER_POSITIONS,96319,6/26/2026 12:53:58 PM,656b7e14-f368-4196-b68a-fdb1e1554fc8,2.0,,,,,,,,,,,,,,,,,,,,,,,,,,,,,,,,,,,"(-13.8, 0.6, 3.6)","(-13.9, 0.9, 3.6)","(-14.2, 0.3, 3.4)",
PLAYER_GAZE,96319,6/26/2026 12:53:58 PM,656b7e14-f368-4196-b68a-fdb1e1554fc8,2.0,,,,,,,,,,,,,,,,,,,,,,,,Civilian PT 14,,,,,,,,,"(0.2, 0.9, 0.0)",,,"(-14.1, 0.0, 3.6)",
TOOL_DISCARDED,96495,6/26/2026 12:53:58 PM,656b7e14-f368-4196-b68a-fdb1e1554fc8,2.0,,,,,,,,,,,,,,,,,,,,,,,,Civilian PT 14,,,,,,,,,,,,"(-14.2, 0.4, 3.4)",,,,,,,,,,998,,SAM Splint,
PLAYER_POSITIONS,96830,6/26/2026 12:53:58 PM,656b7e14-f368-4196-b68a-fdb1e1554fc8,2.0,,,,,,,,,,,,,,,,,,,,,,,,,,,,,,,,,,,"(-13.8, 0.5, 3.6)","(-13.9, 0.9, 3.6)","(-14.2, 0.3, 3.4)",
PLAYER_GAZE,96830,6/26/2026 12:53:58 PM,656b7e14-f368-4196-b68a-fdb1e1554fc8,2.0,,,,,,,,,,,,,,,,,,,,,,,,Civilian PT 14,,,,,,,,,"(0.2, 0.9, 0.0)",,,"(-14.1, 0.0, 3.6)",
PLAYER_POSITIONS,96830,6/26/2026 12:53:58 PM,656b7e14-f368-4196-b68a-fdb1e1554fc8,2.0,,,,,,,,,,,,,,,,,,,,,,,,,,,,,,,,,,,"(-13.8, 0.5, 3.6)","(-13.9, 0.9, 3.6)","(-14.2, 0.3, 3.4)",
PLAYER_GAZE,96830,6/26/2026 12:53:58 PM,656b7e14-f368-4196-b68a-fdb1e1554fc8,2.0,,,,,,,,,,,,,,,,,,,,,,,,Civilian PT 14,,,,,,,,,"(0.2, 0.9, 0.0)",,,"(-14.1, 0.0, 3.6)",
PLAYER_POSITIONS,97345,6/26/2026 12:53:59 PM,656b7e14-f368-4196-b68a-fdb1e1554fc8,2.0,,,,,,,,,,,,,,,,,,,,,,,,,,,,,,,,,,,"(-13.8, 0.5, 3.6)","(-13.8, 0.9, 3.6)","(-14.1, 0.6, 3.6)",
PLAYER_GAZE,97345,6/26/2026 12:53:59 PM,656b7e14-f368-4196-b68a-fdb1e1554fc8,2.0,,,,,,,,,,,,,,,,,,,,,,,,Civilian PT 14,,,,,,,,,"(0.2, 0.9, 0.0)",,,"(-14.1, 0.0, 3.6)",
PLAYER_POSITIONS,97345,6/26/2026 12:53:59 PM,656b7e14-f368-4196-b68a-fdb1e1554fc8,2.0,,,,,,,,,,,,,,,,,,,,,,,,,,,,,,,,,,,"(-13.8, 0.5, 3.6)","(-13.8, 0.9, 3.6)","(-14.1, 0.6, 3.6)",
PLAYER_GAZE,97345,6/26/2026 12:53:59 PM,656b7e14-f368-4196-b68a-fdb1e1554fc8,2.0,,,,,,,,,,,,,,,,,,,,,,,,Civilian PT 14,,,,,,,,,"(0.2, 0.9, 0.0)",,,"(-14.1, 0.0, 3.6)",
PLAYER_POSITIONS,97858,6/26/2026 12:53:59 PM,656b7e14-f368-4196-b68a-fdb1e1554fc8,2.0,,,,,,,,,,,,,,,,,,,,,,,,,,,,,,,,,,,"(-13.9, 0.5, 3.6)","(-13.9, 0.9, 3.7)","(-14.2, 0.6, 4.0)",
PLAYER_GAZE,97858,6/26/2026 12:53:59 PM,656b7e14-f368-4196-b68a-fdb1e1554fc8,2.0,,,,,,,,,,,,,,,,,,,,,,,,Civilian PT 14,,,,,,,,,"(0.2, 0.9, 0.1)",,,"(-14.1, 0.0, 3.6)",
PLAYER_POSITIONS,97858,6/26/2026 12:53:59 PM,656b7e14-f368-4196-b68a-fdb1e1554fc8,2.0,,,,,,,,,,,,,,,,,,,,,,,,,,,,,,,,,,,"(-13.9, 0.5, 3.6)","(-13.9, 0.9, 3.7)","(-14.2, 0.6, 4.0)",
PLAYER_GAZE,97858,6/26/2026 12:53:59 PM,656b7e14-f368-4196-b68a-fdb1e1554fc8,2.0,,,,,,,,,,,,,,,,,,,,,,,,Civilian PT 14,,,,,,,,,"(0.2, 0.9, 0.1)",,,"(-14.1, 0.0, 3.6)",
VOICE_CAPTURE,98214,6/26/2026 12:54:00 PM,656b7e14-f368-4196-b68a-fdb1e1554fc8,2.0,,,,,,,,,,,,,,,,,,,,,,,,,,,,,,,,,,,,,,,,,,,,,,,,,,,NA,The songwriting.,
PLAYER_POSITIONS,98381,6/26/2026 12:54:00 PM,656b7e14-f368-4196-b68a-fdb1e1554fc8,2.0,,,,,,,,,,,,,,,,,,,,,,,,,,,,,,,,,,,"(-13.9, 0.5, 3.6)","(-13.9, 0.9, 3.7)","(-14.2, 0.5, 4.1)",
PLAYER_GAZE,98381,6/26/2026 12:54:00 PM,656b7e14-f368-4196-b68a-fdb1e1554fc8,2.0,,,,,,,,,,,,,,,,,,,,,,,,Civilian PT 14,,,,,,,,,"(0.2, 0.9, 0.1)",,,"(-14.1, 0.0, 3.6)",
PLAYER_POSITIONS,98381,6/26/2026 12:54:00 PM,656b7e14-f368-4196-b68a-fdb1e1554fc8,2.0,,,,,,,,,,,,,,,,,,,,,,,,,,,,,,,,,,,"(-13.9, 0.5, 3.6)","(-13.9, 0.9, 3.7)","(-14.2, 0.5, 4.1)",
PLAYER_GAZE,98381,6/26/2026 12:54:00 PM,656b7e14-f368-4196-b68a-fdb1e1554fc8,2.0,,,,,,,,,,,,,,,,,,,,,,,,Civilian PT 14,,,,,,,,,"(0.2, 0.9, 0.1)",,,"(-14.1, 0.0, 3.6)",
VOICE_CAPTURE,98692,6/26/2026 12:54:00 PM,656b7e14-f368-4196-b68a-fdb1e1554fc8,2.0,,,,,,,,,,,,,,,,,,,,,,,,,,,,,,,,,,,,,,,,,,,,,,,,,,,NA,I'm sorry.,
TOOL_HOVER,98779,6/26/2026 12:54:00 PM,656b7e14-f368-4196-b68a-fdb1e1554fc8,2.0,,,,,,,,,,,,,,,,,,,,,,,,,,,,,,,,,,,,,,,,,,,,,,998,,Tourniquet,
PLAYER_POSITIONS,98892,6/26/2026 12:54:01 PM,656b7e14-f368-4196-b68a-fdb1e1554fc8,2.0,,,,,,,,,,,,,,,,,,,,,,,,,,,,,,,,,,,"(-13.9, 0.5, 3.6)","(-13.9, 1.0, 3.7)","(-14.2, 0.7, 3.7)",
PLAYER_GAZE,98892,6/26/2026 12:54:01 PM,656b7e14-f368-4196-b68a-fdb1e1554fc8,2.0,,,,,,,,,,,,,,,,,,,,,,,,Civilian PT 14,,,,,,,,,"(0.2, 1.0, 0.1)",,,"(-14.1, 0.0, 3.6)",
PLAYER_POSITIONS,98892,6/26/2026 12:54:01 PM,656b7e14-f368-4196-b68a-fdb1e1554fc8,2.0,,,,,,,,,,,,,,,,,,,,,,,,,,,,,,,,,,,"(-13.9, 0.5, 3.6)","(-13.9, 1.0, 3.7)","(-14.2, 0.7, 3.7)",
PLAYER_GAZE,98892,6/26/2026 12:54:01 PM,656b7e14-f368-4196-b68a-fdb1e1554fc8,2.0,,,,,,,,,,,,,,,,,,,,,,,,Civilian PT 14,,,,,,,,,"(0.2, 1.0, 0.1)",,,"(-14.1, 0.0, 3.6)",
TOOL_HOVER,98979,6/26/2026 12:54:01 PM,656b7e14-f368-4196-b68a-fdb1e1554fc8,2.0,,,,,,,,,,,,,,,,,,,,,,,,,,,,,,,,,,,,,,,,,,,,,,999,,SAM Splint,
VOICE_CAPTURE,99215,6/26/2026 12:54:01 PM,656b7e14-f368-4196-b68a-fdb1e1554fc8,2.0,,,,,,,,,,,,,,,,,,,,,,,,,,,,,,,,,,,,,,,,,,,,,,,,,,,NA,Missing room.,
TOOL_SELECTED,99258,6/26/2026 12:54:01 PM,656b7e14-f368-4196-b68a-fdb1e1554fc8,2.0,,,,,,,,,,,,,,,,,,,,,,,,,,,,,,,,,,,,,,,,,,,,,,998,,SAM Splint,
PLAYER_POSITIONS,99405,6/26/2026 12:54:01 PM,656b7e14-f368-4196-b68a-fdb1e1554fc8,2.0,,,,,,,,,,,,,,,,,,,,,,,,,,,,,,,,,,,"(-13.9, 0.5, 3.6)","(-13.9, 0.9, 3.6)","(-14.2, 0.7, 3.7)",
PLAYER_GAZE,99405,6/26/2026 12:54:01 PM,656b7e14-f368-4196-b68a-fdb1e1554fc8,2.0,,,,,,,,,,,,,,,,,,,,,,,,Civilian PT 14,,,,,,,,,"(0.2, 0.9, 0.0)",,,"(-14.1, 0.0, 3.6)",
PLAYER_POSITIONS,99405,6/26/2026 12:54:01 PM,656b7e14-f368-4196-b68a-fdb1e1554fc8,2.0,,,,,,,,,,,,,,,,,,,,,,,,,,,,,,,,,,,"(-13.9, 0.5, 3.6)","(-13.9, 0.9, 3.6)","(-14.2, 0.7, 3.7)",
PLAYER_GAZE,99405,6/26/2026 12:54:01 PM,656b7e14-f368-4196-b68a-fdb1e1554fc8,2.0,,,,,,,,,,,,,,,,,,,,,,,,Civilian PT 14,,,,,,,,,"(0.2, 0.9, 0.0)",,,"(-14.1, 0.0, 3.6)",
AUDIO_END,99615,6/26/2026 12:54:01 PM,656b7e14-f368-4196-b68a-fdb1e1554fc8,2.0,what is the casevac destination,3.813878,
NARRATIVE_SECTION_END,99615,6/26/2026 12:54:01 PM,656b7e14-f368-4196-b68a-fdb1e1554fc8,2.0,,,,,,,,,,,,,,,,,,What is the casevac destination,11,
NARRATIVE_SECTION_START,99678,6/26/2026 12:54:01 PM,656b7e14-f368-4196-b68a-fdb1e1554fc8,2.0,,,,,,,,,,,,,,,,,,Evac moving to alpha,12,
PLAYER_POSITIONS,99927,6/26/2026 12:54:02 PM,656b7e14-f368-4196-b68a-fdb1e1554fc8,2.0,,,,,,,,,,,,,,,,,,,,,,,,,,,,,,,,,,,"(-13.9, 0.5, 3.6)","(-13.9, 0.9, 3.6)","(-14.2, 0.3, 3.6)",
PLAYER_GAZE,99927,6/26/2026 12:54:02 PM,656b7e14-f368-4196-b68a-fdb1e1554fc8,2.0,,,,,,,,,,,,,,,,,,,,,,,,Civilian PT 14,,,,,,,,,"(0.2, 0.9, 0.0)",,,"(-14.1, 0.0, 3.6)",
PLAYER_POSITIONS,99927,6/26/2026 12:54:02 PM,656b7e14-f368-4196-b68a-fdb1e1554fc8,2.0,,,,,,,,,,,,,,,,,,,,,,,,,,,,,,,,,,,"(-13.9, 0.5, 3.6)","(-13.9, 0.9, 3.6)","(-14.2, 0.3, 3.6)",
PLAYER_GAZE,99927,6/26/2026 12:54:02 PM,656b7e14-f368-4196-b68a-fdb1e1554fc8,2.0,,,,,,,,,,,,,,,,,,,,,,,,Civilian PT 14,,,,,,,,,"(0.2, 0.9, 0.0)",,,"(-14.1, 0.0, 3.6)",
VOICE_CAPTURE,100212,6/26/2026 12:54:02 PM,656b7e14-f368-4196-b68a-fdb1e1554fc8,2.0,,,,,,,,,,,,,,,,,,,,,,,,,,,,,,,,,,,,,,,,,,,,,,,,,,,NA,the song room.,
TOOL_DISCARDED,100275,6/26/2026 12:54:02 PM,656b7e14-f368-4196-b68a-fdb1e1554fc8,2.0,,,,,,,,,,,,,,,,,,,,,,,,Civilian PT 14,,,,,,,,,,,,"(0.0, 0.0, 0.0)",,,,,,,,,,998,,SAM Splint,
PLAYER_POSITIONS,100434,6/26/2026 12:54:02 PM,656b7e14-f368-4196-b68a-fdb1e1554fc8,2.0,,,,,,,,,,,,,,,,,,,,,,,,,,,,,,,,,,,"(-13.9, 0.5, 3.6)","(-13.9, 0.9, 3.6)","(-14.2, 0.3, 3.6)",
PLAYER_GAZE,100434,6/26/2026 12:54:02 PM,656b7e14-f368-4196-b68a-fdb1e1554fc8,2.0,,,,,,,,,,,,,,,,,,,,,,,,Civilian PT 14,,,,,,,,,"(0.1, 0.9, 0.0)",,,"(-14.1, 0.0, 3.6)",
PLAYER_POSITIONS,100434,6/26/2026 12:54:02 PM,656b7e14-f368-4196-b68a-fdb1e1554fc8,2.0,,,,,,,,,,,,,,,,,,,,,,,,,,,,,,,,,,,"(-13.9, 0.5, 3.6)","(-13.9, 0.9, 3.6)","(-14.2, 0.3, 3.6)",
PLAYER_GAZE,100434,6/26/2026 12:54:02 PM,656b7e14-f368-4196-b68a-fdb1e1554fc8,2.0,,,,,,,,,,,,,,,,,,,,,,,,Civilian PT 14,,,,,,,,,"(0.1, 0.9, 0.0)",,,"(-14.1, 0.0, 3.6)",
VOICE_CAPTURE,100645,6/26/2026 12:54:02 PM,656b7e14-f368-4196-b68a-fdb1e1554fc8,2.0,,,,,,,,,,,,,,,,,,,,,,,,,,,,,,,,,,,,,,,,,,,,,,,,,,,NA,the song room.,
VOICE_CAPTURE,100645,6/26/2026 12:54:02 PM,656b7e14-f368-4196-b68a-fdb1e1554fc8,2.0,,,,,,,,,,,,,,,,,,,,,,,,,,,,,,,,,,,,,,,,,,,,,,,,,,,NA,the song room.,
AUDIO_START,100671,6/26/2026 12:54:02 PM,656b7e14-f368-4196-b68a-fdb1e1554fc8,2.0,evac moving to alpha,2.847347,
PLAYER_POSITIONS,100944,6/26/2026 12:54:03 PM,656b7e14-f368-4196-b68a-fdb1e1554fc8,2.0,,,,,,,,,,,,,,,,,,,,,,,,,,,,,,,,,,,"(-13.9, 0.6, 3.5)","(-13.9, 0.9, 3.6)","(-14.3, 0.4, 3.7)",
PLAYER_GAZE,100944,6/26/2026 12:54:03 PM,656b7e14-f368-4196-b68a-fdb1e1554fc8,2.0,,,,,,,,,,,,,,,,,,,,,,,,Civilian PT 14,,,,,,,,,"(0.2, 0.9, 0.0)",,,"(-14.1, 0.0, 3.6)",
PLAYER_POSITIONS,100944,6/26/2026 12:54:03 PM,656b7e14-f368-4196-b68a-fdb1e1554fc8,2.0,,,,,,,,,,,,,,,,,,,,,,,,,,,,,,,,,,,"(-13.9, 0.6, 3.5)","(-13.9, 0.9, 3.6)","(-14.3, 0.4, 3.7)",
PLAYER_GAZE,100944,6/26/2026 12:54:03 PM,656b7e14-f368-4196-b68a-fdb1e1554fc8,2.0,,,,,,,,,,,,,,,,,,,,,,,,Civilian PT 14,,,,,,,,,"(0.2, 0.9, 0.0)",,,"(-14.1, 0.0, 3.6)",
BAG_CLOSED,101030,6/26/2026 12:54:03 PM,656b7e14-f368-4196-b68a-fdb1e1554fc8,2.0,,,,,,,,,,,,,,,,,,,,,,,,,,,,,,,,,,,,"(0.0, 0.0, 0.0)",
PLAYER_POSITIONS,101467,6/26/2026 12:54:03 PM,656b7e14-f368-4196-b68a-fdb1e1554fc8,2.0,,,,,,,,,,,,,,,,,,,,,,,,,,,,,,,,,,,"(-13.8, 0.6, 3.4)","(-13.8, 0.9, 3.6)","(-14.2, 0.4, 3.8)",
PLAYER_GAZE,101467,6/26/2026 12:54:03 PM,656b7e14-f368-4196-b68a-fdb1e1554fc8,2.0,,,,,,,,,,,,,,,,,,,,,,,,Civilian PT 14,,,,,,,,,"(0.2, 0.9, 0.0)",,,"(-14.1, 0.0, 3.6)",
PLAYER_POSITIONS,101467,6/26/2026 12:54:03 PM,656b7e14-f368-4196-b68a-fdb1e1554fc8,2.0,,,,,,,,,,,,,,,,,,,,,,,,,,,,,,,,,,,"(-13.8, 0.6, 3.4)","(-13.8, 0.9, 3.6)","(-14.2, 0.4, 3.8)",
PLAYER_GAZE,101467,6/26/2026 12:54:03 PM,656b7e14-f368-4196-b68a-fdb1e1554fc8,2.0,,,,,,,,,,,,,,,,,,,,,,,,Civilian PT 14,,,,,,,,,"(0.2, 0.9, 0.0)",,,"(-14.1, 0.0, 3.6)",
VOICE_CAPTURE,101679,6/26/2026 12:54:03 PM,656b7e14-f368-4196-b68a-fdb1e1554fc8,2.0,,,,,,,,,,,,,,,,,,,,,,,,,,,,,,,,,,,,,,,,,,,,,,,,,,,NA,Let arm retract.,
PLAYER_POSITIONS,101966,6/26/2026 12:54:04 PM,656b7e14-f368-4196-b68a-fdb1e1554fc8,2.0,,,,,,,,,,,,,,,,,,,,,,,,,,,,,,,,,,,"(-13.8, 0.6, 3.4)","(-13.8, 0.9, 3.6)","(-14.2, 0.4, 3.7)",
PLAYER_GAZE,101966,6/26/2026 12:54:04 PM,656b7e14-f368-4196-b68a-fdb1e1554fc8,2.0,,,,,,,,,,,,,,,,,,,,,,,,Civilian PT 14,,,,,,,,,"(0.2, 0.9, 0.0)",,,"(-14.1, 0.0, 3.6)",
PLAYER_POSITIONS,101966,6/26/2026 12:54:04 PM,656b7e14-f368-4196-b68a-fdb1e1554fc8,2.0,,,,,,,,,,,,,,,,,,,,,,,,,,,,,,,,,,,"(-13.8, 0.6, 3.4)","(-13.8, 0.9, 3.6)","(-14.2, 0.4, 3.7)",
PLAYER_GAZE,101966,6/26/2026 12:54:04 PM,656b7e14-f368-4196-b68a-fdb1e1554fc8,2.0,,,,,,,,,,,,,,,,,,,,,,,,Civilian PT 14,,,,,,,,,"(0.2, 0.9, 0.0)",,,"(-14.1, 0.0, 3.6)",
VOICE_CAPTURE,102210,6/26/2026 12:54:04 PM,656b7e14-f368-4196-b68a-fdb1e1554fc8,2.0,,,,,,,,,,,,,,,,,,,,,,,,,,,,,,,,,,,,,,,,,,,,,,,,,,,NA,Let arm return.,
PLAYER_POSITIONS,102489,6/26/2026 12:54:04 PM,656b7e14-f368-4196-b68a-fdb1e1554fc8,2.0,,,,,,,,,,,,,,,,,,,,,,,,,,,,,,,,,,,"(-13.8, 0.6, 3.5)","(-13.8, 0.9, 3.7)","(-14.1, 0.6, 3.8)",
PLAYER_GAZE,102489,6/26/2026 12:54:04 PM,656b7e14-f368-4196-b68a-fdb1e1554fc8,2.0,,,,,,,,,,,,,,,,,,,,,,,,Civilian PT 14,,,,,,,,,"(0.2, 0.9, 0.1)",,,"(-14.1, 0.0, 3.6)",
PLAYER_POSITIONS,102489,6/26/2026 12:54:04 PM,656b7e14-f368-4196-b68a-fdb1e1554fc8,2.0,,,,,,,,,,,,,,,,,,,,,,,,,,,,,,,,,,,"(-13.8, 0.6, 3.5)","(-13.8, 0.9, 3.7)","(-14.1, 0.6, 3.8)",
PLAYER_GAZE,102489,6/26/2026 12:54:04 PM,656b7e14-f368-4196-b68a-fdb1e1554fc8,2.0,,,,,,,,,,,,,,,,,,,,,,,,Civilian PT 14,,,,,,,,,"(0.2, 0.9, 0.1)",,,"(-14.1, 0.0, 3.6)",
VOICE_CAPTURE,102677,6/26/2026 12:54:04 PM,656b7e14-f368-4196-b68a-fdb1e1554fc8,2.0,,,,,,,,,,,,,,,,,,,,,,,,,,,,,,,,,,,,,,,,,,,,,,,,,,,NA,Let arm return.,
VOICE_CAPTURE,102679,6/26/2026 12:54:04 PM,656b7e14-f368-4196-b68a-fdb1e1554fc8,2.0,,,,,,,,,,,,,,,,,,,,,,,,,,,,,,,,,,,,,,,,,,,,,,,,,,,NA,Let arm return.,
PLAYER_POSITIONS,103011,6/26/2026 12:54:05 PM,656b7e14-f368-4196-b68a-fdb1e1554fc8,2.0,,,,,,,,,,,,,,,,,,,,,,,,,,,,,,,,,,,"(-13.8, 0.6, 3.5)","(-13.8, 0.9, 3.7)","(-14.2, 0.4, 4.1)",
PLAYER_GAZE,103011,6/26/2026 12:54:05 PM,656b7e14-f368-4196-b68a-fdb1e1554fc8,2.0,,,,,,,,,,,,,,,,,,,,,,,,Civilian PT 14,,,,,,,,,"(0.2, 0.9, 0.1)",,,"(-14.1, 0.0, 3.6)",
PLAYER_POSITIONS,103011,6/26/2026 12:54:05 PM,656b7e14-f368-4196-b68a-fdb1e1554fc8,2.0,,,,,,,,,,,,,,,,,,,,,,,,,,,,,,,,,,,"(-13.8, 0.6, 3.5)","(-13.8, 0.9, 3.7)","(-14.2, 0.4, 4.1)",
PLAYER_GAZE,103011,6/26/2026 12:54:05 PM,656b7e14-f368-4196-b68a-fdb1e1554fc8,2.0,,,,,,,,,,,,,,,,,,,,,,,,Civilian PT 14,,,,,,,,,"(0.2, 0.9, 0.1)",,,"(-14.1, 0.0, 3.6)",
VOICE_CAPTURE,103189,6/26/2026 12:54:05 PM,656b7e14-f368-4196-b68a-fdb1e1554fc8,2.0,,,,,,,,,,,,,,,,,,,,,,,,,,,,,,,,,,,,,,,,,,,,,,,,,,,NA,Which one?,
TOOL_HOVER,103275,6/26/2026 12:54:05 PM,656b7e14-f368-4196-b68a-fdb1e1554fc8,2.0,,,,,,,,,,,,,,,,,,,,,,,,,,,,,,,,,,,,,,,,,,,,,,998,,Tourniquet,
TOOL_HOVER,103365,6/26/2026 12:54:05 PM,656b7e14-f368-4196-b68a-fdb1e1554fc8,2.0,,,,,,,,,,,,,,,,,,,,,,,,,,,,,,,,,,,,,,,,,,,,,,999,,SAM Splint,
AUDIO_END,103523,6/26/2026 12:54:05 PM,656b7e14-f368-4196-b68a-fdb1e1554fc8,2.0,evac moving to alpha,2.847347,
NARRATIVE_SECTION_END,103523,6/26/2026 12:54:05 PM,656b7e14-f368-4196-b68a-fdb1e1554fc8,2.0,,,,,,,,,,,,,,,,,,Evac moving to alpha,12,
PLAYER_POSITIONS,103523,6/26/2026 12:54:05 PM,656b7e14-f368-4196-b68a-fdb1e1554fc8,2.0,,,,,,,,,,,,,,,,,,,,,,,,,,,,,,,,,,,"(-13.8, 0.5, 3.5)","(-13.8, 0.9, 3.7)","(-14.2, 0.7, 3.7)",
PLAYER_GAZE,103523,6/26/2026 12:54:05 PM,656b7e14-f368-4196-b68a-fdb1e1554fc8,2.0,,,,,,,,,,,,,,,,,,,,,,,,Civilian PT 14,,,,,,,,,"(0.2, 0.9, 0.1)",,,"(-14.1, 0.0, 3.6)",
PLAYER_POSITIONS,103523,6/26/2026 12:54:05 PM,656b7e14-f368-4196-b68a-fdb1e1554fc8,2.0,,,,,,,,,,,,,,,,,,,,,,,,,,,,,,,,,,,"(-13.8, 0.5, 3.5)","(-13.8, 0.9, 3.7)","(-14.2, 0.7, 3.7)",
PLAYER_GAZE,103523,6/26/2026 12:54:05 PM,656b7e14-f368-4196-b68a-fdb1e1554fc8,2.0,,,,,,,,,,,,,,,,,,,,,,,,Civilian PT 14,,,,,,,,,"(0.2, 0.9, 0.1)",,,"(-14.1, 0.0, 3.6)",
NARRATIVE_SECTION_START,103585,6/26/2026 12:54:05 PM,656b7e14-f368-4196-b68a-fdb1e1554fc8,2.0,,,,,,,,,,,,,,,,,,Bravo 2 sitrep,13,
TOOL_SELECTED,103655,6/26/2026 12:54:05 PM,656b7e14-f368-4196-b68a-fdb1e1554fc8,2.0,,,,,,,,,,,,,,,,,,,,,,,,,,,,,,,,,,,,,,,,,,,,,,998,,SAM Splint,
VOICE_CAPTURE,103745,6/26/2026 12:54:05 PM,656b7e14-f368-4196-b68a-fdb1e1554fc8,2.0,,,,,,,,,,,,,,,,,,,,,,,,,,,,,,,,,,,,,,,,,,,,,,,,,,,NA,I'm a charm. I see.,
BAG_CLOSED,103899,6/26/2026 12:54:06 PM,656b7e14-f368-4196-b68a-fdb1e1554fc8,2.0,,,,,,,,,,,,,,,,,,,,,,,,,,,,,,,,,,,,"(0.0, 0.0, 0.0)",
PLAYER_POSITIONS,104039,6/26/2026 12:54:06 PM,656b7e14-f368-4196-b68a-fdb1e1554fc8,2.0,,,,,,,,,,,,,,,,,,,,,,,,,,,,,,,,,,,"(-13.9, 0.5, 3.5)","(-13.9, 0.9, 3.7)","(-14.3, 0.4, 3.7)",
PLAYER_GAZE,104039,6/26/2026 12:54:06 PM,656b7e14-f368-4196-b68a-fdb1e1554fc8,2.0,,,,,,,,,,,,,,,,,,,,,,,,Civilian PT 14,,,,,,,,,"(0.1, 0.9, 0.1)",,,"(-14.1, 0.0, 3.6)",
PLAYER_POSITIONS,104039,6/26/2026 12:54:06 PM,656b7e14-f368-4196-b68a-fdb1e1554fc8,2.0,,,,,,,,,,,,,,,,,,,,,,,,,,,,,,,,,,,"(-13.9, 0.5, 3.5)","(-13.9, 0.9, 3.7)","(-14.3, 0.4, 3.7)",
PLAYER_GAZE,104039,6/26/2026 12:54:06 PM,656b7e14-f368-4196-b68a-fdb1e1554fc8,2.0,,,,,,,,,,,,,,,,,,,,,,,,Civilian PT 14,,,,,,,,,"(0.1, 0.9, 0.1)",,,"(-14.1, 0.0, 3.6)",
VOICE_CAPTURE,104301,6/26/2026 12:54:06 PM,656b7e14-f368-4196-b68a-fdb1e1554fc8,2.0,,,,,,,,,,,,,,,,,,,,,,,,,,,,,,,,,,,,,,,,,,,,,,,,,,,NA,I'm a charm. I sing it in slow motion.,
PLAYER_POSITIONS,104556,6/26/2026 12:54:06 PM,656b7e14-f368-4196-b68a-fdb1e1554fc8,2.0,,,,,,,,,,,,,,,,,,,,,,,,,,,,,,,,,,,"(-14.0, 0.6, 3.6)","(-14.1, 0.9, 3.8)","(-14.3, 0.3, 3.7)",
PLAYER_POSITIONS,104556,6/26/2026 12:54:06 PM,656b7e14-f368-4196-b68a-fdb1e1554fc8,2.0,,,,,,,,,,,,,,,,,,,,,,,,,,,,,,,,,,,"(-14.0, 0.6, 3.6)","(-14.1, 0.9, 3.8)","(-14.3, 0.3, 3.7)",
VOICE_CAPTURE,104809,6/26/2026 12:54:06 PM,656b7e14-f368-4196-b68a-fdb1e1554fc8,2.0,,,,,,,,,,,,,,,,,,,,,,,,,,,,,,,,,,,,,,,,,,,,,,,,,,,NA,I'm a charm. I sing it so well.,
TOOL_DISCARDED,105016,6/26/2026 12:54:07 PM,656b7e14-f368-4196-b68a-fdb1e1554fc8,2.0,,,,,,,,,,,,,,,,,,,,,,,,Civilian PT 14,,,,,,,,,,,,"(0.0, 0.0, 0.0)",,,,,,,,,,998,,SAM Splint,
PLAYER_POSITIONS,105086,6/26/2026 12:54:07 PM,656b7e14-f368-4196-b68a-fdb1e1554fc8,2.0,,,,,,,,,,,,,,,,,,,,,,,,,,,,,,,,,,,"(-14.0, 0.5, 3.6)","(-14.1, 0.9, 3.8)","(-14.3, 0.3, 3.7)",
PLAYER_POSITIONS,105086,6/26/2026 12:54:07 PM,656b7e14-f368-4196-b68a-fdb1e1554fc8,2.0,,,,,,,,,,,,,,,,,,,,,,,,,,,,,,,,,,,"(-14.0, 0.5, 3.6)","(-14.1, 0.9, 3.8)","(-14.3, 0.3, 3.7)",
VOICE_CAPTURE,105185,6/26/2026 12:54:07 PM,656b7e14-f368-4196-b68a-fdb1e1554fc8,2.0,,,,,,,,,,,,,,,,,,,,,,,,,,,,,,,,,,,,,,,,,,,,,,,,,,,NA,I'm a charm. I sing it so well.,
VOICE_CAPTURE,105185,6/26/2026 12:54:07 PM,656b7e14-f368-4196-b68a-fdb1e1554fc8,2.0,,,,,,,,,,,,,,,,,,,,,,,,,,,,,,,,,,,,,,,,,,,,,,,,,,,NA,I'm a charm. I sing it so well.,
EVAC_RADIO_ALERT,105472,6/26/2026 12:54:07 PM,656b7e14-f368-4196-b68a-fdb1e1554fc8,2.0,,,,,,,,1,
AUDIO_START,105478,6/26/2026 12:54:07 PM,656b7e14-f368-4196-b68a-fdb1e1554fc8,2.0,evac in 9 minutes,4.127347,
PLAYER_POSITIONS,105597,6/26/2026 12:54:07 PM,656b7e14-f368-4196-b68a-fdb1e1554fc8,2.0,,,,,,,,,,,,,,,,,,,,,,,,,,,,,,,,,,,"(-14.0, 0.6, 3.6)","(-14.0, 0.9, 3.8)","(-14.3, 0.3, 3.7)",
PLAYER_POSITIONS,105597,6/26/2026 12:54:07 PM,656b7e14-f368-4196-b68a-fdb1e1554fc8,2.0,,,,,,,,,,,,,,,,,,,,,,,,,,,,,,,,,,,"(-14.0, 0.6, 3.6)","(-14.0, 0.9, 3.8)","(-14.3, 0.3, 3.7)",
VOICE_CAPTURE,105630,6/26/2026 12:54:07 PM,656b7e14-f368-4196-b68a-fdb1e1554fc8,2.0,,,,,,,,,,,,,,,,,,,,,,,,,,,,,,,,,,,,,,,,,,,,,,,,,,,NA,Bye-bye.,
PLAYER_POSITIONS,106098,6/26/2026 12:54:08 PM,656b7e14-f368-4196-b68a-fdb1e1554fc8,2.0,,,,,,,,,,,,,,,,,,,,,,,,,,,,,,,,,,,"(-13.7, 0.6, 3.5)","(-13.8, 1.1, 3.6)","(-14.0, 0.5, 3.7)",
PLAYER_GAZE,106098,6/26/2026 12:54:08 PM,656b7e14-f368-4196-b68a-fdb1e1554fc8,2.0,,,,,,,,,,,,,,,,,,,,,,,,Civilian PT 14,,,,,,,,,"(0.3, 1.1, 0.0)",,,"(-14.1, 0.0, 3.6)",
PLAYER_POSITIONS,106098,6/26/2026 12:54:08 PM,656b7e14-f368-4196-b68a-fdb1e1554fc8,2.0,,,,,,,,,,,,,,,,,,,,,,,,,,,,,,,,,,,"(-13.7, 0.6, 3.5)","(-13.8, 1.1, 3.6)","(-14.0, 0.5, 3.7)",
PLAYER_GAZE,106098,6/26/2026 12:54:08 PM,656b7e14-f368-4196-b68a-fdb1e1554fc8,2.0,,,,,,,,,,,,,,,,,,,,,,,,Civilian PT 14,,,,,,,,,"(0.3, 1.1, 0.0)",,,"(-14.1, 0.0, 3.6)",
VOICE_CAPTURE,106231,6/26/2026 12:54:08 PM,656b7e14-f368-4196-b68a-fdb1e1554fc8,2.0,,,,,,,,,,,,,,,,,,,,,,,,,,,,,,,,,,,,,,,,,,,,,,,,,,,NA,"So, that's it.",
PLAYER_POSITIONS,106600,6/26/2026 12:54:08 PM,656b7e14-f368-4196-b68a-fdb1e1554fc8,2.0,,,,,,,,,,,,,,,,,,,,,,,,,,,,,,,,,,,"(-13.3, 1.0, 3.7)","(-13.4, 1.7, 3.8)","(-13.6, 0.9, 3.8)",
PLAYER_POSITIONS,106600,6/26/2026 12:54:08 PM,656b7e14-f368-4196-b68a-fdb1e1554fc8,2.0,,,,,,,,,,,,,,,,,,,,,,,,,,,,,,,,,,,"(-13.3, 1.0, 3.7)","(-13.4, 1.7, 3.8)","(-13.6, 0.9, 3.8)",
VOICE_CAPTURE,106645,6/26/2026 12:54:08 PM,656b7e14-f368-4196-b68a-fdb1e1554fc8,2.0,,,,,,,,,,,,,,,,,,,,,,,,,,,,,,,,,,,,,,,,,,,,,,,,,,,NA,"So, that's that messed up.",
PLAYER_POSITIONS,107099,6/26/2026 12:54:09 PM,656b7e14-f368-4196-b68a-fdb1e1554fc8,2.0,,,,,,,,,,,,,,,,,,,,,,,,,,,,,,,,,,,"(-13.2, 1.0, 3.9)","(-13.5, 1.8, 3.9)","(-13.5, 1.0, 3.8)",
PLAYER_POSITIONS,107099,6/26/2026 12:54:09 PM,656b7e14-f368-4196-b68a-fdb1e1554fc8,2.0,,,,,,,,,,,,,,,,,,,,,,,,,,,,,,,,,,,"(-13.2, 1.0, 3.9)","(-13.5, 1.8, 3.9)","(-13.5, 1.0, 3.8)",
VOICE_CAPTURE,107144,6/26/2026 12:54:09 PM,656b7e14-f368-4196-b68a-fdb1e1554fc8,2.0,,,,,,,,,,,,,,,,,,,,,,,,,,,,,,,,,,,,,,,,,,,,,,,,,,,NA,"So, it's not messed up, okay.",
PLAYER_POSITIONS,107605,6/26/2026 12:54:09 PM,656b7e14-f368-4196-b68a-fdb1e1554fc8,2.0,,,,,,,,,,,,,,,,,,,,,,,,,,,,,,,,,,,"(-13.2, 1.0, 3.7)","(-13.4, 1.7, 3.8)","(-13.6, 1.0, 3.6)",
PLAYER_POSITIONS,107605,6/26/2026 12:54:09 PM,656b7e14-f368-4196-b68a-fdb1e1554fc8,2.0,,,,,,,,,,,,,,,,,,,,,,,,,,,,,,,,,,,"(-13.2, 1.0, 3.7)","(-13.4, 1.7, 3.8)","(-13.6, 1.0, 3.6)",
VOICE_CAPTURE,107684,6/26/2026 12:54:09 PM,656b7e14-f368-4196-b68a-fdb1e1554fc8,2.0,,,,,,,,,,,,,,,,,,,,,,,,,,,,,,,,,,,,,,,,,,,,,,,,,,,NA,"So, it's not messed up, okay.",
VOICE_CAPTURE,107684,6/26/2026 12:54:09 PM,656b7e14-f368-4196-b68a-fdb1e1554fc8,2.0,,,,,,,,,,,,,,,,,,,,,,,,,,,,,,,,,,,,,,,,,,,,,,,,,,,NA,"So, it's not messed up, okay.",
PATIENT_DISENGAGED,107946,6/26/2026 12:54:10 PM,656b7e14-f368-4196-b68a-fdb1e1554fc8,2.0,,,,17.14,,,,,,,,,,,,,,,,normal,100,Infinity,normal,Civilian PT 14,upset,sittingGround,"(-14.1, 0.0, 3.6)",normal,"(0.0, 0.8, 0.0, 0.6)",normal,DELAYED,still,,,,,,,,,,,,,,,,,17.14,
PATIENT_ENGAGED,108091,6/26/2026 12:54:10 PM,656b7e14-f368-4196-b68a-fdb1e1554fc8,2.0,,,,0,,,,,,,,,,,,,,,,normal,100,Infinity,normal,Civilian PT 3,upset,prone,"(-14.3, -0.1, 1.6)",normal,"(0.0, 0.0, 0.0, 1.0)",normal,DELAYED,still,,,,,,,,,,,,,,,,,0,
PLAYER_POSITIONS,108137,6/26/2026 12:54:10 PM,656b7e14-f368-4196-b68a-fdb1e1554fc8,2.0,,,,,,,,,,,,,,,,,,,,,,,,,,,,,,,,,,,"(-13.1, 0.9, 2.3)","(-13.2, 1.6, 2.4)","(-13.4, 0.9, 2.4)",
PLAYER_POSITIONS,108137,6/26/2026 12:54:10 PM,656b7e14-f368-4196-b68a-fdb1e1554fc8,2.0,,,,,,,,,,,,,,,,,,,,,,,,,,,,,,,,,,,"(-13.1, 0.9, 2.3)","(-13.2, 1.6, 2.4)","(-13.4, 0.9, 2.4)",
VOICE_CAPTURE,108137,6/26/2026 12:54:10 PM,656b7e14-f368-4196-b68a-fdb1e1554fc8,2.0,,,,,,,,,,,,,,,,,,,,,,,,,,,,,,,,,,,,,,,,,,,,,,,,,,,NA,That messed up.,
TELEPORT,108159,6/26/2026 12:54:10 PM,656b7e14-f368-4196-b68a-fdb1e1554fc8,2.0,,,,,,,,,,,,,,,,,,,,,,,,,,,,,,,,,,,,"(-13.3, 1.7, 3.5)",,,,,,,"(-13.2, 1.6, 2.4)",
PLAYER_POSITIONS,108661,6/26/2026 12:54:10 PM,656b7e14-f368-4196-b68a-fdb1e1554fc8,2.0,,,,,,,,,,,,,,,,,,,,,,,,,,,,,,,,,,,"(-13.2, 0.9, 2.1)","(-13.4, 1.6, 2.3)","(-13.6, 1.1, 2.1)",
PLAYER_POSITIONS,108661,6/26/2026 12:54:10 PM,656b7e14-f368-4196-b68a-fdb1e1554fc8,2.0,,,,,,,,,,,,,,,,,,,,,,,,,,,,,,,,,,,"(-13.2, 0.9, 2.1)","(-13.4, 1.6, 2.3)","(-13.6, 1.1, 2.1)",
VOICE_CAPTURE,108661,6/26/2026 12:54:10 PM,656b7e14-f368-4196-b68a-fdb1e1554fc8,2.0,,,,,,,,,,,,,,,,,,,,,,,,,,,,,,,,,,,,,,,,,,,,,,,,,,,NA,That messed up. Okay.,
VOICE_CAPTURE,109159,6/26/2026 12:54:11 PM,656b7e14-f368-4196-b68a-fdb1e1554fc8,2.0,,,,,,,,,,,,,,,,,,,,,,,,,,,,,,,,,,,,,,,,,,,,,,,,,,,NA,That messed up. Okay.,
VOICE_CAPTURE,109159,6/26/2026 12:54:11 PM,656b7e14-f368-4196-b68a-fdb1e1554fc8,2.0,,,,,,,,,,,,,,,,,,,,,,,,,,,,,,,,,,,,,,,,,,,,,,,,,,,NA,That messed up. Okay.,
PLAYER_POSITIONS,109183,6/26/2026 12:54:11 PM,656b7e14-f368-4196-b68a-fdb1e1554fc8,2.0,,,,,,,,,,,,,,,,,,,,,,,,,,,,,,,,,,,"(-13.3, 0.9, 2.2)","(-13.5, 1.6, 2.3)","(-13.8, 0.9, 2.5)",
PLAYER_POSITIONS,109183,6/26/2026 12:54:11 PM,656b7e14-f368-4196-b68a-fdb1e1554fc8,2.0,,,,,,,,,,,,,,,,,,,,,,,,,,,,,,,,,,,"(-13.3, 0.9, 2.2)","(-13.5, 1.6, 2.3)","(-13.8, 0.9, 2.5)",
TOOL_HOVER,109591,6/26/2026 12:54:11 PM,656b7e14-f368-4196-b68a-fdb1e1554fc8,2.0,,,,,,,,,,,,,,,,,,,,,,,,,,,,,,,,,,,,,,,,,,,,,,998,,Tourniquet,
AUDIO_END,109637,6/26/2026 12:54:11 PM,656b7e14-f368-4196-b68a-fdb1e1554fc8,2.0,evac in 9 minutes,4.127347,
PLAYER_POSITIONS,109692,6/26/2026 12:54:11 PM,656b7e14-f368-4196-b68a-fdb1e1554fc8,2.0,,,,,,,,,,,,,,,,,,,,,,,,,,,,,,,,,,,"(-13.3, 0.9, 2.2)","(-13.5, 1.6, 2.3)","(-13.7, 1.0, 2.2)",
PLAYER_POSITIONS,109692,6/26/2026 12:54:11 PM,656b7e14-f368-4196-b68a-fdb1e1554fc8,2.0,,,,,,,,,,,,,,,,,,,,,,,,,,,,,,,,,,,"(-13.3, 0.9, 2.2)","(-13.5, 1.6, 2.3)","(-13.7, 1.0, 2.2)",
TOOL_SELECTED,109827,6/26/2026 12:54:11 PM,656b7e14-f368-4196-b68a-fdb1e1554fc8,2.0,,,,,,,,,,,,,,,,,,,,,,,,,,,,,,,,,,,,,,,,,,,,,,997,,Tourniquet,
BAG_CLOSED,109935,6/26/2026 12:54:12 PM,656b7e14-f368-4196-b68a-fdb1e1554fc8,2.0,,,,,,,,,,,,,,,,,,,,,,,,,,,,,,,,,,,,"(0.0, 0.0, 0.0)",
PLAYER_POSITIONS,110202,6/26/2026 12:54:12 PM,656b7e14-f368-4196-b68a-fdb1e1554fc8,2.0,,,,,,,,,,,,,,,,,,,,,,,,,,,,,,,,,,,"(-13.3, 0.8, 2.0)","(-13.5, 1.3, 2.1)","(-13.6, 0.8, 2.0)",
PLAYER_POSITIONS,110202,6/26/2026 12:54:12 PM,656b7e14-f368-4196-b68a-fdb1e1554fc8,2.0,,,,,,,,,,,,,,,,,,,,,,,,,,,,,,,,,,,"(-13.3, 0.8, 2.0)","(-13.5, 1.3, 2.1)","(-13.6, 0.8, 2.0)",
PLAYER_POSITIONS,110712,6/26/2026 12:54:12 PM,656b7e14-f368-4196-b68a-fdb1e1554fc8,2.0,,,,,,,,,,,,,,,,,,,,,,,,,,,,,,,,,,,"(-13.4, 0.5, 1.8)","(-13.6, 0.8, 1.8)","(-13.8, 0.1, 1.8)",
PLAYER_POSITIONS,110712,6/26/2026 12:54:12 PM,656b7e14-f368-4196-b68a-fdb1e1554fc8,2.0,,,,,,,,,,,,,,,,,,,,,,,,,,,,,,,,,,,"(-13.4, 0.5, 1.8)","(-13.6, 0.8, 1.8)","(-13.8, 0.1, 1.8)",
PLAYER_POSITIONS,111223,6/26/2026 12:54:13 PM,656b7e14-f368-4196-b68a-fdb1e1554fc8,2.0,,,,,,,,,,,,,,,,,,,,,,,,,,,,,,,,,,,"(-13.5, 0.5, 1.8)","(-13.6, 0.8, 1.8)","(-13.8, 0.0, 1.8)",
PLAYER_POSITIONS,111223,6/26/2026 12:54:13 PM,656b7e14-f368-4196-b68a-fdb1e1554fc8,2.0,,,,,,,,,,,,,,,,,,,,,,,,,,,,,,,,,,,"(-13.5, 0.5, 1.8)","(-13.6, 0.8, 1.8)","(-13.8, 0.0, 1.8)",
INJURY_TREATED,111251,6/26/2026 12:54:13 PM,656b7e14-f368-4196-b68a-fdb1e1554fc8,2.0,,,,,,,,,leftLeg,L Shin Amputation,"(-13.9, 0.0, 2.0)",tourniquet,1,1,high,True,True,,,,,,,Civilian PT 3,
TOOL_APPLIED,111252,6/26/2026 12:54:13 PM,656b7e14-f368-4196-b68a-fdb1e1554fc8,2.0,,,,,,,,,,,,,,,,,,,,,,,,Civilian PT 3,,,,,,,,,,,,,,,,,,,,AppliedTourniquet,LeftUpLeg (UnityEngine.GameObject),,Tourniquet(Clone) (UnityEngine.GameObject),Tourniquet,
PLAYER_POSITIONS,111734,6/26/2026 12:54:13 PM,656b7e14-f368-4196-b68a-fdb1e1554fc8,2.0,,,,,,,,,,,,,,,,,,,,,,,,,,,,,,,,,,,"(-13.4, 0.6, 1.8)","(-13.5, 1.1, 1.7)","(-13.6, 0.3, 1.9)",
PLAYER_POSITIONS,111734,6/26/2026 12:54:13 PM,656b7e14-f368-4196-b68a-fdb1e1554fc8,2.0,,,,,,,,,,,,,,,,,,,,,,,,,,,,,,,,,,,"(-13.4, 0.6, 1.8)","(-13.5, 1.1, 1.7)","(-13.6, 0.3, 1.9)",
PLAYER_POSITIONS,112245,6/26/2026 12:54:14 PM,656b7e14-f368-4196-b68a-fdb1e1554fc8,2.0,,,,,,,,,,,,,,,,,,,,,,,,,,,,,,,,,,,"(-13.1, 0.7, 1.8)","(-13.3, 1.3, 1.7)","(-13.6, 0.8, 1.8)",
PLAYER_POSITIONS,112245,6/26/2026 12:54:14 PM,656b7e14-f368-4196-b68a-fdb1e1554fc8,2.0,,,,,,,,,,,,,,,,,,,,,,,,,,,,,,,,,,,"(-13.1, 0.7, 1.8)","(-13.3, 1.3, 1.7)","(-13.6, 0.8, 1.8)",
PLAYER_POSITIONS,112745,6/26/2026 12:54:14 PM,656b7e14-f368-4196-b68a-fdb1e1554fc8,2.0,,,,,,,,,,,,,,,,,,,,,,,,,,,,,,,,,,,"(-13.1, 0.7, 1.8)","(-13.3, 1.3, 1.7)","(-13.6, 0.6, 1.9)",
PLAYER_POSITIONS,112745,6/26/2026 12:54:14 PM,656b7e14-f368-4196-b68a-fdb1e1554fc8,2.0,,,,,,,,,,,,,,,,,,,,,,,,,,,,,,,,,,,"(-13.1, 0.7, 1.8)","(-13.3, 1.3, 1.7)","(-13.6, 0.6, 1.9)",
PLAYER_POSITIONS,113257,6/26/2026 12:54:15 PM,656b7e14-f368-4196-b68a-fdb1e1554fc8,2.0,,,,,,,,,,,,,,,,,,,,,,,,,,,,,,,,,,,"(-13.2, 0.7, 1.8)","(-13.4, 1.2, 1.8)","(-13.4, 0.7, 1.8)",
PLAYER_POSITIONS,113257,6/26/2026 12:54:15 PM,656b7e14-f368-4196-b68a-fdb1e1554fc8,2.0,,,,,,,,,,,,,,,,,,,,,,,,,,,,,,,,,,,"(-13.2, 0.7, 1.8)","(-13.4, 1.2, 1.8)","(-13.4, 0.7, 1.8)",
AUDIO_START,113572,6/26/2026 12:54:15 PM,656b7e14-f368-4196-b68a-fdb1e1554fc8,2.0,bravo 2 sitrep,2.063673,
PLAYER_POSITIONS,113759,6/26/2026 12:54:15 PM,656b7e14-f368-4196-b68a-fdb1e1554fc8,2.0,,,,,,,,,,,,,,,,,,,,,,,,,,,,,,,,,,,"(-13.2, 0.7, 1.9)","(-13.4, 1.2, 1.8)","(-13.4, 0.7, 1.9)",
PLAYER_POSITIONS,113759,6/26/2026 12:54:15 PM,656b7e14-f368-4196-b68a-fdb1e1554fc8,2.0,,,,,,,,,,,,,,,,,,,,,,,,,,,,,,,,,,,"(-13.2, 0.7, 1.9)","(-13.4, 1.2, 1.8)","(-13.4, 0.7, 1.9)",
PLAYER_POSITIONS,114265,6/26/2026 12:54:16 PM,656b7e14-f368-4196-b68a-fdb1e1554fc8,2.0,,,,,,,,,,,,,,,,,,,,,,,,,,,,,,,,,,,"(-13.2, 0.7, 1.9)","(-13.4, 1.2, 1.8)","(-13.4, 0.7, 1.9)",
PLAYER_POSITIONS,114265,6/26/2026 12:54:16 PM,656b7e14-f368-4196-b68a-fdb1e1554fc8,2.0,,,,,,,,,,,,,,,,,,,,,,,,,,,,,,,,,,,"(-13.2, 0.7, 1.9)","(-13.4, 1.2, 1.8)","(-13.4, 0.7, 1.9)",
TAG_SELECTED,114419,6/26/2026 12:54:16 PM,656b7e14-f368-4196-b68a-fdb1e1554fc8,2.0,,,,,,,,,,,,,,,,,,,,,,,,,,,,,,,,,,,,,,,,,,red,
BAG_CLOSED,114775,6/26/2026 12:54:16 PM,656b7e14-f368-4196-b68a-fdb1e1554fc8,2.0,,,,,,,,,,,,,,,,,,,,,,,,,,,,,,,,,,,,"(0.0, 0.0, 0.0)",
PLAYER_POSITIONS,114778,6/26/2026 12:54:16 PM,656b7e14-f368-4196-b68a-fdb1e1554fc8,2.0,,,,,,,,,,,,,,,,,,,,,,,,,,,,,,,,,,,"(-13.2, 0.7, 1.8)","(-13.3, 1.2, 1.8)","(-13.4, 0.6, 1.9)",
PLAYER_POSITIONS,114778,6/26/2026 12:54:16 PM,656b7e14-f368-4196-b68a-fdb1e1554fc8,2.0,,,,,,,,,,,,,,,,,,,,,,,,,,,,,,,,,,,"(-13.2, 0.7, 1.8)","(-13.3, 1.2, 1.8)","(-13.4, 0.6, 1.9)",
PLAYER_POSITIONS,115281,6/26/2026 12:54:17 PM,656b7e14-f368-4196-b68a-fdb1e1554fc8,2.0,,,,,,,,,,,,,,,,,,,,,,,,,,,,,,,,,,,"(-13.1, 0.6, 1.7)","(-13.3, 0.9, 1.6)","(-13.3, 0.3, 1.6)",
PLAYER_POSITIONS,115281,6/26/2026 12:54:17 PM,656b7e14-f368-4196-b68a-fdb1e1554fc8,2.0,,,,,,,,,,,,,,,,,,,,,,,,,,,,,,,,,,,"(-13.1, 0.6, 1.7)","(-13.3, 0.9, 1.6)","(-13.3, 0.3, 1.6)",
AUDIO_END,115647,6/26/2026 12:54:17 PM,656b7e14-f368-4196-b68a-fdb1e1554fc8,2.0,bravo 2 sitrep,2.063673,
NARRATIVE_SECTION_END,115647,6/26/2026 12:54:17 PM,656b7e14-f368-4196-b68a-fdb1e1554fc8,2.0,,,,,,,,,,,,,,,,,,Bravo 2 sitrep,13,
NARRATIVE_SECTION_START,115666,6/26/2026 12:54:17 PM,656b7e14-f368-4196-b68a-fdb1e1554fc8,2.0,,,,,,,,,,,,,,,,,,Bravo Heavy Contact,14,
PLAYER_POSITIONS,115804,6/26/2026 12:54:17 PM,656b7e14-f368-4196-b68a-fdb1e1554fc8,2.0,,,,,,,,,,,,,,,,,,,,,,,,,,,,,,,,,,,"(-13.2, 0.6, 1.7)","(-13.3, 0.7, 1.6)","(-13.4, 0.0, 1.7)",
PLAYER_POSITIONS,115804,6/26/2026 12:54:17 PM,656b7e14-f368-4196-b68a-fdb1e1554fc8,2.0,,,,,,,,,,,,,,,,,,,,,,,,,,,,,,,,,,,"(-13.2, 0.6, 1.7)","(-13.3, 0.7, 1.6)","(-13.4, 0.0, 1.7)",
TAG_APPLIED,115965,6/26/2026 12:54:18 PM,656b7e14-f368-4196-b68a-fdb1e1554fc8,2.0,,,,,,,,,,,,,,,,,,,,,,,,Civilian PT 3,,,,,,,,,,,,,,,,,,red,
PLAYER_POSITIONS,116305,6/26/2026 12:54:18 PM,656b7e14-f368-4196-b68a-fdb1e1554fc8,2.0,,,,,,,,,,,,,,,,,,,,,,,,,,,,,,,,,,,"(-13.2, 0.6, 1.7)","(-13.3, 0.7, 1.6)","(-13.4, 0.1, 1.7)",
PLAYER_POSITIONS,116305,6/26/2026 12:54:18 PM,656b7e14-f368-4196-b68a-fdb1e1554fc8,2.0,,,,,,,,,,,,,,,,,,,,,,,,,,,,,,,,,,,"(-13.2, 0.6, 1.7)","(-13.3, 0.7, 1.6)","(-13.4, 0.1, 1.7)",
AUDIO_START,116655,6/26/2026 12:54:18 PM,656b7e14-f368-4196-b68a-fdb1e1554fc8,2.0,bravo heavy contact,3.94449,
PLAYER_POSITIONS,116827,6/26/2026 12:54:18 PM,656b7e14-f368-4196-b68a-fdb1e1554fc8,2.0,,,,,,,,,,,,,,,,,,,,,,,,,,,,,,,,,,,"(-13.0, 0.7, 1.6)","(-13.2, 1.3, 1.5)","(-13.2, 0.5, 1.8)",
PLAYER_POSITIONS,116827,6/26/2026 12:54:18 PM,656b7e14-f368-4196-b68a-fdb1e1554fc8,2.0,,,,,,,,,,,,,,,,,,,,,,,,,,,,,,,,,,,"(-13.0, 0.7, 1.6)","(-13.2, 1.3, 1.5)","(-13.2, 0.5, 1.8)",
PLAYER_POSITIONS,117327,6/26/2026 12:54:19 PM,656b7e14-f368-4196-b68a-fdb1e1554fc8,2.0,,,,,,,,,,,,,,,,,,,,,,,,,,,,,,,,,,,"(-13.0, 1.1, 1.3)","(-13.1, 1.7, 1.5)","(-13.2, 1.0, 1.3)",
PLAYER_GAZE,117327,6/26/2026 12:54:19 PM,656b7e14-f368-4196-b68a-fdb1e1554fc8,2.0,,,,,,,,,,,,,,,,,,,,,,,,Civilian PT 15,,,,,,,,,"(1.3, 1.7, 1.8)",,,"(-14.4, 0.0, -0.3)",
PLAYER_POSITIONS,117327,6/26/2026 12:54:19 PM,656b7e14-f368-4196-b68a-fdb1e1554fc8,2.0,,,,,,,,,,,,,,,,,,,,,,,,,,,,,,,,,,,"(-13.0, 1.1, 1.3)","(-13.1, 1.7, 1.5)","(-13.2, 1.0, 1.3)",
PLAYER_GAZE,117327,6/26/2026 12:54:19 PM,656b7e14-f368-4196-b68a-fdb1e1554fc8,2.0,,,,,,,,,,,,,,,,,,,,,,,,Civilian PT 15,,,,,,,,,"(1.3, 1.7, 1.8)",,,"(-14.4, 0.0, -0.3)",
PLAYER_POSITIONS,117838,6/26/2026 12:54:19 PM,656b7e14-f368-4196-b68a-fdb1e1554fc8,2.0,,,,,,,,,,,,,,,,,,,,,,,,,,,,,,,,,,,"(-13.0, 1.1, 1.0)","(-12.9, 1.7, 1.1)","(-13.1, 1.0, 1.0)",
PLAYER_POSITIONS,117838,6/26/2026 12:54:19 PM,656b7e14-f368-4196-b68a-fdb1e1554fc8,2.0,,,,,,,,,,,,,,,,,,,,,,,,,,,,,,,,,,,"(-13.0, 1.1, 1.0)","(-12.9, 1.7, 1.1)","(-13.1, 1.0, 1.0)",
PLAYER_POSITIONS,118349,6/26/2026 12:54:20 PM,656b7e14-f368-4196-b68a-fdb1e1554fc8,2.0,,,,,,,,,,,,,,,,,,,,,,,,,,,,,,,,,,,"(-12.8, 1.1, 0.9)","(-12.9, 1.7, 1.1)","(-13.1, 1.0, 0.9)",
PLAYER_GAZE,118349,6/26/2026 12:54:20 PM,656b7e14-f368-4196-b68a-fdb1e1554fc8,2.0,,,,,,,,,,,,,,,,,,,,,,,,Civilian PT 15,,,,,,,,,"(1.5, 1.7, 1.4)",,,"(-14.4, 0.0, -0.3)",
PLAYER_POSITIONS,118349,6/26/2026 12:54:20 PM,656b7e14-f368-4196-b68a-fdb1e1554fc8,2.0,,,,,,,,,,,,,,,,,,,,,,,,,,,,,,,,,,,"(-12.8, 1.1, 0.9)","(-12.9, 1.7, 1.1)","(-13.1, 1.0, 0.9)",
PLAYER_GAZE,118349,6/26/2026 12:54:20 PM,656b7e14-f368-4196-b68a-fdb1e1554fc8,2.0,,,,,,,,,,,,,,,,,,,,,,,,Civilian PT 15,,,,,,,,,"(1.5, 1.7, 1.4)",,,"(-14.4, 0.0, -0.3)",
PATIENT_DISENGAGED,118801,6/26/2026 12:54:20 PM,656b7e14-f368-4196-b68a-fdb1e1554fc8,2.0,,,,10.73,,,,,,,,,,,,,,,,normal,100,Infinity,normal,Civilian PT 3,upset,prone,"(-14.3, -0.1, 1.6)",normal,"(0.0, 0.0, 0.0, 1.0)",normal,DELAYED,still,,,,,,,,,,,,,,,,,10.73,
PLAYER_POSITIONS,118869,6/26/2026 12:54:20 PM,656b7e14-f368-4196-b68a-fdb1e1554fc8,2.0,,,,,,,,,,,,,,,,,,,,,,,,,,,,,,,,,,,"(-12.8, 1.1, 1.2)","(-12.9, 1.7, 1.4)","(-13.2, 1.1, 1.3)",
PLAYER_GAZE,118869,6/26/2026 12:54:20 PM,656b7e14-f368-4196-b68a-fdb1e1554fc8,2.0,,,,,,,,,,,,,,,,,,,,,,,,Civilian PT 15,,,,,,,,,"(1.5, 1.7, 1.7)",,,"(-14.4, 0.0, -0.3)",
PLAYER_POSITIONS,118869,6/26/2026 12:54:20 PM,656b7e14-f368-4196-b68a-fdb1e1554fc8,2.0,,,,,,,,,,,,,,,,,,,,,,,,,,,,,,,,,,,"(-12.8, 1.1, 1.2)","(-12.9, 1.7, 1.4)","(-13.2, 1.1, 1.3)",
PLAYER_GAZE,118869,6/26/2026 12:54:20 PM,656b7e14-f368-4196-b68a-fdb1e1554fc8,2.0,,,,,,,,,,,,,,,,,,,,,,,,Civilian PT 15,,,,,,,,,"(1.5, 1.7, 1.7)",,,"(-14.4, 0.0, -0.3)",
TELEPORT,119026,6/26/2026 12:54:21 PM,656b7e14-f368-4196-b68a-fdb1e1554fc8,2.0,,,,,,,,,,,,,,,,,,,,,,,,,,,,,,,,,,,,"(-12.9, 1.7, 1.1)",,,,,,,"(-14.9, 1.7, -1.7)",
PATIENT_ENGAGED,119239,6/26/2026 12:54:21 PM,656b7e14-f368-4196-b68a-fdb1e1554fc8,2.0,,,,0,,,,,,,,,,,,,,,,fast,100,Infinity,normal,Civilian PT 8,upset,sittingGround,"(-15.8, -0.1, -1.8)",fast,"(0.0, 0.4, 0.0, 0.9)",normal,IMMEDIATE,still,,,,,,,,,,,,,,,,,0,
PLAYER_POSITIONS,119375,6/26/2026 12:54:21 PM,656b7e14-f368-4196-b68a-fdb1e1554fc8,2.0,,,,,,,,,,,,,,,,,,,,,,,,,,,,,,,,,,,"(-15.0, 1.1, -2.0)","(-15.1, 1.6, -1.9)","(-15.3, 1.0, -1.9)",
PLAYER_POSITIONS,119375,6/26/2026 12:54:21 PM,656b7e14-f368-4196-b68a-fdb1e1554fc8,2.0,,,,,,,,,,,,,,,,,,,,,,,,,,,,,,,,,,,"(-15.0, 1.1, -2.0)","(-15.1, 1.6, -1.9)","(-15.3, 1.0, -1.9)",
PLAYER_POSITIONS,119891,6/26/2026 12:54:22 PM,656b7e14-f368-4196-b68a-fdb1e1554fc8,2.0,,,,,,,,,,,,,,,,,,,,,,,,,,,,,,,,,,,"(-15.1, 1.0, -2.0)","(-15.2, 1.6, -1.8)","(-15.5, 1.0, -1.8)",
PLAYER_GAZE,119891,6/26/2026 12:54:22 PM,656b7e14-f368-4196-b68a-fdb1e1554fc8,2.0,,,,,,,,,,,,,,,,,,,,,,,,Civilian PT 8,,,,,,,,,"(0.6, 1.6, 0.0)",,,"(-15.8, 0.0, -1.8)",
PLAYER_POSITIONS,119891,6/26/2026 12:54:22 PM,656b7e14-f368-4196-b68a-fdb1e1554fc8,2.0,,,,,,,,,,,,,,,,,,,,,,,,,,,,,,,,,,,"(-15.1, 1.0, -2.0)","(-15.2, 1.6, -1.8)","(-15.5, 1.0, -1.8)",
PLAYER_GAZE,119891,6/26/2026 12:54:22 PM,656b7e14-f368-4196-b68a-fdb1e1554fc8,2.0,,,,,,,,,,,,,,,,,,,,,,,,Civilian PT 8,,,,,,,,,"(0.6, 1.6, 0.0)",,,"(-15.8, 0.0, -1.8)",
PLAYER_POSITIONS,120392,6/26/2026 12:54:22 PM,656b7e14-f368-4196-b68a-fdb1e1554fc8,2.0,,,,,,,,,,,,,,,,,,,,,,,,,,,,,,,,,,,"(-15.2, 1.0, -2.1)","(-15.1, 1.7, -1.9)","(-15.5, 1.0, -1.7)",
PLAYER_GAZE,120392,6/26/2026 12:54:22 PM,656b7e14-f368-4196-b68a-fdb1e1554fc8,2.0,,,,,,,,,,,,,,,,,,,,,,,,Civilian PT 8,,,,,,,,,"(0.7, 1.7, -0.1)",,,"(-15.8, 0.0, -1.8)",
PLAYER_POSITIONS,120392,6/26/2026 12:54:22 PM,656b7e14-f368-4196-b68a-fdb1e1554fc8,2.0,,,,,,,,,,,,,,,,,,,,,,,,,,,,,,,,,,,"(-15.2, 1.0, -2.1)","(-15.1, 1.7, -1.9)","(-15.5, 1.0, -1.7)",
PLAYER_GAZE,120392,6/26/2026 12:54:22 PM,656b7e14-f368-4196-b68a-fdb1e1554fc8,2.0,,,,,,,,,,,,,,,,,,,,,,,,Civilian PT 8,,,,,,,,,"(0.7, 1.7, -0.1)",,,"(-15.8, 0.0, -1.8)",
AUDIO_END,120604,6/26/2026 12:54:22 PM,656b7e14-f368-4196-b68a-fdb1e1554fc8,2.0,bravo heavy contact,3.94449,
NARRATIVE_SECTION_END,120604,6/26/2026 12:54:22 PM,656b7e14-f368-4196-b68a-fdb1e1554fc8,2.0,,,,,,,,,,,,,,,,,,Bravo Heavy Contact,14,
NARRATIVE_SECTION_START,120666,6/26/2026 12:54:22 PM,656b7e14-f368-4196-b68a-fdb1e1554fc8,2.0,,,,,,,,,,,,,,,,,,Taking fire from rooftop,15,
PLAYER_POSITIONS,120892,6/26/2026 12:54:23 PM,656b7e14-f368-4196-b68a-fdb1e1554fc8,2.0,,,,,,,,,,,,,,,,,,,,,,,,,,,,,,,,,,,"(-15.2, 1.0, -2.1)","(-15.1, 1.7, -1.9)","(-15.3, 1.0, -1.6)",
PLAYER_POSITIONS,120892,6/26/2026 12:54:23 PM,656b7e14-f368-4196-b68a-fdb1e1554fc8,2.0,,,,,,,,,,,,,,,,,,,,,,,,,,,,,,,,,,,"(-15.2, 1.0, -2.1)","(-15.1, 1.7, -1.9)","(-15.3, 1.0, -1.6)",
PLAYER_POSITIONS,121415,6/26/2026 12:54:23 PM,656b7e14-f368-4196-b68a-fdb1e1554fc8,2.0,,,,,,,,,,,,,,,,,,,,,,,,,,,,,,,,,,,"(-15.2, 1.0, -2.0)","(-15.1, 1.6, -1.8)","(-15.4, 1.1, -1.6)",
PLAYER_POSITIONS,121415,6/26/2026 12:54:23 PM,656b7e14-f368-4196-b68a-fdb1e1554fc8,2.0,,,,,,,,,,,,,,,,,,,,,,,,,,,,,,,,,,,"(-15.2, 1.0, -2.0)","(-15.1, 1.6, -1.8)","(-15.4, 1.1, -1.6)",
PLAYER_POSITIONS,121925,6/26/2026 12:54:24 PM,656b7e14-f368-4196-b68a-fdb1e1554fc8,2.0,,,,,,,,,,,,,,,,,,,,,,,,,,,,,,,,,,,"(-15.2, 1.0, -2.0)","(-15.1, 1.6, -1.8)","(-15.4, 1.1, -1.8)",
PLAYER_GAZE,121925,6/26/2026 12:54:24 PM,656b7e14-f368-4196-b68a-fdb1e1554fc8,2.0,,,,,,,,,,,,,,,,,,,,,,,,Civilian PT 8,,,,,,,,,"(0.7, 1.6, 0.0)",,,"(-15.8, 0.0, -1.8)",
PLAYER_POSITIONS,121925,6/26/2026 12:54:24 PM,656b7e14-f368-4196-b68a-fdb1e1554fc8,2.0,,,,,,,,,,,,,,,,,,,,,,,,,,,,,,,,,,,"(-15.2, 1.0, -2.0)","(-15.1, 1.6, -1.8)","(-15.4, 1.1, -1.8)",
PLAYER_GAZE,121925,6/26/2026 12:54:24 PM,656b7e14-f368-4196-b68a-fdb1e1554fc8,2.0,,,,,,,,,,,,,,,,,,,,,,,,Civilian PT 8,,,,,,,,,"(0.7, 1.6, 0.0)",,,"(-15.8, 0.0, -1.8)",
TOOL_HOVER,121967,6/26/2026 12:54:24 PM,656b7e14-f368-4196-b68a-fdb1e1554fc8,2.0,,,,,,,,,,,,,,,,,,,,,,,,,,,,,,,,,,,,,,,,,,,,,,997,,Tourniquet,
TOOL_SELECTED,122246,6/26/2026 12:54:24 PM,656b7e14-f368-4196-b68a-fdb1e1554fc8,2.0,,,,,,,,,,,,,,,,,,,,,,,,,,,,,,,,,,,,,,,,,,,,,,996,,Tourniquet,
PLAYER_POSITIONS,122449,6/26/2026 12:54:24 PM,656b7e14-f368-4196-b68a-fdb1e1554fc8,2.0,,,,,,,,,,,,,,,,,,,,,,,,,,,,,,,,,,,"(-15.1, 1.0, -2.1)","(-15.2, 1.6, -1.9)","(-15.5, 1.0, -1.9)",
PLAYER_POSITIONS,122449,6/26/2026 12:54:24 PM,656b7e14-f368-4196-b68a-fdb1e1554fc8,2.0,,,,,,,,,,,,,,,,,,,,,,,,,,,,,,,,,,,"(-15.1, 1.0, -2.1)","(-15.2, 1.6, -1.9)","(-15.5, 1.0, -1.9)",
BAG_CLOSED,122511,6/26/2026 12:54:24 PM,656b7e14-f368-4196-b68a-fdb1e1554fc8,2.0,,,,,,,,,,,,,,,,,,,,,,,,,,,,,,,,,,,,"(0.0, 0.0, 0.0)",
PLAYER_POSITIONS,122955,6/26/2026 12:54:25 PM,656b7e14-f368-4196-b68a-fdb1e1554fc8,2.0,,,,,,,,,,,,,,,,,,,,,,,,,,,,,,,,,,,"(-15.2, 0.8, -2.3)","(-15.4, 1.1, -2.2)","(-15.5, 0.5, -2.3)",
PLAYER_POSITIONS,122955,6/26/2026 12:54:25 PM,656b7e14-f368-4196-b68a-fdb1e1554fc8,2.0,,,,,,,,,,,,,,,,,,,,,,,,,,,,,,,,,,,"(-15.2, 0.8, -2.3)","(-15.4, 1.1, -2.2)","(-15.5, 0.5, -2.3)",
PLAYER_POSITIONS,123477,6/26/2026 12:54:25 PM,656b7e14-f368-4196-b68a-fdb1e1554fc8,2.0,,,,,,,,,,,,,,,,,,,,,,,,,,,,,,,,,,,"(-15.2, 0.7, -2.3)","(-15.5, 1.0, -2.2)","(-15.7, 0.4, -2.2)",
PLAYER_POSITIONS,123477,6/26/2026 12:54:25 PM,656b7e14-f368-4196-b68a-fdb1e1554fc8,2.0,,,,,,,,,,,,,,,,,,,,,,,,,,,,,,,,,,,"(-15.2, 0.7, -2.3)","(-15.5, 1.0, -2.2)","(-15.7, 0.4, -2.2)",
AUDIO_START,123661,6/26/2026 12:54:25 PM,656b7e14-f368-4196-b68a-fdb1e1554fc8,2.0,taking fire from sector 6,4.022857,
INJURY_TREATED,123724,6/26/2026 12:54:25 PM,656b7e14-f368-4196-b68a-fdb1e1554fc8,2.0,,,,,,,,,rightArm,R Arm Amputation,"(-15.7, 0.3, -2.1)",tourniquet,1,1,high,True,True,,,,,,,Civilian PT 8,
TOOL_APPLIED,123724,6/26/2026 12:54:25 PM,656b7e14-f368-4196-b68a-fdb1e1554fc8,2.0,,,,,,,,,,,,,,,,,,,,,,,,Civilian PT 8,,,,,,,,,,,,,,,,,,,,AppliedTourniquet,RightArm (UnityEngine.GameObject),,Tourniquet(Clone) (UnityEngine.GameObject),Tourniquet,
PLAYER_POSITIONS,123990,6/26/2026 12:54:26 PM,656b7e14-f368-4196-b68a-fdb1e1554fc8,2.0,,,,,,,,,,,,,,,,,,,,,,,,,,,,,,,,,,,"(-15.2, 0.7, -2.3)","(-15.5, 1.0, -2.2)","(-15.6, 0.4, -2.2)",
PLAYER_POSITIONS,123990,6/26/2026 12:54:26 PM,656b7e14-f368-4196-b68a-fdb1e1554fc8,2.0,,,,,,,,,,,,,,,,,,,,,,,,,,,,,,,,,,,"(-15.2, 0.7, -2.3)","(-15.5, 1.0, -2.2)","(-15.6, 0.4, -2.2)",
PLAYER_POSITIONS,124501,6/26/2026 12:54:26 PM,656b7e14-f368-4196-b68a-fdb1e1554fc8,2.0,,,,,,,,,,,,,,,,,,,,,,,,,,,,,,,,,,,"(-15.2, 0.7, -2.3)","(-15.5, 1.1, -2.2)","(-15.7, 0.7, -2.0)",
PLAYER_POSITIONS,124501,6/26/2026 12:54:26 PM,656b7e14-f368-4196-b68a-fdb1e1554fc8,2.0,,,,,,,,,,,,,,,,,,,,,,,,,,,,,,,,,,,"(-15.2, 0.7, -2.3)","(-15.5, 1.1, -2.2)","(-15.7, 0.7, -2.0)",
PLAYER_POSITIONS,125013,6/26/2026 12:54:27 PM,656b7e14-f368-4196-b68a-fdb1e1554fc8,2.0,,,,,,,,,,,,,,,,,,,,,,,,,,,,,,,,,,,"(-15.2, 0.8, -2.2)","(-15.5, 1.2, -2.1)","(-15.4, 0.6, -1.7)",
PLAYER_GAZE,125013,6/26/2026 12:54:27 PM,656b7e14-f368-4196-b68a-fdb1e1554fc8,2.0,,,,,,,,,,,,,,,,,,,,,,,,Civilian PT 8,,,,,,,,,"(0.3, 1.2, -0.2)",,,"(-15.8, 0.0, -1.8)",
PLAYER_POSITIONS,125013,6/26/2026 12:54:27 PM,656b7e14-f368-4196-b68a-fdb1e1554fc8,2.0,,,,,,,,,,,,,,,,,,,,,,,,,,,,,,,,,,,"(-15.2, 0.8, -2.2)","(-15.5, 1.2, -2.1)","(-15.4, 0.6, -1.7)",
PLAYER_GAZE,125013,6/26/2026 12:54:27 PM,656b7e14-f368-4196-b68a-fdb1e1554fc8,2.0,,,,,,,,,,,,,,,,,,,,,,,,Civilian PT 8,,,,,,,,,"(0.3, 1.2, -0.2)",,,"(-15.8, 0.0, -1.8)",
PLAYER_POSITIONS,125526,6/26/2026 12:54:27 PM,656b7e14-f368-4196-b68a-fdb1e1554fc8,2.0,,,,,,,,,,,,,,,,,,,,,,,,,,,,,,,,,,,"(-15.2, 0.8, -2.2)","(-15.5, 1.2, -2.0)","(-15.5, 0.6, -1.8)",
PLAYER_GAZE,125526,6/26/2026 12:54:27 PM,656b7e14-f368-4196-b68a-fdb1e1554fc8,2.0,,,,,,,,,,,,,,,,,,,,,,,,Civilian PT 8,,,,,,,,,"(0.3, 1.2, -0.2)",,,"(-15.8, 0.0, -1.8)",
PLAYER_POSITIONS,125526,6/26/2026 12:54:27 PM,656b7e14-f368-4196-b68a-fdb1e1554fc8,2.0,,,,,,,,,,,,,,,,,,,,,,,,,,,,,,,,,,,"(-15.2, 0.8, -2.2)","(-15.5, 1.2, -2.0)","(-15.5, 0.6, -1.8)",
PLAYER_GAZE,125526,6/26/2026 12:54:27 PM,656b7e14-f368-4196-b68a-fdb1e1554fc8,2.0,,,,,,,,,,,,,,,,,,,,,,,,Civilian PT 8,,,,,,,,,"(0.3, 1.2, -0.2)",,,"(-15.8, 0.0, -1.8)",
TOOL_HOVER,125567,6/26/2026 12:54:27 PM,656b7e14-f368-4196-b68a-fdb1e1554fc8,2.0,,,,,,,,,,,,,,,,,,,,,,,,,,,,,,,,,,,,,,,,,,,,,,996,,Tourniquet,
TOOL_HOVER,125677,6/26/2026 12:54:27 PM,656b7e14-f368-4196-b68a-fdb1e1554fc8,2.0,,,,,,,,,,,,,,,,,,,,,,,,,,,,,,,,,,,,,,,,,,,,,,999,,SAM Splint,
TOOL_HOVER,125878,6/26/2026 12:54:28 PM,656b7e14-f368-4196-b68a-fdb1e1554fc8,2.0,,,,,,,,,,,,,,,,,,,,,,,,,,,,,,,,,,,,,,,,,,,,,,999,,Hemostatic Gauze,
TOOL_SELECTED,125991,6/26/2026 12:54:28 PM,656b7e14-f368-4196-b68a-fdb1e1554fc8,2.0,,,,,,,,,,,,,,,,,,,,,,,,,,,,,,,,,,,,,,,,,,,,,,998,,Hemostatic Gauze,
PLAYER_POSITIONS,126038,6/26/2026 12:54:28 PM,656b7e14-f368-4196-b68a-fdb1e1554fc8,2.0,,,,,,,,,,,,,,,,,,,,,,,,,,,,,,,,,,,"(-15.2, 0.7, -2.2)","(-15.5, 1.1, -2.0)","(-15.7, 0.5, -1.8)",
PLAYER_GAZE,126038,6/26/2026 12:54:28 PM,656b7e14-f368-4196-b68a-fdb1e1554fc8,2.0,,,,,,,,,,,,,,,,,,,,,,,,Civilian PT 8,,,,,,,,,"(0.3, 1.1, -0.2)",,,"(-15.8, 0.0, -1.8)",
PLAYER_POSITIONS,126038,6/26/2026 12:54:28 PM,656b7e14-f368-4196-b68a-fdb1e1554fc8,2.0,,,,,,,,,,,,,,,,,,,,,,,,,,,,,,,,,,,"(-15.2, 0.7, -2.2)","(-15.5, 1.1, -2.0)","(-15.7, 0.5, -1.8)",
PLAYER_GAZE,126038,6/26/2026 12:54:28 PM,656b7e14-f368-4196-b68a-fdb1e1554fc8,2.0,,,,,,,,,,,,,,,,,,,,,,,,Civilian PT 8,,,,,,,,,"(0.3, 1.1, -0.2)",,,"(-15.8, 0.0, -1.8)",
PLAYER_POSITIONS,126555,6/26/2026 12:54:28 PM,656b7e14-f368-4196-b68a-fdb1e1554fc8,2.0,,,,,,,,,,,,,,,,,,,,,,,,,,,,,,,,,,,"(-15.2, 0.7, -2.2)","(-15.5, 1.1, -2.1)","(-15.7, 0.5, -2.0)",
PLAYER_POSITIONS,126555,6/26/2026 12:54:28 PM,656b7e14-f368-4196-b68a-fdb1e1554fc8,2.0,,,,,,,,,,,,,,,,,,,,,,,,,,,,,,,,,,,"(-15.2, 0.7, -2.2)","(-15.5, 1.1, -2.1)","(-15.7, 0.5, -2.0)",
PLAYER_POSITIONS,127099,6/26/2026 12:54:29 PM,656b7e14-f368-4196-b68a-fdb1e1554fc8,2.0,,,,,,,,,,,,,,,,,,,,,,,,,,,,,,,,,,,"(-15.2, 0.7, -2.3)","(-15.5, 1.0, -2.2)","(-15.8, 0.4, -2.2)",
PLAYER_POSITIONS,127099,6/26/2026 12:54:29 PM,656b7e14-f368-4196-b68a-fdb1e1554fc8,2.0,,,,,,,,,,,,,,,,,,,,,,,,,,,,,,,,,,,"(-15.2, 0.7, -2.3)","(-15.5, 1.0, -2.2)","(-15.8, 0.4, -2.2)",
INJURY_TREATED,127137,6/26/2026 12:54:29 PM,656b7e14-f368-4196-b68a-fdb1e1554fc8,2.0,,,,,,,,,chest,R Shoulder Puncture,"(-15.7, 0.4, -2.2)",woundpack,1,1,medium,True,True,,,,,,,Civilian PT 8,
TOOL_APPLIED,127137,6/26/2026 12:54:29 PM,656b7e14-f368-4196-b68a-fdb1e1554fc8,2.0,,,,,,,,,,,,,,,,,,,,,,,,Civilian PT 8,,,,,,,,,,,,,,,,,,,,AppliedPackingGauze,skinCollider_BodyLOD (UnityEngine.GameObject),,Gauze Pack(Clone) (UnityEngine.GameObject),Hemostatic Gauze,
PLAYER_POSITIONS,127599,6/26/2026 12:54:29 PM,656b7e14-f368-4196-b68a-fdb1e1554fc8,2.0,,,,,,,,,,,,,,,,,,,,,,,,,,,,,,,,,,,"(-15.2, 0.7, -2.3)","(-15.5, 1.2, -2.1)","(-15.5, 0.5, -2.0)",
PLAYER_POSITIONS,127599,6/26/2026 12:54:29 PM,656b7e14-f368-4196-b68a-fdb1e1554fc8,2.0,,,,,,,,,,,,,,,,,,,,,,,,,,,,,,,,,,,"(-15.2, 0.7, -2.3)","(-15.5, 1.2, -2.1)","(-15.5, 0.5, -2.0)",
BAG_CLOSED,127653,6/26/2026 12:54:29 PM,656b7e14-f368-4196-b68a-fdb1e1554fc8,2.0,,,,,,,,,,,,,,,,,,,,,,,,,,,,,,,,,,,,"(0.0, 0.0, 0.0)",
AUDIO_END,127699,6/26/2026 12:54:29 PM,656b7e14-f368-4196-b68a-fdb1e1554fc8,2.0,taking fire from sector 6,4.022857,
NARRATIVE_SECTION_END,127699,6/26/2026 12:54:29 PM,656b7e14-f368-4196-b68a-fdb1e1554fc8,2.0,,,,,,,,,,,,,,,,,,Taking fire from rooftop,15,
NARRATIVE_SECTION_START,127718,6/26/2026 12:54:29 PM,656b7e14-f368-4196-b68a-fdb1e1554fc8,2.0,,,,,,,,,,,,,,,,,,Standby for mortar support,16,
PLAYER_POSITIONS,128123,6/26/2026 12:54:30 PM,656b7e14-f368-4196-b68a-fdb1e1554fc8,2.0,,,,,,,,,,,,,,,,,,,,,,,,,,,,,,,,,,,"(-15.5, 1.0, -1.8)","(-15.4, 1.7, -1.6)","(-15.4, 0.9, -1.4)",
PLAYER_POSITIONS,128123,6/26/2026 12:54:30 PM,656b7e14-f368-4196-b68a-fdb1e1554fc8,2.0,,,,,,,,,,,,,,,,,,,,,,,,,,,,,,,,,,,"(-15.5, 1.0, -1.8)","(-15.4, 1.7, -1.6)","(-15.4, 0.9, -1.4)",
VOICE_CAPTURE,128123,6/26/2026 12:54:30 PM,656b7e14-f368-4196-b68a-fdb1e1554fc8,2.0,,,,,,,,,,,,,,,,,,,,,,,,,,,,,,,,,,,,,,,,,,,,,,,,,,,NA,Thank you.,
PLAYER_POSITIONS,128635,6/26/2026 12:54:30 PM,656b7e14-f368-4196-b68a-fdb1e1554fc8,2.0,,,,,,,,,,,,,,,,,,,,,,,,,,,,,,,,,,,"(-15.6, 1.1, -1.5)","(-15.4, 1.7, -1.4)","(-15.4, 1.0, -1.2)",
PLAYER_POSITIONS,128635,6/26/2026 12:54:30 PM,656b7e14-f368-4196-b68a-fdb1e1554fc8,2.0,,,,,,,,,,,,,,,,,,,,,,,,,,,,,,,,,,,"(-15.6, 1.1, -1.5)","(-15.4, 1.7, -1.4)","(-15.4, 1.0, -1.2)",
VOICE_CAPTURE,128635,6/26/2026 12:54:30 PM,656b7e14-f368-4196-b68a-fdb1e1554fc8,2.0,,,,,,,,,,,,,,,,,,,,,,,,,,,,,,,,,,,,,,,,,,,,,,,,,,,NA,Thank you.,
VOICE_CAPTURE,128635,6/26/2026 12:54:30 PM,656b7e14-f368-4196-b68a-fdb1e1554fc8,2.0,,,,,,,,,,,,,,,,,,,,,,,,,,,,,,,,,,,,,,,,,,,,,,,,,,,NA,Thank you.,
PLAYER_POSITIONS,129143,6/26/2026 12:54:31 PM,656b7e14-f368-4196-b68a-fdb1e1554fc8,2.0,,,,,,,,,,,,,,,,,,,,,,,,,,,,,,,,,,,"(-15.3, 1.1, -1.5)","(-15.1, 1.7, -1.8)","(-15.0, 1.0, -1.6)",
PLAYER_POSITIONS,129143,6/26/2026 12:54:31 PM,656b7e14-f368-4196-b68a-fdb1e1554fc8,2.0,,,,,,,,,,,,,,,,,,,,,,,,,,,,,,,,,,,"(-15.3, 1.1, -1.5)","(-15.1, 1.7, -1.8)","(-15.0, 1.0, -1.6)",
PLAYER_POSITIONS,129652,6/26/2026 12:54:31 PM,656b7e14-f368-4196-b68a-fdb1e1554fc8,2.0,,,,,,,,,,,,,,,,,,,,,,,,,,,,,,,,,,,"(-14.7, 1.1, -1.8)","(-14.7, 1.7, -2.1)","(-14.5, 1.0, -2.0)",
PLAYER_POSITIONS,129652,6/26/2026 12:54:31 PM,656b7e14-f368-4196-b68a-fdb1e1554fc8,2.0,,,,,,,,,,,,,,,,,,,,,,,,,,,,,,,,,,,"(-14.7, 1.1, -1.8)","(-14.7, 1.7, -2.1)","(-14.5, 1.0, -2.0)",
AUDIO_START,129724,6/26/2026 12:54:31 PM,656b7e14-f368-4196-b68a-fdb1e1554fc8,2.0,standby for mortar support,4.101224,
PLAYER_POSITIONS,130174,6/26/2026 12:54:32 PM,656b7e14-f368-4196-b68a-fdb1e1554fc8,2.0,,,,,,,,,,,,,,,,,,,,,,,,,,,,,,,,,,,"(-14.3, 1.1, -1.9)","(-14.5, 1.7, -2.1)","(-14.2, 1.0, -2.2)",
PLAYER_POSITIONS,130174,6/26/2026 12:54:32 PM,656b7e14-f368-4196-b68a-fdb1e1554fc8,2.0,,,,,,,,,,,,,,,,,,,,,,,,,,,,,,,,,,,"(-14.3, 1.1, -1.9)","(-14.5, 1.7, -2.1)","(-14.2, 1.0, -2.2)",
PLAYER_POSITIONS,130684,6/26/2026 12:54:32 PM,656b7e14-f368-4196-b68a-fdb1e1554fc8,2.0,,,,,,,,,,,,,,,,,,,,,,,,,,,,,,,,,,,"(-14.2, 1.1, -1.9)","(-14.4, 1.7, -2.0)","(-14.1, 1.1, -2.2)",
PLAYER_GAZE,130684,6/26/2026 12:54:32 PM,656b7e14-f368-4196-b68a-fdb1e1554fc8,2.0,,,,,,,,,,,,,,,,,,,,,,,,Military PT 4,,,,,,,,,"(-3.2, 1.7, 2.8)",,,"(-11.1, 0.0, -4.7)",
PLAYER_POSITIONS,130684,6/26/2026 12:54:32 PM,656b7e14-f368-4196-b68a-fdb1e1554fc8,2.0,,,,,,,,,,,,,,,,,,,,,,,,,,,,,,,,,,,"(-14.2, 1.1, -1.9)","(-14.4, 1.7, -2.0)","(-14.1, 1.1, -2.2)",
PLAYER_GAZE,130684,6/26/2026 12:54:32 PM,656b7e14-f368-4196-b68a-fdb1e1554fc8,2.0,,,,,,,,,,,,,,,,,,,,,,,,Military PT 4,,,,,,,,,"(-3.2, 1.7, 2.8)",,,"(-11.1, 0.0, -4.7)",
PLAYER_POSITIONS,131198,6/26/2026 12:54:33 PM,656b7e14-f368-4196-b68a-fdb1e1554fc8,2.0,,,,,,,,,,,,,,,,,,,,,,,,,,,,,,,,,,,"(-14.1, 1.1, -1.8)","(-14.3, 1.7, -2.0)","(-14.1, 1.1, -2.2)",
PLAYER_GAZE,131198,6/26/2026 12:54:33 PM,656b7e14-f368-4196-b68a-fdb1e1554fc8,2.0,,,,,,,,,,,,,,,,,,,,,,,,Military PT 4,,,,,,,,,"(-3.2, 1.7, 2.8)",,,"(-11.1, 0.0, -4.7)",
PLAYER_POSITIONS,131198,6/26/2026 12:54:33 PM,656b7e14-f368-4196-b68a-fdb1e1554fc8,2.0,,,,,,,,,,,,,,,,,,,,,,,,,,,,,,,,,,,"(-14.1, 1.1, -1.8)","(-14.3, 1.7, -2.0)","(-14.1, 1.1, -2.2)",
PLAYER_GAZE,131198,6/26/2026 12:54:33 PM,656b7e14-f368-4196-b68a-fdb1e1554fc8,2.0,,,,,,,,,,,,,,,,,,,,,,,,Military PT 4,,,,,,,,,"(-3.2, 1.7, 2.8)",,,"(-11.1, 0.0, -4.7)",
PLAYER_POSITIONS,131715,6/26/2026 12:54:33 PM,656b7e14-f368-4196-b68a-fdb1e1554fc8,2.0,,,,,,,,,,,,,,,,,,,,,,,,,,,,,,,,,,,"(-14.2, 1.1, -1.9)","(-14.4, 1.7, -2.0)","(-14.1, 1.1, -2.2)",
PLAYER_GAZE,131715,6/26/2026 12:54:33 PM,656b7e14-f368-4196-b68a-fdb1e1554fc8,2.0,,,,,,,,,,,,,,,,,,,,,,,,Military PT 12,,,,,,,,,"(-1.6, 1.7, 2.1)",,,"(-12.8, 0.0, -4.1)",
PLAYER_POSITIONS,131715,6/26/2026 12:54:33 PM,656b7e14-f368-4196-b68a-fdb1e1554fc8,2.0,,,,,,,,,,,,,,,,,,,,,,,,,,,,,,,,,,,"(-14.2, 1.1, -1.9)","(-14.4, 1.7, -2.0)","(-14.1, 1.1, -2.2)",
PLAYER_GAZE,131715,6/26/2026 12:54:33 PM,656b7e14-f368-4196-b68a-fdb1e1554fc8,2.0,,,,,,,,,,,,,,,,,,,,,,,,Military PT 12,,,,,,,,,"(-1.6, 1.7, 2.1)",,,"(-12.8, 0.0, -4.1)",
PLAYER_POSITIONS,132234,6/26/2026 12:54:34 PM,656b7e14-f368-4196-b68a-fdb1e1554fc8,2.0,,,,,,,,,,,,,,,,,,,,,,,,,,,,,,,,,,,"(-14.2, 1.1, -1.8)","(-14.3, 1.7, -1.8)","(-14.1, 1.1, -2.0)",
PLAYER_POSITIONS,132234,6/26/2026 12:54:34 PM,656b7e14-f368-4196-b68a-fdb1e1554fc8,2.0,,,,,,,,,,,,,,,,,,,,,,,,,,,,,,,,,,,"(-14.2, 1.1, -1.8)","(-14.3, 1.7, -1.8)","(-14.1, 1.1, -2.0)",
PLAYER_POSITIONS,132745,6/26/2026 12:54:34 PM,656b7e14-f368-4196-b68a-fdb1e1554fc8,2.0,,,,,,,,,,,,,,,,,,,,,,,,,,,,,,,,,,,"(-14.3, 1.1, -1.7)","(-14.3, 1.7, -1.9)","(-14.0, 1.1, -1.8)",
PLAYER_POSITIONS,132745,6/26/2026 12:54:34 PM,656b7e14-f368-4196-b68a-fdb1e1554fc8,2.0,,,,,,,,,,,,,,,,,,,,,,,,,,,,,,,,,,,"(-14.3, 1.1, -1.7)","(-14.3, 1.7, -1.9)","(-14.0, 1.1, -1.8)",
PLAYER_POSITIONS,133255,6/26/2026 12:54:35 PM,656b7e14-f368-4196-b68a-fdb1e1554fc8,2.0,,,,,,,,,,,,,,,,,,,,,,,,,,,,,,,,,,,"(-14.3, 1.1, -1.7)","(-14.3, 1.7, -1.9)","(-14.0, 1.1, -1.8)",
PLAYER_POSITIONS,133255,6/26/2026 12:54:35 PM,656b7e14-f368-4196-b68a-fdb1e1554fc8,2.0,,,,,,,,,,,,,,,,,,,,,,,,,,,,,,,,,,,"(-14.3, 1.1, -1.7)","(-14.3, 1.7, -1.9)","(-14.0, 1.1, -1.8)",
PATIENT_DISENGAGED,133454,6/26/2026 12:54:35 PM,656b7e14-f368-4196-b68a-fdb1e1554fc8,2.0,,,,14.21,,,,,,,,,,,,,,,,fast,100,Infinity,normal,Civilian PT 8,upset,sittingGround,"(-15.8, -0.1, -1.8)",fast,"(0.0, 0.4, 0.0, 0.9)",normal,IMMEDIATE,still,,,,,,,,,,,,,,,,,14.21,
TELEPORT,133664,6/26/2026 12:54:35 PM,656b7e14-f368-4196-b68a-fdb1e1554fc8,2.0,,,,,,,,,,,,,,,,,,,,,,,,,,,,,,,,,,,,"(-14.3, 1.7, -1.9)",,,,,,,"(-11.0, 1.7, 2.0)",
PLAYER_POSITIONS,133777,6/26/2026 12:54:35 PM,656b7e14-f368-4196-b68a-fdb1e1554fc8,2.0,,,,,,,,,,,,,,,,,,,,,,,,,,,,,,,,,,,"(-11.0, 1.1, 2.2)","(-11.1, 1.7, 2.0)","(-10.8, 1.1, 2.1)",
PLAYER_POSITIONS,133777,6/26/2026 12:54:35 PM,656b7e14-f368-4196-b68a-fdb1e1554fc8,2.0,,,,,,,,,,,,,,,,,,,,,,,,,,,,,,,,,,,"(-11.0, 1.1, 2.2)","(-11.1, 1.7, 2.0)","(-10.8, 1.1, 2.1)",
AUDIO_END,133833,6/26/2026 12:54:35 PM,656b7e14-f368-4196-b68a-fdb1e1554fc8,2.0,standby for mortar support,4.101224,
NARRATIVE_SECTION_END,133833,6/26/2026 12:54:35 PM,656b7e14-f368-4196-b68a-fdb1e1554fc8,2.0,,,,,,,,,,,,,,,,,,Standby for mortar support,16,
NARRATIVE_SECTION_START,133872,6/26/2026 12:54:36 PM,656b7e14-f368-4196-b68a-fdb1e1554fc8,2.0,,,,,,,,,,,,,,,,,,Mortar rounds outbound,17,
PATIENT_ENGAGED,133918,6/26/2026 12:54:36 PM,656b7e14-f368-4196-b68a-fdb1e1554fc8,2.0,,,,0,,,,,,,,,,,,,,,,fast,100,Infinity,normal,Military PT 5,upset,supine,"(-9.4, -0.1, 1.7)",faint,"(0.0, -1.0, 0.0, 0.0)",normal,IMMEDIATE,still,,,,,,,,,,,,,,,,,0,
PLAYER_POSITIONS,134277,6/26/2026 12:54:36 PM,656b7e14-f368-4196-b68a-fdb1e1554fc8,2.0,,,,,,,,,,,,,,,,,,,,,,,,,,,,,,,,,,,"(-11.0, 1.1, 2.5)","(-11.1, 1.6, 2.3)","(-10.9, 1.0, 2.3)",
PLAYER_POSITIONS,134277,6/26/2026 12:54:36 PM,656b7e14-f368-4196-b68a-fdb1e1554fc8,2.0,,,,,,,,,,,,,,,,,,,,,,,,,,,,,,,,,,,"(-11.0, 1.1, 2.5)","(-11.1, 1.6, 2.3)","(-10.9, 1.0, 2.3)",
PATIENT_DISENGAGED,134299,6/26/2026 12:54:36 PM,656b7e14-f368-4196-b68a-fdb1e1554fc8,2.0,,,,0.38,,,,,,,,,,,,,,,,fast,100,Infinity,normal,Military PT 5,upset,supine,"(-9.4, -0.1, 1.7)",faint,"(0.0, -1.0, 0.0, 0.0)",normal,IMMEDIATE,still,,,,,,,,,,,,,,,,,0.38,
PATIENT_ENGAGED,134319,6/26/2026 12:54:36 PM,656b7e14-f368-4196-b68a-fdb1e1554fc8,2.0,,,,0,,,,,,,,,,,,,,,,fast,100,Infinity,normal,Military PT 5,upset,supine,"(-9.4, -0.1, 1.7)",faint,"(0.0, -1.0, 0.0, 0.0)",normal,IMMEDIATE,still,,,,,,,,,,,,,,,,,0.38,
PATIENT_DISENGAGED,134341,6/26/2026 12:54:36 PM,656b7e14-f368-4196-b68a-fdb1e1554fc8,2.0,,,,0.02,,,,,,,,,,,,,,,,fast,100,Infinity,normal,Military PT 5,upset,supine,"(-9.4, -0.1, 1.7)",faint,"(0.0, -1.0, 0.0, 0.0)",normal,IMMEDIATE,still,,,,,,,,,,,,,,,,,0.4,
PLAYER_POSITIONS,134789,6/26/2026 12:54:36 PM,656b7e14-f368-4196-b68a-fdb1e1554fc8,2.0,,,,,,,,,,,,,,,,,,,,,,,,,,,,,,,,,,,"(-10.9, 1.1, 2.6)","(-11.1, 1.7, 2.5)","(-10.9, 1.0, 2.4)",
PLAYER_POSITIONS,134789,6/26/2026 12:54:36 PM,656b7e14-f368-4196-b68a-fdb1e1554fc8,2.0,,,,,,,,,,,,,,,,,,,,,,,,,,,,,,,,,,,"(-10.9, 1.1, 2.6)","(-11.1, 1.7, 2.5)","(-10.9, 1.0, 2.4)",
PATIENT_ENGAGED,134852,6/26/2026 12:54:36 PM,656b7e14-f368-4196-b68a-fdb1e1554fc8,2.0,,,,0,,,,,,,,,,,,,,,,restricted,100,Infinity,normal,Military PT 2,agony,supine,"(-12.0, -0.1, 1.1)",faint,"(0.0, 0.4, 0.0, 0.9)",normal,EXPECTANT,still,,,,,,,,,,,,,,,,,0,
PATIENT_DISENGAGED,135171,6/26/2026 12:54:37 PM,656b7e14-f368-4196-b68a-fdb1e1554fc8,2.0,,,,0.3,,,,,,,,,,,,,,,,restricted,100,Infinity,normal,Military PT 2,agony,supine,"(-12.0, -0.1, 1.1)",faint,"(0.0, 0.4, 0.0, 0.9)",normal,EXPECTANT,still,,,,,,,,,,,,,,,,,0.3,
PLAYER_POSITIONS,135308,6/26/2026 12:54:37 PM,656b7e14-f368-4196-b68a-fdb1e1554fc8,2.0,,,,,,,,,,,,,,,,,,,,,,,,,,,,,,,,,,,"(-10.6, 1.1, 2.6)","(-10.8, 1.7, 2.6)","(-10.7, 1.0, 2.4)",
PLAYER_POSITIONS,135308,6/26/2026 12:54:37 PM,656b7e14-f368-4196-b68a-fdb1e1554fc8,2.0,,,,,,,,,,,,,,,,,,,,,,,,,,,,,,,,,,,"(-10.6, 1.1, 2.6)","(-10.8, 1.7, 2.6)","(-10.7, 1.0, 2.4)",
PLAYER_POSITIONS,135819,6/26/2026 12:54:37 PM,656b7e14-f368-4196-b68a-fdb1e1554fc8,2.0,,,,,,,,,,,,,,,,,,,,,,,,,,,,,,,,,,,"(-10.6, 1.1, 2.8)","(-10.7, 1.7, 2.7)","(-10.5, 1.1, 2.5)",
PLAYER_POSITIONS,135819,6/26/2026 12:54:37 PM,656b7e14-f368-4196-b68a-fdb1e1554fc8,2.0,,,,,,,,,,,,,,,,,,,,,,,,,,,,,,,,,,,"(-10.6, 1.1, 2.8)","(-10.7, 1.7, 2.7)","(-10.5, 1.1, 2.5)",
PLAYER_POSITIONS,136330,6/26/2026 12:54:38 PM,656b7e14-f368-4196-b68a-fdb1e1554fc8,2.0,,,,,,,,,,,,,,,,,,,,,,,,,,,,,,,,,,,"(-10.5, 1.1, 2.8)","(-10.7, 1.7, 2.8)","(-10.5, 1.0, 2.6)",
PLAYER_POSITIONS,136330,6/26/2026 12:54:38 PM,656b7e14-f368-4196-b68a-fdb1e1554fc8,2.0,,,,,,,,,,,,,,,,,,,,,,,,,,,,,,,,,,,"(-10.5, 1.1, 2.8)","(-10.7, 1.7, 2.8)","(-10.5, 1.0, 2.6)",
TELEPORT,136619,6/26/2026 12:54:38 PM,656b7e14-f368-4196-b68a-fdb1e1554fc8,2.0,,,,,,,,,,,,,,,,,,,,,,,,,,,,,,,,,,,,"(-10.7, 1.7, 2.8)",,,,,,,"(-8.2, 1.7, 2.1)",
PATIENT_ENGAGED,136682,6/26/2026 12:54:38 PM,656b7e14-f368-4196-b68a-fdb1e1554fc8,2.0,,,,0,,,,,,,,,,,,,,,,collapsedRight,100,Infinity,normal,Military PT 1,unresponsive,supine,"(-6.8, -0.1, 2.1)",faint,"(0.0, 0.3, 0.0, 1.0)",normal,IMMEDIATE,still,,,,,,,,,,,,,,,,,0,
PLAYER_POSITIONS,136850,6/26/2026 12:54:38 PM,656b7e14-f368-4196-b68a-fdb1e1554fc8,2.0,,,,,,,,,,,,,,,,,,,,,,,,,,,,,,,,,,,"(-8.0, 1.1, 2.3)","(-8.1, 1.6, 2.2)","(-8.0, 1.0, 2.0)",
PLAYER_POSITIONS,136850,6/26/2026 12:54:38 PM,656b7e14-f368-4196-b68a-fdb1e1554fc8,2.0,,,,,,,,,,,,,,,,,,,,,,,,,,,,,,,,,,,"(-8.0, 1.1, 2.3)","(-8.1, 1.6, 2.2)","(-8.0, 1.0, 2.0)",
PLAYER_POSITIONS,137369,6/26/2026 12:54:39 PM,656b7e14-f368-4196-b68a-fdb1e1554fc8,2.0,,,,,,,,,,,,,,,,,,,,,,,,,,,,,,,,,,,"(-7.8, 1.0, 2.6)","(-7.9, 1.6, 2.4)","(-7.8, 1.0, 2.3)",
PLAYER_POSITIONS,137369,6/26/2026 12:54:39 PM,656b7e14-f368-4196-b68a-fdb1e1554fc8,2.0,,,,,,,,,,,,,,,,,,,,,,,,,,,,,,,,,,,"(-7.8, 1.0, 2.6)","(-7.9, 1.6, 2.4)","(-7.8, 1.0, 2.3)",
PATIENT_DISENGAGED,137767,6/26/2026 12:54:39 PM,656b7e14-f368-4196-b68a-fdb1e1554fc8,2.0,,,,1.09,,,,,,,,,,,,,,,,collapsedRight,100,Infinity,normal,Military PT 1,unresponsive,supine,"(-6.8, -0.1, 2.1)",faint,"(0.0, 0.3, 0.0, 1.0)",normal,IMMEDIATE,still,,,,,,,,,,,,,,,,,1.09,
PATIENT_ENGAGED,137788,6/26/2026 12:54:39 PM,656b7e14-f368-4196-b68a-fdb1e1554fc8,2.0,,,,0,,,,,,,,,,,,,,,,collapsedRight,100,Infinity,normal,Military PT 1,unresponsive,supine,"(-6.8, -0.1, 2.1)",faint,"(0.0, 0.3, 0.0, 1.0)",normal,IMMEDIATE,still,,,,,,,,,,,,,,,,,1.09,
AUDIO_START,137875,6/26/2026 12:54:40 PM,656b7e14-f368-4196-b68a-fdb1e1554fc8,2.0,mortar rounds outbound 10 seconds,4.571429,
PLAYER_POSITIONS,137891,6/26/2026 12:54:40 PM,656b7e14-f368-4196-b68a-fdb1e1554fc8,2.0,,,,,,,,,,,,,,,,,,,,,,,,,,,,,,,,,,,"(-5.8, 1.1, 2.4)","(-5.9, 1.6, 2.3)","(-5.9, 0.9, 2.2)",
PLAYER_POSITIONS,137891,6/26/2026 12:54:40 PM,656b7e14-f368-4196-b68a-fdb1e1554fc8,2.0,,,,,,,,,,,,,,,,,,,,,,,,,,,,,,,,,,,"(-5.8, 1.1, 2.4)","(-5.9, 1.6, 2.3)","(-5.9, 0.9, 2.2)",
TELEPORT,137979,6/26/2026 12:54:40 PM,656b7e14-f368-4196-b68a-fdb1e1554fc8,2.0,,,,,,,,,,,,,,,,,,,,,,,,,,,,,,,,,,,,"(-7.8, 1.6, 2.5)",,,,,,,"(-5.9, 1.6, 2.2)",
PLAYER_POSITIONS,138402,6/26/2026 12:54:40 PM,656b7e14-f368-4196-b68a-fdb1e1554fc8,2.0,,,,,,,,,,,,,,,,,,,,,,,,,,,,,,,,,,,"(-5.7, 1.0, 2.3)","(-5.9, 1.6, 2.2)","(-5.9, 0.9, 2.2)",
PLAYER_POSITIONS,138402,6/26/2026 12:54:40 PM,656b7e14-f368-4196-b68a-fdb1e1554fc8,2.0,,,,,,,,,,,,,,,,,,,,,,,,,,,,,,,,,,,"(-5.7, 1.0, 2.3)","(-5.9, 1.6, 2.2)","(-5.9, 0.9, 2.2)",
PLAYER_POSITIONS,138924,6/26/2026 12:54:41 PM,656b7e14-f368-4196-b68a-fdb1e1554fc8,2.0,,,,,,,,,,,,,,,,,,,,,,,,,,,,,,,,,,,"(-5.5, 1.0, 2.1)","(-5.6, 1.6, 2.2)","(-5.8, 0.9, 2.2)",
PLAYER_POSITIONS,138924,6/26/2026 12:54:41 PM,656b7e14-f368-4196-b68a-fdb1e1554fc8,2.0,,,,,,,,,,,,,,,,,,,,,,,,,,,,,,,,,,,"(-5.5, 1.0, 2.1)","(-5.6, 1.6, 2.2)","(-5.8, 0.9, 2.2)",
PLAYER_POSITIONS,139435,6/26/2026 12:54:41 PM,656b7e14-f368-4196-b68a-fdb1e1554fc8,2.0,,,,,,,,,,,,,,,,,,,,,,,,,,,,,,,,,,,"(-5.7, 1.0, 2.1)","(-5.7, 1.6, 2.3)","(-5.8, 0.9, 2.4)",
PLAYER_POSITIONS,139435,6/26/2026 12:54:41 PM,656b7e14-f368-4196-b68a-fdb1e1554fc8,2.0,,,,,,,,,,,,,,,,,,,,,,,,,,,,,,,,,,,"(-5.7, 1.0, 2.1)","(-5.7, 1.6, 2.3)","(-5.8, 0.9, 2.4)",
PLAYER_POSITIONS,139947,6/26/2026 12:54:42 PM,656b7e14-f368-4196-b68a-fdb1e1554fc8,2.0,,,,,,,,,,,,,,,,,,,,,,,,,,,,,,,,,,,"(-5.7, 1.0, 2.1)","(-5.7, 1.6, 2.2)","(-5.9, 0.9, 2.3)",
PLAYER_POSITIONS,139947,6/26/2026 12:54:42 PM,656b7e14-f368-4196-b68a-fdb1e1554fc8,2.0,,,,,,,,,,,,,,,,,,,,,,,,,,,,,,,,,,,"(-5.7, 1.0, 2.1)","(-5.7, 1.6, 2.2)","(-5.9, 0.9, 2.3)",
PLAYER_POSITIONS,140479,6/26/2026 12:54:42 PM,656b7e14-f368-4196-b68a-fdb1e1554fc8,2.0,,,,,,,,,,,,,,,,,,,,,,,,,,,,,,,,,,,"(-5.7, 1.0, 2.1)","(-5.7, 1.7, 2.2)","(-6.0, 1.0, 2.3)",
PLAYER_GAZE,140479,6/26/2026 12:54:42 PM,656b7e14-f368-4196-b68a-fdb1e1554fc8,2.0,,,,,,,,,,,,,,,,,,,,,,,,Military PT 1,,,,,,,,,"(1.1, 1.7, 0.2)",,,"(-6.8, 0.0, 2.1)",
PLAYER_POSITIONS,140479,6/26/2026 12:54:42 PM,656b7e14-f368-4196-b68a-fdb1e1554fc8,2.0,,,,,,,,,,,,,,,,,,,,,,,,,,,,,,,,,,,"(-5.7, 1.0, 2.1)","(-5.7, 1.7, 2.2)","(-6.0, 1.0, 2.3)",
PLAYER_GAZE,140479,6/26/2026 12:54:42 PM,656b7e14-f368-4196-b68a-fdb1e1554fc8,2.0,,,,,,,,,,,,,,,,,,,,,,,,Military PT 1,,,,,,,,,"(1.1, 1.7, 0.2)",,,"(-6.8, 0.0, 2.1)",
PLAYER_POSITIONS,140999,6/26/2026 12:54:43 PM,656b7e14-f368-4196-b68a-fdb1e1554fc8,2.0,,,,,,,,,,,,,,,,,,,,,,,,,,,,,,,,,,,"(-5.8, 1.1, 2.1)","(-5.7, 1.7, 2.3)","(-6.0, 1.0, 2.4)",
PLAYER_GAZE,140999,6/26/2026 12:54:43 PM,656b7e14-f368-4196-b68a-fdb1e1554fc8,2.0,,,,,,,,,,,,,,,,,,,,,,,,Military PT 1,,,,,,,,,"(1.1, 1.7, 0.2)",,,"(-6.8, 0.0, 2.1)",
PLAYER_POSITIONS,140999,6/26/2026 12:54:43 PM,656b7e14-f368-4196-b68a-fdb1e1554fc8,2.0,,,,,,,,,,,,,,,,,,,,,,,,,,,,,,,,,,,"(-5.8, 1.1, 2.1)","(-5.7, 1.7, 2.3)","(-6.0, 1.0, 2.4)",
PLAYER_GAZE,140999,6/26/2026 12:54:43 PM,656b7e14-f368-4196-b68a-fdb1e1554fc8,2.0,,,,,,,,,,,,,,,,,,,,,,,,Military PT 1,,,,,,,,,"(1.1, 1.7, 0.2)",,,"(-6.8, 0.0, 2.1)",
PATIENT_DISENGAGED,141154,6/26/2026 12:54:43 PM,656b7e14-f368-4196-b68a-fdb1e1554fc8,2.0,,,,3.36,,,,,,,,,,,,,,,,collapsedRight,100,Infinity,normal,Military PT 1,unresponsive,supine,"(-6.8, -0.1, 2.1)",faint,"(0.0, 0.3, 0.0, 1.0)",normal,IMMEDIATE,still,,,,,,,,,,,,,,,,,4.46,
TELEPORT,141344,6/26/2026 12:54:43 PM,656b7e14-f368-4196-b68a-fdb1e1554fc8,2.0,,,,,,,,,,,,,,,,,,,,,,,,,,,,,,,,,,,,"(-5.7, 1.7, 2.3)",,,,,,,"(-8.3, 1.7, 2.1)",
PATIENT_ENGAGED,141495,6/26/2026 12:54:43 PM,656b7e14-f368-4196-b68a-fdb1e1554fc8,2.0,,,,0,,,,,,,,,,,,,,,,fast,100,Infinity,normal,Military PT 5,upset,supine,"(-9.4, -0.1, 1.7)",faint,"(0.0, -1.0, 0.0, 0.0)",normal,IMMEDIATE,still,,,,,,,,,,,,,,,,,0.4,
PLAYER_POSITIONS,141521,6/26/2026 12:54:43 PM,656b7e14-f368-4196-b68a-fdb1e1554fc8,2.0,,,,,,,,,,,,,,,,,,,,,,,,,,,,,,,,,,,"(-8.4, 1.1, 2.0)","(-8.4, 1.7, 2.1)","(-8.6, 1.0, 2.2)",
PLAYER_POSITIONS,141521,6/26/2026 12:54:43 PM,656b7e14-f368-4196-b68a-fdb1e1554fc8,2.0,,,,,,,,,,,,,,,,,,,,,,,,,,,,,,,,,,,"(-8.4, 1.1, 2.0)","(-8.4, 1.7, 2.1)","(-8.6, 1.0, 2.2)",
PLAYER_POSITIONS,142034,6/26/2026 12:54:44 PM,656b7e14-f368-4196-b68a-fdb1e1554fc8,2.0,,,,,,,,,,,,,,,,,,,,,,,,,,,,,,,,,,,"(-8.6, 1.0, 2.0)","(-8.6, 1.6, 2.2)","(-8.7, 1.0, 2.3)",
PLAYER_POSITIONS,142034,6/26/2026 12:54:44 PM,656b7e14-f368-4196-b68a-fdb1e1554fc8,2.0,,,,,,,,,,,,,,,,,,,,,,,,,,,,,,,,,,,"(-8.6, 1.0, 2.0)","(-8.6, 1.6, 2.2)","(-8.7, 1.0, 2.3)",
AUDIO_END,142445,6/26/2026 12:54:44 PM,656b7e14-f368-4196-b68a-fdb1e1554fc8,2.0,mortar rounds outbound 10 seconds,4.571429,
NARRATIVE_SECTION_END,142445,6/26/2026 12:54:44 PM,656b7e14-f368-4196-b68a-fdb1e1554fc8,2.0,,,,,,,,,,,,,,,,,,Mortar rounds outbound,17,
NARRATIVE_SECTION_START,142487,6/26/2026 12:54:44 PM,656b7e14-f368-4196-b68a-fdb1e1554fc8,2.0,,,,,,,,,,,,,,,,,,Mortar hits,18,
PLAYER_POSITIONS,142557,6/26/2026 12:54:44 PM,656b7e14-f368-4196-b68a-fdb1e1554fc8,2.0,,,,,,,,,,,,,,,,,,,,,,,,,,,,,,,,,,,"(-8.8, 1.0, 2.1)","(-8.8, 1.6, 2.3)","(-9.1, 1.0, 2.5)",
PLAYER_POSITIONS,142557,6/26/2026 12:54:44 PM,656b7e14-f368-4196-b68a-fdb1e1554fc8,2.0,,,,,,,,,,,,,,,,,,,,,,,,,,,,,,,,,,,"(-8.8, 1.0, 2.1)","(-8.8, 1.6, 2.3)","(-9.1, 1.0, 2.5)",
PLAYER_POSITIONS,143068,6/26/2026 12:54:45 PM,656b7e14-f368-4196-b68a-fdb1e1554fc8,2.0,,,,,,,,,,,,,,,,,,,,,,,,,,,,,,,,,,,"(-9.0, 1.0, 2.3)","(-9.1, 1.6, 2.5)","(-9.3, 0.9, 2.7)",
PLAYER_POSITIONS,143068,6/26/2026 12:54:45 PM,656b7e14-f368-4196-b68a-fdb1e1554fc8,2.0,,,,,,,,,,,,,,,,,,,,,,,,,,,,,,,,,,,"(-9.0, 1.0, 2.3)","(-9.1, 1.6, 2.5)","(-9.3, 0.9, 2.7)",
PLAYER_POSITIONS,143567,6/26/2026 12:54:45 PM,656b7e14-f368-4196-b68a-fdb1e1554fc8,2.0,,,,,,,,,,,,,,,,,,,,,,,,,,,,,,,,,,,"(-9.3, 1.0, 2.4)","(-9.3, 1.6, 2.6)","(-9.5, 0.8, 2.9)",
PLAYER_POSITIONS,143567,6/26/2026 12:54:45 PM,656b7e14-f368-4196-b68a-fdb1e1554fc8,2.0,,,,,,,,,,,,,,,,,,,,,,,,,,,,,,,,,,,"(-9.3, 1.0, 2.4)","(-9.3, 1.6, 2.6)","(-9.5, 0.8, 2.9)",
PLAYER_POSITIONS,144069,6/26/2026 12:54:46 PM,656b7e14-f368-4196-b68a-fdb1e1554fc8,2.0,,,,,,,,,,,,,,,,,,,,,,,,,,,,,,,,,,,"(-9.3, 1.0, 2.4)","(-9.3, 1.6, 2.7)","(-9.5, 0.9, 2.8)",
PLAYER_POSITIONS,144069,6/26/2026 12:54:46 PM,656b7e14-f368-4196-b68a-fdb1e1554fc8,2.0,,,,,,,,,,,,,,,,,,,,,,,,,,,,,,,,,,,"(-9.3, 1.0, 2.4)","(-9.3, 1.6, 2.7)","(-9.5, 0.9, 2.8)",
TOOL_HOVER,144599,6/26/2026 12:54:46 PM,656b7e14-f368-4196-b68a-fdb1e1554fc8,2.0,,,,,,,,,,,,,,,,,,,,,,,,,,,,,,,,,,,,,,,,,,,,,,999,,Chest Seal,
PLAYER_POSITIONS,144601,6/26/2026 12:54:46 PM,656b7e14-f368-4196-b68a-fdb1e1554fc8,2.0,,,,,,,,,,,,,,,,,,,,,,,,,,,,,,,,,,,"(-9.3, 1.0, 2.4)","(-9.4, 1.5, 2.7)","(-9.8, 0.9, 2.7)",
PLAYER_POSITIONS,144601,6/26/2026 12:54:46 PM,656b7e14-f368-4196-b68a-fdb1e1554fc8,2.0,,,,,,,,,,,,,,,,,,,,,,,,,,,,,,,,,,,"(-9.3, 1.0, 2.4)","(-9.4, 1.5, 2.7)","(-9.8, 0.9, 2.7)",
TOOL_SELECTED,144899,6/26/2026 12:54:47 PM,656b7e14-f368-4196-b68a-fdb1e1554fc8,2.0,,,,,,,,,,,,,,,,,,,,,,,,,,,,,,,,,,,,,,,,,,,,,,998,,Chest Seal,
BAG_CLOSED,145122,6/26/2026 12:54:47 PM,656b7e14-f368-4196-b68a-fdb1e1554fc8,2.0,,,,,,,,,,,,,,,,,,,,,,,,,,,,,,,,,,,,"(0.0, 0.0, 0.0)",
PLAYER_POSITIONS,145124,6/26/2026 12:54:47 PM,656b7e14-f368-4196-b68a-fdb1e1554fc8,2.0,,,,,,,,,,,,,,,,,,,,,,,,,,,,,,,,,,,"(-9.2, 0.9, 2.4)","(-9.5, 1.4, 2.6)","(-9.8, 0.8, 2.6)",
PLAYER_POSITIONS,145124,6/26/2026 12:54:47 PM,656b7e14-f368-4196-b68a-fdb1e1554fc8,2.0,,,,,,,,,,,,,,,,,,,,,,,,,,,,,,,,,,,"(-9.2, 0.9, 2.4)","(-9.5, 1.4, 2.6)","(-9.8, 0.8, 2.6)",
PLAYER_POSITIONS,145645,6/26/2026 12:54:47 PM,656b7e14-f368-4196-b68a-fdb1e1554fc8,2.0,,,,,,,,,,,,,,,,,,,,,,,,,,,,,,,,,,,"(-9.5, 0.6, 2.2)","(-9.7, 0.9, 2.3)","(-9.8, 0.4, 2.3)",
PLAYER_POSITIONS,145645,6/26/2026 12:54:47 PM,656b7e14-f368-4196-b68a-fdb1e1554fc8,2.0,,,,,,,,,,,,,,,,,,,,,,,,,,,,,,,,,,,"(-9.5, 0.6, 2.2)","(-9.7, 0.9, 2.3)","(-9.8, 0.4, 2.3)",
PLAYER_POSITIONS,146152,6/26/2026 12:54:48 PM,656b7e14-f368-4196-b68a-fdb1e1554fc8,2.0,,,,,,,,,,,,,,,,,,,,,,,,,,,,,,,,,,,"(-9.6, 0.5, 2.2)","(-9.7, 0.8, 2.2)","(-9.9, 0.1, 2.2)",
PLAYER_POSITIONS,146152,6/26/2026 12:54:48 PM,656b7e14-f368-4196-b68a-fdb1e1554fc8,2.0,,,,,,,,,,,,,,,,,,,,,,,,,,,,,,,,,,,"(-9.6, 0.5, 2.2)","(-9.7, 0.8, 2.2)","(-9.9, 0.1, 2.2)",
INJURY_TREATED,146354,6/26/2026 12:54:48 PM,656b7e14-f368-4196-b68a-fdb1e1554fc8,2.0,,,,,,,,,chest,R Chest Puncture,"(-9.9, 0.1, 2.1)",chestSeal,1,1,high,True,True,,,,,,,Military PT 5,
TOOL_APPLIED,146354,6/26/2026 12:54:48 PM,656b7e14-f368-4196-b68a-fdb1e1554fc8,2.0,,,,,,,,,,,,,,,,,,,,,,,,Military PT 5,,,,,,,,,,,,,,,,,,,,AppliedChestSeal,skinCollider_BodyCollideLOD (UnityEngine.GameObject),,Chest Seal(Clone) (UnityEngine.GameObject),Chest Seal,
PLAYER_POSITIONS,146674,6/26/2026 12:54:48 PM,656b7e14-f368-4196-b68a-fdb1e1554fc8,2.0,,,,,,,,,,,,,,,,,,,,,,,,,,,,,,,,,,,"(-9.6, 0.5, 2.2)","(-9.7, 0.8, 2.2)","(-9.9, 0.1, 2.2)",
PLAYER_POSITIONS,146674,6/26/2026 12:54:48 PM,656b7e14-f368-4196-b68a-fdb1e1554fc8,2.0,,,,,,,,,,,,,,,,,,,,,,,,,,,,,,,,,,,"(-9.6, 0.5, 2.2)","(-9.7, 0.8, 2.2)","(-9.9, 0.1, 2.2)",
PLAYER_POSITIONS,147195,6/26/2026 12:54:49 PM,656b7e14-f368-4196-b68a-fdb1e1554fc8,2.0,,,,,,,,,,,,,,,,,,,,,,,,,,,,,,,,,,,"(-9.7, 0.5, 2.1)","(-9.6, 0.8, 2.2)","(-9.8, 0.5, 2.4)",
PLAYER_POSITIONS,147195,6/26/2026 12:54:49 PM,656b7e14-f368-4196-b68a-fdb1e1554fc8,2.0,,,,,,,,,,,,,,,,,,,,,,,,,,,,,,,,,,,"(-9.7, 0.5, 2.1)","(-9.6, 0.8, 2.2)","(-9.8, 0.5, 2.4)",
PLAYER_POSITIONS,147707,6/26/2026 12:54:49 PM,656b7e14-f368-4196-b68a-fdb1e1554fc8,2.0,,,,,,,,,,,,,,,,,,,,,,,,,,,,,,,,,,,"(-9.7, 0.6, 2.0)","(-9.6, 0.8, 2.3)","(-9.9, 0.6, 2.4)",
PLAYER_POSITIONS,147707,6/26/2026 12:54:49 PM,656b7e14-f368-4196-b68a-fdb1e1554fc8,2.0,,,,,,,,,,,,,,,,,,,,,,,,,,,,,,,,,,,"(-9.7, 0.6, 2.0)","(-9.6, 0.8, 2.3)","(-9.9, 0.6, 2.4)",
PLAYER_POSITIONS,148219,6/26/2026 12:54:50 PM,656b7e14-f368-4196-b68a-fdb1e1554fc8,2.0,,,,,,,,,,,,,,,,,,,,,,,,,,,,,,,,,,,"(-9.7, 0.5, 2.2)","(-9.6, 0.7, 2.2)","(-9.4, 0.1, 2.3)",
PLAYER_POSITIONS,148219,6/26/2026 12:54:50 PM,656b7e14-f368-4196-b68a-fdb1e1554fc8,2.0,,,,,,,,,,,,,,,,,,,,,,,,,,,,,,,,,,,"(-9.7, 0.5, 2.2)","(-9.6, 0.7, 2.2)","(-9.4, 0.1, 2.3)",
PULSE_TAKEN,148573,6/26/2026 12:54:50 PM,656b7e14-f368-4196-b68a-fdb1e1554fc8,2.0,,,,,,,,,,,,,,,,,,,,,,,,Military PT 5,,,,pulse_faint,
PLAYER_POSITIONS,148721,6/26/2026 12:54:50 PM,656b7e14-f368-4196-b68a-fdb1e1554fc8,2.0,,,,,,,,,,,,,,,,,,,,,,,,,,,,,,,,,,,"(-9.7, 0.5, 2.2)","(-9.6, 0.7, 2.2)","(-9.3, 0.0, 2.4)",
PLAYER_POSITIONS,148721,6/26/2026 12:54:50 PM,656b7e14-f368-4196-b68a-fdb1e1554fc8,2.0,,,,,,,,,,,,,,,,,,,,,,,,,,,,,,,,,,,"(-9.7, 0.5, 2.2)","(-9.6, 0.7, 2.2)","(-9.3, 0.0, 2.4)",
PLAYER_POSITIONS,149235,6/26/2026 12:54:51 PM,656b7e14-f368-4196-b68a-fdb1e1554fc8,2.0,,,,,,,,,,,,,,,,,,,,,,,,,,,,,,,,,,,"(-9.7, 0.5, 2.1)","(-9.7, 0.7, 2.2)","(-9.3, 0.0, 2.4)",
PLAYER_POSITIONS,149235,6/26/2026 12:54:51 PM,656b7e14-f368-4196-b68a-fdb1e1554fc8,2.0,,,,,,,,,,,,,,,,,,,,,,,,,,,,,,,,,,,"(-9.7, 0.5, 2.1)","(-9.7, 0.7, 2.2)","(-9.3, 0.0, 2.4)",
VOICE_CAPTURE,149659,6/26/2026 12:54:51 PM,656b7e14-f368-4196-b68a-fdb1e1554fc8,2.0,,,,,,,,,,,,,,,,,,,,,,,,,,,,,,,,,,,,,,,,,,,,,,,,,,,NA,u tell me your name?,
PLAYER_POSITIONS,149759,6/26/2026 12:54:51 PM,656b7e14-f368-4196-b68a-fdb1e1554fc8,2.0,,,,,,,,,,,,,,,,,,,,,,,,,,,,,,,,,,,"(-9.7, 0.5, 2.2)","(-9.6, 0.7, 2.2)","(-9.3, 0.0, 2.4)",
PLAYER_POSITIONS,149759,6/26/2026 12:54:51 PM,656b7e14-f368-4196-b68a-fdb1e1554fc8,2.0,,,,,,,,,,,,,,,,,,,,,,,,,,,,,,,,,,,"(-9.7, 0.5, 2.2)","(-9.6, 0.7, 2.2)","(-9.3, 0.0, 2.4)",
VOICE_CAPTURE,150126,6/26/2026 12:54:52 PM,656b7e14-f368-4196-b68a-fdb1e1554fc8,2.0,,,,,,,,,,,,,,,,,,,,,,,,,,,,,,,,,,,,,,,,,,,,,,,,,,,NA,u tell me your name?,
VOICE_CAPTURE,150126,6/26/2026 12:54:52 PM,656b7e14-f368-4196-b68a-fdb1e1554fc8,2.0,,,,,,,,,,,,,,,,,,,,,,,,,,,,,,,,,,,,,,,,,,,,,,,,,,,NA,u tell me your name?,
VOICE_COMMAND,150126,6/26/2026 12:54:52 PM,656b7e14-f368-4196-b68a-fdb1e1554fc8,2.0,,,,,,,,,,,,,,,,,,,,,,,,,,,,,,,,,,,,,,,,,,,,,,,,,,,u tell me your name?,what is your name,
PLAYER_POSITIONS,150280,6/26/2026 12:54:52 PM,656b7e14-f368-4196-b68a-fdb1e1554fc8,2.0,,,,,,,,,,,,,,,,,,,,,,,,,,,,,,,,,,,"(-9.7, 0.5, 2.2)","(-9.6, 0.7, 2.2)","(-9.3, 0.0, 2.4)",
PLAYER_POSITIONS,150280,6/26/2026 12:54:52 PM,656b7e14-f368-4196-b68a-fdb1e1554fc8,2.0,,,,,,,,,,,,,,,,,,,,,,,,,,,,,,,,,,,"(-9.7, 0.5, 2.2)","(-9.6, 0.7, 2.2)","(-9.3, 0.0, 2.4)",
VOICE_CAPTURE,150658,6/26/2026 12:54:52 PM,656b7e14-f368-4196-b68a-fdb1e1554fc8,2.0,,,,,,,,,,,,,,,,,,,,,,,,,,,,,,,,,,,,,,,,,,,,,,,,,,,NA,Can you tell me your name?,
PLAYER_POSITIONS,150814,6/26/2026 12:54:52 PM,656b7e14-f368-4196-b68a-fdb1e1554fc8,2.0,,,,,,,,,,,,,,,,,,,,,,,,,,,,,,,,,,,"(-9.7, 0.5, 2.2)","(-9.6, 0.7, 2.2)","(-9.4, 0.0, 2.4)",
PLAYER_POSITIONS,150814,6/26/2026 12:54:52 PM,656b7e14-f368-4196-b68a-fdb1e1554fc8,2.0,,,,,,,,,,,,,,,,,,,,,,,,,,,,,,,,,,,"(-9.7, 0.5, 2.2)","(-9.6, 0.7, 2.2)","(-9.4, 0.0, 2.4)",
VOICE_CAPTURE,151141,6/26/2026 12:54:53 PM,656b7e14-f368-4196-b68a-fdb1e1554fc8,2.0,,,,,,,,,,,,,,,,,,,,,,,,,,,,,,,,,,,,,,,,,,,,,,,,,,,NA,Can you tell me your name?,
VOICE_CAPTURE,151141,6/26/2026 12:54:53 PM,656b7e14-f368-4196-b68a-fdb1e1554fc8,2.0,,,,,,,,,,,,,,,,,,,,,,,,,,,,,,,,,,,,,,,,,,,,,,,,,,,NA,Can you tell me your name?,
VOICE_COMMAND,151141,6/26/2026 12:54:53 PM,656b7e14-f368-4196-b68a-fdb1e1554fc8,2.0,,,,,,,,,,,,,,,,,,,,,,,,,,,,,,,,,,,,,,,,,,,,,,,,,,,Can you tell me your name?,what is your name,
PLAYER_POSITIONS,151319,6/26/2026 12:54:53 PM,656b7e14-f368-4196-b68a-fdb1e1554fc8,2.0,,,,,,,,,,,,,,,,,,,,,,,,,,,,,,,,,,,"(-9.7, 0.5, 2.2)","(-9.6, 0.7, 2.2)","(-9.4, 0.1, 2.4)",
PLAYER_POSITIONS,151319,6/26/2026 12:54:53 PM,656b7e14-f368-4196-b68a-fdb1e1554fc8,2.0,,,,,,,,,,,,,,,,,,,,,,,,,,,,,,,,,,,"(-9.7, 0.5, 2.2)","(-9.6, 0.7, 2.2)","(-9.4, 0.1, 2.4)",
PLAYER_POSITIONS,151821,6/26/2026 12:54:53 PM,656b7e14-f368-4196-b68a-fdb1e1554fc8,2.0,,,,,,,,,,,,,,,,,,,,,,,,,,,,,,,,,,,"(-9.7, 0.5, 2.2)","(-9.6, 0.9, 2.2)","(-9.4, 0.1, 2.3)",
PLAYER_POSITIONS,151821,6/26/2026 12:54:53 PM,656b7e14-f368-4196-b68a-fdb1e1554fc8,2.0,,,,,,,,,,,,,,,,,,,,,,,,,,,,,,,,,,,"(-9.7, 0.5, 2.2)","(-9.6, 0.9, 2.2)","(-9.4, 0.1, 2.3)",
DRAG_STOP,152149,6/26/2026 12:54:54 PM,656b7e14-f368-4196-b68a-fdb1e1554fc8,2.0,,,,,"(-9.1, 0.0, 4.6)","(-10.7, 0.0, 5.9)",,,,,,,,,,,,,,,,,,Military PT 5,
PLAYER_POSITIONS,152325,6/26/2026 12:54:54 PM,656b7e14-f368-4196-b68a-fdb1e1554fc8,2.0,,,,,,,,,,,,,,,,,,,,,,,,,,,,,,,,,,,"(-9.7, 0.5, 2.1)","(-9.6, 1.0, 2.2)","(-10.0, 0.5, 2.3)",
PLAYER_POSITIONS,152325,6/26/2026 12:54:54 PM,656b7e14-f368-4196-b68a-fdb1e1554fc8,2.0,,,,,,,,,,,,,,,,,,,,,,,,,,,,,,,,,,,"(-9.7, 0.5, 2.1)","(-9.6, 1.0, 2.2)","(-10.0, 0.5, 2.3)",
AUDIO_START,152491,6/26/2026 12:54:54 PM,656b7e14-f368-4196-b68a-fdb1e1554fc8,2.0,mortar hits 1,19.77469,
PLAYER_POSITIONS,152853,6/26/2026 12:54:54 PM,656b7e14-f368-4196-b68a-fdb1e1554fc8,2.0,,,,,,,,,,,,,,,,,,,,,,,,,,,,,,,,,,,"(-9.7, 0.4, 2.3)","(-9.6, 1.0, 2.3)","(-10.0, 0.5, 2.4)",
PLAYER_POSITIONS,152853,6/26/2026 12:54:54 PM,656b7e14-f368-4196-b68a-fdb1e1554fc8,2.0,,,,,,,,,,,,,,,,,,,,,,,,,,,,,,,,,,,"(-9.7, 0.4, 2.3)","(-9.6, 1.0, 2.3)","(-10.0, 0.5, 2.4)",
PLAYER_POSITIONS,153374,6/26/2026 12:54:55 PM,656b7e14-f368-4196-b68a-fdb1e1554fc8,2.0,,,,,,,,,,,,,,,,,,,,,,,,,,,,,,,,,,,"(-9.7, 0.4, 2.3)","(-9.6, 1.0, 2.3)","(-10.0, 0.4, 2.4)",
PLAYER_POSITIONS,153374,6/26/2026 12:54:55 PM,656b7e14-f368-4196-b68a-fdb1e1554fc8,2.0,,,,,,,,,,,,,,,,,,,,,,,,,,,,,,,,,,,"(-9.7, 0.4, 2.3)","(-9.6, 1.0, 2.3)","(-10.0, 0.4, 2.4)",
PLAYER_POSITIONS,153885,6/26/2026 12:54:56 PM,656b7e14-f368-4196-b68a-fdb1e1554fc8,2.0,,,,,,,,,,,,,,,,,,,,,,,,,,,,,,,,,,,"(-9.7, 0.4, 2.3)","(-9.6, 1.0, 2.3)","(-10.0, 0.4, 2.4)",
PLAYER_POSITIONS,153885,6/26/2026 12:54:56 PM,656b7e14-f368-4196-b68a-fdb1e1554fc8,2.0,,,,,,,,,,,,,,,,,,,,,,,,,,,,,,,,,,,"(-9.7, 0.4, 2.3)","(-9.6, 1.0, 2.3)","(-10.0, 0.4, 2.4)",
PLAYER_POSITIONS,154394,6/26/2026 12:54:56 PM,656b7e14-f368-4196-b68a-fdb1e1554fc8,2.0,,,,,,,,,,,,,,,,,,,,,,,,,,,,,,,,,,,"(-9.7, 0.4, 2.3)","(-9.6, 0.9, 2.3)","(-10.0, 0.5, 2.4)",
PLAYER_POSITIONS,154394,6/26/2026 12:54:56 PM,656b7e14-f368-4196-b68a-fdb1e1554fc8,2.0,,,,,,,,,,,,,,,,,,,,,,,,,,,,,,,,,,,"(-9.7, 0.4, 2.3)","(-9.6, 0.9, 2.3)","(-10.0, 0.5, 2.4)",
PATIENT_DISENGAGED,154903,6/26/2026 12:54:57 PM,656b7e14-f368-4196-b68a-fdb1e1554fc8,2.0,,,,13.41,,,,,,,,,,,,,,,,fast,100,Infinity,normal,Military PT 5,upset,supine,"(-9.4, -0.1, 1.7)",faint,"(0.0, -1.0, 0.0, 0.0)",normal,IMMEDIATE,still,,,,,,,,,,,,,,,,,13.81,
PATIENT_ENGAGED,154903,6/26/2026 12:54:57 PM,656b7e14-f368-4196-b68a-fdb1e1554fc8,2.0,,,,0,,,,,,,,,,,,,,,,normal,100,Infinity,normal,Civilian PT 3,upset,prone,"(-14.3, -0.1, 1.6)",normal,"(0.0, 0.0, 0.0, 1.0)",normal,DELAYED,still,,,,,,,,,,,,,,,,,10.73,
PATIENT_DISENGAGED,154903,6/26/2026 12:54:57 PM,656b7e14-f368-4196-b68a-fdb1e1554fc8,2.0,,,,0,,,,,,,,,,,,,,,,normal,100,Infinity,normal,Civilian PT 3,upset,prone,"(-14.3, -0.1, 1.6)",normal,"(0.0, 0.0, 0.0, 1.0)",normal,DELAYED,still,,,,,,,,,,,,,,,,,10.73,
PLAYER_POSITIONS,154905,6/26/2026 12:54:57 PM,656b7e14-f368-4196-b68a-fdb1e1554fc8,2.0,,,,,,,,,,,,,,,,,,,,,,,,,,,,,,,,,,,"(-13.6, 0.4, 2.3)","(-13.5, 0.9, 2.2)","(-13.8, 0.4, 2.3)",
PLAYER_POSITIONS,154905,6/26/2026 12:54:57 PM,656b7e14-f368-4196-b68a-fdb1e1554fc8,2.0,,,,,,,,,,,,,,,,,,,,,,,,,,,,,,,,,,,"(-13.6, 0.4, 2.3)","(-13.5, 0.9, 2.2)","(-13.8, 0.4, 2.3)",
PATIENT_ENGAGED,154926,6/26/2026 12:54:57 PM,656b7e14-f368-4196-b68a-fdb1e1554fc8,2.0,,,,0,,,,,,,,,,,,,,,,normal,100,Infinity,normal,Civilian PT 3,upset,prone,"(-14.3, -0.1, 1.6)",normal,"(0.0, 0.0, 0.0, 1.0)",normal,DELAYED,still,,,,,,,,,,,,,,,,,10.73,
TELEPORT,155016,6/26/2026 12:54:57 PM,656b7e14-f368-4196-b68a-fdb1e1554fc8,2.0,,,,,,,,,,,,,,,,,,,,,,,,,,,,,,,,,,,,"(-9.6, 0.9, 2.3)",,,,,,,"(-13.5, 0.9, 2.2)",
PLAYER_POSITIONS,155405,6/26/2026 12:54:57 PM,656b7e14-f368-4196-b68a-fdb1e1554fc8,2.0,,,,,,,,,,,,,,,,,,,,,,,,,,,,,,,,,,,"(-13.6, 0.4, 2.2)","(-13.5, 0.9, 2.2)","(-13.8, 0.4, 2.2)",
PLAYER_POSITIONS,155405,6/26/2026 12:54:57 PM,656b7e14-f368-4196-b68a-fdb1e1554fc8,2.0,,,,,,,,,,,,,,,,,,,,,,,,,,,,,,,,,,,"(-13.6, 0.4, 2.2)","(-13.5, 0.9, 2.2)","(-13.8, 0.4, 2.2)",
VOICE_CAPTURE,155629,6/26/2026 12:54:57 PM,656b7e14-f368-4196-b68a-fdb1e1554fc8,2.0,,,,,,,,,,,,,,,,,,,,,,,,,,,,,,,,,,,,,,,,,,,,,,,,,,,NA,*Sigh*,
PLAYER_POSITIONS,155917,6/26/2026 12:54:58 PM,656b7e14-f368-4196-b68a-fdb1e1554fc8,2.0,,,,,,,,,,,,,,,,,,,,,,,,,,,,,,,,,,,"(-13.6, 0.3, 2.2)","(-13.4, 1.0, 2.1)","(-13.6, 0.5, 2.1)",
PLAYER_POSITIONS,155917,6/26/2026 12:54:58 PM,656b7e14-f368-4196-b68a-fdb1e1554fc8,2.0,,,,,,,,,,,,,,,,,,,,,,,,,,,,,,,,,,,"(-13.6, 0.3, 2.2)","(-13.4, 1.0, 2.1)","(-13.6, 0.5, 2.1)",
VOICE_CAPTURE,156184,6/26/2026 12:54:58 PM,656b7e14-f368-4196-b68a-fdb1e1554fc8,2.0,,,,,,,,,,,,,,,,,,,,,,,,,,,,,,,,,,,,,,,,,,,,,,,,,,,NA,*Sigh* *Dun dun dun dun*,
PLAYER_POSITIONS,156427,6/26/2026 12:54:58 PM,656b7e14-f368-4196-b68a-fdb1e1554fc8,2.0,,,,,,,,,,,,,,,,,,,,,,,,,,,,,,,,,,,"(-13.5, 0.3, 2.2)","(-13.3, 1.0, 2.1)","(-13.5, 0.5, 2.0)",
PLAYER_POSITIONS,156427,6/26/2026 12:54:58 PM,656b7e14-f368-4196-b68a-fdb1e1554fc8,2.0,,,,,,,,,,,,,,,,,,,,,,,,,,,,,,,,,,,"(-13.5, 0.3, 2.2)","(-13.3, 1.0, 2.1)","(-13.5, 0.5, 2.0)",
PLAYER_POSITIONS,156939,6/26/2026 12:54:59 PM,656b7e14-f368-4196-b68a-fdb1e1554fc8,2.0,,,,,,,,,,,,,,,,,,,,,,,,,,,,,,,,,,,"(-13.5, 0.3, 2.2)","(-13.3, 1.0, 2.1)","(-13.5, 0.5, 2.0)",
PLAYER_GAZE,156939,6/26/2026 12:54:59 PM,656b7e14-f368-4196-b68a-fdb1e1554fc8,2.0,,,,,,,,,,,,,,,,,,,,,,,,Military PT 9,,,,,,,,,"(-0.6, 1.0, 3.9)",,,"(-12.7, 0.0, -1.8)",
PLAYER_POSITIONS,156939,6/26/2026 12:54:59 PM,656b7e14-f368-4196-b68a-fdb1e1554fc8,2.0,,,,,,,,,,,,,,,,,,,,,,,,,,,,,,,,,,,"(-13.5, 0.3, 2.2)","(-13.3, 1.0, 2.1)","(-13.5, 0.5, 2.0)",
PLAYER_GAZE,156939,6/26/2026 12:54:59 PM,656b7e14-f368-4196-b68a-fdb1e1554fc8,2.0,,,,,,,,,,,,,,,,,,,,,,,,Military PT 9,,,,,,,,,"(-0.6, 1.0, 3.9)",,,"(-12.7, 0.0, -1.8)",
VOICE_CAPTURE,157234,6/26/2026 12:54:59 PM,656b7e14-f368-4196-b68a-fdb1e1554fc8,2.0,,,,,,,,,,,,,,,,,,,,,,,,,,,,,,,,,,,,,,,,,,,,,,,,,,,NA,"Ahh. No, no, no, no.",
PATIENT_DISENGAGED,157367,6/26/2026 12:54:59 PM,656b7e14-f368-4196-b68a-fdb1e1554fc8,2.0,,,,2.44,,,,,,,,,,,,,,,,normal,100,Infinity,normal,Civilian PT 3,upset,prone,"(-14.3, -0.1, 1.6)",normal,"(0.0, 0.0, 0.0, 1.0)",normal,DELAYED,still,,,,,,,,,,,,,,,,,13.18,
PLAYER_POSITIONS,157459,6/26/2026 12:54:59 PM,656b7e14-f368-4196-b68a-fdb1e1554fc8,2.0,,,,,,,,,,,,,,,,,,,,,,,,,,,,,,,,,,,"(-12.5, 0.3, -0.9)","(-12.3, 1.0, -1.1)","(-12.4, 0.5, -1.1)",
PLAYER_POSITIONS,157459,6/26/2026 12:54:59 PM,656b7e14-f368-4196-b68a-fdb1e1554fc8,2.0,,,,,,,,,,,,,,,,,,,,,,,,,,,,,,,,,,,"(-12.5, 0.3, -0.9)","(-12.3, 1.0, -1.1)","(-12.4, 0.5, -1.1)",
TELEPORT,157480,6/26/2026 12:54:59 PM,656b7e14-f368-4196-b68a-fdb1e1554fc8,2.0,,,,,,,,,,,,,,,,,,,,,,,,,,,,,,,,,,,,"(-13.3, 1.0, 2.1)",,,,,,,"(-12.3, 1.0, -1.1)",
PATIENT_ENGAGED,157567,6/26/2026 12:54:59 PM,656b7e14-f368-4196-b68a-fdb1e1554fc8,2.0,,,,0,,,,,,,,,,,,,,,,collapsedBoth,100,Infinity,normal,Military PT 9,unresponsive,supine,"(-12.7, -0.1, -1.8)",faint,"(0.0, -0.7, 0.0, 0.7)",normal,EXPECTANT,still,,,,,,,,,,,,,,,,,0,
VOICE_CAPTURE,157645,6/26/2026 12:54:59 PM,656b7e14-f368-4196-b68a-fdb1e1554fc8,2.0,,,,,,,,,,,,,,,,,,,,,,,,,,,,,,,,,,,,,,,,,,,,,,,,,,,NA,"Ahh. No, no, no, no.",
VOICE_CAPTURE,157645,6/26/2026 12:54:59 PM,656b7e14-f368-4196-b68a-fdb1e1554fc8,2.0,,,,,,,,,,,,,,,,,,,,,,,,,,,,,,,,,,,,,,,,,,,,,,,,,,,NA,"Ahh. No, no, no, no.",
PLAYER_POSITIONS,157978,6/26/2026 12:55:00 PM,656b7e14-f368-4196-b68a-fdb1e1554fc8,2.0,,,,,,,,,,,,,,,,,,,,,,,,,,,,,,,,,,,"(-12.5, 0.3, -0.9)","(-12.3, 0.9, -1.1)","(-12.5, 0.4, -1.1)",
PLAYER_POSITIONS,157978,6/26/2026 12:55:00 PM,656b7e14-f368-4196-b68a-fdb1e1554fc8,2.0,,,,,,,,,,,,,,,,,,,,,,,,,,,,,,,,,,,"(-12.5, 0.3, -0.9)","(-12.3, 0.9, -1.1)","(-12.5, 0.4, -1.1)",
PLAYER_POSITIONS,158490,6/26/2026 12:55:00 PM,656b7e14-f368-4196-b68a-fdb1e1554fc8,2.0,,,,,,,,,,,,,,,,,,,,,,,,,,,,,,,,,,,"(-12.5, 0.3, -0.9)","(-12.3, 0.9, -1.1)","(-12.5, 0.4, -1.1)",
PLAYER_POSITIONS,158490,6/26/2026 12:55:00 PM,656b7e14-f368-4196-b68a-fdb1e1554fc8,2.0,,,,,,,,,,,,,,,,,,,,,,,,,,,,,,,,,,,"(-12.5, 0.3, -0.9)","(-12.3, 0.9, -1.1)","(-12.5, 0.4, -1.1)",
PLAYER_POSITIONS,158999,6/26/2026 12:55:01 PM,656b7e14-f368-4196-b68a-fdb1e1554fc8,2.0,,,,,,,,,,,,,,,,,,,,,,,,,,,,,,,,,,,"(-12.1, 0.3, -1.1)","(-12.0, 0.9, -1.2)","(-12.2, 0.4, -1.3)",
PLAYER_POSITIONS,158999,6/26/2026 12:55:01 PM,656b7e14-f368-4196-b68a-fdb1e1554fc8,2.0,,,,,,,,,,,,,,,,,,,,,,,,,,,,,,,,,,,"(-12.1, 0.3, -1.1)","(-12.0, 0.9, -1.2)","(-12.2, 0.4, -1.3)",
PLAYER_POSITIONS,159514,6/26/2026 12:55:01 PM,656b7e14-f368-4196-b68a-fdb1e1554fc8,2.0,,,,,,,,,,,,,,,,,,,,,,,,,,,,,,,,,,,"(-12.0, 0.4, -1.4)","(-11.9, 0.9, -1.5)","(-12.1, 0.3, -1.6)",
PLAYER_POSITIONS,159514,6/26/2026 12:55:01 PM,656b7e14-f368-4196-b68a-fdb1e1554fc8,2.0,,,,,,,,,,,,,,,,,,,,,,,,,,,,,,,,,,,"(-12.0, 0.4, -1.4)","(-11.9, 0.9, -1.5)","(-12.1, 0.3, -1.6)",
PLAYER_POSITIONS,160021,6/26/2026 12:55:02 PM,656b7e14-f368-4196-b68a-fdb1e1554fc8,2.0,,,,,,,,,,,,,,,,,,,,,,,,,,,,,,,,,,,"(-12.0, 0.5, -1.7)","(-12.0, 0.8, -1.8)","(-12.2, 0.1, -1.9)",
PLAYER_POSITIONS,160021,6/26/2026 12:55:02 PM,656b7e14-f368-4196-b68a-fdb1e1554fc8,2.0,,,,,,,,,,,,,,,,,,,,,,,,,,,,,,,,,,,"(-12.0, 0.5, -1.7)","(-12.0, 0.8, -1.8)","(-12.2, 0.1, -1.9)",
PULSE_TAKEN,160219,6/26/2026 12:55:02 PM,656b7e14-f368-4196-b68a-fdb1e1554fc8,2.0,,,,,,,,,,,,,,,,,,,,,,,,Military PT 9,,,,pulse_faint,
PULSE_TAKEN,160530,6/26/2026 12:55:02 PM,656b7e14-f368-4196-b68a-fdb1e1554fc8,2.0,,,,,,,,,,,,,,,,,,,,,,,,Military PT 9,,,,pulse_faint,
PLAYER_POSITIONS,160538,6/26/2026 12:55:02 PM,656b7e14-f368-4196-b68a-fdb1e1554fc8,2.0,,,,,,,,,,,,,,,,,,,,,,,,,,,,,,,,,,,"(-12.0, 0.5, -1.9)","(-12.0, 0.7, -1.9)","(-12.2, 0.0, -2.0)",
PLAYER_POSITIONS,160538,6/26/2026 12:55:02 PM,656b7e14-f368-4196-b68a-fdb1e1554fc8,2.0,,,,,,,,,,,,,,,,,,,,,,,,,,,,,,,,,,,"(-12.0, 0.5, -1.9)","(-12.0, 0.7, -1.9)","(-12.2, 0.0, -2.0)",
PLAYER_POSITIONS,161035,6/26/2026 12:55:03 PM,656b7e14-f368-4196-b68a-fdb1e1554fc8,2.0,,,,,,,,,,,,,,,,,,,,,,,,,,,,,,,,,,,"(-12.0, 0.5, -1.8)","(-12.0, 0.8, -2.0)","(-12.2, 0.0, -1.9)",
PLAYER_POSITIONS,161035,6/26/2026 12:55:03 PM,656b7e14-f368-4196-b68a-fdb1e1554fc8,2.0,,,,,,,,,,,,,,,,,,,,,,,,,,,,,,,,,,,"(-12.0, 0.5, -1.8)","(-12.0, 0.8, -2.0)","(-12.2, 0.0, -1.9)",
PULSE_TAKEN,161355,6/26/2026 12:55:03 PM,656b7e14-f368-4196-b68a-fdb1e1554fc8,2.0,,,,,,,,,,,,,,,,,,,,,,,,Military PT 9,,,,pulse_faint,
PLAYER_POSITIONS,161537,6/26/2026 12:55:03 PM,656b7e14-f368-4196-b68a-fdb1e1554fc8,2.0,,,,,,,,,,,,,,,,,,,,,,,,,,,,,,,,,,,"(-12.0, 0.5, -1.8)","(-12.0, 0.8, -2.0)","(-12.2, 0.0, -1.9)",
PLAYER_POSITIONS,161537,6/26/2026 12:55:03 PM,656b7e14-f368-4196-b68a-fdb1e1554fc8,2.0,,,,,,,,,,,,,,,,,,,,,,,,,,,,,,,,,,,"(-12.0, 0.5, -1.8)","(-12.0, 0.8, -2.0)","(-12.2, 0.0, -1.9)",
PLAYER_POSITIONS,162061,6/26/2026 12:55:04 PM,656b7e14-f368-4196-b68a-fdb1e1554fc8,2.0,,,,,,,,,,,,,,,,,,,,,,,,,,,,,,,,,,,"(-12.0, 0.5, -1.8)","(-12.0, 0.8, -2.0)","(-12.2, 0.0, -1.9)",
PLAYER_POSITIONS,162061,6/26/2026 12:55:04 PM,656b7e14-f368-4196-b68a-fdb1e1554fc8,2.0,,,,,,,,,,,,,,,,,,,,,,,,,,,,,,,,,,,"(-12.0, 0.5, -1.8)","(-12.0, 0.8, -2.0)","(-12.2, 0.0, -1.9)",
PLAYER_POSITIONS,162602,6/26/2026 12:55:04 PM,656b7e14-f368-4196-b68a-fdb1e1554fc8,2.0,,,,,,,,,,,,,,,,,,,,,,,,,,,,,,,,,,,"(-12.0, 0.5, -1.8)","(-12.0, 0.8, -2.0)","(-12.2, 0.0, -1.9)",
PLAYER_POSITIONS,162602,6/26/2026 12:55:04 PM,656b7e14-f368-4196-b68a-fdb1e1554fc8,2.0,,,,,,,,,,,,,,,,,,,,,,,,,,,,,,,,,,,"(-12.0, 0.5, -1.8)","(-12.0, 0.8, -2.0)","(-12.2, 0.0, -1.9)",
PLAYER_POSITIONS,163113,6/26/2026 12:55:05 PM,656b7e14-f368-4196-b68a-fdb1e1554fc8,2.0,,,,,,,,,,,,,,,,,,,,,,,,,,,,,,,,,,,"(-12.0, 0.5, -1.8)","(-12.0, 0.8, -2.0)","(-12.3, 0.3, -2.1)",
PLAYER_POSITIONS,163113,6/26/2026 12:55:05 PM,656b7e14-f368-4196-b68a-fdb1e1554fc8,2.0,,,,,,,,,,,,,,,,,,,,,,,,,,,,,,,,,,,"(-12.0, 0.5, -1.8)","(-12.0, 0.8, -2.0)","(-12.3, 0.3, -2.1)",
PLAYER_POSITIONS,163616,6/26/2026 12:55:05 PM,656b7e14-f368-4196-b68a-fdb1e1554fc8,2.0,,,,,,,,,,,,,,,,,,,,,,,,,,,,,,,,,,,"(-12.0, 0.5, -1.8)","(-12.0, 0.8, -2.0)","(-12.5, 0.3, -1.9)",
PLAYER_POSITIONS,163616,6/26/2026 12:55:05 PM,656b7e14-f368-4196-b68a-fdb1e1554fc8,2.0,,,,,,,,,,,,,,,,,,,,,,,,,,,,,,,,,,,"(-12.0, 0.5, -1.8)","(-12.0, 0.8, -2.0)","(-12.5, 0.3, -1.9)",
PLAYER_POSITIONS,164128,6/26/2026 12:55:06 PM,656b7e14-f368-4196-b68a-fdb1e1554fc8,2.0,,,,,,,,,,,,,,,,,,,,,,,,,,,,,,,,,,,"(-12.0, 0.5, -1.8)","(-12.1, 0.8, -1.8)","(-12.5, 0.3, -1.8)",
PLAYER_GAZE,164128,6/26/2026 12:55:06 PM,656b7e14-f368-4196-b68a-fdb1e1554fc8,2.0,,,,,,,,,,,,,,,,,,,,,,,,Military PT 9,,,,,,,,,"(0.6, 0.8, 0.0)",,,"(-12.7, 0.0, -1.8)",
PLAYER_POSITIONS,164128,6/26/2026 12:55:06 PM,656b7e14-f368-4196-b68a-fdb1e1554fc8,2.0,,,,,,,,,,,,,,,,,,,,,,,,,,,,,,,,,,,"(-12.0, 0.5, -1.8)","(-12.1, 0.8, -1.8)","(-12.5, 0.3, -1.8)",
PLAYER_GAZE,164128,6/26/2026 12:55:06 PM,656b7e14-f368-4196-b68a-fdb1e1554fc8,2.0,,,,,,,,,,,,,,,,,,,,,,,,Military PT 9,,,,,,,,,"(0.6, 0.8, 0.0)",,,"(-12.7, 0.0, -1.8)",
PLAYER_POSITIONS,164634,6/26/2026 12:55:06 PM,656b7e14-f368-4196-b68a-fdb1e1554fc8,2.0,,,,,,,,,,,,,,,,,,,,,,,,,,,,,,,,,,,"(-12.0, 0.5, -1.8)","(-12.1, 0.8, -1.8)","(-12.6, 0.5, -1.6)",
PLAYER_POSITIONS,164634,6/26/2026 12:55:06 PM,656b7e14-f368-4196-b68a-fdb1e1554fc8,2.0,,,,,,,,,,,,,,,,,,,,,,,,,,,,,,,,,,,"(-12.0, 0.5, -1.8)","(-12.1, 0.8, -1.8)","(-12.6, 0.5, -1.6)",
TOOL_HOVER,164765,6/26/2026 12:55:06 PM,656b7e14-f368-4196-b68a-fdb1e1554fc8,2.0,,,,,,,,,,,,,,,,,,,,,,,,,,,,,,,,,,,,,,,,,,,,,,999,,Decompression Needle,
TOOL_SELECTED,165021,6/26/2026 12:55:07 PM,656b7e14-f368-4196-b68a-fdb1e1554fc8,2.0,,,,,,,,,,,,,,,,,,,,,,,,,,,,,,,,,,,,,,,,,,,,,,998,,Decompression Needle,
PLAYER_POSITIONS,165145,6/26/2026 12:55:07 PM,656b7e14-f368-4196-b68a-fdb1e1554fc8,2.0,,,,,,,,,,,,,,,,,,,,,,,,,,,,,,,,,,,"(-12.0, 0.5, -1.8)","(-12.1, 0.8, -1.8)","(-12.6, 0.5, -1.6)",
PLAYER_POSITIONS,165145,6/26/2026 12:55:07 PM,656b7e14-f368-4196-b68a-fdb1e1554fc8,2.0,,,,,,,,,,,,,,,,,,,,,,,,,,,,,,,,,,,"(-12.0, 0.5, -1.8)","(-12.1, 0.8, -1.8)","(-12.6, 0.5, -1.6)",
EVAC_RADIO_ALERT,165475,6/26/2026 12:55:07 PM,656b7e14-f368-4196-b68a-fdb1e1554fc8,2.0,,,,,,,,1,
AUDIO_START,165481,6/26/2026 12:55:07 PM,656b7e14-f368-4196-b68a-fdb1e1554fc8,2.0,evac in 8 minutes,4.127347,
VOICE_CAPTURE,165622,6/26/2026 12:55:07 PM,656b7e14-f368-4196-b68a-fdb1e1554fc8,2.0,,,,,,,,,,,,,,,,,,,,,,,,,,,,,,,,,,,,,,,,,,,,,,,,,,,NA,Thank you.,
PLAYER_POSITIONS,165665,6/26/2026 12:55:07 PM,656b7e14-f368-4196-b68a-fdb1e1554fc8,2.0,,,,,,,,,,,,,,,,,,,,,,,,,,,,,,,,,,,"(-12.0, 0.5, -1.8)","(-12.0, 0.8, -1.9)","(-12.2, 0.2, -2.0)",
PLAYER_POSITIONS,165665,6/26/2026 12:55:07 PM,656b7e14-f368-4196-b68a-fdb1e1554fc8,2.0,,,,,,,,,,,,,,,,,,,,,,,,,,,,,,,,,,,"(-12.0, 0.5, -1.8)","(-12.0, 0.8, -1.9)","(-12.2, 0.2, -2.0)",
PLAYER_POSITIONS,166177,6/26/2026 12:55:08 PM,656b7e14-f368-4196-b68a-fdb1e1554fc8,2.0,,,,,,,,,,,,,,,,,,,,,,,,,,,,,,,,,,,"(-12.0, 0.5, -1.9)","(-12.0, 0.7, -2.0)","(-12.1, 0.1, -2.2)",
PLAYER_POSITIONS,166177,6/26/2026 12:55:08 PM,656b7e14-f368-4196-b68a-fdb1e1554fc8,2.0,,,,,,,,,,,,,,,,,,,,,,,,,,,,,,,,,,,"(-12.0, 0.5, -1.9)","(-12.0, 0.7, -2.0)","(-12.1, 0.1, -2.2)",
INJURY_TREATED,166314,6/26/2026 12:55:08 PM,656b7e14-f368-4196-b68a-fdb1e1554fc8,2.0,,,,,,,,,chest,R Chest Collapse,"(-12.2, 0.1, -2.2)",decompressionNeedle,1,1,high,True,True,,,,,,,Military PT 9,
TOOL_APPLIED,166318,6/26/2026 12:55:08 PM,656b7e14-f368-4196-b68a-fdb1e1554fc8,2.0,,,,,,,,,,,,,,,,,,,,,,,,Military PT 9,,,,,,,,,,,,,,,,,,,,AppliedDecompNeedle,RightChestBreath (UnityEngine.GameObject),,Decompression Needle(Clone) (UnityEngine.GameObject),Decompression Needle,
PLAYER_POSITIONS,166689,6/26/2026 12:55:08 PM,656b7e14-f368-4196-b68a-fdb1e1554fc8,2.0,,,,,,,,,,,,,,,,,,,,,,,,,,,,,,,,,,,"(-12.0, 0.5, -1.9)","(-12.0, 0.7, -2.0)","(-12.1, 0.1, -2.1)",
PLAYER_POSITIONS,166689,6/26/2026 12:55:08 PM,656b7e14-f368-4196-b68a-fdb1e1554fc8,2.0,,,,,,,,,,,,,,,,,,,,,,,,,,,,,,,,,,,"(-12.0, 0.5, -1.9)","(-12.0, 0.7, -2.0)","(-12.1, 0.1, -2.1)",
BAG_CLOSED,167003,6/26/2026 12:55:09 PM,656b7e14-f368-4196-b68a-fdb1e1554fc8,2.0,,,,,,,,,,,,,,,,,,,,,,,,,,,,,,,,,,,,"(0.0, 0.0, 0.0)",
PLAYER_POSITIONS,167189,6/26/2026 12:55:09 PM,656b7e14-f368-4196-b68a-fdb1e1554fc8,2.0,,,,,,,,,,,,,,,,,,,,,,,,,,,,,,,,,,,"(-12.1, 0.5, -1.9)","(-12.1, 0.8, -2.0)","(-12.4, 0.3, -1.9)",
PLAYER_POSITIONS,167189,6/26/2026 12:55:09 PM,656b7e14-f368-4196-b68a-fdb1e1554fc8,2.0,,,,,,,,,,,,,,,,,,,,,,,,,,,,,,,,,,,"(-12.1, 0.5, -1.9)","(-12.1, 0.8, -2.0)","(-12.4, 0.3, -1.9)",
PLAYER_POSITIONS,167689,6/26/2026 12:55:09 PM,656b7e14-f368-4196-b68a-fdb1e1554fc8,2.0,,,,,,,,,,,,,,,,,,,,,,,,,,,,,,,,,,,"(-12.3, 0.5, -2.0)","(-12.3, 0.8, -2.0)","(-12.6, 0.5, -2.0)",
PLAYER_POSITIONS,167689,6/26/2026 12:55:09 PM,656b7e14-f368-4196-b68a-fdb1e1554fc8,2.0,,,,,,,,,,,,,,,,,,,,,,,,,,,,,,,,,,,"(-12.3, 0.5, -2.0)","(-12.3, 0.8, -2.0)","(-12.6, 0.5, -2.0)",
PLAYER_POSITIONS,168212,6/26/2026 12:55:10 PM,656b7e14-f368-4196-b68a-fdb1e1554fc8,2.0,,,,,,,,,,,,,,,,,,,,,,,,,,,,,,,,,,,"(-12.4, 0.5, -2.1)","(-12.4, 0.8, -2.2)","(-12.8, 0.4, -2.2)",
PLAYER_POSITIONS,168212,6/26/2026 12:55:10 PM,656b7e14-f368-4196-b68a-fdb1e1554fc8,2.0,,,,,,,,,,,,,,,,,,,,,,,,,,,,,,,,,,,"(-12.4, 0.5, -2.1)","(-12.4, 0.8, -2.2)","(-12.8, 0.4, -2.2)",
PLAYER_POSITIONS,168729,6/26/2026 12:55:10 PM,656b7e14-f368-4196-b68a-fdb1e1554fc8,2.0,,,,,,,,,,,,,,,,,,,,,,,,,,,,,,,,,,,"(-12.4, 0.5, -2.2)","(-12.4, 0.9, -2.1)","(-12.9, 0.5, -2.0)",
PLAYER_GAZE,168729,6/26/2026 12:55:10 PM,656b7e14-f368-4196-b68a-fdb1e1554fc8,2.0,,,,,,,,,,,,,,,,,,,,,,,,Military PT 9,,,,,,,,,"(0.3, 0.9, -0.3)",,,"(-12.7, 0.0, -1.8)",
PLAYER_POSITIONS,168729,6/26/2026 12:55:10 PM,656b7e14-f368-4196-b68a-fdb1e1554fc8,2.0,,,,,,,,,,,,,,,,,,,,,,,,,,,,,,,,,,,"(-12.4, 0.5, -2.2)","(-12.4, 0.9, -2.1)","(-12.9, 0.5, -2.0)",
PLAYER_GAZE,168729,6/26/2026 12:55:10 PM,656b7e14-f368-4196-b68a-fdb1e1554fc8,2.0,,,,,,,,,,,,,,,,,,,,,,,,Military PT 9,,,,,,,,,"(0.3, 0.9, -0.3)",,,"(-12.7, 0.0, -1.8)",
TOOL_HOVER,168881,6/26/2026 12:55:11 PM,656b7e14-f368-4196-b68a-fdb1e1554fc8,2.0,,,,,,,,,,,,,,,,,,,,,,,,,,,,,,,,,,,,,,,,,,,,,,998,,Decompression Needle,
TOOL_SELECTED,169094,6/26/2026 12:55:11 PM,656b7e14-f368-4196-b68a-fdb1e1554fc8,2.0,,,,,,,,,,,,,,,,,,,,,,,,,,,,,,,,,,,,,,,,,,,,,,997,,Decompression Needle,
PLAYER_POSITIONS,169249,6/26/2026 12:55:11 PM,656b7e14-f368-4196-b68a-fdb1e1554fc8,2.0,,,,,,,,,,,,,,,,,,,,,,,,,,,,,,,,,,,"(-12.4, 0.5, -2.1)","(-12.4, 0.8, -2.1)","(-12.9, 0.5, -2.0)",
PLAYER_POSITIONS,169249,6/26/2026 12:55:11 PM,656b7e14-f368-4196-b68a-fdb1e1554fc8,2.0,,,,,,,,,,,,,,,,,,,,,,,,,,,,,,,,,,,"(-12.4, 0.5, -2.1)","(-12.4, 0.8, -2.1)","(-12.9, 0.5, -2.0)",
AUDIO_END,169617,6/26/2026 12:55:11 PM,656b7e14-f368-4196-b68a-fdb1e1554fc8,2.0,evac in 8 minutes,4.127347,
PLAYER_POSITIONS,169770,6/26/2026 12:55:11 PM,656b7e14-f368-4196-b68a-fdb1e1554fc8,2.0,,,,,,,,,,,,,,,,,,,,,,,,,,,,,,,,,,,"(-12.3, 0.6, -2.1)","(-12.3, 0.7, -2.3)","(-12.5, 0.1, -2.4)",
PLAYER_POSITIONS,169770,6/26/2026 12:55:11 PM,656b7e14-f368-4196-b68a-fdb1e1554fc8,2.0,,,,,,,,,,,,,,,,,,,,,,,,,,,,,,,,,,,"(-12.3, 0.6, -2.1)","(-12.3, 0.7, -2.3)","(-12.5, 0.1, -2.4)",
PLAYER_POSITIONS,170283,6/26/2026 12:55:12 PM,656b7e14-f368-4196-b68a-fdb1e1554fc8,2.0,,,,,,,,,,,,,,,,,,,,,,,,,,,,,,,,,,,"(-12.3, 0.6, -2.1)","(-12.3, 0.7, -2.3)","(-12.5, 0.1, -2.4)",
PLAYER_POSITIONS,170283,6/26/2026 12:55:12 PM,656b7e14-f368-4196-b68a-fdb1e1554fc8,2.0,,,,,,,,,,,,,,,,,,,,,,,,,,,,,,,,,,,"(-12.3, 0.6, -2.1)","(-12.3, 0.7, -2.3)","(-12.5, 0.1, -2.4)",
INJURY_TREATED,170572,6/26/2026 12:55:12 PM,656b7e14-f368-4196-b68a-fdb1e1554fc8,2.0,,,,,,,,,chest,L Chest Collapse,"(-12.4, 0.0, -2.3)",decompressionNeedle,1,1,high,True,True,,,,,,,Military PT 9,
TOOL_APPLIED,170581,6/26/2026 12:55:12 PM,656b7e14-f368-4196-b68a-fdb1e1554fc8,2.0,,,,,,,,,,,,,,,,,,,,,,,,Military PT 9,,,,,,,,,,,,,,,,,,,,AppliedDecompNeedle,LeftChestBreath (UnityEngine.GameObject),,Decompression Needle(Clone) (UnityEngine.GameObject),Decompression Needle,
PLAYER_POSITIONS,170791,6/26/2026 12:55:12 PM,656b7e14-f368-4196-b68a-fdb1e1554fc8,2.0,,,,,,,,,,,,,,,,,,,,,,,,,,,,,,,,,,,"(-12.3, 0.6, -2.1)","(-12.3, 0.7, -2.3)","(-12.4, 0.1, -2.4)",
PLAYER_POSITIONS,170791,6/26/2026 12:55:12 PM,656b7e14-f368-4196-b68a-fdb1e1554fc8,2.0,,,,,,,,,,,,,,,,,,,,,,,,,,,,,,,,,,,"(-12.3, 0.6, -2.1)","(-12.3, 0.7, -2.3)","(-12.4, 0.1, -2.4)",
BAG_CLOSED,171255,6/26/2026 12:55:13 PM,656b7e14-f368-4196-b68a-fdb1e1554fc8,2.0,,,,,,,,,,,,,,,,,,,,,,,,,,,,,,,,,,,,"(0.0, 0.0, 0.0)",
PLAYER_POSITIONS,171302,6/26/2026 12:55:13 PM,656b7e14-f368-4196-b68a-fdb1e1554fc8,2.0,,,,,,,,,,,,,,,,,,,,,,,,,,,,,,,,,,,"(-12.3, 0.5, -2.1)","(-12.3, 0.7, -2.3)","(-12.5, 0.2, -2.2)",
PLAYER_POSITIONS,171302,6/26/2026 12:55:13 PM,656b7e14-f368-4196-b68a-fdb1e1554fc8,2.0,,,,,,,,,,,,,,,,,,,,,,,,,,,,,,,,,,,"(-12.3, 0.5, -2.1)","(-12.3, 0.7, -2.3)","(-12.5, 0.2, -2.2)",
PLAYER_POSITIONS,171815,6/26/2026 12:55:13 PM,656b7e14-f368-4196-b68a-fdb1e1554fc8,2.0,,,,,,,,,,,,,,,,,,,,,,,,,,,,,,,,,,,"(-12.4, 0.5, -1.9)","(-12.4, 0.8, -2.1)","(-12.5, 0.4, -2.0)",
PLAYER_POSITIONS,171815,6/26/2026 12:55:13 PM,656b7e14-f368-4196-b68a-fdb1e1554fc8,2.0,,,,,,,,,,,,,,,,,,,,,,,,,,,,,,,,,,,"(-12.4, 0.5, -1.9)","(-12.4, 0.8, -2.1)","(-12.5, 0.4, -2.0)",
AUDIO_END,172249,6/26/2026 12:55:14 PM,656b7e14-f368-4196-b68a-fdb1e1554fc8,2.0,mortar hits 1,19.77469,
NARRATIVE_SECTION_END,172249,6/26/2026 12:55:14 PM,656b7e14-f368-4196-b68a-fdb1e1554fc8,2.0,,,,,,,,,,,,,,,,,,Mortar hits,18,
NARRATIVE_SECTION_START,172288,6/26/2026 12:55:14 PM,656b7e14-f368-4196-b68a-fdb1e1554fc8,2.0,,,,,,,,,,,,,,,,,,RPG get down,19,
PLAYER_POSITIONS,172314,6/26/2026 12:55:14 PM,656b7e14-f368-4196-b68a-fdb1e1554fc8,2.0,,,,,,,,,,,,,,,,,,,,,,,,,,,,,,,,,,,"(-12.3, 0.5, -1.9)","(-12.3, 0.8, -2.0)","(-12.5, 0.4, -1.9)",
PLAYER_POSITIONS,172314,6/26/2026 12:55:14 PM,656b7e14-f368-4196-b68a-fdb1e1554fc8,2.0,,,,,,,,,,,,,,,,,,,,,,,,,,,,,,,,,,,"(-12.3, 0.5, -1.9)","(-12.3, 0.8, -2.0)","(-12.5, 0.4, -1.9)",
PLAYER_POSITIONS,172827,6/26/2026 12:55:14 PM,656b7e14-f368-4196-b68a-fdb1e1554fc8,2.0,,,,,,,,,,,,,,,,,,,,,,,,,,,,,,,,,,,"(-12.3, 0.5, -1.9)","(-12.4, 0.8, -1.9)","(-12.5, 0.4, -1.9)",
PLAYER_GAZE,172827,6/26/2026 12:55:14 PM,656b7e14-f368-4196-b68a-fdb1e1554fc8,2.0,,,,,,,,,,,,,,,,,,,,,,,,Military PT 9,,,,,,,,,"(0.3, 0.8, -0.1)",,,"(-12.7, 0.0, -1.8)",
PLAYER_POSITIONS,172827,6/26/2026 12:55:14 PM,656b7e14-f368-4196-b68a-fdb1e1554fc8,2.0,,,,,,,,,,,,,,,,,,,,,,,,,,,,,,,,,,,"(-12.3, 0.5, -1.9)","(-12.4, 0.8, -1.9)","(-12.5, 0.4, -1.9)",
PLAYER_GAZE,172827,6/26/2026 12:55:14 PM,656b7e14-f368-4196-b68a-fdb1e1554fc8,2.0,,,,,,,,,,,,,,,,,,,,,,,,Military PT 9,,,,,,,,,"(0.3, 0.8, -0.1)",,,"(-12.7, 0.0, -1.8)",
PLAYER_POSITIONS,173327,6/26/2026 12:55:15 PM,656b7e14-f368-4196-b68a-fdb1e1554fc8,2.0,,,,,,,,,,,,,,,,,,,,,,,,,,,,,,,,,,,"(-12.3, 0.5, -1.9)","(-12.4, 0.8, -1.9)","(-12.6, 0.5, -1.8)",
PLAYER_GAZE,173327,6/26/2026 12:55:15 PM,656b7e14-f368-4196-b68a-fdb1e1554fc8,2.0,,,,,,,,,,,,,,,,,,,,,,,,Military PT 9,,,,,,,,,"(0.3, 0.8, -0.1)",,,"(-12.7, 0.0, -1.8)",
PLAYER_POSITIONS,173327,6/26/2026 12:55:15 PM,656b7e14-f368-4196-b68a-fdb1e1554fc8,2.0,,,,,,,,,,,,,,,,,,,,,,,,,,,,,,,,,,,"(-12.3, 0.5, -1.9)","(-12.4, 0.8, -1.9)","(-12.6, 0.5, -1.8)",
PLAYER_GAZE,173327,6/26/2026 12:55:15 PM,656b7e14-f368-4196-b68a-fdb1e1554fc8,2.0,,,,,,,,,,,,,,,,,,,,,,,,Military PT 9,,,,,,,,,"(0.3, 0.8, -0.1)",,,"(-12.7, 0.0, -1.8)",
PLAYER_POSITIONS,173832,6/26/2026 12:55:15 PM,656b7e14-f368-4196-b68a-fdb1e1554fc8,2.0,,,,,,,,,,,,,,,,,,,,,,,,,,,,,,,,,,,"(-12.3, 0.5, -1.9)","(-12.4, 0.8, -1.9)","(-12.9, 0.4, -1.7)",
PLAYER_GAZE,173832,6/26/2026 12:55:15 PM,656b7e14-f368-4196-b68a-fdb1e1554fc8,2.0,,,,,,,,,,,,,,,,,,,,,,,,Military PT 9,,,,,,,,,"(0.3, 0.8, 0.0)",,,"(-12.7, 0.0, -1.8)",
PLAYER_POSITIONS,173832,6/26/2026 12:55:15 PM,656b7e14-f368-4196-b68a-fdb1e1554fc8,2.0,,,,,,,,,,,,,,,,,,,,,,,,,,,,,,,,,,,"(-12.3, 0.5, -1.9)","(-12.4, 0.8, -1.9)","(-12.9, 0.4, -1.7)",
PLAYER_GAZE,173832,6/26/2026 12:55:15 PM,656b7e14-f368-4196-b68a-fdb1e1554fc8,2.0,,,,,,,,,,,,,,,,,,,,,,,,Military PT 9,,,,,,,,,"(0.3, 0.8, 0.0)",,,"(-12.7, 0.0, -1.8)",
PLAYER_POSITIONS,174355,6/26/2026 12:55:16 PM,656b7e14-f368-4196-b68a-fdb1e1554fc8,2.0,,,,,,,,,,,,,,,,,,,,,,,,,,,,,,,,,,,"(-12.3, 0.5, -1.9)","(-12.4, 0.8, -1.9)","(-12.7, 0.4, -1.8)",
PLAYER_GAZE,174355,6/26/2026 12:55:16 PM,656b7e14-f368-4196-b68a-fdb1e1554fc8,2.0,,,,,,,,,,,,,,,,,,,,,,,,Military PT 9,,,,,,,,,"(0.3, 0.8, -0.1)",,,"(-12.7, 0.0, -1.8)",
PLAYER_POSITIONS,174355,6/26/2026 12:55:16 PM,656b7e14-f368-4196-b68a-fdb1e1554fc8,2.0,,,,,,,,,,,,,,,,,,,,,,,,,,,,,,,,,,,"(-12.3, 0.5, -1.9)","(-12.4, 0.8, -1.9)","(-12.7, 0.4, -1.8)",
PLAYER_GAZE,174355,6/26/2026 12:55:16 PM,656b7e14-f368-4196-b68a-fdb1e1554fc8,2.0,,,,,,,,,,,,,,,,,,,,,,,,Military PT 9,,,,,,,,,"(0.3, 0.8, -0.1)",,,"(-12.7, 0.0, -1.8)",
TAG_SELECTED,174531,6/26/2026 12:55:16 PM,656b7e14-f368-4196-b68a-fdb1e1554fc8,2.0,,,,,,,,,,,,,,,,,,,,,,,,,,,,,,,,,,,,,,,,,,red,
PLAYER_POSITIONS,174872,6/26/2026 12:55:17 PM,656b7e14-f368-4196-b68a-fdb1e1554fc8,2.0,,,,,,,,,,,,,,,,,,,,,,,,,,,,,,,,,,,"(-12.3, 0.5, -1.9)","(-12.4, 0.7, -1.9)","(-12.5, 0.2, -1.8)",
PLAYER_POSITIONS,174872,6/26/2026 12:55:17 PM,656b7e14-f368-4196-b68a-fdb1e1554fc8,2.0,,,,,,,,,,,,,,,,,,,,,,,,,,,,,,,,,,,"(-12.3, 0.5, -1.9)","(-12.4, 0.7, -1.9)","(-12.5, 0.2, -1.8)",
PLAYER_POSITIONS,175389,6/26/2026 12:55:17 PM,656b7e14-f368-4196-b68a-fdb1e1554fc8,2.0,,,,,,,,,,,,,,,,,,,,,,,,,,,,,,,,,,,"(-12.3, 0.5, -1.9)","(-12.4, 0.7, -1.9)","(-12.2, 0.1, -1.9)",
PLAYER_POSITIONS,175389,6/26/2026 12:55:17 PM,656b7e14-f368-4196-b68a-fdb1e1554fc8,2.0,,,,,,,,,,,,,,,,,,,,,,,,,,,,,,,,,,,"(-12.3, 0.5, -1.9)","(-12.4, 0.7, -1.9)","(-12.2, 0.1, -1.9)",
TAG_APPLIED,175552,6/26/2026 12:55:17 PM,656b7e14-f368-4196-b68a-fdb1e1554fc8,2.0,,,,,,,,,,,,,,,,,,,,,,,,Military PT 9,,,,,,,,,,,,,,,,,,red,
PLAYER_POSITIONS,175891,6/26/2026 12:55:18 PM,656b7e14-f368-4196-b68a-fdb1e1554fc8,2.0,,,,,,,,,,,,,,,,,,,,,,,,,,,,,,,,,,,"(-12.3, 0.5, -1.9)","(-12.3, 0.7, -1.9)","(-12.4, 0.1, -1.9)",
PLAYER_POSITIONS,175891,6/26/2026 12:55:18 PM,656b7e14-f368-4196-b68a-fdb1e1554fc8,2.0,,,,,,,,,,,,,,,,,,,,,,,,,,,,,,,,,,,"(-12.3, 0.5, -1.9)","(-12.3, 0.7, -1.9)","(-12.4, 0.1, -1.9)",
PLAYER_POSITIONS,176395,6/26/2026 12:55:18 PM,656b7e14-f368-4196-b68a-fdb1e1554fc8,2.0,,,,,,,,,,,,,,,,,,,,,,,,,,,,,,,,,,,"(-12.4, 0.4, -1.9)","(-12.4, 1.1, -1.9)","(-12.6, 0.4, -1.9)",
PLAYER_GAZE,176395,6/26/2026 12:55:18 PM,656b7e14-f368-4196-b68a-fdb1e1554fc8,2.0,,,,,,,,,,,,,,,,,,,,,,,,Military PT 9,,,,,,,,,"(0.3, 1.1, -0.1)",,,"(-12.7, 0.0, -1.8)",
PLAYER_POSITIONS,176395,6/26/2026 12:55:18 PM,656b7e14-f368-4196-b68a-fdb1e1554fc8,2.0,,,,,,,,,,,,,,,,,,,,,,,,,,,,,,,,,,,"(-12.4, 0.4, -1.9)","(-12.4, 1.1, -1.9)","(-12.6, 0.4, -1.9)",
PLAYER_GAZE,176395,6/26/2026 12:55:18 PM,656b7e14-f368-4196-b68a-fdb1e1554fc8,2.0,,,,,,,,,,,,,,,,,,,,,,,,Military PT 9,,,,,,,,,"(0.3, 1.1, -0.1)",,,"(-12.7, 0.0, -1.8)",
BAG_CLOSED,176619,6/26/2026 12:55:18 PM,656b7e14-f368-4196-b68a-fdb1e1554fc8,2.0,,,,,,,,,,,,,,,,,,,,,,,,,,,,,,,,,,,,"(0.0, 0.0, 0.0)",
PLAYER_POSITIONS,176917,6/26/2026 12:55:19 PM,656b7e14-f368-4196-b68a-fdb1e1554fc8,2.0,,,,,,,,,,,,,,,,,,,,,,,,,,,,,,,,,,,"(-12.1, 0.8, -2.0)","(-12.3, 1.7, -1.8)","(-12.4, 0.9, -1.8)",
PLAYER_POSITIONS,176917,6/26/2026 12:55:19 PM,656b7e14-f368-4196-b68a-fdb1e1554fc8,2.0,,,,,,,,,,,,,,,,,,,,,,,,,,,,,,,,,,,"(-12.1, 0.8, -2.0)","(-12.3, 1.7, -1.8)","(-12.4, 0.9, -1.8)",
AUDIO_START,177292,6/26/2026 12:55:19 PM,656b7e14-f368-4196-b68a-fdb1e1554fc8,2.0,rpg get down,7.418776,
PLAYER_POSITIONS,177427,6/26/2026 12:55:19 PM,656b7e14-f368-4196-b68a-fdb1e1554fc8,2.0,,,,,,,,,,,,,,,,,,,,,,,,,,,,,,,,,,,"(-12.1, 0.8, -2.1)","(-12.2, 1.7, -1.7)","(-12.4, 1.0, -1.5)",
PLAYER_POSITIONS,177427,6/26/2026 12:55:19 PM,656b7e14-f368-4196-b68a-fdb1e1554fc8,2.0,,,,,,,,,,,,,,,,,,,,,,,,,,,,,,,,,,,"(-12.1, 0.8, -2.1)","(-12.2, 1.7, -1.7)","(-12.4, 1.0, -1.5)",
PLAYER_POSITIONS,177937,6/26/2026 12:55:20 PM,656b7e14-f368-4196-b68a-fdb1e1554fc8,2.0,,,,,,,,,,,,,,,,,,,,,,,,,,,,,,,,,,,"(-12.1, 0.8, -2.0)","(-12.1, 1.7, -1.7)","(-12.4, 1.0, -1.6)",
PLAYER_POSITIONS,177937,6/26/2026 12:55:20 PM,656b7e14-f368-4196-b68a-fdb1e1554fc8,2.0,,,,,,,,,,,,,,,,,,,,,,,,,,,,,,,,,,,"(-12.1, 0.8, -2.0)","(-12.1, 1.7, -1.7)","(-12.4, 1.0, -1.6)",
PLAYER_POSITIONS,178459,6/26/2026 12:55:20 PM,656b7e14-f368-4196-b68a-fdb1e1554fc8,2.0,,,,,,,,,,,,,,,,,,,,,,,,,,,,,,,,,,,"(-11.8, 0.8, -2.1)","(-12.1, 1.7, -1.8)","(-12.3, 1.1, -1.9)",
PLAYER_GAZE,178459,6/26/2026 12:55:20 PM,656b7e14-f368-4196-b68a-fdb1e1554fc8,2.0,,,,,,,,,,,,,,,,,,,,,,,,Military PT 12,,,,,,,,,"(0.7, 1.7, 2.3)",,,"(-12.8, 0.0, -4.1)",
PLAYER_POSITIONS,178459,6/26/2026 12:55:20 PM,656b7e14-f368-4196-b68a-fdb1e1554fc8,2.0,,,,,,,,,,,,,,,,,,,,,,,,,,,,,,,,,,,"(-11.8, 0.8, -2.1)","(-12.1, 1.7, -1.8)","(-12.3, 1.1, -1.9)",
PLAYER_GAZE,178459,6/26/2026 12:55:20 PM,656b7e14-f368-4196-b68a-fdb1e1554fc8,2.0,,,,,,,,,,,,,,,,,,,,,,,,Military PT 12,,,,,,,,,"(0.7, 1.7, 2.3)",,,"(-12.8, 0.0, -4.1)",
PLAYER_POSITIONS,178971,6/26/2026 12:55:21 PM,656b7e14-f368-4196-b68a-fdb1e1554fc8,2.0,,,,,,,,,,,,,,,,,,,,,,,,,,,,,,,,,,,"(-11.9, 0.8, -1.8)","(-12.1, 1.7, -1.8)","(-12.1, 1.1, -2.0)",
PLAYER_POSITIONS,178971,6/26/2026 12:55:21 PM,656b7e14-f368-4196-b68a-fdb1e1554fc8,2.0,,,,,,,,,,,,,,,,,,,,,,,,,,,,,,,,,,,"(-11.9, 0.8, -1.8)","(-12.1, 1.7, -1.8)","(-12.1, 1.1, -2.0)",
PLAYER_POSITIONS,179481,6/26/2026 12:55:21 PM,656b7e14-f368-4196-b68a-fdb1e1554fc8,2.0,,,,,,,,,,,,,,,,,,,,,,,,,,,,,,,,,,,"(-11.9, 0.8, -1.9)","(-12.0, 1.7, -1.8)","(-12.1, 1.0, -2.0)",
PLAYER_POSITIONS,179481,6/26/2026 12:55:21 PM,656b7e14-f368-4196-b68a-fdb1e1554fc8,2.0,,,,,,,,,,,,,,,,,,,,,,,,,,,,,,,,,,,"(-11.9, 0.8, -1.9)","(-12.0, 1.7, -1.8)","(-12.1, 1.0, -2.0)",
PATIENT_DISENGAGED,179724,6/26/2026 12:55:21 PM,656b7e14-f368-4196-b68a-fdb1e1554fc8,2.0,,,,22.18,,,,,,,,,,,,,,,,normal,100,Infinity,normal,Military PT 9,unresponsive,supine,"(-12.7, -0.1, -1.8)",faint,"(0.0, -0.7, 0.0, 0.7)",normal,EXPECTANT,still,,,,,,,,,,,,,,,,,22.18,
TELEPORT,179935,6/26/2026 12:55:22 PM,656b7e14-f368-4196-b68a-fdb1e1554fc8,2.0,,,,,,,,,,,,,,,,,,,,,,,,,,,,,,,,,,,,"(-12.0, 1.7, -1.8)",,,,,,,"(-10.8, 1.7, -3.5)",
PLAYER_POSITIONS,180004,6/26/2026 12:55:22 PM,656b7e14-f368-4196-b68a-fdb1e1554fc8,2.0,,,,,,,,,,,,,,,,,,,,,,,,,,,,,,,,,,,"(-10.6, 0.8, -3.5)","(-10.8, 1.7, -3.5)","(-10.9, 1.0, -3.7)",
PLAYER_POSITIONS,180004,6/26/2026 12:55:22 PM,656b7e14-f368-4196-b68a-fdb1e1554fc8,2.0,,,,,,,,,,,,,,,,,,,,,,,,,,,,,,,,,,,"(-10.6, 0.8, -3.5)","(-10.8, 1.7, -3.5)","(-10.9, 1.0, -3.7)",
PATIENT_ENGAGED,180312,6/26/2026 12:55:22 PM,656b7e14-f368-4196-b68a-fdb1e1554fc8,2.0,,,,0,,,,,,,,,,,,,,,,none,100,Infinity,none,Military PT 10,dead,fetal,"(-9.6, -0.1, -2.9)",none,"(0.0, -0.6, 0.0, 0.8)",none,EXPECTANT,still,,,,,,,,,,,,,,,,,0,
PLAYER_POSITIONS,180525,6/26/2026 12:55:22 PM,656b7e14-f368-4196-b68a-fdb1e1554fc8,2.0,,,,,,,,,,,,,,,,,,,,,,,,,,,,,,,,,,,"(-10.5, 0.7, -3.4)","(-10.6, 1.6, -3.5)","(-10.8, 1.0, -3.7)",
PLAYER_POSITIONS,180525,6/26/2026 12:55:22 PM,656b7e14-f368-4196-b68a-fdb1e1554fc8,2.0,,,,,,,,,,,,,,,,,,,,,,,,,,,,,,,,,,,"(-10.5, 0.7, -3.4)","(-10.6, 1.6, -3.5)","(-10.8, 1.0, -3.7)",
PLAYER_POSITIONS,181035,6/26/2026 12:55:23 PM,656b7e14-f368-4196-b68a-fdb1e1554fc8,2.0,,,,,,,,,,,,,,,,,,,,,,,,,,,,,,,,,,,"(-10.5, 0.8, -3.4)","(-10.6, 1.6, -3.6)","(-10.7, 1.0, -3.7)",
PLAYER_POSITIONS,181035,6/26/2026 12:55:23 PM,656b7e14-f368-4196-b68a-fdb1e1554fc8,2.0,,,,,,,,,,,,,,,,,,,,,,,,,,,,,,,,,,,"(-10.5, 0.8, -3.4)","(-10.6, 1.6, -3.6)","(-10.7, 1.0, -3.7)",
PLAYER_POSITIONS,181569,6/26/2026 12:55:23 PM,656b7e14-f368-4196-b68a-fdb1e1554fc8,2.0,,,,,,,,,,,,,,,,,,,,,,,,,,,,,,,,,,,"(-10.6, 0.8, -3.4)","(-10.6, 1.6, -3.6)","(-10.7, 0.9, -3.8)",
PLAYER_POSITIONS,181569,6/26/2026 12:55:23 PM,656b7e14-f368-4196-b68a-fdb1e1554fc8,2.0,,,,,,,,,,,,,,,,,,,,,,,,,,,,,,,,,,,"(-10.6, 0.8, -3.4)","(-10.6, 1.6, -3.6)","(-10.7, 0.9, -3.8)",
PLAYER_POSITIONS,182093,6/26/2026 12:55:24 PM,656b7e14-f368-4196-b68a-fdb1e1554fc8,2.0,,,,,,,,,,,,,,,,,,,,,,,,,,,,,,,,,,,"(-10.6, 0.8, -3.3)","(-10.6, 1.6, -3.5)","(-10.6, 1.0, -3.7)",
PLAYER_POSITIONS,182093,6/26/2026 12:55:24 PM,656b7e14-f368-4196-b68a-fdb1e1554fc8,2.0,,,,,,,,,,,,,,,,,,,,,,,,,,,,,,,,,,,"(-10.6, 0.8, -3.3)","(-10.6, 1.6, -3.5)","(-10.6, 1.0, -3.7)",
PLAYER_POSITIONS,182649,6/26/2026 12:55:24 PM,656b7e14-f368-4196-b68a-fdb1e1554fc8,2.0,,,,,,,,,,,,,,,,,,,,,,,,,,,,,,,,,,,"(-10.6, 0.8, -3.4)","(-10.6, 1.6, -3.6)","(-10.6, 1.0, -3.7)",
PLAYER_POSITIONS,182649,6/26/2026 12:55:24 PM,656b7e14-f368-4196-b68a-fdb1e1554fc8,2.0,,,,,,,,,,,,,,,,,,,,,,,,,,,,,,,,,,,"(-10.6, 0.8, -3.4)","(-10.6, 1.6, -3.6)","(-10.6, 1.0, -3.7)",
PLAYER_POSITIONS,183149,6/26/2026 12:55:25 PM,656b7e14-f368-4196-b68a-fdb1e1554fc8,2.0,,,,,,,,,,,,,,,,,,,,,,,,,,,,,,,,,,,"(-10.6, 0.8, -3.4)","(-10.6, 1.6, -3.6)","(-10.7, 1.0, -3.8)",
PLAYER_POSITIONS,183149,6/26/2026 12:55:25 PM,656b7e14-f368-4196-b68a-fdb1e1554fc8,2.0,,,,,,,,,,,,,,,,,,,,,,,,,,,,,,,,,,,"(-10.6, 0.8, -3.4)","(-10.6, 1.6, -3.6)","(-10.7, 1.0, -3.8)",
PLAYER_POSITIONS,183659,6/26/2026 12:55:25 PM,656b7e14-f368-4196-b68a-fdb1e1554fc8,2.0,,,,,,,,,,,,,,,,,,,,,,,,,,,,,,,,,,,"(-10.5, 0.8, -3.5)","(-10.6, 1.6, -3.8)","(-10.6, 0.9, -3.8)",
PLAYER_POSITIONS,183659,6/26/2026 12:55:25 PM,656b7e14-f368-4196-b68a-fdb1e1554fc8,2.0,,,,,,,,,,,,,,,,,,,,,,,,,,,,,,,,,,,"(-10.5, 0.8, -3.5)","(-10.6, 1.6, -3.8)","(-10.6, 0.9, -3.8)",
PATIENT_DISENGAGED,183901,6/26/2026 12:55:26 PM,656b7e14-f368-4196-b68a-fdb1e1554fc8,2.0,,,,3.59,,,,,,,,,,,,,,,,none,100,Infinity,none,Military PT 10,dead,fetal,"(-9.6, -0.1, -2.9)",none,"(0.0, -0.6, 0.0, 0.8)",none,EXPECTANT,still,,,,,,,,,,,,,,,,,3.59,
PATIENT_ENGAGED,183901,6/26/2026 12:55:26 PM,656b7e14-f368-4196-b68a-fdb1e1554fc8,2.0,,,,0,,,,,,,,,,,,,,,,fast,100,Infinity,normal,Military PT 4,upset,kneeling,"(-11.1, -0.1, -4.7)",faint,"(0.0, 1.0, 0.0, 0.2)",normal,IMMEDIATE,still,,,,,,,,,,,,,,,,,0,
PLAYER_POSITIONS,184161,6/26/2026 12:55:26 PM,656b7e14-f368-4196-b68a-fdb1e1554fc8,2.0,,,,,,,,,,,,,,,,,,,,,,,,,,,,,,,,,,,"(-10.5, 0.8, -3.7)","(-10.7, 1.6, -3.9)","(-10.7, 1.0, -4.1)",
PLAYER_POSITIONS,184161,6/26/2026 12:55:26 PM,656b7e14-f368-4196-b68a-fdb1e1554fc8,2.0,,,,,,,,,,,,,,,,,,,,,,,,,,,,,,,,,,,"(-10.5, 0.8, -3.7)","(-10.7, 1.6, -3.9)","(-10.7, 1.0, -4.1)",
PLAYER_POSITIONS,184661,6/26/2026 12:55:26 PM,656b7e14-f368-4196-b68a-fdb1e1554fc8,2.0,,,,,,,,,,,,,,,,,,,,,,,,,,,,,,,,,,,"(-10.5, 0.8, -3.7)","(-10.7, 1.6, -3.9)","(-10.7, 1.0, -4.2)",
PLAYER_POSITIONS,184661,6/26/2026 12:55:26 PM,656b7e14-f368-4196-b68a-fdb1e1554fc8,2.0,,,,,,,,,,,,,,,,,,,,,,,,,,,,,,,,,,,"(-10.5, 0.8, -3.7)","(-10.7, 1.6, -3.9)","(-10.7, 1.0, -4.2)",
AUDIO_END,184705,6/26/2026 12:55:26 PM,656b7e14-f368-4196-b68a-fdb1e1554fc8,2.0,rpg get down,7.418776,
NARRATIVE_SECTION_END,184705,6/26/2026 12:55:26 PM,656b7e14-f368-4196-b68a-fdb1e1554fc8,2.0,,,,,,,,,,,,,,,,,,RPG get down,19,
NARRATIVE_SECTION_START,184745,6/26/2026 12:55:26 PM,656b7e14-f368-4196-b68a-fdb1e1554fc8,2.0,,,,,,,,,,,,,,,,,,Bravo taking fire on grid 3-1,20,
PLAYER_POSITIONS,185184,6/26/2026 12:55:27 PM,656b7e14-f368-4196-b68a-fdb1e1554fc8,2.0,,,,,,,,,,,,,,,,,,,,,,,,,,,,,,,,,,,"(-10.5, 0.8, -3.7)","(-10.7, 1.6, -3.9)","(-10.8, 1.0, -4.1)",
PLAYER_POSITIONS,185184,6/26/2026 12:55:27 PM,656b7e14-f368-4196-b68a-fdb1e1554fc8,2.0,,,,,,,,,,,,,,,,,,,,,,,,,,,,,,,,,,,"(-10.5, 0.8, -3.7)","(-10.7, 1.6, -3.9)","(-10.8, 1.0, -4.1)",
PLAYER_POSITIONS,185687,6/26/2026 12:55:27 PM,656b7e14-f368-4196-b68a-fdb1e1554fc8,2.0,,,,,,,,,,,,,,,,,,,,,,,,,,,,,,,,,,,"(-10.4, 0.8, -3.8)","(-10.5, 1.6, -3.9)","(-10.7, 1.0, -4.1)",
PLAYER_POSITIONS,185687,6/26/2026 12:55:27 PM,656b7e14-f368-4196-b68a-fdb1e1554fc8,2.0,,,,,,,,,,,,,,,,,,,,,,,,,,,,,,,,,,,"(-10.4, 0.8, -3.8)","(-10.5, 1.6, -3.9)","(-10.7, 1.0, -4.1)",
PLAYER_POSITIONS,186205,6/26/2026 12:55:28 PM,656b7e14-f368-4196-b68a-fdb1e1554fc8,2.0,,,,,,,,,,,,,,,,,,,,,,,,,,,,,,,,,,,"(-10.2, 0.8, -4.0)","(-10.4, 1.6, -4.1)","(-10.5, 1.0, -4.3)",
PLAYER_GAZE,186205,6/26/2026 12:55:28 PM,656b7e14-f368-4196-b68a-fdb1e1554fc8,2.0,,,,,,,,,,,,,,,,,,,,,,,,Military PT 4,,,,,,,,,"(0.7, 1.6, 0.6)",,,"(-11.1, 0.0, -4.7)",
PLAYER_POSITIONS,186205,6/26/2026 12:55:28 PM,656b7e14-f368-4196-b68a-fdb1e1554fc8,2.0,,,,,,,,,,,,,,,,,,,,,,,,,,,,,,,,,,,"(-10.2, 0.8, -4.0)","(-10.4, 1.6, -4.1)","(-10.5, 1.0, -4.3)",
PLAYER_GAZE,186205,6/26/2026 12:55:28 PM,656b7e14-f368-4196-b68a-fdb1e1554fc8,2.0,,,,,,,,,,,,,,,,,,,,,,,,Military PT 4,,,,,,,,,"(0.7, 1.6, 0.6)",,,"(-11.1, 0.0, -4.7)",
PLAYER_POSITIONS,186719,6/26/2026 12:55:28 PM,656b7e14-f368-4196-b68a-fdb1e1554fc8,2.0,,,,,,,,,,,,,,,,,,,,,,,,,,,,,,,,,,,"(-10.1, 0.8, -4.4)","(-10.3, 1.6, -4.3)","(-10.4, 1.0, -4.4)",
PLAYER_POSITIONS,186719,6/26/2026 12:55:28 PM,656b7e14-f368-4196-b68a-fdb1e1554fc8,2.0,,,,,,,,,,,,,,,,,,,,,,,,,,,,,,,,,,,"(-10.1, 0.8, -4.4)","(-10.3, 1.6, -4.3)","(-10.4, 1.0, -4.4)",
PLAYER_POSITIONS,187229,6/26/2026 12:55:29 PM,656b7e14-f368-4196-b68a-fdb1e1554fc8,2.0,,,,,,,,,,,,,,,,,,,,,,,,,,,,,,,,,,,"(-10.2, 0.8, -4.8)","(-10.4, 1.5, -4.7)","(-10.5, 0.9, -4.7)",
PLAYER_POSITIONS,187229,6/26/2026 12:55:29 PM,656b7e14-f368-4196-b68a-fdb1e1554fc8,2.0,,,,,,,,,,,,,,,,,,,,,,,,,,,,,,,,,,,"(-10.2, 0.8, -4.8)","(-10.4, 1.5, -4.7)","(-10.5, 0.9, -4.7)",
PLAYER_POSITIONS,187739,6/26/2026 12:55:29 PM,656b7e14-f368-4196-b68a-fdb1e1554fc8,2.0,,,,,,,,,,,,,,,,,,,,,,,,,,,,,,,,,,,"(-10.2, 0.8, -4.9)","(-10.4, 1.5, -4.7)","(-10.6, 0.9, -4.7)",
PLAYER_POSITIONS,187739,6/26/2026 12:55:29 PM,656b7e14-f368-4196-b68a-fdb1e1554fc8,2.0,,,,,,,,,,,,,,,,,,,,,,,,,,,,,,,,,,,"(-10.2, 0.8, -4.9)","(-10.4, 1.5, -4.7)","(-10.6, 0.9, -4.7)",
PULSE_TAKEN,187871,6/26/2026 12:55:30 PM,656b7e14-f368-4196-b68a-fdb1e1554fc8,2.0,,,,,,,,,,,,,,,,,,,,,,,,Military PT 4,,,,pulse_faint,
PLAYER_POSITIONS,188239,6/26/2026 12:55:30 PM,656b7e14-f368-4196-b68a-fdb1e1554fc8,2.0,,,,,,,,,,,,,,,,,,,,,,,,,,,,,,,,,,,"(-10.1, 0.8, -4.9)","(-10.4, 1.4, -4.6)","(-10.6, 0.9, -4.5)",
PLAYER_POSITIONS,188239,6/26/2026 12:55:30 PM,656b7e14-f368-4196-b68a-fdb1e1554fc8,2.0,,,,,,,,,,,,,,,,,,,,,,,,,,,,,,,,,,,"(-10.1, 0.8, -4.9)","(-10.4, 1.4, -4.6)","(-10.6, 0.9, -4.5)",
PLAYER_POSITIONS,188761,6/26/2026 12:55:30 PM,656b7e14-f368-4196-b68a-fdb1e1554fc8,2.0,,,,,,,,,,,,,,,,,,,,,,,,,,,,,,,,,,,"(-10.2, 0.8, -4.8)","(-10.3, 1.5, -4.5)","(-10.5, 0.9, -4.4)",
PLAYER_POSITIONS,188761,6/26/2026 12:55:30 PM,656b7e14-f368-4196-b68a-fdb1e1554fc8,2.0,,,,,,,,,,,,,,,,,,,,,,,,,,,,,,,,,,,"(-10.2, 0.8, -4.8)","(-10.3, 1.5, -4.5)","(-10.5, 0.9, -4.4)",
PLAYER_POSITIONS,189284,6/26/2026 12:55:31 PM,656b7e14-f368-4196-b68a-fdb1e1554fc8,2.0,,,,,,,,,,,,,,,,,,,,,,,,,,,,,,,,,,,"(-10.2, 0.8, -4.8)","(-10.3, 1.5, -4.5)","(-10.4, 0.7, -4.2)",
PLAYER_GAZE,189284,6/26/2026 12:55:31 PM,656b7e14-f368-4196-b68a-fdb1e1554fc8,2.0,,,,,,,,,,,,,,,,,,,,,,,,Military PT 4,,,,,,,,,"(0.8, 1.5, 0.2)",,,"(-11.1, 0.0, -4.7)",
PLAYER_POSITIONS,189284,6/26/2026 12:55:31 PM,656b7e14-f368-4196-b68a-fdb1e1554fc8,2.0,,,,,,,,,,,,,,,,,,,,,,,,,,,,,,,,,,,"(-10.2, 0.8, -4.8)","(-10.3, 1.5, -4.5)","(-10.4, 0.7, -4.2)",
PLAYER_GAZE,189284,6/26/2026 12:55:31 PM,656b7e14-f368-4196-b68a-fdb1e1554fc8,2.0,,,,,,,,,,,,,,,,,,,,,,,,Military PT 4,,,,,,,,,"(0.8, 1.5, 0.2)",,,"(-11.1, 0.0, -4.7)",
AUDIO_START,189755,6/26/2026 12:55:31 PM,656b7e14-f368-4196-b68a-fdb1e1554fc8,2.0,bravo taking fire on 3 1,3.709388,
PLAYER_POSITIONS,189794,6/26/2026 12:55:31 PM,656b7e14-f368-4196-b68a-fdb1e1554fc8,2.0,,,,,,,,,,,,,,,,,,,,,,,,,,,,,,,,,,,"(-10.2, 0.7, -4.8)","(-10.4, 1.4, -4.5)","(-10.7, 0.9, -4.3)",
PLAYER_GAZE,189794,6/26/2026 12:55:31 PM,656b7e14-f368-4196-b68a-fdb1e1554fc8,2.0,,,,,,,,,,,,,,,,,,,,,,,,Military PT 4,,,,,,,,,"(0.7, 1.4, 0.2)",,,"(-11.1, 0.0, -4.7)",
PLAYER_POSITIONS,189794,6/26/2026 12:55:31 PM,656b7e14-f368-4196-b68a-fdb1e1554fc8,2.0,,,,,,,,,,,,,,,,,,,,,,,,,,,,,,,,,,,"(-10.2, 0.7, -4.8)","(-10.4, 1.4, -4.5)","(-10.7, 0.9, -4.3)",
PLAYER_GAZE,189794,6/26/2026 12:55:31 PM,656b7e14-f368-4196-b68a-fdb1e1554fc8,2.0,,,,,,,,,,,,,,,,,,,,,,,,Military PT 4,,,,,,,,,"(0.7, 1.4, 0.2)",,,"(-11.1, 0.0, -4.7)",
TOOL_HOVER,189881,6/26/2026 12:55:32 PM,656b7e14-f368-4196-b68a-fdb1e1554fc8,2.0,,,,,,,,,,,,,,,,,,,,,,,,,,,,,,,,,,,,,,,,,,,,,,996,,Tourniquet,
TOOL_HOVER,189969,6/26/2026 12:55:32 PM,656b7e14-f368-4196-b68a-fdb1e1554fc8,2.0,,,,,,,,,,,,,,,,,,,,,,,,,,,,,,,,,,,,,,,,,,,,,,998,,Hemostatic Gauze,
TOOL_SELECTED,190225,6/26/2026 12:55:32 PM,656b7e14-f368-4196-b68a-fdb1e1554fc8,2.0,,,,,,,,,,,,,,,,,,,,,,,,,,,,,,,,,,,,,,,,,,,,,,997,,Hemostatic Gauze,
PLAYER_POSITIONS,190304,6/26/2026 12:55:32 PM,656b7e14-f368-4196-b68a-fdb1e1554fc8,2.0,,,,,,,,,,,,,,,,,,,,,,,,,,,,,,,,,,,"(-10.1, 0.7, -4.8)","(-10.5, 1.3, -4.5)","(-10.8, 0.8, -4.3)",
PLAYER_GAZE,190304,6/26/2026 12:55:32 PM,656b7e14-f368-4196-b68a-fdb1e1554fc8,2.0,,,,,,,,,,,,,,,,,,,,,,,,Military PT 4,,,,,,,,,"(0.6, 1.3, 0.3)",,,"(-11.1, 0.0, -4.7)",
PLAYER_POSITIONS,190304,6/26/2026 12:55:32 PM,656b7e14-f368-4196-b68a-fdb1e1554fc8,2.0,,,,,,,,,,,,,,,,,,,,,,,,,,,,,,,,,,,"(-10.1, 0.7, -4.8)","(-10.5, 1.3, -4.5)","(-10.8, 0.8, -4.3)",
PLAYER_GAZE,190304,6/26/2026 12:55:32 PM,656b7e14-f368-4196-b68a-fdb1e1554fc8,2.0,,,,,,,,,,,,,,,,,,,,,,,,Military PT 4,,,,,,,,,"(0.6, 1.3, 0.3)",,,"(-11.1, 0.0, -4.7)",
PLAYER_POSITIONS,190826,6/26/2026 12:55:32 PM,656b7e14-f368-4196-b68a-fdb1e1554fc8,2.0,,,,,,,,,,,,,,,,,,,,,,,,,,,,,,,,,,,"(-10.2, 0.7, -4.8)","(-10.4, 1.3, -4.6)","(-10.5, 0.7, -4.7)",
PLAYER_POSITIONS,190826,6/26/2026 12:55:32 PM,656b7e14-f368-4196-b68a-fdb1e1554fc8,2.0,,,,,,,,,,,,,,,,,,,,,,,,,,,,,,,,,,,"(-10.2, 0.7, -4.8)","(-10.4, 1.3, -4.6)","(-10.5, 0.7, -4.7)",
PLAYER_POSITIONS,191348,6/26/2026 12:55:33 PM,656b7e14-f368-4196-b68a-fdb1e1554fc8,2.0,,,,,,,,,,,,,,,,,,,,,,,,,,,,,,,,,,,"(-10.1, 0.7, -4.9)","(-10.4, 1.3, -4.8)","(-10.6, 0.7, -4.6)",
PLAYER_POSITIONS,191348,6/26/2026 12:55:33 PM,656b7e14-f368-4196-b68a-fdb1e1554fc8,2.0,,,,,,,,,,,,,,,,,,,,,,,,,,,,,,,,,,,"(-10.1, 0.7, -4.9)","(-10.4, 1.3, -4.8)","(-10.6, 0.7, -4.6)",
INJURY_TREATED,191526,6/26/2026 12:55:33 PM,656b7e14-f368-4196-b68a-fdb1e1554fc8,2.0,,,,,,,,,neck,R Neck Laceration,"(-10.6, 0.7, -4.6)",woundpack,1,1,high,True,True,,,,,,,Military PT 4,
TOOL_APPLIED,191527,6/26/2026 12:55:33 PM,656b7e14-f368-4196-b68a-fdb1e1554fc8,2.0,,,,,,,,,,,,,,,,,,,,,,,,Military PT 4,,,,,,,,,,,,,,,,,,,,AppliedPackingGauze,skinCollider_BodyCollideLOD (UnityEngine.GameObject),,Gauze Pack(Clone) (UnityEngine.GameObject),Hemostatic Gauze,
PLAYER_POSITIONS,191858,6/26/2026 12:55:33 PM,656b7e14-f368-4196-b68a-fdb1e1554fc8,2.0,,,,,,,,,,,,,,,,,,,,,,,,,,,,,,,,,,,"(-10.1, 0.7, -4.9)","(-10.4, 1.3, -4.8)","(-10.6, 0.7, -4.6)",
PLAYER_POSITIONS,191858,6/26/2026 12:55:33 PM,656b7e14-f368-4196-b68a-fdb1e1554fc8,2.0,,,,,,,,,,,,,,,,,,,,,,,,,,,,,,,,,,,"(-10.1, 0.7, -4.9)","(-10.4, 1.3, -4.8)","(-10.6, 0.7, -4.6)",
PLAYER_POSITIONS,192378,6/26/2026 12:55:34 PM,656b7e14-f368-4196-b68a-fdb1e1554fc8,2.0,,,,,,,,,,,,,,,,,,,,,,,,,,,,,,,,,,,"(-10.2, 0.8, -4.8)","(-10.2, 1.6, -4.7)","(-10.2, 0.9, -4.4)",
PLAYER_POSITIONS,192378,6/26/2026 12:55:34 PM,656b7e14-f368-4196-b68a-fdb1e1554fc8,2.0,,,,,,,,,,,,,,,,,,,,,,,,,,,,,,,,,,,"(-10.2, 0.8, -4.8)","(-10.2, 1.6, -4.7)","(-10.2, 0.9, -4.4)",
BAG_CLOSED,192400,6/26/2026 12:55:34 PM,656b7e14-f368-4196-b68a-fdb1e1554fc8,2.0,,,,,,,,,,,,,,,,,,,,,,,,,,,,,,,,,,,,"(0.0, 0.0, 0.0)",
PLAYER_POSITIONS,192896,6/26/2026 12:55:35 PM,656b7e14-f368-4196-b68a-fdb1e1554fc8,2.0,,,,,,,,,,,,,,,,,,,,,,,,,,,,,,,,,,,"(-10.5, 0.9, -4.4)","(-10.3, 1.7, -4.2)","(-10.5, 1.0, -4.0)",
PLAYER_POSITIONS,192896,6/26/2026 12:55:35 PM,656b7e14-f368-4196-b68a-fdb1e1554fc8,2.0,,,,,,,,,,,,,,,,,,,,,,,,,,,,,,,,,,,"(-10.5, 0.9, -4.4)","(-10.3, 1.7, -4.2)","(-10.5, 1.0, -4.0)",
VOICE_CAPTURE,193131,6/26/2026 12:55:35 PM,656b7e14-f368-4196-b68a-fdb1e1554fc8,2.0,,,,,,,,,,,,,,,,,,,,,,,,,,,,,,,,,,,,,,,,,,,,,,,,,,,NA,Thank you.,
PLAYER_POSITIONS,193407,6/26/2026 12:55:35 PM,656b7e14-f368-4196-b68a-fdb1e1554fc8,2.0,,,,,,,,,,,,,,,,,,,,,,,,,,,,,,,,,,,"(-10.8, 0.9, -4.2)","(-10.6, 1.7, -4.0)","(-10.8, 1.0, -3.8)",
PLAYER_GAZE,193407,6/26/2026 12:55:35 PM,656b7e14-f368-4196-b68a-fdb1e1554fc8,2.0,,,,,,,,,,,,,,,,,,,,,,,,Civilian PT 8,,,,,,,,,"(5.2, 1.7, -2.2)",,,"(-15.8, 0.0, -1.8)",
PLAYER_POSITIONS,193407,6/26/2026 12:55:35 PM,656b7e14-f368-4196-b68a-fdb1e1554fc8,2.0,,,,,,,,,,,,,,,,,,,,,,,,,,,,,,,,,,,"(-10.8, 0.9, -4.2)","(-10.6, 1.7, -4.0)","(-10.8, 1.0, -3.8)",
PLAYER_GAZE,193407,6/26/2026 12:55:35 PM,656b7e14-f368-4196-b68a-fdb1e1554fc8,2.0,,,,,,,,,,,,,,,,,,,,,,,,Civilian PT 8,,,,,,,,,"(5.2, 1.7, -2.2)",,,"(-15.8, 0.0, -1.8)",
AUDIO_END,193473,6/26/2026 12:55:35 PM,656b7e14-f368-4196-b68a-fdb1e1554fc8,2.0,bravo taking fire on 3 1,3.709388,
NARRATIVE_SECTION_END,193473,6/26/2026 12:55:35 PM,656b7e14-f368-4196-b68a-fdb1e1554fc8,2.0,,,,,,,,,,,,,,,,,,Bravo taking fire on grid 3-1,20,
NARRATIVE_SECTION_START,193492,6/26/2026 12:55:35 PM,656b7e14-f368-4196-b68a-fdb1e1554fc8,2.0,,,,,,,,,,,,,,,,,,Echo can you suppress,21,
PLAYER_POSITIONS,193918,6/26/2026 12:55:36 PM,656b7e14-f368-4196-b68a-fdb1e1554fc8,2.0,,,,,,,,,,,,,,,,,,,,,,,,,,,,,,,,,,,"(-11.5, 1.0, -3.9)","(-11.2, 1.7, -3.8)","(-11.5, 1.1, -3.6)",
PLAYER_POSITIONS,193918,6/26/2026 12:55:36 PM,656b7e14-f368-4196-b68a-fdb1e1554fc8,2.0,,,,,,,,,,,,,,,,,,,,,,,,,,,,,,,,,,,"(-11.5, 1.0, -3.9)","(-11.2, 1.7, -3.8)","(-11.5, 1.1, -3.6)",
PLAYER_POSITIONS,194418,6/26/2026 12:55:36 PM,656b7e14-f368-4196-b68a-fdb1e1554fc8,2.0,,,,,,,,,,,,,,,,,,,,,,,,,,,,,,,,,,,"(-12.1, 0.9, -3.4)","(-11.9, 1.7, -3.4)","(-12.0, 1.1, -3.1)",
PLAYER_GAZE,194418,6/26/2026 12:55:36 PM,656b7e14-f368-4196-b68a-fdb1e1554fc8,2.0,,,,,,,,,,,,,,,,,,,,,,,,Military PT 9,,,,,,,,,"(0.8, 1.7, -1.6)",,,"(-12.7, 0.0, -1.8)",
PLAYER_POSITIONS,194418,6/26/2026 12:55:36 PM,656b7e14-f368-4196-b68a-fdb1e1554fc8,2.0,,,,,,,,,,,,,,,,,,,,,,,,,,,,,,,,,,,"(-12.1, 0.9, -3.4)","(-11.9, 1.7, -3.4)","(-12.0, 1.1, -3.1)",
PLAYER_GAZE,194418,6/26/2026 12:55:36 PM,656b7e14-f368-4196-b68a-fdb1e1554fc8,2.0,,,,,,,,,,,,,,,,,,,,,,,,Military PT 9,,,,,,,,,"(0.8, 1.7, -1.6)",,,"(-12.7, 0.0, -1.8)",
PATIENT_DISENGAGED,194697,6/26/2026 12:55:36 PM,656b7e14-f368-4196-b68a-fdb1e1554fc8,2.0,,,,10.79,,,,,,,,,,,,,,,,fast,100,Infinity,normal,Military PT 4,upset,kneeling,"(-11.1, -0.1, -4.7)",faint,"(0.0, 1.0, 0.0, 0.2)",normal,IMMEDIATE,still,,,,,,,,,,,,,,,,,10.79,
PLAYER_POSITIONS,194932,6/26/2026 12:55:37 PM,656b7e14-f368-4196-b68a-fdb1e1554fc8,2.0,,,,,,,,,,,,,,,,,,,,,,,,,,,,,,,,,,,"(-12.4, 0.9, -3.3)","(-12.2, 1.7, -3.2)","(-12.3, 1.0, -3.0)",
PLAYER_POSITIONS,194932,6/26/2026 12:55:37 PM,656b7e14-f368-4196-b68a-fdb1e1554fc8,2.0,,,,,,,,,,,,,,,,,,,,,,,,,,,,,,,,,,,"(-12.4, 0.9, -3.3)","(-12.2, 1.7, -3.2)","(-12.3, 1.0, -3.0)",
TELEPORT,195388,6/26/2026 12:55:37 PM,656b7e14-f368-4196-b68a-fdb1e1554fc8,2.0,,,,,,,,,,,,,,,,,,,,,,,,,,,,,,,,,,,,"(-12.3, 1.7, -3.2)",,,,,,,"(-12.5, 1.7, -3.1)",
PLAYER_POSITIONS,195454,6/26/2026 12:55:37 PM,656b7e14-f368-4196-b68a-fdb1e1554fc8,2.0,,,,,,,,,,,,,,,,,,,,,,,,,,,,,,,,,,,"(-12.7, 0.9, -3.1)","(-12.5, 1.7, -3.1)","(-12.6, 1.0, -2.9)",
PLAYER_POSITIONS,195454,6/26/2026 12:55:37 PM,656b7e14-f368-4196-b68a-fdb1e1554fc8,2.0,,,,,,,,,,,,,,,,,,,,,,,,,,,,,,,,,,,"(-12.7, 0.9, -3.1)","(-12.5, 1.7, -3.1)","(-12.6, 1.0, -2.9)",
AUDIO_START,195481,6/26/2026 12:55:37 PM,656b7e14-f368-4196-b68a-fdb1e1554fc8,2.0,echo can you suppress that target,3.578775,
PLAYER_POSITIONS,195965,6/26/2026 12:55:38 PM,656b7e14-f368-4196-b68a-fdb1e1554fc8,2.0,,,,,,,,,,,,,,,,,,,,,,,,,,,,,,,,,,,"(-13.1, 0.9, -2.9)","(-12.9, 1.7, -2.8)","(-13.0, 1.0, -2.6)",
PLAYER_POSITIONS,195965,6/26/2026 12:55:38 PM,656b7e14-f368-4196-b68a-fdb1e1554fc8,2.0,,,,,,,,,,,,,,,,,,,,,,,,,,,,,,,,,,,"(-13.1, 0.9, -2.9)","(-12.9, 1.7, -2.8)","(-13.0, 1.0, -2.6)",
PLAYER_POSITIONS,196477,6/26/2026 12:55:38 PM,656b7e14-f368-4196-b68a-fdb1e1554fc8,2.0,,,,,,,,,,,,,,,,,,,,,,,,,,,,,,,,,,,"(-13.5, 0.9, -2.4)","(-13.2, 1.7, -2.3)","(-13.4, 1.0, -2.2)",
PLAYER_POSITIONS,196477,6/26/2026 12:55:38 PM,656b7e14-f368-4196-b68a-fdb1e1554fc8,2.0,,,,,,,,,,,,,,,,,,,,,,,,,,,,,,,,,,,"(-13.5, 0.9, -2.4)","(-13.2, 1.7, -2.3)","(-13.4, 1.0, -2.2)",
PLAYER_POSITIONS,196985,6/26/2026 12:55:39 PM,656b7e14-f368-4196-b68a-fdb1e1554fc8,2.0,,,,,,,,,,,,,,,,,,,,,,,,,,,,,,,,,,,"(-13.5, 0.9, -2.0)","(-13.2, 1.7, -2.0)","(-13.2, 1.0, -1.8)",
PLAYER_POSITIONS,196985,6/26/2026 12:55:39 PM,656b7e14-f368-4196-b68a-fdb1e1554fc8,2.0,,,,,,,,,,,,,,,,,,,,,,,,,,,,,,,,,,,"(-13.5, 0.9, -2.0)","(-13.2, 1.7, -2.0)","(-13.2, 1.0, -1.8)",
PLAYER_POSITIONS,197514,6/26/2026 12:55:39 PM,656b7e14-f368-4196-b68a-fdb1e1554fc8,2.0,,,,,,,,,,,,,,,,,,,,,,,,,,,,,,,,,,,"(-13.7, 0.9, -1.8)","(-13.5, 1.7, -1.9)","(-13.4, 1.0, -1.7)",
PLAYER_POSITIONS,197514,6/26/2026 12:55:39 PM,656b7e14-f368-4196-b68a-fdb1e1554fc8,2.0,,,,,,,,,,,,,,,,,,,,,,,,,,,,,,,,,,,"(-13.7, 0.9, -1.8)","(-13.5, 1.7, -1.9)","(-13.4, 1.0, -1.7)",
PLAYER_POSITIONS,198006,6/26/2026 12:55:40 PM,656b7e14-f368-4196-b68a-fdb1e1554fc8,2.0,,,,,,,,,,,,,,,,,,,,,,,,,,,,,,,,,,,"(-13.9, 0.9, -1.9)","(-13.7, 1.7, -1.9)","(-13.7, 1.0, -1.7)",
PLAYER_POSITIONS,198006,6/26/2026 12:55:40 PM,656b7e14-f368-4196-b68a-fdb1e1554fc8,2.0,,,,,,,,,,,,,,,,,,,,,,,,,,,,,,,,,,,"(-13.9, 0.9, -1.9)","(-13.7, 1.7, -1.9)","(-13.7, 1.0, -1.7)",
PLAYER_POSITIONS,198534,6/26/2026 12:55:40 PM,656b7e14-f368-4196-b68a-fdb1e1554fc8,2.0,,,,,,,,,,,,,,,,,,,,,,,,,,,,,,,,,,,"(-13.9, 0.9, -2.0)","(-13.7, 1.7, -1.9)","(-13.8, 1.0, -1.7)",
PLAYER_POSITIONS,198534,6/26/2026 12:55:40 PM,656b7e14-f368-4196-b68a-fdb1e1554fc8,2.0,,,,,,,,,,,,,,,,,,,,,,,,,,,,,,,,,,,"(-13.9, 0.9, -2.0)","(-13.7, 1.7, -1.9)","(-13.8, 1.0, -1.7)",
TELEPORT,198882,6/26/2026 12:55:41 PM,656b7e14-f368-4196-b68a-fdb1e1554fc8,2.0,,,,,,,,,,,,,,,,,,,,,,,,,,,,,,,,,,,,"(-13.7, 1.7, -1.9)",,,,,,,"(-16.2, 1.7, -1.0)",
PATIENT_ENGAGED,198991,6/26/2026 12:55:41 PM,656b7e14-f368-4196-b68a-fdb1e1554fc8,2.0,,,,0,,,,,,,,,,,,,,,,normal,100,Infinity,normal,Civilian PT 7,agony,recovery,"(-17.6, -0.1, -0.1)",normal,"(0.0, 0.5, 0.0, 0.9)",normal,DELAYED,still,,,,,,,,,,,,,,,,,0,
PLAYER_POSITIONS,199038,6/26/2026 12:55:41 PM,656b7e14-f368-4196-b68a-fdb1e1554fc8,2.0,,,,,,,,,,,,,,,,,,,,,,,,,,,,,,,,,,,"(-16.4, 0.9, -1.0)","(-16.2, 1.7, -0.9)","(-16.3, 1.0, -0.8)",
PLAYER_GAZE,199038,6/26/2026 12:55:41 PM,656b7e14-f368-4196-b68a-fdb1e1554fc8,2.0,,,,,,,,,,,,,,,,,,,,,,,,Civilian PT 7,,,,,,,,,"(1.4, 1.7, -0.8)",,,"(-17.6, 0.0, -0.1)",
PLAYER_POSITIONS,199038,6/26/2026 12:55:41 PM,656b7e14-f368-4196-b68a-fdb1e1554fc8,2.0,,,,,,,,,,,,,,,,,,,,,,,,,,,,,,,,,,,"(-16.4, 0.9, -1.0)","(-16.2, 1.7, -0.9)","(-16.3, 1.0, -0.8)",
PLAYER_GAZE,199038,6/26/2026 12:55:41 PM,656b7e14-f368-4196-b68a-fdb1e1554fc8,2.0,,,,,,,,,,,,,,,,,,,,,,,,Civilian PT 7,,,,,,,,,"(1.4, 1.7, -0.8)",,,"(-17.6, 0.0, -0.1)",
AUDIO_END,199071,6/26/2026 12:55:41 PM,656b7e14-f368-4196-b68a-fdb1e1554fc8,2.0,echo can you suppress that target,3.578775,
NARRATIVE_SECTION_END,199071,6/26/2026 12:55:41 PM,656b7e14-f368-4196-b68a-fdb1e1554fc8,2.0,,,,,,,,,,,,,,,,,,Echo can you suppress,21,
NARRATIVE_SECTION_START,199102,6/26/2026 12:55:41 PM,656b7e14-f368-4196-b68a-fdb1e1554fc8,2.0,,,,,,,,,,,,,,,,,,Negative we need a show of force,22,
PLAYER_POSITIONS,199549,6/26/2026 12:55:41 PM,656b7e14-f368-4196-b68a-fdb1e1554fc8,2.0,,,,,,,,,,,,,,,,,,,,,,,,,,,,,,,,,,,"(-16.6, 0.9, -1.1)","(-16.4, 1.6, -1.0)","(-16.5, 0.9, -0.8)",
PLAYER_POSITIONS,199549,6/26/2026 12:55:41 PM,656b7e14-f368-4196-b68a-fdb1e1554fc8,2.0,,,,,,,,,,,,,,,,,,,,,,,,,,,,,,,,,,,"(-16.6, 0.9, -1.1)","(-16.4, 1.6, -1.0)","(-16.5, 0.9, -0.8)",
PLAYER_POSITIONS,200071,6/26/2026 12:55:42 PM,656b7e14-f368-4196-b68a-fdb1e1554fc8,2.0,,,,,,,,,,,,,,,,,,,,,,,,,,,,,,,,,,,"(-16.7, 0.9, -1.2)","(-16.5, 1.6, -1.1)","(-16.5, 1.0, -1.0)",
PLAYER_POSITIONS,200071,6/26/2026 12:55:42 PM,656b7e14-f368-4196-b68a-fdb1e1554fc8,2.0,,,,,,,,,,,,,,,,,,,,,,,,,,,,,,,,,,,"(-16.7, 0.9, -1.2)","(-16.5, 1.6, -1.1)","(-16.5, 1.0, -1.0)",
PLAYER_POSITIONS,200587,6/26/2026 12:55:42 PM,656b7e14-f368-4196-b68a-fdb1e1554fc8,2.0,,,,,,,,,,,,,,,,,,,,,,,,,,,,,,,,,,,"(-16.7, 0.9, -1.2)","(-16.5, 1.6, -1.1)","(-16.5, 1.0, -0.9)",
PLAYER_GAZE,200587,6/26/2026 12:55:42 PM,656b7e14-f368-4196-b68a-fdb1e1554fc8,2.0,,,,,,,,,,,,,,,,,,,,,,,,Civilian PT 7,,,,,,,,,"(1.1, 1.6, -1.0)",,,"(-17.6, 0.0, -0.1)",
PLAYER_POSITIONS,200587,6/26/2026 12:55:42 PM,656b7e14-f368-4196-b68a-fdb1e1554fc8,2.0,,,,,,,,,,,,,,,,,,,,,,,,,,,,,,,,,,,"(-16.7, 0.9, -1.2)","(-16.5, 1.6, -1.1)","(-16.5, 1.0, -0.9)",
PLAYER_GAZE,200587,6/26/2026 12:55:42 PM,656b7e14-f368-4196-b68a-fdb1e1554fc8,2.0,,,,,,,,,,,,,,,,,,,,,,,,Civilian PT 7,,,,,,,,,"(1.1, 1.6, -1.0)",,,"(-17.6, 0.0, -0.1)",
AUDIO_START,201104,6/26/2026 12:55:43 PM,656b7e14-f368-4196-b68a-fdb1e1554fc8,2.0,negative we need a show of force,5.067755,
PLAYER_POSITIONS,201104,6/26/2026 12:55:43 PM,656b7e14-f368-4196-b68a-fdb1e1554fc8,2.0,,,,,,,,,,,,,,,,,,,,,,,,,,,,,,,,,,,"(-16.6, 0.9, -1.0)","(-16.4, 1.7, -1.1)","(-16.3, 0.9, -0.9)",
PLAYER_POSITIONS,201104,6/26/2026 12:55:43 PM,656b7e14-f368-4196-b68a-fdb1e1554fc8,2.0,,,,,,,,,,,,,,,,,,,,,,,,,,,,,,,,,,,"(-16.6, 0.9, -1.0)","(-16.4, 1.7, -1.1)","(-16.3, 0.9, -0.9)",
PLAYER_POSITIONS,201602,6/26/2026 12:55:43 PM,656b7e14-f368-4196-b68a-fdb1e1554fc8,2.0,,,,,,,,,,,,,,,,,,,,,,,,,,,,,,,,,,,"(-16.5, 0.9, -0.8)","(-16.4, 1.6, -1.1)","(-16.2, 0.9, -1.2)",
PLAYER_POSITIONS,201602,6/26/2026 12:55:43 PM,656b7e14-f368-4196-b68a-fdb1e1554fc8,2.0,,,,,,,,,,,,,,,,,,,,,,,,,,,,,,,,,,,"(-16.5, 0.9, -0.8)","(-16.4, 1.6, -1.1)","(-16.2, 0.9, -1.2)",
VOICE_CAPTURE,201645,6/26/2026 12:55:43 PM,656b7e14-f368-4196-b68a-fdb1e1554fc8,2.0,,,,,,,,,,,,,,,,,,,,,,,,,,,,,,,,,,,,,,,,,,,,,,,,,,,NA,"Oh, he is back.",
PLAYER_POSITIONS,202134,6/26/2026 12:55:44 PM,656b7e14-f368-4196-b68a-fdb1e1554fc8,2.0,,,,,,,,,,,,,,,,,,,,,,,,,,,,,,,,,,,"(-16.3, 0.9, -0.7)","(-16.2, 1.6, -0.9)","(-16.0, 0.9, -0.9)",
PLAYER_POSITIONS,202134,6/26/2026 12:55:44 PM,656b7e14-f368-4196-b68a-fdb1e1554fc8,2.0,,,,,,,,,,,,,,,,,,,,,,,,,,,,,,,,,,,"(-16.3, 0.9, -0.7)","(-16.2, 1.6, -0.9)","(-16.0, 0.9, -0.9)",
VOICE_CAPTURE,202166,6/26/2026 12:55:44 PM,656b7e14-f368-4196-b68a-fdb1e1554fc8,2.0,,,,,,,,,,,,,,,,,,,,,,,,,,,,,,,,,,,,,,,,,,,,,,,,,,,NA,"Oh, he is back.",
VOICE_CAPTURE,202166,6/26/2026 12:55:44 PM,656b7e14-f368-4196-b68a-fdb1e1554fc8,2.0,,,,,,,,,,,,,,,,,,,,,,,,,,,,,,,,,,,,,,,,,,,,,,,,,,,NA,"Oh, he is back.",
PLAYER_POSITIONS,202644,6/26/2026 12:55:44 PM,656b7e14-f368-4196-b68a-fdb1e1554fc8,2.0,,,,,,,,,,,,,,,,,,,,,,,,,,,,,,,,,,,"(-16.1, 0.9, -0.5)","(-16.0, 1.6, -0.7)","(-15.8, 0.9, -0.7)",
PLAYER_POSITIONS,202644,6/26/2026 12:55:44 PM,656b7e14-f368-4196-b68a-fdb1e1554fc8,2.0,,,,,,,,,,,,,,,,,,,,,,,,,,,,,,,,,,,"(-16.1, 0.9, -0.5)","(-16.0, 1.6, -0.7)","(-15.8, 0.9, -0.7)",
PATIENT_DISENGAGED,202687,6/26/2026 12:55:44 PM,656b7e14-f368-4196-b68a-fdb1e1554fc8,2.0,,,,3.69,,,,,,,,,,,,,,,,normal,100,Infinity,normal,Civilian PT 7,agony,recovery,"(-17.6, -0.1, -0.1)",normal,"(0.0, 0.5, 0.0, 0.9)",normal,DELAYED,still,,,,,,,,,,,,,,,,,3.69,
PATIENT_ENGAGED,202800,6/26/2026 12:55:44 PM,656b7e14-f368-4196-b68a-fdb1e1554fc8,2.0,,,,0,,,,,,,,,,,,,,,,normal,100,Infinity,normal,Civilian PT 3,upset,prone,"(-14.3, -0.1, 1.6)",normal,"(0.0, 0.0, 0.0, 1.0)",normal,DELAYED,still,,,,,,,,,,,,,,,,,13.18,
TELEPORT,202911,6/26/2026 12:55:45 PM,656b7e14-f368-4196-b68a-fdb1e1554fc8,2.0,,,,,,,,,,,,,,,,,,,,,,,,,,,,,,,,,,,,"(-16.0, 1.6, -0.7)",,,,,,,"(-14.8, 1.6, 0.3)",
PLAYER_POSITIONS,203154,6/26/2026 12:55:45 PM,656b7e14-f368-4196-b68a-fdb1e1554fc8,2.0,,,,,,,,,,,,,,,,,,,,,,,,,,,,,,,,,,,"(-14.9, 0.9, 0.5)","(-14.7, 1.6, 0.2)","(-14.6, 0.9, 0.2)",
PLAYER_POSITIONS,203154,6/26/2026 12:55:45 PM,656b7e14-f368-4196-b68a-fdb1e1554fc8,2.0,,,,,,,,,,,,,,,,,,,,,,,,,,,,,,,,,,,"(-14.9, 0.9, 0.5)","(-14.7, 1.6, 0.2)","(-14.6, 0.9, 0.2)",
VOICE_CAPTURE,203155,6/26/2026 12:55:45 PM,656b7e14-f368-4196-b68a-fdb1e1554fc8,2.0,,,,,,,,,,,,,,,,,,,,,,,,,,,,,,,,,,,,,,,,,,,,,,,,,,,NA,but...,
PLAYER_POSITIONS,203655,6/26/2026 12:55:45 PM,656b7e14-f368-4196-b68a-fdb1e1554fc8,2.0,,,,,,,,,,,,,,,,,,,,,,,,,,,,,,,,,,,"(-14.6, 0.9, 0.6)","(-14.6, 1.7, 0.4)","(-14.4, 1.0, 0.2)",
PLAYER_GAZE,203655,6/26/2026 12:55:45 PM,656b7e14-f368-4196-b68a-fdb1e1554fc8,2.0,,,,,,,,,,,,,,,,,,,,,,,,Civilian PT 3,,,,,,,,,"(-0.3, 1.7, -1.1)",,,"(-14.3, 0.0, 1.6)",
PLAYER_POSITIONS,203655,6/26/2026 12:55:45 PM,656b7e14-f368-4196-b68a-fdb1e1554fc8,2.0,,,,,,,,,,,,,,,,,,,,,,,,,,,,,,,,,,,"(-14.6, 0.9, 0.6)","(-14.6, 1.7, 0.4)","(-14.4, 1.0, 0.2)",
PLAYER_GAZE,203655,6/26/2026 12:55:45 PM,656b7e14-f368-4196-b68a-fdb1e1554fc8,2.0,,,,,,,,,,,,,,,,,,,,,,,,Civilian PT 3,,,,,,,,,"(-0.3, 1.7, -1.1)",,,"(-14.3, 0.0, 1.6)",
VOICE_CAPTURE,203689,6/26/2026 12:55:45 PM,656b7e14-f368-4196-b68a-fdb1e1554fc8,2.0,,,,,,,,,,,,,,,,,,,,,,,,,,,,,,,,,,,,,,,,,,,,,,,,,,,NA,but...,
PLAYER_POSITIONS,204165,6/26/2026 12:55:46 PM,656b7e14-f368-4196-b68a-fdb1e1554fc8,2.0,,,,,,,,,,,,,,,,,,,,,,,,,,,,,,,,,,,"(-14.5, 0.9, 0.8)","(-14.6, 1.7, 0.6)","(-14.3, 1.0, 0.4)",
PLAYER_POSITIONS,204165,6/26/2026 12:55:46 PM,656b7e14-f368-4196-b68a-fdb1e1554fc8,2.0,,,,,,,,,,,,,,,,,,,,,,,,,,,,,,,,,,,"(-14.5, 0.9, 0.8)","(-14.6, 1.7, 0.6)","(-14.3, 1.0, 0.4)",
VOICE_CAPTURE,204198,6/26/2026 12:55:46 PM,656b7e14-f368-4196-b68a-fdb1e1554fc8,2.0,,,,,,,,,,,,,,,,,,,,,,,,,,,,,,,,,,,,,,,,,,,,,,,,,,,NA,but...,
PLAYER_POSITIONS,204666,6/26/2026 12:55:46 PM,656b7e14-f368-4196-b68a-fdb1e1554fc8,2.0,,,,,,,,,,,,,,,,,,,,,,,,,,,,,,,,,,,"(-14.6, 0.9, 0.8)","(-14.6, 1.7, 0.6)","(-14.2, 1.0, 0.5)",
PLAYER_POSITIONS,204666,6/26/2026 12:55:46 PM,656b7e14-f368-4196-b68a-fdb1e1554fc8,2.0,,,,,,,,,,,,,,,,,,,,,,,,,,,,,,,,,,,"(-14.6, 0.9, 0.8)","(-14.6, 1.7, 0.6)","(-14.2, 1.0, 0.5)",
VOICE_CAPTURE,204699,6/26/2026 12:55:46 PM,656b7e14-f368-4196-b68a-fdb1e1554fc8,2.0,,,,,,,,,,,,,,,,,,,,,,,,,,,,,,,,,,,,,,,,,,,,,,,,,,,NA,but...,
PLAYER_POSITIONS,205167,6/26/2026 12:55:47 PM,656b7e14-f368-4196-b68a-fdb1e1554fc8,2.0,,,,,,,,,,,,,,,,,,,,,,,,,,,,,,,,,,,"(-14.5, 0.9, 0.8)","(-14.5, 1.7, 0.5)","(-14.2, 1.0, 0.4)",
PLAYER_POSITIONS,205167,6/26/2026 12:55:47 PM,656b7e14-f368-4196-b68a-fdb1e1554fc8,2.0,,,,,,,,,,,,,,,,,,,,,,,,,,,,,,,,,,,"(-14.5, 0.9, 0.8)","(-14.5, 1.7, 0.5)","(-14.2, 1.0, 0.4)",
VOICE_CAPTURE,205199,6/26/2026 12:55:47 PM,656b7e14-f368-4196-b68a-fdb1e1554fc8,2.0,,,,,,,,,,,,,,,,,,,,,,,,,,,,,,,,,,,,,,,,,,,,,,,,,,,NA,but...,
VOICE_CAPTURE,205654,6/26/2026 12:55:47 PM,656b7e14-f368-4196-b68a-fdb1e1554fc8,2.0,,,,,,,,,,,,,,,,,,,,,,,,,,,,,,,,,,,,,,,,,,,,,,,,,,,NA,but...,
PLAYER_POSITIONS,205675,6/26/2026 12:55:47 PM,656b7e14-f368-4196-b68a-fdb1e1554fc8,2.0,,,,,,,,,,,,,,,,,,,,,,,,,,,,,,,,,,,"(-14.4, 0.9, 0.7)","(-14.5, 1.7, 0.5)","(-14.3, 1.0, 0.4)",
PLAYER_POSITIONS,205675,6/26/2026 12:55:47 PM,656b7e14-f368-4196-b68a-fdb1e1554fc8,2.0,,,,,,,,,,,,,,,,,,,,,,,,,,,,,,,,,,,"(-14.4, 0.9, 0.7)","(-14.5, 1.7, 0.5)","(-14.3, 1.0, 0.4)",
AUDIO_END,206175,6/26/2026 12:55:48 PM,656b7e14-f368-4196-b68a-fdb1e1554fc8,2.0,negative we need a show of force,5.067755,
NARRATIVE_SECTION_END,206175,6/26/2026 12:55:48 PM,656b7e14-f368-4196-b68a-fdb1e1554fc8,2.0,,,,,,,,,,,,,,,,,,Negative we need a show of force,22,
PLAYER_POSITIONS,206175,6/26/2026 12:55:48 PM,656b7e14-f368-4196-b68a-fdb1e1554fc8,2.0,,,,,,,,,,,,,,,,,,,,,,,,,,,,,,,,,,,"(-14.5, 0.9, 0.7)","(-14.6, 1.7, 0.5)","(-14.3, 1.0, 0.4)",
PLAYER_POSITIONS,206175,6/26/2026 12:55:48 PM,656b7e14-f368-4196-b68a-fdb1e1554fc8,2.0,,,,,,,,,,,,,,,,,,,,,,,,,,,,,,,,,,,"(-14.5, 0.9, 0.7)","(-14.6, 1.7, 0.5)","(-14.3, 1.0, 0.4)",
VOICE_CAPTURE,206175,6/26/2026 12:55:48 PM,656b7e14-f368-4196-b68a-fdb1e1554fc8,2.0,,,,,,,,,,,,,,,,,,,,,,,,,,,,,,,,,,,,,,,,,,,,,,,,,,,NA,but...,
NARRATIVE_SECTION_START,206222,6/26/2026 12:55:48 PM,656b7e14-f368-4196-b68a-fdb1e1554fc8,2.0,,,,,,,,,,,,,,,,,,Commanding officer approval,23,
VOICE_CAPTURE,206673,6/26/2026 12:55:48 PM,656b7e14-f368-4196-b68a-fdb1e1554fc8,2.0,,,,,,,,,,,,,,,,,,,,,,,,,,,,,,,,,,,,,,,,,,,,,,,,,,,NA,but...,
PLAYER_POSITIONS,206695,6/26/2026 12:55:48 PM,656b7e14-f368-4196-b68a-fdb1e1554fc8,2.0,,,,,,,,,,,,,,,,,,,,,,,,,,,,,,,,,,,"(-14.5, 0.9, 0.7)","(-14.5, 1.7, 0.5)","(-14.3, 1.1, 0.3)",
PLAYER_POSITIONS,206695,6/26/2026 12:55:48 PM,656b7e14-f368-4196-b68a-fdb1e1554fc8,2.0,,,,,,,,,,,,,,,,,,,,,,,,,,,,,,,,,,,"(-14.5, 0.9, 0.7)","(-14.5, 1.7, 0.5)","(-14.3, 1.1, 0.3)",
VOICE_CAPTURE,207161,6/26/2026 12:55:49 PM,656b7e14-f368-4196-b68a-fdb1e1554fc8,2.0,,,,,,,,,,,,,,,,,,,,,,,,,,,,,,,,,,,,,,,,,,,,,,,,,,,NA,but...,
PLAYER_POSITIONS,207204,6/26/2026 12:55:49 PM,656b7e14-f368-4196-b68a-fdb1e1554fc8,2.0,,,,,,,,,,,,,,,,,,,,,,,,,,,,,,,,,,,"(-14.3, 0.9, 0.5)","(-14.6, 1.7, 0.5)","(-14.6, 1.1, 0.1)",
PLAYER_GAZE,207204,6/26/2026 12:55:49 PM,656b7e14-f368-4196-b68a-fdb1e1554fc8,2.0,,,,,,,,,,,,,,,,,,,,,,,,Civilian PT 15,,,,,,,,,"(-0.2, 1.7, 0.8)",,,"(-14.4, 0.0, -0.3)",
PLAYER_POSITIONS,207204,6/26/2026 12:55:49 PM,656b7e14-f368-4196-b68a-fdb1e1554fc8,2.0,,,,,,,,,,,,,,,,,,,,,,,,,,,,,,,,,,,"(-14.3, 0.9, 0.5)","(-14.6, 1.7, 0.5)","(-14.6, 1.1, 0.1)",
PLAYER_GAZE,207204,6/26/2026 12:55:49 PM,656b7e14-f368-4196-b68a-fdb1e1554fc8,2.0,,,,,,,,,,,,,,,,,,,,,,,,Civilian PT 15,,,,,,,,,"(-0.2, 1.7, 0.8)",,,"(-14.4, 0.0, -0.3)",
VOICE_CAPTURE,207681,6/26/2026 12:55:49 PM,656b7e14-f368-4196-b68a-fdb1e1554fc8,2.0,,,,,,,,,,,,,,,,,,,,,,,,,,,,,,,,,,,,,,,,,,,,,,,,,,,NA,but...,
PLAYER_POSITIONS,207724,6/26/2026 12:55:49 PM,656b7e14-f368-4196-b68a-fdb1e1554fc8,2.0,,,,,,,,,,,,,,,,,,,,,,,,,,,,,,,,,,,"(-14.4, 0.8, 0.5)","(-14.6, 1.7, 0.5)","(-14.6, 1.1, 0.1)",
PLAYER_GAZE,207724,6/26/2026 12:55:49 PM,656b7e14-f368-4196-b68a-fdb1e1554fc8,2.0,,,,,,,,,,,,,,,,,,,,,,,,Civilian PT 15,,,,,,,,,"(-0.2, 1.7, 0.8)",,,"(-14.4, 0.0, -0.3)",
PLAYER_POSITIONS,207724,6/26/2026 12:55:49 PM,656b7e14-f368-4196-b68a-fdb1e1554fc8,2.0,,,,,,,,,,,,,,,,,,,,,,,,,,,,,,,,,,,"(-14.4, 0.8, 0.5)","(-14.6, 1.7, 0.5)","(-14.6, 1.1, 0.1)",
PLAYER_GAZE,207724,6/26/2026 12:55:49 PM,656b7e14-f368-4196-b68a-fdb1e1554fc8,2.0,,,,,,,,,,,,,,,,,,,,,,,,Civilian PT 15,,,,,,,,,"(-0.2, 1.7, 0.8)",,,"(-14.4, 0.0, -0.3)",
VOICE_CAPTURE,208146,6/26/2026 12:55:50 PM,656b7e14-f368-4196-b68a-fdb1e1554fc8,2.0,,,,,,,,,,,,,,,,,,,,,,,,,,,,,,,,,,,,,,,,,,,,,,,,,,,NA,but...,
AUDIO_START,208219,6/26/2026 12:55:50 PM,656b7e14-f368-4196-b68a-fdb1e1554fc8,2.0,commanding officer approval,5.067755,
PLAYER_POSITIONS,208238,6/26/2026 12:55:50 PM,656b7e14-f368-4196-b68a-fdb1e1554fc8,2.0,,,,,,,,,,,,,,,,,,,,,,,,,,,,,,,,,,,"(-14.4, 0.8, 0.5)","(-14.6, 1.7, 0.5)","(-14.6, 1.1, 0.2)",
PLAYER_POSITIONS,208238,6/26/2026 12:55:50 PM,656b7e14-f368-4196-b68a-fdb1e1554fc8,2.0,,,,,,,,,,,,,,,,,,,,,,,,,,,,,,,,,,,"(-14.4, 0.8, 0.5)","(-14.6, 1.7, 0.5)","(-14.6, 1.1, 0.2)",
VOICE_CAPTURE,208676,6/26/2026 12:55:50 PM,656b7e14-f368-4196-b68a-fdb1e1554fc8,2.0,,,,,,,,,,,,,,,,,,,,,,,,,,,,,,,,,,,,,,,,,,,,,,,,,,,NA,but...,
PLAYER_POSITIONS,208744,6/26/2026 12:55:50 PM,656b7e14-f368-4196-b68a-fdb1e1554fc8,2.0,,,,,,,,,,,,,,,,,,,,,,,,,,,,,,,,,,,"(-14.4, 0.8, 0.7)","(-14.6, 1.7, 0.6)","(-14.3, 1.1, 0.3)",
PLAYER_POSITIONS,208744,6/26/2026 12:55:50 PM,656b7e14-f368-4196-b68a-fdb1e1554fc8,2.0,,,,,,,,,,,,,,,,,,,,,,,,,,,,,,,,,,,"(-14.4, 0.8, 0.7)","(-14.6, 1.7, 0.6)","(-14.3, 1.1, 0.3)",
VOICE_CAPTURE,209144,6/26/2026 12:55:51 PM,656b7e14-f368-4196-b68a-fdb1e1554fc8,2.0,,,,,,,,,,,,,,,,,,,,,,,,,,,,,,,,,,,,,,,,,,,,,,,,,,,NA,but...,
PLAYER_POSITIONS,209253,6/26/2026 12:55:51 PM,656b7e14-f368-4196-b68a-fdb1e1554fc8,2.0,,,,,,,,,,,,,,,,,,,,,,,,,,,,,,,,,,,"(-14.3, 1.1, 0.9)","(-14.6, 1.7, 0.7)","(-14.3, 1.1, 0.5)",
PLAYER_POSITIONS,209253,6/26/2026 12:55:51 PM,656b7e14-f368-4196-b68a-fdb1e1554fc8,2.0,,,,,,,,,,,,,,,,,,,,,,,,,,,,,,,,,,,"(-14.3, 1.1, 0.9)","(-14.6, 1.7, 0.7)","(-14.3, 1.1, 0.5)",
VOICE_CAPTURE,209654,6/26/2026 12:55:51 PM,656b7e14-f368-4196-b68a-fdb1e1554fc8,2.0,,,,,,,,,,,,,,,,,,,,,,,,,,,,,,,,,,,,,,,,,,,,,,,,,,,NA,but...,
PLAYER_POSITIONS,209765,6/26/2026 12:55:51 PM,656b7e14-f368-4196-b68a-fdb1e1554fc8,2.0,,,,,,,,,,,,,,,,,,,,,,,,,,,,,,,,,,,"(-14.3, 1.5, 0.9)","(-14.6, 1.7, 0.7)","(-14.3, 1.1, 0.4)",
PLAYER_POSITIONS,209765,6/26/2026 12:55:51 PM,656b7e14-f368-4196-b68a-fdb1e1554fc8,2.0,,,,,,,,,,,,,,,,,,,,,,,,,,,,,,,,,,,"(-14.3, 1.5, 0.9)","(-14.6, 1.7, 0.7)","(-14.3, 1.1, 0.4)",
VOICE_CAPTURE,210168,6/26/2026 12:55:52 PM,656b7e14-f368-4196-b68a-fdb1e1554fc8,2.0,,,,,,,,,,,,,,,,,,,,,,,,,,,,,,,,,,,,,,,,,,,,,,,,,,,NA,but...,
PLAYER_POSITIONS,210268,6/26/2026 12:55:52 PM,656b7e14-f368-4196-b68a-fdb1e1554fc8,2.0,,,,,,,,,,,,,,,,,,,,,,,,,,,,,,,,,,,"(-14.3, 1.4, 0.5)","(-14.5, 1.7, 0.5)","(-14.4, 1.1, 0.3)",
PLAYER_POSITIONS,210268,6/26/2026 12:55:52 PM,656b7e14-f368-4196-b68a-fdb1e1554fc8,2.0,,,,,,,,,,,,,,,,,,,,,,,,,,,,,,,,,,,"(-14.3, 1.4, 0.5)","(-14.5, 1.7, 0.5)","(-14.4, 1.1, 0.3)",
PATIENT_DISENGAGED,210363,6/26/2026 12:55:52 PM,656b7e14-f368-4196-b68a-fdb1e1554fc8,2.0,,,,7.56,,,,,,,,,,,,,,,,normal,100,Infinity,normal,Civilian PT 3,upset,prone,"(-14.3, -0.1, 1.6)",normal,"(0.0, 0.0, 0.0, 1.0)",normal,DELAYED,still,,,,,,,,,,,,,,,,,20.73,
PATIENT_ENGAGED,210363,6/26/2026 12:55:52 PM,656b7e14-f368-4196-b68a-fdb1e1554fc8,2.0,,,,0,,,,,,,,,,,,,,,,fast,100,Infinity,normal,Civilian PT 15,upset,supine,"(-14.4, -0.1, -0.3)",fast,"(0.0, 0.8, 0.0, 0.6)",normal,IMMEDIATE,still,,,,,,,,,,,,,,,,,0,
VOICE_CAPTURE,210632,6/26/2026 12:55:52 PM,656b7e14-f368-4196-b68a-fdb1e1554fc8,2.0,,,,,,,,,,,,,,,,,,,,,,,,,,,,,,,,,,,,,,,,,,,,,,,,,,,NA,but... Thank you.,
PLAYER_POSITIONS,210771,6/26/2026 12:55:52 PM,656b7e14-f368-4196-b68a-fdb1e1554fc8,2.0,,,,,,,,,,,,,,,,,,,,,,,,,,,,,,,,,,,"(-14.6, 0.9, 0.4)","(-14.7, 1.6, 0.3)","(-14.7, 1.1, 0.1)",
PLAYER_POSITIONS,210771,6/26/2026 12:55:52 PM,656b7e14-f368-4196-b68a-fdb1e1554fc8,2.0,,,,,,,,,,,,,,,,,,,,,,,,,,,,,,,,,,,"(-14.6, 0.9, 0.4)","(-14.7, 1.6, 0.3)","(-14.7, 1.1, 0.1)",
VOICE_CAPTURE,211092,6/26/2026 12:55:53 PM,656b7e14-f368-4196-b68a-fdb1e1554fc8,2.0,,,,,,,,,,,,,,,,,,,,,,,,,,,,,,,,,,,,,,,,,,,,,,,,,,,NA,but... Thank you.,
VOICE_CAPTURE,211092,6/26/2026 12:55:53 PM,656b7e14-f368-4196-b68a-fdb1e1554fc8,2.0,,,,,,,,,,,,,,,,,,,,,,,,,,,,,,,,,,,,,,,,,,,,,,,,,,,NA,but... Thank you.,
PLAYER_POSITIONS,211281,6/26/2026 12:55:53 PM,656b7e14-f368-4196-b68a-fdb1e1554fc8,2.0,,,,,,,,,,,,,,,,,,,,,,,,,,,,,,,,,,,"(-14.5, 0.9, 0.3)","(-14.9, 1.6, 0.2)","(-15.1, 0.9, -0.1)",
PLAYER_POSITIONS,211281,6/26/2026 12:55:53 PM,656b7e14-f368-4196-b68a-fdb1e1554fc8,2.0,,,,,,,,,,,,,,,,,,,,,,,,,,,,,,,,,,,"(-14.5, 0.9, 0.3)","(-14.9, 1.6, 0.2)","(-15.1, 0.9, -0.1)",
PLAYER_POSITIONS,211793,6/26/2026 12:55:53 PM,656b7e14-f368-4196-b68a-fdb1e1554fc8,2.0,,,,,,,,,,,,,,,,,,,,,,,,,,,,,,,,,,,"(-14.6, 0.9, 0.3)","(-14.9, 1.5, 0.1)","(-15.1, 1.0, -0.3)",
PLAYER_POSITIONS,211793,6/26/2026 12:55:53 PM,656b7e14-f368-4196-b68a-fdb1e1554fc8,2.0,,,,,,,,,,,,,,,,,,,,,,,,,,,,,,,,,,,"(-14.6, 0.9, 0.3)","(-14.9, 1.5, 0.1)","(-15.1, 1.0, -0.3)",
TOOL_HOVER,211878,6/26/2026 12:55:54 PM,656b7e14-f368-4196-b68a-fdb1e1554fc8,2.0,,,,,,,,,,,,,,,,,,,,,,,,,,,,,,,,,,,,,,,,,,,,,,998,,Chest Seal,
TOOL_HOVER,211967,6/26/2026 12:55:54 PM,656b7e14-f368-4196-b68a-fdb1e1554fc8,2.0,,,,,,,,,,,,,,,,,,,,,,,,,,,,,,,,,,,,,,,,,,,,,,999,,Gauze Wrap,
PLAYER_POSITIONS,212315,6/26/2026 12:55:54 PM,656b7e14-f368-4196-b68a-fdb1e1554fc8,2.0,,,,,,,,,,,,,,,,,,,,,,,,,,,,,,,,,,,"(-14.5, 0.9, 0.3)","(-14.9, 1.4, 0.0)","(-15.1, 0.9, -0.4)",
PLAYER_POSITIONS,212315,6/26/2026 12:55:54 PM,656b7e14-f368-4196-b68a-fdb1e1554fc8,2.0,,,,,,,,,,,,,,,,,,,,,,,,,,,,,,,,,,,"(-14.5, 0.9, 0.3)","(-14.9, 1.4, 0.0)","(-15.1, 0.9, -0.4)",
TOOL_SELECTED,212379,6/26/2026 12:55:54 PM,656b7e14-f368-4196-b68a-fdb1e1554fc8,2.0,,,,,,,,,,,,,,,,,,,,,,,,,,,,,,,,,,,,,,,,,,,,,,998,,Gauze Wrap,
PLAYER_POSITIONS,212827,6/26/2026 12:55:54 PM,656b7e14-f368-4196-b68a-fdb1e1554fc8,2.0,,,,,,,,,,,,,,,,,,,,,,,,,,,,,,,,,,,"(-14.6, 0.9, 0.3)","(-14.9, 1.4, 0.0)","(-15.1, 0.9, -0.4)",
PLAYER_POSITIONS,212827,6/26/2026 12:55:54 PM,656b7e14-f368-4196-b68a-fdb1e1554fc8,2.0,,,,,,,,,,,,,,,,,,,,,,,,,,,,,,,,,,,"(-14.6, 0.9, 0.3)","(-14.9, 1.4, 0.0)","(-15.1, 0.9, -0.4)",
TOOL_DISCARDED,213066,6/26/2026 12:55:55 PM,656b7e14-f368-4196-b68a-fdb1e1554fc8,2.0,,,,,,,,,,,,,,,,,,,,,,,,Civilian PT 15,,,,,,,,,,,,"(-15.0, 0.9, -0.3)",,,,,,,,,,998,,Gauze Wrap,
TOOL_HOVER,213069,6/26/2026 12:55:55 PM,656b7e14-f368-4196-b68a-fdb1e1554fc8,2.0,,,,,,,,,,,,,,,,,,,,,,,,,,,,,,,,,,,,,,,,,,,,,,999,,Gauze Wrap,
AUDIO_END,213281,6/26/2026 12:55:55 PM,656b7e14-f368-4196-b68a-fdb1e1554fc8,2.0,commanding officer approval,5.067755,
NARRATIVE_SECTION_END,213281,6/26/2026 12:55:55 PM,656b7e14-f368-4196-b68a-fdb1e1554fc8,2.0,,,,,,,,,,,,,,,,,,Commanding officer approval,23,
NARRATIVE_SECTION_START,213322,6/26/2026 12:55:55 PM,656b7e14-f368-4196-b68a-fdb1e1554fc8,2.0,,,,,,,,,,,,,,,,,,Show of force approved,24,
PLAYER_POSITIONS,213347,6/26/2026 12:55:55 PM,656b7e14-f368-4196-b68a-fdb1e1554fc8,2.0,,,,,,,,,,,,,,,,,,,,,,,,,,,,,,,,,,,"(-14.5, 0.9, 0.4)","(-14.9, 1.4, 0.0)","(-15.1, 0.9, -0.4)",
PLAYER_POSITIONS,213347,6/26/2026 12:55:55 PM,656b7e14-f368-4196-b68a-fdb1e1554fc8,2.0,,,,,,,,,,,,,,,,,,,,,,,,,,,,,,,,,,,"(-14.5, 0.9, 0.4)","(-14.9, 1.4, 0.0)","(-15.1, 0.9, -0.4)",
TOOL_HOVER,213367,6/26/2026 12:55:55 PM,656b7e14-f368-4196-b68a-fdb1e1554fc8,2.0,,,,,,,,,,,,,,,,,,,,,,,,,,,,,,,,,,,,,,,,,,,,,,999,,Israeli Wrap,
TOOL_SELECTED,213680,6/26/2026 12:55:55 PM,656b7e14-f368-4196-b68a-fdb1e1554fc8,2.0,,,,,,,,,,,,,,,,,,,,,,,,,,,,,,,,,,,,,,,,,,,,,,998,,Israeli Wrap,
PLAYER_POSITIONS,213859,6/26/2026 12:55:55 PM,656b7e14-f368-4196-b68a-fdb1e1554fc8,2.0,,,,,,,,,,,,,,,,,,,,,,,,,,,,,,,,,,,"(-14.6, 0.9, 0.3)","(-14.9, 1.4, 0.0)","(-15.1, 0.9, -0.4)",
PLAYER_POSITIONS,213859,6/26/2026 12:55:55 PM,656b7e14-f368-4196-b68a-fdb1e1554fc8,2.0,,,,,,,,,,,,,,,,,,,,,,,,,,,,,,,,,,,"(-14.6, 0.9, 0.3)","(-14.9, 1.4, 0.0)","(-15.1, 0.9, -0.4)",
BAG_CLOSED,214124,6/26/2026 12:55:56 PM,656b7e14-f368-4196-b68a-fdb1e1554fc8,2.0,,,,,,,,,,,,,,,,,,,,,,,,,,,,,,,,,,,,"(0.0, 0.0, 0.0)",
PLAYER_POSITIONS,214369,6/26/2026 12:55:56 PM,656b7e14-f368-4196-b68a-fdb1e1554fc8,2.0,,,,,,,,,,,,,,,,,,,,,,,,,,,,,,,,,,,"(-14.6, 0.7, 0.1)","(-14.8, 1.1, -0.1)","(-14.9, 0.5, -0.3)",
PLAYER_POSITIONS,214369,6/26/2026 12:55:56 PM,656b7e14-f368-4196-b68a-fdb1e1554fc8,2.0,,,,,,,,,,,,,,,,,,,,,,,,,,,,,,,,,,,"(-14.6, 0.7, 0.1)","(-14.8, 1.1, -0.1)","(-14.9, 0.5, -0.3)",
PLAYER_POSITIONS,214874,6/26/2026 12:55:57 PM,656b7e14-f368-4196-b68a-fdb1e1554fc8,2.0,,,,,,,,,,,,,,,,,,,,,,,,,,,,,,,,,,,"(-14.6, 0.5, -0.1)","(-14.7, 0.8, -0.3)","(-14.8, 0.1, -0.4)",
PLAYER_POSITIONS,214874,6/26/2026 12:55:57 PM,656b7e14-f368-4196-b68a-fdb1e1554fc8,2.0,,,,,,,,,,,,,,,,,,,,,,,,,,,,,,,,,,,"(-14.6, 0.5, -0.1)","(-14.7, 0.8, -0.3)","(-14.8, 0.1, -0.4)",
AUDIO_START,215324,6/26/2026 12:55:57 PM,656b7e14-f368-4196-b68a-fdb1e1554fc8,2.0,show of force approved,5.067755,
PLAYER_POSITIONS,215385,6/26/2026 12:55:57 PM,656b7e14-f368-4196-b68a-fdb1e1554fc8,2.0,,,,,,,,,,,,,,,,,,,,,,,,,,,,,,,,,,,"(-14.7, 0.5, -0.2)","(-14.7, 0.7, -0.3)","(-14.8, 0.0, -0.4)",
PLAYER_POSITIONS,215385,6/26/2026 12:55:57 PM,656b7e14-f368-4196-b68a-fdb1e1554fc8,2.0,,,,,,,,,,,,,,,,,,,,,,,,,,,,,,,,,,,"(-14.7, 0.5, -0.2)","(-14.7, 0.7, -0.3)","(-14.8, 0.0, -0.4)",
INJURY_TREATED,215679,6/26/2026 12:55:57 PM,656b7e14-f368-4196-b68a-fdb1e1554fc8,2.0,,,,,,,,,abdomen,L Stomach Laceration,"(-14.8, 0.1, -0.5)",woundpack,1,1,medium,True,True,,,,,,,Civilian PT 15,
TOOL_APPLIED,215679,6/26/2026 12:55:57 PM,656b7e14-f368-4196-b68a-fdb1e1554fc8,2.0,,,,,,,,,,,,,,,,,,,,,,,,Civilian PT 15,,,,,,,,,,,,,,,,,,,,AppliedIsraeliWrap,skinCollider_BodyLOD (UnityEngine.GameObject),,Israeli Wrap(Clone) (UnityEngine.GameObject),Israeli Wrap,
PLAYER_POSITIONS,215896,6/26/2026 12:55:58 PM,656b7e14-f368-4196-b68a-fdb1e1554fc8,2.0,,,,,,,,,,,,,,,,,,,,,,,,,,,,,,,,,,,"(-14.7, 0.5, -0.1)","(-14.7, 0.7, -0.2)","(-14.8, 0.0, -0.5)",
PLAYER_POSITIONS,215896,6/26/2026 12:55:58 PM,656b7e14-f368-4196-b68a-fdb1e1554fc8,2.0,,,,,,,,,,,,,,,,,,,,,,,,,,,,,,,,,,,"(-14.7, 0.5, -0.1)","(-14.7, 0.7, -0.2)","(-14.8, 0.0, -0.5)",
PLAYER_POSITIONS,216407,6/26/2026 12:55:58 PM,656b7e14-f368-4196-b68a-fdb1e1554fc8,2.0,,,,,,,,,,,,,,,,,,,,,,,,,,,,,,,,,,,"(-14.6, 0.5, -0.2)","(-14.7, 0.9, -0.1)","(-14.7, 0.4, -0.3)",
PLAYER_POSITIONS,216407,6/26/2026 12:55:58 PM,656b7e14-f368-4196-b68a-fdb1e1554fc8,2.0,,,,,,,,,,,,,,,,,,,,,,,,,,,,,,,,,,,"(-14.6, 0.5, -0.2)","(-14.7, 0.9, -0.1)","(-14.7, 0.4, -0.3)",
PLAYER_POSITIONS,216929,6/26/2026 12:55:59 PM,656b7e14-f368-4196-b68a-fdb1e1554fc8,2.0,,,,,,,,,,,,,,,,,,,,,,,,,,,,,,,,,,,"(-14.6, 0.5, -0.2)","(-14.7, 0.9, -0.1)","(-15.0, 0.6, -0.4)",
PLAYER_POSITIONS,216929,6/26/2026 12:55:59 PM,656b7e14-f368-4196-b68a-fdb1e1554fc8,2.0,,,,,,,,,,,,,,,,,,,,,,,,,,,,,,,,,,,"(-14.6, 0.5, -0.2)","(-14.7, 0.9, -0.1)","(-15.0, 0.6, -0.4)",
PLAYER_POSITIONS,217475,6/26/2026 12:55:59 PM,656b7e14-f368-4196-b68a-fdb1e1554fc8,2.0,,,,,,,,,,,,,,,,,,,,,,,,,,,,,,,,,,,"(-14.6, 0.5, -0.1)","(-14.7, 0.9, -0.1)","(-14.9, 0.5, -0.5)",
PLAYER_POSITIONS,217475,6/26/2026 12:55:59 PM,656b7e14-f368-4196-b68a-fdb1e1554fc8,2.0,,,,,,,,,,,,,,,,,,,,,,,,,,,,,,,,,,,"(-14.6, 0.5, -0.1)","(-14.7, 0.9, -0.1)","(-14.9, 0.5, -0.5)",
PLAYER_POSITIONS,217989,6/26/2026 12:56:00 PM,656b7e14-f368-4196-b68a-fdb1e1554fc8,2.0,,,,,,,,,,,,,,,,,,,,,,,,,,,,,,,,,,,"(-14.6, 0.5, -0.1)","(-14.7, 0.8, -0.1)","(-14.8, 0.4, -0.5)",
PLAYER_POSITIONS,217989,6/26/2026 12:56:00 PM,656b7e14-f368-4196-b68a-fdb1e1554fc8,2.0,,,,,,,,,,,,,,,,,,,,,,,,,,,,,,,,,,,"(-14.6, 0.5, -0.1)","(-14.7, 0.8, -0.1)","(-14.8, 0.4, -0.5)",
TAG_SELECTED,218099,6/26/2026 12:56:00 PM,656b7e14-f368-4196-b68a-fdb1e1554fc8,2.0,,,,,,,,,,,,,,,,,,,,,,,,,,,,,,,,,,,,,,,,,,yellow,
PLAYER_POSITIONS,218509,6/26/2026 12:56:00 PM,656b7e14-f368-4196-b68a-fdb1e1554fc8,2.0,,,,,,,,,,,,,,,,,,,,,,,,,,,,,,,,,,,"(-14.6, 0.5, -0.1)","(-14.7, 0.7, -0.1)","(-14.9, 0.1, -0.2)",
PLAYER_POSITIONS,218509,6/26/2026 12:56:00 PM,656b7e14-f368-4196-b68a-fdb1e1554fc8,2.0,,,,,,,,,,,,,,,,,,,,,,,,,,,,,,,,,,,"(-14.6, 0.5, -0.1)","(-14.7, 0.7, -0.1)","(-14.9, 0.1, -0.2)",
PLAYER_POSITIONS,219017,6/26/2026 12:56:01 PM,656b7e14-f368-4196-b68a-fdb1e1554fc8,2.0,,,,,,,,,,,,,,,,,,,,,,,,,,,,,,,,,,,"(-14.7, 0.5, -0.1)","(-14.8, 0.7, -0.1)","(-15.0, 0.0, -0.2)",
PLAYER_POSITIONS,219017,6/26/2026 12:56:01 PM,656b7e14-f368-4196-b68a-fdb1e1554fc8,2.0,,,,,,,,,,,,,,,,,,,,,,,,,,,,,,,,,,,"(-14.7, 0.5, -0.1)","(-14.8, 0.7, -0.1)","(-15.0, 0.0, -0.2)",
TAG_APPLIED,219134,6/26/2026 12:56:01 PM,656b7e14-f368-4196-b68a-fdb1e1554fc8,2.0,,,,,,,,,,,,,,,,,,,,,,,,Civilian PT 15,,,,,,,,,,,,,,,,,,yellow,
PLAYER_POSITIONS,219532,6/26/2026 12:56:01 PM,656b7e14-f368-4196-b68a-fdb1e1554fc8,2.0,,,,,,,,,,,,,,,,,,,,,,,,,,,,,,,,,,,"(-14.7, 0.5, -0.1)","(-14.8, 0.7, -0.1)","(-15.0, 0.2, -0.3)",
PLAYER_POSITIONS,219532,6/26/2026 12:56:01 PM,656b7e14-f368-4196-b68a-fdb1e1554fc8,2.0,,,,,,,,,,,,,,,,,,,,,,,,,,,,,,,,,,,"(-14.7, 0.5, -0.1)","(-14.8, 0.7, -0.1)","(-15.0, 0.2, -0.3)",
BAG_CLOSED,219775,6/26/2026 12:56:01 PM,656b7e14-f368-4196-b68a-fdb1e1554fc8,2.0,,,,,,,,,,,,,,,,,,,,,,,,,,,,,,,,,,,,"(0.0, 0.0, 0.0)",
PLAYER_POSITIONS,220056,6/26/2026 12:56:02 PM,656b7e14-f368-4196-b68a-fdb1e1554fc8,2.0,,,,,,,,,,,,,,,,,,,,,,,,,,,,,,,,,,,"(-14.6, 0.4, -0.3)","(-14.7, 0.9, -0.1)","(-14.6, 0.5, -0.3)",
PLAYER_POSITIONS,220056,6/26/2026 12:56:02 PM,656b7e14-f368-4196-b68a-fdb1e1554fc8,2.0,,,,,,,,,,,,,,,,,,,,,,,,,,,,,,,,,,,"(-14.6, 0.4, -0.3)","(-14.7, 0.9, -0.1)","(-14.6, 0.5, -0.3)",
AUDIO_END,220401,6/26/2026 12:56:02 PM,656b7e14-f368-4196-b68a-fdb1e1554fc8,2.0,show of force approved,5.067755,
NARRATIVE_SECTION_END,220401,6/26/2026 12:56:02 PM,656b7e14-f368-4196-b68a-fdb1e1554fc8,2.0,,,,,,,,,,,,,,,,,,Show of force approved,24,
NARRATIVE_SECTION_START,220467,6/26/2026 12:56:02 PM,656b7e14-f368-4196-b68a-fdb1e1554fc8,2.0,,,,,,,,,,,,,,,,,,Copy echo standby,25,
PLAYER_POSITIONS,220583,6/26/2026 12:56:02 PM,656b7e14-f368-4196-b68a-fdb1e1554fc8,2.0,,,,,,,,,,,,,,,,,,,,,,,,,,,,,,,,,,,"(-14.6, 0.4, -0.2)","(-14.6, 0.9, -0.1)","(-14.7, 0.4, -0.3)",
PLAYER_GAZE,220583,6/26/2026 12:56:02 PM,656b7e14-f368-4196-b68a-fdb1e1554fc8,2.0,,,,,,,,,,,,,,,,,,,,,,,,Civilian PT 15,,,,,,,,,"(-0.2, 0.9, 0.3)",,,"(-14.4, 0.0, -0.3)",
PLAYER_POSITIONS,220583,6/26/2026 12:56:02 PM,656b7e14-f368-4196-b68a-fdb1e1554fc8,2.0,,,,,,,,,,,,,,,,,,,,,,,,,,,,,,,,,,,"(-14.6, 0.4, -0.2)","(-14.6, 0.9, -0.1)","(-14.7, 0.4, -0.3)",
PLAYER_GAZE,220583,6/26/2026 12:56:02 PM,656b7e14-f368-4196-b68a-fdb1e1554fc8,2.0,,,,,,,,,,,,,,,,,,,,,,,,Civilian PT 15,,,,,,,,,"(-0.2, 0.9, 0.3)",,,"(-14.4, 0.0, -0.3)",
PLAYER_POSITIONS,221090,6/26/2026 12:56:03 PM,656b7e14-f368-4196-b68a-fdb1e1554fc8,2.0,,,,,,,,,,,,,,,,,,,,,,,,,,,,,,,,,,,"(-14.6, 0.4, -0.2)","(-14.6, 1.0, 0.0)","(-14.8, 0.6, -0.3)",
PLAYER_GAZE,221090,6/26/2026 12:56:03 PM,656b7e14-f368-4196-b68a-fdb1e1554fc8,2.0,,,,,,,,,,,,,,,,,,,,,,,,Civilian PT 15,,,,,,,,,"(-0.2, 1.0, 0.3)",,,"(-14.4, 0.0, -0.3)",
PLAYER_POSITIONS,221090,6/26/2026 12:56:03 PM,656b7e14-f368-4196-b68a-fdb1e1554fc8,2.0,,,,,,,,,,,,,,,,,,,,,,,,,,,,,,,,,,,"(-14.6, 0.4, -0.2)","(-14.6, 1.0, 0.0)","(-14.8, 0.6, -0.3)",
PLAYER_GAZE,221090,6/26/2026 12:56:03 PM,656b7e14-f368-4196-b68a-fdb1e1554fc8,2.0,,,,,,,,,,,,,,,,,,,,,,,,Civilian PT 15,,,,,,,,,"(-0.2, 1.0, 0.3)",,,"(-14.4, 0.0, -0.3)",
PLAYER_POSITIONS,221624,6/26/2026 12:56:03 PM,656b7e14-f368-4196-b68a-fdb1e1554fc8,2.0,,,,,,,,,,,,,,,,,,,,,,,,,,,,,,,,,,,"(-14.6, 0.4, -0.2)","(-14.6, 1.0, 0.1)","(-14.8, 0.5, -0.3)",
PLAYER_GAZE,221624,6/26/2026 12:56:03 PM,656b7e14-f368-4196-b68a-fdb1e1554fc8,2.0,,,,,,,,,,,,,,,,,,,,,,,,Civilian PT 15,,,,,,,,,"(-0.2, 1.0, 0.4)",,,"(-14.4, 0.0, -0.3)",
PLAYER_POSITIONS,221624,6/26/2026 12:56:03 PM,656b7e14-f368-4196-b68a-fdb1e1554fc8,2.0,,,,,,,,,,,,,,,,,,,,,,,,,,,,,,,,,,,"(-14.6, 0.4, -0.2)","(-14.6, 1.0, 0.1)","(-14.8, 0.5, -0.3)",
PLAYER_GAZE,221624,6/26/2026 12:56:03 PM,656b7e14-f368-4196-b68a-fdb1e1554fc8,2.0,,,,,,,,,,,,,,,,,,,,,,,,Civilian PT 15,,,,,,,,,"(-0.2, 1.0, 0.4)",,,"(-14.4, 0.0, -0.3)",
PLAYER_POSITIONS,222125,6/26/2026 12:56:04 PM,656b7e14-f368-4196-b68a-fdb1e1554fc8,2.0,,,,,,,,,,,,,,,,,,,,,,,,,,,,,,,,,,,"(-14.7, 0.3, -0.1)","(-14.6, 1.0, 0.1)","(-14.6, 0.5, -0.1)",
PLAYER_GAZE,222125,6/26/2026 12:56:04 PM,656b7e14-f368-4196-b68a-fdb1e1554fc8,2.0,,,,,,,,,,,,,,,,,,,,,,,,Civilian PT 15,,,,,,,,,"(-0.2, 1.0, 0.4)",,,"(-14.4, 0.0, -0.3)",
PLAYER_POSITIONS,222125,6/26/2026 12:56:04 PM,656b7e14-f368-4196-b68a-fdb1e1554fc8,2.0,,,,,,,,,,,,,,,,,,,,,,,,,,,,,,,,,,,"(-14.7, 0.3, -0.1)","(-14.6, 1.0, 0.1)","(-14.6, 0.5, -0.1)",
PLAYER_GAZE,222125,6/26/2026 12:56:04 PM,656b7e14-f368-4196-b68a-fdb1e1554fc8,2.0,,,,,,,,,,,,,,,,,,,,,,,,Civilian PT 15,,,,,,,,,"(-0.2, 1.0, 0.4)",,,"(-14.4, 0.0, -0.3)",
AUDIO_START,222461,6/26/2026 12:56:04 PM,656b7e14-f368-4196-b68a-fdb1e1554fc8,2.0,copy echo standby,3.056327,
PLAYER_POSITIONS,222635,6/26/2026 12:56:04 PM,656b7e14-f368-4196-b68a-fdb1e1554fc8,2.0,,,,,,,,,,,,,,,,,,,,,,,,,,,,,,,,,,,"(-14.7, 0.3, -0.1)","(-14.6, 1.0, 0.1)","(-14.6, 0.5, -0.1)",
PLAYER_GAZE,222635,6/26/2026 12:56:04 PM,656b7e14-f368-4196-b68a-fdb1e1554fc8,2.0,,,,,,,,,,,,,,,,,,,,,,,,Civilian PT 15,,,,,,,,,"(-0.2, 1.0, 0.4)",,,"(-14.4, 0.0, -0.3)",
PLAYER_POSITIONS,222635,6/26/2026 12:56:04 PM,656b7e14-f368-4196-b68a-fdb1e1554fc8,2.0,,,,,,,,,,,,,,,,,,,,,,,,,,,,,,,,,,,"(-14.7, 0.3, -0.1)","(-14.6, 1.0, 0.1)","(-14.6, 0.5, -0.1)",
PLAYER_GAZE,222635,6/26/2026 12:56:04 PM,656b7e14-f368-4196-b68a-fdb1e1554fc8,2.0,,,,,,,,,,,,,,,,,,,,,,,,Civilian PT 15,,,,,,,,,"(-0.2, 1.0, 0.4)",,,"(-14.4, 0.0, -0.3)",
PLAYER_POSITIONS,223147,6/26/2026 12:56:05 PM,656b7e14-f368-4196-b68a-fdb1e1554fc8,2.0,,,,,,,,,,,,,,,,,,,,,,,,,,,,,,,,,,,"(-14.7, 0.3, -0.1)","(-14.6, 1.0, 0.1)","(-14.6, 0.5, -0.1)",
PLAYER_GAZE,223147,6/26/2026 12:56:05 PM,656b7e14-f368-4196-b68a-fdb1e1554fc8,2.0,,,,,,,,,,,,,,,,,,,,,,,,Civilian PT 15,,,,,,,,,"(-0.2, 1.0, 0.4)",,,"(-14.4, 0.0, -0.3)",
PLAYER_POSITIONS,223147,6/26/2026 12:56:05 PM,656b7e14-f368-4196-b68a-fdb1e1554fc8,2.0,,,,,,,,,,,,,,,,,,,,,,,,,,,,,,,,,,,"(-14.7, 0.3, -0.1)","(-14.6, 1.0, 0.1)","(-14.6, 0.5, -0.1)",
PLAYER_GAZE,223147,6/26/2026 12:56:05 PM,656b7e14-f368-4196-b68a-fdb1e1554fc8,2.0,,,,,,,,,,,,,,,,,,,,,,,,Civilian PT 15,,,,,,,,,"(-0.2, 1.0, 0.4)",,,"(-14.4, 0.0, -0.3)",
PLAYER_POSITIONS,223651,6/26/2026 12:56:05 PM,656b7e14-f368-4196-b68a-fdb1e1554fc8,2.0,,,,,,,,,,,,,,,,,,,,,,,,,,,,,,,,,,,"(-14.7, 0.4, -0.1)","(-14.6, 1.0, 0.1)","(-14.6, 0.5, -0.1)",
PLAYER_GAZE,223651,6/26/2026 12:56:05 PM,656b7e14-f368-4196-b68a-fdb1e1554fc8,2.0,,,,,,,,,,,,,,,,,,,,,,,,Civilian PT 15,,,,,,,,,"(-0.2, 1.0, 0.4)",,,"(-14.4, 0.0, -0.3)",
PLAYER_POSITIONS,223651,6/26/2026 12:56:05 PM,656b7e14-f368-4196-b68a-fdb1e1554fc8,2.0,,,,,,,,,,,,,,,,,,,,,,,,,,,,,,,,,,,"(-14.7, 0.4, -0.1)","(-14.6, 1.0, 0.1)","(-14.6, 0.5, -0.1)",
PLAYER_GAZE,223651,6/26/2026 12:56:05 PM,656b7e14-f368-4196-b68a-fdb1e1554fc8,2.0,,,,,,,,,,,,,,,,,,,,,,,,Civilian PT 15,,,,,,,,,"(-0.2, 1.0, 0.4)",,,"(-14.4, 0.0, -0.3)",
PLAYER_POSITIONS,224152,6/26/2026 12:56:06 PM,656b7e14-f368-4196-b68a-fdb1e1554fc8,2.0,,,,,,,,,,,,,,,,,,,,,,,,,,,,,,,,,,,"(-14.7, 0.4, -0.1)","(-14.6, 1.0, 0.1)","(-14.5, 0.5, -0.1)",
PLAYER_POSITIONS,224152,6/26/2026 12:56:06 PM,656b7e14-f368-4196-b68a-fdb1e1554fc8,2.0,,,,,,,,,,,,,,,,,,,,,,,,,,,,,,,,,,,"(-14.7, 0.4, -0.1)","(-14.6, 1.0, 0.1)","(-14.5, 0.5, -0.1)",
PLAYER_POSITIONS,224659,6/26/2026 12:56:06 PM,656b7e14-f368-4196-b68a-fdb1e1554fc8,2.0,,,,,,,,,,,,,,,,,,,,,,,,,,,,,,,,,,,"(-14.5, 0.4, 0.0)","(-14.5, 1.0, 0.3)","(-14.4, 0.6, 0.2)",
PLAYER_GAZE,224659,6/26/2026 12:56:06 PM,656b7e14-f368-4196-b68a-fdb1e1554fc8,2.0,,,,,,,,,,,,,,,,,,,,,,,,Military PT 2,,,,,,,,,"(-2.4, 1.0, -0.8)",,,"(-12.0, 0.0, 1.1)",
PLAYER_POSITIONS,224659,6/26/2026 12:56:06 PM,656b7e14-f368-4196-b68a-fdb1e1554fc8,2.0,,,,,,,,,,,,,,,,,,,,,,,,,,,,,,,,,,,"(-14.5, 0.4, 0.0)","(-14.5, 1.0, 0.3)","(-14.4, 0.6, 0.2)",
PLAYER_GAZE,224659,6/26/2026 12:56:06 PM,656b7e14-f368-4196-b68a-fdb1e1554fc8,2.0,,,,,,,,,,,,,,,,,,,,,,,,Military PT 2,,,,,,,,,"(-2.4, 1.0, -0.8)",,,"(-12.0, 0.0, 1.1)",
PLAYER_POSITIONS,225159,6/26/2026 12:56:07 PM,656b7e14-f368-4196-b68a-fdb1e1554fc8,2.0,,,,,,,,,,,,,,,,,,,,,,,,,,,,,,,,,,,"(-14.4, 0.4, 0.1)","(-14.4, 1.0, 0.3)","(-14.3, 0.6, 0.2)",
PLAYER_GAZE,225159,6/26/2026 12:56:07 PM,656b7e14-f368-4196-b68a-fdb1e1554fc8,2.0,,,,,,,,,,,,,,,,,,,,,,,,Military PT 2,,,,,,,,,"(-2.4, 1.0, -0.8)",,,"(-12.0, 0.0, 1.1)",
PLAYER_POSITIONS,225159,6/26/2026 12:56:07 PM,656b7e14-f368-4196-b68a-fdb1e1554fc8,2.0,,,,,,,,,,,,,,,,,,,,,,,,,,,,,,,,,,,"(-14.4, 0.4, 0.1)","(-14.4, 1.0, 0.3)","(-14.3, 0.6, 0.2)",
PLAYER_GAZE,225159,6/26/2026 12:56:07 PM,656b7e14-f368-4196-b68a-fdb1e1554fc8,2.0,,,,,,,,,,,,,,,,,,,,,,,,Military PT 2,,,,,,,,,"(-2.4, 1.0, -0.8)",,,"(-12.0, 0.0, 1.1)",
EVAC_RADIO_ALERT,225467,6/26/2026 12:56:07 PM,656b7e14-f368-4196-b68a-fdb1e1554fc8,2.0,,,,,,,,1,
AUDIO_START,225472,6/26/2026 12:56:07 PM,656b7e14-f368-4196-b68a-fdb1e1554fc8,2.0,evac in 7 minutes,4.127347,
AUDIO_END,225515,6/26/2026 12:56:07 PM,656b7e14-f368-4196-b68a-fdb1e1554fc8,2.0,copy echo standby,3.056327,
NARRATIVE_SECTION_END,225515,6/26/2026 12:56:07 PM,656b7e14-f368-4196-b68a-fdb1e1554fc8,2.0,,,,,,,,,,,,,,,,,,Copy echo standby,25,
NARRATIVE_SECTION_START,225533,6/26/2026 12:56:07 PM,656b7e14-f368-4196-b68a-fdb1e1554fc8,2.0,,,,,,,,,,,,,,,,,,Razor 2 show of force,26,
PLAYER_POSITIONS,225681,6/26/2026 12:56:07 PM,656b7e14-f368-4196-b68a-fdb1e1554fc8,2.0,,,,,,,,,,,,,,,,,,,,,,,,,,,,,,,,,,,"(-14.4, 0.4, 0.2)","(-14.4, 1.0, 0.3)","(-14.3, 0.6, 0.2)",
PLAYER_GAZE,225681,6/26/2026 12:56:07 PM,656b7e14-f368-4196-b68a-fdb1e1554fc8,2.0,,,,,,,,,,,,,,,,,,,,,,,,Military PT 2,,,,,,,,,"(-2.4, 1.0, -0.8)",,,"(-12.0, 0.0, 1.1)",
PLAYER_POSITIONS,225681,6/26/2026 12:56:07 PM,656b7e14-f368-4196-b68a-fdb1e1554fc8,2.0,,,,,,,,,,,,,,,,,,,,,,,,,,,,,,,,,,,"(-14.4, 0.4, 0.2)","(-14.4, 1.0, 0.3)","(-14.3, 0.6, 0.2)",
PLAYER_GAZE,225681,6/26/2026 12:56:07 PM,656b7e14-f368-4196-b68a-fdb1e1554fc8,2.0,,,,,,,,,,,,,,,,,,,,,,,,Military PT 2,,,,,,,,,"(-2.4, 1.0, -0.8)",,,"(-12.0, 0.0, 1.1)",
PLAYER_POSITIONS,226181,6/26/2026 12:56:08 PM,656b7e14-f368-4196-b68a-fdb1e1554fc8,2.0,,,,,,,,,,,,,,,,,,,,,,,,,,,,,,,,,,,"(-14.3, 0.4, 0.3)","(-14.4, 1.0, 0.3)","(-14.3, 0.6, 0.2)",
PLAYER_GAZE,226181,6/26/2026 12:56:08 PM,656b7e14-f368-4196-b68a-fdb1e1554fc8,2.0,,,,,,,,,,,,,,,,,,,,,,,,Military PT 2,,,,,,,,,"(-2.4, 1.0, -0.8)",,,"(-12.0, 0.0, 1.1)",
PLAYER_POSITIONS,226181,6/26/2026 12:56:08 PM,656b7e14-f368-4196-b68a-fdb1e1554fc8,2.0,,,,,,,,,,,,,,,,,,,,,,,,,,,,,,,,,,,"(-14.3, 0.4, 0.3)","(-14.4, 1.0, 0.3)","(-14.3, 0.6, 0.2)",
PLAYER_GAZE,226181,6/26/2026 12:56:08 PM,656b7e14-f368-4196-b68a-fdb1e1554fc8,2.0,,,,,,,,,,,,,,,,,,,,,,,,Military PT 2,,,,,,,,,"(-2.4, 1.0, -0.8)",,,"(-12.0, 0.0, 1.1)",
PATIENT_DISENGAGED,226245,6/26/2026 12:56:08 PM,656b7e14-f368-4196-b68a-fdb1e1554fc8,2.0,,,,15.89,,,,,,,,,,,,,,,,fast,100,Infinity,normal,Civilian PT 15,upset,supine,"(-14.4, -0.1, -0.3)",fast,"(0.0, 0.8, 0.0, 0.6)",normal,IMMEDIATE,still,,,,,,,,,,,,,,,,,15.89,
TELEPORT,226457,6/26/2026 12:56:08 PM,656b7e14-f368-4196-b68a-fdb1e1554fc8,2.0,,,,,,,,,,,,,,,,,,,,,,,,,,,,,,,,,,,,"(-14.4, 1.0, 0.3)",,,,,,,"(-11.1, 1.0, 2.3)",
PATIENT_ENGAGED,226677,6/26/2026 12:56:08 PM,656b7e14-f368-4196-b68a-fdb1e1554fc8,2.0,,,,0,,,,,,,,,,,,,,,,fast,100,Infinity,normal,Military PT 5,upset,supine,"(-9.4, -0.1, 1.7)",faint,"(0.0, -1.0, 0.0, 0.0)",normal,IMMEDIATE,still,,,,,,,,,,,,,,,,,13.81,
PLAYER_POSITIONS,226702,6/26/2026 12:56:08 PM,656b7e14-f368-4196-b68a-fdb1e1554fc8,2.0,,,,,,,,,,,,,,,,,,,,,,,,,,,,,,,,,,,"(-11.0, 0.4, 2.2)","(-11.1, 1.0, 2.3)","(-11.0, 0.6, 2.2)",
PLAYER_POSITIONS,226702,6/26/2026 12:56:08 PM,656b7e14-f368-4196-b68a-fdb1e1554fc8,2.0,,,,,,,,,,,,,,,,,,,,,,,,,,,,,,,,,,,"(-11.0, 0.4, 2.2)","(-11.1, 1.0, 2.3)","(-11.0, 0.6, 2.2)",
PLAYER_POSITIONS,227223,6/26/2026 12:56:09 PM,656b7e14-f368-4196-b68a-fdb1e1554fc8,2.0,,,,,,,,,,,,,,,,,,,,,,,,,,,,,,,,,,,"(-11.0, 0.4, 2.1)","(-10.9, 0.9, 2.4)","(-10.8, 0.6, 2.1)",
PLAYER_POSITIONS,227223,6/26/2026 12:56:09 PM,656b7e14-f368-4196-b68a-fdb1e1554fc8,2.0,,,,,,,,,,,,,,,,,,,,,,,,,,,,,,,,,,,"(-11.0, 0.4, 2.1)","(-10.9, 0.9, 2.4)","(-10.8, 0.6, 2.1)",
PLAYER_POSITIONS,227723,6/26/2026 12:56:09 PM,656b7e14-f368-4196-b68a-fdb1e1554fc8,2.0,,,,,,,,,,,,,,,,,,,,,,,,,,,,,,,,,,,"(-10.7, 0.4, 2.2)","(-10.6, 0.9, 2.4)","(-10.5, 0.6, 2.2)",
PLAYER_POSITIONS,227723,6/26/2026 12:56:09 PM,656b7e14-f368-4196-b68a-fdb1e1554fc8,2.0,,,,,,,,,,,,,,,,,,,,,,,,,,,,,,,,,,,"(-10.7, 0.4, 2.2)","(-10.6, 0.9, 2.4)","(-10.5, 0.6, 2.2)",
PLAYER_POSITIONS,228246,6/26/2026 12:56:10 PM,656b7e14-f368-4196-b68a-fdb1e1554fc8,2.0,,,,,,,,,,,,,,,,,,,,,,,,,,,,,,,,,,,"(-10.6, 0.4, 2.1)","(-10.4, 0.9, 2.4)","(-10.3, 0.6, 2.1)",
PLAYER_POSITIONS,228246,6/26/2026 12:56:10 PM,656b7e14-f368-4196-b68a-fdb1e1554fc8,2.0,,,,,,,,,,,,,,,,,,,,,,,,,,,,,,,,,,,"(-10.6, 0.4, 2.1)","(-10.4, 0.9, 2.4)","(-10.3, 0.6, 2.1)",
PLAYER_POSITIONS,228767,6/26/2026 12:56:10 PM,656b7e14-f368-4196-b68a-fdb1e1554fc8,2.0,,,,,,,,,,,,,,,,,,,,,,,,,,,,,,,,,,,"(-10.6, 0.4, 2.1)","(-10.4, 0.9, 2.4)","(-10.3, 0.6, 2.1)",
PLAYER_POSITIONS,228767,6/26/2026 12:56:10 PM,656b7e14-f368-4196-b68a-fdb1e1554fc8,2.0,,,,,,,,,,,,,,,,,,,,,,,,,,,,,,,,,,,"(-10.6, 0.4, 2.1)","(-10.4, 0.9, 2.4)","(-10.3, 0.6, 2.1)",
PLAYER_POSITIONS,229278,6/26/2026 12:56:11 PM,656b7e14-f368-4196-b68a-fdb1e1554fc8,2.0,,,,,,,,,,,,,,,,,,,,,,,,,,,,,,,,,,,"(-10.6, 0.4, 2.1)","(-10.4, 0.9, 2.3)","(-10.3, 0.6, 2.1)",
PLAYER_POSITIONS,229278,6/26/2026 12:56:11 PM,656b7e14-f368-4196-b68a-fdb1e1554fc8,2.0,,,,,,,,,,,,,,,,,,,,,,,,,,,,,,,,,,,"(-10.6, 0.4, 2.1)","(-10.4, 0.9, 2.3)","(-10.3, 0.6, 2.1)",
AUDIO_END,229634,6/26/2026 12:56:11 PM,656b7e14-f368-4196-b68a-fdb1e1554fc8,2.0,evac in 7 minutes,4.127347,
PLAYER_POSITIONS,229799,6/26/2026 12:56:11 PM,656b7e14-f368-4196-b68a-fdb1e1554fc8,2.0,,,,,,,,,,,,,,,,,,,,,,,,,,,,,,,,,,,"(-10.6, 0.4, 2.1)","(-10.5, 0.9, 2.3)","(-10.6, 0.4, 1.8)",
PLAYER_POSITIONS,229799,6/26/2026 12:56:11 PM,656b7e14-f368-4196-b68a-fdb1e1554fc8,2.0,,,,,,,,,,,,,,,,,,,,,,,,,,,,,,,,,,,"(-10.6, 0.4, 2.1)","(-10.5, 0.9, 2.3)","(-10.6, 0.4, 1.8)",
PLAYER_POSITIONS,230322,6/26/2026 12:56:12 PM,656b7e14-f368-4196-b68a-fdb1e1554fc8,2.0,,,,,,,,,,,,,,,,,,,,,,,,,,,,,,,,,,,"(-10.6, 0.4, 2.1)","(-10.5, 0.9, 2.3)","(-10.5, 0.4, 1.8)",
PLAYER_POSITIONS,230322,6/26/2026 12:56:12 PM,656b7e14-f368-4196-b68a-fdb1e1554fc8,2.0,,,,,,,,,,,,,,,,,,,,,,,,,,,,,,,,,,,"(-10.6, 0.4, 2.1)","(-10.5, 0.9, 2.3)","(-10.5, 0.4, 1.8)",
AUDIO_START,230544,6/26/2026 12:56:12 PM,656b7e14-f368-4196-b68a-fdb1e1554fc8,2.0,razor 2 show of force,3.866122,
PLAYER_POSITIONS,230833,6/26/2026 12:56:12 PM,656b7e14-f368-4196-b68a-fdb1e1554fc8,2.0,,,,,,,,,,,,,,,,,,,,,,,,,,,,,,,,,,,"(-10.6, 0.4, 2.2)","(-10.5, 0.9, 2.3)","(-10.4, 0.4, 2.0)",
PLAYER_POSITIONS,230833,6/26/2026 12:56:12 PM,656b7e14-f368-4196-b68a-fdb1e1554fc8,2.0,,,,,,,,,,,,,,,,,,,,,,,,,,,,,,,,,,,"(-10.6, 0.4, 2.2)","(-10.5, 0.9, 2.3)","(-10.4, 0.4, 2.0)",
TAG_SELECTED,231042,6/26/2026 12:56:13 PM,656b7e14-f368-4196-b68a-fdb1e1554fc8,2.0,,,,,,,,,,,,,,,,,,,,,,,,,,,,,,,,,,,,,,,,,,yellow,
BAG_CLOSED,231309,6/26/2026 12:56:13 PM,656b7e14-f368-4196-b68a-fdb1e1554fc8,2.0,,,,,,,,,,,,,,,,,,,,,,,,,,,,,,,,,,,,"(0.0, 0.0, 0.0)",
PLAYER_POSITIONS,231355,6/26/2026 12:56:13 PM,656b7e14-f368-4196-b68a-fdb1e1554fc8,2.0,,,,,,,,,,,,,,,,,,,,,,,,,,,,,,,,,,,"(-10.5, 0.4, 2.2)","(-10.4, 0.9, 2.3)","(-10.3, 0.3, 2.0)",
PLAYER_POSITIONS,231355,6/26/2026 12:56:13 PM,656b7e14-f368-4196-b68a-fdb1e1554fc8,2.0,,,,,,,,,,,,,,,,,,,,,,,,,,,,,,,,,,,"(-10.5, 0.4, 2.2)","(-10.4, 0.9, 2.3)","(-10.3, 0.3, 2.0)",
PLAYER_POSITIONS,231857,6/26/2026 12:56:13 PM,656b7e14-f368-4196-b68a-fdb1e1554fc8,2.0,,,,,,,,,,,,,,,,,,,,,,,,,,,,,,,,,,,"(-10.2, 0.5, 2.0)","(-10.2, 0.9, 2.2)","(-10.2, 0.2, 1.9)",
PLAYER_POSITIONS,231857,6/26/2026 12:56:13 PM,656b7e14-f368-4196-b68a-fdb1e1554fc8,2.0,,,,,,,,,,,,,,,,,,,,,,,,,,,,,,,,,,,"(-10.2, 0.5, 2.0)","(-10.2, 0.9, 2.2)","(-10.2, 0.2, 1.9)",
VOICE_CAPTURE,232277,6/26/2026 12:56:14 PM,656b7e14-f368-4196-b68a-fdb1e1554fc8,2.0,,,,,,,,,,,,,,,,,,,,,,,,,,,,,,,,,,,,,,,,,,,,,,,,,,,NA,-hmm.,
PLAYER_POSITIONS,232365,6/26/2026 12:56:14 PM,656b7e14-f368-4196-b68a-fdb1e1554fc8,2.0,,,,,,,,,,,,,,,,,,,,,,,,,,,,,,,,,,,"(-10.0, 0.5, 1.9)","(-10.0, 0.7, 1.9)","(-10.0, 0.1, 1.8)",
PLAYER_POSITIONS,232365,6/26/2026 12:56:14 PM,656b7e14-f368-4196-b68a-fdb1e1554fc8,2.0,,,,,,,,,,,,,,,,,,,,,,,,,,,,,,,,,,,"(-10.0, 0.5, 1.9)","(-10.0, 0.7, 1.9)","(-10.0, 0.1, 1.8)",
TAG_APPLIED,232823,6/26/2026 12:56:14 PM,656b7e14-f368-4196-b68a-fdb1e1554fc8,2.0,,,,,,,,,,,,,,,,,,,,,,,,Military PT 5,,,,,,,,,,,,,,,,,,yellow,
PLAYER_POSITIONS,232889,6/26/2026 12:56:15 PM,656b7e14-f368-4196-b68a-fdb1e1554fc8,2.0,,,,,,,,,,,,,,,,,,,,,,,,,,,,,,,,,,,"(-10.0, 0.5, 1.9)","(-10.0, 0.7, 1.9)","(-10.0, 0.0, 1.8)",
PLAYER_POSITIONS,232889,6/26/2026 12:56:15 PM,656b7e14-f368-4196-b68a-fdb1e1554fc8,2.0,,,,,,,,,,,,,,,,,,,,,,,,,,,,,,,,,,,"(-10.0, 0.5, 1.9)","(-10.0, 0.7, 1.9)","(-10.0, 0.0, 1.8)",
PLAYER_POSITIONS,233392,6/26/2026 12:56:15 PM,656b7e14-f368-4196-b68a-fdb1e1554fc8,2.0,,,,,,,,,,,,,,,,,,,,,,,,,,,,,,,,,,,"(-10.0, 0.5, 1.9)","(-10.1, 0.8, 1.9)","(-10.1, 0.1, 1.8)",
PLAYER_POSITIONS,233392,6/26/2026 12:56:15 PM,656b7e14-f368-4196-b68a-fdb1e1554fc8,2.0,,,,,,,,,,,,,,,,,,,,,,,,,,,,,,,,,,,"(-10.0, 0.5, 1.9)","(-10.1, 0.8, 1.9)","(-10.1, 0.1, 1.8)",
PLAYER_POSITIONS,233897,6/26/2026 12:56:16 PM,656b7e14-f368-4196-b68a-fdb1e1554fc8,2.0,,,,,,,,,,,,,,,,,,,,,,,,,,,,,,,,,,,"(-10.2, 0.4, 1.8)","(-10.2, 0.8, 2.0)","(-10.3, 0.2, 1.8)",
PLAYER_POSITIONS,233897,6/26/2026 12:56:16 PM,656b7e14-f368-4196-b68a-fdb1e1554fc8,2.0,,,,,,,,,,,,,,,,,,,,,,,,,,,,,,,,,,,"(-10.2, 0.4, 1.8)","(-10.2, 0.8, 2.0)","(-10.3, 0.2, 1.8)",
AUDIO_END,234417,6/26/2026 12:56:16 PM,656b7e14-f368-4196-b68a-fdb1e1554fc8,2.0,razor 2 show of force,3.866122,
NARRATIVE_SECTION_END,234417,6/26/2026 12:56:16 PM,656b7e14-f368-4196-b68a-fdb1e1554fc8,2.0,,,,,,,,,,,,,,,,,,Razor 2 show of force,26,
PLAYER_POSITIONS,234419,6/26/2026 12:56:16 PM,656b7e14-f368-4196-b68a-fdb1e1554fc8,2.0,,,,,,,,,,,,,,,,,,,,,,,,,,,,,,,,,,,"(-10.3, 0.4, 2.1)","(-10.3, 0.9, 2.4)","(-10.4, 0.2, 2.1)",
PLAYER_POSITIONS,234419,6/26/2026 12:56:16 PM,656b7e14-f368-4196-b68a-fdb1e1554fc8,2.0,,,,,,,,,,,,,,,,,,,,,,,,,,,,,,,,,,,"(-10.3, 0.4, 2.1)","(-10.3, 0.9, 2.4)","(-10.4, 0.2, 2.1)",
NARRATIVE_SECTION_START,234481,6/26/2026 12:56:16 PM,656b7e14-f368-4196-b68a-fdb1e1554fc8,2.0,,,,,,,,,,,,,,,,,,Distant Jet,27,
PLAYER_POSITIONS,234919,6/26/2026 12:56:17 PM,656b7e14-f368-4196-b68a-fdb1e1554fc8,2.0,,,,,,,,,,,,,,,,,,,,,,,,,,,,,,,,,,,"(-10.3, 0.3, 2.2)","(-10.3, 0.9, 2.3)","(-10.1, 0.6, 2.1)",
PLAYER_POSITIONS,234919,6/26/2026 12:56:17 PM,656b7e14-f368-4196-b68a-fdb1e1554fc8,2.0,,,,,,,,,,,,,,,,,,,,,,,,,,,,,,,,,,,"(-10.3, 0.3, 2.2)","(-10.3, 0.9, 2.3)","(-10.1, 0.6, 2.1)",
PLAYER_POSITIONS,235422,6/26/2026 12:56:17 PM,656b7e14-f368-4196-b68a-fdb1e1554fc8,2.0,,,,,,,,,,,,,,,,,,,,,,,,,,,,,,,,,,,"(-10.3, 0.3, 2.2)","(-10.4, 0.9, 2.2)","(-10.1, 0.4, 1.8)",
PLAYER_POSITIONS,235422,6/26/2026 12:56:17 PM,656b7e14-f368-4196-b68a-fdb1e1554fc8,2.0,,,,,,,,,,,,,,,,,,,,,,,,,,,,,,,,,,,"(-10.3, 0.3, 2.2)","(-10.4, 0.9, 2.2)","(-10.1, 0.4, 1.8)",
PLAYER_POSITIONS,235924,6/26/2026 12:56:18 PM,656b7e14-f368-4196-b68a-fdb1e1554fc8,2.0,,,,,,,,,,,,,,,,,,,,,,,,,,,,,,,,,,,"(-10.3, 0.3, 2.2)","(-10.4, 0.9, 2.2)","(-10.1, 0.5, 1.8)",
PLAYER_POSITIONS,235924,6/26/2026 12:56:18 PM,656b7e14-f368-4196-b68a-fdb1e1554fc8,2.0,,,,,,,,,,,,,,,,,,,,,,,,,,,,,,,,,,,"(-10.3, 0.3, 2.2)","(-10.4, 0.9, 2.2)","(-10.1, 0.5, 1.8)",
PLAYER_POSITIONS,236437,6/26/2026 12:56:18 PM,656b7e14-f368-4196-b68a-fdb1e1554fc8,2.0,,,,,,,,,,,,,,,,,,,,,,,,,,,,,,,,,,,"(-10.3, 0.3, 2.2)","(-10.4, 1.0, 2.2)","(-10.1, 0.6, 1.8)",
PLAYER_POSITIONS,236437,6/26/2026 12:56:18 PM,656b7e14-f368-4196-b68a-fdb1e1554fc8,2.0,,,,,,,,,,,,,,,,,,,,,,,,,,,,,,,,,,,"(-10.3, 0.3, 2.2)","(-10.4, 1.0, 2.2)","(-10.1, 0.6, 1.8)",
TOOL_HOVER,236768,6/26/2026 12:56:18 PM,656b7e14-f368-4196-b68a-fdb1e1554fc8,2.0,,,,,,,,,,,,,,,,,,,,,,,,,,,,,,,,,,,,,,,,,,,,,,997,,Decompression Needle,
PLAYER_POSITIONS,236937,6/26/2026 12:56:19 PM,656b7e14-f368-4196-b68a-fdb1e1554fc8,2.0,,,,,,,,,,,,,,,,,,,,,,,,,,,,,,,,,,,"(-10.3, 0.3, 2.2)","(-10.4, 1.0, 2.2)","(-10.3, 0.8, 1.6)",
PLAYER_POSITIONS,236937,6/26/2026 12:56:19 PM,656b7e14-f368-4196-b68a-fdb1e1554fc8,2.0,,,,,,,,,,,,,,,,,,,,,,,,,,,,,,,,,,,"(-10.3, 0.3, 2.2)","(-10.4, 1.0, 2.2)","(-10.3, 0.8, 1.6)",
TOOL_SELECTED,237079,6/26/2026 12:56:19 PM,656b7e14-f368-4196-b68a-fdb1e1554fc8,2.0,,,,,,,,,,,,,,,,,,,,,,,,,,,,,,,,,,,,,,,,,,,,,,996,,Decompression Needle,
AUDIO_START,237469,6/26/2026 12:56:19 PM,656b7e14-f368-4196-b68a-fdb1e1554fc8,2.0,distant jet,10.13551,
PLAYER_POSITIONS,237469,6/26/2026 12:56:19 PM,656b7e14-f368-4196-b68a-fdb1e1554fc8,2.0,,,,,,,,,,,,,,,,,,,,,,,,,,,,,,,,,,,"(-10.3, 0.3, 2.2)","(-10.4, 1.0, 2.2)","(-10.3, 0.8, 1.6)",
PLAYER_POSITIONS,237469,6/26/2026 12:56:19 PM,656b7e14-f368-4196-b68a-fdb1e1554fc8,2.0,,,,,,,,,,,,,,,,,,,,,,,,,,,,,,,,,,,"(-10.3, 0.3, 2.2)","(-10.4, 1.0, 2.2)","(-10.3, 0.8, 1.6)",
PLAYER_POSITIONS,238001,6/26/2026 12:56:20 PM,656b7e14-f368-4196-b68a-fdb1e1554fc8,2.0,,,,,,,,,,,,,,,,,,,,,,,,,,,,,,,,,,,"(-10.3, 0.3, 2.2)","(-10.4, 1.0, 2.2)","(-10.3, 0.7, 1.6)",
PLAYER_POSITIONS,238001,6/26/2026 12:56:20 PM,656b7e14-f368-4196-b68a-fdb1e1554fc8,2.0,,,,,,,,,,,,,,,,,,,,,,,,,,,,,,,,,,,"(-10.3, 0.3, 2.2)","(-10.4, 1.0, 2.2)","(-10.3, 0.7, 1.6)",
TOOL_DISCARDED,238140,6/26/2026 12:56:20 PM,656b7e14-f368-4196-b68a-fdb1e1554fc8,2.0,,,,,,,,,,,,,,,,,,,,,,,,Military PT 5,,,,,,,,,,,,"(0.0, 0.0, 0.0)",,,,,,,,,,996,,Decompression Needle,
TOOL_HOVER,238187,6/26/2026 12:56:20 PM,656b7e14-f368-4196-b68a-fdb1e1554fc8,2.0,,,,,,,,,,,,,,,,,,,,,,,,,,,,,,,,,,,,,,,,,,,,,,997,,Decompression Needle,
TOOL_HOVER,238467,6/26/2026 12:56:20 PM,656b7e14-f368-4196-b68a-fdb1e1554fc8,2.0,,,,,,,,,,,,,,,,,,,,,,,,,,,,,,,,,,,,,,,,,,,,,,999,,Fentanyl Lollipop,
PLAYER_POSITIONS,238525,6/26/2026 12:56:20 PM,656b7e14-f368-4196-b68a-fdb1e1554fc8,2.0,,,,,,,,,,,,,,,,,,,,,,,,,,,,,,,,,,,"(-10.3, 0.3, 2.2)","(-10.4, 1.0, 2.2)","(-10.3, 0.8, 1.5)",
PLAYER_POSITIONS,238525,6/26/2026 12:56:20 PM,656b7e14-f368-4196-b68a-fdb1e1554fc8,2.0,,,,,,,,,,,,,,,,,,,,,,,,,,,,,,,,,,,"(-10.3, 0.3, 2.2)","(-10.4, 1.0, 2.2)","(-10.3, 0.8, 1.5)",
TOOL_SELECTED,238855,6/26/2026 12:56:20 PM,656b7e14-f368-4196-b68a-fdb1e1554fc8,2.0,,,,,,,,,,,,,,,,,,,,,,,,,,,,,,,,,,,,,,,,,,,,,,998,,Fentanyl Lollipop,
PLAYER_POSITIONS,239046,6/26/2026 12:56:21 PM,656b7e14-f368-4196-b68a-fdb1e1554fc8,2.0,,,,,,,,,,,,,,,,,,,,,,,,,,,,,,,,,,,"(-10.3, 0.3, 2.2)","(-10.4, 0.9, 2.2)","(-10.3, 0.8, 1.6)",
PLAYER_POSITIONS,239046,6/26/2026 12:56:21 PM,656b7e14-f368-4196-b68a-fdb1e1554fc8,2.0,,,,,,,,,,,,,,,,,,,,,,,,,,,,,,,,,,,"(-10.3, 0.3, 2.2)","(-10.4, 0.9, 2.2)","(-10.3, 0.8, 1.6)",
BAG_CLOSED,239439,6/26/2026 12:56:21 PM,656b7e14-f368-4196-b68a-fdb1e1554fc8,2.0,,,,,,,,,,,,,,,,,,,,,,,,,,,,,,,,,,,,"(0.0, 0.0, 0.0)",
PLAYER_POSITIONS,239552,6/26/2026 12:56:21 PM,656b7e14-f368-4196-b68a-fdb1e1554fc8,2.0,,,,,,,,,,,,,,,,,,,,,,,,,,,,,,,,,,,"(-10.4, 0.4, 2.1)","(-10.3, 0.8, 2.3)","(-10.1, 0.3, 2.2)",
PLAYER_POSITIONS,239552,6/26/2026 12:56:21 PM,656b7e14-f368-4196-b68a-fdb1e1554fc8,2.0,,,,,,,,,,,,,,,,,,,,,,,,,,,,,,,,,,,"(-10.4, 0.4, 2.1)","(-10.3, 0.8, 2.3)","(-10.1, 0.3, 2.2)",
PLAYER_POSITIONS,240063,6/26/2026 12:56:22 PM,656b7e14-f368-4196-b68a-fdb1e1554fc8,2.0,,,,,,,,,,,,,,,,,,,,,,,,,,,,,,,,,,,"(-10.4, 0.5, 2.2)","(-10.2, 0.8, 2.3)","(-10.0, 0.1, 2.4)",
PLAYER_POSITIONS,240063,6/26/2026 12:56:22 PM,656b7e14-f368-4196-b68a-fdb1e1554fc8,2.0,,,,,,,,,,,,,,,,,,,,,,,,,,,,,,,,,,,"(-10.4, 0.5, 2.2)","(-10.2, 0.8, 2.3)","(-10.0, 0.1, 2.4)",
INJURY_TREATED,240487,6/26/2026 12:56:22 PM,656b7e14-f368-4196-b68a-fdb1e1554fc8,2.0,,,,,,,,,head,Unspecified,"(0.0, 0.0, 0.0)",none,1,1,none,True,False,,,,,,,Military PT 5,
TOOL_APPLIED,240487,6/26/2026 12:56:22 PM,656b7e14-f368-4196-b68a-fdb1e1554fc8,2.0,,,,,,,,,,,,,,,,,,,,,,,,Military PT 5,,,,,,,,,,,,,,,,,,,,AppliedLollipop,Jaw (UnityEngine.GameObject),,Fentanyl Lollipop(Clone) (UnityEngine.GameObject),Fentanyl Lollipop,
PLAYER_POSITIONS,240574,6/26/2026 12:56:22 PM,656b7e14-f368-4196-b68a-fdb1e1554fc8,2.0,,,,,,,,,,,,,,,,,,,,,,,,,,,,,,,,,,,"(-10.4, 0.5, 2.2)","(-10.2, 0.8, 2.3)","(-10.0, 0.2, 2.4)",
PLAYER_POSITIONS,240574,6/26/2026 12:56:22 PM,656b7e14-f368-4196-b68a-fdb1e1554fc8,2.0,,,,,,,,,,,,,,,,,,,,,,,,,,,,,,,,,,,"(-10.4, 0.5, 2.2)","(-10.2, 0.8, 2.3)","(-10.0, 0.2, 2.4)",
PLAYER_POSITIONS,241077,6/26/2026 12:56:23 PM,656b7e14-f368-4196-b68a-fdb1e1554fc8,2.0,,,,,,,,,,,,,,,,,,,,,,,,,,,,,,,,,,,"(-10.3, 0.4, 2.1)","(-10.2, 1.0, 2.3)","(-10.2, 0.1, 2.1)",
PLAYER_POSITIONS,241077,6/26/2026 12:56:23 PM,656b7e14-f368-4196-b68a-fdb1e1554fc8,2.0,,,,,,,,,,,,,,,,,,,,,,,,,,,,,,,,,,,"(-10.3, 0.4, 2.1)","(-10.2, 1.0, 2.3)","(-10.2, 0.1, 2.1)",
PLAYER_POSITIONS,241589,6/26/2026 12:56:23 PM,656b7e14-f368-4196-b68a-fdb1e1554fc8,2.0,,,,,,,,,,,,,,,,,,,,,,,,,,,,,,,,,,,"(-10.3, 0.3, 2.1)","(-10.3, 1.0, 2.3)","(-9.9, 0.5, 2.1)",
PLAYER_POSITIONS,241589,6/26/2026 12:56:23 PM,656b7e14-f368-4196-b68a-fdb1e1554fc8,2.0,,,,,,,,,,,,,,,,,,,,,,,,,,,,,,,,,,,"(-10.3, 0.3, 2.1)","(-10.3, 1.0, 2.3)","(-9.9, 0.5, 2.1)",
PLAYER_POSITIONS,242105,6/26/2026 12:56:24 PM,656b7e14-f368-4196-b68a-fdb1e1554fc8,2.0,,,,,,,,,,,,,,,,,,,,,,,,,,,,,,,,,,,"(-10.3, 0.4, 2.1)","(-10.3, 1.0, 2.3)","(-10.0, 0.4, 2.1)",
PLAYER_POSITIONS,242105,6/26/2026 12:56:24 PM,656b7e14-f368-4196-b68a-fdb1e1554fc8,2.0,,,,,,,,,,,,,,,,,,,,,,,,,,,,,,,,,,,"(-10.3, 0.4, 2.1)","(-10.3, 1.0, 2.3)","(-10.0, 0.4, 2.1)",
PLAYER_POSITIONS,242615,6/26/2026 12:56:24 PM,656b7e14-f368-4196-b68a-fdb1e1554fc8,2.0,,,,,,,,,,,,,,,,,,,,,,,,,,,,,,,,,,,"(-7.8, 0.4, 1.5)","(-7.8, 1.0, 1.7)","(-7.5, 0.5, 1.5)",
PLAYER_POSITIONS,242615,6/26/2026 12:56:24 PM,656b7e14-f368-4196-b68a-fdb1e1554fc8,2.0,,,,,,,,,,,,,,,,,,,,,,,,,,,,,,,,,,,"(-7.8, 0.4, 1.5)","(-7.8, 1.0, 1.7)","(-7.5, 0.5, 1.5)",
TELEPORT,242615,6/26/2026 12:56:24 PM,656b7e14-f368-4196-b68a-fdb1e1554fc8,2.0,,,,,,,,,,,,,,,,,,,,,,,,,,,,,,,,,,,,"(-10.3, 1.0, 2.3)",,,,,,,"(-7.8, 1.0, 1.7)",
PATIENT_DISENGAGED,242724,6/26/2026 12:56:24 PM,656b7e14-f368-4196-b68a-fdb1e1554fc8,2.0,,,,16.05,,,,,,,,,,,,,,,,fast,100,Infinity,normal,Military PT 5,upset,supine,"(-9.4, -0.1, 1.7)",faint,"(0.0, -1.0, 0.0, 0.0)",normal,IMMEDIATE,still,,,,,,,,,,,,,,,,,29.86,
PATIENT_ENGAGED,242724,6/26/2026 12:56:24 PM,656b7e14-f368-4196-b68a-fdb1e1554fc8,2.0,,,,0,,,,,,,,,,,,,,,,collapsedRight,100,Infinity,normal,Military PT 1,unresponsive,supine,"(-6.8, -0.1, 2.1)",faint,"(0.0, 0.3, 0.0, 1.0)",normal,IMMEDIATE,still,,,,,,,,,,,,,,,,,4.46,
PLAYER_POSITIONS,243129,6/26/2026 12:56:25 PM,656b7e14-f368-4196-b68a-fdb1e1554fc8,2.0,,,,,,,,,,,,,,,,,,,,,,,,,,,,,,,,,,,"(-7.7, 0.4, 1.6)","(-7.7, 0.9, 1.7)","(-7.4, 0.4, 1.5)",
PLAYER_POSITIONS,243129,6/26/2026 12:56:25 PM,656b7e14-f368-4196-b68a-fdb1e1554fc8,2.0,,,,,,,,,,,,,,,,,,,,,,,,,,,,,,,,,,,"(-7.7, 0.4, 1.6)","(-7.7, 0.9, 1.7)","(-7.4, 0.4, 1.5)",
PLAYER_POSITIONS,243633,6/26/2026 12:56:25 PM,656b7e14-f368-4196-b68a-fdb1e1554fc8,2.0,,,,,,,,,,,,,,,,,,,,,,,,,,,,,,,,,,,"(-7.4, 0.4, 1.6)","(-7.4, 0.9, 1.6)","(-7.2, 0.3, 1.5)",
PLAYER_POSITIONS,243633,6/26/2026 12:56:25 PM,656b7e14-f368-4196-b68a-fdb1e1554fc8,2.0,,,,,,,,,,,,,,,,,,,,,,,,,,,,,,,,,,,"(-7.4, 0.4, 1.6)","(-7.4, 0.9, 1.6)","(-7.2, 0.3, 1.5)",
PULSE_TAKEN,244063,6/26/2026 12:56:26 PM,656b7e14-f368-4196-b68a-fdb1e1554fc8,2.0,,,,,,,,,,,,,,,,,,,,,,,,Military PT 1,,,,pulse_faint,
PLAYER_POSITIONS,244155,6/26/2026 12:56:26 PM,656b7e14-f368-4196-b68a-fdb1e1554fc8,2.0,,,,,,,,,,,,,,,,,,,,,,,,,,,,,,,,,,,"(-7.2, 0.5, 1.6)","(-7.1, 0.7, 1.6)","(-6.9, 0.1, 1.7)",
PLAYER_POSITIONS,244155,6/26/2026 12:56:26 PM,656b7e14-f368-4196-b68a-fdb1e1554fc8,2.0,,,,,,,,,,,,,,,,,,,,,,,,,,,,,,,,,,,"(-7.2, 0.5, 1.6)","(-7.1, 0.7, 1.6)","(-6.9, 0.1, 1.7)",
PLAYER_POSITIONS,244665,6/26/2026 12:56:26 PM,656b7e14-f368-4196-b68a-fdb1e1554fc8,2.0,,,,,,,,,,,,,,,,,,,,,,,,,,,,,,,,,,,"(-7.2, 0.5, 1.6)","(-7.1, 0.7, 1.6)","(-6.9, 0.1, 1.7)",
PLAYER_POSITIONS,244665,6/26/2026 12:56:26 PM,656b7e14-f368-4196-b68a-fdb1e1554fc8,2.0,,,,,,,,,,,,,,,,,,,,,,,,,,,,,,,,,,,"(-7.2, 0.5, 1.6)","(-7.1, 0.7, 1.6)","(-6.9, 0.1, 1.7)",
PULSE_TAKEN,245019,6/26/2026 12:56:27 PM,656b7e14-f368-4196-b68a-fdb1e1554fc8,2.0,,,,,,,,,,,,,,,,,,,,,,,,Military PT 1,,,,pulse_faint,
PLAYER_POSITIONS,245186,6/26/2026 12:56:27 PM,656b7e14-f368-4196-b68a-fdb1e1554fc8,2.0,,,,,,,,,,,,,,,,,,,,,,,,,,,,,,,,,,,"(-7.2, 0.5, 1.6)","(-7.1, 0.7, 1.6)","(-6.9, 0.1, 1.7)",
PLAYER_POSITIONS,245186,6/26/2026 12:56:27 PM,656b7e14-f368-4196-b68a-fdb1e1554fc8,2.0,,,,,,,,,,,,,,,,,,,,,,,,,,,,,,,,,,,"(-7.2, 0.5, 1.6)","(-7.1, 0.7, 1.6)","(-6.9, 0.1, 1.7)",
PLAYER_POSITIONS,245698,6/26/2026 12:56:27 PM,656b7e14-f368-4196-b68a-fdb1e1554fc8,2.0,,,,,,,,,,,,,,,,,,,,,,,,,,,,,,,,,,,"(-7.2, 0.5, 1.6)","(-7.1, 0.7, 1.6)","(-6.9, 0.1, 1.7)",
PLAYER_POSITIONS,245698,6/26/2026 12:56:27 PM,656b7e14-f368-4196-b68a-fdb1e1554fc8,2.0,,,,,,,,,,,,,,,,,,,,,,,,,,,,,,,,,,,"(-7.2, 0.5, 1.6)","(-7.1, 0.7, 1.6)","(-6.9, 0.1, 1.7)",
PLAYER_POSITIONS,246218,6/26/2026 12:56:28 PM,656b7e14-f368-4196-b68a-fdb1e1554fc8,2.0,,,,,,,,,,,,,,,,,,,,,,,,,,,,,,,,,,,"(-7.1, 0.5, 1.6)","(-7.0, 0.8, 1.6)","(-6.8, 0.2, 1.6)",
PLAYER_POSITIONS,246218,6/26/2026 12:56:28 PM,656b7e14-f368-4196-b68a-fdb1e1554fc8,2.0,,,,,,,,,,,,,,,,,,,,,,,,,,,,,,,,,,,"(-7.1, 0.5, 1.6)","(-7.0, 0.8, 1.6)","(-6.8, 0.2, 1.6)",
DRAG_STOP,246331,6/26/2026 12:56:28 PM,656b7e14-f368-4196-b68a-fdb1e1554fc8,2.0,,,,,"(-9.1, 0.0, 4.6)","(-10.7, 0.0, 5.9)",,,,,,,,,,,,,,,,,,Military PT 1,
PLAYER_POSITIONS,246739,6/26/2026 12:56:28 PM,656b7e14-f368-4196-b68a-fdb1e1554fc8,2.0,,,,,,,,,,,,,,,,,,,,,,,,,,,,,,,,,,,"(-6.9, 0.5, 1.5)","(-6.9, 0.8, 1.5)","(-6.7, 0.5, 1.1)",
PLAYER_POSITIONS,246739,6/26/2026 12:56:28 PM,656b7e14-f368-4196-b68a-fdb1e1554fc8,2.0,,,,,,,,,,,,,,,,,,,,,,,,,,,,,,,,,,,"(-6.9, 0.5, 1.5)","(-6.9, 0.8, 1.5)","(-6.7, 0.5, 1.1)",
PLAYER_POSITIONS,247252,6/26/2026 12:56:29 PM,656b7e14-f368-4196-b68a-fdb1e1554fc8,2.0,,,,,,,,,,,,,,,,,,,,,,,,,,,,,,,,,,,"(-6.9, 0.5, 1.4)","(-6.8, 0.8, 1.4)","(-6.5, 0.4, 0.9)",
PLAYER_POSITIONS,247252,6/26/2026 12:56:29 PM,656b7e14-f368-4196-b68a-fdb1e1554fc8,2.0,,,,,,,,,,,,,,,,,,,,,,,,,,,,,,,,,,,"(-6.9, 0.5, 1.4)","(-6.8, 0.8, 1.4)","(-6.5, 0.4, 0.9)",
AUDIO_END,247608,6/26/2026 12:56:29 PM,656b7e14-f368-4196-b68a-fdb1e1554fc8,2.0,distant jet,10.13551,
NARRATIVE_SECTION_END,247608,6/26/2026 12:56:29 PM,656b7e14-f368-4196-b68a-fdb1e1554fc8,2.0,,,,,,,,,,,,,,,,,,Distant Jet,27,
NARRATIVE_SECTION_START,247627,6/26/2026 12:56:29 PM,656b7e14-f368-4196-b68a-fdb1e1554fc8,2.0,,,,,,,,,,,,,,,,,,Enemy dispersed,28,
PLAYER_POSITIONS,247765,6/26/2026 12:56:29 PM,656b7e14-f368-4196-b68a-fdb1e1554fc8,2.0,,,,,,,,,,,,,,,,,,,,,,,,,,,,,,,,,,,"(-6.9, 0.5, 1.4)","(-6.8, 0.8, 1.3)","(-6.6, 0.4, 1.1)",
PLAYER_POSITIONS,247765,6/26/2026 12:56:29 PM,656b7e14-f368-4196-b68a-fdb1e1554fc8,2.0,,,,,,,,,,,,,,,,,,,,,,,,,,,,,,,,,,,"(-6.9, 0.5, 1.4)","(-6.8, 0.8, 1.3)","(-6.6, 0.4, 1.1)",
PLAYER_POSITIONS,248278,6/26/2026 12:56:30 PM,656b7e14-f368-4196-b68a-fdb1e1554fc8,2.0,,,,,,,,,,,,,,,,,,,,,,,,,,,,,,,,,,,"(-6.9, 0.5, 1.4)","(-6.8, 0.9, 1.3)","(-6.6, 0.6, 0.9)",
PLAYER_POSITIONS,248278,6/26/2026 12:56:30 PM,656b7e14-f368-4196-b68a-fdb1e1554fc8,2.0,,,,,,,,,,,,,,,,,,,,,,,,,,,,,,,,,,,"(-6.9, 0.5, 1.4)","(-6.8, 0.9, 1.3)","(-6.6, 0.6, 0.9)",
TOOL_HOVER,248489,6/26/2026 12:56:30 PM,656b7e14-f368-4196-b68a-fdb1e1554fc8,2.0,,,,,,,,,,,,,,,,,,,,,,,,,,,,,,,,,,,,,,,,,,,,,,998,,Fentanyl Lollipop,
TOOL_HOVER,248565,6/26/2026 12:56:30 PM,656b7e14-f368-4196-b68a-fdb1e1554fc8,2.0,,,,,,,,,,,,,,,,,,,,,,,,,,,,,,,,,,,,,,,,,,,,,,997,,Decompression Needle,
TOOL_HOVER,248665,6/26/2026 12:56:30 PM,656b7e14-f368-4196-b68a-fdb1e1554fc8,2.0,,,,,,,,,,,,,,,,,,,,,,,,,,,,,,,,,,,,,,,,,,,,,,998,,Fentanyl Lollipop,
TOOL_HOVER,248776,6/26/2026 12:56:30 PM,656b7e14-f368-4196-b68a-fdb1e1554fc8,2.0,,,,,,,,,,,,,,,,,,,,,,,,,,,,,,,,,,,,,,,,,,,,,,997,,Decompression Needle,
PLAYER_POSITIONS,248779,6/26/2026 12:56:30 PM,656b7e14-f368-4196-b68a-fdb1e1554fc8,2.0,,,,,,,,,,,,,,,,,,,,,,,,,,,,,,,,,,,"(-6.8, 0.4, 1.4)","(-6.8, 0.9, 1.3)","(-6.7, 0.7, 0.7)",
PLAYER_POSITIONS,248779,6/26/2026 12:56:30 PM,656b7e14-f368-4196-b68a-fdb1e1554fc8,2.0,,,,,,,,,,,,,,,,,,,,,,,,,,,,,,,,,,,"(-6.8, 0.4, 1.4)","(-6.8, 0.9, 1.3)","(-6.7, 0.7, 0.7)",
TOOL_SELECTED,249222,6/26/2026 12:56:31 PM,656b7e14-f368-4196-b68a-fdb1e1554fc8,2.0,,,,,,,,,,,,,,,,,,,,,,,,,,,,,,,,,,,,,,,,,,,,,,996,,Decompression Needle,
PLAYER_POSITIONS,249289,6/26/2026 12:56:31 PM,656b7e14-f368-4196-b68a-fdb1e1554fc8,2.0,,,,,,,,,,,,,,,,,,,,,,,,,,,,,,,,,,,"(-6.8, 0.4, 1.4)","(-6.8, 0.9, 1.3)","(-6.6, 0.6, 0.7)",
PLAYER_POSITIONS,249289,6/26/2026 12:56:31 PM,656b7e14-f368-4196-b68a-fdb1e1554fc8,2.0,,,,,,,,,,,,,,,,,,,,,,,,,,,,,,,,,,,"(-6.8, 0.4, 1.4)","(-6.8, 0.9, 1.3)","(-6.6, 0.6, 0.7)",
AUDIO_START,249639,6/26/2026 12:56:31 PM,656b7e14-f368-4196-b68a-fdb1e1554fc8,2.0,enemy dispersed,3.578775,
PLAYER_POSITIONS,249805,6/26/2026 12:56:31 PM,656b7e14-f368-4196-b68a-fdb1e1554fc8,2.0,,,,,,,,,,,,,,,,,,,,,,,,,,,,,,,,,,,"(-6.9, 0.5, 1.4)","(-6.8, 0.7, 1.4)","(-6.5, 0.2, 1.2)",
PLAYER_POSITIONS,249805,6/26/2026 12:56:31 PM,656b7e14-f368-4196-b68a-fdb1e1554fc8,2.0,,,,,,,,,,,,,,,,,,,,,,,,,,,,,,,,,,,"(-6.9, 0.5, 1.4)","(-6.8, 0.7, 1.4)","(-6.5, 0.2, 1.2)",
PLAYER_POSITIONS,250320,6/26/2026 12:56:32 PM,656b7e14-f368-4196-b68a-fdb1e1554fc8,2.0,,,,,,,,,,,,,,,,,,,,,,,,,,,,,,,,,,,"(-6.9, 0.5, 1.4)","(-6.7, 0.7, 1.4)","(-6.5, 0.1, 1.4)",
PLAYER_POSITIONS,250320,6/26/2026 12:56:32 PM,656b7e14-f368-4196-b68a-fdb1e1554fc8,2.0,,,,,,,,,,,,,,,,,,,,,,,,,,,,,,,,,,,"(-6.9, 0.5, 1.4)","(-6.7, 0.7, 1.4)","(-6.5, 0.1, 1.4)",
INJURY_TREATED,250366,6/26/2026 12:56:32 PM,656b7e14-f368-4196-b68a-fdb1e1554fc8,2.0,,,,,,,,,chest,R Chest Collapse,"(-6.6, 0.0, 1.5)",decompressionNeedle,1,1,high,True,True,,,,,,,Military PT 1,
TOOL_APPLIED,250369,6/26/2026 12:56:32 PM,656b7e14-f368-4196-b68a-fdb1e1554fc8,2.0,,,,,,,,,,,,,,,,,,,,,,,,Military PT 1,,,,,,,,,,,,,,,,,,,,AppliedDecompNeedle,RightChestBreath (UnityEngine.GameObject),,Decompression Needle(Clone) (UnityEngine.GameObject),Decompression Needle,
PLAYER_POSITIONS,250831,6/26/2026 12:56:32 PM,656b7e14-f368-4196-b68a-fdb1e1554fc8,2.0,,,,,,,,,,,,,,,,,,,,,,,,,,,,,,,,,,,"(-6.8, 0.5, 1.4)","(-6.7, 0.7, 1.4)","(-6.6, 0.1, 1.3)",
PLAYER_POSITIONS,250831,6/26/2026 12:56:32 PM,656b7e14-f368-4196-b68a-fdb1e1554fc8,2.0,,,,,,,,,,,,,,,,,,,,,,,,,,,,,,,,,,,"(-6.8, 0.5, 1.4)","(-6.7, 0.7, 1.4)","(-6.6, 0.1, 1.3)",
PLAYER_POSITIONS,251344,6/26/2026 12:56:33 PM,656b7e14-f368-4196-b68a-fdb1e1554fc8,2.0,,,,,,,,,,,,,,,,,,,,,,,,,,,,,,,,,,,"(-6.9, 0.5, 1.4)","(-6.8, 0.8, 1.3)","(-6.6, 0.4, 1.1)",
PLAYER_POSITIONS,251344,6/26/2026 12:56:33 PM,656b7e14-f368-4196-b68a-fdb1e1554fc8,2.0,,,,,,,,,,,,,,,,,,,,,,,,,,,,,,,,,,,"(-6.9, 0.5, 1.4)","(-6.8, 0.8, 1.3)","(-6.6, 0.4, 1.1)",
TAG_SELECTED,251741,6/26/2026 12:56:33 PM,656b7e14-f368-4196-b68a-fdb1e1554fc8,2.0,,,,,,,,,,,,,,,,,,,,,,,,,,,,,,,,,,,,,,,,,,red,
PLAYER_POSITIONS,251855,6/26/2026 12:56:33 PM,656b7e14-f368-4196-b68a-fdb1e1554fc8,2.0,,,,,,,,,,,,,,,,,,,,,,,,,,,,,,,,,,,"(-6.9, 0.5, 1.4)","(-6.8, 0.8, 1.4)","(-6.5, 0.4, 1.1)",
PLAYER_POSITIONS,251855,6/26/2026 12:56:33 PM,656b7e14-f368-4196-b68a-fdb1e1554fc8,2.0,,,,,,,,,,,,,,,,,,,,,,,,,,,,,,,,,,,"(-6.9, 0.5, 1.4)","(-6.8, 0.8, 1.4)","(-6.5, 0.4, 1.1)",
BAG_CLOSED,252028,6/26/2026 12:56:34 PM,656b7e14-f368-4196-b68a-fdb1e1554fc8,2.0,,,,,,,,,,,,,,,,,,,,,,,,,,,,,,,,,,,,"(0.0, 0.0, 0.0)",
PLAYER_POSITIONS,252362,6/26/2026 12:56:34 PM,656b7e14-f368-4196-b68a-fdb1e1554fc8,2.0,,,,,,,,,,,,,,,,,,,,,,,,,,,,,,,,,,,"(-7.0, 0.5, 1.4)","(-6.8, 0.7, 1.5)","(-6.9, 0.2, 1.6)",
PLAYER_POSITIONS,252362,6/26/2026 12:56:34 PM,656b7e14-f368-4196-b68a-fdb1e1554fc8,2.0,,,,,,,,,,,,,,,,,,,,,,,,,,,,,,,,,,,"(-7.0, 0.5, 1.4)","(-6.8, 0.7, 1.5)","(-6.9, 0.2, 1.6)",
PLAYER_POSITIONS,252866,6/26/2026 12:56:34 PM,656b7e14-f368-4196-b68a-fdb1e1554fc8,2.0,,,,,,,,,,,,,,,,,,,,,,,,,,,,,,,,,,,"(-7.0, 0.5, 1.4)","(-6.8, 0.7, 1.5)","(-6.9, 0.1, 1.7)",
PLAYER_POSITIONS,252866,6/26/2026 12:56:34 PM,656b7e14-f368-4196-b68a-fdb1e1554fc8,2.0,,,,,,,,,,,,,,,,,,,,,,,,,,,,,,,,,,,"(-7.0, 0.5, 1.4)","(-6.8, 0.7, 1.5)","(-6.9, 0.1, 1.7)",
TAG_APPLIED,252891,6/26/2026 12:56:35 PM,656b7e14-f368-4196-b68a-fdb1e1554fc8,2.0,,,,,,,,,,,,,,,,,,,,,,,,Military PT 1,,,,,,,,,,,,,,,,,,red,
AUDIO_END,253222,6/26/2026 12:56:35 PM,656b7e14-f368-4196-b68a-fdb1e1554fc8,2.0,enemy dispersed,3.578775,
NARRATIVE_SECTION_END,253222,6/26/2026 12:56:35 PM,656b7e14-f368-4196-b68a-fdb1e1554fc8,2.0,,,,,,,,,,,,,,,,,,Enemy dispersed,28,
NARRATIVE_SECTION_START,253241,6/26/2026 12:56:35 PM,656b7e14-f368-4196-b68a-fdb1e1554fc8,2.0,,,,,,,,,,,,,,,,,,Mortar support on 3-1,29,
PLAYER_POSITIONS,253378,6/26/2026 12:56:35 PM,656b7e14-f368-4196-b68a-fdb1e1554fc8,2.0,,,,,,,,,,,,,,,,,,,,,,,,,,,,,,,,,,,"(-7.0, 0.5, 1.4)","(-6.8, 0.7, 1.5)","(-6.8, 0.1, 1.5)",
PLAYER_POSITIONS,253378,6/26/2026 12:56:35 PM,656b7e14-f368-4196-b68a-fdb1e1554fc8,2.0,,,,,,,,,,,,,,,,,,,,,,,,,,,,,,,,,,,"(-7.0, 0.5, 1.4)","(-6.8, 0.7, 1.5)","(-6.8, 0.1, 1.5)",
DRAG_STOP,253489,6/26/2026 12:56:35 PM,656b7e14-f368-4196-b68a-fdb1e1554fc8,2.0,,,,,"(-9.1, 0.0, 4.6)","(-10.7, 0.0, 5.9)",,,,,,,,,,,,,,,,,,Military PT 1,
PLAYER_POSITIONS,253878,6/26/2026 12:56:36 PM,656b7e14-f368-4196-b68a-fdb1e1554fc8,2.0,,,,,,,,,,,,,,,,,,,,,,,,,,,,,,,,,,,"(-7.1, 0.5, 1.4)","(-6.9, 0.8, 1.6)","(-7.0, 0.1, 1.4)",
PLAYER_GAZE,253878,6/26/2026 12:56:36 PM,656b7e14-f368-4196-b68a-fdb1e1554fc8,2.0,,,,,,,,,,,,,,,,,,,,,,,,Military PT 1,,,,,,,,,"(-0.1, 0.8, -0.4)",,,"(-6.8, 0.0, 2.1)",
PLAYER_POSITIONS,253878,6/26/2026 12:56:36 PM,656b7e14-f368-4196-b68a-fdb1e1554fc8,2.0,,,,,,,,,,,,,,,,,,,,,,,,,,,,,,,,,,,"(-7.1, 0.5, 1.4)","(-6.9, 0.8, 1.6)","(-7.0, 0.1, 1.4)",
PLAYER_GAZE,253878,6/26/2026 12:56:36 PM,656b7e14-f368-4196-b68a-fdb1e1554fc8,2.0,,,,,,,,,,,,,,,,,,,,,,,,Military PT 1,,,,,,,,,"(-0.1, 0.8, -0.4)",,,"(-6.8, 0.0, 2.1)",
PLAYER_POSITIONS,254389,6/26/2026 12:56:36 PM,656b7e14-f368-4196-b68a-fdb1e1554fc8,2.0,,,,,,,,,,,,,,,,,,,,,,,,,,,,,,,,,,,"(-7.2, 0.5, 1.7)","(-7.1, 0.8, 1.9)","(-7.2, 0.1, 1.7)",
PLAYER_GAZE,254389,6/26/2026 12:56:36 PM,656b7e14-f368-4196-b68a-fdb1e1554fc8,2.0,,,,,,,,,,,,,,,,,,,,,,,,Military PT 1,,,,,,,,,"(-0.3, 0.8, -0.1)",,,"(-6.8, 0.0, 2.1)",
PLAYER_POSITIONS,254389,6/26/2026 12:56:36 PM,656b7e14-f368-4196-b68a-fdb1e1554fc8,2.0,,,,,,,,,,,,,,,,,,,,,,,,,,,,,,,,,,,"(-7.2, 0.5, 1.7)","(-7.1, 0.8, 1.9)","(-7.2, 0.1, 1.7)",
PLAYER_GAZE,254389,6/26/2026 12:56:36 PM,656b7e14-f368-4196-b68a-fdb1e1554fc8,2.0,,,,,,,,,,,,,,,,,,,,,,,,Military PT 1,,,,,,,,,"(-0.3, 0.8, -0.1)",,,"(-6.8, 0.0, 2.1)",
PLAYER_POSITIONS,254899,6/26/2026 12:56:37 PM,656b7e14-f368-4196-b68a-fdb1e1554fc8,2.0,,,,,,,,,,,,,,,,,,,,,,,,,,,,,,,,,,,"(-7.1, 0.5, 2.0)","(-7.0, 0.8, 2.2)","(-6.8, 0.4, 2.1)",
PLAYER_GAZE,254899,6/26/2026 12:56:37 PM,656b7e14-f368-4196-b68a-fdb1e1554fc8,2.0,,,,,,,,,,,,,,,,,,,,,,,,Military PT 1,,,,,,,,,"(-0.2, 0.8, 0.1)",,,"(-6.8, 0.0, 2.1)",
PLAYER_POSITIONS,254899,6/26/2026 12:56:37 PM,656b7e14-f368-4196-b68a-fdb1e1554fc8,2.0,,,,,,,,,,,,,,,,,,,,,,,,,,,,,,,,,,,"(-7.1, 0.5, 2.0)","(-7.0, 0.8, 2.2)","(-6.8, 0.4, 2.1)",
PLAYER_GAZE,254899,6/26/2026 12:56:37 PM,656b7e14-f368-4196-b68a-fdb1e1554fc8,2.0,,,,,,,,,,,,,,,,,,,,,,,,Military PT 1,,,,,,,,,"(-0.2, 0.8, 0.1)",,,"(-6.8, 0.0, 2.1)",
PLAYER_POSITIONS,255399,6/26/2026 12:56:37 PM,656b7e14-f368-4196-b68a-fdb1e1554fc8,2.0,,,,,,,,,,,,,,,,,,,,,,,,,,,,,,,,,,,"(-7.0, 0.5, 2.2)","(-6.8, 0.7, 2.3)","(-6.5, 0.5, 2.3)",
PLAYER_POSITIONS,255399,6/26/2026 12:56:37 PM,656b7e14-f368-4196-b68a-fdb1e1554fc8,2.0,,,,,,,,,,,,,,,,,,,,,,,,,,,,,,,,,,,"(-7.0, 0.5, 2.2)","(-6.8, 0.7, 2.3)","(-6.5, 0.5, 2.3)",
PLAYER_POSITIONS,255912,6/26/2026 12:56:38 PM,656b7e14-f368-4196-b68a-fdb1e1554fc8,2.0,,,,,,,,,,,,,,,,,,,,,,,,,,,,,,,,,,,"(-6.8, 0.5, 2.2)","(-6.7, 0.7, 2.3)","(-6.5, 0.2, 2.3)",
PLAYER_POSITIONS,255912,6/26/2026 12:56:38 PM,656b7e14-f368-4196-b68a-fdb1e1554fc8,2.0,,,,,,,,,,,,,,,,,,,,,,,,,,,,,,,,,,,"(-6.8, 0.5, 2.2)","(-6.7, 0.7, 2.3)","(-6.5, 0.2, 2.3)",
PLAYER_POSITIONS,256422,6/26/2026 12:56:38 PM,656b7e14-f368-4196-b68a-fdb1e1554fc8,2.0,,,,,,,,,,,,,,,,,,,,,,,,,,,,,,,,,,,"(-6.8, 0.5, 2.3)","(-6.6, 0.7, 2.3)","(-6.4, 0.4, 2.3)",
PLAYER_POSITIONS,256422,6/26/2026 12:56:38 PM,656b7e14-f368-4196-b68a-fdb1e1554fc8,2.0,,,,,,,,,,,,,,,,,,,,,,,,,,,,,,,,,,,"(-6.8, 0.5, 2.3)","(-6.6, 0.7, 2.3)","(-6.4, 0.4, 2.3)",
PLAYER_POSITIONS,256934,6/26/2026 12:56:39 PM,656b7e14-f368-4196-b68a-fdb1e1554fc8,2.0,,,,,,,,,,,,,,,,,,,,,,,,,,,,,,,,,,,"(-6.8, 0.5, 2.3)","(-6.6, 0.8, 2.3)","(-6.2, 0.3, 2.2)",
PLAYER_POSITIONS,256934,6/26/2026 12:56:39 PM,656b7e14-f368-4196-b68a-fdb1e1554fc8,2.0,,,,,,,,,,,,,,,,,,,,,,,,,,,,,,,,,,,"(-6.8, 0.5, 2.3)","(-6.6, 0.8, 2.3)","(-6.2, 0.3, 2.2)",
PLAYER_POSITIONS,257446,6/26/2026 12:56:39 PM,656b7e14-f368-4196-b68a-fdb1e1554fc8,2.0,,,,,,,,,,,,,,,,,,,,,,,,,,,,,,,,,,,"(-6.8, 0.5, 2.3)","(-6.6, 0.8, 2.3)","(-6.2, 0.4, 2.4)",
PLAYER_POSITIONS,257446,6/26/2026 12:56:39 PM,656b7e14-f368-4196-b68a-fdb1e1554fc8,2.0,,,,,,,,,,,,,,,,,,,,,,,,,,,,,,,,,,,"(-6.8, 0.5, 2.3)","(-6.6, 0.8, 2.3)","(-6.2, 0.4, 2.4)",
TOOL_HOVER,257487,6/26/2026 12:56:39 PM,656b7e14-f368-4196-b68a-fdb1e1554fc8,2.0,,,,,,,,,,,,,,,,,,,,,,,,,,,,,,,,,,,,,,,,,,,,,,996,,Tourniquet,
TOOL_SELECTED,257799,6/26/2026 12:56:39 PM,656b7e14-f368-4196-b68a-fdb1e1554fc8,2.0,,,,,,,,,,,,,,,,,,,,,,,,,,,,,,,,,,,,,,,,,,,,,,995,,Tourniquet,
PLAYER_POSITIONS,257980,6/26/2026 12:56:40 PM,656b7e14-f368-4196-b68a-fdb1e1554fc8,2.0,,,,,,,,,,,,,,,,,,,,,,,,,,,,,,,,,,,"(-6.8, 0.5, 2.3)","(-6.6, 0.8, 2.3)","(-6.3, 0.4, 2.4)",
PLAYER_POSITIONS,257980,6/26/2026 12:56:40 PM,656b7e14-f368-4196-b68a-fdb1e1554fc8,2.0,,,,,,,,,,,,,,,,,,,,,,,,,,,,,,,,,,,"(-6.8, 0.5, 2.3)","(-6.6, 0.8, 2.3)","(-6.3, 0.4, 2.4)",
AUDIO_START,258229,6/26/2026 12:56:40 PM,656b7e14-f368-4196-b68a-fdb1e1554fc8,2.0,mortar on 3 1,3.474286,
PLAYER_POSITIONS,258489,6/26/2026 12:56:40 PM,656b7e14-f368-4196-b68a-fdb1e1554fc8,2.0,,,,,,,,,,,,,,,,,,,,,,,,,,,,,,,,,,,"(-6.8, 0.5, 2.3)","(-6.7, 0.7, 2.2)","(-6.6, 0.1, 2.0)",
PLAYER_POSITIONS,258489,6/26/2026 12:56:40 PM,656b7e14-f368-4196-b68a-fdb1e1554fc8,2.0,,,,,,,,,,,,,,,,,,,,,,,,,,,,,,,,,,,"(-6.8, 0.5, 2.3)","(-6.7, 0.7, 2.2)","(-6.6, 0.1, 2.0)",
INJURY_TREATED,258757,6/26/2026 12:56:40 PM,656b7e14-f368-4196-b68a-fdb1e1554fc8,2.0,,,,,,,,,rightCalf,R Calf Laceration,"(-6.6, -0.1, 2.4)",israeliWrap,1,0,low,True,True,,,,,,,Military PT 1,
TOOL_APPLIED,258757,6/26/2026 12:56:40 PM,656b7e14-f368-4196-b68a-fdb1e1554fc8,2.0,,,,,,,,,,,,,,,,,,,,,,,,Military PT 1,,,,,,,,,,,,,,,,,,,,AppliedTourniquet,RightUpLeg (UnityEngine.GameObject),,Tourniquet(Clone) (UnityEngine.GameObject),Tourniquet,
PLAYER_POSITIONS,259015,6/26/2026 12:56:41 PM,656b7e14-f368-4196-b68a-fdb1e1554fc8,2.0,,,,,,,,,,,,,,,,,,,,,,,,,,,,,,,,,,,"(-6.8, 0.5, 2.2)","(-6.6, 0.7, 2.2)","(-6.6, 0.1, 2.0)",
PLAYER_POSITIONS,259015,6/26/2026 12:56:41 PM,656b7e14-f368-4196-b68a-fdb1e1554fc8,2.0,,,,,,,,,,,,,,,,,,,,,,,,,,,,,,,,,,,"(-6.8, 0.5, 2.2)","(-6.6, 0.7, 2.2)","(-6.6, 0.1, 2.0)",
PLAYER_POSITIONS,259527,6/26/2026 12:56:41 PM,656b7e14-f368-4196-b68a-fdb1e1554fc8,2.0,,,,,,,,,,,,,,,,,,,,,,,,,,,,,,,,,,,"(-6.8, 0.5, 2.2)","(-6.6, 0.7, 2.3)","(-6.8, 0.1, 2.2)",
PLAYER_POSITIONS,259527,6/26/2026 12:56:41 PM,656b7e14-f368-4196-b68a-fdb1e1554fc8,2.0,,,,,,,,,,,,,,,,,,,,,,,,,,,,,,,,,,,"(-6.8, 0.5, 2.2)","(-6.6, 0.7, 2.3)","(-6.8, 0.1, 2.2)",
PLAYER_POSITIONS,260052,6/26/2026 12:56:42 PM,656b7e14-f368-4196-b68a-fdb1e1554fc8,2.0,,,,,,,,,,,,,,,,,,,,,,,,,,,,,,,,,,,"(-6.8, 0.5, 2.2)","(-6.7, 0.8, 2.1)","(-6.8, 0.1, 2.1)",
PLAYER_GAZE,260052,6/26/2026 12:56:42 PM,656b7e14-f368-4196-b68a-fdb1e1554fc8,2.0,,,,,,,,,,,,,,,,,,,,,,,,Military PT 1,,,,,,,,,"(0.1, 0.8, 0.1)",,,"(-6.8, 0.0, 2.1)",
PLAYER_POSITIONS,260052,6/26/2026 12:56:42 PM,656b7e14-f368-4196-b68a-fdb1e1554fc8,2.0,,,,,,,,,,,,,,,,,,,,,,,,,,,,,,,,,,,"(-6.8, 0.5, 2.2)","(-6.7, 0.8, 2.1)","(-6.8, 0.1, 2.1)",
PLAYER_GAZE,260052,6/26/2026 12:56:42 PM,656b7e14-f368-4196-b68a-fdb1e1554fc8,2.0,,,,,,,,,,,,,,,,,,,,,,,,Military PT 1,,,,,,,,,"(0.1, 0.8, 0.1)",,,"(-6.8, 0.0, 2.1)",
PLAYER_POSITIONS,260561,6/26/2026 12:56:42 PM,656b7e14-f368-4196-b68a-fdb1e1554fc8,2.0,,,,,,,,,,,,,,,,,,,,,,,,,,,,,,,,,,,"(-6.6, 0.3, 2.2)","(-6.7, 0.9, 2.0)","(-6.8, 0.2, 2.0)",
PLAYER_GAZE,260561,6/26/2026 12:56:42 PM,656b7e14-f368-4196-b68a-fdb1e1554fc8,2.0,,,,,,,,,,,,,,,,,,,,,,,,Military PT 1,,,,,,,,,"(0.1, 0.9, -0.1)",,,"(-6.8, 0.0, 2.1)",
PLAYER_POSITIONS,260561,6/26/2026 12:56:42 PM,656b7e14-f368-4196-b68a-fdb1e1554fc8,2.0,,,,,,,,,,,,,,,,,,,,,,,,,,,,,,,,,,,"(-6.6, 0.3, 2.2)","(-6.7, 0.9, 2.0)","(-6.8, 0.2, 2.0)",
PLAYER_GAZE,260561,6/26/2026 12:56:42 PM,656b7e14-f368-4196-b68a-fdb1e1554fc8,2.0,,,,,,,,,,,,,,,,,,,,,,,,Military PT 1,,,,,,,,,"(0.1, 0.9, -0.1)",,,"(-6.8, 0.0, 2.1)",
PLAYER_POSITIONS,261074,6/26/2026 12:56:43 PM,656b7e14-f368-4196-b68a-fdb1e1554fc8,2.0,,,,,,,,,,,,,,,,,,,,,,,,,,,,,,,,,,,"(-6.6, 0.5, 2.2)","(-6.7, 1.0, 2.0)","(-6.6, 0.4, 2.0)",
PLAYER_POSITIONS,261074,6/26/2026 12:56:43 PM,656b7e14-f368-4196-b68a-fdb1e1554fc8,2.0,,,,,,,,,,,,,,,,,,,,,,,,,,,,,,,,,,,"(-6.6, 0.5, 2.2)","(-6.7, 1.0, 2.0)","(-6.6, 0.4, 2.0)",
PLAYER_POSITIONS,261585,6/26/2026 12:56:43 PM,656b7e14-f368-4196-b68a-fdb1e1554fc8,2.0,,,,,,,,,,,,,,,,,,,,,,,,,,,,,,,,,,,"(-6.8, 0.4, 2.1)","(-6.6, 0.9, 2.1)","(-6.4, 0.4, 2.1)",
PLAYER_POSITIONS,261585,6/26/2026 12:56:43 PM,656b7e14-f368-4196-b68a-fdb1e1554fc8,2.0,,,,,,,,,,,,,,,,,,,,,,,,,,,,,,,,,,,"(-6.8, 0.4, 2.1)","(-6.6, 0.9, 2.1)","(-6.4, 0.4, 2.1)",
AUDIO_END,261705,6/26/2026 12:56:43 PM,656b7e14-f368-4196-b68a-fdb1e1554fc8,2.0,mortar on 3 1,3.474286,
NARRATIVE_SECTION_END,261705,6/26/2026 12:56:43 PM,656b7e14-f368-4196-b68a-fdb1e1554fc8,2.0,,,,,,,,,,,,,,,,,,Mortar support on 3-1,29,
NARRATIVE_SECTION_START,261725,6/26/2026 12:56:43 PM,656b7e14-f368-4196-b68a-fdb1e1554fc8,2.0,,,,,,,,,,,,,,,,,,Standby for mortar Strike,30,
PLAYER_POSITIONS,262085,6/26/2026 12:56:44 PM,656b7e14-f368-4196-b68a-fdb1e1554fc8,2.0,,,,,,,,,,,,,,,,,,,,,,,,,,,,,,,,,,,"(-6.8, 0.4, 2.1)","(-6.5, 0.9, 2.2)","(-6.3, 0.4, 2.3)",
PLAYER_POSITIONS,262085,6/26/2026 12:56:44 PM,656b7e14-f368-4196-b68a-fdb1e1554fc8,2.0,,,,,,,,,,,,,,,,,,,,,,,,,,,,,,,,,,,"(-6.8, 0.4, 2.1)","(-6.5, 0.9, 2.2)","(-6.3, 0.4, 2.3)",
PLAYER_POSITIONS,262601,6/26/2026 12:56:44 PM,656b7e14-f368-4196-b68a-fdb1e1554fc8,2.0,,,,,,,,,,,,,,,,,,,,,,,,,,,,,,,,,,,"(-6.7, 0.5, 2.0)","(-6.4, 1.1, 2.3)","(-6.3, 0.6, 2.2)",
PLAYER_POSITIONS,262601,6/26/2026 12:56:44 PM,656b7e14-f368-4196-b68a-fdb1e1554fc8,2.0,,,,,,,,,,,,,,,,,,,,,,,,,,,,,,,,,,,"(-6.7, 0.5, 2.0)","(-6.4, 1.1, 2.3)","(-6.3, 0.6, 2.2)",
BAG_CLOSED,263028,6/26/2026 12:56:45 PM,656b7e14-f368-4196-b68a-fdb1e1554fc8,2.0,,,,,,,,,,,,,,,,,,,,,,,,,,,,,,,,,,,,"(0.0, 0.0, 0.0)",
PLAYER_POSITIONS,263125,6/26/2026 12:56:45 PM,656b7e14-f368-4196-b68a-fdb1e1554fc8,2.0,,,,,,,,,,,,,,,,,,,,,,,,,,,,,,,,,,,"(-6.6, 0.6, 2.2)","(-6.5, 1.5, 2.2)","(-6.7, 0.8, 2.1)",
PLAYER_GAZE,263125,6/26/2026 12:56:45 PM,656b7e14-f368-4196-b68a-fdb1e1554fc8,2.0,,,,,,,,,,,,,,,,,,,,,,,,Military PT 11,,,,,,,,,"(-0.1, 1.5, 2.4)",,,"(-6.4, 0.0, -0.3)",
PLAYER_POSITIONS,263125,6/26/2026 12:56:45 PM,656b7e14-f368-4196-b68a-fdb1e1554fc8,2.0,,,,,,,,,,,,,,,,,,,,,,,,,,,,,,,,,,,"(-6.6, 0.6, 2.2)","(-6.5, 1.5, 2.2)","(-6.7, 0.8, 2.1)",
PLAYER_GAZE,263125,6/26/2026 12:56:45 PM,656b7e14-f368-4196-b68a-fdb1e1554fc8,2.0,,,,,,,,,,,,,,,,,,,,,,,,Military PT 11,,,,,,,,,"(-0.1, 1.5, 2.4)",,,"(-6.4, 0.0, -0.3)",
PLAYER_POSITIONS,263632,6/26/2026 12:56:45 PM,656b7e14-f368-4196-b68a-fdb1e1554fc8,2.0,,,,,,,,,,,,,,,,,,,,,,,,,,,,,,,,,,,"(-6.4, 0.8, 2.5)","(-7.0, 1.7, 2.3)","(-7.1, 1.0, 2.1)",
PLAYER_POSITIONS,263632,6/26/2026 12:56:45 PM,656b7e14-f368-4196-b68a-fdb1e1554fc8,2.0,,,,,,,,,,,,,,,,,,,,,,,,,,,,,,,,,,,"(-6.4, 0.8, 2.5)","(-7.0, 1.7, 2.3)","(-7.1, 1.0, 2.1)",
AUDIO_START,263723,6/26/2026 12:56:45 PM,656b7e14-f368-4196-b68a-fdb1e1554fc8,2.0,standby for mortar strike,3.108572,
PLAYER_POSITIONS,264153,6/26/2026 12:56:46 PM,656b7e14-f368-4196-b68a-fdb1e1554fc8,2.0,,,,,,,,,,,,,,,,,,,,,,,,,,,,,,,,,,,"(-6.8, 1.0, 1.9)","(-6.8, 1.7, 2.2)","(-7.1, 1.1, 2.2)",
PLAYER_POSITIONS,264153,6/26/2026 12:56:46 PM,656b7e14-f368-4196-b68a-fdb1e1554fc8,2.0,,,,,,,,,,,,,,,,,,,,,,,,,,,,,,,,,,,"(-6.8, 1.0, 1.9)","(-6.8, 1.7, 2.2)","(-7.1, 1.1, 2.2)",
PLAYER_POSITIONS,264675,6/26/2026 12:56:46 PM,656b7e14-f368-4196-b68a-fdb1e1554fc8,2.0,,,,,,,,,,,,,,,,,,,,,,,,,,,,,,,,,,,"(-6.6, 0.9, 1.9)","(-6.8, 1.7, 2.0)","(-6.9, 1.1, 1.8)",
PLAYER_POSITIONS,264675,6/26/2026 12:56:46 PM,656b7e14-f368-4196-b68a-fdb1e1554fc8,2.0,,,,,,,,,,,,,,,,,,,,,,,,,,,,,,,,,,,"(-6.6, 0.9, 1.9)","(-6.8, 1.7, 2.0)","(-6.9, 1.1, 1.8)",
PLAYER_POSITIONS,265185,6/26/2026 12:56:47 PM,656b7e14-f368-4196-b68a-fdb1e1554fc8,2.0,,,,,,,,,,,,,,,,,,,,,,,,,,,,,,,,,,,"(-6.7, 0.9, 1.6)","(-7.0, 1.7, 1.6)","(-7.0, 1.1, 1.3)",
PLAYER_GAZE,265185,6/26/2026 12:56:47 PM,656b7e14-f368-4196-b68a-fdb1e1554fc8,2.0,,,,,,,,,,,,,,,,,,,,,,,,Military PT 11,,,,,,,,,"(-0.6, 1.7, 1.9)",,,"(-6.4, 0.0, -0.3)",
PLAYER_POSITIONS,265185,6/26/2026 12:56:47 PM,656b7e14-f368-4196-b68a-fdb1e1554fc8,2.0,,,,,,,,,,,,,,,,,,,,,,,,,,,,,,,,,,,"(-6.7, 0.9, 1.6)","(-7.0, 1.7, 1.6)","(-7.0, 1.1, 1.3)",
PLAYER_GAZE,265185,6/26/2026 12:56:47 PM,656b7e14-f368-4196-b68a-fdb1e1554fc8,2.0,,,,,,,,,,,,,,,,,,,,,,,,Military PT 11,,,,,,,,,"(-0.6, 1.7, 1.9)",,,"(-6.4, 0.0, -0.3)",
PLAYER_POSITIONS,265697,6/26/2026 12:56:47 PM,656b7e14-f368-4196-b68a-fdb1e1554fc8,2.0,,,,,,,,,,,,,,,,,,,,,,,,,,,,,,,,,,,"(-6.6, 0.9, 1.3)","(-6.8, 1.7, 1.3)","(-6.8, 1.2, 0.9)",
PLAYER_GAZE,265697,6/26/2026 12:56:47 PM,656b7e14-f368-4196-b68a-fdb1e1554fc8,2.0,,,,,,,,,,,,,,,,,,,,,,,,Military PT 11,,,,,,,,,"(-0.3, 1.7, 1.6)",,,"(-6.4, 0.0, -0.3)",
PLAYER_POSITIONS,265697,6/26/2026 12:56:47 PM,656b7e14-f368-4196-b68a-fdb1e1554fc8,2.0,,,,,,,,,,,,,,,,,,,,,,,,,,,,,,,,,,,"(-6.6, 0.9, 1.3)","(-6.8, 1.7, 1.3)","(-6.8, 1.2, 0.9)",
PLAYER_GAZE,265697,6/26/2026 12:56:47 PM,656b7e14-f368-4196-b68a-fdb1e1554fc8,2.0,,,,,,,,,,,,,,,,,,,,,,,,Military PT 11,,,,,,,,,"(-0.3, 1.7, 1.6)",,,"(-6.4, 0.0, -0.3)",
PATIENT_DISENGAGED,266139,6/26/2026 12:56:48 PM,656b7e14-f368-4196-b68a-fdb1e1554fc8,2.0,,,,23.41,,,,,,,,,,,,,,,,normal,100,Infinity,normal,Military PT 1,unresponsive,supine,"(-6.8, -0.1, 2.1)",faint,"(0.0, 0.3, 0.0, 1.0)",normal,IMMEDIATE,still,,,,,,,,,,,,,,,,,27.87,
PATIENT_ENGAGED,266139,6/26/2026 12:56:48 PM,656b7e14-f368-4196-b68a-fdb1e1554fc8,2.0,,,,0,,,,,,,,,,,,,,,,normal,100,Infinity,normal,Military PT 11,panic,standing,"(-6.5, -0.1, -0.2)",normal,"(0.0, -0.2, 0.0, 1.0)",normal,MINIMAL,still,,,,,,,,,,,,,,,,,0,
PLAYER_POSITIONS,266209,6/26/2026 12:56:48 PM,656b7e14-f368-4196-b68a-fdb1e1554fc8,2.0,,,,,,,,,,,,,,,,,,,,,,,,,,,,,,,,,,,"(-6.5, 0.9, 0.9)","(-6.7, 1.7, 0.9)","(-6.7, 1.2, 0.4)",
PLAYER_GAZE,266209,6/26/2026 12:56:48 PM,656b7e14-f368-4196-b68a-fdb1e1554fc8,2.0,,,,,,,,,,,,,,,,,,,,,,,,Military PT 11,,,,,,,,,"(-0.3, 1.7, 1.1)",,,"(-6.4, 0.0, -0.3)",
PLAYER_POSITIONS,266209,6/26/2026 12:56:48 PM,656b7e14-f368-4196-b68a-fdb1e1554fc8,2.0,,,,,,,,,,,,,,,,,,,,,,,,,,,,,,,,,,,"(-6.5, 0.9, 0.9)","(-6.7, 1.7, 0.9)","(-6.7, 1.2, 0.4)",
PLAYER_GAZE,266209,6/26/2026 12:56:48 PM,656b7e14-f368-4196-b68a-fdb1e1554fc8,2.0,,,,,,,,,,,,,,,,,,,,,,,,Military PT 11,,,,,,,,,"(-0.3, 1.7, 1.1)",,,"(-6.4, 0.0, -0.3)",
VOICE_CAPTURE,266566,6/26/2026 12:56:48 PM,656b7e14-f368-4196-b68a-fdb1e1554fc8,2.0,,,,,,,,,,,,,,,,,,,,,,,,,,,,,,,,,,,,,,,,,,,,,,,,,,,NA,disarm.,
PLAYER_POSITIONS,266722,6/26/2026 12:56:48 PM,656b7e14-f368-4196-b68a-fdb1e1554fc8,2.0,,,,,,,,,,,,,,,,,,,,,,,,,,,,,,,,,,,"(-6.5, 0.9, 0.6)","(-6.7, 1.7, 0.5)","(-6.7, 1.2, 0.0)",
PLAYER_GAZE,266722,6/26/2026 12:56:48 PM,656b7e14-f368-4196-b68a-fdb1e1554fc8,2.0,,,,,,,,,,,,,,,,,,,,,,,,Military PT 11,,,,,,,,,"(-0.3, 1.7, 0.8)",,,"(-6.4, 0.0, -0.3)",
PLAYER_POSITIONS,266722,6/26/2026 12:56:48 PM,656b7e14-f368-4196-b68a-fdb1e1554fc8,2.0,,,,,,,,,,,,,,,,,,,,,,,,,,,,,,,,,,,"(-6.5, 0.9, 0.6)","(-6.7, 1.7, 0.5)","(-6.7, 1.2, 0.0)",
PLAYER_GAZE,266722,6/26/2026 12:56:48 PM,656b7e14-f368-4196-b68a-fdb1e1554fc8,2.0,,,,,,,,,,,,,,,,,,,,,,,,Military PT 11,,,,,,,,,"(-0.3, 1.7, 0.8)",,,"(-6.4, 0.0, -0.3)",
AUDIO_END,266832,6/26/2026 12:56:48 PM,656b7e14-f368-4196-b68a-fdb1e1554fc8,2.0,standby for mortar strike,3.108572,
NARRATIVE_SECTION_END,266832,6/26/2026 12:56:48 PM,656b7e14-f368-4196-b68a-fdb1e1554fc8,2.0,,,,,,,,,,,,,,,,,,Standby for mortar Strike,30,
NARRATIVE_SECTION_START,266873,6/26/2026 12:56:49 PM,656b7e14-f368-4196-b68a-fdb1e1554fc8,2.0,,,,,,,,,,,,,,,,,,Mortar rounds outbound splash in 5 seconds,31,
VOICE_CAPTURE,267055,6/26/2026 12:56:49 PM,656b7e14-f368-4196-b68a-fdb1e1554fc8,2.0,,,,,,,,,,,,,,,,,,,,,,,,,,,,,,,,,,,,,,,,,,,,,,,,,,,NA,s army now.,
PLAYER_POSITIONS,267235,6/26/2026 12:56:49 PM,656b7e14-f368-4196-b68a-fdb1e1554fc8,2.0,,,,,,,,,,,,,,,,,,,,,,,,,,,,,,,,,,,"(-6.4, 0.9, 0.6)","(-6.7, 1.7, 0.6)","(-6.6, 1.3, 0.1)",
PLAYER_GAZE,267235,6/26/2026 12:56:49 PM,656b7e14-f368-4196-b68a-fdb1e1554fc8,2.0,,,,,,,,,,,,,,,,,,,,,,,,Military PT 11,,,,,,,,,"(-0.2, 1.7, 0.8)",,,"(-6.4, 0.0, -0.3)",
PLAYER_POSITIONS,267235,6/26/2026 12:56:49 PM,656b7e14-f368-4196-b68a-fdb1e1554fc8,2.0,,,,,,,,,,,,,,,,,,,,,,,,,,,,,,,,,,,"(-6.4, 0.9, 0.6)","(-6.7, 1.7, 0.6)","(-6.6, 1.3, 0.1)",
PLAYER_GAZE,267235,6/26/2026 12:56:49 PM,656b7e14-f368-4196-b68a-fdb1e1554fc8,2.0,,,,,,,,,,,,,,,,,,,,,,,,Military PT 11,,,,,,,,,"(-0.2, 1.7, 0.8)",,,"(-6.4, 0.0, -0.3)",
VOICE_CAPTURE,267579,6/26/2026 12:56:49 PM,656b7e14-f368-4196-b68a-fdb1e1554fc8,2.0,,,,,,,,,,,,,,,,,,,,,,,,,,,,,,,,,,,,,,,,,,,,,,,,,,,NA,s army now.,
VOICE_CAPTURE,267579,6/26/2026 12:56:49 PM,656b7e14-f368-4196-b68a-fdb1e1554fc8,2.0,,,,,,,,,,,,,,,,,,,,,,,,,,,,,,,,,,,,,,,,,,,,,,,,,,,NA,s army now.,
PLAYER_POSITIONS,267746,6/26/2026 12:56:49 PM,656b7e14-f368-4196-b68a-fdb1e1554fc8,2.0,,,,,,,,,,,,,,,,,,,,,,,,,,,,,,,,,,,"(-6.4, 0.9, 0.7)","(-6.6, 1.7, 0.6)","(-6.4, 1.4, 0.2)",
PLAYER_GAZE,267746,6/26/2026 12:56:49 PM,656b7e14-f368-4196-b68a-fdb1e1554fc8,2.0,,,,,,,,,,,,,,,,,,,,,,,,Military PT 11,,,,,,,,,"(-0.2, 1.7, 0.9)",,,"(-6.4, 0.0, -0.3)",
PLAYER_POSITIONS,267746,6/26/2026 12:56:49 PM,656b7e14-f368-4196-b68a-fdb1e1554fc8,2.0,,,,,,,,,,,,,,,,,,,,,,,,,,,,,,,,,,,"(-6.4, 0.9, 0.7)","(-6.6, 1.7, 0.6)","(-6.4, 1.4, 0.2)",
PLAYER_GAZE,267746,6/26/2026 12:56:49 PM,656b7e14-f368-4196-b68a-fdb1e1554fc8,2.0,,,,,,,,,,,,,,,,,,,,,,,,Military PT 11,,,,,,,,,"(-0.2, 1.7, 0.9)",,,"(-6.4, 0.0, -0.3)",
PLAYER_POSITIONS,268257,6/26/2026 12:56:50 PM,656b7e14-f368-4196-b68a-fdb1e1554fc8,2.0,,,,,,,,,,,,,,,,,,,,,,,,,,,,,,,,,,,"(-6.4, 0.9, 0.7)","(-6.6, 1.7, 0.6)","(-6.3, 1.4, 0.3)",
PLAYER_GAZE,268257,6/26/2026 12:56:50 PM,656b7e14-f368-4196-b68a-fdb1e1554fc8,2.0,,,,,,,,,,,,,,,,,,,,,,,,Military PT 11,,,,,,,,,"(-0.2, 1.7, 0.9)",,,"(-6.4, 0.0, -0.3)",
PLAYER_POSITIONS,268257,6/26/2026 12:56:50 PM,656b7e14-f368-4196-b68a-fdb1e1554fc8,2.0,,,,,,,,,,,,,,,,,,,,,,,,,,,,,,,,,,,"(-6.4, 0.9, 0.7)","(-6.6, 1.7, 0.6)","(-6.3, 1.4, 0.3)",
PLAYER_GAZE,268257,6/26/2026 12:56:50 PM,656b7e14-f368-4196-b68a-fdb1e1554fc8,2.0,,,,,,,,,,,,,,,,,,,,,,,,Military PT 11,,,,,,,,,"(-0.2, 1.7, 0.9)",,,"(-6.4, 0.0, -0.3)",
VOICE_CAPTURE,268579,6/26/2026 12:56:50 PM,656b7e14-f368-4196-b68a-fdb1e1554fc8,2.0,,,,,,,,,,,,,,,,,,,,,,,,,,,,,,,,,,,,,,,,,,,,,,,,,,,NA,now. I'm gonna get,
PLAYER_POSITIONS,268769,6/26/2026 12:56:50 PM,656b7e14-f368-4196-b68a-fdb1e1554fc8,2.0,,,,,,,,,,,,,,,,,,,,,,,,,,,,,,,,,,,"(-6.4, 0.8, 0.7)","(-6.5, 1.7, 0.7)","(-6.3, 1.3, 0.3)",
PLAYER_GAZE,268769,6/26/2026 12:56:50 PM,656b7e14-f368-4196-b68a-fdb1e1554fc8,2.0,,,,,,,,,,,,,,,,,,,,,,,,Military PT 11,,,,,,,,,"(0.0, 1.7, 1.0)",,,"(-6.4, 0.0, -0.3)",
PLAYER_POSITIONS,268769,6/26/2026 12:56:50 PM,656b7e14-f368-4196-b68a-fdb1e1554fc8,2.0,,,,,,,,,,,,,,,,,,,,,,,,,,,,,,,,,,,"(-6.4, 0.8, 0.7)","(-6.5, 1.7, 0.7)","(-6.3, 1.3, 0.3)",
PLAYER_GAZE,268769,6/26/2026 12:56:50 PM,656b7e14-f368-4196-b68a-fdb1e1554fc8,2.0,,,,,,,,,,,,,,,,,,,,,,,,Military PT 11,,,,,,,,,"(0.0, 1.7, 1.0)",,,"(-6.4, 0.0, -0.3)",
VOICE_CAPTURE,269023,6/26/2026 12:56:51 PM,656b7e14-f368-4196-b68a-fdb1e1554fc8,2.0,,,,,,,,,,,,,,,,,,,,,,,,,,,,,,,,,,,,,,,,,,,,,,,,,,,NA,now. I'm gonna get Really good.,
PLAYER_POSITIONS,269289,6/26/2026 12:56:51 PM,656b7e14-f368-4196-b68a-fdb1e1554fc8,2.0,,,,,,,,,,,,,,,,,,,,,,,,,,,,,,,,,,,"(-6.4, 0.7, 0.6)","(-6.2, 1.4, 0.8)","(-6.4, 1.1, 0.3)",
PLAYER_GAZE,269289,6/26/2026 12:56:51 PM,656b7e14-f368-4196-b68a-fdb1e1554fc8,2.0,,,,,,,,,,,,,,,,,,,,,,,,Military PT 11,,,,,,,,,"(0.2, 1.4, 1.0)",,,"(-6.4, 0.0, -0.3)",
PLAYER_POSITIONS,269289,6/26/2026 12:56:51 PM,656b7e14-f368-4196-b68a-fdb1e1554fc8,2.0,,,,,,,,,,,,,,,,,,,,,,,,,,,,,,,,,,,"(-6.4, 0.7, 0.6)","(-6.2, 1.4, 0.8)","(-6.4, 1.1, 0.3)",
PLAYER_GAZE,269289,6/26/2026 12:56:51 PM,656b7e14-f368-4196-b68a-fdb1e1554fc8,2.0,,,,,,,,,,,,,,,,,,,,,,,,Military PT 11,,,,,,,,,"(0.2, 1.4, 1.0)",,,"(-6.4, 0.0, -0.3)",
VOICE_CAPTURE,269613,6/26/2026 12:56:51 PM,656b7e14-f368-4196-b68a-fdb1e1554fc8,2.0,,,,,,,,,,,,,,,,,,,,,,,,,,,,,,,,,,,,,,,,,,,,,,,,,,,NA,now. I'm gonna get Give me that.,
PLAYER_POSITIONS,269792,6/26/2026 12:56:51 PM,656b7e14-f368-4196-b68a-fdb1e1554fc8,2.0,,,,,,,,,,,,,,,,,,,,,,,,,,,,,,,,,,,"(-6.4, 0.7, 0.6)","(-6.3, 1.5, 0.7)","(-6.5, 1.1, 0.3)",
PLAYER_GAZE,269792,6/26/2026 12:56:51 PM,656b7e14-f368-4196-b68a-fdb1e1554fc8,2.0,,,,,,,,,,,,,,,,,,,,,,,,Military PT 11,,,,,,,,,"(0.1, 1.5, 0.9)",,,"(-6.4, 0.0, -0.3)",
PLAYER_POSITIONS,269792,6/26/2026 12:56:51 PM,656b7e14-f368-4196-b68a-fdb1e1554fc8,2.0,,,,,,,,,,,,,,,,,,,,,,,,,,,,,,,,,,,"(-6.4, 0.7, 0.6)","(-6.3, 1.5, 0.7)","(-6.5, 1.1, 0.3)",
PLAYER_GAZE,269792,6/26/2026 12:56:51 PM,656b7e14-f368-4196-b68a-fdb1e1554fc8,2.0,,,,,,,,,,,,,,,,,,,,,,,,Military PT 11,,,,,,,,,"(0.1, 1.5, 0.9)",,,"(-6.4, 0.0, -0.3)",
VOICE_CAPTURE,270069,6/26/2026 12:56:52 PM,656b7e14-f368-4196-b68a-fdb1e1554fc8,2.0,,,,,,,,,,,,,,,,,,,,,,,,,,,,,,,,,,,,,,,,,,,,,,,,,,,NA,now. I'm gonna get Give me that gun. Give me that.,
BUTTON_CLICKED,270122,6/26/2026 12:56:52 PM,656b7e14-f368-4196-b68a-fdb1e1554fc8,2.0,,,disarm,
VOICE_CAPTURE,270122,6/26/2026 12:56:52 PM,656b7e14-f368-4196-b68a-fdb1e1554fc8,2.0,,,,,,,,,,,,,,,,,,,,,,,,,,,,,,,,,,,,,,,,,,,,,,,,,,,NA,disarm,
VOICE_COMMAND,270122,6/26/2026 12:56:52 PM,656b7e14-f368-4196-b68a-fdb1e1554fc8,2.0,,,,,,,,,,,,,,,,,,,,,,,,Military PT 11,,,,,,,,,,,,,,,,,,,,,,,,,,,disarm,disarm,
DISARM_PATIENT_WEAPON,270258,6/26/2026 12:56:52 PM,656b7e14-f368-4196-b68a-fdb1e1554fc8,2.0,,,,,,,,,,,,,,,,,,,,,,,,Military PT 11,,,,,,,,,,,,,,,,,,,,,,,,,,,,,1,1,
PLAYER_POSITIONS,270306,6/26/2026 12:56:52 PM,656b7e14-f368-4196-b68a-fdb1e1554fc8,2.0,,,,,,,,,,,,,,,,,,,,,,,,,,,,,,,,,,,"(-6.4, 0.8, 0.6)","(-6.4, 1.6, 0.6)","(-6.7, 1.1, 0.4)",
PLAYER_POSITIONS,270306,6/26/2026 12:56:52 PM,656b7e14-f368-4196-b68a-fdb1e1554fc8,2.0,,,,,,,,,,,,,,,,,,,,,,,,,,,,,,,,,,,"(-6.4, 0.8, 0.6)","(-6.4, 1.6, 0.6)","(-6.7, 1.1, 0.4)",
BUTTON_CLICKED,270457,6/26/2026 12:56:52 PM,656b7e14-f368-4196-b68a-fdb1e1554fc8,2.0,,,disarm,
VOICE_CAPTURE,270457,6/26/2026 12:56:52 PM,656b7e14-f368-4196-b68a-fdb1e1554fc8,2.0,,,,,,,,,,,,,,,,,,,,,,,,,,,,,,,,,,,,,,,,,,,,,,,,,,,NA,disarm,
VOICE_COMMAND,270457,6/26/2026 12:56:52 PM,656b7e14-f368-4196-b68a-fdb1e1554fc8,2.0,,,,,,,,,,,,,,,,,,,,,,,,Military PT 11,,,,,,,,,,,,,,,,,,,,,,,,,,,disarm,disarm,
VOICE_CAPTURE,270594,6/26/2026 12:56:52 PM,656b7e14-f368-4196-b68a-fdb1e1554fc8,2.0,,,,,,,,,,,,,,,,,,,,,,,,,,,,,,,,,,,,,,,,,,,,,,,,,,,NA,now. I'm gonna get Give me that. Give me that.,
PLAYER_POSITIONS,270815,6/26/2026 12:56:52 PM,656b7e14-f368-4196-b68a-fdb1e1554fc8,2.0,,,,,,,,,,,,,,,,,,,,,,,,,,,,,,,,,,,"(-6.4, 0.9, 0.5)","(-6.6, 1.6, 0.6)","(-6.7, 1.1, 0.4)",
PLAYER_POSITIONS,270815,6/26/2026 12:56:52 PM,656b7e14-f368-4196-b68a-fdb1e1554fc8,2.0,,,,,,,,,,,,,,,,,,,,,,,,,,,,,,,,,,,"(-6.4, 0.9, 0.5)","(-6.6, 1.6, 0.6)","(-6.7, 1.1, 0.4)",
AUDIO_START,270865,6/26/2026 12:56:52 PM,656b7e14-f368-4196-b68a-fdb1e1554fc8,2.0,mortar rounds outbound splash in 5,4.571429,
VOICE_CAPTURE,271047,6/26/2026 12:56:53 PM,656b7e14-f368-4196-b68a-fdb1e1554fc8,2.0,,,,,,,,,,,,,,,,,,,,,,,,,,,,,,,,,,,,,,,,,,,,,,,,,,,NA,now. I'm gonna get Give me that. Give me that.,
VOICE_CAPTURE,271047,6/26/2026 12:56:53 PM,656b7e14-f368-4196-b68a-fdb1e1554fc8,2.0,,,,,,,,,,,,,,,,,,,,,,,,,,,,,,,,,,,,,,,,,,,,,,,,,,,NA,now. I'm gonna get Give me that. Give me that.,
PLAYER_POSITIONS,271336,6/26/2026 12:56:53 PM,656b7e14-f368-4196-b68a-fdb1e1554fc8,2.0,,,,,,,,,,,,,,,,,,,,,,,,,,,,,,,,,,,"(-6.5, 1.0, 0.5)","(-6.7, 1.6, 0.6)","(-6.7, 1.1, 0.5)",
PLAYER_GAZE,271336,6/26/2026 12:56:53 PM,656b7e14-f368-4196-b68a-fdb1e1554fc8,2.0,,,,,,,,,,,,,,,,,,,,,,,,Military PT 11,,,,,,,,,"(-0.2, 1.6, 0.9)",,,"(-6.4, 0.0, -0.3)",
PLAYER_POSITIONS,271336,6/26/2026 12:56:53 PM,656b7e14-f368-4196-b68a-fdb1e1554fc8,2.0,,,,,,,,,,,,,,,,,,,,,,,,,,,,,,,,,,,"(-6.5, 1.0, 0.5)","(-6.7, 1.6, 0.6)","(-6.7, 1.1, 0.5)",
PLAYER_GAZE,271336,6/26/2026 12:56:53 PM,656b7e14-f368-4196-b68a-fdb1e1554fc8,2.0,,,,,,,,,,,,,,,,,,,,,,,,Military PT 11,,,,,,,,,"(-0.2, 1.6, 0.9)",,,"(-6.4, 0.0, -0.3)",
PLAYER_POSITIONS,271859,6/26/2026 12:56:53 PM,656b7e14-f368-4196-b68a-fdb1e1554fc8,2.0,,,,,,,,,,,,,,,,,,,,,,,,,,,,,,,,,,,"(-6.6, 1.0, 0.6)","(-6.8, 1.6, 0.7)","(-6.9, 1.1, 0.5)",
PLAYER_GAZE,271860,6/26/2026 12:56:53 PM,656b7e14-f368-4196-b68a-fdb1e1554fc8,2.0,,,,,,,,,,,,,,,,,,,,,,,,Military PT 11,,,,,,,,,"(-0.4, 1.6, 0.9)",,,"(-6.4, 0.0, -0.3)",
PLAYER_POSITIONS,271859,6/26/2026 12:56:53 PM,656b7e14-f368-4196-b68a-fdb1e1554fc8,2.0,,,,,,,,,,,,,,,,,,,,,,,,,,,,,,,,,,,"(-6.6, 1.0, 0.6)","(-6.8, 1.6, 0.7)","(-6.9, 1.1, 0.5)",
PLAYER_GAZE,271860,6/26/2026 12:56:53 PM,656b7e14-f368-4196-b68a-fdb1e1554fc8,2.0,,,,,,,,,,,,,,,,,,,,,,,,Military PT 11,,,,,,,,,"(-0.4, 1.6, 0.9)",,,"(-6.4, 0.0, -0.3)",
VOICE_CAPTURE,272026,6/26/2026 12:56:54 PM,656b7e14-f368-4196-b68a-fdb1e1554fc8,2.0,,,,,,,,,,,,,,,,,,,,,,,,,,,,,,,,,,,,,,,,,,,,,,,,,,,NA,There you go.,
PLAYER_POSITIONS,272381,6/26/2026 12:56:54 PM,656b7e14-f368-4196-b68a-fdb1e1554fc8,2.0,,,,,,,,,,,,,,,,,,,,,,,,,,,,,,,,,,,"(-6.6, 1.0, 0.6)","(-6.9, 1.6, 0.7)","(-7.1, 1.0, 0.4)",
PLAYER_POSITIONS,272381,6/26/2026 12:56:54 PM,656b7e14-f368-4196-b68a-fdb1e1554fc8,2.0,,,,,,,,,,,,,,,,,,,,,,,,,,,,,,,,,,,"(-6.6, 1.0, 0.6)","(-6.9, 1.6, 0.7)","(-7.1, 1.0, 0.4)",
VOICE_CAPTURE,272558,6/26/2026 12:56:54 PM,656b7e14-f368-4196-b68a-fdb1e1554fc8,2.0,,,,,,,,,,,,,,,,,,,,,,,,,,,,,,,,,,,,,,,,,,,,,,,,,,,NA,There you go.,
VOICE_CAPTURE,272559,6/26/2026 12:56:54 PM,656b7e14-f368-4196-b68a-fdb1e1554fc8,2.0,,,,,,,,,,,,,,,,,,,,,,,,,,,,,,,,,,,,,,,,,,,,,,,,,,,NA,There you go.,
PLAYER_POSITIONS,272893,6/26/2026 12:56:55 PM,656b7e14-f368-4196-b68a-fdb1e1554fc8,2.0,,,,,,,,,,,,,,,,,,,,,,,,,,,,,,,,,,,"(-6.7, 1.0, 0.7)","(-7.0, 1.6, 0.7)","(-7.2, 1.0, 0.4)",
PLAYER_POSITIONS,272893,6/26/2026 12:56:55 PM,656b7e14-f368-4196-b68a-fdb1e1554fc8,2.0,,,,,,,,,,,,,,,,,,,,,,,,,,,,,,,,,,,"(-6.7, 1.0, 0.7)","(-7.0, 1.6, 0.7)","(-7.2, 1.0, 0.4)",
PLAYER_POSITIONS,273411,6/26/2026 12:56:55 PM,656b7e14-f368-4196-b68a-fdb1e1554fc8,2.0,,,,,,,,,,,,,,,,,,,,,,,,,,,,,,,,,,,"(-6.7, 1.0, 0.6)","(-7.0, 1.6, 0.7)","(-7.3, 1.1, 0.5)",
PLAYER_POSITIONS,273411,6/26/2026 12:56:55 PM,656b7e14-f368-4196-b68a-fdb1e1554fc8,2.0,,,,,,,,,,,,,,,,,,,,,,,,,,,,,,,,,,,"(-6.7, 1.0, 0.6)","(-7.0, 1.6, 0.7)","(-7.3, 1.1, 0.5)",
PLAYER_POSITIONS,273920,6/26/2026 12:56:56 PM,656b7e14-f368-4196-b68a-fdb1e1554fc8,2.0,,,,,,,,,,,,,,,,,,,,,,,,,,,,,,,,,,,"(-6.7, 1.0, 0.7)","(-7.0, 1.6, 0.7)","(-7.3, 1.1, 0.5)",
PLAYER_POSITIONS,273920,6/26/2026 12:56:56 PM,656b7e14-f368-4196-b68a-fdb1e1554fc8,2.0,,,,,,,,,,,,,,,,,,,,,,,,,,,,,,,,,,,"(-6.7, 1.0, 0.7)","(-7.0, 1.6, 0.7)","(-7.3, 1.1, 0.5)",
PLAYER_POSITIONS,274430,6/26/2026 12:56:56 PM,656b7e14-f368-4196-b68a-fdb1e1554fc8,2.0,,,,,,,,,,,,,,,,,,,,,,,,,,,,,,,,,,,"(-6.7, 1.0, 0.7)","(-7.0, 1.6, 0.7)","(-7.4, 1.1, 0.5)",
PLAYER_POSITIONS,274430,6/26/2026 12:56:56 PM,656b7e14-f368-4196-b68a-fdb1e1554fc8,2.0,,,,,,,,,,,,,,,,,,,,,,,,,,,,,,,,,,,"(-6.7, 1.0, 0.7)","(-7.0, 1.6, 0.7)","(-7.4, 1.1, 0.5)",
TAG_SELECTED,274563,6/26/2026 12:56:56 PM,656b7e14-f368-4196-b68a-fdb1e1554fc8,2.0,,,,,,,,,,,,,,,,,,,,,,,,,,,,,,,,,,,,,,,,,,green,
BAG_CLOSED,274819,6/26/2026 12:56:56 PM,656b7e14-f368-4196-b68a-fdb1e1554fc8,2.0,,,,,,,,,,,,,,,,,,,,,,,,,,,,,,,,,,,,"(0.0, 0.0, 0.0)",
PLAYER_POSITIONS,274931,6/26/2026 12:56:57 PM,656b7e14-f368-4196-b68a-fdb1e1554fc8,2.0,,,,,,,,,,,,,,,,,,,,,,,,,,,,,,,,,,,"(-6.6, 1.0, 0.6)","(-6.8, 1.6, 0.7)","(-7.0, 1.1, 0.4)",
PLAYER_POSITIONS,274931,6/26/2026 12:56:57 PM,656b7e14-f368-4196-b68a-fdb1e1554fc8,2.0,,,,,,,,,,,,,,,,,,,,,,,,,,,,,,,,,,,"(-6.6, 1.0, 0.6)","(-6.8, 1.6, 0.7)","(-7.0, 1.1, 0.4)",
AUDIO_END,275444,6/26/2026 12:56:57 PM,656b7e14-f368-4196-b68a-fdb1e1554fc8,2.0,mortar rounds outbound splash in 5,4.571429,
NARRATIVE_SECTION_END,275444,6/26/2026 12:56:57 PM,656b7e14-f368-4196-b68a-fdb1e1554fc8,2.0,,,,,,,,,,,,,,,,,,Mortar rounds outbound splash in 5 seconds,31,
PLAYER_POSITIONS,275444,6/26/2026 12:56:57 PM,656b7e14-f368-4196-b68a-fdb1e1554fc8,2.0,,,,,,,,,,,,,,,,,,,,,,,,,,,,,,,,,,,"(-6.3, 1.0, 0.6)","(-6.6, 1.6, 0.5)","(-6.5, 1.0, 0.2)",
PLAYER_POSITIONS,275444,6/26/2026 12:56:57 PM,656b7e14-f368-4196-b68a-fdb1e1554fc8,2.0,,,,,,,,,,,,,,,,,,,,,,,,,,,,,,,,,,,"(-6.3, 1.0, 0.6)","(-6.6, 1.6, 0.5)","(-6.5, 1.0, 0.2)",
NARRATIVE_SECTION_START,275518,6/26/2026 12:56:57 PM,656b7e14-f368-4196-b68a-fdb1e1554fc8,2.0,,,,,,,,,,,,,,,,,,Mortar hits 2,32,
TAG_APPLIED,275801,6/26/2026 12:56:57 PM,656b7e14-f368-4196-b68a-fdb1e1554fc8,2.0,,,,,,,,,,,,,,,,,,,,,,,,Military PT 11,,,,,,,,,,,,,,,,,,green,
PLAYER_POSITIONS,275955,6/26/2026 12:56:58 PM,656b7e14-f368-4196-b68a-fdb1e1554fc8,2.0,,,,,,,,,,,,,,,,,,,,,,,,,,,,,,,,,,,"(-6.3, 1.0, 0.6)","(-6.6, 1.6, 0.5)","(-6.6, 0.9, 0.2)",
PLAYER_POSITIONS,275955,6/26/2026 12:56:58 PM,656b7e14-f368-4196-b68a-fdb1e1554fc8,2.0,,,,,,,,,,,,,,,,,,,,,,,,,,,,,,,,,,,"(-6.3, 1.0, 0.6)","(-6.6, 1.6, 0.5)","(-6.6, 0.9, 0.2)",
PLAYER_POSITIONS,276479,6/26/2026 12:56:58 PM,656b7e14-f368-4196-b68a-fdb1e1554fc8,2.0,,,,,,,,,,,,,,,,,,,,,,,,,,,,,,,,,,,"(-6.7, 0.9, 0.5)","(-6.9, 1.7, 0.7)","(-7.1, 1.0, 0.6)",
PLAYER_POSITIONS,276479,6/26/2026 12:56:58 PM,656b7e14-f368-4196-b68a-fdb1e1554fc8,2.0,,,,,,,,,,,,,,,,,,,,,,,,,,,,,,,,,,,"(-6.7, 0.9, 0.5)","(-6.9, 1.7, 0.7)","(-7.1, 1.0, 0.6)",
PLAYER_POSITIONS,276987,6/26/2026 12:56:59 PM,656b7e14-f368-4196-b68a-fdb1e1554fc8,2.0,,,,,,,,,,,,,,,,,,,,,,,,,,,,,,,,,,,"(-7.2, 1.0, 0.8)","(-7.2, 1.7, 1.1)","(-7.6, 1.0, 1.3)",
PLAYER_GAZE,276987,6/26/2026 12:56:59 PM,656b7e14-f368-4196-b68a-fdb1e1554fc8,2.0,,,,,,,,,,,,,,,,,,,,,,,,Military PT 5,,,,,,,,,"(2.2, 1.7, -0.6)",,,"(-9.4, 0.0, 1.7)",
PLAYER_POSITIONS,276987,6/26/2026 12:56:59 PM,656b7e14-f368-4196-b68a-fdb1e1554fc8,2.0,,,,,,,,,,,,,,,,,,,,,,,,,,,,,,,,,,,"(-7.2, 1.0, 0.8)","(-7.2, 1.7, 1.1)","(-7.6, 1.0, 1.3)",
PLAYER_GAZE,276987,6/26/2026 12:56:59 PM,656b7e14-f368-4196-b68a-fdb1e1554fc8,2.0,,,,,,,,,,,,,,,,,,,,,,,,Military PT 5,,,,,,,,,"(2.2, 1.7, -0.6)",,,"(-9.4, 0.0, 1.7)",
PATIENT_DISENGAGED,277208,6/26/2026 12:56:59 PM,656b7e14-f368-4196-b68a-fdb1e1554fc8,2.0,,,,11.07,,,,,,,,,,,,,,,,normal,100,Infinity,normal,Military PT 11,panic,standing,"(-6.4, -0.1, -0.3)",normal,"(0.0, -0.4, 0.0, 0.9)",normal,MINIMAL,still,,,,,,,,,,,,,,,,,11.07,
PLAYER_POSITIONS,277509,6/26/2026 12:56:59 PM,656b7e14-f368-4196-b68a-fdb1e1554fc8,2.0,,,,,,,,,,,,,,,,,,,,,,,,,,,,,,,,,,,"(-7.5, 1.0, 1.0)","(-7.5, 1.7, 1.3)","(-7.8, 1.1, 1.5)",
PLAYER_GAZE,277509,6/26/2026 12:56:59 PM,656b7e14-f368-4196-b68a-fdb1e1554fc8,2.0,,,,,,,,,,,,,,,,,,,,,,,,Military PT 5,,,,,,,,,"(2.0, 1.7, -0.4)",,,"(-9.4, 0.0, 1.7)",
PLAYER_POSITIONS,277509,6/26/2026 12:56:59 PM,656b7e14-f368-4196-b68a-fdb1e1554fc8,2.0,,,,,,,,,,,,,,,,,,,,,,,,,,,,,,,,,,,"(-7.5, 1.0, 1.0)","(-7.5, 1.7, 1.3)","(-7.8, 1.1, 1.5)",
PLAYER_GAZE,277509,6/26/2026 12:56:59 PM,656b7e14-f368-4196-b68a-fdb1e1554fc8,2.0,,,,,,,,,,,,,,,,,,,,,,,,Military PT 5,,,,,,,,,"(2.0, 1.7, -0.4)",,,"(-9.4, 0.0, 1.7)",
TELEPORT,277841,6/26/2026 12:56:59 PM,656b7e14-f368-4196-b68a-fdb1e1554fc8,2.0,,,,,,,,,,,,,,,,,,,,,,,,,,,,,,,,,,,,"(-7.5, 1.7, 1.3)",,,,,,,"(-7.6, 1.7, 1.4)",
PLAYER_POSITIONS,278035,6/26/2026 12:57:00 PM,656b7e14-f368-4196-b68a-fdb1e1554fc8,2.0,,,,,,,,,,,,,,,,,,,,,,,,,,,,,,,,,,,"(-7.8, 1.0, 1.3)","(-7.7, 1.7, 1.5)","(-8.1, 1.1, 1.7)",
PLAYER_GAZE,278035,6/26/2026 12:57:00 PM,656b7e14-f368-4196-b68a-fdb1e1554fc8,2.0,,,,,,,,,,,,,,,,,,,,,,,,Military PT 5,,,,,,,,,"(1.7, 1.7, -0.2)",,,"(-9.4, 0.0, 1.7)",
PLAYER_POSITIONS,278035,6/26/2026 12:57:00 PM,656b7e14-f368-4196-b68a-fdb1e1554fc8,2.0,,,,,,,,,,,,,,,,,,,,,,,,,,,,,,,,,,,"(-7.8, 1.0, 1.3)","(-7.7, 1.7, 1.5)","(-8.1, 1.1, 1.7)",
PLAYER_GAZE,278035,6/26/2026 12:57:00 PM,656b7e14-f368-4196-b68a-fdb1e1554fc8,2.0,,,,,,,,,,,,,,,,,,,,,,,,Military PT 5,,,,,,,,,"(1.7, 1.7, -0.2)",,,"(-9.4, 0.0, 1.7)",
PLAYER_POSITIONS,278558,6/26/2026 12:57:00 PM,656b7e14-f368-4196-b68a-fdb1e1554fc8,2.0,,,,,,,,,,,,,,,,,,,,,,,,,,,,,,,,,,,"(-8.0, 1.0, 1.7)","(-7.9, 1.7, 1.9)","(-8.3, 1.1, 2.0)",
PLAYER_POSITIONS,278558,6/26/2026 12:57:00 PM,656b7e14-f368-4196-b68a-fdb1e1554fc8,2.0,,,,,,,,,,,,,,,,,,,,,,,,,,,,,,,,,,,"(-8.0, 1.0, 1.7)","(-7.9, 1.7, 1.9)","(-8.3, 1.1, 2.0)",
TELEPORT,278579,6/26/2026 12:57:00 PM,656b7e14-f368-4196-b68a-fdb1e1554fc8,2.0,,,,,,,,,,,,,,,,,,,,,,,,,,,,,,,,,,,,"(-7.8, 1.7, 1.7)",,,,,,,"(-7.9, 1.7, 1.9)",
PLAYER_POSITIONS,279069,6/26/2026 12:57:01 PM,656b7e14-f368-4196-b68a-fdb1e1554fc8,2.0,,,,,,,,,,,,,,,,,,,,,,,,,,,,,,,,,,,"(-8.2, 1.0, 1.7)","(-8.1, 1.7, 2.0)","(-8.5, 1.1, 2.0)",
PLAYER_GAZE,279069,6/26/2026 12:57:01 PM,656b7e14-f368-4196-b68a-fdb1e1554fc8,2.0,,,,,,,,,,,,,,,,,,,,,,,,Military PT 5,,,,,,,,,"(1.3, 1.7, 0.3)",,,"(-9.4, 0.0, 1.7)",
PLAYER_POSITIONS,279069,6/26/2026 12:57:01 PM,656b7e14-f368-4196-b68a-fdb1e1554fc8,2.0,,,,,,,,,,,,,,,,,,,,,,,,,,,,,,,,,,,"(-8.2, 1.0, 1.7)","(-8.1, 1.7, 2.0)","(-8.5, 1.1, 2.0)",
PLAYER_GAZE,279069,6/26/2026 12:57:01 PM,656b7e14-f368-4196-b68a-fdb1e1554fc8,2.0,,,,,,,,,,,,,,,,,,,,,,,,Military PT 5,,,,,,,,,"(1.3, 1.7, 0.3)",,,"(-9.4, 0.0, 1.7)",
TELEPORT,279279,6/26/2026 12:57:01 PM,656b7e14-f368-4196-b68a-fdb1e1554fc8,2.0,,,,,,,,,,,,,,,,,,,,,,,,,,,,,,,,,,,,"(-8.1, 1.7, 2.0)",,,,,,,"(-8.2, 1.7, 2.1)",
PLAYER_POSITIONS,279590,6/26/2026 12:57:01 PM,656b7e14-f368-4196-b68a-fdb1e1554fc8,2.0,,,,,,,,,,,,,,,,,,,,,,,,,,,,,,,,,,,"(-8.3, 1.0, 2.0)","(-8.2, 1.7, 2.1)","(-8.6, 1.1, 2.2)",
PLAYER_POSITIONS,279590,6/26/2026 12:57:01 PM,656b7e14-f368-4196-b68a-fdb1e1554fc8,2.0,,,,,,,,,,,,,,,,,,,,,,,,,,,,,,,,,,,"(-8.3, 1.0, 2.0)","(-8.2, 1.7, 2.1)","(-8.6, 1.1, 2.2)",
TELEPORT,279925,6/26/2026 12:57:02 PM,656b7e14-f368-4196-b68a-fdb1e1554fc8,2.0,,,,,,,,,,,,,,,,,,,,,,,,,,,,,,,,,,,,"(-8.2, 1.7, 2.1)",,,,,,,"(-8.2, 1.7, 2.1)",
PLAYER_POSITIONS,280093,6/26/2026 12:57:02 PM,656b7e14-f368-4196-b68a-fdb1e1554fc8,2.0,,,,,,,,,,,,,,,,,,,,,,,,,,,,,,,,,,,"(-8.4, 1.1, 2.0)","(-8.2, 1.7, 2.1)","(-8.6, 1.0, 2.2)",
PLAYER_POSITIONS,280093,6/26/2026 12:57:02 PM,656b7e14-f368-4196-b68a-fdb1e1554fc8,2.0,,,,,,,,,,,,,,,,,,,,,,,,,,,,,,,,,,,"(-8.4, 1.1, 2.0)","(-8.2, 1.7, 2.1)","(-8.6, 1.0, 2.2)",
TELEPORT,280493,6/26/2026 12:57:02 PM,656b7e14-f368-4196-b68a-fdb1e1554fc8,2.0,,,,,,,,,,,,,,,,,,,,,,,,,,,,,,,,,,,,"(-8.2, 1.7, 2.1)",,,,,,,"(-8.2, 1.7, 2.1)",
PLAYER_POSITIONS,280604,6/26/2026 12:57:02 PM,656b7e14-f368-4196-b68a-fdb1e1554fc8,2.0,,,,,,,,,,,,,,,,,,,,,,,,,,,,,,,,,,,"(-8.4, 1.1, 1.9)","(-8.2, 1.7, 2.1)","(-8.6, 1.1, 2.2)",
PLAYER_POSITIONS,280604,6/26/2026 12:57:02 PM,656b7e14-f368-4196-b68a-fdb1e1554fc8,2.0,,,,,,,,,,,,,,,,,,,,,,,,,,,,,,,,,,,"(-8.4, 1.1, 1.9)","(-8.2, 1.7, 2.1)","(-8.6, 1.1, 2.2)",
PLAYER_POSITIONS,281121,6/26/2026 12:57:03 PM,656b7e14-f368-4196-b68a-fdb1e1554fc8,2.0,,,,,,,,,,,,,,,,,,,,,,,,,,,,,,,,,,,"(-8.4, 1.1, 1.9)","(-8.2, 1.7, 2.1)","(-8.8, 1.2, 2.2)",
PLAYER_POSITIONS,281121,6/26/2026 12:57:03 PM,656b7e14-f368-4196-b68a-fdb1e1554fc8,2.0,,,,,,,,,,,,,,,,,,,,,,,,,,,,,,,,,,,"(-8.4, 1.1, 1.9)","(-8.2, 1.7, 2.1)","(-8.8, 1.2, 2.2)",
TELEPORT,281121,6/26/2026 12:57:03 PM,656b7e14-f368-4196-b68a-fdb1e1554fc8,2.0,,,,,,,,,,,,,,,,,,,,,,,,,,,,,,,,,,,,"(-8.2, 1.7, 2.1)",,,,,,,"(-8.2, 1.7, 2.1)",
AUDIO_START,281509,6/26/2026 12:57:03 PM,656b7e14-f368-4196-b68a-fdb1e1554fc8,2.0,mortar hits 1,19.77469,
PLAYER_POSITIONS,281642,6/26/2026 12:57:03 PM,656b7e14-f368-4196-b68a-fdb1e1554fc8,2.0,,,,,,,,,,,,,,,,,,,,,,,,,,,,,,,,,,,"(-8.3, 1.1, 1.9)","(-8.2, 1.7, 2.1)","(-8.7, 1.2, 2.2)",
PLAYER_POSITIONS,281642,6/26/2026 12:57:03 PM,656b7e14-f368-4196-b68a-fdb1e1554fc8,2.0,,,,,,,,,,,,,,,,,,,,,,,,,,,,,,,,,,,"(-8.3, 1.1, 1.9)","(-8.2, 1.7, 2.1)","(-8.7, 1.2, 2.2)",
VOICE_CAPTURE,281642,6/26/2026 12:57:03 PM,656b7e14-f368-4196-b68a-fdb1e1554fc8,2.0,,,,,,,,,,,,,,,,,,,,,,,,,,,,,,,,,,,,,,,,,,,,,,,,,,,NA,"Bye, I want it.",
PLAYER_POSITIONS,282154,6/26/2026 12:57:04 PM,656b7e14-f368-4196-b68a-fdb1e1554fc8,2.0,,,,,,,,,,,,,,,,,,,,,,,,,,,,,,,,,,,"(-12.1, 1.1, 2.1)","(-12.0, 1.7, 2.2)","(-12.4, 1.1, 2.4)",
PLAYER_POSITIONS,282154,6/26/2026 12:57:04 PM,656b7e14-f368-4196-b68a-fdb1e1554fc8,2.0,,,,,,,,,,,,,,,,,,,,,,,,,,,,,,,,,,,"(-12.1, 1.1, 2.1)","(-12.0, 1.7, 2.2)","(-12.4, 1.1, 2.4)",
TELEPORT,282185,6/26/2026 12:57:04 PM,656b7e14-f368-4196-b68a-fdb1e1554fc8,2.0,,,,,,,,,,,,,,,,,,,,,,,,,,,,,,,,,,,,"(-8.2, 1.7, 2.1)",,,,,,,"(-12.0, 1.7, 2.2)",
VOICE_CAPTURE,282185,6/26/2026 12:57:04 PM,656b7e14-f368-4196-b68a-fdb1e1554fc8,2.0,,,,,,,,,,,,,,,,,,,,,,,,,,,,,,,,,,,,,,,,,,,,,,,,,,,NA,"May I warn it? Oh, because I'm...",
VOICE_CAPTURE,282605,6/26/2026 12:57:04 PM,656b7e14-f368-4196-b68a-fdb1e1554fc8,2.0,,,,,,,,,,,,,,,,,,,,,,,,,,,,,,,,,,,,,,,,,,,,,,,,,,,NA,"May I warn it? Oh, because I'm in the bag.",
PLAYER_POSITIONS,282675,6/26/2026 12:57:04 PM,656b7e14-f368-4196-b68a-fdb1e1554fc8,2.0,,,,,,,,,,,,,,,,,,,,,,,,,,,,,,,,,,,"(-12.2, 1.0, 1.8)","(-12.1, 1.7, 1.9)","(-12.4, 1.0, 1.9)",
PLAYER_POSITIONS,282675,6/26/2026 12:57:04 PM,656b7e14-f368-4196-b68a-fdb1e1554fc8,2.0,,,,,,,,,,,,,,,,,,,,,,,,,,,,,,,,,,,"(-12.2, 1.0, 1.8)","(-12.1, 1.7, 1.9)","(-12.4, 1.0, 1.9)",
PATIENT_ENGAGED,283028,6/26/2026 12:57:05 PM,656b7e14-f368-4196-b68a-fdb1e1554fc8,2.0,,,,0,,,,,,,,,,,,,,,,restricted,100,Infinity,normal,Military PT 2,agony,supine,"(-12.0, -0.1, 1.1)",faint,"(0.0, 0.4, 0.0, 0.9)",normal,EXPECTANT,still,,,,,,,,,,,,,,,,,0.3,
VOICE_CAPTURE,283096,6/26/2026 12:57:05 PM,656b7e14-f368-4196-b68a-fdb1e1554fc8,2.0,,,,,,,,,,,,,,,,,,,,,,,,,,,,,,,,,,,,,,,,,,,,,,,,,,,NA,"May I warn it? Oh, because I'm in the bag.",
VOICE_CAPTURE,283097,6/26/2026 12:57:05 PM,656b7e14-f368-4196-b68a-fdb1e1554fc8,2.0,,,,,,,,,,,,,,,,,,,,,,,,,,,,,,,,,,,,,,,,,,,,,,,,,,,NA,"May I warn it? Oh, because I'm in the bag.",
PLAYER_POSITIONS,283185,6/26/2026 12:57:05 PM,656b7e14-f368-4196-b68a-fdb1e1554fc8,2.0,,,,,,,,,,,,,,,,,,,,,,,,,,,,,,,,,,,"(-12.1, 1.0, 1.7)","(-12.2, 1.6, 1.8)","(-12.5, 0.9, 1.7)",
PLAYER_GAZE,283185,6/26/2026 12:57:05 PM,656b7e14-f368-4196-b68a-fdb1e1554fc8,2.0,,,,,,,,,,,,,,,,,,,,,,,,Military PT 2,,,,,,,,,"(-0.2, 1.6, 0.7)",,,"(-12.0, 0.0, 1.1)",
PLAYER_POSITIONS,283185,6/26/2026 12:57:05 PM,656b7e14-f368-4196-b68a-fdb1e1554fc8,2.0,,,,,,,,,,,,,,,,,,,,,,,,,,,,,,,,,,,"(-12.1, 1.0, 1.7)","(-12.2, 1.6, 1.8)","(-12.5, 0.9, 1.7)",
PLAYER_GAZE,283185,6/26/2026 12:57:05 PM,656b7e14-f368-4196-b68a-fdb1e1554fc8,2.0,,,,,,,,,,,,,,,,,,,,,,,,Military PT 2,,,,,,,,,"(-0.2, 1.6, 0.7)",,,"(-12.0, 0.0, 1.1)",
TELEPORT,283619,6/26/2026 12:57:05 PM,656b7e14-f368-4196-b68a-fdb1e1554fc8,2.0,,,,,,,,,,,,,,,,,,,,,,,,,,,,,,,,,,,,"(-12.4, 1.6, 1.8)",,,,,,,"(-12.5, 1.6, 1.7)",
PLAYER_POSITIONS,283708,6/26/2026 12:57:05 PM,656b7e14-f368-4196-b68a-fdb1e1554fc8,2.0,,,,,,,,,,,,,,,,,,,,,,,,,,,,,,,,,,,"(-12.4, 1.0, 1.6)","(-12.6, 1.6, 1.7)","(-12.7, 0.9, 1.5)",
PLAYER_GAZE,283708,6/26/2026 12:57:05 PM,656b7e14-f368-4196-b68a-fdb1e1554fc8,2.0,,,,,,,,,,,,,,,,,,,,,,,,Military PT 2,,,,,,,,,"(-0.6, 1.6, 0.6)",,,"(-12.0, 0.0, 1.1)",
PLAYER_POSITIONS,283708,6/26/2026 12:57:05 PM,656b7e14-f368-4196-b68a-fdb1e1554fc8,2.0,,,,,,,,,,,,,,,,,,,,,,,,,,,,,,,,,,,"(-12.4, 1.0, 1.6)","(-12.6, 1.6, 1.7)","(-12.7, 0.9, 1.5)",
PLAYER_GAZE,283708,6/26/2026 12:57:05 PM,656b7e14-f368-4196-b68a-fdb1e1554fc8,2.0,,,,,,,,,,,,,,,,,,,,,,,,Military PT 2,,,,,,,,,"(-0.6, 1.6, 0.6)",,,"(-12.0, 0.0, 1.1)",
VOICE_CAPTURE,284053,6/26/2026 12:57:06 PM,656b7e14-f368-4196-b68a-fdb1e1554fc8,2.0,,,,,,,,,,,,,,,,,,,,,,,,,,,,,,,,,,,,,,,,,,,,,,,,,,,NA,ug.,
PLAYER_POSITIONS,284229,6/26/2026 12:57:06 PM,656b7e14-f368-4196-b68a-fdb1e1554fc8,2.0,,,,,,,,,,,,,,,,,,,,,,,,,,,,,,,,,,,"(-12.4, 0.9, 1.4)","(-12.5, 1.6, 1.4)","(-12.9, 1.0, 1.3)",
PLAYER_POSITIONS,284229,6/26/2026 12:57:06 PM,656b7e14-f368-4196-b68a-fdb1e1554fc8,2.0,,,,,,,,,,,,,,,,,,,,,,,,,,,,,,,,,,,"(-12.4, 0.9, 1.4)","(-12.5, 1.6, 1.4)","(-12.9, 1.0, 1.3)",
VOICE_CAPTURE,284529,6/26/2026 12:57:06 PM,656b7e14-f368-4196-b68a-fdb1e1554fc8,2.0,,,,,,,,,,,,,,,,,,,,,,,,,,,,,,,,,,,,,,,,,,,,,,,,,,,NA,ug.,
PLAYER_POSITIONS,284752,6/26/2026 12:57:06 PM,656b7e14-f368-4196-b68a-fdb1e1554fc8,2.0,,,,,,,,,,,,,,,,,,,,,,,,,,,,,,,,,,,"(-12.5, 0.6, 1.1)","(-12.6, 1.2, 1.0)","(-12.8, 0.8, 0.9)",
PLAYER_POSITIONS,284752,6/26/2026 12:57:06 PM,656b7e14-f368-4196-b68a-fdb1e1554fc8,2.0,,,,,,,,,,,,,,,,,,,,,,,,,,,,,,,,,,,"(-12.5, 0.6, 1.1)","(-12.6, 1.2, 1.0)","(-12.8, 0.8, 0.9)",
VOICE_CAPTURE,285028,6/26/2026 12:57:07 PM,656b7e14-f368-4196-b68a-fdb1e1554fc8,2.0,,,,,,,,,,,,,,,,,,,,,,,,,,,,,,,,,,,,,,,,,,,,,,,,,,,NA,ug.,
PLAYER_POSITIONS,285274,6/26/2026 12:57:07 PM,656b7e14-f368-4196-b68a-fdb1e1554fc8,2.0,,,,,,,,,,,,,,,,,,,,,,,,,,,,,,,,,,,"(-12.5, 0.4, 0.8)","(-12.5, 0.9, 0.8)","(-12.7, 0.5, 0.6)",
PLAYER_POSITIONS,285274,6/26/2026 12:57:07 PM,656b7e14-f368-4196-b68a-fdb1e1554fc8,2.0,,,,,,,,,,,,,,,,,,,,,,,,,,,,,,,,,,,"(-12.5, 0.4, 0.8)","(-12.5, 0.9, 0.8)","(-12.7, 0.5, 0.6)",
EVAC_RADIO_ALERT,285472,6/26/2026 12:57:07 PM,656b7e14-f368-4196-b68a-fdb1e1554fc8,2.0,,,,,,,,1,
AUDIO_START,285477,6/26/2026 12:57:07 PM,656b7e14-f368-4196-b68a-fdb1e1554fc8,2.0,evac in 6 minutes,4.127347,
VOICE_CAPTURE,285519,6/26/2026 12:57:07 PM,656b7e14-f368-4196-b68a-fdb1e1554fc8,2.0,,,,,,,,,,,,,,,,,,,,,,,,,,,,,,,,,,,,,,,,,,,,,,,,,,,NA,ug.,
PLAYER_POSITIONS,285788,6/26/2026 12:57:07 PM,656b7e14-f368-4196-b68a-fdb1e1554fc8,2.0,,,,,,,,,,,,,,,,,,,,,,,,,,,,,,,,,,,"(-12.4, 0.3, 0.7)","(-12.4, 0.9, 0.8)","(-12.6, 0.5, 0.5)",
PLAYER_POSITIONS,285788,6/26/2026 12:57:07 PM,656b7e14-f368-4196-b68a-fdb1e1554fc8,2.0,,,,,,,,,,,,,,,,,,,,,,,,,,,,,,,,,,,"(-12.4, 0.3, 0.7)","(-12.4, 0.9, 0.8)","(-12.6, 0.5, 0.5)",
VOICE_CAPTURE,286154,6/26/2026 12:57:08 PM,656b7e14-f368-4196-b68a-fdb1e1554fc8,2.0,,,,,,,,,,,,,,,,,,,,,,,,,,,,,,,,,,,,,,,,,,,,,,,,,,,NA,ag. Oh buddy.,
PLAYER_POSITIONS,286309,6/26/2026 12:57:08 PM,656b7e14-f368-4196-b68a-fdb1e1554fc8,2.0,,,,,,,,,,,,,,,,,,,,,,,,,,,,,,,,,,,"(-12.4, 0.4, 0.8)","(-12.5, 0.9, 0.8)","(-12.7, 0.6, 0.6)",
PLAYER_POSITIONS,286309,6/26/2026 12:57:08 PM,656b7e14-f368-4196-b68a-fdb1e1554fc8,2.0,,,,,,,,,,,,,,,,,,,,,,,,,,,,,,,,,,,"(-12.4, 0.4, 0.8)","(-12.5, 0.9, 0.8)","(-12.7, 0.6, 0.6)",
VOICE_CAPTURE,286522,6/26/2026 12:57:08 PM,656b7e14-f368-4196-b68a-fdb1e1554fc8,2.0,,,,,,,,,,,,,,,,,,,,,,,,,,,,,,,,,,,,,,,,,,,,,,,,,,,NA,"ag. Oh buddy. Oh, buddy.",
PLAYER_POSITIONS,286819,6/26/2026 12:57:08 PM,656b7e14-f368-4196-b68a-fdb1e1554fc8,2.0,,,,,,,,,,,,,,,,,,,,,,,,,,,,,,,,,,,"(-12.4, 0.4, 0.8)","(-12.5, 0.8, 0.8)","(-12.9, 0.4, 0.4)",
PLAYER_POSITIONS,286819,6/26/2026 12:57:08 PM,656b7e14-f368-4196-b68a-fdb1e1554fc8,2.0,,,,,,,,,,,,,,,,,,,,,,,,,,,,,,,,,,,"(-12.4, 0.4, 0.8)","(-12.5, 0.8, 0.8)","(-12.9, 0.4, 0.4)",
VOICE_CAPTURE,287042,6/26/2026 12:57:09 PM,656b7e14-f368-4196-b68a-fdb1e1554fc8,2.0,,,,,,,,,,,,,,,,,,,,,,,,,,,,,,,,,,,,,,,,,,,,,,,,,,,NA,"ag. Oh buddy. Oh, buddy.",
VOICE_CAPTURE,287042,6/26/2026 12:57:09 PM,656b7e14-f368-4196-b68a-fdb1e1554fc8,2.0,,,,,,,,,,,,,,,,,,,,,,,,,,,,,,,,,,,,,,,,,,,,,,,,,,,NA,"ag. Oh buddy. Oh, buddy.",
PLAYER_POSITIONS,287332,6/26/2026 12:57:09 PM,656b7e14-f368-4196-b68a-fdb1e1554fc8,2.0,,,,,,,,,,,,,,,,,,,,,,,,,,,,,,,,,,,"(-12.4, 0.4, 0.8)","(-12.5, 0.8, 0.8)","(-12.7, 0.4, 0.5)",
PLAYER_POSITIONS,287332,6/26/2026 12:57:09 PM,656b7e14-f368-4196-b68a-fdb1e1554fc8,2.0,,,,,,,,,,,,,,,,,,,,,,,,,,,,,,,,,,,"(-12.4, 0.4, 0.8)","(-12.5, 0.8, 0.8)","(-12.7, 0.4, 0.5)",
TAG_SELECTED,287442,6/26/2026 12:57:09 PM,656b7e14-f368-4196-b68a-fdb1e1554fc8,2.0,,,,,,,,,,,,,,,,,,,,,,,,,,,,,,,,,,,,,,,,,,red,
PLAYER_POSITIONS,287845,6/26/2026 12:57:09 PM,656b7e14-f368-4196-b68a-fdb1e1554fc8,2.0,,,,,,,,,,,,,,,,,,,,,,,,,,,,,,,,,,,"(-12.4, 0.4, 0.8)","(-12.5, 0.8, 0.8)","(-12.7, 0.3, 0.5)",
PLAYER_POSITIONS,287845,6/26/2026 12:57:09 PM,656b7e14-f368-4196-b68a-fdb1e1554fc8,2.0,,,,,,,,,,,,,,,,,,,,,,,,,,,,,,,,,,,"(-12.4, 0.4, 0.8)","(-12.5, 0.8, 0.8)","(-12.7, 0.3, 0.5)",
PLAYER_POSITIONS,288344,6/26/2026 12:57:10 PM,656b7e14-f368-4196-b68a-fdb1e1554fc8,2.0,,,,,,,,,,,,,,,,,,,,,,,,,,,,,,,,,,,"(-12.5, 0.4, 0.8)","(-12.5, 0.7, 0.8)","(-12.5, 0.1, 0.6)",
PLAYER_POSITIONS,288344,6/26/2026 12:57:10 PM,656b7e14-f368-4196-b68a-fdb1e1554fc8,2.0,,,,,,,,,,,,,,,,,,,,,,,,,,,,,,,,,,,"(-12.5, 0.4, 0.8)","(-12.5, 0.7, 0.8)","(-12.5, 0.1, 0.6)",
TAG_APPLIED,288589,6/26/2026 12:57:10 PM,656b7e14-f368-4196-b68a-fdb1e1554fc8,2.0,,,,,,,,,,,,,,,,,,,,,,,,Military PT 2,,,,,,,,,,,,,,,,,,red,
PLAYER_POSITIONS,288855,6/26/2026 12:57:10 PM,656b7e14-f368-4196-b68a-fdb1e1554fc8,2.0,,,,,,,,,,,,,,,,,,,,,,,,,,,,,,,,,,,"(-12.4, 0.5, 0.8)","(-12.5, 0.7, 0.7)","(-12.5, 0.1, 0.6)",
PLAYER_POSITIONS,288855,6/26/2026 12:57:10 PM,656b7e14-f368-4196-b68a-fdb1e1554fc8,2.0,,,,,,,,,,,,,,,,,,,,,,,,,,,,,,,,,,,"(-12.4, 0.5, 0.8)","(-12.5, 0.7, 0.7)","(-12.5, 0.1, 0.6)",
BAG_CLOSED,289132,6/26/2026 12:57:11 PM,656b7e14-f368-4196-b68a-fdb1e1554fc8,2.0,,,,,,,,,,,,,,,,,,,,,,,,,,,,,,,,,,,,"(0.0, 0.0, 0.0)",
PLAYER_POSITIONS,289356,6/26/2026 12:57:11 PM,656b7e14-f368-4196-b68a-fdb1e1554fc8,2.0,,,,,,,,,,,,,,,,,,,,,,,,,,,,,,,,,,,"(-12.4, 0.4, 0.8)","(-12.4, 0.9, 0.8)","(-12.5, 0.4, 0.6)",
PLAYER_POSITIONS,289356,6/26/2026 12:57:11 PM,656b7e14-f368-4196-b68a-fdb1e1554fc8,2.0,,,,,,,,,,,,,,,,,,,,,,,,,,,,,,,,,,,"(-12.4, 0.4, 0.8)","(-12.4, 0.9, 0.8)","(-12.5, 0.4, 0.6)",
VOICE_CAPTURE,289524,6/26/2026 12:57:11 PM,656b7e14-f368-4196-b68a-fdb1e1554fc8,2.0,,,,,,,,,,,,,,,,,,,,,,,,,,,,,,,,,,,,,,,,,,,,,,,,,,,NA,Thank you.,
AUDIO_END,289613,6/26/2026 12:57:11 PM,656b7e14-f368-4196-b68a-fdb1e1554fc8,2.0,evac in 6 minutes,4.127347,
PLAYER_POSITIONS,289859,6/26/2026 12:57:11 PM,656b7e14-f368-4196-b68a-fdb1e1554fc8,2.0,,,,,,,,,,,,,,,,,,,,,,,,,,,,,,,,,,,"(-12.5, 0.3, 0.8)","(-12.4, 0.9, 0.9)","(-12.5, 0.4, 0.6)",
PLAYER_POSITIONS,289859,6/26/2026 12:57:11 PM,656b7e14-f368-4196-b68a-fdb1e1554fc8,2.0,,,,,,,,,,,,,,,,,,,,,,,,,,,,,,,,,,,"(-12.5, 0.3, 0.8)","(-12.4, 0.9, 0.9)","(-12.5, 0.4, 0.6)",
VOICE_CAPTURE,290048,6/26/2026 12:57:12 PM,656b7e14-f368-4196-b68a-fdb1e1554fc8,2.0,,,,,,,,,,,,,,,,,,,,,,,,,,,,,,,,,,,,,,,,,,,,,,,,,,,NA,Thank you.,
VOICE_CAPTURE,290048,6/26/2026 12:57:12 PM,656b7e14-f368-4196-b68a-fdb1e1554fc8,2.0,,,,,,,,,,,,,,,,,,,,,,,,,,,,,,,,,,,,,,,,,,,,,,,,,,,NA,Thank you.,
PLAYER_POSITIONS,290359,6/26/2026 12:57:12 PM,656b7e14-f368-4196-b68a-fdb1e1554fc8,2.0,,,,,,,,,,,,,,,,,,,,,,,,,,,,,,,,,,,"(-12.5, 0.3, 0.8)","(-12.5, 1.0, 0.9)","(-12.6, 0.4, 0.5)",
PLAYER_GAZE,290359,6/26/2026 12:57:12 PM,656b7e14-f368-4196-b68a-fdb1e1554fc8,2.0,,,,,,,,,,,,,,,,,,,,,,,,Military PT 9,,,,,,,,,"(0.2, 1.0, 2.7)",,,"(-12.7, 0.0, -1.8)",
PLAYER_POSITIONS,290359,6/26/2026 12:57:12 PM,656b7e14-f368-4196-b68a-fdb1e1554fc8,2.0,,,,,,,,,,,,,,,,,,,,,,,,,,,,,,,,,,,"(-12.5, 0.3, 0.8)","(-12.5, 1.0, 0.9)","(-12.6, 0.4, 0.5)",
PLAYER_GAZE,290359,6/26/2026 12:57:12 PM,656b7e14-f368-4196-b68a-fdb1e1554fc8,2.0,,,,,,,,,,,,,,,,,,,,,,,,Military PT 9,,,,,,,,,"(0.2, 1.0, 2.7)",,,"(-12.7, 0.0, -1.8)",
PLAYER_POSITIONS,290869,6/26/2026 12:57:12 PM,656b7e14-f368-4196-b68a-fdb1e1554fc8,2.0,,,,,,,,,,,,,,,,,,,,,,,,,,,,,,,,,,,"(-12.5, 0.3, 0.8)","(-12.5, 1.0, 0.9)","(-12.5, 0.4, 0.6)",
PLAYER_POSITIONS,290869,6/26/2026 12:57:12 PM,656b7e14-f368-4196-b68a-fdb1e1554fc8,2.0,,,,,,,,,,,,,,,,,,,,,,,,,,,,,,,,,,,"(-12.5, 0.3, 0.8)","(-12.5, 1.0, 0.9)","(-12.5, 0.4, 0.6)",
VOICE_CAPTURE,291025,6/26/2026 12:57:13 PM,656b7e14-f368-4196-b68a-fdb1e1554fc8,2.0,,,,,,,,,,,,,,,,,,,,,,,,,,,,,,,,,,,,,,,,,,,,,,,,,,,NA,main.,
PLAYER_POSITIONS,291369,6/26/2026 12:57:13 PM,656b7e14-f368-4196-b68a-fdb1e1554fc8,2.0,,,,,,,,,,,,,,,,,,,,,,,,,,,,,,,,,,,"(-12.5, 0.3, 0.8)","(-12.5, 1.0, 0.9)","(-12.5, 0.4, 0.6)",
PLAYER_POSITIONS,291369,6/26/2026 12:57:13 PM,656b7e14-f368-4196-b68a-fdb1e1554fc8,2.0,,,,,,,,,,,,,,,,,,,,,,,,,,,,,,,,,,,"(-12.5, 0.3, 0.8)","(-12.5, 1.0, 0.9)","(-12.5, 0.4, 0.6)",
VOICE_CAPTURE,291558,6/26/2026 12:57:13 PM,656b7e14-f368-4196-b68a-fdb1e1554fc8,2.0,,,,,,,,,,,,,,,,,,,,,,,,,,,,,,,,,,,,,,,,,,,,,,,,,,,NA,main. That's immediate.,
PATIENT_DISENGAGED,291666,6/26/2026 12:57:13 PM,656b7e14-f368-4196-b68a-fdb1e1554fc8,2.0,,,,8.66,,,,,,,,,,,,,,,,restricted,100,Infinity,normal,Military PT 2,agony,supine,"(-12.0, -0.1, 1.1)",faint,"(0.0, 0.4, 0.0, 0.9)",normal,EXPECTANT,still,,,,,,,,,,,,,,,,,8.96,
TELEPORT,291771,6/26/2026 12:57:13 PM,656b7e14-f368-4196-b68a-fdb1e1554fc8,2.0,,,,,,,,,,,,,,,,,,,,,,,,,,,,,,,,,,,,"(-12.5, 1.0, 0.9)",,,,,,,"(-11.0, 1.0, -2.7)",
PLAYER_POSITIONS,291879,6/26/2026 12:57:14 PM,656b7e14-f368-4196-b68a-fdb1e1554fc8,2.0,,,,,,,,,,,,,,,,,,,,,,,,,,,,,,,,,,,"(-11.1, 0.3, -2.8)","(-11.0, 1.0, -2.7)","(-11.1, 0.4, -3.0)",
PLAYER_POSITIONS,291879,6/26/2026 12:57:14 PM,656b7e14-f368-4196-b68a-fdb1e1554fc8,2.0,,,,,,,,,,,,,,,,,,,,,,,,,,,,,,,,,,,"(-11.1, 0.3, -2.8)","(-11.0, 1.0, -2.7)","(-11.1, 0.4, -3.0)",
VOICE_CAPTURE,292014,6/26/2026 12:57:14 PM,656b7e14-f368-4196-b68a-fdb1e1554fc8,2.0,,,,,,,,,,,,,,,,,,,,,,,,,,,,,,,,,,,,,,,,,,,,,,,,,,,NA,main. That's immediate.,
VOICE_CAPTURE,292014,6/26/2026 12:57:14 PM,656b7e14-f368-4196-b68a-fdb1e1554fc8,2.0,,,,,,,,,,,,,,,,,,,,,,,,,,,,,,,,,,,,,,,,,,,,,,,,,,,NA,main. That's immediate.,
PLAYER_POSITIONS,292387,6/26/2026 12:57:14 PM,656b7e14-f368-4196-b68a-fdb1e1554fc8,2.0,,,,,,,,,,,,,,,,,,,,,,,,,,,,,,,,,,,"(-11.1, 0.3, -2.8)","(-11.0, 0.9, -2.7)","(-11.0, 0.4, -3.0)",
PLAYER_POSITIONS,292387,6/26/2026 12:57:14 PM,656b7e14-f368-4196-b68a-fdb1e1554fc8,2.0,,,,,,,,,,,,,,,,,,,,,,,,,,,,,,,,,,,"(-11.1, 0.3, -2.8)","(-11.0, 0.9, -2.7)","(-11.0, 0.4, -3.0)",
PLAYER_POSITIONS,292899,6/26/2026 12:57:15 PM,656b7e14-f368-4196-b68a-fdb1e1554fc8,2.0,,,,,,,,,,,,,,,,,,,,,,,,,,,,,,,,,,,"(-11.0, 0.3, -2.8)","(-10.9, 0.9, -2.7)","(-11.0, 0.4, -3.0)",
PLAYER_POSITIONS,292899,6/26/2026 12:57:15 PM,656b7e14-f368-4196-b68a-fdb1e1554fc8,2.0,,,,,,,,,,,,,,,,,,,,,,,,,,,,,,,,,,,"(-11.0, 0.3, -2.8)","(-10.9, 0.9, -2.7)","(-11.0, 0.4, -3.0)",
PATIENT_ENGAGED,293263,6/26/2026 12:57:15 PM,656b7e14-f368-4196-b68a-fdb1e1554fc8,2.0,,,,0,,,,,,,,,,,,,,,,none,100,Infinity,none,Military PT 10,dead,fetal,"(-9.6, -0.1, -2.9)",none,"(0.0, -0.6, 0.0, 0.8)",none,EXPECTANT,still,,,,,,,,,,,,,,,,,3.59,
PLAYER_POSITIONS,293420,6/26/2026 12:57:15 PM,656b7e14-f368-4196-b68a-fdb1e1554fc8,2.0,,,,,,,,,,,,,,,,,,,,,,,,,,,,,,,,,,,"(-10.8, 0.3, -3.0)","(-10.7, 0.9, -2.9)","(-10.7, 0.4, -3.2)",
PLAYER_POSITIONS,293420,6/26/2026 12:57:15 PM,656b7e14-f368-4196-b68a-fdb1e1554fc8,2.0,,,,,,,,,,,,,,,,,,,,,,,,,,,,,,,,,,,"(-10.8, 0.3, -3.0)","(-10.7, 0.9, -2.9)","(-10.7, 0.4, -3.2)",
PLAYER_POSITIONS,293942,6/26/2026 12:57:16 PM,656b7e14-f368-4196-b68a-fdb1e1554fc8,2.0,,,,,,,,,,,,,,,,,,,,,,,,,,,,,,,,,,,"(-10.7, 0.3, -3.3)","(-10.5, 0.9, -3.2)","(-10.6, 0.4, -3.5)",
PLAYER_POSITIONS,293942,6/26/2026 12:57:16 PM,656b7e14-f368-4196-b68a-fdb1e1554fc8,2.0,,,,,,,,,,,,,,,,,,,,,,,,,,,,,,,,,,,"(-10.7, 0.3, -3.3)","(-10.5, 0.9, -3.2)","(-10.6, 0.4, -3.5)",
VOICE_CAPTURE,294065,6/26/2026 12:57:16 PM,656b7e14-f368-4196-b68a-fdb1e1554fc8,2.0,,,,,,,,,,,,,,,,,,,,,,,,,,,,,,,,,,,,,,,,,,,,,,,,,,,NA,Probably.,
PLAYER_POSITIONS,294487,6/26/2026 12:57:16 PM,656b7e14-f368-4196-b68a-fdb1e1554fc8,2.0,,,,,,,,,,,,,,,,,,,,,,,,,,,,,,,,,,,"(-10.5, 0.3, -3.5)","(-10.3, 0.9, -3.4)","(-10.4, 0.4, -3.7)",
PLAYER_POSITIONS,294487,6/26/2026 12:57:16 PM,656b7e14-f368-4196-b68a-fdb1e1554fc8,2.0,,,,,,,,,,,,,,,,,,,,,,,,,,,,,,,,,,,"(-10.5, 0.3, -3.5)","(-10.3, 0.9, -3.4)","(-10.4, 0.4, -3.7)",
VOICE_CAPTURE,294519,6/26/2026 12:57:16 PM,656b7e14-f368-4196-b68a-fdb1e1554fc8,2.0,,,,,,,,,,,,,,,,,,,,,,,,,,,,,,,,,,,,,,,,,,,,,,,,,,,NA,Probably actually.,
PLAYER_POSITIONS,295009,6/26/2026 12:57:17 PM,656b7e14-f368-4196-b68a-fdb1e1554fc8,2.0,,,,,,,,,,,,,,,,,,,,,,,,,,,,,,,,,,,"(-10.4, 0.3, -3.7)","(-10.2, 0.8, -3.6)","(-10.3, 0.4, -3.8)",
PLAYER_POSITIONS,295009,6/26/2026 12:57:17 PM,656b7e14-f368-4196-b68a-fdb1e1554fc8,2.0,,,,,,,,,,,,,,,,,,,,,,,,,,,,,,,,,,,"(-10.4, 0.3, -3.7)","(-10.2, 0.8, -3.6)","(-10.3, 0.4, -3.8)",
VOICE_CAPTURE,295044,6/26/2026 12:57:17 PM,656b7e14-f368-4196-b68a-fdb1e1554fc8,2.0,,,,,,,,,,,,,,,,,,,,,,,,,,,,,,,,,,,,,,,,,,,,,,,,,,,NA,Probably actually expensive.,
PLAYER_POSITIONS,295534,6/26/2026 12:57:17 PM,656b7e14-f368-4196-b68a-fdb1e1554fc8,2.0,,,,,,,,,,,,,,,,,,,,,,,,,,,,,,,,,,,"(-10.4, 0.3, -3.7)","(-10.2, 0.8, -3.5)","(-10.3, 0.4, -3.8)",
PLAYER_POSITIONS,295534,6/26/2026 12:57:17 PM,656b7e14-f368-4196-b68a-fdb1e1554fc8,2.0,,,,,,,,,,,,,,,,,,,,,,,,,,,,,,,,,,,"(-10.4, 0.3, -3.7)","(-10.2, 0.8, -3.5)","(-10.3, 0.4, -3.8)",
VOICE_CAPTURE,295535,6/26/2026 12:57:17 PM,656b7e14-f368-4196-b68a-fdb1e1554fc8,2.0,,,,,,,,,,,,,,,,,,,,,,,,,,,,,,,,,,,,,,,,,,,,,,,,,,,NA,Probably actually expected.,
VOICE_CAPTURE,296032,6/26/2026 12:57:18 PM,656b7e14-f368-4196-b68a-fdb1e1554fc8,2.0,,,,,,,,,,,,,,,,,,,,,,,,,,,,,,,,,,,,,,,,,,,,,,,,,,,NA,Probably actually expected the --,
PLAYER_POSITIONS,296055,6/26/2026 12:57:18 PM,656b7e14-f368-4196-b68a-fdb1e1554fc8,2.0,,,,,,,,,,,,,,,,,,,,,,,,,,,,,,,,,,,"(-10.1, 0.4, -3.4)","(-9.9, 0.9, -3.2)","(-9.8, 0.3, -3.4)",
PLAYER_POSITIONS,296055,6/26/2026 12:57:18 PM,656b7e14-f368-4196-b68a-fdb1e1554fc8,2.0,,,,,,,,,,,,,,,,,,,,,,,,,,,,,,,,,,,"(-10.1, 0.4, -3.4)","(-9.9, 0.9, -3.2)","(-9.8, 0.3, -3.4)",
PULSE_TAKEN,296441,6/26/2026 12:57:18 PM,656b7e14-f368-4196-b68a-fdb1e1554fc8,2.0,,,,,,,,,,,,,,,,,,,,,,,,Military PT 10,,,,pulse_none,
VOICE_CAPTURE,296544,6/26/2026 12:57:18 PM,656b7e14-f368-4196-b68a-fdb1e1554fc8,2.0,,,,,,,,,,,,,,,,,,,,,,,,,,,,,,,,,,,,,,,,,,,,,,,,,,,NA,"Probably actually expected the -- I didn't expect it, but...",
PLAYER_POSITIONS,296565,6/26/2026 12:57:18 PM,656b7e14-f368-4196-b68a-fdb1e1554fc8,2.0,,,,,,,,,,,,,,,,,,,,,,,,,,,,,,,,,,,"(-9.8, 0.5, -3.3)","(-9.6, 0.7, -3.3)","(-9.6, 0.1, -3.3)",
PLAYER_POSITIONS,296565,6/26/2026 12:57:18 PM,656b7e14-f368-4196-b68a-fdb1e1554fc8,2.0,,,,,,,,,,,,,,,,,,,,,,,,,,,,,,,,,,,"(-9.8, 0.5, -3.3)","(-9.6, 0.7, -3.3)","(-9.6, 0.1, -3.3)",
VOICE_CAPTURE,297022,6/26/2026 12:57:19 PM,656b7e14-f368-4196-b68a-fdb1e1554fc8,2.0,,,,,,,,,,,,,,,,,,,,,,,,,,,,,,,,,,,,,,,,,,,,,,,,,,,NA,"Probably actually expected the -- I didn't expect it, but...",
VOICE_CAPTURE,297022,6/26/2026 12:57:19 PM,656b7e14-f368-4196-b68a-fdb1e1554fc8,2.0,,,,,,,,,,,,,,,,,,,,,,,,,,,,,,,,,,,,,,,,,,,,,,,,,,,NA,"Probably actually expected the -- I didn't expect it, but...",
PLAYER_POSITIONS,297065,6/26/2026 12:57:19 PM,656b7e14-f368-4196-b68a-fdb1e1554fc8,2.0,,,,,,,,,,,,,,,,,,,,,,,,,,,,,,,,,,,"(-9.8, 0.5, -3.3)","(-9.6, 0.7, -3.3)","(-9.5, 0.1, -3.3)",
PLAYER_POSITIONS,297065,6/26/2026 12:57:19 PM,656b7e14-f368-4196-b68a-fdb1e1554fc8,2.0,,,,,,,,,,,,,,,,,,,,,,,,,,,,,,,,,,,"(-9.8, 0.5, -3.3)","(-9.6, 0.7, -3.3)","(-9.5, 0.1, -3.3)",
PLAYER_POSITIONS,297632,6/26/2026 12:57:19 PM,656b7e14-f368-4196-b68a-fdb1e1554fc8,2.0,,,,,,,,,,,,,,,,,,,,,,,,,,,,,,,,,,,"(-9.9, 0.5, -3.3)","(-9.7, 0.7, -3.3)","(-9.6, 0.1, -3.3)",
PLAYER_POSITIONS,297632,6/26/2026 12:57:19 PM,656b7e14-f368-4196-b68a-fdb1e1554fc8,2.0,,,,,,,,,,,,,,,,,,,,,,,,,,,,,,,,,,,"(-9.9, 0.5, -3.3)","(-9.7, 0.7, -3.3)","(-9.6, 0.1, -3.3)",
PLAYER_POSITIONS,298152,6/26/2026 12:57:20 PM,656b7e14-f368-4196-b68a-fdb1e1554fc8,2.0,,,,,,,,,,,,,,,,,,,,,,,,,,,,,,,,,,,"(-9.9, 0.4, -3.4)","(-9.7, 0.8, -3.4)","(-9.7, 0.6, -3.7)",
PLAYER_POSITIONS,298152,6/26/2026 12:57:20 PM,656b7e14-f368-4196-b68a-fdb1e1554fc8,2.0,,,,,,,,,,,,,,,,,,,,,,,,,,,,,,,,,,,"(-9.9, 0.4, -3.4)","(-9.7, 0.8, -3.4)","(-9.7, 0.6, -3.7)",
PLAYER_POSITIONS,298675,6/26/2026 12:57:20 PM,656b7e14-f368-4196-b68a-fdb1e1554fc8,2.0,,,,,,,,,,,,,,,,,,,,,,,,,,,,,,,,,,,"(-9.8, 0.4, -3.4)","(-9.7, 0.8, -3.4)","(-9.6, 0.4, -3.9)",
PLAYER_POSITIONS,298675,6/26/2026 12:57:20 PM,656b7e14-f368-4196-b68a-fdb1e1554fc8,2.0,,,,,,,,,,,,,,,,,,,,,,,,,,,,,,,,,,,"(-9.8, 0.4, -3.4)","(-9.7, 0.8, -3.4)","(-9.6, 0.4, -3.9)",
PLAYER_POSITIONS,299196,6/26/2026 12:57:21 PM,656b7e14-f368-4196-b68a-fdb1e1554fc8,2.0,,,,,,,,,,,,,,,,,,,,,,,,,,,,,,,,,,,"(-9.8, 0.4, -3.4)","(-9.8, 0.8, -3.5)","(-9.7, 0.5, -3.8)",
PLAYER_POSITIONS,299196,6/26/2026 12:57:21 PM,656b7e14-f368-4196-b68a-fdb1e1554fc8,2.0,,,,,,,,,,,,,,,,,,,,,,,,,,,,,,,,,,,"(-9.8, 0.4, -3.4)","(-9.8, 0.8, -3.5)","(-9.7, 0.5, -3.8)",
TAG_SELECTED,299422,6/26/2026 12:57:21 PM,656b7e14-f368-4196-b68a-fdb1e1554fc8,2.0,,,,,,,,,,,,,,,,,,,,,,,,,,,,,,,,,,,,,,,,,,green,
VOICE_CAPTURE,299519,6/26/2026 12:57:21 PM,656b7e14-f368-4196-b68a-fdb1e1554fc8,2.0,,,,,,,,,,,,,,,,,,,,,,,,,,,,,,,,,,,,,,,,,,,,,,,,,,,NA,Yeah.,
PLAYER_POSITIONS,299717,6/26/2026 12:57:21 PM,656b7e14-f368-4196-b68a-fdb1e1554fc8,2.0,,,,,,,,,,,,,,,,,,,,,,,,,,,,,,,,,,,"(-9.9, 0.4, -3.4)","(-9.8, 0.8, -3.5)","(-9.7, 0.4, -3.7)",
PLAYER_POSITIONS,299717,6/26/2026 12:57:21 PM,656b7e14-f368-4196-b68a-fdb1e1554fc8,2.0,,,,,,,,,,,,,,,,,,,,,,,,,,,,,,,,,,,"(-9.9, 0.4, -3.4)","(-9.8, 0.8, -3.5)","(-9.7, 0.4, -3.7)",
VOICE_CAPTURE,300051,6/26/2026 12:57:22 PM,656b7e14-f368-4196-b68a-fdb1e1554fc8,2.0,,,,,,,,,,,,,,,,,,,,,,,,,,,,,,,,,,,,,,,,,,,,,,,,,,,NA,"Yeah, buddy.",
TAG_DISCARDED,300089,6/26/2026 12:57:22 PM,656b7e14-f368-4196-b68a-fdb1e1554fc8,2.0,,,,,,,,,,,,,,,,,,,,,,,,,,,,,,,,,,,,"(-9.8, 0.4, -3.8)",,,,,,green,
PLAYER_POSITIONS,300225,6/26/2026 12:57:22 PM,656b7e14-f368-4196-b68a-fdb1e1554fc8,2.0,,,,,,,,,,,,,,,,,,,,,,,,,,,,,,,,,,,"(-9.9, 0.4, -3.4)","(-9.8, 0.8, -3.5)","(-9.7, 0.5, -3.8)",
PLAYER_POSITIONS,300225,6/26/2026 12:57:22 PM,656b7e14-f368-4196-b68a-fdb1e1554fc8,2.0,,,,,,,,,,,,,,,,,,,,,,,,,,,,,,,,,,,"(-9.9, 0.4, -3.4)","(-9.8, 0.8, -3.5)","(-9.7, 0.5, -3.8)",
VOICE_CAPTURE,300525,6/26/2026 12:57:22 PM,656b7e14-f368-4196-b68a-fdb1e1554fc8,2.0,,,,,,,,,,,,,,,,,,,,,,,,,,,,,,,,,,,,,,,,,,,,,,,,,,,NA,Yeah buddy.,
TAG_SELECTED,300668,6/26/2026 12:57:22 PM,656b7e14-f368-4196-b68a-fdb1e1554fc8,2.0,,,,,,,,,,,,,,,,,,,,,,,,,,,,,,,,,,,,,,,,,,black,
PLAYER_POSITIONS,300737,6/26/2026 12:57:22 PM,656b7e14-f368-4196-b68a-fdb1e1554fc8,2.0,,,,,,,,,,,,,,,,,,,,,,,,,,,,,,,,,,,"(-9.9, 0.4, -3.4)","(-9.8, 0.8, -3.5)","(-9.7, 0.5, -3.8)",
PLAYER_POSITIONS,300737,6/26/2026 12:57:22 PM,656b7e14-f368-4196-b68a-fdb1e1554fc8,2.0,,,,,,,,,,,,,,,,,,,,,,,,,,,,,,,,,,,"(-9.9, 0.4, -3.4)","(-9.8, 0.8, -3.5)","(-9.7, 0.5, -3.8)",
VOICE_CAPTURE,301081,6/26/2026 12:57:23 PM,656b7e14-f368-4196-b68a-fdb1e1554fc8,2.0,,,,,,,,,,,,,,,,,,,,,,,,,,,,,,,,,,,,,,,,,,,,,,,,,,,NA,Yeah buddy.,
VOICE_CAPTURE,301081,6/26/2026 12:57:23 PM,656b7e14-f368-4196-b68a-fdb1e1554fc8,2.0,,,,,,,,,,,,,,,,,,,,,,,,,,,,,,,,,,,,,,,,,,,,,,,,,,,NA,Yeah buddy.,
PLAYER_POSITIONS,301259,6/26/2026 12:57:23 PM,656b7e14-f368-4196-b68a-fdb1e1554fc8,2.0,,,,,,,,,,,,,,,,,,,,,,,,,,,,,,,,,,,"(-9.9, 0.5, -3.4)","(-9.7, 0.7, -3.4)","(-9.6, 0.1, -3.3)",
PLAYER_POSITIONS,301259,6/26/2026 12:57:23 PM,656b7e14-f368-4196-b68a-fdb1e1554fc8,2.0,,,,,,,,,,,,,,,,,,,,,,,,,,,,,,,,,,,"(-9.9, 0.5, -3.4)","(-9.7, 0.7, -3.4)","(-9.6, 0.1, -3.3)",
AUDIO_END,301303,6/26/2026 12:57:23 PM,656b7e14-f368-4196-b68a-fdb1e1554fc8,2.0,mortar hits 1,19.77469,
NARRATIVE_SECTION_END,301303,6/26/2026 12:57:23 PM,656b7e14-f368-4196-b68a-fdb1e1554fc8,2.0,,,,,,,,,,,,,,,,,,Mortar hits 2,32,
NARRATIVE_SECTION_START,301322,6/26/2026 12:57:23 PM,656b7e14-f368-4196-b68a-fdb1e1554fc8,2.0,,,,,,,,,,,,,,,,,,Delta Squad Moving,33,
TAG_APPLIED,301527,6/26/2026 12:57:23 PM,656b7e14-f368-4196-b68a-fdb1e1554fc8,2.0,,,,,,,,,,,,,,,,,,,,,,,,Military PT 10,,,,,,,,,,,,,,,,,,black,
VOICE_CAPTURE,301625,6/26/2026 12:57:23 PM,656b7e14-f368-4196-b68a-fdb1e1554fc8,2.0,,,,,,,,,,,,,,,,,,,,,,,,,,,,,,,,,,,,,,,,,,,,,,,,,,,NA,I believe.,
PLAYER_POSITIONS,301763,6/26/2026 12:57:23 PM,656b7e14-f368-4196-b68a-fdb1e1554fc8,2.0,,,,,,,,,,,,,,,,,,,,,,,,,,,,,,,,,,,"(-9.8, 0.5, -3.4)","(-9.7, 0.8, -3.4)","(-9.6, 0.2, -3.4)",
PLAYER_POSITIONS,301763,6/26/2026 12:57:23 PM,656b7e14-f368-4196-b68a-fdb1e1554fc8,2.0,,,,,,,,,,,,,,,,,,,,,,,,,,,,,,,,,,,"(-9.8, 0.5, -3.4)","(-9.7, 0.8, -3.4)","(-9.6, 0.2, -3.4)",
VOICE_CAPTURE,302080,6/26/2026 12:57:24 PM,656b7e14-f368-4196-b68a-fdb1e1554fc8,2.0,,,,,,,,,,,,,,,,,,,,,,,,,,,,,,,,,,,,,,,,,,,,,,,,,,,NA,buddy.,
BAG_CLOSED,302234,6/26/2026 12:57:24 PM,656b7e14-f368-4196-b68a-fdb1e1554fc8,2.0,,,,,,,,,,,,,,,,,,,,,,,,,,,,,,,,,,,,"(0.0, 0.0, 0.0)",
PLAYER_POSITIONS,302281,6/26/2026 12:57:24 PM,656b7e14-f368-4196-b68a-fdb1e1554fc8,2.0,,,,,,,,,,,,,,,,,,,,,,,,,,,,,,,,,,,"(-9.8, 0.6, -3.6)","(-10.1, 1.1, -3.6)","(-10.1, 0.4, -3.8)",
PLAYER_POSITIONS,302281,6/26/2026 12:57:24 PM,656b7e14-f368-4196-b68a-fdb1e1554fc8,2.0,,,,,,,,,,,,,,,,,,,,,,,,,,,,,,,,,,,"(-9.8, 0.6, -3.6)","(-10.1, 1.1, -3.6)","(-10.1, 0.4, -3.8)",
VOICE_CAPTURE,302557,6/26/2026 12:57:24 PM,656b7e14-f368-4196-b68a-fdb1e1554fc8,2.0,,,,,,,,,,,,,,,,,,,,,,,,,,,,,,,,,,,,,,,,,,,,,,,,,,,NA,buddy.,
PATIENT_DISENGAGED,302755,6/26/2026 12:57:24 PM,656b7e14-f368-4196-b68a-fdb1e1554fc8,2.0,,,,9.49,,,,,,,,,,,,,,,,none,100,Infinity,none,Military PT 10,dead,fetal,"(-9.6, -0.1, -2.9)",none,"(0.0, -0.6, 0.0, 0.8)",none,EXPECTANT,still,,,,,,,,,,,,,,,,,13.08,
PATIENT_ENGAGED,302755,6/26/2026 12:57:24 PM,656b7e14-f368-4196-b68a-fdb1e1554fc8,2.0,,,,0,,,,,,,,,,,,,,,,fast,100,Infinity,normal,Military PT 4,upset,kneeling,"(-11.1, -0.1, -4.7)",faint,"(0.0, 1.0, 0.0, 0.2)",normal,IMMEDIATE,still,,,,,,,,,,,,,,,,,10.79,
PLAYER_POSITIONS,302803,6/26/2026 12:57:24 PM,656b7e14-f368-4196-b68a-fdb1e1554fc8,2.0,,,,,,,,,,,,,,,,,,,,,,,,,,,,,,,,,,,"(-10.2, 0.5, -3.9)","(-10.4, 1.1, -3.8)","(-10.5, 0.5, -4.1)",
PLAYER_POSITIONS,302803,6/26/2026 12:57:24 PM,656b7e14-f368-4196-b68a-fdb1e1554fc8,2.0,,,,,,,,,,,,,,,,,,,,,,,,,,,,,,,,,,,"(-10.2, 0.5, -3.9)","(-10.4, 1.1, -3.8)","(-10.5, 0.5, -4.1)",
VOICE_CAPTURE,303075,6/26/2026 12:57:25 PM,656b7e14-f368-4196-b68a-fdb1e1554fc8,2.0,,,,,,,,,,,,,,,,,,,,,,,,,,,,,,,,,,,,,,,,,,,,,,,,,,,NA,a bully.,
PULSE_TAKEN,303294,6/26/2026 12:57:25 PM,656b7e14-f368-4196-b68a-fdb1e1554fc8,2.0,,,,,,,,,,,,,,,,,,,,,,,,Military PT 4,,,,pulse_faint,
PLAYER_POSITIONS,303317,6/26/2026 12:57:25 PM,656b7e14-f368-4196-b68a-fdb1e1554fc8,2.0,,,,,,,,,,,,,,,,,,,,,,,,,,,,,,,,,,,"(-10.4, 0.4, -4.1)","(-10.5, 1.0, -4.0)","(-10.7, 0.4, -4.4)",
PLAYER_POSITIONS,303317,6/26/2026 12:57:25 PM,656b7e14-f368-4196-b68a-fdb1e1554fc8,2.0,,,,,,,,,,,,,,,,,,,,,,,,,,,,,,,,,,,"(-10.4, 0.4, -4.1)","(-10.5, 1.0, -4.0)","(-10.7, 0.4, -4.4)",
VOICE_CAPTURE,303619,6/26/2026 12:57:25 PM,656b7e14-f368-4196-b68a-fdb1e1554fc8,2.0,,,,,,,,,,,,,,,,,,,,,,,,,,,,,,,,,,,,,,,,,,,,,,,,,,,NA,I'm gonna get my bully.,
PLAYER_POSITIONS,303829,6/26/2026 12:57:25 PM,656b7e14-f368-4196-b68a-fdb1e1554fc8,2.0,,,,,,,,,,,,,,,,,,,,,,,,,,,,,,,,,,,"(-10.5, 0.4, -4.1)","(-10.6, 1.0, -4.1)","(-10.7, 0.4, -4.3)",
PLAYER_POSITIONS,303829,6/26/2026 12:57:25 PM,656b7e14-f368-4196-b68a-fdb1e1554fc8,2.0,,,,,,,,,,,,,,,,,,,,,,,,,,,,,,,,,,,"(-10.5, 0.4, -4.1)","(-10.6, 1.0, -4.1)","(-10.7, 0.4, -4.3)",
VOICE_CAPTURE,304073,6/26/2026 12:57:26 PM,656b7e14-f368-4196-b68a-fdb1e1554fc8,2.0,,,,,,,,,,,,,,,,,,,,,,,,,,,,,,,,,,,,,,,,,,,,,,,,,,,NA,I'm gonna get my bully. Mmm.,
PULSE_TAKEN,304115,6/26/2026 12:57:26 PM,656b7e14-f368-4196-b68a-fdb1e1554fc8,2.0,,,,,,,,,,,,,,,,,,,,,,,,Military PT 4,,,,pulse_faint,
PLAYER_POSITIONS,304341,6/26/2026 12:57:26 PM,656b7e14-f368-4196-b68a-fdb1e1554fc8,2.0,,,,,,,,,,,,,,,,,,,,,,,,,,,,,,,,,,,"(-10.5, 0.4, -4.1)","(-10.6, 1.0, -4.1)","(-10.9, 0.4, -4.4)",
PLAYER_POSITIONS,304341,6/26/2026 12:57:26 PM,656b7e14-f368-4196-b68a-fdb1e1554fc8,2.0,,,,,,,,,,,,,,,,,,,,,,,,,,,,,,,,,,,"(-10.5, 0.4, -4.1)","(-10.6, 1.0, -4.1)","(-10.9, 0.4, -4.4)",
VOICE_CAPTURE,304584,6/26/2026 12:57:26 PM,656b7e14-f368-4196-b68a-fdb1e1554fc8,2.0,,,,,,,,,,,,,,,,,,,,,,,,,,,,,,,,,,,,,,,,,,,,,,,,,,,NA,I'm gonna get my bully. Mmm.,
VOICE_CAPTURE,304584,6/26/2026 12:57:26 PM,656b7e14-f368-4196-b68a-fdb1e1554fc8,2.0,,,,,,,,,,,,,,,,,,,,,,,,,,,,,,,,,,,,,,,,,,,,,,,,,,,NA,I'm gonna get my bully. Mmm.,
PLAYER_POSITIONS,304851,6/26/2026 12:57:26 PM,656b7e14-f368-4196-b68a-fdb1e1554fc8,2.0,,,,,,,,,,,,,,,,,,,,,,,,,,,,,,,,,,,"(-10.5, 0.4, -4.1)","(-10.5, 1.0, -4.1)","(-10.7, 0.4, -4.3)",
PLAYER_POSITIONS,304851,6/26/2026 12:57:26 PM,656b7e14-f368-4196-b68a-fdb1e1554fc8,2.0,,,,,,,,,,,,,,,,,,,,,,,,,,,,,,,,,,,"(-10.5, 0.4, -4.1)","(-10.5, 1.0, -4.1)","(-10.7, 0.4, -4.3)",
PULSE_TAKEN,305109,6/26/2026 12:57:27 PM,656b7e14-f368-4196-b68a-fdb1e1554fc8,2.0,,,,,,,,,,,,,,,,,,,,,,,,Military PT 4,,,,pulse_faint,
PLAYER_POSITIONS,305365,6/26/2026 12:57:27 PM,656b7e14-f368-4196-b68a-fdb1e1554fc8,2.0,,,,,,,,,,,,,,,,,,,,,,,,,,,,,,,,,,,"(-10.5, 0.4, -4.1)","(-10.5, 1.0, -4.1)","(-10.6, 0.6, -4.3)",
PLAYER_POSITIONS,305365,6/26/2026 12:57:27 PM,656b7e14-f368-4196-b68a-fdb1e1554fc8,2.0,,,,,,,,,,,,,,,,,,,,,,,,,,,,,,,,,,,"(-10.5, 0.4, -4.1)","(-10.5, 1.0, -4.1)","(-10.6, 0.6, -4.3)",
PLAYER_POSITIONS,305881,6/26/2026 12:57:28 PM,656b7e14-f368-4196-b68a-fdb1e1554fc8,2.0,,,,,,,,,,,,,,,,,,,,,,,,,,,,,,,,,,,"(-10.5, 0.5, -4.1)","(-10.5, 0.9, -4.1)","(-10.7, 0.6, -4.2)",
PLAYER_POSITIONS,305881,6/26/2026 12:57:28 PM,656b7e14-f368-4196-b68a-fdb1e1554fc8,2.0,,,,,,,,,,,,,,,,,,,,,,,,,,,,,,,,,,,"(-10.5, 0.5, -4.1)","(-10.5, 0.9, -4.1)","(-10.7, 0.6, -4.2)",
PLAYER_POSITIONS,306392,6/26/2026 12:57:28 PM,656b7e14-f368-4196-b68a-fdb1e1554fc8,2.0,,,,,,,,,,,,,,,,,,,,,,,,,,,,,,,,,,,"(-10.5, 0.4, -4.1)","(-10.6, 0.9, -4.1)","(-10.7, 0.6, -4.1)",
PLAYER_POSITIONS,306392,6/26/2026 12:57:28 PM,656b7e14-f368-4196-b68a-fdb1e1554fc8,2.0,,,,,,,,,,,,,,,,,,,,,,,,,,,,,,,,,,,"(-10.5, 0.4, -4.1)","(-10.6, 0.9, -4.1)","(-10.7, 0.6, -4.1)",
PLAYER_POSITIONS,306904,6/26/2026 12:57:29 PM,656b7e14-f368-4196-b68a-fdb1e1554fc8,2.0,,,,,,,,,,,,,,,,,,,,,,,,,,,,,,,,,,,"(-10.5, 0.4, -4.1)","(-10.5, 0.9, -4.1)","(-10.6, 0.5, -4.3)",
PLAYER_POSITIONS,306904,6/26/2026 12:57:29 PM,656b7e14-f368-4196-b68a-fdb1e1554fc8,2.0,,,,,,,,,,,,,,,,,,,,,,,,,,,,,,,,,,,"(-10.5, 0.4, -4.1)","(-10.5, 0.9, -4.1)","(-10.6, 0.5, -4.3)",
PLAYER_POSITIONS,307411,6/26/2026 12:57:29 PM,656b7e14-f368-4196-b68a-fdb1e1554fc8,2.0,,,,,,,,,,,,,,,,,,,,,,,,,,,,,,,,,,,"(-10.5, 0.5, -4.1)","(-10.4, 1.0, -4.0)","(-10.1, 0.4, -4.3)",
PLAYER_POSITIONS,307411,6/26/2026 12:57:29 PM,656b7e14-f368-4196-b68a-fdb1e1554fc8,2.0,,,,,,,,,,,,,,,,,,,,,,,,,,,,,,,,,,,"(-10.5, 0.5, -4.1)","(-10.4, 1.0, -4.0)","(-10.1, 0.4, -4.3)",
PLAYER_POSITIONS,307912,6/26/2026 12:57:30 PM,656b7e14-f368-4196-b68a-fdb1e1554fc8,2.0,,,,,,,,,,,,,,,,,,,,,,,,,,,,,,,,,,,"(-10.5, 0.4, -4.0)","(-10.4, 0.9, -4.0)","(-10.2, 0.5, -4.1)",
PLAYER_POSITIONS,307912,6/26/2026 12:57:30 PM,656b7e14-f368-4196-b68a-fdb1e1554fc8,2.0,,,,,,,,,,,,,,,,,,,,,,,,,,,,,,,,,,,"(-10.5, 0.4, -4.0)","(-10.4, 0.9, -4.0)","(-10.2, 0.5, -4.1)",
AUDIO_START,308329,6/26/2026 12:57:30 PM,656b7e14-f368-4196-b68a-fdb1e1554fc8,2.0,delta squad moving,4.179592,
PLAYER_POSITIONS,308435,6/26/2026 12:57:30 PM,656b7e14-f368-4196-b68a-fdb1e1554fc8,2.0,,,,,,,,,,,,,,,,,,,,,,,,,,,,,,,,,,,"(-10.5, 0.4, -4.0)","(-10.4, 0.9, -4.0)","(-10.2, 0.5, -4.1)",
PLAYER_POSITIONS,308435,6/26/2026 12:57:30 PM,656b7e14-f368-4196-b68a-fdb1e1554fc8,2.0,,,,,,,,,,,,,,,,,,,,,,,,,,,,,,,,,,,"(-10.5, 0.4, -4.0)","(-10.4, 0.9, -4.0)","(-10.2, 0.5, -4.1)",
PLAYER_POSITIONS,308968,6/26/2026 12:57:31 PM,656b7e14-f368-4196-b68a-fdb1e1554fc8,2.0,,,,,,,,,,,,,,,,,,,,,,,,,,,,,,,,,,,"(-10.5, 0.4, -4.0)","(-10.4, 0.9, -4.0)","(-10.1, 0.5, -4.1)",
PLAYER_POSITIONS,308968,6/26/2026 12:57:31 PM,656b7e14-f368-4196-b68a-fdb1e1554fc8,2.0,,,,,,,,,,,,,,,,,,,,,,,,,,,,,,,,,,,"(-10.5, 0.4, -4.0)","(-10.4, 0.9, -4.0)","(-10.1, 0.5, -4.1)",
TAG_SELECTED,309031,6/26/2026 12:57:31 PM,656b7e14-f368-4196-b68a-fdb1e1554fc8,2.0,,,,,,,,,,,,,,,,,,,,,,,,,,,,,,,,,,,,,,,,,,yellow,
PLAYER_POSITIONS,309490,6/26/2026 12:57:31 PM,656b7e14-f368-4196-b68a-fdb1e1554fc8,2.0,,,,,,,,,,,,,,,,,,,,,,,,,,,,,,,,,,,"(-10.5, 0.5, -4.0)","(-10.5, 0.9, -4.1)","(-10.5, 0.3, -4.3)",
PLAYER_POSITIONS,309490,6/26/2026 12:57:31 PM,656b7e14-f368-4196-b68a-fdb1e1554fc8,2.0,,,,,,,,,,,,,,,,,,,,,,,,,,,,,,,,,,,"(-10.5, 0.5, -4.0)","(-10.5, 0.9, -4.1)","(-10.5, 0.3, -4.3)",
PLAYER_POSITIONS,309992,6/26/2026 12:57:32 PM,656b7e14-f368-4196-b68a-fdb1e1554fc8,2.0,,,,,,,,,,,,,,,,,,,,,,,,,,,,,,,,,,,"(-10.5, 0.4, -4.0)","(-10.5, 0.9, -4.1)","(-10.8, 0.4, -4.5)",
PLAYER_POSITIONS,309992,6/26/2026 12:57:32 PM,656b7e14-f368-4196-b68a-fdb1e1554fc8,2.0,,,,,,,,,,,,,,,,,,,,,,,,,,,,,,,,,,,"(-10.5, 0.4, -4.0)","(-10.5, 0.9, -4.1)","(-10.8, 0.4, -4.5)",
TAG_APPLIED,310031,6/26/2026 12:57:32 PM,656b7e14-f368-4196-b68a-fdb1e1554fc8,2.0,,,,,,,,,,,,,,,,,,,,,,,,Military PT 4,,,,,,,,,,,,,,,,,,yellow,
PLAYER_POSITIONS,310493,6/26/2026 12:57:32 PM,656b7e14-f368-4196-b68a-fdb1e1554fc8,2.0,,,,,,,,,,,,,,,,,,,,,,,,,,,,,,,,,,,"(-10.5, 0.5, -4.1)","(-10.5, 0.9, -4.1)","(-10.5, 0.3, -4.2)",
PLAYER_POSITIONS,310493,6/26/2026 12:57:32 PM,656b7e14-f368-4196-b68a-fdb1e1554fc8,2.0,,,,,,,,,,,,,,,,,,,,,,,,,,,,,,,,,,,"(-10.5, 0.5, -4.1)","(-10.5, 0.9, -4.1)","(-10.5, 0.3, -4.2)",
BAG_CLOSED,310611,6/26/2026 12:57:32 PM,656b7e14-f368-4196-b68a-fdb1e1554fc8,2.0,,,,,,,,,,,,,,,,,,,,,,,,,,,,,,,,,,,,"(0.0, 0.0, 0.0)",
PLAYER_POSITIONS,310993,6/26/2026 12:57:33 PM,656b7e14-f368-4196-b68a-fdb1e1554fc8,2.0,,,,,,,,,,,,,,,,,,,,,,,,,,,,,,,,,,,"(-10.5, 0.5, -4.0)","(-10.5, 1.0, -3.9)","(-10.5, 0.5, -4.1)",
PLAYER_POSITIONS,310993,6/26/2026 12:57:33 PM,656b7e14-f368-4196-b68a-fdb1e1554fc8,2.0,,,,,,,,,,,,,,,,,,,,,,,,,,,,,,,,,,,"(-10.5, 0.5, -4.0)","(-10.5, 1.0, -3.9)","(-10.5, 0.5, -4.1)",
PLAYER_POSITIONS,311513,6/26/2026 12:57:33 PM,656b7e14-f368-4196-b68a-fdb1e1554fc8,2.0,,,,,,,,,,,,,,,,,,,,,,,,,,,,,,,,,,,"(-10.5, 0.5, -4.0)","(-10.6, 1.0, -3.9)","(-10.5, 0.4, -4.1)",
PLAYER_POSITIONS,311513,6/26/2026 12:57:33 PM,656b7e14-f368-4196-b68a-fdb1e1554fc8,2.0,,,,,,,,,,,,,,,,,,,,,,,,,,,,,,,,,,,"(-10.5, 0.5, -4.0)","(-10.6, 1.0, -3.9)","(-10.5, 0.4, -4.1)",
PLAYER_POSITIONS,312035,6/26/2026 12:57:34 PM,656b7e14-f368-4196-b68a-fdb1e1554fc8,2.0,,,,,,,,,,,,,,,,,,,,,,,,,,,,,,,,,,,"(-10.5, 0.5, -4.1)","(-10.5, 1.1, -3.8)","(-10.6, 0.4, -3.9)",
PLAYER_POSITIONS,312035,6/26/2026 12:57:34 PM,656b7e14-f368-4196-b68a-fdb1e1554fc8,2.0,,,,,,,,,,,,,,,,,,,,,,,,,,,,,,,,,,,"(-10.5, 0.5, -4.1)","(-10.5, 1.1, -3.8)","(-10.6, 0.4, -3.9)",
AUDIO_END,312519,6/26/2026 12:57:34 PM,656b7e14-f368-4196-b68a-fdb1e1554fc8,2.0,delta squad moving,4.179592,
NARRATIVE_SECTION_END,312519,6/26/2026 12:57:34 PM,656b7e14-f368-4196-b68a-fdb1e1554fc8,2.0,,,,,,,,,,,,,,,,,,Delta Squad Moving,33,
NARRATIVE_SECTION_START,312547,6/26/2026 12:57:34 PM,656b7e14-f368-4196-b68a-fdb1e1554fc8,2.0,,,,,,,,,,,,,,,,,,Charges set delta stack up,34,
PLAYER_POSITIONS,312552,6/26/2026 12:57:34 PM,656b7e14-f368-4196-b68a-fdb1e1554fc8,2.0,,,,,,,,,,,,,,,,,,,,,,,,,,,,,,,,,,,"(-10.5, 0.5, -3.8)","(-10.5, 1.4, -4.0)","(-10.9, 0.7, -3.9)",
PLAYER_GAZE,312552,6/26/2026 12:57:34 PM,656b7e14-f368-4196-b68a-fdb1e1554fc8,2.0,,,,,,,,,,,,,,,,,,,,,,,,Military PT 4,,,,,,,,,"(0.6, 1.4, 0.8)",,,"(-11.1, 0.0, -4.7)",
PLAYER_POSITIONS,312552,6/26/2026 12:57:34 PM,656b7e14-f368-4196-b68a-fdb1e1554fc8,2.0,,,,,,,,,,,,,,,,,,,,,,,,,,,,,,,,,,,"(-10.5, 0.5, -3.8)","(-10.5, 1.4, -4.0)","(-10.9, 0.7, -3.9)",
PLAYER_GAZE,312552,6/26/2026 12:57:34 PM,656b7e14-f368-4196-b68a-fdb1e1554fc8,2.0,,,,,,,,,,,,,,,,,,,,,,,,Military PT 4,,,,,,,,,"(0.6, 1.4, 0.8)",,,"(-11.1, 0.0, -4.7)",
PLAYER_POSITIONS,313057,6/26/2026 12:57:35 PM,656b7e14-f368-4196-b68a-fdb1e1554fc8,2.0,,,,,,,,,,,,,,,,,,,,,,,,,,,,,,,,,,,"(-10.6, 0.8, -4.0)","(-11.0, 1.7, -3.8)","(-11.1, 1.0, -3.9)",
PLAYER_POSITIONS,313057,6/26/2026 12:57:35 PM,656b7e14-f368-4196-b68a-fdb1e1554fc8,2.0,,,,,,,,,,,,,,,,,,,,,,,,,,,,,,,,,,,"(-10.6, 0.8, -4.0)","(-11.0, 1.7, -3.8)","(-11.1, 1.0, -3.9)",
PLAYER_POSITIONS,313574,6/26/2026 12:57:35 PM,656b7e14-f368-4196-b68a-fdb1e1554fc8,2.0,,,,,,,,,,,,,,,,,,,,,,,,,,,,,,,,,,,"(-11.0, 0.9, -4.1)","(-10.9, 1.7, -3.8)","(-11.1, 1.0, -3.7)",
PLAYER_GAZE,313574,6/26/2026 12:57:35 PM,656b7e14-f368-4196-b68a-fdb1e1554fc8,2.0,,,,,,,,,,,,,,,,,,,,,,,,Military PT 12,,,,,,,,,"(1.9, 1.7, 0.3)",,,"(-12.8, 0.0, -4.1)",
PLAYER_POSITIONS,313574,6/26/2026 12:57:35 PM,656b7e14-f368-4196-b68a-fdb1e1554fc8,2.0,,,,,,,,,,,,,,,,,,,,,,,,,,,,,,,,,,,"(-11.0, 0.9, -4.1)","(-10.9, 1.7, -3.8)","(-11.1, 1.0, -3.7)",
PLAYER_GAZE,313574,6/26/2026 12:57:35 PM,656b7e14-f368-4196-b68a-fdb1e1554fc8,2.0,,,,,,,,,,,,,,,,,,,,,,,,Military PT 12,,,,,,,,,"(1.9, 1.7, 0.3)",,,"(-12.8, 0.0, -4.1)",
PLAYER_POSITIONS,314084,6/26/2026 12:57:36 PM,656b7e14-f368-4196-b68a-fdb1e1554fc8,2.0,,,,,,,,,,,,,,,,,,,,,,,,,,,,,,,,,,,"(-11.0, 0.9, -4.1)","(-10.9, 1.7, -3.9)","(-11.2, 1.0, -3.9)",
PLAYER_GAZE,314084,6/26/2026 12:57:36 PM,656b7e14-f368-4196-b68a-fdb1e1554fc8,2.0,,,,,,,,,,,,,,,,,,,,,,,,Military PT 12,,,,,,,,,"(1.9, 1.7, 0.2)",,,"(-12.8, 0.0, -4.1)",
PLAYER_POSITIONS,314084,6/26/2026 12:57:36 PM,656b7e14-f368-4196-b68a-fdb1e1554fc8,2.0,,,,,,,,,,,,,,,,,,,,,,,,,,,,,,,,,,,"(-11.0, 0.9, -4.1)","(-10.9, 1.7, -3.9)","(-11.2, 1.0, -3.9)",
PLAYER_GAZE,314084,6/26/2026 12:57:36 PM,656b7e14-f368-4196-b68a-fdb1e1554fc8,2.0,,,,,,,,,,,,,,,,,,,,,,,,Military PT 12,,,,,,,,,"(1.9, 1.7, 0.2)",,,"(-12.8, 0.0, -4.1)",
PLAYER_POSITIONS,314585,6/26/2026 12:57:36 PM,656b7e14-f368-4196-b68a-fdb1e1554fc8,2.0,,,,,,,,,,,,,,,,,,,,,,,,,,,,,,,,,,,"(-11.3, 0.9, -4.2)","(-11.2, 1.7, -4.1)","(-11.4, 1.0, -4.0)",
PLAYER_GAZE,314585,6/26/2026 12:57:36 PM,656b7e14-f368-4196-b68a-fdb1e1554fc8,2.0,,,,,,,,,,,,,,,,,,,,,,,,Military PT 12,,,,,,,,,"(1.6, 1.7, 0.0)",,,"(-12.8, 0.0, -4.1)",
PLAYER_POSITIONS,314585,6/26/2026 12:57:36 PM,656b7e14-f368-4196-b68a-fdb1e1554fc8,2.0,,,,,,,,,,,,,,,,,,,,,,,,,,,,,,,,,,,"(-11.3, 0.9, -4.2)","(-11.2, 1.7, -4.1)","(-11.4, 1.0, -4.0)",
PLAYER_GAZE,314585,6/26/2026 12:57:36 PM,656b7e14-f368-4196-b68a-fdb1e1554fc8,2.0,,,,,,,,,,,,,,,,,,,,,,,,Military PT 12,,,,,,,,,"(1.6, 1.7, 0.0)",,,"(-12.8, 0.0, -4.1)",
PLAYER_POSITIONS,315108,6/26/2026 12:57:37 PM,656b7e14-f368-4196-b68a-fdb1e1554fc8,2.0,,,,,,,,,,,,,,,,,,,,,,,,,,,,,,,,,,,"(-11.6, 0.9, -4.3)","(-11.5, 1.7, -4.1)","(-11.8, 1.2, -4.0)",
PLAYER_GAZE,315108,6/26/2026 12:57:37 PM,656b7e14-f368-4196-b68a-fdb1e1554fc8,2.0,,,,,,,,,,,,,,,,,,,,,,,,Military PT 12,,,,,,,,,"(1.3, 1.7, 0.0)",,,"(-12.8, 0.0, -4.1)",
PLAYER_POSITIONS,315108,6/26/2026 12:57:37 PM,656b7e14-f368-4196-b68a-fdb1e1554fc8,2.0,,,,,,,,,,,,,,,,,,,,,,,,,,,,,,,,,,,"(-11.6, 0.9, -4.3)","(-11.5, 1.7, -4.1)","(-11.8, 1.2, -4.0)",
PLAYER_GAZE,315108,6/26/2026 12:57:37 PM,656b7e14-f368-4196-b68a-fdb1e1554fc8,2.0,,,,,,,,,,,,,,,,,,,,,,,,Military PT 12,,,,,,,,,"(1.3, 1.7, 0.0)",,,"(-12.8, 0.0, -4.1)",
PATIENT_DISENGAGED,315459,6/26/2026 12:57:37 PM,656b7e14-f368-4196-b68a-fdb1e1554fc8,2.0,,,,12.68,,,,,,,,,,,,,,,,fast,100,Infinity,normal,Military PT 4,upset,kneeling,"(-11.1, -0.1, -4.7)",faint,"(0.0, 1.0, 0.0, 0.2)",normal,IMMEDIATE,still,,,,,,,,,,,,,,,,,23.48,
PATIENT_ENGAGED,315459,6/26/2026 12:57:37 PM,656b7e14-f368-4196-b68a-fdb1e1554fc8,2.0,,,,0,,,,,,,,,,,,,,,,normal,100,Infinity,normal,Military PT 12,upset,standing,"(-12.7, -0.1, -4.2)",normal,"(0.0, 0.7, 0.0, 0.7)",normal,DELAYED,still,,,,,,,,,,,,,,,,,0,
AUDIO_START,315535,6/26/2026 12:57:37 PM,656b7e14-f368-4196-b68a-fdb1e1554fc8,2.0,charges set delta stack up,3.709388,
PLAYER_POSITIONS,315618,6/26/2026 12:57:37 PM,656b7e14-f368-4196-b68a-fdb1e1554fc8,2.0,,,,,,,,,,,,,,,,,,,,,,,,,,,,,,,,,,,"(-12.0, 1.1, -4.2)","(-11.9, 1.7, -4.1)","(-12.1, 1.2, -3.9)",
PLAYER_GAZE,315618,6/26/2026 12:57:37 PM,656b7e14-f368-4196-b68a-fdb1e1554fc8,2.0,,,,,,,,,,,,,,,,,,,,,,,,Military PT 12,,,,,,,,,"(0.9, 1.7, 0.0)",,,"(-12.8, 0.0, -4.1)",
PLAYER_POSITIONS,315618,6/26/2026 12:57:37 PM,656b7e14-f368-4196-b68a-fdb1e1554fc8,2.0,,,,,,,,,,,,,,,,,,,,,,,,,,,,,,,,,,,"(-12.0, 1.1, -4.2)","(-11.9, 1.7, -4.1)","(-12.1, 1.2, -3.9)",
PLAYER_GAZE,315618,6/26/2026 12:57:37 PM,656b7e14-f368-4196-b68a-fdb1e1554fc8,2.0,,,,,,,,,,,,,,,,,,,,,,,,Military PT 12,,,,,,,,,"(0.9, 1.7, 0.0)",,,"(-12.8, 0.0, -4.1)",
PLAYER_POSITIONS,316118,6/26/2026 12:57:38 PM,656b7e14-f368-4196-b68a-fdb1e1554fc8,2.0,,,,,,,,,,,,,,,,,,,,,,,,,,,,,,,,,,,"(-12.0, 1.6, -4.1)","(-12.0, 1.7, -4.1)","(-12.3, 1.2, -3.9)",
PLAYER_GAZE,316118,6/26/2026 12:57:38 PM,656b7e14-f368-4196-b68a-fdb1e1554fc8,2.0,,,,,,,,,,,,,,,,,,,,,,,,Military PT 12,,,,,,,,,"(0.8, 1.7, 0.0)",,,"(-12.8, 0.0, -4.1)",
PLAYER_POSITIONS,316118,6/26/2026 12:57:38 PM,656b7e14-f368-4196-b68a-fdb1e1554fc8,2.0,,,,,,,,,,,,,,,,,,,,,,,,,,,,,,,,,,,"(-12.0, 1.6, -4.1)","(-12.0, 1.7, -4.1)","(-12.3, 1.2, -3.9)",
PLAYER_GAZE,316118,6/26/2026 12:57:38 PM,656b7e14-f368-4196-b68a-fdb1e1554fc8,2.0,,,,,,,,,,,,,,,,,,,,,,,,Military PT 12,,,,,,,,,"(0.8, 1.7, 0.0)",,,"(-12.8, 0.0, -4.1)",
PLAYER_POSITIONS,316627,6/26/2026 12:57:38 PM,656b7e14-f368-4196-b68a-fdb1e1554fc8,2.0,,,,,,,,,,,,,,,,,,,,,,,,,,,,,,,,,,,"(-12.0, 1.6, -4.1)","(-12.1, 1.7, -4.1)","(-12.3, 1.2, -3.9)",
PLAYER_GAZE,316627,6/26/2026 12:57:38 PM,656b7e14-f368-4196-b68a-fdb1e1554fc8,2.0,,,,,,,,,,,,,,,,,,,,,,,,Military PT 12,,,,,,,,,"(0.7, 1.7, 0.0)",,,"(-12.8, 0.0, -4.1)",
PLAYER_POSITIONS,316627,6/26/2026 12:57:38 PM,656b7e14-f368-4196-b68a-fdb1e1554fc8,2.0,,,,,,,,,,,,,,,,,,,,,,,,,,,,,,,,,,,"(-12.0, 1.6, -4.1)","(-12.1, 1.7, -4.1)","(-12.3, 1.2, -3.9)",
PLAYER_GAZE,316627,6/26/2026 12:57:38 PM,656b7e14-f368-4196-b68a-fdb1e1554fc8,2.0,,,,,,,,,,,,,,,,,,,,,,,,Military PT 12,,,,,,,,,"(0.7, 1.7, 0.0)",,,"(-12.8, 0.0, -4.1)",
PLAYER_POSITIONS,317139,6/26/2026 12:57:39 PM,656b7e14-f368-4196-b68a-fdb1e1554fc8,2.0,,,,,,,,,,,,,,,,,,,,,,,,,,,,,,,,,,,"(-12.2, 1.0, -4.3)","(-12.1, 1.6, -4.1)","(-12.2, 1.2, -3.9)",
PLAYER_POSITIONS,317139,6/26/2026 12:57:39 PM,656b7e14-f368-4196-b68a-fdb1e1554fc8,2.0,,,,,,,,,,,,,,,,,,,,,,,,,,,,,,,,,,,"(-12.2, 1.0, -4.3)","(-12.1, 1.6, -4.1)","(-12.2, 1.2, -3.9)",
PLAYER_POSITIONS,317639,6/26/2026 12:57:39 PM,656b7e14-f368-4196-b68a-fdb1e1554fc8,2.0,,,,,,,,,,,,,,,,,,,,,,,,,,,,,,,,,,,"(-12.3, 1.0, -4.4)","(-12.1, 1.7, -4.2)","(-12.3, 1.1, -3.7)",
PLAYER_POSITIONS,317639,6/26/2026 12:57:39 PM,656b7e14-f368-4196-b68a-fdb1e1554fc8,2.0,,,,,,,,,,,,,,,,,,,,,,,,,,,,,,,,,,,"(-12.3, 1.0, -4.4)","(-12.1, 1.7, -4.2)","(-12.3, 1.1, -3.7)",
PLAYER_POSITIONS,318140,6/26/2026 12:57:40 PM,656b7e14-f368-4196-b68a-fdb1e1554fc8,2.0,,,,,,,,,,,,,,,,,,,,,,,,,,,,,,,,,,,"(-12.3, 1.0, -4.3)","(-12.1, 1.7, -4.1)","(-12.3, 1.2, -3.6)",
PLAYER_POSITIONS,318140,6/26/2026 12:57:40 PM,656b7e14-f368-4196-b68a-fdb1e1554fc8,2.0,,,,,,,,,,,,,,,,,,,,,,,,,,,,,,,,,,,"(-12.3, 1.0, -4.3)","(-12.1, 1.7, -4.1)","(-12.3, 1.2, -3.6)",
TOOL_HOVER,318382,6/26/2026 12:57:40 PM,656b7e14-f368-4196-b68a-fdb1e1554fc8,2.0,,,,,,,,,,,,,,,,,,,,,,,,,,,,,,,,,,,,,,,,,,,,,,999,,Burn Dressing,
TOOL_HOVER,318582,6/26/2026 12:57:40 PM,656b7e14-f368-4196-b68a-fdb1e1554fc8,2.0,,,,,,,,,,,,,,,,,,,,,,,,,,,,,,,,,,,,,,,,,,,,,,999,,Antibiotics,
PLAYER_POSITIONS,318651,6/26/2026 12:57:40 PM,656b7e14-f368-4196-b68a-fdb1e1554fc8,2.0,,,,,,,,,,,,,,,,,,,,,,,,,,,,,,,,,,,"(-12.3, 1.0, -4.3)","(-12.0, 1.7, -4.0)","(-12.1, 1.3, -3.4)",
PLAYER_POSITIONS,318651,6/26/2026 12:57:40 PM,656b7e14-f368-4196-b68a-fdb1e1554fc8,2.0,,,,,,,,,,,,,,,,,,,,,,,,,,,,,,,,,,,"(-12.3, 1.0, -4.3)","(-12.0, 1.7, -4.0)","(-12.1, 1.3, -3.4)",
TOOL_HOVER,318771,6/26/2026 12:57:40 PM,656b7e14-f368-4196-b68a-fdb1e1554fc8,2.0,,,,,,,,,,,,,,,,,,,,,,,,,,,,,,,,,,,,,,,,,,,,,,999,,Nasal Airway,
TOOL_HOVER,318993,6/26/2026 12:57:41 PM,656b7e14-f368-4196-b68a-fdb1e1554fc8,2.0,,,,,,,,,,,,,,,,,,,,,,,,,,,,,,,,,,,,,,,,,,,,,,999,,Fox Shield,
PLAYER_POSITIONS,319151,6/26/2026 12:57:41 PM,656b7e14-f368-4196-b68a-fdb1e1554fc8,2.0,,,,,,,,,,,,,,,,,,,,,,,,,,,,,,,,,,,"(-12.3, 1.0, -4.3)","(-12.0, 1.7, -4.0)","(-12.0, 1.4, -3.5)",
PLAYER_POSITIONS,319151,6/26/2026 12:57:41 PM,656b7e14-f368-4196-b68a-fdb1e1554fc8,2.0,,,,,,,,,,,,,,,,,,,,,,,,,,,,,,,,,,,"(-12.3, 1.0, -4.3)","(-12.0, 1.7, -4.0)","(-12.0, 1.4, -3.5)",
TOOL_SELECTED,319239,6/26/2026 12:57:41 PM,656b7e14-f368-4196-b68a-fdb1e1554fc8,2.0,,,,,,,,,,,,,,,,,,,,,,,,,,,,,,,,,,,,,,,,,,,,,,998,,Fox Shield,
AUDIO_END,319241,6/26/2026 12:57:41 PM,656b7e14-f368-4196-b68a-fdb1e1554fc8,2.0,charges set delta stack up,3.709388,
NARRATIVE_SECTION_END,319241,6/26/2026 12:57:41 PM,656b7e14-f368-4196-b68a-fdb1e1554fc8,2.0,,,,,,,,,,,,,,,,,,Charges set delta stack up,34,
NARRATIVE_SECTION_START,319281,6/26/2026 12:57:41 PM,656b7e14-f368-4196-b68a-fdb1e1554fc8,2.0,,,,,,,,,,,,,,,,,,Breach and clear,35,
PLAYER_POSITIONS,319652,6/26/2026 12:57:41 PM,656b7e14-f368-4196-b68a-fdb1e1554fc8,2.0,,,,,,,,,,,,,,,,,,,,,,,,,,,,,,,,,,,"(-12.3, 1.0, -4.3)","(-12.1, 1.7, -4.1)","(-12.3, 1.3, -3.6)",
PLAYER_GAZE,319652,6/26/2026 12:57:41 PM,656b7e14-f368-4196-b68a-fdb1e1554fc8,2.0,,,,,,,,,,,,,,,,,,,,,,,,Military PT 12,,,,,,,,,"(0.7, 1.7, 0.0)",,,"(-12.8, 0.0, -4.1)",
PLAYER_POSITIONS,319652,6/26/2026 12:57:41 PM,656b7e14-f368-4196-b68a-fdb1e1554fc8,2.0,,,,,,,,,,,,,,,,,,,,,,,,,,,,,,,,,,,"(-12.3, 1.0, -4.3)","(-12.1, 1.7, -4.1)","(-12.3, 1.3, -3.6)",
PLAYER_GAZE,319652,6/26/2026 12:57:41 PM,656b7e14-f368-4196-b68a-fdb1e1554fc8,2.0,,,,,,,,,,,,,,,,,,,,,,,,Military PT 12,,,,,,,,,"(0.7, 1.7, 0.0)",,,"(-12.8, 0.0, -4.1)",
PLAYER_POSITIONS,320164,6/26/2026 12:57:42 PM,656b7e14-f368-4196-b68a-fdb1e1554fc8,2.0,,,,,,,,,,,,,,,,,,,,,,,,,,,,,,,,,,,"(-12.2, 1.0, -4.4)","(-12.1, 1.7, -4.2)","(-12.6, 1.4, -4.2)",
PLAYER_GAZE,320164,6/26/2026 12:57:42 PM,656b7e14-f368-4196-b68a-fdb1e1554fc8,2.0,,,,,,,,,,,,,,,,,,,,,,,,Military PT 12,,,,,,,,,"(0.7, 1.7, -0.1)",,,"(-12.8, 0.0, -4.1)",
PLAYER_POSITIONS,320164,6/26/2026 12:57:42 PM,656b7e14-f368-4196-b68a-fdb1e1554fc8,2.0,,,,,,,,,,,,,,,,,,,,,,,,,,,,,,,,,,,"(-12.2, 1.0, -4.4)","(-12.1, 1.7, -4.2)","(-12.6, 1.4, -4.2)",
PLAYER_GAZE,320164,6/26/2026 12:57:42 PM,656b7e14-f368-4196-b68a-fdb1e1554fc8,2.0,,,,,,,,,,,,,,,,,,,,,,,,Military PT 12,,,,,,,,,"(0.7, 1.7, -0.1)",,,"(-12.8, 0.0, -4.1)",
INJURY_TREATED,320477,6/26/2026 12:57:42 PM,656b7e14-f368-4196-b68a-fdb1e1554fc8,2.0,,,,,,,,,head,R Eye Shrapnel,"(-12.7, 1.5, -4.2)",foxShield,1,1,high,True,True,,,,,,,Military PT 12,
TOOL_APPLIED,320477,6/26/2026 12:57:42 PM,656b7e14-f368-4196-b68a-fdb1e1554fc8,2.0,,,,,,,,,,,,,,,,,,,,,,,,Military PT 12,,,,,,,,,,,,,,,,,,,,AppliedFoxShield,LeftEye (UnityEngine.GameObject),,null,Fox Shield,
PLAYER_POSITIONS,320675,6/26/2026 12:57:42 PM,656b7e14-f368-4196-b68a-fdb1e1554fc8,2.0,,,,,,,,,,,,,,,,,,,,,,,,,,,,,,,,,,,"(-12.2, 1.0, -4.4)","(-12.2, 1.7, -4.2)","(-12.6, 1.4, -4.2)",
PLAYER_GAZE,320675,6/26/2026 12:57:42 PM,656b7e14-f368-4196-b68a-fdb1e1554fc8,2.0,,,,,,,,,,,,,,,,,,,,,,,,Military PT 12,,,,,,,,,"(0.6, 1.7, -0.1)",,,"(-12.8, 0.0, -4.1)",
PLAYER_POSITIONS,320675,6/26/2026 12:57:42 PM,656b7e14-f368-4196-b68a-fdb1e1554fc8,2.0,,,,,,,,,,,,,,,,,,,,,,,,,,,,,,,,,,,"(-12.2, 1.0, -4.4)","(-12.2, 1.7, -4.2)","(-12.6, 1.4, -4.2)",
PLAYER_GAZE,320675,6/26/2026 12:57:42 PM,656b7e14-f368-4196-b68a-fdb1e1554fc8,2.0,,,,,,,,,,,,,,,,,,,,,,,,Military PT 12,,,,,,,,,"(0.6, 1.7, -0.1)",,,"(-12.8, 0.0, -4.1)",
PLAYER_POSITIONS,321187,6/26/2026 12:57:43 PM,656b7e14-f368-4196-b68a-fdb1e1554fc8,2.0,,,,,,,,,,,,,,,,,,,,,,,,,,,,,,,,,,,"(-12.2, 0.9, -4.3)","(-12.0, 1.7, -4.0)","(-12.3, 1.2, -3.6)",
PLAYER_GAZE,321187,6/26/2026 12:57:43 PM,656b7e14-f368-4196-b68a-fdb1e1554fc8,2.0,,,,,,,,,,,,,,,,,,,,,,,,Military PT 9,,,,,,,,,"(0.6, 1.7, -2.2)",,,"(-12.7, 0.0, -1.8)",
PLAYER_POSITIONS,321187,6/26/2026 12:57:43 PM,656b7e14-f368-4196-b68a-fdb1e1554fc8,2.0,,,,,,,,,,,,,,,,,,,,,,,,,,,,,,,,,,,"(-12.2, 0.9, -4.3)","(-12.0, 1.7, -4.0)","(-12.3, 1.2, -3.6)",
PLAYER_GAZE,321187,6/26/2026 12:57:43 PM,656b7e14-f368-4196-b68a-fdb1e1554fc8,2.0,,,,,,,,,,,,,,,,,,,,,,,,Military PT 9,,,,,,,,,"(0.6, 1.7, -2.2)",,,"(-12.7, 0.0, -1.8)",
TOOL_HOVER,321474,6/26/2026 12:57:43 PM,656b7e14-f368-4196-b68a-fdb1e1554fc8,2.0,,,,,,,,,,,,,,,,,,,,,,,,,,,,,,,,,,,,,,,,,,,,,,999,,IV Blood,
TOOL_HOVER,321572,6/26/2026 12:57:43 PM,656b7e14-f368-4196-b68a-fdb1e1554fc8,2.0,,,,,,,,,,,,,,,,,,,,,,,,,,,,,,,,,,,,,,,,,,,,,,999,,Antibiotics,
TOOL_HOVER,321684,6/26/2026 12:57:43 PM,656b7e14-f368-4196-b68a-fdb1e1554fc8,2.0,,,,,,,,,,,,,,,,,,,,,,,,,,,,,,,,,,,,,,,,,,,,,,998,,Fox Shield,
PLAYER_POSITIONS,321687,6/26/2026 12:57:43 PM,656b7e14-f368-4196-b68a-fdb1e1554fc8,2.0,,,,,,,,,,,,,,,,,,,,,,,,,,,,,,,,,,,"(-12.2, 1.0, -4.2)","(-12.0, 1.7, -4.0)","(-12.0, 1.4, -3.4)",
PLAYER_GAZE,321687,6/26/2026 12:57:43 PM,656b7e14-f368-4196-b68a-fdb1e1554fc8,2.0,,,,,,,,,,,,,,,,,,,,,,,,Military PT 9,,,,,,,,,"(0.7, 1.7, -2.2)",,,"(-12.7, 0.0, -1.8)",
PLAYER_POSITIONS,321687,6/26/2026 12:57:43 PM,656b7e14-f368-4196-b68a-fdb1e1554fc8,2.0,,,,,,,,,,,,,,,,,,,,,,,,,,,,,,,,,,,"(-12.2, 1.0, -4.2)","(-12.0, 1.7, -4.0)","(-12.0, 1.4, -3.4)",
PLAYER_GAZE,321687,6/26/2026 12:57:43 PM,656b7e14-f368-4196-b68a-fdb1e1554fc8,2.0,,,,,,,,,,,,,,,,,,,,,,,,Military PT 9,,,,,,,,,"(0.7, 1.7, -2.2)",,,"(-12.7, 0.0, -1.8)",
TOOL_SELECTED,321807,6/26/2026 12:57:43 PM,656b7e14-f368-4196-b68a-fdb1e1554fc8,2.0,,,,,,,,,,,,,,,,,,,,,,,,,,,,,,,,,,,,,,,,,,,,,,997,,Fox Shield,
PLAYER_POSITIONS,322198,6/26/2026 12:57:44 PM,656b7e14-f368-4196-b68a-fdb1e1554fc8,2.0,,,,,,,,,,,,,,,,,,,,,,,,,,,,,,,,,,,"(-12.2, 1.0, -4.2)","(-12.1, 1.7, -4.0)","(-12.2, 1.4, -3.6)",
PLAYER_GAZE,322198,6/26/2026 12:57:44 PM,656b7e14-f368-4196-b68a-fdb1e1554fc8,2.0,,,,,,,,,,,,,,,,,,,,,,,,Military PT 12,,,,,,,,,"(0.7, 1.7, 0.1)",,,"(-12.8, 0.0, -4.1)",
PLAYER_POSITIONS,322198,6/26/2026 12:57:44 PM,656b7e14-f368-4196-b68a-fdb1e1554fc8,2.0,,,,,,,,,,,,,,,,,,,,,,,,,,,,,,,,,,,"(-12.2, 1.0, -4.2)","(-12.1, 1.7, -4.0)","(-12.2, 1.4, -3.6)",
PLAYER_GAZE,322198,6/26/2026 12:57:44 PM,656b7e14-f368-4196-b68a-fdb1e1554fc8,2.0,,,,,,,,,,,,,,,,,,,,,,,,Military PT 12,,,,,,,,,"(0.7, 1.7, 0.1)",,,"(-12.8, 0.0, -4.1)",
BAG_CLOSED,322305,6/26/2026 12:57:44 PM,656b7e14-f368-4196-b68a-fdb1e1554fc8,2.0,,,,,,,,,,,,,,,,,,,,,,,,,,,,,,,,,,,,"(0.0, 0.0, 0.0)",
PLAYER_POSITIONS,322703,6/26/2026 12:57:44 PM,656b7e14-f368-4196-b68a-fdb1e1554fc8,2.0,,,,,,,,,,,,,,,,,,,,,,,,,,,,,,,,,,,"(-12.3, 1.0, -4.3)","(-12.2, 1.7, -4.0)","(-12.6, 1.3, -4.1)",
PLAYER_GAZE,322703,6/26/2026 12:57:44 PM,656b7e14-f368-4196-b68a-fdb1e1554fc8,2.0,,,,,,,,,,,,,,,,,,,,,,,,Military PT 12,,,,,,,,,"(0.6, 1.7, 0.1)",,,"(-12.8, 0.0, -4.1)",
PLAYER_POSITIONS,322703,6/26/2026 12:57:44 PM,656b7e14-f368-4196-b68a-fdb1e1554fc8,2.0,,,,,,,,,,,,,,,,,,,,,,,,,,,,,,,,,,,"(-12.3, 1.0, -4.3)","(-12.2, 1.7, -4.0)","(-12.6, 1.3, -4.1)",
PLAYER_GAZE,322703,6/26/2026 12:57:44 PM,656b7e14-f368-4196-b68a-fdb1e1554fc8,2.0,,,,,,,,,,,,,,,,,,,,,,,,Military PT 12,,,,,,,,,"(0.6, 1.7, 0.1)",,,"(-12.8, 0.0, -4.1)",
PLAYER_POSITIONS,323219,6/26/2026 12:57:45 PM,656b7e14-f368-4196-b68a-fdb1e1554fc8,2.0,,,,,,,,,,,,,,,,,,,,,,,,,,,,,,,,,,,"(-12.3, 1.0, -4.3)","(-12.2, 1.7, -4.1)","(-12.6, 1.4, -4.2)",
PLAYER_GAZE,323219,6/26/2026 12:57:45 PM,656b7e14-f368-4196-b68a-fdb1e1554fc8,2.0,,,,,,,,,,,,,,,,,,,,,,,,Military PT 12,,,,,,,,,"(0.6, 1.7, 0.0)",,,"(-12.8, 0.0, -4.1)",
PLAYER_POSITIONS,323219,6/26/2026 12:57:45 PM,656b7e14-f368-4196-b68a-fdb1e1554fc8,2.0,,,,,,,,,,,,,,,,,,,,,,,,,,,,,,,,,,,"(-12.3, 1.0, -4.3)","(-12.2, 1.7, -4.1)","(-12.6, 1.4, -4.2)",
PLAYER_GAZE,323219,6/26/2026 12:57:45 PM,656b7e14-f368-4196-b68a-fdb1e1554fc8,2.0,,,,,,,,,,,,,,,,,,,,,,,,Military PT 12,,,,,,,,,"(0.6, 1.7, 0.0)",,,"(-12.8, 0.0, -4.1)",
TOOL_APPLIED,323265,6/26/2026 12:57:45 PM,656b7e14-f368-4196-b68a-fdb1e1554fc8,2.0,,,,,,,,,,,,,,,,,,,,,,,,Military PT 12,,,,,,,,,,,,,,,,,,,,AppliedFoxShield,RightEye (UnityEngine.GameObject),,null,Fox Shield,
AUDIO_START,323271,6/26/2026 12:57:45 PM,656b7e14-f368-4196-b68a-fdb1e1554fc8,2.0,breach and clear,2.66449,
PLAYER_POSITIONS,323730,6/26/2026 12:57:45 PM,656b7e14-f368-4196-b68a-fdb1e1554fc8,2.0,,,,,,,,,,,,,,,,,,,,,,,,,,,,,,,,,,,"(-12.3, 1.0, -4.3)","(-12.2, 1.7, -4.1)","(-12.5, 1.3, -4.1)",
PLAYER_GAZE,323730,6/26/2026 12:57:45 PM,656b7e14-f368-4196-b68a-fdb1e1554fc8,2.0,,,,,,,,,,,,,,,,,,,,,,,,Military PT 12,,,,,,,,,"(0.6, 1.7, 0.0)",,,"(-12.8, 0.0, -4.1)",
PLAYER_POSITIONS,323730,6/26/2026 12:57:45 PM,656b7e14-f368-4196-b68a-fdb1e1554fc8,2.0,,,,,,,,,,,,,,,,,,,,,,,,,,,,,,,,,,,"(-12.3, 1.0, -4.3)","(-12.2, 1.7, -4.1)","(-12.5, 1.3, -4.1)",
PLAYER_GAZE,323730,6/26/2026 12:57:45 PM,656b7e14-f368-4196-b68a-fdb1e1554fc8,2.0,,,,,,,,,,,,,,,,,,,,,,,,Military PT 12,,,,,,,,,"(0.6, 1.7, 0.0)",,,"(-12.8, 0.0, -4.1)",
PLAYER_POSITIONS,324241,6/26/2026 12:57:46 PM,656b7e14-f368-4196-b68a-fdb1e1554fc8,2.0,,,,,,,,,,,,,,,,,,,,,,,,,,,,,,,,,,,"(-12.2, 1.0, -4.3)","(-12.0, 1.6, -4.1)","(-12.2, 1.1, -3.9)",
PLAYER_GAZE,324241,6/26/2026 12:57:46 PM,656b7e14-f368-4196-b68a-fdb1e1554fc8,2.0,,,,,,,,,,,,,,,,,,,,,,,,Military PT 12,,,,,,,,,"(0.8, 1.6, 0.0)",,,"(-12.8, 0.0, -4.1)",
PLAYER_POSITIONS,324241,6/26/2026 12:57:46 PM,656b7e14-f368-4196-b68a-fdb1e1554fc8,2.0,,,,,,,,,,,,,,,,,,,,,,,,,,,,,,,,,,,"(-12.2, 1.0, -4.3)","(-12.0, 1.6, -4.1)","(-12.2, 1.1, -3.9)",
PLAYER_GAZE,324241,6/26/2026 12:57:46 PM,656b7e14-f368-4196-b68a-fdb1e1554fc8,2.0,,,,,,,,,,,,,,,,,,,,,,,,Military PT 12,,,,,,,,,"(0.8, 1.6, 0.0)",,,"(-12.8, 0.0, -4.1)",
PLAYER_POSITIONS,324764,6/26/2026 12:57:46 PM,656b7e14-f368-4196-b68a-fdb1e1554fc8,2.0,,,,,,,,,,,,,,,,,,,,,,,,,,,,,,,,,,,"(-12.2, 1.0, -4.5)","(-12.1, 1.6, -4.3)","(-12.3, 1.0, -4.0)",
PLAYER_GAZE,324764,6/26/2026 12:57:46 PM,656b7e14-f368-4196-b68a-fdb1e1554fc8,2.0,,,,,,,,,,,,,,,,,,,,,,,,Military PT 12,,,,,,,,,"(0.7, 1.6, -0.2)",,,"(-12.8, 0.0, -4.1)",
PLAYER_POSITIONS,324764,6/26/2026 12:57:46 PM,656b7e14-f368-4196-b68a-fdb1e1554fc8,2.0,,,,,,,,,,,,,,,,,,,,,,,,,,,,,,,,,,,"(-12.2, 1.0, -4.5)","(-12.1, 1.6, -4.3)","(-12.3, 1.0, -4.0)",
PLAYER_GAZE,324764,6/26/2026 12:57:46 PM,656b7e14-f368-4196-b68a-fdb1e1554fc8,2.0,,,,,,,,,,,,,,,,,,,,,,,,Military PT 12,,,,,,,,,"(0.7, 1.6, -0.2)",,,"(-12.8, 0.0, -4.1)",
PLAYER_POSITIONS,325279,6/26/2026 12:57:47 PM,656b7e14-f368-4196-b68a-fdb1e1554fc8,2.0,,,,,,,,,,,,,,,,,,,,,,,,,,,,,,,,,,,"(-12.2, 1.0, -4.5)","(-12.1, 1.6, -4.3)","(-12.1, 1.1, -3.8)",
PLAYER_POSITIONS,325279,6/26/2026 12:57:47 PM,656b7e14-f368-4196-b68a-fdb1e1554fc8,2.0,,,,,,,,,,,,,,,,,,,,,,,,,,,,,,,,,,,"(-12.2, 1.0, -4.5)","(-12.1, 1.6, -4.3)","(-12.1, 1.1, -3.8)",
PLAYER_POSITIONS,325802,6/26/2026 12:57:47 PM,656b7e14-f368-4196-b68a-fdb1e1554fc8,2.0,,,,,,,,,,,,,,,,,,,,,,,,,,,,,,,,,,,"(-12.3, 1.0, -4.4)","(-12.0, 1.6, -4.2)","(-12.0, 1.1, -3.8)",
PLAYER_POSITIONS,325802,6/26/2026 12:57:47 PM,656b7e14-f368-4196-b68a-fdb1e1554fc8,2.0,,,,,,,,,,,,,,,,,,,,,,,,,,,,,,,,,,,"(-12.3, 1.0, -4.4)","(-12.0, 1.6, -4.2)","(-12.0, 1.1, -3.8)",
TAG_SELECTED,325934,6/26/2026 12:57:48 PM,656b7e14-f368-4196-b68a-fdb1e1554fc8,2.0,,,,,,,,,,,,,,,,,,,,,,,,,,,,,,,,,,,,,,,,,,green,
AUDIO_END,325936,6/26/2026 12:57:48 PM,656b7e14-f368-4196-b68a-fdb1e1554fc8,2.0,breach and clear,2.66449,
NARRATIVE_SECTION_END,325936,6/26/2026 12:57:48 PM,656b7e14-f368-4196-b68a-fdb1e1554fc8,2.0,,,,,,,,,,,,,,,,,,Breach and clear,35,
NARRATIVE_SECTION_START,325975,6/26/2026 12:57:48 PM,656b7e14-f368-4196-b68a-fdb1e1554fc8,2.0,,,,,,,,,,,,,,,,,,Delta 2 needs casevac,36,
BAG_CLOSED,326295,6/26/2026 12:57:48 PM,656b7e14-f368-4196-b68a-fdb1e1554fc8,2.0,,,,,,,,,,,,,,,,,,,,,,,,,,,,,,,,,,,,"(0.0, 0.0, 0.0)",
PLAYER_POSITIONS,326321,6/26/2026 12:57:48 PM,656b7e14-f368-4196-b68a-fdb1e1554fc8,2.0,,,,,,,,,,,,,,,,,,,,,,,,,,,,,,,,,,,"(-12.3, 1.0, -4.4)","(-12.1, 1.6, -4.3)","(-12.2, 1.0, -4.0)",
PLAYER_POSITIONS,326321,6/26/2026 12:57:48 PM,656b7e14-f368-4196-b68a-fdb1e1554fc8,2.0,,,,,,,,,,,,,,,,,,,,,,,,,,,,,,,,,,,"(-12.3, 1.0, -4.4)","(-12.1, 1.6, -4.3)","(-12.2, 1.0, -4.0)",
PLAYER_POSITIONS,326830,6/26/2026 12:57:48 PM,656b7e14-f368-4196-b68a-fdb1e1554fc8,2.0,,,,,,,,,,,,,,,,,,,,,,,,,,,,,,,,,,,"(-12.4, 1.0, -4.6)","(-12.3, 1.6, -4.4)","(-12.5, 1.0, -4.3)",
PLAYER_GAZE,326830,6/26/2026 12:57:48 PM,656b7e14-f368-4196-b68a-fdb1e1554fc8,2.0,,,,,,,,,,,,,,,,,,,,,,,,Military PT 12,,,,,,,,,"(0.5, 1.6, -0.3)",,,"(-12.8, 0.0, -4.1)",
PLAYER_POSITIONS,326830,6/26/2026 12:57:48 PM,656b7e14-f368-4196-b68a-fdb1e1554fc8,2.0,,,,,,,,,,,,,,,,,,,,,,,,,,,,,,,,,,,"(-12.4, 1.0, -4.6)","(-12.3, 1.6, -4.4)","(-12.5, 1.0, -4.3)",
PLAYER_GAZE,326830,6/26/2026 12:57:48 PM,656b7e14-f368-4196-b68a-fdb1e1554fc8,2.0,,,,,,,,,,,,,,,,,,,,,,,,Military PT 12,,,,,,,,,"(0.5, 1.6, -0.3)",,,"(-12.8, 0.0, -4.1)",
PLAYER_POSITIONS,327352,6/26/2026 12:57:49 PM,656b7e14-f368-4196-b68a-fdb1e1554fc8,2.0,,,,,,,,,,,,,,,,,,,,,,,,,,,,,,,,,,,"(-12.4, 1.0, -4.6)","(-12.4, 1.6, -4.5)","(-12.6, 0.9, -4.4)",
PLAYER_POSITIONS,327352,6/26/2026 12:57:49 PM,656b7e14-f368-4196-b68a-fdb1e1554fc8,2.0,,,,,,,,,,,,,,,,,,,,,,,,,,,,,,,,,,,"(-12.4, 1.0, -4.6)","(-12.4, 1.6, -4.5)","(-12.6, 0.9, -4.4)",
PLAYER_POSITIONS,327875,6/26/2026 12:57:50 PM,656b7e14-f368-4196-b68a-fdb1e1554fc8,2.0,,,,,,,,,,,,,,,,,,,,,,,,,,,,,,,,,,,"(-12.4, 0.9, -4.7)","(-12.5, 1.5, -4.5)","(-12.7, 0.8, -4.5)",
PLAYER_GAZE,327875,6/26/2026 12:57:50 PM,656b7e14-f368-4196-b68a-fdb1e1554fc8,2.0,,,,,,,,,,,,,,,,,,,,,,,,Military PT 12,,,,,,,,,"(0.3, 1.5, -0.4)",,,"(-12.8, 0.0, -4.1)",
PLAYER_POSITIONS,327875,6/26/2026 12:57:50 PM,656b7e14-f368-4196-b68a-fdb1e1554fc8,2.0,,,,,,,,,,,,,,,,,,,,,,,,,,,,,,,,,,,"(-12.4, 0.9, -4.7)","(-12.5, 1.5, -4.5)","(-12.7, 0.8, -4.5)",
PLAYER_GAZE,327875,6/26/2026 12:57:50 PM,656b7e14-f368-4196-b68a-fdb1e1554fc8,2.0,,,,,,,,,,,,,,,,,,,,,,,,Military PT 12,,,,,,,,,"(0.3, 1.5, -0.4)",,,"(-12.8, 0.0, -4.1)",
TAG_APPLIED,328032,6/26/2026 12:57:50 PM,656b7e14-f368-4196-b68a-fdb1e1554fc8,2.0,,,,,,,,,,,,,,,,,,,,,,,,Military PT 12,,,,,,,,,,,,,,,,,,green,
PLAYER_POSITIONS,328386,6/26/2026 12:57:50 PM,656b7e14-f368-4196-b68a-fdb1e1554fc8,2.0,,,,,,,,,,,,,,,,,,,,,,,,,,,,,,,,,,,"(-12.4, 0.9, -4.6)","(-12.4, 1.6, -4.5)","(-12.5, 0.8, -4.3)",
PLAYER_GAZE,328386,6/26/2026 12:57:50 PM,656b7e14-f368-4196-b68a-fdb1e1554fc8,2.0,,,,,,,,,,,,,,,,,,,,,,,,Military PT 12,,,,,,,,,"(0.4, 1.6, -0.4)",,,"(-12.8, 0.0, -4.1)",
PLAYER_POSITIONS,328386,6/26/2026 12:57:50 PM,656b7e14-f368-4196-b68a-fdb1e1554fc8,2.0,,,,,,,,,,,,,,,,,,,,,,,,,,,,,,,,,,,"(-12.4, 0.9, -4.6)","(-12.4, 1.6, -4.5)","(-12.5, 0.8, -4.3)",
PLAYER_GAZE,328386,6/26/2026 12:57:50 PM,656b7e14-f368-4196-b68a-fdb1e1554fc8,2.0,,,,,,,,,,,,,,,,,,,,,,,,Military PT 12,,,,,,,,,"(0.4, 1.6, -0.4)",,,"(-12.8, 0.0, -4.1)",
PLAYER_POSITIONS,328887,6/26/2026 12:57:51 PM,656b7e14-f368-4196-b68a-fdb1e1554fc8,2.0,,,,,,,,,,,,,,,,,,,,,,,,,,,,,,,,,,,"(-12.4, 1.0, -4.0)","(-12.2, 1.7, -4.0)","(-12.2, 1.0, -3.7)",
PLAYER_POSITIONS,328887,6/26/2026 12:57:51 PM,656b7e14-f368-4196-b68a-fdb1e1554fc8,2.0,,,,,,,,,,,,,,,,,,,,,,,,,,,,,,,,,,,"(-12.4, 1.0, -4.0)","(-12.2, 1.7, -4.0)","(-12.2, 1.0, -3.7)",
PLAYER_POSITIONS,329421,6/26/2026 12:57:51 PM,656b7e14-f368-4196-b68a-fdb1e1554fc8,2.0,,,,,,,,,,,,,,,,,,,,,,,,,,,,,,,,,,,"(-12.2, 1.0, -3.6)","(-12.0, 1.7, -3.5)","(-12.0, 1.0, -3.3)",
PLAYER_GAZE,329421,6/26/2026 12:57:51 PM,656b7e14-f368-4196-b68a-fdb1e1554fc8,2.0,,,,,,,,,,,,,,,,,,,,,,,,Military PT 9,,,,,,,,,"(0.7, 1.7, -1.7)",,,"(-12.7, 0.0, -1.8)",
PLAYER_POSITIONS,329421,6/26/2026 12:57:51 PM,656b7e14-f368-4196-b68a-fdb1e1554fc8,2.0,,,,,,,,,,,,,,,,,,,,,,,,,,,,,,,,,,,"(-12.2, 1.0, -3.6)","(-12.0, 1.7, -3.5)","(-12.0, 1.0, -3.3)",
PLAYER_GAZE,329421,6/26/2026 12:57:51 PM,656b7e14-f368-4196-b68a-fdb1e1554fc8,2.0,,,,,,,,,,,,,,,,,,,,,,,,Military PT 9,,,,,,,,,"(0.7, 1.7, -1.7)",,,"(-12.7, 0.0, -1.8)",
PLAYER_POSITIONS,329919,6/26/2026 12:57:52 PM,656b7e14-f368-4196-b68a-fdb1e1554fc8,2.0,,,,,,,,,,,,,,,,,,,,,,,,,,,,,,,,,,,"(-12.5, 1.0, -3.3)","(-12.2, 1.7, -3.3)","(-12.3, 1.0, -3.1)",
PLAYER_POSITIONS,329919,6/26/2026 12:57:52 PM,656b7e14-f368-4196-b68a-fdb1e1554fc8,2.0,,,,,,,,,,,,,,,,,,,,,,,,,,,,,,,,,,,"(-12.5, 1.0, -3.3)","(-12.2, 1.7, -3.3)","(-12.3, 1.0, -3.1)",
AUDIO_START,329947,6/26/2026 12:57:52 PM,656b7e14-f368-4196-b68a-fdb1e1554fc8,2.0,delta 2 needs casevac,4.571429,
PLAYER_POSITIONS,330452,6/26/2026 12:57:52 PM,656b7e14-f368-4196-b68a-fdb1e1554fc8,2.0,,,,,,,,,,,,,,,,,,,,,,,,,,,,,,,,,,,"(-12.7, 1.0, -3.1)","(-12.5, 1.7, -3.1)","(-12.6, 1.0, -2.9)",
PLAYER_POSITIONS,330452,6/26/2026 12:57:52 PM,656b7e14-f368-4196-b68a-fdb1e1554fc8,2.0,,,,,,,,,,,,,,,,,,,,,,,,,,,,,,,,,,,"(-12.7, 1.0, -3.1)","(-12.5, 1.7, -3.1)","(-12.6, 1.0, -2.9)",
PLAYER_POSITIONS,330962,6/26/2026 12:57:53 PM,656b7e14-f368-4196-b68a-fdb1e1554fc8,2.0,,,,,,,,,,,,,,,,,,,,,,,,,,,,,,,,,,,"(-13.0, 1.0, -3.0)","(-12.8, 1.7, -2.9)","(-12.9, 1.0, -2.7)",
PLAYER_POSITIONS,330962,6/26/2026 12:57:53 PM,656b7e14-f368-4196-b68a-fdb1e1554fc8,2.0,,,,,,,,,,,,,,,,,,,,,,,,,,,,,,,,,,,"(-13.0, 1.0, -3.0)","(-12.8, 1.7, -2.9)","(-12.9, 1.0, -2.7)",
PLAYER_POSITIONS,331472,6/26/2026 12:57:53 PM,656b7e14-f368-4196-b68a-fdb1e1554fc8,2.0,,,,,,,,,,,,,,,,,,,,,,,,,,,,,,,,,,,"(-13.4, 1.0, -2.9)","(-13.2, 1.7, -2.9)","(-13.3, 1.0, -2.7)",
PLAYER_POSITIONS,331472,6/26/2026 12:57:53 PM,656b7e14-f368-4196-b68a-fdb1e1554fc8,2.0,,,,,,,,,,,,,,,,,,,,,,,,,,,,,,,,,,,"(-13.4, 1.0, -2.9)","(-13.2, 1.7, -2.9)","(-13.3, 1.0, -2.7)",
PLAYER_POSITIONS,331995,6/26/2026 12:57:54 PM,656b7e14-f368-4196-b68a-fdb1e1554fc8,2.0,,,,,,,,,,,,,,,,,,,,,,,,,,,,,,,,,,,"(-13.8, 1.0, -2.8)","(-13.7, 1.7, -2.8)","(-13.7, 1.1, -2.5)",
PLAYER_POSITIONS,331995,6/26/2026 12:57:54 PM,656b7e14-f368-4196-b68a-fdb1e1554fc8,2.0,,,,,,,,,,,,,,,,,,,,,,,,,,,,,,,,,,,"(-13.8, 1.0, -2.8)","(-13.7, 1.7, -2.8)","(-13.7, 1.1, -2.5)",
PATIENT_DISENGAGED,332125,6/26/2026 12:57:54 PM,656b7e14-f368-4196-b68a-fdb1e1554fc8,2.0,,,,16.69,,,,,,,,,,,,,,,,normal,100,Infinity,normal,Military PT 12,upset,standing,"(-12.7, -0.1, -4.2)",normal,"(0.0, 0.7, 0.0, 0.7)",normal,DELAYED,still,,,,,,,,,,,,,,,,,16.69,
PLAYER_POSITIONS,332507,6/26/2026 12:57:54 PM,656b7e14-f368-4196-b68a-fdb1e1554fc8,2.0,,,,,,,,,,,,,,,,,,,,,,,,,,,,,,,,,,,"(-14.1, 1.0, -2.6)","(-14.0, 1.7, -2.5)","(-14.0, 1.1, -2.2)",
PLAYER_POSITIONS,332507,6/26/2026 12:57:54 PM,656b7e14-f368-4196-b68a-fdb1e1554fc8,2.0,,,,,,,,,,,,,,,,,,,,,,,,,,,,,,,,,,,"(-14.1, 1.0, -2.6)","(-14.0, 1.7, -2.5)","(-14.0, 1.1, -2.2)",
PATIENT_ENGAGED,332727,6/26/2026 12:57:54 PM,656b7e14-f368-4196-b68a-fdb1e1554fc8,2.0,,,,0,,,,,,,,,,,,,,,,fast,100,Infinity,normal,Civilian PT 8,upset,sittingGround,"(-15.8, -0.1, -1.8)",fast,"(0.0, 0.4, 0.0, 0.9)",normal,IMMEDIATE,still,,,,,,,,,,,,,,,,,14.21,
PATIENT_DISENGAGED,332755,6/26/2026 12:57:54 PM,656b7e14-f368-4196-b68a-fdb1e1554fc8,2.0,,,,0.02,,,,,,,,,,,,,,,,fast,100,Infinity,normal,Civilian PT 8,upset,sittingGround,"(-15.8, -0.1, -1.8)",fast,"(0.0, 0.4, 0.0, 0.9)",normal,IMMEDIATE,still,,,,,,,,,,,,,,,,,14.24,
PATIENT_ENGAGED,332772,6/26/2026 12:57:54 PM,656b7e14-f368-4196-b68a-fdb1e1554fc8,2.0,,,,0,,,,,,,,,,,,,,,,fast,100,Infinity,normal,Civilian PT 8,upset,sittingGround,"(-15.8, -0.1, -1.8)",fast,"(0.0, 0.4, 0.0, 0.9)",normal,IMMEDIATE,still,,,,,,,,,,,,,,,,,14.24,
PATIENT_DISENGAGED,332794,6/26/2026 12:57:54 PM,656b7e14-f368-4196-b68a-fdb1e1554fc8,2.0,,,,0.02,,,,,,,,,,,,,,,,fast,100,Infinity,normal,Civilian PT 8,upset,sittingGround,"(-15.8, -0.1, -1.8)",fast,"(0.0, 0.4, 0.0, 0.9)",normal,IMMEDIATE,still,,,,,,,,,,,,,,,,,14.26,
PATIENT_ENGAGED,332816,6/26/2026 12:57:54 PM,656b7e14-f368-4196-b68a-fdb1e1554fc8,2.0,,,,0,,,,,,,,,,,,,,,,fast,100,Infinity,normal,Civilian PT 8,upset,sittingGround,"(-15.8, -0.1, -1.8)",fast,"(0.0, 0.4, 0.0, 0.9)",normal,IMMEDIATE,still,,,,,,,,,,,,,,,,,14.26,
PATIENT_DISENGAGED,332838,6/26/2026 12:57:54 PM,656b7e14-f368-4196-b68a-fdb1e1554fc8,2.0,,,,0.02,,,,,,,,,,,,,,,,fast,100,Infinity,normal,Civilian PT 8,upset,sittingGround,"(-15.8, -0.1, -1.8)",fast,"(0.0, 0.4, 0.0, 0.9)",normal,IMMEDIATE,still,,,,,,,,,,,,,,,,,14.28,
PATIENT_ENGAGED,332861,6/26/2026 12:57:54 PM,656b7e14-f368-4196-b68a-fdb1e1554fc8,2.0,,,,0,,,,,,,,,,,,,,,,fast,100,Infinity,normal,Civilian PT 8,upset,sittingGround,"(-15.8, -0.1, -1.8)",fast,"(0.0, 0.4, 0.0, 0.9)",normal,IMMEDIATE,still,,,,,,,,,,,,,,,,,14.28,
PLAYER_POSITIONS,333020,6/26/2026 12:57:55 PM,656b7e14-f368-4196-b68a-fdb1e1554fc8,2.0,,,,,,,,,,,,,,,,,,,,,,,,,,,,,,,,,,,"(-14.3, 1.0, -2.4)","(-14.1, 1.6, -2.2)","(-14.3, 1.1, -2.0)",
PLAYER_POSITIONS,333020,6/26/2026 12:57:55 PM,656b7e14-f368-4196-b68a-fdb1e1554fc8,2.0,,,,,,,,,,,,,,,,,,,,,,,,,,,,,,,,,,,"(-14.3, 1.0, -2.4)","(-14.1, 1.6, -2.2)","(-14.3, 1.1, -2.0)",
PLAYER_POSITIONS,333541,6/26/2026 12:57:55 PM,656b7e14-f368-4196-b68a-fdb1e1554fc8,2.0,,,,,,,,,,,,,,,,,,,,,,,,,,,,,,,,,,,"(-14.4, 1.0, -2.3)","(-14.3, 1.6, -2.1)","(-14.3, 1.0, -1.8)",
PLAYER_POSITIONS,333541,6/26/2026 12:57:55 PM,656b7e14-f368-4196-b68a-fdb1e1554fc8,2.0,,,,,,,,,,,,,,,,,,,,,,,,,,,,,,,,,,,"(-14.4, 1.0, -2.3)","(-14.3, 1.6, -2.1)","(-14.3, 1.0, -1.8)",
PLAYER_POSITIONS,334048,6/26/2026 12:57:56 PM,656b7e14-f368-4196-b68a-fdb1e1554fc8,2.0,,,,,,,,,,,,,,,,,,,,,,,,,,,,,,,,,,,"(-14.7, 1.0, -2.3)","(-14.6, 1.6, -2.1)","(-14.8, 1.0, -1.8)",
PLAYER_POSITIONS,334048,6/26/2026 12:57:56 PM,656b7e14-f368-4196-b68a-fdb1e1554fc8,2.0,,,,,,,,,,,,,,,,,,,,,,,,,,,,,,,,,,,"(-14.7, 1.0, -2.3)","(-14.6, 1.6, -2.1)","(-14.8, 1.0, -1.8)",
AUDIO_END,334547,6/26/2026 12:57:56 PM,656b7e14-f368-4196-b68a-fdb1e1554fc8,2.0,delta 2 needs casevac,4.571429,
NARRATIVE_SECTION_END,334547,6/26/2026 12:57:56 PM,656b7e14-f368-4196-b68a-fdb1e1554fc8,2.0,,,,,,,,,,,,,,,,,,Delta 2 needs casevac,36,
NARRATIVE_SECTION_START,334565,6/26/2026 12:57:56 PM,656b7e14-f368-4196-b68a-fdb1e1554fc8,2.0,,,,,,,,,,,,,,,,,,Copy Delta casevac 12 mikes,37,
PLAYER_POSITIONS,334570,6/26/2026 12:57:56 PM,656b7e14-f368-4196-b68a-fdb1e1554fc8,2.0,,,,,,,,,,,,,,,,,,,,,,,,,,,,,,,,,,,"(-15.0, 1.0, -2.4)","(-14.9, 1.6, -2.1)","(-15.1, 0.9, -1.7)",
PLAYER_POSITIONS,334570,6/26/2026 12:57:56 PM,656b7e14-f368-4196-b68a-fdb1e1554fc8,2.0,,,,,,,,,,,,,,,,,,,,,,,,,,,,,,,,,,,"(-15.0, 1.0, -2.4)","(-14.9, 1.6, -2.1)","(-15.1, 0.9, -1.7)",
PLAYER_POSITIONS,335091,6/26/2026 12:57:57 PM,656b7e14-f368-4196-b68a-fdb1e1554fc8,2.0,,,,,,,,,,,,,,,,,,,,,,,,,,,,,,,,,,,"(-15.1, 1.0, -2.2)","(-15.1, 1.6, -2.0)","(-15.2, 0.9, -1.6)",
PLAYER_GAZE,335091,6/26/2026 12:57:57 PM,656b7e14-f368-4196-b68a-fdb1e1554fc8,2.0,,,,,,,,,,,,,,,,,,,,,,,,Civilian PT 8,,,,,,,,,"(0.7, 1.6, -0.1)",,,"(-15.8, 0.0, -1.8)",
PLAYER_POSITIONS,335091,6/26/2026 12:57:57 PM,656b7e14-f368-4196-b68a-fdb1e1554fc8,2.0,,,,,,,,,,,,,,,,,,,,,,,,,,,,,,,,,,,"(-15.1, 1.0, -2.2)","(-15.1, 1.6, -2.0)","(-15.2, 0.9, -1.6)",
PLAYER_GAZE,335091,6/26/2026 12:57:57 PM,656b7e14-f368-4196-b68a-fdb1e1554fc8,2.0,,,,,,,,,,,,,,,,,,,,,,,,Civilian PT 8,,,,,,,,,"(0.7, 1.6, -0.1)",,,"(-15.8, 0.0, -1.8)",
AUDIO_START,335565,6/26/2026 12:57:57 PM,656b7e14-f368-4196-b68a-fdb1e1554fc8,2.0,copy delta casevac 12 mikes,4.571429,
PLAYER_POSITIONS,335607,6/26/2026 12:57:57 PM,656b7e14-f368-4196-b68a-fdb1e1554fc8,2.0,,,,,,,,,,,,,,,,,,,,,,,,,,,,,,,,,,,"(-15.3, 1.0, -2.1)","(-15.2, 1.6, -1.8)","(-15.4, 0.9, -1.5)",
PLAYER_POSITIONS,335607,6/26/2026 12:57:57 PM,656b7e14-f368-4196-b68a-fdb1e1554fc8,2.0,,,,,,,,,,,,,,,,,,,,,,,,,,,,,,,,,,,"(-15.3, 1.0, -2.1)","(-15.2, 1.6, -1.8)","(-15.4, 0.9, -1.5)",
BAG_CLOSED,335845,6/26/2026 12:57:57 PM,656b7e14-f368-4196-b68a-fdb1e1554fc8,2.0,,,,,,,,,,,,,,,,,,,,,,,,,,,,,,,,,,,,"(0.0, 0.0, 0.0)",
PLAYER_POSITIONS,336117,6/26/2026 12:57:58 PM,656b7e14-f368-4196-b68a-fdb1e1554fc8,2.0,,,,,,,,,,,,,,,,,,,,,,,,,,,,,,,,,,,"(-15.4, 0.9, -2.0)","(-15.4, 1.5, -1.7)","(-15.7, 1.0, -1.5)",
PLAYER_POSITIONS,336117,6/26/2026 12:57:58 PM,656b7e14-f368-4196-b68a-fdb1e1554fc8,2.0,,,,,,,,,,,,,,,,,,,,,,,,,,,,,,,,,,,"(-15.4, 0.9, -2.0)","(-15.4, 1.5, -1.7)","(-15.7, 1.0, -1.5)",
PLAYER_POSITIONS,336639,6/26/2026 12:57:58 PM,656b7e14-f368-4196-b68a-fdb1e1554fc8,2.0,,,,,,,,,,,,,,,,,,,,,,,,,,,,,,,,,,,"(-15.4, 0.9, -2.1)","(-15.6, 1.4, -1.9)","(-15.5, 0.8, -1.6)",
PLAYER_GAZE,336639,6/26/2026 12:57:58 PM,656b7e14-f368-4196-b68a-fdb1e1554fc8,2.0,,,,,,,,,,,,,,,,,,,,,,,,Civilian PT 8,,,,,,,,,"(0.2, 1.4, 0.0)",,,"(-15.8, 0.0, -1.8)",
PLAYER_POSITIONS,336639,6/26/2026 12:57:58 PM,656b7e14-f368-4196-b68a-fdb1e1554fc8,2.0,,,,,,,,,,,,,,,,,,,,,,,,,,,,,,,,,,,"(-15.4, 0.9, -2.1)","(-15.6, 1.4, -1.9)","(-15.5, 0.8, -1.6)",
PLAYER_GAZE,336639,6/26/2026 12:57:58 PM,656b7e14-f368-4196-b68a-fdb1e1554fc8,2.0,,,,,,,,,,,,,,,,,,,,,,,,Civilian PT 8,,,,,,,,,"(0.2, 1.4, 0.0)",,,"(-15.8, 0.0, -1.8)",
PLAYER_POSITIONS,337160,6/26/2026 12:57:59 PM,656b7e14-f368-4196-b68a-fdb1e1554fc8,2.0,,,,,,,,,,,,,,,,,,,,,,,,,,,,,,,,,,,"(-15.5, 0.7, -2.1)","(-15.6, 1.2, -1.9)","(-15.7, 0.7, -1.6)",
PLAYER_GAZE,337160,6/26/2026 12:57:59 PM,656b7e14-f368-4196-b68a-fdb1e1554fc8,2.0,,,,,,,,,,,,,,,,,,,,,,,,Civilian PT 8,,,,,,,,,"(0.2, 1.2, -0.1)",,,"(-15.8, 0.0, -1.8)",
PLAYER_POSITIONS,337160,6/26/2026 12:57:59 PM,656b7e14-f368-4196-b68a-fdb1e1554fc8,2.0,,,,,,,,,,,,,,,,,,,,,,,,,,,,,,,,,,,"(-15.5, 0.7, -2.1)","(-15.6, 1.2, -1.9)","(-15.7, 0.7, -1.6)",
PLAYER_GAZE,337160,6/26/2026 12:57:59 PM,656b7e14-f368-4196-b68a-fdb1e1554fc8,2.0,,,,,,,,,,,,,,,,,,,,,,,,Civilian PT 8,,,,,,,,,"(0.2, 1.2, -0.1)",,,"(-15.8, 0.0, -1.8)",
PLAYER_POSITIONS,337664,6/26/2026 12:57:59 PM,656b7e14-f368-4196-b68a-fdb1e1554fc8,2.0,,,,,,,,,,,,,,,,,,,,,,,,,,,,,,,,,,,"(-15.4, 0.7, -2.1)","(-15.6, 1.2, -1.9)","(-15.7, 0.7, -1.6)",
PLAYER_GAZE,337664,6/26/2026 12:57:59 PM,656b7e14-f368-4196-b68a-fdb1e1554fc8,2.0,,,,,,,,,,,,,,,,,,,,,,,,Civilian PT 8,,,,,,,,,"(0.2, 1.2, -0.1)",,,"(-15.8, 0.0, -1.8)",
PLAYER_POSITIONS,337664,6/26/2026 12:57:59 PM,656b7e14-f368-4196-b68a-fdb1e1554fc8,2.0,,,,,,,,,,,,,,,,,,,,,,,,,,,,,,,,,,,"(-15.4, 0.7, -2.1)","(-15.6, 1.2, -1.9)","(-15.7, 0.7, -1.6)",
PLAYER_GAZE,337664,6/26/2026 12:57:59 PM,656b7e14-f368-4196-b68a-fdb1e1554fc8,2.0,,,,,,,,,,,,,,,,,,,,,,,,Civilian PT 8,,,,,,,,,"(0.2, 1.2, -0.1)",,,"(-15.8, 0.0, -1.8)",
PLAYER_POSITIONS,338174,6/26/2026 12:58:00 PM,656b7e14-f368-4196-b68a-fdb1e1554fc8,2.0,,,,,,,,,,,,,,,,,,,,,,,,,,,,,,,,,,,"(-15.4, 0.6, -2.1)","(-15.6, 1.2, -1.9)","(-15.7, 0.7, -1.6)",
PLAYER_POSITIONS,338174,6/26/2026 12:58:00 PM,656b7e14-f368-4196-b68a-fdb1e1554fc8,2.0,,,,,,,,,,,,,,,,,,,,,,,,,,,,,,,,,,,"(-15.4, 0.6, -2.1)","(-15.6, 1.2, -1.9)","(-15.7, 0.7, -1.6)",
TOOL_HOVER,338371,6/26/2026 12:58:00 PM,656b7e14-f368-4196-b68a-fdb1e1554fc8,2.0,,,,,,,,,,,,,,,,,,,,,,,,,,,,,,,,,,,,,,,,,,,,,,995,,Tourniquet,
TOOL_HOVER,338492,6/26/2026 12:58:00 PM,656b7e14-f368-4196-b68a-fdb1e1554fc8,2.0,,,,,,,,,,,,,,,,,,,,,,,,,,,,,,,,,,,,,,,,,,,,,,999,,Gauze Wrap,
PLAYER_POSITIONS,338694,6/26/2026 12:58:00 PM,656b7e14-f368-4196-b68a-fdb1e1554fc8,2.0,,,,,,,,,,,,,,,,,,,,,,,,,,,,,,,,,,,"(-15.4, 0.6, -2.1)","(-15.7, 1.1, -1.9)","(-15.9, 0.6, -1.6)",
PLAYER_GAZE,338694,6/26/2026 12:58:00 PM,656b7e14-f368-4196-b68a-fdb1e1554fc8,2.0,,,,,,,,,,,,,,,,,,,,,,,,Civilian PT 8,,,,,,,,,"(0.1, 1.1, -0.1)",,,"(-15.8, 0.0, -1.8)",
PLAYER_POSITIONS,338694,6/26/2026 12:58:00 PM,656b7e14-f368-4196-b68a-fdb1e1554fc8,2.0,,,,,,,,,,,,,,,,,,,,,,,,,,,,,,,,,,,"(-15.4, 0.6, -2.1)","(-15.7, 1.1, -1.9)","(-15.9, 0.6, -1.6)",
PLAYER_GAZE,338694,6/26/2026 12:58:00 PM,656b7e14-f368-4196-b68a-fdb1e1554fc8,2.0,,,,,,,,,,,,,,,,,,,,,,,,Civilian PT 8,,,,,,,,,"(0.1, 1.1, -0.1)",,,"(-15.8, 0.0, -1.8)",
TOOL_SELECTED,338781,6/26/2026 12:58:00 PM,656b7e14-f368-4196-b68a-fdb1e1554fc8,2.0,,,,,,,,,,,,,,,,,,,,,,,,,,,,,,,,,,,,,,,,,,,,,,998,,Gauze Wrap,
PLAYER_POSITIONS,339215,6/26/2026 12:58:01 PM,656b7e14-f368-4196-b68a-fdb1e1554fc8,2.0,,,,,,,,,,,,,,,,,,,,,,,,,,,,,,,,,,,"(-15.4, 0.6, -2.1)","(-15.7, 1.1, -2.0)","(-15.8, 0.5, -1.9)",
PLAYER_POSITIONS,339215,6/26/2026 12:58:01 PM,656b7e14-f368-4196-b68a-fdb1e1554fc8,2.0,,,,,,,,,,,,,,,,,,,,,,,,,,,,,,,,,,,"(-15.4, 0.6, -2.1)","(-15.7, 1.1, -2.0)","(-15.8, 0.5, -1.9)",
PLAYER_POSITIONS,339734,6/26/2026 12:58:01 PM,656b7e14-f368-4196-b68a-fdb1e1554fc8,2.0,,,,,,,,,,,,,,,,,,,,,,,,,,,,,,,,,,,"(-15.3, 0.6, -2.2)","(-15.7, 1.0, -2.2)","(-15.8, 0.4, -2.2)",
PLAYER_POSITIONS,339734,6/26/2026 12:58:01 PM,656b7e14-f368-4196-b68a-fdb1e1554fc8,2.0,,,,,,,,,,,,,,,,,,,,,,,,,,,,,,,,,,,"(-15.3, 0.6, -2.2)","(-15.7, 1.0, -2.2)","(-15.8, 0.4, -2.2)",
INJURY_TREATED,339756,6/26/2026 12:58:01 PM,656b7e14-f368-4196-b68a-fdb1e1554fc8,2.0,,,,,,,,,chest,R Shoulder Puncture,"(-15.7, 0.4, -2.2)",woundpack,1,2,medium,True,True,,,,,,,Civilian PT 8,
TOOL_APPLIED,339758,6/26/2026 12:58:01 PM,656b7e14-f368-4196-b68a-fdb1e1554fc8,2.0,,,,,,,,,,,,,,,,,,,,,,,,Civilian PT 8,,,,,,,,,,,,,,,,,,,,AppliedGauzeWrap,skinCollider_BodyLOD (UnityEngine.GameObject),,Gauze Wrap(Clone) (UnityEngine.GameObject),Gauze Wrap,
AUDIO_END,340142,6/26/2026 12:58:02 PM,656b7e14-f368-4196-b68a-fdb1e1554fc8,2.0,copy delta casevac 12 mikes,4.571429,
NARRATIVE_SECTION_END,340142,6/26/2026 12:58:02 PM,656b7e14-f368-4196-b68a-fdb1e1554fc8,2.0,,,,,,,,,,,,,,,,,,Copy Delta casevac 12 mikes,37,
NARRATIVE_SECTION_START,340161,6/26/2026 12:58:02 PM,656b7e14-f368-4196-b68a-fdb1e1554fc8,2.0,,,,,,,,,,,,,,,,,,Affirmate Delta west exit casevac,38,
PLAYER_POSITIONS,340232,6/26/2026 12:58:02 PM,656b7e14-f368-4196-b68a-fdb1e1554fc8,2.0,,,,,,,,,,,,,,,,,,,,,,,,,,,,,,,,,,,"(-15.4, 0.6, -2.2)","(-15.7, 1.1, -2.1)","(-15.6, 0.4, -1.9)",
PLAYER_POSITIONS,340232,6/26/2026 12:58:02 PM,656b7e14-f368-4196-b68a-fdb1e1554fc8,2.0,,,,,,,,,,,,,,,,,,,,,,,,,,,,,,,,,,,"(-15.4, 0.6, -2.2)","(-15.7, 1.1, -2.1)","(-15.6, 0.4, -1.9)",
PLAYER_POSITIONS,340742,6/26/2026 12:58:02 PM,656b7e14-f368-4196-b68a-fdb1e1554fc8,2.0,,,,,,,,,,,,,,,,,,,,,,,,,,,,,,,,,,,"(-15.5, 0.7, -2.1)","(-15.6, 1.2, -1.9)","(-15.6, 0.7, -1.6)",
PLAYER_GAZE,340742,6/26/2026 12:58:02 PM,656b7e14-f368-4196-b68a-fdb1e1554fc8,2.0,,,,,,,,,,,,,,,,,,,,,,,,Civilian PT 8,,,,,,,,,"(0.2, 1.2, -0.1)",,,"(-15.8, 0.0, -1.8)",
PLAYER_POSITIONS,340742,6/26/2026 12:58:02 PM,656b7e14-f368-4196-b68a-fdb1e1554fc8,2.0,,,,,,,,,,,,,,,,,,,,,,,,,,,,,,,,,,,"(-15.5, 0.7, -2.1)","(-15.6, 1.2, -1.9)","(-15.6, 0.7, -1.6)",
PLAYER_GAZE,340742,6/26/2026 12:58:02 PM,656b7e14-f368-4196-b68a-fdb1e1554fc8,2.0,,,,,,,,,,,,,,,,,,,,,,,,Civilian PT 8,,,,,,,,,"(0.2, 1.2, -0.1)",,,"(-15.8, 0.0, -1.8)",
PLAYER_POSITIONS,341253,6/26/2026 12:58:03 PM,656b7e14-f368-4196-b68a-fdb1e1554fc8,2.0,,,,,,,,,,,,,,,,,,,,,,,,,,,,,,,,,,,"(-15.4, 0.7, -2.1)","(-15.6, 1.2, -1.9)","(-15.6, 0.6, -1.8)",
PLAYER_GAZE,341253,6/26/2026 12:58:03 PM,656b7e14-f368-4196-b68a-fdb1e1554fc8,2.0,,,,,,,,,,,,,,,,,,,,,,,,Civilian PT 8,,,,,,,,,"(0.2, 1.2, 0.0)",,,"(-15.8, 0.0, -1.8)",
PLAYER_POSITIONS,341253,6/26/2026 12:58:03 PM,656b7e14-f368-4196-b68a-fdb1e1554fc8,2.0,,,,,,,,,,,,,,,,,,,,,,,,,,,,,,,,,,,"(-15.4, 0.7, -2.1)","(-15.6, 1.2, -1.9)","(-15.6, 0.6, -1.8)",
PLAYER_GAZE,341253,6/26/2026 12:58:03 PM,656b7e14-f368-4196-b68a-fdb1e1554fc8,2.0,,,,,,,,,,,,,,,,,,,,,,,,Civilian PT 8,,,,,,,,,"(0.2, 1.2, 0.0)",,,"(-15.8, 0.0, -1.8)",
PLAYER_POSITIONS,341775,6/26/2026 12:58:03 PM,656b7e14-f368-4196-b68a-fdb1e1554fc8,2.0,,,,,,,,,,,,,,,,,,,,,,,,,,,,,,,,,,,"(-15.4, 0.7, -2.1)","(-15.6, 1.2, -1.9)","(-15.6, 0.6, -1.8)",
PLAYER_GAZE,341775,6/26/2026 12:58:03 PM,656b7e14-f368-4196-b68a-fdb1e1554fc8,2.0,,,,,,,,,,,,,,,,,,,,,,,,Civilian PT 8,,,,,,,,,"(0.2, 1.2, -0.1)",,,"(-15.8, 0.0, -1.8)",
PLAYER_POSITIONS,341775,6/26/2026 12:58:03 PM,656b7e14-f368-4196-b68a-fdb1e1554fc8,2.0,,,,,,,,,,,,,,,,,,,,,,,,,,,,,,,,,,,"(-15.4, 0.7, -2.1)","(-15.6, 1.2, -1.9)","(-15.6, 0.6, -1.8)",
PLAYER_GAZE,341775,6/26/2026 12:58:03 PM,656b7e14-f368-4196-b68a-fdb1e1554fc8,2.0,,,,,,,,,,,,,,,,,,,,,,,,Civilian PT 8,,,,,,,,,"(0.2, 1.2, -0.1)",,,"(-15.8, 0.0, -1.8)",
PLAYER_POSITIONS,342297,6/26/2026 12:58:04 PM,656b7e14-f368-4196-b68a-fdb1e1554fc8,2.0,,,,,,,,,,,,,,,,,,,,,,,,,,,,,,,,,,,"(-15.4, 0.7, -2.1)","(-15.6, 1.2, -1.9)","(-15.6, 0.6, -1.7)",
PLAYER_GAZE,342297,6/26/2026 12:58:04 PM,656b7e14-f368-4196-b68a-fdb1e1554fc8,2.0,,,,,,,,,,,,,,,,,,,,,,,,Civilian PT 8,,,,,,,,,"(0.2, 1.2, -0.1)",,,"(-15.8, 0.0, -1.8)",
PLAYER_POSITIONS,342297,6/26/2026 12:58:04 PM,656b7e14-f368-4196-b68a-fdb1e1554fc8,2.0,,,,,,,,,,,,,,,,,,,,,,,,,,,,,,,,,,,"(-15.4, 0.7, -2.1)","(-15.6, 1.2, -1.9)","(-15.6, 0.6, -1.7)",
PLAYER_GAZE,342297,6/26/2026 12:58:04 PM,656b7e14-f368-4196-b68a-fdb1e1554fc8,2.0,,,,,,,,,,,,,,,,,,,,,,,,Civilian PT 8,,,,,,,,,"(0.2, 1.2, -0.1)",,,"(-15.8, 0.0, -1.8)",
PLAYER_POSITIONS,342818,6/26/2026 12:58:04 PM,656b7e14-f368-4196-b68a-fdb1e1554fc8,2.0,,,,,,,,,,,,,,,,,,,,,,,,,,,,,,,,,,,"(-15.4, 0.7, -2.1)","(-15.6, 1.2, -1.9)","(-15.6, 0.7, -1.7)",
PLAYER_GAZE,342818,6/26/2026 12:58:04 PM,656b7e14-f368-4196-b68a-fdb1e1554fc8,2.0,,,,,,,,,,,,,,,,,,,,,,,,Civilian PT 8,,,,,,,,,"(0.2, 1.2, -0.1)",,,"(-15.8, 0.0, -1.8)",
PLAYER_POSITIONS,342818,6/26/2026 12:58:04 PM,656b7e14-f368-4196-b68a-fdb1e1554fc8,2.0,,,,,,,,,,,,,,,,,,,,,,,,,,,,,,,,,,,"(-15.4, 0.7, -2.1)","(-15.6, 1.2, -1.9)","(-15.6, 0.7, -1.7)",
PLAYER_GAZE,342818,6/26/2026 12:58:04 PM,656b7e14-f368-4196-b68a-fdb1e1554fc8,2.0,,,,,,,,,,,,,,,,,,,,,,,,Civilian PT 8,,,,,,,,,"(0.2, 1.2, -0.1)",,,"(-15.8, 0.0, -1.8)",
TAG_SELECTED,342861,6/26/2026 12:58:04 PM,656b7e14-f368-4196-b68a-fdb1e1554fc8,2.0,,,,,,,,,,,,,,,,,,,,,,,,,,,,,,,,,,,,,,,,,,red,
BAG_CLOSED,343117,6/26/2026 12:58:05 PM,656b7e14-f368-4196-b68a-fdb1e1554fc8,2.0,,,,,,,,,,,,,,,,,,,,,,,,,,,,,,,,,,,,"(0.0, 0.0, 0.0)",
PLAYER_POSITIONS,343341,6/26/2026 12:58:05 PM,656b7e14-f368-4196-b68a-fdb1e1554fc8,2.0,,,,,,,,,,,,,,,,,,,,,,,,,,,,,,,,,,,"(-15.4, 0.6, -2.1)","(-15.7, 1.1, -2.0)","(-15.7, 0.5, -1.9)",
PLAYER_GAZE,343341,6/26/2026 12:58:05 PM,656b7e14-f368-4196-b68a-fdb1e1554fc8,2.0,,,,,,,,,,,,,,,,,,,,,,,,Civilian PT 8,,,,,,,,,"(0.1, 1.1, -0.1)",,,"(-15.8, 0.0, -1.8)",
PLAYER_POSITIONS,343341,6/26/2026 12:58:05 PM,656b7e14-f368-4196-b68a-fdb1e1554fc8,2.0,,,,,,,,,,,,,,,,,,,,,,,,,,,,,,,,,,,"(-15.4, 0.6, -2.1)","(-15.7, 1.1, -2.0)","(-15.7, 0.5, -1.9)",
PLAYER_GAZE,343341,6/26/2026 12:58:05 PM,656b7e14-f368-4196-b68a-fdb1e1554fc8,2.0,,,,,,,,,,,,,,,,,,,,,,,,Civilian PT 8,,,,,,,,,"(0.1, 1.1, -0.1)",,,"(-15.8, 0.0, -1.8)",
PLAYER_POSITIONS,343851,6/26/2026 12:58:05 PM,656b7e14-f368-4196-b68a-fdb1e1554fc8,2.0,,,,,,,,,,,,,,,,,,,,,,,,,,,,,,,,,,,"(-15.4, 0.6, -2.1)","(-15.7, 0.9, -2.0)","(-15.9, 0.3, -2.0)",
PLAYER_POSITIONS,343851,6/26/2026 12:58:05 PM,656b7e14-f368-4196-b68a-fdb1e1554fc8,2.0,,,,,,,,,,,,,,,,,,,,,,,,,,,,,,,,,,,"(-15.4, 0.6, -2.1)","(-15.7, 0.9, -2.0)","(-15.9, 0.3, -2.0)",
TAG_APPLIED,343875,6/26/2026 12:58:06 PM,656b7e14-f368-4196-b68a-fdb1e1554fc8,2.0,,,,,,,,,,,,,,,,,,,,,,,,Civilian PT 8,,,,,,,,,,,,,,,,,,red,
PLAYER_POSITIONS,344352,6/26/2026 12:58:06 PM,656b7e14-f368-4196-b68a-fdb1e1554fc8,2.0,,,,,,,,,,,,,,,,,,,,,,,,,,,,,,,,,,,"(-15.5, 0.7, -2.0)","(-15.7, 1.2, -1.8)","(-15.6, 0.4, -1.7)",
PLAYER_POSITIONS,344352,6/26/2026 12:58:06 PM,656b7e14-f368-4196-b68a-fdb1e1554fc8,2.0,,,,,,,,,,,,,,,,,,,,,,,,,,,,,,,,,,,"(-15.5, 0.7, -2.0)","(-15.7, 1.2, -1.8)","(-15.6, 0.4, -1.7)",
PLAYER_POSITIONS,344857,6/26/2026 12:58:06 PM,656b7e14-f368-4196-b68a-fdb1e1554fc8,2.0,,,,,,,,,,,,,,,,,,,,,,,,,,,,,,,,,,,"(-15.4, 1.0, -1.8)","(-15.3, 1.7, -1.8)","(-15.0, 0.9, -1.5)",
PLAYER_GAZE,344857,6/26/2026 12:58:06 PM,656b7e14-f368-4196-b68a-fdb1e1554fc8,2.0,,,,,,,,,,,,,,,,,,,,,,,,Civilian PT 15,,,,,,,,,"(-0.9, 1.7, -1.5)",,,"(-14.4, 0.0, -0.3)",
PLAYER_POSITIONS,344857,6/26/2026 12:58:06 PM,656b7e14-f368-4196-b68a-fdb1e1554fc8,2.0,,,,,,,,,,,,,,,,,,,,,,,,,,,,,,,,,,,"(-15.4, 1.0, -1.8)","(-15.3, 1.7, -1.8)","(-15.0, 0.9, -1.5)",
PLAYER_GAZE,344857,6/26/2026 12:58:06 PM,656b7e14-f368-4196-b68a-fdb1e1554fc8,2.0,,,,,,,,,,,,,,,,,,,,,,,,Civilian PT 15,,,,,,,,,"(-0.9, 1.7, -1.5)",,,"(-14.4, 0.0, -0.3)",
PLAYER_POSITIONS,345375,6/26/2026 12:58:07 PM,656b7e14-f368-4196-b68a-fdb1e1554fc8,2.0,,,,,,,,,,,,,,,,,,,,,,,,,,,,,,,,,,,"(-15.2, 1.1, -1.7)","(-15.1, 1.7, -2.0)","(-14.8, 0.9, -2.0)",
PLAYER_POSITIONS,345375,6/26/2026 12:58:07 PM,656b7e14-f368-4196-b68a-fdb1e1554fc8,2.0,,,,,,,,,,,,,,,,,,,,,,,,,,,,,,,,,,,"(-15.2, 1.1, -1.7)","(-15.1, 1.7, -2.0)","(-14.8, 0.9, -2.0)",
EVAC_RADIO_ALERT,345484,6/26/2026 12:58:07 PM,656b7e14-f368-4196-b68a-fdb1e1554fc8,2.0,,,,,,,,1,
AUDIO_START,345489,6/26/2026 12:58:07 PM,656b7e14-f368-4196-b68a-fdb1e1554fc8,2.0,evac in 5 minutes,4.127347,
PLAYER_POSITIONS,345898,6/26/2026 12:58:08 PM,656b7e14-f368-4196-b68a-fdb1e1554fc8,2.0,,,,,,,,,,,,,,,,,,,,,,,,,,,,,,,,,,,"(-15.3, 1.0, -1.8)","(-15.2, 1.7, -1.9)","(-14.7, 1.3, -1.6)",
PLAYER_POSITIONS,345898,6/26/2026 12:58:08 PM,656b7e14-f368-4196-b68a-fdb1e1554fc8,2.0,,,,,,,,,,,,,,,,,,,,,,,,,,,,,,,,,,,"(-15.3, 1.0, -1.8)","(-15.2, 1.7, -1.9)","(-14.7, 1.3, -1.6)",
PLAYER_POSITIONS,346405,6/26/2026 12:58:08 PM,656b7e14-f368-4196-b68a-fdb1e1554fc8,2.0,,,,,,,,,,,,,,,,,,,,,,,,,,,,,,,,,,,"(-15.5, 1.0, -1.8)","(-15.3, 1.7, -1.9)","(-15.1, 1.1, -1.4)",
PLAYER_GAZE,346405,6/26/2026 12:58:08 PM,656b7e14-f368-4196-b68a-fdb1e1554fc8,2.0,,,,,,,,,,,,,,,,,,,,,,,,Civilian PT 8,,,,,,,,,"(0.5, 1.7, 0.0)",,,"(-15.8, 0.0, -1.8)",
PLAYER_POSITIONS,346405,6/26/2026 12:58:08 PM,656b7e14-f368-4196-b68a-fdb1e1554fc8,2.0,,,,,,,,,,,,,,,,,,,,,,,,,,,,,,,,,,,"(-15.5, 1.0, -1.8)","(-15.3, 1.7, -1.9)","(-15.1, 1.1, -1.4)",
PLAYER_GAZE,346405,6/26/2026 12:58:08 PM,656b7e14-f368-4196-b68a-fdb1e1554fc8,2.0,,,,,,,,,,,,,,,,,,,,,,,,Civilian PT 8,,,,,,,,,"(0.5, 1.7, 0.0)",,,"(-15.8, 0.0, -1.8)",
PLAYER_POSITIONS,346926,6/26/2026 12:58:09 PM,656b7e14-f368-4196-b68a-fdb1e1554fc8,2.0,,,,,,,,,,,,,,,,,,,,,,,,,,,,,,,,,,,"(-15.6, 1.1, -1.6)","(-15.4, 1.7, -1.6)","(-15.4, 1.0, -1.3)",
PLAYER_GAZE,346926,6/26/2026 12:58:09 PM,656b7e14-f368-4196-b68a-fdb1e1554fc8,2.0,,,,,,,,,,,,,,,,,,,,,,,,Civilian PT 7,,,,,,,,,"(2.2, 1.7, -1.5)",,,"(-17.6, 0.0, -0.1)",
PLAYER_POSITIONS,346926,6/26/2026 12:58:09 PM,656b7e14-f368-4196-b68a-fdb1e1554fc8,2.0,,,,,,,,,,,,,,,,,,,,,,,,,,,,,,,,,,,"(-15.6, 1.1, -1.6)","(-15.4, 1.7, -1.6)","(-15.4, 1.0, -1.3)",
PLAYER_GAZE,346926,6/26/2026 12:58:09 PM,656b7e14-f368-4196-b68a-fdb1e1554fc8,2.0,,,,,,,,,,,,,,,,,,,,,,,,Civilian PT 7,,,,,,,,,"(2.2, 1.7, -1.5)",,,"(-17.6, 0.0, -0.1)",
PLAYER_POSITIONS,347449,6/26/2026 12:58:09 PM,656b7e14-f368-4196-b68a-fdb1e1554fc8,2.0,,,,,,,,,,,,,,,,,,,,,,,,,,,,,,,,,,,"(-15.8, 1.0, -1.4)","(-15.7, 1.7, -1.4)","(-15.6, 1.0, -1.1)",
PLAYER_POSITIONS,347449,6/26/2026 12:58:09 PM,656b7e14-f368-4196-b68a-fdb1e1554fc8,2.0,,,,,,,,,,,,,,,,,,,,,,,,,,,,,,,,,,,"(-15.8, 1.0, -1.4)","(-15.7, 1.7, -1.4)","(-15.6, 1.0, -1.1)",
PLAYER_POSITIONS,347974,6/26/2026 12:58:10 PM,656b7e14-f368-4196-b68a-fdb1e1554fc8,2.0,,,,,,,,,,,,,,,,,,,,,,,,,,,,,,,,,,,"(-16.2, 1.0, -1.3)","(-16.0, 1.6, -1.3)","(-15.9, 1.1, -1.1)",
PLAYER_POSITIONS,347974,6/26/2026 12:58:10 PM,656b7e14-f368-4196-b68a-fdb1e1554fc8,2.0,,,,,,,,,,,,,,,,,,,,,,,,,,,,,,,,,,,"(-16.2, 1.0, -1.3)","(-16.0, 1.6, -1.3)","(-15.9, 1.1, -1.1)",
TOOL_HOVER,348327,6/26/2026 12:58:10 PM,656b7e14-f368-4196-b68a-fdb1e1554fc8,2.0,,,,,,,,,,,,,,,,,,,,,,,,,,,,,,,,,,,,,,,,,,,,,,999,,SAM Splint,
PLAYER_POSITIONS,348485,6/26/2026 12:58:10 PM,656b7e14-f368-4196-b68a-fdb1e1554fc8,2.0,,,,,,,,,,,,,,,,,,,,,,,,,,,,,,,,,,,"(-16.2, 1.0, -1.1)","(-16.0, 1.6, -1.0)","(-16.0, 1.0, -0.8)",
PLAYER_POSITIONS,348485,6/26/2026 12:58:10 PM,656b7e14-f368-4196-b68a-fdb1e1554fc8,2.0,,,,,,,,,,,,,,,,,,,,,,,,,,,,,,,,,,,"(-16.2, 1.0, -1.1)","(-16.0, 1.6, -1.0)","(-16.0, 1.0, -0.8)",
PLAYER_POSITIONS,349008,6/26/2026 12:58:11 PM,656b7e14-f368-4196-b68a-fdb1e1554fc8,2.0,,,,,,,,,,,,,,,,,,,,,,,,,,,,,,,,,,,"(-16.4, 1.0, -0.9)","(-16.2, 1.6, -0.7)","(-16.2, 0.9, -0.4)",
PLAYER_POSITIONS,349008,6/26/2026 12:58:11 PM,656b7e14-f368-4196-b68a-fdb1e1554fc8,2.0,,,,,,,,,,,,,,,,,,,,,,,,,,,,,,,,,,,"(-16.4, 1.0, -0.9)","(-16.2, 1.6, -0.7)","(-16.2, 0.9, -0.4)",
AUDIO_START,349164,6/26/2026 12:58:11 PM,656b7e14-f368-4196-b68a-fdb1e1554fc8,2.0,delta west exit casevac,3.94449,
PATIENT_DISENGAGED,349245,6/26/2026 12:58:11 PM,656b7e14-f368-4196-b68a-fdb1e1554fc8,2.0,,,,16.38,,,,,,,,,,,,,,,,fast,100,Infinity,normal,Civilian PT 8,upset,sittingGround,"(-15.8, -0.1, -1.8)",fast,"(0.0, 0.4, 0.0, 0.9)",normal,IMMEDIATE,still,,,,,,,,,,,,,,,,,30.67,
PATIENT_ENGAGED,349245,6/26/2026 12:58:11 PM,656b7e14-f368-4196-b68a-fdb1e1554fc8,2.0,,,,0,,,,,,,,,,,,,,,,normal,100,Infinity,normal,Civilian PT 7,agony,recovery,"(-17.6, -0.1, -0.1)",normal,"(0.0, 0.5, 0.0, 0.9)",normal,DELAYED,still,,,,,,,,,,,,,,,,,3.69,
PLAYER_POSITIONS,349525,6/26/2026 12:58:11 PM,656b7e14-f368-4196-b68a-fdb1e1554fc8,2.0,,,,,,,,,,,,,,,,,,,,,,,,,,,,,,,,,,,"(-16.6, 0.9, -0.8)","(-16.6, 1.5, -0.6)","(-16.5, 0.8, -0.3)",
PLAYER_GAZE,349525,6/26/2026 12:58:11 PM,656b7e14-f368-4196-b68a-fdb1e1554fc8,2.0,,,,,,,,,,,,,,,,,,,,,,,,Civilian PT 7,,,,,,,,,"(1.0, 1.5, -0.5)",,,"(-17.6, 0.0, -0.1)",
PLAYER_POSITIONS,349525,6/26/2026 12:58:11 PM,656b7e14-f368-4196-b68a-fdb1e1554fc8,2.0,,,,,,,,,,,,,,,,,,,,,,,,,,,,,,,,,,,"(-16.6, 0.9, -0.8)","(-16.6, 1.5, -0.6)","(-16.5, 0.8, -0.3)",
PLAYER_GAZE,349525,6/26/2026 12:58:11 PM,656b7e14-f368-4196-b68a-fdb1e1554fc8,2.0,,,,,,,,,,,,,,,,,,,,,,,,Civilian PT 7,,,,,,,,,"(1.0, 1.5, -0.5)",,,"(-17.6, 0.0, -0.1)",
AUDIO_END,349624,6/26/2026 12:58:11 PM,656b7e14-f368-4196-b68a-fdb1e1554fc8,2.0,evac in 5 minutes,4.127347,
PLAYER_POSITIONS,350043,6/26/2026 12:58:12 PM,656b7e14-f368-4196-b68a-fdb1e1554fc8,2.0,,,,,,,,,,,,,,,,,,,,,,,,,,,,,,,,,,,"(-16.8, 0.5, -0.5)","(-16.8, 1.0, -0.4)","(-16.7, 0.5, -0.1)",
PLAYER_POSITIONS,350043,6/26/2026 12:58:12 PM,656b7e14-f368-4196-b68a-fdb1e1554fc8,2.0,,,,,,,,,,,,,,,,,,,,,,,,,,,,,,,,,,,"(-16.8, 0.5, -0.5)","(-16.8, 1.0, -0.4)","(-16.7, 0.5, -0.1)",
PLAYER_POSITIONS,350555,6/26/2026 12:58:12 PM,656b7e14-f368-4196-b68a-fdb1e1554fc8,2.0,,,,,,,,,,,,,,,,,,,,,,,,,,,,,,,,,,,"(-17.0, 0.4, -0.3)","(-16.9, 0.9, -0.4)","(-16.9, 0.4, 0.0)",
PLAYER_POSITIONS,350555,6/26/2026 12:58:12 PM,656b7e14-f368-4196-b68a-fdb1e1554fc8,2.0,,,,,,,,,,,,,,,,,,,,,,,,,,,,,,,,,,,"(-17.0, 0.4, -0.3)","(-16.9, 0.9, -0.4)","(-16.9, 0.4, 0.0)",
PLAYER_POSITIONS,351065,6/26/2026 12:58:13 PM,656b7e14-f368-4196-b68a-fdb1e1554fc8,2.0,,,,,,,,,,,,,,,,,,,,,,,,,,,,,,,,,,,"(-17.0, 0.4, -0.4)","(-16.9, 0.9, -0.4)","(-16.9, 0.3, 0.0)",
PLAYER_POSITIONS,351065,6/26/2026 12:58:13 PM,656b7e14-f368-4196-b68a-fdb1e1554fc8,2.0,,,,,,,,,,,,,,,,,,,,,,,,,,,,,,,,,,,"(-17.0, 0.4, -0.4)","(-16.9, 0.9, -0.4)","(-16.9, 0.3, 0.0)",
PLAYER_POSITIONS,351578,6/26/2026 12:58:13 PM,656b7e14-f368-4196-b68a-fdb1e1554fc8,2.0,,,,,,,,,,,,,,,,,,,,,,,,,,,,,,,,,,,"(-17.0, 0.4, -0.3)","(-16.9, 0.9, -0.4)","(-16.6, 0.3, -0.1)",
PLAYER_POSITIONS,351578,6/26/2026 12:58:13 PM,656b7e14-f368-4196-b68a-fdb1e1554fc8,2.0,,,,,,,,,,,,,,,,,,,,,,,,,,,,,,,,,,,"(-17.0, 0.4, -0.3)","(-16.9, 0.9, -0.4)","(-16.6, 0.3, -0.1)",
TOOL_HOVER,352086,6/26/2026 12:58:14 PM,656b7e14-f368-4196-b68a-fdb1e1554fc8,2.0,,,,,,,,,,,,,,,,,,,,,,,,,,,,,,,,,,,,,,,,,,,,,,999,,Blanket,
PLAYER_POSITIONS,352089,6/26/2026 12:58:14 PM,656b7e14-f368-4196-b68a-fdb1e1554fc8,2.0,,,,,,,,,,,,,,,,,,,,,,,,,,,,,,,,,,,"(-17.0, 0.4, -0.3)","(-16.9, 0.8, -0.3)","(-16.8, 0.3, 0.1)",
PLAYER_POSITIONS,352089,6/26/2026 12:58:14 PM,656b7e14-f368-4196-b68a-fdb1e1554fc8,2.0,,,,,,,,,,,,,,,,,,,,,,,,,,,,,,,,,,,"(-17.0, 0.4, -0.3)","(-16.9, 0.8, -0.3)","(-16.8, 0.3, 0.1)",
TOOL_HOVER,352285,6/26/2026 12:58:14 PM,656b7e14-f368-4196-b68a-fdb1e1554fc8,2.0,,,,,,,,,,,,,,,,,,,,,,,,,,,,,,,,,,,,,,,,,,,,,,999,,Burn Dressing,
PLAYER_POSITIONS,352592,6/26/2026 12:58:14 PM,656b7e14-f368-4196-b68a-fdb1e1554fc8,2.0,,,,,,,,,,,,,,,,,,,,,,,,,,,,,,,,,,,"(-17.0, 0.4, -0.3)","(-16.9, 0.8, -0.3)","(-17.0, 0.3, 0.1)",
PLAYER_POSITIONS,352592,6/26/2026 12:58:14 PM,656b7e14-f368-4196-b68a-fdb1e1554fc8,2.0,,,,,,,,,,,,,,,,,,,,,,,,,,,,,,,,,,,"(-17.0, 0.4, -0.3)","(-16.9, 0.8, -0.3)","(-17.0, 0.3, 0.1)",
TOOL_SELECTED,352659,6/26/2026 12:58:14 PM,656b7e14-f368-4196-b68a-fdb1e1554fc8,2.0,,,,,,,,,,,,,,,,,,,,,,,,,,,,,,,,,,,,,,,,,,,,,,998,,Burn Dressing,
AUDIO_END,353114,6/26/2026 12:58:15 PM,656b7e14-f368-4196-b68a-fdb1e1554fc8,2.0,delta west exit casevac,3.94449,
NARRATIVE_SECTION_END,353114,6/26/2026 12:58:15 PM,656b7e14-f368-4196-b68a-fdb1e1554fc8,2.0,,,,,,,,,,,,,,,,,,Affirmate Delta west exit casevac,38,
PLAYER_POSITIONS,353114,6/26/2026 12:58:15 PM,656b7e14-f368-4196-b68a-fdb1e1554fc8,2.0,,,,,,,,,,,,,,,,,,,,,,,,,,,,,,,,,,,"(-17.0, 0.5, -0.4)","(-17.0, 0.8, -0.3)","(-17.2, 0.3, 0.0)",
PLAYER_GAZE,353114,6/26/2026 12:58:15 PM,656b7e14-f368-4196-b68a-fdb1e1554fc8,2.0,,,,,,,,,,,,,,,,,,,,,,,,Civilian PT 7,,,,,,,,,"(0.6, 0.8, -0.2)",,,"(-17.6, 0.0, -0.1)",
PLAYER_POSITIONS,353114,6/26/2026 12:58:15 PM,656b7e14-f368-4196-b68a-fdb1e1554fc8,2.0,,,,,,,,,,,,,,,,,,,,,,,,,,,,,,,,,,,"(-17.0, 0.5, -0.4)","(-17.0, 0.8, -0.3)","(-17.2, 0.3, 0.0)",
PLAYER_GAZE,353114,6/26/2026 12:58:15 PM,656b7e14-f368-4196-b68a-fdb1e1554fc8,2.0,,,,,,,,,,,,,,,,,,,,,,,,Civilian PT 7,,,,,,,,,"(0.6, 0.8, -0.2)",,,"(-17.6, 0.0, -0.1)",
NARRATIVE_SECTION_START,353133,6/26/2026 12:58:15 PM,656b7e14-f368-4196-b68a-fdb1e1554fc8,2.0,,,,,,,,,,,,,,,,,,Delta needs air support on west exit,39,
INJURY_TREATED,353483,6/26/2026 12:58:15 PM,656b7e14-f368-4196-b68a-fdb1e1554fc8,2.0,,,,,,,,,leftCalf,L Lower Leg Burn,"(-17.5, 0.2, -0.1)",burnDressing,1,1,high,True,True,,,,,,,Civilian PT 7,
TOOL_APPLIED,353483,6/26/2026 12:58:15 PM,656b7e14-f368-4196-b68a-fdb1e1554fc8,2.0,,,,,,,,,,,,,,,,,,,,,,,,Civilian PT 7,,,,,,,,,,,,,,,,,,,,AppliedBurnDressing,skinCollider_BodyGar_LOD (UnityEngine.GameObject),,Burn Dressing(Clone) (UnityEngine.GameObject),Burn Dressing,
PLAYER_POSITIONS,353615,6/26/2026 12:58:15 PM,656b7e14-f368-4196-b68a-fdb1e1554fc8,2.0,,,,,,,,,,,,,,,,,,,,,,,,,,,,,,,,,,,"(-17.0, 0.5, -0.4)","(-17.0, 0.8, -0.4)","(-17.4, 0.2, -0.1)",
PLAYER_GAZE,353615,6/26/2026 12:58:15 PM,656b7e14-f368-4196-b68a-fdb1e1554fc8,2.0,,,,,,,,,,,,,,,,,,,,,,,,Civilian PT 7,,,,,,,,,"(0.6, 0.8, -0.3)",,,"(-17.6, 0.0, -0.1)",
PLAYER_POSITIONS,353615,6/26/2026 12:58:15 PM,656b7e14-f368-4196-b68a-fdb1e1554fc8,2.0,,,,,,,,,,,,,,,,,,,,,,,,,,,,,,,,,,,"(-17.0, 0.5, -0.4)","(-17.0, 0.8, -0.4)","(-17.4, 0.2, -0.1)",
PLAYER_GAZE,353615,6/26/2026 12:58:15 PM,656b7e14-f368-4196-b68a-fdb1e1554fc8,2.0,,,,,,,,,,,,,,,,,,,,,,,,Civilian PT 7,,,,,,,,,"(0.6, 0.8, -0.3)",,,"(-17.6, 0.0, -0.1)",
TOOL_HOVER,353979,6/26/2026 12:58:16 PM,656b7e14-f368-4196-b68a-fdb1e1554fc8,2.0,,,,,,,,,,,,,,,,,,,,,,,,,,,,,,,,,,,,,,,,,,,,,,998,,Chest Seal,
TOOL_HOVER,354067,6/26/2026 12:58:16 PM,656b7e14-f368-4196-b68a-fdb1e1554fc8,2.0,,,,,,,,,,,,,,,,,,,,,,,,,,,,,,,,,,,,,,,,,,,,,,998,,Israeli Wrap,
PLAYER_POSITIONS,354137,6/26/2026 12:58:16 PM,656b7e14-f368-4196-b68a-fdb1e1554fc8,2.0,,,,,,,,,,,,,,,,,,,,,,,,,,,,,,,,,,,"(-16.9, 0.5, -0.4)","(-16.9, 0.8, -0.3)","(-17.0, 0.3, 0.0)",
PLAYER_POSITIONS,354137,6/26/2026 12:58:16 PM,656b7e14-f368-4196-b68a-fdb1e1554fc8,2.0,,,,,,,,,,,,,,,,,,,,,,,,,,,,,,,,,,,"(-16.9, 0.5, -0.4)","(-16.9, 0.8, -0.3)","(-17.0, 0.3, 0.0)",
TOOL_HOVER,354268,6/26/2026 12:58:16 PM,656b7e14-f368-4196-b68a-fdb1e1554fc8,2.0,,,,,,,,,,,,,,,,,,,,,,,,,,,,,,,,,,,,,,,,,,,,,,998,,Burn Dressing,
TOOL_SELECTED,354469,6/26/2026 12:58:16 PM,656b7e14-f368-4196-b68a-fdb1e1554fc8,2.0,,,,,,,,,,,,,,,,,,,,,,,,,,,,,,,,,,,,,,,,,,,,,,997,,Burn Dressing,
PLAYER_POSITIONS,354659,6/26/2026 12:58:16 PM,656b7e14-f368-4196-b68a-fdb1e1554fc8,2.0,,,,,,,,,,,,,,,,,,,,,,,,,,,,,,,,,,,"(-16.9, 0.5, -0.3)","(-16.9, 0.8, -0.3)","(-17.0, 0.3, 0.1)",
PLAYER_POSITIONS,354659,6/26/2026 12:58:16 PM,656b7e14-f368-4196-b68a-fdb1e1554fc8,2.0,,,,,,,,,,,,,,,,,,,,,,,,,,,,,,,,,,,"(-16.9, 0.5, -0.3)","(-16.9, 0.8, -0.3)","(-17.0, 0.3, 0.1)",
AUDIO_START,355133,6/26/2026 12:58:17 PM,656b7e14-f368-4196-b68a-fdb1e1554fc8,2.0,delta needs air support on west exit,5.067755,
PLAYER_POSITIONS,355171,6/26/2026 12:58:17 PM,656b7e14-f368-4196-b68a-fdb1e1554fc8,2.0,,,,,,,,,,,,,,,,,,,,,,,,,,,,,,,,,,,"(-16.9, 0.5, -0.4)","(-17.0, 0.7, -0.3)","(-17.2, 0.0, -0.1)",
PLAYER_POSITIONS,355171,6/26/2026 12:58:17 PM,656b7e14-f368-4196-b68a-fdb1e1554fc8,2.0,,,,,,,,,,,,,,,,,,,,,,,,,,,,,,,,,,,"(-16.9, 0.5, -0.4)","(-17.0, 0.7, -0.3)","(-17.2, 0.0, -0.1)",
INJURY_TREATED,355216,6/26/2026 12:58:17 PM,656b7e14-f368-4196-b68a-fdb1e1554fc8,2.0,,,,,,,,,rightCalf,R Lower Leg Burn,"(-17.2, -0.1, -0.1)",burnDressing,1,1,high,True,True,,,,,,,Civilian PT 7,
TOOL_APPLIED,355216,6/26/2026 12:58:17 PM,656b7e14-f368-4196-b68a-fdb1e1554fc8,2.0,,,,,,,,,,,,,,,,,,,,,,,,Civilian PT 7,,,,,,,,,,,,,,,,,,,,AppliedBurnDressing,skinCollider_BodyGar_LOD (UnityEngine.GameObject),,Burn Dressing(Clone) (UnityEngine.GameObject),Burn Dressing,
TOOL_HOVER,355686,6/26/2026 12:58:17 PM,656b7e14-f368-4196-b68a-fdb1e1554fc8,2.0,,,,,,,,,,,,,,,,,,,,,,,,,,,,,,,,,,,,,,,,,,,,,,997,,Hemostatic Gauze,
PLAYER_POSITIONS,355689,6/26/2026 12:58:17 PM,656b7e14-f368-4196-b68a-fdb1e1554fc8,2.0,,,,,,,,,,,,,,,,,,,,,,,,,,,,,,,,,,,"(-16.9, 0.5, -0.3)","(-17.0, 0.8, -0.5)","(-17.0, 0.2, -0.2)",
PLAYER_POSITIONS,355689,6/26/2026 12:58:17 PM,656b7e14-f368-4196-b68a-fdb1e1554fc8,2.0,,,,,,,,,,,,,,,,,,,,,,,,,,,,,,,,,,,"(-16.9, 0.5, -0.3)","(-17.0, 0.8, -0.5)","(-17.0, 0.2, -0.2)",
BAG_CLOSED,355796,6/26/2026 12:58:17 PM,656b7e14-f368-4196-b68a-fdb1e1554fc8,2.0,,,,,,,,,,,,,,,,,,,,,,,,,,,,,,,,,,,,"(0.0, 0.0, 0.0)",
PLAYER_POSITIONS,356199,6/26/2026 12:58:18 PM,656b7e14-f368-4196-b68a-fdb1e1554fc8,2.0,,,,,,,,,,,,,,,,,,,,,,,,,,,,,,,,,,,"(-17.0, 0.5, -0.5)","(-16.9, 0.9, -0.7)","(-16.9, 0.4, -0.5)",
PLAYER_POSITIONS,356199,6/26/2026 12:58:18 PM,656b7e14-f368-4196-b68a-fdb1e1554fc8,2.0,,,,,,,,,,,,,,,,,,,,,,,,,,,,,,,,,,,"(-17.0, 0.5, -0.5)","(-16.9, 0.9, -0.7)","(-16.9, 0.4, -0.5)",
PLAYER_POSITIONS,356717,6/26/2026 12:58:18 PM,656b7e14-f368-4196-b68a-fdb1e1554fc8,2.0,,,,,,,,,,,,,,,,,,,,,,,,,,,,,,,,,,,"(-17.1, 0.5, -0.8)","(-17.0, 0.9, -0.8)","(-17.0, 0.4, -0.6)",
PLAYER_POSITIONS,356717,6/26/2026 12:58:18 PM,656b7e14-f368-4196-b68a-fdb1e1554fc8,2.0,,,,,,,,,,,,,,,,,,,,,,,,,,,,,,,,,,,"(-17.1, 0.5, -0.8)","(-17.0, 0.9, -0.8)","(-17.0, 0.4, -0.6)",
PLAYER_POSITIONS,357227,6/26/2026 12:58:19 PM,656b7e14-f368-4196-b68a-fdb1e1554fc8,2.0,,,,,,,,,,,,,,,,,,,,,,,,,,,,,,,,,,,"(-17.4, 0.5, -0.8)","(-17.2, 0.9, -0.9)","(-17.2, 0.6, -0.6)",
PLAYER_POSITIONS,357227,6/26/2026 12:58:19 PM,656b7e14-f368-4196-b68a-fdb1e1554fc8,2.0,,,,,,,,,,,,,,,,,,,,,,,,,,,,,,,,,,,"(-17.4, 0.5, -0.8)","(-17.2, 0.9, -0.9)","(-17.2, 0.6, -0.6)",
PLAYER_POSITIONS,357737,6/26/2026 12:58:19 PM,656b7e14-f368-4196-b68a-fdb1e1554fc8,2.0,,,,,,,,,,,,,,,,,,,,,,,,,,,,,,,,,,,"(-17.4, 0.4, -1.0)","(-17.3, 0.9, -1.1)","(-17.3, 0.4, -0.6)",
PLAYER_POSITIONS,357737,6/26/2026 12:58:19 PM,656b7e14-f368-4196-b68a-fdb1e1554fc8,2.0,,,,,,,,,,,,,,,,,,,,,,,,,,,,,,,,,,,"(-17.4, 0.4, -1.0)","(-17.3, 0.9, -1.1)","(-17.3, 0.4, -0.6)",
PLAYER_POSITIONS,358249,6/26/2026 12:58:20 PM,656b7e14-f368-4196-b68a-fdb1e1554fc8,2.0,,,,,,,,,,,,,,,,,,,,,,,,,,,,,,,,,,,"(-17.4, 0.4, -1.0)","(-17.3, 0.9, -1.1)","(-17.2, 0.3, -0.6)",
PLAYER_POSITIONS,358249,6/26/2026 12:58:20 PM,656b7e14-f368-4196-b68a-fdb1e1554fc8,2.0,,,,,,,,,,,,,,,,,,,,,,,,,,,,,,,,,,,"(-17.4, 0.4, -1.0)","(-17.3, 0.9, -1.1)","(-17.2, 0.3, -0.6)",
PLAYER_POSITIONS,358749,6/26/2026 12:58:20 PM,656b7e14-f368-4196-b68a-fdb1e1554fc8,2.0,,,,,,,,,,,,,,,,,,,,,,,,,,,,,,,,,,,"(-17.4, 0.4, -1.0)","(-17.3, 0.9, -1.0)","(-17.2, 0.4, -0.6)",
PLAYER_GAZE,358749,6/26/2026 12:58:20 PM,656b7e14-f368-4196-b68a-fdb1e1554fc8,2.0,,,,,,,,,,,,,,,,,,,,,,,,Civilian PT 7,,,,,,,,,"(0.3, 0.9, -0.9)",,,"(-17.6, 0.0, -0.1)",
PLAYER_POSITIONS,358749,6/26/2026 12:58:20 PM,656b7e14-f368-4196-b68a-fdb1e1554fc8,2.0,,,,,,,,,,,,,,,,,,,,,,,,,,,,,,,,,,,"(-17.4, 0.4, -1.0)","(-17.3, 0.9, -1.0)","(-17.2, 0.4, -0.6)",
PLAYER_GAZE,358749,6/26/2026 12:58:20 PM,656b7e14-f368-4196-b68a-fdb1e1554fc8,2.0,,,,,,,,,,,,,,,,,,,,,,,,Civilian PT 7,,,,,,,,,"(0.3, 0.9, -0.9)",,,"(-17.6, 0.0, -0.1)",
TOOL_HOVER,359081,6/26/2026 12:58:21 PM,656b7e14-f368-4196-b68a-fdb1e1554fc8,2.0,,,,,,,,,,,,,,,,,,,,,,,,,,,,,,,,,,,,,,,,,,,,,,996,,Decompression Needle,
PLAYER_POSITIONS,359262,6/26/2026 12:58:21 PM,656b7e14-f368-4196-b68a-fdb1e1554fc8,2.0,,,,,,,,,,,,,,,,,,,,,,,,,,,,,,,,,,,"(-17.4, 0.4, -0.9)","(-17.2, 0.9, -1.0)","(-17.1, 0.7, -0.5)",
PLAYER_POSITIONS,359262,6/26/2026 12:58:21 PM,656b7e14-f368-4196-b68a-fdb1e1554fc8,2.0,,,,,,,,,,,,,,,,,,,,,,,,,,,,,,,,,,,"(-17.4, 0.4, -0.9)","(-17.2, 0.9, -1.0)","(-17.1, 0.7, -0.5)",
TOOL_HOVER,359482,6/26/2026 12:58:21 PM,656b7e14-f368-4196-b68a-fdb1e1554fc8,2.0,,,,,,,,,,,,,,,,,,,,,,,,,,,,,,,,,,,,,,,,,,,,,,998,,Fentanyl Lollipop,
TOOL_HOVER,359681,6/26/2026 12:58:21 PM,656b7e14-f368-4196-b68a-fdb1e1554fc8,2.0,,,,,,,,,,,,,,,,,,,,,,,,,,,,,,,,,,,,,,,,,,,,,,996,,Decompression Needle,
PLAYER_POSITIONS,359772,6/26/2026 12:58:21 PM,656b7e14-f368-4196-b68a-fdb1e1554fc8,2.0,,,,,,,,,,,,,,,,,,,,,,,,,,,,,,,,,,,"(-17.4, 0.4, -0.9)","(-17.2, 0.9, -1.0)","(-17.1, 0.7, -0.5)",
PLAYER_POSITIONS,359772,6/26/2026 12:58:21 PM,656b7e14-f368-4196-b68a-fdb1e1554fc8,2.0,,,,,,,,,,,,,,,,,,,,,,,,,,,,,,,,,,,"(-17.4, 0.4, -0.9)","(-17.2, 0.9, -1.0)","(-17.1, 0.7, -0.5)",
TOOL_HOVER,359881,6/26/2026 12:58:22 PM,656b7e14-f368-4196-b68a-fdb1e1554fc8,2.0,,,,,,,,,,,,,,,,,,,,,,,,,,,,,,,,,,,,,,,,,,,,,,998,,Fentanyl Lollipop,
TOOL_SELECTED,359883,6/26/2026 12:58:22 PM,656b7e14-f368-4196-b68a-fdb1e1554fc8,2.0,,,,,,,,,,,,,,,,,,,,,,,,,,,,,,,,,,,,,,,,,,,,,,997,,Fentanyl Lollipop,
AUDIO_END,360202,6/26/2026 12:58:22 PM,656b7e14-f368-4196-b68a-fdb1e1554fc8,2.0,delta needs air support on west exit,5.067755,
NARRATIVE_SECTION_END,360202,6/26/2026 12:58:22 PM,656b7e14-f368-4196-b68a-fdb1e1554fc8,2.0,,,,,,,,,,,,,,,,,,Delta needs air support on west exit,39,
NARRATIVE_SECTION_START,360242,6/26/2026 12:58:22 PM,656b7e14-f368-4196-b68a-fdb1e1554fc8,2.0,,,,,,,,,,,,,,,,,,Request GBU 38,40,
PLAYER_POSITIONS,360290,6/26/2026 12:58:22 PM,656b7e14-f368-4196-b68a-fdb1e1554fc8,2.0,,,,,,,,,,,,,,,,,,,,,,,,,,,,,,,,,,,"(-17.4, 0.4, -1.0)","(-17.2, 0.9, -1.0)","(-17.1, 0.7, -0.5)",
PLAYER_POSITIONS,360290,6/26/2026 12:58:22 PM,656b7e14-f368-4196-b68a-fdb1e1554fc8,2.0,,,,,,,,,,,,,,,,,,,,,,,,,,,,,,,,,,,"(-17.4, 0.4, -1.0)","(-17.2, 0.9, -1.0)","(-17.1, 0.7, -0.5)",
PLAYER_POSITIONS,360793,6/26/2026 12:58:22 PM,656b7e14-f368-4196-b68a-fdb1e1554fc8,2.0,,,,,,,,,,,,,,,,,,,,,,,,,,,,,,,,,,,"(-17.3, 0.6, -1.0)","(-17.3, 0.8, -1.1)","(-17.6, 0.3, -0.9)",
PLAYER_POSITIONS,360793,6/26/2026 12:58:22 PM,656b7e14-f368-4196-b68a-fdb1e1554fc8,2.0,,,,,,,,,,,,,,,,,,,,,,,,,,,,,,,,,,,"(-17.3, 0.6, -1.0)","(-17.3, 0.8, -1.1)","(-17.6, 0.3, -0.9)",
PLAYER_POSITIONS,361315,6/26/2026 12:58:23 PM,656b7e14-f368-4196-b68a-fdb1e1554fc8,2.0,,,,,,,,,,,,,,,,,,,,,,,,,,,,,,,,,,,"(-17.3, 0.6, -1.1)","(-17.4, 0.8, -1.2)","(-17.8, 0.3, -1.0)",
PLAYER_POSITIONS,361315,6/26/2026 12:58:23 PM,656b7e14-f368-4196-b68a-fdb1e1554fc8,2.0,,,,,,,,,,,,,,,,,,,,,,,,,,,,,,,,,,,"(-17.3, 0.6, -1.1)","(-17.4, 0.8, -1.2)","(-17.8, 0.3, -1.0)",
INJURY_TREATED,361361,6/26/2026 12:58:23 PM,656b7e14-f368-4196-b68a-fdb1e1554fc8,2.0,,,,,,,,,head,Unspecified,"(0.0, 0.0, 0.0)",none,1,1,none,True,False,,,,,,,Civilian PT 7,
TOOL_APPLIED,361361,6/26/2026 12:58:23 PM,656b7e14-f368-4196-b68a-fdb1e1554fc8,2.0,,,,,,,,,,,,,,,,,,,,,,,,Civilian PT 7,,,,,,,,,,,,,,,,,,,,AppliedLollipop,Jaw (UnityEngine.GameObject),,Fentanyl Lollipop(Clone) (UnityEngine.GameObject),Fentanyl Lollipop,
PLAYER_POSITIONS,361827,6/26/2026 12:58:23 PM,656b7e14-f368-4196-b68a-fdb1e1554fc8,2.0,,,,,,,,,,,,,,,,,,,,,,,,,,,,,,,,,,,"(-17.3, 0.6, -1.1)","(-17.4, 0.8, -1.1)","(-17.5, 0.3, -0.8)",
PLAYER_POSITIONS,361827,6/26/2026 12:58:23 PM,656b7e14-f368-4196-b68a-fdb1e1554fc8,2.0,,,,,,,,,,,,,,,,,,,,,,,,,,,,,,,,,,,"(-17.3, 0.6, -1.1)","(-17.4, 0.8, -1.1)","(-17.5, 0.3, -0.8)",
TOOL_HOVER,361870,6/26/2026 12:58:23 PM,656b7e14-f368-4196-b68a-fdb1e1554fc8,2.0,,,,,,,,,,,,,,,,,,,,,,,,,,,,,,,,,,,,,,,,,,,,,,995,,Tourniquet,
AUDIO_START,362235,6/26/2026 12:58:24 PM,656b7e14-f368-4196-b68a-fdb1e1554fc8,2.0,request gbu 38,5.067755,
PLAYER_POSITIONS,362339,6/26/2026 12:58:24 PM,656b7e14-f368-4196-b68a-fdb1e1554fc8,2.0,,,,,,,,,,,,,,,,,,,,,,,,,,,,,,,,,,,"(-17.3, 0.5, -1.0)","(-17.3, 0.8, -1.0)","(-17.4, 0.4, -0.7)",
PLAYER_GAZE,362339,6/26/2026 12:58:24 PM,656b7e14-f368-4196-b68a-fdb1e1554fc8,2.0,,,,,,,,,,,,,,,,,,,,,,,,Civilian PT 7,,,,,,,,,"(0.3, 0.8, -0.9)",,,"(-17.6, 0.0, -0.1)",
PLAYER_POSITIONS,362339,6/26/2026 12:58:24 PM,656b7e14-f368-4196-b68a-fdb1e1554fc8,2.0,,,,,,,,,,,,,,,,,,,,,,,,,,,,,,,,,,,"(-17.3, 0.5, -1.0)","(-17.3, 0.8, -1.0)","(-17.4, 0.4, -0.7)",
PLAYER_GAZE,362339,6/26/2026 12:58:24 PM,656b7e14-f368-4196-b68a-fdb1e1554fc8,2.0,,,,,,,,,,,,,,,,,,,,,,,,Civilian PT 7,,,,,,,,,"(0.3, 0.8, -0.9)",,,"(-17.6, 0.0, -0.1)",
TOOL_HOVER,362680,6/26/2026 12:58:24 PM,656b7e14-f368-4196-b68a-fdb1e1554fc8,2.0,,,,,,,,,,,,,,,,,,,,,,,,,,,,,,,,,,,,,,,,,,,,,,998,,Israeli Wrap,
TOOL_HOVER,362769,6/26/2026 12:58:24 PM,656b7e14-f368-4196-b68a-fdb1e1554fc8,2.0,,,,,,,,,,,,,,,,,,,,,,,,,,,,,,,,,,,,,,,,,,,,,,998,,Chest Seal,
PLAYER_POSITIONS,362839,6/26/2026 12:58:24 PM,656b7e14-f368-4196-b68a-fdb1e1554fc8,2.0,,,,,,,,,,,,,,,,,,,,,,,,,,,,,,,,,,,"(-17.3, 0.5, -1.0)","(-17.3, 0.8, -1.0)","(-17.5, 0.5, -0.6)",
PLAYER_GAZE,362839,6/26/2026 12:58:24 PM,656b7e14-f368-4196-b68a-fdb1e1554fc8,2.0,,,,,,,,,,,,,,,,,,,,,,,,Civilian PT 7,,,,,,,,,"(0.3, 0.8, -0.9)",,,"(-17.6, 0.0, -0.1)",
PLAYER_POSITIONS,362839,6/26/2026 12:58:24 PM,656b7e14-f368-4196-b68a-fdb1e1554fc8,2.0,,,,,,,,,,,,,,,,,,,,,,,,,,,,,,,,,,,"(-17.3, 0.5, -1.0)","(-17.3, 0.8, -1.0)","(-17.5, 0.5, -0.6)",
PLAYER_GAZE,362839,6/26/2026 12:58:24 PM,656b7e14-f368-4196-b68a-fdb1e1554fc8,2.0,,,,,,,,,,,,,,,,,,,,,,,,Civilian PT 7,,,,,,,,,"(0.3, 0.8, -0.9)",,,"(-17.6, 0.0, -0.1)",
TOOL_HOVER,363085,6/26/2026 12:58:25 PM,656b7e14-f368-4196-b68a-fdb1e1554fc8,2.0,,,,,,,,,,,,,,,,,,,,,,,,,,,,,,,,,,,,,,,,,,,,,,997,,Burn Dressing,
TOOL_HOVER,363181,6/26/2026 12:58:25 PM,656b7e14-f368-4196-b68a-fdb1e1554fc8,2.0,,,,,,,,,,,,,,,,,,,,,,,,,,,,,,,,,,,,,,,,,,,,,,999,,Antibiotics,
TOOL_HOVER,363282,6/26/2026 12:58:25 PM,656b7e14-f368-4196-b68a-fdb1e1554fc8,2.0,,,,,,,,,,,,,,,,,,,,,,,,,,,,,,,,,,,,,,,,,,,,,,999,,IV Blood,
PLAYER_POSITIONS,363350,6/26/2026 12:58:25 PM,656b7e14-f368-4196-b68a-fdb1e1554fc8,2.0,,,,,,,,,,,,,,,,,,,,,,,,,,,,,,,,,,,"(-17.3, 0.5, -1.0)","(-17.2, 0.9, -1.0)","(-17.3, 0.6, -0.4)",
PLAYER_POSITIONS,363350,6/26/2026 12:58:25 PM,656b7e14-f368-4196-b68a-fdb1e1554fc8,2.0,,,,,,,,,,,,,,,,,,,,,,,,,,,,,,,,,,,"(-17.3, 0.5, -1.0)","(-17.2, 0.9, -1.0)","(-17.3, 0.6, -0.4)",
TOOL_HOVER,363371,6/26/2026 12:58:25 PM,656b7e14-f368-4196-b68a-fdb1e1554fc8,2.0,,,,,,,,,,,,,,,,,,,,,,,,,,,,,,,,,,,,,,,,,,,,,,997,,Fox Shield,
TOOL_HOVER,363565,6/26/2026 12:58:25 PM,656b7e14-f368-4196-b68a-fdb1e1554fc8,2.0,,,,,,,,,,,,,,,,,,,,,,,,,,,,,,,,,,,,,,,,,,,,,,999,,Nasal Airway,
TOOL_HOVER,363676,6/26/2026 12:58:25 PM,656b7e14-f368-4196-b68a-fdb1e1554fc8,2.0,,,,,,,,,,,,,,,,,,,,,,,,,,,,,,,,,,,,,,,,,,,,,,997,,Fox Shield,
TOOL_SELECTED,363701,6/26/2026 12:58:25 PM,656b7e14-f368-4196-b68a-fdb1e1554fc8,2.0,,,,,,,,,,,,,,,,,,,,,,,,,,,,,,,,,,,,,,,,,,,,,,996,,Fox Shield,
PLAYER_POSITIONS,363857,6/26/2026 12:58:25 PM,656b7e14-f368-4196-b68a-fdb1e1554fc8,2.0,,,,,,,,,,,,,,,,,,,,,,,,,,,,,,,,,,,"(-17.3, 0.5, -1.0)","(-17.3, 0.9, -1.0)","(-17.3, 0.7, -0.4)",
PLAYER_POSITIONS,363857,6/26/2026 12:58:25 PM,656b7e14-f368-4196-b68a-fdb1e1554fc8,2.0,,,,,,,,,,,,,,,,,,,,,,,,,,,,,,,,,,,"(-17.3, 0.5, -1.0)","(-17.3, 0.9, -1.0)","(-17.3, 0.7, -0.4)",
PLAYER_POSITIONS,364377,6/26/2026 12:58:26 PM,656b7e14-f368-4196-b68a-fdb1e1554fc8,2.0,,,,,,,,,,,,,,,,,,,,,,,,,,,,,,,,,,,"(-17.3, 0.6, -1.0)","(-17.4, 0.8, -1.1)","(-17.7, 0.4, -0.9)",
PLAYER_POSITIONS,364377,6/26/2026 12:58:26 PM,656b7e14-f368-4196-b68a-fdb1e1554fc8,2.0,,,,,,,,,,,,,,,,,,,,,,,,,,,,,,,,,,,"(-17.3, 0.6, -1.0)","(-17.4, 0.8, -1.1)","(-17.7, 0.4, -0.9)",
PLAYER_POSITIONS,364889,6/26/2026 12:58:27 PM,656b7e14-f368-4196-b68a-fdb1e1554fc8,2.0,,,,,,,,,,,,,,,,,,,,,,,,,,,,,,,,,,,"(-17.3, 0.6, -1.1)","(-17.4, 0.8, -1.2)","(-17.8, 0.3, -1.1)",
PLAYER_POSITIONS,364889,6/26/2026 12:58:27 PM,656b7e14-f368-4196-b68a-fdb1e1554fc8,2.0,,,,,,,,,,,,,,,,,,,,,,,,,,,,,,,,,,,"(-17.3, 0.6, -1.1)","(-17.4, 0.8, -1.2)","(-17.8, 0.3, -1.1)",
INJURY_TREATED,364939,6/26/2026 12:58:27 PM,656b7e14-f368-4196-b68a-fdb1e1554fc8,2.0,,,,,,,,,head,L Eye Shrapnel,"(-17.9, 0.3, -1.0)",foxShield,1,1,high,True,True,,,,,,,Civilian PT 7,
TOOL_APPLIED,364939,6/26/2026 12:58:27 PM,656b7e14-f368-4196-b68a-fdb1e1554fc8,2.0,,,,,,,,,,,,,,,,,,,,,,,,Civilian PT 7,,,,,,,,,,,,,,,,,,,,AppliedFoxShield,RightEye (UnityEngine.GameObject),,null,Fox Shield,
PLAYER_POSITIONS,365390,6/26/2026 12:58:27 PM,656b7e14-f368-4196-b68a-fdb1e1554fc8,2.0,,,,,,,,,,,,,,,,,,,,,,,,,,,,,,,,,,,"(-17.3, 0.6, -1.1)","(-17.4, 0.8, -1.1)","(-17.6, 0.4, -0.9)",
PLAYER_POSITIONS,365390,6/26/2026 12:58:27 PM,656b7e14-f368-4196-b68a-fdb1e1554fc8,2.0,,,,,,,,,,,,,,,,,,,,,,,,,,,,,,,,,,,"(-17.3, 0.6, -1.1)","(-17.4, 0.8, -1.1)","(-17.6, 0.4, -0.9)",
TOOL_HOVER,365498,6/26/2026 12:58:27 PM,656b7e14-f368-4196-b68a-fdb1e1554fc8,2.0,,,,,,,,,,,,,,,,,,,,,,,,,,,,,,,,,,,,,,,,,,,,,,999,,SAM Splint,
TOOL_HOVER,365568,6/26/2026 12:58:27 PM,656b7e14-f368-4196-b68a-fdb1e1554fc8,2.0,,,,,,,,,,,,,,,,,,,,,,,,,,,,,,,,,,,,,,,,,,,,,,995,,Tourniquet,
PLAYER_POSITIONS,365906,6/26/2026 12:58:28 PM,656b7e14-f368-4196-b68a-fdb1e1554fc8,2.0,,,,,,,,,,,,,,,,,,,,,,,,,,,,,,,,,,,"(-17.3, 0.5, -1.0)","(-17.2, 0.9, -1.0)","(-17.3, 0.6, -0.5)",
PLAYER_POSITIONS,365906,6/26/2026 12:58:28 PM,656b7e14-f368-4196-b68a-fdb1e1554fc8,2.0,,,,,,,,,,,,,,,,,,,,,,,,,,,,,,,,,,,"(-17.3, 0.5, -1.0)","(-17.2, 0.9, -1.0)","(-17.3, 0.6, -0.5)",
TOOL_HOVER,365994,6/26/2026 12:58:28 PM,656b7e14-f368-4196-b68a-fdb1e1554fc8,2.0,,,,,,,,,,,,,,,,,,,,,,,,,,,,,,,,,,,,,,,,,,,,,,996,,Fox Shield,
TOOL_HOVER,366171,6/26/2026 12:58:28 PM,656b7e14-f368-4196-b68a-fdb1e1554fc8,2.0,,,,,,,,,,,,,,,,,,,,,,,,,,,,,,,,,,,,,,,,,,,,,,999,,Nasal Airway,
TOOL_SELECTED,366172,6/26/2026 12:58:28 PM,656b7e14-f368-4196-b68a-fdb1e1554fc8,2.0,,,,,,,,,,,,,,,,,,,,,,,,,,,,,,,,,,,,,,,,,,,,,,998,,Nasal Airway,
PLAYER_POSITIONS,366416,6/26/2026 12:58:28 PM,656b7e14-f368-4196-b68a-fdb1e1554fc8,2.0,,,,,,,,,,,,,,,,,,,,,,,,,,,,,,,,,,,"(-17.3, 0.5, -1.0)","(-17.3, 0.8, -1.0)","(-17.4, 0.6, -0.5)",
PLAYER_POSITIONS,366416,6/26/2026 12:58:28 PM,656b7e14-f368-4196-b68a-fdb1e1554fc8,2.0,,,,,,,,,,,,,,,,,,,,,,,,,,,,,,,,,,,"(-17.3, 0.5, -1.0)","(-17.3, 0.8, -1.0)","(-17.4, 0.6, -0.5)",
PLAYER_POSITIONS,366938,6/26/2026 12:58:29 PM,656b7e14-f368-4196-b68a-fdb1e1554fc8,2.0,,,,,,,,,,,,,,,,,,,,,,,,,,,,,,,,,,,"(-17.3, 0.6, -1.1)","(-17.3, 0.8, -1.1)","(-17.6, 0.5, -1.0)",
PLAYER_POSITIONS,366938,6/26/2026 12:58:29 PM,656b7e14-f368-4196-b68a-fdb1e1554fc8,2.0,,,,,,,,,,,,,,,,,,,,,,,,,,,,,,,,,,,"(-17.3, 0.6, -1.1)","(-17.3, 0.8, -1.1)","(-17.6, 0.5, -1.0)",
TOOL_APPLIED,367264,6/26/2026 12:58:29 PM,656b7e14-f368-4196-b68a-fdb1e1554fc8,2.0,,,,,,,,,,,,,,,,,,,,,,,,Civilian PT 7,,,,,,,,,,,,,,,,,,,,AppliedTrumpet,tubeGuide_used (UnityEngine.GameObject),,Nasal Trumpet(Clone) (UnityEngine.GameObject),Nasal Airway,
AUDIO_END,367318,6/26/2026 12:58:29 PM,656b7e14-f368-4196-b68a-fdb1e1554fc8,2.0,request gbu 38,5.067755,
NARRATIVE_SECTION_END,367318,6/26/2026 12:58:29 PM,656b7e14-f368-4196-b68a-fdb1e1554fc8,2.0,,,,,,,,,,,,,,,,,,Request GBU 38,40,
NARRATIVE_SECTION_START,367334,6/26/2026 12:58:29 PM,656b7e14-f368-4196-b68a-fdb1e1554fc8,2.0,,,,,,,,,,,,,,,,,,Razor 1 inbound,41,
TOOL_HOVER,367380,6/26/2026 12:58:29 PM,656b7e14-f368-4196-b68a-fdb1e1554fc8,2.0,,,,,,,,,,,,,,,,,,,,,,,,,,,,,,,,,,,,,,,,,,,,,,996,,Fox Shield,
PLAYER_POSITIONS,367474,6/26/2026 12:58:29 PM,656b7e14-f368-4196-b68a-fdb1e1554fc8,2.0,,,,,,,,,,,,,,,,,,,,,,,,,,,,,,,,,,,"(-17.3, 0.6, -1.0)","(-17.3, 0.9, -1.0)","(-17.3, 0.7, -0.5)",
PLAYER_POSITIONS,367474,6/26/2026 12:58:29 PM,656b7e14-f368-4196-b68a-fdb1e1554fc8,2.0,,,,,,,,,,,,,,,,,,,,,,,,,,,,,,,,,,,"(-17.3, 0.6, -1.0)","(-17.3, 0.9, -1.0)","(-17.3, 0.7, -0.5)",
TOOL_HOVER,367780,6/26/2026 12:58:29 PM,656b7e14-f368-4196-b68a-fdb1e1554fc8,2.0,,,,,,,,,,,,,,,,,,,,,,,,,,,,,,,,,,,,,,,,,,,,,,996,,Fox Shield,
PLAYER_POSITIONS,367984,6/26/2026 12:58:30 PM,656b7e14-f368-4196-b68a-fdb1e1554fc8,2.0,,,,,,,,,,,,,,,,,,,,,,,,,,,,,,,,,,,"(-17.3, 0.5, -1.0)","(-17.2, 0.9, -1.0)","(-17.2, 0.7, -0.4)",
PLAYER_POSITIONS,367984,6/26/2026 12:58:30 PM,656b7e14-f368-4196-b68a-fdb1e1554fc8,2.0,,,,,,,,,,,,,,,,,,,,,,,,,,,,,,,,,,,"(-17.3, 0.5, -1.0)","(-17.2, 0.9, -1.0)","(-17.2, 0.7, -0.4)",
TOOL_SELECTED,368094,6/26/2026 12:58:30 PM,656b7e14-f368-4196-b68a-fdb1e1554fc8,2.0,,,,,,,,,,,,,,,,,,,,,,,,,,,,,,,,,,,,,,,,,,,,,,995,,Fox Shield,
BAG_CLOSED,368469,6/26/2026 12:58:30 PM,656b7e14-f368-4196-b68a-fdb1e1554fc8,2.0,,,,,,,,,,,,,,,,,,,,,,,,,,,,,,,,,,,,"(0.0, 0.0, 0.0)",
PLAYER_POSITIONS,368505,6/26/2026 12:58:30 PM,656b7e14-f368-4196-b68a-fdb1e1554fc8,2.0,,,,,,,,,,,,,,,,,,,,,,,,,,,,,,,,,,,"(-17.3, 0.6, -1.1)","(-17.3, 0.8, -1.1)","(-17.5, 0.5, -0.7)",
PLAYER_POSITIONS,368505,6/26/2026 12:58:30 PM,656b7e14-f368-4196-b68a-fdb1e1554fc8,2.0,,,,,,,,,,,,,,,,,,,,,,,,,,,,,,,,,,,"(-17.3, 0.6, -1.1)","(-17.3, 0.8, -1.1)","(-17.5, 0.5, -0.7)",
PLAYER_POSITIONS,369005,6/26/2026 12:58:31 PM,656b7e14-f368-4196-b68a-fdb1e1554fc8,2.0,,,,,,,,,,,,,,,,,,,,,,,,,,,,,,,,,,,"(-17.4, 0.6, -1.2)","(-17.5, 0.8, -1.2)","(-17.7, 0.3, -1.1)",
PLAYER_POSITIONS,369005,6/26/2026 12:58:31 PM,656b7e14-f368-4196-b68a-fdb1e1554fc8,2.0,,,,,,,,,,,,,,,,,,,,,,,,,,,,,,,,,,,"(-17.4, 0.6, -1.2)","(-17.5, 0.8, -1.2)","(-17.7, 0.3, -1.1)",
VOICE_CAPTURE,369005,6/26/2026 12:58:31 PM,656b7e14-f368-4196-b68a-fdb1e1554fc8,2.0,,,,,,,,,,,,,,,,,,,,,,,,,,,,,,,,,,,,,,,,,,,,,,,,,,,NA,Not bad.,
AUDIO_START,369342,6/26/2026 12:58:31 PM,656b7e14-f368-4196-b68a-fdb1e1554fc8,2.0,razor 1 inbound,3.343673,
TOOL_APPLIED,369454,6/26/2026 12:58:31 PM,656b7e14-f368-4196-b68a-fdb1e1554fc8,2.0,,,,,,,,,,,,,,,,,,,,,,,,Civilian PT 7,,,,,,,,,,,,,,,,,,,,AppliedFoxShield,LeftEye (UnityEngine.GameObject),,null,Fox Shield,
PLAYER_POSITIONS,369530,6/26/2026 12:58:31 PM,656b7e14-f368-4196-b68a-fdb1e1554fc8,2.0,,,,,,,,,,,,,,,,,,,,,,,,,,,,,,,,,,,"(-17.4, 0.6, -1.1)","(-17.5, 0.8, -1.2)","(-17.7, 0.4, -1.0)",
PLAYER_POSITIONS,369530,6/26/2026 12:58:31 PM,656b7e14-f368-4196-b68a-fdb1e1554fc8,2.0,,,,,,,,,,,,,,,,,,,,,,,,,,,,,,,,,,,"(-17.4, 0.6, -1.1)","(-17.5, 0.8, -1.2)","(-17.7, 0.4, -1.0)",
VOICE_CAPTURE,369530,6/26/2026 12:58:31 PM,656b7e14-f368-4196-b68a-fdb1e1554fc8,2.0,,,,,,,,,,,,,,,,,,,,,,,,,,,,,,,,,,,,,,,,,,,,,,,,,,,NA,Not bad.,
VOICE_CAPTURE,369530,6/26/2026 12:58:31 PM,656b7e14-f368-4196-b68a-fdb1e1554fc8,2.0,,,,,,,,,,,,,,,,,,,,,,,,,,,,,,,,,,,,,,,,,,,,,,,,,,,NA,Not bad.,
PLAYER_POSITIONS,370031,6/26/2026 12:58:32 PM,656b7e14-f368-4196-b68a-fdb1e1554fc8,2.0,,,,,,,,,,,,,,,,,,,,,,,,,,,,,,,,,,,"(-17.4, 0.6, -1.1)","(-17.5, 0.8, -1.2)","(-17.6, 0.4, -0.9)",
PLAYER_POSITIONS,370031,6/26/2026 12:58:32 PM,656b7e14-f368-4196-b68a-fdb1e1554fc8,2.0,,,,,,,,,,,,,,,,,,,,,,,,,,,,,,,,,,,"(-17.4, 0.6, -1.1)","(-17.5, 0.8, -1.2)","(-17.6, 0.4, -0.9)",
PLAYER_POSITIONS,370541,6/26/2026 12:58:32 PM,656b7e14-f368-4196-b68a-fdb1e1554fc8,2.0,,,,,,,,,,,,,,,,,,,,,,,,,,,,,,,,,,,"(-17.4, 0.6, -1.2)","(-17.5, 0.8, -1.3)","(-17.5, 0.5, -1.0)",
PLAYER_POSITIONS,370541,6/26/2026 12:58:32 PM,656b7e14-f368-4196-b68a-fdb1e1554fc8,2.0,,,,,,,,,,,,,,,,,,,,,,,,,,,,,,,,,,,"(-17.4, 0.6, -1.2)","(-17.5, 0.8, -1.3)","(-17.5, 0.5, -1.0)",
TOOL_HOVER,370807,6/26/2026 12:58:32 PM,656b7e14-f368-4196-b68a-fdb1e1554fc8,2.0,,,,,,,,,,,,,,,,,,,,,,,,,,,,,,,,,,,,,,,,,,,,,,999,,SAM Splint,
PLAYER_POSITIONS,371054,6/26/2026 12:58:33 PM,656b7e14-f368-4196-b68a-fdb1e1554fc8,2.0,,,,,,,,,,,,,,,,,,,,,,,,,,,,,,,,,,,"(-17.4, 0.6, -1.2)","(-17.5, 0.8, -1.2)","(-17.4, 0.4, -0.7)",
PLAYER_GAZE,371054,6/26/2026 12:58:33 PM,656b7e14-f368-4196-b68a-fdb1e1554fc8,2.0,,,,,,,,,,,,,,,,,,,,,,,,Civilian PT 7,,,,,,,,,"(0.1, 0.8, -1.1)",,,"(-17.6, 0.0, -0.1)",
PLAYER_POSITIONS,371054,6/26/2026 12:58:33 PM,656b7e14-f368-4196-b68a-fdb1e1554fc8,2.0,,,,,,,,,,,,,,,,,,,,,,,,,,,,,,,,,,,"(-17.4, 0.6, -1.2)","(-17.5, 0.8, -1.2)","(-17.4, 0.4, -0.7)",
PLAYER_GAZE,371054,6/26/2026 12:58:33 PM,656b7e14-f368-4196-b68a-fdb1e1554fc8,2.0,,,,,,,,,,,,,,,,,,,,,,,,Civilian PT 7,,,,,,,,,"(0.1, 0.8, -1.1)",,,"(-17.6, 0.0, -0.1)",
PLAYER_POSITIONS,371565,6/26/2026 12:58:33 PM,656b7e14-f368-4196-b68a-fdb1e1554fc8,2.0,,,,,,,,,,,,,,,,,,,,,,,,,,,,,,,,,,,"(-17.4, 0.5, -1.2)","(-17.4, 0.8, -1.2)","(-17.2, 0.3, -0.8)",
PLAYER_GAZE,371565,6/26/2026 12:58:33 PM,656b7e14-f368-4196-b68a-fdb1e1554fc8,2.0,,,,,,,,,,,,,,,,,,,,,,,,Civilian PT 7,,,,,,,,,"(0.1, 0.8, -1.1)",,,"(-17.6, 0.0, -0.1)",
PLAYER_POSITIONS,371565,6/26/2026 12:58:33 PM,656b7e14-f368-4196-b68a-fdb1e1554fc8,2.0,,,,,,,,,,,,,,,,,,,,,,,,,,,,,,,,,,,"(-17.4, 0.5, -1.2)","(-17.4, 0.8, -1.2)","(-17.2, 0.3, -0.8)",
PLAYER_GAZE,371565,6/26/2026 12:58:33 PM,656b7e14-f368-4196-b68a-fdb1e1554fc8,2.0,,,,,,,,,,,,,,,,,,,,,,,,Civilian PT 7,,,,,,,,,"(0.1, 0.8, -1.1)",,,"(-17.6, 0.0, -0.1)",
PLAYER_POSITIONS,372064,6/26/2026 12:58:34 PM,656b7e14-f368-4196-b68a-fdb1e1554fc8,2.0,,,,,,,,,,,,,,,,,,,,,,,,,,,,,,,,,,,"(-17.4, 0.5, -1.2)","(-17.4, 0.8, -1.2)","(-17.3, 0.4, -0.8)",
PLAYER_GAZE,372064,6/26/2026 12:58:34 PM,656b7e14-f368-4196-b68a-fdb1e1554fc8,2.0,,,,,,,,,,,,,,,,,,,,,,,,Civilian PT 7,,,,,,,,,"(0.1, 0.8, -1.1)",,,"(-17.6, 0.0, -0.1)",
PLAYER_POSITIONS,372064,6/26/2026 12:58:34 PM,656b7e14-f368-4196-b68a-fdb1e1554fc8,2.0,,,,,,,,,,,,,,,,,,,,,,,,,,,,,,,,,,,"(-17.4, 0.5, -1.2)","(-17.4, 0.8, -1.2)","(-17.3, 0.4, -0.8)",
PLAYER_GAZE,372064,6/26/2026 12:58:34 PM,656b7e14-f368-4196-b68a-fdb1e1554fc8,2.0,,,,,,,,,,,,,,,,,,,,,,,,Civilian PT 7,,,,,,,,,"(0.1, 0.8, -1.1)",,,"(-17.6, 0.0, -0.1)",
TOOL_HOVER,372494,6/26/2026 12:58:34 PM,656b7e14-f368-4196-b68a-fdb1e1554fc8,2.0,,,,,,,,,,,,,,,,,,,,,,,,,,,,,,,,,,,,,,,,,,,,,,995,,Tourniquet,
PLAYER_POSITIONS,372585,6/26/2026 12:58:34 PM,656b7e14-f368-4196-b68a-fdb1e1554fc8,2.0,,,,,,,,,,,,,,,,,,,,,,,,,,,,,,,,,,,"(-17.4, 0.5, -1.2)","(-17.4, 0.8, -1.2)","(-17.5, 0.3, -0.8)",
PLAYER_GAZE,372585,6/26/2026 12:58:34 PM,656b7e14-f368-4196-b68a-fdb1e1554fc8,2.0,,,,,,,,,,,,,,,,,,,,,,,,Civilian PT 7,,,,,,,,,"(0.1, 0.8, -1.1)",,,"(-17.6, 0.0, -0.1)",
PLAYER_POSITIONS,372585,6/26/2026 12:58:34 PM,656b7e14-f368-4196-b68a-fdb1e1554fc8,2.0,,,,,,,,,,,,,,,,,,,,,,,,,,,,,,,,,,,"(-17.4, 0.5, -1.2)","(-17.4, 0.8, -1.2)","(-17.5, 0.3, -0.8)",
PLAYER_GAZE,372585,6/26/2026 12:58:34 PM,656b7e14-f368-4196-b68a-fdb1e1554fc8,2.0,,,,,,,,,,,,,,,,,,,,,,,,Civilian PT 7,,,,,,,,,"(0.1, 0.8, -1.1)",,,"(-17.6, 0.0, -0.1)",
TOOL_HOVER,372683,6/26/2026 12:58:34 PM,656b7e14-f368-4196-b68a-fdb1e1554fc8,2.0,,,,,,,,,,,,,,,,,,,,,,,,,,,,,,,,,,,,,,,,,,,,,,998,,Gauze Wrap,
AUDIO_END,372685,6/26/2026 12:58:34 PM,656b7e14-f368-4196-b68a-fdb1e1554fc8,2.0,razor 1 inbound,3.343673,
NARRATIVE_SECTION_END,372685,6/26/2026 12:58:34 PM,656b7e14-f368-4196-b68a-fdb1e1554fc8,2.0,,,,,,,,,,,,,,,,,,Razor 1 inbound,41,
NARRATIVE_SECTION_START,372704,6/26/2026 12:58:34 PM,656b7e14-f368-4196-b68a-fdb1e1554fc8,2.0,,,,,,,,,,,,,,,,,,Delta this is razor 1 cleared hot,42,
TOOL_SELECTED,373018,6/26/2026 12:58:35 PM,656b7e14-f368-4196-b68a-fdb1e1554fc8,2.0,,,,,,,,,,,,,,,,,,,,,,,,,,,,,,,,,,,,,,,,,,,,,,997,,Gauze Wrap,
PLAYER_POSITIONS,373097,6/26/2026 12:58:35 PM,656b7e14-f368-4196-b68a-fdb1e1554fc8,2.0,,,,,,,,,,,,,,,,,,,,,,,,,,,,,,,,,,,"(-17.4, 0.5, -1.2)","(-17.4, 0.8, -1.2)","(-17.5, 0.3, -0.7)",
PLAYER_POSITIONS,373097,6/26/2026 12:58:35 PM,656b7e14-f368-4196-b68a-fdb1e1554fc8,2.0,,,,,,,,,,,,,,,,,,,,,,,,,,,,,,,,,,,"(-17.4, 0.5, -1.2)","(-17.4, 0.8, -1.2)","(-17.5, 0.3, -0.7)",
PLAYER_POSITIONS,373617,6/26/2026 12:58:35 PM,656b7e14-f368-4196-b68a-fdb1e1554fc8,2.0,,,,,,,,,,,,,,,,,,,,,,,,,,,,,,,,,,,"(-17.4, 0.6, -1.2)","(-17.5, 0.8, -1.3)","(-17.7, 0.5, -1.1)",
PLAYER_POSITIONS,373617,6/26/2026 12:58:35 PM,656b7e14-f368-4196-b68a-fdb1e1554fc8,2.0,,,,,,,,,,,,,,,,,,,,,,,,,,,,,,,,,,,"(-17.4, 0.6, -1.2)","(-17.5, 0.8, -1.3)","(-17.7, 0.5, -1.1)",
INJURY_TREATED,373885,6/26/2026 12:58:36 PM,656b7e14-f368-4196-b68a-fdb1e1554fc8,2.0,,,,,,,,,head,Bleeding Scalp,"(-17.8, 0.4, -1.1)",israeliWrap,1,0,medium,False,False,,,,,,,Civilian PT 7,
TOOL_APPLIED,373885,6/26/2026 12:58:36 PM,656b7e14-f368-4196-b68a-fdb1e1554fc8,2.0,,,,,,,,,,,,,,,,,,,,,,,,Civilian PT 7,,,,,,,,,,,,,,,,,,,,AppliedGauzeWrap,skinCollider_BodyGar_LOD (UnityEngine.GameObject),,Gauze Wrap(Clone) (UnityEngine.GameObject),Gauze Wrap,
PLAYER_POSITIONS,374128,6/26/2026 12:58:36 PM,656b7e14-f368-4196-b68a-fdb1e1554fc8,2.0,,,,,,,,,,,,,,,,,,,,,,,,,,,,,,,,,,,"(-17.4, 0.6, -1.2)","(-17.5, 0.8, -1.3)","(-17.7, 0.4, -1.1)",
PLAYER_POSITIONS,374128,6/26/2026 12:58:36 PM,656b7e14-f368-4196-b68a-fdb1e1554fc8,2.0,,,,,,,,,,,,,,,,,,,,,,,,,,,,,,,,,,,"(-17.4, 0.6, -1.2)","(-17.5, 0.8, -1.3)","(-17.7, 0.4, -1.1)",
TOOL_HOVER,374579,6/26/2026 12:58:36 PM,656b7e14-f368-4196-b68a-fdb1e1554fc8,2.0,,,,,,,,,,,,,,,,,,,,,,,,,,,,,,,,,,,,,,,,,,,,,,995,,Tourniquet,
PLAYER_POSITIONS,374628,6/26/2026 12:58:36 PM,656b7e14-f368-4196-b68a-fdb1e1554fc8,2.0,,,,,,,,,,,,,,,,,,,,,,,,,,,,,,,,,,,"(-17.4, 0.6, -1.2)","(-17.5, 0.8, -1.3)","(-17.4, 0.3, -1.0)",
PLAYER_POSITIONS,374628,6/26/2026 12:58:36 PM,656b7e14-f368-4196-b68a-fdb1e1554fc8,2.0,,,,,,,,,,,,,,,,,,,,,,,,,,,,,,,,,,,"(-17.4, 0.6, -1.2)","(-17.5, 0.8, -1.3)","(-17.4, 0.3, -1.0)",
AUDIO_START,374699,6/26/2026 12:58:36 PM,656b7e14-f368-4196-b68a-fdb1e1554fc8,2.0,delta this is razor 1 cleared hot,4.362449,
BAG_CLOSED,374825,6/26/2026 12:58:36 PM,656b7e14-f368-4196-b68a-fdb1e1554fc8,2.0,,,,,,,,,,,,,,,,,,,,,,,,,,,,,,,,,,,,"(0.0, 0.0, 0.0)",
PLAYER_POSITIONS,375129,6/26/2026 12:58:37 PM,656b7e14-f368-4196-b68a-fdb1e1554fc8,2.0,,,,,,,,,,,,,,,,,,,,,,,,,,,,,,,,,,,"(-17.3, 0.5, -1.1)","(-17.3, 0.8, -1.0)","(-17.2, 0.4, -0.8)",
PLAYER_POSITIONS,375129,6/26/2026 12:58:37 PM,656b7e14-f368-4196-b68a-fdb1e1554fc8,2.0,,,,,,,,,,,,,,,,,,,,,,,,,,,,,,,,,,,"(-17.3, 0.5, -1.1)","(-17.3, 0.8, -1.0)","(-17.2, 0.4, -0.8)",
TOOL_HOVER,375515,6/26/2026 12:58:37 PM,656b7e14-f368-4196-b68a-fdb1e1554fc8,2.0,,,,,,,,,,,,,,,,,,,,,,,,,,,,,,,,,,,,,,,,,,,,,,999,,SAM Splint,
PLAYER_POSITIONS,375639,6/26/2026 12:58:37 PM,656b7e14-f368-4196-b68a-fdb1e1554fc8,2.0,,,,,,,,,,,,,,,,,,,,,,,,,,,,,,,,,,,"(-17.2, 0.5, -1.1)","(-17.3, 0.8, -1.0)","(-17.2, 0.5, -0.7)",
PLAYER_POSITIONS,375639,6/26/2026 12:58:37 PM,656b7e14-f368-4196-b68a-fdb1e1554fc8,2.0,,,,,,,,,,,,,,,,,,,,,,,,,,,,,,,,,,,"(-17.2, 0.5, -1.1)","(-17.3, 0.8, -1.0)","(-17.2, 0.5, -0.7)",
PLAYER_POSITIONS,376162,6/26/2026 12:58:38 PM,656b7e14-f368-4196-b68a-fdb1e1554fc8,2.0,,,,,,,,,,,,,,,,,,,,,,,,,,,,,,,,,,,"(-17.3, 0.5, -1.0)","(-17.2, 0.8, -1.0)","(-17.1, 0.2, -0.6)",
PLAYER_POSITIONS,376162,6/26/2026 12:58:38 PM,656b7e14-f368-4196-b68a-fdb1e1554fc8,2.0,,,,,,,,,,,,,,,,,,,,,,,,,,,,,,,,,,,"(-17.3, 0.5, -1.0)","(-17.2, 0.8, -1.0)","(-17.1, 0.2, -0.6)",
PLAYER_POSITIONS,376679,6/26/2026 12:58:38 PM,656b7e14-f368-4196-b68a-fdb1e1554fc8,2.0,,,,,,,,,,,,,,,,,,,,,,,,,,,,,,,,,,,"(-17.3, 0.5, -1.0)","(-17.2, 0.8, -1.0)","(-17.2, 0.3, -0.7)",
PLAYER_POSITIONS,376679,6/26/2026 12:58:38 PM,656b7e14-f368-4196-b68a-fdb1e1554fc8,2.0,,,,,,,,,,,,,,,,,,,,,,,,,,,,,,,,,,,"(-17.3, 0.5, -1.0)","(-17.2, 0.8, -1.0)","(-17.2, 0.3, -0.7)",
PLAYER_POSITIONS,377186,6/26/2026 12:58:39 PM,656b7e14-f368-4196-b68a-fdb1e1554fc8,2.0,,,,,,,,,,,,,,,,,,,,,,,,,,,,,,,,,,,"(-17.3, 0.5, -1.0)","(-17.2, 0.7, -1.0)","(-17.1, 0.3, -0.8)",
PLAYER_POSITIONS,377186,6/26/2026 12:58:39 PM,656b7e14-f368-4196-b68a-fdb1e1554fc8,2.0,,,,,,,,,,,,,,,,,,,,,,,,,,,,,,,,,,,"(-17.3, 0.5, -1.0)","(-17.2, 0.7, -1.0)","(-17.1, 0.3, -0.8)",
PLAYER_POSITIONS,377697,6/26/2026 12:58:39 PM,656b7e14-f368-4196-b68a-fdb1e1554fc8,2.0,,,,,,,,,,,,,,,,,,,,,,,,,,,,,,,,,,,"(-17.3, 0.5, -1.1)","(-17.2, 0.7, -1.0)","(-17.1, 0.3, -0.7)",
PLAYER_POSITIONS,377697,6/26/2026 12:58:39 PM,656b7e14-f368-4196-b68a-fdb1e1554fc8,2.0,,,,,,,,,,,,,,,,,,,,,,,,,,,,,,,,,,,"(-17.3, 0.5, -1.1)","(-17.2, 0.7, -1.0)","(-17.1, 0.3, -0.7)",
TAG_SELECTED,378152,6/26/2026 12:58:40 PM,656b7e14-f368-4196-b68a-fdb1e1554fc8,2.0,,,,,,,,,,,,,,,,,,,,,,,,,,,,,,,,,,,,,,,,,,green,
PLAYER_POSITIONS,378197,6/26/2026 12:58:40 PM,656b7e14-f368-4196-b68a-fdb1e1554fc8,2.0,,,,,,,,,,,,,,,,,,,,,,,,,,,,,,,,,,,"(-17.2, 0.5, -1.0)","(-17.2, 0.8, -1.0)","(-17.0, 0.4, -0.6)",
PLAYER_POSITIONS,378197,6/26/2026 12:58:40 PM,656b7e14-f368-4196-b68a-fdb1e1554fc8,2.0,,,,,,,,,,,,,,,,,,,,,,,,,,,,,,,,,,,"(-17.2, 0.5, -1.0)","(-17.2, 0.8, -1.0)","(-17.0, 0.4, -0.6)",
PLAYER_POSITIONS,378719,6/26/2026 12:58:40 PM,656b7e14-f368-4196-b68a-fdb1e1554fc8,2.0,,,,,,,,,,,,,,,,,,,,,,,,,,,,,,,,,,,"(-17.3, 0.5, -1.1)","(-17.3, 0.7, -1.0)","(-17.3, 0.1, -0.9)",
PLAYER_POSITIONS,378719,6/26/2026 12:58:40 PM,656b7e14-f368-4196-b68a-fdb1e1554fc8,2.0,,,,,,,,,,,,,,,,,,,,,,,,,,,,,,,,,,,"(-17.3, 0.5, -1.1)","(-17.3, 0.7, -1.0)","(-17.3, 0.1, -0.9)",
AUDIO_END,379062,6/26/2026 12:58:41 PM,656b7e14-f368-4196-b68a-fdb1e1554fc8,2.0,delta this is razor 1 cleared hot,4.362449,
NARRATIVE_SECTION_END,379062,6/26/2026 12:58:41 PM,656b7e14-f368-4196-b68a-fdb1e1554fc8,2.0,,,,,,,,,,,,,,,,,,Delta this is razor 1 cleared hot,42,
NARRATIVE_SECTION_START,379114,6/26/2026 12:58:41 PM,656b7e14-f368-4196-b68a-fdb1e1554fc8,2.0,,,,,,,,,,,,,,,,,,Distant Jet,43,
TAG_APPLIED,379141,6/26/2026 12:58:41 PM,656b7e14-f368-4196-b68a-fdb1e1554fc8,2.0,,,,,,,,,,,,,,,,,,,,,,,,Civilian PT 7,,,,,,,,,,,,,,,,,,green,
PLAYER_POSITIONS,379229,6/26/2026 12:58:41 PM,656b7e14-f368-4196-b68a-fdb1e1554fc8,2.0,,,,,,,,,,,,,,,,,,,,,,,,,,,,,,,,,,,"(-17.3, 0.5, -1.1)","(-17.3, 0.7, -1.0)","(-17.5, 0.0, -0.9)",
PLAYER_POSITIONS,379229,6/26/2026 12:58:41 PM,656b7e14-f368-4196-b68a-fdb1e1554fc8,2.0,,,,,,,,,,,,,,,,,,,,,,,,,,,,,,,,,,,"(-17.3, 0.5, -1.1)","(-17.3, 0.7, -1.0)","(-17.5, 0.0, -0.9)",
PLAYER_POSITIONS,379734,6/26/2026 12:58:41 PM,656b7e14-f368-4196-b68a-fdb1e1554fc8,2.0,,,,,,,,,,,,,,,,,,,,,,,,,,,,,,,,,,,"(-17.3, 0.5, -1.1)","(-17.4, 0.8, -1.1)","(-17.3, 0.1, -0.9)",
PLAYER_POSITIONS,379734,6/26/2026 12:58:41 PM,656b7e14-f368-4196-b68a-fdb1e1554fc8,2.0,,,,,,,,,,,,,,,,,,,,,,,,,,,,,,,,,,,"(-17.3, 0.5, -1.1)","(-17.4, 0.8, -1.1)","(-17.3, 0.1, -0.9)",
BAG_CLOSED,380109,6/26/2026 12:58:42 PM,656b7e14-f368-4196-b68a-fdb1e1554fc8,2.0,,,,,,,,,,,,,,,,,,,,,,,,,,,,,,,,,,,,"(0.0, 0.0, 0.0)",
PLAYER_POSITIONS,380235,6/26/2026 12:58:42 PM,656b7e14-f368-4196-b68a-fdb1e1554fc8,2.0,,,,,,,,,,,,,,,,,,,,,,,,,,,,,,,,,,,"(-17.2, 0.5, -1.1)","(-17.3, 1.2, -0.9)","(-17.2, 0.5, -0.9)",
PLAYER_POSITIONS,380235,6/26/2026 12:58:42 PM,656b7e14-f368-4196-b68a-fdb1e1554fc8,2.0,,,,,,,,,,,,,,,,,,,,,,,,,,,,,,,,,,,"(-17.2, 0.5, -1.1)","(-17.3, 1.2, -0.9)","(-17.2, 0.5, -0.9)",
PLAYER_POSITIONS,380747,6/26/2026 12:58:42 PM,656b7e14-f368-4196-b68a-fdb1e1554fc8,2.0,,,,,,,,,,,,,,,,,,,,,,,,,,,,,,,,,,,"(-16.9, 1.0, -0.9)","(-16.6, 1.7, -0.8)","(-16.6, 0.9, -0.7)",
PLAYER_POSITIONS,380747,6/26/2026 12:58:42 PM,656b7e14-f368-4196-b68a-fdb1e1554fc8,2.0,,,,,,,,,,,,,,,,,,,,,,,,,,,,,,,,,,,"(-16.9, 1.0, -0.9)","(-16.6, 1.7, -0.8)","(-16.6, 0.9, -0.7)",
PLAYER_POSITIONS,381261,6/26/2026 12:58:43 PM,656b7e14-f368-4196-b68a-fdb1e1554fc8,2.0,,,,,,,,,,,,,,,,,,,,,,,,,,,,,,,,,,,"(-16.6, 1.1, -0.6)","(-16.5, 1.7, -0.9)","(-16.2, 0.9, -0.8)",
PLAYER_POSITIONS,381261,6/26/2026 12:58:43 PM,656b7e14-f368-4196-b68a-fdb1e1554fc8,2.0,,,,,,,,,,,,,,,,,,,,,,,,,,,,,,,,,,,"(-16.6, 1.1, -0.6)","(-16.5, 1.7, -0.9)","(-16.2, 0.9, -0.8)",
PLAYER_POSITIONS,381771,6/26/2026 12:58:43 PM,656b7e14-f368-4196-b68a-fdb1e1554fc8,2.0,,,,,,,,,,,,,,,,,,,,,,,,,,,,,,,,,,,"(-16.5, 1.0, -0.7)","(-16.6, 1.7, -1.0)","(-16.4, 0.9, -1.1)",
PLAYER_POSITIONS,381771,6/26/2026 12:58:43 PM,656b7e14-f368-4196-b68a-fdb1e1554fc8,2.0,,,,,,,,,,,,,,,,,,,,,,,,,,,,,,,,,,,"(-16.5, 1.0, -0.7)","(-16.6, 1.7, -1.0)","(-16.4, 0.9, -1.1)",
PATIENT_DISENGAGED,382056,6/26/2026 12:58:44 PM,656b7e14-f368-4196-b68a-fdb1e1554fc8,2.0,,,,32.79,,,,,,,,,,,,,,,,normal,100,Infinity,normal,Civilian PT 7,agony,recovery,"(-17.6, -0.1, -0.1)",normal,"(0.0, 0.5, 0.0, 0.9)",normal,DELAYED,still,,,,,,,,,,,,,,,,,36.48,
PATIENT_ENGAGED,382057,6/26/2026 12:58:44 PM,656b7e14-f368-4196-b68a-fdb1e1554fc8,2.0,,,,0,,,,,,,,,,,,,,,,fast,100,Infinity,normal,Civilian PT 8,upset,sittingGround,"(-15.8, -0.1, -1.8)",fast,"(0.0, 0.4, 0.0, 0.9)",normal,IMMEDIATE,still,,,,,,,,,,,,,,,,,30.67,
AUDIO_START,382115,6/26/2026 12:58:44 PM,656b7e14-f368-4196-b68a-fdb1e1554fc8,2.0,distant jet,10.13551,
PLAYER_POSITIONS,382271,6/26/2026 12:58:44 PM,656b7e14-f368-4196-b68a-fdb1e1554fc8,2.0,,,,,,,,,,,,,,,,,,,,,,,,,,,,,,,,,,,"(-16.6, 1.0, -0.8)","(-16.7, 1.7, -1.0)","(-16.6, 0.9, -1.2)",
PLAYER_GAZE,382271,6/26/2026 12:58:44 PM,656b7e14-f368-4196-b68a-fdb1e1554fc8,2.0,,,,,,,,,,,,,,,,,,,,,,,,Civilian PT 8,,,,,,,,,"(-1.0, 1.7, 0.8)",,,"(-15.8, 0.0, -1.8)",
PLAYER_POSITIONS,382271,6/26/2026 12:58:44 PM,656b7e14-f368-4196-b68a-fdb1e1554fc8,2.0,,,,,,,,,,,,,,,,,,,,,,,,,,,,,,,,,,,"(-16.6, 1.0, -0.8)","(-16.7, 1.7, -1.0)","(-16.6, 0.9, -1.2)",
PLAYER_GAZE,382271,6/26/2026 12:58:44 PM,656b7e14-f368-4196-b68a-fdb1e1554fc8,2.0,,,,,,,,,,,,,,,,,,,,,,,,Civilian PT 8,,,,,,,,,"(-1.0, 1.7, 0.8)",,,"(-15.8, 0.0, -1.8)",
PLAYER_POSITIONS,382776,6/26/2026 12:58:44 PM,656b7e14-f368-4196-b68a-fdb1e1554fc8,2.0,,,,,,,,,,,,,,,,,,,,,,,,,,,,,,,,,,,"(-16.5, 1.0, -0.7)","(-16.7, 1.7, -0.9)","(-16.4, 1.0, -1.1)",
PLAYER_POSITIONS,382776,6/26/2026 12:58:44 PM,656b7e14-f368-4196-b68a-fdb1e1554fc8,2.0,,,,,,,,,,,,,,,,,,,,,,,,,,,,,,,,,,,"(-16.5, 1.0, -0.7)","(-16.7, 1.7, -0.9)","(-16.4, 1.0, -1.1)",
PLAYER_POSITIONS,383287,6/26/2026 12:58:45 PM,656b7e14-f368-4196-b68a-fdb1e1554fc8,2.0,,,,,,,,,,,,,,,,,,,,,,,,,,,,,,,,,,,"(-16.5, 1.0, -0.6)","(-16.5, 1.7, -0.8)","(-16.3, 1.0, -0.9)",
PLAYER_GAZE,383287,6/26/2026 12:58:45 PM,656b7e14-f368-4196-b68a-fdb1e1554fc8,2.0,,,,,,,,,,,,,,,,,,,,,,,,Civilian PT 15,,,,,,,,,"(-2.2, 1.7, -0.5)",,,"(-14.4, 0.0, -0.3)",
PLAYER_POSITIONS,383287,6/26/2026 12:58:45 PM,656b7e14-f368-4196-b68a-fdb1e1554fc8,2.0,,,,,,,,,,,,,,,,,,,,,,,,,,,,,,,,,,,"(-16.5, 1.0, -0.6)","(-16.5, 1.7, -0.8)","(-16.3, 1.0, -0.9)",
PLAYER_GAZE,383287,6/26/2026 12:58:45 PM,656b7e14-f368-4196-b68a-fdb1e1554fc8,2.0,,,,,,,,,,,,,,,,,,,,,,,,Civilian PT 15,,,,,,,,,"(-2.2, 1.7, -0.5)",,,"(-14.4, 0.0, -0.3)",
PLAYER_POSITIONS,383799,6/26/2026 12:58:45 PM,656b7e14-f368-4196-b68a-fdb1e1554fc8,2.0,,,,,,,,,,,,,,,,,,,,,,,,,,,,,,,,,,,"(-16.4, 1.1, -0.6)","(-16.4, 1.7, -0.8)","(-16.1, 1.1, -0.7)",
PLAYER_POSITIONS,383799,6/26/2026 12:58:45 PM,656b7e14-f368-4196-b68a-fdb1e1554fc8,2.0,,,,,,,,,,,,,,,,,,,,,,,,,,,,,,,,,,,"(-16.4, 1.1, -0.6)","(-16.4, 1.7, -0.8)","(-16.1, 1.1, -0.7)",
PATIENT_DISENGAGED,384261,6/26/2026 12:58:46 PM,656b7e14-f368-4196-b68a-fdb1e1554fc8,2.0,,,,2.23,,,,,,,,,,,,,,,,fast,100,Infinity,normal,Civilian PT 8,upset,sittingGround,"(-15.8, -0.1, -1.8)",fast,"(0.0, 0.4, 0.0, 0.9)",normal,IMMEDIATE,still,,,,,,,,,,,,,,,,,32.89,
PLAYER_POSITIONS,384308,6/26/2026 12:58:46 PM,656b7e14-f368-4196-b68a-fdb1e1554fc8,2.0,,,,,,,,,,,,,,,,,,,,,,,,,,,,,,,,,,,"(-16.4, 1.1, -0.4)","(-16.3, 1.7, -0.7)","(-16.0, 1.1, -0.6)",
PLAYER_POSITIONS,384308,6/26/2026 12:58:46 PM,656b7e14-f368-4196-b68a-fdb1e1554fc8,2.0,,,,,,,,,,,,,,,,,,,,,,,,,,,,,,,,,,,"(-16.4, 1.1, -0.4)","(-16.3, 1.7, -0.7)","(-16.0, 1.1, -0.6)",
TELEPORT,384484,6/26/2026 12:58:46 PM,656b7e14-f368-4196-b68a-fdb1e1554fc8,2.0,,,,,,,,,,,,,,,,,,,,,,,,,,,,,,,,,,,,"(-16.4, 1.7, -0.9)",,,,,,,"(-13.3, 1.7, 1.9)",
PLAYER_POSITIONS,384817,6/26/2026 12:58:46 PM,656b7e14-f368-4196-b68a-fdb1e1554fc8,2.0,,,,,,,,,,,,,,,,,,,,,,,,,,,,,,,,,,,"(-13.3, 1.0, 2.1)","(-13.2, 1.6, 1.9)","(-13.0, 1.0, 1.9)",
PLAYER_POSITIONS,384817,6/26/2026 12:58:46 PM,656b7e14-f368-4196-b68a-fdb1e1554fc8,2.0,,,,,,,,,,,,,,,,,,,,,,,,,,,,,,,,,,,"(-13.3, 1.0, 2.1)","(-13.2, 1.6, 1.9)","(-13.0, 1.0, 1.9)",
PLAYER_POSITIONS,385321,6/26/2026 12:58:47 PM,656b7e14-f368-4196-b68a-fdb1e1554fc8,2.0,,,,,,,,,,,,,,,,,,,,,,,,,,,,,,,,,,,"(-13.2, 1.0, 2.0)","(-13.3, 1.6, 1.7)","(-13.3, 0.8, 1.5)",
PLAYER_POSITIONS,385321,6/26/2026 12:58:47 PM,656b7e14-f368-4196-b68a-fdb1e1554fc8,2.0,,,,,,,,,,,,,,,,,,,,,,,,,,,,,,,,,,,"(-13.2, 1.0, 2.0)","(-13.3, 1.6, 1.7)","(-13.3, 0.8, 1.5)",
PLAYER_POSITIONS,385832,6/26/2026 12:58:47 PM,656b7e14-f368-4196-b68a-fdb1e1554fc8,2.0,,,,,,,,,,,,,,,,,,,,,,,,,,,,,,,,,,,"(-13.2, 1.0, 1.9)","(-13.4, 1.6, 1.8)","(-13.7, 0.8, 1.7)",
PLAYER_POSITIONS,385832,6/26/2026 12:58:47 PM,656b7e14-f368-4196-b68a-fdb1e1554fc8,2.0,,,,,,,,,,,,,,,,,,,,,,,,,,,,,,,,,,,"(-13.2, 1.0, 1.9)","(-13.4, 1.6, 1.8)","(-13.7, 0.8, 1.7)",
PLAYER_POSITIONS,386344,6/26/2026 12:58:48 PM,656b7e14-f368-4196-b68a-fdb1e1554fc8,2.0,,,,,,,,,,,,,,,,,,,,,,,,,,,,,,,,,,,"(-13.3, 1.0, 1.8)","(-13.5, 1.6, 1.8)","(-13.6, 0.8, 1.7)",
PLAYER_POSITIONS,386344,6/26/2026 12:58:48 PM,656b7e14-f368-4196-b68a-fdb1e1554fc8,2.0,,,,,,,,,,,,,,,,,,,,,,,,,,,,,,,,,,,"(-13.3, 1.0, 1.8)","(-13.5, 1.6, 1.8)","(-13.6, 0.8, 1.7)",
PLAYER_POSITIONS,386855,6/26/2026 12:58:48 PM,656b7e14-f368-4196-b68a-fdb1e1554fc8,2.0,,,,,,,,,,,,,,,,,,,,,,,,,,,,,,,,,,,"(-13.4, 1.0, 1.7)","(-13.6, 1.5, 1.7)","(-13.9, 1.0, 1.5)",
PLAYER_POSITIONS,386855,6/26/2026 12:58:48 PM,656b7e14-f368-4196-b68a-fdb1e1554fc8,2.0,,,,,,,,,,,,,,,,,,,,,,,,,,,,,,,,,,,"(-13.4, 1.0, 1.7)","(-13.6, 1.5, 1.7)","(-13.9, 1.0, 1.5)",
PATIENT_ENGAGED,387096,6/26/2026 12:58:49 PM,656b7e14-f368-4196-b68a-fdb1e1554fc8,2.0,,,,0,,,,,,,,,,,,,,,,normal,100,Infinity,normal,Civilian PT 3,upset,prone,"(-14.3, -0.1, 1.6)",normal,"(0.0, 0.0, 0.0, 1.0)",normal,DELAYED,still,,,,,,,,,,,,,,,,,20.73,
PLAYER_POSITIONS,387365,6/26/2026 12:58:49 PM,656b7e14-f368-4196-b68a-fdb1e1554fc8,2.0,,,,,,,,,,,,,,,,,,,,,,,,,,,,,,,,,,,"(-13.4, 1.0, 1.6)","(-13.5, 1.6, 1.8)","(-13.8, 1.0, 1.6)",
PLAYER_POSITIONS,387365,6/26/2026 12:58:49 PM,656b7e14-f368-4196-b68a-fdb1e1554fc8,2.0,,,,,,,,,,,,,,,,,,,,,,,,,,,,,,,,,,,"(-13.4, 1.0, 1.6)","(-13.5, 1.6, 1.8)","(-13.8, 1.0, 1.6)",
PLAYER_POSITIONS,387866,6/26/2026 12:58:49 PM,656b7e14-f368-4196-b68a-fdb1e1554fc8,2.0,,,,,,,,,,,,,,,,,,,,,,,,,,,,,,,,,,,"(-13.3, 1.0, 1.6)","(-13.5, 1.6, 1.8)","(-13.8, 0.9, 1.7)",
PLAYER_POSITIONS,387866,6/26/2026 12:58:49 PM,656b7e14-f368-4196-b68a-fdb1e1554fc8,2.0,,,,,,,,,,,,,,,,,,,,,,,,,,,,,,,,,,,"(-13.3, 1.0, 1.6)","(-13.5, 1.6, 1.8)","(-13.8, 0.9, 1.7)",
PLAYER_POSITIONS,388387,6/26/2026 12:58:50 PM,656b7e14-f368-4196-b68a-fdb1e1554fc8,2.0,,,,,,,,,,,,,,,,,,,,,,,,,,,,,,,,,,,"(-13.4, 1.0, 1.7)","(-13.5, 1.6, 1.8)","(-13.8, 0.9, 1.7)",
PLAYER_GAZE,388387,6/26/2026 12:58:50 PM,656b7e14-f368-4196-b68a-fdb1e1554fc8,2.0,,,,,,,,,,,,,,,,,,,,,,,,Civilian PT 3,,,,,,,,,"(0.8, 1.6, 0.2)",,,"(-14.3, 0.0, 1.6)",
PLAYER_POSITIONS,388387,6/26/2026 12:58:50 PM,656b7e14-f368-4196-b68a-fdb1e1554fc8,2.0,,,,,,,,,,,,,,,,,,,,,,,,,,,,,,,,,,,"(-13.4, 1.0, 1.7)","(-13.5, 1.6, 1.8)","(-13.8, 0.9, 1.7)",
PLAYER_GAZE,388387,6/26/2026 12:58:50 PM,656b7e14-f368-4196-b68a-fdb1e1554fc8,2.0,,,,,,,,,,,,,,,,,,,,,,,,Civilian PT 3,,,,,,,,,"(0.8, 1.6, 0.2)",,,"(-14.3, 0.0, 1.6)",
PLAYER_POSITIONS,388899,6/26/2026 12:58:51 PM,656b7e14-f368-4196-b68a-fdb1e1554fc8,2.0,,,,,,,,,,,,,,,,,,,,,,,,,,,,,,,,,,,"(-13.4, 1.0, 1.7)","(-13.5, 1.6, 1.9)","(-13.9, 1.1, 1.8)",
PLAYER_POSITIONS,388899,6/26/2026 12:58:51 PM,656b7e14-f368-4196-b68a-fdb1e1554fc8,2.0,,,,,,,,,,,,,,,,,,,,,,,,,,,,,,,,,,,"(-13.4, 1.0, 1.7)","(-13.5, 1.6, 1.9)","(-13.9, 1.1, 1.8)",
PLAYER_POSITIONS,389399,6/26/2026 12:58:51 PM,656b7e14-f368-4196-b68a-fdb1e1554fc8,2.0,,,,,,,,,,,,,,,,,,,,,,,,,,,,,,,,,,,"(-13.4, 1.0, 1.7)","(-13.5, 1.6, 1.9)","(-14.0, 1.2, 1.8)",
PLAYER_POSITIONS,389399,6/26/2026 12:58:51 PM,656b7e14-f368-4196-b68a-fdb1e1554fc8,2.0,,,,,,,,,,,,,,,,,,,,,,,,,,,,,,,,,,,"(-13.4, 1.0, 1.7)","(-13.5, 1.6, 1.9)","(-14.0, 1.2, 1.8)",
TOOL_HOVER,389485,6/26/2026 12:58:51 PM,656b7e14-f368-4196-b68a-fdb1e1554fc8,2.0,,,,,,,,,,,,,,,,,,,,,,,,,,,,,,,,,,,,,,,,,,,,,,997,,Fentanyl Lollipop,
TOOL_HOVER,389574,6/26/2026 12:58:51 PM,656b7e14-f368-4196-b68a-fdb1e1554fc8,2.0,,,,,,,,,,,,,,,,,,,,,,,,,,,,,,,,,,,,,,,,,,,,,,996,,Decompression Needle,
TOOL_HOVER,389885,6/26/2026 12:58:52 PM,656b7e14-f368-4196-b68a-fdb1e1554fc8,2.0,,,,,,,,,,,,,,,,,,,,,,,,,,,,,,,,,,,,,,,,,,,,,,995,,Fox Shield,
PLAYER_POSITIONS,389909,6/26/2026 12:58:52 PM,656b7e14-f368-4196-b68a-fdb1e1554fc8,2.0,,,,,,,,,,,,,,,,,,,,,,,,,,,,,,,,,,,"(-13.3, 1.0, 1.7)","(-13.5, 1.6, 1.8)","(-14.1, 1.2, 1.7)",
PLAYER_GAZE,389909,6/26/2026 12:58:52 PM,656b7e14-f368-4196-b68a-fdb1e1554fc8,2.0,,,,,,,,,,,,,,,,,,,,,,,,Civilian PT 3,,,,,,,,,"(0.8, 1.6, 0.2)",,,"(-14.3, 0.0, 1.6)",
PLAYER_POSITIONS,389909,6/26/2026 12:58:52 PM,656b7e14-f368-4196-b68a-fdb1e1554fc8,2.0,,,,,,,,,,,,,,,,,,,,,,,,,,,,,,,,,,,"(-13.3, 1.0, 1.7)","(-13.5, 1.6, 1.8)","(-14.1, 1.2, 1.7)",
PLAYER_GAZE,389909,6/26/2026 12:58:52 PM,656b7e14-f368-4196-b68a-fdb1e1554fc8,2.0,,,,,,,,,,,,,,,,,,,,,,,,Civilian PT 3,,,,,,,,,"(0.8, 1.6, 0.2)",,,"(-14.3, 0.0, 1.6)",
TOOL_HOVER,390286,6/26/2026 12:58:52 PM,656b7e14-f368-4196-b68a-fdb1e1554fc8,2.0,,,,,,,,,,,,,,,,,,,,,,,,,,,,,,,,,,,,,,,,,,,,,,999,,Antibiotics,
PLAYER_POSITIONS,390421,6/26/2026 12:58:52 PM,656b7e14-f368-4196-b68a-fdb1e1554fc8,2.0,,,,,,,,,,,,,,,,,,,,,,,,,,,,,,,,,,,"(-13.3, 1.0, 1.7)","(-13.5, 1.6, 1.8)","(-13.9, 1.1, 1.5)",
PLAYER_POSITIONS,390421,6/26/2026 12:58:52 PM,656b7e14-f368-4196-b68a-fdb1e1554fc8,2.0,,,,,,,,,,,,,,,,,,,,,,,,,,,,,,,,,,,"(-13.3, 1.0, 1.7)","(-13.5, 1.6, 1.8)","(-13.9, 1.1, 1.5)",
TOOL_HOVER,390479,6/26/2026 12:58:52 PM,656b7e14-f368-4196-b68a-fdb1e1554fc8,2.0,,,,,,,,,,,,,,,,,,,,,,,,,,,,,,,,,,,,,,,,,,,,,,997,,Burn Dressing,
TOOL_HOVER,390679,6/26/2026 12:58:52 PM,656b7e14-f368-4196-b68a-fdb1e1554fc8,2.0,,,,,,,,,,,,,,,,,,,,,,,,,,,,,,,,,,,,,,,,,,,,,,998,,Chest Seal,
TOOL_HOVER,390879,6/26/2026 12:58:53 PM,656b7e14-f368-4196-b68a-fdb1e1554fc8,2.0,,,,,,,,,,,,,,,,,,,,,,,,,,,,,,,,,,,,,,,,,,,,,,997,,Burn Dressing,
PLAYER_POSITIONS,390927,6/26/2026 12:58:53 PM,656b7e14-f368-4196-b68a-fdb1e1554fc8,2.0,,,,,,,,,,,,,,,,,,,,,,,,,,,,,,,,,,,"(-13.3, 1.0, 1.7)","(-13.5, 1.6, 1.7)","(-13.9, 1.1, 1.4)",
PLAYER_POSITIONS,390927,6/26/2026 12:58:53 PM,656b7e14-f368-4196-b68a-fdb1e1554fc8,2.0,,,,,,,,,,,,,,,,,,,,,,,,,,,,,,,,,,,"(-13.3, 1.0, 1.7)","(-13.5, 1.6, 1.7)","(-13.9, 1.1, 1.4)",
TOOL_SELECTED,391269,6/26/2026 12:58:53 PM,656b7e14-f368-4196-b68a-fdb1e1554fc8,2.0,,,,,,,,,,,,,,,,,,,,,,,,,,,,,,,,,,,,,,,,,,,,,,996,,Burn Dressing,
BAG_CLOSED,391357,6/26/2026 12:58:53 PM,656b7e14-f368-4196-b68a-fdb1e1554fc8,2.0,,,,,,,,,,,,,,,,,,,,,,,,,,,,,,,,,,,,"(0.0, 0.0, 0.0)",
PLAYER_POSITIONS,391459,6/26/2026 12:58:53 PM,656b7e14-f368-4196-b68a-fdb1e1554fc8,2.0,,,,,,,,,,,,,,,,,,,,,,,,,,,,,,,,,,,"(-13.3, 0.9, 1.7)","(-13.6, 1.5, 1.6)","(-13.9, 1.0, 1.4)",
PLAYER_POSITIONS,391459,6/26/2026 12:58:53 PM,656b7e14-f368-4196-b68a-fdb1e1554fc8,2.0,,,,,,,,,,,,,,,,,,,,,,,,,,,,,,,,,,,"(-13.3, 0.9, 1.7)","(-13.6, 1.5, 1.6)","(-13.9, 1.0, 1.4)",
PLAYER_POSITIONS,391998,6/26/2026 12:58:54 PM,656b7e14-f368-4196-b68a-fdb1e1554fc8,2.0,,,,,,,,,,,,,,,,,,,,,,,,,,,,,,,,,,,"(-13.2, 0.7, 1.6)","(-13.4, 1.1, 1.3)","(-13.4, 0.5, 1.2)",
PLAYER_POSITIONS,391998,6/26/2026 12:58:54 PM,656b7e14-f368-4196-b68a-fdb1e1554fc8,2.0,,,,,,,,,,,,,,,,,,,,,,,,,,,,,,,,,,,"(-13.2, 0.7, 1.6)","(-13.4, 1.1, 1.3)","(-13.4, 0.5, 1.2)",
AUDIO_END,392252,6/26/2026 12:58:54 PM,656b7e14-f368-4196-b68a-fdb1e1554fc8,2.0,distant jet,10.13551,
NARRATIVE_SECTION_END,392252,6/26/2026 12:58:54 PM,656b7e14-f368-4196-b68a-fdb1e1554fc8,2.0,,,,,,,,,,,,,,,,,,Distant Jet,43,
NARRATIVE_SECTION_START,392292,6/26/2026 12:58:54 PM,656b7e14-f368-4196-b68a-fdb1e1554fc8,2.0,,,,,,,,,,,,,,,,,,Distant Explosion,44,
PLAYER_POSITIONS,392530,6/26/2026 12:58:54 PM,656b7e14-f368-4196-b68a-fdb1e1554fc8,2.0,,,,,,,,,,,,,,,,,,,,,,,,,,,,,,,,,,,"(-13.3, 0.6, 1.4)","(-13.4, 0.8, 1.1)","(-13.6, 0.1, 1.0)",
PLAYER_POSITIONS,392530,6/26/2026 12:58:54 PM,656b7e14-f368-4196-b68a-fdb1e1554fc8,2.0,,,,,,,,,,,,,,,,,,,,,,,,,,,,,,,,,,,"(-13.3, 0.6, 1.4)","(-13.4, 0.8, 1.1)","(-13.6, 0.1, 1.0)",
INJURY_TREATED,392825,6/26/2026 12:58:54 PM,656b7e14-f368-4196-b68a-fdb1e1554fc8,2.0,,,,,,,,,rightForearm,R Forearm Burn,"(-13.6, 0.0, 0.9)",burnDressing,1,1,medium,True,True,,,,,,,Civilian PT 3,
TOOL_APPLIED,392825,6/26/2026 12:58:54 PM,656b7e14-f368-4196-b68a-fdb1e1554fc8,2.0,,,,,,,,,,,,,,,,,,,,,,,,Civilian PT 3,,,,,,,,,,,,,,,,,,,,AppliedBurnDressing,skinCollider_BodyNudeLOD (UnityEngine.GameObject),,Burn Dressing(Clone) (UnityEngine.GameObject),Burn Dressing,
PLAYER_POSITIONS,393041,6/26/2026 12:58:55 PM,656b7e14-f368-4196-b68a-fdb1e1554fc8,2.0,,,,,,,,,,,,,,,,,,,,,,,,,,,,,,,,,,,"(-13.3, 0.6, 1.4)","(-13.4, 0.8, 1.1)","(-13.6, 0.1, 1.0)",
PLAYER_POSITIONS,393041,6/26/2026 12:58:55 PM,656b7e14-f368-4196-b68a-fdb1e1554fc8,2.0,,,,,,,,,,,,,,,,,,,,,,,,,,,,,,,,,,,"(-13.3, 0.6, 1.4)","(-13.4, 0.8, 1.1)","(-13.6, 0.1, 1.0)",
AUDIO_START,393287,6/26/2026 12:58:55 PM,656b7e14-f368-4196-b68a-fdb1e1554fc8,2.0,distant explosion,4.675919,
DRAG_STOP,393354,6/26/2026 12:58:55 PM,656b7e14-f368-4196-b68a-fdb1e1554fc8,2.0,,,,,"(-9.1, 0.0, 4.6)","(-10.7, 0.0, 5.9)",,,,,,,,,,,,,,,,,,Civilian PT 3,
PLAYER_POSITIONS,393541,6/26/2026 12:58:55 PM,656b7e14-f368-4196-b68a-fdb1e1554fc8,2.0,,,,,,,,,,,,,,,,,,,,,,,,,,,,,,,,,,,"(-13.2, 0.9, 1.4)","(-13.2, 1.3, 1.3)","(-13.5, 0.5, 1.5)",
PLAYER_POSITIONS,393541,6/26/2026 12:58:55 PM,656b7e14-f368-4196-b68a-fdb1e1554fc8,2.0,,,,,,,,,,,,,,,,,,,,,,,,,,,,,,,,,,,"(-13.2, 0.9, 1.4)","(-13.2, 1.3, 1.3)","(-13.5, 0.5, 1.5)",
PATIENT_DISENGAGED,393561,6/26/2026 12:58:55 PM,656b7e14-f368-4196-b68a-fdb1e1554fc8,2.0,,,,6.47,,,,,,,,,,,,,,,,normal,100,Infinity,normal,Civilian PT 3,upset,prone,"(-14.3, -0.1, 1.6)",normal,"(0.0, 0.0, 0.0, 1.0)",normal,DELAYED,still,,,,,,,,,,,,,,,,,27.2,
PATIENT_ENGAGED,393561,6/26/2026 12:58:55 PM,656b7e14-f368-4196-b68a-fdb1e1554fc8,2.0,,,,0,,,,,,,,,,,,,,,,restricted,100,Infinity,normal,Military PT 2,agony,supine,"(-12.0, -0.1, 1.1)",faint,"(0.0, 0.4, 0.0, 0.9)",normal,EXPECTANT,still,,,,,,,,,,,,,,,,,8.96,
PLAYER_POSITIONS,394084,6/26/2026 12:58:56 PM,656b7e14-f368-4196-b68a-fdb1e1554fc8,2.0,,,,,,,,,,,,,,,,,,,,,,,,,,,,,,,,,,,"(-13.0, 1.2, 1.8)","(-13.1, 1.7, 1.9)","(-13.2, 0.9, 1.7)",
PLAYER_POSITIONS,394084,6/26/2026 12:58:56 PM,656b7e14-f368-4196-b68a-fdb1e1554fc8,2.0,,,,,,,,,,,,,,,,,,,,,,,,,,,,,,,,,,,"(-13.0, 1.2, 1.8)","(-13.1, 1.7, 1.9)","(-13.2, 0.9, 1.7)",
PLAYER_POSITIONS,394594,6/26/2026 12:58:56 PM,656b7e14-f368-4196-b68a-fdb1e1554fc8,2.0,,,,,,,,,,,,,,,,,,,,,,,,,,,,,,,,,,,"(-12.8, 1.3, 2.0)","(-13.0, 1.7, 2.1)","(-12.9, 1.1, 1.9)",
PLAYER_POSITIONS,394594,6/26/2026 12:58:56 PM,656b7e14-f368-4196-b68a-fdb1e1554fc8,2.0,,,,,,,,,,,,,,,,,,,,,,,,,,,,,,,,,,,"(-12.8, 1.3, 2.0)","(-13.0, 1.7, 2.1)","(-12.9, 1.1, 1.9)",
PLAYER_POSITIONS,395114,6/26/2026 12:58:57 PM,656b7e14-f368-4196-b68a-fdb1e1554fc8,2.0,,,,,,,,,,,,,,,,,,,,,,,,,,,,,,,,,,,"(-12.7, 1.3, 1.9)","(-12.8, 1.7, 2.0)","(-12.9, 1.1, 1.7)",
PLAYER_GAZE,395114,6/26/2026 12:58:57 PM,656b7e14-f368-4196-b68a-fdb1e1554fc8,2.0,,,,,,,,,,,,,,,,,,,,,,,,Military PT 2,,,,,,,,,"(-0.8, 1.7, 1.0)",,,"(-12.0, 0.0, 1.1)",
PLAYER_POSITIONS,395114,6/26/2026 12:58:57 PM,656b7e14-f368-4196-b68a-fdb1e1554fc8,2.0,,,,,,,,,,,,,,,,,,,,,,,,,,,,,,,,,,,"(-12.7, 1.3, 1.9)","(-12.8, 1.7, 2.0)","(-12.9, 1.1, 1.7)",
PLAYER_GAZE,395114,6/26/2026 12:58:57 PM,656b7e14-f368-4196-b68a-fdb1e1554fc8,2.0,,,,,,,,,,,,,,,,,,,,,,,,Military PT 2,,,,,,,,,"(-0.8, 1.7, 1.0)",,,"(-12.0, 0.0, 1.1)",
PLAYER_POSITIONS,395625,6/26/2026 12:58:57 PM,656b7e14-f368-4196-b68a-fdb1e1554fc8,2.0,,,,,,,,,,,,,,,,,,,,,,,,,,,,,,,,,,,"(-12.6, 1.2, 1.7)","(-12.7, 1.7, 1.8)","(-12.8, 1.0, 1.6)",
PLAYER_GAZE,395625,6/26/2026 12:58:57 PM,656b7e14-f368-4196-b68a-fdb1e1554fc8,2.0,,,,,,,,,,,,,,,,,,,,,,,,Military PT 2,,,,,,,,,"(-0.7, 1.7, 0.7)",,,"(-12.0, 0.0, 1.1)",
PLAYER_POSITIONS,395625,6/26/2026 12:58:57 PM,656b7e14-f368-4196-b68a-fdb1e1554fc8,2.0,,,,,,,,,,,,,,,,,,,,,,,,,,,,,,,,,,,"(-12.6, 1.2, 1.7)","(-12.7, 1.7, 1.8)","(-12.8, 1.0, 1.6)",
PLAYER_GAZE,395625,6/26/2026 12:58:57 PM,656b7e14-f368-4196-b68a-fdb1e1554fc8,2.0,,,,,,,,,,,,,,,,,,,,,,,,Military PT 2,,,,,,,,,"(-0.7, 1.7, 0.7)",,,"(-12.0, 0.0, 1.1)",
PLAYER_POSITIONS,396145,6/26/2026 12:58:58 PM,656b7e14-f368-4196-b68a-fdb1e1554fc8,2.0,,,,,,,,,,,,,,,,,,,,,,,,,,,,,,,,,,,"(-12.6, 1.2, 1.4)","(-12.8, 1.6, 1.5)","(-12.8, 1.0, 1.2)",
PLAYER_POSITIONS,396145,6/26/2026 12:58:58 PM,656b7e14-f368-4196-b68a-fdb1e1554fc8,2.0,,,,,,,,,,,,,,,,,,,,,,,,,,,,,,,,,,,"(-12.6, 1.2, 1.4)","(-12.8, 1.6, 1.5)","(-12.8, 1.0, 1.2)",
TOOL_HOVER,396412,6/26/2026 12:58:58 PM,656b7e14-f368-4196-b68a-fdb1e1554fc8,2.0,,,,,,,,,,,,,,,,,,,,,,,,,,,,,,,,,,,,,,,,,,,,,,995,,Tourniquet,
PLAYER_POSITIONS,396658,6/26/2026 12:58:58 PM,656b7e14-f368-4196-b68a-fdb1e1554fc8,2.0,,,,,,,,,,,,,,,,,,,,,,,,,,,,,,,,,,,"(-12.5, 1.2, 1.2)","(-12.7, 1.6, 1.3)","(-12.8, 1.0, 0.9)",
PLAYER_POSITIONS,396658,6/26/2026 12:58:58 PM,656b7e14-f368-4196-b68a-fdb1e1554fc8,2.0,,,,,,,,,,,,,,,,,,,,,,,,,,,,,,,,,,,"(-12.5, 1.2, 1.2)","(-12.7, 1.6, 1.3)","(-12.8, 1.0, 0.9)",
PLAYER_POSITIONS,397159,6/26/2026 12:58:59 PM,656b7e14-f368-4196-b68a-fdb1e1554fc8,2.0,,,,,,,,,,,,,,,,,,,,,,,,,,,,,,,,,,,"(-12.5, 1.1, 1.0)","(-12.7, 1.6, 1.0)","(-12.8, 0.9, 0.7)",
PLAYER_POSITIONS,397159,6/26/2026 12:58:59 PM,656b7e14-f368-4196-b68a-fdb1e1554fc8,2.0,,,,,,,,,,,,,,,,,,,,,,,,,,,,,,,,,,,"(-12.5, 1.1, 1.0)","(-12.7, 1.6, 1.0)","(-12.8, 0.9, 0.7)",
PLAYER_POSITIONS,397669,6/26/2026 12:58:59 PM,656b7e14-f368-4196-b68a-fdb1e1554fc8,2.0,,,,,,,,,,,,,,,,,,,,,,,,,,,,,,,,,,,"(-12.6, 1.1, 0.8)","(-12.8, 1.6, 0.8)","(-12.9, 0.9, 0.5)",
PLAYER_POSITIONS,397669,6/26/2026 12:58:59 PM,656b7e14-f368-4196-b68a-fdb1e1554fc8,2.0,,,,,,,,,,,,,,,,,,,,,,,,,,,,,,,,,,,"(-12.6, 1.1, 0.8)","(-12.8, 1.6, 0.8)","(-12.9, 0.9, 0.5)",
AUDIO_END,397972,6/26/2026 12:59:00 PM,656b7e14-f368-4196-b68a-fdb1e1554fc8,2.0,distant explosion,4.675919,
NARRATIVE_SECTION_END,397972,6/26/2026 12:59:00 PM,656b7e14-f368-4196-b68a-fdb1e1554fc8,2.0,,,,,,,,,,,,,,,,,,Distant Explosion,44,
NARRATIVE_SECTION_START,398055,6/26/2026 12:59:00 PM,656b7e14-f368-4196-b68a-fdb1e1554fc8,2.0,,,,,,,,,,,,,,,,,,Good hits razor 1,45,
PLAYER_POSITIONS,398171,6/26/2026 12:59:00 PM,656b7e14-f368-4196-b68a-fdb1e1554fc8,2.0,,,,,,,,,,,,,,,,,,,,,,,,,,,,,,,,,,,"(-12.7, 1.1, 0.5)","(-12.8, 1.6, 0.5)","(-12.9, 0.9, 0.3)",
PLAYER_POSITIONS,398171,6/26/2026 12:59:00 PM,656b7e14-f368-4196-b68a-fdb1e1554fc8,2.0,,,,,,,,,,,,,,,,,,,,,,,,,,,,,,,,,,,"(-12.7, 1.1, 0.5)","(-12.8, 1.6, 0.5)","(-12.9, 0.9, 0.3)",
PLAYER_POSITIONS,398683,6/26/2026 12:59:00 PM,656b7e14-f368-4196-b68a-fdb1e1554fc8,2.0,,,,,,,,,,,,,,,,,,,,,,,,,,,,,,,,,,,"(-12.7, 1.1, 0.5)","(-12.9, 1.6, 0.5)","(-13.0, 0.9, 0.3)",
PLAYER_POSITIONS,398683,6/26/2026 12:59:00 PM,656b7e14-f368-4196-b68a-fdb1e1554fc8,2.0,,,,,,,,,,,,,,,,,,,,,,,,,,,,,,,,,,,"(-12.7, 1.1, 0.5)","(-12.9, 1.6, 0.5)","(-13.0, 0.9, 0.3)",
AUDIO_START,399045,6/26/2026 12:59:01 PM,656b7e14-f368-4196-b68a-fdb1e1554fc8,2.0,good hits razor 1,4.545306,
PLAYER_POSITIONS,399182,6/26/2026 12:59:01 PM,656b7e14-f368-4196-b68a-fdb1e1554fc8,2.0,,,,,,,,,,,,,,,,,,,,,,,,,,,,,,,,,,,"(-12.7, 1.1, 0.5)","(-12.9, 1.6, 0.5)","(-13.0, 0.9, 0.3)",
PLAYER_POSITIONS,399182,6/26/2026 12:59:01 PM,656b7e14-f368-4196-b68a-fdb1e1554fc8,2.0,,,,,,,,,,,,,,,,,,,,,,,,,,,,,,,,,,,"(-12.7, 1.1, 0.5)","(-12.9, 1.6, 0.5)","(-13.0, 0.9, 0.3)",
PLAYER_POSITIONS,399705,6/26/2026 12:59:01 PM,656b7e14-f368-4196-b68a-fdb1e1554fc8,2.0,,,,,,,,,,,,,,,,,,,,,,,,,,,,,,,,,,,"(-12.7, 1.1, 0.5)","(-12.9, 1.6, 0.5)","(-13.0, 0.9, 0.3)",
PLAYER_POSITIONS,399705,6/26/2026 12:59:01 PM,656b7e14-f368-4196-b68a-fdb1e1554fc8,2.0,,,,,,,,,,,,,,,,,,,,,,,,,,,,,,,,,,,"(-12.7, 1.1, 0.5)","(-12.9, 1.6, 0.5)","(-13.0, 0.9, 0.3)",
PLAYER_POSITIONS,400205,6/26/2026 12:59:02 PM,656b7e14-f368-4196-b68a-fdb1e1554fc8,2.0,,,,,,,,,,,,,,,,,,,,,,,,,,,,,,,,,,,"(-12.7, 1.1, 0.5)","(-12.9, 1.6, 0.5)","(-13.0, 0.9, 0.3)",
PLAYER_POSITIONS,400205,6/26/2026 12:59:02 PM,656b7e14-f368-4196-b68a-fdb1e1554fc8,2.0,,,,,,,,,,,,,,,,,,,,,,,,,,,,,,,,,,,"(-12.7, 1.1, 0.5)","(-12.9, 1.6, 0.5)","(-13.0, 0.9, 0.3)",
TOOL_HOVER,400470,6/26/2026 12:59:02 PM,656b7e14-f368-4196-b68a-fdb1e1554fc8,2.0,,,,,,,,,,,,,,,,,,,,,,,,,,,,,,,,,,,,,,,,,,,,,,996,,Decompression Needle,
PLAYER_POSITIONS,400719,6/26/2026 12:59:02 PM,656b7e14-f368-4196-b68a-fdb1e1554fc8,2.0,,,,,,,,,,,,,,,,,,,,,,,,,,,,,,,,,,,"(-12.8, 1.1, 0.5)","(-13.0, 1.6, 0.5)","(-13.2, 1.1, 0.0)",
PLAYER_POSITIONS,400719,6/26/2026 12:59:02 PM,656b7e14-f368-4196-b68a-fdb1e1554fc8,2.0,,,,,,,,,,,,,,,,,,,,,,,,,,,,,,,,,,,"(-12.8, 1.1, 0.5)","(-13.0, 1.6, 0.5)","(-13.2, 1.1, 0.0)",
TOOL_HOVER,400984,6/26/2026 12:59:03 PM,656b7e14-f368-4196-b68a-fdb1e1554fc8,2.0,,,,,,,,,,,,,,,,,,,,,,,,,,,,,,,,,,,,,,,,,,,,,,996,,Decompression Needle,
TOOL_HOVER,401184,6/26/2026 12:59:03 PM,656b7e14-f368-4196-b68a-fdb1e1554fc8,2.0,,,,,,,,,,,,,,,,,,,,,,,,,,,,,,,,,,,,,,,,,,,,,,997,,Fentanyl Lollipop,
PLAYER_POSITIONS,401230,6/26/2026 12:59:03 PM,656b7e14-f368-4196-b68a-fdb1e1554fc8,2.0,,,,,,,,,,,,,,,,,,,,,,,,,,,,,,,,,,,"(-12.8, 1.1, 0.5)","(-13.0, 1.6, 0.5)","(-13.2, 1.1, 0.0)",
PLAYER_POSITIONS,401230,6/26/2026 12:59:03 PM,656b7e14-f368-4196-b68a-fdb1e1554fc8,2.0,,,,,,,,,,,,,,,,,,,,,,,,,,,,,,,,,,,"(-12.8, 1.1, 0.5)","(-13.0, 1.6, 0.5)","(-13.2, 1.1, 0.0)",
TOOL_SELECTED,401574,6/26/2026 12:59:03 PM,656b7e14-f368-4196-b68a-fdb1e1554fc8,2.0,,,,,,,,,,,,,,,,,,,,,,,,,,,,,,,,,,,,,,,,,,,,,,996,,Fentanyl Lollipop,
PLAYER_POSITIONS,401742,6/26/2026 12:59:03 PM,656b7e14-f368-4196-b68a-fdb1e1554fc8,2.0,,,,,,,,,,,,,,,,,,,,,,,,,,,,,,,,,,,"(-12.8, 1.1, 0.5)","(-13.0, 1.6, 0.5)","(-13.2, 1.1, 0.0)",
PLAYER_POSITIONS,401742,6/26/2026 12:59:03 PM,656b7e14-f368-4196-b68a-fdb1e1554fc8,2.0,,,,,,,,,,,,,,,,,,,,,,,,,,,,,,,,,,,"(-12.8, 1.1, 0.5)","(-13.0, 1.6, 0.5)","(-13.2, 1.1, 0.0)",
BAG_CLOSED,401917,6/26/2026 12:59:04 PM,656b7e14-f368-4196-b68a-fdb1e1554fc8,2.0,,,,,,,,,,,,,,,,,,,,,,,,,,,,,,,,,,,,"(0.0, 0.0, 0.0)",
PLAYER_POSITIONS,402244,6/26/2026 12:59:04 PM,656b7e14-f368-4196-b68a-fdb1e1554fc8,2.0,,,,,,,,,,,,,,,,,,,,,,,,,,,,,,,,,,,"(-12.5, 0.9, 0.7)","(-12.5, 1.4, 0.6)","(-12.6, 0.7, 0.6)",
PLAYER_POSITIONS,402244,6/26/2026 12:59:04 PM,656b7e14-f368-4196-b68a-fdb1e1554fc8,2.0,,,,,,,,,,,,,,,,,,,,,,,,,,,,,,,,,,,"(-12.5, 0.9, 0.7)","(-12.5, 1.4, 0.6)","(-12.6, 0.7, 0.6)",
PLAYER_POSITIONS,402755,6/26/2026 12:59:04 PM,656b7e14-f368-4196-b68a-fdb1e1554fc8,2.0,,,,,,,,,,,,,,,,,,,,,,,,,,,,,,,,,,,"(-12.3, 0.5, 0.6)","(-12.3, 0.9, 0.4)","(-12.2, 0.3, 0.2)",
PLAYER_POSITIONS,402755,6/26/2026 12:59:04 PM,656b7e14-f368-4196-b68a-fdb1e1554fc8,2.0,,,,,,,,,,,,,,,,,,,,,,,,,,,,,,,,,,,"(-12.3, 0.5, 0.6)","(-12.3, 0.9, 0.4)","(-12.2, 0.3, 0.2)",
PLAYER_POSITIONS,403255,6/26/2026 12:59:05 PM,656b7e14-f368-4196-b68a-fdb1e1554fc8,2.0,,,,,,,,,,,,,,,,,,,,,,,,,,,,,,,,,,,"(-12.3, 0.5, 0.5)","(-12.2, 0.8, 0.4)","(-12.1, 0.1, 0.2)",
PLAYER_POSITIONS,403255,6/26/2026 12:59:05 PM,656b7e14-f368-4196-b68a-fdb1e1554fc8,2.0,,,,,,,,,,,,,,,,,,,,,,,,,,,,,,,,,,,"(-12.3, 0.5, 0.5)","(-12.2, 0.8, 0.4)","(-12.1, 0.1, 0.2)",
AUDIO_END,403588,6/26/2026 12:59:05 PM,656b7e14-f368-4196-b68a-fdb1e1554fc8,2.0,good hits razor 1,4.545306,
NARRATIVE_SECTION_END,403588,6/26/2026 12:59:05 PM,656b7e14-f368-4196-b68a-fdb1e1554fc8,2.0,,,,,,,,,,,,,,,,,,Good hits razor 1,45,
NARRATIVE_SECTION_START,403605,6/26/2026 12:59:05 PM,656b7e14-f368-4196-b68a-fdb1e1554fc8,2.0,,,,,,,,,,,,,,,,,,Bravo switching to objective foxtrot,46,
PLAYER_POSITIONS,403765,6/26/2026 12:59:05 PM,656b7e14-f368-4196-b68a-fdb1e1554fc8,2.0,,,,,,,,,,,,,,,,,,,,,,,,,,,,,,,,,,,"(-12.3, 0.5, 0.5)","(-12.2, 0.7, 0.4)","(-12.0, 0.1, 0.2)",
PLAYER_POSITIONS,403765,6/26/2026 12:59:05 PM,656b7e14-f368-4196-b68a-fdb1e1554fc8,2.0,,,,,,,,,,,,,,,,,,,,,,,,,,,,,,,,,,,"(-12.3, 0.5, 0.5)","(-12.2, 0.7, 0.4)","(-12.0, 0.1, 0.2)",
INJURY_TREATED,403834,6/26/2026 12:59:05 PM,656b7e14-f368-4196-b68a-fdb1e1554fc8,2.0,,,,,,,,,fullBody,Full Body Burn,"(0.0, 0.0, 0.0)",lollipop,1,1,high,True,True,,,,,,,Military PT 2,
TOOL_APPLIED,403834,6/26/2026 12:59:05 PM,656b7e14-f368-4196-b68a-fdb1e1554fc8,2.0,,,,,,,,,,,,,,,,,,,,,,,,Military PT 2,,,,,,,,,,,,,,,,,,,,AppliedLollipop,Jaw (UnityEngine.GameObject),,Fentanyl Lollipop(Clone) (UnityEngine.GameObject),Fentanyl Lollipop,
PLAYER_POSITIONS,404289,6/26/2026 12:59:06 PM,656b7e14-f368-4196-b68a-fdb1e1554fc8,2.0,,,,,,,,,,,,,,,,,,,,,,,,,,,,,,,,,,,"(-12.3, 0.5, 0.5)","(-12.2, 0.8, 0.5)","(-12.2, 0.1, 0.3)",
PLAYER_POSITIONS,404289,6/26/2026 12:59:06 PM,656b7e14-f368-4196-b68a-fdb1e1554fc8,2.0,,,,,,,,,,,,,,,,,,,,,,,,,,,,,,,,,,,"(-12.3, 0.5, 0.5)","(-12.2, 0.8, 0.5)","(-12.2, 0.1, 0.3)",
PLAYER_POSITIONS,404810,6/26/2026 12:59:06 PM,656b7e14-f368-4196-b68a-fdb1e1554fc8,2.0,,,,,,,,,,,,,,,,,,,,,,,,,,,,,,,,,,,"(-12.3, 0.5, 0.5)","(-12.2, 0.8, 0.5)","(-12.4, 0.4, 0.6)",
PLAYER_POSITIONS,404810,6/26/2026 12:59:06 PM,656b7e14-f368-4196-b68a-fdb1e1554fc8,2.0,,,,,,,,,,,,,,,,,,,,,,,,,,,,,,,,,,,"(-12.3, 0.5, 0.5)","(-12.2, 0.8, 0.5)","(-12.4, 0.4, 0.6)",
PLAYER_POSITIONS,405326,6/26/2026 12:59:07 PM,656b7e14-f368-4196-b68a-fdb1e1554fc8,2.0,,,,,,,,,,,,,,,,,,,,,,,,,,,,,,,,,,,"(-12.4, 0.5, 0.5)","(-12.3, 0.8, 0.6)","(-12.4, 0.3, 0.6)",
PLAYER_POSITIONS,405326,6/26/2026 12:59:07 PM,656b7e14-f368-4196-b68a-fdb1e1554fc8,2.0,,,,,,,,,,,,,,,,,,,,,,,,,,,,,,,,,,,"(-12.4, 0.5, 0.5)","(-12.3, 0.8, 0.6)","(-12.4, 0.3, 0.6)",
EVAC_RADIO_ALERT,405490,6/26/2026 12:59:07 PM,656b7e14-f368-4196-b68a-fdb1e1554fc8,2.0,,,,,,,,1,
AUDIO_START,405495,6/26/2026 12:59:07 PM,656b7e14-f368-4196-b68a-fdb1e1554fc8,2.0,evac in 4 minutes,4.127347,
PLAYER_POSITIONS,405839,6/26/2026 12:59:07 PM,656b7e14-f368-4196-b68a-fdb1e1554fc8,2.0,,,,,,,,,,,,,,,,,,,,,,,,,,,,,,,,,,,"(-12.5, 0.5, 0.6)","(-12.4, 0.8, 0.8)","(-12.5, 0.3, 0.7)",
PLAYER_POSITIONS,405839,6/26/2026 12:59:07 PM,656b7e14-f368-4196-b68a-fdb1e1554fc8,2.0,,,,,,,,,,,,,,,,,,,,,,,,,,,,,,,,,,,"(-12.5, 0.5, 0.6)","(-12.4, 0.8, 0.8)","(-12.5, 0.3, 0.7)",
PLAYER_POSITIONS,406350,6/26/2026 12:59:08 PM,656b7e14-f368-4196-b68a-fdb1e1554fc8,2.0,,,,,,,,,,,,,,,,,,,,,,,,,,,,,,,,,,,"(-12.5, 0.5, 0.7)","(-12.4, 0.8, 0.7)","(-12.4, 0.4, 0.6)",
PLAYER_POSITIONS,406350,6/26/2026 12:59:08 PM,656b7e14-f368-4196-b68a-fdb1e1554fc8,2.0,,,,,,,,,,,,,,,,,,,,,,,,,,,,,,,,,,,"(-12.5, 0.5, 0.7)","(-12.4, 0.8, 0.7)","(-12.4, 0.4, 0.6)",
PLAYER_POSITIONS,406850,6/26/2026 12:59:08 PM,656b7e14-f368-4196-b68a-fdb1e1554fc8,2.0,,,,,,,,,,,,,,,,,,,,,,,,,,,,,,,,,,,"(-12.5, 0.4, 0.7)","(-12.4, 0.8, 0.7)","(-12.3, 0.5, 0.6)",
PLAYER_POSITIONS,406850,6/26/2026 12:59:08 PM,656b7e14-f368-4196-b68a-fdb1e1554fc8,2.0,,,,,,,,,,,,,,,,,,,,,,,,,,,,,,,,,,,"(-12.5, 0.4, 0.7)","(-12.4, 0.8, 0.7)","(-12.3, 0.5, 0.6)",
PLAYER_POSITIONS,407352,6/26/2026 12:59:09 PM,656b7e14-f368-4196-b68a-fdb1e1554fc8,2.0,,,,,,,,,,,,,,,,,,,,,,,,,,,,,,,,,,,"(-12.5, 0.5, 0.7)","(-12.4, 1.3, 0.6)","(-12.5, 0.6, 0.6)",
PLAYER_POSITIONS,407352,6/26/2026 12:59:09 PM,656b7e14-f368-4196-b68a-fdb1e1554fc8,2.0,,,,,,,,,,,,,,,,,,,,,,,,,,,,,,,,,,,"(-12.5, 0.5, 0.7)","(-12.4, 1.3, 0.6)","(-12.5, 0.6, 0.6)",
PLAYER_POSITIONS,407859,6/26/2026 12:59:09 PM,656b7e14-f368-4196-b68a-fdb1e1554fc8,2.0,,,,,,,,,,,,,,,,,,,,,,,,,,,,,,,,,,,"(-12.6, 0.9, 0.9)","(-12.7, 1.7, 0.9)","(-12.6, 1.0, 0.8)",
PLAYER_GAZE,407859,6/26/2026 12:59:09 PM,656b7e14-f368-4196-b68a-fdb1e1554fc8,2.0,,,,,,,,,,,,,,,,,,,,,,,,Military PT 2,,,,,,,,,"(-0.6, 1.7, -0.2)",,,"(-12.0, 0.0, 1.1)",
PLAYER_POSITIONS,407859,6/26/2026 12:59:09 PM,656b7e14-f368-4196-b68a-fdb1e1554fc8,2.0,,,,,,,,,,,,,,,,,,,,,,,,,,,,,,,,,,,"(-12.6, 0.9, 0.9)","(-12.7, 1.7, 0.9)","(-12.6, 1.0, 0.8)",
PLAYER_GAZE,407859,6/26/2026 12:59:09 PM,656b7e14-f368-4196-b68a-fdb1e1554fc8,2.0,,,,,,,,,,,,,,,,,,,,,,,,Military PT 2,,,,,,,,,"(-0.6, 1.7, -0.2)",,,"(-12.0, 0.0, 1.1)",
PLAYER_POSITIONS,408367,6/26/2026 12:59:10 PM,656b7e14-f368-4196-b68a-fdb1e1554fc8,2.0,,,,,,,,,,,,,,,,,,,,,,,,,,,,,,,,,,,"(-12.5, 1.1, 1.5)","(-12.6, 1.7, 1.4)","(-12.3, 1.1, 1.4)",
PLAYER_POSITIONS,408367,6/26/2026 12:59:10 PM,656b7e14-f368-4196-b68a-fdb1e1554fc8,2.0,,,,,,,,,,,,,,,,,,,,,,,,,,,,,,,,,,,"(-12.5, 1.1, 1.5)","(-12.6, 1.7, 1.4)","(-12.3, 1.1, 1.4)",
PLAYER_POSITIONS,408889,6/26/2026 12:59:11 PM,656b7e14-f368-4196-b68a-fdb1e1554fc8,2.0,,,,,,,,,,,,,,,,,,,,,,,,,,,,,,,,,,,"(-12.3, 1.0, 1.9)","(-12.5, 1.7, 1.8)","(-12.2, 1.1, 1.7)",
PLAYER_POSITIONS,408889,6/26/2026 12:59:11 PM,656b7e14-f368-4196-b68a-fdb1e1554fc8,2.0,,,,,,,,,,,,,,,,,,,,,,,,,,,,,,,,,,,"(-12.3, 1.0, 1.9)","(-12.5, 1.7, 1.8)","(-12.2, 1.1, 1.7)",
VOICE_CAPTURE,409166,6/26/2026 12:59:11 PM,656b7e14-f368-4196-b68a-fdb1e1554fc8,2.0,,,,,,,,,,,,,,,,,,,,,,,,,,,,,,,,,,,,,,,,,,,,,,,,,,,NA,You're putting me straight.,
PLAYER_POSITIONS,409415,6/26/2026 12:59:11 PM,656b7e14-f368-4196-b68a-fdb1e1554fc8,2.0,,,,,,,,,,,,,,,,,,,,,,,,,,,,,,,,,,,"(-12.5, 1.1, 2.1)","(-12.5, 1.7, 1.9)","(-12.3, 1.1, 2.0)",
PLAYER_POSITIONS,409415,6/26/2026 12:59:11 PM,656b7e14-f368-4196-b68a-fdb1e1554fc8,2.0,,,,,,,,,,,,,,,,,,,,,,,,,,,,,,,,,,,"(-12.5, 1.1, 2.1)","(-12.5, 1.7, 1.9)","(-12.3, 1.1, 2.0)",
VOICE_CAPTURE,409610,6/26/2026 12:59:11 PM,656b7e14-f368-4196-b68a-fdb1e1554fc8,2.0,,,,,,,,,,,,,,,,,,,,,,,,,,,,,,,,,,,,,,,,,,,,,,,,,,,NA,You're putting me straight.,
VOICE_CAPTURE,409610,6/26/2026 12:59:11 PM,656b7e14-f368-4196-b68a-fdb1e1554fc8,2.0,,,,,,,,,,,,,,,,,,,,,,,,,,,,,,,,,,,,,,,,,,,,,,,,,,,NA,You're putting me straight.,
AUDIO_END,409631,6/26/2026 12:59:11 PM,656b7e14-f368-4196-b68a-fdb1e1554fc8,2.0,evac in 4 minutes,4.127347,
PLAYER_POSITIONS,409921,6/26/2026 12:59:12 PM,656b7e14-f368-4196-b68a-fdb1e1554fc8,2.0,,,,,,,,,,,,,,,,,,,,,,,,,,,,,,,,,,,"(-12.2, 1.1, 2.3)","(-12.2, 1.7, 2.1)","(-12.0, 1.1, 2.2)",
PLAYER_POSITIONS,409921,6/26/2026 12:59:12 PM,656b7e14-f368-4196-b68a-fdb1e1554fc8,2.0,,,,,,,,,,,,,,,,,,,,,,,,,,,,,,,,,,,"(-12.2, 1.1, 2.3)","(-12.2, 1.7, 2.1)","(-12.0, 1.1, 2.2)",
PLAYER_POSITIONS,410439,6/26/2026 12:59:12 PM,656b7e14-f368-4196-b68a-fdb1e1554fc8,2.0,,,,,,,,,,,,,,,,,,,,,,,,,,,,,,,,,,,"(-11.9, 1.0, 2.2)","(-12.0, 1.7, 2.0)","(-11.8, 1.1, 1.9)",
PLAYER_POSITIONS,410439,6/26/2026 12:59:12 PM,656b7e14-f368-4196-b68a-fdb1e1554fc8,2.0,,,,,,,,,,,,,,,,,,,,,,,,,,,,,,,,,,,"(-11.9, 1.0, 2.2)","(-12.0, 1.7, 2.0)","(-11.8, 1.1, 1.9)",
PLAYER_POSITIONS,410981,6/26/2026 12:59:13 PM,656b7e14-f368-4196-b68a-fdb1e1554fc8,2.0,,,,,,,,,,,,,,,,,,,,,,,,,,,,,,,,,,,"(-11.8, 1.0, 2.3)","(-12.0, 1.7, 2.2)","(-11.8, 1.2, 2.0)",
PLAYER_POSITIONS,410981,6/26/2026 12:59:13 PM,656b7e14-f368-4196-b68a-fdb1e1554fc8,2.0,,,,,,,,,,,,,,,,,,,,,,,,,,,,,,,,,,,"(-11.8, 1.0, 2.3)","(-12.0, 1.7, 2.2)","(-11.8, 1.2, 2.0)",
PLAYER_POSITIONS,411491,6/26/2026 12:59:13 PM,656b7e14-f368-4196-b68a-fdb1e1554fc8,2.0,,,,,,,,,,,,,,,,,,,,,,,,,,,,,,,,,,,"(-11.9, 1.0, 2.0)","(-12.1, 1.7, 2.1)","(-12.1, 1.1, 1.8)",
PLAYER_POSITIONS,411491,6/26/2026 12:59:13 PM,656b7e14-f368-4196-b68a-fdb1e1554fc8,2.0,,,,,,,,,,,,,,,,,,,,,,,,,,,,,,,,,,,"(-11.9, 1.0, 2.0)","(-12.1, 1.7, 2.1)","(-12.1, 1.1, 1.8)",
VOICE_CAPTURE,411535,6/26/2026 12:59:13 PM,656b7e14-f368-4196-b68a-fdb1e1554fc8,2.0,,,,,,,,,,,,,,,,,,,,,,,,,,,,,,,,,,,,,,,,,,,,,,,,,,,NA,and,
PLAYER_POSITIONS,411991,6/26/2026 12:59:14 PM,656b7e14-f368-4196-b68a-fdb1e1554fc8,2.0,,,,,,,,,,,,,,,,,,,,,,,,,,,,,,,,,,,"(-12.0, 1.1, 1.8)","(-12.1, 1.7, 2.0)","(-12.3, 1.1, 1.7)",
PLAYER_GAZE,411991,6/26/2026 12:59:14 PM,656b7e14-f368-4196-b68a-fdb1e1554fc8,2.0,,,,,,,,,,,,,,,,,,,,,,,,Military PT 2,,,,,,,,,"(-0.1, 1.7, 0.9)",,,"(-12.0, 0.0, 1.1)",
PLAYER_POSITIONS,411991,6/26/2026 12:59:14 PM,656b7e14-f368-4196-b68a-fdb1e1554fc8,2.0,,,,,,,,,,,,,,,,,,,,,,,,,,,,,,,,,,,"(-12.0, 1.1, 1.8)","(-12.1, 1.7, 2.0)","(-12.3, 1.1, 1.7)",
PLAYER_GAZE,411991,6/26/2026 12:59:14 PM,656b7e14-f368-4196-b68a-fdb1e1554fc8,2.0,,,,,,,,,,,,,,,,,,,,,,,,Military PT 2,,,,,,,,,"(-0.1, 1.7, 0.9)",,,"(-12.0, 0.0, 1.1)",
VOICE_CAPTURE,412111,6/26/2026 12:59:14 PM,656b7e14-f368-4196-b68a-fdb1e1554fc8,2.0,,,,,,,,,,,,,,,,,,,,,,,,,,,,,,,,,,,,,,,,,,,,,,,,,,,NA,"And, and...",
PLAYER_POSITIONS,412532,6/26/2026 12:59:14 PM,656b7e14-f368-4196-b68a-fdb1e1554fc8,2.0,,,,,,,,,,,,,,,,,,,,,,,,,,,,,,,,,,,"(-12.1, 1.0, 1.8)","(-12.1, 1.7, 2.0)","(-12.3, 1.1, 1.8)",
PLAYER_POSITIONS,412532,6/26/2026 12:59:14 PM,656b7e14-f368-4196-b68a-fdb1e1554fc8,2.0,,,,,,,,,,,,,,,,,,,,,,,,,,,,,,,,,,,"(-12.1, 1.0, 1.8)","(-12.1, 1.7, 2.0)","(-12.3, 1.1, 1.8)",
VOICE_CAPTURE,412599,6/26/2026 12:59:14 PM,656b7e14-f368-4196-b68a-fdb1e1554fc8,2.0,,,,,,,,,,,,,,,,,,,,,,,,,,,,,,,,,,,,,,,,,,,,,,,,,,,NA,"And, and...",
VOICE_CAPTURE,412599,6/26/2026 12:59:14 PM,656b7e14-f368-4196-b68a-fdb1e1554fc8,2.0,,,,,,,,,,,,,,,,,,,,,,,,,,,,,,,,,,,,,,,,,,,,,,,,,,,NA,"And, and...",
PLAYER_POSITIONS,413044,6/26/2026 12:59:15 PM,656b7e14-f368-4196-b68a-fdb1e1554fc8,2.0,,,,,,,,,,,,,,,,,,,,,,,,,,,,,,,,,,,"(-12.0, 1.0, 1.8)","(-12.0, 1.7, 2.0)","(-12.2, 1.3, 1.7)",
PLAYER_GAZE,413044,6/26/2026 12:59:15 PM,656b7e14-f368-4196-b68a-fdb1e1554fc8,2.0,,,,,,,,,,,,,,,,,,,,,,,,Military PT 2,,,,,,,,,"(0.0, 1.7, 1.0)",,,"(-12.0, 0.0, 1.1)",
PLAYER_POSITIONS,413044,6/26/2026 12:59:15 PM,656b7e14-f368-4196-b68a-fdb1e1554fc8,2.0,,,,,,,,,,,,,,,,,,,,,,,,,,,,,,,,,,,"(-12.0, 1.0, 1.8)","(-12.0, 1.7, 2.0)","(-12.2, 1.3, 1.7)",
PLAYER_GAZE,413044,6/26/2026 12:59:15 PM,656b7e14-f368-4196-b68a-fdb1e1554fc8,2.0,,,,,,,,,,,,,,,,,,,,,,,,Military PT 2,,,,,,,,,"(0.0, 1.7, 1.0)",,,"(-12.0, 0.0, 1.1)",
PLAYER_POSITIONS,413556,6/26/2026 12:59:15 PM,656b7e14-f368-4196-b68a-fdb1e1554fc8,2.0,,,,,,,,,,,,,,,,,,,,,,,,,,,,,,,,,,,"(-12.0, 1.0, 1.8)","(-12.0, 1.7, 2.0)","(-12.2, 1.3, 1.8)",
PLAYER_GAZE,413556,6/26/2026 12:59:15 PM,656b7e14-f368-4196-b68a-fdb1e1554fc8,2.0,,,,,,,,,,,,,,,,,,,,,,,,Military PT 2,,,,,,,,,"(0.0, 1.7, 1.0)",,,"(-12.0, 0.0, 1.1)",
PLAYER_POSITIONS,413556,6/26/2026 12:59:15 PM,656b7e14-f368-4196-b68a-fdb1e1554fc8,2.0,,,,,,,,,,,,,,,,,,,,,,,,,,,,,,,,,,,"(-12.0, 1.0, 1.8)","(-12.0, 1.7, 2.0)","(-12.2, 1.3, 1.8)",
PLAYER_GAZE,413556,6/26/2026 12:59:15 PM,656b7e14-f368-4196-b68a-fdb1e1554fc8,2.0,,,,,,,,,,,,,,,,,,,,,,,,Military PT 2,,,,,,,,,"(0.0, 1.7, 1.0)",,,"(-12.0, 0.0, 1.1)",
AUDIO_START,413595,6/26/2026 12:59:15 PM,656b7e14-f368-4196-b68a-fdb1e1554fc8,2.0,bravo switching to objective foxtrot,4.571429,
PLAYER_POSITIONS,414079,6/26/2026 12:59:16 PM,656b7e14-f368-4196-b68a-fdb1e1554fc8,2.0,,,,,,,,,,,,,,,,,,,,,,,,,,,,,,,,,,,"(-12.0, 1.0, 1.8)","(-12.0, 1.7, 2.0)","(-12.2, 1.2, 1.8)",
PLAYER_GAZE,414079,6/26/2026 12:59:16 PM,656b7e14-f368-4196-b68a-fdb1e1554fc8,2.0,,,,,,,,,,,,,,,,,,,,,,,,Military PT 2,,,,,,,,,"(0.0, 1.7, 1.0)",,,"(-12.0, 0.0, 1.1)",
PLAYER_POSITIONS,414079,6/26/2026 12:59:16 PM,656b7e14-f368-4196-b68a-fdb1e1554fc8,2.0,,,,,,,,,,,,,,,,,,,,,,,,,,,,,,,,,,,"(-12.0, 1.0, 1.8)","(-12.0, 1.7, 2.0)","(-12.2, 1.2, 1.8)",
PLAYER_GAZE,414079,6/26/2026 12:59:16 PM,656b7e14-f368-4196-b68a-fdb1e1554fc8,2.0,,,,,,,,,,,,,,,,,,,,,,,,Military PT 2,,,,,,,,,"(0.0, 1.7, 1.0)",,,"(-12.0, 0.0, 1.1)",
PLAYER_POSITIONS,414591,6/26/2026 12:59:16 PM,656b7e14-f368-4196-b68a-fdb1e1554fc8,2.0,,,,,,,,,,,,,,,,,,,,,,,,,,,,,,,,,,,"(-12.0, 1.0, 1.8)","(-12.0, 1.7, 2.0)","(-12.2, 1.2, 1.8)",
PLAYER_GAZE,414591,6/26/2026 12:59:16 PM,656b7e14-f368-4196-b68a-fdb1e1554fc8,2.0,,,,,,,,,,,,,,,,,,,,,,,,Military PT 2,,,,,,,,,"(0.0, 1.7, 1.0)",,,"(-12.0, 0.0, 1.1)",
PLAYER_POSITIONS,414591,6/26/2026 12:59:16 PM,656b7e14-f368-4196-b68a-fdb1e1554fc8,2.0,,,,,,,,,,,,,,,,,,,,,,,,,,,,,,,,,,,"(-12.0, 1.0, 1.8)","(-12.0, 1.7, 2.0)","(-12.2, 1.2, 1.8)",
PLAYER_GAZE,414591,6/26/2026 12:59:16 PM,656b7e14-f368-4196-b68a-fdb1e1554fc8,2.0,,,,,,,,,,,,,,,,,,,,,,,,Military PT 2,,,,,,,,,"(0.0, 1.7, 1.0)",,,"(-12.0, 0.0, 1.1)",
PLAYER_POSITIONS,415101,6/26/2026 12:59:17 PM,656b7e14-f368-4196-b68a-fdb1e1554fc8,2.0,,,,,,,,,,,,,,,,,,,,,,,,,,,,,,,,,,,"(-12.0, 1.0, 1.8)","(-12.0, 1.7, 2.0)","(-12.2, 1.2, 1.8)",
PLAYER_GAZE,415101,6/26/2026 12:59:17 PM,656b7e14-f368-4196-b68a-fdb1e1554fc8,2.0,,,,,,,,,,,,,,,,,,,,,,,,Military PT 2,,,,,,,,,"(0.0, 1.7, 0.9)",,,"(-12.0, 0.0, 1.1)",
PLAYER_POSITIONS,415101,6/26/2026 12:59:17 PM,656b7e14-f368-4196-b68a-fdb1e1554fc8,2.0,,,,,,,,,,,,,,,,,,,,,,,,,,,,,,,,,,,"(-12.0, 1.0, 1.8)","(-12.0, 1.7, 2.0)","(-12.2, 1.2, 1.8)",
PLAYER_GAZE,415101,6/26/2026 12:59:17 PM,656b7e14-f368-4196-b68a-fdb1e1554fc8,2.0,,,,,,,,,,,,,,,,,,,,,,,,Military PT 2,,,,,,,,,"(0.0, 1.7, 0.9)",,,"(-12.0, 0.0, 1.1)",
PLAYER_POSITIONS,415621,6/26/2026 12:59:17 PM,656b7e14-f368-4196-b68a-fdb1e1554fc8,2.0,,,,,,,,,,,,,,,,,,,,,,,,,,,,,,,,,,,"(-12.0, 1.0, 1.8)","(-12.1, 1.7, 2.0)","(-12.2, 1.2, 1.8)",
PLAYER_POSITIONS,415621,6/26/2026 12:59:17 PM,656b7e14-f368-4196-b68a-fdb1e1554fc8,2.0,,,,,,,,,,,,,,,,,,,,,,,,,,,,,,,,,,,"(-12.0, 1.0, 1.8)","(-12.1, 1.7, 2.0)","(-12.2, 1.2, 1.8)",
PLAYER_POSITIONS,416132,6/26/2026 12:59:18 PM,656b7e14-f368-4196-b68a-fdb1e1554fc8,2.0,,,,,,,,,,,,,,,,,,,,,,,,,,,,,,,,,,,"(-12.1, 1.0, 1.8)","(-12.0, 1.7, 2.0)","(-12.3, 1.2, 1.8)",
PLAYER_POSITIONS,416132,6/26/2026 12:59:18 PM,656b7e14-f368-4196-b68a-fdb1e1554fc8,2.0,,,,,,,,,,,,,,,,,,,,,,,,,,,,,,,,,,,"(-12.1, 1.0, 1.8)","(-12.0, 1.7, 2.0)","(-12.3, 1.2, 1.8)",
VOICE_CAPTURE,416612,6/26/2026 12:59:18 PM,656b7e14-f368-4196-b68a-fdb1e1554fc8,2.0,,,,,,,,,,,,,,,,,,,,,,,,,,,,,,,,,,,,,,,,,,,,,,,,,,,NA,Red blood conscious.,
PLAYER_POSITIONS,416634,6/26/2026 12:59:18 PM,656b7e14-f368-4196-b68a-fdb1e1554fc8,2.0,,,,,,,,,,,,,,,,,,,,,,,,,,,,,,,,,,,"(-12.1, 1.0, 1.5)","(-12.1, 1.7, 1.6)","(-12.3, 1.2, 1.4)",
PLAYER_GAZE,416635,6/26/2026 12:59:18 PM,656b7e14-f368-4196-b68a-fdb1e1554fc8,2.0,,,,,,,,,,,,,,,,,,,,,,,,Military PT 2,,,,,,,,,"(0.0, 1.7, 0.6)",,,"(-12.0, 0.0, 1.1)",
PLAYER_POSITIONS,416634,6/26/2026 12:59:18 PM,656b7e14-f368-4196-b68a-fdb1e1554fc8,2.0,,,,,,,,,,,,,,,,,,,,,,,,,,,,,,,,,,,"(-12.1, 1.0, 1.5)","(-12.1, 1.7, 1.6)","(-12.3, 1.2, 1.4)",
PLAYER_GAZE,416635,6/26/2026 12:59:18 PM,656b7e14-f368-4196-b68a-fdb1e1554fc8,2.0,,,,,,,,,,,,,,,,,,,,,,,,Military PT 2,,,,,,,,,"(0.0, 1.7, 0.6)",,,"(-12.0, 0.0, 1.1)",
VOICE_CAPTURE,417101,6/26/2026 12:59:19 PM,656b7e14-f368-4196-b68a-fdb1e1554fc8,2.0,,,,,,,,,,,,,,,,,,,,,,,,,,,,,,,,,,,,,,,,,,,,,,,,,,,NA,Red blood cultures.,
PLAYER_POSITIONS,417145,6/26/2026 12:59:19 PM,656b7e14-f368-4196-b68a-fdb1e1554fc8,2.0,,,,,,,,,,,,,,,,,,,,,,,,,,,,,,,,,,,"(-12.4, 1.0, 1.3)","(-12.4, 1.7, 1.4)","(-12.5, 1.2, 1.2)",
PLAYER_GAZE,417145,6/26/2026 12:59:19 PM,656b7e14-f368-4196-b68a-fdb1e1554fc8,2.0,,,,,,,,,,,,,,,,,,,,,,,,Military PT 9,,,,,,,,,"(0.3, 1.7, 3.3)",,,"(-12.7, 0.0, -1.8)",
PLAYER_POSITIONS,417145,6/26/2026 12:59:19 PM,656b7e14-f368-4196-b68a-fdb1e1554fc8,2.0,,,,,,,,,,,,,,,,,,,,,,,,,,,,,,,,,,,"(-12.4, 1.0, 1.3)","(-12.4, 1.7, 1.4)","(-12.5, 1.2, 1.2)",
PLAYER_GAZE,417145,6/26/2026 12:59:19 PM,656b7e14-f368-4196-b68a-fdb1e1554fc8,2.0,,,,,,,,,,,,,,,,,,,,,,,,Military PT 9,,,,,,,,,"(0.3, 1.7, 3.3)",,,"(-12.7, 0.0, -1.8)",
VOICE_CAPTURE,417635,6/26/2026 12:59:19 PM,656b7e14-f368-4196-b68a-fdb1e1554fc8,2.0,,,,,,,,,,,,,,,,,,,,,,,,,,,,,,,,,,,,,,,,,,,,,,,,,,,NA,Red blood cultures.,
VOICE_CAPTURE,417635,6/26/2026 12:59:19 PM,656b7e14-f368-4196-b68a-fdb1e1554fc8,2.0,,,,,,,,,,,,,,,,,,,,,,,,,,,,,,,,,,,,,,,,,,,,,,,,,,,NA,Red blood cultures.,
PLAYER_POSITIONS,417657,6/26/2026 12:59:19 PM,656b7e14-f368-4196-b68a-fdb1e1554fc8,2.0,,,,,,,,,,,,,,,,,,,,,,,,,,,,,,,,,,,"(-12.5, 1.0, 1.0)","(-12.5, 1.7, 1.1)","(-12.7, 1.2, 0.9)",
PLAYER_POSITIONS,417657,6/26/2026 12:59:19 PM,656b7e14-f368-4196-b68a-fdb1e1554fc8,2.0,,,,,,,,,,,,,,,,,,,,,,,,,,,,,,,,,,,"(-12.5, 1.0, 1.0)","(-12.5, 1.7, 1.1)","(-12.7, 1.2, 0.9)",
AUDIO_END,418165,6/26/2026 12:59:20 PM,656b7e14-f368-4196-b68a-fdb1e1554fc8,2.0,bravo switching to objective foxtrot,4.571429,
NARRATIVE_SECTION_END,418165,6/26/2026 12:59:20 PM,656b7e14-f368-4196-b68a-fdb1e1554fc8,2.0,,,,,,,,,,,,,,,,,,Bravo switching to objective foxtrot,46,
PLAYER_POSITIONS,418165,6/26/2026 12:59:20 PM,656b7e14-f368-4196-b68a-fdb1e1554fc8,2.0,,,,,,,,,,,,,,,,,,,,,,,,,,,,,,,,,,,"(-12.7, 1.0, 0.7)","(-12.6, 1.7, 0.8)","(-12.8, 1.2, 0.6)",
PLAYER_POSITIONS,418165,6/26/2026 12:59:20 PM,656b7e14-f368-4196-b68a-fdb1e1554fc8,2.0,,,,,,,,,,,,,,,,,,,,,,,,,,,,,,,,,,,"(-12.7, 1.0, 0.7)","(-12.6, 1.7, 0.8)","(-12.8, 1.2, 0.6)",
NARRATIVE_SECTION_START,418205,6/26/2026 12:59:20 PM,656b7e14-f368-4196-b68a-fdb1e1554fc8,2.0,,,,,,,,,,,,,,,,,,Can bravo get overwatch,47,
PLAYER_POSITIONS,418675,6/26/2026 12:59:20 PM,656b7e14-f368-4196-b68a-fdb1e1554fc8,2.0,,,,,,,,,,,,,,,,,,,,,,,,,,,,,,,,,,,"(-12.7, 1.0, 0.7)","(-12.8, 1.7, 0.9)","(-13.2, 1.3, 0.7)",
PLAYER_POSITIONS,418675,6/26/2026 12:59:20 PM,656b7e14-f368-4196-b68a-fdb1e1554fc8,2.0,,,,,,,,,,,,,,,,,,,,,,,,,,,,,,,,,,,"(-12.7, 1.0, 0.7)","(-12.8, 1.7, 0.9)","(-13.2, 1.3, 0.7)",
PLAYER_POSITIONS,419197,6/26/2026 12:59:21 PM,656b7e14-f368-4196-b68a-fdb1e1554fc8,2.0,,,,,,,,,,,,,,,,,,,,,,,,,,,,,,,,,,,"(-12.8, 1.0, 0.7)","(-12.8, 1.7, 0.9)","(-13.1, 1.3, 0.7)",
PLAYER_GAZE,419197,6/26/2026 12:59:21 PM,656b7e14-f368-4196-b68a-fdb1e1554fc8,2.0,,,,,,,,,,,,,,,,,,,,,,,,Civilian PT 15,,,,,,,,,"(1.6, 1.7, 1.2)",,,"(-14.4, 0.0, -0.3)",
PLAYER_POSITIONS,419197,6/26/2026 12:59:21 PM,656b7e14-f368-4196-b68a-fdb1e1554fc8,2.0,,,,,,,,,,,,,,,,,,,,,,,,,,,,,,,,,,,"(-12.8, 1.0, 0.7)","(-12.8, 1.7, 0.9)","(-13.1, 1.3, 0.7)",
PLAYER_GAZE,419197,6/26/2026 12:59:21 PM,656b7e14-f368-4196-b68a-fdb1e1554fc8,2.0,,,,,,,,,,,,,,,,,,,,,,,,Civilian PT 15,,,,,,,,,"(1.6, 1.7, 1.2)",,,"(-14.4, 0.0, -0.3)",
PLAYER_POSITIONS,419699,6/26/2026 12:59:21 PM,656b7e14-f368-4196-b68a-fdb1e1554fc8,2.0,,,,,,,,,,,,,,,,,,,,,,,,,,,,,,,,,,,"(-12.7, 1.0, 0.7)","(-12.6, 1.7, 0.8)","(-13.0, 1.2, 0.6)",
PLAYER_POSITIONS,419699,6/26/2026 12:59:21 PM,656b7e14-f368-4196-b68a-fdb1e1554fc8,2.0,,,,,,,,,,,,,,,,,,,,,,,,,,,,,,,,,,,"(-12.7, 1.0, 0.7)","(-12.6, 1.7, 0.8)","(-13.0, 1.2, 0.6)",
PLAYER_POSITIONS,420209,6/26/2026 12:59:22 PM,656b7e14-f368-4196-b68a-fdb1e1554fc8,2.0,,,,,,,,,,,,,,,,,,,,,,,,,,,,,,,,,,,"(-12.2, 1.2, 1.0)","(-12.7, 1.7, 1.0)","(-12.6, 1.2, 0.6)",
PLAYER_GAZE,420209,6/26/2026 12:59:22 PM,656b7e14-f368-4196-b68a-fdb1e1554fc8,2.0,,,,,,,,,,,,,,,,,,,,,,,,Military PT 2,,,,,,,,,"(-0.6, 1.7, -0.1)",,,"(-12.0, 0.0, 1.1)",
PLAYER_POSITIONS,420209,6/26/2026 12:59:22 PM,656b7e14-f368-4196-b68a-fdb1e1554fc8,2.0,,,,,,,,,,,,,,,,,,,,,,,,,,,,,,,,,,,"(-12.2, 1.2, 1.0)","(-12.7, 1.7, 1.0)","(-12.6, 1.2, 0.6)",
PLAYER_GAZE,420209,6/26/2026 12:59:22 PM,656b7e14-f368-4196-b68a-fdb1e1554fc8,2.0,,,,,,,,,,,,,,,,,,,,,,,,Military PT 2,,,,,,,,,"(-0.6, 1.7, -0.1)",,,"(-12.0, 0.0, 1.1)",
PLAYER_POSITIONS,420723,6/26/2026 12:59:22 PM,656b7e14-f368-4196-b68a-fdb1e1554fc8,2.0,,,,,,,,,,,,,,,,,,,,,,,,,,,,,,,,,,,"(-12.3, 1.4, 0.9)","(-12.7, 1.7, 0.9)","(-12.6, 1.2, 0.6)",
PLAYER_POSITIONS,420723,6/26/2026 12:59:22 PM,656b7e14-f368-4196-b68a-fdb1e1554fc8,2.0,,,,,,,,,,,,,,,,,,,,,,,,,,,,,,,,,,,"(-12.3, 1.4, 0.9)","(-12.7, 1.7, 0.9)","(-12.6, 1.2, 0.6)",
VOICE_CAPTURE,421044,6/26/2026 12:59:23 PM,656b7e14-f368-4196-b68a-fdb1e1554fc8,2.0,,,,,,,,,,,,,,,,,,,,,,,,,,,,,,,,,,,,,,,,,,,,,,,,,,,NA,Thank you.,
AUDIO_START,421204,6/26/2026 12:59:23 PM,656b7e14-f368-4196-b68a-fdb1e1554fc8,2.0,can bravo get overwatch on objective,4.571429,
PLAYER_POSITIONS,421243,6/26/2026 12:59:23 PM,656b7e14-f368-4196-b68a-fdb1e1554fc8,2.0,,,,,,,,,,,,,,,,,,,,,,,,,,,,,,,,,,,"(-12.7, 1.1, 0.6)","(-12.8, 1.7, 0.8)","(-13.0, 1.3, 0.6)",
PLAYER_POSITIONS,421243,6/26/2026 12:59:23 PM,656b7e14-f368-4196-b68a-fdb1e1554fc8,2.0,,,,,,,,,,,,,,,,,,,,,,,,,,,,,,,,,,,"(-12.7, 1.1, 0.6)","(-12.8, 1.7, 0.8)","(-13.0, 1.3, 0.6)",
VOICE_CAPTURE,421553,6/26/2026 12:59:23 PM,656b7e14-f368-4196-b68a-fdb1e1554fc8,2.0,,,,,,,,,,,,,,,,,,,,,,,,,,,,,,,,,,,,,,,,,,,,,,,,,,,NA,"Thank you. One, two, three.",
PLAYER_POSITIONS,421754,6/26/2026 12:59:23 PM,656b7e14-f368-4196-b68a-fdb1e1554fc8,2.0,,,,,,,,,,,,,,,,,,,,,,,,,,,,,,,,,,,"(-12.9, 1.1, 0.7)","(-12.9, 1.6, 1.0)","(-13.0, 1.0, 1.0)",
PLAYER_POSITIONS,421754,6/26/2026 12:59:23 PM,656b7e14-f368-4196-b68a-fdb1e1554fc8,2.0,,,,,,,,,,,,,,,,,,,,,,,,,,,,,,,,,,,"(-12.9, 1.1, 0.7)","(-12.9, 1.6, 1.0)","(-13.0, 1.0, 1.0)",
VOICE_CAPTURE,422064,6/26/2026 12:59:24 PM,656b7e14-f368-4196-b68a-fdb1e1554fc8,2.0,,,,,,,,,,,,,,,,,,,,,,,,,,,,,,,,,,,,,,,,,,,,,,,,,,,NA,"Thank you. One, two, three.",
VOICE_CAPTURE,422064,6/26/2026 12:59:24 PM,656b7e14-f368-4196-b68a-fdb1e1554fc8,2.0,,,,,,,,,,,,,,,,,,,,,,,,,,,,,,,,,,,,,,,,,,,,,,,,,,,NA,"Thank you. One, two, three.",
PLAYER_POSITIONS,422264,6/26/2026 12:59:24 PM,656b7e14-f368-4196-b68a-fdb1e1554fc8,2.0,,,,,,,,,,,,,,,,,,,,,,,,,,,,,,,,,,,"(-13.0, 1.1, 0.9)","(-13.0, 1.6, 1.2)","(-13.1, 0.9, 1.2)",
PLAYER_POSITIONS,422264,6/26/2026 12:59:24 PM,656b7e14-f368-4196-b68a-fdb1e1554fc8,2.0,,,,,,,,,,,,,,,,,,,,,,,,,,,,,,,,,,,"(-13.0, 1.1, 0.9)","(-13.0, 1.6, 1.2)","(-13.1, 0.9, 1.2)",
PLAYER_POSITIONS,422766,6/26/2026 12:59:24 PM,656b7e14-f368-4196-b68a-fdb1e1554fc8,2.0,,,,,,,,,,,,,,,,,,,,,,,,,,,,,,,,,,,"(-12.9, 1.0, 0.9)","(-12.7, 1.7, 1.1)","(-12.9, 1.0, 1.2)",
PLAYER_POSITIONS,422766,6/26/2026 12:59:24 PM,656b7e14-f368-4196-b68a-fdb1e1554fc8,2.0,,,,,,,,,,,,,,,,,,,,,,,,,,,,,,,,,,,"(-12.9, 1.0, 0.9)","(-12.7, 1.7, 1.1)","(-12.9, 1.0, 1.2)",
PLAYER_POSITIONS,423266,6/26/2026 12:59:25 PM,656b7e14-f368-4196-b68a-fdb1e1554fc8,2.0,,,,,,,,,,,,,,,,,,,,,,,,,,,,,,,,,,,"(-12.6, 1.0, 1.2)","(-12.4, 1.7, 1.3)","(-12.6, 1.0, 1.4)",
PLAYER_POSITIONS,423266,6/26/2026 12:59:25 PM,656b7e14-f368-4196-b68a-fdb1e1554fc8,2.0,,,,,,,,,,,,,,,,,,,,,,,,,,,,,,,,,,,"(-12.6, 1.0, 1.2)","(-12.4, 1.7, 1.3)","(-12.6, 1.0, 1.4)",
VOICE_CAPTURE,423533,6/26/2026 12:59:25 PM,656b7e14-f368-4196-b68a-fdb1e1554fc8,2.0,,,,,,,,,,,,,,,,,,,,,,,,,,,,,,,,,,,,,,,,,,,,,,,,,,,NA,ree.,
PLAYER_POSITIONS,423776,6/26/2026 12:59:25 PM,656b7e14-f368-4196-b68a-fdb1e1554fc8,2.0,,,,,,,,,,,,,,,,,,,,,,,,,,,,,,,,,,,"(-12.6, 1.0, 1.5)","(-12.4, 1.7, 1.6)","(-12.5, 1.0, 1.7)",
PLAYER_GAZE,423776,6/26/2026 12:59:25 PM,656b7e14-f368-4196-b68a-fdb1e1554fc8,2.0,,,,,,,,,,,,,,,,,,,,,,,,Civilian PT 14,,,,,,,,,"(1.7, 1.7, -2.0)",,,"(-14.1, 0.0, 3.6)",
PLAYER_POSITIONS,423776,6/26/2026 12:59:25 PM,656b7e14-f368-4196-b68a-fdb1e1554fc8,2.0,,,,,,,,,,,,,,,,,,,,,,,,,,,,,,,,,,,"(-12.6, 1.0, 1.5)","(-12.4, 1.7, 1.6)","(-12.5, 1.0, 1.7)",
PLAYER_GAZE,423776,6/26/2026 12:59:25 PM,656b7e14-f368-4196-b68a-fdb1e1554fc8,2.0,,,,,,,,,,,,,,,,,,,,,,,,Civilian PT 14,,,,,,,,,"(1.7, 1.7, -2.0)",,,"(-14.1, 0.0, 3.6)",
VOICE_CAPTURE,424035,6/26/2026 12:59:26 PM,656b7e14-f368-4196-b68a-fdb1e1554fc8,2.0,,,,,,,,,,,,,,,,,,,,,,,,,,,,,,,,,,,,,,,,,,,,,,,,,,,NA,ree.,
PLAYER_POSITIONS,424278,6/26/2026 12:59:26 PM,656b7e14-f368-4196-b68a-fdb1e1554fc8,2.0,,,,,,,,,,,,,,,,,,,,,,,,,,,,,,,,,,,"(-12.7, 1.0, 1.8)","(-12.5, 1.7, 2.0)","(-12.7, 1.0, 2.1)",
PLAYER_POSITIONS,424278,6/26/2026 12:59:26 PM,656b7e14-f368-4196-b68a-fdb1e1554fc8,2.0,,,,,,,,,,,,,,,,,,,,,,,,,,,,,,,,,,,"(-12.7, 1.0, 1.8)","(-12.5, 1.7, 2.0)","(-12.7, 1.0, 2.1)",
VOICE_CAPTURE,424545,6/26/2026 12:59:26 PM,656b7e14-f368-4196-b68a-fdb1e1554fc8,2.0,,,,,,,,,,,,,,,,,,,,,,,,,,,,,,,,,,,,,,,,,,,,,,,,,,,NA,ree.,
PLAYER_POSITIONS,424782,6/26/2026 12:59:26 PM,656b7e14-f368-4196-b68a-fdb1e1554fc8,2.0,,,,,,,,,,,,,,,,,,,,,,,,,,,,,,,,,,,"(-12.9, 1.1, 2.2)","(-12.7, 1.7, 2.5)","(-12.9, 1.0, 2.5)",
PLAYER_POSITIONS,424782,6/26/2026 12:59:26 PM,656b7e14-f368-4196-b68a-fdb1e1554fc8,2.0,,,,,,,,,,,,,,,,,,,,,,,,,,,,,,,,,,,"(-12.9, 1.1, 2.2)","(-12.7, 1.7, 2.5)","(-12.9, 1.0, 2.5)",
PATIENT_DISENGAGED,424865,6/26/2026 12:59:26 PM,656b7e14-f368-4196-b68a-fdb1e1554fc8,2.0,,,,31.3,,,,,,,,,,,,,,,,restricted,100,Infinity,normal,Military PT 2,agony,supine,"(-12.0, -0.1, 1.1)",faint,"(0.0, 0.4, 0.0, 0.9)",normal,EXPECTANT,still,,,,,,,,,,,,,,,,,40.27,
PATIENT_ENGAGED,424865,6/26/2026 12:59:26 PM,656b7e14-f368-4196-b68a-fdb1e1554fc8,2.0,,,,0,,,,,,,,,,,,,,,,normal,100,Infinity,normal,Civilian PT 14,upset,sittingGround,"(-14.1, 0.0, 3.6)",normal,"(0.0, 0.8, 0.0, 0.6)",normal,DELAYED,still,,,,,,,,,,,,,,,,,17.14,
VOICE_CAPTURE,425013,6/26/2026 12:59:27 PM,656b7e14-f368-4196-b68a-fdb1e1554fc8,2.0,,,,,,,,,,,,,,,,,,,,,,,,,,,,,,,,,,,,,,,,,,,,,,,,,,,NA,ree.,
PLAYER_POSITIONS,425300,6/26/2026 12:59:27 PM,656b7e14-f368-4196-b68a-fdb1e1554fc8,2.0,,,,,,,,,,,,,,,,,,,,,,,,,,,,,,,,,,,"(-13.1, 1.0, 2.6)","(-12.9, 1.7, 2.8)","(-13.0, 1.0, 2.8)",
PLAYER_POSITIONS,425300,6/26/2026 12:59:27 PM,656b7e14-f368-4196-b68a-fdb1e1554fc8,2.0,,,,,,,,,,,,,,,,,,,,,,,,,,,,,,,,,,,"(-13.1, 1.0, 2.6)","(-12.9, 1.7, 2.8)","(-13.0, 1.0, 2.8)",
VOICE_CAPTURE,425534,6/26/2026 12:59:27 PM,656b7e14-f368-4196-b68a-fdb1e1554fc8,2.0,,,,,,,,,,,,,,,,,,,,,,,,,,,,,,,,,,,,,,,,,,,,,,,,,,,NA,ree. I don't even know.,
AUDIO_END,425777,6/26/2026 12:59:27 PM,656b7e14-f368-4196-b68a-fdb1e1554fc8,2.0,can bravo get overwatch on objective,4.571429,
NARRATIVE_SECTION_END,425777,6/26/2026 12:59:27 PM,656b7e14-f368-4196-b68a-fdb1e1554fc8,2.0,,,,,,,,,,,,,,,,,,Can bravo get overwatch,47,
PLAYER_POSITIONS,425801,6/26/2026 12:59:27 PM,656b7e14-f368-4196-b68a-fdb1e1554fc8,2.0,,,,,,,,,,,,,,,,,,,,,,,,,,,,,,,,,,,"(-13.2, 1.2, 2.8)","(-13.2, 1.8, 3.0)","(-13.2, 1.1, 3.1)",
PLAYER_POSITIONS,425801,6/26/2026 12:59:27 PM,656b7e14-f368-4196-b68a-fdb1e1554fc8,2.0,,,,,,,,,,,,,,,,,,,,,,,,,,,,,,,,,,,"(-13.2, 1.2, 2.8)","(-13.2, 1.8, 3.0)","(-13.2, 1.1, 3.1)",
NARRATIVE_SECTION_START,425819,6/26/2026 12:59:27 PM,656b7e14-f368-4196-b68a-fdb1e1554fc8,2.0,,,,,,,,,,,,,,,,,,Uav changing to 7-1,48,
VOICE_CAPTURE,426067,6/26/2026 12:59:28 PM,656b7e14-f368-4196-b68a-fdb1e1554fc8,2.0,,,,,,,,,,,,,,,,,,,,,,,,,,,,,,,,,,,,,,,,,,,,,,,,,,,NA,ree. I don't even know what's wrong.,
PLAYER_POSITIONS,426311,6/26/2026 12:59:28 PM,656b7e14-f368-4196-b68a-fdb1e1554fc8,2.0,,,,,,,,,,,,,,,,,,,,,,,,,,,,,,,,,,,"(-13.4, 1.1, 3.0)","(-13.4, 1.7, 3.1)","(-13.3, 1.1, 3.3)",
PLAYER_GAZE,426311,6/26/2026 12:59:28 PM,656b7e14-f368-4196-b68a-fdb1e1554fc8,2.0,,,,,,,,,,,,,,,,,,,,,,,,Civilian PT 14,,,,,,,,,"(0.7, 1.7, -0.5)",,,"(-14.1, 0.0, 3.6)",
PLAYER_POSITIONS,426311,6/26/2026 12:59:28 PM,656b7e14-f368-4196-b68a-fdb1e1554fc8,2.0,,,,,,,,,,,,,,,,,,,,,,,,,,,,,,,,,,,"(-13.4, 1.1, 3.0)","(-13.4, 1.7, 3.1)","(-13.3, 1.1, 3.3)",
PLAYER_GAZE,426311,6/26/2026 12:59:28 PM,656b7e14-f368-4196-b68a-fdb1e1554fc8,2.0,,,,,,,,,,,,,,,,,,,,,,,,Civilian PT 14,,,,,,,,,"(0.7, 1.7, -0.5)",,,"(-14.1, 0.0, 3.6)",
VOICE_CAPTURE,426593,6/26/2026 12:59:28 PM,656b7e14-f368-4196-b68a-fdb1e1554fc8,2.0,,,,,,,,,,,,,,,,,,,,,,,,,,,,,,,,,,,,,,,,,,,,,,,,,,,NA,ree. I don't even know what's wrong. I don't even know what's wrong with you.,
PLAYER_POSITIONS,426815,6/26/2026 12:59:28 PM,656b7e14-f368-4196-b68a-fdb1e1554fc8,2.0,,,,,,,,,,,,,,,,,,,,,,,,,,,,,,,,,,,"(-13.6, 1.0, 3.2)","(-13.6, 1.7, 3.3)","(-13.5, 1.1, 3.5)",
PLAYER_GAZE,426815,6/26/2026 12:59:28 PM,656b7e14-f368-4196-b68a-fdb1e1554fc8,2.0,,,,,,,,,,,,,,,,,,,,,,,,Civilian PT 14,,,,,,,,,"(0.5, 1.7, -0.3)",,,"(-14.1, 0.0, 3.6)",
PLAYER_POSITIONS,426815,6/26/2026 12:59:28 PM,656b7e14-f368-4196-b68a-fdb1e1554fc8,2.0,,,,,,,,,,,,,,,,,,,,,,,,,,,,,,,,,,,"(-13.6, 1.0, 3.2)","(-13.6, 1.7, 3.3)","(-13.5, 1.1, 3.5)",
PLAYER_GAZE,426815,6/26/2026 12:59:28 PM,656b7e14-f368-4196-b68a-fdb1e1554fc8,2.0,,,,,,,,,,,,,,,,,,,,,,,,Civilian PT 14,,,,,,,,,"(0.5, 1.7, -0.3)",,,"(-14.1, 0.0, 3.6)",
VOICE_CAPTURE,427038,6/26/2026 12:59:29 PM,656b7e14-f368-4196-b68a-fdb1e1554fc8,2.0,,,,,,,,,,,,,,,,,,,,,,,,,,,,,,,,,,,,,,,,,,,,,,,,,,,NA,ree. I don't even know what's wrong. I don't even know what's wrong with you.,
VOICE_CAPTURE,427038,6/26/2026 12:59:29 PM,656b7e14-f368-4196-b68a-fdb1e1554fc8,2.0,,,,,,,,,,,,,,,,,,,,,,,,,,,,,,,,,,,,,,,,,,,,,,,,,,,NA,ree. I don't even know what's wrong. I don't even know what's wrong with you.,
PLAYER_POSITIONS,427325,6/26/2026 12:59:29 PM,656b7e14-f368-4196-b68a-fdb1e1554fc8,2.0,,,,,,,,,,,,,,,,,,,,,,,,,,,,,,,,,,,"(-13.8, 0.9, 3.3)","(-13.9, 1.5, 3.4)","(-13.9, 1.0, 3.6)",
PLAYER_GAZE,427325,6/26/2026 12:59:29 PM,656b7e14-f368-4196-b68a-fdb1e1554fc8,2.0,,,,,,,,,,,,,,,,,,,,,,,,Civilian PT 14,,,,,,,,,"(0.2, 1.5, -0.2)",,,"(-14.1, 0.0, 3.6)",
PLAYER_POSITIONS,427325,6/26/2026 12:59:29 PM,656b7e14-f368-4196-b68a-fdb1e1554fc8,2.0,,,,,,,,,,,,,,,,,,,,,,,,,,,,,,,,,,,"(-13.8, 0.9, 3.3)","(-13.9, 1.5, 3.4)","(-13.9, 1.0, 3.6)",
PLAYER_GAZE,427325,6/26/2026 12:59:29 PM,656b7e14-f368-4196-b68a-fdb1e1554fc8,2.0,,,,,,,,,,,,,,,,,,,,,,,,Civilian PT 14,,,,,,,,,"(0.2, 1.5, -0.2)",,,"(-14.1, 0.0, 3.6)",
PLAYER_POSITIONS,427835,6/26/2026 12:59:29 PM,656b7e14-f368-4196-b68a-fdb1e1554fc8,2.0,,,,,,,,,,,,,,,,,,,,,,,,,,,,,,,,,,,"(-13.8, 0.7, 3.6)","(-14.0, 1.3, 3.6)","(-14.0, 0.8, 3.9)",
PLAYER_POSITIONS,427835,6/26/2026 12:59:29 PM,656b7e14-f368-4196-b68a-fdb1e1554fc8,2.0,,,,,,,,,,,,,,,,,,,,,,,,,,,,,,,,,,,"(-13.8, 0.7, 3.6)","(-14.0, 1.3, 3.6)","(-14.0, 0.8, 3.9)",
PLAYER_POSITIONS,428345,6/26/2026 12:59:30 PM,656b7e14-f368-4196-b68a-fdb1e1554fc8,2.0,,,,,,,,,,,,,,,,,,,,,,,,,,,,,,,,,,,"(-13.9, 0.5, 3.6)","(-14.0, 1.0, 3.5)","(-14.0, 0.6, 3.8)",
PLAYER_GAZE,428345,6/26/2026 12:59:30 PM,656b7e14-f368-4196-b68a-fdb1e1554fc8,2.0,,,,,,,,,,,,,,,,,,,,,,,,Civilian PT 14,,,,,,,,,"(0.1, 1.0, -0.1)",,,"(-14.1, 0.0, 3.6)",
PLAYER_POSITIONS,428345,6/26/2026 12:59:30 PM,656b7e14-f368-4196-b68a-fdb1e1554fc8,2.0,,,,,,,,,,,,,,,,,,,,,,,,,,,,,,,,,,,"(-13.9, 0.5, 3.6)","(-14.0, 1.0, 3.5)","(-14.0, 0.6, 3.8)",
PLAYER_GAZE,428345,6/26/2026 12:59:30 PM,656b7e14-f368-4196-b68a-fdb1e1554fc8,2.0,,,,,,,,,,,,,,,,,,,,,,,,Civilian PT 14,,,,,,,,,"(0.1, 1.0, -0.1)",,,"(-14.1, 0.0, 3.6)",
AUDIO_START,428817,6/26/2026 12:59:30 PM,656b7e14-f368-4196-b68a-fdb1e1554fc8,2.0,uav changing to 71,3.761633,
PLAYER_POSITIONS,428857,6/26/2026 12:59:30 PM,656b7e14-f368-4196-b68a-fdb1e1554fc8,2.0,,,,,,,,,,,,,,,,,,,,,,,,,,,,,,,,,,,"(-13.9, 0.5, 3.6)","(-14.0, 1.0, 3.5)","(-14.0, 0.5, 3.8)",
PLAYER_GAZE,428857,6/26/2026 12:59:30 PM,656b7e14-f368-4196-b68a-fdb1e1554fc8,2.0,,,,,,,,,,,,,,,,,,,,,,,,Civilian PT 14,,,,,,,,,"(0.0, 1.0, -0.1)",,,"(-14.1, 0.0, 3.6)",
PLAYER_POSITIONS,428857,6/26/2026 12:59:30 PM,656b7e14-f368-4196-b68a-fdb1e1554fc8,2.0,,,,,,,,,,,,,,,,,,,,,,,,,,,,,,,,,,,"(-13.9, 0.5, 3.6)","(-14.0, 1.0, 3.5)","(-14.0, 0.5, 3.8)",
PLAYER_GAZE,428857,6/26/2026 12:59:30 PM,656b7e14-f368-4196-b68a-fdb1e1554fc8,2.0,,,,,,,,,,,,,,,,,,,,,,,,Civilian PT 14,,,,,,,,,"(0.0, 1.0, -0.1)",,,"(-14.1, 0.0, 3.6)",
PLAYER_POSITIONS,429366,6/26/2026 12:59:31 PM,656b7e14-f368-4196-b68a-fdb1e1554fc8,2.0,,,,,,,,,,,,,,,,,,,,,,,,,,,,,,,,,,,"(-14.0, 0.5, 3.6)","(-14.0, 0.9, 3.6)","(-14.1, 0.5, 3.8)",
PLAYER_GAZE,429366,6/26/2026 12:59:31 PM,656b7e14-f368-4196-b68a-fdb1e1554fc8,2.0,,,,,,,,,,,,,,,,,,,,,,,,Civilian PT 14,,,,,,,,,"(0.1, 0.9, 0.0)",,,"(-14.1, 0.0, 3.6)",
PLAYER_POSITIONS,429366,6/26/2026 12:59:31 PM,656b7e14-f368-4196-b68a-fdb1e1554fc8,2.0,,,,,,,,,,,,,,,,,,,,,,,,,,,,,,,,,,,"(-14.0, 0.5, 3.6)","(-14.0, 0.9, 3.6)","(-14.1, 0.5, 3.8)",
PLAYER_GAZE,429366,6/26/2026 12:59:31 PM,656b7e14-f368-4196-b68a-fdb1e1554fc8,2.0,,,,,,,,,,,,,,,,,,,,,,,,Civilian PT 14,,,,,,,,,"(0.1, 0.9, 0.0)",,,"(-14.1, 0.0, 3.6)",
PLAYER_POSITIONS,429867,6/26/2026 12:59:31 PM,656b7e14-f368-4196-b68a-fdb1e1554fc8,2.0,,,,,,,,,,,,,,,,,,,,,,,,,,,,,,,,,,,"(-13.9, 0.5, 3.7)","(-13.9, 0.9, 3.5)","(-14.0, 0.5, 3.9)",
PLAYER_GAZE,429867,6/26/2026 12:59:31 PM,656b7e14-f368-4196-b68a-fdb1e1554fc8,2.0,,,,,,,,,,,,,,,,,,,,,,,,Civilian PT 14,,,,,,,,,"(0.1, 0.9, -0.1)",,,"(-14.1, 0.0, 3.6)",
PLAYER_POSITIONS,429867,6/26/2026 12:59:31 PM,656b7e14-f368-4196-b68a-fdb1e1554fc8,2.0,,,,,,,,,,,,,,,,,,,,,,,,,,,,,,,,,,,"(-13.9, 0.5, 3.7)","(-13.9, 0.9, 3.5)","(-14.0, 0.5, 3.9)",
PLAYER_GAZE,429867,6/26/2026 12:59:31 PM,656b7e14-f368-4196-b68a-fdb1e1554fc8,2.0,,,,,,,,,,,,,,,,,,,,,,,,Civilian PT 14,,,,,,,,,"(0.1, 0.9, -0.1)",,,"(-14.1, 0.0, 3.6)",
PLAYER_POSITIONS,430369,6/26/2026 12:59:32 PM,656b7e14-f368-4196-b68a-fdb1e1554fc8,2.0,,,,,,,,,,,,,,,,,,,,,,,,,,,,,,,,,,,"(-13.9, 0.5, 3.6)","(-13.9, 0.9, 3.6)","(-14.0, 0.4, 4.1)",
PLAYER_POSITIONS,430369,6/26/2026 12:59:32 PM,656b7e14-f368-4196-b68a-fdb1e1554fc8,2.0,,,,,,,,,,,,,,,,,,,,,,,,,,,,,,,,,,,"(-13.9, 0.5, 3.6)","(-13.9, 0.9, 3.6)","(-14.0, 0.4, 4.1)",
PLAYER_POSITIONS,430872,6/26/2026 12:59:33 PM,656b7e14-f368-4196-b68a-fdb1e1554fc8,2.0,,,,,,,,,,,,,,,,,,,,,,,,,,,,,,,,,,,"(-13.9, 0.5, 3.7)","(-13.9, 0.9, 3.6)","(-14.0, 0.4, 4.1)",
PLAYER_POSITIONS,430872,6/26/2026 12:59:33 PM,656b7e14-f368-4196-b68a-fdb1e1554fc8,2.0,,,,,,,,,,,,,,,,,,,,,,,,,,,,,,,,,,,"(-13.9, 0.5, 3.7)","(-13.9, 0.9, 3.6)","(-14.0, 0.4, 4.1)",
PLAYER_POSITIONS,431372,6/26/2026 12:59:33 PM,656b7e14-f368-4196-b68a-fdb1e1554fc8,2.0,,,,,,,,,,,,,,,,,,,,,,,,,,,,,,,,,,,"(-13.9, 0.5, 3.7)","(-13.9, 0.9, 3.6)","(-14.0, 0.4, 4.1)",
PLAYER_GAZE,431372,6/26/2026 12:59:33 PM,656b7e14-f368-4196-b68a-fdb1e1554fc8,2.0,,,,,,,,,,,,,,,,,,,,,,,,Civilian PT 14,,,,,,,,,"(0.1, 0.9, 0.0)",,,"(-14.1, 0.0, 3.6)",
PLAYER_POSITIONS,431372,6/26/2026 12:59:33 PM,656b7e14-f368-4196-b68a-fdb1e1554fc8,2.0,,,,,,,,,,,,,,,,,,,,,,,,,,,,,,,,,,,"(-13.9, 0.5, 3.7)","(-13.9, 0.9, 3.6)","(-14.0, 0.4, 4.1)",
PLAYER_GAZE,431372,6/26/2026 12:59:33 PM,656b7e14-f368-4196-b68a-fdb1e1554fc8,2.0,,,,,,,,,,,,,,,,,,,,,,,,Civilian PT 14,,,,,,,,,"(0.1, 0.9, 0.0)",,,"(-14.1, 0.0, 3.6)",
PLAYER_POSITIONS,431891,6/26/2026 12:59:34 PM,656b7e14-f368-4196-b68a-fdb1e1554fc8,2.0,,,,,,,,,,,,,,,,,,,,,,,,,,,,,,,,,,,"(-13.9, 0.5, 3.7)","(-13.9, 0.9, 3.6)","(-14.1, 0.4, 4.0)",
PLAYER_POSITIONS,431891,6/26/2026 12:59:34 PM,656b7e14-f368-4196-b68a-fdb1e1554fc8,2.0,,,,,,,,,,,,,,,,,,,,,,,,,,,,,,,,,,,"(-13.9, 0.5, 3.7)","(-13.9, 0.9, 3.6)","(-14.1, 0.4, 4.0)",
PLAYER_POSITIONS,432391,6/26/2026 12:59:34 PM,656b7e14-f368-4196-b68a-fdb1e1554fc8,2.0,,,,,,,,,,,,,,,,,,,,,,,,,,,,,,,,,,,"(-14.0, 0.5, 3.7)","(-13.9, 0.9, 3.6)","(-14.1, 0.5, 3.8)",
PLAYER_POSITIONS,432391,6/26/2026 12:59:34 PM,656b7e14-f368-4196-b68a-fdb1e1554fc8,2.0,,,,,,,,,,,,,,,,,,,,,,,,,,,,,,,,,,,"(-14.0, 0.5, 3.7)","(-13.9, 0.9, 3.6)","(-14.1, 0.5, 3.8)",
AUDIO_END,432580,6/26/2026 12:59:34 PM,656b7e14-f368-4196-b68a-fdb1e1554fc8,2.0,uav changing to 71,3.761633,
NARRATIVE_SECTION_END,432580,6/26/2026 12:59:34 PM,656b7e14-f368-4196-b68a-fdb1e1554fc8,2.0,,,,,,,,,,,,,,,,,,Uav changing to 7-1,48,
NARRATIVE_SECTION_START,432621,6/26/2026 12:59:34 PM,656b7e14-f368-4196-b68a-fdb1e1554fc8,2.0,,,,,,,,,,,,,,,,,,Bravo has uav overhead,49,
PLAYER_POSITIONS,432892,6/26/2026 12:59:35 PM,656b7e14-f368-4196-b68a-fdb1e1554fc8,2.0,,,,,,,,,,,,,,,,,,,,,,,,,,,,,,,,,,,"(-13.9, 0.5, 3.7)","(-13.9, 0.9, 3.7)","(-13.9, 0.5, 4.1)",
PLAYER_POSITIONS,432892,6/26/2026 12:59:35 PM,656b7e14-f368-4196-b68a-fdb1e1554fc8,2.0,,,,,,,,,,,,,,,,,,,,,,,,,,,,,,,,,,,"(-13.9, 0.5, 3.7)","(-13.9, 0.9, 3.7)","(-13.9, 0.5, 4.1)",
TAG_SELECTED,432979,6/26/2026 12:59:35 PM,656b7e14-f368-4196-b68a-fdb1e1554fc8,2.0,,,,,,,,,,,,,,,,,,,,,,,,,,,,,,,,,,,,,,,,,,green,
PLAYER_POSITIONS,433402,6/26/2026 12:59:35 PM,656b7e14-f368-4196-b68a-fdb1e1554fc8,2.0,,,,,,,,,,,,,,,,,,,,,,,,,,,,,,,,,,,"(-13.8, 0.5, 3.7)","(-13.9, 0.9, 3.5)","(-14.1, 0.6, 3.7)",
PLAYER_GAZE,433402,6/26/2026 12:59:35 PM,656b7e14-f368-4196-b68a-fdb1e1554fc8,2.0,,,,,,,,,,,,,,,,,,,,,,,,Civilian PT 14,,,,,,,,,"(0.1, 0.9, -0.1)",,,"(-14.1, 0.0, 3.6)",
PLAYER_POSITIONS,433402,6/26/2026 12:59:35 PM,656b7e14-f368-4196-b68a-fdb1e1554fc8,2.0,,,,,,,,,,,,,,,,,,,,,,,,,,,,,,,,,,,"(-13.8, 0.5, 3.7)","(-13.9, 0.9, 3.5)","(-14.1, 0.6, 3.7)",
PLAYER_GAZE,433402,6/26/2026 12:59:35 PM,656b7e14-f368-4196-b68a-fdb1e1554fc8,2.0,,,,,,,,,,,,,,,,,,,,,,,,Civilian PT 14,,,,,,,,,"(0.1, 0.9, -0.1)",,,"(-14.1, 0.0, 3.6)",
PLAYER_POSITIONS,433914,6/26/2026 12:59:36 PM,656b7e14-f368-4196-b68a-fdb1e1554fc8,2.0,,,,,,,,,,,,,,,,,,,,,,,,,,,,,,,,,,,"(-13.7, 0.6, 3.6)","(-13.9, 0.9, 3.5)","(-14.2, 0.3, 3.3)",
PLAYER_POSITIONS,433914,6/26/2026 12:59:36 PM,656b7e14-f368-4196-b68a-fdb1e1554fc8,2.0,,,,,,,,,,,,,,,,,,,,,,,,,,,,,,,,,,,"(-13.7, 0.6, 3.6)","(-13.9, 0.9, 3.5)","(-14.2, 0.3, 3.3)",
TAG_APPLIED,434038,6/26/2026 12:59:36 PM,656b7e14-f368-4196-b68a-fdb1e1554fc8,2.0,,,,,,,,,,,,,,,,,,,,,,,,Civilian PT 14,,,,,,,,,,,,,,,,,,green,
PLAYER_POSITIONS,434459,6/26/2026 12:59:36 PM,656b7e14-f368-4196-b68a-fdb1e1554fc8,2.0,,,,,,,,,,,,,,,,,,,,,,,,,,,,,,,,,,,"(-13.7, 0.6, 3.6)","(-13.9, 0.9, 3.5)","(-14.0, 0.3, 3.5)",
PLAYER_GAZE,434459,6/26/2026 12:59:36 PM,656b7e14-f368-4196-b68a-fdb1e1554fc8,2.0,,,,,,,,,,,,,,,,,,,,,,,,Civilian PT 14,,,,,,,,,"(0.1, 0.9, -0.1)",,,"(-14.1, 0.0, 3.6)",
PLAYER_POSITIONS,434459,6/26/2026 12:59:36 PM,656b7e14-f368-4196-b68a-fdb1e1554fc8,2.0,,,,,,,,,,,,,,,,,,,,,,,,,,,,,,,,,,,"(-13.7, 0.6, 3.6)","(-13.9, 0.9, 3.5)","(-14.0, 0.3, 3.5)",
PLAYER_GAZE,434459,6/26/2026 12:59:36 PM,656b7e14-f368-4196-b68a-fdb1e1554fc8,2.0,,,,,,,,,,,,,,,,,,,,,,,,Civilian PT 14,,,,,,,,,"(0.1, 0.9, -0.1)",,,"(-14.1, 0.0, 3.6)",
BAG_CLOSED,434755,6/26/2026 12:59:36 PM,656b7e14-f368-4196-b68a-fdb1e1554fc8,2.0,,,,,,,,,,,,,,,,,,,,,,,,,,,,,,,,,,,,"(0.0, 0.0, 0.0)",
PLAYER_POSITIONS,434969,6/26/2026 12:59:37 PM,656b7e14-f368-4196-b68a-fdb1e1554fc8,2.0,,,,,,,,,,,,,,,,,,,,,,,,,,,,,,,,,,,"(-13.7, 0.6, 3.6)","(-13.9, 0.8, 3.6)","(-13.8, 0.4, 3.6)",
PLAYER_POSITIONS,434969,6/26/2026 12:59:37 PM,656b7e14-f368-4196-b68a-fdb1e1554fc8,2.0,,,,,,,,,,,,,,,,,,,,,,,,,,,,,,,,,,,"(-13.7, 0.6, 3.6)","(-13.9, 0.8, 3.6)","(-13.8, 0.4, 3.6)",
PLAYER_POSITIONS,435481,6/26/2026 12:59:37 PM,656b7e14-f368-4196-b68a-fdb1e1554fc8,2.0,,,,,,,,,,,,,,,,,,,,,,,,,,,,,,,,,,,"(-13.6, 0.5, 3.9)","(-13.8, 0.8, 3.9)","(-13.7, 0.5, 3.9)",
PLAYER_POSITIONS,435481,6/26/2026 12:59:37 PM,656b7e14-f368-4196-b68a-fdb1e1554fc8,2.0,,,,,,,,,,,,,,,,,,,,,,,,,,,,,,,,,,,"(-13.6, 0.5, 3.9)","(-13.8, 0.8, 3.9)","(-13.7, 0.5, 3.9)",
VOICE_CAPTURE,435514,6/26/2026 12:59:37 PM,656b7e14-f368-4196-b68a-fdb1e1554fc8,2.0,,,,,,,,,,,,,,,,,,,,,,,,,,,,,,,,,,,,,,,,,,,,,,,,,,,NA,I'm gonna blame.,
AUDIO_START,435609,6/26/2026 12:59:37 PM,656b7e14-f368-4196-b68a-fdb1e1554fc8,2.0,bravo has uav overhead,3.056327,
PLAYER_POSITIONS,435982,6/26/2026 12:59:38 PM,656b7e14-f368-4196-b68a-fdb1e1554fc8,2.0,,,,,,,,,,,,,,,,,,,,,,,,,,,,,,,,,,,"(-13.8, 0.4, 3.9)","(-13.8, 0.8, 4.0)","(-13.7, 0.5, 4.0)",
PLAYER_POSITIONS,435982,6/26/2026 12:59:38 PM,656b7e14-f368-4196-b68a-fdb1e1554fc8,2.0,,,,,,,,,,,,,,,,,,,,,,,,,,,,,,,,,,,"(-13.8, 0.4, 3.9)","(-13.8, 0.8, 4.0)","(-13.7, 0.5, 4.0)",
VOICE_CAPTURE,436046,6/26/2026 12:59:38 PM,656b7e14-f368-4196-b68a-fdb1e1554fc8,2.0,,,,,,,,,,,,,,,,,,,,,,,,,,,,,,,,,,,,,,,,,,,,,,,,,,,NA,I'm gonna bleed from anywhere.,
PLAYER_POSITIONS,436502,6/26/2026 12:59:38 PM,656b7e14-f368-4196-b68a-fdb1e1554fc8,2.0,,,,,,,,,,,,,,,,,,,,,,,,,,,,,,,,,,,"(-13.9, 0.4, 3.9)","(-13.9, 0.7, 4.1)","(-13.8, 0.5, 4.0)",
PLAYER_POSITIONS,436502,6/26/2026 12:59:38 PM,656b7e14-f368-4196-b68a-fdb1e1554fc8,2.0,,,,,,,,,,,,,,,,,,,,,,,,,,,,,,,,,,,"(-13.9, 0.4, 3.9)","(-13.9, 0.7, 4.1)","(-13.8, 0.5, 4.0)",
VOICE_CAPTURE,436535,6/26/2026 12:59:38 PM,656b7e14-f368-4196-b68a-fdb1e1554fc8,2.0,,,,,,,,,,,,,,,,,,,,,,,,,,,,,,,,,,,,,,,,,,,,,,,,,,,NA,I'm gonna bleed from anywhere. I'm gonna bleed from anywhere that I-,
PLAYER_POSITIONS,437015,6/26/2026 12:59:39 PM,656b7e14-f368-4196-b68a-fdb1e1554fc8,2.0,,,,,,,,,,,,,,,,,,,,,,,,,,,,,,,,,,,"(-13.9, 0.4, 4.1)","(-13.9, 0.8, 4.2)","(-13.8, 0.5, 4.2)",
PLAYER_POSITIONS,437015,6/26/2026 12:59:39 PM,656b7e14-f368-4196-b68a-fdb1e1554fc8,2.0,,,,,,,,,,,,,,,,,,,,,,,,,,,,,,,,,,,"(-13.9, 0.4, 4.1)","(-13.9, 0.8, 4.2)","(-13.8, 0.5, 4.2)",
VOICE_CAPTURE,437080,6/26/2026 12:59:39 PM,656b7e14-f368-4196-b68a-fdb1e1554fc8,2.0,,,,,,,,,,,,,,,,,,,,,,,,,,,,,,,,,,,,,,,,,,,,,,,,,,,NA,I'm gonna bleed from anywhere. I may have bled from anywhere that I've been to.,
PLAYER_POSITIONS,437535,6/26/2026 12:59:39 PM,656b7e14-f368-4196-b68a-fdb1e1554fc8,2.0,,,,,,,,,,,,,,,,,,,,,,,,,,,,,,,,,,,"(-13.8, 0.5, 4.1)","(-13.9, 0.7, 4.2)","(-13.8, 0.5, 4.2)",
PLAYER_POSITIONS,437535,6/26/2026 12:59:39 PM,656b7e14-f368-4196-b68a-fdb1e1554fc8,2.0,,,,,,,,,,,,,,,,,,,,,,,,,,,,,,,,,,,"(-13.8, 0.5, 4.1)","(-13.9, 0.7, 4.2)","(-13.8, 0.5, 4.2)",
VOICE_CAPTURE,437600,6/26/2026 12:59:39 PM,656b7e14-f368-4196-b68a-fdb1e1554fc8,2.0,,,,,,,,,,,,,,,,,,,,,,,,,,,,,,,,,,,,,,,,,,,,,,,,,,,NA,I'm gonna bleed from anywhere. I may have bled from anywhere that I've been to.,
VOICE_CAPTURE,437600,6/26/2026 12:59:39 PM,656b7e14-f368-4196-b68a-fdb1e1554fc8,2.0,,,,,,,,,,,,,,,,,,,,,,,,,,,,,,,,,,,,,,,,,,,,,,,,,,,NA,I'm gonna bleed from anywhere. I may have bled from anywhere that I've been to.,
PLAYER_POSITIONS,438046,6/26/2026 12:59:40 PM,656b7e14-f368-4196-b68a-fdb1e1554fc8,2.0,,,,,,,,,,,,,,,,,,,,,,,,,,,,,,,,,,,"(-13.8, 0.5, 4.2)","(-13.9, 0.7, 4.2)","(-13.8, 0.5, 4.2)",
PLAYER_POSITIONS,438046,6/26/2026 12:59:40 PM,656b7e14-f368-4196-b68a-fdb1e1554fc8,2.0,,,,,,,,,,,,,,,,,,,,,,,,,,,,,,,,,,,"(-13.8, 0.5, 4.2)","(-13.9, 0.7, 4.2)","(-13.8, 0.5, 4.2)",
PLAYER_POSITIONS,438567,6/26/2026 12:59:40 PM,656b7e14-f368-4196-b68a-fdb1e1554fc8,2.0,,,,,,,,,,,,,,,,,,,,,,,,,,,,,,,,,,,"(-13.8, 0.5, 4.0)","(-13.9, 0.7, 4.1)","(-13.8, 0.5, 4.1)",
PLAYER_POSITIONS,438567,6/26/2026 12:59:40 PM,656b7e14-f368-4196-b68a-fdb1e1554fc8,2.0,,,,,,,,,,,,,,,,,,,,,,,,,,,,,,,,,,,"(-13.8, 0.5, 4.0)","(-13.9, 0.7, 4.1)","(-13.8, 0.5, 4.1)",
AUDIO_END,438677,6/26/2026 12:59:40 PM,656b7e14-f368-4196-b68a-fdb1e1554fc8,2.0,bravo has uav overhead,3.056327,
NARRATIVE_SECTION_END,438677,6/26/2026 12:59:40 PM,656b7e14-f368-4196-b68a-fdb1e1554fc8,2.0,,,,,,,,,,,,,,,,,,Bravo has uav overhead,49,
NARRATIVE_SECTION_START,438719,6/26/2026 12:59:40 PM,656b7e14-f368-4196-b68a-fdb1e1554fc8,2.0,,,,,,,,,,,,,,,,,,Uav has two targets,50,
PLAYER_POSITIONS,439082,6/26/2026 12:59:41 PM,656b7e14-f368-4196-b68a-fdb1e1554fc8,2.0,,,,,,,,,,,,,,,,,,,,,,,,,,,,,,,,,,,"(-13.9, 0.5, 3.8)","(-14.0, 0.7, 3.9)","(-14.0, 0.5, 4.0)",
PLAYER_POSITIONS,439082,6/26/2026 12:59:41 PM,656b7e14-f368-4196-b68a-fdb1e1554fc8,2.0,,,,,,,,,,,,,,,,,,,,,,,,,,,,,,,,,,,"(-13.9, 0.5, 3.8)","(-14.0, 0.7, 3.9)","(-14.0, 0.5, 4.0)",
VOICE_CAPTURE,439527,6/26/2026 12:59:41 PM,656b7e14-f368-4196-b68a-fdb1e1554fc8,2.0,,,,,,,,,,,,,,,,,,,,,,,,,,,,,,,,,,,,,,,,,,,,,,,,,,,NA,Oh,
PLAYER_POSITIONS,439594,6/26/2026 12:59:41 PM,656b7e14-f368-4196-b68a-fdb1e1554fc8,2.0,,,,,,,,,,,,,,,,,,,,,,,,,,,,,,,,,,,"(-13.9, 0.5, 3.8)","(-14.0, 0.8, 3.9)","(-14.1, 0.5, 4.1)",
PLAYER_POSITIONS,439594,6/26/2026 12:59:41 PM,656b7e14-f368-4196-b68a-fdb1e1554fc8,2.0,,,,,,,,,,,,,,,,,,,,,,,,,,,,,,,,,,,"(-13.9, 0.5, 3.8)","(-14.0, 0.8, 3.9)","(-14.1, 0.5, 4.1)",
VOICE_CAPTURE,440012,6/26/2026 12:59:42 PM,656b7e14-f368-4196-b68a-fdb1e1554fc8,2.0,,,,,,,,,,,,,,,,,,,,,,,,,,,,,,,,,,,,,,,,,,,,,,,,,,,NA,Oh,
PLAYER_POSITIONS,440102,6/26/2026 12:59:42 PM,656b7e14-f368-4196-b68a-fdb1e1554fc8,2.0,,,,,,,,,,,,,,,,,,,,,,,,,,,,,,,,,,,"(-13.9, 0.5, 3.8)","(-14.0, 0.8, 3.9)","(-14.1, 0.3, 4.3)",
PLAYER_POSITIONS,440102,6/26/2026 12:59:42 PM,656b7e14-f368-4196-b68a-fdb1e1554fc8,2.0,,,,,,,,,,,,,,,,,,,,,,,,,,,,,,,,,,,"(-13.9, 0.5, 3.8)","(-14.0, 0.8, 3.9)","(-14.1, 0.3, 4.3)",
VOICE_CAPTURE,440591,6/26/2026 12:59:42 PM,656b7e14-f368-4196-b68a-fdb1e1554fc8,2.0,,,,,,,,,,,,,,,,,,,,,,,,,,,,,,,,,,,,,,,,,,,,,,,,,,,NA,Oh.,
PLAYER_POSITIONS,440614,6/26/2026 12:59:42 PM,656b7e14-f368-4196-b68a-fdb1e1554fc8,2.0,,,,,,,,,,,,,,,,,,,,,,,,,,,,,,,,,,,"(-13.9, 0.5, 3.8)","(-14.0, 0.8, 3.9)","(-14.2, 0.4, 4.1)",
PLAYER_POSITIONS,440614,6/26/2026 12:59:42 PM,656b7e14-f368-4196-b68a-fdb1e1554fc8,2.0,,,,,,,,,,,,,,,,,,,,,,,,,,,,,,,,,,,"(-13.9, 0.5, 3.8)","(-14.0, 0.8, 3.9)","(-14.2, 0.4, 4.1)",
TOOL_HOVER,440677,6/26/2026 12:59:42 PM,656b7e14-f368-4196-b68a-fdb1e1554fc8,2.0,,,,,,,,,,,,,,,,,,,,,,,,,,,,,,,,,,,,,,,,,,,,,,995,,Tourniquet,
TOOL_HOVER,440765,6/26/2026 12:59:42 PM,656b7e14-f368-4196-b68a-fdb1e1554fc8,2.0,,,,,,,,,,,,,,,,,,,,,,,,,,,,,,,,,,,,,,,,,,,,,,999,,SAM Splint,
TOOL_HOVER,440989,6/26/2026 12:59:43 PM,656b7e14-f368-4196-b68a-fdb1e1554fc8,2.0,,,,,,,,,,,,,,,,,,,,,,,,,,,,,,,,,,,,,,,,,,,,,,995,,Tourniquet,
TOOL_SELECTED,441061,6/26/2026 12:59:43 PM,656b7e14-f368-4196-b68a-fdb1e1554fc8,2.0,,,,,,,,,,,,,,,,,,,,,,,,,,,,,,,,,,,,,,,,,,,,,,994,,Tourniquet,
VOICE_CAPTURE,441064,6/26/2026 12:59:43 PM,656b7e14-f368-4196-b68a-fdb1e1554fc8,2.0,,,,,,,,,,,,,,,,,,,,,,,,,,,,,,,,,,,,,,,,,,,,,,,,,,,NA,Oh.,
PLAYER_POSITIONS,441124,6/26/2026 12:59:43 PM,656b7e14-f368-4196-b68a-fdb1e1554fc8,2.0,,,,,,,,,,,,,,,,,,,,,,,,,,,,,,,,,,,"(-13.8, 0.5, 3.8)","(-14.0, 0.8, 3.9)","(-14.2, 0.3, 4.0)",
PLAYER_POSITIONS,441124,6/26/2026 12:59:43 PM,656b7e14-f368-4196-b68a-fdb1e1554fc8,2.0,,,,,,,,,,,,,,,,,,,,,,,,,,,,,,,,,,,"(-13.8, 0.5, 3.8)","(-14.0, 0.8, 3.9)","(-14.2, 0.3, 4.0)",
VOICE_CAPTURE,441537,6/26/2026 12:59:43 PM,656b7e14-f368-4196-b68a-fdb1e1554fc8,2.0,,,,,,,,,,,,,,,,,,,,,,,,,,,,,,,,,,,,,,,,,,,,,,,,,,,NA,Oh.,
PLAYER_POSITIONS,441625,6/26/2026 12:59:43 PM,656b7e14-f368-4196-b68a-fdb1e1554fc8,2.0,,,,,,,,,,,,,,,,,,,,,,,,,,,,,,,,,,,"(-13.8, 0.5, 3.8)","(-14.0, 0.8, 3.8)","(-14.2, 0.3, 3.8)",
PLAYER_POSITIONS,441625,6/26/2026 12:59:43 PM,656b7e14-f368-4196-b68a-fdb1e1554fc8,2.0,,,,,,,,,,,,,,,,,,,,,,,,,,,,,,,,,,,"(-13.8, 0.5, 3.8)","(-14.0, 0.8, 3.8)","(-14.2, 0.3, 3.8)",
TOOL_APPLIED,441966,6/26/2026 12:59:44 PM,656b7e14-f368-4196-b68a-fdb1e1554fc8,2.0,,,,,,,,,,,,,,,,,,,,,,,,Civilian PT 14,,,,,,,,,,,,,,,,,,,,AppliedTourniquet,LeftUpLeg (UnityEngine.GameObject),,Tourniquet(Clone) (UnityEngine.GameObject),Tourniquet,
VOICE_CAPTURE,442035,6/26/2026 12:59:44 PM,656b7e14-f368-4196-b68a-fdb1e1554fc8,2.0,,,,,,,,,,,,,,,,,,,,,,,,,,,,,,,,,,,,,,,,,,,,,,,,,,,NA,Oh.,
PLAYER_POSITIONS,442146,6/26/2026 12:59:44 PM,656b7e14-f368-4196-b68a-fdb1e1554fc8,2.0,,,,,,,,,,,,,,,,,,,,,,,,,,,,,,,,,,,"(-13.8, 0.6, 3.7)","(-14.0, 0.8, 3.7)","(-14.2, 0.2, 3.6)",
PLAYER_GAZE,442146,6/26/2026 12:59:44 PM,656b7e14-f368-4196-b68a-fdb1e1554fc8,2.0,,,,,,,,,,,,,,,,,,,,,,,,Civilian PT 14,,,,,,,,,"(0.1, 0.8, 0.1)",,,"(-14.1, 0.0, 3.6)",
PLAYER_POSITIONS,442146,6/26/2026 12:59:44 PM,656b7e14-f368-4196-b68a-fdb1e1554fc8,2.0,,,,,,,,,,,,,,,,,,,,,,,,,,,,,,,,,,,"(-13.8, 0.6, 3.7)","(-14.0, 0.8, 3.7)","(-14.2, 0.2, 3.6)",
PLAYER_GAZE,442146,6/26/2026 12:59:44 PM,656b7e14-f368-4196-b68a-fdb1e1554fc8,2.0,,,,,,,,,,,,,,,,,,,,,,,,Civilian PT 14,,,,,,,,,"(0.1, 0.8, 0.1)",,,"(-14.1, 0.0, 3.6)",
VOICE_CAPTURE,442557,6/26/2026 12:59:44 PM,656b7e14-f368-4196-b68a-fdb1e1554fc8,2.0,,,,,,,,,,,,,,,,,,,,,,,,,,,,,,,,,,,,,,,,,,,,,,,,,,,NA,Oh.,
PLAYER_POSITIONS,442647,6/26/2026 12:59:44 PM,656b7e14-f368-4196-b68a-fdb1e1554fc8,2.0,,,,,,,,,,,,,,,,,,,,,,,,,,,,,,,,,,,"(-13.8, 0.5, 3.8)","(-14.0, 0.8, 3.8)","(-14.0, 0.3, 3.9)",
PLAYER_POSITIONS,442647,6/26/2026 12:59:44 PM,656b7e14-f368-4196-b68a-fdb1e1554fc8,2.0,,,,,,,,,,,,,,,,,,,,,,,,,,,,,,,,,,,"(-13.8, 0.5, 3.8)","(-14.0, 0.8, 3.8)","(-14.0, 0.3, 3.9)",
VOICE_CAPTURE,443059,6/26/2026 12:59:45 PM,656b7e14-f368-4196-b68a-fdb1e1554fc8,2.0,,,,,,,,,,,,,,,,,,,,,,,,,,,,,,,,,,,,,,,,,,,,,,,,,,,NA,Oh.,
PLAYER_POSITIONS,443148,6/26/2026 12:59:45 PM,656b7e14-f368-4196-b68a-fdb1e1554fc8,2.0,,,,,,,,,,,,,,,,,,,,,,,,,,,,,,,,,,,"(-13.8, 0.5, 3.8)","(-13.9, 0.7, 3.9)","(-14.0, 0.2, 3.9)",
PLAYER_POSITIONS,443148,6/26/2026 12:59:45 PM,656b7e14-f368-4196-b68a-fdb1e1554fc8,2.0,,,,,,,,,,,,,,,,,,,,,,,,,,,,,,,,,,,"(-13.8, 0.5, 3.8)","(-13.9, 0.7, 3.9)","(-14.0, 0.2, 3.9)",
VOICE_CAPTURE,443515,6/26/2026 12:59:45 PM,656b7e14-f368-4196-b68a-fdb1e1554fc8,2.0,,,,,,,,,,,,,,,,,,,,,,,,,,,,,,,,,,,,,,,,,,,,,,,,,,,NA,Oh.,
PLAYER_POSITIONS,443669,6/26/2026 12:59:45 PM,656b7e14-f368-4196-b68a-fdb1e1554fc8,2.0,,,,,,,,,,,,,,,,,,,,,,,,,,,,,,,,,,,"(-13.8, 0.5, 3.7)","(-13.9, 0.8, 3.9)","(-14.1, 0.1, 3.8)",
PLAYER_POSITIONS,443669,6/26/2026 12:59:45 PM,656b7e14-f368-4196-b68a-fdb1e1554fc8,2.0,,,,,,,,,,,,,,,,,,,,,,,,,,,,,,,,,,,"(-13.8, 0.5, 3.7)","(-13.9, 0.8, 3.9)","(-14.1, 0.1, 3.8)",
VOICE_CAPTURE,444053,6/26/2026 12:59:46 PM,656b7e14-f368-4196-b68a-fdb1e1554fc8,2.0,,,,,,,,,,,,,,,,,,,,,,,,,,,,,,,,,,,,,,,,,,,,,,,,,,,NA,Oh.,
PLAYER_POSITIONS,444185,6/26/2026 12:59:46 PM,656b7e14-f368-4196-b68a-fdb1e1554fc8,2.0,,,,,,,,,,,,,,,,,,,,,,,,,,,,,,,,,,,"(-13.8, 0.5, 3.7)","(-14.0, 0.8, 3.8)","(-14.1, 0.1, 3.8)",
PLAYER_POSITIONS,444185,6/26/2026 12:59:46 PM,656b7e14-f368-4196-b68a-fdb1e1554fc8,2.0,,,,,,,,,,,,,,,,,,,,,,,,,,,,,,,,,,,"(-13.8, 0.5, 3.7)","(-14.0, 0.8, 3.8)","(-14.1, 0.1, 3.8)",
VOICE_CAPTURE,444521,6/26/2026 12:59:46 PM,656b7e14-f368-4196-b68a-fdb1e1554fc8,2.0,,,,,,,,,,,,,,,,,,,,,,,,,,,,,,,,,,,,,,,,,,,,,,,,,,,NA,Oh.,
PLAYER_POSITIONS,444697,6/26/2026 12:59:46 PM,656b7e14-f368-4196-b68a-fdb1e1554fc8,2.0,,,,,,,,,,,,,,,,,,,,,,,,,,,,,,,,,,,"(-13.8, 0.5, 3.7)","(-14.0, 0.7, 3.9)","(-14.2, 0.1, 3.8)",
PLAYER_POSITIONS,444697,6/26/2026 12:59:46 PM,656b7e14-f368-4196-b68a-fdb1e1554fc8,2.0,,,,,,,,,,,,,,,,,,,,,,,,,,,,,,,,,,,"(-13.8, 0.5, 3.7)","(-14.0, 0.7, 3.9)","(-14.2, 0.1, 3.8)",
VOICE_CAPTURE,445019,6/26/2026 12:59:47 PM,656b7e14-f368-4196-b68a-fdb1e1554fc8,2.0,,,,,,,,,,,,,,,,,,,,,,,,,,,,,,,,,,,,,,,,,,,,,,,,,,,NA,Oh.,
BAG_CLOSED,445155,6/26/2026 12:59:47 PM,656b7e14-f368-4196-b68a-fdb1e1554fc8,2.0,,,,,,,,,,,,,,,,,,,,,,,,,,,,,,,,,,,,"(0.0, 0.0, 0.0)",
PLAYER_POSITIONS,445202,6/26/2026 12:59:47 PM,656b7e14-f368-4196-b68a-fdb1e1554fc8,2.0,,,,,,,,,,,,,,,,,,,,,,,,,,,,,,,,,,,"(-13.8, 0.5, 3.8)","(-13.9, 0.7, 4.0)","(-14.1, 0.1, 4.0)",
PLAYER_POSITIONS,445202,6/26/2026 12:59:47 PM,656b7e14-f368-4196-b68a-fdb1e1554fc8,2.0,,,,,,,,,,,,,,,,,,,,,,,,,,,,,,,,,,,"(-13.8, 0.5, 3.8)","(-13.9, 0.7, 4.0)","(-14.1, 0.1, 4.0)",
VOICE_CAPTURE,445514,6/26/2026 12:59:47 PM,656b7e14-f368-4196-b68a-fdb1e1554fc8,2.0,,,,,,,,,,,,,,,,,,,,,,,,,,,,,,,,,,,,,,,,,,,,,,,,,,,NA,Oh. Is that what that is?,
AUDIO_START,445722,6/26/2026 12:59:47 PM,656b7e14-f368-4196-b68a-fdb1e1554fc8,2.0,uav has two targets,6.582857,
PLAYER_POSITIONS,445722,6/26/2026 12:59:47 PM,656b7e14-f368-4196-b68a-fdb1e1554fc8,2.0,,,,,,,,,,,,,,,,,,,,,,,,,,,,,,,,,,,"(-13.9, 0.5, 3.9)","(-14.0, 0.7, 4.1)","(-14.1, 0.1, 4.3)",
PLAYER_POSITIONS,445722,6/26/2026 12:59:47 PM,656b7e14-f368-4196-b68a-fdb1e1554fc8,2.0,,,,,,,,,,,,,,,,,,,,,,,,,,,,,,,,,,,"(-13.9, 0.5, 3.9)","(-14.0, 0.7, 4.1)","(-14.1, 0.1, 4.3)",
VOICE_CAPTURE,446025,6/26/2026 12:59:48 PM,656b7e14-f368-4196-b68a-fdb1e1554fc8,2.0,,,,,,,,,,,,,,,,,,,,,,,,,,,,,,,,,,,,,,,,,,,,,,,,,,,NA,Oh. Is that what that is?,
VOICE_CAPTURE,446025,6/26/2026 12:59:48 PM,656b7e14-f368-4196-b68a-fdb1e1554fc8,2.0,,,,,,,,,,,,,,,,,,,,,,,,,,,,,,,,,,,,,,,,,,,,,,,,,,,NA,Oh. Is that what that is?,
PLAYER_POSITIONS,446225,6/26/2026 12:59:48 PM,656b7e14-f368-4196-b68a-fdb1e1554fc8,2.0,,,,,,,,,,,,,,,,,,,,,,,,,,,,,,,,,,,"(-13.9, 0.5, 4.0)","(-14.0, 0.7, 4.1)","(-14.2, 0.1, 4.3)",
PLAYER_POSITIONS,446225,6/26/2026 12:59:48 PM,656b7e14-f368-4196-b68a-fdb1e1554fc8,2.0,,,,,,,,,,,,,,,,,,,,,,,,,,,,,,,,,,,"(-13.9, 0.5, 4.0)","(-14.0, 0.7, 4.1)","(-14.2, 0.1, 4.3)",
VOICE_CAPTURE,446525,6/26/2026 12:59:48 PM,656b7e14-f368-4196-b68a-fdb1e1554fc8,2.0,,,,,,,,,,,,,,,,,,,,,,,,,,,,,,,,,,,,,,,,,,,,,,,,,,,NA,to this.,
PLAYER_POSITIONS,446725,6/26/2026 12:59:48 PM,656b7e14-f368-4196-b68a-fdb1e1554fc8,2.0,,,,,,,,,,,,,,,,,,,,,,,,,,,,,,,,,,,"(-13.9, 0.5, 4.1)","(-14.0, 0.7, 4.2)","(-14.2, 0.1, 4.4)",
PLAYER_POSITIONS,446725,6/26/2026 12:59:48 PM,656b7e14-f368-4196-b68a-fdb1e1554fc8,2.0,,,,,,,,,,,,,,,,,,,,,,,,,,,,,,,,,,,"(-13.9, 0.5, 4.1)","(-14.0, 0.7, 4.2)","(-14.2, 0.1, 4.4)",
VOICE_CAPTURE,447104,6/26/2026 12:59:49 PM,656b7e14-f368-4196-b68a-fdb1e1554fc8,2.0,,,,,,,,,,,,,,,,,,,,,,,,,,,,,,,,,,,,,,,,,,,,,,,,,,,NA,to this.,
VOICE_CAPTURE,447104,6/26/2026 12:59:49 PM,656b7e14-f368-4196-b68a-fdb1e1554fc8,2.0,,,,,,,,,,,,,,,,,,,,,,,,,,,,,,,,,,,,,,,,,,,,,,,,,,,NA,to this.,
PLAYER_POSITIONS,447237,6/26/2026 12:59:49 PM,656b7e14-f368-4196-b68a-fdb1e1554fc8,2.0,,,,,,,,,,,,,,,,,,,,,,,,,,,,,,,,,,,"(-13.9, 0.5, 4.3)","(-14.1, 0.7, 4.3)","(-14.2, 0.1, 4.5)",
PLAYER_POSITIONS,447237,6/26/2026 12:59:49 PM,656b7e14-f368-4196-b68a-fdb1e1554fc8,2.0,,,,,,,,,,,,,,,,,,,,,,,,,,,,,,,,,,,"(-13.9, 0.5, 4.3)","(-14.1, 0.7, 4.3)","(-14.2, 0.1, 4.5)",
VOICE_CAPTURE,447604,6/26/2026 12:59:49 PM,656b7e14-f368-4196-b68a-fdb1e1554fc8,2.0,,,,,,,,,,,,,,,,,,,,,,,,,,,,,,,,,,,,,,,,,,,,,,,,,,,NA,"So, sure.",
PLAYER_POSITIONS,447737,6/26/2026 12:59:49 PM,656b7e14-f368-4196-b68a-fdb1e1554fc8,2.0,,,,,,,,,,,,,,,,,,,,,,,,,,,,,,,,,,,"(-14.0, 0.5, 4.2)","(-14.1, 0.7, 4.2)","(-14.3, 0.1, 4.5)",
PLAYER_POSITIONS,447737,6/26/2026 12:59:49 PM,656b7e14-f368-4196-b68a-fdb1e1554fc8,2.0,,,,,,,,,,,,,,,,,,,,,,,,,,,,,,,,,,,"(-14.0, 0.5, 4.2)","(-14.1, 0.7, 4.2)","(-14.3, 0.1, 4.5)",
VOICE_CAPTURE,448114,6/26/2026 12:59:50 PM,656b7e14-f368-4196-b68a-fdb1e1554fc8,2.0,,,,,,,,,,,,,,,,,,,,,,,,,,,,,,,,,,,,,,,,,,,,,,,,,,,NA,"So, sure.",
VOICE_CAPTURE,448114,6/26/2026 12:59:50 PM,656b7e14-f368-4196-b68a-fdb1e1554fc8,2.0,,,,,,,,,,,,,,,,,,,,,,,,,,,,,,,,,,,,,,,,,,,,,,,,,,,NA,"So, sure.",
PLAYER_POSITIONS,448247,6/26/2026 12:59:50 PM,656b7e14-f368-4196-b68a-fdb1e1554fc8,2.0,,,,,,,,,,,,,,,,,,,,,,,,,,,,,,,,,,,"(-14.0, 0.5, 4.2)","(-14.1, 0.7, 4.2)","(-14.3, 0.1, 4.5)",
PLAYER_POSITIONS,448247,6/26/2026 12:59:50 PM,656b7e14-f368-4196-b68a-fdb1e1554fc8,2.0,,,,,,,,,,,,,,,,,,,,,,,,,,,,,,,,,,,"(-14.0, 0.5, 4.2)","(-14.1, 0.7, 4.2)","(-14.3, 0.1, 4.5)",
PLAYER_POSITIONS,448758,6/26/2026 12:59:50 PM,656b7e14-f368-4196-b68a-fdb1e1554fc8,2.0,,,,,,,,,,,,,,,,,,,,,,,,,,,,,,,,,,,"(-13.9, 0.5, 4.1)","(-14.1, 0.8, 4.1)","(-14.2, 0.3, 4.4)",
PLAYER_POSITIONS,448758,6/26/2026 12:59:50 PM,656b7e14-f368-4196-b68a-fdb1e1554fc8,2.0,,,,,,,,,,,,,,,,,,,,,,,,,,,,,,,,,,,"(-13.9, 0.5, 4.1)","(-14.1, 0.8, 4.1)","(-14.2, 0.3, 4.4)",
VOICE_CAPTURE,449067,6/26/2026 12:59:51 PM,656b7e14-f368-4196-b68a-fdb1e1554fc8,2.0,,,,,,,,,,,,,,,,,,,,,,,,,,,,,,,,,,,,,,,,,,,,,,,,,,,NA,Sure.,
PLAYER_POSITIONS,449268,6/26/2026 12:59:51 PM,656b7e14-f368-4196-b68a-fdb1e1554fc8,2.0,,,,,,,,,,,,,,,,,,,,,,,,,,,,,,,,,,,"(-13.9, 0.5, 3.9)","(-14.0, 1.0, 3.9)","(-14.0, 0.6, 4.0)",
PLAYER_POSITIONS,449268,6/26/2026 12:59:51 PM,656b7e14-f368-4196-b68a-fdb1e1554fc8,2.0,,,,,,,,,,,,,,,,,,,,,,,,,,,,,,,,,,,"(-13.9, 0.5, 3.9)","(-14.0, 1.0, 3.9)","(-14.0, 0.6, 4.0)",
VOICE_CAPTURE,449579,6/26/2026 12:59:51 PM,656b7e14-f368-4196-b68a-fdb1e1554fc8,2.0,,,,,,,,,,,,,,,,,,,,,,,,,,,,,,,,,,,,,,,,,,,,,,,,,,,NA,Sure.,
PLAYER_POSITIONS,449778,6/26/2026 12:59:51 PM,656b7e14-f368-4196-b68a-fdb1e1554fc8,2.0,,,,,,,,,,,,,,,,,,,,,,,,,,,,,,,,,,,"(-13.9, 0.6, 3.9)","(-13.8, 1.1, 4.0)","(-14.1, 0.6, 4.0)",
PLAYER_GAZE,449778,6/26/2026 12:59:51 PM,656b7e14-f368-4196-b68a-fdb1e1554fc8,2.0,,,,,,,,,,,,,,,,,,,,,,,,Military PT 13,,,,,,,,,"(1.4, 1.1, -1.0)",,,"(-15.2, 0.0, 5.0)",
PLAYER_POSITIONS,449778,6/26/2026 12:59:51 PM,656b7e14-f368-4196-b68a-fdb1e1554fc8,2.0,,,,,,,,,,,,,,,,,,,,,,,,,,,,,,,,,,,"(-13.9, 0.6, 3.9)","(-13.8, 1.1, 4.0)","(-14.1, 0.6, 4.0)",
PLAYER_GAZE,449778,6/26/2026 12:59:51 PM,656b7e14-f368-4196-b68a-fdb1e1554fc8,2.0,,,,,,,,,,,,,,,,,,,,,,,,Military PT 13,,,,,,,,,"(1.4, 1.1, -1.0)",,,"(-15.2, 0.0, 5.0)",
VOICE_CAPTURE,450135,6/26/2026 12:59:52 PM,656b7e14-f368-4196-b68a-fdb1e1554fc8,2.0,,,,,,,,,,,,,,,,,,,,,,,,,,,,,,,,,,,,,,,,,,,,,,,,,,,NA,Sure. Mm-hmm.,
PLAYER_POSITIONS,450291,6/26/2026 12:59:52 PM,656b7e14-f368-4196-b68a-fdb1e1554fc8,2.0,,,,,,,,,,,,,,,,,,,,,,,,,,,,,,,,,,,"(-13.9, 0.9, 3.9)","(-14.0, 1.5, 3.9)","(-14.0, 0.8, 4.1)",
PLAYER_POSITIONS,450291,6/26/2026 12:59:52 PM,656b7e14-f368-4196-b68a-fdb1e1554fc8,2.0,,,,,,,,,,,,,,,,,,,,,,,,,,,,,,,,,,,"(-13.9, 0.9, 3.9)","(-14.0, 1.5, 3.9)","(-14.0, 0.8, 4.1)",
VOICE_CAPTURE,450591,6/26/2026 12:59:52 PM,656b7e14-f368-4196-b68a-fdb1e1554fc8,2.0,,,,,,,,,,,,,,,,,,,,,,,,,,,,,,,,,,,,,,,,,,,,,,,,,,,NA,Sure.,
PLAYER_POSITIONS,450811,6/26/2026 12:59:52 PM,656b7e14-f368-4196-b68a-fdb1e1554fc8,2.0,,,,,,,,,,,,,,,,,,,,,,,,,,,,,,,,,,,"(-13.8, 1.2, 3.7)","(-13.8, 1.7, 3.7)","(-13.9, 1.1, 3.8)",
PLAYER_GAZE,450811,6/26/2026 12:59:52 PM,656b7e14-f368-4196-b68a-fdb1e1554fc8,2.0,,,,,,,,,,,,,,,,,,,,,,,,Civilian PT 14,,,,,,,,,"(0.3, 1.7, 0.1)",,,"(-14.1, 0.0, 3.6)",
PLAYER_POSITIONS,450811,6/26/2026 12:59:52 PM,656b7e14-f368-4196-b68a-fdb1e1554fc8,2.0,,,,,,,,,,,,,,,,,,,,,,,,,,,,,,,,,,,"(-13.8, 1.2, 3.7)","(-13.8, 1.7, 3.7)","(-13.9, 1.1, 3.8)",
PLAYER_GAZE,450811,6/26/2026 12:59:52 PM,656b7e14-f368-4196-b68a-fdb1e1554fc8,2.0,,,,,,,,,,,,,,,,,,,,,,,,Civilian PT 14,,,,,,,,,"(0.3, 1.7, 0.1)",,,"(-14.1, 0.0, 3.6)",
VOICE_CAPTURE,451094,6/26/2026 12:59:53 PM,656b7e14-f368-4196-b68a-fdb1e1554fc8,2.0,,,,,,,,,,,,,,,,,,,,,,,,,,,,,,,,,,,,,,,,,,,,,,,,,,,NA,"Oh, sure.",
PLAYER_POSITIONS,451327,6/26/2026 12:59:53 PM,656b7e14-f368-4196-b68a-fdb1e1554fc8,2.0,,,,,,,,,,,,,,,,,,,,,,,,,,,,,,,,,,,"(-13.7, 1.2, 3.6)","(-13.7, 1.8, 3.7)","(-13.9, 1.1, 3.6)",
PLAYER_POSITIONS,451327,6/26/2026 12:59:53 PM,656b7e14-f368-4196-b68a-fdb1e1554fc8,2.0,,,,,,,,,,,,,,,,,,,,,,,,,,,,,,,,,,,"(-13.7, 1.2, 3.6)","(-13.7, 1.8, 3.7)","(-13.9, 1.1, 3.6)",
VOICE_CAPTURE,451561,6/26/2026 12:59:53 PM,656b7e14-f368-4196-b68a-fdb1e1554fc8,2.0,,,,,,,,,,,,,,,,,,,,,,,,,,,,,,,,,,,,,,,,,,,,,,,,,,,NA,"Oh, sure.",
VOICE_CAPTURE,451561,6/26/2026 12:59:53 PM,656b7e14-f368-4196-b68a-fdb1e1554fc8,2.0,,,,,,,,,,,,,,,,,,,,,,,,,,,,,,,,,,,,,,,,,,,,,,,,,,,NA,"Oh, sure.",
PLAYER_POSITIONS,451837,6/26/2026 12:59:53 PM,656b7e14-f368-4196-b68a-fdb1e1554fc8,2.0,,,,,,,,,,,,,,,,,,,,,,,,,,,,,,,,,,,"(-13.5, 1.2, 3.7)","(-13.5, 1.8, 3.9)","(-13.7, 1.2, 3.6)",
PLAYER_POSITIONS,451837,6/26/2026 12:59:53 PM,656b7e14-f368-4196-b68a-fdb1e1554fc8,2.0,,,,,,,,,,,,,,,,,,,,,,,,,,,,,,,,,,,"(-13.5, 1.2, 3.7)","(-13.5, 1.8, 3.9)","(-13.7, 1.2, 3.6)",
AUDIO_END,452302,6/26/2026 12:59:54 PM,656b7e14-f368-4196-b68a-fdb1e1554fc8,2.0,uav has two targets,6.582857,
NARRATIVE_SECTION_END,452302,6/26/2026 12:59:54 PM,656b7e14-f368-4196-b68a-fdb1e1554fc8,2.0,,,,,,,,,,,,,,,,,,Uav has two targets,50,
NARRATIVE_SECTION_START,452320,6/26/2026 12:59:54 PM,656b7e14-f368-4196-b68a-fdb1e1554fc8,2.0,,,,,,,,,,,,,,,,,,Bravo engaging enemy,51,
PLAYER_POSITIONS,452347,6/26/2026 12:59:54 PM,656b7e14-f368-4196-b68a-fdb1e1554fc8,2.0,,,,,,,,,,,,,,,,,,,,,,,,,,,,,,,,,,,"(-13.3, 1.3, 3.8)","(-13.5, 1.8, 4.0)","(-13.4, 1.2, 3.7)",
PLAYER_POSITIONS,452347,6/26/2026 12:59:54 PM,656b7e14-f368-4196-b68a-fdb1e1554fc8,2.0,,,,,,,,,,,,,,,,,,,,,,,,,,,,,,,,,,,"(-13.3, 1.3, 3.8)","(-13.5, 1.8, 4.0)","(-13.4, 1.2, 3.7)",
PLAYER_POSITIONS,452868,6/26/2026 12:59:54 PM,656b7e14-f368-4196-b68a-fdb1e1554fc8,2.0,,,,,,,,,,,,,,,,,,,,,,,,,,,,,,,,,,,"(-13.3, 1.2, 4.0)","(-13.6, 1.8, 4.0)","(-13.3, 1.2, 3.8)",
PLAYER_POSITIONS,452868,6/26/2026 12:59:54 PM,656b7e14-f368-4196-b68a-fdb1e1554fc8,2.0,,,,,,,,,,,,,,,,,,,,,,,,,,,,,,,,,,,"(-13.3, 1.2, 4.0)","(-13.6, 1.8, 4.0)","(-13.3, 1.2, 3.8)",
PLAYER_POSITIONS,453372,6/26/2026 12:59:55 PM,656b7e14-f368-4196-b68a-fdb1e1554fc8,2.0,,,,,,,,,,,,,,,,,,,,,,,,,,,,,,,,,,,"(-13.3, 1.2, 3.9)","(-13.5, 1.9, 3.9)","(-13.3, 1.2, 3.7)",
PLAYER_POSITIONS,453372,6/26/2026 12:59:55 PM,656b7e14-f368-4196-b68a-fdb1e1554fc8,2.0,,,,,,,,,,,,,,,,,,,,,,,,,,,,,,,,,,,"(-13.3, 1.2, 3.9)","(-13.5, 1.9, 3.9)","(-13.3, 1.2, 3.7)",
PLAYER_POSITIONS,453883,6/26/2026 12:59:56 PM,656b7e14-f368-4196-b68a-fdb1e1554fc8,2.0,,,,,,,,,,,,,,,,,,,,,,,,,,,,,,,,,,,"(-13.3, 1.2, 3.8)","(-13.5, 1.9, 3.8)","(-13.4, 1.2, 3.6)",
PLAYER_POSITIONS,453883,6/26/2026 12:59:56 PM,656b7e14-f368-4196-b68a-fdb1e1554fc8,2.0,,,,,,,,,,,,,,,,,,,,,,,,,,,,,,,,,,,"(-13.3, 1.2, 3.8)","(-13.5, 1.9, 3.8)","(-13.4, 1.2, 3.6)",
PLAYER_POSITIONS,454395,6/26/2026 12:59:56 PM,656b7e14-f368-4196-b68a-fdb1e1554fc8,2.0,,,,,,,,,,,,,,,,,,,,,,,,,,,,,,,,,,,"(-13.3, 1.2, 3.9)","(-13.4, 1.9, 3.9)","(-13.3, 1.2, 3.7)",
PLAYER_POSITIONS,454395,6/26/2026 12:59:56 PM,656b7e14-f368-4196-b68a-fdb1e1554fc8,2.0,,,,,,,,,,,,,,,,,,,,,,,,,,,,,,,,,,,"(-13.3, 1.2, 3.9)","(-13.4, 1.9, 3.9)","(-13.3, 1.2, 3.7)",
PLAYER_POSITIONS,454928,6/26/2026 12:59:57 PM,656b7e14-f368-4196-b68a-fdb1e1554fc8,2.0,,,,,,,,,,,,,,,,,,,,,,,,,,,,,,,,,,,"(-12.9, 1.2, 4.0)","(-13.0, 1.8, 4.0)","(-13.0, 1.2, 3.8)",
PLAYER_POSITIONS,454928,6/26/2026 12:59:57 PM,656b7e14-f368-4196-b68a-fdb1e1554fc8,2.0,,,,,,,,,,,,,,,,,,,,,,,,,,,,,,,,,,,"(-12.9, 1.2, 4.0)","(-13.0, 1.8, 4.0)","(-13.0, 1.2, 3.8)",
AUDIO_START,455322,6/26/2026 12:59:57 PM,656b7e14-f368-4196-b68a-fdb1e1554fc8,2.0,bravo engaging enemy,3.343673,
PATIENT_DISENGAGED,455437,6/26/2026 12:59:57 PM,656b7e14-f368-4196-b68a-fdb1e1554fc8,2.0,,,,30.57,,,,,,,,,,,,,,,,normal,100,Infinity,normal,Civilian PT 14,upset,sittingGround,"(-14.1, 0.0, 3.6)",normal,"(0.0, 0.8, 0.0, 0.6)",normal,DELAYED,still,,,,,,,,,,,,,,,,,47.71,
PLAYER_POSITIONS,455439,6/26/2026 12:59:57 PM,656b7e14-f368-4196-b68a-fdb1e1554fc8,2.0,,,,,,,,,,,,,,,,,,,,,,,,,,,,,,,,,,,"(-12.3, 1.2, 4.0)","(-12.4, 1.8, 4.1)","(-12.3, 1.2, 3.9)",
PLAYER_POSITIONS,455439,6/26/2026 12:59:57 PM,656b7e14-f368-4196-b68a-fdb1e1554fc8,2.0,,,,,,,,,,,,,,,,,,,,,,,,,,,,,,,,,,,"(-12.3, 1.2, 4.0)","(-12.4, 1.8, 4.1)","(-12.3, 1.2, 3.9)",
PLAYER_POSITIONS,455983,6/26/2026 12:59:58 PM,656b7e14-f368-4196-b68a-fdb1e1554fc8,2.0,,,,,,,,,,,,,,,,,,,,,,,,,,,,,,,,,,,"(-11.6, 1.2, 3.8)","(-11.8, 1.8, 3.9)","(-11.7, 1.2, 3.7)",
PLAYER_GAZE,455983,6/26/2026 12:59:58 PM,656b7e14-f368-4196-b68a-fdb1e1554fc8,2.0,,,,,,,,,,,,,,,,,,,,,,,,Military PT 5,,,,,,,,,"(-2.3, 1.8, 2.2)",,,"(-9.4, 0.0, 1.7)",
PLAYER_POSITIONS,455983,6/26/2026 12:59:58 PM,656b7e14-f368-4196-b68a-fdb1e1554fc8,2.0,,,,,,,,,,,,,,,,,,,,,,,,,,,,,,,,,,,"(-11.6, 1.2, 3.8)","(-11.8, 1.8, 3.9)","(-11.7, 1.2, 3.7)",
PLAYER_GAZE,455983,6/26/2026 12:59:58 PM,656b7e14-f368-4196-b68a-fdb1e1554fc8,2.0,,,,,,,,,,,,,,,,,,,,,,,,Military PT 5,,,,,,,,,"(-2.3, 1.8, 2.2)",,,"(-9.4, 0.0, 1.7)",
PLAYER_POSITIONS,456493,6/26/2026 12:59:58 PM,656b7e14-f368-4196-b68a-fdb1e1554fc8,2.0,,,,,,,,,,,,,,,,,,,,,,,,,,,,,,,,,,,"(-11.0, 1.2, 3.4)","(-11.1, 1.8, 3.5)","(-11.1, 1.1, 3.3)",
PLAYER_POSITIONS,456493,6/26/2026 12:59:58 PM,656b7e14-f368-4196-b68a-fdb1e1554fc8,2.0,,,,,,,,,,,,,,,,,,,,,,,,,,,,,,,,,,,"(-11.0, 1.2, 3.4)","(-11.1, 1.8, 3.5)","(-11.1, 1.1, 3.3)",
PLAYER_POSITIONS,457036,6/26/2026 12:59:59 PM,656b7e14-f368-4196-b68a-fdb1e1554fc8,2.0,,,,,,,,,,,,,,,,,,,,,,,,,,,,,,,,,,,"(-10.6, 1.2, 3.2)","(-10.7, 1.7, 3.3)","(-10.7, 1.6, 3.3)",
PLAYER_POSITIONS,457036,6/26/2026 12:59:59 PM,656b7e14-f368-4196-b68a-fdb1e1554fc8,2.0,,,,,,,,,,,,,,,,,,,,,,,,,,,,,,,,,,,"(-10.6, 1.2, 3.2)","(-10.7, 1.7, 3.3)","(-10.7, 1.6, 3.3)",
PLAYER_POSITIONS,457569,6/26/2026 12:59:59 PM,656b7e14-f368-4196-b68a-fdb1e1554fc8,2.0,,,,,,,,,,,,,,,,,,,,,,,,,,,,,,,,,,,"(-10.6, 1.2, 3.2)","(-10.7, 1.7, 3.3)","(-10.8, 1.6, 3.4)",
PLAYER_POSITIONS,457569,6/26/2026 12:59:59 PM,656b7e14-f368-4196-b68a-fdb1e1554fc8,2.0,,,,,,,,,,,,,,,,,,,,,,,,,,,,,,,,,,,"(-10.6, 1.2, 3.2)","(-10.7, 1.7, 3.3)","(-10.8, 1.6, 3.4)",
PLAYER_POSITIONS,458092,6/26/2026 1:00:00 PM,656b7e14-f368-4196-b68a-fdb1e1554fc8,2.0,,,,,,,,,,,,,,,,,,,,,,,,,,,,,,,,,,,"(-10.6, 1.2, 3.2)","(-10.7, 1.7, 3.3)","(-10.8, 1.6, 3.3)",
PLAYER_POSITIONS,458092,6/26/2026 1:00:00 PM,656b7e14-f368-4196-b68a-fdb1e1554fc8,2.0,,,,,,,,,,,,,,,,,,,,,,,,,,,,,,,,,,,"(-10.6, 1.2, 3.2)","(-10.7, 1.7, 3.3)","(-10.8, 1.6, 3.3)",
PLAYER_POSITIONS,458602,6/26/2026 1:00:00 PM,656b7e14-f368-4196-b68a-fdb1e1554fc8,2.0,,,,,,,,,,,,,,,,,,,,,,,,,,,,,,,,,,,"(-10.6, 1.2, 3.2)","(-10.7, 1.7, 3.3)","(-10.7, 1.2, 3.1)",
PLAYER_POSITIONS,458602,6/26/2026 1:00:00 PM,656b7e14-f368-4196-b68a-fdb1e1554fc8,2.0,,,,,,,,,,,,,,,,,,,,,,,,,,,,,,,,,,,"(-10.6, 1.2, 3.2)","(-10.7, 1.7, 3.3)","(-10.7, 1.2, 3.1)",
AUDIO_END,458680,6/26/2026 1:00:00 PM,656b7e14-f368-4196-b68a-fdb1e1554fc8,2.0,bravo engaging enemy,3.343673,
NARRATIVE_SECTION_END,458680,6/26/2026 1:00:00 PM,656b7e14-f368-4196-b68a-fdb1e1554fc8,2.0,,,,,,,,,,,,,,,,,,Bravo engaging enemy,51,
NARRATIVE_SECTION_START,458720,6/26/2026 1:00:00 PM,656b7e14-f368-4196-b68a-fdb1e1554fc8,2.0,,,,,,,,,,,,,,,,,,Enemy in structure,52,
PLAYER_POSITIONS,459112,6/26/2026 1:00:01 PM,656b7e14-f368-4196-b68a-fdb1e1554fc8,2.0,,,,,,,,,,,,,,,,,,,,,,,,,,,,,,,,,,,"(-10.6, 1.2, 3.2)","(-10.7, 1.7, 3.3)","(-10.7, 1.2, 3.1)",
PLAYER_POSITIONS,459112,6/26/2026 1:00:01 PM,656b7e14-f368-4196-b68a-fdb1e1554fc8,2.0,,,,,,,,,,,,,,,,,,,,,,,,,,,,,,,,,,,"(-10.6, 1.2, 3.2)","(-10.7, 1.7, 3.3)","(-10.7, 1.2, 3.1)",
PLAYER_POSITIONS,459626,6/26/2026 1:00:01 PM,656b7e14-f368-4196-b68a-fdb1e1554fc8,2.0,,,,,,,,,,,,,,,,,,,,,,,,,,,,,,,,,,,"(-10.5, 1.2, 3.1)","(-10.5, 1.8, 3.2)","(-10.5, 1.2, 3.1)",
PLAYER_POSITIONS,459626,6/26/2026 1:00:01 PM,656b7e14-f368-4196-b68a-fdb1e1554fc8,2.0,,,,,,,,,,,,,,,,,,,,,,,,,,,,,,,,,,,"(-10.5, 1.2, 3.1)","(-10.5, 1.8, 3.2)","(-10.5, 1.2, 3.1)",
PLAYER_POSITIONS,460141,6/26/2026 1:00:02 PM,656b7e14-f368-4196-b68a-fdb1e1554fc8,2.0,,,,,,,,,,,,,,,,,,,,,,,,,,,,,,,,,,,"(-10.2, 1.2, 3.2)","(-10.3, 1.8, 3.4)","(-10.3, 1.4, 3.2)",
PLAYER_POSITIONS,460141,6/26/2026 1:00:02 PM,656b7e14-f368-4196-b68a-fdb1e1554fc8,2.0,,,,,,,,,,,,,,,,,,,,,,,,,,,,,,,,,,,"(-10.2, 1.2, 3.2)","(-10.3, 1.8, 3.4)","(-10.3, 1.4, 3.2)",
PLAYER_POSITIONS,460673,6/26/2026 1:00:02 PM,656b7e14-f368-4196-b68a-fdb1e1554fc8,2.0,,,,,,,,,,,,,,,,,,,,,,,,,,,,,,,,,,,"(-10.2, 1.2, 3.2)","(-10.3, 1.8, 3.4)","(-10.4, 1.1, 3.1)",
PLAYER_POSITIONS,460673,6/26/2026 1:00:02 PM,656b7e14-f368-4196-b68a-fdb1e1554fc8,2.0,,,,,,,,,,,,,,,,,,,,,,,,,,,,,,,,,,,"(-10.2, 1.2, 3.2)","(-10.3, 1.8, 3.4)","(-10.4, 1.1, 3.1)",
PLAYER_POSITIONS,461182,6/26/2026 1:00:03 PM,656b7e14-f368-4196-b68a-fdb1e1554fc8,2.0,,,,,,,,,,,,,,,,,,,,,,,,,,,,,,,,,,,"(-10.2, 1.2, 3.2)","(-10.3, 1.8, 3.4)","(-10.6, 0.9, 3.2)",
PLAYER_POSITIONS,461182,6/26/2026 1:00:03 PM,656b7e14-f368-4196-b68a-fdb1e1554fc8,2.0,,,,,,,,,,,,,,,,,,,,,,,,,,,,,,,,,,,"(-10.2, 1.2, 3.2)","(-10.3, 1.8, 3.4)","(-10.6, 0.9, 3.2)",
PLAYER_POSITIONS,461704,6/26/2026 1:00:03 PM,656b7e14-f368-4196-b68a-fdb1e1554fc8,2.0,,,,,,,,,,,,,,,,,,,,,,,,,,,,,,,,,,,"(-10.2, 1.2, 3.2)","(-10.3, 1.8, 3.4)","(-10.6, 0.9, 3.1)",
PLAYER_POSITIONS,461704,6/26/2026 1:00:03 PM,656b7e14-f368-4196-b68a-fdb1e1554fc8,2.0,,,,,,,,,,,,,,,,,,,,,,,,,,,,,,,,,,,"(-10.2, 1.2, 3.2)","(-10.3, 1.8, 3.4)","(-10.6, 0.9, 3.1)",
PLAYER_POSITIONS,462205,6/26/2026 1:00:04 PM,656b7e14-f368-4196-b68a-fdb1e1554fc8,2.0,,,,,,,,,,,,,,,,,,,,,,,,,,,,,,,,,,,"(-10.2, 1.2, 3.2)","(-10.3, 1.8, 3.4)","(-10.6, 0.9, 3.1)",
PLAYER_POSITIONS,462205,6/26/2026 1:00:04 PM,656b7e14-f368-4196-b68a-fdb1e1554fc8,2.0,,,,,,,,,,,,,,,,,,,,,,,,,,,,,,,,,,,"(-10.2, 1.2, 3.2)","(-10.3, 1.8, 3.4)","(-10.6, 0.9, 3.1)",
PLAYER_POSITIONS,462705,6/26/2026 1:00:04 PM,656b7e14-f368-4196-b68a-fdb1e1554fc8,2.0,,,,,,,,,,,,,,,,,,,,,,,,,,,,,,,,,,,"(-10.2, 1.2, 3.2)","(-10.3, 1.8, 3.4)","(-10.6, 0.9, 3.1)",
PLAYER_GAZE,462705,6/26/2026 1:00:04 PM,656b7e14-f368-4196-b68a-fdb1e1554fc8,2.0,,,,,,,,,,,,,,,,,,,,,,,,Military PT 11,,,,,,,,,"(-3.9, 1.8, 3.6)",,,"(-6.4, 0.0, -0.3)",
PLAYER_POSITIONS,462705,6/26/2026 1:00:04 PM,656b7e14-f368-4196-b68a-fdb1e1554fc8,2.0,,,,,,,,,,,,,,,,,,,,,,,,,,,,,,,,,,,"(-10.2, 1.2, 3.2)","(-10.3, 1.8, 3.4)","(-10.6, 0.9, 3.1)",
PLAYER_GAZE,462705,6/26/2026 1:00:04 PM,656b7e14-f368-4196-b68a-fdb1e1554fc8,2.0,,,,,,,,,,,,,,,,,,,,,,,,Military PT 11,,,,,,,,,"(-3.9, 1.8, 3.6)",,,"(-6.4, 0.0, -0.3)",
PLAYER_POSITIONS,463225,6/26/2026 1:00:05 PM,656b7e14-f368-4196-b68a-fdb1e1554fc8,2.0,,,,,,,,,,,,,,,,,,,,,,,,,,,,,,,,,,,"(-10.3, 1.2, 3.2)","(-10.4, 1.8, 3.3)","(-10.6, 1.0, 3.1)",
PLAYER_POSITIONS,463225,6/26/2026 1:00:05 PM,656b7e14-f368-4196-b68a-fdb1e1554fc8,2.0,,,,,,,,,,,,,,,,,,,,,,,,,,,,,,,,,,,"(-10.3, 1.2, 3.2)","(-10.4, 1.8, 3.3)","(-10.6, 1.0, 3.1)",
PLAYER_POSITIONS,463725,6/26/2026 1:00:05 PM,656b7e14-f368-4196-b68a-fdb1e1554fc8,2.0,,,,,,,,,,,,,,,,,,,,,,,,,,,,,,,,,,,"(-10.7, 1.2, 3.0)","(-10.8, 1.8, 3.2)","(-11.1, 0.9, 3.1)",
PLAYER_GAZE,463725,6/26/2026 1:00:05 PM,656b7e14-f368-4196-b68a-fdb1e1554fc8,2.0,,,,,,,,,,,,,,,,,,,,,,,,Military PT 2,,,,,,,,,"(1.2, 1.8, 2.1)",,,"(-12.0, 0.0, 1.1)",
PLAYER_POSITIONS,463725,6/26/2026 1:00:05 PM,656b7e14-f368-4196-b68a-fdb1e1554fc8,2.0,,,,,,,,,,,,,,,,,,,,,,,,,,,,,,,,,,,"(-10.7, 1.2, 3.0)","(-10.8, 1.8, 3.2)","(-11.1, 0.9, 3.1)",
PLAYER_GAZE,463725,6/26/2026 1:00:05 PM,656b7e14-f368-4196-b68a-fdb1e1554fc8,2.0,,,,,,,,,,,,,,,,,,,,,,,,Military PT 2,,,,,,,,,"(1.2, 1.8, 2.1)",,,"(-12.0, 0.0, 1.1)",
PLAYER_POSITIONS,464246,6/26/2026 1:00:06 PM,656b7e14-f368-4196-b68a-fdb1e1554fc8,2.0,,,,,,,,,,,,,,,,,,,,,,,,,,,,,,,,,,,"(-11.5, 1.1, 2.6)","(-11.6, 1.7, 2.7)","(-11.8, 0.8, 2.6)",
PLAYER_GAZE,464246,6/26/2026 1:00:06 PM,656b7e14-f368-4196-b68a-fdb1e1554fc8,2.0,,,,,,,,,,,,,,,,,,,,,,,,Military PT 2,,,,,,,,,"(0.4, 1.7, 1.7)",,,"(-12.0, 0.0, 1.1)",
PLAYER_POSITIONS,464246,6/26/2026 1:00:06 PM,656b7e14-f368-4196-b68a-fdb1e1554fc8,2.0,,,,,,,,,,,,,,,,,,,,,,,,,,,,,,,,,,,"(-11.5, 1.1, 2.6)","(-11.6, 1.7, 2.7)","(-11.8, 0.8, 2.6)",
PLAYER_GAZE,464246,6/26/2026 1:00:06 PM,656b7e14-f368-4196-b68a-fdb1e1554fc8,2.0,,,,,,,,,,,,,,,,,,,,,,,,Military PT 2,,,,,,,,,"(0.4, 1.7, 1.7)",,,"(-12.0, 0.0, 1.1)",
PLAYER_POSITIONS,464770,6/26/2026 1:00:06 PM,656b7e14-f368-4196-b68a-fdb1e1554fc8,2.0,,,,,,,,,,,,,,,,,,,,,,,,,,,,,,,,,,,"(-12.1, 1.1, 2.0)","(-12.2, 1.7, 2.2)","(-12.4, 0.8, 2.2)",
PLAYER_POSITIONS,464770,6/26/2026 1:00:06 PM,656b7e14-f368-4196-b68a-fdb1e1554fc8,2.0,,,,,,,,,,,,,,,,,,,,,,,,,,,,,,,,,,,"(-12.1, 1.1, 2.0)","(-12.2, 1.7, 2.2)","(-12.4, 0.8, 2.2)",
PLAYER_POSITIONS,465269,6/26/2026 1:00:07 PM,656b7e14-f368-4196-b68a-fdb1e1554fc8,2.0,,,,,,,,,,,,,,,,,,,,,,,,,,,,,,,,,,,"(-12.3, 1.1, 1.9)","(-12.4, 1.7, 2.0)","(-12.7, 0.8, 2.1)",
PLAYER_POSITIONS,465269,6/26/2026 1:00:07 PM,656b7e14-f368-4196-b68a-fdb1e1554fc8,2.0,,,,,,,,,,,,,,,,,,,,,,,,,,,,,,,,,,,"(-12.3, 1.1, 1.9)","(-12.4, 1.7, 2.0)","(-12.7, 0.8, 2.1)",
PATIENT_ENGAGED,465366,6/26/2026 1:00:07 PM,656b7e14-f368-4196-b68a-fdb1e1554fc8,2.0,,,,0,,,,,,,,,,,,,,,,restricted,100,Infinity,normal,Military PT 2,agony,supine,"(-12.0, -0.1, 1.1)",faint,"(0.0, 0.4, 0.0, 0.9)",normal,EXPECTANT,still,,,,,,,,,,,,,,,,,40.27,
EVAC_RADIO_ALERT,465489,6/26/2026 1:00:07 PM,656b7e14-f368-4196-b68a-fdb1e1554fc8,2.0,,,,,,,,1,
AUDIO_START,465495,6/26/2026 1:00:07 PM,656b7e14-f368-4196-b68a-fdb1e1554fc8,2.0,evac in 3 minutes,5.172245,
PLAYER_POSITIONS,465803,6/26/2026 1:00:07 PM,656b7e14-f368-4196-b68a-fdb1e1554fc8,2.0,,,,,,,,,,,,,,,,,,,,,,,,,,,,,,,,,,,"(-12.3, 1.1, 1.9)","(-12.4, 1.7, 2.0)","(-12.7, 0.8, 2.0)",
PLAYER_POSITIONS,465803,6/26/2026 1:00:07 PM,656b7e14-f368-4196-b68a-fdb1e1554fc8,2.0,,,,,,,,,,,,,,,,,,,,,,,,,,,,,,,,,,,"(-12.3, 1.1, 1.9)","(-12.4, 1.7, 2.0)","(-12.7, 0.8, 2.0)",
PLAYER_POSITIONS,466304,6/26/2026 1:00:08 PM,656b7e14-f368-4196-b68a-fdb1e1554fc8,2.0,,,,,,,,,,,,,,,,,,,,,,,,,,,,,,,,,,,"(-12.3, 1.1, 1.8)","(-12.4, 1.7, 2.0)","(-12.7, 0.8, 2.0)",
PLAYER_POSITIONS,466304,6/26/2026 1:00:08 PM,656b7e14-f368-4196-b68a-fdb1e1554fc8,2.0,,,,,,,,,,,,,,,,,,,,,,,,,,,,,,,,,,,"(-12.3, 1.1, 1.8)","(-12.4, 1.7, 2.0)","(-12.7, 0.8, 2.0)",
PLAYER_POSITIONS,466813,6/26/2026 1:00:08 PM,656b7e14-f368-4196-b68a-fdb1e1554fc8,2.0,,,,,,,,,,,,,,,,,,,,,,,,,,,,,,,,,,,"(-12.4, 1.1, 1.9)","(-12.5, 1.7, 2.1)","(-12.7, 0.8, 2.0)",
PLAYER_GAZE,466813,6/26/2026 1:00:08 PM,656b7e14-f368-4196-b68a-fdb1e1554fc8,2.0,,,,,,,,,,,,,,,,,,,,,,,,Civilian PT 15,,,,,,,,,"(1.9, 1.7, 2.4)",,,"(-14.4, 0.0, -0.3)",
PLAYER_POSITIONS,466813,6/26/2026 1:00:08 PM,656b7e14-f368-4196-b68a-fdb1e1554fc8,2.0,,,,,,,,,,,,,,,,,,,,,,,,,,,,,,,,,,,"(-12.4, 1.1, 1.9)","(-12.5, 1.7, 2.1)","(-12.7, 0.8, 2.0)",
PLAYER_GAZE,466813,6/26/2026 1:00:08 PM,656b7e14-f368-4196-b68a-fdb1e1554fc8,2.0,,,,,,,,,,,,,,,,,,,,,,,,Civilian PT 15,,,,,,,,,"(1.9, 1.7, 2.4)",,,"(-14.4, 0.0, -0.3)",
PLAYER_POSITIONS,467323,6/26/2026 1:00:09 PM,656b7e14-f368-4196-b68a-fdb1e1554fc8,2.0,,,,,,,,,,,,,,,,,,,,,,,,,,,,,,,,,,,"(-12.4, 1.1, 1.9)","(-12.5, 1.7, 2.1)","(-12.7, 0.8, 2.1)",
PLAYER_POSITIONS,467323,6/26/2026 1:00:09 PM,656b7e14-f368-4196-b68a-fdb1e1554fc8,2.0,,,,,,,,,,,,,,,,,,,,,,,,,,,,,,,,,,,"(-12.4, 1.1, 1.9)","(-12.5, 1.7, 2.1)","(-12.7, 0.8, 2.1)",
PLAYER_POSITIONS,467825,6/26/2026 1:00:09 PM,656b7e14-f368-4196-b68a-fdb1e1554fc8,2.0,,,,,,,,,,,,,,,,,,,,,,,,,,,,,,,,,,,"(-12.5, 1.1, 1.6)","(-12.5, 1.7, 1.8)","(-12.8, 0.8, 1.8)",
PLAYER_POSITIONS,467825,6/26/2026 1:00:09 PM,656b7e14-f368-4196-b68a-fdb1e1554fc8,2.0,,,,,,,,,,,,,,,,,,,,,,,,,,,,,,,,,,,"(-12.5, 1.1, 1.6)","(-12.5, 1.7, 1.8)","(-12.8, 0.8, 1.8)",
PLAYER_POSITIONS,468335,6/26/2026 1:00:10 PM,656b7e14-f368-4196-b68a-fdb1e1554fc8,2.0,,,,,,,,,,,,,,,,,,,,,,,,,,,,,,,,,,,"(-12.6, 1.1, 1.3)","(-12.6, 1.7, 1.5)","(-12.9, 0.8, 1.4)",
PLAYER_GAZE,468335,6/26/2026 1:00:10 PM,656b7e14-f368-4196-b68a-fdb1e1554fc8,2.0,,,,,,,,,,,,,,,,,,,,,,,,Military PT 4,,,,,,,,,"(-1.5, 1.7, 6.2)",,,"(-11.1, 0.0, -4.7)",
PLAYER_POSITIONS,468335,6/26/2026 1:00:10 PM,656b7e14-f368-4196-b68a-fdb1e1554fc8,2.0,,,,,,,,,,,,,,,,,,,,,,,,,,,,,,,,,,,"(-12.6, 1.1, 1.3)","(-12.6, 1.7, 1.5)","(-12.9, 0.8, 1.4)",
PLAYER_GAZE,468335,6/26/2026 1:00:10 PM,656b7e14-f368-4196-b68a-fdb1e1554fc8,2.0,,,,,,,,,,,,,,,,,,,,,,,,Military PT 4,,,,,,,,,"(-1.5, 1.7, 6.2)",,,"(-11.1, 0.0, -4.7)",
PLAYER_POSITIONS,468837,6/26/2026 1:00:10 PM,656b7e14-f368-4196-b68a-fdb1e1554fc8,2.0,,,,,,,,,,,,,,,,,,,,,,,,,,,,,,,,,,,"(-12.7, 1.1, 0.9)","(-12.7, 1.7, 1.1)","(-13.0, 0.8, 1.1)",
PLAYER_POSITIONS,468837,6/26/2026 1:00:10 PM,656b7e14-f368-4196-b68a-fdb1e1554fc8,2.0,,,,,,,,,,,,,,,,,,,,,,,,,,,,,,,,,,,"(-12.7, 1.1, 0.9)","(-12.7, 1.7, 1.1)","(-13.0, 0.8, 1.1)",
PLAYER_POSITIONS,469359,6/26/2026 1:00:11 PM,656b7e14-f368-4196-b68a-fdb1e1554fc8,2.0,,,,,,,,,,,,,,,,,,,,,,,,,,,,,,,,,,,"(-12.7, 1.1, 0.5)","(-12.7, 1.7, 0.7)","(-13.0, 0.8, 0.6)",
PLAYER_POSITIONS,469359,6/26/2026 1:00:11 PM,656b7e14-f368-4196-b68a-fdb1e1554fc8,2.0,,,,,,,,,,,,,,,,,,,,,,,,,,,,,,,,,,,"(-12.7, 1.1, 0.5)","(-12.7, 1.7, 0.7)","(-13.0, 0.8, 0.6)",
PLAYER_POSITIONS,469871,6/26/2026 1:00:12 PM,656b7e14-f368-4196-b68a-fdb1e1554fc8,2.0,,,,,,,,,,,,,,,,,,,,,,,,,,,,,,,,,,,"(-12.4, 1.1, -0.1)","(-12.4, 1.7, 0.1)","(-12.8, 0.8, 0.0)",
PLAYER_POSITIONS,469871,6/26/2026 1:00:12 PM,656b7e14-f368-4196-b68a-fdb1e1554fc8,2.0,,,,,,,,,,,,,,,,,,,,,,,,,,,,,,,,,,,"(-12.4, 1.1, -0.1)","(-12.4, 1.7, 0.1)","(-12.8, 0.8, 0.0)",
PATIENT_DISENGAGED,470369,6/26/2026 1:00:12 PM,656b7e14-f368-4196-b68a-fdb1e1554fc8,2.0,,,,5,,,,,,,,,,,,,,,,restricted,100,Infinity,normal,Military PT 2,agony,supine,"(-12.0, -0.1, 1.1)",faint,"(0.0, 0.4, 0.0, 0.9)",normal,EXPECTANT,still,,,,,,,,,,,,,,,,,45.27,
PLAYER_POSITIONS,470371,6/26/2026 1:00:12 PM,656b7e14-f368-4196-b68a-fdb1e1554fc8,2.0,,,,,,,,,,,,,,,,,,,,,,,,,,,,,,,,,,,"(-12.2, 1.1, -0.9)","(-12.2, 1.7, -0.7)","(-12.5, 0.8, -0.8)",
PLAYER_POSITIONS,470371,6/26/2026 1:00:12 PM,656b7e14-f368-4196-b68a-fdb1e1554fc8,2.0,,,,,,,,,,,,,,,,,,,,,,,,,,,,,,,,,,,"(-12.2, 1.1, -0.9)","(-12.2, 1.7, -0.7)","(-12.5, 0.8, -0.8)",
VOICE_CAPTURE,470604,6/26/2026 1:00:12 PM,656b7e14-f368-4196-b68a-fdb1e1554fc8,2.0,,,,,,,,,,,,,,,,,,,,,,,,,,,,,,,,,,,,,,,,,,,,,,,,,,,NA,Bye.,
AUDIO_END,470671,6/26/2026 1:00:12 PM,656b7e14-f368-4196-b68a-fdb1e1554fc8,2.0,evac in 3 minutes,5.172245,
AUDIO_START,470722,6/26/2026 1:00:12 PM,656b7e14-f368-4196-b68a-fdb1e1554fc8,2.0,enemy in structure,6.138775,
PLAYER_POSITIONS,470882,6/26/2026 1:00:13 PM,656b7e14-f368-4196-b68a-fdb1e1554fc8,2.0,,,,,,,,,,,,,,,,,,,,,,,,,,,,,,,,,,,"(-11.9, 1.1, -1.6)","(-11.9, 1.7, -1.5)","(-12.2, 0.8, -1.6)",
PLAYER_POSITIONS,470882,6/26/2026 1:00:13 PM,656b7e14-f368-4196-b68a-fdb1e1554fc8,2.0,,,,,,,,,,,,,,,,,,,,,,,,,,,,,,,,,,,"(-11.9, 1.1, -1.6)","(-11.9, 1.7, -1.5)","(-12.2, 0.8, -1.6)",
VOICE_CAPTURE,471094,6/26/2026 1:00:13 PM,656b7e14-f368-4196-b68a-fdb1e1554fc8,2.0,,,,,,,,,,,,,,,,,,,,,,,,,,,,,,,,,,,,,,,,,,,,,,,,,,,NA,Bye.,
PLAYER_POSITIONS,471404,6/26/2026 1:00:13 PM,656b7e14-f368-4196-b68a-fdb1e1554fc8,2.0,,,,,,,,,,,,,,,,,,,,,,,,,,,,,,,,,,,"(-11.3, 1.1, -2.2)","(-11.3, 1.7, -2.1)","(-11.7, 0.8, -2.2)",
PLAYER_POSITIONS,471404,6/26/2026 1:00:13 PM,656b7e14-f368-4196-b68a-fdb1e1554fc8,2.0,,,,,,,,,,,,,,,,,,,,,,,,,,,,,,,,,,,"(-11.3, 1.1, -2.2)","(-11.3, 1.7, -2.1)","(-11.7, 0.8, -2.2)",
VOICE_CAPTURE,471537,6/26/2026 1:00:13 PM,656b7e14-f368-4196-b68a-fdb1e1554fc8,2.0,,,,,,,,,,,,,,,,,,,,,,,,,,,,,,,,,,,,,,,,,,,,,,,,,,,NA,Bye.,
PLAYER_POSITIONS,471927,6/26/2026 1:00:14 PM,656b7e14-f368-4196-b68a-fdb1e1554fc8,2.0,,,,,,,,,,,,,,,,,,,,,,,,,,,,,,,,,,,"(-11.1, 1.1, -2.4)","(-11.1, 1.7, -2.3)","(-11.5, 0.8, -2.4)",
PLAYER_POSITIONS,471927,6/26/2026 1:00:14 PM,656b7e14-f368-4196-b68a-fdb1e1554fc8,2.0,,,,,,,,,,,,,,,,,,,,,,,,,,,,,,,,,,,"(-11.1, 1.1, -2.4)","(-11.1, 1.7, -2.3)","(-11.5, 0.8, -2.4)",
VOICE_CAPTURE,472055,6/26/2026 1:00:14 PM,656b7e14-f368-4196-b68a-fdb1e1554fc8,2.0,,,,,,,,,,,,,,,,,,,,,,,,,,,,,,,,,,,,,,,,,,,,,,,,,,,NA,Bye.,
PLAYER_POSITIONS,472432,6/26/2026 1:00:14 PM,656b7e14-f368-4196-b68a-fdb1e1554fc8,2.0,,,,,,,,,,,,,,,,,,,,,,,,,,,,,,,,,,,"(-11.2, 1.1, -2.5)","(-11.2, 1.7, -2.4)","(-11.5, 0.8, -2.4)",
PLAYER_GAZE,472432,6/26/2026 1:00:14 PM,656b7e14-f368-4196-b68a-fdb1e1554fc8,2.0,,,,,,,,,,,,,,,,,,,,,,,,Military PT 12,,,,,,,,,"(1.6, 1.7, 1.7)",,,"(-12.8, 0.0, -4.1)",
PLAYER_POSITIONS,472432,6/26/2026 1:00:14 PM,656b7e14-f368-4196-b68a-fdb1e1554fc8,2.0,,,,,,,,,,,,,,,,,,,,,,,,,,,,,,,,,,,"(-11.2, 1.1, -2.5)","(-11.2, 1.7, -2.4)","(-11.5, 0.8, -2.4)",
PLAYER_GAZE,472432,6/26/2026 1:00:14 PM,656b7e14-f368-4196-b68a-fdb1e1554fc8,2.0,,,,,,,,,,,,,,,,,,,,,,,,Military PT 12,,,,,,,,,"(1.6, 1.7, 1.7)",,,"(-12.8, 0.0, -4.1)",
VOICE_CAPTURE,472620,6/26/2026 1:00:14 PM,656b7e14-f368-4196-b68a-fdb1e1554fc8,2.0,,,,,,,,,,,,,,,,,,,,,,,,,,,,,,,,,,,,,,,,,,,,,,,,,,,NA,Bye.,
PLAYER_POSITIONS,472931,6/26/2026 1:00:15 PM,656b7e14-f368-4196-b68a-fdb1e1554fc8,2.0,,,,,,,,,,,,,,,,,,,,,,,,,,,,,,,,,,,"(-11.4, 1.1, -2.5)","(-11.3, 1.7, -2.3)","(-11.5, 0.8, -2.2)",
PLAYER_POSITIONS,472931,6/26/2026 1:00:15 PM,656b7e14-f368-4196-b68a-fdb1e1554fc8,2.0,,,,,,,,,,,,,,,,,,,,,,,,,,,,,,,,,,,"(-11.4, 1.1, -2.5)","(-11.3, 1.7, -2.3)","(-11.5, 0.8, -2.2)",
VOICE_CAPTURE,473124,6/26/2026 1:00:15 PM,656b7e14-f368-4196-b68a-fdb1e1554fc8,2.0,,,,,,,,,,,,,,,,,,,,,,,,,,,,,,,,,,,,,,,,,,,,,,,,,,,NA,Bye.,
PLAYER_POSITIONS,473434,6/26/2026 1:00:15 PM,656b7e14-f368-4196-b68a-fdb1e1554fc8,2.0,,,,,,,,,,,,,,,,,,,,,,,,,,,,,,,,,,,"(-11.3, 1.1, -2.2)","(-11.1, 1.7, -2.0)","(-11.1, 0.8, -1.8)",
PLAYER_GAZE,473434,6/26/2026 1:00:15 PM,656b7e14-f368-4196-b68a-fdb1e1554fc8,2.0,,,,,,,,,,,,,,,,,,,,,,,,Military PT 2,,,,,,,,,"(1.0, 1.7, -3.0)",,,"(-12.0, 0.0, 1.1)",
PLAYER_POSITIONS,473434,6/26/2026 1:00:15 PM,656b7e14-f368-4196-b68a-fdb1e1554fc8,2.0,,,,,,,,,,,,,,,,,,,,,,,,,,,,,,,,,,,"(-11.3, 1.1, -2.2)","(-11.1, 1.7, -2.0)","(-11.1, 0.8, -1.8)",
PLAYER_GAZE,473434,6/26/2026 1:00:15 PM,656b7e14-f368-4196-b68a-fdb1e1554fc8,2.0,,,,,,,,,,,,,,,,,,,,,,,,Military PT 2,,,,,,,,,"(1.0, 1.7, -3.0)",,,"(-12.0, 0.0, 1.1)",
VOICE_CAPTURE,473645,6/26/2026 1:00:15 PM,656b7e14-f368-4196-b68a-fdb1e1554fc8,2.0,,,,,,,,,,,,,,,,,,,,,,,,,,,,,,,,,,,,,,,,,,,,,,,,,,,NA,Bye.,
PLAYER_POSITIONS,473956,6/26/2026 1:00:16 PM,656b7e14-f368-4196-b68a-fdb1e1554fc8,2.0,,,,,,,,,,,,,,,,,,,,,,,,,,,,,,,,,,,"(-11.5, 1.1, -1.9)","(-11.3, 1.7, -1.9)","(-11.1, 0.8, -1.7)",
PLAYER_POSITIONS,473956,6/26/2026 1:00:16 PM,656b7e14-f368-4196-b68a-fdb1e1554fc8,2.0,,,,,,,,,,,,,,,,,,,,,,,,,,,,,,,,,,,"(-11.5, 1.1, -1.9)","(-11.3, 1.7, -1.9)","(-11.1, 0.8, -1.7)",
VOICE_CAPTURE,474079,6/26/2026 1:00:16 PM,656b7e14-f368-4196-b68a-fdb1e1554fc8,2.0,,,,,,,,,,,,,,,,,,,,,,,,,,,,,,,,,,,,,,,,,,,,,,,,,,,NA,Bye. your blood.,
PLAYER_POSITIONS,474458,6/26/2026 1:00:16 PM,656b7e14-f368-4196-b68a-fdb1e1554fc8,2.0,,,,,,,,,,,,,,,,,,,,,,,,,,,,,,,,,,,"(-11.8, 1.1, -1.6)","(-11.6, 1.7, -1.7)","(-11.4, 0.8, -1.5)",
PLAYER_POSITIONS,474458,6/26/2026 1:00:16 PM,656b7e14-f368-4196-b68a-fdb1e1554fc8,2.0,,,,,,,,,,,,,,,,,,,,,,,,,,,,,,,,,,,"(-11.8, 1.1, -1.6)","(-11.6, 1.7, -1.7)","(-11.4, 0.8, -1.5)",
VOICE_CAPTURE,474537,6/26/2026 1:00:16 PM,656b7e14-f368-4196-b68a-fdb1e1554fc8,2.0,,,,,,,,,,,,,,,,,,,,,,,,,,,,,,,,,,,,,,,,,,,,,,,,,,,NA,Bye. Your blood.,
PLAYER_POSITIONS,474971,6/26/2026 1:00:17 PM,656b7e14-f368-4196-b68a-fdb1e1554fc8,2.0,,,,,,,,,,,,,,,,,,,,,,,,,,,,,,,,,,,"(-12.1, 1.1, -1.0)","(-12.0, 1.7, -1.1)","(-11.8, 0.8, -0.8)",
PLAYER_POSITIONS,474971,6/26/2026 1:00:17 PM,656b7e14-f368-4196-b68a-fdb1e1554fc8,2.0,,,,,,,,,,,,,,,,,,,,,,,,,,,,,,,,,,,"(-12.1, 1.1, -1.0)","(-12.0, 1.7, -1.1)","(-11.8, 0.8, -0.8)",
VOICE_CAPTURE,475004,6/26/2026 1:00:17 PM,656b7e14-f368-4196-b68a-fdb1e1554fc8,2.0,,,,,,,,,,,,,,,,,,,,,,,,,,,,,,,,,,,,,,,,,,,,,,,,,,,NA,Bye. Your blood.,
VOICE_CAPTURE,475004,6/26/2026 1:00:17 PM,656b7e14-f368-4196-b68a-fdb1e1554fc8,2.0,,,,,,,,,,,,,,,,,,,,,,,,,,,,,,,,,,,,,,,,,,,,,,,,,,,NA,Bye. Your blood.,
PLAYER_POSITIONS,475493,6/26/2026 1:00:17 PM,656b7e14-f368-4196-b68a-fdb1e1554fc8,2.0,,,,,,,,,,,,,,,,,,,,,,,,,,,,,,,,,,,"(-12.3, 1.1, -0.8)","(-12.1, 1.7, -0.9)","(-11.9, 0.8, -0.7)",
PLAYER_POSITIONS,475493,6/26/2026 1:00:17 PM,656b7e14-f368-4196-b68a-fdb1e1554fc8,2.0,,,,,,,,,,,,,,,,,,,,,,,,,,,,,,,,,,,"(-12.3, 1.1, -0.8)","(-12.1, 1.7, -0.9)","(-11.9, 0.8, -0.7)",
PLAYER_POSITIONS,476016,6/26/2026 1:00:18 PM,656b7e14-f368-4196-b68a-fdb1e1554fc8,2.0,,,,,,,,,,,,,,,,,,,,,,,,,,,,,,,,,,,"(-12.3, 1.1, -0.8)","(-12.1, 1.7, -0.9)","(-11.9, 0.8, -0.7)",
PLAYER_POSITIONS,476016,6/26/2026 1:00:18 PM,656b7e14-f368-4196-b68a-fdb1e1554fc8,2.0,,,,,,,,,,,,,,,,,,,,,,,,,,,,,,,,,,,"(-12.3, 1.1, -0.8)","(-12.1, 1.7, -0.9)","(-11.9, 0.8, -0.7)",
PLAYER_POSITIONS,476548,6/26/2026 1:00:18 PM,656b7e14-f368-4196-b68a-fdb1e1554fc8,2.0,,,,,,,,,,,,,,,,,,,,,,,,,,,,,,,,,,,"(-12.4, 1.1, -0.9)","(-12.2, 1.7, -1.0)","(-12.0, 0.8, -0.6)",
PLAYER_POSITIONS,476548,6/26/2026 1:00:18 PM,656b7e14-f368-4196-b68a-fdb1e1554fc8,2.0,,,,,,,,,,,,,,,,,,,,,,,,,,,,,,,,,,,"(-12.4, 1.1, -0.9)","(-12.2, 1.7, -1.0)","(-12.0, 0.8, -0.6)",
AUDIO_END,476859,6/26/2026 1:00:18 PM,656b7e14-f368-4196-b68a-fdb1e1554fc8,2.0,enemy in structure,6.138775,
NARRATIVE_SECTION_END,476859,6/26/2026 1:00:18 PM,656b7e14-f368-4196-b68a-fdb1e1554fc8,2.0,,,,,,,,,,,,,,,,,,Enemy in structure,52,
NARRATIVE_SECTION_START,476900,6/26/2026 1:00:19 PM,656b7e14-f368-4196-b68a-fdb1e1554fc8,2.0,,,,,,,,,,,,,,,,,,Cleared hot 2,53,
PLAYER_POSITIONS,477061,6/26/2026 1:00:19 PM,656b7e14-f368-4196-b68a-fdb1e1554fc8,2.0,,,,,,,,,,,,,,,,,,,,,,,,,,,,,,,,,,,"(-12.4, 1.1, -0.9)","(-12.2, 1.7, -1.0)","(-12.2, 0.9, -0.6)",
PLAYER_POSITIONS,477061,6/26/2026 1:00:19 PM,656b7e14-f368-4196-b68a-fdb1e1554fc8,2.0,,,,,,,,,,,,,,,,,,,,,,,,,,,,,,,,,,,"(-12.4, 1.1, -0.9)","(-12.2, 1.7, -1.0)","(-12.2, 0.9, -0.6)",
PLAYER_POSITIONS,477568,6/26/2026 1:00:19 PM,656b7e14-f368-4196-b68a-fdb1e1554fc8,2.0,,,,,,,,,,,,,,,,,,,,,,,,,,,,,,,,,,,"(-12.4, 1.1, -0.9)","(-12.2, 1.7, -1.0)","(-12.2, 0.9, -0.5)",
PLAYER_POSITIONS,477568,6/26/2026 1:00:19 PM,656b7e14-f368-4196-b68a-fdb1e1554fc8,2.0,,,,,,,,,,,,,,,,,,,,,,,,,,,,,,,,,,,"(-12.4, 1.1, -0.9)","(-12.2, 1.7, -1.0)","(-12.2, 0.9, -0.5)",
AUDIO_START,477905,6/26/2026 1:00:20 PM,656b7e14-f368-4196-b68a-fdb1e1554fc8,2.0,coming in hot 2,4.075102,
PLAYER_POSITIONS,478079,6/26/2026 1:00:20 PM,656b7e14-f368-4196-b68a-fdb1e1554fc8,2.0,,,,,,,,,,,,,,,,,,,,,,,,,,,,,,,,,,,"(-12.3, 1.1, -0.9)","(-12.2, 1.7, -0.9)","(-12.0, 0.8, -0.6)",
PLAYER_GAZE,478079,6/26/2026 1:00:20 PM,656b7e14-f368-4196-b68a-fdb1e1554fc8,2.0,,,,,,,,,,,,,,,,,,,,,,,,Civilian PT 3,,,,,,,,,"(2.1, 1.7, -2.5)",,,"(-14.3, 0.0, 1.6)",
PLAYER_POSITIONS,478079,6/26/2026 1:00:20 PM,656b7e14-f368-4196-b68a-fdb1e1554fc8,2.0,,,,,,,,,,,,,,,,,,,,,,,,,,,,,,,,,,,"(-12.3, 1.1, -0.9)","(-12.2, 1.7, -0.9)","(-12.0, 0.8, -0.6)",
PLAYER_GAZE,478079,6/26/2026 1:00:20 PM,656b7e14-f368-4196-b68a-fdb1e1554fc8,2.0,,,,,,,,,,,,,,,,,,,,,,,,Civilian PT 3,,,,,,,,,"(2.1, 1.7, -2.5)",,,"(-14.3, 0.0, 1.6)",
PLAYER_POSITIONS,478590,6/26/2026 1:00:20 PM,656b7e14-f368-4196-b68a-fdb1e1554fc8,2.0,,,,,,,,,,,,,,,,,,,,,,,,,,,,,,,,,,,"(-12.3, 1.1, -0.8)","(-12.2, 1.7, -0.9)","(-11.9, 0.8, -0.7)",
PLAYER_POSITIONS,478590,6/26/2026 1:00:20 PM,656b7e14-f368-4196-b68a-fdb1e1554fc8,2.0,,,,,,,,,,,,,,,,,,,,,,,,,,,,,,,,,,,"(-12.3, 1.1, -0.8)","(-12.2, 1.7, -0.9)","(-11.9, 0.8, -0.7)",
PLAYER_POSITIONS,479101,6/26/2026 1:00:21 PM,656b7e14-f368-4196-b68a-fdb1e1554fc8,2.0,,,,,,,,,,,,,,,,,,,,,,,,,,,,,,,,,,,"(-12.3, 1.1, -0.9)","(-12.1, 1.7, -1.0)","(-12.0, 0.8, -0.7)",
PLAYER_POSITIONS,479101,6/26/2026 1:00:21 PM,656b7e14-f368-4196-b68a-fdb1e1554fc8,2.0,,,,,,,,,,,,,,,,,,,,,,,,,,,,,,,,,,,"(-12.3, 1.1, -0.9)","(-12.1, 1.7, -1.0)","(-12.0, 0.8, -0.7)",
PLAYER_POSITIONS,479611,6/26/2026 1:00:21 PM,656b7e14-f368-4196-b68a-fdb1e1554fc8,2.0,,,,,,,,,,,,,,,,,,,,,,,,,,,,,,,,,,,"(-12.3, 1.1, -0.8)","(-12.1, 1.7, -0.9)","(-11.9, 0.9, -0.6)",
PLAYER_GAZE,479611,6/26/2026 1:00:21 PM,656b7e14-f368-4196-b68a-fdb1e1554fc8,2.0,,,,,,,,,,,,,,,,,,,,,,,,Military PT 2,,,,,,,,,"(-0.1, 1.7, -2.0)",,,"(-12.0, 0.0, 1.1)",
PLAYER_POSITIONS,479611,6/26/2026 1:00:21 PM,656b7e14-f368-4196-b68a-fdb1e1554fc8,2.0,,,,,,,,,,,,,,,,,,,,,,,,,,,,,,,,,,,"(-12.3, 1.1, -0.8)","(-12.1, 1.7, -0.9)","(-11.9, 0.9, -0.6)",
PLAYER_GAZE,479611,6/26/2026 1:00:21 PM,656b7e14-f368-4196-b68a-fdb1e1554fc8,2.0,,,,,,,,,,,,,,,,,,,,,,,,Military PT 2,,,,,,,,,"(-0.1, 1.7, -2.0)",,,"(-12.0, 0.0, 1.1)",
PLAYER_POSITIONS,480127,6/26/2026 1:00:22 PM,656b7e14-f368-4196-b68a-fdb1e1554fc8,2.0,,,,,,,,,,,,,,,,,,,,,,,,,,,,,,,,,,,"(-12.4, 1.1, -0.6)","(-12.3, 1.7, -0.8)","(-12.0, 0.8, -0.6)",
PLAYER_GAZE,480127,6/26/2026 1:00:22 PM,656b7e14-f368-4196-b68a-fdb1e1554fc8,2.0,,,,,,,,,,,,,,,,,,,,,,,,Military PT 2,,,,,,,,,"(-0.3, 1.7, -1.8)",,,"(-12.0, 0.0, 1.1)",
PLAYER_POSITIONS,480127,6/26/2026 1:00:22 PM,656b7e14-f368-4196-b68a-fdb1e1554fc8,2.0,,,,,,,,,,,,,,,,,,,,,,,,,,,,,,,,,,,"(-12.4, 1.1, -0.6)","(-12.3, 1.7, -0.8)","(-12.0, 0.8, -0.6)",
PLAYER_GAZE,480127,6/26/2026 1:00:22 PM,656b7e14-f368-4196-b68a-fdb1e1554fc8,2.0,,,,,,,,,,,,,,,,,,,,,,,,Military PT 2,,,,,,,,,"(-0.3, 1.7, -1.8)",,,"(-12.0, 0.0, 1.1)",
PLAYER_POSITIONS,480627,6/26/2026 1:00:22 PM,656b7e14-f368-4196-b68a-fdb1e1554fc8,2.0,,,,,,,,,,,,,,,,,,,,,,,,,,,,,,,,,,,"(-13.1, 1.1, 0.0)","(-12.9, 1.7, -0.1)","(-12.7, 0.9, 0.2)",
PLAYER_POSITIONS,480627,6/26/2026 1:00:22 PM,656b7e14-f368-4196-b68a-fdb1e1554fc8,2.0,,,,,,,,,,,,,,,,,,,,,,,,,,,,,,,,,,,"(-13.1, 1.1, 0.0)","(-12.9, 1.7, -0.1)","(-12.7, 0.9, 0.2)",
PATIENT_ENGAGED,481014,6/26/2026 1:00:23 PM,656b7e14-f368-4196-b68a-fdb1e1554fc8,2.0,,,,0,,,,,,,,,,,,,,,,normal,100,Infinity,normal,Civilian PT 3,upset,prone,"(-14.3, -0.1, 1.6)",normal,"(0.0, 0.0, 0.0, 1.0)",normal,DELAYED,still,,,,,,,,,,,,,,,,,27.2,
PLAYER_POSITIONS,481149,6/26/2026 1:00:23 PM,656b7e14-f368-4196-b68a-fdb1e1554fc8,2.0,,,,,,,,,,,,,,,,,,,,,,,,,,,,,,,,,,,"(-13.1, 1.1, 0.5)","(-12.9, 1.6, 0.5)","(-12.7, 0.8, 0.6)",
PLAYER_POSITIONS,481149,6/26/2026 1:00:23 PM,656b7e14-f368-4196-b68a-fdb1e1554fc8,2.0,,,,,,,,,,,,,,,,,,,,,,,,,,,,,,,,,,,"(-13.1, 1.1, 0.5)","(-12.9, 1.6, 0.5)","(-12.7, 0.8, 0.6)",
PATIENT_DISENGAGED,481513,6/26/2026 1:00:23 PM,656b7e14-f368-4196-b68a-fdb1e1554fc8,2.0,,,,0.5,,,,,,,,,,,,,,,,normal,100,Infinity,normal,Civilian PT 3,upset,prone,"(-14.3, -0.1, 1.6)",normal,"(0.0, 0.0, 0.0, 1.0)",normal,DELAYED,still,,,,,,,,,,,,,,,,,27.7,
PLAYER_POSITIONS,481649,6/26/2026 1:00:23 PM,656b7e14-f368-4196-b68a-fdb1e1554fc8,2.0,,,,,,,,,,,,,,,,,,,,,,,,,,,,,,,,,,,"(-12.7, 1.1, 1.1)","(-12.6, 1.6, 1.1)","(-12.3, 0.8, 1.2)",
PLAYER_POSITIONS,481649,6/26/2026 1:00:23 PM,656b7e14-f368-4196-b68a-fdb1e1554fc8,2.0,,,,,,,,,,,,,,,,,,,,,,,,,,,,,,,,,,,"(-12.7, 1.1, 1.1)","(-12.6, 1.6, 1.1)","(-12.3, 0.8, 1.2)",
AUDIO_END,482005,6/26/2026 1:00:24 PM,656b7e14-f368-4196-b68a-fdb1e1554fc8,2.0,coming in hot 2,4.075102,
NARRATIVE_SECTION_END,482005,6/26/2026 1:00:24 PM,656b7e14-f368-4196-b68a-fdb1e1554fc8,2.0,,,,,,,,,,,,,,,,,,Cleared hot 2,53,
NARRATIVE_SECTION_START,482056,6/26/2026 1:00:24 PM,656b7e14-f368-4196-b68a-fdb1e1554fc8,2.0,,,,,,,,,,,,,,,,,,Jet flyover 2 enable,54,
PLAYER_POSITIONS,482149,6/26/2026 1:00:24 PM,656b7e14-f368-4196-b68a-fdb1e1554fc8,2.0,,,,,,,,,,,,,,,,,,,,,,,,,,,,,,,,,,,"(-12.9, 1.1, 1.8)","(-12.7, 1.7, 1.7)","(-12.5, 0.8, 1.8)",
PLAYER_POSITIONS,482149,6/26/2026 1:00:24 PM,656b7e14-f368-4196-b68a-fdb1e1554fc8,2.0,,,,,,,,,,,,,,,,,,,,,,,,,,,,,,,,,,,"(-12.9, 1.1, 1.8)","(-12.7, 1.7, 1.7)","(-12.5, 0.8, 1.8)",
PLAYER_POSITIONS,482649,6/26/2026 1:00:24 PM,656b7e14-f368-4196-b68a-fdb1e1554fc8,2.0,,,,,,,,,,,,,,,,,,,,,,,,,,,,,,,,,,,"(-12.9, 1.1, 2.6)","(-12.8, 1.7, 2.5)","(-12.5, 0.8, 2.5)",
PLAYER_POSITIONS,482649,6/26/2026 1:00:24 PM,656b7e14-f368-4196-b68a-fdb1e1554fc8,2.0,,,,,,,,,,,,,,,,,,,,,,,,,,,,,,,,,,,"(-12.9, 1.1, 2.6)","(-12.8, 1.7, 2.5)","(-12.5, 0.8, 2.5)",
NARRATIVE_SECTION_END,483082,6/26/2026 1:00:25 PM,656b7e14-f368-4196-b68a-fdb1e1554fc8,2.0,,,,,,,,,,,,,,,,,,Jet flyover 2 enable,54,
NARRATIVE_SECTION_START,483121,6/26/2026 1:00:25 PM,656b7e14-f368-4196-b68a-fdb1e1554fc8,2.0,,,,,,,,,,,,,,,,,,Jet flyover sound,55,
PLAYER_POSITIONS,483171,6/26/2026 1:00:25 PM,656b7e14-f368-4196-b68a-fdb1e1554fc8,2.0,,,,,,,,,,,,,,,,,,,,,,,,,,,,,,,,,,,"(-12.5, 1.2, 3.4)","(-12.6, 1.8, 3.3)","(-12.3, 1.0, 3.1)",
PLAYER_POSITIONS,483171,6/26/2026 1:00:25 PM,656b7e14-f368-4196-b68a-fdb1e1554fc8,2.0,,,,,,,,,,,,,,,,,,,,,,,,,,,,,,,,,,,"(-12.5, 1.2, 3.4)","(-12.6, 1.8, 3.3)","(-12.3, 1.0, 3.1)",
PLAYER_POSITIONS,483673,6/26/2026 1:00:25 PM,656b7e14-f368-4196-b68a-fdb1e1554fc8,2.0,,,,,,,,,,,,,,,,,,,,,,,,,,,,,,,,,,,"(-12.0, 1.2, 4.0)","(-12.1, 1.8, 3.9)","(-11.9, 0.9, 3.6)",
PLAYER_GAZE,483673,6/26/2026 1:00:25 PM,656b7e14-f368-4196-b68a-fdb1e1554fc8,2.0,,,,,,,,,,,,,,,,,,,,,,,,Lifting NPC,,,,,,,,,"(-3.6, 1.8, 0.1)",,,"(-8.5, 0.0, 3.8)",
PLAYER_POSITIONS,483673,6/26/2026 1:00:25 PM,656b7e14-f368-4196-b68a-fdb1e1554fc8,2.0,,,,,,,,,,,,,,,,,,,,,,,,,,,,,,,,,,,"(-12.0, 1.2, 4.0)","(-12.1, 1.8, 3.9)","(-11.9, 0.9, 3.6)",
PLAYER_GAZE,483673,6/26/2026 1:00:25 PM,656b7e14-f368-4196-b68a-fdb1e1554fc8,2.0,,,,,,,,,,,,,,,,,,,,,,,,Lifting NPC,,,,,,,,,"(-3.6, 1.8, 0.1)",,,"(-8.5, 0.0, 3.8)",
PLAYER_POSITIONS,484185,6/26/2026 1:00:26 PM,656b7e14-f368-4196-b68a-fdb1e1554fc8,2.0,,,,,,,,,,,,,,,,,,,,,,,,,,,,,,,,,,,"(-11.5, 1.2, 4.3)","(-11.7, 1.8, 4.2)","(-11.6, 0.9, 3.9)",
PLAYER_POSITIONS,484185,6/26/2026 1:00:26 PM,656b7e14-f368-4196-b68a-fdb1e1554fc8,2.0,,,,,,,,,,,,,,,,,,,,,,,,,,,,,,,,,,,"(-11.5, 1.2, 4.3)","(-11.7, 1.8, 4.2)","(-11.6, 0.9, 3.9)",
PLAYER_POSITIONS,484689,6/26/2026 1:00:26 PM,656b7e14-f368-4196-b68a-fdb1e1554fc8,2.0,,,,,,,,,,,,,,,,,,,,,,,,,,,,,,,,,,,"(-11.5, 1.2, 4.2)","(-11.7, 1.8, 4.2)","(-11.8, 0.9, 3.9)",
PLAYER_GAZE,484689,6/26/2026 1:00:26 PM,656b7e14-f368-4196-b68a-fdb1e1554fc8,2.0,,,,,,,,,,,,,,,,,,,,,,,,Military PT 5,,,,,,,,,"(-2.2, 1.8, 2.5)",,,"(-9.4, 0.0, 1.7)",
PLAYER_POSITIONS,484689,6/26/2026 1:00:26 PM,656b7e14-f368-4196-b68a-fdb1e1554fc8,2.0,,,,,,,,,,,,,,,,,,,,,,,,,,,,,,,,,,,"(-11.5, 1.2, 4.2)","(-11.7, 1.8, 4.2)","(-11.8, 0.9, 3.9)",
PLAYER_GAZE,484689,6/26/2026 1:00:26 PM,656b7e14-f368-4196-b68a-fdb1e1554fc8,2.0,,,,,,,,,,,,,,,,,,,,,,,,Military PT 5,,,,,,,,,"(-2.2, 1.8, 2.5)",,,"(-9.4, 0.0, 1.7)",
PLAYER_POSITIONS,485199,6/26/2026 1:00:27 PM,656b7e14-f368-4196-b68a-fdb1e1554fc8,2.0,,,,,,,,,,,,,,,,,,,,,,,,,,,,,,,,,,,"(-11.5, 1.2, 4.2)","(-11.6, 1.8, 4.3)","(-11.8, 0.9, 4.1)",
PLAYER_POSITIONS,485199,6/26/2026 1:00:27 PM,656b7e14-f368-4196-b68a-fdb1e1554fc8,2.0,,,,,,,,,,,,,,,,,,,,,,,,,,,,,,,,,,,"(-11.5, 1.2, 4.2)","(-11.6, 1.8, 4.3)","(-11.8, 0.9, 4.1)",
PLAYER_POSITIONS,485721,6/26/2026 1:00:27 PM,656b7e14-f368-4196-b68a-fdb1e1554fc8,2.0,,,,,,,,,,,,,,,,,,,,,,,,,,,,,,,,,,,"(-11.5, 1.2, 4.1)","(-11.7, 1.8, 4.3)","(-11.9, 0.9, 4.2)",
PLAYER_POSITIONS,485721,6/26/2026 1:00:27 PM,656b7e14-f368-4196-b68a-fdb1e1554fc8,2.0,,,,,,,,,,,,,,,,,,,,,,,,,,,,,,,,,,,"(-11.5, 1.2, 4.1)","(-11.7, 1.8, 4.3)","(-11.9, 0.9, 4.2)",
PLAYER_POSITIONS,486241,6/26/2026 1:00:28 PM,656b7e14-f368-4196-b68a-fdb1e1554fc8,2.0,,,,,,,,,,,,,,,,,,,,,,,,,,,,,,,,,,,"(-11.7, 1.2, 4.2)","(-11.8, 1.8, 4.3)","(-12.0, 0.9, 4.2)",
PLAYER_POSITIONS,486241,6/26/2026 1:00:28 PM,656b7e14-f368-4196-b68a-fdb1e1554fc8,2.0,,,,,,,,,,,,,,,,,,,,,,,,,,,,,,,,,,,"(-11.7, 1.2, 4.2)","(-11.8, 1.8, 4.3)","(-12.0, 0.9, 4.2)",
PLAYER_POSITIONS,486747,6/26/2026 1:00:28 PM,656b7e14-f368-4196-b68a-fdb1e1554fc8,2.0,,,,,,,,,,,,,,,,,,,,,,,,,,,,,,,,,,,"(-12.0, 1.2, 4.2)","(-12.1, 1.8, 4.3)","(-12.4, 0.9, 4.3)",
PLAYER_POSITIONS,486747,6/26/2026 1:00:28 PM,656b7e14-f368-4196-b68a-fdb1e1554fc8,2.0,,,,,,,,,,,,,,,,,,,,,,,,,,,,,,,,,,,"(-12.0, 1.2, 4.2)","(-12.1, 1.8, 4.3)","(-12.4, 0.9, 4.3)",
AUDIO_START,487124,6/26/2026 1:00:29 PM,656b7e14-f368-4196-b68a-fdb1e1554fc8,2.0,jet flyover,8.071836,
PLAYER_POSITIONS,487259,6/26/2026 1:00:29 PM,656b7e14-f368-4196-b68a-fdb1e1554fc8,2.0,,,,,,,,,,,,,,,,,,,,,,,,,,,,,,,,,,,"(-12.2, 1.2, 4.1)","(-12.3, 1.8, 4.2)","(-12.5, 0.9, 4.1)",
PLAYER_POSITIONS,487259,6/26/2026 1:00:29 PM,656b7e14-f368-4196-b68a-fdb1e1554fc8,2.0,,,,,,,,,,,,,,,,,,,,,,,,,,,,,,,,,,,"(-12.2, 1.2, 4.1)","(-12.3, 1.8, 4.2)","(-12.5, 0.9, 4.1)",
PLAYER_POSITIONS,487769,6/26/2026 1:00:29 PM,656b7e14-f368-4196-b68a-fdb1e1554fc8,2.0,,,,,,,,,,,,,,,,,,,,,,,,,,,,,,,,,,,"(-12.0, 1.2, 4.1)","(-12.1, 1.8, 4.3)","(-12.4, 1.0, 4.0)",
PLAYER_POSITIONS,487769,6/26/2026 1:00:29 PM,656b7e14-f368-4196-b68a-fdb1e1554fc8,2.0,,,,,,,,,,,,,,,,,,,,,,,,,,,,,,,,,,,"(-12.0, 1.2, 4.1)","(-12.1, 1.8, 4.3)","(-12.4, 1.0, 4.0)",
PLAYER_POSITIONS,488281,6/26/2026 1:00:30 PM,656b7e14-f368-4196-b68a-fdb1e1554fc8,2.0,,,,,,,,,,,,,,,,,,,,,,,,,,,,,,,,,,,"(-12.0, 1.2, 4.2)","(-12.1, 1.8, 4.3)","(-12.2, 1.0, 4.0)",
PLAYER_POSITIONS,488281,6/26/2026 1:00:30 PM,656b7e14-f368-4196-b68a-fdb1e1554fc8,2.0,,,,,,,,,,,,,,,,,,,,,,,,,,,,,,,,,,,"(-12.0, 1.2, 4.2)","(-12.1, 1.8, 4.3)","(-12.2, 1.0, 4.0)",
PLAYER_POSITIONS,488802,6/26/2026 1:00:30 PM,656b7e14-f368-4196-b68a-fdb1e1554fc8,2.0,,,,,,,,,,,,,,,,,,,,,,,,,,,,,,,,,,,"(-11.9, 1.2, 4.2)","(-12.1, 1.8, 4.4)","(-12.4, 0.9, 4.1)",
PLAYER_POSITIONS,488802,6/26/2026 1:00:30 PM,656b7e14-f368-4196-b68a-fdb1e1554fc8,2.0,,,,,,,,,,,,,,,,,,,,,,,,,,,,,,,,,,,"(-11.9, 1.2, 4.2)","(-12.1, 1.8, 4.4)","(-12.4, 0.9, 4.1)",
PLAYER_POSITIONS,489303,6/26/2026 1:00:31 PM,656b7e14-f368-4196-b68a-fdb1e1554fc8,2.0,,,,,,,,,,,,,,,,,,,,,,,,,,,,,,,,,,,"(-12.0, 1.2, 4.2)","(-12.1, 1.8, 4.4)","(-12.3, 0.9, 4.0)",
PLAYER_POSITIONS,489303,6/26/2026 1:00:31 PM,656b7e14-f368-4196-b68a-fdb1e1554fc8,2.0,,,,,,,,,,,,,,,,,,,,,,,,,,,,,,,,,,,"(-12.0, 1.2, 4.2)","(-12.1, 1.8, 4.4)","(-12.3, 0.9, 4.0)",
PLAYER_POSITIONS,489819,6/26/2026 1:00:31 PM,656b7e14-f368-4196-b68a-fdb1e1554fc8,2.0,,,,,,,,,,,,,,,,,,,,,,,,,,,,,,,,,,,"(-12.1, 1.7, 4.3)","(-12.1, 1.8, 4.4)","(-12.4, 0.9, 4.1)",
PLAYER_POSITIONS,489819,6/26/2026 1:00:31 PM,656b7e14-f368-4196-b68a-fdb1e1554fc8,2.0,,,,,,,,,,,,,,,,,,,,,,,,,,,,,,,,,,,"(-12.1, 1.7, 4.3)","(-12.1, 1.8, 4.4)","(-12.4, 0.9, 4.1)",
PLAYER_POSITIONS,490321,6/26/2026 1:00:32 PM,656b7e14-f368-4196-b68a-fdb1e1554fc8,2.0,,,,,,,,,,,,,,,,,,,,,,,,,,,,,,,,,,,"(-12.1, 1.7, 4.3)","(-12.1, 1.8, 4.4)","(-12.3, 0.9, 4.1)",
PLAYER_POSITIONS,490321,6/26/2026 1:00:32 PM,656b7e14-f368-4196-b68a-fdb1e1554fc8,2.0,,,,,,,,,,,,,,,,,,,,,,,,,,,,,,,,,,,"(-12.1, 1.7, 4.3)","(-12.1, 1.8, 4.4)","(-12.3, 0.9, 4.1)",
PLAYER_POSITIONS,490845,6/26/2026 1:00:32 PM,656b7e14-f368-4196-b68a-fdb1e1554fc8,2.0,,,,,,,,,,,,,,,,,,,,,,,,,,,,,,,,,,,"(-12.1, 1.7, 4.3)","(-12.0, 1.8, 4.3)","(-12.3, 0.9, 4.1)",
PLAYER_POSITIONS,490845,6/26/2026 1:00:32 PM,656b7e14-f368-4196-b68a-fdb1e1554fc8,2.0,,,,,,,,,,,,,,,,,,,,,,,,,,,,,,,,,,,"(-12.1, 1.7, 4.3)","(-12.0, 1.8, 4.3)","(-12.3, 0.9, 4.1)",
PLAYER_POSITIONS,491355,6/26/2026 1:00:33 PM,656b7e14-f368-4196-b68a-fdb1e1554fc8,2.0,,,,,,,,,,,,,,,,,,,,,,,,,,,,,,,,,,,"(-12.0, 1.3, 4.2)","(-12.2, 1.8, 4.2)","(-12.4, 0.9, 4.1)",
PLAYER_POSITIONS,491355,6/26/2026 1:00:33 PM,656b7e14-f368-4196-b68a-fdb1e1554fc8,2.0,,,,,,,,,,,,,,,,,,,,,,,,,,,,,,,,,,,"(-12.0, 1.3, 4.2)","(-12.2, 1.8, 4.2)","(-12.4, 0.9, 4.1)",
PLAYER_POSITIONS,491871,6/26/2026 1:00:34 PM,656b7e14-f368-4196-b68a-fdb1e1554fc8,2.0,,,,,,,,,,,,,,,,,,,,,,,,,,,,,,,,,,,"(-12.3, 1.3, 3.9)","(-12.5, 1.8, 4.1)","(-12.7, 0.9, 4.1)",
PLAYER_POSITIONS,491871,6/26/2026 1:00:34 PM,656b7e14-f368-4196-b68a-fdb1e1554fc8,2.0,,,,,,,,,,,,,,,,,,,,,,,,,,,,,,,,,,,"(-12.3, 1.3, 3.9)","(-12.5, 1.8, 4.1)","(-12.7, 0.9, 4.1)",
PATIENT_ENGAGED,491916,6/26/2026 1:00:34 PM,656b7e14-f368-4196-b68a-fdb1e1554fc8,2.0,,,,0,,,,,,,,,,,,,,,,normal,100,Infinity,normal,Civilian PT 14,upset,sittingGround,"(-14.1, 0.0, 3.6)",normal,"(0.0, 0.8, 0.0, 0.6)",normal,DELAYED,still,,,,,,,,,,,,,,,,,47.71,
PLAYER_POSITIONS,492382,6/26/2026 1:00:34 PM,656b7e14-f368-4196-b68a-fdb1e1554fc8,2.0,,,,,,,,,,,,,,,,,,,,,,,,,,,,,,,,,,,"(-13.0, 1.3, 3.7)","(-13.0, 1.8, 3.9)","(-13.2, 0.9, 4.0)",
PLAYER_GAZE,492382,6/26/2026 1:00:34 PM,656b7e14-f368-4196-b68a-fdb1e1554fc8,2.0,,,,,,,,,,,,,,,,,,,,,,,,Civilian PT 14,,,,,,,,,"(1.0, 1.8, 0.3)",,,"(-14.1, 0.0, 3.6)",
PLAYER_POSITIONS,492382,6/26/2026 1:00:34 PM,656b7e14-f368-4196-b68a-fdb1e1554fc8,2.0,,,,,,,,,,,,,,,,,,,,,,,,,,,,,,,,,,,"(-13.0, 1.3, 3.7)","(-13.0, 1.8, 3.9)","(-13.2, 0.9, 4.0)",
PLAYER_GAZE,492382,6/26/2026 1:00:34 PM,656b7e14-f368-4196-b68a-fdb1e1554fc8,2.0,,,,,,,,,,,,,,,,,,,,,,,,Civilian PT 14,,,,,,,,,"(1.0, 1.8, 0.3)",,,"(-14.1, 0.0, 3.6)",
PLAYER_POSITIONS,492890,6/26/2026 1:00:35 PM,656b7e14-f368-4196-b68a-fdb1e1554fc8,2.0,,,,,,,,,,,,,,,,,,,,,,,,,,,,,,,,,,,"(-13.3, 1.3, 3.6)","(-13.3, 1.7, 3.7)","(-13.6, 1.2, 3.9)",
PLAYER_GAZE,492890,6/26/2026 1:00:35 PM,656b7e14-f368-4196-b68a-fdb1e1554fc8,2.0,,,,,,,,,,,,,,,,,,,,,,,,Civilian PT 14,,,,,,,,,"(0.8, 1.7, 0.1)",,,"(-14.1, 0.0, 3.6)",
PLAYER_POSITIONS,492890,6/26/2026 1:00:35 PM,656b7e14-f368-4196-b68a-fdb1e1554fc8,2.0,,,,,,,,,,,,,,,,,,,,,,,,,,,,,,,,,,,"(-13.3, 1.3, 3.6)","(-13.3, 1.7, 3.7)","(-13.6, 1.2, 3.9)",
PLAYER_GAZE,492890,6/26/2026 1:00:35 PM,656b7e14-f368-4196-b68a-fdb1e1554fc8,2.0,,,,,,,,,,,,,,,,,,,,,,,,Civilian PT 14,,,,,,,,,"(0.8, 1.7, 0.1)",,,"(-14.1, 0.0, 3.6)",
PLAYER_POSITIONS,493402,6/26/2026 1:00:35 PM,656b7e14-f368-4196-b68a-fdb1e1554fc8,2.0,,,,,,,,,,,,,,,,,,,,,,,,,,,,,,,,,,,"(-13.5, 1.2, 3.6)","(-13.5, 1.7, 3.8)","(-13.8, 1.1, 4.0)",
PLAYER_POSITIONS,493402,6/26/2026 1:00:35 PM,656b7e14-f368-4196-b68a-fdb1e1554fc8,2.0,,,,,,,,,,,,,,,,,,,,,,,,,,,,,,,,,,,"(-13.5, 1.2, 3.6)","(-13.5, 1.7, 3.8)","(-13.8, 1.1, 4.0)",
BAG_CLOSED,493799,6/26/2026 1:00:35 PM,656b7e14-f368-4196-b68a-fdb1e1554fc8,2.0,,,,,,,,,,,,,,,,,,,,,,,,,,,,,,,,,,,,"(0.0, 0.0, 0.0)",
PLAYER_POSITIONS,493914,6/26/2026 1:00:36 PM,656b7e14-f368-4196-b68a-fdb1e1554fc8,2.0,,,,,,,,,,,,,,,,,,,,,,,,,,,,,,,,,,,"(-13.7, 1.3, 3.8)","(-13.7, 1.7, 4.0)","(-14.0, 1.0, 4.3)",
PLAYER_POSITIONS,493914,6/26/2026 1:00:36 PM,656b7e14-f368-4196-b68a-fdb1e1554fc8,2.0,,,,,,,,,,,,,,,,,,,,,,,,,,,,,,,,,,,"(-13.7, 1.3, 3.8)","(-13.7, 1.7, 4.0)","(-14.0, 1.0, 4.3)",
PLAYER_POSITIONS,494415,6/26/2026 1:00:36 PM,656b7e14-f368-4196-b68a-fdb1e1554fc8,2.0,,,,,,,,,,,,,,,,,,,,,,,,,,,,,,,,,,,"(-13.8, 1.2, 3.8)","(-13.7, 1.7, 3.9)","(-13.9, 1.1, 4.2)",
PLAYER_GAZE,494415,6/26/2026 1:00:36 PM,656b7e14-f368-4196-b68a-fdb1e1554fc8,2.0,,,,,,,,,,,,,,,,,,,,,,,,Civilian PT 14,,,,,,,,,"(0.3, 1.7, 0.3)",,,"(-14.1, 0.0, 3.6)",
PLAYER_POSITIONS,494415,6/26/2026 1:00:36 PM,656b7e14-f368-4196-b68a-fdb1e1554fc8,2.0,,,,,,,,,,,,,,,,,,,,,,,,,,,,,,,,,,,"(-13.8, 1.2, 3.8)","(-13.7, 1.7, 3.9)","(-13.9, 1.1, 4.2)",
PLAYER_GAZE,494415,6/26/2026 1:00:36 PM,656b7e14-f368-4196-b68a-fdb1e1554fc8,2.0,,,,,,,,,,,,,,,,,,,,,,,,Civilian PT 14,,,,,,,,,"(0.3, 1.7, 0.3)",,,"(-14.1, 0.0, 3.6)",
PLAYER_POSITIONS,494937,6/26/2026 1:00:37 PM,656b7e14-f368-4196-b68a-fdb1e1554fc8,2.0,,,,,,,,,,,,,,,,,,,,,,,,,,,,,,,,,,,"(-13.8, 0.8, 3.5)","(-13.9, 1.3, 3.6)","(-14.0, 0.8, 3.8)",
PLAYER_GAZE,494937,6/26/2026 1:00:37 PM,656b7e14-f368-4196-b68a-fdb1e1554fc8,2.0,,,,,,,,,,,,,,,,,,,,,,,,Civilian PT 14,,,,,,,,,"(0.1, 1.3, 0.0)",,,"(-14.1, 0.0, 3.6)",
PLAYER_POSITIONS,494937,6/26/2026 1:00:37 PM,656b7e14-f368-4196-b68a-fdb1e1554fc8,2.0,,,,,,,,,,,,,,,,,,,,,,,,,,,,,,,,,,,"(-13.8, 0.8, 3.5)","(-13.9, 1.3, 3.6)","(-14.0, 0.8, 3.8)",
PLAYER_GAZE,494937,6/26/2026 1:00:37 PM,656b7e14-f368-4196-b68a-fdb1e1554fc8,2.0,,,,,,,,,,,,,,,,,,,,,,,,Civilian PT 14,,,,,,,,,"(0.1, 1.3, 0.0)",,,"(-14.1, 0.0, 3.6)",
AUDIO_END,495214,6/26/2026 1:00:37 PM,656b7e14-f368-4196-b68a-fdb1e1554fc8,2.0,jet flyover,8.071836,
NARRATIVE_SECTION_END,495214,6/26/2026 1:00:37 PM,656b7e14-f368-4196-b68a-fdb1e1554fc8,2.0,,,,,,,,,,,,,,,,,,Jet flyover sound,55,
NARRATIVE_SECTION_START,495255,6/26/2026 1:00:37 PM,656b7e14-f368-4196-b68a-fdb1e1554fc8,2.0,,,,,,,,,,,,,,,,,,Distant Explosion,56,
PLAYER_POSITIONS,495470,6/26/2026 1:00:37 PM,656b7e14-f368-4196-b68a-fdb1e1554fc8,2.0,,,,,,,,,,,,,,,,,,,,,,,,,,,,,,,,,,,"(-13.9, 0.5, 3.6)","(-14.0, 1.0, 3.6)","(-14.2, 0.7, 3.8)",
PLAYER_POSITIONS,495470,6/26/2026 1:00:37 PM,656b7e14-f368-4196-b68a-fdb1e1554fc8,2.0,,,,,,,,,,,,,,,,,,,,,,,,,,,,,,,,,,,"(-13.9, 0.5, 3.6)","(-14.0, 1.0, 3.6)","(-14.2, 0.7, 3.8)",
VOICE_CAPTURE,495571,6/26/2026 1:00:37 PM,656b7e14-f368-4196-b68a-fdb1e1554fc8,2.0,,,,,,,,,,,,,,,,,,,,,,,,,,,,,,,,,,,,,,,,,,,,,,,,,,,NA,"Oh, God.",
PLAYER_POSITIONS,495982,6/26/2026 1:00:38 PM,656b7e14-f368-4196-b68a-fdb1e1554fc8,2.0,,,,,,,,,,,,,,,,,,,,,,,,,,,,,,,,,,,"(-14.0, 0.5, 3.6)","(-13.9, 1.0, 3.6)","(-14.3, 0.5, 3.9)",
PLAYER_GAZE,495982,6/26/2026 1:00:38 PM,656b7e14-f368-4196-b68a-fdb1e1554fc8,2.0,,,,,,,,,,,,,,,,,,,,,,,,Civilian PT 14,,,,,,,,,"(0.1, 1.0, 0.0)",,,"(-14.1, 0.0, 3.6)",
PLAYER_POSITIONS,495982,6/26/2026 1:00:38 PM,656b7e14-f368-4196-b68a-fdb1e1554fc8,2.0,,,,,,,,,,,,,,,,,,,,,,,,,,,,,,,,,,,"(-14.0, 0.5, 3.6)","(-13.9, 1.0, 3.6)","(-14.3, 0.5, 3.9)",
PLAYER_GAZE,495982,6/26/2026 1:00:38 PM,656b7e14-f368-4196-b68a-fdb1e1554fc8,2.0,,,,,,,,,,,,,,,,,,,,,,,,Civilian PT 14,,,,,,,,,"(0.1, 1.0, 0.0)",,,"(-14.1, 0.0, 3.6)",
VOICE_CAPTURE,496015,6/26/2026 1:00:38 PM,656b7e14-f368-4196-b68a-fdb1e1554fc8,2.0,,,,,,,,,,,,,,,,,,,,,,,,,,,,,,,,,,,,,,,,,,,,,,,,,,,NA,We're gonna change it.,
AUDIO_START,496236,6/26/2026 1:00:38 PM,656b7e14-f368-4196-b68a-fdb1e1554fc8,2.0,distant explosion,4.675919,
PLAYER_POSITIONS,496504,6/26/2026 1:00:38 PM,656b7e14-f368-4196-b68a-fdb1e1554fc8,2.0,,,,,,,,,,,,,,,,,,,,,,,,,,,,,,,,,,,"(-14.0, 0.6, 3.7)","(-13.9, 1.0, 3.7)","(-14.2, 0.4, 4.1)",
PLAYER_POSITIONS,496504,6/26/2026 1:00:38 PM,656b7e14-f368-4196-b68a-fdb1e1554fc8,2.0,,,,,,,,,,,,,,,,,,,,,,,,,,,,,,,,,,,"(-14.0, 0.6, 3.7)","(-13.9, 1.0, 3.7)","(-14.2, 0.4, 4.1)",
VOICE_CAPTURE,496569,6/26/2026 1:00:38 PM,656b7e14-f368-4196-b68a-fdb1e1554fc8,2.0,,,,,,,,,,,,,,,,,,,,,,,,,,,,,,,,,,,,,,,,,,,,,,,,,,,NA,We're gonna change it. We're gonna change you.,
PLAYER_POSITIONS,497025,6/26/2026 1:00:39 PM,656b7e14-f368-4196-b68a-fdb1e1554fc8,2.0,,,,,,,,,,,,,,,,,,,,,,,,,,,,,,,,,,,"(-14.0, 0.6, 3.7)","(-13.9, 1.0, 3.8)","(-14.2, 0.8, 4.3)",
PLAYER_POSITIONS,497025,6/26/2026 1:00:39 PM,656b7e14-f368-4196-b68a-fdb1e1554fc8,2.0,,,,,,,,,,,,,,,,,,,,,,,,,,,,,,,,,,,"(-14.0, 0.6, 3.7)","(-13.9, 1.0, 3.8)","(-14.2, 0.8, 4.3)",
VOICE_CAPTURE,497025,6/26/2026 1:00:39 PM,656b7e14-f368-4196-b68a-fdb1e1554fc8,2.0,,,,,,,,,,,,,,,,,,,,,,,,,,,,,,,,,,,,,,,,,,,,,,,,,,,NA,We're gonna change it. We're gonna change you.,
VOICE_CAPTURE,497025,6/26/2026 1:00:39 PM,656b7e14-f368-4196-b68a-fdb1e1554fc8,2.0,,,,,,,,,,,,,,,,,,,,,,,,,,,,,,,,,,,,,,,,,,,,,,,,,,,NA,We're gonna change it. We're gonna change you.,
TOOL_HOVER,497177,6/26/2026 1:00:39 PM,656b7e14-f368-4196-b68a-fdb1e1554fc8,2.0,,,,,,,,,,,,,,,,,,,,,,,,,,,,,,,,,,,,,,,,,,,,,,996,,Fentanyl Lollipop,
TOOL_HOVER,497367,6/26/2026 1:00:39 PM,656b7e14-f368-4196-b68a-fdb1e1554fc8,2.0,,,,,,,,,,,,,,,,,,,,,,,,,,,,,,,,,,,,,,,,,,,,,,996,,Decompression Needle,
TOOL_SELECTED,497557,6/26/2026 1:00:39 PM,656b7e14-f368-4196-b68a-fdb1e1554fc8,2.0,,,,,,,,,,,,,,,,,,,,,,,,,,,,,,,,,,,,,,,,,,,,,,995,,Decompression Needle,
PLAYER_POSITIONS,497559,6/26/2026 1:00:39 PM,656b7e14-f368-4196-b68a-fdb1e1554fc8,2.0,,,,,,,,,,,,,,,,,,,,,,,,,,,,,,,,,,,"(-14.0, 0.6, 3.7)","(-13.9, 1.0, 3.8)","(-14.2, 0.7, 4.4)",
PLAYER_POSITIONS,497559,6/26/2026 1:00:39 PM,656b7e14-f368-4196-b68a-fdb1e1554fc8,2.0,,,,,,,,,,,,,,,,,,,,,,,,,,,,,,,,,,,"(-14.0, 0.6, 3.7)","(-13.9, 1.0, 3.8)","(-14.2, 0.7, 4.4)",
PLAYER_POSITIONS,498059,6/26/2026 1:00:40 PM,656b7e14-f368-4196-b68a-fdb1e1554fc8,2.0,,,,,,,,,,,,,,,,,,,,,,,,,,,,,,,,,,,"(-14.0, 0.6, 3.7)","(-13.9, 1.0, 3.8)","(-14.2, 0.7, 4.4)",
PLAYER_POSITIONS,498059,6/26/2026 1:00:40 PM,656b7e14-f368-4196-b68a-fdb1e1554fc8,2.0,,,,,,,,,,,,,,,,,,,,,,,,,,,,,,,,,,,"(-14.0, 0.6, 3.7)","(-13.9, 1.0, 3.8)","(-14.2, 0.7, 4.4)",
VOICE_CAPTURE,498092,6/26/2026 1:00:40 PM,656b7e14-f368-4196-b68a-fdb1e1554fc8,2.0,,,,,,,,,,,,,,,,,,,,,,,,,,,,,,,,,,,,,,,,,,,,,,,,,,,NA,"Ugh, can you tell me your name?",
TOOL_DISCARDED,498309,6/26/2026 1:00:40 PM,656b7e14-f368-4196-b68a-fdb1e1554fc8,2.0,,,,,,,,,,,,,,,,,,,,,,,,Civilian PT 14,,,,,,,,,,,,"(0.0, 0.0, 0.0)",,,,,,,,,,995,,Decompression Needle,
TOOL_HOVER,498379,6/26/2026 1:00:40 PM,656b7e14-f368-4196-b68a-fdb1e1554fc8,2.0,,,,,,,,,,,,,,,,,,,,,,,,,,,,,,,,,,,,,,,,,,,,,,996,,Decompression Needle,
PLAYER_POSITIONS,498581,6/26/2026 1:00:40 PM,656b7e14-f368-4196-b68a-fdb1e1554fc8,2.0,,,,,,,,,,,,,,,,,,,,,,,,,,,,,,,,,,,"(-14.0, 0.5, 3.7)","(-13.9, 1.0, 3.8)","(-14.1, 0.7, 4.4)",
PLAYER_POSITIONS,498581,6/26/2026 1:00:40 PM,656b7e14-f368-4196-b68a-fdb1e1554fc8,2.0,,,,,,,,,,,,,,,,,,,,,,,,,,,,,,,,,,,"(-14.0, 0.5, 3.7)","(-13.9, 1.0, 3.8)","(-14.1, 0.7, 4.4)",
VOICE_CAPTURE,498581,6/26/2026 1:00:40 PM,656b7e14-f368-4196-b68a-fdb1e1554fc8,2.0,,,,,,,,,,,,,,,,,,,,,,,,,,,,,,,,,,,,,,,,,,,,,,,,,,,NA,Can you tell me your name?,
TOOL_HOVER,498779,6/26/2026 1:00:40 PM,656b7e14-f368-4196-b68a-fdb1e1554fc8,2.0,,,,,,,,,,,,,,,,,,,,,,,,,,,,,,,,,,,,,,,,,,,,,,996,,Fentanyl Lollipop,
VOICE_CAPTURE,499038,6/26/2026 1:00:41 PM,656b7e14-f368-4196-b68a-fdb1e1554fc8,2.0,,,,,,,,,,,,,,,,,,,,,,,,,,,,,,,,,,,,,,,,,,,,,,,,,,,NA,Can you tell me your name? Can you tell me your name?,
TOOL_SELECTED,499079,6/26/2026 1:00:41 PM,656b7e14-f368-4196-b68a-fdb1e1554fc8,2.0,,,,,,,,,,,,,,,,,,,,,,,,,,,,,,,,,,,,,,,,,,,,,,995,,Fentanyl Lollipop,
PLAYER_POSITIONS,499082,6/26/2026 1:00:41 PM,656b7e14-f368-4196-b68a-fdb1e1554fc8,2.0,,,,,,,,,,,,,,,,,,,,,,,,,,,,,,,,,,,"(-14.0, 0.6, 3.7)","(-13.9, 1.0, 3.8)","(-14.1, 0.7, 4.5)",
PLAYER_POSITIONS,499082,6/26/2026 1:00:41 PM,656b7e14-f368-4196-b68a-fdb1e1554fc8,2.0,,,,,,,,,,,,,,,,,,,,,,,,,,,,,,,,,,,"(-14.0, 0.6, 3.7)","(-13.9, 1.0, 3.8)","(-14.1, 0.7, 4.5)",
VOICE_CAPTURE,499519,6/26/2026 1:00:41 PM,656b7e14-f368-4196-b68a-fdb1e1554fc8,2.0,,,,,,,,,,,,,,,,,,,,,,,,,,,,,,,,,,,,,,,,,,,,,,,,,,,NA,Can you tell me your name? Can you tell me your name?,
VOICE_CAPTURE,499519,6/26/2026 1:00:41 PM,656b7e14-f368-4196-b68a-fdb1e1554fc8,2.0,,,,,,,,,,,,,,,,,,,,,,,,,,,,,,,,,,,,,,,,,,,,,,,,,,,NA,Can you tell me your name? Can you tell me your name?,
VOICE_COMMAND,499519,6/26/2026 1:00:41 PM,656b7e14-f368-4196-b68a-fdb1e1554fc8,2.0,,,,,,,,,,,,,,,,,,,,,,,,,,,,,,,,,,,,,,,,,,,,,,,,,,,Can you tell me your name? Can you tell me your name?,what is your name,
PLAYER_POSITIONS,499587,6/26/2026 1:00:41 PM,656b7e14-f368-4196-b68a-fdb1e1554fc8,2.0,,,,,,,,,,,,,,,,,,,,,,,,,,,,,,,,,,,"(-14.0, 0.5, 3.7)","(-13.9, 0.9, 3.6)","(-14.3, 0.6, 4.0)",
PLAYER_GAZE,499587,6/26/2026 1:00:41 PM,656b7e14-f368-4196-b68a-fdb1e1554fc8,2.0,,,,,,,,,,,,,,,,,,,,,,,,Civilian PT 14,,,,,,,,,"(0.1, 0.9, 0.0)",,,"(-14.1, 0.0, 3.6)",
PLAYER_POSITIONS,499587,6/26/2026 1:00:41 PM,656b7e14-f368-4196-b68a-fdb1e1554fc8,2.0,,,,,,,,,,,,,,,,,,,,,,,,,,,,,,,,,,,"(-14.0, 0.5, 3.7)","(-13.9, 0.9, 3.6)","(-14.3, 0.6, 4.0)",
PLAYER_GAZE,499587,6/26/2026 1:00:41 PM,656b7e14-f368-4196-b68a-fdb1e1554fc8,2.0,,,,,,,,,,,,,,,,,,,,,,,,Civilian PT 14,,,,,,,,,"(0.1, 0.9, 0.0)",,,"(-14.1, 0.0, 3.6)",
PLAYER_POSITIONS,500107,6/26/2026 1:00:42 PM,656b7e14-f368-4196-b68a-fdb1e1554fc8,2.0,,,,,,,,,,,,,,,,,,,,,,,,,,,,,,,,,,,"(-13.9, 0.5, 3.7)","(-13.9, 1.0, 3.6)","(-14.2, 0.5, 3.6)",
PLAYER_GAZE,500107,6/26/2026 1:00:42 PM,656b7e14-f368-4196-b68a-fdb1e1554fc8,2.0,,,,,,,,,,,,,,,,,,,,,,,,Civilian PT 14,,,,,,,,,"(0.1, 1.0, 0.0)",,,"(-14.1, 0.0, 3.6)",
PLAYER_POSITIONS,500107,6/26/2026 1:00:42 PM,656b7e14-f368-4196-b68a-fdb1e1554fc8,2.0,,,,,,,,,,,,,,,,,,,,,,,,,,,,,,,,,,,"(-13.9, 0.5, 3.7)","(-13.9, 1.0, 3.6)","(-14.2, 0.5, 3.6)",
PLAYER_GAZE,500107,6/26/2026 1:00:42 PM,656b7e14-f368-4196-b68a-fdb1e1554fc8,2.0,,,,,,,,,,,,,,,,,,,,,,,,Civilian PT 14,,,,,,,,,"(0.1, 1.0, 0.0)",,,"(-14.1, 0.0, 3.6)",
PLAYER_POSITIONS,500617,6/26/2026 1:00:42 PM,656b7e14-f368-4196-b68a-fdb1e1554fc8,2.0,,,,,,,,,,,,,,,,,,,,,,,,,,,,,,,,,,,"(-13.9, 0.5, 3.7)","(-13.9, 1.0, 3.6)","(-14.3, 0.6, 3.6)",
PLAYER_GAZE,500617,6/26/2026 1:00:42 PM,656b7e14-f368-4196-b68a-fdb1e1554fc8,2.0,,,,,,,,,,,,,,,,,,,,,,,,Civilian PT 14,,,,,,,,,"(0.2, 1.0, 0.0)",,,"(-14.1, 0.0, 3.6)",
PLAYER_POSITIONS,500617,6/26/2026 1:00:42 PM,656b7e14-f368-4196-b68a-fdb1e1554fc8,2.0,,,,,,,,,,,,,,,,,,,,,,,,,,,,,,,,,,,"(-13.9, 0.5, 3.7)","(-13.9, 1.0, 3.6)","(-14.3, 0.6, 3.6)",
PLAYER_GAZE,500617,6/26/2026 1:00:42 PM,656b7e14-f368-4196-b68a-fdb1e1554fc8,2.0,,,,,,,,,,,,,,,,,,,,,,,,Civilian PT 14,,,,,,,,,"(0.2, 1.0, 0.0)",,,"(-14.1, 0.0, 3.6)",
AUDIO_END,500929,6/26/2026 1:00:43 PM,656b7e14-f368-4196-b68a-fdb1e1554fc8,2.0,distant explosion,4.675919,
NARRATIVE_SECTION_END,500929,6/26/2026 1:00:43 PM,656b7e14-f368-4196-b68a-fdb1e1554fc8,2.0,,,,,,,,,,,,,,,,,,Distant Explosion,56,
NARRATIVE_SECTION_START,500947,6/26/2026 1:00:43 PM,656b7e14-f368-4196-b68a-fdb1e1554fc8,2.0,,,,,,,,,,,,,,,,,,Hostiles are retreating good hits,57,
INJURY_TREATED,501032,6/26/2026 1:00:43 PM,656b7e14-f368-4196-b68a-fdb1e1554fc8,2.0,,,,,,,,,head,Unspecified,"(0.0, 0.0, 0.0)",none,1,1,none,True,False,,,,,,,Civilian PT 14,
TOOL_APPLIED,501032,6/26/2026 1:00:43 PM,656b7e14-f368-4196-b68a-fdb1e1554fc8,2.0,,,,,,,,,,,,,,,,,,,,,,,,Civilian PT 14,,,,,,,,,,,,,,,,,,,,AppliedLollipop,Jaw (UnityEngine.GameObject),,Fentanyl Lollipop(Clone) (UnityEngine.GameObject),Fentanyl Lollipop,
PLAYER_POSITIONS,501129,6/26/2026 1:00:43 PM,656b7e14-f368-4196-b68a-fdb1e1554fc8,2.0,,,,,,,,,,,,,,,,,,,,,,,,,,,,,,,,,,,"(-13.9, 0.5, 3.7)","(-13.9, 1.0, 3.6)","(-14.3, 0.6, 3.5)",
PLAYER_GAZE,501129,6/26/2026 1:00:43 PM,656b7e14-f368-4196-b68a-fdb1e1554fc8,2.0,,,,,,,,,,,,,,,,,,,,,,,,Civilian PT 14,,,,,,,,,"(0.2, 1.0, 0.0)",,,"(-14.1, 0.0, 3.6)",
PLAYER_POSITIONS,501129,6/26/2026 1:00:43 PM,656b7e14-f368-4196-b68a-fdb1e1554fc8,2.0,,,,,,,,,,,,,,,,,,,,,,,,,,,,,,,,,,,"(-13.9, 0.5, 3.7)","(-13.9, 1.0, 3.6)","(-14.3, 0.6, 3.5)",
PLAYER_GAZE,501129,6/26/2026 1:00:43 PM,656b7e14-f368-4196-b68a-fdb1e1554fc8,2.0,,,,,,,,,,,,,,,,,,,,,,,,Civilian PT 14,,,,,,,,,"(0.2, 1.0, 0.0)",,,"(-14.1, 0.0, 3.6)",
PLAYER_POSITIONS,501629,6/26/2026 1:00:43 PM,656b7e14-f368-4196-b68a-fdb1e1554fc8,2.0,,,,,,,,,,,,,,,,,,,,,,,,,,,,,,,,,,,"(-13.9, 0.5, 3.7)","(-13.9, 1.0, 3.6)","(-14.0, 0.4, 3.7)",
PLAYER_GAZE,501629,6/26/2026 1:00:43 PM,656b7e14-f368-4196-b68a-fdb1e1554fc8,2.0,,,,,,,,,,,,,,,,,,,,,,,,Civilian PT 14,,,,,,,,,"(0.2, 1.0, 0.0)",,,"(-14.1, 0.0, 3.6)",
PLAYER_POSITIONS,501629,6/26/2026 1:00:43 PM,656b7e14-f368-4196-b68a-fdb1e1554fc8,2.0,,,,,,,,,,,,,,,,,,,,,,,,,,,,,,,,,,,"(-13.9, 0.5, 3.7)","(-13.9, 1.0, 3.6)","(-14.0, 0.4, 3.7)",
PLAYER_GAZE,501629,6/26/2026 1:00:43 PM,656b7e14-f368-4196-b68a-fdb1e1554fc8,2.0,,,,,,,,,,,,,,,,,,,,,,,,Civilian PT 14,,,,,,,,,"(0.2, 1.0, 0.0)",,,"(-14.1, 0.0, 3.6)",
BAG_CLOSED,501714,6/26/2026 1:00:43 PM,656b7e14-f368-4196-b68a-fdb1e1554fc8,2.0,,,,,,,,,,,,,,,,,,,,,,,,,,,,,,,,,,,,"(0.0, 0.0, 0.0)",
VOICE_CAPTURE,502019,6/26/2026 1:00:44 PM,656b7e14-f368-4196-b68a-fdb1e1554fc8,2.0,,,,,,,,,,,,,,,,,,,,,,,,,,,,,,,,,,,,,,,,,,,,,,,,,,,NA,Thanks.,
PLAYER_POSITIONS,502155,6/26/2026 1:00:44 PM,656b7e14-f368-4196-b68a-fdb1e1554fc8,2.0,,,,,,,,,,,,,,,,,,,,,,,,,,,,,,,,,,,"(-13.7, 0.6, 3.7)","(-13.6, 1.0, 3.5)","(-13.8, 0.4, 3.6)",
PLAYER_POSITIONS,502155,6/26/2026 1:00:44 PM,656b7e14-f368-4196-b68a-fdb1e1554fc8,2.0,,,,,,,,,,,,,,,,,,,,,,,,,,,,,,,,,,,"(-13.7, 0.6, 3.7)","(-13.6, 1.0, 3.5)","(-13.8, 0.4, 3.6)",
VOICE_CAPTURE,502529,6/26/2026 1:00:44 PM,656b7e14-f368-4196-b68a-fdb1e1554fc8,2.0,,,,,,,,,,,,,,,,,,,,,,,,,,,,,,,,,,,,,,,,,,,,,,,,,,,NA,There you go.,
PLAYER_POSITIONS,502662,6/26/2026 1:00:44 PM,656b7e14-f368-4196-b68a-fdb1e1554fc8,2.0,,,,,,,,,,,,,,,,,,,,,,,,,,,,,,,,,,,"(-13.4, 0.6, 3.4)","(-13.2, 1.0, 3.2)","(-13.4, 0.3, 3.4)",
PLAYER_POSITIONS,502662,6/26/2026 1:00:44 PM,656b7e14-f368-4196-b68a-fdb1e1554fc8,2.0,,,,,,,,,,,,,,,,,,,,,,,,,,,,,,,,,,,"(-13.4, 0.6, 3.4)","(-13.2, 1.0, 3.2)","(-13.4, 0.3, 3.4)",
VOICE_CAPTURE,503029,6/26/2026 1:00:45 PM,656b7e14-f368-4196-b68a-fdb1e1554fc8,2.0,,,,,,,,,,,,,,,,,,,,,,,,,,,,,,,,,,,,,,,,,,,,,,,,,,,NA,There you go.,
VOICE_CAPTURE,503029,6/26/2026 1:00:45 PM,656b7e14-f368-4196-b68a-fdb1e1554fc8,2.0,,,,,,,,,,,,,,,,,,,,,,,,,,,,,,,,,,,,,,,,,,,,,,,,,,,NA,There you go.,
PATIENT_DISENGAGED,503179,6/26/2026 1:00:45 PM,656b7e14-f368-4196-b68a-fdb1e1554fc8,2.0,,,,11.27,,,,,,,,,,,,,,,,normal,100,Infinity,normal,Civilian PT 14,upset,sittingGround,"(-14.1, 0.0, 3.6)",normal,"(0.0, 0.8, 0.0, 0.6)",normal,DELAYED,still,,,,,,,,,,,,,,,,,58.98,
PATIENT_ENGAGED,503179,6/26/2026 1:00:45 PM,656b7e14-f368-4196-b68a-fdb1e1554fc8,2.0,,,,0,,,,,,,,,,,,,,,,normal,100,Infinity,normal,Civilian PT 3,upset,prone,"(-14.3, -0.1, 1.6)",normal,"(0.0, 0.0, 0.0, 1.0)",normal,DELAYED,still,,,,,,,,,,,,,,,,,27.7,
PLAYER_POSITIONS,503182,6/26/2026 1:00:45 PM,656b7e14-f368-4196-b68a-fdb1e1554fc8,2.0,,,,,,,,,,,,,,,,,,,,,,,,,,,,,,,,,,,"(-13.1, 0.5, 2.6)","(-12.9, 0.9, 2.4)","(-13.1, 0.2, 2.5)",
PLAYER_POSITIONS,503182,6/26/2026 1:00:45 PM,656b7e14-f368-4196-b68a-fdb1e1554fc8,2.0,,,,,,,,,,,,,,,,,,,,,,,,,,,,,,,,,,,"(-13.1, 0.5, 2.6)","(-12.9, 0.9, 2.4)","(-13.1, 0.2, 2.5)",
PLAYER_POSITIONS,503693,6/26/2026 1:00:45 PM,656b7e14-f368-4196-b68a-fdb1e1554fc8,2.0,,,,,,,,,,,,,,,,,,,,,,,,,,,,,,,,,,,"(-13.1, 0.4, 2.0)","(-12.9, 0.9, 2.0)","(-13.1, 0.3, 2.1)",
PLAYER_POSITIONS,503693,6/26/2026 1:00:45 PM,656b7e14-f368-4196-b68a-fdb1e1554fc8,2.0,,,,,,,,,,,,,,,,,,,,,,,,,,,,,,,,,,,"(-13.1, 0.4, 2.0)","(-12.9, 0.9, 2.0)","(-13.1, 0.3, 2.1)",
AUDIO_START,503941,6/26/2026 1:00:46 PM,656b7e14-f368-4196-b68a-fdb1e1554fc8,2.0,hostiles are retreating good hits,3.108572,
VOICE_CAPTURE,504081,6/26/2026 1:00:46 PM,656b7e14-f368-4196-b68a-fdb1e1554fc8,2.0,,,,,,,,,,,,,,,,,,,,,,,,,,,,,,,,,,,,,,,,,,,,,,,,,,,NA,go.,
PLAYER_POSITIONS,504192,6/26/2026 1:00:46 PM,656b7e14-f368-4196-b68a-fdb1e1554fc8,2.0,,,,,,,,,,,,,,,,,,,,,,,,,,,,,,,,,,,"(-13.3, 0.3, 1.4)","(-13.1, 0.8, 1.5)","(-13.2, 0.3, 1.5)",
PLAYER_POSITIONS,504192,6/26/2026 1:00:46 PM,656b7e14-f368-4196-b68a-fdb1e1554fc8,2.0,,,,,,,,,,,,,,,,,,,,,,,,,,,,,,,,,,,"(-13.3, 0.3, 1.4)","(-13.1, 0.8, 1.5)","(-13.2, 0.3, 1.5)",
VOICE_CAPTURE,504514,6/26/2026 1:00:46 PM,656b7e14-f368-4196-b68a-fdb1e1554fc8,2.0,,,,,,,,,,,,,,,,,,,,,,,,,,,,,,,,,,,,,,,,,,,,,,,,,,,NA,There you go.,
PULSE_TAKEN,504588,6/26/2026 1:00:46 PM,656b7e14-f368-4196-b68a-fdb1e1554fc8,2.0,,,,,,,,,,,,,,,,,,,,,,,,Civilian PT 3,,,,pulse_normal,
PLAYER_POSITIONS,504701,6/26/2026 1:00:46 PM,656b7e14-f368-4196-b68a-fdb1e1554fc8,2.0,,,,,,,,,,,,,,,,,,,,,,,,,,,,,,,,,,,"(-13.4, 0.1, 1.3)","(-13.1, 0.7, 1.4)","(-13.3, 0.1, 1.4)",
PLAYER_POSITIONS,504701,6/26/2026 1:00:46 PM,656b7e14-f368-4196-b68a-fdb1e1554fc8,2.0,,,,,,,,,,,,,,,,,,,,,,,,,,,,,,,,,,,"(-13.4, 0.1, 1.3)","(-13.1, 0.7, 1.4)","(-13.3, 0.1, 1.4)",
DRAG_START,504794,6/26/2026 1:00:46 PM,656b7e14-f368-4196-b68a-fdb1e1554fc8,2.0,,,,,"(-14.3, 0.0, 1.6)",,,,,,,,,,,,,,,,,,,Civilian PT 3,
PULSE_TAKEN,504809,6/26/2026 1:00:46 PM,656b7e14-f368-4196-b68a-fdb1e1554fc8,2.0,,,,,,,,,,,,,,,,,,,,,,,,Civilian PT 3,,,,pulse_normal,
DRAG_START,504819,6/26/2026 1:00:46 PM,656b7e14-f368-4196-b68a-fdb1e1554fc8,2.0,,,,,"(-14.3, 0.0, 1.6)",,,,,,,,,,,,,,,,,,,Civilian PT 3,
PULSE_TAKEN,504833,6/26/2026 1:00:46 PM,656b7e14-f368-4196-b68a-fdb1e1554fc8,2.0,,,,,,,,,,,,,,,,,,,,,,,,Civilian PT 3,,,,pulse_normal,
VOICE_CAPTURE,505025,6/26/2026 1:00:47 PM,656b7e14-f368-4196-b68a-fdb1e1554fc8,2.0,,,,,,,,,,,,,,,,,,,,,,,,,,,,,,,,,,,,,,,,,,,,,,,,,,,NA,There we go.,
DRAG_STOP,505093,6/26/2026 1:00:47 PM,656b7e14-f368-4196-b68a-fdb1e1554fc8,2.0,,,,,"(-14.3, 0.0, 1.6)","(-14.3, 0.0, 1.6)",,,,,,,,,,,,,,,,,,Civilian PT 3,
DRAG_STOP,505094,6/26/2026 1:00:47 PM,656b7e14-f368-4196-b68a-fdb1e1554fc8,2.0,,,,,"(-14.3, 0.0, 1.6)","(-14.3, 0.0, 1.6)",,,,,,,,,,,,,,,,,,Civilian PT 3,
PLAYER_POSITIONS,505202,6/26/2026 1:00:47 PM,656b7e14-f368-4196-b68a-fdb1e1554fc8,2.0,,,,,,,,,,,,,,,,,,,,,,,,,,,,,,,,,,,"(-13.4, 0.1, 1.3)","(-13.1, 0.8, 1.4)","(-13.3, 0.1, 1.4)",
PLAYER_POSITIONS,505202,6/26/2026 1:00:47 PM,656b7e14-f368-4196-b68a-fdb1e1554fc8,2.0,,,,,,,,,,,,,,,,,,,,,,,,,,,,,,,,,,,"(-13.4, 0.1, 1.3)","(-13.1, 0.8, 1.4)","(-13.3, 0.1, 1.4)",
DRAG_STOP,505336,6/26/2026 1:00:47 PM,656b7e14-f368-4196-b68a-fdb1e1554fc8,2.0,,,,,"(-14.3, 0.0, 1.6)","(-14.3, 0.0, 1.6)",,,,,,,,,,,,,,,,,,Civilian PT 3,
DRAG_STOP,505492,6/26/2026 1:00:47 PM,656b7e14-f368-4196-b68a-fdb1e1554fc8,2.0,,,,,"(-14.3, 0.0, 1.6)","(-14.3, 0.0, 1.6)",,,,,,,,,,,,,,,,,,Civilian PT 3,
VOICE_CAPTURE,505590,6/26/2026 1:00:47 PM,656b7e14-f368-4196-b68a-fdb1e1554fc8,2.0,,,,,,,,,,,,,,,,,,,,,,,,,,,,,,,,,,,,,,,,,,,,,,,,,,,NA,There we go.,
VOICE_CAPTURE,505590,6/26/2026 1:00:47 PM,656b7e14-f368-4196-b68a-fdb1e1554fc8,2.0,,,,,,,,,,,,,,,,,,,,,,,,,,,,,,,,,,,,,,,,,,,,,,,,,,,NA,There we go.,
PLAYER_POSITIONS,505724,6/26/2026 1:00:47 PM,656b7e14-f368-4196-b68a-fdb1e1554fc8,2.0,,,,,,,,,,,,,,,,,,,,,,,,,,,,,,,,,,,"(-13.3, 0.4, 1.4)","(-13.1, 0.8, 1.5)","(-13.2, 0.3, 1.4)",
PLAYER_POSITIONS,505724,6/26/2026 1:00:47 PM,656b7e14-f368-4196-b68a-fdb1e1554fc8,2.0,,,,,,,,,,,,,,,,,,,,,,,,,,,,,,,,,,,"(-13.3, 0.4, 1.4)","(-13.1, 0.8, 1.5)","(-13.2, 0.3, 1.4)",
PLAYER_POSITIONS,506225,6/26/2026 1:00:48 PM,656b7e14-f368-4196-b68a-fdb1e1554fc8,2.0,,,,,,,,,,,,,,,,,,,,,,,,,,,,,,,,,,,"(-13.3, 0.5, 1.2)","(-13.2, 0.8, 1.4)","(-13.2, 0.3, 1.4)",
PLAYER_POSITIONS,506225,6/26/2026 1:00:48 PM,656b7e14-f368-4196-b68a-fdb1e1554fc8,2.0,,,,,,,,,,,,,,,,,,,,,,,,,,,,,,,,,,,"(-13.3, 0.5, 1.2)","(-13.2, 0.8, 1.4)","(-13.2, 0.3, 1.4)",
VOICE_CAPTURE,506604,6/26/2026 1:00:48 PM,656b7e14-f368-4196-b68a-fdb1e1554fc8,2.0,,,,,,,,,,,,,,,,,,,,,,,,,,,,,,,,,,,,,,,,,,,,,,,,,,,NA,the people.,
PLAYER_POSITIONS,506737,6/26/2026 1:00:48 PM,656b7e14-f368-4196-b68a-fdb1e1554fc8,2.0,,,,,,,,,,,,,,,,,,,,,,,,,,,,,,,,,,,"(-13.4, 0.5, 1.2)","(-13.2, 0.7, 1.4)","(-13.1, 0.3, 1.4)",
PLAYER_POSITIONS,506737,6/26/2026 1:00:48 PM,656b7e14-f368-4196-b68a-fdb1e1554fc8,2.0,,,,,,,,,,,,,,,,,,,,,,,,,,,,,,,,,,,"(-13.4, 0.5, 1.2)","(-13.2, 0.7, 1.4)","(-13.1, 0.3, 1.4)",
AUDIO_END,507049,6/26/2026 1:00:49 PM,656b7e14-f368-4196-b68a-fdb1e1554fc8,2.0,hostiles are retreating good hits,3.108572,
NARRATIVE_SECTION_END,507049,6/26/2026 1:00:49 PM,656b7e14-f368-4196-b68a-fdb1e1554fc8,2.0,,,,,,,,,,,,,,,,,,Hostiles are retreating good hits,57,
VOICE_CAPTURE,507050,6/26/2026 1:00:49 PM,656b7e14-f368-4196-b68a-fdb1e1554fc8,2.0,,,,,,,,,,,,,,,,,,,,,,,,,,,,,,,,,,,,,,,,,,,,,,,,,,,NA,the people.,
VOICE_CAPTURE,507050,6/26/2026 1:00:49 PM,656b7e14-f368-4196-b68a-fdb1e1554fc8,2.0,,,,,,,,,,,,,,,,,,,,,,,,,,,,,,,,,,,,,,,,,,,,,,,,,,,NA,the people.,
NARRATIVE_SECTION_START,507066,6/26/2026 1:00:49 PM,656b7e14-f368-4196-b68a-fdb1e1554fc8,2.0,,,,,,,,,,,,,,,,,,Bravo taking sustained fire,58,
PLAYER_POSITIONS,507249,6/26/2026 1:00:49 PM,656b7e14-f368-4196-b68a-fdb1e1554fc8,2.0,,,,,,,,,,,,,,,,,,,,,,,,,,,,,,,,,,,"(-13.3, 0.5, 1.2)","(-13.1, 0.8, 1.4)","(-13.1, 0.3, 1.4)",
PLAYER_POSITIONS,507249,6/26/2026 1:00:49 PM,656b7e14-f368-4196-b68a-fdb1e1554fc8,2.0,,,,,,,,,,,,,,,,,,,,,,,,,,,,,,,,,,,"(-13.3, 0.5, 1.2)","(-13.1, 0.8, 1.4)","(-13.1, 0.3, 1.4)",
PLAYER_POSITIONS,507749,6/26/2026 1:00:49 PM,656b7e14-f368-4196-b68a-fdb1e1554fc8,2.0,,,,,,,,,,,,,,,,,,,,,,,,,,,,,,,,,,,"(-13.3, 0.5, 1.2)","(-13.1, 0.8, 1.4)","(-13.1, 0.3, 1.4)",
PLAYER_POSITIONS,507749,6/26/2026 1:00:49 PM,656b7e14-f368-4196-b68a-fdb1e1554fc8,2.0,,,,,,,,,,,,,,,,,,,,,,,,,,,,,,,,,,,"(-13.3, 0.5, 1.2)","(-13.1, 0.8, 1.4)","(-13.1, 0.3, 1.4)",
PLAYER_POSITIONS,508265,6/26/2026 1:00:50 PM,656b7e14-f368-4196-b68a-fdb1e1554fc8,2.0,,,,,,,,,,,,,,,,,,,,,,,,,,,,,,,,,,,"(-13.3, 0.5, 1.2)","(-13.1, 0.8, 1.4)","(-13.1, 0.3, 1.4)",
PLAYER_POSITIONS,508265,6/26/2026 1:00:50 PM,656b7e14-f368-4196-b68a-fdb1e1554fc8,2.0,,,,,,,,,,,,,,,,,,,,,,,,,,,,,,,,,,,"(-13.3, 0.5, 1.2)","(-13.1, 0.8, 1.4)","(-13.1, 0.3, 1.4)",
VOICE_CAPTURE,508576,6/26/2026 1:00:50 PM,656b7e14-f368-4196-b68a-fdb1e1554fc8,2.0,,,,,,,,,,,,,,,,,,,,,,,,,,,,,,,,,,,,,,,,,,,,,,,,,,,NA,l me your name?,
PLAYER_POSITIONS,508777,6/26/2026 1:00:50 PM,656b7e14-f368-4196-b68a-fdb1e1554fc8,2.0,,,,,,,,,,,,,,,,,,,,,,,,,,,,,,,,,,,"(-13.3, 0.5, 1.2)","(-13.1, 0.8, 1.4)","(-13.1, 0.3, 1.4)",
PLAYER_POSITIONS,508777,6/26/2026 1:00:50 PM,656b7e14-f368-4196-b68a-fdb1e1554fc8,2.0,,,,,,,,,,,,,,,,,,,,,,,,,,,,,,,,,,,"(-13.3, 0.5, 1.2)","(-13.1, 0.8, 1.4)","(-13.1, 0.3, 1.4)",
VOICE_CAPTURE,509010,6/26/2026 1:00:51 PM,656b7e14-f368-4196-b68a-fdb1e1554fc8,2.0,,,,,,,,,,,,,,,,,,,,,,,,,,,,,,,,,,,,,,,,,,,,,,,,,,,NA,l me your name? Can you tell me your name?,
PLAYER_POSITIONS,509299,6/26/2026 1:00:51 PM,656b7e14-f368-4196-b68a-fdb1e1554fc8,2.0,,,,,,,,,,,,,,,,,,,,,,,,,,,,,,,,,,,"(-13.4, 0.5, 1.2)","(-13.1, 0.8, 1.4)","(-13.1, 0.3, 1.4)",
PLAYER_POSITIONS,509299,6/26/2026 1:00:51 PM,656b7e14-f368-4196-b68a-fdb1e1554fc8,2.0,,,,,,,,,,,,,,,,,,,,,,,,,,,,,,,,,,,"(-13.4, 0.5, 1.2)","(-13.1, 0.8, 1.4)","(-13.1, 0.3, 1.4)",
VOICE_CAPTURE,509544,6/26/2026 1:00:51 PM,656b7e14-f368-4196-b68a-fdb1e1554fc8,2.0,,,,,,,,,,,,,,,,,,,,,,,,,,,,,,,,,,,,,,,,,,,,,,,,,,,NA,l me your name? Can you tell me your name?,
VOICE_CAPTURE,509544,6/26/2026 1:00:51 PM,656b7e14-f368-4196-b68a-fdb1e1554fc8,2.0,,,,,,,,,,,,,,,,,,,,,,,,,,,,,,,,,,,,,,,,,,,,,,,,,,,NA,l me your name? Can you tell me your name?,
VOICE_COMMAND,509544,6/26/2026 1:00:51 PM,656b7e14-f368-4196-b68a-fdb1e1554fc8,2.0,,,,,,,,,,,,,,,,,,,,,,,,,,,,,,,,,,,,,,,,,,,,,,,,,,,l me your name? Can you tell me your name?,what is your name,
PLAYER_POSITIONS,509810,6/26/2026 1:00:51 PM,656b7e14-f368-4196-b68a-fdb1e1554fc8,2.0,,,,,,,,,,,,,,,,,,,,,,,,,,,,,,,,,,,"(-13.4, 0.5, 1.2)","(-13.1, 0.8, 1.4)","(-13.4, 0.5, 1.5)",
PLAYER_POSITIONS,509810,6/26/2026 1:00:51 PM,656b7e14-f368-4196-b68a-fdb1e1554fc8,2.0,,,,,,,,,,,,,,,,,,,,,,,,,,,,,,,,,,,"(-13.4, 0.5, 1.2)","(-13.1, 0.8, 1.4)","(-13.4, 0.5, 1.5)",
AUDIO_START,510069,6/26/2026 1:00:52 PM,656b7e14-f368-4196-b68a-fdb1e1554fc8,2.0,bravo taking sustained fire from fortified positions,4.623673,
PLAYER_POSITIONS,510311,6/26/2026 1:00:52 PM,656b7e14-f368-4196-b68a-fdb1e1554fc8,2.0,,,,,,,,,,,,,,,,,,,,,,,,,,,,,,,,,,,"(-13.3, 0.5, 1.2)","(-13.1, 0.8, 1.4)","(-13.4, 0.5, 1.5)",
PLAYER_POSITIONS,510311,6/26/2026 1:00:52 PM,656b7e14-f368-4196-b68a-fdb1e1554fc8,2.0,,,,,,,,,,,,,,,,,,,,,,,,,,,,,,,,,,,"(-13.3, 0.5, 1.2)","(-13.1, 0.8, 1.4)","(-13.4, 0.5, 1.5)",
TOOL_HOVER,510419,6/26/2026 1:00:52 PM,656b7e14-f368-4196-b68a-fdb1e1554fc8,2.0,,,,,,,,,,,,,,,,,,,,,,,,,,,,,,,,,,,,,,,,,,,,,,994,,Tourniquet,
PLAYER_POSITIONS,510821,6/26/2026 1:00:52 PM,656b7e14-f368-4196-b68a-fdb1e1554fc8,2.0,,,,,,,,,,,,,,,,,,,,,,,,,,,,,,,,,,,"(-13.4, 0.5, 1.2)","(-13.1, 0.8, 1.4)","(-13.5, 0.3, 1.6)",
PLAYER_POSITIONS,510821,6/26/2026 1:00:52 PM,656b7e14-f368-4196-b68a-fdb1e1554fc8,2.0,,,,,,,,,,,,,,,,,,,,,,,,,,,,,,,,,,,"(-13.4, 0.5, 1.2)","(-13.1, 0.8, 1.4)","(-13.5, 0.3, 1.6)",
TOOL_HOVER,510920,6/26/2026 1:00:53 PM,656b7e14-f368-4196-b68a-fdb1e1554fc8,2.0,,,,,,,,,,,,,,,,,,,,,,,,,,,,,,,,,,,,,,,,,,,,,,994,,Tourniquet,
PLAYER_POSITIONS,511330,6/26/2026 1:00:53 PM,656b7e14-f368-4196-b68a-fdb1e1554fc8,2.0,,,,,,,,,,,,,,,,,,,,,,,,,,,,,,,,,,,"(-13.4, 0.5, 1.2)","(-13.1, 0.9, 1.5)","(-13.5, 0.5, 1.7)",
PLAYER_POSITIONS,511330,6/26/2026 1:00:53 PM,656b7e14-f368-4196-b68a-fdb1e1554fc8,2.0,,,,,,,,,,,,,,,,,,,,,,,,,,,,,,,,,,,"(-13.4, 0.5, 1.2)","(-13.1, 0.9, 1.5)","(-13.5, 0.5, 1.7)",
TOOL_HOVER,511438,6/26/2026 1:00:53 PM,656b7e14-f368-4196-b68a-fdb1e1554fc8,2.0,,,,,,,,,,,,,,,,,,,,,,,,,,,,,,,,,,,,,,,,,,,,,,994,,Tourniquet,
TOOL_HOVER,511482,6/26/2026 1:00:53 PM,656b7e14-f368-4196-b68a-fdb1e1554fc8,2.0,,,,,,,,,,,,,,,,,,,,,,,,,,,,,,,,,,,,,,,,,,,,,,996,,Decompression Needle,
PLAYER_POSITIONS,511840,6/26/2026 1:00:53 PM,656b7e14-f368-4196-b68a-fdb1e1554fc8,2.0,,,,,,,,,,,,,,,,,,,,,,,,,,,,,,,,,,,"(-13.4, 0.5, 1.3)","(-13.1, 0.9, 1.5)","(-13.6, 0.7, 1.8)",
PLAYER_POSITIONS,511840,6/26/2026 1:00:53 PM,656b7e14-f368-4196-b68a-fdb1e1554fc8,2.0,,,,,,,,,,,,,,,,,,,,,,,,,,,,,,,,,,,"(-13.4, 0.5, 1.3)","(-13.1, 0.9, 1.5)","(-13.6, 0.7, 1.8)",
TOOL_HOVER,511949,6/26/2026 1:00:54 PM,656b7e14-f368-4196-b68a-fdb1e1554fc8,2.0,,,,,,,,,,,,,,,,,,,,,,,,,,,,,,,,,,,,,,,,,,,,,,994,,Tourniquet,
TOOL_HOVER,511993,6/26/2026 1:00:54 PM,656b7e14-f368-4196-b68a-fdb1e1554fc8,2.0,,,,,,,,,,,,,,,,,,,,,,,,,,,,,,,,,,,,,,,,,,,,,,995,,Fentanyl Lollipop,
PLAYER_POSITIONS,512347,6/26/2026 1:00:54 PM,656b7e14-f368-4196-b68a-fdb1e1554fc8,2.0,,,,,,,,,,,,,,,,,,,,,,,,,,,,,,,,,,,"(-13.4, 0.5, 1.3)","(-13.1, 0.9, 1.5)","(-13.6, 0.8, 1.8)",
PLAYER_POSITIONS,512347,6/26/2026 1:00:54 PM,656b7e14-f368-4196-b68a-fdb1e1554fc8,2.0,,,,,,,,,,,,,,,,,,,,,,,,,,,,,,,,,,,"(-13.4, 0.5, 1.3)","(-13.1, 0.9, 1.5)","(-13.6, 0.8, 1.8)",
TOOL_SELECTED,512367,6/26/2026 1:00:54 PM,656b7e14-f368-4196-b68a-fdb1e1554fc8,2.0,,,,,,,,,,,,,,,,,,,,,,,,,,,,,,,,,,,,,,,,,,,,,,994,,Fentanyl Lollipop,
TOOL_HOVER,512475,6/26/2026 1:00:54 PM,656b7e14-f368-4196-b68a-fdb1e1554fc8,2.0,,,,,,,,,,,,,,,,,,,,,,,,,,,,,,,,,,,,,,,,,,,,,,994,,Tourniquet,
PLAYER_POSITIONS,512855,6/26/2026 1:00:54 PM,656b7e14-f368-4196-b68a-fdb1e1554fc8,2.0,,,,,,,,,,,,,,,,,,,,,,,,,,,,,,,,,,,"(-13.3, 0.5, 1.2)","(-13.1, 0.8, 1.4)","(-13.4, 0.3, 1.4)",
PLAYER_POSITIONS,512855,6/26/2026 1:00:54 PM,656b7e14-f368-4196-b68a-fdb1e1554fc8,2.0,,,,,,,,,,,,,,,,,,,,,,,,,,,,,,,,,,,"(-13.3, 0.5, 1.2)","(-13.1, 0.8, 1.4)","(-13.4, 0.3, 1.4)",
TOOL_HOVER,512987,6/26/2026 1:00:55 PM,656b7e14-f368-4196-b68a-fdb1e1554fc8,2.0,,,,,,,,,,,,,,,,,,,,,,,,,,,,,,,,,,,,,,,,,,,,,,994,,Tourniquet,
PLAYER_POSITIONS,513355,6/26/2026 1:00:55 PM,656b7e14-f368-4196-b68a-fdb1e1554fc8,2.0,,,,,,,,,,,,,,,,,,,,,,,,,,,,,,,,,,,"(-13.3, 0.6, 1.2)","(-13.1, 0.7, 1.4)","(-13.2, 0.1, 1.2)",
PLAYER_POSITIONS,513355,6/26/2026 1:00:55 PM,656b7e14-f368-4196-b68a-fdb1e1554fc8,2.0,,,,,,,,,,,,,,,,,,,,,,,,,,,,,,,,,,,"(-13.3, 0.6, 1.2)","(-13.1, 0.7, 1.4)","(-13.2, 0.1, 1.2)",
INJURY_TREATED,513557,6/26/2026 1:00:55 PM,656b7e14-f368-4196-b68a-fdb1e1554fc8,2.0,,,,,,,,,head,Unspecified,"(0.0, 0.0, 0.0)",none,1,1,none,True,False,,,,,,,Civilian PT 3,
TOOL_APPLIED,513557,6/26/2026 1:00:55 PM,656b7e14-f368-4196-b68a-fdb1e1554fc8,2.0,,,,,,,,,,,,,,,,,,,,,,,,Civilian PT 3,,,,,,,,,,,,,,,,,,,,AppliedLollipop,Jaw (UnityEngine.GameObject),,Fentanyl Lollipop(Clone) (UnityEngine.GameObject),Fentanyl Lollipop,
PLAYER_POSITIONS,513867,6/26/2026 1:00:55 PM,656b7e14-f368-4196-b68a-fdb1e1554fc8,2.0,,,,,,,,,,,,,,,,,,,,,,,,,,,,,,,,,,,"(-13.3, 0.5, 1.2)","(-13.1, 0.8, 1.4)","(-13.3, 0.1, 1.3)",
PLAYER_POSITIONS,513867,6/26/2026 1:00:55 PM,656b7e14-f368-4196-b68a-fdb1e1554fc8,2.0,,,,,,,,,,,,,,,,,,,,,,,,,,,,,,,,,,,"(-13.3, 0.5, 1.2)","(-13.1, 0.8, 1.4)","(-13.3, 0.1, 1.3)",
BAG_CLOSED,514142,6/26/2026 1:00:56 PM,656b7e14-f368-4196-b68a-fdb1e1554fc8,2.0,,,,,,,,,,,,,,,,,,,,,,,,,,,,,,,,,,,,"(0.0, 0.0, 0.0)",
PLAYER_POSITIONS,514369,6/26/2026 1:00:56 PM,656b7e14-f368-4196-b68a-fdb1e1554fc8,2.0,,,,,,,,,,,,,,,,,,,,,,,,,,,,,,,,,,,"(-13.2, 0.5, 1.2)","(-13.0, 0.9, 1.3)","(-13.2, 0.2, 1.4)",
PLAYER_POSITIONS,514369,6/26/2026 1:00:56 PM,656b7e14-f368-4196-b68a-fdb1e1554fc8,2.0,,,,,,,,,,,,,,,,,,,,,,,,,,,,,,,,,,,"(-13.2, 0.5, 1.2)","(-13.0, 0.9, 1.3)","(-13.2, 0.2, 1.4)",
PATIENT_DISENGAGED,514678,6/26/2026 1:00:56 PM,656b7e14-f368-4196-b68a-fdb1e1554fc8,2.0,,,,11.5,,,,,,,,,,,,,,,,normal,100,Infinity,normal,Civilian PT 3,upset,supine,"(-14.1, -0.1, 1.4)",normal,"(0.0, -0.3, 0.0, 1.0)",normal,DELAYED,still,,,,,,,,,,,,,,,,,39.19,
PATIENT_ENGAGED,514679,6/26/2026 1:00:56 PM,656b7e14-f368-4196-b68a-fdb1e1554fc8,2.0,,,,0,,,,,,,,,,,,,,,,restricted,100,Infinity,normal,Military PT 2,agony,supine,"(-12.0, -0.1, 1.1)",faint,"(0.0, 0.4, 0.0, 0.9)",normal,EXPECTANT,still,,,,,,,,,,,,,,,,,45.27,
AUDIO_END,514704,6/26/2026 1:00:56 PM,656b7e14-f368-4196-b68a-fdb1e1554fc8,2.0,bravo taking sustained fire from fortified positions,4.623673,
NARRATIVE_SECTION_END,514704,6/26/2026 1:00:56 PM,656b7e14-f368-4196-b68a-fdb1e1554fc8,2.0,,,,,,,,,,,,,,,,,,Bravo taking sustained fire,58,
NARRATIVE_SECTION_START,514744,6/26/2026 1:00:56 PM,656b7e14-f368-4196-b68a-fdb1e1554fc8,2.0,,,,,,,,,,,,,,,,,,Bravo needs heavy artillery,59,
PLAYER_POSITIONS,514870,6/26/2026 1:00:56 PM,656b7e14-f368-4196-b68a-fdb1e1554fc8,2.0,,,,,,,,,,,,,,,,,,,,,,,,,,,,,,,,,,,"(-12.7, 0.6, 1.0)","(-12.5, 1.0, 1.2)","(-12.6, 0.3, 1.2)",
PLAYER_POSITIONS,514870,6/26/2026 1:00:56 PM,656b7e14-f368-4196-b68a-fdb1e1554fc8,2.0,,,,,,,,,,,,,,,,,,,,,,,,,,,,,,,,,,,"(-12.7, 0.6, 1.0)","(-12.5, 1.0, 1.2)","(-12.6, 0.3, 1.2)",
PLAYER_POSITIONS,515388,6/26/2026 1:00:57 PM,656b7e14-f368-4196-b68a-fdb1e1554fc8,2.0,,,,,,,,,,,,,,,,,,,,,,,,,,,,,,,,,,,"(-12.7, 0.5, 0.8)","(-12.5, 1.0, 1.0)","(-12.8, 0.4, 0.9)",
PLAYER_POSITIONS,515388,6/26/2026 1:00:57 PM,656b7e14-f368-4196-b68a-fdb1e1554fc8,2.0,,,,,,,,,,,,,,,,,,,,,,,,,,,,,,,,,,,"(-12.7, 0.5, 0.8)","(-12.5, 1.0, 1.0)","(-12.8, 0.4, 0.9)",
PLAYER_POSITIONS,515902,6/26/2026 1:00:58 PM,656b7e14-f368-4196-b68a-fdb1e1554fc8,2.0,,,,,,,,,,,,,,,,,,,,,,,,,,,,,,,,,,,"(-12.6, 0.4, 0.4)","(-12.6, 1.0, 0.6)","(-12.9, 0.4, 0.5)",
PLAYER_POSITIONS,515902,6/26/2026 1:00:58 PM,656b7e14-f368-4196-b68a-fdb1e1554fc8,2.0,,,,,,,,,,,,,,,,,,,,,,,,,,,,,,,,,,,"(-12.6, 0.4, 0.4)","(-12.6, 1.0, 0.6)","(-12.9, 0.4, 0.5)",
PLAYER_POSITIONS,516410,6/26/2026 1:00:58 PM,656b7e14-f368-4196-b68a-fdb1e1554fc8,2.0,,,,,,,,,,,,,,,,,,,,,,,,,,,,,,,,,,,"(-12.8, 0.4, 0.3)","(-12.6, 0.9, 0.5)","(-12.9, 0.2, 0.6)",
PLAYER_POSITIONS,516410,6/26/2026 1:00:58 PM,656b7e14-f368-4196-b68a-fdb1e1554fc8,2.0,,,,,,,,,,,,,,,,,,,,,,,,,,,,,,,,,,,"(-12.8, 0.4, 0.3)","(-12.6, 0.9, 0.5)","(-12.9, 0.2, 0.6)",
VOICE_CAPTURE,516544,6/26/2026 1:00:58 PM,656b7e14-f368-4196-b68a-fdb1e1554fc8,2.0,,,,,,,,,,,,,,,,,,,,,,,,,,,,,,,,,,,,,,,,,,,,,,,,,,,NA,Thank you.,
PLAYER_POSITIONS,516928,6/26/2026 1:00:59 PM,656b7e14-f368-4196-b68a-fdb1e1554fc8,2.0,,,,,,,,,,,,,,,,,,,,,,,,,,,,,,,,,,,"(-12.8, 0.4, 0.3)","(-12.6, 0.9, 0.5)","(-12.9, 0.2, 0.6)",
PLAYER_POSITIONS,516928,6/26/2026 1:00:59 PM,656b7e14-f368-4196-b68a-fdb1e1554fc8,2.0,,,,,,,,,,,,,,,,,,,,,,,,,,,,,,,,,,,"(-12.8, 0.4, 0.3)","(-12.6, 0.9, 0.5)","(-12.9, 0.2, 0.6)",
PLAYER_POSITIONS,517428,6/26/2026 1:00:59 PM,656b7e14-f368-4196-b68a-fdb1e1554fc8,2.0,,,,,,,,,,,,,,,,,,,,,,,,,,,,,,,,,,,"(-12.9, 0.4, 0.1)","(-12.8, 0.9, 0.3)","(-13.0, 0.2, 0.4)",
PLAYER_POSITIONS,517428,6/26/2026 1:00:59 PM,656b7e14-f368-4196-b68a-fdb1e1554fc8,2.0,,,,,,,,,,,,,,,,,,,,,,,,,,,,,,,,,,,"(-12.9, 0.4, 0.1)","(-12.8, 0.9, 0.3)","(-13.0, 0.2, 0.4)",
VOICE_CAPTURE,517528,6/26/2026 1:00:59 PM,656b7e14-f368-4196-b68a-fdb1e1554fc8,2.0,,,,,,,,,,,,,,,,,,,,,,,,,,,,,,,,,,,,,,,,,,,,,,,,,,,NA,Thank you.,
PATIENT_DISENGAGED,517712,6/26/2026 1:00:59 PM,656b7e14-f368-4196-b68a-fdb1e1554fc8,2.0,,,,3.03,,,,,,,,,,,,,,,,restricted,100,Infinity,normal,Military PT 2,agony,supine,"(-12.0, -0.1, 1.1)",faint,"(0.0, 0.4, 0.0, 0.9)",normal,EXPECTANT,still,,,,,,,,,,,,,,,,,48.3,
PATIENT_ENGAGED,517712,6/26/2026 1:00:59 PM,656b7e14-f368-4196-b68a-fdb1e1554fc8,2.0,,,,0,,,,,,,,,,,,,,,,fast,100,Infinity,normal,Civilian PT 15,upset,supine,"(-14.4, -0.1, -0.3)",fast,"(0.0, 0.8, 0.0, 0.6)",normal,IMMEDIATE,still,,,,,,,,,,,,,,,,,15.89,
AUDIO_START,517743,6/26/2026 1:00:59 PM,656b7e14-f368-4196-b68a-fdb1e1554fc8,2.0,bravo needs heavy artillery,5.067755,
PLAYER_POSITIONS,517937,6/26/2026 1:01:00 PM,656b7e14-f368-4196-b68a-fdb1e1554fc8,2.0,,,,,,,,,,,,,,,,,,,,,,,,,,,,,,,,,,,"(-13.3, 0.4, 0.2)","(-13.4, 1.0, 0.4)","(-13.4, 0.2, 0.4)",
PLAYER_GAZE,517937,6/26/2026 1:01:00 PM,656b7e14-f368-4196-b68a-fdb1e1554fc8,2.0,,,,,,,,,,,,,,,,,,,,,,,,Civilian PT 15,,,,,,,,,"(1.0, 1.0, 0.7)",,,"(-14.4, 0.0, -0.3)",
PLAYER_POSITIONS,517937,6/26/2026 1:01:00 PM,656b7e14-f368-4196-b68a-fdb1e1554fc8,2.0,,,,,,,,,,,,,,,,,,,,,,,,,,,,,,,,,,,"(-13.3, 0.4, 0.2)","(-13.4, 1.0, 0.4)","(-13.4, 0.2, 0.4)",
PLAYER_GAZE,517937,6/26/2026 1:01:00 PM,656b7e14-f368-4196-b68a-fdb1e1554fc8,2.0,,,,,,,,,,,,,,,,,,,,,,,,Civilian PT 15,,,,,,,,,"(1.0, 1.0, 0.7)",,,"(-14.4, 0.0, -0.3)",
VOICE_CAPTURE,518015,6/26/2026 1:01:00 PM,656b7e14-f368-4196-b68a-fdb1e1554fc8,2.0,,,,,,,,,,,,,,,,,,,,,,,,,,,,,,,,,,,,,,,,,,,,,,,,,,,NA,Did I give you one?,
PLAYER_POSITIONS,518437,6/26/2026 1:01:00 PM,656b7e14-f368-4196-b68a-fdb1e1554fc8,2.0,,,,,,,,,,,,,,,,,,,,,,,,,,,,,,,,,,,"(-13.7, 0.4, 0.2)","(-13.8, 1.0, 0.4)","(-13.8, 0.2, 0.4)",
PLAYER_POSITIONS,518437,6/26/2026 1:01:00 PM,656b7e14-f368-4196-b68a-fdb1e1554fc8,2.0,,,,,,,,,,,,,,,,,,,,,,,,,,,,,,,,,,,"(-13.7, 0.4, 0.2)","(-13.8, 1.0, 0.4)","(-13.8, 0.2, 0.4)",
VOICE_CAPTURE,518515,6/26/2026 1:01:00 PM,656b7e14-f368-4196-b68a-fdb1e1554fc8,2.0,,,,,,,,,,,,,,,,,,,,,,,,,,,,,,,,,,,,,,,,,,,,,,,,,,,NA,I give you one on anything,
PLAYER_POSITIONS,518937,6/26/2026 1:01:01 PM,656b7e14-f368-4196-b68a-fdb1e1554fc8,2.0,,,,,,,,,,,,,,,,,,,,,,,,,,,,,,,,,,,"(-14.3, 0.4, 0.0)","(-14.3, 1.0, 0.2)","(-14.4, 0.3, 0.2)",
PLAYER_POSITIONS,518937,6/26/2026 1:01:01 PM,656b7e14-f368-4196-b68a-fdb1e1554fc8,2.0,,,,,,,,,,,,,,,,,,,,,,,,,,,,,,,,,,,"(-14.3, 0.4, 0.0)","(-14.3, 1.0, 0.2)","(-14.4, 0.3, 0.2)",
VOICE_CAPTURE,519049,6/26/2026 1:01:01 PM,656b7e14-f368-4196-b68a-fdb1e1554fc8,2.0,,,,,,,,,,,,,,,,,,,,,,,,,,,,,,,,,,,,,,,,,,,,,,,,,,,NA,I give you one on anything Did I give you one already?,
PLAYER_POSITIONS,519449,6/26/2026 1:01:01 PM,656b7e14-f368-4196-b68a-fdb1e1554fc8,2.0,,,,,,,,,,,,,,,,,,,,,,,,,,,,,,,,,,,"(-14.6, 0.4, -0.1)","(-14.6, 0.9, 0.1)","(-14.9, 0.4, 0.0)",
PLAYER_POSITIONS,519449,6/26/2026 1:01:01 PM,656b7e14-f368-4196-b68a-fdb1e1554fc8,2.0,,,,,,,,,,,,,,,,,,,,,,,,,,,,,,,,,,,"(-14.6, 0.4, -0.1)","(-14.6, 0.9, 0.1)","(-14.9, 0.4, 0.0)",
VOICE_CAPTURE,519584,6/26/2026 1:01:01 PM,656b7e14-f368-4196-b68a-fdb1e1554fc8,2.0,,,,,,,,,,,,,,,,,,,,,,,,,,,,,,,,,,,,,,,,,,,,,,,,,,,NA,I give you one on anything Did I give you one already? I think I gave you one already.,
PLAYER_POSITIONS,519974,6/26/2026 1:01:02 PM,656b7e14-f368-4196-b68a-fdb1e1554fc8,2.0,,,,,,,,,,,,,,,,,,,,,,,,,,,,,,,,,,,"(-14.8, 0.4, -0.2)","(-14.9, 0.9, 0.0)","(-15.3, 0.5, -0.2)",
PLAYER_POSITIONS,519974,6/26/2026 1:01:02 PM,656b7e14-f368-4196-b68a-fdb1e1554fc8,2.0,,,,,,,,,,,,,,,,,,,,,,,,,,,,,,,,,,,"(-14.8, 0.4, -0.2)","(-14.9, 0.9, 0.0)","(-15.3, 0.5, -0.2)",
VOICE_CAPTURE,520039,6/26/2026 1:01:02 PM,656b7e14-f368-4196-b68a-fdb1e1554fc8,2.0,,,,,,,,,,,,,,,,,,,,,,,,,,,,,,,,,,,,,,,,,,,,,,,,,,,NA,I give you one on anything Did I give you an irony? I think I gave you an irony.,
PLAYER_POSITIONS,520484,6/26/2026 1:01:02 PM,656b7e14-f368-4196-b68a-fdb1e1554fc8,2.0,,,,,,,,,,,,,,,,,,,,,,,,,,,,,,,,,,,"(-15.1, 0.4, -0.2)","(-15.2, 0.9, 0.0)","(-15.6, 0.2, 0.0)",
PLAYER_POSITIONS,520484,6/26/2026 1:01:02 PM,656b7e14-f368-4196-b68a-fdb1e1554fc8,2.0,,,,,,,,,,,,,,,,,,,,,,,,,,,,,,,,,,,"(-15.1, 0.4, -0.2)","(-15.2, 0.9, 0.0)","(-15.6, 0.2, 0.0)",
VOICE_CAPTURE,520594,6/26/2026 1:01:02 PM,656b7e14-f368-4196-b68a-fdb1e1554fc8,2.0,,,,,,,,,,,,,,,,,,,,,,,,,,,,,,,,,,,,,,,,,,,,,,,,,,,NA,I give you one on anything Did I give you an idea? I think I gave you an idea.,
TOOL_HOVER,520970,6/26/2026 1:01:03 PM,656b7e14-f368-4196-b68a-fdb1e1554fc8,2.0,,,,,,,,,,,,,,,,,,,,,,,,,,,,,,,,,,,,,,,,,,,,,,994,,Fentanyl Lollipop,
PLAYER_POSITIONS,521007,6/26/2026 1:01:03 PM,656b7e14-f368-4196-b68a-fdb1e1554fc8,2.0,,,,,,,,,,,,,,,,,,,,,,,,,,,,,,,,,,,"(-15.2, 0.4, -0.2)","(-15.2, 0.9, 0.0)","(-15.9, 0.5, 0.0)",
PLAYER_POSITIONS,521007,6/26/2026 1:01:03 PM,656b7e14-f368-4196-b68a-fdb1e1554fc8,2.0,,,,,,,,,,,,,,,,,,,,,,,,,,,,,,,,,,,"(-15.2, 0.4, -0.2)","(-15.2, 0.9, 0.0)","(-15.9, 0.5, 0.0)",
VOICE_CAPTURE,521039,6/26/2026 1:01:03 PM,656b7e14-f368-4196-b68a-fdb1e1554fc8,2.0,,,,,,,,,,,,,,,,,,,,,,,,,,,,,,,,,,,,,,,,,,,,,,,,,,,NA,I give you one on anything Did I give you an irony? I think I gave you an irony.,
TOOL_SELECTED,521392,6/26/2026 1:01:03 PM,656b7e14-f368-4196-b68a-fdb1e1554fc8,2.0,,,,,,,,,,,,,,,,,,,,,,,,,,,,,,,,,,,,,,,,,,,,,,993,,Fentanyl Lollipop,
PLAYER_POSITIONS,521517,6/26/2026 1:01:03 PM,656b7e14-f368-4196-b68a-fdb1e1554fc8,2.0,,,,,,,,,,,,,,,,,,,,,,,,,,,,,,,,,,,"(-15.1, 0.4, -0.2)","(-15.2, 0.9, 0.0)","(-15.9, 0.5, 0.0)",
PLAYER_POSITIONS,521517,6/26/2026 1:01:03 PM,656b7e14-f368-4196-b68a-fdb1e1554fc8,2.0,,,,,,,,,,,,,,,,,,,,,,,,,,,,,,,,,,,"(-15.1, 0.4, -0.2)","(-15.2, 0.9, 0.0)","(-15.9, 0.5, 0.0)",
VOICE_CAPTURE,521517,6/26/2026 1:01:03 PM,656b7e14-f368-4196-b68a-fdb1e1554fc8,2.0,,,,,,,,,,,,,,,,,,,,,,,,,,,,,,,,,,,,,,,,,,,,,,,,,,,NA,I give you one on anything Did I give you an irony? I think I gave you an irony.,
VOICE_CAPTURE,521517,6/26/2026 1:01:03 PM,656b7e14-f368-4196-b68a-fdb1e1554fc8,2.0,,,,,,,,,,,,,,,,,,,,,,,,,,,,,,,,,,,,,,,,,,,,,,,,,,,NA,I give you one on anything Did I give you an irony? I think I gave you an irony.,
BAG_CLOSED,521669,6/26/2026 1:01:03 PM,656b7e14-f368-4196-b68a-fdb1e1554fc8,2.0,,,,,,,,,,,,,,,,,,,,,,,,,,,,,,,,,,,,"(0.0, 0.0, 0.0)",
PLAYER_POSITIONS,522017,6/26/2026 1:01:04 PM,656b7e14-f368-4196-b68a-fdb1e1554fc8,2.0,,,,,,,,,,,,,,,,,,,,,,,,,,,,,,,,,,,"(-15.2, 0.4, -0.4)","(-15.2, 0.9, -0.2)","(-15.4, 0.2, -0.4)",
PLAYER_POSITIONS,522017,6/26/2026 1:01:04 PM,656b7e14-f368-4196-b68a-fdb1e1554fc8,2.0,,,,,,,,,,,,,,,,,,,,,,,,,,,,,,,,,,,"(-15.2, 0.4, -0.4)","(-15.2, 0.9, -0.2)","(-15.4, 0.2, -0.4)",
PLAYER_POSITIONS,522539,6/26/2026 1:01:04 PM,656b7e14-f368-4196-b68a-fdb1e1554fc8,2.0,,,,,,,,,,,,,,,,,,,,,,,,,,,,,,,,,,,"(-15.1, 0.5, -0.5)","(-15.2, 0.8, -0.3)","(-15.1, 0.1, -0.6)",
PLAYER_POSITIONS,522539,6/26/2026 1:01:04 PM,656b7e14-f368-4196-b68a-fdb1e1554fc8,2.0,,,,,,,,,,,,,,,,,,,,,,,,,,,,,,,,,,,"(-15.1, 0.5, -0.5)","(-15.2, 0.8, -0.3)","(-15.1, 0.1, -0.6)",
INJURY_TREATED,522784,6/26/2026 1:01:04 PM,656b7e14-f368-4196-b68a-fdb1e1554fc8,2.0,,,,,,,,,head,Unspecified,"(0.0, 0.0, 0.0)",none,1,1,none,True,False,,,,,,,Civilian PT 15,
TOOL_APPLIED,522784,6/26/2026 1:01:04 PM,656b7e14-f368-4196-b68a-fdb1e1554fc8,2.0,,,,,,,,,,,,,,,,,,,,,,,,Civilian PT 15,,,,,,,,,,,,,,,,,,,,AppliedLollipop,Jaw (UnityEngine.GameObject),,Fentanyl Lollipop(Clone) (UnityEngine.GameObject),Fentanyl Lollipop,
AUDIO_END,522804,6/26/2026 1:01:04 PM,656b7e14-f368-4196-b68a-fdb1e1554fc8,2.0,bravo needs heavy artillery,5.067755,
NARRATIVE_SECTION_END,522804,6/26/2026 1:01:04 PM,656b7e14-f368-4196-b68a-fdb1e1554fc8,2.0,,,,,,,,,,,,,,,,,,Bravo needs heavy artillery,59,
NARRATIVE_SECTION_START,522823,6/26/2026 1:01:04 PM,656b7e14-f368-4196-b68a-fdb1e1554fc8,2.0,,,,,,,,,,,,,,,,,,Copy bravo artillery in 5,60,
PLAYER_POSITIONS,523066,6/26/2026 1:01:05 PM,656b7e14-f368-4196-b68a-fdb1e1554fc8,2.0,,,,,,,,,,,,,,,,,,,,,,,,,,,,,,,,,,,"(-15.1, 0.5, -0.5)","(-15.2, 0.8, -0.3)","(-15.2, 0.1, -0.5)",
PLAYER_POSITIONS,523066,6/26/2026 1:01:05 PM,656b7e14-f368-4196-b68a-fdb1e1554fc8,2.0,,,,,,,,,,,,,,,,,,,,,,,,,,,,,,,,,,,"(-15.1, 0.5, -0.5)","(-15.2, 0.8, -0.3)","(-15.2, 0.1, -0.5)",
PLAYER_POSITIONS,523576,6/26/2026 1:01:05 PM,656b7e14-f368-4196-b68a-fdb1e1554fc8,2.0,,,,,,,,,,,,,,,,,,,,,,,,,,,,,,,,,,,"(-15.6, 0.5, -0.4)","(-15.6, 1.0, -0.2)","(-15.7, 0.3, -0.1)",
PLAYER_POSITIONS,523576,6/26/2026 1:01:05 PM,656b7e14-f368-4196-b68a-fdb1e1554fc8,2.0,,,,,,,,,,,,,,,,,,,,,,,,,,,,,,,,,,,"(-15.6, 0.5, -0.4)","(-15.6, 1.0, -0.2)","(-15.7, 0.3, -0.1)",
PATIENT_DISENGAGED,523853,6/26/2026 1:01:05 PM,656b7e14-f368-4196-b68a-fdb1e1554fc8,2.0,,,,6.14,,,,,,,,,,,,,,,,fast,100,Infinity,normal,Civilian PT 15,upset,supine,"(-14.4, -0.1, -0.3)",fast,"(0.0, 0.8, 0.0, 0.6)",normal,IMMEDIATE,still,,,,,,,,,,,,,,,,,22.03,
PATIENT_ENGAGED,523853,6/26/2026 1:01:05 PM,656b7e14-f368-4196-b68a-fdb1e1554fc8,2.0,,,,0,,,,,,,,,,,,,,,,normal,100,Infinity,normal,Civilian PT 7,agony,recovery,"(-17.6, -0.1, -0.1)",normal,"(0.0, 0.5, 0.0, 0.9)",normal,DELAYED,still,,,,,,,,,,,,,,,,,36.48,
PLAYER_POSITIONS,524088,6/26/2026 1:01:06 PM,656b7e14-f368-4196-b68a-fdb1e1554fc8,2.0,,,,,,,,,,,,,,,,,,,,,,,,,,,,,,,,,,,"(-16.3, 0.4, -0.1)","(-16.4, 1.1, 0.2)","(-16.4, 0.4, 0.1)",
PLAYER_POSITIONS,524088,6/26/2026 1:01:06 PM,656b7e14-f368-4196-b68a-fdb1e1554fc8,2.0,,,,,,,,,,,,,,,,,,,,,,,,,,,,,,,,,,,"(-16.3, 0.4, -0.1)","(-16.4, 1.1, 0.2)","(-16.4, 0.4, 0.1)",
PLAYER_POSITIONS,524611,6/26/2026 1:01:06 PM,656b7e14-f368-4196-b68a-fdb1e1554fc8,2.0,,,,,,,,,,,,,,,,,,,,,,,,,,,,,,,,,,,"(-16.7, 0.4, -0.6)","(-16.8, 1.1, -0.3)","(-16.9, 0.4, -0.4)",
PLAYER_POSITIONS,524611,6/26/2026 1:01:06 PM,656b7e14-f368-4196-b68a-fdb1e1554fc8,2.0,,,,,,,,,,,,,,,,,,,,,,,,,,,,,,,,,,,"(-16.7, 0.4, -0.6)","(-16.8, 1.1, -0.3)","(-16.9, 0.4, -0.4)",
PLAYER_POSITIONS,525120,6/26/2026 1:01:07 PM,656b7e14-f368-4196-b68a-fdb1e1554fc8,2.0,,,,,,,,,,,,,,,,,,,,,,,,,,,,,,,,,,,"(-16.7, 0.5, -0.8)","(-16.8, 1.0, -0.5)","(-16.7, 0.4, -0.5)",
PLAYER_POSITIONS,525120,6/26/2026 1:01:07 PM,656b7e14-f368-4196-b68a-fdb1e1554fc8,2.0,,,,,,,,,,,,,,,,,,,,,,,,,,,,,,,,,,,"(-16.7, 0.5, -0.8)","(-16.8, 1.0, -0.5)","(-16.7, 0.4, -0.5)",
EVAC_RADIO_ALERT,525486,6/26/2026 1:01:07 PM,656b7e14-f368-4196-b68a-fdb1e1554fc8,2.0,,,,,,,,1,
AUDIO_START,525494,6/26/2026 1:01:07 PM,656b7e14-f368-4196-b68a-fdb1e1554fc8,2.0,evac in 2 minutes,5.172245,
PLAYER_POSITIONS,525624,6/26/2026 1:01:07 PM,656b7e14-f368-4196-b68a-fdb1e1554fc8,2.0,,,,,,,,,,,,,,,,,,,,,,,,,,,,,,,,,,,"(-16.7, 0.5, -0.7)","(-16.5, 1.0, -0.7)","(-16.6, 0.4, -0.5)",
PLAYER_POSITIONS,525624,6/26/2026 1:01:07 PM,656b7e14-f368-4196-b68a-fdb1e1554fc8,2.0,,,,,,,,,,,,,,,,,,,,,,,,,,,,,,,,,,,"(-16.7, 0.5, -0.7)","(-16.5, 1.0, -0.7)","(-16.6, 0.4, -0.5)",
PLAYER_POSITIONS,526139,6/26/2026 1:01:08 PM,656b7e14-f368-4196-b68a-fdb1e1554fc8,2.0,,,,,,,,,,,,,,,,,,,,,,,,,,,,,,,,,,,"(-16.7, 0.5, -0.7)","(-16.5, 1.0, -0.6)","(-16.6, 0.3, -0.5)",
PLAYER_POSITIONS,526139,6/26/2026 1:01:08 PM,656b7e14-f368-4196-b68a-fdb1e1554fc8,2.0,,,,,,,,,,,,,,,,,,,,,,,,,,,,,,,,,,,"(-16.7, 0.5, -0.7)","(-16.5, 1.0, -0.6)","(-16.6, 0.3, -0.5)",
PATIENT_DISENGAGED,526559,6/26/2026 1:01:08 PM,656b7e14-f368-4196-b68a-fdb1e1554fc8,2.0,,,,2.71,,,,,,,,,,,,,,,,normal,100,Infinity,normal,Civilian PT 7,agony,recovery,"(-17.6, -0.1, -0.1)",normal,"(0.0, 0.5, 0.0, 0.9)",normal,DELAYED,still,,,,,,,,,,,,,,,,,39.19,
PATIENT_ENGAGED,526559,6/26/2026 1:01:08 PM,656b7e14-f368-4196-b68a-fdb1e1554fc8,2.0,,,,0,,,,,,,,,,,,,,,,fast,100,Infinity,normal,Civilian PT 8,upset,sittingGround,"(-15.8, -0.1, -1.8)",fast,"(0.0, 0.4, 0.0, 0.9)",normal,IMMEDIATE,still,,,,,,,,,,,,,,,,,32.89,
PLAYER_POSITIONS,526651,6/26/2026 1:01:08 PM,656b7e14-f368-4196-b68a-fdb1e1554fc8,2.0,,,,,,,,,,,,,,,,,,,,,,,,,,,,,,,,,,,"(-16.4, 0.6, -0.7)","(-16.2, 1.0, -0.6)","(-16.3, 0.3, -0.4)",
PLAYER_GAZE,526651,6/26/2026 1:01:08 PM,656b7e14-f368-4196-b68a-fdb1e1554fc8,2.0,,,,,,,,,,,,,,,,,,,,,,,,Civilian PT 8,,,,,,,,,"(-0.4, 1.0, 1.3)",,,"(-15.8, 0.0, -1.8)",
PLAYER_POSITIONS,526651,6/26/2026 1:01:08 PM,656b7e14-f368-4196-b68a-fdb1e1554fc8,2.0,,,,,,,,,,,,,,,,,,,,,,,,,,,,,,,,,,,"(-16.4, 0.6, -0.7)","(-16.2, 1.0, -0.6)","(-16.3, 0.3, -0.4)",
PLAYER_GAZE,526651,6/26/2026 1:01:08 PM,656b7e14-f368-4196-b68a-fdb1e1554fc8,2.0,,,,,,,,,,,,,,,,,,,,,,,,Civilian PT 8,,,,,,,,,"(-0.4, 1.0, 1.3)",,,"(-15.8, 0.0, -1.8)",
PLAYER_POSITIONS,527172,6/26/2026 1:01:09 PM,656b7e14-f368-4196-b68a-fdb1e1554fc8,2.0,,,,,,,,,,,,,,,,,,,,,,,,,,,,,,,,,,,"(-15.7, 0.6, -1.4)","(-15.6, 1.0, -1.2)","(-15.9, 0.4, -1.2)",
PLAYER_POSITIONS,527172,6/26/2026 1:01:09 PM,656b7e14-f368-4196-b68a-fdb1e1554fc8,2.0,,,,,,,,,,,,,,,,,,,,,,,,,,,,,,,,,,,"(-15.7, 0.6, -1.4)","(-15.6, 1.0, -1.2)","(-15.9, 0.4, -1.2)",
PLAYER_POSITIONS,527679,6/26/2026 1:01:09 PM,656b7e14-f368-4196-b68a-fdb1e1554fc8,2.0,,,,,,,,,,,,,,,,,,,,,,,,,,,,,,,,,,,"(-15.6, 0.6, -1.7)","(-15.6, 0.9, -1.5)","(-15.9, 0.5, -1.6)",
PLAYER_GAZE,527679,6/26/2026 1:01:09 PM,656b7e14-f368-4196-b68a-fdb1e1554fc8,2.0,,,,,,,,,,,,,,,,,,,,,,,,Civilian PT 8,,,,,,,,,"(0.2, 0.9, 0.4)",,,"(-15.8, 0.0, -1.8)",
PLAYER_POSITIONS,527679,6/26/2026 1:01:09 PM,656b7e14-f368-4196-b68a-fdb1e1554fc8,2.0,,,,,,,,,,,,,,,,,,,,,,,,,,,,,,,,,,,"(-15.6, 0.6, -1.7)","(-15.6, 0.9, -1.5)","(-15.9, 0.5, -1.6)",
PLAYER_GAZE,527679,6/26/2026 1:01:09 PM,656b7e14-f368-4196-b68a-fdb1e1554fc8,2.0,,,,,,,,,,,,,,,,,,,,,,,,Civilian PT 8,,,,,,,,,"(0.2, 0.9, 0.4)",,,"(-15.8, 0.0, -1.8)",
PLAYER_POSITIONS,528201,6/26/2026 1:01:10 PM,656b7e14-f368-4196-b68a-fdb1e1554fc8,2.0,,,,,,,,,,,,,,,,,,,,,,,,,,,,,,,,,,,"(-15.5, 0.6, -1.9)","(-15.5, 0.9, -1.6)","(-15.7, 0.6, -1.8)",
PLAYER_GAZE,528201,6/26/2026 1:01:10 PM,656b7e14-f368-4196-b68a-fdb1e1554fc8,2.0,,,,,,,,,,,,,,,,,,,,,,,,Civilian PT 8,,,,,,,,,"(0.3, 0.9, 0.2)",,,"(-15.8, 0.0, -1.8)",
PLAYER_POSITIONS,528201,6/26/2026 1:01:10 PM,656b7e14-f368-4196-b68a-fdb1e1554fc8,2.0,,,,,,,,,,,,,,,,,,,,,,,,,,,,,,,,,,,"(-15.5, 0.6, -1.9)","(-15.5, 0.9, -1.6)","(-15.7, 0.6, -1.8)",
PLAYER_GAZE,528201,6/26/2026 1:01:10 PM,656b7e14-f368-4196-b68a-fdb1e1554fc8,2.0,,,,,,,,,,,,,,,,,,,,,,,,Civilian PT 8,,,,,,,,,"(0.3, 0.9, 0.2)",,,"(-15.8, 0.0, -1.8)",
PLAYER_POSITIONS,528724,6/26/2026 1:01:10 PM,656b7e14-f368-4196-b68a-fdb1e1554fc8,2.0,,,,,,,,,,,,,,,,,,,,,,,,,,,,,,,,,,,"(-15.5, 0.6, -1.9)","(-15.5, 0.9, -1.6)","(-16.0, 0.3, -1.6)",
PLAYER_GAZE,528724,6/26/2026 1:01:10 PM,656b7e14-f368-4196-b68a-fdb1e1554fc8,2.0,,,,,,,,,,,,,,,,,,,,,,,,Civilian PT 8,,,,,,,,,"(0.2, 0.9, 0.2)",,,"(-15.8, 0.0, -1.8)",
PLAYER_POSITIONS,528724,6/26/2026 1:01:10 PM,656b7e14-f368-4196-b68a-fdb1e1554fc8,2.0,,,,,,,,,,,,,,,,,,,,,,,,,,,,,,,,,,,"(-15.5, 0.6, -1.9)","(-15.5, 0.9, -1.6)","(-16.0, 0.3, -1.6)",
PLAYER_GAZE,528724,6/26/2026 1:01:10 PM,656b7e14-f368-4196-b68a-fdb1e1554fc8,2.0,,,,,,,,,,,,,,,,,,,,,,,,Civilian PT 8,,,,,,,,,"(0.2, 0.9, 0.2)",,,"(-15.8, 0.0, -1.8)",
PLAYER_POSITIONS,529234,6/26/2026 1:01:11 PM,656b7e14-f368-4196-b68a-fdb1e1554fc8,2.0,,,,,,,,,,,,,,,,,,,,,,,,,,,,,,,,,,,"(-15.5, 0.5, -1.8)","(-15.6, 1.0, -1.5)","(-16.2, 0.5, -1.5)",
PLAYER_POSITIONS,529234,6/26/2026 1:01:11 PM,656b7e14-f368-4196-b68a-fdb1e1554fc8,2.0,,,,,,,,,,,,,,,,,,,,,,,,,,,,,,,,,,,"(-15.5, 0.5, -1.8)","(-15.6, 1.0, -1.5)","(-16.2, 0.5, -1.5)",
TOOL_HOVER,529277,6/26/2026 1:01:11 PM,656b7e14-f368-4196-b68a-fdb1e1554fc8,2.0,,,,,,,,,,,,,,,,,,,,,,,,,,,,,,,,,,,,,,,,,,,,,,996,,Decompression Needle,
TOOL_HOVER,529498,6/26/2026 1:01:11 PM,656b7e14-f368-4196-b68a-fdb1e1554fc8,2.0,,,,,,,,,,,,,,,,,,,,,,,,,,,,,,,,,,,,,,,,,,,,,,993,,Fentanyl Lollipop,
TOOL_HOVER,529687,6/26/2026 1:01:11 PM,656b7e14-f368-4196-b68a-fdb1e1554fc8,2.0,,,,,,,,,,,,,,,,,,,,,,,,,,,,,,,,,,,,,,,,,,,,,,996,,Decompression Needle,
PLAYER_POSITIONS,529735,6/26/2026 1:01:11 PM,656b7e14-f368-4196-b68a-fdb1e1554fc8,2.0,,,,,,,,,,,,,,,,,,,,,,,,,,,,,,,,,,,"(-15.5, 0.6, -1.8)","(-15.6, 1.0, -1.5)","(-16.2, 0.6, -1.5)",
PLAYER_POSITIONS,529735,6/26/2026 1:01:11 PM,656b7e14-f368-4196-b68a-fdb1e1554fc8,2.0,,,,,,,,,,,,,,,,,,,,,,,,,,,,,,,,,,,"(-15.5, 0.6, -1.8)","(-15.6, 1.0, -1.5)","(-16.2, 0.6, -1.5)",
TOOL_SELECTED,529821,6/26/2026 1:01:11 PM,656b7e14-f368-4196-b68a-fdb1e1554fc8,2.0,,,,,,,,,,,,,,,,,,,,,,,,,,,,,,,,,,,,,,,,,,,,,,995,,Decompression Needle,
PLAYER_POSITIONS,530242,6/26/2026 1:01:12 PM,656b7e14-f368-4196-b68a-fdb1e1554fc8,2.0,,,,,,,,,,,,,,,,,,,,,,,,,,,,,,,,,,,"(-15.5, 0.6, -1.8)","(-15.6, 0.9, -1.5)","(-16.2, 0.6, -1.6)",
PLAYER_POSITIONS,530242,6/26/2026 1:01:12 PM,656b7e14-f368-4196-b68a-fdb1e1554fc8,2.0,,,,,,,,,,,,,,,,,,,,,,,,,,,,,,,,,,,"(-15.5, 0.6, -1.8)","(-15.6, 0.9, -1.5)","(-16.2, 0.6, -1.6)",
AUDIO_END,530664,6/26/2026 1:01:12 PM,656b7e14-f368-4196-b68a-fdb1e1554fc8,2.0,evac in 2 minutes,5.172245,
PLAYER_POSITIONS,530753,6/26/2026 1:01:12 PM,656b7e14-f368-4196-b68a-fdb1e1554fc8,2.0,,,,,,,,,,,,,,,,,,,,,,,,,,,,,,,,,,,"(-15.5, 0.6, -1.8)","(-15.6, 0.9, -1.5)","(-16.1, 0.6, -1.6)",
PLAYER_POSITIONS,530753,6/26/2026 1:01:12 PM,656b7e14-f368-4196-b68a-fdb1e1554fc8,2.0,,,,,,,,,,,,,,,,,,,,,,,,,,,,,,,,,,,"(-15.5, 0.6, -1.8)","(-15.6, 0.9, -1.5)","(-16.1, 0.6, -1.6)",
AUDIO_START,530824,6/26/2026 1:01:12 PM,656b7e14-f368-4196-b68a-fdb1e1554fc8,2.0,copy bravo artillery in 5,3.526531,
PLAYER_POSITIONS,531265,6/26/2026 1:01:13 PM,656b7e14-f368-4196-b68a-fdb1e1554fc8,2.0,,,,,,,,,,,,,,,,,,,,,,,,,,,,,,,,,,,"(-15.5, 0.6, -1.8)","(-15.6, 0.9, -1.6)","(-16.1, 0.5, -1.5)",
PLAYER_POSITIONS,531265,6/26/2026 1:01:13 PM,656b7e14-f368-4196-b68a-fdb1e1554fc8,2.0,,,,,,,,,,,,,,,,,,,,,,,,,,,,,,,,,,,"(-15.5, 0.6, -1.8)","(-15.6, 0.9, -1.6)","(-16.1, 0.5, -1.5)",
TOOL_DISCARDED,531281,6/26/2026 1:01:13 PM,656b7e14-f368-4196-b68a-fdb1e1554fc8,2.0,,,,,,,,,,,,,,,,,,,,,,,,Civilian PT 8,,,,,,,,,,,,"(0.0, 0.0, 0.0)",,,,,,,,,,995,,Decompression Needle,
TOOL_HOVER,531484,6/26/2026 1:01:13 PM,656b7e14-f368-4196-b68a-fdb1e1554fc8,2.0,,,,,,,,,,,,,,,,,,,,,,,,,,,,,,,,,,,,,,,,,,,,,,996,,Decompression Needle,
PLAYER_POSITIONS,531764,6/26/2026 1:01:13 PM,656b7e14-f368-4196-b68a-fdb1e1554fc8,2.0,,,,,,,,,,,,,,,,,,,,,,,,,,,,,,,,,,,"(-15.6, 0.6, -1.8)","(-15.6, 0.9, -1.5)","(-16.2, 0.6, -1.4)",
PLAYER_POSITIONS,531764,6/26/2026 1:01:13 PM,656b7e14-f368-4196-b68a-fdb1e1554fc8,2.0,,,,,,,,,,,,,,,,,,,,,,,,,,,,,,,,,,,"(-15.6, 0.6, -1.8)","(-15.6, 0.9, -1.5)","(-16.2, 0.6, -1.4)",
TOOL_HOVER,531872,6/26/2026 1:01:14 PM,656b7e14-f368-4196-b68a-fdb1e1554fc8,2.0,,,,,,,,,,,,,,,,,,,,,,,,,,,,,,,,,,,,,,,,,,,,,,993,,Fentanyl Lollipop,
TOOL_SELECTED,532195,6/26/2026 1:01:14 PM,656b7e14-f368-4196-b68a-fdb1e1554fc8,2.0,,,,,,,,,,,,,,,,,,,,,,,,,,,,,,,,,,,,,,,,,,,,,,992,,Fentanyl Lollipop,
PLAYER_POSITIONS,532286,6/26/2026 1:01:14 PM,656b7e14-f368-4196-b68a-fdb1e1554fc8,2.0,,,,,,,,,,,,,,,,,,,,,,,,,,,,,,,,,,,"(-15.6, 0.6, -1.8)","(-15.6, 0.9, -1.5)","(-16.2, 0.7, -1.5)",
PLAYER_POSITIONS,532286,6/26/2026 1:01:14 PM,656b7e14-f368-4196-b68a-fdb1e1554fc8,2.0,,,,,,,,,,,,,,,,,,,,,,,,,,,,,,,,,,,"(-15.6, 0.6, -1.8)","(-15.6, 0.9, -1.5)","(-16.2, 0.7, -1.5)",
PLAYER_POSITIONS,532809,6/26/2026 1:01:14 PM,656b7e14-f368-4196-b68a-fdb1e1554fc8,2.0,,,,,,,,,,,,,,,,,,,,,,,,,,,,,,,,,,,"(-15.6, 0.6, -1.8)","(-15.5, 1.0, -1.6)","(-15.9, 0.5, -1.9)",
PLAYER_GAZE,532809,6/26/2026 1:01:14 PM,656b7e14-f368-4196-b68a-fdb1e1554fc8,2.0,,,,,,,,,,,,,,,,,,,,,,,,Civilian PT 8,,,,,,,,,"(0.3, 1.0, 0.2)",,,"(-15.8, 0.0, -1.8)",
PLAYER_POSITIONS,532809,6/26/2026 1:01:14 PM,656b7e14-f368-4196-b68a-fdb1e1554fc8,2.0,,,,,,,,,,,,,,,,,,,,,,,,,,,,,,,,,,,"(-15.6, 0.6, -1.8)","(-15.5, 1.0, -1.6)","(-15.9, 0.5, -1.9)",
PLAYER_GAZE,532809,6/26/2026 1:01:14 PM,656b7e14-f368-4196-b68a-fdb1e1554fc8,2.0,,,,,,,,,,,,,,,,,,,,,,,,Civilian PT 8,,,,,,,,,"(0.3, 1.0, 0.2)",,,"(-15.8, 0.0, -1.8)",
PLAYER_POSITIONS,533313,6/26/2026 1:01:15 PM,656b7e14-f368-4196-b68a-fdb1e1554fc8,2.0,,,,,,,,,,,,,,,,,,,,,,,,,,,,,,,,,,,"(-15.5, 0.6, -1.8)","(-15.5, 0.9, -1.7)","(-15.8, 0.6, -2.1)",
PLAYER_GAZE,533313,6/26/2026 1:01:15 PM,656b7e14-f368-4196-b68a-fdb1e1554fc8,2.0,,,,,,,,,,,,,,,,,,,,,,,,Civilian PT 8,,,,,,,,,"(0.3, 0.9, 0.2)",,,"(-15.8, 0.0, -1.8)",
PLAYER_POSITIONS,533313,6/26/2026 1:01:15 PM,656b7e14-f368-4196-b68a-fdb1e1554fc8,2.0,,,,,,,,,,,,,,,,,,,,,,,,,,,,,,,,,,,"(-15.5, 0.6, -1.8)","(-15.5, 0.9, -1.7)","(-15.8, 0.6, -2.1)",
PLAYER_GAZE,533313,6/26/2026 1:01:15 PM,656b7e14-f368-4196-b68a-fdb1e1554fc8,2.0,,,,,,,,,,,,,,,,,,,,,,,,Civilian PT 8,,,,,,,,,"(0.3, 0.9, 0.2)",,,"(-15.8, 0.0, -1.8)",
INJURY_TREATED,533563,6/26/2026 1:01:15 PM,656b7e14-f368-4196-b68a-fdb1e1554fc8,2.0,,,,,,,,,head,Unspecified,"(0.0, 0.0, 0.0)",none,1,1,none,True,False,,,,,,,Civilian PT 8,
TOOL_APPLIED,533564,6/26/2026 1:01:15 PM,656b7e14-f368-4196-b68a-fdb1e1554fc8,2.0,,,,,,,,,,,,,,,,,,,,,,,,Civilian PT 8,,,,,,,,,,,,,,,,,,,,AppliedLollipop,Jaw (UnityEngine.GameObject),,Fentanyl Lollipop(Clone) (UnityEngine.GameObject),Fentanyl Lollipop,
PLAYER_POSITIONS,533829,6/26/2026 1:01:15 PM,656b7e14-f368-4196-b68a-fdb1e1554fc8,2.0,,,,,,,,,,,,,,,,,,,,,,,,,,,,,,,,,,,"(-15.5, 0.6, -1.8)","(-15.5, 0.9, -1.7)","(-15.8, 0.5, -2.1)",
PLAYER_GAZE,533829,6/26/2026 1:01:15 PM,656b7e14-f368-4196-b68a-fdb1e1554fc8,2.0,,,,,,,,,,,,,,,,,,,,,,,,Civilian PT 8,,,,,,,,,"(0.3, 0.9, 0.2)",,,"(-15.8, 0.0, -1.8)",
PLAYER_POSITIONS,533829,6/26/2026 1:01:15 PM,656b7e14-f368-4196-b68a-fdb1e1554fc8,2.0,,,,,,,,,,,,,,,,,,,,,,,,,,,,,,,,,,,"(-15.5, 0.6, -1.8)","(-15.5, 0.9, -1.7)","(-15.8, 0.5, -2.1)",
PLAYER_GAZE,533829,6/26/2026 1:01:15 PM,656b7e14-f368-4196-b68a-fdb1e1554fc8,2.0,,,,,,,,,,,,,,,,,,,,,,,,Civilian PT 8,,,,,,,,,"(0.3, 0.9, 0.2)",,,"(-15.8, 0.0, -1.8)",
BAG_CLOSED,534005,6/26/2026 1:01:16 PM,656b7e14-f368-4196-b68a-fdb1e1554fc8,2.0,,,,,,,,,,,,,,,,,,,,,,,,,,,,,,,,,,,,"(0.0, 0.0, 0.0)",
PLAYER_POSITIONS,534332,6/26/2026 1:01:16 PM,656b7e14-f368-4196-b68a-fdb1e1554fc8,2.0,,,,,,,,,,,,,,,,,,,,,,,,,,,,,,,,,,,"(-15.4, 0.6, -1.7)","(-15.2, 1.0, -1.5)","(-15.3, 0.2, -1.3)",
PLAYER_POSITIONS,534332,6/26/2026 1:01:16 PM,656b7e14-f368-4196-b68a-fdb1e1554fc8,2.0,,,,,,,,,,,,,,,,,,,,,,,,,,,,,,,,,,,"(-15.4, 0.6, -1.7)","(-15.2, 1.0, -1.5)","(-15.3, 0.2, -1.3)",
AUDIO_END,534353,6/26/2026 1:01:16 PM,656b7e14-f368-4196-b68a-fdb1e1554fc8,2.0,copy bravo artillery in 5,3.526531,
NARRATIVE_SECTION_END,534353,6/26/2026 1:01:16 PM,656b7e14-f368-4196-b68a-fdb1e1554fc8,2.0,,,,,,,,,,,,,,,,,,Copy bravo artillery in 5,60,
NARRATIVE_SECTION_START,534393,6/26/2026 1:01:16 PM,656b7e14-f368-4196-b68a-fdb1e1554fc8,2.0,,,,,,,,,,,,,,,,,,Artillery strike,61,
PLAYER_POSITIONS,534847,6/26/2026 1:01:16 PM,656b7e14-f368-4196-b68a-fdb1e1554fc8,2.0,,,,,,,,,,,,,,,,,,,,,,,,,,,,,,,,,,,"(-14.7, 0.6, -1.5)","(-14.4, 1.0, -1.3)","(-14.6, 0.2, -1.2)",
PLAYER_POSITIONS,534847,6/26/2026 1:01:16 PM,656b7e14-f368-4196-b68a-fdb1e1554fc8,2.0,,,,,,,,,,,,,,,,,,,,,,,,,,,,,,,,,,,"(-14.7, 0.6, -1.5)","(-14.4, 1.0, -1.3)","(-14.6, 0.2, -1.2)",
PATIENT_DISENGAGED,535022,6/26/2026 1:01:17 PM,656b7e14-f368-4196-b68a-fdb1e1554fc8,2.0,,,,8.44,,,,,,,,,,,,,,,,fast,100,Infinity,normal,Civilian PT 8,upset,sittingGround,"(-15.8, -0.1, -1.8)",fast,"(0.0, 0.4, 0.0, 0.9)",normal,IMMEDIATE,still,,,,,,,,,,,,,,,,,41.33,
PATIENT_ENGAGED,535022,6/26/2026 1:01:17 PM,656b7e14-f368-4196-b68a-fdb1e1554fc8,2.0,,,,0,,,,,,,,,,,,,,,,normal,100,Infinity,normal,Military PT 9,unresponsive,supine,"(-12.7, -0.1, -1.8)",faint,"(0.0, -0.7, 0.0, 0.7)",normal,EXPECTANT,still,,,,,,,,,,,,,,,,,22.18,
PLAYER_POSITIONS,535357,6/26/2026 1:01:17 PM,656b7e14-f368-4196-b68a-fdb1e1554fc8,2.0,,,,,,,,,,,,,,,,,,,,,,,,,,,,,,,,,,,"(-13.9, 0.6, -1.6)","(-13.6, 1.0, -1.4)","(-13.8, 0.2, -1.3)",
PLAYER_GAZE,535358,6/26/2026 1:01:17 PM,656b7e14-f368-4196-b68a-fdb1e1554fc8,2.0,,,,,,,,,,,,,,,,,,,,,,,,Military PT 9,,,,,,,,,"(-0.9, 1.0, 0.5)",,,"(-12.7, 0.0, -1.8)",
PLAYER_POSITIONS,535357,6/26/2026 1:01:17 PM,656b7e14-f368-4196-b68a-fdb1e1554fc8,2.0,,,,,,,,,,,,,,,,,,,,,,,,,,,,,,,,,,,"(-13.9, 0.6, -1.6)","(-13.6, 1.0, -1.4)","(-13.8, 0.2, -1.3)",
PLAYER_GAZE,535358,6/26/2026 1:01:17 PM,656b7e14-f368-4196-b68a-fdb1e1554fc8,2.0,,,,,,,,,,,,,,,,,,,,,,,,Military PT 9,,,,,,,,,"(-0.9, 1.0, 0.5)",,,"(-12.7, 0.0, -1.8)",
PLAYER_POSITIONS,535869,6/26/2026 1:01:17 PM,656b7e14-f368-4196-b68a-fdb1e1554fc8,2.0,,,,,,,,,,,,,,,,,,,,,,,,,,,,,,,,,,,"(-13.7, 0.6, -2.1)","(-13.4, 0.9, -1.9)","(-13.6, 0.2, -1.8)",
PLAYER_POSITIONS,535869,6/26/2026 1:01:17 PM,656b7e14-f368-4196-b68a-fdb1e1554fc8,2.0,,,,,,,,,,,,,,,,,,,,,,,,,,,,,,,,,,,"(-13.7, 0.6, -2.1)","(-13.4, 0.9, -1.9)","(-13.6, 0.2, -1.8)",
PLAYER_POSITIONS,536400,6/26/2026 1:01:18 PM,656b7e14-f368-4196-b68a-fdb1e1554fc8,2.0,,,,,,,,,,,,,,,,,,,,,,,,,,,,,,,,,,,"(-13.2, 0.6, -2.5)","(-12.9, 0.9, -2.3)","(-13.2, 0.2, -2.2)",
PLAYER_POSITIONS,536400,6/26/2026 1:01:18 PM,656b7e14-f368-4196-b68a-fdb1e1554fc8,2.0,,,,,,,,,,,,,,,,,,,,,,,,,,,,,,,,,,,"(-13.2, 0.6, -2.5)","(-12.9, 0.9, -2.3)","(-13.2, 0.2, -2.2)",
PLAYER_POSITIONS,536910,6/26/2026 1:01:19 PM,656b7e14-f368-4196-b68a-fdb1e1554fc8,2.0,,,,,,,,,,,,,,,,,,,,,,,,,,,,,,,,,,,"(-12.9, 0.5, -2.8)","(-12.7, 0.9, -2.4)","(-12.8, 0.2, -2.6)",
PLAYER_POSITIONS,536910,6/26/2026 1:01:19 PM,656b7e14-f368-4196-b68a-fdb1e1554fc8,2.0,,,,,,,,,,,,,,,,,,,,,,,,,,,,,,,,,,,"(-12.9, 0.5, -2.8)","(-12.7, 0.9, -2.4)","(-12.8, 0.2, -2.6)",
AUDIO_START,537386,6/26/2026 1:01:19 PM,656b7e14-f368-4196-b68a-fdb1e1554fc8,2.0,artillery strike,8.328,
PLAYER_POSITIONS,537421,6/26/2026 1:01:19 PM,656b7e14-f368-4196-b68a-fdb1e1554fc8,2.0,,,,,,,,,,,,,,,,,,,,,,,,,,,,,,,,,,,"(-12.8, 0.5, -2.7)","(-12.7, 0.9, -2.4)","(-12.8, 0.2, -2.5)",
PLAYER_POSITIONS,537421,6/26/2026 1:01:19 PM,656b7e14-f368-4196-b68a-fdb1e1554fc8,2.0,,,,,,,,,,,,,,,,,,,,,,,,,,,,,,,,,,,"(-12.8, 0.5, -2.7)","(-12.7, 0.9, -2.4)","(-12.8, 0.2, -2.5)",
PLAYER_POSITIONS,537929,6/26/2026 1:01:20 PM,656b7e14-f368-4196-b68a-fdb1e1554fc8,2.0,,,,,,,,,,,,,,,,,,,,,,,,,,,,,,,,,,,"(-12.7, 0.5, -2.8)","(-12.6, 0.9, -2.5)","(-12.7, 0.2, -2.6)",
PLAYER_POSITIONS,537929,6/26/2026 1:01:20 PM,656b7e14-f368-4196-b68a-fdb1e1554fc8,2.0,,,,,,,,,,,,,,,,,,,,,,,,,,,,,,,,,,,"(-12.7, 0.5, -2.8)","(-12.6, 0.9, -2.5)","(-12.7, 0.2, -2.6)",
PLAYER_POSITIONS,538431,6/26/2026 1:01:20 PM,656b7e14-f368-4196-b68a-fdb1e1554fc8,2.0,,,,,,,,,,,,,,,,,,,,,,,,,,,,,,,,,,,"(-12.6, 0.6, -3.0)","(-12.5, 0.9, -2.6)","(-12.6, 0.2, -2.8)",
PLAYER_POSITIONS,538431,6/26/2026 1:01:20 PM,656b7e14-f368-4196-b68a-fdb1e1554fc8,2.0,,,,,,,,,,,,,,,,,,,,,,,,,,,,,,,,,,,"(-12.6, 0.6, -3.0)","(-12.5, 0.9, -2.6)","(-12.6, 0.2, -2.8)",
PLAYER_POSITIONS,538942,6/26/2026 1:01:21 PM,656b7e14-f368-4196-b68a-fdb1e1554fc8,2.0,,,,,,,,,,,,,,,,,,,,,,,,,,,,,,,,,,,"(-12.6, 0.6, -3.0)","(-12.5, 0.9, -2.6)","(-12.6, 0.2, -2.8)",
PLAYER_POSITIONS,538942,6/26/2026 1:01:21 PM,656b7e14-f368-4196-b68a-fdb1e1554fc8,2.0,,,,,,,,,,,,,,,,,,,,,,,,,,,,,,,,,,,"(-12.6, 0.6, -3.0)","(-12.5, 0.9, -2.6)","(-12.6, 0.2, -2.8)",
PLAYER_POSITIONS,539442,6/26/2026 1:01:21 PM,656b7e14-f368-4196-b68a-fdb1e1554fc8,2.0,,,,,,,,,,,,,,,,,,,,,,,,,,,,,,,,,,,"(-12.6, 0.5, -3.0)","(-12.5, 0.9, -2.6)","(-12.6, 0.2, -2.8)",
PLAYER_POSITIONS,539442,6/26/2026 1:01:21 PM,656b7e14-f368-4196-b68a-fdb1e1554fc8,2.0,,,,,,,,,,,,,,,,,,,,,,,,,,,,,,,,,,,"(-12.6, 0.5, -3.0)","(-12.5, 0.9, -2.6)","(-12.6, 0.2, -2.8)",
PLAYER_POSITIONS,539942,6/26/2026 1:01:22 PM,656b7e14-f368-4196-b68a-fdb1e1554fc8,2.0,,,,,,,,,,,,,,,,,,,,,,,,,,,,,,,,,,,"(-12.6, 0.5, -3.0)","(-12.5, 0.9, -2.6)","(-12.6, 0.2, -2.8)",
PLAYER_POSITIONS,539942,6/26/2026 1:01:22 PM,656b7e14-f368-4196-b68a-fdb1e1554fc8,2.0,,,,,,,,,,,,,,,,,,,,,,,,,,,,,,,,,,,"(-12.6, 0.5, -3.0)","(-12.5, 0.9, -2.6)","(-12.6, 0.2, -2.8)",
PLAYER_POSITIONS,540444,6/26/2026 1:01:22 PM,656b7e14-f368-4196-b68a-fdb1e1554fc8,2.0,,,,,,,,,,,,,,,,,,,,,,,,,,,,,,,,,,,"(-12.6, 0.6, -3.0)","(-12.5, 0.9, -2.6)","(-12.5, 0.2, -2.8)",
PLAYER_POSITIONS,540444,6/26/2026 1:01:22 PM,656b7e14-f368-4196-b68a-fdb1e1554fc8,2.0,,,,,,,,,,,,,,,,,,,,,,,,,,,,,,,,,,,"(-12.6, 0.6, -3.0)","(-12.5, 0.9, -2.6)","(-12.5, 0.2, -2.8)",
PLAYER_POSITIONS,540975,6/26/2026 1:01:23 PM,656b7e14-f368-4196-b68a-fdb1e1554fc8,2.0,,,,,,,,,,,,,,,,,,,,,,,,,,,,,,,,,,,"(-12.5, 0.6, -3.0)","(-12.4, 0.9, -2.6)","(-12.5, 0.2, -2.8)",
PLAYER_POSITIONS,540975,6/26/2026 1:01:23 PM,656b7e14-f368-4196-b68a-fdb1e1554fc8,2.0,,,,,,,,,,,,,,,,,,,,,,,,,,,,,,,,,,,"(-12.5, 0.6, -3.0)","(-12.4, 0.9, -2.6)","(-12.5, 0.2, -2.8)",
PLAYER_POSITIONS,541494,6/26/2026 1:01:23 PM,656b7e14-f368-4196-b68a-fdb1e1554fc8,2.0,,,,,,,,,,,,,,,,,,,,,,,,,,,,,,,,,,,"(-12.5, 0.5, -3.0)","(-12.4, 0.9, -2.6)","(-12.5, 0.2, -2.8)",
PLAYER_POSITIONS,541494,6/26/2026 1:01:23 PM,656b7e14-f368-4196-b68a-fdb1e1554fc8,2.0,,,,,,,,,,,,,,,,,,,,,,,,,,,,,,,,,,,"(-12.5, 0.5, -3.0)","(-12.4, 0.9, -2.6)","(-12.5, 0.2, -2.8)",
DRAG_STOP,541972,6/26/2026 1:01:24 PM,656b7e14-f368-4196-b68a-fdb1e1554fc8,2.0,,,,,"(-14.3, 0.0, 1.6)","(-14.3, 0.0, 1.6)",,,,,,,,,,,,,,,,,,Military PT 9,
PLAYER_POSITIONS,542005,6/26/2026 1:01:24 PM,656b7e14-f368-4196-b68a-fdb1e1554fc8,2.0,,,,,,,,,,,,,,,,,,,,,,,,,,,,,,,,,,,"(-12.6, 0.1, -2.4)","(-12.4, 0.8, -2.6)","(-12.6, 0.1, -2.8)",
PLAYER_POSITIONS,542005,6/26/2026 1:01:24 PM,656b7e14-f368-4196-b68a-fdb1e1554fc8,2.0,,,,,,,,,,,,,,,,,,,,,,,,,,,,,,,,,,,"(-12.6, 0.1, -2.4)","(-12.4, 0.8, -2.6)","(-12.6, 0.1, -2.8)",
PULSE_TAKEN,542105,6/26/2026 1:01:24 PM,656b7e14-f368-4196-b68a-fdb1e1554fc8,2.0,,,,,,,,,,,,,,,,,,,,,,,,Military PT 9,,,,pulse_faint,
PLAYER_POSITIONS,542521,6/26/2026 1:01:24 PM,656b7e14-f368-4196-b68a-fdb1e1554fc8,2.0,,,,,,,,,,,,,,,,,,,,,,,,,,,,,,,,,,,"(-12.6, 0.0, -2.4)","(-12.4, 0.8, -2.5)","(-12.6, 0.1, -2.8)",
PLAYER_POSITIONS,542521,6/26/2026 1:01:24 PM,656b7e14-f368-4196-b68a-fdb1e1554fc8,2.0,,,,,,,,,,,,,,,,,,,,,,,,,,,,,,,,,,,"(-12.6, 0.0, -2.4)","(-12.4, 0.8, -2.5)","(-12.6, 0.1, -2.8)",
PLAYER_POSITIONS,543032,6/26/2026 1:01:25 PM,656b7e14-f368-4196-b68a-fdb1e1554fc8,2.0,,,,,,,,,,,,,,,,,,,,,,,,,,,,,,,,,,,"(-12.6, 0.0, -2.4)","(-12.4, 0.8, -2.6)","(-12.6, 0.1, -2.8)",
PLAYER_POSITIONS,543032,6/26/2026 1:01:25 PM,656b7e14-f368-4196-b68a-fdb1e1554fc8,2.0,,,,,,,,,,,,,,,,,,,,,,,,,,,,,,,,,,,"(-12.6, 0.0, -2.4)","(-12.4, 0.8, -2.6)","(-12.6, 0.1, -2.8)",
PLAYER_POSITIONS,543557,6/26/2026 1:01:25 PM,656b7e14-f368-4196-b68a-fdb1e1554fc8,2.0,,,,,,,,,,,,,,,,,,,,,,,,,,,,,,,,,,,"(-12.6, 0.0, -2.4)","(-12.4, 0.8, -2.6)","(-12.6, 0.1, -2.7)",
PLAYER_POSITIONS,543557,6/26/2026 1:01:25 PM,656b7e14-f368-4196-b68a-fdb1e1554fc8,2.0,,,,,,,,,,,,,,,,,,,,,,,,,,,,,,,,,,,"(-12.6, 0.0, -2.4)","(-12.4, 0.8, -2.6)","(-12.6, 0.1, -2.7)",
PLAYER_POSITIONS,544079,6/26/2026 1:01:26 PM,656b7e14-f368-4196-b68a-fdb1e1554fc8,2.0,,,,,,,,,,,,,,,,,,,,,,,,,,,,,,,,,,,"(-12.6, 0.0, -2.4)","(-12.4, 0.8, -2.6)","(-12.6, 0.2, -2.7)",
PLAYER_POSITIONS,544079,6/26/2026 1:01:26 PM,656b7e14-f368-4196-b68a-fdb1e1554fc8,2.0,,,,,,,,,,,,,,,,,,,,,,,,,,,,,,,,,,,"(-12.6, 0.0, -2.4)","(-12.4, 0.8, -2.6)","(-12.6, 0.2, -2.7)",
PLAYER_POSITIONS,544601,6/26/2026 1:01:26 PM,656b7e14-f368-4196-b68a-fdb1e1554fc8,2.0,,,,,,,,,,,,,,,,,,,,,,,,,,,,,,,,,,,"(-12.6, 0.0, -2.4)","(-12.4, 0.8, -2.6)","(-12.6, 0.2, -2.8)",
PLAYER_POSITIONS,544601,6/26/2026 1:01:26 PM,656b7e14-f368-4196-b68a-fdb1e1554fc8,2.0,,,,,,,,,,,,,,,,,,,,,,,,,,,,,,,,,,,"(-12.6, 0.0, -2.4)","(-12.4, 0.8, -2.6)","(-12.6, 0.2, -2.8)",
PLAYER_POSITIONS,545102,6/26/2026 1:01:27 PM,656b7e14-f368-4196-b68a-fdb1e1554fc8,2.0,,,,,,,,,,,,,,,,,,,,,,,,,,,,,,,,,,,"(-12.4, 0.3, -2.6)","(-12.4, 0.8, -2.7)","(-12.6, 0.1, -2.8)",
PLAYER_POSITIONS,545102,6/26/2026 1:01:27 PM,656b7e14-f368-4196-b68a-fdb1e1554fc8,2.0,,,,,,,,,,,,,,,,,,,,,,,,,,,,,,,,,,,"(-12.4, 0.3, -2.6)","(-12.4, 0.8, -2.7)","(-12.6, 0.1, -2.8)",
PLAYER_POSITIONS,545614,6/26/2026 1:01:27 PM,656b7e14-f368-4196-b68a-fdb1e1554fc8,2.0,,,,,,,,,,,,,,,,,,,,,,,,,,,,,,,,,,,"(-12.3, 0.6, -2.8)","(-12.4, 0.8, -2.7)","(-12.4, 0.3, -2.8)",
PLAYER_POSITIONS,545614,6/26/2026 1:01:27 PM,656b7e14-f368-4196-b68a-fdb1e1554fc8,2.0,,,,,,,,,,,,,,,,,,,,,,,,,,,,,,,,,,,"(-12.3, 0.6, -2.8)","(-12.4, 0.8, -2.7)","(-12.4, 0.3, -2.8)",
AUDIO_END,545727,6/26/2026 1:01:27 PM,656b7e14-f368-4196-b68a-fdb1e1554fc8,2.0,artillery strike,8.328,
NARRATIVE_SECTION_END,545727,6/26/2026 1:01:27 PM,656b7e14-f368-4196-b68a-fdb1e1554fc8,2.0,,,,,,,,,,,,,,,,,,Artillery strike,61,
NARRATIVE_SECTION_START,545743,6/26/2026 1:01:27 PM,656b7e14-f368-4196-b68a-fdb1e1554fc8,2.0,,,,,,,,,,,,,,,,,,Echo Overrun,62,
PLAYER_POSITIONS,546125,6/26/2026 1:01:28 PM,656b7e14-f368-4196-b68a-fdb1e1554fc8,2.0,,,,,,,,,,,,,,,,,,,,,,,,,,,,,,,,,,,"(-12.3, 0.4, -3.0)","(-12.5, 0.8, -2.8)","(-12.4, 0.3, -2.9)",
PLAYER_POSITIONS,546125,6/26/2026 1:01:28 PM,656b7e14-f368-4196-b68a-fdb1e1554fc8,2.0,,,,,,,,,,,,,,,,,,,,,,,,,,,,,,,,,,,"(-12.3, 0.4, -3.0)","(-12.5, 0.8, -2.8)","(-12.4, 0.3, -2.9)",
PLAYER_POSITIONS,546639,6/26/2026 1:01:28 PM,656b7e14-f368-4196-b68a-fdb1e1554fc8,2.0,,,,,,,,,,,,,,,,,,,,,,,,,,,,,,,,,,,"(-12.4, 0.2, -3.0)","(-12.5, 0.8, -2.8)","(-12.4, 0.5, -3.1)",
PLAYER_POSITIONS,546639,6/26/2026 1:01:28 PM,656b7e14-f368-4196-b68a-fdb1e1554fc8,2.0,,,,,,,,,,,,,,,,,,,,,,,,,,,,,,,,,,,"(-12.4, 0.2, -3.0)","(-12.5, 0.8, -2.8)","(-12.4, 0.5, -3.1)",
TOOL_HOVER,546993,6/26/2026 1:01:29 PM,656b7e14-f368-4196-b68a-fdb1e1554fc8,2.0,,,,,,,,,,,,,,,,,,,,,,,,,,,,,,,,,,,,,,,,,,,,,,995,,Fox Shield,
PLAYER_POSITIONS,547141,6/26/2026 1:01:29 PM,656b7e14-f368-4196-b68a-fdb1e1554fc8,2.0,,,,,,,,,,,,,,,,,,,,,,,,,,,,,,,,,,,"(-12.4, 0.2, -3.0)","(-12.5, 0.8, -2.9)","(-12.5, 0.4, -3.2)",
PLAYER_POSITIONS,547141,6/26/2026 1:01:29 PM,656b7e14-f368-4196-b68a-fdb1e1554fc8,2.0,,,,,,,,,,,,,,,,,,,,,,,,,,,,,,,,,,,"(-12.4, 0.2, -3.0)","(-12.5, 0.8, -2.9)","(-12.5, 0.4, -3.2)",
TOOL_HOVER,547181,6/26/2026 1:01:29 PM,656b7e14-f368-4196-b68a-fdb1e1554fc8,2.0,,,,,,,,,,,,,,,,,,,,,,,,,,,,,,,,,,,,,,,,,,,,,,998,,Nasal Airway,
TOOL_HOVER,547381,6/26/2026 1:01:29 PM,656b7e14-f368-4196-b68a-fdb1e1554fc8,2.0,,,,,,,,,,,,,,,,,,,,,,,,,,,,,,,,,,,,,,,,,,,,,,996,,Decompression Needle,
TOOL_SELECTED,547638,6/26/2026 1:01:29 PM,656b7e14-f368-4196-b68a-fdb1e1554fc8,2.0,,,,,,,,,,,,,,,,,,,,,,,,,,,,,,,,,,,,,,,,,,,,,,995,,Decompression Needle,
PLAYER_POSITIONS,547662,6/26/2026 1:01:29 PM,656b7e14-f368-4196-b68a-fdb1e1554fc8,2.0,,,,,,,,,,,,,,,,,,,,,,,,,,,,,,,,,,,"(-12.4, 0.2, -3.0)","(-12.5, 0.8, -2.8)","(-12.5, 0.3, -3.2)",
PLAYER_POSITIONS,547662,6/26/2026 1:01:29 PM,656b7e14-f368-4196-b68a-fdb1e1554fc8,2.0,,,,,,,,,,,,,,,,,,,,,,,,,,,,,,,,,,,"(-12.4, 0.2, -3.0)","(-12.5, 0.8, -2.8)","(-12.5, 0.3, -3.2)",
VOICE_CAPTURE,548034,6/26/2026 1:01:30 PM,656b7e14-f368-4196-b68a-fdb1e1554fc8,2.0,,,,,,,,,,,,,,,,,,,,,,,,,,,,,,,,,,,,,,,,,,,,,,,,,,,NA,I forgot.,
TOOL_DISCARDED,548050,6/26/2026 1:01:30 PM,656b7e14-f368-4196-b68a-fdb1e1554fc8,2.0,,,,,,,,,,,,,,,,,,,,,,,,Military PT 9,,,,,,,,,,,,"(-12.4, -0.1, -2.5)",,,,,,,,,,995,,Decompression Needle,
TOOL_HOVER,548074,6/26/2026 1:01:30 PM,656b7e14-f368-4196-b68a-fdb1e1554fc8,2.0,,,,,,,,,,,,,,,,,,,,,,,,,,,,,,,,,,,,,,,,,,,,,,998,,Nasal Airway,
PLAYER_POSITIONS,548165,6/26/2026 1:01:30 PM,656b7e14-f368-4196-b68a-fdb1e1554fc8,2.0,,,,,,,,,,,,,,,,,,,,,,,,,,,,,,,,,,,"(-12.4, 0.2, -3.0)","(-12.5, 0.8, -2.8)","(-12.5, 0.3, -3.2)",
PLAYER_POSITIONS,548165,6/26/2026 1:01:30 PM,656b7e14-f368-4196-b68a-fdb1e1554fc8,2.0,,,,,,,,,,,,,,,,,,,,,,,,,,,,,,,,,,,"(-12.4, 0.2, -3.0)","(-12.5, 0.8, -2.8)","(-12.5, 0.3, -3.2)",
VOICE_CAPTURE,548509,6/26/2026 1:01:30 PM,656b7e14-f368-4196-b68a-fdb1e1554fc8,2.0,,,,,,,,,,,,,,,,,,,,,,,,,,,,,,,,,,,,,,,,,,,,,,,,,,,NA,I forgot to give you,
TOOL_HOVER,548575,6/26/2026 1:01:30 PM,656b7e14-f368-4196-b68a-fdb1e1554fc8,2.0,,,,,,,,,,,,,,,,,,,,,,,,,,,,,,,,,,,,,,,,,,,,,,998,,Nasal Airway,
TOOL_SELECTED,548664,6/26/2026 1:01:30 PM,656b7e14-f368-4196-b68a-fdb1e1554fc8,2.0,,,,,,,,,,,,,,,,,,,,,,,,,,,,,,,,,,,,,,,,,,,,,,997,,Nasal Airway,
PLAYER_POSITIONS,548667,6/26/2026 1:01:30 PM,656b7e14-f368-4196-b68a-fdb1e1554fc8,2.0,,,,,,,,,,,,,,,,,,,,,,,,,,,,,,,,,,,"(-12.4, 0.2, -3.0)","(-12.5, 0.8, -2.8)","(-12.5, 0.3, -3.2)",
PLAYER_POSITIONS,548667,6/26/2026 1:01:30 PM,656b7e14-f368-4196-b68a-fdb1e1554fc8,2.0,,,,,,,,,,,,,,,,,,,,,,,,,,,,,,,,,,,"(-12.4, 0.2, -3.0)","(-12.5, 0.8, -2.8)","(-12.5, 0.3, -3.2)",
AUDIO_START,548737,6/26/2026 1:01:30 PM,656b7e14-f368-4196-b68a-fdb1e1554fc8,2.0,we are overrun two airstrikes,4.571429,
VOICE_CAPTURE,549055,6/26/2026 1:01:31 PM,656b7e14-f368-4196-b68a-fdb1e1554fc8,2.0,,,,,,,,,,,,,,,,,,,,,,,,,,,,,,,,,,,,,,,,,,,,,,,,,,,NA,I forgot to give you I forgot to give you,
PLAYER_POSITIONS,549189,6/26/2026 1:01:31 PM,656b7e14-f368-4196-b68a-fdb1e1554fc8,2.0,,,,,,,,,,,,,,,,,,,,,,,,,,,,,,,,,,,"(-12.5, 0.2, -3.0)","(-12.4, 0.8, -2.8)","(-12.4, 0.5, -3.1)",
PLAYER_POSITIONS,549189,6/26/2026 1:01:31 PM,656b7e14-f368-4196-b68a-fdb1e1554fc8,2.0,,,,,,,,,,,,,,,,,,,,,,,,,,,,,,,,,,,"(-12.5, 0.2, -3.0)","(-12.4, 0.8, -2.8)","(-12.4, 0.5, -3.1)",
VOICE_CAPTURE,549538,6/26/2026 1:01:31 PM,656b7e14-f368-4196-b68a-fdb1e1554fc8,2.0,,,,,,,,,,,,,,,,,,,,,,,,,,,,,,,,,,,,,,,,,,,,,,,,,,,NA,I forgot to give you I forgot to give you,
VOICE_CAPTURE,549538,6/26/2026 1:01:31 PM,656b7e14-f368-4196-b68a-fdb1e1554fc8,2.0,,,,,,,,,,,,,,,,,,,,,,,,,,,,,,,,,,,,,,,,,,,,,,,,,,,NA,I forgot to give you I forgot to give you,
PLAYER_POSITIONS,549692,6/26/2026 1:01:31 PM,656b7e14-f368-4196-b68a-fdb1e1554fc8,2.0,,,,,,,,,,,,,,,,,,,,,,,,,,,,,,,,,,,"(-12.4, 0.2, -2.7)","(-12.4, 0.8, -2.7)","(-12.2, 0.4, -2.6)",
PLAYER_POSITIONS,549692,6/26/2026 1:01:31 PM,656b7e14-f368-4196-b68a-fdb1e1554fc8,2.0,,,,,,,,,,,,,,,,,,,,,,,,,,,,,,,,,,,"(-12.4, 0.2, -2.7)","(-12.4, 0.8, -2.7)","(-12.2, 0.4, -2.6)",
PLAYER_POSITIONS,550213,6/26/2026 1:01:32 PM,656b7e14-f368-4196-b68a-fdb1e1554fc8,2.0,,,,,,,,,,,,,,,,,,,,,,,,,,,,,,,,,,,"(-12.4, 0.2, -2.5)","(-12.3, 0.7, -2.6)","(-12.1, 0.1, -2.5)",
PLAYER_POSITIONS,550213,6/26/2026 1:01:32 PM,656b7e14-f368-4196-b68a-fdb1e1554fc8,2.0,,,,,,,,,,,,,,,,,,,,,,,,,,,,,,,,,,,"(-12.4, 0.2, -2.5)","(-12.3, 0.7, -2.6)","(-12.1, 0.1, -2.5)",
TOOL_APPLIED,550414,6/26/2026 1:01:32 PM,656b7e14-f368-4196-b68a-fdb1e1554fc8,2.0,,,,,,,,,,,,,,,,,,,,,,,,Military PT 9,,,,,,,,,,,,,,,,,,,,AppliedTrumpet,tubeGuide_used (UnityEngine.GameObject),,Nasal Trumpet(Clone) (UnityEngine.GameObject),Nasal Airway,
PLAYER_POSITIONS,550735,6/26/2026 1:01:32 PM,656b7e14-f368-4196-b68a-fdb1e1554fc8,2.0,,,,,,,,,,,,,,,,,,,,,,,,,,,,,,,,,,,"(-12.4, 0.2, -2.5)","(-12.3, 0.7, -2.6)","(-12.1, 0.1, -2.6)",
PLAYER_POSITIONS,550735,6/26/2026 1:01:32 PM,656b7e14-f368-4196-b68a-fdb1e1554fc8,2.0,,,,,,,,,,,,,,,,,,,,,,,,,,,,,,,,,,,"(-12.4, 0.2, -2.5)","(-12.3, 0.7, -2.6)","(-12.1, 0.1, -2.6)",
BAG_CLOSED,550911,6/26/2026 1:01:33 PM,656b7e14-f368-4196-b68a-fdb1e1554fc8,2.0,,,,,,,,,,,,,,,,,,,,,,,,,,,,,,,,,,,,"(0.0, 0.0, 0.0)",
PLAYER_POSITIONS,551236,6/26/2026 1:01:33 PM,656b7e14-f368-4196-b68a-fdb1e1554fc8,2.0,,,,,,,,,,,,,,,,,,,,,,,,,,,,,,,,,,,"(-12.1, 0.2, -2.7)","(-12.2, 1.0, -2.9)","(-12.3, 0.2, -2.9)",
PLAYER_POSITIONS,551236,6/26/2026 1:01:33 PM,656b7e14-f368-4196-b68a-fdb1e1554fc8,2.0,,,,,,,,,,,,,,,,,,,,,,,,,,,,,,,,,,,"(-12.1, 0.2, -2.7)","(-12.2, 1.0, -2.9)","(-12.3, 0.2, -2.9)",
VOICE_CAPTURE,551559,6/26/2026 1:01:33 PM,656b7e14-f368-4196-b68a-fdb1e1554fc8,2.0,,,,,,,,,,,,,,,,,,,,,,,,,,,,,,,,,,,,,,,,,,,,,,,,,,,NA,Thank you.,
PATIENT_DISENGAGED,551699,6/26/2026 1:01:33 PM,656b7e14-f368-4196-b68a-fdb1e1554fc8,2.0,,,,16.7,,,,,,,,,,,,,,,,normal,100,Infinity,normal,Military PT 9,unresponsive,supine,"(-12.7, -0.1, -1.8)",faint,"(0.0, -0.7, 0.0, 0.7)",normal,EXPECTANT,still,,,,,,,,,,,,,,,,,38.88,
PATIENT_ENGAGED,551699,6/26/2026 1:01:33 PM,656b7e14-f368-4196-b68a-fdb1e1554fc8,2.0,,,,0,,,,,,,,,,,,,,,,fast,100,Infinity,normal,Military PT 4,upset,kneeling,"(-11.1, -0.1, -4.7)",faint,"(0.0, 1.0, 0.0, 0.2)",normal,IMMEDIATE,still,,,,,,,,,,,,,,,,,23.48,
PLAYER_POSITIONS,551757,6/26/2026 1:01:33 PM,656b7e14-f368-4196-b68a-fdb1e1554fc8,2.0,,,,,,,,,,,,,,,,,,,,,,,,,,,,,,,,,,,"(-11.5, 0.7, -3.4)","(-11.8, 1.2, -3.3)","(-11.8, 0.4, -3.5)",
PLAYER_POSITIONS,551757,6/26/2026 1:01:33 PM,656b7e14-f368-4196-b68a-fdb1e1554fc8,2.0,,,,,,,,,,,,,,,,,,,,,,,,,,,,,,,,,,,"(-11.5, 0.7, -3.4)","(-11.8, 1.2, -3.3)","(-11.8, 0.4, -3.5)",
VOICE_CAPTURE,552012,6/26/2026 1:01:34 PM,656b7e14-f368-4196-b68a-fdb1e1554fc8,2.0,,,,,,,,,,,,,,,,,,,,,,,,,,,,,,,,,,,,,,,,,,,,,,,,,,,NA,Thank you.,
VOICE_CAPTURE,552012,6/26/2026 1:01:34 PM,656b7e14-f368-4196-b68a-fdb1e1554fc8,2.0,,,,,,,,,,,,,,,,,,,,,,,,,,,,,,,,,,,,,,,,,,,,,,,,,,,NA,Thank you.,
PLAYER_POSITIONS,552267,6/26/2026 1:01:34 PM,656b7e14-f368-4196-b68a-fdb1e1554fc8,2.0,,,,,,,,,,,,,,,,,,,,,,,,,,,,,,,,,,,"(-11.0, 0.5, -4.0)","(-11.2, 1.1, -3.8)","(-11.2, 0.4, -3.9)",
PLAYER_POSITIONS,552267,6/26/2026 1:01:34 PM,656b7e14-f368-4196-b68a-fdb1e1554fc8,2.0,,,,,,,,,,,,,,,,,,,,,,,,,,,,,,,,,,,"(-11.0, 0.5, -4.0)","(-11.2, 1.1, -3.8)","(-11.2, 0.4, -3.9)",
PLAYER_POSITIONS,552779,6/26/2026 1:01:34 PM,656b7e14-f368-4196-b68a-fdb1e1554fc8,2.0,,,,,,,,,,,,,,,,,,,,,,,,,,,,,,,,,,,"(-10.9, 0.6, -4.2)","(-11.0, 1.1, -4.0)","(-11.1, 0.4, -4.1)",
PLAYER_POSITIONS,552779,6/26/2026 1:01:34 PM,656b7e14-f368-4196-b68a-fdb1e1554fc8,2.0,,,,,,,,,,,,,,,,,,,,,,,,,,,,,,,,,,,"(-10.9, 0.6, -4.2)","(-11.0, 1.1, -4.0)","(-11.1, 0.4, -4.1)",
PLAYER_POSITIONS,553289,6/26/2026 1:01:35 PM,656b7e14-f368-4196-b68a-fdb1e1554fc8,2.0,,,,,,,,,,,,,,,,,,,,,,,,,,,,,,,,,,,"(-10.9, 0.6, -4.2)","(-11.0, 1.1, -4.0)","(-11.1, 0.3, -4.0)",
PLAYER_POSITIONS,553289,6/26/2026 1:01:35 PM,656b7e14-f368-4196-b68a-fdb1e1554fc8,2.0,,,,,,,,,,,,,,,,,,,,,,,,,,,,,,,,,,,"(-10.9, 0.6, -4.2)","(-11.0, 1.1, -4.0)","(-11.1, 0.3, -4.0)",
AUDIO_END,553310,6/26/2026 1:01:35 PM,656b7e14-f368-4196-b68a-fdb1e1554fc8,2.0,we are overrun two airstrikes,4.571429,
NARRATIVE_SECTION_END,553310,6/26/2026 1:01:35 PM,656b7e14-f368-4196-b68a-fdb1e1554fc8,2.0,,,,,,,,,,,,,,,,,,Echo Overrun,62,
NARRATIVE_SECTION_START,553352,6/26/2026 1:01:35 PM,656b7e14-f368-4196-b68a-fdb1e1554fc8,2.0,,,,,,,,,,,,,,,,,,Echo squad requesting danger close,63,
PLAYER_POSITIONS,553789,6/26/2026 1:01:35 PM,656b7e14-f368-4196-b68a-fdb1e1554fc8,2.0,,,,,,,,,,,,,,,,,,,,,,,,,,,,,,,,,,,"(-10.7, 0.6, -3.9)","(-10.8, 1.1, -3.7)","(-11.0, 0.3, -3.8)",
PLAYER_POSITIONS,553789,6/26/2026 1:01:35 PM,656b7e14-f368-4196-b68a-fdb1e1554fc8,2.0,,,,,,,,,,,,,,,,,,,,,,,,,,,,,,,,,,,"(-10.7, 0.6, -3.9)","(-10.8, 1.1, -3.7)","(-11.0, 0.3, -3.8)",
PLAYER_POSITIONS,554300,6/26/2026 1:01:36 PM,656b7e14-f368-4196-b68a-fdb1e1554fc8,2.0,,,,,,,,,,,,,,,,,,,,,,,,,,,,,,,,,,,"(-10.7, 0.6, -3.9)","(-10.9, 1.0, -3.7)","(-10.8, 0.5, -4.1)",
PLAYER_POSITIONS,554300,6/26/2026 1:01:36 PM,656b7e14-f368-4196-b68a-fdb1e1554fc8,2.0,,,,,,,,,,,,,,,,,,,,,,,,,,,,,,,,,,,"(-10.7, 0.6, -3.9)","(-10.9, 1.0, -3.7)","(-10.8, 0.5, -4.1)",
PULSE_TAKEN,554732,6/26/2026 1:01:36 PM,656b7e14-f368-4196-b68a-fdb1e1554fc8,2.0,,,,,,,,,,,,,,,,,,,,,,,,Military PT 4,,,,pulse_faint,
PLAYER_POSITIONS,554812,6/26/2026 1:01:36 PM,656b7e14-f368-4196-b68a-fdb1e1554fc8,2.0,,,,,,,,,,,,,,,,,,,,,,,,,,,,,,,,,,,"(-10.6, 0.6, -4.1)","(-10.8, 1.0, -3.9)","(-10.7, 0.5, -4.4)",
PLAYER_POSITIONS,554812,6/26/2026 1:01:36 PM,656b7e14-f368-4196-b68a-fdb1e1554fc8,2.0,,,,,,,,,,,,,,,,,,,,,,,,,,,,,,,,,,,"(-10.6, 0.6, -4.1)","(-10.8, 1.0, -3.9)","(-10.7, 0.5, -4.4)",
PLAYER_POSITIONS,555324,6/26/2026 1:01:37 PM,656b7e14-f368-4196-b68a-fdb1e1554fc8,2.0,,,,,,,,,,,,,,,,,,,,,,,,,,,,,,,,,,,"(-10.6, 0.6, -4.1)","(-10.8, 1.0, -3.9)","(-10.7, 0.4, -4.2)",
PLAYER_POSITIONS,555324,6/26/2026 1:01:37 PM,656b7e14-f368-4196-b68a-fdb1e1554fc8,2.0,,,,,,,,,,,,,,,,,,,,,,,,,,,,,,,,,,,"(-10.6, 0.6, -4.1)","(-10.8, 1.0, -3.9)","(-10.7, 0.4, -4.2)",
PULSE_TAKEN,555610,6/26/2026 1:01:37 PM,656b7e14-f368-4196-b68a-fdb1e1554fc8,2.0,,,,,,,,,,,,,,,,,,,,,,,,Military PT 4,,,,pulse_faint,
PLAYER_POSITIONS,555835,6/26/2026 1:01:37 PM,656b7e14-f368-4196-b68a-fdb1e1554fc8,2.0,,,,,,,,,,,,,,,,,,,,,,,,,,,,,,,,,,,"(-10.6, 0.6, -4.1)","(-10.8, 1.0, -4.0)","(-10.7, 0.4, -4.4)",
PLAYER_POSITIONS,555835,6/26/2026 1:01:37 PM,656b7e14-f368-4196-b68a-fdb1e1554fc8,2.0,,,,,,,,,,,,,,,,,,,,,,,,,,,,,,,,,,,"(-10.6, 0.6, -4.1)","(-10.8, 1.0, -4.0)","(-10.7, 0.4, -4.4)",
TOOL_HOVER,556312,6/26/2026 1:01:38 PM,656b7e14-f368-4196-b68a-fdb1e1554fc8,2.0,,,,,,,,,,,,,,,,,,,,,,,,,,,,,,,,,,,,,,,,,,,,,,994,,Tourniquet,
AUDIO_START,556354,6/26/2026 1:01:38 PM,656b7e14-f368-4196-b68a-fdb1e1554fc8,2.0,echo squad requesting danger close,4.571429,
PLAYER_POSITIONS,556355,6/26/2026 1:01:38 PM,656b7e14-f368-4196-b68a-fdb1e1554fc8,2.0,,,,,,,,,,,,,,,,,,,,,,,,,,,,,,,,,,,"(-10.6, 0.6, -4.1)","(-10.8, 1.0, -3.9)","(-10.8, 0.7, -4.2)",
PLAYER_POSITIONS,556355,6/26/2026 1:01:38 PM,656b7e14-f368-4196-b68a-fdb1e1554fc8,2.0,,,,,,,,,,,,,,,,,,,,,,,,,,,,,,,,,,,"(-10.6, 0.6, -4.1)","(-10.8, 1.0, -3.9)","(-10.8, 0.7, -4.2)",
PLAYER_POSITIONS,556849,6/26/2026 1:01:38 PM,656b7e14-f368-4196-b68a-fdb1e1554fc8,2.0,,,,,,,,,,,,,,,,,,,,,,,,,,,,,,,,,,,"(-10.8, 0.5, -4.0)","(-10.8, 1.0, -3.9)","(-10.5, 0.5, -4.2)",
PLAYER_POSITIONS,556849,6/26/2026 1:01:38 PM,656b7e14-f368-4196-b68a-fdb1e1554fc8,2.0,,,,,,,,,,,,,,,,,,,,,,,,,,,,,,,,,,,"(-10.8, 0.5, -4.0)","(-10.8, 1.0, -3.9)","(-10.5, 0.5, -4.2)",
PLAYER_POSITIONS,557359,6/26/2026 1:01:39 PM,656b7e14-f368-4196-b68a-fdb1e1554fc8,2.0,,,,,,,,,,,,,,,,,,,,,,,,,,,,,,,,,,,"(-10.8, 0.5, -4.0)","(-10.8, 1.0, -3.9)","(-10.6, 0.5, -4.2)",
PLAYER_POSITIONS,557359,6/26/2026 1:01:39 PM,656b7e14-f368-4196-b68a-fdb1e1554fc8,2.0,,,,,,,,,,,,,,,,,,,,,,,,,,,,,,,,,,,"(-10.8, 0.5, -4.0)","(-10.8, 1.0, -3.9)","(-10.6, 0.5, -4.2)",
TAG_SELECTED,557799,6/26/2026 1:01:39 PM,656b7e14-f368-4196-b68a-fdb1e1554fc8,2.0,,,,,,,,,,,,,,,,,,,,,,,,,,,,,,,,,,,,,,,,,,green,
PLAYER_POSITIONS,557868,6/26/2026 1:01:39 PM,656b7e14-f368-4196-b68a-fdb1e1554fc8,2.0,,,,,,,,,,,,,,,,,,,,,,,,,,,,,,,,,,,"(-10.8, 0.5, -4.0)","(-10.8, 1.0, -3.9)","(-10.6, 0.6, -4.2)",
PLAYER_POSITIONS,557868,6/26/2026 1:01:39 PM,656b7e14-f368-4196-b68a-fdb1e1554fc8,2.0,,,,,,,,,,,,,,,,,,,,,,,,,,,,,,,,,,,"(-10.8, 0.5, -4.0)","(-10.8, 1.0, -3.9)","(-10.6, 0.6, -4.2)",
PLAYER_POSITIONS,558369,6/26/2026 1:01:40 PM,656b7e14-f368-4196-b68a-fdb1e1554fc8,2.0,,,,,,,,,,,,,,,,,,,,,,,,,,,,,,,,,,,"(-10.8, 0.5, -4.0)","(-10.8, 1.0, -3.9)","(-10.8, 0.5, -4.4)",
PLAYER_POSITIONS,558369,6/26/2026 1:01:40 PM,656b7e14-f368-4196-b68a-fdb1e1554fc8,2.0,,,,,,,,,,,,,,,,,,,,,,,,,,,,,,,,,,,"(-10.8, 0.5, -4.0)","(-10.8, 1.0, -3.9)","(-10.8, 0.5, -4.4)",
PLAYER_POSITIONS,558877,6/26/2026 1:01:41 PM,656b7e14-f368-4196-b68a-fdb1e1554fc8,2.0,,,,,,,,,,,,,,,,,,,,,,,,,,,,,,,,,,,"(-10.8, 0.5, -4.0)","(-10.8, 1.0, -3.9)","(-10.9, 0.4, -4.5)",
PLAYER_POSITIONS,558877,6/26/2026 1:01:41 PM,656b7e14-f368-4196-b68a-fdb1e1554fc8,2.0,,,,,,,,,,,,,,,,,,,,,,,,,,,,,,,,,,,"(-10.8, 0.5, -4.0)","(-10.8, 1.0, -3.9)","(-10.9, 0.4, -4.5)",
TAG_APPLIED,558944,6/26/2026 1:01:41 PM,656b7e14-f368-4196-b68a-fdb1e1554fc8,2.0,,,,,,,,,,,,,,,,,,,,,,,,Military PT 4,,,,,,,,,,,,,,,,,,green,
PLAYER_POSITIONS,559386,6/26/2026 1:01:41 PM,656b7e14-f368-4196-b68a-fdb1e1554fc8,2.0,,,,,,,,,,,,,,,,,,,,,,,,,,,,,,,,,,,"(-10.8, 0.5, -4.0)","(-10.8, 1.0, -3.9)","(-10.8, 0.3, -4.3)",
PLAYER_POSITIONS,559386,6/26/2026 1:01:41 PM,656b7e14-f368-4196-b68a-fdb1e1554fc8,2.0,,,,,,,,,,,,,,,,,,,,,,,,,,,,,,,,,,,"(-10.8, 0.5, -4.0)","(-10.8, 1.0, -3.9)","(-10.8, 0.3, -4.3)",
PLAYER_POSITIONS,559899,6/26/2026 1:01:42 PM,656b7e14-f368-4196-b68a-fdb1e1554fc8,2.0,,,,,,,,,,,,,,,,,,,,,,,,,,,,,,,,,,,"(-10.8, 0.5, -4.1)","(-10.7, 1.0, -3.8)","(-10.8, 0.1, -3.8)",
PLAYER_POSITIONS,559899,6/26/2026 1:01:42 PM,656b7e14-f368-4196-b68a-fdb1e1554fc8,2.0,,,,,,,,,,,,,,,,,,,,,,,,,,,,,,,,,,,"(-10.8, 0.5, -4.1)","(-10.7, 1.0, -3.8)","(-10.8, 0.1, -3.8)",
BAG_CLOSED,560113,6/26/2026 1:01:42 PM,656b7e14-f368-4196-b68a-fdb1e1554fc8,2.0,,,,,,,,,,,,,,,,,,,,,,,,,,,,,,,,,,,,"(0.0, 0.0, 0.0)",
PATIENT_DISENGAGED,560401,6/26/2026 1:01:42 PM,656b7e14-f368-4196-b68a-fdb1e1554fc8,2.0,,,,8.7,,,,,,,,,,,,,,,,fast,100,Infinity,normal,Military PT 4,upset,kneeling,"(-11.1, -0.1, -4.7)",faint,"(0.0, 1.0, 0.0, 0.2)",normal,IMMEDIATE,still,,,,,,,,,,,,,,,,,32.18,
PATIENT_ENGAGED,560401,6/26/2026 1:01:42 PM,656b7e14-f368-4196-b68a-fdb1e1554fc8,2.0,,,,0,,,,,,,,,,,,,,,,none,100,Infinity,none,Military PT 10,dead,fetal,"(-9.6, -0.1, -2.9)",none,"(0.0, -0.6, 0.0, 0.8)",none,EXPECTANT,still,,,,,,,,,,,,,,,,,13.08,
PLAYER_POSITIONS,560404,6/26/2026 1:01:42 PM,656b7e14-f368-4196-b68a-fdb1e1554fc8,2.0,,,,,,,,,,,,,,,,,,,,,,,,,,,,,,,,,,,"(-10.6, 0.5, -3.9)","(-10.6, 1.0, -3.6)","(-10.6, 0.1, -3.7)",
PLAYER_POSITIONS,560404,6/26/2026 1:01:42 PM,656b7e14-f368-4196-b68a-fdb1e1554fc8,2.0,,,,,,,,,,,,,,,,,,,,,,,,,,,,,,,,,,,"(-10.6, 0.5, -3.9)","(-10.6, 1.0, -3.6)","(-10.6, 0.1, -3.7)",
PATIENT_DISENGAGED,560810,6/26/2026 1:01:42 PM,656b7e14-f368-4196-b68a-fdb1e1554fc8,2.0,,,,0.4,,,,,,,,,,,,,,,,none,100,Infinity,none,Military PT 10,dead,fetal,"(-9.6, -0.1, -2.9)",none,"(0.0, -0.6, 0.0, 0.8)",none,EXPECTANT,still,,,,,,,,,,,,,,,,,13.48,
PATIENT_ENGAGED,560810,6/26/2026 1:01:42 PM,656b7e14-f368-4196-b68a-fdb1e1554fc8,2.0,,,,0,,,,,,,,,,,,,,,,fast,100,Infinity,normal,Military PT 4,upset,kneeling,"(-11.1, -0.1, -4.7)",faint,"(0.0, 1.0, 0.0, 0.2)",normal,IMMEDIATE,still,,,,,,,,,,,,,,,,,32.18,
AUDIO_END,560922,6/26/2026 1:01:43 PM,656b7e14-f368-4196-b68a-fdb1e1554fc8,2.0,echo squad requesting danger close,4.571429,
NARRATIVE_SECTION_END,560922,6/26/2026 1:01:43 PM,656b7e14-f368-4196-b68a-fdb1e1554fc8,2.0,,,,,,,,,,,,,,,,,,Echo squad requesting danger close,63,
PLAYER_POSITIONS,560924,6/26/2026 1:01:43 PM,656b7e14-f368-4196-b68a-fdb1e1554fc8,2.0,,,,,,,,,,,,,,,,,,,,,,,,,,,,,,,,,,,"(-10.5, 0.5, -4.2)","(-10.6, 1.0, -4.0)","(-10.5, 0.1, -4.0)",
PLAYER_POSITIONS,560924,6/26/2026 1:01:43 PM,656b7e14-f368-4196-b68a-fdb1e1554fc8,2.0,,,,,,,,,,,,,,,,,,,,,,,,,,,,,,,,,,,"(-10.5, 0.5, -4.2)","(-10.6, 1.0, -4.0)","(-10.5, 0.1, -4.0)",
NARRATIVE_SECTION_START,560942,6/26/2026 1:01:43 PM,656b7e14-f368-4196-b68a-fdb1e1554fc8,2.0,,,,,,,,,,,,,,,,,,Hammer 1-2 inbound for danger close,64,
PLAYER_POSITIONS,561424,6/26/2026 1:01:43 PM,656b7e14-f368-4196-b68a-fdb1e1554fc8,2.0,,,,,,,,,,,,,,,,,,,,,,,,,,,,,,,,,,,"(-10.5, 0.5, -4.2)","(-10.6, 1.0, -4.0)","(-10.7, 0.4, -4.3)",
PLAYER_POSITIONS,561424,6/26/2026 1:01:43 PM,656b7e14-f368-4196-b68a-fdb1e1554fc8,2.0,,,,,,,,,,,,,,,,,,,,,,,,,,,,,,,,,,,"(-10.5, 0.5, -4.2)","(-10.6, 1.0, -4.0)","(-10.7, 0.4, -4.3)",
VOICE_CAPTURE,561613,6/26/2026 1:01:43 PM,656b7e14-f368-4196-b68a-fdb1e1554fc8,2.0,,,,,,,,,,,,,,,,,,,,,,,,,,,,,,,,,,,,,,,,,,,,,,,,,,,NA,Thank you.,
PLAYER_POSITIONS,561946,6/26/2026 1:01:44 PM,656b7e14-f368-4196-b68a-fdb1e1554fc8,2.0,,,,,,,,,,,,,,,,,,,,,,,,,,,,,,,,,,,"(-10.5, 0.5, -4.2)","(-10.6, 1.0, -4.1)","(-10.8, 0.7, -4.2)",
PLAYER_POSITIONS,561946,6/26/2026 1:01:44 PM,656b7e14-f368-4196-b68a-fdb1e1554fc8,2.0,,,,,,,,,,,,,,,,,,,,,,,,,,,,,,,,,,,"(-10.5, 0.5, -4.2)","(-10.6, 1.0, -4.1)","(-10.8, 0.7, -4.2)",
VOICE_CAPTURE,562047,6/26/2026 1:01:44 PM,656b7e14-f368-4196-b68a-fdb1e1554fc8,2.0,,,,,,,,,,,,,,,,,,,,,,,,,,,,,,,,,,,,,,,,,,,,,,,,,,,NA,Can you tell me your name?,
TOOL_HOVER,562110,6/26/2026 1:01:44 PM,656b7e14-f368-4196-b68a-fdb1e1554fc8,2.0,,,,,,,,,,,,,,,,,,,,,,,,,,,,,,,,,,,,,,,,,,,,,,994,,Tourniquet,
PLAYER_POSITIONS,562449,6/26/2026 1:01:44 PM,656b7e14-f368-4196-b68a-fdb1e1554fc8,2.0,,,,,,,,,,,,,,,,,,,,,,,,,,,,,,,,,,,"(-10.5, 0.4, -4.2)","(-10.6, 1.0, -4.0)","(-10.4, 0.6, -4.3)",
PLAYER_POSITIONS,562449,6/26/2026 1:01:44 PM,656b7e14-f368-4196-b68a-fdb1e1554fc8,2.0,,,,,,,,,,,,,,,,,,,,,,,,,,,,,,,,,,,"(-10.5, 0.4, -4.2)","(-10.6, 1.0, -4.0)","(-10.4, 0.6, -4.3)",
VOICE_CAPTURE,562527,6/26/2026 1:01:44 PM,656b7e14-f368-4196-b68a-fdb1e1554fc8,2.0,,,,,,,,,,,,,,,,,,,,,,,,,,,,,,,,,,,,,,,,,,,,,,,,,,,NA,Can you tell me your name?,
VOICE_CAPTURE,562527,6/26/2026 1:01:44 PM,656b7e14-f368-4196-b68a-fdb1e1554fc8,2.0,,,,,,,,,,,,,,,,,,,,,,,,,,,,,,,,,,,,,,,,,,,,,,,,,,,NA,Can you tell me your name?,
VOICE_COMMAND,562527,6/26/2026 1:01:44 PM,656b7e14-f368-4196-b68a-fdb1e1554fc8,2.0,,,,,,,,,,,,,,,,,,,,,,,,,,,,,,,,,,,,,,,,,,,,,,,,,,,Can you tell me your name?,what is your name,
PLAYER_POSITIONS,562967,6/26/2026 1:01:45 PM,656b7e14-f368-4196-b68a-fdb1e1554fc8,2.0,,,,,,,,,,,,,,,,,,,,,,,,,,,,,,,,,,,"(-10.6, 0.4, -4.2)","(-10.5, 1.0, -4.0)","(-10.2, 0.6, -4.2)",
PLAYER_POSITIONS,562967,6/26/2026 1:01:45 PM,656b7e14-f368-4196-b68a-fdb1e1554fc8,2.0,,,,,,,,,,,,,,,,,,,,,,,,,,,,,,,,,,,"(-10.6, 0.4, -4.2)","(-10.5, 1.0, -4.0)","(-10.2, 0.6, -4.2)",
TOOL_HOVER,563184,6/26/2026 1:01:45 PM,656b7e14-f368-4196-b68a-fdb1e1554fc8,2.0,,,,,,,,,,,,,,,,,,,,,,,,,,,,,,,,,,,,,,,,,,,,,,996,,Decompression Needle,
PLAYER_POSITIONS,563497,6/26/2026 1:01:45 PM,656b7e14-f368-4196-b68a-fdb1e1554fc8,2.0,,,,,,,,,,,,,,,,,,,,,,,,,,,,,,,,,,,"(-10.6, 0.4, -4.2)","(-10.5, 1.0, -4.0)","(-10.2, 0.8, -4.4)",
PLAYER_POSITIONS,563497,6/26/2026 1:01:45 PM,656b7e14-f368-4196-b68a-fdb1e1554fc8,2.0,,,,,,,,,,,,,,,,,,,,,,,,,,,,,,,,,,,"(-10.6, 0.4, -4.2)","(-10.5, 1.0, -4.0)","(-10.2, 0.8, -4.4)",
TOOL_HOVER,563695,6/26/2026 1:01:45 PM,656b7e14-f368-4196-b68a-fdb1e1554fc8,2.0,,,,,,,,,,,,,,,,,,,,,,,,,,,,,,,,,,,,,,,,,,,,,,996,,Decompression Needle,
TOOL_HOVER,563884,6/26/2026 1:01:46 PM,656b7e14-f368-4196-b68a-fdb1e1554fc8,2.0,,,,,,,,,,,,,,,,,,,,,,,,,,,,,,,,,,,,,,,,,,,,,,992,,Fentanyl Lollipop,
AUDIO_START,563935,6/26/2026 1:01:46 PM,656b7e14-f368-4196-b68a-fdb1e1554fc8,2.0,hammer 1 2 inbound for danger close,3.239184,
PLAYER_POSITIONS,564011,6/26/2026 1:01:46 PM,656b7e14-f368-4196-b68a-fdb1e1554fc8,2.0,,,,,,,,,,,,,,,,,,,,,,,,,,,,,,,,,,,"(-10.6, 0.4, -4.2)","(-10.5, 1.0, -4.0)","(-10.2, 0.9, -4.4)",
PLAYER_POSITIONS,564011,6/26/2026 1:01:46 PM,656b7e14-f368-4196-b68a-fdb1e1554fc8,2.0,,,,,,,,,,,,,,,,,,,,,,,,,,,,,,,,,,,"(-10.6, 0.4, -4.2)","(-10.5, 1.0, -4.0)","(-10.2, 0.9, -4.4)",
TOOL_SELECTED,564251,6/26/2026 1:01:46 PM,656b7e14-f368-4196-b68a-fdb1e1554fc8,2.0,,,,,,,,,,,,,,,,,,,,,,,,,,,,,,,,,,,,,,,,,,,,,,991,,Fentanyl Lollipop,
PLAYER_POSITIONS,564552,6/26/2026 1:01:46 PM,656b7e14-f368-4196-b68a-fdb1e1554fc8,2.0,,,,,,,,,,,,,,,,,,,,,,,,,,,,,,,,,,,"(-10.6, 0.4, -4.2)","(-10.5, 1.0, -4.0)","(-10.3, 0.8, -4.4)",
PLAYER_POSITIONS,564552,6/26/2026 1:01:46 PM,656b7e14-f368-4196-b68a-fdb1e1554fc8,2.0,,,,,,,,,,,,,,,,,,,,,,,,,,,,,,,,,,,"(-10.6, 0.4, -4.2)","(-10.5, 1.0, -4.0)","(-10.3, 0.8, -4.4)",
VOICE_CAPTURE,564585,6/26/2026 1:01:46 PM,656b7e14-f368-4196-b68a-fdb1e1554fc8,2.0,,,,,,,,,,,,,,,,,,,,,,,,,,,,,,,,,,,,,,,,,,,,,,,,,,,NA,"Okay, see.",
VOICE_CAPTURE,565019,6/26/2026 1:01:47 PM,656b7e14-f368-4196-b68a-fdb1e1554fc8,2.0,,,,,,,,,,,,,,,,,,,,,,,,,,,,,,,,,,,,,,,,,,,,,,,,,,,NA,"Okay, so you can tell.",
PLAYER_POSITIONS,565063,6/26/2026 1:01:47 PM,656b7e14-f368-4196-b68a-fdb1e1554fc8,2.0,,,,,,,,,,,,,,,,,,,,,,,,,,,,,,,,,,,"(-10.6, 0.4, -4.2)","(-10.6, 1.0, -4.0)","(-10.6, 0.8, -4.5)",
PLAYER_POSITIONS,565063,6/26/2026 1:01:47 PM,656b7e14-f368-4196-b68a-fdb1e1554fc8,2.0,,,,,,,,,,,,,,,,,,,,,,,,,,,,,,,,,,,"(-10.6, 0.4, -4.2)","(-10.6, 1.0, -4.0)","(-10.6, 0.8, -4.5)",
INJURY_TREATED,565175,6/26/2026 1:01:47 PM,656b7e14-f368-4196-b68a-fdb1e1554fc8,2.0,,,,,,,,,head,Unspecified,"(0.0, 0.0, 0.0)",none,1,1,none,True,False,,,,,,,Military PT 4,
TOOL_APPLIED,565175,6/26/2026 1:01:47 PM,656b7e14-f368-4196-b68a-fdb1e1554fc8,2.0,,,,,,,,,,,,,,,,,,,,,,,,Military PT 4,,,,,,,,,,,,,,,,,,,,AppliedLollipop,Jaw (UnityEngine.GameObject),,Fentanyl Lollipop(Clone) (UnityEngine.GameObject),Fentanyl Lollipop,
VOICE_CAPTURE,565530,6/26/2026 1:01:47 PM,656b7e14-f368-4196-b68a-fdb1e1554fc8,2.0,,,,,,,,,,,,,,,,,,,,,,,,,,,,,,,,,,,,,,,,,,,,,,,,,,,NA,"Okay, so you can talk.",
PLAYER_POSITIONS,565574,6/26/2026 1:01:47 PM,656b7e14-f368-4196-b68a-fdb1e1554fc8,2.0,,,,,,,,,,,,,,,,,,,,,,,,,,,,,,,,,,,"(-10.6, 0.4, -4.1)","(-10.5, 1.0, -4.0)","(-10.5, 0.6, -4.3)",
PLAYER_POSITIONS,565574,6/26/2026 1:01:47 PM,656b7e14-f368-4196-b68a-fdb1e1554fc8,2.0,,,,,,,,,,,,,,,,,,,,,,,,,,,,,,,,,,,"(-10.6, 0.4, -4.1)","(-10.5, 1.0, -4.0)","(-10.5, 0.6, -4.3)",
PATIENT_DISENGAGED,565968,6/26/2026 1:01:48 PM,656b7e14-f368-4196-b68a-fdb1e1554fc8,2.0,,,,5.15,,,,,,,,,,,,,,,,fast,100,Infinity,normal,Military PT 4,upset,kneeling,"(-11.1, -0.1, -4.7)",faint,"(0.0, 1.0, 0.0, 0.2)",normal,IMMEDIATE,still,,,,,,,,,,,,,,,,,37.33,
PATIENT_ENGAGED,565968,6/26/2026 1:01:48 PM,656b7e14-f368-4196-b68a-fdb1e1554fc8,2.0,,,,0,,,,,,,,,,,,,,,,none,100,Infinity,none,Military PT 10,dead,fetal,"(-9.6, -0.1, -2.9)",none,"(0.0, -0.6, 0.0, 0.8)",none,EXPECTANT,still,,,,,,,,,,,,,,,,,13.48,
VOICE_CAPTURE,566071,6/26/2026 1:01:48 PM,656b7e14-f368-4196-b68a-fdb1e1554fc8,2.0,,,,,,,,,,,,,,,,,,,,,,,,,,,,,,,,,,,,,,,,,,,,,,,,,,,NA,"Okay, so you can talk, so have that.",
PLAYER_POSITIONS,566091,6/26/2026 1:01:48 PM,656b7e14-f368-4196-b68a-fdb1e1554fc8,2.0,,,,,,,,,,,,,,,,,,,,,,,,,,,,,,,,,,,"(-10.3, 0.5, -4.1)","(-10.4, 1.0, -3.8)","(-10.6, 0.1, -3.8)",
PLAYER_POSITIONS,566091,6/26/2026 1:01:48 PM,656b7e14-f368-4196-b68a-fdb1e1554fc8,2.0,,,,,,,,,,,,,,,,,,,,,,,,,,,,,,,,,,,"(-10.3, 0.5, -4.1)","(-10.4, 1.0, -3.8)","(-10.6, 0.1, -3.8)",
BAG_CLOSED,566224,6/26/2026 1:01:48 PM,656b7e14-f368-4196-b68a-fdb1e1554fc8,2.0,,,,,,,,,,,,,,,,,,,,,,,,,,,,,,,,,,,,"(0.0, 0.0, 0.0)",
VOICE_CAPTURE,566526,6/26/2026 1:01:48 PM,656b7e14-f368-4196-b68a-fdb1e1554fc8,2.0,,,,,,,,,,,,,,,,,,,,,,,,,,,,,,,,,,,,,,,,,,,,,,,,,,,NA,"Okay, so you can talk, so have that. You can talk, so have that.",
PLAYER_POSITIONS,566592,6/26/2026 1:01:48 PM,656b7e14-f368-4196-b68a-fdb1e1554fc8,2.0,,,,,,,,,,,,,,,,,,,,,,,,,,,,,,,,,,,"(-9.9, 0.5, -3.8)","(-10.0, 0.9, -3.5)","(-10.1, 0.1, -3.6)",
PLAYER_POSITIONS,566592,6/26/2026 1:01:48 PM,656b7e14-f368-4196-b68a-fdb1e1554fc8,2.0,,,,,,,,,,,,,,,,,,,,,,,,,,,,,,,,,,,"(-9.9, 0.5, -3.8)","(-10.0, 0.9, -3.5)","(-10.1, 0.1, -3.6)",
VOICE_CAPTURE,567046,6/26/2026 1:01:49 PM,656b7e14-f368-4196-b68a-fdb1e1554fc8,2.0,,,,,,,,,,,,,,,,,,,,,,,,,,,,,,,,,,,,,,,,,,,,,,,,,,,NA,"Okay, so you can talk, so have that. You can talk, so have that.",
VOICE_CAPTURE,567048,6/26/2026 1:01:49 PM,656b7e14-f368-4196-b68a-fdb1e1554fc8,2.0,,,,,,,,,,,,,,,,,,,,,,,,,,,,,,,,,,,,,,,,,,,,,,,,,,,NA,"Okay, so you can talk, so have that. You can talk, so have that.",
PLAYER_POSITIONS,567114,6/26/2026 1:01:49 PM,656b7e14-f368-4196-b68a-fdb1e1554fc8,2.0,,,,,,,,,,,,,,,,,,,,,,,,,,,,,,,,,,,"(-9.9, 0.4, -3.8)","(-9.9, 0.9, -3.5)","(-9.9, 0.2, -3.6)",
PLAYER_POSITIONS,567114,6/26/2026 1:01:49 PM,656b7e14-f368-4196-b68a-fdb1e1554fc8,2.0,,,,,,,,,,,,,,,,,,,,,,,,,,,,,,,,,,,"(-9.9, 0.4, -3.8)","(-9.9, 0.9, -3.5)","(-9.9, 0.2, -3.6)",
AUDIO_END,567180,6/26/2026 1:01:49 PM,656b7e14-f368-4196-b68a-fdb1e1554fc8,2.0,hammer 1 2 inbound for danger close,3.239184,
NARRATIVE_SECTION_END,567180,6/26/2026 1:01:49 PM,656b7e14-f368-4196-b68a-fdb1e1554fc8,2.0,,,,,,,,,,,,,,,,,,Hammer 1-2 inbound for danger close,64,
NARRATIVE_SECTION_START,567197,6/26/2026 1:01:49 PM,656b7e14-f368-4196-b68a-fdb1e1554fc8,2.0,,,,,,,,,,,,,,,,,,Hammer 1-2 cleared hot,65,
PLAYER_POSITIONS,567614,6/26/2026 1:01:49 PM,656b7e14-f368-4196-b68a-fdb1e1554fc8,2.0,,,,,,,,,,,,,,,,,,,,,,,,,,,,,,,,,,,"(-10.0, 0.4, -3.8)","(-9.9, 0.9, -3.6)","(-10.0, 0.1, -3.5)",
PLAYER_POSITIONS,567614,6/26/2026 1:01:49 PM,656b7e14-f368-4196-b68a-fdb1e1554fc8,2.0,,,,,,,,,,,,,,,,,,,,,,,,,,,,,,,,,,,"(-10.0, 0.4, -3.8)","(-9.9, 0.9, -3.6)","(-10.0, 0.1, -3.5)",
PATIENT_DISENGAGED,568049,6/26/2026 1:01:50 PM,656b7e14-f368-4196-b68a-fdb1e1554fc8,2.0,,,,2.1,,,,,,,,,,,,,,,,none,100,Infinity,none,Military PT 10,dead,fetal,"(-9.6, -0.1, -2.9)",none,"(0.0, -0.6, 0.0, 0.8)",none,EXPECTANT,still,,,,,,,,,,,,,,,,,15.58,
PATIENT_ENGAGED,568049,6/26/2026 1:01:50 PM,656b7e14-f368-4196-b68a-fdb1e1554fc8,2.0,,,,0,,,,,,,,,,,,,,,,fast,100,Infinity,normal,Military PT 4,upset,kneeling,"(-11.1, -0.1, -4.7)",faint,"(0.0, 1.0, 0.0, 0.2)",normal,IMMEDIATE,still,,,,,,,,,,,,,,,,,37.33,
PLAYER_POSITIONS,568119,6/26/2026 1:01:50 PM,656b7e14-f368-4196-b68a-fdb1e1554fc8,2.0,,,,,,,,,,,,,,,,,,,,,,,,,,,,,,,,,,,"(-10.5, 0.4, -4.0)","(-10.4, 1.0, -3.8)","(-10.6, 0.2, -3.8)",
PLAYER_POSITIONS,568119,6/26/2026 1:01:50 PM,656b7e14-f368-4196-b68a-fdb1e1554fc8,2.0,,,,,,,,,,,,,,,,,,,,,,,,,,,,,,,,,,,"(-10.5, 0.4, -4.0)","(-10.4, 1.0, -3.8)","(-10.6, 0.2, -3.8)",
PLAYER_POSITIONS,568630,6/26/2026 1:01:50 PM,656b7e14-f368-4196-b68a-fdb1e1554fc8,2.0,,,,,,,,,,,,,,,,,,,,,,,,,,,,,,,,,,,"(-10.9, 0.5, -3.8)","(-10.7, 1.2, -3.7)","(-10.9, 0.4, -3.6)",
PLAYER_GAZE,568630,6/26/2026 1:01:50 PM,656b7e14-f368-4196-b68a-fdb1e1554fc8,2.0,,,,,,,,,,,,,,,,,,,,,,,,Military PT 12,,,,,,,,,"(2.1, 1.2, 0.4)",,,"(-12.8, 0.0, -4.1)",
PLAYER_POSITIONS,568630,6/26/2026 1:01:50 PM,656b7e14-f368-4196-b68a-fdb1e1554fc8,2.0,,,,,,,,,,,,,,,,,,,,,,,,,,,,,,,,,,,"(-10.9, 0.5, -3.8)","(-10.7, 1.2, -3.7)","(-10.9, 0.4, -3.6)",
PLAYER_GAZE,568630,6/26/2026 1:01:50 PM,656b7e14-f368-4196-b68a-fdb1e1554fc8,2.0,,,,,,,,,,,,,,,,,,,,,,,,Military PT 12,,,,,,,,,"(2.1, 1.2, 0.4)",,,"(-12.8, 0.0, -4.1)",
VOICE_CAPTURE,569041,6/26/2026 1:01:51 PM,656b7e14-f368-4196-b68a-fdb1e1554fc8,2.0,,,,,,,,,,,,,,,,,,,,,,,,,,,,,,,,,,,,,,,,,,,,,,,,,,,NA,You're dead.,
PLAYER_POSITIONS,569130,6/26/2026 1:01:51 PM,656b7e14-f368-4196-b68a-fdb1e1554fc8,2.0,,,,,,,,,,,,,,,,,,,,,,,,,,,,,,,,,,,"(-10.9, 0.6, -3.6)","(-11.2, 1.6, -3.5)","(-11.3, 0.8, -3.4)",
PLAYER_POSITIONS,569130,6/26/2026 1:01:51 PM,656b7e14-f368-4196-b68a-fdb1e1554fc8,2.0,,,,,,,,,,,,,,,,,,,,,,,,,,,,,,,,,,,"(-10.9, 0.6, -3.6)","(-11.2, 1.6, -3.5)","(-11.3, 0.8, -3.4)",
VOICE_CAPTURE,569519,6/26/2026 1:01:51 PM,656b7e14-f368-4196-b68a-fdb1e1554fc8,2.0,,,,,,,,,,,,,,,,,,,,,,,,,,,,,,,,,,,,,,,,,,,,,,,,,,,NA,You're dead.,
VOICE_CAPTURE,569519,6/26/2026 1:01:51 PM,656b7e14-f368-4196-b68a-fdb1e1554fc8,2.0,,,,,,,,,,,,,,,,,,,,,,,,,,,,,,,,,,,,,,,,,,,,,,,,,,,NA,You're dead.,
PLAYER_POSITIONS,569650,6/26/2026 1:01:51 PM,656b7e14-f368-4196-b68a-fdb1e1554fc8,2.0,,,,,,,,,,,,,,,,,,,,,,,,,,,,,,,,,,,"(-11.2, 0.8, -3.7)","(-11.2, 1.7, -3.4)","(-11.5, 1.1, -3.3)",
PLAYER_GAZE,569650,6/26/2026 1:01:51 PM,656b7e14-f368-4196-b68a-fdb1e1554fc8,2.0,,,,,,,,,,,,,,,,,,,,,,,,Military PT 12,,,,,,,,,"(1.6, 1.7, 0.7)",,,"(-12.8, 0.0, -4.1)",
PLAYER_POSITIONS,569650,6/26/2026 1:01:51 PM,656b7e14-f368-4196-b68a-fdb1e1554fc8,2.0,,,,,,,,,,,,,,,,,,,,,,,,,,,,,,,,,,,"(-11.2, 0.8, -3.7)","(-11.2, 1.7, -3.4)","(-11.5, 1.1, -3.3)",
PLAYER_GAZE,569650,6/26/2026 1:01:51 PM,656b7e14-f368-4196-b68a-fdb1e1554fc8,2.0,,,,,,,,,,,,,,,,,,,,,,,,Military PT 12,,,,,,,,,"(1.6, 1.7, 0.7)",,,"(-12.8, 0.0, -4.1)",
PLAYER_POSITIONS,570152,6/26/2026 1:01:52 PM,656b7e14-f368-4196-b68a-fdb1e1554fc8,2.0,,,,,,,,,,,,,,,,,,,,,,,,,,,,,,,,,,,"(-11.3, 0.8, -3.7)","(-11.1, 1.7, -3.4)","(-11.4, 1.1, -3.2)",
PLAYER_POSITIONS,570152,6/26/2026 1:01:52 PM,656b7e14-f368-4196-b68a-fdb1e1554fc8,2.0,,,,,,,,,,,,,,,,,,,,,,,,,,,,,,,,,,,"(-11.3, 0.8, -3.7)","(-11.1, 1.7, -3.4)","(-11.4, 1.1, -3.2)",
AUDIO_START,570199,6/26/2026 1:01:52 PM,656b7e14-f368-4196-b68a-fdb1e1554fc8,2.0,hammer 1 2 cleared hot,2.847347,
PLAYER_POSITIONS,570675,6/26/2026 1:01:52 PM,656b7e14-f368-4196-b68a-fdb1e1554fc8,2.0,,,,,,,,,,,,,,,,,,,,,,,,,,,,,,,,,,,"(-11.3, 0.8, -3.7)","(-11.1, 1.7, -3.4)","(-11.3, 1.1, -3.1)",
PLAYER_POSITIONS,570675,6/26/2026 1:01:52 PM,656b7e14-f368-4196-b68a-fdb1e1554fc8,2.0,,,,,,,,,,,,,,,,,,,,,,,,,,,,,,,,,,,"(-11.3, 0.8, -3.7)","(-11.1, 1.7, -3.4)","(-11.3, 1.1, -3.1)",
TELEPORT,571097,6/26/2026 1:01:53 PM,656b7e14-f368-4196-b68a-fdb1e1554fc8,2.0,,,,,,,,,,,,,,,,,,,,,,,,,,,,,,,,,,,,"(-11.1, 1.7, -3.4)",,,,,,,"(-11.1, 1.7, -3.3)",
VOICE_CAPTURE,571097,6/26/2026 1:01:53 PM,656b7e14-f368-4196-b68a-fdb1e1554fc8,2.0,,,,,,,,,,,,,,,,,,,,,,,,,,,,,,,,,,,,,,,,,,,,,,,,,,,NA,You go for it.,
PLAYER_POSITIONS,571190,6/26/2026 1:01:53 PM,656b7e14-f368-4196-b68a-fdb1e1554fc8,2.0,,,,,,,,,,,,,,,,,,,,,,,,,,,,,,,,,,,"(-11.4, 0.8, -3.5)","(-11.1, 1.7, -3.3)","(-11.2, 1.1, -3.0)",
PLAYER_POSITIONS,571190,6/26/2026 1:01:53 PM,656b7e14-f368-4196-b68a-fdb1e1554fc8,2.0,,,,,,,,,,,,,,,,,,,,,,,,,,,,,,,,,,,"(-11.4, 0.8, -3.5)","(-11.1, 1.7, -3.3)","(-11.2, 1.1, -3.0)",
VOICE_CAPTURE,571560,6/26/2026 1:01:53 PM,656b7e14-f368-4196-b68a-fdb1e1554fc8,2.0,,,,,,,,,,,,,,,,,,,,,,,,,,,,,,,,,,,,,,,,,,,,,,,,,,,NA,"You go for it. You got fucked up, Buzz.",
PLAYER_POSITIONS,571711,6/26/2026 1:01:53 PM,656b7e14-f368-4196-b68a-fdb1e1554fc8,2.0,,,,,,,,,,,,,,,,,,,,,,,,,,,,,,,,,,,"(-11.4, 0.9, -3.4)","(-11.1, 1.7, -3.2)","(-11.1, 1.1, -2.9)",
PLAYER_POSITIONS,571711,6/26/2026 1:01:53 PM,656b7e14-f368-4196-b68a-fdb1e1554fc8,2.0,,,,,,,,,,,,,,,,,,,,,,,,,,,,,,,,,,,"(-11.4, 0.9, -3.4)","(-11.1, 1.7, -3.2)","(-11.1, 1.1, -2.9)",
TELEPORT,571821,6/26/2026 1:01:53 PM,656b7e14-f368-4196-b68a-fdb1e1554fc8,2.0,,,,,,,,,,,,,,,,,,,,,,,,,,,,,,,,,,,,"(-11.1, 1.7, -3.3)",,,,,,,"(-11.1, 1.7, -3.2)",
VOICE_CAPTURE,572044,6/26/2026 1:01:54 PM,656b7e14-f368-4196-b68a-fdb1e1554fc8,2.0,,,,,,,,,,,,,,,,,,,,,,,,,,,,,,,,,,,,,,,,,,,,,,,,,,,NA,You go for it. You got fucked up by this.,
PLAYER_POSITIONS,572232,6/26/2026 1:01:54 PM,656b7e14-f368-4196-b68a-fdb1e1554fc8,2.0,,,,,,,,,,,,,,,,,,,,,,,,,,,,,,,,,,,"(-11.5, 0.9, -3.3)","(-11.1, 1.7, -3.2)","(-11.2, 1.3, -2.8)",
PLAYER_POSITIONS,572232,6/26/2026 1:01:54 PM,656b7e14-f368-4196-b68a-fdb1e1554fc8,2.0,,,,,,,,,,,,,,,,,,,,,,,,,,,,,,,,,,,"(-11.5, 0.9, -3.3)","(-11.1, 1.7, -3.2)","(-11.2, 1.3, -2.8)",
VOICE_CAPTURE,572565,6/26/2026 1:01:54 PM,656b7e14-f368-4196-b68a-fdb1e1554fc8,2.0,,,,,,,,,,,,,,,,,,,,,,,,,,,,,,,,,,,,,,,,,,,,,,,,,,,NA,"You go for it. You got fucked up about this, but that's fine.",
TELEPORT,572699,6/26/2026 1:01:54 PM,656b7e14-f368-4196-b68a-fdb1e1554fc8,2.0,,,,,,,,,,,,,,,,,,,,,,,,,,,,,,,,,,,,"(-11.1, 1.7, -3.2)",,,,,,,"(-11.1, 1.7, -3.2)",
PLAYER_POSITIONS,572744,6/26/2026 1:01:54 PM,656b7e14-f368-4196-b68a-fdb1e1554fc8,2.0,,,,,,,,,,,,,,,,,,,,,,,,,,,,,,,,,,,"(-11.5, 0.9, -3.3)","(-11.1, 1.7, -3.2)","(-11.3, 1.2, -2.7)",
PLAYER_POSITIONS,572744,6/26/2026 1:01:54 PM,656b7e14-f368-4196-b68a-fdb1e1554fc8,2.0,,,,,,,,,,,,,,,,,,,,,,,,,,,,,,,,,,,"(-11.5, 0.9, -3.3)","(-11.1, 1.7, -3.2)","(-11.3, 1.2, -2.7)",
AUDIO_END,573076,6/26/2026 1:01:55 PM,656b7e14-f368-4196-b68a-fdb1e1554fc8,2.0,hammer 1 2 cleared hot,2.847347,
NARRATIVE_SECTION_END,573076,6/26/2026 1:01:55 PM,656b7e14-f368-4196-b68a-fdb1e1554fc8,2.0,,,,,,,,,,,,,,,,,,Hammer 1-2 cleared hot,65,
VOICE_CAPTURE,573076,6/26/2026 1:01:55 PM,656b7e14-f368-4196-b68a-fdb1e1554fc8,2.0,,,,,,,,,,,,,,,,,,,,,,,,,,,,,,,,,,,,,,,,,,,,,,,,,,,NA,"You go for it. You got fucked up about this, but that's fine.",
VOICE_CAPTURE,573076,6/26/2026 1:01:55 PM,656b7e14-f368-4196-b68a-fdb1e1554fc8,2.0,,,,,,,,,,,,,,,,,,,,,,,,,,,,,,,,,,,,,,,,,,,,,,,,,,,NA,"You go for it. You got fucked up about this, but that's fine.",
NARRATIVE_SECTION_START,573094,6/26/2026 1:01:55 PM,656b7e14-f368-4196-b68a-fdb1e1554fc8,2.0,,,,,,,,,,,,,,,,,,Jet flyover 1-2 enable,66,
PLAYER_POSITIONS,573254,6/26/2026 1:01:55 PM,656b7e14-f368-4196-b68a-fdb1e1554fc8,2.0,,,,,,,,,,,,,,,,,,,,,,,,,,,,,,,,,,,"(-11.4, 0.9, -3.4)","(-11.1, 1.7, -3.3)","(-11.2, 1.1, -2.7)",
PLAYER_POSITIONS,573254,6/26/2026 1:01:55 PM,656b7e14-f368-4196-b68a-fdb1e1554fc8,2.0,,,,,,,,,,,,,,,,,,,,,,,,,,,,,,,,,,,"(-11.4, 0.9, -3.4)","(-11.1, 1.7, -3.3)","(-11.2, 1.1, -2.7)",
PATIENT_DISENGAGED,573739,6/26/2026 1:01:55 PM,656b7e14-f368-4196-b68a-fdb1e1554fc8,2.0,,,,5.68,,,,,,,,,,,,,,,,fast,100,Infinity,normal,Military PT 4,upset,kneeling,"(-11.1, -0.1, -4.7)",faint,"(0.0, 1.0, 0.0, 0.2)",normal,IMMEDIATE,still,,,,,,,,,,,,,,,,,43.01,
PLAYER_POSITIONS,573764,6/26/2026 1:01:55 PM,656b7e14-f368-4196-b68a-fdb1e1554fc8,2.0,,,,,,,,,,,,,,,,,,,,,,,,,,,,,,,,,,,"(-11.8, 0.9, -3.2)","(-11.4, 1.7, -3.1)","(-11.6, 1.1, -2.6)",
PLAYER_POSITIONS,573764,6/26/2026 1:01:55 PM,656b7e14-f368-4196-b68a-fdb1e1554fc8,2.0,,,,,,,,,,,,,,,,,,,,,,,,,,,,,,,,,,,"(-11.8, 0.9, -3.2)","(-11.4, 1.7, -3.1)","(-11.6, 1.1, -2.6)",
TELEPORT,573941,6/26/2026 1:01:56 PM,656b7e14-f368-4196-b68a-fdb1e1554fc8,2.0,,,,,,,,,,,,,,,,,,,,,,,,,,,,,,,,,,,,"(-11.1, 1.7, -3.3)",,,,,,,"(-12.9, 1.7, -0.3)",
NARRATIVE_SECTION_END,574119,6/26/2026 1:01:56 PM,656b7e14-f368-4196-b68a-fdb1e1554fc8,2.0,,,,,,,,,,,,,,,,,,Jet flyover 1-2 enable,66,
NARRATIVE_SECTION_START,574137,6/26/2026 1:01:56 PM,656b7e14-f368-4196-b68a-fdb1e1554fc8,2.0,,,,,,,,,,,,,,,,,,Double jet flyover,67,
PLAYER_POSITIONS,574279,6/26/2026 1:01:56 PM,656b7e14-f368-4196-b68a-fdb1e1554fc8,2.0,,,,,,,,,,,,,,,,,,,,,,,,,,,,,,,,,,,"(-13.2, 0.9, -0.4)","(-13.0, 1.7, -0.3)","(-12.8, 0.8, -0.1)",
PLAYER_GAZE,574279,6/26/2026 1:01:56 PM,656b7e14-f368-4196-b68a-fdb1e1554fc8,2.0,,,,,,,,,,,,,,,,,,,,,,,,Civilian PT 15,,,,,,,,,"(1.4, 1.7, 0.0)",,,"(-14.4, 0.0, -0.3)",
PLAYER_POSITIONS,574279,6/26/2026 1:01:56 PM,656b7e14-f368-4196-b68a-fdb1e1554fc8,2.0,,,,,,,,,,,,,,,,,,,,,,,,,,,,,,,,,,,"(-13.2, 0.9, -0.4)","(-13.0, 1.7, -0.3)","(-12.8, 0.8, -0.1)",
PLAYER_GAZE,574279,6/26/2026 1:01:56 PM,656b7e14-f368-4196-b68a-fdb1e1554fc8,2.0,,,,,,,,,,,,,,,,,,,,,,,,Civilian PT 15,,,,,,,,,"(1.4, 1.7, 0.0)",,,"(-14.4, 0.0, -0.3)",
PLAYER_POSITIONS,574795,6/26/2026 1:01:56 PM,656b7e14-f368-4196-b68a-fdb1e1554fc8,2.0,,,,,,,,,,,,,,,,,,,,,,,,,,,,,,,,,,,"(-13.2, 0.8, -0.5)","(-13.0, 1.7, -0.4)","(-12.8, 0.8, 0.0)",
PLAYER_POSITIONS,574795,6/26/2026 1:01:56 PM,656b7e14-f368-4196-b68a-fdb1e1554fc8,2.0,,,,,,,,,,,,,,,,,,,,,,,,,,,,,,,,,,,"(-13.2, 0.8, -0.5)","(-13.0, 1.7, -0.4)","(-12.8, 0.8, 0.0)",
PLAYER_POSITIONS,575299,6/26/2026 1:01:57 PM,656b7e14-f368-4196-b68a-fdb1e1554fc8,2.0,,,,,,,,,,,,,,,,,,,,,,,,,,,,,,,,,,,"(-13.2, 0.8, -0.5)","(-13.0, 1.7, -0.3)","(-12.9, 0.8, -0.1)",
PLAYER_GAZE,575299,6/26/2026 1:01:57 PM,656b7e14-f368-4196-b68a-fdb1e1554fc8,2.0,,,,,,,,,,,,,,,,,,,,,,,,Civilian PT 15,,,,,,,,,"(1.4, 1.7, 0.0)",,,"(-14.4, 0.0, -0.3)",
PLAYER_POSITIONS,575299,6/26/2026 1:01:57 PM,656b7e14-f368-4196-b68a-fdb1e1554fc8,2.0,,,,,,,,,,,,,,,,,,,,,,,,,,,,,,,,,,,"(-13.2, 0.8, -0.5)","(-13.0, 1.7, -0.3)","(-12.9, 0.8, -0.1)",
PLAYER_GAZE,575299,6/26/2026 1:01:57 PM,656b7e14-f368-4196-b68a-fdb1e1554fc8,2.0,,,,,,,,,,,,,,,,,,,,,,,,Civilian PT 15,,,,,,,,,"(1.4, 1.7, 0.0)",,,"(-14.4, 0.0, -0.3)",
PLAYER_POSITIONS,575822,6/26/2026 1:01:57 PM,656b7e14-f368-4196-b68a-fdb1e1554fc8,2.0,,,,,,,,,,,,,,,,,,,,,,,,,,,,,,,,,,,"(-13.3, 0.8, -0.3)","(-13.0, 1.7, -0.2)","(-12.9, 0.9, 0.0)",
PLAYER_POSITIONS,575822,6/26/2026 1:01:57 PM,656b7e14-f368-4196-b68a-fdb1e1554fc8,2.0,,,,,,,,,,,,,,,,,,,,,,,,,,,,,,,,,,,"(-13.3, 0.8, -0.3)","(-13.0, 1.7, -0.2)","(-12.9, 0.9, 0.0)",
AUDIO_START,576145,6/26/2026 1:01:58 PM,656b7e14-f368-4196-b68a-fdb1e1554fc8,2.0,double jet flyover,9.576,
PLAYER_POSITIONS,576324,6/26/2026 1:01:58 PM,656b7e14-f368-4196-b68a-fdb1e1554fc8,2.0,,,,,,,,,,,,,,,,,,,,,,,,,,,,,,,,,,,"(-13.4, 0.8, 0.0)","(-13.1, 1.7, -0.2)","(-12.9, 1.1, 0.0)",
PLAYER_GAZE,576324,6/26/2026 1:01:58 PM,656b7e14-f368-4196-b68a-fdb1e1554fc8,2.0,,,,,,,,,,,,,,,,,,,,,,,,Military PT 2,,,,,,,,,"(-1.1, 1.7, -1.3)",,,"(-12.0, 0.0, 1.1)",
PLAYER_POSITIONS,576324,6/26/2026 1:01:58 PM,656b7e14-f368-4196-b68a-fdb1e1554fc8,2.0,,,,,,,,,,,,,,,,,,,,,,,,,,,,,,,,,,,"(-13.4, 0.8, 0.0)","(-13.1, 1.7, -0.2)","(-12.9, 1.1, 0.0)",
PLAYER_GAZE,576324,6/26/2026 1:01:58 PM,656b7e14-f368-4196-b68a-fdb1e1554fc8,2.0,,,,,,,,,,,,,,,,,,,,,,,,Military PT 2,,,,,,,,,"(-1.1, 1.7, -1.3)",,,"(-12.0, 0.0, 1.1)",
PLAYER_POSITIONS,576835,6/26/2026 1:01:58 PM,656b7e14-f368-4196-b68a-fdb1e1554fc8,2.0,,,,,,,,,,,,,,,,,,,,,,,,,,,,,,,,,,,"(-13.3, 0.8, 0.0)","(-13.2, 1.7, -0.2)","(-12.9, 1.1, 0.0)",
PLAYER_POSITIONS,576835,6/26/2026 1:01:58 PM,656b7e14-f368-4196-b68a-fdb1e1554fc8,2.0,,,,,,,,,,,,,,,,,,,,,,,,,,,,,,,,,,,"(-13.3, 0.8, 0.0)","(-13.2, 1.7, -0.2)","(-12.9, 1.1, 0.0)",
TELEPORT,577066,6/26/2026 1:01:59 PM,656b7e14-f368-4196-b68a-fdb1e1554fc8,2.0,,,,,,,,,,,,,,,,,,,,,,,,,,,,,,,,,,,,"(-13.1, 1.7, -0.2)",,,,,,,"(-13.2, 1.7, -0.2)",
PLAYER_POSITIONS,577355,6/26/2026 1:01:59 PM,656b7e14-f368-4196-b68a-fdb1e1554fc8,2.0,,,,,,,,,,,,,,,,,,,,,,,,,,,,,,,,,,,"(-13.4, 0.8, 0.0)","(-13.2, 1.7, -0.2)","(-13.0, 1.2, 0.0)",
PLAYER_GAZE,577355,6/26/2026 1:01:59 PM,656b7e14-f368-4196-b68a-fdb1e1554fc8,2.0,,,,,,,,,,,,,,,,,,,,,,,,Civilian PT 14,,,,,,,,,"(0.8, 1.7, -3.8)",,,"(-14.1, 0.0, 3.6)",
PLAYER_POSITIONS,577355,6/26/2026 1:01:59 PM,656b7e14-f368-4196-b68a-fdb1e1554fc8,2.0,,,,,,,,,,,,,,,,,,,,,,,,,,,,,,,,,,,"(-13.4, 0.8, 0.0)","(-13.2, 1.7, -0.2)","(-13.0, 1.2, 0.0)",
PLAYER_GAZE,577355,6/26/2026 1:01:59 PM,656b7e14-f368-4196-b68a-fdb1e1554fc8,2.0,,,,,,,,,,,,,,,,,,,,,,,,Civilian PT 14,,,,,,,,,"(0.8, 1.7, -3.8)",,,"(-14.1, 0.0, 3.6)",
TELEPORT,577811,6/26/2026 1:01:59 PM,656b7e14-f368-4196-b68a-fdb1e1554fc8,2.0,,,,,,,,,,,,,,,,,,,,,,,,,,,,,,,,,,,,"(-13.2, 1.7, -0.2)",,,,,,,"(-13.2, 1.7, -0.2)",
PLAYER_POSITIONS,577856,6/26/2026 1:01:59 PM,656b7e14-f368-4196-b68a-fdb1e1554fc8,2.0,,,,,,,,,,,,,,,,,,,,,,,,,,,,,,,,,,,"(-13.4, 0.8, 0.0)","(-13.2, 1.7, -0.2)","(-13.0, 1.3, 0.1)",
PLAYER_POSITIONS,577856,6/26/2026 1:01:59 PM,656b7e14-f368-4196-b68a-fdb1e1554fc8,2.0,,,,,,,,,,,,,,,,,,,,,,,,,,,,,,,,,,,"(-13.4, 0.8, 0.0)","(-13.2, 1.7, -0.2)","(-13.0, 1.3, 0.1)",
PLAYER_POSITIONS,578355,6/26/2026 1:02:00 PM,656b7e14-f368-4196-b68a-fdb1e1554fc8,2.0,,,,,,,,,,,,,,,,,,,,,,,,,,,,,,,,,,,"(-13.3, 0.8, 0.0)","(-13.1, 1.7, -0.3)","(-12.7, 1.2, 0.1)",
PLAYER_GAZE,578355,6/26/2026 1:02:00 PM,656b7e14-f368-4196-b68a-fdb1e1554fc8,2.0,,,,,,,,,,,,,,,,,,,,,,,,Lifting NPC,,,,,,,,,"(-4.6, 1.7, -4.0)",,,"(-8.5, 0.0, 3.8)",
PLAYER_POSITIONS,578355,6/26/2026 1:02:00 PM,656b7e14-f368-4196-b68a-fdb1e1554fc8,2.0,,,,,,,,,,,,,,,,,,,,,,,,,,,,,,,,,,,"(-13.3, 0.8, 0.0)","(-13.1, 1.7, -0.3)","(-12.7, 1.2, 0.1)",
PLAYER_GAZE,578355,6/26/2026 1:02:00 PM,656b7e14-f368-4196-b68a-fdb1e1554fc8,2.0,,,,,,,,,,,,,,,,,,,,,,,,Lifting NPC,,,,,,,,,"(-4.6, 1.7, -4.0)",,,"(-8.5, 0.0, 3.8)",
PLAYER_POSITIONS,578878,6/26/2026 1:02:01 PM,656b7e14-f368-4196-b68a-fdb1e1554fc8,2.0,,,,,,,,,,,,,,,,,,,,,,,,,,,,,,,,,,,"(-13.3, 0.8, 0.0)","(-13.1, 1.7, -0.2)","(-12.7, 1.2, 0.0)",
PLAYER_GAZE,578878,6/26/2026 1:02:01 PM,656b7e14-f368-4196-b68a-fdb1e1554fc8,2.0,,,,,,,,,,,,,,,,,,,,,,,,Military PT 2,,,,,,,,,"(-1.1, 1.7, -1.3)",,,"(-12.0, 0.0, 1.1)",
PLAYER_POSITIONS,578878,6/26/2026 1:02:01 PM,656b7e14-f368-4196-b68a-fdb1e1554fc8,2.0,,,,,,,,,,,,,,,,,,,,,,,,,,,,,,,,,,,"(-13.3, 0.8, 0.0)","(-13.1, 1.7, -0.2)","(-12.7, 1.2, 0.0)",
PLAYER_GAZE,578878,6/26/2026 1:02:01 PM,656b7e14-f368-4196-b68a-fdb1e1554fc8,2.0,,,,,,,,,,,,,,,,,,,,,,,,Military PT 2,,,,,,,,,"(-1.1, 1.7, -1.3)",,,"(-12.0, 0.0, 1.1)",
TELEPORT,579144,6/26/2026 1:02:01 PM,656b7e14-f368-4196-b68a-fdb1e1554fc8,2.0,,,,,,,,,,,,,,,,,,,,,,,,,,,,,,,,,,,,"(-13.1, 1.7, -0.2)",,,,,,,"(-10.3, 1.8, 3.1)",
PLAYER_POSITIONS,579389,6/26/2026 1:02:01 PM,656b7e14-f368-4196-b68a-fdb1e1554fc8,2.0,,,,,,,,,,,,,,,,,,,,,,,,,,,,,,,,,,,"(-10.5, 0.9, 3.3)","(-10.2, 1.8, 3.1)","(-9.9, 1.2, 3.3)",
PLAYER_GAZE,579389,6/26/2026 1:02:01 PM,656b7e14-f368-4196-b68a-fdb1e1554fc8,2.0,,,,,,,,,,,,,,,,,,,,,,,,Lifting NPC,,,,,,,,,"(-1.7, 1.8, -0.6)",,,"(-8.5, 0.0, 3.8)",
PLAYER_POSITIONS,579389,6/26/2026 1:02:01 PM,656b7e14-f368-4196-b68a-fdb1e1554fc8,2.0,,,,,,,,,,,,,,,,,,,,,,,,,,,,,,,,,,,"(-10.5, 0.9, 3.3)","(-10.2, 1.8, 3.1)","(-9.9, 1.2, 3.3)",
PLAYER_GAZE,579389,6/26/2026 1:02:01 PM,656b7e14-f368-4196-b68a-fdb1e1554fc8,2.0,,,,,,,,,,,,,,,,,,,,,,,,Lifting NPC,,,,,,,,,"(-1.7, 1.8, -0.6)",,,"(-8.5, 0.0, 3.8)",
PLAYER_POSITIONS,579902,6/26/2026 1:02:02 PM,656b7e14-f368-4196-b68a-fdb1e1554fc8,2.0,,,,,,,,,,,,,,,,,,,,,,,,,,,,,,,,,,,"(-10.3, 0.9, 3.3)","(-10.1, 1.9, 3.0)","(-9.8, 1.2, 3.1)",
PLAYER_GAZE,579902,6/26/2026 1:02:02 PM,656b7e14-f368-4196-b68a-fdb1e1554fc8,2.0,,,,,,,,,,,,,,,,,,,,,,,,Military PT 1,,,,,,,,,"(-3.3, 1.9, 0.9)",,,"(-6.8, 0.0, 2.1)",
PLAYER_POSITIONS,579902,6/26/2026 1:02:02 PM,656b7e14-f368-4196-b68a-fdb1e1554fc8,2.0,,,,,,,,,,,,,,,,,,,,,,,,,,,,,,,,,,,"(-10.3, 0.9, 3.3)","(-10.1, 1.9, 3.0)","(-9.8, 1.2, 3.1)",
PLAYER_GAZE,579902,6/26/2026 1:02:02 PM,656b7e14-f368-4196-b68a-fdb1e1554fc8,2.0,,,,,,,,,,,,,,,,,,,,,,,,Military PT 1,,,,,,,,,"(-3.3, 1.9, 0.9)",,,"(-6.8, 0.0, 2.1)",
PLAYER_POSITIONS,580408,6/26/2026 1:02:02 PM,656b7e14-f368-4196-b68a-fdb1e1554fc8,2.0,,,,,,,,,,,,,,,,,,,,,,,,,,,,,,,,,,,"(-10.0, 0.9, 3.4)","(-10.1, 1.8, 3.1)","(-9.8, 1.1, 2.8)",
PLAYER_POSITIONS,580408,6/26/2026 1:02:02 PM,656b7e14-f368-4196-b68a-fdb1e1554fc8,2.0,,,,,,,,,,,,,,,,,,,,,,,,,,,,,,,,,,,"(-10.0, 0.9, 3.4)","(-10.1, 1.8, 3.1)","(-9.8, 1.1, 2.8)",
PLAYER_POSITIONS,580931,6/26/2026 1:02:03 PM,656b7e14-f368-4196-b68a-fdb1e1554fc8,2.0,,,,,,,,,,,,,,,,,,,,,,,,,,,,,,,,,,,"(-9.9, 0.9, 3.4)","(-10.1, 1.8, 3.2)","(-9.9, 1.1, 2.9)",
PLAYER_GAZE,580931,6/26/2026 1:02:03 PM,656b7e14-f368-4196-b68a-fdb1e1554fc8,2.0,,,,,,,,,,,,,,,,,,,,,,,,Military PT 11,,,,,,,,,"(-3.6, 1.8, 3.5)",,,"(-6.4, 0.0, -0.3)",
PLAYER_POSITIONS,580931,6/26/2026 1:02:03 PM,656b7e14-f368-4196-b68a-fdb1e1554fc8,2.0,,,,,,,,,,,,,,,,,,,,,,,,,,,,,,,,,,,"(-9.9, 0.9, 3.4)","(-10.1, 1.8, 3.2)","(-9.9, 1.1, 2.9)",
PLAYER_GAZE,580931,6/26/2026 1:02:03 PM,656b7e14-f368-4196-b68a-fdb1e1554fc8,2.0,,,,,,,,,,,,,,,,,,,,,,,,Military PT 11,,,,,,,,,"(-3.6, 1.8, 3.5)",,,"(-6.4, 0.0, -0.3)",
PLAYER_POSITIONS,581445,6/26/2026 1:02:03 PM,656b7e14-f368-4196-b68a-fdb1e1554fc8,2.0,,,,,,,,,,,,,,,,,,,,,,,,,,,,,,,,,,,"(-9.9, 0.9, 3.4)","(-10.1, 1.8, 3.3)","(-9.9, 1.2, 3.0)",
PLAYER_GAZE,581445,6/26/2026 1:02:03 PM,656b7e14-f368-4196-b68a-fdb1e1554fc8,2.0,,,,,,,,,,,,,,,,,,,,,,,,Military PT 11,,,,,,,,,"(-3.6, 1.8, 3.5)",,,"(-6.4, 0.0, -0.3)",
PLAYER_POSITIONS,581445,6/26/2026 1:02:03 PM,656b7e14-f368-4196-b68a-fdb1e1554fc8,2.0,,,,,,,,,,,,,,,,,,,,,,,,,,,,,,,,,,,"(-9.9, 0.9, 3.4)","(-10.1, 1.8, 3.3)","(-9.9, 1.2, 3.0)",
PLAYER_GAZE,581445,6/26/2026 1:02:03 PM,656b7e14-f368-4196-b68a-fdb1e1554fc8,2.0,,,,,,,,,,,,,,,,,,,,,,,,Military PT 11,,,,,,,,,"(-3.6, 1.8, 3.5)",,,"(-6.4, 0.0, -0.3)",
PLAYER_POSITIONS,581965,6/26/2026 1:02:04 PM,656b7e14-f368-4196-b68a-fdb1e1554fc8,2.0,,,,,,,,,,,,,,,,,,,,,,,,,,,,,,,,,,,"(-9.9, 0.9, 3.5)","(-10.0, 1.8, 3.3)","(-9.8, 1.5, 2.8)",
PLAYER_POSITIONS,581965,6/26/2026 1:02:04 PM,656b7e14-f368-4196-b68a-fdb1e1554fc8,2.0,,,,,,,,,,,,,,,,,,,,,,,,,,,,,,,,,,,"(-9.9, 0.9, 3.5)","(-10.0, 1.8, 3.3)","(-9.8, 1.5, 2.8)",
TELEPORT,582376,6/26/2026 1:02:04 PM,656b7e14-f368-4196-b68a-fdb1e1554fc8,2.0,,,,,,,,,,,,,,,,,,,,,,,,,,,,,,,,,,,,"(-10.1, 1.8, 3.3)",,,,,,,"(-10.1, 1.8, 3.3)",
PLAYER_POSITIONS,582509,6/26/2026 1:02:04 PM,656b7e14-f368-4196-b68a-fdb1e1554fc8,2.0,,,,,,,,,,,,,,,,,,,,,,,,,,,,,,,,,,,"(-9.9, 0.9, 3.5)","(-10.1, 1.8, 3.3)","(-9.7, 1.2, 2.9)",
PLAYER_POSITIONS,582509,6/26/2026 1:02:04 PM,656b7e14-f368-4196-b68a-fdb1e1554fc8,2.0,,,,,,,,,,,,,,,,,,,,,,,,,,,,,,,,,,,"(-9.9, 0.9, 3.5)","(-10.1, 1.8, 3.3)","(-9.7, 1.2, 2.9)",
PLAYER_POSITIONS,583032,6/26/2026 1:02:05 PM,656b7e14-f368-4196-b68a-fdb1e1554fc8,2.0,,,,,,,,,,,,,,,,,,,,,,,,,,,,,,,,,,,"(-9.9, 0.9, 3.5)","(-10.1, 1.8, 3.3)","(-9.8, 1.2, 2.9)",
PLAYER_POSITIONS,583032,6/26/2026 1:02:05 PM,656b7e14-f368-4196-b68a-fdb1e1554fc8,2.0,,,,,,,,,,,,,,,,,,,,,,,,,,,,,,,,,,,"(-9.9, 0.9, 3.5)","(-10.1, 1.8, 3.3)","(-9.8, 1.2, 2.9)",
PLAYER_POSITIONS,583543,6/26/2026 1:02:05 PM,656b7e14-f368-4196-b68a-fdb1e1554fc8,2.0,,,,,,,,,,,,,,,,,,,,,,,,,,,,,,,,,,,"(-9.9, 0.9, 3.5)","(-10.1, 1.8, 3.3)","(-9.8, 1.2, 2.8)",
PLAYER_POSITIONS,583543,6/26/2026 1:02:05 PM,656b7e14-f368-4196-b68a-fdb1e1554fc8,2.0,,,,,,,,,,,,,,,,,,,,,,,,,,,,,,,,,,,"(-9.9, 0.9, 3.5)","(-10.1, 1.8, 3.3)","(-9.8, 1.2, 2.8)",
TELEPORT,583907,6/26/2026 1:02:06 PM,656b7e14-f368-4196-b68a-fdb1e1554fc8,2.0,,,,,,,,,,,,,,,,,,,,,,,,,,,,,,,,,,,,"(-10.1, 1.8, 3.3)",,,,,,,"(-8.1, 1.7, 2.3)",
PATIENT_ENGAGED,583995,6/26/2026 1:02:06 PM,656b7e14-f368-4196-b68a-fdb1e1554fc8,2.0,,,,0,,,,,,,,,,,,,,,,normal,100,Infinity,normal,Military PT 1,unresponsive,supine,"(-6.8, -0.1, 2.1)",faint,"(0.0, 0.3, 0.0, 1.0)",normal,IMMEDIATE,still,,,,,,,,,,,,,,,,,27.87,
PLAYER_POSITIONS,584064,6/26/2026 1:02:06 PM,656b7e14-f368-4196-b68a-fdb1e1554fc8,2.0,,,,,,,,,,,,,,,,,,,,,,,,,,,,,,,,,,,"(-7.9, 0.8, 2.5)","(-8.1, 1.6, 2.3)","(-7.9, 1.1, 1.9)",
PLAYER_POSITIONS,584064,6/26/2026 1:02:06 PM,656b7e14-f368-4196-b68a-fdb1e1554fc8,2.0,,,,,,,,,,,,,,,,,,,,,,,,,,,,,,,,,,,"(-7.9, 0.8, 2.5)","(-8.1, 1.6, 2.3)","(-7.9, 1.1, 1.9)",
PLAYER_POSITIONS,584574,6/26/2026 1:02:06 PM,656b7e14-f368-4196-b68a-fdb1e1554fc8,2.0,,,,,,,,,,,,,,,,,,,,,,,,,,,,,,,,,,,"(-7.8, 0.8, 2.4)","(-7.8, 1.6, 2.1)","(-7.7, 1.0, 1.8)",
PLAYER_POSITIONS,584574,6/26/2026 1:02:06 PM,656b7e14-f368-4196-b68a-fdb1e1554fc8,2.0,,,,,,,,,,,,,,,,,,,,,,,,,,,,,,,,,,,"(-7.8, 0.8, 2.4)","(-7.8, 1.6, 2.1)","(-7.7, 1.0, 1.8)",
PLAYER_POSITIONS,585097,6/26/2026 1:02:07 PM,656b7e14-f368-4196-b68a-fdb1e1554fc8,2.0,,,,,,,,,,,,,,,,,,,,,,,,,,,,,,,,,,,"(-7.7, 0.8, 2.0)","(-7.7, 1.6, 1.8)","(-7.7, 0.9, 1.4)",
PLAYER_POSITIONS,585097,6/26/2026 1:02:07 PM,656b7e14-f368-4196-b68a-fdb1e1554fc8,2.0,,,,,,,,,,,,,,,,,,,,,,,,,,,,,,,,,,,"(-7.7, 0.8, 2.0)","(-7.7, 1.6, 1.8)","(-7.7, 0.9, 1.4)",
EVAC_RADIO_ALERT,585495,6/26/2026 1:02:07 PM,656b7e14-f368-4196-b68a-fdb1e1554fc8,2.0,,,,,,,,1,
AUDIO_START,585502,6/26/2026 1:02:07 PM,656b7e14-f368-4196-b68a-fdb1e1554fc8,2.0,evac in 1 minute,5.172245,
PLAYER_POSITIONS,585609,6/26/2026 1:02:07 PM,656b7e14-f368-4196-b68a-fdb1e1554fc8,2.0,,,,,,,,,,,,,,,,,,,,,,,,,,,,,,,,,,,"(-7.5, 0.8, 1.8)","(-7.5, 1.6, 1.5)","(-7.6, 0.8, 1.4)",
PLAYER_POSITIONS,585609,6/26/2026 1:02:07 PM,656b7e14-f368-4196-b68a-fdb1e1554fc8,2.0,,,,,,,,,,,,,,,,,,,,,,,,,,,,,,,,,,,"(-7.5, 0.8, 1.8)","(-7.5, 1.6, 1.5)","(-7.6, 0.8, 1.4)",
AUDIO_END,585719,6/26/2026 1:02:07 PM,656b7e14-f368-4196-b68a-fdb1e1554fc8,2.0,double jet flyover,9.576,
NARRATIVE_SECTION_END,585719,6/26/2026 1:02:07 PM,656b7e14-f368-4196-b68a-fdb1e1554fc8,2.0,,,,,,,,,,,,,,,,,,Double jet flyover,67,
TELEPORT,585719,6/26/2026 1:02:07 PM,656b7e14-f368-4196-b68a-fdb1e1554fc8,2.0,,,,,,,,,,,,,,,,,,,,,,,,,,,,,,,,,,,,"(-7.6, 1.6, 1.6)",,,,,,,"(-7.5, 1.6, 1.5)",
NARRATIVE_SECTION_START,585761,6/26/2026 1:02:07 PM,656b7e14-f368-4196-b68a-fdb1e1554fc8,2.0,,,,,,,,,,,,,,,,,,Double Distant Explosion,68,
PLAYER_POSITIONS,586119,6/26/2026 1:02:08 PM,656b7e14-f368-4196-b68a-fdb1e1554fc8,2.0,,,,,,,,,,,,,,,,,,,,,,,,,,,,,,,,,,,"(-7.3, 0.6, 1.7)","(-7.2, 1.3, 1.5)","(-7.5, 0.6, 1.5)",
PLAYER_POSITIONS,586119,6/26/2026 1:02:08 PM,656b7e14-f368-4196-b68a-fdb1e1554fc8,2.0,,,,,,,,,,,,,,,,,,,,,,,,,,,,,,,,,,,"(-7.3, 0.6, 1.7)","(-7.2, 1.3, 1.5)","(-7.5, 0.6, 1.5)",
PLAYER_POSITIONS,586642,6/26/2026 1:02:08 PM,656b7e14-f368-4196-b68a-fdb1e1554fc8,2.0,,,,,,,,,,,,,,,,,,,,,,,,,,,,,,,,,,,"(-7.0, 0.2, 1.7)","(-7.0, 0.9, 1.5)","(-7.4, 0.4, 1.7)",
PLAYER_POSITIONS,586642,6/26/2026 1:02:08 PM,656b7e14-f368-4196-b68a-fdb1e1554fc8,2.0,,,,,,,,,,,,,,,,,,,,,,,,,,,,,,,,,,,"(-7.0, 0.2, 1.7)","(-7.0, 0.9, 1.5)","(-7.4, 0.4, 1.7)",
PULSE_TAKEN,586795,6/26/2026 1:02:08 PM,656b7e14-f368-4196-b68a-fdb1e1554fc8,2.0,,,,,,,,,,,,,,,,,,,,,,,,Military PT 1,,,,pulse_faint,
PLAYER_POSITIONS,587142,6/26/2026 1:02:09 PM,656b7e14-f368-4196-b68a-fdb1e1554fc8,2.0,,,,,,,,,,,,,,,,,,,,,,,,,,,,,,,,,,,"(-6.9, 0.1, 1.6)","(-7.0, 0.8, 1.5)","(-7.2, 0.4, 1.7)",
PLAYER_POSITIONS,587142,6/26/2026 1:02:09 PM,656b7e14-f368-4196-b68a-fdb1e1554fc8,2.0,,,,,,,,,,,,,,,,,,,,,,,,,,,,,,,,,,,"(-6.9, 0.1, 1.6)","(-7.0, 0.8, 1.5)","(-7.2, 0.4, 1.7)",
PLAYER_POSITIONS,587653,6/26/2026 1:02:09 PM,656b7e14-f368-4196-b68a-fdb1e1554fc8,2.0,,,,,,,,,,,,,,,,,,,,,,,,,,,,,,,,,,,"(-7.0, 0.1, 1.6)","(-7.0, 0.8, 1.5)","(-7.2, 0.4, 1.8)",
PLAYER_POSITIONS,587653,6/26/2026 1:02:09 PM,656b7e14-f368-4196-b68a-fdb1e1554fc8,2.0,,,,,,,,,,,,,,,,,,,,,,,,,,,,,,,,,,,"(-7.0, 0.1, 1.6)","(-7.0, 0.8, 1.5)","(-7.2, 0.4, 1.8)",
PLAYER_POSITIONS,588165,6/26/2026 1:02:10 PM,656b7e14-f368-4196-b68a-fdb1e1554fc8,2.0,,,,,,,,,,,,,,,,,,,,,,,,,,,,,,,,,,,"(-7.0, 0.1, 1.6)","(-7.0, 0.9, 1.4)","(-7.2, 0.4, 1.8)",
PLAYER_POSITIONS,588165,6/26/2026 1:02:10 PM,656b7e14-f368-4196-b68a-fdb1e1554fc8,2.0,,,,,,,,,,,,,,,,,,,,,,,,,,,,,,,,,,,"(-7.0, 0.1, 1.6)","(-7.0, 0.9, 1.4)","(-7.2, 0.4, 1.8)",
PLAYER_POSITIONS,588687,6/26/2026 1:02:10 PM,656b7e14-f368-4196-b68a-fdb1e1554fc8,2.0,,,,,,,,,,,,,,,,,,,,,,,,,,,,,,,,,,,"(-7.3, 0.3, 1.5)","(-7.1, 1.0, 1.3)","(-7.0, 0.5, 1.1)",
PLAYER_POSITIONS,588687,6/26/2026 1:02:10 PM,656b7e14-f368-4196-b68a-fdb1e1554fc8,2.0,,,,,,,,,,,,,,,,,,,,,,,,,,,,,,,,,,,"(-7.3, 0.3, 1.5)","(-7.1, 1.0, 1.3)","(-7.0, 0.5, 1.1)",
PLAYER_POSITIONS,589189,6/26/2026 1:02:11 PM,656b7e14-f368-4196-b68a-fdb1e1554fc8,2.0,,,,,,,,,,,,,,,,,,,,,,,,,,,,,,,,,,,"(-7.2, 0.5, 1.2)","(-7.1, 1.1, 1.1)","(-7.1, 0.5, 0.9)",
PLAYER_POSITIONS,589189,6/26/2026 1:02:11 PM,656b7e14-f368-4196-b68a-fdb1e1554fc8,2.0,,,,,,,,,,,,,,,,,,,,,,,,,,,,,,,,,,,"(-7.2, 0.5, 1.2)","(-7.1, 1.1, 1.1)","(-7.1, 0.5, 0.9)",
PLAYER_POSITIONS,589691,6/26/2026 1:02:11 PM,656b7e14-f368-4196-b68a-fdb1e1554fc8,2.0,,,,,,,,,,,,,,,,,,,,,,,,,,,,,,,,,,,"(-7.2, 0.6, 0.9)","(-7.2, 1.1, 1.0)","(-7.2, 0.4, 1.1)",
PLAYER_POSITIONS,589691,6/26/2026 1:02:11 PM,656b7e14-f368-4196-b68a-fdb1e1554fc8,2.0,,,,,,,,,,,,,,,,,,,,,,,,,,,,,,,,,,,"(-7.2, 0.6, 0.9)","(-7.2, 1.1, 1.0)","(-7.2, 0.4, 1.1)",
TOOL_HOVER,589821,6/26/2026 1:02:11 PM,656b7e14-f368-4196-b68a-fdb1e1554fc8,2.0,,,,,,,,,,,,,,,,,,,,,,,,,,,,,,,,,,,,,,,,,,,,,,999,,IV Blood,
TOOL_HOVER,589909,6/26/2026 1:02:12 PM,656b7e14-f368-4196-b68a-fdb1e1554fc8,2.0,,,,,,,,,,,,,,,,,,,,,,,,,,,,,,,,,,,,,,,,,,,,,,997,,Nasal Airway,
TOOL_SELECTED,590034,6/26/2026 1:02:12 PM,656b7e14-f368-4196-b68a-fdb1e1554fc8,2.0,,,,,,,,,,,,,,,,,,,,,,,,,,,,,,,,,,,,,,,,,,,,,,996,,Nasal Airway,
PLAYER_POSITIONS,590212,6/26/2026 1:02:12 PM,656b7e14-f368-4196-b68a-fdb1e1554fc8,2.0,,,,,,,,,,,,,,,,,,,,,,,,,,,,,,,,,,,"(-7.3, 0.5, 0.8)","(-7.3, 1.1, 1.0)","(-7.2, 0.5, 1.1)",
PLAYER_POSITIONS,590212,6/26/2026 1:02:12 PM,656b7e14-f368-4196-b68a-fdb1e1554fc8,2.0,,,,,,,,,,,,,,,,,,,,,,,,,,,,,,,,,,,"(-7.3, 0.5, 0.8)","(-7.3, 1.1, 1.0)","(-7.2, 0.5, 1.1)",
AUDIO_END,590679,6/26/2026 1:02:12 PM,656b7e14-f368-4196-b68a-fdb1e1554fc8,2.0,evac in 1 minute,5.172245,
PLAYER_POSITIONS,590725,6/26/2026 1:02:12 PM,656b7e14-f368-4196-b68a-fdb1e1554fc8,2.0,,,,,,,,,,,,,,,,,,,,,,,,,,,,,,,,,,,"(-7.1, 0.6, 1.0)","(-7.2, 1.2, 1.0)","(-7.3, 0.4, 1.0)",
PLAYER_POSITIONS,590725,6/26/2026 1:02:12 PM,656b7e14-f368-4196-b68a-fdb1e1554fc8,2.0,,,,,,,,,,,,,,,,,,,,,,,,,,,,,,,,,,,"(-7.1, 0.6, 1.0)","(-7.2, 1.2, 1.0)","(-7.3, 0.4, 1.0)",
AUDIO_START,590755,6/26/2026 1:02:12 PM,656b7e14-f368-4196-b68a-fdb1e1554fc8,2.0,double distant explosion,7.104,
PLAYER_POSITIONS,591235,6/26/2026 1:02:13 PM,656b7e14-f368-4196-b68a-fdb1e1554fc8,2.0,,,,,,,,,,,,,,,,,,,,,,,,,,,,,,,,,,,"(-6.7, 0.3, 1.2)","(-7.0, 0.9, 1.1)","(-7.3, 0.4, 1.2)",
PLAYER_POSITIONS,591235,6/26/2026 1:02:13 PM,656b7e14-f368-4196-b68a-fdb1e1554fc8,2.0,,,,,,,,,,,,,,,,,,,,,,,,,,,,,,,,,,,"(-6.7, 0.3, 1.2)","(-7.0, 0.9, 1.1)","(-7.3, 0.4, 1.2)",
PLAYER_POSITIONS,591735,6/26/2026 1:02:13 PM,656b7e14-f368-4196-b68a-fdb1e1554fc8,2.0,,,,,,,,,,,,,,,,,,,,,,,,,,,,,,,,,,,"(-6.6, 0.1, 1.2)","(-6.8, 0.8, 1.1)","(-7.2, 0.4, 1.2)",
PLAYER_POSITIONS,591735,6/26/2026 1:02:13 PM,656b7e14-f368-4196-b68a-fdb1e1554fc8,2.0,,,,,,,,,,,,,,,,,,,,,,,,,,,,,,,,,,,"(-6.6, 0.1, 1.2)","(-6.8, 0.8, 1.1)","(-7.2, 0.4, 1.2)",
TOOL_APPLIED,591991,6/26/2026 1:02:14 PM,656b7e14-f368-4196-b68a-fdb1e1554fc8,2.0,,,,,,,,,,,,,,,,,,,,,,,,Military PT 1,,,,,,,,,,,,,,,,,,,,AppliedTrumpet,tubeGuide_used (UnityEngine.GameObject),,Nasal Trumpet(Clone) (UnityEngine.GameObject),Nasal Airway,
PLAYER_POSITIONS,592245,6/26/2026 1:02:14 PM,656b7e14-f368-4196-b68a-fdb1e1554fc8,2.0,,,,,,,,,,,,,,,,,,,,,,,,,,,,,,,,,,,"(-6.7, 0.1, 1.2)","(-6.8, 0.8, 1.1)","(-7.2, 0.4, 1.2)",
PLAYER_POSITIONS,592245,6/26/2026 1:02:14 PM,656b7e14-f368-4196-b68a-fdb1e1554fc8,2.0,,,,,,,,,,,,,,,,,,,,,,,,,,,,,,,,,,,"(-6.7, 0.1, 1.2)","(-6.8, 0.8, 1.1)","(-7.2, 0.4, 1.2)",
PLAYER_POSITIONS,592757,6/26/2026 1:02:14 PM,656b7e14-f368-4196-b68a-fdb1e1554fc8,2.0,,,,,,,,,,,,,,,,,,,,,,,,,,,,,,,,,,,"(-6.9, 0.4, 1.5)","(-7.0, 1.1, 1.0)","(-7.3, 0.5, 1.1)",
PLAYER_POSITIONS,592757,6/26/2026 1:02:14 PM,656b7e14-f368-4196-b68a-fdb1e1554fc8,2.0,,,,,,,,,,,,,,,,,,,,,,,,,,,,,,,,,,,"(-6.9, 0.4, 1.5)","(-7.0, 1.1, 1.0)","(-7.3, 0.5, 1.1)",
PLAYER_POSITIONS,593257,6/26/2026 1:02:15 PM,656b7e14-f368-4196-b68a-fdb1e1554fc8,2.0,,,,,,,,,,,,,,,,,,,,,,,,,,,,,,,,,,,"(-6.9, 0.7, 1.3)","(-7.3, 1.6, 1.1)","(-7.4, 0.8, 1.1)",
PLAYER_POSITIONS,593257,6/26/2026 1:02:15 PM,656b7e14-f368-4196-b68a-fdb1e1554fc8,2.0,,,,,,,,,,,,,,,,,,,,,,,,,,,,,,,,,,,"(-6.9, 0.7, 1.3)","(-7.3, 1.6, 1.1)","(-7.4, 0.8, 1.1)",
PLAYER_POSITIONS,593765,6/26/2026 1:02:15 PM,656b7e14-f368-4196-b68a-fdb1e1554fc8,2.0,,,,,,,,,,,,,,,,,,,,,,,,,,,,,,,,,,,"(-6.9, 0.8, 1.0)","(-7.2, 1.7, 1.4)","(-7.4, 0.9, 1.5)",
PLAYER_POSITIONS,593765,6/26/2026 1:02:15 PM,656b7e14-f368-4196-b68a-fdb1e1554fc8,2.0,,,,,,,,,,,,,,,,,,,,,,,,,,,,,,,,,,,"(-6.9, 0.8, 1.0)","(-7.2, 1.7, 1.4)","(-7.4, 0.9, 1.5)",
PLAYER_POSITIONS,594266,6/26/2026 1:02:16 PM,656b7e14-f368-4196-b68a-fdb1e1554fc8,2.0,,,,,,,,,,,,,,,,,,,,,,,,,,,,,,,,,,,"(-7.6, 0.9, 1.3)","(-7.6, 1.7, 1.7)","(-7.8, 0.9, 1.8)",
PLAYER_POSITIONS,594266,6/26/2026 1:02:16 PM,656b7e14-f368-4196-b68a-fdb1e1554fc8,2.0,,,,,,,,,,,,,,,,,,,,,,,,,,,,,,,,,,,"(-7.6, 0.9, 1.3)","(-7.6, 1.7, 1.7)","(-7.8, 0.9, 1.8)",
PLAYER_POSITIONS,594776,6/26/2026 1:02:16 PM,656b7e14-f368-4196-b68a-fdb1e1554fc8,2.0,,,,,,,,,,,,,,,,,,,,,,,,,,,,,,,,,,,"(-7.7, 0.8, 1.5)","(-7.9, 1.7, 1.9)","(-8.0, 0.8, 2.1)",
PLAYER_POSITIONS,594776,6/26/2026 1:02:16 PM,656b7e14-f368-4196-b68a-fdb1e1554fc8,2.0,,,,,,,,,,,,,,,,,,,,,,,,,,,,,,,,,,,"(-7.7, 0.8, 1.5)","(-7.9, 1.7, 1.9)","(-8.0, 0.8, 2.1)",
PATIENT_DISENGAGED,595139,6/26/2026 1:02:17 PM,656b7e14-f368-4196-b68a-fdb1e1554fc8,2.0,,,,11.17,,,,,,,,,,,,,,,,normal,100,Infinity,normal,Military PT 1,unresponsive,supine,"(-6.8, -0.1, 2.1)",faint,"(0.0, 0.3, 0.0, 1.0)",normal,IMMEDIATE,still,,,,,,,,,,,,,,,,,39.04,
PATIENT_ENGAGED,595139,6/26/2026 1:02:17 PM,656b7e14-f368-4196-b68a-fdb1e1554fc8,2.0,,,,0,,,,,,,,,,,,,,,,fast,100,Infinity,normal,Military PT 5,upset,supine,"(-9.4, -0.1, 1.7)",faint,"(0.0, -1.0, 0.0, 0.0)",normal,IMMEDIATE,still,,,,,,,,,,,,,,,,,29.86,
PLAYER_POSITIONS,595286,6/26/2026 1:02:17 PM,656b7e14-f368-4196-b68a-fdb1e1554fc8,2.0,,,,,,,,,,,,,,,,,,,,,,,,,,,,,,,,,,,"(-8.1, 0.9, 1.7)","(-8.1, 1.7, 2.1)","(-8.3, 0.8, 2.2)",
PLAYER_POSITIONS,595286,6/26/2026 1:02:17 PM,656b7e14-f368-4196-b68a-fdb1e1554fc8,2.0,,,,,,,,,,,,,,,,,,,,,,,,,,,,,,,,,,,"(-8.1, 0.9, 1.7)","(-8.1, 1.7, 2.1)","(-8.3, 0.8, 2.2)",
PLAYER_POSITIONS,595787,6/26/2026 1:02:17 PM,656b7e14-f368-4196-b68a-fdb1e1554fc8,2.0,,,,,,,,,,,,,,,,,,,,,,,,,,,,,,,,,,,"(-8.3, 0.8, 1.9)","(-8.4, 1.7, 2.3)","(-8.5, 0.8, 2.4)",
PLAYER_POSITIONS,595787,6/26/2026 1:02:17 PM,656b7e14-f368-4196-b68a-fdb1e1554fc8,2.0,,,,,,,,,,,,,,,,,,,,,,,,,,,,,,,,,,,"(-8.3, 0.8, 1.9)","(-8.4, 1.7, 2.3)","(-8.5, 0.8, 2.4)",
PLAYER_POSITIONS,596299,6/26/2026 1:02:18 PM,656b7e14-f368-4196-b68a-fdb1e1554fc8,2.0,,,,,,,,,,,,,,,,,,,,,,,,,,,,,,,,,,,"(-8.6, 0.8, 2.1)","(-8.6, 1.7, 2.4)","(-8.8, 0.8, 2.6)",
PLAYER_POSITIONS,596299,6/26/2026 1:02:18 PM,656b7e14-f368-4196-b68a-fdb1e1554fc8,2.0,,,,,,,,,,,,,,,,,,,,,,,,,,,,,,,,,,,"(-8.6, 0.8, 2.1)","(-8.6, 1.7, 2.4)","(-8.8, 0.8, 2.6)",
PLAYER_POSITIONS,596820,6/26/2026 1:02:18 PM,656b7e14-f368-4196-b68a-fdb1e1554fc8,2.0,,,,,,,,,,,,,,,,,,,,,,,,,,,,,,,,,,,"(-8.8, 0.8, 2.3)","(-8.9, 1.7, 2.6)","(-9.1, 0.8, 2.8)",
PLAYER_POSITIONS,596820,6/26/2026 1:02:18 PM,656b7e14-f368-4196-b68a-fdb1e1554fc8,2.0,,,,,,,,,,,,,,,,,,,,,,,,,,,,,,,,,,,"(-8.8, 0.8, 2.3)","(-8.9, 1.7, 2.6)","(-9.1, 0.8, 2.8)",
PLAYER_POSITIONS,597331,6/26/2026 1:02:19 PM,656b7e14-f368-4196-b68a-fdb1e1554fc8,2.0,,,,,,,,,,,,,,,,,,,,,,,,,,,,,,,,,,,"(-9.2, 0.8, 2.5)","(-9.2, 1.7, 2.7)","(-9.4, 0.8, 2.9)",
PLAYER_POSITIONS,597331,6/26/2026 1:02:19 PM,656b7e14-f368-4196-b68a-fdb1e1554fc8,2.0,,,,,,,,,,,,,,,,,,,,,,,,,,,,,,,,,,,"(-9.2, 0.8, 2.5)","(-9.2, 1.7, 2.7)","(-9.4, 0.8, 2.9)",
PLAYER_POSITIONS,597843,6/26/2026 1:02:19 PM,656b7e14-f368-4196-b68a-fdb1e1554fc8,2.0,,,,,,,,,,,,,,,,,,,,,,,,,,,,,,,,,,,"(-9.4, 0.9, 2.7)","(-9.5, 1.8, 3.0)","(-9.7, 0.9, 3.2)",
PLAYER_POSITIONS,597843,6/26/2026 1:02:19 PM,656b7e14-f368-4196-b68a-fdb1e1554fc8,2.0,,,,,,,,,,,,,,,,,,,,,,,,,,,,,,,,,,,"(-9.4, 0.9, 2.7)","(-9.5, 1.8, 3.0)","(-9.7, 0.9, 3.2)",
AUDIO_END,597865,6/26/2026 1:02:19 PM,656b7e14-f368-4196-b68a-fdb1e1554fc8,2.0,double distant explosion,7.104,
NARRATIVE_SECTION_END,597865,6/26/2026 1:02:19 PM,656b7e14-f368-4196-b68a-fdb1e1554fc8,2.0,,,,,,,,,,,,,,,,,,Double Distant Explosion,68,
NARRATIVE_SECTION_START,597884,6/26/2026 1:02:20 PM,656b7e14-f368-4196-b68a-fdb1e1554fc8,2.0,,,,,,,,,,,,,,,,,,Good hits hammer 1-2,69,
PLAYER_POSITIONS,598355,6/26/2026 1:02:20 PM,656b7e14-f368-4196-b68a-fdb1e1554fc8,2.0,,,,,,,,,,,,,,,,,,,,,,,,,,,,,,,,,,,"(-9.6, 1.0, 2.9)","(-9.6, 1.8, 3.2)","(-9.8, 0.9, 3.3)",
PLAYER_GAZE,598355,6/26/2026 1:02:20 PM,656b7e14-f368-4196-b68a-fdb1e1554fc8,2.0,,,,,,,,,,,,,,,,,,,,,,,,Civilian PT 14,,,,,,,,,"(4.5, 1.8, -0.4)",,,"(-14.1, 0.0, 3.6)",
PLAYER_POSITIONS,598355,6/26/2026 1:02:20 PM,656b7e14-f368-4196-b68a-fdb1e1554fc8,2.0,,,,,,,,,,,,,,,,,,,,,,,,,,,,,,,,,,,"(-9.6, 1.0, 2.9)","(-9.6, 1.8, 3.2)","(-9.8, 0.9, 3.3)",
PLAYER_GAZE,598355,6/26/2026 1:02:20 PM,656b7e14-f368-4196-b68a-fdb1e1554fc8,2.0,,,,,,,,,,,,,,,,,,,,,,,,Civilian PT 14,,,,,,,,,"(4.5, 1.8, -0.4)",,,"(-14.1, 0.0, 3.6)",
PLAYER_POSITIONS,598855,6/26/2026 1:02:20 PM,656b7e14-f368-4196-b68a-fdb1e1554fc8,2.0,,,,,,,,,,,,,,,,,,,,,,,,,,,,,,,,,,,"(-9.5, 1.0, 2.9)","(-9.5, 1.8, 3.1)","(-9.7, 0.9, 3.3)",
PLAYER_POSITIONS,598855,6/26/2026 1:02:20 PM,656b7e14-f368-4196-b68a-fdb1e1554fc8,2.0,,,,,,,,,,,,,,,,,,,,,,,,,,,,,,,,,,,"(-9.5, 1.0, 2.9)","(-9.5, 1.8, 3.1)","(-9.7, 0.9, 3.3)",
PLAYER_POSITIONS,599367,6/26/2026 1:02:21 PM,656b7e14-f368-4196-b68a-fdb1e1554fc8,2.0,,,,,,,,,,,,,,,,,,,,,,,,,,,,,,,,,,,"(-9.5, 1.0, 2.9)","(-9.5, 1.8, 3.0)","(-9.7, 0.9, 3.3)",
PLAYER_POSITIONS,599367,6/26/2026 1:02:21 PM,656b7e14-f368-4196-b68a-fdb1e1554fc8,2.0,,,,,,,,,,,,,,,,,,,,,,,,,,,,,,,,,,,"(-9.5, 1.0, 2.9)","(-9.5, 1.8, 3.0)","(-9.7, 0.9, 3.3)",
PLAYER_POSITIONS,599879,6/26/2026 1:02:22 PM,656b7e14-f368-4196-b68a-fdb1e1554fc8,2.0,,,,,,,,,,,,,,,,,,,,,,,,,,,,,,,,,,,"(-9.3, 1.0, 2.9)","(-9.4, 1.8, 3.0)","(-9.8, 0.9, 3.1)",
PLAYER_POSITIONS,599879,6/26/2026 1:02:22 PM,656b7e14-f368-4196-b68a-fdb1e1554fc8,2.0,,,,,,,,,,,,,,,,,,,,,,,,,,,,,,,,,,,"(-9.3, 1.0, 2.9)","(-9.4, 1.8, 3.0)","(-9.8, 0.9, 3.1)",
PLAYER_POSITIONS,600399,6/26/2026 1:02:22 PM,656b7e14-f368-4196-b68a-fdb1e1554fc8,2.0,,,,,,,,,,,,,,,,,,,,,,,,,,,,,,,,,,,"(-9.2, 0.9, 2.9)","(-9.3, 1.8, 3.0)","(-9.7, 1.0, 2.9)",
PLAYER_POSITIONS,600399,6/26/2026 1:02:22 PM,656b7e14-f368-4196-b68a-fdb1e1554fc8,2.0,,,,,,,,,,,,,,,,,,,,,,,,,,,,,,,,,,,"(-9.2, 0.9, 2.9)","(-9.3, 1.8, 3.0)","(-9.7, 1.0, 2.9)",
AUDIO_START,600881,6/26/2026 1:02:23 PM,656b7e14-f368-4196-b68a-fdb1e1554fc8,2.0,good hits hammer 1 2,4.571429,
PLAYER_POSITIONS,600900,6/26/2026 1:02:23 PM,656b7e14-f368-4196-b68a-fdb1e1554fc8,2.0,,,,,,,,,,,,,,,,,,,,,,,,,,,,,,,,,,,"(-9.3, 0.9, 2.8)","(-9.5, 1.8, 3.0)","(-9.8, 0.9, 3.1)",
PLAYER_POSITIONS,600900,6/26/2026 1:02:23 PM,656b7e14-f368-4196-b68a-fdb1e1554fc8,2.0,,,,,,,,,,,,,,,,,,,,,,,,,,,,,,,,,,,"(-9.3, 0.9, 2.8)","(-9.5, 1.8, 3.0)","(-9.8, 0.9, 3.1)",
PLAYER_POSITIONS,601409,6/26/2026 1:02:23 PM,656b7e14-f368-4196-b68a-fdb1e1554fc8,2.0,,,,,,,,,,,,,,,,,,,,,,,,,,,,,,,,,,,"(-9.5, 0.9, 2.8)","(-9.5, 1.8, 3.1)","(-9.8, 0.9, 3.3)",
PLAYER_POSITIONS,601409,6/26/2026 1:02:23 PM,656b7e14-f368-4196-b68a-fdb1e1554fc8,2.0,,,,,,,,,,,,,,,,,,,,,,,,,,,,,,,,,,,"(-9.5, 0.9, 2.8)","(-9.5, 1.8, 3.1)","(-9.8, 0.9, 3.3)",
PLAYER_POSITIONS,601929,6/26/2026 1:02:24 PM,656b7e14-f368-4196-b68a-fdb1e1554fc8,2.0,,,,,,,,,,,,,,,,,,,,,,,,,,,,,,,,,,,"(-9.6, 0.9, 2.8)","(-9.7, 1.8, 3.0)","(-9.9, 0.9, 3.1)",
PLAYER_POSITIONS,601929,6/26/2026 1:02:24 PM,656b7e14-f368-4196-b68a-fdb1e1554fc8,2.0,,,,,,,,,,,,,,,,,,,,,,,,,,,,,,,,,,,"(-9.6, 0.9, 2.8)","(-9.7, 1.8, 3.0)","(-9.9, 0.9, 3.1)",
PLAYER_POSITIONS,602474,6/26/2026 1:02:24 PM,656b7e14-f368-4196-b68a-fdb1e1554fc8,2.0,,,,,,,,,,,,,,,,,,,,,,,,,,,,,,,,,,,"(-10.1, 0.9, 2.8)","(-10.2, 1.8, 3.0)","(-10.4, 0.9, 3.2)",
PLAYER_GAZE,602474,6/26/2026 1:02:24 PM,656b7e14-f368-4196-b68a-fdb1e1554fc8,2.0,,,,,,,,,,,,,,,,,,,,,,,,Military PT 2,,,,,,,,,"(1.9, 1.8, 1.9)",,,"(-12.0, 0.0, 1.1)",
PLAYER_POSITIONS,602474,6/26/2026 1:02:24 PM,656b7e14-f368-4196-b68a-fdb1e1554fc8,2.0,,,,,,,,,,,,,,,,,,,,,,,,,,,,,,,,,,,"(-10.1, 0.9, 2.8)","(-10.2, 1.8, 3.0)","(-10.4, 0.9, 3.2)",
PLAYER_GAZE,602474,6/26/2026 1:02:24 PM,656b7e14-f368-4196-b68a-fdb1e1554fc8,2.0,,,,,,,,,,,,,,,,,,,,,,,,Military PT 2,,,,,,,,,"(1.9, 1.8, 1.9)",,,"(-12.0, 0.0, 1.1)",
PATIENT_DISENGAGED,602637,6/26/2026 1:02:24 PM,656b7e14-f368-4196-b68a-fdb1e1554fc8,2.0,,,,7.49,,,,,,,,,,,,,,,,fast,100,Infinity,normal,Military PT 5,upset,supine,"(-9.4, -0.1, 1.7)",faint,"(0.0, -1.0, 0.0, 0.0)",normal,IMMEDIATE,still,,,,,,,,,,,,,,,,,37.34,
PLAYER_POSITIONS,603007,6/26/2026 1:02:25 PM,656b7e14-f368-4196-b68a-fdb1e1554fc8,2.0,,,,,,,,,,,,,,,,,,,,,,,,,,,,,,,,,,,"(-10.5, 0.9, 2.7)","(-10.6, 1.8, 2.9)","(-10.8, 0.9, 3.1)",
PLAYER_GAZE,603007,6/26/2026 1:02:25 PM,656b7e14-f368-4196-b68a-fdb1e1554fc8,2.0,,,,,,,,,,,,,,,,,,,,,,,,Military PT 2,,,,,,,,,"(1.4, 1.8, 1.9)",,,"(-12.0, 0.0, 1.1)",
PLAYER_POSITIONS,603007,6/26/2026 1:02:25 PM,656b7e14-f368-4196-b68a-fdb1e1554fc8,2.0,,,,,,,,,,,,,,,,,,,,,,,,,,,,,,,,,,,"(-10.5, 0.9, 2.7)","(-10.6, 1.8, 2.9)","(-10.8, 0.9, 3.1)",
PLAYER_GAZE,603007,6/26/2026 1:02:25 PM,656b7e14-f368-4196-b68a-fdb1e1554fc8,2.0,,,,,,,,,,,,,,,,,,,,,,,,Military PT 2,,,,,,,,,"(1.4, 1.8, 1.9)",,,"(-12.0, 0.0, 1.1)",
PATIENT_ENGAGED,603496,6/26/2026 1:02:25 PM,656b7e14-f368-4196-b68a-fdb1e1554fc8,2.0,,,,0,,,,,,,,,,,,,,,,restricted,100,Infinity,normal,Military PT 2,agony,supine,"(-12.0, -0.1, 1.1)",faint,"(0.0, 0.4, 0.0, 0.9)",normal,EXPECTANT,still,,,,,,,,,,,,,,,,,48.3,
PATIENT_DISENGAGED,603539,6/26/2026 1:02:25 PM,656b7e14-f368-4196-b68a-fdb1e1554fc8,2.0,,,,0.05,,,,,,,,,,,,,,,,restricted,100,Infinity,normal,Military PT 2,agony,supine,"(-12.0, -0.1, 1.1)",faint,"(0.0, 0.4, 0.0, 0.9)",normal,EXPECTANT,still,,,,,,,,,,,,,,,,,48.35,
PLAYER_POSITIONS,603542,6/26/2026 1:02:25 PM,656b7e14-f368-4196-b68a-fdb1e1554fc8,2.0,,,,,,,,,,,,,,,,,,,,,,,,,,,,,,,,,,,"(-11.3, 0.8, 2.5)","(-11.4, 1.7, 2.7)","(-11.6, 0.8, 2.9)",
PLAYER_POSITIONS,603542,6/26/2026 1:02:25 PM,656b7e14-f368-4196-b68a-fdb1e1554fc8,2.0,,,,,,,,,,,,,,,,,,,,,,,,,,,,,,,,,,,"(-11.3, 0.8, 2.5)","(-11.4, 1.7, 2.7)","(-11.6, 0.8, 2.9)",
PATIENT_ENGAGED,603561,6/26/2026 1:02:25 PM,656b7e14-f368-4196-b68a-fdb1e1554fc8,2.0,,,,0,,,,,,,,,,,,,,,,restricted,100,Infinity,normal,Military PT 2,agony,supine,"(-12.0, -0.1, 1.1)",faint,"(0.0, 0.4, 0.0, 0.9)",normal,EXPECTANT,still,,,,,,,,,,,,,,,,,48.35,
PLAYER_POSITIONS,604055,6/26/2026 1:02:26 PM,656b7e14-f368-4196-b68a-fdb1e1554fc8,2.0,,,,,,,,,,,,,,,,,,,,,,,,,,,,,,,,,,,"(-11.6, 0.8, 2.3)","(-11.7, 1.6, 2.5)","(-12.0, 0.8, 2.6)",
PLAYER_GAZE,604055,6/26/2026 1:02:26 PM,656b7e14-f368-4196-b68a-fdb1e1554fc8,2.0,,,,,,,,,,,,,,,,,,,,,,,,Military PT 2,,,,,,,,,"(0.3, 1.6, 1.4)",,,"(-12.0, 0.0, 1.1)",
PLAYER_POSITIONS,604055,6/26/2026 1:02:26 PM,656b7e14-f368-4196-b68a-fdb1e1554fc8,2.0,,,,,,,,,,,,,,,,,,,,,,,,,,,,,,,,,,,"(-11.6, 0.8, 2.3)","(-11.7, 1.6, 2.5)","(-12.0, 0.8, 2.6)",
PLAYER_GAZE,604055,6/26/2026 1:02:26 PM,656b7e14-f368-4196-b68a-fdb1e1554fc8,2.0,,,,,,,,,,,,,,,,,,,,,,,,Military PT 2,,,,,,,,,"(0.3, 1.6, 1.4)",,,"(-12.0, 0.0, 1.1)",
PLAYER_POSITIONS,604574,6/26/2026 1:02:26 PM,656b7e14-f368-4196-b68a-fdb1e1554fc8,2.0,,,,,,,,,,,,,,,,,,,,,,,,,,,,,,,,,,,"(-12.2, 0.8, 1.9)","(-12.3, 1.7, 2.0)","(-12.7, 0.8, 2.2)",
PLAYER_POSITIONS,604574,6/26/2026 1:02:26 PM,656b7e14-f368-4196-b68a-fdb1e1554fc8,2.0,,,,,,,,,,,,,,,,,,,,,,,,,,,,,,,,,,,"(-12.2, 0.8, 1.9)","(-12.3, 1.7, 2.0)","(-12.7, 0.8, 2.2)",
PLAYER_POSITIONS,605085,6/26/2026 1:02:27 PM,656b7e14-f368-4196-b68a-fdb1e1554fc8,2.0,,,,,,,,,,,,,,,,,,,,,,,,,,,,,,,,,,,"(-12.3, 0.8, 1.6)","(-12.4, 1.6, 1.7)","(-12.8, 0.9, 1.7)",
PLAYER_GAZE,605085,6/26/2026 1:02:27 PM,656b7e14-f368-4196-b68a-fdb1e1554fc8,2.0,,,,,,,,,,,,,,,,,,,,,,,,Military PT 2,,,,,,,,,"(-0.3, 1.6, 0.6)",,,"(-12.0, 0.0, 1.1)",
PLAYER_POSITIONS,605085,6/26/2026 1:02:27 PM,656b7e14-f368-4196-b68a-fdb1e1554fc8,2.0,,,,,,,,,,,,,,,,,,,,,,,,,,,,,,,,,,,"(-12.3, 0.8, 1.6)","(-12.4, 1.6, 1.7)","(-12.8, 0.9, 1.7)",
PLAYER_GAZE,605085,6/26/2026 1:02:27 PM,656b7e14-f368-4196-b68a-fdb1e1554fc8,2.0,,,,,,,,,,,,,,,,,,,,,,,,Military PT 2,,,,,,,,,"(-0.3, 1.6, 0.6)",,,"(-12.0, 0.0, 1.1)",
AUDIO_END,605452,6/26/2026 1:02:27 PM,656b7e14-f368-4196-b68a-fdb1e1554fc8,2.0,good hits hammer 1 2,4.571429,
NARRATIVE_SECTION_END,605452,6/26/2026 1:02:27 PM,656b7e14-f368-4196-b68a-fdb1e1554fc8,2.0,,,,,,,,,,,,,,,,,,Good hits hammer 1-2,69,
NARRATIVE_SECTION_START,605525,6/26/2026 1:02:27 PM,656b7e14-f368-4196-b68a-fdb1e1554fc8,2.0,,,,,,,,,,,,,,,,,,Bravo be advised sniper,70,
PLAYER_POSITIONS,605607,6/26/2026 1:02:27 PM,656b7e14-f368-4196-b68a-fdb1e1554fc8,2.0,,,,,,,,,,,,,,,,,,,,,,,,,,,,,,,,,,,"(-12.5, 0.8, 1.2)","(-12.7, 1.6, 1.2)","(-13.1, 0.9, 1.1)",
PLAYER_POSITIONS,605607,6/26/2026 1:02:27 PM,656b7e14-f368-4196-b68a-fdb1e1554fc8,2.0,,,,,,,,,,,,,,,,,,,,,,,,,,,,,,,,,,,"(-12.5, 0.8, 1.2)","(-12.7, 1.6, 1.2)","(-13.1, 0.9, 1.1)",
PLAYER_POSITIONS,606119,6/26/2026 1:02:28 PM,656b7e14-f368-4196-b68a-fdb1e1554fc8,2.0,,,,,,,,,,,,,,,,,,,,,,,,,,,,,,,,,,,"(-12.7, 0.8, 0.7)","(-12.9, 1.7, 0.7)","(-13.2, 0.9, 0.4)",
PLAYER_POSITIONS,606119,6/26/2026 1:02:28 PM,656b7e14-f368-4196-b68a-fdb1e1554fc8,2.0,,,,,,,,,,,,,,,,,,,,,,,,,,,,,,,,,,,"(-12.7, 0.8, 0.7)","(-12.9, 1.7, 0.7)","(-13.2, 0.9, 0.4)",
PLAYER_POSITIONS,606630,6/26/2026 1:02:28 PM,656b7e14-f368-4196-b68a-fdb1e1554fc8,2.0,,,,,,,,,,,,,,,,,,,,,,,,,,,,,,,,,,,"(-12.6, 0.8, 0.5)","(-12.8, 1.7, 0.4)","(-12.9, 0.9, 0.0)",
PLAYER_POSITIONS,606630,6/26/2026 1:02:28 PM,656b7e14-f368-4196-b68a-fdb1e1554fc8,2.0,,,,,,,,,,,,,,,,,,,,,,,,,,,,,,,,,,,"(-12.6, 0.8, 0.5)","(-12.8, 1.7, 0.4)","(-12.9, 0.9, 0.0)",
PLAYER_POSITIONS,607137,6/26/2026 1:02:29 PM,656b7e14-f368-4196-b68a-fdb1e1554fc8,2.0,,,,,,,,,,,,,,,,,,,,,,,,,,,,,,,,,,,"(-12.4, 0.8, 0.3)","(-12.5, 1.6, 0.2)","(-12.6, 0.9, -0.2)",
PLAYER_POSITIONS,607137,6/26/2026 1:02:29 PM,656b7e14-f368-4196-b68a-fdb1e1554fc8,2.0,,,,,,,,,,,,,,,,,,,,,,,,,,,,,,,,,,,"(-12.4, 0.8, 0.3)","(-12.5, 1.6, 0.2)","(-12.6, 0.9, -0.2)",
PLAYER_POSITIONS,607639,6/26/2026 1:02:29 PM,656b7e14-f368-4196-b68a-fdb1e1554fc8,2.0,,,,,,,,,,,,,,,,,,,,,,,,,,,,,,,,,,,"(-12.5, 0.8, 0.3)","(-12.4, 1.6, 0.1)","(-12.4, 0.9, -0.4)",
PLAYER_POSITIONS,607639,6/26/2026 1:02:29 PM,656b7e14-f368-4196-b68a-fdb1e1554fc8,2.0,,,,,,,,,,,,,,,,,,,,,,,,,,,,,,,,,,,"(-12.5, 0.8, 0.3)","(-12.4, 1.6, 0.1)","(-12.4, 0.9, -0.4)",
PLAYER_POSITIONS,608151,6/26/2026 1:02:30 PM,656b7e14-f368-4196-b68a-fdb1e1554fc8,2.0,,,,,,,,,,,,,,,,,,,,,,,,,,,,,,,,,,,"(-12.5, 0.8, 0.1)","(-12.3, 1.4, 0.0)","(-12.4, 0.7, -0.3)",
PLAYER_POSITIONS,608151,6/26/2026 1:02:30 PM,656b7e14-f368-4196-b68a-fdb1e1554fc8,2.0,,,,,,,,,,,,,,,,,,,,,,,,,,,,,,,,,,,"(-12.5, 0.8, 0.1)","(-12.3, 1.4, 0.0)","(-12.4, 0.7, -0.3)",
BAG_CLOSED,608192,6/26/2026 1:02:30 PM,656b7e14-f368-4196-b68a-fdb1e1554fc8,2.0,,,,,,,,,,,,,,,,,,,,,,,,,,,,,,,,,,,,"(0.0, 0.0, 0.0)",
PLAYER_POSITIONS,608651,6/26/2026 1:02:30 PM,656b7e14-f368-4196-b68a-fdb1e1554fc8,2.0,,,,,,,,,,,,,,,,,,,,,,,,,,,,,,,,,,,"(-12.3, 0.4, 0.0)","(-12.1, 1.0, 0.0)","(-12.1, 0.4, -0.1)",
PLAYER_POSITIONS,608651,6/26/2026 1:02:30 PM,656b7e14-f368-4196-b68a-fdb1e1554fc8,2.0,,,,,,,,,,,,,,,,,,,,,,,,,,,,,,,,,,,"(-12.3, 0.4, 0.0)","(-12.1, 1.0, 0.0)","(-12.1, 0.4, -0.1)",
PLAYER_POSITIONS,609152,6/26/2026 1:02:31 PM,656b7e14-f368-4196-b68a-fdb1e1554fc8,2.0,,,,,,,,,,,,,,,,,,,,,,,,,,,,,,,,,,,"(-12.2, 0.1, 0.2)","(-12.1, 0.8, 0.1)","(-12.0, 0.2, 0.1)",
PLAYER_POSITIONS,609152,6/26/2026 1:02:31 PM,656b7e14-f368-4196-b68a-fdb1e1554fc8,2.0,,,,,,,,,,,,,,,,,,,,,,,,,,,,,,,,,,,"(-12.2, 0.1, 0.2)","(-12.1, 0.8, 0.1)","(-12.0, 0.2, 0.1)",
PULSE_TAKEN,609340,6/26/2026 1:02:31 PM,656b7e14-f368-4196-b68a-fdb1e1554fc8,2.0,,,,,,,,,,,,,,,,,,,,,,,,Military PT 2,,,,pulse_faint,
PLAYER_POSITIONS,609665,6/26/2026 1:02:31 PM,656b7e14-f368-4196-b68a-fdb1e1554fc8,2.0,,,,,,,,,,,,,,,,,,,,,,,,,,,,,,,,,,,"(-12.1, 0.0, 0.2)","(-12.1, 0.7, 0.2)","(-12.0, 0.1, 0.2)",
PLAYER_POSITIONS,609665,6/26/2026 1:02:31 PM,656b7e14-f368-4196-b68a-fdb1e1554fc8,2.0,,,,,,,,,,,,,,,,,,,,,,,,,,,,,,,,,,,"(-12.1, 0.0, 0.2)","(-12.1, 0.7, 0.2)","(-12.0, 0.1, 0.2)",
DRAG_STOP,610101,6/26/2026 1:02:32 PM,656b7e14-f368-4196-b68a-fdb1e1554fc8,2.0,,,,,"(-14.3, 0.0, 1.6)","(-14.3, 0.0, 1.6)",,,,,,,,,,,,,,,,,,Military PT 2,
PLAYER_POSITIONS,610166,6/26/2026 1:02:32 PM,656b7e14-f368-4196-b68a-fdb1e1554fc8,2.0,,,,,,,,,,,,,,,,,,,,,,,,,,,,,,,,,,,"(-12.1, 0.0, 0.2)","(-12.1, 0.7, 0.2)","(-11.9, 0.2, 0.2)",
PLAYER_POSITIONS,610166,6/26/2026 1:02:32 PM,656b7e14-f368-4196-b68a-fdb1e1554fc8,2.0,,,,,,,,,,,,,,,,,,,,,,,,,,,,,,,,,,,"(-12.1, 0.0, 0.2)","(-12.1, 0.7, 0.2)","(-11.9, 0.2, 0.2)",
PULSE_TAKEN,610298,6/26/2026 1:02:32 PM,656b7e14-f368-4196-b68a-fdb1e1554fc8,2.0,,,,,,,,,,,,,,,,,,,,,,,,Military PT 2,,,,pulse_faint,
EVAC_RADIO_ALERT,610454,6/26/2026 1:02:32 PM,656b7e14-f368-4196-b68a-fdb1e1554fc8,2.0,,,,,,,,1,
AUDIO_START,610461,6/26/2026 1:02:32 PM,656b7e14-f368-4196-b68a-fdb1e1554fc8,2.0,evac in 30 seconds,5.172245,
DRAG_STOP,610643,6/26/2026 1:02:32 PM,656b7e14-f368-4196-b68a-fdb1e1554fc8,2.0,,,,,"(-14.3, 0.0, 1.6)","(-14.3, 0.0, 1.6)",,,,,,,,,,,,,,,,,,Military PT 2,
PLAYER_POSITIONS,610675,6/26/2026 1:02:32 PM,656b7e14-f368-4196-b68a-fdb1e1554fc8,2.0,,,,,,,,,,,,,,,,,,,,,,,,,,,,,,,,,,,"(-11.9, 0.3, 0.2)","(-12.1, 0.8, 0.1)","(-11.8, 0.5, 0.1)",
PLAYER_POSITIONS,610675,6/26/2026 1:02:32 PM,656b7e14-f368-4196-b68a-fdb1e1554fc8,2.0,,,,,,,,,,,,,,,,,,,,,,,,,,,,,,,,,,,"(-11.9, 0.3, 0.2)","(-12.1, 0.8, 0.1)","(-11.8, 0.5, 0.1)",
PLAYER_POSITIONS,611186,6/26/2026 1:02:33 PM,656b7e14-f368-4196-b68a-fdb1e1554fc8,2.0,,,,,,,,,,,,,,,,,,,,,,,,,,,,,,,,,,,"(-12.0, 0.5, 0.0)","(-12.1, 0.9, 0.0)","(-11.8, 0.6, 0.0)",
PLAYER_POSITIONS,611186,6/26/2026 1:02:33 PM,656b7e14-f368-4196-b68a-fdb1e1554fc8,2.0,,,,,,,,,,,,,,,,,,,,,,,,,,,,,,,,,,,"(-12.0, 0.5, 0.0)","(-12.1, 0.9, 0.0)","(-11.8, 0.6, 0.0)",
PLAYER_POSITIONS,611687,6/26/2026 1:02:33 PM,656b7e14-f368-4196-b68a-fdb1e1554fc8,2.0,,,,,,,,,,,,,,,,,,,,,,,,,,,,,,,,,,,"(-11.9, 0.4, 0.0)","(-12.1, 0.9, 0.0)","(-11.8, 0.3, 0.0)",
PLAYER_POSITIONS,611687,6/26/2026 1:02:33 PM,656b7e14-f368-4196-b68a-fdb1e1554fc8,2.0,,,,,,,,,,,,,,,,,,,,,,,,,,,,,,,,,,,"(-11.9, 0.4, 0.0)","(-12.1, 0.9, 0.0)","(-11.8, 0.3, 0.0)",
TOOL_HOVER,611818,6/26/2026 1:02:33 PM,656b7e14-f368-4196-b68a-fdb1e1554fc8,2.0,,,,,,,,,,,,,,,,,,,,,,,,,,,,,,,,,,,,,,,,,,,,,,994,,Tourniquet,
PLAYER_POSITIONS,612187,6/26/2026 1:02:34 PM,656b7e14-f368-4196-b68a-fdb1e1554fc8,2.0,,,,,,,,,,,,,,,,,,,,,,,,,,,,,,,,,,,"(-11.8, 0.4, 0.2)","(-12.1, 0.9, 0.0)","(-11.8, 0.3, 0.0)",
PLAYER_POSITIONS,612187,6/26/2026 1:02:34 PM,656b7e14-f368-4196-b68a-fdb1e1554fc8,2.0,,,,,,,,,,,,,,,,,,,,,,,,,,,,,,,,,,,"(-11.8, 0.4, 0.2)","(-12.1, 0.9, 0.0)","(-11.8, 0.3, 0.0)",
TOOL_HOVER,612207,6/26/2026 1:02:34 PM,656b7e14-f368-4196-b68a-fdb1e1554fc8,2.0,,,,,,,,,,,,,,,,,,,,,,,,,,,,,,,,,,,,,,,,,,,,,,996,,Burn Dressing,
TOOL_SELECTED,612697,6/26/2026 1:02:34 PM,656b7e14-f368-4196-b68a-fdb1e1554fc8,2.0,,,,,,,,,,,,,,,,,,,,,,,,,,,,,,,,,,,,,,,,,,,,,,995,,Burn Dressing,
PLAYER_POSITIONS,612700,6/26/2026 1:02:34 PM,656b7e14-f368-4196-b68a-fdb1e1554fc8,2.0,,,,,,,,,,,,,,,,,,,,,,,,,,,,,,,,,,,"(-11.8, 0.4, 0.3)","(-12.1, 0.9, 0.0)","(-11.8, 0.3, 0.0)",
PLAYER_POSITIONS,612700,6/26/2026 1:02:34 PM,656b7e14-f368-4196-b68a-fdb1e1554fc8,2.0,,,,,,,,,,,,,,,,,,,,,,,,,,,,,,,,,,,"(-11.8, 0.4, 0.3)","(-12.1, 0.9, 0.0)","(-11.8, 0.3, 0.0)",
PLAYER_POSITIONS,613210,6/26/2026 1:02:35 PM,656b7e14-f368-4196-b68a-fdb1e1554fc8,2.0,,,,,,,,,,,,,,,,,,,,,,,,,,,,,,,,,,,"(-12.0, 0.3, 0.4)","(-12.1, 0.8, 0.0)","(-11.8, 0.3, -0.1)",
PLAYER_POSITIONS,613210,6/26/2026 1:02:35 PM,656b7e14-f368-4196-b68a-fdb1e1554fc8,2.0,,,,,,,,,,,,,,,,,,,,,,,,,,,,,,,,,,,"(-12.0, 0.3, 0.4)","(-12.1, 0.8, 0.0)","(-11.8, 0.3, -0.1)",
TOOL_DISCARDED,613716,6/26/2026 1:02:35 PM,656b7e14-f368-4196-b68a-fdb1e1554fc8,2.0,,,,,,,,,,,,,,,,,,,,,,,,Military PT 2,,,,,,,,,,,,"(-11.9, -0.1, 0.0)",,,,,,,,,,995,,Burn Dressing,
PLAYER_POSITIONS,613721,6/26/2026 1:02:35 PM,656b7e14-f368-4196-b68a-fdb1e1554fc8,2.0,,,,,,,,,,,,,,,,,,,,,,,,,,,,,,,,,,,"(-12.3, 0.0, 0.4)","(-12.1, 0.8, 0.1)","(-11.8, 0.3, -0.1)",
PLAYER_POSITIONS,613721,6/26/2026 1:02:35 PM,656b7e14-f368-4196-b68a-fdb1e1554fc8,2.0,,,,,,,,,,,,,,,,,,,,,,,,,,,,,,,,,,,"(-12.3, 0.0, 0.4)","(-12.1, 0.8, 0.1)","(-11.8, 0.3, -0.1)",
TOOL_HOVER,614205,6/26/2026 1:02:36 PM,656b7e14-f368-4196-b68a-fdb1e1554fc8,2.0,,,,,,,,,,,,,,,,,,,,,,,,,,,,,,,,,,,,,,,,,,,,,,998,,Chest Seal,
PLAYER_POSITIONS,614231,6/26/2026 1:02:36 PM,656b7e14-f368-4196-b68a-fdb1e1554fc8,2.0,,,,,,,,,,,,,,,,,,,,,,,,,,,,,,,,,,,"(-12.0, 0.4, 0.4)","(-12.1, 0.8, 0.1)","(-11.8, 0.3, 0.0)",
PLAYER_POSITIONS,614231,6/26/2026 1:02:36 PM,656b7e14-f368-4196-b68a-fdb1e1554fc8,2.0,,,,,,,,,,,,,,,,,,,,,,,,,,,,,,,,,,,"(-12.0, 0.4, 0.4)","(-12.1, 0.8, 0.1)","(-11.8, 0.3, 0.0)",
TOOL_HOVER,614407,6/26/2026 1:02:36 PM,656b7e14-f368-4196-b68a-fdb1e1554fc8,2.0,,,,,,,,,,,,,,,,,,,,,,,,,,,,,,,,,,,,,,,,,,,,,,996,,Burn Dressing,
TOOL_HOVER,614507,6/26/2026 1:02:36 PM,656b7e14-f368-4196-b68a-fdb1e1554fc8,2.0,,,,,,,,,,,,,,,,,,,,,,,,,,,,,,,,,,,,,,,,,,,,,,998,,Chest Seal,
TOOL_HOVER,614607,6/26/2026 1:02:36 PM,656b7e14-f368-4196-b68a-fdb1e1554fc8,2.0,,,,,,,,,,,,,,,,,,,,,,,,,,,,,,,,,,,,,,,,,,,,,,996,,Burn Dressing,
TOOL_SELECTED,614674,6/26/2026 1:02:36 PM,656b7e14-f368-4196-b68a-fdb1e1554fc8,2.0,,,,,,,,,,,,,,,,,,,,,,,,,,,,,,,,,,,,,,,,,,,,,,995,,Burn Dressing,
PLAYER_POSITIONS,614744,6/26/2026 1:02:36 PM,656b7e14-f368-4196-b68a-fdb1e1554fc8,2.0,,,,,,,,,,,,,,,,,,,,,,,,,,,,,,,,,,,"(-11.8, 0.4, 0.3)","(-12.1, 0.8, 0.0)","(-11.8, 0.3, 0.0)",
PLAYER_POSITIONS,614744,6/26/2026 1:02:36 PM,656b7e14-f368-4196-b68a-fdb1e1554fc8,2.0,,,,,,,,,,,,,,,,,,,,,,,,,,,,,,,,,,,"(-11.8, 0.4, 0.3)","(-12.1, 0.8, 0.0)","(-11.8, 0.3, 0.0)",
PLAYER_POSITIONS,615254,6/26/2026 1:02:37 PM,656b7e14-f368-4196-b68a-fdb1e1554fc8,2.0,,,,,,,,,,,,,,,,,,,,,,,,,,,,,,,,,,,"(-12.2, 0.1, 0.4)","(-12.1, 0.8, 0.1)","(-11.8, 0.3, 0.0)",
PLAYER_POSITIONS,615254,6/26/2026 1:02:37 PM,656b7e14-f368-4196-b68a-fdb1e1554fc8,2.0,,,,,,,,,,,,,,,,,,,,,,,,,,,,,,,,,,,"(-12.2, 0.1, 0.4)","(-12.1, 0.8, 0.1)","(-11.8, 0.3, 0.0)",
AUDIO_START,615521,6/26/2026 1:02:37 PM,656b7e14-f368-4196-b68a-fdb1e1554fc8,2.0,bravo be advised sniper,5.537959,
AUDIO_END,615631,6/26/2026 1:02:37 PM,656b7e14-f368-4196-b68a-fdb1e1554fc8,2.0,evac in 30 seconds,5.172245,
PLAYER_POSITIONS,615765,6/26/2026 1:02:37 PM,656b7e14-f368-4196-b68a-fdb1e1554fc8,2.0,,,,,,,,,,,,,,,,,,,,,,,,,,,,,,,,,,,"(-12.3, 0.0, 0.4)","(-12.2, 0.7, 0.1)","(-11.8, 0.3, 0.0)",
PLAYER_POSITIONS,615765,6/26/2026 1:02:37 PM,656b7e14-f368-4196-b68a-fdb1e1554fc8,2.0,,,,,,,,,,,,,,,,,,,,,,,,,,,,,,,,,,,"(-12.3, 0.0, 0.4)","(-12.2, 0.7, 0.1)","(-11.8, 0.3, 0.0)",
TREATMENT_APPLIED,616097,6/26/2026 1:02:38 PM,656b7e14-f368-4196-b68a-fdb1e1554fc8,2.0,,,,,,,,,leftArm,,"(-12.2, 0.0, 0.3)",burnDressing,,,,,,,,,,,,Military PT 2,
TOOL_APPLIED,616100,6/26/2026 1:02:38 PM,656b7e14-f368-4196-b68a-fdb1e1554fc8,2.0,,,,,,,,,,,,,,,,,,,,,,,,Military PT 2,,,,,,,,,,,,,,,,,,,,AppliedBurnDressing,skinCollider_BodyCollideLOD (UnityEngine.GameObject),,Burn Dressing(Clone) (UnityEngine.GameObject),Burn Dressing,
TOOL_DISCARDED,616117,6/26/2026 1:02:38 PM,656b7e14-f368-4196-b68a-fdb1e1554fc8,2.0,,,,,,,,,,,,,,,,,,,,,,,,Military PT 2,,,,,,,,,,,,"(-11.9, -0.1, 0.0)",,,,,,,,,,994,,Burn Dressing,
PLAYER_POSITIONS,616276,6/26/2026 1:02:38 PM,656b7e14-f368-4196-b68a-fdb1e1554fc8,2.0,,,,,,,,,,,,,,,,,,,,,,,,,,,,,,,,,,,"(-12.3, 0.0, 0.4)","(-12.1, 0.7, 0.1)","(-11.8, 0.3, 0.0)",
PLAYER_POSITIONS,616276,6/26/2026 1:02:38 PM,656b7e14-f368-4196-b68a-fdb1e1554fc8,2.0,,,,,,,,,,,,,,,,,,,,,,,,,,,,,,,,,,,"(-12.3, 0.0, 0.4)","(-12.1, 0.7, 0.1)","(-11.8, 0.3, 0.0)",
TOOL_HOVER,616714,6/26/2026 1:02:38 PM,656b7e14-f368-4196-b68a-fdb1e1554fc8,2.0,,,,,,,,,,,,,,,,,,,,,,,,,,,,,,,,,,,,,,,,,,,,,,998,,Chest Seal,
PLAYER_POSITIONS,616783,6/26/2026 1:02:38 PM,656b7e14-f368-4196-b68a-fdb1e1554fc8,2.0,,,,,,,,,,,,,,,,,,,,,,,,,,,,,,,,,,,"(-12.0, 0.4, 0.4)","(-12.1, 0.8, 0.1)","(-11.9, 0.3, 0.0)",
PLAYER_POSITIONS,616783,6/26/2026 1:02:38 PM,656b7e14-f368-4196-b68a-fdb1e1554fc8,2.0,,,,,,,,,,,,,,,,,,,,,,,,,,,,,,,,,,,"(-12.0, 0.4, 0.4)","(-12.1, 0.8, 0.1)","(-11.9, 0.3, 0.0)",
TOOL_HOVER,616915,6/26/2026 1:02:39 PM,656b7e14-f368-4196-b68a-fdb1e1554fc8,2.0,,,,,,,,,,,,,,,,,,,,,,,,,,,,,,,,,,,,,,,,,,,,,,995,,Burn Dressing,
TOOL_SELECTED,617093,6/26/2026 1:02:39 PM,656b7e14-f368-4196-b68a-fdb1e1554fc8,2.0,,,,,,,,,,,,,,,,,,,,,,,,,,,,,,,,,,,,,,,,,,,,,,994,,Burn Dressing,
PLAYER_POSITIONS,617295,6/26/2026 1:02:39 PM,656b7e14-f368-4196-b68a-fdb1e1554fc8,2.0,,,,,,,,,,,,,,,,,,,,,,,,,,,,,,,,,,,"(-11.9, 0.3, 0.4)","(-12.1, 0.8, 0.1)","(-11.9, 0.3, 0.0)",
PLAYER_POSITIONS,617295,6/26/2026 1:02:39 PM,656b7e14-f368-4196-b68a-fdb1e1554fc8,2.0,,,,,,,,,,,,,,,,,,,,,,,,,,,,,,,,,,,"(-11.9, 0.3, 0.4)","(-12.1, 0.8, 0.1)","(-11.9, 0.3, 0.0)",
PLAYER_POSITIONS,617795,6/26/2026 1:02:39 PM,656b7e14-f368-4196-b68a-fdb1e1554fc8,2.0,,,,,,,,,,,,,,,,,,,,,,,,,,,,,,,,,,,"(-12.4, 0.1, 0.5)","(-12.2, 0.7, 0.2)","(-11.9, 0.3, 0.0)",
PLAYER_POSITIONS,617795,6/26/2026 1:02:39 PM,656b7e14-f368-4196-b68a-fdb1e1554fc8,2.0,,,,,,,,,,,,,,,,,,,,,,,,,,,,,,,,,,,"(-12.4, 0.1, 0.5)","(-12.2, 0.7, 0.2)","(-11.9, 0.3, 0.0)",
TREATMENT_APPLIED,618158,6/26/2026 1:02:40 PM,656b7e14-f368-4196-b68a-fdb1e1554fc8,2.0,,,,,,,,,leftForearm,,"(-12.5, -0.1, 0.5)",burnDressing,,,,,,,,,,,,Military PT 2,
TOOL_APPLIED,618161,6/26/2026 1:02:40 PM,656b7e14-f368-4196-b68a-fdb1e1554fc8,2.0,,,,,,,,,,,,,,,,,,,,,,,,Military PT 2,,,,,,,,,,,,,,,,,,,,AppliedBurnDressing,skinCollider_BodyCollideLOD (UnityEngine.GameObject),,Burn Dressing(Clone) (UnityEngine.GameObject),Burn Dressing,
TOOL_DISCARDED,618179,6/26/2026 1:02:40 PM,656b7e14-f368-4196-b68a-fdb1e1554fc8,2.0,,,,,,,,,,,,,,,,,,,,,,,,Military PT 2,,,,,,,,,,,,"(-11.9, -0.1, 0.0)",,,,,,,,,,993,,Burn Dressing,
PLAYER_POSITIONS,618315,6/26/2026 1:02:40 PM,656b7e14-f368-4196-b68a-fdb1e1554fc8,2.0,,,,,,,,,,,,,,,,,,,,,,,,,,,,,,,,,,,"(-12.4, 0.0, 0.5)","(-12.2, 0.7, 0.2)","(-11.9, 0.3, 0.0)",
PLAYER_POSITIONS,618315,6/26/2026 1:02:40 PM,656b7e14-f368-4196-b68a-fdb1e1554fc8,2.0,,,,,,,,,,,,,,,,,,,,,,,,,,,,,,,,,,,"(-12.4, 0.0, 0.5)","(-12.2, 0.7, 0.2)","(-11.9, 0.3, 0.0)",
TOOL_HOVER,618835,6/26/2026 1:02:40 PM,656b7e14-f368-4196-b68a-fdb1e1554fc8,2.0,,,,,,,,,,,,,,,,,,,,,,,,,,,,,,,,,,,,,,,,,,,,,,998,,Chest Seal,
PLAYER_POSITIONS,618839,6/26/2026 1:02:40 PM,656b7e14-f368-4196-b68a-fdb1e1554fc8,2.0,,,,,,,,,,,,,,,,,,,,,,,,,,,,,,,,,,,"(-12.0, 0.3, 0.4)","(-12.1, 0.8, 0.1)","(-11.9, 0.3, 0.0)",
PLAYER_POSITIONS,618839,6/26/2026 1:02:40 PM,656b7e14-f368-4196-b68a-fdb1e1554fc8,2.0,,,,,,,,,,,,,,,,,,,,,,,,,,,,,,,,,,,"(-12.0, 0.3, 0.4)","(-12.1, 0.8, 0.1)","(-11.9, 0.3, 0.0)",
TOOL_HOVER,618925,6/26/2026 1:02:41 PM,656b7e14-f368-4196-b68a-fdb1e1554fc8,2.0,,,,,,,,,,,,,,,,,,,,,,,,,,,,,,,,,,,,,,,,,,,,,,994,,Burn Dressing,
TOOL_SELECTED,619029,6/26/2026 1:02:41 PM,656b7e14-f368-4196-b68a-fdb1e1554fc8,2.0,,,,,,,,,,,,,,,,,,,,,,,,,,,,,,,,,,,,,,,,,,,,,,993,,Burn Dressing,
PLAYER_POSITIONS,619350,6/26/2026 1:02:41 PM,656b7e14-f368-4196-b68a-fdb1e1554fc8,2.0,,,,,,,,,,,,,,,,,,,,,,,,,,,,,,,,,,,"(-11.9, 0.3, 0.4)","(-12.1, 0.8, 0.1)","(-11.9, 0.3, 0.0)",
PLAYER_POSITIONS,619350,6/26/2026 1:02:41 PM,656b7e14-f368-4196-b68a-fdb1e1554fc8,2.0,,,,,,,,,,,,,,,,,,,,,,,,,,,,,,,,,,,"(-11.9, 0.3, 0.4)","(-12.1, 0.8, 0.1)","(-11.9, 0.3, 0.0)",
INJURY_TREATED,619858,6/26/2026 1:02:41 PM,656b7e14-f368-4196-b68a-fdb1e1554fc8,2.0,,,,,,,,,chest,Circumferential Chest Burn,"(-12.0, 0.1, 0.4)",scalpel,1,1,high,True,True,,,,,,,Military PT 2,
TOOL_APPLIED,619858,6/26/2026 1:02:41 PM,656b7e14-f368-4196-b68a-fdb1e1554fc8,2.0,,,,,,,,,,,,,,,,,,,,,,,,Military PT 2,,,,,,,,,,,,,,,,,,,,AppliedBurnDressing,skinCollider_BodyCollideLOD (UnityEngine.GameObject),,Burn Dressing(Clone) (UnityEngine.GameObject),Burn Dressing,
PLAYER_POSITIONS,619861,6/26/2026 1:02:41 PM,656b7e14-f368-4196-b68a-fdb1e1554fc8,2.0,,,,,,,,,,,,,,,,,,,,,,,,,,,,,,,,,,,"(-12.0, 0.1, 0.4)","(-12.1, 0.7, 0.1)","(-11.8, 0.3, 0.0)",
PLAYER_POSITIONS,619861,6/26/2026 1:02:41 PM,656b7e14-f368-4196-b68a-fdb1e1554fc8,2.0,,,,,,,,,,,,,,,,,,,,,,,,,,,,,,,,,,,"(-12.0, 0.1, 0.4)","(-12.1, 0.7, 0.1)","(-11.8, 0.3, 0.0)",
PLAYER_POSITIONS,620369,6/26/2026 1:02:42 PM,656b7e14-f368-4196-b68a-fdb1e1554fc8,2.0,,,,,,,,,,,,,,,,,,,,,,,,,,,,,,,,,,,"(-11.9, 0.3, 0.4)","(-12.1, 0.8, 0.1)","(-11.9, 0.3, 0.0)",
PLAYER_POSITIONS,620369,6/26/2026 1:02:42 PM,656b7e14-f368-4196-b68a-fdb1e1554fc8,2.0,,,,,,,,,,,,,,,,,,,,,,,,,,,,,,,,,,,"(-11.9, 0.3, 0.4)","(-12.1, 0.8, 0.1)","(-11.9, 0.3, 0.0)",
TOOL_HOVER,620411,6/26/2026 1:02:42 PM,656b7e14-f368-4196-b68a-fdb1e1554fc8,2.0,,,,,,,,,,,,,,,,,,,,,,,,,,,,,,,,,,,,,,,,,,,,,,993,,Burn Dressing,
TOOL_SELECTED,620589,6/26/2026 1:02:42 PM,656b7e14-f368-4196-b68a-fdb1e1554fc8,2.0,,,,,,,,,,,,,,,,,,,,,,,,,,,,,,,,,,,,,,,,,,,,,,992,,Burn Dressing,
PLAYER_POSITIONS,620879,6/26/2026 1:02:43 PM,656b7e14-f368-4196-b68a-fdb1e1554fc8,2.0,,,,,,,,,,,,,,,,,,,,,,,,,,,,,,,,,,,"(-11.9, 0.3, 0.4)","(-12.1, 0.8, 0.1)","(-11.9, 0.3, 0.0)",
PLAYER_POSITIONS,620879,6/26/2026 1:02:43 PM,656b7e14-f368-4196-b68a-fdb1e1554fc8,2.0,,,,,,,,,,,,,,,,,,,,,,,,,,,,,,,,,,,"(-11.9, 0.3, 0.4)","(-12.1, 0.8, 0.1)","(-11.9, 0.3, 0.0)",
AUDIO_END,621056,6/26/2026 1:02:43 PM,656b7e14-f368-4196-b68a-fdb1e1554fc8,2.0,bravo be advised sniper,5.537959,
NARRATIVE_SECTION_END,621056,6/26/2026 1:02:43 PM,656b7e14-f368-4196-b68a-fdb1e1554fc8,2.0,,,,,,,,,,,,,,,,,,Bravo be advised sniper,70,
NARRATIVE_SECTION_START,621074,6/26/2026 1:02:43 PM,656b7e14-f368-4196-b68a-fdb1e1554fc8,2.0,,,,,,,,,,,,,,,,,,Bravo move to building 8 3,71,
PLAYER_POSITIONS,621424,6/26/2026 1:02:43 PM,656b7e14-f368-4196-b68a-fdb1e1554fc8,2.0,,,,,,,,,,,,,,,,,,,,,,,,,,,,,,,,,,,"(-12.0, 0.1, 0.7)","(-12.1, 0.7, 0.1)","(-11.9, 0.3, 0.0)",
PLAYER_POSITIONS,621424,6/26/2026 1:02:43 PM,656b7e14-f368-4196-b68a-fdb1e1554fc8,2.0,,,,,,,,,,,,,,,,,,,,,,,,,,,,,,,,,,,"(-12.0, 0.1, 0.7)","(-12.1, 0.7, 0.1)","(-11.9, 0.3, 0.0)",
INJURY_TREATED,621493,6/26/2026 1:02:43 PM,656b7e14-f368-4196-b68a-fdb1e1554fc8,2.0,,,,,,,,,chest,Circumferential Chest Burn,"(-12.0, 0.1, 0.4)",scalpel,1,2,high,True,True,,,,,,,Military PT 2,
TOOL_APPLIED,621493,6/26/2026 1:02:43 PM,656b7e14-f368-4196-b68a-fdb1e1554fc8,2.0,,,,,,,,,,,,,,,,,,,,,,,,Military PT 2,,,,,,,,,,,,,,,,,,,,AppliedBurnDressing,skinCollider_BodyCollideLOD (UnityEngine.GameObject),,Burn Dressing(Clone) (UnityEngine.GameObject),Burn Dressing,
PLAYER_POSITIONS,621924,6/26/2026 1:02:44 PM,656b7e14-f368-4196-b68a-fdb1e1554fc8,2.0,,,,,,,,,,,,,,,,,,,,,,,,,,,,,,,,,,,"(-11.9, 0.2, 0.5)","(-12.1, 0.7, 0.2)","(-11.9, 0.3, 0.0)",
PLAYER_POSITIONS,621924,6/26/2026 1:02:44 PM,656b7e14-f368-4196-b68a-fdb1e1554fc8,2.0,,,,,,,,,,,,,,,,,,,,,,,,,,,,,,,,,,,"(-11.9, 0.2, 0.5)","(-12.1, 0.7, 0.2)","(-11.9, 0.3, 0.0)",
TOOL_HOVER,622020,6/26/2026 1:02:44 PM,656b7e14-f368-4196-b68a-fdb1e1554fc8,2.0,,,,,,,,,,,,,,,,,,,,,,,,,,,,,,,,,,,,,,,,,,,,,,998,,Chest Seal,
AUDIO_START,622065,6/26/2026 1:02:44 PM,656b7e14-f368-4196-b68a-fdb1e1554fc8,2.0,bravo move to building 8 3,6.034286,
TOOL_HOVER,622121,6/26/2026 1:02:44 PM,656b7e14-f368-4196-b68a-fdb1e1554fc8,2.0,,,,,,,,,,,,,,,,,,,,,,,,,,,,,,,,,,,,,,,,,,,,,,992,,Burn Dressing,
TOOL_SELECTED,622277,6/26/2026 1:02:44 PM,656b7e14-f368-4196-b68a-fdb1e1554fc8,2.0,,,,,,,,,,,,,,,,,,,,,,,,,,,,,,,,,,,,,,,,,,,,,,991,,Burn Dressing,
PLAYER_POSITIONS,622435,6/26/2026 1:02:44 PM,656b7e14-f368-4196-b68a-fdb1e1554fc8,2.0,,,,,,,,,,,,,,,,,,,,,,,,,,,,,,,,,,,"(-11.9, 0.3, 0.3)","(-12.1, 0.7, 0.1)","(-11.9, 0.3, 0.0)",
PLAYER_POSITIONS,622435,6/26/2026 1:02:44 PM,656b7e14-f368-4196-b68a-fdb1e1554fc8,2.0,,,,,,,,,,,,,,,,,,,,,,,,,,,,,,,,,,,"(-11.9, 0.3, 0.3)","(-12.1, 0.7, 0.1)","(-11.9, 0.3, 0.0)",
PLAYER_POSITIONS,622955,6/26/2026 1:02:45 PM,656b7e14-f368-4196-b68a-fdb1e1554fc8,2.0,,,,,,,,,,,,,,,,,,,,,,,,,,,,,,,,,,,"(-12.0, 0.1, 0.6)","(-12.1, 0.7, 0.2)","(-11.9, 0.3, 0.0)",
PLAYER_POSITIONS,622955,6/26/2026 1:02:45 PM,656b7e14-f368-4196-b68a-fdb1e1554fc8,2.0,,,,,,,,,,,,,,,,,,,,,,,,,,,,,,,,,,,"(-12.0, 0.1, 0.6)","(-12.1, 0.7, 0.2)","(-11.9, 0.3, 0.0)",
TREATMENT_APPLIED,622997,6/26/2026 1:02:45 PM,656b7e14-f368-4196-b68a-fdb1e1554fc8,2.0,,,,,,,,,abdomen,,"(-12.0, 0.1, 0.6)",gauzeWrap,,,,,,,,,,,,Military PT 2,
TOOL_APPLIED,623002,6/26/2026 1:02:45 PM,656b7e14-f368-4196-b68a-fdb1e1554fc8,2.0,,,,,,,,,,,,,,,,,,,,,,,,Military PT 2,,,,,,,,,,,,,,,,,,,,AppliedBurnDressing,skinCollider_BodyCollideLOD (UnityEngine.GameObject),,Burn Dressing(Clone) (UnityEngine.GameObject),Burn Dressing,
TOOL_DISCARDED,623029,6/26/2026 1:02:45 PM,656b7e14-f368-4196-b68a-fdb1e1554fc8,2.0,,,,,,,,,,,,,,,,,,,,,,,,Military PT 2,,,,,,,,,,,,"(-11.9, -0.1, 0.0)",,,,,,,,,,990,,Burn Dressing,
PLAYER_POSITIONS,623455,6/26/2026 1:02:45 PM,656b7e14-f368-4196-b68a-fdb1e1554fc8,2.0,,,,,,,,,,,,,,,,,,,,,,,,,,,,,,,,,,,"(-11.9, 0.2, 0.5)","(-12.1, 0.7, 0.1)","(-11.9, 0.3, 0.0)",
PLAYER_POSITIONS,623455,6/26/2026 1:02:45 PM,656b7e14-f368-4196-b68a-fdb1e1554fc8,2.0,,,,,,,,,,,,,,,,,,,,,,,,,,,,,,,,,,,"(-11.9, 0.2, 0.5)","(-12.1, 0.7, 0.1)","(-11.9, 0.3, 0.0)",
TOOL_HOVER,623531,6/26/2026 1:02:45 PM,656b7e14-f368-4196-b68a-fdb1e1554fc8,2.0,,,,,,,,,,,,,,,,,,,,,,,,,,,,,,,,,,,,,,,,,,,,,,998,,Chest Seal,
TOOL_HOVER,623619,6/26/2026 1:02:45 PM,656b7e14-f368-4196-b68a-fdb1e1554fc8,2.0,,,,,,,,,,,,,,,,,,,,,,,,,,,,,,,,,,,,,,,,,,,,,,991,,Burn Dressing,
PLAYER_POSITIONS,623972,6/26/2026 1:02:46 PM,656b7e14-f368-4196-b68a-fdb1e1554fc8,2.0,,,,,,,,,,,,,,,,,,,,,,,,,,,,,,,,,,,"(-11.9, 0.3, 0.2)","(-12.1, 0.7, 0.1)","(-11.8, 0.3, -0.1)",
PLAYER_POSITIONS,623972,6/26/2026 1:02:46 PM,656b7e14-f368-4196-b68a-fdb1e1554fc8,2.0,,,,,,,,,,,,,,,,,,,,,,,,,,,,,,,,,,,"(-11.9, 0.3, 0.2)","(-12.1, 0.7, 0.1)","(-11.8, 0.3, -0.1)",
TOOL_HOVER,624125,6/26/2026 1:02:46 PM,656b7e14-f368-4196-b68a-fdb1e1554fc8,2.0,,,,,,,,,,,,,,,,,,,,,,,,,,,,,,,,,,,,,,,,,,,,,,991,,Burn Dressing,
TOOL_SELECTED,624237,6/26/2026 1:02:46 PM,656b7e14-f368-4196-b68a-fdb1e1554fc8,2.0,,,,,,,,,,,,,,,,,,,,,,,,,,,,,,,,,,,,,,,,,,,,,,990,,Burn Dressing,
PLAYER_POSITIONS,624489,6/26/2026 1:02:46 PM,656b7e14-f368-4196-b68a-fdb1e1554fc8,2.0,,,,,,,,,,,,,,,,,,,,,,,,,,,,,,,,,,,"(-11.9, 0.2, 0.1)","(-12.1, 0.7, 0.1)","(-11.8, 0.3, -0.2)",
PLAYER_POSITIONS,624489,6/26/2026 1:02:46 PM,656b7e14-f368-4196-b68a-fdb1e1554fc8,2.0,,,,,,,,,,,,,,,,,,,,,,,,,,,,,,,,,,,"(-11.9, 0.2, 0.1)","(-12.1, 0.7, 0.1)","(-11.8, 0.3, -0.2)",
PLAYER_POSITIONS,625009,6/26/2026 1:02:47 PM,656b7e14-f368-4196-b68a-fdb1e1554fc8,2.0,,,,,,,,,,,,,,,,,,,,,,,,,,,,,,,,,,,"(-12.1, 0.1, 0.1)","(-12.1, 0.7, 0.1)","(-11.8, 0.4, -0.3)",
PLAYER_POSITIONS,625009,6/26/2026 1:02:47 PM,656b7e14-f368-4196-b68a-fdb1e1554fc8,2.0,,,,,,,,,,,,,,,,,,,,,,,,,,,,,,,,,,,"(-12.1, 0.1, 0.1)","(-12.1, 0.7, 0.1)","(-11.8, 0.4, -0.3)",
TREATMENT_APPLIED,625039,6/26/2026 1:02:47 PM,656b7e14-f368-4196-b68a-fdb1e1554fc8,2.0,,,,,,,,,neck,,"(-12.0, 0.0, 0.2)",burnDressing,,,,,,,,,,,,Military PT 2,
TOOL_APPLIED,625044,6/26/2026 1:02:47 PM,656b7e14-f368-4196-b68a-fdb1e1554fc8,2.0,,,,,,,,,,,,,,,,,,,,,,,,Military PT 2,,,,,,,,,,,,,,,,,,,,AppliedBurnDressing,skinCollider_BodyCollideLOD (UnityEngine.GameObject),,Burn Dressing(Clone) (UnityEngine.GameObject),Burn Dressing,
TOOL_DISCARDED,625059,6/26/2026 1:02:47 PM,656b7e14-f368-4196-b68a-fdb1e1554fc8,2.0,,,,,,,,,,,,,,,,,,,,,,,,Military PT 2,,,,,,,,,,,,"(-11.9, -0.1, 0.0)",,,,,,,,,,989,,Burn Dressing,
TOOL_HOVER,625516,6/26/2026 1:02:47 PM,656b7e14-f368-4196-b68a-fdb1e1554fc8,2.0,,,,,,,,,,,,,,,,,,,,,,,,,,,,,,,,,,,,,,,,,,,,,,998,,Chest Seal,
PLAYER_POSITIONS,625519,6/26/2026 1:02:47 PM,656b7e14-f368-4196-b68a-fdb1e1554fc8,2.0,,,,,,,,,,,,,,,,,,,,,,,,,,,,,,,,,,,"(-12.0, 0.1, 0.1)","(-12.1, 0.7, 0.1)","(-11.8, 0.3, -0.2)",
PLAYER_POSITIONS,625519,6/26/2026 1:02:47 PM,656b7e14-f368-4196-b68a-fdb1e1554fc8,2.0,,,,,,,,,,,,,,,,,,,,,,,,,,,,,,,,,,,"(-12.0, 0.1, 0.1)","(-12.1, 0.7, 0.1)","(-11.8, 0.3, -0.2)",
TOOL_HOVER,625617,6/26/2026 1:02:47 PM,656b7e14-f368-4196-b68a-fdb1e1554fc8,2.0,,,,,,,,,,,,,,,,,,,,,,,,,,,,,,,,,,,,,,,,,,,,,,990,,Burn Dressing,
TOOL_SELECTED,625991,6/26/2026 1:02:48 PM,656b7e14-f368-4196-b68a-fdb1e1554fc8,2.0,,,,,,,,,,,,,,,,,,,,,,,,,,,,,,,,,,,,,,,,,,,,,,989,,Burn Dressing,
PLAYER_POSITIONS,626025,6/26/2026 1:02:48 PM,656b7e14-f368-4196-b68a-fdb1e1554fc8,2.0,,,,,,,,,,,,,,,,,,,,,,,,,,,,,,,,,,,"(-11.9, 0.3, 0.2)","(-12.1, 0.7, 0.1)","(-11.9, 0.3, -0.2)",
PLAYER_POSITIONS,626025,6/26/2026 1:02:48 PM,656b7e14-f368-4196-b68a-fdb1e1554fc8,2.0,,,,,,,,,,,,,,,,,,,,,,,,,,,,,,,,,,,"(-11.9, 0.3, 0.2)","(-12.1, 0.7, 0.1)","(-11.9, 0.3, -0.2)",
PLAYER_POSITIONS,626549,6/26/2026 1:02:48 PM,656b7e14-f368-4196-b68a-fdb1e1554fc8,2.0,,,,,,,,,,,,,,,,,,,,,,,,,,,,,,,,,,,"(-12.1, 0.1, 0.1)","(-12.1, 0.7, 0.1)","(-11.8, 0.3, -0.3)",
PLAYER_POSITIONS,626549,6/26/2026 1:02:48 PM,656b7e14-f368-4196-b68a-fdb1e1554fc8,2.0,,,,,,,,,,,,,,,,,,,,,,,,,,,,,,,,,,,"(-12.1, 0.1, 0.1)","(-12.1, 0.7, 0.1)","(-11.8, 0.3, -0.3)",
TREATMENT_APPLIED,626791,6/26/2026 1:02:48 PM,656b7e14-f368-4196-b68a-fdb1e1554fc8,2.0,,,,,,,,,neck,,"(-12.0, 0.0, 0.3)",burnDressing,,,,,,,,,,,,Military PT 2,
TOOL_APPLIED,626794,6/26/2026 1:02:48 PM,656b7e14-f368-4196-b68a-fdb1e1554fc8,2.0,,,,,,,,,,,,,,,,,,,,,,,,Military PT 2,,,,,,,,,,,,,,,,,,,,AppliedBurnDressing,skinCollider_BodyCollideLOD (UnityEngine.GameObject),,Burn Dressing(Clone) (UnityEngine.GameObject),Burn Dressing,
TOOL_DISCARDED,626810,6/26/2026 1:02:48 PM,656b7e14-f368-4196-b68a-fdb1e1554fc8,2.0,,,,,,,,,,,,,,,,,,,,,,,,Military PT 2,,,,,,,,,,,,"(-11.9, -0.1, 0.0)",,,,,,,,,,988,,Burn Dressing,
PULSE_TAKEN,626855,6/26/2026 1:02:48 PM,656b7e14-f368-4196-b68a-fdb1e1554fc8,2.0,,,,,,,,,,,,,,,,,,,,,,,,Military PT 2,,,,pulse_faint,
PLAYER_POSITIONS,627057,6/26/2026 1:02:49 PM,656b7e14-f368-4196-b68a-fdb1e1554fc8,2.0,,,,,,,,,,,,,,,,,,,,,,,,,,,,,,,,,,,"(-12.1, 0.1, 0.1)","(-12.1, 0.7, 0.1)","(-11.8, 0.3, -0.3)",
PLAYER_POSITIONS,627057,6/26/2026 1:02:49 PM,656b7e14-f368-4196-b68a-fdb1e1554fc8,2.0,,,,,,,,,,,,,,,,,,,,,,,,,,,,,,,,,,,"(-12.1, 0.1, 0.1)","(-12.1, 0.7, 0.1)","(-11.8, 0.3, -0.3)",
TOOL_HOVER,627409,6/26/2026 1:02:49 PM,656b7e14-f368-4196-b68a-fdb1e1554fc8,2.0,,,,,,,,,,,,,,,,,,,,,,,,,,,,,,,,,,,,,,,,,,,,,,989,,Burn Dressing,
PLAYER_POSITIONS,627568,6/26/2026 1:02:49 PM,656b7e14-f368-4196-b68a-fdb1e1554fc8,2.0,,,,,,,,,,,,,,,,,,,,,,,,,,,,,,,,,,,"(-11.9, 0.3, 0.1)","(-12.1, 0.7, 0.1)","(-11.9, 0.3, -0.2)",
PLAYER_POSITIONS,627568,6/26/2026 1:02:49 PM,656b7e14-f368-4196-b68a-fdb1e1554fc8,2.0,,,,,,,,,,,,,,,,,,,,,,,,,,,,,,,,,,,"(-11.9, 0.3, 0.1)","(-12.1, 0.7, 0.1)","(-11.9, 0.3, -0.2)",
TOOL_SELECTED,627610,6/26/2026 1:02:49 PM,656b7e14-f368-4196-b68a-fdb1e1554fc8,2.0,,,,,,,,,,,,,,,,,,,,,,,,,,,,,,,,,,,,,,,,,,,,,,988,,Burn Dressing,
PLAYER_POSITIONS,628079,6/26/2026 1:02:50 PM,656b7e14-f368-4196-b68a-fdb1e1554fc8,2.0,,,,,,,,,,,,,,,,,,,,,,,,,,,,,,,,,,,"(-11.9, 0.2, 0.3)","(-12.1, 0.8, 0.1)","(-11.9, 0.3, -0.2)",
PLAYER_POSITIONS,628079,6/26/2026 1:02:50 PM,656b7e14-f368-4196-b68a-fdb1e1554fc8,2.0,,,,,,,,,,,,,,,,,,,,,,,,,,,,,,,,,,,"(-11.9, 0.2, 0.3)","(-12.1, 0.8, 0.1)","(-11.9, 0.3, -0.2)",
AUDIO_END,628100,6/26/2026 1:02:50 PM,656b7e14-f368-4196-b68a-fdb1e1554fc8,2.0,bravo move to building 8 3,6.034286,
NARRATIVE_SECTION_END,628100,6/26/2026 1:02:50 PM,656b7e14-f368-4196-b68a-fdb1e1554fc8,2.0,,,,,,,,,,,,,,,,,,Bravo move to building 8 3,71,
NARRATIVE_SECTION_START,628139,6/26/2026 1:02:50 PM,656b7e14-f368-4196-b68a-fdb1e1554fc8,2.0,,,,,,,,,,,,,,,,,,Who do you want to evacuate,72,
PLAYER_POSITIONS,628601,6/26/2026 1:02:50 PM,656b7e14-f368-4196-b68a-fdb1e1554fc8,2.0,,,,,,,,,,,,,,,,,,,,,,,,,,,,,,,,,,,"(-11.6, 0.1, 0.3)","(-11.9, 0.7, 0.1)","(-11.6, 0.3, -0.2)",
PLAYER_POSITIONS,628601,6/26/2026 1:02:50 PM,656b7e14-f368-4196-b68a-fdb1e1554fc8,2.0,,,,,,,,,,,,,,,,,,,,,,,,,,,,,,,,,,,"(-11.6, 0.1, 0.3)","(-11.9, 0.7, 0.1)","(-11.6, 0.3, -0.2)",
PLAYER_POSITIONS,629112,6/26/2026 1:02:51 PM,656b7e14-f368-4196-b68a-fdb1e1554fc8,2.0,,,,,,,,,,,,,,,,,,,,,,,,,,,,,,,,,,,"(-11.7, 0.0, 0.3)","(-11.8, 0.7, 0.1)","(-11.6, 0.3, -0.2)",
PLAYER_POSITIONS,629112,6/26/2026 1:02:51 PM,656b7e14-f368-4196-b68a-fdb1e1554fc8,2.0,,,,,,,,,,,,,,,,,,,,,,,,,,,,,,,,,,,"(-11.7, 0.0, 0.3)","(-11.8, 0.7, 0.1)","(-11.6, 0.3, -0.2)",
TOOL_DISCARDED,629240,6/26/2026 1:02:51 PM,656b7e14-f368-4196-b68a-fdb1e1554fc8,2.0,,,,,,,,,,,,,,,,,,,,,,,,Military PT 2,,,,,,,,,,,,"(-11.7, -0.1, 0.1)",,,,,,,,,,988,,Burn Dressing,
TOOL_HOVER,629609,6/26/2026 1:02:51 PM,656b7e14-f368-4196-b68a-fdb1e1554fc8,2.0,,,,,,,,,,,,,,,,,,,,,,,,,,,,,,,,,,,,,,,,,,,,,,989,,Burn Dressing,
PLAYER_POSITIONS,629633,6/26/2026 1:02:51 PM,656b7e14-f368-4196-b68a-fdb1e1554fc8,2.0,,,,,,,,,,,,,,,,,,,,,,,,,,,,,,,,,,,"(-11.6, 0.2, 0.2)","(-11.8, 0.7, 0.1)","(-11.6, 0.3, -0.2)",
PLAYER_POSITIONS,629633,6/26/2026 1:02:51 PM,656b7e14-f368-4196-b68a-fdb1e1554fc8,2.0,,,,,,,,,,,,,,,,,,,,,,,,,,,,,,,,,,,"(-11.6, 0.2, 0.2)","(-11.8, 0.7, 0.1)","(-11.6, 0.3, -0.2)",
TOOL_HOVER,630123,6/26/2026 1:02:52 PM,656b7e14-f368-4196-b68a-fdb1e1554fc8,2.0,,,,,,,,,,,,,,,,,,,,,,,,,,,,,,,,,,,,,,,,,,,,,,989,,Burn Dressing,
PLAYER_POSITIONS,630148,6/26/2026 1:02:52 PM,656b7e14-f368-4196-b68a-fdb1e1554fc8,2.0,,,,,,,,,,,,,,,,,,,,,,,,,,,,,,,,,,,"(-11.6, 0.3, 0.1)","(-11.8, 0.7, 0.1)","(-11.6, 0.3, -0.2)",
PLAYER_POSITIONS,630148,6/26/2026 1:02:52 PM,656b7e14-f368-4196-b68a-fdb1e1554fc8,2.0,,,,,,,,,,,,,,,,,,,,,,,,,,,,,,,,,,,"(-11.6, 0.3, 0.1)","(-11.8, 0.7, 0.1)","(-11.6, 0.3, -0.2)",
TOOL_SELECTED,630368,6/26/2026 1:02:52 PM,656b7e14-f368-4196-b68a-fdb1e1554fc8,2.0,,,,,,,,,,,,,,,,,,,,,,,,,,,,,,,,,,,,,,,,,,,,,,988,,Burn Dressing,
EVAC_RADIO_ALERT,630467,6/26/2026 1:02:52 PM,656b7e14-f368-4196-b68a-fdb1e1554fc8,2.0,,,,,,,,1,
AUDIO_START,630471,6/26/2026 1:02:52 PM,656b7e14-f368-4196-b68a-fdb1e1554fc8,2.0,evac in 10 seconds,4.127347,
PLAYER_POSITIONS,630664,6/26/2026 1:02:52 PM,656b7e14-f368-4196-b68a-fdb1e1554fc8,2.0,,,,,,,,,,,,,,,,,,,,,,,,,,,,,,,,,,,"(-11.6, 0.1, 0.3)","(-11.9, 0.7, 0.1)","(-11.6, 0.3, -0.2)",
PLAYER_POSITIONS,630664,6/26/2026 1:02:52 PM,656b7e14-f368-4196-b68a-fdb1e1554fc8,2.0,,,,,,,,,,,,,,,,,,,,,,,,,,,,,,,,,,,"(-11.6, 0.1, 0.3)","(-11.9, 0.7, 0.1)","(-11.6, 0.3, -0.2)",
PLAYER_POSITIONS,631174,6/26/2026 1:02:53 PM,656b7e14-f368-4196-b68a-fdb1e1554fc8,2.0,,,,,,,,,,,,,,,,,,,,,,,,,,,,,,,,,,,"(-11.7, 0.0, 0.4)","(-11.9, 0.7, 0.1)","(-11.6, 0.3, -0.2)",
PLAYER_POSITIONS,631174,6/26/2026 1:02:53 PM,656b7e14-f368-4196-b68a-fdb1e1554fc8,2.0,,,,,,,,,,,,,,,,,,,,,,,,,,,,,,,,,,,"(-11.7, 0.0, 0.4)","(-11.9, 0.7, 0.1)","(-11.6, 0.3, -0.2)",
TREATMENT_APPLIED,631348,6/26/2026 1:02:53 PM,656b7e14-f368-4196-b68a-fdb1e1554fc8,2.0,,,,,,,,,rightArm,,"(-11.8, -0.1, 0.3)",burnDressing,,,,,,,,,,,,Military PT 2,
TOOL_APPLIED,631351,6/26/2026 1:02:53 PM,656b7e14-f368-4196-b68a-fdb1e1554fc8,2.0,,,,,,,,,,,,,,,,,,,,,,,,Military PT 2,,,,,,,,,,,,,,,,,,,,AppliedBurnDressing,skinCollider_BodyCollideLOD (UnityEngine.GameObject),,Burn Dressing(Clone) (UnityEngine.GameObject),Burn Dressing,
TOOL_DISCARDED,631369,6/26/2026 1:02:53 PM,656b7e14-f368-4196-b68a-fdb1e1554fc8,2.0,,,,,,,,,,,,,,,,,,,,,,,,Military PT 2,,,,,,,,,,,,"(-11.7, -0.1, 0.1)",,,,,,,,,,987,,Burn Dressing,
VOICE_CAPTURE,631572,6/26/2026 1:02:53 PM,656b7e14-f368-4196-b68a-fdb1e1554fc8,2.0,,,,,,,,,,,,,,,,,,,,,,,,,,,,,,,,,,,,,,,,,,,,,,,,,,,NA,That's not even working.,
PLAYER_POSITIONS,631685,6/26/2026 1:02:53 PM,656b7e14-f368-4196-b68a-fdb1e1554fc8,2.0,,,,,,,,,,,,,,,,,,,,,,,,,,,,,,,,,,,"(-11.7, 0.1, 0.4)","(-11.9, 0.7, 0.1)","(-11.6, 0.3, -0.2)",
PLAYER_POSITIONS,631685,6/26/2026 1:02:53 PM,656b7e14-f368-4196-b68a-fdb1e1554fc8,2.0,,,,,,,,,,,,,,,,,,,,,,,,,,,,,,,,,,,"(-11.7, 0.1, 0.4)","(-11.9, 0.7, 0.1)","(-11.6, 0.3, -0.2)",
TOOL_HOVER,631815,6/26/2026 1:02:53 PM,656b7e14-f368-4196-b68a-fdb1e1554fc8,2.0,,,,,,,,,,,,,,,,,,,,,,,,,,,,,,,,,,,,,,,,,,,,,,988,,Burn Dressing,
VOICE_CAPTURE,632040,6/26/2026 1:02:54 PM,656b7e14-f368-4196-b68a-fdb1e1554fc8,2.0,,,,,,,,,,,,,,,,,,,,,,,,,,,,,,,,,,,,,,,,,,,,,,,,,,,NA,That's not even working.,
VOICE_CAPTURE,632042,6/26/2026 1:02:54 PM,656b7e14-f368-4196-b68a-fdb1e1554fc8,2.0,,,,,,,,,,,,,,,,,,,,,,,,,,,,,,,,,,,,,,,,,,,,,,,,,,,NA,That's not even working.,
TOOL_SELECTED,632105,6/26/2026 1:02:54 PM,656b7e14-f368-4196-b68a-fdb1e1554fc8,2.0,,,,,,,,,,,,,,,,,,,,,,,,,,,,,,,,,,,,,,,,,,,,,,987,,Burn Dressing,
PLAYER_POSITIONS,632195,6/26/2026 1:02:54 PM,656b7e14-f368-4196-b68a-fdb1e1554fc8,2.0,,,,,,,,,,,,,,,,,,,,,,,,,,,,,,,,,,,"(-11.6, 0.2, 0.2)","(-11.8, 0.7, 0.1)","(-11.6, 0.3, -0.1)",
PLAYER_POSITIONS,632195,6/26/2026 1:02:54 PM,656b7e14-f368-4196-b68a-fdb1e1554fc8,2.0,,,,,,,,,,,,,,,,,,,,,,,,,,,,,,,,,,,"(-11.6, 0.2, 0.2)","(-11.8, 0.7, 0.1)","(-11.6, 0.3, -0.1)",
PLAYER_POSITIONS,632707,6/26/2026 1:02:54 PM,656b7e14-f368-4196-b68a-fdb1e1554fc8,2.0,,,,,,,,,,,,,,,,,,,,,,,,,,,,,,,,,,,"(-11.6, 0.1, 0.5)","(-11.8, 0.7, 0.1)","(-11.6, 0.3, -0.2)",
PLAYER_POSITIONS,632707,6/26/2026 1:02:54 PM,656b7e14-f368-4196-b68a-fdb1e1554fc8,2.0,,,,,,,,,,,,,,,,,,,,,,,,,,,,,,,,,,,"(-11.6, 0.1, 0.5)","(-11.8, 0.7, 0.1)","(-11.6, 0.3, -0.2)",
PLAYER_POSITIONS,633219,6/26/2026 1:02:55 PM,656b7e14-f368-4196-b68a-fdb1e1554fc8,2.0,,,,,,,,,,,,,,,,,,,,,,,,,,,,,,,,,,,"(-11.6, 0.0, 0.5)","(-11.8, 0.7, 0.2)","(-11.5, 0.3, -0.1)",
PLAYER_POSITIONS,633219,6/26/2026 1:02:55 PM,656b7e14-f368-4196-b68a-fdb1e1554fc8,2.0,,,,,,,,,,,,,,,,,,,,,,,,,,,,,,,,,,,"(-11.6, 0.0, 0.5)","(-11.8, 0.7, 0.2)","(-11.5, 0.3, -0.1)",
PLAYER_POSITIONS,633722,6/26/2026 1:02:55 PM,656b7e14-f368-4196-b68a-fdb1e1554fc8,2.0,,,,,,,,,,,,,,,,,,,,,,,,,,,,,,,,,,,"(-11.6, 0.0, 0.5)","(-11.8, 0.7, 0.2)","(-11.5, 0.3, -0.1)",
PLAYER_POSITIONS,633722,6/26/2026 1:02:55 PM,656b7e14-f368-4196-b68a-fdb1e1554fc8,2.0,,,,,,,,,,,,,,,,,,,,,,,,,,,,,,,,,,,"(-11.6, 0.0, 0.5)","(-11.8, 0.7, 0.2)","(-11.5, 0.3, -0.1)",
TREATMENT_APPLIED,633853,6/26/2026 1:02:55 PM,656b7e14-f368-4196-b68a-fdb1e1554fc8,2.0,,,,,,,,,rightForearm,,"(-11.6, 0.0, 0.5)",burnDressing,,,,,,,,,,,,Military PT 2,
TOOL_APPLIED,633857,6/26/2026 1:02:55 PM,656b7e14-f368-4196-b68a-fdb1e1554fc8,2.0,,,,,,,,,,,,,,,,,,,,,,,,Military PT 2,,,,,,,,,,,,,,,,,,,,AppliedBurnDressing,skinCollider_BodyCollideLOD (UnityEngine.GameObject),,Burn Dressing(Clone) (UnityEngine.GameObject),Burn Dressing,
TOOL_DISCARDED,633872,6/26/2026 1:02:56 PM,656b7e14-f368-4196-b68a-fdb1e1554fc8,2.0,,,,,,,,,,,,,,,,,,,,,,,,Military PT 2,,,,,,,,,,,,"(-11.6, -0.1, 0.1)",,,,,,,,,,986,,Burn Dressing,
PLAYER_POSITIONS,634227,6/26/2026 1:02:56 PM,656b7e14-f368-4196-b68a-fdb1e1554fc8,2.0,,,,,,,,,,,,,,,,,,,,,,,,,,,,,,,,,,,"(-11.6, 0.0, 0.5)","(-11.8, 0.8, 0.2)","(-11.6, 0.3, -0.1)",
PLAYER_POSITIONS,634227,6/26/2026 1:02:56 PM,656b7e14-f368-4196-b68a-fdb1e1554fc8,2.0,,,,,,,,,,,,,,,,,,,,,,,,,,,,,,,,,,,"(-11.6, 0.0, 0.5)","(-11.8, 0.8, 0.2)","(-11.6, 0.3, -0.1)",
AUDIO_END,634599,6/26/2026 1:02:56 PM,656b7e14-f368-4196-b68a-fdb1e1554fc8,2.0,evac in 10 seconds,4.127347,
TOOL_HOVER,634621,6/26/2026 1:02:56 PM,656b7e14-f368-4196-b68a-fdb1e1554fc8,2.0,,,,,,,,,,,,,,,,,,,,,,,,,,,,,,,,,,,,,,,,,,,,,,998,,Chest Seal,
TOOL_HOVER,634719,6/26/2026 1:02:56 PM,656b7e14-f368-4196-b68a-fdb1e1554fc8,2.0,,,,,,,,,,,,,,,,,,,,,,,,,,,,,,,,,,,,,,,,,,,,,,998,,Israeli Wrap,
PLAYER_POSITIONS,634745,6/26/2026 1:02:56 PM,656b7e14-f368-4196-b68a-fdb1e1554fc8,2.0,,,,,,,,,,,,,,,,,,,,,,,,,,,,,,,,,,,"(-11.9, 0.3, 0.3)","(-11.9, 1.2, 0.3)","(-11.8, 0.5, 0.0)",
PLAYER_POSITIONS,634745,6/26/2026 1:02:56 PM,656b7e14-f368-4196-b68a-fdb1e1554fc8,2.0,,,,,,,,,,,,,,,,,,,,,,,,,,,,,,,,,,,"(-11.9, 0.3, 0.3)","(-11.9, 1.2, 0.3)","(-11.8, 0.5, 0.0)",
PLAYER_POSITIONS,635255,6/26/2026 1:02:57 PM,656b7e14-f368-4196-b68a-fdb1e1554fc8,2.0,,,,,,,,,,,,,,,,,,,,,,,,,,,,,,,,,,,"(-12.6, 0.8, 0.3)","(-12.5, 1.7, 0.2)","(-12.3, 1.0, 0.2)",
PLAYER_GAZE,635255,6/26/2026 1:02:57 PM,656b7e14-f368-4196-b68a-fdb1e1554fc8,2.0,,,,,,,,,,,,,,,,,,,,,,,,Military PT 2,,,,,,,,,"(-0.4, 1.7, -0.9)",,,"(-12.0, 0.0, 1.1)",
PLAYER_POSITIONS,635255,6/26/2026 1:02:57 PM,656b7e14-f368-4196-b68a-fdb1e1554fc8,2.0,,,,,,,,,,,,,,,,,,,,,,,,,,,,,,,,,,,"(-12.6, 0.8, 0.3)","(-12.5, 1.7, 0.2)","(-12.3, 1.0, 0.2)",
PLAYER_GAZE,635255,6/26/2026 1:02:57 PM,656b7e14-f368-4196-b68a-fdb1e1554fc8,2.0,,,,,,,,,,,,,,,,,,,,,,,,Military PT 2,,,,,,,,,"(-0.4, 1.7, -0.9)",,,"(-12.0, 0.0, 1.1)",
VOICE_CAPTURE,635635,6/26/2026 1:02:57 PM,656b7e14-f368-4196-b68a-fdb1e1554fc8,2.0,,,,,,,,,,,,,,,,,,,,,,,,,,,,,,,,,,,,,,,,,,,,,,,,,,,NA,Okay.,
PLAYER_POSITIONS,635768,6/26/2026 1:02:57 PM,656b7e14-f368-4196-b68a-fdb1e1554fc8,2.0,,,,,,,,,,,,,,,,,,,,,,,,,,,,,,,,,,,"(-12.8, 0.8, 0.6)","(-12.7, 1.8, 0.3)","(-12.5, 1.1, 0.3)",
PLAYER_GAZE,635768,6/26/2026 1:02:57 PM,656b7e14-f368-4196-b68a-fdb1e1554fc8,2.0,,,,,,,,,,,,,,,,,,,,,,,,Military PT 5,,,,,,,,,"(-3.3, 1.8, -1.4)",,,"(-9.4, 0.0, 1.7)",
PLAYER_POSITIONS,635768,6/26/2026 1:02:57 PM,656b7e14-f368-4196-b68a-fdb1e1554fc8,2.0,,,,,,,,,,,,,,,,,,,,,,,,,,,,,,,,,,,"(-12.8, 0.8, 0.6)","(-12.7, 1.8, 0.3)","(-12.5, 1.1, 0.3)",
PLAYER_GAZE,635768,6/26/2026 1:02:57 PM,656b7e14-f368-4196-b68a-fdb1e1554fc8,2.0,,,,,,,,,,,,,,,,,,,,,,,,Military PT 5,,,,,,,,,"(-3.3, 1.8, -1.4)",,,"(-9.4, 0.0, 1.7)",
PLAYER_POSITIONS,636269,6/26/2026 1:02:58 PM,656b7e14-f368-4196-b68a-fdb1e1554fc8,2.0,,,,,,,,,,,,,,,,,,,,,,,,,,,,,,,,,,,"(-12.6, 0.8, 0.8)","(-12.7, 1.8, 0.5)","(-12.4, 1.1, 0.4)",
PLAYER_POSITIONS,636269,6/26/2026 1:02:58 PM,656b7e14-f368-4196-b68a-fdb1e1554fc8,2.0,,,,,,,,,,,,,,,,,,,,,,,,,,,,,,,,,,,"(-12.6, 0.8, 0.8)","(-12.7, 1.8, 0.5)","(-12.4, 1.1, 0.4)",
VOICE_CAPTURE,636556,6/26/2026 1:02:58 PM,656b7e14-f368-4196-b68a-fdb1e1554fc8,2.0,,,,,,,,,,,,,,,,,,,,,,,,,,,,,,,,,,,,,,,,,,,,,,,,,,,NA,Oh.,
PLAYER_POSITIONS,636778,6/26/2026 1:02:58 PM,656b7e14-f368-4196-b68a-fdb1e1554fc8,2.0,,,,,,,,,,,,,,,,,,,,,,,,,,,,,,,,,,,"(-12.2, 0.9, 1.0)","(-12.4, 1.8, 0.8)","(-12.3, 1.1, 0.5)",
PLAYER_POSITIONS,636778,6/26/2026 1:02:58 PM,656b7e14-f368-4196-b68a-fdb1e1554fc8,2.0,,,,,,,,,,,,,,,,,,,,,,,,,,,,,,,,,,,"(-12.2, 0.9, 1.0)","(-12.4, 1.8, 0.8)","(-12.3, 1.1, 0.5)",
VOICE_CAPTURE,637100,6/26/2026 1:02:59 PM,656b7e14-f368-4196-b68a-fdb1e1554fc8,2.0,,,,,,,,,,,,,,,,,,,,,,,,,,,,,,,,,,,,,,,,,,,,,,,,,,,NA,Oh.,
PLAYER_POSITIONS,637287,6/26/2026 1:02:59 PM,656b7e14-f368-4196-b68a-fdb1e1554fc8,2.0,,,,,,,,,,,,,,,,,,,,,,,,,,,,,,,,,,,"(-12.1, 0.9, 1.4)","(-12.3, 1.8, 1.4)","(-12.3, 1.1, 1.0)",
PLAYER_GAZE,637287,6/26/2026 1:02:59 PM,656b7e14-f368-4196-b68a-fdb1e1554fc8,2.0,,,,,,,,,,,,,,,,,,,,,,,,Military PT 11,,,,,,,,,"(-5.9, 1.8, 1.6)",,,"(-6.4, 0.0, -0.3)",
PLAYER_POSITIONS,637287,6/26/2026 1:02:59 PM,656b7e14-f368-4196-b68a-fdb1e1554fc8,2.0,,,,,,,,,,,,,,,,,,,,,,,,,,,,,,,,,,,"(-12.1, 0.9, 1.4)","(-12.3, 1.8, 1.4)","(-12.3, 1.1, 1.0)",
PLAYER_GAZE,637287,6/26/2026 1:02:59 PM,656b7e14-f368-4196-b68a-fdb1e1554fc8,2.0,,,,,,,,,,,,,,,,,,,,,,,,Military PT 11,,,,,,,,,"(-5.9, 1.8, 1.6)",,,"(-6.4, 0.0, -0.3)",
VOICE_CAPTURE,637577,6/26/2026 1:02:59 PM,656b7e14-f368-4196-b68a-fdb1e1554fc8,2.0,,,,,,,,,,,,,,,,,,,,,,,,,,,,,,,,,,,,,,,,,,,,,,,,,,,NA,Oh.,
PLAYER_POSITIONS,637812,6/26/2026 1:02:59 PM,656b7e14-f368-4196-b68a-fdb1e1554fc8,2.0,,,,,,,,,,,,,,,,,,,,,,,,,,,,,,,,,,,"(-12.2, 0.8, 1.8)","(-12.4, 1.8, 1.7)","(-12.3, 1.1, 1.4)",
PLAYER_POSITIONS,637812,6/26/2026 1:02:59 PM,656b7e14-f368-4196-b68a-fdb1e1554fc8,2.0,,,,,,,,,,,,,,,,,,,,,,,,,,,,,,,,,,,"(-12.2, 0.8, 1.8)","(-12.4, 1.8, 1.7)","(-12.3, 1.1, 1.4)",
VOICE_CAPTURE,638089,6/26/2026 1:03:00 PM,656b7e14-f368-4196-b68a-fdb1e1554fc8,2.0,,,,,,,,,,,,,,,,,,,,,,,,,,,,,,,,,,,,,,,,,,,,,,,,,,,NA,Oh.,
PLAYER_POSITIONS,638320,6/26/2026 1:03:00 PM,656b7e14-f368-4196-b68a-fdb1e1554fc8,2.0,,,,,,,,,,,,,,,,,,,,,,,,,,,,,,,,,,,"(-12.2, 0.9, 2.1)","(-12.4, 1.8, 2.0)","(-12.2, 1.1, 1.8)",
PLAYER_GAZE,638320,6/26/2026 1:03:00 PM,656b7e14-f368-4196-b68a-fdb1e1554fc8,2.0,,,,,,,,,,,,,,,,,,,,,,,,Military PT 11,,,,,,,,,"(-5.9, 1.8, 2.3)",,,"(-6.4, 0.0, -0.3)",
PLAYER_POSITIONS,638320,6/26/2026 1:03:00 PM,656b7e14-f368-4196-b68a-fdb1e1554fc8,2.0,,,,,,,,,,,,,,,,,,,,,,,,,,,,,,,,,,,"(-12.2, 0.9, 2.1)","(-12.4, 1.8, 2.0)","(-12.2, 1.1, 1.8)",
PLAYER_GAZE,638320,6/26/2026 1:03:00 PM,656b7e14-f368-4196-b68a-fdb1e1554fc8,2.0,,,,,,,,,,,,,,,,,,,,,,,,Military PT 11,,,,,,,,,"(-5.9, 1.8, 2.3)",,,"(-6.4, 0.0, -0.3)",
VOICE_CAPTURE,638576,6/26/2026 1:03:00 PM,656b7e14-f368-4196-b68a-fdb1e1554fc8,2.0,,,,,,,,,,,,,,,,,,,,,,,,,,,,,,,,,,,,,,,,,,,,,,,,,,,NA,Oh.,
PLAYER_POSITIONS,638837,6/26/2026 1:03:00 PM,656b7e14-f368-4196-b68a-fdb1e1554fc8,2.0,,,,,,,,,,,,,,,,,,,,,,,,,,,,,,,,,,,"(-12.0, 0.9, 2.4)","(-12.2, 1.8, 2.4)","(-12.1, 1.1, 2.1)",
PLAYER_POSITIONS,638837,6/26/2026 1:03:00 PM,656b7e14-f368-4196-b68a-fdb1e1554fc8,2.0,,,,,,,,,,,,,,,,,,,,,,,,,,,,,,,,,,,"(-12.0, 0.9, 2.4)","(-12.2, 1.8, 2.4)","(-12.1, 1.1, 2.1)",
VOICE_CAPTURE,639075,6/26/2026 1:03:01 PM,656b7e14-f368-4196-b68a-fdb1e1554fc8,2.0,,,,,,,,,,,,,,,,,,,,,,,,,,,,,,,,,,,,,,,,,,,,,,,,,,,NA,Oh.,
PLAYER_POSITIONS,639344,6/26/2026 1:03:01 PM,656b7e14-f368-4196-b68a-fdb1e1554fc8,2.0,,,,,,,,,,,,,,,,,,,,,,,,,,,,,,,,,,,"(-11.9, 0.9, 2.7)","(-12.1, 1.8, 2.7)","(-12.0, 1.0, 2.4)",
PLAYER_GAZE,639344,6/26/2026 1:03:01 PM,656b7e14-f368-4196-b68a-fdb1e1554fc8,2.0,,,,,,,,,,,,,,,,,,,,,,,,Military PT 5,,,,,,,,,"(-2.7, 1.8, 1.0)",,,"(-9.4, 0.0, 1.7)",
PLAYER_POSITIONS,639344,6/26/2026 1:03:01 PM,656b7e14-f368-4196-b68a-fdb1e1554fc8,2.0,,,,,,,,,,,,,,,,,,,,,,,,,,,,,,,,,,,"(-11.9, 0.9, 2.7)","(-12.1, 1.8, 2.7)","(-12.0, 1.0, 2.4)",
PLAYER_GAZE,639344,6/26/2026 1:03:01 PM,656b7e14-f368-4196-b68a-fdb1e1554fc8,2.0,,,,,,,,,,,,,,,,,,,,,,,,Military PT 5,,,,,,,,,"(-2.7, 1.8, 1.0)",,,"(-9.4, 0.0, 1.7)",
PATIENT_DISENGAGED,639530,6/26/2026 1:03:01 PM,656b7e14-f368-4196-b68a-fdb1e1554fc8,2.0,,,,35.95,,,,,,,,,,,,,,,,restricted,100,Infinity,normal,Military PT 2,agony,supine,"(-12.0, -0.1, 1.1)",faint,"(0.0, 0.4, 0.0, 0.9)",normal,EXPECTANT,still,,,,,,,,,,,,,,,,,84.29,
VOICE_CAPTURE,639533,6/26/2026 1:03:01 PM,656b7e14-f368-4196-b68a-fdb1e1554fc8,2.0,,,,,,,,,,,,,,,,,,,,,,,,,,,,,,,,,,,,,,,,,,,,,,,,,,,NA,Oh.,
PLAYER_POSITIONS,639854,6/26/2026 1:03:01 PM,656b7e14-f368-4196-b68a-fdb1e1554fc8,2.0,,,,,,,,,,,,,,,,,,,,,,,,,,,,,,,,,,,"(-11.8, 1.0, 3.1)","(-12.1, 1.8, 3.0)","(-12.0, 1.1, 2.8)",
PLAYER_POSITIONS,639854,6/26/2026 1:03:01 PM,656b7e14-f368-4196-b68a-fdb1e1554fc8,2.0,,,,,,,,,,,,,,,,,,,,,,,,,,,,,,,,,,,"(-11.8, 1.0, 3.1)","(-12.1, 1.8, 3.0)","(-12.0, 1.1, 2.8)",
VOICE_CAPTURE,640054,6/26/2026 1:03:02 PM,656b7e14-f368-4196-b68a-fdb1e1554fc8,2.0,,,,,,,,,,,,,,,,,,,,,,,,,,,,,,,,,,,,,,,,,,,,,,,,,,,NA,Oh.,
PLAYER_POSITIONS,640354,6/26/2026 1:03:02 PM,656b7e14-f368-4196-b68a-fdb1e1554fc8,2.0,,,,,,,,,,,,,,,,,,,,,,,,,,,,,,,,,,,"(-12.0, 1.0, 3.2)","(-12.2, 1.8, 3.2)","(-12.1, 1.1, 2.9)",
PLAYER_POSITIONS,640354,6/26/2026 1:03:02 PM,656b7e14-f368-4196-b68a-fdb1e1554fc8,2.0,,,,,,,,,,,,,,,,,,,,,,,,,,,,,,,,,,,"(-12.0, 1.0, 3.2)","(-12.2, 1.8, 3.2)","(-12.1, 1.1, 2.9)",
VOICE_CAPTURE,640510,6/26/2026 1:03:02 PM,656b7e14-f368-4196-b68a-fdb1e1554fc8,2.0,,,,,,,,,,,,,,,,,,,,,,,,,,,,,,,,,,,,,,,,,,,,,,,,,,,NA,Oh.,
PLAYER_POSITIONS,640865,6/26/2026 1:03:02 PM,656b7e14-f368-4196-b68a-fdb1e1554fc8,2.0,,,,,,,,,,,,,,,,,,,,,,,,,,,,,,,,,,,"(-12.0, 0.9, 3.2)","(-12.3, 1.8, 3.1)","(-12.4, 1.3, 2.6)",
PLAYER_POSITIONS,640865,6/26/2026 1:03:02 PM,656b7e14-f368-4196-b68a-fdb1e1554fc8,2.0,,,,,,,,,,,,,,,,,,,,,,,,,,,,,,,,,,,"(-12.0, 0.9, 3.2)","(-12.3, 1.8, 3.1)","(-12.4, 1.3, 2.6)",
VOICE_CAPTURE,641065,6/26/2026 1:03:03 PM,656b7e14-f368-4196-b68a-fdb1e1554fc8,2.0,,,,,,,,,,,,,,,,,,,,,,,,,,,,,,,,,,,,,,,,,,,,,,,,,,,NA,Oh.,
BAG_CLOSED,641260,6/26/2026 1:03:03 PM,656b7e14-f368-4196-b68a-fdb1e1554fc8,2.0,,,,,,,,,,,,,,,,,,,,,,,,,,,,,,,,,,,,"(0.0, 0.0, 0.0)",
PLAYER_POSITIONS,641386,6/26/2026 1:03:03 PM,656b7e14-f368-4196-b68a-fdb1e1554fc8,2.0,,,,,,,,,,,,,,,,,,,,,,,,,,,,,,,,,,,"(-12.1, 1.0, 3.1)","(-12.4, 1.8, 3.1)","(-12.6, 0.8, 3.1)",
PLAYER_GAZE,641386,6/26/2026 1:03:03 PM,656b7e14-f368-4196-b68a-fdb1e1554fc8,2.0,,,,,,,,,,,,,,,,,,,,,,,,Military PT 2,,,,,,,,,"(-0.3, 1.8, 2.0)",,,"(-12.0, 0.0, 1.1)",
PLAYER_POSITIONS,641386,6/26/2026 1:03:03 PM,656b7e14-f368-4196-b68a-fdb1e1554fc8,2.0,,,,,,,,,,,,,,,,,,,,,,,,,,,,,,,,,,,"(-12.1, 1.0, 3.1)","(-12.4, 1.8, 3.1)","(-12.6, 0.8, 3.1)",
PLAYER_GAZE,641386,6/26/2026 1:03:03 PM,656b7e14-f368-4196-b68a-fdb1e1554fc8,2.0,,,,,,,,,,,,,,,,,,,,,,,,Military PT 2,,,,,,,,,"(-0.3, 1.8, 2.0)",,,"(-12.0, 0.0, 1.1)",
VOICE_CAPTURE,641575,6/26/2026 1:03:03 PM,656b7e14-f368-4196-b68a-fdb1e1554fc8,2.0,,,,,,,,,,,,,,,,,,,,,,,,,,,,,,,,,,,,,,,,,,,,,,,,,,,NA,Oh.,
PLAYER_POSITIONS,641886,6/26/2026 1:03:04 PM,656b7e14-f368-4196-b68a-fdb1e1554fc8,2.0,,,,,,,,,,,,,,,,,,,,,,,,,,,,,,,,,,,"(-12.2, 1.0, 2.8)","(-12.5, 1.9, 2.9)","(-12.7, 0.9, 2.8)",
PLAYER_GAZE,641886,6/26/2026 1:03:04 PM,656b7e14-f368-4196-b68a-fdb1e1554fc8,2.0,,,,,,,,,,,,,,,,,,,,,,,,Military PT 9,,,,,,,,,"(0.2, 1.9, 4.7)",,,"(-12.7, 0.0, -1.8)",
PLAYER_POSITIONS,641886,6/26/2026 1:03:04 PM,656b7e14-f368-4196-b68a-fdb1e1554fc8,2.0,,,,,,,,,,,,,,,,,,,,,,,,,,,,,,,,,,,"(-12.2, 1.0, 2.8)","(-12.5, 1.9, 2.9)","(-12.7, 0.9, 2.8)",
PLAYER_GAZE,641886,6/26/2026 1:03:04 PM,656b7e14-f368-4196-b68a-fdb1e1554fc8,2.0,,,,,,,,,,,,,,,,,,,,,,,,Military PT 9,,,,,,,,,"(0.2, 1.9, 4.7)",,,"(-12.7, 0.0, -1.8)",
VOICE_CAPTURE,642048,6/26/2026 1:03:04 PM,656b7e14-f368-4196-b68a-fdb1e1554fc8,2.0,,,,,,,,,,,,,,,,,,,,,,,,,,,,,,,,,,,,,,,,,,,,,,,,,,,NA,Oh.,
PLAYER_POSITIONS,642387,6/26/2026 1:03:04 PM,656b7e14-f368-4196-b68a-fdb1e1554fc8,2.0,,,,,,,,,,,,,,,,,,,,,,,,,,,,,,,,,,,"(-12.4, 0.8, 2.7)","(-12.6, 1.7, 2.6)","(-12.9, 0.8, 2.5)",
PLAYER_POSITIONS,642387,6/26/2026 1:03:04 PM,656b7e14-f368-4196-b68a-fdb1e1554fc8,2.0,,,,,,,,,,,,,,,,,,,,,,,,,,,,,,,,,,,"(-12.4, 0.8, 2.7)","(-12.6, 1.7, 2.6)","(-12.9, 0.8, 2.5)",
VOICE_CAPTURE,642575,6/26/2026 1:03:04 PM,656b7e14-f368-4196-b68a-fdb1e1554fc8,2.0,,,,,,,,,,,,,,,,,,,,,,,,,,,,,,,,,,,,,,,,,,,,,,,,,,,NA,Oh.,
PLAYER_POSITIONS,642909,6/26/2026 1:03:05 PM,656b7e14-f368-4196-b68a-fdb1e1554fc8,2.0,,,,,,,,,,,,,,,,,,,,,,,,,,,,,,,,,,,"(-12.6, 0.9, 2.3)","(-12.9, 1.8, 2.3)","(-13.0, 0.8, 2.1)",
PLAYER_POSITIONS,642909,6/26/2026 1:03:05 PM,656b7e14-f368-4196-b68a-fdb1e1554fc8,2.0,,,,,,,,,,,,,,,,,,,,,,,,,,,,,,,,,,,"(-12.6, 0.9, 2.3)","(-12.9, 1.8, 2.3)","(-13.0, 0.8, 2.1)",
VOICE_CAPTURE,643054,6/26/2026 1:03:05 PM,656b7e14-f368-4196-b68a-fdb1e1554fc8,2.0,,,,,,,,,,,,,,,,,,,,,,,,,,,,,,,,,,,,,,,,,,,,,,,,,,,NA,Oh.,
PLAYER_POSITIONS,643409,6/26/2026 1:03:05 PM,656b7e14-f368-4196-b68a-fdb1e1554fc8,2.0,,,,,,,,,,,,,,,,,,,,,,,,,,,,,,,,,,,"(-12.6, 0.9, 2.0)","(-12.8, 1.7, 2.1)","(-13.1, 0.8, 1.9)",
PLAYER_POSITIONS,643409,6/26/2026 1:03:05 PM,656b7e14-f368-4196-b68a-fdb1e1554fc8,2.0,,,,,,,,,,,,,,,,,,,,,,,,,,,,,,,,,,,"(-12.6, 0.9, 2.0)","(-12.8, 1.7, 2.1)","(-13.1, 0.8, 1.9)",
VOICE_CAPTURE,643565,6/26/2026 1:03:05 PM,656b7e14-f368-4196-b68a-fdb1e1554fc8,2.0,,,,,,,,,,,,,,,,,,,,,,,,,,,,,,,,,,,,,,,,,,,,,,,,,,,NA,Oh.,
PLAYER_POSITIONS,643921,6/26/2026 1:03:06 PM,656b7e14-f368-4196-b68a-fdb1e1554fc8,2.0,,,,,,,,,,,,,,,,,,,,,,,,,,,,,,,,,,,"(-12.6, 0.8, 2.1)","(-12.8, 1.7, 2.1)","(-13.0, 0.8, 1.8)",
PLAYER_POSITIONS,643921,6/26/2026 1:03:06 PM,656b7e14-f368-4196-b68a-fdb1e1554fc8,2.0,,,,,,,,,,,,,,,,,,,,,,,,,,,,,,,,,,,"(-12.6, 0.8, 2.1)","(-12.8, 1.7, 2.1)","(-13.0, 0.8, 1.8)",
VOICE_CAPTURE,644043,6/26/2026 1:03:06 PM,656b7e14-f368-4196-b68a-fdb1e1554fc8,2.0,,,,,,,,,,,,,,,,,,,,,,,,,,,,,,,,,,,,,,,,,,,,,,,,,,,NA,Oh.,
PLAYER_POSITIONS,644445,6/26/2026 1:03:06 PM,656b7e14-f368-4196-b68a-fdb1e1554fc8,2.0,,,,,,,,,,,,,,,,,,,,,,,,,,,,,,,,,,,"(-12.6, 0.9, 2.0)","(-12.9, 1.7, 2.0)","(-13.0, 0.8, 1.8)",
PLAYER_POSITIONS,644445,6/26/2026 1:03:06 PM,656b7e14-f368-4196-b68a-fdb1e1554fc8,2.0,,,,,,,,,,,,,,,,,,,,,,,,,,,,,,,,,,,"(-12.6, 0.9, 2.0)","(-12.9, 1.7, 2.0)","(-13.0, 0.8, 1.8)",
EVAC_RADIO_ALERT,644465,6/26/2026 1:03:06 PM,656b7e14-f368-4196-b68a-fdb1e1554fc8,2.0,,,,,,,,1,
AUDIO_START,644473,6/26/2026 1:03:06 PM,656b7e14-f368-4196-b68a-fdb1e1554fc8,2.0,evac is here,6.71347,
VOICE_CAPTURE,644564,6/26/2026 1:03:06 PM,656b7e14-f368-4196-b68a-fdb1e1554fc8,2.0,,,,,,,,,,,,,,,,,,,,,,,,,,,,,,,,,,,,,,,,,,,,,,,,,,,NA,Oh.,
PLAYER_POSITIONS,644985,6/26/2026 1:03:07 PM,656b7e14-f368-4196-b68a-fdb1e1554fc8,2.0,,,,,,,,,,,,,,,,,,,,,,,,,,,,,,,,,,,"(-12.6, 0.8, 2.0)","(-12.9, 1.7, 2.0)","(-13.1, 0.8, 1.8)",
PLAYER_POSITIONS,644985,6/26/2026 1:03:07 PM,656b7e14-f368-4196-b68a-fdb1e1554fc8,2.0,,,,,,,,,,,,,,,,,,,,,,,,,,,,,,,,,,,"(-12.6, 0.8, 2.0)","(-12.9, 1.7, 2.0)","(-13.1, 0.8, 1.8)",
VOICE_CAPTURE,645031,6/26/2026 1:03:07 PM,656b7e14-f368-4196-b68a-fdb1e1554fc8,2.0,,,,,,,,,,,,,,,,,,,,,,,,,,,,,,,,,,,,,,,,,,,,,,,,,,,NA,Oh.,
PLAYER_POSITIONS,645509,6/26/2026 1:03:07 PM,656b7e14-f368-4196-b68a-fdb1e1554fc8,2.0,,,,,,,,,,,,,,,,,,,,,,,,,,,,,,,,,,,"(-12.6, 0.8, 2.0)","(-13.0, 1.7, 1.9)","(-13.1, 0.8, 1.9)",
PLAYER_POSITIONS,645509,6/26/2026 1:03:07 PM,656b7e14-f368-4196-b68a-fdb1e1554fc8,2.0,,,,,,,,,,,,,,,,,,,,,,,,,,,,,,,,,,,"(-12.6, 0.8, 2.0)","(-13.0, 1.7, 1.9)","(-13.1, 0.8, 1.9)",
VOICE_CAPTURE,645552,6/26/2026 1:03:07 PM,656b7e14-f368-4196-b68a-fdb1e1554fc8,2.0,,,,,,,,,,,,,,,,,,,,,,,,,,,,,,,,,,,,,,,,,,,,,,,,,,,NA,Oh.,
PLAYER_POSITIONS,646029,6/26/2026 1:03:08 PM,656b7e14-f368-4196-b68a-fdb1e1554fc8,2.0,,,,,,,,,,,,,,,,,,,,,,,,,,,,,,,,,,,"(-12.7, 0.8, 2.0)","(-13.0, 1.7, 2.0)","(-13.1, 0.8, 1.9)",
PLAYER_POSITIONS,646029,6/26/2026 1:03:08 PM,656b7e14-f368-4196-b68a-fdb1e1554fc8,2.0,,,,,,,,,,,,,,,,,,,,,,,,,,,,,,,,,,,"(-12.7, 0.8, 2.0)","(-13.0, 1.7, 2.0)","(-13.1, 0.8, 1.9)",
VOICE_CAPTURE,646061,6/26/2026 1:03:08 PM,656b7e14-f368-4196-b68a-fdb1e1554fc8,2.0,,,,,,,,,,,,,,,,,,,,,,,,,,,,,,,,,,,,,,,,,,,,,,,,,,,NA,Oh.,
PLAYER_POSITIONS,646539,6/26/2026 1:03:08 PM,656b7e14-f368-4196-b68a-fdb1e1554fc8,2.0,,,,,,,,,,,,,,,,,,,,,,,,,,,,,,,,,,,"(-12.6, 0.8, 2.0)","(-13.1, 1.7, 2.0)","(-13.1, 0.8, 1.9)",
PLAYER_GAZE,646539,6/26/2026 1:03:08 PM,656b7e14-f368-4196-b68a-fdb1e1554fc8,2.0,,,,,,,,,,,,,,,,,,,,,,,,Civilian PT 3,,,,,,,,,"(1.2, 1.7, 0.4)",,,"(-14.3, 0.0, 1.6)",
PLAYER_POSITIONS,646539,6/26/2026 1:03:08 PM,656b7e14-f368-4196-b68a-fdb1e1554fc8,2.0,,,,,,,,,,,,,,,,,,,,,,,,,,,,,,,,,,,"(-12.6, 0.8, 2.0)","(-13.1, 1.7, 2.0)","(-13.1, 0.8, 1.9)",
PLAYER_GAZE,646539,6/26/2026 1:03:08 PM,656b7e14-f368-4196-b68a-fdb1e1554fc8,2.0,,,,,,,,,,,,,,,,,,,,,,,,Civilian PT 3,,,,,,,,,"(1.2, 1.7, 0.4)",,,"(-14.3, 0.0, 1.6)",
VOICE_CAPTURE,646539,6/26/2026 1:03:08 PM,656b7e14-f368-4196-b68a-fdb1e1554fc8,2.0,,,,,,,,,,,,,,,,,,,,,,,,,,,,,,,,,,,,,,,,,,,,,,,,,,,NA,Oh.,
PLAYER_POSITIONS,647050,6/26/2026 1:03:09 PM,656b7e14-f368-4196-b68a-fdb1e1554fc8,2.0,,,,,,,,,,,,,,,,,,,,,,,,,,,,,,,,,,,"(-12.6, 0.8, 2.0)","(-13.0, 1.7, 2.0)","(-13.1, 0.8, 1.9)",
PLAYER_POSITIONS,647050,6/26/2026 1:03:09 PM,656b7e14-f368-4196-b68a-fdb1e1554fc8,2.0,,,,,,,,,,,,,,,,,,,,,,,,,,,,,,,,,,,"(-12.6, 0.8, 2.0)","(-13.0, 1.7, 2.0)","(-13.1, 0.8, 1.9)",
VOICE_CAPTURE,647050,6/26/2026 1:03:09 PM,656b7e14-f368-4196-b68a-fdb1e1554fc8,2.0,,,,,,,,,,,,,,,,,,,,,,,,,,,,,,,,,,,,,,,,,,,,,,,,,,,NA,Oh.,
PLAYER_POSITIONS,647551,6/26/2026 1:03:09 PM,656b7e14-f368-4196-b68a-fdb1e1554fc8,2.0,,,,,,,,,,,,,,,,,,,,,,,,,,,,,,,,,,,"(-12.6, 0.8, 2.0)","(-13.0, 1.7, 2.0)","(-13.1, 0.8, 1.9)",
PLAYER_POSITIONS,647551,6/26/2026 1:03:09 PM,656b7e14-f368-4196-b68a-fdb1e1554fc8,2.0,,,,,,,,,,,,,,,,,,,,,,,,,,,,,,,,,,,"(-12.6, 0.8, 2.0)","(-13.0, 1.7, 2.0)","(-13.1, 0.8, 1.9)",
VOICE_CAPTURE,647600,6/26/2026 1:03:09 PM,656b7e14-f368-4196-b68a-fdb1e1554fc8,2.0,,,,,,,,,,,,,,,,,,,,,,,,,,,,,,,,,,,,,,,,,,,,,,,,,,,NA,Oh.,
PLAYER_POSITIONS,648064,6/26/2026 1:03:10 PM,656b7e14-f368-4196-b68a-fdb1e1554fc8,2.0,,,,,,,,,,,,,,,,,,,,,,,,,,,,,,,,,,,"(-12.6, 0.8, 2.1)","(-12.9, 1.7, 2.0)","(-13.0, 0.8, 1.9)",
PLAYER_POSITIONS,648064,6/26/2026 1:03:10 PM,656b7e14-f368-4196-b68a-fdb1e1554fc8,2.0,,,,,,,,,,,,,,,,,,,,,,,,,,,,,,,,,,,"(-12.6, 0.8, 2.1)","(-12.9, 1.7, 2.0)","(-13.0, 0.8, 1.9)",
VOICE_CAPTURE,648097,6/26/2026 1:03:10 PM,656b7e14-f368-4196-b68a-fdb1e1554fc8,2.0,,,,,,,,,,,,,,,,,,,,,,,,,,,,,,,,,,,,,,,,,,,,,,,,,,,NA,Oh.,
VOICE_CAPTURE,648540,6/26/2026 1:03:10 PM,656b7e14-f368-4196-b68a-fdb1e1554fc8,2.0,,,,,,,,,,,,,,,,,,,,,,,,,,,,,,,,,,,,,,,,,,,,,,,,,,,NA,Oh.,
PLAYER_POSITIONS,648585,6/26/2026 1:03:10 PM,656b7e14-f368-4196-b68a-fdb1e1554fc8,2.0,,,,,,,,,,,,,,,,,,,,,,,,,,,,,,,,,,,"(-12.8, 0.8, 2.2)","(-13.0, 1.8, 2.3)","(-13.2, 0.8, 2.0)",
PLAYER_POSITIONS,648585,6/26/2026 1:03:10 PM,656b7e14-f368-4196-b68a-fdb1e1554fc8,2.0,,,,,,,,,,,,,,,,,,,,,,,,,,,,,,,,,,,"(-12.8, 0.8, 2.2)","(-13.0, 1.8, 2.3)","(-13.2, 0.8, 2.0)",
VOICE_CAPTURE,649064,6/26/2026 1:03:11 PM,656b7e14-f368-4196-b68a-fdb1e1554fc8,2.0,,,,,,,,,,,,,,,,,,,,,,,,,,,,,,,,,,,,,,,,,,,,,,,,,,,NA,Oh.,
PLAYER_POSITIONS,649087,6/26/2026 1:03:11 PM,656b7e14-f368-4196-b68a-fdb1e1554fc8,2.0,,,,,,,,,,,,,,,,,,,,,,,,,,,,,,,,,,,"(-12.8, 0.8, 2.2)","(-13.0, 1.7, 2.3)","(-13.2, 0.8, 2.0)",
PLAYER_POSITIONS,649087,6/26/2026 1:03:11 PM,656b7e14-f368-4196-b68a-fdb1e1554fc8,2.0,,,,,,,,,,,,,,,,,,,,,,,,,,,,,,,,,,,"(-12.8, 0.8, 2.2)","(-13.0, 1.7, 2.3)","(-13.2, 0.8, 2.0)",
VOICE_CAPTURE,649532,6/26/2026 1:03:11 PM,656b7e14-f368-4196-b68a-fdb1e1554fc8,2.0,,,,,,,,,,,,,,,,,,,,,,,,,,,,,,,,,,,,,,,,,,,,,,,,,,,NA,Oh.,
PLAYER_POSITIONS,649587,6/26/2026 1:03:11 PM,656b7e14-f368-4196-b68a-fdb1e1554fc8,2.0,,,,,,,,,,,,,,,,,,,,,,,,,,,,,,,,,,,"(-12.8, 0.8, 2.2)","(-13.0, 1.7, 2.3)","(-13.2, 0.8, 2.0)",
PLAYER_POSITIONS,649587,6/26/2026 1:03:11 PM,656b7e14-f368-4196-b68a-fdb1e1554fc8,2.0,,,,,,,,,,,,,,,,,,,,,,,,,,,,,,,,,,,"(-12.8, 0.8, 2.2)","(-13.0, 1.7, 2.3)","(-13.2, 0.8, 2.0)",
PLAYER_POSITIONS,650089,6/26/2026 1:03:12 PM,656b7e14-f368-4196-b68a-fdb1e1554fc8,2.0,,,,,,,,,,,,,,,,,,,,,,,,,,,,,,,,,,,"(-12.8, 0.8, 2.2)","(-13.0, 1.7, 2.2)","(-13.2, 0.8, 2.0)",
PLAYER_POSITIONS,650089,6/26/2026 1:03:12 PM,656b7e14-f368-4196-b68a-fdb1e1554fc8,2.0,,,,,,,,,,,,,,,,,,,,,,,,,,,,,,,,,,,"(-12.8, 0.8, 2.2)","(-13.0, 1.7, 2.2)","(-13.2, 0.8, 2.0)",
VOICE_CAPTURE,650090,6/26/2026 1:03:12 PM,656b7e14-f368-4196-b68a-fdb1e1554fc8,2.0,,,,,,,,,,,,,,,,,,,,,,,,,,,,,,,,,,,,,,,,,,,,,,,,,,,NA,Oh.,
VOICE_CAPTURE,650532,6/26/2026 1:03:12 PM,656b7e14-f368-4196-b68a-fdb1e1554fc8,2.0,,,,,,,,,,,,,,,,,,,,,,,,,,,,,,,,,,,,,,,,,,,,,,,,,,,NA,Oh.,
PLAYER_POSITIONS,650609,6/26/2026 1:03:12 PM,656b7e14-f368-4196-b68a-fdb1e1554fc8,2.0,,,,,,,,,,,,,,,,,,,,,,,,,,,,,,,,,,,"(-12.8, 0.8, 2.2)","(-13.1, 1.7, 2.2)","(-13.2, 0.9, 2.0)",
PLAYER_POSITIONS,650609,6/26/2026 1:03:12 PM,656b7e14-f368-4196-b68a-fdb1e1554fc8,2.0,,,,,,,,,,,,,,,,,,,,,,,,,,,,,,,,,,,"(-12.8, 0.8, 2.2)","(-13.1, 1.7, 2.2)","(-13.2, 0.9, 2.0)",
VOICE_CAPTURE,651052,6/26/2026 1:03:13 PM,656b7e14-f368-4196-b68a-fdb1e1554fc8,2.0,,,,,,,,,,,,,,,,,,,,,,,,,,,,,,,,,,,,,,,,,,,,,,,,,,,NA,Oh.,
PLAYER_POSITIONS,651119,6/26/2026 1:03:13 PM,656b7e14-f368-4196-b68a-fdb1e1554fc8,2.0,,,,,,,,,,,,,,,,,,,,,,,,,,,,,,,,,,,"(-12.8, 0.9, 2.2)","(-13.2, 1.7, 2.2)","(-13.1, 1.5, 1.7)",
PLAYER_GAZE,651121,6/26/2026 1:03:13 PM,656b7e14-f368-4196-b68a-fdb1e1554fc8,2.0,,,,,,,,,,,,,,,,,,,,,,,,Military PT 9,,,,,,,,,"(-0.5, 1.7, 4.0)",,,"(-12.7, 0.0, -1.8)",
PLAYER_POSITIONS,651119,6/26/2026 1:03:13 PM,656b7e14-f368-4196-b68a-fdb1e1554fc8,2.0,,,,,,,,,,,,,,,,,,,,,,,,,,,,,,,,,,,"(-12.8, 0.9, 2.2)","(-13.2, 1.7, 2.2)","(-13.1, 1.5, 1.7)",
PLAYER_GAZE,651121,6/26/2026 1:03:13 PM,656b7e14-f368-4196-b68a-fdb1e1554fc8,2.0,,,,,,,,,,,,,,,,,,,,,,,,Military PT 9,,,,,,,,,"(-0.5, 1.7, 4.0)",,,"(-12.7, 0.0, -1.8)",
AUDIO_END,651195,6/26/2026 1:03:13 PM,656b7e14-f368-4196-b68a-fdb1e1554fc8,2.0,evac is here,6.71347,
EVAC_PROMPT,651205,6/26/2026 1:03:13 PM,656b7e14-f368-4196-b68a-fdb1e1554fc8,2.0,,,,,,,,1,
VOICE_CAPTURE,651540,6/26/2026 1:03:13 PM,656b7e14-f368-4196-b68a-fdb1e1554fc8,2.0,,,,,,,,,,,,,,,,,,,,,,,,,,,,,,,,,,,,,,,,,,,,,,,,,,,NA,Oh.,
PLAYER_POSITIONS,651629,6/26/2026 1:03:13 PM,656b7e14-f368-4196-b68a-fdb1e1554fc8,2.0,,,,,,,,,,,,,,,,,,,,,,,,,,,,,,,,,,,"(-12.5, 1.5, 2.1)","(-13.0, 1.7, 2.2)","(-13.1, 0.9, 1.9)",
PLAYER_POSITIONS,651629,6/26/2026 1:03:13 PM,656b7e14-f368-4196-b68a-fdb1e1554fc8,2.0,,,,,,,,,,,,,,,,,,,,,,,,,,,,,,,,,,,"(-12.5, 1.5, 2.1)","(-13.0, 1.7, 2.2)","(-13.1, 0.9, 1.9)",
VOICE_CAPTURE,652052,6/26/2026 1:03:14 PM,656b7e14-f368-4196-b68a-fdb1e1554fc8,2.0,,,,,,,,,,,,,,,,,,,,,,,,,,,,,,,,,,,,,,,,,,,,,,,,,,,NA,Oh.,
PLAYER_POSITIONS,652150,6/26/2026 1:03:14 PM,656b7e14-f368-4196-b68a-fdb1e1554fc8,2.0,,,,,,,,,,,,,,,,,,,,,,,,,,,,,,,,,,,"(-12.4, 1.5, 2.1)","(-13.0, 1.7, 2.2)","(-13.3, 0.8, 1.9)",
PLAYER_POSITIONS,652150,6/26/2026 1:03:14 PM,656b7e14-f368-4196-b68a-fdb1e1554fc8,2.0,,,,,,,,,,,,,,,,,,,,,,,,,,,,,,,,,,,"(-12.4, 1.5, 2.1)","(-13.0, 1.7, 2.2)","(-13.3, 0.8, 1.9)",
VOICE_CAPTURE,652575,6/26/2026 1:03:14 PM,656b7e14-f368-4196-b68a-fdb1e1554fc8,2.0,,,,,,,,,,,,,,,,,,,,,,,,,,,,,,,,,,,,,,,,,,,,,,,,,,,NA,Oh.,
PLAYER_POSITIONS,652674,6/26/2026 1:03:14 PM,656b7e14-f368-4196-b68a-fdb1e1554fc8,2.0,,,,,,,,,,,,,,,,,,,,,,,,,,,,,,,,,,,"(-12.5, 1.2, 2.0)","(-13.1, 1.8, 2.2)","(-13.2, 0.8, 2.0)",
PLAYER_POSITIONS,652674,6/26/2026 1:03:14 PM,656b7e14-f368-4196-b68a-fdb1e1554fc8,2.0,,,,,,,,,,,,,,,,,,,,,,,,,,,,,,,,,,,"(-12.5, 1.2, 2.0)","(-13.1, 1.8, 2.2)","(-13.2, 0.8, 2.0)",
VOICE_CAPTURE,653096,6/26/2026 1:03:15 PM,656b7e14-f368-4196-b68a-fdb1e1554fc8,2.0,,,,,,,,,,,,,,,,,,,,,,,,,,,,,,,,,,,,,,,,,,,,,,,,,,,NA,Oh. My turn.,
PLAYER_POSITIONS,653195,6/26/2026 1:03:15 PM,656b7e14-f368-4196-b68a-fdb1e1554fc8,2.0,,,,,,,,,,,,,,,,,,,,,,,,,,,,,,,,,,,"(-12.7, 0.8, 2.2)","(-13.1, 1.7, 2.1)","(-13.3, 0.8, 2.0)",
PLAYER_GAZE,653195,6/26/2026 1:03:15 PM,656b7e14-f368-4196-b68a-fdb1e1554fc8,2.0,,,,,,,,,,,,,,,,,,,,,,,,Military PT 9,,,,,,,,,"(-0.4, 1.7, 4.0)",,,"(-12.7, 0.0, -1.8)",
PLAYER_POSITIONS,653195,6/26/2026 1:03:15 PM,656b7e14-f368-4196-b68a-fdb1e1554fc8,2.0,,,,,,,,,,,,,,,,,,,,,,,,,,,,,,,,,,,"(-12.7, 0.8, 2.2)","(-13.1, 1.7, 2.1)","(-13.3, 0.8, 2.0)",
PLAYER_GAZE,653195,6/26/2026 1:03:15 PM,656b7e14-f368-4196-b68a-fdb1e1554fc8,2.0,,,,,,,,,,,,,,,,,,,,,,,,Military PT 9,,,,,,,,,"(-0.4, 1.7, 4.0)",,,"(-12.7, 0.0, -1.8)",
VOICE_CAPTURE,653606,6/26/2026 1:03:15 PM,656b7e14-f368-4196-b68a-fdb1e1554fc8,2.0,,,,,,,,,,,,,,,,,,,,,,,,,,,,,,,,,,,,,,,,,,,,,,,,,,,NA,Oh. My turn response.,
PLAYER_POSITIONS,653707,6/26/2026 1:03:15 PM,656b7e14-f368-4196-b68a-fdb1e1554fc8,2.0,,,,,,,,,,,,,,,,,,,,,,,,,,,,,,,,,,,"(-12.8, 0.8, 1.7)","(-12.9, 1.7, 1.9)","(-13.2, 0.8, 1.9)",
PLAYER_POSITIONS,653707,6/26/2026 1:03:15 PM,656b7e14-f368-4196-b68a-fdb1e1554fc8,2.0,,,,,,,,,,,,,,,,,,,,,,,,,,,,,,,,,,,"(-12.8, 0.8, 1.7)","(-12.9, 1.7, 1.9)","(-13.2, 0.8, 1.9)",
VOICE_CAPTURE,654094,6/26/2026 1:03:16 PM,656b7e14-f368-4196-b68a-fdb1e1554fc8,2.0,,,,,,,,,,,,,,,,,,,,,,,,,,,,,,,,,,,,,,,,,,,,,,,,,,,NA,Oh. My turn response. My 200 sponsors.,
PLAYER_POSITIONS,654215,6/26/2026 1:03:16 PM,656b7e14-f368-4196-b68a-fdb1e1554fc8,2.0,,,,,,,,,,,,,,,,,,,,,,,,,,,,,,,,,,,"(-12.5, 0.8, 1.3)","(-12.7, 1.7, 1.4)","(-13.0, 0.9, 1.3)",
PLAYER_POSITIONS,654215,6/26/2026 1:03:16 PM,656b7e14-f368-4196-b68a-fdb1e1554fc8,2.0,,,,,,,,,,,,,,,,,,,,,,,,,,,,,,,,,,,"(-12.5, 0.8, 1.3)","(-12.7, 1.7, 1.4)","(-13.0, 0.9, 1.3)",
VOICE_CAPTURE,654639,6/26/2026 1:03:16 PM,656b7e14-f368-4196-b68a-fdb1e1554fc8,2.0,,,,,,,,,,,,,,,,,,,,,,,,,,,,,,,,,,,,,,,,,,,,,,,,,,,NA,Oh. My turn response. My 200 sponsors with...,
PLAYER_POSITIONS,654715,6/26/2026 1:03:16 PM,656b7e14-f368-4196-b68a-fdb1e1554fc8,2.0,,,,,,,,,,,,,,,,,,,,,,,,,,,,,,,,,,,"(-12.5, 0.8, 0.9)","(-12.8, 1.7, 1.0)","(-12.9, 0.8, 0.9)",
PLAYER_POSITIONS,654715,6/26/2026 1:03:16 PM,656b7e14-f368-4196-b68a-fdb1e1554fc8,2.0,,,,,,,,,,,,,,,,,,,,,,,,,,,,,,,,,,,"(-12.5, 0.8, 0.9)","(-12.8, 1.7, 1.0)","(-12.9, 0.8, 0.9)",
VOICE_CAPTURE,655029,6/26/2026 1:03:17 PM,656b7e14-f368-4196-b68a-fdb1e1554fc8,2.0,,,,,,,,,,,,,,,,,,,,,,,,,,,,,,,,,,,,,,,,,,,,,,,,,,,NA,Oh. My turn response. My two unresponsive with pulses,
PLAYER_POSITIONS,655226,6/26/2026 1:03:17 PM,656b7e14-f368-4196-b68a-fdb1e1554fc8,2.0,,,,,,,,,,,,,,,,,,,,,,,,,,,,,,,,,,,"(-12.6, 0.8, 0.6)","(-12.9, 1.7, 0.6)","(-13.1, 0.8, 0.6)",
PLAYER_POSITIONS,655226,6/26/2026 1:03:17 PM,656b7e14-f368-4196-b68a-fdb1e1554fc8,2.0,,,,,,,,,,,,,,,,,,,,,,,,,,,,,,,,,,,"(-12.6, 0.8, 0.6)","(-12.9, 1.7, 0.6)","(-13.1, 0.8, 0.6)",
VOICE_CAPTURE,655582,6/26/2026 1:03:17 PM,656b7e14-f368-4196-b68a-fdb1e1554fc8,2.0,,,,,,,,,,,,,,,,,,,,,,,,,,,,,,,,,,,,,,,,,,,,,,,,,,,NA,Oh. My turn response. My two unresponsive with pulses.,
PLAYER_POSITIONS,655735,6/26/2026 1:03:17 PM,656b7e14-f368-4196-b68a-fdb1e1554fc8,2.0,,,,,,,,,,,,,,,,,,,,,,,,,,,,,,,,,,,"(-12.8, 0.8, 0.4)","(-13.1, 1.7, 0.5)","(-13.2, 0.8, 0.5)",
PLAYER_GAZE,655735,6/26/2026 1:03:17 PM,656b7e14-f368-4196-b68a-fdb1e1554fc8,2.0,,,,,,,,,,,,,,,,,,,,,,,,Civilian PT 15,,,,,,,,,"(1.3, 1.7, 0.8)",,,"(-14.4, 0.0, -0.3)",
PLAYER_POSITIONS,655735,6/26/2026 1:03:17 PM,656b7e14-f368-4196-b68a-fdb1e1554fc8,2.0,,,,,,,,,,,,,,,,,,,,,,,,,,,,,,,,,,,"(-12.8, 0.8, 0.4)","(-13.1, 1.7, 0.5)","(-13.2, 0.8, 0.5)",
PLAYER_GAZE,655735,6/26/2026 1:03:17 PM,656b7e14-f368-4196-b68a-fdb1e1554fc8,2.0,,,,,,,,,,,,,,,,,,,,,,,,Civilian PT 15,,,,,,,,,"(1.3, 1.7, 0.8)",,,"(-14.4, 0.0, -0.3)",
VOICE_CAPTURE,656025,6/26/2026 1:03:18 PM,656b7e14-f368-4196-b68a-fdb1e1554fc8,2.0,,,,,,,,,,,,,,,,,,,,,,,,,,,,,,,,,,,,,,,,,,,,,,,,,,,NA,Oh. My turn response. My two unresponsive with pulses.,
VOICE_CAPTURE,656025,6/26/2026 1:03:18 PM,656b7e14-f368-4196-b68a-fdb1e1554fc8,2.0,,,,,,,,,,,,,,,,,,,,,,,,,,,,,,,,,,,,,,,,,,,,,,,,,,,NA,Oh. My turn response. My two unresponsive with pulses.,
PLAYER_POSITIONS,656235,6/26/2026 1:03:18 PM,656b7e14-f368-4196-b68a-fdb1e1554fc8,2.0,,,,,,,,,,,,,,,,,,,,,,,,,,,,,,,,,,,"(-12.9, 0.8, 0.2)","(-13.0, 1.7, 0.4)","(-13.2, 0.8, 0.7)",
PLAYER_GAZE,656235,6/26/2026 1:03:18 PM,656b7e14-f368-4196-b68a-fdb1e1554fc8,2.0,,,,,,,,,,,,,,,,,,,,,,,,Civilian PT 15,,,,,,,,,"(1.4, 1.7, 0.7)",,,"(-14.4, 0.0, -0.3)",
PLAYER_POSITIONS,656235,6/26/2026 1:03:18 PM,656b7e14-f368-4196-b68a-fdb1e1554fc8,2.0,,,,,,,,,,,,,,,,,,,,,,,,,,,,,,,,,,,"(-12.9, 0.8, 0.2)","(-13.0, 1.7, 0.4)","(-13.2, 0.8, 0.7)",
PLAYER_GAZE,656235,6/26/2026 1:03:18 PM,656b7e14-f368-4196-b68a-fdb1e1554fc8,2.0,,,,,,,,,,,,,,,,,,,,,,,,Civilian PT 15,,,,,,,,,"(1.4, 1.7, 0.7)",,,"(-14.4, 0.0, -0.3)",
VOICE_CAPTURE,656502,6/26/2026 1:03:18 PM,656b7e14-f368-4196-b68a-fdb1e1554fc8,2.0,,,,,,,,,,,,,,,,,,,,,,,,,,,,,,,,,,,,,,,,,,,,,,,,,,,NA,pulses,
PLAYER_POSITIONS,656747,6/26/2026 1:03:18 PM,656b7e14-f368-4196-b68a-fdb1e1554fc8,2.0,,,,,,,,,,,,,,,,,,,,,,,,,,,,,,,,,,,"(-13.0, 0.8, 0.1)","(-13.0, 1.7, 0.4)","(-13.1, 0.9, 0.6)",
PLAYER_GAZE,656747,6/26/2026 1:03:18 PM,656b7e14-f368-4196-b68a-fdb1e1554fc8,2.0,,,,,,,,,,,,,,,,,,,,,,,,Civilian PT 3,,,,,,,,,"(1.3, 1.7, -1.2)",,,"(-14.3, 0.0, 1.6)",
PLAYER_POSITIONS,656747,6/26/2026 1:03:18 PM,656b7e14-f368-4196-b68a-fdb1e1554fc8,2.0,,,,,,,,,,,,,,,,,,,,,,,,,,,,,,,,,,,"(-13.0, 0.8, 0.1)","(-13.0, 1.7, 0.4)","(-13.1, 0.9, 0.6)",
PLAYER_GAZE,656747,6/26/2026 1:03:18 PM,656b7e14-f368-4196-b68a-fdb1e1554fc8,2.0,,,,,,,,,,,,,,,,,,,,,,,,Civilian PT 3,,,,,,,,,"(1.3, 1.7, -1.2)",,,"(-14.3, 0.0, 1.6)",
VOICE_CAPTURE,657036,6/26/2026 1:03:19 PM,656b7e14-f368-4196-b68a-fdb1e1554fc8,2.0,,,,,,,,,,,,,,,,,,,,,,,,,,,,,,,,,,,,,,,,,,,,,,,,,,,NA,pulses,
PLAYER_POSITIONS,657259,6/26/2026 1:03:19 PM,656b7e14-f368-4196-b68a-fdb1e1554fc8,2.0,,,,,,,,,,,,,,,,,,,,,,,,,,,,,,,,,,,"(-13.2, 0.8, 0.3)","(-12.9, 1.7, 0.5)","(-12.8, 0.8, 0.8)",
PLAYER_GAZE,657259,6/26/2026 1:03:19 PM,656b7e14-f368-4196-b68a-fdb1e1554fc8,2.0,,,,,,,,,,,,,,,,,,,,,,,,Civilian PT 14,,,,,,,,,"(1.2, 1.7, -3.1)",,,"(-14.1, 0.0, 3.6)",
PLAYER_POSITIONS,657259,6/26/2026 1:03:19 PM,656b7e14-f368-4196-b68a-fdb1e1554fc8,2.0,,,,,,,,,,,,,,,,,,,,,,,,,,,,,,,,,,,"(-13.2, 0.8, 0.3)","(-12.9, 1.7, 0.5)","(-12.8, 0.8, 0.8)",
PLAYER_GAZE,657259,6/26/2026 1:03:19 PM,656b7e14-f368-4196-b68a-fdb1e1554fc8,2.0,,,,,,,,,,,,,,,,,,,,,,,,Civilian PT 14,,,,,,,,,"(1.2, 1.7, -3.1)",,,"(-14.1, 0.0, 3.6)",
PATIENT_ENGAGED,657435,6/26/2026 1:03:19 PM,656b7e14-f368-4196-b68a-fdb1e1554fc8,2.0,,,,0,,,,,,,,,,,,,,,,normal,100,Infinity,normal,Civilian PT 3,upset,supine,"(-14.1, -0.1, 1.4)",normal,"(0.0, -0.3, 0.0, 1.0)",normal,DELAYED,still,,,,,,,,,,,,,,,,,39.19,
VOICE_CAPTURE,657515,6/26/2026 1:03:19 PM,656b7e14-f368-4196-b68a-fdb1e1554fc8,2.0,,,,,,,,,,,,,,,,,,,,,,,,,,,,,,,,,,,,,,,,,,,,,,,,,,,NA,pulses,
PLAYER_POSITIONS,657772,6/26/2026 1:03:19 PM,656b7e14-f368-4196-b68a-fdb1e1554fc8,2.0,,,,,,,,,,,,,,,,,,,,,,,,,,,,,,,,,,,"(-13.1, 0.8, 0.4)","(-12.8, 1.7, 0.5)","(-12.7, 0.8, 0.7)",
PLAYER_POSITIONS,657772,6/26/2026 1:03:19 PM,656b7e14-f368-4196-b68a-fdb1e1554fc8,2.0,,,,,,,,,,,,,,,,,,,,,,,,,,,,,,,,,,,"(-13.1, 0.8, 0.4)","(-12.8, 1.7, 0.5)","(-12.7, 0.8, 0.7)",
VOICE_CAPTURE,658004,6/26/2026 1:03:20 PM,656b7e14-f368-4196-b68a-fdb1e1554fc8,2.0,,,,,,,,,,,,,,,,,,,,,,,,,,,,,,,,,,,,,,,,,,,,,,,,,,,NA,pulses,
PLAYER_POSITIONS,658291,6/26/2026 1:03:20 PM,656b7e14-f368-4196-b68a-fdb1e1554fc8,2.0,,,,,,,,,,,,,,,,,,,,,,,,,,,,,,,,,,,"(-13.2, 0.8, 0.3)","(-12.8, 1.7, 0.5)","(-12.7, 0.8, 0.7)",
PLAYER_GAZE,658291,6/26/2026 1:03:20 PM,656b7e14-f368-4196-b68a-fdb1e1554fc8,2.0,,,,,,,,,,,,,,,,,,,,,,,,Military PT 2,,,,,,,,,"(-0.7, 1.7, -0.6)",,,"(-12.0, 0.0, 1.1)",
PLAYER_POSITIONS,658291,6/26/2026 1:03:20 PM,656b7e14-f368-4196-b68a-fdb1e1554fc8,2.0,,,,,,,,,,,,,,,,,,,,,,,,,,,,,,,,,,,"(-13.2, 0.8, 0.3)","(-12.8, 1.7, 0.5)","(-12.7, 0.8, 0.7)",
PLAYER_GAZE,658291,6/26/2026 1:03:20 PM,656b7e14-f368-4196-b68a-fdb1e1554fc8,2.0,,,,,,,,,,,,,,,,,,,,,,,,Military PT 2,,,,,,,,,"(-0.7, 1.7, -0.6)",,,"(-12.0, 0.0, 1.1)",
VOICE_CAPTURE,658550,6/26/2026 1:03:20 PM,656b7e14-f368-4196-b68a-fdb1e1554fc8,2.0,,,,,,,,,,,,,,,,,,,,,,,,,,,,,,,,,,,,,,,,,,,,,,,,,,,NA,pulses and,
PLAYER_POSITIONS,658801,6/26/2026 1:03:20 PM,656b7e14-f368-4196-b68a-fdb1e1554fc8,2.0,,,,,,,,,,,,,,,,,,,,,,,,,,,,,,,,,,,"(-13.1, 0.8, 0.3)","(-12.8, 1.7, 0.4)","(-12.5, 1.1, 1.0)",
PLAYER_GAZE,658801,6/26/2026 1:03:20 PM,656b7e14-f368-4196-b68a-fdb1e1554fc8,2.0,,,,,,,,,,,,,,,,,,,,,,,,Military PT 2,,,,,,,,,"(-0.8, 1.7, -0.6)",,,"(-12.0, 0.0, 1.1)",
PLAYER_POSITIONS,658801,6/26/2026 1:03:20 PM,656b7e14-f368-4196-b68a-fdb1e1554fc8,2.0,,,,,,,,,,,,,,,,,,,,,,,,,,,,,,,,,,,"(-13.1, 0.8, 0.3)","(-12.8, 1.7, 0.4)","(-12.5, 1.1, 1.0)",
PLAYER_GAZE,658801,6/26/2026 1:03:20 PM,656b7e14-f368-4196-b68a-fdb1e1554fc8,2.0,,,,,,,,,,,,,,,,,,,,,,,,Military PT 2,,,,,,,,,"(-0.8, 1.7, -0.6)",,,"(-12.0, 0.0, 1.1)",
VOICE_CAPTURE,659101,6/26/2026 1:03:21 PM,656b7e14-f368-4196-b68a-fdb1e1554fc8,2.0,,,,,,,,,,,,,,,,,,,,,,,,,,,,,,,,,,,,,,,,,,,,,,,,,,,NA,pulses and And...,
PLAYER_POSITIONS,659311,6/26/2026 1:03:21 PM,656b7e14-f368-4196-b68a-fdb1e1554fc8,2.0,,,,,,,,,,,,,,,,,,,,,,,,,,,,,,,,,,,"(-13.1, 0.8, 0.2)","(-12.8, 1.7, 0.4)","(-12.6, 1.5, 1.2)",
PLAYER_POSITIONS,659311,6/26/2026 1:03:21 PM,656b7e14-f368-4196-b68a-fdb1e1554fc8,2.0,,,,,,,,,,,,,,,,,,,,,,,,,,,,,,,,,,,"(-13.1, 0.8, 0.2)","(-12.8, 1.7, 0.4)","(-12.6, 1.5, 1.2)",
VOICE_CAPTURE,659579,6/26/2026 1:03:21 PM,656b7e14-f368-4196-b68a-fdb1e1554fc8,2.0,,,,,,,,,,,,,,,,,,,,,,,,,,,,,,,,,,,,,,,,,,,,,,,,,,,NA,pulses and And...,
VOICE_CAPTURE,659579,6/26/2026 1:03:21 PM,656b7e14-f368-4196-b68a-fdb1e1554fc8,2.0,,,,,,,,,,,,,,,,,,,,,,,,,,,,,,,,,,,,,,,,,,,,,,,,,,,NA,pulses and And...,
PLAYER_POSITIONS,659823,6/26/2026 1:03:21 PM,656b7e14-f368-4196-b68a-fdb1e1554fc8,2.0,,,,,,,,,,,,,,,,,,,,,,,,,,,,,,,,,,,"(-13.1, 0.8, 0.3)","(-12.9, 1.8, 0.5)","(-12.6, 0.8, 0.6)",
PLAYER_POSITIONS,659823,6/26/2026 1:03:21 PM,656b7e14-f368-4196-b68a-fdb1e1554fc8,2.0,,,,,,,,,,,,,,,,,,,,,,,,,,,,,,,,,,,"(-13.1, 0.8, 0.3)","(-12.9, 1.8, 0.5)","(-12.6, 0.8, 0.6)",
VOICE_CAPTURE,660034,6/26/2026 1:03:22 PM,656b7e14-f368-4196-b68a-fdb1e1554fc8,2.0,,,,,,,,,,,,,,,,,,,,,,,,,,,,,,,,,,,,,,,,,,,,,,,,,,,NA,e guy with.,
PLAYER_POSITIONS,660345,6/26/2026 1:03:22 PM,656b7e14-f368-4196-b68a-fdb1e1554fc8,2.0,,,,,,,,,,,,,,,,,,,,,,,,,,,,,,,,,,,"(-13.1, 0.8, 0.9)","(-12.7, 1.7, 0.9)","(-12.7, 0.9, 1.2)",
PLAYER_POSITIONS,660345,6/26/2026 1:03:22 PM,656b7e14-f368-4196-b68a-fdb1e1554fc8,2.0,,,,,,,,,,,,,,,,,,,,,,,,,,,,,,,,,,,"(-13.1, 0.8, 0.9)","(-12.7, 1.7, 0.9)","(-12.7, 0.9, 1.2)",
VOICE_CAPTURE,660545,6/26/2026 1:03:22 PM,656b7e14-f368-4196-b68a-fdb1e1554fc8,2.0,,,,,,,,,,,,,,,,,,,,,,,,,,,,,,,,,,,,,,,,,,,,,,,,,,,NA,e guy without a leg.,
PLAYER_POSITIONS,660865,6/26/2026 1:03:22 PM,656b7e14-f368-4196-b68a-fdb1e1554fc8,2.0,,,,,,,,,,,,,,,,,,,,,,,,,,,,,,,,,,,"(-12.9, 0.8, 1.5)","(-12.7, 1.7, 1.4)","(-12.3, 0.8, 1.2)",
PLAYER_POSITIONS,660865,6/26/2026 1:03:22 PM,656b7e14-f368-4196-b68a-fdb1e1554fc8,2.0,,,,,,,,,,,,,,,,,,,,,,,,,,,,,,,,,,,"(-12.9, 0.8, 1.5)","(-12.7, 1.7, 1.4)","(-12.3, 0.8, 1.2)",
VOICE_CAPTURE,661066,6/26/2026 1:03:23 PM,656b7e14-f368-4196-b68a-fdb1e1554fc8,2.0,,,,,,,,,,,,,,,,,,,,,,,,,,,,,,,,,,,,,,,,,,,,,,,,,,,NA,e guy without a leg.,
VOICE_CAPTURE,661066,6/26/2026 1:03:23 PM,656b7e14-f368-4196-b68a-fdb1e1554fc8,2.0,,,,,,,,,,,,,,,,,,,,,,,,,,,,,,,,,,,,,,,,,,,,,,,,,,,NA,e guy without a leg.,
PLAYER_POSITIONS,661375,6/26/2026 1:03:23 PM,656b7e14-f368-4196-b68a-fdb1e1554fc8,2.0,,,,,,,,,,,,,,,,,,,,,,,,,,,,,,,,,,,"(-12.7, 0.8, 2.0)","(-12.6, 1.7, 1.8)","(-12.3, 1.1, 1.7)",
PLAYER_POSITIONS,661375,6/26/2026 1:03:23 PM,656b7e14-f368-4196-b68a-fdb1e1554fc8,2.0,,,,,,,,,,,,,,,,,,,,,,,,,,,,,,,,,,,"(-12.7, 0.8, 2.0)","(-12.6, 1.7, 1.8)","(-12.3, 1.1, 1.7)",
VOICE_CAPTURE,661532,6/26/2026 1:03:23 PM,656b7e14-f368-4196-b68a-fdb1e1554fc8,2.0,,,,,,,,,,,,,,,,,,,,,,,,,,,,,,,,,,,,,,,,,,,,,,,,,,,NA,The guy without a leg.,
PATIENT_DISENGAGED,661641,6/26/2026 1:03:23 PM,656b7e14-f368-4196-b68a-fdb1e1554fc8,2.0,,,,4.2,,,,,,,,,,,,,,,,normal,100,Infinity,normal,Civilian PT 3,upset,supine,"(-14.1, -0.1, 1.4)",normal,"(0.0, -0.3, 0.0, 1.0)",normal,DELAYED,still,,,,,,,,,,,,,,,,,43.4,
PLAYER_POSITIONS,661889,6/26/2026 1:03:24 PM,656b7e14-f368-4196-b68a-fdb1e1554fc8,2.0,,,,,,,,,,,,,,,,,,,,,,,,,,,,,,,,,,,"(-12.2, 1.1, 2.4)","(-12.3, 1.7, 2.0)","(-12.3, 1.6, 2.1)",
PLAYER_POSITIONS,661889,6/26/2026 1:03:24 PM,656b7e14-f368-4196-b68a-fdb1e1554fc8,2.0,,,,,,,,,,,,,,,,,,,,,,,,,,,,,,,,,,,"(-12.2, 1.1, 2.4)","(-12.3, 1.7, 2.0)","(-12.3, 1.6, 2.1)",
VOICE_CAPTURE,662067,6/26/2026 1:03:24 PM,656b7e14-f368-4196-b68a-fdb1e1554fc8,2.0,,,,,,,,,,,,,,,,,,,,,,,,,,,,,,,,,,,,,,,,,,,,,,,,,,,NA,The guy without a leg.,
VOICE_CAPTURE,662067,6/26/2026 1:03:24 PM,656b7e14-f368-4196-b68a-fdb1e1554fc8,2.0,,,,,,,,,,,,,,,,,,,,,,,,,,,,,,,,,,,,,,,,,,,,,,,,,,,NA,The guy without a leg.,
PLAYER_POSITIONS,662397,6/26/2026 1:03:24 PM,656b7e14-f368-4196-b68a-fdb1e1554fc8,2.0,,,,,,,,,,,,,,,,,,,,,,,,,,,,,,,,,,,"(-11.8, 1.3, 2.6)","(-12.1, 1.7, 2.1)","(-12.2, 1.6, 2.2)",
PLAYER_POSITIONS,662397,6/26/2026 1:03:24 PM,656b7e14-f368-4196-b68a-fdb1e1554fc8,2.0,,,,,,,,,,,,,,,,,,,,,,,,,,,,,,,,,,,"(-11.8, 1.3, 2.6)","(-12.1, 1.7, 2.1)","(-12.2, 1.6, 2.2)",
PLAYER_POSITIONS,662897,6/26/2026 1:03:25 PM,656b7e14-f368-4196-b68a-fdb1e1554fc8,2.0,,,,,,,,,,,,,,,,,,,,,,,,,,,,,,,,,,,"(-12.2, 0.8, 2.3)","(-12.1, 1.7, 2.0)","(-12.1, 1.6, 2.0)",
PLAYER_POSITIONS,662897,6/26/2026 1:03:25 PM,656b7e14-f368-4196-b68a-fdb1e1554fc8,2.0,,,,,,,,,,,,,,,,,,,,,,,,,,,,,,,,,,,"(-12.2, 0.8, 2.3)","(-12.1, 1.7, 2.0)","(-12.1, 1.6, 2.0)",
VOICE_CAPTURE,663076,6/26/2026 1:03:25 PM,656b7e14-f368-4196-b68a-fdb1e1554fc8,2.0,,,,,,,,,,,,,,,,,,,,,,,,,,,,,,,,,,,,,,,,,,,,,,,,,,,NA,The uniformed soldier.,
ANSWER_SELECTED,663284,6/26/2026 1:03:25 PM,656b7e14-f368-4196-b68a-fdb1e1554fc8,2.0,,,"Mil, Crushed Amputation",,,,Military PT 6,1,
PLAYER_POSITIONS,663409,6/26/2026 1:03:25 PM,656b7e14-f368-4196-b68a-fdb1e1554fc8,2.0,,,,,,,,,,,,,,,,,,,,,,,,,,,,,,,,,,,"(-11.9, 1.1, 2.2)","(-12.1, 1.7, 1.9)","(-12.0, 1.5, 1.9)",
PLAYER_GAZE,663409,6/26/2026 1:03:25 PM,656b7e14-f368-4196-b68a-fdb1e1554fc8,2.0,,,,,,,,,,,,,,,,,,,,,,,,Military PT 11,,,,,,,,,"(-5.7, 1.7, 2.2)",,,"(-6.4, 0.0, -0.3)",
PLAYER_POSITIONS,663409,6/26/2026 1:03:25 PM,656b7e14-f368-4196-b68a-fdb1e1554fc8,2.0,,,,,,,,,,,,,,,,,,,,,,,,,,,,,,,,,,,"(-11.9, 1.1, 2.2)","(-12.1, 1.7, 1.9)","(-12.0, 1.5, 1.9)",
PLAYER_GAZE,663409,6/26/2026 1:03:25 PM,656b7e14-f368-4196-b68a-fdb1e1554fc8,2.0,,,,,,,,,,,,,,,,,,,,,,,,Military PT 11,,,,,,,,,"(-5.7, 1.7, 2.2)",,,"(-6.4, 0.0, -0.3)",
VOICE_CAPTURE,663575,6/26/2026 1:03:25 PM,656b7e14-f368-4196-b68a-fdb1e1554fc8,2.0,,,,,,,,,,,,,,,,,,,,,,,,,,,,,,,,,,,,,,,,,,,,,,,,,,,NA,The uniformed soldier.,
VOICE_CAPTURE,663575,6/26/2026 1:03:25 PM,656b7e14-f368-4196-b68a-fdb1e1554fc8,2.0,,,,,,,,,,,,,,,,,,,,,,,,,,,,,,,,,,,,,,,,,,,,,,,,,,,NA,The uniformed soldier.,
PLAYER_POSITIONS,663909,6/26/2026 1:03:26 PM,656b7e14-f368-4196-b68a-fdb1e1554fc8,2.0,,,,,,,,,,,,,,,,,,,,,,,,,,,,,,,,,,,"(-11.9, 1.2, 2.0)","(-12.1, 1.8, 2.0)","(-12.0, 1.5, 1.9)",
PLAYER_POSITIONS,663909,6/26/2026 1:03:26 PM,656b7e14-f368-4196-b68a-fdb1e1554fc8,2.0,,,,,,,,,,,,,,,,,,,,,,,,,,,,,,,,,,,"(-11.9, 1.2, 2.0)","(-12.1, 1.8, 2.0)","(-12.0, 1.5, 1.9)",
VOICE_CAPTURE,664064,6/26/2026 1:03:26 PM,656b7e14-f368-4196-b68a-fdb1e1554fc8,2.0,,,,,,,,,,,,,,,,,,,,,,,,,,,,,,,,,,,,,,,,,,,,,,,,,,,NA,the uniformed soldier.,
PLAYER_POSITIONS,664414,6/26/2026 1:03:26 PM,656b7e14-f368-4196-b68a-fdb1e1554fc8,2.0,,,,,,,,,,,,,,,,,,,,,,,,,,,,,,,,,,,"(-11.8, 1.1, 2.4)","(-12.1, 1.7, 2.2)","(-11.9, 1.4, 2.0)",
PLAYER_POSITIONS,664414,6/26/2026 1:03:26 PM,656b7e14-f368-4196-b68a-fdb1e1554fc8,2.0,,,,,,,,,,,,,,,,,,,,,,,,,,,,,,,,,,,"(-11.8, 1.1, 2.4)","(-12.1, 1.7, 2.2)","(-11.9, 1.4, 2.0)",
VOICE_CAPTURE,664549,6/26/2026 1:03:26 PM,656b7e14-f368-4196-b68a-fdb1e1554fc8,2.0,,,,,,,,,,,,,,,,,,,,,,,,,,,,,,,,,,,,,,,,,,,,,,,,,,,NA,the uniformed soldier.,
PLAYER_POSITIONS,664926,6/26/2026 1:03:27 PM,656b7e14-f368-4196-b68a-fdb1e1554fc8,2.0,,,,,,,,,,,,,,,,,,,,,,,,,,,,,,,,,,,"(-11.9, 1.1, 2.3)","(-12.0, 1.7, 2.3)","(-11.9, 1.0, 1.8)",
PLAYER_POSITIONS,664926,6/26/2026 1:03:27 PM,656b7e14-f368-4196-b68a-fdb1e1554fc8,2.0,,,,,,,,,,,,,,,,,,,,,,,,,,,,,,,,,,,"(-11.9, 1.1, 2.3)","(-12.0, 1.7, 2.3)","(-11.9, 1.0, 1.8)",
PLAYER_POSITIONS,665436,6/26/2026 1:03:27 PM,656b7e14-f368-4196-b68a-fdb1e1554fc8,2.0,,,,,,,,,,,,,,,,,,,,,,,,,,,,,,,,,,,"(-11.7, 1.2, 2.1)","(-12.0, 1.7, 2.1)","(-12.0, 1.2, 1.9)",
PLAYER_POSITIONS,665436,6/26/2026 1:03:27 PM,656b7e14-f368-4196-b68a-fdb1e1554fc8,2.0,,,,,,,,,,,,,,,,,,,,,,,,,,,,,,,,,,,"(-11.7, 1.2, 2.1)","(-12.0, 1.7, 2.1)","(-12.0, 1.2, 1.9)",
PLAYER_POSITIONS,665937,6/26/2026 1:03:28 PM,656b7e14-f368-4196-b68a-fdb1e1554fc8,2.0,,,,,,,,,,,,,,,,,,,,,,,,,,,,,,,,,,,"(-11.9, 1.4, 2.2)","(-12.1, 1.7, 2.0)","(-12.2, 1.4, 1.8)",
PLAYER_POSITIONS,665937,6/26/2026 1:03:28 PM,656b7e14-f368-4196-b68a-fdb1e1554fc8,2.0,,,,,,,,,,,,,,,,,,,,,,,,,,,,,,,,,,,"(-11.9, 1.4, 2.2)","(-12.1, 1.7, 2.0)","(-12.2, 1.4, 1.8)",
PLAYER_POSITIONS,666491,6/26/2026 1:03:28 PM,656b7e14-f368-4196-b68a-fdb1e1554fc8,2.0,,,,,,,,,,,,,,,,,,,,,,,,,,,,,,,,,,,"(-11.9, 1.5, 1.9)","(-12.2, 1.8, 1.9)","(-12.3, 1.4, 1.7)",
PLAYER_POSITIONS,666491,6/26/2026 1:03:28 PM,656b7e14-f368-4196-b68a-fdb1e1554fc8,2.0,,,,,,,,,,,,,,,,,,,,,,,,,,,,,,,,,,,"(-11.9, 1.5, 1.9)","(-12.2, 1.8, 1.9)","(-12.3, 1.4, 1.7)",
VOICE_CAPTURE,666531,6/26/2026 1:03:28 PM,656b7e14-f368-4196-b68a-fdb1e1554fc8,2.0,,,,,,,,,,,,,,,,,,,,,,,,,,,,,,,,,,,,,,,,,,,,,,,,,,,NA,Thank you.,
PLAYER_POSITIONS,667031,6/26/2026 1:03:29 PM,656b7e14-f368-4196-b68a-fdb1e1554fc8,2.0,,,,,,,,,,,,,,,,,,,,,,,,,,,,,,,,,,,"(-12.0, 1.5, 1.8)","(-12.2, 1.8, 1.8)","(-12.3, 1.4, 1.7)",
PLAYER_POSITIONS,667031,6/26/2026 1:03:29 PM,656b7e14-f368-4196-b68a-fdb1e1554fc8,2.0,,,,,,,,,,,,,,,,,,,,,,,,,,,,,,,,,,,"(-12.0, 1.5, 1.8)","(-12.2, 1.8, 1.8)","(-12.3, 1.4, 1.7)",
VOICE_CAPTURE,667031,6/26/2026 1:03:29 PM,656b7e14-f368-4196-b68a-fdb1e1554fc8,2.0,,,,,,,,,,,,,,,,,,,,,,,,,,,,,,,,,,,,,,,,,,,,,,,,,,,NA,Thank you.,
VOICE_CAPTURE,667031,6/26/2026 1:03:29 PM,656b7e14-f368-4196-b68a-fdb1e1554fc8,2.0,,,,,,,,,,,,,,,,,,,,,,,,,,,,,,,,,,,,,,,,,,,,,,,,,,,NA,Thank you.,
PLAYER_POSITIONS,667552,6/26/2026 1:03:29 PM,656b7e14-f368-4196-b68a-fdb1e1554fc8,2.0,,,,,,,,,,,,,,,,,,,,,,,,,,,,,,,,,,,"(-12.0, 1.5, 2.0)","(-12.2, 1.8, 1.8)","(-12.4, 1.4, 1.6)",
PLAYER_POSITIONS,667552,6/26/2026 1:03:29 PM,656b7e14-f368-4196-b68a-fdb1e1554fc8,2.0,,,,,,,,,,,,,,,,,,,,,,,,,,,,,,,,,,,"(-12.0, 1.5, 2.0)","(-12.2, 1.8, 1.8)","(-12.4, 1.4, 1.6)",
PLAYER_POSITIONS,668064,6/26/2026 1:03:30 PM,656b7e14-f368-4196-b68a-fdb1e1554fc8,2.0,,,,,,,,,,,,,,,,,,,,,,,,,,,,,,,,,,,"(-12.1, 1.4, 1.8)","(-12.3, 1.8, 1.8)","(-11.8, -0.1, 2.3)",
PLAYER_POSITIONS,668064,6/26/2026 1:03:30 PM,656b7e14-f368-4196-b68a-fdb1e1554fc8,2.0,,,,,,,,,,,,,,,,,,,,,,,,,,,,,,,,,,,"(-12.1, 1.4, 1.8)","(-12.3, 1.8, 1.8)","(-11.8, -0.1, 2.3)",
PLAYER_POSITIONS,668577,6/26/2026 1:03:30 PM,656b7e14-f368-4196-b68a-fdb1e1554fc8,2.0,,,,,,,,,,,,,,,,,,,,,,,,,,,,,,,,,,,"(-12.0, 1.4, 1.9)","(-12.2, 1.8, 1.8)","(-11.8, -0.1, 2.3)",
PLAYER_POSITIONS,668577,6/26/2026 1:03:30 PM,656b7e14-f368-4196-b68a-fdb1e1554fc8,2.0,,,,,,,,,,,,,,,,,,,,,,,,,,,,,,,,,,,"(-12.0, 1.4, 1.9)","(-12.2, 1.8, 1.8)","(-11.8, -0.1, 2.3)",
PLAYER_POSITIONS,669098,6/26/2026 1:03:31 PM,656b7e14-f368-4196-b68a-fdb1e1554fc8,2.0,,,,,,,,,,,,,,,,,,,,,,,,,,,,,,,,,,,"(-11.8, 1.4, 1.9)","(-12.0, 1.8, 1.8)","(-11.8, -0.1, 2.3)",
PLAYER_POSITIONS,669098,6/26/2026 1:03:31 PM,656b7e14-f368-4196-b68a-fdb1e1554fc8,2.0,,,,,,,,,,,,,,,,,,,,,,,,,,,,,,,,,,,"(-11.8, 1.4, 1.9)","(-12.0, 1.8, 1.8)","(-11.8, -0.1, 2.3)",
PLAYER_POSITIONS,669620,6/26/2026 1:03:31 PM,656b7e14-f368-4196-b68a-fdb1e1554fc8,2.0,,,,,,,,,,,,,,,,,,,,,,,,,,,,,,,,,,,"(-11.6, 1.4, 2.2)","(-11.8, 1.8, 2.3)","(-11.8, -0.1, 2.3)",
PLAYER_POSITIONS,669620,6/26/2026 1:03:31 PM,656b7e14-f368-4196-b68a-fdb1e1554fc8,2.0,,,,,,,,,,,,,,,,,,,,,,,,,,,,,,,,,,,"(-11.6, 1.4, 2.2)","(-11.8, 1.8, 2.3)","(-11.8, -0.1, 2.3)",
PLAYER_POSITIONS,670137,6/26/2026 1:03:32 PM,656b7e14-f368-4196-b68a-fdb1e1554fc8,2.0,,,,,,,,,,,,,,,,,,,,,,,,,,,,,,,,,,,"(-11.5, 1.3, 2.3)","(-11.7, 1.7, 2.3)","(-11.8, -0.1, 2.3)",
PLAYER_GAZE,670137,6/26/2026 1:03:32 PM,656b7e14-f368-4196-b68a-fdb1e1554fc8,2.0,,,,,,,,,,,,,,,,,,,,,,,,Military PT 2,,,,,,,,,"(0.3, 1.7, 1.2)",,,"(-12.0, 0.0, 1.1)",
PLAYER_POSITIONS,670137,6/26/2026 1:03:32 PM,656b7e14-f368-4196-b68a-fdb1e1554fc8,2.0,,,,,,,,,,,,,,,,,,,,,,,,,,,,,,,,,,,"(-11.5, 1.3, 2.3)","(-11.7, 1.7, 2.3)","(-11.8, -0.1, 2.3)",
PLAYER_GAZE,670137,6/26/2026 1:03:32 PM,656b7e14-f368-4196-b68a-fdb1e1554fc8,2.0,,,,,,,,,,,,,,,,,,,,,,,,Military PT 2,,,,,,,,,"(0.3, 1.7, 1.2)",,,"(-12.0, 0.0, 1.1)",
PLAYER_POSITIONS,670662,6/26/2026 1:03:32 PM,656b7e14-f368-4196-b68a-fdb1e1554fc8,2.0,,,,,,,,,,,,,,,,,,,,,,,,,,,,,,,,,,,"(-11.6, 1.3, 2.2)","(-11.8, 1.7, 2.2)","(-11.8, -0.1, 2.3)",
PLAYER_GAZE,670662,6/26/2026 1:03:32 PM,656b7e14-f368-4196-b68a-fdb1e1554fc8,2.0,,,,,,,,,,,,,,,,,,,,,,,,Military PT 2,,,,,,,,,"(0.3, 1.7, 1.2)",,,"(-12.0, 0.0, 1.1)",
PLAYER_POSITIONS,670662,6/26/2026 1:03:32 PM,656b7e14-f368-4196-b68a-fdb1e1554fc8,2.0,,,,,,,,,,,,,,,,,,,,,,,,,,,,,,,,,,,"(-11.6, 1.3, 2.2)","(-11.8, 1.7, 2.2)","(-11.8, -0.1, 2.3)",
PLAYER_GAZE,670662,6/26/2026 1:03:32 PM,656b7e14-f368-4196-b68a-fdb1e1554fc8,2.0,,,,,,,,,,,,,,,,,,,,,,,,Military PT 2,,,,,,,,,"(0.3, 1.7, 1.2)",,,"(-12.0, 0.0, 1.1)",
PLAYER_POSITIONS,671162,6/26/2026 1:03:33 PM,656b7e14-f368-4196-b68a-fdb1e1554fc8,2.0,,,,,,,,,,,,,,,,,,,,,,,,,,,,,,,,,,,"(-11.6, 1.3, 2.2)","(-11.7, 1.7, 2.2)","(-11.8, -0.1, 2.3)",
PLAYER_POSITIONS,671162,6/26/2026 1:03:33 PM,656b7e14-f368-4196-b68a-fdb1e1554fc8,2.0,,,,,,,,,,,,,,,,,,,,,,,,,,,,,,,,,,,"(-11.6, 1.3, 2.2)","(-11.7, 1.7, 2.2)","(-11.8, -0.1, 2.3)",
PLAYER_POSITIONS,671683,6/26/2026 1:03:33 PM,656b7e14-f368-4196-b68a-fdb1e1554fc8,2.0,,,,,,,,,,,,,,,,,,,,,,,,,,,,,,,,,,,"(-11.4, 0.9, 2.2)","(-11.6, 1.7, 2.3)","(-11.8, -0.1, 2.3)",
PLAYER_GAZE,671683,6/26/2026 1:03:33 PM,656b7e14-f368-4196-b68a-fdb1e1554fc8,2.0,,,,,,,,,,,,,,,,,,,,,,,,Military PT 5,,,,,,,,,"(-2.2, 1.7, 0.6)",,,"(-9.4, 0.0, 1.7)",
PLAYER_POSITIONS,671683,6/26/2026 1:03:33 PM,656b7e14-f368-4196-b68a-fdb1e1554fc8,2.0,,,,,,,,,,,,,,,,,,,,,,,,,,,,,,,,,,,"(-11.4, 0.9, 2.2)","(-11.6, 1.7, 2.3)","(-11.8, -0.1, 2.3)",
PLAYER_GAZE,671683,6/26/2026 1:03:33 PM,656b7e14-f368-4196-b68a-fdb1e1554fc8,2.0,,,,,,,,,,,,,,,,,,,,,,,,Military PT 5,,,,,,,,,"(-2.2, 1.7, 0.6)",,,"(-9.4, 0.0, 1.7)",
PLAYER_POSITIONS,672207,6/26/2026 1:03:34 PM,656b7e14-f368-4196-b68a-fdb1e1554fc8,2.0,,,,,,,,,,,,,,,,,,,,,,,,,,,,,,,,,,,"(-11.5, 0.7, 2.6)","(-11.6, 1.7, 2.2)","(-11.8, -0.1, 2.3)",
PLAYER_GAZE,672207,6/26/2026 1:03:34 PM,656b7e14-f368-4196-b68a-fdb1e1554fc8,2.0,,,,,,,,,,,,,,,,,,,,,,,,Military PT 5,,,,,,,,,"(-2.2, 1.7, 0.5)",,,"(-9.4, 0.0, 1.7)",
PLAYER_POSITIONS,672207,6/26/2026 1:03:34 PM,656b7e14-f368-4196-b68a-fdb1e1554fc8,2.0,,,,,,,,,,,,,,,,,,,,,,,,,,,,,,,,,,,"(-11.5, 0.7, 2.6)","(-11.6, 1.7, 2.2)","(-11.8, -0.1, 2.3)",
PLAYER_GAZE,672207,6/26/2026 1:03:34 PM,656b7e14-f368-4196-b68a-fdb1e1554fc8,2.0,,,,,,,,,,,,,,,,,,,,,,,,Military PT 5,,,,,,,,,"(-2.2, 1.7, 0.5)",,,"(-9.4, 0.0, 1.7)",
PLAYER_POSITIONS,672727,6/26/2026 1:03:34 PM,656b7e14-f368-4196-b68a-fdb1e1554fc8,2.0,,,,,,,,,,,,,,,,,,,,,,,,,,,,,,,,,,,"(-11.5, 0.7, 2.4)","(-11.6, 1.7, 2.3)","(-11.8, -0.1, 2.3)",
PLAYER_GAZE,672727,6/26/2026 1:03:34 PM,656b7e14-f368-4196-b68a-fdb1e1554fc8,2.0,,,,,,,,,,,,,,,,,,,,,,,,Military PT 5,,,,,,,,,"(-2.2, 1.7, 0.6)",,,"(-9.4, 0.0, 1.7)",
PLAYER_POSITIONS,672727,6/26/2026 1:03:34 PM,656b7e14-f368-4196-b68a-fdb1e1554fc8,2.0,,,,,,,,,,,,,,,,,,,,,,,,,,,,,,,,,,,"(-11.5, 0.7, 2.4)","(-11.6, 1.7, 2.3)","(-11.8, -0.1, 2.3)",
PLAYER_GAZE,672727,6/26/2026 1:03:34 PM,656b7e14-f368-4196-b68a-fdb1e1554fc8,2.0,,,,,,,,,,,,,,,,,,,,,,,,Military PT 5,,,,,,,,,"(-2.2, 1.7, 0.6)",,,"(-9.4, 0.0, 1.7)",
PLAYER_POSITIONS,673251,6/26/2026 1:03:35 PM,656b7e14-f368-4196-b68a-fdb1e1554fc8,2.0,,,,,,,,,,,,,,,,,,,,,,,,,,,,,,,,,,,"(-11.2, 0.8, 2.3)","(-11.6, 1.7, 2.3)","(-11.8, -0.1, 2.3)",
PLAYER_GAZE,673251,6/26/2026 1:03:35 PM,656b7e14-f368-4196-b68a-fdb1e1554fc8,2.0,,,,,,,,,,,,,,,,,,,,,,,,Military PT 5,,,,,,,,,"(-2.2, 1.7, 0.6)",,,"(-9.4, 0.0, 1.7)",
PLAYER_POSITIONS,673251,6/26/2026 1:03:35 PM,656b7e14-f368-4196-b68a-fdb1e1554fc8,2.0,,,,,,,,,,,,,,,,,,,,,,,,,,,,,,,,,,,"(-11.2, 0.8, 2.3)","(-11.6, 1.7, 2.3)","(-11.8, -0.1, 2.3)",
PLAYER_GAZE,673251,6/26/2026 1:03:35 PM,656b7e14-f368-4196-b68a-fdb1e1554fc8,2.0,,,,,,,,,,,,,,,,,,,,,,,,Military PT 5,,,,,,,,,"(-2.2, 1.7, 0.6)",,,"(-9.4, 0.0, 1.7)",
PLAYER_POSITIONS,673784,6/26/2026 1:03:35 PM,656b7e14-f368-4196-b68a-fdb1e1554fc8,2.0,,,,,,,,,,,,,,,,,,,,,,,,,,,,,,,,,,,"(-11.0, 1.0, 2.3)","(-11.6, 1.7, 2.3)","(-11.8, -0.1, 2.3)",
PLAYER_POSITIONS,673784,6/26/2026 1:03:35 PM,656b7e14-f368-4196-b68a-fdb1e1554fc8,2.0,,,,,,,,,,,,,,,,,,,,,,,,,,,,,,,,,,,"(-11.0, 1.0, 2.3)","(-11.6, 1.7, 2.3)","(-11.8, -0.1, 2.3)",
ANSWER_SELECTED,673817,6/26/2026 1:03:35 PM,656b7e14-f368-4196-b68a-fdb1e1554fc8,2.0,,,"Mil, Single Chest Collapse",,,,Military PT 1,1,
PLAYER_POSITIONS,674285,6/26/2026 1:03:36 PM,656b7e14-f368-4196-b68a-fdb1e1554fc8,2.0,,,,,,,,,,,,,,,,,,,,,,,,,,,,,,,,,,,"(-11.0, 1.0, 2.3)","(-11.6, 1.7, 2.3)","(-11.8, -0.1, 2.3)",
PLAYER_POSITIONS,674285,6/26/2026 1:03:36 PM,656b7e14-f368-4196-b68a-fdb1e1554fc8,2.0,,,,,,,,,,,,,,,,,,,,,,,,,,,,,,,,,,,"(-11.0, 1.0, 2.3)","(-11.6, 1.7, 2.3)","(-11.8, -0.1, 2.3)",
PLAYER_POSITIONS,674805,6/26/2026 1:03:36 PM,656b7e14-f368-4196-b68a-fdb1e1554fc8,2.0,,,,,,,,,,,,,,,,,,,,,,,,,,,,,,,,,,,"(-11.0, 1.0, 2.3)","(-11.6, 1.7, 2.3)","(-11.8, -0.1, 2.3)",
PLAYER_POSITIONS,674805,6/26/2026 1:03:36 PM,656b7e14-f368-4196-b68a-fdb1e1554fc8,2.0,,,,,,,,,,,,,,,,,,,,,,,,,,,,,,,,,,,"(-11.0, 1.0, 2.3)","(-11.6, 1.7, 2.3)","(-11.8, -0.1, 2.3)",
PLAYER_POSITIONS,675317,6/26/2026 1:03:37 PM,656b7e14-f368-4196-b68a-fdb1e1554fc8,2.0,,,,,,,,,,,,,,,,,,,,,,,,,,,,,,,,,,,"(-10.9, 1.2, 2.2)","(-11.6, 1.7, 2.3)","(-11.8, -0.1, 2.3)",
PLAYER_POSITIONS,675317,6/26/2026 1:03:37 PM,656b7e14-f368-4196-b68a-fdb1e1554fc8,2.0,,,,,,,,,,,,,,,,,,,,,,,,,,,,,,,,,,,"(-10.9, 1.2, 2.2)","(-11.6, 1.7, 2.3)","(-11.8, -0.1, 2.3)",
PLAYER_POSITIONS,675827,6/26/2026 1:03:37 PM,656b7e14-f368-4196-b68a-fdb1e1554fc8,2.0,,,,,,,,,,,,,,,,,,,,,,,,,,,,,,,,,,,"(-10.8, 1.3, 2.2)","(-11.6, 1.7, 2.3)","(-11.8, -0.1, 2.3)",
PLAYER_GAZE,675827,6/26/2026 1:03:37 PM,656b7e14-f368-4196-b68a-fdb1e1554fc8,2.0,,,,,,,,,,,,,,,,,,,,,,,,Military PT 5,,,,,,,,,"(-2.2, 1.7, 0.6)",,,"(-9.4, 0.0, 1.7)",
PLAYER_POSITIONS,675827,6/26/2026 1:03:37 PM,656b7e14-f368-4196-b68a-fdb1e1554fc8,2.0,,,,,,,,,,,,,,,,,,,,,,,,,,,,,,,,,,,"(-10.8, 1.3, 2.2)","(-11.6, 1.7, 2.3)","(-11.8, -0.1, 2.3)",
PLAYER_GAZE,675827,6/26/2026 1:03:37 PM,656b7e14-f368-4196-b68a-fdb1e1554fc8,2.0,,,,,,,,,,,,,,,,,,,,,,,,Military PT 5,,,,,,,,,"(-2.2, 1.7, 0.6)",,,"(-9.4, 0.0, 1.7)",
VOICE_CAPTURE,676039,6/26/2026 1:03:38 PM,656b7e14-f368-4196-b68a-fdb1e1554fc8,2.0,,,,,,,,,,,,,,,,,,,,,,,,,,,,,,,,,,,,,,,,,,,,,,,,,,,NA,"Yeah, the",
ANSWER_SELECTED,676186,6/26/2026 1:03:38 PM,656b7e14-f368-4196-b68a-fdb1e1554fc8,2.0,,,"Mil, Double Chest Collapses",,,,Military PT 9,1,
PLAYER_POSITIONS,676349,6/26/2026 1:03:38 PM,656b7e14-f368-4196-b68a-fdb1e1554fc8,2.0,,,,,,,,,,,,,,,,,,,,,,,,,,,,,,,,,,,"(-10.8, 1.3, 2.2)","(-11.6, 1.7, 2.3)","(-11.8, -0.1, 2.3)",
PLAYER_GAZE,676349,6/26/2026 1:03:38 PM,656b7e14-f368-4196-b68a-fdb1e1554fc8,2.0,,,,,,,,,,,,,,,,,,,,,,,,Military PT 5,,,,,,,,,"(-2.2, 1.7, 0.6)",,,"(-9.4, 0.0, 1.7)",
PLAYER_POSITIONS,676349,6/26/2026 1:03:38 PM,656b7e14-f368-4196-b68a-fdb1e1554fc8,2.0,,,,,,,,,,,,,,,,,,,,,,,,,,,,,,,,,,,"(-10.8, 1.3, 2.2)","(-11.6, 1.7, 2.3)","(-11.8, -0.1, 2.3)",
PLAYER_GAZE,676349,6/26/2026 1:03:38 PM,656b7e14-f368-4196-b68a-fdb1e1554fc8,2.0,,,,,,,,,,,,,,,,,,,,,,,,Military PT 5,,,,,,,,,"(-2.2, 1.7, 0.6)",,,"(-9.4, 0.0, 1.7)",
VOICE_CAPTURE,676594,6/26/2026 1:03:38 PM,656b7e14-f368-4196-b68a-fdb1e1554fc8,2.0,,,,,,,,,,,,,,,,,,,,,,,,,,,,,,,,,,,,,,,,,,,,,,,,,,,NA,"Yeah, the Yeah, the...",
PLAYER_POSITIONS,676881,6/26/2026 1:03:39 PM,656b7e14-f368-4196-b68a-fdb1e1554fc8,2.0,,,,,,,,,,,,,,,,,,,,,,,,,,,,,,,,,,,"(-10.8, 1.3, 2.2)","(-11.6, 1.7, 2.3)","(-11.8, -0.1, 2.3)",
PLAYER_GAZE,676881,6/26/2026 1:03:39 PM,656b7e14-f368-4196-b68a-fdb1e1554fc8,2.0,,,,,,,,,,,,,,,,,,,,,,,,Military PT 5,,,,,,,,,"(-2.2, 1.7, 0.6)",,,"(-9.4, 0.0, 1.7)",
PLAYER_POSITIONS,676881,6/26/2026 1:03:39 PM,656b7e14-f368-4196-b68a-fdb1e1554fc8,2.0,,,,,,,,,,,,,,,,,,,,,,,,,,,,,,,,,,,"(-10.8, 1.3, 2.2)","(-11.6, 1.7, 2.3)","(-11.8, -0.1, 2.3)",
PLAYER_GAZE,676881,6/26/2026 1:03:39 PM,656b7e14-f368-4196-b68a-fdb1e1554fc8,2.0,,,,,,,,,,,,,,,,,,,,,,,,Military PT 5,,,,,,,,,"(-2.2, 1.7, 0.6)",,,"(-9.4, 0.0, 1.7)",
VOICE_CAPTURE,677050,6/26/2026 1:03:39 PM,656b7e14-f368-4196-b68a-fdb1e1554fc8,2.0,,,,,,,,,,,,,,,,,,,,,,,,,,,,,,,,,,,,,,,,,,,,,,,,,,,NA,"Yeah, the Yeah, the one",
PLAYER_POSITIONS,677405,6/26/2026 1:03:39 PM,656b7e14-f368-4196-b68a-fdb1e1554fc8,2.0,,,,,,,,,,,,,,,,,,,,,,,,,,,,,,,,,,,"(-10.8, 1.4, 2.2)","(-11.6, 1.7, 2.3)","(-11.8, -0.1, 2.3)",
PLAYER_GAZE,677405,6/26/2026 1:03:39 PM,656b7e14-f368-4196-b68a-fdb1e1554fc8,2.0,,,,,,,,,,,,,,,,,,,,,,,,Military PT 5,,,,,,,,,"(-2.2, 1.7, 0.6)",,,"(-9.4, 0.0, 1.7)",
PLAYER_POSITIONS,677405,6/26/2026 1:03:39 PM,656b7e14-f368-4196-b68a-fdb1e1554fc8,2.0,,,,,,,,,,,,,,,,,,,,,,,,,,,,,,,,,,,"(-10.8, 1.4, 2.2)","(-11.6, 1.7, 2.3)","(-11.8, -0.1, 2.3)",
PLAYER_GAZE,677405,6/26/2026 1:03:39 PM,656b7e14-f368-4196-b68a-fdb1e1554fc8,2.0,,,,,,,,,,,,,,,,,,,,,,,,Military PT 5,,,,,,,,,"(-2.2, 1.7, 0.6)",,,"(-9.4, 0.0, 1.7)",
VOICE_CAPTURE,677561,6/26/2026 1:03:39 PM,656b7e14-f368-4196-b68a-fdb1e1554fc8,2.0,,,,,,,,,,,,,,,,,,,,,,,,,,,,,,,,,,,,,,,,,,,,,,,,,,,NA,"Yeah, the Yeah, the one that I just",
PLAYER_POSITIONS,677917,6/26/2026 1:03:40 PM,656b7e14-f368-4196-b68a-fdb1e1554fc8,2.0,,,,,,,,,,,,,,,,,,,,,,,,,,,,,,,,,,,"(-10.8, 1.3, 2.3)","(-11.6, 1.7, 2.3)","(-11.8, -0.1, 2.3)",
PLAYER_GAZE,677917,6/26/2026 1:03:40 PM,656b7e14-f368-4196-b68a-fdb1e1554fc8,2.0,,,,,,,,,,,,,,,,,,,,,,,,Military PT 5,,,,,,,,,"(-2.2, 1.7, 0.6)",,,"(-9.4, 0.0, 1.7)",
PLAYER_POSITIONS,677917,6/26/2026 1:03:40 PM,656b7e14-f368-4196-b68a-fdb1e1554fc8,2.0,,,,,,,,,,,,,,,,,,,,,,,,,,,,,,,,,,,"(-10.8, 1.3, 2.3)","(-11.6, 1.7, 2.3)","(-11.8, -0.1, 2.3)",
PLAYER_GAZE,677917,6/26/2026 1:03:40 PM,656b7e14-f368-4196-b68a-fdb1e1554fc8,2.0,,,,,,,,,,,,,,,,,,,,,,,,Military PT 5,,,,,,,,,"(-2.2, 1.7, 0.6)",,,"(-9.4, 0.0, 1.7)",
VOICE_CAPTURE,678082,6/26/2026 1:03:40 PM,656b7e14-f368-4196-b68a-fdb1e1554fc8,2.0,,,,,,,,,,,,,,,,,,,,,,,,,,,,,,,,,,,,,,,,,,,,,,,,,,,NA,"Yeah, the yeah the one that had a chest decompression",
PLAYER_POSITIONS,678428,6/26/2026 1:03:40 PM,656b7e14-f368-4196-b68a-fdb1e1554fc8,2.0,,,,,,,,,,,,,,,,,,,,,,,,,,,,,,,,,,,"(-10.8, 1.3, 2.3)","(-11.6, 1.7, 2.3)","(-11.8, -0.1, 2.3)",
PLAYER_GAZE,678428,6/26/2026 1:03:40 PM,656b7e14-f368-4196-b68a-fdb1e1554fc8,2.0,,,,,,,,,,,,,,,,,,,,,,,,Military PT 5,,,,,,,,,"(-2.2, 1.7, 0.6)",,,"(-9.4, 0.0, 1.7)",
PLAYER_POSITIONS,678428,6/26/2026 1:03:40 PM,656b7e14-f368-4196-b68a-fdb1e1554fc8,2.0,,,,,,,,,,,,,,,,,,,,,,,,,,,,,,,,,,,"(-10.8, 1.3, 2.3)","(-11.6, 1.7, 2.3)","(-11.8, -0.1, 2.3)",
PLAYER_GAZE,678428,6/26/2026 1:03:40 PM,656b7e14-f368-4196-b68a-fdb1e1554fc8,2.0,,,,,,,,,,,,,,,,,,,,,,,,Military PT 5,,,,,,,,,"(-2.2, 1.7, 0.6)",,,"(-9.4, 0.0, 1.7)",
VOICE_CAPTURE,678594,6/26/2026 1:03:40 PM,656b7e14-f368-4196-b68a-fdb1e1554fc8,2.0,,,,,,,,,,,,,,,,,,,,,,,,,,,,,,,,,,,,,,,,,,,,,,,,,,,NA,"Yeah, the Yeah, the one that had a chest decompression and a",
PLAYER_POSITIONS,678929,6/26/2026 1:03:41 PM,656b7e14-f368-4196-b68a-fdb1e1554fc8,2.0,,,,,,,,,,,,,,,,,,,,,,,,,,,,,,,,,,,"(-10.8, 1.3, 2.3)","(-11.6, 1.7, 2.3)","(-11.8, -0.1, 2.3)",
PLAYER_GAZE,678929,6/26/2026 1:03:41 PM,656b7e14-f368-4196-b68a-fdb1e1554fc8,2.0,,,,,,,,,,,,,,,,,,,,,,,,Military PT 5,,,,,,,,,"(-2.2, 1.7, 0.6)",,,"(-9.4, 0.0, 1.7)",
PLAYER_POSITIONS,678929,6/26/2026 1:03:41 PM,656b7e14-f368-4196-b68a-fdb1e1554fc8,2.0,,,,,,,,,,,,,,,,,,,,,,,,,,,,,,,,,,,"(-10.8, 1.3, 2.3)","(-11.6, 1.7, 2.3)","(-11.8, -0.1, 2.3)",
PLAYER_GAZE,678929,6/26/2026 1:03:41 PM,656b7e14-f368-4196-b68a-fdb1e1554fc8,2.0,,,,,,,,,,,,,,,,,,,,,,,,Military PT 5,,,,,,,,,"(-2.2, 1.7, 0.6)",,,"(-9.4, 0.0, 1.7)",
VOICE_CAPTURE,679095,6/26/2026 1:03:41 PM,656b7e14-f368-4196-b68a-fdb1e1554fc8,2.0,,,,,,,,,,,,,,,,,,,,,,,,,,,,,,,,,,,,,,,,,,,,,,,,,,,NA,"Yeah, the Yeah, the one that had a chest decompression and a that out of chest decompression and I put a tourniquet.",
PLAYER_POSITIONS,679452,6/26/2026 1:03:41 PM,656b7e14-f368-4196-b68a-fdb1e1554fc8,2.0,,,,,,,,,,,,,,,,,,,,,,,,,,,,,,,,,,,"(-10.8, 1.3, 2.3)","(-11.8, 1.7, 2.2)","(-11.8, -0.1, 2.3)",
PLAYER_GAZE,679452,6/26/2026 1:03:41 PM,656b7e14-f368-4196-b68a-fdb1e1554fc8,2.0,,,,,,,,,,,,,,,,,,,,,,,,Military PT 2,,,,,,,,,"(0.2, 1.7, 1.2)",,,"(-12.0, 0.0, 1.1)",
PLAYER_POSITIONS,679452,6/26/2026 1:03:41 PM,656b7e14-f368-4196-b68a-fdb1e1554fc8,2.0,,,,,,,,,,,,,,,,,,,,,,,,,,,,,,,,,,,"(-10.8, 1.3, 2.3)","(-11.8, 1.7, 2.2)","(-11.8, -0.1, 2.3)",
PLAYER_GAZE,679452,6/26/2026 1:03:41 PM,656b7e14-f368-4196-b68a-fdb1e1554fc8,2.0,,,,,,,,,,,,,,,,,,,,,,,,Military PT 2,,,,,,,,,"(0.2, 1.7, 1.2)",,,"(-12.0, 0.0, 1.1)",
VOICE_CAPTURE,679594,6/26/2026 1:03:41 PM,656b7e14-f368-4196-b68a-fdb1e1554fc8,2.0,,,,,,,,,,,,,,,,,,,,,,,,,,,,,,,,,,,,,,,,,,,,,,,,,,,NA,"Yeah, the Yeah, the one that had a chest decompression and a that out of chest decompression and I put a tourniquet on his legs.",
PLAYER_POSITIONS,679994,6/26/2026 1:03:42 PM,656b7e14-f368-4196-b68a-fdb1e1554fc8,2.0,,,,,,,,,,,,,,,,,,,,,,,,,,,,,,,,,,,"(-10.8, 1.2, 2.3)","(-11.8, 1.7, 2.2)","(-11.8, -0.1, 2.3)",
PLAYER_GAZE,679994,6/26/2026 1:03:42 PM,656b7e14-f368-4196-b68a-fdb1e1554fc8,2.0,,,,,,,,,,,,,,,,,,,,,,,,Military PT 2,,,,,,,,,"(0.2, 1.7, 1.2)",,,"(-12.0, 0.0, 1.1)",
PLAYER_POSITIONS,679994,6/26/2026 1:03:42 PM,656b7e14-f368-4196-b68a-fdb1e1554fc8,2.0,,,,,,,,,,,,,,,,,,,,,,,,,,,,,,,,,,,"(-10.8, 1.2, 2.3)","(-11.8, 1.7, 2.2)","(-11.8, -0.1, 2.3)",
PLAYER_GAZE,679994,6/26/2026 1:03:42 PM,656b7e14-f368-4196-b68a-fdb1e1554fc8,2.0,,,,,,,,,,,,,,,,,,,,,,,,Military PT 2,,,,,,,,,"(0.2, 1.7, 1.2)",,,"(-12.0, 0.0, 1.1)",
VOICE_CAPTURE,680115,6/26/2026 1:03:42 PM,656b7e14-f368-4196-b68a-fdb1e1554fc8,2.0,,,,,,,,,,,,,,,,,,,,,,,,,,,,,,,,,,,,,,,,,,,,,,,,,,,NA,"Yeah, the Yeah, the one that had a chest decompression and a that out of chest decompression and I put a tourniquet on his leg because he was bleeding.",
PLAYER_POSITIONS,680501,6/26/2026 1:03:42 PM,656b7e14-f368-4196-b68a-fdb1e1554fc8,2.0,,,,,,,,,,,,,,,,,,,,,,,,,,,,,,,,,,,"(-11.1, 0.8, 2.3)","(-11.8, 1.7, 2.2)","(-11.9, 1.4, 1.7)",
PLAYER_GAZE,680501,6/26/2026 1:03:42 PM,656b7e14-f368-4196-b68a-fdb1e1554fc8,2.0,,,,,,,,,,,,,,,,,,,,,,,,Military PT 2,,,,,,,,,"(0.2, 1.7, 1.2)",,,"(-12.0, 0.0, 1.1)",
PLAYER_POSITIONS,680501,6/26/2026 1:03:42 PM,656b7e14-f368-4196-b68a-fdb1e1554fc8,2.0,,,,,,,,,,,,,,,,,,,,,,,,,,,,,,,,,,,"(-11.1, 0.8, 2.3)","(-11.8, 1.7, 2.2)","(-11.9, 1.4, 1.7)",
PLAYER_GAZE,680501,6/26/2026 1:03:42 PM,656b7e14-f368-4196-b68a-fdb1e1554fc8,2.0,,,,,,,,,,,,,,,,,,,,,,,,Military PT 2,,,,,,,,,"(0.2, 1.7, 1.2)",,,"(-12.0, 0.0, 1.1)",
VOICE_CAPTURE,680624,6/26/2026 1:03:42 PM,656b7e14-f368-4196-b68a-fdb1e1554fc8,2.0,,,,,,,,,,,,,,,,,,,,,,,,,,,,,,,,,,,,,,,,,,,,,,,,,,,NA,"Yeah, the Yeah, the one that had a chest decompression and a that out of chest decompression and I put a tourniquet on his leg because he was bleeding.",
VOICE_CAPTURE,680624,6/26/2026 1:03:42 PM,656b7e14-f368-4196-b68a-fdb1e1554fc8,2.0,,,,,,,,,,,,,,,,,,,,,,,,,,,,,,,,,,,,,,,,,,,,,,,,,,,NA,"Yeah, the Yeah, the one that had a chest decompression and a that out of chest decompression and I put a tourniquet on his leg because he was bleeding.",
PLAYER_POSITIONS,681014,6/26/2026 1:03:43 PM,656b7e14-f368-4196-b68a-fdb1e1554fc8,2.0,,,,,,,,,,,,,,,,,,,,,,,,,,,,,,,,,,,"(-11.1, 0.8, 2.3)","(-11.8, 1.7, 2.2)","(-11.8, -0.1, 2.3)",
PLAYER_GAZE,681014,6/26/2026 1:03:43 PM,656b7e14-f368-4196-b68a-fdb1e1554fc8,2.0,,,,,,,,,,,,,,,,,,,,,,,,Military PT 2,,,,,,,,,"(0.2, 1.7, 1.2)",,,"(-12.0, 0.0, 1.1)",
PLAYER_POSITIONS,681014,6/26/2026 1:03:43 PM,656b7e14-f368-4196-b68a-fdb1e1554fc8,2.0,,,,,,,,,,,,,,,,,,,,,,,,,,,,,,,,,,,"(-11.1, 0.8, 2.3)","(-11.8, 1.7, 2.2)","(-11.8, -0.1, 2.3)",
PLAYER_GAZE,681014,6/26/2026 1:03:43 PM,656b7e14-f368-4196-b68a-fdb1e1554fc8,2.0,,,,,,,,,,,,,,,,,,,,,,,,Military PT 2,,,,,,,,,"(0.2, 1.7, 1.2)",,,"(-12.0, 0.0, 1.1)",
PLAYER_POSITIONS,681537,6/26/2026 1:03:43 PM,656b7e14-f368-4196-b68a-fdb1e1554fc8,2.0,,,,,,,,,,,,,,,,,,,,,,,,,,,,,,,,,,,"(-11.1, 0.8, 2.3)","(-11.8, 1.7, 2.2)","(-11.8, -0.1, 2.3)",
PLAYER_GAZE,681537,6/26/2026 1:03:43 PM,656b7e14-f368-4196-b68a-fdb1e1554fc8,2.0,,,,,,,,,,,,,,,,,,,,,,,,Military PT 2,,,,,,,,,"(0.2, 1.7, 1.2)",,,"(-12.0, 0.0, 1.1)",
PLAYER_POSITIONS,681537,6/26/2026 1:03:43 PM,656b7e14-f368-4196-b68a-fdb1e1554fc8,2.0,,,,,,,,,,,,,,,,,,,,,,,,,,,,,,,,,,,"(-11.1, 0.8, 2.3)","(-11.8, 1.7, 2.2)","(-11.8, -0.1, 2.3)",
PLAYER_GAZE,681537,6/26/2026 1:03:43 PM,656b7e14-f368-4196-b68a-fdb1e1554fc8,2.0,,,,,,,,,,,,,,,,,,,,,,,,Military PT 2,,,,,,,,,"(0.2, 1.7, 1.2)",,,"(-12.0, 0.0, 1.1)",
VOICE_CAPTURE,681537,6/26/2026 1:03:43 PM,656b7e14-f368-4196-b68a-fdb1e1554fc8,2.0,,,,,,,,,,,,,,,,,,,,,,,,,,,,,,,,,,,,,,,,,,,,,,,,,,,NA,disease bleeding.,
PLAYER_POSITIONS,682047,6/26/2026 1:03:44 PM,656b7e14-f368-4196-b68a-fdb1e1554fc8,2.0,,,,,,,,,,,,,,,,,,,,,,,,,,,,,,,,,,,"(-11.1, 0.8, 2.3)","(-11.8, 1.7, 2.2)","(-11.8, -0.1, 2.3)",
PLAYER_GAZE,682047,6/26/2026 1:03:44 PM,656b7e14-f368-4196-b68a-fdb1e1554fc8,2.0,,,,,,,,,,,,,,,,,,,,,,,,Military PT 2,,,,,,,,,"(0.2, 1.7, 1.2)",,,"(-12.0, 0.0, 1.1)",
PLAYER_POSITIONS,682047,6/26/2026 1:03:44 PM,656b7e14-f368-4196-b68a-fdb1e1554fc8,2.0,,,,,,,,,,,,,,,,,,,,,,,,,,,,,,,,,,,"(-11.1, 0.8, 2.3)","(-11.8, 1.7, 2.2)","(-11.8, -0.1, 2.3)",
PLAYER_GAZE,682047,6/26/2026 1:03:44 PM,656b7e14-f368-4196-b68a-fdb1e1554fc8,2.0,,,,,,,,,,,,,,,,,,,,,,,,Military PT 2,,,,,,,,,"(0.2, 1.7, 1.2)",,,"(-12.0, 0.0, 1.1)",
VOICE_CAPTURE,682080,6/26/2026 1:03:44 PM,656b7e14-f368-4196-b68a-fdb1e1554fc8,2.0,,,,,,,,,,,,,,,,,,,,,,,,,,,,,,,,,,,,,,,,,,,,,,,,,,,NA,because he was bleeding.,
PLAYER_POSITIONS,682583,6/26/2026 1:03:44 PM,656b7e14-f368-4196-b68a-fdb1e1554fc8,2.0,,,,,,,,,,,,,,,,,,,,,,,,,,,,,,,,,,,"(-11.1, 0.8, 2.3)","(-11.8, 1.7, 2.2)","(-11.8, -0.1, 2.3)",
PLAYER_GAZE,682583,6/26/2026 1:03:44 PM,656b7e14-f368-4196-b68a-fdb1e1554fc8,2.0,,,,,,,,,,,,,,,,,,,,,,,,Military PT 2,,,,,,,,,"(0.2, 1.7, 1.2)",,,"(-12.0, 0.0, 1.1)",
PLAYER_POSITIONS,682583,6/26/2026 1:03:44 PM,656b7e14-f368-4196-b68a-fdb1e1554fc8,2.0,,,,,,,,,,,,,,,,,,,,,,,,,,,,,,,,,,,"(-11.1, 0.8, 2.3)","(-11.8, 1.7, 2.2)","(-11.8, -0.1, 2.3)",
PLAYER_GAZE,682583,6/26/2026 1:03:44 PM,656b7e14-f368-4196-b68a-fdb1e1554fc8,2.0,,,,,,,,,,,,,,,,,,,,,,,,Military PT 2,,,,,,,,,"(0.2, 1.7, 1.2)",,,"(-12.0, 0.0, 1.1)",
VOICE_CAPTURE,682585,6/26/2026 1:03:44 PM,656b7e14-f368-4196-b68a-fdb1e1554fc8,2.0,,,,,,,,,,,,,,,,,,,,,,,,,,,,,,,,,,,,,,,,,,,,,,,,,,,NA,because he was bleeding. And then that guy with...,
PLAYER_POSITIONS,683095,6/26/2026 1:03:45 PM,656b7e14-f368-4196-b68a-fdb1e1554fc8,2.0,,,,,,,,,,,,,,,,,,,,,,,,,,,,,,,,,,,"(-11.1, 0.8, 2.3)","(-11.8, 1.7, 2.2)","(-11.8, -0.1, 2.3)",
PLAYER_GAZE,683095,6/26/2026 1:03:45 PM,656b7e14-f368-4196-b68a-fdb1e1554fc8,2.0,,,,,,,,,,,,,,,,,,,,,,,,Military PT 2,,,,,,,,,"(0.3, 1.7, 1.2)",,,"(-12.0, 0.0, 1.1)",
PLAYER_POSITIONS,683095,6/26/2026 1:03:45 PM,656b7e14-f368-4196-b68a-fdb1e1554fc8,2.0,,,,,,,,,,,,,,,,,,,,,,,,,,,,,,,,,,,"(-11.1, 0.8, 2.3)","(-11.8, 1.7, 2.2)","(-11.8, -0.1, 2.3)",
PLAYER_GAZE,683095,6/26/2026 1:03:45 PM,656b7e14-f368-4196-b68a-fdb1e1554fc8,2.0,,,,,,,,,,,,,,,,,,,,,,,,Military PT 2,,,,,,,,,"(0.3, 1.7, 1.2)",,,"(-12.0, 0.0, 1.1)",
VOICE_CAPTURE,683095,6/26/2026 1:03:45 PM,656b7e14-f368-4196-b68a-fdb1e1554fc8,2.0,,,,,,,,,,,,,,,,,,,,,,,,,,,,,,,,,,,,,,,,,,,,,,,,,,,NA,because he was bleeding. And then that guy with the--,
EVAC_SELECTION,683237,6/26/2026 1:03:45 PM,656b7e14-f368-4196-b68a-fdb1e1554fc8,2.0,,,,,,,"Military PT 6, Military PT 1, Military PT 9",1,
PLAYER_POSITIONS,683605,6/26/2026 1:03:45 PM,656b7e14-f368-4196-b68a-fdb1e1554fc8,2.0,,,,,,,,,,,,,,,,,,,,,,,,,,,,,,,,,,,"(-11.1, 0.8, 2.3)","(-11.7, 1.7, 2.2)","(-11.8, -0.1, 2.3)",
PLAYER_POSITIONS,683605,6/26/2026 1:03:45 PM,656b7e14-f368-4196-b68a-fdb1e1554fc8,2.0,,,,,,,,,,,,,,,,,,,,,,,,,,,,,,,,,,,"(-11.1, 0.8, 2.3)","(-11.7, 1.7, 2.2)","(-11.8, -0.1, 2.3)",
VOICE_CAPTURE,683605,6/26/2026 1:03:45 PM,656b7e14-f368-4196-b68a-fdb1e1554fc8,2.0,,,,,,,,,,,,,,,,,,,,,,,,,,,,,,,,,,,,,,,,,,,,,,,,,,,NA,because he was bleeding. And then that guy with the double--,
NARRATIVE_SECTION_START,683845,6/26/2026 1:03:45 PM,656b7e14-f368-4196-b68a-fdb1e1554fc8,2.0,,,,,,,,,,,,,,,,,,Tac evac team will load them up.,73,
AUDIO_START,683850,6/26/2026 1:03:45 PM,656b7e14-f368-4196-b68a-fdb1e1554fc8,2.0,tac evac team will load them up,4.493061,
VOICE_CAPTURE,684051,6/26/2026 1:03:46 PM,656b7e14-f368-4196-b68a-fdb1e1554fc8,2.0,,,,,,,,,,,,,,,,,,,,,,,,,,,,,,,,,,,,,,,,,,,,,,,,,,,NA,because he was bleeding. And then that guy with the double-- with the double chest decompression.,
PLAYER_POSITIONS,684117,6/26/2026 1:03:46 PM,656b7e14-f368-4196-b68a-fdb1e1554fc8,2.0,,,,,,,,,,,,,,,,,,,,,,,,,,,,,,,,,,,"(-11.1, 0.8, 2.3)","(-11.6, 1.7, 2.3)","(-11.8, -0.1, 2.3)",
PLAYER_GAZE,684117,6/26/2026 1:03:46 PM,656b7e14-f368-4196-b68a-fdb1e1554fc8,2.0,,,,,,,,,,,,,,,,,,,,,,,,Military PT 5,,,,,,,,,"(-2.2, 1.7, 0.6)",,,"(-9.4, 0.0, 1.7)",
PLAYER_POSITIONS,684117,6/26/2026 1:03:46 PM,656b7e14-f368-4196-b68a-fdb1e1554fc8,2.0,,,,,,,,,,,,,,,,,,,,,,,,,,,,,,,,,,,"(-11.1, 0.8, 2.3)","(-11.6, 1.7, 2.3)","(-11.8, -0.1, 2.3)",
PLAYER_GAZE,684117,6/26/2026 1:03:46 PM,656b7e14-f368-4196-b68a-fdb1e1554fc8,2.0,,,,,,,,,,,,,,,,,,,,,,,,Military PT 5,,,,,,,,,"(-2.2, 1.7, 0.6)",,,"(-9.4, 0.0, 1.7)",
VOICE_CAPTURE,684539,6/26/2026 1:03:46 PM,656b7e14-f368-4196-b68a-fdb1e1554fc8,2.0,,,,,,,,,,,,,,,,,,,,,,,,,,,,,,,,,,,,,,,,,,,,,,,,,,,NA,because he was bleeding. And then that guy with the double-- with the double chest decompression.,
VOICE_CAPTURE,684539,6/26/2026 1:03:46 PM,656b7e14-f368-4196-b68a-fdb1e1554fc8,2.0,,,,,,,,,,,,,,,,,,,,,,,,,,,,,,,,,,,,,,,,,,,,,,,,,,,NA,because he was bleeding. And then that guy with the double-- with the double chest decompression.,
PLAYER_POSITIONS,684636,6/26/2026 1:03:46 PM,656b7e14-f368-4196-b68a-fdb1e1554fc8,2.0,,,,,,,,,,,,,,,,,,,,,,,,,,,,,,,,,,,"(-11.1, 0.8, 2.3)","(-11.6, 1.7, 2.3)","(-11.8, -0.1, 2.3)",
PLAYER_GAZE,684636,6/26/2026 1:03:46 PM,656b7e14-f368-4196-b68a-fdb1e1554fc8,2.0,,,,,,,,,,,,,,,,,,,,,,,,Military PT 5,,,,,,,,,"(-2.2, 1.7, 0.6)",,,"(-9.4, 0.0, 1.7)",
PLAYER_POSITIONS,684636,6/26/2026 1:03:46 PM,656b7e14-f368-4196-b68a-fdb1e1554fc8,2.0,,,,,,,,,,,,,,,,,,,,,,,,,,,,,,,,,,,"(-11.1, 0.8, 2.3)","(-11.6, 1.7, 2.3)","(-11.8, -0.1, 2.3)",
PLAYER_GAZE,684636,6/26/2026 1:03:46 PM,656b7e14-f368-4196-b68a-fdb1e1554fc8,2.0,,,,,,,,,,,,,,,,,,,,,,,,Military PT 5,,,,,,,,,"(-2.2, 1.7, 0.6)",,,"(-9.4, 0.0, 1.7)",
PLAYER_POSITIONS,685145,6/26/2026 1:03:47 PM,656b7e14-f368-4196-b68a-fdb1e1554fc8,2.0,,,,,,,,,,,,,,,,,,,,,,,,,,,,,,,,,,,"(-11.1, 0.8, 2.3)","(-11.8, 1.7, 2.3)","(-11.8, -0.1, 2.3)",
PLAYER_GAZE,685145,6/26/2026 1:03:47 PM,656b7e14-f368-4196-b68a-fdb1e1554fc8,2.0,,,,,,,,,,,,,,,,,,,,,,,,Military PT 9,,,,,,,,,"(0.9, 1.7, 4.1)",,,"(-12.7, 0.0, -1.8)",
PLAYER_POSITIONS,685145,6/26/2026 1:03:47 PM,656b7e14-f368-4196-b68a-fdb1e1554fc8,2.0,,,,,,,,,,,,,,,,,,,,,,,,,,,,,,,,,,,"(-11.1, 0.8, 2.3)","(-11.8, 1.7, 2.3)","(-11.8, -0.1, 2.3)",
PLAYER_GAZE,685145,6/26/2026 1:03:47 PM,656b7e14-f368-4196-b68a-fdb1e1554fc8,2.0,,,,,,,,,,,,,,,,,,,,,,,,Military PT 9,,,,,,,,,"(0.9, 1.7, 4.1)",,,"(-12.7, 0.0, -1.8)",
PLAYER_POSITIONS,685657,6/26/2026 1:03:47 PM,656b7e14-f368-4196-b68a-fdb1e1554fc8,2.0,,,,,,,,,,,,,,,,,,,,,,,,,,,,,,,,,,,"(-11.5, 1.0, 2.0)","(-12.0, 1.8, 2.5)","(-12.3, 1.4, 2.2)",
PLAYER_GAZE,685657,6/26/2026 1:03:47 PM,656b7e14-f368-4196-b68a-fdb1e1554fc8,2.0,,,,,,,,,,,,,,,,,,,,,,,,Civilian PT 7,,,,,,,,,"(5.6, 1.8, 2.6)",,,"(-17.6, 0.0, -0.1)",
PLAYER_POSITIONS,685657,6/26/2026 1:03:47 PM,656b7e14-f368-4196-b68a-fdb1e1554fc8,2.0,,,,,,,,,,,,,,,,,,,,,,,,,,,,,,,,,,,"(-11.5, 1.0, 2.0)","(-12.0, 1.8, 2.5)","(-12.3, 1.4, 2.2)",
PLAYER_GAZE,685657,6/26/2026 1:03:47 PM,656b7e14-f368-4196-b68a-fdb1e1554fc8,2.0,,,,,,,,,,,,,,,,,,,,,,,,Civilian PT 7,,,,,,,,,"(5.6, 1.8, 2.6)",,,"(-17.6, 0.0, -0.1)",
PLAYER_POSITIONS,686168,6/26/2026 1:03:48 PM,656b7e14-f368-4196-b68a-fdb1e1554fc8,2.0,,,,,,,,,,,,,,,,,,,,,,,,,,,,,,,,,,,"(-12.2, 1.3, 2.4)","(-12.0, 1.8, 2.6)","(-12.3, 1.4, 2.6)",
PLAYER_GAZE,686168,6/26/2026 1:03:48 PM,656b7e14-f368-4196-b68a-fdb1e1554fc8,2.0,,,,,,,,,,,,,,,,,,,,,,,,Military PT 13,,,,,,,,,"(3.2, 1.8, -2.4)",,,"(-15.2, 0.0, 5.0)",
PLAYER_POSITIONS,686168,6/26/2026 1:03:48 PM,656b7e14-f368-4196-b68a-fdb1e1554fc8,2.0,,,,,,,,,,,,,,,,,,,,,,,,,,,,,,,,,,,"(-12.2, 1.3, 2.4)","(-12.0, 1.8, 2.6)","(-12.3, 1.4, 2.6)",
PLAYER_GAZE,686168,6/26/2026 1:03:48 PM,656b7e14-f368-4196-b68a-fdb1e1554fc8,2.0,,,,,,,,,,,,,,,,,,,,,,,,Military PT 13,,,,,,,,,"(3.2, 1.8, -2.4)",,,"(-15.2, 0.0, 5.0)",
PLAYER_POSITIONS,686680,6/26/2026 1:03:48 PM,656b7e14-f368-4196-b68a-fdb1e1554fc8,2.0,,,,,,,,,,,,,,,,,,,,,,,,,,,,,,,,,,,"(-12.2, 1.3, 2.5)","(-11.9, 1.8, 2.6)","(-12.2, 1.4, 2.7)",
PLAYER_POSITIONS,686680,6/26/2026 1:03:48 PM,656b7e14-f368-4196-b68a-fdb1e1554fc8,2.0,,,,,,,,,,,,,,,,,,,,,,,,,,,,,,,,,,,"(-12.2, 1.3, 2.5)","(-11.9, 1.8, 2.6)","(-12.2, 1.4, 2.7)",
PLAYER_POSITIONS,687192,6/26/2026 1:03:49 PM,656b7e14-f368-4196-b68a-fdb1e1554fc8,2.0,,,,,,,,,,,,,,,,,,,,,,,,,,,,,,,,,,,"(-12.2, 1.3, 2.5)","(-11.9, 1.8, 2.5)","(-12.1, 1.4, 2.6)",
PLAYER_POSITIONS,687192,6/26/2026 1:03:49 PM,656b7e14-f368-4196-b68a-fdb1e1554fc8,2.0,,,,,,,,,,,,,,,,,,,,,,,,,,,,,,,,,,,"(-12.2, 1.3, 2.5)","(-11.9, 1.8, 2.5)","(-12.1, 1.4, 2.6)",
PLAYER_POSITIONS,687694,6/26/2026 1:03:49 PM,656b7e14-f368-4196-b68a-fdb1e1554fc8,2.0,,,,,,,,,,,,,,,,,,,,,,,,,,,,,,,,,,,"(-12.2, 1.3, 2.4)","(-11.8, 1.8, 2.4)","(-12.1, 1.5, 2.6)",
PLAYER_POSITIONS,687694,6/26/2026 1:03:49 PM,656b7e14-f368-4196-b68a-fdb1e1554fc8,2.0,,,,,,,,,,,,,,,,,,,,,,,,,,,,,,,,,,,"(-12.2, 1.3, 2.4)","(-11.8, 1.8, 2.4)","(-12.1, 1.5, 2.6)",
PLAYER_POSITIONS,688195,6/26/2026 1:03:50 PM,656b7e14-f368-4196-b68a-fdb1e1554fc8,2.0,,,,,,,,,,,,,,,,,,,,,,,,,,,,,,,,,,,"(-12.1, 1.3, 2.5)","(-11.8, 1.8, 2.4)","(-12.0, 1.4, 2.6)",
PLAYER_POSITIONS,688195,6/26/2026 1:03:50 PM,656b7e14-f368-4196-b68a-fdb1e1554fc8,2.0,,,,,,,,,,,,,,,,,,,,,,,,,,,,,,,,,,,"(-12.1, 1.3, 2.5)","(-11.8, 1.8, 2.4)","(-12.0, 1.4, 2.6)",
AUDIO_END,688328,6/26/2026 1:03:50 PM,656b7e14-f368-4196-b68a-fdb1e1554fc8,2.0,tac evac team will load them up,4.493061,
NARRATIVE_SECTION_END,688328,6/26/2026 1:03:50 PM,656b7e14-f368-4196-b68a-fdb1e1554fc8,2.0,,,,,,,,,,,,,,,,,,Tac evac team will load them up.,73,
NARRATIVE_SECTION_START,688368,6/26/2026 1:03:50 PM,656b7e14-f368-4196-b68a-fdb1e1554fc8,2.0,,,,,,,,,,,,,,,,,,Tac evac moving out,74,
AUDIO_START,688374,6/26/2026 1:03:50 PM,656b7e14-f368-4196-b68a-fdb1e1554fc8,2.0,tac evac moving out,4.022857,
PLAYER_POSITIONS,688708,6/26/2026 1:03:50 PM,656b7e14-f368-4196-b68a-fdb1e1554fc8,2.0,,,,,,,,,,,,,,,,,,,,,,,,,,,,,,,,,,,"(-12.1, 1.3, 2.5)","(-11.9, 1.8, 2.4)","(-12.1, 1.4, 2.6)",
PLAYER_POSITIONS,688708,6/26/2026 1:03:50 PM,656b7e14-f368-4196-b68a-fdb1e1554fc8,2.0,,,,,,,,,,,,,,,,,,,,,,,,,,,,,,,,,,,"(-12.1, 1.3, 2.5)","(-11.9, 1.8, 2.4)","(-12.1, 1.4, 2.6)",
PLAYER_POSITIONS,689209,6/26/2026 1:03:51 PM,656b7e14-f368-4196-b68a-fdb1e1554fc8,2.0,,,,,,,,,,,,,,,,,,,,,,,,,,,,,,,,,,,"(-12.1, 1.3, 2.3)","(-11.9, 1.8, 2.4)","(-12.1, 1.4, 2.4)",
PLAYER_POSITIONS,689209,6/26/2026 1:03:51 PM,656b7e14-f368-4196-b68a-fdb1e1554fc8,2.0,,,,,,,,,,,,,,,,,,,,,,,,,,,,,,,,,,,"(-12.1, 1.3, 2.3)","(-11.9, 1.8, 2.4)","(-12.1, 1.4, 2.4)",
PLAYER_POSITIONS,689712,6/26/2026 1:03:51 PM,656b7e14-f368-4196-b68a-fdb1e1554fc8,2.0,,,,,,,,,,,,,,,,,,,,,,,,,,,,,,,,,,,"(-12.0, 1.0, 2.3)","(-11.9, 1.8, 2.4)","(-12.1, 1.1, 2.4)",
PLAYER_POSITIONS,689712,6/26/2026 1:03:51 PM,656b7e14-f368-4196-b68a-fdb1e1554fc8,2.0,,,,,,,,,,,,,,,,,,,,,,,,,,,,,,,,,,,"(-12.0, 1.0, 2.3)","(-11.9, 1.8, 2.4)","(-12.1, 1.1, 2.4)",
PLAYER_POSITIONS,690225,6/26/2026 1:03:52 PM,656b7e14-f368-4196-b68a-fdb1e1554fc8,2.0,,,,,,,,,,,,,,,,,,,,,,,,,,,,,,,,,,,"(-11.5, 0.8, 2.4)","(-11.9, 1.7, 2.5)","(-12.0, 0.8, 2.9)",
PLAYER_GAZE,690225,6/26/2026 1:03:52 PM,656b7e14-f368-4196-b68a-fdb1e1554fc8,2.0,,,,,,,,,,,,,,,,,,,,,,,,Military PT 2,,,,,,,,,"(0.1, 1.7, 1.5)",,,"(-12.0, 0.0, 1.1)",
PLAYER_POSITIONS,690225,6/26/2026 1:03:52 PM,656b7e14-f368-4196-b68a-fdb1e1554fc8,2.0,,,,,,,,,,,,,,,,,,,,,,,,,,,,,,,,,,,"(-11.5, 0.8, 2.4)","(-11.9, 1.7, 2.5)","(-12.0, 0.8, 2.9)",
PLAYER_GAZE,690225,6/26/2026 1:03:52 PM,656b7e14-f368-4196-b68a-fdb1e1554fc8,2.0,,,,,,,,,,,,,,,,,,,,,,,,Military PT 2,,,,,,,,,"(0.1, 1.7, 1.5)",,,"(-12.0, 0.0, 1.1)",
PLAYER_POSITIONS,690727,6/26/2026 1:03:52 PM,656b7e14-f368-4196-b68a-fdb1e1554fc8,2.0,,,,,,,,,,,,,,,,,,,,,,,,,,,,,,,,,,,"(-11.8, 0.9, 2.3)","(-11.7, 1.7, 2.5)","(-12.0, 0.9, 2.4)",
PLAYER_GAZE,690727,6/26/2026 1:03:52 PM,656b7e14-f368-4196-b68a-fdb1e1554fc8,2.0,,,,,,,,,,,,,,,,,,,,,,,,Military PT 4,,,,,,,,,"(-0.6, 1.7, 7.3)",,,"(-11.1, 0.0, -4.7)",
PLAYER_POSITIONS,690727,6/26/2026 1:03:52 PM,656b7e14-f368-4196-b68a-fdb1e1554fc8,2.0,,,,,,,,,,,,,,,,,,,,,,,,,,,,,,,,,,,"(-11.8, 0.9, 2.3)","(-11.7, 1.7, 2.5)","(-12.0, 0.9, 2.4)",
PLAYER_GAZE,690727,6/26/2026 1:03:52 PM,656b7e14-f368-4196-b68a-fdb1e1554fc8,2.0,,,,,,,,,,,,,,,,,,,,,,,,Military PT 4,,,,,,,,,"(-0.6, 1.7, 7.3)",,,"(-11.1, 0.0, -4.7)",
PLAYER_POSITIONS,691228,6/26/2026 1:03:53 PM,656b7e14-f368-4196-b68a-fdb1e1554fc8,2.0,,,,,,,,,,,,,,,,,,,,,,,,,,,,,,,,,,,"(-11.4, 0.8, 2.4)","(-11.6, 1.7, 2.5)","(-12.0, 0.8, 2.5)",
PLAYER_POSITIONS,691228,6/26/2026 1:03:53 PM,656b7e14-f368-4196-b68a-fdb1e1554fc8,2.0,,,,,,,,,,,,,,,,,,,,,,,,,,,,,,,,,,,"(-11.4, 0.8, 2.4)","(-11.6, 1.7, 2.5)","(-12.0, 0.8, 2.5)",
VOICE_CAPTURE,691551,6/26/2026 1:03:53 PM,656b7e14-f368-4196-b68a-fdb1e1554fc8,2.0,,,,,,,,,,,,,,,,,,,,,,,,,,,,,,,,,,,,,,,,,,,,,,,,,,,NA,Thank you.,
PLAYER_POSITIONS,691742,6/26/2026 1:03:53 PM,656b7e14-f368-4196-b68a-fdb1e1554fc8,2.0,,,,,,,,,,,,,,,,,,,,,,,,,,,,,,,,,,,"(-11.4, 0.8, 2.4)","(-11.6, 1.7, 2.4)","(-11.9, 1.0, 2.3)",
PLAYER_POSITIONS,691742,6/26/2026 1:03:53 PM,656b7e14-f368-4196-b68a-fdb1e1554fc8,2.0,,,,,,,,,,,,,,,,,,,,,,,,,,,,,,,,,,,"(-11.4, 0.8, 2.4)","(-11.6, 1.7, 2.4)","(-11.9, 1.0, 2.3)",
PLAYER_POSITIONS,692260,6/26/2026 1:03:54 PM,656b7e14-f368-4196-b68a-fdb1e1554fc8,2.0,,,,,,,,,,,,,,,,,,,,,,,,,,,,,,,,,,,"(-11.4, 0.8, 2.3)","(-11.6, 1.7, 2.4)","(-11.7, 1.6, 2.5)",
PLAYER_GAZE,692260,6/26/2026 1:03:54 PM,656b7e14-f368-4196-b68a-fdb1e1554fc8,2.0,,,,,,,,,,,,,,,,,,,,,,,,Military PT 2,,,,,,,,,"(0.4, 1.7, 1.4)",,,"(-12.0, 0.0, 1.1)",
PLAYER_POSITIONS,692260,6/26/2026 1:03:54 PM,656b7e14-f368-4196-b68a-fdb1e1554fc8,2.0,,,,,,,,,,,,,,,,,,,,,,,,,,,,,,,,,,,"(-11.4, 0.8, 2.3)","(-11.6, 1.7, 2.4)","(-11.7, 1.6, 2.5)",
PLAYER_GAZE,692260,6/26/2026 1:03:54 PM,656b7e14-f368-4196-b68a-fdb1e1554fc8,2.0,,,,,,,,,,,,,,,,,,,,,,,,Military PT 2,,,,,,,,,"(0.4, 1.7, 1.4)",,,"(-12.0, 0.0, 1.1)",
AUDIO_END,692384,6/26/2026 1:03:54 PM,656b7e14-f368-4196-b68a-fdb1e1554fc8,2.0,tac evac moving out,4.022857,
PLAYER_POSITIONS,692761,6/26/2026 1:03:54 PM,656b7e14-f368-4196-b68a-fdb1e1554fc8,2.0,,,,,,,,,,,,,,,,,,,,,,,,,,,,,,,,,,,"(-11.4, 0.8, 2.4)","(-11.7, 1.7, 2.4)","(-11.7, 1.6, 2.5)",
PLAYER_GAZE,692761,6/26/2026 1:03:54 PM,656b7e14-f368-4196-b68a-fdb1e1554fc8,2.0,,,,,,,,,,,,,,,,,,,,,,,,Military PT 2,,,,,,,,,"(0.4, 1.7, 1.3)",,,"(-12.0, 0.0, 1.1)",
PLAYER_POSITIONS,692761,6/26/2026 1:03:54 PM,656b7e14-f368-4196-b68a-fdb1e1554fc8,2.0,,,,,,,,,,,,,,,,,,,,,,,,,,,,,,,,,,,"(-11.4, 0.8, 2.4)","(-11.7, 1.7, 2.4)","(-11.7, 1.6, 2.5)",
PLAYER_GAZE,692761,6/26/2026 1:03:54 PM,656b7e14-f368-4196-b68a-fdb1e1554fc8,2.0,,,,,,,,,,,,,,,,,,,,,,,,Military PT 2,,,,,,,,,"(0.4, 1.7, 1.3)",,,"(-12.0, 0.0, 1.1)",
PLAYER_POSITIONS,693261,6/26/2026 1:03:55 PM,656b7e14-f368-4196-b68a-fdb1e1554fc8,2.0,,,,,,,,,,,,,,,,,,,,,,,,,,,,,,,,,,,"(-11.4, 0.8, 2.4)","(-11.7, 1.7, 2.4)","(-11.7, 1.6, 2.5)",
PLAYER_POSITIONS,693261,6/26/2026 1:03:55 PM,656b7e14-f368-4196-b68a-fdb1e1554fc8,2.0,,,,,,,,,,,,,,,,,,,,,,,,,,,,,,,,,,,"(-11.4, 0.8, 2.4)","(-11.7, 1.7, 2.4)","(-11.7, 1.6, 2.5)",
PLAYER_POSITIONS,694995,6/26/2026 1:03:57 PM,656b7e14-f368-4196-b68a-fdb1e1554fc8,2.0,,,,,,,,,,,,,,,,,,,,,,,,,,,,,,,,,,,"(-11.4, 0.9, 2.3)","(-11.6, 1.7, 2.4)","(-11.7, 1.6, 2.5)",
PLAYER_POSITIONS,694995,6/26/2026 1:03:57 PM,656b7e14-f368-4196-b68a-fdb1e1554fc8,2.0,,,,,,,,,,,,,,,,,,,,,,,,,,,,,,,,,,,"(-11.4, 0.9, 2.3)","(-11.6, 1.7, 2.4)","(-11.7, 1.6, 2.5)",
PLAYER_POSITIONS,695494,6/26/2026 1:03:57 PM,656b7e14-f368-4196-b68a-fdb1e1554fc8,2.0,,,,,,,,,,,,,,,,,,,,,,,,,,,,,,,,,,,"(-11.5, 1.0, 2.2)","(-11.6, 1.3, 2.2)","(-11.7, 1.3, 2.0)",
PLAYER_POSITIONS,695494,6/26/2026 1:03:57 PM,656b7e14-f368-4196-b68a-fdb1e1554fc8,2.0,,,,,,,,,,,,,,,,,,,,,,,,,,,,,,,,,,,"(-11.5, 1.0, 2.2)","(-11.6, 1.3, 2.2)","(-11.7, 1.3, 2.0)",
Participant ID, 202606149
