EventName,ElapsedTime,Timestamp,SessionID,Version,AudioClip,AudioDuration,ButtonClickMessage,CurrentDurationEngaged,DragStartPosition,DragStopPosition,EvacPatientIds,EvacRound,InjuryBodyRegion,InjuryName,InjuryPosition,InjuryRequiredProcedure,InjuryRequiredTreatmentCount,InjuryRequiredTreatmentsApplied,InjurySeverity,InjuryTreatedWithCorrectTreatment,InjuryTreatmentComplete,NarrativeDescription,NarrativeIndex,PatientBreathing,PatientHealthLevel,PatientHealthTimeRemaining,PatientHearing,PatientID,PatientMood,PatientPose,PatientPosition,PatientPulse,PatientRotation,PatientSpO2,PatientTriageLevel,PatientTriageSort,PlayerDirection,PlayerDistanceFromPatient,PlayerLeftHandPosition,PlayerPosition,PlayerRightHandPosition,QuestionAnswers,QuestionId,QuestionPrompt,QuestionType,TagType,TeleportPosition,ToolAttachMessage,ToolAttachParent,ToolCount,ToolMessageSender,ToolType,TotalDurationEngaged,TriageSortCommand,VoiceCaptureCommandDescription,VoiceCaptureMessage,WeaponsDisarmed,WeaponsHeld,
VOICE_CAPTURE,-182276,6/27/2026 11:50:37 AM,f3ad1ec3-23d2-44fa-ad4c-1f1f6cbca7df,2.0,,,,,,,,,,,,,,,,,,,,,,,,,,,,,,,,,,,,,,,,,,,,,,,,,,,NA,Yep.,
VOICE_CAPTURE,-181812,6/27/2026 11:50:37 AM,f3ad1ec3-23d2-44fa-ad4c-1f1f6cbca7df,2.0,,,,,,,,,,,,,,,,,,,,,,,,,,,,,,,,,,,,,,,,,,,,,,,,,,,NA,Yep.,
VOICE_CAPTURE,-181311,6/27/2026 11:50:38 AM,f3ad1ec3-23d2-44fa-ad4c-1f1f6cbca7df,2.0,,,,,,,,,,,,,,,,,,,,,,,,,,,,,,,,,,,,,,,,,,,,,,,,,,,NA,"Yep, sure.",
VOICE_CAPTURE,-180677,6/27/2026 11:50:38 AM,f3ad1ec3-23d2-44fa-ad4c-1f1f6cbca7df,2.0,,,,,,,,,,,,,,,,,,,,,,,,,,,,,,,,,,,,,,,,,,,,,,,,,,,NA,"Yep, sure. Okay.",
VOICE_CAPTURE,-180242,6/27/2026 11:50:39 AM,f3ad1ec3-23d2-44fa-ad4c-1f1f6cbca7df,2.0,,,,,,,,,,,,,,,,,,,,,,,,,,,,,,,,,,,,,,,,,,,,,,,,,,,NA,"Yep, sure. Okay.",
VOICE_CAPTURE,-180241,6/27/2026 11:50:39 AM,f3ad1ec3-23d2-44fa-ad4c-1f1f6cbca7df,2.0,,,,,,,,,,,,,,,,,,,,,,,,,,,,,,,,,,,,,,,,,,,,,,,,,,,NA,"Yep, sure. Okay.",
VOICE_CAPTURE,-41617,6/27/2026 11:52:57 AM,f3ad1ec3-23d2-44fa-ad4c-1f1f6cbca7df,2.0,,,,,,,,,,,,,,,,,,,,,,,,,,,,,,,,,,,,,,,,,,,,,,,,,,,NA,on,
VOICE_CAPTURE,-41229,6/27/2026 11:52:58 AM,f3ad1ec3-23d2-44fa-ad4c-1f1f6cbca7df,2.0,,,,,,,,,,,,,,,,,,,,,,,,,,,,,,,,,,,,,,,,,,,,,,,,,,,NA,on Uh,
VOICE_CAPTURE,-40673,6/27/2026 11:52:58 AM,f3ad1ec3-23d2-44fa-ad4c-1f1f6cbca7df,2.0,,,,,,,,,,,,,,,,,,,,,,,,,,,,,,,,,,,,,,,,,,,,,,,,,,,NA,on Uh...,
VOICE_CAPTURE,-40195,6/27/2026 11:52:59 AM,f3ad1ec3-23d2-44fa-ad4c-1f1f6cbca7df,2.0,,,,,,,,,,,,,,,,,,,,,,,,,,,,,,,,,,,,,,,,,,,,,,,,,,,NA,on Uh,
VOICE_CAPTURE,-39667,6/27/2026 11:52:59 AM,f3ad1ec3-23d2-44fa-ad4c-1f1f6cbca7df,2.0,,,,,,,,,,,,,,,,,,,,,,,,,,,,,,,,,,,,,,,,,,,,,,,,,,,NA,on Uh,
VOICE_CAPTURE,-39666,6/27/2026 11:52:59 AM,f3ad1ec3-23d2-44fa-ad4c-1f1f6cbca7df,2.0,,,,,,,,,,,,,,,,,,,,,,,,,,,,,,,,,,,,,,,,,,,,,,,,,,,NA,on Uh,
VOICE_CAPTURE,-38724,6/27/2026 11:53:00 AM,f3ad1ec3-23d2-44fa-ad4c-1f1f6cbca7df,2.0,,,,,,,,,,,,,,,,,,,,,,,,,,,,,,,,,,,,,,,,,,,,,,,,,,,NA,Yeah.,
VOICE_CAPTURE,-38169,6/27/2026 11:53:01 AM,f3ad1ec3-23d2-44fa-ad4c-1f1f6cbca7df,2.0,,,,,,,,,,,,,,,,,,,,,,,,,,,,,,,,,,,,,,,,,,,,,,,,,,,NA,Yeah.,
VOICE_CAPTURE,-37647,6/27/2026 11:53:01 AM,f3ad1ec3-23d2-44fa-ad4c-1f1f6cbca7df,2.0,,,,,,,,,,,,,,,,,,,,,,,,,,,,,,,,,,,,,,,,,,,,,,,,,,,NA,Yeah. Uh...,
VOICE_CAPTURE,-37136,6/27/2026 11:53:02 AM,f3ad1ec3-23d2-44fa-ad4c-1f1f6cbca7df,2.0,,,,,,,,,,,,,,,,,,,,,,,,,,,,,,,,,,,,,,,,,,,,,,,,,,,NA,room with green.,
VOICE_CAPTURE,-36601,6/27/2026 11:53:02 AM,f3ad1ec3-23d2-44fa-ad4c-1f1f6cbca7df,2.0,,,,,,,,,,,,,,,,,,,,,,,,,,,,,,,,,,,,,,,,,,,,,,,,,,,NA,room with grit like,
VOICE_CAPTURE,-36190,6/27/2026 11:53:03 AM,f3ad1ec3-23d2-44fa-ad4c-1f1f6cbca7df,2.0,,,,,,,,,,,,,,,,,,,,,,,,,,,,,,,,,,,,,,,,,,,,,,,,,,,NA,room with grit like room with grid like a grid room,
VOICE_CAPTURE,-35700,6/27/2026 11:53:03 AM,f3ad1ec3-23d2-44fa-ad4c-1f1f6cbca7df,2.0,,,,,,,,,,,,,,,,,,,,,,,,,,,,,,,,,,,,,,,,,,,,,,,,,,,NA,room with grit like room with grid like a grid room.,
VOICE_CAPTURE,-35176,6/27/2026 11:53:04 AM,f3ad1ec3-23d2-44fa-ad4c-1f1f6cbca7df,2.0,,,,,,,,,,,,,,,,,,,,,,,,,,,,,,,,,,,,,,,,,,,,,,,,,,,NA,room with grit like room with grid like a grid room.,
VOICE_CAPTURE,-35176,6/27/2026 11:53:04 AM,f3ad1ec3-23d2-44fa-ad4c-1f1f6cbca7df,2.0,,,,,,,,,,,,,,,,,,,,,,,,,,,,,,,,,,,,,,,,,,,,,,,,,,,NA,room with grit like room with grid like a grid room.,
TOOL_HOVER,-27107,6/27/2026 11:53:12 AM,f3ad1ec3-23d2-44fa-ad4c-1f1f6cbca7df,2.0,,,,,,,,,,,,,,,,,,,,,,,,,,,,,,,,,,,,,,,,,,,,,,999,,Nasal Airway,
TOOL_HOVER,-26806,6/27/2026 11:53:12 AM,f3ad1ec3-23d2-44fa-ad4c-1f1f6cbca7df,2.0,,,,,,,,,,,,,,,,,,,,,,,,,,,,,,,,,,,,,,,,,,,,,,999,,Decompression Needle,
TOOL_HOVER,-26505,6/27/2026 11:53:12 AM,f3ad1ec3-23d2-44fa-ad4c-1f1f6cbca7df,2.0,,,,,,,,,,,,,,,,,,,,,,,,,,,,,,,,,,,,,,,,,,,,,,999,,Nasal Airway,
TOOL_HOVER,-26406,6/27/2026 11:53:12 AM,f3ad1ec3-23d2-44fa-ad4c-1f1f6cbca7df,2.0,,,,,,,,,,,,,,,,,,,,,,,,,,,,,,,,,,,,,,,,,,,,,,999,,IV Blood,
TOOL_HOVER,-25905,6/27/2026 11:53:13 AM,f3ad1ec3-23d2-44fa-ad4c-1f1f6cbca7df,2.0,,,,,,,,,,,,,,,,,,,,,,,,,,,,,,,,,,,,,,,,,,,,,,999,,IV Blood,
TOOL_HOVER,-25415,6/27/2026 11:53:13 AM,f3ad1ec3-23d2-44fa-ad4c-1f1f6cbca7df,2.0,,,,,,,,,,,,,,,,,,,,,,,,,,,,,,,,,,,,,,,,,,,,,,999,,Nasal Airway,
TOOL_HOVER,-24914,6/27/2026 11:53:14 AM,f3ad1ec3-23d2-44fa-ad4c-1f1f6cbca7df,2.0,,,,,,,,,,,,,,,,,,,,,,,,,,,,,,,,,,,,,,,,,,,,,,999,,Nasal Airway,
TOOL_HOVER,-24814,6/27/2026 11:53:14 AM,f3ad1ec3-23d2-44fa-ad4c-1f1f6cbca7df,2.0,,,,,,,,,,,,,,,,,,,,,,,,,,,,,,,,,,,,,,,,,,,,,,999,,Decompression Needle,
TOOL_HOVER,-24412,6/27/2026 11:53:14 AM,f3ad1ec3-23d2-44fa-ad4c-1f1f6cbca7df,2.0,,,,,,,,,,,,,,,,,,,,,,,,,,,,,,,,,,,,,,,,,,,,,,999,,Fentanyl Lollipop,
TOOL_HOVER,-24312,6/27/2026 11:53:15 AM,f3ad1ec3-23d2-44fa-ad4c-1f1f6cbca7df,2.0,,,,,,,,,,,,,,,,,,,,,,,,,,,,,,,,,,,,,,,,,,,,,,999,,Fox Shield,
TOOL_HOVER,-24012,6/27/2026 11:53:15 AM,f3ad1ec3-23d2-44fa-ad4c-1f1f6cbca7df,2.0,,,,,,,,,,,,,,,,,,,,,,,,,,,,,,,,,,,,,,,,,,,,,,999,,Antibiotics,
TOOL_HOVER,-23711,6/27/2026 11:53:15 AM,f3ad1ec3-23d2-44fa-ad4c-1f1f6cbca7df,2.0,,,,,,,,,,,,,,,,,,,,,,,,,,,,,,,,,,,,,,,,,,,,,,999,,Burn Dressing,
TOOL_HOVER,-23611,6/27/2026 11:53:15 AM,f3ad1ec3-23d2-44fa-ad4c-1f1f6cbca7df,2.0,,,,,,,,,,,,,,,,,,,,,,,,,,,,,,,,,,,,,,,,,,,,,,999,,IV Blood,
VOICE_CAPTURE,-23110,6/27/2026 11:53:16 AM,f3ad1ec3-23d2-44fa-ad4c-1f1f6cbca7df,2.0,,,,,,,,,,,,,,,,,,,,,,,,,,,,,,,,,,,,,,,,,,,,,,,,,,,NA,Oh,
VOICE_CAPTURE,-22575,6/27/2026 11:53:16 AM,f3ad1ec3-23d2-44fa-ad4c-1f1f6cbca7df,2.0,,,,,,,,,,,,,,,,,,,,,,,,,,,,,,,,,,,,,,,,,,,,,,,,,,,NA,"Oh, I forgot to say that.",
VOICE_CAPTURE,-22185,6/27/2026 11:53:17 AM,f3ad1ec3-23d2-44fa-ad4c-1f1f6cbca7df,2.0,,,,,,,,,,,,,,,,,,,,,,,,,,,,,,,,,,,,,,,,,,,,,,,,,,,NA,"Oh, I forgot about...",
VOICE_CAPTURE,-21684,6/27/2026 11:53:17 AM,f3ad1ec3-23d2-44fa-ad4c-1f1f6cbca7df,2.0,,,,,,,,,,,,,,,,,,,,,,,,,,,,,,,,,,,,,,,,,,,,,,,,,,,NA,"Oh, I forgot about...",
VOICE_CAPTURE,-21684,6/27/2026 11:53:17 AM,f3ad1ec3-23d2-44fa-ad4c-1f1f6cbca7df,2.0,,,,,,,,,,,,,,,,,,,,,,,,,,,,,,,,,,,,,,,,,,,,,,,,,,,NA,"Oh, I forgot about...",
BAG_CLOSED,-21507,6/27/2026 11:53:17 AM,f3ad1ec3-23d2-44fa-ad4c-1f1f6cbca7df,2.0,,,,,,,,,,,,,,,,,,,,,,,,,,,,,,,,,,,,"(0.0, 0.0, 0.0)",
VOICE_CAPTURE,-21061,6/27/2026 11:53:18 AM,f3ad1ec3-23d2-44fa-ad4c-1f1f6cbca7df,2.0,,,,,,,,,,,,,,,,,,,,,,,,,,,,,,,,,,,,,,,,,,,,,,,,,,,NA,"I forgot about, uh, Antimile.",
VOICE_CAPTURE,-20704,6/27/2026 11:53:18 AM,f3ad1ec3-23d2-44fa-ad4c-1f1f6cbca7df,2.0,,,,,,,,,,,,,,,,,,,,,,,,,,,,,,,,,,,,,,,,,,,,,,,,,,,NA,I forgot about antibiotics and st-,
VOICE_CAPTURE,-20192,6/27/2026 11:53:19 AM,f3ad1ec3-23d2-44fa-ad4c-1f1f6cbca7df,2.0,,,,,,,,,,,,,,,,,,,,,,,,,,,,,,,,,,,,,,,,,,,,,,,,,,,NA,I forgot about antibiotics and stuff.,
VOICE_CAPTURE,-19679,6/27/2026 11:53:19 AM,f3ad1ec3-23d2-44fa-ad4c-1f1f6cbca7df,2.0,,,,,,,,,,,,,,,,,,,,,,,,,,,,,,,,,,,,,,,,,,,,,,,,,,,NA,I forgot about antibiotics and stuff.,
VOICE_CAPTURE,-19679,6/27/2026 11:53:19 AM,f3ad1ec3-23d2-44fa-ad4c-1f1f6cbca7df,2.0,,,,,,,,,,,,,,,,,,,,,,,,,,,,,,,,,,,,,,,,,,,,,,,,,,,NA,I forgot about antibiotics and stuff.,
VOICE_CAPTURE,-18655,6/27/2026 11:53:20 AM,f3ad1ec3-23d2-44fa-ad4c-1f1f6cbca7df,2.0,,,,,,,,,,,,,,,,,,,,,,,,,,,,,,,,,,,,,,,,,,,,,,,,,,,NA,of.,
VOICE_CAPTURE,-18155,6/27/2026 11:53:21 AM,f3ad1ec3-23d2-44fa-ad4c-1f1f6cbca7df,2.0,,,,,,,,,,,,,,,,,,,,,,,,,,,,,,,,,,,,,,,,,,,,,,,,,,,NA,of.,
VOICE_CAPTURE,-17560,6/27/2026 11:53:21 AM,f3ad1ec3-23d2-44fa-ad4c-1f1f6cbca7df,2.0,,,,,,,,,,,,,,,,,,,,,,,,,,,,,,,,,,,,,,,,,,,,,,,,,,,NA,stuff. I'll go get it.,
VOICE_CAPTURE,-17226,6/27/2026 11:53:22 AM,f3ad1ec3-23d2-44fa-ad4c-1f1f6cbca7df,2.0,,,,,,,,,,,,,,,,,,,,,,,,,,,,,,,,,,,,,,,,,,,,,,,,,,,NA,stuff.,
VOICE_CAPTURE,-11028,6/27/2026 11:53:28 AM,f3ad1ec3-23d2-44fa-ad4c-1f1f6cbca7df,2.0,,,,,,,,,,,,,,,,,,,,,,,,,,,,,,,,,,,,,,,,,,,,,,,,,,,NA,stuff. I'll get it along the way.,
VOICE_CAPTURE,-10601,6/27/2026 11:53:28 AM,f3ad1ec3-23d2-44fa-ad4c-1f1f6cbca7df,2.0,,,,,,,,,,,,,,,,,,,,,,,,,,,,,,,,,,,,,,,,,,,,,,,,,,,NA,stuff. I'll get it along the way. I'm sure.,
VOICE_CAPTURE,-10156,6/27/2026 11:53:29 AM,f3ad1ec3-23d2-44fa-ad4c-1f1f6cbca7df,2.0,,,,,,,,,,,,,,,,,,,,,,,,,,,,,,,,,,,,,,,,,,,,,,,,,,,NA,stuff. I'll get it along the way.,
VOICE_CAPTURE,-9723,6/27/2026 11:53:29 AM,f3ad1ec3-23d2-44fa-ad4c-1f1f6cbca7df,2.0,,,,,,,,,,,,,,,,,,,,,,,,,,,,,,,,,,,,,,,,,,,,,,,,,,,NA,stuff. I'll get it along the way.,
VOICE_CAPTURE,-9723,6/27/2026 11:53:29 AM,f3ad1ec3-23d2-44fa-ad4c-1f1f6cbca7df,2.0,,,,,,,,,,,,,,,,,,,,,,,,,,,,,,,,,,,,,,,,,,,,,,,,,,,NA,stuff. I'll get it along the way.,
VOICE_CAPTURE,-9300,6/27/2026 11:53:30 AM,f3ad1ec3-23d2-44fa-ad4c-1f1f6cbca7df,2.0,,,,,,,,,,,,,,,,,,,,,,,,,,,,,,,,,,,,,,,,,,,,,,,,,,,NA,Thank you.,
VOICE_CAPTURE,-8876,6/27/2026 11:53:30 AM,f3ad1ec3-23d2-44fa-ad4c-1f1f6cbca7df,2.0,,,,,,,,,,,,,,,,,,,,,,,,,,,,,,,,,,,,,,,,,,,,,,,,,,,NA,Thank you.,
VOICE_CAPTURE,-8876,6/27/2026 11:53:30 AM,f3ad1ec3-23d2-44fa-ad4c-1f1f6cbca7df,2.0,,,,,,,,,,,,,,,,,,,,,,,,,,,,,,,,,,,,,,,,,,,,,,,,,,,NA,Thank you.,
SESSION_START,8,6/27/2026 11:53:39 AM,068492a8-9bbc-456b-87fb-dc52c0aec9a7,2.0,
PATIENT_RECORD,9,6/27/2026 11:53:39 AM,068492a8-9bbc-456b-87fb-dc52c0aec9a7,2.0,,,,,,,,,,,,,,,,,,,,restricted,100,Infinity,normal,Military PT 1,unresponsive,supine,"(-6.8, 0.0, 2.1)",faint,"(0.0, 0.3, 0.0, 1.0)",normal,IMMEDIATE,still,
INJURY_RECORD,9,6/27/2026 11:53:39 AM,068492a8-9bbc-456b-87fb-dc52c0aec9a7,2.0,,,,,,,,,rightCalf,R Calf Laceration,"(-6.7, 0.3, 2.0)",israeliWrap,1,0,low,False,False,,,,,,,Military PT 1,
INJURY_RECORD,9,6/27/2026 11:53:39 AM,068492a8-9bbc-456b-87fb-dc52c0aec9a7,2.0,,,,,,,,,chest,R Chest Collapse,"(-6.7, 1.3, 2.0)",decompressionNeedle,1,0,high,False,False,,,,,,,Military PT 1,
PATIENT_RECORD,9,6/27/2026 11:53:39 AM,068492a8-9bbc-456b-87fb-dc52c0aec9a7,2.0,,,,,,,,,,,,,,,,,,,,restricted,100,Infinity,normal,Military PT 2,agony,supine,"(-12.0, 0.0, 1.1)",faint,"(0.0, 0.4, 0.0, 0.9)",normal,EXPECTANT,still,
INJURY_RECORD,9,6/27/2026 11:53:39 AM,068492a8-9bbc-456b-87fb-dc52c0aec9a7,2.0,,,,,,,,,fullBody,Full Body Burn,"(0.0, 0.0, 0.0)",lollipop,1,0,high,False,False,,,,,,,Military PT 2,
INJURY_RECORD,9,6/27/2026 11:53:39 AM,068492a8-9bbc-456b-87fb-dc52c0aec9a7,2.0,,,,,,,,,chest,Circumferential Chest Burn,"(-12.0, 1.4, 1.1)",scalpel,1,0,high,False,False,,,,,,,Military PT 2,
PATIENT_RECORD,9,6/27/2026 11:53:39 AM,068492a8-9bbc-456b-87fb-dc52c0aec9a7,2.0,,,,,,,,,,,,,,,,,,,,normal,100,Infinity,normal,Civilian PT 3,upset,prone,"(-14.3, 0.0, 1.6)",normal,"(0.0, 0.0, 0.0, 1.0)",normal,DELAYED,still,
INJURY_RECORD,9,6/27/2026 11:53:39 AM,068492a8-9bbc-456b-87fb-dc52c0aec9a7,2.0,,,,,,,,,rightForearm,R Forearm Burn,"(-13.8, 1.3, 1.4)",burnDressing,1,0,medium,False,False,,,,,,,Civilian PT 3,
INJURY_RECORD,9,6/27/2026 11:53:39 AM,068492a8-9bbc-456b-87fb-dc52c0aec9a7,2.0,,,,,,,,,leftLeg,L Shin Amputation,"(-14.4, 0.5, 1.5)",tourniquet,1,0,high,False,False,,,,,,,Civilian PT 3,
PATIENT_RECORD,9,6/27/2026 11:53:39 AM,068492a8-9bbc-456b-87fb-dc52c0aec9a7,2.0,,,,,,,,,,,,,,,,,,,,fast,100,Infinity,normal,Military PT 4,upset,kneeling,"(-11.1, 0.0, -4.7)",faint,"(0.0, 1.0, 0.0, 0.2)",normal,IMMEDIATE,still,
INJURY_RECORD,9,6/27/2026 11:53:39 AM,068492a8-9bbc-456b-87fb-dc52c0aec9a7,2.0,,,,,,,,,neck,R Neck Laceration,"(-11.1, 1.5, -4.8)",woundpack,1,0,high,False,False,,,,,,,Military PT 4,
PATIENT_RECORD,9,6/27/2026 11:53:39 AM,068492a8-9bbc-456b-87fb-dc52c0aec9a7,2.0,,,,,,,,,,,,,,,,,,,,fast,100,Infinity,normal,Military PT 5,upset,supine,"(-9.4, 0.0, 1.7)",faint,"(0.0, -1.0, 0.0, 0.0)",normal,IMMEDIATE,still,
INJURY_RECORD,9,6/27/2026 11:53:39 AM,068492a8-9bbc-456b-87fb-dc52c0aec9a7,2.0,,,,,,,,,chest,R Chest Puncture,"(-9.5, 1.3, 1.6)",chestSeal,1,0,high,False,False,,,,,,,Military PT 5,
PATIENT_RECORD,9,6/27/2026 11:53:39 AM,068492a8-9bbc-456b-87fb-dc52c0aec9a7,2.0,,,,,,,,,,,,,,,,,,,,normal,100,128,normal,Lifting NPC,calm,standing,"(-8.6, 0.0, 4.5)",normal,"(0.0, 0.8, 0.0, 0.5)",normal,MINIMAL,still,
PATIENT_RECORD,9,6/27/2026 11:53:39 AM,068492a8-9bbc-456b-87fb-dc52c0aec9a7,2.0,,,,,,,,,,,,,,,,,,,,fast,100,Infinity,normal,Military PT 6,agony,supine,"(-9.0, 0.0, 4.6)",fast,"(0.0, 1.0, 0.0, 0.0)",normal,IMMEDIATE,still,
INJURY_RECORD,9,6/27/2026 11:53:39 AM,068492a8-9bbc-456b-87fb-dc52c0aec9a7,2.0,,,,,,,,,leftLeg,L Thigh Amputation,"(-8.9, 0.7, 4.5)",tourniquet,1,0,high,False,False,,,,,,,Military PT 6,
PATIENT_RECORD,9,6/27/2026 11:53:39 AM,068492a8-9bbc-456b-87fb-dc52c0aec9a7,2.0,,,,,,,,,,,,,,,,,,,,normal,100,Infinity,normal,Civilian PT 7,agony,recovery,"(-17.6, 0.0, -0.1)",normal,"(0.0, 0.5, 0.0, 0.9)",normal,DELAYED,still,
INJURY_RECORD,9,6/27/2026 11:53:39 AM,068492a8-9bbc-456b-87fb-dc52c0aec9a7,2.0,,,,,,,,,head,Bleeding Scalp,"(-17.5, 1.7, -0.1)",israeliWrap,1,0,medium,False,False,,,,,,,Civilian PT 7,
INJURY_RECORD,9,6/27/2026 11:53:39 AM,068492a8-9bbc-456b-87fb-dc52c0aec9a7,2.0,,,,,,,,,head,L Eye Shrapnel,"(-17.5, 1.6, 0.0)",foxShield,1,0,high,False,False,,,,,,,Civilian PT 7,
INJURY_RECORD,9,6/27/2026 11:53:39 AM,068492a8-9bbc-456b-87fb-dc52c0aec9a7,2.0,,,,,,,,,leftCalf,L Lower Leg Burn,"(-17.7, 0.3, 0.0)",burnDressing,1,0,high,False,False,,,,,,,Civilian PT 7,
INJURY_RECORD,9,6/27/2026 11:53:39 AM,068492a8-9bbc-456b-87fb-dc52c0aec9a7,2.0,,,,,,,,,rightCalf,R Lower Leg Burn,"(-17.5, 0.3, -0.3)",burnDressing,1,0,high,False,False,,,,,,,Civilian PT 7,
PATIENT_RECORD,9,6/27/2026 11:53:39 AM,068492a8-9bbc-456b-87fb-dc52c0aec9a7,2.0,,,,,,,,,,,,,,,,,,,,fast,100,Infinity,normal,Civilian PT 8,upset,sittingGround,"(-15.8, 0.0, -1.8)",fast,"(0.0, 0.4, 0.0, 0.9)",normal,IMMEDIATE,still,
INJURY_RECORD,9,6/27/2026 11:53:39 AM,068492a8-9bbc-456b-87fb-dc52c0aec9a7,2.0,,,,,,,,,rightArm,R Arm Amputation,"(-15.6, 1.3, -2.0)",tourniquet,1,0,high,False,False,,,,,,,Civilian PT 8,
INJURY_RECORD,9,6/27/2026 11:53:39 AM,068492a8-9bbc-456b-87fb-dc52c0aec9a7,2.0,,,,,,,,,chest,R Shoulder Puncture,"(-15.7, 1.3, -1.9)",woundpack,1,0,medium,False,False,,,,,,,Civilian PT 8,
PATIENT_RECORD,9,6/27/2026 11:53:39 AM,068492a8-9bbc-456b-87fb-dc52c0aec9a7,2.0,,,,,,,,,,,,,,,,,,,,restricted,100,Infinity,normal,Military PT 9,unresponsive,supine,"(-12.7, 0.0, -1.8)",faint,"(0.0, -0.7, 0.0, 0.7)",normal,EXPECTANT,still,
INJURY_RECORD,9,6/27/2026 11:53:39 AM,068492a8-9bbc-456b-87fb-dc52c0aec9a7,2.0,,,,,,,,,chest,L Chest Collapse,"(-12.7, 1.3, -1.9)",decompressionNeedle,1,0,high,False,False,,,,,,,Military PT 9,
INJURY_RECORD,9,6/27/2026 11:53:39 AM,068492a8-9bbc-456b-87fb-dc52c0aec9a7,2.0,,,,,,,,,chest,R Chest Collapse,"(-12.7, 1.3, -1.7)",decompressionNeedle,1,0,high,False,False,,,,,,,Military PT 9,
PATIENT_RECORD,9,6/27/2026 11:53:39 AM,068492a8-9bbc-456b-87fb-dc52c0aec9a7,2.0,,,,,,,,,,,,,,,,,,,,none,100,Infinity,none,Military PT 10,dead,fetal,"(-9.6, 0.0, -2.9)",none,"(0.0, -0.6, 0.0, 0.8)",none,EXPECTANT,still,
INJURY_RECORD,9,6/27/2026 11:53:39 AM,068492a8-9bbc-456b-87fb-dc52c0aec9a7,2.0,,,,,,,,,head,Face Shrapnel,"(-9.6, 1.7, -2.8)",israeliWrap,1,0,high,False,False,,,,,,,Military PT 10,
INJURY_RECORD,9,6/27/2026 11:53:39 AM,068492a8-9bbc-456b-87fb-dc52c0aec9a7,2.0,,,,,,,,,leftCalf,L Calf Laceration,"(-9.6, 0.3, -3.0)",israeliWrap,1,0,low,False,False,,,,,,,Military PT 10,
INJURY_RECORD,9,6/27/2026 11:53:39 AM,068492a8-9bbc-456b-87fb-dc52c0aec9a7,2.0,,,,,,,,,rightCalf,R Calf Laceration,"(-9.5, 0.3, -2.7)",israeliWrap,1,0,low,False,False,,,,,,,Military PT 10,
PATIENT_RECORD,9,6/27/2026 11:53:39 AM,068492a8-9bbc-456b-87fb-dc52c0aec9a7,2.0,,,,,,,,,,,,,,,,,,,,normal,100,Infinity,normal,Military PT 11,panic,standing,"(-6.4, 0.0, -0.3)",normal,"(0.0, -0.2, 0.0, 1.0)",normal,MINIMAL,still,
INJURY_RECORD,9,6/27/2026 11:53:39 AM,068492a8-9bbc-456b-87fb-dc52c0aec9a7,2.0,,,,,,,,,leftForearm,L Forearm Abrasion,"(-6.9, 1.4, -0.5)",gauzeWrap,1,0,low,False,False,,,,,,,Military PT 11,
INJURY_RECORD,9,6/27/2026 11:53:39 AM,068492a8-9bbc-456b-87fb-dc52c0aec9a7,2.0,,,,,,,,,rightForearm,R Forearm Abrasion,"(-6.0, 1.4, -0.1)",gauzeWrap,1,0,low,False,False,,,,,,,Military PT 11,
PATIENT_RECORD,9,6/27/2026 11:53:39 AM,068492a8-9bbc-456b-87fb-dc52c0aec9a7,2.0,,,,,,,,,,,,,,,,,,,,normal,100,Infinity,normal,Military PT 12,upset,standing,"(-12.8, 0.0, -4.1)",normal,"(0.0, 0.0, 0.0, 1.0)",normal,DELAYED,still,
INJURY_RECORD,9,6/27/2026 11:53:39 AM,068492a8-9bbc-456b-87fb-dc52c0aec9a7,2.0,,,,,,,,,head,R Eye Shrapnel,"(-12.8, 1.5, -4.0)",foxShield,1,0,high,False,False,,,,,,,Military PT 12,
PATIENT_RECORD,9,6/27/2026 11:53:39 AM,068492a8-9bbc-456b-87fb-dc52c0aec9a7,2.0,,,,,,,,,,,,,,,,,,,,normal,100,128,normal,Military PT 13,calm,standing,"(-15.2, 0.0, 5.0)",normal,"(0.0, 0.8, 0.0, 0.6)",normal,MINIMAL,still,
INJURY_RECORD,9,6/27/2026 11:53:39 AM,068492a8-9bbc-456b-87fb-dc52c0aec9a7,2.0,,,,,,,,,head,Concussion,"(0.0, 0.0, 0.0)",mentalAssessment,1,0,medium,False,False,,,,,,,Military PT 13,
PATIENT_RECORD,9,6/27/2026 11:53:39 AM,068492a8-9bbc-456b-87fb-dc52c0aec9a7,2.0,,,,,,,,,,,,,,,,,,,,normal,100,Infinity,normal,Civilian PT 14,upset,sittingGround,"(-14.1, 0.0, 3.6)",normal,"(0.0, 0.8, 0.0, 0.6)",normal,DELAYED,still,
INJURY_RECORD,9,6/27/2026 11:53:39 AM,068492a8-9bbc-456b-87fb-dc52c0aec9a7,2.0,,,,,,,,,leftArm,L Bicep Abrasion,"(-14.0, 1.3, 3.9)",gauzeWrap,1,0,low,False,False,,,,,,,Civilian PT 14,
INJURY_RECORD,9,6/27/2026 11:53:39 AM,068492a8-9bbc-456b-87fb-dc52c0aec9a7,2.0,,,,,,,,,rightArm,R Bicep Abrasion,"(-14.2, 1.3, 3.3)",gauzeWrap,1,0,low,False,False,,,,,,,Civilian PT 14,
INJURY_RECORD,9,6/27/2026 11:53:39 AM,068492a8-9bbc-456b-87fb-dc52c0aec9a7,2.0,,,,,,,,,leftCalf,L Calf Shrapnel,"(-14.1, 0.3, 3.7)",gauzeWrap,1,0,medium,False,False,,,,,,,Civilian PT 14,
INJURY_RECORD,9,6/27/2026 11:53:39 AM,068492a8-9bbc-456b-87fb-dc52c0aec9a7,2.0,,,,,,,,,head,L Face Abrasion,"(-14.0, 1.4, 3.6)",gauzeWrap,1,0,low,False,False,,,,,,,Civilian PT 14,
INJURY_RECORD,9,6/27/2026 11:53:39 AM,068492a8-9bbc-456b-87fb-dc52c0aec9a7,2.0,,,,,,,,,leftForearm,L Forearm Abrasion,"(-13.9, 1.3, 4.0)",gauzeWrap,1,0,low,False,False,,,,,,,Civilian PT 14,
PATIENT_RECORD,9,6/27/2026 11:53:39 AM,068492a8-9bbc-456b-87fb-dc52c0aec9a7,2.0,,,,,,,,,,,,,,,,,,,,fast,100,Infinity,normal,Civilian PT 15,upset,supine,"(-14.4, 0.0, -0.3)",fast,"(0.0, 0.8, 0.0, 0.6)",normal,IMMEDIATE,still,
INJURY_RECORD,9,6/27/2026 11:53:39 AM,068492a8-9bbc-456b-87fb-dc52c0aec9a7,2.0,,,,,,,,,abdomen,L Stomach Laceration,"(-14.3, 1.0, -0.3)",woundpack,1,0,medium,False,False,,,,,,,Civilian PT 15,
NARRATIVE_SECTION_START,37,6/27/2026 11:53:39 AM,068492a8-9bbc-456b-87fb-dc52c0aec9a7,2.0,,,,,,,,,,,,,,,,,,TCCC Trainer Intro,0,
AUDIO_START,81,6/27/2026 11:53:39 AM,068492a8-9bbc-456b-87fb-dc52c0aec9a7,2.0,mission briefing,37.66857,
PLAYER_POSITIONS,395,6/27/2026 11:53:39 AM,068492a8-9bbc-456b-87fb-dc52c0aec9a7,2.0,,,,,,,,,,,,,,,,,,,,,,,,,,,,,,,,,,,"(-11.6, 0.8, 10.9)","(-11.6, 1.7, 11.1)","(-11.7, 0.8, 11.3)",
PLAYER_POSITIONS,395,6/27/2026 11:53:39 AM,068492a8-9bbc-456b-87fb-dc52c0aec9a7,2.0,,,,,,,,,,,,,,,,,,,,,,,,,,,,,,,,,,,"(-11.6, 0.8, 10.9)","(-11.6, 1.7, 11.1)","(-11.7, 0.8, 11.3)",
PLAYER_POSITIONS,898,6/27/2026 11:53:40 AM,068492a8-9bbc-456b-87fb-dc52c0aec9a7,2.0,,,,,,,,,,,,,,,,,,,,,,,,,,,,,,,,,,,"(-11.7, 0.8, 10.8)","(-11.6, 1.7, 11.0)","(-11.6, 0.8, 11.2)",
PLAYER_POSITIONS,898,6/27/2026 11:53:40 AM,068492a8-9bbc-456b-87fb-dc52c0aec9a7,2.0,,,,,,,,,,,,,,,,,,,,,,,,,,,,,,,,,,,"(-11.7, 0.8, 10.8)","(-11.6, 1.7, 11.0)","(-11.6, 0.8, 11.2)",
PLAYER_POSITIONS,1402,6/27/2026 11:53:40 AM,068492a8-9bbc-456b-87fb-dc52c0aec9a7,2.0,,,,,,,,,,,,,,,,,,,,,,,,,,,,,,,,,,,"(-11.6, 0.8, 10.7)","(-11.6, 1.7, 10.9)","(-11.7, 0.8, 11.1)",
PLAYER_POSITIONS,1402,6/27/2026 11:53:40 AM,068492a8-9bbc-456b-87fb-dc52c0aec9a7,2.0,,,,,,,,,,,,,,,,,,,,,,,,,,,,,,,,,,,"(-11.6, 0.8, 10.7)","(-11.6, 1.7, 10.9)","(-11.7, 0.8, 11.1)",
PLAYER_POSITIONS,1907,6/27/2026 11:53:41 AM,068492a8-9bbc-456b-87fb-dc52c0aec9a7,2.0,,,,,,,,,,,,,,,,,,,,,,,,,,,,,,,,,,,"(-11.6, 0.8, 10.8)","(-11.6, 1.7, 11.0)","(-11.7, 0.8, 11.1)",
PLAYER_POSITIONS,1907,6/27/2026 11:53:41 AM,068492a8-9bbc-456b-87fb-dc52c0aec9a7,2.0,,,,,,,,,,,,,,,,,,,,,,,,,,,,,,,,,,,"(-11.6, 0.8, 10.8)","(-11.6, 1.7, 11.0)","(-11.7, 0.8, 11.1)",
PLAYER_POSITIONS,2418,6/27/2026 11:53:41 AM,068492a8-9bbc-456b-87fb-dc52c0aec9a7,2.0,,,,,,,,,,,,,,,,,,,,,,,,,,,,,,,,,,,"(-11.6, 0.8, 10.9)","(-11.6, 1.7, 11.1)","(-11.7, 0.8, 11.2)",
PLAYER_POSITIONS,2418,6/27/2026 11:53:41 AM,068492a8-9bbc-456b-87fb-dc52c0aec9a7,2.0,,,,,,,,,,,,,,,,,,,,,,,,,,,,,,,,,,,"(-11.6, 0.8, 10.9)","(-11.6, 1.7, 11.1)","(-11.7, 0.8, 11.2)",
PLAYER_POSITIONS,2941,6/27/2026 11:53:42 AM,068492a8-9bbc-456b-87fb-dc52c0aec9a7,2.0,,,,,,,,,,,,,,,,,,,,,,,,,,,,,,,,,,,"(-11.6, 0.8, 10.9)","(-11.6, 1.7, 11.2)","(-11.7, 0.8, 11.4)",
PLAYER_POSITIONS,2941,6/27/2026 11:53:42 AM,068492a8-9bbc-456b-87fb-dc52c0aec9a7,2.0,,,,,,,,,,,,,,,,,,,,,,,,,,,,,,,,,,,"(-11.6, 0.8, 10.9)","(-11.6, 1.7, 11.2)","(-11.7, 0.8, 11.4)",
PLAYER_POSITIONS,3454,6/27/2026 11:53:42 AM,068492a8-9bbc-456b-87fb-dc52c0aec9a7,2.0,,,,,,,,,,,,,,,,,,,,,,,,,,,,,,,,,,,"(-11.6, 0.8, 10.9)","(-11.6, 1.7, 11.2)","(-11.7, 0.8, 11.4)",
PLAYER_POSITIONS,3454,6/27/2026 11:53:42 AM,068492a8-9bbc-456b-87fb-dc52c0aec9a7,2.0,,,,,,,,,,,,,,,,,,,,,,,,,,,,,,,,,,,"(-11.6, 0.8, 10.9)","(-11.6, 1.7, 11.2)","(-11.7, 0.8, 11.4)",
PLAYER_POSITIONS,3975,6/27/2026 11:53:43 AM,068492a8-9bbc-456b-87fb-dc52c0aec9a7,2.0,,,,,,,,,,,,,,,,,,,,,,,,,,,,,,,,,,,"(-11.6, 0.8, 10.9)","(-11.6, 1.7, 11.1)","(-11.7, 0.8, 11.3)",
PLAYER_POSITIONS,3975,6/27/2026 11:53:43 AM,068492a8-9bbc-456b-87fb-dc52c0aec9a7,2.0,,,,,,,,,,,,,,,,,,,,,,,,,,,,,,,,,,,"(-11.6, 0.8, 10.9)","(-11.6, 1.7, 11.1)","(-11.7, 0.8, 11.3)",
PLAYER_POSITIONS,4477,6/27/2026 11:53:43 AM,068492a8-9bbc-456b-87fb-dc52c0aec9a7,2.0,,,,,,,,,,,,,,,,,,,,,,,,,,,,,,,,,,,"(-11.6, 0.8, 10.7)","(-11.6, 1.7, 11.0)","(-11.7, 0.8, 11.1)",
PLAYER_POSITIONS,4477,6/27/2026 11:53:43 AM,068492a8-9bbc-456b-87fb-dc52c0aec9a7,2.0,,,,,,,,,,,,,,,,,,,,,,,,,,,,,,,,,,,"(-11.6, 0.8, 10.7)","(-11.6, 1.7, 11.0)","(-11.7, 0.8, 11.1)",
PLAYER_POSITIONS,4983,6/27/2026 11:53:44 AM,068492a8-9bbc-456b-87fb-dc52c0aec9a7,2.0,,,,,,,,,,,,,,,,,,,,,,,,,,,,,,,,,,,"(-11.6, 0.8, 10.7)","(-11.6, 1.7, 10.9)","(-11.7, 0.8, 11.1)",
PLAYER_POSITIONS,4983,6/27/2026 11:53:44 AM,068492a8-9bbc-456b-87fb-dc52c0aec9a7,2.0,,,,,,,,,,,,,,,,,,,,,,,,,,,,,,,,,,,"(-11.6, 0.8, 10.7)","(-11.6, 1.7, 10.9)","(-11.7, 0.8, 11.1)",
PLAYER_POSITIONS,5505,6/27/2026 11:53:44 AM,068492a8-9bbc-456b-87fb-dc52c0aec9a7,2.0,,,,,,,,,,,,,,,,,,,,,,,,,,,,,,,,,,,"(-11.7, 0.8, 10.7)","(-11.6, 1.7, 11.0)","(-11.7, 0.8, 11.2)",
PLAYER_POSITIONS,5505,6/27/2026 11:53:44 AM,068492a8-9bbc-456b-87fb-dc52c0aec9a7,2.0,,,,,,,,,,,,,,,,,,,,,,,,,,,,,,,,,,,"(-11.7, 0.8, 10.7)","(-11.6, 1.7, 11.0)","(-11.7, 0.8, 11.2)",
PLAYER_POSITIONS,6017,6/27/2026 11:53:45 AM,068492a8-9bbc-456b-87fb-dc52c0aec9a7,2.0,,,,,,,,,,,,,,,,,,,,,,,,,,,,,,,,,,,"(-11.6, 0.8, 10.8)","(-11.6, 1.7, 11.1)","(-11.7, 0.8, 11.3)",
PLAYER_POSITIONS,6017,6/27/2026 11:53:45 AM,068492a8-9bbc-456b-87fb-dc52c0aec9a7,2.0,,,,,,,,,,,,,,,,,,,,,,,,,,,,,,,,,,,"(-11.6, 0.8, 10.8)","(-11.6, 1.7, 11.1)","(-11.7, 0.8, 11.3)",
PLAYER_POSITIONS,6518,6/27/2026 11:53:45 AM,068492a8-9bbc-456b-87fb-dc52c0aec9a7,2.0,,,,,,,,,,,,,,,,,,,,,,,,,,,,,,,,,,,"(-11.6, 0.8, 10.9)","(-11.6, 1.7, 11.2)","(-11.7, 0.8, 11.4)",
PLAYER_POSITIONS,6518,6/27/2026 11:53:45 AM,068492a8-9bbc-456b-87fb-dc52c0aec9a7,2.0,,,,,,,,,,,,,,,,,,,,,,,,,,,,,,,,,,,"(-11.6, 0.8, 10.9)","(-11.6, 1.7, 11.2)","(-11.7, 0.8, 11.4)",
PLAYER_POSITIONS,7019,6/27/2026 11:53:46 AM,068492a8-9bbc-456b-87fb-dc52c0aec9a7,2.0,,,,,,,,,,,,,,,,,,,,,,,,,,,,,,,,,,,"(-11.6, 0.8, 10.9)","(-11.6, 1.7, 11.2)","(-11.7, 0.8, 11.3)",
PLAYER_POSITIONS,7019,6/27/2026 11:53:46 AM,068492a8-9bbc-456b-87fb-dc52c0aec9a7,2.0,,,,,,,,,,,,,,,,,,,,,,,,,,,,,,,,,,,"(-11.6, 0.8, 10.9)","(-11.6, 1.7, 11.2)","(-11.7, 0.8, 11.3)",
PLAYER_POSITIONS,7531,6/27/2026 11:53:46 AM,068492a8-9bbc-456b-87fb-dc52c0aec9a7,2.0,,,,,,,,,,,,,,,,,,,,,,,,,,,,,,,,,,,"(-11.6, 0.8, 10.8)","(-11.6, 1.7, 11.1)","(-11.7, 0.8, 11.3)",
PLAYER_POSITIONS,7531,6/27/2026 11:53:46 AM,068492a8-9bbc-456b-87fb-dc52c0aec9a7,2.0,,,,,,,,,,,,,,,,,,,,,,,,,,,,,,,,,,,"(-11.6, 0.8, 10.8)","(-11.6, 1.7, 11.1)","(-11.7, 0.8, 11.3)",
PLAYER_POSITIONS,8043,6/27/2026 11:53:47 AM,068492a8-9bbc-456b-87fb-dc52c0aec9a7,2.0,,,,,,,,,,,,,,,,,,,,,,,,,,,,,,,,,,,"(-11.6, 0.8, 10.7)","(-11.6, 1.7, 11.0)","(-11.7, 0.8, 11.2)",
PLAYER_POSITIONS,8043,6/27/2026 11:53:47 AM,068492a8-9bbc-456b-87fb-dc52c0aec9a7,2.0,,,,,,,,,,,,,,,,,,,,,,,,,,,,,,,,,,,"(-11.6, 0.8, 10.7)","(-11.6, 1.7, 11.0)","(-11.7, 0.8, 11.2)",
PLAYER_POSITIONS,8544,6/27/2026 11:53:47 AM,068492a8-9bbc-456b-87fb-dc52c0aec9a7,2.0,,,,,,,,,,,,,,,,,,,,,,,,,,,,,,,,,,,"(-11.7, 0.8, 10.7)","(-11.6, 1.7, 10.9)","(-11.7, 0.8, 11.1)",
PLAYER_POSITIONS,8544,6/27/2026 11:53:47 AM,068492a8-9bbc-456b-87fb-dc52c0aec9a7,2.0,,,,,,,,,,,,,,,,,,,,,,,,,,,,,,,,,,,"(-11.7, 0.8, 10.7)","(-11.6, 1.7, 10.9)","(-11.7, 0.8, 11.1)",
PLAYER_POSITIONS,9049,6/27/2026 11:53:48 AM,068492a8-9bbc-456b-87fb-dc52c0aec9a7,2.0,,,,,,,,,,,,,,,,,,,,,,,,,,,,,,,,,,,"(-11.7, 0.8, 10.7)","(-11.6, 1.7, 11.0)","(-11.7, 0.8, 11.2)",
PLAYER_POSITIONS,9049,6/27/2026 11:53:48 AM,068492a8-9bbc-456b-87fb-dc52c0aec9a7,2.0,,,,,,,,,,,,,,,,,,,,,,,,,,,,,,,,,,,"(-11.7, 0.8, 10.7)","(-11.6, 1.7, 11.0)","(-11.7, 0.8, 11.2)",
PLAYER_POSITIONS,9560,6/27/2026 11:53:48 AM,068492a8-9bbc-456b-87fb-dc52c0aec9a7,2.0,,,,,,,,,,,,,,,,,,,,,,,,,,,,,,,,,,,"(-11.7, 0.8, 10.8)","(-11.6, 1.7, 11.1)","(-11.7, 0.8, 11.3)",
PLAYER_POSITIONS,9560,6/27/2026 11:53:48 AM,068492a8-9bbc-456b-87fb-dc52c0aec9a7,2.0,,,,,,,,,,,,,,,,,,,,,,,,,,,,,,,,,,,"(-11.7, 0.8, 10.8)","(-11.6, 1.7, 11.1)","(-11.7, 0.8, 11.3)",
PLAYER_POSITIONS,10063,6/27/2026 11:53:49 AM,068492a8-9bbc-456b-87fb-dc52c0aec9a7,2.0,,,,,,,,,,,,,,,,,,,,,,,,,,,,,,,,,,,"(-11.7, 0.8, 10.9)","(-11.6, 1.7, 11.2)","(-11.7, 0.8, 11.3)",
PLAYER_POSITIONS,10063,6/27/2026 11:53:49 AM,068492a8-9bbc-456b-87fb-dc52c0aec9a7,2.0,,,,,,,,,,,,,,,,,,,,,,,,,,,,,,,,,,,"(-11.7, 0.8, 10.9)","(-11.6, 1.7, 11.2)","(-11.7, 0.8, 11.3)",
PLAYER_POSITIONS,10565,6/27/2026 11:53:49 AM,068492a8-9bbc-456b-87fb-dc52c0aec9a7,2.0,,,,,,,,,,,,,,,,,,,,,,,,,,,,,,,,,,,"(-11.6, 0.8, 10.9)","(-11.6, 1.7, 11.2)","(-11.7, 0.8, 11.4)",
PLAYER_POSITIONS,10565,6/27/2026 11:53:49 AM,068492a8-9bbc-456b-87fb-dc52c0aec9a7,2.0,,,,,,,,,,,,,,,,,,,,,,,,,,,,,,,,,,,"(-11.6, 0.8, 10.9)","(-11.6, 1.7, 11.2)","(-11.7, 0.8, 11.4)",
PLAYER_POSITIONS,11076,6/27/2026 11:53:50 AM,068492a8-9bbc-456b-87fb-dc52c0aec9a7,2.0,,,,,,,,,,,,,,,,,,,,,,,,,,,,,,,,,,,"(-11.6, 0.8, 10.9)","(-11.6, 1.7, 11.1)","(-11.7, 0.8, 11.3)",
PLAYER_POSITIONS,11076,6/27/2026 11:53:50 AM,068492a8-9bbc-456b-87fb-dc52c0aec9a7,2.0,,,,,,,,,,,,,,,,,,,,,,,,,,,,,,,,,,,"(-11.6, 0.8, 10.9)","(-11.6, 1.7, 11.1)","(-11.7, 0.8, 11.3)",
PLAYER_POSITIONS,11585,6/27/2026 11:53:50 AM,068492a8-9bbc-456b-87fb-dc52c0aec9a7,2.0,,,,,,,,,,,,,,,,,,,,,,,,,,,,,,,,,,,"(-11.6, 0.8, 10.8)","(-11.6, 1.7, 11.0)","(-11.7, 0.8, 11.2)",
PLAYER_POSITIONS,11585,6/27/2026 11:53:50 AM,068492a8-9bbc-456b-87fb-dc52c0aec9a7,2.0,,,,,,,,,,,,,,,,,,,,,,,,,,,,,,,,,,,"(-11.6, 0.8, 10.8)","(-11.6, 1.7, 11.0)","(-11.7, 0.8, 11.2)",
PLAYER_POSITIONS,12089,6/27/2026 11:53:51 AM,068492a8-9bbc-456b-87fb-dc52c0aec9a7,2.0,,,,,,,,,,,,,,,,,,,,,,,,,,,,,,,,,,,"(-11.7, 0.8, 10.7)","(-11.6, 1.7, 10.9)","(-11.7, 0.8, 11.1)",
PLAYER_POSITIONS,12089,6/27/2026 11:53:51 AM,068492a8-9bbc-456b-87fb-dc52c0aec9a7,2.0,,,,,,,,,,,,,,,,,,,,,,,,,,,,,,,,,,,"(-11.7, 0.8, 10.7)","(-11.6, 1.7, 10.9)","(-11.7, 0.8, 11.1)",
PLAYER_POSITIONS,12597,6/27/2026 11:53:51 AM,068492a8-9bbc-456b-87fb-dc52c0aec9a7,2.0,,,,,,,,,,,,,,,,,,,,,,,,,,,,,,,,,,,"(-11.7, 0.8, 10.7)","(-11.6, 1.7, 10.9)","(-11.7, 0.8, 11.1)",
PLAYER_POSITIONS,12597,6/27/2026 11:53:51 AM,068492a8-9bbc-456b-87fb-dc52c0aec9a7,2.0,,,,,,,,,,,,,,,,,,,,,,,,,,,,,,,,,,,"(-11.7, 0.8, 10.7)","(-11.6, 1.7, 10.9)","(-11.7, 0.8, 11.1)",
PLAYER_POSITIONS,13102,6/27/2026 11:53:52 AM,068492a8-9bbc-456b-87fb-dc52c0aec9a7,2.0,,,,,,,,,,,,,,,,,,,,,,,,,,,,,,,,,,,"(-11.6, 0.8, 10.8)","(-11.6, 1.7, 11.0)","(-11.7, 0.8, 11.2)",
PLAYER_POSITIONS,13102,6/27/2026 11:53:52 AM,068492a8-9bbc-456b-87fb-dc52c0aec9a7,2.0,,,,,,,,,,,,,,,,,,,,,,,,,,,,,,,,,,,"(-11.6, 0.8, 10.8)","(-11.6, 1.7, 11.0)","(-11.7, 0.8, 11.2)",
PLAYER_POSITIONS,13612,6/27/2026 11:53:52 AM,068492a8-9bbc-456b-87fb-dc52c0aec9a7,2.0,,,,,,,,,,,,,,,,,,,,,,,,,,,,,,,,,,,"(-11.6, 0.8, 10.9)","(-11.6, 1.7, 11.1)","(-11.7, 0.8, 11.3)",
PLAYER_POSITIONS,13612,6/27/2026 11:53:52 AM,068492a8-9bbc-456b-87fb-dc52c0aec9a7,2.0,,,,,,,,,,,,,,,,,,,,,,,,,,,,,,,,,,,"(-11.6, 0.8, 10.9)","(-11.6, 1.7, 11.1)","(-11.7, 0.8, 11.3)",
PLAYER_POSITIONS,14115,6/27/2026 11:53:53 AM,068492a8-9bbc-456b-87fb-dc52c0aec9a7,2.0,,,,,,,,,,,,,,,,,,,,,,,,,,,,,,,,,,,"(-11.7, 0.8, 10.9)","(-11.6, 1.7, 11.2)","(-11.7, 0.8, 11.4)",
PLAYER_POSITIONS,14115,6/27/2026 11:53:53 AM,068492a8-9bbc-456b-87fb-dc52c0aec9a7,2.0,,,,,,,,,,,,,,,,,,,,,,,,,,,,,,,,,,,"(-11.7, 0.8, 10.9)","(-11.6, 1.7, 11.2)","(-11.7, 0.8, 11.4)",
PLAYER_POSITIONS,14615,6/27/2026 11:53:53 AM,068492a8-9bbc-456b-87fb-dc52c0aec9a7,2.0,,,,,,,,,,,,,,,,,,,,,,,,,,,,,,,,,,,"(-11.7, 0.8, 10.9)","(-11.6, 1.6, 11.1)","(-11.7, 0.8, 11.3)",
PLAYER_POSITIONS,14615,6/27/2026 11:53:53 AM,068492a8-9bbc-456b-87fb-dc52c0aec9a7,2.0,,,,,,,,,,,,,,,,,,,,,,,,,,,,,,,,,,,"(-11.7, 0.8, 10.9)","(-11.6, 1.6, 11.1)","(-11.7, 0.8, 11.3)",
PLAYER_POSITIONS,15125,6/27/2026 11:53:54 AM,068492a8-9bbc-456b-87fb-dc52c0aec9a7,2.0,,,,,,,,,,,,,,,,,,,,,,,,,,,,,,,,,,,"(-11.6, 0.8, 10.8)","(-11.6, 1.6, 11.0)","(-11.7, 0.8, 11.2)",
PLAYER_POSITIONS,15125,6/27/2026 11:53:54 AM,068492a8-9bbc-456b-87fb-dc52c0aec9a7,2.0,,,,,,,,,,,,,,,,,,,,,,,,,,,,,,,,,,,"(-11.6, 0.8, 10.8)","(-11.6, 1.6, 11.0)","(-11.7, 0.8, 11.2)",
PLAYER_POSITIONS,15625,6/27/2026 11:53:55 AM,068492a8-9bbc-456b-87fb-dc52c0aec9a7,2.0,,,,,,,,,,,,,,,,,,,,,,,,,,,,,,,,,,,"(-11.6, 0.8, 10.7)","(-11.6, 1.6, 10.9)","(-11.7, 0.8, 11.2)",
PLAYER_POSITIONS,15625,6/27/2026 11:53:55 AM,068492a8-9bbc-456b-87fb-dc52c0aec9a7,2.0,,,,,,,,,,,,,,,,,,,,,,,,,,,,,,,,,,,"(-11.6, 0.8, 10.7)","(-11.6, 1.6, 10.9)","(-11.7, 0.8, 11.2)",
PLAYER_POSITIONS,16136,6/27/2026 11:53:55 AM,068492a8-9bbc-456b-87fb-dc52c0aec9a7,2.0,,,,,,,,,,,,,,,,,,,,,,,,,,,,,,,,,,,"(-11.7, 0.8, 10.7)","(-11.6, 1.7, 10.9)","(-11.6, 0.8, 11.2)",
PLAYER_POSITIONS,16136,6/27/2026 11:53:55 AM,068492a8-9bbc-456b-87fb-dc52c0aec9a7,2.0,,,,,,,,,,,,,,,,,,,,,,,,,,,,,,,,,,,"(-11.7, 0.8, 10.7)","(-11.6, 1.7, 10.9)","(-11.6, 0.8, 11.2)",
PLAYER_POSITIONS,16639,6/27/2026 11:53:56 AM,068492a8-9bbc-456b-87fb-dc52c0aec9a7,2.0,,,,,,,,,,,,,,,,,,,,,,,,,,,,,,,,,,,"(-11.7, 0.8, 10.7)","(-11.6, 1.7, 10.9)","(-11.7, 0.8, 11.2)",
PLAYER_POSITIONS,16639,6/27/2026 11:53:56 AM,068492a8-9bbc-456b-87fb-dc52c0aec9a7,2.0,,,,,,,,,,,,,,,,,,,,,,,,,,,,,,,,,,,"(-11.7, 0.8, 10.7)","(-11.6, 1.7, 10.9)","(-11.7, 0.8, 11.2)",
PLAYER_POSITIONS,17140,6/27/2026 11:53:56 AM,068492a8-9bbc-456b-87fb-dc52c0aec9a7,2.0,,,,,,,,,,,,,,,,,,,,,,,,,,,,,,,,,,,"(-11.7, 0.8, 10.8)","(-11.6, 1.7, 11.0)","(-11.7, 0.8, 11.3)",
PLAYER_POSITIONS,17140,6/27/2026 11:53:56 AM,068492a8-9bbc-456b-87fb-dc52c0aec9a7,2.0,,,,,,,,,,,,,,,,,,,,,,,,,,,,,,,,,,,"(-11.7, 0.8, 10.8)","(-11.6, 1.7, 11.0)","(-11.7, 0.8, 11.3)",
PLAYER_POSITIONS,17643,6/27/2026 11:53:57 AM,068492a8-9bbc-456b-87fb-dc52c0aec9a7,2.0,,,,,,,,,,,,,,,,,,,,,,,,,,,,,,,,,,,"(-11.7, 0.8, 10.9)","(-11.6, 1.7, 11.1)","(-11.7, 0.8, 11.3)",
PLAYER_POSITIONS,17643,6/27/2026 11:53:57 AM,068492a8-9bbc-456b-87fb-dc52c0aec9a7,2.0,,,,,,,,,,,,,,,,,,,,,,,,,,,,,,,,,,,"(-11.7, 0.8, 10.9)","(-11.6, 1.7, 11.1)","(-11.7, 0.8, 11.3)",
PLAYER_POSITIONS,18147,6/27/2026 11:53:57 AM,068492a8-9bbc-456b-87fb-dc52c0aec9a7,2.0,,,,,,,,,,,,,,,,,,,,,,,,,,,,,,,,,,,"(-11.6, 0.8, 10.9)","(-11.6, 1.7, 11.2)","(-11.7, 0.8, 11.4)",
PLAYER_POSITIONS,18147,6/27/2026 11:53:57 AM,068492a8-9bbc-456b-87fb-dc52c0aec9a7,2.0,,,,,,,,,,,,,,,,,,,,,,,,,,,,,,,,,,,"(-11.6, 0.8, 10.9)","(-11.6, 1.7, 11.2)","(-11.7, 0.8, 11.4)",
PLAYER_POSITIONS,18655,6/27/2026 11:53:58 AM,068492a8-9bbc-456b-87fb-dc52c0aec9a7,2.0,,,,,,,,,,,,,,,,,,,,,,,,,,,,,,,,,,,"(-11.6, 0.8, 10.9)","(-11.6, 1.7, 11.1)","(-11.7, 0.8, 11.3)",
PLAYER_POSITIONS,18655,6/27/2026 11:53:58 AM,068492a8-9bbc-456b-87fb-dc52c0aec9a7,2.0,,,,,,,,,,,,,,,,,,,,,,,,,,,,,,,,,,,"(-11.6, 0.8, 10.9)","(-11.6, 1.7, 11.1)","(-11.7, 0.8, 11.3)",
PLAYER_POSITIONS,19164,6/27/2026 11:53:58 AM,068492a8-9bbc-456b-87fb-dc52c0aec9a7,2.0,,,,,,,,,,,,,,,,,,,,,,,,,,,,,,,,,,,"(-11.6, 0.8, 10.8)","(-11.6, 1.7, 11.0)","(-11.7, 0.8, 11.2)",
PLAYER_POSITIONS,19164,6/27/2026 11:53:58 AM,068492a8-9bbc-456b-87fb-dc52c0aec9a7,2.0,,,,,,,,,,,,,,,,,,,,,,,,,,,,,,,,,,,"(-11.6, 0.8, 10.8)","(-11.6, 1.7, 11.0)","(-11.7, 0.8, 11.2)",
PLAYER_POSITIONS,19664,6/27/2026 11:53:59 AM,068492a8-9bbc-456b-87fb-dc52c0aec9a7,2.0,,,,,,,,,,,,,,,,,,,,,,,,,,,,,,,,,,,"(-11.7, 0.8, 10.7)","(-11.6, 1.7, 10.9)","(-11.8, 0.8, 11.2)",
PLAYER_POSITIONS,19664,6/27/2026 11:53:59 AM,068492a8-9bbc-456b-87fb-dc52c0aec9a7,2.0,,,,,,,,,,,,,,,,,,,,,,,,,,,,,,,,,,,"(-11.7, 0.8, 10.7)","(-11.6, 1.7, 10.9)","(-11.8, 0.8, 11.2)",
PLAYER_POSITIONS,20164,6/27/2026 11:53:59 AM,068492a8-9bbc-456b-87fb-dc52c0aec9a7,2.0,,,,,,,,,,,,,,,,,,,,,,,,,,,,,,,,,,,"(-11.6, 0.8, 10.7)","(-11.6, 1.7, 10.9)","(-11.7, 0.8, 11.1)",
PLAYER_POSITIONS,20164,6/27/2026 11:53:59 AM,068492a8-9bbc-456b-87fb-dc52c0aec9a7,2.0,,,,,,,,,,,,,,,,,,,,,,,,,,,,,,,,,,,"(-11.6, 0.8, 10.7)","(-11.6, 1.7, 10.9)","(-11.7, 0.8, 11.1)",
PLAYER_POSITIONS,20674,6/27/2026 11:54:00 AM,068492a8-9bbc-456b-87fb-dc52c0aec9a7,2.0,,,,,,,,,,,,,,,,,,,,,,,,,,,,,,,,,,,"(-11.7, 0.8, 10.8)","(-11.6, 1.7, 11.0)","(-11.7, 0.8, 11.2)",
PLAYER_POSITIONS,20674,6/27/2026 11:54:00 AM,068492a8-9bbc-456b-87fb-dc52c0aec9a7,2.0,,,,,,,,,,,,,,,,,,,,,,,,,,,,,,,,,,,"(-11.7, 0.8, 10.8)","(-11.6, 1.7, 11.0)","(-11.7, 0.8, 11.2)",
PLAYER_POSITIONS,21184,6/27/2026 11:54:00 AM,068492a8-9bbc-456b-87fb-dc52c0aec9a7,2.0,,,,,,,,,,,,,,,,,,,,,,,,,,,,,,,,,,,"(-11.6, 0.8, 10.8)","(-11.6, 1.6, 11.0)","(-11.7, 0.8, 11.3)",
PLAYER_POSITIONS,21184,6/27/2026 11:54:00 AM,068492a8-9bbc-456b-87fb-dc52c0aec9a7,2.0,,,,,,,,,,,,,,,,,,,,,,,,,,,,,,,,,,,"(-11.6, 0.8, 10.8)","(-11.6, 1.6, 11.0)","(-11.7, 0.8, 11.3)",
PLAYER_POSITIONS,21688,6/27/2026 11:54:01 AM,068492a8-9bbc-456b-87fb-dc52c0aec9a7,2.0,,,,,,,,,,,,,,,,,,,,,,,,,,,,,,,,,,,"(-11.6, 0.8, 10.9)","(-11.6, 1.6, 11.1)","(-11.8, 0.8, 11.4)",
PLAYER_POSITIONS,21688,6/27/2026 11:54:01 AM,068492a8-9bbc-456b-87fb-dc52c0aec9a7,2.0,,,,,,,,,,,,,,,,,,,,,,,,,,,,,,,,,,,"(-11.6, 0.8, 10.9)","(-11.6, 1.6, 11.1)","(-11.8, 0.8, 11.4)",
PLAYER_POSITIONS,22189,6/27/2026 11:54:01 AM,068492a8-9bbc-456b-87fb-dc52c0aec9a7,2.0,,,,,,,,,,,,,,,,,,,,,,,,,,,,,,,,,,,"(-11.5, 0.8, 10.8)","(-11.6, 1.7, 11.1)","(-11.8, 0.8, 11.3)",
PLAYER_POSITIONS,22189,6/27/2026 11:54:01 AM,068492a8-9bbc-456b-87fb-dc52c0aec9a7,2.0,,,,,,,,,,,,,,,,,,,,,,,,,,,,,,,,,,,"(-11.5, 0.8, 10.8)","(-11.6, 1.7, 11.1)","(-11.8, 0.8, 11.3)",
PLAYER_POSITIONS,22691,6/27/2026 11:54:02 AM,068492a8-9bbc-456b-87fb-dc52c0aec9a7,2.0,,,,,,,,,,,,,,,,,,,,,,,,,,,,,,,,,,,"(-11.6, 0.8, 10.8)","(-11.6, 1.7, 11.0)","(-11.8, 0.8, 11.2)",
PLAYER_POSITIONS,22691,6/27/2026 11:54:02 AM,068492a8-9bbc-456b-87fb-dc52c0aec9a7,2.0,,,,,,,,,,,,,,,,,,,,,,,,,,,,,,,,,,,"(-11.6, 0.8, 10.8)","(-11.6, 1.7, 11.0)","(-11.8, 0.8, 11.2)",
PLAYER_POSITIONS,23192,6/27/2026 11:54:02 AM,068492a8-9bbc-456b-87fb-dc52c0aec9a7,2.0,,,,,,,,,,,,,,,,,,,,,,,,,,,,,,,,,,,"(-11.6, 0.7, 10.7)","(-11.6, 1.7, 11.0)","(-11.7, 0.8, 11.3)",
PLAYER_POSITIONS,23192,6/27/2026 11:54:02 AM,068492a8-9bbc-456b-87fb-dc52c0aec9a7,2.0,,,,,,,,,,,,,,,,,,,,,,,,,,,,,,,,,,,"(-11.6, 0.7, 10.7)","(-11.6, 1.7, 11.0)","(-11.7, 0.8, 11.3)",
PLAYER_POSITIONS,23700,6/27/2026 11:54:03 AM,068492a8-9bbc-456b-87fb-dc52c0aec9a7,2.0,,,,,,,,,,,,,,,,,,,,,,,,,,,,,,,,,,,"(-11.7, 0.8, 10.8)","(-11.6, 1.7, 11.0)","(-11.5, 0.8, 11.3)",
PLAYER_POSITIONS,23700,6/27/2026 11:54:03 AM,068492a8-9bbc-456b-87fb-dc52c0aec9a7,2.0,,,,,,,,,,,,,,,,,,,,,,,,,,,,,,,,,,,"(-11.7, 0.8, 10.8)","(-11.6, 1.7, 11.0)","(-11.5, 0.8, 11.3)",
PLAYER_POSITIONS,24200,6/27/2026 11:54:03 AM,068492a8-9bbc-456b-87fb-dc52c0aec9a7,2.0,,,,,,,,,,,,,,,,,,,,,,,,,,,,,,,,,,,"(-11.7, 0.8, 10.9)","(-11.5, 1.7, 11.1)","(-11.6, 0.8, 11.4)",
PLAYER_POSITIONS,24200,6/27/2026 11:54:03 AM,068492a8-9bbc-456b-87fb-dc52c0aec9a7,2.0,,,,,,,,,,,,,,,,,,,,,,,,,,,,,,,,,,,"(-11.7, 0.8, 10.9)","(-11.5, 1.7, 11.1)","(-11.6, 0.8, 11.4)",
PLAYER_POSITIONS,24711,6/27/2026 11:54:04 AM,068492a8-9bbc-456b-87fb-dc52c0aec9a7,2.0,,,,,,,,,,,,,,,,,,,,,,,,,,,,,,,,,,,"(-11.5, 0.8, 10.9)","(-11.5, 1.7, 11.2)","(-11.6, 0.8, 11.4)",
PLAYER_POSITIONS,24711,6/27/2026 11:54:04 AM,068492a8-9bbc-456b-87fb-dc52c0aec9a7,2.0,,,,,,,,,,,,,,,,,,,,,,,,,,,,,,,,,,,"(-11.5, 0.8, 10.9)","(-11.5, 1.7, 11.2)","(-11.6, 0.8, 11.4)",
PLAYER_POSITIONS,25213,6/27/2026 11:54:04 AM,068492a8-9bbc-456b-87fb-dc52c0aec9a7,2.0,,,,,,,,,,,,,,,,,,,,,,,,,,,,,,,,,,,"(-11.4, 0.8, 10.9)","(-11.5, 1.7, 11.2)","(-11.6, 0.8, 11.4)",
PLAYER_POSITIONS,25213,6/27/2026 11:54:04 AM,068492a8-9bbc-456b-87fb-dc52c0aec9a7,2.0,,,,,,,,,,,,,,,,,,,,,,,,,,,,,,,,,,,"(-11.4, 0.8, 10.9)","(-11.5, 1.7, 11.2)","(-11.6, 0.8, 11.4)",
PLAYER_POSITIONS,25720,6/27/2026 11:54:05 AM,068492a8-9bbc-456b-87fb-dc52c0aec9a7,2.0,,,,,,,,,,,,,,,,,,,,,,,,,,,,,,,,,,,"(-11.5, 0.8, 10.8)","(-11.5, 1.6, 11.1)","(-11.7, 0.8, 11.4)",
PLAYER_POSITIONS,25720,6/27/2026 11:54:05 AM,068492a8-9bbc-456b-87fb-dc52c0aec9a7,2.0,,,,,,,,,,,,,,,,,,,,,,,,,,,,,,,,,,,"(-11.5, 0.8, 10.8)","(-11.5, 1.6, 11.1)","(-11.7, 0.8, 11.4)",
PLAYER_POSITIONS,26220,6/27/2026 11:54:05 AM,068492a8-9bbc-456b-87fb-dc52c0aec9a7,2.0,,,,,,,,,,,,,,,,,,,,,,,,,,,,,,,,,,,"(-11.6, 0.8, 10.8)","(-11.6, 1.5, 11.0)","(-11.6, 0.9, 11.3)",
PLAYER_POSITIONS,26220,6/27/2026 11:54:05 AM,068492a8-9bbc-456b-87fb-dc52c0aec9a7,2.0,,,,,,,,,,,,,,,,,,,,,,,,,,,,,,,,,,,"(-11.6, 0.8, 10.8)","(-11.6, 1.5, 11.0)","(-11.6, 0.9, 11.3)",
PLAYER_POSITIONS,26726,6/27/2026 11:54:06 AM,068492a8-9bbc-456b-87fb-dc52c0aec9a7,2.0,,,,,,,,,,,,,,,,,,,,,,,,,,,,,,,,,,,"(-11.7, 0.7, 10.8)","(-11.6, 1.5, 11.0)","(-11.3, 0.8, 11.3)",
PLAYER_POSITIONS,26726,6/27/2026 11:54:06 AM,068492a8-9bbc-456b-87fb-dc52c0aec9a7,2.0,,,,,,,,,,,,,,,,,,,,,,,,,,,,,,,,,,,"(-11.7, 0.7, 10.8)","(-11.6, 1.5, 11.0)","(-11.3, 0.8, 11.3)",
PLAYER_POSITIONS,27226,6/27/2026 11:54:06 AM,068492a8-9bbc-456b-87fb-dc52c0aec9a7,2.0,,,,,,,,,,,,,,,,,,,,,,,,,,,,,,,,,,,"(-11.7, 0.8, 10.9)","(-11.7, 1.5, 11.1)","(-11.4, 0.8, 11.3)",
PLAYER_POSITIONS,27226,6/27/2026 11:54:06 AM,068492a8-9bbc-456b-87fb-dc52c0aec9a7,2.0,,,,,,,,,,,,,,,,,,,,,,,,,,,,,,,,,,,"(-11.7, 0.8, 10.9)","(-11.7, 1.5, 11.1)","(-11.4, 0.8, 11.3)",
PLAYER_POSITIONS,27729,6/27/2026 11:54:07 AM,068492a8-9bbc-456b-87fb-dc52c0aec9a7,2.0,,,,,,,,,,,,,,,,,,,,,,,,,,,,,,,,,,,"(-11.6, 0.8, 10.9)","(-11.7, 1.6, 11.1)","(-11.8, 0.8, 11.4)",
PLAYER_POSITIONS,27729,6/27/2026 11:54:07 AM,068492a8-9bbc-456b-87fb-dc52c0aec9a7,2.0,,,,,,,,,,,,,,,,,,,,,,,,,,,,,,,,,,,"(-11.6, 0.8, 10.9)","(-11.7, 1.6, 11.1)","(-11.8, 0.8, 11.4)",
PLAYER_POSITIONS,28240,6/27/2026 11:54:07 AM,068492a8-9bbc-456b-87fb-dc52c0aec9a7,2.0,,,,,,,,,,,,,,,,,,,,,,,,,,,,,,,,,,,"(-11.6, 0.8, 10.9)","(-11.6, 1.7, 11.1)","(-11.8, 0.8, 11.3)",
PLAYER_POSITIONS,28240,6/27/2026 11:54:07 AM,068492a8-9bbc-456b-87fb-dc52c0aec9a7,2.0,,,,,,,,,,,,,,,,,,,,,,,,,,,,,,,,,,,"(-11.6, 0.8, 10.9)","(-11.6, 1.7, 11.1)","(-11.8, 0.8, 11.3)",
PLAYER_POSITIONS,28742,6/27/2026 11:54:08 AM,068492a8-9bbc-456b-87fb-dc52c0aec9a7,2.0,,,,,,,,,,,,,,,,,,,,,,,,,,,,,,,,,,,"(-11.6, 0.8, 10.8)","(-11.6, 1.7, 11.0)","(-11.7, 0.8, 11.3)",
PLAYER_POSITIONS,28742,6/27/2026 11:54:08 AM,068492a8-9bbc-456b-87fb-dc52c0aec9a7,2.0,,,,,,,,,,,,,,,,,,,,,,,,,,,,,,,,,,,"(-11.6, 0.8, 10.8)","(-11.6, 1.7, 11.0)","(-11.7, 0.8, 11.3)",
PLAYER_POSITIONS,29255,6/27/2026 11:54:08 AM,068492a8-9bbc-456b-87fb-dc52c0aec9a7,2.0,,,,,,,,,,,,,,,,,,,,,,,,,,,,,,,,,,,"(-11.6, 0.8, 10.8)","(-11.6, 1.7, 11.0)","(-11.7, 0.8, 11.2)",
PLAYER_POSITIONS,29255,6/27/2026 11:54:08 AM,068492a8-9bbc-456b-87fb-dc52c0aec9a7,2.0,,,,,,,,,,,,,,,,,,,,,,,,,,,,,,,,,,,"(-11.6, 0.8, 10.8)","(-11.6, 1.7, 11.0)","(-11.7, 0.8, 11.2)",
PLAYER_POSITIONS,29765,6/27/2026 11:54:09 AM,068492a8-9bbc-456b-87fb-dc52c0aec9a7,2.0,,,,,,,,,,,,,,,,,,,,,,,,,,,,,,,,,,,"(-11.6, 0.8, 10.8)","(-11.6, 1.7, 11.0)","(-11.6, 0.8, 11.3)",
PLAYER_POSITIONS,29765,6/27/2026 11:54:09 AM,068492a8-9bbc-456b-87fb-dc52c0aec9a7,2.0,,,,,,,,,,,,,,,,,,,,,,,,,,,,,,,,,,,"(-11.6, 0.8, 10.8)","(-11.6, 1.7, 11.0)","(-11.6, 0.8, 11.3)",
PLAYER_POSITIONS,30265,6/27/2026 11:54:09 AM,068492a8-9bbc-456b-87fb-dc52c0aec9a7,2.0,,,,,,,,,,,,,,,,,,,,,,,,,,,,,,,,,,,"(-11.7, 0.8, 10.8)","(-11.6, 1.7, 11.0)","(-11.6, 0.8, 11.3)",
PLAYER_POSITIONS,30265,6/27/2026 11:54:09 AM,068492a8-9bbc-456b-87fb-dc52c0aec9a7,2.0,,,,,,,,,,,,,,,,,,,,,,,,,,,,,,,,,,,"(-11.7, 0.8, 10.8)","(-11.6, 1.7, 11.0)","(-11.6, 0.8, 11.3)",
PLAYER_POSITIONS,30775,6/27/2026 11:54:10 AM,068492a8-9bbc-456b-87fb-dc52c0aec9a7,2.0,,,,,,,,,,,,,,,,,,,,,,,,,,,,,,,,,,,"(-11.7, 0.8, 10.8)","(-11.6, 1.7, 11.0)","(-11.6, 0.8, 11.3)",
PLAYER_POSITIONS,30775,6/27/2026 11:54:10 AM,068492a8-9bbc-456b-87fb-dc52c0aec9a7,2.0,,,,,,,,,,,,,,,,,,,,,,,,,,,,,,,,,,,"(-11.7, 0.8, 10.8)","(-11.6, 1.7, 11.0)","(-11.6, 0.8, 11.3)",
PLAYER_POSITIONS,31286,6/27/2026 11:54:10 AM,068492a8-9bbc-456b-87fb-dc52c0aec9a7,2.0,,,,,,,,,,,,,,,,,,,,,,,,,,,,,,,,,,,"(-11.6, 0.8, 10.9)","(-11.6, 1.7, 11.1)","(-11.6, 0.8, 11.4)",
PLAYER_POSITIONS,31286,6/27/2026 11:54:10 AM,068492a8-9bbc-456b-87fb-dc52c0aec9a7,2.0,,,,,,,,,,,,,,,,,,,,,,,,,,,,,,,,,,,"(-11.6, 0.8, 10.9)","(-11.6, 1.7, 11.1)","(-11.6, 0.8, 11.4)",
PLAYER_POSITIONS,31796,6/27/2026 11:54:11 AM,068492a8-9bbc-456b-87fb-dc52c0aec9a7,2.0,,,,,,,,,,,,,,,,,,,,,,,,,,,,,,,,,,,"(-11.6, 0.8, 10.9)","(-11.6, 1.7, 11.1)","(-11.7, 0.8, 11.4)",
PLAYER_POSITIONS,31796,6/27/2026 11:54:11 AM,068492a8-9bbc-456b-87fb-dc52c0aec9a7,2.0,,,,,,,,,,,,,,,,,,,,,,,,,,,,,,,,,,,"(-11.6, 0.8, 10.9)","(-11.6, 1.7, 11.1)","(-11.7, 0.8, 11.4)",
PLAYER_POSITIONS,32305,6/27/2026 11:54:11 AM,068492a8-9bbc-456b-87fb-dc52c0aec9a7,2.0,,,,,,,,,,,,,,,,,,,,,,,,,,,,,,,,,,,"(-11.5, 0.8, 10.9)","(-11.6, 1.7, 11.1)","(-11.8, 0.8, 11.3)",
PLAYER_POSITIONS,32305,6/27/2026 11:54:11 AM,068492a8-9bbc-456b-87fb-dc52c0aec9a7,2.0,,,,,,,,,,,,,,,,,,,,,,,,,,,,,,,,,,,"(-11.5, 0.8, 10.9)","(-11.6, 1.7, 11.1)","(-11.8, 0.8, 11.3)",
PLAYER_POSITIONS,32807,6/27/2026 11:54:12 AM,068492a8-9bbc-456b-87fb-dc52c0aec9a7,2.0,,,,,,,,,,,,,,,,,,,,,,,,,,,,,,,,,,,"(-11.4, 0.8, 10.8)","(-11.6, 1.7, 11.0)","(-11.8, 0.8, 11.2)",
PLAYER_POSITIONS,32807,6/27/2026 11:54:12 AM,068492a8-9bbc-456b-87fb-dc52c0aec9a7,2.0,,,,,,,,,,,,,,,,,,,,,,,,,,,,,,,,,,,"(-11.4, 0.8, 10.8)","(-11.6, 1.7, 11.0)","(-11.8, 0.8, 11.2)",
PLAYER_POSITIONS,33318,6/27/2026 11:54:12 AM,068492a8-9bbc-456b-87fb-dc52c0aec9a7,2.0,,,,,,,,,,,,,,,,,,,,,,,,,,,,,,,,,,,"(-11.5, 0.8, 10.8)","(-11.6, 1.7, 11.0)","(-11.8, 0.8, 11.2)",
PLAYER_POSITIONS,33318,6/27/2026 11:54:12 AM,068492a8-9bbc-456b-87fb-dc52c0aec9a7,2.0,,,,,,,,,,,,,,,,,,,,,,,,,,,,,,,,,,,"(-11.5, 0.8, 10.8)","(-11.6, 1.7, 11.0)","(-11.8, 0.8, 11.2)",
PLAYER_POSITIONS,33818,6/27/2026 11:54:13 AM,068492a8-9bbc-456b-87fb-dc52c0aec9a7,2.0,,,,,,,,,,,,,,,,,,,,,,,,,,,,,,,,,,,"(-11.7, 0.8, 10.8)","(-11.6, 1.7, 11.0)","(-11.6, 0.8, 11.3)",
PLAYER_POSITIONS,33818,6/27/2026 11:54:13 AM,068492a8-9bbc-456b-87fb-dc52c0aec9a7,2.0,,,,,,,,,,,,,,,,,,,,,,,,,,,,,,,,,,,"(-11.7, 0.8, 10.8)","(-11.6, 1.7, 11.0)","(-11.6, 0.8, 11.3)",
PLAYER_POSITIONS,34320,6/27/2026 11:54:13 AM,068492a8-9bbc-456b-87fb-dc52c0aec9a7,2.0,,,,,,,,,,,,,,,,,,,,,,,,,,,,,,,,,,,"(-11.7, 0.8, 10.9)","(-11.6, 1.7, 11.0)","(-11.4, 0.8, 11.3)",
PLAYER_POSITIONS,34320,6/27/2026 11:54:13 AM,068492a8-9bbc-456b-87fb-dc52c0aec9a7,2.0,,,,,,,,,,,,,,,,,,,,,,,,,,,,,,,,,,,"(-11.7, 0.8, 10.9)","(-11.6, 1.7, 11.0)","(-11.4, 0.8, 11.3)",
PLAYER_POSITIONS,34827,6/27/2026 11:54:14 AM,068492a8-9bbc-456b-87fb-dc52c0aec9a7,2.0,,,,,,,,,,,,,,,,,,,,,,,,,,,,,,,,,,,"(-11.7, 0.8, 10.8)","(-11.6, 1.7, 11.0)","(-11.7, 0.8, 11.3)",
PLAYER_POSITIONS,34827,6/27/2026 11:54:14 AM,068492a8-9bbc-456b-87fb-dc52c0aec9a7,2.0,,,,,,,,,,,,,,,,,,,,,,,,,,,,,,,,,,,"(-11.7, 0.8, 10.8)","(-11.6, 1.7, 11.0)","(-11.7, 0.8, 11.3)",
PLAYER_POSITIONS,35328,6/27/2026 11:54:14 AM,068492a8-9bbc-456b-87fb-dc52c0aec9a7,2.0,,,,,,,,,,,,,,,,,,,,,,,,,,,,,,,,,,,"(-11.6, 0.8, 10.8)","(-11.6, 1.7, 11.1)","(-11.8, 0.8, 11.4)",
PLAYER_POSITIONS,35328,6/27/2026 11:54:14 AM,068492a8-9bbc-456b-87fb-dc52c0aec9a7,2.0,,,,,,,,,,,,,,,,,,,,,,,,,,,,,,,,,,,"(-11.6, 0.8, 10.8)","(-11.6, 1.7, 11.1)","(-11.8, 0.8, 11.4)",
PLAYER_POSITIONS,35838,6/27/2026 11:54:15 AM,068492a8-9bbc-456b-87fb-dc52c0aec9a7,2.0,,,,,,,,,,,,,,,,,,,,,,,,,,,,,,,,,,,"(-11.6, 0.8, 10.8)","(-11.6, 1.7, 11.1)","(-11.8, 0.8, 11.4)",
PLAYER_POSITIONS,35838,6/27/2026 11:54:15 AM,068492a8-9bbc-456b-87fb-dc52c0aec9a7,2.0,,,,,,,,,,,,,,,,,,,,,,,,,,,,,,,,,,,"(-11.6, 0.8, 10.8)","(-11.6, 1.7, 11.1)","(-11.8, 0.8, 11.4)",
PLAYER_POSITIONS,36342,6/27/2026 11:54:15 AM,068492a8-9bbc-456b-87fb-dc52c0aec9a7,2.0,,,,,,,,,,,,,,,,,,,,,,,,,,,,,,,,,,,"(-11.6, 0.8, 10.9)","(-11.6, 1.7, 11.1)","(-11.8, 0.8, 11.4)",
PLAYER_POSITIONS,36342,6/27/2026 11:54:15 AM,068492a8-9bbc-456b-87fb-dc52c0aec9a7,2.0,,,,,,,,,,,,,,,,,,,,,,,,,,,,,,,,,,,"(-11.6, 0.8, 10.9)","(-11.6, 1.7, 11.1)","(-11.8, 0.8, 11.4)",
PLAYER_POSITIONS,36860,6/27/2026 11:54:16 AM,068492a8-9bbc-456b-87fb-dc52c0aec9a7,2.0,,,,,,,,,,,,,,,,,,,,,,,,,,,,,,,,,,,"(-11.6, 0.8, 10.8)","(-11.6, 1.7, 11.1)","(-11.8, 0.8, 11.3)",
PLAYER_POSITIONS,36860,6/27/2026 11:54:16 AM,068492a8-9bbc-456b-87fb-dc52c0aec9a7,2.0,,,,,,,,,,,,,,,,,,,,,,,,,,,,,,,,,,,"(-11.6, 0.8, 10.8)","(-11.6, 1.7, 11.1)","(-11.8, 0.8, 11.3)",
PLAYER_POSITIONS,37362,6/27/2026 11:54:16 AM,068492a8-9bbc-456b-87fb-dc52c0aec9a7,2.0,,,,,,,,,,,,,,,,,,,,,,,,,,,,,,,,,,,"(-11.6, 0.8, 10.7)","(-11.6, 1.7, 11.0)","(-11.7, 0.8, 11.3)",
PLAYER_POSITIONS,37362,6/27/2026 11:54:16 AM,068492a8-9bbc-456b-87fb-dc52c0aec9a7,2.0,,,,,,,,,,,,,,,,,,,,,,,,,,,,,,,,,,,"(-11.6, 0.8, 10.7)","(-11.6, 1.7, 11.0)","(-11.7, 0.8, 11.3)",
AUDIO_END,37630,6/27/2026 11:54:17 AM,068492a8-9bbc-456b-87fb-dc52c0aec9a7,2.0,mission briefing,37.66857,
NARRATIVE_SECTION_END,37630,6/27/2026 11:54:17 AM,068492a8-9bbc-456b-87fb-dc52c0aec9a7,2.0,,,,,,,,,,,,,,,,,,TCCC Trainer Intro,0,
NARRATIVE_SECTION_START,37644,6/27/2026 11:54:17 AM,068492a8-9bbc-456b-87fb-dc52c0aec9a7,2.0,,,,,,,,,,,,,,,,,,Mission Briefing Room Fade,1,
PLAYER_POSITIONS,37873,6/27/2026 11:54:17 AM,068492a8-9bbc-456b-87fb-dc52c0aec9a7,2.0,,,,,,,,,,,,,,,,,,,,,,,,,,,,,,,,,,,"(-11.6, 0.8, 10.7)","(-11.6, 1.7, 10.9)","(-11.7, 0.8, 11.2)",
PLAYER_POSITIONS,37873,6/27/2026 11:54:17 AM,068492a8-9bbc-456b-87fb-dc52c0aec9a7,2.0,,,,,,,,,,,,,,,,,,,,,,,,,,,,,,,,,,,"(-11.6, 0.8, 10.7)","(-11.6, 1.7, 10.9)","(-11.7, 0.8, 11.2)",
PLAYER_POSITIONS,38382,6/27/2026 11:54:17 AM,068492a8-9bbc-456b-87fb-dc52c0aec9a7,2.0,,,,,,,,,,,,,,,,,,,,,,,,,,,,,,,,,,,"(-11.7, 0.8, 10.7)","(-11.6, 1.7, 10.9)","(-11.6, 0.8, 11.3)",
PLAYER_POSITIONS,38382,6/27/2026 11:54:17 AM,068492a8-9bbc-456b-87fb-dc52c0aec9a7,2.0,,,,,,,,,,,,,,,,,,,,,,,,,,,,,,,,,,,"(-11.7, 0.8, 10.7)","(-11.6, 1.7, 10.9)","(-11.6, 0.8, 11.3)",
PLAYER_POSITIONS,38892,6/27/2026 11:54:18 AM,068492a8-9bbc-456b-87fb-dc52c0aec9a7,2.0,,,,,,,,,,,,,,,,,,,,,,,,,,,,,,,,,,,"(-11.7, 0.8, 10.7)","(-11.6, 1.7, 11.0)","(-11.7, 0.8, 11.3)",
PLAYER_POSITIONS,38892,6/27/2026 11:54:18 AM,068492a8-9bbc-456b-87fb-dc52c0aec9a7,2.0,,,,,,,,,,,,,,,,,,,,,,,,,,,,,,,,,,,"(-11.7, 0.8, 10.7)","(-11.6, 1.7, 11.0)","(-11.7, 0.8, 11.3)",
PLAYER_POSITIONS,39403,6/27/2026 11:54:18 AM,068492a8-9bbc-456b-87fb-dc52c0aec9a7,2.0,,,,,,,,,,,,,,,,,,,,,,,,,,,,,,,,,,,"(-11.7, 0.8, 10.9)","(-11.6, 1.7, 11.1)","(-11.7, 0.8, 11.4)",
PLAYER_POSITIONS,39403,6/27/2026 11:54:18 AM,068492a8-9bbc-456b-87fb-dc52c0aec9a7,2.0,,,,,,,,,,,,,,,,,,,,,,,,,,,,,,,,,,,"(-11.7, 0.8, 10.9)","(-11.6, 1.7, 11.1)","(-11.7, 0.8, 11.4)",
NARRATIVE_SECTION_END,39666,6/27/2026 11:54:19 AM,068492a8-9bbc-456b-87fb-dc52c0aec9a7,2.0,,,,,,,,,,,,,,,,,,Mission Briefing Room Fade,1,
NARRATIVE_SECTION_START,39688,6/27/2026 11:54:19 AM,068492a8-9bbc-456b-87fb-dc52c0aec9a7,2.0,,,,,,,,,,,,,,,,,,Spawn In and alpha squad is hit,2,
AUDIO_START,39696,6/27/2026 11:54:19 AM,068492a8-9bbc-456b-87fb-dc52c0aec9a7,2.0,alpha squad is hit,4.675919,
PLAYER_POSITIONS,39939,6/27/2026 11:54:19 AM,068492a8-9bbc-456b-87fb-dc52c0aec9a7,2.0,,,,,,,,,,,,,,,,,,,,,,,,,,,,,,,,,,,"(-11.6, 0.8, 10.9)","(-11.6, 1.7, 11.2)","(-11.7, 0.8, 11.5)",
PLAYER_POSITIONS,39939,6/27/2026 11:54:19 AM,068492a8-9bbc-456b-87fb-dc52c0aec9a7,2.0,,,,,,,,,,,,,,,,,,,,,,,,,,,,,,,,,,,"(-11.6, 0.8, 10.9)","(-11.6, 1.7, 11.2)","(-11.7, 0.8, 11.5)",
PLAYER_POSITIONS,40463,6/27/2026 11:54:19 AM,068492a8-9bbc-456b-87fb-dc52c0aec9a7,2.0,,,,,,,,,,,,,,,,,,,,,,,,,,,,,,,,,,,"(-11.6, 0.8, 10.9)","(-11.5, 1.7, 11.1)","(-11.8, 0.8, 11.4)",
PLAYER_POSITIONS,40463,6/27/2026 11:54:19 AM,068492a8-9bbc-456b-87fb-dc52c0aec9a7,2.0,,,,,,,,,,,,,,,,,,,,,,,,,,,,,,,,,,,"(-11.6, 0.8, 10.9)","(-11.5, 1.7, 11.1)","(-11.8, 0.8, 11.4)",
PLAYER_POSITIONS,40976,6/27/2026 11:54:20 AM,068492a8-9bbc-456b-87fb-dc52c0aec9a7,2.0,,,,,,,,,,,,,,,,,,,,,,,,,,,,,,,,,,,"(-11.4, 0.9, 10.7)","(-11.4, 1.7, 10.9)","(-11.8, 0.8, 11.0)",
PLAYER_GAZE,40976,6/27/2026 11:54:20 AM,068492a8-9bbc-456b-87fb-dc52c0aec9a7,2.0,,,,,,,,,,,,,,,,,,,,,,,,Military PT 6,,,,,,,,,"(-2.3, 1.7, 6.3)",,,"(-9.1, 0.0, 4.6)",
PLAYER_POSITIONS,40976,6/27/2026 11:54:20 AM,068492a8-9bbc-456b-87fb-dc52c0aec9a7,2.0,,,,,,,,,,,,,,,,,,,,,,,,,,,,,,,,,,,"(-11.4, 0.9, 10.7)","(-11.4, 1.7, 10.9)","(-11.8, 0.8, 11.0)",
PLAYER_GAZE,40976,6/27/2026 11:54:20 AM,068492a8-9bbc-456b-87fb-dc52c0aec9a7,2.0,,,,,,,,,,,,,,,,,,,,,,,,Military PT 6,,,,,,,,,"(-2.3, 1.7, 6.3)",,,"(-9.1, 0.0, 4.6)",
PLAYER_POSITIONS,41484,6/27/2026 11:54:20 AM,068492a8-9bbc-456b-87fb-dc52c0aec9a7,2.0,,,,,,,,,,,,,,,,,,,,,,,,,,,,,,,,,,,"(-11.2, 0.9, 10.8)","(-11.5, 1.7, 10.9)","(-11.6, 0.9, 10.6)",
PLAYER_POSITIONS,41484,6/27/2026 11:54:20 AM,068492a8-9bbc-456b-87fb-dc52c0aec9a7,2.0,,,,,,,,,,,,,,,,,,,,,,,,,,,,,,,,,,,"(-11.2, 0.9, 10.8)","(-11.5, 1.7, 10.9)","(-11.6, 0.9, 10.6)",
PLAYER_POSITIONS,41995,6/27/2026 11:54:21 AM,068492a8-9bbc-456b-87fb-dc52c0aec9a7,2.0,,,,,,,,,,,,,,,,,,,,,,,,,,,,,,,,,,,"(-11.3, 0.9, 11.0)","(-11.6, 1.7, 11.0)","(-11.4, 0.8, 10.8)",
PLAYER_POSITIONS,41995,6/27/2026 11:54:21 AM,068492a8-9bbc-456b-87fb-dc52c0aec9a7,2.0,,,,,,,,,,,,,,,,,,,,,,,,,,,,,,,,,,,"(-11.3, 0.9, 11.0)","(-11.6, 1.7, 11.0)","(-11.4, 0.8, 10.8)",
PLAYER_POSITIONS,42503,6/27/2026 11:54:21 AM,068492a8-9bbc-456b-87fb-dc52c0aec9a7,2.0,,,,,,,,,,,,,,,,,,,,,,,,,,,,,,,,,,,"(-11.5, 0.8, 11.2)","(-11.6, 1.7, 11.0)","(-11.3, 0.8, 10.9)",
PLAYER_POSITIONS,42503,6/27/2026 11:54:21 AM,068492a8-9bbc-456b-87fb-dc52c0aec9a7,2.0,,,,,,,,,,,,,,,,,,,,,,,,,,,,,,,,,,,"(-11.5, 0.8, 11.2)","(-11.6, 1.7, 11.0)","(-11.3, 0.8, 10.9)",
PLAYER_POSITIONS,43006,6/27/2026 11:54:22 AM,068492a8-9bbc-456b-87fb-dc52c0aec9a7,2.0,,,,,,,,,,,,,,,,,,,,,,,,,,,,,,,,,,,"(-11.3, 0.9, 11.2)","(-11.5, 1.6, 11.1)","(-11.3, 0.8, 10.8)",
PLAYER_POSITIONS,43006,6/27/2026 11:54:22 AM,068492a8-9bbc-456b-87fb-dc52c0aec9a7,2.0,,,,,,,,,,,,,,,,,,,,,,,,,,,,,,,,,,,"(-11.3, 0.9, 11.2)","(-11.5, 1.6, 11.1)","(-11.3, 0.8, 10.8)",
PLAYER_POSITIONS,43514,6/27/2026 11:54:22 AM,068492a8-9bbc-456b-87fb-dc52c0aec9a7,2.0,,,,,,,,,,,,,,,,,,,,,,,,,,,,,,,,,,,"(-11.3, 0.8, 11.1)","(-11.5, 1.7, 10.9)","(-11.7, 0.8, 10.7)",
PLAYER_GAZE,43514,6/27/2026 11:54:22 AM,068492a8-9bbc-456b-87fb-dc52c0aec9a7,2.0,,,,,,,,,,,,,,,,,,,,,,,,Lifting NPC,,,,,,,,,"(-3.0, 1.7, 7.1)",,,"(-8.5, 0.0, 3.8)",
PLAYER_POSITIONS,43514,6/27/2026 11:54:22 AM,068492a8-9bbc-456b-87fb-dc52c0aec9a7,2.0,,,,,,,,,,,,,,,,,,,,,,,,,,,,,,,,,,,"(-11.3, 0.8, 11.1)","(-11.5, 1.7, 10.9)","(-11.7, 0.8, 10.7)",
PLAYER_GAZE,43514,6/27/2026 11:54:22 AM,068492a8-9bbc-456b-87fb-dc52c0aec9a7,2.0,,,,,,,,,,,,,,,,,,,,,,,,Lifting NPC,,,,,,,,,"(-3.0, 1.7, 7.1)",,,"(-8.5, 0.0, 3.8)",
PLAYER_POSITIONS,44039,6/27/2026 11:54:23 AM,068492a8-9bbc-456b-87fb-dc52c0aec9a7,2.0,,,,,,,,,,,,,,,,,,,,,,,,,,,,,,,,,,,"(-11.0, 0.8, 10.1)","(-11.2, 1.7, 10.2)","(-11.6, 0.8, 10.1)",
PLAYER_POSITIONS,44039,6/27/2026 11:54:23 AM,068492a8-9bbc-456b-87fb-dc52c0aec9a7,2.0,,,,,,,,,,,,,,,,,,,,,,,,,,,,,,,,,,,"(-11.0, 0.8, 10.1)","(-11.2, 1.7, 10.2)","(-11.6, 0.8, 10.1)",
AUDIO_END,44369,6/27/2026 11:54:23 AM,068492a8-9bbc-456b-87fb-dc52c0aec9a7,2.0,alpha squad is hit,4.675919,
NARRATIVE_SECTION_END,44369,6/27/2026 11:54:23 AM,068492a8-9bbc-456b-87fb-dc52c0aec9a7,2.0,,,,,,,,,,,,,,,,,,Spawn In and alpha squad is hit,2,
NARRATIVE_SECTION_START,44411,6/27/2026 11:54:23 AM,068492a8-9bbc-456b-87fb-dc52c0aec9a7,2.0,,,,,,,,,,,,,,,,,,Start Evac Timer,3,
PLAYER_POSITIONS,44544,6/27/2026 11:54:23 AM,068492a8-9bbc-456b-87fb-dc52c0aec9a7,2.0,,,,,,,,,,,,,,,,,,,,,,,,,,,,,,,,,,,"(-11.1, 0.8, 9.4)","(-11.2, 1.7, 9.5)","(-11.5, 0.8, 9.4)",
PLAYER_POSITIONS,44544,6/27/2026 11:54:23 AM,068492a8-9bbc-456b-87fb-dc52c0aec9a7,2.0,,,,,,,,,,,,,,,,,,,,,,,,,,,,,,,,,,,"(-11.1, 0.8, 9.4)","(-11.2, 1.7, 9.5)","(-11.5, 0.8, 9.4)",
PLAYER_POSITIONS,45057,6/27/2026 11:54:24 AM,068492a8-9bbc-456b-87fb-dc52c0aec9a7,2.0,,,,,,,,,,,,,,,,,,,,,,,,,,,,,,,,,,,"(-11.1, 0.8, 9.1)","(-11.3, 1.7, 9.2)","(-11.6, 0.8, 9.1)",
PLAYER_POSITIONS,45057,6/27/2026 11:54:24 AM,068492a8-9bbc-456b-87fb-dc52c0aec9a7,2.0,,,,,,,,,,,,,,,,,,,,,,,,,,,,,,,,,,,"(-11.1, 0.8, 9.1)","(-11.3, 1.7, 9.2)","(-11.6, 0.8, 9.1)",
NARRATIVE_SECTION_END,45453,6/27/2026 11:54:24 AM,068492a8-9bbc-456b-87fb-dc52c0aec9a7,2.0,,,,,,,,,,,,,,,,,,Start Evac Timer,3,
NARRATIVE_SECTION_START,45494,6/27/2026 11:54:24 AM,068492a8-9bbc-456b-87fb-dc52c0aec9a7,2.0,,,,,,,,,,,,,,,,,,Echo 5 taking fire,4,
EVAC_RADIO_ALERT,45499,6/27/2026 11:54:24 AM,068492a8-9bbc-456b-87fb-dc52c0aec9a7,2.0,,,,,,,,1,
AUDIO_START,45506,6/27/2026 11:54:24 AM,068492a8-9bbc-456b-87fb-dc52c0aec9a7,2.0,evac in 10 minutes,4.127347,
PLAYER_POSITIONS,45562,6/27/2026 11:54:24 AM,068492a8-9bbc-456b-87fb-dc52c0aec9a7,2.0,,,,,,,,,,,,,,,,,,,,,,,,,,,,,,,,,,,"(-11.3, 0.8, 8.3)","(-11.5, 1.7, 8.4)","(-11.8, 0.8, 8.3)",
PLAYER_GAZE,45562,6/27/2026 11:54:24 AM,068492a8-9bbc-456b-87fb-dc52c0aec9a7,2.0,,,,,,,,,,,,,,,,,,,,,,,,Military PT 2,,,,,,,,,"(0.6, 1.7, 7.3)",,,"(-12.0, 0.0, 1.1)",
PLAYER_POSITIONS,45562,6/27/2026 11:54:24 AM,068492a8-9bbc-456b-87fb-dc52c0aec9a7,2.0,,,,,,,,,,,,,,,,,,,,,,,,,,,,,,,,,,,"(-11.3, 0.8, 8.3)","(-11.5, 1.7, 8.4)","(-11.8, 0.8, 8.3)",
PLAYER_GAZE,45562,6/27/2026 11:54:24 AM,068492a8-9bbc-456b-87fb-dc52c0aec9a7,2.0,,,,,,,,,,,,,,,,,,,,,,,,Military PT 2,,,,,,,,,"(0.6, 1.7, 7.3)",,,"(-12.0, 0.0, 1.1)",
PLAYER_POSITIONS,46082,6/27/2026 11:54:25 AM,068492a8-9bbc-456b-87fb-dc52c0aec9a7,2.0,,,,,,,,,,,,,,,,,,,,,,,,,,,,,,,,,,,"(-11.5, 0.8, 7.8)","(-11.6, 1.7, 7.8)","(-11.9, 0.8, 7.8)",
PLAYER_GAZE,46082,6/27/2026 11:54:25 AM,068492a8-9bbc-456b-87fb-dc52c0aec9a7,2.0,,,,,,,,,,,,,,,,,,,,,,,,Military PT 9,,,,,,,,,"(1.1, 1.7, 9.7)",,,"(-12.7, 0.0, -1.8)",
PLAYER_POSITIONS,46082,6/27/2026 11:54:25 AM,068492a8-9bbc-456b-87fb-dc52c0aec9a7,2.0,,,,,,,,,,,,,,,,,,,,,,,,,,,,,,,,,,,"(-11.5, 0.8, 7.8)","(-11.6, 1.7, 7.8)","(-11.9, 0.8, 7.8)",
PLAYER_GAZE,46082,6/27/2026 11:54:25 AM,068492a8-9bbc-456b-87fb-dc52c0aec9a7,2.0,,,,,,,,,,,,,,,,,,,,,,,,Military PT 9,,,,,,,,,"(1.1, 1.7, 9.7)",,,"(-12.7, 0.0, -1.8)",
PLAYER_POSITIONS,46608,6/27/2026 11:54:25 AM,068492a8-9bbc-456b-87fb-dc52c0aec9a7,2.0,,,,,,,,,,,,,,,,,,,,,,,,,,,,,,,,,,,"(-11.4, 0.8, 7.6)","(-11.6, 1.7, 7.7)","(-11.9, 0.8, 7.6)",
PLAYER_POSITIONS,46608,6/27/2026 11:54:25 AM,068492a8-9bbc-456b-87fb-dc52c0aec9a7,2.0,,,,,,,,,,,,,,,,,,,,,,,,,,,,,,,,,,,"(-11.4, 0.8, 7.6)","(-11.6, 1.7, 7.7)","(-11.9, 0.8, 7.6)",
PLAYER_POSITIONS,47104,6/27/2026 11:54:26 AM,068492a8-9bbc-456b-87fb-dc52c0aec9a7,2.0,,,,,,,,,,,,,,,,,,,,,,,,,,,,,,,,,,,"(-11.4, 0.8, 7.7)","(-11.6, 1.7, 7.8)","(-11.8, 0.8, 7.8)",
PLAYER_GAZE,47104,6/27/2026 11:54:26 AM,068492a8-9bbc-456b-87fb-dc52c0aec9a7,2.0,,,,,,,,,,,,,,,,,,,,,,,,Civilian PT 14,,,,,,,,,"(2.5, 1.7, 4.2)",,,"(-14.1, 0.0, 3.6)",
PLAYER_POSITIONS,47104,6/27/2026 11:54:26 AM,068492a8-9bbc-456b-87fb-dc52c0aec9a7,2.0,,,,,,,,,,,,,,,,,,,,,,,,,,,,,,,,,,,"(-11.4, 0.8, 7.7)","(-11.6, 1.7, 7.8)","(-11.8, 0.8, 7.8)",
PLAYER_GAZE,47104,6/27/2026 11:54:26 AM,068492a8-9bbc-456b-87fb-dc52c0aec9a7,2.0,,,,,,,,,,,,,,,,,,,,,,,,Civilian PT 14,,,,,,,,,"(2.5, 1.7, 4.2)",,,"(-14.1, 0.0, 3.6)",
PLAYER_POSITIONS,47611,6/27/2026 11:54:26 AM,068492a8-9bbc-456b-87fb-dc52c0aec9a7,2.0,,,,,,,,,,,,,,,,,,,,,,,,,,,,,,,,,,,"(-11.4, 0.9, 7.6)","(-11.5, 1.7, 7.7)","(-11.8, 0.8, 7.7)",
PLAYER_POSITIONS,47611,6/27/2026 11:54:26 AM,068492a8-9bbc-456b-87fb-dc52c0aec9a7,2.0,,,,,,,,,,,,,,,,,,,,,,,,,,,,,,,,,,,"(-11.4, 0.9, 7.6)","(-11.5, 1.7, 7.7)","(-11.8, 0.8, 7.7)",
PLAYER_POSITIONS,48113,6/27/2026 11:54:27 AM,068492a8-9bbc-456b-87fb-dc52c0aec9a7,2.0,,,,,,,,,,,,,,,,,,,,,,,,,,,,,,,,,,,"(-11.2, 0.9, 7.4)","(-11.3, 1.7, 7.5)","(-11.7, 0.8, 7.5)",
PLAYER_GAZE,48113,6/27/2026 11:54:27 AM,068492a8-9bbc-456b-87fb-dc52c0aec9a7,2.0,,,,,,,,,,,,,,,,,,,,,,,,Military PT 6,,,,,,,,,"(-2.2, 1.7, 2.9)",,,"(-9.1, 0.0, 4.6)",
PLAYER_POSITIONS,48113,6/27/2026 11:54:27 AM,068492a8-9bbc-456b-87fb-dc52c0aec9a7,2.0,,,,,,,,,,,,,,,,,,,,,,,,,,,,,,,,,,,"(-11.2, 0.9, 7.4)","(-11.3, 1.7, 7.5)","(-11.7, 0.8, 7.5)",
PLAYER_GAZE,48113,6/27/2026 11:54:27 AM,068492a8-9bbc-456b-87fb-dc52c0aec9a7,2.0,,,,,,,,,,,,,,,,,,,,,,,,Military PT 6,,,,,,,,,"(-2.2, 1.7, 2.9)",,,"(-9.1, 0.0, 4.6)",
PLAYER_POSITIONS,48613,6/27/2026 11:54:27 AM,068492a8-9bbc-456b-87fb-dc52c0aec9a7,2.0,,,,,,,,,,,,,,,,,,,,,,,,,,,,,,,,,,,"(-10.7, 0.9, 6.8)","(-10.8, 1.7, 6.8)","(-11.1, 0.8, 6.7)",
PLAYER_GAZE,48613,6/27/2026 11:54:27 AM,068492a8-9bbc-456b-87fb-dc52c0aec9a7,2.0,,,,,,,,,,,,,,,,,,,,,,,,Military PT 6,,,,,,,,,"(-1.7, 1.7, 2.3)",,,"(-9.1, 0.0, 4.6)",
PLAYER_POSITIONS,48613,6/27/2026 11:54:27 AM,068492a8-9bbc-456b-87fb-dc52c0aec9a7,2.0,,,,,,,,,,,,,,,,,,,,,,,,,,,,,,,,,,,"(-10.7, 0.9, 6.8)","(-10.8, 1.7, 6.8)","(-11.1, 0.8, 6.7)",
PLAYER_GAZE,48613,6/27/2026 11:54:27 AM,068492a8-9bbc-456b-87fb-dc52c0aec9a7,2.0,,,,,,,,,,,,,,,,,,,,,,,,Military PT 6,,,,,,,,,"(-1.7, 1.7, 2.3)",,,"(-9.1, 0.0, 4.6)",
PLAYER_POSITIONS,49125,6/27/2026 11:54:28 AM,068492a8-9bbc-456b-87fb-dc52c0aec9a7,2.0,,,,,,,,,,,,,,,,,,,,,,,,,,,,,,,,,,,"(-10.6, 0.8, 6.0)","(-10.7, 1.6, 6.1)","(-11.0, 0.8, 6.0)",
PLAYER_POSITIONS,49125,6/27/2026 11:54:28 AM,068492a8-9bbc-456b-87fb-dc52c0aec9a7,2.0,,,,,,,,,,,,,,,,,,,,,,,,,,,,,,,,,,,"(-10.6, 0.8, 6.0)","(-10.7, 1.6, 6.1)","(-11.0, 0.8, 6.0)",
PLAYER_POSITIONS,49639,6/27/2026 11:54:29 AM,068492a8-9bbc-456b-87fb-dc52c0aec9a7,2.0,,,,,,,,,,,,,,,,,,,,,,,,,,,,,,,,,,,"(-10.8, 0.8, 5.8)","(-11.0, 1.7, 5.8)","(-11.2, 0.8, 5.7)",
PLAYER_POSITIONS,49639,6/27/2026 11:54:29 AM,068492a8-9bbc-456b-87fb-dc52c0aec9a7,2.0,,,,,,,,,,,,,,,,,,,,,,,,,,,,,,,,,,,"(-10.8, 0.8, 5.8)","(-11.0, 1.7, 5.8)","(-11.2, 0.8, 5.7)",
AUDIO_END,49639,6/27/2026 11:54:29 AM,068492a8-9bbc-456b-87fb-dc52c0aec9a7,2.0,evac in 10 minutes,4.127347,
PLAYER_POSITIONS,50159,6/27/2026 11:54:29 AM,068492a8-9bbc-456b-87fb-dc52c0aec9a7,2.0,,,,,,,,,,,,,,,,,,,,,,,,,,,,,,,,,,,"(-10.5, 0.8, 5.6)","(-10.7, 1.7, 5.7)","(-11.0, 0.9, 5.5)",
PLAYER_POSITIONS,50159,6/27/2026 11:54:29 AM,068492a8-9bbc-456b-87fb-dc52c0aec9a7,2.0,,,,,,,,,,,,,,,,,,,,,,,,,,,,,,,,,,,"(-10.5, 0.8, 5.6)","(-10.7, 1.7, 5.7)","(-11.0, 0.9, 5.5)",
PLAYER_POSITIONS,50681,6/27/2026 11:54:30 AM,068492a8-9bbc-456b-87fb-dc52c0aec9a7,2.0,,,,,,,,,,,,,,,,,,,,,,,,,,,,,,,,,,,"(-10.2, 0.8, 5.2)","(-10.4, 1.7, 5.2)","(-10.8, 1.0, 5.1)",
PLAYER_POSITIONS,50681,6/27/2026 11:54:30 AM,068492a8-9bbc-456b-87fb-dc52c0aec9a7,2.0,,,,,,,,,,,,,,,,,,,,,,,,,,,,,,,,,,,"(-10.2, 0.8, 5.2)","(-10.4, 1.7, 5.2)","(-10.8, 1.0, 5.1)",
PLAYER_POSITIONS,51191,6/27/2026 11:54:30 AM,068492a8-9bbc-456b-87fb-dc52c0aec9a7,2.0,,,,,,,,,,,,,,,,,,,,,,,,,,,,,,,,,,,"(-10.2, 0.8, 4.4)","(-10.4, 1.7, 4.4)","(-10.7, 0.9, 4.3)",
PLAYER_GAZE,51191,6/27/2026 11:54:30 AM,068492a8-9bbc-456b-87fb-dc52c0aec9a7,2.0,,,,,,,,,,,,,,,,,,,,,,,,Military PT 5,,,,,,,,,"(-1.0, 1.7, 2.7)",,,"(-9.4, 0.0, 1.7)",
PLAYER_POSITIONS,51191,6/27/2026 11:54:30 AM,068492a8-9bbc-456b-87fb-dc52c0aec9a7,2.0,,,,,,,,,,,,,,,,,,,,,,,,,,,,,,,,,,,"(-10.2, 0.8, 4.4)","(-10.4, 1.7, 4.4)","(-10.7, 0.9, 4.3)",
PLAYER_GAZE,51191,6/27/2026 11:54:30 AM,068492a8-9bbc-456b-87fb-dc52c0aec9a7,2.0,,,,,,,,,,,,,,,,,,,,,,,,Military PT 5,,,,,,,,,"(-1.0, 1.7, 2.7)",,,"(-9.4, 0.0, 1.7)",
PLAYER_POSITIONS,51692,6/27/2026 11:54:31 AM,068492a8-9bbc-456b-87fb-dc52c0aec9a7,2.0,,,,,,,,,,,,,,,,,,,,,,,,,,,,,,,,,,,"(-10.3, 0.8, 4.0)","(-10.4, 1.7, 4.0)","(-10.7, 0.9, 3.9)",
PLAYER_POSITIONS,51692,6/27/2026 11:54:31 AM,068492a8-9bbc-456b-87fb-dc52c0aec9a7,2.0,,,,,,,,,,,,,,,,,,,,,,,,,,,,,,,,,,,"(-10.3, 0.8, 4.0)","(-10.4, 1.7, 4.0)","(-10.7, 0.9, 3.9)",
PLAYER_POSITIONS,52204,6/27/2026 11:54:31 AM,068492a8-9bbc-456b-87fb-dc52c0aec9a7,2.0,,,,,,,,,,,,,,,,,,,,,,,,,,,,,,,,,,,"(-10.3, 0.8, 3.9)","(-10.5, 1.7, 3.9)","(-10.7, 0.9, 3.8)",
PLAYER_POSITIONS,52204,6/27/2026 11:54:31 AM,068492a8-9bbc-456b-87fb-dc52c0aec9a7,2.0,,,,,,,,,,,,,,,,,,,,,,,,,,,,,,,,,,,"(-10.3, 0.8, 3.9)","(-10.5, 1.7, 3.9)","(-10.7, 0.9, 3.8)",
PLAYER_POSITIONS,52718,6/27/2026 11:54:32 AM,068492a8-9bbc-456b-87fb-dc52c0aec9a7,2.0,,,,,,,,,,,,,,,,,,,,,,,,,,,,,,,,,,,"(-10.5, 0.8, 3.6)","(-10.8, 1.7, 3.8)","(-10.9, 0.9, 3.6)",
PLAYER_POSITIONS,52718,6/27/2026 11:54:32 AM,068492a8-9bbc-456b-87fb-dc52c0aec9a7,2.0,,,,,,,,,,,,,,,,,,,,,,,,,,,,,,,,,,,"(-10.5, 0.8, 3.6)","(-10.8, 1.7, 3.8)","(-10.9, 0.9, 3.6)",
PLAYER_POSITIONS,53229,6/27/2026 11:54:32 AM,068492a8-9bbc-456b-87fb-dc52c0aec9a7,2.0,,,,,,,,,,,,,,,,,,,,,,,,,,,,,,,,,,,"(-10.5, 0.8, 3.6)","(-10.7, 1.7, 3.8)","(-10.8, 0.9, 3.7)",
PLAYER_POSITIONS,53229,6/27/2026 11:54:32 AM,068492a8-9bbc-456b-87fb-dc52c0aec9a7,2.0,,,,,,,,,,,,,,,,,,,,,,,,,,,,,,,,,,,"(-10.5, 0.8, 3.6)","(-10.7, 1.7, 3.8)","(-10.8, 0.9, 3.7)",
PLAYER_POSITIONS,53751,6/27/2026 11:54:33 AM,068492a8-9bbc-456b-87fb-dc52c0aec9a7,2.0,,,,,,,,,,,,,,,,,,,,,,,,,,,,,,,,,,,"(-10.6, 0.8, 3.7)","(-10.9, 1.7, 3.8)","(-11.0, 0.9, 3.7)",
PLAYER_GAZE,53751,6/27/2026 11:54:33 AM,068492a8-9bbc-456b-87fb-dc52c0aec9a7,2.0,,,,,,,,,,,,,,,,,,,,,,,,Civilian PT 8,,,,,,,,,"(4.9, 1.7, 5.7)",,,"(-15.8, 0.0, -1.8)",
PLAYER_POSITIONS,53751,6/27/2026 11:54:33 AM,068492a8-9bbc-456b-87fb-dc52c0aec9a7,2.0,,,,,,,,,,,,,,,,,,,,,,,,,,,,,,,,,,,"(-10.6, 0.8, 3.7)","(-10.9, 1.7, 3.8)","(-11.0, 0.9, 3.7)",
PLAYER_GAZE,53751,6/27/2026 11:54:33 AM,068492a8-9bbc-456b-87fb-dc52c0aec9a7,2.0,,,,,,,,,,,,,,,,,,,,,,,,Civilian PT 8,,,,,,,,,"(4.9, 1.7, 5.7)",,,"(-15.8, 0.0, -1.8)",
PLAYER_POSITIONS,54262,6/27/2026 11:54:33 AM,068492a8-9bbc-456b-87fb-dc52c0aec9a7,2.0,,,,,,,,,,,,,,,,,,,,,,,,,,,,,,,,,,,"(-10.7, 0.9, 3.7)","(-10.8, 1.7, 3.8)","(-11.0, 0.9, 3.6)",
PLAYER_POSITIONS,54262,6/27/2026 11:54:33 AM,068492a8-9bbc-456b-87fb-dc52c0aec9a7,2.0,,,,,,,,,,,,,,,,,,,,,,,,,,,,,,,,,,,"(-10.7, 0.9, 3.7)","(-10.8, 1.7, 3.8)","(-11.0, 0.9, 3.6)",
PLAYER_POSITIONS,54768,6/27/2026 11:54:34 AM,068492a8-9bbc-456b-87fb-dc52c0aec9a7,2.0,,,,,,,,,,,,,,,,,,,,,,,,,,,,,,,,,,,"(-10.5, 0.9, 3.9)","(-10.6, 1.7, 3.9)","(-10.6, 0.9, 3.7)",
PLAYER_GAZE,54768,6/27/2026 11:54:34 AM,068492a8-9bbc-456b-87fb-dc52c0aec9a7,2.0,,,,,,,,,,,,,,,,,,,,,,,,Lifting NPC,,,,,,,,,"(-2.1, 1.7, 0.1)",,,"(-8.5, 0.0, 3.8)",
PLAYER_POSITIONS,54768,6/27/2026 11:54:34 AM,068492a8-9bbc-456b-87fb-dc52c0aec9a7,2.0,,,,,,,,,,,,,,,,,,,,,,,,,,,,,,,,,,,"(-10.5, 0.9, 3.9)","(-10.6, 1.7, 3.9)","(-10.6, 0.9, 3.7)",
PLAYER_GAZE,54768,6/27/2026 11:54:34 AM,068492a8-9bbc-456b-87fb-dc52c0aec9a7,2.0,,,,,,,,,,,,,,,,,,,,,,,,Lifting NPC,,,,,,,,,"(-2.1, 1.7, 0.1)",,,"(-8.5, 0.0, 3.8)",
PLAYER_POSITIONS,55264,6/27/2026 11:54:34 AM,068492a8-9bbc-456b-87fb-dc52c0aec9a7,2.0,,,,,,,,,,,,,,,,,,,,,,,,,,,,,,,,,,,"(-9.7, 0.8, 3.6)","(-9.9, 1.7, 3.6)","(-9.9, 0.9, 3.4)",
PLAYER_POSITIONS,55264,6/27/2026 11:54:34 AM,068492a8-9bbc-456b-87fb-dc52c0aec9a7,2.0,,,,,,,,,,,,,,,,,,,,,,,,,,,,,,,,,,,"(-9.7, 0.8, 3.6)","(-9.9, 1.7, 3.6)","(-9.9, 0.9, 3.4)",
PLAYER_POSITIONS,55786,6/27/2026 11:54:35 AM,068492a8-9bbc-456b-87fb-dc52c0aec9a7,2.0,,,,,,,,,,,,,,,,,,,,,,,,,,,,,,,,,,,"(-9.1, 0.8, 2.8)","(-9.3, 1.6, 2.8)","(-9.3, 0.8, 2.6)",
PLAYER_GAZE,55786,6/27/2026 11:54:35 AM,068492a8-9bbc-456b-87fb-dc52c0aec9a7,2.0,,,,,,,,,,,,,,,,,,,,,,,,Military PT 11,,,,,,,,,"(-2.8, 1.6, 3.1)",,,"(-6.4, 0.0, -0.3)",
PLAYER_POSITIONS,55786,6/27/2026 11:54:35 AM,068492a8-9bbc-456b-87fb-dc52c0aec9a7,2.0,,,,,,,,,,,,,,,,,,,,,,,,,,,,,,,,,,,"(-9.1, 0.8, 2.8)","(-9.3, 1.6, 2.8)","(-9.3, 0.8, 2.6)",
PLAYER_GAZE,55786,6/27/2026 11:54:35 AM,068492a8-9bbc-456b-87fb-dc52c0aec9a7,2.0,,,,,,,,,,,,,,,,,,,,,,,,Military PT 11,,,,,,,,,"(-2.8, 1.6, 3.1)",,,"(-6.4, 0.0, -0.3)",
PLAYER_POSITIONS,56299,6/27/2026 11:54:35 AM,068492a8-9bbc-456b-87fb-dc52c0aec9a7,2.0,,,,,,,,,,,,,,,,,,,,,,,,,,,,,,,,,,,"(-8.4, 0.8, 2.1)","(-8.6, 1.6, 2.1)","(-8.6, 0.8, 1.9)",
PLAYER_POSITIONS,56299,6/27/2026 11:54:35 AM,068492a8-9bbc-456b-87fb-dc52c0aec9a7,2.0,,,,,,,,,,,,,,,,,,,,,,,,,,,,,,,,,,,"(-8.4, 0.8, 2.1)","(-8.6, 1.6, 2.1)","(-8.6, 0.8, 1.9)",
PLAYER_POSITIONS,56820,6/27/2026 11:54:36 AM,068492a8-9bbc-456b-87fb-dc52c0aec9a7,2.0,,,,,,,,,,,,,,,,,,,,,,,,,,,,,,,,,,,"(-7.8, 0.8, 1.6)","(-8.0, 1.6, 1.5)","(-7.8, 1.1, 1.2)",
PLAYER_GAZE,56820,6/27/2026 11:54:36 AM,068492a8-9bbc-456b-87fb-dc52c0aec9a7,2.0,,,,,,,,,,,,,,,,,,,,,,,,Military PT 11,,,,,,,,,"(-1.5, 1.6, 1.7)",,,"(-6.4, 0.0, -0.3)",
PLAYER_POSITIONS,56820,6/27/2026 11:54:36 AM,068492a8-9bbc-456b-87fb-dc52c0aec9a7,2.0,,,,,,,,,,,,,,,,,,,,,,,,,,,,,,,,,,,"(-7.8, 0.8, 1.6)","(-8.0, 1.6, 1.5)","(-7.8, 1.1, 1.2)",
PLAYER_GAZE,56820,6/27/2026 11:54:36 AM,068492a8-9bbc-456b-87fb-dc52c0aec9a7,2.0,,,,,,,,,,,,,,,,,,,,,,,,Military PT 11,,,,,,,,,"(-1.5, 1.6, 1.7)",,,"(-6.4, 0.0, -0.3)",
PATIENT_ENGAGED,57063,6/27/2026 11:54:36 AM,068492a8-9bbc-456b-87fb-dc52c0aec9a7,2.0,,,,0,,,,,,,,,,,,,,,,normal,100,Infinity,normal,Military PT 11,panic,standing,"(-6.5, -0.1, -0.3)",normal,"(0.0, -0.3, 0.0, 0.9)",normal,MINIMAL,still,,,,,,,,,,,,,,,,,0,
PATIENT_DISENGAGED,57085,6/27/2026 11:54:36 AM,068492a8-9bbc-456b-87fb-dc52c0aec9a7,2.0,,,,0.03,,,,,,,,,,,,,,,,normal,100,Infinity,normal,Military PT 11,panic,standing,"(-6.5, -0.1, -0.3)",normal,"(0.0, -0.3, 0.0, 1.0)",normal,MINIMAL,still,,,,,,,,,,,,,,,,,0.03,
PATIENT_ENGAGED,57106,6/27/2026 11:54:36 AM,068492a8-9bbc-456b-87fb-dc52c0aec9a7,2.0,,,,0,,,,,,,,,,,,,,,,normal,100,Infinity,normal,Military PT 11,panic,standing,"(-6.5, -0.1, -0.3)",normal,"(0.0, -0.3, 0.0, 1.0)",normal,MINIMAL,still,,,,,,,,,,,,,,,,,0.03,
PLAYER_POSITIONS,57331,6/27/2026 11:54:36 AM,068492a8-9bbc-456b-87fb-dc52c0aec9a7,2.0,,,,,,,,,,,,,,,,,,,,,,,,,,,,,,,,,,,"(-7.2, 0.8, 0.9)","(-7.4, 1.6, 0.7)","(-7.1, 1.3, 0.3)",
PLAYER_GAZE,57331,6/27/2026 11:54:36 AM,068492a8-9bbc-456b-87fb-dc52c0aec9a7,2.0,,,,,,,,,,,,,,,,,,,,,,,,Military PT 11,,,,,,,,,"(-1.0, 1.6, 1.0)",,,"(-6.4, 0.0, -0.3)",
PLAYER_POSITIONS,57331,6/27/2026 11:54:36 AM,068492a8-9bbc-456b-87fb-dc52c0aec9a7,2.0,,,,,,,,,,,,,,,,,,,,,,,,,,,,,,,,,,,"(-7.2, 0.8, 0.9)","(-7.4, 1.6, 0.7)","(-7.1, 1.3, 0.3)",
PLAYER_GAZE,57331,6/27/2026 11:54:36 AM,068492a8-9bbc-456b-87fb-dc52c0aec9a7,2.0,,,,,,,,,,,,,,,,,,,,,,,,Military PT 11,,,,,,,,,"(-1.0, 1.6, 1.0)",,,"(-6.4, 0.0, -0.3)",
AUDIO_START,57483,6/27/2026 11:54:36 AM,068492a8-9bbc-456b-87fb-dc52c0aec9a7,2.0,echo 5 taking fire,4.675919,
VOICE_CAPTURE,57509,6/27/2026 11:54:36 AM,068492a8-9bbc-456b-87fb-dc52c0aec9a7,2.0,,,,,,,,,,,,,,,,,,,,,,,,,,,,,,,,,,,,,,,,,,,,,,,,,,,NA,I'm going to disarm,
PLAYER_POSITIONS,57852,6/27/2026 11:54:37 AM,068492a8-9bbc-456b-87fb-dc52c0aec9a7,2.0,,,,,,,,,,,,,,,,,,,,,,,,,,,,,,,,,,,"(-7.0, 0.9, 0.7)","(-7.2, 1.6, 0.5)","(-6.8, 1.3, 0.0)",
PLAYER_GAZE,57852,6/27/2026 11:54:37 AM,068492a8-9bbc-456b-87fb-dc52c0aec9a7,2.0,,,,,,,,,,,,,,,,,,,,,,,,Military PT 11,,,,,,,,,"(-0.7, 1.6, 0.8)",,,"(-6.4, 0.0, -0.3)",
PLAYER_POSITIONS,57852,6/27/2026 11:54:37 AM,068492a8-9bbc-456b-87fb-dc52c0aec9a7,2.0,,,,,,,,,,,,,,,,,,,,,,,,,,,,,,,,,,,"(-7.0, 0.9, 0.7)","(-7.2, 1.6, 0.5)","(-6.8, 1.3, 0.0)",
PLAYER_GAZE,57852,6/27/2026 11:54:37 AM,068492a8-9bbc-456b-87fb-dc52c0aec9a7,2.0,,,,,,,,,,,,,,,,,,,,,,,,Military PT 11,,,,,,,,,"(-0.7, 1.6, 0.8)",,,"(-6.4, 0.0, -0.3)",
VOICE_CAPTURE,58040,6/27/2026 11:54:37 AM,068492a8-9bbc-456b-87fb-dc52c0aec9a7,2.0,,,,,,,,,,,,,,,,,,,,,,,,,,,,,,,,,,,,,,,,,,,,,,,,,,,NA,I'm going to disarm you now.,
PLAYER_POSITIONS,58352,6/27/2026 11:54:37 AM,068492a8-9bbc-456b-87fb-dc52c0aec9a7,2.0,,,,,,,,,,,,,,,,,,,,,,,,,,,,,,,,,,,"(-6.8, 0.9, 0.7)","(-7.0, 1.6, 0.5)","(-6.7, 1.4, 0.0)",
PLAYER_GAZE,58352,6/27/2026 11:54:37 AM,068492a8-9bbc-456b-87fb-dc52c0aec9a7,2.0,,,,,,,,,,,,,,,,,,,,,,,,Military PT 11,,,,,,,,,"(-0.6, 1.6, 0.7)",,,"(-6.4, 0.0, -0.3)",
PLAYER_POSITIONS,58352,6/27/2026 11:54:37 AM,068492a8-9bbc-456b-87fb-dc52c0aec9a7,2.0,,,,,,,,,,,,,,,,,,,,,,,,,,,,,,,,,,,"(-6.8, 0.9, 0.7)","(-7.0, 1.6, 0.5)","(-6.7, 1.4, 0.0)",
PLAYER_GAZE,58352,6/27/2026 11:54:37 AM,068492a8-9bbc-456b-87fb-dc52c0aec9a7,2.0,,,,,,,,,,,,,,,,,,,,,,,,Military PT 11,,,,,,,,,"(-0.6, 1.6, 0.7)",,,"(-6.4, 0.0, -0.3)",
VOICE_CAPTURE,58518,6/27/2026 11:54:37 AM,068492a8-9bbc-456b-87fb-dc52c0aec9a7,2.0,,,,,,,,,,,,,,,,,,,,,,,,,,,,,,,,,,,,,,,,,,,,,,,,,,,NA,I'm going to disarm you now.,
VOICE_CAPTURE,58518,6/27/2026 11:54:37 AM,068492a8-9bbc-456b-87fb-dc52c0aec9a7,2.0,,,,,,,,,,,,,,,,,,,,,,,,,,,,,,,,,,,,,,,,,,,,,,,,,,,NA,I'm going to disarm you now.,
VOICE_COMMAND,58519,6/27/2026 11:54:37 AM,068492a8-9bbc-456b-87fb-dc52c0aec9a7,2.0,,,,,,,,,,,,,,,,,,,,,,,,Military PT 11,,,,,,,,,,,,,,,,,,,,,,,,,,,I'm going to disarm you now.,disarm,
DISARM_PATIENT_WEAPON,58609,6/27/2026 11:54:37 AM,068492a8-9bbc-456b-87fb-dc52c0aec9a7,2.0,,,,,,,,,,,,,,,,,,,,,,,,Military PT 11,,,,,,,,,,,,,,,,,,,,,,,,,,,,,1,1,
PLAYER_POSITIONS,58854,6/27/2026 11:54:38 AM,068492a8-9bbc-456b-87fb-dc52c0aec9a7,2.0,,,,,,,,,,,,,,,,,,,,,,,,,,,,,,,,,,,"(-6.7, 0.9, 0.7)","(-6.8, 1.6, 0.4)","(-6.4, 1.4, 0.0)",
PLAYER_GAZE,58854,6/27/2026 11:54:38 AM,068492a8-9bbc-456b-87fb-dc52c0aec9a7,2.0,,,,,,,,,,,,,,,,,,,,,,,,Military PT 11,,,,,,,,,"(-0.4, 1.6, 0.7)",,,"(-6.4, 0.0, -0.3)",
PLAYER_POSITIONS,58854,6/27/2026 11:54:38 AM,068492a8-9bbc-456b-87fb-dc52c0aec9a7,2.0,,,,,,,,,,,,,,,,,,,,,,,,,,,,,,,,,,,"(-6.7, 0.9, 0.7)","(-6.8, 1.6, 0.4)","(-6.4, 1.4, 0.0)",
PLAYER_GAZE,58854,6/27/2026 11:54:38 AM,068492a8-9bbc-456b-87fb-dc52c0aec9a7,2.0,,,,,,,,,,,,,,,,,,,,,,,,Military PT 11,,,,,,,,,"(-0.4, 1.6, 0.7)",,,"(-6.4, 0.0, -0.3)",
VOICE_CAPTURE,58997,6/27/2026 11:54:38 AM,068492a8-9bbc-456b-87fb-dc52c0aec9a7,2.0,,,,,,,,,,,,,,,,,,,,,,,,,,,,,,,,,,,,,,,,,,,,,,,,,,,NA,I just want to disarm you now.,
BUTTON_CLICKED,59018,6/27/2026 11:54:38 AM,068492a8-9bbc-456b-87fb-dc52c0aec9a7,2.0,,,disarm,
VOICE_CAPTURE,59018,6/27/2026 11:54:38 AM,068492a8-9bbc-456b-87fb-dc52c0aec9a7,2.0,,,,,,,,,,,,,,,,,,,,,,,,,,,,,,,,,,,,,,,,,,,,,,,,,,,NA,disarm,
VOICE_COMMAND,59018,6/27/2026 11:54:38 AM,068492a8-9bbc-456b-87fb-dc52c0aec9a7,2.0,,,,,,,,,,,,,,,,,,,,,,,,Military PT 11,,,,,,,,,,,,,,,,,,,,,,,,,,,disarm,disarm,
PLAYER_POSITIONS,59362,6/27/2026 11:54:38 AM,068492a8-9bbc-456b-87fb-dc52c0aec9a7,2.0,,,,,,,,,,,,,,,,,,,,,,,,,,,,,,,,,,,"(-6.7, 0.9, 0.7)","(-6.9, 1.6, 0.5)","(-6.4, 1.4, 0.0)",
PLAYER_GAZE,59363,6/27/2026 11:54:38 AM,068492a8-9bbc-456b-87fb-dc52c0aec9a7,2.0,,,,,,,,,,,,,,,,,,,,,,,,Military PT 11,,,,,,,,,"(-0.4, 1.6, 0.7)",,,"(-6.4, 0.0, -0.3)",
PLAYER_POSITIONS,59362,6/27/2026 11:54:38 AM,068492a8-9bbc-456b-87fb-dc52c0aec9a7,2.0,,,,,,,,,,,,,,,,,,,,,,,,,,,,,,,,,,,"(-6.7, 0.9, 0.7)","(-6.9, 1.6, 0.5)","(-6.4, 1.4, 0.0)",
PLAYER_GAZE,59363,6/27/2026 11:54:38 AM,068492a8-9bbc-456b-87fb-dc52c0aec9a7,2.0,,,,,,,,,,,,,,,,,,,,,,,,Military PT 11,,,,,,,,,"(-0.4, 1.6, 0.7)",,,"(-6.4, 0.0, -0.3)",
VOICE_CAPTURE,59518,6/27/2026 11:54:38 AM,068492a8-9bbc-456b-87fb-dc52c0aec9a7,2.0,,,,,,,,,,,,,,,,,,,,,,,,,,,,,,,,,,,,,,,,,,,,,,,,,,,NA,I just want to disarm you now.,
VOICE_CAPTURE,59518,6/27/2026 11:54:38 AM,068492a8-9bbc-456b-87fb-dc52c0aec9a7,2.0,,,,,,,,,,,,,,,,,,,,,,,,,,,,,,,,,,,,,,,,,,,,,,,,,,,NA,I just want to disarm you now.,
VOICE_COMMAND,59518,6/27/2026 11:54:38 AM,068492a8-9bbc-456b-87fb-dc52c0aec9a7,2.0,,,,,,,,,,,,,,,,,,,,,,,,Military PT 11,,,,,,,,,,,,,,,,,,,,,,,,,,,I just want to disarm you now.,disarm,
PLAYER_POSITIONS,59874,6/27/2026 11:54:39 AM,068492a8-9bbc-456b-87fb-dc52c0aec9a7,2.0,,,,,,,,,,,,,,,,,,,,,,,,,,,,,,,,,,,"(-6.7, 0.9, 0.7)","(-6.9, 1.5, 0.5)","(-6.5, 1.3, 0.1)",
PLAYER_GAZE,59874,6/27/2026 11:54:39 AM,068492a8-9bbc-456b-87fb-dc52c0aec9a7,2.0,,,,,,,,,,,,,,,,,,,,,,,,Military PT 11,,,,,,,,,"(-0.4, 1.5, 0.7)",,,"(-6.4, 0.0, -0.3)",
PLAYER_POSITIONS,59874,6/27/2026 11:54:39 AM,068492a8-9bbc-456b-87fb-dc52c0aec9a7,2.0,,,,,,,,,,,,,,,,,,,,,,,,,,,,,,,,,,,"(-6.7, 0.9, 0.7)","(-6.9, 1.5, 0.5)","(-6.5, 1.3, 0.1)",
PLAYER_GAZE,59874,6/27/2026 11:54:39 AM,068492a8-9bbc-456b-87fb-dc52c0aec9a7,2.0,,,,,,,,,,,,,,,,,,,,,,,,Military PT 11,,,,,,,,,"(-0.4, 1.5, 0.7)",,,"(-6.4, 0.0, -0.3)",
PLAYER_POSITIONS,60393,6/27/2026 11:54:39 AM,068492a8-9bbc-456b-87fb-dc52c0aec9a7,2.0,,,,,,,,,,,,,,,,,,,,,,,,,,,,,,,,,,,"(-6.8, 0.8, 0.7)","(-7.0, 1.5, 0.5)","(-6.8, 1.0, 0.2)",
PLAYER_GAZE,60393,6/27/2026 11:54:39 AM,068492a8-9bbc-456b-87fb-dc52c0aec9a7,2.0,,,,,,,,,,,,,,,,,,,,,,,,Military PT 11,,,,,,,,,"(-0.5, 1.5, 0.7)",,,"(-6.4, 0.0, -0.3)",
PLAYER_POSITIONS,60393,6/27/2026 11:54:39 AM,068492a8-9bbc-456b-87fb-dc52c0aec9a7,2.0,,,,,,,,,,,,,,,,,,,,,,,,,,,,,,,,,,,"(-6.8, 0.8, 0.7)","(-7.0, 1.5, 0.5)","(-6.8, 1.0, 0.2)",
PLAYER_GAZE,60393,6/27/2026 11:54:39 AM,068492a8-9bbc-456b-87fb-dc52c0aec9a7,2.0,,,,,,,,,,,,,,,,,,,,,,,,Military PT 11,,,,,,,,,"(-0.5, 1.5, 0.7)",,,"(-6.4, 0.0, -0.3)",
PLAYER_POSITIONS,60911,6/27/2026 11:54:40 AM,068492a8-9bbc-456b-87fb-dc52c0aec9a7,2.0,,,,,,,,,,,,,,,,,,,,,,,,,,,,,,,,,,,"(-6.9, 0.8, 0.8)","(-7.0, 1.5, 0.7)","(-6.8, 0.9, 0.4)",
PLAYER_POSITIONS,60911,6/27/2026 11:54:40 AM,068492a8-9bbc-456b-87fb-dc52c0aec9a7,2.0,,,,,,,,,,,,,,,,,,,,,,,,,,,,,,,,,,,"(-6.9, 0.8, 0.8)","(-7.0, 1.5, 0.7)","(-6.8, 0.9, 0.4)",
PLAYER_POSITIONS,61443,6/27/2026 11:54:40 AM,068492a8-9bbc-456b-87fb-dc52c0aec9a7,2.0,,,,,,,,,,,,,,,,,,,,,,,,,,,,,,,,,,,"(-7.2, 0.8, 0.9)","(-7.1, 1.5, 0.7)","(-6.9, 0.9, 0.7)",
PLAYER_POSITIONS,61443,6/27/2026 11:54:40 AM,068492a8-9bbc-456b-87fb-dc52c0aec9a7,2.0,,,,,,,,,,,,,,,,,,,,,,,,,,,,,,,,,,,"(-7.2, 0.8, 0.9)","(-7.1, 1.5, 0.7)","(-6.9, 0.9, 0.7)",
PATIENT_DISENGAGED,61851,6/27/2026 11:54:41 AM,068492a8-9bbc-456b-87fb-dc52c0aec9a7,2.0,,,,4.74,,,,,,,,,,,,,,,,normal,100,Infinity,normal,Military PT 11,panic,standing,"(-6.4, -0.1, -0.2)",normal,"(0.0, -0.4, 0.0, 0.9)",normal,MINIMAL,still,,,,,,,,,,,,,,,,,4.78,
PATIENT_ENGAGED,61851,6/27/2026 11:54:41 AM,068492a8-9bbc-456b-87fb-dc52c0aec9a7,2.0,,,,0,,,,,,,,,,,,,,,,collapsedRight,100,Infinity,normal,Military PT 1,unresponsive,supine,"(-6.8, -0.1, 2.1)",faint,"(0.0, 0.3, 0.0, 1.0)",normal,IMMEDIATE,still,,,,,,,,,,,,,,,,,0,
PLAYER_POSITIONS,61986,6/27/2026 11:54:41 AM,068492a8-9bbc-456b-87fb-dc52c0aec9a7,2.0,,,,,,,,,,,,,,,,,,,,,,,,,,,,,,,,,,,"(-7.3, 0.8, 1.1)","(-7.1, 1.5, 0.9)","(-7.0, 0.8, 0.9)",
PLAYER_GAZE,61986,6/27/2026 11:54:41 AM,068492a8-9bbc-456b-87fb-dc52c0aec9a7,2.0,,,,,,,,,,,,,,,,,,,,,,,,Military PT 1,,,,,,,,,"(-0.3, 1.5, -1.1)",,,"(-6.8, 0.0, 2.1)",
PLAYER_POSITIONS,61986,6/27/2026 11:54:41 AM,068492a8-9bbc-456b-87fb-dc52c0aec9a7,2.0,,,,,,,,,,,,,,,,,,,,,,,,,,,,,,,,,,,"(-7.3, 0.8, 1.1)","(-7.1, 1.5, 0.9)","(-7.0, 0.8, 0.9)",
PLAYER_GAZE,61986,6/27/2026 11:54:41 AM,068492a8-9bbc-456b-87fb-dc52c0aec9a7,2.0,,,,,,,,,,,,,,,,,,,,,,,,Military PT 1,,,,,,,,,"(-0.3, 1.5, -1.1)",,,"(-6.8, 0.0, 2.1)",
AUDIO_END,62164,6/27/2026 11:54:41 AM,068492a8-9bbc-456b-87fb-dc52c0aec9a7,2.0,echo 5 taking fire,4.675919,
NARRATIVE_SECTION_END,62164,6/27/2026 11:54:41 AM,068492a8-9bbc-456b-87fb-dc52c0aec9a7,2.0,,,,,,,,,,,,,,,,,,Echo 5 taking fire,4,
NARRATIVE_SECTION_START,62183,6/27/2026 11:54:41 AM,068492a8-9bbc-456b-87fb-dc52c0aec9a7,2.0,,,,,,,,,,,,,,,,,,Air Support Message,5,
PLAYER_POSITIONS,62507,6/27/2026 11:54:41 AM,068492a8-9bbc-456b-87fb-dc52c0aec9a7,2.0,,,,,,,,,,,,,,,,,,,,,,,,,,,,,,,,,,,"(-7.5, 0.8, 1.1)","(-7.5, 1.5, 0.9)","(-7.3, 0.8, 1.1)",
PLAYER_GAZE,62507,6/27/2026 11:54:41 AM,068492a8-9bbc-456b-87fb-dc52c0aec9a7,2.0,,,,,,,,,,,,,,,,,,,,,,,,Military PT 5,,,,,,,,,"(1.9, 1.5, -0.8)",,,"(-9.4, 0.0, 1.7)",
PLAYER_POSITIONS,62507,6/27/2026 11:54:41 AM,068492a8-9bbc-456b-87fb-dc52c0aec9a7,2.0,,,,,,,,,,,,,,,,,,,,,,,,,,,,,,,,,,,"(-7.5, 0.8, 1.1)","(-7.5, 1.5, 0.9)","(-7.3, 0.8, 1.1)",
PLAYER_GAZE,62507,6/27/2026 11:54:41 AM,068492a8-9bbc-456b-87fb-dc52c0aec9a7,2.0,,,,,,,,,,,,,,,,,,,,,,,,Military PT 5,,,,,,,,,"(1.9, 1.5, -0.8)",,,"(-9.4, 0.0, 1.7)",
PLAYER_POSITIONS,63031,6/27/2026 11:54:42 AM,068492a8-9bbc-456b-87fb-dc52c0aec9a7,2.0,,,,,,,,,,,,,,,,,,,,,,,,,,,,,,,,,,,"(-8.4, 0.8, 1.3)","(-8.2, 1.6, 1.4)","(-8.2, 0.9, 1.6)",
PLAYER_POSITIONS,63031,6/27/2026 11:54:42 AM,068492a8-9bbc-456b-87fb-dc52c0aec9a7,2.0,,,,,,,,,,,,,,,,,,,,,,,,,,,,,,,,,,,"(-8.4, 0.8, 1.3)","(-8.2, 1.6, 1.4)","(-8.2, 0.9, 1.6)",
PATIENT_DISENGAGED,63450,6/27/2026 11:54:42 AM,068492a8-9bbc-456b-87fb-dc52c0aec9a7,2.0,,,,1.58,,,,,,,,,,,,,,,,collapsedRight,100,Infinity,normal,Military PT 1,unresponsive,supine,"(-6.8, -0.1, 2.1)",faint,"(0.0, 0.3, 0.0, 1.0)",normal,IMMEDIATE,still,,,,,,,,,,,,,,,,,1.58,
PLAYER_POSITIONS,63552,6/27/2026 11:54:42 AM,068492a8-9bbc-456b-87fb-dc52c0aec9a7,2.0,,,,,,,,,,,,,,,,,,,,,,,,,,,,,,,,,,,"(-9.1, 0.8, 1.6)","(-8.9, 1.6, 1.9)","(-9.1, 0.9, 1.9)",
PLAYER_POSITIONS,63552,6/27/2026 11:54:42 AM,068492a8-9bbc-456b-87fb-dc52c0aec9a7,2.0,,,,,,,,,,,,,,,,,,,,,,,,,,,,,,,,,,,"(-9.1, 0.8, 1.6)","(-8.9, 1.6, 1.9)","(-9.1, 0.9, 1.9)",
PLAYER_POSITIONS,64063,6/27/2026 11:54:43 AM,068492a8-9bbc-456b-87fb-dc52c0aec9a7,2.0,,,,,,,,,,,,,,,,,,,,,,,,,,,,,,,,,,,"(-9.8, 0.8, 2.0)","(-9.7, 1.6, 2.2)","(-9.9, 0.9, 2.3)",
PLAYER_POSITIONS,64063,6/27/2026 11:54:43 AM,068492a8-9bbc-456b-87fb-dc52c0aec9a7,2.0,,,,,,,,,,,,,,,,,,,,,,,,,,,,,,,,,,,"(-9.8, 0.8, 2.0)","(-9.7, 1.6, 2.2)","(-9.9, 0.9, 2.3)",
AUDIO_START,64185,6/27/2026 11:54:43 AM,068492a8-9bbc-456b-87fb-dc52c0aec9a7,2.0,air support,3.578775,
PLAYER_POSITIONS,64584,6/27/2026 11:54:43 AM,068492a8-9bbc-456b-87fb-dc52c0aec9a7,2.0,,,,,,,,,,,,,,,,,,,,,,,,,,,,,,,,,,,"(-12.2, 0.8, 2.2)","(-12.3, 1.6, 2.4)","(-12.5, 0.9, 2.4)",
PLAYER_POSITIONS,64584,6/27/2026 11:54:43 AM,068492a8-9bbc-456b-87fb-dc52c0aec9a7,2.0,,,,,,,,,,,,,,,,,,,,,,,,,,,,,,,,,,,"(-12.2, 0.8, 2.2)","(-12.3, 1.6, 2.4)","(-12.5, 0.9, 2.4)",
TELEPORT,64584,6/27/2026 11:54:43 AM,068492a8-9bbc-456b-87fb-dc52c0aec9a7,2.0,,,,,,,,,,,,,,,,,,,,,,,,,,,,,,,,,,,,"(-10.1, 1.6, 2.4)",,,,,,,"(-12.3, 1.6, 2.4)",
PATIENT_ENGAGED,64803,6/27/2026 11:54:44 AM,068492a8-9bbc-456b-87fb-dc52c0aec9a7,2.0,,,,0,,,,,,,,,,,,,,,,normal,100,Infinity,normal,Civilian PT 3,upset,prone,"(-14.3, -0.1, 1.6)",normal,"(0.0, 0.0, 0.0, 1.0)",normal,DELAYED,still,,,,,,,,,,,,,,,,,0,
PLAYER_POSITIONS,65092,6/27/2026 11:54:44 AM,068492a8-9bbc-456b-87fb-dc52c0aec9a7,2.0,,,,,,,,,,,,,,,,,,,,,,,,,,,,,,,,,,,"(-12.7, 0.8, 2.1)","(-12.8, 1.5, 2.2)","(-12.9, 0.9, 2.6)",
PLAYER_POSITIONS,65092,6/27/2026 11:54:44 AM,068492a8-9bbc-456b-87fb-dc52c0aec9a7,2.0,,,,,,,,,,,,,,,,,,,,,,,,,,,,,,,,,,,"(-12.7, 0.8, 2.1)","(-12.8, 1.5, 2.2)","(-12.9, 0.9, 2.6)",
PLAYER_POSITIONS,65607,6/27/2026 11:54:44 AM,068492a8-9bbc-456b-87fb-dc52c0aec9a7,2.0,,,,,,,,,,,,,,,,,,,,,,,,,,,,,,,,,,,"(-12.9, 0.6, 2.2)","(-13.1, 1.3, 2.3)","(-13.4, 0.6, 2.5)",
PLAYER_POSITIONS,65607,6/27/2026 11:54:44 AM,068492a8-9bbc-456b-87fb-dc52c0aec9a7,2.0,,,,,,,,,,,,,,,,,,,,,,,,,,,,,,,,,,,"(-12.9, 0.6, 2.2)","(-13.1, 1.3, 2.3)","(-13.4, 0.6, 2.5)",
BAG_CLOSED,66075,6/27/2026 11:54:45 AM,068492a8-9bbc-456b-87fb-dc52c0aec9a7,2.0,,,,,,,,,,,,,,,,,,,,,,,,,,,,,,,,,,,,"(0.0, 0.0, 0.0)",
PLAYER_POSITIONS,66121,6/27/2026 11:54:45 AM,068492a8-9bbc-456b-87fb-dc52c0aec9a7,2.0,,,,,,,,,,,,,,,,,,,,,,,,,,,,,,,,,,,"(-13.1, 0.4, 1.9)","(-13.2, 1.0, 2.0)","(-13.6, 0.4, 2.3)",
PLAYER_POSITIONS,66121,6/27/2026 11:54:45 AM,068492a8-9bbc-456b-87fb-dc52c0aec9a7,2.0,,,,,,,,,,,,,,,,,,,,,,,,,,,,,,,,,,,"(-13.1, 0.4, 1.9)","(-13.2, 1.0, 2.0)","(-13.6, 0.4, 2.3)",
PLAYER_POSITIONS,66632,6/27/2026 11:54:46 AM,068492a8-9bbc-456b-87fb-dc52c0aec9a7,2.0,,,,,,,,,,,,,,,,,,,,,,,,,,,,,,,,,,,"(-13.1, 0.3, 1.9)","(-13.2, 0.9, 1.9)","(-13.4, 0.5, 2.2)",
PLAYER_POSITIONS,66632,6/27/2026 11:54:46 AM,068492a8-9bbc-456b-87fb-dc52c0aec9a7,2.0,,,,,,,,,,,,,,,,,,,,,,,,,,,,,,,,,,,"(-13.1, 0.3, 1.9)","(-13.2, 0.9, 1.9)","(-13.4, 0.5, 2.2)",
PLAYER_POSITIONS,67144,6/27/2026 11:54:46 AM,068492a8-9bbc-456b-87fb-dc52c0aec9a7,2.0,,,,,,,,,,,,,,,,,,,,,,,,,,,,,,,,,,,"(-13.1, 0.3, 1.8)","(-13.2, 1.0, 1.8)","(-13.5, 0.5, 2.1)",
PLAYER_POSITIONS,67144,6/27/2026 11:54:46 AM,068492a8-9bbc-456b-87fb-dc52c0aec9a7,2.0,,,,,,,,,,,,,,,,,,,,,,,,,,,,,,,,,,,"(-13.1, 0.3, 1.8)","(-13.2, 1.0, 1.8)","(-13.5, 0.5, 2.1)",
PLAYER_POSITIONS,67664,6/27/2026 11:54:47 AM,068492a8-9bbc-456b-87fb-dc52c0aec9a7,2.0,,,,,,,,,,,,,,,,,,,,,,,,,,,,,,,,,,,"(-13.2, 0.4, 1.8)","(-13.2, 1.0, 1.9)","(-13.5, 0.6, 2.1)",
PLAYER_POSITIONS,67664,6/27/2026 11:54:47 AM,068492a8-9bbc-456b-87fb-dc52c0aec9a7,2.0,,,,,,,,,,,,,,,,,,,,,,,,,,,,,,,,,,,"(-13.2, 0.4, 1.8)","(-13.2, 1.0, 1.9)","(-13.5, 0.6, 2.1)",
AUDIO_END,67775,6/27/2026 11:54:47 AM,068492a8-9bbc-456b-87fb-dc52c0aec9a7,2.0,air support,3.578775,
NARRATIVE_SECTION_END,67775,6/27/2026 11:54:47 AM,068492a8-9bbc-456b-87fb-dc52c0aec9a7,2.0,,,,,,,,,,,,,,,,,,Air Support Message,5,
NARRATIVE_SECTION_START,67816,6/27/2026 11:54:47 AM,068492a8-9bbc-456b-87fb-dc52c0aec9a7,2.0,,,,,,,,,,,,,,,,,,Coming in hot,6,
PLAYER_POSITIONS,68175,6/27/2026 11:54:47 AM,068492a8-9bbc-456b-87fb-dc52c0aec9a7,2.0,,,,,,,,,,,,,,,,,,,,,,,,,,,,,,,,,,,"(-13.1, 0.3, 1.8)","(-13.2, 0.9, 1.9)","(-13.6, 0.4, 2.1)",
PLAYER_POSITIONS,68175,6/27/2026 11:54:47 AM,068492a8-9bbc-456b-87fb-dc52c0aec9a7,2.0,,,,,,,,,,,,,,,,,,,,,,,,,,,,,,,,,,,"(-13.1, 0.3, 1.8)","(-13.2, 0.9, 1.9)","(-13.6, 0.4, 2.1)",
PLAYER_POSITIONS,68676,6/27/2026 11:54:48 AM,068492a8-9bbc-456b-87fb-dc52c0aec9a7,2.0,,,,,,,,,,,,,,,,,,,,,,,,,,,,,,,,,,,"(-13.1, 0.3, 1.8)","(-13.2, 0.9, 1.9)","(-13.7, 0.5, 1.8)",
PLAYER_POSITIONS,68676,6/27/2026 11:54:48 AM,068492a8-9bbc-456b-87fb-dc52c0aec9a7,2.0,,,,,,,,,,,,,,,,,,,,,,,,,,,,,,,,,,,"(-13.1, 0.3, 1.8)","(-13.2, 0.9, 1.9)","(-13.7, 0.5, 1.8)",
TAG_SELECTED,68698,6/27/2026 11:54:48 AM,068492a8-9bbc-456b-87fb-dc52c0aec9a7,2.0,,,,,,,,,,,,,,,,,,,,,,,,,,,,,,,,,,,,,,,,,,yellow,
AUDIO_START,68817,6/27/2026 11:54:48 AM,068492a8-9bbc-456b-87fb-dc52c0aec9a7,2.0,coming in hot,3.369796,
BAG_CLOSED,68998,6/27/2026 11:54:48 AM,068492a8-9bbc-456b-87fb-dc52c0aec9a7,2.0,,,,,,,,,,,,,,,,,,,,,,,,,,,,,,,,,,,,"(0.0, 0.0, 0.0)",
PLAYER_POSITIONS,69188,6/27/2026 11:54:48 AM,068492a8-9bbc-456b-87fb-dc52c0aec9a7,2.0,,,,,,,,,,,,,,,,,,,,,,,,,,,,,,,,,,,"(-13.1, 0.3, 1.8)","(-13.3, 0.8, 1.8)","(-13.7, 0.2, 1.7)",
PLAYER_POSITIONS,69188,6/27/2026 11:54:48 AM,068492a8-9bbc-456b-87fb-dc52c0aec9a7,2.0,,,,,,,,,,,,,,,,,,,,,,,,,,,,,,,,,,,"(-13.1, 0.3, 1.8)","(-13.3, 0.8, 1.8)","(-13.7, 0.2, 1.7)",
PLAYER_POSITIONS,69699,6/27/2026 11:54:49 AM,068492a8-9bbc-456b-87fb-dc52c0aec9a7,2.0,,,,,,,,,,,,,,,,,,,,,,,,,,,,,,,,,,,"(-13.2, 0.3, 1.8)","(-13.4, 0.8, 1.8)","(-13.7, 0.1, 1.8)",
PLAYER_POSITIONS,69699,6/27/2026 11:54:49 AM,068492a8-9bbc-456b-87fb-dc52c0aec9a7,2.0,,,,,,,,,,,,,,,,,,,,,,,,,,,,,,,,,,,"(-13.2, 0.3, 1.8)","(-13.4, 0.8, 1.8)","(-13.7, 0.1, 1.8)",
TAG_DISCARDED,70073,6/27/2026 11:54:49 AM,068492a8-9bbc-456b-87fb-dc52c0aec9a7,2.0,,,,,,,,,,,,,,,,,,,,,,,,,,,,,,,,,,,,"(-13.5, 0.5, 2.1)",,,,,,yellow,
PLAYER_POSITIONS,70209,6/27/2026 11:54:49 AM,068492a8-9bbc-456b-87fb-dc52c0aec9a7,2.0,,,,,,,,,,,,,,,,,,,,,,,,,,,,,,,,,,,"(-13.2, 0.3, 1.8)","(-13.3, 0.9, 1.9)","(-13.5, 0.6, 2.1)",
PLAYER_POSITIONS,70209,6/27/2026 11:54:49 AM,068492a8-9bbc-456b-87fb-dc52c0aec9a7,2.0,,,,,,,,,,,,,,,,,,,,,,,,,,,,,,,,,,,"(-13.2, 0.3, 1.8)","(-13.3, 0.9, 1.9)","(-13.5, 0.6, 2.1)",
PLAYER_POSITIONS,70716,6/27/2026 11:54:50 AM,068492a8-9bbc-456b-87fb-dc52c0aec9a7,2.0,,,,,,,,,,,,,,,,,,,,,,,,,,,,,,,,,,,"(-13.2, 0.3, 1.8)","(-13.3, 0.9, 1.8)","(-13.7, 0.4, 2.1)",
PLAYER_POSITIONS,70716,6/27/2026 11:54:50 AM,068492a8-9bbc-456b-87fb-dc52c0aec9a7,2.0,,,,,,,,,,,,,,,,,,,,,,,,,,,,,,,,,,,"(-13.2, 0.3, 1.8)","(-13.3, 0.9, 1.8)","(-13.7, 0.4, 2.1)",
TOOL_HOVER,71223,6/27/2026 11:54:50 AM,068492a8-9bbc-456b-87fb-dc52c0aec9a7,2.0,,,,,,,,,,,,,,,,,,,,,,,,,,,,,,,,,,,,,,,,,,,,,,999,,Tourniquet,
PLAYER_POSITIONS,71225,6/27/2026 11:54:50 AM,068492a8-9bbc-456b-87fb-dc52c0aec9a7,2.0,,,,,,,,,,,,,,,,,,,,,,,,,,,,,,,,,,,"(-13.2, 0.3, 1.8)","(-13.3, 0.9, 1.8)","(-13.7, 0.5, 1.8)",
PLAYER_POSITIONS,71225,6/27/2026 11:54:50 AM,068492a8-9bbc-456b-87fb-dc52c0aec9a7,2.0,,,,,,,,,,,,,,,,,,,,,,,,,,,,,,,,,,,"(-13.2, 0.3, 1.8)","(-13.3, 0.9, 1.8)","(-13.7, 0.5, 1.8)",
TOOL_SELECTED,71315,6/27/2026 11:54:50 AM,068492a8-9bbc-456b-87fb-dc52c0aec9a7,2.0,,,,,,,,,,,,,,,,,,,,,,,,,,,,,,,,,,,,,,,,,,,,,,998,,Tourniquet,
PLAYER_POSITIONS,71748,6/27/2026 11:54:51 AM,068492a8-9bbc-456b-87fb-dc52c0aec9a7,2.0,,,,,,,,,,,,,,,,,,,,,,,,,,,,,,,,,,,"(-13.2, 0.3, 1.8)","(-13.4, 0.7, 1.8)","(-13.7, 0.1, 1.7)",
PLAYER_POSITIONS,71748,6/27/2026 11:54:51 AM,068492a8-9bbc-456b-87fb-dc52c0aec9a7,2.0,,,,,,,,,,,,,,,,,,,,,,,,,,,,,,,,,,,"(-13.2, 0.3, 1.8)","(-13.4, 0.7, 1.8)","(-13.7, 0.1, 1.7)",
INJURY_TREATED,71973,6/27/2026 11:54:51 AM,068492a8-9bbc-456b-87fb-dc52c0aec9a7,2.0,,,,,,,,,leftLeg,L Shin Amputation,"(-13.9, 0.0, 2.0)",tourniquet,1,1,high,True,True,,,,,,,Civilian PT 3,
TOOL_APPLIED,71974,6/27/2026 11:54:51 AM,068492a8-9bbc-456b-87fb-dc52c0aec9a7,2.0,,,,,,,,,,,,,,,,,,,,,,,,Civilian PT 3,,,,,,,,,,,,,,,,,,,,AppliedTourniquet,LeftUpLeg (UnityEngine.GameObject),,Tourniquet(Clone) (UnityEngine.GameObject),Tourniquet,
AUDIO_END,72203,6/27/2026 11:54:51 AM,068492a8-9bbc-456b-87fb-dc52c0aec9a7,2.0,coming in hot,3.369796,
NARRATIVE_SECTION_END,72203,6/27/2026 11:54:51 AM,068492a8-9bbc-456b-87fb-dc52c0aec9a7,2.0,,,,,,,,,,,,,,,,,,Coming in hot,6,
NARRATIVE_SECTION_START,72243,6/27/2026 11:54:51 AM,068492a8-9bbc-456b-87fb-dc52c0aec9a7,2.0,,,,,,,,,,,,,,,,,,Jet flyover enable,7,
PLAYER_POSITIONS,72270,6/27/2026 11:54:51 AM,068492a8-9bbc-456b-87fb-dc52c0aec9a7,2.0,,,,,,,,,,,,,,,,,,,,,,,,,,,,,,,,,,,"(-13.2, 0.3, 1.8)","(-13.4, 0.8, 1.8)","(-13.7, 0.1, 1.8)",
PLAYER_POSITIONS,72270,6/27/2026 11:54:51 AM,068492a8-9bbc-456b-87fb-dc52c0aec9a7,2.0,,,,,,,,,,,,,,,,,,,,,,,,,,,,,,,,,,,"(-13.2, 0.3, 1.8)","(-13.4, 0.8, 1.8)","(-13.7, 0.1, 1.8)",
PLAYER_POSITIONS,72777,6/27/2026 11:54:52 AM,068492a8-9bbc-456b-87fb-dc52c0aec9a7,2.0,,,,,,,,,,,,,,,,,,,,,,,,,,,,,,,,,,,"(-13.2, 0.3, 1.8)","(-13.2, 0.9, 1.7)","(-13.4, 0.3, 1.7)",
PLAYER_POSITIONS,72777,6/27/2026 11:54:52 AM,068492a8-9bbc-456b-87fb-dc52c0aec9a7,2.0,,,,,,,,,,,,,,,,,,,,,,,,,,,,,,,,,,,"(-13.2, 0.3, 1.8)","(-13.2, 0.9, 1.7)","(-13.4, 0.3, 1.7)",
NARRATIVE_SECTION_END,73255,6/27/2026 11:54:52 AM,068492a8-9bbc-456b-87fb-dc52c0aec9a7,2.0,,,,,,,,,,,,,,,,,,Jet flyover enable,7,
NARRATIVE_SECTION_START,73296,6/27/2026 11:54:52 AM,068492a8-9bbc-456b-87fb-dc52c0aec9a7,2.0,,,,,,,,,,,,,,,,,,Jet flyover sound,8,
PLAYER_POSITIONS,73299,6/27/2026 11:54:52 AM,068492a8-9bbc-456b-87fb-dc52c0aec9a7,2.0,,,,,,,,,,,,,,,,,,,,,,,,,,,,,,,,,,,"(-13.2, 0.3, 1.8)","(-13.2, 0.9, 1.7)","(-13.4, 0.4, 1.7)",
PLAYER_POSITIONS,73299,6/27/2026 11:54:52 AM,068492a8-9bbc-456b-87fb-dc52c0aec9a7,2.0,,,,,,,,,,,,,,,,,,,,,,,,,,,,,,,,,,,"(-13.2, 0.3, 1.8)","(-13.2, 0.9, 1.7)","(-13.4, 0.4, 1.7)",
VOICE_CAPTURE,73533,6/27/2026 11:54:52 AM,068492a8-9bbc-456b-87fb-dc52c0aec9a7,2.0,,,,,,,,,,,,,,,,,,,,,,,,,,,,,,,,,,,,,,,,,,,,,,,,,,,NA,Hey.,
BAG_CLOSED,73753,6/27/2026 11:54:53 AM,068492a8-9bbc-456b-87fb-dc52c0aec9a7,2.0,,,,,,,,,,,,,,,,,,,,,,,,,,,,,,,,,,,,"(0.0, 0.0, 0.0)",
PLAYER_POSITIONS,73801,6/27/2026 11:54:53 AM,068492a8-9bbc-456b-87fb-dc52c0aec9a7,2.0,,,,,,,,,,,,,,,,,,,,,,,,,,,,,,,,,,,"(-13.2, 0.4, 1.7)","(-13.3, 0.9, 1.9)","(-13.5, 0.6, 2.0)",
PLAYER_POSITIONS,73801,6/27/2026 11:54:53 AM,068492a8-9bbc-456b-87fb-dc52c0aec9a7,2.0,,,,,,,,,,,,,,,,,,,,,,,,,,,,,,,,,,,"(-13.2, 0.4, 1.7)","(-13.3, 0.9, 1.9)","(-13.5, 0.6, 2.0)",
VOICE_CAPTURE,74022,6/27/2026 11:54:53 AM,068492a8-9bbc-456b-87fb-dc52c0aec9a7,2.0,,,,,,,,,,,,,,,,,,,,,,,,,,,,,,,,,,,,,,,,,,,,,,,,,,,NA,"Hey. Hey, can you turn over?",
PLAYER_POSITIONS,74311,6/27/2026 11:54:53 AM,068492a8-9bbc-456b-87fb-dc52c0aec9a7,2.0,,,,,,,,,,,,,,,,,,,,,,,,,,,,,,,,,,,"(-13.2, 0.4, 1.8)","(-13.2, 0.9, 1.9)","(-13.6, 0.5, 2.2)",
PLAYER_POSITIONS,74311,6/27/2026 11:54:53 AM,068492a8-9bbc-456b-87fb-dc52c0aec9a7,2.0,,,,,,,,,,,,,,,,,,,,,,,,,,,,,,,,,,,"(-13.2, 0.4, 1.8)","(-13.2, 0.9, 1.9)","(-13.6, 0.5, 2.2)",
VOICE_CAPTURE,74544,6/27/2026 11:54:53 AM,068492a8-9bbc-456b-87fb-dc52c0aec9a7,2.0,,,,,,,,,,,,,,,,,,,,,,,,,,,,,,,,,,,,,,,,,,,,,,,,,,,NA,"Hey. Hey, can you turn over?",
VOICE_CAPTURE,74544,6/27/2026 11:54:53 AM,068492a8-9bbc-456b-87fb-dc52c0aec9a7,2.0,,,,,,,,,,,,,,,,,,,,,,,,,,,,,,,,,,,,,,,,,,,,,,,,,,,NA,"Hey. Hey, can you turn over?",
PLAYER_POSITIONS,74811,6/27/2026 11:54:54 AM,068492a8-9bbc-456b-87fb-dc52c0aec9a7,2.0,,,,,,,,,,,,,,,,,,,,,,,,,,,,,,,,,,,"(-13.1, 0.4, 1.8)","(-13.2, 0.9, 1.9)","(-13.5, 0.5, 2.1)",
PLAYER_POSITIONS,74811,6/27/2026 11:54:54 AM,068492a8-9bbc-456b-87fb-dc52c0aec9a7,2.0,,,,,,,,,,,,,,,,,,,,,,,,,,,,,,,,,,,"(-13.1, 0.4, 1.8)","(-13.2, 0.9, 1.9)","(-13.5, 0.5, 2.1)",
AUDIO_START,75298,6/27/2026 11:54:54 AM,068492a8-9bbc-456b-87fb-dc52c0aec9a7,2.0,jet flyover,8.071836,
PLAYER_POSITIONS,75315,6/27/2026 11:54:54 AM,068492a8-9bbc-456b-87fb-dc52c0aec9a7,2.0,,,,,,,,,,,,,,,,,,,,,,,,,,,,,,,,,,,"(-13.1, 0.4, 1.9)","(-13.2, 1.0, 1.9)","(-13.3, 0.4, 1.8)",
PLAYER_GAZE,75315,6/27/2026 11:54:54 AM,068492a8-9bbc-456b-87fb-dc52c0aec9a7,2.0,,,,,,,,,,,,,,,,,,,,,,,,Civilian PT 15,,,,,,,,,"(1.2, 1.0, 2.2)",,,"(-14.4, 0.0, -0.3)",
PLAYER_POSITIONS,75315,6/27/2026 11:54:54 AM,068492a8-9bbc-456b-87fb-dc52c0aec9a7,2.0,,,,,,,,,,,,,,,,,,,,,,,,,,,,,,,,,,,"(-13.1, 0.4, 1.9)","(-13.2, 1.0, 1.9)","(-13.3, 0.4, 1.8)",
PLAYER_GAZE,75315,6/27/2026 11:54:54 AM,068492a8-9bbc-456b-87fb-dc52c0aec9a7,2.0,,,,,,,,,,,,,,,,,,,,,,,,Civilian PT 15,,,,,,,,,"(1.2, 1.0, 2.2)",,,"(-14.4, 0.0, -0.3)",
BAG_CLOSED,75831,6/27/2026 11:54:55 AM,068492a8-9bbc-456b-87fb-dc52c0aec9a7,2.0,,,,,,,,,,,,,,,,,,,,,,,,,,,,,,,,,,,,"(0.0, 0.0, 0.0)",
PLAYER_POSITIONS,75834,6/27/2026 11:54:55 AM,068492a8-9bbc-456b-87fb-dc52c0aec9a7,2.0,,,,,,,,,,,,,,,,,,,,,,,,,,,,,,,,,,,"(-13.1, 0.4, 1.9)","(-13.1, 1.0, 2.0)","(-13.3, 0.4, 1.7)",
PLAYER_POSITIONS,75834,6/27/2026 11:54:55 AM,068492a8-9bbc-456b-87fb-dc52c0aec9a7,2.0,,,,,,,,,,,,,,,,,,,,,,,,,,,,,,,,,,,"(-13.1, 0.4, 1.9)","(-13.1, 1.0, 2.0)","(-13.3, 0.4, 1.7)",
PLAYER_POSITIONS,76354,6/27/2026 11:54:55 AM,068492a8-9bbc-456b-87fb-dc52c0aec9a7,2.0,,,,,,,,,,,,,,,,,,,,,,,,,,,,,,,,,,,"(-13.1, 0.4, 1.9)","(-13.1, 1.0, 2.0)","(-13.4, 0.6, 1.9)",
PLAYER_POSITIONS,76354,6/27/2026 11:54:55 AM,068492a8-9bbc-456b-87fb-dc52c0aec9a7,2.0,,,,,,,,,,,,,,,,,,,,,,,,,,,,,,,,,,,"(-13.1, 0.4, 1.9)","(-13.1, 1.0, 2.0)","(-13.4, 0.6, 1.9)",
PATIENT_DISENGAGED,76839,6/27/2026 11:54:56 AM,068492a8-9bbc-456b-87fb-dc52c0aec9a7,2.0,,,,12.04,,,,,,,,,,,,,,,,normal,100,Infinity,normal,Civilian PT 3,upset,prone,"(-14.3, -0.1, 1.6)",normal,"(0.0, 0.0, 0.0, 1.0)",normal,DELAYED,still,,,,,,,,,,,,,,,,,12.04,
PLAYER_POSITIONS,76864,6/27/2026 11:54:56 AM,068492a8-9bbc-456b-87fb-dc52c0aec9a7,2.0,,,,,,,,,,,,,,,,,,,,,,,,,,,,,,,,,,,"(-14.3, 0.4, -2.1)","(-14.3, 1.0, -2.1)","(-14.5, 0.6, -2.4)",
PLAYER_POSITIONS,76864,6/27/2026 11:54:56 AM,068492a8-9bbc-456b-87fb-dc52c0aec9a7,2.0,,,,,,,,,,,,,,,,,,,,,,,,,,,,,,,,,,,"(-14.3, 0.4, -2.1)","(-14.3, 1.0, -2.1)","(-14.5, 0.6, -2.4)",
TELEPORT,76954,6/27/2026 11:54:56 AM,068492a8-9bbc-456b-87fb-dc52c0aec9a7,2.0,,,,,,,,,,,,,,,,,,,,,,,,,,,,,,,,,,,,"(-13.1, 1.0, 1.9)",,,,,,,"(-14.3, 1.0, -2.1)",
PLAYER_POSITIONS,77386,6/27/2026 11:54:56 AM,068492a8-9bbc-456b-87fb-dc52c0aec9a7,2.0,,,,,,,,,,,,,,,,,,,,,,,,,,,,,,,,,,,"(-14.5, 0.4, -2.1)","(-14.5, 1.0, -2.0)","(-14.8, 0.5, -1.8)",
PLAYER_GAZE,77386,6/27/2026 11:54:56 AM,068492a8-9bbc-456b-87fb-dc52c0aec9a7,2.0,,,,,,,,,,,,,,,,,,,,,,,,Civilian PT 8,,,,,,,,,"(1.3, 1.0, -0.2)",,,"(-15.8, 0.0, -1.8)",
PLAYER_POSITIONS,77386,6/27/2026 11:54:56 AM,068492a8-9bbc-456b-87fb-dc52c0aec9a7,2.0,,,,,,,,,,,,,,,,,,,,,,,,,,,,,,,,,,,"(-14.5, 0.4, -2.1)","(-14.5, 1.0, -2.0)","(-14.8, 0.5, -1.8)",
PLAYER_GAZE,77386,6/27/2026 11:54:56 AM,068492a8-9bbc-456b-87fb-dc52c0aec9a7,2.0,,,,,,,,,,,,,,,,,,,,,,,,Civilian PT 8,,,,,,,,,"(1.3, 1.0, -0.2)",,,"(-15.8, 0.0, -1.8)",
PLAYER_POSITIONS,77896,6/27/2026 11:54:57 AM,068492a8-9bbc-456b-87fb-dc52c0aec9a7,2.0,,,,,,,,,,,,,,,,,,,,,,,,,,,,,,,,,,,"(-15.2, 0.5, -2.3)","(-15.0, 1.1, -2.4)","(-15.4, 0.6, -2.0)",
PLAYER_POSITIONS,77896,6/27/2026 11:54:57 AM,068492a8-9bbc-456b-87fb-dc52c0aec9a7,2.0,,,,,,,,,,,,,,,,,,,,,,,,,,,,,,,,,,,"(-15.2, 0.5, -2.3)","(-15.0, 1.1, -2.4)","(-15.4, 0.6, -2.0)",
PLAYER_POSITIONS,78424,6/27/2026 11:54:57 AM,068492a8-9bbc-456b-87fb-dc52c0aec9a7,2.0,,,,,,,,,,,,,,,,,,,,,,,,,,,,,,,,,,,"(-15.4, 0.4, -2.6)","(-15.2, 1.1, -2.6)","(-15.6, 0.6, -2.2)",
PLAYER_POSITIONS,78424,6/27/2026 11:54:57 AM,068492a8-9bbc-456b-87fb-dc52c0aec9a7,2.0,,,,,,,,,,,,,,,,,,,,,,,,,,,,,,,,,,,"(-15.4, 0.4, -2.6)","(-15.2, 1.1, -2.6)","(-15.6, 0.6, -2.2)",
PLAYER_POSITIONS,78927,6/27/2026 11:54:58 AM,068492a8-9bbc-456b-87fb-dc52c0aec9a7,2.0,,,,,,,,,,,,,,,,,,,,,,,,,,,,,,,,,,,"(-15.5, 0.5, -2.6)","(-15.3, 1.1, -2.8)","(-15.6, 0.6, -2.3)",
PLAYER_POSITIONS,78927,6/27/2026 11:54:58 AM,068492a8-9bbc-456b-87fb-dc52c0aec9a7,2.0,,,,,,,,,,,,,,,,,,,,,,,,,,,,,,,,,,,"(-15.5, 0.5, -2.6)","(-15.3, 1.1, -2.8)","(-15.6, 0.6, -2.3)",
PLAYER_POSITIONS,79439,6/27/2026 11:54:58 AM,068492a8-9bbc-456b-87fb-dc52c0aec9a7,2.0,,,,,,,,,,,,,,,,,,,,,,,,,,,,,,,,,,,"(-15.5, 0.4, -2.7)","(-15.4, 1.0, -2.7)","(-15.7, 0.5, -2.4)",
PLAYER_POSITIONS,79439,6/27/2026 11:54:58 AM,068492a8-9bbc-456b-87fb-dc52c0aec9a7,2.0,,,,,,,,,,,,,,,,,,,,,,,,,,,,,,,,,,,"(-15.5, 0.4, -2.7)","(-15.4, 1.0, -2.7)","(-15.7, 0.5, -2.4)",
PATIENT_ENGAGED,79880,6/27/2026 11:54:59 AM,068492a8-9bbc-456b-87fb-dc52c0aec9a7,2.0,,,,0,,,,,,,,,,,,,,,,fast,100,Infinity,normal,Civilian PT 8,upset,sittingGround,"(-15.8, -0.1, -1.8)",fast,"(0.0, 0.4, 0.0, 0.9)",normal,IMMEDIATE,still,,,,,,,,,,,,,,,,,0,
PLAYER_POSITIONS,79950,6/27/2026 11:54:59 AM,068492a8-9bbc-456b-87fb-dc52c0aec9a7,2.0,,,,,,,,,,,,,,,,,,,,,,,,,,,,,,,,,,,"(-15.5, 0.3, -2.8)","(-15.4, 0.9, -2.6)","(-15.6, 0.4, -2.3)",
PLAYER_POSITIONS,79950,6/27/2026 11:54:59 AM,068492a8-9bbc-456b-87fb-dc52c0aec9a7,2.0,,,,,,,,,,,,,,,,,,,,,,,,,,,,,,,,,,,"(-15.5, 0.3, -2.8)","(-15.4, 0.9, -2.6)","(-15.6, 0.4, -2.3)",
VOICE_CAPTURE,79983,6/27/2026 11:54:59 AM,068492a8-9bbc-456b-87fb-dc52c0aec9a7,2.0,,,,,,,,,,,,,,,,,,,,,,,,,,,,,,,,,,,,,,,,,,,,,,,,,,,NA,Oh,
PLAYER_POSITIONS,80461,6/27/2026 11:54:59 AM,068492a8-9bbc-456b-87fb-dc52c0aec9a7,2.0,,,,,,,,,,,,,,,,,,,,,,,,,,,,,,,,,,,"(-15.6, 0.3, -2.7)","(-15.4, 0.9, -2.5)","(-15.4, 0.4, -2.1)",
PLAYER_GAZE,80461,6/27/2026 11:54:59 AM,068492a8-9bbc-456b-87fb-dc52c0aec9a7,2.0,,,,,,,,,,,,,,,,,,,,,,,,Civilian PT 8,,,,,,,,,"(0.4, 0.9, -0.7)",,,"(-15.8, 0.0, -1.8)",
PLAYER_POSITIONS,80461,6/27/2026 11:54:59 AM,068492a8-9bbc-456b-87fb-dc52c0aec9a7,2.0,,,,,,,,,,,,,,,,,,,,,,,,,,,,,,,,,,,"(-15.6, 0.3, -2.7)","(-15.4, 0.9, -2.5)","(-15.4, 0.4, -2.1)",
PLAYER_GAZE,80461,6/27/2026 11:54:59 AM,068492a8-9bbc-456b-87fb-dc52c0aec9a7,2.0,,,,,,,,,,,,,,,,,,,,,,,,Civilian PT 8,,,,,,,,,"(0.4, 0.9, -0.7)",,,"(-15.8, 0.0, -1.8)",
PLAYER_POSITIONS,80985,6/27/2026 11:55:00 AM,068492a8-9bbc-456b-87fb-dc52c0aec9a7,2.0,,,,,,,,,,,,,,,,,,,,,,,,,,,,,,,,,,,"(-15.4, 0.3, -2.4)","(-15.2, 0.9, -2.3)","(-15.3, 0.5, -1.9)",
PLAYER_GAZE,80985,6/27/2026 11:55:00 AM,068492a8-9bbc-456b-87fb-dc52c0aec9a7,2.0,,,,,,,,,,,,,,,,,,,,,,,,Civilian PT 8,,,,,,,,,"(0.5, 0.9, -0.5)",,,"(-15.8, 0.0, -1.8)",
PLAYER_POSITIONS,80985,6/27/2026 11:55:00 AM,068492a8-9bbc-456b-87fb-dc52c0aec9a7,2.0,,,,,,,,,,,,,,,,,,,,,,,,,,,,,,,,,,,"(-15.4, 0.3, -2.4)","(-15.2, 0.9, -2.3)","(-15.3, 0.5, -1.9)",
PLAYER_GAZE,80985,6/27/2026 11:55:00 AM,068492a8-9bbc-456b-87fb-dc52c0aec9a7,2.0,,,,,,,,,,,,,,,,,,,,,,,,Civilian PT 8,,,,,,,,,"(0.5, 0.9, -0.5)",,,"(-15.8, 0.0, -1.8)",
PLAYER_POSITIONS,81502,6/27/2026 11:55:00 AM,068492a8-9bbc-456b-87fb-dc52c0aec9a7,2.0,,,,,,,,,,,,,,,,,,,,,,,,,,,,,,,,,,,"(-15.3, 0.3, -2.4)","(-15.2, 0.9, -2.2)","(-15.4, 0.5, -2.0)",
PLAYER_GAZE,81503,6/27/2026 11:55:00 AM,068492a8-9bbc-456b-87fb-dc52c0aec9a7,2.0,,,,,,,,,,,,,,,,,,,,,,,,Civilian PT 8,,,,,,,,,"(0.6, 0.9, -0.4)",,,"(-15.8, 0.0, -1.8)",
PLAYER_POSITIONS,81502,6/27/2026 11:55:00 AM,068492a8-9bbc-456b-87fb-dc52c0aec9a7,2.0,,,,,,,,,,,,,,,,,,,,,,,,,,,,,,,,,,,"(-15.3, 0.3, -2.4)","(-15.2, 0.9, -2.2)","(-15.4, 0.5, -2.0)",
PLAYER_GAZE,81503,6/27/2026 11:55:00 AM,068492a8-9bbc-456b-87fb-dc52c0aec9a7,2.0,,,,,,,,,,,,,,,,,,,,,,,,Civilian PT 8,,,,,,,,,"(0.6, 0.9, -0.4)",,,"(-15.8, 0.0, -1.8)",
TAG_SELECTED,81766,6/27/2026 11:55:01 AM,068492a8-9bbc-456b-87fb-dc52c0aec9a7,2.0,,,,,,,,,,,,,,,,,,,,,,,,,,,,,,,,,,,,,,,,,,yellow,
PLAYER_POSITIONS,82003,6/27/2026 11:55:01 AM,068492a8-9bbc-456b-87fb-dc52c0aec9a7,2.0,,,,,,,,,,,,,,,,,,,,,,,,,,,,,,,,,,,"(-15.2, 0.3, -2.4)","(-15.3, 0.9, -2.3)","(-15.6, 0.4, -2.2)",
PLAYER_POSITIONS,82003,6/27/2026 11:55:01 AM,068492a8-9bbc-456b-87fb-dc52c0aec9a7,2.0,,,,,,,,,,,,,,,,,,,,,,,,,,,,,,,,,,,"(-15.2, 0.3, -2.4)","(-15.3, 0.9, -2.3)","(-15.6, 0.4, -2.2)",
TAG_DISCARDED,82445,6/27/2026 11:55:01 AM,068492a8-9bbc-456b-87fb-dc52c0aec9a7,2.0,,,,,,,,,,,,,,,,,,,,,,,,,,,,,,,,,,,,"(-15.4, 0.5, -2.1)",,,,,,yellow,
PLAYER_POSITIONS,82503,6/27/2026 11:55:01 AM,068492a8-9bbc-456b-87fb-dc52c0aec9a7,2.0,,,,,,,,,,,,,,,,,,,,,,,,,,,,,,,,,,,"(-15.2, 0.3, -2.5)","(-15.3, 0.9, -2.3)","(-15.5, 0.5, -2.1)",
PLAYER_POSITIONS,82503,6/27/2026 11:55:01 AM,068492a8-9bbc-456b-87fb-dc52c0aec9a7,2.0,,,,,,,,,,,,,,,,,,,,,,,,,,,,,,,,,,,"(-15.2, 0.3, -2.5)","(-15.3, 0.9, -2.3)","(-15.5, 0.5, -2.1)",
TOOL_HOVER,82611,6/27/2026 11:55:01 AM,068492a8-9bbc-456b-87fb-dc52c0aec9a7,2.0,,,,,,,,,,,,,,,,,,,,,,,,,,,,,,,,,,,,,,,,,,,,,,998,,Tourniquet,
TOOL_SELECTED,82745,6/27/2026 11:55:02 AM,068492a8-9bbc-456b-87fb-dc52c0aec9a7,2.0,,,,,,,,,,,,,,,,,,,,,,,,,,,,,,,,,,,,,,,,,,,,,,997,,Tourniquet,
PLAYER_POSITIONS,83019,6/27/2026 11:55:02 AM,068492a8-9bbc-456b-87fb-dc52c0aec9a7,2.0,,,,,,,,,,,,,,,,,,,,,,,,,,,,,,,,,,,"(-15.2, 0.3, -2.5)","(-15.3, 0.9, -2.3)","(-15.6, 0.4, -2.2)",
PLAYER_POSITIONS,83019,6/27/2026 11:55:02 AM,068492a8-9bbc-456b-87fb-dc52c0aec9a7,2.0,,,,,,,,,,,,,,,,,,,,,,,,,,,,,,,,,,,"(-15.2, 0.3, -2.5)","(-15.3, 0.9, -2.3)","(-15.6, 0.4, -2.2)",
AUDIO_END,83373,6/27/2026 11:55:02 AM,068492a8-9bbc-456b-87fb-dc52c0aec9a7,2.0,jet flyover,8.071836,
NARRATIVE_SECTION_END,83375,6/27/2026 11:55:02 AM,068492a8-9bbc-456b-87fb-dc52c0aec9a7,2.0,,,,,,,,,,,,,,,,,,Jet flyover sound,8,
INJURY_TREATED,83403,6/27/2026 11:55:02 AM,068492a8-9bbc-456b-87fb-dc52c0aec9a7,2.0,,,,,,,,,rightArm,R Arm Amputation,"(-15.6, 0.3, -2.2)",tourniquet,1,1,high,True,True,,,,,,,Civilian PT 8,
TOOL_APPLIED,83403,6/27/2026 11:55:02 AM,068492a8-9bbc-456b-87fb-dc52c0aec9a7,2.0,,,,,,,,,,,,,,,,,,,,,,,,Civilian PT 8,,,,,,,,,,,,,,,,,,,,AppliedTourniquet,RightArm (UnityEngine.GameObject),,Tourniquet(Clone) (UnityEngine.GameObject),Tourniquet,
NARRATIVE_SECTION_START,83436,6/27/2026 11:55:02 AM,068492a8-9bbc-456b-87fb-dc52c0aec9a7,2.0,,,,,,,,,,,,,,,,,,Distant Explosion,9,
PLAYER_POSITIONS,83526,6/27/2026 11:55:02 AM,068492a8-9bbc-456b-87fb-dc52c0aec9a7,2.0,,,,,,,,,,,,,,,,,,,,,,,,,,,,,,,,,,,"(-15.2, 0.3, -2.5)","(-15.3, 0.9, -2.3)","(-15.7, 0.3, -2.2)",
PLAYER_POSITIONS,83526,6/27/2026 11:55:02 AM,068492a8-9bbc-456b-87fb-dc52c0aec9a7,2.0,,,,,,,,,,,,,,,,,,,,,,,,,,,,,,,,,,,"(-15.2, 0.3, -2.5)","(-15.3, 0.9, -2.3)","(-15.7, 0.3, -2.2)",
BAG_CLOSED,83813,6/27/2026 11:55:03 AM,068492a8-9bbc-456b-87fb-dc52c0aec9a7,2.0,,,,,,,,,,,,,,,,,,,,,,,,,,,,,,,,,,,,"(0.0, 0.0, 0.0)",
PLAYER_POSITIONS,84039,6/27/2026 11:55:03 AM,068492a8-9bbc-456b-87fb-dc52c0aec9a7,2.0,,,,,,,,,,,,,,,,,,,,,,,,,,,,,,,,,,,"(-15.3, 0.4, -2.3)","(-15.3, 1.0, -2.2)","(-15.5, 0.5, -1.9)",
PLAYER_GAZE,84039,6/27/2026 11:55:03 AM,068492a8-9bbc-456b-87fb-dc52c0aec9a7,2.0,,,,,,,,,,,,,,,,,,,,,,,,Civilian PT 8,,,,,,,,,"(0.5, 1.0, -0.4)",,,"(-15.8, 0.0, -1.8)",
PLAYER_POSITIONS,84039,6/27/2026 11:55:03 AM,068492a8-9bbc-456b-87fb-dc52c0aec9a7,2.0,,,,,,,,,,,,,,,,,,,,,,,,,,,,,,,,,,,"(-15.3, 0.4, -2.3)","(-15.3, 1.0, -2.2)","(-15.5, 0.5, -1.9)",
PLAYER_GAZE,84039,6/27/2026 11:55:03 AM,068492a8-9bbc-456b-87fb-dc52c0aec9a7,2.0,,,,,,,,,,,,,,,,,,,,,,,,Civilian PT 8,,,,,,,,,"(0.5, 1.0, -0.4)",,,"(-15.8, 0.0, -1.8)",
AUDIO_START,84433,6/27/2026 11:55:03 AM,068492a8-9bbc-456b-87fb-dc52c0aec9a7,2.0,distant explosion,4.675919,
PLAYER_POSITIONS,84550,6/27/2026 11:55:03 AM,068492a8-9bbc-456b-87fb-dc52c0aec9a7,2.0,,,,,,,,,,,,,,,,,,,,,,,,,,,,,,,,,,,"(-15.4, 0.4, -2.2)","(-15.3, 1.0, -2.0)","(-15.4, 0.5, -1.7)",
PLAYER_GAZE,84550,6/27/2026 11:55:03 AM,068492a8-9bbc-456b-87fb-dc52c0aec9a7,2.0,,,,,,,,,,,,,,,,,,,,,,,,Civilian PT 8,,,,,,,,,"(0.5, 1.0, -0.2)",,,"(-15.8, 0.0, -1.8)",
PLAYER_POSITIONS,84550,6/27/2026 11:55:03 AM,068492a8-9bbc-456b-87fb-dc52c0aec9a7,2.0,,,,,,,,,,,,,,,,,,,,,,,,,,,,,,,,,,,"(-15.4, 0.4, -2.2)","(-15.3, 1.0, -2.0)","(-15.4, 0.5, -1.7)",
PLAYER_GAZE,84550,6/27/2026 11:55:03 AM,068492a8-9bbc-456b-87fb-dc52c0aec9a7,2.0,,,,,,,,,,,,,,,,,,,,,,,,Civilian PT 8,,,,,,,,,"(0.5, 1.0, -0.2)",,,"(-15.8, 0.0, -1.8)",
PLAYER_POSITIONS,85059,6/27/2026 11:55:04 AM,068492a8-9bbc-456b-87fb-dc52c0aec9a7,2.0,,,,,,,,,,,,,,,,,,,,,,,,,,,,,,,,,,,"(-15.6, 0.4, -2.0)","(-15.3, 1.0, -1.9)","(-15.4, 0.5, -1.5)",
PLAYER_POSITIONS,85059,6/27/2026 11:55:04 AM,068492a8-9bbc-456b-87fb-dc52c0aec9a7,2.0,,,,,,,,,,,,,,,,,,,,,,,,,,,,,,,,,,,"(-15.6, 0.4, -2.0)","(-15.3, 1.0, -1.9)","(-15.4, 0.5, -1.5)",
PLAYER_POSITIONS,85578,6/27/2026 11:55:04 AM,068492a8-9bbc-456b-87fb-dc52c0aec9a7,2.0,,,,,,,,,,,,,,,,,,,,,,,,,,,,,,,,,,,"(-15.5, 0.3, -1.7)","(-15.2, 1.1, -1.8)","(-15.1, 0.6, -1.6)",
PLAYER_POSITIONS,85578,6/27/2026 11:55:04 AM,068492a8-9bbc-456b-87fb-dc52c0aec9a7,2.0,,,,,,,,,,,,,,,,,,,,,,,,,,,,,,,,,,,"(-15.5, 0.3, -1.7)","(-15.2, 1.1, -1.8)","(-15.1, 0.6, -1.6)",
PLAYER_POSITIONS,86089,6/27/2026 11:55:05 AM,068492a8-9bbc-456b-87fb-dc52c0aec9a7,2.0,,,,,,,,,,,,,,,,,,,,,,,,,,,,,,,,,,,"(-15.2, 0.2, -1.8)","(-14.9, 1.0, -1.9)","(-14.8, 0.5, -1.6)",
PLAYER_POSITIONS,86089,6/27/2026 11:55:05 AM,068492a8-9bbc-456b-87fb-dc52c0aec9a7,2.0,,,,,,,,,,,,,,,,,,,,,,,,,,,,,,,,,,,"(-15.2, 0.2, -1.8)","(-14.9, 1.0, -1.9)","(-14.8, 0.5, -1.6)",
PLAYER_POSITIONS,86599,6/27/2026 11:55:05 AM,068492a8-9bbc-456b-87fb-dc52c0aec9a7,2.0,,,,,,,,,,,,,,,,,,,,,,,,,,,,,,,,,,,"(-15.0, 0.1, -1.7)","(-14.8, 1.0, -1.9)","(-14.5, 0.5, -1.8)",
PLAYER_POSITIONS,86599,6/27/2026 11:55:05 AM,068492a8-9bbc-456b-87fb-dc52c0aec9a7,2.0,,,,,,,,,,,,,,,,,,,,,,,,,,,,,,,,,,,"(-15.0, 0.1, -1.7)","(-14.8, 1.0, -1.9)","(-14.5, 0.5, -1.8)",
VOICE_CAPTURE,86978,6/27/2026 11:55:06 AM,068492a8-9bbc-456b-87fb-dc52c0aec9a7,2.0,,,,,,,,,,,,,,,,,,,,,,,,,,,,,,,,,,,,,,,,,,,,,,,,,,,NA,Thank you.,
PLAYER_POSITIONS,87111,6/27/2026 11:55:06 AM,068492a8-9bbc-456b-87fb-dc52c0aec9a7,2.0,,,,,,,,,,,,,,,,,,,,,,,,,,,,,,,,,,,"(-15.0, 0.1, -1.5)","(-14.8, 1.0, -1.9)","(-14.4, 0.4, -1.9)",
PLAYER_POSITIONS,87111,6/27/2026 11:55:06 AM,068492a8-9bbc-456b-87fb-dc52c0aec9a7,2.0,,,,,,,,,,,,,,,,,,,,,,,,,,,,,,,,,,,"(-15.0, 0.1, -1.5)","(-14.8, 1.0, -1.9)","(-14.4, 0.4, -1.9)",
VOICE_CAPTURE,87490,6/27/2026 11:55:06 AM,068492a8-9bbc-456b-87fb-dc52c0aec9a7,2.0,,,,,,,,,,,,,,,,,,,,,,,,,,,,,,,,,,,,,,,,,,,,,,,,,,,NA,Thank you.,
VOICE_CAPTURE,87490,6/27/2026 11:55:06 AM,068492a8-9bbc-456b-87fb-dc52c0aec9a7,2.0,,,,,,,,,,,,,,,,,,,,,,,,,,,,,,,,,,,,,,,,,,,,,,,,,,,NA,Thank you.,
PLAYER_POSITIONS,87622,6/27/2026 11:55:06 AM,068492a8-9bbc-456b-87fb-dc52c0aec9a7,2.0,,,,,,,,,,,,,,,,,,,,,,,,,,,,,,,,,,,"(-14.8, 0.2, -1.5)","(-14.8, 1.1, -1.8)","(-14.5, 0.5, -2.1)",
PLAYER_POSITIONS,87622,6/27/2026 11:55:06 AM,068492a8-9bbc-456b-87fb-dc52c0aec9a7,2.0,,,,,,,,,,,,,,,,,,,,,,,,,,,,,,,,,,,"(-14.8, 0.2, -1.5)","(-14.8, 1.1, -1.8)","(-14.5, 0.5, -2.1)",
PLAYER_POSITIONS,88131,6/27/2026 11:55:07 AM,068492a8-9bbc-456b-87fb-dc52c0aec9a7,2.0,,,,,,,,,,,,,,,,,,,,,,,,,,,,,,,,,,,"(-14.9, 0.2, -1.7)","(-14.9, 1.1, -1.9)","(-14.6, 0.6, -2.2)",
PLAYER_GAZE,88131,6/27/2026 11:55:07 AM,068492a8-9bbc-456b-87fb-dc52c0aec9a7,2.0,,,,,,,,,,,,,,,,,,,,,,,,Military PT 12,,,,,,,,,"(-2.1, 1.1, 2.2)",,,"(-12.8, 0.0, -4.1)",
PLAYER_POSITIONS,88131,6/27/2026 11:55:07 AM,068492a8-9bbc-456b-87fb-dc52c0aec9a7,2.0,,,,,,,,,,,,,,,,,,,,,,,,,,,,,,,,,,,"(-14.9, 0.2, -1.7)","(-14.9, 1.1, -1.9)","(-14.6, 0.6, -2.2)",
PLAYER_GAZE,88131,6/27/2026 11:55:07 AM,068492a8-9bbc-456b-87fb-dc52c0aec9a7,2.0,,,,,,,,,,,,,,,,,,,,,,,,Military PT 12,,,,,,,,,"(-2.1, 1.1, 2.2)",,,"(-12.8, 0.0, -4.1)",
PLAYER_POSITIONS,88632,6/27/2026 11:55:08 AM,068492a8-9bbc-456b-87fb-dc52c0aec9a7,2.0,,,,,,,,,,,,,,,,,,,,,,,,,,,,,,,,,,,"(-14.8, 0.2, -1.7)","(-14.9, 1.1, -1.9)","(-14.7, 0.6, -2.2)",
PLAYER_GAZE,88632,6/27/2026 11:55:08 AM,068492a8-9bbc-456b-87fb-dc52c0aec9a7,2.0,,,,,,,,,,,,,,,,,,,,,,,,Military PT 12,,,,,,,,,"(-2.1, 1.1, 2.2)",,,"(-12.8, 0.0, -4.1)",
PLAYER_POSITIONS,88632,6/27/2026 11:55:08 AM,068492a8-9bbc-456b-87fb-dc52c0aec9a7,2.0,,,,,,,,,,,,,,,,,,,,,,,,,,,,,,,,,,,"(-14.8, 0.2, -1.7)","(-14.9, 1.1, -1.9)","(-14.7, 0.6, -2.2)",
PLAYER_GAZE,88632,6/27/2026 11:55:08 AM,068492a8-9bbc-456b-87fb-dc52c0aec9a7,2.0,,,,,,,,,,,,,,,,,,,,,,,,Military PT 12,,,,,,,,,"(-2.1, 1.1, 2.2)",,,"(-12.8, 0.0, -4.1)",
AUDIO_END,89112,6/27/2026 11:55:08 AM,068492a8-9bbc-456b-87fb-dc52c0aec9a7,2.0,distant explosion,4.675919,
NARRATIVE_SECTION_END,89112,6/27/2026 11:55:08 AM,068492a8-9bbc-456b-87fb-dc52c0aec9a7,2.0,,,,,,,,,,,,,,,,,,Distant Explosion,9,
NARRATIVE_SECTION_START,89129,6/27/2026 11:55:08 AM,068492a8-9bbc-456b-87fb-dc52c0aec9a7,2.0,,,,,,,,,,,,,,,,,,Thats a good hit,10,
PLAYER_POSITIONS,89132,6/27/2026 11:55:08 AM,068492a8-9bbc-456b-87fb-dc52c0aec9a7,2.0,,,,,,,,,,,,,,,,,,,,,,,,,,,,,,,,,,,"(-14.1, 0.2, -2.0)","(-14.2, 1.1, -2.2)","(-13.9, 0.6, -2.6)",
PLAYER_GAZE,89132,6/27/2026 11:55:08 AM,068492a8-9bbc-456b-87fb-dc52c0aec9a7,2.0,,,,,,,,,,,,,,,,,,,,,,,,Military PT 12,,,,,,,,,"(-1.4, 1.1, 1.9)",,,"(-12.8, 0.0, -4.1)",
PLAYER_POSITIONS,89132,6/27/2026 11:55:08 AM,068492a8-9bbc-456b-87fb-dc52c0aec9a7,2.0,,,,,,,,,,,,,,,,,,,,,,,,,,,,,,,,,,,"(-14.1, 0.2, -2.0)","(-14.2, 1.1, -2.2)","(-13.9, 0.6, -2.6)",
PLAYER_GAZE,89132,6/27/2026 11:55:08 AM,068492a8-9bbc-456b-87fb-dc52c0aec9a7,2.0,,,,,,,,,,,,,,,,,,,,,,,,Military PT 12,,,,,,,,,"(-1.4, 1.1, 1.9)",,,"(-12.8, 0.0, -4.1)",
PATIENT_DISENGAGED,89328,6/27/2026 11:55:08 AM,068492a8-9bbc-456b-87fb-dc52c0aec9a7,2.0,,,,9.45,,,,,,,,,,,,,,,,fast,100,Infinity,normal,Civilian PT 8,upset,sittingGround,"(-15.8, -0.1, -1.8)",fast,"(0.0, 0.4, 0.0, 0.9)",normal,IMMEDIATE,still,,,,,,,,,,,,,,,,,9.45,
PATIENT_ENGAGED,89328,6/27/2026 11:55:08 AM,068492a8-9bbc-456b-87fb-dc52c0aec9a7,2.0,,,,0,,,,,,,,,,,,,,,,normal,100,Infinity,normal,Military PT 12,upset,standing,"(-12.8, -0.1, -4.1)",normal,"(0.0, -0.5, 0.0, 0.9)",normal,DELAYED,still,,,,,,,,,,,,,,,,,0,
PLAYER_POSITIONS,89653,6/27/2026 11:55:09 AM,068492a8-9bbc-456b-87fb-dc52c0aec9a7,2.0,,,,,,,,,,,,,,,,,,,,,,,,,,,,,,,,,,,"(-13.5, 0.2, -2.2)","(-13.5, 1.1, -2.4)","(-13.4, 0.6, -2.8)",
PLAYER_GAZE,89653,6/27/2026 11:55:09 AM,068492a8-9bbc-456b-87fb-dc52c0aec9a7,2.0,,,,,,,,,,,,,,,,,,,,,,,,Military PT 12,,,,,,,,,"(-0.7, 1.1, 1.7)",,,"(-12.8, 0.0, -4.1)",
PLAYER_POSITIONS,89653,6/27/2026 11:55:09 AM,068492a8-9bbc-456b-87fb-dc52c0aec9a7,2.0,,,,,,,,,,,,,,,,,,,,,,,,,,,,,,,,,,,"(-13.5, 0.2, -2.2)","(-13.5, 1.1, -2.4)","(-13.4, 0.6, -2.8)",
PLAYER_GAZE,89653,6/27/2026 11:55:09 AM,068492a8-9bbc-456b-87fb-dc52c0aec9a7,2.0,,,,,,,,,,,,,,,,,,,,,,,,Military PT 12,,,,,,,,,"(-0.7, 1.1, 1.7)",,,"(-12.8, 0.0, -4.1)",
PLAYER_POSITIONS,90165,6/27/2026 11:55:09 AM,068492a8-9bbc-456b-87fb-dc52c0aec9a7,2.0,,,,,,,,,,,,,,,,,,,,,,,,,,,,,,,,,,,"(-13.4, 0.2, -2.3)","(-13.5, 1.1, -2.5)","(-13.3, 0.6, -2.8)",
PLAYER_GAZE,90165,6/27/2026 11:55:09 AM,068492a8-9bbc-456b-87fb-dc52c0aec9a7,2.0,,,,,,,,,,,,,,,,,,,,,,,,Military PT 12,,,,,,,,,"(-0.7, 1.1, 1.6)",,,"(-12.8, 0.0, -4.1)",
PLAYER_POSITIONS,90165,6/27/2026 11:55:09 AM,068492a8-9bbc-456b-87fb-dc52c0aec9a7,2.0,,,,,,,,,,,,,,,,,,,,,,,,,,,,,,,,,,,"(-13.4, 0.2, -2.3)","(-13.5, 1.1, -2.5)","(-13.3, 0.6, -2.8)",
PLAYER_GAZE,90165,6/27/2026 11:55:09 AM,068492a8-9bbc-456b-87fb-dc52c0aec9a7,2.0,,,,,,,,,,,,,,,,,,,,,,,,Military PT 12,,,,,,,,,"(-0.7, 1.1, 1.6)",,,"(-12.8, 0.0, -4.1)",
PATIENT_DISENGAGED,90430,6/27/2026 11:55:09 AM,068492a8-9bbc-456b-87fb-dc52c0aec9a7,2.0,,,,1.08,,,,,,,,,,,,,,,,normal,100,Infinity,normal,Military PT 12,upset,standing,"(-12.8, -0.1, -4.1)",normal,"(0.0, -0.3, 0.0, 1.0)",normal,DELAYED,still,,,,,,,,,,,,,,,,,1.08,
PATIENT_ENGAGED,90430,6/27/2026 11:55:09 AM,068492a8-9bbc-456b-87fb-dc52c0aec9a7,2.0,,,,0,,,,,,,,,,,,,,,,collapsedBoth,100,Infinity,normal,Military PT 9,unresponsive,supine,"(-12.7, -0.1, -1.8)",faint,"(0.0, -0.7, 0.0, 0.7)",normal,EXPECTANT,still,,,,,,,,,,,,,,,,,0,
PLAYER_POSITIONS,90676,6/27/2026 11:55:10 AM,068492a8-9bbc-456b-87fb-dc52c0aec9a7,2.0,,,,,,,,,,,,,,,,,,,,,,,,,,,,,,,,,,,"(-13.4, 0.2, -2.1)","(-13.3, 1.0, -2.2)","(-13.1, 0.6, -2.4)",
PLAYER_GAZE,90676,6/27/2026 11:55:10 AM,068492a8-9bbc-456b-87fb-dc52c0aec9a7,2.0,,,,,,,,,,,,,,,,,,,,,,,,Military PT 9,,,,,,,,,"(-0.6, 1.0, -0.4)",,,"(-12.7, 0.0, -1.8)",
PLAYER_POSITIONS,90676,6/27/2026 11:55:10 AM,068492a8-9bbc-456b-87fb-dc52c0aec9a7,2.0,,,,,,,,,,,,,,,,,,,,,,,,,,,,,,,,,,,"(-13.4, 0.2, -2.1)","(-13.3, 1.0, -2.2)","(-13.1, 0.6, -2.4)",
PLAYER_GAZE,90676,6/27/2026 11:55:10 AM,068492a8-9bbc-456b-87fb-dc52c0aec9a7,2.0,,,,,,,,,,,,,,,,,,,,,,,,Military PT 9,,,,,,,,,"(-0.6, 1.0, -0.4)",,,"(-12.7, 0.0, -1.8)",
AUDIO_START,91116,6/27/2026 11:55:10 AM,068492a8-9bbc-456b-87fb-dc52c0aec9a7,2.0,thats a good hit,3.657143,
PLAYER_POSITIONS,91177,6/27/2026 11:55:10 AM,068492a8-9bbc-456b-87fb-dc52c0aec9a7,2.0,,,,,,,,,,,,,,,,,,,,,,,,,,,,,,,,,,,"(-13.3, 0.2, -2.2)","(-13.2, 1.1, -2.5)","(-13.0, 0.6, -2.6)",
PLAYER_GAZE,91177,6/27/2026 11:55:10 AM,068492a8-9bbc-456b-87fb-dc52c0aec9a7,2.0,,,,,,,,,,,,,,,,,,,,,,,,Military PT 4,,,,,,,,,"(-2.1, 1.1, 2.3)",,,"(-11.1, 0.0, -4.7)",
PLAYER_POSITIONS,91177,6/27/2026 11:55:10 AM,068492a8-9bbc-456b-87fb-dc52c0aec9a7,2.0,,,,,,,,,,,,,,,,,,,,,,,,,,,,,,,,,,,"(-13.3, 0.2, -2.2)","(-13.2, 1.1, -2.5)","(-13.0, 0.6, -2.6)",
PLAYER_GAZE,91177,6/27/2026 11:55:10 AM,068492a8-9bbc-456b-87fb-dc52c0aec9a7,2.0,,,,,,,,,,,,,,,,,,,,,,,,Military PT 4,,,,,,,,,"(-2.1, 1.1, 2.3)",,,"(-11.1, 0.0, -4.7)",
PLAYER_POSITIONS,91681,6/27/2026 11:55:11 AM,068492a8-9bbc-456b-87fb-dc52c0aec9a7,2.0,,,,,,,,,,,,,,,,,,,,,,,,,,,,,,,,,,,"(-13.2, 0.3, -2.2)","(-13.2, 1.1, -2.4)","(-13.0, 0.6, -2.6)",
PLAYER_POSITIONS,91681,6/27/2026 11:55:11 AM,068492a8-9bbc-456b-87fb-dc52c0aec9a7,2.0,,,,,,,,,,,,,,,,,,,,,,,,,,,,,,,,,,,"(-13.2, 0.3, -2.2)","(-13.2, 1.1, -2.4)","(-13.0, 0.6, -2.6)",
PLAYER_POSITIONS,92204,6/27/2026 11:55:11 AM,068492a8-9bbc-456b-87fb-dc52c0aec9a7,2.0,,,,,,,,,,,,,,,,,,,,,,,,,,,,,,,,,,,"(-13.1, 0.2, -2.3)","(-13.1, 1.1, -2.4)","(-12.9, 0.6, -2.7)",
PLAYER_POSITIONS,92204,6/27/2026 11:55:11 AM,068492a8-9bbc-456b-87fb-dc52c0aec9a7,2.0,,,,,,,,,,,,,,,,,,,,,,,,,,,,,,,,,,,"(-13.1, 0.2, -2.3)","(-13.1, 1.1, -2.4)","(-12.9, 0.6, -2.7)",
PLAYER_POSITIONS,92719,6/27/2026 11:55:12 AM,068492a8-9bbc-456b-87fb-dc52c0aec9a7,2.0,,,,,,,,,,,,,,,,,,,,,,,,,,,,,,,,,,,"(-12.4, 0.2, -2.6)","(-12.4, 1.1, -2.8)","(-12.2, 0.5, -3.0)",
PLAYER_POSITIONS,92719,6/27/2026 11:55:12 AM,068492a8-9bbc-456b-87fb-dc52c0aec9a7,2.0,,,,,,,,,,,,,,,,,,,,,,,,,,,,,,,,,,,"(-12.4, 0.2, -2.6)","(-12.4, 1.1, -2.8)","(-12.2, 0.5, -3.0)",
PLAYER_POSITIONS,93230,6/27/2026 11:55:12 AM,068492a8-9bbc-456b-87fb-dc52c0aec9a7,2.0,,,,,,,,,,,,,,,,,,,,,,,,,,,,,,,,,,,"(-12.1, 0.2, -2.8)","(-12.1, 1.1, -2.9)","(-11.9, 0.6, -3.1)",
PLAYER_POSITIONS,93230,6/27/2026 11:55:12 AM,068492a8-9bbc-456b-87fb-dc52c0aec9a7,2.0,,,,,,,,,,,,,,,,,,,,,,,,,,,,,,,,,,,"(-12.1, 0.2, -2.8)","(-12.1, 1.1, -2.9)","(-11.9, 0.6, -3.1)",
PLAYER_POSITIONS,93751,6/27/2026 11:55:13 AM,068492a8-9bbc-456b-87fb-dc52c0aec9a7,2.0,,,,,,,,,,,,,,,,,,,,,,,,,,,,,,,,,,,"(-12.1, 0.2, -2.8)","(-12.0, 1.1, -2.9)","(-11.7, 0.5, -2.8)",
PLAYER_POSITIONS,93751,6/27/2026 11:55:13 AM,068492a8-9bbc-456b-87fb-dc52c0aec9a7,2.0,,,,,,,,,,,,,,,,,,,,,,,,,,,,,,,,,,,"(-12.1, 0.2, -2.8)","(-12.0, 1.1, -2.9)","(-11.7, 0.5, -2.8)",
PLAYER_POSITIONS,94252,6/27/2026 11:55:13 AM,068492a8-9bbc-456b-87fb-dc52c0aec9a7,2.0,,,,,,,,,,,,,,,,,,,,,,,,,,,,,,,,,,,"(-12.2, 0.2, -3.0)","(-12.1, 1.1, -3.1)","(-11.9, 0.5, -2.9)",
PLAYER_GAZE,94252,6/27/2026 11:55:13 AM,068492a8-9bbc-456b-87fb-dc52c0aec9a7,2.0,,,,,,,,,,,,,,,,,,,,,,,,Military PT 9,,,,,,,,,"(0.6, 1.1, -1.3)",,,"(-12.7, 0.0, -1.8)",
PLAYER_POSITIONS,94252,6/27/2026 11:55:13 AM,068492a8-9bbc-456b-87fb-dc52c0aec9a7,2.0,,,,,,,,,,,,,,,,,,,,,,,,,,,,,,,,,,,"(-12.2, 0.2, -3.0)","(-12.1, 1.1, -3.1)","(-11.9, 0.5, -2.9)",
PLAYER_GAZE,94252,6/27/2026 11:55:13 AM,068492a8-9bbc-456b-87fb-dc52c0aec9a7,2.0,,,,,,,,,,,,,,,,,,,,,,,,Military PT 9,,,,,,,,,"(0.6, 1.1, -1.3)",,,"(-12.7, 0.0, -1.8)",
PLAYER_POSITIONS,94765,6/27/2026 11:55:14 AM,068492a8-9bbc-456b-87fb-dc52c0aec9a7,2.0,,,,,,,,,,,,,,,,,,,,,,,,,,,,,,,,,,,"(-13.1, 0.2, -3.1)","(-13.0, 1.0, -3.1)","(-12.9, 0.4, -2.9)",
PLAYER_POSITIONS,94765,6/27/2026 11:55:14 AM,068492a8-9bbc-456b-87fb-dc52c0aec9a7,2.0,,,,,,,,,,,,,,,,,,,,,,,,,,,,,,,,,,,"(-13.1, 0.2, -3.1)","(-13.0, 1.0, -3.1)","(-12.9, 0.4, -2.9)",
AUDIO_END,94787,6/27/2026 11:55:14 AM,068492a8-9bbc-456b-87fb-dc52c0aec9a7,2.0,thats a good hit,3.657143,
NARRATIVE_SECTION_END,94787,6/27/2026 11:55:14 AM,068492a8-9bbc-456b-87fb-dc52c0aec9a7,2.0,,,,,,,,,,,,,,,,,,Thats a good hit,10,
NARRATIVE_SECTION_START,94805,6/27/2026 11:55:14 AM,068492a8-9bbc-456b-87fb-dc52c0aec9a7,2.0,,,,,,,,,,,,,,,,,,What is the casevac destination,11,
PLAYER_POSITIONS,95264,6/27/2026 11:55:14 AM,068492a8-9bbc-456b-87fb-dc52c0aec9a7,2.0,,,,,,,,,,,,,,,,,,,,,,,,,,,,,,,,,,,"(-13.8, 0.2, -2.6)","(-13.8, 1.1, -2.7)","(-13.7, 0.5, -2.4)",
PLAYER_GAZE,95264,6/27/2026 11:55:14 AM,068492a8-9bbc-456b-87fb-dc52c0aec9a7,2.0,,,,,,,,,,,,,,,,,,,,,,,,Civilian PT 8,,,,,,,,,"(2.0, 1.1, -0.9)",,,"(-15.8, 0.0, -1.8)",
PLAYER_POSITIONS,95264,6/27/2026 11:55:14 AM,068492a8-9bbc-456b-87fb-dc52c0aec9a7,2.0,,,,,,,,,,,,,,,,,,,,,,,,,,,,,,,,,,,"(-13.8, 0.2, -2.6)","(-13.8, 1.1, -2.7)","(-13.7, 0.5, -2.4)",
PLAYER_GAZE,95264,6/27/2026 11:55:14 AM,068492a8-9bbc-456b-87fb-dc52c0aec9a7,2.0,,,,,,,,,,,,,,,,,,,,,,,,Civilian PT 8,,,,,,,,,"(2.0, 1.1, -0.9)",,,"(-15.8, 0.0, -1.8)",
PLAYER_POSITIONS,95787,6/27/2026 11:55:15 AM,068492a8-9bbc-456b-87fb-dc52c0aec9a7,2.0,,,,,,,,,,,,,,,,,,,,,,,,,,,,,,,,,,,"(-14.7, 0.3, -2.4)","(-14.6, 1.1, -2.3)","(-14.6, 0.5, -2.0)",
PLAYER_GAZE,95787,6/27/2026 11:55:15 AM,068492a8-9bbc-456b-87fb-dc52c0aec9a7,2.0,,,,,,,,,,,,,,,,,,,,,,,,Civilian PT 8,,,,,,,,,"(1.2, 1.1, -0.5)",,,"(-15.8, 0.0, -1.8)",
PLAYER_POSITIONS,95787,6/27/2026 11:55:15 AM,068492a8-9bbc-456b-87fb-dc52c0aec9a7,2.0,,,,,,,,,,,,,,,,,,,,,,,,,,,,,,,,,,,"(-14.7, 0.3, -2.4)","(-14.6, 1.1, -2.3)","(-14.6, 0.5, -2.0)",
PLAYER_GAZE,95787,6/27/2026 11:55:15 AM,068492a8-9bbc-456b-87fb-dc52c0aec9a7,2.0,,,,,,,,,,,,,,,,,,,,,,,,Civilian PT 8,,,,,,,,,"(1.2, 1.1, -0.5)",,,"(-15.8, 0.0, -1.8)",
AUDIO_START,95814,6/27/2026 11:55:15 AM,068492a8-9bbc-456b-87fb-dc52c0aec9a7,2.0,what is the casevac destination,3.813878,
PLAYER_POSITIONS,96288,6/27/2026 11:55:15 AM,068492a8-9bbc-456b-87fb-dc52c0aec9a7,2.0,,,,,,,,,,,,,,,,,,,,,,,,,,,,,,,,,,,"(-15.0, 0.3, -2.0)","(-14.9, 1.1, -1.7)","(-15.0, 0.5, -1.6)",
PLAYER_GAZE,96288,6/27/2026 11:55:15 AM,068492a8-9bbc-456b-87fb-dc52c0aec9a7,2.0,,,,,,,,,,,,,,,,,,,,,,,,Civilian PT 7,,,,,,,,,"(2.7, 1.1, -1.6)",,,"(-17.6, 0.0, -0.1)",
PLAYER_POSITIONS,96288,6/27/2026 11:55:15 AM,068492a8-9bbc-456b-87fb-dc52c0aec9a7,2.0,,,,,,,,,,,,,,,,,,,,,,,,,,,,,,,,,,,"(-15.0, 0.3, -2.0)","(-14.9, 1.1, -1.7)","(-15.0, 0.5, -1.6)",
PLAYER_GAZE,96288,6/27/2026 11:55:15 AM,068492a8-9bbc-456b-87fb-dc52c0aec9a7,2.0,,,,,,,,,,,,,,,,,,,,,,,,Civilian PT 7,,,,,,,,,"(2.7, 1.1, -1.6)",,,"(-17.6, 0.0, -0.1)",
PATIENT_DISENGAGED,96330,6/27/2026 11:55:15 AM,068492a8-9bbc-456b-87fb-dc52c0aec9a7,2.0,,,,5.92,,,,,,,,,,,,,,,,collapsedBoth,100,Infinity,normal,Military PT 9,unresponsive,supine,"(-12.7, -0.1, -1.8)",faint,"(0.0, -0.7, 0.0, 0.7)",normal,EXPECTANT,still,,,,,,,,,,,,,,,,,5.92,
PLAYER_POSITIONS,96798,6/27/2026 11:55:16 AM,068492a8-9bbc-456b-87fb-dc52c0aec9a7,2.0,,,,,,,,,,,,,,,,,,,,,,,,,,,,,,,,,,,"(-15.1, 0.3, -1.7)","(-15.0, 1.1, -1.7)","(-14.9, 0.5, -1.4)",
PLAYER_POSITIONS,96798,6/27/2026 11:55:16 AM,068492a8-9bbc-456b-87fb-dc52c0aec9a7,2.0,,,,,,,,,,,,,,,,,,,,,,,,,,,,,,,,,,,"(-15.1, 0.3, -1.7)","(-15.0, 1.1, -1.7)","(-14.9, 0.5, -1.4)",
PATIENT_ENGAGED,96818,6/27/2026 11:55:16 AM,068492a8-9bbc-456b-87fb-dc52c0aec9a7,2.0,,,,0,,,,,,,,,,,,,,,,fast,100,Infinity,normal,Civilian PT 15,upset,supine,"(-14.4, -0.1, -0.3)",fast,"(0.0, 0.8, 0.0, 0.6)",normal,IMMEDIATE,still,,,,,,,,,,,,,,,,,0,
PLAYER_POSITIONS,97300,6/27/2026 11:55:16 AM,068492a8-9bbc-456b-87fb-dc52c0aec9a7,2.0,,,,,,,,,,,,,,,,,,,,,,,,,,,,,,,,,,,"(-15.1, 0.2, -1.7)","(-14.9, 1.1, -1.7)","(-14.8, 0.6, -1.4)",
PLAYER_GAZE,97300,6/27/2026 11:55:16 AM,068492a8-9bbc-456b-87fb-dc52c0aec9a7,2.0,,,,,,,,,,,,,,,,,,,,,,,,Civilian PT 15,,,,,,,,,"(-0.6, 1.1, -1.4)",,,"(-14.4, 0.0, -0.3)",
PLAYER_POSITIONS,97300,6/27/2026 11:55:16 AM,068492a8-9bbc-456b-87fb-dc52c0aec9a7,2.0,,,,,,,,,,,,,,,,,,,,,,,,,,,,,,,,,,,"(-15.1, 0.2, -1.7)","(-14.9, 1.1, -1.7)","(-14.8, 0.6, -1.4)",
PLAYER_GAZE,97300,6/27/2026 11:55:16 AM,068492a8-9bbc-456b-87fb-dc52c0aec9a7,2.0,,,,,,,,,,,,,,,,,,,,,,,,Civilian PT 15,,,,,,,,,"(-0.6, 1.1, -1.4)",,,"(-14.4, 0.0, -0.3)",
PLAYER_POSITIONS,97811,6/27/2026 11:55:17 AM,068492a8-9bbc-456b-87fb-dc52c0aec9a7,2.0,,,,,,,,,,,,,,,,,,,,,,,,,,,,,,,,,,,"(-15.0, 0.3, -1.6)","(-14.8, 1.1, -1.5)","(-14.6, 0.6, -1.3)",
PLAYER_GAZE,97811,6/27/2026 11:55:17 AM,068492a8-9bbc-456b-87fb-dc52c0aec9a7,2.0,,,,,,,,,,,,,,,,,,,,,,,,Civilian PT 15,,,,,,,,,"(-0.4, 1.1, -1.2)",,,"(-14.4, 0.0, -0.3)",
PLAYER_POSITIONS,97811,6/27/2026 11:55:17 AM,068492a8-9bbc-456b-87fb-dc52c0aec9a7,2.0,,,,,,,,,,,,,,,,,,,,,,,,,,,,,,,,,,,"(-15.0, 0.3, -1.6)","(-14.8, 1.1, -1.5)","(-14.6, 0.6, -1.3)",
PLAYER_GAZE,97811,6/27/2026 11:55:17 AM,068492a8-9bbc-456b-87fb-dc52c0aec9a7,2.0,,,,,,,,,,,,,,,,,,,,,,,,Civilian PT 15,,,,,,,,,"(-0.4, 1.1, -1.2)",,,"(-14.4, 0.0, -0.3)",
PLAYER_POSITIONS,98331,6/27/2026 11:55:17 AM,068492a8-9bbc-456b-87fb-dc52c0aec9a7,2.0,,,,,,,,,,,,,,,,,,,,,,,,,,,,,,,,,,,"(-14.7, 0.3, -1.5)","(-14.5, 1.1, -1.4)","(-14.4, 0.5, -1.2)",
PLAYER_GAZE,98331,6/27/2026 11:55:17 AM,068492a8-9bbc-456b-87fb-dc52c0aec9a7,2.0,,,,,,,,,,,,,,,,,,,,,,,,Civilian PT 15,,,,,,,,,"(-0.2, 1.1, -1.1)",,,"(-14.4, 0.0, -0.3)",
PLAYER_POSITIONS,98331,6/27/2026 11:55:17 AM,068492a8-9bbc-456b-87fb-dc52c0aec9a7,2.0,,,,,,,,,,,,,,,,,,,,,,,,,,,,,,,,,,,"(-14.7, 0.3, -1.5)","(-14.5, 1.1, -1.4)","(-14.4, 0.5, -1.2)",
PLAYER_GAZE,98331,6/27/2026 11:55:17 AM,068492a8-9bbc-456b-87fb-dc52c0aec9a7,2.0,,,,,,,,,,,,,,,,,,,,,,,,Civilian PT 15,,,,,,,,,"(-0.2, 1.1, -1.1)",,,"(-14.4, 0.0, -0.3)",
PLAYER_POSITIONS,98841,6/27/2026 11:55:18 AM,068492a8-9bbc-456b-87fb-dc52c0aec9a7,2.0,,,,,,,,,,,,,,,,,,,,,,,,,,,,,,,,,,,"(-14.6, 0.3, -1.0)","(-14.4, 1.1, -1.0)","(-14.3, 0.5, -0.8)",
PLAYER_GAZE,98842,6/27/2026 11:55:18 AM,068492a8-9bbc-456b-87fb-dc52c0aec9a7,2.0,,,,,,,,,,,,,,,,,,,,,,,,Civilian PT 15,,,,,,,,,"(0.0, 1.1, -0.7)",,,"(-14.4, 0.0, -0.3)",
PLAYER_POSITIONS,98841,6/27/2026 11:55:18 AM,068492a8-9bbc-456b-87fb-dc52c0aec9a7,2.0,,,,,,,,,,,,,,,,,,,,,,,,,,,,,,,,,,,"(-14.6, 0.3, -1.0)","(-14.4, 1.1, -1.0)","(-14.3, 0.5, -0.8)",
PLAYER_GAZE,98842,6/27/2026 11:55:18 AM,068492a8-9bbc-456b-87fb-dc52c0aec9a7,2.0,,,,,,,,,,,,,,,,,,,,,,,,Civilian PT 15,,,,,,,,,"(0.0, 1.1, -0.7)",,,"(-14.4, 0.0, -0.3)",
PLAYER_POSITIONS,99363,6/27/2026 11:55:18 AM,068492a8-9bbc-456b-87fb-dc52c0aec9a7,2.0,,,,,,,,,,,,,,,,,,,,,,,,,,,,,,,,,,,"(-14.0, 0.3, -0.3)","(-13.8, 1.1, -0.3)","(-13.7, 0.5, -0.1)",
PLAYER_GAZE,99363,6/27/2026 11:55:18 AM,068492a8-9bbc-456b-87fb-dc52c0aec9a7,2.0,,,,,,,,,,,,,,,,,,,,,,,,Civilian PT 14,,,,,,,,,"(0.3, 1.1, -3.9)",,,"(-14.1, 0.0, 3.6)",
PLAYER_POSITIONS,99363,6/27/2026 11:55:18 AM,068492a8-9bbc-456b-87fb-dc52c0aec9a7,2.0,,,,,,,,,,,,,,,,,,,,,,,,,,,,,,,,,,,"(-14.0, 0.3, -0.3)","(-13.8, 1.1, -0.3)","(-13.7, 0.5, -0.1)",
PLAYER_GAZE,99363,6/27/2026 11:55:18 AM,068492a8-9bbc-456b-87fb-dc52c0aec9a7,2.0,,,,,,,,,,,,,,,,,,,,,,,,Civilian PT 14,,,,,,,,,"(0.3, 1.1, -3.9)",,,"(-14.1, 0.0, 3.6)",
AUDIO_END,99641,6/27/2026 11:55:19 AM,068492a8-9bbc-456b-87fb-dc52c0aec9a7,2.0,what is the casevac destination,3.813878,
NARRATIVE_SECTION_END,99642,6/27/2026 11:55:19 AM,068492a8-9bbc-456b-87fb-dc52c0aec9a7,2.0,,,,,,,,,,,,,,,,,,What is the casevac destination,11,
NARRATIVE_SECTION_START,99682,6/27/2026 11:55:19 AM,068492a8-9bbc-456b-87fb-dc52c0aec9a7,2.0,,,,,,,,,,,,,,,,,,Evac moving to alpha,12,
PLAYER_POSITIONS,99864,6/27/2026 11:55:19 AM,068492a8-9bbc-456b-87fb-dc52c0aec9a7,2.0,,,,,,,,,,,,,,,,,,,,,,,,,,,,,,,,,,,"(-13.5, 0.3, 0.4)","(-13.2, 1.1, 0.5)","(-13.3, 0.5, 0.7)",
PLAYER_GAZE,99864,6/27/2026 11:55:19 AM,068492a8-9bbc-456b-87fb-dc52c0aec9a7,2.0,,,,,,,,,,,,,,,,,,,,,,,,Civilian PT 14,,,,,,,,,"(0.9, 1.1, -3.1)",,,"(-14.1, 0.0, 3.6)",
PLAYER_POSITIONS,99864,6/27/2026 11:55:19 AM,068492a8-9bbc-456b-87fb-dc52c0aec9a7,2.0,,,,,,,,,,,,,,,,,,,,,,,,,,,,,,,,,,,"(-13.5, 0.3, 0.4)","(-13.2, 1.1, 0.5)","(-13.3, 0.5, 0.7)",
PLAYER_GAZE,99864,6/27/2026 11:55:19 AM,068492a8-9bbc-456b-87fb-dc52c0aec9a7,2.0,,,,,,,,,,,,,,,,,,,,,,,,Civilian PT 14,,,,,,,,,"(0.9, 1.1, -3.1)",,,"(-14.1, 0.0, 3.6)",
PLAYER_POSITIONS,100376,6/27/2026 11:55:19 AM,068492a8-9bbc-456b-87fb-dc52c0aec9a7,2.0,,,,,,,,,,,,,,,,,,,,,,,,,,,,,,,,,,,"(-13.2, 0.3, 1.2)","(-12.9, 1.1, 1.3)","(-13.0, 0.5, 1.5)",
PLAYER_GAZE,100376,6/27/2026 11:55:19 AM,068492a8-9bbc-456b-87fb-dc52c0aec9a7,2.0,,,,,,,,,,,,,,,,,,,,,,,,Civilian PT 14,,,,,,,,,"(1.1, 1.1, -2.3)",,,"(-14.1, 0.0, 3.6)",
PLAYER_POSITIONS,100376,6/27/2026 11:55:19 AM,068492a8-9bbc-456b-87fb-dc52c0aec9a7,2.0,,,,,,,,,,,,,,,,,,,,,,,,,,,,,,,,,,,"(-13.2, 0.3, 1.2)","(-12.9, 1.1, 1.3)","(-13.0, 0.5, 1.5)",
PLAYER_GAZE,100376,6/27/2026 11:55:19 AM,068492a8-9bbc-456b-87fb-dc52c0aec9a7,2.0,,,,,,,,,,,,,,,,,,,,,,,,Civilian PT 14,,,,,,,,,"(1.1, 1.1, -2.3)",,,"(-14.1, 0.0, 3.6)",
PATIENT_DISENGAGED,100519,6/27/2026 11:55:19 AM,068492a8-9bbc-456b-87fb-dc52c0aec9a7,2.0,,,,3.7,,,,,,,,,,,,,,,,fast,100,Infinity,normal,Civilian PT 15,upset,supine,"(-14.4, -0.1, -0.3)",fast,"(0.0, 0.8, 0.0, 0.6)",normal,IMMEDIATE,still,,,,,,,,,,,,,,,,,3.7,
AUDIO_START,100681,6/27/2026 11:55:20 AM,068492a8-9bbc-456b-87fb-dc52c0aec9a7,2.0,evac moving to alpha,2.847347,
PLAYER_POSITIONS,100899,6/27/2026 11:55:20 AM,068492a8-9bbc-456b-87fb-dc52c0aec9a7,2.0,,,,,,,,,,,,,,,,,,,,,,,,,,,,,,,,,,,"(-13.1, 0.2, 1.2)","(-13.0, 1.1, 1.3)","(-13.0, 0.5, 1.5)",
PLAYER_GAZE,100899,6/27/2026 11:55:20 AM,068492a8-9bbc-456b-87fb-dc52c0aec9a7,2.0,,,,,,,,,,,,,,,,,,,,,,,,Military PT 13,,,,,,,,,"(2.2, 1.1, -3.7)",,,"(-15.2, 0.0, 5.0)",
PLAYER_POSITIONS,100899,6/27/2026 11:55:20 AM,068492a8-9bbc-456b-87fb-dc52c0aec9a7,2.0,,,,,,,,,,,,,,,,,,,,,,,,,,,,,,,,,,,"(-13.1, 0.2, 1.2)","(-13.0, 1.1, 1.3)","(-13.0, 0.5, 1.5)",
PLAYER_GAZE,100899,6/27/2026 11:55:20 AM,068492a8-9bbc-456b-87fb-dc52c0aec9a7,2.0,,,,,,,,,,,,,,,,,,,,,,,,Military PT 13,,,,,,,,,"(2.2, 1.1, -3.7)",,,"(-15.2, 0.0, 5.0)",
PLAYER_POSITIONS,101400,6/27/2026 11:55:20 AM,068492a8-9bbc-456b-87fb-dc52c0aec9a7,2.0,,,,,,,,,,,,,,,,,,,,,,,,,,,,,,,,,,,"(-13.2, 0.2, 1.5)","(-13.1, 1.2, 1.7)","(-13.2, 0.6, 1.9)",
PLAYER_GAZE,101400,6/27/2026 11:55:20 AM,068492a8-9bbc-456b-87fb-dc52c0aec9a7,2.0,,,,,,,,,,,,,,,,,,,,,,,,Military PT 13,,,,,,,,,"(2.1, 1.2, -3.3)",,,"(-15.2, 0.0, 5.0)",
PLAYER_POSITIONS,101400,6/27/2026 11:55:20 AM,068492a8-9bbc-456b-87fb-dc52c0aec9a7,2.0,,,,,,,,,,,,,,,,,,,,,,,,,,,,,,,,,,,"(-13.2, 0.2, 1.5)","(-13.1, 1.2, 1.7)","(-13.2, 0.6, 1.9)",
PLAYER_GAZE,101400,6/27/2026 11:55:20 AM,068492a8-9bbc-456b-87fb-dc52c0aec9a7,2.0,,,,,,,,,,,,,,,,,,,,,,,,Military PT 13,,,,,,,,,"(2.1, 1.2, -3.3)",,,"(-15.2, 0.0, 5.0)",
PLAYER_POSITIONS,101919,6/27/2026 11:55:21 AM,068492a8-9bbc-456b-87fb-dc52c0aec9a7,2.0,,,,,,,,,,,,,,,,,,,,,,,,,,,,,,,,,,,"(-13.6, 0.3, 2.3)","(-13.5, 1.2, 2.4)","(-13.6, 0.5, 2.7)",
PLAYER_GAZE,101919,6/27/2026 11:55:21 AM,068492a8-9bbc-456b-87fb-dc52c0aec9a7,2.0,,,,,,,,,,,,,,,,,,,,,,,,Civilian PT 14,,,,,,,,,"(0.6, 1.2, -1.2)",,,"(-14.1, 0.0, 3.6)",
PLAYER_POSITIONS,101919,6/27/2026 11:55:21 AM,068492a8-9bbc-456b-87fb-dc52c0aec9a7,2.0,,,,,,,,,,,,,,,,,,,,,,,,,,,,,,,,,,,"(-13.6, 0.3, 2.3)","(-13.5, 1.2, 2.4)","(-13.6, 0.5, 2.7)",
PLAYER_GAZE,101919,6/27/2026 11:55:21 AM,068492a8-9bbc-456b-87fb-dc52c0aec9a7,2.0,,,,,,,,,,,,,,,,,,,,,,,,Civilian PT 14,,,,,,,,,"(0.6, 1.2, -1.2)",,,"(-14.1, 0.0, 3.6)",
PLAYER_POSITIONS,102430,6/27/2026 11:55:21 AM,068492a8-9bbc-456b-87fb-dc52c0aec9a7,2.0,,,,,,,,,,,,,,,,,,,,,,,,,,,,,,,,,,,"(-13.8, 0.3, 3.3)","(-13.6, 1.2, 3.4)","(-13.8, 0.6, 3.7)",
PLAYER_GAZE,102430,6/27/2026 11:55:21 AM,068492a8-9bbc-456b-87fb-dc52c0aec9a7,2.0,,,,,,,,,,,,,,,,,,,,,,,,Military PT 13,,,,,,,,,"(1.6, 1.2, -1.6)",,,"(-15.2, 0.0, 5.0)",
PLAYER_POSITIONS,102430,6/27/2026 11:55:21 AM,068492a8-9bbc-456b-87fb-dc52c0aec9a7,2.0,,,,,,,,,,,,,,,,,,,,,,,,,,,,,,,,,,,"(-13.8, 0.3, 3.3)","(-13.6, 1.2, 3.4)","(-13.8, 0.6, 3.7)",
PLAYER_GAZE,102430,6/27/2026 11:55:21 AM,068492a8-9bbc-456b-87fb-dc52c0aec9a7,2.0,,,,,,,,,,,,,,,,,,,,,,,,Military PT 13,,,,,,,,,"(1.6, 1.2, -1.6)",,,"(-15.2, 0.0, 5.0)",
PATIENT_ENGAGED,102495,6/27/2026 11:55:21 AM,068492a8-9bbc-456b-87fb-dc52c0aec9a7,2.0,,,,0,,,,,,,,,,,,,,,,normal,100,128,normal,Military PT 13,calm,standing,"(-15.2, 0.0, 5.0)",normal,"(0.0, 0.8, 0.0, 0.5)",normal,MINIMAL,still,,,,,,,,,,,,,,,,,0,
PLAYER_POSITIONS,102949,6/27/2026 11:55:22 AM,068492a8-9bbc-456b-87fb-dc52c0aec9a7,2.0,,,,,,,,,,,,,,,,,,,,,,,,,,,,,,,,,,,"(-14.2, 0.4, 4.1)","(-14.1, 1.1, 4.1)","(-14.5, 0.8, 4.4)",
PLAYER_GAZE,102949,6/27/2026 11:55:22 AM,068492a8-9bbc-456b-87fb-dc52c0aec9a7,2.0,,,,,,,,,,,,,,,,,,,,,,,,Military PT 13,,,,,,,,,"(1.2, 1.1, -0.8)",,,"(-15.2, 0.0, 5.0)",
PLAYER_POSITIONS,102949,6/27/2026 11:55:22 AM,068492a8-9bbc-456b-87fb-dc52c0aec9a7,2.0,,,,,,,,,,,,,,,,,,,,,,,,,,,,,,,,,,,"(-14.2, 0.4, 4.1)","(-14.1, 1.1, 4.1)","(-14.5, 0.8, 4.4)",
PLAYER_GAZE,102949,6/27/2026 11:55:22 AM,068492a8-9bbc-456b-87fb-dc52c0aec9a7,2.0,,,,,,,,,,,,,,,,,,,,,,,,Military PT 13,,,,,,,,,"(1.2, 1.1, -0.8)",,,"(-15.2, 0.0, 5.0)",
VOICE_CAPTURE,103082,6/27/2026 11:55:22 AM,068492a8-9bbc-456b-87fb-dc52c0aec9a7,2.0,,,,,,,,,,,,,,,,,,,,,,,,,,,,,,,,,,,,,,,,,,,,,,,,,,,NA,I'm going to...,
PLAYER_POSITIONS,103456,6/27/2026 11:55:22 AM,068492a8-9bbc-456b-87fb-dc52c0aec9a7,2.0,,,,,,,,,,,,,,,,,,,,,,,,,,,,,,,,,,,"(-14.7, 0.4, 4.4)","(-14.6, 1.1, 4.4)","(-15.1, 0.9, 4.7)",
PLAYER_POSITIONS,103456,6/27/2026 11:55:22 AM,068492a8-9bbc-456b-87fb-dc52c0aec9a7,2.0,,,,,,,,,,,,,,,,,,,,,,,,,,,,,,,,,,,"(-14.7, 0.4, 4.4)","(-14.6, 1.1, 4.4)","(-15.1, 0.9, 4.7)",
VOICE_CAPTURE,103490,6/27/2026 11:55:22 AM,068492a8-9bbc-456b-87fb-dc52c0aec9a7,2.0,,,,,,,,,,,,,,,,,,,,,,,,,,,,,,,,,,,,,,,,,,,,,,,,,,,NA,I'm gonna disarm you now.,
AUDIO_END,103537,6/27/2026 11:55:22 AM,068492a8-9bbc-456b-87fb-dc52c0aec9a7,2.0,evac moving to alpha,2.847347,
NARRATIVE_SECTION_END,103537,6/27/2026 11:55:22 AM,068492a8-9bbc-456b-87fb-dc52c0aec9a7,2.0,,,,,,,,,,,,,,,,,,Evac moving to alpha,12,
NARRATIVE_SECTION_START,103553,6/27/2026 11:55:22 AM,068492a8-9bbc-456b-87fb-dc52c0aec9a7,2.0,,,,,,,,,,,,,,,,,,Bravo 2 sitrep,13,
PLAYER_POSITIONS,103980,6/27/2026 11:55:23 AM,068492a8-9bbc-456b-87fb-dc52c0aec9a7,2.0,,,,,,,,,,,,,,,,,,,,,,,,,,,,,,,,,,,"(-14.8, 0.4, 4.3)","(-14.7, 1.1, 4.4)","(-15.2, 0.8, 4.7)",
PLAYER_POSITIONS,103980,6/27/2026 11:55:23 AM,068492a8-9bbc-456b-87fb-dc52c0aec9a7,2.0,,,,,,,,,,,,,,,,,,,,,,,,,,,,,,,,,,,"(-14.8, 0.4, 4.3)","(-14.7, 1.1, 4.4)","(-15.2, 0.8, 4.7)",
VOICE_CAPTURE,104012,6/27/2026 11:55:23 AM,068492a8-9bbc-456b-87fb-dc52c0aec9a7,2.0,,,,,,,,,,,,,,,,,,,,,,,,,,,,,,,,,,,,,,,,,,,,,,,,,,,NA,I'm gonna disarm you now. I'm gonna disarm you now.,
BUTTON_CLICKED,104323,6/27/2026 11:55:23 AM,068492a8-9bbc-456b-87fb-dc52c0aec9a7,2.0,,,disarm,
VOICE_CAPTURE,104323,6/27/2026 11:55:23 AM,068492a8-9bbc-456b-87fb-dc52c0aec9a7,2.0,,,,,,,,,,,,,,,,,,,,,,,,,,,,,,,,,,,,,,,,,,,,,,,,,,,NA,disarm,
VOICE_COMMAND,104323,6/27/2026 11:55:23 AM,068492a8-9bbc-456b-87fb-dc52c0aec9a7,2.0,,,,,,,,,,,,,,,,,,,,,,,,Military PT 13,,,,,,,,,,,,,,,,,,,,,,,,,,,disarm,disarm,
PLAYER_POSITIONS,104491,6/27/2026 11:55:23 AM,068492a8-9bbc-456b-87fb-dc52c0aec9a7,2.0,,,,,,,,,,,,,,,,,,,,,,,,,,,,,,,,,,,"(-14.9, 0.4, 4.3)","(-14.8, 1.1, 4.4)","(-15.3, 0.8, 4.7)",
PLAYER_POSITIONS,104491,6/27/2026 11:55:23 AM,068492a8-9bbc-456b-87fb-dc52c0aec9a7,2.0,,,,,,,,,,,,,,,,,,,,,,,,,,,,,,,,,,,"(-14.9, 0.4, 4.3)","(-14.8, 1.1, 4.4)","(-15.3, 0.8, 4.7)",
VOICE_CAPTURE,104492,6/27/2026 11:55:23 AM,068492a8-9bbc-456b-87fb-dc52c0aec9a7,2.0,,,,,,,,,,,,,,,,,,,,,,,,,,,,,,,,,,,,,,,,,,,,,,,,,,,NA,I'm gonna disarm you now. I'm gonna disarm you now.,
VOICE_CAPTURE,104492,6/27/2026 11:55:23 AM,068492a8-9bbc-456b-87fb-dc52c0aec9a7,2.0,,,,,,,,,,,,,,,,,,,,,,,,,,,,,,,,,,,,,,,,,,,,,,,,,,,NA,I'm gonna disarm you now. I'm gonna disarm you now.,
VOICE_COMMAND,104492,6/27/2026 11:55:23 AM,068492a8-9bbc-456b-87fb-dc52c0aec9a7,2.0,,,,,,,,,,,,,,,,,,,,,,,,Military PT 13,,,,,,,,,,,,,,,,,,,,,,,,,,,I'm gonna disarm you now. I'm gonna disarm you now.,disarm,
DISARM_PATIENT_WEAPON,104517,6/27/2026 11:55:23 AM,068492a8-9bbc-456b-87fb-dc52c0aec9a7,2.0,,,,,,,,,,,,,,,,,,,,,,,,Military PT 13,,,,,,,,,,,,,,,,,,,,,,,,,,,,,1,1,
PLAYER_POSITIONS,104991,6/27/2026 11:55:24 AM,068492a8-9bbc-456b-87fb-dc52c0aec9a7,2.0,,,,,,,,,,,,,,,,,,,,,,,,,,,,,,,,,,,"(-14.9, 0.4, 4.3)","(-14.8, 1.1, 4.4)","(-15.3, 0.8, 4.7)",
PLAYER_POSITIONS,104991,6/27/2026 11:55:24 AM,068492a8-9bbc-456b-87fb-dc52c0aec9a7,2.0,,,,,,,,,,,,,,,,,,,,,,,,,,,,,,,,,,,"(-14.9, 0.4, 4.3)","(-14.8, 1.1, 4.4)","(-15.3, 0.8, 4.7)",
EVAC_RADIO_ALERT,105455,6/27/2026 11:55:24 AM,068492a8-9bbc-456b-87fb-dc52c0aec9a7,2.0,,,,,,,,1,
AUDIO_START,105461,6/27/2026 11:55:24 AM,068492a8-9bbc-456b-87fb-dc52c0aec9a7,2.0,evac in 9 minutes,4.127347,
PLAYER_POSITIONS,105512,6/27/2026 11:55:24 AM,068492a8-9bbc-456b-87fb-dc52c0aec9a7,2.0,,,,,,,,,,,,,,,,,,,,,,,,,,,,,,,,,,,"(-14.9, 0.5, 4.2)","(-14.8, 1.1, 4.3)","(-15.3, 0.8, 4.7)",
PLAYER_POSITIONS,105512,6/27/2026 11:55:24 AM,068492a8-9bbc-456b-87fb-dc52c0aec9a7,2.0,,,,,,,,,,,,,,,,,,,,,,,,,,,,,,,,,,,"(-14.9, 0.5, 4.2)","(-14.8, 1.1, 4.3)","(-15.3, 0.8, 4.7)",
PLAYER_POSITIONS,106019,6/27/2026 11:55:25 AM,068492a8-9bbc-456b-87fb-dc52c0aec9a7,2.0,,,,,,,,,,,,,,,,,,,,,,,,,,,,,,,,,,,"(-14.9, 0.5, 4.1)","(-14.7, 1.1, 4.0)","(-15.3, 0.8, 4.7)",
PLAYER_GAZE,106019,6/27/2026 11:55:25 AM,068492a8-9bbc-456b-87fb-dc52c0aec9a7,2.0,,,,,,,,,,,,,,,,,,,,,,,,Civilian PT 3,,,,,,,,,"(-0.4, 1.1, 2.5)",,,"(-14.3, 0.0, 1.6)",
PLAYER_POSITIONS,106019,6/27/2026 11:55:25 AM,068492a8-9bbc-456b-87fb-dc52c0aec9a7,2.0,,,,,,,,,,,,,,,,,,,,,,,,,,,,,,,,,,,"(-14.9, 0.5, 4.1)","(-14.7, 1.1, 4.0)","(-15.3, 0.8, 4.7)",
PLAYER_GAZE,106019,6/27/2026 11:55:25 AM,068492a8-9bbc-456b-87fb-dc52c0aec9a7,2.0,,,,,,,,,,,,,,,,,,,,,,,,Civilian PT 3,,,,,,,,,"(-0.4, 1.1, 2.5)",,,"(-14.3, 0.0, 1.6)",
PLAYER_POSITIONS,106536,6/27/2026 11:55:25 AM,068492a8-9bbc-456b-87fb-dc52c0aec9a7,2.0,,,,,,,,,,,,,,,,,,,,,,,,,,,,,,,,,,,"(-15.0, 0.5, 4.1)","(-14.9, 1.2, 4.1)","(-15.3, 0.5, 4.3)",
PLAYER_POSITIONS,106536,6/27/2026 11:55:25 AM,068492a8-9bbc-456b-87fb-dc52c0aec9a7,2.0,,,,,,,,,,,,,,,,,,,,,,,,,,,,,,,,,,,"(-15.0, 0.5, 4.1)","(-14.9, 1.2, 4.1)","(-15.3, 0.5, 4.3)",
PLAYER_POSITIONS,107044,6/27/2026 11:55:26 AM,068492a8-9bbc-456b-87fb-dc52c0aec9a7,2.0,,,,,,,,,,,,,,,,,,,,,,,,,,,,,,,,,,,"(-14.9, 0.6, 4.3)","(-14.9, 1.2, 4.4)","(-14.9, 0.6, 4.2)",
PLAYER_GAZE,107044,6/27/2026 11:55:26 AM,068492a8-9bbc-456b-87fb-dc52c0aec9a7,2.0,,,,,,,,,,,,,,,,,,,,,,,,Civilian PT 14,,,,,,,,,"(-0.8, 1.2, 0.8)",,,"(-14.1, 0.0, 3.6)",
PLAYER_POSITIONS,107044,6/27/2026 11:55:26 AM,068492a8-9bbc-456b-87fb-dc52c0aec9a7,2.0,,,,,,,,,,,,,,,,,,,,,,,,,,,,,,,,,,,"(-14.9, 0.6, 4.3)","(-14.9, 1.2, 4.4)","(-14.9, 0.6, 4.2)",
PLAYER_GAZE,107044,6/27/2026 11:55:26 AM,068492a8-9bbc-456b-87fb-dc52c0aec9a7,2.0,,,,,,,,,,,,,,,,,,,,,,,,Civilian PT 14,,,,,,,,,"(-0.8, 1.2, 0.8)",,,"(-14.1, 0.0, 3.6)",
PLAYER_POSITIONS,107552,6/27/2026 11:55:26 AM,068492a8-9bbc-456b-87fb-dc52c0aec9a7,2.0,,,,,,,,,,,,,,,,,,,,,,,,,,,,,,,,,,,"(-14.0, 0.5, 4.3)","(-14.0, 1.2, 4.4)","(-14.0, 0.6, 4.2)",
PLAYER_GAZE,107552,6/27/2026 11:55:26 AM,068492a8-9bbc-456b-87fb-dc52c0aec9a7,2.0,,,,,,,,,,,,,,,,,,,,,,,,Civilian PT 14,,,,,,,,,"(0.1, 1.2, 0.8)",,,"(-14.1, 0.0, 3.6)",
PLAYER_POSITIONS,107552,6/27/2026 11:55:26 AM,068492a8-9bbc-456b-87fb-dc52c0aec9a7,2.0,,,,,,,,,,,,,,,,,,,,,,,,,,,,,,,,,,,"(-14.0, 0.5, 4.3)","(-14.0, 1.2, 4.4)","(-14.0, 0.6, 4.2)",
PLAYER_GAZE,107552,6/27/2026 11:55:26 AM,068492a8-9bbc-456b-87fb-dc52c0aec9a7,2.0,,,,,,,,,,,,,,,,,,,,,,,,Civilian PT 14,,,,,,,,,"(0.1, 1.2, 0.8)",,,"(-14.1, 0.0, 3.6)",
PATIENT_DISENGAGED,107896,6/27/2026 11:55:27 AM,068492a8-9bbc-456b-87fb-dc52c0aec9a7,2.0,,,,5.41,,,,,,,,,,,,,,,,normal,100,128,normal,Military PT 13,calm,standing,"(-15.2, 0.0, 5.0)",normal,"(0.0, 0.9, 0.0, 0.4)",normal,MINIMAL,still,,,,,,,,,,,,,,,,,5.41,
PLAYER_POSITIONS,108063,6/27/2026 11:55:27 AM,068492a8-9bbc-456b-87fb-dc52c0aec9a7,2.0,,,,,,,,,,,,,,,,,,,,,,,,,,,,,,,,,,,"(-13.5, 0.5, 2.6)","(-13.4, 1.1, 2.7)","(-13.5, 0.5, 2.4)",
PLAYER_POSITIONS,108063,6/27/2026 11:55:27 AM,068492a8-9bbc-456b-87fb-dc52c0aec9a7,2.0,,,,,,,,,,,,,,,,,,,,,,,,,,,,,,,,,,,"(-13.5, 0.5, 2.6)","(-13.4, 1.1, 2.7)","(-13.5, 0.5, 2.4)",
TELEPORT,108108,6/27/2026 11:55:27 AM,068492a8-9bbc-456b-87fb-dc52c0aec9a7,2.0,,,,,,,,,,,,,,,,,,,,,,,,,,,,,,,,,,,,"(-13.6, 1.2, 4.2)",,,,,,,"(-13.4, 1.1, 2.7)",
PLAYER_POSITIONS,108571,6/27/2026 11:55:27 AM,068492a8-9bbc-456b-87fb-dc52c0aec9a7,2.0,,,,,,,,,,,,,,,,,,,,,,,,,,,,,,,,,,,"(-13.0, 0.4, 2.2)","(-13.0, 1.1, 2.3)","(-13.1, 0.4, 2.1)",
PLAYER_GAZE,108571,6/27/2026 11:55:27 AM,068492a8-9bbc-456b-87fb-dc52c0aec9a7,2.0,,,,,,,,,,,,,,,,,,,,,,,,Military PT 2,,,,,,,,,"(-1.0, 1.1, 1.3)",,,"(-12.0, 0.0, 1.1)",
PLAYER_POSITIONS,108571,6/27/2026 11:55:27 AM,068492a8-9bbc-456b-87fb-dc52c0aec9a7,2.0,,,,,,,,,,,,,,,,,,,,,,,,,,,,,,,,,,,"(-13.0, 0.4, 2.2)","(-13.0, 1.1, 2.3)","(-13.1, 0.4, 2.1)",
PLAYER_GAZE,108571,6/27/2026 11:55:27 AM,068492a8-9bbc-456b-87fb-dc52c0aec9a7,2.0,,,,,,,,,,,,,,,,,,,,,,,,Military PT 2,,,,,,,,,"(-1.0, 1.1, 1.3)",,,"(-12.0, 0.0, 1.1)",
BUTTON_CLICKED,108746,6/27/2026 11:55:28 AM,068492a8-9bbc-456b-87fb-dc52c0aec9a7,2.0,,,lay down,
VOICE_CAPTURE,108746,6/27/2026 11:55:28 AM,068492a8-9bbc-456b-87fb-dc52c0aec9a7,2.0,,,,,,,,,,,,,,,,,,,,,,,,,,,,,,,,,,,,,,,,,,,,,,,,,,,NA,lay down,
VOICE_COMMAND,108746,6/27/2026 11:55:28 AM,068492a8-9bbc-456b-87fb-dc52c0aec9a7,2.0,,,,,,,,,,,,,,,,,,,,,,,,,,,,,,,,,,,,,,,,,,,,,,,,,,,lay down,lay down,
PLAYER_POSITIONS,109093,6/27/2026 11:55:28 AM,068492a8-9bbc-456b-87fb-dc52c0aec9a7,2.0,,,,,,,,,,,,,,,,,,,,,,,,,,,,,,,,,,,"(-12.7, 0.4, 2.1)","(-12.8, 1.0, 2.1)","(-12.8, 0.4, 1.8)",
PLAYER_POSITIONS,109093,6/27/2026 11:55:28 AM,068492a8-9bbc-456b-87fb-dc52c0aec9a7,2.0,,,,,,,,,,,,,,,,,,,,,,,,,,,,,,,,,,,"(-12.7, 0.4, 2.1)","(-12.8, 1.0, 2.1)","(-12.8, 0.4, 1.8)",
AUDIO_END,109596,6/27/2026 11:55:28 AM,068492a8-9bbc-456b-87fb-dc52c0aec9a7,2.0,evac in 9 minutes,4.127347,
PLAYER_POSITIONS,109596,6/27/2026 11:55:28 AM,068492a8-9bbc-456b-87fb-dc52c0aec9a7,2.0,,,,,,,,,,,,,,,,,,,,,,,,,,,,,,,,,,,"(-12.6, 0.3, 1.7)","(-12.6, 1.0, 1.7)","(-12.7, 0.4, 1.5)",
PLAYER_POSITIONS,109596,6/27/2026 11:55:28 AM,068492a8-9bbc-456b-87fb-dc52c0aec9a7,2.0,,,,,,,,,,,,,,,,,,,,,,,,,,,,,,,,,,,"(-12.6, 0.3, 1.7)","(-12.6, 1.0, 1.7)","(-12.7, 0.4, 1.5)",
PLAYER_POSITIONS,110106,6/27/2026 11:55:29 AM,068492a8-9bbc-456b-87fb-dc52c0aec9a7,2.0,,,,,,,,,,,,,,,,,,,,,,,,,,,,,,,,,,,"(-12.6, 0.3, 1.8)","(-12.6, 1.0, 2.0)","(-12.7, 0.4, 1.7)",
PLAYER_GAZE,110106,6/27/2026 11:55:29 AM,068492a8-9bbc-456b-87fb-dc52c0aec9a7,2.0,,,,,,,,,,,,,,,,,,,,,,,,Military PT 5,,,,,,,,,"(-3.1, 1.0, 0.3)",,,"(-9.4, 0.0, 1.7)",
PLAYER_POSITIONS,110106,6/27/2026 11:55:29 AM,068492a8-9bbc-456b-87fb-dc52c0aec9a7,2.0,,,,,,,,,,,,,,,,,,,,,,,,,,,,,,,,,,,"(-12.6, 0.3, 1.8)","(-12.6, 1.0, 2.0)","(-12.7, 0.4, 1.7)",
PLAYER_GAZE,110106,6/27/2026 11:55:29 AM,068492a8-9bbc-456b-87fb-dc52c0aec9a7,2.0,,,,,,,,,,,,,,,,,,,,,,,,Military PT 5,,,,,,,,,"(-3.1, 1.0, 0.3)",,,"(-9.4, 0.0, 1.7)",
PLAYER_POSITIONS,110627,6/27/2026 11:55:30 AM,068492a8-9bbc-456b-87fb-dc52c0aec9a7,2.0,,,,,,,,,,,,,,,,,,,,,,,,,,,,,,,,,,,"(-12.4, 0.3, 1.9)","(-12.5, 1.0, 2.1)","(-12.5, 0.3, 1.8)",
PLAYER_GAZE,110627,6/27/2026 11:55:30 AM,068492a8-9bbc-456b-87fb-dc52c0aec9a7,2.0,,,,,,,,,,,,,,,,,,,,,,,,Military PT 1,,,,,,,,,"(-5.7, 1.0, 0.0)",,,"(-6.8, 0.0, 2.1)",
PLAYER_POSITIONS,110627,6/27/2026 11:55:30 AM,068492a8-9bbc-456b-87fb-dc52c0aec9a7,2.0,,,,,,,,,,,,,,,,,,,,,,,,,,,,,,,,,,,"(-12.4, 0.3, 1.9)","(-12.5, 1.0, 2.1)","(-12.5, 0.3, 1.8)",
PLAYER_GAZE,110627,6/27/2026 11:55:30 AM,068492a8-9bbc-456b-87fb-dc52c0aec9a7,2.0,,,,,,,,,,,,,,,,,,,,,,,,Military PT 1,,,,,,,,,"(-5.7, 1.0, 0.0)",,,"(-6.8, 0.0, 2.1)",
PLAYER_POSITIONS,111148,6/27/2026 11:55:30 AM,068492a8-9bbc-456b-87fb-dc52c0aec9a7,2.0,,,,,,,,,,,,,,,,,,,,,,,,,,,,,,,,,,,"(-12.1, 0.3, 2.5)","(-12.1, 1.0, 2.7)","(-12.1, 0.3, 2.4)",
PLAYER_POSITIONS,111148,6/27/2026 11:55:30 AM,068492a8-9bbc-456b-87fb-dc52c0aec9a7,2.0,,,,,,,,,,,,,,,,,,,,,,,,,,,,,,,,,,,"(-12.1, 0.3, 2.5)","(-12.1, 1.0, 2.7)","(-12.1, 0.3, 2.4)",
VOICE_CAPTURE,111494,6/27/2026 11:55:30 AM,068492a8-9bbc-456b-87fb-dc52c0aec9a7,2.0,,,,,,,,,,,,,,,,,,,,,,,,,,,,,,,,,,,,,,,,,,,,,,,,,,,NA,Okay.,
PLAYER_POSITIONS,111650,6/27/2026 11:55:31 AM,068492a8-9bbc-456b-87fb-dc52c0aec9a7,2.0,,,,,,,,,,,,,,,,,,,,,,,,,,,,,,,,,,,"(-11.8, 0.4, 2.9)","(-11.9, 1.1, 3.1)","(-11.8, 0.4, 2.7)",
PLAYER_GAZE,111650,6/27/2026 11:55:31 AM,068492a8-9bbc-456b-87fb-dc52c0aec9a7,2.0,,,,,,,,,,,,,,,,,,,,,,,,Military PT 6,,,,,,,,,"(-2.8, 1.1, -1.5)",,,"(-9.1, 0.0, 4.6)",
PLAYER_POSITIONS,111650,6/27/2026 11:55:31 AM,068492a8-9bbc-456b-87fb-dc52c0aec9a7,2.0,,,,,,,,,,,,,,,,,,,,,,,,,,,,,,,,,,,"(-11.8, 0.4, 2.9)","(-11.9, 1.1, 3.1)","(-11.8, 0.4, 2.7)",
PLAYER_GAZE,111650,6/27/2026 11:55:31 AM,068492a8-9bbc-456b-87fb-dc52c0aec9a7,2.0,,,,,,,,,,,,,,,,,,,,,,,,Military PT 6,,,,,,,,,"(-2.8, 1.1, -1.5)",,,"(-9.1, 0.0, 4.6)",
VOICE_CAPTURE,111961,6/27/2026 11:55:31 AM,068492a8-9bbc-456b-87fb-dc52c0aec9a7,2.0,,,,,,,,,,,,,,,,,,,,,,,,,,,,,,,,,,,,,,,,,,,,,,,,,,,NA,Okay.,
PLAYER_POSITIONS,112171,6/27/2026 11:55:31 AM,068492a8-9bbc-456b-87fb-dc52c0aec9a7,2.0,,,,,,,,,,,,,,,,,,,,,,,,,,,,,,,,,,,"(-11.3, 0.4, 3.6)","(-11.3, 1.1, 3.8)","(-11.3, 0.5, 3.4)",
PLAYER_POSITIONS,112171,6/27/2026 11:55:31 AM,068492a8-9bbc-456b-87fb-dc52c0aec9a7,2.0,,,,,,,,,,,,,,,,,,,,,,,,,,,,,,,,,,,"(-11.3, 0.4, 3.6)","(-11.3, 1.1, 3.8)","(-11.3, 0.5, 3.4)",
VOICE_CAPTURE,112503,6/27/2026 11:55:31 AM,068492a8-9bbc-456b-87fb-dc52c0aec9a7,2.0,,,,,,,,,,,,,,,,,,,,,,,,,,,,,,,,,,,,,,,,,,,,,,,,,,,NA,Okay.,
PLAYER_POSITIONS,112666,6/27/2026 11:55:32 AM,068492a8-9bbc-456b-87fb-dc52c0aec9a7,2.0,,,,,,,,,,,,,,,,,,,,,,,,,,,,,,,,,,,"(-10.6, 0.4, 3.3)","(-10.6, 1.1, 3.3)","(-10.8, 0.7, 3.1)",
PLAYER_POSITIONS,112666,6/27/2026 11:55:32 AM,068492a8-9bbc-456b-87fb-dc52c0aec9a7,2.0,,,,,,,,,,,,,,,,,,,,,,,,,,,,,,,,,,,"(-10.6, 0.4, 3.3)","(-10.6, 1.1, 3.3)","(-10.8, 0.7, 3.1)",
PATIENT_ENGAGED,112840,6/27/2026 11:55:32 AM,068492a8-9bbc-456b-87fb-dc52c0aec9a7,2.0,,,,0,,,,,,,,,,,,,,,,fast,100,Infinity,normal,Military PT 5,upset,supine,"(-9.4, -0.1, 1.7)",faint,"(0.0, -1.0, 0.0, 0.0)",normal,IMMEDIATE,still,,,,,,,,,,,,,,,,,0,
VOICE_CAPTURE,113010,6/27/2026 11:55:32 AM,068492a8-9bbc-456b-87fb-dc52c0aec9a7,2.0,,,,,,,,,,,,,,,,,,,,,,,,,,,,,,,,,,,,,,,,,,,,,,,,,,,NA,Okay.,
PLAYER_POSITIONS,113166,6/27/2026 11:55:32 AM,068492a8-9bbc-456b-87fb-dc52c0aec9a7,2.0,,,,,,,,,,,,,,,,,,,,,,,,,,,,,,,,,,,"(-10.3, 0.4, 3.3)","(-10.4, 1.1, 3.4)","(-10.4, 0.7, 3.1)",
PLAYER_GAZE,113166,6/27/2026 11:55:32 AM,068492a8-9bbc-456b-87fb-dc52c0aec9a7,2.0,,,,,,,,,,,,,,,,,,,,,,,,Military PT 5,,,,,,,,,"(-0.9, 1.1, 1.7)",,,"(-9.4, 0.0, 1.7)",
PLAYER_POSITIONS,113166,6/27/2026 11:55:32 AM,068492a8-9bbc-456b-87fb-dc52c0aec9a7,2.0,,,,,,,,,,,,,,,,,,,,,,,,,,,,,,,,,,,"(-10.3, 0.4, 3.3)","(-10.4, 1.1, 3.4)","(-10.4, 0.7, 3.1)",
PLAYER_GAZE,113166,6/27/2026 11:55:32 AM,068492a8-9bbc-456b-87fb-dc52c0aec9a7,2.0,,,,,,,,,,,,,,,,,,,,,,,,Military PT 5,,,,,,,,,"(-0.9, 1.1, 1.7)",,,"(-9.4, 0.0, 1.7)",
VOICE_CAPTURE,113487,6/27/2026 11:55:32 AM,068492a8-9bbc-456b-87fb-dc52c0aec9a7,2.0,,,,,,,,,,,,,,,,,,,,,,,,,,,,,,,,,,,,,,,,,,,,,,,,,,,NA,Okay.,
AUDIO_START,113562,6/27/2026 11:55:32 AM,068492a8-9bbc-456b-87fb-dc52c0aec9a7,2.0,bravo 2 sitrep,2.063673,
PLAYER_POSITIONS,113678,6/27/2026 11:55:33 AM,068492a8-9bbc-456b-87fb-dc52c0aec9a7,2.0,,,,,,,,,,,,,,,,,,,,,,,,,,,,,,,,,,,"(-10.3, 0.4, 3.5)","(-10.4, 1.1, 3.6)","(-10.3, 0.6, 3.3)",
PLAYER_POSITIONS,113678,6/27/2026 11:55:33 AM,068492a8-9bbc-456b-87fb-dc52c0aec9a7,2.0,,,,,,,,,,,,,,,,,,,,,,,,,,,,,,,,,,,"(-10.3, 0.4, 3.5)","(-10.4, 1.1, 3.6)","(-10.3, 0.6, 3.3)",
PATIENT_DISENGAGED,113841,6/27/2026 11:55:33 AM,068492a8-9bbc-456b-87fb-dc52c0aec9a7,2.0,,,,1,,,,,,,,,,,,,,,,fast,100,Infinity,normal,Military PT 5,upset,supine,"(-9.4, -0.1, 1.7)",faint,"(0.0, -1.0, 0.0, 0.0)",normal,IMMEDIATE,still,,,,,,,,,,,,,,,,,1,
PATIENT_ENGAGED,113908,6/27/2026 11:55:33 AM,068492a8-9bbc-456b-87fb-dc52c0aec9a7,2.0,,,,0,,,,,,,,,,,,,,,,fast,100,Infinity,normal,Military PT 5,upset,supine,"(-9.4, -0.1, 1.7)",faint,"(0.0, -1.0, 0.0, 0.0)",normal,IMMEDIATE,still,,,,,,,,,,,,,,,,,1,
PATIENT_DISENGAGED,113953,6/27/2026 11:55:33 AM,068492a8-9bbc-456b-87fb-dc52c0aec9a7,2.0,,,,0.02,,,,,,,,,,,,,,,,fast,100,Infinity,normal,Military PT 5,upset,supine,"(-9.4, -0.1, 1.7)",faint,"(0.0, -1.0, 0.0, 0.0)",normal,IMMEDIATE,still,,,,,,,,,,,,,,,,,1.02,
VOICE_CAPTURE,114033,6/27/2026 11:55:33 AM,068492a8-9bbc-456b-87fb-dc52c0aec9a7,2.0,,,,,,,,,,,,,,,,,,,,,,,,,,,,,,,,,,,,,,,,,,,,,,,,,,,NA,Okay.,
BAG_CLOSED,114186,6/27/2026 11:55:33 AM,068492a8-9bbc-456b-87fb-dc52c0aec9a7,2.0,,,,,,,,,,,,,,,,,,,,,,,,,,,,,,,,,,,,"(0.0, 0.0, 0.0)",
PLAYER_POSITIONS,114190,6/27/2026 11:55:33 AM,068492a8-9bbc-456b-87fb-dc52c0aec9a7,2.0,,,,,,,,,,,,,,,,,,,,,,,,,,,,,,,,,,,"(-10.3, 0.4, 3.7)","(-10.3, 1.1, 3.8)","(-10.2, 0.6, 3.4)",
PLAYER_POSITIONS,114190,6/27/2026 11:55:33 AM,068492a8-9bbc-456b-87fb-dc52c0aec9a7,2.0,,,,,,,,,,,,,,,,,,,,,,,,,,,,,,,,,,,"(-10.3, 0.4, 3.7)","(-10.3, 1.1, 3.8)","(-10.2, 0.6, 3.4)",
VOICE_CAPTURE,114520,6/27/2026 11:55:33 AM,068492a8-9bbc-456b-87fb-dc52c0aec9a7,2.0,,,,,,,,,,,,,,,,,,,,,,,,,,,,,,,,,,,,,,,,,,,,,,,,,,,NA,Okay.,
PLAYER_POSITIONS,114696,6/27/2026 11:55:34 AM,068492a8-9bbc-456b-87fb-dc52c0aec9a7,2.0,,,,,,,,,,,,,,,,,,,,,,,,,,,,,,,,,,,"(-10.2, 0.4, 3.8)","(-10.2, 1.0, 3.9)","(-10.2, 0.6, 3.6)",
PLAYER_POSITIONS,114696,6/27/2026 11:55:34 AM,068492a8-9bbc-456b-87fb-dc52c0aec9a7,2.0,,,,,,,,,,,,,,,,,,,,,,,,,,,,,,,,,,,"(-10.2, 0.4, 3.8)","(-10.2, 1.0, 3.9)","(-10.2, 0.6, 3.6)",
PATIENT_ENGAGED,114914,6/27/2026 11:55:34 AM,068492a8-9bbc-456b-87fb-dc52c0aec9a7,2.0,,,,0,,,,,,,,,,,,,,,,fast,100,Infinity,normal,Military PT 6,agony,supine,"(-9.1, 0.0, 4.6)",fast,"(0.0, -1.0, 0.0, 0.0)",normal,IMMEDIATE,still,,,,,,,,,,,,,,,,,0,
VOICE_CAPTURE,115057,6/27/2026 11:55:34 AM,068492a8-9bbc-456b-87fb-dc52c0aec9a7,2.0,,,,,,,,,,,,,,,,,,,,,,,,,,,,,,,,,,,,,,,,,,,,,,,,,,,NA,Okay.,
PLAYER_POSITIONS,115205,6/27/2026 11:55:34 AM,068492a8-9bbc-456b-87fb-dc52c0aec9a7,2.0,,,,,,,,,,,,,,,,,,,,,,,,,,,,,,,,,,,"(-10.0, 0.4, 3.9)","(-9.9, 1.1, 4.0)","(-10.0, 0.6, 3.7)",
PLAYER_POSITIONS,115205,6/27/2026 11:55:34 AM,068492a8-9bbc-456b-87fb-dc52c0aec9a7,2.0,,,,,,,,,,,,,,,,,,,,,,,,,,,,,,,,,,,"(-10.0, 0.4, 3.9)","(-9.9, 1.1, 4.0)","(-10.0, 0.6, 3.7)",
VOICE_CAPTURE,115519,6/27/2026 11:55:34 AM,068492a8-9bbc-456b-87fb-dc52c0aec9a7,2.0,,,,,,,,,,,,,,,,,,,,,,,,,,,,,,,,,,,,,,,,,,,,,,,,,,,NA,Okay.,
AUDIO_END,115631,6/27/2026 11:55:35 AM,068492a8-9bbc-456b-87fb-dc52c0aec9a7,2.0,bravo 2 sitrep,2.063673,
NARRATIVE_SECTION_END,115631,6/27/2026 11:55:35 AM,068492a8-9bbc-456b-87fb-dc52c0aec9a7,2.0,,,,,,,,,,,,,,,,,,Bravo 2 sitrep,13,
NARRATIVE_SECTION_START,115671,6/27/2026 11:55:35 AM,068492a8-9bbc-456b-87fb-dc52c0aec9a7,2.0,,,,,,,,,,,,,,,,,,Bravo Heavy Contact,14,
PLAYER_POSITIONS,115719,6/27/2026 11:55:35 AM,068492a8-9bbc-456b-87fb-dc52c0aec9a7,2.0,,,,,,,,,,,,,,,,,,,,,,,,,,,,,,,,,,,"(-10.0, 0.4, 3.2)","(-10.1, 1.1, 3.2)","(-10.1, 0.6, 2.9)",
PLAYER_POSITIONS,115719,6/27/2026 11:55:35 AM,068492a8-9bbc-456b-87fb-dc52c0aec9a7,2.0,,,,,,,,,,,,,,,,,,,,,,,,,,,,,,,,,,,"(-10.0, 0.4, 3.2)","(-10.1, 1.1, 3.2)","(-10.1, 0.6, 2.9)",
PATIENT_DISENGAGED,115852,6/27/2026 11:55:35 AM,068492a8-9bbc-456b-87fb-dc52c0aec9a7,2.0,,,,0.94,,,,,,,,,,,,,,,,fast,100,Infinity,normal,Military PT 6,agony,supine,"(-9.1, 0.0, 4.6)",fast,"(0.0, -1.0, 0.0, 0.0)",normal,IMMEDIATE,still,,,,,,,,,,,,,,,,,0.94,
PATIENT_ENGAGED,115852,6/27/2026 11:55:35 AM,068492a8-9bbc-456b-87fb-dc52c0aec9a7,2.0,,,,0,,,,,,,,,,,,,,,,fast,100,Infinity,normal,Military PT 5,upset,supine,"(-9.4, -0.1, 1.7)",faint,"(0.0, -1.0, 0.0, 0.0)",normal,IMMEDIATE,still,,,,,,,,,,,,,,,,,1.02,
VOICE_CAPTURE,116029,6/27/2026 11:55:35 AM,068492a8-9bbc-456b-87fb-dc52c0aec9a7,2.0,,,,,,,,,,,,,,,,,,,,,,,,,,,,,,,,,,,,,,,,,,,,,,,,,,,NA,Okay.,
PLAYER_POSITIONS,116227,6/27/2026 11:55:35 AM,068492a8-9bbc-456b-87fb-dc52c0aec9a7,2.0,,,,,,,,,,,,,,,,,,,,,,,,,,,,,,,,,,,"(-10.2, 0.3, 2.5)","(-10.2, 1.0, 2.6)","(-10.2, 0.5, 2.3)",
PLAYER_POSITIONS,116227,6/27/2026 11:55:35 AM,068492a8-9bbc-456b-87fb-dc52c0aec9a7,2.0,,,,,,,,,,,,,,,,,,,,,,,,,,,,,,,,,,,"(-10.2, 0.3, 2.5)","(-10.2, 1.0, 2.6)","(-10.2, 0.5, 2.3)",
VOICE_CAPTURE,116526,6/27/2026 11:55:35 AM,068492a8-9bbc-456b-87fb-dc52c0aec9a7,2.0,,,,,,,,,,,,,,,,,,,,,,,,,,,,,,,,,,,,,,,,,,,,,,,,,,,NA,Okay.,
AUDIO_START,116665,6/27/2026 11:55:36 AM,068492a8-9bbc-456b-87fb-dc52c0aec9a7,2.0,bravo heavy contact,3.94449,
PLAYER_POSITIONS,116748,6/27/2026 11:55:36 AM,068492a8-9bbc-456b-87fb-dc52c0aec9a7,2.0,,,,,,,,,,,,,,,,,,,,,,,,,,,,,,,,,,,"(-10.3, 0.3, 2.3)","(-10.4, 0.9, 2.4)","(-10.4, 0.5, 2.2)",
PLAYER_POSITIONS,116748,6/27/2026 11:55:36 AM,068492a8-9bbc-456b-87fb-dc52c0aec9a7,2.0,,,,,,,,,,,,,,,,,,,,,,,,,,,,,,,,,,,"(-10.3, 0.3, 2.3)","(-10.4, 0.9, 2.4)","(-10.4, 0.5, 2.2)",
VOICE_CAPTURE,116992,6/27/2026 11:55:36 AM,068492a8-9bbc-456b-87fb-dc52c0aec9a7,2.0,,,,,,,,,,,,,,,,,,,,,,,,,,,,,,,,,,,,,,,,,,,,,,,,,,,NA,Okay. Thank you.,
PLAYER_POSITIONS,117258,6/27/2026 11:55:36 AM,068492a8-9bbc-456b-87fb-dc52c0aec9a7,2.0,,,,,,,,,,,,,,,,,,,,,,,,,,,,,,,,,,,"(-10.3, 0.3, 2.2)","(-10.1, 0.9, 2.3)","(-10.3, 0.5, 2.0)",
PLAYER_POSITIONS,117258,6/27/2026 11:55:36 AM,068492a8-9bbc-456b-87fb-dc52c0aec9a7,2.0,,,,,,,,,,,,,,,,,,,,,,,,,,,,,,,,,,,"(-10.3, 0.3, 2.2)","(-10.1, 0.9, 2.3)","(-10.3, 0.5, 2.0)",
VOICE_CAPTURE,117505,6/27/2026 11:55:36 AM,068492a8-9bbc-456b-87fb-dc52c0aec9a7,2.0,,,,,,,,,,,,,,,,,,,,,,,,,,,,,,,,,,,,,,,,,,,,,,,,,,,NA,Okay.,
PLAYER_POSITIONS,117761,6/27/2026 11:55:37 AM,068492a8-9bbc-456b-87fb-dc52c0aec9a7,2.0,,,,,,,,,,,,,,,,,,,,,,,,,,,,,,,,,,,"(-10.1, 0.4, 2.2)","(-10.1, 1.0, 2.1)","(-10.1, 0.4, 1.7)",
PLAYER_POSITIONS,117761,6/27/2026 11:55:37 AM,068492a8-9bbc-456b-87fb-dc52c0aec9a7,2.0,,,,,,,,,,,,,,,,,,,,,,,,,,,,,,,,,,,"(-10.1, 0.4, 2.2)","(-10.1, 1.0, 2.1)","(-10.1, 0.4, 1.7)",
VOICE_CAPTURE,117983,6/27/2026 11:55:37 AM,068492a8-9bbc-456b-87fb-dc52c0aec9a7,2.0,,,,,,,,,,,,,,,,,,,,,,,,,,,,,,,,,,,,,,,,,,,,,,,,,,,NA,Okay.,
TOOL_HOVER,118115,6/27/2026 11:55:37 AM,068492a8-9bbc-456b-87fb-dc52c0aec9a7,2.0,,,,,,,,,,,,,,,,,,,,,,,,,,,,,,,,,,,,,,,,,,,,,,999,,Israeli Wrap,
PLAYER_POSITIONS,118271,6/27/2026 11:55:37 AM,068492a8-9bbc-456b-87fb-dc52c0aec9a7,2.0,,,,,,,,,,,,,,,,,,,,,,,,,,,,,,,,,,,"(-10.1, 0.4, 2.2)","(-10.1, 1.0, 2.0)","(-9.8, 0.6, 1.6)",
PLAYER_POSITIONS,118271,6/27/2026 11:55:37 AM,068492a8-9bbc-456b-87fb-dc52c0aec9a7,2.0,,,,,,,,,,,,,,,,,,,,,,,,,,,,,,,,,,,"(-10.1, 0.4, 2.2)","(-10.1, 1.0, 2.0)","(-9.8, 0.6, 1.6)",
TOOL_HOVER,118427,6/27/2026 11:55:37 AM,068492a8-9bbc-456b-87fb-dc52c0aec9a7,2.0,,,,,,,,,,,,,,,,,,,,,,,,,,,,,,,,,,,,,,,,,,,,,,999,,Blanket,
VOICE_CAPTURE,118473,6/27/2026 11:55:37 AM,068492a8-9bbc-456b-87fb-dc52c0aec9a7,2.0,,,,,,,,,,,,,,,,,,,,,,,,,,,,,,,,,,,,,,,,,,,,,,,,,,,NA,Okay.,
TOOL_HOVER,118727,6/27/2026 11:55:38 AM,068492a8-9bbc-456b-87fb-dc52c0aec9a7,2.0,,,,,,,,,,,,,,,,,,,,,,,,,,,,,,,,,,,,,,,,,,,,,,999,,Israeli Wrap,
PLAYER_POSITIONS,118774,6/27/2026 11:55:38 AM,068492a8-9bbc-456b-87fb-dc52c0aec9a7,2.0,,,,,,,,,,,,,,,,,,,,,,,,,,,,,,,,,,,"(-10.2, 0.3, 2.3)","(-10.1, 0.9, 2.1)","(-9.8, 0.6, 1.6)",
PLAYER_POSITIONS,118774,6/27/2026 11:55:38 AM,068492a8-9bbc-456b-87fb-dc52c0aec9a7,2.0,,,,,,,,,,,,,,,,,,,,,,,,,,,,,,,,,,,"(-10.2, 0.3, 2.3)","(-10.1, 0.9, 2.1)","(-9.8, 0.6, 1.6)",
TOOL_HOVER,118816,6/27/2026 11:55:38 AM,068492a8-9bbc-456b-87fb-dc52c0aec9a7,2.0,,,,,,,,,,,,,,,,,,,,,,,,,,,,,,,,,,,,,,,,,,,,,,999,,Chest Seal,
TOOL_SELECTED,119005,6/27/2026 11:55:38 AM,068492a8-9bbc-456b-87fb-dc52c0aec9a7,2.0,,,,,,,,,,,,,,,,,,,,,,,,,,,,,,,,,,,,,,,,,,,,,,998,,Chest Seal,
VOICE_CAPTURE,119008,6/27/2026 11:55:38 AM,068492a8-9bbc-456b-87fb-dc52c0aec9a7,2.0,,,,,,,,,,,,,,,,,,,,,,,,,,,,,,,,,,,,,,,,,,,,,,,,,,,NA,Okay.,
PLAYER_POSITIONS,119281,6/27/2026 11:55:38 AM,068492a8-9bbc-456b-87fb-dc52c0aec9a7,2.0,,,,,,,,,,,,,,,,,,,,,,,,,,,,,,,,,,,"(-10.2, 0.3, 2.3)","(-10.1, 0.9, 2.1)","(-9.9, 0.2, 1.9)",
PLAYER_POSITIONS,119281,6/27/2026 11:55:38 AM,068492a8-9bbc-456b-87fb-dc52c0aec9a7,2.0,,,,,,,,,,,,,,,,,,,,,,,,,,,,,,,,,,,"(-10.2, 0.3, 2.3)","(-10.1, 0.9, 2.1)","(-9.9, 0.2, 1.9)",
VOICE_CAPTURE,119514,6/27/2026 11:55:38 AM,068492a8-9bbc-456b-87fb-dc52c0aec9a7,2.0,,,,,,,,,,,,,,,,,,,,,,,,,,,,,,,,,,,,,,,,,,,,,,,,,,,NA,Okay.,
INJURY_TREATED,119738,6/27/2026 11:55:39 AM,068492a8-9bbc-456b-87fb-dc52c0aec9a7,2.0,,,,,,,,,chest,R Chest Puncture,"(-9.9, 0.1, 2.1)",chestSeal,1,1,high,True,True,,,,,,,Military PT 5,
TOOL_APPLIED,119740,6/27/2026 11:55:39 AM,068492a8-9bbc-456b-87fb-dc52c0aec9a7,2.0,,,,,,,,,,,,,,,,,,,,,,,,Military PT 5,,,,,,,,,,,,,,,,,,,,AppliedChestSeal,skinCollider_BodyCollideLOD (UnityEngine.GameObject),,Chest Seal(Clone) (UnityEngine.GameObject),Chest Seal,
PLAYER_POSITIONS,119793,6/27/2026 11:55:39 AM,068492a8-9bbc-456b-87fb-dc52c0aec9a7,2.0,,,,,,,,,,,,,,,,,,,,,,,,,,,,,,,,,,,"(-10.2, 0.3, 2.3)","(-10.1, 0.8, 2.2)","(-10.0, 0.1, 2.2)",
PLAYER_POSITIONS,119793,6/27/2026 11:55:39 AM,068492a8-9bbc-456b-87fb-dc52c0aec9a7,2.0,,,,,,,,,,,,,,,,,,,,,,,,,,,,,,,,,,,"(-10.2, 0.3, 2.3)","(-10.1, 0.8, 2.2)","(-10.0, 0.1, 2.2)",
VOICE_CAPTURE,120015,6/27/2026 11:55:39 AM,068492a8-9bbc-456b-87fb-dc52c0aec9a7,2.0,,,,,,,,,,,,,,,,,,,,,,,,,,,,,,,,,,,,,,,,,,,,,,,,,,,NA,Okay.,
PLAYER_POSITIONS,120304,6/27/2026 11:55:39 AM,068492a8-9bbc-456b-87fb-dc52c0aec9a7,2.0,,,,,,,,,,,,,,,,,,,,,,,,,,,,,,,,,,,"(-10.2, 0.3, 2.2)","(-10.1, 0.8, 2.3)","(-10.0, 0.3, 2.0)",
PLAYER_POSITIONS,120304,6/27/2026 11:55:39 AM,068492a8-9bbc-456b-87fb-dc52c0aec9a7,2.0,,,,,,,,,,,,,,,,,,,,,,,,,,,,,,,,,,,"(-10.2, 0.3, 2.2)","(-10.1, 0.8, 2.3)","(-10.0, 0.3, 2.0)",
BAG_CLOSED,120502,6/27/2026 11:55:39 AM,068492a8-9bbc-456b-87fb-dc52c0aec9a7,2.0,,,,,,,,,,,,,,,,,,,,,,,,,,,,,,,,,,,,"(0.0, 0.0, 0.0)",
VOICE_CAPTURE,120537,6/27/2026 11:55:39 AM,068492a8-9bbc-456b-87fb-dc52c0aec9a7,2.0,,,,,,,,,,,,,,,,,,,,,,,,,,,,,,,,,,,,,,,,,,,,,,,,,,,NA,Okay.,
AUDIO_END,120626,6/27/2026 11:55:40 AM,068492a8-9bbc-456b-87fb-dc52c0aec9a7,2.0,bravo heavy contact,3.94449,
NARRATIVE_SECTION_END,120626,6/27/2026 11:55:40 AM,068492a8-9bbc-456b-87fb-dc52c0aec9a7,2.0,,,,,,,,,,,,,,,,,,Bravo Heavy Contact,14,
NARRATIVE_SECTION_START,120646,6/27/2026 11:55:40 AM,068492a8-9bbc-456b-87fb-dc52c0aec9a7,2.0,,,,,,,,,,,,,,,,,,Taking fire from rooftop,15,
PLAYER_POSITIONS,120805,6/27/2026 11:55:40 AM,068492a8-9bbc-456b-87fb-dc52c0aec9a7,2.0,,,,,,,,,,,,,,,,,,,,,,,,,,,,,,,,,,,"(-10.1, 0.3, 2.0)","(-10.0, 0.9, 2.2)","(-10.0, 0.3, 1.9)",
PLAYER_POSITIONS,120805,6/27/2026 11:55:40 AM,068492a8-9bbc-456b-87fb-dc52c0aec9a7,2.0,,,,,,,,,,,,,,,,,,,,,,,,,,,,,,,,,,,"(-10.1, 0.3, 2.0)","(-10.0, 0.9, 2.2)","(-10.0, 0.3, 1.9)",
VOICE_CAPTURE,120983,6/27/2026 11:55:40 AM,068492a8-9bbc-456b-87fb-dc52c0aec9a7,2.0,,,,,,,,,,,,,,,,,,,,,,,,,,,,,,,,,,,,,,,,,,,,,,,,,,,NA,Okay.,
PLAYER_POSITIONS,121316,6/27/2026 11:55:40 AM,068492a8-9bbc-456b-87fb-dc52c0aec9a7,2.0,,,,,,,,,,,,,,,,,,,,,,,,,,,,,,,,,,,"(-9.8, 0.4, 1.8)","(-9.8, 0.9, 1.8)","(-9.7, 0.3, 1.6)",
PLAYER_GAZE,121316,6/27/2026 11:55:40 AM,068492a8-9bbc-456b-87fb-dc52c0aec9a7,2.0,,,,,,,,,,,,,,,,,,,,,,,,Military PT 5,,,,,,,,,"(-0.3, 0.9, 0.1)",,,"(-9.4, 0.0, 1.7)",
PLAYER_POSITIONS,121316,6/27/2026 11:55:40 AM,068492a8-9bbc-456b-87fb-dc52c0aec9a7,2.0,,,,,,,,,,,,,,,,,,,,,,,,,,,,,,,,,,,"(-9.8, 0.4, 1.8)","(-9.8, 0.9, 1.8)","(-9.7, 0.3, 1.6)",
PLAYER_GAZE,121316,6/27/2026 11:55:40 AM,068492a8-9bbc-456b-87fb-dc52c0aec9a7,2.0,,,,,,,,,,,,,,,,,,,,,,,,Military PT 5,,,,,,,,,"(-0.3, 0.9, 0.1)",,,"(-9.4, 0.0, 1.7)",
VOICE_CAPTURE,121504,6/27/2026 11:55:40 AM,068492a8-9bbc-456b-87fb-dc52c0aec9a7,2.0,,,,,,,,,,,,,,,,,,,,,,,,,,,,,,,,,,,,,,,,,,,,,,,,,,,NA,Okay.,
PLAYER_POSITIONS,121817,6/27/2026 11:55:41 AM,068492a8-9bbc-456b-87fb-dc52c0aec9a7,2.0,,,,,,,,,,,,,,,,,,,,,,,,,,,,,,,,,,,"(-10.0, 0.4, 1.7)","(-10.0, 0.9, 1.7)","(-9.8, 0.3, 1.7)",
PLAYER_POSITIONS,121817,6/27/2026 11:55:41 AM,068492a8-9bbc-456b-87fb-dc52c0aec9a7,2.0,,,,,,,,,,,,,,,,,,,,,,,,,,,,,,,,,,,"(-10.0, 0.4, 1.7)","(-10.0, 0.9, 1.7)","(-9.8, 0.3, 1.7)",
VOICE_CAPTURE,121984,6/27/2026 11:55:41 AM,068492a8-9bbc-456b-87fb-dc52c0aec9a7,2.0,,,,,,,,,,,,,,,,,,,,,,,,,,,,,,,,,,,,,,,,,,,,,,,,,,,NA,Okay.,
PLAYER_POSITIONS,122337,6/27/2026 11:55:41 AM,068492a8-9bbc-456b-87fb-dc52c0aec9a7,2.0,,,,,,,,,,,,,,,,,,,,,,,,,,,,,,,,,,,"(-10.1, 0.3, 1.9)","(-10.1, 0.9, 2.0)","(-9.9, 0.3, 1.8)",
PLAYER_POSITIONS,122337,6/27/2026 11:55:41 AM,068492a8-9bbc-456b-87fb-dc52c0aec9a7,2.0,,,,,,,,,,,,,,,,,,,,,,,,,,,,,,,,,,,"(-10.1, 0.3, 1.9)","(-10.1, 0.9, 2.0)","(-9.9, 0.3, 1.8)",
VOICE_CAPTURE,122486,6/27/2026 11:55:41 AM,068492a8-9bbc-456b-87fb-dc52c0aec9a7,2.0,,,,,,,,,,,,,,,,,,,,,,,,,,,,,,,,,,,,,,,,,,,,,,,,,,,NA,Okay. All right.,
PLAYER_POSITIONS,122840,6/27/2026 11:55:42 AM,068492a8-9bbc-456b-87fb-dc52c0aec9a7,2.0,,,,,,,,,,,,,,,,,,,,,,,,,,,,,,,,,,,"(-10.1, 0.3, 2.0)","(-10.1, 0.9, 1.9)","(-10.0, 0.4, 2.0)",
PLAYER_POSITIONS,122840,6/27/2026 11:55:42 AM,068492a8-9bbc-456b-87fb-dc52c0aec9a7,2.0,,,,,,,,,,,,,,,,,,,,,,,,,,,,,,,,,,,"(-10.1, 0.3, 2.0)","(-10.1, 0.9, 1.9)","(-10.0, 0.4, 2.0)",
VOICE_CAPTURE,122952,6/27/2026 11:55:42 AM,068492a8-9bbc-456b-87fb-dc52c0aec9a7,2.0,,,,,,,,,,,,,,,,,,,,,,,,,,,,,,,,,,,,,,,,,,,,,,,,,,,NA,Okay. All right.,
VOICE_CAPTURE,122952,6/27/2026 11:55:42 AM,068492a8-9bbc-456b-87fb-dc52c0aec9a7,2.0,,,,,,,,,,,,,,,,,,,,,,,,,,,,,,,,,,,,,,,,,,,,,,,,,,,NA,Okay. All right.,
PLAYER_POSITIONS,123353,6/27/2026 11:55:42 AM,068492a8-9bbc-456b-87fb-dc52c0aec9a7,2.0,,,,,,,,,,,,,,,,,,,,,,,,,,,,,,,,,,,"(-10.1, 0.3, 1.9)","(-10.1, 0.8, 2.0)","(-10.0, 0.4, 2.0)",
PLAYER_POSITIONS,123353,6/27/2026 11:55:42 AM,068492a8-9bbc-456b-87fb-dc52c0aec9a7,2.0,,,,,,,,,,,,,,,,,,,,,,,,,,,,,,,,,,,"(-10.1, 0.3, 1.9)","(-10.1, 0.8, 2.0)","(-10.0, 0.4, 2.0)",
VOICE_CAPTURE,123608,6/27/2026 11:55:42 AM,068492a8-9bbc-456b-87fb-dc52c0aec9a7,2.0,,,,,,,,,,,,,,,,,,,,,,,,,,,,,,,,,,,,,,,,,,,,,,,,,,,NA,Can you follow my.,
AUDIO_START,123637,6/27/2026 11:55:43 AM,068492a8-9bbc-456b-87fb-dc52c0aec9a7,2.0,taking fire from sector 6,4.022857,
PLAYER_POSITIONS,123852,6/27/2026 11:55:43 AM,068492a8-9bbc-456b-87fb-dc52c0aec9a7,2.0,,,,,,,,,,,,,,,,,,,,,,,,,,,,,,,,,,,"(-10.1, 0.3, 1.9)","(-10.1, 0.8, 2.0)","(-10.0, 0.3, 2.0)",
PLAYER_POSITIONS,123852,6/27/2026 11:55:43 AM,068492a8-9bbc-456b-87fb-dc52c0aec9a7,2.0,,,,,,,,,,,,,,,,,,,,,,,,,,,,,,,,,,,"(-10.1, 0.3, 1.9)","(-10.1, 0.8, 2.0)","(-10.0, 0.3, 2.0)",
VOICE_CAPTURE,124008,6/27/2026 11:55:43 AM,068492a8-9bbc-456b-87fb-dc52c0aec9a7,2.0,,,,,,,,,,,,,,,,,,,,,,,,,,,,,,,,,,,,,,,,,,,,,,,,,,,NA,"Can you follow my. All right, can you follow my hand?",
PLAYER_POSITIONS,124374,6/27/2026 11:55:43 AM,068492a8-9bbc-456b-87fb-dc52c0aec9a7,2.0,,,,,,,,,,,,,,,,,,,,,,,,,,,,,,,,,,,"(-10.1, 0.3, 1.9)","(-10.1, 0.8, 2.1)","(-10.0, 0.4, 2.2)",
PLAYER_POSITIONS,124374,6/27/2026 11:55:43 AM,068492a8-9bbc-456b-87fb-dc52c0aec9a7,2.0,,,,,,,,,,,,,,,,,,,,,,,,,,,,,,,,,,,"(-10.1, 0.3, 1.9)","(-10.1, 0.8, 2.1)","(-10.0, 0.4, 2.2)",
VOICE_CAPTURE,124499,6/27/2026 11:55:43 AM,068492a8-9bbc-456b-87fb-dc52c0aec9a7,2.0,,,,,,,,,,,,,,,,,,,,,,,,,,,,,,,,,,,,,,,,,,,,,,,,,,,NA,"Can you follow my. All right, can you follow my hand?",
VOICE_CAPTURE,124499,6/27/2026 11:55:43 AM,068492a8-9bbc-456b-87fb-dc52c0aec9a7,2.0,,,,,,,,,,,,,,,,,,,,,,,,,,,,,,,,,,,,,,,,,,,,,,,,,,,NA,"Can you follow my. All right, can you follow my hand?",
VOICE_COMMAND,124499,6/27/2026 11:55:43 AM,068492a8-9bbc-456b-87fb-dc52c0aec9a7,2.0,,,,,,,,,,,,,,,,,,,,,,,,,,,,,,,,,,,,,,,,,,,,,,,,,,,"Can you follow my. All right, can you follow my hand?",follow my hand,
PLAYER_POSITIONS,124877,6/27/2026 11:55:44 AM,068492a8-9bbc-456b-87fb-dc52c0aec9a7,2.0,,,,,,,,,,,,,,,,,,,,,,,,,,,,,,,,,,,"(-10.1, 0.3, 1.9)","(-10.1, 0.8, 2.1)","(-10.0, 0.5, 2.3)",
PLAYER_POSITIONS,124877,6/27/2026 11:55:44 AM,068492a8-9bbc-456b-87fb-dc52c0aec9a7,2.0,,,,,,,,,,,,,,,,,,,,,,,,,,,,,,,,,,,"(-10.1, 0.3, 1.9)","(-10.1, 0.8, 2.1)","(-10.0, 0.5, 2.3)",
PLAYER_POSITIONS,125388,6/27/2026 11:55:44 AM,068492a8-9bbc-456b-87fb-dc52c0aec9a7,2.0,,,,,,,,,,,,,,,,,,,,,,,,,,,,,,,,,,,"(-10.1, 0.3, 1.9)","(-10.1, 0.8, 2.1)","(-9.9, 0.5, 2.2)",
PLAYER_POSITIONS,125388,6/27/2026 11:55:44 AM,068492a8-9bbc-456b-87fb-dc52c0aec9a7,2.0,,,,,,,,,,,,,,,,,,,,,,,,,,,,,,,,,,,"(-10.1, 0.3, 1.9)","(-10.1, 0.8, 2.1)","(-9.9, 0.5, 2.2)",
PLAYER_POSITIONS,125901,6/27/2026 11:55:45 AM,068492a8-9bbc-456b-87fb-dc52c0aec9a7,2.0,,,,,,,,,,,,,,,,,,,,,,,,,,,,,,,,,,,"(-10.1, 0.3, 1.9)","(-10.0, 0.8, 1.9)","(-9.8, 0.5, 1.8)",
PLAYER_POSITIONS,125901,6/27/2026 11:55:45 AM,068492a8-9bbc-456b-87fb-dc52c0aec9a7,2.0,,,,,,,,,,,,,,,,,,,,,,,,,,,,,,,,,,,"(-10.1, 0.3, 1.9)","(-10.0, 0.8, 1.9)","(-9.8, 0.5, 1.8)",
PLAYER_POSITIONS,126400,6/27/2026 11:55:45 AM,068492a8-9bbc-456b-87fb-dc52c0aec9a7,2.0,,,,,,,,,,,,,,,,,,,,,,,,,,,,,,,,,,,"(-10.1, 0.3, 1.8)","(-10.1, 0.9, 1.8)","(-9.7, 0.5, 1.7)",
PLAYER_POSITIONS,126400,6/27/2026 11:55:45 AM,068492a8-9bbc-456b-87fb-dc52c0aec9a7,2.0,,,,,,,,,,,,,,,,,,,,,,,,,,,,,,,,,,,"(-10.1, 0.3, 1.8)","(-10.1, 0.9, 1.8)","(-9.7, 0.5, 1.7)",
PLAYER_POSITIONS,126902,6/27/2026 11:55:46 AM,068492a8-9bbc-456b-87fb-dc52c0aec9a7,2.0,,,,,,,,,,,,,,,,,,,,,,,,,,,,,,,,,,,"(-10.1, 0.3, 1.8)","(-10.1, 0.9, 1.8)","(-9.7, 0.5, 1.5)",
PLAYER_POSITIONS,126902,6/27/2026 11:55:46 AM,068492a8-9bbc-456b-87fb-dc52c0aec9a7,2.0,,,,,,,,,,,,,,,,,,,,,,,,,,,,,,,,,,,"(-10.1, 0.3, 1.8)","(-10.1, 0.9, 1.8)","(-9.7, 0.5, 1.5)",
PLAYER_POSITIONS,127436,6/27/2026 11:55:46 AM,068492a8-9bbc-456b-87fb-dc52c0aec9a7,2.0,,,,,,,,,,,,,,,,,,,,,,,,,,,,,,,,,,,"(-10.1, 0.3, 1.8)","(-10.1, 0.9, 1.7)","(-9.8, 0.5, 1.5)",
PLAYER_POSITIONS,127436,6/27/2026 11:55:46 AM,068492a8-9bbc-456b-87fb-dc52c0aec9a7,2.0,,,,,,,,,,,,,,,,,,,,,,,,,,,,,,,,,,,"(-10.1, 0.3, 1.8)","(-10.1, 0.9, 1.7)","(-9.8, 0.5, 1.5)",
VOICE_CAPTURE,127513,6/27/2026 11:55:46 AM,068492a8-9bbc-456b-87fb-dc52c0aec9a7,2.0,,,,,,,,,,,,,,,,,,,,,,,,,,,,,,,,,,,,,,,,,,,,,,,,,,,NA,Can you stand?,
AUDIO_END,127667,6/27/2026 11:55:47 AM,068492a8-9bbc-456b-87fb-dc52c0aec9a7,2.0,taking fire from sector 6,4.022857,
NARRATIVE_SECTION_END,127667,6/27/2026 11:55:47 AM,068492a8-9bbc-456b-87fb-dc52c0aec9a7,2.0,,,,,,,,,,,,,,,,,,Taking fire from rooftop,15,
NARRATIVE_SECTION_START,127706,6/27/2026 11:55:47 AM,068492a8-9bbc-456b-87fb-dc52c0aec9a7,2.0,,,,,,,,,,,,,,,,,,Standby for mortar support,16,
PLAYER_POSITIONS,127954,6/27/2026 11:55:47 AM,068492a8-9bbc-456b-87fb-dc52c0aec9a7,2.0,,,,,,,,,,,,,,,,,,,,,,,,,,,,,,,,,,,"(-10.1, 0.3, 1.8)","(-10.1, 0.9, 1.7)","(-9.9, 0.5, 1.7)",
PLAYER_POSITIONS,127954,6/27/2026 11:55:47 AM,068492a8-9bbc-456b-87fb-dc52c0aec9a7,2.0,,,,,,,,,,,,,,,,,,,,,,,,,,,,,,,,,,,"(-10.1, 0.3, 1.8)","(-10.1, 0.9, 1.7)","(-9.9, 0.5, 1.7)",
VOICE_CAPTURE,127999,6/27/2026 11:55:47 AM,068492a8-9bbc-456b-87fb-dc52c0aec9a7,2.0,,,,,,,,,,,,,,,,,,,,,,,,,,,,,,,,,,,,,,,,,,,,,,,,,,,NA,Can you stand?,
VOICE_CAPTURE,127999,6/27/2026 11:55:47 AM,068492a8-9bbc-456b-87fb-dc52c0aec9a7,2.0,,,,,,,,,,,,,,,,,,,,,,,,,,,,,,,,,,,,,,,,,,,,,,,,,,,NA,Can you stand?,
VOICE_COMMAND,127999,6/27/2026 11:55:47 AM,068492a8-9bbc-456b-87fb-dc52c0aec9a7,2.0,,,,,,,,,,,,,,,,,,,,,,,,,,,,,,,,,,,,,,,,,,,,,,,,,,,Can you stand?,stand up,
PLAYER_POSITIONS,128465,6/27/2026 11:55:47 AM,068492a8-9bbc-456b-87fb-dc52c0aec9a7,2.0,,,,,,,,,,,,,,,,,,,,,,,,,,,,,,,,,,,"(-10.1, 0.3, 1.8)","(-10.1, 0.9, 1.7)","(-9.7, 0.5, 1.8)",
PLAYER_GAZE,128465,6/27/2026 11:55:47 AM,068492a8-9bbc-456b-87fb-dc52c0aec9a7,2.0,,,,,,,,,,,,,,,,,,,,,,,,Military PT 5,,,,,,,,,"(-0.7, 0.9, 0.0)",,,"(-9.4, 0.0, 1.7)",
PLAYER_POSITIONS,128465,6/27/2026 11:55:47 AM,068492a8-9bbc-456b-87fb-dc52c0aec9a7,2.0,,,,,,,,,,,,,,,,,,,,,,,,,,,,,,,,,,,"(-10.1, 0.3, 1.8)","(-10.1, 0.9, 1.7)","(-9.7, 0.5, 1.8)",
PLAYER_GAZE,128465,6/27/2026 11:55:47 AM,068492a8-9bbc-456b-87fb-dc52c0aec9a7,2.0,,,,,,,,,,,,,,,,,,,,,,,,Military PT 5,,,,,,,,,"(-0.7, 0.9, 0.0)",,,"(-9.4, 0.0, 1.7)",
TAG_SELECTED,128663,6/27/2026 11:55:48 AM,068492a8-9bbc-456b-87fb-dc52c0aec9a7,2.0,,,,,,,,,,,,,,,,,,,,,,,,,,,,,,,,,,,,,,,,,,yellow,
TAG_DISCARDED,128886,6/27/2026 11:55:48 AM,068492a8-9bbc-456b-87fb-dc52c0aec9a7,2.0,,,,,,,,,,,,,,,,,,,,,,,,,,,,,,,,,,,,"(-9.8, 0.4, 1.7)",,,,,,yellow,
PLAYER_POSITIONS,128966,6/27/2026 11:55:48 AM,068492a8-9bbc-456b-87fb-dc52c0aec9a7,2.0,,,,,,,,,,,,,,,,,,,,,,,,,,,,,,,,,,,"(-10.1, 0.3, 1.8)","(-10.1, 0.9, 1.7)","(-9.8, 0.4, 1.7)",
PLAYER_GAZE,128966,6/27/2026 11:55:48 AM,068492a8-9bbc-456b-87fb-dc52c0aec9a7,2.0,,,,,,,,,,,,,,,,,,,,,,,,Military PT 5,,,,,,,,,"(-0.7, 0.9, 0.0)",,,"(-9.4, 0.0, 1.7)",
PLAYER_POSITIONS,128966,6/27/2026 11:55:48 AM,068492a8-9bbc-456b-87fb-dc52c0aec9a7,2.0,,,,,,,,,,,,,,,,,,,,,,,,,,,,,,,,,,,"(-10.1, 0.3, 1.8)","(-10.1, 0.9, 1.7)","(-9.8, 0.4, 1.7)",
PLAYER_GAZE,128966,6/27/2026 11:55:48 AM,068492a8-9bbc-456b-87fb-dc52c0aec9a7,2.0,,,,,,,,,,,,,,,,,,,,,,,,Military PT 5,,,,,,,,,"(-0.7, 0.9, 0.0)",,,"(-9.4, 0.0, 1.7)",
VOICE_CAPTURE,128999,6/27/2026 11:55:48 AM,068492a8-9bbc-456b-87fb-dc52c0aec9a7,2.0,,,,,,,,,,,,,,,,,,,,,,,,,,,,,,,,,,,,,,,,,,,,,,,,,,,NA,Can you stand?,
TAG_SELECTED,129351,6/27/2026 11:55:48 AM,068492a8-9bbc-456b-87fb-dc52c0aec9a7,2.0,,,,,,,,,,,,,,,,,,,,,,,,,,,,,,,,,,,,,,,,,,green,
BUTTON_CLICKED,129374,6/27/2026 11:55:48 AM,068492a8-9bbc-456b-87fb-dc52c0aec9a7,2.0,,,modbutton no,
VOICE_CAPTURE,129374,6/27/2026 11:55:48 AM,068492a8-9bbc-456b-87fb-dc52c0aec9a7,2.0,,,,,,,,,,,,,,,,,,,,,,,,,,,,,,,,,,,,,,,,,,,,,,,,,,,NA,modbutton no,
VOICE_COMMAND,129374,6/27/2026 11:55:48 AM,068492a8-9bbc-456b-87fb-dc52c0aec9a7,2.0,,,,,,,,,,,,,,,,,,,,,,,,,,,,,,,,,,,,,,,,,,,,,,,,,,,modbutton no,modbutton no,
PLAYER_POSITIONS,129487,6/27/2026 11:55:48 AM,068492a8-9bbc-456b-87fb-dc52c0aec9a7,2.0,,,,,,,,,,,,,,,,,,,,,,,,,,,,,,,,,,,"(-10.1, 0.3, 1.8)","(-10.1, 0.9, 1.7)","(-9.9, 0.5, 1.5)",
PLAYER_POSITIONS,129487,6/27/2026 11:55:48 AM,068492a8-9bbc-456b-87fb-dc52c0aec9a7,2.0,,,,,,,,,,,,,,,,,,,,,,,,,,,,,,,,,,,"(-10.1, 0.3, 1.8)","(-10.1, 0.9, 1.7)","(-9.9, 0.5, 1.5)",
VOICE_CAPTURE,129521,6/27/2026 11:55:48 AM,068492a8-9bbc-456b-87fb-dc52c0aec9a7,2.0,,,,,,,,,,,,,,,,,,,,,,,,,,,,,,,,,,,,,,,,,,,,,,,,,,,NA,Can you stand?,
AUDIO_START,129702,6/27/2026 11:55:49 AM,068492a8-9bbc-456b-87fb-dc52c0aec9a7,2.0,standby for mortar support,4.101224,
PLAYER_POSITIONS,130005,6/27/2026 11:55:49 AM,068492a8-9bbc-456b-87fb-dc52c0aec9a7,2.0,,,,,,,,,,,,,,,,,,,,,,,,,,,,,,,,,,,"(-10.2, 0.4, 1.8)","(-10.1, 0.8, 1.7)","(-9.9, 0.1, 1.8)",
PLAYER_POSITIONS,130005,6/27/2026 11:55:49 AM,068492a8-9bbc-456b-87fb-dc52c0aec9a7,2.0,,,,,,,,,,,,,,,,,,,,,,,,,,,,,,,,,,,"(-10.2, 0.4, 1.8)","(-10.1, 0.8, 1.7)","(-9.9, 0.1, 1.8)",
TAG_APPLIED,130029,6/27/2026 11:55:49 AM,068492a8-9bbc-456b-87fb-dc52c0aec9a7,2.0,,,,,,,,,,,,,,,,,,,,,,,,Military PT 5,,,,,,,,,,,,,,,,,,green,
BUTTON_CLICKED,130326,6/27/2026 11:55:49 AM,068492a8-9bbc-456b-87fb-dc52c0aec9a7,2.0,,,lay down,
VOICE_CAPTURE,130326,6/27/2026 11:55:49 AM,068492a8-9bbc-456b-87fb-dc52c0aec9a7,2.0,,,,,,,,,,,,,,,,,,,,,,,,,,,,,,,,,,,,,,,,,,,,,,,,,,,NA,lay down,
VOICE_COMMAND,130326,6/27/2026 11:55:49 AM,068492a8-9bbc-456b-87fb-dc52c0aec9a7,2.0,,,,,,,,,,,,,,,,,,,,,,,,Military PT 5,,,,,,,,,,,,,,,,,,,,,,,,,,,lay down,lay down,
PLAYER_POSITIONS,130525,6/27/2026 11:55:49 AM,068492a8-9bbc-456b-87fb-dc52c0aec9a7,2.0,,,,,,,,,,,,,,,,,,,,,,,,,,,,,,,,,,,"(-10.2, 0.4, 1.8)","(-10.1, 0.9, 1.7)","(-9.9, 0.2, 1.7)",
PLAYER_GAZE,130525,6/27/2026 11:55:49 AM,068492a8-9bbc-456b-87fb-dc52c0aec9a7,2.0,,,,,,,,,,,,,,,,,,,,,,,,Military PT 5,,,,,,,,,"(-0.7, 0.9, 0.0)",,,"(-9.4, 0.0, 1.7)",
PLAYER_POSITIONS,130525,6/27/2026 11:55:49 AM,068492a8-9bbc-456b-87fb-dc52c0aec9a7,2.0,,,,,,,,,,,,,,,,,,,,,,,,,,,,,,,,,,,"(-10.2, 0.4, 1.8)","(-10.1, 0.9, 1.7)","(-9.9, 0.2, 1.7)",
PLAYER_GAZE,130525,6/27/2026 11:55:49 AM,068492a8-9bbc-456b-87fb-dc52c0aec9a7,2.0,,,,,,,,,,,,,,,,,,,,,,,,Military PT 5,,,,,,,,,"(-0.7, 0.9, 0.0)",,,"(-9.4, 0.0, 1.7)",
PLAYER_POSITIONS,131028,6/27/2026 11:55:50 AM,068492a8-9bbc-456b-87fb-dc52c0aec9a7,2.0,,,,,,,,,,,,,,,,,,,,,,,,,,,,,,,,,,,"(-10.1, 0.4, 1.8)","(-10.1, 0.9, 1.7)","(-9.8, 0.5, 1.7)",
PLAYER_GAZE,131028,6/27/2026 11:55:50 AM,068492a8-9bbc-456b-87fb-dc52c0aec9a7,2.0,,,,,,,,,,,,,,,,,,,,,,,,Military PT 5,,,,,,,,,"(-0.7, 0.9, 0.0)",,,"(-9.4, 0.0, 1.7)",
PLAYER_POSITIONS,131028,6/27/2026 11:55:50 AM,068492a8-9bbc-456b-87fb-dc52c0aec9a7,2.0,,,,,,,,,,,,,,,,,,,,,,,,,,,,,,,,,,,"(-10.1, 0.4, 1.8)","(-10.1, 0.9, 1.7)","(-9.8, 0.5, 1.7)",
PLAYER_GAZE,131028,6/27/2026 11:55:50 AM,068492a8-9bbc-456b-87fb-dc52c0aec9a7,2.0,,,,,,,,,,,,,,,,,,,,,,,,Military PT 5,,,,,,,,,"(-0.7, 0.9, 0.0)",,,"(-9.4, 0.0, 1.7)",
TAG_SELECTED,131184,6/27/2026 11:55:50 AM,068492a8-9bbc-456b-87fb-dc52c0aec9a7,2.0,,,,,,,,,,,,,,,,,,,,,,,,,,,,,,,,,,,,,,,,,,yellow,
PLAYER_POSITIONS,131552,6/27/2026 11:55:50 AM,068492a8-9bbc-456b-87fb-dc52c0aec9a7,2.0,,,,,,,,,,,,,,,,,,,,,,,,,,,,,,,,,,,"(-10.2, 0.4, 1.8)","(-10.1, 0.9, 1.7)","(-9.8, 0.3, 1.7)",
PLAYER_POSITIONS,131552,6/27/2026 11:55:50 AM,068492a8-9bbc-456b-87fb-dc52c0aec9a7,2.0,,,,,,,,,,,,,,,,,,,,,,,,,,,,,,,,,,,"(-10.2, 0.4, 1.8)","(-10.1, 0.9, 1.7)","(-9.8, 0.3, 1.7)",
VOICE_CAPTURE,131552,6/27/2026 11:55:50 AM,068492a8-9bbc-456b-87fb-dc52c0aec9a7,2.0,,,,,,,,,,,,,,,,,,,,,,,,,,,,,,,,,,,,,,,,,,,,,,,,,,,NA,No.,
BUTTON_CLICKED,131704,6/27/2026 11:55:51 AM,068492a8-9bbc-456b-87fb-dc52c0aec9a7,2.0,,,lay down,
VOICE_CAPTURE,131704,6/27/2026 11:55:51 AM,068492a8-9bbc-456b-87fb-dc52c0aec9a7,2.0,,,,,,,,,,,,,,,,,,,,,,,,,,,,,,,,,,,,,,,,,,,,,,,,,,,NA,lay down,
VOICE_COMMAND,131704,6/27/2026 11:55:51 AM,068492a8-9bbc-456b-87fb-dc52c0aec9a7,2.0,,,,,,,,,,,,,,,,,,,,,,,,,,,,,,,,,,,,,,,,,,,,,,,,,,,lay down,lay down,
TAG_APPLIED,131731,6/27/2026 11:55:51 AM,068492a8-9bbc-456b-87fb-dc52c0aec9a7,2.0,,,,,,,,,,,,,,,,,,,,,,,,Military PT 5,,,,,,,,,,,,,,,,,,yellow,
VOICE_CAPTURE,132029,6/27/2026 11:55:51 AM,068492a8-9bbc-456b-87fb-dc52c0aec9a7,2.0,,,,,,,,,,,,,,,,,,,,,,,,,,,,,,,,,,,,,,,,,,,,,,,,,,,NA,No.,
PLAYER_POSITIONS,132072,6/27/2026 11:55:51 AM,068492a8-9bbc-456b-87fb-dc52c0aec9a7,2.0,,,,,,,,,,,,,,,,,,,,,,,,,,,,,,,,,,,"(-10.2, 0.4, 1.8)","(-10.1, 0.9, 1.7)","(-9.9, 0.3, 1.6)",
PLAYER_POSITIONS,132072,6/27/2026 11:55:51 AM,068492a8-9bbc-456b-87fb-dc52c0aec9a7,2.0,,,,,,,,,,,,,,,,,,,,,,,,,,,,,,,,,,,"(-10.2, 0.4, 1.8)","(-10.1, 0.9, 1.7)","(-9.9, 0.3, 1.6)",
BAG_CLOSED,132406,6/27/2026 11:55:51 AM,068492a8-9bbc-456b-87fb-dc52c0aec9a7,2.0,,,,,,,,,,,,,,,,,,,,,,,,,,,,,,,,,,,,"(0.0, 0.0, 0.0)",
VOICE_CAPTURE,132553,6/27/2026 11:55:51 AM,068492a8-9bbc-456b-87fb-dc52c0aec9a7,2.0,,,,,,,,,,,,,,,,,,,,,,,,,,,,,,,,,,,,,,,,,,,,,,,,,,,NA,No.,
PLAYER_POSITIONS,132574,6/27/2026 11:55:51 AM,068492a8-9bbc-456b-87fb-dc52c0aec9a7,2.0,,,,,,,,,,,,,,,,,,,,,,,,,,,,,,,,,,,"(-10.0, 0.4, 1.8)","(-10.0, 1.0, 1.7)","(-9.7, 0.4, 1.7)",
PLAYER_POSITIONS,132574,6/27/2026 11:55:51 AM,068492a8-9bbc-456b-87fb-dc52c0aec9a7,2.0,,,,,,,,,,,,,,,,,,,,,,,,,,,,,,,,,,,"(-10.0, 0.4, 1.8)","(-10.0, 1.0, 1.7)","(-9.7, 0.4, 1.7)",
DRAG_STOP,132732,6/27/2026 11:55:52 AM,068492a8-9bbc-456b-87fb-dc52c0aec9a7,2.0,,,,,"(0.0, 0.0, 0.0)","(0.0, 0.0, 0.0)",,,,,,,,,,,,,,,,,,Military PT 5,
DRAG_STOP,132886,6/27/2026 11:55:52 AM,068492a8-9bbc-456b-87fb-dc52c0aec9a7,2.0,,,,,"(0.0, 0.0, 0.0)","(0.0, 0.0, 0.0)",,,,,,,,,,,,,,,,,,Military PT 5,
VOICE_CAPTURE,132985,6/27/2026 11:55:52 AM,068492a8-9bbc-456b-87fb-dc52c0aec9a7,2.0,,,,,,,,,,,,,,,,,,,,,,,,,,,,,,,,,,,,,,,,,,,,,,,,,,,NA,No.,
PLAYER_POSITIONS,133075,6/27/2026 11:55:52 AM,068492a8-9bbc-456b-87fb-dc52c0aec9a7,2.0,,,,,,,,,,,,,,,,,,,,,,,,,,,,,,,,,,,"(-9.1, 0.4, 1.8)","(-9.1, 1.0, 1.7)","(-8.8, 0.4, 1.6)",
PLAYER_POSITIONS,133075,6/27/2026 11:55:52 AM,068492a8-9bbc-456b-87fb-dc52c0aec9a7,2.0,,,,,,,,,,,,,,,,,,,,,,,,,,,,,,,,,,,"(-9.1, 0.4, 1.8)","(-9.1, 1.0, 1.7)","(-8.8, 0.4, 1.6)",
VOICE_CAPTURE,133501,6/27/2026 11:55:52 AM,068492a8-9bbc-456b-87fb-dc52c0aec9a7,2.0,,,,,,,,,,,,,,,,,,,,,,,,,,,,,,,,,,,,,,,,,,,,,,,,,,,NA,No.,
PLAYER_POSITIONS,133592,6/27/2026 11:55:52 AM,068492a8-9bbc-456b-87fb-dc52c0aec9a7,2.0,,,,,,,,,,,,,,,,,,,,,,,,,,,,,,,,,,,"(-8.2, 0.4, 1.8)","(-8.3, 1.0, 1.7)","(-8.0, 0.3, 1.6)",
PLAYER_POSITIONS,133592,6/27/2026 11:55:52 AM,068492a8-9bbc-456b-87fb-dc52c0aec9a7,2.0,,,,,,,,,,,,,,,,,,,,,,,,,,,,,,,,,,,"(-8.2, 0.4, 1.8)","(-8.3, 1.0, 1.7)","(-8.0, 0.3, 1.6)",
AUDIO_END,133814,6/27/2026 11:55:53 AM,068492a8-9bbc-456b-87fb-dc52c0aec9a7,2.0,standby for mortar support,4.101224,
NARRATIVE_SECTION_END,133814,6/27/2026 11:55:53 AM,068492a8-9bbc-456b-87fb-dc52c0aec9a7,2.0,,,,,,,,,,,,,,,,,,Standby for mortar support,16,
NARRATIVE_SECTION_START,133832,6/27/2026 11:55:53 AM,068492a8-9bbc-456b-87fb-dc52c0aec9a7,2.0,,,,,,,,,,,,,,,,,,Mortar rounds outbound,17,
VOICE_CAPTURE,133992,6/27/2026 11:55:53 AM,068492a8-9bbc-456b-87fb-dc52c0aec9a7,2.0,,,,,,,,,,,,,,,,,,,,,,,,,,,,,,,,,,,,,,,,,,,,,,,,,,,NA,No.,
PLAYER_POSITIONS,134102,6/27/2026 11:55:53 AM,068492a8-9bbc-456b-87fb-dc52c0aec9a7,2.0,,,,,,,,,,,,,,,,,,,,,,,,,,,,,,,,,,,"(-7.4, 0.3, 1.6)","(-7.3, 0.9, 1.5)","(-7.3, 0.3, 1.4)",
PLAYER_POSITIONS,134102,6/27/2026 11:55:53 AM,068492a8-9bbc-456b-87fb-dc52c0aec9a7,2.0,,,,,,,,,,,,,,,,,,,,,,,,,,,,,,,,,,,"(-7.4, 0.3, 1.6)","(-7.3, 0.9, 1.5)","(-7.3, 0.3, 1.4)",
PATIENT_DISENGAGED,134189,6/27/2026 11:55:53 AM,068492a8-9bbc-456b-87fb-dc52c0aec9a7,2.0,,,,18.33,,,,,,,,,,,,,,,,fast,100,Infinity,normal,Military PT 5,upset,supine,"(-9.6, -0.1, 1.7)",faint,"(0.0, -1.0, 0.0, 0.0)",normal,IMMEDIATE,still,,,,,,,,,,,,,,,,,19.36,
VOICE_CAPTURE,134511,6/27/2026 11:55:53 AM,068492a8-9bbc-456b-87fb-dc52c0aec9a7,2.0,,,,,,,,,,,,,,,,,,,,,,,,,,,,,,,,,,,,,,,,,,,,,,,,,,,NA,No.,
PLAYER_POSITIONS,134622,6/27/2026 11:55:53 AM,068492a8-9bbc-456b-87fb-dc52c0aec9a7,2.0,,,,,,,,,,,,,,,,,,,,,,,,,,,,,,,,,,,"(-7.2, 0.4, 1.6)","(-7.1, 1.0, 1.6)","(-7.1, 0.3, 1.4)",
PLAYER_GAZE,134622,6/27/2026 11:55:53 AM,068492a8-9bbc-456b-87fb-dc52c0aec9a7,2.0,,,,,,,,,,,,,,,,,,,,,,,,Military PT 1,,,,,,,,,"(-0.3, 1.0, -0.5)",,,"(-6.8, 0.0, 2.1)",
PLAYER_POSITIONS,134622,6/27/2026 11:55:53 AM,068492a8-9bbc-456b-87fb-dc52c0aec9a7,2.0,,,,,,,,,,,,,,,,,,,,,,,,,,,,,,,,,,,"(-7.2, 0.4, 1.6)","(-7.1, 1.0, 1.6)","(-7.1, 0.3, 1.4)",
PLAYER_GAZE,134622,6/27/2026 11:55:53 AM,068492a8-9bbc-456b-87fb-dc52c0aec9a7,2.0,,,,,,,,,,,,,,,,,,,,,,,,Military PT 1,,,,,,,,,"(-0.3, 1.0, -0.5)",,,"(-6.8, 0.0, 2.1)",
VOICE_CAPTURE,135001,6/27/2026 11:55:54 AM,068492a8-9bbc-456b-87fb-dc52c0aec9a7,2.0,,,,,,,,,,,,,,,,,,,,,,,,,,,,,,,,,,,,,,,,,,,,,,,,,,,NA,No.,
PLAYER_POSITIONS,135137,6/27/2026 11:55:54 AM,068492a8-9bbc-456b-87fb-dc52c0aec9a7,2.0,,,,,,,,,,,,,,,,,,,,,,,,,,,,,,,,,,,"(-7.0, 0.4, 2.2)","(-6.9, 1.0, 2.2)","(-6.9, 0.3, 1.9)",
PLAYER_GAZE,135137,6/27/2026 11:55:54 AM,068492a8-9bbc-456b-87fb-dc52c0aec9a7,2.0,,,,,,,,,,,,,,,,,,,,,,,,Military PT 1,,,,,,,,,"(-0.1, 1.0, 0.2)",,,"(-6.8, 0.0, 2.1)",
PLAYER_POSITIONS,135137,6/27/2026 11:55:54 AM,068492a8-9bbc-456b-87fb-dc52c0aec9a7,2.0,,,,,,,,,,,,,,,,,,,,,,,,,,,,,,,,,,,"(-7.0, 0.4, 2.2)","(-6.9, 1.0, 2.2)","(-6.9, 0.3, 1.9)",
PLAYER_GAZE,135137,6/27/2026 11:55:54 AM,068492a8-9bbc-456b-87fb-dc52c0aec9a7,2.0,,,,,,,,,,,,,,,,,,,,,,,,Military PT 1,,,,,,,,,"(-0.1, 1.0, 0.2)",,,"(-6.8, 0.0, 2.1)",
VOICE_CAPTURE,135480,6/27/2026 11:55:54 AM,068492a8-9bbc-456b-87fb-dc52c0aec9a7,2.0,,,,,,,,,,,,,,,,,,,,,,,,,,,,,,,,,,,,,,,,,,,,,,,,,,,NA,No.,
PLAYER_POSITIONS,135657,6/27/2026 11:55:55 AM,068492a8-9bbc-456b-87fb-dc52c0aec9a7,2.0,,,,,,,,,,,,,,,,,,,,,,,,,,,,,,,,,,,"(-6.8, 0.4, 2.4)","(-6.8, 0.9, 2.4)","(-6.9, 0.3, 2.0)",
PLAYER_POSITIONS,135657,6/27/2026 11:55:55 AM,068492a8-9bbc-456b-87fb-dc52c0aec9a7,2.0,,,,,,,,,,,,,,,,,,,,,,,,,,,,,,,,,,,"(-6.8, 0.4, 2.4)","(-6.8, 0.9, 2.4)","(-6.9, 0.3, 2.0)",
VOICE_CAPTURE,136017,6/27/2026 11:55:55 AM,068492a8-9bbc-456b-87fb-dc52c0aec9a7,2.0,,,,,,,,,,,,,,,,,,,,,,,,,,,,,,,,,,,,,,,,,,,,,,,,,,,NA,No.,
PLAYER_POSITIONS,136168,6/27/2026 11:55:55 AM,068492a8-9bbc-456b-87fb-dc52c0aec9a7,2.0,,,,,,,,,,,,,,,,,,,,,,,,,,,,,,,,,,,"(-6.8, 0.3, 2.4)","(-6.7, 0.9, 2.4)","(-6.7, 0.5, 2.1)",
PLAYER_POSITIONS,136168,6/27/2026 11:55:55 AM,068492a8-9bbc-456b-87fb-dc52c0aec9a7,2.0,,,,,,,,,,,,,,,,,,,,,,,,,,,,,,,,,,,"(-6.8, 0.3, 2.4)","(-6.7, 0.9, 2.4)","(-6.7, 0.5, 2.1)",
VOICE_CAPTURE,136502,6/27/2026 11:55:55 AM,068492a8-9bbc-456b-87fb-dc52c0aec9a7,2.0,,,,,,,,,,,,,,,,,,,,,,,,,,,,,,,,,,,,,,,,,,,,,,,,,,,NA,No.,
PLAYER_POSITIONS,136681,6/27/2026 11:55:56 AM,068492a8-9bbc-456b-87fb-dc52c0aec9a7,2.0,,,,,,,,,,,,,,,,,,,,,,,,,,,,,,,,,,,"(-6.7, 0.3, 2.6)","(-6.7, 0.9, 2.4)","(-6.6, 0.4, 2.1)",
PLAYER_POSITIONS,136681,6/27/2026 11:55:56 AM,068492a8-9bbc-456b-87fb-dc52c0aec9a7,2.0,,,,,,,,,,,,,,,,,,,,,,,,,,,,,,,,,,,"(-6.7, 0.3, 2.6)","(-6.7, 0.9, 2.4)","(-6.6, 0.4, 2.1)",
VOICE_CAPTURE,136959,6/27/2026 11:55:56 AM,068492a8-9bbc-456b-87fb-dc52c0aec9a7,2.0,,,,,,,,,,,,,,,,,,,,,,,,,,,,,,,,,,,,,,,,,,,,,,,,,,,NA,No.,
PLAYER_POSITIONS,137194,6/27/2026 11:55:56 AM,068492a8-9bbc-456b-87fb-dc52c0aec9a7,2.0,,,,,,,,,,,,,,,,,,,,,,,,,,,,,,,,,,,"(-6.7, 0.4, 2.6)","(-6.7, 0.9, 2.4)","(-6.6, 0.4, 2.1)",
PLAYER_POSITIONS,137194,6/27/2026 11:55:56 AM,068492a8-9bbc-456b-87fb-dc52c0aec9a7,2.0,,,,,,,,,,,,,,,,,,,,,,,,,,,,,,,,,,,"(-6.7, 0.4, 2.6)","(-6.7, 0.9, 2.4)","(-6.6, 0.4, 2.1)",
VOICE_CAPTURE,137503,6/27/2026 11:55:56 AM,068492a8-9bbc-456b-87fb-dc52c0aec9a7,2.0,,,,,,,,,,,,,,,,,,,,,,,,,,,,,,,,,,,,,,,,,,,,,,,,,,,NA,No.,
PLAYER_POSITIONS,137703,6/27/2026 11:55:57 AM,068492a8-9bbc-456b-87fb-dc52c0aec9a7,2.0,,,,,,,,,,,,,,,,,,,,,,,,,,,,,,,,,,,"(-6.7, 0.4, 2.6)","(-6.7, 0.9, 2.4)","(-6.5, 0.4, 2.1)",
PLAYER_POSITIONS,137703,6/27/2026 11:55:57 AM,068492a8-9bbc-456b-87fb-dc52c0aec9a7,2.0,,,,,,,,,,,,,,,,,,,,,,,,,,,,,,,,,,,"(-6.7, 0.4, 2.6)","(-6.7, 0.9, 2.4)","(-6.5, 0.4, 2.1)",
AUDIO_START,137844,6/27/2026 11:55:57 AM,068492a8-9bbc-456b-87fb-dc52c0aec9a7,2.0,mortar rounds outbound 10 seconds,4.571429,
VOICE_CAPTURE,138024,6/27/2026 11:55:57 AM,068492a8-9bbc-456b-87fb-dc52c0aec9a7,2.0,,,,,,,,,,,,,,,,,,,,,,,,,,,,,,,,,,,,,,,,,,,,,,,,,,,NA,No.,
PLAYER_POSITIONS,138223,6/27/2026 11:55:57 AM,068492a8-9bbc-456b-87fb-dc52c0aec9a7,2.0,,,,,,,,,,,,,,,,,,,,,,,,,,,,,,,,,,,"(-6.6, 0.4, 2.7)","(-6.5, 0.9, 2.5)","(-6.4, 0.5, 2.2)",
PLAYER_POSITIONS,138223,6/27/2026 11:55:57 AM,068492a8-9bbc-456b-87fb-dc52c0aec9a7,2.0,,,,,,,,,,,,,,,,,,,,,,,,,,,,,,,,,,,"(-6.6, 0.4, 2.7)","(-6.5, 0.9, 2.5)","(-6.4, 0.5, 2.2)",
VOICE_CAPTURE,138519,6/27/2026 11:55:57 AM,068492a8-9bbc-456b-87fb-dc52c0aec9a7,2.0,,,,,,,,,,,,,,,,,,,,,,,,,,,,,,,,,,,,,,,,,,,,,,,,,,,NA,No.,
PLAYER_POSITIONS,138743,6/27/2026 11:55:58 AM,068492a8-9bbc-456b-87fb-dc52c0aec9a7,2.0,,,,,,,,,,,,,,,,,,,,,,,,,,,,,,,,,,,"(-6.6, 0.4, 2.7)","(-6.5, 1.0, 2.5)","(-6.3, 0.3, 2.2)",
PLAYER_POSITIONS,138743,6/27/2026 11:55:58 AM,068492a8-9bbc-456b-87fb-dc52c0aec9a7,2.0,,,,,,,,,,,,,,,,,,,,,,,,,,,,,,,,,,,"(-6.6, 0.4, 2.7)","(-6.5, 1.0, 2.5)","(-6.3, 0.3, 2.2)",
VOICE_CAPTURE,138985,6/27/2026 11:55:58 AM,068492a8-9bbc-456b-87fb-dc52c0aec9a7,2.0,,,,,,,,,,,,,,,,,,,,,,,,,,,,,,,,,,,,,,,,,,,,,,,,,,,NA,No.,
TOOL_HOVER,139116,6/27/2026 11:55:58 AM,068492a8-9bbc-456b-87fb-dc52c0aec9a7,2.0,,,,,,,,,,,,,,,,,,,,,,,,,,,,,,,,,,,,,,,,,,,,,,997,,Tourniquet,
PLAYER_POSITIONS,139254,6/27/2026 11:55:58 AM,068492a8-9bbc-456b-87fb-dc52c0aec9a7,2.0,,,,,,,,,,,,,,,,,,,,,,,,,,,,,,,,,,,"(-6.6, 0.4, 2.7)","(-6.5, 1.0, 2.5)","(-6.1, 0.6, 2.2)",
PLAYER_POSITIONS,139254,6/27/2026 11:55:58 AM,068492a8-9bbc-456b-87fb-dc52c0aec9a7,2.0,,,,,,,,,,,,,,,,,,,,,,,,,,,,,,,,,,,"(-6.6, 0.4, 2.7)","(-6.5, 1.0, 2.5)","(-6.1, 0.6, 2.2)",
TOOL_HOVER,139428,6/27/2026 11:55:58 AM,068492a8-9bbc-456b-87fb-dc52c0aec9a7,2.0,,,,,,,,,,,,,,,,,,,,,,,,,,,,,,,,,,,,,,,,,,,,,,999,,Hemostatic Gauze,
VOICE_CAPTURE,139508,6/27/2026 11:55:58 AM,068492a8-9bbc-456b-87fb-dc52c0aec9a7,2.0,,,,,,,,,,,,,,,,,,,,,,,,,,,,,,,,,,,,,,,,,,,,,,,,,,,NA,No.,
TOOL_SELECTED,139618,6/27/2026 11:55:58 AM,068492a8-9bbc-456b-87fb-dc52c0aec9a7,2.0,,,,,,,,,,,,,,,,,,,,,,,,,,,,,,,,,,,,,,,,,,,,,,998,,Hemostatic Gauze,
PLAYER_POSITIONS,139774,6/27/2026 11:55:59 AM,068492a8-9bbc-456b-87fb-dc52c0aec9a7,2.0,,,,,,,,,,,,,,,,,,,,,,,,,,,,,,,,,,,"(-6.6, 0.4, 2.7)","(-6.5, 0.9, 2.5)","(-6.1, 0.5, 2.3)",
PLAYER_POSITIONS,139774,6/27/2026 11:55:59 AM,068492a8-9bbc-456b-87fb-dc52c0aec9a7,2.0,,,,,,,,,,,,,,,,,,,,,,,,,,,,,,,,,,,"(-6.6, 0.4, 2.7)","(-6.5, 0.9, 2.5)","(-6.1, 0.5, 2.3)",
VOICE_CAPTURE,140018,6/27/2026 11:55:59 AM,068492a8-9bbc-456b-87fb-dc52c0aec9a7,2.0,,,,,,,,,,,,,,,,,,,,,,,,,,,,,,,,,,,,,,,,,,,,,,,,,,,NA,No.,
PLAYER_POSITIONS,140286,6/27/2026 11:55:59 AM,068492a8-9bbc-456b-87fb-dc52c0aec9a7,2.0,,,,,,,,,,,,,,,,,,,,,,,,,,,,,,,,,,,"(-6.6, 0.4, 2.7)","(-6.5, 0.8, 2.6)","(-6.6, 0.0, 2.4)",
PLAYER_POSITIONS,140286,6/27/2026 11:55:59 AM,068492a8-9bbc-456b-87fb-dc52c0aec9a7,2.0,,,,,,,,,,,,,,,,,,,,,,,,,,,,,,,,,,,"(-6.6, 0.4, 2.7)","(-6.5, 0.8, 2.6)","(-6.6, 0.0, 2.4)",
TOOL_DISCARDED,140347,6/27/2026 11:55:59 AM,068492a8-9bbc-456b-87fb-dc52c0aec9a7,2.0,,,,,,,,,,,,,,,,,,,,,,,,Military PT 1,,,,,,,,,,,,"(-6.5, 0.0, 2.4)",,,,,,,,,,998,,Hemostatic Gauze,
VOICE_CAPTURE,140506,6/27/2026 11:55:59 AM,068492a8-9bbc-456b-87fb-dc52c0aec9a7,2.0,,,,,,,,,,,,,,,,,,,,,,,,,,,,,,,,,,,,,,,,,,,,,,,,,,,NA,No.,
PLAYER_POSITIONS,140796,6/27/2026 11:56:00 AM,068492a8-9bbc-456b-87fb-dc52c0aec9a7,2.0,,,,,,,,,,,,,,,,,,,,,,,,,,,,,,,,,,,"(-6.6, 0.4, 2.7)","(-6.4, 0.8, 2.6)","(-6.5, 0.2, 2.4)",
PLAYER_POSITIONS,140796,6/27/2026 11:56:00 AM,068492a8-9bbc-456b-87fb-dc52c0aec9a7,2.0,,,,,,,,,,,,,,,,,,,,,,,,,,,,,,,,,,,"(-6.6, 0.4, 2.7)","(-6.4, 0.8, 2.6)","(-6.5, 0.2, 2.4)",
VOICE_CAPTURE,141031,6/27/2026 11:56:00 AM,068492a8-9bbc-456b-87fb-dc52c0aec9a7,2.0,,,,,,,,,,,,,,,,,,,,,,,,,,,,,,,,,,,,,,,,,,,,,,,,,,,NA,No.,
TOOL_HOVER,141118,6/27/2026 11:56:00 AM,068492a8-9bbc-456b-87fb-dc52c0aec9a7,2.0,,,,,,,,,,,,,,,,,,,,,,,,,,,,,,,,,,,,,,,,,,,,,,997,,Tourniquet,
TOOL_HOVER,141208,6/27/2026 11:56:00 AM,068492a8-9bbc-456b-87fb-dc52c0aec9a7,2.0,,,,,,,,,,,,,,,,,,,,,,,,,,,,,,,,,,,,,,,,,,,,,,999,,Hemostatic Gauze,
PLAYER_POSITIONS,141300,6/27/2026 11:56:00 AM,068492a8-9bbc-456b-87fb-dc52c0aec9a7,2.0,,,,,,,,,,,,,,,,,,,,,,,,,,,,,,,,,,,"(-6.6, 0.4, 2.7)","(-6.4, 0.9, 2.5)","(-6.1, 0.7, 2.2)",
PLAYER_POSITIONS,141300,6/27/2026 11:56:00 AM,068492a8-9bbc-456b-87fb-dc52c0aec9a7,2.0,,,,,,,,,,,,,,,,,,,,,,,,,,,,,,,,,,,"(-6.6, 0.4, 2.7)","(-6.4, 0.9, 2.5)","(-6.1, 0.7, 2.2)",
TOOL_HOVER,141319,6/27/2026 11:56:00 AM,068492a8-9bbc-456b-87fb-dc52c0aec9a7,2.0,,,,,,,,,,,,,,,,,,,,,,,,,,,,,,,,,,,,,,,,,,,,,,999,,SAM Splint,
TOOL_SELECTED,141425,6/27/2026 11:56:00 AM,068492a8-9bbc-456b-87fb-dc52c0aec9a7,2.0,,,,,,,,,,,,,,,,,,,,,,,,,,,,,,,,,,,,,,,,,,,,,,998,,SAM Splint,
VOICE_CAPTURE,141515,6/27/2026 11:56:00 AM,068492a8-9bbc-456b-87fb-dc52c0aec9a7,2.0,,,,,,,,,,,,,,,,,,,,,,,,,,,,,,,,,,,,,,,,,,,,,,,,,,,NA,No.,
PLAYER_POSITIONS,141804,6/27/2026 11:56:01 AM,068492a8-9bbc-456b-87fb-dc52c0aec9a7,2.0,,,,,,,,,,,,,,,,,,,,,,,,,,,,,,,,,,,"(-6.6, 0.4, 2.7)","(-6.4, 0.8, 2.6)","(-6.3, 0.2, 2.4)",
PLAYER_POSITIONS,141804,6/27/2026 11:56:01 AM,068492a8-9bbc-456b-87fb-dc52c0aec9a7,2.0,,,,,,,,,,,,,,,,,,,,,,,,,,,,,,,,,,,"(-6.6, 0.4, 2.7)","(-6.4, 0.8, 2.6)","(-6.3, 0.2, 2.4)",
VOICE_CAPTURE,142003,6/27/2026 11:56:01 AM,068492a8-9bbc-456b-87fb-dc52c0aec9a7,2.0,,,,,,,,,,,,,,,,,,,,,,,,,,,,,,,,,,,,,,,,,,,,,,,,,,,NA,No.,
TOOL_DISCARDED,142122,6/27/2026 11:56:01 AM,068492a8-9bbc-456b-87fb-dc52c0aec9a7,2.0,,,,,,,,,,,,,,,,,,,,,,,,Military PT 1,,,,,,,,,,,,"(-6.2, 0.5, 2.3)",,,,,,,,,,998,,SAM Splint,
TOOL_HOVER,142213,6/27/2026 11:56:01 AM,068492a8-9bbc-456b-87fb-dc52c0aec9a7,2.0,,,,,,,,,,,,,,,,,,,,,,,,,,,,,,,,,,,,,,,,,,,,,,997,,Tourniquet,
PLAYER_POSITIONS,142304,6/27/2026 11:56:01 AM,068492a8-9bbc-456b-87fb-dc52c0aec9a7,2.0,,,,,,,,,,,,,,,,,,,,,,,,,,,,,,,,,,,"(-6.6, 0.4, 2.7)","(-6.5, 0.9, 2.6)","(-6.1, 0.6, 2.3)",
PLAYER_POSITIONS,142304,6/27/2026 11:56:01 AM,068492a8-9bbc-456b-87fb-dc52c0aec9a7,2.0,,,,,,,,,,,,,,,,,,,,,,,,,,,,,,,,,,,"(-6.6, 0.4, 2.7)","(-6.5, 0.9, 2.6)","(-6.1, 0.6, 2.3)",
TOOL_HOVER,142446,6/27/2026 11:56:01 AM,068492a8-9bbc-456b-87fb-dc52c0aec9a7,2.0,,,,,,,,,,,,,,,,,,,,,,,,,,,,,,,,,,,,,,,,,,,,,,999,,SAM Splint,
TOOL_SELECTED,142447,6/27/2026 11:56:01 AM,068492a8-9bbc-456b-87fb-dc52c0aec9a7,2.0,,,,,,,,,,,,,,,,,,,,,,,,,,,,,,,,,,,,,,,,,,,,,,998,,SAM Splint,
AUDIO_END,142449,6/27/2026 11:56:01 AM,068492a8-9bbc-456b-87fb-dc52c0aec9a7,2.0,mortar rounds outbound 10 seconds,4.571429,
NARRATIVE_SECTION_END,142449,6/27/2026 11:56:01 AM,068492a8-9bbc-456b-87fb-dc52c0aec9a7,2.0,,,,,,,,,,,,,,,,,,Mortar rounds outbound,17,
VOICE_CAPTURE,142494,6/27/2026 11:56:01 AM,068492a8-9bbc-456b-87fb-dc52c0aec9a7,2.0,,,,,,,,,,,,,,,,,,,,,,,,,,,,,,,,,,,,,,,,,,,,,,,,,,,NA,No.,
NARRATIVE_SECTION_START,142522,6/27/2026 11:56:01 AM,068492a8-9bbc-456b-87fb-dc52c0aec9a7,2.0,,,,,,,,,,,,,,,,,,Mortar hits,18,
PLAYER_POSITIONS,142816,6/27/2026 11:56:02 AM,068492a8-9bbc-456b-87fb-dc52c0aec9a7,2.0,,,,,,,,,,,,,,,,,,,,,,,,,,,,,,,,,,,"(-6.5, 0.4, 2.7)","(-6.5, 1.0, 2.6)","(-6.2, 0.4, 2.3)",
PLAYER_POSITIONS,142816,6/27/2026 11:56:02 AM,068492a8-9bbc-456b-87fb-dc52c0aec9a7,2.0,,,,,,,,,,,,,,,,,,,,,,,,,,,,,,,,,,,"(-6.5, 0.4, 2.7)","(-6.5, 1.0, 2.6)","(-6.2, 0.4, 2.3)",
VOICE_CAPTURE,143026,6/27/2026 11:56:02 AM,068492a8-9bbc-456b-87fb-dc52c0aec9a7,2.0,,,,,,,,,,,,,,,,,,,,,,,,,,,,,,,,,,,,,,,,,,,,,,,,,,,NA,No.,
TOOL_DISCARDED,143044,6/27/2026 11:56:02 AM,068492a8-9bbc-456b-87fb-dc52c0aec9a7,2.0,,,,,,,,,,,,,,,,,,,,,,,,Military PT 1,,,,,,,,,,,,"(0.0, 0.0, 0.0)",,,,,,,,,,998,,SAM Splint,
PLAYER_POSITIONS,143334,6/27/2026 11:56:02 AM,068492a8-9bbc-456b-87fb-dc52c0aec9a7,2.0,,,,,,,,,,,,,,,,,,,,,,,,,,,,,,,,,,,"(-6.6, 0.5, 2.7)","(-6.6, 1.1, 2.6)","(-6.4, 0.4, 2.7)",
PLAYER_POSITIONS,143334,6/27/2026 11:56:02 AM,068492a8-9bbc-456b-87fb-dc52c0aec9a7,2.0,,,,,,,,,,,,,,,,,,,,,,,,,,,,,,,,,,,"(-6.6, 0.5, 2.7)","(-6.6, 1.1, 2.6)","(-6.4, 0.4, 2.7)",
VOICE_CAPTURE,143503,6/27/2026 11:56:02 AM,068492a8-9bbc-456b-87fb-dc52c0aec9a7,2.0,,,,,,,,,,,,,,,,,,,,,,,,,,,,,,,,,,,,,,,,,,,,,,,,,,,NA,No.,
BAG_CLOSED,143766,6/27/2026 11:56:03 AM,068492a8-9bbc-456b-87fb-dc52c0aec9a7,2.0,,,,,,,,,,,,,,,,,,,,,,,,,,,,,,,,,,,,"(0.0, 0.0, 0.0)",
PLAYER_POSITIONS,143840,6/27/2026 11:56:03 AM,068492a8-9bbc-456b-87fb-dc52c0aec9a7,2.0,,,,,,,,,,,,,,,,,,,,,,,,,,,,,,,,,,,"(-6.7, 0.5, 2.7)","(-6.8, 1.1, 2.6)","(-6.8, 0.6, 2.9)",
PLAYER_GAZE,143840,6/27/2026 11:56:03 AM,068492a8-9bbc-456b-87fb-dc52c0aec9a7,2.0,,,,,,,,,,,,,,,,,,,,,,,,Lifting NPC,,,,,,,,,"(1.7, 1.1, -1.1)",,,"(-8.5, 0.0, 3.8)",
PLAYER_POSITIONS,143840,6/27/2026 11:56:03 AM,068492a8-9bbc-456b-87fb-dc52c0aec9a7,2.0,,,,,,,,,,,,,,,,,,,,,,,,,,,,,,,,,,,"(-6.7, 0.5, 2.7)","(-6.8, 1.1, 2.6)","(-6.8, 0.6, 2.9)",
PLAYER_GAZE,143840,6/27/2026 11:56:03 AM,068492a8-9bbc-456b-87fb-dc52c0aec9a7,2.0,,,,,,,,,,,,,,,,,,,,,,,,Lifting NPC,,,,,,,,,"(1.7, 1.1, -1.1)",,,"(-8.5, 0.0, 3.8)",
VOICE_CAPTURE,144015,6/27/2026 11:56:03 AM,068492a8-9bbc-456b-87fb-dc52c0aec9a7,2.0,,,,,,,,,,,,,,,,,,,,,,,,,,,,,,,,,,,,,,,,,,,,,,,,,,,NA,No.,
PATIENT_ENGAGED,144212,6/27/2026 11:56:03 AM,068492a8-9bbc-456b-87fb-dc52c0aec9a7,2.0,,,,0,,,,,,,,,,,,,,,,normal,100,128,normal,Lifting NPC,calm,standing,"(-8.5, 0.0, 3.8)",normal,"(0.0, -0.9, 0.0, -0.4)",normal,MINIMAL,still,,,,,,,,,,,,,,,,,0,
PLAYER_POSITIONS,144348,6/27/2026 11:56:03 AM,068492a8-9bbc-456b-87fb-dc52c0aec9a7,2.0,,,,,,,,,,,,,,,,,,,,,,,,,,,,,,,,,,,"(-6.8, 0.5, 2.8)","(-6.8, 1.1, 2.5)","(-7.0, 0.7, 2.9)",
PLAYER_GAZE,144348,6/27/2026 11:56:03 AM,068492a8-9bbc-456b-87fb-dc52c0aec9a7,2.0,,,,,,,,,,,,,,,,,,,,,,,,Lifting NPC,,,,,,,,,"(1.7, 1.1, -1.2)",,,"(-8.5, 0.0, 3.8)",
PLAYER_POSITIONS,144348,6/27/2026 11:56:03 AM,068492a8-9bbc-456b-87fb-dc52c0aec9a7,2.0,,,,,,,,,,,,,,,,,,,,,,,,,,,,,,,,,,,"(-6.8, 0.5, 2.8)","(-6.8, 1.1, 2.5)","(-7.0, 0.7, 2.9)",
PLAYER_GAZE,144348,6/27/2026 11:56:03 AM,068492a8-9bbc-456b-87fb-dc52c0aec9a7,2.0,,,,,,,,,,,,,,,,,,,,,,,,Lifting NPC,,,,,,,,,"(1.7, 1.1, -1.2)",,,"(-8.5, 0.0, 3.8)",
VOICE_CAPTURE,144525,6/27/2026 11:56:03 AM,068492a8-9bbc-456b-87fb-dc52c0aec9a7,2.0,,,,,,,,,,,,,,,,,,,,,,,,,,,,,,,,,,,,,,,,,,,,,,,,,,,NA,"No. Well, 10 seconds.",
PATIENT_DISENGAGED,144634,6/27/2026 11:56:04 AM,068492a8-9bbc-456b-87fb-dc52c0aec9a7,2.0,,,,0.42,,,,,,,,,,,,,,,,normal,100,128,normal,Lifting NPC,calm,standing,"(-8.5, 0.0, 3.8)",normal,"(0.0, -0.9, 0.0, -0.4)",normal,MINIMAL,still,,,,,,,,,,,,,,,,,0.42,
PLAYER_POSITIONS,144859,6/27/2026 11:56:04 AM,068492a8-9bbc-456b-87fb-dc52c0aec9a7,2.0,,,,,,,,,,,,,,,,,,,,,,,,,,,,,,,,,,,"(-6.9, 0.5, 2.4)","(-7.0, 1.1, 2.2)","(-7.1, 0.7, 2.4)",
PLAYER_POSITIONS,144859,6/27/2026 11:56:04 AM,068492a8-9bbc-456b-87fb-dc52c0aec9a7,2.0,,,,,,,,,,,,,,,,,,,,,,,,,,,,,,,,,,,"(-6.9, 0.5, 2.4)","(-7.0, 1.1, 2.2)","(-7.1, 0.7, 2.4)",
VOICE_CAPTURE,145081,6/27/2026 11:56:04 AM,068492a8-9bbc-456b-87fb-dc52c0aec9a7,2.0,,,,,,,,,,,,,,,,,,,,,,,,,,,,,,,,,,,,,,,,,,,,,,,,,,,NA,No. 10 seconds to m-,
PATIENT_ENGAGED,145121,6/27/2026 11:56:04 AM,068492a8-9bbc-456b-87fb-dc52c0aec9a7,2.0,,,,0,,,,,,,,,,,,,,,,normal,100,128,normal,Military PT 13,calm,standing,"(-15.2, 0.0, 5.0)",normal,"(0.0, 0.9, 0.0, 0.4)",normal,MINIMAL,still,,,,,,,,,,,,,,,,,5.41,
TELEPORT,145212,6/27/2026 11:56:04 AM,068492a8-9bbc-456b-87fb-dc52c0aec9a7,2.0,,,,,,,,,,,,,,,,,,,,,,,,,,,,,,,,,,,,"(-7.0, 1.1, 2.2)",,,,,,,"(-13.5, 1.2, 4.5)",
PLAYER_POSITIONS,145361,6/27/2026 11:56:04 AM,068492a8-9bbc-456b-87fb-dc52c0aec9a7,2.0,,,,,,,,,,,,,,,,,,,,,,,,,,,,,,,,,,,"(-13.5, 0.6, 4.6)","(-13.5, 1.2, 4.5)","(-13.7, 0.7, 4.7)",
PLAYER_POSITIONS,145361,6/27/2026 11:56:04 AM,068492a8-9bbc-456b-87fb-dc52c0aec9a7,2.0,,,,,,,,,,,,,,,,,,,,,,,,,,,,,,,,,,,"(-13.5, 0.6, 4.6)","(-13.5, 1.2, 4.5)","(-13.7, 0.7, 4.7)",
VOICE_CAPTURE,145506,6/27/2026 11:56:04 AM,068492a8-9bbc-456b-87fb-dc52c0aec9a7,2.0,,,,,,,,,,,,,,,,,,,,,,,,,,,,,,,,,,,,,,,,,,,,,,,,,,,NA,"No. 10 seconds, some more is coming.",
PLAYER_POSITIONS,145863,6/27/2026 11:56:05 AM,068492a8-9bbc-456b-87fb-dc52c0aec9a7,2.0,,,,,,,,,,,,,,,,,,,,,,,,,,,,,,,,,,,"(-13.5, 0.6, 4.5)","(-13.4, 1.2, 4.3)","(-13.7, 0.7, 4.5)",
PLAYER_GAZE,145863,6/27/2026 11:56:05 AM,068492a8-9bbc-456b-87fb-dc52c0aec9a7,2.0,,,,,,,,,,,,,,,,,,,,,,,,Military PT 13,,,,,,,,,"(1.8, 1.2, -0.6)",,,"(-15.2, 0.0, 5.0)",
PLAYER_POSITIONS,145863,6/27/2026 11:56:05 AM,068492a8-9bbc-456b-87fb-dc52c0aec9a7,2.0,,,,,,,,,,,,,,,,,,,,,,,,,,,,,,,,,,,"(-13.5, 0.6, 4.5)","(-13.4, 1.2, 4.3)","(-13.7, 0.7, 4.5)",
PLAYER_GAZE,145863,6/27/2026 11:56:05 AM,068492a8-9bbc-456b-87fb-dc52c0aec9a7,2.0,,,,,,,,,,,,,,,,,,,,,,,,Military PT 13,,,,,,,,,"(1.8, 1.2, -0.6)",,,"(-15.2, 0.0, 5.0)",
PATIENT_DISENGAGED,145950,6/27/2026 11:56:05 AM,068492a8-9bbc-456b-87fb-dc52c0aec9a7,2.0,,,,0.82,,,,,,,,,,,,,,,,normal,100,128,normal,Military PT 13,calm,standing,"(-15.2, 0.0, 5.0)",normal,"(0.0, 0.9, 0.0, 0.5)",normal,MINIMAL,still,,,,,,,,,,,,,,,,,6.23,
PATIENT_ENGAGED,145983,6/27/2026 11:56:05 AM,068492a8-9bbc-456b-87fb-dc52c0aec9a7,2.0,,,,0,,,,,,,,,,,,,,,,normal,100,128,normal,Military PT 13,calm,standing,"(-15.2, 0.0, 5.0)",normal,"(0.0, 0.9, 0.0, 0.5)",normal,MINIMAL,still,,,,,,,,,,,,,,,,,6.23,
VOICE_CAPTURE,146008,6/27/2026 11:56:05 AM,068492a8-9bbc-456b-87fb-dc52c0aec9a7,2.0,,,,,,,,,,,,,,,,,,,,,,,,,,,,,,,,,,,,,,,,,,,,,,,,,,,NA,"No. Well, 10 seconds, some more just come in.",
TELEPORT,146141,6/27/2026 11:56:05 AM,068492a8-9bbc-456b-87fb-dc52c0aec9a7,2.0,,,,,,,,,,,,,,,,,,,,,,,,,,,,,,,,,,,,"(-13.4, 1.2, 4.3)",,,,,,,"(-16.6, 1.2, 5.8)",
PLAYER_POSITIONS,146365,6/27/2026 11:56:05 AM,068492a8-9bbc-456b-87fb-dc52c0aec9a7,2.0,,,,,,,,,,,,,,,,,,,,,,,,,,,,,,,,,,,"(-16.8, 0.6, 5.8)","(-16.7, 1.2, 5.7)","(-16.9, 0.7, 5.9)",
PLAYER_POSITIONS,146365,6/27/2026 11:56:05 AM,068492a8-9bbc-456b-87fb-dc52c0aec9a7,2.0,,,,,,,,,,,,,,,,,,,,,,,,,,,,,,,,,,,"(-16.8, 0.6, 5.8)","(-16.7, 1.2, 5.7)","(-16.9, 0.7, 5.9)",
VOICE_CAPTURE,146475,6/27/2026 11:56:05 AM,068492a8-9bbc-456b-87fb-dc52c0aec9a7,2.0,,,,,,,,,,,,,,,,,,,,,,,,,,,,,,,,,,,,,,,,,,,,,,,,,,,NA,"No. Well, 10 seconds, some more just come in. I can see motors come in.",
PATIENT_DISENGAGED,146649,6/27/2026 11:56:06 AM,068492a8-9bbc-456b-87fb-dc52c0aec9a7,2.0,,,,0.68,,,,,,,,,,,,,,,,normal,100,128,normal,Military PT 13,calm,standing,"(-15.1, 0.0, 5.0)",normal,"(0.0, 1.0, 0.0, 0.0)",normal,MINIMAL,still,,,,,,,,,,,,,,,,,6.91,
PLAYER_POSITIONS,146908,6/27/2026 11:56:06 AM,068492a8-9bbc-456b-87fb-dc52c0aec9a7,2.0,,,,,,,,,,,,,,,,,,,,,,,,,,,,,,,,,,,"(-17.3, 0.6, 6.7)","(-17.2, 1.3, 6.6)","(-17.3, 0.7, 6.8)",
PLAYER_POSITIONS,146908,6/27/2026 11:56:06 AM,068492a8-9bbc-456b-87fb-dc52c0aec9a7,2.0,,,,,,,,,,,,,,,,,,,,,,,,,,,,,,,,,,,"(-17.3, 0.6, 6.7)","(-17.2, 1.3, 6.6)","(-17.3, 0.7, 6.8)",
VOICE_CAPTURE,147006,6/27/2026 11:56:06 AM,068492a8-9bbc-456b-87fb-dc52c0aec9a7,2.0,,,,,,,,,,,,,,,,,,,,,,,,,,,,,,,,,,,,,,,,,,,,,,,,,,,NA,"No. Well, 10 seconds, some more just come in. I can see motors come in.",
VOICE_CAPTURE,147006,6/27/2026 11:56:06 AM,068492a8-9bbc-456b-87fb-dc52c0aec9a7,2.0,,,,,,,,,,,,,,,,,,,,,,,,,,,,,,,,,,,,,,,,,,,,,,,,,,,NA,"No. Well, 10 seconds, some more just come in. I can see motors come in.",
PLAYER_POSITIONS,147420,6/27/2026 11:56:06 AM,068492a8-9bbc-456b-87fb-dc52c0aec9a7,2.0,,,,,,,,,,,,,,,,,,,,,,,,,,,,,,,,,,,"(-18.2, 0.6, 6.9)","(-18.1, 1.3, 6.8)","(-18.3, 0.7, 6.9)",
PLAYER_POSITIONS,147420,6/27/2026 11:56:06 AM,068492a8-9bbc-456b-87fb-dc52c0aec9a7,2.0,,,,,,,,,,,,,,,,,,,,,,,,,,,,,,,,,,,"(-18.2, 0.6, 6.9)","(-18.1, 1.3, 6.8)","(-18.3, 0.7, 6.9)",
PLAYER_POSITIONS,147946,6/27/2026 11:56:07 AM,068492a8-9bbc-456b-87fb-dc52c0aec9a7,2.0,,,,,,,,,,,,,,,,,,,,,,,,,,,,,,,,,,,"(-18.5, 0.6, 7.1)","(-18.3, 1.3, 7.1)","(-18.6, 0.6, 7.1)",
PLAYER_POSITIONS,147946,6/27/2026 11:56:07 AM,068492a8-9bbc-456b-87fb-dc52c0aec9a7,2.0,,,,,,,,,,,,,,,,,,,,,,,,,,,,,,,,,,,"(-18.5, 0.6, 7.1)","(-18.3, 1.3, 7.1)","(-18.6, 0.6, 7.1)",
PLAYER_POSITIONS,148450,6/27/2026 11:56:07 AM,068492a8-9bbc-456b-87fb-dc52c0aec9a7,2.0,,,,,,,,,,,,,,,,,,,,,,,,,,,,,,,,,,,"(-18.4, 0.6, 7.1)","(-18.3, 1.3, 7.1)","(-18.5, 0.6, 7.0)",
PLAYER_POSITIONS,148450,6/27/2026 11:56:07 AM,068492a8-9bbc-456b-87fb-dc52c0aec9a7,2.0,,,,,,,,,,,,,,,,,,,,,,,,,,,,,,,,,,,"(-18.4, 0.6, 7.1)","(-18.3, 1.3, 7.1)","(-18.5, 0.6, 7.0)",
PLAYER_POSITIONS,148960,6/27/2026 11:56:08 AM,068492a8-9bbc-456b-87fb-dc52c0aec9a7,2.0,,,,,,,,,,,,,,,,,,,,,,,,,,,,,,,,,,,"(-18.2, 0.4, 6.9)","(-18.2, 1.3, 7.2)","(-18.4, 0.6, 7.0)",
PLAYER_POSITIONS,148960,6/27/2026 11:56:08 AM,068492a8-9bbc-456b-87fb-dc52c0aec9a7,2.0,,,,,,,,,,,,,,,,,,,,,,,,,,,,,,,,,,,"(-18.2, 0.4, 6.9)","(-18.2, 1.3, 7.2)","(-18.4, 0.6, 7.0)",
PLAYER_POSITIONS,149477,6/27/2026 11:56:08 AM,068492a8-9bbc-456b-87fb-dc52c0aec9a7,2.0,,,,,,,,,,,,,,,,,,,,,,,,,,,,,,,,,,,"(-18.2, 0.4, 7.0)","(-18.3, 1.3, 7.3)","(-18.3, 0.6, 7.0)",
PLAYER_POSITIONS,149477,6/27/2026 11:56:08 AM,068492a8-9bbc-456b-87fb-dc52c0aec9a7,2.0,,,,,,,,,,,,,,,,,,,,,,,,,,,,,,,,,,,"(-18.2, 0.4, 7.0)","(-18.3, 1.3, 7.3)","(-18.3, 0.6, 7.0)",
PLAYER_POSITIONS,149997,6/27/2026 11:56:09 AM,068492a8-9bbc-456b-87fb-dc52c0aec9a7,2.0,,,,,,,,,,,,,,,,,,,,,,,,,,,,,,,,,,,"(-17.7, 0.4, 7.3)","(-17.8, 1.3, 7.6)","(-17.9, 0.6, 7.3)",
PLAYER_POSITIONS,149997,6/27/2026 11:56:09 AM,068492a8-9bbc-456b-87fb-dc52c0aec9a7,2.0,,,,,,,,,,,,,,,,,,,,,,,,,,,,,,,,,,,"(-17.7, 0.4, 7.3)","(-17.8, 1.3, 7.6)","(-17.9, 0.6, 7.3)",
VOICE_CAPTURE,150486,6/27/2026 11:56:09 AM,068492a8-9bbc-456b-87fb-dc52c0aec9a7,2.0,,,,,,,,,,,,,,,,,,,,,,,,,,,,,,,,,,,,,,,,,,,,,,,,,,,NA,Thank you.,
PLAYER_POSITIONS,150509,6/27/2026 11:56:09 AM,068492a8-9bbc-456b-87fb-dc52c0aec9a7,2.0,,,,,,,,,,,,,,,,,,,,,,,,,,,,,,,,,,,"(-17.9, 0.4, 7.4)","(-17.9, 1.3, 7.6)","(-18.0, 0.7, 7.4)",
PLAYER_POSITIONS,150509,6/27/2026 11:56:09 AM,068492a8-9bbc-456b-87fb-dc52c0aec9a7,2.0,,,,,,,,,,,,,,,,,,,,,,,,,,,,,,,,,,,"(-17.9, 0.4, 7.4)","(-17.9, 1.3, 7.6)","(-18.0, 0.7, 7.4)",
VOICE_CAPTURE,150999,6/27/2026 11:56:10 AM,068492a8-9bbc-456b-87fb-dc52c0aec9a7,2.0,,,,,,,,,,,,,,,,,,,,,,,,,,,,,,,,,,,,,,,,,,,,,,,,,,,NA,Thank you.,
VOICE_CAPTURE,150999,6/27/2026 11:56:10 AM,068492a8-9bbc-456b-87fb-dc52c0aec9a7,2.0,,,,,,,,,,,,,,,,,,,,,,,,,,,,,,,,,,,,,,,,,,,,,,,,,,,NA,Thank you.,
PLAYER_POSITIONS,151032,6/27/2026 11:56:10 AM,068492a8-9bbc-456b-87fb-dc52c0aec9a7,2.0,,,,,,,,,,,,,,,,,,,,,,,,,,,,,,,,,,,"(-17.9, 0.4, 7.4)","(-18.0, 1.3, 7.6)","(-18.0, 0.7, 7.3)",
PLAYER_POSITIONS,151032,6/27/2026 11:56:10 AM,068492a8-9bbc-456b-87fb-dc52c0aec9a7,2.0,,,,,,,,,,,,,,,,,,,,,,,,,,,,,,,,,,,"(-17.9, 0.4, 7.4)","(-18.0, 1.3, 7.6)","(-18.0, 0.7, 7.3)",
VOICE_CAPTURE,151488,6/27/2026 11:56:10 AM,068492a8-9bbc-456b-87fb-dc52c0aec9a7,2.0,,,,,,,,,,,,,,,,,,,,,,,,,,,,,,,,,,,,,,,,,,,,,,,,,,,NA,Thank you.,
PLAYER_POSITIONS,151535,6/27/2026 11:56:10 AM,068492a8-9bbc-456b-87fb-dc52c0aec9a7,2.0,,,,,,,,,,,,,,,,,,,,,,,,,,,,,,,,,,,"(-17.8, 0.4, 7.4)","(-17.9, 1.3, 7.5)","(-17.9, 0.7, 7.3)",
PLAYER_POSITIONS,151535,6/27/2026 11:56:10 AM,068492a8-9bbc-456b-87fb-dc52c0aec9a7,2.0,,,,,,,,,,,,,,,,,,,,,,,,,,,,,,,,,,,"(-17.8, 0.4, 7.4)","(-17.9, 1.3, 7.5)","(-17.9, 0.7, 7.3)",
VOICE_CAPTURE,152010,6/27/2026 11:56:11 AM,068492a8-9bbc-456b-87fb-dc52c0aec9a7,2.0,,,,,,,,,,,,,,,,,,,,,,,,,,,,,,,,,,,,,,,,,,,,,,,,,,,NA,Thank you.,
PLAYER_POSITIONS,152057,6/27/2026 11:56:11 AM,068492a8-9bbc-456b-87fb-dc52c0aec9a7,2.0,,,,,,,,,,,,,,,,,,,,,,,,,,,,,,,,,,,"(-17.5, 0.4, 7.2)","(-17.7, 1.3, 7.4)","(-17.7, 0.7, 7.2)",
PLAYER_POSITIONS,152057,6/27/2026 11:56:11 AM,068492a8-9bbc-456b-87fb-dc52c0aec9a7,2.0,,,,,,,,,,,,,,,,,,,,,,,,,,,,,,,,,,,"(-17.5, 0.4, 7.2)","(-17.7, 1.3, 7.4)","(-17.7, 0.7, 7.2)",
AUDIO_START,152538,6/27/2026 11:56:11 AM,068492a8-9bbc-456b-87fb-dc52c0aec9a7,2.0,mortar hits 1,19.77469,
PLAYER_POSITIONS,152560,6/27/2026 11:56:11 AM,068492a8-9bbc-456b-87fb-dc52c0aec9a7,2.0,,,,,,,,,,,,,,,,,,,,,,,,,,,,,,,,,,,"(-17.5, 0.4, 7.1)","(-17.6, 1.3, 7.4)","(-17.6, 0.7, 7.1)",
PLAYER_POSITIONS,152560,6/27/2026 11:56:11 AM,068492a8-9bbc-456b-87fb-dc52c0aec9a7,2.0,,,,,,,,,,,,,,,,,,,,,,,,,,,,,,,,,,,"(-17.5, 0.4, 7.1)","(-17.6, 1.3, 7.4)","(-17.6, 0.7, 7.1)",
PLAYER_POSITIONS,153082,6/27/2026 11:56:12 AM,068492a8-9bbc-456b-87fb-dc52c0aec9a7,2.0,,,,,,,,,,,,,,,,,,,,,,,,,,,,,,,,,,,"(-17.4, 0.4, 7.0)","(-17.5, 1.3, 7.2)","(-17.6, 0.7, 7.0)",
PLAYER_POSITIONS,153082,6/27/2026 11:56:12 AM,068492a8-9bbc-456b-87fb-dc52c0aec9a7,2.0,,,,,,,,,,,,,,,,,,,,,,,,,,,,,,,,,,,"(-17.4, 0.4, 7.0)","(-17.5, 1.3, 7.2)","(-17.6, 0.7, 7.0)",
PLAYER_POSITIONS,153591,6/27/2026 11:56:12 AM,068492a8-9bbc-456b-87fb-dc52c0aec9a7,2.0,,,,,,,,,,,,,,,,,,,,,,,,,,,,,,,,,,,"(-17.3, 0.4, 6.7)","(-17.4, 1.3, 6.8)","(-17.4, 0.7, 6.6)",
PLAYER_POSITIONS,153591,6/27/2026 11:56:12 AM,068492a8-9bbc-456b-87fb-dc52c0aec9a7,2.0,,,,,,,,,,,,,,,,,,,,,,,,,,,,,,,,,,,"(-17.3, 0.4, 6.7)","(-17.4, 1.3, 6.8)","(-17.4, 0.7, 6.6)",
PLAYER_POSITIONS,154100,6/27/2026 11:56:13 AM,068492a8-9bbc-456b-87fb-dc52c0aec9a7,2.0,,,,,,,,,,,,,,,,,,,,,,,,,,,,,,,,,,,"(-17.0, 0.4, 6.1)","(-17.0, 1.3, 6.2)","(-17.0, 0.7, 6.0)",
PLAYER_POSITIONS,154100,6/27/2026 11:56:13 AM,068492a8-9bbc-456b-87fb-dc52c0aec9a7,2.0,,,,,,,,,,,,,,,,,,,,,,,,,,,,,,,,,,,"(-17.0, 0.4, 6.1)","(-17.0, 1.3, 6.2)","(-17.0, 0.7, 6.0)",
PATIENT_ENGAGED,154297,6/27/2026 11:56:13 AM,068492a8-9bbc-456b-87fb-dc52c0aec9a7,2.0,,,,0,,,,,,,,,,,,,,,,normal,100,128,normal,Military PT 13,calm,standing,"(-15.2, 0.0, 5.1)",normal,"(0.0, 0.4, 0.0, -0.9)",normal,MINIMAL,still,,,,,,,,,,,,,,,,,6.91,
PLAYER_POSITIONS,154607,6/27/2026 11:56:13 AM,068492a8-9bbc-456b-87fb-dc52c0aec9a7,2.0,,,,,,,,,,,,,,,,,,,,,,,,,,,,,,,,,,,"(-16.2, 0.3, 5.5)","(-16.3, 1.2, 5.5)","(-16.1, 0.7, 5.3)",
PLAYER_GAZE,154607,6/27/2026 11:56:13 AM,068492a8-9bbc-456b-87fb-dc52c0aec9a7,2.0,,,,,,,,,,,,,,,,,,,,,,,,Military PT 13,,,,,,,,,"(-1.1, 1.2, 0.5)",,,"(-15.2, 0.0, 5.0)",
PLAYER_POSITIONS,154607,6/27/2026 11:56:13 AM,068492a8-9bbc-456b-87fb-dc52c0aec9a7,2.0,,,,,,,,,,,,,,,,,,,,,,,,,,,,,,,,,,,"(-16.2, 0.3, 5.5)","(-16.3, 1.2, 5.5)","(-16.1, 0.7, 5.3)",
PLAYER_GAZE,154607,6/27/2026 11:56:13 AM,068492a8-9bbc-456b-87fb-dc52c0aec9a7,2.0,,,,,,,,,,,,,,,,,,,,,,,,Military PT 13,,,,,,,,,"(-1.1, 1.2, 0.5)",,,"(-15.2, 0.0, 5.0)",
PLAYER_POSITIONS,155135,6/27/2026 11:56:14 AM,068492a8-9bbc-456b-87fb-dc52c0aec9a7,2.0,,,,,,,,,,,,,,,,,,,,,,,,,,,,,,,,,,,"(-15.9, 0.4, 5.1)","(-16.1, 1.2, 5.0)","(-15.8, 0.8, 4.8)",
PLAYER_GAZE,155135,6/27/2026 11:56:14 AM,068492a8-9bbc-456b-87fb-dc52c0aec9a7,2.0,,,,,,,,,,,,,,,,,,,,,,,,Civilian PT 14,,,,,,,,,"(-2.0, 1.2, 1.4)",,,"(-14.1, 0.0, 3.6)",
PLAYER_POSITIONS,155135,6/27/2026 11:56:14 AM,068492a8-9bbc-456b-87fb-dc52c0aec9a7,2.0,,,,,,,,,,,,,,,,,,,,,,,,,,,,,,,,,,,"(-15.9, 0.4, 5.1)","(-16.1, 1.2, 5.0)","(-15.8, 0.8, 4.8)",
PLAYER_GAZE,155135,6/27/2026 11:56:14 AM,068492a8-9bbc-456b-87fb-dc52c0aec9a7,2.0,,,,,,,,,,,,,,,,,,,,,,,,Civilian PT 14,,,,,,,,,"(-2.0, 1.2, 1.4)",,,"(-14.1, 0.0, 3.6)",
TELEPORT,155255,6/27/2026 11:56:14 AM,068492a8-9bbc-456b-87fb-dc52c0aec9a7,2.0,,,,,,,,,,,,,,,,,,,,,,,,,,,,,,,,,,,,"(-16.1, 1.2, 5.0)",,,,,,,"(-16.1, 1.2, 5.0)",
PLAYER_POSITIONS,155633,6/27/2026 11:56:15 AM,068492a8-9bbc-456b-87fb-dc52c0aec9a7,2.0,,,,,,,,,,,,,,,,,,,,,,,,,,,,,,,,,,,"(-15.8, 1.6, 4.8)","(-15.8, 1.2, 5.0)","(-15.7, 1.9, 4.6)",
PLAYER_POSITIONS,155633,6/27/2026 11:56:15 AM,068492a8-9bbc-456b-87fb-dc52c0aec9a7,2.0,,,,,,,,,,,,,,,,,,,,,,,,,,,,,,,,,,,"(-15.8, 1.6, 4.8)","(-15.8, 1.2, 5.0)","(-15.7, 1.9, 4.6)",
PATIENT_DISENGAGED,155653,6/27/2026 11:56:15 AM,068492a8-9bbc-456b-87fb-dc52c0aec9a7,2.0,,,,1.35,,,,,,,,,,,,,,,,normal,100,128,normal,Military PT 13,calm,standing,"(-15.2, 0.0, 5.1)",normal,"(0.0, 0.7, 0.0, -0.8)",normal,MINIMAL,still,,,,,,,,,,,,,,,,,8.26,
TELEPORT,155864,6/27/2026 11:56:15 AM,068492a8-9bbc-456b-87fb-dc52c0aec9a7,2.0,,,,,,,,,,,,,,,,,,,,,,,,,,,,,,,,,,,,"(-15.8, 1.2, 5.0)",,,,,,,"(-9.5, 1.1, 2.8)",
PLAYER_POSITIONS,156140,6/27/2026 11:56:15 AM,068492a8-9bbc-456b-87fb-dc52c0aec9a7,2.0,,,,,,,,,,,,,,,,,,,,,,,,,,,,,,,,,,,"(-9.0, 0.3, 2.9)","(-9.2, 1.1, 2.8)","(-9.0, 0.6, 2.6)",
PLAYER_POSITIONS,156140,6/27/2026 11:56:15 AM,068492a8-9bbc-456b-87fb-dc52c0aec9a7,2.0,,,,,,,,,,,,,,,,,,,,,,,,,,,,,,,,,,,"(-9.0, 0.3, 2.9)","(-9.2, 1.1, 2.8)","(-9.0, 0.6, 2.6)",
PLAYER_POSITIONS,156661,6/27/2026 11:56:16 AM,068492a8-9bbc-456b-87fb-dc52c0aec9a7,2.0,,,,,,,,,,,,,,,,,,,,,,,,,,,,,,,,,,,"(-8.0, 0.2, 2.8)","(-8.1, 1.1, 2.7)","(-8.2, 0.5, 2.5)",
PLAYER_GAZE,156661,6/27/2026 11:56:16 AM,068492a8-9bbc-456b-87fb-dc52c0aec9a7,2.0,,,,,,,,,,,,,,,,,,,,,,,,Military PT 1,,,,,,,,,"(-1.3, 1.1, 0.6)",,,"(-6.8, 0.0, 2.1)",
PLAYER_POSITIONS,156661,6/27/2026 11:56:16 AM,068492a8-9bbc-456b-87fb-dc52c0aec9a7,2.0,,,,,,,,,,,,,,,,,,,,,,,,,,,,,,,,,,,"(-8.0, 0.2, 2.8)","(-8.1, 1.1, 2.7)","(-8.2, 0.5, 2.5)",
PLAYER_GAZE,156661,6/27/2026 11:56:16 AM,068492a8-9bbc-456b-87fb-dc52c0aec9a7,2.0,,,,,,,,,,,,,,,,,,,,,,,,Military PT 1,,,,,,,,,"(-1.3, 1.1, 0.6)",,,"(-6.8, 0.0, 2.1)",
PLAYER_POSITIONS,157162,6/27/2026 11:56:16 AM,068492a8-9bbc-456b-87fb-dc52c0aec9a7,2.0,,,,,,,,,,,,,,,,,,,,,,,,,,,,,,,,,,,"(-7.2, 0.2, 3.0)","(-7.2, 1.0, 2.9)","(-7.5, 0.5, 2.6)",
PLAYER_POSITIONS,157162,6/27/2026 11:56:16 AM,068492a8-9bbc-456b-87fb-dc52c0aec9a7,2.0,,,,,,,,,,,,,,,,,,,,,,,,,,,,,,,,,,,"(-7.2, 0.2, 3.0)","(-7.2, 1.0, 2.9)","(-7.5, 0.5, 2.6)",
PLAYER_POSITIONS,157678,6/27/2026 11:56:17 AM,068492a8-9bbc-456b-87fb-dc52c0aec9a7,2.0,,,,,,,,,,,,,,,,,,,,,,,,,,,,,,,,,,,"(-6.5, 0.2, 3.0)","(-6.7, 1.0, 2.8)","(-6.9, 0.5, 2.7)",
PLAYER_POSITIONS,157678,6/27/2026 11:56:17 AM,068492a8-9bbc-456b-87fb-dc52c0aec9a7,2.0,,,,,,,,,,,,,,,,,,,,,,,,,,,,,,,,,,,"(-6.5, 0.2, 3.0)","(-6.7, 1.0, 2.8)","(-6.9, 0.5, 2.7)",
PATIENT_ENGAGED,158064,6/27/2026 11:56:17 AM,068492a8-9bbc-456b-87fb-dc52c0aec9a7,2.0,,,,0,,,,,,,,,,,,,,,,collapsedRight,100,Infinity,normal,Military PT 1,unresponsive,supine,"(-6.8, -0.1, 2.1)",faint,"(0.0, 0.3, 0.0, 1.0)",normal,IMMEDIATE,still,,,,,,,,,,,,,,,,,1.58,
PLAYER_POSITIONS,158200,6/27/2026 11:56:17 AM,068492a8-9bbc-456b-87fb-dc52c0aec9a7,2.0,,,,,,,,,,,,,,,,,,,,,,,,,,,,,,,,,,,"(-6.0, 0.2, 2.6)","(-6.3, 1.0, 2.5)","(-6.5, 0.5, 2.4)",
PLAYER_POSITIONS,158200,6/27/2026 11:56:17 AM,068492a8-9bbc-456b-87fb-dc52c0aec9a7,2.0,,,,,,,,,,,,,,,,,,,,,,,,,,,,,,,,,,,"(-6.0, 0.2, 2.6)","(-6.3, 1.0, 2.5)","(-6.5, 0.5, 2.4)",
PLAYER_POSITIONS,158701,6/27/2026 11:56:18 AM,068492a8-9bbc-456b-87fb-dc52c0aec9a7,2.0,,,,,,,,,,,,,,,,,,,,,,,,,,,,,,,,,,,"(-6.0, 0.3, 2.5)","(-6.1, 1.0, 2.5)","(-6.4, 0.6, 2.5)",
PLAYER_POSITIONS,158701,6/27/2026 11:56:18 AM,068492a8-9bbc-456b-87fb-dc52c0aec9a7,2.0,,,,,,,,,,,,,,,,,,,,,,,,,,,,,,,,,,,"(-6.0, 0.3, 2.5)","(-6.1, 1.0, 2.5)","(-6.4, 0.6, 2.5)",
PLAYER_POSITIONS,159211,6/27/2026 11:56:18 AM,068492a8-9bbc-456b-87fb-dc52c0aec9a7,2.0,,,,,,,,,,,,,,,,,,,,,,,,,,,,,,,,,,,"(-6.2, 0.3, 2.6)","(-6.2, 0.8, 2.5)","(-6.3, 0.4, 2.3)",
PLAYER_POSITIONS,159211,6/27/2026 11:56:18 AM,068492a8-9bbc-456b-87fb-dc52c0aec9a7,2.0,,,,,,,,,,,,,,,,,,,,,,,,,,,,,,,,,,,"(-6.2, 0.3, 2.6)","(-6.2, 0.8, 2.5)","(-6.3, 0.4, 2.3)",
PLAYER_POSITIONS,159712,6/27/2026 11:56:19 AM,068492a8-9bbc-456b-87fb-dc52c0aec9a7,2.0,,,,,,,,,,,,,,,,,,,,,,,,,,,,,,,,,,,"(-6.3, 0.2, 2.7)","(-6.2, 0.7, 2.5)","(-6.1, 0.2, 2.3)",
PLAYER_POSITIONS,159712,6/27/2026 11:56:19 AM,068492a8-9bbc-456b-87fb-dc52c0aec9a7,2.0,,,,,,,,,,,,,,,,,,,,,,,,,,,,,,,,,,,"(-6.3, 0.2, 2.7)","(-6.2, 0.7, 2.5)","(-6.1, 0.2, 2.3)",
TOOL_HOVER,160211,6/27/2026 11:56:19 AM,068492a8-9bbc-456b-87fb-dc52c0aec9a7,2.0,,,,,,,,,,,,,,,,,,,,,,,,,,,,,,,,,,,,,,,,,,,,,,997,,Tourniquet,
PLAYER_POSITIONS,160213,6/27/2026 11:56:19 AM,068492a8-9bbc-456b-87fb-dc52c0aec9a7,2.0,,,,,,,,,,,,,,,,,,,,,,,,,,,,,,,,,,,"(-6.3, 0.2, 2.7)","(-6.1, 0.8, 2.5)","(-5.9, 0.5, 2.3)",
PLAYER_POSITIONS,160213,6/27/2026 11:56:19 AM,068492a8-9bbc-456b-87fb-dc52c0aec9a7,2.0,,,,,,,,,,,,,,,,,,,,,,,,,,,,,,,,,,,"(-6.3, 0.2, 2.7)","(-6.1, 0.8, 2.5)","(-5.9, 0.5, 2.3)",
TOOL_HOVER,160323,6/27/2026 11:56:19 AM,068492a8-9bbc-456b-87fb-dc52c0aec9a7,2.0,,,,,,,,,,,,,,,,,,,,,,,,,,,,,,,,,,,,,,,,,,,,,,999,,Hemostatic Gauze,
TOOL_HOVER,160434,6/27/2026 11:56:19 AM,068492a8-9bbc-456b-87fb-dc52c0aec9a7,2.0,,,,,,,,,,,,,,,,,,,,,,,,,,,,,,,,,,,,,,,,,,,,,,999,,SAM Splint,
TOOL_HOVER,160714,6/27/2026 11:56:20 AM,068492a8-9bbc-456b-87fb-dc52c0aec9a7,2.0,,,,,,,,,,,,,,,,,,,,,,,,,,,,,,,,,,,,,,,,,,,,,,999,,Hemostatic Gauze,
PLAYER_POSITIONS,160716,6/27/2026 11:56:20 AM,068492a8-9bbc-456b-87fb-dc52c0aec9a7,2.0,,,,,,,,,,,,,,,,,,,,,,,,,,,,,,,,,,,"(-6.3, 0.2, 2.7)","(-6.0, 0.8, 2.5)","(-5.8, 0.5, 2.3)",
PLAYER_POSITIONS,160716,6/27/2026 11:56:20 AM,068492a8-9bbc-456b-87fb-dc52c0aec9a7,2.0,,,,,,,,,,,,,,,,,,,,,,,,,,,,,,,,,,,"(-6.3, 0.2, 2.7)","(-6.0, 0.8, 2.5)","(-5.8, 0.5, 2.3)",
TOOL_SELECTED,160737,6/27/2026 11:56:20 AM,068492a8-9bbc-456b-87fb-dc52c0aec9a7,2.0,,,,,,,,,,,,,,,,,,,,,,,,,,,,,,,,,,,,,,,,,,,,,,998,,Hemostatic Gauze,
VOICE_CAPTURE,160984,6/27/2026 11:56:20 AM,068492a8-9bbc-456b-87fb-dc52c0aec9a7,2.0,,,,,,,,,,,,,,,,,,,,,,,,,,,,,,,,,,,,,,,,,,,,,,,,,,,NA,Thank you.,
PLAYER_POSITIONS,161231,6/27/2026 11:56:20 AM,068492a8-9bbc-456b-87fb-dc52c0aec9a7,2.0,,,,,,,,,,,,,,,,,,,,,,,,,,,,,,,,,,,"(-6.3, 0.2, 2.7)","(-6.1, 0.8, 2.5)","(-5.8, 0.5, 2.3)",
PLAYER_POSITIONS,161231,6/27/2026 11:56:20 AM,068492a8-9bbc-456b-87fb-dc52c0aec9a7,2.0,,,,,,,,,,,,,,,,,,,,,,,,,,,,,,,,,,,"(-6.3, 0.2, 2.7)","(-6.1, 0.8, 2.5)","(-5.8, 0.5, 2.3)",
VOICE_CAPTURE,161505,6/27/2026 11:56:20 AM,068492a8-9bbc-456b-87fb-dc52c0aec9a7,2.0,,,,,,,,,,,,,,,,,,,,,,,,,,,,,,,,,,,,,,,,,,,,,,,,,,,NA,Thank you.,
VOICE_CAPTURE,161505,6/27/2026 11:56:20 AM,068492a8-9bbc-456b-87fb-dc52c0aec9a7,2.0,,,,,,,,,,,,,,,,,,,,,,,,,,,,,,,,,,,,,,,,,,,,,,,,,,,NA,Thank you.,
PLAYER_POSITIONS,161748,6/27/2026 11:56:21 AM,068492a8-9bbc-456b-87fb-dc52c0aec9a7,2.0,,,,,,,,,,,,,,,,,,,,,,,,,,,,,,,,,,,"(-6.3, 0.2, 2.7)","(-6.3, 0.7, 2.5)","(-6.6, 0.1, 2.5)",
PLAYER_POSITIONS,161748,6/27/2026 11:56:21 AM,068492a8-9bbc-456b-87fb-dc52c0aec9a7,2.0,,,,,,,,,,,,,,,,,,,,,,,,,,,,,,,,,,,"(-6.3, 0.2, 2.7)","(-6.3, 0.7, 2.5)","(-6.6, 0.1, 2.5)",
PLAYER_POSITIONS,162251,6/27/2026 11:56:21 AM,068492a8-9bbc-456b-87fb-dc52c0aec9a7,2.0,,,,,,,,,,,,,,,,,,,,,,,,,,,,,,,,,,,"(-6.2, 0.2, 2.7)","(-6.3, 0.6, 2.5)","(-6.6, 0.0, 2.4)",
PLAYER_POSITIONS,162251,6/27/2026 11:56:21 AM,068492a8-9bbc-456b-87fb-dc52c0aec9a7,2.0,,,,,,,,,,,,,,,,,,,,,,,,,,,,,,,,,,,"(-6.2, 0.2, 2.7)","(-6.3, 0.6, 2.5)","(-6.6, 0.0, 2.4)",
INJURY_TREATED,162430,6/27/2026 11:56:21 AM,068492a8-9bbc-456b-87fb-dc52c0aec9a7,2.0,,,,,,,,,rightCalf,R Calf Laceration,"(-6.6, -0.1, 2.4)",israeliWrap,1,0,low,False,False,,,,,,,Military PT 1,
TOOL_APPLIED,162430,6/27/2026 11:56:21 AM,068492a8-9bbc-456b-87fb-dc52c0aec9a7,2.0,,,,,,,,,,,,,,,,,,,,,,,,Military PT 1,,,,,,,,,,,,,,,,,,,,AppliedPackingGauze,skinCollider_BodyCollideLOD (UnityEngine.GameObject),,Gauze Pack(Clone) (UnityEngine.GameObject),Hemostatic Gauze,
PLAYER_POSITIONS,162772,6/27/2026 11:56:22 AM,068492a8-9bbc-456b-87fb-dc52c0aec9a7,2.0,,,,,,,,,,,,,,,,,,,,,,,,,,,,,,,,,,,"(-6.3, 0.2, 2.7)","(-6.3, 0.6, 2.5)","(-6.6, 0.0, 2.4)",
PLAYER_POSITIONS,162772,6/27/2026 11:56:22 AM,068492a8-9bbc-456b-87fb-dc52c0aec9a7,2.0,,,,,,,,,,,,,,,,,,,,,,,,,,,,,,,,,,,"(-6.3, 0.2, 2.7)","(-6.3, 0.6, 2.5)","(-6.6, 0.0, 2.4)",
PLAYER_POSITIONS,163274,6/27/2026 11:56:22 AM,068492a8-9bbc-456b-87fb-dc52c0aec9a7,2.0,,,,,,,,,,,,,,,,,,,,,,,,,,,,,,,,,,,"(-6.3, 0.2, 2.7)","(-6.2, 0.7, 2.6)","(-6.2, 0.3, 2.5)",
PLAYER_POSITIONS,163274,6/27/2026 11:56:22 AM,068492a8-9bbc-456b-87fb-dc52c0aec9a7,2.0,,,,,,,,,,,,,,,,,,,,,,,,,,,,,,,,,,,"(-6.3, 0.2, 2.7)","(-6.2, 0.7, 2.6)","(-6.2, 0.3, 2.5)",
PLAYER_POSITIONS,163774,6/27/2026 11:56:23 AM,068492a8-9bbc-456b-87fb-dc52c0aec9a7,2.0,,,,,,,,,,,,,,,,,,,,,,,,,,,,,,,,,,,"(-6.3, 0.2, 2.7)","(-6.2, 0.7, 2.6)","(-6.2, 0.3, 2.5)",
PLAYER_POSITIONS,163774,6/27/2026 11:56:23 AM,068492a8-9bbc-456b-87fb-dc52c0aec9a7,2.0,,,,,,,,,,,,,,,,,,,,,,,,,,,,,,,,,,,"(-6.3, 0.2, 2.7)","(-6.2, 0.7, 2.6)","(-6.2, 0.3, 2.5)",
BAG_CLOSED,163816,6/27/2026 11:56:23 AM,068492a8-9bbc-456b-87fb-dc52c0aec9a7,2.0,,,,,,,,,,,,,,,,,,,,,,,,,,,,,,,,,,,,"(0.0, 0.0, 0.0)",
PLAYER_POSITIONS,164294,6/27/2026 11:56:23 AM,068492a8-9bbc-456b-87fb-dc52c0aec9a7,2.0,,,,,,,,,,,,,,,,,,,,,,,,,,,,,,,,,,,"(-6.2, 0.2, 2.7)","(-6.1, 0.8, 2.6)","(-6.0, 0.4, 2.4)",
PLAYER_POSITIONS,164294,6/27/2026 11:56:23 AM,068492a8-9bbc-456b-87fb-dc52c0aec9a7,2.0,,,,,,,,,,,,,,,,,,,,,,,,,,,,,,,,,,,"(-6.2, 0.2, 2.7)","(-6.1, 0.8, 2.6)","(-6.0, 0.4, 2.4)",
PLAYER_POSITIONS,164808,6/27/2026 11:56:24 AM,068492a8-9bbc-456b-87fb-dc52c0aec9a7,2.0,,,,,,,,,,,,,,,,,,,,,,,,,,,,,,,,,,,"(-6.2, 0.2, 2.4)","(-6.1, 0.8, 2.3)","(-6.3, 0.5, 2.2)",
PLAYER_POSITIONS,164808,6/27/2026 11:56:24 AM,068492a8-9bbc-456b-87fb-dc52c0aec9a7,2.0,,,,,,,,,,,,,,,,,,,,,,,,,,,,,,,,,,,"(-6.2, 0.2, 2.4)","(-6.1, 0.8, 2.3)","(-6.3, 0.5, 2.2)",
PLAYER_POSITIONS,165322,6/27/2026 11:56:24 AM,068492a8-9bbc-456b-87fb-dc52c0aec9a7,2.0,,,,,,,,,,,,,,,,,,,,,,,,,,,,,,,,,,,"(-6.2, 0.2, 2.4)","(-6.1, 0.8, 2.3)","(-6.1, 0.4, 2.0)",
PLAYER_POSITIONS,165322,6/27/2026 11:56:24 AM,068492a8-9bbc-456b-87fb-dc52c0aec9a7,2.0,,,,,,,,,,,,,,,,,,,,,,,,,,,,,,,,,,,"(-6.2, 0.2, 2.4)","(-6.1, 0.8, 2.3)","(-6.1, 0.4, 2.0)",
EVAC_RADIO_ALERT,165495,6/27/2026 11:56:24 AM,068492a8-9bbc-456b-87fb-dc52c0aec9a7,2.0,,,,,,,,1,
AUDIO_START,165501,6/27/2026 11:56:24 AM,068492a8-9bbc-456b-87fb-dc52c0aec9a7,2.0,evac in 8 minutes,4.127347,
TAG_SELECTED,165794,6/27/2026 11:56:25 AM,068492a8-9bbc-456b-87fb-dc52c0aec9a7,2.0,,,,,,,,,,,,,,,,,,,,,,,,,,,,,,,,,,,,,,,,,,yellow,
PLAYER_POSITIONS,165841,6/27/2026 11:56:25 AM,068492a8-9bbc-456b-87fb-dc52c0aec9a7,2.0,,,,,,,,,,,,,,,,,,,,,,,,,,,,,,,,,,,"(-6.2, 0.2, 2.4)","(-6.0, 0.8, 2.3)","(-5.9, 0.4, 2.2)",
PLAYER_POSITIONS,165841,6/27/2026 11:56:25 AM,068492a8-9bbc-456b-87fb-dc52c0aec9a7,2.0,,,,,,,,,,,,,,,,,,,,,,,,,,,,,,,,,,,"(-6.2, 0.2, 2.4)","(-6.0, 0.8, 2.3)","(-5.9, 0.4, 2.2)",
TAG_DISCARDED,166359,6/27/2026 11:56:25 AM,068492a8-9bbc-456b-87fb-dc52c0aec9a7,2.0,,,,,,,,,,,,,,,,,,,,,,,,,,,,,,,,,,,,"(-6.0, 0.4, 2.2)",,,,,,yellow,
PLAYER_POSITIONS,166362,6/27/2026 11:56:25 AM,068492a8-9bbc-456b-87fb-dc52c0aec9a7,2.0,,,,,,,,,,,,,,,,,,,,,,,,,,,,,,,,,,,"(-6.2, 0.2, 2.4)","(-6.1, 0.8, 2.4)","(-5.9, 0.4, 2.2)",
PLAYER_POSITIONS,166362,6/27/2026 11:56:25 AM,068492a8-9bbc-456b-87fb-dc52c0aec9a7,2.0,,,,,,,,,,,,,,,,,,,,,,,,,,,,,,,,,,,"(-6.2, 0.2, 2.4)","(-6.1, 0.8, 2.4)","(-5.9, 0.4, 2.2)",
TOOL_HOVER,166525,6/27/2026 11:56:25 AM,068492a8-9bbc-456b-87fb-dc52c0aec9a7,2.0,,,,,,,,,,,,,,,,,,,,,,,,,,,,,,,,,,,,,,,,,,,,,,997,,Tourniquet,
TOOL_SELECTED,166637,6/27/2026 11:56:26 AM,068492a8-9bbc-456b-87fb-dc52c0aec9a7,2.0,,,,,,,,,,,,,,,,,,,,,,,,,,,,,,,,,,,,,,,,,,,,,,996,,Tourniquet,
PLAYER_POSITIONS,166862,6/27/2026 11:56:26 AM,068492a8-9bbc-456b-87fb-dc52c0aec9a7,2.0,,,,,,,,,,,,,,,,,,,,,,,,,,,,,,,,,,,"(-6.2, 0.2, 2.4)","(-6.1, 0.8, 2.4)","(-5.9, 0.4, 2.1)",
PLAYER_POSITIONS,166862,6/27/2026 11:56:26 AM,068492a8-9bbc-456b-87fb-dc52c0aec9a7,2.0,,,,,,,,,,,,,,,,,,,,,,,,,,,,,,,,,,,"(-6.2, 0.2, 2.4)","(-6.1, 0.8, 2.4)","(-5.9, 0.4, 2.1)",
BAG_CLOSED,167003,6/27/2026 11:56:26 AM,068492a8-9bbc-456b-87fb-dc52c0aec9a7,2.0,,,,,,,,,,,,,,,,,,,,,,,,,,,,,,,,,,,,"(0.0, 0.0, 0.0)",
PLAYER_POSITIONS,167365,6/27/2026 11:56:26 AM,068492a8-9bbc-456b-87fb-dc52c0aec9a7,2.0,,,,,,,,,,,,,,,,,,,,,,,,,,,,,,,,,,,"(-6.3, 0.2, 2.3)","(-6.3, 0.7, 2.2)","(-6.6, 0.1, 2.1)",
PLAYER_GAZE,167365,6/27/2026 11:56:26 AM,068492a8-9bbc-456b-87fb-dc52c0aec9a7,2.0,,,,,,,,,,,,,,,,,,,,,,,,Military PT 1,,,,,,,,,"(0.5, 0.7, 0.2)",,,"(-6.8, 0.0, 2.1)",
PLAYER_POSITIONS,167365,6/27/2026 11:56:26 AM,068492a8-9bbc-456b-87fb-dc52c0aec9a7,2.0,,,,,,,,,,,,,,,,,,,,,,,,,,,,,,,,,,,"(-6.3, 0.2, 2.3)","(-6.3, 0.7, 2.2)","(-6.6, 0.1, 2.1)",
PLAYER_GAZE,167365,6/27/2026 11:56:26 AM,068492a8-9bbc-456b-87fb-dc52c0aec9a7,2.0,,,,,,,,,,,,,,,,,,,,,,,,Military PT 1,,,,,,,,,"(0.5, 0.7, 0.2)",,,"(-6.8, 0.0, 2.1)",
INJURY_TREATED,167455,6/27/2026 11:56:26 AM,068492a8-9bbc-456b-87fb-dc52c0aec9a7,2.0,,,,,,,,,rightCalf,R Calf Laceration,"(-6.6, -0.1, 2.4)",israeliWrap,1,0,low,True,True,,,,,,,Military PT 1,
TOOL_APPLIED,167455,6/27/2026 11:56:26 AM,068492a8-9bbc-456b-87fb-dc52c0aec9a7,2.0,,,,,,,,,,,,,,,,,,,,,,,,Military PT 1,,,,,,,,,,,,,,,,,,,,AppliedTourniquet,RightUpLeg (UnityEngine.GameObject),,Tourniquet(Clone) (UnityEngine.GameObject),Tourniquet,
PLAYER_POSITIONS,167870,6/27/2026 11:56:27 AM,068492a8-9bbc-456b-87fb-dc52c0aec9a7,2.0,,,,,,,,,,,,,,,,,,,,,,,,,,,,,,,,,,,"(-6.3, 0.2, 2.3)","(-6.3, 0.8, 2.2)","(-6.6, 0.2, 2.1)",
PLAYER_POSITIONS,167870,6/27/2026 11:56:27 AM,068492a8-9bbc-456b-87fb-dc52c0aec9a7,2.0,,,,,,,,,,,,,,,,,,,,,,,,,,,,,,,,,,,"(-6.3, 0.2, 2.3)","(-6.3, 0.8, 2.2)","(-6.6, 0.2, 2.1)",
PLAYER_POSITIONS,168366,6/27/2026 11:56:27 AM,068492a8-9bbc-456b-87fb-dc52c0aec9a7,2.0,,,,,,,,,,,,,,,,,,,,,,,,,,,,,,,,,,,"(-6.3, 0.2, 2.3)","(-6.2, 0.8, 2.3)","(-6.5, 0.5, 2.2)",
PLAYER_POSITIONS,168366,6/27/2026 11:56:27 AM,068492a8-9bbc-456b-87fb-dc52c0aec9a7,2.0,,,,,,,,,,,,,,,,,,,,,,,,,,,,,,,,,,,"(-6.3, 0.2, 2.3)","(-6.2, 0.8, 2.3)","(-6.5, 0.5, 2.2)",
PLAYER_POSITIONS,168877,6/27/2026 11:56:28 AM,068492a8-9bbc-456b-87fb-dc52c0aec9a7,2.0,,,,,,,,,,,,,,,,,,,,,,,,,,,,,,,,,,,"(-6.3, 0.2, 2.2)","(-6.2, 0.8, 2.2)","(-6.1, 0.3, 1.8)",
PLAYER_POSITIONS,168877,6/27/2026 11:56:28 AM,068492a8-9bbc-456b-87fb-dc52c0aec9a7,2.0,,,,,,,,,,,,,,,,,,,,,,,,,,,,,,,,,,,"(-6.3, 0.2, 2.2)","(-6.2, 0.8, 2.2)","(-6.1, 0.3, 1.8)",
BAG_CLOSED,168896,6/27/2026 11:56:28 AM,068492a8-9bbc-456b-87fb-dc52c0aec9a7,2.0,,,,,,,,,,,,,,,,,,,,,,,,,,,,,,,,,,,,"(0.0, 0.0, 0.0)",
PLAYER_POSITIONS,169387,6/27/2026 11:56:28 AM,068492a8-9bbc-456b-87fb-dc52c0aec9a7,2.0,,,,,,,,,,,,,,,,,,,,,,,,,,,,,,,,,,,"(-6.3, 0.2, 2.1)","(-6.2, 0.8, 2.0)","(-6.5, 0.5, 1.9)",
PLAYER_POSITIONS,169387,6/27/2026 11:56:28 AM,068492a8-9bbc-456b-87fb-dc52c0aec9a7,2.0,,,,,,,,,,,,,,,,,,,,,,,,,,,,,,,,,,,"(-6.3, 0.2, 2.1)","(-6.2, 0.8, 2.0)","(-6.5, 0.5, 1.9)",
AUDIO_END,169643,6/27/2026 11:56:29 AM,068492a8-9bbc-456b-87fb-dc52c0aec9a7,2.0,evac in 8 minutes,4.127347,
PLAYER_POSITIONS,169889,6/27/2026 11:56:29 AM,068492a8-9bbc-456b-87fb-dc52c0aec9a7,2.0,,,,,,,,,,,,,,,,,,,,,,,,,,,,,,,,,,,"(-6.3, 0.2, 2.1)","(-6.3, 0.8, 2.1)","(-6.2, 0.5, 1.8)",
PLAYER_POSITIONS,169889,6/27/2026 11:56:29 AM,068492a8-9bbc-456b-87fb-dc52c0aec9a7,2.0,,,,,,,,,,,,,,,,,,,,,,,,,,,,,,,,,,,"(-6.3, 0.2, 2.1)","(-6.3, 0.8, 2.1)","(-6.2, 0.5, 1.8)",
PLAYER_POSITIONS,170403,6/27/2026 11:56:29 AM,068492a8-9bbc-456b-87fb-dc52c0aec9a7,2.0,,,,,,,,,,,,,,,,,,,,,,,,,,,,,,,,,,,"(-6.3, 0.2, 2.1)","(-6.3, 0.8, 2.0)","(-6.2, 0.3, 1.9)",
PLAYER_POSITIONS,170403,6/27/2026 11:56:29 AM,068492a8-9bbc-456b-87fb-dc52c0aec9a7,2.0,,,,,,,,,,,,,,,,,,,,,,,,,,,,,,,,,,,"(-6.3, 0.2, 2.1)","(-6.3, 0.8, 2.0)","(-6.2, 0.3, 1.9)",
PLAYER_POSITIONS,170923,6/27/2026 11:56:30 AM,068492a8-9bbc-456b-87fb-dc52c0aec9a7,2.0,,,,,,,,,,,,,,,,,,,,,,,,,,,,,,,,,,,"(-6.3, 0.2, 2.0)","(-6.4, 0.7, 2.1)","(-6.6, 0.3, 2.3)",
PLAYER_POSITIONS,170923,6/27/2026 11:56:30 AM,068492a8-9bbc-456b-87fb-dc52c0aec9a7,2.0,,,,,,,,,,,,,,,,,,,,,,,,,,,,,,,,,,,"(-6.3, 0.2, 2.0)","(-6.4, 0.7, 2.1)","(-6.6, 0.3, 2.3)",
PLAYER_POSITIONS,171449,6/27/2026 11:56:30 AM,068492a8-9bbc-456b-87fb-dc52c0aec9a7,2.0,,,,,,,,,,,,,,,,,,,,,,,,,,,,,,,,,,,"(-6.3, 0.3, 2.0)","(-6.3, 0.8, 2.0)","(-6.2, 0.4, 1.8)",
PLAYER_POSITIONS,171449,6/27/2026 11:56:30 AM,068492a8-9bbc-456b-87fb-dc52c0aec9a7,2.0,,,,,,,,,,,,,,,,,,,,,,,,,,,,,,,,,,,"(-6.3, 0.3, 2.0)","(-6.3, 0.8, 2.0)","(-6.2, 0.4, 1.8)",
PLAYER_POSITIONS,171992,6/27/2026 11:56:31 AM,068492a8-9bbc-456b-87fb-dc52c0aec9a7,2.0,,,,,,,,,,,,,,,,,,,,,,,,,,,,,,,,,,,"(-6.2, 0.3, 2.0)","(-6.2, 0.8, 2.0)","(-6.3, 0.4, 1.8)",
PLAYER_POSITIONS,171992,6/27/2026 11:56:31 AM,068492a8-9bbc-456b-87fb-dc52c0aec9a7,2.0,,,,,,,,,,,,,,,,,,,,,,,,,,,,,,,,,,,"(-6.2, 0.3, 2.0)","(-6.2, 0.8, 2.0)","(-6.3, 0.4, 1.8)",
AUDIO_END,172291,6/27/2026 11:56:31 AM,068492a8-9bbc-456b-87fb-dc52c0aec9a7,2.0,mortar hits 1,19.77469,
NARRATIVE_SECTION_END,172291,6/27/2026 11:56:31 AM,068492a8-9bbc-456b-87fb-dc52c0aec9a7,2.0,,,,,,,,,,,,,,,,,,Mortar hits,18,
NARRATIVE_SECTION_START,172306,6/27/2026 11:56:31 AM,068492a8-9bbc-456b-87fb-dc52c0aec9a7,2.0,,,,,,,,,,,,,,,,,,RPG get down,19,
BAG_CLOSED,172374,6/27/2026 11:56:31 AM,068492a8-9bbc-456b-87fb-dc52c0aec9a7,2.0,,,,,,,,,,,,,,,,,,,,,,,,,,,,,,,,,,,,"(0.0, 0.0, 0.0)",
PLAYER_POSITIONS,172520,6/27/2026 11:56:31 AM,068492a8-9bbc-456b-87fb-dc52c0aec9a7,2.0,,,,,,,,,,,,,,,,,,,,,,,,,,,,,,,,,,,"(-6.3, 0.3, 1.9)","(-6.3, 0.8, 1.9)","(-6.4, 0.4, 1.7)",
PLAYER_POSITIONS,172520,6/27/2026 11:56:31 AM,068492a8-9bbc-456b-87fb-dc52c0aec9a7,2.0,,,,,,,,,,,,,,,,,,,,,,,,,,,,,,,,,,,"(-6.3, 0.3, 1.9)","(-6.3, 0.8, 1.9)","(-6.4, 0.4, 1.7)",
PLAYER_POSITIONS,173034,6/27/2026 11:56:32 AM,068492a8-9bbc-456b-87fb-dc52c0aec9a7,2.0,,,,,,,,,,,,,,,,,,,,,,,,,,,,,,,,,,,"(-6.2, 0.3, 1.6)","(-6.2, 0.8, 1.6)","(-6.5, 0.5, 1.6)",
PLAYER_POSITIONS,173034,6/27/2026 11:56:32 AM,068492a8-9bbc-456b-87fb-dc52c0aec9a7,2.0,,,,,,,,,,,,,,,,,,,,,,,,,,,,,,,,,,,"(-6.2, 0.3, 1.6)","(-6.2, 0.8, 1.6)","(-6.5, 0.5, 1.6)",
PLAYER_POSITIONS,173544,6/27/2026 11:56:32 AM,068492a8-9bbc-456b-87fb-dc52c0aec9a7,2.0,,,,,,,,,,,,,,,,,,,,,,,,,,,,,,,,,,,"(-6.0, 0.3, 1.4)","(-6.1, 0.8, 1.4)","(-6.0, 0.4, 1.1)",
PLAYER_POSITIONS,173544,6/27/2026 11:56:32 AM,068492a8-9bbc-456b-87fb-dc52c0aec9a7,2.0,,,,,,,,,,,,,,,,,,,,,,,,,,,,,,,,,,,"(-6.0, 0.3, 1.4)","(-6.1, 0.8, 1.4)","(-6.0, 0.4, 1.1)",
BAG_CLOSED,173896,6/27/2026 11:56:33 AM,068492a8-9bbc-456b-87fb-dc52c0aec9a7,2.0,,,,,,,,,,,,,,,,,,,,,,,,,,,,,,,,,,,,"(0.0, 0.0, 0.0)",
PLAYER_POSITIONS,174055,6/27/2026 11:56:33 AM,068492a8-9bbc-456b-87fb-dc52c0aec9a7,2.0,,,,,,,,,,,,,,,,,,,,,,,,,,,,,,,,,,,"(-6.2, 0.3, 1.4)","(-6.2, 0.8, 1.4)","(-6.1, 0.3, 1.1)",
PLAYER_POSITIONS,174055,6/27/2026 11:56:33 AM,068492a8-9bbc-456b-87fb-dc52c0aec9a7,2.0,,,,,,,,,,,,,,,,,,,,,,,,,,,,,,,,,,,"(-6.2, 0.3, 1.4)","(-6.2, 0.8, 1.4)","(-6.1, 0.3, 1.1)",
PLAYER_POSITIONS,174566,6/27/2026 11:56:33 AM,068492a8-9bbc-456b-87fb-dc52c0aec9a7,2.0,,,,,,,,,,,,,,,,,,,,,,,,,,,,,,,,,,,"(-6.2, 0.3, 1.4)","(-6.1, 0.8, 1.4)","(-6.3, 0.5, 1.2)",
PLAYER_POSITIONS,174566,6/27/2026 11:56:33 AM,068492a8-9bbc-456b-87fb-dc52c0aec9a7,2.0,,,,,,,,,,,,,,,,,,,,,,,,,,,,,,,,,,,"(-6.2, 0.3, 1.4)","(-6.1, 0.8, 1.4)","(-6.3, 0.5, 1.2)",
PLAYER_POSITIONS,175077,6/27/2026 11:56:34 AM,068492a8-9bbc-456b-87fb-dc52c0aec9a7,2.0,,,,,,,,,,,,,,,,,,,,,,,,,,,,,,,,,,,"(-6.2, 0.3, 1.4)","(-6.1, 0.8, 1.4)","(-6.1, 0.3, 1.1)",
PLAYER_POSITIONS,175077,6/27/2026 11:56:34 AM,068492a8-9bbc-456b-87fb-dc52c0aec9a7,2.0,,,,,,,,,,,,,,,,,,,,,,,,,,,,,,,,,,,"(-6.2, 0.3, 1.4)","(-6.1, 0.8, 1.4)","(-6.1, 0.3, 1.1)",
PLAYER_POSITIONS,175588,6/27/2026 11:56:34 AM,068492a8-9bbc-456b-87fb-dc52c0aec9a7,2.0,,,,,,,,,,,,,,,,,,,,,,,,,,,,,,,,,,,"(-6.2, 0.3, 1.4)","(-6.1, 0.8, 1.3)","(-6.2, 0.5, 0.9)",
PLAYER_POSITIONS,175588,6/27/2026 11:56:34 AM,068492a8-9bbc-456b-87fb-dc52c0aec9a7,2.0,,,,,,,,,,,,,,,,,,,,,,,,,,,,,,,,,,,"(-6.2, 0.3, 1.4)","(-6.1, 0.8, 1.3)","(-6.2, 0.5, 0.9)",
TOOL_HOVER,175608,6/27/2026 11:56:34 AM,068492a8-9bbc-456b-87fb-dc52c0aec9a7,2.0,,,,,,,,,,,,,,,,,,,,,,,,,,,,,,,,,,,,,,,,,,,,,,999,,Decompression Needle,
TOOL_HOVER,175809,6/27/2026 11:56:35 AM,068492a8-9bbc-456b-87fb-dc52c0aec9a7,2.0,,,,,,,,,,,,,,,,,,,,,,,,,,,,,,,,,,,,,,,,,,,,,,999,,Fentanyl Lollipop,
TOOL_HOVER,175942,6/27/2026 11:56:35 AM,068492a8-9bbc-456b-87fb-dc52c0aec9a7,2.0,,,,,,,,,,,,,,,,,,,,,,,,,,,,,,,,,,,,,,,,,,,,,,999,,Decompression Needle,
PLAYER_POSITIONS,176104,6/27/2026 11:56:35 AM,068492a8-9bbc-456b-87fb-dc52c0aec9a7,2.0,,,,,,,,,,,,,,,,,,,,,,,,,,,,,,,,,,,"(-6.2, 0.3, 1.4)","(-6.1, 0.8, 1.3)","(-6.3, 0.5, 0.9)",
PLAYER_POSITIONS,176104,6/27/2026 11:56:35 AM,068492a8-9bbc-456b-87fb-dc52c0aec9a7,2.0,,,,,,,,,,,,,,,,,,,,,,,,,,,,,,,,,,,"(-6.2, 0.3, 1.4)","(-6.1, 0.8, 1.3)","(-6.3, 0.5, 0.9)",
TOOL_SELECTED,176147,6/27/2026 11:56:35 AM,068492a8-9bbc-456b-87fb-dc52c0aec9a7,2.0,,,,,,,,,,,,,,,,,,,,,,,,,,,,,,,,,,,,,,,,,,,,,,998,,Decompression Needle,
PLAYER_POSITIONS,176604,6/27/2026 11:56:35 AM,068492a8-9bbc-456b-87fb-dc52c0aec9a7,2.0,,,,,,,,,,,,,,,,,,,,,,,,,,,,,,,,,,,"(-6.2, 0.3, 1.4)","(-6.3, 0.7, 1.4)","(-6.6, 0.1, 1.3)",
PLAYER_POSITIONS,176604,6/27/2026 11:56:35 AM,068492a8-9bbc-456b-87fb-dc52c0aec9a7,2.0,,,,,,,,,,,,,,,,,,,,,,,,,,,,,,,,,,,"(-6.2, 0.3, 1.4)","(-6.3, 0.7, 1.4)","(-6.6, 0.1, 1.3)",
INJURY_TREATED,176807,6/27/2026 11:56:36 AM,068492a8-9bbc-456b-87fb-dc52c0aec9a7,2.0,,,,,,,,,chest,R Chest Collapse,"(-6.6, 0.0, 1.5)",decompressionNeedle,1,1,high,True,True,,,,,,,Military PT 1,
TOOL_APPLIED,176812,6/27/2026 11:56:36 AM,068492a8-9bbc-456b-87fb-dc52c0aec9a7,2.0,,,,,,,,,,,,,,,,,,,,,,,,Military PT 1,,,,,,,,,,,,,,,,,,,,AppliedDecompNeedle,RightChestBreath (UnityEngine.GameObject),,Decompression Needle(Clone) (UnityEngine.GameObject),Decompression Needle,
PLAYER_POSITIONS,177125,6/27/2026 11:56:36 AM,068492a8-9bbc-456b-87fb-dc52c0aec9a7,2.0,,,,,,,,,,,,,,,,,,,,,,,,,,,,,,,,,,,"(-6.2, 0.3, 1.4)","(-6.3, 0.7, 1.4)","(-6.5, 0.3, 1.3)",
PLAYER_POSITIONS,177125,6/27/2026 11:56:36 AM,068492a8-9bbc-456b-87fb-dc52c0aec9a7,2.0,,,,,,,,,,,,,,,,,,,,,,,,,,,,,,,,,,,"(-6.2, 0.3, 1.4)","(-6.3, 0.7, 1.4)","(-6.5, 0.3, 1.3)",
AUDIO_START,177312,6/27/2026 11:56:36 AM,068492a8-9bbc-456b-87fb-dc52c0aec9a7,2.0,rpg get down,7.418776,
PLAYER_POSITIONS,177626,6/27/2026 11:56:37 AM,068492a8-9bbc-456b-87fb-dc52c0aec9a7,2.0,,,,,,,,,,,,,,,,,,,,,,,,,,,,,,,,,,,"(-6.2, 0.3, 1.4)","(-6.1, 0.8, 1.4)","(-6.2, 0.5, 1.0)",
PLAYER_POSITIONS,177626,6/27/2026 11:56:37 AM,068492a8-9bbc-456b-87fb-dc52c0aec9a7,2.0,,,,,,,,,,,,,,,,,,,,,,,,,,,,,,,,,,,"(-6.2, 0.3, 1.4)","(-6.1, 0.8, 1.4)","(-6.2, 0.5, 1.0)",
TOOL_HOVER,177824,6/27/2026 11:56:37 AM,068492a8-9bbc-456b-87fb-dc52c0aec9a7,2.0,,,,,,,,,,,,,,,,,,,,,,,,,,,,,,,,,,,,,,,,,,,,,,999,,Nasal Airway,
TOOL_HOVER,178126,6/27/2026 11:56:37 AM,068492a8-9bbc-456b-87fb-dc52c0aec9a7,2.0,,,,,,,,,,,,,,,,,,,,,,,,,,,,,,,,,,,,,,,,,,,,,,999,,Nasal Airway,
PLAYER_POSITIONS,178128,6/27/2026 11:56:37 AM,068492a8-9bbc-456b-87fb-dc52c0aec9a7,2.0,,,,,,,,,,,,,,,,,,,,,,,,,,,,,,,,,,,"(-6.2, 0.3, 1.4)","(-6.1, 0.8, 1.3)","(-6.3, 0.5, 0.9)",
PLAYER_GAZE,178128,6/27/2026 11:56:37 AM,068492a8-9bbc-456b-87fb-dc52c0aec9a7,2.0,,,,,,,,,,,,,,,,,,,,,,,,Military PT 11,,,,,,,,,"(0.3, 0.8, 1.6)",,,"(-6.4, 0.0, -0.3)",
PLAYER_POSITIONS,178128,6/27/2026 11:56:37 AM,068492a8-9bbc-456b-87fb-dc52c0aec9a7,2.0,,,,,,,,,,,,,,,,,,,,,,,,,,,,,,,,,,,"(-6.2, 0.3, 1.4)","(-6.1, 0.8, 1.3)","(-6.3, 0.5, 0.9)",
PLAYER_GAZE,178128,6/27/2026 11:56:37 AM,068492a8-9bbc-456b-87fb-dc52c0aec9a7,2.0,,,,,,,,,,,,,,,,,,,,,,,,Military PT 11,,,,,,,,,"(0.3, 0.8, 1.6)",,,"(-6.4, 0.0, -0.3)",
TOOL_SELECTED,178261,6/27/2026 11:56:37 AM,068492a8-9bbc-456b-87fb-dc52c0aec9a7,2.0,,,,,,,,,,,,,,,,,,,,,,,,,,,,,,,,,,,,,,,,,,,,,,998,,Nasal Airway,
PLAYER_POSITIONS,178640,6/27/2026 11:56:38 AM,068492a8-9bbc-456b-87fb-dc52c0aec9a7,2.0,,,,,,,,,,,,,,,,,,,,,,,,,,,,,,,,,,,"(-6.2, 0.3, 1.4)","(-6.2, 0.8, 1.3)","(-6.5, 0.2, 1.1)",
PLAYER_POSITIONS,178640,6/27/2026 11:56:38 AM,068492a8-9bbc-456b-87fb-dc52c0aec9a7,2.0,,,,,,,,,,,,,,,,,,,,,,,,,,,,,,,,,,,"(-6.2, 0.3, 1.4)","(-6.2, 0.8, 1.3)","(-6.5, 0.2, 1.1)",
PLAYER_POSITIONS,179140,6/27/2026 11:56:38 AM,068492a8-9bbc-456b-87fb-dc52c0aec9a7,2.0,,,,,,,,,,,,,,,,,,,,,,,,,,,,,,,,,,,"(-6.2, 0.3, 1.4)","(-6.2, 0.8, 1.4)","(-6.6, 0.2, 1.2)",
PLAYER_POSITIONS,179140,6/27/2026 11:56:38 AM,068492a8-9bbc-456b-87fb-dc52c0aec9a7,2.0,,,,,,,,,,,,,,,,,,,,,,,,,,,,,,,,,,,"(-6.2, 0.3, 1.4)","(-6.2, 0.8, 1.4)","(-6.6, 0.2, 1.2)",
TOOL_APPLIED,179209,6/27/2026 11:56:38 AM,068492a8-9bbc-456b-87fb-dc52c0aec9a7,2.0,,,,,,,,,,,,,,,,,,,,,,,,Military PT 1,,,,,,,,,,,,,,,,,,,,AppliedTrumpet,tubeGuide_used (UnityEngine.GameObject),,Nasal Trumpet(Clone) (UnityEngine.GameObject),Nasal Airway,
PLAYER_POSITIONS,179654,6/27/2026 11:56:39 AM,068492a8-9bbc-456b-87fb-dc52c0aec9a7,2.0,,,,,,,,,,,,,,,,,,,,,,,,,,,,,,,,,,,"(-6.2, 0.3, 1.4)","(-6.3, 0.8, 1.4)","(-6.6, 0.3, 1.3)",
PLAYER_POSITIONS,179654,6/27/2026 11:56:39 AM,068492a8-9bbc-456b-87fb-dc52c0aec9a7,2.0,,,,,,,,,,,,,,,,,,,,,,,,,,,,,,,,,,,"(-6.2, 0.3, 1.4)","(-6.3, 0.8, 1.4)","(-6.6, 0.3, 1.3)",
PLAYER_POSITIONS,180163,6/27/2026 11:56:39 AM,068492a8-9bbc-456b-87fb-dc52c0aec9a7,2.0,,,,,,,,,,,,,,,,,,,,,,,,,,,,,,,,,,,"(-6.2, 0.3, 1.4)","(-6.3, 0.7, 1.4)","(-6.6, 0.3, 1.4)",
PLAYER_POSITIONS,180163,6/27/2026 11:56:39 AM,068492a8-9bbc-456b-87fb-dc52c0aec9a7,2.0,,,,,,,,,,,,,,,,,,,,,,,,,,,,,,,,,,,"(-6.2, 0.3, 1.4)","(-6.3, 0.7, 1.4)","(-6.6, 0.3, 1.4)",
PLAYER_POSITIONS,180674,6/27/2026 11:56:40 AM,068492a8-9bbc-456b-87fb-dc52c0aec9a7,2.0,,,,,,,,,,,,,,,,,,,,,,,,,,,,,,,,,,,"(-6.5, 0.2, 1.4)","(-6.5, 0.5, 1.3)","(-6.5, 0.0, 1.8)",
PLAYER_POSITIONS,180674,6/27/2026 11:56:40 AM,068492a8-9bbc-456b-87fb-dc52c0aec9a7,2.0,,,,,,,,,,,,,,,,,,,,,,,,,,,,,,,,,,,"(-6.5, 0.2, 1.4)","(-6.5, 0.5, 1.3)","(-6.5, 0.0, 1.8)",
PULSE_TAKEN,180873,6/27/2026 11:56:40 AM,068492a8-9bbc-456b-87fb-dc52c0aec9a7,2.0,,,,,,,,,,,,,,,,,,,,,,,,Military PT 1,,,,pulse_faint,
VOICE_CAPTURE,181042,6/27/2026 11:56:40 AM,068492a8-9bbc-456b-87fb-dc52c0aec9a7,2.0,,,,,,,,,,,,,,,,,,,,,,,,,,,,,,,,,,,,,,,,,,,,,,,,,,,NA,What?,
PLAYER_POSITIONS,181176,6/27/2026 11:56:40 AM,068492a8-9bbc-456b-87fb-dc52c0aec9a7,2.0,,,,,,,,,,,,,,,,,,,,,,,,,,,,,,,,,,,"(-6.6, 0.2, 1.4)","(-6.5, 0.4, 1.3)","(-6.5, 0.0, 1.9)",
PLAYER_POSITIONS,181176,6/27/2026 11:56:40 AM,068492a8-9bbc-456b-87fb-dc52c0aec9a7,2.0,,,,,,,,,,,,,,,,,,,,,,,,,,,,,,,,,,,"(-6.6, 0.2, 1.4)","(-6.5, 0.4, 1.3)","(-6.5, 0.0, 1.9)",
VOICE_CAPTURE,181498,6/27/2026 11:56:40 AM,068492a8-9bbc-456b-87fb-dc52c0aec9a7,2.0,,,,,,,,,,,,,,,,,,,,,,,,,,,,,,,,,,,,,,,,,,,,,,,,,,,NA,What? What?,
PLAYER_POSITIONS,181707,6/27/2026 11:56:41 AM,068492a8-9bbc-456b-87fb-dc52c0aec9a7,2.0,,,,,,,,,,,,,,,,,,,,,,,,,,,,,,,,,,,"(-6.5, 0.1, 1.5)","(-6.5, 0.4, 1.4)","(-6.6, 0.0, 1.8)",
PLAYER_POSITIONS,181707,6/27/2026 11:56:41 AM,068492a8-9bbc-456b-87fb-dc52c0aec9a7,2.0,,,,,,,,,,,,,,,,,,,,,,,,,,,,,,,,,,,"(-6.5, 0.1, 1.5)","(-6.5, 0.4, 1.4)","(-6.6, 0.0, 1.8)",
VOICE_CAPTURE,182007,6/27/2026 11:56:41 AM,068492a8-9bbc-456b-87fb-dc52c0aec9a7,2.0,,,,,,,,,,,,,,,,,,,,,,,,,,,,,,,,,,,,,,,,,,,,,,,,,,,NA,What? What?,
VOICE_CAPTURE,182007,6/27/2026 11:56:41 AM,068492a8-9bbc-456b-87fb-dc52c0aec9a7,2.0,,,,,,,,,,,,,,,,,,,,,,,,,,,,,,,,,,,,,,,,,,,,,,,,,,,NA,What? What?,
PULSE_TAKEN,182159,6/27/2026 11:56:41 AM,068492a8-9bbc-456b-87fb-dc52c0aec9a7,2.0,,,,,,,,,,,,,,,,,,,,,,,,Military PT 1,,,,pulse_faint,
PLAYER_POSITIONS,182230,6/27/2026 11:56:41 AM,068492a8-9bbc-456b-87fb-dc52c0aec9a7,2.0,,,,,,,,,,,,,,,,,,,,,,,,,,,,,,,,,,,"(-6.4, 0.1, 1.5)","(-6.4, 0.5, 1.4)","(-6.6, 0.2, 1.7)",
PLAYER_POSITIONS,182230,6/27/2026 11:56:41 AM,068492a8-9bbc-456b-87fb-dc52c0aec9a7,2.0,,,,,,,,,,,,,,,,,,,,,,,,,,,,,,,,,,,"(-6.4, 0.1, 1.5)","(-6.4, 0.5, 1.4)","(-6.6, 0.2, 1.7)",
PLAYER_POSITIONS,182730,6/27/2026 11:56:42 AM,068492a8-9bbc-456b-87fb-dc52c0aec9a7,2.0,,,,,,,,,,,,,,,,,,,,,,,,,,,,,,,,,,,"(-6.3, 0.1, 1.5)","(-6.4, 0.5, 1.4)","(-6.6, 0.2, 1.7)",
PLAYER_POSITIONS,182730,6/27/2026 11:56:42 AM,068492a8-9bbc-456b-87fb-dc52c0aec9a7,2.0,,,,,,,,,,,,,,,,,,,,,,,,,,,,,,,,,,,"(-6.3, 0.1, 1.5)","(-6.4, 0.5, 1.4)","(-6.6, 0.2, 1.7)",
PLAYER_POSITIONS,183231,6/27/2026 11:56:42 AM,068492a8-9bbc-456b-87fb-dc52c0aec9a7,2.0,,,,,,,,,,,,,,,,,,,,,,,,,,,,,,,,,,,"(-6.3, 0.1, 1.5)","(-6.4, 0.5, 1.4)","(-6.6, 0.2, 1.7)",
PLAYER_POSITIONS,183231,6/27/2026 11:56:42 AM,068492a8-9bbc-456b-87fb-dc52c0aec9a7,2.0,,,,,,,,,,,,,,,,,,,,,,,,,,,,,,,,,,,"(-6.3, 0.1, 1.5)","(-6.4, 0.5, 1.4)","(-6.6, 0.2, 1.7)",
PLAYER_POSITIONS,183732,6/27/2026 11:56:43 AM,068492a8-9bbc-456b-87fb-dc52c0aec9a7,2.0,,,,,,,,,,,,,,,,,,,,,,,,,,,,,,,,,,,"(-6.4, 0.1, 1.5)","(-6.4, 0.5, 1.3)","(-6.6, 0.2, 1.6)",
PLAYER_POSITIONS,183732,6/27/2026 11:56:43 AM,068492a8-9bbc-456b-87fb-dc52c0aec9a7,2.0,,,,,,,,,,,,,,,,,,,,,,,,,,,,,,,,,,,"(-6.4, 0.1, 1.5)","(-6.4, 0.5, 1.3)","(-6.6, 0.2, 1.6)",
PLAYER_POSITIONS,184242,6/27/2026 11:56:43 AM,068492a8-9bbc-456b-87fb-dc52c0aec9a7,2.0,,,,,,,,,,,,,,,,,,,,,,,,,,,,,,,,,,,"(-6.4, 0.1, 1.5)","(-6.4, 0.5, 1.3)","(-6.6, 0.2, 1.5)",
PLAYER_POSITIONS,184242,6/27/2026 11:56:43 AM,068492a8-9bbc-456b-87fb-dc52c0aec9a7,2.0,,,,,,,,,,,,,,,,,,,,,,,,,,,,,,,,,,,"(-6.4, 0.1, 1.5)","(-6.4, 0.5, 1.3)","(-6.6, 0.2, 1.5)",
AUDIO_END,184732,6/27/2026 11:56:44 AM,068492a8-9bbc-456b-87fb-dc52c0aec9a7,2.0,rpg get down,7.418776,
NARRATIVE_SECTION_END,184732,6/27/2026 11:56:44 AM,068492a8-9bbc-456b-87fb-dc52c0aec9a7,2.0,,,,,,,,,,,,,,,,,,RPG get down,19,
PLAYER_POSITIONS,184754,6/27/2026 11:56:44 AM,068492a8-9bbc-456b-87fb-dc52c0aec9a7,2.0,,,,,,,,,,,,,,,,,,,,,,,,,,,,,,,,,,,"(-6.4, 0.1, 1.3)","(-6.4, 0.8, 1.3)","(-6.5, 0.5, 1.3)",
PLAYER_POSITIONS,184754,6/27/2026 11:56:44 AM,068492a8-9bbc-456b-87fb-dc52c0aec9a7,2.0,,,,,,,,,,,,,,,,,,,,,,,,,,,,,,,,,,,"(-6.4, 0.1, 1.3)","(-6.4, 0.8, 1.3)","(-6.5, 0.5, 1.3)",
NARRATIVE_SECTION_START,184771,6/27/2026 11:56:44 AM,068492a8-9bbc-456b-87fb-dc52c0aec9a7,2.0,,,,,,,,,,,,,,,,,,Bravo taking fire on grid 3-1,20,
VOICE_CAPTURE,184999,6/27/2026 11:56:44 AM,068492a8-9bbc-456b-87fb-dc52c0aec9a7,2.0,,,,,,,,,,,,,,,,,,,,,,,,,,,,,,,,,,,,,,,,,,,,,,,,,,,NA,Okay.,
PLAYER_POSITIONS,185272,6/27/2026 11:56:44 AM,068492a8-9bbc-456b-87fb-dc52c0aec9a7,2.0,,,,,,,,,,,,,,,,,,,,,,,,,,,,,,,,,,,"(-6.3, 0.3, 1.3)","(-6.4, 0.8, 1.4)","(-6.3, 0.4, 1.2)",
PLAYER_POSITIONS,185272,6/27/2026 11:56:44 AM,068492a8-9bbc-456b-87fb-dc52c0aec9a7,2.0,,,,,,,,,,,,,,,,,,,,,,,,,,,,,,,,,,,"(-6.3, 0.3, 1.3)","(-6.4, 0.8, 1.4)","(-6.3, 0.4, 1.2)",
VOICE_CAPTURE,185493,6/27/2026 11:56:44 AM,068492a8-9bbc-456b-87fb-dc52c0aec9a7,2.0,,,,,,,,,,,,,,,,,,,,,,,,,,,,,,,,,,,,,,,,,,,,,,,,,,,NA,"Okay, yeah.",
PLAYER_POSITIONS,185782,6/27/2026 11:56:45 AM,068492a8-9bbc-456b-87fb-dc52c0aec9a7,2.0,,,,,,,,,,,,,,,,,,,,,,,,,,,,,,,,,,,"(-6.2, 0.3, 1.3)","(-6.2, 0.9, 1.3)","(-6.1, 0.4, 1.2)",
PLAYER_POSITIONS,185782,6/27/2026 11:56:45 AM,068492a8-9bbc-456b-87fb-dc52c0aec9a7,2.0,,,,,,,,,,,,,,,,,,,,,,,,,,,,,,,,,,,"(-6.2, 0.3, 1.3)","(-6.2, 0.9, 1.3)","(-6.1, 0.4, 1.2)",
VOICE_CAPTURE,186043,6/27/2026 11:56:45 AM,068492a8-9bbc-456b-87fb-dc52c0aec9a7,2.0,,,,,,,,,,,,,,,,,,,,,,,,,,,,,,,,,,,,,,,,,,,,,,,,,,,NA,"Okay, yeah.",
VOICE_CAPTURE,186043,6/27/2026 11:56:45 AM,068492a8-9bbc-456b-87fb-dc52c0aec9a7,2.0,,,,,,,,,,,,,,,,,,,,,,,,,,,,,,,,,,,,,,,,,,,,,,,,,,,NA,"Okay, yeah.",
PLAYER_POSITIONS,186288,6/27/2026 11:56:45 AM,068492a8-9bbc-456b-87fb-dc52c0aec9a7,2.0,,,,,,,,,,,,,,,,,,,,,,,,,,,,,,,,,,,"(-6.1, 0.3, 1.4)","(-6.1, 0.8, 1.4)","(-6.1, 0.4, 1.3)",
PLAYER_POSITIONS,186288,6/27/2026 11:56:45 AM,068492a8-9bbc-456b-87fb-dc52c0aec9a7,2.0,,,,,,,,,,,,,,,,,,,,,,,,,,,,,,,,,,,"(-6.1, 0.3, 1.4)","(-6.1, 0.8, 1.4)","(-6.1, 0.4, 1.3)",
TAG_SELECTED,186309,6/27/2026 11:56:45 AM,068492a8-9bbc-456b-87fb-dc52c0aec9a7,2.0,,,,,,,,,,,,,,,,,,,,,,,,,,,,,,,,,,,,,,,,,,red,
VOICE_CAPTURE,186477,6/27/2026 11:56:45 AM,068492a8-9bbc-456b-87fb-dc52c0aec9a7,2.0,,,,,,,,,,,,,,,,,,,,,,,,,,,,,,,,,,,,,,,,,,,,,,,,,,,NA,"Okay, yeah.",
PLAYER_POSITIONS,186791,6/27/2026 11:56:46 AM,068492a8-9bbc-456b-87fb-dc52c0aec9a7,2.0,,,,,,,,,,,,,,,,,,,,,,,,,,,,,,,,,,,"(-6.1, 0.3, 1.4)","(-6.3, 0.8, 1.4)","(-6.5, 0.4, 1.4)",
PLAYER_POSITIONS,186791,6/27/2026 11:56:46 AM,068492a8-9bbc-456b-87fb-dc52c0aec9a7,2.0,,,,,,,,,,,,,,,,,,,,,,,,,,,,,,,,,,,"(-6.1, 0.3, 1.4)","(-6.3, 0.8, 1.4)","(-6.5, 0.4, 1.4)",
VOICE_CAPTURE,186990,6/27/2026 11:56:46 AM,068492a8-9bbc-456b-87fb-dc52c0aec9a7,2.0,,,,,,,,,,,,,,,,,,,,,,,,,,,,,,,,,,,,,,,,,,,,,,,,,,,NA,"Okay, yeah.",
TAG_APPLIED,187057,6/27/2026 11:56:46 AM,068492a8-9bbc-456b-87fb-dc52c0aec9a7,2.0,,,,,,,,,,,,,,,,,,,,,,,,Military PT 1,,,,,,,,,,,,,,,,,,red,
PLAYER_POSITIONS,187301,6/27/2026 11:56:46 AM,068492a8-9bbc-456b-87fb-dc52c0aec9a7,2.0,,,,,,,,,,,,,,,,,,,,,,,,,,,,,,,,,,,"(-6.2, 0.3, 1.3)","(-6.3, 0.8, 1.4)","(-6.6, 0.2, 1.6)",
PLAYER_POSITIONS,187301,6/27/2026 11:56:46 AM,068492a8-9bbc-456b-87fb-dc52c0aec9a7,2.0,,,,,,,,,,,,,,,,,,,,,,,,,,,,,,,,,,,"(-6.2, 0.3, 1.3)","(-6.3, 0.8, 1.4)","(-6.6, 0.2, 1.6)",
BAG_CLOSED,187755,6/27/2026 11:56:47 AM,068492a8-9bbc-456b-87fb-dc52c0aec9a7,2.0,,,,,,,,,,,,,,,,,,,,,,,,,,,,,,,,,,,,"(0.0, 0.0, 0.0)",
PLAYER_POSITIONS,187801,6/27/2026 11:56:47 AM,068492a8-9bbc-456b-87fb-dc52c0aec9a7,2.0,,,,,,,,,,,,,,,,,,,,,,,,,,,,,,,,,,,"(-6.2, 0.3, 1.3)","(-6.2, 1.0, 1.3)","(-6.3, 0.4, 1.1)",
PLAYER_GAZE,187801,6/27/2026 11:56:47 AM,068492a8-9bbc-456b-87fb-dc52c0aec9a7,2.0,,,,,,,,,,,,,,,,,,,,,,,,Military PT 11,,,,,,,,,"(0.2, 1.0, 1.6)",,,"(-6.4, 0.0, -0.3)",
PLAYER_POSITIONS,187801,6/27/2026 11:56:47 AM,068492a8-9bbc-456b-87fb-dc52c0aec9a7,2.0,,,,,,,,,,,,,,,,,,,,,,,,,,,,,,,,,,,"(-6.2, 0.3, 1.3)","(-6.2, 1.0, 1.3)","(-6.3, 0.4, 1.1)",
PLAYER_GAZE,187801,6/27/2026 11:56:47 AM,068492a8-9bbc-456b-87fb-dc52c0aec9a7,2.0,,,,,,,,,,,,,,,,,,,,,,,,Military PT 11,,,,,,,,,"(0.2, 1.0, 1.6)",,,"(-6.4, 0.0, -0.3)",
PATIENT_DISENGAGED,188087,6/27/2026 11:56:47 AM,068492a8-9bbc-456b-87fb-dc52c0aec9a7,2.0,,,,30.02,,,,,,,,,,,,,,,,normal,100,Infinity,normal,Military PT 1,unresponsive,supine,"(-6.8, -0.1, 2.1)",faint,"(0.0, 0.3, 0.0, 1.0)",normal,IMMEDIATE,still,,,,,,,,,,,,,,,,,31.6,
PATIENT_ENGAGED,188087,6/27/2026 11:56:47 AM,068492a8-9bbc-456b-87fb-dc52c0aec9a7,2.0,,,,0,,,,,,,,,,,,,,,,normal,100,Infinity,normal,Military PT 11,panic,standing,"(-6.5, -0.1, -0.3)",normal,"(0.0, -0.2, 0.0, 1.0)",normal,MINIMAL,still,,,,,,,,,,,,,,,,,4.78,
PLAYER_POSITIONS,188311,6/27/2026 11:56:47 AM,068492a8-9bbc-456b-87fb-dc52c0aec9a7,2.0,,,,,,,,,,,,,,,,,,,,,,,,,,,,,,,,,,,"(-6.3, 0.3, 0.6)","(-6.3, 1.0, 0.6)","(-6.4, 0.4, 0.3)",
PLAYER_GAZE,188311,6/27/2026 11:56:47 AM,068492a8-9bbc-456b-87fb-dc52c0aec9a7,2.0,,,,,,,,,,,,,,,,,,,,,,,,Military PT 11,,,,,,,,,"(0.1, 1.0, 0.9)",,,"(-6.4, 0.0, -0.3)",
PLAYER_POSITIONS,188311,6/27/2026 11:56:47 AM,068492a8-9bbc-456b-87fb-dc52c0aec9a7,2.0,,,,,,,,,,,,,,,,,,,,,,,,,,,,,,,,,,,"(-6.3, 0.3, 0.6)","(-6.3, 1.0, 0.6)","(-6.4, 0.4, 0.3)",
PLAYER_GAZE,188311,6/27/2026 11:56:47 AM,068492a8-9bbc-456b-87fb-dc52c0aec9a7,2.0,,,,,,,,,,,,,,,,,,,,,,,,Military PT 11,,,,,,,,,"(0.1, 1.0, 0.9)",,,"(-6.4, 0.0, -0.3)",
PLAYER_POSITIONS,188823,6/27/2026 11:56:48 AM,068492a8-9bbc-456b-87fb-dc52c0aec9a7,2.0,,,,,,,,,,,,,,,,,,,,,,,,,,,,,,,,,,,"(-6.5, 0.4, 0.6)","(-6.5, 1.0, 0.7)","(-6.6, 0.4, 0.3)",
PLAYER_GAZE,188823,6/27/2026 11:56:48 AM,068492a8-9bbc-456b-87fb-dc52c0aec9a7,2.0,,,,,,,,,,,,,,,,,,,,,,,,Military PT 11,,,,,,,,,"(-0.1, 1.0, 0.9)",,,"(-6.4, 0.0, -0.3)",
PLAYER_POSITIONS,188823,6/27/2026 11:56:48 AM,068492a8-9bbc-456b-87fb-dc52c0aec9a7,2.0,,,,,,,,,,,,,,,,,,,,,,,,,,,,,,,,,,,"(-6.5, 0.4, 0.6)","(-6.5, 1.0, 0.7)","(-6.6, 0.4, 0.3)",
PLAYER_GAZE,188823,6/27/2026 11:56:48 AM,068492a8-9bbc-456b-87fb-dc52c0aec9a7,2.0,,,,,,,,,,,,,,,,,,,,,,,,Military PT 11,,,,,,,,,"(-0.1, 1.0, 0.9)",,,"(-6.4, 0.0, -0.3)",
PLAYER_POSITIONS,189325,6/27/2026 11:56:48 AM,068492a8-9bbc-456b-87fb-dc52c0aec9a7,2.0,,,,,,,,,,,,,,,,,,,,,,,,,,,,,,,,,,,"(-6.6, 0.4, 0.5)","(-6.7, 1.0, 0.6)","(-6.7, 0.4, 0.2)",
PLAYER_GAZE,189325,6/27/2026 11:56:48 AM,068492a8-9bbc-456b-87fb-dc52c0aec9a7,2.0,,,,,,,,,,,,,,,,,,,,,,,,Military PT 11,,,,,,,,,"(-0.3, 1.0, 0.8)",,,"(-6.4, 0.0, -0.3)",
PLAYER_POSITIONS,189325,6/27/2026 11:56:48 AM,068492a8-9bbc-456b-87fb-dc52c0aec9a7,2.0,,,,,,,,,,,,,,,,,,,,,,,,,,,,,,,,,,,"(-6.6, 0.4, 0.5)","(-6.7, 1.0, 0.6)","(-6.7, 0.4, 0.2)",
PLAYER_GAZE,189325,6/27/2026 11:56:48 AM,068492a8-9bbc-456b-87fb-dc52c0aec9a7,2.0,,,,,,,,,,,,,,,,,,,,,,,,Military PT 11,,,,,,,,,"(-0.3, 1.0, 0.8)",,,"(-6.4, 0.0, -0.3)",
AUDIO_START,189763,6/27/2026 11:56:49 AM,068492a8-9bbc-456b-87fb-dc52c0aec9a7,2.0,bravo taking fire on 3 1,3.709388,
PLAYER_POSITIONS,189824,6/27/2026 11:56:49 AM,068492a8-9bbc-456b-87fb-dc52c0aec9a7,2.0,,,,,,,,,,,,,,,,,,,,,,,,,,,,,,,,,,,"(-6.6, 0.4, 0.5)","(-6.7, 1.0, 0.6)","(-6.7, 0.8, 0.3)",
PLAYER_GAZE,189824,6/27/2026 11:56:49 AM,068492a8-9bbc-456b-87fb-dc52c0aec9a7,2.0,,,,,,,,,,,,,,,,,,,,,,,,Military PT 11,,,,,,,,,"(-0.2, 1.0, 0.8)",,,"(-6.4, 0.0, -0.3)",
PLAYER_POSITIONS,189824,6/27/2026 11:56:49 AM,068492a8-9bbc-456b-87fb-dc52c0aec9a7,2.0,,,,,,,,,,,,,,,,,,,,,,,,,,,,,,,,,,,"(-6.6, 0.4, 0.5)","(-6.7, 1.0, 0.6)","(-6.7, 0.8, 0.3)",
PLAYER_GAZE,189824,6/27/2026 11:56:49 AM,068492a8-9bbc-456b-87fb-dc52c0aec9a7,2.0,,,,,,,,,,,,,,,,,,,,,,,,Military PT 11,,,,,,,,,"(-0.2, 1.0, 0.8)",,,"(-6.4, 0.0, -0.3)",
VOICE_CAPTURE,190001,6/27/2026 11:56:49 AM,068492a8-9bbc-456b-87fb-dc52c0aec9a7,2.0,,,,,,,,,,,,,,,,,,,,,,,,,,,,,,,,,,,,,,,,,,,,,,,,,,,NA,"Hey, can you",
PLAYER_POSITIONS,190335,6/27/2026 11:56:49 AM,068492a8-9bbc-456b-87fb-dc52c0aec9a7,2.0,,,,,,,,,,,,,,,,,,,,,,,,,,,,,,,,,,,"(-6.6, 0.5, 0.4)","(-6.5, 1.1, 0.5)","(-6.7, 1.1, 0.3)",
PLAYER_GAZE,190335,6/27/2026 11:56:49 AM,068492a8-9bbc-456b-87fb-dc52c0aec9a7,2.0,,,,,,,,,,,,,,,,,,,,,,,,Military PT 11,,,,,,,,,"(-0.1, 1.1, 0.8)",,,"(-6.4, 0.0, -0.3)",
PLAYER_POSITIONS,190335,6/27/2026 11:56:49 AM,068492a8-9bbc-456b-87fb-dc52c0aec9a7,2.0,,,,,,,,,,,,,,,,,,,,,,,,,,,,,,,,,,,"(-6.6, 0.5, 0.4)","(-6.5, 1.1, 0.5)","(-6.7, 1.1, 0.3)",
PLAYER_GAZE,190335,6/27/2026 11:56:49 AM,068492a8-9bbc-456b-87fb-dc52c0aec9a7,2.0,,,,,,,,,,,,,,,,,,,,,,,,Military PT 11,,,,,,,,,"(-0.1, 1.1, 0.8)",,,"(-6.4, 0.0, -0.3)",
VOICE_CAPTURE,190523,6/27/2026 11:56:49 AM,068492a8-9bbc-456b-87fb-dc52c0aec9a7,2.0,,,,,,,,,,,,,,,,,,,,,,,,,,,,,,,,,,,,,,,,,,,,,,,,,,,NA,"Hey, can you follow my",
PLAYER_POSITIONS,190835,6/27/2026 11:56:50 AM,068492a8-9bbc-456b-87fb-dc52c0aec9a7,2.0,,,,,,,,,,,,,,,,,,,,,,,,,,,,,,,,,,,"(-6.5, 0.3, 0.3)","(-6.5, 1.1, 0.5)","(-6.8, 1.2, 0.3)",
PLAYER_POSITIONS,190835,6/27/2026 11:56:50 AM,068492a8-9bbc-456b-87fb-dc52c0aec9a7,2.0,,,,,,,,,,,,,,,,,,,,,,,,,,,,,,,,,,,"(-6.5, 0.3, 0.3)","(-6.5, 1.1, 0.5)","(-6.8, 1.2, 0.3)",
VOICE_CAPTURE,191022,6/27/2026 11:56:50 AM,068492a8-9bbc-456b-87fb-dc52c0aec9a7,2.0,,,,,,,,,,,,,,,,,,,,,,,,,,,,,,,,,,,,,,,,,,,,,,,,,,,NA,"Hey, can you follow my hand?",
PLAYER_POSITIONS,191335,6/27/2026 11:56:50 AM,068492a8-9bbc-456b-87fb-dc52c0aec9a7,2.0,,,,,,,,,,,,,,,,,,,,,,,,,,,,,,,,,,,"(-6.4, 0.3, 0.3)","(-6.6, 1.1, 0.6)","(-6.8, 1.1, 0.5)",
PLAYER_POSITIONS,191335,6/27/2026 11:56:50 AM,068492a8-9bbc-456b-87fb-dc52c0aec9a7,2.0,,,,,,,,,,,,,,,,,,,,,,,,,,,,,,,,,,,"(-6.4, 0.3, 0.3)","(-6.6, 1.1, 0.6)","(-6.8, 1.1, 0.5)",
VOICE_CAPTURE,191523,6/27/2026 11:56:50 AM,068492a8-9bbc-456b-87fb-dc52c0aec9a7,2.0,,,,,,,,,,,,,,,,,,,,,,,,,,,,,,,,,,,,,,,,,,,,,,,,,,,NA,"Hey, can you follow my hand? Hey, can you follow my hand?",
PLAYER_POSITIONS,191857,6/27/2026 11:56:51 AM,068492a8-9bbc-456b-87fb-dc52c0aec9a7,2.0,,,,,,,,,,,,,,,,,,,,,,,,,,,,,,,,,,,"(-6.4, 0.3, 0.4)","(-6.6, 1.0, 0.6)","(-7.0, 1.0, 0.3)",
PLAYER_POSITIONS,191857,6/27/2026 11:56:51 AM,068492a8-9bbc-456b-87fb-dc52c0aec9a7,2.0,,,,,,,,,,,,,,,,,,,,,,,,,,,,,,,,,,,"(-6.4, 0.3, 0.4)","(-6.6, 1.0, 0.6)","(-7.0, 1.0, 0.3)",
VOICE_CAPTURE,192023,6/27/2026 11:56:51 AM,068492a8-9bbc-456b-87fb-dc52c0aec9a7,2.0,,,,,,,,,,,,,,,,,,,,,,,,,,,,,,,,,,,,,,,,,,,,,,,,,,,NA,"Hey, can you follow my hand? Hey, can you follow my hand?",
VOICE_CAPTURE,192023,6/27/2026 11:56:51 AM,068492a8-9bbc-456b-87fb-dc52c0aec9a7,2.0,,,,,,,,,,,,,,,,,,,,,,,,,,,,,,,,,,,,,,,,,,,,,,,,,,,NA,"Hey, can you follow my hand? Hey, can you follow my hand?",
VOICE_COMMAND,192023,6/27/2026 11:56:51 AM,068492a8-9bbc-456b-87fb-dc52c0aec9a7,2.0,,,,,,,,,,,,,,,,,,,,,,,,Military PT 11,,,,,,,,,,,,,,,,,,,,,,,,,,,"Hey, can you follow my hand? Hey, can you follow my hand?",follow my hand,
PLAYER_POSITIONS,192380,6/27/2026 11:56:51 AM,068492a8-9bbc-456b-87fb-dc52c0aec9a7,2.0,,,,,,,,,,,,,,,,,,,,,,,,,,,,,,,,,,,"(-6.5, 0.3, 0.4)","(-6.6, 1.0, 0.6)","(-6.8, 1.0, 0.5)",
PLAYER_POSITIONS,192380,6/27/2026 11:56:51 AM,068492a8-9bbc-456b-87fb-dc52c0aec9a7,2.0,,,,,,,,,,,,,,,,,,,,,,,,,,,,,,,,,,,"(-6.5, 0.3, 0.4)","(-6.6, 1.0, 0.6)","(-6.8, 1.0, 0.5)",
PLAYER_POSITIONS,192903,6/27/2026 11:56:52 AM,068492a8-9bbc-456b-87fb-dc52c0aec9a7,2.0,,,,,,,,,,,,,,,,,,,,,,,,,,,,,,,,,,,"(-6.4, 0.2, 0.4)","(-6.6, 1.0, 0.6)","(-7.0, 0.9, 0.2)",
PLAYER_POSITIONS,192903,6/27/2026 11:56:52 AM,068492a8-9bbc-456b-87fb-dc52c0aec9a7,2.0,,,,,,,,,,,,,,,,,,,,,,,,,,,,,,,,,,,"(-6.4, 0.2, 0.4)","(-6.6, 1.0, 0.6)","(-7.0, 0.9, 0.2)",
PLAYER_POSITIONS,193406,6/27/2026 11:56:52 AM,068492a8-9bbc-456b-87fb-dc52c0aec9a7,2.0,,,,,,,,,,,,,,,,,,,,,,,,,,,,,,,,,,,"(-6.4, 0.2, 0.4)","(-6.6, 1.0, 0.6)","(-6.9, 1.2, 0.4)",
PLAYER_POSITIONS,193406,6/27/2026 11:56:52 AM,068492a8-9bbc-456b-87fb-dc52c0aec9a7,2.0,,,,,,,,,,,,,,,,,,,,,,,,,,,,,,,,,,,"(-6.4, 0.2, 0.4)","(-6.6, 1.0, 0.6)","(-6.9, 1.2, 0.4)",
AUDIO_END,193493,6/27/2026 11:56:52 AM,068492a8-9bbc-456b-87fb-dc52c0aec9a7,2.0,bravo taking fire on 3 1,3.709388,
NARRATIVE_SECTION_END,193494,6/27/2026 11:56:52 AM,068492a8-9bbc-456b-87fb-dc52c0aec9a7,2.0,,,,,,,,,,,,,,,,,,Bravo taking fire on grid 3-1,20,
NARRATIVE_SECTION_START,193554,6/27/2026 11:56:52 AM,068492a8-9bbc-456b-87fb-dc52c0aec9a7,2.0,,,,,,,,,,,,,,,,,,Echo can you suppress,21,
PLAYER_POSITIONS,193914,6/27/2026 11:56:53 AM,068492a8-9bbc-456b-87fb-dc52c0aec9a7,2.0,,,,,,,,,,,,,,,,,,,,,,,,,,,,,,,,,,,"(-6.4, 0.2, 0.4)","(-6.6, 1.0, 0.6)","(-6.9, 0.8, 0.3)",
PLAYER_POSITIONS,193914,6/27/2026 11:56:53 AM,068492a8-9bbc-456b-87fb-dc52c0aec9a7,2.0,,,,,,,,,,,,,,,,,,,,,,,,,,,,,,,,,,,"(-6.4, 0.2, 0.4)","(-6.6, 1.0, 0.6)","(-6.9, 0.8, 0.3)",
PLAYER_POSITIONS,194438,6/27/2026 11:56:53 AM,068492a8-9bbc-456b-87fb-dc52c0aec9a7,2.0,,,,,,,,,,,,,,,,,,,,,,,,,,,,,,,,,,,"(-6.5, 0.3, 0.3)","(-6.6, 1.0, 0.5)","(-7.1, 0.9, 0.4)",
PLAYER_GAZE,194438,6/27/2026 11:56:53 AM,068492a8-9bbc-456b-87fb-dc52c0aec9a7,2.0,,,,,,,,,,,,,,,,,,,,,,,,Military PT 11,,,,,,,,,"(-0.2, 1.0, 0.8)",,,"(-6.4, 0.0, -0.3)",
PLAYER_POSITIONS,194438,6/27/2026 11:56:53 AM,068492a8-9bbc-456b-87fb-dc52c0aec9a7,2.0,,,,,,,,,,,,,,,,,,,,,,,,,,,,,,,,,,,"(-6.5, 0.3, 0.3)","(-6.6, 1.0, 0.5)","(-7.1, 0.9, 0.4)",
PLAYER_GAZE,194438,6/27/2026 11:56:53 AM,068492a8-9bbc-456b-87fb-dc52c0aec9a7,2.0,,,,,,,,,,,,,,,,,,,,,,,,Military PT 11,,,,,,,,,"(-0.2, 1.0, 0.8)",,,"(-6.4, 0.0, -0.3)",
PLAYER_POSITIONS,194951,6/27/2026 11:56:54 AM,068492a8-9bbc-456b-87fb-dc52c0aec9a7,2.0,,,,,,,,,,,,,,,,,,,,,,,,,,,,,,,,,,,"(-6.8, 0.3, 0.2)","(-6.9, 1.0, 0.3)","(-6.9, 0.4, 0.0)",
PLAYER_POSITIONS,194951,6/27/2026 11:56:54 AM,068492a8-9bbc-456b-87fb-dc52c0aec9a7,2.0,,,,,,,,,,,,,,,,,,,,,,,,,,,,,,,,,,,"(-6.8, 0.3, 0.2)","(-6.9, 1.0, 0.3)","(-6.9, 0.4, 0.0)",
VOICE_CAPTURE,195050,6/27/2026 11:56:54 AM,068492a8-9bbc-456b-87fb-dc52c0aec9a7,2.0,,,,,,,,,,,,,,,,,,,,,,,,,,,,,,,,,,,,,,,,,,,,,,,,,,,NA,"Well, but...",
PLAYER_POSITIONS,195482,6/27/2026 11:56:54 AM,068492a8-9bbc-456b-87fb-dc52c0aec9a7,2.0,,,,,,,,,,,,,,,,,,,,,,,,,,,,,,,,,,,"(-7.0, 0.4, 0.1)","(-7.1, 1.0, 0.2)","(-7.2, 0.4, -0.2)",
PLAYER_GAZE,195482,6/27/2026 11:56:54 AM,068492a8-9bbc-456b-87fb-dc52c0aec9a7,2.0,,,,,,,,,,,,,,,,,,,,,,,,Military PT 11,,,,,,,,,"(-0.6, 1.0, 0.4)",,,"(-6.4, 0.0, -0.3)",
PLAYER_POSITIONS,195482,6/27/2026 11:56:54 AM,068492a8-9bbc-456b-87fb-dc52c0aec9a7,2.0,,,,,,,,,,,,,,,,,,,,,,,,,,,,,,,,,,,"(-7.0, 0.4, 0.1)","(-7.1, 1.0, 0.2)","(-7.2, 0.4, -0.2)",
PLAYER_GAZE,195482,6/27/2026 11:56:54 AM,068492a8-9bbc-456b-87fb-dc52c0aec9a7,2.0,,,,,,,,,,,,,,,,,,,,,,,,Military PT 11,,,,,,,,,"(-0.6, 1.0, 0.4)",,,"(-6.4, 0.0, -0.3)",
AUDIO_START,195584,6/27/2026 11:56:54 AM,068492a8-9bbc-456b-87fb-dc52c0aec9a7,2.0,echo can you suppress that target,3.578775,
PLAYER_POSITIONS,195993,6/27/2026 11:56:55 AM,068492a8-9bbc-456b-87fb-dc52c0aec9a7,2.0,,,,,,,,,,,,,,,,,,,,,,,,,,,,,,,,,,,"(-6.9, 0.4, 0.1)","(-7.1, 0.9, 0.1)","(-7.2, 0.4, -0.2)",
PLAYER_GAZE,195993,6/27/2026 11:56:55 AM,068492a8-9bbc-456b-87fb-dc52c0aec9a7,2.0,,,,,,,,,,,,,,,,,,,,,,,,Military PT 11,,,,,,,,,"(-0.6, 0.9, 0.4)",,,"(-6.4, 0.0, -0.3)",
PLAYER_POSITIONS,195993,6/27/2026 11:56:55 AM,068492a8-9bbc-456b-87fb-dc52c0aec9a7,2.0,,,,,,,,,,,,,,,,,,,,,,,,,,,,,,,,,,,"(-6.9, 0.4, 0.1)","(-7.1, 0.9, 0.1)","(-7.2, 0.4, -0.2)",
PLAYER_GAZE,195993,6/27/2026 11:56:55 AM,068492a8-9bbc-456b-87fb-dc52c0aec9a7,2.0,,,,,,,,,,,,,,,,,,,,,,,,Military PT 11,,,,,,,,,"(-0.6, 0.9, 0.4)",,,"(-6.4, 0.0, -0.3)",
PLAYER_POSITIONS,196506,6/27/2026 11:56:55 AM,068492a8-9bbc-456b-87fb-dc52c0aec9a7,2.0,,,,,,,,,,,,,,,,,,,,,,,,,,,,,,,,,,,"(-7.1, 0.4, 0.1)","(-7.1, 0.9, 0.2)","(-7.5, 0.6, -0.1)",
PLAYER_GAZE,196506,6/27/2026 11:56:55 AM,068492a8-9bbc-456b-87fb-dc52c0aec9a7,2.0,,,,,,,,,,,,,,,,,,,,,,,,Military PT 11,,,,,,,,,"(-0.7, 0.9, 0.4)",,,"(-6.4, 0.0, -0.3)",
PLAYER_POSITIONS,196506,6/27/2026 11:56:55 AM,068492a8-9bbc-456b-87fb-dc52c0aec9a7,2.0,,,,,,,,,,,,,,,,,,,,,,,,,,,,,,,,,,,"(-7.1, 0.4, 0.1)","(-7.1, 0.9, 0.2)","(-7.5, 0.6, -0.1)",
PLAYER_GAZE,196506,6/27/2026 11:56:55 AM,068492a8-9bbc-456b-87fb-dc52c0aec9a7,2.0,,,,,,,,,,,,,,,,,,,,,,,,Military PT 11,,,,,,,,,"(-0.7, 0.9, 0.4)",,,"(-6.4, 0.0, -0.3)",
BUTTON_CLICKED,196540,6/27/2026 11:56:55 AM,068492a8-9bbc-456b-87fb-dc52c0aec9a7,2.0,,,follow my hand with your eyes,
VOICE_CAPTURE,196540,6/27/2026 11:56:55 AM,068492a8-9bbc-456b-87fb-dc52c0aec9a7,2.0,,,,,,,,,,,,,,,,,,,,,,,,,,,,,,,,,,,,,,,,,,,,,,,,,,,NA,follow my hand with your eyes,
VOICE_COMMAND,196540,6/27/2026 11:56:55 AM,068492a8-9bbc-456b-87fb-dc52c0aec9a7,2.0,,,,,,,,,,,,,,,,,,,,,,,,Military PT 11,,,,,,,,,,,,,,,,,,,,,,,,,,,follow my hand with your eyes,follow my hand,
PLAYER_POSITIONS,197037,6/27/2026 11:56:56 AM,068492a8-9bbc-456b-87fb-dc52c0aec9a7,2.0,,,,,,,,,,,,,,,,,,,,,,,,,,,,,,,,,,,"(-7.1, 0.4, 0.1)","(-7.1, 0.9, 0.2)","(-7.3, 0.6, -0.1)",
PLAYER_POSITIONS,197037,6/27/2026 11:56:56 AM,068492a8-9bbc-456b-87fb-dc52c0aec9a7,2.0,,,,,,,,,,,,,,,,,,,,,,,,,,,,,,,,,,,"(-7.1, 0.4, 0.1)","(-7.1, 0.9, 0.2)","(-7.3, 0.6, -0.1)",
VOICE_CAPTURE,197203,6/27/2026 11:56:56 AM,068492a8-9bbc-456b-87fb-dc52c0aec9a7,2.0,,,,,,,,,,,,,,,,,,,,,,,,,,,,,,,,,,,,,,,,,,,,,,,,,,,NA,the first time in the year. And I think that's a good idea.,
VOICE_CAPTURE,197403,6/27/2026 11:56:56 AM,068492a8-9bbc-456b-87fb-dc52c0aec9a7,2.0,,,,,,,,,,,,,,,,,,,,,,,,,,,,,,,,,,,,,,,,,,,,,,,,,,,NA,"the first time in the year. And I think that's a good idea. Well, boys commands, where are you?",
PLAYER_POSITIONS,197557,6/27/2026 11:56:56 AM,068492a8-9bbc-456b-87fb-dc52c0aec9a7,2.0,,,,,,,,,,,,,,,,,,,,,,,,,,,,,,,,,,,"(-7.1, 0.4, 0.1)","(-7.2, 0.9, 0.1)","(-7.3, 0.4, -0.2)",
PLAYER_POSITIONS,197557,6/27/2026 11:56:56 AM,068492a8-9bbc-456b-87fb-dc52c0aec9a7,2.0,,,,,,,,,,,,,,,,,,,,,,,,,,,,,,,,,,,"(-7.1, 0.4, 0.1)","(-7.2, 0.9, 0.1)","(-7.3, 0.4, -0.2)",
VOICE_CAPTURE,197941,6/27/2026 11:56:57 AM,068492a8-9bbc-456b-87fb-dc52c0aec9a7,2.0,,,,,,,,,,,,,,,,,,,,,,,,,,,,,,,,,,,,,,,,,,,,,,,,,,,NA,"the first time in the year. And I think that's a good idea. Well, boys commands, where are you?",
VOICE_CAPTURE,197941,6/27/2026 11:56:57 AM,068492a8-9bbc-456b-87fb-dc52c0aec9a7,2.0,,,,,,,,,,,,,,,,,,,,,,,,,,,,,,,,,,,,,,,,,,,,,,,,,,,NA,"the first time in the year. And I think that's a good idea. Well, boys commands, where are you?",
VOICE_COMMAND,197941,6/27/2026 11:56:57 AM,068492a8-9bbc-456b-87fb-dc52c0aec9a7,2.0,,,,,,,,,,,,,,,,,,,,,,,,,,,,,,,,,,,,,,,,,,,,,,,,,,,"the first time in the year. And I think that's a good idea. Well, boys commands, where are you?",what year is it,
PLAYER_POSITIONS,198076,6/27/2026 11:56:57 AM,068492a8-9bbc-456b-87fb-dc52c0aec9a7,2.0,,,,,,,,,,,,,,,,,,,,,,,,,,,,,,,,,,,"(-7.1, 0.4, 0.1)","(-7.2, 0.9, 0.1)","(-7.4, 0.6, -0.1)",
PLAYER_POSITIONS,198076,6/27/2026 11:56:57 AM,068492a8-9bbc-456b-87fb-dc52c0aec9a7,2.0,,,,,,,,,,,,,,,,,,,,,,,,,,,,,,,,,,,"(-7.1, 0.4, 0.1)","(-7.2, 0.9, 0.1)","(-7.4, 0.6, -0.1)",
PLAYER_POSITIONS,198597,6/27/2026 11:56:57 AM,068492a8-9bbc-456b-87fb-dc52c0aec9a7,2.0,,,,,,,,,,,,,,,,,,,,,,,,,,,,,,,,,,,"(-7.1, 0.4, 0.1)","(-7.2, 0.9, 0.1)","(-7.3, 0.5, -0.1)",
PLAYER_POSITIONS,198597,6/27/2026 11:56:57 AM,068492a8-9bbc-456b-87fb-dc52c0aec9a7,2.0,,,,,,,,,,,,,,,,,,,,,,,,,,,,,,,,,,,"(-7.1, 0.4, 0.1)","(-7.2, 0.9, 0.1)","(-7.3, 0.5, -0.1)",
PLAYER_POSITIONS,199107,6/27/2026 11:56:58 AM,068492a8-9bbc-456b-87fb-dc52c0aec9a7,2.0,,,,,,,,,,,,,,,,,,,,,,,,,,,,,,,,,,,"(-7.1, 0.4, 0.1)","(-7.2, 0.9, 0.1)","(-7.1, 0.5, -0.2)",
PLAYER_POSITIONS,199107,6/27/2026 11:56:58 AM,068492a8-9bbc-456b-87fb-dc52c0aec9a7,2.0,,,,,,,,,,,,,,,,,,,,,,,,,,,,,,,,,,,"(-7.1, 0.4, 0.1)","(-7.2, 0.9, 0.1)","(-7.1, 0.5, -0.2)",
AUDIO_END,199152,6/27/2026 11:56:58 AM,068492a8-9bbc-456b-87fb-dc52c0aec9a7,2.0,echo can you suppress that target,3.578775,
NARRATIVE_SECTION_END,199152,6/27/2026 11:56:58 AM,068492a8-9bbc-456b-87fb-dc52c0aec9a7,2.0,,,,,,,,,,,,,,,,,,Echo can you suppress,21,
NARRATIVE_SECTION_START,199170,6/27/2026 11:56:58 AM,068492a8-9bbc-456b-87fb-dc52c0aec9a7,2.0,,,,,,,,,,,,,,,,,,Negative we need a show of force,22,
PLAYER_POSITIONS,199619,6/27/2026 11:56:58 AM,068492a8-9bbc-456b-87fb-dc52c0aec9a7,2.0,,,,,,,,,,,,,,,,,,,,,,,,,,,,,,,,,,,"(-7.1, 0.4, 0.1)","(-7.2, 0.9, 0.1)","(-7.1, 0.4, -0.2)",
PLAYER_POSITIONS,199619,6/27/2026 11:56:58 AM,068492a8-9bbc-456b-87fb-dc52c0aec9a7,2.0,,,,,,,,,,,,,,,,,,,,,,,,,,,,,,,,,,,"(-7.1, 0.4, 0.1)","(-7.2, 0.9, 0.1)","(-7.1, 0.4, -0.2)",
PLAYER_POSITIONS,200126,6/27/2026 11:56:59 AM,068492a8-9bbc-456b-87fb-dc52c0aec9a7,2.0,,,,,,,,,,,,,,,,,,,,,,,,,,,,,,,,,,,"(-7.1, 0.4, 0.1)","(-7.2, 0.9, 0.1)","(-7.3, 0.5, -0.1)",
PLAYER_POSITIONS,200126,6/27/2026 11:56:59 AM,068492a8-9bbc-456b-87fb-dc52c0aec9a7,2.0,,,,,,,,,,,,,,,,,,,,,,,,,,,,,,,,,,,"(-7.1, 0.4, 0.1)","(-7.2, 0.9, 0.1)","(-7.3, 0.5, -0.1)",
PLAYER_POSITIONS,200627,6/27/2026 11:57:00 AM,068492a8-9bbc-456b-87fb-dc52c0aec9a7,2.0,,,,,,,,,,,,,,,,,,,,,,,,,,,,,,,,,,,"(-7.1, 0.4, 0.2)","(-7.2, 0.9, 0.1)","(-7.2, 0.4, -0.1)",
PLAYER_POSITIONS,200627,6/27/2026 11:57:00 AM,068492a8-9bbc-456b-87fb-dc52c0aec9a7,2.0,,,,,,,,,,,,,,,,,,,,,,,,,,,,,,,,,,,"(-7.1, 0.4, 0.2)","(-7.2, 0.9, 0.1)","(-7.2, 0.4, -0.1)",
PLAYER_POSITIONS,201137,6/27/2026 11:57:00 AM,068492a8-9bbc-456b-87fb-dc52c0aec9a7,2.0,,,,,,,,,,,,,,,,,,,,,,,,,,,,,,,,,,,"(-7.1, 0.4, 0.2)","(-7.2, 0.9, 0.1)","(-7.2, 0.4, -0.1)",
PLAYER_POSITIONS,201137,6/27/2026 11:57:00 AM,068492a8-9bbc-456b-87fb-dc52c0aec9a7,2.0,,,,,,,,,,,,,,,,,,,,,,,,,,,,,,,,,,,"(-7.1, 0.4, 0.2)","(-7.2, 0.9, 0.1)","(-7.2, 0.4, -0.1)",
AUDIO_START,201167,6/27/2026 11:57:00 AM,068492a8-9bbc-456b-87fb-dc52c0aec9a7,2.0,negative we need a show of force,5.067755,
PLAYER_POSITIONS,201647,6/27/2026 11:57:01 AM,068492a8-9bbc-456b-87fb-dc52c0aec9a7,2.0,,,,,,,,,,,,,,,,,,,,,,,,,,,,,,,,,,,"(-7.1, 0.4, 0.2)","(-7.2, 0.9, 0.1)","(-7.3, 0.5, -0.1)",
PLAYER_POSITIONS,201647,6/27/2026 11:57:01 AM,068492a8-9bbc-456b-87fb-dc52c0aec9a7,2.0,,,,,,,,,,,,,,,,,,,,,,,,,,,,,,,,,,,"(-7.1, 0.4, 0.2)","(-7.2, 0.9, 0.1)","(-7.3, 0.5, -0.1)",
PLAYER_POSITIONS,202160,6/27/2026 11:57:01 AM,068492a8-9bbc-456b-87fb-dc52c0aec9a7,2.0,,,,,,,,,,,,,,,,,,,,,,,,,,,,,,,,,,,"(-7.1, 0.4, 0.2)","(-7.2, 0.9, 0.1)","(-7.1, 0.5, -0.2)",
PLAYER_POSITIONS,202160,6/27/2026 11:57:01 AM,068492a8-9bbc-456b-87fb-dc52c0aec9a7,2.0,,,,,,,,,,,,,,,,,,,,,,,,,,,,,,,,,,,"(-7.1, 0.4, 0.2)","(-7.2, 0.9, 0.1)","(-7.1, 0.5, -0.2)",
TAG_SELECTED,202203,6/27/2026 11:57:01 AM,068492a8-9bbc-456b-87fb-dc52c0aec9a7,2.0,,,,,,,,,,,,,,,,,,,,,,,,,,,,,,,,,,,,,,,,,,yellow,
PLAYER_POSITIONS,202662,6/27/2026 11:57:02 AM,068492a8-9bbc-456b-87fb-dc52c0aec9a7,2.0,,,,,,,,,,,,,,,,,,,,,,,,,,,,,,,,,,,"(-7.1, 0.4, 0.2)","(-7.1, 1.0, 0.2)","(-6.8, 0.7, -0.1)",
PLAYER_GAZE,202662,6/27/2026 11:57:02 AM,068492a8-9bbc-456b-87fb-dc52c0aec9a7,2.0,,,,,,,,,,,,,,,,,,,,,,,,Military PT 11,,,,,,,,,"(-0.7, 1.0, 0.5)",,,"(-6.4, 0.0, -0.3)",
PLAYER_POSITIONS,202662,6/27/2026 11:57:02 AM,068492a8-9bbc-456b-87fb-dc52c0aec9a7,2.0,,,,,,,,,,,,,,,,,,,,,,,,,,,,,,,,,,,"(-7.1, 0.4, 0.2)","(-7.1, 1.0, 0.2)","(-6.8, 0.7, -0.1)",
PLAYER_GAZE,202662,6/27/2026 11:57:02 AM,068492a8-9bbc-456b-87fb-dc52c0aec9a7,2.0,,,,,,,,,,,,,,,,,,,,,,,,Military PT 11,,,,,,,,,"(-0.7, 1.0, 0.5)",,,"(-6.4, 0.0, -0.3)",
PLAYER_POSITIONS,203182,6/27/2026 11:57:02 AM,068492a8-9bbc-456b-87fb-dc52c0aec9a7,2.0,,,,,,,,,,,,,,,,,,,,,,,,,,,,,,,,,,,"(-7.0, 0.4, 0.2)","(-7.1, 1.0, 0.3)","(-6.8, 1.0, 0.0)",
PLAYER_GAZE,203182,6/27/2026 11:57:02 AM,068492a8-9bbc-456b-87fb-dc52c0aec9a7,2.0,,,,,,,,,,,,,,,,,,,,,,,,Military PT 11,,,,,,,,,"(-0.7, 1.0, 0.5)",,,"(-6.4, 0.0, -0.3)",
PLAYER_POSITIONS,203182,6/27/2026 11:57:02 AM,068492a8-9bbc-456b-87fb-dc52c0aec9a7,2.0,,,,,,,,,,,,,,,,,,,,,,,,,,,,,,,,,,,"(-7.0, 0.4, 0.2)","(-7.1, 1.0, 0.3)","(-6.8, 1.0, 0.0)",
PLAYER_GAZE,203182,6/27/2026 11:57:02 AM,068492a8-9bbc-456b-87fb-dc52c0aec9a7,2.0,,,,,,,,,,,,,,,,,,,,,,,,Military PT 11,,,,,,,,,"(-0.7, 1.0, 0.5)",,,"(-6.4, 0.0, -0.3)",
BUTTON_CLICKED,203525,6/27/2026 11:57:02 AM,068492a8-9bbc-456b-87fb-dc52c0aec9a7,2.0,,,where are you,
VOICE_CAPTURE,203526,6/27/2026 11:57:02 AM,068492a8-9bbc-456b-87fb-dc52c0aec9a7,2.0,,,,,,,,,,,,,,,,,,,,,,,,,,,,,,,,,,,,,,,,,,,,,,,,,,,NA,where are you,
VOICE_COMMAND,203526,6/27/2026 11:57:02 AM,068492a8-9bbc-456b-87fb-dc52c0aec9a7,2.0,,,,,,,,,,,,,,,,,,,,,,,,Military PT 11,,,,,,,,,,,,,,,,,,,,,,,,,,,where are you,where are you,
PLAYER_POSITIONS,203695,6/27/2026 11:57:03 AM,068492a8-9bbc-456b-87fb-dc52c0aec9a7,2.0,,,,,,,,,,,,,,,,,,,,,,,,,,,,,,,,,,,"(-7.0, 0.4, 0.2)","(-7.1, 1.0, 0.3)","(-6.8, 1.1, -0.1)",
PLAYER_GAZE,203695,6/27/2026 11:57:03 AM,068492a8-9bbc-456b-87fb-dc52c0aec9a7,2.0,,,,,,,,,,,,,,,,,,,,,,,,Military PT 11,,,,,,,,,"(-0.7, 1.0, 0.5)",,,"(-6.4, 0.0, -0.3)",
PLAYER_POSITIONS,203695,6/27/2026 11:57:03 AM,068492a8-9bbc-456b-87fb-dc52c0aec9a7,2.0,,,,,,,,,,,,,,,,,,,,,,,,,,,,,,,,,,,"(-7.0, 0.4, 0.2)","(-7.1, 1.0, 0.3)","(-6.8, 1.1, -0.1)",
PLAYER_GAZE,203695,6/27/2026 11:57:03 AM,068492a8-9bbc-456b-87fb-dc52c0aec9a7,2.0,,,,,,,,,,,,,,,,,,,,,,,,Military PT 11,,,,,,,,,"(-0.7, 1.0, 0.5)",,,"(-6.4, 0.0, -0.3)",
TAG_APPLIED,203829,6/27/2026 11:57:03 AM,068492a8-9bbc-456b-87fb-dc52c0aec9a7,2.0,,,,,,,,,,,,,,,,,,,,,,,,Military PT 11,,,,,,,,,,,,,,,,,,yellow,
PLAYER_POSITIONS,204206,6/27/2026 11:57:03 AM,068492a8-9bbc-456b-87fb-dc52c0aec9a7,2.0,,,,,,,,,,,,,,,,,,,,,,,,,,,,,,,,,,,"(-7.0, 0.4, 0.2)","(-7.1, 1.0, 0.3)","(-6.8, 1.0, -0.1)",
PLAYER_GAZE,204206,6/27/2026 11:57:03 AM,068492a8-9bbc-456b-87fb-dc52c0aec9a7,2.0,,,,,,,,,,,,,,,,,,,,,,,,Military PT 11,,,,,,,,,"(-0.7, 1.0, 0.5)",,,"(-6.4, 0.0, -0.3)",
PLAYER_POSITIONS,204206,6/27/2026 11:57:03 AM,068492a8-9bbc-456b-87fb-dc52c0aec9a7,2.0,,,,,,,,,,,,,,,,,,,,,,,,,,,,,,,,,,,"(-7.0, 0.4, 0.2)","(-7.1, 1.0, 0.3)","(-6.8, 1.0, -0.1)",
PLAYER_GAZE,204206,6/27/2026 11:57:03 AM,068492a8-9bbc-456b-87fb-dc52c0aec9a7,2.0,,,,,,,,,,,,,,,,,,,,,,,,Military PT 11,,,,,,,,,"(-0.7, 1.0, 0.5)",,,"(-6.4, 0.0, -0.3)",
PLAYER_POSITIONS,204727,6/27/2026 11:57:04 AM,068492a8-9bbc-456b-87fb-dc52c0aec9a7,2.0,,,,,,,,,,,,,,,,,,,,,,,,,,,,,,,,,,,"(-7.1, 0.5, 0.2)","(-7.2, 1.0, 0.2)","(-7.0, 0.9, -0.1)",
PLAYER_POSITIONS,204727,6/27/2026 11:57:04 AM,068492a8-9bbc-456b-87fb-dc52c0aec9a7,2.0,,,,,,,,,,,,,,,,,,,,,,,,,,,,,,,,,,,"(-7.1, 0.5, 0.2)","(-7.2, 1.0, 0.2)","(-7.0, 0.9, -0.1)",
PLAYER_POSITIONS,205248,6/27/2026 11:57:04 AM,068492a8-9bbc-456b-87fb-dc52c0aec9a7,2.0,,,,,,,,,,,,,,,,,,,,,,,,,,,,,,,,,,,"(-7.1, 0.4, 0.1)","(-7.2, 1.0, 0.2)","(-7.4, 0.6, 0.0)",
PLAYER_POSITIONS,205248,6/27/2026 11:57:04 AM,068492a8-9bbc-456b-87fb-dc52c0aec9a7,2.0,,,,,,,,,,,,,,,,,,,,,,,,,,,,,,,,,,,"(-7.1, 0.4, 0.1)","(-7.2, 1.0, 0.2)","(-7.4, 0.6, 0.0)",
PLAYER_POSITIONS,205769,6/27/2026 11:57:05 AM,068492a8-9bbc-456b-87fb-dc52c0aec9a7,2.0,,,,,,,,,,,,,,,,,,,,,,,,,,,,,,,,,,,"(-7.3, 0.4, 0.2)","(-7.3, 0.9, 0.2)","(-7.4, 0.6, -0.2)",
PLAYER_POSITIONS,205769,6/27/2026 11:57:05 AM,068492a8-9bbc-456b-87fb-dc52c0aec9a7,2.0,,,,,,,,,,,,,,,,,,,,,,,,,,,,,,,,,,,"(-7.3, 0.4, 0.2)","(-7.3, 0.9, 0.2)","(-7.4, 0.6, -0.2)",
AUDIO_END,206246,6/27/2026 11:57:05 AM,068492a8-9bbc-456b-87fb-dc52c0aec9a7,2.0,negative we need a show of force,5.067755,
NARRATIVE_SECTION_END,206246,6/27/2026 11:57:05 AM,068492a8-9bbc-456b-87fb-dc52c0aec9a7,2.0,,,,,,,,,,,,,,,,,,Negative we need a show of force,22,
NARRATIVE_SECTION_START,206265,6/27/2026 11:57:05 AM,068492a8-9bbc-456b-87fb-dc52c0aec9a7,2.0,,,,,,,,,,,,,,,,,,Commanding officer approval,23,
PLAYER_POSITIONS,206269,6/27/2026 11:57:05 AM,068492a8-9bbc-456b-87fb-dc52c0aec9a7,2.0,,,,,,,,,,,,,,,,,,,,,,,,,,,,,,,,,,,"(-7.2, 0.5, 0.2)","(-7.3, 1.0, 0.2)","(-7.4, 0.7, -0.4)",
PLAYER_POSITIONS,206269,6/27/2026 11:57:05 AM,068492a8-9bbc-456b-87fb-dc52c0aec9a7,2.0,,,,,,,,,,,,,,,,,,,,,,,,,,,,,,,,,,,"(-7.2, 0.5, 0.2)","(-7.3, 1.0, 0.2)","(-7.4, 0.7, -0.4)",
TOOL_HOVER,206432,6/27/2026 11:57:05 AM,068492a8-9bbc-456b-87fb-dc52c0aec9a7,2.0,,,,,,,,,,,,,,,,,,,,,,,,,,,,,,,,,,,,,,,,,,,,,,999,,Burn Dressing,
TOOL_HOVER,206517,6/27/2026 11:57:05 AM,068492a8-9bbc-456b-87fb-dc52c0aec9a7,2.0,,,,,,,,,,,,,,,,,,,,,,,,,,,,,,,,,,,,,,,,,,,,,,999,,Blanket,
TOOL_HOVER,206607,6/27/2026 11:57:05 AM,068492a8-9bbc-456b-87fb-dc52c0aec9a7,2.0,,,,,,,,,,,,,,,,,,,,,,,,,,,,,,,,,,,,,,,,,,,,,,999,,Burn Dressing,
TOOL_SELECTED,206787,6/27/2026 11:57:06 AM,068492a8-9bbc-456b-87fb-dc52c0aec9a7,2.0,,,,,,,,,,,,,,,,,,,,,,,,,,,,,,,,,,,,,,,,,,,,,,998,,Burn Dressing,
PLAYER_POSITIONS,206790,6/27/2026 11:57:06 AM,068492a8-9bbc-456b-87fb-dc52c0aec9a7,2.0,,,,,,,,,,,,,,,,,,,,,,,,,,,,,,,,,,,"(-7.1, 0.5, 0.1)","(-7.1, 1.1, 0.1)","(-7.4, 0.7, -0.5)",
PLAYER_POSITIONS,206790,6/27/2026 11:57:06 AM,068492a8-9bbc-456b-87fb-dc52c0aec9a7,2.0,,,,,,,,,,,,,,,,,,,,,,,,,,,,,,,,,,,"(-7.1, 0.5, 0.1)","(-7.1, 1.1, 0.1)","(-7.4, 0.7, -0.5)",
VOICE_CAPTURE,206976,6/27/2026 11:57:06 AM,068492a8-9bbc-456b-87fb-dc52c0aec9a7,2.0,,,,,,,,,,,,,,,,,,,,,,,,,,,,,,,,,,,,,,,,,,,,,,,,,,,NA,s the video?,
PLAYER_POSITIONS,207309,6/27/2026 11:57:06 AM,068492a8-9bbc-456b-87fb-dc52c0aec9a7,2.0,,,,,,,,,,,,,,,,,,,,,,,,,,,,,,,,,,,"(-7.1, 0.5, 0.1)","(-7.1, 1.0, 0.2)","(-7.0, 0.7, -0.2)",
PLAYER_GAZE,207309,6/27/2026 11:57:06 AM,068492a8-9bbc-456b-87fb-dc52c0aec9a7,2.0,,,,,,,,,,,,,,,,,,,,,,,,Military PT 11,,,,,,,,,"(-0.6, 1.0, 0.5)",,,"(-6.4, 0.0, -0.3)",
PLAYER_POSITIONS,207309,6/27/2026 11:57:06 AM,068492a8-9bbc-456b-87fb-dc52c0aec9a7,2.0,,,,,,,,,,,,,,,,,,,,,,,,,,,,,,,,,,,"(-7.1, 0.5, 0.1)","(-7.1, 1.0, 0.2)","(-7.0, 0.7, -0.2)",
PLAYER_GAZE,207309,6/27/2026 11:57:06 AM,068492a8-9bbc-456b-87fb-dc52c0aec9a7,2.0,,,,,,,,,,,,,,,,,,,,,,,,Military PT 11,,,,,,,,,"(-0.6, 1.0, 0.5)",,,"(-6.4, 0.0, -0.3)",
VOICE_CAPTURE,207397,6/27/2026 11:57:06 AM,068492a8-9bbc-456b-87fb-dc52c0aec9a7,2.0,,,,,,,,,,,,,,,,,,,,,,,,,,,,,,,,,,,,,,,,,,,,,,,,,,,NA,s the video? Where does it hurt?,
BAG_CLOSED,207572,6/27/2026 11:57:06 AM,068492a8-9bbc-456b-87fb-dc52c0aec9a7,2.0,,,,,,,,,,,,,,,,,,,,,,,,,,,,,,,,,,,,"(0.0, 0.0, 0.0)",
PLAYER_POSITIONS,207830,6/27/2026 11:57:07 AM,068492a8-9bbc-456b-87fb-dc52c0aec9a7,2.0,,,,,,,,,,,,,,,,,,,,,,,,,,,,,,,,,,,"(-7.0, 0.5, 0.2)","(-7.0, 1.0, 0.4)","(-6.8, 1.0, 0.1)",
PLAYER_GAZE,207830,6/27/2026 11:57:07 AM,068492a8-9bbc-456b-87fb-dc52c0aec9a7,2.0,,,,,,,,,,,,,,,,,,,,,,,,Military PT 11,,,,,,,,,"(-0.6, 1.0, 0.6)",,,"(-6.4, 0.0, -0.3)",
PLAYER_POSITIONS,207830,6/27/2026 11:57:07 AM,068492a8-9bbc-456b-87fb-dc52c0aec9a7,2.0,,,,,,,,,,,,,,,,,,,,,,,,,,,,,,,,,,,"(-7.0, 0.5, 0.2)","(-7.0, 1.0, 0.4)","(-6.8, 1.0, 0.1)",
PLAYER_GAZE,207830,6/27/2026 11:57:07 AM,068492a8-9bbc-456b-87fb-dc52c0aec9a7,2.0,,,,,,,,,,,,,,,,,,,,,,,,Military PT 11,,,,,,,,,"(-0.6, 1.0, 0.6)",,,"(-6.4, 0.0, -0.3)",
VOICE_CAPTURE,207908,6/27/2026 11:57:07 AM,068492a8-9bbc-456b-87fb-dc52c0aec9a7,2.0,,,,,,,,,,,,,,,,,,,,,,,,,,,,,,,,,,,,,,,,,,,,,,,,,,,NA,s the video? Where does it hurt?,
VOICE_CAPTURE,207908,6/27/2026 11:57:07 AM,068492a8-9bbc-456b-87fb-dc52c0aec9a7,2.0,,,,,,,,,,,,,,,,,,,,,,,,,,,,,,,,,,,,,,,,,,,,,,,,,,,NA,s the video? Where does it hurt?,
VOICE_COMMAND,207908,6/27/2026 11:57:07 AM,068492a8-9bbc-456b-87fb-dc52c0aec9a7,2.0,,,,,,,,,,,,,,,,,,,,,,,,Military PT 11,,,,,,,,,,,,,,,,,,,,,,,,,,,s the video? Where does it hurt?,are you hurt,
AUDIO_START,208270,6/27/2026 11:57:07 AM,068492a8-9bbc-456b-87fb-dc52c0aec9a7,2.0,commanding officer approval,5.067755,
PLAYER_POSITIONS,208353,6/27/2026 11:57:07 AM,068492a8-9bbc-456b-87fb-dc52c0aec9a7,2.0,,,,,,,,,,,,,,,,,,,,,,,,,,,,,,,,,,,"(-6.8, 0.5, 0.3)","(-6.7, 1.0, 0.4)","(-6.5, 1.0, 0.0)",
PLAYER_GAZE,208353,6/27/2026 11:57:07 AM,068492a8-9bbc-456b-87fb-dc52c0aec9a7,2.0,,,,,,,,,,,,,,,,,,,,,,,,Military PT 11,,,,,,,,,"(-0.3, 1.0, 0.7)",,,"(-6.4, 0.0, -0.3)",
PLAYER_POSITIONS,208353,6/27/2026 11:57:07 AM,068492a8-9bbc-456b-87fb-dc52c0aec9a7,2.0,,,,,,,,,,,,,,,,,,,,,,,,,,,,,,,,,,,"(-6.8, 0.5, 0.3)","(-6.7, 1.0, 0.4)","(-6.5, 1.0, 0.0)",
PLAYER_GAZE,208353,6/27/2026 11:57:07 AM,068492a8-9bbc-456b-87fb-dc52c0aec9a7,2.0,,,,,,,,,,,,,,,,,,,,,,,,Military PT 11,,,,,,,,,"(-0.3, 1.0, 0.7)",,,"(-6.4, 0.0, -0.3)",
TREATMENT_APPLIED,208853,6/27/2026 11:57:08 AM,068492a8-9bbc-456b-87fb-dc52c0aec9a7,2.0,,,,,,,,,rightForearm,,"(-6.4, 1.1, -0.1)",burnDressing,,,,,,,,,,,,Military PT 11,
TOOL_APPLIED,208856,6/27/2026 11:57:08 AM,068492a8-9bbc-456b-87fb-dc52c0aec9a7,2.0,,,,,,,,,,,,,,,,,,,,,,,,Military PT 11,,,,,,,,,,,,,,,,,,,,AppliedBurnDressing,skinCollider_BodyCollideLOD (UnityEngine.GameObject),,Burn Dressing(Clone) (UnityEngine.GameObject),Burn Dressing,
PLAYER_POSITIONS,208860,6/27/2026 11:57:08 AM,068492a8-9bbc-456b-87fb-dc52c0aec9a7,2.0,,,,,,,,,,,,,,,,,,,,,,,,,,,,,,,,,,,"(-6.7, 0.5, 0.3)","(-6.6, 1.0, 0.4)","(-6.4, 1.1, -0.1)",
PLAYER_GAZE,208860,6/27/2026 11:57:08 AM,068492a8-9bbc-456b-87fb-dc52c0aec9a7,2.0,,,,,,,,,,,,,,,,,,,,,,,,Military PT 11,,,,,,,,,"(-0.2, 1.0, 0.7)",,,"(-6.4, 0.0, -0.3)",
PLAYER_POSITIONS,208860,6/27/2026 11:57:08 AM,068492a8-9bbc-456b-87fb-dc52c0aec9a7,2.0,,,,,,,,,,,,,,,,,,,,,,,,,,,,,,,,,,,"(-6.7, 0.5, 0.3)","(-6.6, 1.0, 0.4)","(-6.4, 1.1, -0.1)",
PLAYER_GAZE,208860,6/27/2026 11:57:08 AM,068492a8-9bbc-456b-87fb-dc52c0aec9a7,2.0,,,,,,,,,,,,,,,,,,,,,,,,Military PT 11,,,,,,,,,"(-0.2, 1.0, 0.7)",,,"(-6.4, 0.0, -0.3)",
TOOL_DISCARDED,208883,6/27/2026 11:57:08 AM,068492a8-9bbc-456b-87fb-dc52c0aec9a7,2.0,,,,,,,,,,,,,,,,,,,,,,,,Military PT 11,,,,,,,,,,,,"(-6.4, 1.1, -0.1)",,,,,,,,,,997,,Burn Dressing,
PLAYER_POSITIONS,209375,6/27/2026 11:57:08 AM,068492a8-9bbc-456b-87fb-dc52c0aec9a7,2.0,,,,,,,,,,,,,,,,,,,,,,,,,,,,,,,,,,,"(-6.7, 0.5, 0.3)","(-6.6, 1.0, 0.4)","(-6.5, 1.0, 0.0)",
PLAYER_GAZE,209375,6/27/2026 11:57:08 AM,068492a8-9bbc-456b-87fb-dc52c0aec9a7,2.0,,,,,,,,,,,,,,,,,,,,,,,,Military PT 11,,,,,,,,,"(-0.2, 1.0, 0.7)",,,"(-6.4, 0.0, -0.3)",
PLAYER_POSITIONS,209375,6/27/2026 11:57:08 AM,068492a8-9bbc-456b-87fb-dc52c0aec9a7,2.0,,,,,,,,,,,,,,,,,,,,,,,,,,,,,,,,,,,"(-6.7, 0.5, 0.3)","(-6.6, 1.0, 0.4)","(-6.5, 1.0, 0.0)",
PLAYER_GAZE,209375,6/27/2026 11:57:08 AM,068492a8-9bbc-456b-87fb-dc52c0aec9a7,2.0,,,,,,,,,,,,,,,,,,,,,,,,Military PT 11,,,,,,,,,"(-0.2, 1.0, 0.7)",,,"(-6.4, 0.0, -0.3)",
PLAYER_POSITIONS,209900,6/27/2026 11:57:09 AM,068492a8-9bbc-456b-87fb-dc52c0aec9a7,2.0,,,,,,,,,,,,,,,,,,,,,,,,,,,,,,,,,,,"(-6.7, 0.5, 0.3)","(-6.7, 1.0, 0.3)","(-6.8, 0.5, 0.0)",
PLAYER_POSITIONS,209900,6/27/2026 11:57:09 AM,068492a8-9bbc-456b-87fb-dc52c0aec9a7,2.0,,,,,,,,,,,,,,,,,,,,,,,,,,,,,,,,,,,"(-6.7, 0.5, 0.3)","(-6.7, 1.0, 0.3)","(-6.8, 0.5, 0.0)",
PLAYER_POSITIONS,210410,6/27/2026 11:57:09 AM,068492a8-9bbc-456b-87fb-dc52c0aec9a7,2.0,,,,,,,,,,,,,,,,,,,,,,,,,,,,,,,,,,,"(-6.8, 0.3, 0.3)","(-6.8, 1.0, 0.3)","(-7.1, 0.5, 0.1)",
PLAYER_POSITIONS,210410,6/27/2026 11:57:09 AM,068492a8-9bbc-456b-87fb-dc52c0aec9a7,2.0,,,,,,,,,,,,,,,,,,,,,,,,,,,,,,,,,,,"(-6.8, 0.3, 0.3)","(-6.8, 1.0, 0.3)","(-7.1, 0.5, 0.1)",
PLAYER_POSITIONS,210929,6/27/2026 11:57:10 AM,068492a8-9bbc-456b-87fb-dc52c0aec9a7,2.0,,,,,,,,,,,,,,,,,,,,,,,,,,,,,,,,,,,"(-6.9, 0.2, 0.3)","(-6.8, 0.9, 0.2)","(-7.1, 0.4, 0.1)",
PLAYER_GAZE,210929,6/27/2026 11:57:10 AM,068492a8-9bbc-456b-87fb-dc52c0aec9a7,2.0,,,,,,,,,,,,,,,,,,,,,,,,Military PT 11,,,,,,,,,"(-0.3, 0.9, 0.5)",,,"(-6.4, 0.0, -0.3)",
PLAYER_POSITIONS,210929,6/27/2026 11:57:10 AM,068492a8-9bbc-456b-87fb-dc52c0aec9a7,2.0,,,,,,,,,,,,,,,,,,,,,,,,,,,,,,,,,,,"(-6.9, 0.2, 0.3)","(-6.8, 0.9, 0.2)","(-7.1, 0.4, 0.1)",
PLAYER_GAZE,210929,6/27/2026 11:57:10 AM,068492a8-9bbc-456b-87fb-dc52c0aec9a7,2.0,,,,,,,,,,,,,,,,,,,,,,,,Military PT 11,,,,,,,,,"(-0.3, 0.9, 0.5)",,,"(-6.4, 0.0, -0.3)",
PLAYER_POSITIONS,211449,6/27/2026 11:57:10 AM,068492a8-9bbc-456b-87fb-dc52c0aec9a7,2.0,,,,,,,,,,,,,,,,,,,,,,,,,,,,,,,,,,,"(-6.9, 0.3, 0.3)","(-6.9, 1.1, 0.2)","(-7.2, 0.5, 0.1)",
PLAYER_POSITIONS,211449,6/27/2026 11:57:10 AM,068492a8-9bbc-456b-87fb-dc52c0aec9a7,2.0,,,,,,,,,,,,,,,,,,,,,,,,,,,,,,,,,,,"(-6.9, 0.3, 0.3)","(-6.9, 1.1, 0.2)","(-7.2, 0.5, 0.1)",
PLAYER_POSITIONS,211959,6/27/2026 11:57:11 AM,068492a8-9bbc-456b-87fb-dc52c0aec9a7,2.0,,,,,,,,,,,,,,,,,,,,,,,,,,,,,,,,,,,"(-7.0, 0.4, 0.3)","(-6.9, 1.2, 0.3)","(-7.3, 0.7, 0.6)",
PLAYER_POSITIONS,211959,6/27/2026 11:57:11 AM,068492a8-9bbc-456b-87fb-dc52c0aec9a7,2.0,,,,,,,,,,,,,,,,,,,,,,,,,,,,,,,,,,,"(-7.0, 0.4, 0.3)","(-6.9, 1.2, 0.3)","(-7.3, 0.7, 0.6)",
PATIENT_DISENGAGED,212179,6/27/2026 11:57:11 AM,068492a8-9bbc-456b-87fb-dc52c0aec9a7,2.0,,,,24.09,,,,,,,,,,,,,,,,normal,100,Infinity,normal,Military PT 11,panic,standing,"(-6.4, -0.1, -0.2)",normal,"(0.0, -0.3, 0.0, 0.9)",normal,MINIMAL,still,,,,,,,,,,,,,,,,,28.87,
TELEPORT,212415,6/27/2026 11:57:11 AM,068492a8-9bbc-456b-87fb-dc52c0aec9a7,2.0,,,,,,,,,,,,,,,,,,,,,,,,,,,,,,,,,,,,"(-6.9, 1.2, 0.4)",,,,,,,"(-10.8, 1.2, 2.4)",
PLAYER_POSITIONS,212481,6/27/2026 11:57:11 AM,068492a8-9bbc-456b-87fb-dc52c0aec9a7,2.0,,,,,,,,,,,,,,,,,,,,,,,,,,,,,,,,,,,"(-11.0, 0.5, 2.4)","(-10.8, 1.1, 2.4)","(-11.2, 0.7, 2.7)",
PLAYER_GAZE,212481,6/27/2026 11:57:11 AM,068492a8-9bbc-456b-87fb-dc52c0aec9a7,2.0,,,,,,,,,,,,,,,,,,,,,,,,Civilian PT 14,,,,,,,,,"(3.2, 1.1, -1.2)",,,"(-14.1, 0.0, 3.6)",
PLAYER_POSITIONS,212481,6/27/2026 11:57:11 AM,068492a8-9bbc-456b-87fb-dc52c0aec9a7,2.0,,,,,,,,,,,,,,,,,,,,,,,,,,,,,,,,,,,"(-11.0, 0.5, 2.4)","(-10.8, 1.1, 2.4)","(-11.2, 0.7, 2.7)",
PLAYER_GAZE,212481,6/27/2026 11:57:11 AM,068492a8-9bbc-456b-87fb-dc52c0aec9a7,2.0,,,,,,,,,,,,,,,,,,,,,,,,Civilian PT 14,,,,,,,,,"(3.2, 1.1, -1.2)",,,"(-14.1, 0.0, 3.6)",
PLAYER_POSITIONS,212981,6/27/2026 11:57:12 AM,068492a8-9bbc-456b-87fb-dc52c0aec9a7,2.0,,,,,,,,,,,,,,,,,,,,,,,,,,,,,,,,,,,"(-11.0, 0.5, 2.4)","(-10.9, 1.1, 2.3)","(-11.2, 0.6, 2.5)",
PLAYER_POSITIONS,212981,6/27/2026 11:57:12 AM,068492a8-9bbc-456b-87fb-dc52c0aec9a7,2.0,,,,,,,,,,,,,,,,,,,,,,,,,,,,,,,,,,,"(-11.0, 0.5, 2.4)","(-10.9, 1.1, 2.3)","(-11.2, 0.6, 2.5)",
AUDIO_END,213370,6/27/2026 11:57:12 AM,068492a8-9bbc-456b-87fb-dc52c0aec9a7,2.0,commanding officer approval,5.067755,
NARRATIVE_SECTION_END,213370,6/27/2026 11:57:12 AM,068492a8-9bbc-456b-87fb-dc52c0aec9a7,2.0,,,,,,,,,,,,,,,,,,Commanding officer approval,23,
NARRATIVE_SECTION_START,213399,6/27/2026 11:57:12 AM,068492a8-9bbc-456b-87fb-dc52c0aec9a7,2.0,,,,,,,,,,,,,,,,,,Show of force approved,24,
PLAYER_POSITIONS,213503,6/27/2026 11:57:12 AM,068492a8-9bbc-456b-87fb-dc52c0aec9a7,2.0,,,,,,,,,,,,,,,,,,,,,,,,,,,,,,,,,,,"(-11.6, 0.4, 2.2)","(-11.6, 1.1, 2.3)","(-11.9, 0.6, 2.4)",
PLAYER_POSITIONS,213503,6/27/2026 11:57:12 AM,068492a8-9bbc-456b-87fb-dc52c0aec9a7,2.0,,,,,,,,,,,,,,,,,,,,,,,,,,,,,,,,,,,"(-11.6, 0.4, 2.2)","(-11.6, 1.1, 2.3)","(-11.9, 0.6, 2.4)",
PATIENT_ENGAGED,213936,6/27/2026 11:57:13 AM,068492a8-9bbc-456b-87fb-dc52c0aec9a7,2.0,,,,0,,,,,,,,,,,,,,,,normal,100,Infinity,normal,Civilian PT 14,upset,sittingGround,"(-14.1, 0.0, 3.6)",normal,"(0.0, 0.8, 0.0, 0.6)",normal,DELAYED,still,,,,,,,,,,,,,,,,,0,
PLAYER_POSITIONS,214005,6/27/2026 11:57:13 AM,068492a8-9bbc-456b-87fb-dc52c0aec9a7,2.0,,,,,,,,,,,,,,,,,,,,,,,,,,,,,,,,,,,"(-12.5, 0.4, 2.5)","(-12.4, 1.1, 2.5)","(-12.6, 0.6, 2.8)",
PLAYER_POSITIONS,214005,6/27/2026 11:57:13 AM,068492a8-9bbc-456b-87fb-dc52c0aec9a7,2.0,,,,,,,,,,,,,,,,,,,,,,,,,,,,,,,,,,,"(-12.5, 0.4, 2.5)","(-12.4, 1.1, 2.5)","(-12.6, 0.6, 2.8)",
PLAYER_POSITIONS,214527,6/27/2026 11:57:13 AM,068492a8-9bbc-456b-87fb-dc52c0aec9a7,2.0,,,,,,,,,,,,,,,,,,,,,,,,,,,,,,,,,,,"(-13.3, 0.6, 3.0)","(-13.2, 1.3, 2.9)","(-13.4, 0.8, 3.2)",
PLAYER_GAZE,214527,6/27/2026 11:57:13 AM,068492a8-9bbc-456b-87fb-dc52c0aec9a7,2.0,,,,,,,,,,,,,,,,,,,,,,,,Civilian PT 14,,,,,,,,,"(0.9, 1.3, -0.7)",,,"(-14.1, 0.0, 3.6)",
PLAYER_POSITIONS,214527,6/27/2026 11:57:13 AM,068492a8-9bbc-456b-87fb-dc52c0aec9a7,2.0,,,,,,,,,,,,,,,,,,,,,,,,,,,,,,,,,,,"(-13.3, 0.6, 3.0)","(-13.2, 1.3, 2.9)","(-13.4, 0.8, 3.2)",
PLAYER_GAZE,214527,6/27/2026 11:57:13 AM,068492a8-9bbc-456b-87fb-dc52c0aec9a7,2.0,,,,,,,,,,,,,,,,,,,,,,,,Civilian PT 14,,,,,,,,,"(0.9, 1.3, -0.7)",,,"(-14.1, 0.0, 3.6)",
PLAYER_POSITIONS,215027,6/27/2026 11:57:14 AM,068492a8-9bbc-456b-87fb-dc52c0aec9a7,2.0,,,,,,,,,,,,,,,,,,,,,,,,,,,,,,,,,,,"(-13.6, 0.5, 3.2)","(-13.5, 1.2, 3.2)","(-13.6, 0.7, 3.5)",
PLAYER_GAZE,215027,6/27/2026 11:57:14 AM,068492a8-9bbc-456b-87fb-dc52c0aec9a7,2.0,,,,,,,,,,,,,,,,,,,,,,,,Civilian PT 14,,,,,,,,,"(0.6, 1.2, -0.4)",,,"(-14.1, 0.0, 3.6)",
PLAYER_POSITIONS,215027,6/27/2026 11:57:14 AM,068492a8-9bbc-456b-87fb-dc52c0aec9a7,2.0,,,,,,,,,,,,,,,,,,,,,,,,,,,,,,,,,,,"(-13.6, 0.5, 3.2)","(-13.5, 1.2, 3.2)","(-13.6, 0.7, 3.5)",
PLAYER_GAZE,215027,6/27/2026 11:57:14 AM,068492a8-9bbc-456b-87fb-dc52c0aec9a7,2.0,,,,,,,,,,,,,,,,,,,,,,,,Civilian PT 14,,,,,,,,,"(0.6, 1.2, -0.4)",,,"(-14.1, 0.0, 3.6)",
AUDIO_START,215413,6/27/2026 11:57:14 AM,068492a8-9bbc-456b-87fb-dc52c0aec9a7,2.0,show of force approved,5.067755,
PLAYER_POSITIONS,215540,6/27/2026 11:57:14 AM,068492a8-9bbc-456b-87fb-dc52c0aec9a7,2.0,,,,,,,,,,,,,,,,,,,,,,,,,,,,,,,,,,,"(-13.7, 0.5, 3.2)","(-13.7, 1.2, 3.3)","(-13.8, 0.7, 3.7)",
PLAYER_GAZE,215540,6/27/2026 11:57:14 AM,068492a8-9bbc-456b-87fb-dc52c0aec9a7,2.0,,,,,,,,,,,,,,,,,,,,,,,,Civilian PT 14,,,,,,,,,"(0.4, 1.2, -0.3)",,,"(-14.1, 0.0, 3.6)",
PLAYER_POSITIONS,215540,6/27/2026 11:57:14 AM,068492a8-9bbc-456b-87fb-dc52c0aec9a7,2.0,,,,,,,,,,,,,,,,,,,,,,,,,,,,,,,,,,,"(-13.7, 0.5, 3.2)","(-13.7, 1.2, 3.3)","(-13.8, 0.7, 3.7)",
PLAYER_GAZE,215540,6/27/2026 11:57:14 AM,068492a8-9bbc-456b-87fb-dc52c0aec9a7,2.0,,,,,,,,,,,,,,,,,,,,,,,,Civilian PT 14,,,,,,,,,"(0.4, 1.2, -0.3)",,,"(-14.1, 0.0, 3.6)",
PLAYER_POSITIONS,216056,6/27/2026 11:57:15 AM,068492a8-9bbc-456b-87fb-dc52c0aec9a7,2.0,,,,,,,,,,,,,,,,,,,,,,,,,,,,,,,,,,,"(-13.8, 0.5, 3.2)","(-13.8, 1.1, 3.3)","(-13.9, 0.5, 3.9)",
PLAYER_GAZE,216056,6/27/2026 11:57:15 AM,068492a8-9bbc-456b-87fb-dc52c0aec9a7,2.0,,,,,,,,,,,,,,,,,,,,,,,,Civilian PT 14,,,,,,,,,"(0.2, 1.1, -0.3)",,,"(-14.1, 0.0, 3.6)",
PLAYER_POSITIONS,216056,6/27/2026 11:57:15 AM,068492a8-9bbc-456b-87fb-dc52c0aec9a7,2.0,,,,,,,,,,,,,,,,,,,,,,,,,,,,,,,,,,,"(-13.8, 0.5, 3.2)","(-13.8, 1.1, 3.3)","(-13.9, 0.5, 3.9)",
PLAYER_GAZE,216056,6/27/2026 11:57:15 AM,068492a8-9bbc-456b-87fb-dc52c0aec9a7,2.0,,,,,,,,,,,,,,,,,,,,,,,,Civilian PT 14,,,,,,,,,"(0.2, 1.1, -0.3)",,,"(-14.1, 0.0, 3.6)",
BAG_CLOSED,216275,6/27/2026 11:57:15 AM,068492a8-9bbc-456b-87fb-dc52c0aec9a7,2.0,,,,,,,,,,,,,,,,,,,,,,,,,,,,,,,,,,,,"(0.0, 0.0, 0.0)",
PLAYER_POSITIONS,216561,6/27/2026 11:57:15 AM,068492a8-9bbc-456b-87fb-dc52c0aec9a7,2.0,,,,,,,,,,,,,,,,,,,,,,,,,,,,,,,,,,,"(-13.9, 0.5, 3.3)","(-13.9, 1.1, 3.4)","(-14.0, 0.7, 3.6)",
PLAYER_GAZE,216561,6/27/2026 11:57:15 AM,068492a8-9bbc-456b-87fb-dc52c0aec9a7,2.0,,,,,,,,,,,,,,,,,,,,,,,,Civilian PT 14,,,,,,,,,"(0.2, 1.1, -0.2)",,,"(-14.1, 0.0, 3.6)",
PLAYER_POSITIONS,216561,6/27/2026 11:57:15 AM,068492a8-9bbc-456b-87fb-dc52c0aec9a7,2.0,,,,,,,,,,,,,,,,,,,,,,,,,,,,,,,,,,,"(-13.9, 0.5, 3.3)","(-13.9, 1.1, 3.4)","(-14.0, 0.7, 3.6)",
PLAYER_GAZE,216561,6/27/2026 11:57:15 AM,068492a8-9bbc-456b-87fb-dc52c0aec9a7,2.0,,,,,,,,,,,,,,,,,,,,,,,,Civilian PT 14,,,,,,,,,"(0.2, 1.1, -0.2)",,,"(-14.1, 0.0, 3.6)",
PLAYER_POSITIONS,217063,6/27/2026 11:57:16 AM,068492a8-9bbc-456b-87fb-dc52c0aec9a7,2.0,,,,,,,,,,,,,,,,,,,,,,,,,,,,,,,,,,,"(-13.9, 0.5, 3.3)","(-13.9, 1.1, 3.3)","(-13.9, 0.7, 3.6)",
PLAYER_POSITIONS,217063,6/27/2026 11:57:16 AM,068492a8-9bbc-456b-87fb-dc52c0aec9a7,2.0,,,,,,,,,,,,,,,,,,,,,,,,,,,,,,,,,,,"(-13.9, 0.5, 3.3)","(-13.9, 1.1, 3.3)","(-13.9, 0.7, 3.6)",
PLAYER_POSITIONS,217563,6/27/2026 11:57:16 AM,068492a8-9bbc-456b-87fb-dc52c0aec9a7,2.0,,,,,,,,,,,,,,,,,,,,,,,,,,,,,,,,,,,"(-13.7, 0.5, 3.3)","(-13.8, 1.1, 3.4)","(-13.9, 0.7, 3.6)",
PLAYER_GAZE,217563,6/27/2026 11:57:16 AM,068492a8-9bbc-456b-87fb-dc52c0aec9a7,2.0,,,,,,,,,,,,,,,,,,,,,,,,Civilian PT 14,,,,,,,,,"(0.3, 1.1, -0.2)",,,"(-14.1, 0.0, 3.6)",
PLAYER_POSITIONS,217563,6/27/2026 11:57:16 AM,068492a8-9bbc-456b-87fb-dc52c0aec9a7,2.0,,,,,,,,,,,,,,,,,,,,,,,,,,,,,,,,,,,"(-13.7, 0.5, 3.3)","(-13.8, 1.1, 3.4)","(-13.9, 0.7, 3.6)",
PLAYER_GAZE,217563,6/27/2026 11:57:16 AM,068492a8-9bbc-456b-87fb-dc52c0aec9a7,2.0,,,,,,,,,,,,,,,,,,,,,,,,Civilian PT 14,,,,,,,,,"(0.3, 1.1, -0.2)",,,"(-14.1, 0.0, 3.6)",
PLAYER_POSITIONS,218089,6/27/2026 11:57:17 AM,068492a8-9bbc-456b-87fb-dc52c0aec9a7,2.0,,,,,,,,,,,,,,,,,,,,,,,,,,,,,,,,,,,"(-13.7, 0.5, 3.3)","(-13.7, 1.1, 3.3)","(-13.9, 0.7, 3.5)",
PLAYER_POSITIONS,218089,6/27/2026 11:57:17 AM,068492a8-9bbc-456b-87fb-dc52c0aec9a7,2.0,,,,,,,,,,,,,,,,,,,,,,,,,,,,,,,,,,,"(-13.7, 0.5, 3.3)","(-13.7, 1.1, 3.3)","(-13.9, 0.7, 3.5)",
PLAYER_POSITIONS,218606,6/27/2026 11:57:17 AM,068492a8-9bbc-456b-87fb-dc52c0aec9a7,2.0,,,,,,,,,,,,,,,,,,,,,,,,,,,,,,,,,,,"(-13.8, 0.4, 3.3)","(-13.8, 1.0, 3.3)","(-13.8, 0.8, 3.7)",
PLAYER_GAZE,218606,6/27/2026 11:57:17 AM,068492a8-9bbc-456b-87fb-dc52c0aec9a7,2.0,,,,,,,,,,,,,,,,,,,,,,,,Civilian PT 14,,,,,,,,,"(0.3, 1.0, -0.3)",,,"(-14.1, 0.0, 3.6)",
PLAYER_POSITIONS,218606,6/27/2026 11:57:17 AM,068492a8-9bbc-456b-87fb-dc52c0aec9a7,2.0,,,,,,,,,,,,,,,,,,,,,,,,,,,,,,,,,,,"(-13.8, 0.4, 3.3)","(-13.8, 1.0, 3.3)","(-13.8, 0.8, 3.7)",
PLAYER_GAZE,218606,6/27/2026 11:57:17 AM,068492a8-9bbc-456b-87fb-dc52c0aec9a7,2.0,,,,,,,,,,,,,,,,,,,,,,,,Civilian PT 14,,,,,,,,,"(0.3, 1.0, -0.3)",,,"(-14.1, 0.0, 3.6)",
PLAYER_POSITIONS,219108,6/27/2026 11:57:18 AM,068492a8-9bbc-456b-87fb-dc52c0aec9a7,2.0,,,,,,,,,,,,,,,,,,,,,,,,,,,,,,,,,,,"(-13.7, 0.4, 3.5)","(-13.8, 1.0, 3.5)","(-13.9, 0.7, 3.8)",
PLAYER_GAZE,219108,6/27/2026 11:57:18 AM,068492a8-9bbc-456b-87fb-dc52c0aec9a7,2.0,,,,,,,,,,,,,,,,,,,,,,,,Civilian PT 14,,,,,,,,,"(0.2, 1.0, -0.1)",,,"(-14.1, 0.0, 3.6)",
PLAYER_POSITIONS,219108,6/27/2026 11:57:18 AM,068492a8-9bbc-456b-87fb-dc52c0aec9a7,2.0,,,,,,,,,,,,,,,,,,,,,,,,,,,,,,,,,,,"(-13.7, 0.4, 3.5)","(-13.8, 1.0, 3.5)","(-13.9, 0.7, 3.8)",
PLAYER_GAZE,219108,6/27/2026 11:57:18 AM,068492a8-9bbc-456b-87fb-dc52c0aec9a7,2.0,,,,,,,,,,,,,,,,,,,,,,,,Civilian PT 14,,,,,,,,,"(0.2, 1.0, -0.1)",,,"(-14.1, 0.0, 3.6)",
VOICE_CAPTURE,219382,6/27/2026 11:57:18 AM,068492a8-9bbc-456b-87fb-dc52c0aec9a7,2.0,,,,,,,,,,,,,,,,,,,,,,,,,,,,,,,,,,,,,,,,,,,,,,,,,,,NA,Thank you.,
PLAYER_POSITIONS,219627,6/27/2026 11:57:19 AM,068492a8-9bbc-456b-87fb-dc52c0aec9a7,2.0,,,,,,,,,,,,,,,,,,,,,,,,,,,,,,,,,,,"(-13.8, 0.4, 3.7)","(-13.9, 1.0, 3.8)","(-14.1, 0.6, 3.9)",
PLAYER_POSITIONS,219627,6/27/2026 11:57:19 AM,068492a8-9bbc-456b-87fb-dc52c0aec9a7,2.0,,,,,,,,,,,,,,,,,,,,,,,,,,,,,,,,,,,"(-13.8, 0.4, 3.7)","(-13.9, 1.0, 3.8)","(-14.1, 0.6, 3.9)",
VOICE_CAPTURE,219904,6/27/2026 11:57:19 AM,068492a8-9bbc-456b-87fb-dc52c0aec9a7,2.0,,,,,,,,,,,,,,,,,,,,,,,,,,,,,,,,,,,,,,,,,,,,,,,,,,,NA,Thank you. Were you bleeding?,
PLAYER_POSITIONS,220127,6/27/2026 11:57:19 AM,068492a8-9bbc-456b-87fb-dc52c0aec9a7,2.0,,,,,,,,,,,,,,,,,,,,,,,,,,,,,,,,,,,"(-13.9, 0.4, 3.9)","(-14.0, 1.0, 4.0)","(-14.1, 0.5, 4.0)",
PLAYER_POSITIONS,220127,6/27/2026 11:57:19 AM,068492a8-9bbc-456b-87fb-dc52c0aec9a7,2.0,,,,,,,,,,,,,,,,,,,,,,,,,,,,,,,,,,,"(-13.9, 0.4, 3.9)","(-14.0, 1.0, 4.0)","(-14.1, 0.5, 4.0)",
VOICE_CAPTURE,220415,6/27/2026 11:57:19 AM,068492a8-9bbc-456b-87fb-dc52c0aec9a7,2.0,,,,,,,,,,,,,,,,,,,,,,,,,,,,,,,,,,,,,,,,,,,,,,,,,,,NA,Thank you. Where are you bleeding from?,
AUDIO_END,220482,6/27/2026 11:57:19 AM,068492a8-9bbc-456b-87fb-dc52c0aec9a7,2.0,show of force approved,5.067755,
NARRATIVE_SECTION_END,220482,6/27/2026 11:57:19 AM,068492a8-9bbc-456b-87fb-dc52c0aec9a7,2.0,,,,,,,,,,,,,,,,,,Show of force approved,24,
NARRATIVE_SECTION_START,220523,6/27/2026 11:57:19 AM,068492a8-9bbc-456b-87fb-dc52c0aec9a7,2.0,,,,,,,,,,,,,,,,,,Copy echo standby,25,
PLAYER_POSITIONS,220638,6/27/2026 11:57:20 AM,068492a8-9bbc-456b-87fb-dc52c0aec9a7,2.0,,,,,,,,,,,,,,,,,,,,,,,,,,,,,,,,,,,"(-13.9, 0.5, 3.8)","(-14.0, 1.1, 3.8)","(-14.2, 0.7, 4.0)",
PLAYER_POSITIONS,220638,6/27/2026 11:57:20 AM,068492a8-9bbc-456b-87fb-dc52c0aec9a7,2.0,,,,,,,,,,,,,,,,,,,,,,,,,,,,,,,,,,,"(-13.9, 0.5, 3.8)","(-14.0, 1.1, 3.8)","(-14.2, 0.7, 4.0)",
VOICE_CAPTURE,220899,6/27/2026 11:57:20 AM,068492a8-9bbc-456b-87fb-dc52c0aec9a7,2.0,,,,,,,,,,,,,,,,,,,,,,,,,,,,,,,,,,,,,,,,,,,,,,,,,,,NA,Thank you. Where are you bleeding from?,
VOICE_CAPTURE,220899,6/27/2026 11:57:20 AM,068492a8-9bbc-456b-87fb-dc52c0aec9a7,2.0,,,,,,,,,,,,,,,,,,,,,,,,,,,,,,,,,,,,,,,,,,,,,,,,,,,NA,Thank you. Where are you bleeding from?,
VOICE_COMMAND,220899,6/27/2026 11:57:20 AM,068492a8-9bbc-456b-87fb-dc52c0aec9a7,2.0,,,,,,,,,,,,,,,,,,,,,,,,,,,,,,,,,,,,,,,,,,,,,,,,,,,Thank you. Where are you bleeding from?,where are you,
PLAYER_POSITIONS,221138,6/27/2026 11:57:20 AM,068492a8-9bbc-456b-87fb-dc52c0aec9a7,2.0,,,,,,,,,,,,,,,,,,,,,,,,,,,,,,,,,,,"(-13.9, 0.5, 3.8)","(-13.9, 1.1, 3.8)","(-14.2, 0.7, 4.1)",
PLAYER_GAZE,221139,6/27/2026 11:57:20 AM,068492a8-9bbc-456b-87fb-dc52c0aec9a7,2.0,,,,,,,,,,,,,,,,,,,,,,,,Civilian PT 14,,,,,,,,,"(0.1, 1.1, 0.2)",,,"(-14.1, 0.0, 3.6)",
PLAYER_POSITIONS,221138,6/27/2026 11:57:20 AM,068492a8-9bbc-456b-87fb-dc52c0aec9a7,2.0,,,,,,,,,,,,,,,,,,,,,,,,,,,,,,,,,,,"(-13.9, 0.5, 3.8)","(-13.9, 1.1, 3.8)","(-14.2, 0.7, 4.1)",
PLAYER_GAZE,221139,6/27/2026 11:57:20 AM,068492a8-9bbc-456b-87fb-dc52c0aec9a7,2.0,,,,,,,,,,,,,,,,,,,,,,,,Civilian PT 14,,,,,,,,,"(0.1, 1.1, 0.2)",,,"(-14.1, 0.0, 3.6)",
PLAYER_POSITIONS,221650,6/27/2026 11:57:21 AM,068492a8-9bbc-456b-87fb-dc52c0aec9a7,2.0,,,,,,,,,,,,,,,,,,,,,,,,,,,,,,,,,,,"(-13.9, 0.5, 3.8)","(-13.9, 1.1, 3.8)","(-14.2, 0.7, 4.2)",
PLAYER_GAZE,221651,6/27/2026 11:57:21 AM,068492a8-9bbc-456b-87fb-dc52c0aec9a7,2.0,,,,,,,,,,,,,,,,,,,,,,,,Civilian PT 14,,,,,,,,,"(0.1, 1.1, 0.2)",,,"(-14.1, 0.0, 3.6)",
PLAYER_POSITIONS,221650,6/27/2026 11:57:21 AM,068492a8-9bbc-456b-87fb-dc52c0aec9a7,2.0,,,,,,,,,,,,,,,,,,,,,,,,,,,,,,,,,,,"(-13.9, 0.5, 3.8)","(-13.9, 1.1, 3.8)","(-14.2, 0.7, 4.2)",
PLAYER_GAZE,221651,6/27/2026 11:57:21 AM,068492a8-9bbc-456b-87fb-dc52c0aec9a7,2.0,,,,,,,,,,,,,,,,,,,,,,,,Civilian PT 14,,,,,,,,,"(0.1, 1.1, 0.2)",,,"(-14.1, 0.0, 3.6)",
PLAYER_POSITIONS,222171,6/27/2026 11:57:21 AM,068492a8-9bbc-456b-87fb-dc52c0aec9a7,2.0,,,,,,,,,,,,,,,,,,,,,,,,,,,,,,,,,,,"(-13.9, 0.5, 3.8)","(-13.9, 1.1, 3.8)","(-14.2, 0.7, 4.2)",
PLAYER_GAZE,222171,6/27/2026 11:57:21 AM,068492a8-9bbc-456b-87fb-dc52c0aec9a7,2.0,,,,,,,,,,,,,,,,,,,,,,,,Civilian PT 14,,,,,,,,,"(0.2, 1.1, 0.2)",,,"(-14.1, 0.0, 3.6)",
PLAYER_POSITIONS,222171,6/27/2026 11:57:21 AM,068492a8-9bbc-456b-87fb-dc52c0aec9a7,2.0,,,,,,,,,,,,,,,,,,,,,,,,,,,,,,,,,,,"(-13.9, 0.5, 3.8)","(-13.9, 1.1, 3.8)","(-14.2, 0.7, 4.2)",
PLAYER_GAZE,222171,6/27/2026 11:57:21 AM,068492a8-9bbc-456b-87fb-dc52c0aec9a7,2.0,,,,,,,,,,,,,,,,,,,,,,,,Civilian PT 14,,,,,,,,,"(0.2, 1.1, 0.2)",,,"(-14.1, 0.0, 3.6)",
AUDIO_START,222529,6/27/2026 11:57:21 AM,068492a8-9bbc-456b-87fb-dc52c0aec9a7,2.0,copy echo standby,3.056327,
PLAYER_POSITIONS,222681,6/27/2026 11:57:22 AM,068492a8-9bbc-456b-87fb-dc52c0aec9a7,2.0,,,,,,,,,,,,,,,,,,,,,,,,,,,,,,,,,,,"(-13.9, 0.5, 3.8)","(-13.9, 1.1, 3.8)","(-14.2, 0.7, 4.2)",
PLAYER_GAZE,222681,6/27/2026 11:57:22 AM,068492a8-9bbc-456b-87fb-dc52c0aec9a7,2.0,,,,,,,,,,,,,,,,,,,,,,,,Civilian PT 14,,,,,,,,,"(0.2, 1.1, 0.2)",,,"(-14.1, 0.0, 3.6)",
PLAYER_POSITIONS,222681,6/27/2026 11:57:22 AM,068492a8-9bbc-456b-87fb-dc52c0aec9a7,2.0,,,,,,,,,,,,,,,,,,,,,,,,,,,,,,,,,,,"(-13.9, 0.5, 3.8)","(-13.9, 1.1, 3.8)","(-14.2, 0.7, 4.2)",
PLAYER_GAZE,222681,6/27/2026 11:57:22 AM,068492a8-9bbc-456b-87fb-dc52c0aec9a7,2.0,,,,,,,,,,,,,,,,,,,,,,,,Civilian PT 14,,,,,,,,,"(0.2, 1.1, 0.2)",,,"(-14.1, 0.0, 3.6)",
BAG_CLOSED,223142,6/27/2026 11:57:22 AM,068492a8-9bbc-456b-87fb-dc52c0aec9a7,2.0,,,,,,,,,,,,,,,,,,,,,,,,,,,,,,,,,,,,"(0.0, 0.0, 0.0)",
PLAYER_POSITIONS,223190,6/27/2026 11:57:22 AM,068492a8-9bbc-456b-87fb-dc52c0aec9a7,2.0,,,,,,,,,,,,,,,,,,,,,,,,,,,,,,,,,,,"(-13.8, 0.7, 3.7)","(-13.7, 1.2, 3.8)","(-14.0, 0.8, 3.6)",
PLAYER_POSITIONS,223190,6/27/2026 11:57:22 AM,068492a8-9bbc-456b-87fb-dc52c0aec9a7,2.0,,,,,,,,,,,,,,,,,,,,,,,,,,,,,,,,,,,"(-13.8, 0.7, 3.7)","(-13.7, 1.2, 3.8)","(-14.0, 0.8, 3.6)",
PLAYER_POSITIONS,223704,6/27/2026 11:57:23 AM,068492a8-9bbc-456b-87fb-dc52c0aec9a7,2.0,,,,,,,,,,,,,,,,,,,,,,,,,,,,,,,,,,,"(-13.7, 0.7, 3.5)","(-13.7, 1.2, 3.5)","(-13.7, 0.6, 3.3)",
PLAYER_POSITIONS,223704,6/27/2026 11:57:23 AM,068492a8-9bbc-456b-87fb-dc52c0aec9a7,2.0,,,,,,,,,,,,,,,,,,,,,,,,,,,,,,,,,,,"(-13.7, 0.7, 3.5)","(-13.7, 1.2, 3.5)","(-13.7, 0.6, 3.3)",
PATIENT_DISENGAGED,223764,6/27/2026 11:57:23 AM,068492a8-9bbc-456b-87fb-dc52c0aec9a7,2.0,,,,9.83,,,,,,,,,,,,,,,,normal,100,Infinity,normal,Civilian PT 14,upset,sittingGround,"(-14.1, 0.0, 3.6)",normal,"(0.0, 0.8, 0.0, 0.6)",normal,DELAYED,still,,,,,,,,,,,,,,,,,9.83,
TELEPORT,223898,6/27/2026 11:57:23 AM,068492a8-9bbc-456b-87fb-dc52c0aec9a7,2.0,,,,,,,,,,,,,,,,,,,,,,,,,,,,,,,,,,,,"(-13.6, 1.2, 3.7)",,,,,,,"(-12.6, 1.1, 0.8)",
VOICE_CAPTURE,223899,6/27/2026 11:57:23 AM,068492a8-9bbc-456b-87fb-dc52c0aec9a7,2.0,,,,,,,,,,,,,,,,,,,,,,,,,,,,,,,,,,,,,,,,,,,,,,,,,,,NA,Okay.,
PLAYER_POSITIONS,224220,6/27/2026 11:57:23 AM,068492a8-9bbc-456b-87fb-dc52c0aec9a7,2.0,,,,,,,,,,,,,,,,,,,,,,,,,,,,,,,,,,,"(-12.7, 0.6, 0.7)","(-12.5, 1.1, 0.8)","(-12.7, 0.5, 0.6)",
PLAYER_POSITIONS,224220,6/27/2026 11:57:23 AM,068492a8-9bbc-456b-87fb-dc52c0aec9a7,2.0,,,,,,,,,,,,,,,,,,,,,,,,,,,,,,,,,,,"(-12.7, 0.6, 0.7)","(-12.5, 1.1, 0.8)","(-12.7, 0.5, 0.6)",
VOICE_CAPTURE,224439,6/27/2026 11:57:23 AM,068492a8-9bbc-456b-87fb-dc52c0aec9a7,2.0,,,,,,,,,,,,,,,,,,,,,,,,,,,,,,,,,,,,,,,,,,,,,,,,,,,NA,Okay.,
BUTTON_CLICKED,224614,6/27/2026 11:57:23 AM,068492a8-9bbc-456b-87fb-dc52c0aec9a7,2.0,,,are you hurt,
VOICE_CAPTURE,224614,6/27/2026 11:57:23 AM,068492a8-9bbc-456b-87fb-dc52c0aec9a7,2.0,,,,,,,,,,,,,,,,,,,,,,,,,,,,,,,,,,,,,,,,,,,,,,,,,,,NA,are you hurt,
VOICE_COMMAND,224614,6/27/2026 11:57:23 AM,068492a8-9bbc-456b-87fb-dc52c0aec9a7,2.0,,,,,,,,,,,,,,,,,,,,,,,,Military PT 2,,,,,,,,,,,,,,,,,,,,,,,,,,,are you hurt,are you hurt,
PATIENT_ENGAGED,224703,6/27/2026 11:57:24 AM,068492a8-9bbc-456b-87fb-dc52c0aec9a7,2.0,,,,0,,,,,,,,,,,,,,,,restricted,100,Infinity,normal,Military PT 2,agony,supine,"(-12.0, -0.1, 1.1)",faint,"(0.0, 0.4, 0.0, 0.9)",normal,EXPECTANT,still,,,,,,,,,,,,,,,,,0,
PLAYER_POSITIONS,224727,6/27/2026 11:57:24 AM,068492a8-9bbc-456b-87fb-dc52c0aec9a7,2.0,,,,,,,,,,,,,,,,,,,,,,,,,,,,,,,,,,,"(-12.7, 0.6, 0.7)","(-12.6, 1.0, 0.7)","(-13.0, 0.5, 0.6)",
PLAYER_POSITIONS,224727,6/27/2026 11:57:24 AM,068492a8-9bbc-456b-87fb-dc52c0aec9a7,2.0,,,,,,,,,,,,,,,,,,,,,,,,,,,,,,,,,,,"(-12.7, 0.6, 0.7)","(-12.6, 1.0, 0.7)","(-13.0, 0.5, 0.6)",
VOICE_CAPTURE,224904,6/27/2026 11:57:24 AM,068492a8-9bbc-456b-87fb-dc52c0aec9a7,2.0,,,,,,,,,,,,,,,,,,,,,,,,,,,,,,,,,,,,,,,,,,,,,,,,,,,NA,Okay. Okay.,
PLAYER_POSITIONS,225241,6/27/2026 11:57:24 AM,068492a8-9bbc-456b-87fb-dc52c0aec9a7,2.0,,,,,,,,,,,,,,,,,,,,,,,,,,,,,,,,,,,"(-12.7, 0.5, 0.7)","(-12.7, 1.0, 0.7)","(-13.0, 0.5, 0.4)",
PLAYER_POSITIONS,225241,6/27/2026 11:57:24 AM,068492a8-9bbc-456b-87fb-dc52c0aec9a7,2.0,,,,,,,,,,,,,,,,,,,,,,,,,,,,,,,,,,,"(-12.7, 0.5, 0.7)","(-12.7, 1.0, 0.7)","(-13.0, 0.5, 0.4)",
EVAC_RADIO_ALERT,225459,6/27/2026 11:57:24 AM,068492a8-9bbc-456b-87fb-dc52c0aec9a7,2.0,,,,,,,,1,
AUDIO_START,225466,6/27/2026 11:57:24 AM,068492a8-9bbc-456b-87fb-dc52c0aec9a7,2.0,evac in 7 minutes,4.127347,
VOICE_CAPTURE,225469,6/27/2026 11:57:24 AM,068492a8-9bbc-456b-87fb-dc52c0aec9a7,2.0,,,,,,,,,,,,,,,,,,,,,,,,,,,,,,,,,,,,,,,,,,,,,,,,,,,NA,Okay. Okay.,
VOICE_CAPTURE,225469,6/27/2026 11:57:24 AM,068492a8-9bbc-456b-87fb-dc52c0aec9a7,2.0,,,,,,,,,,,,,,,,,,,,,,,,,,,,,,,,,,,,,,,,,,,,,,,,,,,NA,Okay. Okay.,
AUDIO_END,225597,6/27/2026 11:57:24 AM,068492a8-9bbc-456b-87fb-dc52c0aec9a7,2.0,copy echo standby,3.056327,
NARRATIVE_SECTION_END,225597,6/27/2026 11:57:24 AM,068492a8-9bbc-456b-87fb-dc52c0aec9a7,2.0,,,,,,,,,,,,,,,,,,Copy echo standby,25,
NARRATIVE_SECTION_START,225635,6/27/2026 11:57:25 AM,068492a8-9bbc-456b-87fb-dc52c0aec9a7,2.0,,,,,,,,,,,,,,,,,,Razor 2 show of force,26,
PLAYER_POSITIONS,225751,6/27/2026 11:57:25 AM,068492a8-9bbc-456b-87fb-dc52c0aec9a7,2.0,,,,,,,,,,,,,,,,,,,,,,,,,,,,,,,,,,,"(-12.7, 0.5, 0.7)","(-12.7, 1.0, 0.7)","(-12.9, 0.5, 0.4)",
PLAYER_POSITIONS,225751,6/27/2026 11:57:25 AM,068492a8-9bbc-456b-87fb-dc52c0aec9a7,2.0,,,,,,,,,,,,,,,,,,,,,,,,,,,,,,,,,,,"(-12.7, 0.5, 0.7)","(-12.7, 1.0, 0.7)","(-12.9, 0.5, 0.4)",
PLAYER_POSITIONS,226265,6/27/2026 11:57:25 AM,068492a8-9bbc-456b-87fb-dc52c0aec9a7,2.0,,,,,,,,,,,,,,,,,,,,,,,,,,,,,,,,,,,"(-12.6, 0.5, 0.7)","(-12.7, 1.1, 0.7)","(-12.9, 0.6, 0.5)",
PLAYER_GAZE,226265,6/27/2026 11:57:25 AM,068492a8-9bbc-456b-87fb-dc52c0aec9a7,2.0,,,,,,,,,,,,,,,,,,,,,,,,Military PT 9,,,,,,,,,"(0.0, 1.1, 2.5)",,,"(-12.7, 0.0, -1.8)",
PLAYER_POSITIONS,226265,6/27/2026 11:57:25 AM,068492a8-9bbc-456b-87fb-dc52c0aec9a7,2.0,,,,,,,,,,,,,,,,,,,,,,,,,,,,,,,,,,,"(-12.6, 0.5, 0.7)","(-12.7, 1.1, 0.7)","(-12.9, 0.6, 0.5)",
PLAYER_GAZE,226265,6/27/2026 11:57:25 AM,068492a8-9bbc-456b-87fb-dc52c0aec9a7,2.0,,,,,,,,,,,,,,,,,,,,,,,,Military PT 9,,,,,,,,,"(0.0, 1.1, 2.5)",,,"(-12.7, 0.0, -1.8)",
PLAYER_POSITIONS,226778,6/27/2026 11:57:26 AM,068492a8-9bbc-456b-87fb-dc52c0aec9a7,2.0,,,,,,,,,,,,,,,,,,,,,,,,,,,,,,,,,,,"(-12.6, 0.6, 0.7)","(-12.7, 1.1, 0.7)","(-12.8, 0.6, 0.4)",
PLAYER_POSITIONS,226778,6/27/2026 11:57:26 AM,068492a8-9bbc-456b-87fb-dc52c0aec9a7,2.0,,,,,,,,,,,,,,,,,,,,,,,,,,,,,,,,,,,"(-12.6, 0.6, 0.7)","(-12.7, 1.1, 0.7)","(-12.8, 0.6, 0.4)",
PLAYER_POSITIONS,227290,6/27/2026 11:57:26 AM,068492a8-9bbc-456b-87fb-dc52c0aec9a7,2.0,,,,,,,,,,,,,,,,,,,,,,,,,,,,,,,,,,,"(-12.5, 0.6, 0.6)","(-12.6, 1.1, 0.5)","(-12.7, 0.5, 0.2)",
PLAYER_POSITIONS,227290,6/27/2026 11:57:26 AM,068492a8-9bbc-456b-87fb-dc52c0aec9a7,2.0,,,,,,,,,,,,,,,,,,,,,,,,,,,,,,,,,,,"(-12.5, 0.6, 0.6)","(-12.6, 1.1, 0.5)","(-12.7, 0.5, 0.2)",
BAG_CLOSED,227429,6/27/2026 11:57:26 AM,068492a8-9bbc-456b-87fb-dc52c0aec9a7,2.0,,,,,,,,,,,,,,,,,,,,,,,,,,,,,,,,,,,,"(0.0, 0.0, 0.0)",
PLAYER_POSITIONS,227806,6/27/2026 11:57:27 AM,068492a8-9bbc-456b-87fb-dc52c0aec9a7,2.0,,,,,,,,,,,,,,,,,,,,,,,,,,,,,,,,,,,"(-12.2, 0.5, 0.7)","(-12.3, 1.1, 0.6)","(-12.5, 0.6, 0.2)",
PLAYER_POSITIONS,227806,6/27/2026 11:57:27 AM,068492a8-9bbc-456b-87fb-dc52c0aec9a7,2.0,,,,,,,,,,,,,,,,,,,,,,,,,,,,,,,,,,,"(-12.2, 0.5, 0.7)","(-12.3, 1.1, 0.6)","(-12.5, 0.6, 0.2)",
PLAYER_POSITIONS,228340,6/27/2026 11:57:27 AM,068492a8-9bbc-456b-87fb-dc52c0aec9a7,2.0,,,,,,,,,,,,,,,,,,,,,,,,,,,,,,,,,,,"(-12.2, 0.5, 0.7)","(-12.3, 1.1, 0.6)","(-12.6, 0.5, 0.3)",
PLAYER_POSITIONS,228340,6/27/2026 11:57:27 AM,068492a8-9bbc-456b-87fb-dc52c0aec9a7,2.0,,,,,,,,,,,,,,,,,,,,,,,,,,,,,,,,,,,"(-12.2, 0.5, 0.7)","(-12.3, 1.1, 0.6)","(-12.6, 0.5, 0.3)",
PLAYER_POSITIONS,228883,6/27/2026 11:57:28 AM,068492a8-9bbc-456b-87fb-dc52c0aec9a7,2.0,,,,,,,,,,,,,,,,,,,,,,,,,,,,,,,,,,,"(-12.3, 0.5, 0.6)","(-12.5, 1.0, 0.5)","(-12.8, 0.7, 0.0)",
PLAYER_POSITIONS,228883,6/27/2026 11:57:28 AM,068492a8-9bbc-456b-87fb-dc52c0aec9a7,2.0,,,,,,,,,,,,,,,,,,,,,,,,,,,,,,,,,,,"(-12.3, 0.5, 0.6)","(-12.5, 1.0, 0.5)","(-12.8, 0.7, 0.0)",
TOOL_HOVER,228912,6/27/2026 11:57:28 AM,068492a8-9bbc-456b-87fb-dc52c0aec9a7,2.0,,,,,,,,,,,,,,,,,,,,,,,,,,,,,,,,,,,,,,,,,,,,,,999,,Blanket,
TOOL_HOVER,229024,6/27/2026 11:57:28 AM,068492a8-9bbc-456b-87fb-dc52c0aec9a7,2.0,,,,,,,,,,,,,,,,,,,,,,,,,,,,,,,,,,,,,,,,,,,,,,998,,Burn Dressing,
PLAYER_POSITIONS,229383,6/27/2026 11:57:28 AM,068492a8-9bbc-456b-87fb-dc52c0aec9a7,2.0,,,,,,,,,,,,,,,,,,,,,,,,,,,,,,,,,,,"(-12.3, 0.5, 0.6)","(-12.5, 1.0, 0.5)","(-12.8, 0.7, -0.1)",
PLAYER_POSITIONS,229383,6/27/2026 11:57:28 AM,068492a8-9bbc-456b-87fb-dc52c0aec9a7,2.0,,,,,,,,,,,,,,,,,,,,,,,,,,,,,,,,,,,"(-12.3, 0.5, 0.6)","(-12.5, 1.0, 0.5)","(-12.8, 0.7, -0.1)",
TOOL_HOVER,229525,6/27/2026 11:57:28 AM,068492a8-9bbc-456b-87fb-dc52c0aec9a7,2.0,,,,,,,,,,,,,,,,,,,,,,,,,,,,,,,,,,,,,,,,,,,,,,998,,Burn Dressing,
AUDIO_END,229594,6/27/2026 11:57:28 AM,068492a8-9bbc-456b-87fb-dc52c0aec9a7,2.0,evac in 7 minutes,4.127347,
PLAYER_POSITIONS,229883,6/27/2026 11:57:29 AM,068492a8-9bbc-456b-87fb-dc52c0aec9a7,2.0,,,,,,,,,,,,,,,,,,,,,,,,,,,,,,,,,,,"(-12.3, 0.5, 0.6)","(-12.5, 1.0, 0.5)","(-12.8, 0.7, -0.1)",
PLAYER_POSITIONS,229883,6/27/2026 11:57:29 AM,068492a8-9bbc-456b-87fb-dc52c0aec9a7,2.0,,,,,,,,,,,,,,,,,,,,,,,,,,,,,,,,,,,"(-12.3, 0.5, 0.6)","(-12.5, 1.0, 0.5)","(-12.8, 0.7, -0.1)",
TOOL_SELECTED,230005,6/27/2026 11:57:29 AM,068492a8-9bbc-456b-87fb-dc52c0aec9a7,2.0,,,,,,,,,,,,,,,,,,,,,,,,,,,,,,,,,,,,,,,,,,,,,,997,,Burn Dressing,
PLAYER_POSITIONS,230416,6/27/2026 11:57:29 AM,068492a8-9bbc-456b-87fb-dc52c0aec9a7,2.0,,,,,,,,,,,,,,,,,,,,,,,,,,,,,,,,,,,"(-12.3, 0.5, 0.7)","(-12.3, 1.0, 0.6)","(-12.3, 0.3, 0.3)",
PLAYER_POSITIONS,230416,6/27/2026 11:57:29 AM,068492a8-9bbc-456b-87fb-dc52c0aec9a7,2.0,,,,,,,,,,,,,,,,,,,,,,,,,,,,,,,,,,,"(-12.3, 0.5, 0.7)","(-12.3, 1.0, 0.6)","(-12.3, 0.3, 0.3)",
AUDIO_START,230644,6/27/2026 11:57:30 AM,068492a8-9bbc-456b-87fb-dc52c0aec9a7,2.0,razor 2 show of force,3.866122,
INJURY_TREATED,230865,6/27/2026 11:57:30 AM,068492a8-9bbc-456b-87fb-dc52c0aec9a7,2.0,,,,,,,,,chest,Circumferential Chest Burn,"(-12.0, 0.1, 0.4)",scalpel,1,1,high,True,True,,,,,,,Military PT 2,
TOOL_APPLIED,230865,6/27/2026 11:57:30 AM,068492a8-9bbc-456b-87fb-dc52c0aec9a7,2.0,,,,,,,,,,,,,,,,,,,,,,,,Military PT 2,,,,,,,,,,,,,,,,,,,,AppliedBurnDressing,skinCollider_BodyCollideLOD (UnityEngine.GameObject),,Burn Dressing(Clone) (UnityEngine.GameObject),Burn Dressing,
PLAYER_POSITIONS,230933,6/27/2026 11:57:30 AM,068492a8-9bbc-456b-87fb-dc52c0aec9a7,2.0,,,,,,,,,,,,,,,,,,,,,,,,,,,,,,,,,,,"(-12.2, 0.5, 0.8)","(-12.1, 0.9, 0.6)","(-12.1, 0.2, 0.5)",
PLAYER_POSITIONS,230933,6/27/2026 11:57:30 AM,068492a8-9bbc-456b-87fb-dc52c0aec9a7,2.0,,,,,,,,,,,,,,,,,,,,,,,,,,,,,,,,,,,"(-12.2, 0.5, 0.8)","(-12.1, 0.9, 0.6)","(-12.1, 0.2, 0.5)",
PLAYER_POSITIONS,231429,6/27/2026 11:57:30 AM,068492a8-9bbc-456b-87fb-dc52c0aec9a7,2.0,,,,,,,,,,,,,,,,,,,,,,,,,,,,,,,,,,,"(-12.2, 0.5, 0.7)","(-12.2, 1.0, 0.6)","(-12.5, 0.7, 0.2)",
PLAYER_POSITIONS,231429,6/27/2026 11:57:30 AM,068492a8-9bbc-456b-87fb-dc52c0aec9a7,2.0,,,,,,,,,,,,,,,,,,,,,,,,,,,,,,,,,,,"(-12.2, 0.5, 0.7)","(-12.2, 1.0, 0.6)","(-12.5, 0.7, 0.2)",
PLAYER_POSITIONS,231950,6/27/2026 11:57:31 AM,068492a8-9bbc-456b-87fb-dc52c0aec9a7,2.0,,,,,,,,,,,,,,,,,,,,,,,,,,,,,,,,,,,"(-12.2, 0.5, 0.7)","(-12.3, 1.0, 0.6)","(-12.7, 0.7, 0.1)",
PLAYER_POSITIONS,231950,6/27/2026 11:57:31 AM,068492a8-9bbc-456b-87fb-dc52c0aec9a7,2.0,,,,,,,,,,,,,,,,,,,,,,,,,,,,,,,,,,,"(-12.2, 0.5, 0.7)","(-12.3, 1.0, 0.6)","(-12.7, 0.7, 0.1)",
PLAYER_POSITIONS,232473,6/27/2026 11:57:31 AM,068492a8-9bbc-456b-87fb-dc52c0aec9a7,2.0,,,,,,,,,,,,,,,,,,,,,,,,,,,,,,,,,,,"(-12.2, 0.5, 0.7)","(-12.3, 1.0, 0.6)","(-12.7, 0.7, 0.1)",
PLAYER_POSITIONS,232473,6/27/2026 11:57:31 AM,068492a8-9bbc-456b-87fb-dc52c0aec9a7,2.0,,,,,,,,,,,,,,,,,,,,,,,,,,,,,,,,,,,"(-12.2, 0.5, 0.7)","(-12.3, 1.0, 0.6)","(-12.7, 0.7, 0.1)",
TOOL_HOVER,232627,6/27/2026 11:57:32 AM,068492a8-9bbc-456b-87fb-dc52c0aec9a7,2.0,,,,,,,,,,,,,,,,,,,,,,,,,,,,,,,,,,,,,,,,,,,,,,997,,Burn Dressing,
TOOL_SELECTED,232739,6/27/2026 11:57:32 AM,068492a8-9bbc-456b-87fb-dc52c0aec9a7,2.0,,,,,,,,,,,,,,,,,,,,,,,,,,,,,,,,,,,,,,,,,,,,,,996,,Burn Dressing,
VOICE_CAPTURE,232895,6/27/2026 11:57:32 AM,068492a8-9bbc-456b-87fb-dc52c0aec9a7,2.0,,,,,,,,,,,,,,,,,,,,,,,,,,,,,,,,,,,,,,,,,,,,,,,,,,,NA,Thank you.,
PLAYER_POSITIONS,232983,6/27/2026 11:57:32 AM,068492a8-9bbc-456b-87fb-dc52c0aec9a7,2.0,,,,,,,,,,,,,,,,,,,,,,,,,,,,,,,,,,,"(-12.2, 0.5, 0.6)","(-12.3, 1.0, 0.5)","(-12.5, 0.5, 0.1)",
PLAYER_POSITIONS,232983,6/27/2026 11:57:32 AM,068492a8-9bbc-456b-87fb-dc52c0aec9a7,2.0,,,,,,,,,,,,,,,,,,,,,,,,,,,,,,,,,,,"(-12.2, 0.5, 0.6)","(-12.3, 1.0, 0.5)","(-12.5, 0.5, 0.1)",
PLAYER_POSITIONS,233493,6/27/2026 11:57:32 AM,068492a8-9bbc-456b-87fb-dc52c0aec9a7,2.0,,,,,,,,,,,,,,,,,,,,,,,,,,,,,,,,,,,"(-12.2, 0.5, 0.8)","(-12.2, 0.9, 0.5)","(-12.2, 0.1, 0.4)",
PLAYER_POSITIONS,233493,6/27/2026 11:57:32 AM,068492a8-9bbc-456b-87fb-dc52c0aec9a7,2.0,,,,,,,,,,,,,,,,,,,,,,,,,,,,,,,,,,,"(-12.2, 0.5, 0.8)","(-12.2, 0.9, 0.5)","(-12.2, 0.1, 0.4)",
INJURY_TREATED,233606,6/27/2026 11:57:32 AM,068492a8-9bbc-456b-87fb-dc52c0aec9a7,2.0,,,,,,,,,chest,Circumferential Chest Burn,"(-12.0, 0.1, 0.4)",scalpel,1,2,high,True,True,,,,,,,Military PT 2,
TOOL_APPLIED,233606,6/27/2026 11:57:32 AM,068492a8-9bbc-456b-87fb-dc52c0aec9a7,2.0,,,,,,,,,,,,,,,,,,,,,,,,Military PT 2,,,,,,,,,,,,,,,,,,,,AppliedBurnDressing,skinCollider_BodyCollideLOD (UnityEngine.GameObject),,Burn Dressing(Clone) (UnityEngine.GameObject),Burn Dressing,
PLAYER_POSITIONS,234007,6/27/2026 11:57:33 AM,068492a8-9bbc-456b-87fb-dc52c0aec9a7,2.0,,,,,,,,,,,,,,,,,,,,,,,,,,,,,,,,,,,"(-12.2, 0.5, 0.7)","(-12.3, 0.9, 0.5)","(-12.4, 0.3, 0.2)",
PLAYER_POSITIONS,234007,6/27/2026 11:57:33 AM,068492a8-9bbc-456b-87fb-dc52c0aec9a7,2.0,,,,,,,,,,,,,,,,,,,,,,,,,,,,,,,,,,,"(-12.2, 0.5, 0.7)","(-12.3, 0.9, 0.5)","(-12.4, 0.3, 0.2)",
TOOL_HOVER,234336,6/27/2026 11:57:33 AM,068492a8-9bbc-456b-87fb-dc52c0aec9a7,2.0,,,,,,,,,,,,,,,,,,,,,,,,,,,,,,,,,,,,,,,,,,,,,,999,,Israeli Wrap,
AUDIO_END,234506,6/27/2026 11:57:33 AM,068492a8-9bbc-456b-87fb-dc52c0aec9a7,2.0,razor 2 show of force,3.866122,
NARRATIVE_SECTION_END,234506,6/27/2026 11:57:33 AM,068492a8-9bbc-456b-87fb-dc52c0aec9a7,2.0,,,,,,,,,,,,,,,,,,Razor 2 show of force,26,
PLAYER_POSITIONS,234506,6/27/2026 11:57:33 AM,068492a8-9bbc-456b-87fb-dc52c0aec9a7,2.0,,,,,,,,,,,,,,,,,,,,,,,,,,,,,,,,,,,"(-12.2, 0.5, 0.7)","(-12.3, 1.0, 0.5)","(-12.7, 0.7, 0.0)",
PLAYER_POSITIONS,234506,6/27/2026 11:57:33 AM,068492a8-9bbc-456b-87fb-dc52c0aec9a7,2.0,,,,,,,,,,,,,,,,,,,,,,,,,,,,,,,,,,,"(-12.2, 0.5, 0.7)","(-12.3, 1.0, 0.5)","(-12.7, 0.7, 0.0)",
NARRATIVE_SECTION_START,234523,6/27/2026 11:57:33 AM,068492a8-9bbc-456b-87fb-dc52c0aec9a7,2.0,,,,,,,,,,,,,,,,,,Distant Jet,27,
TOOL_HOVER,234525,6/27/2026 11:57:33 AM,068492a8-9bbc-456b-87fb-dc52c0aec9a7,2.0,,,,,,,,,,,,,,,,,,,,,,,,,,,,,,,,,,,,,,,,,,,,,,999,,Blanket,
TOOL_SELECTED,234674,6/27/2026 11:57:34 AM,068492a8-9bbc-456b-87fb-dc52c0aec9a7,2.0,,,,,,,,,,,,,,,,,,,,,,,,,,,,,,,,,,,,,,,,,,,,,,998,,Blanket,
PLAYER_POSITIONS,235029,6/27/2026 11:57:34 AM,068492a8-9bbc-456b-87fb-dc52c0aec9a7,2.0,,,,,,,,,,,,,,,,,,,,,,,,,,,,,,,,,,,"(-12.2, 0.5, 0.7)","(-12.3, 1.0, 0.5)","(-12.4, 0.4, 0.2)",
PLAYER_POSITIONS,235029,6/27/2026 11:57:34 AM,068492a8-9bbc-456b-87fb-dc52c0aec9a7,2.0,,,,,,,,,,,,,,,,,,,,,,,,,,,,,,,,,,,"(-12.2, 0.5, 0.7)","(-12.3, 1.0, 0.5)","(-12.4, 0.4, 0.2)",
PLAYER_POSITIONS,235547,6/27/2026 11:57:34 AM,068492a8-9bbc-456b-87fb-dc52c0aec9a7,2.0,,,,,,,,,,,,,,,,,,,,,,,,,,,,,,,,,,,"(-12.2, 0.5, 0.7)","(-12.3, 1.0, 0.6)","(-12.5, 0.5, 0.2)",
PLAYER_POSITIONS,235547,6/27/2026 11:57:34 AM,068492a8-9bbc-456b-87fb-dc52c0aec9a7,2.0,,,,,,,,,,,,,,,,,,,,,,,,,,,,,,,,,,,"(-12.2, 0.5, 0.7)","(-12.3, 1.0, 0.6)","(-12.5, 0.5, 0.2)",
TOOL_DISCARDED,235787,6/27/2026 11:57:35 AM,068492a8-9bbc-456b-87fb-dc52c0aec9a7,2.0,,,,,,,,,,,,,,,,,,,,,,,,Military PT 2,,,,,,,,,,,,"(-12.6, 0.6, 0.2)",,,,,,,,,,998,,Blanket,
BAG_CLOSED,235956,6/27/2026 11:57:35 AM,068492a8-9bbc-456b-87fb-dc52c0aec9a7,2.0,,,,,,,,,,,,,,,,,,,,,,,,,,,,,,,,,,,,"(0.0, 0.0, 0.0)",
PLAYER_POSITIONS,236048,6/27/2026 11:57:35 AM,068492a8-9bbc-456b-87fb-dc52c0aec9a7,2.0,,,,,,,,,,,,,,,,,,,,,,,,,,,,,,,,,,,"(-12.2, 0.5, 0.6)","(-12.3, 1.1, 0.5)","(-12.6, 0.5, 0.2)",
PLAYER_POSITIONS,236048,6/27/2026 11:57:35 AM,068492a8-9bbc-456b-87fb-dc52c0aec9a7,2.0,,,,,,,,,,,,,,,,,,,,,,,,,,,,,,,,,,,"(-12.2, 0.5, 0.6)","(-12.3, 1.1, 0.5)","(-12.6, 0.5, 0.2)",
PLAYER_POSITIONS,236548,6/27/2026 11:57:35 AM,068492a8-9bbc-456b-87fb-dc52c0aec9a7,2.0,,,,,,,,,,,,,,,,,,,,,,,,,,,,,,,,,,,"(-12.4, 0.6, 0.3)","(-12.6, 1.1, 0.3)","(-12.5, 0.5, 0.0)",
PLAYER_POSITIONS,236548,6/27/2026 11:57:35 AM,068492a8-9bbc-456b-87fb-dc52c0aec9a7,2.0,,,,,,,,,,,,,,,,,,,,,,,,,,,,,,,,,,,"(-12.4, 0.6, 0.3)","(-12.6, 1.1, 0.3)","(-12.5, 0.5, 0.0)",
PLAYER_POSITIONS,237058,6/27/2026 11:57:36 AM,068492a8-9bbc-456b-87fb-dc52c0aec9a7,2.0,,,,,,,,,,,,,,,,,,,,,,,,,,,,,,,,,,,"(-12.5, 0.6, 0.0)","(-12.6, 1.1, 0.0)","(-12.5, 0.5, -0.3)",
PLAYER_POSITIONS,237058,6/27/2026 11:57:36 AM,068492a8-9bbc-456b-87fb-dc52c0aec9a7,2.0,,,,,,,,,,,,,,,,,,,,,,,,,,,,,,,,,,,"(-12.5, 0.6, 0.0)","(-12.6, 1.1, 0.0)","(-12.5, 0.5, -0.3)",
VOICE_CAPTURE,237059,6/27/2026 11:57:36 AM,068492a8-9bbc-456b-87fb-dc52c0aec9a7,2.0,,,,,,,,,,,,,,,,,,,,,,,,,,,,,,,,,,,,,,,,,,,,,,,,,,,NA,"Honestly, I'm not a fan of this.",
PATIENT_DISENGAGED,237255,6/27/2026 11:57:36 AM,068492a8-9bbc-456b-87fb-dc52c0aec9a7,2.0,,,,12.55,,,,,,,,,,,,,,,,restricted,100,Infinity,normal,Military PT 2,agony,supine,"(-12.0, -0.1, 1.1)",faint,"(0.0, 0.4, 0.0, 0.9)",normal,EXPECTANT,still,,,,,,,,,,,,,,,,,12.55,
TELEPORT,237481,6/27/2026 11:57:36 AM,068492a8-9bbc-456b-87fb-dc52c0aec9a7,2.0,,,,,,,,,,,,,,,,,,,,,,,,,,,,,,,,,,,,"(-12.6, 1.1, -0.1)",,,,,,,"(-11.0, 1.1, -2.7)",
AUDIO_START,237527,6/27/2026 11:57:36 AM,068492a8-9bbc-456b-87fb-dc52c0aec9a7,2.0,distant jet,10.13551,
VOICE_CAPTURE,237528,6/27/2026 11:57:36 AM,068492a8-9bbc-456b-87fb-dc52c0aec9a7,2.0,,,,,,,,,,,,,,,,,,,,,,,,,,,,,,,,,,,,,,,,,,,,,,,,,,,NA,"Honestly, I'm not a fan of this. Honestly, I can't.",
PLAYER_POSITIONS,237576,6/27/2026 11:57:36 AM,068492a8-9bbc-456b-87fb-dc52c0aec9a7,2.0,,,,,,,,,,,,,,,,,,,,,,,,,,,,,,,,,,,"(-10.9, 0.6, -2.7)","(-11.0, 1.1, -2.7)","(-10.9, 0.4, -2.9)",
PLAYER_POSITIONS,237576,6/27/2026 11:57:36 AM,068492a8-9bbc-456b-87fb-dc52c0aec9a7,2.0,,,,,,,,,,,,,,,,,,,,,,,,,,,,,,,,,,,"(-10.9, 0.6, -2.7)","(-11.0, 1.1, -2.7)","(-10.9, 0.4, -2.9)",
VOICE_CAPTURE,237911,6/27/2026 11:57:37 AM,068492a8-9bbc-456b-87fb-dc52c0aec9a7,2.0,,,,,,,,,,,,,,,,,,,,,,,,,,,,,,,,,,,,,,,,,,,,,,,,,,,NA,"Honestly, I'm not a fan of this. Honestly, I can wait for her.",
PLAYER_POSITIONS,238087,6/27/2026 11:57:37 AM,068492a8-9bbc-456b-87fb-dc52c0aec9a7,2.0,,,,,,,,,,,,,,,,,,,,,,,,,,,,,,,,,,,"(-10.3, 0.5, -3.0)","(-10.3, 1.0, -3.1)","(-10.3, 0.4, -3.3)",
PLAYER_POSITIONS,238087,6/27/2026 11:57:37 AM,068492a8-9bbc-456b-87fb-dc52c0aec9a7,2.0,,,,,,,,,,,,,,,,,,,,,,,,,,,,,,,,,,,"(-10.3, 0.5, -3.0)","(-10.3, 1.0, -3.1)","(-10.3, 0.4, -3.3)",
VOICE_CAPTURE,238440,6/27/2026 11:57:37 AM,068492a8-9bbc-456b-87fb-dc52c0aec9a7,2.0,,,,,,,,,,,,,,,,,,,,,,,,,,,,,,,,,,,,,,,,,,,,,,,,,,,NA,"Honestly, I'm not a fan of this. Honestly, I can wait for her.",
VOICE_CAPTURE,238440,6/27/2026 11:57:37 AM,068492a8-9bbc-456b-87fb-dc52c0aec9a7,2.0,,,,,,,,,,,,,,,,,,,,,,,,,,,,,,,,,,,,,,,,,,,,,,,,,,,NA,"Honestly, I'm not a fan of this. Honestly, I can wait for her.",
PLAYER_POSITIONS,238596,6/27/2026 11:57:37 AM,068492a8-9bbc-456b-87fb-dc52c0aec9a7,2.0,,,,,,,,,,,,,,,,,,,,,,,,,,,,,,,,,,,"(-10.1, 0.5, -3.5)","(-10.1, 1.0, -3.6)","(-10.1, 0.4, -3.7)",
PLAYER_POSITIONS,238596,6/27/2026 11:57:37 AM,068492a8-9bbc-456b-87fb-dc52c0aec9a7,2.0,,,,,,,,,,,,,,,,,,,,,,,,,,,,,,,,,,,"(-10.1, 0.5, -3.5)","(-10.1, 1.0, -3.6)","(-10.1, 0.4, -3.7)",
PLAYER_POSITIONS,239108,6/27/2026 11:57:38 AM,068492a8-9bbc-456b-87fb-dc52c0aec9a7,2.0,,,,,,,,,,,,,,,,,,,,,,,,,,,,,,,,,,,"(-10.0, 0.5, -3.5)","(-10.0, 1.0, -3.5)","(-10.1, 0.4, -3.7)",
PLAYER_POSITIONS,239108,6/27/2026 11:57:38 AM,068492a8-9bbc-456b-87fb-dc52c0aec9a7,2.0,,,,,,,,,,,,,,,,,,,,,,,,,,,,,,,,,,,"(-10.0, 0.5, -3.5)","(-10.0, 1.0, -3.5)","(-10.1, 0.4, -3.7)",
PLAYER_POSITIONS,239619,6/27/2026 11:57:38 AM,068492a8-9bbc-456b-87fb-dc52c0aec9a7,2.0,,,,,,,,,,,,,,,,,,,,,,,,,,,,,,,,,,,"(-9.9, 0.5, -3.4)","(-9.9, 1.1, -3.4)","(-10.0, 0.5, -3.7)",
PLAYER_POSITIONS,239619,6/27/2026 11:57:38 AM,068492a8-9bbc-456b-87fb-dc52c0aec9a7,2.0,,,,,,,,,,,,,,,,,,,,,,,,,,,,,,,,,,,"(-9.9, 0.5, -3.4)","(-9.9, 1.1, -3.4)","(-10.0, 0.5, -3.7)",
PLAYER_POSITIONS,240131,6/27/2026 11:57:39 AM,068492a8-9bbc-456b-87fb-dc52c0aec9a7,2.0,,,,,,,,,,,,,,,,,,,,,,,,,,,,,,,,,,,"(-10.0, 0.5, -3.5)","(-10.0, 1.2, -3.5)","(-9.9, 0.3, -3.7)",
PLAYER_GAZE,240131,6/27/2026 11:57:39 AM,068492a8-9bbc-456b-87fb-dc52c0aec9a7,2.0,,,,,,,,,,,,,,,,,,,,,,,,Military PT 10,,,,,,,,,"(-0.4, 1.2, -0.6)",,,"(-9.6, 0.0, -2.9)",
PLAYER_POSITIONS,240131,6/27/2026 11:57:39 AM,068492a8-9bbc-456b-87fb-dc52c0aec9a7,2.0,,,,,,,,,,,,,,,,,,,,,,,,,,,,,,,,,,,"(-10.0, 0.5, -3.5)","(-10.0, 1.2, -3.5)","(-9.9, 0.3, -3.7)",
PLAYER_GAZE,240131,6/27/2026 11:57:39 AM,068492a8-9bbc-456b-87fb-dc52c0aec9a7,2.0,,,,,,,,,,,,,,,,,,,,,,,,Military PT 10,,,,,,,,,"(-0.4, 1.2, -0.6)",,,"(-9.6, 0.0, -2.9)",
PATIENT_ENGAGED,240606,6/27/2026 11:57:39 AM,068492a8-9bbc-456b-87fb-dc52c0aec9a7,2.0,,,,0,,,,,,,,,,,,,,,,none,100,Infinity,none,Military PT 10,dead,fetal,"(-9.6, -0.1, -2.9)",none,"(0.0, -0.6, 0.0, 0.8)",none,EXPECTANT,still,,,,,,,,,,,,,,,,,0,
PLAYER_POSITIONS,240663,6/27/2026 11:57:40 AM,068492a8-9bbc-456b-87fb-dc52c0aec9a7,2.0,,,,,,,,,,,,,,,,,,,,,,,,,,,,,,,,,,,"(-9.9, 0.4, -3.5)","(-10.0, 0.9, -3.5)","(-9.9, 0.3, -3.6)",
PLAYER_POSITIONS,240663,6/27/2026 11:57:40 AM,068492a8-9bbc-456b-87fb-dc52c0aec9a7,2.0,,,,,,,,,,,,,,,,,,,,,,,,,,,,,,,,,,,"(-9.9, 0.4, -3.5)","(-10.0, 0.9, -3.5)","(-9.9, 0.3, -3.6)",
PLAYER_POSITIONS,241175,6/27/2026 11:57:40 AM,068492a8-9bbc-456b-87fb-dc52c0aec9a7,2.0,,,,,,,,,,,,,,,,,,,,,,,,,,,,,,,,,,,"(-10.1, 0.3, -3.5)","(-10.0, 0.8, -3.5)","(-9.9, 0.4, -3.6)",
PLAYER_POSITIONS,241175,6/27/2026 11:57:40 AM,068492a8-9bbc-456b-87fb-dc52c0aec9a7,2.0,,,,,,,,,,,,,,,,,,,,,,,,,,,,,,,,,,,"(-10.1, 0.3, -3.5)","(-10.0, 0.8, -3.5)","(-9.9, 0.4, -3.6)",
VOICE_CAPTURE,241407,6/27/2026 11:57:40 AM,068492a8-9bbc-456b-87fb-dc52c0aec9a7,2.0,,,,,,,,,,,,,,,,,,,,,,,,,,,,,,,,,,,,,,,,,,,,,,,,,,,NA,All right.,
PLAYER_POSITIONS,241696,6/27/2026 11:57:41 AM,068492a8-9bbc-456b-87fb-dc52c0aec9a7,2.0,,,,,,,,,,,,,,,,,,,,,,,,,,,,,,,,,,,"(-10.1, 0.3, -3.5)","(-9.9, 0.8, -3.5)","(-10.0, 0.5, -3.8)",
PLAYER_POSITIONS,241696,6/27/2026 11:57:41 AM,068492a8-9bbc-456b-87fb-dc52c0aec9a7,2.0,,,,,,,,,,,,,,,,,,,,,,,,,,,,,,,,,,,"(-10.1, 0.3, -3.5)","(-9.9, 0.8, -3.5)","(-10.0, 0.5, -3.8)",
VOICE_CAPTURE,241906,6/27/2026 11:57:41 AM,068492a8-9bbc-456b-87fb-dc52c0aec9a7,2.0,,,,,,,,,,,,,,,,,,,,,,,,,,,,,,,,,,,,,,,,,,,,,,,,,,,NA,"All right, can you get on your",
PLAYER_POSITIONS,242195,6/27/2026 11:57:41 AM,068492a8-9bbc-456b-87fb-dc52c0aec9a7,2.0,,,,,,,,,,,,,,,,,,,,,,,,,,,,,,,,,,,"(-10.1, 0.3, -3.5)","(-9.9, 0.7, -3.5)","(-9.9, 0.5, -3.8)",
PLAYER_POSITIONS,242195,6/27/2026 11:57:41 AM,068492a8-9bbc-456b-87fb-dc52c0aec9a7,2.0,,,,,,,,,,,,,,,,,,,,,,,,,,,,,,,,,,,"(-10.1, 0.3, -3.5)","(-9.9, 0.7, -3.5)","(-9.9, 0.5, -3.8)",
VOICE_CAPTURE,242417,6/27/2026 11:57:41 AM,068492a8-9bbc-456b-87fb-dc52c0aec9a7,2.0,,,,,,,,,,,,,,,,,,,,,,,,,,,,,,,,,,,,,,,,,,,,,,,,,,,NA,"All right, can you get on your All right, can you get on your back?",
PLAYER_POSITIONS,242706,6/27/2026 11:57:42 AM,068492a8-9bbc-456b-87fb-dc52c0aec9a7,2.0,,,,,,,,,,,,,,,,,,,,,,,,,,,,,,,,,,,"(-10.1, 0.3, -3.5)","(-9.9, 0.7, -3.5)","(-10.0, 0.4, -3.9)",
PLAYER_POSITIONS,242706,6/27/2026 11:57:42 AM,068492a8-9bbc-456b-87fb-dc52c0aec9a7,2.0,,,,,,,,,,,,,,,,,,,,,,,,,,,,,,,,,,,"(-10.1, 0.3, -3.5)","(-9.9, 0.7, -3.5)","(-10.0, 0.4, -3.9)",
VOICE_CAPTURE,242931,6/27/2026 11:57:42 AM,068492a8-9bbc-456b-87fb-dc52c0aec9a7,2.0,,,,,,,,,,,,,,,,,,,,,,,,,,,,,,,,,,,,,,,,,,,,,,,,,,,NA,"All right, can you get on your All right, can you get on your back?",
VOICE_CAPTURE,242931,6/27/2026 11:57:42 AM,068492a8-9bbc-456b-87fb-dc52c0aec9a7,2.0,,,,,,,,,,,,,,,,,,,,,,,,,,,,,,,,,,,,,,,,,,,,,,,,,,,NA,"All right, can you get on your All right, can you get on your back?",
PLAYER_POSITIONS,243219,6/27/2026 11:57:42 AM,068492a8-9bbc-456b-87fb-dc52c0aec9a7,2.0,,,,,,,,,,,,,,,,,,,,,,,,,,,,,,,,,,,"(-10.1, 0.3, -3.5)","(-9.9, 0.7, -3.5)","(-10.0, 0.4, -3.9)",
PLAYER_POSITIONS,243219,6/27/2026 11:57:42 AM,068492a8-9bbc-456b-87fb-dc52c0aec9a7,2.0,,,,,,,,,,,,,,,,,,,,,,,,,,,,,,,,,,,"(-10.1, 0.3, -3.5)","(-9.9, 0.7, -3.5)","(-10.0, 0.4, -3.9)",
PLAYER_POSITIONS,243736,6/27/2026 11:57:43 AM,068492a8-9bbc-456b-87fb-dc52c0aec9a7,2.0,,,,,,,,,,,,,,,,,,,,,,,,,,,,,,,,,,,"(-10.1, 0.3, -3.5)","(-9.9, 0.7, -3.5)","(-9.9, 0.4, -3.8)",
PLAYER_POSITIONS,243736,6/27/2026 11:57:43 AM,068492a8-9bbc-456b-87fb-dc52c0aec9a7,2.0,,,,,,,,,,,,,,,,,,,,,,,,,,,,,,,,,,,"(-10.1, 0.3, -3.5)","(-9.9, 0.7, -3.5)","(-9.9, 0.4, -3.8)",
PLAYER_POSITIONS,244237,6/27/2026 11:57:43 AM,068492a8-9bbc-456b-87fb-dc52c0aec9a7,2.0,,,,,,,,,,,,,,,,,,,,,,,,,,,,,,,,,,,"(-9.7, 0.2, -3.5)","(-9.9, 0.7, -3.5)","(-9.9, 0.4, -3.7)",
PLAYER_POSITIONS,244237,6/27/2026 11:57:43 AM,068492a8-9bbc-456b-87fb-dc52c0aec9a7,2.0,,,,,,,,,,,,,,,,,,,,,,,,,,,,,,,,,,,"(-9.7, 0.2, -3.5)","(-9.9, 0.7, -3.5)","(-9.9, 0.4, -3.7)",
PULSE_TAKEN,244412,6/27/2026 11:57:43 AM,068492a8-9bbc-456b-87fb-dc52c0aec9a7,2.0,,,,,,,,,,,,,,,,,,,,,,,,Military PT 10,,,,pulse_none,
PLAYER_POSITIONS,244760,6/27/2026 11:57:44 AM,068492a8-9bbc-456b-87fb-dc52c0aec9a7,2.0,,,,,,,,,,,,,,,,,,,,,,,,,,,,,,,,,,,"(-9.7, -0.1, -3.3)","(-9.9, 0.7, -3.5)","(-10.0, 0.4, -3.8)",
PLAYER_POSITIONS,244760,6/27/2026 11:57:44 AM,068492a8-9bbc-456b-87fb-dc52c0aec9a7,2.0,,,,,,,,,,,,,,,,,,,,,,,,,,,,,,,,,,,"(-9.7, -0.1, -3.3)","(-9.9, 0.7, -3.5)","(-10.0, 0.4, -3.8)",
PLAYER_POSITIONS,245272,6/27/2026 11:57:44 AM,068492a8-9bbc-456b-87fb-dc52c0aec9a7,2.0,,,,,,,,,,,,,,,,,,,,,,,,,,,,,,,,,,,"(-9.7, 0.0, -3.3)","(-9.9, 0.7, -3.5)","(-10.0, 0.4, -3.8)",
PLAYER_POSITIONS,245272,6/27/2026 11:57:44 AM,068492a8-9bbc-456b-87fb-dc52c0aec9a7,2.0,,,,,,,,,,,,,,,,,,,,,,,,,,,,,,,,,,,"(-9.7, 0.0, -3.3)","(-9.9, 0.7, -3.5)","(-10.0, 0.4, -3.8)",
PLAYER_POSITIONS,245787,6/27/2026 11:57:45 AM,068492a8-9bbc-456b-87fb-dc52c0aec9a7,2.0,,,,,,,,,,,,,,,,,,,,,,,,,,,,,,,,,,,"(-10.0, 0.2, -3.5)","(-10.0, 0.8, -3.6)","(-10.1, 0.5, -3.7)",
PLAYER_POSITIONS,245787,6/27/2026 11:57:45 AM,068492a8-9bbc-456b-87fb-dc52c0aec9a7,2.0,,,,,,,,,,,,,,,,,,,,,,,,,,,,,,,,,,,"(-10.0, 0.2, -3.5)","(-10.0, 0.8, -3.6)","(-10.1, 0.5, -3.7)",
TAG_SELECTED,246240,6/27/2026 11:57:45 AM,068492a8-9bbc-456b-87fb-dc52c0aec9a7,2.0,,,,,,,,,,,,,,,,,,,,,,,,,,,,,,,,,,,,,,,,,,black,
PLAYER_POSITIONS,246287,6/27/2026 11:57:45 AM,068492a8-9bbc-456b-87fb-dc52c0aec9a7,2.0,,,,,,,,,,,,,,,,,,,,,,,,,,,,,,,,,,,"(-10.1, 0.2, -3.5)","(-10.0, 0.8, -3.5)","(-10.0, 0.5, -3.7)",
PLAYER_POSITIONS,246287,6/27/2026 11:57:45 AM,068492a8-9bbc-456b-87fb-dc52c0aec9a7,2.0,,,,,,,,,,,,,,,,,,,,,,,,,,,,,,,,,,,"(-10.1, 0.2, -3.5)","(-10.0, 0.8, -3.5)","(-10.0, 0.5, -3.7)",
VOICE_CAPTURE,246386,6/27/2026 11:57:45 AM,068492a8-9bbc-456b-87fb-dc52c0aec9a7,2.0,,,,,,,,,,,,,,,,,,,,,,,,,,,,,,,,,,,,,,,,,,,,,,,,,,,NA,All right.,
PLAYER_POSITIONS,246788,6/27/2026 11:57:46 AM,068492a8-9bbc-456b-87fb-dc52c0aec9a7,2.0,,,,,,,,,,,,,,,,,,,,,,,,,,,,,,,,,,,"(-10.1, 0.3, -3.4)","(-9.9, 0.7, -3.4)","(-9.7, 0.1, -3.2)",
PLAYER_POSITIONS,246788,6/27/2026 11:57:46 AM,068492a8-9bbc-456b-87fb-dc52c0aec9a7,2.0,,,,,,,,,,,,,,,,,,,,,,,,,,,,,,,,,,,"(-10.1, 0.3, -3.4)","(-9.9, 0.7, -3.4)","(-9.7, 0.1, -3.2)",
TAG_APPLIED,246910,6/27/2026 11:57:46 AM,068492a8-9bbc-456b-87fb-dc52c0aec9a7,2.0,,,,,,,,,,,,,,,,,,,,,,,,Military PT 10,,,,,,,,,,,,,,,,,,black,
VOICE_CAPTURE,246914,6/27/2026 11:57:46 AM,068492a8-9bbc-456b-87fb-dc52c0aec9a7,2.0,,,,,,,,,,,,,,,,,,,,,,,,,,,,,,,,,,,,,,,,,,,,,,,,,,,NA,All right.,
VOICE_CAPTURE,246914,6/27/2026 11:57:46 AM,068492a8-9bbc-456b-87fb-dc52c0aec9a7,2.0,,,,,,,,,,,,,,,,,,,,,,,,,,,,,,,,,,,,,,,,,,,,,,,,,,,NA,All right.,
PLAYER_POSITIONS,247288,6/27/2026 11:57:46 AM,068492a8-9bbc-456b-87fb-dc52c0aec9a7,2.0,,,,,,,,,,,,,,,,,,,,,,,,,,,,,,,,,,,"(-10.1, 0.4, -3.4)","(-9.9, 0.8, -3.4)","(-9.8, 0.2, -3.5)",
PLAYER_POSITIONS,247288,6/27/2026 11:57:46 AM,068492a8-9bbc-456b-87fb-dc52c0aec9a7,2.0,,,,,,,,,,,,,,,,,,,,,,,,,,,,,,,,,,,"(-10.1, 0.4, -3.4)","(-9.9, 0.8, -3.4)","(-9.8, 0.2, -3.5)",
VOICE_CAPTURE,247387,6/27/2026 11:57:46 AM,068492a8-9bbc-456b-87fb-dc52c0aec9a7,2.0,,,,,,,,,,,,,,,,,,,,,,,,,,,,,,,,,,,,,,,,,,,,,,,,,,,NA,All right.,
AUDIO_END,247653,6/27/2026 11:57:47 AM,068492a8-9bbc-456b-87fb-dc52c0aec9a7,2.0,distant jet,10.13551,
NARRATIVE_SECTION_END,247653,6/27/2026 11:57:47 AM,068492a8-9bbc-456b-87fb-dc52c0aec9a7,2.0,,,,,,,,,,,,,,,,,,Distant Jet,27,
NARRATIVE_SECTION_START,247694,6/27/2026 11:57:47 AM,068492a8-9bbc-456b-87fb-dc52c0aec9a7,2.0,,,,,,,,,,,,,,,,,,Enemy dispersed,28,
BAG_CLOSED,247784,6/27/2026 11:57:47 AM,068492a8-9bbc-456b-87fb-dc52c0aec9a7,2.0,,,,,,,,,,,,,,,,,,,,,,,,,,,,,,,,,,,,"(0.0, 0.0, 0.0)",
PLAYER_POSITIONS,247809,6/27/2026 11:57:47 AM,068492a8-9bbc-456b-87fb-dc52c0aec9a7,2.0,,,,,,,,,,,,,,,,,,,,,,,,,,,,,,,,,,,"(-10.1, 0.3, -3.6)","(-10.2, 0.9, -3.6)","(-10.4, 0.5, -3.9)",
PLAYER_POSITIONS,247809,6/27/2026 11:57:47 AM,068492a8-9bbc-456b-87fb-dc52c0aec9a7,2.0,,,,,,,,,,,,,,,,,,,,,,,,,,,,,,,,,,,"(-10.1, 0.3, -3.6)","(-10.2, 0.9, -3.6)","(-10.4, 0.5, -3.9)",
VOICE_CAPTURE,247908,6/27/2026 11:57:47 AM,068492a8-9bbc-456b-87fb-dc52c0aec9a7,2.0,,,,,,,,,,,,,,,,,,,,,,,,,,,,,,,,,,,,,,,,,,,,,,,,,,,NA,All right.,
PATIENT_DISENGAGED,247996,6/27/2026 11:57:47 AM,068492a8-9bbc-456b-87fb-dc52c0aec9a7,2.0,,,,7.39,,,,,,,,,,,,,,,,none,100,Infinity,none,Military PT 10,dead,fetal,"(-9.6, -0.1, -2.9)",none,"(0.0, -0.6, 0.0, 0.8)",none,EXPECTANT,still,,,,,,,,,,,,,,,,,7.39,
PATIENT_ENGAGED,247996,6/27/2026 11:57:47 AM,068492a8-9bbc-456b-87fb-dc52c0aec9a7,2.0,,,,0,,,,,,,,,,,,,,,,fast,100,Infinity,normal,Military PT 4,upset,kneeling,"(-11.1, -0.1, -4.7)",faint,"(0.0, 1.0, 0.0, 0.2)",normal,IMMEDIATE,still,,,,,,,,,,,,,,,,,0,
PLAYER_POSITIONS,248348,6/27/2026 11:57:47 AM,068492a8-9bbc-456b-87fb-dc52c0aec9a7,2.0,,,,,,,,,,,,,,,,,,,,,,,,,,,,,,,,,,,"(-10.6, 0.3, -4.1)","(-10.7, 1.0, -4.1)","(-10.7, 0.5, -4.4)",
PLAYER_POSITIONS,248348,6/27/2026 11:57:47 AM,068492a8-9bbc-456b-87fb-dc52c0aec9a7,2.0,,,,,,,,,,,,,,,,,,,,,,,,,,,,,,,,,,,"(-10.6, 0.3, -4.1)","(-10.7, 1.0, -4.1)","(-10.7, 0.5, -4.4)",
PLAYER_POSITIONS,248871,6/27/2026 11:57:48 AM,068492a8-9bbc-456b-87fb-dc52c0aec9a7,2.0,,,,,,,,,,,,,,,,,,,,,,,,,,,,,,,,,,,"(-10.7, 0.3, -4.1)","(-10.7, 1.0, -4.0)","(-10.8, 0.5, -4.3)",
PLAYER_POSITIONS,248871,6/27/2026 11:57:48 AM,068492a8-9bbc-456b-87fb-dc52c0aec9a7,2.0,,,,,,,,,,,,,,,,,,,,,,,,,,,,,,,,,,,"(-10.7, 0.3, -4.1)","(-10.7, 1.0, -4.0)","(-10.8, 0.5, -4.3)",
PLAYER_POSITIONS,249382,6/27/2026 11:57:48 AM,068492a8-9bbc-456b-87fb-dc52c0aec9a7,2.0,,,,,,,,,,,,,,,,,,,,,,,,,,,,,,,,,,,"(-10.5, 0.3, -4.1)","(-10.6, 1.0, -4.0)","(-10.8, 0.6, -4.3)",
PLAYER_POSITIONS,249382,6/27/2026 11:57:48 AM,068492a8-9bbc-456b-87fb-dc52c0aec9a7,2.0,,,,,,,,,,,,,,,,,,,,,,,,,,,,,,,,,,,"(-10.5, 0.3, -4.1)","(-10.6, 1.0, -4.0)","(-10.8, 0.6, -4.3)",
AUDIO_START,249682,6/27/2026 11:57:49 AM,068492a8-9bbc-456b-87fb-dc52c0aec9a7,2.0,enemy dispersed,3.578775,
PLAYER_POSITIONS,249910,6/27/2026 11:57:49 AM,068492a8-9bbc-456b-87fb-dc52c0aec9a7,2.0,,,,,,,,,,,,,,,,,,,,,,,,,,,,,,,,,,,"(-10.6, 0.2, -4.1)","(-10.7, 0.9, -4.0)","(-10.9, 0.6, -4.3)",
PLAYER_GAZE,249910,6/27/2026 11:57:49 AM,068492a8-9bbc-456b-87fb-dc52c0aec9a7,2.0,,,,,,,,,,,,,,,,,,,,,,,,Military PT 4,,,,,,,,,"(0.5, 0.9, 0.8)",,,"(-11.1, 0.0, -4.7)",
PLAYER_POSITIONS,249910,6/27/2026 11:57:49 AM,068492a8-9bbc-456b-87fb-dc52c0aec9a7,2.0,,,,,,,,,,,,,,,,,,,,,,,,,,,,,,,,,,,"(-10.6, 0.2, -4.1)","(-10.7, 0.9, -4.0)","(-10.9, 0.6, -4.3)",
PLAYER_GAZE,249910,6/27/2026 11:57:49 AM,068492a8-9bbc-456b-87fb-dc52c0aec9a7,2.0,,,,,,,,,,,,,,,,,,,,,,,,Military PT 4,,,,,,,,,"(0.5, 0.9, 0.8)",,,"(-11.1, 0.0, -4.7)",
VOICE_CAPTURE,250365,6/27/2026 11:57:49 AM,068492a8-9bbc-456b-87fb-dc52c0aec9a7,2.0,,,,,,,,,,,,,,,,,,,,,,,,,,,,,,,,,,,,,,,,,,,,,,,,,,,NA,Oh,
PLAYER_POSITIONS,250432,6/27/2026 11:57:49 AM,068492a8-9bbc-456b-87fb-dc52c0aec9a7,2.0,,,,,,,,,,,,,,,,,,,,,,,,,,,,,,,,,,,"(-10.5, 0.2, -4.1)","(-10.6, 0.9, -4.0)","(-10.9, 0.5, -4.2)",
PLAYER_POSITIONS,250432,6/27/2026 11:57:49 AM,068492a8-9bbc-456b-87fb-dc52c0aec9a7,2.0,,,,,,,,,,,,,,,,,,,,,,,,,,,,,,,,,,,"(-10.5, 0.2, -4.1)","(-10.6, 0.9, -4.0)","(-10.9, 0.5, -4.2)",
VOICE_CAPTURE,250865,6/27/2026 11:57:50 AM,068492a8-9bbc-456b-87fb-dc52c0aec9a7,2.0,,,,,,,,,,,,,,,,,,,,,,,,,,,,,,,,,,,,,,,,,,,,,,,,,,,NA,Oh,
PLAYER_POSITIONS,250932,6/27/2026 11:57:50 AM,068492a8-9bbc-456b-87fb-dc52c0aec9a7,2.0,,,,,,,,,,,,,,,,,,,,,,,,,,,,,,,,,,,"(-10.5, 0.2, -4.1)","(-10.7, 1.0, -4.0)","(-11.1, 0.5, -4.3)",
PLAYER_GAZE,250932,6/27/2026 11:57:50 AM,068492a8-9bbc-456b-87fb-dc52c0aec9a7,2.0,,,,,,,,,,,,,,,,,,,,,,,,Military PT 4,,,,,,,,,"(0.5, 1.0, 0.7)",,,"(-11.1, 0.0, -4.7)",
PLAYER_POSITIONS,250932,6/27/2026 11:57:50 AM,068492a8-9bbc-456b-87fb-dc52c0aec9a7,2.0,,,,,,,,,,,,,,,,,,,,,,,,,,,,,,,,,,,"(-10.5, 0.2, -4.1)","(-10.7, 1.0, -4.0)","(-11.1, 0.5, -4.3)",
PLAYER_GAZE,250932,6/27/2026 11:57:50 AM,068492a8-9bbc-456b-87fb-dc52c0aec9a7,2.0,,,,,,,,,,,,,,,,,,,,,,,,Military PT 4,,,,,,,,,"(0.5, 1.0, 0.7)",,,"(-11.1, 0.0, -4.7)",
VOICE_CAPTURE,251398,6/27/2026 11:57:50 AM,068492a8-9bbc-456b-87fb-dc52c0aec9a7,2.0,,,,,,,,,,,,,,,,,,,,,,,,,,,,,,,,,,,,,,,,,,,,,,,,,,,NA,"Oh, that's my boy.",
TOOL_HOVER,251418,6/27/2026 11:57:50 AM,068492a8-9bbc-456b-87fb-dc52c0aec9a7,2.0,,,,,,,,,,,,,,,,,,,,,,,,,,,,,,,,,,,,,,,,,,,,,,999,,Blanket,
PLAYER_POSITIONS,251442,6/27/2026 11:57:50 AM,068492a8-9bbc-456b-87fb-dc52c0aec9a7,2.0,,,,,,,,,,,,,,,,,,,,,,,,,,,,,,,,,,,"(-10.5, 0.2, -4.0)","(-10.7, 0.9, -4.0)","(-11.2, 0.6, -4.5)",
PLAYER_GAZE,251442,6/27/2026 11:57:50 AM,068492a8-9bbc-456b-87fb-dc52c0aec9a7,2.0,,,,,,,,,,,,,,,,,,,,,,,,Military PT 4,,,,,,,,,"(0.4, 0.9, 0.7)",,,"(-11.1, 0.0, -4.7)",
PLAYER_POSITIONS,251442,6/27/2026 11:57:50 AM,068492a8-9bbc-456b-87fb-dc52c0aec9a7,2.0,,,,,,,,,,,,,,,,,,,,,,,,,,,,,,,,,,,"(-10.5, 0.2, -4.0)","(-10.7, 0.9, -4.0)","(-11.2, 0.6, -4.5)",
PLAYER_GAZE,251442,6/27/2026 11:57:50 AM,068492a8-9bbc-456b-87fb-dc52c0aec9a7,2.0,,,,,,,,,,,,,,,,,,,,,,,,Military PT 4,,,,,,,,,"(0.4, 0.9, 0.7)",,,"(-11.1, 0.0, -4.7)",
TOOL_HOVER,251529,6/27/2026 11:57:50 AM,068492a8-9bbc-456b-87fb-dc52c0aec9a7,2.0,,,,,,,,,,,,,,,,,,,,,,,,,,,,,,,,,,,,,,,,,,,,,,999,,Israeli Wrap,
TOOL_HOVER,251840,6/27/2026 11:57:51 AM,068492a8-9bbc-456b-87fb-dc52c0aec9a7,2.0,,,,,,,,,,,,,,,,,,,,,,,,,,,,,,,,,,,,,,,,,,,,,,999,,Gauze Wrap,
VOICE_CAPTURE,251888,6/27/2026 11:57:51 AM,068492a8-9bbc-456b-87fb-dc52c0aec9a7,2.0,,,,,,,,,,,,,,,,,,,,,,,,,,,,,,,,,,,,,,,,,,,,,,,,,,,NA,"Oh, that's my boy.",
VOICE_CAPTURE,251888,6/27/2026 11:57:51 AM,068492a8-9bbc-456b-87fb-dc52c0aec9a7,2.0,,,,,,,,,,,,,,,,,,,,,,,,,,,,,,,,,,,,,,,,,,,,,,,,,,,NA,"Oh, that's my boy.",
PLAYER_POSITIONS,251965,6/27/2026 11:57:51 AM,068492a8-9bbc-456b-87fb-dc52c0aec9a7,2.0,,,,,,,,,,,,,,,,,,,,,,,,,,,,,,,,,,,"(-10.5, 0.2, -4.0)","(-10.7, 0.9, -4.0)","(-10.9, 0.5, -4.5)",
PLAYER_GAZE,251965,6/27/2026 11:57:51 AM,068492a8-9bbc-456b-87fb-dc52c0aec9a7,2.0,,,,,,,,,,,,,,,,,,,,,,,,Military PT 4,,,,,,,,,"(0.4, 0.9, 0.7)",,,"(-11.1, 0.0, -4.7)",
PLAYER_POSITIONS,251965,6/27/2026 11:57:51 AM,068492a8-9bbc-456b-87fb-dc52c0aec9a7,2.0,,,,,,,,,,,,,,,,,,,,,,,,,,,,,,,,,,,"(-10.5, 0.2, -4.0)","(-10.7, 0.9, -4.0)","(-10.9, 0.5, -4.5)",
PLAYER_GAZE,251965,6/27/2026 11:57:51 AM,068492a8-9bbc-456b-87fb-dc52c0aec9a7,2.0,,,,,,,,,,,,,,,,,,,,,,,,Military PT 4,,,,,,,,,"(0.4, 0.9, 0.7)",,,"(-11.1, 0.0, -4.7)",
TOOL_HOVER,252208,6/27/2026 11:57:51 AM,068492a8-9bbc-456b-87fb-dc52c0aec9a7,2.0,,,,,,,,,,,,,,,,,,,,,,,,,,,,,,,,,,,,,,,,,,,,,,996,,Tourniquet,
VOICE_CAPTURE,252412,6/27/2026 11:57:51 AM,068492a8-9bbc-456b-87fb-dc52c0aec9a7,2.0,,,,,,,,,,,,,,,,,,,,,,,,,,,,,,,,,,,,,,,,,,,,,,,,,,,NA,That's my boy.,
PLAYER_POSITIONS,252479,6/27/2026 11:57:51 AM,068492a8-9bbc-456b-87fb-dc52c0aec9a7,2.0,,,,,,,,,,,,,,,,,,,,,,,,,,,,,,,,,,,"(-10.5, 0.2, -4.0)","(-10.7, 0.9, -4.0)","(-10.9, 0.7, -4.5)",
PLAYER_GAZE,252479,6/27/2026 11:57:51 AM,068492a8-9bbc-456b-87fb-dc52c0aec9a7,2.0,,,,,,,,,,,,,,,,,,,,,,,,Military PT 4,,,,,,,,,"(0.4, 0.9, 0.7)",,,"(-11.1, 0.0, -4.7)",
PLAYER_POSITIONS,252479,6/27/2026 11:57:51 AM,068492a8-9bbc-456b-87fb-dc52c0aec9a7,2.0,,,,,,,,,,,,,,,,,,,,,,,,,,,,,,,,,,,"(-10.5, 0.2, -4.0)","(-10.7, 0.9, -4.0)","(-10.9, 0.7, -4.5)",
PLAYER_GAZE,252479,6/27/2026 11:57:51 AM,068492a8-9bbc-456b-87fb-dc52c0aec9a7,2.0,,,,,,,,,,,,,,,,,,,,,,,,Military PT 4,,,,,,,,,"(0.4, 0.9, 0.7)",,,"(-11.1, 0.0, -4.7)",
TOOL_HOVER,252520,6/27/2026 11:57:51 AM,068492a8-9bbc-456b-87fb-dc52c0aec9a7,2.0,,,,,,,,,,,,,,,,,,,,,,,,,,,,,,,,,,,,,,,,,,,,,,998,,Hemostatic Gauze,
TOOL_SELECTED,252677,6/27/2026 11:57:52 AM,068492a8-9bbc-456b-87fb-dc52c0aec9a7,2.0,,,,,,,,,,,,,,,,,,,,,,,,,,,,,,,,,,,,,,,,,,,,,,997,,Hemostatic Gauze,
VOICE_CAPTURE,252878,6/27/2026 11:57:52 AM,068492a8-9bbc-456b-87fb-dc52c0aec9a7,2.0,,,,,,,,,,,,,,,,,,,,,,,,,,,,,,,,,,,,,,,,,,,,,,,,,,,NA,That's my boy.,
PLAYER_POSITIONS,252987,6/27/2026 11:57:52 AM,068492a8-9bbc-456b-87fb-dc52c0aec9a7,2.0,,,,,,,,,,,,,,,,,,,,,,,,,,,,,,,,,,,"(-10.5, 0.2, -4.1)","(-10.7, 1.0, -4.0)","(-10.7, 0.6, -4.4)",
PLAYER_POSITIONS,252987,6/27/2026 11:57:52 AM,068492a8-9bbc-456b-87fb-dc52c0aec9a7,2.0,,,,,,,,,,,,,,,,,,,,,,,,,,,,,,,,,,,"(-10.5, 0.2, -4.1)","(-10.7, 1.0, -4.0)","(-10.7, 0.6, -4.4)",
AUDIO_END,253255,6/27/2026 11:57:52 AM,068492a8-9bbc-456b-87fb-dc52c0aec9a7,2.0,enemy dispersed,3.578775,
NARRATIVE_SECTION_END,253256,6/27/2026 11:57:52 AM,068492a8-9bbc-456b-87fb-dc52c0aec9a7,2.0,,,,,,,,,,,,,,,,,,Enemy dispersed,28,
NARRATIVE_SECTION_START,253296,6/27/2026 11:57:52 AM,068492a8-9bbc-456b-87fb-dc52c0aec9a7,2.0,,,,,,,,,,,,,,,,,,Mortar support on 3-1,29,
PLAYER_POSITIONS,253489,6/27/2026 11:57:52 AM,068492a8-9bbc-456b-87fb-dc52c0aec9a7,2.0,,,,,,,,,,,,,,,,,,,,,,,,,,,,,,,,,,,"(-10.5, 0.2, -4.0)","(-10.6, 1.0, -4.0)","(-10.5, 0.7, -4.6)",
PLAYER_POSITIONS,253489,6/27/2026 11:57:52 AM,068492a8-9bbc-456b-87fb-dc52c0aec9a7,2.0,,,,,,,,,,,,,,,,,,,,,,,,,,,,,,,,,,,"(-10.5, 0.2, -4.0)","(-10.6, 1.0, -4.0)","(-10.5, 0.7, -4.6)",
INJURY_TREATED,253647,6/27/2026 11:57:53 AM,068492a8-9bbc-456b-87fb-dc52c0aec9a7,2.0,,,,,,,,,neck,R Neck Laceration,"(-10.6, 0.7, -4.7)",woundpack,1,1,high,True,True,,,,,,,Military PT 4,
TOOL_APPLIED,253647,6/27/2026 11:57:53 AM,068492a8-9bbc-456b-87fb-dc52c0aec9a7,2.0,,,,,,,,,,,,,,,,,,,,,,,,Military PT 4,,,,,,,,,,,,,,,,,,,,AppliedPackingGauze,skinCollider_BodyCollideLOD (UnityEngine.GameObject),,Gauze Pack(Clone) (UnityEngine.GameObject),Hemostatic Gauze,
PLAYER_POSITIONS,253990,6/27/2026 11:57:53 AM,068492a8-9bbc-456b-87fb-dc52c0aec9a7,2.0,,,,,,,,,,,,,,,,,,,,,,,,,,,,,,,,,,,"(-10.5, 0.2, -4.0)","(-10.6, 1.0, -4.0)","(-10.6, 0.7, -4.5)",
PLAYER_POSITIONS,253990,6/27/2026 11:57:53 AM,068492a8-9bbc-456b-87fb-dc52c0aec9a7,2.0,,,,,,,,,,,,,,,,,,,,,,,,,,,,,,,,,,,"(-10.5, 0.2, -4.0)","(-10.6, 1.0, -4.0)","(-10.6, 0.7, -4.5)",
TOOL_HOVER,254431,6/27/2026 11:57:53 AM,068492a8-9bbc-456b-87fb-dc52c0aec9a7,2.0,,,,,,,,,,,,,,,,,,,,,,,,,,,,,,,,,,,,,,,,,,,,,,996,,Tourniquet,
PLAYER_POSITIONS,254499,6/27/2026 11:57:53 AM,068492a8-9bbc-456b-87fb-dc52c0aec9a7,2.0,,,,,,,,,,,,,,,,,,,,,,,,,,,,,,,,,,,"(-10.5, 0.2, -4.0)","(-10.6, 1.0, -4.0)","(-10.7, 0.6, -4.4)",
PLAYER_POSITIONS,254499,6/27/2026 11:57:53 AM,068492a8-9bbc-456b-87fb-dc52c0aec9a7,2.0,,,,,,,,,,,,,,,,,,,,,,,,,,,,,,,,,,,"(-10.5, 0.2, -4.0)","(-10.6, 1.0, -4.0)","(-10.7, 0.6, -4.4)",
TOOL_HOVER,254931,6/27/2026 11:57:54 AM,068492a8-9bbc-456b-87fb-dc52c0aec9a7,2.0,,,,,,,,,,,,,,,,,,,,,,,,,,,,,,,,,,,,,,,,,,,,,,996,,Tourniquet,
PLAYER_POSITIONS,255000,6/27/2026 11:57:54 AM,068492a8-9bbc-456b-87fb-dc52c0aec9a7,2.0,,,,,,,,,,,,,,,,,,,,,,,,,,,,,,,,,,,"(-10.5, 0.2, -4.0)","(-10.6, 1.0, -4.0)","(-10.8, 0.7, -4.4)",
PLAYER_POSITIONS,255000,6/27/2026 11:57:54 AM,068492a8-9bbc-456b-87fb-dc52c0aec9a7,2.0,,,,,,,,,,,,,,,,,,,,,,,,,,,,,,,,,,,"(-10.5, 0.2, -4.0)","(-10.6, 1.0, -4.0)","(-10.8, 0.7, -4.4)",
TOOL_HOVER,255430,6/27/2026 11:57:54 AM,068492a8-9bbc-456b-87fb-dc52c0aec9a7,2.0,,,,,,,,,,,,,,,,,,,,,,,,,,,,,,,,,,,,,,,,,,,,,,996,,Tourniquet,
PLAYER_POSITIONS,255522,6/27/2026 11:57:54 AM,068492a8-9bbc-456b-87fb-dc52c0aec9a7,2.0,,,,,,,,,,,,,,,,,,,,,,,,,,,,,,,,,,,"(-10.5, 0.2, -4.0)","(-10.6, 1.0, -4.0)","(-10.9, 0.5, -4.4)",
PLAYER_POSITIONS,255522,6/27/2026 11:57:54 AM,068492a8-9bbc-456b-87fb-dc52c0aec9a7,2.0,,,,,,,,,,,,,,,,,,,,,,,,,,,,,,,,,,,"(-10.5, 0.2, -4.0)","(-10.6, 1.0, -4.0)","(-10.9, 0.5, -4.4)",
PLAYER_POSITIONS,256043,6/27/2026 11:57:55 AM,068492a8-9bbc-456b-87fb-dc52c0aec9a7,2.0,,,,,,,,,,,,,,,,,,,,,,,,,,,,,,,,,,,"(-10.5, 0.3, -4.0)","(-10.7, 0.9, -4.1)","(-10.7, 0.5, -4.3)",
PLAYER_POSITIONS,256043,6/27/2026 11:57:55 AM,068492a8-9bbc-456b-87fb-dc52c0aec9a7,2.0,,,,,,,,,,,,,,,,,,,,,,,,,,,,,,,,,,,"(-10.5, 0.3, -4.0)","(-10.7, 0.9, -4.1)","(-10.7, 0.5, -4.3)",
PLAYER_POSITIONS,256532,6/27/2026 11:57:55 AM,068492a8-9bbc-456b-87fb-dc52c0aec9a7,2.0,,,,,,,,,,,,,,,,,,,,,,,,,,,,,,,,,,,"(-10.5, 0.2, -4.1)","(-10.6, 0.9, -4.0)","(-10.9, 0.5, -4.3)",
PLAYER_POSITIONS,256532,6/27/2026 11:57:55 AM,068492a8-9bbc-456b-87fb-dc52c0aec9a7,2.0,,,,,,,,,,,,,,,,,,,,,,,,,,,,,,,,,,,"(-10.5, 0.2, -4.1)","(-10.6, 0.9, -4.0)","(-10.9, 0.5, -4.3)",
VOICE_CAPTURE,256910,6/27/2026 11:57:56 AM,068492a8-9bbc-456b-87fb-dc52c0aec9a7,2.0,,,,,,,,,,,,,,,,,,,,,,,,,,,,,,,,,,,,,,,,,,,,,,,,,,,NA,Thank you.,
PLAYER_POSITIONS,257044,6/27/2026 11:57:56 AM,068492a8-9bbc-456b-87fb-dc52c0aec9a7,2.0,,,,,,,,,,,,,,,,,,,,,,,,,,,,,,,,,,,"(-10.5, 0.2, -4.1)","(-10.6, 0.9, -4.0)","(-11.1, 0.6, -4.1)",
PLAYER_POSITIONS,257044,6/27/2026 11:57:56 AM,068492a8-9bbc-456b-87fb-dc52c0aec9a7,2.0,,,,,,,,,,,,,,,,,,,,,,,,,,,,,,,,,,,"(-10.5, 0.2, -4.1)","(-10.6, 0.9, -4.0)","(-11.1, 0.6, -4.1)",
TAG_SELECTED,257341,6/27/2026 11:57:56 AM,068492a8-9bbc-456b-87fb-dc52c0aec9a7,2.0,,,,,,,,,,,,,,,,,,,,,,,,,,,,,,,,,,,,,,,,,,green,
VOICE_CAPTURE,257376,6/27/2026 11:57:56 AM,068492a8-9bbc-456b-87fb-dc52c0aec9a7,2.0,,,,,,,,,,,,,,,,,,,,,,,,,,,,,,,,,,,,,,,,,,,,,,,,,,,NA,Thank you. All right.,
PLAYER_POSITIONS,257555,6/27/2026 11:57:56 AM,068492a8-9bbc-456b-87fb-dc52c0aec9a7,2.0,,,,,,,,,,,,,,,,,,,,,,,,,,,,,,,,,,,"(-10.5, 0.2, -4.1)","(-10.6, 0.9, -4.0)","(-10.9, 0.6, -4.2)",
PLAYER_POSITIONS,257555,6/27/2026 11:57:56 AM,068492a8-9bbc-456b-87fb-dc52c0aec9a7,2.0,,,,,,,,,,,,,,,,,,,,,,,,,,,,,,,,,,,"(-10.5, 0.2, -4.1)","(-10.6, 0.9, -4.0)","(-10.9, 0.6, -4.2)",
VOICE_CAPTURE,257902,6/27/2026 11:57:57 AM,068492a8-9bbc-456b-87fb-dc52c0aec9a7,2.0,,,,,,,,,,,,,,,,,,,,,,,,,,,,,,,,,,,,,,,,,,,,,,,,,,,NA,Thank you. All right. Can you stand?,
PLAYER_POSITIONS,258076,6/27/2026 11:57:57 AM,068492a8-9bbc-456b-87fb-dc52c0aec9a7,2.0,,,,,,,,,,,,,,,,,,,,,,,,,,,,,,,,,,,"(-10.5, 0.2, -4.0)","(-10.6, 0.9, -4.1)","(-10.8, 0.4, -4.5)",
PLAYER_POSITIONS,258076,6/27/2026 11:57:57 AM,068492a8-9bbc-456b-87fb-dc52c0aec9a7,2.0,,,,,,,,,,,,,,,,,,,,,,,,,,,,,,,,,,,"(-10.5, 0.2, -4.0)","(-10.6, 0.9, -4.1)","(-10.8, 0.4, -4.5)",
AUDIO_START,258303,6/27/2026 11:57:57 AM,068492a8-9bbc-456b-87fb-dc52c0aec9a7,2.0,mortar on 3 1,3.474286,
VOICE_CAPTURE,258398,6/27/2026 11:57:57 AM,068492a8-9bbc-456b-87fb-dc52c0aec9a7,2.0,,,,,,,,,,,,,,,,,,,,,,,,,,,,,,,,,,,,,,,,,,,,,,,,,,,NA,"Thank you. All right, can you stand?",
PLAYER_POSITIONS,258599,6/27/2026 11:57:57 AM,068492a8-9bbc-456b-87fb-dc52c0aec9a7,2.0,,,,,,,,,,,,,,,,,,,,,,,,,,,,,,,,,,,"(-10.5, 0.2, -4.0)","(-10.7, 0.9, -4.0)","(-11.1, 0.6, -4.2)",
PLAYER_GAZE,258599,6/27/2026 11:57:57 AM,068492a8-9bbc-456b-87fb-dc52c0aec9a7,2.0,,,,,,,,,,,,,,,,,,,,,,,,Military PT 4,,,,,,,,,"(0.5, 0.9, 0.7)",,,"(-11.1, 0.0, -4.7)",
PLAYER_POSITIONS,258599,6/27/2026 11:57:57 AM,068492a8-9bbc-456b-87fb-dc52c0aec9a7,2.0,,,,,,,,,,,,,,,,,,,,,,,,,,,,,,,,,,,"(-10.5, 0.2, -4.0)","(-10.7, 0.9, -4.0)","(-11.1, 0.6, -4.2)",
PLAYER_GAZE,258599,6/27/2026 11:57:57 AM,068492a8-9bbc-456b-87fb-dc52c0aec9a7,2.0,,,,,,,,,,,,,,,,,,,,,,,,Military PT 4,,,,,,,,,"(0.5, 0.9, 0.7)",,,"(-11.1, 0.0, -4.7)",
TAG_DISCARDED,258686,6/27/2026 11:57:58 AM,068492a8-9bbc-456b-87fb-dc52c0aec9a7,2.0,,,,,,,,,,,,,,,,,,,,,,,,,,,,,,,,,,,,"(-11.1, 0.5, -4.1)",,,,,,green,
VOICE_CAPTURE,258911,6/27/2026 11:57:58 AM,068492a8-9bbc-456b-87fb-dc52c0aec9a7,2.0,,,,,,,,,,,,,,,,,,,,,,,,,,,,,,,,,,,,,,,,,,,,,,,,,,,NA,"Thank you. All right, can you stand?",
VOICE_CAPTURE,258911,6/27/2026 11:57:58 AM,068492a8-9bbc-456b-87fb-dc52c0aec9a7,2.0,,,,,,,,,,,,,,,,,,,,,,,,,,,,,,,,,,,,,,,,,,,,,,,,,,,NA,"Thank you. All right, can you stand?",
VOICE_COMMAND,258911,6/27/2026 11:57:58 AM,068492a8-9bbc-456b-87fb-dc52c0aec9a7,2.0,,,,,,,,,,,,,,,,,,,,,,,,,,,,,,,,,,,,,,,,,,,,,,,,,,,"Thank you. All right, can you stand?",stand up,
PLAYER_POSITIONS,259111,6/27/2026 11:57:58 AM,068492a8-9bbc-456b-87fb-dc52c0aec9a7,2.0,,,,,,,,,,,,,,,,,,,,,,,,,,,,,,,,,,,"(-10.5, 0.2, -4.0)","(-10.7, 0.9, -4.0)","(-10.9, 0.5, -4.3)",
PLAYER_GAZE,259111,6/27/2026 11:57:58 AM,068492a8-9bbc-456b-87fb-dc52c0aec9a7,2.0,,,,,,,,,,,,,,,,,,,,,,,,Military PT 4,,,,,,,,,"(0.4, 0.9, 0.7)",,,"(-11.1, 0.0, -4.7)",
PLAYER_POSITIONS,259111,6/27/2026 11:57:58 AM,068492a8-9bbc-456b-87fb-dc52c0aec9a7,2.0,,,,,,,,,,,,,,,,,,,,,,,,,,,,,,,,,,,"(-10.5, 0.2, -4.0)","(-10.7, 0.9, -4.0)","(-10.9, 0.5, -4.3)",
PLAYER_GAZE,259111,6/27/2026 11:57:58 AM,068492a8-9bbc-456b-87fb-dc52c0aec9a7,2.0,,,,,,,,,,,,,,,,,,,,,,,,Military PT 4,,,,,,,,,"(0.4, 0.9, 0.7)",,,"(-11.1, 0.0, -4.7)",
TAG_SELECTED,259218,6/27/2026 11:57:58 AM,068492a8-9bbc-456b-87fb-dc52c0aec9a7,2.0,,,,,,,,,,,,,,,,,,,,,,,,,,,,,,,,,,,,,,,,,,yellow,
TAG_DISCARDED,259566,6/27/2026 11:57:58 AM,068492a8-9bbc-456b-87fb-dc52c0aec9a7,2.0,,,,,,,,,,,,,,,,,,,,,,,,,,,,,,,,,,,,"(-10.9, 0.5, -4.2)",,,,,,yellow,
PLAYER_POSITIONS,259613,6/27/2026 11:57:58 AM,068492a8-9bbc-456b-87fb-dc52c0aec9a7,2.0,,,,,,,,,,,,,,,,,,,,,,,,,,,,,,,,,,,"(-10.5, 0.2, -4.0)","(-10.7, 0.9, -4.0)","(-10.9, 0.5, -4.2)",
PLAYER_GAZE,259613,6/27/2026 11:57:58 AM,068492a8-9bbc-456b-87fb-dc52c0aec9a7,2.0,,,,,,,,,,,,,,,,,,,,,,,,Military PT 4,,,,,,,,,"(0.4, 0.9, 0.7)",,,"(-11.1, 0.0, -4.7)",
PLAYER_POSITIONS,259613,6/27/2026 11:57:58 AM,068492a8-9bbc-456b-87fb-dc52c0aec9a7,2.0,,,,,,,,,,,,,,,,,,,,,,,,,,,,,,,,,,,"(-10.5, 0.2, -4.0)","(-10.7, 0.9, -4.0)","(-10.9, 0.5, -4.2)",
PLAYER_GAZE,259613,6/27/2026 11:57:58 AM,068492a8-9bbc-456b-87fb-dc52c0aec9a7,2.0,,,,,,,,,,,,,,,,,,,,,,,,Military PT 4,,,,,,,,,"(0.4, 0.9, 0.7)",,,"(-11.1, 0.0, -4.7)",
TAG_SELECTED,259789,6/27/2026 11:57:59 AM,068492a8-9bbc-456b-87fb-dc52c0aec9a7,2.0,,,,,,,,,,,,,,,,,,,,,,,,,,,,,,,,,,,,,,,,,,yellow,
PLAYER_POSITIONS,260113,6/27/2026 11:57:59 AM,068492a8-9bbc-456b-87fb-dc52c0aec9a7,2.0,,,,,,,,,,,,,,,,,,,,,,,,,,,,,,,,,,,"(-10.5, 0.2, -4.0)","(-10.7, 0.9, -4.0)","(-10.9, 0.6, -4.2)",
PLAYER_GAZE,260113,6/27/2026 11:57:59 AM,068492a8-9bbc-456b-87fb-dc52c0aec9a7,2.0,,,,,,,,,,,,,,,,,,,,,,,,Military PT 4,,,,,,,,,"(0.4, 0.9, 0.7)",,,"(-11.1, 0.0, -4.7)",
PLAYER_POSITIONS,260113,6/27/2026 11:57:59 AM,068492a8-9bbc-456b-87fb-dc52c0aec9a7,2.0,,,,,,,,,,,,,,,,,,,,,,,,,,,,,,,,,,,"(-10.5, 0.2, -4.0)","(-10.7, 0.9, -4.0)","(-10.9, 0.6, -4.2)",
PLAYER_GAZE,260113,6/27/2026 11:57:59 AM,068492a8-9bbc-456b-87fb-dc52c0aec9a7,2.0,,,,,,,,,,,,,,,,,,,,,,,,Military PT 4,,,,,,,,,"(0.4, 0.9, 0.7)",,,"(-11.1, 0.0, -4.7)",
TAG_DISCARDED,260486,6/27/2026 11:57:59 AM,068492a8-9bbc-456b-87fb-dc52c0aec9a7,2.0,,,,,,,,,,,,,,,,,,,,,,,,,,,,,,,,,,,,"(-10.9, 0.5, -4.2)",,,,,,yellow,
PLAYER_POSITIONS,260623,6/27/2026 11:58:00 AM,068492a8-9bbc-456b-87fb-dc52c0aec9a7,2.0,,,,,,,,,,,,,,,,,,,,,,,,,,,,,,,,,,,"(-10.5, 0.2, -4.0)","(-10.7, 0.9, -4.0)","(-11.0, 0.6, -4.2)",
PLAYER_GAZE,260623,6/27/2026 11:58:00 AM,068492a8-9bbc-456b-87fb-dc52c0aec9a7,2.0,,,,,,,,,,,,,,,,,,,,,,,,Military PT 4,,,,,,,,,"(0.4, 0.9, 0.7)",,,"(-11.1, 0.0, -4.7)",
PLAYER_POSITIONS,260623,6/27/2026 11:58:00 AM,068492a8-9bbc-456b-87fb-dc52c0aec9a7,2.0,,,,,,,,,,,,,,,,,,,,,,,,,,,,,,,,,,,"(-10.5, 0.2, -4.0)","(-10.7, 0.9, -4.0)","(-11.0, 0.6, -4.2)",
PLAYER_GAZE,260623,6/27/2026 11:58:00 AM,068492a8-9bbc-456b-87fb-dc52c0aec9a7,2.0,,,,,,,,,,,,,,,,,,,,,,,,Military PT 4,,,,,,,,,"(0.4, 0.9, 0.7)",,,"(-11.1, 0.0, -4.7)",
TAG_SELECTED,260800,6/27/2026 11:58:00 AM,068492a8-9bbc-456b-87fb-dc52c0aec9a7,2.0,,,,,,,,,,,,,,,,,,,,,,,,,,,,,,,,,,,,,,,,,,yellow,
BAG_CLOSED,260987,6/27/2026 11:58:00 AM,068492a8-9bbc-456b-87fb-dc52c0aec9a7,2.0,,,,,,,,,,,,,,,,,,,,,,,,,,,,,,,,,,,,"(0.0, 0.0, 0.0)",
PLAYER_POSITIONS,261128,6/27/2026 11:58:00 AM,068492a8-9bbc-456b-87fb-dc52c0aec9a7,2.0,,,,,,,,,,,,,,,,,,,,,,,,,,,,,,,,,,,"(-10.5, 0.2, -4.1)","(-10.7, 0.9, -4.0)","(-11.0, 0.6, -4.2)",
PLAYER_GAZE,261128,6/27/2026 11:58:00 AM,068492a8-9bbc-456b-87fb-dc52c0aec9a7,2.0,,,,,,,,,,,,,,,,,,,,,,,,Military PT 4,,,,,,,,,"(0.4, 0.9, 0.7)",,,"(-11.1, 0.0, -4.7)",
PLAYER_POSITIONS,261128,6/27/2026 11:58:00 AM,068492a8-9bbc-456b-87fb-dc52c0aec9a7,2.0,,,,,,,,,,,,,,,,,,,,,,,,,,,,,,,,,,,"(-10.5, 0.2, -4.1)","(-10.7, 0.9, -4.0)","(-11.0, 0.6, -4.2)",
PLAYER_GAZE,261128,6/27/2026 11:58:00 AM,068492a8-9bbc-456b-87fb-dc52c0aec9a7,2.0,,,,,,,,,,,,,,,,,,,,,,,,Military PT 4,,,,,,,,,"(0.4, 0.9, 0.7)",,,"(-11.1, 0.0, -4.7)",
TAG_DISCARDED,261513,6/27/2026 11:58:00 AM,068492a8-9bbc-456b-87fb-dc52c0aec9a7,2.0,,,,,,,,,,,,,,,,,,,,,,,,,,,,,,,,,,,,"(-11.0, 0.6, -4.2)",,,,,,yellow,
PLAYER_POSITIONS,261646,6/27/2026 11:58:01 AM,068492a8-9bbc-456b-87fb-dc52c0aec9a7,2.0,,,,,,,,,,,,,,,,,,,,,,,,,,,,,,,,,,,"(-10.5, 0.2, -4.1)","(-10.7, 1.0, -4.0)","(-11.0, 0.6, -4.2)",
PLAYER_GAZE,261646,6/27/2026 11:58:01 AM,068492a8-9bbc-456b-87fb-dc52c0aec9a7,2.0,,,,,,,,,,,,,,,,,,,,,,,,Military PT 4,,,,,,,,,"(0.4, 1.0, 0.7)",,,"(-11.1, 0.0, -4.7)",
PLAYER_POSITIONS,261646,6/27/2026 11:58:01 AM,068492a8-9bbc-456b-87fb-dc52c0aec9a7,2.0,,,,,,,,,,,,,,,,,,,,,,,,,,,,,,,,,,,"(-10.5, 0.2, -4.1)","(-10.7, 1.0, -4.0)","(-11.0, 0.6, -4.2)",
PLAYER_GAZE,261646,6/27/2026 11:58:01 AM,068492a8-9bbc-456b-87fb-dc52c0aec9a7,2.0,,,,,,,,,,,,,,,,,,,,,,,,Military PT 4,,,,,,,,,"(0.4, 1.0, 0.7)",,,"(-11.1, 0.0, -4.7)",
AUDIO_END,261778,6/27/2026 11:58:01 AM,068492a8-9bbc-456b-87fb-dc52c0aec9a7,2.0,mortar on 3 1,3.474286,
NARRATIVE_SECTION_END,261778,6/27/2026 11:58:01 AM,068492a8-9bbc-456b-87fb-dc52c0aec9a7,2.0,,,,,,,,,,,,,,,,,,Mortar support on 3-1,29,
NARRATIVE_SECTION_START,261820,6/27/2026 11:58:01 AM,068492a8-9bbc-456b-87fb-dc52c0aec9a7,2.0,,,,,,,,,,,,,,,,,,Standby for mortar Strike,30,
PLAYER_POSITIONS,262147,6/27/2026 11:58:01 AM,068492a8-9bbc-456b-87fb-dc52c0aec9a7,2.0,,,,,,,,,,,,,,,,,,,,,,,,,,,,,,,,,,,"(-10.5, 0.2, -4.0)","(-10.7, 1.0, -4.0)","(-11.0, 0.6, -4.2)",
PLAYER_GAZE,262147,6/27/2026 11:58:01 AM,068492a8-9bbc-456b-87fb-dc52c0aec9a7,2.0,,,,,,,,,,,,,,,,,,,,,,,,Military PT 4,,,,,,,,,"(0.5, 1.0, 0.7)",,,"(-11.1, 0.0, -4.7)",
PLAYER_POSITIONS,262147,6/27/2026 11:58:01 AM,068492a8-9bbc-456b-87fb-dc52c0aec9a7,2.0,,,,,,,,,,,,,,,,,,,,,,,,,,,,,,,,,,,"(-10.5, 0.2, -4.0)","(-10.7, 1.0, -4.0)","(-11.0, 0.6, -4.2)",
PLAYER_GAZE,262147,6/27/2026 11:58:01 AM,068492a8-9bbc-456b-87fb-dc52c0aec9a7,2.0,,,,,,,,,,,,,,,,,,,,,,,,Military PT 4,,,,,,,,,"(0.5, 1.0, 0.7)",,,"(-11.1, 0.0, -4.7)",
PLAYER_POSITIONS,262658,6/27/2026 11:58:02 AM,068492a8-9bbc-456b-87fb-dc52c0aec9a7,2.0,,,,,,,,,,,,,,,,,,,,,,,,,,,,,,,,,,,"(-10.5, 0.2, -4.1)","(-10.7, 0.9, -4.0)","(-11.0, 0.6, -4.2)",
PLAYER_GAZE,262658,6/27/2026 11:58:02 AM,068492a8-9bbc-456b-87fb-dc52c0aec9a7,2.0,,,,,,,,,,,,,,,,,,,,,,,,Military PT 4,,,,,,,,,"(0.4, 0.9, 0.7)",,,"(-11.1, 0.0, -4.7)",
PLAYER_POSITIONS,262658,6/27/2026 11:58:02 AM,068492a8-9bbc-456b-87fb-dc52c0aec9a7,2.0,,,,,,,,,,,,,,,,,,,,,,,,,,,,,,,,,,,"(-10.5, 0.2, -4.1)","(-10.7, 0.9, -4.0)","(-11.0, 0.6, -4.2)",
PLAYER_GAZE,262658,6/27/2026 11:58:02 AM,068492a8-9bbc-456b-87fb-dc52c0aec9a7,2.0,,,,,,,,,,,,,,,,,,,,,,,,Military PT 4,,,,,,,,,"(0.4, 0.9, 0.7)",,,"(-11.1, 0.0, -4.7)",
TAG_SELECTED,263134,6/27/2026 11:58:02 AM,068492a8-9bbc-456b-87fb-dc52c0aec9a7,2.0,,,,,,,,,,,,,,,,,,,,,,,,,,,,,,,,,,,,,,,,,,red,
PLAYER_POSITIONS,263181,6/27/2026 11:58:02 AM,068492a8-9bbc-456b-87fb-dc52c0aec9a7,2.0,,,,,,,,,,,,,,,,,,,,,,,,,,,,,,,,,,,"(-10.5, 0.2, -4.1)","(-10.7, 0.9, -4.0)","(-10.9, 0.6, -4.2)",
PLAYER_GAZE,263181,6/27/2026 11:58:02 AM,068492a8-9bbc-456b-87fb-dc52c0aec9a7,2.0,,,,,,,,,,,,,,,,,,,,,,,,Military PT 4,,,,,,,,,"(0.4, 0.9, 0.7)",,,"(-11.1, 0.0, -4.7)",
PLAYER_POSITIONS,263181,6/27/2026 11:58:02 AM,068492a8-9bbc-456b-87fb-dc52c0aec9a7,2.0,,,,,,,,,,,,,,,,,,,,,,,,,,,,,,,,,,,"(-10.5, 0.2, -4.1)","(-10.7, 0.9, -4.0)","(-10.9, 0.6, -4.2)",
PLAYER_GAZE,263181,6/27/2026 11:58:02 AM,068492a8-9bbc-456b-87fb-dc52c0aec9a7,2.0,,,,,,,,,,,,,,,,,,,,,,,,Military PT 4,,,,,,,,,"(0.4, 0.9, 0.7)",,,"(-11.1, 0.0, -4.7)",
BAG_CLOSED,263609,6/27/2026 11:58:02 AM,068492a8-9bbc-456b-87fb-dc52c0aec9a7,2.0,,,,,,,,,,,,,,,,,,,,,,,,,,,,,,,,,,,,"(0.0, 0.0, 0.0)",
PLAYER_POSITIONS,263701,6/27/2026 11:58:03 AM,068492a8-9bbc-456b-87fb-dc52c0aec9a7,2.0,,,,,,,,,,,,,,,,,,,,,,,,,,,,,,,,,,,"(-10.5, 0.2, -4.1)","(-10.7, 1.0, -4.1)","(-11.0, 0.6, -4.3)",
PLAYER_POSITIONS,263701,6/27/2026 11:58:03 AM,068492a8-9bbc-456b-87fb-dc52c0aec9a7,2.0,,,,,,,,,,,,,,,,,,,,,,,,,,,,,,,,,,,"(-10.5, 0.2, -4.1)","(-10.7, 1.0, -4.1)","(-11.0, 0.6, -4.3)",
AUDIO_START,263828,6/27/2026 11:58:03 AM,068492a8-9bbc-456b-87fb-dc52c0aec9a7,2.0,standby for mortar strike,3.108572,
PLAYER_POSITIONS,264221,6/27/2026 11:58:03 AM,068492a8-9bbc-456b-87fb-dc52c0aec9a7,2.0,,,,,,,,,,,,,,,,,,,,,,,,,,,,,,,,,,,"(-10.5, 0.2, -4.2)","(-10.7, 1.0, -4.2)","(-11.1, 0.9, -4.7)",
PLAYER_POSITIONS,264221,6/27/2026 11:58:03 AM,068492a8-9bbc-456b-87fb-dc52c0aec9a7,2.0,,,,,,,,,,,,,,,,,,,,,,,,,,,,,,,,,,,"(-10.5, 0.2, -4.2)","(-10.7, 1.0, -4.2)","(-11.1, 0.9, -4.7)",
PLAYER_POSITIONS,264721,6/27/2026 11:58:04 AM,068492a8-9bbc-456b-87fb-dc52c0aec9a7,2.0,,,,,,,,,,,,,,,,,,,,,,,,,,,,,,,,,,,"(-10.6, 0.2, -4.4)","(-10.8, 1.0, -4.4)","(-11.1, 0.9, -5.0)",
PLAYER_POSITIONS,264721,6/27/2026 11:58:04 AM,068492a8-9bbc-456b-87fb-dc52c0aec9a7,2.0,,,,,,,,,,,,,,,,,,,,,,,,,,,,,,,,,,,"(-10.6, 0.2, -4.4)","(-10.8, 1.0, -4.4)","(-11.1, 0.9, -5.0)",
TAG_APPLIED,265036,6/27/2026 11:58:04 AM,068492a8-9bbc-456b-87fb-dc52c0aec9a7,2.0,,,,,,,,,,,,,,,,,,,,,,,,Military PT 4,,,,,,,,,,,,,,,,,,red,
PLAYER_POSITIONS,265235,6/27/2026 11:58:04 AM,068492a8-9bbc-456b-87fb-dc52c0aec9a7,2.0,,,,,,,,,,,,,,,,,,,,,,,,,,,,,,,,,,,"(-10.7, 0.2, -4.5)","(-10.9, 1.0, -4.6)","(-11.2, 0.8, -5.1)",
PLAYER_GAZE,265235,6/27/2026 11:58:04 AM,068492a8-9bbc-456b-87fb-dc52c0aec9a7,2.0,,,,,,,,,,,,,,,,,,,,,,,,Military PT 4,,,,,,,,,"(0.2, 1.0, 0.2)",,,"(-11.1, 0.0, -4.7)",
PLAYER_POSITIONS,265235,6/27/2026 11:58:04 AM,068492a8-9bbc-456b-87fb-dc52c0aec9a7,2.0,,,,,,,,,,,,,,,,,,,,,,,,,,,,,,,,,,,"(-10.7, 0.2, -4.5)","(-10.9, 1.0, -4.6)","(-11.2, 0.8, -5.1)",
PLAYER_GAZE,265235,6/27/2026 11:58:04 AM,068492a8-9bbc-456b-87fb-dc52c0aec9a7,2.0,,,,,,,,,,,,,,,,,,,,,,,,Military PT 4,,,,,,,,,"(0.2, 1.0, 0.2)",,,"(-11.1, 0.0, -4.7)",
PLAYER_POSITIONS,265736,6/27/2026 11:58:05 AM,068492a8-9bbc-456b-87fb-dc52c0aec9a7,2.0,,,,,,,,,,,,,,,,,,,,,,,,,,,,,,,,,,,"(-10.7, 0.2, -4.4)","(-11.0, 1.0, -4.4)","(-11.1, 0.5, -4.6)",
PLAYER_GAZE,265736,6/27/2026 11:58:05 AM,068492a8-9bbc-456b-87fb-dc52c0aec9a7,2.0,,,,,,,,,,,,,,,,,,,,,,,,Military PT 4,,,,,,,,,"(0.2, 1.0, 0.3)",,,"(-11.1, 0.0, -4.7)",
PLAYER_POSITIONS,265736,6/27/2026 11:58:05 AM,068492a8-9bbc-456b-87fb-dc52c0aec9a7,2.0,,,,,,,,,,,,,,,,,,,,,,,,,,,,,,,,,,,"(-10.7, 0.2, -4.4)","(-11.0, 1.0, -4.4)","(-11.1, 0.5, -4.6)",
PLAYER_GAZE,265736,6/27/2026 11:58:05 AM,068492a8-9bbc-456b-87fb-dc52c0aec9a7,2.0,,,,,,,,,,,,,,,,,,,,,,,,Military PT 4,,,,,,,,,"(0.2, 1.0, 0.3)",,,"(-11.1, 0.0, -4.7)",
PLAYER_POSITIONS,266257,6/27/2026 11:58:05 AM,068492a8-9bbc-456b-87fb-dc52c0aec9a7,2.0,,,,,,,,,,,,,,,,,,,,,,,,,,,,,,,,,,,"(-10.9, 0.2, -4.3)","(-11.0, 1.1, -4.1)","(-11.3, 0.6, -4.1)",
PLAYER_GAZE,266257,6/27/2026 11:58:05 AM,068492a8-9bbc-456b-87fb-dc52c0aec9a7,2.0,,,,,,,,,,,,,,,,,,,,,,,,Military PT 12,,,,,,,,,"(1.8, 1.1, 0.0)",,,"(-12.8, 0.0, -4.1)",
PLAYER_POSITIONS,266257,6/27/2026 11:58:05 AM,068492a8-9bbc-456b-87fb-dc52c0aec9a7,2.0,,,,,,,,,,,,,,,,,,,,,,,,,,,,,,,,,,,"(-10.9, 0.2, -4.3)","(-11.0, 1.1, -4.1)","(-11.3, 0.6, -4.1)",
PLAYER_GAZE,266257,6/27/2026 11:58:05 AM,068492a8-9bbc-456b-87fb-dc52c0aec9a7,2.0,,,,,,,,,,,,,,,,,,,,,,,,Military PT 12,,,,,,,,,"(1.8, 1.1, 0.0)",,,"(-12.8, 0.0, -4.1)",
PLAYER_POSITIONS,266768,6/27/2026 11:58:06 AM,068492a8-9bbc-456b-87fb-dc52c0aec9a7,2.0,,,,,,,,,,,,,,,,,,,,,,,,,,,,,,,,,,,"(-11.0, 0.2, -4.3)","(-10.9, 1.1, -4.1)","(-11.3, 0.7, -3.8)",
PLAYER_GAZE,266768,6/27/2026 11:58:06 AM,068492a8-9bbc-456b-87fb-dc52c0aec9a7,2.0,,,,,,,,,,,,,,,,,,,,,,,,Military PT 12,,,,,,,,,"(1.9, 1.1, 0.0)",,,"(-12.8, 0.0, -4.1)",
PLAYER_POSITIONS,266768,6/27/2026 11:58:06 AM,068492a8-9bbc-456b-87fb-dc52c0aec9a7,2.0,,,,,,,,,,,,,,,,,,,,,,,,,,,,,,,,,,,"(-11.0, 0.2, -4.3)","(-10.9, 1.1, -4.1)","(-11.3, 0.7, -3.8)",
PLAYER_GAZE,266768,6/27/2026 11:58:06 AM,068492a8-9bbc-456b-87fb-dc52c0aec9a7,2.0,,,,,,,,,,,,,,,,,,,,,,,,Military PT 12,,,,,,,,,"(1.9, 1.1, 0.0)",,,"(-12.8, 0.0, -4.1)",
AUDIO_END,266934,6/27/2026 11:58:06 AM,068492a8-9bbc-456b-87fb-dc52c0aec9a7,2.0,standby for mortar strike,3.108572,
NARRATIVE_SECTION_END,266934,6/27/2026 11:58:06 AM,068492a8-9bbc-456b-87fb-dc52c0aec9a7,2.0,,,,,,,,,,,,,,,,,,Standby for mortar Strike,30,
NARRATIVE_SECTION_START,266952,6/27/2026 11:58:06 AM,068492a8-9bbc-456b-87fb-dc52c0aec9a7,2.0,,,,,,,,,,,,,,,,,,Mortar rounds outbound splash in 5 seconds,31,
PLAYER_POSITIONS,267269,6/27/2026 11:58:06 AM,068492a8-9bbc-456b-87fb-dc52c0aec9a7,2.0,,,,,,,,,,,,,,,,,,,,,,,,,,,,,,,,,,,"(-11.0, 0.1, -4.1)","(-11.0, 1.1, -4.1)","(-11.4, 0.8, -3.9)",
PLAYER_GAZE,267269,6/27/2026 11:58:06 AM,068492a8-9bbc-456b-87fb-dc52c0aec9a7,2.0,,,,,,,,,,,,,,,,,,,,,,,,Military PT 12,,,,,,,,,"(1.8, 1.1, 0.0)",,,"(-12.8, 0.0, -4.1)",
PLAYER_POSITIONS,267269,6/27/2026 11:58:06 AM,068492a8-9bbc-456b-87fb-dc52c0aec9a7,2.0,,,,,,,,,,,,,,,,,,,,,,,,,,,,,,,,,,,"(-11.0, 0.1, -4.1)","(-11.0, 1.1, -4.1)","(-11.4, 0.8, -3.9)",
PLAYER_GAZE,267269,6/27/2026 11:58:06 AM,068492a8-9bbc-456b-87fb-dc52c0aec9a7,2.0,,,,,,,,,,,,,,,,,,,,,,,,Military PT 12,,,,,,,,,"(1.8, 1.1, 0.0)",,,"(-12.8, 0.0, -4.1)",
VOICE_CAPTURE,267413,6/27/2026 11:58:06 AM,068492a8-9bbc-456b-87fb-dc52c0aec9a7,2.0,,,,,,,,,,,,,,,,,,,,,,,,,,,,,,,,,,,,,,,,,,,,,,,,,,,NA,You can lay down.,
PLAYER_POSITIONS,267769,6/27/2026 11:58:07 AM,068492a8-9bbc-456b-87fb-dc52c0aec9a7,2.0,,,,,,,,,,,,,,,,,,,,,,,,,,,,,,,,,,,"(-11.5, 0.2, -4.2)","(-11.5, 1.1, -4.1)","(-11.8, 0.7, -3.9)",
PLAYER_GAZE,267769,6/27/2026 11:58:07 AM,068492a8-9bbc-456b-87fb-dc52c0aec9a7,2.0,,,,,,,,,,,,,,,,,,,,,,,,Military PT 12,,,,,,,,,"(1.3, 1.1, 0.0)",,,"(-12.8, 0.0, -4.1)",
PLAYER_POSITIONS,267769,6/27/2026 11:58:07 AM,068492a8-9bbc-456b-87fb-dc52c0aec9a7,2.0,,,,,,,,,,,,,,,,,,,,,,,,,,,,,,,,,,,"(-11.5, 0.2, -4.2)","(-11.5, 1.1, -4.1)","(-11.8, 0.7, -3.9)",
PLAYER_GAZE,267769,6/27/2026 11:58:07 AM,068492a8-9bbc-456b-87fb-dc52c0aec9a7,2.0,,,,,,,,,,,,,,,,,,,,,,,,Military PT 12,,,,,,,,,"(1.3, 1.1, 0.0)",,,"(-12.8, 0.0, -4.1)",
BUTTON_CLICKED,267812,6/27/2026 11:58:07 AM,068492a8-9bbc-456b-87fb-dc52c0aec9a7,2.0,,,lay down,
VOICE_CAPTURE,267812,6/27/2026 11:58:07 AM,068492a8-9bbc-456b-87fb-dc52c0aec9a7,2.0,,,,,,,,,,,,,,,,,,,,,,,,,,,,,,,,,,,,,,,,,,,,,,,,,,,NA,lay down,
VOICE_COMMAND,267812,6/27/2026 11:58:07 AM,068492a8-9bbc-456b-87fb-dc52c0aec9a7,2.0,,,,,,,,,,,,,,,,,,,,,,,,Military PT 12,,,,,,,,,,,,,,,,,,,,,,,,,,,lay down,lay down,
VOICE_CAPTURE,267884,6/27/2026 11:58:07 AM,068492a8-9bbc-456b-87fb-dc52c0aec9a7,2.0,,,,,,,,,,,,,,,,,,,,,,,,,,,,,,,,,,,,,,,,,,,,,,,,,,,NA,You can lay down.,
VOICE_CAPTURE,267884,6/27/2026 11:58:07 AM,068492a8-9bbc-456b-87fb-dc52c0aec9a7,2.0,,,,,,,,,,,,,,,,,,,,,,,,,,,,,,,,,,,,,,,,,,,,,,,,,,,NA,You can lay down.,
VOICE_COMMAND,267884,6/27/2026 11:58:07 AM,068492a8-9bbc-456b-87fb-dc52c0aec9a7,2.0,,,,,,,,,,,,,,,,,,,,,,,,Military PT 12,,,,,,,,,,,,,,,,,,,,,,,,,,,You can lay down.,lay down,
PATIENT_DISENGAGED,267903,6/27/2026 11:58:07 AM,068492a8-9bbc-456b-87fb-dc52c0aec9a7,2.0,,,,19.91,,,,,,,,,,,,,,,,fast,100,Infinity,normal,Military PT 4,upset,standing,"(-11.3, -0.1, -5.0)",faint,"(0.0, 1.0, 0.0, 0.2)",normal,IMMEDIATE,still,,,,,,,,,,,,,,,,,19.91,
PATIENT_ENGAGED,267903,6/27/2026 11:58:07 AM,068492a8-9bbc-456b-87fb-dc52c0aec9a7,2.0,,,,0,,,,,,,,,,,,,,,,normal,100,Infinity,normal,Military PT 12,upset,standing,"(-12.6, -0.1, -4.2)",normal,"(0.0, 0.7, 0.0, 0.7)",normal,DELAYED,still,,,,,,,,,,,,,,,,,1.08,
PLAYER_POSITIONS,268284,6/27/2026 11:58:07 AM,068492a8-9bbc-456b-87fb-dc52c0aec9a7,2.0,,,,,,,,,,,,,,,,,,,,,,,,,,,,,,,,,,,"(-12.0, 0.3, -4.1)","(-11.8, 1.2, -3.9)","(-12.2, 0.7, -3.7)",
PLAYER_GAZE,268284,6/27/2026 11:58:07 AM,068492a8-9bbc-456b-87fb-dc52c0aec9a7,2.0,,,,,,,,,,,,,,,,,,,,,,,,Military PT 12,,,,,,,,,"(1.0, 1.2, 0.2)",,,"(-12.8, 0.0, -4.1)",
PLAYER_POSITIONS,268284,6/27/2026 11:58:07 AM,068492a8-9bbc-456b-87fb-dc52c0aec9a7,2.0,,,,,,,,,,,,,,,,,,,,,,,,,,,,,,,,,,,"(-12.0, 0.3, -4.1)","(-11.8, 1.2, -3.9)","(-12.2, 0.7, -3.7)",
PLAYER_GAZE,268284,6/27/2026 11:58:07 AM,068492a8-9bbc-456b-87fb-dc52c0aec9a7,2.0,,,,,,,,,,,,,,,,,,,,,,,,Military PT 12,,,,,,,,,"(1.0, 1.2, 0.2)",,,"(-12.8, 0.0, -4.1)",
PLAYER_POSITIONS,268813,6/27/2026 11:58:08 AM,068492a8-9bbc-456b-87fb-dc52c0aec9a7,2.0,,,,,,,,,,,,,,,,,,,,,,,,,,,,,,,,,,,"(-11.9, 0.2, -4.1)","(-11.9, 1.1, -3.8)","(-12.2, 0.8, -3.7)",
PLAYER_POSITIONS,268813,6/27/2026 11:58:08 AM,068492a8-9bbc-456b-87fb-dc52c0aec9a7,2.0,,,,,,,,,,,,,,,,,,,,,,,,,,,,,,,,,,,"(-11.9, 0.2, -4.1)","(-11.9, 1.1, -3.8)","(-12.2, 0.8, -3.7)",
PLAYER_POSITIONS,269346,6/27/2026 11:58:08 AM,068492a8-9bbc-456b-87fb-dc52c0aec9a7,2.0,,,,,,,,,,,,,,,,,,,,,,,,,,,,,,,,,,,"(-11.9, 0.2, -4.0)","(-12.0, 1.0, -3.9)","(-12.2, 0.6, -3.6)",
PLAYER_POSITIONS,269346,6/27/2026 11:58:08 AM,068492a8-9bbc-456b-87fb-dc52c0aec9a7,2.0,,,,,,,,,,,,,,,,,,,,,,,,,,,,,,,,,,,"(-11.9, 0.2, -4.0)","(-12.0, 1.0, -3.9)","(-12.2, 0.6, -3.6)",
PLAYER_POSITIONS,269857,6/27/2026 11:58:09 AM,068492a8-9bbc-456b-87fb-dc52c0aec9a7,2.0,,,,,,,,,,,,,,,,,,,,,,,,,,,,,,,,,,,"(-11.9, 0.2, -4.0)","(-12.0, 1.0, -3.9)","(-12.3, 0.5, -3.6)",
PLAYER_POSITIONS,269857,6/27/2026 11:58:09 AM,068492a8-9bbc-456b-87fb-dc52c0aec9a7,2.0,,,,,,,,,,,,,,,,,,,,,,,,,,,,,,,,,,,"(-11.9, 0.2, -4.0)","(-12.0, 1.0, -3.9)","(-12.3, 0.5, -3.6)",
PLAYER_POSITIONS,270379,6/27/2026 11:58:09 AM,068492a8-9bbc-456b-87fb-dc52c0aec9a7,2.0,,,,,,,,,,,,,,,,,,,,,,,,,,,,,,,,,,,"(-11.9, 0.2, -4.0)","(-12.0, 1.0, -3.8)","(-12.3, 0.6, -3.6)",
PLAYER_POSITIONS,270379,6/27/2026 11:58:09 AM,068492a8-9bbc-456b-87fb-dc52c0aec9a7,2.0,,,,,,,,,,,,,,,,,,,,,,,,,,,,,,,,,,,"(-11.9, 0.2, -4.0)","(-12.0, 1.0, -3.8)","(-12.3, 0.6, -3.6)",
TOOL_HOVER,270725,6/27/2026 11:58:10 AM,068492a8-9bbc-456b-87fb-dc52c0aec9a7,2.0,,,,,,,,,,,,,,,,,,,,,,,,,,,,,,,,,,,,,,,,,,,,,,998,,Chest Seal,
TOOL_HOVER,270914,6/27/2026 11:58:10 AM,068492a8-9bbc-456b-87fb-dc52c0aec9a7,2.0,,,,,,,,,,,,,,,,,,,,,,,,,,,,,,,,,,,,,,,,,,,,,,999,,Gauze Wrap,
PLAYER_POSITIONS,270917,6/27/2026 11:58:10 AM,068492a8-9bbc-456b-87fb-dc52c0aec9a7,2.0,,,,,,,,,,,,,,,,,,,,,,,,,,,,,,,,,,,"(-11.9, 0.2, -4.0)","(-12.1, 1.0, -3.8)","(-12.6, 0.6, -3.7)",
PLAYER_POSITIONS,270917,6/27/2026 11:58:10 AM,068492a8-9bbc-456b-87fb-dc52c0aec9a7,2.0,,,,,,,,,,,,,,,,,,,,,,,,,,,,,,,,,,,"(-11.9, 0.2, -4.0)","(-12.1, 1.0, -3.8)","(-12.6, 0.6, -3.7)",
AUDIO_START,270943,6/27/2026 11:58:10 AM,068492a8-9bbc-456b-87fb-dc52c0aec9a7,2.0,mortar rounds outbound splash in 5,4.571429,
TOOL_HOVER,271025,6/27/2026 11:58:10 AM,068492a8-9bbc-456b-87fb-dc52c0aec9a7,2.0,,,,,,,,,,,,,,,,,,,,,,,,,,,,,,,,,,,,,,,,,,,,,,997,,Hemostatic Gauze,
TOOL_HOVER,271225,6/27/2026 11:58:10 AM,068492a8-9bbc-456b-87fb-dc52c0aec9a7,2.0,,,,,,,,,,,,,,,,,,,,,,,,,,,,,,,,,,,,,,,,,,,,,,999,,Gauze Wrap,
TOOL_HOVER,271315,6/27/2026 11:58:10 AM,068492a8-9bbc-456b-87fb-dc52c0aec9a7,2.0,,,,,,,,,,,,,,,,,,,,,,,,,,,,,,,,,,,,,,,,,,,,,,999,,Israeli Wrap,
TOOL_HOVER,271437,6/27/2026 11:58:10 AM,068492a8-9bbc-456b-87fb-dc52c0aec9a7,2.0,,,,,,,,,,,,,,,,,,,,,,,,,,,,,,,,,,,,,,,,,,,,,,999,,Blanket,
PLAYER_POSITIONS,271439,6/27/2026 11:58:10 AM,068492a8-9bbc-456b-87fb-dc52c0aec9a7,2.0,,,,,,,,,,,,,,,,,,,,,,,,,,,,,,,,,,,"(-11.9, 0.2, -4.0)","(-12.0, 1.1, -3.8)","(-12.5, 0.7, -3.3)",
PLAYER_POSITIONS,271439,6/27/2026 11:58:10 AM,068492a8-9bbc-456b-87fb-dc52c0aec9a7,2.0,,,,,,,,,,,,,,,,,,,,,,,,,,,,,,,,,,,"(-11.9, 0.2, -4.0)","(-12.0, 1.1, -3.8)","(-12.5, 0.7, -3.3)",
TOOL_HOVER,271526,6/27/2026 11:58:10 AM,068492a8-9bbc-456b-87fb-dc52c0aec9a7,2.0,,,,,,,,,,,,,,,,,,,,,,,,,,,,,,,,,,,,,,,,,,,,,,999,,IV Blood,
TOOL_HOVER,271726,6/27/2026 11:58:11 AM,068492a8-9bbc-456b-87fb-dc52c0aec9a7,2.0,,,,,,,,,,,,,,,,,,,,,,,,,,,,,,,,,,,,,,,,,,,,,,999,,Antibiotics,
TOOL_HOVER,271916,6/27/2026 11:58:11 AM,068492a8-9bbc-456b-87fb-dc52c0aec9a7,2.0,,,,,,,,,,,,,,,,,,,,,,,,,,,,,,,,,,,,,,,,,,,,,,999,,Fox Shield,
PLAYER_POSITIONS,271940,6/27/2026 11:58:11 AM,068492a8-9bbc-456b-87fb-dc52c0aec9a7,2.0,,,,,,,,,,,,,,,,,,,,,,,,,,,,,,,,,,,"(-11.9, 0.2, -4.1)","(-12.0, 1.1, -3.8)","(-12.4, 0.8, -3.2)",
PLAYER_POSITIONS,271940,6/27/2026 11:58:11 AM,068492a8-9bbc-456b-87fb-dc52c0aec9a7,2.0,,,,,,,,,,,,,,,,,,,,,,,,,,,,,,,,,,,"(-11.9, 0.2, -4.1)","(-12.0, 1.1, -3.8)","(-12.4, 0.8, -3.2)",
TOOL_SELECTED,271983,6/27/2026 11:58:11 AM,068492a8-9bbc-456b-87fb-dc52c0aec9a7,2.0,,,,,,,,,,,,,,,,,,,,,,,,,,,,,,,,,,,,,,,,,,,,,,998,,Fox Shield,
PLAYER_POSITIONS,272459,6/27/2026 11:58:11 AM,068492a8-9bbc-456b-87fb-dc52c0aec9a7,2.0,,,,,,,,,,,,,,,,,,,,,,,,,,,,,,,,,,,"(-11.9, 0.3, -4.0)","(-12.0, 1.0, -3.9)","(-12.3, 0.6, -4.1)",
PLAYER_POSITIONS,272459,6/27/2026 11:58:11 AM,068492a8-9bbc-456b-87fb-dc52c0aec9a7,2.0,,,,,,,,,,,,,,,,,,,,,,,,,,,,,,,,,,,"(-11.9, 0.3, -4.0)","(-12.0, 1.0, -3.9)","(-12.3, 0.6, -4.1)",
BAG_CLOSED,272768,6/27/2026 11:58:12 AM,068492a8-9bbc-456b-87fb-dc52c0aec9a7,2.0,,,,,,,,,,,,,,,,,,,,,,,,,,,,,,,,,,,,"(0.0, 0.0, 0.0)",
PLAYER_POSITIONS,272961,6/27/2026 11:58:12 AM,068492a8-9bbc-456b-87fb-dc52c0aec9a7,2.0,,,,,,,,,,,,,,,,,,,,,,,,,,,,,,,,,,,"(-11.7, 0.3, -4.0)","(-11.9, 0.9, -4.2)","(-12.0, 0.3, -4.4)",
PLAYER_POSITIONS,272961,6/27/2026 11:58:12 AM,068492a8-9bbc-456b-87fb-dc52c0aec9a7,2.0,,,,,,,,,,,,,,,,,,,,,,,,,,,,,,,,,,,"(-11.7, 0.3, -4.0)","(-11.9, 0.9, -4.2)","(-12.0, 0.3, -4.4)",
PLAYER_POSITIONS,273471,6/27/2026 11:58:12 AM,068492a8-9bbc-456b-87fb-dc52c0aec9a7,2.0,,,,,,,,,,,,,,,,,,,,,,,,,,,,,,,,,,,"(-11.6, 0.2, -4.1)","(-11.9, 0.7, -4.4)","(-12.0, 0.1, -4.7)",
PLAYER_POSITIONS,273471,6/27/2026 11:58:12 AM,068492a8-9bbc-456b-87fb-dc52c0aec9a7,2.0,,,,,,,,,,,,,,,,,,,,,,,,,,,,,,,,,,,"(-11.6, 0.2, -4.1)","(-11.9, 0.7, -4.4)","(-12.0, 0.1, -4.7)",
INJURY_TREATED,273827,6/27/2026 11:58:13 AM,068492a8-9bbc-456b-87fb-dc52c0aec9a7,2.0,,,,,,,,,head,R Eye Shrapnel,"(-12.0, 0.1, -4.7)",foxShield,1,1,high,True,True,,,,,,,Military PT 12,
TOOL_APPLIED,273827,6/27/2026 11:58:13 AM,068492a8-9bbc-456b-87fb-dc52c0aec9a7,2.0,,,,,,,,,,,,,,,,,,,,,,,,Military PT 12,,,,,,,,,,,,,,,,,,,,AppliedFoxShield,LeftEye (UnityEngine.GameObject),,null,Fox Shield,
PLAYER_POSITIONS,273981,6/27/2026 11:58:13 AM,068492a8-9bbc-456b-87fb-dc52c0aec9a7,2.0,,,,,,,,,,,,,,,,,,,,,,,,,,,,,,,,,,,"(-11.6, 0.2, -4.1)","(-11.9, 0.7, -4.4)","(-12.0, 0.1, -4.7)",
PLAYER_POSITIONS,273981,6/27/2026 11:58:13 AM,068492a8-9bbc-456b-87fb-dc52c0aec9a7,2.0,,,,,,,,,,,,,,,,,,,,,,,,,,,,,,,,,,,"(-11.6, 0.2, -4.1)","(-11.9, 0.7, -4.4)","(-12.0, 0.1, -4.7)",
PLAYER_POSITIONS,274493,6/27/2026 11:58:13 AM,068492a8-9bbc-456b-87fb-dc52c0aec9a7,2.0,,,,,,,,,,,,,,,,,,,,,,,,,,,,,,,,,,,"(-11.6, 0.2, -4.1)","(-11.9, 0.9, -4.3)","(-12.2, 0.4, -4.4)",
PLAYER_POSITIONS,274493,6/27/2026 11:58:13 AM,068492a8-9bbc-456b-87fb-dc52c0aec9a7,2.0,,,,,,,,,,,,,,,,,,,,,,,,,,,,,,,,,,,"(-11.6, 0.2, -4.1)","(-11.9, 0.9, -4.3)","(-12.2, 0.4, -4.4)",
PLAYER_POSITIONS,275014,6/27/2026 11:58:14 AM,068492a8-9bbc-456b-87fb-dc52c0aec9a7,2.0,,,,,,,,,,,,,,,,,,,,,,,,,,,,,,,,,,,"(-11.6, 0.2, -4.2)","(-11.8, 1.0, -4.1)","(-12.1, 0.6, -3.9)",
PLAYER_POSITIONS,275014,6/27/2026 11:58:14 AM,068492a8-9bbc-456b-87fb-dc52c0aec9a7,2.0,,,,,,,,,,,,,,,,,,,,,,,,,,,,,,,,,,,"(-11.6, 0.2, -4.2)","(-11.8, 1.0, -4.1)","(-12.1, 0.6, -3.9)",
AUDIO_END,275529,6/27/2026 11:58:14 AM,068492a8-9bbc-456b-87fb-dc52c0aec9a7,2.0,mortar rounds outbound splash in 5,4.571429,
NARRATIVE_SECTION_END,275529,6/27/2026 11:58:14 AM,068492a8-9bbc-456b-87fb-dc52c0aec9a7,2.0,,,,,,,,,,,,,,,,,,Mortar rounds outbound splash in 5 seconds,31,
PLAYER_POSITIONS,275529,6/27/2026 11:58:14 AM,068492a8-9bbc-456b-87fb-dc52c0aec9a7,2.0,,,,,,,,,,,,,,,,,,,,,,,,,,,,,,,,,,,"(-11.7, 0.2, -4.1)","(-11.9, 1.0, -4.1)","(-12.1, 0.7, -4.1)",
PLAYER_POSITIONS,275529,6/27/2026 11:58:14 AM,068492a8-9bbc-456b-87fb-dc52c0aec9a7,2.0,,,,,,,,,,,,,,,,,,,,,,,,,,,,,,,,,,,"(-11.7, 0.2, -4.1)","(-11.9, 1.0, -4.1)","(-12.1, 0.7, -4.1)",
NARRATIVE_SECTION_START,275570,6/27/2026 11:58:14 AM,068492a8-9bbc-456b-87fb-dc52c0aec9a7,2.0,,,,,,,,,,,,,,,,,,Mortar hits 2,32,
PLAYER_POSITIONS,276051,6/27/2026 11:58:15 AM,068492a8-9bbc-456b-87fb-dc52c0aec9a7,2.0,,,,,,,,,,,,,,,,,,,,,,,,,,,,,,,,,,,"(-11.7, 0.2, -4.2)","(-11.9, 1.0, -4.1)","(-12.2, 0.5, -3.9)",
PLAYER_GAZE,276051,6/27/2026 11:58:15 AM,068492a8-9bbc-456b-87fb-dc52c0aec9a7,2.0,,,,,,,,,,,,,,,,,,,,,,,,Military PT 12,,,,,,,,,"(0.9, 1.0, 0.0)",,,"(-12.8, 0.0, -4.1)",
PLAYER_POSITIONS,276051,6/27/2026 11:58:15 AM,068492a8-9bbc-456b-87fb-dc52c0aec9a7,2.0,,,,,,,,,,,,,,,,,,,,,,,,,,,,,,,,,,,"(-11.7, 0.2, -4.2)","(-11.9, 1.0, -4.1)","(-12.2, 0.5, -3.9)",
PLAYER_GAZE,276051,6/27/2026 11:58:15 AM,068492a8-9bbc-456b-87fb-dc52c0aec9a7,2.0,,,,,,,,,,,,,,,,,,,,,,,,Military PT 12,,,,,,,,,"(0.9, 1.0, 0.0)",,,"(-12.8, 0.0, -4.1)",
TAG_SELECTED,276425,6/27/2026 11:58:15 AM,068492a8-9bbc-456b-87fb-dc52c0aec9a7,2.0,,,,,,,,,,,,,,,,,,,,,,,,,,,,,,,,,,,,,,,,,,green,
PLAYER_POSITIONS,276562,6/27/2026 11:58:15 AM,068492a8-9bbc-456b-87fb-dc52c0aec9a7,2.0,,,,,,,,,,,,,,,,,,,,,,,,,,,,,,,,,,,"(-11.7, 0.2, -4.2)","(-11.9, 1.0, -4.0)","(-12.2, 0.6, -3.9)",
PLAYER_POSITIONS,276562,6/27/2026 11:58:15 AM,068492a8-9bbc-456b-87fb-dc52c0aec9a7,2.0,,,,,,,,,,,,,,,,,,,,,,,,,,,,,,,,,,,"(-11.7, 0.2, -4.2)","(-11.9, 1.0, -4.0)","(-12.2, 0.6, -3.9)",
PLAYER_POSITIONS,277083,6/27/2026 11:58:16 AM,068492a8-9bbc-456b-87fb-dc52c0aec9a7,2.0,,,,,,,,,,,,,,,,,,,,,,,,,,,,,,,,,,,"(-11.6, 0.2, -4.1)","(-12.0, 0.8, -4.2)","(-12.1, 0.1, -4.2)",
PLAYER_POSITIONS,277083,6/27/2026 11:58:16 AM,068492a8-9bbc-456b-87fb-dc52c0aec9a7,2.0,,,,,,,,,,,,,,,,,,,,,,,,,,,,,,,,,,,"(-11.6, 0.2, -4.1)","(-12.0, 0.8, -4.2)","(-12.1, 0.1, -4.2)",
TAG_APPLIED,277373,6/27/2026 11:58:16 AM,068492a8-9bbc-456b-87fb-dc52c0aec9a7,2.0,,,,,,,,,,,,,,,,,,,,,,,,Military PT 12,,,,,,,,,,,,,,,,,,green,
PLAYER_POSITIONS,277604,6/27/2026 11:58:16 AM,068492a8-9bbc-456b-87fb-dc52c0aec9a7,2.0,,,,,,,,,,,,,,,,,,,,,,,,,,,,,,,,,,,"(-11.6, 0.2, -4.1)","(-12.0, 0.8, -4.3)","(-12.1, 0.0, -4.2)",
PLAYER_POSITIONS,277604,6/27/2026 11:58:16 AM,068492a8-9bbc-456b-87fb-dc52c0aec9a7,2.0,,,,,,,,,,,,,,,,,,,,,,,,,,,,,,,,,,,"(-11.6, 0.2, -4.1)","(-12.0, 0.8, -4.3)","(-12.1, 0.0, -4.2)",
BAG_CLOSED,277991,6/27/2026 11:58:17 AM,068492a8-9bbc-456b-87fb-dc52c0aec9a7,2.0,,,,,,,,,,,,,,,,,,,,,,,,,,,,,,,,,,,,"(0.0, 0.0, 0.0)",
PLAYER_POSITIONS,278106,6/27/2026 11:58:17 AM,068492a8-9bbc-456b-87fb-dc52c0aec9a7,2.0,,,,,,,,,,,,,,,,,,,,,,,,,,,,,,,,,,,"(-11.8, 0.3, -4.2)","(-12.0, 1.1, -4.1)","(-12.2, 0.6, -4.1)",
PLAYER_GAZE,278106,6/27/2026 11:58:17 AM,068492a8-9bbc-456b-87fb-dc52c0aec9a7,2.0,,,,,,,,,,,,,,,,,,,,,,,,Military PT 12,,,,,,,,,"(0.8, 1.1, 0.0)",,,"(-12.8, 0.0, -4.1)",
PLAYER_POSITIONS,278106,6/27/2026 11:58:17 AM,068492a8-9bbc-456b-87fb-dc52c0aec9a7,2.0,,,,,,,,,,,,,,,,,,,,,,,,,,,,,,,,,,,"(-11.8, 0.3, -4.2)","(-12.0, 1.1, -4.1)","(-12.2, 0.6, -4.1)",
PLAYER_GAZE,278106,6/27/2026 11:58:17 AM,068492a8-9bbc-456b-87fb-dc52c0aec9a7,2.0,,,,,,,,,,,,,,,,,,,,,,,,Military PT 12,,,,,,,,,"(0.8, 1.1, 0.0)",,,"(-12.8, 0.0, -4.1)",
PLAYER_POSITIONS,278626,6/27/2026 11:58:18 AM,068492a8-9bbc-456b-87fb-dc52c0aec9a7,2.0,,,,,,,,,,,,,,,,,,,,,,,,,,,,,,,,,,,"(-12.4, 0.3, -3.9)","(-12.4, 1.1, -3.7)","(-12.6, 0.5, -3.3)",
PLAYER_GAZE,278626,6/27/2026 11:58:18 AM,068492a8-9bbc-456b-87fb-dc52c0aec9a7,2.0,,,,,,,,,,,,,,,,,,,,,,,,Civilian PT 7,,,,,,,,,"(5.2, 1.1, -3.6)",,,"(-17.6, 0.0, -0.1)",
PLAYER_POSITIONS,278626,6/27/2026 11:58:18 AM,068492a8-9bbc-456b-87fb-dc52c0aec9a7,2.0,,,,,,,,,,,,,,,,,,,,,,,,,,,,,,,,,,,"(-12.4, 0.3, -3.9)","(-12.4, 1.1, -3.7)","(-12.6, 0.5, -3.3)",
PLAYER_GAZE,278626,6/27/2026 11:58:18 AM,068492a8-9bbc-456b-87fb-dc52c0aec9a7,2.0,,,,,,,,,,,,,,,,,,,,,,,,Civilian PT 7,,,,,,,,,"(5.2, 1.1, -3.6)",,,"(-17.6, 0.0, -0.1)",
PLAYER_POSITIONS,279127,6/27/2026 11:58:18 AM,068492a8-9bbc-456b-87fb-dc52c0aec9a7,2.0,,,,,,,,,,,,,,,,,,,,,,,,,,,,,,,,,,,"(-12.8, 0.3, -3.1)","(-12.8, 1.1, -2.9)","(-13.0, 0.5, -2.6)",
PLAYER_POSITIONS,279127,6/27/2026 11:58:18 AM,068492a8-9bbc-456b-87fb-dc52c0aec9a7,2.0,,,,,,,,,,,,,,,,,,,,,,,,,,,,,,,,,,,"(-12.8, 0.3, -3.1)","(-12.8, 1.1, -2.9)","(-13.0, 0.5, -2.6)",
PLAYER_POSITIONS,279629,6/27/2026 11:58:19 AM,068492a8-9bbc-456b-87fb-dc52c0aec9a7,2.0,,,,,,,,,,,,,,,,,,,,,,,,,,,,,,,,,,,"(-12.9, 0.3, -3.0)","(-12.9, 1.1, -2.9)","(-13.2, 0.6, -2.7)",
PLAYER_POSITIONS,279629,6/27/2026 11:58:19 AM,068492a8-9bbc-456b-87fb-dc52c0aec9a7,2.0,,,,,,,,,,,,,,,,,,,,,,,,,,,,,,,,,,,"(-12.9, 0.3, -3.0)","(-12.9, 1.1, -2.9)","(-13.2, 0.6, -2.7)",
PLAYER_POSITIONS,280149,6/27/2026 11:58:19 AM,068492a8-9bbc-456b-87fb-dc52c0aec9a7,2.0,,,,,,,,,,,,,,,,,,,,,,,,,,,,,,,,,,,"(-13.6, 0.2, -2.6)","(-13.6, 1.1, -2.5)","(-13.9, 0.5, -2.0)",
PLAYER_GAZE,280149,6/27/2026 11:58:19 AM,068492a8-9bbc-456b-87fb-dc52c0aec9a7,2.0,,,,,,,,,,,,,,,,,,,,,,,,Civilian PT 8,,,,,,,,,"(2.1, 1.1, -0.7)",,,"(-15.8, 0.0, -1.8)",
PLAYER_POSITIONS,280149,6/27/2026 11:58:19 AM,068492a8-9bbc-456b-87fb-dc52c0aec9a7,2.0,,,,,,,,,,,,,,,,,,,,,,,,,,,,,,,,,,,"(-13.6, 0.2, -2.6)","(-13.6, 1.1, -2.5)","(-13.9, 0.5, -2.0)",
PLAYER_GAZE,280149,6/27/2026 11:58:19 AM,068492a8-9bbc-456b-87fb-dc52c0aec9a7,2.0,,,,,,,,,,,,,,,,,,,,,,,,Civilian PT 8,,,,,,,,,"(2.1, 1.1, -0.7)",,,"(-15.8, 0.0, -1.8)",
PATIENT_DISENGAGED,280378,6/27/2026 11:58:19 AM,068492a8-9bbc-456b-87fb-dc52c0aec9a7,2.0,,,,12.45,,,,,,,,,,,,,,,,normal,100,Infinity,normal,Military PT 12,upset,supine,"(-12.7, -0.1, -4.2)",normal,"(0.0, 0.0, 0.0, 1.0)",normal,DELAYED,still,,,,,,,,,,,,,,,,,13.54,
PATIENT_ENGAGED,280522,6/27/2026 11:58:19 AM,068492a8-9bbc-456b-87fb-dc52c0aec9a7,2.0,,,,0,,,,,,,,,,,,,,,,fast,100,Infinity,normal,Civilian PT 8,upset,sittingGround,"(-15.8, -0.1, -1.8)",fast,"(0.0, 0.4, 0.0, 0.9)",normal,IMMEDIATE,still,,,,,,,,,,,,,,,,,9.45,
PLAYER_POSITIONS,280659,6/27/2026 11:58:20 AM,068492a8-9bbc-456b-87fb-dc52c0aec9a7,2.0,,,,,,,,,,,,,,,,,,,,,,,,,,,,,,,,,,,"(-14.3, 0.2, -2.0)","(-14.3, 1.1, -1.9)","(-14.5, 0.7, -1.5)",
PLAYER_POSITIONS,280659,6/27/2026 11:58:20 AM,068492a8-9bbc-456b-87fb-dc52c0aec9a7,2.0,,,,,,,,,,,,,,,,,,,,,,,,,,,,,,,,,,,"(-14.3, 0.2, -2.0)","(-14.3, 1.1, -1.9)","(-14.5, 0.7, -1.5)",
PLAYER_POSITIONS,281161,6/27/2026 11:58:20 AM,068492a8-9bbc-456b-87fb-dc52c0aec9a7,2.0,,,,,,,,,,,,,,,,,,,,,,,,,,,,,,,,,,,"(-15.0, 0.2, -1.9)","(-15.0, 1.1, -1.8)","(-15.2, 0.7, -1.5)",
PLAYER_GAZE,281161,6/27/2026 11:58:20 AM,068492a8-9bbc-456b-87fb-dc52c0aec9a7,2.0,,,,,,,,,,,,,,,,,,,,,,,,Civilian PT 8,,,,,,,,,"(0.8, 1.1, 0.1)",,,"(-15.8, 0.0, -1.8)",
PLAYER_POSITIONS,281161,6/27/2026 11:58:20 AM,068492a8-9bbc-456b-87fb-dc52c0aec9a7,2.0,,,,,,,,,,,,,,,,,,,,,,,,,,,,,,,,,,,"(-15.0, 0.2, -1.9)","(-15.0, 1.1, -1.8)","(-15.2, 0.7, -1.5)",
PLAYER_GAZE,281161,6/27/2026 11:58:20 AM,068492a8-9bbc-456b-87fb-dc52c0aec9a7,2.0,,,,,,,,,,,,,,,,,,,,,,,,Civilian PT 8,,,,,,,,,"(0.8, 1.1, 0.1)",,,"(-15.8, 0.0, -1.8)",
AUDIO_START,281552,6/27/2026 11:58:20 AM,068492a8-9bbc-456b-87fb-dc52c0aec9a7,2.0,mortar hits 1,19.77469,
PLAYER_POSITIONS,281663,6/27/2026 11:58:21 AM,068492a8-9bbc-456b-87fb-dc52c0aec9a7,2.0,,,,,,,,,,,,,,,,,,,,,,,,,,,,,,,,,,,"(-15.2, 0.2, -2.0)","(-15.3, 1.1, -1.9)","(-15.6, 0.6, -1.4)",
PLAYER_POSITIONS,281663,6/27/2026 11:58:21 AM,068492a8-9bbc-456b-87fb-dc52c0aec9a7,2.0,,,,,,,,,,,,,,,,,,,,,,,,,,,,,,,,,,,"(-15.2, 0.2, -2.0)","(-15.3, 1.1, -1.9)","(-15.6, 0.6, -1.4)",
BAG_CLOSED,281794,6/27/2026 11:58:21 AM,068492a8-9bbc-456b-87fb-dc52c0aec9a7,2.0,,,,,,,,,,,,,,,,,,,,,,,,,,,,,,,,,,,,"(0.0, 0.0, 0.0)",
PLAYER_POSITIONS,282174,6/27/2026 11:58:21 AM,068492a8-9bbc-456b-87fb-dc52c0aec9a7,2.0,,,,,,,,,,,,,,,,,,,,,,,,,,,,,,,,,,,"(-15.4, 0.2, -1.8)","(-15.5, 1.1, -1.8)","(-15.7, 0.6, -1.6)",
PLAYER_GAZE,282174,6/27/2026 11:58:21 AM,068492a8-9bbc-456b-87fb-dc52c0aec9a7,2.0,,,,,,,,,,,,,,,,,,,,,,,,Civilian PT 8,,,,,,,,,"(0.3, 1.1, 0.1)",,,"(-15.8, 0.0, -1.8)",
PLAYER_POSITIONS,282174,6/27/2026 11:58:21 AM,068492a8-9bbc-456b-87fb-dc52c0aec9a7,2.0,,,,,,,,,,,,,,,,,,,,,,,,,,,,,,,,,,,"(-15.4, 0.2, -1.8)","(-15.5, 1.1, -1.8)","(-15.7, 0.6, -1.6)",
PLAYER_GAZE,282174,6/27/2026 11:58:21 AM,068492a8-9bbc-456b-87fb-dc52c0aec9a7,2.0,,,,,,,,,,,,,,,,,,,,,,,,Civilian PT 8,,,,,,,,,"(0.3, 1.1, 0.1)",,,"(-15.8, 0.0, -1.8)",
PLAYER_POSITIONS,282678,6/27/2026 11:58:22 AM,068492a8-9bbc-456b-87fb-dc52c0aec9a7,2.0,,,,,,,,,,,,,,,,,,,,,,,,,,,,,,,,,,,"(-15.3, 0.2, -1.8)","(-15.5, 1.1, -1.8)","(-15.7, 0.8, -1.9)",
PLAYER_GAZE,282678,6/27/2026 11:58:22 AM,068492a8-9bbc-456b-87fb-dc52c0aec9a7,2.0,,,,,,,,,,,,,,,,,,,,,,,,Civilian PT 8,,,,,,,,,"(0.3, 1.1, 0.1)",,,"(-15.8, 0.0, -1.8)",
PLAYER_POSITIONS,282678,6/27/2026 11:58:22 AM,068492a8-9bbc-456b-87fb-dc52c0aec9a7,2.0,,,,,,,,,,,,,,,,,,,,,,,,,,,,,,,,,,,"(-15.3, 0.2, -1.8)","(-15.5, 1.1, -1.8)","(-15.7, 0.8, -1.9)",
PLAYER_GAZE,282678,6/27/2026 11:58:22 AM,068492a8-9bbc-456b-87fb-dc52c0aec9a7,2.0,,,,,,,,,,,,,,,,,,,,,,,,Civilian PT 8,,,,,,,,,"(0.3, 1.1, 0.1)",,,"(-15.8, 0.0, -1.8)",
VOICE_CAPTURE,282934,6/27/2026 11:58:22 AM,068492a8-9bbc-456b-87fb-dc52c0aec9a7,2.0,,,,,,,,,,,,,,,,,,,,,,,,,,,,,,,,,,,,,,,,,,,,,,,,,,,NA,Can you follow me?,
PLAYER_POSITIONS,283189,6/27/2026 11:58:22 AM,068492a8-9bbc-456b-87fb-dc52c0aec9a7,2.0,,,,,,,,,,,,,,,,,,,,,,,,,,,,,,,,,,,"(-15.3, 0.2, -1.9)","(-15.5, 1.0, -1.8)","(-15.6, 0.5, -1.9)",
PLAYER_GAZE,283189,6/27/2026 11:58:22 AM,068492a8-9bbc-456b-87fb-dc52c0aec9a7,2.0,,,,,,,,,,,,,,,,,,,,,,,,Civilian PT 8,,,,,,,,,"(0.3, 1.0, 0.0)",,,"(-15.8, 0.0, -1.8)",
PLAYER_POSITIONS,283189,6/27/2026 11:58:22 AM,068492a8-9bbc-456b-87fb-dc52c0aec9a7,2.0,,,,,,,,,,,,,,,,,,,,,,,,,,,,,,,,,,,"(-15.3, 0.2, -1.9)","(-15.5, 1.0, -1.8)","(-15.6, 0.5, -1.9)",
PLAYER_GAZE,283189,6/27/2026 11:58:22 AM,068492a8-9bbc-456b-87fb-dc52c0aec9a7,2.0,,,,,,,,,,,,,,,,,,,,,,,,Civilian PT 8,,,,,,,,,"(0.3, 1.0, 0.0)",,,"(-15.8, 0.0, -1.8)",
VOICE_CAPTURE,283401,6/27/2026 11:58:22 AM,068492a8-9bbc-456b-87fb-dc52c0aec9a7,2.0,,,,,,,,,,,,,,,,,,,,,,,,,,,,,,,,,,,,,,,,,,,,,,,,,,,NA,Can you follow my hand?,
PLAYER_POSITIONS,283691,6/27/2026 11:58:23 AM,068492a8-9bbc-456b-87fb-dc52c0aec9a7,2.0,,,,,,,,,,,,,,,,,,,,,,,,,,,,,,,,,,,"(-15.3, 0.2, -1.9)","(-15.4, 1.0, -1.8)","(-15.9, 0.8, -1.9)",
PLAYER_GAZE,283691,6/27/2026 11:58:23 AM,068492a8-9bbc-456b-87fb-dc52c0aec9a7,2.0,,,,,,,,,,,,,,,,,,,,,,,,Civilian PT 8,,,,,,,,,"(0.3, 1.0, 0.0)",,,"(-15.8, 0.0, -1.8)",
PLAYER_POSITIONS,283691,6/27/2026 11:58:23 AM,068492a8-9bbc-456b-87fb-dc52c0aec9a7,2.0,,,,,,,,,,,,,,,,,,,,,,,,,,,,,,,,,,,"(-15.3, 0.2, -1.9)","(-15.4, 1.0, -1.8)","(-15.9, 0.8, -1.9)",
PLAYER_GAZE,283691,6/27/2026 11:58:23 AM,068492a8-9bbc-456b-87fb-dc52c0aec9a7,2.0,,,,,,,,,,,,,,,,,,,,,,,,Civilian PT 8,,,,,,,,,"(0.3, 1.0, 0.0)",,,"(-15.8, 0.0, -1.8)",
VOICE_CAPTURE,283902,6/27/2026 11:58:23 AM,068492a8-9bbc-456b-87fb-dc52c0aec9a7,2.0,,,,,,,,,,,,,,,,,,,,,,,,,,,,,,,,,,,,,,,,,,,,,,,,,,,NA,Can you follow my hand?,
VOICE_CAPTURE,283902,6/27/2026 11:58:23 AM,068492a8-9bbc-456b-87fb-dc52c0aec9a7,2.0,,,,,,,,,,,,,,,,,,,,,,,,,,,,,,,,,,,,,,,,,,,,,,,,,,,NA,Can you follow my hand?,
VOICE_COMMAND,283902,6/27/2026 11:58:23 AM,068492a8-9bbc-456b-87fb-dc52c0aec9a7,2.0,,,,,,,,,,,,,,,,,,,,,,,,Civilian PT 8,,,,,,,,,,,,,,,,,,,,,,,,,,,Can you follow my hand?,follow my hand,
PLAYER_POSITIONS,284212,6/27/2026 11:58:23 AM,068492a8-9bbc-456b-87fb-dc52c0aec9a7,2.0,,,,,,,,,,,,,,,,,,,,,,,,,,,,,,,,,,,"(-15.3, 0.2, -1.9)","(-15.4, 1.0, -1.8)","(-15.9, 0.7, -1.9)",
PLAYER_POSITIONS,284212,6/27/2026 11:58:23 AM,068492a8-9bbc-456b-87fb-dc52c0aec9a7,2.0,,,,,,,,,,,,,,,,,,,,,,,,,,,,,,,,,,,"(-15.3, 0.2, -1.9)","(-15.4, 1.0, -1.8)","(-15.9, 0.7, -1.9)",
PLAYER_POSITIONS,284712,6/27/2026 11:58:24 AM,068492a8-9bbc-456b-87fb-dc52c0aec9a7,2.0,,,,,,,,,,,,,,,,,,,,,,,,,,,,,,,,,,,"(-15.3, 0.2, -1.8)","(-15.4, 1.0, -1.8)","(-15.9, 0.7, -1.8)",
PLAYER_GAZE,284712,6/27/2026 11:58:24 AM,068492a8-9bbc-456b-87fb-dc52c0aec9a7,2.0,,,,,,,,,,,,,,,,,,,,,,,,Civilian PT 8,,,,,,,,,"(0.3, 1.0, 0.1)",,,"(-15.8, 0.0, -1.8)",
PLAYER_POSITIONS,284712,6/27/2026 11:58:24 AM,068492a8-9bbc-456b-87fb-dc52c0aec9a7,2.0,,,,,,,,,,,,,,,,,,,,,,,,,,,,,,,,,,,"(-15.3, 0.2, -1.8)","(-15.4, 1.0, -1.8)","(-15.9, 0.7, -1.8)",
PLAYER_GAZE,284712,6/27/2026 11:58:24 AM,068492a8-9bbc-456b-87fb-dc52c0aec9a7,2.0,,,,,,,,,,,,,,,,,,,,,,,,Civilian PT 8,,,,,,,,,"(0.3, 1.0, 0.1)",,,"(-15.8, 0.0, -1.8)",
VOICE_CAPTURE,284956,6/27/2026 11:58:24 AM,068492a8-9bbc-456b-87fb-dc52c0aec9a7,2.0,,,,,,,,,,,,,,,,,,,,,,,,,,,,,,,,,,,,,,,,,,,,,,,,,,,NA,my hand.,
PLAYER_POSITIONS,285223,6/27/2026 11:58:24 AM,068492a8-9bbc-456b-87fb-dc52c0aec9a7,2.0,,,,,,,,,,,,,,,,,,,,,,,,,,,,,,,,,,,"(-15.4, 0.2, -1.8)","(-15.5, 1.0, -1.6)","(-15.6, 0.7, -1.4)",
PLAYER_POSITIONS,285223,6/27/2026 11:58:24 AM,068492a8-9bbc-456b-87fb-dc52c0aec9a7,2.0,,,,,,,,,,,,,,,,,,,,,,,,,,,,,,,,,,,"(-15.4, 0.2, -1.8)","(-15.5, 1.0, -1.6)","(-15.6, 0.7, -1.4)",
VOICE_CAPTURE,285447,6/27/2026 11:58:24 AM,068492a8-9bbc-456b-87fb-dc52c0aec9a7,2.0,,,,,,,,,,,,,,,,,,,,,,,,,,,,,,,,,,,,,,,,,,,,,,,,,,,NA,my hand.,
EVAC_RADIO_ALERT,285465,6/27/2026 11:58:24 AM,068492a8-9bbc-456b-87fb-dc52c0aec9a7,2.0,,,,,,,,1,
AUDIO_START,285472,6/27/2026 11:58:24 AM,068492a8-9bbc-456b-87fb-dc52c0aec9a7,2.0,evac in 6 minutes,4.127347,
PLAYER_POSITIONS,285735,6/27/2026 11:58:25 AM,068492a8-9bbc-456b-87fb-dc52c0aec9a7,2.0,,,,,,,,,,,,,,,,,,,,,,,,,,,,,,,,,,,"(-15.4, 0.2, -1.9)","(-15.5, 1.0, -1.7)","(-15.7, 0.5, -1.2)",
PLAYER_POSITIONS,285735,6/27/2026 11:58:25 AM,068492a8-9bbc-456b-87fb-dc52c0aec9a7,2.0,,,,,,,,,,,,,,,,,,,,,,,,,,,,,,,,,,,"(-15.4, 0.2, -1.9)","(-15.5, 1.0, -1.7)","(-15.7, 0.5, -1.2)",
PLAYER_POSITIONS,286236,6/27/2026 11:58:25 AM,068492a8-9bbc-456b-87fb-dc52c0aec9a7,2.0,,,,,,,,,,,,,,,,,,,,,,,,,,,,,,,,,,,"(-15.4, 0.2, -1.8)","(-15.5, 1.0, -1.6)","(-15.6, 0.6, -1.3)",
PLAYER_POSITIONS,286236,6/27/2026 11:58:25 AM,068492a8-9bbc-456b-87fb-dc52c0aec9a7,2.0,,,,,,,,,,,,,,,,,,,,,,,,,,,,,,,,,,,"(-15.4, 0.2, -1.8)","(-15.5, 1.0, -1.6)","(-15.6, 0.6, -1.3)",
TAG_SELECTED,286560,6/27/2026 11:58:25 AM,068492a8-9bbc-456b-87fb-dc52c0aec9a7,2.0,,,,,,,,,,,,,,,,,,,,,,,,,,,,,,,,,,,,,,,,,,black,
PLAYER_POSITIONS,286739,6/27/2026 11:58:26 AM,068492a8-9bbc-456b-87fb-dc52c0aec9a7,2.0,,,,,,,,,,,,,,,,,,,,,,,,,,,,,,,,,,,"(-15.4, 0.2, -1.8)","(-15.5, 1.0, -1.6)","(-15.6, 0.6, -1.4)",
PLAYER_POSITIONS,286739,6/27/2026 11:58:26 AM,068492a8-9bbc-456b-87fb-dc52c0aec9a7,2.0,,,,,,,,,,,,,,,,,,,,,,,,,,,,,,,,,,,"(-15.4, 0.2, -1.8)","(-15.5, 1.0, -1.6)","(-15.6, 0.6, -1.4)",
TAG_DISCARDED,286958,6/27/2026 11:58:26 AM,068492a8-9bbc-456b-87fb-dc52c0aec9a7,2.0,,,,,,,,,,,,,,,,,,,,,,,,,,,,,,,,,,,,"(-15.5, 0.6, -1.4)",,,,,,black,
TAG_SELECTED,287248,6/27/2026 11:58:26 AM,068492a8-9bbc-456b-87fb-dc52c0aec9a7,2.0,,,,,,,,,,,,,,,,,,,,,,,,,,,,,,,,,,,,,,,,,,green,
PLAYER_POSITIONS,287250,6/27/2026 11:58:26 AM,068492a8-9bbc-456b-87fb-dc52c0aec9a7,2.0,,,,,,,,,,,,,,,,,,,,,,,,,,,,,,,,,,,"(-15.4, 0.2, -1.8)","(-15.5, 1.0, -1.7)","(-15.5, 0.6, -1.3)",
PLAYER_POSITIONS,287250,6/27/2026 11:58:26 AM,068492a8-9bbc-456b-87fb-dc52c0aec9a7,2.0,,,,,,,,,,,,,,,,,,,,,,,,,,,,,,,,,,,"(-15.4, 0.2, -1.8)","(-15.5, 1.0, -1.7)","(-15.5, 0.6, -1.3)",
PLAYER_POSITIONS,287771,6/27/2026 11:58:27 AM,068492a8-9bbc-456b-87fb-dc52c0aec9a7,2.0,,,,,,,,,,,,,,,,,,,,,,,,,,,,,,,,,,,"(-15.4, 0.2, -1.8)","(-15.5, 1.0, -1.8)","(-15.7, 0.7, -1.5)",
PLAYER_GAZE,287771,6/27/2026 11:58:27 AM,068492a8-9bbc-456b-87fb-dc52c0aec9a7,2.0,,,,,,,,,,,,,,,,,,,,,,,,Civilian PT 8,,,,,,,,,"(0.3, 1.0, 0.0)",,,"(-15.8, 0.0, -1.8)",
PLAYER_POSITIONS,287771,6/27/2026 11:58:27 AM,068492a8-9bbc-456b-87fb-dc52c0aec9a7,2.0,,,,,,,,,,,,,,,,,,,,,,,,,,,,,,,,,,,"(-15.4, 0.2, -1.8)","(-15.5, 1.0, -1.8)","(-15.7, 0.7, -1.5)",
PLAYER_GAZE,287771,6/27/2026 11:58:27 AM,068492a8-9bbc-456b-87fb-dc52c0aec9a7,2.0,,,,,,,,,,,,,,,,,,,,,,,,Civilian PT 8,,,,,,,,,"(0.3, 1.0, 0.0)",,,"(-15.8, 0.0, -1.8)",
VOICE_CAPTURE,287950,6/27/2026 11:58:27 AM,068492a8-9bbc-456b-87fb-dc52c0aec9a7,2.0,,,,,,,,,,,,,,,,,,,,,,,,,,,,,,,,,,,,,,,,,,,,,,,,,,,NA,Thank you.,
PLAYER_POSITIONS,288283,6/27/2026 11:58:27 AM,068492a8-9bbc-456b-87fb-dc52c0aec9a7,2.0,,,,,,,,,,,,,,,,,,,,,,,,,,,,,,,,,,,"(-15.3, 0.2, -1.8)","(-15.5, 1.0, -1.8)","(-15.7, 0.4, -1.8)",
PLAYER_GAZE,288283,6/27/2026 11:58:27 AM,068492a8-9bbc-456b-87fb-dc52c0aec9a7,2.0,,,,,,,,,,,,,,,,,,,,,,,,Civilian PT 8,,,,,,,,,"(0.3, 1.0, 0.0)",,,"(-15.8, 0.0, -1.8)",
PLAYER_POSITIONS,288283,6/27/2026 11:58:27 AM,068492a8-9bbc-456b-87fb-dc52c0aec9a7,2.0,,,,,,,,,,,,,,,,,,,,,,,,,,,,,,,,,,,"(-15.3, 0.2, -1.8)","(-15.5, 1.0, -1.8)","(-15.7, 0.4, -1.8)",
PLAYER_GAZE,288283,6/27/2026 11:58:27 AM,068492a8-9bbc-456b-87fb-dc52c0aec9a7,2.0,,,,,,,,,,,,,,,,,,,,,,,,Civilian PT 8,,,,,,,,,"(0.3, 1.0, 0.0)",,,"(-15.8, 0.0, -1.8)",
VOICE_CAPTURE,288383,6/27/2026 11:58:27 AM,068492a8-9bbc-456b-87fb-dc52c0aec9a7,2.0,,,,,,,,,,,,,,,,,,,,,,,,,,,,,,,,,,,,,,,,,,,,,,,,,,,NA,Can you stand?,
PLAYER_POSITIONS,288805,6/27/2026 11:58:28 AM,068492a8-9bbc-456b-87fb-dc52c0aec9a7,2.0,,,,,,,,,,,,,,,,,,,,,,,,,,,,,,,,,,,"(-15.3, 0.2, -1.8)","(-15.5, 1.0, -1.8)","(-15.7, 0.6, -1.7)",
PLAYER_GAZE,288805,6/27/2026 11:58:28 AM,068492a8-9bbc-456b-87fb-dc52c0aec9a7,2.0,,,,,,,,,,,,,,,,,,,,,,,,Civilian PT 8,,,,,,,,,"(0.3, 1.0, 0.0)",,,"(-15.8, 0.0, -1.8)",
PLAYER_POSITIONS,288805,6/27/2026 11:58:28 AM,068492a8-9bbc-456b-87fb-dc52c0aec9a7,2.0,,,,,,,,,,,,,,,,,,,,,,,,,,,,,,,,,,,"(-15.3, 0.2, -1.8)","(-15.5, 1.0, -1.8)","(-15.7, 0.6, -1.7)",
PLAYER_GAZE,288805,6/27/2026 11:58:28 AM,068492a8-9bbc-456b-87fb-dc52c0aec9a7,2.0,,,,,,,,,,,,,,,,,,,,,,,,Civilian PT 8,,,,,,,,,"(0.3, 1.0, 0.0)",,,"(-15.8, 0.0, -1.8)",
VOICE_CAPTURE,288882,6/27/2026 11:58:28 AM,068492a8-9bbc-456b-87fb-dc52c0aec9a7,2.0,,,,,,,,,,,,,,,,,,,,,,,,,,,,,,,,,,,,,,,,,,,,,,,,,,,NA,Can you stand?,
VOICE_CAPTURE,288882,6/27/2026 11:58:28 AM,068492a8-9bbc-456b-87fb-dc52c0aec9a7,2.0,,,,,,,,,,,,,,,,,,,,,,,,,,,,,,,,,,,,,,,,,,,,,,,,,,,NA,Can you stand?,
VOICE_COMMAND,288882,6/27/2026 11:58:28 AM,068492a8-9bbc-456b-87fb-dc52c0aec9a7,2.0,,,,,,,,,,,,,,,,,,,,,,,,,,,,,,,,,,,,,,,,,,,,,,,,,,,Can you stand?,stand up,
TAG_DISCARDED,288991,6/27/2026 11:58:28 AM,068492a8-9bbc-456b-87fb-dc52c0aec9a7,2.0,,,,,,,,,,,,,,,,,,,,,,,,,,,,,,,,,,,,"(-15.6, 0.6, -1.4)",,,,,,green,
PLAYER_POSITIONS,289327,6/27/2026 11:58:28 AM,068492a8-9bbc-456b-87fb-dc52c0aec9a7,2.0,,,,,,,,,,,,,,,,,,,,,,,,,,,,,,,,,,,"(-15.3, 0.2, -1.8)","(-15.5, 1.0, -1.7)","(-15.6, 0.7, -1.5)",
PLAYER_POSITIONS,289327,6/27/2026 11:58:28 AM,068492a8-9bbc-456b-87fb-dc52c0aec9a7,2.0,,,,,,,,,,,,,,,,,,,,,,,,,,,,,,,,,,,"(-15.3, 0.2, -1.8)","(-15.5, 1.0, -1.7)","(-15.6, 0.7, -1.5)",
AUDIO_END,289615,6/27/2026 11:58:28 AM,068492a8-9bbc-456b-87fb-dc52c0aec9a7,2.0,evac in 6 minutes,4.127347,
PLAYER_POSITIONS,289861,6/27/2026 11:58:29 AM,068492a8-9bbc-456b-87fb-dc52c0aec9a7,2.0,,,,,,,,,,,,,,,,,,,,,,,,,,,,,,,,,,,"(-15.4, 0.2, -1.9)","(-15.5, 1.0, -1.7)","(-15.9, 0.7, -1.2)",
PLAYER_POSITIONS,289861,6/27/2026 11:58:29 AM,068492a8-9bbc-456b-87fb-dc52c0aec9a7,2.0,,,,,,,,,,,,,,,,,,,,,,,,,,,,,,,,,,,"(-15.4, 0.2, -1.9)","(-15.5, 1.0, -1.7)","(-15.9, 0.7, -1.2)",
VOICE_CAPTURE,289895,6/27/2026 11:58:29 AM,068492a8-9bbc-456b-87fb-dc52c0aec9a7,2.0,,,,,,,,,,,,,,,,,,,,,,,,,,,,,,,,,,,,,,,,,,,,,,,,,,,NA,stand.,
TOOL_HOVER,290029,6/27/2026 11:58:29 AM,068492a8-9bbc-456b-87fb-dc52c0aec9a7,2.0,,,,,,,,,,,,,,,,,,,,,,,,,,,,,,,,,,,,,,,,,,,,,,998,,Chest Seal,
TOOL_SELECTED,290117,6/27/2026 11:58:29 AM,068492a8-9bbc-456b-87fb-dc52c0aec9a7,2.0,,,,,,,,,,,,,,,,,,,,,,,,,,,,,,,,,,,,,,,,,,,,,,997,,Chest Seal,
PLAYER_POSITIONS,290372,6/27/2026 11:58:29 AM,068492a8-9bbc-456b-87fb-dc52c0aec9a7,2.0,,,,,,,,,,,,,,,,,,,,,,,,,,,,,,,,,,,"(-15.3, 0.2, -1.9)","(-15.5, 1.0, -1.7)","(-15.9, 0.7, -1.5)",
PLAYER_GAZE,290372,6/27/2026 11:58:29 AM,068492a8-9bbc-456b-87fb-dc52c0aec9a7,2.0,,,,,,,,,,,,,,,,,,,,,,,,Civilian PT 8,,,,,,,,,"(0.3, 1.0, 0.2)",,,"(-15.8, 0.0, -1.8)",
PLAYER_POSITIONS,290372,6/27/2026 11:58:29 AM,068492a8-9bbc-456b-87fb-dc52c0aec9a7,2.0,,,,,,,,,,,,,,,,,,,,,,,,,,,,,,,,,,,"(-15.3, 0.2, -1.9)","(-15.5, 1.0, -1.7)","(-15.9, 0.7, -1.5)",
PLAYER_GAZE,290372,6/27/2026 11:58:29 AM,068492a8-9bbc-456b-87fb-dc52c0aec9a7,2.0,,,,,,,,,,,,,,,,,,,,,,,,Civilian PT 8,,,,,,,,,"(0.3, 1.0, 0.2)",,,"(-15.8, 0.0, -1.8)",
VOICE_CAPTURE,290440,6/27/2026 11:58:29 AM,068492a8-9bbc-456b-87fb-dc52c0aec9a7,2.0,,,,,,,,,,,,,,,,,,,,,,,,,,,,,,,,,,,,,,,,,,,,,,,,,,,NA,stand. Oh.,
PLAYER_POSITIONS,290886,6/27/2026 11:58:30 AM,068492a8-9bbc-456b-87fb-dc52c0aec9a7,2.0,,,,,,,,,,,,,,,,,,,,,,,,,,,,,,,,,,,"(-15.3, 0.3, -1.9)","(-15.4, 1.1, -1.7)","(-15.7, 0.7, -1.7)",
PLAYER_GAZE,290886,6/27/2026 11:58:30 AM,068492a8-9bbc-456b-87fb-dc52c0aec9a7,2.0,,,,,,,,,,,,,,,,,,,,,,,,Civilian PT 8,,,,,,,,,"(0.4, 1.1, 0.2)",,,"(-15.8, 0.0, -1.8)",
PLAYER_POSITIONS,290886,6/27/2026 11:58:30 AM,068492a8-9bbc-456b-87fb-dc52c0aec9a7,2.0,,,,,,,,,,,,,,,,,,,,,,,,,,,,,,,,,,,"(-15.3, 0.3, -1.9)","(-15.4, 1.1, -1.7)","(-15.7, 0.7, -1.7)",
PLAYER_GAZE,290886,6/27/2026 11:58:30 AM,068492a8-9bbc-456b-87fb-dc52c0aec9a7,2.0,,,,,,,,,,,,,,,,,,,,,,,,Civilian PT 8,,,,,,,,,"(0.4, 1.1, 0.2)",,,"(-15.8, 0.0, -1.8)",
VOICE_CAPTURE,290918,6/27/2026 11:58:30 AM,068492a8-9bbc-456b-87fb-dc52c0aec9a7,2.0,,,,,,,,,,,,,,,,,,,,,,,,,,,,,,,,,,,,,,,,,,,,,,,,,,,NA,stand. Oh.,
VOICE_CAPTURE,290918,6/27/2026 11:58:30 AM,068492a8-9bbc-456b-87fb-dc52c0aec9a7,2.0,,,,,,,,,,,,,,,,,,,,,,,,,,,,,,,,,,,,,,,,,,,,,,,,,,,NA,stand. Oh.,
VOICE_COMMAND,290919,6/27/2026 11:58:30 AM,068492a8-9bbc-456b-87fb-dc52c0aec9a7,2.0,,,,,,,,,,,,,,,,,,,,,,,,Civilian PT 8,,,,,,,,,,,,,,,,,,,,,,,,,,,stand. Oh.,stand up,
INJURY_TREATED,291118,6/27/2026 11:58:30 AM,068492a8-9bbc-456b-87fb-dc52c0aec9a7,2.0,,,,,,,,,chest,R Shoulder Puncture,"(-15.7, 0.9, -1.7)",woundpack,1,1,medium,True,True,,,,,,,Civilian PT 8,
TOOL_APPLIED,291118,6/27/2026 11:58:30 AM,068492a8-9bbc-456b-87fb-dc52c0aec9a7,2.0,,,,,,,,,,,,,,,,,,,,,,,,Civilian PT 8,,,,,,,,,,,,,,,,,,,,AppliedChestSeal,skinCollider_BodyLOD (UnityEngine.GameObject),,Chest Seal(Clone) (UnityEngine.GameObject),Chest Seal,
PLAYER_POSITIONS,291406,6/27/2026 11:58:30 AM,068492a8-9bbc-456b-87fb-dc52c0aec9a7,2.0,,,,,,,,,,,,,,,,,,,,,,,,,,,,,,,,,,,"(-15.3, 0.2, -1.9)","(-15.4, 1.1, -1.6)","(-15.7, 0.9, -1.6)",
PLAYER_GAZE,291406,6/27/2026 11:58:30 AM,068492a8-9bbc-456b-87fb-dc52c0aec9a7,2.0,,,,,,,,,,,,,,,,,,,,,,,,Civilian PT 8,,,,,,,,,"(0.4, 1.1, 0.2)",,,"(-15.8, 0.0, -1.8)",
PLAYER_POSITIONS,291406,6/27/2026 11:58:30 AM,068492a8-9bbc-456b-87fb-dc52c0aec9a7,2.0,,,,,,,,,,,,,,,,,,,,,,,,,,,,,,,,,,,"(-15.3, 0.2, -1.9)","(-15.4, 1.1, -1.6)","(-15.7, 0.9, -1.6)",
PLAYER_GAZE,291406,6/27/2026 11:58:30 AM,068492a8-9bbc-456b-87fb-dc52c0aec9a7,2.0,,,,,,,,,,,,,,,,,,,,,,,,Civilian PT 8,,,,,,,,,"(0.4, 1.1, 0.2)",,,"(-15.8, 0.0, -1.8)",
PLAYER_POSITIONS,291917,6/27/2026 11:58:31 AM,068492a8-9bbc-456b-87fb-dc52c0aec9a7,2.0,,,,,,,,,,,,,,,,,,,,,,,,,,,,,,,,,,,"(-15.4, 0.2, -1.9)","(-15.4, 1.2, -1.7)","(-15.8, 0.6, -1.5)",
PLAYER_GAZE,291917,6/27/2026 11:58:31 AM,068492a8-9bbc-456b-87fb-dc52c0aec9a7,2.0,,,,,,,,,,,,,,,,,,,,,,,,Civilian PT 8,,,,,,,,,"(0.4, 1.2, 0.2)",,,"(-15.8, 0.0, -1.8)",
PLAYER_POSITIONS,291917,6/27/2026 11:58:31 AM,068492a8-9bbc-456b-87fb-dc52c0aec9a7,2.0,,,,,,,,,,,,,,,,,,,,,,,,,,,,,,,,,,,"(-15.4, 0.2, -1.9)","(-15.4, 1.2, -1.7)","(-15.8, 0.6, -1.5)",
PLAYER_GAZE,291917,6/27/2026 11:58:31 AM,068492a8-9bbc-456b-87fb-dc52c0aec9a7,2.0,,,,,,,,,,,,,,,,,,,,,,,,Civilian PT 8,,,,,,,,,"(0.4, 1.2, 0.2)",,,"(-15.8, 0.0, -1.8)",
PLAYER_POSITIONS,292436,6/27/2026 11:58:31 AM,068492a8-9bbc-456b-87fb-dc52c0aec9a7,2.0,,,,,,,,,,,,,,,,,,,,,,,,,,,,,,,,,,,"(-15.4, 0.2, -1.9)","(-15.4, 1.1, -1.7)","(-15.7, 0.7, -1.6)",
PLAYER_GAZE,292436,6/27/2026 11:58:31 AM,068492a8-9bbc-456b-87fb-dc52c0aec9a7,2.0,,,,,,,,,,,,,,,,,,,,,,,,Civilian PT 8,,,,,,,,,"(0.4, 1.1, 0.1)",,,"(-15.8, 0.0, -1.8)",
PLAYER_POSITIONS,292436,6/27/2026 11:58:31 AM,068492a8-9bbc-456b-87fb-dc52c0aec9a7,2.0,,,,,,,,,,,,,,,,,,,,,,,,,,,,,,,,,,,"(-15.4, 0.2, -1.9)","(-15.4, 1.1, -1.7)","(-15.7, 0.7, -1.6)",
PLAYER_GAZE,292436,6/27/2026 11:58:31 AM,068492a8-9bbc-456b-87fb-dc52c0aec9a7,2.0,,,,,,,,,,,,,,,,,,,,,,,,Civilian PT 8,,,,,,,,,"(0.4, 1.1, 0.1)",,,"(-15.8, 0.0, -1.8)",
BAG_CLOSED,292790,6/27/2026 11:58:32 AM,068492a8-9bbc-456b-87fb-dc52c0aec9a7,2.0,,,,,,,,,,,,,,,,,,,,,,,,,,,,,,,,,,,,"(0.0, 0.0, 0.0)",
PLAYER_POSITIONS,292958,6/27/2026 11:58:32 AM,068492a8-9bbc-456b-87fb-dc52c0aec9a7,2.0,,,,,,,,,,,,,,,,,,,,,,,,,,,,,,,,,,,"(-15.5, 0.2, -1.8)","(-15.5, 1.1, -1.8)","(-15.8, 0.6, -1.7)",
PLAYER_GAZE,292958,6/27/2026 11:58:32 AM,068492a8-9bbc-456b-87fb-dc52c0aec9a7,2.0,,,,,,,,,,,,,,,,,,,,,,,,Civilian PT 8,,,,,,,,,"(0.3, 1.1, 0.1)",,,"(-15.8, 0.0, -1.8)",
PLAYER_POSITIONS,292958,6/27/2026 11:58:32 AM,068492a8-9bbc-456b-87fb-dc52c0aec9a7,2.0,,,,,,,,,,,,,,,,,,,,,,,,,,,,,,,,,,,"(-15.5, 0.2, -1.8)","(-15.5, 1.1, -1.8)","(-15.8, 0.6, -1.7)",
PLAYER_GAZE,292958,6/27/2026 11:58:32 AM,068492a8-9bbc-456b-87fb-dc52c0aec9a7,2.0,,,,,,,,,,,,,,,,,,,,,,,,Civilian PT 8,,,,,,,,,"(0.3, 1.1, 0.1)",,,"(-15.8, 0.0, -1.8)",
PLAYER_POSITIONS,293463,6/27/2026 11:58:32 AM,068492a8-9bbc-456b-87fb-dc52c0aec9a7,2.0,,,,,,,,,,,,,,,,,,,,,,,,,,,,,,,,,,,"(-15.5, 0.2, -1.8)","(-15.5, 1.2, -1.7)","(-15.8, 0.7, -1.6)",
PLAYER_GAZE,293464,6/27/2026 11:58:32 AM,068492a8-9bbc-456b-87fb-dc52c0aec9a7,2.0,,,,,,,,,,,,,,,,,,,,,,,,Civilian PT 8,,,,,,,,,"(0.3, 1.2, 0.1)",,,"(-15.8, 0.0, -1.8)",
PLAYER_POSITIONS,293463,6/27/2026 11:58:32 AM,068492a8-9bbc-456b-87fb-dc52c0aec9a7,2.0,,,,,,,,,,,,,,,,,,,,,,,,,,,,,,,,,,,"(-15.5, 0.2, -1.8)","(-15.5, 1.2, -1.7)","(-15.8, 0.7, -1.6)",
PLAYER_GAZE,293464,6/27/2026 11:58:32 AM,068492a8-9bbc-456b-87fb-dc52c0aec9a7,2.0,,,,,,,,,,,,,,,,,,,,,,,,Civilian PT 8,,,,,,,,,"(0.3, 1.2, 0.1)",,,"(-15.8, 0.0, -1.8)",
PLAYER_POSITIONS,293964,6/27/2026 11:58:33 AM,068492a8-9bbc-456b-87fb-dc52c0aec9a7,2.0,,,,,,,,,,,,,,,,,,,,,,,,,,,,,,,,,,,"(-15.5, 0.2, -1.9)","(-15.5, 1.1, -1.7)","(-15.8, 0.7, -1.6)",
PLAYER_GAZE,293964,6/27/2026 11:58:33 AM,068492a8-9bbc-456b-87fb-dc52c0aec9a7,2.0,,,,,,,,,,,,,,,,,,,,,,,,Civilian PT 8,,,,,,,,,"(0.3, 1.1, 0.1)",,,"(-15.8, 0.0, -1.8)",
PLAYER_POSITIONS,293964,6/27/2026 11:58:33 AM,068492a8-9bbc-456b-87fb-dc52c0aec9a7,2.0,,,,,,,,,,,,,,,,,,,,,,,,,,,,,,,,,,,"(-15.5, 0.2, -1.9)","(-15.5, 1.1, -1.7)","(-15.8, 0.7, -1.6)",
PLAYER_GAZE,293964,6/27/2026 11:58:33 AM,068492a8-9bbc-456b-87fb-dc52c0aec9a7,2.0,,,,,,,,,,,,,,,,,,,,,,,,Civilian PT 8,,,,,,,,,"(0.3, 1.1, 0.1)",,,"(-15.8, 0.0, -1.8)",
PLAYER_POSITIONS,294469,6/27/2026 11:58:33 AM,068492a8-9bbc-456b-87fb-dc52c0aec9a7,2.0,,,,,,,,,,,,,,,,,,,,,,,,,,,,,,,,,,,"(-15.5, 0.2, -1.8)","(-15.6, 1.1, -1.7)","(-15.7, 0.7, -1.4)",
PLAYER_POSITIONS,294469,6/27/2026 11:58:33 AM,068492a8-9bbc-456b-87fb-dc52c0aec9a7,2.0,,,,,,,,,,,,,,,,,,,,,,,,,,,,,,,,,,,"(-15.5, 0.2, -1.8)","(-15.6, 1.1, -1.7)","(-15.7, 0.7, -1.4)",
VOICE_CAPTURE,294924,6/27/2026 11:58:34 AM,068492a8-9bbc-456b-87fb-dc52c0aec9a7,2.0,,,,,,,,,,,,,,,,,,,,,,,,,,,,,,,,,,,,,,,,,,,,,,,,,,,NA,How's your breathing?,
PLAYER_POSITIONS,294990,6/27/2026 11:58:34 AM,068492a8-9bbc-456b-87fb-dc52c0aec9a7,2.0,,,,,,,,,,,,,,,,,,,,,,,,,,,,,,,,,,,"(-15.5, 0.2, -1.8)","(-15.6, 1.0, -1.7)","(-15.7, 0.6, -1.3)",
PLAYER_POSITIONS,294990,6/27/2026 11:58:34 AM,068492a8-9bbc-456b-87fb-dc52c0aec9a7,2.0,,,,,,,,,,,,,,,,,,,,,,,,,,,,,,,,,,,"(-15.5, 0.2, -1.8)","(-15.6, 1.0, -1.7)","(-15.7, 0.6, -1.3)",
VOICE_CAPTURE,295413,6/27/2026 11:58:34 AM,068492a8-9bbc-456b-87fb-dc52c0aec9a7,2.0,,,,,,,,,,,,,,,,,,,,,,,,,,,,,,,,,,,,,,,,,,,,,,,,,,,NA,How's your breathing?,
VOICE_CAPTURE,295413,6/27/2026 11:58:34 AM,068492a8-9bbc-456b-87fb-dc52c0aec9a7,2.0,,,,,,,,,,,,,,,,,,,,,,,,,,,,,,,,,,,,,,,,,,,,,,,,,,,NA,How's your breathing?,
VOICE_COMMAND,295413,6/27/2026 11:58:34 AM,068492a8-9bbc-456b-87fb-dc52c0aec9a7,2.0,,,,,,,,,,,,,,,,,,,,,,,,,,,,,,,,,,,,,,,,,,,,,,,,,,,How's your breathing?,can you breathe,
PLAYER_POSITIONS,295504,6/27/2026 11:58:34 AM,068492a8-9bbc-456b-87fb-dc52c0aec9a7,2.0,,,,,,,,,,,,,,,,,,,,,,,,,,,,,,,,,,,"(-15.5, 0.2, -1.8)","(-15.5, 1.0, -1.6)","(-15.6, 0.6, -1.3)",
PLAYER_POSITIONS,295504,6/27/2026 11:58:34 AM,068492a8-9bbc-456b-87fb-dc52c0aec9a7,2.0,,,,,,,,,,,,,,,,,,,,,,,,,,,,,,,,,,,"(-15.5, 0.2, -1.8)","(-15.5, 1.0, -1.6)","(-15.6, 0.6, -1.3)",
PLAYER_POSITIONS,296022,6/27/2026 11:58:35 AM,068492a8-9bbc-456b-87fb-dc52c0aec9a7,2.0,,,,,,,,,,,,,,,,,,,,,,,,,,,,,,,,,,,"(-15.5, 0.2, -1.8)","(-15.5, 1.0, -1.6)","(-15.6, 0.7, -1.5)",
PLAYER_POSITIONS,296022,6/27/2026 11:58:35 AM,068492a8-9bbc-456b-87fb-dc52c0aec9a7,2.0,,,,,,,,,,,,,,,,,,,,,,,,,,,,,,,,,,,"(-15.5, 0.2, -1.8)","(-15.5, 1.0, -1.6)","(-15.6, 0.7, -1.5)",
PLAYER_POSITIONS,296534,6/27/2026 11:58:35 AM,068492a8-9bbc-456b-87fb-dc52c0aec9a7,2.0,,,,,,,,,,,,,,,,,,,,,,,,,,,,,,,,,,,"(-15.5, 0.2, -1.8)","(-15.6, 1.0, -1.7)","(-15.7, 0.6, -1.5)",
PLAYER_POSITIONS,296534,6/27/2026 11:58:35 AM,068492a8-9bbc-456b-87fb-dc52c0aec9a7,2.0,,,,,,,,,,,,,,,,,,,,,,,,,,,,,,,,,,,"(-15.5, 0.2, -1.8)","(-15.6, 1.0, -1.7)","(-15.7, 0.6, -1.5)",
PLAYER_POSITIONS,297034,6/27/2026 11:58:36 AM,068492a8-9bbc-456b-87fb-dc52c0aec9a7,2.0,,,,,,,,,,,,,,,,,,,,,,,,,,,,,,,,,,,"(-15.5, 0.2, -1.8)","(-15.6, 1.0, -1.7)","(-15.8, 0.6, -1.5)",
PLAYER_POSITIONS,297034,6/27/2026 11:58:36 AM,068492a8-9bbc-456b-87fb-dc52c0aec9a7,2.0,,,,,,,,,,,,,,,,,,,,,,,,,,,,,,,,,,,"(-15.5, 0.2, -1.8)","(-15.6, 1.0, -1.7)","(-15.8, 0.6, -1.5)",
TAG_SELECTED,297445,6/27/2026 11:58:36 AM,068492a8-9bbc-456b-87fb-dc52c0aec9a7,2.0,,,,,,,,,,,,,,,,,,,,,,,,,,,,,,,,,,,,,,,,,,yellow,
PLAYER_POSITIONS,297536,6/27/2026 11:58:36 AM,068492a8-9bbc-456b-87fb-dc52c0aec9a7,2.0,,,,,,,,,,,,,,,,,,,,,,,,,,,,,,,,,,,"(-15.5, 0.2, -1.9)","(-15.6, 1.0, -1.7)","(-15.8, 0.6, -1.6)",
PLAYER_POSITIONS,297536,6/27/2026 11:58:36 AM,068492a8-9bbc-456b-87fb-dc52c0aec9a7,2.0,,,,,,,,,,,,,,,,,,,,,,,,,,,,,,,,,,,"(-15.5, 0.2, -1.9)","(-15.6, 1.0, -1.7)","(-15.8, 0.6, -1.6)",
PLAYER_POSITIONS,298051,6/27/2026 11:58:37 AM,068492a8-9bbc-456b-87fb-dc52c0aec9a7,2.0,,,,,,,,,,,,,,,,,,,,,,,,,,,,,,,,,,,"(-15.5, 0.2, -1.9)","(-15.5, 1.1, -1.7)","(-15.8, 0.7, -1.8)",
PLAYER_GAZE,298051,6/27/2026 11:58:37 AM,068492a8-9bbc-456b-87fb-dc52c0aec9a7,2.0,,,,,,,,,,,,,,,,,,,,,,,,Civilian PT 8,,,,,,,,,"(0.2, 1.1, 0.1)",,,"(-15.8, 0.0, -1.8)",
PLAYER_POSITIONS,298051,6/27/2026 11:58:37 AM,068492a8-9bbc-456b-87fb-dc52c0aec9a7,2.0,,,,,,,,,,,,,,,,,,,,,,,,,,,,,,,,,,,"(-15.5, 0.2, -1.9)","(-15.5, 1.1, -1.7)","(-15.8, 0.7, -1.8)",
PLAYER_GAZE,298051,6/27/2026 11:58:37 AM,068492a8-9bbc-456b-87fb-dc52c0aec9a7,2.0,,,,,,,,,,,,,,,,,,,,,,,,Civilian PT 8,,,,,,,,,"(0.2, 1.1, 0.1)",,,"(-15.8, 0.0, -1.8)",
PLAYER_POSITIONS,298552,6/27/2026 11:58:37 AM,068492a8-9bbc-456b-87fb-dc52c0aec9a7,2.0,,,,,,,,,,,,,,,,,,,,,,,,,,,,,,,,,,,"(-15.4, 0.2, -1.9)","(-15.5, 1.1, -1.7)","(-16.1, 0.8, -1.7)",
PLAYER_GAZE,298552,6/27/2026 11:58:37 AM,068492a8-9bbc-456b-87fb-dc52c0aec9a7,2.0,,,,,,,,,,,,,,,,,,,,,,,,Civilian PT 8,,,,,,,,,"(0.2, 1.1, 0.1)",,,"(-15.8, 0.0, -1.8)",
PLAYER_POSITIONS,298552,6/27/2026 11:58:37 AM,068492a8-9bbc-456b-87fb-dc52c0aec9a7,2.0,,,,,,,,,,,,,,,,,,,,,,,,,,,,,,,,,,,"(-15.4, 0.2, -1.9)","(-15.5, 1.1, -1.7)","(-16.1, 0.8, -1.7)",
PLAYER_GAZE,298552,6/27/2026 11:58:37 AM,068492a8-9bbc-456b-87fb-dc52c0aec9a7,2.0,,,,,,,,,,,,,,,,,,,,,,,,Civilian PT 8,,,,,,,,,"(0.2, 1.1, 0.1)",,,"(-15.8, 0.0, -1.8)",
TAG_APPLIED,298713,6/27/2026 11:58:38 AM,068492a8-9bbc-456b-87fb-dc52c0aec9a7,2.0,,,,,,,,,,,,,,,,,,,,,,,,Civilian PT 8,,,,,,,,,,,,,,,,,,yellow,
PLAYER_POSITIONS,299063,6/27/2026 11:58:38 AM,068492a8-9bbc-456b-87fb-dc52c0aec9a7,2.0,,,,,,,,,,,,,,,,,,,,,,,,,,,,,,,,,,,"(-15.4, 0.2, -1.9)","(-15.5, 1.1, -1.7)","(-16.0, 0.7, -1.6)",
PLAYER_GAZE,299063,6/27/2026 11:58:38 AM,068492a8-9bbc-456b-87fb-dc52c0aec9a7,2.0,,,,,,,,,,,,,,,,,,,,,,,,Civilian PT 8,,,,,,,,,"(0.2, 1.1, 0.1)",,,"(-15.8, 0.0, -1.8)",
PLAYER_POSITIONS,299063,6/27/2026 11:58:38 AM,068492a8-9bbc-456b-87fb-dc52c0aec9a7,2.0,,,,,,,,,,,,,,,,,,,,,,,,,,,,,,,,,,,"(-15.4, 0.2, -1.9)","(-15.5, 1.1, -1.7)","(-16.0, 0.7, -1.6)",
PLAYER_GAZE,299063,6/27/2026 11:58:38 AM,068492a8-9bbc-456b-87fb-dc52c0aec9a7,2.0,,,,,,,,,,,,,,,,,,,,,,,,Civilian PT 8,,,,,,,,,"(0.2, 1.1, 0.1)",,,"(-15.8, 0.0, -1.8)",
BAG_CLOSED,299171,6/27/2026 11:58:38 AM,068492a8-9bbc-456b-87fb-dc52c0aec9a7,2.0,,,,,,,,,,,,,,,,,,,,,,,,,,,,,,,,,,,,"(0.0, 0.0, 0.0)",
PLAYER_POSITIONS,299585,6/27/2026 11:58:38 AM,068492a8-9bbc-456b-87fb-dc52c0aec9a7,2.0,,,,,,,,,,,,,,,,,,,,,,,,,,,,,,,,,,,"(-15.9, 0.2, -1.7)","(-16.0, 1.1, -1.5)","(-16.2, 0.6, -1.2)",
PLAYER_POSITIONS,299585,6/27/2026 11:58:38 AM,068492a8-9bbc-456b-87fb-dc52c0aec9a7,2.0,,,,,,,,,,,,,,,,,,,,,,,,,,,,,,,,,,,"(-15.9, 0.2, -1.7)","(-16.0, 1.1, -1.5)","(-16.2, 0.6, -1.2)",
VOICE_CAPTURE,299929,6/27/2026 11:58:39 AM,068492a8-9bbc-456b-87fb-dc52c0aec9a7,2.0,,,,,,,,,,,,,,,,,,,,,,,,,,,,,,,,,,,,,,,,,,,,,,,,,,,NA,Okay.,
PLAYER_POSITIONS,300107,6/27/2026 11:58:39 AM,068492a8-9bbc-456b-87fb-dc52c0aec9a7,2.0,,,,,,,,,,,,,,,,,,,,,,,,,,,,,,,,,,,"(-16.6, 0.2, -1.1)","(-16.6, 1.1, -0.9)","(-16.9, 0.6, -0.7)",
PLAYER_POSITIONS,300107,6/27/2026 11:58:39 AM,068492a8-9bbc-456b-87fb-dc52c0aec9a7,2.0,,,,,,,,,,,,,,,,,,,,,,,,,,,,,,,,,,,"(-16.6, 0.2, -1.1)","(-16.6, 1.1, -0.9)","(-16.9, 0.6, -0.7)",
PATIENT_DISENGAGED,300148,6/27/2026 11:58:39 AM,068492a8-9bbc-456b-87fb-dc52c0aec9a7,2.0,,,,19.62,,,,,,,,,,,,,,,,fast,100,Infinity,normal,Civilian PT 8,upset,standing,"(-16.1, -0.1, -1.9)",fast,"(0.0, 0.4, 0.0, 0.9)",normal,IMMEDIATE,still,,,,,,,,,,,,,,,,,29.07,
PATIENT_ENGAGED,300148,6/27/2026 11:58:39 AM,068492a8-9bbc-456b-87fb-dc52c0aec9a7,2.0,,,,0,,,,,,,,,,,,,,,,normal,100,Infinity,normal,Civilian PT 7,agony,recovery,"(-17.6, -0.1, -0.1)",normal,"(0.0, 0.5, 0.0, 0.9)",normal,DELAYED,still,,,,,,,,,,,,,,,,,0,
VOICE_CAPTURE,300430,6/27/2026 11:58:39 AM,068492a8-9bbc-456b-87fb-dc52c0aec9a7,2.0,,,,,,,,,,,,,,,,,,,,,,,,,,,,,,,,,,,,,,,,,,,,,,,,,,,NA,Come.,
PLAYER_POSITIONS,300628,6/27/2026 11:58:40 AM,068492a8-9bbc-456b-87fb-dc52c0aec9a7,2.0,,,,,,,,,,,,,,,,,,,,,,,,,,,,,,,,,,,"(-16.8, 0.2, -0.9)","(-16.9, 1.1, -0.8)","(-17.1, 0.7, -0.5)",
PLAYER_POSITIONS,300628,6/27/2026 11:58:40 AM,068492a8-9bbc-456b-87fb-dc52c0aec9a7,2.0,,,,,,,,,,,,,,,,,,,,,,,,,,,,,,,,,,,"(-16.8, 0.2, -0.9)","(-16.9, 1.1, -0.8)","(-17.1, 0.7, -0.5)",
VOICE_CAPTURE,300922,6/27/2026 11:58:40 AM,068492a8-9bbc-456b-87fb-dc52c0aec9a7,2.0,,,,,,,,,,,,,,,,,,,,,,,,,,,,,,,,,,,,,,,,,,,,,,,,,,,NA,Come.,
PLAYER_POSITIONS,301145,6/27/2026 11:58:40 AM,068492a8-9bbc-456b-87fb-dc52c0aec9a7,2.0,,,,,,,,,,,,,,,,,,,,,,,,,,,,,,,,,,,"(-16.9, 0.2, -0.9)","(-17.0, 1.0, -0.9)","(-17.2, 0.7, -0.6)",
PLAYER_POSITIONS,301145,6/27/2026 11:58:40 AM,068492a8-9bbc-456b-87fb-dc52c0aec9a7,2.0,,,,,,,,,,,,,,,,,,,,,,,,,,,,,,,,,,,"(-16.9, 0.2, -0.9)","(-17.0, 1.0, -0.9)","(-17.2, 0.7, -0.6)",
AUDIO_END,301333,6/27/2026 11:58:40 AM,068492a8-9bbc-456b-87fb-dc52c0aec9a7,2.0,mortar hits 1,19.77469,
NARRATIVE_SECTION_END,301333,6/27/2026 11:58:40 AM,068492a8-9bbc-456b-87fb-dc52c0aec9a7,2.0,,,,,,,,,,,,,,,,,,Mortar hits 2,32,
NARRATIVE_SECTION_START,301362,6/27/2026 11:58:40 AM,068492a8-9bbc-456b-87fb-dc52c0aec9a7,2.0,,,,,,,,,,,,,,,,,,Delta Squad Moving,33,
VOICE_CAPTURE,301434,6/27/2026 11:58:40 AM,068492a8-9bbc-456b-87fb-dc52c0aec9a7,2.0,,,,,,,,,,,,,,,,,,,,,,,,,,,,,,,,,,,,,,,,,,,,,,,,,,,NA,Come.,
PLAYER_POSITIONS,301657,6/27/2026 11:58:41 AM,068492a8-9bbc-456b-87fb-dc52c0aec9a7,2.0,,,,,,,,,,,,,,,,,,,,,,,,,,,,,,,,,,,"(-17.0, 0.2, -0.9)","(-17.1, 1.0, -0.8)","(-17.3, 0.6, -0.4)",
PLAYER_POSITIONS,301657,6/27/2026 11:58:41 AM,068492a8-9bbc-456b-87fb-dc52c0aec9a7,2.0,,,,,,,,,,,,,,,,,,,,,,,,,,,,,,,,,,,"(-17.0, 0.2, -0.9)","(-17.1, 1.0, -0.8)","(-17.3, 0.6, -0.4)",
VOICE_CAPTURE,301945,6/27/2026 11:58:41 AM,068492a8-9bbc-456b-87fb-dc52c0aec9a7,2.0,,,,,,,,,,,,,,,,,,,,,,,,,,,,,,,,,,,,,,,,,,,,,,,,,,,NA,Come.,
PLAYER_POSITIONS,302167,6/27/2026 11:58:41 AM,068492a8-9bbc-456b-87fb-dc52c0aec9a7,2.0,,,,,,,,,,,,,,,,,,,,,,,,,,,,,,,,,,,"(-17.0, 0.2, -0.9)","(-17.2, 1.0, -0.8)","(-17.3, 0.6, -0.3)",
PLAYER_POSITIONS,302167,6/27/2026 11:58:41 AM,068492a8-9bbc-456b-87fb-dc52c0aec9a7,2.0,,,,,,,,,,,,,,,,,,,,,,,,,,,,,,,,,,,"(-17.0, 0.2, -0.9)","(-17.2, 1.0, -0.8)","(-17.3, 0.6, -0.3)",
VOICE_CAPTURE,302400,6/27/2026 11:58:41 AM,068492a8-9bbc-456b-87fb-dc52c0aec9a7,2.0,,,,,,,,,,,,,,,,,,,,,,,,,,,,,,,,,,,,,,,,,,,,,,,,,,,NA,Come.,
PLAYER_POSITIONS,302689,6/27/2026 11:58:42 AM,068492a8-9bbc-456b-87fb-dc52c0aec9a7,2.0,,,,,,,,,,,,,,,,,,,,,,,,,,,,,,,,,,,"(-17.0, 0.2, -0.9)","(-17.2, 1.0, -0.8)","(-17.3, 0.6, -0.4)",
PLAYER_POSITIONS,302689,6/27/2026 11:58:42 AM,068492a8-9bbc-456b-87fb-dc52c0aec9a7,2.0,,,,,,,,,,,,,,,,,,,,,,,,,,,,,,,,,,,"(-17.0, 0.2, -0.9)","(-17.2, 1.0, -0.8)","(-17.3, 0.6, -0.4)",
VOICE_CAPTURE,302900,6/27/2026 11:58:42 AM,068492a8-9bbc-456b-87fb-dc52c0aec9a7,2.0,,,,,,,,,,,,,,,,,,,,,,,,,,,,,,,,,,,,,,,,,,,,,,,,,,,NA,Come.,
PLAYER_POSITIONS,303191,6/27/2026 11:58:42 AM,068492a8-9bbc-456b-87fb-dc52c0aec9a7,2.0,,,,,,,,,,,,,,,,,,,,,,,,,,,,,,,,,,,"(-17.0, 0.2, -0.9)","(-17.1, 1.0, -0.8)","(-17.3, 0.7, -0.4)",
PLAYER_POSITIONS,303191,6/27/2026 11:58:42 AM,068492a8-9bbc-456b-87fb-dc52c0aec9a7,2.0,,,,,,,,,,,,,,,,,,,,,,,,,,,,,,,,,,,"(-17.0, 0.2, -0.9)","(-17.1, 1.0, -0.8)","(-17.3, 0.7, -0.4)",
VOICE_CAPTURE,303411,6/27/2026 11:58:42 AM,068492a8-9bbc-456b-87fb-dc52c0aec9a7,2.0,,,,,,,,,,,,,,,,,,,,,,,,,,,,,,,,,,,,,,,,,,,,,,,,,,,NA,Come.,
TOOL_HOVER,303520,6/27/2026 11:58:42 AM,068492a8-9bbc-456b-87fb-dc52c0aec9a7,2.0,,,,,,,,,,,,,,,,,,,,,,,,,,,,,,,,,,,,,,,,,,,,,,999,,Israeli Wrap,
TOOL_HOVER,303609,6/27/2026 11:58:42 AM,068492a8-9bbc-456b-87fb-dc52c0aec9a7,2.0,,,,,,,,,,,,,,,,,,,,,,,,,,,,,,,,,,,,,,,,,,,,,,999,,Gauze Wrap,
BAG_CLOSED,303653,6/27/2026 11:58:43 AM,068492a8-9bbc-456b-87fb-dc52c0aec9a7,2.0,,,,,,,,,,,,,,,,,,,,,,,,,,,,,,,,,,,,"(0.0, 0.0, 0.0)",
PLAYER_POSITIONS,303702,6/27/2026 11:58:43 AM,068492a8-9bbc-456b-87fb-dc52c0aec9a7,2.0,,,,,,,,,,,,,,,,,,,,,,,,,,,,,,,,,,,"(-17.0, 0.2, -0.9)","(-17.2, 1.1, -0.7)","(-17.6, 0.9, -0.4)",
PLAYER_POSITIONS,303702,6/27/2026 11:58:43 AM,068492a8-9bbc-456b-87fb-dc52c0aec9a7,2.0,,,,,,,,,,,,,,,,,,,,,,,,,,,,,,,,,,,"(-17.0, 0.2, -0.9)","(-17.2, 1.1, -0.7)","(-17.6, 0.9, -0.4)",
VOICE_CAPTURE,303901,6/27/2026 11:58:43 AM,068492a8-9bbc-456b-87fb-dc52c0aec9a7,2.0,,,,,,,,,,,,,,,,,,,,,,,,,,,,,,,,,,,,,,,,,,,,,,,,,,,NA,Come.,
PLAYER_POSITIONS,304213,6/27/2026 11:58:43 AM,068492a8-9bbc-456b-87fb-dc52c0aec9a7,2.0,,,,,,,,,,,,,,,,,,,,,,,,,,,,,,,,,,,"(-17.0, 0.2, -0.9)","(-17.2, 1.0, -0.7)","(-17.4, 0.7, -0.4)",
PLAYER_POSITIONS,304213,6/27/2026 11:58:43 AM,068492a8-9bbc-456b-87fb-dc52c0aec9a7,2.0,,,,,,,,,,,,,,,,,,,,,,,,,,,,,,,,,,,"(-17.0, 0.2, -0.9)","(-17.2, 1.0, -0.7)","(-17.4, 0.7, -0.4)",
VOICE_CAPTURE,304412,6/27/2026 11:58:43 AM,068492a8-9bbc-456b-87fb-dc52c0aec9a7,2.0,,,,,,,,,,,,,,,,,,,,,,,,,,,,,,,,,,,,,,,,,,,,,,,,,,,NA,Come.,
PLAYER_POSITIONS,304722,6/27/2026 11:58:44 AM,068492a8-9bbc-456b-87fb-dc52c0aec9a7,2.0,,,,,,,,,,,,,,,,,,,,,,,,,,,,,,,,,,,"(-17.0, 0.2, -0.9)","(-17.2, 1.0, -0.7)","(-17.4, 0.7, -0.4)",
PLAYER_POSITIONS,304722,6/27/2026 11:58:44 AM,068492a8-9bbc-456b-87fb-dc52c0aec9a7,2.0,,,,,,,,,,,,,,,,,,,,,,,,,,,,,,,,,,,"(-17.0, 0.2, -0.9)","(-17.2, 1.0, -0.7)","(-17.4, 0.7, -0.4)",
VOICE_CAPTURE,304922,6/27/2026 11:58:44 AM,068492a8-9bbc-456b-87fb-dc52c0aec9a7,2.0,,,,,,,,,,,,,,,,,,,,,,,,,,,,,,,,,,,,,,,,,,,,,,,,,,,NA,Come.,
TOOL_HOVER,305009,6/27/2026 11:58:44 AM,068492a8-9bbc-456b-87fb-dc52c0aec9a7,2.0,,,,,,,,,,,,,,,,,,,,,,,,,,,,,,,,,,,,,,,,,,,,,,996,,Tourniquet,
TOOL_SELECTED,305098,6/27/2026 11:58:44 AM,068492a8-9bbc-456b-87fb-dc52c0aec9a7,2.0,,,,,,,,,,,,,,,,,,,,,,,,,,,,,,,,,,,,,,,,,,,,,,995,,Tourniquet,
PLAYER_POSITIONS,305234,6/27/2026 11:58:44 AM,068492a8-9bbc-456b-87fb-dc52c0aec9a7,2.0,,,,,,,,,,,,,,,,,,,,,,,,,,,,,,,,,,,"(-17.0, 0.2, -0.9)","(-17.2, 1.0, -0.7)","(-17.6, 0.7, -0.6)",
PLAYER_POSITIONS,305234,6/27/2026 11:58:44 AM,068492a8-9bbc-456b-87fb-dc52c0aec9a7,2.0,,,,,,,,,,,,,,,,,,,,,,,,,,,,,,,,,,,"(-17.0, 0.2, -0.9)","(-17.2, 1.0, -0.7)","(-17.6, 0.7, -0.6)",
VOICE_CAPTURE,305426,6/27/2026 11:58:44 AM,068492a8-9bbc-456b-87fb-dc52c0aec9a7,2.0,,,,,,,,,,,,,,,,,,,,,,,,,,,,,,,,,,,,,,,,,,,,,,,,,,,NA,Come.,
PLAYER_POSITIONS,305736,6/27/2026 11:58:45 AM,068492a8-9bbc-456b-87fb-dc52c0aec9a7,2.0,,,,,,,,,,,,,,,,,,,,,,,,,,,,,,,,,,,"(-16.9, 0.2, -0.9)","(-17.2, 1.0, -0.8)","(-17.6, 0.6, -0.9)",
PLAYER_POSITIONS,305736,6/27/2026 11:58:45 AM,068492a8-9bbc-456b-87fb-dc52c0aec9a7,2.0,,,,,,,,,,,,,,,,,,,,,,,,,,,,,,,,,,,"(-16.9, 0.2, -0.9)","(-17.2, 1.0, -0.8)","(-17.6, 0.6, -0.9)",
VOICE_CAPTURE,305910,6/27/2026 11:58:45 AM,068492a8-9bbc-456b-87fb-dc52c0aec9a7,2.0,,,,,,,,,,,,,,,,,,,,,,,,,,,,,,,,,,,,,,,,,,,,,,,,,,,NA,Come.,
TOOL_DISCARDED,305949,6/27/2026 11:58:45 AM,068492a8-9bbc-456b-87fb-dc52c0aec9a7,2.0,,,,,,,,,,,,,,,,,,,,,,,,Civilian PT 7,,,,,,,,,,,,"(0.0, 0.0, 0.0)",,,,,,,,,,995,,Tourniquet,
TOOL_HOVER,306215,6/27/2026 11:58:45 AM,068492a8-9bbc-456b-87fb-dc52c0aec9a7,2.0,,,,,,,,,,,,,,,,,,,,,,,,,,,,,,,,,,,,,,,,,,,,,,996,,Tourniquet,
PLAYER_POSITIONS,306243,6/27/2026 11:58:45 AM,068492a8-9bbc-456b-87fb-dc52c0aec9a7,2.0,,,,,,,,,,,,,,,,,,,,,,,,,,,,,,,,,,,"(-17.0, 0.2, -0.9)","(-17.2, 1.0, -0.8)","(-17.6, 0.7, -0.5)",
PLAYER_POSITIONS,306243,6/27/2026 11:58:45 AM,068492a8-9bbc-456b-87fb-dc52c0aec9a7,2.0,,,,,,,,,,,,,,,,,,,,,,,,,,,,,,,,,,,"(-17.0, 0.2, -0.9)","(-17.2, 1.0, -0.8)","(-17.6, 0.7, -0.5)",
TOOL_HOVER,306340,6/27/2026 11:58:45 AM,068492a8-9bbc-456b-87fb-dc52c0aec9a7,2.0,,,,,,,,,,,,,,,,,,,,,,,,,,,,,,,,,,,,,,,,,,,,,,999,,Gauze Wrap,
TOOL_SELECTED,306341,6/27/2026 11:58:45 AM,068492a8-9bbc-456b-87fb-dc52c0aec9a7,2.0,,,,,,,,,,,,,,,,,,,,,,,,,,,,,,,,,,,,,,,,,,,,,,998,,Gauze Wrap,
VOICE_CAPTURE,306388,6/27/2026 11:58:45 AM,068492a8-9bbc-456b-87fb-dc52c0aec9a7,2.0,,,,,,,,,,,,,,,,,,,,,,,,,,,,,,,,,,,,,,,,,,,,,,,,,,,NA,Come.,
PLAYER_POSITIONS,306757,6/27/2026 11:58:46 AM,068492a8-9bbc-456b-87fb-dc52c0aec9a7,2.0,,,,,,,,,,,,,,,,,,,,,,,,,,,,,,,,,,,"(-16.9, 0.2, -0.9)","(-17.2, 1.0, -0.8)","(-17.6, 0.6, -0.8)",
PLAYER_POSITIONS,306757,6/27/2026 11:58:46 AM,068492a8-9bbc-456b-87fb-dc52c0aec9a7,2.0,,,,,,,,,,,,,,,,,,,,,,,,,,,,,,,,,,,"(-16.9, 0.2, -0.9)","(-17.2, 1.0, -0.8)","(-17.6, 0.6, -0.8)",
VOICE_CAPTURE,306866,6/27/2026 11:58:46 AM,068492a8-9bbc-456b-87fb-dc52c0aec9a7,2.0,,,,,,,,,,,,,,,,,,,,,,,,,,,,,,,,,,,,,,,,,,,,,,,,,,,NA,Come.,
PLAYER_POSITIONS,307276,6/27/2026 11:58:46 AM,068492a8-9bbc-456b-87fb-dc52c0aec9a7,2.0,,,,,,,,,,,,,,,,,,,,,,,,,,,,,,,,,,,"(-16.9, 0.3, -0.9)","(-17.3, 0.9, -0.9)","(-17.8, 0.5, -1.0)",
PLAYER_POSITIONS,307276,6/27/2026 11:58:46 AM,068492a8-9bbc-456b-87fb-dc52c0aec9a7,2.0,,,,,,,,,,,,,,,,,,,,,,,,,,,,,,,,,,,"(-16.9, 0.3, -0.9)","(-17.3, 0.9, -0.9)","(-17.8, 0.5, -1.0)",
VOICE_CAPTURE,307398,6/27/2026 11:58:46 AM,068492a8-9bbc-456b-87fb-dc52c0aec9a7,2.0,,,,,,,,,,,,,,,,,,,,,,,,,,,,,,,,,,,,,,,,,,,,,,,,,,,NA,Come. Thank you.,
INJURY_TREATED,307492,6/27/2026 11:58:46 AM,068492a8-9bbc-456b-87fb-dc52c0aec9a7,2.0,,,,,,,,,head,Bleeding Scalp,"(-17.9, 0.4, -1.1)",israeliWrap,1,0,medium,False,False,,,,,,,Civilian PT 7,
TOOL_APPLIED,307492,6/27/2026 11:58:46 AM,068492a8-9bbc-456b-87fb-dc52c0aec9a7,2.0,,,,,,,,,,,,,,,,,,,,,,,,Civilian PT 7,,,,,,,,,,,,,,,,,,,,AppliedGauzeWrap,skinCollider_BodyGar_LOD (UnityEngine.GameObject),,Gauze Wrap(Clone) (UnityEngine.GameObject),Gauze Wrap,
PLAYER_POSITIONS,307796,6/27/2026 11:58:47 AM,068492a8-9bbc-456b-87fb-dc52c0aec9a7,2.0,,,,,,,,,,,,,,,,,,,,,,,,,,,,,,,,,,,"(-16.9, 0.2, -0.8)","(-17.4, 0.9, -0.9)","(-17.8, 0.4, -1.0)",
PLAYER_POSITIONS,307796,6/27/2026 11:58:47 AM,068492a8-9bbc-456b-87fb-dc52c0aec9a7,2.0,,,,,,,,,,,,,,,,,,,,,,,,,,,,,,,,,,,"(-16.9, 0.2, -0.8)","(-17.4, 0.9, -0.9)","(-17.8, 0.4, -1.0)",
VOICE_CAPTURE,307864,6/27/2026 11:58:47 AM,068492a8-9bbc-456b-87fb-dc52c0aec9a7,2.0,,,,,,,,,,,,,,,,,,,,,,,,,,,,,,,,,,,,,,,,,,,,,,,,,,,NA,Come. Thank you.,
VOICE_CAPTURE,307864,6/27/2026 11:58:47 AM,068492a8-9bbc-456b-87fb-dc52c0aec9a7,2.0,,,,,,,,,,,,,,,,,,,,,,,,,,,,,,,,,,,,,,,,,,,,,,,,,,,NA,Come. Thank you.,
PLAYER_POSITIONS,308309,6/27/2026 11:58:47 AM,068492a8-9bbc-456b-87fb-dc52c0aec9a7,2.0,,,,,,,,,,,,,,,,,,,,,,,,,,,,,,,,,,,"(-17.0, 0.2, -0.9)","(-17.2, 1.0, -0.9)","(-17.5, 0.6, -0.5)",
PLAYER_POSITIONS,308309,6/27/2026 11:58:47 AM,068492a8-9bbc-456b-87fb-dc52c0aec9a7,2.0,,,,,,,,,,,,,,,,,,,,,,,,,,,,,,,,,,,"(-17.0, 0.2, -0.9)","(-17.2, 1.0, -0.9)","(-17.5, 0.6, -0.5)",
AUDIO_START,308349,6/27/2026 11:58:47 AM,068492a8-9bbc-456b-87fb-dc52c0aec9a7,2.0,delta squad moving,4.179592,
TOOL_HOVER,308825,6/27/2026 11:58:48 AM,068492a8-9bbc-456b-87fb-dc52c0aec9a7,2.0,,,,,,,,,,,,,,,,,,,,,,,,,,,,,,,,,,,,,,,,,,,,,,996,,Tourniquet,
PLAYER_POSITIONS,308827,6/27/2026 11:58:48 AM,068492a8-9bbc-456b-87fb-dc52c0aec9a7,2.0,,,,,,,,,,,,,,,,,,,,,,,,,,,,,,,,,,,"(-17.0, 0.2, -1.0)","(-17.1, 1.1, -0.8)","(-17.5, 0.8, -0.5)",
PLAYER_POSITIONS,308827,6/27/2026 11:58:48 AM,068492a8-9bbc-456b-87fb-dc52c0aec9a7,2.0,,,,,,,,,,,,,,,,,,,,,,,,,,,,,,,,,,,"(-17.0, 0.2, -1.0)","(-17.1, 1.1, -0.8)","(-17.5, 0.8, -0.5)",
TOOL_HOVER,309115,6/27/2026 11:58:48 AM,068492a8-9bbc-456b-87fb-dc52c0aec9a7,2.0,,,,,,,,,,,,,,,,,,,,,,,,,,,,,,,,,,,,,,,,,,,,,,997,,Hemostatic Gauze,
TOOL_HOVER,309225,6/27/2026 11:58:48 AM,068492a8-9bbc-456b-87fb-dc52c0aec9a7,2.0,,,,,,,,,,,,,,,,,,,,,,,,,,,,,,,,,,,,,,,,,,,,,,997,,Chest Seal,
TOOL_SELECTED,309297,6/27/2026 11:58:48 AM,068492a8-9bbc-456b-87fb-dc52c0aec9a7,2.0,,,,,,,,,,,,,,,,,,,,,,,,,,,,,,,,,,,,,,,,,,,,,,996,,Chest Seal,
PLAYER_POSITIONS,309350,6/27/2026 11:58:48 AM,068492a8-9bbc-456b-87fb-dc52c0aec9a7,2.0,,,,,,,,,,,,,,,,,,,,,,,,,,,,,,,,,,,"(-16.9, 0.2, -0.9)","(-17.1, 1.1, -0.7)","(-17.7, 0.9, -0.4)",
PLAYER_POSITIONS,309350,6/27/2026 11:58:48 AM,068492a8-9bbc-456b-87fb-dc52c0aec9a7,2.0,,,,,,,,,,,,,,,,,,,,,,,,,,,,,,,,,,,"(-16.9, 0.2, -0.9)","(-17.1, 1.1, -0.7)","(-17.7, 0.9, -0.4)",
PLAYER_POSITIONS,309850,6/27/2026 11:58:49 AM,068492a8-9bbc-456b-87fb-dc52c0aec9a7,2.0,,,,,,,,,,,,,,,,,,,,,,,,,,,,,,,,,,,"(-17.0, 0.2, -0.9)","(-17.1, 1.1, -0.7)","(-17.6, 0.8, -0.4)",
PLAYER_GAZE,309850,6/27/2026 11:58:49 AM,068492a8-9bbc-456b-87fb-dc52c0aec9a7,2.0,,,,,,,,,,,,,,,,,,,,,,,,Civilian PT 7,,,,,,,,,"(0.4, 1.1, -0.6)",,,"(-17.6, 0.0, -0.1)",
PLAYER_POSITIONS,309850,6/27/2026 11:58:49 AM,068492a8-9bbc-456b-87fb-dc52c0aec9a7,2.0,,,,,,,,,,,,,,,,,,,,,,,,,,,,,,,,,,,"(-17.0, 0.2, -0.9)","(-17.1, 1.1, -0.7)","(-17.6, 0.8, -0.4)",
PLAYER_GAZE,309850,6/27/2026 11:58:49 AM,068492a8-9bbc-456b-87fb-dc52c0aec9a7,2.0,,,,,,,,,,,,,,,,,,,,,,,,Civilian PT 7,,,,,,,,,"(0.4, 1.1, -0.6)",,,"(-17.6, 0.0, -0.1)",
TOOL_DISCARDED,309914,6/27/2026 11:58:49 AM,068492a8-9bbc-456b-87fb-dc52c0aec9a7,2.0,,,,,,,,,,,,,,,,,,,,,,,,Civilian PT 7,,,,,,,,,,,,"(0.0, 0.0, 0.0)",,,,,,,,,,996,,Chest Seal,
TOOL_HOVER,309920,6/27/2026 11:58:49 AM,068492a8-9bbc-456b-87fb-dc52c0aec9a7,2.0,,,,,,,,,,,,,,,,,,,,,,,,,,,,,,,,,,,,,,,,,,,,,,999,,Israeli Wrap,
TOOL_HOVER,310024,6/27/2026 11:58:49 AM,068492a8-9bbc-456b-87fb-dc52c0aec9a7,2.0,,,,,,,,,,,,,,,,,,,,,,,,,,,,,,,,,,,,,,,,,,,,,,996,,Burn Dressing,
TOOL_HOVER,310115,6/27/2026 11:58:49 AM,068492a8-9bbc-456b-87fb-dc52c0aec9a7,2.0,,,,,,,,,,,,,,,,,,,,,,,,,,,,,,,,,,,,,,,,,,,,,,999,,Blanket,
TOOL_HOVER,310224,6/27/2026 11:58:49 AM,068492a8-9bbc-456b-87fb-dc52c0aec9a7,2.0,,,,,,,,,,,,,,,,,,,,,,,,,,,,,,,,,,,,,,,,,,,,,,999,,Antibiotics,
PLAYER_POSITIONS,310382,6/27/2026 11:58:49 AM,068492a8-9bbc-456b-87fb-dc52c0aec9a7,2.0,,,,,,,,,,,,,,,,,,,,,,,,,,,,,,,,,,,"(-17.0, 0.2, -0.9)","(-17.1, 1.1, -0.7)","(-17.5, 1.0, -0.2)",
PLAYER_GAZE,310382,6/27/2026 11:58:49 AM,068492a8-9bbc-456b-87fb-dc52c0aec9a7,2.0,,,,,,,,,,,,,,,,,,,,,,,,Civilian PT 7,,,,,,,,,"(0.4, 1.1, -0.6)",,,"(-17.6, 0.0, -0.1)",
PLAYER_POSITIONS,310382,6/27/2026 11:58:49 AM,068492a8-9bbc-456b-87fb-dc52c0aec9a7,2.0,,,,,,,,,,,,,,,,,,,,,,,,,,,,,,,,,,,"(-17.0, 0.2, -0.9)","(-17.1, 1.1, -0.7)","(-17.5, 1.0, -0.2)",
PLAYER_GAZE,310382,6/27/2026 11:58:49 AM,068492a8-9bbc-456b-87fb-dc52c0aec9a7,2.0,,,,,,,,,,,,,,,,,,,,,,,,Civilian PT 7,,,,,,,,,"(0.4, 1.1, -0.6)",,,"(-17.6, 0.0, -0.1)",
TOOL_HOVER,310616,6/27/2026 11:58:49 AM,068492a8-9bbc-456b-87fb-dc52c0aec9a7,2.0,,,,,,,,,,,,,,,,,,,,,,,,,,,,,,,,,,,,,,,,,,,,,,998,,Fox Shield,
TOOL_SELECTED,310685,6/27/2026 11:58:50 AM,068492a8-9bbc-456b-87fb-dc52c0aec9a7,2.0,,,,,,,,,,,,,,,,,,,,,,,,,,,,,,,,,,,,,,,,,,,,,,997,,Fox Shield,
PLAYER_POSITIONS,310887,6/27/2026 11:58:50 AM,068492a8-9bbc-456b-87fb-dc52c0aec9a7,2.0,,,,,,,,,,,,,,,,,,,,,,,,,,,,,,,,,,,"(-17.0, 0.2, -0.9)","(-17.1, 1.1, -0.7)","(-17.5, 0.9, -0.3)",
PLAYER_GAZE,310887,6/27/2026 11:58:50 AM,068492a8-9bbc-456b-87fb-dc52c0aec9a7,2.0,,,,,,,,,,,,,,,,,,,,,,,,Civilian PT 7,,,,,,,,,"(0.5, 1.1, -0.6)",,,"(-17.6, 0.0, -0.1)",
PLAYER_POSITIONS,310887,6/27/2026 11:58:50 AM,068492a8-9bbc-456b-87fb-dc52c0aec9a7,2.0,,,,,,,,,,,,,,,,,,,,,,,,,,,,,,,,,,,"(-17.0, 0.2, -0.9)","(-17.1, 1.1, -0.7)","(-17.5, 0.9, -0.3)",
PLAYER_GAZE,310887,6/27/2026 11:58:50 AM,068492a8-9bbc-456b-87fb-dc52c0aec9a7,2.0,,,,,,,,,,,,,,,,,,,,,,,,Civilian PT 7,,,,,,,,,"(0.5, 1.1, -0.6)",,,"(-17.6, 0.0, -0.1)",
PLAYER_POSITIONS,311409,6/27/2026 11:58:50 AM,068492a8-9bbc-456b-87fb-dc52c0aec9a7,2.0,,,,,,,,,,,,,,,,,,,,,,,,,,,,,,,,,,,"(-16.9, 0.3, -0.9)","(-17.3, 1.0, -0.8)","(-17.7, 0.4, -0.9)",
PLAYER_POSITIONS,311409,6/27/2026 11:58:50 AM,068492a8-9bbc-456b-87fb-dc52c0aec9a7,2.0,,,,,,,,,,,,,,,,,,,,,,,,,,,,,,,,,,,"(-16.9, 0.3, -0.9)","(-17.3, 1.0, -0.8)","(-17.7, 0.4, -0.9)",
PLAYER_POSITIONS,311910,6/27/2026 11:58:51 AM,068492a8-9bbc-456b-87fb-dc52c0aec9a7,2.0,,,,,,,,,,,,,,,,,,,,,,,,,,,,,,,,,,,"(-16.8, 0.3, -0.8)","(-17.5, 0.9, -0.9)","(-17.9, 0.4, -1.0)",
PLAYER_POSITIONS,311910,6/27/2026 11:58:51 AM,068492a8-9bbc-456b-87fb-dc52c0aec9a7,2.0,,,,,,,,,,,,,,,,,,,,,,,,,,,,,,,,,,,"(-16.8, 0.3, -0.8)","(-17.5, 0.9, -0.9)","(-17.9, 0.4, -1.0)",
INJURY_TREATED,312023,6/27/2026 11:58:51 AM,068492a8-9bbc-456b-87fb-dc52c0aec9a7,2.0,,,,,,,,,head,L Eye Shrapnel,"(-17.9, 0.3, -1.1)",foxShield,1,1,high,True,True,,,,,,,Civilian PT 7,
TOOL_APPLIED,312023,6/27/2026 11:58:51 AM,068492a8-9bbc-456b-87fb-dc52c0aec9a7,2.0,,,,,,,,,,,,,,,,,,,,,,,,Civilian PT 7,,,,,,,,,,,,,,,,,,,,AppliedFoxShield,RightEye (UnityEngine.GameObject),,null,Fox Shield,
PLAYER_POSITIONS,312412,6/27/2026 11:58:51 AM,068492a8-9bbc-456b-87fb-dc52c0aec9a7,2.0,,,,,,,,,,,,,,,,,,,,,,,,,,,,,,,,,,,"(-16.9, 0.3, -0.9)","(-17.4, 1.0, -0.9)","(-17.8, 0.3, -0.8)",
PLAYER_POSITIONS,312412,6/27/2026 11:58:51 AM,068492a8-9bbc-456b-87fb-dc52c0aec9a7,2.0,,,,,,,,,,,,,,,,,,,,,,,,,,,,,,,,,,,"(-16.9, 0.3, -0.9)","(-17.4, 1.0, -0.9)","(-17.8, 0.3, -0.8)",
AUDIO_END,312543,6/27/2026 11:58:51 AM,068492a8-9bbc-456b-87fb-dc52c0aec9a7,2.0,delta squad moving,4.179592,
NARRATIVE_SECTION_END,312543,6/27/2026 11:58:51 AM,068492a8-9bbc-456b-87fb-dc52c0aec9a7,2.0,,,,,,,,,,,,,,,,,,Delta Squad Moving,33,
NARRATIVE_SECTION_START,312561,6/27/2026 11:58:51 AM,068492a8-9bbc-456b-87fb-dc52c0aec9a7,2.0,,,,,,,,,,,,,,,,,,Charges set delta stack up,34,
PLAYER_POSITIONS,312931,6/27/2026 11:58:52 AM,068492a8-9bbc-456b-87fb-dc52c0aec9a7,2.0,,,,,,,,,,,,,,,,,,,,,,,,,,,,,,,,,,,"(-17.0, 0.2, -0.9)","(-17.1, 1.0, -0.7)","(-17.2, 0.4, -0.3)",
PLAYER_POSITIONS,312931,6/27/2026 11:58:52 AM,068492a8-9bbc-456b-87fb-dc52c0aec9a7,2.0,,,,,,,,,,,,,,,,,,,,,,,,,,,,,,,,,,,"(-17.0, 0.2, -0.9)","(-17.1, 1.0, -0.7)","(-17.2, 0.4, -0.3)",
PLAYER_POSITIONS,313452,6/27/2026 11:58:52 AM,068492a8-9bbc-456b-87fb-dc52c0aec9a7,2.0,,,,,,,,,,,,,,,,,,,,,,,,,,,,,,,,,,,"(-17.2, 0.3, -0.9)","(-17.0, 1.0, -0.6)","(-16.9, 0.3, -0.2)",
PLAYER_POSITIONS,313452,6/27/2026 11:58:52 AM,068492a8-9bbc-456b-87fb-dc52c0aec9a7,2.0,,,,,,,,,,,,,,,,,,,,,,,,,,,,,,,,,,,"(-17.2, 0.3, -0.9)","(-17.0, 1.0, -0.6)","(-16.9, 0.3, -0.2)",
PLAYER_POSITIONS,313963,6/27/2026 11:58:53 AM,068492a8-9bbc-456b-87fb-dc52c0aec9a7,2.0,,,,,,,,,,,,,,,,,,,,,,,,,,,,,,,,,,,"(-17.2, 0.3, -0.9)","(-17.0, 1.0, -0.6)","(-17.2, 0.6, -0.3)",
PLAYER_GAZE,313963,6/27/2026 11:58:53 AM,068492a8-9bbc-456b-87fb-dc52c0aec9a7,2.0,,,,,,,,,,,,,,,,,,,,,,,,Civilian PT 7,,,,,,,,,"(0.5, 1.0, -0.5)",,,"(-17.6, 0.0, -0.1)",
PLAYER_POSITIONS,313963,6/27/2026 11:58:53 AM,068492a8-9bbc-456b-87fb-dc52c0aec9a7,2.0,,,,,,,,,,,,,,,,,,,,,,,,,,,,,,,,,,,"(-17.2, 0.3, -0.9)","(-17.0, 1.0, -0.6)","(-17.2, 0.6, -0.3)",
PLAYER_GAZE,313963,6/27/2026 11:58:53 AM,068492a8-9bbc-456b-87fb-dc52c0aec9a7,2.0,,,,,,,,,,,,,,,,,,,,,,,,Civilian PT 7,,,,,,,,,"(0.5, 1.0, -0.5)",,,"(-17.6, 0.0, -0.1)",
TAG_SELECTED,314184,6/27/2026 11:58:53 AM,068492a8-9bbc-456b-87fb-dc52c0aec9a7,2.0,,,,,,,,,,,,,,,,,,,,,,,,,,,,,,,,,,,,,,,,,,green,
PLAYER_POSITIONS,314476,6/27/2026 11:58:53 AM,068492a8-9bbc-456b-87fb-dc52c0aec9a7,2.0,,,,,,,,,,,,,,,,,,,,,,,,,,,,,,,,,,,"(-17.1, 0.2, -0.9)","(-17.1, 1.0, -0.6)","(-17.2, 0.6, -0.1)",
PLAYER_GAZE,314476,6/27/2026 11:58:53 AM,068492a8-9bbc-456b-87fb-dc52c0aec9a7,2.0,,,,,,,,,,,,,,,,,,,,,,,,Civilian PT 7,,,,,,,,,"(0.5, 1.0, -0.5)",,,"(-17.6, 0.0, -0.1)",
PLAYER_POSITIONS,314476,6/27/2026 11:58:53 AM,068492a8-9bbc-456b-87fb-dc52c0aec9a7,2.0,,,,,,,,,,,,,,,,,,,,,,,,,,,,,,,,,,,"(-17.1, 0.2, -0.9)","(-17.1, 1.0, -0.6)","(-17.2, 0.6, -0.1)",
PLAYER_GAZE,314476,6/27/2026 11:58:53 AM,068492a8-9bbc-456b-87fb-dc52c0aec9a7,2.0,,,,,,,,,,,,,,,,,,,,,,,,Civilian PT 7,,,,,,,,,"(0.5, 1.0, -0.5)",,,"(-17.6, 0.0, -0.1)",
BAG_CLOSED,314538,6/27/2026 11:58:53 AM,068492a8-9bbc-456b-87fb-dc52c0aec9a7,2.0,,,,,,,,,,,,,,,,,,,,,,,,,,,,,,,,,,,,"(0.0, 0.0, 0.0)",
TAG_DISCARDED,314653,6/27/2026 11:58:54 AM,068492a8-9bbc-456b-87fb-dc52c0aec9a7,2.0,,,,,,,,,,,,,,,,,,,,,,,,,,,,,,,,,,,,"(-17.1, 0.5, -0.1)",,,,,,green,
PLAYER_POSITIONS,314986,6/27/2026 11:58:54 AM,068492a8-9bbc-456b-87fb-dc52c0aec9a7,2.0,,,,,,,,,,,,,,,,,,,,,,,,,,,,,,,,,,,"(-17.1, 0.3, -0.6)","(-17.0, 1.0, -0.4)","(-17.1, 0.5, 0.1)",
PLAYER_GAZE,314986,6/27/2026 11:58:54 AM,068492a8-9bbc-456b-87fb-dc52c0aec9a7,2.0,,,,,,,,,,,,,,,,,,,,,,,,Civilian PT 7,,,,,,,,,"(0.5, 1.0, -0.2)",,,"(-17.6, 0.0, -0.1)",
PLAYER_POSITIONS,314986,6/27/2026 11:58:54 AM,068492a8-9bbc-456b-87fb-dc52c0aec9a7,2.0,,,,,,,,,,,,,,,,,,,,,,,,,,,,,,,,,,,"(-17.1, 0.3, -0.6)","(-17.0, 1.0, -0.4)","(-17.1, 0.5, 0.1)",
PLAYER_GAZE,314986,6/27/2026 11:58:54 AM,068492a8-9bbc-456b-87fb-dc52c0aec9a7,2.0,,,,,,,,,,,,,,,,,,,,,,,,Civilian PT 7,,,,,,,,,"(0.5, 1.0, -0.2)",,,"(-17.6, 0.0, -0.1)",
PLAYER_POSITIONS,315494,6/27/2026 11:58:54 AM,068492a8-9bbc-456b-87fb-dc52c0aec9a7,2.0,,,,,,,,,,,,,,,,,,,,,,,,,,,,,,,,,,,"(-17.0, 0.2, -0.4)","(-17.0, 1.0, -0.3)","(-17.1, 0.5, 0.1)",
PLAYER_GAZE,315494,6/27/2026 11:58:54 AM,068492a8-9bbc-456b-87fb-dc52c0aec9a7,2.0,,,,,,,,,,,,,,,,,,,,,,,,Civilian PT 7,,,,,,,,,"(0.6, 1.0, -0.1)",,,"(-17.6, 0.0, -0.1)",
PLAYER_POSITIONS,315494,6/27/2026 11:58:54 AM,068492a8-9bbc-456b-87fb-dc52c0aec9a7,2.0,,,,,,,,,,,,,,,,,,,,,,,,,,,,,,,,,,,"(-17.0, 0.2, -0.4)","(-17.0, 1.0, -0.3)","(-17.1, 0.5, 0.1)",
PLAYER_GAZE,315494,6/27/2026 11:58:54 AM,068492a8-9bbc-456b-87fb-dc52c0aec9a7,2.0,,,,,,,,,,,,,,,,,,,,,,,,Civilian PT 7,,,,,,,,,"(0.6, 1.0, -0.1)",,,"(-17.6, 0.0, -0.1)",
AUDIO_START,315567,6/27/2026 11:58:54 AM,068492a8-9bbc-456b-87fb-dc52c0aec9a7,2.0,charges set delta stack up,3.709388,
PLAYER_POSITIONS,315998,6/27/2026 11:58:55 AM,068492a8-9bbc-456b-87fb-dc52c0aec9a7,2.0,,,,,,,,,,,,,,,,,,,,,,,,,,,,,,,,,,,"(-16.9, 0.2, -0.4)","(-17.0, 1.0, -0.3)","(-17.0, 0.6, 0.2)",
PLAYER_GAZE,315998,6/27/2026 11:58:55 AM,068492a8-9bbc-456b-87fb-dc52c0aec9a7,2.0,,,,,,,,,,,,,,,,,,,,,,,,Civilian PT 7,,,,,,,,,"(0.6, 1.0, -0.1)",,,"(-17.6, 0.0, -0.1)",
PLAYER_POSITIONS,315998,6/27/2026 11:58:55 AM,068492a8-9bbc-456b-87fb-dc52c0aec9a7,2.0,,,,,,,,,,,,,,,,,,,,,,,,,,,,,,,,,,,"(-16.9, 0.2, -0.4)","(-17.0, 1.0, -0.3)","(-17.0, 0.6, 0.2)",
PLAYER_GAZE,315998,6/27/2026 11:58:55 AM,068492a8-9bbc-456b-87fb-dc52c0aec9a7,2.0,,,,,,,,,,,,,,,,,,,,,,,,Civilian PT 7,,,,,,,,,"(0.6, 1.0, -0.1)",,,"(-17.6, 0.0, -0.1)",
PLAYER_POSITIONS,316499,6/27/2026 11:58:55 AM,068492a8-9bbc-456b-87fb-dc52c0aec9a7,2.0,,,,,,,,,,,,,,,,,,,,,,,,,,,,,,,,,,,"(-17.0, 0.2, -0.4)","(-17.0, 1.0, -0.3)","(-17.0, 0.5, 0.2)",
PLAYER_GAZE,316499,6/27/2026 11:58:55 AM,068492a8-9bbc-456b-87fb-dc52c0aec9a7,2.0,,,,,,,,,,,,,,,,,,,,,,,,Civilian PT 7,,,,,,,,,"(0.6, 1.0, -0.1)",,,"(-17.6, 0.0, -0.1)",
PLAYER_POSITIONS,316499,6/27/2026 11:58:55 AM,068492a8-9bbc-456b-87fb-dc52c0aec9a7,2.0,,,,,,,,,,,,,,,,,,,,,,,,,,,,,,,,,,,"(-17.0, 0.2, -0.4)","(-17.0, 1.0, -0.3)","(-17.0, 0.5, 0.2)",
PLAYER_GAZE,316499,6/27/2026 11:58:55 AM,068492a8-9bbc-456b-87fb-dc52c0aec9a7,2.0,,,,,,,,,,,,,,,,,,,,,,,,Civilian PT 7,,,,,,,,,"(0.6, 1.0, -0.1)",,,"(-17.6, 0.0, -0.1)",
PLAYER_POSITIONS,317022,6/27/2026 11:58:56 AM,068492a8-9bbc-456b-87fb-dc52c0aec9a7,2.0,,,,,,,,,,,,,,,,,,,,,,,,,,,,,,,,,,,"(-16.9, 0.2, -0.4)","(-17.0, 1.0, -0.2)","(-17.0, 0.5, 0.2)",
PLAYER_POSITIONS,317022,6/27/2026 11:58:56 AM,068492a8-9bbc-456b-87fb-dc52c0aec9a7,2.0,,,,,,,,,,,,,,,,,,,,,,,,,,,,,,,,,,,"(-16.9, 0.2, -0.4)","(-17.0, 1.0, -0.2)","(-17.0, 0.5, 0.2)",
TOOL_HOVER,317408,6/27/2026 11:58:56 AM,068492a8-9bbc-456b-87fb-dc52c0aec9a7,2.0,,,,,,,,,,,,,,,,,,,,,,,,,,,,,,,,,,,,,,,,,,,,,,996,,Tourniquet,
TOOL_HOVER,317520,6/27/2026 11:58:56 AM,068492a8-9bbc-456b-87fb-dc52c0aec9a7,2.0,,,,,,,,,,,,,,,,,,,,,,,,,,,,,,,,,,,,,,,,,,,,,,997,,Hemostatic Gauze,
PLAYER_POSITIONS,317522,6/27/2026 11:58:56 AM,068492a8-9bbc-456b-87fb-dc52c0aec9a7,2.0,,,,,,,,,,,,,,,,,,,,,,,,,,,,,,,,,,,"(-16.9, 0.2, -0.5)","(-17.0, 1.0, -0.2)","(-17.3, 0.7, 0.2)",
PLAYER_POSITIONS,317522,6/27/2026 11:58:56 AM,068492a8-9bbc-456b-87fb-dc52c0aec9a7,2.0,,,,,,,,,,,,,,,,,,,,,,,,,,,,,,,,,,,"(-16.9, 0.2, -0.5)","(-17.0, 1.0, -0.2)","(-17.3, 0.7, 0.2)",
TOOL_HOVER,317819,6/27/2026 11:58:57 AM,068492a8-9bbc-456b-87fb-dc52c0aec9a7,2.0,,,,,,,,,,,,,,,,,,,,,,,,,,,,,,,,,,,,,,,,,,,,,,998,,Gauze Wrap,
PLAYER_POSITIONS,318046,6/27/2026 11:58:57 AM,068492a8-9bbc-456b-87fb-dc52c0aec9a7,2.0,,,,,,,,,,,,,,,,,,,,,,,,,,,,,,,,,,,"(-16.9, 0.2, -0.4)","(-17.0, 1.0, -0.2)","(-17.3, 0.6, 0.3)",
PLAYER_POSITIONS,318046,6/27/2026 11:58:57 AM,068492a8-9bbc-456b-87fb-dc52c0aec9a7,2.0,,,,,,,,,,,,,,,,,,,,,,,,,,,,,,,,,,,"(-16.9, 0.2, -0.4)","(-17.0, 1.0, -0.2)","(-17.3, 0.6, 0.3)",
TOOL_HOVER,318110,6/27/2026 11:58:57 AM,068492a8-9bbc-456b-87fb-dc52c0aec9a7,2.0,,,,,,,,,,,,,,,,,,,,,,,,,,,,,,,,,,,,,,,,,,,,,,997,,Hemostatic Gauze,
TOOL_HOVER,318409,6/27/2026 11:58:57 AM,068492a8-9bbc-456b-87fb-dc52c0aec9a7,2.0,,,,,,,,,,,,,,,,,,,,,,,,,,,,,,,,,,,,,,,,,,,,,,998,,Gauze Wrap,
PLAYER_POSITIONS,318564,6/27/2026 11:58:57 AM,068492a8-9bbc-456b-87fb-dc52c0aec9a7,2.0,,,,,,,,,,,,,,,,,,,,,,,,,,,,,,,,,,,"(-16.9, 0.2, -0.5)","(-17.0, 1.0, -0.2)","(-17.3, 0.5, 0.3)",
PLAYER_POSITIONS,318564,6/27/2026 11:58:57 AM,068492a8-9bbc-456b-87fb-dc52c0aec9a7,2.0,,,,,,,,,,,,,,,,,,,,,,,,,,,,,,,,,,,"(-16.9, 0.2, -0.5)","(-17.0, 1.0, -0.2)","(-17.3, 0.5, 0.3)",
TOOL_HOVER,318716,6/27/2026 11:58:58 AM,068492a8-9bbc-456b-87fb-dc52c0aec9a7,2.0,,,,,,,,,,,,,,,,,,,,,,,,,,,,,,,,,,,,,,,,,,,,,,999,,Israeli Wrap,
TOOL_HOVER,318828,6/27/2026 11:58:58 AM,068492a8-9bbc-456b-87fb-dc52c0aec9a7,2.0,,,,,,,,,,,,,,,,,,,,,,,,,,,,,,,,,,,,,,,,,,,,,,998,,Gauze Wrap,
TOOL_HOVER,319028,6/27/2026 11:58:58 AM,068492a8-9bbc-456b-87fb-dc52c0aec9a7,2.0,,,,,,,,,,,,,,,,,,,,,,,,,,,,,,,,,,,,,,,,,,,,,,999,,Israeli Wrap,
PLAYER_POSITIONS,319076,6/27/2026 11:58:58 AM,068492a8-9bbc-456b-87fb-dc52c0aec9a7,2.0,,,,,,,,,,,,,,,,,,,,,,,,,,,,,,,,,,,"(-16.9, 0.2, -0.4)","(-17.0, 1.0, -0.2)","(-17.2, 0.6, 0.4)",
PLAYER_POSITIONS,319076,6/27/2026 11:58:58 AM,068492a8-9bbc-456b-87fb-dc52c0aec9a7,2.0,,,,,,,,,,,,,,,,,,,,,,,,,,,,,,,,,,,"(-16.9, 0.2, -0.4)","(-17.0, 1.0, -0.2)","(-17.2, 0.6, 0.4)",
TOOL_HOVER,319117,6/27/2026 11:58:58 AM,068492a8-9bbc-456b-87fb-dc52c0aec9a7,2.0,,,,,,,,,,,,,,,,,,,,,,,,,,,,,,,,,,,,,,,,,,,,,,999,,Blanket,
AUDIO_END,319280,6/27/2026 11:58:58 AM,068492a8-9bbc-456b-87fb-dc52c0aec9a7,2.0,charges set delta stack up,3.709388,
NARRATIVE_SECTION_END,319280,6/27/2026 11:58:58 AM,068492a8-9bbc-456b-87fb-dc52c0aec9a7,2.0,,,,,,,,,,,,,,,,,,Charges set delta stack up,34,
NARRATIVE_SECTION_START,319327,6/27/2026 11:58:58 AM,068492a8-9bbc-456b-87fb-dc52c0aec9a7,2.0,,,,,,,,,,,,,,,,,,Breach and clear,35,
TOOL_HOVER,319329,6/27/2026 11:58:58 AM,068492a8-9bbc-456b-87fb-dc52c0aec9a7,2.0,,,,,,,,,,,,,,,,,,,,,,,,,,,,,,,,,,,,,,,,,,,,,,996,,Burn Dressing,
TOOL_HOVER,319428,6/27/2026 11:58:58 AM,068492a8-9bbc-456b-87fb-dc52c0aec9a7,2.0,,,,,,,,,,,,,,,,,,,,,,,,,,,,,,,,,,,,,,,,,,,,,,997,,Chest Seal,
PLAYER_POSITIONS,319587,6/27/2026 11:58:58 AM,068492a8-9bbc-456b-87fb-dc52c0aec9a7,2.0,,,,,,,,,,,,,,,,,,,,,,,,,,,,,,,,,,,"(-17.0, 0.2, -0.4)","(-17.0, 1.0, -0.2)","(-17.3, 0.7, 0.3)",
PLAYER_POSITIONS,319587,6/27/2026 11:58:58 AM,068492a8-9bbc-456b-87fb-dc52c0aec9a7,2.0,,,,,,,,,,,,,,,,,,,,,,,,,,,,,,,,,,,"(-17.0, 0.2, -0.4)","(-17.0, 1.0, -0.2)","(-17.3, 0.7, 0.3)",
TOOL_HOVER,319717,6/27/2026 11:58:59 AM,068492a8-9bbc-456b-87fb-dc52c0aec9a7,2.0,,,,,,,,,,,,,,,,,,,,,,,,,,,,,,,,,,,,,,,,,,,,,,999,,Israeli Wrap,
TOOL_HOVER,319828,6/27/2026 11:58:59 AM,068492a8-9bbc-456b-87fb-dc52c0aec9a7,2.0,,,,,,,,,,,,,,,,,,,,,,,,,,,,,,,,,,,,,,,,,,,,,,997,,Chest Seal,
TOOL_HOVER,319928,6/27/2026 11:58:59 AM,068492a8-9bbc-456b-87fb-dc52c0aec9a7,2.0,,,,,,,,,,,,,,,,,,,,,,,,,,,,,,,,,,,,,,,,,,,,,,996,,Burn Dressing,
TOOL_SELECTED,320019,6/27/2026 11:58:59 AM,068492a8-9bbc-456b-87fb-dc52c0aec9a7,2.0,,,,,,,,,,,,,,,,,,,,,,,,,,,,,,,,,,,,,,,,,,,,,,995,,Burn Dressing,
PLAYER_POSITIONS,320087,6/27/2026 11:58:59 AM,068492a8-9bbc-456b-87fb-dc52c0aec9a7,2.0,,,,,,,,,,,,,,,,,,,,,,,,,,,,,,,,,,,"(-16.9, 0.2, -0.5)","(-17.0, 1.0, -0.1)","(-17.2, 0.7, 0.5)",
PLAYER_POSITIONS,320087,6/27/2026 11:58:59 AM,068492a8-9bbc-456b-87fb-dc52c0aec9a7,2.0,,,,,,,,,,,,,,,,,,,,,,,,,,,,,,,,,,,"(-16.9, 0.2, -0.5)","(-17.0, 1.0, -0.1)","(-17.2, 0.7, 0.5)",
PLAYER_POSITIONS,320598,6/27/2026 11:58:59 AM,068492a8-9bbc-456b-87fb-dc52c0aec9a7,2.0,,,,,,,,,,,,,,,,,,,,,,,,,,,,,,,,,,,"(-16.9, 0.3, -0.5)","(-17.1, 0.9, -0.3)","(-17.4, 0.5, -0.2)",
PLAYER_GAZE,320598,6/27/2026 11:58:59 AM,068492a8-9bbc-456b-87fb-dc52c0aec9a7,2.0,,,,,,,,,,,,,,,,,,,,,,,,Civilian PT 7,,,,,,,,,"(0.5, 0.9, -0.1)",,,"(-17.6, 0.0, -0.1)",
PLAYER_POSITIONS,320598,6/27/2026 11:58:59 AM,068492a8-9bbc-456b-87fb-dc52c0aec9a7,2.0,,,,,,,,,,,,,,,,,,,,,,,,,,,,,,,,,,,"(-16.9, 0.3, -0.5)","(-17.1, 0.9, -0.3)","(-17.4, 0.5, -0.2)",
PLAYER_GAZE,320598,6/27/2026 11:58:59 AM,068492a8-9bbc-456b-87fb-dc52c0aec9a7,2.0,,,,,,,,,,,,,,,,,,,,,,,,Civilian PT 7,,,,,,,,,"(0.5, 0.9, -0.1)",,,"(-17.6, 0.0, -0.1)",
BUTTON_CLICKED,320906,6/27/2026 11:59:00 AM,068492a8-9bbc-456b-87fb-dc52c0aec9a7,2.0,,,are you hurt,
VOICE_CAPTURE,320906,6/27/2026 11:59:00 AM,068492a8-9bbc-456b-87fb-dc52c0aec9a7,2.0,,,,,,,,,,,,,,,,,,,,,,,,,,,,,,,,,,,,,,,,,,,,,,,,,,,NA,are you hurt,
VOICE_COMMAND,320906,6/27/2026 11:59:00 AM,068492a8-9bbc-456b-87fb-dc52c0aec9a7,2.0,,,,,,,,,,,,,,,,,,,,,,,,,,,,,,,,,,,,,,,,,,,,,,,,,,,are you hurt,are you hurt,
INJURY_TREATED,320913,6/27/2026 11:59:00 AM,068492a8-9bbc-456b-87fb-dc52c0aec9a7,2.0,,,,,,,,,leftCalf,L Lower Leg Burn,"(-17.5, 0.1, -0.2)",burnDressing,1,1,high,True,True,,,,,,,Civilian PT 7,
TOOL_APPLIED,320913,6/27/2026 11:59:00 AM,068492a8-9bbc-456b-87fb-dc52c0aec9a7,2.0,,,,,,,,,,,,,,,,,,,,,,,,Civilian PT 7,,,,,,,,,,,,,,,,,,,,AppliedBurnDressing,skinCollider_BodyGar_LOD (UnityEngine.GameObject),,Burn Dressing(Clone) (UnityEngine.GameObject),Burn Dressing,
PLAYER_POSITIONS,321110,6/27/2026 11:59:00 AM,068492a8-9bbc-456b-87fb-dc52c0aec9a7,2.0,,,,,,,,,,,,,,,,,,,,,,,,,,,,,,,,,,,"(-16.8, 0.2, -0.5)","(-17.1, 0.9, -0.3)","(-17.5, 0.3, -0.1)",
PLAYER_GAZE,321110,6/27/2026 11:59:00 AM,068492a8-9bbc-456b-87fb-dc52c0aec9a7,2.0,,,,,,,,,,,,,,,,,,,,,,,,Civilian PT 7,,,,,,,,,"(0.4, 0.9, -0.2)",,,"(-17.6, 0.0, -0.1)",
PLAYER_POSITIONS,321110,6/27/2026 11:59:00 AM,068492a8-9bbc-456b-87fb-dc52c0aec9a7,2.0,,,,,,,,,,,,,,,,,,,,,,,,,,,,,,,,,,,"(-16.8, 0.2, -0.5)","(-17.1, 0.9, -0.3)","(-17.5, 0.3, -0.1)",
PLAYER_GAZE,321110,6/27/2026 11:59:00 AM,068492a8-9bbc-456b-87fb-dc52c0aec9a7,2.0,,,,,,,,,,,,,,,,,,,,,,,,Civilian PT 7,,,,,,,,,"(0.4, 0.9, -0.2)",,,"(-17.6, 0.0, -0.1)",
TOOL_HOVER,321417,6/27/2026 11:59:00 AM,068492a8-9bbc-456b-87fb-dc52c0aec9a7,2.0,,,,,,,,,,,,,,,,,,,,,,,,,,,,,,,,,,,,,,,,,,,,,,997,,Chest Seal,
PLAYER_POSITIONS,321622,6/27/2026 11:59:00 AM,068492a8-9bbc-456b-87fb-dc52c0aec9a7,2.0,,,,,,,,,,,,,,,,,,,,,,,,,,,,,,,,,,,"(-17.0, 0.2, -0.5)","(-17.0, 1.0, -0.2)","(-17.2, 0.8, 0.4)",
PLAYER_POSITIONS,321622,6/27/2026 11:59:00 AM,068492a8-9bbc-456b-87fb-dc52c0aec9a7,2.0,,,,,,,,,,,,,,,,,,,,,,,,,,,,,,,,,,,"(-17.0, 0.2, -0.5)","(-17.0, 1.0, -0.2)","(-17.2, 0.8, 0.4)",
TOOL_HOVER,322109,6/27/2026 11:59:01 AM,068492a8-9bbc-456b-87fb-dc52c0aec9a7,2.0,,,,,,,,,,,,,,,,,,,,,,,,,,,,,,,,,,,,,,,,,,,,,,995,,Burn Dressing,
PLAYER_POSITIONS,322132,6/27/2026 11:59:01 AM,068492a8-9bbc-456b-87fb-dc52c0aec9a7,2.0,,,,,,,,,,,,,,,,,,,,,,,,,,,,,,,,,,,"(-17.0, 0.2, -0.5)","(-17.0, 1.0, -0.2)","(-17.1, 0.7, 0.5)",
PLAYER_POSITIONS,322132,6/27/2026 11:59:01 AM,068492a8-9bbc-456b-87fb-dc52c0aec9a7,2.0,,,,,,,,,,,,,,,,,,,,,,,,,,,,,,,,,,,"(-17.0, 0.2, -0.5)","(-17.0, 1.0, -0.2)","(-17.1, 0.7, 0.5)",
TOOL_HOVER,322218,6/27/2026 11:59:01 AM,068492a8-9bbc-456b-87fb-dc52c0aec9a7,2.0,,,,,,,,,,,,,,,,,,,,,,,,,,,,,,,,,,,,,,,,,,,,,,999,,Blanket,
PLAYER_POSITIONS,322644,6/27/2026 11:59:02 AM,068492a8-9bbc-456b-87fb-dc52c0aec9a7,2.0,,,,,,,,,,,,,,,,,,,,,,,,,,,,,,,,,,,"(-17.0, 0.3, -0.5)","(-17.0, 1.0, -0.1)","(-17.2, 0.6, 0.5)",
PLAYER_POSITIONS,322644,6/27/2026 11:59:02 AM,068492a8-9bbc-456b-87fb-dc52c0aec9a7,2.0,,,,,,,,,,,,,,,,,,,,,,,,,,,,,,,,,,,"(-17.0, 0.3, -0.5)","(-17.0, 1.0, -0.1)","(-17.2, 0.6, 0.5)",
TOOL_HOVER,322730,6/27/2026 11:59:02 AM,068492a8-9bbc-456b-87fb-dc52c0aec9a7,2.0,,,,,,,,,,,,,,,,,,,,,,,,,,,,,,,,,,,,,,,,,,,,,,999,,Blanket,
TOOL_SELECTED,322852,6/27/2026 11:59:02 AM,068492a8-9bbc-456b-87fb-dc52c0aec9a7,2.0,,,,,,,,,,,,,,,,,,,,,,,,,,,,,,,,,,,,,,,,,,,,,,998,,Blanket,
PLAYER_POSITIONS,323165,6/27/2026 11:59:02 AM,068492a8-9bbc-456b-87fb-dc52c0aec9a7,2.0,,,,,,,,,,,,,,,,,,,,,,,,,,,,,,,,,,,"(-17.0, 0.3, -0.5)","(-17.0, 1.0, -0.1)","(-17.2, 0.6, 0.5)",
PLAYER_POSITIONS,323165,6/27/2026 11:59:02 AM,068492a8-9bbc-456b-87fb-dc52c0aec9a7,2.0,,,,,,,,,,,,,,,,,,,,,,,,,,,,,,,,,,,"(-17.0, 0.3, -0.5)","(-17.0, 1.0, -0.1)","(-17.2, 0.6, 0.5)",
AUDIO_START,323342,6/27/2026 11:59:02 AM,068492a8-9bbc-456b-87fb-dc52c0aec9a7,2.0,breach and clear,2.66449,
TOOL_DISCARDED,323423,6/27/2026 11:59:02 AM,068492a8-9bbc-456b-87fb-dc52c0aec9a7,2.0,,,,,,,,,,,,,,,,,,,,,,,,Civilian PT 7,,,,,,,,,,,,"(0.0, 0.0, 0.0)",,,,,,,,,,998,,Blanket,
TOOL_HOVER,323513,6/27/2026 11:59:02 AM,068492a8-9bbc-456b-87fb-dc52c0aec9a7,2.0,,,,,,,,,,,,,,,,,,,,,,,,,,,,,,,,,,,,,,,,,,,,,,995,,Burn Dressing,
PLAYER_POSITIONS,323673,6/27/2026 11:59:03 AM,068492a8-9bbc-456b-87fb-dc52c0aec9a7,2.0,,,,,,,,,,,,,,,,,,,,,,,,,,,,,,,,,,,"(-17.0, 0.3, -0.5)","(-17.0, 1.0, -0.1)","(-17.2, 0.6, 0.5)",
PLAYER_POSITIONS,323673,6/27/2026 11:59:03 AM,068492a8-9bbc-456b-87fb-dc52c0aec9a7,2.0,,,,,,,,,,,,,,,,,,,,,,,,,,,,,,,,,,,"(-17.0, 0.3, -0.5)","(-17.0, 1.0, -0.1)","(-17.2, 0.6, 0.5)",
TOOL_HOVER,323715,6/27/2026 11:59:03 AM,068492a8-9bbc-456b-87fb-dc52c0aec9a7,2.0,,,,,,,,,,,,,,,,,,,,,,,,,,,,,,,,,,,,,,,,,,,,,,999,,Blanket,
TOOL_HOVER,323912,6/27/2026 11:59:03 AM,068492a8-9bbc-456b-87fb-dc52c0aec9a7,2.0,,,,,,,,,,,,,,,,,,,,,,,,,,,,,,,,,,,,,,,,,,,,,,995,,Burn Dressing,
TOOL_SELECTED,324136,6/27/2026 11:59:03 AM,068492a8-9bbc-456b-87fb-dc52c0aec9a7,2.0,,,,,,,,,,,,,,,,,,,,,,,,,,,,,,,,,,,,,,,,,,,,,,994,,Burn Dressing,
PLAYER_POSITIONS,324182,6/27/2026 11:59:03 AM,068492a8-9bbc-456b-87fb-dc52c0aec9a7,2.0,,,,,,,,,,,,,,,,,,,,,,,,,,,,,,,,,,,"(-17.0, 0.3, -0.5)","(-17.0, 1.0, -0.1)","(-17.2, 0.7, 0.5)",
PLAYER_POSITIONS,324182,6/27/2026 11:59:03 AM,068492a8-9bbc-456b-87fb-dc52c0aec9a7,2.0,,,,,,,,,,,,,,,,,,,,,,,,,,,,,,,,,,,"(-17.0, 0.3, -0.5)","(-17.0, 1.0, -0.1)","(-17.2, 0.7, 0.5)",
PLAYER_POSITIONS,324684,6/27/2026 11:59:04 AM,068492a8-9bbc-456b-87fb-dc52c0aec9a7,2.0,,,,,,,,,,,,,,,,,,,,,,,,,,,,,,,,,,,"(-17.0, 0.3, -0.5)","(-17.0, 1.0, -0.1)","(-17.2, 0.6, 0.5)",
PLAYER_POSITIONS,324684,6/27/2026 11:59:04 AM,068492a8-9bbc-456b-87fb-dc52c0aec9a7,2.0,,,,,,,,,,,,,,,,,,,,,,,,,,,,,,,,,,,"(-17.0, 0.3, -0.5)","(-17.0, 1.0, -0.1)","(-17.2, 0.6, 0.5)",
PLAYER_POSITIONS,325201,6/27/2026 11:59:04 AM,068492a8-9bbc-456b-87fb-dc52c0aec9a7,2.0,,,,,,,,,,,,,,,,,,,,,,,,,,,,,,,,,,,"(-16.9, 0.3, -0.5)","(-17.1, 0.9, -0.2)","(-17.2, 0.2, -0.1)",
PLAYER_GAZE,325201,6/27/2026 11:59:04 AM,068492a8-9bbc-456b-87fb-dc52c0aec9a7,2.0,,,,,,,,,,,,,,,,,,,,,,,,Civilian PT 7,,,,,,,,,"(0.5, 0.9, -0.1)",,,"(-17.6, 0.0, -0.1)",
PLAYER_POSITIONS,325201,6/27/2026 11:59:04 AM,068492a8-9bbc-456b-87fb-dc52c0aec9a7,2.0,,,,,,,,,,,,,,,,,,,,,,,,,,,,,,,,,,,"(-16.9, 0.3, -0.5)","(-17.1, 0.9, -0.2)","(-17.2, 0.2, -0.1)",
PLAYER_GAZE,325201,6/27/2026 11:59:04 AM,068492a8-9bbc-456b-87fb-dc52c0aec9a7,2.0,,,,,,,,,,,,,,,,,,,,,,,,Civilian PT 7,,,,,,,,,"(0.5, 0.9, -0.1)",,,"(-17.6, 0.0, -0.1)",
INJURY_TREATED,325436,6/27/2026 11:59:04 AM,068492a8-9bbc-456b-87fb-dc52c0aec9a7,2.0,,,,,,,,,rightCalf,R Lower Leg Burn,"(-17.2, -0.1, -0.1)",burnDressing,1,1,high,True,True,,,,,,,Civilian PT 7,
TOOL_APPLIED,325436,6/27/2026 11:59:04 AM,068492a8-9bbc-456b-87fb-dc52c0aec9a7,2.0,,,,,,,,,,,,,,,,,,,,,,,,Civilian PT 7,,,,,,,,,,,,,,,,,,,,AppliedBurnDressing,skinCollider_BodyGar_LOD (UnityEngine.GameObject),,Burn Dressing(Clone) (UnityEngine.GameObject),Burn Dressing,
PLAYER_POSITIONS,325723,6/27/2026 11:59:05 AM,068492a8-9bbc-456b-87fb-dc52c0aec9a7,2.0,,,,,,,,,,,,,,,,,,,,,,,,,,,,,,,,,,,"(-16.8, 0.3, -0.5)","(-17.1, 0.9, -0.2)","(-17.2, 0.1, 0.0)",
PLAYER_POSITIONS,325723,6/27/2026 11:59:05 AM,068492a8-9bbc-456b-87fb-dc52c0aec9a7,2.0,,,,,,,,,,,,,,,,,,,,,,,,,,,,,,,,,,,"(-16.8, 0.3, -0.5)","(-17.1, 0.9, -0.2)","(-17.2, 0.1, 0.0)",
AUDIO_END,326013,6/27/2026 11:59:05 AM,068492a8-9bbc-456b-87fb-dc52c0aec9a7,2.0,breach and clear,2.66449,
NARRATIVE_SECTION_END,326013,6/27/2026 11:59:05 AM,068492a8-9bbc-456b-87fb-dc52c0aec9a7,2.0,,,,,,,,,,,,,,,,,,Breach and clear,35,
NARRATIVE_SECTION_START,326052,6/27/2026 11:59:05 AM,068492a8-9bbc-456b-87fb-dc52c0aec9a7,2.0,,,,,,,,,,,,,,,,,,Delta 2 needs casevac,36,
PLAYER_POSITIONS,326234,6/27/2026 11:59:05 AM,068492a8-9bbc-456b-87fb-dc52c0aec9a7,2.0,,,,,,,,,,,,,,,,,,,,,,,,,,,,,,,,,,,"(-16.9, 0.3, -0.5)","(-17.0, 1.0, -0.3)","(-17.3, 0.5, -0.1)",
PLAYER_POSITIONS,326234,6/27/2026 11:59:05 AM,068492a8-9bbc-456b-87fb-dc52c0aec9a7,2.0,,,,,,,,,,,,,,,,,,,,,,,,,,,,,,,,,,,"(-16.9, 0.3, -0.5)","(-17.0, 1.0, -0.3)","(-17.3, 0.5, -0.1)",
BAG_CLOSED,326564,6/27/2026 11:59:05 AM,068492a8-9bbc-456b-87fb-dc52c0aec9a7,2.0,,,,,,,,,,,,,,,,,,,,,,,,,,,,,,,,,,,,"(0.0, 0.0, 0.0)",
PLAYER_POSITIONS,326746,6/27/2026 11:59:06 AM,068492a8-9bbc-456b-87fb-dc52c0aec9a7,2.0,,,,,,,,,,,,,,,,,,,,,,,,,,,,,,,,,,,"(-17.0, 0.3, -0.6)","(-17.0, 1.1, -0.5)","(-17.3, 0.5, -0.6)",
PLAYER_POSITIONS,326746,6/27/2026 11:59:06 AM,068492a8-9bbc-456b-87fb-dc52c0aec9a7,2.0,,,,,,,,,,,,,,,,,,,,,,,,,,,,,,,,,,,"(-17.0, 0.3, -0.6)","(-17.0, 1.1, -0.5)","(-17.3, 0.5, -0.6)",
PLAYER_POSITIONS,327267,6/27/2026 11:59:06 AM,068492a8-9bbc-456b-87fb-dc52c0aec9a7,2.0,,,,,,,,,,,,,,,,,,,,,,,,,,,,,,,,,,,"(-17.2, 0.2, -1.0)","(-17.4, 1.0, -0.9)","(-17.7, 0.6, -0.8)",
PLAYER_POSITIONS,327267,6/27/2026 11:59:06 AM,068492a8-9bbc-456b-87fb-dc52c0aec9a7,2.0,,,,,,,,,,,,,,,,,,,,,,,,,,,,,,,,,,,"(-17.2, 0.2, -1.0)","(-17.4, 1.0, -0.9)","(-17.7, 0.6, -0.8)",
VOICE_CAPTURE,327410,6/27/2026 11:59:06 AM,068492a8-9bbc-456b-87fb-dc52c0aec9a7,2.0,,,,,,,,,,,,,,,,,,,,,,,,,,,,,,,,,,,,,,,,,,,,,,,,,,,NA,you.,
PLAYER_POSITIONS,327767,6/27/2026 11:59:07 AM,068492a8-9bbc-456b-87fb-dc52c0aec9a7,2.0,,,,,,,,,,,,,,,,,,,,,,,,,,,,,,,,,,,"(-17.3, 0.3, -0.9)","(-17.3, 1.0, -0.8)","(-17.5, 0.7, -0.5)",
PLAYER_POSITIONS,327767,6/27/2026 11:59:07 AM,068492a8-9bbc-456b-87fb-dc52c0aec9a7,2.0,,,,,,,,,,,,,,,,,,,,,,,,,,,,,,,,,,,"(-17.3, 0.3, -0.9)","(-17.3, 1.0, -0.8)","(-17.5, 0.7, -0.5)",
VOICE_CAPTURE,327882,6/27/2026 11:59:07 AM,068492a8-9bbc-456b-87fb-dc52c0aec9a7,2.0,,,,,,,,,,,,,,,,,,,,,,,,,,,,,,,,,,,,,,,,,,,,,,,,,,,NA,you.,
PLAYER_POSITIONS,328282,6/27/2026 11:59:07 AM,068492a8-9bbc-456b-87fb-dc52c0aec9a7,2.0,,,,,,,,,,,,,,,,,,,,,,,,,,,,,,,,,,,"(-17.2, 0.2, -0.9)","(-17.4, 1.0, -0.8)","(-17.6, 0.6, -0.5)",
PLAYER_POSITIONS,328282,6/27/2026 11:59:07 AM,068492a8-9bbc-456b-87fb-dc52c0aec9a7,2.0,,,,,,,,,,,,,,,,,,,,,,,,,,,,,,,,,,,"(-17.2, 0.2, -0.9)","(-17.4, 1.0, -0.8)","(-17.6, 0.6, -0.5)",
VOICE_CAPTURE,328415,6/27/2026 11:59:07 AM,068492a8-9bbc-456b-87fb-dc52c0aec9a7,2.0,,,,,,,,,,,,,,,,,,,,,,,,,,,,,,,,,,,,,,,,,,,,,,,,,,,NA,you.,
PLAYER_POSITIONS,328793,6/27/2026 11:59:08 AM,068492a8-9bbc-456b-87fb-dc52c0aec9a7,2.0,,,,,,,,,,,,,,,,,,,,,,,,,,,,,,,,,,,"(-17.2, 0.2, -0.9)","(-17.4, 0.9, -0.9)","(-17.6, 0.6, -0.3)",
PLAYER_POSITIONS,328793,6/27/2026 11:59:08 AM,068492a8-9bbc-456b-87fb-dc52c0aec9a7,2.0,,,,,,,,,,,,,,,,,,,,,,,,,,,,,,,,,,,"(-17.2, 0.2, -0.9)","(-17.4, 0.9, -0.9)","(-17.6, 0.6, -0.3)",
VOICE_CAPTURE,328900,6/27/2026 11:59:08 AM,068492a8-9bbc-456b-87fb-dc52c0aec9a7,2.0,,,,,,,,,,,,,,,,,,,,,,,,,,,,,,,,,,,,,,,,,,,,,,,,,,,NA,your breathing?,
PLAYER_POSITIONS,329297,6/27/2026 11:59:08 AM,068492a8-9bbc-456b-87fb-dc52c0aec9a7,2.0,,,,,,,,,,,,,,,,,,,,,,,,,,,,,,,,,,,"(-17.3, 0.2, -0.9)","(-17.5, 0.9, -0.9)","(-17.5, 0.4, -0.8)",
PLAYER_POSITIONS,329297,6/27/2026 11:59:08 AM,068492a8-9bbc-456b-87fb-dc52c0aec9a7,2.0,,,,,,,,,,,,,,,,,,,,,,,,,,,,,,,,,,,"(-17.3, 0.2, -0.9)","(-17.5, 0.9, -0.9)","(-17.5, 0.4, -0.8)",
VOICE_CAPTURE,329408,6/27/2026 11:59:08 AM,068492a8-9bbc-456b-87fb-dc52c0aec9a7,2.0,,,,,,,,,,,,,,,,,,,,,,,,,,,,,,,,,,,,,,,,,,,,,,,,,,,NA,your breathing?,
VOICE_CAPTURE,329408,6/27/2026 11:59:08 AM,068492a8-9bbc-456b-87fb-dc52c0aec9a7,2.0,,,,,,,,,,,,,,,,,,,,,,,,,,,,,,,,,,,,,,,,,,,,,,,,,,,NA,your breathing?,
VOICE_COMMAND,329408,6/27/2026 11:59:08 AM,068492a8-9bbc-456b-87fb-dc52c0aec9a7,2.0,,,,,,,,,,,,,,,,,,,,,,,,,,,,,,,,,,,,,,,,,,,,,,,,,,,your breathing?,can you breathe,
PLAYER_POSITIONS,329832,6/27/2026 11:59:09 AM,068492a8-9bbc-456b-87fb-dc52c0aec9a7,2.0,,,,,,,,,,,,,,,,,,,,,,,,,,,,,,,,,,,"(-17.4, 0.2, -0.9)","(-17.5, 0.9, -0.9)","(-17.6, 0.4, -0.9)",
PLAYER_POSITIONS,329832,6/27/2026 11:59:09 AM,068492a8-9bbc-456b-87fb-dc52c0aec9a7,2.0,,,,,,,,,,,,,,,,,,,,,,,,,,,,,,,,,,,"(-17.4, 0.2, -0.9)","(-17.5, 0.9, -0.9)","(-17.6, 0.4, -0.9)",
VOICE_CAPTURE,329865,6/27/2026 11:59:09 AM,068492a8-9bbc-456b-87fb-dc52c0aec9a7,2.0,,,,,,,,,,,,,,,,,,,,,,,,,,,,,,,,,,,,,,,,,,,,,,,,,,,NA,How's your breathing?,
AUDIO_START,330061,6/27/2026 11:59:09 AM,068492a8-9bbc-456b-87fb-dc52c0aec9a7,2.0,delta 2 needs casevac,4.571429,
PLAYER_POSITIONS,330341,6/27/2026 11:59:09 AM,068492a8-9bbc-456b-87fb-dc52c0aec9a7,2.0,,,,,,,,,,,,,,,,,,,,,,,,,,,,,,,,,,,"(-17.5, 0.2, -0.8)","(-17.5, 0.7, -0.9)","(-17.8, 0.2, -0.8)",
PLAYER_POSITIONS,330341,6/27/2026 11:59:09 AM,068492a8-9bbc-456b-87fb-dc52c0aec9a7,2.0,,,,,,,,,,,,,,,,,,,,,,,,,,,,,,,,,,,"(-17.5, 0.2, -0.8)","(-17.5, 0.7, -0.9)","(-17.8, 0.2, -0.8)",
VOICE_CAPTURE,330408,6/27/2026 11:59:09 AM,068492a8-9bbc-456b-87fb-dc52c0aec9a7,2.0,,,,,,,,,,,,,,,,,,,,,,,,,,,,,,,,,,,,,,,,,,,,,,,,,,,NA,How's your breathing?,
VOICE_CAPTURE,330408,6/27/2026 11:59:09 AM,068492a8-9bbc-456b-87fb-dc52c0aec9a7,2.0,,,,,,,,,,,,,,,,,,,,,,,,,,,,,,,,,,,,,,,,,,,,,,,,,,,NA,How's your breathing?,
VOICE_COMMAND,330408,6/27/2026 11:59:09 AM,068492a8-9bbc-456b-87fb-dc52c0aec9a7,2.0,,,,,,,,,,,,,,,,,,,,,,,,,,,,,,,,,,,,,,,,,,,,,,,,,,,How's your breathing?,can you breathe,
PLAYER_POSITIONS,330872,6/27/2026 11:59:10 AM,068492a8-9bbc-456b-87fb-dc52c0aec9a7,2.0,,,,,,,,,,,,,,,,,,,,,,,,,,,,,,,,,,,"(-17.5, 0.2, -0.8)","(-17.5, 0.8, -0.9)","(-17.8, 0.3, -0.7)",
PLAYER_POSITIONS,330872,6/27/2026 11:59:10 AM,068492a8-9bbc-456b-87fb-dc52c0aec9a7,2.0,,,,,,,,,,,,,,,,,,,,,,,,,,,,,,,,,,,"(-17.5, 0.2, -0.8)","(-17.5, 0.8, -0.9)","(-17.8, 0.3, -0.7)",
PLAYER_POSITIONS,331385,6/27/2026 11:59:10 AM,068492a8-9bbc-456b-87fb-dc52c0aec9a7,2.0,,,,,,,,,,,,,,,,,,,,,,,,,,,,,,,,,,,"(-17.5, 0.2, -0.8)","(-17.5, 0.8, -0.9)","(-17.8, 0.3, -0.7)",
PLAYER_POSITIONS,331385,6/27/2026 11:59:10 AM,068492a8-9bbc-456b-87fb-dc52c0aec9a7,2.0,,,,,,,,,,,,,,,,,,,,,,,,,,,,,,,,,,,"(-17.5, 0.2, -0.8)","(-17.5, 0.8, -0.9)","(-17.8, 0.3, -0.7)",
PLAYER_POSITIONS,331903,6/27/2026 11:59:11 AM,068492a8-9bbc-456b-87fb-dc52c0aec9a7,2.0,,,,,,,,,,,,,,,,,,,,,,,,,,,,,,,,,,,"(-17.5, 0.2, -0.8)","(-17.5, 0.8, -0.9)","(-17.8, 0.3, -0.7)",
PLAYER_POSITIONS,331903,6/27/2026 11:59:11 AM,068492a8-9bbc-456b-87fb-dc52c0aec9a7,2.0,,,,,,,,,,,,,,,,,,,,,,,,,,,,,,,,,,,"(-17.5, 0.2, -0.8)","(-17.5, 0.8, -0.9)","(-17.8, 0.3, -0.7)",
PLAYER_POSITIONS,332413,6/27/2026 11:59:11 AM,068492a8-9bbc-456b-87fb-dc52c0aec9a7,2.0,,,,,,,,,,,,,,,,,,,,,,,,,,,,,,,,,,,"(-17.5, 0.2, -0.8)","(-17.5, 0.8, -0.9)","(-17.8, 0.3, -0.7)",
PLAYER_POSITIONS,332413,6/27/2026 11:59:11 AM,068492a8-9bbc-456b-87fb-dc52c0aec9a7,2.0,,,,,,,,,,,,,,,,,,,,,,,,,,,,,,,,,,,"(-17.5, 0.2, -0.8)","(-17.5, 0.8, -0.9)","(-17.8, 0.3, -0.7)",
PLAYER_POSITIONS,332914,6/27/2026 11:59:12 AM,068492a8-9bbc-456b-87fb-dc52c0aec9a7,2.0,,,,,,,,,,,,,,,,,,,,,,,,,,,,,,,,,,,"(-17.5, 0.2, -0.8)","(-17.5, 0.8, -0.9)","(-17.8, 0.3, -0.7)",
PLAYER_POSITIONS,332914,6/27/2026 11:59:12 AM,068492a8-9bbc-456b-87fb-dc52c0aec9a7,2.0,,,,,,,,,,,,,,,,,,,,,,,,,,,,,,,,,,,"(-17.5, 0.2, -0.8)","(-17.5, 0.8, -0.9)","(-17.8, 0.3, -0.7)",
PLAYER_POSITIONS,333425,6/27/2026 11:59:12 AM,068492a8-9bbc-456b-87fb-dc52c0aec9a7,2.0,,,,,,,,,,,,,,,,,,,,,,,,,,,,,,,,,,,"(-17.5, 0.2, -0.8)","(-17.5, 0.8, -0.9)","(-17.8, 0.3, -0.7)",
PLAYER_POSITIONS,333425,6/27/2026 11:59:12 AM,068492a8-9bbc-456b-87fb-dc52c0aec9a7,2.0,,,,,,,,,,,,,,,,,,,,,,,,,,,,,,,,,,,"(-17.5, 0.2, -0.8)","(-17.5, 0.8, -0.9)","(-17.8, 0.3, -0.7)",
PULSE_TAKEN,333489,6/27/2026 11:59:12 AM,068492a8-9bbc-456b-87fb-dc52c0aec9a7,2.0,,,,,,,,,,,,,,,,,,,,,,,,Civilian PT 7,,,,pulse_normal,
PLAYER_POSITIONS,333937,6/27/2026 11:59:13 AM,068492a8-9bbc-456b-87fb-dc52c0aec9a7,2.0,,,,,,,,,,,,,,,,,,,,,,,,,,,,,,,,,,,"(-17.5, 0.2, -0.8)","(-17.5, 0.8, -0.9)","(-17.8, 0.3, -0.7)",
PLAYER_POSITIONS,333937,6/27/2026 11:59:13 AM,068492a8-9bbc-456b-87fb-dc52c0aec9a7,2.0,,,,,,,,,,,,,,,,,,,,,,,,,,,,,,,,,,,"(-17.5, 0.2, -0.8)","(-17.5, 0.8, -0.9)","(-17.8, 0.3, -0.7)",
PULSE_TAKEN,334000,6/27/2026 11:59:13 AM,068492a8-9bbc-456b-87fb-dc52c0aec9a7,2.0,,,,,,,,,,,,,,,,,,,,,,,,Civilian PT 7,,,,pulse_normal,
PLAYER_POSITIONS,334451,6/27/2026 11:59:13 AM,068492a8-9bbc-456b-87fb-dc52c0aec9a7,2.0,,,,,,,,,,,,,,,,,,,,,,,,,,,,,,,,,,,"(-17.5, 0.2, -0.8)","(-17.5, 0.8, -0.9)","(-17.8, 0.4, -0.6)",
PLAYER_POSITIONS,334451,6/27/2026 11:59:13 AM,068492a8-9bbc-456b-87fb-dc52c0aec9a7,2.0,,,,,,,,,,,,,,,,,,,,,,,,,,,,,,,,,,,"(-17.5, 0.2, -0.8)","(-17.5, 0.8, -0.9)","(-17.8, 0.4, -0.6)",
AUDIO_END,334627,6/27/2026 11:59:14 AM,068492a8-9bbc-456b-87fb-dc52c0aec9a7,2.0,delta 2 needs casevac,4.571429,
NARRATIVE_SECTION_END,334627,6/27/2026 11:59:14 AM,068492a8-9bbc-456b-87fb-dc52c0aec9a7,2.0,,,,,,,,,,,,,,,,,,Delta 2 needs casevac,36,
NARRATIVE_SECTION_START,334669,6/27/2026 11:59:14 AM,068492a8-9bbc-456b-87fb-dc52c0aec9a7,2.0,,,,,,,,,,,,,,,,,,Copy Delta casevac 12 mikes,37,
PLAYER_POSITIONS,334972,6/27/2026 11:59:14 AM,068492a8-9bbc-456b-87fb-dc52c0aec9a7,2.0,,,,,,,,,,,,,,,,,,,,,,,,,,,,,,,,,,,"(-17.5, 0.2, -0.8)","(-17.5, 0.8, -0.9)","(-17.6, 0.4, -0.8)",
PLAYER_POSITIONS,334972,6/27/2026 11:59:14 AM,068492a8-9bbc-456b-87fb-dc52c0aec9a7,2.0,,,,,,,,,,,,,,,,,,,,,,,,,,,,,,,,,,,"(-17.5, 0.2, -0.8)","(-17.5, 0.8, -0.9)","(-17.6, 0.4, -0.8)",
PLAYER_POSITIONS,335483,6/27/2026 11:59:14 AM,068492a8-9bbc-456b-87fb-dc52c0aec9a7,2.0,,,,,,,,,,,,,,,,,,,,,,,,,,,,,,,,,,,"(-17.5, 0.2, -0.8)","(-17.5, 0.8, -0.9)","(-17.6, 0.4, -0.8)",
PLAYER_POSITIONS,335483,6/27/2026 11:59:14 AM,068492a8-9bbc-456b-87fb-dc52c0aec9a7,2.0,,,,,,,,,,,,,,,,,,,,,,,,,,,,,,,,,,,"(-17.5, 0.2, -0.8)","(-17.5, 0.8, -0.9)","(-17.6, 0.4, -0.8)",
AUDIO_START,335667,6/27/2026 11:59:15 AM,068492a8-9bbc-456b-87fb-dc52c0aec9a7,2.0,copy delta casevac 12 mikes,4.571429,
PLAYER_POSITIONS,335995,6/27/2026 11:59:15 AM,068492a8-9bbc-456b-87fb-dc52c0aec9a7,2.0,,,,,,,,,,,,,,,,,,,,,,,,,,,,,,,,,,,"(-17.5, 0.2, -0.8)","(-17.5, 0.8, -0.9)","(-17.6, 0.4, -0.8)",
PLAYER_POSITIONS,335995,6/27/2026 11:59:15 AM,068492a8-9bbc-456b-87fb-dc52c0aec9a7,2.0,,,,,,,,,,,,,,,,,,,,,,,,,,,,,,,,,,,"(-17.5, 0.2, -0.8)","(-17.5, 0.8, -0.9)","(-17.6, 0.4, -0.8)",
TAG_SELECTED,336503,6/27/2026 11:59:15 AM,068492a8-9bbc-456b-87fb-dc52c0aec9a7,2.0,,,,,,,,,,,,,,,,,,,,,,,,,,,,,,,,,,,,,,,,,,green,
PLAYER_POSITIONS,336506,6/27/2026 11:59:15 AM,068492a8-9bbc-456b-87fb-dc52c0aec9a7,2.0,,,,,,,,,,,,,,,,,,,,,,,,,,,,,,,,,,,"(-17.4, 0.2, -0.9)","(-17.5, 0.9, -0.9)","(-17.6, 0.6, -0.4)",
PLAYER_POSITIONS,336506,6/27/2026 11:59:15 AM,068492a8-9bbc-456b-87fb-dc52c0aec9a7,2.0,,,,,,,,,,,,,,,,,,,,,,,,,,,,,,,,,,,"(-17.4, 0.2, -0.9)","(-17.5, 0.9, -0.9)","(-17.6, 0.6, -0.4)",
PLAYER_POSITIONS,337020,6/27/2026 11:59:16 AM,068492a8-9bbc-456b-87fb-dc52c0aec9a7,2.0,,,,,,,,,,,,,,,,,,,,,,,,,,,,,,,,,,,"(-17.3, 0.2, -0.9)","(-17.4, 0.9, -0.8)","(-17.6, 0.6, -0.4)",
PLAYER_POSITIONS,337020,6/27/2026 11:59:16 AM,068492a8-9bbc-456b-87fb-dc52c0aec9a7,2.0,,,,,,,,,,,,,,,,,,,,,,,,,,,,,,,,,,,"(-17.3, 0.2, -0.9)","(-17.4, 0.9, -0.8)","(-17.6, 0.6, -0.4)",
TAG_DISCARDED,337062,6/27/2026 11:59:16 AM,068492a8-9bbc-456b-87fb-dc52c0aec9a7,2.0,,,,,,,,,,,,,,,,,,,,,,,,,,,,,,,,,,,,"(-17.5, 0.6, -0.4)",,,,,,green,
VOICE_CAPTURE,337442,6/27/2026 11:59:16 AM,068492a8-9bbc-456b-87fb-dc52c0aec9a7,2.0,,,,,,,,,,,,,,,,,,,,,,,,,,,,,,,,,,,,,,,,,,,,,,,,,,,NA,Looks like...,
PLAYER_POSITIONS,337542,6/27/2026 11:59:16 AM,068492a8-9bbc-456b-87fb-dc52c0aec9a7,2.0,,,,,,,,,,,,,,,,,,,,,,,,,,,,,,,,,,,"(-17.3, 0.2, -1.0)","(-17.4, 1.0, -0.7)","(-17.6, 0.7, -0.3)",
PLAYER_POSITIONS,337542,6/27/2026 11:59:16 AM,068492a8-9bbc-456b-87fb-dc52c0aec9a7,2.0,,,,,,,,,,,,,,,,,,,,,,,,,,,,,,,,,,,"(-17.3, 0.2, -1.0)","(-17.4, 1.0, -0.7)","(-17.6, 0.7, -0.3)",
VOICE_CAPTURE,337920,6/27/2026 11:59:17 AM,068492a8-9bbc-456b-87fb-dc52c0aec9a7,2.0,,,,,,,,,,,,,,,,,,,,,,,,,,,,,,,,,,,,,,,,,,,,,,,,,,,NA,Looks like it's just one.,
PLAYER_POSITIONS,338051,6/27/2026 11:59:17 AM,068492a8-9bbc-456b-87fb-dc52c0aec9a7,2.0,,,,,,,,,,,,,,,,,,,,,,,,,,,,,,,,,,,"(-17.3, 0.2, -0.9)","(-17.4, 1.0, -0.7)","(-17.6, 0.7, -0.3)",
PLAYER_POSITIONS,338051,6/27/2026 11:59:17 AM,068492a8-9bbc-456b-87fb-dc52c0aec9a7,2.0,,,,,,,,,,,,,,,,,,,,,,,,,,,,,,,,,,,"(-17.3, 0.2, -0.9)","(-17.4, 1.0, -0.7)","(-17.6, 0.7, -0.3)",
VOICE_CAPTURE,338411,6/27/2026 11:59:17 AM,068492a8-9bbc-456b-87fb-dc52c0aec9a7,2.0,,,,,,,,,,,,,,,,,,,,,,,,,,,,,,,,,,,,,,,,,,,,,,,,,,,NA,Looks like it's just one-sided.,
PLAYER_POSITIONS,338566,6/27/2026 11:59:17 AM,068492a8-9bbc-456b-87fb-dc52c0aec9a7,2.0,,,,,,,,,,,,,,,,,,,,,,,,,,,,,,,,,,,"(-17.3, 0.2, -0.9)","(-17.4, 1.0, -0.9)","(-17.5, 0.6, -0.2)",
PLAYER_POSITIONS,338566,6/27/2026 11:59:17 AM,068492a8-9bbc-456b-87fb-dc52c0aec9a7,2.0,,,,,,,,,,,,,,,,,,,,,,,,,,,,,,,,,,,"(-17.3, 0.2, -0.9)","(-17.4, 1.0, -0.9)","(-17.5, 0.6, -0.2)",
VOICE_CAPTURE,338943,6/27/2026 11:59:18 AM,068492a8-9bbc-456b-87fb-dc52c0aec9a7,2.0,,,,,,,,,,,,,,,,,,,,,,,,,,,,,,,,,,,,,,,,,,,,,,,,,,,NA,Looks like it's just one-sided.,
VOICE_CAPTURE,338943,6/27/2026 11:59:18 AM,068492a8-9bbc-456b-87fb-dc52c0aec9a7,2.0,,,,,,,,,,,,,,,,,,,,,,,,,,,,,,,,,,,,,,,,,,,,,,,,,,,NA,Looks like it's just one-sided.,
PLAYER_POSITIONS,339087,6/27/2026 11:59:18 AM,068492a8-9bbc-456b-87fb-dc52c0aec9a7,2.0,,,,,,,,,,,,,,,,,,,,,,,,,,,,,,,,,,,"(-17.3, 0.1, -0.9)","(-17.5, 0.8, -0.9)","(-17.6, 0.6, -0.4)",
PLAYER_POSITIONS,339087,6/27/2026 11:59:18 AM,068492a8-9bbc-456b-87fb-dc52c0aec9a7,2.0,,,,,,,,,,,,,,,,,,,,,,,,,,,,,,,,,,,"(-17.3, 0.1, -0.9)","(-17.5, 0.8, -0.9)","(-17.6, 0.6, -0.4)",
PLAYER_POSITIONS,339587,6/27/2026 11:59:18 AM,068492a8-9bbc-456b-87fb-dc52c0aec9a7,2.0,,,,,,,,,,,,,,,,,,,,,,,,,,,,,,,,,,,"(-17.4, 0.1, -0.9)","(-17.5, 0.7, -0.9)","(-17.6, 0.6, -0.4)",
PLAYER_POSITIONS,339587,6/27/2026 11:59:18 AM,068492a8-9bbc-456b-87fb-dc52c0aec9a7,2.0,,,,,,,,,,,,,,,,,,,,,,,,,,,,,,,,,,,"(-17.4, 0.1, -0.9)","(-17.5, 0.7, -0.9)","(-17.6, 0.6, -0.4)",
VOICE_CAPTURE,339933,6/27/2026 11:59:19 AM,068492a8-9bbc-456b-87fb-dc52c0aec9a7,2.0,,,,,,,,,,,,,,,,,,,,,,,,,,,,,,,,,,,,,,,,,,,,,,,,,,,NA,excited.,
PLAYER_POSITIONS,340088,6/27/2026 11:59:19 AM,068492a8-9bbc-456b-87fb-dc52c0aec9a7,2.0,,,,,,,,,,,,,,,,,,,,,,,,,,,,,,,,,,,"(-17.7, 0.4, -0.7)","(-17.6, 0.7, -0.9)","(-17.5, 0.6, -0.7)",
PLAYER_POSITIONS,340088,6/27/2026 11:59:19 AM,068492a8-9bbc-456b-87fb-dc52c0aec9a7,2.0,,,,,,,,,,,,,,,,,,,,,,,,,,,,,,,,,,,"(-17.7, 0.4, -0.7)","(-17.6, 0.7, -0.9)","(-17.5, 0.6, -0.7)",
AUDIO_END,340244,6/27/2026 11:59:19 AM,068492a8-9bbc-456b-87fb-dc52c0aec9a7,2.0,copy delta casevac 12 mikes,4.571429,
NARRATIVE_SECTION_END,340244,6/27/2026 11:59:19 AM,068492a8-9bbc-456b-87fb-dc52c0aec9a7,2.0,,,,,,,,,,,,,,,,,,Copy Delta casevac 12 mikes,37,
NARRATIVE_SECTION_START,340262,6/27/2026 11:59:19 AM,068492a8-9bbc-456b-87fb-dc52c0aec9a7,2.0,,,,,,,,,,,,,,,,,,Affirmate Delta west exit casevac,38,
VOICE_CAPTURE,340433,6/27/2026 11:59:19 AM,068492a8-9bbc-456b-87fb-dc52c0aec9a7,2.0,,,,,,,,,,,,,,,,,,,,,,,,,,,,,,,,,,,,,,,,,,,,,,,,,,,NA,excited.,
PLAYER_POSITIONS,340611,6/27/2026 11:59:19 AM,068492a8-9bbc-456b-87fb-dc52c0aec9a7,2.0,,,,,,,,,,,,,,,,,,,,,,,,,,,,,,,,,,,"(-17.7, 0.3, -0.7)","(-17.6, 0.6, -0.9)","(-17.5, 0.6, -0.7)",
PLAYER_POSITIONS,340611,6/27/2026 11:59:19 AM,068492a8-9bbc-456b-87fb-dc52c0aec9a7,2.0,,,,,,,,,,,,,,,,,,,,,,,,,,,,,,,,,,,"(-17.7, 0.3, -0.7)","(-17.6, 0.6, -0.9)","(-17.5, 0.6, -0.7)",
VOICE_CAPTURE,340923,6/27/2026 11:59:20 AM,068492a8-9bbc-456b-87fb-dc52c0aec9a7,2.0,,,,,,,,,,,,,,,,,,,,,,,,,,,,,,,,,,,,,,,,,,,,,,,,,,,NA,excited.,
PLAYER_POSITIONS,341122,6/27/2026 11:59:20 AM,068492a8-9bbc-456b-87fb-dc52c0aec9a7,2.0,,,,,,,,,,,,,,,,,,,,,,,,,,,,,,,,,,,"(-17.6, 0.3, -0.7)","(-17.6, 0.6, -0.9)","(-17.5, 0.6, -0.7)",
PLAYER_POSITIONS,341122,6/27/2026 11:59:20 AM,068492a8-9bbc-456b-87fb-dc52c0aec9a7,2.0,,,,,,,,,,,,,,,,,,,,,,,,,,,,,,,,,,,"(-17.6, 0.3, -0.7)","(-17.6, 0.6, -0.9)","(-17.5, 0.6, -0.7)",
VOICE_CAPTURE,341451,6/27/2026 11:59:20 AM,068492a8-9bbc-456b-87fb-dc52c0aec9a7,2.0,,,,,,,,,,,,,,,,,,,,,,,,,,,,,,,,,,,,,,,,,,,,,,,,,,,NA,excited.,
PLAYER_POSITIONS,341628,6/27/2026 11:59:21 AM,068492a8-9bbc-456b-87fb-dc52c0aec9a7,2.0,,,,,,,,,,,,,,,,,,,,,,,,,,,,,,,,,,,"(-17.5, 0.2, -0.6)","(-17.6, 0.6, -0.9)","(-17.5, 0.6, -0.7)",
PLAYER_POSITIONS,341628,6/27/2026 11:59:21 AM,068492a8-9bbc-456b-87fb-dc52c0aec9a7,2.0,,,,,,,,,,,,,,,,,,,,,,,,,,,,,,,,,,,"(-17.5, 0.2, -0.6)","(-17.6, 0.6, -0.9)","(-17.5, 0.6, -0.7)",
VOICE_CAPTURE,341951,6/27/2026 11:59:21 AM,068492a8-9bbc-456b-87fb-dc52c0aec9a7,2.0,,,,,,,,,,,,,,,,,,,,,,,,,,,,,,,,,,,,,,,,,,,,,,,,,,,NA,excited.,
PLAYER_POSITIONS,342151,6/27/2026 11:59:21 AM,068492a8-9bbc-456b-87fb-dc52c0aec9a7,2.0,,,,,,,,,,,,,,,,,,,,,,,,,,,,,,,,,,,"(-17.5, 0.2, -0.6)","(-17.6, 0.6, -0.9)","(-17.5, 0.6, -0.7)",
PLAYER_POSITIONS,342151,6/27/2026 11:59:21 AM,068492a8-9bbc-456b-87fb-dc52c0aec9a7,2.0,,,,,,,,,,,,,,,,,,,,,,,,,,,,,,,,,,,"(-17.5, 0.2, -0.6)","(-17.6, 0.6, -0.9)","(-17.5, 0.6, -0.7)",
VOICE_CAPTURE,342417,6/27/2026 11:59:21 AM,068492a8-9bbc-456b-87fb-dc52c0aec9a7,2.0,,,,,,,,,,,,,,,,,,,,,,,,,,,,,,,,,,,,,,,,,,,,,,,,,,,NA,excited.,
PLAYER_POSITIONS,342662,6/27/2026 11:59:22 AM,068492a8-9bbc-456b-87fb-dc52c0aec9a7,2.0,,,,,,,,,,,,,,,,,,,,,,,,,,,,,,,,,,,"(-17.6, 0.2, -0.6)","(-17.6, 0.6, -0.9)","(-17.6, 0.6, -0.7)",
PLAYER_POSITIONS,342662,6/27/2026 11:59:22 AM,068492a8-9bbc-456b-87fb-dc52c0aec9a7,2.0,,,,,,,,,,,,,,,,,,,,,,,,,,,,,,,,,,,"(-17.6, 0.2, -0.6)","(-17.6, 0.6, -0.9)","(-17.6, 0.6, -0.7)",
VOICE_CAPTURE,342908,6/27/2026 11:59:22 AM,068492a8-9bbc-456b-87fb-dc52c0aec9a7,2.0,,,,,,,,,,,,,,,,,,,,,,,,,,,,,,,,,,,,,,,,,,,,,,,,,,,NA,excited.,
PLAYER_POSITIONS,343175,6/27/2026 11:59:22 AM,068492a8-9bbc-456b-87fb-dc52c0aec9a7,2.0,,,,,,,,,,,,,,,,,,,,,,,,,,,,,,,,,,,"(-17.6, 0.2, -0.6)","(-17.6, 0.7, -0.9)","(-17.6, 0.6, -0.7)",
PLAYER_POSITIONS,343175,6/27/2026 11:59:22 AM,068492a8-9bbc-456b-87fb-dc52c0aec9a7,2.0,,,,,,,,,,,,,,,,,,,,,,,,,,,,,,,,,,,"(-17.6, 0.2, -0.6)","(-17.6, 0.7, -0.9)","(-17.6, 0.6, -0.7)",
VOICE_CAPTURE,343442,6/27/2026 11:59:22 AM,068492a8-9bbc-456b-87fb-dc52c0aec9a7,2.0,,,,,,,,,,,,,,,,,,,,,,,,,,,,,,,,,,,,,,,,,,,,,,,,,,,NA,excited.,
PLAYER_POSITIONS,343686,6/27/2026 11:59:23 AM,068492a8-9bbc-456b-87fb-dc52c0aec9a7,2.0,,,,,,,,,,,,,,,,,,,,,,,,,,,,,,,,,,,"(-17.6, 0.3, -0.6)","(-17.6, 0.7, -0.9)","(-17.6, 0.6, -0.7)",
PLAYER_POSITIONS,343686,6/27/2026 11:59:23 AM,068492a8-9bbc-456b-87fb-dc52c0aec9a7,2.0,,,,,,,,,,,,,,,,,,,,,,,,,,,,,,,,,,,"(-17.6, 0.3, -0.6)","(-17.6, 0.7, -0.9)","(-17.6, 0.6, -0.7)",
VOICE_CAPTURE,343907,6/27/2026 11:59:23 AM,068492a8-9bbc-456b-87fb-dc52c0aec9a7,2.0,,,,,,,,,,,,,,,,,,,,,,,,,,,,,,,,,,,,,,,,,,,,,,,,,,,NA,excited.,
PLAYER_POSITIONS,344196,6/27/2026 11:59:23 AM,068492a8-9bbc-456b-87fb-dc52c0aec9a7,2.0,,,,,,,,,,,,,,,,,,,,,,,,,,,,,,,,,,,"(-17.6, 0.3, -0.6)","(-17.5, 0.7, -0.9)","(-17.5, 0.6, -0.7)",
PLAYER_POSITIONS,344196,6/27/2026 11:59:23 AM,068492a8-9bbc-456b-87fb-dc52c0aec9a7,2.0,,,,,,,,,,,,,,,,,,,,,,,,,,,,,,,,,,,"(-17.6, 0.3, -0.6)","(-17.5, 0.7, -0.9)","(-17.5, 0.6, -0.7)",
BUTTON_CLICKED,344350,6/27/2026 11:59:23 AM,068492a8-9bbc-456b-87fb-dc52c0aec9a7,2.0,,,can you breathe,
VOICE_CAPTURE,344350,6/27/2026 11:59:23 AM,068492a8-9bbc-456b-87fb-dc52c0aec9a7,2.0,,,,,,,,,,,,,,,,,,,,,,,,,,,,,,,,,,,,,,,,,,,,,,,,,,,NA,can you breathe,
VOICE_COMMAND,344350,6/27/2026 11:59:23 AM,068492a8-9bbc-456b-87fb-dc52c0aec9a7,2.0,,,,,,,,,,,,,,,,,,,,,,,,Civilian PT 7,,,,,,,,,,,,,,,,,,,,,,,,,,,can you breathe,can you breathe,
VOICE_CAPTURE,344420,6/27/2026 11:59:23 AM,068492a8-9bbc-456b-87fb-dc52c0aec9a7,2.0,,,,,,,,,,,,,,,,,,,,,,,,,,,,,,,,,,,,,,,,,,,,,,,,,,,NA,excited.,
PLAYER_POSITIONS,344706,6/27/2026 11:59:24 AM,068492a8-9bbc-456b-87fb-dc52c0aec9a7,2.0,,,,,,,,,,,,,,,,,,,,,,,,,,,,,,,,,,,"(-17.4, 0.2, -0.8)","(-17.5, 0.9, -0.8)","(-17.6, 0.6, -0.5)",
PLAYER_POSITIONS,344706,6/27/2026 11:59:24 AM,068492a8-9bbc-456b-87fb-dc52c0aec9a7,2.0,,,,,,,,,,,,,,,,,,,,,,,,,,,,,,,,,,,"(-17.4, 0.2, -0.8)","(-17.5, 0.9, -0.8)","(-17.6, 0.6, -0.5)",
VOICE_CAPTURE,344928,6/27/2026 11:59:24 AM,068492a8-9bbc-456b-87fb-dc52c0aec9a7,2.0,,,,,,,,,,,,,,,,,,,,,,,,,,,,,,,,,,,,,,,,,,,,,,,,,,,NA,excited.,
PLAYER_POSITIONS,345216,6/27/2026 11:59:24 AM,068492a8-9bbc-456b-87fb-dc52c0aec9a7,2.0,,,,,,,,,,,,,,,,,,,,,,,,,,,,,,,,,,,"(-17.2, 0.2, -1.0)","(-17.4, 1.0, -0.7)","(-17.6, 0.7, -0.3)",
PLAYER_POSITIONS,345216,6/27/2026 11:59:24 AM,068492a8-9bbc-456b-87fb-dc52c0aec9a7,2.0,,,,,,,,,,,,,,,,,,,,,,,,,,,,,,,,,,,"(-17.2, 0.2, -1.0)","(-17.4, 1.0, -0.7)","(-17.6, 0.7, -0.3)",
VOICE_CAPTURE,345416,6/27/2026 11:59:24 AM,068492a8-9bbc-456b-87fb-dc52c0aec9a7,2.0,,,,,,,,,,,,,,,,,,,,,,,,,,,,,,,,,,,,,,,,,,,,,,,,,,,NA,excited.,
EVAC_RADIO_ALERT,345458,6/27/2026 11:59:24 AM,068492a8-9bbc-456b-87fb-dc52c0aec9a7,2.0,,,,,,,,1,
AUDIO_START,345464,6/27/2026 11:59:24 AM,068492a8-9bbc-456b-87fb-dc52c0aec9a7,2.0,evac in 5 minutes,4.127347,
PLAYER_POSITIONS,345728,6/27/2026 11:59:25 AM,068492a8-9bbc-456b-87fb-dc52c0aec9a7,2.0,,,,,,,,,,,,,,,,,,,,,,,,,,,,,,,,,,,"(-17.3, 0.2, -0.9)","(-17.3, 1.0, -0.7)","(-17.4, 0.7, -0.1)",
PLAYER_GAZE,345728,6/27/2026 11:59:25 AM,068492a8-9bbc-456b-87fb-dc52c0aec9a7,2.0,,,,,,,,,,,,,,,,,,,,,,,,Civilian PT 7,,,,,,,,,"(0.2, 1.0, -0.6)",,,"(-17.6, 0.0, -0.1)",
PLAYER_POSITIONS,345728,6/27/2026 11:59:25 AM,068492a8-9bbc-456b-87fb-dc52c0aec9a7,2.0,,,,,,,,,,,,,,,,,,,,,,,,,,,,,,,,,,,"(-17.3, 0.2, -0.9)","(-17.3, 1.0, -0.7)","(-17.4, 0.7, -0.1)",
PLAYER_GAZE,345728,6/27/2026 11:59:25 AM,068492a8-9bbc-456b-87fb-dc52c0aec9a7,2.0,,,,,,,,,,,,,,,,,,,,,,,,Civilian PT 7,,,,,,,,,"(0.2, 1.0, -0.6)",,,"(-17.6, 0.0, -0.1)",
TOOL_HOVER,345927,6/27/2026 11:59:25 AM,068492a8-9bbc-456b-87fb-dc52c0aec9a7,2.0,,,,,,,,,,,,,,,,,,,,,,,,,,,,,,,,,,,,,,,,,,,,,,998,,Decompression Needle,
VOICE_CAPTURE,345929,6/27/2026 11:59:25 AM,068492a8-9bbc-456b-87fb-dc52c0aec9a7,2.0,,,,,,,,,,,,,,,,,,,,,,,,,,,,,,,,,,,,,,,,,,,,,,,,,,,NA,excited.,
TOOL_SELECTED,346105,6/27/2026 11:59:25 AM,068492a8-9bbc-456b-87fb-dc52c0aec9a7,2.0,,,,,,,,,,,,,,,,,,,,,,,,,,,,,,,,,,,,,,,,,,,,,,997,,Decompression Needle,
PLAYER_POSITIONS,346240,6/27/2026 11:59:25 AM,068492a8-9bbc-456b-87fb-dc52c0aec9a7,2.0,,,,,,,,,,,,,,,,,,,,,,,,,,,,,,,,,,,"(-17.3, 0.2, -0.9)","(-17.3, 1.0, -0.7)","(-17.4, 0.8, -0.1)",
PLAYER_GAZE,346240,6/27/2026 11:59:25 AM,068492a8-9bbc-456b-87fb-dc52c0aec9a7,2.0,,,,,,,,,,,,,,,,,,,,,,,,Civilian PT 7,,,,,,,,,"(0.2, 1.0, -0.6)",,,"(-17.6, 0.0, -0.1)",
PLAYER_POSITIONS,346240,6/27/2026 11:59:25 AM,068492a8-9bbc-456b-87fb-dc52c0aec9a7,2.0,,,,,,,,,,,,,,,,,,,,,,,,,,,,,,,,,,,"(-17.3, 0.2, -0.9)","(-17.3, 1.0, -0.7)","(-17.4, 0.8, -0.1)",
PLAYER_GAZE,346240,6/27/2026 11:59:25 AM,068492a8-9bbc-456b-87fb-dc52c0aec9a7,2.0,,,,,,,,,,,,,,,,,,,,,,,,Civilian PT 7,,,,,,,,,"(0.2, 1.0, -0.6)",,,"(-17.6, 0.0, -0.1)",
VOICE_CAPTURE,346440,6/27/2026 11:59:25 AM,068492a8-9bbc-456b-87fb-dc52c0aec9a7,2.0,,,,,,,,,,,,,,,,,,,,,,,,,,,,,,,,,,,,,,,,,,,,,,,,,,,NA,excited.,
PLAYER_POSITIONS,346748,6/27/2026 11:59:26 AM,068492a8-9bbc-456b-87fb-dc52c0aec9a7,2.0,,,,,,,,,,,,,,,,,,,,,,,,,,,,,,,,,,,"(-17.2, 0.2, -0.9)","(-17.5, 0.9, -0.8)","(-17.8, 0.4, -0.6)",
PLAYER_POSITIONS,346748,6/27/2026 11:59:26 AM,068492a8-9bbc-456b-87fb-dc52c0aec9a7,2.0,,,,,,,,,,,,,,,,,,,,,,,,,,,,,,,,,,,"(-17.2, 0.2, -0.9)","(-17.5, 0.9, -0.8)","(-17.8, 0.4, -0.6)",
VOICE_CAPTURE,346914,6/27/2026 11:59:26 AM,068492a8-9bbc-456b-87fb-dc52c0aec9a7,2.0,,,,,,,,,,,,,,,,,,,,,,,,,,,,,,,,,,,,,,,,,,,,,,,,,,,NA,excited.,
PLAYER_POSITIONS,347270,6/27/2026 11:59:26 AM,068492a8-9bbc-456b-87fb-dc52c0aec9a7,2.0,,,,,,,,,,,,,,,,,,,,,,,,,,,,,,,,,,,"(-17.2, 0.2, -0.9)","(-17.5, 0.9, -0.8)","(-17.8, 0.3, -0.8)",
PLAYER_POSITIONS,347270,6/27/2026 11:59:26 AM,068492a8-9bbc-456b-87fb-dc52c0aec9a7,2.0,,,,,,,,,,,,,,,,,,,,,,,,,,,,,,,,,,,"(-17.2, 0.2, -0.9)","(-17.5, 0.9, -0.8)","(-17.8, 0.3, -0.8)",
VOICE_CAPTURE,347403,6/27/2026 11:59:26 AM,068492a8-9bbc-456b-87fb-dc52c0aec9a7,2.0,,,,,,,,,,,,,,,,,,,,,,,,,,,,,,,,,,,,,,,,,,,,,,,,,,,NA,excited.,
INJURY_TREATED,347585,6/27/2026 11:59:26 AM,068492a8-9bbc-456b-87fb-dc52c0aec9a7,2.0,,,,,,,,,chest,L Chest Collapse,"(-17.8, 0.3, -0.7)",decompressionNeedle,1,1,high,True,True,,,,,,,Civilian PT 7,
TOOL_APPLIED,347588,6/27/2026 11:59:26 AM,068492a8-9bbc-456b-87fb-dc52c0aec9a7,2.0,,,,,,,,,,,,,,,,,,,,,,,,Civilian PT 7,,,,,,,,,,,,,,,,,,,,AppliedDecompNeedle,LeftChestBreath (UnityEngine.GameObject),,Decompression Needle(Clone) (UnityEngine.GameObject),Decompression Needle,
PLAYER_POSITIONS,347781,6/27/2026 11:59:27 AM,068492a8-9bbc-456b-87fb-dc52c0aec9a7,2.0,,,,,,,,,,,,,,,,,,,,,,,,,,,,,,,,,,,"(-17.2, 0.2, -0.9)","(-17.5, 0.9, -0.8)","(-17.8, 0.3, -0.8)",
PLAYER_POSITIONS,347781,6/27/2026 11:59:27 AM,068492a8-9bbc-456b-87fb-dc52c0aec9a7,2.0,,,,,,,,,,,,,,,,,,,,,,,,,,,,,,,,,,,"(-17.2, 0.2, -0.9)","(-17.5, 0.9, -0.8)","(-17.8, 0.3, -0.8)",
VOICE_CAPTURE,347903,6/27/2026 11:59:27 AM,068492a8-9bbc-456b-87fb-dc52c0aec9a7,2.0,,,,,,,,,,,,,,,,,,,,,,,,,,,,,,,,,,,,,,,,,,,,,,,,,,,NA,excited.,
PLAYER_POSITIONS,348292,6/27/2026 11:59:27 AM,068492a8-9bbc-456b-87fb-dc52c0aec9a7,2.0,,,,,,,,,,,,,,,,,,,,,,,,,,,,,,,,,,,"(-17.2, 0.2, -0.9)","(-17.5, 0.9, -0.9)","(-17.8, 0.4, -0.6)",
PLAYER_POSITIONS,348292,6/27/2026 11:59:27 AM,068492a8-9bbc-456b-87fb-dc52c0aec9a7,2.0,,,,,,,,,,,,,,,,,,,,,,,,,,,,,,,,,,,"(-17.2, 0.2, -0.9)","(-17.5, 0.9, -0.9)","(-17.8, 0.4, -0.6)",
VOICE_CAPTURE,348402,6/27/2026 11:59:27 AM,068492a8-9bbc-456b-87fb-dc52c0aec9a7,2.0,,,,,,,,,,,,,,,,,,,,,,,,,,,,,,,,,,,,,,,,,,,,,,,,,,,NA,excited.,
PLAYER_POSITIONS,348803,6/27/2026 11:59:28 AM,068492a8-9bbc-456b-87fb-dc52c0aec9a7,2.0,,,,,,,,,,,,,,,,,,,,,,,,,,,,,,,,,,,"(-17.2, 0.2, -0.9)","(-17.5, 0.9, -0.9)","(-17.6, 0.5, -0.5)",
PLAYER_POSITIONS,348803,6/27/2026 11:59:28 AM,068492a8-9bbc-456b-87fb-dc52c0aec9a7,2.0,,,,,,,,,,,,,,,,,,,,,,,,,,,,,,,,,,,"(-17.2, 0.2, -0.9)","(-17.5, 0.9, -0.9)","(-17.6, 0.5, -0.5)",
VOICE_CAPTURE,348908,6/27/2026 11:59:28 AM,068492a8-9bbc-456b-87fb-dc52c0aec9a7,2.0,,,,,,,,,,,,,,,,,,,,,,,,,,,,,,,,,,,,,,,,,,,,,,,,,,,NA,excited.,
AUDIO_START,349265,6/27/2026 11:59:28 AM,068492a8-9bbc-456b-87fb-dc52c0aec9a7,2.0,delta west exit casevac,3.94449,
PLAYER_POSITIONS,349304,6/27/2026 11:59:28 AM,068492a8-9bbc-456b-87fb-dc52c0aec9a7,2.0,,,,,,,,,,,,,,,,,,,,,,,,,,,,,,,,,,,"(-17.2, 0.2, -0.9)","(-17.5, 0.9, -0.8)","(-17.6, 0.6, -0.6)",
PLAYER_POSITIONS,349304,6/27/2026 11:59:28 AM,068492a8-9bbc-456b-87fb-dc52c0aec9a7,2.0,,,,,,,,,,,,,,,,,,,,,,,,,,,,,,,,,,,"(-17.2, 0.2, -0.9)","(-17.5, 0.9, -0.8)","(-17.6, 0.6, -0.6)",
VOICE_CAPTURE,349415,6/27/2026 11:59:28 AM,068492a8-9bbc-456b-87fb-dc52c0aec9a7,2.0,,,,,,,,,,,,,,,,,,,,,,,,,,,,,,,,,,,,,,,,,,,,,,,,,,,NA,excited.,
AUDIO_END,349596,6/27/2026 11:59:28 AM,068492a8-9bbc-456b-87fb-dc52c0aec9a7,2.0,evac in 5 minutes,4.127347,
PLAYER_POSITIONS,349815,6/27/2026 11:59:29 AM,068492a8-9bbc-456b-87fb-dc52c0aec9a7,2.0,,,,,,,,,,,,,,,,,,,,,,,,,,,,,,,,,,,"(-17.2, 0.2, -0.9)","(-17.5, 0.9, -0.8)","(-17.6, 0.6, -0.6)",
PLAYER_POSITIONS,349815,6/27/2026 11:59:29 AM,068492a8-9bbc-456b-87fb-dc52c0aec9a7,2.0,,,,,,,,,,,,,,,,,,,,,,,,,,,,,,,,,,,"(-17.2, 0.2, -0.9)","(-17.5, 0.9, -0.8)","(-17.6, 0.6, -0.6)",
VOICE_CAPTURE,349916,6/27/2026 11:59:29 AM,068492a8-9bbc-456b-87fb-dc52c0aec9a7,2.0,,,,,,,,,,,,,,,,,,,,,,,,,,,,,,,,,,,,,,,,,,,,,,,,,,,NA,excited.,
PLAYER_POSITIONS,350360,6/27/2026 11:59:29 AM,068492a8-9bbc-456b-87fb-dc52c0aec9a7,2.0,,,,,,,,,,,,,,,,,,,,,,,,,,,,,,,,,,,"(-17.2, 0.2, -0.9)","(-17.5, 0.9, -0.9)","(-17.6, 0.6, -0.6)",
PLAYER_POSITIONS,350360,6/27/2026 11:59:29 AM,068492a8-9bbc-456b-87fb-dc52c0aec9a7,2.0,,,,,,,,,,,,,,,,,,,,,,,,,,,,,,,,,,,"(-17.2, 0.2, -0.9)","(-17.5, 0.9, -0.9)","(-17.6, 0.6, -0.6)",
VOICE_CAPTURE,350426,6/27/2026 11:59:29 AM,068492a8-9bbc-456b-87fb-dc52c0aec9a7,2.0,,,,,,,,,,,,,,,,,,,,,,,,,,,,,,,,,,,,,,,,,,,,,,,,,,,NA,excited.,
PLAYER_POSITIONS,350872,6/27/2026 11:59:30 AM,068492a8-9bbc-456b-87fb-dc52c0aec9a7,2.0,,,,,,,,,,,,,,,,,,,,,,,,,,,,,,,,,,,"(-17.2, 0.2, -0.9)","(-17.5, 0.9, -0.9)","(-17.6, 0.6, -0.6)",
PLAYER_POSITIONS,350872,6/27/2026 11:59:30 AM,068492a8-9bbc-456b-87fb-dc52c0aec9a7,2.0,,,,,,,,,,,,,,,,,,,,,,,,,,,,,,,,,,,"(-17.2, 0.2, -0.9)","(-17.5, 0.9, -0.9)","(-17.6, 0.6, -0.6)",
VOICE_CAPTURE,350904,6/27/2026 11:59:30 AM,068492a8-9bbc-456b-87fb-dc52c0aec9a7,2.0,,,,,,,,,,,,,,,,,,,,,,,,,,,,,,,,,,,,,,,,,,,,,,,,,,,NA,excited.,
PLAYER_POSITIONS,351395,6/27/2026 11:59:30 AM,068492a8-9bbc-456b-87fb-dc52c0aec9a7,2.0,,,,,,,,,,,,,,,,,,,,,,,,,,,,,,,,,,,"(-17.2, 0.2, -0.9)","(-17.5, 0.8, -0.9)","(-17.6, 0.6, -0.6)",
PLAYER_POSITIONS,351395,6/27/2026 11:59:30 AM,068492a8-9bbc-456b-87fb-dc52c0aec9a7,2.0,,,,,,,,,,,,,,,,,,,,,,,,,,,,,,,,,,,"(-17.2, 0.2, -0.9)","(-17.5, 0.8, -0.9)","(-17.6, 0.6, -0.6)",
VOICE_CAPTURE,351427,6/27/2026 11:59:30 AM,068492a8-9bbc-456b-87fb-dc52c0aec9a7,2.0,,,,,,,,,,,,,,,,,,,,,,,,,,,,,,,,,,,,,,,,,,,,,,,,,,,NA,excited.,
PLAYER_POSITIONS,351903,6/27/2026 11:59:31 AM,068492a8-9bbc-456b-87fb-dc52c0aec9a7,2.0,,,,,,,,,,,,,,,,,,,,,,,,,,,,,,,,,,,"(-17.3, 0.2, -0.9)","(-17.5, 0.8, -0.9)","(-17.6, 0.6, -0.5)",
PLAYER_POSITIONS,351903,6/27/2026 11:59:31 AM,068492a8-9bbc-456b-87fb-dc52c0aec9a7,2.0,,,,,,,,,,,,,,,,,,,,,,,,,,,,,,,,,,,"(-17.3, 0.2, -0.9)","(-17.5, 0.8, -0.9)","(-17.6, 0.6, -0.5)",
VOICE_CAPTURE,351903,6/27/2026 11:59:31 AM,068492a8-9bbc-456b-87fb-dc52c0aec9a7,2.0,,,,,,,,,,,,,,,,,,,,,,,,,,,,,,,,,,,,,,,,,,,,,,,,,,,NA,excited.,
BAG_CLOSED,352146,6/27/2026 11:59:31 AM,068492a8-9bbc-456b-87fb-dc52c0aec9a7,2.0,,,,,,,,,,,,,,,,,,,,,,,,,,,,,,,,,,,,"(0.0, 0.0, 0.0)",
BUTTON_CLICKED,352358,6/27/2026 11:59:31 AM,068492a8-9bbc-456b-87fb-dc52c0aec9a7,2.0,,,modbutton pain,
VOICE_CAPTURE,352358,6/27/2026 11:59:31 AM,068492a8-9bbc-456b-87fb-dc52c0aec9a7,2.0,,,,,,,,,,,,,,,,,,,,,,,,,,,,,,,,,,,,,,,,,,,,,,,,,,,NA,modbutton pain,
VOICE_COMMAND,352358,6/27/2026 11:59:31 AM,068492a8-9bbc-456b-87fb-dc52c0aec9a7,2.0,,,,,,,,,,,,,,,,,,,,,,,,Civilian PT 7,,,,,,,,,,,,,,,,,,,,,,,,,,,modbutton pain,are you in pain,
PLAYER_POSITIONS,352430,6/27/2026 11:59:31 AM,068492a8-9bbc-456b-87fb-dc52c0aec9a7,2.0,,,,,,,,,,,,,,,,,,,,,,,,,,,,,,,,,,,"(-17.3, 0.3, -1.0)","(-17.3, 0.9, -0.9)","(-17.6, 0.6, -0.6)",
PLAYER_POSITIONS,352430,6/27/2026 11:59:31 AM,068492a8-9bbc-456b-87fb-dc52c0aec9a7,2.0,,,,,,,,,,,,,,,,,,,,,,,,,,,,,,,,,,,"(-17.3, 0.3, -1.0)","(-17.3, 0.9, -0.9)","(-17.6, 0.6, -0.6)",
VOICE_CAPTURE,352430,6/27/2026 11:59:31 AM,068492a8-9bbc-456b-87fb-dc52c0aec9a7,2.0,,,,,,,,,,,,,,,,,,,,,,,,,,,,,,,,,,,,,,,,,,,,,,,,,,,NA,excited.,
VOICE_CAPTURE,352891,6/27/2026 11:59:32 AM,068492a8-9bbc-456b-87fb-dc52c0aec9a7,2.0,,,,,,,,,,,,,,,,,,,,,,,,,,,,,,,,,,,,,,,,,,,,,,,,,,,NA,excited.,
PLAYER_POSITIONS,352935,6/27/2026 11:59:32 AM,068492a8-9bbc-456b-87fb-dc52c0aec9a7,2.0,,,,,,,,,,,,,,,,,,,,,,,,,,,,,,,,,,,"(-17.2, 0.2, -0.9)","(-17.3, 1.0, -0.8)","(-17.5, 0.7, -0.5)",
PLAYER_POSITIONS,352935,6/27/2026 11:59:32 AM,068492a8-9bbc-456b-87fb-dc52c0aec9a7,2.0,,,,,,,,,,,,,,,,,,,,,,,,,,,,,,,,,,,"(-17.2, 0.2, -0.9)","(-17.3, 1.0, -0.8)","(-17.5, 0.7, -0.5)",
AUDIO_END,353224,6/27/2026 11:59:32 AM,068492a8-9bbc-456b-87fb-dc52c0aec9a7,2.0,delta west exit casevac,3.94449,
NARRATIVE_SECTION_END,353224,6/27/2026 11:59:32 AM,068492a8-9bbc-456b-87fb-dc52c0aec9a7,2.0,,,,,,,,,,,,,,,,,,Affirmate Delta west exit casevac,38,
NARRATIVE_SECTION_START,353263,6/27/2026 11:59:32 AM,068492a8-9bbc-456b-87fb-dc52c0aec9a7,2.0,,,,,,,,,,,,,,,,,,Delta needs air support on west exit,39,
VOICE_CAPTURE,353391,6/27/2026 11:59:32 AM,068492a8-9bbc-456b-87fb-dc52c0aec9a7,2.0,,,,,,,,,,,,,,,,,,,,,,,,,,,,,,,,,,,,,,,,,,,,,,,,,,,NA,excited.,
PLAYER_POSITIONS,353436,6/27/2026 11:59:32 AM,068492a8-9bbc-456b-87fb-dc52c0aec9a7,2.0,,,,,,,,,,,,,,,,,,,,,,,,,,,,,,,,,,,"(-17.2, 0.2, -0.9)","(-17.3, 1.0, -0.8)","(-17.5, 0.7, -0.6)",
PLAYER_POSITIONS,353436,6/27/2026 11:59:32 AM,068492a8-9bbc-456b-87fb-dc52c0aec9a7,2.0,,,,,,,,,,,,,,,,,,,,,,,,,,,,,,,,,,,"(-17.2, 0.2, -0.9)","(-17.3, 1.0, -0.8)","(-17.5, 0.7, -0.6)",
VOICE_CAPTURE,353891,6/27/2026 11:59:33 AM,068492a8-9bbc-456b-87fb-dc52c0aec9a7,2.0,,,,,,,,,,,,,,,,,,,,,,,,,,,,,,,,,,,,,,,,,,,,,,,,,,,NA,excited.,
PLAYER_POSITIONS,353936,6/27/2026 11:59:33 AM,068492a8-9bbc-456b-87fb-dc52c0aec9a7,2.0,,,,,,,,,,,,,,,,,,,,,,,,,,,,,,,,,,,"(-17.2, 0.3, -0.9)","(-17.3, 1.0, -0.8)","(-17.6, 0.7, -0.5)",
PLAYER_POSITIONS,353936,6/27/2026 11:59:33 AM,068492a8-9bbc-456b-87fb-dc52c0aec9a7,2.0,,,,,,,,,,,,,,,,,,,,,,,,,,,,,,,,,,,"(-17.2, 0.3, -0.9)","(-17.3, 1.0, -0.8)","(-17.6, 0.7, -0.5)",
VOICE_CAPTURE,354415,6/27/2026 11:59:33 AM,068492a8-9bbc-456b-87fb-dc52c0aec9a7,2.0,,,,,,,,,,,,,,,,,,,,,,,,,,,,,,,,,,,,,,,,,,,,,,,,,,,NA,excited. Thank you.,
PLAYER_POSITIONS,354437,6/27/2026 11:59:33 AM,068492a8-9bbc-456b-87fb-dc52c0aec9a7,2.0,,,,,,,,,,,,,,,,,,,,,,,,,,,,,,,,,,,"(-17.2, 0.2, -0.9)","(-17.3, 1.0, -0.8)","(-17.6, 0.7, -0.4)",
PLAYER_POSITIONS,354437,6/27/2026 11:59:33 AM,068492a8-9bbc-456b-87fb-dc52c0aec9a7,2.0,,,,,,,,,,,,,,,,,,,,,,,,,,,,,,,,,,,"(-17.2, 0.2, -0.9)","(-17.3, 1.0, -0.8)","(-17.6, 0.7, -0.4)",
TOOL_HOVER,354821,6/27/2026 11:59:34 AM,068492a8-9bbc-456b-87fb-dc52c0aec9a7,2.0,,,,,,,,,,,,,,,,,,,,,,,,,,,,,,,,,,,,,,,,,,,,,,998,,Gauze Wrap,
VOICE_CAPTURE,354890,6/27/2026 11:59:34 AM,068492a8-9bbc-456b-87fb-dc52c0aec9a7,2.0,,,,,,,,,,,,,,,,,,,,,,,,,,,,,,,,,,,,,,,,,,,,,,,,,,,NA,excited. Thank you.,
VOICE_CAPTURE,354891,6/27/2026 11:59:34 AM,068492a8-9bbc-456b-87fb-dc52c0aec9a7,2.0,,,,,,,,,,,,,,,,,,,,,,,,,,,,,,,,,,,,,,,,,,,,,,,,,,,NA,excited. Thank you.,
PLAYER_POSITIONS,354957,6/27/2026 11:59:34 AM,068492a8-9bbc-456b-87fb-dc52c0aec9a7,2.0,,,,,,,,,,,,,,,,,,,,,,,,,,,,,,,,,,,"(-17.2, 0.3, -0.9)","(-17.3, 1.1, -0.7)","(-17.7, 0.9, -0.7)",
PLAYER_POSITIONS,354957,6/27/2026 11:59:34 AM,068492a8-9bbc-456b-87fb-dc52c0aec9a7,2.0,,,,,,,,,,,,,,,,,,,,,,,,,,,,,,,,,,,"(-17.2, 0.3, -0.9)","(-17.3, 1.1, -0.7)","(-17.7, 0.9, -0.7)",
TOOL_HOVER,355221,6/27/2026 11:59:34 AM,068492a8-9bbc-456b-87fb-dc52c0aec9a7,2.0,,,,,,,,,,,,,,,,,,,,,,,,,,,,,,,,,,,,,,,,,,,,,,997,,Hemostatic Gauze,
AUDIO_START,355276,6/27/2026 11:59:34 AM,068492a8-9bbc-456b-87fb-dc52c0aec9a7,2.0,delta needs air support on west exit,5.067755,
TOOL_HOVER,355310,6/27/2026 11:59:34 AM,068492a8-9bbc-456b-87fb-dc52c0aec9a7,2.0,,,,,,,,,,,,,,,,,,,,,,,,,,,,,,,,,,,,,,,,,,,,,,998,,Gauze Wrap,
PLAYER_POSITIONS,355479,6/27/2026 11:59:34 AM,068492a8-9bbc-456b-87fb-dc52c0aec9a7,2.0,,,,,,,,,,,,,,,,,,,,,,,,,,,,,,,,,,,"(-17.1, 0.2, -0.9)","(-17.3, 1.0, -0.8)","(-17.7, 0.8, -0.7)",
PLAYER_POSITIONS,355479,6/27/2026 11:59:34 AM,068492a8-9bbc-456b-87fb-dc52c0aec9a7,2.0,,,,,,,,,,,,,,,,,,,,,,,,,,,,,,,,,,,"(-17.1, 0.2, -0.9)","(-17.3, 1.0, -0.8)","(-17.7, 0.8, -0.7)",
TOOL_SELECTED,355588,6/27/2026 11:59:34 AM,068492a8-9bbc-456b-87fb-dc52c0aec9a7,2.0,,,,,,,,,,,,,,,,,,,,,,,,,,,,,,,,,,,,,,,,,,,,,,997,,Gauze Wrap,
PLAYER_POSITIONS,355998,6/27/2026 11:59:35 AM,068492a8-9bbc-456b-87fb-dc52c0aec9a7,2.0,,,,,,,,,,,,,,,,,,,,,,,,,,,,,,,,,,,"(-17.1, 0.3, -0.9)","(-17.3, 1.0, -0.9)","(-17.7, 0.5, -1.0)",
PLAYER_POSITIONS,355998,6/27/2026 11:59:35 AM,068492a8-9bbc-456b-87fb-dc52c0aec9a7,2.0,,,,,,,,,,,,,,,,,,,,,,,,,,,,,,,,,,,"(-17.1, 0.3, -0.9)","(-17.3, 1.0, -0.9)","(-17.7, 0.5, -1.0)",
INJURY_TREATED,356510,6/27/2026 11:59:35 AM,068492a8-9bbc-456b-87fb-dc52c0aec9a7,2.0,,,,,,,,,head,Bleeding Scalp,"(-17.8, 0.4, -1.1)",israeliWrap,1,0,medium,False,False,,,,,,,Civilian PT 7,
TOOL_APPLIED,356510,6/27/2026 11:59:35 AM,068492a8-9bbc-456b-87fb-dc52c0aec9a7,2.0,,,,,,,,,,,,,,,,,,,,,,,,Civilian PT 7,,,,,,,,,,,,,,,,,,,,AppliedGauzeWrap,skinCollider_BodyGar_LOD (UnityEngine.GameObject),,Gauze Wrap(Clone) (UnityEngine.GameObject),Gauze Wrap,
PLAYER_POSITIONS,356512,6/27/2026 11:59:35 AM,068492a8-9bbc-456b-87fb-dc52c0aec9a7,2.0,,,,,,,,,,,,,,,,,,,,,,,,,,,,,,,,,,,"(-17.0, 0.2, -0.9)","(-17.4, 0.9, -0.9)","(-17.8, 0.4, -1.1)",
PLAYER_POSITIONS,356512,6/27/2026 11:59:35 AM,068492a8-9bbc-456b-87fb-dc52c0aec9a7,2.0,,,,,,,,,,,,,,,,,,,,,,,,,,,,,,,,,,,"(-17.0, 0.2, -0.9)","(-17.4, 0.9, -0.9)","(-17.8, 0.4, -1.1)",
PULSE_TAKEN,356716,6/27/2026 11:59:36 AM,068492a8-9bbc-456b-87fb-dc52c0aec9a7,2.0,,,,,,,,,,,,,,,,,,,,,,,,Civilian PT 7,,,,pulse_normal,
PLAYER_POSITIONS,357020,6/27/2026 11:59:36 AM,068492a8-9bbc-456b-87fb-dc52c0aec9a7,2.0,,,,,,,,,,,,,,,,,,,,,,,,,,,,,,,,,,,"(-17.1, 0.2, -0.9)","(-17.3, 1.0, -0.9)","(-17.6, 0.6, -0.8)",
PLAYER_POSITIONS,357020,6/27/2026 11:59:36 AM,068492a8-9bbc-456b-87fb-dc52c0aec9a7,2.0,,,,,,,,,,,,,,,,,,,,,,,,,,,,,,,,,,,"(-17.1, 0.2, -0.9)","(-17.3, 1.0, -0.9)","(-17.6, 0.6, -0.8)",
PLAYER_POSITIONS,357530,6/27/2026 11:59:36 AM,068492a8-9bbc-456b-87fb-dc52c0aec9a7,2.0,,,,,,,,,,,,,,,,,,,,,,,,,,,,,,,,,,,"(-17.2, 0.2, -0.9)","(-17.2, 1.0, -0.8)","(-17.5, 0.7, -0.6)",
PLAYER_POSITIONS,357530,6/27/2026 11:59:36 AM,068492a8-9bbc-456b-87fb-dc52c0aec9a7,2.0,,,,,,,,,,,,,,,,,,,,,,,,,,,,,,,,,,,"(-17.2, 0.2, -0.9)","(-17.2, 1.0, -0.8)","(-17.5, 0.7, -0.6)",
PLAYER_POSITIONS,358054,6/27/2026 11:59:37 AM,068492a8-9bbc-456b-87fb-dc52c0aec9a7,2.0,,,,,,,,,,,,,,,,,,,,,,,,,,,,,,,,,,,"(-17.2, 0.2, -0.9)","(-17.2, 1.0, -0.7)","(-17.4, 0.6, -1.0)",
PLAYER_GAZE,358054,6/27/2026 11:59:37 AM,068492a8-9bbc-456b-87fb-dc52c0aec9a7,2.0,,,,,,,,,,,,,,,,,,,,,,,,Civilian PT 7,,,,,,,,,"(0.4, 1.0, -0.6)",,,"(-17.6, 0.0, -0.1)",
PLAYER_POSITIONS,358054,6/27/2026 11:59:37 AM,068492a8-9bbc-456b-87fb-dc52c0aec9a7,2.0,,,,,,,,,,,,,,,,,,,,,,,,,,,,,,,,,,,"(-17.2, 0.2, -0.9)","(-17.2, 1.0, -0.7)","(-17.4, 0.6, -1.0)",
PLAYER_GAZE,358054,6/27/2026 11:59:37 AM,068492a8-9bbc-456b-87fb-dc52c0aec9a7,2.0,,,,,,,,,,,,,,,,,,,,,,,,Civilian PT 7,,,,,,,,,"(0.4, 1.0, -0.6)",,,"(-17.6, 0.0, -0.1)",
PLAYER_POSITIONS,358585,6/27/2026 11:59:37 AM,068492a8-9bbc-456b-87fb-dc52c0aec9a7,2.0,,,,,,,,,,,,,,,,,,,,,,,,,,,,,,,,,,,"(-17.2, 0.2, -0.9)","(-17.2, 1.0, -0.7)","(-17.4, 0.7, -1.1)",
PLAYER_POSITIONS,358585,6/27/2026 11:59:37 AM,068492a8-9bbc-456b-87fb-dc52c0aec9a7,2.0,,,,,,,,,,,,,,,,,,,,,,,,,,,,,,,,,,,"(-17.2, 0.2, -0.9)","(-17.2, 1.0, -0.7)","(-17.4, 0.7, -1.1)",
PLAYER_POSITIONS,359113,6/27/2026 11:59:38 AM,068492a8-9bbc-456b-87fb-dc52c0aec9a7,2.0,,,,,,,,,,,,,,,,,,,,,,,,,,,,,,,,,,,"(-17.1, 0.2, -0.9)","(-17.2, 1.1, -0.7)","(-17.4, 0.7, -0.8)",
PLAYER_POSITIONS,359113,6/27/2026 11:59:38 AM,068492a8-9bbc-456b-87fb-dc52c0aec9a7,2.0,,,,,,,,,,,,,,,,,,,,,,,,,,,,,,,,,,,"(-17.1, 0.2, -0.9)","(-17.2, 1.1, -0.7)","(-17.4, 0.7, -0.8)",
BAG_CLOSED,359345,6/27/2026 11:59:38 AM,068492a8-9bbc-456b-87fb-dc52c0aec9a7,2.0,,,,,,,,,,,,,,,,,,,,,,,,,,,,,,,,,,,,"(0.0, 0.0, 0.0)",
PLAYER_POSITIONS,359626,6/27/2026 11:59:39 AM,068492a8-9bbc-456b-87fb-dc52c0aec9a7,2.0,,,,,,,,,,,,,,,,,,,,,,,,,,,,,,,,,,,"(-17.4, 0.3, -0.9)","(-17.4, 1.1, -0.6)","(-17.7, 0.7, -0.2)",
PLAYER_GAZE,359626,6/27/2026 11:59:39 AM,068492a8-9bbc-456b-87fb-dc52c0aec9a7,2.0,,,,,,,,,,,,,,,,,,,,,,,,Civilian PT 7,,,,,,,,,"(0.2, 1.1, -0.5)",,,"(-17.6, 0.0, -0.1)",
PLAYER_POSITIONS,359626,6/27/2026 11:59:39 AM,068492a8-9bbc-456b-87fb-dc52c0aec9a7,2.0,,,,,,,,,,,,,,,,,,,,,,,,,,,,,,,,,,,"(-17.4, 0.3, -0.9)","(-17.4, 1.1, -0.6)","(-17.7, 0.7, -0.2)",
PLAYER_GAZE,359626,6/27/2026 11:59:39 AM,068492a8-9bbc-456b-87fb-dc52c0aec9a7,2.0,,,,,,,,,,,,,,,,,,,,,,,,Civilian PT 7,,,,,,,,,"(0.2, 1.1, -0.5)",,,"(-17.6, 0.0, -0.1)",
PATIENT_DISENGAGED,359669,6/27/2026 11:59:39 AM,068492a8-9bbc-456b-87fb-dc52c0aec9a7,2.0,,,,59.52,,,,,,,,,,,,,,,,normal,100,Infinity,normal,Civilian PT 7,agony,recovery,"(-17.6, -0.1, -0.1)",normal,"(0.0, 0.5, 0.0, 0.9)",normal,DELAYED,still,,,,,,,,,,,,,,,,,59.52,
TELEPORT,359882,6/27/2026 11:59:39 AM,068492a8-9bbc-456b-87fb-dc52c0aec9a7,2.0,,,,,,,,,,,,,,,,,,,,,,,,,,,,,,,,,,,,"(-17.4, 1.1, -0.6)",,,,,,,"(-19.9, 1.1, 1.9)",
PLAYER_POSITIONS,360125,6/27/2026 11:59:39 AM,068492a8-9bbc-456b-87fb-dc52c0aec9a7,2.0,,,,,,,,,,,,,,,,,,,,,,,,,,,,,,,,,,,"(-19.9, 0.3, 1.7)","(-19.9, 1.1, 1.9)","(-20.2, 0.6, 2.0)",
PLAYER_POSITIONS,360125,6/27/2026 11:59:39 AM,068492a8-9bbc-456b-87fb-dc52c0aec9a7,2.0,,,,,,,,,,,,,,,,,,,,,,,,,,,,,,,,,,,"(-19.9, 0.3, 1.7)","(-19.9, 1.1, 1.9)","(-20.2, 0.6, 2.0)",
AUDIO_END,360337,6/27/2026 11:59:39 AM,068492a8-9bbc-456b-87fb-dc52c0aec9a7,2.0,delta needs air support on west exit,5.067755,
NARRATIVE_SECTION_END,360337,6/27/2026 11:59:39 AM,068492a8-9bbc-456b-87fb-dc52c0aec9a7,2.0,,,,,,,,,,,,,,,,,,Delta needs air support on west exit,39,
NARRATIVE_SECTION_START,360377,6/27/2026 11:59:39 AM,068492a8-9bbc-456b-87fb-dc52c0aec9a7,2.0,,,,,,,,,,,,,,,,,,Request GBU 38,40,
PLAYER_POSITIONS,360626,6/27/2026 11:59:40 AM,068492a8-9bbc-456b-87fb-dc52c0aec9a7,2.0,,,,,,,,,,,,,,,,,,,,,,,,,,,,,,,,,,,"(-20.2, 0.3, 2.2)","(-20.2, 1.1, 2.6)","(-20.5, 0.6, 2.4)",
PLAYER_POSITIONS,360626,6/27/2026 11:59:40 AM,068492a8-9bbc-456b-87fb-dc52c0aec9a7,2.0,,,,,,,,,,,,,,,,,,,,,,,,,,,,,,,,,,,"(-20.2, 0.3, 2.2)","(-20.2, 1.1, 2.6)","(-20.5, 0.6, 2.4)",
PLAYER_POSITIONS,361140,6/27/2026 11:59:40 AM,068492a8-9bbc-456b-87fb-dc52c0aec9a7,2.0,,,,,,,,,,,,,,,,,,,,,,,,,,,,,,,,,,,"(-20.0, 0.3, 2.5)","(-19.9, 1.1, 2.6)","(-20.0, 0.6, 2.4)",
PLAYER_POSITIONS,361140,6/27/2026 11:59:40 AM,068492a8-9bbc-456b-87fb-dc52c0aec9a7,2.0,,,,,,,,,,,,,,,,,,,,,,,,,,,,,,,,,,,"(-20.0, 0.3, 2.5)","(-19.9, 1.1, 2.6)","(-20.0, 0.6, 2.4)",
PLAYER_POSITIONS,361647,6/27/2026 11:59:41 AM,068492a8-9bbc-456b-87fb-dc52c0aec9a7,2.0,,,,,,,,,,,,,,,,,,,,,,,,,,,,,,,,,,,"(-19.4, 0.3, 2.0)","(-19.4, 1.1, 2.0)","(-19.4, 0.5, 1.8)",
PLAYER_POSITIONS,361647,6/27/2026 11:59:41 AM,068492a8-9bbc-456b-87fb-dc52c0aec9a7,2.0,,,,,,,,,,,,,,,,,,,,,,,,,,,,,,,,,,,"(-19.4, 0.3, 2.0)","(-19.4, 1.1, 2.0)","(-19.4, 0.5, 1.8)",
TELEPORT,361824,6/27/2026 11:59:41 AM,068492a8-9bbc-456b-87fb-dc52c0aec9a7,2.0,,,,,,,,,,,,,,,,,,,,,,,,,,,,,,,,,,,,"(-19.6, 1.1, 2.5)",,,,,,,"(-18.3, 1.1, 0.6)",
PLAYER_POSITIONS,362178,6/27/2026 11:59:41 AM,068492a8-9bbc-456b-87fb-dc52c0aec9a7,2.0,,,,,,,,,,,,,,,,,,,,,,,,,,,,,,,,,,,"(-18.0, 0.3, 0.4)","(-18.1, 1.1, 0.4)","(-18.2, 0.5, 0.3)",
PLAYER_POSITIONS,362178,6/27/2026 11:59:41 AM,068492a8-9bbc-456b-87fb-dc52c0aec9a7,2.0,,,,,,,,,,,,,,,,,,,,,,,,,,,,,,,,,,,"(-18.0, 0.3, 0.4)","(-18.1, 1.1, 0.4)","(-18.2, 0.5, 0.3)",
AUDIO_START,362409,6/27/2026 11:59:41 AM,068492a8-9bbc-456b-87fb-dc52c0aec9a7,2.0,request gbu 38,5.067755,
VOICE_CAPTURE,362598,6/27/2026 11:59:41 AM,068492a8-9bbc-456b-87fb-dc52c0aec9a7,2.0,,,,,,,,,,,,,,,,,,,,,,,,,,,,,,,,,,,,,,,,,,,,,,,,,,,NA,and,
PLAYER_POSITIONS,362687,6/27/2026 11:59:42 AM,068492a8-9bbc-456b-87fb-dc52c0aec9a7,2.0,,,,,,,,,,,,,,,,,,,,,,,,,,,,,,,,,,,"(-17.3, 0.3, 0.2)","(-17.4, 1.1, 0.2)","(-17.8, 0.7, 0.3)",
PLAYER_GAZE,362687,6/27/2026 11:59:42 AM,068492a8-9bbc-456b-87fb-dc52c0aec9a7,2.0,,,,,,,,,,,,,,,,,,,,,,,,Civilian PT 7,,,,,,,,,"(0.2, 1.1, 0.3)",,,"(-17.6, 0.0, -0.1)",
PLAYER_POSITIONS,362687,6/27/2026 11:59:42 AM,068492a8-9bbc-456b-87fb-dc52c0aec9a7,2.0,,,,,,,,,,,,,,,,,,,,,,,,,,,,,,,,,,,"(-17.3, 0.3, 0.2)","(-17.4, 1.1, 0.2)","(-17.8, 0.7, 0.3)",
PLAYER_GAZE,362687,6/27/2026 11:59:42 AM,068492a8-9bbc-456b-87fb-dc52c0aec9a7,2.0,,,,,,,,,,,,,,,,,,,,,,,,Civilian PT 7,,,,,,,,,"(0.2, 1.1, 0.3)",,,"(-17.6, 0.0, -0.1)",
PATIENT_ENGAGED,362706,6/27/2026 11:59:42 AM,068492a8-9bbc-456b-87fb-dc52c0aec9a7,2.0,,,,0,,,,,,,,,,,,,,,,normal,100,Infinity,normal,Civilian PT 7,agony,recovery,"(-17.6, -0.1, -0.1)",normal,"(0.0, 0.5, 0.0, 0.9)",normal,DELAYED,still,,,,,,,,,,,,,,,,,59.52,
VOICE_CAPTURE,362818,6/27/2026 11:59:42 AM,068492a8-9bbc-456b-87fb-dc52c0aec9a7,2.0,,,,,,,,,,,,,,,,,,,,,,,,,,,,,,,,,,,,,,,,,,,,,,,,,,,NA,and,
PLAYER_POSITIONS,363205,6/27/2026 11:59:42 AM,068492a8-9bbc-456b-87fb-dc52c0aec9a7,2.0,,,,,,,,,,,,,,,,,,,,,,,,,,,,,,,,,,,"(-17.2, 0.3, -0.1)","(-17.2, 1.1, 0.0)","(-17.6, 0.7, 0.1)",
PLAYER_POSITIONS,363205,6/27/2026 11:59:42 AM,068492a8-9bbc-456b-87fb-dc52c0aec9a7,2.0,,,,,,,,,,,,,,,,,,,,,,,,,,,,,,,,,,,"(-17.2, 0.3, -0.1)","(-17.2, 1.1, 0.0)","(-17.6, 0.7, 0.1)",
VOICE_CAPTURE,363294,6/27/2026 11:59:42 AM,068492a8-9bbc-456b-87fb-dc52c0aec9a7,2.0,,,,,,,,,,,,,,,,,,,,,,,,,,,,,,,,,,,,,,,,,,,,,,,,,,,NA,and,
PLAYER_POSITIONS,363717,6/27/2026 11:59:43 AM,068492a8-9bbc-456b-87fb-dc52c0aec9a7,2.0,,,,,,,,,,,,,,,,,,,,,,,,,,,,,,,,,,,"(-17.2, 0.3, -0.5)","(-17.2, 1.1, -0.4)","(-17.6, 0.6, -0.3)",
PLAYER_POSITIONS,363717,6/27/2026 11:59:43 AM,068492a8-9bbc-456b-87fb-dc52c0aec9a7,2.0,,,,,,,,,,,,,,,,,,,,,,,,,,,,,,,,,,,"(-17.2, 0.3, -0.5)","(-17.2, 1.1, -0.4)","(-17.6, 0.6, -0.3)",
VOICE_CAPTURE,363817,6/27/2026 11:59:43 AM,068492a8-9bbc-456b-87fb-dc52c0aec9a7,2.0,,,,,,,,,,,,,,,,,,,,,,,,,,,,,,,,,,,,,,,,,,,,,,,,,,,NA,and,
PLAYER_POSITIONS,364230,6/27/2026 11:59:43 AM,068492a8-9bbc-456b-87fb-dc52c0aec9a7,2.0,,,,,,,,,,,,,,,,,,,,,,,,,,,,,,,,,,,"(-17.1, 0.3, -0.6)","(-17.2, 1.0, -0.4)","(-17.6, 0.6, -0.3)",
PLAYER_POSITIONS,364230,6/27/2026 11:59:43 AM,068492a8-9bbc-456b-87fb-dc52c0aec9a7,2.0,,,,,,,,,,,,,,,,,,,,,,,,,,,,,,,,,,,"(-17.1, 0.3, -0.6)","(-17.2, 1.0, -0.4)","(-17.6, 0.6, -0.3)",
VOICE_CAPTURE,364329,6/27/2026 11:59:43 AM,068492a8-9bbc-456b-87fb-dc52c0aec9a7,2.0,,,,,,,,,,,,,,,,,,,,,,,,,,,,,,,,,,,,,,,,,,,,,,,,,,,NA,and,
PLAYER_POSITIONS,364762,6/27/2026 11:59:44 AM,068492a8-9bbc-456b-87fb-dc52c0aec9a7,2.0,,,,,,,,,,,,,,,,,,,,,,,,,,,,,,,,,,,"(-17.1, 0.3, -0.6)","(-17.3, 1.0, -0.5)","(-17.6, 0.5, -0.5)",
PLAYER_POSITIONS,364762,6/27/2026 11:59:44 AM,068492a8-9bbc-456b-87fb-dc52c0aec9a7,2.0,,,,,,,,,,,,,,,,,,,,,,,,,,,,,,,,,,,"(-17.1, 0.3, -0.6)","(-17.3, 1.0, -0.5)","(-17.6, 0.5, -0.5)",
VOICE_CAPTURE,364795,6/27/2026 11:59:44 AM,068492a8-9bbc-456b-87fb-dc52c0aec9a7,2.0,,,,,,,,,,,,,,,,,,,,,,,,,,,,,,,,,,,,,,,,,,,,,,,,,,,NA,and,
PLAYER_POSITIONS,365270,6/27/2026 11:59:44 AM,068492a8-9bbc-456b-87fb-dc52c0aec9a7,2.0,,,,,,,,,,,,,,,,,,,,,,,,,,,,,,,,,,,"(-17.0, 0.2, -0.6)","(-17.3, 0.9, -0.5)","(-17.7, 0.3, -0.5)",
PLAYER_POSITIONS,365270,6/27/2026 11:59:44 AM,068492a8-9bbc-456b-87fb-dc52c0aec9a7,2.0,,,,,,,,,,,,,,,,,,,,,,,,,,,,,,,,,,,"(-17.0, 0.2, -0.6)","(-17.3, 0.9, -0.5)","(-17.7, 0.3, -0.5)",
VOICE_CAPTURE,365303,6/27/2026 11:59:44 AM,068492a8-9bbc-456b-87fb-dc52c0aec9a7,2.0,,,,,,,,,,,,,,,,,,,,,,,,,,,,,,,,,,,,,,,,,,,,,,,,,,,NA,and,
TAG_SELECTED,365628,6/27/2026 11:59:45 AM,068492a8-9bbc-456b-87fb-dc52c0aec9a7,2.0,,,,,,,,,,,,,,,,,,,,,,,,,,,,,,,,,,,,,,,,,,yellow,
PLAYER_POSITIONS,365775,6/27/2026 11:59:45 AM,068492a8-9bbc-456b-87fb-dc52c0aec9a7,2.0,,,,,,,,,,,,,,,,,,,,,,,,,,,,,,,,,,,"(-17.1, 0.2, -0.6)","(-17.3, 1.0, -0.5)","(-17.7, 0.5, -0.4)",
PLAYER_POSITIONS,365775,6/27/2026 11:59:45 AM,068492a8-9bbc-456b-87fb-dc52c0aec9a7,2.0,,,,,,,,,,,,,,,,,,,,,,,,,,,,,,,,,,,"(-17.1, 0.2, -0.6)","(-17.3, 1.0, -0.5)","(-17.7, 0.5, -0.4)",
VOICE_CAPTURE,365808,6/27/2026 11:59:45 AM,068492a8-9bbc-456b-87fb-dc52c0aec9a7,2.0,,,,,,,,,,,,,,,,,,,,,,,,,,,,,,,,,,,,,,,,,,,,,,,,,,,NA,and,
PLAYER_POSITIONS,366284,6/27/2026 11:59:45 AM,068492a8-9bbc-456b-87fb-dc52c0aec9a7,2.0,,,,,,,,,,,,,,,,,,,,,,,,,,,,,,,,,,,"(-17.0, 0.2, -0.6)","(-17.4, 0.9, -0.5)","(-17.8, 0.4, -0.4)",
PLAYER_POSITIONS,366284,6/27/2026 11:59:45 AM,068492a8-9bbc-456b-87fb-dc52c0aec9a7,2.0,,,,,,,,,,,,,,,,,,,,,,,,,,,,,,,,,,,"(-17.0, 0.2, -0.6)","(-17.4, 0.9, -0.5)","(-17.8, 0.4, -0.4)",
VOICE_CAPTURE,366317,6/27/2026 11:59:45 AM,068492a8-9bbc-456b-87fb-dc52c0aec9a7,2.0,,,,,,,,,,,,,,,,,,,,,,,,,,,,,,,,,,,,,,,,,,,,,,,,,,,NA,and,
TAG_APPLIED,366407,6/27/2026 11:59:45 AM,068492a8-9bbc-456b-87fb-dc52c0aec9a7,2.0,,,,,,,,,,,,,,,,,,,,,,,,Civilian PT 7,,,,,,,,,,,,,,,,,,yellow,
PLAYER_POSITIONS,366795,6/27/2026 11:59:46 AM,068492a8-9bbc-456b-87fb-dc52c0aec9a7,2.0,,,,,,,,,,,,,,,,,,,,,,,,,,,,,,,,,,,"(-17.1, 0.2, -0.6)","(-17.3, 1.0, -0.6)","(-17.5, 0.4, -0.6)",
PLAYER_POSITIONS,366795,6/27/2026 11:59:46 AM,068492a8-9bbc-456b-87fb-dc52c0aec9a7,2.0,,,,,,,,,,,,,,,,,,,,,,,,,,,,,,,,,,,"(-17.1, 0.2, -0.6)","(-17.3, 1.0, -0.6)","(-17.5, 0.4, -0.6)",
VOICE_CAPTURE,366828,6/27/2026 11:59:46 AM,068492a8-9bbc-456b-87fb-dc52c0aec9a7,2.0,,,,,,,,,,,,,,,,,,,,,,,,,,,,,,,,,,,,,,,,,,,,,,,,,,,NA,and,
PLAYER_POSITIONS,367303,6/27/2026 11:59:46 AM,068492a8-9bbc-456b-87fb-dc52c0aec9a7,2.0,,,,,,,,,,,,,,,,,,,,,,,,,,,,,,,,,,,"(-17.0, 0.3, -0.6)","(-17.1, 1.1, -0.6)","(-17.1, 0.5, -0.7)",
PLAYER_GAZE,367303,6/27/2026 11:59:46 AM,068492a8-9bbc-456b-87fb-dc52c0aec9a7,2.0,,,,,,,,,,,,,,,,,,,,,,,,Civilian PT 8,,,,,,,,,"(-1.3, 1.1, 1.3)",,,"(-15.8, 0.0, -1.8)",
PLAYER_POSITIONS,367303,6/27/2026 11:59:46 AM,068492a8-9bbc-456b-87fb-dc52c0aec9a7,2.0,,,,,,,,,,,,,,,,,,,,,,,,,,,,,,,,,,,"(-17.0, 0.3, -0.6)","(-17.1, 1.1, -0.6)","(-17.1, 0.5, -0.7)",
PLAYER_GAZE,367303,6/27/2026 11:59:46 AM,068492a8-9bbc-456b-87fb-dc52c0aec9a7,2.0,,,,,,,,,,,,,,,,,,,,,,,,Civilian PT 8,,,,,,,,,"(-1.3, 1.1, 1.3)",,,"(-15.8, 0.0, -1.8)",
VOICE_CAPTURE,367337,6/27/2026 11:59:46 AM,068492a8-9bbc-456b-87fb-dc52c0aec9a7,2.0,,,,,,,,,,,,,,,,,,,,,,,,,,,,,,,,,,,,,,,,,,,,,,,,,,,NA,and,
AUDIO_END,367470,6/27/2026 11:59:46 AM,068492a8-9bbc-456b-87fb-dc52c0aec9a7,2.0,request gbu 38,5.067755,
NARRATIVE_SECTION_END,367470,6/27/2026 11:59:46 AM,068492a8-9bbc-456b-87fb-dc52c0aec9a7,2.0,,,,,,,,,,,,,,,,,,Request GBU 38,40,
NARRATIVE_SECTION_START,367488,6/27/2026 11:59:46 AM,068492a8-9bbc-456b-87fb-dc52c0aec9a7,2.0,,,,,,,,,,,,,,,,,,Razor 1 inbound,41,
BAG_CLOSED,367734,6/27/2026 11:59:47 AM,068492a8-9bbc-456b-87fb-dc52c0aec9a7,2.0,,,,,,,,,,,,,,,,,,,,,,,,,,,,,,,,,,,,"(0.0, 0.0, 0.0)",
VOICE_CAPTURE,367792,6/27/2026 11:59:47 AM,068492a8-9bbc-456b-87fb-dc52c0aec9a7,2.0,,,,,,,,,,,,,,,,,,,,,,,,,,,,,,,,,,,,,,,,,,,,,,,,,,,NA,and,
PLAYER_POSITIONS,367824,6/27/2026 11:59:47 AM,068492a8-9bbc-456b-87fb-dc52c0aec9a7,2.0,,,,,,,,,,,,,,,,,,,,,,,,,,,,,,,,,,,"(-16.8, 0.3, -0.5)","(-16.9, 1.1, -0.4)","(-16.8, 0.5, -0.6)",
PLAYER_GAZE,367824,6/27/2026 11:59:47 AM,068492a8-9bbc-456b-87fb-dc52c0aec9a7,2.0,,,,,,,,,,,,,,,,,,,,,,,,Civilian PT 15,,,,,,,,,"(-2.5, 1.1, -0.1)",,,"(-14.4, 0.0, -0.3)",
PLAYER_POSITIONS,367824,6/27/2026 11:59:47 AM,068492a8-9bbc-456b-87fb-dc52c0aec9a7,2.0,,,,,,,,,,,,,,,,,,,,,,,,,,,,,,,,,,,"(-16.8, 0.3, -0.5)","(-16.9, 1.1, -0.4)","(-16.8, 0.5, -0.6)",
PLAYER_GAZE,367824,6/27/2026 11:59:47 AM,068492a8-9bbc-456b-87fb-dc52c0aec9a7,2.0,,,,,,,,,,,,,,,,,,,,,,,,Civilian PT 15,,,,,,,,,"(-2.5, 1.1, -0.1)",,,"(-14.4, 0.0, -0.3)",
VOICE_CAPTURE,368291,6/27/2026 11:59:47 AM,068492a8-9bbc-456b-87fb-dc52c0aec9a7,2.0,,,,,,,,,,,,,,,,,,,,,,,,,,,,,,,,,,,,,,,,,,,,,,,,,,,NA,and,
PLAYER_POSITIONS,368334,6/27/2026 11:59:47 AM,068492a8-9bbc-456b-87fb-dc52c0aec9a7,2.0,,,,,,,,,,,,,,,,,,,,,,,,,,,,,,,,,,,"(-16.4, 0.2, 0.0)","(-16.5, 1.1, -0.2)","(-16.4, 0.5, -0.3)",
PLAYER_POSITIONS,368334,6/27/2026 11:59:47 AM,068492a8-9bbc-456b-87fb-dc52c0aec9a7,2.0,,,,,,,,,,,,,,,,,,,,,,,,,,,,,,,,,,,"(-16.4, 0.2, 0.0)","(-16.5, 1.1, -0.2)","(-16.4, 0.5, -0.3)",
VOICE_CAPTURE,368779,6/27/2026 11:59:48 AM,068492a8-9bbc-456b-87fb-dc52c0aec9a7,2.0,,,,,,,,,,,,,,,,,,,,,,,,,,,,,,,,,,,,,,,,,,,,,,,,,,,NA,and,
PLAYER_POSITIONS,368855,6/27/2026 11:59:48 AM,068492a8-9bbc-456b-87fb-dc52c0aec9a7,2.0,,,,,,,,,,,,,,,,,,,,,,,,,,,,,,,,,,,"(-15.6, 0.3, -0.2)","(-15.7, 1.1, -0.4)","(-15.6, 0.4, -0.6)",
PLAYER_POSITIONS,368855,6/27/2026 11:59:48 AM,068492a8-9bbc-456b-87fb-dc52c0aec9a7,2.0,,,,,,,,,,,,,,,,,,,,,,,,,,,,,,,,,,,"(-15.6, 0.3, -0.2)","(-15.7, 1.1, -0.4)","(-15.6, 0.4, -0.6)",
PATIENT_DISENGAGED,369117,6/27/2026 11:59:48 AM,068492a8-9bbc-456b-87fb-dc52c0aec9a7,2.0,,,,6.41,,,,,,,,,,,,,,,,normal,100,Infinity,normal,Civilian PT 7,agony,recovery,"(-17.6, -0.1, -0.1)",normal,"(0.0, 0.5, 0.0, 0.9)",normal,DELAYED,still,,,,,,,,,,,,,,,,,65.93,
PATIENT_ENGAGED,369140,6/27/2026 11:59:48 AM,068492a8-9bbc-456b-87fb-dc52c0aec9a7,2.0,,,,0,,,,,,,,,,,,,,,,fast,100,Infinity,normal,Civilian PT 15,upset,supine,"(-14.4, -0.1, -0.3)",fast,"(0.0, 0.8, 0.0, 0.6)",normal,IMMEDIATE,still,,,,,,,,,,,,,,,,,3.7,
VOICE_CAPTURE,369296,6/27/2026 11:59:48 AM,068492a8-9bbc-456b-87fb-dc52c0aec9a7,2.0,,,,,,,,,,,,,,,,,,,,,,,,,,,,,,,,,,,,,,,,,,,,,,,,,,,NA,and,
PLAYER_POSITIONS,369362,6/27/2026 11:59:48 AM,068492a8-9bbc-456b-87fb-dc52c0aec9a7,2.0,,,,,,,,,,,,,,,,,,,,,,,,,,,,,,,,,,,"(-15.2, 0.3, -0.1)","(-15.3, 1.0, -0.2)","(-15.3, 0.4, -0.4)",
PLAYER_POSITIONS,369362,6/27/2026 11:59:48 AM,068492a8-9bbc-456b-87fb-dc52c0aec9a7,2.0,,,,,,,,,,,,,,,,,,,,,,,,,,,,,,,,,,,"(-15.2, 0.3, -0.1)","(-15.3, 1.0, -0.2)","(-15.3, 0.4, -0.4)",
AUDIO_START,369478,6/27/2026 11:59:48 AM,068492a8-9bbc-456b-87fb-dc52c0aec9a7,2.0,razor 1 inbound,3.343673,
VOICE_CAPTURE,369785,6/27/2026 11:59:49 AM,068492a8-9bbc-456b-87fb-dc52c0aec9a7,2.0,,,,,,,,,,,,,,,,,,,,,,,,,,,,,,,,,,,,,,,,,,,,,,,,,,,NA,and,
PLAYER_POSITIONS,369874,6/27/2026 11:59:49 AM,068492a8-9bbc-456b-87fb-dc52c0aec9a7,2.0,,,,,,,,,,,,,,,,,,,,,,,,,,,,,,,,,,,"(-15.2, 0.2, 0.0)","(-15.2, 1.0, -0.2)","(-15.3, 0.6, -0.5)",
PLAYER_POSITIONS,369874,6/27/2026 11:59:49 AM,068492a8-9bbc-456b-87fb-dc52c0aec9a7,2.0,,,,,,,,,,,,,,,,,,,,,,,,,,,,,,,,,,,"(-15.2, 0.2, 0.0)","(-15.2, 1.0, -0.2)","(-15.3, 0.6, -0.5)",
VOICE_CAPTURE,370318,6/27/2026 11:59:49 AM,068492a8-9bbc-456b-87fb-dc52c0aec9a7,2.0,,,,,,,,,,,,,,,,,,,,,,,,,,,,,,,,,,,,,,,,,,,,,,,,,,,NA,and Thank you.,
PLAYER_POSITIONS,370384,6/27/2026 11:59:49 AM,068492a8-9bbc-456b-87fb-dc52c0aec9a7,2.0,,,,,,,,,,,,,,,,,,,,,,,,,,,,,,,,,,,"(-15.0, 0.3, -0.1)","(-15.1, 1.0, -0.3)","(-15.4, 0.4, -0.6)",
PLAYER_POSITIONS,370384,6/27/2026 11:59:49 AM,068492a8-9bbc-456b-87fb-dc52c0aec9a7,2.0,,,,,,,,,,,,,,,,,,,,,,,,,,,,,,,,,,,"(-15.0, 0.3, -0.1)","(-15.1, 1.0, -0.3)","(-15.4, 0.4, -0.6)",
VOICE_CAPTURE,370820,6/27/2026 11:59:50 AM,068492a8-9bbc-456b-87fb-dc52c0aec9a7,2.0,,,,,,,,,,,,,,,,,,,,,,,,,,,,,,,,,,,,,,,,,,,,,,,,,,,NA,and Thank you.,
VOICE_CAPTURE,370820,6/27/2026 11:59:50 AM,068492a8-9bbc-456b-87fb-dc52c0aec9a7,2.0,,,,,,,,,,,,,,,,,,,,,,,,,,,,,,,,,,,,,,,,,,,,,,,,,,,NA,and Thank you.,
PLAYER_POSITIONS,370908,6/27/2026 11:59:50 AM,068492a8-9bbc-456b-87fb-dc52c0aec9a7,2.0,,,,,,,,,,,,,,,,,,,,,,,,,,,,,,,,,,,"(-14.9, 0.3, -0.1)","(-15.1, 1.0, -0.2)","(-15.3, 0.4, -0.5)",
PLAYER_POSITIONS,370908,6/27/2026 11:59:50 AM,068492a8-9bbc-456b-87fb-dc52c0aec9a7,2.0,,,,,,,,,,,,,,,,,,,,,,,,,,,,,,,,,,,"(-14.9, 0.3, -0.1)","(-15.1, 1.0, -0.2)","(-15.3, 0.4, -0.5)",
BAG_CLOSED,371328,6/27/2026 11:59:50 AM,068492a8-9bbc-456b-87fb-dc52c0aec9a7,2.0,,,,,,,,,,,,,,,,,,,,,,,,,,,,,,,,,,,,"(0.0, 0.0, 0.0)",
PLAYER_POSITIONS,371421,6/27/2026 11:59:50 AM,068492a8-9bbc-456b-87fb-dc52c0aec9a7,2.0,,,,,,,,,,,,,,,,,,,,,,,,,,,,,,,,,,,"(-15.1, 0.3, -0.2)","(-15.1, 0.9, -0.2)","(-15.2, 0.6, -0.8)",
PLAYER_POSITIONS,371421,6/27/2026 11:59:50 AM,068492a8-9bbc-456b-87fb-dc52c0aec9a7,2.0,,,,,,,,,,,,,,,,,,,,,,,,,,,,,,,,,,,"(-15.1, 0.3, -0.2)","(-15.1, 0.9, -0.2)","(-15.2, 0.6, -0.8)",
PLAYER_POSITIONS,371933,6/27/2026 11:59:51 AM,068492a8-9bbc-456b-87fb-dc52c0aec9a7,2.0,,,,,,,,,,,,,,,,,,,,,,,,,,,,,,,,,,,"(-15.1, 0.3, -0.2)","(-15.2, 0.9, -0.2)","(-15.3, 0.5, -0.6)",
PLAYER_POSITIONS,371933,6/27/2026 11:59:51 AM,068492a8-9bbc-456b-87fb-dc52c0aec9a7,2.0,,,,,,,,,,,,,,,,,,,,,,,,,,,,,,,,,,,"(-15.1, 0.3, -0.2)","(-15.2, 0.9, -0.2)","(-15.3, 0.5, -0.6)",
PLAYER_POSITIONS,372434,6/27/2026 11:59:51 AM,068492a8-9bbc-456b-87fb-dc52c0aec9a7,2.0,,,,,,,,,,,,,,,,,,,,,,,,,,,,,,,,,,,"(-15.1, 0.3, -0.1)","(-15.2, 0.9, -0.2)","(-15.5, 0.4, -0.5)",
PLAYER_POSITIONS,372434,6/27/2026 11:59:51 AM,068492a8-9bbc-456b-87fb-dc52c0aec9a7,2.0,,,,,,,,,,,,,,,,,,,,,,,,,,,,,,,,,,,"(-15.1, 0.3, -0.1)","(-15.2, 0.9, -0.2)","(-15.5, 0.4, -0.5)",
TOOL_HOVER,372820,6/27/2026 11:59:52 AM,068492a8-9bbc-456b-87fb-dc52c0aec9a7,2.0,,,,,,,,,,,,,,,,,,,,,,,,,,,,,,,,,,,,,,,,,,,,,,996,,Tourniquet,
AUDIO_END,372822,6/27/2026 11:59:52 AM,068492a8-9bbc-456b-87fb-dc52c0aec9a7,2.0,razor 1 inbound,3.343673,
NARRATIVE_SECTION_END,372822,6/27/2026 11:59:52 AM,068492a8-9bbc-456b-87fb-dc52c0aec9a7,2.0,,,,,,,,,,,,,,,,,,Razor 1 inbound,41,
NARRATIVE_SECTION_START,372863,6/27/2026 11:59:52 AM,068492a8-9bbc-456b-87fb-dc52c0aec9a7,2.0,,,,,,,,,,,,,,,,,,Delta this is razor 1 cleared hot,42,
TOOL_HOVER,372909,6/27/2026 11:59:52 AM,068492a8-9bbc-456b-87fb-dc52c0aec9a7,2.0,,,,,,,,,,,,,,,,,,,,,,,,,,,,,,,,,,,,,,,,,,,,,,997,,Gauze Wrap,
PLAYER_POSITIONS,372934,6/27/2026 11:59:52 AM,068492a8-9bbc-456b-87fb-dc52c0aec9a7,2.0,,,,,,,,,,,,,,,,,,,,,,,,,,,,,,,,,,,"(-15.1, 0.3, -0.1)","(-15.3, 0.9, -0.2)","(-15.3, 0.5, -0.7)",
PLAYER_POSITIONS,372934,6/27/2026 11:59:52 AM,068492a8-9bbc-456b-87fb-dc52c0aec9a7,2.0,,,,,,,,,,,,,,,,,,,,,,,,,,,,,,,,,,,"(-15.1, 0.3, -0.1)","(-15.3, 0.9, -0.2)","(-15.3, 0.5, -0.7)",
TOOL_SELECTED,373021,6/27/2026 11:59:52 AM,068492a8-9bbc-456b-87fb-dc52c0aec9a7,2.0,,,,,,,,,,,,,,,,,,,,,,,,,,,,,,,,,,,,,,,,,,,,,,996,,Gauze Wrap,
PLAYER_POSITIONS,373448,6/27/2026 11:59:52 AM,068492a8-9bbc-456b-87fb-dc52c0aec9a7,2.0,,,,,,,,,,,,,,,,,,,,,,,,,,,,,,,,,,,"(-15.1, 0.3, -0.1)","(-15.1, 0.8, -0.2)","(-14.9, 0.2, -0.4)",
PLAYER_POSITIONS,373448,6/27/2026 11:59:52 AM,068492a8-9bbc-456b-87fb-dc52c0aec9a7,2.0,,,,,,,,,,,,,,,,,,,,,,,,,,,,,,,,,,,"(-15.1, 0.3, -0.1)","(-15.1, 0.8, -0.2)","(-14.9, 0.2, -0.4)",
INJURY_TREATED,373716,6/27/2026 11:59:53 AM,068492a8-9bbc-456b-87fb-dc52c0aec9a7,2.0,,,,,,,,,abdomen,L Stomach Laceration,"(-14.8, 0.1, -0.5)",woundpack,1,0,medium,False,False,,,,,,,Civilian PT 15,
TOOL_APPLIED,373716,6/27/2026 11:59:53 AM,068492a8-9bbc-456b-87fb-dc52c0aec9a7,2.0,,,,,,,,,,,,,,,,,,,,,,,,Civilian PT 15,,,,,,,,,,,,,,,,,,,,AppliedGauzeWrap,skinCollider_BodyLOD (UnityEngine.GameObject),,Gauze Wrap(Clone) (UnityEngine.GameObject),Gauze Wrap,
PLAYER_POSITIONS,373959,6/27/2026 11:59:53 AM,068492a8-9bbc-456b-87fb-dc52c0aec9a7,2.0,,,,,,,,,,,,,,,,,,,,,,,,,,,,,,,,,,,"(-15.1, 0.3, -0.1)","(-15.0, 0.8, -0.2)","(-14.9, 0.1, -0.4)",
PLAYER_POSITIONS,373959,6/27/2026 11:59:53 AM,068492a8-9bbc-456b-87fb-dc52c0aec9a7,2.0,,,,,,,,,,,,,,,,,,,,,,,,,,,,,,,,,,,"(-15.1, 0.3, -0.1)","(-15.0, 0.8, -0.2)","(-14.9, 0.1, -0.4)",
BAG_CLOSED,374463,6/27/2026 11:59:53 AM,068492a8-9bbc-456b-87fb-dc52c0aec9a7,2.0,,,,,,,,,,,,,,,,,,,,,,,,,,,,,,,,,,,,"(0.0, 0.0, 0.0)",
PLAYER_POSITIONS,374467,6/27/2026 11:59:53 AM,068492a8-9bbc-456b-87fb-dc52c0aec9a7,2.0,,,,,,,,,,,,,,,,,,,,,,,,,,,,,,,,,,,"(-15.1, 0.3, -0.1)","(-15.1, 0.9, -0.2)","(-15.3, 0.3, -0.4)",
PLAYER_POSITIONS,374467,6/27/2026 11:59:53 AM,068492a8-9bbc-456b-87fb-dc52c0aec9a7,2.0,,,,,,,,,,,,,,,,,,,,,,,,,,,,,,,,,,,"(-15.1, 0.3, -0.1)","(-15.1, 0.9, -0.2)","(-15.3, 0.3, -0.4)",
AUDIO_START,374863,6/27/2026 11:59:54 AM,068492a8-9bbc-456b-87fb-dc52c0aec9a7,2.0,delta this is razor 1 cleared hot,4.362449,
PLAYER_POSITIONS,374987,6/27/2026 11:59:54 AM,068492a8-9bbc-456b-87fb-dc52c0aec9a7,2.0,,,,,,,,,,,,,,,,,,,,,,,,,,,,,,,,,,,"(-15.1, 0.3, -0.1)","(-15.2, 0.9, -0.1)","(-15.5, 0.5, -0.4)",
PLAYER_POSITIONS,374987,6/27/2026 11:59:54 AM,068492a8-9bbc-456b-87fb-dc52c0aec9a7,2.0,,,,,,,,,,,,,,,,,,,,,,,,,,,,,,,,,,,"(-15.1, 0.3, -0.1)","(-15.2, 0.9, -0.1)","(-15.5, 0.5, -0.4)",
PLAYER_POSITIONS,375498,6/27/2026 11:59:54 AM,068492a8-9bbc-456b-87fb-dc52c0aec9a7,2.0,,,,,,,,,,,,,,,,,,,,,,,,,,,,,,,,,,,"(-15.1, 0.4, -0.1)","(-15.2, 0.8, -0.1)","(-15.6, 0.4, -0.4)",
PLAYER_POSITIONS,375498,6/27/2026 11:59:54 AM,068492a8-9bbc-456b-87fb-dc52c0aec9a7,2.0,,,,,,,,,,,,,,,,,,,,,,,,,,,,,,,,,,,"(-15.1, 0.4, -0.1)","(-15.2, 0.8, -0.1)","(-15.6, 0.4, -0.4)",
PLAYER_POSITIONS,376013,6/27/2026 11:59:55 AM,068492a8-9bbc-456b-87fb-dc52c0aec9a7,2.0,,,,,,,,,,,,,,,,,,,,,,,,,,,,,,,,,,,"(-15.1, 0.4, 0.0)","(-15.2, 0.9, -0.1)","(-15.5, 0.4, -0.3)",
PLAYER_POSITIONS,376013,6/27/2026 11:59:55 AM,068492a8-9bbc-456b-87fb-dc52c0aec9a7,2.0,,,,,,,,,,,,,,,,,,,,,,,,,,,,,,,,,,,"(-15.1, 0.4, 0.0)","(-15.2, 0.9, -0.1)","(-15.5, 0.4, -0.3)",
PLAYER_POSITIONS,376529,6/27/2026 11:59:55 AM,068492a8-9bbc-456b-87fb-dc52c0aec9a7,2.0,,,,,,,,,,,,,,,,,,,,,,,,,,,,,,,,,,,"(-15.0, 0.4, 0.0)","(-15.1, 0.9, 0.0)","(-15.3, 0.4, -0.2)",
PLAYER_GAZE,376529,6/27/2026 11:59:55 AM,068492a8-9bbc-456b-87fb-dc52c0aec9a7,2.0,,,,,,,,,,,,,,,,,,,,,,,,Civilian PT 15,,,,,,,,,"(-0.8, 0.9, 0.3)",,,"(-14.4, 0.0, -0.3)",
PLAYER_POSITIONS,376529,6/27/2026 11:59:55 AM,068492a8-9bbc-456b-87fb-dc52c0aec9a7,2.0,,,,,,,,,,,,,,,,,,,,,,,,,,,,,,,,,,,"(-15.0, 0.4, 0.0)","(-15.1, 0.9, 0.0)","(-15.3, 0.4, -0.2)",
PLAYER_GAZE,376529,6/27/2026 11:59:55 AM,068492a8-9bbc-456b-87fb-dc52c0aec9a7,2.0,,,,,,,,,,,,,,,,,,,,,,,,Civilian PT 15,,,,,,,,,"(-0.8, 0.9, 0.3)",,,"(-14.4, 0.0, -0.3)",
BAG_CLOSED,376734,6/27/2026 11:59:56 AM,068492a8-9bbc-456b-87fb-dc52c0aec9a7,2.0,,,,,,,,,,,,,,,,,,,,,,,,,,,,,,,,,,,,"(0.0, 0.0, 0.0)",
PLAYER_POSITIONS,377046,6/27/2026 11:59:56 AM,068492a8-9bbc-456b-87fb-dc52c0aec9a7,2.0,,,,,,,,,,,,,,,,,,,,,,,,,,,,,,,,,,,"(-14.8, 0.4, 0.0)","(-14.9, 0.9, 0.0)","(-15.2, 0.4, -0.3)",
PLAYER_GAZE,377046,6/27/2026 11:59:56 AM,068492a8-9bbc-456b-87fb-dc52c0aec9a7,2.0,,,,,,,,,,,,,,,,,,,,,,,,Civilian PT 15,,,,,,,,,"(-0.5, 0.9, 0.3)",,,"(-14.4, 0.0, -0.3)",
PLAYER_POSITIONS,377046,6/27/2026 11:59:56 AM,068492a8-9bbc-456b-87fb-dc52c0aec9a7,2.0,,,,,,,,,,,,,,,,,,,,,,,,,,,,,,,,,,,"(-14.8, 0.4, 0.0)","(-14.9, 0.9, 0.0)","(-15.2, 0.4, -0.3)",
PLAYER_GAZE,377046,6/27/2026 11:59:56 AM,068492a8-9bbc-456b-87fb-dc52c0aec9a7,2.0,,,,,,,,,,,,,,,,,,,,,,,,Civilian PT 15,,,,,,,,,"(-0.5, 0.9, 0.3)",,,"(-14.4, 0.0, -0.3)",
PLAYER_POSITIONS,377567,6/27/2026 11:59:56 AM,068492a8-9bbc-456b-87fb-dc52c0aec9a7,2.0,,,,,,,,,,,,,,,,,,,,,,,,,,,,,,,,,,,"(-14.5, 0.4, 0.1)","(-14.6, 0.9, 0.0)","(-14.9, 0.4, -0.2)",
PLAYER_GAZE,377567,6/27/2026 11:59:56 AM,068492a8-9bbc-456b-87fb-dc52c0aec9a7,2.0,,,,,,,,,,,,,,,,,,,,,,,,Civilian PT 15,,,,,,,,,"(-0.2, 0.9, 0.3)",,,"(-14.4, 0.0, -0.3)",
PLAYER_POSITIONS,377567,6/27/2026 11:59:56 AM,068492a8-9bbc-456b-87fb-dc52c0aec9a7,2.0,,,,,,,,,,,,,,,,,,,,,,,,,,,,,,,,,,,"(-14.5, 0.4, 0.1)","(-14.6, 0.9, 0.0)","(-14.9, 0.4, -0.2)",
PLAYER_GAZE,377567,6/27/2026 11:59:56 AM,068492a8-9bbc-456b-87fb-dc52c0aec9a7,2.0,,,,,,,,,,,,,,,,,,,,,,,,Civilian PT 15,,,,,,,,,"(-0.2, 0.9, 0.3)",,,"(-14.4, 0.0, -0.3)",
PLAYER_POSITIONS,378071,6/27/2026 11:59:57 AM,068492a8-9bbc-456b-87fb-dc52c0aec9a7,2.0,,,,,,,,,,,,,,,,,,,,,,,,,,,,,,,,,,,"(-14.5, 0.4, 0.0)","(-14.6, 0.8, 0.0)","(-14.6, 0.3, -0.2)",
PLAYER_GAZE,378071,6/27/2026 11:59:57 AM,068492a8-9bbc-456b-87fb-dc52c0aec9a7,2.0,,,,,,,,,,,,,,,,,,,,,,,,Civilian PT 15,,,,,,,,,"(-0.2, 0.8, 0.3)",,,"(-14.4, 0.0, -0.3)",
PLAYER_POSITIONS,378071,6/27/2026 11:59:57 AM,068492a8-9bbc-456b-87fb-dc52c0aec9a7,2.0,,,,,,,,,,,,,,,,,,,,,,,,,,,,,,,,,,,"(-14.5, 0.4, 0.0)","(-14.6, 0.8, 0.0)","(-14.6, 0.3, -0.2)",
PLAYER_GAZE,378071,6/27/2026 11:59:57 AM,068492a8-9bbc-456b-87fb-dc52c0aec9a7,2.0,,,,,,,,,,,,,,,,,,,,,,,,Civilian PT 15,,,,,,,,,"(-0.2, 0.8, 0.3)",,,"(-14.4, 0.0, -0.3)",
PLAYER_POSITIONS,378594,6/27/2026 11:59:57 AM,068492a8-9bbc-456b-87fb-dc52c0aec9a7,2.0,,,,,,,,,,,,,,,,,,,,,,,,,,,,,,,,,,,"(-14.5, 0.3, -0.1)","(-14.6, 0.8, -0.2)","(-14.8, 0.3, -0.3)",
PLAYER_GAZE,378594,6/27/2026 11:59:57 AM,068492a8-9bbc-456b-87fb-dc52c0aec9a7,2.0,,,,,,,,,,,,,,,,,,,,,,,,Civilian PT 15,,,,,,,,,"(-0.2, 0.8, 0.2)",,,"(-14.4, 0.0, -0.3)",
PLAYER_POSITIONS,378594,6/27/2026 11:59:57 AM,068492a8-9bbc-456b-87fb-dc52c0aec9a7,2.0,,,,,,,,,,,,,,,,,,,,,,,,,,,,,,,,,,,"(-14.5, 0.3, -0.1)","(-14.6, 0.8, -0.2)","(-14.8, 0.3, -0.3)",
PLAYER_GAZE,378594,6/27/2026 11:59:57 AM,068492a8-9bbc-456b-87fb-dc52c0aec9a7,2.0,,,,,,,,,,,,,,,,,,,,,,,,Civilian PT 15,,,,,,,,,"(-0.2, 0.8, 0.2)",,,"(-14.4, 0.0, -0.3)",
PLAYER_POSITIONS,379115,6/27/2026 11:59:58 AM,068492a8-9bbc-456b-87fb-dc52c0aec9a7,2.0,,,,,,,,,,,,,,,,,,,,,,,,,,,,,,,,,,,"(-14.6, 0.3, -0.1)","(-14.7, 0.8, -0.2)","(-14.9, 0.3, -0.3)",
PLAYER_POSITIONS,379115,6/27/2026 11:59:58 AM,068492a8-9bbc-456b-87fb-dc52c0aec9a7,2.0,,,,,,,,,,,,,,,,,,,,,,,,,,,,,,,,,,,"(-14.6, 0.3, -0.1)","(-14.7, 0.8, -0.2)","(-14.9, 0.3, -0.3)",
AUDIO_END,379226,6/27/2026 11:59:58 AM,068492a8-9bbc-456b-87fb-dc52c0aec9a7,2.0,delta this is razor 1 cleared hot,4.362449,
NARRATIVE_SECTION_END,379226,6/27/2026 11:59:58 AM,068492a8-9bbc-456b-87fb-dc52c0aec9a7,2.0,,,,,,,,,,,,,,,,,,Delta this is razor 1 cleared hot,42,
NARRATIVE_SECTION_START,379255,6/27/2026 11:59:58 AM,068492a8-9bbc-456b-87fb-dc52c0aec9a7,2.0,,,,,,,,,,,,,,,,,,Distant Jet,43,
VOICE_CAPTURE,379328,6/27/2026 11:59:58 AM,068492a8-9bbc-456b-87fb-dc52c0aec9a7,2.0,,,,,,,,,,,,,,,,,,,,,,,,,,,,,,,,,,,,,,,,,,,,,,,,,,,NA,Can you.,
PLAYER_POSITIONS,379615,6/27/2026 11:59:58 AM,068492a8-9bbc-456b-87fb-dc52c0aec9a7,2.0,,,,,,,,,,,,,,,,,,,,,,,,,,,,,,,,,,,"(-14.6, 0.3, 0.0)","(-14.7, 0.8, -0.2)","(-14.8, 0.3, -0.3)",
PLAYER_POSITIONS,379615,6/27/2026 11:59:58 AM,068492a8-9bbc-456b-87fb-dc52c0aec9a7,2.0,,,,,,,,,,,,,,,,,,,,,,,,,,,,,,,,,,,"(-14.6, 0.3, 0.0)","(-14.7, 0.8, -0.2)","(-14.8, 0.3, -0.3)",
VOICE_CAPTURE,379794,6/27/2026 11:59:59 AM,068492a8-9bbc-456b-87fb-dc52c0aec9a7,2.0,,,,,,,,,,,,,,,,,,,,,,,,,,,,,,,,,,,,,,,,,,,,,,,,,,,NA,Can you roll over?,
PLAYER_POSITIONS,380127,6/27/2026 11:59:59 AM,068492a8-9bbc-456b-87fb-dc52c0aec9a7,2.0,,,,,,,,,,,,,,,,,,,,,,,,,,,,,,,,,,,"(-14.6, 0.3, 0.0)","(-14.7, 0.8, -0.1)","(-14.8, 0.3, -0.2)",
PLAYER_POSITIONS,380127,6/27/2026 11:59:59 AM,068492a8-9bbc-456b-87fb-dc52c0aec9a7,2.0,,,,,,,,,,,,,,,,,,,,,,,,,,,,,,,,,,,"(-14.6, 0.3, 0.0)","(-14.7, 0.8, -0.1)","(-14.8, 0.3, -0.2)",
VOICE_CAPTURE,380304,6/27/2026 11:59:59 AM,068492a8-9bbc-456b-87fb-dc52c0aec9a7,2.0,,,,,,,,,,,,,,,,,,,,,,,,,,,,,,,,,,,,,,,,,,,,,,,,,,,NA,Can you roll over? Can you roll over?,
PLAYER_POSITIONS,380639,6/27/2026 12:00:00 PM,068492a8-9bbc-456b-87fb-dc52c0aec9a7,2.0,,,,,,,,,,,,,,,,,,,,,,,,,,,,,,,,,,,"(-14.6, 0.3, 0.0)","(-14.7, 0.9, -0.1)","(-14.8, 0.3, -0.2)",
PLAYER_POSITIONS,380639,6/27/2026 12:00:00 PM,068492a8-9bbc-456b-87fb-dc52c0aec9a7,2.0,,,,,,,,,,,,,,,,,,,,,,,,,,,,,,,,,,,"(-14.6, 0.3, 0.0)","(-14.7, 0.9, -0.1)","(-14.8, 0.3, -0.2)",
VOICE_CAPTURE,380821,6/27/2026 12:00:00 PM,068492a8-9bbc-456b-87fb-dc52c0aec9a7,2.0,,,,,,,,,,,,,,,,,,,,,,,,,,,,,,,,,,,,,,,,,,,,,,,,,,,NA,Can you roll over? Can you roll over?,
VOICE_CAPTURE,380821,6/27/2026 12:00:00 PM,068492a8-9bbc-456b-87fb-dc52c0aec9a7,2.0,,,,,,,,,,,,,,,,,,,,,,,,,,,,,,,,,,,,,,,,,,,,,,,,,,,NA,Can you roll over? Can you roll over?,
VOICE_COMMAND,380821,6/27/2026 12:00:00 PM,068492a8-9bbc-456b-87fb-dc52c0aec9a7,2.0,,,,,,,,,,,,,,,,,,,,,,,,,,,,,,,,,,,,,,,,,,,,,,,,,,,Can you roll over? Can you roll over?,lay down,
PLAYER_POSITIONS,381152,6/27/2026 12:00:00 PM,068492a8-9bbc-456b-87fb-dc52c0aec9a7,2.0,,,,,,,,,,,,,,,,,,,,,,,,,,,,,,,,,,,"(-14.6, 0.3, 0.0)","(-14.7, 0.8, 0.0)","(-14.8, 0.6, -0.3)",
PLAYER_GAZE,381153,6/27/2026 12:00:00 PM,068492a8-9bbc-456b-87fb-dc52c0aec9a7,2.0,,,,,,,,,,,,,,,,,,,,,,,,Civilian PT 15,,,,,,,,,"(-0.3, 0.8, 0.3)",,,"(-14.4, 0.0, -0.3)",
PLAYER_POSITIONS,381152,6/27/2026 12:00:00 PM,068492a8-9bbc-456b-87fb-dc52c0aec9a7,2.0,,,,,,,,,,,,,,,,,,,,,,,,,,,,,,,,,,,"(-14.6, 0.3, 0.0)","(-14.7, 0.8, 0.0)","(-14.8, 0.6, -0.3)",
PLAYER_GAZE,381153,6/27/2026 12:00:00 PM,068492a8-9bbc-456b-87fb-dc52c0aec9a7,2.0,,,,,,,,,,,,,,,,,,,,,,,,Civilian PT 15,,,,,,,,,"(-0.3, 0.8, 0.3)",,,"(-14.4, 0.0, -0.3)",
PLAYER_POSITIONS,381655,6/27/2026 12:00:01 PM,068492a8-9bbc-456b-87fb-dc52c0aec9a7,2.0,,,,,,,,,,,,,,,,,,,,,,,,,,,,,,,,,,,"(-14.6, 0.3, 0.0)","(-14.7, 0.8, 0.0)","(-14.8, 0.4, -0.3)",
PLAYER_GAZE,381655,6/27/2026 12:00:01 PM,068492a8-9bbc-456b-87fb-dc52c0aec9a7,2.0,,,,,,,,,,,,,,,,,,,,,,,,Civilian PT 15,,,,,,,,,"(-0.3, 0.8, 0.3)",,,"(-14.4, 0.0, -0.3)",
PLAYER_POSITIONS,381655,6/27/2026 12:00:01 PM,068492a8-9bbc-456b-87fb-dc52c0aec9a7,2.0,,,,,,,,,,,,,,,,,,,,,,,,,,,,,,,,,,,"(-14.6, 0.3, 0.0)","(-14.7, 0.8, 0.0)","(-14.8, 0.4, -0.3)",
PLAYER_GAZE,381655,6/27/2026 12:00:01 PM,068492a8-9bbc-456b-87fb-dc52c0aec9a7,2.0,,,,,,,,,,,,,,,,,,,,,,,,Civilian PT 15,,,,,,,,,"(-0.3, 0.8, 0.3)",,,"(-14.4, 0.0, -0.3)",
BUTTON_CLICKED,381882,6/27/2026 12:00:01 PM,068492a8-9bbc-456b-87fb-dc52c0aec9a7,2.0,,,modbutton no,
VOICE_CAPTURE,381882,6/27/2026 12:00:01 PM,068492a8-9bbc-456b-87fb-dc52c0aec9a7,2.0,,,,,,,,,,,,,,,,,,,,,,,,,,,,,,,,,,,,,,,,,,,,,,,,,,,NA,modbutton no,
VOICE_COMMAND,381882,6/27/2026 12:00:01 PM,068492a8-9bbc-456b-87fb-dc52c0aec9a7,2.0,,,,,,,,,,,,,,,,,,,,,,,,,,,,,,,,,,,,,,,,,,,,,,,,,,,modbutton no,modbutton no,
PLAYER_POSITIONS,382170,6/27/2026 12:00:01 PM,068492a8-9bbc-456b-87fb-dc52c0aec9a7,2.0,,,,,,,,,,,,,,,,,,,,,,,,,,,,,,,,,,,"(-14.6, 0.3, 0.0)","(-14.7, 0.8, -0.1)","(-15.1, 0.5, -0.3)",
PLAYER_GAZE,382170,6/27/2026 12:00:01 PM,068492a8-9bbc-456b-87fb-dc52c0aec9a7,2.0,,,,,,,,,,,,,,,,,,,,,,,,Civilian PT 15,,,,,,,,,"(-0.3, 0.8, 0.3)",,,"(-14.4, 0.0, -0.3)",
PLAYER_POSITIONS,382170,6/27/2026 12:00:01 PM,068492a8-9bbc-456b-87fb-dc52c0aec9a7,2.0,,,,,,,,,,,,,,,,,,,,,,,,,,,,,,,,,,,"(-14.6, 0.3, 0.0)","(-14.7, 0.8, -0.1)","(-15.1, 0.5, -0.3)",
PLAYER_GAZE,382170,6/27/2026 12:00:01 PM,068492a8-9bbc-456b-87fb-dc52c0aec9a7,2.0,,,,,,,,,,,,,,,,,,,,,,,,Civilian PT 15,,,,,,,,,"(-0.3, 0.8, 0.3)",,,"(-14.4, 0.0, -0.3)",
AUDIO_START,382260,6/27/2026 12:00:01 PM,068492a8-9bbc-456b-87fb-dc52c0aec9a7,2.0,distant jet,10.13551,
PLAYER_POSITIONS,382693,6/27/2026 12:00:02 PM,068492a8-9bbc-456b-87fb-dc52c0aec9a7,2.0,,,,,,,,,,,,,,,,,,,,,,,,,,,,,,,,,,,"(-14.6, 0.3, 0.0)","(-14.7, 0.8, -0.1)","(-15.2, 0.5, -0.3)",
PLAYER_POSITIONS,382693,6/27/2026 12:00:02 PM,068492a8-9bbc-456b-87fb-dc52c0aec9a7,2.0,,,,,,,,,,,,,,,,,,,,,,,,,,,,,,,,,,,"(-14.6, 0.3, 0.0)","(-14.7, 0.8, -0.1)","(-15.2, 0.5, -0.3)",
PLAYER_POSITIONS,383202,6/27/2026 12:00:02 PM,068492a8-9bbc-456b-87fb-dc52c0aec9a7,2.0,,,,,,,,,,,,,,,,,,,,,,,,,,,,,,,,,,,"(-14.6, 0.3, 0.0)","(-14.7, 0.8, -0.1)","(-15.2, 0.5, -0.3)",
PLAYER_POSITIONS,383202,6/27/2026 12:00:02 PM,068492a8-9bbc-456b-87fb-dc52c0aec9a7,2.0,,,,,,,,,,,,,,,,,,,,,,,,,,,,,,,,,,,"(-14.6, 0.3, 0.0)","(-14.7, 0.8, -0.1)","(-15.2, 0.5, -0.3)",
PLAYER_POSITIONS,383745,6/27/2026 12:00:03 PM,068492a8-9bbc-456b-87fb-dc52c0aec9a7,2.0,,,,,,,,,,,,,,,,,,,,,,,,,,,,,,,,,,,"(-14.6, 0.3, -0.1)","(-14.7, 0.8, -0.1)","(-14.9, 0.3, -0.3)",
PLAYER_POSITIONS,383745,6/27/2026 12:00:03 PM,068492a8-9bbc-456b-87fb-dc52c0aec9a7,2.0,,,,,,,,,,,,,,,,,,,,,,,,,,,,,,,,,,,"(-14.6, 0.3, -0.1)","(-14.7, 0.8, -0.1)","(-14.9, 0.3, -0.3)",
PLAYER_POSITIONS,384255,6/27/2026 12:00:03 PM,068492a8-9bbc-456b-87fb-dc52c0aec9a7,2.0,,,,,,,,,,,,,,,,,,,,,,,,,,,,,,,,,,,"(-14.7, 0.3, -0.3)","(-14.7, 0.8, -0.2)","(-14.9, 0.2, -0.6)",
PLAYER_POSITIONS,384255,6/27/2026 12:00:03 PM,068492a8-9bbc-456b-87fb-dc52c0aec9a7,2.0,,,,,,,,,,,,,,,,,,,,,,,,,,,,,,,,,,,"(-14.7, 0.3, -0.3)","(-14.7, 0.8, -0.2)","(-14.9, 0.2, -0.6)",
PLAYER_POSITIONS,384776,6/27/2026 12:00:04 PM,068492a8-9bbc-456b-87fb-dc52c0aec9a7,2.0,,,,,,,,,,,,,,,,,,,,,,,,,,,,,,,,,,,"(-14.6, 0.2, -0.3)","(-14.7, 0.8, -0.3)","(-14.9, 0.2, -0.6)",
PLAYER_POSITIONS,384776,6/27/2026 12:00:04 PM,068492a8-9bbc-456b-87fb-dc52c0aec9a7,2.0,,,,,,,,,,,,,,,,,,,,,,,,,,,,,,,,,,,"(-14.6, 0.2, -0.3)","(-14.7, 0.8, -0.3)","(-14.9, 0.2, -0.6)",
PLAYER_POSITIONS,385298,6/27/2026 12:00:04 PM,068492a8-9bbc-456b-87fb-dc52c0aec9a7,2.0,,,,,,,,,,,,,,,,,,,,,,,,,,,,,,,,,,,"(-14.6, 0.2, -0.2)","(-14.7, 0.8, -0.3)","(-14.9, 0.2, -0.7)",
PLAYER_POSITIONS,385298,6/27/2026 12:00:04 PM,068492a8-9bbc-456b-87fb-dc52c0aec9a7,2.0,,,,,,,,,,,,,,,,,,,,,,,,,,,,,,,,,,,"(-14.6, 0.2, -0.2)","(-14.7, 0.8, -0.3)","(-14.9, 0.2, -0.7)",
PLAYER_POSITIONS,385814,6/27/2026 12:00:05 PM,068492a8-9bbc-456b-87fb-dc52c0aec9a7,2.0,,,,,,,,,,,,,,,,,,,,,,,,,,,,,,,,,,,"(-14.6, 0.3, -0.2)","(-14.7, 0.8, -0.2)","(-15.0, 0.3, -0.5)",
PLAYER_POSITIONS,385814,6/27/2026 12:00:05 PM,068492a8-9bbc-456b-87fb-dc52c0aec9a7,2.0,,,,,,,,,,,,,,,,,,,,,,,,,,,,,,,,,,,"(-14.6, 0.3, -0.2)","(-14.7, 0.8, -0.2)","(-15.0, 0.3, -0.5)",
PLAYER_POSITIONS,386322,6/27/2026 12:00:05 PM,068492a8-9bbc-456b-87fb-dc52c0aec9a7,2.0,,,,,,,,,,,,,,,,,,,,,,,,,,,,,,,,,,,"(-14.6, 0.3, -0.1)","(-14.8, 0.9, -0.1)","(-15.2, 0.6, -0.3)",
PLAYER_POSITIONS,386322,6/27/2026 12:00:05 PM,068492a8-9bbc-456b-87fb-dc52c0aec9a7,2.0,,,,,,,,,,,,,,,,,,,,,,,,,,,,,,,,,,,"(-14.6, 0.3, -0.1)","(-14.8, 0.9, -0.1)","(-15.2, 0.6, -0.3)",
TOOL_HOVER,386609,6/27/2026 12:00:05 PM,068492a8-9bbc-456b-87fb-dc52c0aec9a7,2.0,,,,,,,,,,,,,,,,,,,,,,,,,,,,,,,,,,,,,,,,,,,,,,996,,Gauze Wrap,
PLAYER_POSITIONS,386823,6/27/2026 12:00:06 PM,068492a8-9bbc-456b-87fb-dc52c0aec9a7,2.0,,,,,,,,,,,,,,,,,,,,,,,,,,,,,,,,,,,"(-14.6, 0.3, -0.1)","(-14.8, 0.9, -0.1)","(-15.3, 0.6, -0.5)",
PLAYER_POSITIONS,386823,6/27/2026 12:00:06 PM,068492a8-9bbc-456b-87fb-dc52c0aec9a7,2.0,,,,,,,,,,,,,,,,,,,,,,,,,,,,,,,,,,,"(-14.6, 0.3, -0.1)","(-14.8, 0.9, -0.1)","(-15.3, 0.6, -0.5)",
TOOL_SELECTED,386843,6/27/2026 12:00:06 PM,068492a8-9bbc-456b-87fb-dc52c0aec9a7,2.0,,,,,,,,,,,,,,,,,,,,,,,,,,,,,,,,,,,,,,,,,,,,,,995,,Gauze Wrap,
PLAYER_POSITIONS,387335,6/27/2026 12:00:06 PM,068492a8-9bbc-456b-87fb-dc52c0aec9a7,2.0,,,,,,,,,,,,,,,,,,,,,,,,,,,,,,,,,,,"(-14.6, 0.3, -0.1)","(-14.8, 0.9, -0.1)","(-15.2, 0.5, -0.5)",
PLAYER_POSITIONS,387335,6/27/2026 12:00:06 PM,068492a8-9bbc-456b-87fb-dc52c0aec9a7,2.0,,,,,,,,,,,,,,,,,,,,,,,,,,,,,,,,,,,"(-14.6, 0.3, -0.1)","(-14.8, 0.9, -0.1)","(-15.2, 0.5, -0.5)",
TOOL_DISCARDED,387474,6/27/2026 12:00:06 PM,068492a8-9bbc-456b-87fb-dc52c0aec9a7,2.0,,,,,,,,,,,,,,,,,,,,,,,,Civilian PT 15,,,,,,,,,,,,"(0.0, 0.0, 0.0)",,,,,,,,,,995,,Gauze Wrap,
TOOL_HOVER,387608,6/27/2026 12:00:06 PM,068492a8-9bbc-456b-87fb-dc52c0aec9a7,2.0,,,,,,,,,,,,,,,,,,,,,,,,,,,,,,,,,,,,,,,,,,,,,,996,,Gauze Wrap,
TOOL_HOVER,387742,6/27/2026 12:00:07 PM,068492a8-9bbc-456b-87fb-dc52c0aec9a7,2.0,,,,,,,,,,,,,,,,,,,,,,,,,,,,,,,,,,,,,,,,,,,,,,997,,Hemostatic Gauze,
PLAYER_POSITIONS,387857,6/27/2026 12:00:07 PM,068492a8-9bbc-456b-87fb-dc52c0aec9a7,2.0,,,,,,,,,,,,,,,,,,,,,,,,,,,,,,,,,,,"(-14.6, 0.3, -0.1)","(-14.8, 0.9, -0.1)","(-15.1, 0.8, -0.6)",
PLAYER_POSITIONS,387857,6/27/2026 12:00:07 PM,068492a8-9bbc-456b-87fb-dc52c0aec9a7,2.0,,,,,,,,,,,,,,,,,,,,,,,,,,,,,,,,,,,"(-14.6, 0.3, -0.1)","(-14.8, 0.9, -0.1)","(-15.1, 0.8, -0.6)",
TOOL_SELECTED,387898,6/27/2026 12:00:07 PM,068492a8-9bbc-456b-87fb-dc52c0aec9a7,2.0,,,,,,,,,,,,,,,,,,,,,,,,,,,,,,,,,,,,,,,,,,,,,,996,,Hemostatic Gauze,
PLAYER_POSITIONS,388378,6/27/2026 12:00:07 PM,068492a8-9bbc-456b-87fb-dc52c0aec9a7,2.0,,,,,,,,,,,,,,,,,,,,,,,,,,,,,,,,,,,"(-14.6, 0.3, -0.1)","(-14.7, 0.8, -0.1)","(-15.0, 0.4, -0.5)",
PLAYER_POSITIONS,388378,6/27/2026 12:00:07 PM,068492a8-9bbc-456b-87fb-dc52c0aec9a7,2.0,,,,,,,,,,,,,,,,,,,,,,,,,,,,,,,,,,,"(-14.6, 0.3, -0.1)","(-14.7, 0.8, -0.1)","(-15.0, 0.4, -0.5)",
PLAYER_POSITIONS,388898,6/27/2026 12:00:08 PM,068492a8-9bbc-456b-87fb-dc52c0aec9a7,2.0,,,,,,,,,,,,,,,,,,,,,,,,,,,,,,,,,,,"(-14.6, 0.3, -0.1)","(-14.7, 0.8, -0.1)","(-15.1, 0.4, -0.5)",
PLAYER_POSITIONS,388898,6/27/2026 12:00:08 PM,068492a8-9bbc-456b-87fb-dc52c0aec9a7,2.0,,,,,,,,,,,,,,,,,,,,,,,,,,,,,,,,,,,"(-14.6, 0.3, -0.1)","(-14.7, 0.8, -0.1)","(-15.1, 0.4, -0.5)",
TOOL_DISCARDED,389340,6/27/2026 12:00:08 PM,068492a8-9bbc-456b-87fb-dc52c0aec9a7,2.0,,,,,,,,,,,,,,,,,,,,,,,,Civilian PT 15,,,,,,,,,,,,"(0.0, 0.0, 0.0)",,,,,,,,,,996,,Hemostatic Gauze,
TOOL_HOVER,389409,6/27/2026 12:00:08 PM,068492a8-9bbc-456b-87fb-dc52c0aec9a7,2.0,,,,,,,,,,,,,,,,,,,,,,,,,,,,,,,,,,,,,,,,,,,,,,996,,Gauze Wrap,
PLAYER_POSITIONS,389411,6/27/2026 12:00:08 PM,068492a8-9bbc-456b-87fb-dc52c0aec9a7,2.0,,,,,,,,,,,,,,,,,,,,,,,,,,,,,,,,,,,"(-14.6, 0.3, -0.1)","(-14.8, 0.9, -0.1)","(-15.1, 0.6, -0.5)",
PLAYER_POSITIONS,389411,6/27/2026 12:00:08 PM,068492a8-9bbc-456b-87fb-dc52c0aec9a7,2.0,,,,,,,,,,,,,,,,,,,,,,,,,,,,,,,,,,,"(-14.6, 0.3, -0.1)","(-14.8, 0.9, -0.1)","(-15.1, 0.6, -0.5)",
TOOL_HOVER,389520,6/27/2026 12:00:08 PM,068492a8-9bbc-456b-87fb-dc52c0aec9a7,2.0,,,,,,,,,,,,,,,,,,,,,,,,,,,,,,,,,,,,,,,,,,,,,,996,,Tourniquet,
TOOL_SELECTED,389633,6/27/2026 12:00:09 PM,068492a8-9bbc-456b-87fb-dc52c0aec9a7,2.0,,,,,,,,,,,,,,,,,,,,,,,,,,,,,,,,,,,,,,,,,,,,,,995,,Tourniquet,
PLAYER_POSITIONS,389912,6/27/2026 12:00:09 PM,068492a8-9bbc-456b-87fb-dc52c0aec9a7,2.0,,,,,,,,,,,,,,,,,,,,,,,,,,,,,,,,,,,"(-14.6, 0.3, -0.1)","(-14.8, 0.8, -0.1)","(-15.2, 0.6, -0.5)",
PLAYER_POSITIONS,389912,6/27/2026 12:00:09 PM,068492a8-9bbc-456b-87fb-dc52c0aec9a7,2.0,,,,,,,,,,,,,,,,,,,,,,,,,,,,,,,,,,,"(-14.6, 0.3, -0.1)","(-14.8, 0.8, -0.1)","(-15.2, 0.6, -0.5)",
TOOL_DISCARDED,390285,6/27/2026 12:00:09 PM,068492a8-9bbc-456b-87fb-dc52c0aec9a7,2.0,,,,,,,,,,,,,,,,,,,,,,,,Civilian PT 15,,,,,,,,,,,,"(0.0, 0.0, 0.0)",,,,,,,,,,995,,Tourniquet,
TOOL_HOVER,390309,6/27/2026 12:00:09 PM,068492a8-9bbc-456b-87fb-dc52c0aec9a7,2.0,,,,,,,,,,,,,,,,,,,,,,,,,,,,,,,,,,,,,,,,,,,,,,996,,Gauze Wrap,
PLAYER_POSITIONS,390423,6/27/2026 12:00:09 PM,068492a8-9bbc-456b-87fb-dc52c0aec9a7,2.0,,,,,,,,,,,,,,,,,,,,,,,,,,,,,,,,,,,"(-14.6, 0.3, -0.1)","(-14.8, 0.9, -0.1)","(-15.2, 0.7, -0.5)",
PLAYER_POSITIONS,390423,6/27/2026 12:00:09 PM,068492a8-9bbc-456b-87fb-dc52c0aec9a7,2.0,,,,,,,,,,,,,,,,,,,,,,,,,,,,,,,,,,,"(-14.6, 0.3, -0.1)","(-14.8, 0.9, -0.1)","(-15.2, 0.7, -0.5)",
TOOL_HOVER,390509,6/27/2026 12:00:09 PM,068492a8-9bbc-456b-87fb-dc52c0aec9a7,2.0,,,,,,,,,,,,,,,,,,,,,,,,,,,,,,,,,,,,,,,,,,,,,,997,,Chest Seal,
TOOL_SELECTED,390577,6/27/2026 12:00:09 PM,068492a8-9bbc-456b-87fb-dc52c0aec9a7,2.0,,,,,,,,,,,,,,,,,,,,,,,,,,,,,,,,,,,,,,,,,,,,,,996,,Chest Seal,
TOOL_DISCARDED,390930,6/27/2026 12:00:10 PM,068492a8-9bbc-456b-87fb-dc52c0aec9a7,2.0,,,,,,,,,,,,,,,,,,,,,,,,Civilian PT 15,,,,,,,,,,,,"(0.0, 0.0, 0.0)",,,,,,,,,,996,,Chest Seal,
PLAYER_POSITIONS,390934,6/27/2026 12:00:10 PM,068492a8-9bbc-456b-87fb-dc52c0aec9a7,2.0,,,,,,,,,,,,,,,,,,,,,,,,,,,,,,,,,,,"(-14.6, 0.3, -0.1)","(-14.8, 0.9, -0.1)","(-15.2, 0.7, -0.5)",
PLAYER_POSITIONS,390934,6/27/2026 12:00:10 PM,068492a8-9bbc-456b-87fb-dc52c0aec9a7,2.0,,,,,,,,,,,,,,,,,,,,,,,,,,,,,,,,,,,"(-14.6, 0.3, -0.1)","(-14.8, 0.9, -0.1)","(-15.2, 0.7, -0.5)",
TOOL_HOVER,391020,6/27/2026 12:00:10 PM,068492a8-9bbc-456b-87fb-dc52c0aec9a7,2.0,,,,,,,,,,,,,,,,,,,,,,,,,,,,,,,,,,,,,,,,,,,,,,996,,Gauze Wrap,
TOOL_HOVER,391110,6/27/2026 12:00:10 PM,068492a8-9bbc-456b-87fb-dc52c0aec9a7,2.0,,,,,,,,,,,,,,,,,,,,,,,,,,,,,,,,,,,,,,,,,,,,,,999,,Israeli Wrap,
TOOL_SELECTED,391155,6/27/2026 12:00:10 PM,068492a8-9bbc-456b-87fb-dc52c0aec9a7,2.0,,,,,,,,,,,,,,,,,,,,,,,,,,,,,,,,,,,,,,,,,,,,,,998,,Israeli Wrap,
PLAYER_POSITIONS,391446,6/27/2026 12:00:10 PM,068492a8-9bbc-456b-87fb-dc52c0aec9a7,2.0,,,,,,,,,,,,,,,,,,,,,,,,,,,,,,,,,,,"(-14.6, 0.3, -0.1)","(-14.8, 0.9, -0.1)","(-15.1, 0.6, -0.5)",
PLAYER_POSITIONS,391446,6/27/2026 12:00:10 PM,068492a8-9bbc-456b-87fb-dc52c0aec9a7,2.0,,,,,,,,,,,,,,,,,,,,,,,,,,,,,,,,,,,"(-14.6, 0.3, -0.1)","(-14.8, 0.9, -0.1)","(-15.1, 0.6, -0.5)",
PLAYER_POSITIONS,391966,6/27/2026 12:00:11 PM,068492a8-9bbc-456b-87fb-dc52c0aec9a7,2.0,,,,,,,,,,,,,,,,,,,,,,,,,,,,,,,,,,,"(-14.6, 0.3, -0.1)","(-14.7, 0.8, -0.2)","(-14.8, 0.1, -0.5)",
PLAYER_POSITIONS,391966,6/27/2026 12:00:11 PM,068492a8-9bbc-456b-87fb-dc52c0aec9a7,2.0,,,,,,,,,,,,,,,,,,,,,,,,,,,,,,,,,,,"(-14.6, 0.3, -0.1)","(-14.7, 0.8, -0.2)","(-14.8, 0.1, -0.5)",
INJURY_TREATED,392056,6/27/2026 12:00:11 PM,068492a8-9bbc-456b-87fb-dc52c0aec9a7,2.0,,,,,,,,,abdomen,L Stomach Laceration,"(-14.8, 0.1, -0.5)",woundpack,1,1,medium,False,True,,,,,,,Civilian PT 15,
TOOL_APPLIED,392056,6/27/2026 12:00:11 PM,068492a8-9bbc-456b-87fb-dc52c0aec9a7,2.0,,,,,,,,,,,,,,,,,,,,,,,,Civilian PT 15,,,,,,,,,,,,,,,,,,,,AppliedIsraeliWrap,skinCollider_BodyLOD (UnityEngine.GameObject),,Israeli Wrap(Clone) (UnityEngine.GameObject),Israeli Wrap,
AUDIO_END,392409,6/27/2026 12:00:11 PM,068492a8-9bbc-456b-87fb-dc52c0aec9a7,2.0,distant jet,10.13551,
NARRATIVE_SECTION_END,392409,6/27/2026 12:00:11 PM,068492a8-9bbc-456b-87fb-dc52c0aec9a7,2.0,,,,,,,,,,,,,,,,,,Distant Jet,43,
NARRATIVE_SECTION_START,392448,6/27/2026 12:00:11 PM,068492a8-9bbc-456b-87fb-dc52c0aec9a7,2.0,,,,,,,,,,,,,,,,,,Distant Explosion,44,
PLAYER_POSITIONS,392476,6/27/2026 12:00:11 PM,068492a8-9bbc-456b-87fb-dc52c0aec9a7,2.0,,,,,,,,,,,,,,,,,,,,,,,,,,,,,,,,,,,"(-14.6, 0.2, -0.1)","(-14.7, 0.8, -0.2)","(-14.9, 0.1, -0.4)",
PLAYER_POSITIONS,392476,6/27/2026 12:00:11 PM,068492a8-9bbc-456b-87fb-dc52c0aec9a7,2.0,,,,,,,,,,,,,,,,,,,,,,,,,,,,,,,,,,,"(-14.6, 0.2, -0.1)","(-14.7, 0.8, -0.2)","(-14.9, 0.1, -0.4)",
PLAYER_POSITIONS,392999,6/27/2026 12:00:12 PM,068492a8-9bbc-456b-87fb-dc52c0aec9a7,2.0,,,,,,,,,,,,,,,,,,,,,,,,,,,,,,,,,,,"(-14.6, 0.2, -0.1)","(-14.7, 0.8, -0.1)","(-15.0, 0.2, -0.4)",
PLAYER_POSITIONS,392999,6/27/2026 12:00:12 PM,068492a8-9bbc-456b-87fb-dc52c0aec9a7,2.0,,,,,,,,,,,,,,,,,,,,,,,,,,,,,,,,,,,"(-14.6, 0.2, -0.1)","(-14.7, 0.8, -0.1)","(-15.0, 0.2, -0.4)",
AUDIO_START,393431,6/27/2026 12:00:12 PM,068492a8-9bbc-456b-87fb-dc52c0aec9a7,2.0,distant explosion,4.675919,
PLAYER_POSITIONS,393520,6/27/2026 12:00:12 PM,068492a8-9bbc-456b-87fb-dc52c0aec9a7,2.0,,,,,,,,,,,,,,,,,,,,,,,,,,,,,,,,,,,"(-14.6, 0.3, -0.1)","(-14.7, 0.8, -0.1)","(-15.0, 0.2, -0.4)",
PLAYER_POSITIONS,393520,6/27/2026 12:00:12 PM,068492a8-9bbc-456b-87fb-dc52c0aec9a7,2.0,,,,,,,,,,,,,,,,,,,,,,,,,,,,,,,,,,,"(-14.6, 0.3, -0.1)","(-14.7, 0.8, -0.1)","(-15.0, 0.2, -0.4)",
PLAYER_POSITIONS,394031,6/27/2026 12:00:13 PM,068492a8-9bbc-456b-87fb-dc52c0aec9a7,2.0,,,,,,,,,,,,,,,,,,,,,,,,,,,,,,,,,,,"(-14.6, 0.2, -0.1)","(-14.7, 0.8, -0.1)","(-15.0, 0.2, -0.4)",
PLAYER_POSITIONS,394031,6/27/2026 12:00:13 PM,068492a8-9bbc-456b-87fb-dc52c0aec9a7,2.0,,,,,,,,,,,,,,,,,,,,,,,,,,,,,,,,,,,"(-14.6, 0.2, -0.1)","(-14.7, 0.8, -0.1)","(-15.0, 0.2, -0.4)",
PLAYER_POSITIONS,394554,6/27/2026 12:00:13 PM,068492a8-9bbc-456b-87fb-dc52c0aec9a7,2.0,,,,,,,,,,,,,,,,,,,,,,,,,,,,,,,,,,,"(-14.6, 0.2, -0.1)","(-14.7, 0.8, -0.1)","(-15.0, 0.2, -0.4)",
PLAYER_POSITIONS,394554,6/27/2026 12:00:13 PM,068492a8-9bbc-456b-87fb-dc52c0aec9a7,2.0,,,,,,,,,,,,,,,,,,,,,,,,,,,,,,,,,,,"(-14.6, 0.2, -0.1)","(-14.7, 0.8, -0.1)","(-15.0, 0.2, -0.4)",
PLAYER_POSITIONS,395057,6/27/2026 12:00:14 PM,068492a8-9bbc-456b-87fb-dc52c0aec9a7,2.0,,,,,,,,,,,,,,,,,,,,,,,,,,,,,,,,,,,"(-14.6, 0.2, -0.1)","(-14.7, 0.8, -0.3)","(-15.0, 0.2, -0.4)",
PLAYER_POSITIONS,395057,6/27/2026 12:00:14 PM,068492a8-9bbc-456b-87fb-dc52c0aec9a7,2.0,,,,,,,,,,,,,,,,,,,,,,,,,,,,,,,,,,,"(-14.6, 0.2, -0.1)","(-14.7, 0.8, -0.3)","(-15.0, 0.2, -0.4)",
PLAYER_POSITIONS,395579,6/27/2026 12:00:14 PM,068492a8-9bbc-456b-87fb-dc52c0aec9a7,2.0,,,,,,,,,,,,,,,,,,,,,,,,,,,,,,,,,,,"(-14.6, 0.4, -0.3)","(-14.8, 0.9, -0.4)","(-15.0, 0.2, -0.5)",
PLAYER_POSITIONS,395579,6/27/2026 12:00:14 PM,068492a8-9bbc-456b-87fb-dc52c0aec9a7,2.0,,,,,,,,,,,,,,,,,,,,,,,,,,,,,,,,,,,"(-14.6, 0.4, -0.3)","(-14.8, 0.9, -0.4)","(-15.0, 0.2, -0.5)",
BAG_CLOSED,396010,6/27/2026 12:00:15 PM,068492a8-9bbc-456b-87fb-dc52c0aec9a7,2.0,,,,,,,,,,,,,,,,,,,,,,,,,,,,,,,,,,,,"(0.0, 0.0, 0.0)",
PLAYER_POSITIONS,396079,6/27/2026 12:00:15 PM,068492a8-9bbc-456b-87fb-dc52c0aec9a7,2.0,,,,,,,,,,,,,,,,,,,,,,,,,,,,,,,,,,,"(-14.5, 0.4, -0.4)","(-14.7, 0.9, -0.4)","(-14.9, 0.1, -0.3)",
PLAYER_POSITIONS,396079,6/27/2026 12:00:15 PM,068492a8-9bbc-456b-87fb-dc52c0aec9a7,2.0,,,,,,,,,,,,,,,,,,,,,,,,,,,,,,,,,,,"(-14.5, 0.4, -0.4)","(-14.7, 0.9, -0.4)","(-14.9, 0.1, -0.3)",
PULSE_TAKEN,396532,6/27/2026 12:00:15 PM,068492a8-9bbc-456b-87fb-dc52c0aec9a7,2.0,,,,,,,,,,,,,,,,,,,,,,,,Civilian PT 15,,,,pulse_fast,
PLAYER_POSITIONS,396579,6/27/2026 12:00:15 PM,068492a8-9bbc-456b-87fb-dc52c0aec9a7,2.0,,,,,,,,,,,,,,,,,,,,,,,,,,,,,,,,,,,"(-14.6, 0.3, -0.3)","(-14.9, 0.8, -0.4)","(-15.0, 0.0, -0.2)",
PLAYER_POSITIONS,396579,6/27/2026 12:00:15 PM,068492a8-9bbc-456b-87fb-dc52c0aec9a7,2.0,,,,,,,,,,,,,,,,,,,,,,,,,,,,,,,,,,,"(-14.6, 0.3, -0.3)","(-14.9, 0.8, -0.4)","(-15.0, 0.0, -0.2)",
PLAYER_POSITIONS,397085,6/27/2026 12:00:16 PM,068492a8-9bbc-456b-87fb-dc52c0aec9a7,2.0,,,,,,,,,,,,,,,,,,,,,,,,,,,,,,,,,,,"(-14.6, 0.3, -0.2)","(-14.9, 0.8, -0.3)","(-15.0, 0.0, -0.2)",
PLAYER_POSITIONS,397085,6/27/2026 12:00:16 PM,068492a8-9bbc-456b-87fb-dc52c0aec9a7,2.0,,,,,,,,,,,,,,,,,,,,,,,,,,,,,,,,,,,"(-14.6, 0.3, -0.2)","(-14.9, 0.8, -0.3)","(-15.0, 0.0, -0.2)",
PLAYER_POSITIONS,397600,6/27/2026 12:00:16 PM,068492a8-9bbc-456b-87fb-dc52c0aec9a7,2.0,,,,,,,,,,,,,,,,,,,,,,,,,,,,,,,,,,,"(-14.6, 0.3, -0.2)","(-14.9, 0.8, -0.3)","(-15.0, 0.1, -0.3)",
PLAYER_POSITIONS,397600,6/27/2026 12:00:16 PM,068492a8-9bbc-456b-87fb-dc52c0aec9a7,2.0,,,,,,,,,,,,,,,,,,,,,,,,,,,,,,,,,,,"(-14.6, 0.3, -0.2)","(-14.9, 0.8, -0.3)","(-15.0, 0.1, -0.3)",
AUDIO_END,398111,6/27/2026 12:00:17 PM,068492a8-9bbc-456b-87fb-dc52c0aec9a7,2.0,distant explosion,4.675919,
NARRATIVE_SECTION_END,398111,6/27/2026 12:00:17 PM,068492a8-9bbc-456b-87fb-dc52c0aec9a7,2.0,,,,,,,,,,,,,,,,,,Distant Explosion,44,
PLAYER_POSITIONS,398112,6/27/2026 12:00:17 PM,068492a8-9bbc-456b-87fb-dc52c0aec9a7,2.0,,,,,,,,,,,,,,,,,,,,,,,,,,,,,,,,,,,"(-14.7, 0.3, -0.3)","(-14.8, 0.9, -0.3)","(-15.2, 0.5, -0.3)",
PLAYER_POSITIONS,398112,6/27/2026 12:00:17 PM,068492a8-9bbc-456b-87fb-dc52c0aec9a7,2.0,,,,,,,,,,,,,,,,,,,,,,,,,,,,,,,,,,,"(-14.7, 0.3, -0.3)","(-14.8, 0.9, -0.3)","(-15.2, 0.5, -0.3)",
NARRATIVE_SECTION_START,398130,6/27/2026 12:00:17 PM,068492a8-9bbc-456b-87fb-dc52c0aec9a7,2.0,,,,,,,,,,,,,,,,,,Good hits razor 1,45,
PLAYER_POSITIONS,398624,6/27/2026 12:00:18 PM,068492a8-9bbc-456b-87fb-dc52c0aec9a7,2.0,,,,,,,,,,,,,,,,,,,,,,,,,,,,,,,,,,,"(-14.7, 0.3, -0.2)","(-14.8, 0.9, -0.2)","(-15.3, 0.3, -0.4)",
PLAYER_POSITIONS,398624,6/27/2026 12:00:18 PM,068492a8-9bbc-456b-87fb-dc52c0aec9a7,2.0,,,,,,,,,,,,,,,,,,,,,,,,,,,,,,,,,,,"(-14.7, 0.3, -0.2)","(-14.8, 0.9, -0.2)","(-15.3, 0.3, -0.4)",
AUDIO_START,399132,6/27/2026 12:00:18 PM,068492a8-9bbc-456b-87fb-dc52c0aec9a7,2.0,good hits razor 1,4.545306,
PLAYER_POSITIONS,399133,6/27/2026 12:00:18 PM,068492a8-9bbc-456b-87fb-dc52c0aec9a7,2.0,,,,,,,,,,,,,,,,,,,,,,,,,,,,,,,,,,,"(-14.7, 0.3, -0.2)","(-14.7, 0.9, -0.2)","(-15.2, 0.3, -0.4)",
PLAYER_POSITIONS,399133,6/27/2026 12:00:18 PM,068492a8-9bbc-456b-87fb-dc52c0aec9a7,2.0,,,,,,,,,,,,,,,,,,,,,,,,,,,,,,,,,,,"(-14.7, 0.3, -0.2)","(-14.7, 0.9, -0.2)","(-15.2, 0.3, -0.4)",
PLAYER_POSITIONS,399647,6/27/2026 12:00:19 PM,068492a8-9bbc-456b-87fb-dc52c0aec9a7,2.0,,,,,,,,,,,,,,,,,,,,,,,,,,,,,,,,,,,"(-14.6, 0.3, -0.2)","(-14.7, 0.9, -0.2)","(-15.0, 0.4, -0.4)",
PLAYER_GAZE,399647,6/27/2026 12:00:19 PM,068492a8-9bbc-456b-87fb-dc52c0aec9a7,2.0,,,,,,,,,,,,,,,,,,,,,,,,Civilian PT 15,,,,,,,,,"(-0.3, 0.9, 0.1)",,,"(-14.4, 0.0, -0.3)",
PLAYER_POSITIONS,399647,6/27/2026 12:00:19 PM,068492a8-9bbc-456b-87fb-dc52c0aec9a7,2.0,,,,,,,,,,,,,,,,,,,,,,,,,,,,,,,,,,,"(-14.6, 0.3, -0.2)","(-14.7, 0.9, -0.2)","(-15.0, 0.4, -0.4)",
PLAYER_GAZE,399647,6/27/2026 12:00:19 PM,068492a8-9bbc-456b-87fb-dc52c0aec9a7,2.0,,,,,,,,,,,,,,,,,,,,,,,,Civilian PT 15,,,,,,,,,"(-0.3, 0.9, 0.1)",,,"(-14.4, 0.0, -0.3)",
PLAYER_POSITIONS,400157,6/27/2026 12:00:19 PM,068492a8-9bbc-456b-87fb-dc52c0aec9a7,2.0,,,,,,,,,,,,,,,,,,,,,,,,,,,,,,,,,,,"(-14.7, 0.3, -0.2)","(-14.6, 0.8, 0.1)","(-15.0, 0.4, -0.4)",
PLAYER_GAZE,400157,6/27/2026 12:00:19 PM,068492a8-9bbc-456b-87fb-dc52c0aec9a7,2.0,,,,,,,,,,,,,,,,,,,,,,,,Civilian PT 15,,,,,,,,,"(-0.2, 0.8, 0.4)",,,"(-14.4, 0.0, -0.3)",
PLAYER_POSITIONS,400157,6/27/2026 12:00:19 PM,068492a8-9bbc-456b-87fb-dc52c0aec9a7,2.0,,,,,,,,,,,,,,,,,,,,,,,,,,,,,,,,,,,"(-14.7, 0.3, -0.2)","(-14.6, 0.8, 0.1)","(-15.0, 0.4, -0.4)",
PLAYER_GAZE,400157,6/27/2026 12:00:19 PM,068492a8-9bbc-456b-87fb-dc52c0aec9a7,2.0,,,,,,,,,,,,,,,,,,,,,,,,Civilian PT 15,,,,,,,,,"(-0.2, 0.8, 0.4)",,,"(-14.4, 0.0, -0.3)",
PLAYER_POSITIONS,400657,6/27/2026 12:00:20 PM,068492a8-9bbc-456b-87fb-dc52c0aec9a7,2.0,,,,,,,,,,,,,,,,,,,,,,,,,,,,,,,,,,,"(-14.7, 0.4, -0.2)","(-14.6, 0.7, 0.1)","(-15.0, 0.5, -0.4)",
PLAYER_POSITIONS,400657,6/27/2026 12:00:20 PM,068492a8-9bbc-456b-87fb-dc52c0aec9a7,2.0,,,,,,,,,,,,,,,,,,,,,,,,,,,,,,,,,,,"(-14.7, 0.4, -0.2)","(-14.6, 0.7, 0.1)","(-15.0, 0.5, -0.4)",
PLAYER_POSITIONS,401159,6/27/2026 12:00:20 PM,068492a8-9bbc-456b-87fb-dc52c0aec9a7,2.0,,,,,,,,,,,,,,,,,,,,,,,,,,,,,,,,,,,"(-14.6, 0.3, -0.2)","(-14.6, 0.8, 0.0)","(-15.0, 0.4, -0.4)",
PLAYER_GAZE,401159,6/27/2026 12:00:20 PM,068492a8-9bbc-456b-87fb-dc52c0aec9a7,2.0,,,,,,,,,,,,,,,,,,,,,,,,Civilian PT 15,,,,,,,,,"(-0.2, 0.8, 0.3)",,,"(-14.4, 0.0, -0.3)",
PLAYER_POSITIONS,401159,6/27/2026 12:00:20 PM,068492a8-9bbc-456b-87fb-dc52c0aec9a7,2.0,,,,,,,,,,,,,,,,,,,,,,,,,,,,,,,,,,,"(-14.6, 0.3, -0.2)","(-14.6, 0.8, 0.0)","(-15.0, 0.4, -0.4)",
PLAYER_GAZE,401159,6/27/2026 12:00:20 PM,068492a8-9bbc-456b-87fb-dc52c0aec9a7,2.0,,,,,,,,,,,,,,,,,,,,,,,,Civilian PT 15,,,,,,,,,"(-0.2, 0.8, 0.3)",,,"(-14.4, 0.0, -0.3)",
PLAYER_POSITIONS,401670,6/27/2026 12:00:21 PM,068492a8-9bbc-456b-87fb-dc52c0aec9a7,2.0,,,,,,,,,,,,,,,,,,,,,,,,,,,,,,,,,,,"(-14.6, 0.3, -0.2)","(-14.7, 0.9, -0.3)","(-15.0, 0.4, -0.5)",
PLAYER_POSITIONS,401670,6/27/2026 12:00:21 PM,068492a8-9bbc-456b-87fb-dc52c0aec9a7,2.0,,,,,,,,,,,,,,,,,,,,,,,,,,,,,,,,,,,"(-14.6, 0.3, -0.2)","(-14.7, 0.9, -0.3)","(-15.0, 0.4, -0.5)",
PLAYER_POSITIONS,402179,6/27/2026 12:00:21 PM,068492a8-9bbc-456b-87fb-dc52c0aec9a7,2.0,,,,,,,,,,,,,,,,,,,,,,,,,,,,,,,,,,,"(-14.6, 0.3, -0.3)","(-14.8, 0.9, -0.2)","(-15.2, 0.8, -0.5)",
PLAYER_POSITIONS,402179,6/27/2026 12:00:21 PM,068492a8-9bbc-456b-87fb-dc52c0aec9a7,2.0,,,,,,,,,,,,,,,,,,,,,,,,,,,,,,,,,,,"(-14.6, 0.3, -0.3)","(-14.8, 0.9, -0.2)","(-15.2, 0.8, -0.5)",
TOOL_HOVER,402420,6/27/2026 12:00:21 PM,068492a8-9bbc-456b-87fb-dc52c0aec9a7,2.0,,,,,,,,,,,,,,,,,,,,,,,,,,,,,,,,,,,,,,,,,,,,,,997,,Chest Seal,
TOOL_HOVER,402510,6/27/2026 12:00:21 PM,068492a8-9bbc-456b-87fb-dc52c0aec9a7,2.0,,,,,,,,,,,,,,,,,,,,,,,,,,,,,,,,,,,,,,,,,,,,,,998,,Israeli Wrap,
PLAYER_POSITIONS,402690,6/27/2026 12:00:22 PM,068492a8-9bbc-456b-87fb-dc52c0aec9a7,2.0,,,,,,,,,,,,,,,,,,,,,,,,,,,,,,,,,,,"(-14.6, 0.3, -0.2)","(-14.9, 0.9, -0.3)","(-15.3, 0.5, -0.7)",
PLAYER_POSITIONS,402690,6/27/2026 12:00:22 PM,068492a8-9bbc-456b-87fb-dc52c0aec9a7,2.0,,,,,,,,,,,,,,,,,,,,,,,,,,,,,,,,,,,"(-14.6, 0.3, -0.2)","(-14.9, 0.9, -0.3)","(-15.3, 0.5, -0.7)",
TOOL_HOVER,402732,6/27/2026 12:00:22 PM,068492a8-9bbc-456b-87fb-dc52c0aec9a7,2.0,,,,,,,,,,,,,,,,,,,,,,,,,,,,,,,,,,,,,,,,,,,,,,996,,Gauze Wrap,
PLAYER_POSITIONS,403201,6/27/2026 12:00:22 PM,068492a8-9bbc-456b-87fb-dc52c0aec9a7,2.0,,,,,,,,,,,,,,,,,,,,,,,,,,,,,,,,,,,"(-14.6, 0.3, -0.2)","(-14.9, 0.9, -0.3)","(-15.2, 0.4, -0.7)",
PLAYER_POSITIONS,403201,6/27/2026 12:00:22 PM,068492a8-9bbc-456b-87fb-dc52c0aec9a7,2.0,,,,,,,,,,,,,,,,,,,,,,,,,,,,,,,,,,,"(-14.6, 0.3, -0.2)","(-14.9, 0.9, -0.3)","(-15.2, 0.4, -0.7)",
TOOL_HOVER,403265,6/27/2026 12:00:22 PM,068492a8-9bbc-456b-87fb-dc52c0aec9a7,2.0,,,,,,,,,,,,,,,,,,,,,,,,,,,,,,,,,,,,,,,,,,,,,,996,,Gauze Wrap,
TOOL_HOVER,403509,6/27/2026 12:00:22 PM,068492a8-9bbc-456b-87fb-dc52c0aec9a7,2.0,,,,,,,,,,,,,,,,,,,,,,,,,,,,,,,,,,,,,,,,,,,,,,997,,Hemostatic Gauze,
TOOL_HOVER,403620,6/27/2026 12:00:22 PM,068492a8-9bbc-456b-87fb-dc52c0aec9a7,2.0,,,,,,,,,,,,,,,,,,,,,,,,,,,,,,,,,,,,,,,,,,,,,,996,,Gauze Wrap,
AUDIO_END,403689,6/27/2026 12:00:23 PM,068492a8-9bbc-456b-87fb-dc52c0aec9a7,2.0,good hits razor 1,4.545306,
NARRATIVE_SECTION_END,403690,6/27/2026 12:00:23 PM,068492a8-9bbc-456b-87fb-dc52c0aec9a7,2.0,,,,,,,,,,,,,,,,,,Good hits razor 1,45,
NARRATIVE_SECTION_START,403718,6/27/2026 12:00:23 PM,068492a8-9bbc-456b-87fb-dc52c0aec9a7,2.0,,,,,,,,,,,,,,,,,,Bravo switching to objective foxtrot,46,
PLAYER_POSITIONS,403724,6/27/2026 12:00:23 PM,068492a8-9bbc-456b-87fb-dc52c0aec9a7,2.0,,,,,,,,,,,,,,,,,,,,,,,,,,,,,,,,,,,"(-14.6, 0.3, -0.2)","(-14.9, 0.9, -0.3)","(-15.2, 0.4, -0.7)",
PLAYER_POSITIONS,403724,6/27/2026 12:00:23 PM,068492a8-9bbc-456b-87fb-dc52c0aec9a7,2.0,,,,,,,,,,,,,,,,,,,,,,,,,,,,,,,,,,,"(-14.6, 0.3, -0.2)","(-14.9, 0.9, -0.3)","(-15.2, 0.4, -0.7)",
TOOL_HOVER,404121,6/27/2026 12:00:23 PM,068492a8-9bbc-456b-87fb-dc52c0aec9a7,2.0,,,,,,,,,,,,,,,,,,,,,,,,,,,,,,,,,,,,,,,,,,,,,,996,,Gauze Wrap,
PLAYER_POSITIONS,404246,6/27/2026 12:00:23 PM,068492a8-9bbc-456b-87fb-dc52c0aec9a7,2.0,,,,,,,,,,,,,,,,,,,,,,,,,,,,,,,,,,,"(-14.6, 0.3, -0.2)","(-14.9, 0.9, -0.3)","(-15.2, 0.5, -0.7)",
PLAYER_POSITIONS,404246,6/27/2026 12:00:23 PM,068492a8-9bbc-456b-87fb-dc52c0aec9a7,2.0,,,,,,,,,,,,,,,,,,,,,,,,,,,,,,,,,,,"(-14.6, 0.3, -0.2)","(-14.9, 0.9, -0.3)","(-15.2, 0.5, -0.7)",
TOOL_SELECTED,404366,6/27/2026 12:00:23 PM,068492a8-9bbc-456b-87fb-dc52c0aec9a7,2.0,,,,,,,,,,,,,,,,,,,,,,,,,,,,,,,,,,,,,,,,,,,,,,995,,Gauze Wrap,
PLAYER_POSITIONS,404762,6/27/2026 12:00:24 PM,068492a8-9bbc-456b-87fb-dc52c0aec9a7,2.0,,,,,,,,,,,,,,,,,,,,,,,,,,,,,,,,,,,"(-14.6, 0.3, -0.2)","(-14.7, 0.8, -0.3)","(-14.7, 0.2, -0.6)",
PLAYER_POSITIONS,404762,6/27/2026 12:00:24 PM,068492a8-9bbc-456b-87fb-dc52c0aec9a7,2.0,,,,,,,,,,,,,,,,,,,,,,,,,,,,,,,,,,,"(-14.6, 0.3, -0.2)","(-14.7, 0.8, -0.3)","(-14.7, 0.2, -0.6)",
BAG_CLOSED,404910,6/27/2026 12:00:24 PM,068492a8-9bbc-456b-87fb-dc52c0aec9a7,2.0,,,,,,,,,,,,,,,,,,,,,,,,,,,,,,,,,,,,"(0.0, 0.0, 0.0)",
PLAYER_POSITIONS,405266,6/27/2026 12:00:24 PM,068492a8-9bbc-456b-87fb-dc52c0aec9a7,2.0,,,,,,,,,,,,,,,,,,,,,,,,,,,,,,,,,,,"(-14.5, 0.3, -0.1)","(-14.4, 0.8, -0.3)","(-14.3, 0.1, -0.4)",
PLAYER_GAZE,405266,6/27/2026 12:00:24 PM,068492a8-9bbc-456b-87fb-dc52c0aec9a7,2.0,,,,,,,,,,,,,,,,,,,,,,,,Civilian PT 15,,,,,,,,,"(0.0, 0.8, 0.1)",,,"(-14.4, 0.0, -0.3)",
PLAYER_POSITIONS,405266,6/27/2026 12:00:24 PM,068492a8-9bbc-456b-87fb-dc52c0aec9a7,2.0,,,,,,,,,,,,,,,,,,,,,,,,,,,,,,,,,,,"(-14.5, 0.3, -0.1)","(-14.4, 0.8, -0.3)","(-14.3, 0.1, -0.4)",
PLAYER_GAZE,405266,6/27/2026 12:00:24 PM,068492a8-9bbc-456b-87fb-dc52c0aec9a7,2.0,,,,,,,,,,,,,,,,,,,,,,,,Civilian PT 15,,,,,,,,,"(0.0, 0.8, 0.1)",,,"(-14.4, 0.0, -0.3)",
VOICE_CAPTURE,405365,6/27/2026 12:00:24 PM,068492a8-9bbc-456b-87fb-dc52c0aec9a7,2.0,,,,,,,,,,,,,,,,,,,,,,,,,,,,,,,,,,,,,,,,,,,,,,,,,,,NA,Yes.,
EVAC_RADIO_ALERT,405474,6/27/2026 12:00:24 PM,068492a8-9bbc-456b-87fb-dc52c0aec9a7,2.0,,,,,,,,1,
AUDIO_START,405479,6/27/2026 12:00:24 PM,068492a8-9bbc-456b-87fb-dc52c0aec9a7,2.0,evac in 4 minutes,4.127347,
TOOL_DISCARDED,405616,6/27/2026 12:00:24 PM,068492a8-9bbc-456b-87fb-dc52c0aec9a7,2.0,,,,,,,,,,,,,,,,,,,,,,,,Civilian PT 15,,,,,,,,,,,,"(0.0, 0.0, 0.0)",,,,,,,,,,995,,Gauze Wrap,
PULSE_TAKEN,405706,6/27/2026 12:00:25 PM,068492a8-9bbc-456b-87fb-dc52c0aec9a7,2.0,,,,,,,,,,,,,,,,,,,,,,,,Civilian PT 15,,,,pulse_fast,
PLAYER_POSITIONS,405778,6/27/2026 12:00:25 PM,068492a8-9bbc-456b-87fb-dc52c0aec9a7,2.0,,,,,,,,,,,,,,,,,,,,,,,,,,,,,,,,,,,"(-14.4, 0.3, -0.1)","(-14.3, 0.7, -0.3)","(-14.2, 0.0, -0.5)",
PLAYER_GAZE,405778,6/27/2026 12:00:25 PM,068492a8-9bbc-456b-87fb-dc52c0aec9a7,2.0,,,,,,,,,,,,,,,,,,,,,,,,Civilian PT 15,,,,,,,,,"(0.0, 0.7, 0.0)",,,"(-14.4, 0.0, -0.3)",
PLAYER_POSITIONS,405778,6/27/2026 12:00:25 PM,068492a8-9bbc-456b-87fb-dc52c0aec9a7,2.0,,,,,,,,,,,,,,,,,,,,,,,,,,,,,,,,,,,"(-14.4, 0.3, -0.1)","(-14.3, 0.7, -0.3)","(-14.2, 0.0, -0.5)",
PLAYER_GAZE,405778,6/27/2026 12:00:25 PM,068492a8-9bbc-456b-87fb-dc52c0aec9a7,2.0,,,,,,,,,,,,,,,,,,,,,,,,Civilian PT 15,,,,,,,,,"(0.0, 0.7, 0.0)",,,"(-14.4, 0.0, -0.3)",
VOICE_CAPTURE,405843,6/27/2026 12:00:25 PM,068492a8-9bbc-456b-87fb-dc52c0aec9a7,2.0,,,,,,,,,,,,,,,,,,,,,,,,,,,,,,,,,,,,,,,,,,,,,,,,,,,NA,Yes.,
PLAYER_POSITIONS,406299,6/27/2026 12:00:25 PM,068492a8-9bbc-456b-87fb-dc52c0aec9a7,2.0,,,,,,,,,,,,,,,,,,,,,,,,,,,,,,,,,,,"(-14.5, 0.3, -0.1)","(-14.4, 0.8, -0.3)","(-14.4, 0.1, -0.4)",
PLAYER_GAZE,406299,6/27/2026 12:00:25 PM,068492a8-9bbc-456b-87fb-dc52c0aec9a7,2.0,,,,,,,,,,,,,,,,,,,,,,,,Civilian PT 15,,,,,,,,,"(0.0, 0.8, 0.0)",,,"(-14.4, 0.0, -0.3)",
PLAYER_POSITIONS,406299,6/27/2026 12:00:25 PM,068492a8-9bbc-456b-87fb-dc52c0aec9a7,2.0,,,,,,,,,,,,,,,,,,,,,,,,,,,,,,,,,,,"(-14.5, 0.3, -0.1)","(-14.4, 0.8, -0.3)","(-14.4, 0.1, -0.4)",
PLAYER_GAZE,406299,6/27/2026 12:00:25 PM,068492a8-9bbc-456b-87fb-dc52c0aec9a7,2.0,,,,,,,,,,,,,,,,,,,,,,,,Civilian PT 15,,,,,,,,,"(0.0, 0.8, 0.0)",,,"(-14.4, 0.0, -0.3)",
VOICE_CAPTURE,406332,6/27/2026 12:00:25 PM,068492a8-9bbc-456b-87fb-dc52c0aec9a7,2.0,,,,,,,,,,,,,,,,,,,,,,,,,,,,,,,,,,,,,,,,,,,,,,,,,,,NA,is.,
PLAYER_POSITIONS,406831,6/27/2026 12:00:26 PM,068492a8-9bbc-456b-87fb-dc52c0aec9a7,2.0,,,,,,,,,,,,,,,,,,,,,,,,,,,,,,,,,,,"(-14.5, 0.3, -0.2)","(-14.6, 0.8, -0.2)","(-14.9, 0.3, -0.4)",
PLAYER_POSITIONS,406831,6/27/2026 12:00:26 PM,068492a8-9bbc-456b-87fb-dc52c0aec9a7,2.0,,,,,,,,,,,,,,,,,,,,,,,,,,,,,,,,,,,"(-14.5, 0.3, -0.2)","(-14.6, 0.8, -0.2)","(-14.9, 0.3, -0.4)",
VOICE_CAPTURE,406863,6/27/2026 12:00:26 PM,068492a8-9bbc-456b-87fb-dc52c0aec9a7,2.0,,,,,,,,,,,,,,,,,,,,,,,,,,,,,,,,,,,,,,,,,,,,,,,,,,,NA,is.,
PLAYER_POSITIONS,407341,6/27/2026 12:00:26 PM,068492a8-9bbc-456b-87fb-dc52c0aec9a7,2.0,,,,,,,,,,,,,,,,,,,,,,,,,,,,,,,,,,,"(-14.5, 0.3, -0.2)","(-14.8, 0.9, -0.2)","(-15.0, 0.4, -0.4)",
PLAYER_POSITIONS,407341,6/27/2026 12:00:26 PM,068492a8-9bbc-456b-87fb-dc52c0aec9a7,2.0,,,,,,,,,,,,,,,,,,,,,,,,,,,,,,,,,,,"(-14.5, 0.3, -0.2)","(-14.8, 0.9, -0.2)","(-15.0, 0.4, -0.4)",
VOICE_CAPTURE,407341,6/27/2026 12:00:26 PM,068492a8-9bbc-456b-87fb-dc52c0aec9a7,2.0,,,,,,,,,,,,,,,,,,,,,,,,,,,,,,,,,,,,,,,,,,,,,,,,,,,NA,is.,
VOICE_CAPTURE,407800,6/27/2026 12:00:27 PM,068492a8-9bbc-456b-87fb-dc52c0aec9a7,2.0,,,,,,,,,,,,,,,,,,,,,,,,,,,,,,,,,,,,,,,,,,,,,,,,,,,NA,is.,
PLAYER_POSITIONS,407845,6/27/2026 12:00:27 PM,068492a8-9bbc-456b-87fb-dc52c0aec9a7,2.0,,,,,,,,,,,,,,,,,,,,,,,,,,,,,,,,,,,"(-14.6, 0.3, -0.2)","(-14.9, 0.9, -0.3)","(-15.1, 0.2, -0.4)",
PLAYER_POSITIONS,407845,6/27/2026 12:00:27 PM,068492a8-9bbc-456b-87fb-dc52c0aec9a7,2.0,,,,,,,,,,,,,,,,,,,,,,,,,,,,,,,,,,,"(-14.6, 0.3, -0.2)","(-14.9, 0.9, -0.3)","(-15.1, 0.2, -0.4)",
VOICE_CAPTURE,408285,6/27/2026 12:00:27 PM,068492a8-9bbc-456b-87fb-dc52c0aec9a7,2.0,,,,,,,,,,,,,,,,,,,,,,,,,,,,,,,,,,,,,,,,,,,,,,,,,,,NA,is.,
PLAYER_POSITIONS,408349,6/27/2026 12:00:27 PM,068492a8-9bbc-456b-87fb-dc52c0aec9a7,2.0,,,,,,,,,,,,,,,,,,,,,,,,,,,,,,,,,,,"(-14.6, 0.3, -0.2)","(-14.8, 0.9, -0.3)","(-15.2, 0.5, -0.4)",
PLAYER_POSITIONS,408349,6/27/2026 12:00:27 PM,068492a8-9bbc-456b-87fb-dc52c0aec9a7,2.0,,,,,,,,,,,,,,,,,,,,,,,,,,,,,,,,,,,"(-14.6, 0.3, -0.2)","(-14.8, 0.9, -0.3)","(-15.2, 0.5, -0.4)",
VOICE_CAPTURE,408806,6/27/2026 12:00:28 PM,068492a8-9bbc-456b-87fb-dc52c0aec9a7,2.0,,,,,,,,,,,,,,,,,,,,,,,,,,,,,,,,,,,,,,,,,,,,,,,,,,,NA,is.,
PLAYER_POSITIONS,408849,6/27/2026 12:00:28 PM,068492a8-9bbc-456b-87fb-dc52c0aec9a7,2.0,,,,,,,,,,,,,,,,,,,,,,,,,,,,,,,,,,,"(-14.6, 0.3, -0.1)","(-14.9, 0.9, -0.2)","(-15.3, 0.4, -0.3)",
PLAYER_POSITIONS,408849,6/27/2026 12:00:28 PM,068492a8-9bbc-456b-87fb-dc52c0aec9a7,2.0,,,,,,,,,,,,,,,,,,,,,,,,,,,,,,,,,,,"(-14.6, 0.3, -0.1)","(-14.9, 0.9, -0.2)","(-15.3, 0.4, -0.3)",
VOICE_CAPTURE,409282,6/27/2026 12:00:28 PM,068492a8-9bbc-456b-87fb-dc52c0aec9a7,2.0,,,,,,,,,,,,,,,,,,,,,,,,,,,,,,,,,,,,,,,,,,,,,,,,,,,NA,is.,
PLAYER_POSITIONS,409370,6/27/2026 12:00:28 PM,068492a8-9bbc-456b-87fb-dc52c0aec9a7,2.0,,,,,,,,,,,,,,,,,,,,,,,,,,,,,,,,,,,"(-14.7, 0.3, -0.1)","(-14.9, 0.9, -0.1)","(-15.3, 0.4, -0.2)",
PLAYER_POSITIONS,409370,6/27/2026 12:00:28 PM,068492a8-9bbc-456b-87fb-dc52c0aec9a7,2.0,,,,,,,,,,,,,,,,,,,,,,,,,,,,,,,,,,,"(-14.7, 0.3, -0.1)","(-14.9, 0.9, -0.1)","(-15.3, 0.4, -0.2)",
AUDIO_END,409615,6/27/2026 12:00:28 PM,068492a8-9bbc-456b-87fb-dc52c0aec9a7,2.0,evac in 4 minutes,4.127347,
VOICE_CAPTURE,409804,6/27/2026 12:00:29 PM,068492a8-9bbc-456b-87fb-dc52c0aec9a7,2.0,,,,,,,,,,,,,,,,,,,,,,,,,,,,,,,,,,,,,,,,,,,,,,,,,,,NA,is.,
PLAYER_POSITIONS,409871,6/27/2026 12:00:29 PM,068492a8-9bbc-456b-87fb-dc52c0aec9a7,2.0,,,,,,,,,,,,,,,,,,,,,,,,,,,,,,,,,,,"(-14.7, 0.3, -0.1)","(-14.9, 0.9, -0.1)","(-15.1, 0.4, -0.3)",
PLAYER_POSITIONS,409871,6/27/2026 12:00:29 PM,068492a8-9bbc-456b-87fb-dc52c0aec9a7,2.0,,,,,,,,,,,,,,,,,,,,,,,,,,,,,,,,,,,"(-14.7, 0.3, -0.1)","(-14.9, 0.9, -0.1)","(-15.1, 0.4, -0.3)",
VOICE_CAPTURE,410338,6/27/2026 12:00:29 PM,068492a8-9bbc-456b-87fb-dc52c0aec9a7,2.0,,,,,,,,,,,,,,,,,,,,,,,,,,,,,,,,,,,,,,,,,,,,,,,,,,,NA,is.,
PLAYER_POSITIONS,410382,6/27/2026 12:00:29 PM,068492a8-9bbc-456b-87fb-dc52c0aec9a7,2.0,,,,,,,,,,,,,,,,,,,,,,,,,,,,,,,,,,,"(-14.7, 0.3, -0.1)","(-14.9, 0.8, -0.1)","(-15.1, 0.4, -0.3)",
PLAYER_POSITIONS,410382,6/27/2026 12:00:29 PM,068492a8-9bbc-456b-87fb-dc52c0aec9a7,2.0,,,,,,,,,,,,,,,,,,,,,,,,,,,,,,,,,,,"(-14.7, 0.3, -0.1)","(-14.9, 0.8, -0.1)","(-15.1, 0.4, -0.3)",
VOICE_CAPTURE,410827,6/27/2026 12:00:30 PM,068492a8-9bbc-456b-87fb-dc52c0aec9a7,2.0,,,,,,,,,,,,,,,,,,,,,,,,,,,,,,,,,,,,,,,,,,,,,,,,,,,NA,is.,
PLAYER_POSITIONS,410894,6/27/2026 12:00:30 PM,068492a8-9bbc-456b-87fb-dc52c0aec9a7,2.0,,,,,,,,,,,,,,,,,,,,,,,,,,,,,,,,,,,"(-14.6, 0.3, 0.0)","(-14.9, 0.8, -0.1)","(-15.1, 0.4, -0.3)",
PLAYER_POSITIONS,410894,6/27/2026 12:00:30 PM,068492a8-9bbc-456b-87fb-dc52c0aec9a7,2.0,,,,,,,,,,,,,,,,,,,,,,,,,,,,,,,,,,,"(-14.6, 0.3, 0.0)","(-14.9, 0.8, -0.1)","(-15.1, 0.4, -0.3)",
TAG_SELECTED,411003,6/27/2026 12:00:30 PM,068492a8-9bbc-456b-87fb-dc52c0aec9a7,2.0,,,,,,,,,,,,,,,,,,,,,,,,,,,,,,,,,,,,,,,,,,yellow,
VOICE_CAPTURE,411304,6/27/2026 12:00:30 PM,068492a8-9bbc-456b-87fb-dc52c0aec9a7,2.0,,,,,,,,,,,,,,,,,,,,,,,,,,,,,,,,,,,,,,,,,,,,,,,,,,,NA,is. Can you stand?,
PLAYER_POSITIONS,411416,6/27/2026 12:00:30 PM,068492a8-9bbc-456b-87fb-dc52c0aec9a7,2.0,,,,,,,,,,,,,,,,,,,,,,,,,,,,,,,,,,,"(-14.6, 0.3, 0.0)","(-14.9, 0.8, -0.1)","(-15.1, 0.1, -0.2)",
PLAYER_POSITIONS,411416,6/27/2026 12:00:30 PM,068492a8-9bbc-456b-87fb-dc52c0aec9a7,2.0,,,,,,,,,,,,,,,,,,,,,,,,,,,,,,,,,,,"(-14.6, 0.3, 0.0)","(-14.9, 0.8, -0.1)","(-15.1, 0.1, -0.2)",
VOICE_CAPTURE,411792,6/27/2026 12:00:31 PM,068492a8-9bbc-456b-87fb-dc52c0aec9a7,2.0,,,,,,,,,,,,,,,,,,,,,,,,,,,,,,,,,,,,,,,,,,,,,,,,,,,NA,is. Can you stand?,
VOICE_CAPTURE,411792,6/27/2026 12:00:31 PM,068492a8-9bbc-456b-87fb-dc52c0aec9a7,2.0,,,,,,,,,,,,,,,,,,,,,,,,,,,,,,,,,,,,,,,,,,,,,,,,,,,NA,is. Can you stand?,
VOICE_COMMAND,411793,6/27/2026 12:00:31 PM,068492a8-9bbc-456b-87fb-dc52c0aec9a7,2.0,,,,,,,,,,,,,,,,,,,,,,,,,,,,,,,,,,,,,,,,,,,,,,,,,,,is. Can you stand?,stand up,
PLAYER_POSITIONS,411926,6/27/2026 12:00:31 PM,068492a8-9bbc-456b-87fb-dc52c0aec9a7,2.0,,,,,,,,,,,,,,,,,,,,,,,,,,,,,,,,,,,"(-14.6, 0.3, 0.0)","(-14.9, 0.8, -0.2)","(-15.1, 0.0, -0.2)",
PLAYER_POSITIONS,411926,6/27/2026 12:00:31 PM,068492a8-9bbc-456b-87fb-dc52c0aec9a7,2.0,,,,,,,,,,,,,,,,,,,,,,,,,,,,,,,,,,,"(-14.6, 0.3, 0.0)","(-14.9, 0.8, -0.2)","(-15.1, 0.0, -0.2)",
PLAYER_POSITIONS,412447,6/27/2026 12:00:31 PM,068492a8-9bbc-456b-87fb-dc52c0aec9a7,2.0,,,,,,,,,,,,,,,,,,,,,,,,,,,,,,,,,,,"(-14.6, 0.3, 0.0)","(-14.9, 0.8, -0.2)","(-15.0, 0.0, -0.2)",
PLAYER_POSITIONS,412447,6/27/2026 12:00:31 PM,068492a8-9bbc-456b-87fb-dc52c0aec9a7,2.0,,,,,,,,,,,,,,,,,,,,,,,,,,,,,,,,,,,"(-14.6, 0.3, 0.0)","(-14.9, 0.8, -0.2)","(-15.0, 0.0, -0.2)",
BUTTON_CLICKED,412467,6/27/2026 12:00:31 PM,068492a8-9bbc-456b-87fb-dc52c0aec9a7,2.0,,,modbutton no,
VOICE_CAPTURE,412467,6/27/2026 12:00:31 PM,068492a8-9bbc-456b-87fb-dc52c0aec9a7,2.0,,,,,,,,,,,,,,,,,,,,,,,,,,,,,,,,,,,,,,,,,,,,,,,,,,,NA,modbutton no,
VOICE_COMMAND,412467,6/27/2026 12:00:31 PM,068492a8-9bbc-456b-87fb-dc52c0aec9a7,2.0,,,,,,,,,,,,,,,,,,,,,,,,Civilian PT 15,,,,,,,,,,,,,,,,,,,,,,,,,,,modbutton no,modbutton no,
VOICE_CAPTURE,412792,6/27/2026 12:00:32 PM,068492a8-9bbc-456b-87fb-dc52c0aec9a7,2.0,,,,,,,,,,,,,,,,,,,,,,,,,,,,,,,,,,,,,,,,,,,,,,,,,,,NA,Can you stand?,
PLAYER_POSITIONS,412969,6/27/2026 12:00:32 PM,068492a8-9bbc-456b-87fb-dc52c0aec9a7,2.0,,,,,,,,,,,,,,,,,,,,,,,,,,,,,,,,,,,"(-14.6, 0.3, 0.0)","(-14.9, 0.8, -0.1)","(-15.1, 0.2, -0.3)",
PLAYER_POSITIONS,412969,6/27/2026 12:00:32 PM,068492a8-9bbc-456b-87fb-dc52c0aec9a7,2.0,,,,,,,,,,,,,,,,,,,,,,,,,,,,,,,,,,,"(-14.6, 0.3, 0.0)","(-14.9, 0.8, -0.1)","(-15.1, 0.2, -0.3)",
VOICE_CAPTURE,413314,6/27/2026 12:00:32 PM,068492a8-9bbc-456b-87fb-dc52c0aec9a7,2.0,,,,,,,,,,,,,,,,,,,,,,,,,,,,,,,,,,,,,,,,,,,,,,,,,,,NA,Can you stand?,
PLAYER_POSITIONS,413470,6/27/2026 12:00:32 PM,068492a8-9bbc-456b-87fb-dc52c0aec9a7,2.0,,,,,,,,,,,,,,,,,,,,,,,,,,,,,,,,,,,"(-14.6, 0.3, 0.0)","(-14.9, 0.8, -0.1)","(-14.9, 0.2, -0.5)",
PLAYER_POSITIONS,413470,6/27/2026 12:00:32 PM,068492a8-9bbc-456b-87fb-dc52c0aec9a7,2.0,,,,,,,,,,,,,,,,,,,,,,,,,,,,,,,,,,,"(-14.6, 0.3, 0.0)","(-14.9, 0.8, -0.1)","(-14.9, 0.2, -0.5)",
BUTTON_CLICKED,413579,6/27/2026 12:00:32 PM,068492a8-9bbc-456b-87fb-dc52c0aec9a7,2.0,,,lay down,
VOICE_CAPTURE,413579,6/27/2026 12:00:32 PM,068492a8-9bbc-456b-87fb-dc52c0aec9a7,2.0,,,,,,,,,,,,,,,,,,,,,,,,,,,,,,,,,,,,,,,,,,,,,,,,,,,NA,lay down,
VOICE_COMMAND,413579,6/27/2026 12:00:32 PM,068492a8-9bbc-456b-87fb-dc52c0aec9a7,2.0,,,,,,,,,,,,,,,,,,,,,,,,Civilian PT 15,,,,,,,,,,,,,,,,,,,,,,,,,,,lay down,lay down,
AUDIO_START,413702,6/27/2026 12:00:33 PM,068492a8-9bbc-456b-87fb-dc52c0aec9a7,2.0,bravo switching to objective foxtrot,4.571429,
TAG_APPLIED,413729,6/27/2026 12:00:33 PM,068492a8-9bbc-456b-87fb-dc52c0aec9a7,2.0,,,,,,,,,,,,,,,,,,,,,,,,Civilian PT 15,,,,,,,,,,,,,,,,,,yellow,
PLAYER_POSITIONS,413984,6/27/2026 12:00:33 PM,068492a8-9bbc-456b-87fb-dc52c0aec9a7,2.0,,,,,,,,,,,,,,,,,,,,,,,,,,,,,,,,,,,"(-14.6, 0.3, -0.1)","(-14.7, 0.9, -0.3)","(-14.8, 0.2, -0.4)",
PLAYER_POSITIONS,413984,6/27/2026 12:00:33 PM,068492a8-9bbc-456b-87fb-dc52c0aec9a7,2.0,,,,,,,,,,,,,,,,,,,,,,,,,,,,,,,,,,,"(-14.6, 0.3, -0.1)","(-14.7, 0.9, -0.3)","(-14.8, 0.2, -0.4)",
PLAYER_POSITIONS,414492,6/27/2026 12:00:33 PM,068492a8-9bbc-456b-87fb-dc52c0aec9a7,2.0,,,,,,,,,,,,,,,,,,,,,,,,,,,,,,,,,,,"(-14.5, 0.4, -0.3)","(-14.5, 1.1, -0.2)","(-14.7, 0.4, -0.4)",
PLAYER_GAZE,414492,6/27/2026 12:00:33 PM,068492a8-9bbc-456b-87fb-dc52c0aec9a7,2.0,,,,,,,,,,,,,,,,,,,,,,,,Civilian PT 15,,,,,,,,,"(-0.2, 1.1, 0.1)",,,"(-14.4, 0.0, -0.3)",
PLAYER_POSITIONS,414492,6/27/2026 12:00:33 PM,068492a8-9bbc-456b-87fb-dc52c0aec9a7,2.0,,,,,,,,,,,,,,,,,,,,,,,,,,,,,,,,,,,"(-14.5, 0.4, -0.3)","(-14.5, 1.1, -0.2)","(-14.7, 0.4, -0.4)",
PLAYER_GAZE,414492,6/27/2026 12:00:33 PM,068492a8-9bbc-456b-87fb-dc52c0aec9a7,2.0,,,,,,,,,,,,,,,,,,,,,,,,Civilian PT 15,,,,,,,,,"(-0.2, 1.1, 0.1)",,,"(-14.4, 0.0, -0.3)",
BAG_CLOSED,414533,6/27/2026 12:00:33 PM,068492a8-9bbc-456b-87fb-dc52c0aec9a7,2.0,,,,,,,,,,,,,,,,,,,,,,,,,,,,,,,,,,,,"(0.0, 0.0, 0.0)",
PLAYER_POSITIONS,414993,6/27/2026 12:00:34 PM,068492a8-9bbc-456b-87fb-dc52c0aec9a7,2.0,,,,,,,,,,,,,,,,,,,,,,,,,,,,,,,,,,,"(-13.9, 0.4, -0.3)","(-14.0, 1.1, -0.3)","(-13.9, 0.4, -0.4)",
PLAYER_POSITIONS,414993,6/27/2026 12:00:34 PM,068492a8-9bbc-456b-87fb-dc52c0aec9a7,2.0,,,,,,,,,,,,,,,,,,,,,,,,,,,,,,,,,,,"(-13.9, 0.4, -0.3)","(-14.0, 1.1, -0.3)","(-13.9, 0.4, -0.4)",
PLAYER_POSITIONS,415511,6/27/2026 12:00:34 PM,068492a8-9bbc-456b-87fb-dc52c0aec9a7,2.0,,,,,,,,,,,,,,,,,,,,,,,,,,,,,,,,,,,"(-13.1, 0.3, -0.7)","(-13.3, 1.1, -0.9)","(-13.3, 0.3, -1.1)",
PLAYER_GAZE,415511,6/27/2026 12:00:34 PM,068492a8-9bbc-456b-87fb-dc52c0aec9a7,2.0,,,,,,,,,,,,,,,,,,,,,,,,Military PT 9,,,,,,,,,"(-0.6, 1.1, 0.9)",,,"(-12.7, 0.0, -1.8)",
PLAYER_POSITIONS,415511,6/27/2026 12:00:34 PM,068492a8-9bbc-456b-87fb-dc52c0aec9a7,2.0,,,,,,,,,,,,,,,,,,,,,,,,,,,,,,,,,,,"(-13.1, 0.3, -0.7)","(-13.3, 1.1, -0.9)","(-13.3, 0.3, -1.1)",
PLAYER_GAZE,415511,6/27/2026 12:00:34 PM,068492a8-9bbc-456b-87fb-dc52c0aec9a7,2.0,,,,,,,,,,,,,,,,,,,,,,,,Military PT 9,,,,,,,,,"(-0.6, 1.1, 0.9)",,,"(-12.7, 0.0, -1.8)",
PLAYER_POSITIONS,416033,6/27/2026 12:00:35 PM,068492a8-9bbc-456b-87fb-dc52c0aec9a7,2.0,,,,,,,,,,,,,,,,,,,,,,,,,,,,,,,,,,,"(-13.0, 0.3, -1.5)","(-13.1, 1.1, -1.5)","(-13.2, 0.3, -1.8)",
PLAYER_GAZE,416033,6/27/2026 12:00:35 PM,068492a8-9bbc-456b-87fb-dc52c0aec9a7,2.0,,,,,,,,,,,,,,,,,,,,,,,,Military PT 9,,,,,,,,,"(-0.4, 1.1, 0.3)",,,"(-12.7, 0.0, -1.8)",
PLAYER_POSITIONS,416033,6/27/2026 12:00:35 PM,068492a8-9bbc-456b-87fb-dc52c0aec9a7,2.0,,,,,,,,,,,,,,,,,,,,,,,,,,,,,,,,,,,"(-13.0, 0.3, -1.5)","(-13.1, 1.1, -1.5)","(-13.2, 0.3, -1.8)",
PLAYER_GAZE,416033,6/27/2026 12:00:35 PM,068492a8-9bbc-456b-87fb-dc52c0aec9a7,2.0,,,,,,,,,,,,,,,,,,,,,,,,Military PT 9,,,,,,,,,"(-0.4, 1.1, 0.3)",,,"(-12.7, 0.0, -1.8)",
PATIENT_DISENGAGED,416432,6/27/2026 12:00:35 PM,068492a8-9bbc-456b-87fb-dc52c0aec9a7,2.0,,,,47.29,,,,,,,,,,,,,,,,fast,100,Infinity,normal,Civilian PT 15,upset,supine,"(-14.3, -0.1, -0.4)",fast,"(0.0, 0.8, 0.0, 0.6)",normal,IMMEDIATE,still,,,,,,,,,,,,,,,,,50.99,
PLAYER_POSITIONS,416548,6/27/2026 12:00:35 PM,068492a8-9bbc-456b-87fb-dc52c0aec9a7,2.0,,,,,,,,,,,,,,,,,,,,,,,,,,,,,,,,,,,"(-12.7, 0.3, -2.1)","(-12.8, 1.0, -2.3)","(-12.7, 0.3, -2.4)",
PLAYER_POSITIONS,416548,6/27/2026 12:00:35 PM,068492a8-9bbc-456b-87fb-dc52c0aec9a7,2.0,,,,,,,,,,,,,,,,,,,,,,,,,,,,,,,,,,,"(-12.7, 0.3, -2.1)","(-12.8, 1.0, -2.3)","(-12.7, 0.3, -2.4)",
PATIENT_ENGAGED,416880,6/27/2026 12:00:36 PM,068492a8-9bbc-456b-87fb-dc52c0aec9a7,2.0,,,,0,,,,,,,,,,,,,,,,collapsedBoth,100,Infinity,normal,Military PT 9,unresponsive,supine,"(-12.7, -0.1, -1.8)",faint,"(0.0, -0.7, 0.0, 0.7)",normal,EXPECTANT,still,,,,,,,,,,,,,,,,,5.92,
PLAYER_POSITIONS,417061,6/27/2026 12:00:36 PM,068492a8-9bbc-456b-87fb-dc52c0aec9a7,2.0,,,,,,,,,,,,,,,,,,,,,,,,,,,,,,,,,,,"(-12.6, 0.3, -2.3)","(-12.6, 1.0, -2.5)","(-12.5, 0.3, -2.6)",
PLAYER_POSITIONS,417061,6/27/2026 12:00:36 PM,068492a8-9bbc-456b-87fb-dc52c0aec9a7,2.0,,,,,,,,,,,,,,,,,,,,,,,,,,,,,,,,,,,"(-12.6, 0.3, -2.3)","(-12.6, 1.0, -2.5)","(-12.5, 0.3, -2.6)",
PLAYER_POSITIONS,417572,6/27/2026 12:00:36 PM,068492a8-9bbc-456b-87fb-dc52c0aec9a7,2.0,,,,,,,,,,,,,,,,,,,,,,,,,,,,,,,,,,,"(-12.5, 0.3, -2.3)","(-12.4, 1.0, -2.4)","(-12.4, 0.3, -2.7)",
PLAYER_POSITIONS,417572,6/27/2026 12:00:36 PM,068492a8-9bbc-456b-87fb-dc52c0aec9a7,2.0,,,,,,,,,,,,,,,,,,,,,,,,,,,,,,,,,,,"(-12.5, 0.3, -2.3)","(-12.4, 1.0, -2.4)","(-12.4, 0.3, -2.7)",
PLAYER_POSITIONS,418084,6/27/2026 12:00:37 PM,068492a8-9bbc-456b-87fb-dc52c0aec9a7,2.0,,,,,,,,,,,,,,,,,,,,,,,,,,,,,,,,,,,"(-12.5, 0.3, -2.3)","(-12.3, 0.9, -2.5)","(-12.2, 0.5, -2.8)",
PLAYER_POSITIONS,418084,6/27/2026 12:00:37 PM,068492a8-9bbc-456b-87fb-dc52c0aec9a7,2.0,,,,,,,,,,,,,,,,,,,,,,,,,,,,,,,,,,,"(-12.5, 0.3, -2.3)","(-12.3, 0.9, -2.5)","(-12.2, 0.5, -2.8)",
AUDIO_END,418294,6/27/2026 12:00:37 PM,068492a8-9bbc-456b-87fb-dc52c0aec9a7,2.0,bravo switching to objective foxtrot,4.571429,
NARRATIVE_SECTION_END,418294,6/27/2026 12:00:37 PM,068492a8-9bbc-456b-87fb-dc52c0aec9a7,2.0,,,,,,,,,,,,,,,,,,Bravo switching to objective foxtrot,46,
NARRATIVE_SECTION_START,418322,6/27/2026 12:00:37 PM,068492a8-9bbc-456b-87fb-dc52c0aec9a7,2.0,,,,,,,,,,,,,,,,,,Can bravo get overwatch,47,
PLAYER_POSITIONS,418592,6/27/2026 12:00:37 PM,068492a8-9bbc-456b-87fb-dc52c0aec9a7,2.0,,,,,,,,,,,,,,,,,,,,,,,,,,,,,,,,,,,"(-12.4, 0.3, -2.4)","(-12.3, 0.8, -2.5)","(-12.1, 0.5, -2.8)",
PLAYER_POSITIONS,418592,6/27/2026 12:00:37 PM,068492a8-9bbc-456b-87fb-dc52c0aec9a7,2.0,,,,,,,,,,,,,,,,,,,,,,,,,,,,,,,,,,,"(-12.4, 0.3, -2.4)","(-12.3, 0.8, -2.5)","(-12.1, 0.5, -2.8)",
PLAYER_POSITIONS,419105,6/27/2026 12:00:38 PM,068492a8-9bbc-456b-87fb-dc52c0aec9a7,2.0,,,,,,,,,,,,,,,,,,,,,,,,,,,,,,,,,,,"(-12.4, 0.2, -2.5)","(-12.3, 0.7, -2.5)","(-12.3, 0.2, -2.6)",
PLAYER_POSITIONS,419105,6/27/2026 12:00:38 PM,068492a8-9bbc-456b-87fb-dc52c0aec9a7,2.0,,,,,,,,,,,,,,,,,,,,,,,,,,,,,,,,,,,"(-12.4, 0.2, -2.5)","(-12.3, 0.7, -2.5)","(-12.3, 0.2, -2.6)",
PLAYER_POSITIONS,419608,6/27/2026 12:00:38 PM,068492a8-9bbc-456b-87fb-dc52c0aec9a7,2.0,,,,,,,,,,,,,,,,,,,,,,,,,,,,,,,,,,,"(-12.4, 0.1, -2.4)","(-12.3, 0.6, -2.5)","(-12.4, 0.1, -2.5)",
PLAYER_POSITIONS,419608,6/27/2026 12:00:38 PM,068492a8-9bbc-456b-87fb-dc52c0aec9a7,2.0,,,,,,,,,,,,,,,,,,,,,,,,,,,,,,,,,,,"(-12.4, 0.1, -2.4)","(-12.3, 0.6, -2.5)","(-12.4, 0.1, -2.5)",
PULSE_TAKEN,419771,6/27/2026 12:00:39 PM,068492a8-9bbc-456b-87fb-dc52c0aec9a7,2.0,,,,,,,,,,,,,,,,,,,,,,,,Military PT 9,,,,pulse_faint,
DRAG_STOP,419780,6/27/2026 12:00:39 PM,068492a8-9bbc-456b-87fb-dc52c0aec9a7,2.0,,,,,"(0.0, 0.0, 0.0)","(0.0, 0.0, 0.0)",,,,,,,,,,,,,,,,,,Military PT 9,
PLAYER_POSITIONS,420118,6/27/2026 12:00:39 PM,068492a8-9bbc-456b-87fb-dc52c0aec9a7,2.0,,,,,,,,,,,,,,,,,,,,,,,,,,,,,,,,,,,"(-12.7, 0.0, -2.3)","(-12.3, 0.6, -2.5)","(-12.4, 0.1, -2.5)",
PLAYER_POSITIONS,420118,6/27/2026 12:00:39 PM,068492a8-9bbc-456b-87fb-dc52c0aec9a7,2.0,,,,,,,,,,,,,,,,,,,,,,,,,,,,,,,,,,,"(-12.7, 0.0, -2.3)","(-12.3, 0.6, -2.5)","(-12.4, 0.1, -2.5)",
PLAYER_POSITIONS,420625,6/27/2026 12:00:40 PM,068492a8-9bbc-456b-87fb-dc52c0aec9a7,2.0,,,,,,,,,,,,,,,,,,,,,,,,,,,,,,,,,,,"(-12.7, 0.0, -2.3)","(-12.3, 0.6, -2.5)","(-12.4, 0.1, -2.5)",
PLAYER_POSITIONS,420625,6/27/2026 12:00:40 PM,068492a8-9bbc-456b-87fb-dc52c0aec9a7,2.0,,,,,,,,,,,,,,,,,,,,,,,,,,,,,,,,,,,"(-12.7, 0.0, -2.3)","(-12.3, 0.6, -2.5)","(-12.4, 0.1, -2.5)",
PLAYER_POSITIONS,421137,6/27/2026 12:00:40 PM,068492a8-9bbc-456b-87fb-dc52c0aec9a7,2.0,,,,,,,,,,,,,,,,,,,,,,,,,,,,,,,,,,,"(-12.7, 0.0, -2.3)","(-12.3, 0.6, -2.5)","(-12.4, 0.1, -2.5)",
PLAYER_POSITIONS,421137,6/27/2026 12:00:40 PM,068492a8-9bbc-456b-87fb-dc52c0aec9a7,2.0,,,,,,,,,,,,,,,,,,,,,,,,,,,,,,,,,,,"(-12.7, 0.0, -2.3)","(-12.3, 0.6, -2.5)","(-12.4, 0.1, -2.5)",
AUDIO_START,421321,6/27/2026 12:00:40 PM,068492a8-9bbc-456b-87fb-dc52c0aec9a7,2.0,can bravo get overwatch on objective,4.571429,
PLAYER_POSITIONS,421648,6/27/2026 12:00:41 PM,068492a8-9bbc-456b-87fb-dc52c0aec9a7,2.0,,,,,,,,,,,,,,,,,,,,,,,,,,,,,,,,,,,"(-12.7, 0.0, -2.3)","(-12.3, 0.6, -2.5)","(-12.4, 0.1, -2.5)",
PLAYER_POSITIONS,421648,6/27/2026 12:00:41 PM,068492a8-9bbc-456b-87fb-dc52c0aec9a7,2.0,,,,,,,,,,,,,,,,,,,,,,,,,,,,,,,,,,,"(-12.7, 0.0, -2.3)","(-12.3, 0.6, -2.5)","(-12.4, 0.1, -2.5)",
PLAYER_POSITIONS,422160,6/27/2026 12:00:41 PM,068492a8-9bbc-456b-87fb-dc52c0aec9a7,2.0,,,,,,,,,,,,,,,,,,,,,,,,,,,,,,,,,,,"(-12.7, 0.0, -2.3)","(-12.3, 0.6, -2.5)","(-12.4, 0.1, -2.6)",
PLAYER_POSITIONS,422160,6/27/2026 12:00:41 PM,068492a8-9bbc-456b-87fb-dc52c0aec9a7,2.0,,,,,,,,,,,,,,,,,,,,,,,,,,,,,,,,,,,"(-12.7, 0.0, -2.3)","(-12.3, 0.6, -2.5)","(-12.4, 0.1, -2.6)",
PLAYER_POSITIONS,422674,6/27/2026 12:00:42 PM,068492a8-9bbc-456b-87fb-dc52c0aec9a7,2.0,,,,,,,,,,,,,,,,,,,,,,,,,,,,,,,,,,,"(-12.7, 0.0, -2.3)","(-12.3, 0.7, -2.5)","(-12.1, 0.5, -2.7)",
PLAYER_POSITIONS,422674,6/27/2026 12:00:42 PM,068492a8-9bbc-456b-87fb-dc52c0aec9a7,2.0,,,,,,,,,,,,,,,,,,,,,,,,,,,,,,,,,,,"(-12.7, 0.0, -2.3)","(-12.3, 0.7, -2.5)","(-12.1, 0.5, -2.7)",
PLAYER_POSITIONS,423187,6/27/2026 12:00:42 PM,068492a8-9bbc-456b-87fb-dc52c0aec9a7,2.0,,,,,,,,,,,,,,,,,,,,,,,,,,,,,,,,,,,"(-12.5, 0.2, -2.4)","(-12.4, 0.7, -2.5)","(-12.2, 0.3, -2.9)",
PLAYER_POSITIONS,423187,6/27/2026 12:00:42 PM,068492a8-9bbc-456b-87fb-dc52c0aec9a7,2.0,,,,,,,,,,,,,,,,,,,,,,,,,,,,,,,,,,,"(-12.5, 0.2, -2.4)","(-12.4, 0.7, -2.5)","(-12.2, 0.3, -2.9)",
PLAYER_POSITIONS,423700,6/27/2026 12:00:43 PM,068492a8-9bbc-456b-87fb-dc52c0aec9a7,2.0,,,,,,,,,,,,,,,,,,,,,,,,,,,,,,,,,,,"(-12.5, 0.3, -2.5)","(-12.4, 0.8, -2.5)","(-12.2, 0.4, -2.7)",
PLAYER_POSITIONS,423700,6/27/2026 12:00:43 PM,068492a8-9bbc-456b-87fb-dc52c0aec9a7,2.0,,,,,,,,,,,,,,,,,,,,,,,,,,,,,,,,,,,"(-12.5, 0.3, -2.5)","(-12.4, 0.8, -2.5)","(-12.2, 0.4, -2.7)",
PLAYER_POSITIONS,424232,6/27/2026 12:00:43 PM,068492a8-9bbc-456b-87fb-dc52c0aec9a7,2.0,,,,,,,,,,,,,,,,,,,,,,,,,,,,,,,,,,,"(-12.5, 0.3, -2.5)","(-12.4, 0.8, -2.5)","(-12.2, 0.3, -2.7)",
PLAYER_POSITIONS,424232,6/27/2026 12:00:43 PM,068492a8-9bbc-456b-87fb-dc52c0aec9a7,2.0,,,,,,,,,,,,,,,,,,,,,,,,,,,,,,,,,,,"(-12.5, 0.3, -2.5)","(-12.4, 0.8, -2.5)","(-12.2, 0.3, -2.7)",
TOOL_HOVER,424619,6/27/2026 12:00:43 PM,068492a8-9bbc-456b-87fb-dc52c0aec9a7,2.0,,,,,,,,,,,,,,,,,,,,,,,,,,,,,,,,,,,,,,,,,,,,,,999,,Blanket,
PLAYER_POSITIONS,424734,6/27/2026 12:00:44 PM,068492a8-9bbc-456b-87fb-dc52c0aec9a7,2.0,,,,,,,,,,,,,,,,,,,,,,,,,,,,,,,,,,,"(-12.5, 0.3, -2.5)","(-12.4, 0.8, -2.6)","(-12.1, 0.5, -3.0)",
PLAYER_POSITIONS,424734,6/27/2026 12:00:44 PM,068492a8-9bbc-456b-87fb-dc52c0aec9a7,2.0,,,,,,,,,,,,,,,,,,,,,,,,,,,,,,,,,,,"(-12.5, 0.3, -2.5)","(-12.4, 0.8, -2.6)","(-12.1, 0.5, -3.0)",
TOOL_HOVER,425218,6/27/2026 12:00:44 PM,068492a8-9bbc-456b-87fb-dc52c0aec9a7,2.0,,,,,,,,,,,,,,,,,,,,,,,,,,,,,,,,,,,,,,,,,,,,,,998,,Nasal Airway,
PLAYER_POSITIONS,425268,6/27/2026 12:00:44 PM,068492a8-9bbc-456b-87fb-dc52c0aec9a7,2.0,,,,,,,,,,,,,,,,,,,,,,,,,,,,,,,,,,,"(-12.5, 0.3, -2.5)","(-12.4, 0.8, -2.6)","(-12.3, 0.5, -3.0)",
PLAYER_POSITIONS,425268,6/27/2026 12:00:44 PM,068492a8-9bbc-456b-87fb-dc52c0aec9a7,2.0,,,,,,,,,,,,,,,,,,,,,,,,,,,,,,,,,,,"(-12.5, 0.3, -2.5)","(-12.4, 0.8, -2.6)","(-12.3, 0.5, -3.0)",
TOOL_HOVER,425308,6/27/2026 12:00:44 PM,068492a8-9bbc-456b-87fb-dc52c0aec9a7,2.0,,,,,,,,,,,,,,,,,,,,,,,,,,,,,,,,,,,,,,,,,,,,,,997,,Decompression Needle,
VOICE_CAPTURE,425379,6/27/2026 12:00:44 PM,068492a8-9bbc-456b-87fb-dc52c0aec9a7,2.0,,,,,,,,,,,,,,,,,,,,,,,,,,,,,,,,,,,,,,,,,,,,,,,,,,,NA,Mmm.,
TOOL_SELECTED,425733,6/27/2026 12:00:45 PM,068492a8-9bbc-456b-87fb-dc52c0aec9a7,2.0,,,,,,,,,,,,,,,,,,,,,,,,,,,,,,,,,,,,,,,,,,,,,,996,,Decompression Needle,
PLAYER_POSITIONS,425778,6/27/2026 12:00:45 PM,068492a8-9bbc-456b-87fb-dc52c0aec9a7,2.0,,,,,,,,,,,,,,,,,,,,,,,,,,,,,,,,,,,"(-12.5, 0.3, -2.5)","(-12.5, 0.8, -2.6)","(-12.4, 0.5, -2.9)",
PLAYER_POSITIONS,425778,6/27/2026 12:00:45 PM,068492a8-9bbc-456b-87fb-dc52c0aec9a7,2.0,,,,,,,,,,,,,,,,,,,,,,,,,,,,,,,,,,,"(-12.5, 0.3, -2.5)","(-12.5, 0.8, -2.6)","(-12.4, 0.5, -2.9)",
VOICE_CAPTURE,425825,6/27/2026 12:00:45 PM,068492a8-9bbc-456b-87fb-dc52c0aec9a7,2.0,,,,,,,,,,,,,,,,,,,,,,,,,,,,,,,,,,,,,,,,,,,,,,,,,,,NA,Mmm.,
AUDIO_END,425900,6/27/2026 12:00:45 PM,068492a8-9bbc-456b-87fb-dc52c0aec9a7,2.0,can bravo get overwatch on objective,4.571429,
NARRATIVE_SECTION_END,425900,6/27/2026 12:00:45 PM,068492a8-9bbc-456b-87fb-dc52c0aec9a7,2.0,,,,,,,,,,,,,,,,,,Can bravo get overwatch,47,
NARRATIVE_SECTION_START,425939,6/27/2026 12:00:45 PM,068492a8-9bbc-456b-87fb-dc52c0aec9a7,2.0,,,,,,,,,,,,,,,,,,Uav changing to 7-1,48,
PLAYER_POSITIONS,426288,6/27/2026 12:00:45 PM,068492a8-9bbc-456b-87fb-dc52c0aec9a7,2.0,,,,,,,,,,,,,,,,,,,,,,,,,,,,,,,,,,,"(-12.5, 0.3, -2.5)","(-12.4, 0.8, -2.5)","(-12.3, 0.3, -2.6)",
PLAYER_POSITIONS,426288,6/27/2026 12:00:45 PM,068492a8-9bbc-456b-87fb-dc52c0aec9a7,2.0,,,,,,,,,,,,,,,,,,,,,,,,,,,,,,,,,,,"(-12.5, 0.3, -2.5)","(-12.4, 0.8, -2.5)","(-12.3, 0.3, -2.6)",
VOICE_CAPTURE,426356,6/27/2026 12:00:45 PM,068492a8-9bbc-456b-87fb-dc52c0aec9a7,2.0,,,,,,,,,,,,,,,,,,,,,,,,,,,,,,,,,,,,,,,,,,,,,,,,,,,NA,Mmm.,
PLAYER_POSITIONS,426799,6/27/2026 12:00:46 PM,068492a8-9bbc-456b-87fb-dc52c0aec9a7,2.0,,,,,,,,,,,,,,,,,,,,,,,,,,,,,,,,,,,"(-12.5, 0.3, -2.5)","(-12.5, 0.7, -2.5)","(-12.3, 0.2, -2.5)",
PLAYER_POSITIONS,426799,6/27/2026 12:00:46 PM,068492a8-9bbc-456b-87fb-dc52c0aec9a7,2.0,,,,,,,,,,,,,,,,,,,,,,,,,,,,,,,,,,,"(-12.5, 0.3, -2.5)","(-12.5, 0.7, -2.5)","(-12.3, 0.2, -2.5)",
VOICE_CAPTURE,426844,6/27/2026 12:00:46 PM,068492a8-9bbc-456b-87fb-dc52c0aec9a7,2.0,,,,,,,,,,,,,,,,,,,,,,,,,,,,,,,,,,,,,,,,,,,,,,,,,,,NA,Mmm.,
INJURY_TREATED,427112,6/27/2026 12:00:46 PM,068492a8-9bbc-456b-87fb-dc52c0aec9a7,2.0,,,,,,,,,chest,L Chest Collapse,"(-12.4, 0.0, -2.3)",decompressionNeedle,1,1,high,True,True,,,,,,,Military PT 9,
TOOL_APPLIED,427115,6/27/2026 12:00:46 PM,068492a8-9bbc-456b-87fb-dc52c0aec9a7,2.0,,,,,,,,,,,,,,,,,,,,,,,,Military PT 9,,,,,,,,,,,,,,,,,,,,AppliedDecompNeedle,LeftChestBreath (UnityEngine.GameObject),,Decompression Needle(Clone) (UnityEngine.GameObject),Decompression Needle,
PLAYER_POSITIONS,427309,6/27/2026 12:00:46 PM,068492a8-9bbc-456b-87fb-dc52c0aec9a7,2.0,,,,,,,,,,,,,,,,,,,,,,,,,,,,,,,,,,,"(-12.5, 0.3, -2.5)","(-12.4, 0.7, -2.5)","(-12.3, 0.1, -2.4)",
PLAYER_POSITIONS,427309,6/27/2026 12:00:46 PM,068492a8-9bbc-456b-87fb-dc52c0aec9a7,2.0,,,,,,,,,,,,,,,,,,,,,,,,,,,,,,,,,,,"(-12.5, 0.3, -2.5)","(-12.4, 0.7, -2.5)","(-12.3, 0.1, -2.4)",
VOICE_CAPTURE,427376,6/27/2026 12:00:46 PM,068492a8-9bbc-456b-87fb-dc52c0aec9a7,2.0,,,,,,,,,,,,,,,,,,,,,,,,,,,,,,,,,,,,,,,,,,,,,,,,,,,NA,Mmm.,
PLAYER_POSITIONS,427820,6/27/2026 12:00:47 PM,068492a8-9bbc-456b-87fb-dc52c0aec9a7,2.0,,,,,,,,,,,,,,,,,,,,,,,,,,,,,,,,,,,"(-12.5, 0.3, -2.5)","(-12.4, 0.7, -2.5)","(-12.3, 0.2, -2.6)",
PLAYER_POSITIONS,427820,6/27/2026 12:00:47 PM,068492a8-9bbc-456b-87fb-dc52c0aec9a7,2.0,,,,,,,,,,,,,,,,,,,,,,,,,,,,,,,,,,,"(-12.5, 0.3, -2.5)","(-12.4, 0.7, -2.5)","(-12.3, 0.2, -2.6)",
VOICE_CAPTURE,427825,6/27/2026 12:00:47 PM,068492a8-9bbc-456b-87fb-dc52c0aec9a7,2.0,,,,,,,,,,,,,,,,,,,,,,,,,,,,,,,,,,,,,,,,,,,,,,,,,,,NA,Mmm.,
VOICE_CAPTURE,428310,6/27/2026 12:00:47 PM,068492a8-9bbc-456b-87fb-dc52c0aec9a7,2.0,,,,,,,,,,,,,,,,,,,,,,,,,,,,,,,,,,,,,,,,,,,,,,,,,,,NA,Mmm.,
PLAYER_POSITIONS,428332,6/27/2026 12:00:47 PM,068492a8-9bbc-456b-87fb-dc52c0aec9a7,2.0,,,,,,,,,,,,,,,,,,,,,,,,,,,,,,,,,,,"(-12.5, 0.3, -2.5)","(-12.5, 0.7, -2.5)","(-12.3, 0.2, -2.6)",
PLAYER_POSITIONS,428332,6/27/2026 12:00:47 PM,068492a8-9bbc-456b-87fb-dc52c0aec9a7,2.0,,,,,,,,,,,,,,,,,,,,,,,,,,,,,,,,,,,"(-12.5, 0.3, -2.5)","(-12.5, 0.7, -2.5)","(-12.3, 0.2, -2.6)",
VOICE_CAPTURE,428826,6/27/2026 12:00:48 PM,068492a8-9bbc-456b-87fb-dc52c0aec9a7,2.0,,,,,,,,,,,,,,,,,,,,,,,,,,,,,,,,,,,,,,,,,,,,,,,,,,,NA,Mmm.,
PLAYER_POSITIONS,428847,6/27/2026 12:00:48 PM,068492a8-9bbc-456b-87fb-dc52c0aec9a7,2.0,,,,,,,,,,,,,,,,,,,,,,,,,,,,,,,,,,,"(-12.5, 0.3, -2.5)","(-12.4, 0.7, -2.5)","(-12.3, 0.2, -2.6)",
PLAYER_POSITIONS,428847,6/27/2026 12:00:48 PM,068492a8-9bbc-456b-87fb-dc52c0aec9a7,2.0,,,,,,,,,,,,,,,,,,,,,,,,,,,,,,,,,,,"(-12.5, 0.3, -2.5)","(-12.4, 0.7, -2.5)","(-12.3, 0.2, -2.6)",
AUDIO_START,428942,6/27/2026 12:00:48 PM,068492a8-9bbc-456b-87fb-dc52c0aec9a7,2.0,uav changing to 71,3.761633,
TOOL_HOVER,429223,6/27/2026 12:00:48 PM,068492a8-9bbc-456b-87fb-dc52c0aec9a7,2.0,,,,,,,,,,,,,,,,,,,,,,,,,,,,,,,,,,,,,,,,,,,,,,996,,Decompression Needle,
VOICE_CAPTURE,429339,6/27/2026 12:00:48 PM,068492a8-9bbc-456b-87fb-dc52c0aec9a7,2.0,,,,,,,,,,,,,,,,,,,,,,,,,,,,,,,,,,,,,,,,,,,,,,,,,,,NA,Mmm.,
PLAYER_POSITIONS,429361,6/27/2026 12:00:48 PM,068492a8-9bbc-456b-87fb-dc52c0aec9a7,2.0,,,,,,,,,,,,,,,,,,,,,,,,,,,,,,,,,,,"(-12.5, 0.3, -2.5)","(-12.5, 0.8, -2.6)","(-12.5, 0.5, -3.0)",
PLAYER_POSITIONS,429361,6/27/2026 12:00:48 PM,068492a8-9bbc-456b-87fb-dc52c0aec9a7,2.0,,,,,,,,,,,,,,,,,,,,,,,,,,,,,,,,,,,"(-12.5, 0.3, -2.5)","(-12.5, 0.8, -2.6)","(-12.5, 0.5, -3.0)",
TOOL_SELECTED,429604,6/27/2026 12:00:48 PM,068492a8-9bbc-456b-87fb-dc52c0aec9a7,2.0,,,,,,,,,,,,,,,,,,,,,,,,,,,,,,,,,,,,,,,,,,,,,,995,,Decompression Needle,
VOICE_CAPTURE,429807,6/27/2026 12:00:49 PM,068492a8-9bbc-456b-87fb-dc52c0aec9a7,2.0,,,,,,,,,,,,,,,,,,,,,,,,,,,,,,,,,,,,,,,,,,,,,,,,,,,NA,Mmm.,
PLAYER_POSITIONS,429868,6/27/2026 12:00:49 PM,068492a8-9bbc-456b-87fb-dc52c0aec9a7,2.0,,,,,,,,,,,,,,,,,,,,,,,,,,,,,,,,,,,"(-12.5, 0.3, -2.5)","(-12.5, 0.8, -2.5)","(-12.3, 0.4, -2.7)",
PLAYER_POSITIONS,429868,6/27/2026 12:00:49 PM,068492a8-9bbc-456b-87fb-dc52c0aec9a7,2.0,,,,,,,,,,,,,,,,,,,,,,,,,,,,,,,,,,,"(-12.5, 0.3, -2.5)","(-12.5, 0.8, -2.5)","(-12.3, 0.4, -2.7)",
VOICE_CAPTURE,430289,6/27/2026 12:00:49 PM,068492a8-9bbc-456b-87fb-dc52c0aec9a7,2.0,,,,,,,,,,,,,,,,,,,,,,,,,,,,,,,,,,,,,,,,,,,,,,,,,,,NA,Mmm.,
PLAYER_POSITIONS,430389,6/27/2026 12:00:49 PM,068492a8-9bbc-456b-87fb-dc52c0aec9a7,2.0,,,,,,,,,,,,,,,,,,,,,,,,,,,,,,,,,,,"(-12.5, 0.3, -2.5)","(-12.4, 0.7, -2.4)","(-12.2, 0.2, -2.3)",
PLAYER_POSITIONS,430389,6/27/2026 12:00:49 PM,068492a8-9bbc-456b-87fb-dc52c0aec9a7,2.0,,,,,,,,,,,,,,,,,,,,,,,,,,,,,,,,,,,"(-12.5, 0.3, -2.5)","(-12.4, 0.7, -2.4)","(-12.2, 0.2, -2.3)",
INJURY_TREATED,430412,6/27/2026 12:00:49 PM,068492a8-9bbc-456b-87fb-dc52c0aec9a7,2.0,,,,,,,,,chest,R Chest Collapse,"(-12.2, 0.1, -2.2)",decompressionNeedle,1,1,high,True,True,,,,,,,Military PT 9,
TOOL_APPLIED,430416,6/27/2026 12:00:49 PM,068492a8-9bbc-456b-87fb-dc52c0aec9a7,2.0,,,,,,,,,,,,,,,,,,,,,,,,Military PT 9,,,,,,,,,,,,,,,,,,,,AppliedDecompNeedle,RightChestBreath (UnityEngine.GameObject),,Decompression Needle(Clone) (UnityEngine.GameObject),Decompression Needle,
VOICE_CAPTURE,430766,6/27/2026 12:00:50 PM,068492a8-9bbc-456b-87fb-dc52c0aec9a7,2.0,,,,,,,,,,,,,,,,,,,,,,,,,,,,,,,,,,,,,,,,,,,,,,,,,,,NA,Mmm.,
PLAYER_POSITIONS,430898,6/27/2026 12:00:50 PM,068492a8-9bbc-456b-87fb-dc52c0aec9a7,2.0,,,,,,,,,,,,,,,,,,,,,,,,,,,,,,,,,,,"(-12.5, 0.3, -2.5)","(-12.3, 0.8, -2.4)","(-12.3, 0.3, -2.7)",
PLAYER_POSITIONS,430898,6/27/2026 12:00:50 PM,068492a8-9bbc-456b-87fb-dc52c0aec9a7,2.0,,,,,,,,,,,,,,,,,,,,,,,,,,,,,,,,,,,"(-12.5, 0.3, -2.5)","(-12.3, 0.8, -2.4)","(-12.3, 0.3, -2.7)",
VOICE_CAPTURE,431333,6/27/2026 12:00:50 PM,068492a8-9bbc-456b-87fb-dc52c0aec9a7,2.0,,,,,,,,,,,,,,,,,,,,,,,,,,,,,,,,,,,,,,,,,,,,,,,,,,,NA,Mmm.,
PLAYER_POSITIONS,431399,6/27/2026 12:00:50 PM,068492a8-9bbc-456b-87fb-dc52c0aec9a7,2.0,,,,,,,,,,,,,,,,,,,,,,,,,,,,,,,,,,,"(-12.4, 0.2, -2.4)","(-12.3, 0.9, -2.5)","(-12.3, 0.5, -2.9)",
PLAYER_POSITIONS,431399,6/27/2026 12:00:50 PM,068492a8-9bbc-456b-87fb-dc52c0aec9a7,2.0,,,,,,,,,,,,,,,,,,,,,,,,,,,,,,,,,,,"(-12.4, 0.2, -2.4)","(-12.3, 0.9, -2.5)","(-12.3, 0.5, -2.9)",
TOOL_HOVER,431709,6/27/2026 12:00:51 PM,068492a8-9bbc-456b-87fb-dc52c0aec9a7,2.0,,,,,,,,,,,,,,,,,,,,,,,,,,,,,,,,,,,,,,,,,,,,,,998,,Nasal Airway,
VOICE_CAPTURE,431835,6/27/2026 12:00:51 PM,068492a8-9bbc-456b-87fb-dc52c0aec9a7,2.0,,,,,,,,,,,,,,,,,,,,,,,,,,,,,,,,,,,,,,,,,,,,,,,,,,,NA,Mmm.,
PLAYER_POSITIONS,431901,6/27/2026 12:00:51 PM,068492a8-9bbc-456b-87fb-dc52c0aec9a7,2.0,,,,,,,,,,,,,,,,,,,,,,,,,,,,,,,,,,,"(-12.4, 0.2, -2.3)","(-12.4, 1.0, -2.6)","(-12.3, 0.6, -3.0)",
PLAYER_POSITIONS,431901,6/27/2026 12:00:51 PM,068492a8-9bbc-456b-87fb-dc52c0aec9a7,2.0,,,,,,,,,,,,,,,,,,,,,,,,,,,,,,,,,,,"(-12.4, 0.2, -2.3)","(-12.4, 1.0, -2.6)","(-12.3, 0.6, -3.0)",
TOOL_SELECTED,432165,6/27/2026 12:00:51 PM,068492a8-9bbc-456b-87fb-dc52c0aec9a7,2.0,,,,,,,,,,,,,,,,,,,,,,,,,,,,,,,,,,,,,,,,,,,,,,997,,Nasal Airway,
VOICE_CAPTURE,432311,6/27/2026 12:00:51 PM,068492a8-9bbc-456b-87fb-dc52c0aec9a7,2.0,,,,,,,,,,,,,,,,,,,,,,,,,,,,,,,,,,,,,,,,,,,,,,,,,,,NA,Mmm.,
PLAYER_POSITIONS,432423,6/27/2026 12:00:51 PM,068492a8-9bbc-456b-87fb-dc52c0aec9a7,2.0,,,,,,,,,,,,,,,,,,,,,,,,,,,,,,,,,,,"(-12.4, 0.2, -2.3)","(-12.3, 1.0, -2.6)","(-12.2, 0.4, -2.8)",
PLAYER_POSITIONS,432423,6/27/2026 12:00:51 PM,068492a8-9bbc-456b-87fb-dc52c0aec9a7,2.0,,,,,,,,,,,,,,,,,,,,,,,,,,,,,,,,,,,"(-12.4, 0.2, -2.3)","(-12.3, 1.0, -2.6)","(-12.2, 0.4, -2.8)",
AUDIO_END,432710,6/27/2026 12:00:52 PM,068492a8-9bbc-456b-87fb-dc52c0aec9a7,2.0,uav changing to 71,3.761633,
NARRATIVE_SECTION_END,432710,6/27/2026 12:00:52 PM,068492a8-9bbc-456b-87fb-dc52c0aec9a7,2.0,,,,,,,,,,,,,,,,,,Uav changing to 7-1,48,
NARRATIVE_SECTION_START,432787,6/27/2026 12:00:52 PM,068492a8-9bbc-456b-87fb-dc52c0aec9a7,2.0,,,,,,,,,,,,,,,,,,Bravo has uav overhead,49,
VOICE_CAPTURE,432830,6/27/2026 12:00:52 PM,068492a8-9bbc-456b-87fb-dc52c0aec9a7,2.0,,,,,,,,,,,,,,,,,,,,,,,,,,,,,,,,,,,,,,,,,,,,,,,,,,,NA,Mmm.,
TOOL_APPLIED,432920,6/27/2026 12:00:52 PM,068492a8-9bbc-456b-87fb-dc52c0aec9a7,2.0,,,,,,,,,,,,,,,,,,,,,,,,Military PT 9,,,,,,,,,,,,,,,,,,,,AppliedTrumpet,tubeGuide_used (UnityEngine.GameObject),,Nasal Trumpet(Clone) (UnityEngine.GameObject),Nasal Airway,
PLAYER_POSITIONS,432940,6/27/2026 12:00:52 PM,068492a8-9bbc-456b-87fb-dc52c0aec9a7,2.0,,,,,,,,,,,,,,,,,,,,,,,,,,,,,,,,,,,"(-12.6, 0.3, -2.3)","(-12.3, 0.9, -2.5)","(-12.1, 0.1, -2.5)",
PLAYER_POSITIONS,432940,6/27/2026 12:00:52 PM,068492a8-9bbc-456b-87fb-dc52c0aec9a7,2.0,,,,,,,,,,,,,,,,,,,,,,,,,,,,,,,,,,,"(-12.6, 0.3, -2.3)","(-12.3, 0.9, -2.5)","(-12.1, 0.1, -2.5)",
VOICE_CAPTURE,433297,6/27/2026 12:00:52 PM,068492a8-9bbc-456b-87fb-dc52c0aec9a7,2.0,,,,,,,,,,,,,,,,,,,,,,,,,,,,,,,,,,,,,,,,,,,,,,,,,,,NA,Mmm.,
PLAYER_POSITIONS,433453,6/27/2026 12:00:52 PM,068492a8-9bbc-456b-87fb-dc52c0aec9a7,2.0,,,,,,,,,,,,,,,,,,,,,,,,,,,,,,,,,,,"(-12.6, 0.2, -2.3)","(-12.3, 0.9, -2.5)","(-12.2, 0.4, -2.8)",
PLAYER_POSITIONS,433453,6/27/2026 12:00:52 PM,068492a8-9bbc-456b-87fb-dc52c0aec9a7,2.0,,,,,,,,,,,,,,,,,,,,,,,,,,,,,,,,,,,"(-12.6, 0.2, -2.3)","(-12.3, 0.9, -2.5)","(-12.2, 0.4, -2.8)",
VOICE_CAPTURE,433820,6/27/2026 12:00:53 PM,068492a8-9bbc-456b-87fb-dc52c0aec9a7,2.0,,,,,,,,,,,,,,,,,,,,,,,,,,,,,,,,,,,,,,,,,,,,,,,,,,,NA,Mmm.,
TAG_SELECTED,433952,6/27/2026 12:00:53 PM,068492a8-9bbc-456b-87fb-dc52c0aec9a7,2.0,,,,,,,,,,,,,,,,,,,,,,,,,,,,,,,,,,,,,,,,,,black,
PLAYER_POSITIONS,433956,6/27/2026 12:00:53 PM,068492a8-9bbc-456b-87fb-dc52c0aec9a7,2.0,,,,,,,,,,,,,,,,,,,,,,,,,,,,,,,,,,,"(-12.4, 0.3, -2.3)","(-12.4, 0.9, -2.5)","(-12.2, 0.3, -2.7)",
PLAYER_POSITIONS,433956,6/27/2026 12:00:53 PM,068492a8-9bbc-456b-87fb-dc52c0aec9a7,2.0,,,,,,,,,,,,,,,,,,,,,,,,,,,,,,,,,,,"(-12.4, 0.3, -2.3)","(-12.4, 0.9, -2.5)","(-12.2, 0.3, -2.7)",
VOICE_CAPTURE,434287,6/27/2026 12:00:53 PM,068492a8-9bbc-456b-87fb-dc52c0aec9a7,2.0,,,,,,,,,,,,,,,,,,,,,,,,,,,,,,,,,,,,,,,,,,,,,,,,,,,NA,Mmm.,
TAG_DISCARDED,434450,6/27/2026 12:00:53 PM,068492a8-9bbc-456b-87fb-dc52c0aec9a7,2.0,,,,,,,,,,,,,,,,,,,,,,,,,,,,,,,,,,,,"(-12.3, 0.3, -2.7)",,,,,,black,
PLAYER_POSITIONS,434475,6/27/2026 12:00:53 PM,068492a8-9bbc-456b-87fb-dc52c0aec9a7,2.0,,,,,,,,,,,,,,,,,,,,,,,,,,,,,,,,,,,"(-12.6, 0.2, -2.3)","(-12.3, 0.9, -2.6)","(-12.2, 0.3, -2.7)",
PLAYER_POSITIONS,434475,6/27/2026 12:00:53 PM,068492a8-9bbc-456b-87fb-dc52c0aec9a7,2.0,,,,,,,,,,,,,,,,,,,,,,,,,,,,,,,,,,,"(-12.6, 0.2, -2.3)","(-12.3, 0.9, -2.6)","(-12.2, 0.3, -2.7)",
TAG_SELECTED,434694,6/27/2026 12:00:54 PM,068492a8-9bbc-456b-87fb-dc52c0aec9a7,2.0,,,,,,,,,,,,,,,,,,,,,,,,,,,,,,,,,,,,,,,,,,red,
VOICE_CAPTURE,434818,6/27/2026 12:00:54 PM,068492a8-9bbc-456b-87fb-dc52c0aec9a7,2.0,,,,,,,,,,,,,,,,,,,,,,,,,,,,,,,,,,,,,,,,,,,,,,,,,,,NA,Mmm.,
PLAYER_POSITIONS,434996,6/27/2026 12:00:54 PM,068492a8-9bbc-456b-87fb-dc52c0aec9a7,2.0,,,,,,,,,,,,,,,,,,,,,,,,,,,,,,,,,,,"(-12.7, 0.3, -2.4)","(-12.3, 0.9, -2.6)","(-12.3, 0.2, -2.5)",
PLAYER_POSITIONS,434996,6/27/2026 12:00:54 PM,068492a8-9bbc-456b-87fb-dc52c0aec9a7,2.0,,,,,,,,,,,,,,,,,,,,,,,,,,,,,,,,,,,"(-12.7, 0.3, -2.4)","(-12.3, 0.9, -2.6)","(-12.3, 0.2, -2.5)",
VOICE_CAPTURE,435297,6/27/2026 12:00:54 PM,068492a8-9bbc-456b-87fb-dc52c0aec9a7,2.0,,,,,,,,,,,,,,,,,,,,,,,,,,,,,,,,,,,,,,,,,,,,,,,,,,,NA,Mmm.,
PLAYER_POSITIONS,435518,6/27/2026 12:00:54 PM,068492a8-9bbc-456b-87fb-dc52c0aec9a7,2.0,,,,,,,,,,,,,,,,,,,,,,,,,,,,,,,,,,,"(-12.8, 0.3, -2.3)","(-12.5, 0.8, -2.3)","(-12.6, 0.1, -2.3)",
PLAYER_POSITIONS,435518,6/27/2026 12:00:54 PM,068492a8-9bbc-456b-87fb-dc52c0aec9a7,2.0,,,,,,,,,,,,,,,,,,,,,,,,,,,,,,,,,,,"(-12.8, 0.3, -2.3)","(-12.5, 0.8, -2.3)","(-12.6, 0.1, -2.3)",
TAG_APPLIED,435674,6/27/2026 12:00:55 PM,068492a8-9bbc-456b-87fb-dc52c0aec9a7,2.0,,,,,,,,,,,,,,,,,,,,,,,,Military PT 9,,,,,,,,,,,,,,,,,,red,
AUDIO_START,435766,6/27/2026 12:00:55 PM,068492a8-9bbc-456b-87fb-dc52c0aec9a7,2.0,bravo has uav overhead,3.056327,
VOICE_CAPTURE,435796,6/27/2026 12:00:55 PM,068492a8-9bbc-456b-87fb-dc52c0aec9a7,2.0,,,,,,,,,,,,,,,,,,,,,,,,,,,,,,,,,,,,,,,,,,,,,,,,,,,NA,Mmm.,
PLAYER_POSITIONS,436019,6/27/2026 12:00:55 PM,068492a8-9bbc-456b-87fb-dc52c0aec9a7,2.0,,,,,,,,,,,,,,,,,,,,,,,,,,,,,,,,,,,"(-12.8, 0.3, -2.3)","(-12.5, 0.9, -2.3)","(-12.5, 0.1, -2.3)",
PLAYER_POSITIONS,436019,6/27/2026 12:00:55 PM,068492a8-9bbc-456b-87fb-dc52c0aec9a7,2.0,,,,,,,,,,,,,,,,,,,,,,,,,,,,,,,,,,,"(-12.8, 0.3, -2.3)","(-12.5, 0.9, -2.3)","(-12.5, 0.1, -2.3)",
VOICE_CAPTURE,436320,6/27/2026 12:00:55 PM,068492a8-9bbc-456b-87fb-dc52c0aec9a7,2.0,,,,,,,,,,,,,,,,,,,,,,,,,,,,,,,,,,,,,,,,,,,,,,,,,,,NA,Mmm.,
PLAYER_POSITIONS,436521,6/27/2026 12:00:55 PM,068492a8-9bbc-456b-87fb-dc52c0aec9a7,2.0,,,,,,,,,,,,,,,,,,,,,,,,,,,,,,,,,,,"(-12.6, 0.4, -2.3)","(-12.6, 1.1, -2.4)","(-12.3, 0.3, -2.4)",
PLAYER_GAZE,436521,6/27/2026 12:00:55 PM,068492a8-9bbc-456b-87fb-dc52c0aec9a7,2.0,,,,,,,,,,,,,,,,,,,,,,,,Military PT 9,,,,,,,,,"(0.1, 1.1, -0.6)",,,"(-12.7, 0.0, -1.8)",
PLAYER_POSITIONS,436521,6/27/2026 12:00:55 PM,068492a8-9bbc-456b-87fb-dc52c0aec9a7,2.0,,,,,,,,,,,,,,,,,,,,,,,,,,,,,,,,,,,"(-12.6, 0.4, -2.3)","(-12.6, 1.1, -2.4)","(-12.3, 0.3, -2.4)",
PLAYER_GAZE,436521,6/27/2026 12:00:55 PM,068492a8-9bbc-456b-87fb-dc52c0aec9a7,2.0,,,,,,,,,,,,,,,,,,,,,,,,Military PT 9,,,,,,,,,"(0.1, 1.1, -0.6)",,,"(-12.7, 0.0, -1.8)",
VOICE_CAPTURE,436842,6/27/2026 12:00:56 PM,068492a8-9bbc-456b-87fb-dc52c0aec9a7,2.0,,,,,,,,,,,,,,,,,,,,,,,,,,,,,,,,,,,,,,,,,,,,,,,,,,,NA,Mmm.,
PLAYER_POSITIONS,437040,6/27/2026 12:00:56 PM,068492a8-9bbc-456b-87fb-dc52c0aec9a7,2.0,,,,,,,,,,,,,,,,,,,,,,,,,,,,,,,,,,,"(-12.6, 0.4, -2.3)","(-12.6, 1.1, -2.5)","(-12.4, 0.2, -2.4)",
PLAYER_GAZE,437040,6/27/2026 12:00:56 PM,068492a8-9bbc-456b-87fb-dc52c0aec9a7,2.0,,,,,,,,,,,,,,,,,,,,,,,,Military PT 9,,,,,,,,,"(0.1, 1.1, -0.6)",,,"(-12.7, 0.0, -1.8)",
PLAYER_POSITIONS,437040,6/27/2026 12:00:56 PM,068492a8-9bbc-456b-87fb-dc52c0aec9a7,2.0,,,,,,,,,,,,,,,,,,,,,,,,,,,,,,,,,,,"(-12.6, 0.4, -2.3)","(-12.6, 1.1, -2.5)","(-12.4, 0.2, -2.4)",
PLAYER_GAZE,437040,6/27/2026 12:00:56 PM,068492a8-9bbc-456b-87fb-dc52c0aec9a7,2.0,,,,,,,,,,,,,,,,,,,,,,,,Military PT 9,,,,,,,,,"(0.1, 1.1, -0.6)",,,"(-12.7, 0.0, -1.8)",
VOICE_CAPTURE,437333,6/27/2026 12:00:56 PM,068492a8-9bbc-456b-87fb-dc52c0aec9a7,2.0,,,,,,,,,,,,,,,,,,,,,,,,,,,,,,,,,,,,,,,,,,,,,,,,,,,NA,Mmm.,
BAG_CLOSED,437366,6/27/2026 12:00:56 PM,068492a8-9bbc-456b-87fb-dc52c0aec9a7,2.0,,,,,,,,,,,,,,,,,,,,,,,,,,,,,,,,,,,,"(0.0, 0.0, 0.0)",
PLAYER_POSITIONS,437545,6/27/2026 12:00:56 PM,068492a8-9bbc-456b-87fb-dc52c0aec9a7,2.0,,,,,,,,,,,,,,,,,,,,,,,,,,,,,,,,,,,"(-12.6, 0.5, -2.4)","(-12.6, 1.1, -2.5)","(-12.6, 0.5, -2.2)",
PLAYER_GAZE,437545,6/27/2026 12:00:56 PM,068492a8-9bbc-456b-87fb-dc52c0aec9a7,2.0,,,,,,,,,,,,,,,,,,,,,,,,Military PT 9,,,,,,,,,"(0.1, 1.1, -0.7)",,,"(-12.7, 0.0, -1.8)",
PLAYER_POSITIONS,437545,6/27/2026 12:00:56 PM,068492a8-9bbc-456b-87fb-dc52c0aec9a7,2.0,,,,,,,,,,,,,,,,,,,,,,,,,,,,,,,,,,,"(-12.6, 0.5, -2.4)","(-12.6, 1.1, -2.5)","(-12.6, 0.5, -2.2)",
PLAYER_GAZE,437545,6/27/2026 12:00:56 PM,068492a8-9bbc-456b-87fb-dc52c0aec9a7,2.0,,,,,,,,,,,,,,,,,,,,,,,,Military PT 9,,,,,,,,,"(0.1, 1.1, -0.7)",,,"(-12.7, 0.0, -1.8)",
VOICE_CAPTURE,437811,6/27/2026 12:00:57 PM,068492a8-9bbc-456b-87fb-dc52c0aec9a7,2.0,,,,,,,,,,,,,,,,,,,,,,,,,,,,,,,,,,,,,,,,,,,,,,,,,,,NA,Mmm.,
TELEPORT,438011,6/27/2026 12:00:57 PM,068492a8-9bbc-456b-87fb-dc52c0aec9a7,2.0,,,,,,,,,,,,,,,,,,,,,,,,,,,,,,,,,,,,"(-12.6, 1.1, -2.5)",,,,,,,"(-12.6, 1.1, -2.5)",
PLAYER_POSITIONS,438055,6/27/2026 12:00:57 PM,068492a8-9bbc-456b-87fb-dc52c0aec9a7,2.0,,,,,,,,,,,,,,,,,,,,,,,,,,,,,,,,,,,"(-12.6, 0.4, -2.3)","(-12.6, 1.1, -2.5)","(-12.6, 0.5, -2.2)",
PLAYER_GAZE,438055,6/27/2026 12:00:57 PM,068492a8-9bbc-456b-87fb-dc52c0aec9a7,2.0,,,,,,,,,,,,,,,,,,,,,,,,Military PT 9,,,,,,,,,"(0.1, 1.1, -0.6)",,,"(-12.7, 0.0, -1.8)",
PLAYER_POSITIONS,438055,6/27/2026 12:00:57 PM,068492a8-9bbc-456b-87fb-dc52c0aec9a7,2.0,,,,,,,,,,,,,,,,,,,,,,,,,,,,,,,,,,,"(-12.6, 0.4, -2.3)","(-12.6, 1.1, -2.5)","(-12.6, 0.5, -2.2)",
PLAYER_GAZE,438055,6/27/2026 12:00:57 PM,068492a8-9bbc-456b-87fb-dc52c0aec9a7,2.0,,,,,,,,,,,,,,,,,,,,,,,,Military PT 9,,,,,,,,,"(0.1, 1.1, -0.6)",,,"(-12.7, 0.0, -1.8)",
VOICE_CAPTURE,438356,6/27/2026 12:00:57 PM,068492a8-9bbc-456b-87fb-dc52c0aec9a7,2.0,,,,,,,,,,,,,,,,,,,,,,,,,,,,,,,,,,,,,,,,,,,,,,,,,,,NA,Mmm.,
PATIENT_DISENGAGED,438464,6/27/2026 12:00:57 PM,068492a8-9bbc-456b-87fb-dc52c0aec9a7,2.0,,,,21.58,,,,,,,,,,,,,,,,normal,100,Infinity,normal,Military PT 9,unresponsive,supine,"(-12.7, -0.1, -1.8)",faint,"(0.0, -0.7, 0.0, 0.7)",normal,EXPECTANT,still,,,,,,,,,,,,,,,,,27.5,
PLAYER_POSITIONS,438577,6/27/2026 12:00:57 PM,068492a8-9bbc-456b-87fb-dc52c0aec9a7,2.0,,,,,,,,,,,,,,,,,,,,,,,,,,,,,,,,,,,"(-15.8, 0.5, 4.5)","(-15.8, 1.2, 4.4)","(-15.8, 0.6, 4.6)",
PLAYER_POSITIONS,438577,6/27/2026 12:00:57 PM,068492a8-9bbc-456b-87fb-dc52c0aec9a7,2.0,,,,,,,,,,,,,,,,,,,,,,,,,,,,,,,,,,,"(-15.8, 0.5, 4.5)","(-15.8, 1.2, 4.4)","(-15.8, 0.6, 4.6)",
TELEPORT,438687,6/27/2026 12:00:58 PM,068492a8-9bbc-456b-87fb-dc52c0aec9a7,2.0,,,,,,,,,,,,,,,,,,,,,,,,,,,,,,,,,,,,"(-12.6, 1.1, -2.4)",,,,,,,"(-15.8, 1.2, 4.4)",
VOICE_CAPTURE,438809,6/27/2026 12:00:58 PM,068492a8-9bbc-456b-87fb-dc52c0aec9a7,2.0,,,,,,,,,,,,,,,,,,,,,,,,,,,,,,,,,,,,,,,,,,,,,,,,,,,NA,Mmm.,
AUDIO_END,438832,6/27/2026 12:00:58 PM,068492a8-9bbc-456b-87fb-dc52c0aec9a7,2.0,bravo has uav overhead,3.056327,
NARRATIVE_SECTION_END,438832,6/27/2026 12:00:58 PM,068492a8-9bbc-456b-87fb-dc52c0aec9a7,2.0,,,,,,,,,,,,,,,,,,Bravo has uav overhead,49,
NARRATIVE_SECTION_START,438872,6/27/2026 12:00:58 PM,068492a8-9bbc-456b-87fb-dc52c0aec9a7,2.0,,,,,,,,,,,,,,,,,,Uav has two targets,50,
PLAYER_POSITIONS,439098,6/27/2026 12:00:58 PM,068492a8-9bbc-456b-87fb-dc52c0aec9a7,2.0,,,,,,,,,,,,,,,,,,,,,,,,,,,,,,,,,,,"(-15.9, 0.6, 4.5)","(-16.0, 1.2, 4.4)","(-16.0, 0.6, 4.6)",
PLAYER_POSITIONS,439098,6/27/2026 12:00:58 PM,068492a8-9bbc-456b-87fb-dc52c0aec9a7,2.0,,,,,,,,,,,,,,,,,,,,,,,,,,,,,,,,,,,"(-15.9, 0.6, 4.5)","(-16.0, 1.2, 4.4)","(-16.0, 0.6, 4.6)",
VOICE_CAPTURE,439309,6/27/2026 12:00:58 PM,068492a8-9bbc-456b-87fb-dc52c0aec9a7,2.0,,,,,,,,,,,,,,,,,,,,,,,,,,,,,,,,,,,,,,,,,,,,,,,,,,,NA,Mmm.,
TELEPORT,439377,6/27/2026 12:00:58 PM,068492a8-9bbc-456b-87fb-dc52c0aec9a7,2.0,,,,,,,,,,,,,,,,,,,,,,,,,,,,,,,,,,,,"(-16.0, 1.2, 4.4)",,,,,,,"(-16.2, 1.2, 4.4)",
PLAYER_POSITIONS,439620,6/27/2026 12:00:58 PM,068492a8-9bbc-456b-87fb-dc52c0aec9a7,2.0,,,,,,,,,,,,,,,,,,,,,,,,,,,,,,,,,,,"(-18.6, 0.6, 8.8)","(-18.6, 1.2, 8.6)","(-18.7, 0.6, 8.9)",
PLAYER_POSITIONS,439620,6/27/2026 12:00:58 PM,068492a8-9bbc-456b-87fb-dc52c0aec9a7,2.0,,,,,,,,,,,,,,,,,,,,,,,,,,,,,,,,,,,"(-18.6, 0.6, 8.8)","(-18.6, 1.2, 8.6)","(-18.7, 0.6, 8.9)",
TELEPORT,439698,6/27/2026 12:00:59 PM,068492a8-9bbc-456b-87fb-dc52c0aec9a7,2.0,,,,,,,,,,,,,,,,,,,,,,,,,,,,,,,,,,,,"(-16.2, 1.2, 4.4)",,,,,,,"(-18.7, 1.2, 8.6)",
VOICE_CAPTURE,439803,6/27/2026 12:00:59 PM,068492a8-9bbc-456b-87fb-dc52c0aec9a7,2.0,,,,,,,,,,,,,,,,,,,,,,,,,,,,,,,,,,,,,,,,,,,,,,,,,,,NA,Mmm.,
PLAYER_POSITIONS,440134,6/27/2026 12:00:59 PM,068492a8-9bbc-456b-87fb-dc52c0aec9a7,2.0,,,,,,,,,,,,,,,,,,,,,,,,,,,,,,,,,,,"(-18.9, 0.6, 8.7)","(-18.8, 1.2, 8.6)","(-18.8, 0.5, 8.8)",
PLAYER_POSITIONS,440134,6/27/2026 12:00:59 PM,068492a8-9bbc-456b-87fb-dc52c0aec9a7,2.0,,,,,,,,,,,,,,,,,,,,,,,,,,,,,,,,,,,"(-18.9, 0.6, 8.7)","(-18.8, 1.2, 8.6)","(-18.8, 0.5, 8.8)",
VOICE_CAPTURE,440281,6/27/2026 12:00:59 PM,068492a8-9bbc-456b-87fb-dc52c0aec9a7,2.0,,,,,,,,,,,,,,,,,,,,,,,,,,,,,,,,,,,,,,,,,,,,,,,,,,,NA,Mmm.,
PLAYER_POSITIONS,440641,6/27/2026 12:01:00 PM,068492a8-9bbc-456b-87fb-dc52c0aec9a7,2.0,,,,,,,,,,,,,,,,,,,,,,,,,,,,,,,,,,,"(-18.9, 0.6, 8.6)","(-18.8, 1.1, 8.4)","(-18.6, 0.5, 8.4)",
PLAYER_POSITIONS,440641,6/27/2026 12:01:00 PM,068492a8-9bbc-456b-87fb-dc52c0aec9a7,2.0,,,,,,,,,,,,,,,,,,,,,,,,,,,,,,,,,,,"(-18.9, 0.6, 8.6)","(-18.8, 1.1, 8.4)","(-18.6, 0.5, 8.4)",
VOICE_CAPTURE,440799,6/27/2026 12:01:00 PM,068492a8-9bbc-456b-87fb-dc52c0aec9a7,2.0,,,,,,,,,,,,,,,,,,,,,,,,,,,,,,,,,,,,,,,,,,,,,,,,,,,NA,Mmm. Thank you.,
PLAYER_POSITIONS,441140,6/27/2026 12:01:00 PM,068492a8-9bbc-456b-87fb-dc52c0aec9a7,2.0,,,,,,,,,,,,,,,,,,,,,,,,,,,,,,,,,,,"(-18.8, 0.6, 8.5)","(-18.8, 1.2, 8.3)","(-18.7, 0.6, 8.0)",
PLAYER_POSITIONS,441140,6/27/2026 12:01:00 PM,068492a8-9bbc-456b-87fb-dc52c0aec9a7,2.0,,,,,,,,,,,,,,,,,,,,,,,,,,,,,,,,,,,"(-18.8, 0.6, 8.5)","(-18.8, 1.2, 8.3)","(-18.7, 0.6, 8.0)",
VOICE_CAPTURE,441272,6/27/2026 12:01:00 PM,068492a8-9bbc-456b-87fb-dc52c0aec9a7,2.0,,,,,,,,,,,,,,,,,,,,,,,,,,,,,,,,,,,,,,,,,,,,,,,,,,,NA,Mmm. Thank you.,
VOICE_CAPTURE,441272,6/27/2026 12:01:00 PM,068492a8-9bbc-456b-87fb-dc52c0aec9a7,2.0,,,,,,,,,,,,,,,,,,,,,,,,,,,,,,,,,,,,,,,,,,,,,,,,,,,NA,Mmm. Thank you.,
PLAYER_POSITIONS,441662,6/27/2026 12:01:01 PM,068492a8-9bbc-456b-87fb-dc52c0aec9a7,2.0,,,,,,,,,,,,,,,,,,,,,,,,,,,,,,,,,,,"(-18.2, 0.6, 7.8)","(-18.3, 1.2, 7.6)","(-18.1, 0.6, 7.2)",
PLAYER_POSITIONS,441662,6/27/2026 12:01:01 PM,068492a8-9bbc-456b-87fb-dc52c0aec9a7,2.0,,,,,,,,,,,,,,,,,,,,,,,,,,,,,,,,,,,"(-18.2, 0.6, 7.8)","(-18.3, 1.2, 7.6)","(-18.1, 0.6, 7.2)",
TELEPORT,441882,6/27/2026 12:01:01 PM,068492a8-9bbc-456b-87fb-dc52c0aec9a7,2.0,,,,,,,,,,,,,,,,,,,,,,,,,,,,,,,,,,,,"(-18.6, 1.2, 8.2)",,,,,,,"(-15.1, 1.1, 2.8)",
PLAYER_POSITIONS,442181,6/27/2026 12:01:01 PM,068492a8-9bbc-456b-87fb-dc52c0aec9a7,2.0,,,,,,,,,,,,,,,,,,,,,,,,,,,,,,,,,,,"(-14.9, 0.5, 3.0)","(-14.9, 1.1, 2.8)","(-14.7, 0.4, 2.7)",
PLAYER_POSITIONS,442181,6/27/2026 12:01:01 PM,068492a8-9bbc-456b-87fb-dc52c0aec9a7,2.0,,,,,,,,,,,,,,,,,,,,,,,,,,,,,,,,,,,"(-14.9, 0.5, 3.0)","(-14.9, 1.1, 2.8)","(-14.7, 0.4, 2.7)",
PLAYER_POSITIONS,442702,6/27/2026 12:01:02 PM,068492a8-9bbc-456b-87fb-dc52c0aec9a7,2.0,,,,,,,,,,,,,,,,,,,,,,,,,,,,,,,,,,,"(-14.1, 0.5, 2.8)","(-14.1, 1.1, 2.7)","(-13.9, 0.4, 2.5)",
PLAYER_POSITIONS,442702,6/27/2026 12:01:02 PM,068492a8-9bbc-456b-87fb-dc52c0aec9a7,2.0,,,,,,,,,,,,,,,,,,,,,,,,,,,,,,,,,,,"(-14.1, 0.5, 2.8)","(-14.1, 1.1, 2.7)","(-13.9, 0.4, 2.5)",
PLAYER_POSITIONS,443235,6/27/2026 12:01:02 PM,068492a8-9bbc-456b-87fb-dc52c0aec9a7,2.0,,,,,,,,,,,,,,,,,,,,,,,,,,,,,,,,,,,"(-13.4, 0.5, 2.2)","(-13.5, 1.1, 2.0)","(-13.3, 0.4, 1.8)",
PLAYER_POSITIONS,443235,6/27/2026 12:01:02 PM,068492a8-9bbc-456b-87fb-dc52c0aec9a7,2.0,,,,,,,,,,,,,,,,,,,,,,,,,,,,,,,,,,,"(-13.4, 0.5, 2.2)","(-13.5, 1.1, 2.0)","(-13.3, 0.4, 1.8)",
PLAYER_POSITIONS,443759,6/27/2026 12:01:03 PM,068492a8-9bbc-456b-87fb-dc52c0aec9a7,2.0,,,,,,,,,,,,,,,,,,,,,,,,,,,,,,,,,,,"(-12.7, 0.4, 1.5)","(-12.7, 1.1, 1.3)","(-12.7, 0.4, 1.0)",
PLAYER_POSITIONS,443759,6/27/2026 12:01:03 PM,068492a8-9bbc-456b-87fb-dc52c0aec9a7,2.0,,,,,,,,,,,,,,,,,,,,,,,,,,,,,,,,,,,"(-12.7, 0.4, 1.5)","(-12.7, 1.1, 1.3)","(-12.7, 0.4, 1.0)",
PLAYER_POSITIONS,444290,6/27/2026 12:01:03 PM,068492a8-9bbc-456b-87fb-dc52c0aec9a7,2.0,,,,,,,,,,,,,,,,,,,,,,,,,,,,,,,,,,,"(-12.4, 0.4, 1.1)","(-12.5, 1.0, 0.9)","(-12.5, 0.4, 0.6)",
PLAYER_POSITIONS,444290,6/27/2026 12:01:03 PM,068492a8-9bbc-456b-87fb-dc52c0aec9a7,2.0,,,,,,,,,,,,,,,,,,,,,,,,,,,,,,,,,,,"(-12.4, 0.4, 1.1)","(-12.5, 1.0, 0.9)","(-12.5, 0.4, 0.6)",
PLAYER_POSITIONS,444823,6/27/2026 12:01:04 PM,068492a8-9bbc-456b-87fb-dc52c0aec9a7,2.0,,,,,,,,,,,,,,,,,,,,,,,,,,,,,,,,,,,"(-12.3, 0.4, 1.1)","(-12.4, 1.0, 0.9)","(-12.5, 0.5, 0.6)",
PLAYER_POSITIONS,444823,6/27/2026 12:01:04 PM,068492a8-9bbc-456b-87fb-dc52c0aec9a7,2.0,,,,,,,,,,,,,,,,,,,,,,,,,,,,,,,,,,,"(-12.3, 0.4, 1.1)","(-12.4, 1.0, 0.9)","(-12.5, 0.5, 0.6)",
PLAYER_POSITIONS,445334,6/27/2026 12:01:04 PM,068492a8-9bbc-456b-87fb-dc52c0aec9a7,2.0,,,,,,,,,,,,,,,,,,,,,,,,,,,,,,,,,,,"(-12.3, 0.4, 0.9)","(-12.4, 1.0, 0.7)","(-12.4, 0.5, 0.4)",
PLAYER_POSITIONS,445334,6/27/2026 12:01:04 PM,068492a8-9bbc-456b-87fb-dc52c0aec9a7,2.0,,,,,,,,,,,,,,,,,,,,,,,,,,,,,,,,,,,"(-12.3, 0.4, 0.9)","(-12.4, 1.0, 0.7)","(-12.4, 0.5, 0.4)",
PLAYER_POSITIONS,445844,6/27/2026 12:01:05 PM,068492a8-9bbc-456b-87fb-dc52c0aec9a7,2.0,,,,,,,,,,,,,,,,,,,,,,,,,,,,,,,,,,,"(-12.3, 0.4, 0.8)","(-12.4, 1.0, 0.6)","(-12.6, 0.4, 0.3)",
PLAYER_POSITIONS,445844,6/27/2026 12:01:05 PM,068492a8-9bbc-456b-87fb-dc52c0aec9a7,2.0,,,,,,,,,,,,,,,,,,,,,,,,,,,,,,,,,,,"(-12.3, 0.4, 0.8)","(-12.4, 1.0, 0.6)","(-12.6, 0.4, 0.3)",
AUDIO_START,445875,6/27/2026 12:01:05 PM,068492a8-9bbc-456b-87fb-dc52c0aec9a7,2.0,uav has two targets,6.582857,
TOOL_HOVER,446240,6/27/2026 12:01:05 PM,068492a8-9bbc-456b-87fb-dc52c0aec9a7,2.0,,,,,,,,,,,,,,,,,,,,,,,,,,,,,,,,,,,,,,,,,,,,,,994,,Burn Dressing,
PLAYER_POSITIONS,446355,6/27/2026 12:01:05 PM,068492a8-9bbc-456b-87fb-dc52c0aec9a7,2.0,,,,,,,,,,,,,,,,,,,,,,,,,,,,,,,,,,,"(-12.3, 0.4, 0.8)","(-12.4, 1.0, 0.6)","(-12.6, 0.7, 0.0)",
PLAYER_POSITIONS,446355,6/27/2026 12:01:05 PM,068492a8-9bbc-456b-87fb-dc52c0aec9a7,2.0,,,,,,,,,,,,,,,,,,,,,,,,,,,,,,,,,,,"(-12.3, 0.4, 0.8)","(-12.4, 1.0, 0.6)","(-12.6, 0.7, 0.0)",
TOOL_SELECTED,446419,6/27/2026 12:01:05 PM,068492a8-9bbc-456b-87fb-dc52c0aec9a7,2.0,,,,,,,,,,,,,,,,,,,,,,,,,,,,,,,,,,,,,,,,,,,,,,993,,Burn Dressing,
PATIENT_ENGAGED,446674,6/27/2026 12:01:06 PM,068492a8-9bbc-456b-87fb-dc52c0aec9a7,2.0,,,,0,,,,,,,,,,,,,,,,restricted,100,Infinity,normal,Military PT 2,agony,supine,"(-12.0, -0.1, 1.1)",faint,"(0.0, 0.4, 0.0, 0.9)",normal,EXPECTANT,still,,,,,,,,,,,,,,,,,12.55,
PLAYER_POSITIONS,446874,6/27/2026 12:01:06 PM,068492a8-9bbc-456b-87fb-dc52c0aec9a7,2.0,,,,,,,,,,,,,,,,,,,,,,,,,,,,,,,,,,,"(-12.3, 0.4, 0.9)","(-12.3, 0.9, 0.6)","(-12.2, 0.2, 0.4)",
PLAYER_POSITIONS,446874,6/27/2026 12:01:06 PM,068492a8-9bbc-456b-87fb-dc52c0aec9a7,2.0,,,,,,,,,,,,,,,,,,,,,,,,,,,,,,,,,,,"(-12.3, 0.4, 0.9)","(-12.3, 0.9, 0.6)","(-12.2, 0.2, 0.4)",
INJURY_TREATED,447098,6/27/2026 12:01:06 PM,068492a8-9bbc-456b-87fb-dc52c0aec9a7,2.0,,,,,,,,,chest,Circumferential Chest Burn,"(-12.0, 0.1, 0.4)",scalpel,1,3,high,True,True,,,,,,,Military PT 2,
TOOL_APPLIED,447098,6/27/2026 12:01:06 PM,068492a8-9bbc-456b-87fb-dc52c0aec9a7,2.0,,,,,,,,,,,,,,,,,,,,,,,,Military PT 2,,,,,,,,,,,,,,,,,,,,AppliedBurnDressing,skinCollider_BodyCollideLOD (UnityEngine.GameObject),,Burn Dressing(Clone) (UnityEngine.GameObject),Burn Dressing,
PLAYER_POSITIONS,447385,6/27/2026 12:01:06 PM,068492a8-9bbc-456b-87fb-dc52c0aec9a7,2.0,,,,,,,,,,,,,,,,,,,,,,,,,,,,,,,,,,,"(-12.3, 0.4, 0.9)","(-12.3, 0.9, 0.6)","(-12.3, 0.2, 0.4)",
PLAYER_POSITIONS,447385,6/27/2026 12:01:06 PM,068492a8-9bbc-456b-87fb-dc52c0aec9a7,2.0,,,,,,,,,,,,,,,,,,,,,,,,,,,,,,,,,,,"(-12.3, 0.4, 0.9)","(-12.3, 0.9, 0.6)","(-12.3, 0.2, 0.4)",
TOOL_HOVER,447852,6/27/2026 12:01:07 PM,068492a8-9bbc-456b-87fb-dc52c0aec9a7,2.0,,,,,,,,,,,,,,,,,,,,,,,,,,,,,,,,,,,,,,,,,,,,,,993,,Burn Dressing,
PLAYER_POSITIONS,447888,6/27/2026 12:01:07 PM,068492a8-9bbc-456b-87fb-dc52c0aec9a7,2.0,,,,,,,,,,,,,,,,,,,,,,,,,,,,,,,,,,,"(-12.3, 0.4, 0.9)","(-12.4, 1.0, 0.6)","(-12.6, 0.7, 0.1)",
PLAYER_POSITIONS,447888,6/27/2026 12:01:07 PM,068492a8-9bbc-456b-87fb-dc52c0aec9a7,2.0,,,,,,,,,,,,,,,,,,,,,,,,,,,,,,,,,,,"(-12.3, 0.4, 0.9)","(-12.4, 1.0, 0.6)","(-12.6, 0.7, 0.1)",
VOICE_CAPTURE,447889,6/27/2026 12:01:07 PM,068492a8-9bbc-456b-87fb-dc52c0aec9a7,2.0,,,,,,,,,,,,,,,,,,,,,,,,,,,,,,,,,,,,,,,,,,,,,,,,,,,NA,you.,
TOOL_SELECTED,447974,6/27/2026 12:01:07 PM,068492a8-9bbc-456b-87fb-dc52c0aec9a7,2.0,,,,,,,,,,,,,,,,,,,,,,,,,,,,,,,,,,,,,,,,,,,,,,992,,Burn Dressing,
VOICE_CAPTURE,448353,6/27/2026 12:01:07 PM,068492a8-9bbc-456b-87fb-dc52c0aec9a7,2.0,,,,,,,,,,,,,,,,,,,,,,,,,,,,,,,,,,,,,,,,,,,,,,,,,,,NA,you.,
PLAYER_POSITIONS,448396,6/27/2026 12:01:07 PM,068492a8-9bbc-456b-87fb-dc52c0aec9a7,2.0,,,,,,,,,,,,,,,,,,,,,,,,,,,,,,,,,,,"(-12.3, 0.4, 0.9)","(-12.3, 0.9, 0.7)","(-12.2, 0.3, 0.5)",
PLAYER_POSITIONS,448396,6/27/2026 12:01:07 PM,068492a8-9bbc-456b-87fb-dc52c0aec9a7,2.0,,,,,,,,,,,,,,,,,,,,,,,,,,,,,,,,,,,"(-12.3, 0.4, 0.9)","(-12.3, 0.9, 0.7)","(-12.2, 0.3, 0.5)",
TREATMENT_APPLIED,448639,6/27/2026 12:01:08 PM,068492a8-9bbc-456b-87fb-dc52c0aec9a7,2.0,,,,,,,,,abdomen,,"(-12.0, 0.1, 0.6)",gauzeWrap,,,,,,,,,,,,Military PT 2,
TOOL_APPLIED,448643,6/27/2026 12:01:08 PM,068492a8-9bbc-456b-87fb-dc52c0aec9a7,2.0,,,,,,,,,,,,,,,,,,,,,,,,Military PT 2,,,,,,,,,,,,,,,,,,,,AppliedBurnDressing,skinCollider_BodyCollideLOD (UnityEngine.GameObject),,Burn Dressing(Clone) (UnityEngine.GameObject),Burn Dressing,
TOOL_DISCARDED,448660,6/27/2026 12:01:08 PM,068492a8-9bbc-456b-87fb-dc52c0aec9a7,2.0,,,,,,,,,,,,,,,,,,,,,,,,Military PT 2,,,,,,,,,,,,"(0.0, 0.0, 0.0)",,,,,,,,,,991,,Burn Dressing,
VOICE_CAPTURE,448874,6/27/2026 12:01:08 PM,068492a8-9bbc-456b-87fb-dc52c0aec9a7,2.0,,,,,,,,,,,,,,,,,,,,,,,,,,,,,,,,,,,,,,,,,,,,,,,,,,,NA,you.,
PLAYER_POSITIONS,448918,6/27/2026 12:01:08 PM,068492a8-9bbc-456b-87fb-dc52c0aec9a7,2.0,,,,,,,,,,,,,,,,,,,,,,,,,,,,,,,,,,,"(-12.3, 0.4, 1.0)","(-12.2, 0.9, 0.8)","(-12.1, 0.2, 0.6)",
PLAYER_POSITIONS,448918,6/27/2026 12:01:08 PM,068492a8-9bbc-456b-87fb-dc52c0aec9a7,2.0,,,,,,,,,,,,,,,,,,,,,,,,,,,,,,,,,,,"(-12.3, 0.4, 1.0)","(-12.2, 0.9, 0.8)","(-12.1, 0.2, 0.6)",
VOICE_CAPTURE,449408,6/27/2026 12:01:08 PM,068492a8-9bbc-456b-87fb-dc52c0aec9a7,2.0,,,,,,,,,,,,,,,,,,,,,,,,,,,,,,,,,,,,,,,,,,,,,,,,,,,NA,you.,
PLAYER_POSITIONS,449430,6/27/2026 12:01:08 PM,068492a8-9bbc-456b-87fb-dc52c0aec9a7,2.0,,,,,,,,,,,,,,,,,,,,,,,,,,,,,,,,,,,"(-12.3, 0.4, 0.9)","(-12.4, 1.0, 0.7)","(-12.5, 0.7, 0.2)",
PLAYER_POSITIONS,449430,6/27/2026 12:01:08 PM,068492a8-9bbc-456b-87fb-dc52c0aec9a7,2.0,,,,,,,,,,,,,,,,,,,,,,,,,,,,,,,,,,,"(-12.3, 0.4, 0.9)","(-12.4, 1.0, 0.7)","(-12.5, 0.7, 0.2)",
TOOL_HOVER,449627,6/27/2026 12:01:09 PM,068492a8-9bbc-456b-87fb-dc52c0aec9a7,2.0,,,,,,,,,,,,,,,,,,,,,,,,,,,,,,,,,,,,,,,,,,,,,,992,,Burn Dressing,
TOOL_SELECTED,449696,6/27/2026 12:01:09 PM,068492a8-9bbc-456b-87fb-dc52c0aec9a7,2.0,,,,,,,,,,,,,,,,,,,,,,,,,,,,,,,,,,,,,,,,,,,,,,991,,Burn Dressing,
VOICE_CAPTURE,449919,6/27/2026 12:01:09 PM,068492a8-9bbc-456b-87fb-dc52c0aec9a7,2.0,,,,,,,,,,,,,,,,,,,,,,,,,,,,,,,,,,,,,,,,,,,,,,,,,,,NA,you.,
PLAYER_POSITIONS,449942,6/27/2026 12:01:09 PM,068492a8-9bbc-456b-87fb-dc52c0aec9a7,2.0,,,,,,,,,,,,,,,,,,,,,,,,,,,,,,,,,,,"(-12.3, 0.4, 0.9)","(-12.3, 1.0, 0.7)","(-12.3, 0.5, 0.2)",
PLAYER_POSITIONS,449942,6/27/2026 12:01:09 PM,068492a8-9bbc-456b-87fb-dc52c0aec9a7,2.0,,,,,,,,,,,,,,,,,,,,,,,,,,,,,,,,,,,"(-12.3, 0.4, 0.9)","(-12.3, 1.0, 0.7)","(-12.3, 0.5, 0.2)",
VOICE_CAPTURE,450329,6/27/2026 12:01:09 PM,068492a8-9bbc-456b-87fb-dc52c0aec9a7,2.0,,,,,,,,,,,,,,,,,,,,,,,,,,,,,,,,,,,,,,,,,,,,,,,,,,,NA,you.,
TREATMENT_APPLIED,450415,6/27/2026 12:01:09 PM,068492a8-9bbc-456b-87fb-dc52c0aec9a7,2.0,,,,,,,,,abdomen,,"(-11.9, 0.1, 0.6)",woundpack,,,,,,,,,,,,Military PT 2,
TOOL_APPLIED,450418,6/27/2026 12:01:09 PM,068492a8-9bbc-456b-87fb-dc52c0aec9a7,2.0,,,,,,,,,,,,,,,,,,,,,,,,Military PT 2,,,,,,,,,,,,,,,,,,,,AppliedBurnDressing,skinCollider_BodyCollideLOD (UnityEngine.GameObject),,Burn Dressing(Clone) (UnityEngine.GameObject),Burn Dressing,
TOOL_DISCARDED,450438,6/27/2026 12:01:09 PM,068492a8-9bbc-456b-87fb-dc52c0aec9a7,2.0,,,,,,,,,,,,,,,,,,,,,,,,Military PT 2,,,,,,,,,,,,"(0.0, 0.0, 0.0)",,,,,,,,,,990,,Burn Dressing,
PLAYER_POSITIONS,450442,6/27/2026 12:01:09 PM,068492a8-9bbc-456b-87fb-dc52c0aec9a7,2.0,,,,,,,,,,,,,,,,,,,,,,,,,,,,,,,,,,,"(-12.4, 0.4, 1.1)","(-12.2, 0.9, 0.8)","(-11.9, 0.2, 0.7)",
PLAYER_POSITIONS,450442,6/27/2026 12:01:09 PM,068492a8-9bbc-456b-87fb-dc52c0aec9a7,2.0,,,,,,,,,,,,,,,,,,,,,,,,,,,,,,,,,,,"(-12.4, 0.4, 1.1)","(-12.2, 0.9, 0.8)","(-11.9, 0.2, 0.7)",
VOICE_CAPTURE,450806,6/27/2026 12:01:10 PM,068492a8-9bbc-456b-87fb-dc52c0aec9a7,2.0,,,,,,,,,,,,,,,,,,,,,,,,,,,,,,,,,,,,,,,,,,,,,,,,,,,NA,you.,
PLAYER_POSITIONS,450963,6/27/2026 12:01:10 PM,068492a8-9bbc-456b-87fb-dc52c0aec9a7,2.0,,,,,,,,,,,,,,,,,,,,,,,,,,,,,,,,,,,"(-12.3, 0.4, 1.0)","(-12.3, 1.0, 0.8)","(-12.2, 0.4, 0.4)",
PLAYER_POSITIONS,450963,6/27/2026 12:01:10 PM,068492a8-9bbc-456b-87fb-dc52c0aec9a7,2.0,,,,,,,,,,,,,,,,,,,,,,,,,,,,,,,,,,,"(-12.3, 0.4, 1.0)","(-12.3, 1.0, 0.8)","(-12.2, 0.4, 0.4)",
VOICE_CAPTURE,451327,6/27/2026 12:01:10 PM,068492a8-9bbc-456b-87fb-dc52c0aec9a7,2.0,,,,,,,,,,,,,,,,,,,,,,,,,,,,,,,,,,,,,,,,,,,,,,,,,,,NA,you.,
PLAYER_POSITIONS,451484,6/27/2026 12:01:10 PM,068492a8-9bbc-456b-87fb-dc52c0aec9a7,2.0,,,,,,,,,,,,,,,,,,,,,,,,,,,,,,,,,,,"(-12.2, 0.5, 0.9)","(-12.4, 1.0, 0.8)","(-12.5, 0.8, 0.1)",
PLAYER_POSITIONS,451484,6/27/2026 12:01:10 PM,068492a8-9bbc-456b-87fb-dc52c0aec9a7,2.0,,,,,,,,,,,,,,,,,,,,,,,,,,,,,,,,,,,"(-12.2, 0.5, 0.9)","(-12.4, 1.0, 0.8)","(-12.5, 0.8, 0.1)",
TOOL_HOVER,451615,6/27/2026 12:01:10 PM,068492a8-9bbc-456b-87fb-dc52c0aec9a7,2.0,,,,,,,,,,,,,,,,,,,,,,,,,,,,,,,,,,,,,,,,,,,,,,991,,Burn Dressing,
VOICE_CAPTURE,451774,6/27/2026 12:01:11 PM,068492a8-9bbc-456b-87fb-dc52c0aec9a7,2.0,,,,,,,,,,,,,,,,,,,,,,,,,,,,,,,,,,,,,,,,,,,,,,,,,,,NA,you.,
PLAYER_POSITIONS,452005,6/27/2026 12:01:11 PM,068492a8-9bbc-456b-87fb-dc52c0aec9a7,2.0,,,,,,,,,,,,,,,,,,,,,,,,,,,,,,,,,,,"(-12.3, 0.5, 0.9)","(-12.3, 1.0, 0.7)","(-12.3, 0.3, 0.3)",
PLAYER_POSITIONS,452005,6/27/2026 12:01:11 PM,068492a8-9bbc-456b-87fb-dc52c0aec9a7,2.0,,,,,,,,,,,,,,,,,,,,,,,,,,,,,,,,,,,"(-12.3, 0.5, 0.9)","(-12.3, 1.0, 0.7)","(-12.3, 0.3, 0.3)",
VOICE_CAPTURE,452287,6/27/2026 12:01:11 PM,068492a8-9bbc-456b-87fb-dc52c0aec9a7,2.0,,,,,,,,,,,,,,,,,,,,,,,,,,,,,,,,,,,,,,,,,,,,,,,,,,,NA,you.,
AUDIO_END,452453,6/27/2026 12:01:11 PM,068492a8-9bbc-456b-87fb-dc52c0aec9a7,2.0,uav has two targets,6.582857,
NARRATIVE_SECTION_END,452453,6/27/2026 12:01:11 PM,068492a8-9bbc-456b-87fb-dc52c0aec9a7,2.0,,,,,,,,,,,,,,,,,,Uav has two targets,50,
NARRATIVE_SECTION_START,452471,6/27/2026 12:01:11 PM,068492a8-9bbc-456b-87fb-dc52c0aec9a7,2.0,,,,,,,,,,,,,,,,,,Bravo engaging enemy,51,
PLAYER_POSITIONS,452520,6/27/2026 12:01:11 PM,068492a8-9bbc-456b-87fb-dc52c0aec9a7,2.0,,,,,,,,,,,,,,,,,,,,,,,,,,,,,,,,,,,"(-12.3, 0.5, 0.9)","(-12.3, 0.9, 0.6)","(-12.3, 0.1, 0.4)",
PLAYER_POSITIONS,452520,6/27/2026 12:01:11 PM,068492a8-9bbc-456b-87fb-dc52c0aec9a7,2.0,,,,,,,,,,,,,,,,,,,,,,,,,,,,,,,,,,,"(-12.3, 0.5, 0.9)","(-12.3, 0.9, 0.6)","(-12.3, 0.1, 0.4)",
VOICE_CAPTURE,452800,6/27/2026 12:01:12 PM,068492a8-9bbc-456b-87fb-dc52c0aec9a7,2.0,,,,,,,,,,,,,,,,,,,,,,,,,,,,,,,,,,,,,,,,,,,,,,,,,,,NA,you. Thank you.,
TOOL_HOVER,452931,6/27/2026 12:01:12 PM,068492a8-9bbc-456b-87fb-dc52c0aec9a7,2.0,,,,,,,,,,,,,,,,,,,,,,,,,,,,,,,,,,,,,,,,,,,,,,998,,Israeli Wrap,
PLAYER_POSITIONS,453024,6/27/2026 12:01:12 PM,068492a8-9bbc-456b-87fb-dc52c0aec9a7,2.0,,,,,,,,,,,,,,,,,,,,,,,,,,,,,,,,,,,"(-12.3, 0.5, 0.9)","(-12.4, 1.0, 0.6)","(-12.5, 0.7, 0.1)",
PLAYER_POSITIONS,453024,6/27/2026 12:01:12 PM,068492a8-9bbc-456b-87fb-dc52c0aec9a7,2.0,,,,,,,,,,,,,,,,,,,,,,,,,,,,,,,,,,,"(-12.3, 0.5, 0.9)","(-12.4, 1.0, 0.6)","(-12.5, 0.7, 0.1)",
TOOL_HOVER,453110,6/27/2026 12:01:12 PM,068492a8-9bbc-456b-87fb-dc52c0aec9a7,2.0,,,,,,,,,,,,,,,,,,,,,,,,,,,,,,,,,,,,,,,,,,,,,,991,,Burn Dressing,
TOOL_SELECTED,453244,6/27/2026 12:01:12 PM,068492a8-9bbc-456b-87fb-dc52c0aec9a7,2.0,,,,,,,,,,,,,,,,,,,,,,,,,,,,,,,,,,,,,,,,,,,,,,990,,Burn Dressing,
VOICE_CAPTURE,453291,6/27/2026 12:01:12 PM,068492a8-9bbc-456b-87fb-dc52c0aec9a7,2.0,,,,,,,,,,,,,,,,,,,,,,,,,,,,,,,,,,,,,,,,,,,,,,,,,,,NA,you.,
PLAYER_POSITIONS,453526,6/27/2026 12:01:12 PM,068492a8-9bbc-456b-87fb-dc52c0aec9a7,2.0,,,,,,,,,,,,,,,,,,,,,,,,,,,,,,,,,,,"(-12.3, 0.5, 0.9)","(-12.4, 1.0, 0.7)","(-12.4, 0.4, 0.2)",
PLAYER_POSITIONS,453526,6/27/2026 12:01:12 PM,068492a8-9bbc-456b-87fb-dc52c0aec9a7,2.0,,,,,,,,,,,,,,,,,,,,,,,,,,,,,,,,,,,"(-12.3, 0.5, 0.9)","(-12.4, 1.0, 0.7)","(-12.4, 0.4, 0.2)",
VOICE_CAPTURE,453834,6/27/2026 12:01:13 PM,068492a8-9bbc-456b-87fb-dc52c0aec9a7,2.0,,,,,,,,,,,,,,,,,,,,,,,,,,,,,,,,,,,,,,,,,,,,,,,,,,,NA,you.,
TOOL_DISCARDED,453961,6/27/2026 12:01:13 PM,068492a8-9bbc-456b-87fb-dc52c0aec9a7,2.0,,,,,,,,,,,,,,,,,,,,,,,,Military PT 2,,,,,,,,,,,,"(0.0, 0.0, 0.0)",,,,,,,,,,990,,Burn Dressing,
PLAYER_POSITIONS,454031,6/27/2026 12:01:13 PM,068492a8-9bbc-456b-87fb-dc52c0aec9a7,2.0,,,,,,,,,,,,,,,,,,,,,,,,,,,,,,,,,,,"(-12.3, 0.5, 1.0)","(-12.4, 0.9, 0.6)","(-12.4, 0.1, 0.4)",
PLAYER_POSITIONS,454031,6/27/2026 12:01:13 PM,068492a8-9bbc-456b-87fb-dc52c0aec9a7,2.0,,,,,,,,,,,,,,,,,,,,,,,,,,,,,,,,,,,"(-12.3, 0.5, 1.0)","(-12.4, 0.9, 0.6)","(-12.4, 0.1, 0.4)",
VOICE_CAPTURE,454309,6/27/2026 12:01:13 PM,068492a8-9bbc-456b-87fb-dc52c0aec9a7,2.0,,,,,,,,,,,,,,,,,,,,,,,,,,,,,,,,,,,,,,,,,,,,,,,,,,,NA,you.,
PLAYER_POSITIONS,454552,6/27/2026 12:01:13 PM,068492a8-9bbc-456b-87fb-dc52c0aec9a7,2.0,,,,,,,,,,,,,,,,,,,,,,,,,,,,,,,,,,,"(-12.3, 0.4, 0.9)","(-12.3, 1.0, 0.7)","(-12.5, 0.3, 0.4)",
PLAYER_POSITIONS,454552,6/27/2026 12:01:13 PM,068492a8-9bbc-456b-87fb-dc52c0aec9a7,2.0,,,,,,,,,,,,,,,,,,,,,,,,,,,,,,,,,,,"(-12.3, 0.4, 0.9)","(-12.3, 1.0, 0.7)","(-12.5, 0.3, 0.4)",
VOICE_CAPTURE,454819,6/27/2026 12:01:14 PM,068492a8-9bbc-456b-87fb-dc52c0aec9a7,2.0,,,,,,,,,,,,,,,,,,,,,,,,,,,,,,,,,,,,,,,,,,,,,,,,,,,NA,you. Thank you.,
PLAYER_POSITIONS,455056,6/27/2026 12:01:14 PM,068492a8-9bbc-456b-87fb-dc52c0aec9a7,2.0,,,,,,,,,,,,,,,,,,,,,,,,,,,,,,,,,,,"(-12.3, 0.4, 1.0)","(-12.3, 1.0, 0.9)","(-12.4, 0.3, 0.5)",
PLAYER_GAZE,455056,6/27/2026 12:01:14 PM,068492a8-9bbc-456b-87fb-dc52c0aec9a7,2.0,,,,,,,,,,,,,,,,,,,,,,,,Military PT 2,,,,,,,,,"(-0.3, 1.0, -0.2)",,,"(-12.0, 0.0, 1.1)",
PLAYER_POSITIONS,455056,6/27/2026 12:01:14 PM,068492a8-9bbc-456b-87fb-dc52c0aec9a7,2.0,,,,,,,,,,,,,,,,,,,,,,,,,,,,,,,,,,,"(-12.3, 0.4, 1.0)","(-12.3, 1.0, 0.9)","(-12.4, 0.3, 0.5)",
PLAYER_GAZE,455056,6/27/2026 12:01:14 PM,068492a8-9bbc-456b-87fb-dc52c0aec9a7,2.0,,,,,,,,,,,,,,,,,,,,,,,,Military PT 2,,,,,,,,,"(-0.3, 1.0, -0.2)",,,"(-12.0, 0.0, 1.1)",
VOICE_CAPTURE,455300,6/27/2026 12:01:14 PM,068492a8-9bbc-456b-87fb-dc52c0aec9a7,2.0,,,,,,,,,,,,,,,,,,,,,,,,,,,,,,,,,,,,,,,,,,,,,,,,,,,NA,you. Thank you. All right.,
AUDIO_START,455462,6/27/2026 12:01:14 PM,068492a8-9bbc-456b-87fb-dc52c0aec9a7,2.0,bravo engaging enemy,3.343673,
PLAYER_POSITIONS,455568,6/27/2026 12:01:14 PM,068492a8-9bbc-456b-87fb-dc52c0aec9a7,2.0,,,,,,,,,,,,,,,,,,,,,,,,,,,,,,,,,,,"(-12.4, 0.3, 1.2)","(-12.3, 1.1, 0.9)","(-12.2, 0.4, 0.8)",
PLAYER_GAZE,455568,6/27/2026 12:01:14 PM,068492a8-9bbc-456b-87fb-dc52c0aec9a7,2.0,,,,,,,,,,,,,,,,,,,,,,,,Military PT 2,,,,,,,,,"(-0.3, 1.1, -0.2)",,,"(-12.0, 0.0, 1.1)",
PLAYER_POSITIONS,455568,6/27/2026 12:01:14 PM,068492a8-9bbc-456b-87fb-dc52c0aec9a7,2.0,,,,,,,,,,,,,,,,,,,,,,,,,,,,,,,,,,,"(-12.4, 0.3, 1.2)","(-12.3, 1.1, 0.9)","(-12.2, 0.4, 0.8)",
PLAYER_GAZE,455568,6/27/2026 12:01:14 PM,068492a8-9bbc-456b-87fb-dc52c0aec9a7,2.0,,,,,,,,,,,,,,,,,,,,,,,,Military PT 2,,,,,,,,,"(-0.3, 1.1, -0.2)",,,"(-12.0, 0.0, 1.1)",
VOICE_CAPTURE,455825,6/27/2026 12:01:15 PM,068492a8-9bbc-456b-87fb-dc52c0aec9a7,2.0,,,,,,,,,,,,,,,,,,,,,,,,,,,,,,,,,,,,,,,,,,,,,,,,,,,NA,you. Thank you. All right.,
VOICE_CAPTURE,455825,6/27/2026 12:01:15 PM,068492a8-9bbc-456b-87fb-dc52c0aec9a7,2.0,,,,,,,,,,,,,,,,,,,,,,,,,,,,,,,,,,,,,,,,,,,,,,,,,,,NA,you. Thank you. All right.,
PLAYER_POSITIONS,456071,6/27/2026 12:01:15 PM,068492a8-9bbc-456b-87fb-dc52c0aec9a7,2.0,,,,,,,,,,,,,,,,,,,,,,,,,,,,,,,,,,,"(-12.3, 0.3, 1.1)","(-12.3, 1.0, 0.8)","(-12.2, 0.3, 0.6)",
PLAYER_POSITIONS,456071,6/27/2026 12:01:15 PM,068492a8-9bbc-456b-87fb-dc52c0aec9a7,2.0,,,,,,,,,,,,,,,,,,,,,,,,,,,,,,,,,,,"(-12.3, 0.3, 1.1)","(-12.3, 1.0, 0.8)","(-12.2, 0.3, 0.6)",
BAG_CLOSED,456089,6/27/2026 12:01:15 PM,068492a8-9bbc-456b-87fb-dc52c0aec9a7,2.0,,,,,,,,,,,,,,,,,,,,,,,,,,,,,,,,,,,,"(0.0, 0.0, 0.0)",
PLAYER_POSITIONS,456589,6/27/2026 12:01:15 PM,068492a8-9bbc-456b-87fb-dc52c0aec9a7,2.0,,,,,,,,,,,,,,,,,,,,,,,,,,,,,,,,,,,"(-12.2, 0.4, 0.9)","(-12.3, 1.0, 0.8)","(-12.5, 0.6, 0.3)",
PLAYER_POSITIONS,456589,6/27/2026 12:01:15 PM,068492a8-9bbc-456b-87fb-dc52c0aec9a7,2.0,,,,,,,,,,,,,,,,,,,,,,,,,,,,,,,,,,,"(-12.2, 0.4, 0.9)","(-12.3, 1.0, 0.8)","(-12.5, 0.6, 0.3)",
PLAYER_POSITIONS,457099,6/27/2026 12:01:16 PM,068492a8-9bbc-456b-87fb-dc52c0aec9a7,2.0,,,,,,,,,,,,,,,,,,,,,,,,,,,,,,,,,,,"(-12.4, 0.2, 0.7)","(-12.4, 0.9, 0.5)","(-12.6, 0.4, 0.3)",
PLAYER_POSITIONS,457099,6/27/2026 12:01:16 PM,068492a8-9bbc-456b-87fb-dc52c0aec9a7,2.0,,,,,,,,,,,,,,,,,,,,,,,,,,,,,,,,,,,"(-12.4, 0.2, 0.7)","(-12.4, 0.9, 0.5)","(-12.6, 0.4, 0.3)",
PLAYER_POSITIONS,457612,6/27/2026 12:01:16 PM,068492a8-9bbc-456b-87fb-dc52c0aec9a7,2.0,,,,,,,,,,,,,,,,,,,,,,,,,,,,,,,,,,,"(-12.3, 0.2, 0.7)","(-12.4, 1.0, 0.5)","(-12.5, 0.5, 0.2)",
PLAYER_POSITIONS,457612,6/27/2026 12:01:16 PM,068492a8-9bbc-456b-87fb-dc52c0aec9a7,2.0,,,,,,,,,,,,,,,,,,,,,,,,,,,,,,,,,,,"(-12.3, 0.2, 0.7)","(-12.4, 1.0, 0.5)","(-12.5, 0.5, 0.2)",
PLAYER_POSITIONS,458115,6/27/2026 12:01:17 PM,068492a8-9bbc-456b-87fb-dc52c0aec9a7,2.0,,,,,,,,,,,,,,,,,,,,,,,,,,,,,,,,,,,"(-12.2, 0.2, 0.8)","(-12.4, 1.0, 0.6)","(-12.5, 0.6, 0.3)",
PLAYER_POSITIONS,458115,6/27/2026 12:01:17 PM,068492a8-9bbc-456b-87fb-dc52c0aec9a7,2.0,,,,,,,,,,,,,,,,,,,,,,,,,,,,,,,,,,,"(-12.2, 0.2, 0.8)","(-12.4, 1.0, 0.6)","(-12.5, 0.6, 0.3)",
PLAYER_POSITIONS,458637,6/27/2026 12:01:18 PM,068492a8-9bbc-456b-87fb-dc52c0aec9a7,2.0,,,,,,,,,,,,,,,,,,,,,,,,,,,,,,,,,,,"(-12.3, 0.2, 0.8)","(-12.4, 1.0, 0.5)","(-12.6, 0.4, 0.2)",
PLAYER_POSITIONS,458637,6/27/2026 12:01:18 PM,068492a8-9bbc-456b-87fb-dc52c0aec9a7,2.0,,,,,,,,,,,,,,,,,,,,,,,,,,,,,,,,,,,"(-12.3, 0.2, 0.8)","(-12.4, 1.0, 0.5)","(-12.6, 0.4, 0.2)",
AUDIO_END,458822,6/27/2026 12:01:18 PM,068492a8-9bbc-456b-87fb-dc52c0aec9a7,2.0,bravo engaging enemy,3.343673,
NARRATIVE_SECTION_END,458824,6/27/2026 12:01:18 PM,068492a8-9bbc-456b-87fb-dc52c0aec9a7,2.0,,,,,,,,,,,,,,,,,,Bravo engaging enemy,51,
VOICE_CAPTURE,458824,6/27/2026 12:01:18 PM,068492a8-9bbc-456b-87fb-dc52c0aec9a7,2.0,,,,,,,,,,,,,,,,,,,,,,,,,,,,,,,,,,,,,,,,,,,,,,,,,,,NA,They're just going to have to.,
NARRATIVE_SECTION_START,458842,6/27/2026 12:01:18 PM,068492a8-9bbc-456b-87fb-dc52c0aec9a7,2.0,,,,,,,,,,,,,,,,,,Enemy in structure,52,
TAG_SELECTED,459087,6/27/2026 12:01:18 PM,068492a8-9bbc-456b-87fb-dc52c0aec9a7,2.0,,,,,,,,,,,,,,,,,,,,,,,,,,,,,,,,,,,,,,,,,,yellow,
PLAYER_POSITIONS,459156,6/27/2026 12:01:18 PM,068492a8-9bbc-456b-87fb-dc52c0aec9a7,2.0,,,,,,,,,,,,,,,,,,,,,,,,,,,,,,,,,,,"(-12.3, 0.3, 0.8)","(-12.4, 0.9, 0.5)","(-12.4, 0.3, 0.3)",
PLAYER_POSITIONS,459156,6/27/2026 12:01:18 PM,068492a8-9bbc-456b-87fb-dc52c0aec9a7,2.0,,,,,,,,,,,,,,,,,,,,,,,,,,,,,,,,,,,"(-12.3, 0.3, 0.8)","(-12.4, 0.9, 0.5)","(-12.4, 0.3, 0.3)",
VOICE_CAPTURE,459323,6/27/2026 12:01:18 PM,068492a8-9bbc-456b-87fb-dc52c0aec9a7,2.0,,,,,,,,,,,,,,,,,,,,,,,,,,,,,,,,,,,,,,,,,,,,,,,,,,,NA,They're just going to have to wait.,
PLAYER_POSITIONS,459678,6/27/2026 12:01:19 PM,068492a8-9bbc-456b-87fb-dc52c0aec9a7,2.0,,,,,,,,,,,,,,,,,,,,,,,,,,,,,,,,,,,"(-12.3, 0.3, 0.9)","(-12.4, 0.9, 0.5)","(-12.5, 0.3, 0.4)",
PLAYER_POSITIONS,459678,6/27/2026 12:01:19 PM,068492a8-9bbc-456b-87fb-dc52c0aec9a7,2.0,,,,,,,,,,,,,,,,,,,,,,,,,,,,,,,,,,,"(-12.3, 0.3, 0.9)","(-12.4, 0.9, 0.5)","(-12.5, 0.3, 0.4)",
TAG_DISCARDED,459816,6/27/2026 12:01:19 PM,068492a8-9bbc-456b-87fb-dc52c0aec9a7,2.0,,,,,,,,,,,,,,,,,,,,,,,,,,,,,,,,,,,,"(-12.5, 0.4, 0.4)",,,,,,yellow,
VOICE_CAPTURE,459819,6/27/2026 12:01:19 PM,068492a8-9bbc-456b-87fb-dc52c0aec9a7,2.0,,,,,,,,,,,,,,,,,,,,,,,,,,,,,,,,,,,,,,,,,,,,,,,,,,,NA,you're just going to have to wait till,
TAG_SELECTED,460106,6/27/2026 12:01:19 PM,068492a8-9bbc-456b-87fb-dc52c0aec9a7,2.0,,,,,,,,,,,,,,,,,,,,,,,,,,,,,,,,,,,,,,,,,,red,
PLAYER_POSITIONS,460197,6/27/2026 12:01:19 PM,068492a8-9bbc-456b-87fb-dc52c0aec9a7,2.0,,,,,,,,,,,,,,,,,,,,,,,,,,,,,,,,,,,"(-12.3, 0.3, 0.9)","(-12.4, 0.9, 0.5)","(-12.5, 0.4, 0.4)",
PLAYER_POSITIONS,460197,6/27/2026 12:01:19 PM,068492a8-9bbc-456b-87fb-dc52c0aec9a7,2.0,,,,,,,,,,,,,,,,,,,,,,,,,,,,,,,,,,,"(-12.3, 0.3, 0.9)","(-12.4, 0.9, 0.5)","(-12.5, 0.4, 0.4)",
VOICE_CAPTURE,460308,6/27/2026 12:01:19 PM,068492a8-9bbc-456b-87fb-dc52c0aec9a7,2.0,,,,,,,,,,,,,,,,,,,,,,,,,,,,,,,,,,,,,,,,,,,,,,,,,,,NA,you're just going to have to wait till Just gonna have to wait till...,
TAG_APPLIED,460670,6/27/2026 12:01:20 PM,068492a8-9bbc-456b-87fb-dc52c0aec9a7,2.0,,,,,,,,,,,,,,,,,,,,,,,,Military PT 2,,,,,,,,,,,,,,,,,,red,
PLAYER_POSITIONS,460736,6/27/2026 12:01:20 PM,068492a8-9bbc-456b-87fb-dc52c0aec9a7,2.0,,,,,,,,,,,,,,,,,,,,,,,,,,,,,,,,,,,"(-12.3, 0.3, 0.9)","(-12.4, 0.8, 0.5)","(-12.5, 0.0, 0.4)",
PLAYER_POSITIONS,460736,6/27/2026 12:01:20 PM,068492a8-9bbc-456b-87fb-dc52c0aec9a7,2.0,,,,,,,,,,,,,,,,,,,,,,,,,,,,,,,,,,,"(-12.3, 0.3, 0.9)","(-12.4, 0.8, 0.5)","(-12.5, 0.0, 0.4)",
VOICE_CAPTURE,460812,6/27/2026 12:01:20 PM,068492a8-9bbc-456b-87fb-dc52c0aec9a7,2.0,,,,,,,,,,,,,,,,,,,,,,,,,,,,,,,,,,,,,,,,,,,,,,,,,,,NA,you're just going to have to wait till gonna have to wait till we get you on,
PLAYER_POSITIONS,461258,6/27/2026 12:01:20 PM,068492a8-9bbc-456b-87fb-dc52c0aec9a7,2.0,,,,,,,,,,,,,,,,,,,,,,,,,,,,,,,,,,,"(-12.3, 0.3, 0.8)","(-12.3, 1.0, 0.6)","(-12.4, 0.2, 0.4)",
PLAYER_POSITIONS,461258,6/27/2026 12:01:20 PM,068492a8-9bbc-456b-87fb-dc52c0aec9a7,2.0,,,,,,,,,,,,,,,,,,,,,,,,,,,,,,,,,,,"(-12.3, 0.3, 0.8)","(-12.3, 1.0, 0.6)","(-12.4, 0.2, 0.4)",
VOICE_CAPTURE,461349,6/27/2026 12:01:20 PM,068492a8-9bbc-456b-87fb-dc52c0aec9a7,2.0,,,,,,,,,,,,,,,,,,,,,,,,,,,,,,,,,,,,,,,,,,,,,,,,,,,NA,you're just going to have to wait till gonna have to wait till we get you on the CC,
PLAYER_POSITIONS,461759,6/27/2026 12:01:21 PM,068492a8-9bbc-456b-87fb-dc52c0aec9a7,2.0,,,,,,,,,,,,,,,,,,,,,,,,,,,,,,,,,,,"(-12.2, 0.4, 0.9)","(-12.3, 1.1, 0.8)","(-12.1, 0.4, 0.7)",
PLAYER_GAZE,461759,6/27/2026 12:01:21 PM,068492a8-9bbc-456b-87fb-dc52c0aec9a7,2.0,,,,,,,,,,,,,,,,,,,,,,,,Military PT 2,,,,,,,,,"(-0.3, 1.1, -0.3)",,,"(-12.0, 0.0, 1.1)",
PLAYER_POSITIONS,461759,6/27/2026 12:01:21 PM,068492a8-9bbc-456b-87fb-dc52c0aec9a7,2.0,,,,,,,,,,,,,,,,,,,,,,,,,,,,,,,,,,,"(-12.2, 0.4, 0.9)","(-12.3, 1.1, 0.8)","(-12.1, 0.4, 0.7)",
PLAYER_GAZE,461759,6/27/2026 12:01:21 PM,068492a8-9bbc-456b-87fb-dc52c0aec9a7,2.0,,,,,,,,,,,,,,,,,,,,,,,,Military PT 2,,,,,,,,,"(-0.3, 1.1, -0.3)",,,"(-12.0, 0.0, 1.1)",
VOICE_CAPTURE,461869,6/27/2026 12:01:21 PM,068492a8-9bbc-456b-87fb-dc52c0aec9a7,2.0,,,,,,,,,,,,,,,,,,,,,,,,,,,,,,,,,,,,,,,,,,,,,,,,,,,NA,you're just going to have to wait till gonna have to wait till we get you on the CCP before,
BAG_CLOSED,462110,6/27/2026 12:01:21 PM,068492a8-9bbc-456b-87fb-dc52c0aec9a7,2.0,,,,,,,,,,,,,,,,,,,,,,,,,,,,,,,,,,,,"(0.0, 0.0, 0.0)",
PLAYER_POSITIONS,462280,6/27/2026 12:01:21 PM,068492a8-9bbc-456b-87fb-dc52c0aec9a7,2.0,,,,,,,,,,,,,,,,,,,,,,,,,,,,,,,,,,,"(-12.3, 0.3, 1.1)","(-12.3, 1.1, 0.9)","(-12.1, 0.3, 0.8)",
PLAYER_GAZE,462280,6/27/2026 12:01:21 PM,068492a8-9bbc-456b-87fb-dc52c0aec9a7,2.0,,,,,,,,,,,,,,,,,,,,,,,,Military PT 2,,,,,,,,,"(-0.3, 1.1, -0.2)",,,"(-12.0, 0.0, 1.1)",
PLAYER_POSITIONS,462280,6/27/2026 12:01:21 PM,068492a8-9bbc-456b-87fb-dc52c0aec9a7,2.0,,,,,,,,,,,,,,,,,,,,,,,,,,,,,,,,,,,"(-12.3, 0.3, 1.1)","(-12.3, 1.1, 0.9)","(-12.1, 0.3, 0.8)",
PLAYER_GAZE,462280,6/27/2026 12:01:21 PM,068492a8-9bbc-456b-87fb-dc52c0aec9a7,2.0,,,,,,,,,,,,,,,,,,,,,,,,Military PT 2,,,,,,,,,"(-0.3, 1.1, -0.2)",,,"(-12.0, 0.0, 1.1)",
VOICE_CAPTURE,462346,6/27/2026 12:01:21 PM,068492a8-9bbc-456b-87fb-dc52c0aec9a7,2.0,,,,,,,,,,,,,,,,,,,,,,,,,,,,,,,,,,,,,,,,,,,,,,,,,,,NA,you're just going to have to wait till Just gonna have to wait till we get you on the CCP before.,
PLAYER_POSITIONS,462790,6/27/2026 12:01:22 PM,068492a8-9bbc-456b-87fb-dc52c0aec9a7,2.0,,,,,,,,,,,,,,,,,,,,,,,,,,,,,,,,,,,"(-11.9, 0.3, 1.0)","(-11.9, 1.1, 0.9)","(-11.8, 0.2, 0.7)",
PLAYER_POSITIONS,462790,6/27/2026 12:01:22 PM,068492a8-9bbc-456b-87fb-dc52c0aec9a7,2.0,,,,,,,,,,,,,,,,,,,,,,,,,,,,,,,,,,,"(-11.9, 0.3, 1.0)","(-11.9, 1.1, 0.9)","(-11.8, 0.2, 0.7)",
VOICE_CAPTURE,462823,6/27/2026 12:01:22 PM,068492a8-9bbc-456b-87fb-dc52c0aec9a7,2.0,,,,,,,,,,,,,,,,,,,,,,,,,,,,,,,,,,,,,,,,,,,,,,,,,,,NA,you're just going to have to wait till Just gonna have to wait till we get you on the CCP before. the CCP before.,
DRAG_START,463136,6/27/2026 12:01:22 PM,068492a8-9bbc-456b-87fb-dc52c0aec9a7,2.0,,,,,"(-12.0, 0.0, 1.1)",,,,,,,,,,,,,,,,,,,Military PT 2,
PLAYER_POSITIONS,463302,6/27/2026 12:01:22 PM,068492a8-9bbc-456b-87fb-dc52c0aec9a7,2.0,,,,,,,,,,,,,,,,,,,,,,,,,,,,,,,,,,,"(-12.0, 0.4, 1.0)","(-11.8, 1.1, 0.7)","(-11.7, 0.1, 0.6)",
PLAYER_POSITIONS,463302,6/27/2026 12:01:22 PM,068492a8-9bbc-456b-87fb-dc52c0aec9a7,2.0,,,,,,,,,,,,,,,,,,,,,,,,,,,,,,,,,,,"(-12.0, 0.4, 1.0)","(-11.8, 1.1, 0.7)","(-11.7, 0.1, 0.6)",
VOICE_CAPTURE,463303,6/27/2026 12:01:22 PM,068492a8-9bbc-456b-87fb-dc52c0aec9a7,2.0,,,,,,,,,,,,,,,,,,,,,,,,,,,,,,,,,,,,,,,,,,,,,,,,,,,NA,you're just going to have to wait till Just gonna have to wait till we get you on the CCP before. the CCP before.,
VOICE_CAPTURE,463303,6/27/2026 12:01:22 PM,068492a8-9bbc-456b-87fb-dc52c0aec9a7,2.0,,,,,,,,,,,,,,,,,,,,,,,,,,,,,,,,,,,,,,,,,,,,,,,,,,,NA,you're just going to have to wait till Just gonna have to wait till we get you on the CCP before. the CCP before.,
PULSE_TAKEN,463544,6/27/2026 12:01:22 PM,068492a8-9bbc-456b-87fb-dc52c0aec9a7,2.0,,,,,,,,,,,,,,,,,,,,,,,,Military PT 2,,,,pulse_faint,
PLAYER_POSITIONS,463824,6/27/2026 12:01:23 PM,068492a8-9bbc-456b-87fb-dc52c0aec9a7,2.0,,,,,,,,,,,,,,,,,,,,,,,,,,,,,,,,,,,"(-12.1, 0.3, 1.0)","(-12.0, 1.1, 0.8)","(-12.0, 0.4, 1.0)",
PLAYER_POSITIONS,463824,6/27/2026 12:01:23 PM,068492a8-9bbc-456b-87fb-dc52c0aec9a7,2.0,,,,,,,,,,,,,,,,,,,,,,,,,,,,,,,,,,,"(-12.1, 0.3, 1.0)","(-12.0, 1.1, 0.8)","(-12.0, 0.4, 1.0)",
PATIENT_DISENGAGED,464177,6/27/2026 12:01:23 PM,068492a8-9bbc-456b-87fb-dc52c0aec9a7,2.0,,,,17.5,,,,,,,,,,,,,,,,restricted,100,Infinity,normal,Military PT 2,agony,supine,"(-12.1, -0.1, 0.0)",faint,"(0.0, -0.9, 0.0, 0.5)",normal,EXPECTANT,still,,,,,,,,,,,,,,,,,30.05,
PULSE_TAKEN,464201,6/27/2026 12:01:23 PM,068492a8-9bbc-456b-87fb-dc52c0aec9a7,2.0,,,,,,,,,,,,,,,,,,,,,,,,Military PT 2,,,,pulse_faint,
PULSE_TAKEN,464329,6/27/2026 12:01:23 PM,068492a8-9bbc-456b-87fb-dc52c0aec9a7,2.0,,,,,,,,,,,,,,,,,,,,,,,,Military PT 2,,,,pulse_faint,
PLAYER_POSITIONS,464339,6/27/2026 12:01:23 PM,068492a8-9bbc-456b-87fb-dc52c0aec9a7,2.0,,,,,,,,,,,,,,,,,,,,,,,,,,,,,,,,,,,"(-15.7, 0.4, 4.3)","(-15.4, 1.2, 4.2)","(-15.5, 0.6, 4.4)",
PLAYER_POSITIONS,464339,6/27/2026 12:01:23 PM,068492a8-9bbc-456b-87fb-dc52c0aec9a7,2.0,,,,,,,,,,,,,,,,,,,,,,,,,,,,,,,,,,,"(-15.7, 0.4, 4.3)","(-15.4, 1.2, 4.2)","(-15.5, 0.6, 4.4)",
TELEPORT,464400,6/27/2026 12:01:23 PM,068492a8-9bbc-456b-87fb-dc52c0aec9a7,2.0,,,,,,,,,,,,,,,,,,,,,,,,,,,,,,,,,,,,"(-12.1, 1.1, 0.9)",,,,,,,"(-15.4, 1.2, 4.2)",
PLAYER_POSITIONS,464833,6/27/2026 12:01:24 PM,068492a8-9bbc-456b-87fb-dc52c0aec9a7,2.0,,,,,,,,,,,,,,,,,,,,,,,,,,,,,,,,,,,"(-15.6, 0.4, 4.3)","(-15.5, 1.2, 4.2)","(-15.5, 0.5, 4.4)",
PLAYER_POSITIONS,464833,6/27/2026 12:01:24 PM,068492a8-9bbc-456b-87fb-dc52c0aec9a7,2.0,,,,,,,,,,,,,,,,,,,,,,,,,,,,,,,,,,,"(-15.6, 0.4, 4.3)","(-15.5, 1.2, 4.2)","(-15.5, 0.5, 4.4)",
PULSE_TAKEN,465142,6/27/2026 12:01:24 PM,068492a8-9bbc-456b-87fb-dc52c0aec9a7,2.0,,,,,,,,,,,,,,,,,,,,,,,,Military PT 2,,,,pulse_faint,
TELEPORT,465333,6/27/2026 12:01:24 PM,068492a8-9bbc-456b-87fb-dc52c0aec9a7,2.0,,,,,,,,,,,,,,,,,,,,,,,,,,,,,,,,,,,,"(-15.6, 1.2, 4.1)",,,,,,,"(-18.2, 1.2, 7.6)",
PLAYER_POSITIONS,465354,6/27/2026 12:01:24 PM,068492a8-9bbc-456b-87fb-dc52c0aec9a7,2.0,,,,,,,,,,,,,,,,,,,,,,,,,,,,,,,,,,,"(-18.4, 0.4, 7.7)","(-18.2, 1.2, 7.6)","(-18.3, 0.6, 7.8)",
PLAYER_POSITIONS,465354,6/27/2026 12:01:24 PM,068492a8-9bbc-456b-87fb-dc52c0aec9a7,2.0,,,,,,,,,,,,,,,,,,,,,,,,,,,,,,,,,,,"(-18.4, 0.4, 7.7)","(-18.2, 1.2, 7.6)","(-18.3, 0.6, 7.8)",
EVAC_RADIO_ALERT,465462,6/27/2026 12:01:24 PM,068492a8-9bbc-456b-87fb-dc52c0aec9a7,2.0,,,,,,,,1,
AUDIO_START,465470,6/27/2026 12:01:24 PM,068492a8-9bbc-456b-87fb-dc52c0aec9a7,2.0,evac in 3 minutes,5.172245,
PLAYER_POSITIONS,465877,6/27/2026 12:01:25 PM,068492a8-9bbc-456b-87fb-dc52c0aec9a7,2.0,,,,,,,,,,,,,,,,,,,,,,,,,,,,,,,,,,,"(-18.7, 0.4, 7.8)","(-18.6, 1.2, 7.7)","(-18.5, 0.5, 7.8)",
PLAYER_POSITIONS,465877,6/27/2026 12:01:25 PM,068492a8-9bbc-456b-87fb-dc52c0aec9a7,2.0,,,,,,,,,,,,,,,,,,,,,,,,,,,,,,,,,,,"(-18.7, 0.4, 7.8)","(-18.6, 1.2, 7.7)","(-18.5, 0.5, 7.8)",
PLAYER_POSITIONS,466379,6/27/2026 12:01:25 PM,068492a8-9bbc-456b-87fb-dc52c0aec9a7,2.0,,,,,,,,,,,,,,,,,,,,,,,,,,,,,,,,,,,"(-19.0, 0.4, 7.9)","(-18.8, 1.1, 7.7)","(-18.8, 0.4, 7.9)",
PLAYER_POSITIONS,466379,6/27/2026 12:01:25 PM,068492a8-9bbc-456b-87fb-dc52c0aec9a7,2.0,,,,,,,,,,,,,,,,,,,,,,,,,,,,,,,,,,,"(-19.0, 0.4, 7.9)","(-18.8, 1.1, 7.7)","(-18.8, 0.4, 7.9)",
DRAG_STOP,466516,6/27/2026 12:01:25 PM,068492a8-9bbc-456b-87fb-dc52c0aec9a7,2.0,,,,,"(-12.0, 0.0, 1.1)","(-19.3, 0.0, 7.5)",,,,,,,,,,,,,,,,,,Military PT 2,
DRAG_STOP,466516,6/27/2026 12:01:25 PM,068492a8-9bbc-456b-87fb-dc52c0aec9a7,2.0,,,,,"(-12.0, 0.0, 1.1)","(-19.3, 0.0, 7.5)",,,,,,,,,,,,,,,,,,Military PT 2,
PLAYER_POSITIONS,466886,6/27/2026 12:01:26 PM,068492a8-9bbc-456b-87fb-dc52c0aec9a7,2.0,,,,,,,,,,,,,,,,,,,,,,,,,,,,,,,,,,,"(-18.9, 0.4, 7.9)","(-18.7, 1.2, 7.7)","(-18.4, 0.5, 7.5)",
PLAYER_POSITIONS,466886,6/27/2026 12:01:26 PM,068492a8-9bbc-456b-87fb-dc52c0aec9a7,2.0,,,,,,,,,,,,,,,,,,,,,,,,,,,,,,,,,,,"(-18.9, 0.4, 7.9)","(-18.7, 1.2, 7.7)","(-18.4, 0.5, 7.5)",
DRAG_STOP,467079,6/27/2026 12:01:26 PM,068492a8-9bbc-456b-87fb-dc52c0aec9a7,2.0,,,,,"(0.0, 0.0, 0.0)","(0.0, 0.0, 0.0)",,,,,,,,,,,,,,,,,,Military PT 2,
PLAYER_POSITIONS,467401,6/27/2026 12:01:26 PM,068492a8-9bbc-456b-87fb-dc52c0aec9a7,2.0,,,,,,,,,,,,,,,,,,,,,,,,,,,,,,,,,,,"(-18.2, 0.4, 7.6)","(-18.1, 1.2, 7.3)","(-17.8, 0.6, 7.0)",
PLAYER_POSITIONS,467401,6/27/2026 12:01:26 PM,068492a8-9bbc-456b-87fb-dc52c0aec9a7,2.0,,,,,,,,,,,,,,,,,,,,,,,,,,,,,,,,,,,"(-18.2, 0.4, 7.6)","(-18.1, 1.2, 7.3)","(-17.8, 0.6, 7.0)",
TELEPORT,467605,6/27/2026 12:01:26 PM,068492a8-9bbc-456b-87fb-dc52c0aec9a7,2.0,,,,,,,,,,,,,,,,,,,,,,,,,,,,,,,,,,,,"(-18.5, 1.2, 7.8)",,,,,,,"(-16.8, 1.2, 5.8)",
PATIENT_ENGAGED,467627,6/27/2026 12:01:27 PM,068492a8-9bbc-456b-87fb-dc52c0aec9a7,2.0,,,,0,,,,,,,,,,,,,,,,normal,100,128,normal,Military PT 13,calm,standing,"(-15.0, 0.0, 5.2)",normal,"(0.0, 0.4, 0.0, -0.9)",normal,MINIMAL,still,,,,,,,,,,,,,,,,,8.26,
PATIENT_DISENGAGED,467846,6/27/2026 12:01:27 PM,068492a8-9bbc-456b-87fb-dc52c0aec9a7,2.0,,,,0.22,,,,,,,,,,,,,,,,normal,100,128,normal,Military PT 13,calm,standing,"(-15.0, 0.0, 5.2)",normal,"(0.0, 0.4, 0.0, -0.9)",normal,MINIMAL,still,,,,,,,,,,,,,,,,,8.48,
PATIENT_ENGAGED,467870,6/27/2026 12:01:27 PM,068492a8-9bbc-456b-87fb-dc52c0aec9a7,2.0,,,,0,,,,,,,,,,,,,,,,normal,100,128,normal,Military PT 13,calm,standing,"(-15.0, 0.0, 5.2)",normal,"(0.0, 0.4, 0.0, -0.9)",normal,MINIMAL,still,,,,,,,,,,,,,,,,,8.48,
PLAYER_POSITIONS,467925,6/27/2026 12:01:27 PM,068492a8-9bbc-456b-87fb-dc52c0aec9a7,2.0,,,,,,,,,,,,,,,,,,,,,,,,,,,,,,,,,,,"(-16.3, 0.4, 5.6)","(-16.3, 1.2, 5.3)","(-15.9, 0.6, 5.2)",
PLAYER_GAZE,467925,6/27/2026 12:01:27 PM,068492a8-9bbc-456b-87fb-dc52c0aec9a7,2.0,,,,,,,,,,,,,,,,,,,,,,,,Military PT 13,,,,,,,,,"(-1.1, 1.2, 0.3)",,,"(-15.2, 0.0, 5.0)",
PLAYER_POSITIONS,467925,6/27/2026 12:01:27 PM,068492a8-9bbc-456b-87fb-dc52c0aec9a7,2.0,,,,,,,,,,,,,,,,,,,,,,,,,,,,,,,,,,,"(-16.3, 0.4, 5.6)","(-16.3, 1.2, 5.3)","(-15.9, 0.6, 5.2)",
PLAYER_GAZE,467925,6/27/2026 12:01:27 PM,068492a8-9bbc-456b-87fb-dc52c0aec9a7,2.0,,,,,,,,,,,,,,,,,,,,,,,,Military PT 13,,,,,,,,,"(-1.1, 1.2, 0.3)",,,"(-15.2, 0.0, 5.0)",
PATIENT_DISENGAGED,467943,6/27/2026 12:01:27 PM,068492a8-9bbc-456b-87fb-dc52c0aec9a7,2.0,,,,0.08,,,,,,,,,,,,,,,,normal,100,128,normal,Military PT 13,calm,standing,"(-14.9, 0.0, 5.2)",normal,"(0.0, 0.4, 0.0, -0.9)",normal,MINIMAL,still,,,,,,,,,,,,,,,,,8.56,
TELEPORT,468055,6/27/2026 12:01:27 PM,068492a8-9bbc-456b-87fb-dc52c0aec9a7,2.0,,,,,,,,,,,,,,,,,,,,,,,,,,,,,,,,,,,,"(-16.7, 1.2, 5.8)",,,,,,,"(-9.8, 1.2, 5.5)",
TELEPORT,468285,6/27/2026 12:01:27 PM,068492a8-9bbc-456b-87fb-dc52c0aec9a7,2.0,,,,,,,,,,,,,,,,,,,,,,,,,,,,,,,,,,,,"(-9.8, 1.2, 5.5)",,,,,,,"(-5.9, 1.2, 5.6)",
PLAYER_POSITIONS,468441,6/27/2026 12:01:27 PM,068492a8-9bbc-456b-87fb-dc52c0aec9a7,2.0,,,,,,,,,,,,,,,,,,,,,,,,,,,,,,,,,,,"(-5.9, 0.4, 5.9)","(-5.8, 1.2, 5.6)","(-5.5, 0.6, 5.5)",
PLAYER_POSITIONS,468441,6/27/2026 12:01:27 PM,068492a8-9bbc-456b-87fb-dc52c0aec9a7,2.0,,,,,,,,,,,,,,,,,,,,,,,,,,,,,,,,,,,"(-5.9, 0.4, 5.9)","(-5.8, 1.2, 5.6)","(-5.5, 0.6, 5.5)",
PLAYER_POSITIONS,468955,6/27/2026 12:01:28 PM,068492a8-9bbc-456b-87fb-dc52c0aec9a7,2.0,,,,,,,,,,,,,,,,,,,,,,,,,,,,,,,,,,,"(-5.9, 0.4, 5.7)","(-6.1, 1.2, 5.4)","(-6.0, 0.5, 5.1)",
PLAYER_POSITIONS,468955,6/27/2026 12:01:28 PM,068492a8-9bbc-456b-87fb-dc52c0aec9a7,2.0,,,,,,,,,,,,,,,,,,,,,,,,,,,,,,,,,,,"(-5.9, 0.4, 5.7)","(-6.1, 1.2, 5.4)","(-6.0, 0.5, 5.1)",
PLAYER_POSITIONS,469464,6/27/2026 12:01:28 PM,068492a8-9bbc-456b-87fb-dc52c0aec9a7,2.0,,,,,,,,,,,,,,,,,,,,,,,,,,,,,,,,,,,"(-6.1, 0.5, 5.5)","(-6.3, 1.2, 5.5)","(-6.6, 0.5, 5.2)",
PLAYER_POSITIONS,469464,6/27/2026 12:01:28 PM,068492a8-9bbc-456b-87fb-dc52c0aec9a7,2.0,,,,,,,,,,,,,,,,,,,,,,,,,,,,,,,,,,,"(-6.1, 0.5, 5.5)","(-6.3, 1.2, 5.5)","(-6.6, 0.5, 5.2)",
PLAYER_POSITIONS,469985,6/27/2026 12:01:29 PM,068492a8-9bbc-456b-87fb-dc52c0aec9a7,2.0,,,,,,,,,,,,,,,,,,,,,,,,,,,,,,,,,,,"(-6.6, 0.4, 5.4)","(-6.7, 1.2, 5.6)","(-7.1, 0.7, 5.5)",
PLAYER_POSITIONS,469985,6/27/2026 12:01:29 PM,068492a8-9bbc-456b-87fb-dc52c0aec9a7,2.0,,,,,,,,,,,,,,,,,,,,,,,,,,,,,,,,,,,"(-6.6, 0.4, 5.4)","(-6.7, 1.2, 5.6)","(-7.1, 0.7, 5.5)",
PATIENT_ENGAGED,470183,6/27/2026 12:01:29 PM,068492a8-9bbc-456b-87fb-dc52c0aec9a7,2.0,,,,0,,,,,,,,,,,,,,,,fast,100,Infinity,normal,Military PT 6,agony,supine,"(-9.1, 0.0, 4.6)",fast,"(0.0, -1.0, 0.0, 0.0)",normal,IMMEDIATE,still,,,,,,,,,,,,,,,,,0.94,
PLAYER_POSITIONS,470507,6/27/2026 12:01:29 PM,068492a8-9bbc-456b-87fb-dc52c0aec9a7,2.0,,,,,,,,,,,,,,,,,,,,,,,,,,,,,,,,,,,"(-7.7, 0.4, 5.3)","(-8.0, 1.2, 5.5)","(-8.2, 0.6, 5.5)",
PLAYER_POSITIONS,470507,6/27/2026 12:01:29 PM,068492a8-9bbc-456b-87fb-dc52c0aec9a7,2.0,,,,,,,,,,,,,,,,,,,,,,,,,,,,,,,,,,,"(-7.7, 0.4, 5.3)","(-8.0, 1.2, 5.5)","(-8.2, 0.6, 5.5)",
AUDIO_END,470641,6/27/2026 12:01:30 PM,068492a8-9bbc-456b-87fb-dc52c0aec9a7,2.0,evac in 3 minutes,5.172245,
AUDIO_START,470846,6/27/2026 12:01:30 PM,068492a8-9bbc-456b-87fb-dc52c0aec9a7,2.0,enemy in structure,6.138775,
PLAYER_POSITIONS,471027,6/27/2026 12:01:30 PM,068492a8-9bbc-456b-87fb-dc52c0aec9a7,2.0,,,,,,,,,,,,,,,,,,,,,,,,,,,,,,,,,,,"(-8.3, 0.4, 5.1)","(-8.6, 1.2, 5.3)","(-8.9, 0.7, 5.4)",
PLAYER_POSITIONS,471027,6/27/2026 12:01:30 PM,068492a8-9bbc-456b-87fb-dc52c0aec9a7,2.0,,,,,,,,,,,,,,,,,,,,,,,,,,,,,,,,,,,"(-8.3, 0.4, 5.1)","(-8.6, 1.2, 5.3)","(-8.9, 0.7, 5.4)",
PLAYER_POSITIONS,471537,6/27/2026 12:01:30 PM,068492a8-9bbc-456b-87fb-dc52c0aec9a7,2.0,,,,,,,,,,,,,,,,,,,,,,,,,,,,,,,,,,,"(-8.5, 0.4, 5.0)","(-8.7, 1.1, 5.1)","(-9.1, 0.6, 5.3)",
PLAYER_GAZE,471537,6/27/2026 12:01:30 PM,068492a8-9bbc-456b-87fb-dc52c0aec9a7,2.0,,,,,,,,,,,,,,,,,,,,,,,,Military PT 6,,,,,,,,,"(0.4, 1.1, 0.5)",,,"(-9.1, 0.0, 4.6)",
PLAYER_POSITIONS,471537,6/27/2026 12:01:30 PM,068492a8-9bbc-456b-87fb-dc52c0aec9a7,2.0,,,,,,,,,,,,,,,,,,,,,,,,,,,,,,,,,,,"(-8.5, 0.4, 5.0)","(-8.7, 1.1, 5.1)","(-9.1, 0.6, 5.3)",
PLAYER_GAZE,471537,6/27/2026 12:01:30 PM,068492a8-9bbc-456b-87fb-dc52c0aec9a7,2.0,,,,,,,,,,,,,,,,,,,,,,,,Military PT 6,,,,,,,,,"(0.4, 1.1, 0.5)",,,"(-9.1, 0.0, 4.6)",
BAG_CLOSED,471689,6/27/2026 12:01:31 PM,068492a8-9bbc-456b-87fb-dc52c0aec9a7,2.0,,,,,,,,,,,,,,,,,,,,,,,,,,,,,,,,,,,,"(0.0, 0.0, 0.0)",
PLAYER_POSITIONS,472059,6/27/2026 12:01:31 PM,068492a8-9bbc-456b-87fb-dc52c0aec9a7,2.0,,,,,,,,,,,,,,,,,,,,,,,,,,,,,,,,,,,"(-8.8, 0.3, 5.0)","(-9.1, 1.1, 5.0)","(-9.3, 0.6, 5.1)",
PLAYER_POSITIONS,472059,6/27/2026 12:01:31 PM,068492a8-9bbc-456b-87fb-dc52c0aec9a7,2.0,,,,,,,,,,,,,,,,,,,,,,,,,,,,,,,,,,,"(-8.8, 0.3, 5.0)","(-9.1, 1.1, 5.0)","(-9.3, 0.6, 5.1)",
VOICE_CAPTURE,472299,6/27/2026 12:01:31 PM,068492a8-9bbc-456b-87fb-dc52c0aec9a7,2.0,,,,,,,,,,,,,,,,,,,,,,,,,,,,,,,,,,,,,,,,,,,,,,,,,,,NA,All right.,
PLAYER_POSITIONS,472566,6/27/2026 12:01:31 PM,068492a8-9bbc-456b-87fb-dc52c0aec9a7,2.0,,,,,,,,,,,,,,,,,,,,,,,,,,,,,,,,,,,"(-8.9, 0.4, 5.0)","(-9.2, 1.1, 5.0)","(-9.5, 0.6, 5.2)",
PLAYER_POSITIONS,472566,6/27/2026 12:01:31 PM,068492a8-9bbc-456b-87fb-dc52c0aec9a7,2.0,,,,,,,,,,,,,,,,,,,,,,,,,,,,,,,,,,,"(-8.9, 0.4, 5.0)","(-9.2, 1.1, 5.0)","(-9.5, 0.6, 5.2)",
VOICE_CAPTURE,472788,6/27/2026 12:01:32 PM,068492a8-9bbc-456b-87fb-dc52c0aec9a7,2.0,,,,,,,,,,,,,,,,,,,,,,,,,,,,,,,,,,,,,,,,,,,,,,,,,,,NA,All right. All right.,
PLAYER_POSITIONS,473078,6/27/2026 12:01:32 PM,068492a8-9bbc-456b-87fb-dc52c0aec9a7,2.0,,,,,,,,,,,,,,,,,,,,,,,,,,,,,,,,,,,"(-8.8, 0.4, 4.9)","(-9.1, 1.1, 5.1)","(-9.4, 0.7, 5.2)",
PLAYER_POSITIONS,473078,6/27/2026 12:01:32 PM,068492a8-9bbc-456b-87fb-dc52c0aec9a7,2.0,,,,,,,,,,,,,,,,,,,,,,,,,,,,,,,,,,,"(-8.8, 0.4, 4.9)","(-9.1, 1.1, 5.1)","(-9.4, 0.7, 5.2)",
VOICE_CAPTURE,473291,6/27/2026 12:01:32 PM,068492a8-9bbc-456b-87fb-dc52c0aec9a7,2.0,,,,,,,,,,,,,,,,,,,,,,,,,,,,,,,,,,,,,,,,,,,,,,,,,,,NA,All right. All right.,
VOICE_CAPTURE,473291,6/27/2026 12:01:32 PM,068492a8-9bbc-456b-87fb-dc52c0aec9a7,2.0,,,,,,,,,,,,,,,,,,,,,,,,,,,,,,,,,,,,,,,,,,,,,,,,,,,NA,All right. All right.,
PLAYER_POSITIONS,473580,6/27/2026 12:01:32 PM,068492a8-9bbc-456b-87fb-dc52c0aec9a7,2.0,,,,,,,,,,,,,,,,,,,,,,,,,,,,,,,,,,,"(-8.8, 0.4, 4.9)","(-9.1, 1.1, 5.0)","(-9.4, 0.6, 5.3)",
PLAYER_POSITIONS,473580,6/27/2026 12:01:32 PM,068492a8-9bbc-456b-87fb-dc52c0aec9a7,2.0,,,,,,,,,,,,,,,,,,,,,,,,,,,,,,,,,,,"(-8.8, 0.4, 4.9)","(-9.1, 1.1, 5.0)","(-9.4, 0.6, 5.3)",
TOOL_HOVER,474011,6/27/2026 12:01:33 PM,068492a8-9bbc-456b-87fb-dc52c0aec9a7,2.0,,,,,,,,,,,,,,,,,,,,,,,,,,,,,,,,,,,,,,,,,,,,,,996,,Tourniquet,
PLAYER_POSITIONS,474083,6/27/2026 12:01:33 PM,068492a8-9bbc-456b-87fb-dc52c0aec9a7,2.0,,,,,,,,,,,,,,,,,,,,,,,,,,,,,,,,,,,"(-8.8, 0.4, 4.9)","(-9.2, 1.1, 5.0)","(-9.5, 0.6, 4.9)",
PLAYER_POSITIONS,474083,6/27/2026 12:01:33 PM,068492a8-9bbc-456b-87fb-dc52c0aec9a7,2.0,,,,,,,,,,,,,,,,,,,,,,,,,,,,,,,,,,,"(-8.8, 0.4, 4.9)","(-9.2, 1.1, 5.0)","(-9.5, 0.6, 4.9)",
TOOL_SELECTED,474100,6/27/2026 12:01:33 PM,068492a8-9bbc-456b-87fb-dc52c0aec9a7,2.0,,,,,,,,,,,,,,,,,,,,,,,,,,,,,,,,,,,,,,,,,,,,,,995,,Tourniquet,
PLAYER_POSITIONS,474597,6/27/2026 12:01:33 PM,068492a8-9bbc-456b-87fb-dc52c0aec9a7,2.0,,,,,,,,,,,,,,,,,,,,,,,,,,,,,,,,,,,"(-8.7, 0.4, 5.0)","(-9.1, 0.9, 4.9)","(-9.2, 0.2, 4.7)",
PLAYER_GAZE,474597,6/27/2026 12:01:33 PM,068492a8-9bbc-456b-87fb-dc52c0aec9a7,2.0,,,,,,,,,,,,,,,,,,,,,,,,Military PT 6,,,,,,,,,"(0.0, 0.9, 0.3)",,,"(-9.1, 0.0, 4.6)",
PLAYER_POSITIONS,474597,6/27/2026 12:01:33 PM,068492a8-9bbc-456b-87fb-dc52c0aec9a7,2.0,,,,,,,,,,,,,,,,,,,,,,,,,,,,,,,,,,,"(-8.7, 0.4, 5.0)","(-9.1, 0.9, 4.9)","(-9.2, 0.2, 4.7)",
PLAYER_GAZE,474597,6/27/2026 12:01:33 PM,068492a8-9bbc-456b-87fb-dc52c0aec9a7,2.0,,,,,,,,,,,,,,,,,,,,,,,,Military PT 6,,,,,,,,,"(0.0, 0.9, 0.3)",,,"(-9.1, 0.0, 4.6)",
TOOL_DISCARDED,474704,6/27/2026 12:01:34 PM,068492a8-9bbc-456b-87fb-dc52c0aec9a7,2.0,,,,,,,,,,,,,,,,,,,,,,,,Military PT 6,,,,,,,,,,,,"(0.0, 0.0, 0.0)",,,,,,,,,,995,,Tourniquet,
PLAYER_POSITIONS,475108,6/27/2026 12:01:34 PM,068492a8-9bbc-456b-87fb-dc52c0aec9a7,2.0,,,,,,,,,,,,,,,,,,,,,,,,,,,,,,,,,,,"(-8.7, 0.4, 5.0)","(-9.0, 1.1, 4.9)","(-9.2, 0.3, 4.9)",
PLAYER_GAZE,475108,6/27/2026 12:01:34 PM,068492a8-9bbc-456b-87fb-dc52c0aec9a7,2.0,,,,,,,,,,,,,,,,,,,,,,,,Military PT 6,,,,,,,,,"(0.1, 1.1, 0.3)",,,"(-9.1, 0.0, 4.6)",
PLAYER_POSITIONS,475108,6/27/2026 12:01:34 PM,068492a8-9bbc-456b-87fb-dc52c0aec9a7,2.0,,,,,,,,,,,,,,,,,,,,,,,,,,,,,,,,,,,"(-8.7, 0.4, 5.0)","(-9.0, 1.1, 4.9)","(-9.2, 0.3, 4.9)",
PLAYER_GAZE,475108,6/27/2026 12:01:34 PM,068492a8-9bbc-456b-87fb-dc52c0aec9a7,2.0,,,,,,,,,,,,,,,,,,,,,,,,Military PT 6,,,,,,,,,"(0.1, 1.1, 0.3)",,,"(-9.1, 0.0, 4.6)",
BAG_CLOSED,475127,6/27/2026 12:01:34 PM,068492a8-9bbc-456b-87fb-dc52c0aec9a7,2.0,,,,,,,,,,,,,,,,,,,,,,,,,,,,,,,,,,,,"(0.0, 0.0, 0.0)",
PLAYER_POSITIONS,475619,6/27/2026 12:01:34 PM,068492a8-9bbc-456b-87fb-dc52c0aec9a7,2.0,,,,,,,,,,,,,,,,,,,,,,,,,,,,,,,,,,,"(-8.8, 0.4, 4.9)","(-9.0, 1.1, 5.0)","(-9.4, 0.7, 5.1)",
PLAYER_POSITIONS,475619,6/27/2026 12:01:34 PM,068492a8-9bbc-456b-87fb-dc52c0aec9a7,2.0,,,,,,,,,,,,,,,,,,,,,,,,,,,,,,,,,,,"(-8.8, 0.4, 4.9)","(-9.0, 1.1, 5.0)","(-9.4, 0.7, 5.1)",
PLAYER_POSITIONS,476142,6/27/2026 12:01:35 PM,068492a8-9bbc-456b-87fb-dc52c0aec9a7,2.0,,,,,,,,,,,,,,,,,,,,,,,,,,,,,,,,,,,"(-8.7, 0.3, 4.9)","(-9.0, 1.1, 5.0)","(-9.4, 0.6, 5.2)",
PLAYER_POSITIONS,476142,6/27/2026 12:01:35 PM,068492a8-9bbc-456b-87fb-dc52c0aec9a7,2.0,,,,,,,,,,,,,,,,,,,,,,,,,,,,,,,,,,,"(-8.7, 0.3, 4.9)","(-9.0, 1.1, 5.0)","(-9.4, 0.6, 5.2)",
PLAYER_POSITIONS,476643,6/27/2026 12:01:36 PM,068492a8-9bbc-456b-87fb-dc52c0aec9a7,2.0,,,,,,,,,,,,,,,,,,,,,,,,,,,,,,,,,,,"(-8.8, 0.4, 4.9)","(-9.1, 1.1, 5.0)","(-9.5, 0.7, 4.9)",
PLAYER_POSITIONS,476643,6/27/2026 12:01:36 PM,068492a8-9bbc-456b-87fb-dc52c0aec9a7,2.0,,,,,,,,,,,,,,,,,,,,,,,,,,,,,,,,,,,"(-8.8, 0.4, 4.9)","(-9.1, 1.1, 5.0)","(-9.5, 0.7, 4.9)",
TAG_SELECTED,476707,6/27/2026 12:01:36 PM,068492a8-9bbc-456b-87fb-dc52c0aec9a7,2.0,,,,,,,,,,,,,,,,,,,,,,,,,,,,,,,,,,,,,,,,,,yellow,
AUDIO_END,476987,6/27/2026 12:01:36 PM,068492a8-9bbc-456b-87fb-dc52c0aec9a7,2.0,enemy in structure,6.138775,
NARRATIVE_SECTION_END,476987,6/27/2026 12:01:36 PM,068492a8-9bbc-456b-87fb-dc52c0aec9a7,2.0,,,,,,,,,,,,,,,,,,Enemy in structure,52,
NARRATIVE_SECTION_START,477003,6/27/2026 12:01:36 PM,068492a8-9bbc-456b-87fb-dc52c0aec9a7,2.0,,,,,,,,,,,,,,,,,,Cleared hot 2,53,
PLAYER_POSITIONS,477163,6/27/2026 12:01:36 PM,068492a8-9bbc-456b-87fb-dc52c0aec9a7,2.0,,,,,,,,,,,,,,,,,,,,,,,,,,,,,,,,,,,"(-8.7, 0.4, 5.0)","(-9.1, 1.0, 4.9)","(-9.3, 0.4, 4.8)",
PLAYER_POSITIONS,477163,6/27/2026 12:01:36 PM,068492a8-9bbc-456b-87fb-dc52c0aec9a7,2.0,,,,,,,,,,,,,,,,,,,,,,,,,,,,,,,,,,,"(-8.7, 0.4, 5.0)","(-9.1, 1.0, 4.9)","(-9.3, 0.4, 4.8)",
TAG_DISCARDED,477437,6/27/2026 12:01:36 PM,068492a8-9bbc-456b-87fb-dc52c0aec9a7,2.0,,,,,,,,,,,,,,,,,,,,,,,,,,,,,,,,,,,,"(-9.3, 0.6, 5.0)",,,,,,yellow,
TOOL_HOVER,477614,6/27/2026 12:01:36 PM,068492a8-9bbc-456b-87fb-dc52c0aec9a7,2.0,,,,,,,,,,,,,,,,,,,,,,,,,,,,,,,,,,,,,,,,,,,,,,996,,Tourniquet,
PLAYER_POSITIONS,477683,6/27/2026 12:01:37 PM,068492a8-9bbc-456b-87fb-dc52c0aec9a7,2.0,,,,,,,,,,,,,,,,,,,,,,,,,,,,,,,,,,,"(-8.8, 0.4, 5.0)","(-9.1, 1.1, 5.0)","(-9.5, 0.7, 4.9)",
PLAYER_POSITIONS,477683,6/27/2026 12:01:37 PM,068492a8-9bbc-456b-87fb-dc52c0aec9a7,2.0,,,,,,,,,,,,,,,,,,,,,,,,,,,,,,,,,,,"(-8.8, 0.4, 5.0)","(-9.1, 1.1, 5.0)","(-9.5, 0.7, 4.9)",
TOOL_SELECTED,477749,6/27/2026 12:01:37 PM,068492a8-9bbc-456b-87fb-dc52c0aec9a7,2.0,,,,,,,,,,,,,,,,,,,,,,,,,,,,,,,,,,,,,,,,,,,,,,995,,Tourniquet,
AUDIO_START,477999,6/27/2026 12:01:37 PM,068492a8-9bbc-456b-87fb-dc52c0aec9a7,2.0,coming in hot 2,4.075102,
PLAYER_POSITIONS,478194,6/27/2026 12:01:37 PM,068492a8-9bbc-456b-87fb-dc52c0aec9a7,2.0,,,,,,,,,,,,,,,,,,,,,,,,,,,,,,,,,,,"(-8.7, 0.4, 5.1)","(-9.1, 0.9, 4.8)","(-9.2, 0.3, 4.7)",
PLAYER_GAZE,478194,6/27/2026 12:01:37 PM,068492a8-9bbc-456b-87fb-dc52c0aec9a7,2.0,,,,,,,,,,,,,,,,,,,,,,,,Military PT 6,,,,,,,,,"(0.0, 0.9, 0.3)",,,"(-9.1, 0.0, 4.6)",
PLAYER_POSITIONS,478194,6/27/2026 12:01:37 PM,068492a8-9bbc-456b-87fb-dc52c0aec9a7,2.0,,,,,,,,,,,,,,,,,,,,,,,,,,,,,,,,,,,"(-8.7, 0.4, 5.1)","(-9.1, 0.9, 4.8)","(-9.2, 0.3, 4.7)",
PLAYER_GAZE,478194,6/27/2026 12:01:37 PM,068492a8-9bbc-456b-87fb-dc52c0aec9a7,2.0,,,,,,,,,,,,,,,,,,,,,,,,Military PT 6,,,,,,,,,"(0.0, 0.9, 0.3)",,,"(-9.1, 0.0, 4.6)",
INJURY_TREATED,478374,6/27/2026 12:01:37 PM,068492a8-9bbc-456b-87fb-dc52c0aec9a7,2.0,,,,,,,,,leftLeg,L Thigh Amputation,"(-9.1, 0.1, 4.6)",tourniquet,1,1,high,True,True,,,,,,,Military PT 6,
TOOL_APPLIED,478374,6/27/2026 12:01:37 PM,068492a8-9bbc-456b-87fb-dc52c0aec9a7,2.0,,,,,,,,,,,,,,,,,,,,,,,,Military PT 6,,,,,,,,,,,,,,,,,,,,AppliedTourniquet,LeftUpLeg (UnityEngine.GameObject),,Tourniquet(Clone) (UnityEngine.GameObject),Tourniquet,
BAG_CLOSED,478703,6/27/2026 12:01:38 PM,068492a8-9bbc-456b-87fb-dc52c0aec9a7,2.0,,,,,,,,,,,,,,,,,,,,,,,,,,,,,,,,,,,,"(0.0, 0.0, 0.0)",
PLAYER_POSITIONS,478708,6/27/2026 12:01:38 PM,068492a8-9bbc-456b-87fb-dc52c0aec9a7,2.0,,,,,,,,,,,,,,,,,,,,,,,,,,,,,,,,,,,"(-8.7, 0.4, 5.0)","(-9.0, 1.0, 4.8)","(-9.2, 0.2, 4.8)",
PLAYER_GAZE,478708,6/27/2026 12:01:38 PM,068492a8-9bbc-456b-87fb-dc52c0aec9a7,2.0,,,,,,,,,,,,,,,,,,,,,,,,Military PT 6,,,,,,,,,"(0.1, 1.0, 0.3)",,,"(-9.1, 0.0, 4.6)",
PLAYER_POSITIONS,478708,6/27/2026 12:01:38 PM,068492a8-9bbc-456b-87fb-dc52c0aec9a7,2.0,,,,,,,,,,,,,,,,,,,,,,,,,,,,,,,,,,,"(-8.7, 0.4, 5.0)","(-9.0, 1.0, 4.8)","(-9.2, 0.2, 4.8)",
PLAYER_GAZE,478708,6/27/2026 12:01:38 PM,068492a8-9bbc-456b-87fb-dc52c0aec9a7,2.0,,,,,,,,,,,,,,,,,,,,,,,,Military PT 6,,,,,,,,,"(0.1, 1.0, 0.3)",,,"(-9.1, 0.0, 4.6)",
DRAG_STOP,479123,6/27/2026 12:01:38 PM,068492a8-9bbc-456b-87fb-dc52c0aec9a7,2.0,,,,,"(-12.0, 0.0, 1.1)","(-19.3, 0.0, 7.5)",,,,,,,,,,,,,,,,,,Military PT 6,
PLAYER_POSITIONS,479213,6/27/2026 12:01:38 PM,068492a8-9bbc-456b-87fb-dc52c0aec9a7,2.0,,,,,,,,,,,,,,,,,,,,,,,,,,,,,,,,,,,"(-9.5, 0.4, 4.9)","(-9.6, 1.1, 4.9)","(-9.9, 0.4, 4.9)",
PLAYER_POSITIONS,479213,6/27/2026 12:01:38 PM,068492a8-9bbc-456b-87fb-dc52c0aec9a7,2.0,,,,,,,,,,,,,,,,,,,,,,,,,,,,,,,,,,,"(-9.5, 0.4, 4.9)","(-9.6, 1.1, 4.9)","(-9.9, 0.4, 4.9)",
VOICE_CAPTURE,479487,6/27/2026 12:01:38 PM,068492a8-9bbc-456b-87fb-dc52c0aec9a7,2.0,,,,,,,,,,,,,,,,,,,,,,,,,,,,,,,,,,,,,,,,,,,,,,,,,,,NA,You can look at the screen.,
DRAG_STOP,479489,6/27/2026 12:01:38 PM,068492a8-9bbc-456b-87fb-dc52c0aec9a7,2.0,,,,,"(0.0, 0.0, 0.0)","(0.0, 0.0, 0.0)",,,,,,,,,,,,,,,,,,Military PT 6,
PLAYER_POSITIONS,479731,6/27/2026 12:01:39 PM,068492a8-9bbc-456b-87fb-dc52c0aec9a7,2.0,,,,,,,,,,,,,,,,,,,,,,,,,,,,,,,,,,,"(-9.7, 0.4, 5.1)","(-9.9, 1.1, 5.1)","(-9.8, 0.4, 5.0)",
PLAYER_POSITIONS,479731,6/27/2026 12:01:39 PM,068492a8-9bbc-456b-87fb-dc52c0aec9a7,2.0,,,,,,,,,,,,,,,,,,,,,,,,,,,,,,,,,,,"(-9.7, 0.4, 5.1)","(-9.9, 1.1, 5.1)","(-9.8, 0.4, 5.0)",
VOICE_CAPTURE,479797,6/27/2026 12:01:39 PM,068492a8-9bbc-456b-87fb-dc52c0aec9a7,2.0,,,,,,,,,,,,,,,,,,,,,,,,,,,,,,,,,,,,,,,,,,,,,,,,,,,NA,You can lift.,
DRAG_START,480088,6/27/2026 12:01:39 PM,068492a8-9bbc-456b-87fb-dc52c0aec9a7,2.0,,,,,"(-9.1, 0.0, 4.6)",,,,,,,,,,,,,,,,,,,Military PT 6,
PULSE_TAKEN,480129,6/27/2026 12:01:39 PM,068492a8-9bbc-456b-87fb-dc52c0aec9a7,2.0,,,,,,,,,,,,,,,,,,,,,,,,Military PT 6,,,,pulse_fast,
PULSE_TAKEN,480133,6/27/2026 12:01:39 PM,068492a8-9bbc-456b-87fb-dc52c0aec9a7,2.0,,,,,,,,,,,,,,,,,,,,,,,,Military PT 6,,,,pulse_fast,
PLAYER_POSITIONS,480262,6/27/2026 12:01:39 PM,068492a8-9bbc-456b-87fb-dc52c0aec9a7,2.0,,,,,,,,,,,,,,,,,,,,,,,,,,,,,,,,,,,"(-9.5, 0.4, 5.2)","(-9.6, 1.2, 5.3)","(-9.6, 0.4, 5.0)",
PLAYER_GAZE,480262,6/27/2026 12:01:39 PM,068492a8-9bbc-456b-87fb-dc52c0aec9a7,2.0,,,,,,,,,,,,,,,,,,,,,,,,Military PT 6,,,,,,,,,"(-0.5, 1.2, 0.7)",,,"(-9.1, 0.0, 4.6)",
PLAYER_POSITIONS,480262,6/27/2026 12:01:39 PM,068492a8-9bbc-456b-87fb-dc52c0aec9a7,2.0,,,,,,,,,,,,,,,,,,,,,,,,,,,,,,,,,,,"(-9.5, 0.4, 5.2)","(-9.6, 1.2, 5.3)","(-9.6, 0.4, 5.0)",
PLAYER_GAZE,480262,6/27/2026 12:01:39 PM,068492a8-9bbc-456b-87fb-dc52c0aec9a7,2.0,,,,,,,,,,,,,,,,,,,,,,,,Military PT 6,,,,,,,,,"(-0.5, 1.2, 0.7)",,,"(-9.1, 0.0, 4.6)",
VOICE_CAPTURE,480307,6/27/2026 12:01:39 PM,068492a8-9bbc-456b-87fb-dc52c0aec9a7,2.0,,,,,,,,,,,,,,,,,,,,,,,,,,,,,,,,,,,,,,,,,,,,,,,,,,,NA,You can lift. You can lift.,
PULSE_TAKEN,480604,6/27/2026 12:01:39 PM,068492a8-9bbc-456b-87fb-dc52c0aec9a7,2.0,,,,,,,,,,,,,,,,,,,,,,,,Military PT 6,,,,pulse_fast,
PLAYER_POSITIONS,480787,6/27/2026 12:01:40 PM,068492a8-9bbc-456b-87fb-dc52c0aec9a7,2.0,,,,,,,,,,,,,,,,,,,,,,,,,,,,,,,,,,,"(-9.5, 0.4, 5.2)","(-9.6, 1.2, 5.2)","(-9.6, 0.4, 5.0)",
PLAYER_GAZE,480787,6/27/2026 12:01:40 PM,068492a8-9bbc-456b-87fb-dc52c0aec9a7,2.0,,,,,,,,,,,,,,,,,,,,,,,,Military PT 6,,,,,,,,,"(-0.5, 1.2, 0.6)",,,"(-9.1, 0.0, 4.6)",
PLAYER_POSITIONS,480787,6/27/2026 12:01:40 PM,068492a8-9bbc-456b-87fb-dc52c0aec9a7,2.0,,,,,,,,,,,,,,,,,,,,,,,,,,,,,,,,,,,"(-9.5, 0.4, 5.2)","(-9.6, 1.2, 5.2)","(-9.6, 0.4, 5.0)",
PLAYER_GAZE,480787,6/27/2026 12:01:40 PM,068492a8-9bbc-456b-87fb-dc52c0aec9a7,2.0,,,,,,,,,,,,,,,,,,,,,,,,Military PT 6,,,,,,,,,"(-0.5, 1.2, 0.6)",,,"(-9.1, 0.0, 4.6)",
VOICE_CAPTURE,480787,6/27/2026 12:01:40 PM,068492a8-9bbc-456b-87fb-dc52c0aec9a7,2.0,,,,,,,,,,,,,,,,,,,,,,,,,,,,,,,,,,,,,,,,,,,,,,,,,,,NA,You can lift. You can lift.,
VOICE_CAPTURE,480787,6/27/2026 12:01:40 PM,068492a8-9bbc-456b-87fb-dc52c0aec9a7,2.0,,,,,,,,,,,,,,,,,,,,,,,,,,,,,,,,,,,,,,,,,,,,,,,,,,,NA,You can lift. You can lift.,
VOICE_COMMAND,480787,6/27/2026 12:01:40 PM,068492a8-9bbc-456b-87fb-dc52c0aec9a7,2.0,,,,,,,,,,,,,,,,,,,,,,,,Lifting NPC,,,,,,,,,,,,,,,,,,,,,,,,,,,You can lift. You can lift.,lift,
PLAYER_POSITIONS,481296,6/27/2026 12:01:40 PM,068492a8-9bbc-456b-87fb-dc52c0aec9a7,2.0,,,,,,,,,,,,,,,,,,,,,,,,,,,,,,,,,,,"(-9.6, 0.3, 5.2)","(-9.7, 1.1, 5.2)","(-9.7, 0.3, 5.0)",
PLAYER_GAZE,481296,6/27/2026 12:01:40 PM,068492a8-9bbc-456b-87fb-dc52c0aec9a7,2.0,,,,,,,,,,,,,,,,,,,,,,,,Military PT 6,,,,,,,,,"(-0.6, 1.1, 0.6)",,,"(-9.1, 0.0, 4.6)",
PLAYER_POSITIONS,481296,6/27/2026 12:01:40 PM,068492a8-9bbc-456b-87fb-dc52c0aec9a7,2.0,,,,,,,,,,,,,,,,,,,,,,,,,,,,,,,,,,,"(-9.6, 0.3, 5.2)","(-9.7, 1.1, 5.2)","(-9.7, 0.3, 5.0)",
PLAYER_GAZE,481296,6/27/2026 12:01:40 PM,068492a8-9bbc-456b-87fb-dc52c0aec9a7,2.0,,,,,,,,,,,,,,,,,,,,,,,,Military PT 6,,,,,,,,,"(-0.6, 1.1, 0.6)",,,"(-9.1, 0.0, 4.6)",
PULSE_TAKEN,481383,6/27/2026 12:01:40 PM,068492a8-9bbc-456b-87fb-dc52c0aec9a7,2.0,,,,,,,,,,,,,,,,,,,,,,,,Military PT 6,,,,pulse_fast,
BUTTON_CLICKED,481670,6/27/2026 12:01:41 PM,068492a8-9bbc-456b-87fb-dc52c0aec9a7,2.0,,,lift,
VOICE_CAPTURE,481670,6/27/2026 12:01:41 PM,068492a8-9bbc-456b-87fb-dc52c0aec9a7,2.0,,,,,,,,,,,,,,,,,,,,,,,,,,,,,,,,,,,,,,,,,,,,,,,,,,,NA,lift,
VOICE_COMMAND,481670,6/27/2026 12:01:41 PM,068492a8-9bbc-456b-87fb-dc52c0aec9a7,2.0,,,,,,,,,,,,,,,,,,,,,,,,Lifting NPC,,,,,,,,,,,,,,,,,,,,,,,,,,,lift,lift,
PLAYER_POSITIONS,481816,6/27/2026 12:01:41 PM,068492a8-9bbc-456b-87fb-dc52c0aec9a7,2.0,,,,,,,,,,,,,,,,,,,,,,,,,,,,,,,,,,,"(-9.7, 0.4, 5.3)","(-9.8, 1.1, 5.2)","(-9.7, 0.4, 5.0)",
PLAYER_GAZE,481816,6/27/2026 12:01:41 PM,068492a8-9bbc-456b-87fb-dc52c0aec9a7,2.0,,,,,,,,,,,,,,,,,,,,,,,,Military PT 6,,,,,,,,,"(-0.7, 1.1, 0.6)",,,"(-9.1, 0.0, 4.6)",
PLAYER_POSITIONS,481816,6/27/2026 12:01:41 PM,068492a8-9bbc-456b-87fb-dc52c0aec9a7,2.0,,,,,,,,,,,,,,,,,,,,,,,,,,,,,,,,,,,"(-9.7, 0.4, 5.3)","(-9.8, 1.1, 5.2)","(-9.7, 0.4, 5.0)",
PLAYER_GAZE,481816,6/27/2026 12:01:41 PM,068492a8-9bbc-456b-87fb-dc52c0aec9a7,2.0,,,,,,,,,,,,,,,,,,,,,,,,Military PT 6,,,,,,,,,"(-0.7, 1.1, 0.6)",,,"(-9.1, 0.0, 4.6)",
AUDIO_END,482083,6/27/2026 12:01:41 PM,068492a8-9bbc-456b-87fb-dc52c0aec9a7,2.0,coming in hot 2,4.075102,
NARRATIVE_SECTION_END,482083,6/27/2026 12:01:41 PM,068492a8-9bbc-456b-87fb-dc52c0aec9a7,2.0,,,,,,,,,,,,,,,,,,Cleared hot 2,53,
NARRATIVE_SECTION_START,482102,6/27/2026 12:01:41 PM,068492a8-9bbc-456b-87fb-dc52c0aec9a7,2.0,,,,,,,,,,,,,,,,,,Jet flyover 2 enable,54,
PLAYER_POSITIONS,482352,6/27/2026 12:01:41 PM,068492a8-9bbc-456b-87fb-dc52c0aec9a7,2.0,,,,,,,,,,,,,,,,,,,,,,,,,,,,,,,,,,,"(-9.7, 0.4, 5.2)","(-9.8, 1.0, 5.1)","(-9.7, 0.4, 5.0)",
PLAYER_GAZE,482352,6/27/2026 12:01:41 PM,068492a8-9bbc-456b-87fb-dc52c0aec9a7,2.0,,,,,,,,,,,,,,,,,,,,,,,,Military PT 6,,,,,,,,,"(-0.7, 1.0, 0.5)",,,"(-9.1, 0.0, 4.6)",
PLAYER_POSITIONS,482352,6/27/2026 12:01:41 PM,068492a8-9bbc-456b-87fb-dc52c0aec9a7,2.0,,,,,,,,,,,,,,,,,,,,,,,,,,,,,,,,,,,"(-9.7, 0.4, 5.2)","(-9.8, 1.0, 5.1)","(-9.7, 0.4, 5.0)",
PLAYER_GAZE,482352,6/27/2026 12:01:41 PM,068492a8-9bbc-456b-87fb-dc52c0aec9a7,2.0,,,,,,,,,,,,,,,,,,,,,,,,Military PT 6,,,,,,,,,"(-0.7, 1.0, 0.5)",,,"(-9.1, 0.0, 4.6)",
VOICE_CAPTURE,482352,6/27/2026 12:01:41 PM,068492a8-9bbc-456b-87fb-dc52c0aec9a7,2.0,,,,,,,,,,,,,,,,,,,,,,,,,,,,,,,,,,,,,,,,,,,,,,,,,,,NA,Can you lift?,
VOICE_CAPTURE,482774,6/27/2026 12:01:42 PM,068492a8-9bbc-456b-87fb-dc52c0aec9a7,2.0,,,,,,,,,,,,,,,,,,,,,,,,,,,,,,,,,,,,,,,,,,,,,,,,,,,NA,Can you lift? Can you lift?,
PLAYER_POSITIONS,482854,6/27/2026 12:01:42 PM,068492a8-9bbc-456b-87fb-dc52c0aec9a7,2.0,,,,,,,,,,,,,,,,,,,,,,,,,,,,,,,,,,,"(-9.7, 0.4, 5.2)","(-9.7, 1.1, 5.2)","(-9.6, 0.4, 5.1)",
PLAYER_POSITIONS,482854,6/27/2026 12:01:42 PM,068492a8-9bbc-456b-87fb-dc52c0aec9a7,2.0,,,,,,,,,,,,,,,,,,,,,,,,,,,,,,,,,,,"(-9.7, 0.4, 5.2)","(-9.7, 1.1, 5.2)","(-9.6, 0.4, 5.1)",
NARRATIVE_SECTION_END,483109,6/27/2026 12:01:42 PM,068492a8-9bbc-456b-87fb-dc52c0aec9a7,2.0,,,,,,,,,,,,,,,,,,Jet flyover 2 enable,54,
NARRATIVE_SECTION_START,483148,6/27/2026 12:01:42 PM,068492a8-9bbc-456b-87fb-dc52c0aec9a7,2.0,,,,,,,,,,,,,,,,,,Jet flyover sound,55,
VOICE_CAPTURE,483297,6/27/2026 12:01:42 PM,068492a8-9bbc-456b-87fb-dc52c0aec9a7,2.0,,,,,,,,,,,,,,,,,,,,,,,,,,,,,,,,,,,,,,,,,,,,,,,,,,,NA,Can you lift? Can you lift?,
VOICE_CAPTURE,483297,6/27/2026 12:01:42 PM,068492a8-9bbc-456b-87fb-dc52c0aec9a7,2.0,,,,,,,,,,,,,,,,,,,,,,,,,,,,,,,,,,,,,,,,,,,,,,,,,,,NA,Can you lift? Can you lift?,
VOICE_COMMAND,483297,6/27/2026 12:01:42 PM,068492a8-9bbc-456b-87fb-dc52c0aec9a7,2.0,,,,,,,,,,,,,,,,,,,,,,,,,,,,,,,,,,,,,,,,,,,,,,,,,,,Can you lift? Can you lift?,lift,
PLAYER_POSITIONS,483364,6/27/2026 12:01:42 PM,068492a8-9bbc-456b-87fb-dc52c0aec9a7,2.0,,,,,,,,,,,,,,,,,,,,,,,,,,,,,,,,,,,"(-9.7, 0.4, 5.3)","(-9.7, 1.1, 5.2)","(-9.6, 0.4, 5.1)",
PLAYER_POSITIONS,483364,6/27/2026 12:01:42 PM,068492a8-9bbc-456b-87fb-dc52c0aec9a7,2.0,,,,,,,,,,,,,,,,,,,,,,,,,,,,,,,,,,,"(-9.7, 0.4, 5.3)","(-9.7, 1.1, 5.2)","(-9.6, 0.4, 5.1)",
PLAYER_POSITIONS,483878,6/27/2026 12:01:43 PM,068492a8-9bbc-456b-87fb-dc52c0aec9a7,2.0,,,,,,,,,,,,,,,,,,,,,,,,,,,,,,,,,,,"(-9.7, 0.4, 5.3)","(-9.7, 1.0, 5.2)","(-9.6, 0.4, 5.1)",
PLAYER_POSITIONS,483878,6/27/2026 12:01:43 PM,068492a8-9bbc-456b-87fb-dc52c0aec9a7,2.0,,,,,,,,,,,,,,,,,,,,,,,,,,,,,,,,,,,"(-9.7, 0.4, 5.3)","(-9.7, 1.0, 5.2)","(-9.6, 0.4, 5.1)",
PLAYER_POSITIONS,484395,6/27/2026 12:01:43 PM,068492a8-9bbc-456b-87fb-dc52c0aec9a7,2.0,,,,,,,,,,,,,,,,,,,,,,,,,,,,,,,,,,,"(-9.7, 0.4, 5.3)","(-9.7, 0.9, 5.2)","(-9.6, 0.4, 5.0)",
PLAYER_POSITIONS,484395,6/27/2026 12:01:43 PM,068492a8-9bbc-456b-87fb-dc52c0aec9a7,2.0,,,,,,,,,,,,,,,,,,,,,,,,,,,,,,,,,,,"(-9.7, 0.4, 5.3)","(-9.7, 0.9, 5.2)","(-9.6, 0.4, 5.0)",
PLAYER_POSITIONS,484899,6/27/2026 12:01:44 PM,068492a8-9bbc-456b-87fb-dc52c0aec9a7,2.0,,,,,,,,,,,,,,,,,,,,,,,,,,,,,,,,,,,"(-9.7, 0.4, 5.3)","(-9.7, 1.0, 5.2)","(-9.6, 0.4, 5.0)",
PLAYER_POSITIONS,484899,6/27/2026 12:01:44 PM,068492a8-9bbc-456b-87fb-dc52c0aec9a7,2.0,,,,,,,,,,,,,,,,,,,,,,,,,,,,,,,,,,,"(-9.7, 0.4, 5.3)","(-9.7, 1.0, 5.2)","(-9.6, 0.4, 5.0)",
PLAYER_POSITIONS,485404,6/27/2026 12:01:44 PM,068492a8-9bbc-456b-87fb-dc52c0aec9a7,2.0,,,,,,,,,,,,,,,,,,,,,,,,,,,,,,,,,,,"(-9.7, 0.4, 5.3)","(-9.8, 1.0, 5.2)","(-9.6, 0.4, 5.0)",
PLAYER_GAZE,485404,6/27/2026 12:01:44 PM,068492a8-9bbc-456b-87fb-dc52c0aec9a7,2.0,,,,,,,,,,,,,,,,,,,,,,,,Military PT 6,,,,,,,,,"(-0.7, 1.0, 0.6)",,,"(-9.1, 0.0, 4.6)",
PLAYER_POSITIONS,485404,6/27/2026 12:01:44 PM,068492a8-9bbc-456b-87fb-dc52c0aec9a7,2.0,,,,,,,,,,,,,,,,,,,,,,,,,,,,,,,,,,,"(-9.7, 0.4, 5.3)","(-9.8, 1.0, 5.2)","(-9.6, 0.4, 5.0)",
PLAYER_GAZE,485404,6/27/2026 12:01:44 PM,068492a8-9bbc-456b-87fb-dc52c0aec9a7,2.0,,,,,,,,,,,,,,,,,,,,,,,,Military PT 6,,,,,,,,,"(-0.7, 1.0, 0.6)",,,"(-9.1, 0.0, 4.6)",
PLAYER_POSITIONS,485912,6/27/2026 12:01:45 PM,068492a8-9bbc-456b-87fb-dc52c0aec9a7,2.0,,,,,,,,,,,,,,,,,,,,,,,,,,,,,,,,,,,"(-9.7, 0.4, 5.3)","(-9.8, 1.0, 5.1)","(-9.6, 0.4, 5.0)",
PLAYER_POSITIONS,485912,6/27/2026 12:01:45 PM,068492a8-9bbc-456b-87fb-dc52c0aec9a7,2.0,,,,,,,,,,,,,,,,,,,,,,,,,,,,,,,,,,,"(-9.7, 0.4, 5.3)","(-9.8, 1.0, 5.1)","(-9.6, 0.4, 5.0)",
PLAYER_POSITIONS,486421,6/27/2026 12:01:45 PM,068492a8-9bbc-456b-87fb-dc52c0aec9a7,2.0,,,,,,,,,,,,,,,,,,,,,,,,,,,,,,,,,,,"(-9.7, 0.4, 5.3)","(-9.8, 1.0, 5.1)","(-9.7, 0.4, 5.0)",
PLAYER_POSITIONS,486421,6/27/2026 12:01:45 PM,068492a8-9bbc-456b-87fb-dc52c0aec9a7,2.0,,,,,,,,,,,,,,,,,,,,,,,,,,,,,,,,,,,"(-9.7, 0.4, 5.3)","(-9.8, 1.0, 5.1)","(-9.7, 0.4, 5.0)",
PLAYER_POSITIONS,486923,6/27/2026 12:01:46 PM,068492a8-9bbc-456b-87fb-dc52c0aec9a7,2.0,,,,,,,,,,,,,,,,,,,,,,,,,,,,,,,,,,,"(-9.7, 0.4, 5.3)","(-9.9, 1.0, 5.1)","(-9.7, 0.5, 4.9)",
PLAYER_POSITIONS,486923,6/27/2026 12:01:46 PM,068492a8-9bbc-456b-87fb-dc52c0aec9a7,2.0,,,,,,,,,,,,,,,,,,,,,,,,,,,,,,,,,,,"(-9.7, 0.4, 5.3)","(-9.9, 1.0, 5.1)","(-9.7, 0.5, 4.9)",
AUDIO_START,487142,6/27/2026 12:01:46 PM,068492a8-9bbc-456b-87fb-dc52c0aec9a7,2.0,jet flyover,8.071836,
PLAYER_POSITIONS,487439,6/27/2026 12:01:46 PM,068492a8-9bbc-456b-87fb-dc52c0aec9a7,2.0,,,,,,,,,,,,,,,,,,,,,,,,,,,,,,,,,,,"(-9.8, 0.4, 5.2)","(-9.9, 1.0, 5.1)","(-10.3, 0.6, 4.9)",
PLAYER_POSITIONS,487439,6/27/2026 12:01:46 PM,068492a8-9bbc-456b-87fb-dc52c0aec9a7,2.0,,,,,,,,,,,,,,,,,,,,,,,,,,,,,,,,,,,"(-9.8, 0.4, 5.2)","(-9.9, 1.0, 5.1)","(-10.3, 0.6, 4.9)",
VOICE_CAPTURE,487794,6/27/2026 12:01:47 PM,068492a8-9bbc-456b-87fb-dc52c0aec9a7,2.0,,,,,,,,,,,,,,,,,,,,,,,,,,,,,,,,,,,,,,,,,,,,,,,,,,,NA,Thank you.,
PLAYER_POSITIONS,487950,6/27/2026 12:01:47 PM,068492a8-9bbc-456b-87fb-dc52c0aec9a7,2.0,,,,,,,,,,,,,,,,,,,,,,,,,,,,,,,,,,,"(-9.8, 0.4, 5.2)","(-9.9, 1.0, 5.1)","(-10.5, 0.6, 5.1)",
PLAYER_GAZE,487950,6/27/2026 12:01:47 PM,068492a8-9bbc-456b-87fb-dc52c0aec9a7,2.0,,,,,,,,,,,,,,,,,,,,,,,,Civilian PT 14,,,,,,,,,"(4.1, 1.0, 1.5)",,,"(-14.1, 0.0, 3.6)",
PLAYER_POSITIONS,487950,6/27/2026 12:01:47 PM,068492a8-9bbc-456b-87fb-dc52c0aec9a7,2.0,,,,,,,,,,,,,,,,,,,,,,,,,,,,,,,,,,,"(-9.8, 0.4, 5.2)","(-9.9, 1.0, 5.1)","(-10.5, 0.6, 5.1)",
PLAYER_GAZE,487950,6/27/2026 12:01:47 PM,068492a8-9bbc-456b-87fb-dc52c0aec9a7,2.0,,,,,,,,,,,,,,,,,,,,,,,,Civilian PT 14,,,,,,,,,"(4.1, 1.0, 1.5)",,,"(-14.1, 0.0, 3.6)",
PLAYER_POSITIONS,488463,6/27/2026 12:01:47 PM,068492a8-9bbc-456b-87fb-dc52c0aec9a7,2.0,,,,,,,,,,,,,,,,,,,,,,,,,,,,,,,,,,,"(-9.8, 0.4, 5.2)","(-9.9, 1.0, 5.1)","(-10.5, 0.5, 5.1)",
PLAYER_POSITIONS,488463,6/27/2026 12:01:47 PM,068492a8-9bbc-456b-87fb-dc52c0aec9a7,2.0,,,,,,,,,,,,,,,,,,,,,,,,,,,,,,,,,,,"(-9.8, 0.4, 5.2)","(-9.9, 1.0, 5.1)","(-10.5, 0.5, 5.1)",
PLAYER_POSITIONS,488975,6/27/2026 12:01:48 PM,068492a8-9bbc-456b-87fb-dc52c0aec9a7,2.0,,,,,,,,,,,,,,,,,,,,,,,,,,,,,,,,,,,"(-9.8, 0.4, 5.2)","(-10.0, 1.0, 5.1)","(-10.5, 0.5, 5.1)",
PLAYER_GAZE,488975,6/27/2026 12:01:48 PM,068492a8-9bbc-456b-87fb-dc52c0aec9a7,2.0,,,,,,,,,,,,,,,,,,,,,,,,Civilian PT 14,,,,,,,,,"(4.1, 1.0, 1.5)",,,"(-14.1, 0.0, 3.6)",
PLAYER_POSITIONS,488975,6/27/2026 12:01:48 PM,068492a8-9bbc-456b-87fb-dc52c0aec9a7,2.0,,,,,,,,,,,,,,,,,,,,,,,,,,,,,,,,,,,"(-9.8, 0.4, 5.2)","(-10.0, 1.0, 5.1)","(-10.5, 0.5, 5.1)",
PLAYER_GAZE,488975,6/27/2026 12:01:48 PM,068492a8-9bbc-456b-87fb-dc52c0aec9a7,2.0,,,,,,,,,,,,,,,,,,,,,,,,Civilian PT 14,,,,,,,,,"(4.1, 1.0, 1.5)",,,"(-14.1, 0.0, 3.6)",
PLAYER_POSITIONS,489483,6/27/2026 12:01:48 PM,068492a8-9bbc-456b-87fb-dc52c0aec9a7,2.0,,,,,,,,,,,,,,,,,,,,,,,,,,,,,,,,,,,"(-9.8, 0.4, 5.2)","(-10.0, 1.0, 5.2)","(-10.5, 0.5, 5.1)",
PLAYER_POSITIONS,489483,6/27/2026 12:01:48 PM,068492a8-9bbc-456b-87fb-dc52c0aec9a7,2.0,,,,,,,,,,,,,,,,,,,,,,,,,,,,,,,,,,,"(-9.8, 0.4, 5.2)","(-10.0, 1.0, 5.2)","(-10.5, 0.5, 5.1)",
PLAYER_POSITIONS,490001,6/27/2026 12:01:49 PM,068492a8-9bbc-456b-87fb-dc52c0aec9a7,2.0,,,,,,,,,,,,,,,,,,,,,,,,,,,,,,,,,,,"(-9.8, 0.4, 5.2)","(-10.0, 1.0, 5.2)","(-10.5, 0.5, 5.1)",
PLAYER_POSITIONS,490001,6/27/2026 12:01:49 PM,068492a8-9bbc-456b-87fb-dc52c0aec9a7,2.0,,,,,,,,,,,,,,,,,,,,,,,,,,,,,,,,,,,"(-9.8, 0.4, 5.2)","(-10.0, 1.0, 5.2)","(-10.5, 0.5, 5.1)",
PLAYER_POSITIONS,490523,6/27/2026 12:01:49 PM,068492a8-9bbc-456b-87fb-dc52c0aec9a7,2.0,,,,,,,,,,,,,,,,,,,,,,,,,,,,,,,,,,,"(-9.8, 0.4, 5.2)","(-10.0, 1.0, 5.2)","(-10.5, 0.5, 5.1)",
PLAYER_POSITIONS,490523,6/27/2026 12:01:49 PM,068492a8-9bbc-456b-87fb-dc52c0aec9a7,2.0,,,,,,,,,,,,,,,,,,,,,,,,,,,,,,,,,,,"(-9.8, 0.4, 5.2)","(-10.0, 1.0, 5.2)","(-10.5, 0.5, 5.1)",
TELEPORT,490800,6/27/2026 12:01:50 PM,068492a8-9bbc-456b-87fb-dc52c0aec9a7,2.0,,,,,,,,,,,,,,,,,,,,,,,,,,,,,,,,,,,,"(-10.0, 1.0, 5.2)",,,,,,,"(-14.0, 1.0, 5.5)",
PLAYER_POSITIONS,491033,6/27/2026 12:01:50 PM,068492a8-9bbc-456b-87fb-dc52c0aec9a7,2.0,,,,,,,,,,,,,,,,,,,,,,,,,,,,,,,,,,,"(-17.9, 0.4, 5.6)","(-18.1, 1.0, 5.6)","(-18.6, 0.5, 5.5)",
PLAYER_POSITIONS,491033,6/27/2026 12:01:50 PM,068492a8-9bbc-456b-87fb-dc52c0aec9a7,2.0,,,,,,,,,,,,,,,,,,,,,,,,,,,,,,,,,,,"(-17.9, 0.4, 5.6)","(-18.1, 1.0, 5.6)","(-18.6, 0.5, 5.5)",
TELEPORT,491143,6/27/2026 12:01:50 PM,068492a8-9bbc-456b-87fb-dc52c0aec9a7,2.0,,,,,,,,,,,,,,,,,,,,,,,,,,,,,,,,,,,,"(-14.0, 1.0, 5.5)",,,,,,,"(-18.1, 1.0, 5.6)",
PULSE_TAKEN,491395,6/27/2026 12:01:50 PM,068492a8-9bbc-456b-87fb-dc52c0aec9a7,2.0,,,,,,,,,,,,,,,,,,,,,,,,Military PT 6,,,,pulse_fast,
PLAYER_POSITIONS,491535,6/27/2026 12:01:50 PM,068492a8-9bbc-456b-87fb-dc52c0aec9a7,2.0,,,,,,,,,,,,,,,,,,,,,,,,,,,,,,,,,,,"(-17.8, 0.4, 5.6)","(-18.0, 1.0, 5.5)","(-18.3, 0.6, 5.3)",
PLAYER_POSITIONS,491535,6/27/2026 12:01:50 PM,068492a8-9bbc-456b-87fb-dc52c0aec9a7,2.0,,,,,,,,,,,,,,,,,,,,,,,,,,,,,,,,,,,"(-17.8, 0.4, 5.6)","(-18.0, 1.0, 5.5)","(-18.3, 0.6, 5.3)",
PULSE_TAKEN,491776,6/27/2026 12:01:51 PM,068492a8-9bbc-456b-87fb-dc52c0aec9a7,2.0,,,,,,,,,,,,,,,,,,,,,,,,Military PT 6,,,,pulse_fast,
PLAYER_POSITIONS,492040,6/27/2026 12:01:51 PM,068492a8-9bbc-456b-87fb-dc52c0aec9a7,2.0,,,,,,,,,,,,,,,,,,,,,,,,,,,,,,,,,,,"(-18.1, 0.4, 5.8)","(-18.1, 1.0, 5.9)","(-18.0, 0.5, 5.6)",
PLAYER_POSITIONS,492040,6/27/2026 12:01:51 PM,068492a8-9bbc-456b-87fb-dc52c0aec9a7,2.0,,,,,,,,,,,,,,,,,,,,,,,,,,,,,,,,,,,"(-18.1, 0.4, 5.8)","(-18.1, 1.0, 5.9)","(-18.0, 0.5, 5.6)",
PLAYER_POSITIONS,492540,6/27/2026 12:01:51 PM,068492a8-9bbc-456b-87fb-dc52c0aec9a7,2.0,,,,,,,,,,,,,,,,,,,,,,,,,,,,,,,,,,,"(-18.2, 0.5, 6.6)","(-18.1, 1.1, 6.7)","(-18.1, 0.5, 6.4)",
PLAYER_POSITIONS,492540,6/27/2026 12:01:51 PM,068492a8-9bbc-456b-87fb-dc52c0aec9a7,2.0,,,,,,,,,,,,,,,,,,,,,,,,,,,,,,,,,,,"(-18.2, 0.5, 6.6)","(-18.1, 1.1, 6.7)","(-18.1, 0.5, 6.4)",
PLAYER_POSITIONS,493043,6/27/2026 12:01:52 PM,068492a8-9bbc-456b-87fb-dc52c0aec9a7,2.0,,,,,,,,,,,,,,,,,,,,,,,,,,,,,,,,,,,"(-18.2, 0.4, 7.3)","(-18.2, 1.0, 7.4)","(-18.1, 0.5, 7.1)",
PLAYER_POSITIONS,493043,6/27/2026 12:01:52 PM,068492a8-9bbc-456b-87fb-dc52c0aec9a7,2.0,,,,,,,,,,,,,,,,,,,,,,,,,,,,,,,,,,,"(-18.2, 0.4, 7.3)","(-18.2, 1.0, 7.4)","(-18.1, 0.5, 7.1)",
PLAYER_POSITIONS,493566,6/27/2026 12:01:52 PM,068492a8-9bbc-456b-87fb-dc52c0aec9a7,2.0,,,,,,,,,,,,,,,,,,,,,,,,,,,,,,,,,,,"(-19.0, 0.4, 7.4)","(-19.0, 1.0, 7.4)","(-18.9, 0.5, 7.2)",
PLAYER_POSITIONS,493566,6/27/2026 12:01:52 PM,068492a8-9bbc-456b-87fb-dc52c0aec9a7,2.0,,,,,,,,,,,,,,,,,,,,,,,,,,,,,,,,,,,"(-19.0, 0.4, 7.4)","(-19.0, 1.0, 7.4)","(-18.9, 0.5, 7.2)",
PLAYER_POSITIONS,494087,6/27/2026 12:01:53 PM,068492a8-9bbc-456b-87fb-dc52c0aec9a7,2.0,,,,,,,,,,,,,,,,,,,,,,,,,,,,,,,,,,,"(-19.4, 0.4, 8.0)","(-19.4, 1.0, 8.0)","(-19.4, 0.5, 7.8)",
PLAYER_POSITIONS,494087,6/27/2026 12:01:53 PM,068492a8-9bbc-456b-87fb-dc52c0aec9a7,2.0,,,,,,,,,,,,,,,,,,,,,,,,,,,,,,,,,,,"(-19.4, 0.4, 8.0)","(-19.4, 1.0, 8.0)","(-19.4, 0.5, 7.8)",
PATIENT_DISENGAGED,494433,6/27/2026 12:01:53 PM,068492a8-9bbc-456b-87fb-dc52c0aec9a7,2.0,,,,24.25,,,,,,,,,,,,,,,,fast,100,Infinity,normal,Military PT 6,agony,supine,"(-18.7, 0.0, 8.2)",fast,"(0.0, 0.9, 0.0, 0.5)",normal,IMMEDIATE,still,,,,,,,,,,,,,,,,,25.19,
PATIENT_ENGAGED,494433,6/27/2026 12:01:53 PM,068492a8-9bbc-456b-87fb-dc52c0aec9a7,2.0,,,,0,,,,,,,,,,,,,,,,restricted,100,Infinity,normal,Military PT 2,agony,supine,"(-19.4, 0.0, 7.4)",faint,"(0.0, -0.7, 0.0, 0.7)",normal,EXPECTANT,still,,,,,,,,,,,,,,,,,30.05,
PLAYER_POSITIONS,494606,6/27/2026 12:01:53 PM,068492a8-9bbc-456b-87fb-dc52c0aec9a7,2.0,,,,,,,,,,,,,,,,,,,,,,,,,,,,,,,,,,,"(-19.6, 0.4, 8.2)","(-19.6, 1.0, 8.1)","(-19.5, 0.5, 8.0)",
PLAYER_POSITIONS,494606,6/27/2026 12:01:53 PM,068492a8-9bbc-456b-87fb-dc52c0aec9a7,2.0,,,,,,,,,,,,,,,,,,,,,,,,,,,,,,,,,,,"(-19.6, 0.4, 8.2)","(-19.6, 1.0, 8.1)","(-19.5, 0.5, 8.0)",
PULSE_TAKEN,494822,6/27/2026 12:01:54 PM,068492a8-9bbc-456b-87fb-dc52c0aec9a7,2.0,,,,,,,,,,,,,,,,,,,,,,,,Military PT 6,,,,pulse_fast,
DRAG_STOP,494831,6/27/2026 12:01:54 PM,068492a8-9bbc-456b-87fb-dc52c0aec9a7,2.0,,,,,"(-9.1, 0.0, 4.6)","(-18.9, 0.0, 8.4)",,,,,,,,,,,,,,,,,,Military PT 6,
DRAG_STOP,494831,6/27/2026 12:01:54 PM,068492a8-9bbc-456b-87fb-dc52c0aec9a7,2.0,,,,,"(-9.1, 0.0, 4.6)","(-18.9, 0.0, 8.4)",,,,,,,,,,,,,,,,,,Military PT 6,
PLAYER_POSITIONS,495113,6/27/2026 12:01:54 PM,068492a8-9bbc-456b-87fb-dc52c0aec9a7,2.0,,,,,,,,,,,,,,,,,,,,,,,,,,,,,,,,,,,"(-19.7, 0.4, 8.1)","(-19.7, 0.9, 8.1)","(-19.7, 0.5, 8.0)",
PLAYER_POSITIONS,495113,6/27/2026 12:01:54 PM,068492a8-9bbc-456b-87fb-dc52c0aec9a7,2.0,,,,,,,,,,,,,,,,,,,,,,,,,,,,,,,,,,,"(-19.7, 0.4, 8.1)","(-19.7, 0.9, 8.1)","(-19.7, 0.5, 8.0)",
AUDIO_END,495244,6/27/2026 12:01:54 PM,068492a8-9bbc-456b-87fb-dc52c0aec9a7,2.0,jet flyover,8.071836,
NARRATIVE_SECTION_END,495244,6/27/2026 12:01:54 PM,068492a8-9bbc-456b-87fb-dc52c0aec9a7,2.0,,,,,,,,,,,,,,,,,,Jet flyover sound,55,
NARRATIVE_SECTION_START,495274,6/27/2026 12:01:54 PM,068492a8-9bbc-456b-87fb-dc52c0aec9a7,2.0,,,,,,,,,,,,,,,,,,Distant Explosion,56,
PLAYER_POSITIONS,495623,6/27/2026 12:01:55 PM,068492a8-9bbc-456b-87fb-dc52c0aec9a7,2.0,,,,,,,,,,,,,,,,,,,,,,,,,,,,,,,,,,,"(-20.1, 0.5, 8.0)","(-20.0, 0.9, 8.0)","(-20.0, 0.4, 7.9)",
PLAYER_POSITIONS,495623,6/27/2026 12:01:55 PM,068492a8-9bbc-456b-87fb-dc52c0aec9a7,2.0,,,,,,,,,,,,,,,,,,,,,,,,,,,,,,,,,,,"(-20.1, 0.5, 8.0)","(-20.0, 0.9, 8.0)","(-20.0, 0.4, 7.9)",
PLAYER_POSITIONS,496125,6/27/2026 12:01:55 PM,068492a8-9bbc-456b-87fb-dc52c0aec9a7,2.0,,,,,,,,,,,,,,,,,,,,,,,,,,,,,,,,,,,"(-20.1, 0.4, 8.3)","(-20.0, 0.9, 8.3)","(-20.0, 0.5, 8.0)",
PLAYER_POSITIONS,496125,6/27/2026 12:01:55 PM,068492a8-9bbc-456b-87fb-dc52c0aec9a7,2.0,,,,,,,,,,,,,,,,,,,,,,,,,,,,,,,,,,,"(-20.1, 0.4, 8.3)","(-20.0, 0.9, 8.3)","(-20.0, 0.5, 8.0)",
PATIENT_DISENGAGED,496188,6/27/2026 12:01:55 PM,068492a8-9bbc-456b-87fb-dc52c0aec9a7,2.0,,,,1.76,,,,,,,,,,,,,,,,restricted,100,Infinity,normal,Military PT 2,agony,supine,"(-19.4, 0.0, 7.4)",faint,"(0.0, -0.7, 0.0, 0.7)",normal,EXPECTANT,still,,,,,,,,,,,,,,,,,31.81,
PATIENT_ENGAGED,496188,6/27/2026 12:01:55 PM,068492a8-9bbc-456b-87fb-dc52c0aec9a7,2.0,,,,0,,,,,,,,,,,,,,,,fast,100,Infinity,normal,Military PT 6,agony,supine,"(-18.9, 0.0, 8.4)",fast,"(0.0, 0.8, 0.0, 0.6)",normal,IMMEDIATE,still,,,,,,,,,,,,,,,,,25.19,
AUDIO_START,496258,6/27/2026 12:01:55 PM,068492a8-9bbc-456b-87fb-dc52c0aec9a7,2.0,distant explosion,4.675919,
PLAYER_POSITIONS,496628,6/27/2026 12:01:56 PM,068492a8-9bbc-456b-87fb-dc52c0aec9a7,2.0,,,,,,,,,,,,,,,,,,,,,,,,,,,,,,,,,,,"(-19.9, 0.4, 8.4)","(-19.8, 0.9, 8.4)","(-19.8, 0.7, 8.1)",
PLAYER_POSITIONS,496628,6/27/2026 12:01:56 PM,068492a8-9bbc-456b-87fb-dc52c0aec9a7,2.0,,,,,,,,,,,,,,,,,,,,,,,,,,,,,,,,,,,"(-19.9, 0.4, 8.4)","(-19.8, 0.9, 8.4)","(-19.8, 0.7, 8.1)",
PLAYER_POSITIONS,497149,6/27/2026 12:01:56 PM,068492a8-9bbc-456b-87fb-dc52c0aec9a7,2.0,,,,,,,,,,,,,,,,,,,,,,,,,,,,,,,,,,,"(-19.8, 0.4, 8.5)","(-19.8, 0.9, 8.4)","(-19.8, 0.5, 8.0)",
PLAYER_POSITIONS,497149,6/27/2026 12:01:56 PM,068492a8-9bbc-456b-87fb-dc52c0aec9a7,2.0,,,,,,,,,,,,,,,,,,,,,,,,,,,,,,,,,,,"(-19.8, 0.4, 8.5)","(-19.8, 0.9, 8.4)","(-19.8, 0.5, 8.0)",
BAG_CLOSED,497235,6/27/2026 12:01:56 PM,068492a8-9bbc-456b-87fb-dc52c0aec9a7,2.0,,,,,,,,,,,,,,,,,,,,,,,,,,,,,,,,,,,,"(0.0, 0.0, 0.0)",
PLAYER_POSITIONS,497651,6/27/2026 12:01:57 PM,068492a8-9bbc-456b-87fb-dc52c0aec9a7,2.0,,,,,,,,,,,,,,,,,,,,,,,,,,,,,,,,,,,"(-19.8, 0.4, 8.5)","(-19.8, 0.9, 8.4)","(-19.7, 0.6, 8.2)",
PLAYER_POSITIONS,497651,6/27/2026 12:01:57 PM,068492a8-9bbc-456b-87fb-dc52c0aec9a7,2.0,,,,,,,,,,,,,,,,,,,,,,,,,,,,,,,,,,,"(-19.8, 0.4, 8.5)","(-19.8, 0.9, 8.4)","(-19.7, 0.6, 8.2)",
PLAYER_POSITIONS,498170,6/27/2026 12:01:57 PM,068492a8-9bbc-456b-87fb-dc52c0aec9a7,2.0,,,,,,,,,,,,,,,,,,,,,,,,,,,,,,,,,,,"(-19.8, 0.4, 8.5)","(-19.8, 0.9, 8.4)","(-19.8, 0.6, 8.1)",
PLAYER_POSITIONS,498170,6/27/2026 12:01:57 PM,068492a8-9bbc-456b-87fb-dc52c0aec9a7,2.0,,,,,,,,,,,,,,,,,,,,,,,,,,,,,,,,,,,"(-19.8, 0.4, 8.5)","(-19.8, 0.9, 8.4)","(-19.8, 0.6, 8.1)",
PLAYER_POSITIONS,498683,6/27/2026 12:01:58 PM,068492a8-9bbc-456b-87fb-dc52c0aec9a7,2.0,,,,,,,,,,,,,,,,,,,,,,,,,,,,,,,,,,,"(-19.8, 0.4, 8.5)","(-19.8, 0.9, 8.4)","(-19.9, 0.5, 8.0)",
PLAYER_POSITIONS,498683,6/27/2026 12:01:58 PM,068492a8-9bbc-456b-87fb-dc52c0aec9a7,2.0,,,,,,,,,,,,,,,,,,,,,,,,,,,,,,,,,,,"(-19.8, 0.4, 8.5)","(-19.8, 0.9, 8.4)","(-19.9, 0.5, 8.0)",
PLAYER_POSITIONS,499205,6/27/2026 12:01:58 PM,068492a8-9bbc-456b-87fb-dc52c0aec9a7,2.0,,,,,,,,,,,,,,,,,,,,,,,,,,,,,,,,,,,"(-19.8, 0.4, 8.5)","(-19.8, 0.9, 8.4)","(-19.6, 0.5, 8.2)",
PLAYER_POSITIONS,499205,6/27/2026 12:01:58 PM,068492a8-9bbc-456b-87fb-dc52c0aec9a7,2.0,,,,,,,,,,,,,,,,,,,,,,,,,,,,,,,,,,,"(-19.8, 0.4, 8.5)","(-19.8, 0.9, 8.4)","(-19.6, 0.5, 8.2)",
TAG_SELECTED,499435,6/27/2026 12:01:58 PM,068492a8-9bbc-456b-87fb-dc52c0aec9a7,2.0,,,,,,,,,,,,,,,,,,,,,,,,,,,,,,,,,,,,,,,,,,yellow,
PLAYER_POSITIONS,499749,6/27/2026 12:01:59 PM,068492a8-9bbc-456b-87fb-dc52c0aec9a7,2.0,,,,,,,,,,,,,,,,,,,,,,,,,,,,,,,,,,,"(-19.8, 0.4, 8.5)","(-19.7, 0.9, 8.4)","(-19.6, 0.4, 8.3)",
PLAYER_POSITIONS,499749,6/27/2026 12:01:59 PM,068492a8-9bbc-456b-87fb-dc52c0aec9a7,2.0,,,,,,,,,,,,,,,,,,,,,,,,,,,,,,,,,,,"(-19.8, 0.4, 8.5)","(-19.7, 0.9, 8.4)","(-19.6, 0.4, 8.3)",
TAG_APPLIED,500238,6/27/2026 12:01:59 PM,068492a8-9bbc-456b-87fb-dc52c0aec9a7,2.0,,,,,,,,,,,,,,,,,,,,,,,,Military PT 6,,,,,,,,,,,,,,,,,,yellow,
PLAYER_POSITIONS,500269,6/27/2026 12:01:59 PM,068492a8-9bbc-456b-87fb-dc52c0aec9a7,2.0,,,,,,,,,,,,,,,,,,,,,,,,,,,,,,,,,,,"(-19.8, 0.4, 8.5)","(-19.7, 0.9, 8.5)","(-19.6, 0.2, 8.6)",
PLAYER_POSITIONS,500269,6/27/2026 12:01:59 PM,068492a8-9bbc-456b-87fb-dc52c0aec9a7,2.0,,,,,,,,,,,,,,,,,,,,,,,,,,,,,,,,,,,"(-19.8, 0.4, 8.5)","(-19.7, 0.9, 8.5)","(-19.6, 0.2, 8.6)",
BAG_CLOSED,500658,6/27/2026 12:02:00 PM,068492a8-9bbc-456b-87fb-dc52c0aec9a7,2.0,,,,,,,,,,,,,,,,,,,,,,,,,,,,,,,,,,,,"(0.0, 0.0, 0.0)",
PLAYER_POSITIONS,500797,6/27/2026 12:02:00 PM,068492a8-9bbc-456b-87fb-dc52c0aec9a7,2.0,,,,,,,,,,,,,,,,,,,,,,,,,,,,,,,,,,,"(-19.6, 0.4, 8.6)","(-19.5, 1.0, 8.5)","(-19.5, 0.5, 8.3)",
PLAYER_GAZE,500797,6/27/2026 12:02:00 PM,068492a8-9bbc-456b-87fb-dc52c0aec9a7,2.0,,,,,,,,,,,,,,,,,,,,,,,,Military PT 6,,,,,,,,,"(-0.6, 1.0, 0.1)",,,"(-18.9, 0.0, 8.4)",
PLAYER_POSITIONS,500797,6/27/2026 12:02:00 PM,068492a8-9bbc-456b-87fb-dc52c0aec9a7,2.0,,,,,,,,,,,,,,,,,,,,,,,,,,,,,,,,,,,"(-19.6, 0.4, 8.6)","(-19.5, 1.0, 8.5)","(-19.5, 0.5, 8.3)",
PLAYER_GAZE,500797,6/27/2026 12:02:00 PM,068492a8-9bbc-456b-87fb-dc52c0aec9a7,2.0,,,,,,,,,,,,,,,,,,,,,,,,Military PT 6,,,,,,,,,"(-0.6, 1.0, 0.1)",,,"(-18.9, 0.0, 8.4)",
AUDIO_END,500948,6/27/2026 12:02:00 PM,068492a8-9bbc-456b-87fb-dc52c0aec9a7,2.0,distant explosion,4.675919,
NARRATIVE_SECTION_END,500948,6/27/2026 12:02:00 PM,068492a8-9bbc-456b-87fb-dc52c0aec9a7,2.0,,,,,,,,,,,,,,,,,,Distant Explosion,56,
NARRATIVE_SECTION_START,500971,6/27/2026 12:02:00 PM,068492a8-9bbc-456b-87fb-dc52c0aec9a7,2.0,,,,,,,,,,,,,,,,,,Hostiles are retreating good hits,57,
PLAYER_POSITIONS,501306,6/27/2026 12:02:00 PM,068492a8-9bbc-456b-87fb-dc52c0aec9a7,2.0,,,,,,,,,,,,,,,,,,,,,,,,,,,,,,,,,,,"(-19.0, 0.4, 9.1)","(-18.9, 1.0, 9.0)","(-18.9, 0.5, 8.7)",
PLAYER_POSITIONS,501306,6/27/2026 12:02:00 PM,068492a8-9bbc-456b-87fb-dc52c0aec9a7,2.0,,,,,,,,,,,,,,,,,,,,,,,,,,,,,,,,,,,"(-19.0, 0.4, 9.1)","(-18.9, 1.0, 9.0)","(-18.9, 0.5, 8.7)",
PLAYER_POSITIONS,501817,6/27/2026 12:02:01 PM,068492a8-9bbc-456b-87fb-dc52c0aec9a7,2.0,,,,,,,,,,,,,,,,,,,,,,,,,,,,,,,,,,,"(-18.9, 0.4, 9.1)","(-18.9, 1.0, 9.0)","(-18.8, 0.5, 8.7)",
PLAYER_POSITIONS,501817,6/27/2026 12:02:01 PM,068492a8-9bbc-456b-87fb-dc52c0aec9a7,2.0,,,,,,,,,,,,,,,,,,,,,,,,,,,,,,,,,,,"(-18.9, 0.4, 9.1)","(-18.9, 1.0, 9.0)","(-18.8, 0.5, 8.7)",
PLAYER_POSITIONS,502339,6/27/2026 12:02:01 PM,068492a8-9bbc-456b-87fb-dc52c0aec9a7,2.0,,,,,,,,,,,,,,,,,,,,,,,,,,,,,,,,,,,"(-18.8, 0.4, 9.1)","(-18.8, 1.0, 8.9)","(-18.6, 0.4, 8.8)",
PLAYER_POSITIONS,502339,6/27/2026 12:02:01 PM,068492a8-9bbc-456b-87fb-dc52c0aec9a7,2.0,,,,,,,,,,,,,,,,,,,,,,,,,,,,,,,,,,,"(-18.8, 0.4, 9.1)","(-18.8, 1.0, 8.9)","(-18.6, 0.4, 8.8)",
PLAYER_POSITIONS,502843,6/27/2026 12:02:02 PM,068492a8-9bbc-456b-87fb-dc52c0aec9a7,2.0,,,,,,,,,,,,,,,,,,,,,,,,,,,,,,,,,,,"(-18.1, 0.4, 8.8)","(-18.1, 1.0, 8.7)","(-18.0, 0.5, 8.4)",
PLAYER_POSITIONS,502843,6/27/2026 12:02:02 PM,068492a8-9bbc-456b-87fb-dc52c0aec9a7,2.0,,,,,,,,,,,,,,,,,,,,,,,,,,,,,,,,,,,"(-18.1, 0.4, 8.8)","(-18.1, 1.0, 8.7)","(-18.0, 0.5, 8.4)",
PLAYER_POSITIONS,503352,6/27/2026 12:02:02 PM,068492a8-9bbc-456b-87fb-dc52c0aec9a7,2.0,,,,,,,,,,,,,,,,,,,,,,,,,,,,,,,,,,,"(-17.7, 0.4, 8.1)","(-17.8, 1.1, 8.0)","(-17.6, 0.5, 7.6)",
PLAYER_POSITIONS,503352,6/27/2026 12:02:02 PM,068492a8-9bbc-456b-87fb-dc52c0aec9a7,2.0,,,,,,,,,,,,,,,,,,,,,,,,,,,,,,,,,,,"(-17.7, 0.4, 8.1)","(-17.8, 1.1, 8.0)","(-17.6, 0.5, 7.6)",
PLAYER_POSITIONS,503866,6/27/2026 12:02:03 PM,068492a8-9bbc-456b-87fb-dc52c0aec9a7,2.0,,,,,,,,,,,,,,,,,,,,,,,,,,,,,,,,,,,"(-17.4, 0.5, 7.2)","(-17.5, 1.1, 7.1)","(-17.3, 0.5, 6.8)",
PLAYER_GAZE,503866,6/27/2026 12:02:03 PM,068492a8-9bbc-456b-87fb-dc52c0aec9a7,2.0,,,,,,,,,,,,,,,,,,,,,,,,Civilian PT 3,,,,,,,,,"(-3.2, 1.1, 5.5)",,,"(-14.3, 0.0, 1.6)",
PLAYER_POSITIONS,503866,6/27/2026 12:02:03 PM,068492a8-9bbc-456b-87fb-dc52c0aec9a7,2.0,,,,,,,,,,,,,,,,,,,,,,,,,,,,,,,,,,,"(-17.4, 0.5, 7.2)","(-17.5, 1.1, 7.1)","(-17.3, 0.5, 6.8)",
PLAYER_GAZE,503866,6/27/2026 12:02:03 PM,068492a8-9bbc-456b-87fb-dc52c0aec9a7,2.0,,,,,,,,,,,,,,,,,,,,,,,,Civilian PT 3,,,,,,,,,"(-3.2, 1.1, 5.5)",,,"(-14.3, 0.0, 1.6)",
AUDIO_START,503974,6/27/2026 12:02:03 PM,068492a8-9bbc-456b-87fb-dc52c0aec9a7,2.0,hostiles are retreating good hits,3.108572,
PATIENT_DISENGAGED,504084,6/27/2026 12:02:03 PM,068492a8-9bbc-456b-87fb-dc52c0aec9a7,2.0,,,,7.89,,,,,,,,,,,,,,,,fast,100,Infinity,normal,Military PT 6,agony,supine,"(-18.9, 0.0, 8.4)",fast,"(0.0, 0.8, 0.0, 0.6)",normal,IMMEDIATE,still,,,,,,,,,,,,,,,,,33.08,
PLAYER_POSITIONS,504370,6/27/2026 12:02:03 PM,068492a8-9bbc-456b-87fb-dc52c0aec9a7,2.0,,,,,,,,,,,,,,,,,,,,,,,,,,,,,,,,,,,"(-17.0, 0.5, 6.5)","(-17.0, 1.1, 6.3)","(-16.8, 0.5, 6.1)",
PLAYER_POSITIONS,504370,6/27/2026 12:02:03 PM,068492a8-9bbc-456b-87fb-dc52c0aec9a7,2.0,,,,,,,,,,,,,,,,,,,,,,,,,,,,,,,,,,,"(-17.0, 0.5, 6.5)","(-17.0, 1.1, 6.3)","(-16.8, 0.5, 6.1)",
TELEPORT,504572,6/27/2026 12:02:03 PM,068492a8-9bbc-456b-87fb-dc52c0aec9a7,2.0,,,,,,,,,,,,,,,,,,,,,,,,,,,,,,,,,,,,"(-17.1, 1.1, 6.5)",,,,,,,"(-16.8, 1.0, 6.0)",
PLAYER_POSITIONS,504886,6/27/2026 12:02:04 PM,068492a8-9bbc-456b-87fb-dc52c0aec9a7,2.0,,,,,,,,,,,,,,,,,,,,,,,,,,,,,,,,,,,"(-14.4, 0.3, 2.8)","(-14.4, 0.9, 2.7)","(-14.2, 0.3, 2.4)",
PLAYER_POSITIONS,504886,6/27/2026 12:02:04 PM,068492a8-9bbc-456b-87fb-dc52c0aec9a7,2.0,,,,,,,,,,,,,,,,,,,,,,,,,,,,,,,,,,,"(-14.4, 0.3, 2.8)","(-14.4, 0.9, 2.7)","(-14.2, 0.3, 2.4)",
TELEPORT,504928,6/27/2026 12:02:04 PM,068492a8-9bbc-456b-87fb-dc52c0aec9a7,2.0,,,,,,,,,,,,,,,,,,,,,,,,,,,,,,,,,,,,"(-16.7, 1.0, 5.9)",,,,,,,"(-14.3, 0.9, 2.6)",
PATIENT_ENGAGED,505169,6/27/2026 12:02:04 PM,068492a8-9bbc-456b-87fb-dc52c0aec9a7,2.0,,,,0,,,,,,,,,,,,,,,,normal,100,Infinity,normal,Civilian PT 3,upset,prone,"(-14.3, -0.1, 1.6)",normal,"(0.0, 0.0, 0.0, 1.0)",normal,DELAYED,still,,,,,,,,,,,,,,,,,12.04,
PLAYER_POSITIONS,505404,6/27/2026 12:02:04 PM,068492a8-9bbc-456b-87fb-dc52c0aec9a7,2.0,,,,,,,,,,,,,,,,,,,,,,,,,,,,,,,,,,,"(-14.0, 0.3, 2.4)","(-14.1, 0.8, 2.2)","(-14.0, 0.3, 2.0)",
PLAYER_POSITIONS,505404,6/27/2026 12:02:04 PM,068492a8-9bbc-456b-87fb-dc52c0aec9a7,2.0,,,,,,,,,,,,,,,,,,,,,,,,,,,,,,,,,,,"(-14.0, 0.3, 2.4)","(-14.1, 0.8, 2.2)","(-14.0, 0.3, 2.0)",
PLAYER_POSITIONS,505904,6/27/2026 12:02:05 PM,068492a8-9bbc-456b-87fb-dc52c0aec9a7,2.0,,,,,,,,,,,,,,,,,,,,,,,,,,,,,,,,,,,"(-13.7, 0.3, 2.1)","(-13.7, 0.8, 2.0)","(-13.7, 0.3, 1.6)",
PLAYER_POSITIONS,505904,6/27/2026 12:02:05 PM,068492a8-9bbc-456b-87fb-dc52c0aec9a7,2.0,,,,,,,,,,,,,,,,,,,,,,,,,,,,,,,,,,,"(-13.7, 0.3, 2.1)","(-13.7, 0.8, 2.0)","(-13.7, 0.3, 1.6)",
PLAYER_POSITIONS,506426,6/27/2026 12:02:05 PM,068492a8-9bbc-456b-87fb-dc52c0aec9a7,2.0,,,,,,,,,,,,,,,,,,,,,,,,,,,,,,,,,,,"(-13.6, 0.3, 2.1)","(-13.7, 0.8, 1.9)","(-13.6, 0.4, 1.6)",
PLAYER_POSITIONS,506426,6/27/2026 12:02:05 PM,068492a8-9bbc-456b-87fb-dc52c0aec9a7,2.0,,,,,,,,,,,,,,,,,,,,,,,,,,,,,,,,,,,"(-13.6, 0.3, 2.1)","(-13.7, 0.8, 1.9)","(-13.6, 0.4, 1.6)",
VOICE_CAPTURE,506781,6/27/2026 12:02:06 PM,068492a8-9bbc-456b-87fb-dc52c0aec9a7,2.0,,,,,,,,,,,,,,,,,,,,,,,,,,,,,,,,,,,,,,,,,,,,,,,,,,,NA,Can you roll over?,
PLAYER_POSITIONS,506945,6/27/2026 12:02:06 PM,068492a8-9bbc-456b-87fb-dc52c0aec9a7,2.0,,,,,,,,,,,,,,,,,,,,,,,,,,,,,,,,,,,"(-13.6, 0.3, 2.1)","(-13.6, 0.8, 1.8)","(-13.8, 0.5, 1.5)",
PLAYER_POSITIONS,506945,6/27/2026 12:02:06 PM,068492a8-9bbc-456b-87fb-dc52c0aec9a7,2.0,,,,,,,,,,,,,,,,,,,,,,,,,,,,,,,,,,,"(-13.6, 0.3, 2.1)","(-13.6, 0.8, 1.8)","(-13.8, 0.5, 1.5)",
AUDIO_END,507078,6/27/2026 12:02:06 PM,068492a8-9bbc-456b-87fb-dc52c0aec9a7,2.0,hostiles are retreating good hits,3.108572,
NARRATIVE_SECTION_END,507078,6/27/2026 12:02:06 PM,068492a8-9bbc-456b-87fb-dc52c0aec9a7,2.0,,,,,,,,,,,,,,,,,,Hostiles are retreating good hits,57,
NARRATIVE_SECTION_START,507096,6/27/2026 12:02:06 PM,068492a8-9bbc-456b-87fb-dc52c0aec9a7,2.0,,,,,,,,,,,,,,,,,,Bravo taking sustained fire,58,
VOICE_CAPTURE,507334,6/27/2026 12:02:06 PM,068492a8-9bbc-456b-87fb-dc52c0aec9a7,2.0,,,,,,,,,,,,,,,,,,,,,,,,,,,,,,,,,,,,,,,,,,,,,,,,,,,NA,Can you roll over?,
VOICE_CAPTURE,507334,6/27/2026 12:02:06 PM,068492a8-9bbc-456b-87fb-dc52c0aec9a7,2.0,,,,,,,,,,,,,,,,,,,,,,,,,,,,,,,,,,,,,,,,,,,,,,,,,,,NA,Can you roll over?,
VOICE_COMMAND,507334,6/27/2026 12:02:06 PM,068492a8-9bbc-456b-87fb-dc52c0aec9a7,2.0,,,,,,,,,,,,,,,,,,,,,,,,,,,,,,,,,,,,,,,,,,,,,,,,,,,Can you roll over?,lay down,
PLAYER_POSITIONS,507447,6/27/2026 12:02:06 PM,068492a8-9bbc-456b-87fb-dc52c0aec9a7,2.0,,,,,,,,,,,,,,,,,,,,,,,,,,,,,,,,,,,"(-13.6, 0.3, 2.1)","(-13.6, 0.8, 1.8)","(-13.9, 0.3, 1.5)",
PLAYER_POSITIONS,507447,6/27/2026 12:02:06 PM,068492a8-9bbc-456b-87fb-dc52c0aec9a7,2.0,,,,,,,,,,,,,,,,,,,,,,,,,,,,,,,,,,,"(-13.6, 0.3, 2.1)","(-13.6, 0.8, 1.8)","(-13.9, 0.3, 1.5)",
BUTTON_CLICKED,507487,6/27/2026 12:02:06 PM,068492a8-9bbc-456b-87fb-dc52c0aec9a7,2.0,,,lay down,
VOICE_CAPTURE,507487,6/27/2026 12:02:06 PM,068492a8-9bbc-456b-87fb-dc52c0aec9a7,2.0,,,,,,,,,,,,,,,,,,,,,,,,,,,,,,,,,,,,,,,,,,,,,,,,,,,NA,lay down,
VOICE_COMMAND,507487,6/27/2026 12:02:06 PM,068492a8-9bbc-456b-87fb-dc52c0aec9a7,2.0,,,,,,,,,,,,,,,,,,,,,,,,Civilian PT 3,,,,,,,,,,,,,,,,,,,,,,,,,,,lay down,lay down,
VOICE_CAPTURE,507801,6/27/2026 12:02:07 PM,068492a8-9bbc-456b-87fb-dc52c0aec9a7,2.0,,,,,,,,,,,,,,,,,,,,,,,,,,,,,,,,,,,,,,,,,,,,,,,,,,,NA,Can you roll over?,
PLAYER_POSITIONS,507966,6/27/2026 12:02:07 PM,068492a8-9bbc-456b-87fb-dc52c0aec9a7,2.0,,,,,,,,,,,,,,,,,,,,,,,,,,,,,,,,,,,"(-13.6, 0.3, 2.1)","(-13.7, 0.8, 1.9)","(-14.0, 0.5, 1.4)",
PLAYER_POSITIONS,507966,6/27/2026 12:02:07 PM,068492a8-9bbc-456b-87fb-dc52c0aec9a7,2.0,,,,,,,,,,,,,,,,,,,,,,,,,,,,,,,,,,,"(-13.6, 0.3, 2.1)","(-13.7, 0.8, 1.9)","(-14.0, 0.5, 1.4)",
TOOL_HOVER,508029,6/27/2026 12:02:07 PM,068492a8-9bbc-456b-87fb-dc52c0aec9a7,2.0,,,,,,,,,,,,,,,,,,,,,,,,,,,,,,,,,,,,,,,,,,,,,,998,,Israeli Wrap,
TOOL_HOVER,508118,6/27/2026 12:02:07 PM,068492a8-9bbc-456b-87fb-dc52c0aec9a7,2.0,,,,,,,,,,,,,,,,,,,,,,,,,,,,,,,,,,,,,,,,,,,,,,999,,Blanket,
TOOL_HOVER,508231,6/27/2026 12:02:07 PM,068492a8-9bbc-456b-87fb-dc52c0aec9a7,2.0,,,,,,,,,,,,,,,,,,,,,,,,,,,,,,,,,,,,,,,,,,,,,,991,,Burn Dressing,
TOOL_SELECTED,508232,6/27/2026 12:02:07 PM,068492a8-9bbc-456b-87fb-dc52c0aec9a7,2.0,,,,,,,,,,,,,,,,,,,,,,,,,,,,,,,,,,,,,,,,,,,,,,990,,Burn Dressing,
VOICE_CAPTURE,508278,6/27/2026 12:02:07 PM,068492a8-9bbc-456b-87fb-dc52c0aec9a7,2.0,,,,,,,,,,,,,,,,,,,,,,,,,,,,,,,,,,,,,,,,,,,,,,,,,,,NA,Can you roll over?,
PLAYER_POSITIONS,508482,6/27/2026 12:02:07 PM,068492a8-9bbc-456b-87fb-dc52c0aec9a7,2.0,,,,,,,,,,,,,,,,,,,,,,,,,,,,,,,,,,,"(-13.6, 0.3, 2.1)","(-13.7, 0.8, 1.9)","(-13.8, 0.4, 1.4)",
PLAYER_POSITIONS,508482,6/27/2026 12:02:07 PM,068492a8-9bbc-456b-87fb-dc52c0aec9a7,2.0,,,,,,,,,,,,,,,,,,,,,,,,,,,,,,,,,,,"(-13.6, 0.3, 2.1)","(-13.7, 0.8, 1.9)","(-13.8, 0.4, 1.4)",
BAG_CLOSED,508610,6/27/2026 12:02:07 PM,068492a8-9bbc-456b-87fb-dc52c0aec9a7,2.0,,,,,,,,,,,,,,,,,,,,,,,,,,,,,,,,,,,,"(0.0, 0.0, 0.0)",
PLAYER_POSITIONS,509002,6/27/2026 12:02:08 PM,068492a8-9bbc-456b-87fb-dc52c0aec9a7,2.0,,,,,,,,,,,,,,,,,,,,,,,,,,,,,,,,,,,"(-13.4, 0.3, 2.1)","(-13.4, 0.8, 1.9)","(-13.4, 0.3, 1.5)",
PLAYER_POSITIONS,509002,6/27/2026 12:02:08 PM,068492a8-9bbc-456b-87fb-dc52c0aec9a7,2.0,,,,,,,,,,,,,,,,,,,,,,,,,,,,,,,,,,,"(-13.4, 0.3, 2.1)","(-13.4, 0.8, 1.9)","(-13.4, 0.3, 1.5)",
PLAYER_POSITIONS,509523,6/27/2026 12:02:08 PM,068492a8-9bbc-456b-87fb-dc52c0aec9a7,2.0,,,,,,,,,,,,,,,,,,,,,,,,,,,,,,,,,,,"(-13.2, 0.3, 1.9)","(-13.3, 0.8, 1.6)","(-13.5, 0.2, 1.2)",
PLAYER_POSITIONS,509523,6/27/2026 12:02:08 PM,068492a8-9bbc-456b-87fb-dc52c0aec9a7,2.0,,,,,,,,,,,,,,,,,,,,,,,,,,,,,,,,,,,"(-13.2, 0.3, 1.9)","(-13.3, 0.8, 1.6)","(-13.5, 0.2, 1.2)",
PLAYER_POSITIONS,510039,6/27/2026 12:02:09 PM,068492a8-9bbc-456b-87fb-dc52c0aec9a7,2.0,,,,,,,,,,,,,,,,,,,,,,,,,,,,,,,,,,,"(-13.5, 0.3, 1.8)","(-13.6, 0.7, 1.5)","(-14.0, 0.1, 1.1)",
PLAYER_POSITIONS,510039,6/27/2026 12:02:09 PM,068492a8-9bbc-456b-87fb-dc52c0aec9a7,2.0,,,,,,,,,,,,,,,,,,,,,,,,,,,,,,,,,,,"(-13.5, 0.3, 1.8)","(-13.6, 0.7, 1.5)","(-14.0, 0.1, 1.1)",
AUDIO_START,510089,6/27/2026 12:02:09 PM,068492a8-9bbc-456b-87fb-dc52c0aec9a7,2.0,bravo taking sustained fire from fortified positions,4.623673,
PLAYER_POSITIONS,510549,6/27/2026 12:02:09 PM,068492a8-9bbc-456b-87fb-dc52c0aec9a7,2.0,,,,,,,,,,,,,,,,,,,,,,,,,,,,,,,,,,,"(-13.6, 0.3, 1.9)","(-13.7, 0.8, 1.6)","(-14.0, 0.3, 1.2)",
PLAYER_POSITIONS,510549,6/27/2026 12:02:09 PM,068492a8-9bbc-456b-87fb-dc52c0aec9a7,2.0,,,,,,,,,,,,,,,,,,,,,,,,,,,,,,,,,,,"(-13.6, 0.3, 1.9)","(-13.7, 0.8, 1.6)","(-14.0, 0.3, 1.2)",
PLAYER_POSITIONS,511051,6/27/2026 12:02:10 PM,068492a8-9bbc-456b-87fb-dc52c0aec9a7,2.0,,,,,,,,,,,,,,,,,,,,,,,,,,,,,,,,,,,"(-13.6, 0.3, 1.9)","(-13.7, 0.8, 1.6)","(-14.0, 0.5, 1.3)",
PLAYER_POSITIONS,511051,6/27/2026 12:02:10 PM,068492a8-9bbc-456b-87fb-dc52c0aec9a7,2.0,,,,,,,,,,,,,,,,,,,,,,,,,,,,,,,,,,,"(-13.6, 0.3, 1.9)","(-13.7, 0.8, 1.6)","(-14.0, 0.5, 1.3)",
PLAYER_POSITIONS,511572,6/27/2026 12:02:10 PM,068492a8-9bbc-456b-87fb-dc52c0aec9a7,2.0,,,,,,,,,,,,,,,,,,,,,,,,,,,,,,,,,,,"(-13.6, 0.3, 1.9)","(-13.7, 0.8, 1.6)","(-14.2, 0.4, 1.3)",
PLAYER_POSITIONS,511572,6/27/2026 12:02:10 PM,068492a8-9bbc-456b-87fb-dc52c0aec9a7,2.0,,,,,,,,,,,,,,,,,,,,,,,,,,,,,,,,,,,"(-13.6, 0.3, 1.9)","(-13.7, 0.8, 1.6)","(-14.2, 0.4, 1.3)",
TOOL_HOVER,512026,6/27/2026 12:02:11 PM,068492a8-9bbc-456b-87fb-dc52c0aec9a7,2.0,,,,,,,,,,,,,,,,,,,,,,,,,,,,,,,,,,,,,,,,,,,,,,990,,Burn Dressing,
PLAYER_POSITIONS,512072,6/27/2026 12:02:11 PM,068492a8-9bbc-456b-87fb-dc52c0aec9a7,2.0,,,,,,,,,,,,,,,,,,,,,,,,,,,,,,,,,,,"(-13.6, 0.3, 1.9)","(-13.8, 0.8, 1.6)","(-14.3, 0.7, 1.2)",
PLAYER_POSITIONS,512072,6/27/2026 12:02:11 PM,068492a8-9bbc-456b-87fb-dc52c0aec9a7,2.0,,,,,,,,,,,,,,,,,,,,,,,,,,,,,,,,,,,"(-13.6, 0.3, 1.9)","(-13.8, 0.8, 1.6)","(-14.3, 0.7, 1.2)",
TOOL_SELECTED,512138,6/27/2026 12:02:11 PM,068492a8-9bbc-456b-87fb-dc52c0aec9a7,2.0,,,,,,,,,,,,,,,,,,,,,,,,,,,,,,,,,,,,,,,,,,,,,,989,,Burn Dressing,
PLAYER_POSITIONS,512573,6/27/2026 12:02:11 PM,068492a8-9bbc-456b-87fb-dc52c0aec9a7,2.0,,,,,,,,,,,,,,,,,,,,,,,,,,,,,,,,,,,"(-13.6, 0.3, 1.9)","(-13.8, 0.8, 1.6)","(-13.8, 0.2, 1.2)",
PLAYER_POSITIONS,512573,6/27/2026 12:02:11 PM,068492a8-9bbc-456b-87fb-dc52c0aec9a7,2.0,,,,,,,,,,,,,,,,,,,,,,,,,,,,,,,,,,,"(-13.6, 0.3, 1.9)","(-13.8, 0.8, 1.6)","(-13.8, 0.2, 1.2)",
TOOL_DISCARDED,512849,6/27/2026 12:02:12 PM,068492a8-9bbc-456b-87fb-dc52c0aec9a7,2.0,,,,,,,,,,,,,,,,,,,,,,,,Civilian PT 3,,,,,,,,,,,,"(0.0, 0.0, 0.0)",,,,,,,,,,989,,Burn Dressing,
PLAYER_POSITIONS,513078,6/27/2026 12:02:12 PM,068492a8-9bbc-456b-87fb-dc52c0aec9a7,2.0,,,,,,,,,,,,,,,,,,,,,,,,,,,,,,,,,,,"(-13.6, 0.3, 1.9)","(-13.7, 0.8, 1.6)","(-13.8, 0.1, 1.3)",
PLAYER_POSITIONS,513078,6/27/2026 12:02:12 PM,068492a8-9bbc-456b-87fb-dc52c0aec9a7,2.0,,,,,,,,,,,,,,,,,,,,,,,,,,,,,,,,,,,"(-13.6, 0.3, 1.9)","(-13.7, 0.8, 1.6)","(-13.8, 0.1, 1.3)",
BAG_CLOSED,513351,6/27/2026 12:02:12 PM,068492a8-9bbc-456b-87fb-dc52c0aec9a7,2.0,,,,,,,,,,,,,,,,,,,,,,,,,,,,,,,,,,,,"(0.0, 0.0, 0.0)",
PLAYER_POSITIONS,513599,6/27/2026 12:02:12 PM,068492a8-9bbc-456b-87fb-dc52c0aec9a7,2.0,,,,,,,,,,,,,,,,,,,,,,,,,,,,,,,,,,,"(-13.7, 0.3, 1.6)","(-13.9, 0.8, 1.5)","(-14.3, 0.7, 1.0)",
PLAYER_POSITIONS,513599,6/27/2026 12:02:12 PM,068492a8-9bbc-456b-87fb-dc52c0aec9a7,2.0,,,,,,,,,,,,,,,,,,,,,,,,,,,,,,,,,,,"(-13.7, 0.3, 1.6)","(-13.9, 0.8, 1.5)","(-14.3, 0.7, 1.0)",
PLAYER_POSITIONS,514109,6/27/2026 12:02:13 PM,068492a8-9bbc-456b-87fb-dc52c0aec9a7,2.0,,,,,,,,,,,,,,,,,,,,,,,,,,,,,,,,,,,"(-13.9, 0.3, 1.5)","(-14.0, 0.8, 1.4)","(-14.3, 0.6, 1.3)",
PLAYER_POSITIONS,514109,6/27/2026 12:02:13 PM,068492a8-9bbc-456b-87fb-dc52c0aec9a7,2.0,,,,,,,,,,,,,,,,,,,,,,,,,,,,,,,,,,,"(-13.9, 0.3, 1.5)","(-14.0, 0.8, 1.4)","(-14.3, 0.6, 1.3)",
PLAYER_POSITIONS,514621,6/27/2026 12:02:13 PM,068492a8-9bbc-456b-87fb-dc52c0aec9a7,2.0,,,,,,,,,,,,,,,,,,,,,,,,,,,,,,,,,,,"(-13.9, 0.5, 1.4)","(-13.9, 1.1, 1.5)","(-14.3, 0.5, 1.3)",
PLAYER_POSITIONS,514621,6/27/2026 12:02:13 PM,068492a8-9bbc-456b-87fb-dc52c0aec9a7,2.0,,,,,,,,,,,,,,,,,,,,,,,,,,,,,,,,,,,"(-13.9, 0.5, 1.4)","(-13.9, 1.1, 1.5)","(-14.3, 0.5, 1.3)",
AUDIO_END,514731,6/27/2026 12:02:14 PM,068492a8-9bbc-456b-87fb-dc52c0aec9a7,2.0,bravo taking sustained fire from fortified positions,4.623673,
NARRATIVE_SECTION_END,514731,6/27/2026 12:02:14 PM,068492a8-9bbc-456b-87fb-dc52c0aec9a7,2.0,,,,,,,,,,,,,,,,,,Bravo taking sustained fire,58,
NARRATIVE_SECTION_START,514759,6/27/2026 12:02:14 PM,068492a8-9bbc-456b-87fb-dc52c0aec9a7,2.0,,,,,,,,,,,,,,,,,,Bravo needs heavy artillery,59,
PLAYER_POSITIONS,515133,6/27/2026 12:02:14 PM,068492a8-9bbc-456b-87fb-dc52c0aec9a7,2.0,,,,,,,,,,,,,,,,,,,,,,,,,,,,,,,,,,,"(-13.8, 0.5, 1.4)","(-13.9, 1.0, 1.4)","(-14.3, 0.7, 1.0)",
PLAYER_POSITIONS,515133,6/27/2026 12:02:14 PM,068492a8-9bbc-456b-87fb-dc52c0aec9a7,2.0,,,,,,,,,,,,,,,,,,,,,,,,,,,,,,,,,,,"(-13.8, 0.5, 1.4)","(-13.9, 1.0, 1.4)","(-14.3, 0.7, 1.0)",
TOOL_HOVER,515239,6/27/2026 12:02:14 PM,068492a8-9bbc-456b-87fb-dc52c0aec9a7,2.0,,,,,,,,,,,,,,,,,,,,,,,,,,,,,,,,,,,,,,,,,,,,,,999,,Blanket,
TOOL_SELECTED,515241,6/27/2026 12:02:14 PM,068492a8-9bbc-456b-87fb-dc52c0aec9a7,2.0,,,,,,,,,,,,,,,,,,,,,,,,,,,,,,,,,,,,,,,,,,,,,,998,,Blanket,
PLAYER_POSITIONS,515644,6/27/2026 12:02:15 PM,068492a8-9bbc-456b-87fb-dc52c0aec9a7,2.0,,,,,,,,,,,,,,,,,,,,,,,,,,,,,,,,,,,"(-13.8, 0.4, 1.4)","(-13.9, 1.0, 1.3)","(-14.0, 0.4, 1.0)",
PLAYER_POSITIONS,515644,6/27/2026 12:02:15 PM,068492a8-9bbc-456b-87fb-dc52c0aec9a7,2.0,,,,,,,,,,,,,,,,,,,,,,,,,,,,,,,,,,,"(-13.8, 0.4, 1.4)","(-13.9, 1.0, 1.3)","(-14.0, 0.4, 1.0)",
TOOL_DISCARDED,516153,6/27/2026 12:02:15 PM,068492a8-9bbc-456b-87fb-dc52c0aec9a7,2.0,,,,,,,,,,,,,,,,,,,,,,,,Civilian PT 3,,,,,,,,,,,,"(0.0, 0.0, 0.0)",,,,,,,,,,998,,Blanket,
PLAYER_POSITIONS,516160,6/27/2026 12:02:15 PM,068492a8-9bbc-456b-87fb-dc52c0aec9a7,2.0,,,,,,,,,,,,,,,,,,,,,,,,,,,,,,,,,,,"(-13.8, 0.4, 1.5)","(-13.9, 1.0, 1.4)","(-14.3, 0.6, 1.1)",
PLAYER_POSITIONS,516160,6/27/2026 12:02:15 PM,068492a8-9bbc-456b-87fb-dc52c0aec9a7,2.0,,,,,,,,,,,,,,,,,,,,,,,,,,,,,,,,,,,"(-13.8, 0.4, 1.5)","(-13.9, 1.0, 1.4)","(-14.3, 0.6, 1.1)",
TOOL_HOVER,516429,6/27/2026 12:02:15 PM,068492a8-9bbc-456b-87fb-dc52c0aec9a7,2.0,,,,,,,,,,,,,,,,,,,,,,,,,,,,,,,,,,,,,,,,,,,,,,990,,Burn Dressing,
TOOL_SELECTED,516519,6/27/2026 12:02:15 PM,068492a8-9bbc-456b-87fb-dc52c0aec9a7,2.0,,,,,,,,,,,,,,,,,,,,,,,,,,,,,,,,,,,,,,,,,,,,,,989,,Burn Dressing,
PLAYER_POSITIONS,516677,6/27/2026 12:02:16 PM,068492a8-9bbc-456b-87fb-dc52c0aec9a7,2.0,,,,,,,,,,,,,,,,,,,,,,,,,,,,,,,,,,,"(-13.7, 0.4, 1.5)","(-13.9, 1.0, 1.3)","(-14.3, 0.6, 0.9)",
PLAYER_POSITIONS,516677,6/27/2026 12:02:16 PM,068492a8-9bbc-456b-87fb-dc52c0aec9a7,2.0,,,,,,,,,,,,,,,,,,,,,,,,,,,,,,,,,,,"(-13.7, 0.4, 1.5)","(-13.9, 1.0, 1.3)","(-14.3, 0.6, 0.9)",
PLAYER_POSITIONS,517197,6/27/2026 12:02:16 PM,068492a8-9bbc-456b-87fb-dc52c0aec9a7,2.0,,,,,,,,,,,,,,,,,,,,,,,,,,,,,,,,,,,"(-13.7, 0.4, 1.5)","(-13.8, 0.8, 1.3)","(-13.8, 0.1, 1.2)",
PLAYER_POSITIONS,517197,6/27/2026 12:02:16 PM,068492a8-9bbc-456b-87fb-dc52c0aec9a7,2.0,,,,,,,,,,,,,,,,,,,,,,,,,,,,,,,,,,,"(-13.7, 0.4, 1.5)","(-13.8, 0.8, 1.3)","(-13.8, 0.1, 1.2)",
TOOL_DISCARDED,517259,6/27/2026 12:02:16 PM,068492a8-9bbc-456b-87fb-dc52c0aec9a7,2.0,,,,,,,,,,,,,,,,,,,,,,,,Civilian PT 3,,,,,,,,,,,,"(0.0, 0.0, 0.0)",,,,,,,,,,989,,Burn Dressing,
PULSE_TAKEN,517260,6/27/2026 12:02:16 PM,068492a8-9bbc-456b-87fb-dc52c0aec9a7,2.0,,,,,,,,,,,,,,,,,,,,,,,,Civilian PT 3,,,,pulse_normal,
PLAYER_POSITIONS,517729,6/27/2026 12:02:17 PM,068492a8-9bbc-456b-87fb-dc52c0aec9a7,2.0,,,,,,,,,,,,,,,,,,,,,,,,,,,,,,,,,,,"(-13.8, 0.5, 1.4)","(-13.8, 0.9, 1.3)","(-14.0, 0.3, 1.1)",
PLAYER_POSITIONS,517729,6/27/2026 12:02:17 PM,068492a8-9bbc-456b-87fb-dc52c0aec9a7,2.0,,,,,,,,,,,,,,,,,,,,,,,,,,,,,,,,,,,"(-13.8, 0.5, 1.4)","(-13.8, 0.9, 1.3)","(-14.0, 0.3, 1.1)",
AUDIO_START,517771,6/27/2026 12:02:17 PM,068492a8-9bbc-456b-87fb-dc52c0aec9a7,2.0,bravo needs heavy artillery,5.067755,
TOOL_HOVER,517828,6/27/2026 12:02:17 PM,068492a8-9bbc-456b-87fb-dc52c0aec9a7,2.0,,,,,,,,,,,,,,,,,,,,,,,,,,,,,,,,,,,,,,,,,,,,,,996,,Gauze Wrap,
TOOL_HOVER,518019,6/27/2026 12:02:17 PM,068492a8-9bbc-456b-87fb-dc52c0aec9a7,2.0,,,,,,,,,,,,,,,,,,,,,,,,,,,,,,,,,,,,,,,,,,,,,,997,,Chest Seal,
TOOL_HOVER,518127,6/27/2026 12:02:17 PM,068492a8-9bbc-456b-87fb-dc52c0aec9a7,2.0,,,,,,,,,,,,,,,,,,,,,,,,,,,,,,,,,,,,,,,,,,,,,,990,,Burn Dressing,
TOOL_SELECTED,518173,6/27/2026 12:02:17 PM,068492a8-9bbc-456b-87fb-dc52c0aec9a7,2.0,,,,,,,,,,,,,,,,,,,,,,,,,,,,,,,,,,,,,,,,,,,,,,989,,Burn Dressing,
PLAYER_POSITIONS,518242,6/27/2026 12:02:17 PM,068492a8-9bbc-456b-87fb-dc52c0aec9a7,2.0,,,,,,,,,,,,,,,,,,,,,,,,,,,,,,,,,,,"(-13.8, 0.5, 1.4)","(-13.9, 1.0, 1.3)","(-14.4, 0.7, 0.9)",
PLAYER_POSITIONS,518242,6/27/2026 12:02:17 PM,068492a8-9bbc-456b-87fb-dc52c0aec9a7,2.0,,,,,,,,,,,,,,,,,,,,,,,,,,,,,,,,,,,"(-13.8, 0.5, 1.4)","(-13.9, 1.0, 1.3)","(-14.4, 0.7, 0.9)",
PLAYER_POSITIONS,518742,6/27/2026 12:02:18 PM,068492a8-9bbc-456b-87fb-dc52c0aec9a7,2.0,,,,,,,,,,,,,,,,,,,,,,,,,,,,,,,,,,,"(-13.8, 0.4, 1.5)","(-13.8, 0.8, 1.3)","(-13.8, 0.1, 1.1)",
PLAYER_POSITIONS,518742,6/27/2026 12:02:18 PM,068492a8-9bbc-456b-87fb-dc52c0aec9a7,2.0,,,,,,,,,,,,,,,,,,,,,,,,,,,,,,,,,,,"(-13.8, 0.4, 1.5)","(-13.8, 0.8, 1.3)","(-13.8, 0.1, 1.1)",
INJURY_TREATED,519279,6/27/2026 12:02:18 PM,068492a8-9bbc-456b-87fb-dc52c0aec9a7,2.0,,,,,,,,,rightForearm,R Forearm Burn,"(-13.8, 0.0, 1.2)",burnDressing,1,1,medium,True,True,,,,,,,Civilian PT 3,
TOOL_APPLIED,519279,6/27/2026 12:02:18 PM,068492a8-9bbc-456b-87fb-dc52c0aec9a7,2.0,,,,,,,,,,,,,,,,,,,,,,,,Civilian PT 3,,,,,,,,,,,,,,,,,,,,AppliedBurnDressing,skinCollider_BodyNudeLOD (UnityEngine.GameObject),,Burn Dressing(Clone) (UnityEngine.GameObject),Burn Dressing,
PLAYER_POSITIONS,519283,6/27/2026 12:02:18 PM,068492a8-9bbc-456b-87fb-dc52c0aec9a7,2.0,,,,,,,,,,,,,,,,,,,,,,,,,,,,,,,,,,,"(-13.7, 0.4, 1.6)","(-13.8, 0.7, 1.2)","(-13.8, 0.0, 1.2)",
PLAYER_POSITIONS,519283,6/27/2026 12:02:18 PM,068492a8-9bbc-456b-87fb-dc52c0aec9a7,2.0,,,,,,,,,,,,,,,,,,,,,,,,,,,,,,,,,,,"(-13.7, 0.4, 1.6)","(-13.8, 0.7, 1.2)","(-13.8, 0.0, 1.2)",
PLAYER_POSITIONS,519787,6/27/2026 12:02:19 PM,068492a8-9bbc-456b-87fb-dc52c0aec9a7,2.0,,,,,,,,,,,,,,,,,,,,,,,,,,,,,,,,,,,"(-13.8, 0.5, 1.5)","(-13.8, 0.9, 1.4)","(-13.9, 0.2, 1.2)",
PLAYER_POSITIONS,519787,6/27/2026 12:02:19 PM,068492a8-9bbc-456b-87fb-dc52c0aec9a7,2.0,,,,,,,,,,,,,,,,,,,,,,,,,,,,,,,,,,,"(-13.8, 0.5, 1.5)","(-13.8, 0.9, 1.4)","(-13.9, 0.2, 1.2)",
PLAYER_POSITIONS,520299,6/27/2026 12:02:19 PM,068492a8-9bbc-456b-87fb-dc52c0aec9a7,2.0,,,,,,,,,,,,,,,,,,,,,,,,,,,,,,,,,,,"(-13.9, 0.5, 1.4)","(-13.9, 1.0, 1.4)","(-14.2, 0.7, 1.3)",
PLAYER_POSITIONS,520299,6/27/2026 12:02:19 PM,068492a8-9bbc-456b-87fb-dc52c0aec9a7,2.0,,,,,,,,,,,,,,,,,,,,,,,,,,,,,,,,,,,"(-13.9, 0.5, 1.4)","(-13.9, 1.0, 1.4)","(-14.2, 0.7, 1.3)",
BAG_CLOSED,520341,6/27/2026 12:02:19 PM,068492a8-9bbc-456b-87fb-dc52c0aec9a7,2.0,,,,,,,,,,,,,,,,,,,,,,,,,,,,,,,,,,,,"(0.0, 0.0, 0.0)",
PLAYER_POSITIONS,520832,6/27/2026 12:02:20 PM,068492a8-9bbc-456b-87fb-dc52c0aec9a7,2.0,,,,,,,,,,,,,,,,,,,,,,,,,,,,,,,,,,,"(-14.1, 0.5, 1.6)","(-14.1, 1.0, 1.7)","(-14.5, 0.6, 1.8)",
PLAYER_POSITIONS,520832,6/27/2026 12:02:20 PM,068492a8-9bbc-456b-87fb-dc52c0aec9a7,2.0,,,,,,,,,,,,,,,,,,,,,,,,,,,,,,,,,,,"(-14.1, 0.5, 1.6)","(-14.1, 1.0, 1.7)","(-14.5, 0.6, 1.8)",
PLAYER_POSITIONS,521333,6/27/2026 12:02:20 PM,068492a8-9bbc-456b-87fb-dc52c0aec9a7,2.0,,,,,,,,,,,,,,,,,,,,,,,,,,,,,,,,,,,"(-14.1, 0.5, 1.6)","(-14.1, 1.0, 1.7)","(-14.5, 0.7, 1.8)",
PLAYER_POSITIONS,521333,6/27/2026 12:02:20 PM,068492a8-9bbc-456b-87fb-dc52c0aec9a7,2.0,,,,,,,,,,,,,,,,,,,,,,,,,,,,,,,,,,,"(-14.1, 0.5, 1.6)","(-14.1, 1.0, 1.7)","(-14.5, 0.7, 1.8)",
PLAYER_POSITIONS,521845,6/27/2026 12:02:21 PM,068492a8-9bbc-456b-87fb-dc52c0aec9a7,2.0,,,,,,,,,,,,,,,,,,,,,,,,,,,,,,,,,,,"(-14.0, 0.5, 1.6)","(-14.0, 1.0, 1.6)","(-14.3, 0.7, 1.6)",
PLAYER_POSITIONS,521845,6/27/2026 12:02:21 PM,068492a8-9bbc-456b-87fb-dc52c0aec9a7,2.0,,,,,,,,,,,,,,,,,,,,,,,,,,,,,,,,,,,"(-14.0, 0.5, 1.6)","(-14.0, 1.0, 1.6)","(-14.3, 0.7, 1.6)",
PLAYER_POSITIONS,522357,6/27/2026 12:02:21 PM,068492a8-9bbc-456b-87fb-dc52c0aec9a7,2.0,,,,,,,,,,,,,,,,,,,,,,,,,,,,,,,,,,,"(-13.8, 0.5, 1.3)","(-13.8, 1.0, 1.4)","(-14.2, 0.6, 1.2)",
PLAYER_POSITIONS,522357,6/27/2026 12:02:21 PM,068492a8-9bbc-456b-87fb-dc52c0aec9a7,2.0,,,,,,,,,,,,,,,,,,,,,,,,,,,,,,,,,,,"(-13.8, 0.5, 1.3)","(-13.8, 1.0, 1.4)","(-14.2, 0.6, 1.2)",
AUDIO_END,522851,6/27/2026 12:02:22 PM,068492a8-9bbc-456b-87fb-dc52c0aec9a7,2.0,bravo needs heavy artillery,5.067755,
NARRATIVE_SECTION_END,522851,6/27/2026 12:02:22 PM,068492a8-9bbc-456b-87fb-dc52c0aec9a7,2.0,,,,,,,,,,,,,,,,,,Bravo needs heavy artillery,59,
PLAYER_POSITIONS,522874,6/27/2026 12:02:22 PM,068492a8-9bbc-456b-87fb-dc52c0aec9a7,2.0,,,,,,,,,,,,,,,,,,,,,,,,,,,,,,,,,,,"(-13.8, 0.5, 1.3)","(-13.9, 1.0, 1.4)","(-14.1, 0.6, 1.2)",
PLAYER_POSITIONS,522874,6/27/2026 12:02:22 PM,068492a8-9bbc-456b-87fb-dc52c0aec9a7,2.0,,,,,,,,,,,,,,,,,,,,,,,,,,,,,,,,,,,"(-13.8, 0.5, 1.3)","(-13.9, 1.0, 1.4)","(-14.1, 0.6, 1.2)",
NARRATIVE_SECTION_START,522891,6/27/2026 12:02:22 PM,068492a8-9bbc-456b-87fb-dc52c0aec9a7,2.0,,,,,,,,,,,,,,,,,,Copy bravo artillery in 5,60,
PLAYER_POSITIONS,523385,6/27/2026 12:02:22 PM,068492a8-9bbc-456b-87fb-dc52c0aec9a7,2.0,,,,,,,,,,,,,,,,,,,,,,,,,,,,,,,,,,,"(-13.8, 0.5, 1.3)","(-13.8, 1.0, 1.3)","(-14.0, 0.6, 1.2)",
PLAYER_POSITIONS,523385,6/27/2026 12:02:22 PM,068492a8-9bbc-456b-87fb-dc52c0aec9a7,2.0,,,,,,,,,,,,,,,,,,,,,,,,,,,,,,,,,,,"(-13.8, 0.5, 1.3)","(-13.8, 1.0, 1.3)","(-14.0, 0.6, 1.2)",
TAG_SELECTED,523539,6/27/2026 12:02:22 PM,068492a8-9bbc-456b-87fb-dc52c0aec9a7,2.0,,,,,,,,,,,,,,,,,,,,,,,,,,,,,,,,,,,,,,,,,,red,
PLAYER_POSITIONS,523897,6/27/2026 12:02:23 PM,068492a8-9bbc-456b-87fb-dc52c0aec9a7,2.0,,,,,,,,,,,,,,,,,,,,,,,,,,,,,,,,,,,"(-13.7, 0.5, 1.3)","(-13.8, 1.0, 1.3)","(-14.0, 0.5, 1.1)",
PLAYER_POSITIONS,523897,6/27/2026 12:02:23 PM,068492a8-9bbc-456b-87fb-dc52c0aec9a7,2.0,,,,,,,,,,,,,,,,,,,,,,,,,,,,,,,,,,,"(-13.7, 0.5, 1.3)","(-13.8, 1.0, 1.3)","(-14.0, 0.5, 1.1)",
PLAYER_POSITIONS,524403,6/27/2026 12:02:23 PM,068492a8-9bbc-456b-87fb-dc52c0aec9a7,2.0,,,,,,,,,,,,,,,,,,,,,,,,,,,,,,,,,,,"(-13.7, 0.4, 1.4)","(-13.8, 0.8, 1.2)","(-13.8, 0.1, 1.2)",
PLAYER_POSITIONS,524403,6/27/2026 12:02:23 PM,068492a8-9bbc-456b-87fb-dc52c0aec9a7,2.0,,,,,,,,,,,,,,,,,,,,,,,,,,,,,,,,,,,"(-13.7, 0.4, 1.4)","(-13.8, 0.8, 1.2)","(-13.8, 0.1, 1.2)",
TAG_APPLIED,524517,6/27/2026 12:02:23 PM,068492a8-9bbc-456b-87fb-dc52c0aec9a7,2.0,,,,,,,,,,,,,,,,,,,,,,,,Civilian PT 3,,,,,,,,,,,,,,,,,,red,
PLAYER_POSITIONS,524904,6/27/2026 12:02:24 PM,068492a8-9bbc-456b-87fb-dc52c0aec9a7,2.0,,,,,,,,,,,,,,,,,,,,,,,,,,,,,,,,,,,"(-13.7, 0.4, 1.4)","(-13.8, 0.9, 1.2)","(-13.9, 0.1, 1.2)",
PLAYER_POSITIONS,524904,6/27/2026 12:02:24 PM,068492a8-9bbc-456b-87fb-dc52c0aec9a7,2.0,,,,,,,,,,,,,,,,,,,,,,,,,,,,,,,,,,,"(-13.7, 0.4, 1.4)","(-13.8, 0.9, 1.2)","(-13.9, 0.1, 1.2)",
PLAYER_POSITIONS,525405,6/27/2026 12:02:24 PM,068492a8-9bbc-456b-87fb-dc52c0aec9a7,2.0,,,,,,,,,,,,,,,,,,,,,,,,,,,,,,,,,,,"(-13.7, 0.5, 1.3)","(-13.8, 1.0, 1.3)","(-14.0, 0.3, 1.1)",
PLAYER_POSITIONS,525405,6/27/2026 12:02:24 PM,068492a8-9bbc-456b-87fb-dc52c0aec9a7,2.0,,,,,,,,,,,,,,,,,,,,,,,,,,,,,,,,,,,"(-13.7, 0.5, 1.3)","(-13.8, 1.0, 1.3)","(-14.0, 0.3, 1.1)",
EVAC_RADIO_ALERT,525468,6/27/2026 12:02:24 PM,068492a8-9bbc-456b-87fb-dc52c0aec9a7,2.0,,,,,,,,1,
AUDIO_START,525476,6/27/2026 12:02:24 PM,068492a8-9bbc-456b-87fb-dc52c0aec9a7,2.0,evac in 2 minutes,5.172245,
BAG_CLOSED,525515,6/27/2026 12:02:24 PM,068492a8-9bbc-456b-87fb-dc52c0aec9a7,2.0,,,,,,,,,,,,,,,,,,,,,,,,,,,,,,,,,,,,"(0.0, 0.0, 0.0)",
PLAYER_POSITIONS,525915,6/27/2026 12:02:25 PM,068492a8-9bbc-456b-87fb-dc52c0aec9a7,2.0,,,,,,,,,,,,,,,,,,,,,,,,,,,,,,,,,,,"(-13.6, 0.5, 1.2)","(-13.7, 0.9, 1.1)","(-13.9, 0.2, 0.9)",
PLAYER_POSITIONS,525915,6/27/2026 12:02:25 PM,068492a8-9bbc-456b-87fb-dc52c0aec9a7,2.0,,,,,,,,,,,,,,,,,,,,,,,,,,,,,,,,,,,"(-13.6, 0.5, 1.2)","(-13.7, 0.9, 1.1)","(-13.9, 0.2, 0.9)",
DRAG_START,525917,6/27/2026 12:02:25 PM,068492a8-9bbc-456b-87fb-dc52c0aec9a7,2.0,,,,,"(-14.3, 0.0, 1.6)",,,,,,,,,,,,,,,,,,,Civilian PT 3,
PLAYER_POSITIONS,526426,6/27/2026 12:02:25 PM,068492a8-9bbc-456b-87fb-dc52c0aec9a7,2.0,,,,,,,,,,,,,,,,,,,,,,,,,,,,,,,,,,,"(-13.7, 0.5, 1.2)","(-13.8, 1.0, 1.2)","(-14.1, 0.6, 1.1)",
PLAYER_POSITIONS,526426,6/27/2026 12:02:25 PM,068492a8-9bbc-456b-87fb-dc52c0aec9a7,2.0,,,,,,,,,,,,,,,,,,,,,,,,,,,,,,,,,,,"(-13.7, 0.5, 1.2)","(-13.8, 1.0, 1.2)","(-14.1, 0.6, 1.1)",
PLAYER_POSITIONS,526940,6/27/2026 12:02:26 PM,068492a8-9bbc-456b-87fb-dc52c0aec9a7,2.0,,,,,,,,,,,,,,,,,,,,,,,,,,,,,,,,,,,"(-13.9, 0.6, 1.1)","(-13.8, 1.1, 1.4)","(-14.1, 0.7, 1.9)",
PLAYER_POSITIONS,526940,6/27/2026 12:02:26 PM,068492a8-9bbc-456b-87fb-dc52c0aec9a7,2.0,,,,,,,,,,,,,,,,,,,,,,,,,,,,,,,,,,,"(-13.9, 0.6, 1.1)","(-13.8, 1.1, 1.4)","(-14.1, 0.7, 1.9)",
PLAYER_POSITIONS,527451,6/27/2026 12:02:26 PM,068492a8-9bbc-456b-87fb-dc52c0aec9a7,2.0,,,,,,,,,,,,,,,,,,,,,,,,,,,,,,,,,,,"(-13.9, 0.6, 1.2)","(-13.8, 1.1, 1.4)","(-14.1, 0.7, 2.0)",
PLAYER_GAZE,527451,6/27/2026 12:02:26 PM,068492a8-9bbc-456b-87fb-dc52c0aec9a7,2.0,,,,,,,,,,,,,,,,,,,,,,,,Military PT 2,,,,,,,,,"(5.5, 1.1, -6.1)",,,"(-19.3, 0.0, 7.5)",
PLAYER_POSITIONS,527451,6/27/2026 12:02:26 PM,068492a8-9bbc-456b-87fb-dc52c0aec9a7,2.0,,,,,,,,,,,,,,,,,,,,,,,,,,,,,,,,,,,"(-13.9, 0.6, 1.2)","(-13.8, 1.1, 1.4)","(-14.1, 0.7, 2.0)",
PLAYER_GAZE,527451,6/27/2026 12:02:26 PM,068492a8-9bbc-456b-87fb-dc52c0aec9a7,2.0,,,,,,,,,,,,,,,,,,,,,,,,Military PT 2,,,,,,,,,"(5.5, 1.1, -6.1)",,,"(-19.3, 0.0, 7.5)",
TELEPORT,527897,6/27/2026 12:02:27 PM,068492a8-9bbc-456b-87fb-dc52c0aec9a7,2.0,,,,,,,,,,,,,,,,,,,,,,,,,,,,,,,,,,,,"(-13.8, 1.1, 1.4)",,,,,,,"(-13.8, 1.1, 1.4)",
PLAYER_POSITIONS,527964,6/27/2026 12:02:27 PM,068492a8-9bbc-456b-87fb-dc52c0aec9a7,2.0,,,,,,,,,,,,,,,,,,,,,,,,,,,,,,,,,,,"(-13.9, 0.6, 1.2)","(-13.8, 1.1, 1.4)","(-14.2, 0.7, 2.0)",
PLAYER_POSITIONS,527964,6/27/2026 12:02:27 PM,068492a8-9bbc-456b-87fb-dc52c0aec9a7,2.0,,,,,,,,,,,,,,,,,,,,,,,,,,,,,,,,,,,"(-13.9, 0.6, 1.2)","(-13.8, 1.1, 1.4)","(-14.2, 0.7, 2.0)",
PATIENT_DISENGAGED,528293,6/27/2026 12:02:27 PM,068492a8-9bbc-456b-87fb-dc52c0aec9a7,2.0,,,,23.1,,,,,,,,,,,,,,,,normal,100,Infinity,normal,Civilian PT 3,upset,supine,"(-13.4, -0.1, 1.2)",normal,"(0.0, 0.9, 0.0, 0.3)",normal,DELAYED,still,,,,,,,,,,,,,,,,,35.14,
TELEPORT,528427,6/27/2026 12:02:27 PM,068492a8-9bbc-456b-87fb-dc52c0aec9a7,2.0,,,,,,,,,,,,,,,,,,,,,,,,,,,,,,,,,,,,"(-13.8, 1.1, 1.4)",,,,,,,"(-17.8, 1.3, 7.0)",
PLAYER_POSITIONS,528482,6/27/2026 12:02:27 PM,068492a8-9bbc-456b-87fb-dc52c0aec9a7,2.0,,,,,,,,,,,,,,,,,,,,,,,,,,,,,,,,,,,"(-17.9, 0.7, 6.7)","(-17.8, 1.3, 7.0)","(-18.2, 0.8, 7.5)",
PLAYER_POSITIONS,528482,6/27/2026 12:02:27 PM,068492a8-9bbc-456b-87fb-dc52c0aec9a7,2.0,,,,,,,,,,,,,,,,,,,,,,,,,,,,,,,,,,,"(-17.9, 0.7, 6.7)","(-17.8, 1.3, 7.0)","(-18.2, 0.8, 7.5)",
PLAYER_POSITIONS,528994,6/27/2026 12:02:28 PM,068492a8-9bbc-456b-87fb-dc52c0aec9a7,2.0,,,,,,,,,,,,,,,,,,,,,,,,,,,,,,,,,,,"(-18.0, 0.7, 6.9)","(-17.9, 1.2, 7.2)","(-18.3, 0.7, 7.6)",
PLAYER_POSITIONS,528994,6/27/2026 12:02:28 PM,068492a8-9bbc-456b-87fb-dc52c0aec9a7,2.0,,,,,,,,,,,,,,,,,,,,,,,,,,,,,,,,,,,"(-18.0, 0.7, 6.9)","(-17.9, 1.2, 7.2)","(-18.3, 0.7, 7.6)",
TELEPORT,529351,6/27/2026 12:02:28 PM,068492a8-9bbc-456b-87fb-dc52c0aec9a7,2.0,,,,,,,,,,,,,,,,,,,,,,,,,,,,,,,,,,,,"(-17.9, 1.2, 7.2)",,,,,,,"(-19.7, 1.2, 9.6)",
PLAYER_POSITIONS,529507,6/27/2026 12:02:28 PM,068492a8-9bbc-456b-87fb-dc52c0aec9a7,2.0,,,,,,,,,,,,,,,,,,,,,,,,,,,,,,,,,,,"(-19.7, 0.7, 9.3)","(-19.7, 1.2, 9.5)","(-20.0, 0.7, 9.7)",
PLAYER_POSITIONS,529507,6/27/2026 12:02:28 PM,068492a8-9bbc-456b-87fb-dc52c0aec9a7,2.0,,,,,,,,,,,,,,,,,,,,,,,,,,,,,,,,,,,"(-19.7, 0.7, 9.3)","(-19.7, 1.2, 9.5)","(-20.0, 0.7, 9.7)",
PATIENT_ENGAGED,529942,6/27/2026 12:02:29 PM,068492a8-9bbc-456b-87fb-dc52c0aec9a7,2.0,,,,0,,,,,,,,,,,,,,,,fast,100,Infinity,normal,Military PT 6,agony,supine,"(-18.9, 0.0, 8.4)",fast,"(0.0, 0.8, 0.0, 0.6)",normal,IMMEDIATE,still,,,,,,,,,,,,,,,,,33.08,
PLAYER_POSITIONS,530012,6/27/2026 12:02:29 PM,068492a8-9bbc-456b-87fb-dc52c0aec9a7,2.0,,,,,,,,,,,,,,,,,,,,,,,,,,,,,,,,,,,"(-19.4, 0.7, 9.4)","(-19.4, 1.2, 9.5)","(-19.8, 0.7, 9.5)",
PLAYER_POSITIONS,530012,6/27/2026 12:02:29 PM,068492a8-9bbc-456b-87fb-dc52c0aec9a7,2.0,,,,,,,,,,,,,,,,,,,,,,,,,,,,,,,,,,,"(-19.4, 0.7, 9.4)","(-19.4, 1.2, 9.5)","(-19.8, 0.7, 9.5)",
PLAYER_POSITIONS,530532,6/27/2026 12:02:29 PM,068492a8-9bbc-456b-87fb-dc52c0aec9a7,2.0,,,,,,,,,,,,,,,,,,,,,,,,,,,,,,,,,,,"(-19.2, 0.7, 9.0)","(-19.2, 1.2, 9.0)","(-19.4, 0.8, 8.9)",
PLAYER_POSITIONS,530532,6/27/2026 12:02:29 PM,068492a8-9bbc-456b-87fb-dc52c0aec9a7,2.0,,,,,,,,,,,,,,,,,,,,,,,,,,,,,,,,,,,"(-19.2, 0.7, 9.0)","(-19.2, 1.2, 9.0)","(-19.4, 0.8, 8.9)",
AUDIO_END,530665,6/27/2026 12:02:30 PM,068492a8-9bbc-456b-87fb-dc52c0aec9a7,2.0,evac in 2 minutes,5.172245,
AUDIO_START,530893,6/27/2026 12:02:30 PM,068492a8-9bbc-456b-87fb-dc52c0aec9a7,2.0,copy bravo artillery in 5,3.526531,
PLAYER_POSITIONS,531043,6/27/2026 12:02:30 PM,068492a8-9bbc-456b-87fb-dc52c0aec9a7,2.0,,,,,,,,,,,,,,,,,,,,,,,,,,,,,,,,,,,"(-19.5, 0.7, 8.4)","(-19.5, 1.2, 8.4)","(-19.8, 0.7, 8.3)",
PLAYER_POSITIONS,531043,6/27/2026 12:02:30 PM,068492a8-9bbc-456b-87fb-dc52c0aec9a7,2.0,,,,,,,,,,,,,,,,,,,,,,,,,,,,,,,,,,,"(-19.5, 0.7, 8.4)","(-19.5, 1.2, 8.4)","(-19.8, 0.7, 8.3)",
DRAG_STOP,531288,6/27/2026 12:02:30 PM,068492a8-9bbc-456b-87fb-dc52c0aec9a7,2.0,,,,,"(-14.3, 0.0, 1.6)","(-20.1, 0.0, 8.8)",,,,,,,,,,,,,,,,,,Civilian PT 3,
DRAG_STOP,531288,6/27/2026 12:02:30 PM,068492a8-9bbc-456b-87fb-dc52c0aec9a7,2.0,,,,,"(-14.3, 0.0, 1.6)","(-20.1, 0.0, 8.8)",,,,,,,,,,,,,,,,,,Civilian PT 3,
PLAYER_POSITIONS,531563,6/27/2026 12:02:30 PM,068492a8-9bbc-456b-87fb-dc52c0aec9a7,2.0,,,,,,,,,,,,,,,,,,,,,,,,,,,,,,,,,,,"(-19.4, 0.7, 8.3)","(-19.4, 1.1, 8.3)","(-19.5, 0.6, 8.2)",
PLAYER_POSITIONS,531563,6/27/2026 12:02:30 PM,068492a8-9bbc-456b-87fb-dc52c0aec9a7,2.0,,,,,,,,,,,,,,,,,,,,,,,,,,,,,,,,,,,"(-19.4, 0.7, 8.3)","(-19.4, 1.1, 8.3)","(-19.5, 0.6, 8.2)",
DRAG_START,531765,6/27/2026 12:02:31 PM,068492a8-9bbc-456b-87fb-dc52c0aec9a7,2.0,,,,,"(-18.9, 0.0, 8.4)",,,,,,,,,,,,,,,,,,,Military PT 6,
PULSE_TAKEN,531826,6/27/2026 12:02:31 PM,068492a8-9bbc-456b-87fb-dc52c0aec9a7,2.0,,,,,,,,,,,,,,,,,,,,,,,,Military PT 6,,,,pulse_fast,
PLAYER_POSITIONS,532075,6/27/2026 12:02:31 PM,068492a8-9bbc-456b-87fb-dc52c0aec9a7,2.0,,,,,,,,,,,,,,,,,,,,,,,,,,,,,,,,,,,"(-19.4, 0.6, 8.3)","(-19.4, 1.1, 8.3)","(-19.4, 0.4, 8.2)",
PLAYER_POSITIONS,532075,6/27/2026 12:02:31 PM,068492a8-9bbc-456b-87fb-dc52c0aec9a7,2.0,,,,,,,,,,,,,,,,,,,,,,,,,,,,,,,,,,,"(-19.4, 0.6, 8.3)","(-19.4, 1.1, 8.3)","(-19.4, 0.4, 8.2)",
PLAYER_POSITIONS,532576,6/27/2026 12:02:31 PM,068492a8-9bbc-456b-87fb-dc52c0aec9a7,2.0,,,,,,,,,,,,,,,,,,,,,,,,,,,,,,,,,,,"(-19.3, 0.7, 8.4)","(-19.3, 1.2, 8.4)","(-19.1, 0.6, 8.3)",
PLAYER_POSITIONS,532576,6/27/2026 12:02:31 PM,068492a8-9bbc-456b-87fb-dc52c0aec9a7,2.0,,,,,,,,,,,,,,,,,,,,,,,,,,,,,,,,,,,"(-19.3, 0.7, 8.4)","(-19.3, 1.2, 8.4)","(-19.1, 0.6, 8.3)",
TELEPORT,533065,6/27/2026 12:02:32 PM,068492a8-9bbc-456b-87fb-dc52c0aec9a7,2.0,,,,,,,,,,,,,,,,,,,,,,,,,,,,,,,,,,,,"(-19.3, 1.2, 8.4)",,,,,,,"(-16.1, 1.2, 8.4)",
PLAYER_POSITIONS,533091,6/27/2026 12:02:32 PM,068492a8-9bbc-456b-87fb-dc52c0aec9a7,2.0,,,,,,,,,,,,,,,,,,,,,,,,,,,,,,,,,,,"(-16.1, 0.7, 8.4)","(-16.1, 1.2, 8.4)","(-15.9, 0.6, 8.4)",
PLAYER_POSITIONS,533091,6/27/2026 12:02:32 PM,068492a8-9bbc-456b-87fb-dc52c0aec9a7,2.0,,,,,,,,,,,,,,,,,,,,,,,,,,,,,,,,,,,"(-16.1, 0.7, 8.4)","(-16.1, 1.2, 8.4)","(-15.9, 0.6, 8.4)",
PULSE_TAKEN,533188,6/27/2026 12:02:32 PM,068492a8-9bbc-456b-87fb-dc52c0aec9a7,2.0,,,,,,,,,,,,,,,,,,,,,,,,Military PT 6,,,,pulse_fast,
DRAG_STOP,533480,6/27/2026 12:02:32 PM,068492a8-9bbc-456b-87fb-dc52c0aec9a7,2.0,,,,,"(-18.9, 0.0, 8.4)","(-15.8, 0.0, 8.9)",,,,,,,,,,,,,,,,,,Military PT 6,
DRAG_STOP,533480,6/27/2026 12:02:32 PM,068492a8-9bbc-456b-87fb-dc52c0aec9a7,2.0,,,,,"(-18.9, 0.0, 8.4)","(-15.8, 0.0, 8.9)",,,,,,,,,,,,,,,,,,Military PT 6,
PLAYER_POSITIONS,533594,6/27/2026 12:02:32 PM,068492a8-9bbc-456b-87fb-dc52c0aec9a7,2.0,,,,,,,,,,,,,,,,,,,,,,,,,,,,,,,,,,,"(-16.0, 0.7, 8.5)","(-16.0, 1.2, 8.5)","(-16.0, 0.5, 8.4)",
PLAYER_POSITIONS,533594,6/27/2026 12:02:32 PM,068492a8-9bbc-456b-87fb-dc52c0aec9a7,2.0,,,,,,,,,,,,,,,,,,,,,,,,,,,,,,,,,,,"(-16.0, 0.7, 8.5)","(-16.0, 1.2, 8.5)","(-16.0, 0.5, 8.4)",
PLAYER_POSITIONS,534108,6/27/2026 12:02:33 PM,068492a8-9bbc-456b-87fb-dc52c0aec9a7,2.0,,,,,,,,,,,,,,,,,,,,,,,,,,,,,,,,,,,"(-16.2, 0.7, 8.1)","(-16.3, 1.2, 8.1)","(-16.5, 0.7, 7.8)",
PLAYER_POSITIONS,534108,6/27/2026 12:02:33 PM,068492a8-9bbc-456b-87fb-dc52c0aec9a7,2.0,,,,,,,,,,,,,,,,,,,,,,,,,,,,,,,,,,,"(-16.2, 0.7, 8.1)","(-16.3, 1.2, 8.1)","(-16.5, 0.7, 7.8)",
AUDIO_END,534430,6/27/2026 12:02:33 PM,068492a8-9bbc-456b-87fb-dc52c0aec9a7,2.0,copy bravo artillery in 5,3.526531,
NARRATIVE_SECTION_END,534430,6/27/2026 12:02:33 PM,068492a8-9bbc-456b-87fb-dc52c0aec9a7,2.0,,,,,,,,,,,,,,,,,,Copy bravo artillery in 5,60,
NARRATIVE_SECTION_START,534448,6/27/2026 12:02:33 PM,068492a8-9bbc-456b-87fb-dc52c0aec9a7,2.0,,,,,,,,,,,,,,,,,,Artillery strike,61,
PLAYER_POSITIONS,534609,6/27/2026 12:02:33 PM,068492a8-9bbc-456b-87fb-dc52c0aec9a7,2.0,,,,,,,,,,,,,,,,,,,,,,,,,,,,,,,,,,,"(-16.8, 0.7, 7.4)","(-16.8, 1.3, 7.5)","(-16.9, 0.6, 7.2)",
PLAYER_GAZE,534609,6/27/2026 12:02:33 PM,068492a8-9bbc-456b-87fb-dc52c0aec9a7,2.0,,,,,,,,,,,,,,,,,,,,,,,,Civilian PT 7,,,,,,,,,"(0.8, 1.3, 7.6)",,,"(-17.6, 0.0, -0.1)",
PLAYER_POSITIONS,534609,6/27/2026 12:02:33 PM,068492a8-9bbc-456b-87fb-dc52c0aec9a7,2.0,,,,,,,,,,,,,,,,,,,,,,,,,,,,,,,,,,,"(-16.8, 0.7, 7.4)","(-16.8, 1.3, 7.5)","(-16.9, 0.6, 7.2)",
PLAYER_GAZE,534609,6/27/2026 12:02:33 PM,068492a8-9bbc-456b-87fb-dc52c0aec9a7,2.0,,,,,,,,,,,,,,,,,,,,,,,,Civilian PT 7,,,,,,,,,"(0.8, 1.3, 7.6)",,,"(-17.6, 0.0, -0.1)",
PATIENT_DISENGAGED,534818,6/27/2026 12:02:34 PM,068492a8-9bbc-456b-87fb-dc52c0aec9a7,2.0,,,,4.85,,,,,,,,,,,,,,,,fast,100,Infinity,normal,Military PT 6,agony,supine,"(-15.8, 0.0, 9.1)",fast,"(0.0, 0.5, 0.0, 0.9)",normal,IMMEDIATE,still,,,,,,,,,,,,,,,,,37.93,
PLAYER_POSITIONS,535128,6/27/2026 12:02:34 PM,068492a8-9bbc-456b-87fb-dc52c0aec9a7,2.0,,,,,,,,,,,,,,,,,,,,,,,,,,,,,,,,,,,"(-16.8, 0.7, 6.5)","(-16.9, 1.3, 6.6)","(-16.9, 0.7, 6.4)",
PLAYER_POSITIONS,535128,6/27/2026 12:02:34 PM,068492a8-9bbc-456b-87fb-dc52c0aec9a7,2.0,,,,,,,,,,,,,,,,,,,,,,,,,,,,,,,,,,,"(-16.8, 0.7, 6.5)","(-16.9, 1.3, 6.6)","(-16.9, 0.7, 6.4)",
PLAYER_POSITIONS,535642,6/27/2026 12:02:35 PM,068492a8-9bbc-456b-87fb-dc52c0aec9a7,2.0,,,,,,,,,,,,,,,,,,,,,,,,,,,,,,,,,,,"(-16.8, 0.7, 5.7)","(-16.8, 1.2, 5.7)","(-16.7, 0.6, 5.5)",
PLAYER_POSITIONS,535642,6/27/2026 12:02:35 PM,068492a8-9bbc-456b-87fb-dc52c0aec9a7,2.0,,,,,,,,,,,,,,,,,,,,,,,,,,,,,,,,,,,"(-16.8, 0.7, 5.7)","(-16.8, 1.2, 5.7)","(-16.7, 0.6, 5.5)",
TELEPORT,536027,6/27/2026 12:02:35 PM,068492a8-9bbc-456b-87fb-dc52c0aec9a7,2.0,,,,,,,,,,,,,,,,,,,,,,,,,,,,,,,,,,,,"(-16.7, 1.2, 5.6)",,,,,,,"(-14.6, 1.2, 4.3)",
PLAYER_POSITIONS,536158,6/27/2026 12:02:35 PM,068492a8-9bbc-456b-87fb-dc52c0aec9a7,2.0,,,,,,,,,,,,,,,,,,,,,,,,,,,,,,,,,,,"(-14.5, 0.7, 4.1)","(-14.6, 1.2, 4.2)","(-14.5, 0.6, 4.0)",
PLAYER_GAZE,536158,6/27/2026 12:02:35 PM,068492a8-9bbc-456b-87fb-dc52c0aec9a7,2.0,,,,,,,,,,,,,,,,,,,,,,,,Civilian PT 14,,,,,,,,,"(-0.5, 1.2, 0.6)",,,"(-14.1, 0.0, 3.6)",
PLAYER_POSITIONS,536158,6/27/2026 12:02:35 PM,068492a8-9bbc-456b-87fb-dc52c0aec9a7,2.0,,,,,,,,,,,,,,,,,,,,,,,,,,,,,,,,,,,"(-14.5, 0.7, 4.1)","(-14.6, 1.2, 4.2)","(-14.5, 0.6, 4.0)",
PLAYER_GAZE,536158,6/27/2026 12:02:35 PM,068492a8-9bbc-456b-87fb-dc52c0aec9a7,2.0,,,,,,,,,,,,,,,,,,,,,,,,Civilian PT 14,,,,,,,,,"(-0.5, 1.2, 0.6)",,,"(-14.1, 0.0, 3.6)",
PATIENT_ENGAGED,536353,6/27/2026 12:02:35 PM,068492a8-9bbc-456b-87fb-dc52c0aec9a7,2.0,,,,0,,,,,,,,,,,,,,,,normal,100,Infinity,normal,Civilian PT 14,upset,sittingGround,"(-14.1, 0.0, 3.6)",normal,"(0.0, 0.8, 0.0, 0.6)",normal,DELAYED,still,,,,,,,,,,,,,,,,,9.83,
PLAYER_POSITIONS,536667,6/27/2026 12:02:36 PM,068492a8-9bbc-456b-87fb-dc52c0aec9a7,2.0,,,,,,,,,,,,,,,,,,,,,,,,,,,,,,,,,,,"(-14.4, 0.7, 4.1)","(-14.4, 1.1, 4.1)","(-14.5, 0.6, 3.9)",
PLAYER_POSITIONS,536667,6/27/2026 12:02:36 PM,068492a8-9bbc-456b-87fb-dc52c0aec9a7,2.0,,,,,,,,,,,,,,,,,,,,,,,,,,,,,,,,,,,"(-14.4, 0.7, 4.1)","(-14.4, 1.1, 4.1)","(-14.5, 0.6, 3.9)",
PLAYER_POSITIONS,537177,6/27/2026 12:02:36 PM,068492a8-9bbc-456b-87fb-dc52c0aec9a7,2.0,,,,,,,,,,,,,,,,,,,,,,,,,,,,,,,,,,,"(-14.2, 0.6, 4.0)","(-14.2, 1.1, 4.0)","(-14.5, 0.8, 3.9)",
PLAYER_POSITIONS,537177,6/27/2026 12:02:36 PM,068492a8-9bbc-456b-87fb-dc52c0aec9a7,2.0,,,,,,,,,,,,,,,,,,,,,,,,,,,,,,,,,,,"(-14.2, 0.6, 4.0)","(-14.2, 1.1, 4.0)","(-14.5, 0.8, 3.9)",
VOICE_CAPTURE,537287,6/27/2026 12:02:36 PM,068492a8-9bbc-456b-87fb-dc52c0aec9a7,2.0,,,,,,,,,,,,,,,,,,,,,,,,,,,,,,,,,,,,,,,,,,,,,,,,,,,NA,Thank you.,
AUDIO_START,537454,6/27/2026 12:02:36 PM,068492a8-9bbc-456b-87fb-dc52c0aec9a7,2.0,artillery strike,8.328,
PLAYER_POSITIONS,537676,6/27/2026 12:02:37 PM,068492a8-9bbc-456b-87fb-dc52c0aec9a7,2.0,,,,,,,,,,,,,,,,,,,,,,,,,,,,,,,,,,,"(-14.2, 0.6, 4.0)","(-14.2, 1.1, 4.0)","(-14.7, 0.7, 3.9)",
PLAYER_GAZE,537676,6/27/2026 12:02:37 PM,068492a8-9bbc-456b-87fb-dc52c0aec9a7,2.0,,,,,,,,,,,,,,,,,,,,,,,,Civilian PT 14,,,,,,,,,"(-0.1, 1.1, 0.3)",,,"(-14.1, 0.0, 3.6)",
PLAYER_POSITIONS,537676,6/27/2026 12:02:37 PM,068492a8-9bbc-456b-87fb-dc52c0aec9a7,2.0,,,,,,,,,,,,,,,,,,,,,,,,,,,,,,,,,,,"(-14.2, 0.6, 4.0)","(-14.2, 1.1, 4.0)","(-14.7, 0.7, 3.9)",
PLAYER_GAZE,537676,6/27/2026 12:02:37 PM,068492a8-9bbc-456b-87fb-dc52c0aec9a7,2.0,,,,,,,,,,,,,,,,,,,,,,,,Civilian PT 14,,,,,,,,,"(-0.1, 1.1, 0.3)",,,"(-14.1, 0.0, 3.6)",
BAG_CLOSED,537762,6/27/2026 12:02:37 PM,068492a8-9bbc-456b-87fb-dc52c0aec9a7,2.0,,,,,,,,,,,,,,,,,,,,,,,,,,,,,,,,,,,,"(0.0, 0.0, 0.0)",
VOICE_CAPTURE,537799,6/27/2026 12:02:37 PM,068492a8-9bbc-456b-87fb-dc52c0aec9a7,2.0,,,,,,,,,,,,,,,,,,,,,,,,,,,,,,,,,,,,,,,,,,,,,,,,,,,NA,Thank you.,
VOICE_CAPTURE,537799,6/27/2026 12:02:37 PM,068492a8-9bbc-456b-87fb-dc52c0aec9a7,2.0,,,,,,,,,,,,,,,,,,,,,,,,,,,,,,,,,,,,,,,,,,,,,,,,,,,NA,Thank you.,
PLAYER_POSITIONS,538208,6/27/2026 12:02:37 PM,068492a8-9bbc-456b-87fb-dc52c0aec9a7,2.0,,,,,,,,,,,,,,,,,,,,,,,,,,,,,,,,,,,"(-14.2, 0.5, 4.0)","(-14.2, 1.1, 3.9)","(-14.5, 0.7, 3.9)",
PLAYER_POSITIONS,538208,6/27/2026 12:02:37 PM,068492a8-9bbc-456b-87fb-dc52c0aec9a7,2.0,,,,,,,,,,,,,,,,,,,,,,,,,,,,,,,,,,,"(-14.2, 0.5, 4.0)","(-14.2, 1.1, 3.9)","(-14.5, 0.7, 3.9)",
VOICE_CAPTURE,538274,6/27/2026 12:02:37 PM,068492a8-9bbc-456b-87fb-dc52c0aec9a7,2.0,,,,,,,,,,,,,,,,,,,,,,,,,,,,,,,,,,,,,,,,,,,,,,,,,,,NA,Alright.,
PLAYER_POSITIONS,538741,6/27/2026 12:02:38 PM,068492a8-9bbc-456b-87fb-dc52c0aec9a7,2.0,,,,,,,,,,,,,,,,,,,,,,,,,,,,,,,,,,,"(-14.2, 0.6, 4.0)","(-14.2, 1.1, 3.9)","(-14.5, 0.8, 3.8)",
PLAYER_POSITIONS,538741,6/27/2026 12:02:38 PM,068492a8-9bbc-456b-87fb-dc52c0aec9a7,2.0,,,,,,,,,,,,,,,,,,,,,,,,,,,,,,,,,,,"(-14.2, 0.6, 4.0)","(-14.2, 1.1, 3.9)","(-14.5, 0.8, 3.8)",
VOICE_CAPTURE,538864,6/27/2026 12:02:38 PM,068492a8-9bbc-456b-87fb-dc52c0aec9a7,2.0,,,,,,,,,,,,,,,,,,,,,,,,,,,,,,,,,,,,,,,,,,,,,,,,,,,NA,"Alright, can you...",
BUTTON_CLICKED,539173,6/27/2026 12:02:38 PM,068492a8-9bbc-456b-87fb-dc52c0aec9a7,2.0,,,are you hurt,
VOICE_CAPTURE,539173,6/27/2026 12:02:38 PM,068492a8-9bbc-456b-87fb-dc52c0aec9a7,2.0,,,,,,,,,,,,,,,,,,,,,,,,,,,,,,,,,,,,,,,,,,,,,,,,,,,NA,are you hurt,
VOICE_COMMAND,539173,6/27/2026 12:02:38 PM,068492a8-9bbc-456b-87fb-dc52c0aec9a7,2.0,,,,,,,,,,,,,,,,,,,,,,,,Civilian PT 14,,,,,,,,,,,,,,,,,,,,,,,,,,,are you hurt,are you hurt,
PLAYER_POSITIONS,539242,6/27/2026 12:02:38 PM,068492a8-9bbc-456b-87fb-dc52c0aec9a7,2.0,,,,,,,,,,,,,,,,,,,,,,,,,,,,,,,,,,,"(-14.2, 0.6, 4.0)","(-14.3, 1.1, 3.9)","(-14.5, 0.8, 3.9)",
PLAYER_POSITIONS,539242,6/27/2026 12:02:38 PM,068492a8-9bbc-456b-87fb-dc52c0aec9a7,2.0,,,,,,,,,,,,,,,,,,,,,,,,,,,,,,,,,,,"(-14.2, 0.6, 4.0)","(-14.3, 1.1, 3.9)","(-14.5, 0.8, 3.9)",
VOICE_CAPTURE,539314,6/27/2026 12:02:38 PM,068492a8-9bbc-456b-87fb-dc52c0aec9a7,2.0,,,,,,,,,,,,,,,,,,,,,,,,,,,,,,,,,,,,,,,,,,,,,,,,,,,NA,"All right, can you lay down?",
PLAYER_POSITIONS,539745,6/27/2026 12:02:39 PM,068492a8-9bbc-456b-87fb-dc52c0aec9a7,2.0,,,,,,,,,,,,,,,,,,,,,,,,,,,,,,,,,,,"(-14.2, 0.6, 4.0)","(-14.3, 1.1, 3.9)","(-14.7, 0.7, 4.0)",
PLAYER_POSITIONS,539745,6/27/2026 12:02:39 PM,068492a8-9bbc-456b-87fb-dc52c0aec9a7,2.0,,,,,,,,,,,,,,,,,,,,,,,,,,,,,,,,,,,"(-14.2, 0.6, 4.0)","(-14.3, 1.1, 3.9)","(-14.7, 0.7, 4.0)",
VOICE_CAPTURE,539820,6/27/2026 12:02:39 PM,068492a8-9bbc-456b-87fb-dc52c0aec9a7,2.0,,,,,,,,,,,,,,,,,,,,,,,,,,,,,,,,,,,,,,,,,,,,,,,,,,,NA,"All right, can you lay down?",
VOICE_CAPTURE,539820,6/27/2026 12:02:39 PM,068492a8-9bbc-456b-87fb-dc52c0aec9a7,2.0,,,,,,,,,,,,,,,,,,,,,,,,,,,,,,,,,,,,,,,,,,,,,,,,,,,NA,"All right, can you lay down?",
VOICE_COMMAND,539820,6/27/2026 12:02:39 PM,068492a8-9bbc-456b-87fb-dc52c0aec9a7,2.0,,,,,,,,,,,,,,,,,,,,,,,,,,,,,,,,,,,,,,,,,,,,,,,,,,,"All right, can you lay down?",lay down,
PLAYER_POSITIONS,540264,6/27/2026 12:02:39 PM,068492a8-9bbc-456b-87fb-dc52c0aec9a7,2.0,,,,,,,,,,,,,,,,,,,,,,,,,,,,,,,,,,,"(-14.2, 0.6, 4.0)","(-14.4, 1.1, 4.0)","(-14.8, 0.9, 3.9)",
PLAYER_POSITIONS,540264,6/27/2026 12:02:39 PM,068492a8-9bbc-456b-87fb-dc52c0aec9a7,2.0,,,,,,,,,,,,,,,,,,,,,,,,,,,,,,,,,,,"(-14.2, 0.6, 4.0)","(-14.4, 1.1, 4.0)","(-14.8, 0.9, 3.9)",
VOICE_CAPTURE,540298,6/27/2026 12:02:39 PM,068492a8-9bbc-456b-87fb-dc52c0aec9a7,2.0,,,,,,,,,,,,,,,,,,,,,,,,,,,,,,,,,,,,,,,,,,,,,,,,,,,NA,Can you lay down?,
TOOL_HOVER,540415,6/27/2026 12:02:39 PM,068492a8-9bbc-456b-87fb-dc52c0aec9a7,2.0,,,,,,,,,,,,,,,,,,,,,,,,,,,,,,,,,,,,,,,,,,,,,,998,,Israeli Wrap,
TOOL_HOVER,540616,6/27/2026 12:02:39 PM,068492a8-9bbc-456b-87fb-dc52c0aec9a7,2.0,,,,,,,,,,,,,,,,,,,,,,,,,,,,,,,,,,,,,,,,,,,,,,996,,Gauze Wrap,
PLAYER_POSITIONS,540764,6/27/2026 12:02:40 PM,068492a8-9bbc-456b-87fb-dc52c0aec9a7,2.0,,,,,,,,,,,,,,,,,,,,,,,,,,,,,,,,,,,"(-14.3, 0.6, 4.0)","(-14.4, 1.1, 4.0)","(-14.8, 0.8, 3.7)",
PLAYER_POSITIONS,540764,6/27/2026 12:02:40 PM,068492a8-9bbc-456b-87fb-dc52c0aec9a7,2.0,,,,,,,,,,,,,,,,,,,,,,,,,,,,,,,,,,,"(-14.3, 0.6, 4.0)","(-14.4, 1.1, 4.0)","(-14.8, 0.8, 3.7)",
VOICE_CAPTURE,540797,6/27/2026 12:02:40 PM,068492a8-9bbc-456b-87fb-dc52c0aec9a7,2.0,,,,,,,,,,,,,,,,,,,,,,,,,,,,,,,,,,,,,,,,,,,,,,,,,,,NA,Can you lay down?,
PLAYER_POSITIONS,541297,6/27/2026 12:02:40 PM,068492a8-9bbc-456b-87fb-dc52c0aec9a7,2.0,,,,,,,,,,,,,,,,,,,,,,,,,,,,,,,,,,,"(-14.2, 0.6, 4.0)","(-14.3, 1.1, 3.9)","(-14.7, 0.7, 3.7)",
PLAYER_GAZE,541297,6/27/2026 12:02:40 PM,068492a8-9bbc-456b-87fb-dc52c0aec9a7,2.0,,,,,,,,,,,,,,,,,,,,,,,,Civilian PT 14,,,,,,,,,"(-0.2, 1.1, 0.3)",,,"(-14.1, 0.0, 3.6)",
PLAYER_POSITIONS,541297,6/27/2026 12:02:40 PM,068492a8-9bbc-456b-87fb-dc52c0aec9a7,2.0,,,,,,,,,,,,,,,,,,,,,,,,,,,,,,,,,,,"(-14.2, 0.6, 4.0)","(-14.3, 1.1, 3.9)","(-14.7, 0.7, 3.7)",
PLAYER_GAZE,541297,6/27/2026 12:02:40 PM,068492a8-9bbc-456b-87fb-dc52c0aec9a7,2.0,,,,,,,,,,,,,,,,,,,,,,,,Civilian PT 14,,,,,,,,,"(-0.2, 1.1, 0.3)",,,"(-14.1, 0.0, 3.6)",
PLAYER_POSITIONS,541808,6/27/2026 12:02:41 PM,068492a8-9bbc-456b-87fb-dc52c0aec9a7,2.0,,,,,,,,,,,,,,,,,,,,,,,,,,,,,,,,,,,"(-14.2, 0.6, 4.0)","(-14.2, 1.0, 3.9)","(-14.5, 0.7, 3.8)",
PLAYER_GAZE,541808,6/27/2026 12:02:41 PM,068492a8-9bbc-456b-87fb-dc52c0aec9a7,2.0,,,,,,,,,,,,,,,,,,,,,,,,Civilian PT 14,,,,,,,,,"(-0.2, 1.0, 0.3)",,,"(-14.1, 0.0, 3.6)",
PLAYER_POSITIONS,541808,6/27/2026 12:02:41 PM,068492a8-9bbc-456b-87fb-dc52c0aec9a7,2.0,,,,,,,,,,,,,,,,,,,,,,,,,,,,,,,,,,,"(-14.2, 0.6, 4.0)","(-14.2, 1.0, 3.9)","(-14.5, 0.7, 3.8)",
PLAYER_GAZE,541808,6/27/2026 12:02:41 PM,068492a8-9bbc-456b-87fb-dc52c0aec9a7,2.0,,,,,,,,,,,,,,,,,,,,,,,,Civilian PT 14,,,,,,,,,"(-0.2, 1.0, 0.3)",,,"(-14.1, 0.0, 3.6)",
PLAYER_POSITIONS,542317,6/27/2026 12:02:41 PM,068492a8-9bbc-456b-87fb-dc52c0aec9a7,2.0,,,,,,,,,,,,,,,,,,,,,,,,,,,,,,,,,,,"(-14.2, 0.5, 4.0)","(-14.2, 1.0, 3.9)","(-14.6, 0.7, 3.9)",
PLAYER_GAZE,542317,6/27/2026 12:02:41 PM,068492a8-9bbc-456b-87fb-dc52c0aec9a7,2.0,,,,,,,,,,,,,,,,,,,,,,,,Civilian PT 14,,,,,,,,,"(-0.2, 1.0, 0.3)",,,"(-14.1, 0.0, 3.6)",
PLAYER_POSITIONS,542317,6/27/2026 12:02:41 PM,068492a8-9bbc-456b-87fb-dc52c0aec9a7,2.0,,,,,,,,,,,,,,,,,,,,,,,,,,,,,,,,,,,"(-14.2, 0.5, 4.0)","(-14.2, 1.0, 3.9)","(-14.6, 0.7, 3.9)",
PLAYER_GAZE,542317,6/27/2026 12:02:41 PM,068492a8-9bbc-456b-87fb-dc52c0aec9a7,2.0,,,,,,,,,,,,,,,,,,,,,,,,Civilian PT 14,,,,,,,,,"(-0.2, 1.0, 0.3)",,,"(-14.1, 0.0, 3.6)",
PLAYER_POSITIONS,542818,6/27/2026 12:02:42 PM,068492a8-9bbc-456b-87fb-dc52c0aec9a7,2.0,,,,,,,,,,,,,,,,,,,,,,,,,,,,,,,,,,,"(-14.2, 0.5, 4.0)","(-14.2, 1.0, 3.9)","(-14.7, 0.8, 3.9)",
PLAYER_GAZE,542818,6/27/2026 12:02:42 PM,068492a8-9bbc-456b-87fb-dc52c0aec9a7,2.0,,,,,,,,,,,,,,,,,,,,,,,,Civilian PT 14,,,,,,,,,"(-0.2, 1.0, 0.3)",,,"(-14.1, 0.0, 3.6)",
PLAYER_POSITIONS,542818,6/27/2026 12:02:42 PM,068492a8-9bbc-456b-87fb-dc52c0aec9a7,2.0,,,,,,,,,,,,,,,,,,,,,,,,,,,,,,,,,,,"(-14.2, 0.5, 4.0)","(-14.2, 1.0, 3.9)","(-14.7, 0.8, 3.9)",
PLAYER_GAZE,542818,6/27/2026 12:02:42 PM,068492a8-9bbc-456b-87fb-dc52c0aec9a7,2.0,,,,,,,,,,,,,,,,,,,,,,,,Civilian PT 14,,,,,,,,,"(-0.2, 1.0, 0.3)",,,"(-14.1, 0.0, 3.6)",
VOICE_CAPTURE,543295,6/27/2026 12:02:42 PM,068492a8-9bbc-456b-87fb-dc52c0aec9a7,2.0,,,,,,,,,,,,,,,,,,,,,,,,,,,,,,,,,,,,,,,,,,,,,,,,,,,NA,Which one?,
PLAYER_POSITIONS,543340,6/27/2026 12:02:42 PM,068492a8-9bbc-456b-87fb-dc52c0aec9a7,2.0,,,,,,,,,,,,,,,,,,,,,,,,,,,,,,,,,,,"(-14.2, 0.5, 4.1)","(-14.3, 1.0, 4.0)","(-14.7, 0.8, 4.0)",
PLAYER_GAZE,543340,6/27/2026 12:02:42 PM,068492a8-9bbc-456b-87fb-dc52c0aec9a7,2.0,,,,,,,,,,,,,,,,,,,,,,,,Civilian PT 14,,,,,,,,,"(-0.2, 1.0, 0.4)",,,"(-14.1, 0.0, 3.6)",
PLAYER_POSITIONS,543340,6/27/2026 12:02:42 PM,068492a8-9bbc-456b-87fb-dc52c0aec9a7,2.0,,,,,,,,,,,,,,,,,,,,,,,,,,,,,,,,,,,"(-14.2, 0.5, 4.1)","(-14.3, 1.0, 4.0)","(-14.7, 0.8, 4.0)",
PLAYER_GAZE,543340,6/27/2026 12:02:42 PM,068492a8-9bbc-456b-87fb-dc52c0aec9a7,2.0,,,,,,,,,,,,,,,,,,,,,,,,Civilian PT 14,,,,,,,,,"(-0.2, 1.0, 0.4)",,,"(-14.1, 0.0, 3.6)",
VOICE_CAPTURE,543796,6/27/2026 12:02:43 PM,068492a8-9bbc-456b-87fb-dc52c0aec9a7,2.0,,,,,,,,,,,,,,,,,,,,,,,,,,,,,,,,,,,,,,,,,,,,,,,,,,,NA,Which one?,
VOICE_CAPTURE,543796,6/27/2026 12:02:43 PM,068492a8-9bbc-456b-87fb-dc52c0aec9a7,2.0,,,,,,,,,,,,,,,,,,,,,,,,,,,,,,,,,,,,,,,,,,,,,,,,,,,NA,Which one?,
PLAYER_POSITIONS,543841,6/27/2026 12:02:43 PM,068492a8-9bbc-456b-87fb-dc52c0aec9a7,2.0,,,,,,,,,,,,,,,,,,,,,,,,,,,,,,,,,,,"(-14.2, 0.5, 4.0)","(-14.3, 1.1, 4.0)","(-14.7, 0.8, 4.0)",
PLAYER_GAZE,543841,6/27/2026 12:02:43 PM,068492a8-9bbc-456b-87fb-dc52c0aec9a7,2.0,,,,,,,,,,,,,,,,,,,,,,,,Civilian PT 14,,,,,,,,,"(-0.2, 1.1, 0.4)",,,"(-14.1, 0.0, 3.6)",
PLAYER_POSITIONS,543841,6/27/2026 12:02:43 PM,068492a8-9bbc-456b-87fb-dc52c0aec9a7,2.0,,,,,,,,,,,,,,,,,,,,,,,,,,,,,,,,,,,"(-14.2, 0.5, 4.0)","(-14.3, 1.1, 4.0)","(-14.7, 0.8, 4.0)",
PLAYER_GAZE,543841,6/27/2026 12:02:43 PM,068492a8-9bbc-456b-87fb-dc52c0aec9a7,2.0,,,,,,,,,,,,,,,,,,,,,,,,Civilian PT 14,,,,,,,,,"(-0.2, 1.1, 0.4)",,,"(-14.1, 0.0, 3.6)",
PLAYER_POSITIONS,544347,6/27/2026 12:02:43 PM,068492a8-9bbc-456b-87fb-dc52c0aec9a7,2.0,,,,,,,,,,,,,,,,,,,,,,,,,,,,,,,,,,,"(-14.2, 0.6, 4.1)","(-14.4, 1.1, 4.0)","(-14.7, 0.8, 3.8)",
PLAYER_POSITIONS,544347,6/27/2026 12:02:43 PM,068492a8-9bbc-456b-87fb-dc52c0aec9a7,2.0,,,,,,,,,,,,,,,,,,,,,,,,,,,,,,,,,,,"(-14.2, 0.6, 4.1)","(-14.4, 1.1, 4.0)","(-14.7, 0.8, 3.8)",
TOOL_HOVER,544521,6/27/2026 12:02:43 PM,068492a8-9bbc-456b-87fb-dc52c0aec9a7,2.0,,,,,,,,,,,,,,,,,,,,,,,,,,,,,,,,,,,,,,,,,,,,,,996,,Gauze Wrap,
PLAYER_POSITIONS,544857,6/27/2026 12:02:44 PM,068492a8-9bbc-456b-87fb-dc52c0aec9a7,2.0,,,,,,,,,,,,,,,,,,,,,,,,,,,,,,,,,,,"(-14.2, 0.6, 4.0)","(-14.3, 1.1, 4.0)","(-14.8, 0.9, 3.7)",
PLAYER_POSITIONS,544857,6/27/2026 12:02:44 PM,068492a8-9bbc-456b-87fb-dc52c0aec9a7,2.0,,,,,,,,,,,,,,,,,,,,,,,,,,,,,,,,,,,"(-14.2, 0.6, 4.0)","(-14.3, 1.1, 4.0)","(-14.8, 0.9, 3.7)",
TOOL_HOVER,545010,6/27/2026 12:02:44 PM,068492a8-9bbc-456b-87fb-dc52c0aec9a7,2.0,,,,,,,,,,,,,,,,,,,,,,,,,,,,,,,,,,,,,,,,,,,,,,997,,Hemostatic Gauze,
TOOL_HOVER,545120,6/27/2026 12:02:44 PM,068492a8-9bbc-456b-87fb-dc52c0aec9a7,2.0,,,,,,,,,,,,,,,,,,,,,,,,,,,,,,,,,,,,,,,,,,,,,,996,,Gauze Wrap,
BUTTON_CLICKED,545331,6/27/2026 12:02:44 PM,068492a8-9bbc-456b-87fb-dc52c0aec9a7,2.0,,,are you hurt,
VOICE_CAPTURE,545331,6/27/2026 12:02:44 PM,068492a8-9bbc-456b-87fb-dc52c0aec9a7,2.0,,,,,,,,,,,,,,,,,,,,,,,,,,,,,,,,,,,,,,,,,,,,,,,,,,,NA,are you hurt,
VOICE_COMMAND,545331,6/27/2026 12:02:44 PM,068492a8-9bbc-456b-87fb-dc52c0aec9a7,2.0,,,,,,,,,,,,,,,,,,,,,,,,Civilian PT 14,,,,,,,,,,,,,,,,,,,,,,,,,,,are you hurt,are you hurt,
PLAYER_POSITIONS,545357,6/27/2026 12:02:44 PM,068492a8-9bbc-456b-87fb-dc52c0aec9a7,2.0,,,,,,,,,,,,,,,,,,,,,,,,,,,,,,,,,,,"(-14.2, 0.5, 4.0)","(-14.3, 1.1, 3.9)","(-14.8, 0.8, 3.7)",
PLAYER_GAZE,545357,6/27/2026 12:02:44 PM,068492a8-9bbc-456b-87fb-dc52c0aec9a7,2.0,,,,,,,,,,,,,,,,,,,,,,,,Civilian PT 14,,,,,,,,,"(-0.2, 1.1, 0.3)",,,"(-14.1, 0.0, 3.6)",
PLAYER_POSITIONS,545357,6/27/2026 12:02:44 PM,068492a8-9bbc-456b-87fb-dc52c0aec9a7,2.0,,,,,,,,,,,,,,,,,,,,,,,,,,,,,,,,,,,"(-14.2, 0.5, 4.0)","(-14.3, 1.1, 3.9)","(-14.8, 0.8, 3.7)",
PLAYER_GAZE,545357,6/27/2026 12:02:44 PM,068492a8-9bbc-456b-87fb-dc52c0aec9a7,2.0,,,,,,,,,,,,,,,,,,,,,,,,Civilian PT 14,,,,,,,,,"(-0.2, 1.1, 0.3)",,,"(-14.1, 0.0, 3.6)",
TOOL_SELECTED,545510,6/27/2026 12:02:44 PM,068492a8-9bbc-456b-87fb-dc52c0aec9a7,2.0,,,,,,,,,,,,,,,,,,,,,,,,,,,,,,,,,,,,,,,,,,,,,,995,,Gauze Wrap,
AUDIO_END,545789,6/27/2026 12:02:45 PM,068492a8-9bbc-456b-87fb-dc52c0aec9a7,2.0,artillery strike,8.328,
NARRATIVE_SECTION_END,545789,6/27/2026 12:02:45 PM,068492a8-9bbc-456b-87fb-dc52c0aec9a7,2.0,,,,,,,,,,,,,,,,,,Artillery strike,61,
NARRATIVE_SECTION_START,545817,6/27/2026 12:02:45 PM,068492a8-9bbc-456b-87fb-dc52c0aec9a7,2.0,,,,,,,,,,,,,,,,,,Echo Overrun,62,
PLAYER_POSITIONS,545867,6/27/2026 12:02:45 PM,068492a8-9bbc-456b-87fb-dc52c0aec9a7,2.0,,,,,,,,,,,,,,,,,,,,,,,,,,,,,,,,,,,"(-14.2, 0.6, 4.1)","(-14.2, 1.1, 3.9)","(-14.7, 0.7, 3.7)",
PLAYER_GAZE,545867,6/27/2026 12:02:45 PM,068492a8-9bbc-456b-87fb-dc52c0aec9a7,2.0,,,,,,,,,,,,,,,,,,,,,,,,Civilian PT 14,,,,,,,,,"(-0.2, 1.1, 0.3)",,,"(-14.1, 0.0, 3.6)",
PLAYER_POSITIONS,545867,6/27/2026 12:02:45 PM,068492a8-9bbc-456b-87fb-dc52c0aec9a7,2.0,,,,,,,,,,,,,,,,,,,,,,,,,,,,,,,,,,,"(-14.2, 0.6, 4.1)","(-14.2, 1.1, 3.9)","(-14.7, 0.7, 3.7)",
PLAYER_GAZE,545867,6/27/2026 12:02:45 PM,068492a8-9bbc-456b-87fb-dc52c0aec9a7,2.0,,,,,,,,,,,,,,,,,,,,,,,,Civilian PT 14,,,,,,,,,"(-0.2, 1.1, 0.3)",,,"(-14.1, 0.0, 3.6)",
TOOL_DISCARDED,546228,6/27/2026 12:02:45 PM,068492a8-9bbc-456b-87fb-dc52c0aec9a7,2.0,,,,,,,,,,,,,,,,,,,,,,,,Civilian PT 14,,,,,,,,,,,,"(0.0, 0.0, 0.0)",,,,,,,,,,995,,Gauze Wrap,
TOOL_HOVER,546229,6/27/2026 12:02:45 PM,068492a8-9bbc-456b-87fb-dc52c0aec9a7,2.0,,,,,,,,,,,,,,,,,,,,,,,,,,,,,,,,,,,,,,,,,,,,,,996,,Gauze Wrap,
TOOL_HOVER,546327,6/27/2026 12:02:45 PM,068492a8-9bbc-456b-87fb-dc52c0aec9a7,2.0,,,,,,,,,,,,,,,,,,,,,,,,,,,,,,,,,,,,,,,,,,,,,,998,,Israeli Wrap,
PLAYER_POSITIONS,546374,6/27/2026 12:02:45 PM,068492a8-9bbc-456b-87fb-dc52c0aec9a7,2.0,,,,,,,,,,,,,,,,,,,,,,,,,,,,,,,,,,,"(-14.2, 0.5, 4.0)","(-14.2, 1.1, 3.9)","(-14.8, 0.8, 3.8)",
PLAYER_GAZE,546374,6/27/2026 12:02:45 PM,068492a8-9bbc-456b-87fb-dc52c0aec9a7,2.0,,,,,,,,,,,,,,,,,,,,,,,,Civilian PT 14,,,,,,,,,"(-0.2, 1.1, 0.3)",,,"(-14.1, 0.0, 3.6)",
PLAYER_POSITIONS,546374,6/27/2026 12:02:45 PM,068492a8-9bbc-456b-87fb-dc52c0aec9a7,2.0,,,,,,,,,,,,,,,,,,,,,,,,,,,,,,,,,,,"(-14.2, 0.5, 4.0)","(-14.2, 1.1, 3.9)","(-14.8, 0.8, 3.8)",
PLAYER_GAZE,546374,6/27/2026 12:02:45 PM,068492a8-9bbc-456b-87fb-dc52c0aec9a7,2.0,,,,,,,,,,,,,,,,,,,,,,,,Civilian PT 14,,,,,,,,,"(-0.2, 1.1, 0.3)",,,"(-14.1, 0.0, 3.6)",
PLAYER_POSITIONS,546874,6/27/2026 12:02:46 PM,068492a8-9bbc-456b-87fb-dc52c0aec9a7,2.0,,,,,,,,,,,,,,,,,,,,,,,,,,,,,,,,,,,"(-14.3, 0.6, 4.0)","(-14.3, 1.1, 4.0)","(-14.7, 0.8, 4.2)",
PLAYER_POSITIONS,546874,6/27/2026 12:02:46 PM,068492a8-9bbc-456b-87fb-dc52c0aec9a7,2.0,,,,,,,,,,,,,,,,,,,,,,,,,,,,,,,,,,,"(-14.3, 0.6, 4.0)","(-14.3, 1.1, 4.0)","(-14.7, 0.8, 4.2)",
TOOL_HOVER,547338,6/27/2026 12:02:46 PM,068492a8-9bbc-456b-87fb-dc52c0aec9a7,2.0,,,,,,,,,,,,,,,,,,,,,,,,,,,,,,,,,,,,,,,,,,,,,,995,,Decompression Needle,
PLAYER_POSITIONS,547387,6/27/2026 12:02:46 PM,068492a8-9bbc-456b-87fb-dc52c0aec9a7,2.0,,,,,,,,,,,,,,,,,,,,,,,,,,,,,,,,,,,"(-14.3, 0.6, 4.0)","(-14.4, 1.1, 4.1)","(-14.8, 1.0, 4.3)",
PLAYER_POSITIONS,547387,6/27/2026 12:02:46 PM,068492a8-9bbc-456b-87fb-dc52c0aec9a7,2.0,,,,,,,,,,,,,,,,,,,,,,,,,,,,,,,,,,,"(-14.3, 0.6, 4.0)","(-14.4, 1.1, 4.1)","(-14.8, 1.0, 4.3)",
TOOL_HOVER,547627,6/27/2026 12:02:47 PM,068492a8-9bbc-456b-87fb-dc52c0aec9a7,2.0,,,,,,,,,,,,,,,,,,,,,,,,,,,,,,,,,,,,,,,,,,,,,,999,,Fentanyl Lollipop,
PLAYER_POSITIONS,547887,6/27/2026 12:02:47 PM,068492a8-9bbc-456b-87fb-dc52c0aec9a7,2.0,,,,,,,,,,,,,,,,,,,,,,,,,,,,,,,,,,,"(-14.3, 0.6, 4.0)","(-14.3, 1.2, 4.1)","(-14.7, 1.1, 4.1)",
PLAYER_POSITIONS,547887,6/27/2026 12:02:47 PM,068492a8-9bbc-456b-87fb-dc52c0aec9a7,2.0,,,,,,,,,,,,,,,,,,,,,,,,,,,,,,,,,,,"(-14.3, 0.6, 4.0)","(-14.3, 1.2, 4.1)","(-14.7, 1.1, 4.1)",
TOOL_HOVER,548328,6/27/2026 12:02:47 PM,068492a8-9bbc-456b-87fb-dc52c0aec9a7,2.0,,,,,,,,,,,,,,,,,,,,,,,,,,,,,,,,,,,,,,,,,,,,,,997,,Chest Seal,
PLAYER_POSITIONS,548398,6/27/2026 12:02:47 PM,068492a8-9bbc-456b-87fb-dc52c0aec9a7,2.0,,,,,,,,,,,,,,,,,,,,,,,,,,,,,,,,,,,"(-14.2, 0.6, 4.0)","(-14.3, 1.2, 4.0)","(-14.8, 1.0, 3.8)",
PLAYER_POSITIONS,548398,6/27/2026 12:02:47 PM,068492a8-9bbc-456b-87fb-dc52c0aec9a7,2.0,,,,,,,,,,,,,,,,,,,,,,,,,,,,,,,,,,,"(-14.2, 0.6, 4.0)","(-14.3, 1.2, 4.0)","(-14.8, 1.0, 3.8)",
TOOL_HOVER,548528,6/27/2026 12:02:47 PM,068492a8-9bbc-456b-87fb-dc52c0aec9a7,2.0,,,,,,,,,,,,,,,,,,,,,,,,,,,,,,,,,,,,,,,,,,,,,,997,,Hemostatic Gauze,
AUDIO_START,548805,6/27/2026 12:02:48 PM,068492a8-9bbc-456b-87fb-dc52c0aec9a7,2.0,we are overrun two airstrikes,4.571429,
TOOL_HOVER,548839,6/27/2026 12:02:48 PM,068492a8-9bbc-456b-87fb-dc52c0aec9a7,2.0,,,,,,,,,,,,,,,,,,,,,,,,,,,,,,,,,,,,,,,,,,,,,,999,,SAM Splint,
PLAYER_POSITIONS,548909,6/27/2026 12:02:48 PM,068492a8-9bbc-456b-87fb-dc52c0aec9a7,2.0,,,,,,,,,,,,,,,,,,,,,,,,,,,,,,,,,,,"(-14.2, 0.6, 4.0)","(-14.3, 1.1, 4.0)","(-14.7, 0.9, 3.6)",
PLAYER_GAZE,548909,6/27/2026 12:02:48 PM,068492a8-9bbc-456b-87fb-dc52c0aec9a7,2.0,,,,,,,,,,,,,,,,,,,,,,,,Civilian PT 14,,,,,,,,,"(-0.2, 1.1, 0.4)",,,"(-14.1, 0.0, 3.6)",
PLAYER_POSITIONS,548909,6/27/2026 12:02:48 PM,068492a8-9bbc-456b-87fb-dc52c0aec9a7,2.0,,,,,,,,,,,,,,,,,,,,,,,,,,,,,,,,,,,"(-14.2, 0.6, 4.0)","(-14.3, 1.1, 4.0)","(-14.7, 0.9, 3.6)",
PLAYER_GAZE,548909,6/27/2026 12:02:48 PM,068492a8-9bbc-456b-87fb-dc52c0aec9a7,2.0,,,,,,,,,,,,,,,,,,,,,,,,Civilian PT 14,,,,,,,,,"(-0.2, 1.1, 0.4)",,,"(-14.1, 0.0, 3.6)",
TOOL_HOVER,549128,6/27/2026 12:02:48 PM,068492a8-9bbc-456b-87fb-dc52c0aec9a7,2.0,,,,,,,,,,,,,,,,,,,,,,,,,,,,,,,,,,,,,,,,,,,,,,995,,Tourniquet,
PLAYER_POSITIONS,549425,6/27/2026 12:02:48 PM,068492a8-9bbc-456b-87fb-dc52c0aec9a7,2.0,,,,,,,,,,,,,,,,,,,,,,,,,,,,,,,,,,,"(-14.2, 0.6, 4.0)","(-14.3, 1.2, 4.0)","(-14.8, 0.9, 3.8)",
PLAYER_POSITIONS,549425,6/27/2026 12:02:48 PM,068492a8-9bbc-456b-87fb-dc52c0aec9a7,2.0,,,,,,,,,,,,,,,,,,,,,,,,,,,,,,,,,,,"(-14.2, 0.6, 4.0)","(-14.3, 1.2, 4.0)","(-14.8, 0.9, 3.8)",
TOOL_HOVER,549510,6/27/2026 12:02:48 PM,068492a8-9bbc-456b-87fb-dc52c0aec9a7,2.0,,,,,,,,,,,,,,,,,,,,,,,,,,,,,,,,,,,,,,,,,,,,,,998,,Israeli Wrap,
TOOL_HOVER,549819,6/27/2026 12:02:49 PM,068492a8-9bbc-456b-87fb-dc52c0aec9a7,2.0,,,,,,,,,,,,,,,,,,,,,,,,,,,,,,,,,,,,,,,,,,,,,,995,,Tourniquet,
TOOL_HOVER,549910,6/27/2026 12:02:49 PM,068492a8-9bbc-456b-87fb-dc52c0aec9a7,2.0,,,,,,,,,,,,,,,,,,,,,,,,,,,,,,,,,,,,,,,,,,,,,,999,,SAM Splint,
PLAYER_POSITIONS,549935,6/27/2026 12:02:49 PM,068492a8-9bbc-456b-87fb-dc52c0aec9a7,2.0,,,,,,,,,,,,,,,,,,,,,,,,,,,,,,,,,,,"(-14.2, 0.6, 4.0)","(-14.3, 1.2, 4.0)","(-14.6, 0.9, 3.6)",
PLAYER_GAZE,549935,6/27/2026 12:02:49 PM,068492a8-9bbc-456b-87fb-dc52c0aec9a7,2.0,,,,,,,,,,,,,,,,,,,,,,,,Civilian PT 14,,,,,,,,,"(-0.2, 1.2, 0.4)",,,"(-14.1, 0.0, 3.6)",
PLAYER_POSITIONS,549935,6/27/2026 12:02:49 PM,068492a8-9bbc-456b-87fb-dc52c0aec9a7,2.0,,,,,,,,,,,,,,,,,,,,,,,,,,,,,,,,,,,"(-14.2, 0.6, 4.0)","(-14.3, 1.2, 4.0)","(-14.6, 0.9, 3.6)",
PLAYER_GAZE,549935,6/27/2026 12:02:49 PM,068492a8-9bbc-456b-87fb-dc52c0aec9a7,2.0,,,,,,,,,,,,,,,,,,,,,,,,Civilian PT 14,,,,,,,,,"(-0.2, 1.2, 0.4)",,,"(-14.1, 0.0, 3.6)",
TOOL_SELECTED,549999,6/27/2026 12:02:49 PM,068492a8-9bbc-456b-87fb-dc52c0aec9a7,2.0,,,,,,,,,,,,,,,,,,,,,,,,,,,,,,,,,,,,,,,,,,,,,,998,,SAM Splint,
PLAYER_POSITIONS,550454,6/27/2026 12:02:49 PM,068492a8-9bbc-456b-87fb-dc52c0aec9a7,2.0,,,,,,,,,,,,,,,,,,,,,,,,,,,,,,,,,,,"(-14.2, 0.6, 4.1)","(-14.2, 1.1, 4.0)","(-14.3, 0.4, 3.8)",
PLAYER_GAZE,550454,6/27/2026 12:02:49 PM,068492a8-9bbc-456b-87fb-dc52c0aec9a7,2.0,,,,,,,,,,,,,,,,,,,,,,,,Civilian PT 14,,,,,,,,,"(-0.1, 1.1, 0.4)",,,"(-14.1, 0.0, 3.6)",
PLAYER_POSITIONS,550454,6/27/2026 12:02:49 PM,068492a8-9bbc-456b-87fb-dc52c0aec9a7,2.0,,,,,,,,,,,,,,,,,,,,,,,,,,,,,,,,,,,"(-14.2, 0.6, 4.1)","(-14.2, 1.1, 4.0)","(-14.3, 0.4, 3.8)",
PLAYER_GAZE,550454,6/27/2026 12:02:49 PM,068492a8-9bbc-456b-87fb-dc52c0aec9a7,2.0,,,,,,,,,,,,,,,,,,,,,,,,Civilian PT 14,,,,,,,,,"(-0.1, 1.1, 0.4)",,,"(-14.1, 0.0, 3.6)",
PLAYER_POSITIONS,550973,6/27/2026 12:02:50 PM,068492a8-9bbc-456b-87fb-dc52c0aec9a7,2.0,,,,,,,,,,,,,,,,,,,,,,,,,,,,,,,,,,,"(-14.1, 0.5, 4.1)","(-14.2, 1.0, 3.9)","(-14.3, 0.3, 3.8)",
PLAYER_GAZE,550973,6/27/2026 12:02:50 PM,068492a8-9bbc-456b-87fb-dc52c0aec9a7,2.0,,,,,,,,,,,,,,,,,,,,,,,,Civilian PT 14,,,,,,,,,"(-0.1, 1.0, 0.3)",,,"(-14.1, 0.0, 3.6)",
PLAYER_POSITIONS,550973,6/27/2026 12:02:50 PM,068492a8-9bbc-456b-87fb-dc52c0aec9a7,2.0,,,,,,,,,,,,,,,,,,,,,,,,,,,,,,,,,,,"(-14.1, 0.5, 4.1)","(-14.2, 1.0, 3.9)","(-14.3, 0.3, 3.8)",
PLAYER_GAZE,550973,6/27/2026 12:02:50 PM,068492a8-9bbc-456b-87fb-dc52c0aec9a7,2.0,,,,,,,,,,,,,,,,,,,,,,,,Civilian PT 14,,,,,,,,,"(-0.1, 1.0, 0.3)",,,"(-14.1, 0.0, 3.6)",
TOOL_DISCARDED,551079,6/27/2026 12:02:50 PM,068492a8-9bbc-456b-87fb-dc52c0aec9a7,2.0,,,,,,,,,,,,,,,,,,,,,,,,Civilian PT 14,,,,,,,,,,,,"(0.0, 0.0, 0.0)",,,,,,,,,,998,,SAM Splint,
PLAYER_POSITIONS,551473,6/27/2026 12:02:50 PM,068492a8-9bbc-456b-87fb-dc52c0aec9a7,2.0,,,,,,,,,,,,,,,,,,,,,,,,,,,,,,,,,,,"(-14.2, 0.5, 4.1)","(-14.2, 1.0, 3.9)","(-14.4, 0.3, 3.8)",
PLAYER_GAZE,551473,6/27/2026 12:02:50 PM,068492a8-9bbc-456b-87fb-dc52c0aec9a7,2.0,,,,,,,,,,,,,,,,,,,,,,,,Civilian PT 14,,,,,,,,,"(-0.1, 1.0, 0.3)",,,"(-14.1, 0.0, 3.6)",
PLAYER_POSITIONS,551473,6/27/2026 12:02:50 PM,068492a8-9bbc-456b-87fb-dc52c0aec9a7,2.0,,,,,,,,,,,,,,,,,,,,,,,,,,,,,,,,,,,"(-14.2, 0.5, 4.1)","(-14.2, 1.0, 3.9)","(-14.4, 0.3, 3.8)",
PLAYER_GAZE,551473,6/27/2026 12:02:50 PM,068492a8-9bbc-456b-87fb-dc52c0aec9a7,2.0,,,,,,,,,,,,,,,,,,,,,,,,Civilian PT 14,,,,,,,,,"(-0.1, 1.0, 0.3)",,,"(-14.1, 0.0, 3.6)",
TOOL_HOVER,551919,6/27/2026 12:02:51 PM,068492a8-9bbc-456b-87fb-dc52c0aec9a7,2.0,,,,,,,,,,,,,,,,,,,,,,,,,,,,,,,,,,,,,,,,,,,,,,995,,Tourniquet,
PLAYER_POSITIONS,551988,6/27/2026 12:02:51 PM,068492a8-9bbc-456b-87fb-dc52c0aec9a7,2.0,,,,,,,,,,,,,,,,,,,,,,,,,,,,,,,,,,,"(-14.2, 0.6, 4.1)","(-14.2, 1.1, 3.9)","(-14.7, 0.9, 3.6)",
PLAYER_POSITIONS,551988,6/27/2026 12:02:51 PM,068492a8-9bbc-456b-87fb-dc52c0aec9a7,2.0,,,,,,,,,,,,,,,,,,,,,,,,,,,,,,,,,,,"(-14.2, 0.6, 4.1)","(-14.2, 1.1, 3.9)","(-14.7, 0.9, 3.6)",
TOOL_HOVER,552031,6/27/2026 12:02:51 PM,068492a8-9bbc-456b-87fb-dc52c0aec9a7,2.0,,,,,,,,,,,,,,,,,,,,,,,,,,,,,,,,,,,,,,,,,,,,,,999,,SAM Splint,
TOOL_SELECTED,552142,6/27/2026 12:02:51 PM,068492a8-9bbc-456b-87fb-dc52c0aec9a7,2.0,,,,,,,,,,,,,,,,,,,,,,,,,,,,,,,,,,,,,,,,,,,,,,998,,SAM Splint,
PLAYER_POSITIONS,552490,6/27/2026 12:02:51 PM,068492a8-9bbc-456b-87fb-dc52c0aec9a7,2.0,,,,,,,,,,,,,,,,,,,,,,,,,,,,,,,,,,,"(-14.2, 0.5, 4.0)","(-14.2, 1.0, 3.9)","(-14.5, 0.5, 3.7)",
PLAYER_GAZE,552490,6/27/2026 12:02:51 PM,068492a8-9bbc-456b-87fb-dc52c0aec9a7,2.0,,,,,,,,,,,,,,,,,,,,,,,,Civilian PT 14,,,,,,,,,"(-0.1, 1.0, 0.3)",,,"(-14.1, 0.0, 3.6)",
PLAYER_POSITIONS,552490,6/27/2026 12:02:51 PM,068492a8-9bbc-456b-87fb-dc52c0aec9a7,2.0,,,,,,,,,,,,,,,,,,,,,,,,,,,,,,,,,,,"(-14.2, 0.5, 4.0)","(-14.2, 1.0, 3.9)","(-14.5, 0.5, 3.7)",
PLAYER_GAZE,552490,6/27/2026 12:02:51 PM,068492a8-9bbc-456b-87fb-dc52c0aec9a7,2.0,,,,,,,,,,,,,,,,,,,,,,,,Civilian PT 14,,,,,,,,,"(-0.1, 1.0, 0.3)",,,"(-14.1, 0.0, 3.6)",
PLAYER_POSITIONS,553011,6/27/2026 12:02:52 PM,068492a8-9bbc-456b-87fb-dc52c0aec9a7,2.0,,,,,,,,,,,,,,,,,,,,,,,,,,,,,,,,,,,"(-14.1, 0.5, 4.1)","(-14.2, 1.0, 3.9)","(-14.4, 0.3, 3.9)",
PLAYER_GAZE,553011,6/27/2026 12:02:52 PM,068492a8-9bbc-456b-87fb-dc52c0aec9a7,2.0,,,,,,,,,,,,,,,,,,,,,,,,Civilian PT 14,,,,,,,,,"(-0.2, 1.0, 0.3)",,,"(-14.1, 0.0, 3.6)",
PLAYER_POSITIONS,553011,6/27/2026 12:02:52 PM,068492a8-9bbc-456b-87fb-dc52c0aec9a7,2.0,,,,,,,,,,,,,,,,,,,,,,,,,,,,,,,,,,,"(-14.1, 0.5, 4.1)","(-14.2, 1.0, 3.9)","(-14.4, 0.3, 3.9)",
PLAYER_GAZE,553011,6/27/2026 12:02:52 PM,068492a8-9bbc-456b-87fb-dc52c0aec9a7,2.0,,,,,,,,,,,,,,,,,,,,,,,,Civilian PT 14,,,,,,,,,"(-0.2, 1.0, 0.3)",,,"(-14.1, 0.0, 3.6)",
AUDIO_END,553376,6/27/2026 12:02:52 PM,068492a8-9bbc-456b-87fb-dc52c0aec9a7,2.0,we are overrun two airstrikes,4.571429,
NARRATIVE_SECTION_END,553376,6/27/2026 12:02:52 PM,068492a8-9bbc-456b-87fb-dc52c0aec9a7,2.0,,,,,,,,,,,,,,,,,,Echo Overrun,62,
NARRATIVE_SECTION_START,553417,6/27/2026 12:02:52 PM,068492a8-9bbc-456b-87fb-dc52c0aec9a7,2.0,,,,,,,,,,,,,,,,,,Echo squad requesting danger close,63,
PLAYER_POSITIONS,553533,6/27/2026 12:02:52 PM,068492a8-9bbc-456b-87fb-dc52c0aec9a7,2.0,,,,,,,,,,,,,,,,,,,,,,,,,,,,,,,,,,,"(-14.1, 0.5, 4.1)","(-14.2, 1.0, 3.9)","(-14.2, 0.2, 3.9)",
PLAYER_GAZE,553533,6/27/2026 12:02:52 PM,068492a8-9bbc-456b-87fb-dc52c0aec9a7,2.0,,,,,,,,,,,,,,,,,,,,,,,,Civilian PT 14,,,,,,,,,"(-0.1, 1.0, 0.3)",,,"(-14.1, 0.0, 3.6)",
PLAYER_POSITIONS,553533,6/27/2026 12:02:52 PM,068492a8-9bbc-456b-87fb-dc52c0aec9a7,2.0,,,,,,,,,,,,,,,,,,,,,,,,,,,,,,,,,,,"(-14.1, 0.5, 4.1)","(-14.2, 1.0, 3.9)","(-14.2, 0.2, 3.9)",
PLAYER_GAZE,553533,6/27/2026 12:02:52 PM,068492a8-9bbc-456b-87fb-dc52c0aec9a7,2.0,,,,,,,,,,,,,,,,,,,,,,,,Civilian PT 14,,,,,,,,,"(-0.1, 1.0, 0.3)",,,"(-14.1, 0.0, 3.6)",
PLAYER_POSITIONS,554055,6/27/2026 12:02:53 PM,068492a8-9bbc-456b-87fb-dc52c0aec9a7,2.0,,,,,,,,,,,,,,,,,,,,,,,,,,,,,,,,,,,"(-14.1, 0.5, 4.1)","(-14.2, 0.9, 3.9)","(-14.2, 0.3, 3.7)",
PLAYER_GAZE,554055,6/27/2026 12:02:53 PM,068492a8-9bbc-456b-87fb-dc52c0aec9a7,2.0,,,,,,,,,,,,,,,,,,,,,,,,Civilian PT 14,,,,,,,,,"(-0.2, 0.9, 0.3)",,,"(-14.1, 0.0, 3.6)",
PLAYER_POSITIONS,554055,6/27/2026 12:02:53 PM,068492a8-9bbc-456b-87fb-dc52c0aec9a7,2.0,,,,,,,,,,,,,,,,,,,,,,,,,,,,,,,,,,,"(-14.1, 0.5, 4.1)","(-14.2, 0.9, 3.9)","(-14.2, 0.3, 3.7)",
PLAYER_GAZE,554055,6/27/2026 12:02:53 PM,068492a8-9bbc-456b-87fb-dc52c0aec9a7,2.0,,,,,,,,,,,,,,,,,,,,,,,,Civilian PT 14,,,,,,,,,"(-0.2, 0.9, 0.3)",,,"(-14.1, 0.0, 3.6)",
PLAYER_POSITIONS,554555,6/27/2026 12:02:53 PM,068492a8-9bbc-456b-87fb-dc52c0aec9a7,2.0,,,,,,,,,,,,,,,,,,,,,,,,,,,,,,,,,,,"(-14.2, 0.5, 4.1)","(-14.2, 1.0, 3.9)","(-14.2, 0.3, 3.9)",
PLAYER_GAZE,554555,6/27/2026 12:02:53 PM,068492a8-9bbc-456b-87fb-dc52c0aec9a7,2.0,,,,,,,,,,,,,,,,,,,,,,,,Civilian PT 14,,,,,,,,,"(-0.2, 1.0, 0.3)",,,"(-14.1, 0.0, 3.6)",
PLAYER_POSITIONS,554555,6/27/2026 12:02:53 PM,068492a8-9bbc-456b-87fb-dc52c0aec9a7,2.0,,,,,,,,,,,,,,,,,,,,,,,,,,,,,,,,,,,"(-14.2, 0.5, 4.1)","(-14.2, 1.0, 3.9)","(-14.2, 0.3, 3.9)",
PLAYER_GAZE,554555,6/27/2026 12:02:53 PM,068492a8-9bbc-456b-87fb-dc52c0aec9a7,2.0,,,,,,,,,,,,,,,,,,,,,,,,Civilian PT 14,,,,,,,,,"(-0.2, 1.0, 0.3)",,,"(-14.1, 0.0, 3.6)",
PLAYER_POSITIONS,555059,6/27/2026 12:02:54 PM,068492a8-9bbc-456b-87fb-dc52c0aec9a7,2.0,,,,,,,,,,,,,,,,,,,,,,,,,,,,,,,,,,,"(-14.2, 0.5, 4.1)","(-14.2, 1.0, 3.9)","(-14.4, 0.3, 3.8)",
PLAYER_GAZE,555059,6/27/2026 12:02:54 PM,068492a8-9bbc-456b-87fb-dc52c0aec9a7,2.0,,,,,,,,,,,,,,,,,,,,,,,,Civilian PT 14,,,,,,,,,"(-0.2, 1.0, 0.3)",,,"(-14.1, 0.0, 3.6)",
PLAYER_POSITIONS,555059,6/27/2026 12:02:54 PM,068492a8-9bbc-456b-87fb-dc52c0aec9a7,2.0,,,,,,,,,,,,,,,,,,,,,,,,,,,,,,,,,,,"(-14.2, 0.5, 4.1)","(-14.2, 1.0, 3.9)","(-14.4, 0.3, 3.8)",
PLAYER_GAZE,555059,6/27/2026 12:02:54 PM,068492a8-9bbc-456b-87fb-dc52c0aec9a7,2.0,,,,,,,,,,,,,,,,,,,,,,,,Civilian PT 14,,,,,,,,,"(-0.2, 1.0, 0.3)",,,"(-14.1, 0.0, 3.6)",
PLAYER_POSITIONS,555567,6/27/2026 12:02:54 PM,068492a8-9bbc-456b-87fb-dc52c0aec9a7,2.0,,,,,,,,,,,,,,,,,,,,,,,,,,,,,,,,,,,"(-14.1, 0.5, 4.1)","(-14.3, 1.0, 3.9)","(-14.3, 0.3, 3.8)",
PLAYER_GAZE,555567,6/27/2026 12:02:54 PM,068492a8-9bbc-456b-87fb-dc52c0aec9a7,2.0,,,,,,,,,,,,,,,,,,,,,,,,Civilian PT 14,,,,,,,,,"(-0.2, 1.0, 0.3)",,,"(-14.1, 0.0, 3.6)",
PLAYER_POSITIONS,555567,6/27/2026 12:02:54 PM,068492a8-9bbc-456b-87fb-dc52c0aec9a7,2.0,,,,,,,,,,,,,,,,,,,,,,,,,,,,,,,,,,,"(-14.1, 0.5, 4.1)","(-14.3, 1.0, 3.9)","(-14.3, 0.3, 3.8)",
PLAYER_GAZE,555567,6/27/2026 12:02:54 PM,068492a8-9bbc-456b-87fb-dc52c0aec9a7,2.0,,,,,,,,,,,,,,,,,,,,,,,,Civilian PT 14,,,,,,,,,"(-0.2, 1.0, 0.3)",,,"(-14.1, 0.0, 3.6)",
TOOL_DISCARDED,555841,6/27/2026 12:02:55 PM,068492a8-9bbc-456b-87fb-dc52c0aec9a7,2.0,,,,,,,,,,,,,,,,,,,,,,,,Civilian PT 14,,,,,,,,,,,,"(0.0, 0.0, 0.0)",,,,,,,,,,998,,SAM Splint,
PLAYER_POSITIONS,556068,6/27/2026 12:02:55 PM,068492a8-9bbc-456b-87fb-dc52c0aec9a7,2.0,,,,,,,,,,,,,,,,,,,,,,,,,,,,,,,,,,,"(-14.1, 0.5, 4.1)","(-14.3, 1.0, 3.9)","(-14.3, 0.3, 3.9)",
PLAYER_GAZE,556068,6/27/2026 12:02:55 PM,068492a8-9bbc-456b-87fb-dc52c0aec9a7,2.0,,,,,,,,,,,,,,,,,,,,,,,,Civilian PT 14,,,,,,,,,"(-0.2, 1.0, 0.3)",,,"(-14.1, 0.0, 3.6)",
PLAYER_POSITIONS,556068,6/27/2026 12:02:55 PM,068492a8-9bbc-456b-87fb-dc52c0aec9a7,2.0,,,,,,,,,,,,,,,,,,,,,,,,,,,,,,,,,,,"(-14.1, 0.5, 4.1)","(-14.3, 1.0, 3.9)","(-14.3, 0.3, 3.9)",
PLAYER_GAZE,556068,6/27/2026 12:02:55 PM,068492a8-9bbc-456b-87fb-dc52c0aec9a7,2.0,,,,,,,,,,,,,,,,,,,,,,,,Civilian PT 14,,,,,,,,,"(-0.2, 1.0, 0.3)",,,"(-14.1, 0.0, 3.6)",
AUDIO_START,556420,6/27/2026 12:02:55 PM,068492a8-9bbc-456b-87fb-dc52c0aec9a7,2.0,echo squad requesting danger close,4.571429,
PLAYER_POSITIONS,556569,6/27/2026 12:02:55 PM,068492a8-9bbc-456b-87fb-dc52c0aec9a7,2.0,,,,,,,,,,,,,,,,,,,,,,,,,,,,,,,,,,,"(-14.2, 0.5, 4.0)","(-14.2, 1.0, 3.9)","(-14.4, 0.4, 3.8)",
PLAYER_GAZE,556569,6/27/2026 12:02:55 PM,068492a8-9bbc-456b-87fb-dc52c0aec9a7,2.0,,,,,,,,,,,,,,,,,,,,,,,,Civilian PT 14,,,,,,,,,"(-0.1, 1.0, 0.3)",,,"(-14.1, 0.0, 3.6)",
PLAYER_POSITIONS,556569,6/27/2026 12:02:55 PM,068492a8-9bbc-456b-87fb-dc52c0aec9a7,2.0,,,,,,,,,,,,,,,,,,,,,,,,,,,,,,,,,,,"(-14.2, 0.5, 4.0)","(-14.2, 1.0, 3.9)","(-14.4, 0.4, 3.8)",
PLAYER_GAZE,556569,6/27/2026 12:02:55 PM,068492a8-9bbc-456b-87fb-dc52c0aec9a7,2.0,,,,,,,,,,,,,,,,,,,,,,,,Civilian PT 14,,,,,,,,,"(-0.1, 1.0, 0.3)",,,"(-14.1, 0.0, 3.6)",
BAG_CLOSED,556999,6/27/2026 12:02:56 PM,068492a8-9bbc-456b-87fb-dc52c0aec9a7,2.0,,,,,,,,,,,,,,,,,,,,,,,,,,,,,,,,,,,,"(0.0, 0.0, 0.0)",
PLAYER_POSITIONS,557091,6/27/2026 12:02:56 PM,068492a8-9bbc-456b-87fb-dc52c0aec9a7,2.0,,,,,,,,,,,,,,,,,,,,,,,,,,,,,,,,,,,"(-14.1, 0.5, 4.0)","(-14.1, 1.0, 3.9)","(-14.4, 0.5, 3.8)",
PLAYER_GAZE,557091,6/27/2026 12:02:56 PM,068492a8-9bbc-456b-87fb-dc52c0aec9a7,2.0,,,,,,,,,,,,,,,,,,,,,,,,Civilian PT 14,,,,,,,,,"(-0.1, 1.0, 0.3)",,,"(-14.1, 0.0, 3.6)",
PLAYER_POSITIONS,557091,6/27/2026 12:02:56 PM,068492a8-9bbc-456b-87fb-dc52c0aec9a7,2.0,,,,,,,,,,,,,,,,,,,,,,,,,,,,,,,,,,,"(-14.1, 0.5, 4.0)","(-14.1, 1.0, 3.9)","(-14.4, 0.5, 3.8)",
PLAYER_GAZE,557091,6/27/2026 12:02:56 PM,068492a8-9bbc-456b-87fb-dc52c0aec9a7,2.0,,,,,,,,,,,,,,,,,,,,,,,,Civilian PT 14,,,,,,,,,"(-0.1, 1.0, 0.3)",,,"(-14.1, 0.0, 3.6)",
PLAYER_POSITIONS,557591,6/27/2026 12:02:56 PM,068492a8-9bbc-456b-87fb-dc52c0aec9a7,2.0,,,,,,,,,,,,,,,,,,,,,,,,,,,,,,,,,,,"(-13.8, 0.5, 3.8)","(-13.9, 1.0, 3.8)","(-14.2, 0.6, 3.7)",
PLAYER_POSITIONS,557591,6/27/2026 12:02:56 PM,068492a8-9bbc-456b-87fb-dc52c0aec9a7,2.0,,,,,,,,,,,,,,,,,,,,,,,,,,,,,,,,,,,"(-13.8, 0.5, 3.8)","(-13.9, 1.0, 3.8)","(-14.2, 0.6, 3.7)",
PLAYER_POSITIONS,558101,6/27/2026 12:02:57 PM,068492a8-9bbc-456b-87fb-dc52c0aec9a7,2.0,,,,,,,,,,,,,,,,,,,,,,,,,,,,,,,,,,,"(-14.0, 0.5, 3.8)","(-14.0, 1.0, 3.8)","(-14.3, 0.7, 3.8)",
PLAYER_POSITIONS,558101,6/27/2026 12:02:57 PM,068492a8-9bbc-456b-87fb-dc52c0aec9a7,2.0,,,,,,,,,,,,,,,,,,,,,,,,,,,,,,,,,,,"(-14.0, 0.5, 3.8)","(-14.0, 1.0, 3.8)","(-14.3, 0.7, 3.8)",
PLAYER_POSITIONS,558613,6/27/2026 12:02:57 PM,068492a8-9bbc-456b-87fb-dc52c0aec9a7,2.0,,,,,,,,,,,,,,,,,,,,,,,,,,,,,,,,,,,"(-13.9, 0.5, 3.8)","(-14.0, 1.0, 3.8)","(-14.3, 0.7, 3.8)",
PLAYER_POSITIONS,558613,6/27/2026 12:02:57 PM,068492a8-9bbc-456b-87fb-dc52c0aec9a7,2.0,,,,,,,,,,,,,,,,,,,,,,,,,,,,,,,,,,,"(-13.9, 0.5, 3.8)","(-14.0, 1.0, 3.8)","(-14.3, 0.7, 3.8)",
PLAYER_POSITIONS,559114,6/27/2026 12:02:58 PM,068492a8-9bbc-456b-87fb-dc52c0aec9a7,2.0,,,,,,,,,,,,,,,,,,,,,,,,,,,,,,,,,,,"(-14.0, 0.5, 3.8)","(-14.0, 1.0, 3.8)","(-14.4, 0.7, 3.8)",
PLAYER_GAZE,559114,6/27/2026 12:02:58 PM,068492a8-9bbc-456b-87fb-dc52c0aec9a7,2.0,,,,,,,,,,,,,,,,,,,,,,,,Civilian PT 14,,,,,,,,,"(0.0, 1.0, 0.2)",,,"(-14.1, 0.0, 3.6)",
PLAYER_POSITIONS,559114,6/27/2026 12:02:58 PM,068492a8-9bbc-456b-87fb-dc52c0aec9a7,2.0,,,,,,,,,,,,,,,,,,,,,,,,,,,,,,,,,,,"(-14.0, 0.5, 3.8)","(-14.0, 1.0, 3.8)","(-14.4, 0.7, 3.8)",
PLAYER_GAZE,559114,6/27/2026 12:02:58 PM,068492a8-9bbc-456b-87fb-dc52c0aec9a7,2.0,,,,,,,,,,,,,,,,,,,,,,,,Civilian PT 14,,,,,,,,,"(0.0, 1.0, 0.2)",,,"(-14.1, 0.0, 3.6)",
VOICE_CAPTURE,559333,6/27/2026 12:02:58 PM,068492a8-9bbc-456b-87fb-dc52c0aec9a7,2.0,,,,,,,,,,,,,,,,,,,,,,,,,,,,,,,,,,,,,,,,,,,,,,,,,,,NA,Thank you.,
PLAYER_POSITIONS,559623,6/27/2026 12:02:59 PM,068492a8-9bbc-456b-87fb-dc52c0aec9a7,2.0,,,,,,,,,,,,,,,,,,,,,,,,,,,,,,,,,,,"(-14.2, 0.6, 3.8)","(-14.3, 1.1, 3.8)","(-14.8, 0.7, 4.0)",
PLAYER_POSITIONS,559623,6/27/2026 12:02:59 PM,068492a8-9bbc-456b-87fb-dc52c0aec9a7,2.0,,,,,,,,,,,,,,,,,,,,,,,,,,,,,,,,,,,"(-14.2, 0.6, 3.8)","(-14.3, 1.1, 3.8)","(-14.8, 0.7, 4.0)",
VOICE_CAPTURE,559844,6/27/2026 12:02:59 PM,068492a8-9bbc-456b-87fb-dc52c0aec9a7,2.0,,,,,,,,,,,,,,,,,,,,,,,,,,,,,,,,,,,,,,,,,,,,,,,,,,,NA,All right.,
PLAYER_POSITIONS,560134,6/27/2026 12:02:59 PM,068492a8-9bbc-456b-87fb-dc52c0aec9a7,2.0,,,,,,,,,,,,,,,,,,,,,,,,,,,,,,,,,,,"(-14.4, 0.6, 3.8)","(-14.5, 1.1, 3.8)","(-14.9, 0.7, 4.0)",
PLAYER_POSITIONS,560134,6/27/2026 12:02:59 PM,068492a8-9bbc-456b-87fb-dc52c0aec9a7,2.0,,,,,,,,,,,,,,,,,,,,,,,,,,,,,,,,,,,"(-14.4, 0.6, 3.8)","(-14.5, 1.1, 3.8)","(-14.9, 0.7, 4.0)",
VOICE_CAPTURE,560366,6/27/2026 12:02:59 PM,068492a8-9bbc-456b-87fb-dc52c0aec9a7,2.0,,,,,,,,,,,,,,,,,,,,,,,,,,,,,,,,,,,,,,,,,,,,,,,,,,,NA,All right. All right.,
PLAYER_POSITIONS,560655,6/27/2026 12:03:00 PM,068492a8-9bbc-456b-87fb-dc52c0aec9a7,2.0,,,,,,,,,,,,,,,,,,,,,,,,,,,,,,,,,,,"(-14.4, 0.6, 3.8)","(-14.5, 1.1, 3.8)","(-14.9, 0.7, 3.9)",
PLAYER_POSITIONS,560655,6/27/2026 12:03:00 PM,068492a8-9bbc-456b-87fb-dc52c0aec9a7,2.0,,,,,,,,,,,,,,,,,,,,,,,,,,,,,,,,,,,"(-14.4, 0.6, 3.8)","(-14.5, 1.1, 3.8)","(-14.9, 0.7, 3.9)",
VOICE_CAPTURE,560835,6/27/2026 12:03:00 PM,068492a8-9bbc-456b-87fb-dc52c0aec9a7,2.0,,,,,,,,,,,,,,,,,,,,,,,,,,,,,,,,,,,,,,,,,,,,,,,,,,,NA,All right. All right.,
VOICE_CAPTURE,560835,6/27/2026 12:03:00 PM,068492a8-9bbc-456b-87fb-dc52c0aec9a7,2.0,,,,,,,,,,,,,,,,,,,,,,,,,,,,,,,,,,,,,,,,,,,,,,,,,,,NA,All right. All right.,
AUDIO_END,560989,6/27/2026 12:03:00 PM,068492a8-9bbc-456b-87fb-dc52c0aec9a7,2.0,echo squad requesting danger close,4.571429,
NARRATIVE_SECTION_END,560989,6/27/2026 12:03:00 PM,068492a8-9bbc-456b-87fb-dc52c0aec9a7,2.0,,,,,,,,,,,,,,,,,,Echo squad requesting danger close,63,
NARRATIVE_SECTION_START,561007,6/27/2026 12:03:00 PM,068492a8-9bbc-456b-87fb-dc52c0aec9a7,2.0,,,,,,,,,,,,,,,,,,Hammer 1-2 inbound for danger close,64,
TOOL_HOVER,561120,6/27/2026 12:03:00 PM,068492a8-9bbc-456b-87fb-dc52c0aec9a7,2.0,,,,,,,,,,,,,,,,,,,,,,,,,,,,,,,,,,,,,,,,,,,,,,995,,Tourniquet,
PLAYER_POSITIONS,561168,6/27/2026 12:03:00 PM,068492a8-9bbc-456b-87fb-dc52c0aec9a7,2.0,,,,,,,,,,,,,,,,,,,,,,,,,,,,,,,,,,,"(-14.4, 0.6, 3.9)","(-14.5, 1.1, 3.9)","(-15.0, 0.9, 3.8)",
PLAYER_POSITIONS,561168,6/27/2026 12:03:00 PM,068492a8-9bbc-456b-87fb-dc52c0aec9a7,2.0,,,,,,,,,,,,,,,,,,,,,,,,,,,,,,,,,,,"(-14.4, 0.6, 3.9)","(-14.5, 1.1, 3.9)","(-15.0, 0.9, 3.8)",
TOOL_HOVER,561325,6/27/2026 12:03:00 PM,068492a8-9bbc-456b-87fb-dc52c0aec9a7,2.0,,,,,,,,,,,,,,,,,,,,,,,,,,,,,,,,,,,,,,,,,,,,,,997,,Hemostatic Gauze,
TOOL_HOVER,561424,6/27/2026 12:03:00 PM,068492a8-9bbc-456b-87fb-dc52c0aec9a7,2.0,,,,,,,,,,,,,,,,,,,,,,,,,,,,,,,,,,,,,,,,,,,,,,996,,Gauze Wrap,
TOOL_HOVER,561613,6/27/2026 12:03:00 PM,068492a8-9bbc-456b-87fb-dc52c0aec9a7,2.0,,,,,,,,,,,,,,,,,,,,,,,,,,,,,,,,,,,,,,,,,,,,,,995,,Tourniquet,
PLAYER_POSITIONS,561684,6/27/2026 12:03:01 PM,068492a8-9bbc-456b-87fb-dc52c0aec9a7,2.0,,,,,,,,,,,,,,,,,,,,,,,,,,,,,,,,,,,"(-14.4, 0.6, 3.9)","(-14.5, 1.1, 3.9)","(-15.0, 0.8, 3.8)",
PLAYER_POSITIONS,561684,6/27/2026 12:03:01 PM,068492a8-9bbc-456b-87fb-dc52c0aec9a7,2.0,,,,,,,,,,,,,,,,,,,,,,,,,,,,,,,,,,,"(-14.4, 0.6, 3.9)","(-14.5, 1.1, 3.9)","(-15.0, 0.8, 3.8)",
PLAYER_POSITIONS,562199,6/27/2026 12:03:01 PM,068492a8-9bbc-456b-87fb-dc52c0aec9a7,2.0,,,,,,,,,,,,,,,,,,,,,,,,,,,,,,,,,,,"(-14.3, 0.4, 3.9)","(-14.3, 1.0, 3.8)","(-14.7, 0.7, 3.7)",
PLAYER_GAZE,562199,6/27/2026 12:03:01 PM,068492a8-9bbc-456b-87fb-dc52c0aec9a7,2.0,,,,,,,,,,,,,,,,,,,,,,,,Civilian PT 14,,,,,,,,,"(-0.2, 1.0, 0.2)",,,"(-14.1, 0.0, 3.6)",
PLAYER_POSITIONS,562199,6/27/2026 12:03:01 PM,068492a8-9bbc-456b-87fb-dc52c0aec9a7,2.0,,,,,,,,,,,,,,,,,,,,,,,,,,,,,,,,,,,"(-14.3, 0.4, 3.9)","(-14.3, 1.0, 3.8)","(-14.7, 0.7, 3.7)",
PLAYER_GAZE,562199,6/27/2026 12:03:01 PM,068492a8-9bbc-456b-87fb-dc52c0aec9a7,2.0,,,,,,,,,,,,,,,,,,,,,,,,Civilian PT 14,,,,,,,,,"(-0.2, 1.0, 0.2)",,,"(-14.1, 0.0, 3.6)",
PLAYER_POSITIONS,562703,6/27/2026 12:03:02 PM,068492a8-9bbc-456b-87fb-dc52c0aec9a7,2.0,,,,,,,,,,,,,,,,,,,,,,,,,,,,,,,,,,,"(-14.2, 0.4, 3.9)","(-14.3, 1.0, 3.8)","(-14.5, 0.6, 3.8)",
PLAYER_GAZE,562703,6/27/2026 12:03:02 PM,068492a8-9bbc-456b-87fb-dc52c0aec9a7,2.0,,,,,,,,,,,,,,,,,,,,,,,,Civilian PT 14,,,,,,,,,"(-0.2, 1.0, 0.2)",,,"(-14.1, 0.0, 3.6)",
PLAYER_POSITIONS,562703,6/27/2026 12:03:02 PM,068492a8-9bbc-456b-87fb-dc52c0aec9a7,2.0,,,,,,,,,,,,,,,,,,,,,,,,,,,,,,,,,,,"(-14.2, 0.4, 3.9)","(-14.3, 1.0, 3.8)","(-14.5, 0.6, 3.8)",
PLAYER_GAZE,562703,6/27/2026 12:03:02 PM,068492a8-9bbc-456b-87fb-dc52c0aec9a7,2.0,,,,,,,,,,,,,,,,,,,,,,,,Civilian PT 14,,,,,,,,,"(-0.2, 1.0, 0.2)",,,"(-14.1, 0.0, 3.6)",
VOICE_CAPTURE,562823,6/27/2026 12:03:02 PM,068492a8-9bbc-456b-87fb-dc52c0aec9a7,2.0,,,,,,,,,,,,,,,,,,,,,,,,,,,,,,,,,,,,,,,,,,,,,,,,,,,NA,Oh,
PLAYER_POSITIONS,563234,6/27/2026 12:03:02 PM,068492a8-9bbc-456b-87fb-dc52c0aec9a7,2.0,,,,,,,,,,,,,,,,,,,,,,,,,,,,,,,,,,,"(-14.1, 0.2, 3.8)","(-14.3, 1.0, 3.8)","(-14.8, 0.7, 3.9)",
PLAYER_GAZE,563234,6/27/2026 12:03:02 PM,068492a8-9bbc-456b-87fb-dc52c0aec9a7,2.0,,,,,,,,,,,,,,,,,,,,,,,,Civilian PT 14,,,,,,,,,"(-0.2, 1.0, 0.2)",,,"(-14.1, 0.0, 3.6)",
PLAYER_POSITIONS,563234,6/27/2026 12:03:02 PM,068492a8-9bbc-456b-87fb-dc52c0aec9a7,2.0,,,,,,,,,,,,,,,,,,,,,,,,,,,,,,,,,,,"(-14.1, 0.2, 3.8)","(-14.3, 1.0, 3.8)","(-14.8, 0.7, 3.9)",
PLAYER_GAZE,563234,6/27/2026 12:03:02 PM,068492a8-9bbc-456b-87fb-dc52c0aec9a7,2.0,,,,,,,,,,,,,,,,,,,,,,,,Civilian PT 14,,,,,,,,,"(-0.2, 1.0, 0.2)",,,"(-14.1, 0.0, 3.6)",
VOICE_CAPTURE,563268,6/27/2026 12:03:02 PM,068492a8-9bbc-456b-87fb-dc52c0aec9a7,2.0,,,,,,,,,,,,,,,,,,,,,,,,,,,,,,,,,,,,,,,,,,,,,,,,,,,NA,Oh,
PLAYER_POSITIONS,563747,6/27/2026 12:03:03 PM,068492a8-9bbc-456b-87fb-dc52c0aec9a7,2.0,,,,,,,,,,,,,,,,,,,,,,,,,,,,,,,,,,,"(-14.3, 0.3, 3.8)","(-14.4, 1.1, 3.8)","(-14.9, 1.0, 3.9)",
PLAYER_POSITIONS,563747,6/27/2026 12:03:03 PM,068492a8-9bbc-456b-87fb-dc52c0aec9a7,2.0,,,,,,,,,,,,,,,,,,,,,,,,,,,,,,,,,,,"(-14.3, 0.3, 3.8)","(-14.4, 1.1, 3.8)","(-14.9, 1.0, 3.9)",
VOICE_CAPTURE,563847,6/27/2026 12:03:03 PM,068492a8-9bbc-456b-87fb-dc52c0aec9a7,2.0,,,,,,,,,,,,,,,,,,,,,,,,,,,,,,,,,,,,,,,,,,,,,,,,,,,NA,Oh.,
AUDIO_START,564008,6/27/2026 12:03:03 PM,068492a8-9bbc-456b-87fb-dc52c0aec9a7,2.0,hammer 1 2 inbound for danger close,3.239184,
PLAYER_POSITIONS,564270,6/27/2026 12:03:03 PM,068492a8-9bbc-456b-87fb-dc52c0aec9a7,2.0,,,,,,,,,,,,,,,,,,,,,,,,,,,,,,,,,,,"(-14.2, 0.3, 3.9)","(-14.5, 1.1, 3.8)","(-15.1, 1.0, 3.8)",
PLAYER_POSITIONS,564270,6/27/2026 12:03:03 PM,068492a8-9bbc-456b-87fb-dc52c0aec9a7,2.0,,,,,,,,,,,,,,,,,,,,,,,,,,,,,,,,,,,"(-14.2, 0.3, 3.9)","(-14.5, 1.1, 3.8)","(-15.1, 1.0, 3.8)",
TOOL_HOVER,564334,6/27/2026 12:03:03 PM,068492a8-9bbc-456b-87fb-dc52c0aec9a7,2.0,,,,,,,,,,,,,,,,,,,,,,,,,,,,,,,,,,,,,,,,,,,,,,998,,Israeli Wrap,
VOICE_CAPTURE,564370,6/27/2026 12:03:03 PM,068492a8-9bbc-456b-87fb-dc52c0aec9a7,2.0,,,,,,,,,,,,,,,,,,,,,,,,,,,,,,,,,,,,,,,,,,,,,,,,,,,NA,Oh.,
TOOL_HOVER,564412,6/27/2026 12:03:03 PM,068492a8-9bbc-456b-87fb-dc52c0aec9a7,2.0,,,,,,,,,,,,,,,,,,,,,,,,,,,,,,,,,,,,,,,,,,,,,,996,,Gauze Wrap,
PLAYER_POSITIONS,564782,6/27/2026 12:03:04 PM,068492a8-9bbc-456b-87fb-dc52c0aec9a7,2.0,,,,,,,,,,,,,,,,,,,,,,,,,,,,,,,,,,,"(-14.2, 0.3, 3.9)","(-14.5, 1.1, 3.8)","(-15.1, 0.8, 3.7)",
PLAYER_POSITIONS,564782,6/27/2026 12:03:04 PM,068492a8-9bbc-456b-87fb-dc52c0aec9a7,2.0,,,,,,,,,,,,,,,,,,,,,,,,,,,,,,,,,,,"(-14.2, 0.3, 3.9)","(-14.5, 1.1, 3.8)","(-15.1, 0.8, 3.7)",
VOICE_CAPTURE,564850,6/27/2026 12:03:04 PM,068492a8-9bbc-456b-87fb-dc52c0aec9a7,2.0,,,,,,,,,,,,,,,,,,,,,,,,,,,,,,,,,,,,,,,,,,,,,,,,,,,NA,Oh.,
TOOL_HOVER,564928,6/27/2026 12:03:04 PM,068492a8-9bbc-456b-87fb-dc52c0aec9a7,2.0,,,,,,,,,,,,,,,,,,,,,,,,,,,,,,,,,,,,,,,,,,,,,,996,,Gauze Wrap,
TOOL_SELECTED,565152,6/27/2026 12:03:04 PM,068492a8-9bbc-456b-87fb-dc52c0aec9a7,2.0,,,,,,,,,,,,,,,,,,,,,,,,,,,,,,,,,,,,,,,,,,,,,,995,,Gauze Wrap,
PLAYER_POSITIONS,565298,6/27/2026 12:03:04 PM,068492a8-9bbc-456b-87fb-dc52c0aec9a7,2.0,,,,,,,,,,,,,,,,,,,,,,,,,,,,,,,,,,,"(-14.2, 0.3, 3.8)","(-14.5, 1.1, 3.8)","(-14.9, 0.7, 3.6)",
PLAYER_POSITIONS,565298,6/27/2026 12:03:04 PM,068492a8-9bbc-456b-87fb-dc52c0aec9a7,2.0,,,,,,,,,,,,,,,,,,,,,,,,,,,,,,,,,,,"(-14.2, 0.3, 3.8)","(-14.5, 1.1, 3.8)","(-14.9, 0.7, 3.6)",
VOICE_CAPTURE,565299,6/27/2026 12:03:04 PM,068492a8-9bbc-456b-87fb-dc52c0aec9a7,2.0,,,,,,,,,,,,,,,,,,,,,,,,,,,,,,,,,,,,,,,,,,,,,,,,,,,NA,Oh.,
PLAYER_POSITIONS,565817,6/27/2026 12:03:05 PM,068492a8-9bbc-456b-87fb-dc52c0aec9a7,2.0,,,,,,,,,,,,,,,,,,,,,,,,,,,,,,,,,,,"(-14.3, 0.5, 4.0)","(-14.2, 0.9, 3.8)","(-14.2, 0.2, 3.8)",
PLAYER_POSITIONS,565817,6/27/2026 12:03:05 PM,068492a8-9bbc-456b-87fb-dc52c0aec9a7,2.0,,,,,,,,,,,,,,,,,,,,,,,,,,,,,,,,,,,"(-14.3, 0.5, 4.0)","(-14.2, 0.9, 3.8)","(-14.2, 0.2, 3.8)",
VOICE_CAPTURE,565817,6/27/2026 12:03:05 PM,068492a8-9bbc-456b-87fb-dc52c0aec9a7,2.0,,,,,,,,,,,,,,,,,,,,,,,,,,,,,,,,,,,,,,,,,,,,,,,,,,,NA,Oh.,
TOOL_APPLIED,566041,6/27/2026 12:03:05 PM,068492a8-9bbc-456b-87fb-dc52c0aec9a7,2.0,,,,,,,,,,,,,,,,,,,,,,,,Civilian PT 14,,,,,,,,,,,,,,,,,,,,AppliedGauzeWrap,skinCollider_BodyLOD (UnityEngine.GameObject),,Gauze Wrap(Clone) (UnityEngine.GameObject),Gauze Wrap,
TOOL_DISCARDED,566058,6/27/2026 12:03:05 PM,068492a8-9bbc-456b-87fb-dc52c0aec9a7,2.0,,,,,,,,,,,,,,,,,,,,,,,,Civilian PT 14,,,,,,,,,,,,"(0.0, 0.0, 0.0)",,,,,,,,,,995,,Gauze Wrap,
VOICE_CAPTURE,566305,6/27/2026 12:03:05 PM,068492a8-9bbc-456b-87fb-dc52c0aec9a7,2.0,,,,,,,,,,,,,,,,,,,,,,,,,,,,,,,,,,,,,,,,,,,,,,,,,,,NA,Oh.,
PLAYER_POSITIONS,566327,6/27/2026 12:03:05 PM,068492a8-9bbc-456b-87fb-dc52c0aec9a7,2.0,,,,,,,,,,,,,,,,,,,,,,,,,,,,,,,,,,,"(-14.2, 0.5, 4.0)","(-14.2, 0.9, 3.8)","(-14.2, 0.2, 3.8)",
PLAYER_GAZE,566327,6/27/2026 12:03:05 PM,068492a8-9bbc-456b-87fb-dc52c0aec9a7,2.0,,,,,,,,,,,,,,,,,,,,,,,,Civilian PT 14,,,,,,,,,"(-0.2, 0.9, 0.2)",,,"(-14.1, 0.0, 3.6)",
PLAYER_POSITIONS,566327,6/27/2026 12:03:05 PM,068492a8-9bbc-456b-87fb-dc52c0aec9a7,2.0,,,,,,,,,,,,,,,,,,,,,,,,,,,,,,,,,,,"(-14.2, 0.5, 4.0)","(-14.2, 0.9, 3.8)","(-14.2, 0.2, 3.8)",
PLAYER_GAZE,566327,6/27/2026 12:03:05 PM,068492a8-9bbc-456b-87fb-dc52c0aec9a7,2.0,,,,,,,,,,,,,,,,,,,,,,,,Civilian PT 14,,,,,,,,,"(-0.2, 0.9, 0.2)",,,"(-14.1, 0.0, 3.6)",
VOICE_CAPTURE,566805,6/27/2026 12:03:06 PM,068492a8-9bbc-456b-87fb-dc52c0aec9a7,2.0,,,,,,,,,,,,,,,,,,,,,,,,,,,,,,,,,,,,,,,,,,,,,,,,,,,NA,Oh.,
PLAYER_POSITIONS,566826,6/27/2026 12:03:06 PM,068492a8-9bbc-456b-87fb-dc52c0aec9a7,2.0,,,,,,,,,,,,,,,,,,,,,,,,,,,,,,,,,,,"(-14.2, 0.4, 3.9)","(-14.2, 0.9, 3.8)","(-14.4, 0.3, 3.7)",
PLAYER_POSITIONS,566826,6/27/2026 12:03:06 PM,068492a8-9bbc-456b-87fb-dc52c0aec9a7,2.0,,,,,,,,,,,,,,,,,,,,,,,,,,,,,,,,,,,"(-14.2, 0.4, 3.9)","(-14.2, 0.9, 3.8)","(-14.4, 0.3, 3.7)",
AUDIO_END,567261,6/27/2026 12:03:06 PM,068492a8-9bbc-456b-87fb-dc52c0aec9a7,2.0,hammer 1 2 inbound for danger close,3.239184,
NARRATIVE_SECTION_END,567262,6/27/2026 12:03:06 PM,068492a8-9bbc-456b-87fb-dc52c0aec9a7,2.0,,,,,,,,,,,,,,,,,,Hammer 1-2 inbound for danger close,64,
NARRATIVE_SECTION_START,567301,6/27/2026 12:03:06 PM,068492a8-9bbc-456b-87fb-dc52c0aec9a7,2.0,,,,,,,,,,,,,,,,,,Hammer 1-2 cleared hot,65,
PLAYER_POSITIONS,567339,6/27/2026 12:03:06 PM,068492a8-9bbc-456b-87fb-dc52c0aec9a7,2.0,,,,,,,,,,,,,,,,,,,,,,,,,,,,,,,,,,,"(-14.3, 0.5, 3.8)","(-14.4, 1.0, 3.8)","(-14.9, 0.8, 3.7)",
PLAYER_POSITIONS,567339,6/27/2026 12:03:06 PM,068492a8-9bbc-456b-87fb-dc52c0aec9a7,2.0,,,,,,,,,,,,,,,,,,,,,,,,,,,,,,,,,,,"(-14.3, 0.5, 3.8)","(-14.4, 1.0, 3.8)","(-14.9, 0.8, 3.7)",
VOICE_CAPTURE,567339,6/27/2026 12:03:06 PM,068492a8-9bbc-456b-87fb-dc52c0aec9a7,2.0,,,,,,,,,,,,,,,,,,,,,,,,,,,,,,,,,,,,,,,,,,,,,,,,,,,NA,Oh.,
TOOL_HOVER,567425,6/27/2026 12:03:06 PM,068492a8-9bbc-456b-87fb-dc52c0aec9a7,2.0,,,,,,,,,,,,,,,,,,,,,,,,,,,,,,,,,,,,,,,,,,,,,,995,,Tourniquet,
TOOL_HOVER,567715,6/27/2026 12:03:07 PM,068492a8-9bbc-456b-87fb-dc52c0aec9a7,2.0,,,,,,,,,,,,,,,,,,,,,,,,,,,,,,,,,,,,,,,,,,,,,,995,,Tourniquet,
TOOL_HOVER,567813,6/27/2026 12:03:07 PM,068492a8-9bbc-456b-87fb-dc52c0aec9a7,2.0,,,,,,,,,,,,,,,,,,,,,,,,,,,,,,,,,,,,,,,,,,,,,,996,,Gauze Wrap,
VOICE_CAPTURE,567816,6/27/2026 12:03:07 PM,068492a8-9bbc-456b-87fb-dc52c0aec9a7,2.0,,,,,,,,,,,,,,,,,,,,,,,,,,,,,,,,,,,,,,,,,,,,,,,,,,,NA,Oh.,
PLAYER_POSITIONS,567860,6/27/2026 12:03:07 PM,068492a8-9bbc-456b-87fb-dc52c0aec9a7,2.0,,,,,,,,,,,,,,,,,,,,,,,,,,,,,,,,,,,"(-14.3, 0.5, 3.8)","(-14.4, 1.1, 3.8)","(-15.1, 0.8, 3.7)",
PLAYER_POSITIONS,567860,6/27/2026 12:03:07 PM,068492a8-9bbc-456b-87fb-dc52c0aec9a7,2.0,,,,,,,,,,,,,,,,,,,,,,,,,,,,,,,,,,,"(-14.3, 0.5, 3.8)","(-14.4, 1.1, 3.8)","(-15.1, 0.8, 3.7)",
TOOL_SELECTED,567881,6/27/2026 12:03:07 PM,068492a8-9bbc-456b-87fb-dc52c0aec9a7,2.0,,,,,,,,,,,,,,,,,,,,,,,,,,,,,,,,,,,,,,,,,,,,,,995,,Gauze Wrap,
VOICE_CAPTURE,568326,6/27/2026 12:03:07 PM,068492a8-9bbc-456b-87fb-dc52c0aec9a7,2.0,,,,,,,,,,,,,,,,,,,,,,,,,,,,,,,,,,,,,,,,,,,,,,,,,,,NA,Oh. What?,
PLAYER_POSITIONS,568370,6/27/2026 12:03:07 PM,068492a8-9bbc-456b-87fb-dc52c0aec9a7,2.0,,,,,,,,,,,,,,,,,,,,,,,,,,,,,,,,,,,"(-14.3, 0.5, 3.9)","(-14.3, 0.9, 3.8)","(-14.4, 0.3, 3.7)",
PLAYER_GAZE,568370,6/27/2026 12:03:07 PM,068492a8-9bbc-456b-87fb-dc52c0aec9a7,2.0,,,,,,,,,,,,,,,,,,,,,,,,Civilian PT 14,,,,,,,,,"(-0.2, 0.9, 0.2)",,,"(-14.1, 0.0, 3.6)",
PLAYER_POSITIONS,568370,6/27/2026 12:03:07 PM,068492a8-9bbc-456b-87fb-dc52c0aec9a7,2.0,,,,,,,,,,,,,,,,,,,,,,,,,,,,,,,,,,,"(-14.3, 0.5, 3.9)","(-14.3, 0.9, 3.8)","(-14.4, 0.3, 3.7)",
PLAYER_GAZE,568370,6/27/2026 12:03:07 PM,068492a8-9bbc-456b-87fb-dc52c0aec9a7,2.0,,,,,,,,,,,,,,,,,,,,,,,,Civilian PT 14,,,,,,,,,"(-0.2, 0.9, 0.2)",,,"(-14.1, 0.0, 3.6)",
VOICE_CAPTURE,568838,6/27/2026 12:03:08 PM,068492a8-9bbc-456b-87fb-dc52c0aec9a7,2.0,,,,,,,,,,,,,,,,,,,,,,,,,,,,,,,,,,,,,,,,,,,,,,,,,,,NA,Oh. What?,
VOICE_CAPTURE,568838,6/27/2026 12:03:08 PM,068492a8-9bbc-456b-87fb-dc52c0aec9a7,2.0,,,,,,,,,,,,,,,,,,,,,,,,,,,,,,,,,,,,,,,,,,,,,,,,,,,NA,Oh. What?,
PLAYER_POSITIONS,568882,6/27/2026 12:03:08 PM,068492a8-9bbc-456b-87fb-dc52c0aec9a7,2.0,,,,,,,,,,,,,,,,,,,,,,,,,,,,,,,,,,,"(-14.3, 0.5, 4.0)","(-14.2, 0.9, 3.8)","(-14.2, 0.2, 3.8)",
PLAYER_POSITIONS,568882,6/27/2026 12:03:08 PM,068492a8-9bbc-456b-87fb-dc52c0aec9a7,2.0,,,,,,,,,,,,,,,,,,,,,,,,,,,,,,,,,,,"(-14.3, 0.5, 4.0)","(-14.2, 0.9, 3.8)","(-14.2, 0.2, 3.8)",
TOOL_APPLIED,569258,6/27/2026 12:03:08 PM,068492a8-9bbc-456b-87fb-dc52c0aec9a7,2.0,,,,,,,,,,,,,,,,,,,,,,,,Civilian PT 14,,,,,,,,,,,,,,,,,,,,AppliedGauzeWrap,skinCollider_BodyLOD (UnityEngine.GameObject),,Gauze Wrap(Clone) (UnityEngine.GameObject),Gauze Wrap,
TOOL_DISCARDED,569289,6/27/2026 12:03:08 PM,068492a8-9bbc-456b-87fb-dc52c0aec9a7,2.0,,,,,,,,,,,,,,,,,,,,,,,,Civilian PT 14,,,,,,,,,,,,"(0.0, 0.0, 0.0)",,,,,,,,,,995,,Gauze Wrap,
PLAYER_POSITIONS,569393,6/27/2026 12:03:08 PM,068492a8-9bbc-456b-87fb-dc52c0aec9a7,2.0,,,,,,,,,,,,,,,,,,,,,,,,,,,,,,,,,,,"(-14.2, 0.4, 4.0)","(-14.3, 0.8, 3.8)","(-14.2, 0.2, 3.8)",
PLAYER_POSITIONS,569393,6/27/2026 12:03:08 PM,068492a8-9bbc-456b-87fb-dc52c0aec9a7,2.0,,,,,,,,,,,,,,,,,,,,,,,,,,,,,,,,,,,"(-14.2, 0.4, 4.0)","(-14.3, 0.8, 3.8)","(-14.2, 0.2, 3.8)",
PLAYER_POSITIONS,569903,6/27/2026 12:03:09 PM,068492a8-9bbc-456b-87fb-dc52c0aec9a7,2.0,,,,,,,,,,,,,,,,,,,,,,,,,,,,,,,,,,,"(-14.3, 0.5, 4.0)","(-14.3, 0.9, 3.8)","(-14.3, 0.2, 3.8)",
PLAYER_GAZE,569903,6/27/2026 12:03:09 PM,068492a8-9bbc-456b-87fb-dc52c0aec9a7,2.0,,,,,,,,,,,,,,,,,,,,,,,,Civilian PT 14,,,,,,,,,"(-0.2, 0.9, 0.2)",,,"(-14.1, 0.0, 3.6)",
PLAYER_POSITIONS,569903,6/27/2026 12:03:09 PM,068492a8-9bbc-456b-87fb-dc52c0aec9a7,2.0,,,,,,,,,,,,,,,,,,,,,,,,,,,,,,,,,,,"(-14.3, 0.5, 4.0)","(-14.3, 0.9, 3.8)","(-14.3, 0.2, 3.8)",
PLAYER_GAZE,569903,6/27/2026 12:03:09 PM,068492a8-9bbc-456b-87fb-dc52c0aec9a7,2.0,,,,,,,,,,,,,,,,,,,,,,,,Civilian PT 14,,,,,,,,,"(-0.2, 0.9, 0.2)",,,"(-14.1, 0.0, 3.6)",
AUDIO_START,570286,6/27/2026 12:03:09 PM,068492a8-9bbc-456b-87fb-dc52c0aec9a7,2.0,hammer 1 2 cleared hot,2.847347,
PLAYER_POSITIONS,570404,6/27/2026 12:03:09 PM,068492a8-9bbc-456b-87fb-dc52c0aec9a7,2.0,,,,,,,,,,,,,,,,,,,,,,,,,,,,,,,,,,,"(-14.2, 0.5, 3.9)","(-14.3, 1.0, 3.8)","(-14.5, 0.4, 3.6)",
PLAYER_GAZE,570404,6/27/2026 12:03:09 PM,068492a8-9bbc-456b-87fb-dc52c0aec9a7,2.0,,,,,,,,,,,,,,,,,,,,,,,,Civilian PT 14,,,,,,,,,"(-0.3, 1.0, 0.2)",,,"(-14.1, 0.0, 3.6)",
PLAYER_POSITIONS,570404,6/27/2026 12:03:09 PM,068492a8-9bbc-456b-87fb-dc52c0aec9a7,2.0,,,,,,,,,,,,,,,,,,,,,,,,,,,,,,,,,,,"(-14.2, 0.5, 3.9)","(-14.3, 1.0, 3.8)","(-14.5, 0.4, 3.6)",
PLAYER_GAZE,570404,6/27/2026 12:03:09 PM,068492a8-9bbc-456b-87fb-dc52c0aec9a7,2.0,,,,,,,,,,,,,,,,,,,,,,,,Civilian PT 14,,,,,,,,,"(-0.3, 1.0, 0.2)",,,"(-14.1, 0.0, 3.6)",
PLAYER_POSITIONS,570926,6/27/2026 12:03:10 PM,068492a8-9bbc-456b-87fb-dc52c0aec9a7,2.0,,,,,,,,,,,,,,,,,,,,,,,,,,,,,,,,,,,"(-14.4, 0.5, 3.8)","(-14.4, 1.1, 3.9)","(-14.9, 0.8, 3.7)",
PLAYER_POSITIONS,570926,6/27/2026 12:03:10 PM,068492a8-9bbc-456b-87fb-dc52c0aec9a7,2.0,,,,,,,,,,,,,,,,,,,,,,,,,,,,,,,,,,,"(-14.4, 0.5, 3.8)","(-14.4, 1.1, 3.9)","(-14.9, 0.8, 3.7)",
TOOL_HOVER,571012,6/27/2026 12:03:10 PM,068492a8-9bbc-456b-87fb-dc52c0aec9a7,2.0,,,,,,,,,,,,,,,,,,,,,,,,,,,,,,,,,,,,,,,,,,,,,,995,,Tourniquet,
TOOL_HOVER,571212,6/27/2026 12:03:10 PM,068492a8-9bbc-456b-87fb-dc52c0aec9a7,2.0,,,,,,,,,,,,,,,,,,,,,,,,,,,,,,,,,,,,,,,,,,,,,,999,,SAM Splint,
TOOL_SELECTED,571365,6/27/2026 12:03:10 PM,068492a8-9bbc-456b-87fb-dc52c0aec9a7,2.0,,,,,,,,,,,,,,,,,,,,,,,,,,,,,,,,,,,,,,,,,,,,,,998,,SAM Splint,
PLAYER_POSITIONS,571435,6/27/2026 12:03:10 PM,068492a8-9bbc-456b-87fb-dc52c0aec9a7,2.0,,,,,,,,,,,,,,,,,,,,,,,,,,,,,,,,,,,"(-14.3, 0.6, 3.8)","(-14.5, 1.1, 3.9)","(-15.0, 0.9, 3.6)",
PLAYER_POSITIONS,571435,6/27/2026 12:03:10 PM,068492a8-9bbc-456b-87fb-dc52c0aec9a7,2.0,,,,,,,,,,,,,,,,,,,,,,,,,,,,,,,,,,,"(-14.3, 0.6, 3.8)","(-14.5, 1.1, 3.9)","(-15.0, 0.9, 3.6)",
PLAYER_POSITIONS,571935,6/27/2026 12:03:11 PM,068492a8-9bbc-456b-87fb-dc52c0aec9a7,2.0,,,,,,,,,,,,,,,,,,,,,,,,,,,,,,,,,,,"(-14.3, 0.6, 3.8)","(-14.5, 1.1, 3.9)","(-14.9, 0.8, 3.6)",
PLAYER_POSITIONS,571935,6/27/2026 12:03:11 PM,068492a8-9bbc-456b-87fb-dc52c0aec9a7,2.0,,,,,,,,,,,,,,,,,,,,,,,,,,,,,,,,,,,"(-14.3, 0.6, 3.8)","(-14.5, 1.1, 3.9)","(-14.9, 0.8, 3.6)",
TOOL_DISCARDED,572042,6/27/2026 12:03:11 PM,068492a8-9bbc-456b-87fb-dc52c0aec9a7,2.0,,,,,,,,,,,,,,,,,,,,,,,,Civilian PT 14,,,,,,,,,,,,"(0.0, 0.0, 0.0)",,,,,,,,,,998,,SAM Splint,
TOOL_HOVER,572111,6/27/2026 12:03:11 PM,068492a8-9bbc-456b-87fb-dc52c0aec9a7,2.0,,,,,,,,,,,,,,,,,,,,,,,,,,,,,,,,,,,,,,,,,,,,,,995,,Tourniquet,
PLAYER_POSITIONS,572457,6/27/2026 12:03:11 PM,068492a8-9bbc-456b-87fb-dc52c0aec9a7,2.0,,,,,,,,,,,,,,,,,,,,,,,,,,,,,,,,,,,"(-14.4, 0.6, 3.8)","(-14.5, 1.2, 4.0)","(-15.1, 0.9, 3.9)",
PLAYER_POSITIONS,572457,6/27/2026 12:03:11 PM,068492a8-9bbc-456b-87fb-dc52c0aec9a7,2.0,,,,,,,,,,,,,,,,,,,,,,,,,,,,,,,,,,,"(-14.4, 0.6, 3.8)","(-14.5, 1.2, 4.0)","(-15.1, 0.9, 3.9)",
PLAYER_POSITIONS,572967,6/27/2026 12:03:12 PM,068492a8-9bbc-456b-87fb-dc52c0aec9a7,2.0,,,,,,,,,,,,,,,,,,,,,,,,,,,,,,,,,,,"(-14.4, 0.5, 3.9)","(-14.5, 1.1, 3.9)","(-14.9, 0.8, 3.8)",
PLAYER_POSITIONS,572967,6/27/2026 12:03:12 PM,068492a8-9bbc-456b-87fb-dc52c0aec9a7,2.0,,,,,,,,,,,,,,,,,,,,,,,,,,,,,,,,,,,"(-14.4, 0.5, 3.9)","(-14.5, 1.1, 3.9)","(-14.9, 0.8, 3.8)",
AUDIO_END,573144,6/27/2026 12:03:12 PM,068492a8-9bbc-456b-87fb-dc52c0aec9a7,2.0,hammer 1 2 cleared hot,2.847347,
NARRATIVE_SECTION_END,573144,6/27/2026 12:03:12 PM,068492a8-9bbc-456b-87fb-dc52c0aec9a7,2.0,,,,,,,,,,,,,,,,,,Hammer 1-2 cleared hot,65,
NARRATIVE_SECTION_START,573161,6/27/2026 12:03:12 PM,068492a8-9bbc-456b-87fb-dc52c0aec9a7,2.0,,,,,,,,,,,,,,,,,,Jet flyover 1-2 enable,66,
PLAYER_POSITIONS,573476,6/27/2026 12:03:12 PM,068492a8-9bbc-456b-87fb-dc52c0aec9a7,2.0,,,,,,,,,,,,,,,,,,,,,,,,,,,,,,,,,,,"(-14.4, 0.6, 3.8)","(-14.5, 1.1, 3.9)","(-14.9, 0.8, 3.9)",
PLAYER_POSITIONS,573476,6/27/2026 12:03:12 PM,068492a8-9bbc-456b-87fb-dc52c0aec9a7,2.0,,,,,,,,,,,,,,,,,,,,,,,,,,,,,,,,,,,"(-14.4, 0.6, 3.8)","(-14.5, 1.1, 3.9)","(-14.9, 0.8, 3.9)",
VOICE_CAPTURE,573798,6/27/2026 12:03:13 PM,068492a8-9bbc-456b-87fb-dc52c0aec9a7,2.0,,,,,,,,,,,,,,,,,,,,,,,,,,,,,,,,,,,,,,,,,,,,,,,,,,,NA,Alright.,
PLAYER_POSITIONS,573997,6/27/2026 12:03:13 PM,068492a8-9bbc-456b-87fb-dc52c0aec9a7,2.0,,,,,,,,,,,,,,,,,,,,,,,,,,,,,,,,,,,"(-14.5, 0.6, 3.8)","(-14.5, 1.1, 3.8)","(-14.9, 0.8, 3.9)",
PLAYER_POSITIONS,573997,6/27/2026 12:03:13 PM,068492a8-9bbc-456b-87fb-dc52c0aec9a7,2.0,,,,,,,,,,,,,,,,,,,,,,,,,,,,,,,,,,,"(-14.5, 0.6, 3.8)","(-14.5, 1.1, 3.8)","(-14.9, 0.8, 3.9)",
NARRATIVE_SECTION_END,574175,6/27/2026 12:03:13 PM,068492a8-9bbc-456b-87fb-dc52c0aec9a7,2.0,,,,,,,,,,,,,,,,,,Jet flyover 1-2 enable,66,
NARRATIVE_SECTION_START,574193,6/27/2026 12:03:13 PM,068492a8-9bbc-456b-87fb-dc52c0aec9a7,2.0,,,,,,,,,,,,,,,,,,Double jet flyover,67,
VOICE_CAPTURE,574364,6/27/2026 12:03:13 PM,068492a8-9bbc-456b-87fb-dc52c0aec9a7,2.0,,,,,,,,,,,,,,,,,,,,,,,,,,,,,,,,,,,,,,,,,,,,,,,,,,,NA,"Alright, well...",
PLAYER_POSITIONS,574519,6/27/2026 12:03:13 PM,068492a8-9bbc-456b-87fb-dc52c0aec9a7,2.0,,,,,,,,,,,,,,,,,,,,,,,,,,,,,,,,,,,"(-14.4, 0.6, 3.8)","(-14.5, 1.1, 3.8)","(-14.9, 0.8, 3.9)",
PLAYER_POSITIONS,574519,6/27/2026 12:03:13 PM,068492a8-9bbc-456b-87fb-dc52c0aec9a7,2.0,,,,,,,,,,,,,,,,,,,,,,,,,,,,,,,,,,,"(-14.4, 0.6, 3.8)","(-14.5, 1.1, 3.8)","(-14.9, 0.8, 3.9)",
VOICE_CAPTURE,574798,6/27/2026 12:03:14 PM,068492a8-9bbc-456b-87fb-dc52c0aec9a7,2.0,,,,,,,,,,,,,,,,,,,,,,,,,,,,,,,,,,,,,,,,,,,,,,,,,,,NA,"All right, well.",
PLAYER_POSITIONS,575021,6/27/2026 12:03:14 PM,068492a8-9bbc-456b-87fb-dc52c0aec9a7,2.0,,,,,,,,,,,,,,,,,,,,,,,,,,,,,,,,,,,"(-14.5, 0.6, 3.8)","(-14.5, 1.1, 3.8)","(-14.9, 0.8, 3.9)",
PLAYER_POSITIONS,575021,6/27/2026 12:03:14 PM,068492a8-9bbc-456b-87fb-dc52c0aec9a7,2.0,,,,,,,,,,,,,,,,,,,,,,,,,,,,,,,,,,,"(-14.5, 0.6, 3.8)","(-14.5, 1.1, 3.8)","(-14.9, 0.8, 3.9)",
VOICE_CAPTURE,575300,6/27/2026 12:03:14 PM,068492a8-9bbc-456b-87fb-dc52c0aec9a7,2.0,,,,,,,,,,,,,,,,,,,,,,,,,,,,,,,,,,,,,,,,,,,,,,,,,,,NA,"All right, well. All right, well.",
PLAYER_POSITIONS,575521,6/27/2026 12:03:14 PM,068492a8-9bbc-456b-87fb-dc52c0aec9a7,2.0,,,,,,,,,,,,,,,,,,,,,,,,,,,,,,,,,,,"(-14.5, 0.6, 3.8)","(-14.5, 1.1, 3.9)","(-15.0, 0.9, 4.0)",
PLAYER_POSITIONS,575521,6/27/2026 12:03:14 PM,068492a8-9bbc-456b-87fb-dc52c0aec9a7,2.0,,,,,,,,,,,,,,,,,,,,,,,,,,,,,,,,,,,"(-14.5, 0.6, 3.8)","(-14.5, 1.1, 3.9)","(-15.0, 0.9, 4.0)",
BAG_CLOSED,575817,6/27/2026 12:03:15 PM,068492a8-9bbc-456b-87fb-dc52c0aec9a7,2.0,,,,,,,,,,,,,,,,,,,,,,,,,,,,,,,,,,,,"(0.0, 0.0, 0.0)",
VOICE_CAPTURE,575821,6/27/2026 12:03:15 PM,068492a8-9bbc-456b-87fb-dc52c0aec9a7,2.0,,,,,,,,,,,,,,,,,,,,,,,,,,,,,,,,,,,,,,,,,,,,,,,,,,,NA,"All right, well. All right, well.",
VOICE_CAPTURE,575821,6/27/2026 12:03:15 PM,068492a8-9bbc-456b-87fb-dc52c0aec9a7,2.0,,,,,,,,,,,,,,,,,,,,,,,,,,,,,,,,,,,,,,,,,,,,,,,,,,,NA,"All right, well. All right, well.",
PLAYER_POSITIONS,576043,6/27/2026 12:03:15 PM,068492a8-9bbc-456b-87fb-dc52c0aec9a7,2.0,,,,,,,,,,,,,,,,,,,,,,,,,,,,,,,,,,,"(-14.5, 0.6, 3.8)","(-14.6, 1.2, 3.9)","(-15.2, 1.0, 4.0)",
PLAYER_POSITIONS,576043,6/27/2026 12:03:15 PM,068492a8-9bbc-456b-87fb-dc52c0aec9a7,2.0,,,,,,,,,,,,,,,,,,,,,,,,,,,,,,,,,,,"(-14.5, 0.6, 3.8)","(-14.6, 1.2, 3.9)","(-15.2, 1.0, 4.0)",
AUDIO_START,576191,6/27/2026 12:03:15 PM,068492a8-9bbc-456b-87fb-dc52c0aec9a7,2.0,double jet flyover,9.576,
PLAYER_POSITIONS,576543,6/27/2026 12:03:15 PM,068492a8-9bbc-456b-87fb-dc52c0aec9a7,2.0,,,,,,,,,,,,,,,,,,,,,,,,,,,,,,,,,,,"(-14.5, 0.6, 3.8)","(-14.6, 1.1, 3.9)","(-14.9, 0.8, 3.9)",
PLAYER_POSITIONS,576543,6/27/2026 12:03:15 PM,068492a8-9bbc-456b-87fb-dc52c0aec9a7,2.0,,,,,,,,,,,,,,,,,,,,,,,,,,,,,,,,,,,"(-14.5, 0.6, 3.8)","(-14.6, 1.1, 3.9)","(-14.9, 0.8, 3.9)",
PLAYER_POSITIONS,577065,6/27/2026 12:03:16 PM,068492a8-9bbc-456b-87fb-dc52c0aec9a7,2.0,,,,,,,,,,,,,,,,,,,,,,,,,,,,,,,,,,,"(-14.5, 0.6, 3.8)","(-14.6, 1.1, 3.9)","(-15.1, 0.7, 3.9)",
PLAYER_POSITIONS,577065,6/27/2026 12:03:16 PM,068492a8-9bbc-456b-87fb-dc52c0aec9a7,2.0,,,,,,,,,,,,,,,,,,,,,,,,,,,,,,,,,,,"(-14.5, 0.6, 3.8)","(-14.6, 1.1, 3.9)","(-15.1, 0.7, 3.9)",
TOOL_HOVER,577517,6/27/2026 12:03:16 PM,068492a8-9bbc-456b-87fb-dc52c0aec9a7,2.0,,,,,,,,,,,,,,,,,,,,,,,,,,,,,,,,,,,,,,,,,,,,,,996,,Gauze Wrap,
PLAYER_POSITIONS,577585,6/27/2026 12:03:16 PM,068492a8-9bbc-456b-87fb-dc52c0aec9a7,2.0,,,,,,,,,,,,,,,,,,,,,,,,,,,,,,,,,,,"(-14.5, 0.6, 3.8)","(-14.6, 1.1, 3.8)","(-15.1, 0.8, 3.6)",
PLAYER_POSITIONS,577585,6/27/2026 12:03:16 PM,068492a8-9bbc-456b-87fb-dc52c0aec9a7,2.0,,,,,,,,,,,,,,,,,,,,,,,,,,,,,,,,,,,"(-14.5, 0.6, 3.8)","(-14.6, 1.1, 3.8)","(-15.1, 0.8, 3.6)",
TOOL_HOVER,578039,6/27/2026 12:03:17 PM,068492a8-9bbc-456b-87fb-dc52c0aec9a7,2.0,,,,,,,,,,,,,,,,,,,,,,,,,,,,,,,,,,,,,,,,,,,,,,996,,Gauze Wrap,
PLAYER_POSITIONS,578087,6/27/2026 12:03:17 PM,068492a8-9bbc-456b-87fb-dc52c0aec9a7,2.0,,,,,,,,,,,,,,,,,,,,,,,,,,,,,,,,,,,"(-14.5, 0.6, 3.8)","(-14.6, 1.1, 3.8)","(-15.1, 0.8, 3.6)",
PLAYER_POSITIONS,578087,6/27/2026 12:03:17 PM,068492a8-9bbc-456b-87fb-dc52c0aec9a7,2.0,,,,,,,,,,,,,,,,,,,,,,,,,,,,,,,,,,,"(-14.5, 0.6, 3.8)","(-14.6, 1.1, 3.8)","(-15.1, 0.8, 3.6)",
TOOL_HOVER,578327,6/27/2026 12:03:17 PM,068492a8-9bbc-456b-87fb-dc52c0aec9a7,2.0,,,,,,,,,,,,,,,,,,,,,,,,,,,,,,,,,,,,,,,,,,,,,,995,,Tourniquet,
PLAYER_POSITIONS,578609,6/27/2026 12:03:17 PM,068492a8-9bbc-456b-87fb-dc52c0aec9a7,2.0,,,,,,,,,,,,,,,,,,,,,,,,,,,,,,,,,,,"(-14.5, 0.6, 3.8)","(-14.6, 1.1, 3.9)","(-15.1, 0.7, 3.6)",
PLAYER_POSITIONS,578609,6/27/2026 12:03:17 PM,068492a8-9bbc-456b-87fb-dc52c0aec9a7,2.0,,,,,,,,,,,,,,,,,,,,,,,,,,,,,,,,,,,"(-14.5, 0.6, 3.8)","(-14.6, 1.1, 3.9)","(-15.1, 0.7, 3.6)",
TOOL_HOVER,578816,6/27/2026 12:03:18 PM,068492a8-9bbc-456b-87fb-dc52c0aec9a7,2.0,,,,,,,,,,,,,,,,,,,,,,,,,,,,,,,,,,,,,,,,,,,,,,996,,Gauze Wrap,
PLAYER_POSITIONS,579109,6/27/2026 12:03:18 PM,068492a8-9bbc-456b-87fb-dc52c0aec9a7,2.0,,,,,,,,,,,,,,,,,,,,,,,,,,,,,,,,,,,"(-14.5, 0.6, 3.8)","(-14.6, 1.2, 3.9)","(-15.2, 0.8, 3.7)",
PLAYER_POSITIONS,579109,6/27/2026 12:03:18 PM,068492a8-9bbc-456b-87fb-dc52c0aec9a7,2.0,,,,,,,,,,,,,,,,,,,,,,,,,,,,,,,,,,,"(-14.5, 0.6, 3.8)","(-14.6, 1.2, 3.9)","(-15.2, 0.8, 3.7)",
TOOL_HOVER,579228,6/27/2026 12:03:18 PM,068492a8-9bbc-456b-87fb-dc52c0aec9a7,2.0,,,,,,,,,,,,,,,,,,,,,,,,,,,,,,,,,,,,,,,,,,,,,,998,,Israeli Wrap,
PLAYER_POSITIONS,579615,6/27/2026 12:03:18 PM,068492a8-9bbc-456b-87fb-dc52c0aec9a7,2.0,,,,,,,,,,,,,,,,,,,,,,,,,,,,,,,,,,,"(-14.5, 0.6, 3.8)","(-14.6, 1.1, 3.9)","(-15.2, 0.8, 3.7)",
PLAYER_POSITIONS,579615,6/27/2026 12:03:18 PM,068492a8-9bbc-456b-87fb-dc52c0aec9a7,2.0,,,,,,,,,,,,,,,,,,,,,,,,,,,,,,,,,,,"(-14.5, 0.6, 3.8)","(-14.6, 1.1, 3.9)","(-15.2, 0.8, 3.7)",
TOOL_HOVER,579925,6/27/2026 12:03:19 PM,068492a8-9bbc-456b-87fb-dc52c0aec9a7,2.0,,,,,,,,,,,,,,,,,,,,,,,,,,,,,,,,,,,,,,,,,,,,,,996,,Gauze Wrap,
TOOL_HOVER,580125,6/27/2026 12:03:19 PM,068492a8-9bbc-456b-87fb-dc52c0aec9a7,2.0,,,,,,,,,,,,,,,,,,,,,,,,,,,,,,,,,,,,,,,,,,,,,,995,,Tourniquet,
TOOL_SELECTED,580126,6/27/2026 12:03:19 PM,068492a8-9bbc-456b-87fb-dc52c0aec9a7,2.0,,,,,,,,,,,,,,,,,,,,,,,,,,,,,,,,,,,,,,,,,,,,,,994,,Tourniquet,
PLAYER_POSITIONS,580129,6/27/2026 12:03:19 PM,068492a8-9bbc-456b-87fb-dc52c0aec9a7,2.0,,,,,,,,,,,,,,,,,,,,,,,,,,,,,,,,,,,"(-14.4, 0.6, 3.8)","(-14.6, 1.1, 3.9)","(-15.1, 0.7, 3.6)",
PLAYER_POSITIONS,580129,6/27/2026 12:03:19 PM,068492a8-9bbc-456b-87fb-dc52c0aec9a7,2.0,,,,,,,,,,,,,,,,,,,,,,,,,,,,,,,,,,,"(-14.4, 0.6, 3.8)","(-14.6, 1.1, 3.9)","(-15.1, 0.7, 3.6)",
PLAYER_POSITIONS,580640,6/27/2026 12:03:20 PM,068492a8-9bbc-456b-87fb-dc52c0aec9a7,2.0,,,,,,,,,,,,,,,,,,,,,,,,,,,,,,,,,,,"(-14.4, 0.6, 3.8)","(-14.6, 1.0, 3.8)","(-14.7, 0.4, 3.6)",
PLAYER_POSITIONS,580640,6/27/2026 12:03:20 PM,068492a8-9bbc-456b-87fb-dc52c0aec9a7,2.0,,,,,,,,,,,,,,,,,,,,,,,,,,,,,,,,,,,"(-14.4, 0.6, 3.8)","(-14.6, 1.0, 3.8)","(-14.7, 0.4, 3.6)",
PLAYER_POSITIONS,581160,6/27/2026 12:03:20 PM,068492a8-9bbc-456b-87fb-dc52c0aec9a7,2.0,,,,,,,,,,,,,,,,,,,,,,,,,,,,,,,,,,,"(-14.4, 0.5, 3.9)","(-14.6, 0.9, 3.6)","(-14.7, 0.2, 3.5)",
PLAYER_POSITIONS,581160,6/27/2026 12:03:20 PM,068492a8-9bbc-456b-87fb-dc52c0aec9a7,2.0,,,,,,,,,,,,,,,,,,,,,,,,,,,,,,,,,,,"(-14.4, 0.5, 3.9)","(-14.6, 0.9, 3.6)","(-14.7, 0.2, 3.5)",
PLAYER_POSITIONS,581672,6/27/2026 12:03:21 PM,068492a8-9bbc-456b-87fb-dc52c0aec9a7,2.0,,,,,,,,,,,,,,,,,,,,,,,,,,,,,,,,,,,"(-14.4, 0.5, 3.8)","(-14.5, 1.0, 3.7)","(-14.8, 0.6, 3.6)",
PLAYER_POSITIONS,581672,6/27/2026 12:03:21 PM,068492a8-9bbc-456b-87fb-dc52c0aec9a7,2.0,,,,,,,,,,,,,,,,,,,,,,,,,,,,,,,,,,,"(-14.4, 0.5, 3.8)","(-14.5, 1.0, 3.7)","(-14.8, 0.6, 3.6)",
TOOL_DISCARDED,582035,6/27/2026 12:03:21 PM,068492a8-9bbc-456b-87fb-dc52c0aec9a7,2.0,,,,,,,,,,,,,,,,,,,,,,,,Civilian PT 14,,,,,,,,,,,,"(0.0, 0.0, 0.0)",,,,,,,,,,994,,Tourniquet,
PLAYER_POSITIONS,582172,6/27/2026 12:03:21 PM,068492a8-9bbc-456b-87fb-dc52c0aec9a7,2.0,,,,,,,,,,,,,,,,,,,,,,,,,,,,,,,,,,,"(-14.4, 0.5, 3.8)","(-14.6, 1.1, 3.8)","(-15.0, 0.8, 3.8)",
PLAYER_POSITIONS,582172,6/27/2026 12:03:21 PM,068492a8-9bbc-456b-87fb-dc52c0aec9a7,2.0,,,,,,,,,,,,,,,,,,,,,,,,,,,,,,,,,,,"(-14.4, 0.5, 3.8)","(-14.6, 1.1, 3.8)","(-15.0, 0.8, 3.8)",
TOOL_HOVER,582214,6/27/2026 12:03:21 PM,068492a8-9bbc-456b-87fb-dc52c0aec9a7,2.0,,,,,,,,,,,,,,,,,,,,,,,,,,,,,,,,,,,,,,,,,,,,,,995,,Tourniquet,
TOOL_HOVER,582413,6/27/2026 12:03:21 PM,068492a8-9bbc-456b-87fb-dc52c0aec9a7,2.0,,,,,,,,,,,,,,,,,,,,,,,,,,,,,,,,,,,,,,,,,,,,,,996,,Gauze Wrap,
PLAYER_POSITIONS,582682,6/27/2026 12:03:22 PM,068492a8-9bbc-456b-87fb-dc52c0aec9a7,2.0,,,,,,,,,,,,,,,,,,,,,,,,,,,,,,,,,,,"(-14.4, 0.6, 3.8)","(-14.6, 1.1, 3.8)","(-15.2, 0.7, 3.6)",
PLAYER_POSITIONS,582682,6/27/2026 12:03:22 PM,068492a8-9bbc-456b-87fb-dc52c0aec9a7,2.0,,,,,,,,,,,,,,,,,,,,,,,,,,,,,,,,,,,"(-14.4, 0.6, 3.8)","(-14.6, 1.1, 3.8)","(-15.2, 0.7, 3.6)",
TOOL_SELECTED,582847,6/27/2026 12:03:22 PM,068492a8-9bbc-456b-87fb-dc52c0aec9a7,2.0,,,,,,,,,,,,,,,,,,,,,,,,,,,,,,,,,,,,,,,,,,,,,,995,,Gauze Wrap,
PLAYER_POSITIONS,583185,6/27/2026 12:03:22 PM,068492a8-9bbc-456b-87fb-dc52c0aec9a7,2.0,,,,,,,,,,,,,,,,,,,,,,,,,,,,,,,,,,,"(-14.4, 0.6, 3.8)","(-14.6, 1.1, 3.7)","(-15.0, 0.6, 3.6)",
PLAYER_POSITIONS,583185,6/27/2026 12:03:22 PM,068492a8-9bbc-456b-87fb-dc52c0aec9a7,2.0,,,,,,,,,,,,,,,,,,,,,,,,,,,,,,,,,,,"(-14.4, 0.6, 3.8)","(-14.6, 1.1, 3.7)","(-15.0, 0.6, 3.6)",
PLAYER_POSITIONS,583696,6/27/2026 12:03:23 PM,068492a8-9bbc-456b-87fb-dc52c0aec9a7,2.0,,,,,,,,,,,,,,,,,,,,,,,,,,,,,,,,,,,"(-14.4, 0.5, 3.8)","(-14.6, 0.9, 3.7)","(-14.7, 0.3, 3.4)",
PLAYER_POSITIONS,583696,6/27/2026 12:03:23 PM,068492a8-9bbc-456b-87fb-dc52c0aec9a7,2.0,,,,,,,,,,,,,,,,,,,,,,,,,,,,,,,,,,,"(-14.4, 0.5, 3.8)","(-14.6, 0.9, 3.7)","(-14.7, 0.3, 3.4)",
INJURY_TREATED,583852,6/27/2026 12:03:23 PM,068492a8-9bbc-456b-87fb-dc52c0aec9a7,2.0,,,,,,,,,rightArm,R Bicep Abrasion,"(-14.6, 0.2, 3.5)",gauzeWrap,1,1,low,True,True,,,,,,,Civilian PT 14,
TOOL_APPLIED,583852,6/27/2026 12:03:23 PM,068492a8-9bbc-456b-87fb-dc52c0aec9a7,2.0,,,,,,,,,,,,,,,,,,,,,,,,Civilian PT 14,,,,,,,,,,,,,,,,,,,,AppliedGauzeWrap,skinCollider_BodyLOD (UnityEngine.GameObject),,Gauze Wrap(Clone) (UnityEngine.GameObject),Gauze Wrap,
PULSE_TAKEN,584111,6/27/2026 12:03:23 PM,068492a8-9bbc-456b-87fb-dc52c0aec9a7,2.0,,,,,,,,,,,,,,,,,,,,,,,,Civilian PT 14,,,,pulse_normal,
PLAYER_POSITIONS,584204,6/27/2026 12:03:23 PM,068492a8-9bbc-456b-87fb-dc52c0aec9a7,2.0,,,,,,,,,,,,,,,,,,,,,,,,,,,,,,,,,,,"(-14.4, 0.5, 3.8)","(-14.5, 1.0, 3.7)","(-14.8, 0.3, 3.5)",
PLAYER_POSITIONS,584204,6/27/2026 12:03:23 PM,068492a8-9bbc-456b-87fb-dc52c0aec9a7,2.0,,,,,,,,,,,,,,,,,,,,,,,,,,,,,,,,,,,"(-14.4, 0.5, 3.8)","(-14.5, 1.0, 3.7)","(-14.8, 0.3, 3.5)",
TOOL_HOVER,584524,6/27/2026 12:03:23 PM,068492a8-9bbc-456b-87fb-dc52c0aec9a7,2.0,,,,,,,,,,,,,,,,,,,,,,,,,,,,,,,,,,,,,,,,,,,,,,995,,Gauze Wrap,
TOOL_HOVER,584612,6/27/2026 12:03:23 PM,068492a8-9bbc-456b-87fb-dc52c0aec9a7,2.0,,,,,,,,,,,,,,,,,,,,,,,,,,,,,,,,,,,,,,,,,,,,,,998,,Israeli Wrap,
PLAYER_POSITIONS,584705,6/27/2026 12:03:24 PM,068492a8-9bbc-456b-87fb-dc52c0aec9a7,2.0,,,,,,,,,,,,,,,,,,,,,,,,,,,,,,,,,,,"(-14.4, 0.6, 3.8)","(-14.6, 1.1, 3.8)","(-15.1, 0.8, 3.7)",
PLAYER_POSITIONS,584705,6/27/2026 12:03:24 PM,068492a8-9bbc-456b-87fb-dc52c0aec9a7,2.0,,,,,,,,,,,,,,,,,,,,,,,,,,,,,,,,,,,"(-14.4, 0.6, 3.8)","(-14.6, 1.1, 3.8)","(-15.1, 0.8, 3.7)",
TOOL_HOVER,584736,6/27/2026 12:03:24 PM,068492a8-9bbc-456b-87fb-dc52c0aec9a7,2.0,,,,,,,,,,,,,,,,,,,,,,,,,,,,,,,,,,,,,,,,,,,,,,995,,Gauze Wrap,
TOOL_SELECTED,585025,6/27/2026 12:03:24 PM,068492a8-9bbc-456b-87fb-dc52c0aec9a7,2.0,,,,,,,,,,,,,,,,,,,,,,,,,,,,,,,,,,,,,,,,,,,,,,994,,Gauze Wrap,
PLAYER_POSITIONS,585239,6/27/2026 12:03:24 PM,068492a8-9bbc-456b-87fb-dc52c0aec9a7,2.0,,,,,,,,,,,,,,,,,,,,,,,,,,,,,,,,,,,"(-14.4, 0.6, 3.8)","(-14.5, 1.0, 3.8)","(-15.0, 0.6, 3.6)",
PLAYER_POSITIONS,585239,6/27/2026 12:03:24 PM,068492a8-9bbc-456b-87fb-dc52c0aec9a7,2.0,,,,,,,,,,,,,,,,,,,,,,,,,,,,,,,,,,,"(-14.4, 0.6, 3.8)","(-14.5, 1.0, 3.8)","(-15.0, 0.6, 3.6)",
EVAC_RADIO_ALERT,585468,6/27/2026 12:03:24 PM,068492a8-9bbc-456b-87fb-dc52c0aec9a7,2.0,,,,,,,,1,
AUDIO_START,585475,6/27/2026 12:03:24 PM,068492a8-9bbc-456b-87fb-dc52c0aec9a7,2.0,evac in 1 minute,5.172245,
INJURY_TREATED,585727,6/27/2026 12:03:25 PM,068492a8-9bbc-456b-87fb-dc52c0aec9a7,2.0,,,,,,,,,leftArm,L Bicep Abrasion,"(-14.8, 0.1, 3.8)",gauzeWrap,1,1,low,True,True,,,,,,,Civilian PT 14,
TOOL_APPLIED,585727,6/27/2026 12:03:25 PM,068492a8-9bbc-456b-87fb-dc52c0aec9a7,2.0,,,,,,,,,,,,,,,,,,,,,,,,Civilian PT 14,,,,,,,,,,,,,,,,,,,,AppliedGauzeWrap,skinCollider_BodyLOD (UnityEngine.GameObject),,Gauze Wrap(Clone) (UnityEngine.GameObject),Gauze Wrap,
AUDIO_END,585758,6/27/2026 12:03:25 PM,068492a8-9bbc-456b-87fb-dc52c0aec9a7,2.0,double jet flyover,9.576,
NARRATIVE_SECTION_END,585758,6/27/2026 12:03:25 PM,068492a8-9bbc-456b-87fb-dc52c0aec9a7,2.0,,,,,,,,,,,,,,,,,,Double jet flyover,67,
PLAYER_POSITIONS,585758,6/27/2026 12:03:25 PM,068492a8-9bbc-456b-87fb-dc52c0aec9a7,2.0,,,,,,,,,,,,,,,,,,,,,,,,,,,,,,,,,,,"(-14.4, 0.5, 3.8)","(-14.6, 0.9, 3.7)","(-14.8, 0.2, 3.7)",
PLAYER_POSITIONS,585758,6/27/2026 12:03:25 PM,068492a8-9bbc-456b-87fb-dc52c0aec9a7,2.0,,,,,,,,,,,,,,,,,,,,,,,,,,,,,,,,,,,"(-14.4, 0.5, 3.8)","(-14.6, 0.9, 3.7)","(-14.8, 0.2, 3.7)",
NARRATIVE_SECTION_START,585819,6/27/2026 12:03:25 PM,068492a8-9bbc-456b-87fb-dc52c0aec9a7,2.0,,,,,,,,,,,,,,,,,,Double Distant Explosion,68,
PLAYER_POSITIONS,586271,6/27/2026 12:03:25 PM,068492a8-9bbc-456b-87fb-dc52c0aec9a7,2.0,,,,,,,,,,,,,,,,,,,,,,,,,,,,,,,,,,,"(-14.5, 0.6, 3.8)","(-14.5, 1.0, 3.7)","(-15.0, 0.6, 3.7)",
PLAYER_POSITIONS,586271,6/27/2026 12:03:25 PM,068492a8-9bbc-456b-87fb-dc52c0aec9a7,2.0,,,,,,,,,,,,,,,,,,,,,,,,,,,,,,,,,,,"(-14.5, 0.6, 3.8)","(-14.5, 1.0, 3.7)","(-15.0, 0.6, 3.7)",
PLAYER_POSITIONS,586793,6/27/2026 12:03:26 PM,068492a8-9bbc-456b-87fb-dc52c0aec9a7,2.0,,,,,,,,,,,,,,,,,,,,,,,,,,,,,,,,,,,"(-14.5, 0.5, 3.8)","(-14.5, 1.0, 3.7)","(-14.8, 0.6, 3.7)",
PLAYER_POSITIONS,586793,6/27/2026 12:03:26 PM,068492a8-9bbc-456b-87fb-dc52c0aec9a7,2.0,,,,,,,,,,,,,,,,,,,,,,,,,,,,,,,,,,,"(-14.5, 0.5, 3.8)","(-14.5, 1.0, 3.7)","(-14.8, 0.6, 3.7)",
PULSE_TAKEN,586934,6/27/2026 12:03:26 PM,068492a8-9bbc-456b-87fb-dc52c0aec9a7,2.0,,,,,,,,,,,,,,,,,,,,,,,,Civilian PT 14,,,,pulse_normal,
PLAYER_POSITIONS,587325,6/27/2026 12:03:26 PM,068492a8-9bbc-456b-87fb-dc52c0aec9a7,2.0,,,,,,,,,,,,,,,,,,,,,,,,,,,,,,,,,,,"(-14.7, 0.3, 3.7)","(-14.6, 0.8, 3.7)","(-14.8, 0.5, 3.7)",
PLAYER_POSITIONS,587325,6/27/2026 12:03:26 PM,068492a8-9bbc-456b-87fb-dc52c0aec9a7,2.0,,,,,,,,,,,,,,,,,,,,,,,,,,,,,,,,,,,"(-14.7, 0.3, 3.7)","(-14.6, 0.8, 3.7)","(-14.8, 0.5, 3.7)",
PLAYER_POSITIONS,587825,6/27/2026 12:03:27 PM,068492a8-9bbc-456b-87fb-dc52c0aec9a7,2.0,,,,,,,,,,,,,,,,,,,,,,,,,,,,,,,,,,,"(-14.7, 0.3, 3.9)","(-14.6, 0.9, 3.7)","(-14.8, 0.5, 3.7)",
PLAYER_POSITIONS,587825,6/27/2026 12:03:27 PM,068492a8-9bbc-456b-87fb-dc52c0aec9a7,2.0,,,,,,,,,,,,,,,,,,,,,,,,,,,,,,,,,,,"(-14.7, 0.3, 3.9)","(-14.6, 0.9, 3.7)","(-14.8, 0.5, 3.7)",
PLAYER_POSITIONS,588335,6/27/2026 12:03:27 PM,068492a8-9bbc-456b-87fb-dc52c0aec9a7,2.0,,,,,,,,,,,,,,,,,,,,,,,,,,,,,,,,,,,"(-14.6, 0.3, 3.9)","(-14.6, 1.1, 3.8)","(-15.1, 0.8, 3.8)",
PLAYER_POSITIONS,588335,6/27/2026 12:03:27 PM,068492a8-9bbc-456b-87fb-dc52c0aec9a7,2.0,,,,,,,,,,,,,,,,,,,,,,,,,,,,,,,,,,,"(-14.6, 0.3, 3.9)","(-14.6, 1.1, 3.8)","(-15.1, 0.8, 3.8)",
TOOL_HOVER,588511,6/27/2026 12:03:27 PM,068492a8-9bbc-456b-87fb-dc52c0aec9a7,2.0,,,,,,,,,,,,,,,,,,,,,,,,,,,,,,,,,,,,,,,,,,,,,,994,,Gauze Wrap,
TOOL_SELECTED,588745,6/27/2026 12:03:28 PM,068492a8-9bbc-456b-87fb-dc52c0aec9a7,2.0,,,,,,,,,,,,,,,,,,,,,,,,,,,,,,,,,,,,,,,,,,,,,,993,,Gauze Wrap,
PLAYER_POSITIONS,588846,6/27/2026 12:03:28 PM,068492a8-9bbc-456b-87fb-dc52c0aec9a7,2.0,,,,,,,,,,,,,,,,,,,,,,,,,,,,,,,,,,,"(-14.4, 0.3, 3.8)","(-14.6, 1.1, 3.8)","(-15.1, 0.6, 3.6)",
PLAYER_POSITIONS,588846,6/27/2026 12:03:28 PM,068492a8-9bbc-456b-87fb-dc52c0aec9a7,2.0,,,,,,,,,,,,,,,,,,,,,,,,,,,,,,,,,,,"(-14.4, 0.3, 3.8)","(-14.6, 1.1, 3.8)","(-15.1, 0.6, 3.6)",
PLAYER_POSITIONS,589350,6/27/2026 12:03:28 PM,068492a8-9bbc-456b-87fb-dc52c0aec9a7,2.0,,,,,,,,,,,,,,,,,,,,,,,,,,,,,,,,,,,"(-14.4, 0.4, 3.8)","(-14.6, 0.9, 3.8)","(-14.7, 0.2, 3.8)",
PLAYER_POSITIONS,589350,6/27/2026 12:03:28 PM,068492a8-9bbc-456b-87fb-dc52c0aec9a7,2.0,,,,,,,,,,,,,,,,,,,,,,,,,,,,,,,,,,,"(-14.4, 0.4, 3.8)","(-14.6, 0.9, 3.8)","(-14.7, 0.2, 3.8)",
INJURY_TREATED,589397,6/27/2026 12:03:28 PM,068492a8-9bbc-456b-87fb-dc52c0aec9a7,2.0,,,,,,,,,leftForearm,L Forearm Abrasion,"(-14.7, 0.1, 3.8)",gauzeWrap,1,1,low,True,True,,,,,,,Civilian PT 14,
TOOL_APPLIED,589397,6/27/2026 12:03:28 PM,068492a8-9bbc-456b-87fb-dc52c0aec9a7,2.0,,,,,,,,,,,,,,,,,,,,,,,,Civilian PT 14,,,,,,,,,,,,,,,,,,,,AppliedGauzeWrap,skinCollider_BodyLOD (UnityEngine.GameObject),,Gauze Wrap(Clone) (UnityEngine.GameObject),Gauze Wrap,
PLAYER_POSITIONS,589852,6/27/2026 12:03:29 PM,068492a8-9bbc-456b-87fb-dc52c0aec9a7,2.0,,,,,,,,,,,,,,,,,,,,,,,,,,,,,,,,,,,"(-14.5, 0.5, 3.8)","(-14.6, 1.1, 3.8)","(-14.8, 0.4, 3.7)",
PLAYER_POSITIONS,589852,6/27/2026 12:03:29 PM,068492a8-9bbc-456b-87fb-dc52c0aec9a7,2.0,,,,,,,,,,,,,,,,,,,,,,,,,,,,,,,,,,,"(-14.5, 0.5, 3.8)","(-14.6, 1.1, 3.8)","(-14.8, 0.4, 3.7)",
PLAYER_POSITIONS,590366,6/27/2026 12:03:29 PM,068492a8-9bbc-456b-87fb-dc52c0aec9a7,2.0,,,,,,,,,,,,,,,,,,,,,,,,,,,,,,,,,,,"(-14.6, 0.5, 3.8)","(-14.6, 1.1, 3.8)","(-15.0, 0.7, 3.9)",
PLAYER_POSITIONS,590366,6/27/2026 12:03:29 PM,068492a8-9bbc-456b-87fb-dc52c0aec9a7,2.0,,,,,,,,,,,,,,,,,,,,,,,,,,,,,,,,,,,"(-14.6, 0.5, 3.8)","(-14.6, 1.1, 3.8)","(-15.0, 0.7, 3.9)",
AUDIO_END,590653,6/27/2026 12:03:30 PM,068492a8-9bbc-456b-87fb-dc52c0aec9a7,2.0,evac in 1 minute,5.172245,
AUDIO_START,590815,6/27/2026 12:03:30 PM,068492a8-9bbc-456b-87fb-dc52c0aec9a7,2.0,double distant explosion,7.104,
PLAYER_POSITIONS,590877,6/27/2026 12:03:30 PM,068492a8-9bbc-456b-87fb-dc52c0aec9a7,2.0,,,,,,,,,,,,,,,,,,,,,,,,,,,,,,,,,,,"(-14.5, 0.6, 3.8)","(-14.6, 1.1, 3.9)","(-15.1, 0.8, 3.8)",
PLAYER_POSITIONS,590877,6/27/2026 12:03:30 PM,068492a8-9bbc-456b-87fb-dc52c0aec9a7,2.0,,,,,,,,,,,,,,,,,,,,,,,,,,,,,,,,,,,"(-14.5, 0.6, 3.8)","(-14.6, 1.1, 3.9)","(-15.1, 0.8, 3.8)",
TOOL_HOVER,591025,6/27/2026 12:03:30 PM,068492a8-9bbc-456b-87fb-dc52c0aec9a7,2.0,,,,,,,,,,,,,,,,,,,,,,,,,,,,,,,,,,,,,,,,,,,,,,993,,Gauze Wrap,
TOOL_SELECTED,591160,6/27/2026 12:03:30 PM,068492a8-9bbc-456b-87fb-dc52c0aec9a7,2.0,,,,,,,,,,,,,,,,,,,,,,,,,,,,,,,,,,,,,,,,,,,,,,992,,Gauze Wrap,
PLAYER_POSITIONS,591383,6/27/2026 12:03:30 PM,068492a8-9bbc-456b-87fb-dc52c0aec9a7,2.0,,,,,,,,,,,,,,,,,,,,,,,,,,,,,,,,,,,"(-14.5, 0.5, 3.8)","(-14.6, 1.1, 3.9)","(-15.1, 0.6, 3.6)",
PLAYER_POSITIONS,591383,6/27/2026 12:03:30 PM,068492a8-9bbc-456b-87fb-dc52c0aec9a7,2.0,,,,,,,,,,,,,,,,,,,,,,,,,,,,,,,,,,,"(-14.5, 0.5, 3.8)","(-14.6, 1.1, 3.9)","(-15.1, 0.6, 3.6)",
VOICE_CAPTURE,591828,6/27/2026 12:03:31 PM,068492a8-9bbc-456b-87fb-dc52c0aec9a7,2.0,,,,,,,,,,,,,,,,,,,,,,,,,,,,,,,,,,,,,,,,,,,,,,,,,,,NA,Can you tell me your name?,
PLAYER_POSITIONS,591894,6/27/2026 12:03:31 PM,068492a8-9bbc-456b-87fb-dc52c0aec9a7,2.0,,,,,,,,,,,,,,,,,,,,,,,,,,,,,,,,,,,"(-14.4, 0.5, 3.8)","(-14.6, 1.0, 3.8)","(-14.9, 0.3, 3.6)",
PLAYER_POSITIONS,591894,6/27/2026 12:03:31 PM,068492a8-9bbc-456b-87fb-dc52c0aec9a7,2.0,,,,,,,,,,,,,,,,,,,,,,,,,,,,,,,,,,,"(-14.4, 0.5, 3.8)","(-14.6, 1.0, 3.8)","(-14.9, 0.3, 3.6)",
INJURY_TREATED,592140,6/27/2026 12:03:31 PM,068492a8-9bbc-456b-87fb-dc52c0aec9a7,2.0,,,,,,,,,head,L Face Abrasion,"(-14.9, 0.2, 3.5)",gauzeWrap,1,1,low,True,True,,,,,,,Civilian PT 14,
TOOL_APPLIED,592140,6/27/2026 12:03:31 PM,068492a8-9bbc-456b-87fb-dc52c0aec9a7,2.0,,,,,,,,,,,,,,,,,,,,,,,,Civilian PT 14,,,,,,,,,,,,,,,,,,,,AppliedGauzeWrap,skinCollider_BodyLOD (UnityEngine.GameObject),,Gauze Wrap(Clone) (UnityEngine.GameObject),Gauze Wrap,
VOICE_CAPTURE,592339,6/27/2026 12:03:31 PM,068492a8-9bbc-456b-87fb-dc52c0aec9a7,2.0,,,,,,,,,,,,,,,,,,,,,,,,,,,,,,,,,,,,,,,,,,,,,,,,,,,NA,Can you tell me your name?,
VOICE_CAPTURE,592339,6/27/2026 12:03:31 PM,068492a8-9bbc-456b-87fb-dc52c0aec9a7,2.0,,,,,,,,,,,,,,,,,,,,,,,,,,,,,,,,,,,,,,,,,,,,,,,,,,,NA,Can you tell me your name?,
VOICE_COMMAND,592339,6/27/2026 12:03:31 PM,068492a8-9bbc-456b-87fb-dc52c0aec9a7,2.0,,,,,,,,,,,,,,,,,,,,,,,,,,,,,,,,,,,,,,,,,,,,,,,,,,,Can you tell me your name?,what is your name,
PLAYER_POSITIONS,592407,6/27/2026 12:03:31 PM,068492a8-9bbc-456b-87fb-dc52c0aec9a7,2.0,,,,,,,,,,,,,,,,,,,,,,,,,,,,,,,,,,,"(-14.4, 0.5, 3.8)","(-14.6, 1.0, 3.7)","(-14.9, 0.3, 3.6)",
PLAYER_POSITIONS,592407,6/27/2026 12:03:31 PM,068492a8-9bbc-456b-87fb-dc52c0aec9a7,2.0,,,,,,,,,,,,,,,,,,,,,,,,,,,,,,,,,,,"(-14.4, 0.5, 3.8)","(-14.6, 1.0, 3.7)","(-14.9, 0.3, 3.6)",
VOICE_CAPTURE,592817,6/27/2026 12:03:32 PM,068492a8-9bbc-456b-87fb-dc52c0aec9a7,2.0,,,,,,,,,,,,,,,,,,,,,,,,,,,,,,,,,,,,,,,,,,,,,,,,,,,NA,Can you tell me your name?,
PLAYER_POSITIONS,592927,6/27/2026 12:03:32 PM,068492a8-9bbc-456b-87fb-dc52c0aec9a7,2.0,,,,,,,,,,,,,,,,,,,,,,,,,,,,,,,,,,,"(-14.5, 0.6, 3.8)","(-14.6, 1.1, 3.8)","(-14.8, 0.4, 3.7)",
PLAYER_POSITIONS,592927,6/27/2026 12:03:32 PM,068492a8-9bbc-456b-87fb-dc52c0aec9a7,2.0,,,,,,,,,,,,,,,,,,,,,,,,,,,,,,,,,,,"(-14.5, 0.6, 3.8)","(-14.6, 1.1, 3.8)","(-14.8, 0.4, 3.7)",
VOICE_CAPTURE,593354,6/27/2026 12:03:32 PM,068492a8-9bbc-456b-87fb-dc52c0aec9a7,2.0,,,,,,,,,,,,,,,,,,,,,,,,,,,,,,,,,,,,,,,,,,,,,,,,,,,NA,Can you tell me your name?,
PLAYER_POSITIONS,593442,6/27/2026 12:03:32 PM,068492a8-9bbc-456b-87fb-dc52c0aec9a7,2.0,,,,,,,,,,,,,,,,,,,,,,,,,,,,,,,,,,,"(-14.6, 0.5, 3.9)","(-14.4, 1.1, 3.9)","(-14.7, 0.5, 3.7)",
PLAYER_GAZE,593442,6/27/2026 12:03:32 PM,068492a8-9bbc-456b-87fb-dc52c0aec9a7,2.0,,,,,,,,,,,,,,,,,,,,,,,,Civilian PT 14,,,,,,,,,"(-0.3, 1.1, 0.3)",,,"(-14.1, 0.0, 3.6)",
PLAYER_POSITIONS,593442,6/27/2026 12:03:32 PM,068492a8-9bbc-456b-87fb-dc52c0aec9a7,2.0,,,,,,,,,,,,,,,,,,,,,,,,,,,,,,,,,,,"(-14.6, 0.5, 3.9)","(-14.4, 1.1, 3.9)","(-14.7, 0.5, 3.7)",
PLAYER_GAZE,593442,6/27/2026 12:03:32 PM,068492a8-9bbc-456b-87fb-dc52c0aec9a7,2.0,,,,,,,,,,,,,,,,,,,,,,,,Civilian PT 14,,,,,,,,,"(-0.3, 1.1, 0.3)",,,"(-14.1, 0.0, 3.6)",
PLAYER_POSITIONS,593950,6/27/2026 12:03:33 PM,068492a8-9bbc-456b-87fb-dc52c0aec9a7,2.0,,,,,,,,,,,,,,,,,,,,,,,,,,,,,,,,,,,"(-14.6, 0.5, 3.8)","(-14.5, 1.1, 3.8)","(-14.7, 0.4, 3.7)",
PLAYER_POSITIONS,593950,6/27/2026 12:03:33 PM,068492a8-9bbc-456b-87fb-dc52c0aec9a7,2.0,,,,,,,,,,,,,,,,,,,,,,,,,,,,,,,,,,,"(-14.6, 0.5, 3.8)","(-14.5, 1.1, 3.8)","(-14.7, 0.4, 3.7)",
BAG_CLOSED,594035,6/27/2026 12:03:33 PM,068492a8-9bbc-456b-87fb-dc52c0aec9a7,2.0,,,,,,,,,,,,,,,,,,,,,,,,,,,,,,,,,,,,"(0.0, 0.0, 0.0)",
DRAG_START,594418,6/27/2026 12:03:33 PM,068492a8-9bbc-456b-87fb-dc52c0aec9a7,2.0,,,,,"(-14.1, 0.0, 3.6)",,,,,,,,,,,,,,,,,,,Civilian PT 14,
PULSE_TAKEN,594456,6/27/2026 12:03:33 PM,068492a8-9bbc-456b-87fb-dc52c0aec9a7,2.0,,,,,,,,,,,,,,,,,,,,,,,,Civilian PT 14,,,,pulse_normal,
PLAYER_POSITIONS,594464,6/27/2026 12:03:33 PM,068492a8-9bbc-456b-87fb-dc52c0aec9a7,2.0,,,,,,,,,,,,,,,,,,,,,,,,,,,,,,,,,,,"(-14.5, 0.5, 3.8)","(-14.7, 1.0, 3.6)","(-14.8, 0.2, 3.5)",
PLAYER_POSITIONS,594464,6/27/2026 12:03:33 PM,068492a8-9bbc-456b-87fb-dc52c0aec9a7,2.0,,,,,,,,,,,,,,,,,,,,,,,,,,,,,,,,,,,"(-14.5, 0.5, 3.8)","(-14.7, 1.0, 3.6)","(-14.8, 0.2, 3.5)",
BUTTON_CLICKED,594679,6/27/2026 12:03:34 PM,068492a8-9bbc-456b-87fb-dc52c0aec9a7,2.0,,,what is your name,
VOICE_CAPTURE,594679,6/27/2026 12:03:34 PM,068492a8-9bbc-456b-87fb-dc52c0aec9a7,2.0,,,,,,,,,,,,,,,,,,,,,,,,,,,,,,,,,,,,,,,,,,,,,,,,,,,NA,what is your name,
VOICE_COMMAND,594679,6/27/2026 12:03:34 PM,068492a8-9bbc-456b-87fb-dc52c0aec9a7,2.0,,,,,,,,,,,,,,,,,,,,,,,,Civilian PT 14,,,,,,,,,,,,,,,,,,,,,,,,,,,what is your name,what is your name,
PLAYER_POSITIONS,594961,6/27/2026 12:03:34 PM,068492a8-9bbc-456b-87fb-dc52c0aec9a7,2.0,,,,,,,,,,,,,,,,,,,,,,,,,,,,,,,,,,,"(-14.5, 0.5, 3.7)","(-14.5, 1.1, 3.7)","(-14.6, 0.3, 3.6)",
PLAYER_POSITIONS,594961,6/27/2026 12:03:34 PM,068492a8-9bbc-456b-87fb-dc52c0aec9a7,2.0,,,,,,,,,,,,,,,,,,,,,,,,,,,,,,,,,,,"(-14.5, 0.5, 3.7)","(-14.5, 1.1, 3.7)","(-14.6, 0.3, 3.6)",
VOICE_CAPTURE,595349,6/27/2026 12:03:34 PM,068492a8-9bbc-456b-87fb-dc52c0aec9a7,2.0,,,,,,,,,,,,,,,,,,,,,,,,,,,,,,,,,,,,,,,,,,,,,,,,,,,NA,Kim.,
PLAYER_POSITIONS,595481,6/27/2026 12:03:34 PM,068492a8-9bbc-456b-87fb-dc52c0aec9a7,2.0,,,,,,,,,,,,,,,,,,,,,,,,,,,,,,,,,,,"(-14.4, 0.5, 3.8)","(-14.3, 1.1, 3.8)","(-14.5, 0.4, 3.6)",
PLAYER_POSITIONS,595481,6/27/2026 12:03:34 PM,068492a8-9bbc-456b-87fb-dc52c0aec9a7,2.0,,,,,,,,,,,,,,,,,,,,,,,,,,,,,,,,,,,"(-14.4, 0.5, 3.8)","(-14.3, 1.1, 3.8)","(-14.5, 0.4, 3.6)",
VOICE_CAPTURE,595826,6/27/2026 12:03:35 PM,068492a8-9bbc-456b-87fb-dc52c0aec9a7,2.0,,,,,,,,,,,,,,,,,,,,,,,,,,,,,,,,,,,,,,,,,,,,,,,,,,,NA,Kim.,
PLAYER_POSITIONS,596003,6/27/2026 12:03:35 PM,068492a8-9bbc-456b-87fb-dc52c0aec9a7,2.0,,,,,,,,,,,,,,,,,,,,,,,,,,,,,,,,,,,"(-14.4, 0.5, 4.0)","(-14.4, 1.1, 4.0)","(-14.3, 0.5, 3.8)",
PLAYER_POSITIONS,596003,6/27/2026 12:03:35 PM,068492a8-9bbc-456b-87fb-dc52c0aec9a7,2.0,,,,,,,,,,,,,,,,,,,,,,,,,,,,,,,,,,,"(-14.4, 0.5, 4.0)","(-14.4, 1.1, 4.0)","(-14.3, 0.5, 3.8)",
VOICE_CAPTURE,596333,6/27/2026 12:03:35 PM,068492a8-9bbc-456b-87fb-dc52c0aec9a7,2.0,,,,,,,,,,,,,,,,,,,,,,,,,,,,,,,,,,,,,,,,,,,,,,,,,,,NA,Kim.,
PULSE_TAKEN,596519,6/27/2026 12:03:35 PM,068492a8-9bbc-456b-87fb-dc52c0aec9a7,2.0,,,,,,,,,,,,,,,,,,,,,,,,Civilian PT 14,,,,pulse_normal,
PLAYER_POSITIONS,596526,6/27/2026 12:03:35 PM,068492a8-9bbc-456b-87fb-dc52c0aec9a7,2.0,,,,,,,,,,,,,,,,,,,,,,,,,,,,,,,,,,,"(-14.6, 0.6, 4.2)","(-14.6, 1.2, 4.0)","(-14.6, 0.6, 4.2)",
PLAYER_POSITIONS,596526,6/27/2026 12:03:35 PM,068492a8-9bbc-456b-87fb-dc52c0aec9a7,2.0,,,,,,,,,,,,,,,,,,,,,,,,,,,,,,,,,,,"(-14.6, 0.6, 4.2)","(-14.6, 1.2, 4.0)","(-14.6, 0.6, 4.2)",
VOICE_CAPTURE,596823,6/27/2026 12:03:36 PM,068492a8-9bbc-456b-87fb-dc52c0aec9a7,2.0,,,,,,,,,,,,,,,,,,,,,,,,,,,,,,,,,,,,,,,,,,,,,,,,,,,NA,Kim.,
PLAYER_POSITIONS,597023,6/27/2026 12:03:36 PM,068492a8-9bbc-456b-87fb-dc52c0aec9a7,2.0,,,,,,,,,,,,,,,,,,,,,,,,,,,,,,,,,,,"(-14.7, 0.5, 4.1)","(-14.7, 1.2, 3.9)","(-14.8, 0.6, 4.1)",
PLAYER_POSITIONS,597023,6/27/2026 12:03:36 PM,068492a8-9bbc-456b-87fb-dc52c0aec9a7,2.0,,,,,,,,,,,,,,,,,,,,,,,,,,,,,,,,,,,"(-14.7, 0.5, 4.1)","(-14.7, 1.2, 3.9)","(-14.8, 0.6, 4.1)",
PATIENT_DISENGAGED,597175,6/27/2026 12:03:36 PM,068492a8-9bbc-456b-87fb-dc52c0aec9a7,2.0,,,,60.84,,,,,,,,,,,,,,,,normal,100,Infinity,normal,Civilian PT 14,upset,supine,"(-15.3, 0.0, 3.0)",normal,"(0.0, -0.7, 0.0, 0.7)",normal,DELAYED,still,,,,,,,,,,,,,,,,,70.67,
PULSE_TAKEN,597197,6/27/2026 12:03:36 PM,068492a8-9bbc-456b-87fb-dc52c0aec9a7,2.0,,,,,,,,,,,,,,,,,,,,,,,,Civilian PT 14,,,,pulse_normal,
VOICE_CAPTURE,597345,6/27/2026 12:03:36 PM,068492a8-9bbc-456b-87fb-dc52c0aec9a7,2.0,,,,,,,,,,,,,,,,,,,,,,,,,,,,,,,,,,,,,,,,,,,,,,,,,,,NA,Kim.,
TELEPORT,597388,6/27/2026 12:03:36 PM,068492a8-9bbc-456b-87fb-dc52c0aec9a7,2.0,,,,,,,,,,,,,,,,,,,,,,,,,,,,,,,,,,,,"(-14.8, 1.2, 3.8)",,,,,,,"(-17.8, 1.3, 6.7)",
PLAYER_POSITIONS,597544,6/27/2026 12:03:36 PM,068492a8-9bbc-456b-87fb-dc52c0aec9a7,2.0,,,,,,,,,,,,,,,,,,,,,,,,,,,,,,,,,,,"(-17.8, 0.6, 6.9)","(-17.8, 1.3, 6.7)","(-17.8, 0.7, 7.0)",
PLAYER_POSITIONS,597544,6/27/2026 12:03:36 PM,068492a8-9bbc-456b-87fb-dc52c0aec9a7,2.0,,,,,,,,,,,,,,,,,,,,,,,,,,,,,,,,,,,"(-17.8, 0.6, 6.9)","(-17.8, 1.3, 6.7)","(-17.8, 0.7, 7.0)",
VOICE_CAPTURE,597756,6/27/2026 12:03:37 PM,068492a8-9bbc-456b-87fb-dc52c0aec9a7,2.0,,,,,,,,,,,,,,,,,,,,,,,,,,,,,,,,,,,,,,,,,,,,,,,,,,,NA,Kim. Thank you.,
AUDIO_END,597911,6/27/2026 12:03:37 PM,068492a8-9bbc-456b-87fb-dc52c0aec9a7,2.0,double distant explosion,7.104,
NARRATIVE_SECTION_END,597911,6/27/2026 12:03:37 PM,068492a8-9bbc-456b-87fb-dc52c0aec9a7,2.0,,,,,,,,,,,,,,,,,,Double Distant Explosion,68,
NARRATIVE_SECTION_START,597928,6/27/2026 12:03:37 PM,068492a8-9bbc-456b-87fb-dc52c0aec9a7,2.0,,,,,,,,,,,,,,,,,,Good hits hammer 1-2,69,
PLAYER_POSITIONS,598046,6/27/2026 12:03:37 PM,068492a8-9bbc-456b-87fb-dc52c0aec9a7,2.0,,,,,,,,,,,,,,,,,,,,,,,,,,,,,,,,,,,"(-17.8, 0.6, 7.3)","(-17.7, 1.2, 7.1)","(-17.7, 0.6, 7.4)",
PLAYER_POSITIONS,598046,6/27/2026 12:03:37 PM,068492a8-9bbc-456b-87fb-dc52c0aec9a7,2.0,,,,,,,,,,,,,,,,,,,,,,,,,,,,,,,,,,,"(-17.8, 0.6, 7.3)","(-17.7, 1.2, 7.1)","(-17.7, 0.6, 7.4)",
VOICE_CAPTURE,598268,6/27/2026 12:03:37 PM,068492a8-9bbc-456b-87fb-dc52c0aec9a7,2.0,,,,,,,,,,,,,,,,,,,,,,,,,,,,,,,,,,,,,,,,,,,,,,,,,,,NA,Kim. Thank you.,
VOICE_CAPTURE,598268,6/27/2026 12:03:37 PM,068492a8-9bbc-456b-87fb-dc52c0aec9a7,2.0,,,,,,,,,,,,,,,,,,,,,,,,,,,,,,,,,,,,,,,,,,,,,,,,,,,NA,Kim. Thank you.,
PLAYER_POSITIONS,598576,6/27/2026 12:03:37 PM,068492a8-9bbc-456b-87fb-dc52c0aec9a7,2.0,,,,,,,,,,,,,,,,,,,,,,,,,,,,,,,,,,,"(-17.6, 0.6, 7.6)","(-17.5, 1.2, 7.4)","(-17.3, 0.6, 7.6)",
PLAYER_POSITIONS,598576,6/27/2026 12:03:37 PM,068492a8-9bbc-456b-87fb-dc52c0aec9a7,2.0,,,,,,,,,,,,,,,,,,,,,,,,,,,,,,,,,,,"(-17.6, 0.6, 7.6)","(-17.5, 1.2, 7.4)","(-17.3, 0.6, 7.6)",
PATIENT_ENGAGED,598703,6/27/2026 12:03:38 PM,068492a8-9bbc-456b-87fb-dc52c0aec9a7,2.0,,,,0,,,,,,,,,,,,,,,,fast,100,Infinity,normal,Military PT 6,agony,supine,"(-15.8, 0.0, 9.1)",fast,"(0.0, 0.5, 0.0, 0.9)",normal,IMMEDIATE,still,,,,,,,,,,,,,,,,,37.93,
PATIENT_DISENGAGED,598725,6/27/2026 12:03:38 PM,068492a8-9bbc-456b-87fb-dc52c0aec9a7,2.0,,,,0.02,,,,,,,,,,,,,,,,fast,100,Infinity,normal,Military PT 6,agony,supine,"(-15.8, 0.0, 9.1)",fast,"(0.0, 0.5, 0.0, 0.9)",normal,IMMEDIATE,still,,,,,,,,,,,,,,,,,37.96,
PATIENT_ENGAGED,598759,6/27/2026 12:03:38 PM,068492a8-9bbc-456b-87fb-dc52c0aec9a7,2.0,,,,0,,,,,,,,,,,,,,,,fast,100,Infinity,normal,Military PT 6,agony,supine,"(-15.8, 0.0, 9.1)",fast,"(0.0, 0.5, 0.0, 0.9)",normal,IMMEDIATE,still,,,,,,,,,,,,,,,,,37.96,
PATIENT_DISENGAGED,598794,6/27/2026 12:03:38 PM,068492a8-9bbc-456b-87fb-dc52c0aec9a7,2.0,,,,0.03,,,,,,,,,,,,,,,,fast,100,Infinity,normal,Military PT 6,agony,supine,"(-15.8, 0.0, 9.1)",fast,"(0.0, 0.5, 0.0, 0.9)",normal,IMMEDIATE,still,,,,,,,,,,,,,,,,,37.99,
PATIENT_ENGAGED,598816,6/27/2026 12:03:38 PM,068492a8-9bbc-456b-87fb-dc52c0aec9a7,2.0,,,,0,,,,,,,,,,,,,,,,fast,100,Infinity,normal,Military PT 6,agony,supine,"(-15.8, 0.0, 9.1)",fast,"(0.0, 0.5, 0.0, 0.9)",normal,IMMEDIATE,still,,,,,,,,,,,,,,,,,37.99,
PATIENT_DISENGAGED,598838,6/27/2026 12:03:38 PM,068492a8-9bbc-456b-87fb-dc52c0aec9a7,2.0,,,,0.02,,,,,,,,,,,,,,,,fast,100,Infinity,normal,Military PT 6,agony,supine,"(-15.8, 0.0, 9.1)",fast,"(0.0, 0.5, 0.0, 0.9)",normal,IMMEDIATE,still,,,,,,,,,,,,,,,,,38.01,
PULSE_TAKEN,598970,6/27/2026 12:03:38 PM,068492a8-9bbc-456b-87fb-dc52c0aec9a7,2.0,,,,,,,,,,,,,,,,,,,,,,,,Civilian PT 14,,,,pulse_normal,
PATIENT_ENGAGED,598996,6/27/2026 12:03:38 PM,068492a8-9bbc-456b-87fb-dc52c0aec9a7,2.0,,,,0,,,,,,,,,,,,,,,,fast,100,Infinity,normal,Military PT 6,agony,supine,"(-15.8, 0.0, 9.1)",fast,"(0.0, 0.5, 0.0, 0.9)",normal,IMMEDIATE,still,,,,,,,,,,,,,,,,,38.01,
PLAYER_POSITIONS,599062,6/27/2026 12:03:38 PM,068492a8-9bbc-456b-87fb-dc52c0aec9a7,2.0,,,,,,,,,,,,,,,,,,,,,,,,,,,,,,,,,,,"(-16.6, 0.6, 8.5)","(-16.5, 1.2, 8.3)","(-16.3, 0.5, 8.4)",
PLAYER_POSITIONS,599062,6/27/2026 12:03:38 PM,068492a8-9bbc-456b-87fb-dc52c0aec9a7,2.0,,,,,,,,,,,,,,,,,,,,,,,,,,,,,,,,,,,"(-16.6, 0.6, 8.5)","(-16.5, 1.2, 8.3)","(-16.3, 0.5, 8.4)",
TELEPORT,599083,6/27/2026 12:03:38 PM,068492a8-9bbc-456b-87fb-dc52c0aec9a7,2.0,,,,,,,,,,,,,,,,,,,,,,,,,,,,,,,,,,,,"(-17.4, 1.2, 7.5)",,,,,,,"(-16.5, 1.2, 8.4)",
PLAYER_POSITIONS,599574,6/27/2026 12:03:38 PM,068492a8-9bbc-456b-87fb-dc52c0aec9a7,2.0,,,,,,,,,,,,,,,,,,,,,,,,,,,,,,,,,,,"(-16.8, 0.6, 8.7)","(-16.8, 1.2, 8.6)","(-16.6, 0.5, 8.7)",
PLAYER_POSITIONS,599574,6/27/2026 12:03:38 PM,068492a8-9bbc-456b-87fb-dc52c0aec9a7,2.0,,,,,,,,,,,,,,,,,,,,,,,,,,,,,,,,,,,"(-16.8, 0.6, 8.7)","(-16.8, 1.2, 8.6)","(-16.6, 0.5, 8.7)",
PULSE_TAKEN,600034,6/27/2026 12:03:39 PM,068492a8-9bbc-456b-87fb-dc52c0aec9a7,2.0,,,,,,,,,,,,,,,,,,,,,,,,Civilian PT 14,,,,pulse_normal,
PLAYER_POSITIONS,600082,6/27/2026 12:03:39 PM,068492a8-9bbc-456b-87fb-dc52c0aec9a7,2.0,,,,,,,,,,,,,,,,,,,,,,,,,,,,,,,,,,,"(-16.7, 0.6, 9.3)","(-16.7, 1.2, 9.3)","(-16.6, 0.5, 9.4)",
PLAYER_POSITIONS,600082,6/27/2026 12:03:39 PM,068492a8-9bbc-456b-87fb-dc52c0aec9a7,2.0,,,,,,,,,,,,,,,,,,,,,,,,,,,,,,,,,,,"(-16.7, 0.6, 9.3)","(-16.7, 1.2, 9.3)","(-16.6, 0.5, 9.4)",
PLAYER_POSITIONS,600585,6/27/2026 12:03:39 PM,068492a8-9bbc-456b-87fb-dc52c0aec9a7,2.0,,,,,,,,,,,,,,,,,,,,,,,,,,,,,,,,,,,"(-16.7, 0.6, 10.1)","(-16.7, 1.2, 10.0)","(-16.5, 0.6, 10.1)",
PLAYER_POSITIONS,600585,6/27/2026 12:03:39 PM,068492a8-9bbc-456b-87fb-dc52c0aec9a7,2.0,,,,,,,,,,,,,,,,,,,,,,,,,,,,,,,,,,,"(-16.7, 0.6, 10.1)","(-16.7, 1.2, 10.0)","(-16.5, 0.6, 10.1)",
AUDIO_START,600935,6/27/2026 12:03:40 PM,068492a8-9bbc-456b-87fb-dc52c0aec9a7,2.0,good hits hammer 1 2,4.571429,
PLAYER_POSITIONS,601106,6/27/2026 12:03:40 PM,068492a8-9bbc-456b-87fb-dc52c0aec9a7,2.0,,,,,,,,,,,,,,,,,,,,,,,,,,,,,,,,,,,"(-16.6, 0.6, 10.9)","(-16.5, 1.2, 10.8)","(-16.4, 0.5, 10.9)",
PLAYER_POSITIONS,601106,6/27/2026 12:03:40 PM,068492a8-9bbc-456b-87fb-dc52c0aec9a7,2.0,,,,,,,,,,,,,,,,,,,,,,,,,,,,,,,,,,,"(-16.6, 0.6, 10.9)","(-16.5, 1.2, 10.8)","(-16.4, 0.5, 10.9)",
DRAG_STOP,601417,6/27/2026 12:03:40 PM,068492a8-9bbc-456b-87fb-dc52c0aec9a7,2.0,,,,,"(-14.1, 0.0, 3.6)","(-17.2, 0.0, 11.4)",,,,,,,,,,,,,,,,,,Civilian PT 14,
DRAG_STOP,601417,6/27/2026 12:03:40 PM,068492a8-9bbc-456b-87fb-dc52c0aec9a7,2.0,,,,,"(-14.1, 0.0, 3.6)","(-17.2, 0.0, 11.4)",,,,,,,,,,,,,,,,,,Civilian PT 14,
PLAYER_POSITIONS,601607,6/27/2026 12:03:40 PM,068492a8-9bbc-456b-87fb-dc52c0aec9a7,2.0,,,,,,,,,,,,,,,,,,,,,,,,,,,,,,,,,,,"(-16.8, 0.7, 11.0)","(-16.7, 1.2, 11.0)","(-16.5, 0.5, 11.2)",
PLAYER_POSITIONS,601607,6/27/2026 12:03:40 PM,068492a8-9bbc-456b-87fb-dc52c0aec9a7,2.0,,,,,,,,,,,,,,,,,,,,,,,,,,,,,,,,,,,"(-16.8, 0.7, 11.0)","(-16.7, 1.2, 11.0)","(-16.5, 0.5, 11.2)",
PATIENT_DISENGAGED,601968,6/27/2026 12:03:41 PM,068492a8-9bbc-456b-87fb-dc52c0aec9a7,2.0,,,,2.98,,,,,,,,,,,,,,,,fast,100,Infinity,normal,Military PT 6,agony,supine,"(-15.8, 0.0, 9.1)",fast,"(0.0, 0.5, 0.0, 0.9)",normal,IMMEDIATE,still,,,,,,,,,,,,,,,,,40.99,
PATIENT_ENGAGED,601968,6/27/2026 12:03:41 PM,068492a8-9bbc-456b-87fb-dc52c0aec9a7,2.0,,,,0,,,,,,,,,,,,,,,,normal,100,Infinity,normal,Civilian PT 14,upset,supine,"(-17.1, 0.0, 11.3)",normal,"(0.0, -0.4, 0.0, 0.9)",normal,DELAYED,still,,,,,,,,,,,,,,,,,70.67,
PLAYER_POSITIONS,602118,6/27/2026 12:03:41 PM,068492a8-9bbc-456b-87fb-dc52c0aec9a7,2.0,,,,,,,,,,,,,,,,,,,,,,,,,,,,,,,,,,,"(-16.9, 0.7, 11.1)","(-16.8, 1.1, 11.1)","(-16.5, 0.3, 11.0)",
PLAYER_POSITIONS,602118,6/27/2026 12:03:41 PM,068492a8-9bbc-456b-87fb-dc52c0aec9a7,2.0,,,,,,,,,,,,,,,,,,,,,,,,,,,,,,,,,,,"(-16.9, 0.7, 11.1)","(-16.8, 1.1, 11.1)","(-16.5, 0.3, 11.0)",
VOICE_CAPTURE,602289,6/27/2026 12:03:41 PM,068492a8-9bbc-456b-87fb-dc52c0aec9a7,2.0,,,,,,,,,,,,,,,,,,,,,,,,,,,,,,,,,,,,,,,,,,,,,,,,,,,NA,ll over?,
PLAYER_POSITIONS,602636,6/27/2026 12:03:42 PM,068492a8-9bbc-456b-87fb-dc52c0aec9a7,2.0,,,,,,,,,,,,,,,,,,,,,,,,,,,,,,,,,,,"(-16.9, 0.6, 11.1)","(-17.0, 1.1, 11.2)","(-16.7, 0.4, 11.1)",
PLAYER_GAZE,602636,6/27/2026 12:03:42 PM,068492a8-9bbc-456b-87fb-dc52c0aec9a7,2.0,,,,,,,,,,,,,,,,,,,,,,,,Civilian PT 14,,,,,,,,,"(0.2, 1.1, -0.2)",,,"(-17.2, 0.0, 11.4)",
PLAYER_POSITIONS,602636,6/27/2026 12:03:42 PM,068492a8-9bbc-456b-87fb-dc52c0aec9a7,2.0,,,,,,,,,,,,,,,,,,,,,,,,,,,,,,,,,,,"(-16.9, 0.6, 11.1)","(-17.0, 1.1, 11.2)","(-16.7, 0.4, 11.1)",
PLAYER_GAZE,602636,6/27/2026 12:03:42 PM,068492a8-9bbc-456b-87fb-dc52c0aec9a7,2.0,,,,,,,,,,,,,,,,,,,,,,,,Civilian PT 14,,,,,,,,,"(0.2, 1.1, -0.2)",,,"(-17.2, 0.0, 11.4)",
VOICE_CAPTURE,602791,6/27/2026 12:03:42 PM,068492a8-9bbc-456b-87fb-dc52c0aec9a7,2.0,,,,,,,,,,,,,,,,,,,,,,,,,,,,,,,,,,,,,,,,,,,,,,,,,,,NA,ll over? Can you roll over?,
PLAYER_POSITIONS,603136,6/27/2026 12:03:42 PM,068492a8-9bbc-456b-87fb-dc52c0aec9a7,2.0,,,,,,,,,,,,,,,,,,,,,,,,,,,,,,,,,,,"(-17.0, 0.6, 11.0)","(-16.8, 1.1, 11.1)","(-16.7, 0.3, 11.2)",
PLAYER_GAZE,603136,6/27/2026 12:03:42 PM,068492a8-9bbc-456b-87fb-dc52c0aec9a7,2.0,,,,,,,,,,,,,,,,,,,,,,,,Civilian PT 14,,,,,,,,,"(0.4, 1.1, -0.3)",,,"(-17.2, 0.0, 11.4)",
PLAYER_POSITIONS,603136,6/27/2026 12:03:42 PM,068492a8-9bbc-456b-87fb-dc52c0aec9a7,2.0,,,,,,,,,,,,,,,,,,,,,,,,,,,,,,,,,,,"(-17.0, 0.6, 11.0)","(-16.8, 1.1, 11.1)","(-16.7, 0.3, 11.2)",
PLAYER_GAZE,603136,6/27/2026 12:03:42 PM,068492a8-9bbc-456b-87fb-dc52c0aec9a7,2.0,,,,,,,,,,,,,,,,,,,,,,,,Civilian PT 14,,,,,,,,,"(0.4, 1.1, -0.3)",,,"(-17.2, 0.0, 11.4)",
VOICE_CAPTURE,603291,6/27/2026 12:03:42 PM,068492a8-9bbc-456b-87fb-dc52c0aec9a7,2.0,,,,,,,,,,,,,,,,,,,,,,,,,,,,,,,,,,,,,,,,,,,,,,,,,,,NA,ll over? Can you roll over?,
VOICE_CAPTURE,603291,6/27/2026 12:03:42 PM,068492a8-9bbc-456b-87fb-dc52c0aec9a7,2.0,,,,,,,,,,,,,,,,,,,,,,,,,,,,,,,,,,,,,,,,,,,,,,,,,,,NA,ll over? Can you roll over?,
VOICE_COMMAND,603291,6/27/2026 12:03:42 PM,068492a8-9bbc-456b-87fb-dc52c0aec9a7,2.0,,,,,,,,,,,,,,,,,,,,,,,,,,,,,,,,,,,,,,,,,,,,,,,,,,,ll over? Can you roll over?,lay down,
PLAYER_POSITIONS,603648,6/27/2026 12:03:43 PM,068492a8-9bbc-456b-87fb-dc52c0aec9a7,2.0,,,,,,,,,,,,,,,,,,,,,,,,,,,,,,,,,,,"(-17.0, 0.7, 11.0)","(-16.8, 1.1, 11.1)","(-16.6, 0.3, 11.1)",
PLAYER_GAZE,603648,6/27/2026 12:03:43 PM,068492a8-9bbc-456b-87fb-dc52c0aec9a7,2.0,,,,,,,,,,,,,,,,,,,,,,,,Civilian PT 14,,,,,,,,,"(0.4, 1.1, -0.3)",,,"(-17.2, 0.0, 11.4)",
PLAYER_POSITIONS,603648,6/27/2026 12:03:43 PM,068492a8-9bbc-456b-87fb-dc52c0aec9a7,2.0,,,,,,,,,,,,,,,,,,,,,,,,,,,,,,,,,,,"(-17.0, 0.7, 11.0)","(-16.8, 1.1, 11.1)","(-16.6, 0.3, 11.1)",
PLAYER_GAZE,603648,6/27/2026 12:03:43 PM,068492a8-9bbc-456b-87fb-dc52c0aec9a7,2.0,,,,,,,,,,,,,,,,,,,,,,,,Civilian PT 14,,,,,,,,,"(0.4, 1.1, -0.3)",,,"(-17.2, 0.0, 11.4)",
DRAG_STOP,603737,6/27/2026 12:03:43 PM,068492a8-9bbc-456b-87fb-dc52c0aec9a7,2.0,,,,,"(-14.1, 0.0, 3.6)","(-17.2, 0.0, 11.4)",,,,,,,,,,,,,,,,,,Civilian PT 14,
PLAYER_POSITIONS,604158,6/27/2026 12:03:43 PM,068492a8-9bbc-456b-87fb-dc52c0aec9a7,2.0,,,,,,,,,,,,,,,,,,,,,,,,,,,,,,,,,,,"(-17.0, 0.7, 11.0)","(-16.9, 1.1, 11.0)","(-16.7, 0.4, 11.2)",
PLAYER_GAZE,604158,6/27/2026 12:03:43 PM,068492a8-9bbc-456b-87fb-dc52c0aec9a7,2.0,,,,,,,,,,,,,,,,,,,,,,,,Civilian PT 14,,,,,,,,,"(0.3, 1.1, -0.4)",,,"(-17.2, 0.0, 11.4)",
PLAYER_POSITIONS,604158,6/27/2026 12:03:43 PM,068492a8-9bbc-456b-87fb-dc52c0aec9a7,2.0,,,,,,,,,,,,,,,,,,,,,,,,,,,,,,,,,,,"(-17.0, 0.7, 11.0)","(-16.9, 1.1, 11.0)","(-16.7, 0.4, 11.2)",
PLAYER_GAZE,604158,6/27/2026 12:03:43 PM,068492a8-9bbc-456b-87fb-dc52c0aec9a7,2.0,,,,,,,,,,,,,,,,,,,,,,,,Civilian PT 14,,,,,,,,,"(0.3, 1.1, -0.4)",,,"(-17.2, 0.0, 11.4)",
BUTTON_CLICKED,604321,6/27/2026 12:03:43 PM,068492a8-9bbc-456b-87fb-dc52c0aec9a7,2.0,,,lay down,
VOICE_CAPTURE,604321,6/27/2026 12:03:43 PM,068492a8-9bbc-456b-87fb-dc52c0aec9a7,2.0,,,,,,,,,,,,,,,,,,,,,,,,,,,,,,,,,,,,,,,,,,,,,,,,,,,NA,lay down,
VOICE_COMMAND,604321,6/27/2026 12:03:43 PM,068492a8-9bbc-456b-87fb-dc52c0aec9a7,2.0,,,,,,,,,,,,,,,,,,,,,,,,,,,,,,,,,,,,,,,,,,,,,,,,,,,lay down,lay down,
PLAYER_POSITIONS,604680,6/27/2026 12:03:44 PM,068492a8-9bbc-456b-87fb-dc52c0aec9a7,2.0,,,,,,,,,,,,,,,,,,,,,,,,,,,,,,,,,,,"(-17.0, 0.6, 11.0)","(-16.9, 1.1, 11.0)","(-16.7, 0.6, 11.3)",
PLAYER_GAZE,604680,6/27/2026 12:03:44 PM,068492a8-9bbc-456b-87fb-dc52c0aec9a7,2.0,,,,,,,,,,,,,,,,,,,,,,,,Civilian PT 14,,,,,,,,,"(0.3, 1.1, -0.3)",,,"(-17.2, 0.0, 11.4)",
PLAYER_POSITIONS,604680,6/27/2026 12:03:44 PM,068492a8-9bbc-456b-87fb-dc52c0aec9a7,2.0,,,,,,,,,,,,,,,,,,,,,,,,,,,,,,,,,,,"(-17.0, 0.6, 11.0)","(-16.9, 1.1, 11.0)","(-16.7, 0.6, 11.3)",
PLAYER_GAZE,604680,6/27/2026 12:03:44 PM,068492a8-9bbc-456b-87fb-dc52c0aec9a7,2.0,,,,,,,,,,,,,,,,,,,,,,,,Civilian PT 14,,,,,,,,,"(0.3, 1.1, -0.3)",,,"(-17.2, 0.0, 11.4)",
PLAYER_POSITIONS,605201,6/27/2026 12:03:44 PM,068492a8-9bbc-456b-87fb-dc52c0aec9a7,2.0,,,,,,,,,,,,,,,,,,,,,,,,,,,,,,,,,,,"(-17.1, 0.5, 11.1)","(-16.9, 1.1, 11.0)","(-16.8, 0.5, 11.2)",
PLAYER_GAZE,605201,6/27/2026 12:03:44 PM,068492a8-9bbc-456b-87fb-dc52c0aec9a7,2.0,,,,,,,,,,,,,,,,,,,,,,,,Civilian PT 14,,,,,,,,,"(0.3, 1.1, -0.4)",,,"(-17.2, 0.0, 11.4)",
PLAYER_POSITIONS,605201,6/27/2026 12:03:44 PM,068492a8-9bbc-456b-87fb-dc52c0aec9a7,2.0,,,,,,,,,,,,,,,,,,,,,,,,,,,,,,,,,,,"(-17.1, 0.5, 11.1)","(-16.9, 1.1, 11.0)","(-16.8, 0.5, 11.2)",
PLAYER_GAZE,605201,6/27/2026 12:03:44 PM,068492a8-9bbc-456b-87fb-dc52c0aec9a7,2.0,,,,,,,,,,,,,,,,,,,,,,,,Civilian PT 14,,,,,,,,,"(0.3, 1.1, -0.4)",,,"(-17.2, 0.0, 11.4)",
AUDIO_END,605507,6/27/2026 12:03:44 PM,068492a8-9bbc-456b-87fb-dc52c0aec9a7,2.0,good hits hammer 1 2,4.571429,
NARRATIVE_SECTION_END,605507,6/27/2026 12:03:44 PM,068492a8-9bbc-456b-87fb-dc52c0aec9a7,2.0,,,,,,,,,,,,,,,,,,Good hits hammer 1-2,69,
NARRATIVE_SECTION_START,605517,6/27/2026 12:03:44 PM,068492a8-9bbc-456b-87fb-dc52c0aec9a7,2.0,,,,,,,,,,,,,,,,,,Bravo be advised sniper,70,
PLAYER_POSITIONS,605730,6/27/2026 12:03:45 PM,068492a8-9bbc-456b-87fb-dc52c0aec9a7,2.0,,,,,,,,,,,,,,,,,,,,,,,,,,,,,,,,,,,"(-17.2, 0.3, 11.1)","(-17.0, 0.9, 11.1)","(-16.7, 0.4, 11.1)",
PLAYER_GAZE,605730,6/27/2026 12:03:45 PM,068492a8-9bbc-456b-87fb-dc52c0aec9a7,2.0,,,,,,,,,,,,,,,,,,,,,,,,Civilian PT 14,,,,,,,,,"(0.2, 0.9, -0.3)",,,"(-17.2, 0.0, 11.4)",
PLAYER_POSITIONS,605730,6/27/2026 12:03:45 PM,068492a8-9bbc-456b-87fb-dc52c0aec9a7,2.0,,,,,,,,,,,,,,,,,,,,,,,,,,,,,,,,,,,"(-17.2, 0.3, 11.1)","(-17.0, 0.9, 11.1)","(-16.7, 0.4, 11.1)",
PLAYER_GAZE,605730,6/27/2026 12:03:45 PM,068492a8-9bbc-456b-87fb-dc52c0aec9a7,2.0,,,,,,,,,,,,,,,,,,,,,,,,Civilian PT 14,,,,,,,,,"(0.2, 0.9, -0.3)",,,"(-17.2, 0.0, 11.4)",
PLAYER_POSITIONS,606251,6/27/2026 12:03:45 PM,068492a8-9bbc-456b-87fb-dc52c0aec9a7,2.0,,,,,,,,,,,,,,,,,,,,,,,,,,,,,,,,,,,"(-17.1, 0.3, 11.1)","(-17.0, 1.0, 11.0)","(-16.7, 0.5, 11.1)",
PLAYER_GAZE,606251,6/27/2026 12:03:45 PM,068492a8-9bbc-456b-87fb-dc52c0aec9a7,2.0,,,,,,,,,,,,,,,,,,,,,,,,Civilian PT 14,,,,,,,,,"(0.2, 1.0, -0.3)",,,"(-17.2, 0.0, 11.4)",
PLAYER_POSITIONS,606251,6/27/2026 12:03:45 PM,068492a8-9bbc-456b-87fb-dc52c0aec9a7,2.0,,,,,,,,,,,,,,,,,,,,,,,,,,,,,,,,,,,"(-17.1, 0.3, 11.1)","(-17.0, 1.0, 11.0)","(-16.7, 0.5, 11.1)",
PLAYER_GAZE,606251,6/27/2026 12:03:45 PM,068492a8-9bbc-456b-87fb-dc52c0aec9a7,2.0,,,,,,,,,,,,,,,,,,,,,,,,Civilian PT 14,,,,,,,,,"(0.2, 1.0, -0.3)",,,"(-17.2, 0.0, 11.4)",
VOICE_CAPTURE,606286,6/27/2026 12:03:45 PM,068492a8-9bbc-456b-87fb-dc52c0aec9a7,2.0,,,,,,,,,,,,,,,,,,,,,,,,,,,,,,,,,,,,,,,,,,,,,,,,,,,NA,Thank you.,
PLAYER_POSITIONS,606753,6/27/2026 12:03:46 PM,068492a8-9bbc-456b-87fb-dc52c0aec9a7,2.0,,,,,,,,,,,,,,,,,,,,,,,,,,,,,,,,,,,"(-17.1, 0.4, 11.1)","(-16.9, 1.1, 11.0)","(-16.7, 0.7, 11.2)",
PLAYER_GAZE,606753,6/27/2026 12:03:46 PM,068492a8-9bbc-456b-87fb-dc52c0aec9a7,2.0,,,,,,,,,,,,,,,,,,,,,,,,Civilian PT 14,,,,,,,,,"(0.3, 1.1, -0.4)",,,"(-17.2, 0.0, 11.4)",
PLAYER_POSITIONS,606753,6/27/2026 12:03:46 PM,068492a8-9bbc-456b-87fb-dc52c0aec9a7,2.0,,,,,,,,,,,,,,,,,,,,,,,,,,,,,,,,,,,"(-17.1, 0.4, 11.1)","(-16.9, 1.1, 11.0)","(-16.7, 0.7, 11.2)",
PLAYER_GAZE,606753,6/27/2026 12:03:46 PM,068492a8-9bbc-456b-87fb-dc52c0aec9a7,2.0,,,,,,,,,,,,,,,,,,,,,,,,Civilian PT 14,,,,,,,,,"(0.3, 1.1, -0.4)",,,"(-17.2, 0.0, 11.4)",
PLAYER_POSITIONS,607263,6/27/2026 12:03:46 PM,068492a8-9bbc-456b-87fb-dc52c0aec9a7,2.0,,,,,,,,,,,,,,,,,,,,,,,,,,,,,,,,,,,"(-17.0, 0.4, 11.0)","(-16.9, 1.1, 11.0)","(-16.7, 0.6, 11.3)",
PLAYER_GAZE,607263,6/27/2026 12:03:46 PM,068492a8-9bbc-456b-87fb-dc52c0aec9a7,2.0,,,,,,,,,,,,,,,,,,,,,,,,Civilian PT 14,,,,,,,,,"(0.3, 1.1, -0.4)",,,"(-17.2, 0.0, 11.4)",
PLAYER_POSITIONS,607263,6/27/2026 12:03:46 PM,068492a8-9bbc-456b-87fb-dc52c0aec9a7,2.0,,,,,,,,,,,,,,,,,,,,,,,,,,,,,,,,,,,"(-17.0, 0.4, 11.0)","(-16.9, 1.1, 11.0)","(-16.7, 0.6, 11.3)",
PLAYER_GAZE,607263,6/27/2026 12:03:46 PM,068492a8-9bbc-456b-87fb-dc52c0aec9a7,2.0,,,,,,,,,,,,,,,,,,,,,,,,Civilian PT 14,,,,,,,,,"(0.3, 1.1, -0.4)",,,"(-17.2, 0.0, 11.4)",
VOICE_CAPTURE,607285,6/27/2026 12:03:46 PM,068492a8-9bbc-456b-87fb-dc52c0aec9a7,2.0,,,,,,,,,,,,,,,,,,,,,,,,,,,,,,,,,,,,,,,,,,,,,,,,,,,NA,Thank you.,
PLAYER_POSITIONS,607764,6/27/2026 12:03:47 PM,068492a8-9bbc-456b-87fb-dc52c0aec9a7,2.0,,,,,,,,,,,,,,,,,,,,,,,,,,,,,,,,,,,"(-17.0, 0.4, 11.0)","(-16.9, 1.1, 11.0)","(-16.7, 0.6, 11.2)",
PLAYER_GAZE,607764,6/27/2026 12:03:47 PM,068492a8-9bbc-456b-87fb-dc52c0aec9a7,2.0,,,,,,,,,,,,,,,,,,,,,,,,Civilian PT 14,,,,,,,,,"(0.3, 1.1, -0.4)",,,"(-17.2, 0.0, 11.4)",
PLAYER_POSITIONS,607764,6/27/2026 12:03:47 PM,068492a8-9bbc-456b-87fb-dc52c0aec9a7,2.0,,,,,,,,,,,,,,,,,,,,,,,,,,,,,,,,,,,"(-17.0, 0.4, 11.0)","(-16.9, 1.1, 11.0)","(-16.7, 0.6, 11.2)",
PLAYER_GAZE,607764,6/27/2026 12:03:47 PM,068492a8-9bbc-456b-87fb-dc52c0aec9a7,2.0,,,,,,,,,,,,,,,,,,,,,,,,Civilian PT 14,,,,,,,,,"(0.3, 1.1, -0.4)",,,"(-17.2, 0.0, 11.4)",
VOICE_CAPTURE,607842,6/27/2026 12:03:47 PM,068492a8-9bbc-456b-87fb-dc52c0aec9a7,2.0,,,,,,,,,,,,,,,,,,,,,,,,,,,,,,,,,,,,,,,,,,,,,,,,,,,NA,Thank you. Can you relax?,
PLAYER_POSITIONS,608265,6/27/2026 12:03:47 PM,068492a8-9bbc-456b-87fb-dc52c0aec9a7,2.0,,,,,,,,,,,,,,,,,,,,,,,,,,,,,,,,,,,"(-17.0, 0.4, 11.0)","(-16.9, 1.1, 11.0)","(-16.6, 0.6, 11.2)",
PLAYER_GAZE,608265,6/27/2026 12:03:47 PM,068492a8-9bbc-456b-87fb-dc52c0aec9a7,2.0,,,,,,,,,,,,,,,,,,,,,,,,Civilian PT 14,,,,,,,,,"(0.3, 1.1, -0.4)",,,"(-17.2, 0.0, 11.4)",
PLAYER_POSITIONS,608265,6/27/2026 12:03:47 PM,068492a8-9bbc-456b-87fb-dc52c0aec9a7,2.0,,,,,,,,,,,,,,,,,,,,,,,,,,,,,,,,,,,"(-17.0, 0.4, 11.0)","(-16.9, 1.1, 11.0)","(-16.6, 0.6, 11.2)",
PLAYER_GAZE,608265,6/27/2026 12:03:47 PM,068492a8-9bbc-456b-87fb-dc52c0aec9a7,2.0,,,,,,,,,,,,,,,,,,,,,,,,Civilian PT 14,,,,,,,,,"(0.3, 1.1, -0.4)",,,"(-17.2, 0.0, 11.4)",
VOICE_CAPTURE,608288,6/27/2026 12:03:47 PM,068492a8-9bbc-456b-87fb-dc52c0aec9a7,2.0,,,,,,,,,,,,,,,,,,,,,,,,,,,,,,,,,,,,,,,,,,,,,,,,,,,NA,Thank you. Can you roll over?,
PLAYER_POSITIONS,608775,6/27/2026 12:03:48 PM,068492a8-9bbc-456b-87fb-dc52c0aec9a7,2.0,,,,,,,,,,,,,,,,,,,,,,,,,,,,,,,,,,,"(-17.0, 0.4, 11.0)","(-16.9, 1.1, 11.0)","(-16.7, 0.6, 11.2)",
PLAYER_GAZE,608775,6/27/2026 12:03:48 PM,068492a8-9bbc-456b-87fb-dc52c0aec9a7,2.0,,,,,,,,,,,,,,,,,,,,,,,,Civilian PT 14,,,,,,,,,"(0.3, 1.1, -0.4)",,,"(-17.2, 0.0, 11.4)",
PLAYER_POSITIONS,608775,6/27/2026 12:03:48 PM,068492a8-9bbc-456b-87fb-dc52c0aec9a7,2.0,,,,,,,,,,,,,,,,,,,,,,,,,,,,,,,,,,,"(-17.0, 0.4, 11.0)","(-16.9, 1.1, 11.0)","(-16.7, 0.6, 11.2)",
PLAYER_GAZE,608775,6/27/2026 12:03:48 PM,068492a8-9bbc-456b-87fb-dc52c0aec9a7,2.0,,,,,,,,,,,,,,,,,,,,,,,,Civilian PT 14,,,,,,,,,"(0.3, 1.1, -0.4)",,,"(-17.2, 0.0, 11.4)",
VOICE_CAPTURE,608775,6/27/2026 12:03:48 PM,068492a8-9bbc-456b-87fb-dc52c0aec9a7,2.0,,,,,,,,,,,,,,,,,,,,,,,,,,,,,,,,,,,,,,,,,,,,,,,,,,,NA,Thank you. Can you roll over?,
VOICE_CAPTURE,608775,6/27/2026 12:03:48 PM,068492a8-9bbc-456b-87fb-dc52c0aec9a7,2.0,,,,,,,,,,,,,,,,,,,,,,,,,,,,,,,,,,,,,,,,,,,,,,,,,,,NA,Thank you. Can you roll over?,
VOICE_COMMAND,608775,6/27/2026 12:03:48 PM,068492a8-9bbc-456b-87fb-dc52c0aec9a7,2.0,,,,,,,,,,,,,,,,,,,,,,,,,,,,,,,,,,,,,,,,,,,,,,,,,,,Thank you. Can you roll over?,lay down,
BUTTON_CLICKED,609228,6/27/2026 12:03:48 PM,068492a8-9bbc-456b-87fb-dc52c0aec9a7,2.0,,,modbutton no,
VOICE_CAPTURE,609228,6/27/2026 12:03:48 PM,068492a8-9bbc-456b-87fb-dc52c0aec9a7,2.0,,,,,,,,,,,,,,,,,,,,,,,,,,,,,,,,,,,,,,,,,,,,,,,,,,,NA,modbutton no,
VOICE_COMMAND,609228,6/27/2026 12:03:48 PM,068492a8-9bbc-456b-87fb-dc52c0aec9a7,2.0,,,,,,,,,,,,,,,,,,,,,,,,,,,,,,,,,,,,,,,,,,,,,,,,,,,modbutton no,modbutton no,
PLAYER_POSITIONS,609285,6/27/2026 12:03:48 PM,068492a8-9bbc-456b-87fb-dc52c0aec9a7,2.0,,,,,,,,,,,,,,,,,,,,,,,,,,,,,,,,,,,"(-17.0, 0.4, 11.0)","(-16.9, 1.1, 11.0)","(-16.6, 0.6, 11.2)",
PLAYER_GAZE,609285,6/27/2026 12:03:48 PM,068492a8-9bbc-456b-87fb-dc52c0aec9a7,2.0,,,,,,,,,,,,,,,,,,,,,,,,Civilian PT 14,,,,,,,,,"(0.3, 1.1, -0.4)",,,"(-17.2, 0.0, 11.4)",
PLAYER_POSITIONS,609285,6/27/2026 12:03:48 PM,068492a8-9bbc-456b-87fb-dc52c0aec9a7,2.0,,,,,,,,,,,,,,,,,,,,,,,,,,,,,,,,,,,"(-17.0, 0.4, 11.0)","(-16.9, 1.1, 11.0)","(-16.6, 0.6, 11.2)",
PLAYER_GAZE,609285,6/27/2026 12:03:48 PM,068492a8-9bbc-456b-87fb-dc52c0aec9a7,2.0,,,,,,,,,,,,,,,,,,,,,,,,Civilian PT 14,,,,,,,,,"(0.3, 1.1, -0.4)",,,"(-17.2, 0.0, 11.4)",
PLAYER_POSITIONS,609792,6/27/2026 12:03:49 PM,068492a8-9bbc-456b-87fb-dc52c0aec9a7,2.0,,,,,,,,,,,,,,,,,,,,,,,,,,,,,,,,,,,"(-17.0, 0.4, 11.0)","(-16.9, 1.1, 11.0)","(-16.6, 0.6, 11.2)",
PLAYER_GAZE,609792,6/27/2026 12:03:49 PM,068492a8-9bbc-456b-87fb-dc52c0aec9a7,2.0,,,,,,,,,,,,,,,,,,,,,,,,Civilian PT 14,,,,,,,,,"(0.3, 1.1, -0.4)",,,"(-17.2, 0.0, 11.4)",
PLAYER_POSITIONS,609792,6/27/2026 12:03:49 PM,068492a8-9bbc-456b-87fb-dc52c0aec9a7,2.0,,,,,,,,,,,,,,,,,,,,,,,,,,,,,,,,,,,"(-17.0, 0.4, 11.0)","(-16.9, 1.1, 11.0)","(-16.6, 0.6, 11.2)",
PLAYER_GAZE,609792,6/27/2026 12:03:49 PM,068492a8-9bbc-456b-87fb-dc52c0aec9a7,2.0,,,,,,,,,,,,,,,,,,,,,,,,Civilian PT 14,,,,,,,,,"(0.3, 1.1, -0.4)",,,"(-17.2, 0.0, 11.4)",
PLAYER_POSITIONS,610304,6/27/2026 12:03:49 PM,068492a8-9bbc-456b-87fb-dc52c0aec9a7,2.0,,,,,,,,,,,,,,,,,,,,,,,,,,,,,,,,,,,"(-17.1, 0.4, 11.1)","(-16.9, 1.1, 11.0)","(-16.7, 0.6, 11.2)",
PLAYER_GAZE,610304,6/27/2026 12:03:49 PM,068492a8-9bbc-456b-87fb-dc52c0aec9a7,2.0,,,,,,,,,,,,,,,,,,,,,,,,Civilian PT 14,,,,,,,,,"(0.3, 1.1, -0.3)",,,"(-17.2, 0.0, 11.4)",
PLAYER_POSITIONS,610304,6/27/2026 12:03:49 PM,068492a8-9bbc-456b-87fb-dc52c0aec9a7,2.0,,,,,,,,,,,,,,,,,,,,,,,,,,,,,,,,,,,"(-17.1, 0.4, 11.1)","(-16.9, 1.1, 11.0)","(-16.7, 0.6, 11.2)",
PLAYER_GAZE,610304,6/27/2026 12:03:49 PM,068492a8-9bbc-456b-87fb-dc52c0aec9a7,2.0,,,,,,,,,,,,,,,,,,,,,,,,Civilian PT 14,,,,,,,,,"(0.3, 1.1, -0.3)",,,"(-17.2, 0.0, 11.4)",
EVAC_RADIO_ALERT,610468,6/27/2026 12:03:49 PM,068492a8-9bbc-456b-87fb-dc52c0aec9a7,2.0,,,,,,,,1,
AUDIO_START,610474,6/27/2026 12:03:49 PM,068492a8-9bbc-456b-87fb-dc52c0aec9a7,2.0,evac in 30 seconds,5.172245,
PLAYER_POSITIONS,610806,6/27/2026 12:03:50 PM,068492a8-9bbc-456b-87fb-dc52c0aec9a7,2.0,,,,,,,,,,,,,,,,,,,,,,,,,,,,,,,,,,,"(-17.0, 0.4, 11.1)","(-16.8, 1.1, 11.1)","(-16.7, 0.7, 11.2)",
PLAYER_POSITIONS,610806,6/27/2026 12:03:50 PM,068492a8-9bbc-456b-87fb-dc52c0aec9a7,2.0,,,,,,,,,,,,,,,,,,,,,,,,,,,,,,,,,,,"(-17.0, 0.4, 11.1)","(-16.8, 1.1, 11.1)","(-16.7, 0.7, 11.2)",
PLAYER_POSITIONS,611315,6/27/2026 12:03:50 PM,068492a8-9bbc-456b-87fb-dc52c0aec9a7,2.0,,,,,,,,,,,,,,,,,,,,,,,,,,,,,,,,,,,"(-16.9, 0.5, 11.0)","(-16.8, 1.1, 11.1)","(-16.8, 0.7, 11.3)",
PLAYER_POSITIONS,611315,6/27/2026 12:03:50 PM,068492a8-9bbc-456b-87fb-dc52c0aec9a7,2.0,,,,,,,,,,,,,,,,,,,,,,,,,,,,,,,,,,,"(-16.9, 0.5, 11.0)","(-16.8, 1.1, 11.1)","(-16.8, 0.7, 11.3)",
BUTTON_CLICKED,611390,6/27/2026 12:03:50 PM,068492a8-9bbc-456b-87fb-dc52c0aec9a7,2.0,,,modbutton no,
VOICE_CAPTURE,611390,6/27/2026 12:03:50 PM,068492a8-9bbc-456b-87fb-dc52c0aec9a7,2.0,,,,,,,,,,,,,,,,,,,,,,,,,,,,,,,,,,,,,,,,,,,,,,,,,,,NA,modbutton no,
VOICE_COMMAND,611390,6/27/2026 12:03:50 PM,068492a8-9bbc-456b-87fb-dc52c0aec9a7,2.0,,,,,,,,,,,,,,,,,,,,,,,,Civilian PT 14,,,,,,,,,,,,,,,,,,,,,,,,,,,modbutton no,modbutton no,
TOOL_HOVER,611612,6/27/2026 12:03:50 PM,068492a8-9bbc-456b-87fb-dc52c0aec9a7,2.0,,,,,,,,,,,,,,,,,,,,,,,,,,,,,,,,,,,,,,,,,,,,,,998,,Israeli Wrap,
PLAYER_POSITIONS,611827,6/27/2026 12:03:51 PM,068492a8-9bbc-456b-87fb-dc52c0aec9a7,2.0,,,,,,,,,,,,,,,,,,,,,,,,,,,,,,,,,,,"(-16.9, 0.5, 11.0)","(-16.8, 1.1, 11.1)","(-16.6, 0.7, 11.5)",
PLAYER_POSITIONS,611827,6/27/2026 12:03:51 PM,068492a8-9bbc-456b-87fb-dc52c0aec9a7,2.0,,,,,,,,,,,,,,,,,,,,,,,,,,,,,,,,,,,"(-16.9, 0.5, 11.0)","(-16.8, 1.1, 11.1)","(-16.6, 0.7, 11.5)",
TOOL_HOVER,612012,6/27/2026 12:03:51 PM,068492a8-9bbc-456b-87fb-dc52c0aec9a7,2.0,,,,,,,,,,,,,,,,,,,,,,,,,,,,,,,,,,,,,,,,,,,,,,992,,Gauze Wrap,
PLAYER_POSITIONS,612336,6/27/2026 12:03:51 PM,068492a8-9bbc-456b-87fb-dc52c0aec9a7,2.0,,,,,,,,,,,,,,,,,,,,,,,,,,,,,,,,,,,"(-16.9, 0.5, 11.1)","(-16.7, 1.2, 11.1)","(-16.7, 0.8, 11.5)",
PLAYER_POSITIONS,612336,6/27/2026 12:03:51 PM,068492a8-9bbc-456b-87fb-dc52c0aec9a7,2.0,,,,,,,,,,,,,,,,,,,,,,,,,,,,,,,,,,,"(-16.9, 0.5, 11.1)","(-16.7, 1.2, 11.1)","(-16.7, 0.8, 11.5)",
TOOL_HOVER,612403,6/27/2026 12:03:51 PM,068492a8-9bbc-456b-87fb-dc52c0aec9a7,2.0,,,,,,,,,,,,,,,,,,,,,,,,,,,,,,,,,,,,,,,,,,,,,,998,,Israeli Wrap,
TOOL_HOVER,612524,6/27/2026 12:03:51 PM,068492a8-9bbc-456b-87fb-dc52c0aec9a7,2.0,,,,,,,,,,,,,,,,,,,,,,,,,,,,,,,,,,,,,,,,,,,,,,999,,Blanket,
TOOL_HOVER,612737,6/27/2026 12:03:52 PM,068492a8-9bbc-456b-87fb-dc52c0aec9a7,2.0,,,,,,,,,,,,,,,,,,,,,,,,,,,,,,,,,,,,,,,,,,,,,,999,,IV Blood,
VOICE_CAPTURE,612806,6/27/2026 12:03:52 PM,068492a8-9bbc-456b-87fb-dc52c0aec9a7,2.0,,,,,,,,,,,,,,,,,,,,,,,,,,,,,,,,,,,,,,,,,,,,,,,,,,,NA,mmm,
PLAYER_POSITIONS,612851,6/27/2026 12:03:52 PM,068492a8-9bbc-456b-87fb-dc52c0aec9a7,2.0,,,,,,,,,,,,,,,,,,,,,,,,,,,,,,,,,,,"(-16.9, 0.5, 11.1)","(-16.7, 1.2, 11.1)","(-16.4, 0.9, 11.4)",
PLAYER_POSITIONS,612851,6/27/2026 12:03:52 PM,068492a8-9bbc-456b-87fb-dc52c0aec9a7,2.0,,,,,,,,,,,,,,,,,,,,,,,,,,,,,,,,,,,"(-16.9, 0.5, 11.1)","(-16.7, 1.2, 11.1)","(-16.4, 0.9, 11.4)",
TOOL_HOVER,612914,6/27/2026 12:03:52 PM,068492a8-9bbc-456b-87fb-dc52c0aec9a7,2.0,,,,,,,,,,,,,,,,,,,,,,,,,,,,,,,,,,,,,,,,,,,,,,999,,Blanket,
TOOL_HOVER,613118,6/27/2026 12:03:52 PM,068492a8-9bbc-456b-87fb-dc52c0aec9a7,2.0,,,,,,,,,,,,,,,,,,,,,,,,,,,,,,,,,,,,,,,,,,,,,,995,,Tourniquet,
VOICE_CAPTURE,613339,6/27/2026 12:03:52 PM,068492a8-9bbc-456b-87fb-dc52c0aec9a7,2.0,,,,,,,,,,,,,,,,,,,,,,,,,,,,,,,,,,,,,,,,,,,,,,,,,,,NA,mmm,
PLAYER_POSITIONS,613360,6/27/2026 12:03:52 PM,068492a8-9bbc-456b-87fb-dc52c0aec9a7,2.0,,,,,,,,,,,,,,,,,,,,,,,,,,,,,,,,,,,"(-16.9, 0.5, 11.0)","(-16.8, 1.1, 11.1)","(-16.9, 0.7, 11.4)",
PLAYER_POSITIONS,613360,6/27/2026 12:03:52 PM,068492a8-9bbc-456b-87fb-dc52c0aec9a7,2.0,,,,,,,,,,,,,,,,,,,,,,,,,,,,,,,,,,,"(-16.9, 0.5, 11.0)","(-16.8, 1.1, 11.1)","(-16.9, 0.7, 11.4)",
TOOL_HOVER,613624,6/27/2026 12:03:53 PM,068492a8-9bbc-456b-87fb-dc52c0aec9a7,2.0,,,,,,,,,,,,,,,,,,,,,,,,,,,,,,,,,,,,,,,,,,,,,,992,,Gauze Wrap,
VOICE_CAPTURE,613784,6/27/2026 12:03:53 PM,068492a8-9bbc-456b-87fb-dc52c0aec9a7,2.0,,,,,,,,,,,,,,,,,,,,,,,,,,,,,,,,,,,,,,,,,,,,,,,,,,,NA,mmm,
TOOL_SELECTED,613825,6/27/2026 12:03:53 PM,068492a8-9bbc-456b-87fb-dc52c0aec9a7,2.0,,,,,,,,,,,,,,,,,,,,,,,,,,,,,,,,,,,,,,,,,,,,,,991,,Gauze Wrap,
PLAYER_POSITIONS,613872,6/27/2026 12:03:53 PM,068492a8-9bbc-456b-87fb-dc52c0aec9a7,2.0,,,,,,,,,,,,,,,,,,,,,,,,,,,,,,,,,,,"(-16.9, 0.5, 11.0)","(-16.8, 1.1, 11.1)","(-16.8, 0.7, 11.5)",
PLAYER_POSITIONS,613872,6/27/2026 12:03:53 PM,068492a8-9bbc-456b-87fb-dc52c0aec9a7,2.0,,,,,,,,,,,,,,,,,,,,,,,,,,,,,,,,,,,"(-16.9, 0.5, 11.0)","(-16.8, 1.1, 11.1)","(-16.8, 0.7, 11.5)",
BAG_CLOSED,614270,6/27/2026 12:03:53 PM,068492a8-9bbc-456b-87fb-dc52c0aec9a7,2.0,,,,,,,,,,,,,,,,,,,,,,,,,,,,,,,,,,,,"(0.0, 0.0, 0.0)",
VOICE_CAPTURE,614319,6/27/2026 12:03:53 PM,068492a8-9bbc-456b-87fb-dc52c0aec9a7,2.0,,,,,,,,,,,,,,,,,,,,,,,,,,,,,,,,,,,,,,,,,,,,,,,,,,,NA,Mmm.,
PLAYER_POSITIONS,614385,6/27/2026 12:03:53 PM,068492a8-9bbc-456b-87fb-dc52c0aec9a7,2.0,,,,,,,,,,,,,,,,,,,,,,,,,,,,,,,,,,,"(-17.0, 0.7, 11.0)","(-17.0, 1.1, 11.0)","(-17.1, 0.5, 11.2)",
PLAYER_POSITIONS,614385,6/27/2026 12:03:53 PM,068492a8-9bbc-456b-87fb-dc52c0aec9a7,2.0,,,,,,,,,,,,,,,,,,,,,,,,,,,,,,,,,,,"(-17.0, 0.7, 11.0)","(-17.0, 1.1, 11.0)","(-17.1, 0.5, 11.2)",
VOICE_CAPTURE,614862,6/27/2026 12:03:54 PM,068492a8-9bbc-456b-87fb-dc52c0aec9a7,2.0,,,,,,,,,,,,,,,,,,,,,,,,,,,,,,,,,,,,,,,,,,,,,,,,,,,NA,Hmm.,
PLAYER_POSITIONS,614906,6/27/2026 12:03:54 PM,068492a8-9bbc-456b-87fb-dc52c0aec9a7,2.0,,,,,,,,,,,,,,,,,,,,,,,,,,,,,,,,,,,"(-17.2, 0.6, 10.8)","(-17.3, 0.8, 11.0)","(-17.3, 0.1, 11.3)",
PLAYER_POSITIONS,614906,6/27/2026 12:03:54 PM,068492a8-9bbc-456b-87fb-dc52c0aec9a7,2.0,,,,,,,,,,,,,,,,,,,,,,,,,,,,,,,,,,,"(-17.2, 0.6, 10.8)","(-17.3, 0.8, 11.0)","(-17.3, 0.1, 11.3)",
TOOL_DISCARDED,615180,6/27/2026 12:03:54 PM,068492a8-9bbc-456b-87fb-dc52c0aec9a7,2.0,,,,,,,,,,,,,,,,,,,,,,,,Civilian PT 14,,,,,,,,,,,,"(0.0, 0.0, 0.0)",,,,,,,,,,991,,Gauze Wrap,
VOICE_CAPTURE,615307,6/27/2026 12:03:54 PM,068492a8-9bbc-456b-87fb-dc52c0aec9a7,2.0,,,,,,,,,,,,,,,,,,,,,,,,,,,,,,,,,,,,,,,,,,,,,,,,,,,NA,Hmm.,
PLAYER_POSITIONS,615418,6/27/2026 12:03:54 PM,068492a8-9bbc-456b-87fb-dc52c0aec9a7,2.0,,,,,,,,,,,,,,,,,,,,,,,,,,,,,,,,,,,"(-17.2, 0.6, 10.8)","(-17.4, 0.8, 11.0)","(-17.4, 0.1, 11.3)",
PLAYER_POSITIONS,615418,6/27/2026 12:03:54 PM,068492a8-9bbc-456b-87fb-dc52c0aec9a7,2.0,,,,,,,,,,,,,,,,,,,,,,,,,,,,,,,,,,,"(-17.2, 0.6, 10.8)","(-17.4, 0.8, 11.0)","(-17.4, 0.1, 11.3)",
AUDIO_START,615528,6/27/2026 12:03:54 PM,068492a8-9bbc-456b-87fb-dc52c0aec9a7,2.0,bravo be advised sniper,5.537959,
AUDIO_END,615654,6/27/2026 12:03:55 PM,068492a8-9bbc-456b-87fb-dc52c0aec9a7,2.0,evac in 30 seconds,5.172245,
VOICE_CAPTURE,615783,6/27/2026 12:03:55 PM,068492a8-9bbc-456b-87fb-dc52c0aec9a7,2.0,,,,,,,,,,,,,,,,,,,,,,,,,,,,,,,,,,,,,,,,,,,,,,,,,,,NA,Hmm.,
PLAYER_POSITIONS,615940,6/27/2026 12:03:55 PM,068492a8-9bbc-456b-87fb-dc52c0aec9a7,2.0,,,,,,,,,,,,,,,,,,,,,,,,,,,,,,,,,,,"(-17.1, 0.7, 10.8)","(-17.1, 1.2, 10.7)","(-17.2, 0.4, 10.8)",
PLAYER_POSITIONS,615940,6/27/2026 12:03:55 PM,068492a8-9bbc-456b-87fb-dc52c0aec9a7,2.0,,,,,,,,,,,,,,,,,,,,,,,,,,,,,,,,,,,"(-17.1, 0.7, 10.8)","(-17.1, 1.2, 10.7)","(-17.2, 0.4, 10.8)",
VOICE_CAPTURE,616310,6/27/2026 12:03:55 PM,068492a8-9bbc-456b-87fb-dc52c0aec9a7,2.0,,,,,,,,,,,,,,,,,,,,,,,,,,,,,,,,,,,,,,,,,,,,,,,,,,,NA,Hmm.,
PLAYER_POSITIONS,616444,6/27/2026 12:03:55 PM,068492a8-9bbc-456b-87fb-dc52c0aec9a7,2.0,,,,,,,,,,,,,,,,,,,,,,,,,,,,,,,,,,,"(-16.7, 0.8, 10.7)","(-16.6, 1.3, 10.6)","(-16.8, 0.6, 10.6)",
PLAYER_POSITIONS,616444,6/27/2026 12:03:55 PM,068492a8-9bbc-456b-87fb-dc52c0aec9a7,2.0,,,,,,,,,,,,,,,,,,,,,,,,,,,,,,,,,,,"(-16.7, 0.8, 10.7)","(-16.6, 1.3, 10.6)","(-16.8, 0.6, 10.6)",
VOICE_CAPTURE,616811,6/27/2026 12:03:56 PM,068492a8-9bbc-456b-87fb-dc52c0aec9a7,2.0,,,,,,,,,,,,,,,,,,,,,,,,,,,,,,,,,,,,,,,,,,,,,,,,,,,NA,Hmm.,
PATIENT_DISENGAGED,616832,6/27/2026 12:03:56 PM,068492a8-9bbc-456b-87fb-dc52c0aec9a7,2.0,,,,14.86,,,,,,,,,,,,,,,,normal,100,Infinity,normal,Civilian PT 14,upset,supine,"(-17.1, 0.0, 11.3)",normal,"(0.0, -0.4, 0.0, 0.9)",normal,DELAYED,still,,,,,,,,,,,,,,,,,85.53,
PLAYER_POSITIONS,616957,6/27/2026 12:03:56 PM,068492a8-9bbc-456b-87fb-dc52c0aec9a7,2.0,,,,,,,,,,,,,,,,,,,,,,,,,,,,,,,,,,,"(-17.4, 0.8, 7.8)","(-17.3, 1.2, 7.7)","(-17.4, 0.6, 7.7)",
PLAYER_POSITIONS,616957,6/27/2026 12:03:56 PM,068492a8-9bbc-456b-87fb-dc52c0aec9a7,2.0,,,,,,,,,,,,,,,,,,,,,,,,,,,,,,,,,,,"(-17.4, 0.8, 7.8)","(-17.3, 1.2, 7.7)","(-17.4, 0.6, 7.7)",
TELEPORT,617028,6/27/2026 12:03:56 PM,068492a8-9bbc-456b-87fb-dc52c0aec9a7,2.0,,,,,,,,,,,,,,,,,,,,,,,,,,,,,,,,,,,,"(-16.6, 1.2, 10.2)",,,,,,,"(-17.2, 1.2, 7.7)",
VOICE_CAPTURE,617327,6/27/2026 12:03:56 PM,068492a8-9bbc-456b-87fb-dc52c0aec9a7,2.0,,,,,,,,,,,,,,,,,,,,,,,,,,,,,,,,,,,,,,,,,,,,,,,,,,,NA,Hmm.,
PLAYER_POSITIONS,617479,6/27/2026 12:03:56 PM,068492a8-9bbc-456b-87fb-dc52c0aec9a7,2.0,,,,,,,,,,,,,,,,,,,,,,,,,,,,,,,,,,,"(-17.1, 0.7, 7.4)","(-17.0, 1.2, 7.4)","(-17.1, 0.5, 7.3)",
PLAYER_POSITIONS,617479,6/27/2026 12:03:56 PM,068492a8-9bbc-456b-87fb-dc52c0aec9a7,2.0,,,,,,,,,,,,,,,,,,,,,,,,,,,,,,,,,,,"(-17.1, 0.7, 7.4)","(-17.0, 1.2, 7.4)","(-17.1, 0.5, 7.3)",
VOICE_CAPTURE,617817,6/27/2026 12:03:57 PM,068492a8-9bbc-456b-87fb-dc52c0aec9a7,2.0,,,,,,,,,,,,,,,,,,,,,,,,,,,,,,,,,,,,,,,,,,,,,,,,,,,NA,Hmm.,
PLAYER_POSITIONS,617983,6/27/2026 12:03:57 PM,068492a8-9bbc-456b-87fb-dc52c0aec9a7,2.0,,,,,,,,,,,,,,,,,,,,,,,,,,,,,,,,,,,"(-16.7, 0.6, 6.6)","(-16.8, 1.3, 6.7)","(-16.8, 0.6, 6.5)",
PLAYER_POSITIONS,617983,6/27/2026 12:03:57 PM,068492a8-9bbc-456b-87fb-dc52c0aec9a7,2.0,,,,,,,,,,,,,,,,,,,,,,,,,,,,,,,,,,,"(-16.7, 0.6, 6.6)","(-16.8, 1.3, 6.7)","(-16.8, 0.6, 6.5)",
VOICE_CAPTURE,618309,6/27/2026 12:03:57 PM,068492a8-9bbc-456b-87fb-dc52c0aec9a7,2.0,,,,,,,,,,,,,,,,,,,,,,,,,,,,,,,,,,,,,,,,,,,,,,,,,,,NA,Hmm.,
PLAYER_POSITIONS,618489,6/27/2026 12:03:57 PM,068492a8-9bbc-456b-87fb-dc52c0aec9a7,2.0,,,,,,,,,,,,,,,,,,,,,,,,,,,,,,,,,,,"(-16.6, 0.5, 5.7)","(-16.6, 1.2, 5.8)","(-16.6, 0.5, 5.6)",
PLAYER_GAZE,618489,6/27/2026 12:03:57 PM,068492a8-9bbc-456b-87fb-dc52c0aec9a7,2.0,,,,,,,,,,,,,,,,,,,,,,,,Military PT 13,,,,,,,,,"(-1.4, 1.2, 0.8)",,,"(-15.2, 0.0, 5.0)",
PLAYER_POSITIONS,618489,6/27/2026 12:03:57 PM,068492a8-9bbc-456b-87fb-dc52c0aec9a7,2.0,,,,,,,,,,,,,,,,,,,,,,,,,,,,,,,,,,,"(-16.6, 0.5, 5.7)","(-16.6, 1.2, 5.8)","(-16.6, 0.5, 5.6)",
PLAYER_GAZE,618489,6/27/2026 12:03:57 PM,068492a8-9bbc-456b-87fb-dc52c0aec9a7,2.0,,,,,,,,,,,,,,,,,,,,,,,,Military PT 13,,,,,,,,,"(-1.4, 1.2, 0.8)",,,"(-15.2, 0.0, 5.0)",
VOICE_CAPTURE,618842,6/27/2026 12:03:58 PM,068492a8-9bbc-456b-87fb-dc52c0aec9a7,2.0,,,,,,,,,,,,,,,,,,,,,,,,,,,,,,,,,,,,,,,,,,,,,,,,,,,NA,Hmm.,
PLAYER_POSITIONS,619010,6/27/2026 12:03:58 PM,068492a8-9bbc-456b-87fb-dc52c0aec9a7,2.0,,,,,,,,,,,,,,,,,,,,,,,,,,,,,,,,,,,"(-16.0, 0.5, 5.0)","(-16.1, 1.2, 5.1)","(-16.0, 0.5, 4.9)",
PLAYER_GAZE,619010,6/27/2026 12:03:58 PM,068492a8-9bbc-456b-87fb-dc52c0aec9a7,2.0,,,,,,,,,,,,,,,,,,,,,,,,Military PT 1,,,,,,,,,"(-9.3, 1.2, 3.0)",,,"(-6.8, 0.0, 2.1)",
PLAYER_POSITIONS,619010,6/27/2026 12:03:58 PM,068492a8-9bbc-456b-87fb-dc52c0aec9a7,2.0,,,,,,,,,,,,,,,,,,,,,,,,,,,,,,,,,,,"(-16.0, 0.5, 5.0)","(-16.1, 1.2, 5.1)","(-16.0, 0.5, 4.9)",
PLAYER_GAZE,619010,6/27/2026 12:03:58 PM,068492a8-9bbc-456b-87fb-dc52c0aec9a7,2.0,,,,,,,,,,,,,,,,,,,,,,,,Military PT 1,,,,,,,,,"(-9.3, 1.2, 3.0)",,,"(-6.8, 0.0, 2.1)",
VOICE_CAPTURE,619322,6/27/2026 12:03:58 PM,068492a8-9bbc-456b-87fb-dc52c0aec9a7,2.0,,,,,,,,,,,,,,,,,,,,,,,,,,,,,,,,,,,,,,,,,,,,,,,,,,,NA,Hmm.,
PLAYER_POSITIONS,619512,6/27/2026 12:03:58 PM,068492a8-9bbc-456b-87fb-dc52c0aec9a7,2.0,,,,,,,,,,,,,,,,,,,,,,,,,,,,,,,,,,,"(-15.3, 0.6, 4.7)","(-15.4, 1.2, 4.6)","(-15.3, 0.5, 4.5)",
PLAYER_POSITIONS,619512,6/27/2026 12:03:58 PM,068492a8-9bbc-456b-87fb-dc52c0aec9a7,2.0,,,,,,,,,,,,,,,,,,,,,,,,,,,,,,,,,,,"(-15.3, 0.6, 4.7)","(-15.4, 1.2, 4.6)","(-15.3, 0.5, 4.5)",
VOICE_CAPTURE,619811,6/27/2026 12:03:59 PM,068492a8-9bbc-456b-87fb-dc52c0aec9a7,2.0,,,,,,,,,,,,,,,,,,,,,,,,,,,,,,,,,,,,,,,,,,,,,,,,,,,NA,Hmm.,
PLAYER_POSITIONS,620012,6/27/2026 12:03:59 PM,068492a8-9bbc-456b-87fb-dc52c0aec9a7,2.0,,,,,,,,,,,,,,,,,,,,,,,,,,,,,,,,,,,"(-14.4, 0.6, 4.4)","(-14.5, 1.3, 4.5)","(-14.4, 0.6, 4.3)",
PLAYER_POSITIONS,620012,6/27/2026 12:03:59 PM,068492a8-9bbc-456b-87fb-dc52c0aec9a7,2.0,,,,,,,,,,,,,,,,,,,,,,,,,,,,,,,,,,,"(-14.4, 0.6, 4.4)","(-14.5, 1.3, 4.5)","(-14.4, 0.6, 4.3)",
VOICE_CAPTURE,620299,6/27/2026 12:03:59 PM,068492a8-9bbc-456b-87fb-dc52c0aec9a7,2.0,,,,,,,,,,,,,,,,,,,,,,,,,,,,,,,,,,,,,,,,,,,,,,,,,,,NA,Hmm.,
PLAYER_POSITIONS,620522,6/27/2026 12:03:59 PM,068492a8-9bbc-456b-87fb-dc52c0aec9a7,2.0,,,,,,,,,,,,,,,,,,,,,,,,,,,,,,,,,,,"(-13.4, 0.6, 4.3)","(-13.5, 1.3, 4.3)","(-13.3, 0.5, 4.2)",
PLAYER_GAZE,620522,6/27/2026 12:03:59 PM,068492a8-9bbc-456b-87fb-dc52c0aec9a7,2.0,,,,,,,,,,,,,,,,,,,,,,,,Lifting NPC,,,,,,,,,"(-5.0, 1.3, 0.6)",,,"(-8.5, 0.0, 3.8)",
PLAYER_POSITIONS,620522,6/27/2026 12:03:59 PM,068492a8-9bbc-456b-87fb-dc52c0aec9a7,2.0,,,,,,,,,,,,,,,,,,,,,,,,,,,,,,,,,,,"(-13.4, 0.6, 4.3)","(-13.5, 1.3, 4.3)","(-13.3, 0.5, 4.2)",
PLAYER_GAZE,620522,6/27/2026 12:03:59 PM,068492a8-9bbc-456b-87fb-dc52c0aec9a7,2.0,,,,,,,,,,,,,,,,,,,,,,,,Lifting NPC,,,,,,,,,"(-5.0, 1.3, 0.6)",,,"(-8.5, 0.0, 3.8)",
VOICE_CAPTURE,620833,6/27/2026 12:04:00 PM,068492a8-9bbc-456b-87fb-dc52c0aec9a7,2.0,,,,,,,,,,,,,,,,,,,,,,,,,,,,,,,,,,,,,,,,,,,,,,,,,,,NA,Hmm.,
TELEPORT,620946,6/27/2026 12:04:00 PM,068492a8-9bbc-456b-87fb-dc52c0aec9a7,2.0,,,,,,,,,,,,,,,,,,,,,,,,,,,,,,,,,,,,"(-13.3, 1.3, 4.3)",,,,,,,"(-10.9, 1.3, 3.8)",
PLAYER_POSITIONS,621034,6/27/2026 12:04:00 PM,068492a8-9bbc-456b-87fb-dc52c0aec9a7,2.0,,,,,,,,,,,,,,,,,,,,,,,,,,,,,,,,,,,"(-10.7, 0.6, 3.8)","(-10.8, 1.3, 3.9)","(-10.6, 0.6, 3.7)",
PLAYER_GAZE,621034,6/27/2026 12:04:00 PM,068492a8-9bbc-456b-87fb-dc52c0aec9a7,2.0,,,,,,,,,,,,,,,,,,,,,,,,Lifting NPC,,,,,,,,,"(-2.3, 1.3, 0.1)",,,"(-8.5, 0.0, 3.8)",
PLAYER_POSITIONS,621034,6/27/2026 12:04:00 PM,068492a8-9bbc-456b-87fb-dc52c0aec9a7,2.0,,,,,,,,,,,,,,,,,,,,,,,,,,,,,,,,,,,"(-10.7, 0.6, 3.8)","(-10.8, 1.3, 3.9)","(-10.6, 0.6, 3.7)",
PLAYER_GAZE,621034,6/27/2026 12:04:00 PM,068492a8-9bbc-456b-87fb-dc52c0aec9a7,2.0,,,,,,,,,,,,,,,,,,,,,,,,Lifting NPC,,,,,,,,,"(-2.3, 1.3, 0.1)",,,"(-8.5, 0.0, 3.8)",
AUDIO_END,621080,6/27/2026 12:04:00 PM,068492a8-9bbc-456b-87fb-dc52c0aec9a7,2.0,bravo be advised sniper,5.537959,
NARRATIVE_SECTION_END,621080,6/27/2026 12:04:00 PM,068492a8-9bbc-456b-87fb-dc52c0aec9a7,2.0,,,,,,,,,,,,,,,,,,Bravo be advised sniper,70,
NARRATIVE_SECTION_START,621118,6/27/2026 12:04:00 PM,068492a8-9bbc-456b-87fb-dc52c0aec9a7,2.0,,,,,,,,,,,,,,,,,,Bravo move to building 8 3,71,
PATIENT_ENGAGED,621142,6/27/2026 12:04:00 PM,068492a8-9bbc-456b-87fb-dc52c0aec9a7,2.0,,,,0,,,,,,,,,,,,,,,,normal,100,128,normal,Lifting NPC,calm,standing,"(-8.4, 0.0, 3.8)",normal,"(0.0, -0.2, 0.0, 1.0)",normal,MINIMAL,still,,,,,,,,,,,,,,,,,0.42,
PATIENT_DISENGAGED,621163,6/27/2026 12:04:00 PM,068492a8-9bbc-456b-87fb-dc52c0aec9a7,2.0,,,,0.02,,,,,,,,,,,,,,,,normal,100,128,normal,Lifting NPC,calm,standing,"(-8.4, 0.0, 3.8)",normal,"(0.0, -0.3, 0.0, 1.0)",normal,MINIMAL,still,,,,,,,,,,,,,,,,,0.44,
PATIENT_ENGAGED,621187,6/27/2026 12:04:00 PM,068492a8-9bbc-456b-87fb-dc52c0aec9a7,2.0,,,,0,,,,,,,,,,,,,,,,normal,100,128,normal,Lifting NPC,calm,standing,"(-8.4, 0.0, 3.8)",normal,"(0.0, -0.3, 0.0, 1.0)",normal,MINIMAL,still,,,,,,,,,,,,,,,,,0.44,
VOICE_CAPTURE,621339,6/27/2026 12:04:00 PM,068492a8-9bbc-456b-87fb-dc52c0aec9a7,2.0,,,,,,,,,,,,,,,,,,,,,,,,,,,,,,,,,,,,,,,,,,,,,,,,,,,NA,Hmm.,
PLAYER_POSITIONS,621535,6/27/2026 12:04:00 PM,068492a8-9bbc-456b-87fb-dc52c0aec9a7,2.0,,,,,,,,,,,,,,,,,,,,,,,,,,,,,,,,,,,"(-9.9, 0.6, 4.2)","(-10.0, 1.3, 4.3)","(-9.9, 0.6, 4.0)",
PLAYER_GAZE,621535,6/27/2026 12:04:00 PM,068492a8-9bbc-456b-87fb-dc52c0aec9a7,2.0,,,,,,,,,,,,,,,,,,,,,,,,Lifting NPC,,,,,,,,,"(-1.5, 1.3, 0.5)",,,"(-8.5, 0.0, 3.8)",
PLAYER_POSITIONS,621535,6/27/2026 12:04:00 PM,068492a8-9bbc-456b-87fb-dc52c0aec9a7,2.0,,,,,,,,,,,,,,,,,,,,,,,,,,,,,,,,,,,"(-9.9, 0.6, 4.2)","(-10.0, 1.3, 4.3)","(-9.9, 0.6, 4.0)",
PLAYER_GAZE,621535,6/27/2026 12:04:00 PM,068492a8-9bbc-456b-87fb-dc52c0aec9a7,2.0,,,,,,,,,,,,,,,,,,,,,,,,Lifting NPC,,,,,,,,,"(-1.5, 1.3, 0.5)",,,"(-8.5, 0.0, 3.8)",
VOICE_CAPTURE,621801,6/27/2026 12:04:01 PM,068492a8-9bbc-456b-87fb-dc52c0aec9a7,2.0,,,,,,,,,,,,,,,,,,,,,,,,,,,,,,,,,,,,,,,,,,,,,,,,,,,NA,Hmm.,
PLAYER_POSITIONS,622046,6/27/2026 12:04:01 PM,068492a8-9bbc-456b-87fb-dc52c0aec9a7,2.0,,,,,,,,,,,,,,,,,,,,,,,,,,,,,,,,,,,"(-9.9, 0.6, 4.1)","(-10.0, 1.2, 4.2)","(-10.0, 0.6, 3.8)",
PLAYER_GAZE,622046,6/27/2026 12:04:01 PM,068492a8-9bbc-456b-87fb-dc52c0aec9a7,2.0,,,,,,,,,,,,,,,,,,,,,,,,Military PT 1,,,,,,,,,"(-3.2, 1.2, 2.1)",,,"(-6.8, 0.0, 2.1)",
PLAYER_POSITIONS,622046,6/27/2026 12:04:01 PM,068492a8-9bbc-456b-87fb-dc52c0aec9a7,2.0,,,,,,,,,,,,,,,,,,,,,,,,,,,,,,,,,,,"(-9.9, 0.6, 4.1)","(-10.0, 1.2, 4.2)","(-10.0, 0.6, 3.8)",
PLAYER_GAZE,622046,6/27/2026 12:04:01 PM,068492a8-9bbc-456b-87fb-dc52c0aec9a7,2.0,,,,,,,,,,,,,,,,,,,,,,,,Military PT 1,,,,,,,,,"(-3.2, 1.2, 2.1)",,,"(-6.8, 0.0, 2.1)",
AUDIO_START,622124,6/27/2026 12:04:01 PM,068492a8-9bbc-456b-87fb-dc52c0aec9a7,2.0,bravo move to building 8 3,6.034286,
VOICE_CAPTURE,622315,6/27/2026 12:04:01 PM,068492a8-9bbc-456b-87fb-dc52c0aec9a7,2.0,,,,,,,,,,,,,,,,,,,,,,,,,,,,,,,,,,,,,,,,,,,,,,,,,,,NA,Hmm.,
PLAYER_POSITIONS,622560,6/27/2026 12:04:01 PM,068492a8-9bbc-456b-87fb-dc52c0aec9a7,2.0,,,,,,,,,,,,,,,,,,,,,,,,,,,,,,,,,,,"(-9.3, 0.5, 3.6)","(-9.3, 1.2, 3.7)","(-9.4, 0.6, 3.4)",
PLAYER_POSITIONS,622560,6/27/2026 12:04:01 PM,068492a8-9bbc-456b-87fb-dc52c0aec9a7,2.0,,,,,,,,,,,,,,,,,,,,,,,,,,,,,,,,,,,"(-9.3, 0.5, 3.6)","(-9.3, 1.2, 3.7)","(-9.4, 0.6, 3.4)",
VOICE_CAPTURE,622792,6/27/2026 12:04:02 PM,068492a8-9bbc-456b-87fb-dc52c0aec9a7,2.0,,,,,,,,,,,,,,,,,,,,,,,,,,,,,,,,,,,,,,,,,,,,,,,,,,,NA,Hmm.,
PLAYER_POSITIONS,623070,6/27/2026 12:04:02 PM,068492a8-9bbc-456b-87fb-dc52c0aec9a7,2.0,,,,,,,,,,,,,,,,,,,,,,,,,,,,,,,,,,,"(-8.9, 0.5, 2.9)","(-8.9, 1.2, 2.9)","(-9.0, 0.7, 2.5)",
PLAYER_POSITIONS,623070,6/27/2026 12:04:02 PM,068492a8-9bbc-456b-87fb-dc52c0aec9a7,2.0,,,,,,,,,,,,,,,,,,,,,,,,,,,,,,,,,,,"(-8.9, 0.5, 2.9)","(-8.9, 1.2, 2.9)","(-9.0, 0.7, 2.5)",
VOICE_CAPTURE,623347,6/27/2026 12:04:02 PM,068492a8-9bbc-456b-87fb-dc52c0aec9a7,2.0,,,,,,,,,,,,,,,,,,,,,,,,,,,,,,,,,,,,,,,,,,,,,,,,,,,NA,Hmm.,
PLAYER_POSITIONS,623578,6/27/2026 12:04:02 PM,068492a8-9bbc-456b-87fb-dc52c0aec9a7,2.0,,,,,,,,,,,,,,,,,,,,,,,,,,,,,,,,,,,"(-8.2, 0.4, 2.4)","(-8.2, 1.1, 2.5)","(-8.1, 0.4, 2.3)",
PLAYER_POSITIONS,623578,6/27/2026 12:04:02 PM,068492a8-9bbc-456b-87fb-dc52c0aec9a7,2.0,,,,,,,,,,,,,,,,,,,,,,,,,,,,,,,,,,,"(-8.2, 0.4, 2.4)","(-8.2, 1.1, 2.5)","(-8.1, 0.4, 2.3)",
VOICE_CAPTURE,623837,6/27/2026 12:04:03 PM,068492a8-9bbc-456b-87fb-dc52c0aec9a7,2.0,,,,,,,,,,,,,,,,,,,,,,,,,,,,,,,,,,,,,,,,,,,,,,,,,,,NA,Hmm.,
PLAYER_POSITIONS,624086,6/27/2026 12:04:03 PM,068492a8-9bbc-456b-87fb-dc52c0aec9a7,2.0,,,,,,,,,,,,,,,,,,,,,,,,,,,,,,,,,,,"(-7.5, 0.4, 2.0)","(-7.5, 1.1, 2.0)","(-7.4, 0.3, 1.9)",
PLAYER_POSITIONS,624086,6/27/2026 12:04:03 PM,068492a8-9bbc-456b-87fb-dc52c0aec9a7,2.0,,,,,,,,,,,,,,,,,,,,,,,,,,,,,,,,,,,"(-7.5, 0.4, 2.0)","(-7.5, 1.1, 2.0)","(-7.4, 0.3, 1.9)",
PATIENT_DISENGAGED,624287,6/27/2026 12:04:03 PM,068492a8-9bbc-456b-87fb-dc52c0aec9a7,2.0,,,,3.08,,,,,,,,,,,,,,,,normal,100,128,normal,Lifting NPC,calm,standing,"(-8.5, 0.0, 3.7)",normal,"(0.0, -0.6, 0.0, 0.8)",normal,MINIMAL,still,,,,,,,,,,,,,,,,,3.52,
PATIENT_ENGAGED,624287,6/27/2026 12:04:03 PM,068492a8-9bbc-456b-87fb-dc52c0aec9a7,2.0,,,,0,,,,,,,,,,,,,,,,normal,100,Infinity,normal,Military PT 1,unresponsive,supine,"(-6.8, -0.1, 2.1)",faint,"(0.0, 0.3, 0.0, 1.0)",normal,IMMEDIATE,still,,,,,,,,,,,,,,,,,31.6,
VOICE_CAPTURE,624329,6/27/2026 12:04:03 PM,068492a8-9bbc-456b-87fb-dc52c0aec9a7,2.0,,,,,,,,,,,,,,,,,,,,,,,,,,,,,,,,,,,,,,,,,,,,,,,,,,,NA,Hmm.,
PLAYER_POSITIONS,624595,6/27/2026 12:04:03 PM,068492a8-9bbc-456b-87fb-dc52c0aec9a7,2.0,,,,,,,,,,,,,,,,,,,,,,,,,,,,,,,,,,,"(-7.1, 0.4, 1.7)","(-7.1, 0.9, 1.6)","(-7.0, 0.2, 1.5)",
PLAYER_POSITIONS,624595,6/27/2026 12:04:03 PM,068492a8-9bbc-456b-87fb-dc52c0aec9a7,2.0,,,,,,,,,,,,,,,,,,,,,,,,,,,,,,,,,,,"(-7.1, 0.4, 1.7)","(-7.1, 0.9, 1.6)","(-7.0, 0.2, 1.5)",
VOICE_CAPTURE,624827,6/27/2026 12:04:04 PM,068492a8-9bbc-456b-87fb-dc52c0aec9a7,2.0,,,,,,,,,,,,,,,,,,,,,,,,,,,,,,,,,,,,,,,,,,,,,,,,,,,NA,Hmm.,
DRAG_START,625085,6/27/2026 12:04:04 PM,068492a8-9bbc-456b-87fb-dc52c0aec9a7,2.0,,,,,"(-6.8, 0.0, 2.1)",,,,,,,,,,,,,,,,,,,Military PT 1,
PLAYER_POSITIONS,625106,6/27/2026 12:04:04 PM,068492a8-9bbc-456b-87fb-dc52c0aec9a7,2.0,,,,,,,,,,,,,,,,,,,,,,,,,,,,,,,,,,,"(-6.9, 0.3, 1.7)","(-6.8, 0.8, 1.5)","(-6.7, 0.1, 1.4)",
PLAYER_POSITIONS,625106,6/27/2026 12:04:04 PM,068492a8-9bbc-456b-87fb-dc52c0aec9a7,2.0,,,,,,,,,,,,,,,,,,,,,,,,,,,,,,,,,,,"(-6.9, 0.3, 1.7)","(-6.8, 0.8, 1.5)","(-6.7, 0.1, 1.4)",
VOICE_CAPTURE,625312,6/27/2026 12:04:04 PM,068492a8-9bbc-456b-87fb-dc52c0aec9a7,2.0,,,,,,,,,,,,,,,,,,,,,,,,,,,,,,,,,,,,,,,,,,,,,,,,,,,NA,Hmm.,
PLAYER_POSITIONS,625608,6/27/2026 12:04:04 PM,068492a8-9bbc-456b-87fb-dc52c0aec9a7,2.0,,,,,,,,,,,,,,,,,,,,,,,,,,,,,,,,,,,"(-6.9, 0.4, 1.6)","(-7.0, 1.1, 1.6)","(-7.1, 0.5, 1.3)",
PLAYER_POSITIONS,625608,6/27/2026 12:04:04 PM,068492a8-9bbc-456b-87fb-dc52c0aec9a7,2.0,,,,,,,,,,,,,,,,,,,,,,,,,,,,,,,,,,,"(-6.9, 0.4, 1.6)","(-7.0, 1.1, 1.6)","(-7.1, 0.5, 1.3)",
VOICE_CAPTURE,625824,6/27/2026 12:04:05 PM,068492a8-9bbc-456b-87fb-dc52c0aec9a7,2.0,,,,,,,,,,,,,,,,,,,,,,,,,,,,,,,,,,,,,,,,,,,,,,,,,,,NA,Hmm.,
PLAYER_POSITIONS,626110,6/27/2026 12:04:05 PM,068492a8-9bbc-456b-87fb-dc52c0aec9a7,2.0,,,,,,,,,,,,,,,,,,,,,,,,,,,,,,,,,,,"(-7.1, 0.4, 1.5)","(-7.1, 1.1, 1.7)","(-7.7, 0.8, 1.9)",
PLAYER_POSITIONS,626110,6/27/2026 12:04:05 PM,068492a8-9bbc-456b-87fb-dc52c0aec9a7,2.0,,,,,,,,,,,,,,,,,,,,,,,,,,,,,,,,,,,"(-7.1, 0.4, 1.5)","(-7.1, 1.1, 1.7)","(-7.7, 0.8, 1.9)",
VOICE_CAPTURE,626356,6/27/2026 12:04:05 PM,068492a8-9bbc-456b-87fb-dc52c0aec9a7,2.0,,,,,,,,,,,,,,,,,,,,,,,,,,,,,,,,,,,,,,,,,,,,,,,,,,,NA,Hmm.,
PATIENT_DISENGAGED,626563,6/27/2026 12:04:05 PM,068492a8-9bbc-456b-87fb-dc52c0aec9a7,2.0,,,,2.3,,,,,,,,,,,,,,,,normal,100,Infinity,normal,Military PT 1,unresponsive,supine,"(-7.2, -0.1, 0.6)",faint,"(0.0, 1.0, 0.0, -0.1)",normal,IMMEDIATE,still,,,,,,,,,,,,,,,,,33.9,
PLAYER_POSITIONS,626611,6/27/2026 12:04:05 PM,068492a8-9bbc-456b-87fb-dc52c0aec9a7,2.0,,,,,,,,,,,,,,,,,,,,,,,,,,,,,,,,,,,"(-7.0, 0.5, 0.7)","(-6.9, 1.1, 0.9)","(-7.6, 0.8, 1.2)",
PLAYER_POSITIONS,626611,6/27/2026 12:04:05 PM,068492a8-9bbc-456b-87fb-dc52c0aec9a7,2.0,,,,,,,,,,,,,,,,,,,,,,,,,,,,,,,,,,,"(-7.0, 0.5, 0.7)","(-6.9, 1.1, 0.9)","(-7.6, 0.8, 1.2)",
TELEPORT,626763,6/27/2026 12:04:06 PM,068492a8-9bbc-456b-87fb-dc52c0aec9a7,2.0,,,,,,,,,,,,,,,,,,,,,,,,,,,,,,,,,,,,"(-7.1, 1.1, 1.7)",,,,,,,"(-14.4, 1.2, 3.4)",
VOICE_CAPTURE,626799,6/27/2026 12:04:06 PM,068492a8-9bbc-456b-87fb-dc52c0aec9a7,2.0,,,,,,,,,,,,,,,,,,,,,,,,,,,,,,,,,,,,,,,,,,,,,,,,,,,NA,Hmm.,
PLAYER_POSITIONS,627130,6/27/2026 12:04:06 PM,068492a8-9bbc-456b-87fb-dc52c0aec9a7,2.0,,,,,,,,,,,,,,,,,,,,,,,,,,,,,,,,,,,"(-14.4, 0.6, 3.2)","(-14.4, 1.2, 3.4)","(-15.0, 0.8, 3.7)",
PLAYER_POSITIONS,627130,6/27/2026 12:04:06 PM,068492a8-9bbc-456b-87fb-dc52c0aec9a7,2.0,,,,,,,,,,,,,,,,,,,,,,,,,,,,,,,,,,,"(-14.4, 0.6, 3.2)","(-14.4, 1.2, 3.4)","(-15.0, 0.8, 3.7)",
VOICE_CAPTURE,627318,6/27/2026 12:04:06 PM,068492a8-9bbc-456b-87fb-dc52c0aec9a7,2.0,,,,,,,,,,,,,,,,,,,,,,,,,,,,,,,,,,,,,,,,,,,,,,,,,,,NA,Hmm.,
TELEPORT,627540,6/27/2026 12:04:06 PM,068492a8-9bbc-456b-87fb-dc52c0aec9a7,2.0,,,,,,,,,,,,,,,,,,,,,,,,,,,,,,,,,,,,"(-14.4, 1.2, 3.4)",,,,,,,"(-14.4, 1.2, 3.4)",
PLAYER_POSITIONS,627651,6/27/2026 12:04:07 PM,068492a8-9bbc-456b-87fb-dc52c0aec9a7,2.0,,,,,,,,,,,,,,,,,,,,,,,,,,,,,,,,,,,"(-14.5, 0.6, 3.1)","(-14.5, 1.2, 3.4)","(-15.1, 0.8, 3.8)",
PLAYER_POSITIONS,627651,6/27/2026 12:04:07 PM,068492a8-9bbc-456b-87fb-dc52c0aec9a7,2.0,,,,,,,,,,,,,,,,,,,,,,,,,,,,,,,,,,,"(-14.5, 0.6, 3.1)","(-14.5, 1.2, 3.4)","(-15.1, 0.8, 3.8)",
VOICE_CAPTURE,627799,6/27/2026 12:04:07 PM,068492a8-9bbc-456b-87fb-dc52c0aec9a7,2.0,,,,,,,,,,,,,,,,,,,,,,,,,,,,,,,,,,,,,,,,,,,,,,,,,,,NA,Hmm.,
AUDIO_END,628155,6/27/2026 12:04:07 PM,068492a8-9bbc-456b-87fb-dc52c0aec9a7,2.0,bravo move to building 8 3,6.034286,
NARRATIVE_SECTION_END,628155,6/27/2026 12:04:07 PM,068492a8-9bbc-456b-87fb-dc52c0aec9a7,2.0,,,,,,,,,,,,,,,,,,Bravo move to building 8 3,71,
PLAYER_POSITIONS,628155,6/27/2026 12:04:07 PM,068492a8-9bbc-456b-87fb-dc52c0aec9a7,2.0,,,,,,,,,,,,,,,,,,,,,,,,,,,,,,,,,,,"(-15.2, 0.6, 3.0)","(-15.2, 1.2, 3.3)","(-15.6, 0.8, 3.7)",
PLAYER_POSITIONS,628155,6/27/2026 12:04:07 PM,068492a8-9bbc-456b-87fb-dc52c0aec9a7,2.0,,,,,,,,,,,,,,,,,,,,,,,,,,,,,,,,,,,"(-15.2, 0.6, 3.0)","(-15.2, 1.2, 3.3)","(-15.6, 0.8, 3.7)",
NARRATIVE_SECTION_START,628194,6/27/2026 12:04:07 PM,068492a8-9bbc-456b-87fb-dc52c0aec9a7,2.0,,,,,,,,,,,,,,,,,,Who do you want to evacuate,72,
VOICE_CAPTURE,628309,6/27/2026 12:04:07 PM,068492a8-9bbc-456b-87fb-dc52c0aec9a7,2.0,,,,,,,,,,,,,,,,,,,,,,,,,,,,,,,,,,,,,,,,,,,,,,,,,,,NA,Hmm.,
PLAYER_POSITIONS,628664,6/27/2026 12:04:08 PM,068492a8-9bbc-456b-87fb-dc52c0aec9a7,2.0,,,,,,,,,,,,,,,,,,,,,,,,,,,,,,,,,,,"(-15.8, 0.6, 3.6)","(-15.8, 1.2, 3.9)","(-16.2, 0.8, 4.4)",
PLAYER_POSITIONS,628664,6/27/2026 12:04:08 PM,068492a8-9bbc-456b-87fb-dc52c0aec9a7,2.0,,,,,,,,,,,,,,,,,,,,,,,,,,,,,,,,,,,"(-15.8, 0.6, 3.6)","(-15.8, 1.2, 3.9)","(-16.2, 0.8, 4.4)",
VOICE_CAPTURE,628814,6/27/2026 12:04:08 PM,068492a8-9bbc-456b-87fb-dc52c0aec9a7,2.0,,,,,,,,,,,,,,,,,,,,,,,,,,,,,,,,,,,,,,,,,,,,,,,,,,,NA,Hmm.,
PLAYER_POSITIONS,629169,6/27/2026 12:04:08 PM,068492a8-9bbc-456b-87fb-dc52c0aec9a7,2.0,,,,,,,,,,,,,,,,,,,,,,,,,,,,,,,,,,,"(-16.5, 0.6, 4.0)","(-16.6, 1.2, 4.1)","(-17.0, 0.8, 4.4)",
PLAYER_GAZE,629169,6/27/2026 12:04:08 PM,068492a8-9bbc-456b-87fb-dc52c0aec9a7,2.0,,,,,,,,,,,,,,,,,,,,,,,,Military PT 1,,,,,,,,,"(0.4, 1.2, 0.3)",,,"(-17.0, 0.0, 3.8)",
PLAYER_POSITIONS,629169,6/27/2026 12:04:08 PM,068492a8-9bbc-456b-87fb-dc52c0aec9a7,2.0,,,,,,,,,,,,,,,,,,,,,,,,,,,,,,,,,,,"(-16.5, 0.6, 4.0)","(-16.6, 1.2, 4.1)","(-17.0, 0.8, 4.4)",
PLAYER_GAZE,629169,6/27/2026 12:04:08 PM,068492a8-9bbc-456b-87fb-dc52c0aec9a7,2.0,,,,,,,,,,,,,,,,,,,,,,,,Military PT 1,,,,,,,,,"(0.4, 1.2, 0.3)",,,"(-17.0, 0.0, 3.8)",
VOICE_CAPTURE,629336,6/27/2026 12:04:08 PM,068492a8-9bbc-456b-87fb-dc52c0aec9a7,2.0,,,,,,,,,,,,,,,,,,,,,,,,,,,,,,,,,,,,,,,,,,,,,,,,,,,NA,Hmm.,
PATIENT_ENGAGED,629586,6/27/2026 12:04:08 PM,068492a8-9bbc-456b-87fb-dc52c0aec9a7,2.0,,,,0,,,,,,,,,,,,,,,,normal,100,128,normal,Military PT 13,calm,standing,"(-15.2, 0.0, 5.2)",normal,"(0.0, -0.9, 0.0, -0.3)",normal,MINIMAL,still,,,,,,,,,,,,,,,,,8.56,
PLAYER_POSITIONS,629675,6/27/2026 12:04:09 PM,068492a8-9bbc-456b-87fb-dc52c0aec9a7,2.0,,,,,,,,,,,,,,,,,,,,,,,,,,,,,,,,,,,"(-16.4, 0.6, 3.5)","(-16.5, 1.2, 3.8)","(-16.3, 0.7, 3.5)",
PLAYER_GAZE,629675,6/27/2026 12:04:09 PM,068492a8-9bbc-456b-87fb-dc52c0aec9a7,2.0,,,,,,,,,,,,,,,,,,,,,,,,Military PT 1,,,,,,,,,"(-0.1, 1.2, -0.3)",,,"(-16.4, 0.0, 4.1)",
PLAYER_POSITIONS,629675,6/27/2026 12:04:09 PM,068492a8-9bbc-456b-87fb-dc52c0aec9a7,2.0,,,,,,,,,,,,,,,,,,,,,,,,,,,,,,,,,,,"(-16.4, 0.6, 3.5)","(-16.5, 1.2, 3.8)","(-16.3, 0.7, 3.5)",
PLAYER_GAZE,629675,6/27/2026 12:04:09 PM,068492a8-9bbc-456b-87fb-dc52c0aec9a7,2.0,,,,,,,,,,,,,,,,,,,,,,,,Military PT 1,,,,,,,,,"(-0.1, 1.2, -0.3)",,,"(-16.4, 0.0, 4.1)",
VOICE_CAPTURE,629785,6/27/2026 12:04:09 PM,068492a8-9bbc-456b-87fb-dc52c0aec9a7,2.0,,,,,,,,,,,,,,,,,,,,,,,,,,,,,,,,,,,,,,,,,,,,,,,,,,,NA,Hmm.,
PATIENT_DISENGAGED,629982,6/27/2026 12:04:09 PM,068492a8-9bbc-456b-87fb-dc52c0aec9a7,2.0,,,,0.4,,,,,,,,,,,,,,,,normal,100,128,normal,Military PT 13,calm,standing,"(-15.2, 0.0, 5.2)",normal,"(0.0, -0.9, 0.0, -0.3)",normal,MINIMAL,still,,,,,,,,,,,,,,,,,8.95,
PLAYER_POSITIONS,630186,6/27/2026 12:04:09 PM,068492a8-9bbc-456b-87fb-dc52c0aec9a7,2.0,,,,,,,,,,,,,,,,,,,,,,,,,,,,,,,,,,,"(-16.8, 0.6, 3.7)","(-16.9, 1.2, 3.8)","(-16.8, 0.7, 3.9)",
PLAYER_POSITIONS,630186,6/27/2026 12:04:09 PM,068492a8-9bbc-456b-87fb-dc52c0aec9a7,2.0,,,,,,,,,,,,,,,,,,,,,,,,,,,,,,,,,,,"(-16.8, 0.6, 3.7)","(-16.9, 1.2, 3.8)","(-16.8, 0.7, 3.9)",
VOICE_CAPTURE,630307,6/27/2026 12:04:09 PM,068492a8-9bbc-456b-87fb-dc52c0aec9a7,2.0,,,,,,,,,,,,,,,,,,,,,,,,,,,,,,,,,,,,,,,,,,,,,,,,,,,NA,Hmm.,
EVAC_RADIO_ALERT,630459,6/27/2026 12:04:09 PM,068492a8-9bbc-456b-87fb-dc52c0aec9a7,2.0,,,,,,,,1,
AUDIO_START,630466,6/27/2026 12:04:09 PM,068492a8-9bbc-456b-87fb-dc52c0aec9a7,2.0,evac in 10 seconds,4.127347,
TELEPORT,630660,6/27/2026 12:04:10 PM,068492a8-9bbc-456b-87fb-dc52c0aec9a7,2.0,,,,,,,,,,,,,,,,,,,,,,,,,,,,,,,,,,,,"(-17.0, 1.2, 3.9)",,,,,,,"(-17.1, 1.2, 8.1)",
PLAYER_POSITIONS,630706,6/27/2026 12:04:10 PM,068492a8-9bbc-456b-87fb-dc52c0aec9a7,2.0,,,,,,,,,,,,,,,,,,,,,,,,,,,,,,,,,,,"(-17.0, 0.6, 8.1)","(-17.1, 1.2, 8.2)","(-17.0, 0.7, 8.3)",
PLAYER_POSITIONS,630706,6/27/2026 12:04:10 PM,068492a8-9bbc-456b-87fb-dc52c0aec9a7,2.0,,,,,,,,,,,,,,,,,,,,,,,,,,,,,,,,,,,"(-17.0, 0.6, 8.1)","(-17.1, 1.2, 8.2)","(-17.0, 0.7, 8.3)",
VOICE_CAPTURE,630795,6/27/2026 12:04:10 PM,068492a8-9bbc-456b-87fb-dc52c0aec9a7,2.0,,,,,,,,,,,,,,,,,,,,,,,,,,,,,,,,,,,,,,,,,,,,,,,,,,,NA,Hmm.,
PLAYER_POSITIONS,631235,6/27/2026 12:04:10 PM,068492a8-9bbc-456b-87fb-dc52c0aec9a7,2.0,,,,,,,,,,,,,,,,,,,,,,,,,,,,,,,,,,,"(-17.2, 0.6, 8.0)","(-17.2, 1.2, 8.0)","(-17.0, 0.7, 8.0)",
PLAYER_POSITIONS,631235,6/27/2026 12:04:10 PM,068492a8-9bbc-456b-87fb-dc52c0aec9a7,2.0,,,,,,,,,,,,,,,,,,,,,,,,,,,,,,,,,,,"(-17.2, 0.6, 8.0)","(-17.2, 1.2, 8.0)","(-17.0, 0.7, 8.0)",
VOICE_CAPTURE,631324,6/27/2026 12:04:10 PM,068492a8-9bbc-456b-87fb-dc52c0aec9a7,2.0,,,,,,,,,,,,,,,,,,,,,,,,,,,,,,,,,,,,,,,,,,,,,,,,,,,NA,Hmm.,
PATIENT_ENGAGED,631739,6/27/2026 12:04:11 PM,068492a8-9bbc-456b-87fb-dc52c0aec9a7,2.0,,,,0,,,,,,,,,,,,,,,,fast,100,Infinity,normal,Military PT 6,agony,supine,"(-15.8, 0.0, 9.1)",fast,"(0.0, 0.5, 0.0, 0.9)",normal,IMMEDIATE,still,,,,,,,,,,,,,,,,,40.99,
PLAYER_POSITIONS,631743,6/27/2026 12:04:11 PM,068492a8-9bbc-456b-87fb-dc52c0aec9a7,2.0,,,,,,,,,,,,,,,,,,,,,,,,,,,,,,,,,,,"(-17.4, 0.7, 8.2)","(-17.5, 1.2, 8.2)","(-17.3, 0.6, 8.1)",
PLAYER_GAZE,631743,6/27/2026 12:04:11 PM,068492a8-9bbc-456b-87fb-dc52c0aec9a7,2.0,,,,,,,,,,,,,,,,,,,,,,,,Military PT 6,,,,,,,,,"(-1.7, 1.2, -0.7)",,,"(-15.8, 0.0, 8.9)",
PLAYER_POSITIONS,631743,6/27/2026 12:04:11 PM,068492a8-9bbc-456b-87fb-dc52c0aec9a7,2.0,,,,,,,,,,,,,,,,,,,,,,,,,,,,,,,,,,,"(-17.4, 0.7, 8.2)","(-17.5, 1.2, 8.2)","(-17.3, 0.6, 8.1)",
PLAYER_GAZE,631743,6/27/2026 12:04:11 PM,068492a8-9bbc-456b-87fb-dc52c0aec9a7,2.0,,,,,,,,,,,,,,,,,,,,,,,,Military PT 6,,,,,,,,,"(-1.7, 1.2, -0.7)",,,"(-15.8, 0.0, 8.9)",
VOICE_CAPTURE,631808,6/27/2026 12:04:11 PM,068492a8-9bbc-456b-87fb-dc52c0aec9a7,2.0,,,,,,,,,,,,,,,,,,,,,,,,,,,,,,,,,,,,,,,,,,,,,,,,,,,NA,Hmm.,
PATIENT_DISENGAGED,632074,6/27/2026 12:04:11 PM,068492a8-9bbc-456b-87fb-dc52c0aec9a7,2.0,,,,0.35,,,,,,,,,,,,,,,,fast,100,Infinity,normal,Military PT 6,agony,supine,"(-15.8, 0.0, 9.1)",fast,"(0.0, 0.5, 0.0, 0.9)",normal,IMMEDIATE,still,,,,,,,,,,,,,,,,,41.33,
PLAYER_POSITIONS,632260,6/27/2026 12:04:11 PM,068492a8-9bbc-456b-87fb-dc52c0aec9a7,2.0,,,,,,,,,,,,,,,,,,,,,,,,,,,,,,,,,,,"(-17.8, 0.6, 7.7)","(-17.8, 1.2, 7.6)","(-17.7, 0.6, 7.5)",
PLAYER_POSITIONS,632260,6/27/2026 12:04:11 PM,068492a8-9bbc-456b-87fb-dc52c0aec9a7,2.0,,,,,,,,,,,,,,,,,,,,,,,,,,,,,,,,,,,"(-17.8, 0.6, 7.7)","(-17.8, 1.2, 7.6)","(-17.7, 0.6, 7.5)",
VOICE_CAPTURE,632342,6/27/2026 12:04:11 PM,068492a8-9bbc-456b-87fb-dc52c0aec9a7,2.0,,,,,,,,,,,,,,,,,,,,,,,,,,,,,,,,,,,,,,,,,,,,,,,,,,,NA,Hmm.,
PLAYER_POSITIONS,632775,6/27/2026 12:04:12 PM,068492a8-9bbc-456b-87fb-dc52c0aec9a7,2.0,,,,,,,,,,,,,,,,,,,,,,,,,,,,,,,,,,,"(-18.4, 0.6, 8.0)","(-18.4, 1.2, 8.1)","(-18.4, 0.7, 7.8)",
PLAYER_POSITIONS,632775,6/27/2026 12:04:12 PM,068492a8-9bbc-456b-87fb-dc52c0aec9a7,2.0,,,,,,,,,,,,,,,,,,,,,,,,,,,,,,,,,,,"(-18.4, 0.6, 8.0)","(-18.4, 1.2, 8.1)","(-18.4, 0.7, 7.8)",
VOICE_CAPTURE,632854,6/27/2026 12:04:12 PM,068492a8-9bbc-456b-87fb-dc52c0aec9a7,2.0,,,,,,,,,,,,,,,,,,,,,,,,,,,,,,,,,,,,,,,,,,,,,,,,,,,NA,Hmm.,
PULSE_TAKEN,633000,6/27/2026 12:04:12 PM,068492a8-9bbc-456b-87fb-dc52c0aec9a7,2.0,,,,,,,,,,,,,,,,,,,,,,,,Military PT 2,,,,pulse_faint,
PLAYER_POSITIONS,633284,6/27/2026 12:04:12 PM,068492a8-9bbc-456b-87fb-dc52c0aec9a7,2.0,,,,,,,,,,,,,,,,,,,,,,,,,,,,,,,,,,,"(-19.0, 0.3, 7.7)","(-19.0, 1.1, 7.7)","(-19.1, 0.6, 7.3)",
PLAYER_POSITIONS,633284,6/27/2026 12:04:12 PM,068492a8-9bbc-456b-87fb-dc52c0aec9a7,2.0,,,,,,,,,,,,,,,,,,,,,,,,,,,,,,,,,,,"(-19.0, 0.3, 7.7)","(-19.0, 1.1, 7.7)","(-19.1, 0.6, 7.3)",
VOICE_CAPTURE,633318,6/27/2026 12:04:12 PM,068492a8-9bbc-456b-87fb-dc52c0aec9a7,2.0,,,,,,,,,,,,,,,,,,,,,,,,,,,,,,,,,,,,,,,,,,,,,,,,,,,NA,Hmm.,
PLAYER_POSITIONS,633806,6/27/2026 12:04:13 PM,068492a8-9bbc-456b-87fb-dc52c0aec9a7,2.0,,,,,,,,,,,,,,,,,,,,,,,,,,,,,,,,,,,"(-19.2, 0.5, 8.0)","(-19.2, 1.1, 8.1)","(-19.1, 0.6, 7.9)",
PLAYER_POSITIONS,633806,6/27/2026 12:04:13 PM,068492a8-9bbc-456b-87fb-dc52c0aec9a7,2.0,,,,,,,,,,,,,,,,,,,,,,,,,,,,,,,,,,,"(-19.2, 0.5, 8.0)","(-19.2, 1.1, 8.1)","(-19.1, 0.6, 7.9)",
VOICE_CAPTURE,633806,6/27/2026 12:04:13 PM,068492a8-9bbc-456b-87fb-dc52c0aec9a7,2.0,,,,,,,,,,,,,,,,,,,,,,,,,,,,,,,,,,,,,,,,,,,,,,,,,,,NA,Hmm.,
PATIENT_ENGAGED,634081,6/27/2026 12:04:13 PM,068492a8-9bbc-456b-87fb-dc52c0aec9a7,2.0,,,,0,,,,,,,,,,,,,,,,restricted,100,Infinity,normal,Military PT 2,agony,supine,"(-19.4, 0.0, 7.4)",faint,"(0.0, -0.7, 0.0, 0.7)",normal,EXPECTANT,still,,,,,,,,,,,,,,,,,31.81,
PLAYER_POSITIONS,634327,6/27/2026 12:04:13 PM,068492a8-9bbc-456b-87fb-dc52c0aec9a7,2.0,,,,,,,,,,,,,,,,,,,,,,,,,,,,,,,,,,,"(-19.5, 0.5, 8.4)","(-19.5, 1.1, 8.5)","(-19.4, 0.6, 8.3)",
PLAYER_POSITIONS,634327,6/27/2026 12:04:13 PM,068492a8-9bbc-456b-87fb-dc52c0aec9a7,2.0,,,,,,,,,,,,,,,,,,,,,,,,,,,,,,,,,,,"(-19.5, 0.5, 8.4)","(-19.5, 1.1, 8.5)","(-19.4, 0.6, 8.3)",
VOICE_CAPTURE,634327,6/27/2026 12:04:13 PM,068492a8-9bbc-456b-87fb-dc52c0aec9a7,2.0,,,,,,,,,,,,,,,,,,,,,,,,,,,,,,,,,,,,,,,,,,,,,,,,,,,NA,Hmm.,
AUDIO_END,634598,6/27/2026 12:04:13 PM,068492a8-9bbc-456b-87fb-dc52c0aec9a7,2.0,evac in 10 seconds,4.127347,
DRAG_STOP,634706,6/27/2026 12:04:14 PM,068492a8-9bbc-456b-87fb-dc52c0aec9a7,2.0,,,,,"(-6.8, 0.0, 2.1)","(-19.8, 0.0, 9.0)",,,,,,,,,,,,,,,,,,Military PT 1,
DRAG_STOP,634706,6/27/2026 12:04:14 PM,068492a8-9bbc-456b-87fb-dc52c0aec9a7,2.0,,,,,"(-6.8, 0.0, 2.1)","(-19.8, 0.0, 9.0)",,,,,,,,,,,,,,,,,,Military PT 1,
PLAYER_POSITIONS,634848,6/27/2026 12:04:14 PM,068492a8-9bbc-456b-87fb-dc52c0aec9a7,2.0,,,,,,,,,,,,,,,,,,,,,,,,,,,,,,,,,,,"(-19.5, 0.5, 8.6)","(-19.5, 1.2, 8.6)","(-19.3, 0.6, 8.5)",
PLAYER_POSITIONS,634848,6/27/2026 12:04:14 PM,068492a8-9bbc-456b-87fb-dc52c0aec9a7,2.0,,,,,,,,,,,,,,,,,,,,,,,,,,,,,,,,,,,"(-19.5, 0.5, 8.6)","(-19.5, 1.2, 8.6)","(-19.3, 0.6, 8.5)",
VOICE_CAPTURE,634848,6/27/2026 12:04:14 PM,068492a8-9bbc-456b-87fb-dc52c0aec9a7,2.0,,,,,,,,,,,,,,,,,,,,,,,,,,,,,,,,,,,,,,,,,,,,,,,,,,,NA,Hmm.,
DRAG_STOP,634874,6/27/2026 12:04:14 PM,068492a8-9bbc-456b-87fb-dc52c0aec9a7,2.0,,,,,"(0.0, 0.0, 0.0)","(0.0, 0.0, 0.0)",,,,,,,,,,,,,,,,,,Military PT 1,
PLAYER_POSITIONS,635352,6/27/2026 12:04:14 PM,068492a8-9bbc-456b-87fb-dc52c0aec9a7,2.0,,,,,,,,,,,,,,,,,,,,,,,,,,,,,,,,,,,"(-19.2, 0.5, 8.5)","(-19.2, 1.2, 8.5)","(-19.2, 0.7, 8.2)",
PLAYER_POSITIONS,635352,6/27/2026 12:04:14 PM,068492a8-9bbc-456b-87fb-dc52c0aec9a7,2.0,,,,,,,,,,,,,,,,,,,,,,,,,,,,,,,,,,,"(-19.2, 0.5, 8.5)","(-19.2, 1.2, 8.5)","(-19.2, 0.7, 8.2)",
VOICE_CAPTURE,635353,6/27/2026 12:04:14 PM,068492a8-9bbc-456b-87fb-dc52c0aec9a7,2.0,,,,,,,,,,,,,,,,,,,,,,,,,,,,,,,,,,,,,,,,,,,,,,,,,,,NA,Hmm.,
DRAG_STOP,635380,6/27/2026 12:04:14 PM,068492a8-9bbc-456b-87fb-dc52c0aec9a7,2.0,,,,,"(0.0, 0.0, 0.0)","(0.0, 0.0, 0.0)",,,,,,,,,,,,,,,,,,Military PT 1,
VOICE_CAPTURE,635828,6/27/2026 12:04:15 PM,068492a8-9bbc-456b-87fb-dc52c0aec9a7,2.0,,,,,,,,,,,,,,,,,,,,,,,,,,,,,,,,,,,,,,,,,,,,,,,,,,,NA,Hmm.,
PLAYER_POSITIONS,635874,6/27/2026 12:04:15 PM,068492a8-9bbc-456b-87fb-dc52c0aec9a7,2.0,,,,,,,,,,,,,,,,,,,,,,,,,,,,,,,,,,,"(-18.4, 0.5, 8.4)","(-18.4, 1.2, 8.5)","(-18.4, 0.7, 8.1)",
PLAYER_POSITIONS,635874,6/27/2026 12:04:15 PM,068492a8-9bbc-456b-87fb-dc52c0aec9a7,2.0,,,,,,,,,,,,,,,,,,,,,,,,,,,,,,,,,,,"(-18.4, 0.5, 8.4)","(-18.4, 1.2, 8.5)","(-18.4, 0.7, 8.1)",
VOICE_CAPTURE,636328,6/27/2026 12:04:15 PM,068492a8-9bbc-456b-87fb-dc52c0aec9a7,2.0,,,,,,,,,,,,,,,,,,,,,,,,,,,,,,,,,,,,,,,,,,,,,,,,,,,NA,Hmm.,
PLAYER_POSITIONS,636376,6/27/2026 12:04:15 PM,068492a8-9bbc-456b-87fb-dc52c0aec9a7,2.0,,,,,,,,,,,,,,,,,,,,,,,,,,,,,,,,,,,"(-17.8, 0.5, 7.7)","(-17.9, 1.3, 7.8)","(-17.8, 0.8, 7.4)",
PLAYER_POSITIONS,636376,6/27/2026 12:04:15 PM,068492a8-9bbc-456b-87fb-dc52c0aec9a7,2.0,,,,,,,,,,,,,,,,,,,,,,,,,,,,,,,,,,,"(-17.8, 0.5, 7.7)","(-17.9, 1.3, 7.8)","(-17.8, 0.8, 7.4)",
PATIENT_DISENGAGED,636806,6/27/2026 12:04:16 PM,068492a8-9bbc-456b-87fb-dc52c0aec9a7,2.0,,,,2.7,,,,,,,,,,,,,,,,restricted,100,Infinity,normal,Military PT 2,agony,supine,"(-19.4, 0.0, 7.4)",faint,"(0.0, -0.7, 0.0, 0.7)",normal,EXPECTANT,still,,,,,,,,,,,,,,,,,34.52,
VOICE_CAPTURE,636808,6/27/2026 12:04:16 PM,068492a8-9bbc-456b-87fb-dc52c0aec9a7,2.0,,,,,,,,,,,,,,,,,,,,,,,,,,,,,,,,,,,,,,,,,,,,,,,,,,,NA,Hmm.,
PLAYER_POSITIONS,636879,6/27/2026 12:04:16 PM,068492a8-9bbc-456b-87fb-dc52c0aec9a7,2.0,,,,,,,,,,,,,,,,,,,,,,,,,,,,,,,,,,,"(-13.2, 0.4, 0.6)","(-13.3, 1.1, 0.7)","(-13.2, 0.6, 0.3)",
PLAYER_POSITIONS,636879,6/27/2026 12:04:16 PM,068492a8-9bbc-456b-87fb-dc52c0aec9a7,2.0,,,,,,,,,,,,,,,,,,,,,,,,,,,,,,,,,,,"(-13.2, 0.4, 0.6)","(-13.3, 1.1, 0.7)","(-13.2, 0.6, 0.3)",
TELEPORT,636976,6/27/2026 12:04:16 PM,068492a8-9bbc-456b-87fb-dc52c0aec9a7,2.0,,,,,,,,,,,,,,,,,,,,,,,,,,,,,,,,,,,,"(-17.6, 1.3, 7.3)",,,,,,,"(-13.2, 1.1, 0.5)",
VOICE_CAPTURE,637319,6/27/2026 12:04:16 PM,068492a8-9bbc-456b-87fb-dc52c0aec9a7,2.0,,,,,,,,,,,,,,,,,,,,,,,,,,,,,,,,,,,,,,,,,,,,,,,,,,,NA,Hmm.,
PLAYER_POSITIONS,637391,6/27/2026 12:04:16 PM,068492a8-9bbc-456b-87fb-dc52c0aec9a7,2.0,,,,,,,,,,,,,,,,,,,,,,,,,,,,,,,,,,,"(-12.7, 0.4, -0.2)","(-12.8, 1.1, -0.1)","(-12.8, 0.6, -0.5)",
PLAYER_POSITIONS,637391,6/27/2026 12:04:16 PM,068492a8-9bbc-456b-87fb-dc52c0aec9a7,2.0,,,,,,,,,,,,,,,,,,,,,,,,,,,,,,,,,,,"(-12.7, 0.4, -0.2)","(-12.8, 1.1, -0.1)","(-12.8, 0.6, -0.5)",
VOICE_CAPTURE,637804,6/27/2026 12:04:17 PM,068492a8-9bbc-456b-87fb-dc52c0aec9a7,2.0,,,,,,,,,,,,,,,,,,,,,,,,,,,,,,,,,,,,,,,,,,,,,,,,,,,NA,Hmm.,
PLAYER_POSITIONS,637906,6/27/2026 12:04:17 PM,068492a8-9bbc-456b-87fb-dc52c0aec9a7,2.0,,,,,,,,,,,,,,,,,,,,,,,,,,,,,,,,,,,"(-12.3, 0.4, -1.0)","(-12.4, 1.1, -0.9)","(-12.3, 0.6, -1.3)",
PLAYER_POSITIONS,637906,6/27/2026 12:04:17 PM,068492a8-9bbc-456b-87fb-dc52c0aec9a7,2.0,,,,,,,,,,,,,,,,,,,,,,,,,,,,,,,,,,,"(-12.3, 0.4, -1.0)","(-12.4, 1.1, -0.9)","(-12.3, 0.6, -1.3)",
VOICE_CAPTURE,638359,6/27/2026 12:04:17 PM,068492a8-9bbc-456b-87fb-dc52c0aec9a7,2.0,,,,,,,,,,,,,,,,,,,,,,,,,,,,,,,,,,,,,,,,,,,,,,,,,,,NA,Hmm.,
PLAYER_POSITIONS,638428,6/27/2026 12:04:17 PM,068492a8-9bbc-456b-87fb-dc52c0aec9a7,2.0,,,,,,,,,,,,,,,,,,,,,,,,,,,,,,,,,,,"(-11.9, 0.5, -1.8)","(-12.0, 1.1, -1.7)","(-12.0, 0.6, -2.2)",
PLAYER_POSITIONS,638428,6/27/2026 12:04:17 PM,068492a8-9bbc-456b-87fb-dc52c0aec9a7,2.0,,,,,,,,,,,,,,,,,,,,,,,,,,,,,,,,,,,"(-11.9, 0.5, -1.8)","(-12.0, 1.1, -1.7)","(-12.0, 0.6, -2.2)",
VOICE_CAPTURE,638813,6/27/2026 12:04:18 PM,068492a8-9bbc-456b-87fb-dc52c0aec9a7,2.0,,,,,,,,,,,,,,,,,,,,,,,,,,,,,,,,,,,,,,,,,,,,,,,,,,,NA,Hmm.,
PLAYER_POSITIONS,638945,6/27/2026 12:04:18 PM,068492a8-9bbc-456b-87fb-dc52c0aec9a7,2.0,,,,,,,,,,,,,,,,,,,,,,,,,,,,,,,,,,,"(-11.2, 0.5, -2.3)","(-11.2, 1.1, -2.3)","(-11.3, 0.5, -2.8)",
PLAYER_POSITIONS,638945,6/27/2026 12:04:18 PM,068492a8-9bbc-456b-87fb-dc52c0aec9a7,2.0,,,,,,,,,,,,,,,,,,,,,,,,,,,,,,,,,,,"(-11.2, 0.5, -2.3)","(-11.2, 1.1, -2.3)","(-11.3, 0.5, -2.8)",
VOICE_CAPTURE,639312,6/27/2026 12:04:18 PM,068492a8-9bbc-456b-87fb-dc52c0aec9a7,2.0,,,,,,,,,,,,,,,,,,,,,,,,,,,,,,,,,,,,,,,,,,,,,,,,,,,NA,Hmm.,
PLAYER_POSITIONS,639463,6/27/2026 12:04:18 PM,068492a8-9bbc-456b-87fb-dc52c0aec9a7,2.0,,,,,,,,,,,,,,,,,,,,,,,,,,,,,,,,,,,"(-10.9, 0.5, -3.1)","(-10.9, 1.1, -3.1)","(-10.9, 0.5, -3.6)",
PLAYER_POSITIONS,639463,6/27/2026 12:04:18 PM,068492a8-9bbc-456b-87fb-dc52c0aec9a7,2.0,,,,,,,,,,,,,,,,,,,,,,,,,,,,,,,,,,,"(-10.9, 0.5, -3.1)","(-10.9, 1.1, -3.1)","(-10.9, 0.5, -3.6)",
PATIENT_ENGAGED,639619,6/27/2026 12:04:18 PM,068492a8-9bbc-456b-87fb-dc52c0aec9a7,2.0,,,,0,,,,,,,,,,,,,,,,none,100,Infinity,none,Military PT 10,dead,fetal,"(-9.6, -0.1, -2.9)",none,"(0.0, -0.6, 0.0, 0.8)",none,EXPECTANT,still,,,,,,,,,,,,,,,,,7.39,
VOICE_CAPTURE,639801,6/27/2026 12:04:19 PM,068492a8-9bbc-456b-87fb-dc52c0aec9a7,2.0,,,,,,,,,,,,,,,,,,,,,,,,,,,,,,,,,,,,,,,,,,,,,,,,,,,NA,Hmm.,
PLAYER_POSITIONS,639980,6/27/2026 12:04:19 PM,068492a8-9bbc-456b-87fb-dc52c0aec9a7,2.0,,,,,,,,,,,,,,,,,,,,,,,,,,,,,,,,,,,"(-10.3, 0.4, -3.3)","(-10.3, 1.0, -3.3)","(-10.2, 0.4, -3.5)",
PLAYER_POSITIONS,639980,6/27/2026 12:04:19 PM,068492a8-9bbc-456b-87fb-dc52c0aec9a7,2.0,,,,,,,,,,,,,,,,,,,,,,,,,,,,,,,,,,,"(-10.3, 0.4, -3.3)","(-10.3, 1.0, -3.3)","(-10.2, 0.4, -3.5)",
VOICE_CAPTURE,640300,6/27/2026 12:04:19 PM,068492a8-9bbc-456b-87fb-dc52c0aec9a7,2.0,,,,,,,,,,,,,,,,,,,,,,,,,,,,,,,,,,,,,,,,,,,,,,,,,,,NA,Hmm. Thank you.,
PLAYER_POSITIONS,640499,6/27/2026 12:04:19 PM,068492a8-9bbc-456b-87fb-dc52c0aec9a7,2.0,,,,,,,,,,,,,,,,,,,,,,,,,,,,,,,,,,,"(-10.2, 0.4, -3.4)","(-10.2, 1.0, -3.4)","(-10.1, 0.5, -3.7)",
PLAYER_POSITIONS,640499,6/27/2026 12:04:19 PM,068492a8-9bbc-456b-87fb-dc52c0aec9a7,2.0,,,,,,,,,,,,,,,,,,,,,,,,,,,,,,,,,,,"(-10.2, 0.4, -3.4)","(-10.2, 1.0, -3.4)","(-10.1, 0.5, -3.7)",
VOICE_CAPTURE,640776,6/27/2026 12:04:20 PM,068492a8-9bbc-456b-87fb-dc52c0aec9a7,2.0,,,,,,,,,,,,,,,,,,,,,,,,,,,,,,,,,,,,,,,,,,,,,,,,,,,NA,Hmm. Thank you.,
VOICE_CAPTURE,640776,6/27/2026 12:04:20 PM,068492a8-9bbc-456b-87fb-dc52c0aec9a7,2.0,,,,,,,,,,,,,,,,,,,,,,,,,,,,,,,,,,,,,,,,,,,,,,,,,,,NA,Hmm. Thank you.,
PLAYER_POSITIONS,641020,6/27/2026 12:04:20 PM,068492a8-9bbc-456b-87fb-dc52c0aec9a7,2.0,,,,,,,,,,,,,,,,,,,,,,,,,,,,,,,,,,,"(-10.2, 0.4, -3.5)","(-10.2, 1.0, -3.6)","(-10.2, 0.6, -4.0)",
PLAYER_POSITIONS,641020,6/27/2026 12:04:20 PM,068492a8-9bbc-456b-87fb-dc52c0aec9a7,2.0,,,,,,,,,,,,,,,,,,,,,,,,,,,,,,,,,,,"(-10.2, 0.4, -3.5)","(-10.2, 1.0, -3.6)","(-10.2, 0.6, -4.0)",
PATIENT_DISENGAGED,641363,6/27/2026 12:04:20 PM,068492a8-9bbc-456b-87fb-dc52c0aec9a7,2.0,,,,1.74,,,,,,,,,,,,,,,,none,100,Infinity,none,Military PT 10,dead,fetal,"(-9.6, -0.1, -2.9)",none,"(0.0, -0.6, 0.0, 0.8)",none,EXPECTANT,still,,,,,,,,,,,,,,,,,9.13,
PATIENT_ENGAGED,641363,6/27/2026 12:04:20 PM,068492a8-9bbc-456b-87fb-dc52c0aec9a7,2.0,,,,0,,,,,,,,,,,,,,,,fast,100,Infinity,normal,Military PT 4,upset,supine,"(-11.4, -0.1, -5.0)",faint,"(0.0, 1.0, 0.0, 0.2)",normal,IMMEDIATE,still,,,,,,,,,,,,,,,,,19.91,
PLAYER_POSITIONS,641524,6/27/2026 12:04:20 PM,068492a8-9bbc-456b-87fb-dc52c0aec9a7,2.0,,,,,,,,,,,,,,,,,,,,,,,,,,,,,,,,,,,"(-10.4, 0.4, -3.7)","(-10.6, 1.0, -3.8)","(-10.9, 0.4, -4.0)",
PLAYER_GAZE,641524,6/27/2026 12:04:20 PM,068492a8-9bbc-456b-87fb-dc52c0aec9a7,2.0,,,,,,,,,,,,,,,,,,,,,,,,Military PT 4,,,,,,,,,"(0.6, 1.0, 1.0)",,,"(-11.1, 0.0, -4.7)",
PLAYER_POSITIONS,641524,6/27/2026 12:04:20 PM,068492a8-9bbc-456b-87fb-dc52c0aec9a7,2.0,,,,,,,,,,,,,,,,,,,,,,,,,,,,,,,,,,,"(-10.4, 0.4, -3.7)","(-10.6, 1.0, -3.8)","(-10.9, 0.4, -4.0)",
PLAYER_GAZE,641524,6/27/2026 12:04:20 PM,068492a8-9bbc-456b-87fb-dc52c0aec9a7,2.0,,,,,,,,,,,,,,,,,,,,,,,,Military PT 4,,,,,,,,,"(0.6, 1.0, 1.0)",,,"(-11.1, 0.0, -4.7)",
PLAYER_POSITIONS,642026,6/27/2026 12:04:21 PM,068492a8-9bbc-456b-87fb-dc52c0aec9a7,2.0,,,,,,,,,,,,,,,,,,,,,,,,,,,,,,,,,,,"(-11.0, 0.4, -3.8)","(-11.2, 0.9, -4.0)","(-11.4, 0.2, -4.2)",
PLAYER_POSITIONS,642026,6/27/2026 12:04:21 PM,068492a8-9bbc-456b-87fb-dc52c0aec9a7,2.0,,,,,,,,,,,,,,,,,,,,,,,,,,,,,,,,,,,"(-11.0, 0.4, -3.8)","(-11.2, 0.9, -4.0)","(-11.4, 0.2, -4.2)",
PULSE_TAKEN,642243,6/27/2026 12:04:21 PM,068492a8-9bbc-456b-87fb-dc52c0aec9a7,2.0,,,,,,,,,,,,,,,,,,,,,,,,Military PT 4,,,,pulse_faint,
DRAG_START,642502,6/27/2026 12:04:21 PM,068492a8-9bbc-456b-87fb-dc52c0aec9a7,2.0,,,,,"(-11.1, 0.0, -4.7)",,,,,,,,,,,,,,,,,,,Military PT 4,
PLAYER_POSITIONS,642543,6/27/2026 12:04:21 PM,068492a8-9bbc-456b-87fb-dc52c0aec9a7,2.0,,,,,,,,,,,,,,,,,,,,,,,,,,,,,,,,,,,"(-11.0, 0.3, -3.7)","(-11.0, 0.8, -4.1)","(-11.2, 0.1, -4.3)",
PLAYER_POSITIONS,642543,6/27/2026 12:04:21 PM,068492a8-9bbc-456b-87fb-dc52c0aec9a7,2.0,,,,,,,,,,,,,,,,,,,,,,,,,,,,,,,,,,,"(-11.0, 0.3, -3.7)","(-11.0, 0.8, -4.1)","(-11.2, 0.1, -4.3)",
PLAYER_POSITIONS,643064,6/27/2026 12:04:22 PM,068492a8-9bbc-456b-87fb-dc52c0aec9a7,2.0,,,,,,,,,,,,,,,,,,,,,,,,,,,,,,,,,,,"(-10.9, 0.2, -3.7)","(-10.9, 1.0, -3.8)","(-10.9, 0.5, -4.1)",
PLAYER_POSITIONS,643064,6/27/2026 12:04:22 PM,068492a8-9bbc-456b-87fb-dc52c0aec9a7,2.0,,,,,,,,,,,,,,,,,,,,,,,,,,,,,,,,,,,"(-10.9, 0.2, -3.7)","(-10.9, 1.0, -3.8)","(-10.9, 0.5, -4.1)",
PULSE_TAKEN,643383,6/27/2026 12:04:22 PM,068492a8-9bbc-456b-87fb-dc52c0aec9a7,2.0,,,,,,,,,,,,,,,,,,,,,,,,Military PT 4,,,,pulse_faint,
PLAYER_POSITIONS,643564,6/27/2026 12:04:22 PM,068492a8-9bbc-456b-87fb-dc52c0aec9a7,2.0,,,,,,,,,,,,,,,,,,,,,,,,,,,,,,,,,,,"(-11.0, 0.4, -3.6)","(-11.1, 1.1, -3.5)","(-10.9, 0.6, -3.5)",
PLAYER_POSITIONS,643564,6/27/2026 12:04:22 PM,068492a8-9bbc-456b-87fb-dc52c0aec9a7,2.0,,,,,,,,,,,,,,,,,,,,,,,,,,,,,,,,,,,"(-11.0, 0.4, -3.6)","(-11.1, 1.1, -3.5)","(-10.9, 0.6, -3.5)",
PLAYER_POSITIONS,644064,6/27/2026 12:04:23 PM,068492a8-9bbc-456b-87fb-dc52c0aec9a7,2.0,,,,,,,,,,,,,,,,,,,,,,,,,,,,,,,,,,,"(-11.0, 0.4, -3.5)","(-11.1, 1.1, -3.5)","(-11.1, 0.6, -3.3)",
PLAYER_GAZE,644064,6/27/2026 12:04:23 PM,068492a8-9bbc-456b-87fb-dc52c0aec9a7,2.0,,,,,,,,,,,,,,,,,,,,,,,,Military PT 13,,,,,,,,,"(4.1, 1.1, -8.4)",,,"(-15.2, 0.0, 5.0)",
PLAYER_POSITIONS,644064,6/27/2026 12:04:23 PM,068492a8-9bbc-456b-87fb-dc52c0aec9a7,2.0,,,,,,,,,,,,,,,,,,,,,,,,,,,,,,,,,,,"(-11.0, 0.4, -3.5)","(-11.1, 1.1, -3.5)","(-11.1, 0.6, -3.3)",
PLAYER_GAZE,644064,6/27/2026 12:04:23 PM,068492a8-9bbc-456b-87fb-dc52c0aec9a7,2.0,,,,,,,,,,,,,,,,,,,,,,,,Military PT 13,,,,,,,,,"(4.1, 1.1, -8.4)",,,"(-15.2, 0.0, 5.0)",
PATIENT_DISENGAGED,644128,6/27/2026 12:04:23 PM,068492a8-9bbc-456b-87fb-dc52c0aec9a7,2.0,,,,2.76,,,,,,,,,,,,,,,,fast,100,Infinity,normal,Military PT 4,upset,supine,"(-10.7, -0.1, -3.1)",faint,"(0.0, -0.4, 0.0, 0.9)",normal,IMMEDIATE,still,,,,,,,,,,,,,,,,,22.67,
PULSE_TAKEN,644150,6/27/2026 12:04:23 PM,068492a8-9bbc-456b-87fb-dc52c0aec9a7,2.0,,,,,,,,,,,,,,,,,,,,,,,,Military PT 4,,,,pulse_faint,
PULSE_TAKEN,644258,6/27/2026 12:04:23 PM,068492a8-9bbc-456b-87fb-dc52c0aec9a7,2.0,,,,,,,,,,,,,,,,,,,,,,,,Military PT 4,,,,pulse_faint,
TELEPORT,644350,6/27/2026 12:04:23 PM,068492a8-9bbc-456b-87fb-dc52c0aec9a7,2.0,,,,,,,,,,,,,,,,,,,,,,,,,,,,,,,,,,,,"(-11.1, 1.1, -3.5)",,,,,,,"(-14.2, 1.1, 2.6)",
EVAC_RADIO_ALERT,644461,6/27/2026 12:04:23 PM,068492a8-9bbc-456b-87fb-dc52c0aec9a7,2.0,,,,,,,,1,
AUDIO_START,644470,6/27/2026 12:04:23 PM,068492a8-9bbc-456b-87fb-dc52c0aec9a7,2.0,evac is here,6.71347,
PULSE_TAKEN,644488,6/27/2026 12:04:23 PM,068492a8-9bbc-456b-87fb-dc52c0aec9a7,2.0,,,,,,,,,,,,,,,,,,,,,,,,Military PT 4,,,,pulse_faint,
PLAYER_POSITIONS,644586,6/27/2026 12:04:23 PM,068492a8-9bbc-456b-87fb-dc52c0aec9a7,2.0,,,,,,,,,,,,,,,,,,,,,,,,,,,,,,,,,,,"(-14.1, 0.4, 2.6)","(-14.2, 1.1, 2.6)","(-14.2, 0.6, 2.7)",
PLAYER_POSITIONS,644586,6/27/2026 12:04:23 PM,068492a8-9bbc-456b-87fb-dc52c0aec9a7,2.0,,,,,,,,,,,,,,,,,,,,,,,,,,,,,,,,,,,"(-14.1, 0.4, 2.6)","(-14.2, 1.1, 2.6)","(-14.2, 0.6, 2.7)",
PULSE_TAKEN,644793,6/27/2026 12:04:24 PM,068492a8-9bbc-456b-87fb-dc52c0aec9a7,2.0,,,,,,,,,,,,,,,,,,,,,,,,Military PT 4,,,,pulse_faint,
PULSE_TAKEN,644827,6/27/2026 12:04:24 PM,068492a8-9bbc-456b-87fb-dc52c0aec9a7,2.0,,,,,,,,,,,,,,,,,,,,,,,,Military PT 4,,,,pulse_faint,
DRAG_STOP,644856,6/27/2026 12:04:24 PM,068492a8-9bbc-456b-87fb-dc52c0aec9a7,2.0,,,,,"(0.0, 0.0, 0.0)","(0.0, 0.0, 0.0)",,,,,,,,,,,,,,,,,,Military PT 4,
TELEPORT,644962,6/27/2026 12:04:24 PM,068492a8-9bbc-456b-87fb-dc52c0aec9a7,2.0,,,,,,,,,,,,,,,,,,,,,,,,,,,,,,,,,,,,"(-14.2, 1.1, 2.6)",,,,,,,"(-17.3, 1.2, 6.1)",
PLAYER_POSITIONS,645096,6/27/2026 12:04:24 PM,068492a8-9bbc-456b-87fb-dc52c0aec9a7,2.0,,,,,,,,,,,,,,,,,,,,,,,,,,,,,,,,,,,"(-17.3, 0.4, 6.1)","(-17.3, 1.2, 6.1)","(-17.4, 0.7, 6.2)",
PLAYER_POSITIONS,645096,6/27/2026 12:04:24 PM,068492a8-9bbc-456b-87fb-dc52c0aec9a7,2.0,,,,,,,,,,,,,,,,,,,,,,,,,,,,,,,,,,,"(-17.3, 0.4, 6.1)","(-17.3, 1.2, 6.1)","(-17.4, 0.7, 6.2)",
TELEPORT,645596,6/27/2026 12:04:24 PM,068492a8-9bbc-456b-87fb-dc52c0aec9a7,2.0,,,,,,,,,,,,,,,,,,,,,,,,,,,,,,,,,,,,"(-17.4, 1.2, 6.2)",,,,,,,"(-17.6, 1.2, 6.5)",
PLAYER_POSITIONS,645618,6/27/2026 12:04:24 PM,068492a8-9bbc-456b-87fb-dc52c0aec9a7,2.0,,,,,,,,,,,,,,,,,,,,,,,,,,,,,,,,,,,"(-17.6, 0.5, 6.6)","(-17.7, 1.2, 6.6)","(-17.7, 0.7, 6.7)",
PLAYER_POSITIONS,645618,6/27/2026 12:04:24 PM,068492a8-9bbc-456b-87fb-dc52c0aec9a7,2.0,,,,,,,,,,,,,,,,,,,,,,,,,,,,,,,,,,,"(-17.6, 0.5, 6.6)","(-17.7, 1.2, 6.6)","(-17.7, 0.7, 6.7)",
PLAYER_POSITIONS,646138,6/27/2026 12:04:25 PM,068492a8-9bbc-456b-87fb-dc52c0aec9a7,2.0,,,,,,,,,,,,,,,,,,,,,,,,,,,,,,,,,,,"(-18.1, 0.5, 7.3)","(-18.2, 1.2, 7.3)","(-18.2, 0.7, 7.4)",
PLAYER_POSITIONS,646138,6/27/2026 12:04:25 PM,068492a8-9bbc-456b-87fb-dc52c0aec9a7,2.0,,,,,,,,,,,,,,,,,,,,,,,,,,,,,,,,,,,"(-18.1, 0.5, 7.3)","(-18.2, 1.2, 7.3)","(-18.2, 0.7, 7.4)",
PLAYER_POSITIONS,646659,6/27/2026 12:04:26 PM,068492a8-9bbc-456b-87fb-dc52c0aec9a7,2.0,,,,,,,,,,,,,,,,,,,,,,,,,,,,,,,,,,,"(-18.7, 0.5, 7.9)","(-18.8, 1.2, 7.9)","(-18.8, 0.7, 8.0)",
PLAYER_POSITIONS,646659,6/27/2026 12:04:26 PM,068492a8-9bbc-456b-87fb-dc52c0aec9a7,2.0,,,,,,,,,,,,,,,,,,,,,,,,,,,,,,,,,,,"(-18.7, 0.5, 7.9)","(-18.8, 1.2, 7.9)","(-18.8, 0.7, 8.0)",
PLAYER_POSITIONS,647170,6/27/2026 12:04:26 PM,068492a8-9bbc-456b-87fb-dc52c0aec9a7,2.0,,,,,,,,,,,,,,,,,,,,,,,,,,,,,,,,,,,"(-19.0, 0.5, 8.4)","(-19.1, 1.2, 8.4)","(-19.1, 0.7, 8.4)",
PLAYER_GAZE,647170,6/27/2026 12:04:26 PM,068492a8-9bbc-456b-87fb-dc52c0aec9a7,2.0,,,,,,,,,,,,,,,,,,,,,,,,Military PT 4,,,,,,,,,"(0.1, 1.2, -0.5)",,,"(-19.2, 0.0, 8.8)",
PLAYER_POSITIONS,647170,6/27/2026 12:04:26 PM,068492a8-9bbc-456b-87fb-dc52c0aec9a7,2.0,,,,,,,,,,,,,,,,,,,,,,,,,,,,,,,,,,,"(-19.0, 0.5, 8.4)","(-19.1, 1.2, 8.4)","(-19.1, 0.7, 8.4)",
PLAYER_GAZE,647170,6/27/2026 12:04:26 PM,068492a8-9bbc-456b-87fb-dc52c0aec9a7,2.0,,,,,,,,,,,,,,,,,,,,,,,,Military PT 4,,,,,,,,,"(0.1, 1.2, -0.5)",,,"(-19.2, 0.0, 8.8)",
PLAYER_POSITIONS,647670,6/27/2026 12:04:27 PM,068492a8-9bbc-456b-87fb-dc52c0aec9a7,2.0,,,,,,,,,,,,,,,,,,,,,,,,,,,,,,,,,,,"(-19.0, 0.5, 9.1)","(-19.1, 1.2, 9.1)","(-19.2, 0.7, 9.1)",
PLAYER_GAZE,647670,6/27/2026 12:04:27 PM,068492a8-9bbc-456b-87fb-dc52c0aec9a7,2.0,,,,,,,,,,,,,,,,,,,,,,,,Military PT 4,,,,,,,,,"(0.2, 1.2, -0.5)",,,"(-19.3, 0.0, 9.6)",
PLAYER_POSITIONS,647670,6/27/2026 12:04:27 PM,068492a8-9bbc-456b-87fb-dc52c0aec9a7,2.0,,,,,,,,,,,,,,,,,,,,,,,,,,,,,,,,,,,"(-19.0, 0.5, 9.1)","(-19.1, 1.2, 9.1)","(-19.2, 0.7, 9.1)",
PLAYER_GAZE,647670,6/27/2026 12:04:27 PM,068492a8-9bbc-456b-87fb-dc52c0aec9a7,2.0,,,,,,,,,,,,,,,,,,,,,,,,Military PT 4,,,,,,,,,"(0.2, 1.2, -0.5)",,,"(-19.3, 0.0, 9.6)",
PATIENT_ENGAGED,647845,6/27/2026 12:04:27 PM,068492a8-9bbc-456b-87fb-dc52c0aec9a7,2.0,,,,0,,,,,,,,,,,,,,,,fast,100,Infinity,normal,Military PT 4,upset,supine,"(-19.5, 0.0, 9.9)",faint,"(0.0, -0.5, 0.0, 0.9)",normal,IMMEDIATE,still,,,,,,,,,,,,,,,,,22.67,
DRAG_STOP,647893,6/27/2026 12:04:27 PM,068492a8-9bbc-456b-87fb-dc52c0aec9a7,2.0,,,,,"(-11.1, 0.0, -4.7)","(-19.5, 0.0, 9.6)",,,,,,,,,,,,,,,,,,Military PT 4,
DRAG_STOP,647893,6/27/2026 12:04:27 PM,068492a8-9bbc-456b-87fb-dc52c0aec9a7,2.0,,,,,"(-11.1, 0.0, -4.7)","(-19.5, 0.0, 9.6)",,,,,,,,,,,,,,,,,,Military PT 4,
PLAYER_POSITIONS,648183,6/27/2026 12:04:27 PM,068492a8-9bbc-456b-87fb-dc52c0aec9a7,2.0,,,,,,,,,,,,,,,,,,,,,,,,,,,,,,,,,,,"(-19.1, 0.5, 9.1)","(-19.2, 1.1, 9.1)","(-19.2, 0.6, 9.1)",
PLAYER_POSITIONS,648183,6/27/2026 12:04:27 PM,068492a8-9bbc-456b-87fb-dc52c0aec9a7,2.0,,,,,,,,,,,,,,,,,,,,,,,,,,,,,,,,,,,"(-19.1, 0.5, 9.1)","(-19.2, 1.1, 9.1)","(-19.2, 0.6, 9.1)",
PLAYER_POSITIONS,648686,6/27/2026 12:04:28 PM,068492a8-9bbc-456b-87fb-dc52c0aec9a7,2.0,,,,,,,,,,,,,,,,,,,,,,,,,,,,,,,,,,,"(-19.1, 0.5, 9.0)","(-19.1, 1.1, 9.1)","(-18.9, 0.6, 8.9)",
PLAYER_POSITIONS,648686,6/27/2026 12:04:28 PM,068492a8-9bbc-456b-87fb-dc52c0aec9a7,2.0,,,,,,,,,,,,,,,,,,,,,,,,,,,,,,,,,,,"(-19.1, 0.5, 9.0)","(-19.1, 1.1, 9.1)","(-18.9, 0.6, 8.9)",
PLAYER_POSITIONS,649194,6/27/2026 12:04:28 PM,068492a8-9bbc-456b-87fb-dc52c0aec9a7,2.0,,,,,,,,,,,,,,,,,,,,,,,,,,,,,,,,,,,"(-19.1, 0.5, 8.8)","(-19.2, 1.2, 8.7)","(-19.2, 0.8, 8.6)",
PLAYER_POSITIONS,649194,6/27/2026 12:04:28 PM,068492a8-9bbc-456b-87fb-dc52c0aec9a7,2.0,,,,,,,,,,,,,,,,,,,,,,,,,,,,,,,,,,,"(-19.1, 0.5, 8.8)","(-19.2, 1.2, 8.7)","(-19.2, 0.8, 8.6)",
PLAYER_POSITIONS,649737,6/27/2026 12:04:29 PM,068492a8-9bbc-456b-87fb-dc52c0aec9a7,2.0,,,,,,,,,,,,,,,,,,,,,,,,,,,,,,,,,,,"(-19.0, 0.6, 8.8)","(-19.2, 1.2, 8.9)","(-19.5, 0.5, 8.8)",
PLAYER_POSITIONS,649737,6/27/2026 12:04:29 PM,068492a8-9bbc-456b-87fb-dc52c0aec9a7,2.0,,,,,,,,,,,,,,,,,,,,,,,,,,,,,,,,,,,"(-19.0, 0.6, 8.8)","(-19.2, 1.2, 8.9)","(-19.5, 0.5, 8.8)",
PLAYER_POSITIONS,650272,6/27/2026 12:04:29 PM,068492a8-9bbc-456b-87fb-dc52c0aec9a7,2.0,,,,,,,,,,,,,,,,,,,,,,,,,,,,,,,,,,,"(-19.2, 0.6, 9.2)","(-19.4, 1.2, 9.2)","(-19.7, 0.4, 9.1)",
PLAYER_POSITIONS,650272,6/27/2026 12:04:29 PM,068492a8-9bbc-456b-87fb-dc52c0aec9a7,2.0,,,,,,,,,,,,,,,,,,,,,,,,,,,,,,,,,,,"(-19.2, 0.6, 9.2)","(-19.4, 1.2, 9.2)","(-19.7, 0.4, 9.1)",
PLAYER_POSITIONS,650796,6/27/2026 12:04:30 PM,068492a8-9bbc-456b-87fb-dc52c0aec9a7,2.0,,,,,,,,,,,,,,,,,,,,,,,,,,,,,,,,,,,"(-19.3, 0.6, 9.5)","(-19.5, 1.2, 9.5)","(-19.8, 0.5, 9.3)",
PLAYER_GAZE,650796,6/27/2026 12:04:30 PM,068492a8-9bbc-456b-87fb-dc52c0aec9a7,2.0,,,,,,,,,,,,,,,,,,,,,,,,Military PT 1,,,,,,,,,"(0.3, 1.2, 0.5)",,,"(-19.8, 0.0, 9.0)",
PLAYER_POSITIONS,650796,6/27/2026 12:04:30 PM,068492a8-9bbc-456b-87fb-dc52c0aec9a7,2.0,,,,,,,,,,,,,,,,,,,,,,,,,,,,,,,,,,,"(-19.3, 0.6, 9.5)","(-19.5, 1.2, 9.5)","(-19.8, 0.5, 9.3)",
PLAYER_GAZE,650796,6/27/2026 12:04:30 PM,068492a8-9bbc-456b-87fb-dc52c0aec9a7,2.0,,,,,,,,,,,,,,,,,,,,,,,,Military PT 1,,,,,,,,,"(0.3, 1.2, 0.5)",,,"(-19.8, 0.0, 9.0)",
VOICE_CAPTURE,650828,6/27/2026 12:04:30 PM,068492a8-9bbc-456b-87fb-dc52c0aec9a7,2.0,,,,,,,,,,,,,,,,,,,,,,,,,,,,,,,,,,,,,,,,,,,,,,,,,,,NA,All right.,
AUDIO_END,651182,6/27/2026 12:04:30 PM,068492a8-9bbc-456b-87fb-dc52c0aec9a7,2.0,evac is here,6.71347,
EVAC_PROMPT,651187,6/27/2026 12:04:30 PM,068492a8-9bbc-456b-87fb-dc52c0aec9a7,2.0,,,,,,,,1,
VOICE_CAPTURE,651293,6/27/2026 12:04:30 PM,068492a8-9bbc-456b-87fb-dc52c0aec9a7,2.0,,,,,,,,,,,,,,,,,,,,,,,,,,,,,,,,,,,,,,,,,,,,,,,,,,,NA,All right.,
VOICE_CAPTURE,651293,6/27/2026 12:04:30 PM,068492a8-9bbc-456b-87fb-dc52c0aec9a7,2.0,,,,,,,,,,,,,,,,,,,,,,,,,,,,,,,,,,,,,,,,,,,,,,,,,,,NA,All right.,
PLAYER_POSITIONS,651315,6/27/2026 12:04:30 PM,068492a8-9bbc-456b-87fb-dc52c0aec9a7,2.0,,,,,,,,,,,,,,,,,,,,,,,,,,,,,,,,,,,"(-19.7, 0.5, 9.6)","(-19.8, 1.2, 9.7)","(-20.0, 0.6, 9.4)",
PLAYER_GAZE,651315,6/27/2026 12:04:30 PM,068492a8-9bbc-456b-87fb-dc52c0aec9a7,2.0,,,,,,,,,,,,,,,,,,,,,,,,Military PT 1,,,,,,,,,"(0.0, 1.2, 0.7)",,,"(-19.8, 0.0, 9.0)",
PLAYER_POSITIONS,651315,6/27/2026 12:04:30 PM,068492a8-9bbc-456b-87fb-dc52c0aec9a7,2.0,,,,,,,,,,,,,,,,,,,,,,,,,,,,,,,,,,,"(-19.7, 0.5, 9.6)","(-19.8, 1.2, 9.7)","(-20.0, 0.6, 9.4)",
PLAYER_GAZE,651315,6/27/2026 12:04:30 PM,068492a8-9bbc-456b-87fb-dc52c0aec9a7,2.0,,,,,,,,,,,,,,,,,,,,,,,,Military PT 1,,,,,,,,,"(0.0, 1.2, 0.7)",,,"(-19.8, 0.0, 9.0)",
PLAYER_POSITIONS,651827,6/27/2026 12:04:31 PM,068492a8-9bbc-456b-87fb-dc52c0aec9a7,2.0,,,,,,,,,,,,,,,,,,,,,,,,,,,,,,,,,,,"(-19.8, 0.6, 9.6)","(-19.9, 1.2, 9.7)","(-19.7, 0.7, 9.4)",
PLAYER_POSITIONS,651827,6/27/2026 12:04:31 PM,068492a8-9bbc-456b-87fb-dc52c0aec9a7,2.0,,,,,,,,,,,,,,,,,,,,,,,,,,,,,,,,,,,"(-19.8, 0.6, 9.6)","(-19.9, 1.2, 9.7)","(-19.7, 0.7, 9.4)",
PLAYER_POSITIONS,652344,6/27/2026 12:04:31 PM,068492a8-9bbc-456b-87fb-dc52c0aec9a7,2.0,,,,,,,,,,,,,,,,,,,,,,,,,,,,,,,,,,,"(-19.8, 0.6, 9.7)","(-19.8, 1.2, 9.7)","(-19.5, 0.7, 9.5)",
PLAYER_POSITIONS,652344,6/27/2026 12:04:31 PM,068492a8-9bbc-456b-87fb-dc52c0aec9a7,2.0,,,,,,,,,,,,,,,,,,,,,,,,,,,,,,,,,,,"(-19.8, 0.6, 9.7)","(-19.8, 1.2, 9.7)","(-19.5, 0.7, 9.5)",
VOICE_CAPTURE,652807,6/27/2026 12:04:32 PM,068492a8-9bbc-456b-87fb-dc52c0aec9a7,2.0,,,,,,,,,,,,,,,,,,,,,,,,,,,,,,,,,,,,,,,,,,,,,,,,,,,NA,We'll take.,
PLAYER_POSITIONS,652862,6/27/2026 12:04:32 PM,068492a8-9bbc-456b-87fb-dc52c0aec9a7,2.0,,,,,,,,,,,,,,,,,,,,,,,,,,,,,,,,,,,"(-19.8, 0.6, 9.7)","(-19.8, 1.2, 9.6)","(-19.8, 0.6, 9.0)",
PLAYER_POSITIONS,652862,6/27/2026 12:04:32 PM,068492a8-9bbc-456b-87fb-dc52c0aec9a7,2.0,,,,,,,,,,,,,,,,,,,,,,,,,,,,,,,,,,,"(-19.8, 0.6, 9.7)","(-19.8, 1.2, 9.6)","(-19.8, 0.6, 9.0)",
VOICE_CAPTURE,653317,6/27/2026 12:04:32 PM,068492a8-9bbc-456b-87fb-dc52c0aec9a7,2.0,,,,,,,,,,,,,,,,,,,,,,,,,,,,,,,,,,,,,,,,,,,,,,,,,,,NA,I'll take these.,
PLAYER_POSITIONS,653372,6/27/2026 12:04:32 PM,068492a8-9bbc-456b-87fb-dc52c0aec9a7,2.0,,,,,,,,,,,,,,,,,,,,,,,,,,,,,,,,,,,"(-19.7, 0.6, 9.6)","(-19.8, 1.2, 9.6)","(-19.9, 0.7, 9.0)",
PLAYER_POSITIONS,653372,6/27/2026 12:04:32 PM,068492a8-9bbc-456b-87fb-dc52c0aec9a7,2.0,,,,,,,,,,,,,,,,,,,,,,,,,,,,,,,,,,,"(-19.7, 0.6, 9.6)","(-19.8, 1.2, 9.6)","(-19.9, 0.7, 9.0)",
VOICE_CAPTURE,653804,6/27/2026 12:04:33 PM,068492a8-9bbc-456b-87fb-dc52c0aec9a7,2.0,,,,,,,,,,,,,,,,,,,,,,,,,,,,,,,,,,,,,,,,,,,,,,,,,,,NA,We'll take these three.,
PLAYER_POSITIONS,653885,6/27/2026 12:04:33 PM,068492a8-9bbc-456b-87fb-dc52c0aec9a7,2.0,,,,,,,,,,,,,,,,,,,,,,,,,,,,,,,,,,,"(-19.3, 0.6, 9.3)","(-19.3, 1.2, 9.3)","(-19.2, 0.7, 8.8)",
PLAYER_POSITIONS,653885,6/27/2026 12:04:33 PM,068492a8-9bbc-456b-87fb-dc52c0aec9a7,2.0,,,,,,,,,,,,,,,,,,,,,,,,,,,,,,,,,,,"(-19.3, 0.6, 9.3)","(-19.3, 1.2, 9.3)","(-19.2, 0.7, 8.8)",
PLAYER_POSITIONS,654403,6/27/2026 12:04:33 PM,068492a8-9bbc-456b-87fb-dc52c0aec9a7,2.0,,,,,,,,,,,,,,,,,,,,,,,,,,,,,,,,,,,"(-18.6, 0.6, 8.9)","(-18.7, 1.2, 8.8)","(-18.7, 0.6, 8.3)",
PLAYER_POSITIONS,654403,6/27/2026 12:04:33 PM,068492a8-9bbc-456b-87fb-dc52c0aec9a7,2.0,,,,,,,,,,,,,,,,,,,,,,,,,,,,,,,,,,,"(-18.6, 0.6, 8.9)","(-18.7, 1.2, 8.8)","(-18.7, 0.6, 8.3)",
VOICE_CAPTURE,654403,6/27/2026 12:04:33 PM,068492a8-9bbc-456b-87fb-dc52c0aec9a7,2.0,,,,,,,,,,,,,,,,,,,,,,,,,,,,,,,,,,,,,,,,,,,,,,,,,,,NA,I'll take these three.,
VOICE_CAPTURE,654825,6/27/2026 12:04:34 PM,068492a8-9bbc-456b-87fb-dc52c0aec9a7,2.0,,,,,,,,,,,,,,,,,,,,,,,,,,,,,,,,,,,,,,,,,,,,,,,,,,,NA,I'll take these three.,
VOICE_CAPTURE,654825,6/27/2026 12:04:34 PM,068492a8-9bbc-456b-87fb-dc52c0aec9a7,2.0,,,,,,,,,,,,,,,,,,,,,,,,,,,,,,,,,,,,,,,,,,,,,,,,,,,NA,I'll take these three.,
PLAYER_POSITIONS,654913,6/27/2026 12:04:34 PM,068492a8-9bbc-456b-87fb-dc52c0aec9a7,2.0,,,,,,,,,,,,,,,,,,,,,,,,,,,,,,,,,,,"(-18.5, 0.6, 8.7)","(-18.7, 1.2, 8.6)","(-18.9, 0.6, 8.2)",
PLAYER_POSITIONS,654913,6/27/2026 12:04:34 PM,068492a8-9bbc-456b-87fb-dc52c0aec9a7,2.0,,,,,,,,,,,,,,,,,,,,,,,,,,,,,,,,,,,"(-18.5, 0.6, 8.7)","(-18.7, 1.2, 8.6)","(-18.9, 0.6, 8.2)",
VOICE_CAPTURE,655389,6/27/2026 12:04:34 PM,068492a8-9bbc-456b-87fb-dc52c0aec9a7,2.0,,,,,,,,,,,,,,,,,,,,,,,,,,,,,,,,,,,,,,,,,,,,,,,,,,,NA,"3. Um, leave the.",
PLAYER_POSITIONS,655434,6/27/2026 12:04:34 PM,068492a8-9bbc-456b-87fb-dc52c0aec9a7,2.0,,,,,,,,,,,,,,,,,,,,,,,,,,,,,,,,,,,"(-18.5, 0.6, 8.6)","(-18.7, 1.2, 8.6)","(-18.9, 0.7, 8.3)",
PLAYER_POSITIONS,655434,6/27/2026 12:04:34 PM,068492a8-9bbc-456b-87fb-dc52c0aec9a7,2.0,,,,,,,,,,,,,,,,,,,,,,,,,,,,,,,,,,,"(-18.5, 0.6, 8.6)","(-18.7, 1.2, 8.6)","(-18.9, 0.7, 8.3)",
PLAYER_POSITIONS,655945,6/27/2026 12:04:35 PM,068492a8-9bbc-456b-87fb-dc52c0aec9a7,2.0,,,,,,,,,,,,,,,,,,,,,,,,,,,,,,,,,,,"(-18.6, 0.6, 8.6)","(-18.7, 1.2, 8.6)","(-19.0, 0.8, 8.3)",
PLAYER_POSITIONS,655945,6/27/2026 12:04:35 PM,068492a8-9bbc-456b-87fb-dc52c0aec9a7,2.0,,,,,,,,,,,,,,,,,,,,,,,,,,,,,,,,,,,"(-18.6, 0.6, 8.6)","(-18.7, 1.2, 8.6)","(-19.0, 0.8, 8.3)",
VOICE_CAPTURE,655946,6/27/2026 12:04:35 PM,068492a8-9bbc-456b-87fb-dc52c0aec9a7,2.0,,,,,,,,,,,,,,,,,,,,,,,,,,,,,,,,,,,,,,,,,,,,,,,,,,,NA,"3. Um, leave the...",
ANSWER_SELECTED,655971,6/27/2026 12:04:35 PM,068492a8-9bbc-456b-87fb-dc52c0aec9a7,2.0,,,Civ Child Boy,,,,Civilian PT 3,1,
VOICE_CAPTURE,656434,6/27/2026 12:04:35 PM,068492a8-9bbc-456b-87fb-dc52c0aec9a7,2.0,,,,,,,,,,,,,,,,,,,,,,,,,,,,,,,,,,,,,,,,,,,,,,,,,,,NA,"3. Um, leave the.",
PLAYER_POSITIONS,656456,6/27/2026 12:04:35 PM,068492a8-9bbc-456b-87fb-dc52c0aec9a7,2.0,,,,,,,,,,,,,,,,,,,,,,,,,,,,,,,,,,,"(-18.5, 0.6, 8.6)","(-18.7, 1.2, 8.5)","(-18.8, 0.8, 8.2)",
PLAYER_POSITIONS,656456,6/27/2026 12:04:35 PM,068492a8-9bbc-456b-87fb-dc52c0aec9a7,2.0,,,,,,,,,,,,,,,,,,,,,,,,,,,,,,,,,,,"(-18.5, 0.6, 8.6)","(-18.7, 1.2, 8.5)","(-18.8, 0.8, 8.2)",
VOICE_CAPTURE,656830,6/27/2026 12:04:36 PM,068492a8-9bbc-456b-87fb-dc52c0aec9a7,2.0,,,,,,,,,,,,,,,,,,,,,,,,,,,,,,,,,,,,,,,,,,,,,,,,,,,NA,3. Leave the burn.,
PLAYER_POSITIONS,656966,6/27/2026 12:04:36 PM,068492a8-9bbc-456b-87fb-dc52c0aec9a7,2.0,,,,,,,,,,,,,,,,,,,,,,,,,,,,,,,,,,,"(-18.5, 0.6, 8.3)","(-18.6, 1.2, 8.3)","(-18.5, 0.6, 8.0)",
PLAYER_POSITIONS,656966,6/27/2026 12:04:36 PM,068492a8-9bbc-456b-87fb-dc52c0aec9a7,2.0,,,,,,,,,,,,,,,,,,,,,,,,,,,,,,,,,,,"(-18.5, 0.6, 8.3)","(-18.6, 1.2, 8.3)","(-18.5, 0.6, 8.0)",
VOICE_CAPTURE,657344,6/27/2026 12:04:36 PM,068492a8-9bbc-456b-87fb-dc52c0aec9a7,2.0,,,,,,,,,,,,,,,,,,,,,,,,,,,,,,,,,,,,,,,,,,,,,,,,,,,NA,3. Leave the burn.,
VOICE_CAPTURE,657344,6/27/2026 12:04:36 PM,068492a8-9bbc-456b-87fb-dc52c0aec9a7,2.0,,,,,,,,,,,,,,,,,,,,,,,,,,,,,,,,,,,,,,,,,,,,,,,,,,,NA,3. Leave the burn.,
PLAYER_POSITIONS,657469,6/27/2026 12:04:36 PM,068492a8-9bbc-456b-87fb-dc52c0aec9a7,2.0,,,,,,,,,,,,,,,,,,,,,,,,,,,,,,,,,,,"(-18.4, 0.6, 8.2)","(-18.5, 1.2, 8.2)","(-18.5, 0.7, 7.9)",
PLAYER_POSITIONS,657469,6/27/2026 12:04:36 PM,068492a8-9bbc-456b-87fb-dc52c0aec9a7,2.0,,,,,,,,,,,,,,,,,,,,,,,,,,,,,,,,,,,"(-18.4, 0.6, 8.2)","(-18.5, 1.2, 8.2)","(-18.5, 0.7, 7.9)",
PATIENT_DISENGAGED,657670,6/27/2026 12:04:37 PM,068492a8-9bbc-456b-87fb-dc52c0aec9a7,2.0,,,,9.82,,,,,,,,,,,,,,,,fast,100,Infinity,normal,Military PT 4,upset,supine,"(-19.5, 0.0, 9.9)",faint,"(0.0, -0.5, 0.0, 0.9)",normal,IMMEDIATE,still,,,,,,,,,,,,,,,,,32.49,
BAG_CLOSED,657785,6/27/2026 12:04:37 PM,068492a8-9bbc-456b-87fb-dc52c0aec9a7,2.0,,,,,,,,,,,,,,,,,,,,,,,,,,,,,,,,,,,,"(0.0, 0.0, 0.0)",
VOICE_CAPTURE,657822,6/27/2026 12:04:37 PM,068492a8-9bbc-456b-87fb-dc52c0aec9a7,2.0,,,,,,,,,,,,,,,,,,,,,,,,,,,,,,,,,,,,,,,,,,,,,,,,,,,NA,Bye.,
PLAYER_POSITIONS,657990,6/27/2026 12:04:37 PM,068492a8-9bbc-456b-87fb-dc52c0aec9a7,2.0,,,,,,,,,,,,,,,,,,,,,,,,,,,,,,,,,,,"(-17.9, 0.6, 7.6)","(-17.9, 1.3, 7.6)","(-17.9, 0.7, 7.3)",
PLAYER_POSITIONS,657990,6/27/2026 12:04:37 PM,068492a8-9bbc-456b-87fb-dc52c0aec9a7,2.0,,,,,,,,,,,,,,,,,,,,,,,,,,,,,,,,,,,"(-17.9, 0.6, 7.6)","(-17.9, 1.3, 7.6)","(-17.9, 0.7, 7.3)",
VOICE_CAPTURE,658354,6/27/2026 12:04:37 PM,068492a8-9bbc-456b-87fb-dc52c0aec9a7,2.0,,,,,,,,,,,,,,,,,,,,,,,,,,,,,,,,,,,,,,,,,,,,,,,,,,,NA,Bye.,
PLAYER_POSITIONS,658494,6/27/2026 12:04:37 PM,068492a8-9bbc-456b-87fb-dc52c0aec9a7,2.0,,,,,,,,,,,,,,,,,,,,,,,,,,,,,,,,,,,"(-17.5, 0.6, 6.8)","(-17.6, 1.3, 6.8)","(-17.5, 0.7, 6.5)",
PLAYER_POSITIONS,658494,6/27/2026 12:04:37 PM,068492a8-9bbc-456b-87fb-dc52c0aec9a7,2.0,,,,,,,,,,,,,,,,,,,,,,,,,,,,,,,,,,,"(-17.5, 0.6, 6.8)","(-17.6, 1.3, 6.8)","(-17.5, 0.7, 6.5)",
VOICE_CAPTURE,658878,6/27/2026 12:04:38 PM,068492a8-9bbc-456b-87fb-dc52c0aec9a7,2.0,,,,,,,,,,,,,,,,,,,,,,,,,,,,,,,,,,,,,,,,,,,,,,,,,,,NA,Bye.,
TELEPORT,658977,6/27/2026 12:04:38 PM,068492a8-9bbc-456b-87fb-dc52c0aec9a7,2.0,,,,,,,,,,,,,,,,,,,,,,,,,,,,,,,,,,,,"(-17.4, 1.3, 6.5)",,,,,,,"(-13.1, 1.1, 1.6)",
PLAYER_POSITIONS,659024,6/27/2026 12:04:38 PM,068492a8-9bbc-456b-87fb-dc52c0aec9a7,2.0,,,,,,,,,,,,,,,,,,,,,,,,,,,,,,,,,,,"(-13.0, 0.5, 1.6)","(-13.0, 1.1, 1.6)","(-13.0, 0.5, 1.3)",
PLAYER_POSITIONS,659024,6/27/2026 12:04:38 PM,068492a8-9bbc-456b-87fb-dc52c0aec9a7,2.0,,,,,,,,,,,,,,,,,,,,,,,,,,,,,,,,,,,"(-13.0, 0.5, 1.6)","(-13.0, 1.1, 1.6)","(-13.0, 0.5, 1.3)",
VOICE_CAPTURE,659354,6/27/2026 12:04:38 PM,068492a8-9bbc-456b-87fb-dc52c0aec9a7,2.0,,,,,,,,,,,,,,,,,,,,,,,,,,,,,,,,,,,,,,,,,,,,,,,,,,,NA,Bye.,
PLAYER_POSITIONS,659508,6/27/2026 12:04:38 PM,068492a8-9bbc-456b-87fb-dc52c0aec9a7,2.0,,,,,,,,,,,,,,,,,,,,,,,,,,,,,,,,,,,"(-12.3, 1.7, -0.1)","(-12.8, 1.1, 0.7)","(-12.3, 1.7, -0.5)",
PLAYER_POSITIONS,659508,6/27/2026 12:04:38 PM,068492a8-9bbc-456b-87fb-dc52c0aec9a7,2.0,,,,,,,,,,,,,,,,,,,,,,,,,,,,,,,,,,,"(-12.3, 1.7, -0.1)","(-12.8, 1.1, 0.7)","(-12.3, 1.7, -0.5)",
TELEPORT,659750,6/27/2026 12:04:39 PM,068492a8-9bbc-456b-87fb-dc52c0aec9a7,2.0,,,,,,,,,,,,,,,,,,,,,,,,,,,,,,,,,,,,"(-12.8, 1.1, 0.8)",,,,,,,"(-11.9, 1.1, -2.5)",
ANSWER_SELECTED,659830,6/27/2026 12:04:39 PM,068492a8-9bbc-456b-87fb-dc52c0aec9a7,2.0,,,"Mil, Single Chest Collapse",,,,Military PT 1,1,
VOICE_CAPTURE,659864,6/27/2026 12:04:39 PM,068492a8-9bbc-456b-87fb-dc52c0aec9a7,2.0,,,,,,,,,,,,,,,,,,,,,,,,,,,,,,,,,,,,,,,,,,,,,,,,,,,NA,Bye.,
PATIENT_ENGAGED,659946,6/27/2026 12:04:39 PM,068492a8-9bbc-456b-87fb-dc52c0aec9a7,2.0,,,,0,,,,,,,,,,,,,,,,normal,100,Infinity,normal,Military PT 12,upset,supine,"(-12.7, -0.1, -4.2)",normal,"(0.0, 0.0, 0.0, 1.0)",normal,DELAYED,still,,,,,,,,,,,,,,,,,13.54,
PLAYER_POSITIONS,660016,6/27/2026 12:04:39 PM,068492a8-9bbc-456b-87fb-dc52c0aec9a7,2.0,,,,,,,,,,,,,,,,,,,,,,,,,,,,,,,,,,,"(-11.9, 0.5, -2.8)","(-12.1, 1.1, -2.8)","(-12.0, 0.5, -3.1)",
PLAYER_POSITIONS,660016,6/27/2026 12:04:39 PM,068492a8-9bbc-456b-87fb-dc52c0aec9a7,2.0,,,,,,,,,,,,,,,,,,,,,,,,,,,,,,,,,,,"(-11.9, 0.5, -2.8)","(-12.1, 1.1, -2.8)","(-12.0, 0.5, -3.1)",
VOICE_CAPTURE,660306,6/27/2026 12:04:39 PM,068492a8-9bbc-456b-87fb-dc52c0aec9a7,2.0,,,,,,,,,,,,,,,,,,,,,,,,,,,,,,,,,,,,,,,,,,,,,,,,,,,NA,Bye.,
PLAYER_POSITIONS,660529,6/27/2026 12:04:39 PM,068492a8-9bbc-456b-87fb-dc52c0aec9a7,2.0,,,,,,,,,,,,,,,,,,,,,,,,,,,,,,,,,,,"(-12.2, 0.5, -2.6)","(-12.2, 1.0, -2.6)","(-12.1, 0.4, -2.7)",
PLAYER_POSITIONS,660529,6/27/2026 12:04:39 PM,068492a8-9bbc-456b-87fb-dc52c0aec9a7,2.0,,,,,,,,,,,,,,,,,,,,,,,,,,,,,,,,,,,"(-12.2, 0.5, -2.6)","(-12.2, 1.0, -2.6)","(-12.1, 0.4, -2.7)",
PATIENT_DISENGAGED,660736,6/27/2026 12:04:40 PM,068492a8-9bbc-456b-87fb-dc52c0aec9a7,2.0,,,,0.78,,,,,,,,,,,,,,,,normal,100,Infinity,normal,Military PT 12,upset,supine,"(-12.7, -0.1, -4.2)",normal,"(0.0, 0.0, 0.0, 1.0)",normal,DELAYED,still,,,,,,,,,,,,,,,,,14.31,
PATIENT_ENGAGED,660736,6/27/2026 12:04:40 PM,068492a8-9bbc-456b-87fb-dc52c0aec9a7,2.0,,,,0,,,,,,,,,,,,,,,,normal,100,Infinity,normal,Military PT 9,unresponsive,supine,"(-12.7, -0.1, -1.8)",faint,"(0.0, -0.7, 0.0, 0.7)",normal,EXPECTANT,still,,,,,,,,,,,,,,,,,27.5,
VOICE_CAPTURE,660826,6/27/2026 12:04:40 PM,068492a8-9bbc-456b-87fb-dc52c0aec9a7,2.0,,,,,,,,,,,,,,,,,,,,,,,,,,,,,,,,,,,,,,,,,,,,,,,,,,,NA,Bye.,
PLAYER_POSITIONS,661050,6/27/2026 12:04:40 PM,068492a8-9bbc-456b-87fb-dc52c0aec9a7,2.0,,,,,,,,,,,,,,,,,,,,,,,,,,,,,,,,,,,"(-12.4, 0.5, -2.8)","(-12.3, 1.0, -2.8)","(-12.3, 0.3, -2.9)",
PLAYER_POSITIONS,661050,6/27/2026 12:04:40 PM,068492a8-9bbc-456b-87fb-dc52c0aec9a7,2.0,,,,,,,,,,,,,,,,,,,,,,,,,,,,,,,,,,,"(-12.4, 0.5, -2.8)","(-12.3, 1.0, -2.8)","(-12.3, 0.3, -2.9)",
VOICE_CAPTURE,661308,6/27/2026 12:04:40 PM,068492a8-9bbc-456b-87fb-dc52c0aec9a7,2.0,,,,,,,,,,,,,,,,,,,,,,,,,,,,,,,,,,,,,,,,,,,,,,,,,,,NA,Bye.,
PLAYER_POSITIONS,661563,6/27/2026 12:04:40 PM,068492a8-9bbc-456b-87fb-dc52c0aec9a7,2.0,,,,,,,,,,,,,,,,,,,,,,,,,,,,,,,,,,,"(-12.6, 0.5, -2.8)","(-12.6, 1.0, -2.8)","(-12.4, 0.4, -2.8)",
PLAYER_POSITIONS,661563,6/27/2026 12:04:40 PM,068492a8-9bbc-456b-87fb-dc52c0aec9a7,2.0,,,,,,,,,,,,,,,,,,,,,,,,,,,,,,,,,,,"(-12.6, 0.5, -2.8)","(-12.6, 1.0, -2.8)","(-12.4, 0.4, -2.8)",
VOICE_CAPTURE,661818,6/27/2026 12:04:41 PM,068492a8-9bbc-456b-87fb-dc52c0aec9a7,2.0,,,,,,,,,,,,,,,,,,,,,,,,,,,,,,,,,,,,,,,,,,,,,,,,,,,NA,Bye.,
PLAYER_POSITIONS,662065,6/27/2026 12:04:41 PM,068492a8-9bbc-456b-87fb-dc52c0aec9a7,2.0,,,,,,,,,,,,,,,,,,,,,,,,,,,,,,,,,,,"(-12.6, 0.5, -2.7)","(-12.6, 1.0, -2.7)","(-12.4, 0.4, -2.7)",
PLAYER_POSITIONS,662065,6/27/2026 12:04:41 PM,068492a8-9bbc-456b-87fb-dc52c0aec9a7,2.0,,,,,,,,,,,,,,,,,,,,,,,,,,,,,,,,,,,"(-12.6, 0.5, -2.7)","(-12.6, 1.0, -2.7)","(-12.4, 0.4, -2.7)",
VOICE_CAPTURE,662310,6/27/2026 12:04:41 PM,068492a8-9bbc-456b-87fb-dc52c0aec9a7,2.0,,,,,,,,,,,,,,,,,,,,,,,,,,,,,,,,,,,,,,,,,,,,,,,,,,,NA,Bye.,
PLAYER_POSITIONS,662576,6/27/2026 12:04:41 PM,068492a8-9bbc-456b-87fb-dc52c0aec9a7,2.0,,,,,,,,,,,,,,,,,,,,,,,,,,,,,,,,,,,"(-12.3, 0.4, -2.5)","(-12.2, 1.0, -2.5)","(-12.2, 0.3, -2.6)",
PLAYER_POSITIONS,662576,6/27/2026 12:04:41 PM,068492a8-9bbc-456b-87fb-dc52c0aec9a7,2.0,,,,,,,,,,,,,,,,,,,,,,,,,,,,,,,,,,,"(-12.3, 0.4, -2.5)","(-12.2, 1.0, -2.5)","(-12.2, 0.3, -2.6)",
VOICE_CAPTURE,662832,6/27/2026 12:04:42 PM,068492a8-9bbc-456b-87fb-dc52c0aec9a7,2.0,,,,,,,,,,,,,,,,,,,,,,,,,,,,,,,,,,,,,,,,,,,,,,,,,,,NA,Bye.,
DRAG_START,662890,6/27/2026 12:04:42 PM,068492a8-9bbc-456b-87fb-dc52c0aec9a7,2.0,,,,,"(-12.7, 0.0, -1.8)",,,,,,,,,,,,,,,,,,,Military PT 9,
PLAYER_POSITIONS,663086,6/27/2026 12:04:42 PM,068492a8-9bbc-456b-87fb-dc52c0aec9a7,2.0,,,,,,,,,,,,,,,,,,,,,,,,,,,,,,,,,,,"(-12.4, 0.3, -2.3)","(-12.2, 0.9, -2.5)","(-12.2, 0.2, -2.4)",
PLAYER_POSITIONS,663086,6/27/2026 12:04:42 PM,068492a8-9bbc-456b-87fb-dc52c0aec9a7,2.0,,,,,,,,,,,,,,,,,,,,,,,,,,,,,,,,,,,"(-12.4, 0.3, -2.3)","(-12.2, 0.9, -2.5)","(-12.2, 0.2, -2.4)",
VOICE_CAPTURE,663320,6/27/2026 12:04:42 PM,068492a8-9bbc-456b-87fb-dc52c0aec9a7,2.0,,,,,,,,,,,,,,,,,,,,,,,,,,,,,,,,,,,,,,,,,,,,,,,,,,,NA,Bye.,
PLAYER_POSITIONS,663587,6/27/2026 12:04:42 PM,068492a8-9bbc-456b-87fb-dc52c0aec9a7,2.0,,,,,,,,,,,,,,,,,,,,,,,,,,,,,,,,,,,"(-12.4, 0.3, -2.3)","(-12.4, 1.1, -2.4)","(-12.3, 0.4, -2.2)",
PLAYER_POSITIONS,663587,6/27/2026 12:04:42 PM,068492a8-9bbc-456b-87fb-dc52c0aec9a7,2.0,,,,,,,,,,,,,,,,,,,,,,,,,,,,,,,,,,,"(-12.4, 0.3, -2.3)","(-12.4, 1.1, -2.4)","(-12.3, 0.4, -2.2)",
VOICE_CAPTURE,663819,6/27/2026 12:04:43 PM,068492a8-9bbc-456b-87fb-dc52c0aec9a7,2.0,,,,,,,,,,,,,,,,,,,,,,,,,,,,,,,,,,,,,,,,,,,,,,,,,,,NA,Bye.,
PATIENT_DISENGAGED,663996,6/27/2026 12:04:43 PM,068492a8-9bbc-456b-87fb-dc52c0aec9a7,2.0,,,,3.27,,,,,,,,,,,,,,,,normal,100,Infinity,normal,Military PT 9,unresponsive,supine,"(-12.8, -0.1, -2.7)",faint,"(0.0, 0.9, 0.0, -0.4)",normal,EXPECTANT,still,,,,,,,,,,,,,,,,,30.77,
DRAG_STOP,664001,6/27/2026 12:04:43 PM,068492a8-9bbc-456b-87fb-dc52c0aec9a7,2.0,,,,,"(0.0, 0.0, 0.0)","(0.0, 0.0, 0.0)",,,,,,,,,,,,,,,,,,Military PT 9,
PLAYER_POSITIONS,664089,6/27/2026 12:04:43 PM,068492a8-9bbc-456b-87fb-dc52c0aec9a7,2.0,,,,,,,,,,,,,,,,,,,,,,,,,,,,,,,,,,,"(-15.1, 0.5, 3.7)","(-15.0, 1.3, 3.7)","(-15.0, 0.7, 3.8)",
PLAYER_GAZE,664089,6/27/2026 12:04:43 PM,068492a8-9bbc-456b-87fb-dc52c0aec9a7,2.0,,,,,,,,,,,,,,,,,,,,,,,,Military PT 13,,,,,,,,,"(0.2, 1.3, -1.3)",,,"(-15.2, 0.0, 5.0)",
PLAYER_POSITIONS,664089,6/27/2026 12:04:43 PM,068492a8-9bbc-456b-87fb-dc52c0aec9a7,2.0,,,,,,,,,,,,,,,,,,,,,,,,,,,,,,,,,,,"(-15.1, 0.5, 3.7)","(-15.0, 1.3, 3.7)","(-15.0, 0.7, 3.8)",
PLAYER_GAZE,664089,6/27/2026 12:04:43 PM,068492a8-9bbc-456b-87fb-dc52c0aec9a7,2.0,,,,,,,,,,,,,,,,,,,,,,,,Military PT 13,,,,,,,,,"(0.2, 1.3, -1.3)",,,"(-15.2, 0.0, 5.0)",
DRAG_STOP,664112,6/27/2026 12:04:43 PM,068492a8-9bbc-456b-87fb-dc52c0aec9a7,2.0,,,,,"(0.0, 0.0, 0.0)","(0.0, 0.0, 0.0)",,,,,,,,,,,,,,,,,,Military PT 9,
TELEPORT,664232,6/27/2026 12:04:43 PM,068492a8-9bbc-456b-87fb-dc52c0aec9a7,2.0,,,,,,,,,,,,,,,,,,,,,,,,,,,,,,,,,,,,"(-12.4, 1.1, -2.4)",,,,,,,"(-15.0, 1.2, 3.7)",
VOICE_CAPTURE,664309,6/27/2026 12:04:43 PM,068492a8-9bbc-456b-87fb-dc52c0aec9a7,2.0,,,,,,,,,,,,,,,,,,,,,,,,,,,,,,,,,,,,,,,,,,,,,,,,,,,NA,Bye.,
PLAYER_POSITIONS,664597,6/27/2026 12:04:43 PM,068492a8-9bbc-456b-87fb-dc52c0aec9a7,2.0,,,,,,,,,,,,,,,,,,,,,,,,,,,,,,,,,,,"(-15.2, 0.4, 3.7)","(-15.1, 1.2, 3.7)","(-15.2, 0.6, 3.8)",
PLAYER_POSITIONS,664597,6/27/2026 12:04:43 PM,068492a8-9bbc-456b-87fb-dc52c0aec9a7,2.0,,,,,,,,,,,,,,,,,,,,,,,,,,,,,,,,,,,"(-15.2, 0.4, 3.7)","(-15.1, 1.2, 3.7)","(-15.2, 0.6, 3.8)",
DRAG_STOP,664688,6/27/2026 12:04:44 PM,068492a8-9bbc-456b-87fb-dc52c0aec9a7,2.0,,,,,"(0.0, 0.0, 0.0)","(0.0, 0.0, 0.0)",,,,,,,,,,,,,,,,,,Military PT 9,
VOICE_CAPTURE,664807,6/27/2026 12:04:44 PM,068492a8-9bbc-456b-87fb-dc52c0aec9a7,2.0,,,,,,,,,,,,,,,,,,,,,,,,,,,,,,,,,,,,,,,,,,,,,,,,,,,NA,Bye.,
TELEPORT,664897,6/27/2026 12:04:44 PM,068492a8-9bbc-456b-87fb-dc52c0aec9a7,2.0,,,,,,,,,,,,,,,,,,,,,,,,,,,,,,,,,,,,"(-15.1, 1.2, 3.7)",,,,,,,"(-17.7, 1.2, 6.6)",
PLAYER_POSITIONS,665118,6/27/2026 12:04:44 PM,068492a8-9bbc-456b-87fb-dc52c0aec9a7,2.0,,,,,,,,,,,,,,,,,,,,,,,,,,,,,,,,,,,"(-17.8, 0.4, 6.7)","(-17.8, 1.2, 6.7)","(-17.8, 0.6, 6.9)",
PLAYER_POSITIONS,665118,6/27/2026 12:04:44 PM,068492a8-9bbc-456b-87fb-dc52c0aec9a7,2.0,,,,,,,,,,,,,,,,,,,,,,,,,,,,,,,,,,,"(-17.8, 0.4, 6.7)","(-17.8, 1.2, 6.7)","(-17.8, 0.6, 6.9)",
VOICE_CAPTURE,665365,6/27/2026 12:04:44 PM,068492a8-9bbc-456b-87fb-dc52c0aec9a7,2.0,,,,,,,,,,,,,,,,,,,,,,,,,,,,,,,,,,,,,,,,,,,,,,,,,,,NA,"Bye. Uh, we're...",
PLAYER_POSITIONS,665633,6/27/2026 12:04:45 PM,068492a8-9bbc-456b-87fb-dc52c0aec9a7,2.0,,,,,,,,,,,,,,,,,,,,,,,,,,,,,,,,,,,"(-17.9, 0.4, 7.5)","(-17.9, 1.2, 7.4)","(-17.9, 0.6, 7.6)",
PLAYER_POSITIONS,665633,6/27/2026 12:04:45 PM,068492a8-9bbc-456b-87fb-dc52c0aec9a7,2.0,,,,,,,,,,,,,,,,,,,,,,,,,,,,,,,,,,,"(-17.9, 0.4, 7.5)","(-17.9, 1.2, 7.4)","(-17.9, 0.6, 7.6)",
VOICE_CAPTURE,665823,6/27/2026 12:04:45 PM,068492a8-9bbc-456b-87fb-dc52c0aec9a7,2.0,,,,,,,,,,,,,,,,,,,,,,,,,,,,,,,,,,,,,,,,,,,,,,,,,,,NA,"Bye. Uh, what?",
PATIENT_ENGAGED,666086,6/27/2026 12:04:45 PM,068492a8-9bbc-456b-87fb-dc52c0aec9a7,2.0,,,,0,,,,,,,,,,,,,,,,fast,100,Infinity,normal,Military PT 4,upset,supine,"(-19.5, 0.0, 9.9)",faint,"(0.0, -0.5, 0.0, 0.9)",normal,IMMEDIATE,still,,,,,,,,,,,,,,,,,32.49,
PLAYER_POSITIONS,666134,6/27/2026 12:04:45 PM,068492a8-9bbc-456b-87fb-dc52c0aec9a7,2.0,,,,,,,,,,,,,,,,,,,,,,,,,,,,,,,,,,,"(-18.6, 0.4, 8.0)","(-18.5, 1.2, 8.0)","(-18.5, 0.6, 8.1)",
PLAYER_GAZE,666134,6/27/2026 12:04:45 PM,068492a8-9bbc-456b-87fb-dc52c0aec9a7,2.0,,,,,,,,,,,,,,,,,,,,,,,,Military PT 4,,,,,,,,,"(1.0, 1.2, -1.6)",,,"(-19.5, 0.0, 9.6)",
PLAYER_POSITIONS,666134,6/27/2026 12:04:45 PM,068492a8-9bbc-456b-87fb-dc52c0aec9a7,2.0,,,,,,,,,,,,,,,,,,,,,,,,,,,,,,,,,,,"(-18.6, 0.4, 8.0)","(-18.5, 1.2, 8.0)","(-18.5, 0.6, 8.1)",
PLAYER_GAZE,666134,6/27/2026 12:04:45 PM,068492a8-9bbc-456b-87fb-dc52c0aec9a7,2.0,,,,,,,,,,,,,,,,,,,,,,,,Military PT 4,,,,,,,,,"(1.0, 1.2, -1.6)",,,"(-19.5, 0.0, 9.6)",
VOICE_CAPTURE,666357,6/27/2026 12:04:45 PM,068492a8-9bbc-456b-87fb-dc52c0aec9a7,2.0,,,,,,,,,,,,,,,,,,,,,,,,,,,,,,,,,,,,,,,,,,,,,,,,,,,NA,"Bye. Uh, where?",
DRAG_STOP,666447,6/27/2026 12:04:45 PM,068492a8-9bbc-456b-87fb-dc52c0aec9a7,2.0,,,,,"(0.0, 0.0, 0.0)","(0.0, 0.0, 0.0)",,,,,,,,,,,,,,,,,,Military PT 9,
DRAG_STOP,666514,6/27/2026 12:04:45 PM,068492a8-9bbc-456b-87fb-dc52c0aec9a7,2.0,,,,,"(0.0, 0.0, 0.0)","(0.0, 0.0, 0.0)",,,,,,,,,,,,,,,,,,Military PT 2,
PATIENT_DISENGAGED,666620,6/27/2026 12:04:45 PM,068492a8-9bbc-456b-87fb-dc52c0aec9a7,2.0,,,,0.54,,,,,,,,,,,,,,,,fast,100,Infinity,normal,Military PT 4,upset,supine,"(-19.5, 0.0, 9.9)",faint,"(0.0, -0.5, 0.0, 0.9)",normal,IMMEDIATE,still,,,,,,,,,,,,,,,,,33.03,
PATIENT_ENGAGED,666643,6/27/2026 12:04:46 PM,068492a8-9bbc-456b-87fb-dc52c0aec9a7,2.0,,,,0,,,,,,,,,,,,,,,,fast,100,Infinity,normal,Military PT 4,upset,supine,"(-19.5, 0.0, 9.9)",faint,"(0.0, -0.5, 0.0, 0.9)",normal,IMMEDIATE,still,,,,,,,,,,,,,,,,,33.03,
PLAYER_POSITIONS,666647,6/27/2026 12:04:46 PM,068492a8-9bbc-456b-87fb-dc52c0aec9a7,2.0,,,,,,,,,,,,,,,,,,,,,,,,,,,,,,,,,,,"(-19.1, 0.4, 7.7)","(-19.0, 1.2, 7.6)","(-18.7, 0.5, 7.5)",
PLAYER_GAZE,666647,6/27/2026 12:04:46 PM,068492a8-9bbc-456b-87fb-dc52c0aec9a7,2.0,,,,,,,,,,,,,,,,,,,,,,,,Military PT 9,,,,,,,,,"(0.3, 1.2, -0.5)",,,"(-19.3, 0.0, 8.1)",
PLAYER_POSITIONS,666647,6/27/2026 12:04:46 PM,068492a8-9bbc-456b-87fb-dc52c0aec9a7,2.0,,,,,,,,,,,,,,,,,,,,,,,,,,,,,,,,,,,"(-19.1, 0.4, 7.7)","(-19.0, 1.2, 7.6)","(-18.7, 0.5, 7.5)",
PLAYER_GAZE,666647,6/27/2026 12:04:46 PM,068492a8-9bbc-456b-87fb-dc52c0aec9a7,2.0,,,,,,,,,,,,,,,,,,,,,,,,Military PT 9,,,,,,,,,"(0.3, 1.2, -0.5)",,,"(-19.3, 0.0, 8.1)",
PATIENT_DISENGAGED,666665,6/27/2026 12:04:46 PM,068492a8-9bbc-456b-87fb-dc52c0aec9a7,2.0,,,,0.02,,,,,,,,,,,,,,,,fast,100,Infinity,normal,Military PT 4,upset,supine,"(-19.5, 0.0, 9.9)",faint,"(0.0, -0.5, 0.0, 0.9)",normal,IMMEDIATE,still,,,,,,,,,,,,,,,,,33.05,
PATIENT_ENGAGED,666688,6/27/2026 12:04:46 PM,068492a8-9bbc-456b-87fb-dc52c0aec9a7,2.0,,,,0,,,,,,,,,,,,,,,,fast,100,Infinity,normal,Military PT 4,upset,supine,"(-19.5, 0.0, 9.9)",faint,"(0.0, -0.5, 0.0, 0.9)",normal,IMMEDIATE,still,,,,,,,,,,,,,,,,,33.05,
PATIENT_DISENGAGED,666710,6/27/2026 12:04:46 PM,068492a8-9bbc-456b-87fb-dc52c0aec9a7,2.0,,,,0.02,,,,,,,,,,,,,,,,fast,100,Infinity,normal,Military PT 4,upset,supine,"(-19.5, 0.0, 9.9)",faint,"(0.0, -0.5, 0.0, 0.9)",normal,IMMEDIATE,still,,,,,,,,,,,,,,,,,33.07,
PATIENT_ENGAGED,666745,6/27/2026 12:04:46 PM,068492a8-9bbc-456b-87fb-dc52c0aec9a7,2.0,,,,0,,,,,,,,,,,,,,,,fast,100,Infinity,normal,Military PT 4,upset,supine,"(-19.5, 0.0, 9.9)",faint,"(0.0, -0.5, 0.0, 0.9)",normal,IMMEDIATE,still,,,,,,,,,,,,,,,,,33.07,
PATIENT_DISENGAGED,666778,6/27/2026 12:04:46 PM,068492a8-9bbc-456b-87fb-dc52c0aec9a7,2.0,,,,0.03,,,,,,,,,,,,,,,,fast,100,Infinity,normal,Military PT 4,upset,supine,"(-19.5, 0.0, 9.9)",faint,"(0.0, -0.5, 0.0, 0.9)",normal,IMMEDIATE,still,,,,,,,,,,,,,,,,,33.11,
PATIENT_ENGAGED,666778,6/27/2026 12:04:46 PM,068492a8-9bbc-456b-87fb-dc52c0aec9a7,2.0,,,,0,,,,,,,,,,,,,,,,normal,100,Infinity,normal,Military PT 1,unresponsive,supine,"(-19.9, 0.0, 9.0)",faint,"(0.0, 0.0, 0.0, 1.0)",normal,IMMEDIATE,still,,,,,,,,,,,,,,,,,33.9,
PATIENT_DISENGAGED,666778,6/27/2026 12:04:46 PM,068492a8-9bbc-456b-87fb-dc52c0aec9a7,2.0,,,,0,,,,,,,,,,,,,,,,normal,100,Infinity,normal,Military PT 1,unresponsive,supine,"(-19.9, 0.0, 9.0)",faint,"(0.0, 0.0, 0.0, 1.0)",normal,IMMEDIATE,still,,,,,,,,,,,,,,,,,33.9,
PATIENT_ENGAGED,666811,6/27/2026 12:04:46 PM,068492a8-9bbc-456b-87fb-dc52c0aec9a7,2.0,,,,0,,,,,,,,,,,,,,,,normal,100,Infinity,normal,Military PT 1,unresponsive,supine,"(-19.9, 0.0, 9.0)",faint,"(0.0, 0.0, 0.0, 1.0)",normal,IMMEDIATE,still,,,,,,,,,,,,,,,,,33.9,
VOICE_CAPTURE,666893,6/27/2026 12:04:46 PM,068492a8-9bbc-456b-87fb-dc52c0aec9a7,2.0,,,,,,,,,,,,,,,,,,,,,,,,,,,,,,,,,,,,,,,,,,,,,,,,,,,NA,"Bye. Uh, or...",
PLAYER_POSITIONS,667157,6/27/2026 12:04:46 PM,068492a8-9bbc-456b-87fb-dc52c0aec9a7,2.0,,,,,,,,,,,,,,,,,,,,,,,,,,,,,,,,,,,"(-19.7, 0.4, 7.4)","(-19.7, 1.2, 7.4)","(-19.4, 0.6, 7.2)",
PLAYER_GAZE,667157,6/27/2026 12:04:46 PM,068492a8-9bbc-456b-87fb-dc52c0aec9a7,2.0,,,,,,,,,,,,,,,,,,,,,,,,Military PT 9,,,,,,,,,"(0.2, 1.2, -0.5)",,,"(-19.9, 0.0, 7.8)",
PLAYER_POSITIONS,667157,6/27/2026 12:04:46 PM,068492a8-9bbc-456b-87fb-dc52c0aec9a7,2.0,,,,,,,,,,,,,,,,,,,,,,,,,,,,,,,,,,,"(-19.7, 0.4, 7.4)","(-19.7, 1.2, 7.4)","(-19.4, 0.6, 7.2)",
PLAYER_GAZE,667157,6/27/2026 12:04:46 PM,068492a8-9bbc-456b-87fb-dc52c0aec9a7,2.0,,,,,,,,,,,,,,,,,,,,,,,,Military PT 9,,,,,,,,,"(0.2, 1.2, -0.5)",,,"(-19.9, 0.0, 7.8)",
VOICE_CAPTURE,667414,6/27/2026 12:04:46 PM,068492a8-9bbc-456b-87fb-dc52c0aec9a7,2.0,,,,,,,,,,,,,,,,,,,,,,,,,,,,,,,,,,,,,,,,,,,,,,,,,,,NA,"Bye. Uh, or...",
VOICE_CAPTURE,667414,6/27/2026 12:04:46 PM,068492a8-9bbc-456b-87fb-dc52c0aec9a7,2.0,,,,,,,,,,,,,,,,,,,,,,,,,,,,,,,,,,,,,,,,,,,,,,,,,,,NA,"Bye. Uh, or...",
PLAYER_POSITIONS,667657,6/27/2026 12:04:47 PM,068492a8-9bbc-456b-87fb-dc52c0aec9a7,2.0,,,,,,,,,,,,,,,,,,,,,,,,,,,,,,,,,,,"(-20.4, 0.4, 7.6)","(-20.3, 1.2, 7.6)","(-20.1, 0.6, 7.4)",
PLAYER_GAZE,667657,6/27/2026 12:04:47 PM,068492a8-9bbc-456b-87fb-dc52c0aec9a7,2.0,,,,,,,,,,,,,,,,,,,,,,,,Civilian PT 3,,,,,,,,,"(-0.2, 1.2, -1.2)",,,"(-20.1, 0.0, 8.8)",
PLAYER_POSITIONS,667657,6/27/2026 12:04:47 PM,068492a8-9bbc-456b-87fb-dc52c0aec9a7,2.0,,,,,,,,,,,,,,,,,,,,,,,,,,,,,,,,,,,"(-20.4, 0.4, 7.6)","(-20.3, 1.2, 7.6)","(-20.1, 0.6, 7.4)",
PLAYER_GAZE,667657,6/27/2026 12:04:47 PM,068492a8-9bbc-456b-87fb-dc52c0aec9a7,2.0,,,,,,,,,,,,,,,,,,,,,,,,Civilian PT 3,,,,,,,,,"(-0.2, 1.2, -1.2)",,,"(-20.1, 0.0, 8.8)",
PATIENT_DISENGAGED,667699,6/27/2026 12:04:47 PM,068492a8-9bbc-456b-87fb-dc52c0aec9a7,2.0,,,,0.9,,,,,,,,,,,,,,,,normal,100,Infinity,normal,Military PT 1,unresponsive,supine,"(-19.9, 0.0, 9.0)",faint,"(0.0, 0.0, 0.0, 1.0)",normal,IMMEDIATE,still,,,,,,,,,,,,,,,,,34.8,
PATIENT_ENGAGED,667699,6/27/2026 12:04:47 PM,068492a8-9bbc-456b-87fb-dc52c0aec9a7,2.0,,,,0,,,,,,,,,,,,,,,,normal,100,Infinity,normal,Civilian PT 3,upset,supine,"(-20.2, 0.0, 8.7)",normal,"(0.0, 0.0, 0.0, 1.0)",normal,DELAYED,still,,,,,,,,,,,,,,,,,35.14,
DRAG_STOP,668104,6/27/2026 12:04:47 PM,068492a8-9bbc-456b-87fb-dc52c0aec9a7,2.0,,,,,"(-12.7, 0.0, -1.8)","(-20.7, 0.0, 8.3)",,,,,,,,,,,,,,,,,,Military PT 9,
DRAG_STOP,668104,6/27/2026 12:04:47 PM,068492a8-9bbc-456b-87fb-dc52c0aec9a7,2.0,,,,,"(-12.7, 0.0, -1.8)","(-20.7, 0.0, 8.3)",,,,,,,,,,,,,,,,,,Military PT 9,
PLAYER_POSITIONS,668169,6/27/2026 12:04:47 PM,068492a8-9bbc-456b-87fb-dc52c0aec9a7,2.0,,,,,,,,,,,,,,,,,,,,,,,,,,,,,,,,,,,"(-20.5, 0.4, 7.9)","(-20.2, 1.1, 7.8)","(-20.2, 0.5, 7.7)",
PLAYER_POSITIONS,668169,6/27/2026 12:04:47 PM,068492a8-9bbc-456b-87fb-dc52c0aec9a7,2.0,,,,,,,,,,,,,,,,,,,,,,,,,,,,,,,,,,,"(-20.5, 0.4, 7.9)","(-20.2, 1.1, 7.8)","(-20.2, 0.5, 7.7)",
PLAYER_POSITIONS,668672,6/27/2026 12:04:48 PM,068492a8-9bbc-456b-87fb-dc52c0aec9a7,2.0,,,,,,,,,,,,,,,,,,,,,,,,,,,,,,,,,,,"(-20.4, 0.4, 7.9)","(-20.3, 1.1, 7.8)","(-20.2, 0.5, 7.7)",
PLAYER_POSITIONS,668672,6/27/2026 12:04:48 PM,068492a8-9bbc-456b-87fb-dc52c0aec9a7,2.0,,,,,,,,,,,,,,,,,,,,,,,,,,,,,,,,,,,"(-20.4, 0.4, 7.9)","(-20.3, 1.1, 7.8)","(-20.2, 0.5, 7.7)",
DRAG_STOP,668896,6/27/2026 12:04:48 PM,068492a8-9bbc-456b-87fb-dc52c0aec9a7,2.0,,,,,"(-12.7, 0.0, -1.8)","(-20.7, 0.0, 8.3)",,,,,,,,,,,,,,,,,,Military PT 9,
DRAG_STOP,669086,6/27/2026 12:04:48 PM,068492a8-9bbc-456b-87fb-dc52c0aec9a7,2.0,,,,,"(0.0, 0.0, 0.0)","(0.0, 0.0, 0.0)",,,,,,,,,,,,,,,,,,Military PT 9,
PLAYER_POSITIONS,669175,6/27/2026 12:04:48 PM,068492a8-9bbc-456b-87fb-dc52c0aec9a7,2.0,,,,,,,,,,,,,,,,,,,,,,,,,,,,,,,,,,,"(-20.2, 0.4, 8.1)","(-20.2, 1.1, 8.0)","(-20.1, 0.5, 8.0)",
PLAYER_POSITIONS,669175,6/27/2026 12:04:48 PM,068492a8-9bbc-456b-87fb-dc52c0aec9a7,2.0,,,,,,,,,,,,,,,,,,,,,,,,,,,,,,,,,,,"(-20.2, 0.4, 8.1)","(-20.2, 1.1, 8.0)","(-20.1, 0.5, 8.0)",
PLAYER_POSITIONS,669693,6/27/2026 12:04:49 PM,068492a8-9bbc-456b-87fb-dc52c0aec9a7,2.0,,,,,,,,,,,,,,,,,,,,,,,,,,,,,,,,,,,"(-20.0, 0.4, 8.2)","(-20.0, 1.1, 8.1)","(-19.9, 0.4, 8.0)",
PLAYER_POSITIONS,669693,6/27/2026 12:04:49 PM,068492a8-9bbc-456b-87fb-dc52c0aec9a7,2.0,,,,,,,,,,,,,,,,,,,,,,,,,,,,,,,,,,,"(-20.0, 0.4, 8.2)","(-20.0, 1.1, 8.1)","(-19.9, 0.4, 8.0)",
PLAYER_POSITIONS,670237,6/27/2026 12:04:49 PM,068492a8-9bbc-456b-87fb-dc52c0aec9a7,2.0,,,,,,,,,,,,,,,,,,,,,,,,,,,,,,,,,,,"(-20.0, 0.4, 8.1)","(-20.1, 1.1, 8.1)","(-20.0, 0.6, 7.8)",
PLAYER_POSITIONS,670237,6/27/2026 12:04:49 PM,068492a8-9bbc-456b-87fb-dc52c0aec9a7,2.0,,,,,,,,,,,,,,,,,,,,,,,,,,,,,,,,,,,"(-20.0, 0.4, 8.1)","(-20.1, 1.1, 8.1)","(-20.0, 0.6, 7.8)",
VOICE_CAPTURE,670282,6/27/2026 12:04:49 PM,068492a8-9bbc-456b-87fb-dc52c0aec9a7,2.0,,,,,,,,,,,,,,,,,,,,,,,,,,,,,,,,,,,,,,,,,,,,,,,,,,,NA,I'm able to change.,
PLAYER_POSITIONS,670760,6/27/2026 12:04:50 PM,068492a8-9bbc-456b-87fb-dc52c0aec9a7,2.0,,,,,,,,,,,,,,,,,,,,,,,,,,,,,,,,,,,"(-20.2, 0.4, 8.1)","(-20.2, 1.1, 8.1)","(-20.2, 0.7, 7.7)",
PLAYER_POSITIONS,670760,6/27/2026 12:04:50 PM,068492a8-9bbc-456b-87fb-dc52c0aec9a7,2.0,,,,,,,,,,,,,,,,,,,,,,,,,,,,,,,,,,,"(-20.2, 0.4, 8.1)","(-20.2, 1.1, 8.1)","(-20.2, 0.7, 7.7)",
PATIENT_DISENGAGED,670801,6/27/2026 12:04:50 PM,068492a8-9bbc-456b-87fb-dc52c0aec9a7,2.0,,,,3.08,,,,,,,,,,,,,,,,normal,100,Infinity,normal,Civilian PT 3,upset,supine,"(-20.2, 0.0, 8.7)",normal,"(0.0, 0.0, 0.0, 1.0)",normal,DELAYED,still,,,,,,,,,,,,,,,,,38.22,
PATIENT_ENGAGED,670801,6/27/2026 12:04:50 PM,068492a8-9bbc-456b-87fb-dc52c0aec9a7,2.0,,,,0,,,,,,,,,,,,,,,,normal,100,Infinity,normal,Military PT 9,unresponsive,supine,"(-20.6, 0.0, 8.3)",faint,"(0.0, 0.6, 0.0, -0.8)",normal,EXPECTANT,still,,,,,,,,,,,,,,,,,30.77,
VOICE_CAPTURE,670804,6/27/2026 12:04:50 PM,068492a8-9bbc-456b-87fb-dc52c0aec9a7,2.0,,,,,,,,,,,,,,,,,,,,,,,,,,,,,,,,,,,,,,,,,,,,,,,,,,,NA,I'm able to change.,
VOICE_CAPTURE,670804,6/27/2026 12:04:50 PM,068492a8-9bbc-456b-87fb-dc52c0aec9a7,2.0,,,,,,,,,,,,,,,,,,,,,,,,,,,,,,,,,,,,,,,,,,,,,,,,,,,NA,I'm able to change.,
DRAG_STOP,671083,6/27/2026 12:04:50 PM,068492a8-9bbc-456b-87fb-dc52c0aec9a7,2.0,,,,,"(-12.7, 0.0, -1.8)","(-20.7, 0.0, 8.3)",,,,,,,,,,,,,,,,,,Military PT 9,
PLAYER_POSITIONS,671282,6/27/2026 12:04:50 PM,068492a8-9bbc-456b-87fb-dc52c0aec9a7,2.0,,,,,,,,,,,,,,,,,,,,,,,,,,,,,,,,,,,"(-20.4, 0.6, 8.2)","(-20.5, 1.1, 8.1)","(-20.4, 0.7, 7.8)",
PLAYER_POSITIONS,671282,6/27/2026 12:04:50 PM,068492a8-9bbc-456b-87fb-dc52c0aec9a7,2.0,,,,,,,,,,,,,,,,,,,,,,,,,,,,,,,,,,,"(-20.4, 0.6, 8.2)","(-20.5, 1.1, 8.1)","(-20.4, 0.7, 7.8)",
VOICE_CAPTURE,671327,6/27/2026 12:04:50 PM,068492a8-9bbc-456b-87fb-dc52c0aec9a7,2.0,,,,,,,,,,,,,,,,,,,,,,,,,,,,,,,,,,,,,,,,,,,,,,,,,,,NA,and say,
PLAYER_POSITIONS,671793,6/27/2026 12:04:51 PM,068492a8-9bbc-456b-87fb-dc52c0aec9a7,2.0,,,,,,,,,,,,,,,,,,,,,,,,,,,,,,,,,,,"(-20.4, 0.9, 8.4)","(-20.5, 1.2, 8.3)","(-20.4, 0.4, 8.0)",
PLAYER_POSITIONS,671793,6/27/2026 12:04:51 PM,068492a8-9bbc-456b-87fb-dc52c0aec9a7,2.0,,,,,,,,,,,,,,,,,,,,,,,,,,,,,,,,,,,"(-20.4, 0.9, 8.4)","(-20.5, 1.2, 8.3)","(-20.4, 0.4, 8.0)",
VOICE_CAPTURE,671837,6/27/2026 12:04:51 PM,068492a8-9bbc-456b-87fb-dc52c0aec9a7,2.0,,,,,,,,,,,,,,,,,,,,,,,,,,,,,,,,,,,,,,,,,,,,,,,,,,,NA,and say...,
PLAYER_POSITIONS,672324,6/27/2026 12:04:51 PM,068492a8-9bbc-456b-87fb-dc52c0aec9a7,2.0,,,,,,,,,,,,,,,,,,,,,,,,,,,,,,,,,,,"(-20.2, 0.8, 8.4)","(-20.6, 1.2, 8.3)","(-20.4, 0.6, 7.9)",
PLAYER_GAZE,672324,6/27/2026 12:04:51 PM,068492a8-9bbc-456b-87fb-dc52c0aec9a7,2.0,,,,,,,,,,,,,,,,,,,,,,,,Civilian PT 3,,,,,,,,,"(-0.4, 1.2, -0.5)",,,"(-20.1, 0.0, 8.8)",
PLAYER_POSITIONS,672324,6/27/2026 12:04:51 PM,068492a8-9bbc-456b-87fb-dc52c0aec9a7,2.0,,,,,,,,,,,,,,,,,,,,,,,,,,,,,,,,,,,"(-20.2, 0.8, 8.4)","(-20.6, 1.2, 8.3)","(-20.4, 0.6, 7.9)",
PLAYER_GAZE,672324,6/27/2026 12:04:51 PM,068492a8-9bbc-456b-87fb-dc52c0aec9a7,2.0,,,,,,,,,,,,,,,,,,,,,,,,Civilian PT 3,,,,,,,,,"(-0.4, 1.2, -0.5)",,,"(-20.1, 0.0, 8.8)",
VOICE_CAPTURE,672358,6/27/2026 12:04:51 PM,068492a8-9bbc-456b-87fb-dc52c0aec9a7,2.0,,,,,,,,,,,,,,,,,,,,,,,,,,,,,,,,,,,,,,,,,,,,,,,,,,,NA,"and say,",
VOICE_CAPTURE,672780,6/27/2026 12:04:52 PM,068492a8-9bbc-456b-87fb-dc52c0aec9a7,2.0,,,,,,,,,,,,,,,,,,,,,,,,,,,,,,,,,,,,,,,,,,,,,,,,,,,NA,"and say, and say, uh, the",
PLAYER_POSITIONS,672847,6/27/2026 12:04:52 PM,068492a8-9bbc-456b-87fb-dc52c0aec9a7,2.0,,,,,,,,,,,,,,,,,,,,,,,,,,,,,,,,,,,"(-20.3, 0.7, 8.3)","(-20.6, 1.2, 8.2)","(-20.4, 0.6, 7.9)",
PLAYER_POSITIONS,672847,6/27/2026 12:04:52 PM,068492a8-9bbc-456b-87fb-dc52c0aec9a7,2.0,,,,,,,,,,,,,,,,,,,,,,,,,,,,,,,,,,,"(-20.3, 0.7, 8.3)","(-20.6, 1.2, 8.2)","(-20.4, 0.6, 7.9)",
VOICE_CAPTURE,673313,6/27/2026 12:04:52 PM,068492a8-9bbc-456b-87fb-dc52c0aec9a7,2.0,,,,,,,,,,,,,,,,,,,,,,,,,,,,,,,,,,,,,,,,,,,,,,,,,,,NA,"and say, and say the two with the",
PLAYER_POSITIONS,673358,6/27/2026 12:04:52 PM,068492a8-9bbc-456b-87fb-dc52c0aec9a7,2.0,,,,,,,,,,,,,,,,,,,,,,,,,,,,,,,,,,,"(-20.6, 0.3, 8.4)","(-20.6, 1.2, 8.2)","(-20.4, 0.5, 7.9)",
PLAYER_POSITIONS,673358,6/27/2026 12:04:52 PM,068492a8-9bbc-456b-87fb-dc52c0aec9a7,2.0,,,,,,,,,,,,,,,,,,,,,,,,,,,,,,,,,,,"(-20.6, 0.3, 8.4)","(-20.6, 1.2, 8.2)","(-20.4, 0.5, 7.9)",
VOICE_CAPTURE,673800,6/27/2026 12:04:53 PM,068492a8-9bbc-456b-87fb-dc52c0aec9a7,2.0,,,,,,,,,,,,,,,,,,,,,,,,,,,,,,,,,,,,,,,,,,,,,,,,,,,NA,"and say, and say the two with the needle.",
PLAYER_POSITIONS,673867,6/27/2026 12:04:53 PM,068492a8-9bbc-456b-87fb-dc52c0aec9a7,2.0,,,,,,,,,,,,,,,,,,,,,,,,,,,,,,,,,,,"(-20.3, 0.6, 8.5)","(-20.6, 1.2, 8.3)","(-20.4, 0.5, 8.1)",
PLAYER_GAZE,673867,6/27/2026 12:04:53 PM,068492a8-9bbc-456b-87fb-dc52c0aec9a7,2.0,,,,,,,,,,,,,,,,,,,,,,,,Civilian PT 3,,,,,,,,,"(-0.4, 1.2, -0.5)",,,"(-20.1, 0.0, 8.8)",
PLAYER_POSITIONS,673867,6/27/2026 12:04:53 PM,068492a8-9bbc-456b-87fb-dc52c0aec9a7,2.0,,,,,,,,,,,,,,,,,,,,,,,,,,,,,,,,,,,"(-20.3, 0.6, 8.5)","(-20.6, 1.2, 8.3)","(-20.4, 0.5, 8.1)",
PLAYER_GAZE,673867,6/27/2026 12:04:53 PM,068492a8-9bbc-456b-87fb-dc52c0aec9a7,2.0,,,,,,,,,,,,,,,,,,,,,,,,Civilian PT 3,,,,,,,,,"(-0.4, 1.2, -0.5)",,,"(-20.1, 0.0, 8.8)",
VOICE_CAPTURE,674302,6/27/2026 12:04:53 PM,068492a8-9bbc-456b-87fb-dc52c0aec9a7,2.0,,,,,,,,,,,,,,,,,,,,,,,,,,,,,,,,,,,,,,,,,,,,,,,,,,,NA,"and say, and say the two with the needles.",
PLAYER_POSITIONS,674367,6/27/2026 12:04:53 PM,068492a8-9bbc-456b-87fb-dc52c0aec9a7,2.0,,,,,,,,,,,,,,,,,,,,,,,,,,,,,,,,,,,"(-20.1, 0.8, 8.6)","(-20.6, 1.2, 8.3)","(-20.4, 0.5, 8.1)",
PLAYER_GAZE,674367,6/27/2026 12:04:53 PM,068492a8-9bbc-456b-87fb-dc52c0aec9a7,2.0,,,,,,,,,,,,,,,,,,,,,,,,Civilian PT 3,,,,,,,,,"(-0.5, 1.2, -0.5)",,,"(-20.1, 0.0, 8.8)",
PLAYER_POSITIONS,674367,6/27/2026 12:04:53 PM,068492a8-9bbc-456b-87fb-dc52c0aec9a7,2.0,,,,,,,,,,,,,,,,,,,,,,,,,,,,,,,,,,,"(-20.1, 0.8, 8.6)","(-20.6, 1.2, 8.3)","(-20.4, 0.5, 8.1)",
PLAYER_GAZE,674367,6/27/2026 12:04:53 PM,068492a8-9bbc-456b-87fb-dc52c0aec9a7,2.0,,,,,,,,,,,,,,,,,,,,,,,,Civilian PT 3,,,,,,,,,"(-0.5, 1.2, -0.5)",,,"(-20.1, 0.0, 8.8)",
VOICE_CAPTURE,674823,6/27/2026 12:04:54 PM,068492a8-9bbc-456b-87fb-dc52c0aec9a7,2.0,,,,,,,,,,,,,,,,,,,,,,,,,,,,,,,,,,,,,,,,,,,,,,,,,,,NA,"and say, and say the two with the needles.",
VOICE_CAPTURE,674823,6/27/2026 12:04:54 PM,068492a8-9bbc-456b-87fb-dc52c0aec9a7,2.0,,,,,,,,,,,,,,,,,,,,,,,,,,,,,,,,,,,,,,,,,,,,,,,,,,,NA,"and say, and say the two with the needles.",
PLAYER_POSITIONS,674891,6/27/2026 12:04:54 PM,068492a8-9bbc-456b-87fb-dc52c0aec9a7,2.0,,,,,,,,,,,,,,,,,,,,,,,,,,,,,,,,,,,"(-20.1, 0.8, 8.7)","(-20.6, 1.2, 8.3)","(-20.4, 0.5, 8.1)",
PLAYER_GAZE,674891,6/27/2026 12:04:54 PM,068492a8-9bbc-456b-87fb-dc52c0aec9a7,2.0,,,,,,,,,,,,,,,,,,,,,,,,Civilian PT 3,,,,,,,,,"(-0.4, 1.2, -0.5)",,,"(-20.1, 0.0, 8.8)",
PLAYER_POSITIONS,674891,6/27/2026 12:04:54 PM,068492a8-9bbc-456b-87fb-dc52c0aec9a7,2.0,,,,,,,,,,,,,,,,,,,,,,,,,,,,,,,,,,,"(-20.1, 0.8, 8.7)","(-20.6, 1.2, 8.3)","(-20.4, 0.5, 8.1)",
PLAYER_GAZE,674891,6/27/2026 12:04:54 PM,068492a8-9bbc-456b-87fb-dc52c0aec9a7,2.0,,,,,,,,,,,,,,,,,,,,,,,,Civilian PT 3,,,,,,,,,"(-0.4, 1.2, -0.5)",,,"(-20.1, 0.0, 8.8)",
VOICE_CAPTURE,675357,6/27/2026 12:04:54 PM,068492a8-9bbc-456b-87fb-dc52c0aec9a7,2.0,,,,,,,,,,,,,,,,,,,,,,,,,,,,,,,,,,,,,,,,,,,,,,,,,,,NA,the needles and then.,
PLAYER_POSITIONS,675399,6/27/2026 12:04:54 PM,068492a8-9bbc-456b-87fb-dc52c0aec9a7,2.0,,,,,,,,,,,,,,,,,,,,,,,,,,,,,,,,,,,"(-20.4, 0.4, 8.5)","(-20.5, 1.2, 8.4)","(-20.3, 0.6, 8.2)",
PLAYER_GAZE,675399,6/27/2026 12:04:54 PM,068492a8-9bbc-456b-87fb-dc52c0aec9a7,2.0,,,,,,,,,,,,,,,,,,,,,,,,Military PT 1,,,,,,,,,"(-0.7, 1.2, -0.5)",,,"(-19.8, 0.0, 9.0)",
PLAYER_POSITIONS,675399,6/27/2026 12:04:54 PM,068492a8-9bbc-456b-87fb-dc52c0aec9a7,2.0,,,,,,,,,,,,,,,,,,,,,,,,,,,,,,,,,,,"(-20.4, 0.4, 8.5)","(-20.5, 1.2, 8.4)","(-20.3, 0.6, 8.2)",
PLAYER_GAZE,675399,6/27/2026 12:04:54 PM,068492a8-9bbc-456b-87fb-dc52c0aec9a7,2.0,,,,,,,,,,,,,,,,,,,,,,,,Military PT 1,,,,,,,,,"(-0.7, 1.2, -0.5)",,,"(-19.8, 0.0, 9.0)",
VOICE_CAPTURE,675777,6/27/2026 12:04:55 PM,068492a8-9bbc-456b-87fb-dc52c0aec9a7,2.0,,,,,,,,,,,,,,,,,,,,,,,,,,,,,,,,,,,,,,,,,,,,,,,,,,,NA,needles and then,
PLAYER_POSITIONS,675912,6/27/2026 12:04:55 PM,068492a8-9bbc-456b-87fb-dc52c0aec9a7,2.0,,,,,,,,,,,,,,,,,,,,,,,,,,,,,,,,,,,"(-20.0, 0.4, 9.0)","(-20.0, 1.2, 8.9)","(-19.9, 0.6, 8.7)",
PLAYER_POSITIONS,675912,6/27/2026 12:04:55 PM,068492a8-9bbc-456b-87fb-dc52c0aec9a7,2.0,,,,,,,,,,,,,,,,,,,,,,,,,,,,,,,,,,,"(-20.0, 0.4, 9.0)","(-20.0, 1.2, 8.9)","(-19.9, 0.6, 8.7)",
VOICE_CAPTURE,676334,6/27/2026 12:04:55 PM,068492a8-9bbc-456b-87fb-dc52c0aec9a7,2.0,,,,,,,,,,,,,,,,,,,,,,,,,,,,,,,,,,,,,,,,,,,,,,,,,,,NA,needles and then the one on the,
PLAYER_POSITIONS,676431,6/27/2026 12:04:55 PM,068492a8-9bbc-456b-87fb-dc52c0aec9a7,2.0,,,,,,,,,,,,,,,,,,,,,,,,,,,,,,,,,,,"(-19.3, 0.4, 8.7)","(-19.3, 1.2, 8.4)","(-19.2, 0.6, 8.1)",
PLAYER_POSITIONS,676431,6/27/2026 12:04:55 PM,068492a8-9bbc-456b-87fb-dc52c0aec9a7,2.0,,,,,,,,,,,,,,,,,,,,,,,,,,,,,,,,,,,"(-19.3, 0.4, 8.7)","(-19.3, 1.2, 8.4)","(-19.2, 0.6, 8.1)",
DRAG_STOP,676644,6/27/2026 12:04:56 PM,068492a8-9bbc-456b-87fb-dc52c0aec9a7,2.0,,,,,"(0.0, 0.0, 0.0)","(0.0, 0.0, 0.0)",,,,,,,,,,,,,,,,,,Military PT 1,
VOICE_CAPTURE,676816,6/27/2026 12:04:56 PM,068492a8-9bbc-456b-87fb-dc52c0aec9a7,2.0,,,,,,,,,,,,,,,,,,,,,,,,,,,,,,,,,,,,,,,,,,,,,,,,,,,NA,needles and then the one on the end.,
PLAYER_POSITIONS,676945,6/27/2026 12:04:56 PM,068492a8-9bbc-456b-87fb-dc52c0aec9a7,2.0,,,,,,,,,,,,,,,,,,,,,,,,,,,,,,,,,,,"(-18.5, 0.4, 8.3)","(-18.5, 1.3, 8.1)","(-18.4, 0.7, 7.7)",
PLAYER_GAZE,676945,6/27/2026 12:04:56 PM,068492a8-9bbc-456b-87fb-dc52c0aec9a7,2.0,,,,,,,,,,,,,,,,,,,,,,,,Military PT 13,,,,,,,,,"(-3.3, 1.3, 3.2)",,,"(-15.2, 0.0, 5.0)",
PLAYER_POSITIONS,676945,6/27/2026 12:04:56 PM,068492a8-9bbc-456b-87fb-dc52c0aec9a7,2.0,,,,,,,,,,,,,,,,,,,,,,,,,,,,,,,,,,,"(-18.5, 0.4, 8.3)","(-18.5, 1.3, 8.1)","(-18.4, 0.7, 7.7)",
PLAYER_GAZE,676945,6/27/2026 12:04:56 PM,068492a8-9bbc-456b-87fb-dc52c0aec9a7,2.0,,,,,,,,,,,,,,,,,,,,,,,,Military PT 13,,,,,,,,,"(-3.3, 1.3, 3.2)",,,"(-15.2, 0.0, 5.0)",
PATIENT_DISENGAGED,677020,6/27/2026 12:04:56 PM,068492a8-9bbc-456b-87fb-dc52c0aec9a7,2.0,,,,6.24,,,,,,,,,,,,,,,,normal,100,Infinity,normal,Military PT 9,unresponsive,supine,"(-20.6, 0.0, 8.3)",faint,"(0.0, 0.6, 0.0, -0.8)",normal,EXPECTANT,still,,,,,,,,,,,,,,,,,37.01,
VOICE_CAPTURE,677346,6/27/2026 12:04:56 PM,068492a8-9bbc-456b-87fb-dc52c0aec9a7,2.0,,,,,,,,,,,,,,,,,,,,,,,,,,,,,,,,,,,,,,,,,,,,,,,,,,,NA,needles and then the one on the end.,
VOICE_CAPTURE,677346,6/27/2026 12:04:56 PM,068492a8-9bbc-456b-87fb-dc52c0aec9a7,2.0,,,,,,,,,,,,,,,,,,,,,,,,,,,,,,,,,,,,,,,,,,,,,,,,,,,NA,needles and then the one on the end.,
PLAYER_POSITIONS,677463,6/27/2026 12:04:56 PM,068492a8-9bbc-456b-87fb-dc52c0aec9a7,2.0,,,,,,,,,,,,,,,,,,,,,,,,,,,,,,,,,,,"(-17.8, 0.4, 7.8)","(-17.9, 1.3, 7.5)","(-17.7, 0.7, 7.2)",
PLAYER_POSITIONS,677463,6/27/2026 12:04:56 PM,068492a8-9bbc-456b-87fb-dc52c0aec9a7,2.0,,,,,,,,,,,,,,,,,,,,,,,,,,,,,,,,,,,"(-17.8, 0.4, 7.8)","(-17.9, 1.3, 7.5)","(-17.7, 0.7, 7.2)",
VOICE_CAPTURE,677768,6/27/2026 12:04:57 PM,068492a8-9bbc-456b-87fb-dc52c0aec9a7,2.0,,,,,,,,,,,,,,,,,,,,,,,,,,,,,,,,,,,,,,,,,,,,,,,,,,,NA,the one on the end.,
PLAYER_POSITIONS,677990,6/27/2026 12:04:57 PM,068492a8-9bbc-456b-87fb-dc52c0aec9a7,2.0,,,,,,,,,,,,,,,,,,,,,,,,,,,,,,,,,,,"(-17.4, 0.4, 6.9)","(-17.5, 1.3, 6.7)","(-17.3, 0.7, 6.4)",
PLAYER_POSITIONS,677990,6/27/2026 12:04:57 PM,068492a8-9bbc-456b-87fb-dc52c0aec9a7,2.0,,,,,,,,,,,,,,,,,,,,,,,,,,,,,,,,,,,"(-17.4, 0.4, 6.9)","(-17.5, 1.3, 6.7)","(-17.3, 0.7, 6.4)",
VOICE_CAPTURE,678323,6/27/2026 12:04:57 PM,068492a8-9bbc-456b-87fb-dc52c0aec9a7,2.0,,,,,,,,,,,,,,,,,,,,,,,,,,,,,,,,,,,,,,,,,,,,,,,,,,,NA,the one on the end.,
PLAYER_POSITIONS,678512,6/27/2026 12:04:57 PM,068492a8-9bbc-456b-87fb-dc52c0aec9a7,2.0,,,,,,,,,,,,,,,,,,,,,,,,,,,,,,,,,,,"(-17.5, 0.4, 6.5)","(-17.5, 1.3, 6.3)","(-17.3, 0.6, 6.0)",
PLAYER_GAZE,678512,6/27/2026 12:04:57 PM,068492a8-9bbc-456b-87fb-dc52c0aec9a7,2.0,,,,,,,,,,,,,,,,,,,,,,,,Military PT 13,,,,,,,,,"(-2.3, 1.3, 1.4)",,,"(-15.2, 0.0, 5.0)",
PLAYER_POSITIONS,678512,6/27/2026 12:04:57 PM,068492a8-9bbc-456b-87fb-dc52c0aec9a7,2.0,,,,,,,,,,,,,,,,,,,,,,,,,,,,,,,,,,,"(-17.5, 0.4, 6.5)","(-17.5, 1.3, 6.3)","(-17.3, 0.6, 6.0)",
PLAYER_GAZE,678512,6/27/2026 12:04:57 PM,068492a8-9bbc-456b-87fb-dc52c0aec9a7,2.0,,,,,,,,,,,,,,,,,,,,,,,,Military PT 13,,,,,,,,,"(-2.3, 1.3, 1.4)",,,"(-15.2, 0.0, 5.0)",
PLAYER_POSITIONS,679029,6/27/2026 12:04:58 PM,068492a8-9bbc-456b-87fb-dc52c0aec9a7,2.0,,,,,,,,,,,,,,,,,,,,,,,,,,,,,,,,,,,"(-17.9, 0.4, 7.0)","(-17.9, 1.2, 7.0)","(-17.6, 0.6, 6.7)",
PLAYER_POSITIONS,679029,6/27/2026 12:04:58 PM,068492a8-9bbc-456b-87fb-dc52c0aec9a7,2.0,,,,,,,,,,,,,,,,,,,,,,,,,,,,,,,,,,,"(-17.9, 0.4, 7.0)","(-17.9, 1.2, 7.0)","(-17.6, 0.6, 6.7)",
PLAYER_POSITIONS,679533,6/27/2026 12:04:58 PM,068492a8-9bbc-456b-87fb-dc52c0aec9a7,2.0,,,,,,,,,,,,,,,,,,,,,,,,,,,,,,,,,,,"(-18.8, 0.4, 7.5)","(-18.7, 1.2, 7.4)","(-18.5, 0.6, 7.4)",
PLAYER_GAZE,679533,6/27/2026 12:04:58 PM,068492a8-9bbc-456b-87fb-dc52c0aec9a7,2.0,,,,,,,,,,,,,,,,,,,,,,,,Military PT 4,,,,,,,,,"(0.7, 1.2, -2.2)",,,"(-19.5, 0.0, 9.6)",
PLAYER_POSITIONS,679533,6/27/2026 12:04:58 PM,068492a8-9bbc-456b-87fb-dc52c0aec9a7,2.0,,,,,,,,,,,,,,,,,,,,,,,,,,,,,,,,,,,"(-18.8, 0.4, 7.5)","(-18.7, 1.2, 7.4)","(-18.5, 0.6, 7.4)",
PLAYER_GAZE,679533,6/27/2026 12:04:58 PM,068492a8-9bbc-456b-87fb-dc52c0aec9a7,2.0,,,,,,,,,,,,,,,,,,,,,,,,Military PT 4,,,,,,,,,"(0.7, 1.2, -2.2)",,,"(-19.5, 0.0, 9.6)",
PATIENT_ENGAGED,679906,6/27/2026 12:04:59 PM,068492a8-9bbc-456b-87fb-dc52c0aec9a7,2.0,,,,0,,,,,,,,,,,,,,,,fast,100,Infinity,normal,Military PT 4,upset,supine,"(-19.5, 0.0, 9.9)",faint,"(0.0, -0.5, 0.0, 0.9)",normal,IMMEDIATE,still,,,,,,,,,,,,,,,,,33.11,
PLAYER_POSITIONS,680042,6/27/2026 12:04:59 PM,068492a8-9bbc-456b-87fb-dc52c0aec9a7,2.0,,,,,,,,,,,,,,,,,,,,,,,,,,,,,,,,,,,"(-19.3, 0.4, 8.1)","(-19.3, 1.2, 8.1)","(-19.1, 0.6, 8.0)",
PLAYER_GAZE,680042,6/27/2026 12:04:59 PM,068492a8-9bbc-456b-87fb-dc52c0aec9a7,2.0,,,,,,,,,,,,,,,,,,,,,,,,Military PT 4,,,,,,,,,"(0.2, 1.2, -1.5)",,,"(-19.5, 0.0, 9.6)",
PLAYER_POSITIONS,680042,6/27/2026 12:04:59 PM,068492a8-9bbc-456b-87fb-dc52c0aec9a7,2.0,,,,,,,,,,,,,,,,,,,,,,,,,,,,,,,,,,,"(-19.3, 0.4, 8.1)","(-19.3, 1.2, 8.1)","(-19.1, 0.6, 8.0)",
PLAYER_GAZE,680042,6/27/2026 12:04:59 PM,068492a8-9bbc-456b-87fb-dc52c0aec9a7,2.0,,,,,,,,,,,,,,,,,,,,,,,,Military PT 4,,,,,,,,,"(0.2, 1.2, -1.5)",,,"(-19.5, 0.0, 9.6)",
DRAG_STOP,680523,6/27/2026 12:04:59 PM,068492a8-9bbc-456b-87fb-dc52c0aec9a7,2.0,,,,,"(0.0, 0.0, 0.0)","(0.0, 0.0, 0.0)",,,,,,,,,,,,,,,,,,Military PT 1,
PLAYER_POSITIONS,680543,6/27/2026 12:04:59 PM,068492a8-9bbc-456b-87fb-dc52c0aec9a7,2.0,,,,,,,,,,,,,,,,,,,,,,,,,,,,,,,,,,,"(-19.5, 0.4, 8.9)","(-19.4, 1.1, 8.8)","(-19.2, 0.5, 8.7)",
PLAYER_POSITIONS,680543,6/27/2026 12:04:59 PM,068492a8-9bbc-456b-87fb-dc52c0aec9a7,2.0,,,,,,,,,,,,,,,,,,,,,,,,,,,,,,,,,,,"(-19.5, 0.4, 8.9)","(-19.4, 1.1, 8.8)","(-19.2, 0.5, 8.7)",
VOICE_CAPTURE,680845,6/27/2026 12:05:00 PM,068492a8-9bbc-456b-87fb-dc52c0aec9a7,2.0,,,,,,,,,,,,,,,,,,,,,,,,,,,,,,,,,,,,,,,,,,,,,,,,,,,NA,I,
PLAYER_POSITIONS,681045,6/27/2026 12:05:00 PM,068492a8-9bbc-456b-87fb-dc52c0aec9a7,2.0,,,,,,,,,,,,,,,,,,,,,,,,,,,,,,,,,,,"(-19.4, 0.4, 9.2)","(-19.3, 1.1, 9.1)","(-19.3, 0.4, 9.0)",
PLAYER_POSITIONS,681045,6/27/2026 12:05:00 PM,068492a8-9bbc-456b-87fb-dc52c0aec9a7,2.0,,,,,,,,,,,,,,,,,,,,,,,,,,,,,,,,,,,"(-19.4, 0.4, 9.2)","(-19.3, 1.1, 9.1)","(-19.3, 0.4, 9.0)",
VOICE_CAPTURE,681334,6/27/2026 12:05:00 PM,068492a8-9bbc-456b-87fb-dc52c0aec9a7,2.0,,,,,,,,,,,,,,,,,,,,,,,,,,,,,,,,,,,,,,,,,,,,,,,,,,,NA,Uh...,
PLAYER_POSITIONS,681556,6/27/2026 12:05:00 PM,068492a8-9bbc-456b-87fb-dc52c0aec9a7,2.0,,,,,,,,,,,,,,,,,,,,,,,,,,,,,,,,,,,"(-19.4, 0.4, 9.3)","(-19.4, 1.1, 9.2)","(-19.3, 0.3, 9.1)",
PLAYER_POSITIONS,681556,6/27/2026 12:05:00 PM,068492a8-9bbc-456b-87fb-dc52c0aec9a7,2.0,,,,,,,,,,,,,,,,,,,,,,,,,,,,,,,,,,,"(-19.4, 0.4, 9.3)","(-19.4, 1.1, 9.2)","(-19.3, 0.3, 9.1)",
DRAG_STOP,681780,6/27/2026 12:05:01 PM,068492a8-9bbc-456b-87fb-dc52c0aec9a7,2.0,,,,,"(0.0, 0.0, 0.0)","(0.0, 0.0, 0.0)",,,,,,,,,,,,,,,,,,Military PT 4,
VOICE_CAPTURE,681846,6/27/2026 12:05:01 PM,068492a8-9bbc-456b-87fb-dc52c0aec9a7,2.0,,,,,,,,,,,,,,,,,,,,,,,,,,,,,,,,,,,,,,,,,,,,,,,,,,,NA,Uh.,
PULSE_TAKEN,681975,6/27/2026 12:05:01 PM,068492a8-9bbc-456b-87fb-dc52c0aec9a7,2.0,,,,,,,,,,,,,,,,,,,,,,,,Military PT 4,,,,pulse_faint,
PLAYER_POSITIONS,682057,6/27/2026 12:05:01 PM,068492a8-9bbc-456b-87fb-dc52c0aec9a7,2.0,,,,,,,,,,,,,,,,,,,,,,,,,,,,,,,,,,,"(-19.5, 0.4, 9.3)","(-19.3, 1.0, 9.1)","(-19.2, 0.3, 9.1)",
PLAYER_POSITIONS,682057,6/27/2026 12:05:01 PM,068492a8-9bbc-456b-87fb-dc52c0aec9a7,2.0,,,,,,,,,,,,,,,,,,,,,,,,,,,,,,,,,,,"(-19.5, 0.4, 9.3)","(-19.3, 1.0, 9.1)","(-19.2, 0.3, 9.1)",
DRAG_STOP,682373,6/27/2026 12:05:01 PM,068492a8-9bbc-456b-87fb-dc52c0aec9a7,2.0,,,,,"(-12.7, 0.0, -1.8)","(-20.7, 0.0, 8.3)",,,,,,,,,,,,,,,,,,Military PT 4,
PLAYER_POSITIONS,682570,6/27/2026 12:05:01 PM,068492a8-9bbc-456b-87fb-dc52c0aec9a7,2.0,,,,,,,,,,,,,,,,,,,,,,,,,,,,,,,,,,,"(-19.7, 0.3, 9.3)","(-19.5, 1.1, 9.2)","(-19.4, 0.3, 9.0)",
PLAYER_GAZE,682570,6/27/2026 12:05:01 PM,068492a8-9bbc-456b-87fb-dc52c0aec9a7,2.0,,,,,,,,,,,,,,,,,,,,,,,,Military PT 4,,,,,,,,,"(-0.1, 1.1, -0.4)",,,"(-19.5, 0.0, 9.6)",
PLAYER_POSITIONS,682570,6/27/2026 12:05:01 PM,068492a8-9bbc-456b-87fb-dc52c0aec9a7,2.0,,,,,,,,,,,,,,,,,,,,,,,,,,,,,,,,,,,"(-19.7, 0.3, 9.3)","(-19.5, 1.1, 9.2)","(-19.4, 0.3, 9.0)",
PLAYER_GAZE,682570,6/27/2026 12:05:01 PM,068492a8-9bbc-456b-87fb-dc52c0aec9a7,2.0,,,,,,,,,,,,,,,,,,,,,,,,Military PT 4,,,,,,,,,"(-0.1, 1.1, -0.4)",,,"(-19.5, 0.0, 9.6)",
PLAYER_POSITIONS,683082,6/27/2026 12:05:02 PM,068492a8-9bbc-456b-87fb-dc52c0aec9a7,2.0,,,,,,,,,,,,,,,,,,,,,,,,,,,,,,,,,,,"(-19.9, 0.3, 9.4)","(-19.7, 1.0, 9.2)","(-19.6, 0.3, 9.0)",
PLAYER_POSITIONS,683082,6/27/2026 12:05:02 PM,068492a8-9bbc-456b-87fb-dc52c0aec9a7,2.0,,,,,,,,,,,,,,,,,,,,,,,,,,,,,,,,,,,"(-19.9, 0.3, 9.4)","(-19.7, 1.0, 9.2)","(-19.6, 0.3, 9.0)",
ANSWER_SELECTED,683293,6/27/2026 12:05:02 PM,068492a8-9bbc-456b-87fb-dc52c0aec9a7,2.0,,,"Mil, Neck Laceration",,,,Military PT 4,1,
PLAYER_POSITIONS,683594,6/27/2026 12:05:02 PM,068492a8-9bbc-456b-87fb-dc52c0aec9a7,2.0,,,,,,,,,,,,,,,,,,,,,,,,,,,,,,,,,,,"(-19.8, 0.3, 9.4)","(-19.6, 1.1, 9.2)","(-19.5, 0.4, 9.0)",
PLAYER_POSITIONS,683594,6/27/2026 12:05:02 PM,068492a8-9bbc-456b-87fb-dc52c0aec9a7,2.0,,,,,,,,,,,,,,,,,,,,,,,,,,,,,,,,,,,"(-19.8, 0.3, 9.4)","(-19.6, 1.1, 9.2)","(-19.5, 0.4, 9.0)",
PLAYER_POSITIONS,684109,6/27/2026 12:05:03 PM,068492a8-9bbc-456b-87fb-dc52c0aec9a7,2.0,,,,,,,,,,,,,,,,,,,,,,,,,,,,,,,,,,,"(-19.6, 0.3, 9.4)","(-19.5, 1.2, 9.2)","(-19.4, 0.7, 8.7)",
PLAYER_POSITIONS,684109,6/27/2026 12:05:03 PM,068492a8-9bbc-456b-87fb-dc52c0aec9a7,2.0,,,,,,,,,,,,,,,,,,,,,,,,,,,,,,,,,,,"(-19.6, 0.3, 9.4)","(-19.5, 1.2, 9.2)","(-19.4, 0.7, 8.7)",
ANSWER_DESELECTED,684255,6/27/2026 12:05:03 PM,068492a8-9bbc-456b-87fb-dc52c0aec9a7,2.0,,,Civ Child Boy,,,,Civilian PT 3,1,
VOICE_CAPTURE,684539,6/27/2026 12:05:03 PM,068492a8-9bbc-456b-87fb-dc52c0aec9a7,2.0,,,,,,,,,,,,,,,,,,,,,,,,,,,,,,,,,,,,,,,,,,,,,,,,,,,NA,Uh...,
DRAG_STOP,684565,6/27/2026 12:05:03 PM,068492a8-9bbc-456b-87fb-dc52c0aec9a7,2.0,,,,,"(0.0, 0.0, 0.0)","(0.0, 0.0, 0.0)",,,,,,,,,,,,,,,,,,Military PT 4,
PLAYER_POSITIONS,684618,6/27/2026 12:05:03 PM,068492a8-9bbc-456b-87fb-dc52c0aec9a7,2.0,,,,,,,,,,,,,,,,,,,,,,,,,,,,,,,,,,,"(-19.0, 0.4, 8.9)","(-19.0, 1.3, 8.7)","(-18.9, 0.7, 8.3)",
PLAYER_POSITIONS,684618,6/27/2026 12:05:03 PM,068492a8-9bbc-456b-87fb-dc52c0aec9a7,2.0,,,,,,,,,,,,,,,,,,,,,,,,,,,,,,,,,,,"(-19.0, 0.4, 8.9)","(-19.0, 1.3, 8.7)","(-18.9, 0.7, 8.3)",
VOICE_CAPTURE,684736,6/27/2026 12:05:04 PM,068492a8-9bbc-456b-87fb-dc52c0aec9a7,2.0,,,,,,,,,,,,,,,,,,,,,,,,,,,,,,,,,,,,,,,,,,,,,,,,,,,NA,Uh... Neck wound. Yeah.,
ANSWER_SELECTED,685064,6/27/2026 12:05:04 PM,068492a8-9bbc-456b-87fb-dc52c0aec9a7,2.0,,,"Mil, Double Chest Collapses",,,,Military PT 9,1,
PLAYER_POSITIONS,685136,6/27/2026 12:05:04 PM,068492a8-9bbc-456b-87fb-dc52c0aec9a7,2.0,,,,,,,,,,,,,,,,,,,,,,,,,,,,,,,,,,,"(-18.3, 0.4, 8.3)","(-18.4, 1.3, 8.1)","(-18.2, 0.7, 7.7)",
PLAYER_POSITIONS,685136,6/27/2026 12:05:04 PM,068492a8-9bbc-456b-87fb-dc52c0aec9a7,2.0,,,,,,,,,,,,,,,,,,,,,,,,,,,,,,,,,,,"(-18.3, 0.4, 8.3)","(-18.4, 1.3, 8.1)","(-18.2, 0.7, 7.7)",
PATIENT_DISENGAGED,685210,6/27/2026 12:05:04 PM,068492a8-9bbc-456b-87fb-dc52c0aec9a7,2.0,,,,5.29,,,,,,,,,,,,,,,,fast,100,Infinity,normal,Military PT 4,upset,supine,"(-19.5, 0.0, 9.9)",faint,"(0.0, -0.5, 0.0, 0.9)",normal,IMMEDIATE,still,,,,,,,,,,,,,,,,,38.4,
VOICE_CAPTURE,685213,6/27/2026 12:05:04 PM,068492a8-9bbc-456b-87fb-dc52c0aec9a7,2.0,,,,,,,,,,,,,,,,,,,,,,,,,,,,,,,,,,,,,,,,,,,,,,,,,,,NA,Uh... Neck wound. Yeah.,
VOICE_CAPTURE,685213,6/27/2026 12:05:04 PM,068492a8-9bbc-456b-87fb-dc52c0aec9a7,2.0,,,,,,,,,,,,,,,,,,,,,,,,,,,,,,,,,,,,,,,,,,,,,,,,,,,NA,Uh... Neck wound. Yeah.,
PLAYER_POSITIONS,685648,6/27/2026 12:05:05 PM,068492a8-9bbc-456b-87fb-dc52c0aec9a7,2.0,,,,,,,,,,,,,,,,,,,,,,,,,,,,,,,,,,,"(-17.7, 0.4, 7.6)","(-17.8, 1.3, 7.4)","(-17.6, 0.7, 7.1)",
PLAYER_POSITIONS,685648,6/27/2026 12:05:05 PM,068492a8-9bbc-456b-87fb-dc52c0aec9a7,2.0,,,,,,,,,,,,,,,,,,,,,,,,,,,,,,,,,,,"(-17.7, 0.4, 7.6)","(-17.8, 1.3, 7.4)","(-17.6, 0.7, 7.1)",
EVAC_SELECTION,685977,6/27/2026 12:05:05 PM,068492a8-9bbc-456b-87fb-dc52c0aec9a7,2.0,,,,,,,"Military PT 1, Military PT 4, Military PT 9",1,
NARRATIVE_SECTION_START,686132,6/27/2026 12:05:05 PM,068492a8-9bbc-456b-87fb-dc52c0aec9a7,2.0,,,,,,,,,,,,,,,,,,Tac evac team will load them up.,73,
AUDIO_START,686139,6/27/2026 12:05:05 PM,068492a8-9bbc-456b-87fb-dc52c0aec9a7,2.0,tac evac team will load them up,4.493061,
PLAYER_POSITIONS,686181,6/27/2026 12:05:05 PM,068492a8-9bbc-456b-87fb-dc52c0aec9a7,2.0,,,,,,,,,,,,,,,,,,,,,,,,,,,,,,,,,,,"(-17.4, 0.4, 6.7)","(-17.5, 1.3, 6.5)","(-17.4, 0.7, 6.1)",
PLAYER_POSITIONS,686181,6/27/2026 12:05:05 PM,068492a8-9bbc-456b-87fb-dc52c0aec9a7,2.0,,,,,,,,,,,,,,,,,,,,,,,,,,,,,,,,,,,"(-17.4, 0.4, 6.7)","(-17.5, 1.3, 6.5)","(-17.4, 0.7, 6.1)",
PLAYER_POSITIONS,686704,6/27/2026 12:05:06 PM,068492a8-9bbc-456b-87fb-dc52c0aec9a7,2.0,,,,,,,,,,,,,,,,,,,,,,,,,,,,,,,,,,,"(-16.9, 0.3, 5.9)","(-17.0, 1.2, 5.7)","(-16.8, 0.6, 5.5)",
PLAYER_GAZE,686704,6/27/2026 12:05:06 PM,068492a8-9bbc-456b-87fb-dc52c0aec9a7,2.0,,,,,,,,,,,,,,,,,,,,,,,,Military PT 13,,,,,,,,,"(-1.8, 1.2, 0.8)",,,"(-15.2, 0.0, 5.0)",
PLAYER_POSITIONS,686704,6/27/2026 12:05:06 PM,068492a8-9bbc-456b-87fb-dc52c0aec9a7,2.0,,,,,,,,,,,,,,,,,,,,,,,,,,,,,,,,,,,"(-16.9, 0.3, 5.9)","(-17.0, 1.2, 5.7)","(-16.8, 0.6, 5.5)",
PLAYER_GAZE,686704,6/27/2026 12:05:06 PM,068492a8-9bbc-456b-87fb-dc52c0aec9a7,2.0,,,,,,,,,,,,,,,,,,,,,,,,Military PT 13,,,,,,,,,"(-1.8, 1.2, 0.8)",,,"(-15.2, 0.0, 5.0)",
PATIENT_ENGAGED,687195,6/27/2026 12:05:06 PM,068492a8-9bbc-456b-87fb-dc52c0aec9a7,2.0,,,,0,,,,,,,,,,,,,,,,normal,100,128,normal,Military PT 13,calm,standing,"(-15.1, 0.0, 5.5)",normal,"(0.0, -0.6, 0.0, 0.8)",normal,MINIMAL,still,,,,,,,,,,,,,,,,,8.95,
PLAYER_POSITIONS,687240,6/27/2026 12:05:06 PM,068492a8-9bbc-456b-87fb-dc52c0aec9a7,2.0,,,,,,,,,,,,,,,,,,,,,,,,,,,,,,,,,,,"(-16.3, 0.3, 5.2)","(-16.3, 1.2, 5.1)","(-16.2, 0.6, 4.9)",
PLAYER_GAZE,687240,6/27/2026 12:05:06 PM,068492a8-9bbc-456b-87fb-dc52c0aec9a7,2.0,,,,,,,,,,,,,,,,,,,,,,,,Military PT 13,,,,,,,,,"(-1.1, 1.2, 0.2)",,,"(-15.2, 0.0, 5.0)",
PLAYER_POSITIONS,687240,6/27/2026 12:05:06 PM,068492a8-9bbc-456b-87fb-dc52c0aec9a7,2.0,,,,,,,,,,,,,,,,,,,,,,,,,,,,,,,,,,,"(-16.3, 0.3, 5.2)","(-16.3, 1.2, 5.1)","(-16.2, 0.6, 4.9)",
PLAYER_GAZE,687240,6/27/2026 12:05:06 PM,068492a8-9bbc-456b-87fb-dc52c0aec9a7,2.0,,,,,,,,,,,,,,,,,,,,,,,,Military PT 13,,,,,,,,,"(-1.1, 1.2, 0.2)",,,"(-15.2, 0.0, 5.0)",
PLAYER_POSITIONS,687743,6/27/2026 12:05:07 PM,068492a8-9bbc-456b-87fb-dc52c0aec9a7,2.0,,,,,,,,,,,,,,,,,,,,,,,,,,,,,,,,,,,"(-16.2, 0.4, 5.3)","(-16.2, 1.3, 5.1)","(-16.0, 0.6, 5.0)",
PLAYER_GAZE,687743,6/27/2026 12:05:07 PM,068492a8-9bbc-456b-87fb-dc52c0aec9a7,2.0,,,,,,,,,,,,,,,,,,,,,,,,Military PT 13,,,,,,,,,"(-1.0, 1.3, 0.2)",,,"(-15.2, 0.0, 5.0)",
PLAYER_POSITIONS,687743,6/27/2026 12:05:07 PM,068492a8-9bbc-456b-87fb-dc52c0aec9a7,2.0,,,,,,,,,,,,,,,,,,,,,,,,,,,,,,,,,,,"(-16.2, 0.4, 5.3)","(-16.2, 1.3, 5.1)","(-16.0, 0.6, 5.0)",
PLAYER_GAZE,687743,6/27/2026 12:05:07 PM,068492a8-9bbc-456b-87fb-dc52c0aec9a7,2.0,,,,,,,,,,,,,,,,,,,,,,,,Military PT 13,,,,,,,,,"(-1.0, 1.3, 0.2)",,,"(-15.2, 0.0, 5.0)",
PLAYER_POSITIONS,688242,6/27/2026 12:05:07 PM,068492a8-9bbc-456b-87fb-dc52c0aec9a7,2.0,,,,,,,,,,,,,,,,,,,,,,,,,,,,,,,,,,,"(-16.0, 0.4, 5.2)","(-16.0, 1.3, 5.1)","(-15.8, 0.6, 4.9)",
PLAYER_GAZE,688242,6/27/2026 12:05:07 PM,068492a8-9bbc-456b-87fb-dc52c0aec9a7,2.0,,,,,,,,,,,,,,,,,,,,,,,,Military PT 13,,,,,,,,,"(-0.8, 1.3, 0.1)",,,"(-15.2, 0.0, 5.0)",
PLAYER_POSITIONS,688242,6/27/2026 12:05:07 PM,068492a8-9bbc-456b-87fb-dc52c0aec9a7,2.0,,,,,,,,,,,,,,,,,,,,,,,,,,,,,,,,,,,"(-16.0, 0.4, 5.2)","(-16.0, 1.3, 5.1)","(-15.8, 0.6, 4.9)",
PLAYER_GAZE,688242,6/27/2026 12:05:07 PM,068492a8-9bbc-456b-87fb-dc52c0aec9a7,2.0,,,,,,,,,,,,,,,,,,,,,,,,Military PT 13,,,,,,,,,"(-0.8, 1.3, 0.1)",,,"(-15.2, 0.0, 5.0)",
PLAYER_POSITIONS,688765,6/27/2026 12:05:08 PM,068492a8-9bbc-456b-87fb-dc52c0aec9a7,2.0,,,,,,,,,,,,,,,,,,,,,,,,,,,,,,,,,,,"(-15.9, 0.4, 5.3)","(-15.9, 1.2, 5.2)","(-15.7, 0.6, 5.0)",
PLAYER_GAZE,688765,6/27/2026 12:05:08 PM,068492a8-9bbc-456b-87fb-dc52c0aec9a7,2.0,,,,,,,,,,,,,,,,,,,,,,,,Military PT 13,,,,,,,,,"(-0.7, 1.2, 0.2)",,,"(-15.2, 0.0, 5.0)",
PLAYER_POSITIONS,688765,6/27/2026 12:05:08 PM,068492a8-9bbc-456b-87fb-dc52c0aec9a7,2.0,,,,,,,,,,,,,,,,,,,,,,,,,,,,,,,,,,,"(-15.9, 0.4, 5.3)","(-15.9, 1.2, 5.2)","(-15.7, 0.6, 5.0)",
PLAYER_GAZE,688765,6/27/2026 12:05:08 PM,068492a8-9bbc-456b-87fb-dc52c0aec9a7,2.0,,,,,,,,,,,,,,,,,,,,,,,,Military PT 13,,,,,,,,,"(-0.7, 1.2, 0.2)",,,"(-15.2, 0.0, 5.0)",
PLAYER_POSITIONS,689275,6/27/2026 12:05:08 PM,068492a8-9bbc-456b-87fb-dc52c0aec9a7,2.0,,,,,,,,,,,,,,,,,,,,,,,,,,,,,,,,,,,"(-15.9, 0.4, 5.4)","(-15.9, 1.2, 5.2)","(-15.7, 0.8, 4.9)",
PLAYER_GAZE,689275,6/27/2026 12:05:08 PM,068492a8-9bbc-456b-87fb-dc52c0aec9a7,2.0,,,,,,,,,,,,,,,,,,,,,,,,Military PT 13,,,,,,,,,"(-0.6, 1.2, 0.3)",,,"(-15.2, 0.0, 5.0)",
PLAYER_POSITIONS,689275,6/27/2026 12:05:08 PM,068492a8-9bbc-456b-87fb-dc52c0aec9a7,2.0,,,,,,,,,,,,,,,,,,,,,,,,,,,,,,,,,,,"(-15.9, 0.4, 5.4)","(-15.9, 1.2, 5.2)","(-15.7, 0.8, 4.9)",
PLAYER_GAZE,689275,6/27/2026 12:05:08 PM,068492a8-9bbc-456b-87fb-dc52c0aec9a7,2.0,,,,,,,,,,,,,,,,,,,,,,,,Military PT 13,,,,,,,,,"(-0.6, 1.2, 0.3)",,,"(-15.2, 0.0, 5.0)",
PLAYER_POSITIONS,689778,6/27/2026 12:05:09 PM,068492a8-9bbc-456b-87fb-dc52c0aec9a7,2.0,,,,,,,,,,,,,,,,,,,,,,,,,,,,,,,,,,,"(-15.8, 0.3, 5.4)","(-15.9, 1.3, 5.3)","(-15.6, 0.8, 5.1)",
PLAYER_GAZE,689778,6/27/2026 12:05:09 PM,068492a8-9bbc-456b-87fb-dc52c0aec9a7,2.0,,,,,,,,,,,,,,,,,,,,,,,,Military PT 13,,,,,,,,,"(-0.7, 1.3, 0.3)",,,"(-15.2, 0.0, 5.0)",
PLAYER_POSITIONS,689778,6/27/2026 12:05:09 PM,068492a8-9bbc-456b-87fb-dc52c0aec9a7,2.0,,,,,,,,,,,,,,,,,,,,,,,,,,,,,,,,,,,"(-15.8, 0.3, 5.4)","(-15.9, 1.3, 5.3)","(-15.6, 0.8, 5.1)",
PLAYER_GAZE,689778,6/27/2026 12:05:09 PM,068492a8-9bbc-456b-87fb-dc52c0aec9a7,2.0,,,,,,,,,,,,,,,,,,,,,,,,Military PT 13,,,,,,,,,"(-0.7, 1.3, 0.3)",,,"(-15.2, 0.0, 5.0)",
PLAYER_POSITIONS,690281,6/27/2026 12:05:09 PM,068492a8-9bbc-456b-87fb-dc52c0aec9a7,2.0,,,,,,,,,,,,,,,,,,,,,,,,,,,,,,,,,,,"(-15.8, 0.4, 5.3)","(-16.0, 1.3, 5.2)","(-15.8, 1.3, 5.1)",
PLAYER_GAZE,690281,6/27/2026 12:05:09 PM,068492a8-9bbc-456b-87fb-dc52c0aec9a7,2.0,,,,,,,,,,,,,,,,,,,,,,,,Military PT 13,,,,,,,,,"(-0.8, 1.3, 0.3)",,,"(-15.2, 0.0, 5.0)",
PLAYER_POSITIONS,690281,6/27/2026 12:05:09 PM,068492a8-9bbc-456b-87fb-dc52c0aec9a7,2.0,,,,,,,,,,,,,,,,,,,,,,,,,,,,,,,,,,,"(-15.8, 0.4, 5.3)","(-16.0, 1.3, 5.2)","(-15.8, 1.3, 5.1)",
PLAYER_GAZE,690281,6/27/2026 12:05:09 PM,068492a8-9bbc-456b-87fb-dc52c0aec9a7,2.0,,,,,,,,,,,,,,,,,,,,,,,,Military PT 13,,,,,,,,,"(-0.8, 1.3, 0.3)",,,"(-15.2, 0.0, 5.0)",
AUDIO_END,690614,6/27/2026 12:05:09 PM,068492a8-9bbc-456b-87fb-dc52c0aec9a7,2.0,tac evac team will load them up,4.493061,
NARRATIVE_SECTION_END,690614,6/27/2026 12:05:09 PM,068492a8-9bbc-456b-87fb-dc52c0aec9a7,2.0,,,,,,,,,,,,,,,,,,Tac evac team will load them up.,73,
NARRATIVE_SECTION_START,690697,6/27/2026 12:05:10 PM,068492a8-9bbc-456b-87fb-dc52c0aec9a7,2.0,,,,,,,,,,,,,,,,,,Tac evac moving out,74,
AUDIO_START,690703,6/27/2026 12:05:10 PM,068492a8-9bbc-456b-87fb-dc52c0aec9a7,2.0,tac evac moving out,4.022857,
VOICE_CAPTURE,690710,6/27/2026 12:05:10 PM,068492a8-9bbc-456b-87fb-dc52c0aec9a7,2.0,,,,,,,,,,,,,,,,,,,,,,,,,,,,,,,,,,,,,,,,,,,,,,,,,,,NA,Thank you.,
PLAYER_POSITIONS,690803,6/27/2026 12:05:10 PM,068492a8-9bbc-456b-87fb-dc52c0aec9a7,2.0,,,,,,,,,,,,,,,,,,,,,,,,,,,,,,,,,,,"(-15.9, 0.3, 5.4)","(-16.0, 1.3, 5.2)","(-15.8, 1.3, 5.2)",
PLAYER_GAZE,690803,6/27/2026 12:05:10 PM,068492a8-9bbc-456b-87fb-dc52c0aec9a7,2.0,,,,,,,,,,,,,,,,,,,,,,,,Military PT 13,,,,,,,,,"(-0.8, 1.3, 0.3)",,,"(-15.2, 0.0, 5.0)",
PLAYER_POSITIONS,690803,6/27/2026 12:05:10 PM,068492a8-9bbc-456b-87fb-dc52c0aec9a7,2.0,,,,,,,,,,,,,,,,,,,,,,,,,,,,,,,,,,,"(-15.9, 0.3, 5.4)","(-16.0, 1.3, 5.2)","(-15.8, 1.3, 5.2)",
PLAYER_GAZE,690803,6/27/2026 12:05:10 PM,068492a8-9bbc-456b-87fb-dc52c0aec9a7,2.0,,,,,,,,,,,,,,,,,,,,,,,,Military PT 13,,,,,,,,,"(-0.8, 1.3, 0.3)",,,"(-15.2, 0.0, 5.0)",
VOICE_CAPTURE,691291,6/27/2026 12:05:10 PM,068492a8-9bbc-456b-87fb-dc52c0aec9a7,2.0,,,,,,,,,,,,,,,,,,,,,,,,,,,,,,,,,,,,,,,,,,,,,,,,,,,NA,Can you.,
PLAYER_POSITIONS,691314,6/27/2026 12:05:10 PM,068492a8-9bbc-456b-87fb-dc52c0aec9a7,2.0,,,,,,,,,,,,,,,,,,,,,,,,,,,,,,,,,,,"(-15.9, 0.4, 5.3)","(-16.0, 1.3, 5.2)","(-15.8, 1.4, 5.2)",
PLAYER_GAZE,691314,6/27/2026 12:05:10 PM,068492a8-9bbc-456b-87fb-dc52c0aec9a7,2.0,,,,,,,,,,,,,,,,,,,,,,,,Military PT 13,,,,,,,,,"(-0.8, 1.3, 0.3)",,,"(-15.2, 0.0, 5.0)",
PLAYER_POSITIONS,691314,6/27/2026 12:05:10 PM,068492a8-9bbc-456b-87fb-dc52c0aec9a7,2.0,,,,,,,,,,,,,,,,,,,,,,,,,,,,,,,,,,,"(-15.9, 0.4, 5.3)","(-16.0, 1.3, 5.2)","(-15.8, 1.4, 5.2)",
PLAYER_GAZE,691314,6/27/2026 12:05:10 PM,068492a8-9bbc-456b-87fb-dc52c0aec9a7,2.0,,,,,,,,,,,,,,,,,,,,,,,,Military PT 13,,,,,,,,,"(-0.8, 1.3, 0.3)",,,"(-15.2, 0.0, 5.0)",
VOICE_CAPTURE,691728,6/27/2026 12:05:11 PM,068492a8-9bbc-456b-87fb-dc52c0aec9a7,2.0,,,,,,,,,,,,,,,,,,,,,,,,,,,,,,,,,,,,,,,,,,,,,,,,,,,NA,Can you follow my hand?,
PLAYER_POSITIONS,691836,6/27/2026 12:05:11 PM,068492a8-9bbc-456b-87fb-dc52c0aec9a7,2.0,,,,,,,,,,,,,,,,,,,,,,,,,,,,,,,,,,,"(-15.9, 0.4, 5.4)","(-16.0, 1.3, 5.2)","(-15.7, 1.3, 5.2)",
PLAYER_GAZE,691836,6/27/2026 12:05:11 PM,068492a8-9bbc-456b-87fb-dc52c0aec9a7,2.0,,,,,,,,,,,,,,,,,,,,,,,,Military PT 13,,,,,,,,,"(-0.8, 1.3, 0.2)",,,"(-15.2, 0.0, 5.0)",
PLAYER_POSITIONS,691836,6/27/2026 12:05:11 PM,068492a8-9bbc-456b-87fb-dc52c0aec9a7,2.0,,,,,,,,,,,,,,,,,,,,,,,,,,,,,,,,,,,"(-15.9, 0.4, 5.4)","(-16.0, 1.3, 5.2)","(-15.7, 1.3, 5.2)",
PLAYER_GAZE,691836,6/27/2026 12:05:11 PM,068492a8-9bbc-456b-87fb-dc52c0aec9a7,2.0,,,,,,,,,,,,,,,,,,,,,,,,Military PT 13,,,,,,,,,"(-0.8, 1.3, 0.2)",,,"(-15.2, 0.0, 5.0)",
VOICE_CAPTURE,692229,6/27/2026 12:05:11 PM,068492a8-9bbc-456b-87fb-dc52c0aec9a7,2.0,,,,,,,,,,,,,,,,,,,,,,,,,,,,,,,,,,,,,,,,,,,,,,,,,,,NA,Can you follow my hand? Can you follow my hand?,
PLAYER_POSITIONS,692340,6/27/2026 12:05:11 PM,068492a8-9bbc-456b-87fb-dc52c0aec9a7,2.0,,,,,,,,,,,,,,,,,,,,,,,,,,,,,,,,,,,"(-15.8, 0.5, 5.2)","(-15.9, 1.3, 5.1)","(-15.8, 0.5, 5.1)",
PLAYER_GAZE,692340,6/27/2026 12:05:11 PM,068492a8-9bbc-456b-87fb-dc52c0aec9a7,2.0,,,,,,,,,,,,,,,,,,,,,,,,Military PT 13,,,,,,,,,"(-0.7, 1.3, 0.2)",,,"(-15.2, 0.0, 5.0)",
PLAYER_POSITIONS,692340,6/27/2026 12:05:11 PM,068492a8-9bbc-456b-87fb-dc52c0aec9a7,2.0,,,,,,,,,,,,,,,,,,,,,,,,,,,,,,,,,,,"(-15.8, 0.5, 5.2)","(-15.9, 1.3, 5.1)","(-15.8, 0.5, 5.1)",
PLAYER_GAZE,692340,6/27/2026 12:05:11 PM,068492a8-9bbc-456b-87fb-dc52c0aec9a7,2.0,,,,,,,,,,,,,,,,,,,,,,,,Military PT 13,,,,,,,,,"(-0.7, 1.3, 0.2)",,,"(-15.2, 0.0, 5.0)",
VOICE_CAPTURE,692750,6/27/2026 12:05:12 PM,068492a8-9bbc-456b-87fb-dc52c0aec9a7,2.0,,,,,,,,,,,,,,,,,,,,,,,,,,,,,,,,,,,,,,,,,,,,,,,,,,,NA,Can you follow my hand? Can you follow my hand?,
VOICE_CAPTURE,692750,6/27/2026 12:05:12 PM,068492a8-9bbc-456b-87fb-dc52c0aec9a7,2.0,,,,,,,,,,,,,,,,,,,,,,,,,,,,,,,,,,,,,,,,,,,,,,,,,,,NA,Can you follow my hand? Can you follow my hand?,
VOICE_COMMAND,692750,6/27/2026 12:05:12 PM,068492a8-9bbc-456b-87fb-dc52c0aec9a7,2.0,,,,,,,,,,,,,,,,,,,,,,,,,,,,,,,,,,,,,,,,,,,,,,,,,,,Can you follow my hand? Can you follow my hand?,follow my hand,
INJURY_TREATED,692779,6/27/2026 12:05:12 PM,068492a8-9bbc-456b-87fb-dc52c0aec9a7,2.0,,,,,,,,,head,Concussion,"(0.0, 0.0, 0.0)",mentalAssessment,1,1,medium,True,True,,,,,,,Military PT 13,
PLAYER_POSITIONS,692854,6/27/2026 12:05:12 PM,068492a8-9bbc-456b-87fb-dc52c0aec9a7,2.0,,,,,,,,,,,,,,,,,,,,,,,,,,,,,,,,,,,"(-15.8, 0.3, 5.0)","(-15.9, 1.1, 4.9)","(-15.7, 0.5, 4.9)",
PLAYER_POSITIONS,692854,6/27/2026 12:05:12 PM,068492a8-9bbc-456b-87fb-dc52c0aec9a7,2.0,,,,,,,,,,,,,,,,,,,,,,,,,,,,,,,,,,,"(-15.8, 0.3, 5.0)","(-15.9, 1.1, 4.9)","(-15.7, 0.5, 4.9)",
PLAYER_POSITIONS,693354,6/27/2026 12:05:12 PM,068492a8-9bbc-456b-87fb-dc52c0aec9a7,2.0,,,,,,,,,,,,,,,,,,,,,,,,,,,,,,,,,,,"(-15.9, 0.4, 5.0)","(-15.8, 1.3, 4.8)","(-15.7, 0.6, 4.9)",
PLAYER_GAZE,693354,6/27/2026 12:05:12 PM,068492a8-9bbc-456b-87fb-dc52c0aec9a7,2.0,,,,,,,,,,,,,,,,,,,,,,,,Lifting NPC,,,,,,,,,"(-7.3, 1.3, 1.0)",,,"(-8.5, 0.0, 3.8)",
PLAYER_POSITIONS,693354,6/27/2026 12:05:12 PM,068492a8-9bbc-456b-87fb-dc52c0aec9a7,2.0,,,,,,,,,,,,,,,,,,,,,,,,,,,,,,,,,,,"(-15.9, 0.4, 5.0)","(-15.8, 1.3, 4.8)","(-15.7, 0.6, 4.9)",
PLAYER_GAZE,693354,6/27/2026 12:05:12 PM,068492a8-9bbc-456b-87fb-dc52c0aec9a7,2.0,,,,,,,,,,,,,,,,,,,,,,,,Lifting NPC,,,,,,,,,"(-7.3, 1.3, 1.0)",,,"(-8.5, 0.0, 3.8)",
PLAYER_POSITIONS,693860,6/27/2026 12:05:13 PM,068492a8-9bbc-456b-87fb-dc52c0aec9a7,2.0,,,,,,,,,,,,,,,,,,,,,,,,,,,,,,,,,,,"(-15.9, 0.7, 5.1)","(-15.9, 1.7, 4.9)","(-15.8, 0.8, 4.8)",
PLAYER_POSITIONS,693860,6/27/2026 12:05:13 PM,068492a8-9bbc-456b-87fb-dc52c0aec9a7,2.0,,,,,,,,,,,,,,,,,,,,,,,,,,,,,,,,,,,"(-15.9, 0.7, 5.1)","(-15.9, 1.7, 4.9)","(-15.8, 0.8, 4.8)",
PLAYER_POSITIONS,694373,6/27/2026 12:05:13 PM,068492a8-9bbc-456b-87fb-dc52c0aec9a7,2.0,,,,,,,,,,,,,,,,,,,,,,,,,,,,,,,,,,,"(-15.7, 1.1, 5.0)","(-15.9, 1.7, 5.1)","(-15.8, 1.0, 5.0)",
PLAYER_POSITIONS,694373,6/27/2026 12:05:13 PM,068492a8-9bbc-456b-87fb-dc52c0aec9a7,2.0,,,,,,,,,,,,,,,,,,,,,,,,,,,,,,,,,,,"(-15.7, 1.1, 5.0)","(-15.9, 1.7, 5.1)","(-15.8, 1.0, 5.0)",
AUDIO_END,694698,6/27/2026 12:05:14 PM,068492a8-9bbc-456b-87fb-dc52c0aec9a7,2.0,tac evac moving out,4.022857,
PLAYER_POSITIONS,694887,6/27/2026 12:05:14 PM,068492a8-9bbc-456b-87fb-dc52c0aec9a7,2.0,,,,,,,,,,,,,,,,,,,,,,,,,,,,,,,,,,,"(-15.8, 1.0, 5.2)","(-15.9, 1.7, 5.2)","(-15.8, 0.9, 5.1)",
PLAYER_GAZE,694887,6/27/2026 12:05:14 PM,068492a8-9bbc-456b-87fb-dc52c0aec9a7,2.0,,,,,,,,,,,,,,,,,,,,,,,,Military PT 13,,,,,,,,,"(-0.7, 1.7, 0.3)",,,"(-15.2, 0.0, 5.0)",
PLAYER_POSITIONS,694887,6/27/2026 12:05:14 PM,068492a8-9bbc-456b-87fb-dc52c0aec9a7,2.0,,,,,,,,,,,,,,,,,,,,,,,,,,,,,,,,,,,"(-15.8, 1.0, 5.2)","(-15.9, 1.7, 5.2)","(-15.8, 0.9, 5.1)",
PLAYER_GAZE,694887,6/27/2026 12:05:14 PM,068492a8-9bbc-456b-87fb-dc52c0aec9a7,2.0,,,,,,,,,,,,,,,,,,,,,,,,Military PT 13,,,,,,,,,"(-0.7, 1.7, 0.3)",,,"(-15.2, 0.0, 5.0)",
PLAYER_POSITIONS,695390,6/27/2026 12:05:14 PM,068492a8-9bbc-456b-87fb-dc52c0aec9a7,2.0,,,,,,,,,,,,,,,,,,,,,,,,,,,,,,,,,,,"(-15.9, 0.9, 5.4)","(-15.9, 1.7, 5.3)","(-15.7, 1.0, 5.1)",
PLAYER_GAZE,695390,6/27/2026 12:05:14 PM,068492a8-9bbc-456b-87fb-dc52c0aec9a7,2.0,,,,,,,,,,,,,,,,,,,,,,,,Military PT 13,,,,,,,,,"(-0.7, 1.7, 0.3)",,,"(-15.2, 0.0, 5.0)",
PLAYER_POSITIONS,695390,6/27/2026 12:05:14 PM,068492a8-9bbc-456b-87fb-dc52c0aec9a7,2.0,,,,,,,,,,,,,,,,,,,,,,,,,,,,,,,,,,,"(-15.9, 0.9, 5.4)","(-15.9, 1.7, 5.3)","(-15.7, 1.0, 5.1)",
PLAYER_GAZE,695390,6/27/2026 12:05:14 PM,068492a8-9bbc-456b-87fb-dc52c0aec9a7,2.0,,,,,,,,,,,,,,,,,,,,,,,,Military PT 13,,,,,,,,,"(-0.7, 1.7, 0.3)",,,"(-15.2, 0.0, 5.0)",
PLAYER_POSITIONS,695908,6/27/2026 12:05:15 PM,068492a8-9bbc-456b-87fb-dc52c0aec9a7,2.0,,,,,,,,,,,,,,,,,,,,,,,,,,,,,,,,,,,"(-15.8, 1.2, 5.4)","(-15.8, 1.6, 5.2)","(-15.7, 1.2, 5.0)",
PLAYER_GAZE,695908,6/27/2026 12:05:15 PM,068492a8-9bbc-456b-87fb-dc52c0aec9a7,2.0,,,,,,,,,,,,,,,,,,,,,,,,Military PT 13,,,,,,,,,"(-0.6, 1.6, 0.2)",,,"(-15.2, 0.0, 5.0)",
PLAYER_POSITIONS,695908,6/27/2026 12:05:15 PM,068492a8-9bbc-456b-87fb-dc52c0aec9a7,2.0,,,,,,,,,,,,,,,,,,,,,,,,,,,,,,,,,,,"(-15.8, 1.2, 5.4)","(-15.8, 1.6, 5.2)","(-15.7, 1.2, 5.0)",
PLAYER_GAZE,695908,6/27/2026 12:05:15 PM,068492a8-9bbc-456b-87fb-dc52c0aec9a7,2.0,,,,,,,,,,,,,,,,,,,,,,,,Military PT 13,,,,,,,,,"(-0.6, 1.6, 0.2)",,,"(-15.2, 0.0, 5.0)",
PLAYER_POSITIONS,696418,6/27/2026 12:05:15 PM,068492a8-9bbc-456b-87fb-dc52c0aec9a7,2.0,,,,,,,,,,,,,,,,,,,,,,,,,,,,,,,,,,,"(-15.9, 1.3, 5.4)","(-15.8, 1.6, 5.2)","(-15.7, 1.2, 5.0)",
PLAYER_GAZE,696418,6/27/2026 12:05:15 PM,068492a8-9bbc-456b-87fb-dc52c0aec9a7,2.0,,,,,,,,,,,,,,,,,,,,,,,,Military PT 13,,,,,,,,,"(-0.6, 1.6, 0.2)",,,"(-15.2, 0.0, 5.0)",
PLAYER_POSITIONS,696418,6/27/2026 12:05:15 PM,068492a8-9bbc-456b-87fb-dc52c0aec9a7,2.0,,,,,,,,,,,,,,,,,,,,,,,,,,,,,,,,,,,"(-15.9, 1.3, 5.4)","(-15.8, 1.6, 5.2)","(-15.7, 1.2, 5.0)",
PLAYER_GAZE,696418,6/27/2026 12:05:15 PM,068492a8-9bbc-456b-87fb-dc52c0aec9a7,2.0,,,,,,,,,,,,,,,,,,,,,,,,Military PT 13,,,,,,,,,"(-0.6, 1.6, 0.2)",,,"(-15.2, 0.0, 5.0)",
PLAYER_POSITIONS,696929,6/27/2026 12:05:16 PM,068492a8-9bbc-456b-87fb-dc52c0aec9a7,2.0,,,,,,,,,,,,,,,,,,,,,,,,,,,,,,,,,,,"(-15.9, 1.3, 5.3)","(-15.8, 1.6, 5.2)","(-15.7, 1.2, 5.1)",
PLAYER_GAZE,696929,6/27/2026 12:05:16 PM,068492a8-9bbc-456b-87fb-dc52c0aec9a7,2.0,,,,,,,,,,,,,,,,,,,,,,,,Military PT 13,,,,,,,,,"(-0.6, 1.6, 0.2)",,,"(-15.2, 0.0, 5.0)",
PLAYER_POSITIONS,696929,6/27/2026 12:05:16 PM,068492a8-9bbc-456b-87fb-dc52c0aec9a7,2.0,,,,,,,,,,,,,,,,,,,,,,,,,,,,,,,,,,,"(-15.9, 1.3, 5.3)","(-15.8, 1.6, 5.2)","(-15.7, 1.2, 5.1)",
PLAYER_GAZE,696929,6/27/2026 12:05:16 PM,068492a8-9bbc-456b-87fb-dc52c0aec9a7,2.0,,,,,,,,,,,,,,,,,,,,,,,,Military PT 13,,,,,,,,,"(-0.6, 1.6, 0.2)",,,"(-15.2, 0.0, 5.0)",
PLAYER_POSITIONS,697430,6/27/2026 12:05:16 PM,068492a8-9bbc-456b-87fb-dc52c0aec9a7,2.0,,,,,,,,,,,,,,,,,,,,,,,,,,,,,,,,,,,"(-15.9, 1.3, 5.4)","(-15.9, 1.6, 5.2)","(-15.8, 1.2, 5.0)",
PLAYER_GAZE,697430,6/27/2026 12:05:16 PM,068492a8-9bbc-456b-87fb-dc52c0aec9a7,2.0,,,,,,,,,,,,,,,,,,,,,,,,Military PT 13,,,,,,,,,"(-0.6, 1.6, 0.2)",,,"(-15.2, 0.0, 5.0)",
PLAYER_POSITIONS,697430,6/27/2026 12:05:16 PM,068492a8-9bbc-456b-87fb-dc52c0aec9a7,2.0,,,,,,,,,,,,,,,,,,,,,,,,,,,,,,,,,,,"(-15.9, 1.3, 5.4)","(-15.9, 1.6, 5.2)","(-15.8, 1.2, 5.0)",
PLAYER_GAZE,697430,6/27/2026 12:05:16 PM,068492a8-9bbc-456b-87fb-dc52c0aec9a7,2.0,,,,,,,,,,,,,,,,,,,,,,,,Military PT 13,,,,,,,,,"(-0.6, 1.6, 0.2)",,,"(-15.2, 0.0, 5.0)",
PLAYER_POSITIONS,697936,6/27/2026 12:05:17 PM,068492a8-9bbc-456b-87fb-dc52c0aec9a7,2.0,,,,,,,,,,,,,,,,,,,,,,,,,,,,,,,,,,,"(-15.9, 1.2, 5.4)","(-15.8, 1.6, 5.2)","(-15.7, 1.2, 5.0)",
PLAYER_GAZE,697936,6/27/2026 12:05:17 PM,068492a8-9bbc-456b-87fb-dc52c0aec9a7,2.0,,,,,,,,,,,,,,,,,,,,,,,,Military PT 13,,,,,,,,,"(-0.6, 1.6, 0.2)",,,"(-15.2, 0.0, 5.0)",
PLAYER_POSITIONS,697936,6/27/2026 12:05:17 PM,068492a8-9bbc-456b-87fb-dc52c0aec9a7,2.0,,,,,,,,,,,,,,,,,,,,,,,,,,,,,,,,,,,"(-15.9, 1.2, 5.4)","(-15.8, 1.6, 5.2)","(-15.7, 1.2, 5.0)",
PLAYER_GAZE,697936,6/27/2026 12:05:17 PM,068492a8-9bbc-456b-87fb-dc52c0aec9a7,2.0,,,,,,,,,,,,,,,,,,,,,,,,Military PT 13,,,,,,,,,"(-0.6, 1.6, 0.2)",,,"(-15.2, 0.0, 5.0)",
PATIENT_DISENGAGED,698044,6/27/2026 12:05:17 PM,068492a8-9bbc-456b-87fb-dc52c0aec9a7,2.0,,,,10.87,,,,,,,,,,,,,,,,normal,100,128,normal,Military PT 13,calm,standing,"(-15.1, 0.0, 5.4)",normal,"(0.0, -0.8, 0.0, 0.6)",normal,MINIMAL,still,,,,,,,,,,,,,,,,,19.82,
Participant ID, 202606163
