EventName,ElapsedTime,Timestamp,SessionID,Version,AudioClip,AudioDuration,ButtonClickMessage,CurrentDurationEngaged,DragStartPosition,DragStopPosition,EvacPatientIds,EvacRound,InjuryBodyRegion,InjuryName,InjuryPosition,InjuryRequiredProcedure,InjuryRequiredTreatmentCount,InjuryRequiredTreatmentsApplied,InjurySeverity,InjuryTreatedWithCorrectTreatment,InjuryTreatmentComplete,NarrativeDescription,NarrativeIndex,PatientBreathing,PatientHealthLevel,PatientHealthTimeRemaining,PatientHearing,PatientID,PatientMood,PatientPose,PatientPosition,PatientPulse,PatientRotation,PatientSpO2,PatientTriageLevel,PatientTriageSort,PlayerDirection,PlayerDistanceFromPatient,PlayerLeftHandPosition,PlayerPosition,PlayerRightHandPosition,QuestionAnswers,QuestionId,QuestionPrompt,QuestionType,TagType,TeleportPosition,ToolAttachMessage,ToolAttachParent,ToolCount,ToolMessageSender,ToolType,TotalDurationEngaged,TriageSortCommand,VoiceCaptureCommandDescription,VoiceCaptureMessage,WeaponsDisarmed,WeaponsHeld,
VOICE_CAPTURE,-29811,6/26/2026 11:29:44 AM,75257c93-4eeb-4443-a709-9b84e3c04c77,2.0,,,,,,,,,,,,,,,,,,,,,,,,,,,,,,,,,,,,,,,,,,,,,,,,,,,NA,Mm-hmm.,
VOICE_CAPTURE,-29300,6/26/2026 11:29:45 AM,75257c93-4eeb-4443-a709-9b84e3c04c77,2.0,,,,,,,,,,,,,,,,,,,,,,,,,,,,,,,,,,,,,,,,,,,,,,,,,,,NA,Mm-hmm.,
VOICE_CAPTURE,-28798,6/26/2026 11:29:45 AM,75257c93-4eeb-4443-a709-9b84e3c04c77,2.0,,,,,,,,,,,,,,,,,,,,,,,,,,,,,,,,,,,,,,,,,,,,,,,,,,,NA,Mm-hmm.,
VOICE_CAPTURE,-28297,6/26/2026 11:29:46 AM,75257c93-4eeb-4443-a709-9b84e3c04c77,2.0,,,,,,,,,,,,,,,,,,,,,,,,,,,,,,,,,,,,,,,,,,,,,,,,,,,NA,Mm-hmm.,
VOICE_CAPTURE,-27796,6/26/2026 11:29:46 AM,75257c93-4eeb-4443-a709-9b84e3c04c77,2.0,,,,,,,,,,,,,,,,,,,,,,,,,,,,,,,,,,,,,,,,,,,,,,,,,,,NA,Mm-hmm.,
VOICE_CAPTURE,-27295,6/26/2026 11:29:47 AM,75257c93-4eeb-4443-a709-9b84e3c04c77,2.0,,,,,,,,,,,,,,,,,,,,,,,,,,,,,,,,,,,,,,,,,,,,,,,,,,,NA,Mm-hmm.,
VOICE_CAPTURE,-26806,6/26/2026 11:29:47 AM,75257c93-4eeb-4443-a709-9b84e3c04c77,2.0,,,,,,,,,,,,,,,,,,,,,,,,,,,,,,,,,,,,,,,,,,,,,,,,,,,NA,Mm-hmm. Thank you.,
VOICE_CAPTURE,-26305,6/26/2026 11:29:48 AM,75257c93-4eeb-4443-a709-9b84e3c04c77,2.0,,,,,,,,,,,,,,,,,,,,,,,,,,,,,,,,,,,,,,,,,,,,,,,,,,,NA,Mm-hmm.,
VOICE_CAPTURE,-25651,6/26/2026 11:29:49 AM,75257c93-4eeb-4443-a709-9b84e3c04c77,2.0,,,,,,,,,,,,,,,,,,,,,,,,,,,,,,,,,,,,,,,,,,,,,,,,,,,NA,Mm-hmm. So I'm just not a room.,
VOICE_CAPTURE,-25261,6/26/2026 11:29:49 AM,75257c93-4eeb-4443-a709-9b84e3c04c77,2.0,,,,,,,,,,,,,,,,,,,,,,,,,,,,,,,,,,,,,,,,,,,,,,,,,,,NA,Mm-hmm. As long as it's not a room full of rats.,
VOICE_CAPTURE,-24787,6/26/2026 11:29:49 AM,75257c93-4eeb-4443-a709-9b84e3c04c77,2.0,,,,,,,,,,,,,,,,,,,,,,,,,,,,,,,,,,,,,,,,,,,,,,,,,,,NA,Mm-hmm. As long as it's not a room full of rats.,
VOICE_CAPTURE,-24785,6/26/2026 11:29:49 AM,75257c93-4eeb-4443-a709-9b84e3c04c77,2.0,,,,,,,,,,,,,,,,,,,,,,,,,,,,,,,,,,,,,,,,,,,,,,,,,,,NA,Mm-hmm. As long as it's not a room full of rats.,
VOICE_CAPTURE,-20652,6/26/2026 11:29:54 AM,75257c93-4eeb-4443-a709-9b84e3c04c77,2.0,,,,,,,,,,,,,,,,,,,,,,,,,,,,,,,,,,,,,,,,,,,,,,,,,,,NA,"Now, I'm going to do this.",
VOICE_CAPTURE,-20289,6/26/2026 11:29:54 AM,75257c93-4eeb-4443-a709-9b84e3c04c77,2.0,,,,,,,,,,,,,,,,,,,,,,,,,,,,,,,,,,,,,,,,,,,,,,,,,,,NA,"Nah, we're good.",
VOICE_CAPTURE,-19772,6/26/2026 11:29:54 AM,75257c93-4eeb-4443-a709-9b84e3c04c77,2.0,,,,,,,,,,,,,,,,,,,,,,,,,,,,,,,,,,,,,,,,,,,,,,,,,,,NA,"Nah, we're good.",
VOICE_CAPTURE,-19771,6/26/2026 11:29:54 AM,75257c93-4eeb-4443-a709-9b84e3c04c77,2.0,,,,,,,,,,,,,,,,,,,,,,,,,,,,,,,,,,,,,,,,,,,,,,,,,,,NA,"Nah, we're good.",
VOICE_CAPTURE,-12841,6/26/2026 11:30:01 AM,75257c93-4eeb-4443-a709-9b84e3c04c77,2.0,,,,,,,,,,,,,,,,,,,,,,,,,,,,,,,,,,,,,,,,,,,,,,,,,,,NA,you.,
VOICE_CAPTURE,-7865,6/26/2026 11:30:06 AM,75257c93-4eeb-4443-a709-9b84e3c04c77,2.0,,,,,,,,,,,,,,,,,,,,,,,,,,,,,,,,,,,,,,,,,,,,,,,,,,,NA,you.,
VOICE_CAPTURE,-7383,6/26/2026 11:30:07 AM,75257c93-4eeb-4443-a709-9b84e3c04c77,2.0,,,,,,,,,,,,,,,,,,,,,,,,,,,,,,,,,,,,,,,,,,,,,,,,,,,NA,you.,
VOICE_CAPTURE,-6864,6/26/2026 11:30:07 AM,75257c93-4eeb-4443-a709-9b84e3c04c77,2.0,,,,,,,,,,,,,,,,,,,,,,,,,,,,,,,,,,,,,,,,,,,,,,,,,,,NA,you.,
VOICE_CAPTURE,-6359,6/26/2026 11:30:08 AM,75257c93-4eeb-4443-a709-9b84e3c04c77,2.0,,,,,,,,,,,,,,,,,,,,,,,,,,,,,,,,,,,,,,,,,,,,,,,,,,,NA,you.,
VOICE_CAPTURE,-5878,6/26/2026 11:30:08 AM,75257c93-4eeb-4443-a709-9b84e3c04c77,2.0,,,,,,,,,,,,,,,,,,,,,,,,,,,,,,,,,,,,,,,,,,,,,,,,,,,NA,you.,
VOICE_CAPTURE,-5307,6/26/2026 11:30:09 AM,75257c93-4eeb-4443-a709-9b84e3c04c77,2.0,,,,,,,,,,,,,,,,,,,,,,,,,,,,,,,,,,,,,,,,,,,,,,,,,,,NA,you.,
VOICE_CAPTURE,-4841,6/26/2026 11:30:09 AM,75257c93-4eeb-4443-a709-9b84e3c04c77,2.0,,,,,,,,,,,,,,,,,,,,,,,,,,,,,,,,,,,,,,,,,,,,,,,,,,,NA,you.,
VOICE_CAPTURE,-4260,6/26/2026 11:30:10 AM,75257c93-4eeb-4443-a709-9b84e3c04c77,2.0,,,,,,,,,,,,,,,,,,,,,,,,,,,,,,,,,,,,,,,,,,,,,,,,,,,NA,you.,
VOICE_CAPTURE,-3926,6/26/2026 11:30:10 AM,75257c93-4eeb-4443-a709-9b84e3c04c77,2.0,,,,,,,,,,,,,,,,,,,,,,,,,,,,,,,,,,,,,,,,,,,,,,,,,,,NA,you.,
VOICE_CAPTURE,-3242,6/26/2026 11:30:11 AM,75257c93-4eeb-4443-a709-9b84e3c04c77,2.0,,,,,,,,,,,,,,,,,,,,,,,,,,,,,,,,,,,,,,,,,,,,,,,,,,,NA,you.,
VOICE_CAPTURE,-2896,6/26/2026 11:30:11 AM,75257c93-4eeb-4443-a709-9b84e3c04c77,2.0,,,,,,,,,,,,,,,,,,,,,,,,,,,,,,,,,,,,,,,,,,,,,,,,,,,NA,you.,
VOICE_CAPTURE,-2383,6/26/2026 11:30:12 AM,75257c93-4eeb-4443-a709-9b84e3c04c77,2.0,,,,,,,,,,,,,,,,,,,,,,,,,,,,,,,,,,,,,,,,,,,,,,,,,,,NA,you.,
VOICE_CAPTURE,-1873,6/26/2026 11:30:12 AM,75257c93-4eeb-4443-a709-9b84e3c04c77,2.0,,,,,,,,,,,,,,,,,,,,,,,,,,,,,,,,,,,,,,,,,,,,,,,,,,,NA,you.,
VOICE_CAPTURE,-1358,6/26/2026 11:30:13 AM,75257c93-4eeb-4443-a709-9b84e3c04c77,2.0,,,,,,,,,,,,,,,,,,,,,,,,,,,,,,,,,,,,,,,,,,,,,,,,,,,NA,you.,
VOICE_CAPTURE,-877,6/26/2026 11:30:13 AM,75257c93-4eeb-4443-a709-9b84e3c04c77,2.0,,,,,,,,,,,,,,,,,,,,,,,,,,,,,,,,,,,,,,,,,,,,,,,,,,,NA,you.,
VOICE_CAPTURE,-342,6/26/2026 11:30:14 AM,75257c93-4eeb-4443-a709-9b84e3c04c77,2.0,,,,,,,,,,,,,,,,,,,,,,,,,,,,,,,,,,,,,,,,,,,,,,,,,,,NA,you.,
SESSION_START,8,6/26/2026 11:30:14 AM,e7ca1105-8b8f-4dee-a332-17c93bb5c040,2.0,
PATIENT_RECORD,9,6/26/2026 11:30:14 AM,e7ca1105-8b8f-4dee-a332-17c93bb5c040,2.0,,,,,,,,,,,,,,,,,,,,restricted,100,Infinity,normal,Military PT 1,unresponsive,supine,"(-6.8, 0.0, 2.1)",faint,"(0.0, 0.3, 0.0, 1.0)",normal,IMMEDIATE,still,
INJURY_RECORD,9,6/26/2026 11:30:14 AM,e7ca1105-8b8f-4dee-a332-17c93bb5c040,2.0,,,,,,,,,rightCalf,R Calf Laceration,"(-6.7, 0.3, 2.0)",israeliWrap,1,0,low,False,False,,,,,,,Military PT 1,
INJURY_RECORD,10,6/26/2026 11:30:14 AM,e7ca1105-8b8f-4dee-a332-17c93bb5c040,2.0,,,,,,,,,chest,R Chest Collapse,"(-6.7, 1.3, 2.0)",decompressionNeedle,1,0,high,False,False,,,,,,,Military PT 1,
PATIENT_RECORD,10,6/26/2026 11:30:14 AM,e7ca1105-8b8f-4dee-a332-17c93bb5c040,2.0,,,,,,,,,,,,,,,,,,,,restricted,100,Infinity,normal,Military PT 2,agony,supine,"(-12.0, 0.0, 1.1)",faint,"(0.0, 0.4, 0.0, 0.9)",normal,EXPECTANT,still,
INJURY_RECORD,10,6/26/2026 11:30:14 AM,e7ca1105-8b8f-4dee-a332-17c93bb5c040,2.0,,,,,,,,,fullBody,Full Body Burn,"(0.0, 0.0, 0.0)",lollipop,1,0,high,False,False,,,,,,,Military PT 2,
INJURY_RECORD,10,6/26/2026 11:30:14 AM,e7ca1105-8b8f-4dee-a332-17c93bb5c040,2.0,,,,,,,,,chest,Circumferential Chest Burn,"(-12.0, 1.4, 1.1)",scalpel,1,0,high,False,False,,,,,,,Military PT 2,
PATIENT_RECORD,10,6/26/2026 11:30:14 AM,e7ca1105-8b8f-4dee-a332-17c93bb5c040,2.0,,,,,,,,,,,,,,,,,,,,normal,100,Infinity,normal,Civilian PT 3,upset,prone,"(-14.3, 0.0, 1.6)",normal,"(0.0, 0.0, 0.0, 1.0)",normal,DELAYED,still,
INJURY_RECORD,10,6/26/2026 11:30:14 AM,e7ca1105-8b8f-4dee-a332-17c93bb5c040,2.0,,,,,,,,,rightForearm,R Forearm Burn,"(-13.8, 1.3, 1.4)",burnDressing,1,0,medium,False,False,,,,,,,Civilian PT 3,
INJURY_RECORD,10,6/26/2026 11:30:14 AM,e7ca1105-8b8f-4dee-a332-17c93bb5c040,2.0,,,,,,,,,leftLeg,L Shin Amputation,"(-14.4, 0.5, 1.5)",tourniquet,1,0,high,False,False,,,,,,,Civilian PT 3,
PATIENT_RECORD,10,6/26/2026 11:30:14 AM,e7ca1105-8b8f-4dee-a332-17c93bb5c040,2.0,,,,,,,,,,,,,,,,,,,,fast,100,Infinity,normal,Military PT 4,upset,kneeling,"(-11.1, 0.0, -4.7)",faint,"(0.0, 1.0, 0.0, 0.2)",normal,IMMEDIATE,still,
INJURY_RECORD,10,6/26/2026 11:30:14 AM,e7ca1105-8b8f-4dee-a332-17c93bb5c040,2.0,,,,,,,,,neck,R Neck Laceration,"(-11.1, 1.5, -4.8)",woundpack,1,0,high,False,False,,,,,,,Military PT 4,
PATIENT_RECORD,10,6/26/2026 11:30:14 AM,e7ca1105-8b8f-4dee-a332-17c93bb5c040,2.0,,,,,,,,,,,,,,,,,,,,fast,100,Infinity,normal,Military PT 5,upset,supine,"(-9.4, 0.0, 1.7)",faint,"(0.0, -1.0, 0.0, 0.0)",normal,IMMEDIATE,still,
INJURY_RECORD,10,6/26/2026 11:30:14 AM,e7ca1105-8b8f-4dee-a332-17c93bb5c040,2.0,,,,,,,,,chest,R Chest Puncture,"(-9.5, 1.3, 1.6)",chestSeal,1,0,high,False,False,,,,,,,Military PT 5,
PATIENT_RECORD,10,6/26/2026 11:30:14 AM,e7ca1105-8b8f-4dee-a332-17c93bb5c040,2.0,,,,,,,,,,,,,,,,,,,,normal,100,128,normal,Lifting NPC,calm,standing,"(-8.6, 0.0, 4.5)",normal,"(0.0, 0.8, 0.0, 0.5)",normal,MINIMAL,still,
PATIENT_RECORD,10,6/26/2026 11:30:14 AM,e7ca1105-8b8f-4dee-a332-17c93bb5c040,2.0,,,,,,,,,,,,,,,,,,,,fast,100,Infinity,normal,Military PT 6,agony,supine,"(-9.0, 0.0, 4.6)",fast,"(0.0, 1.0, 0.0, 0.0)",normal,IMMEDIATE,still,
INJURY_RECORD,10,6/26/2026 11:30:14 AM,e7ca1105-8b8f-4dee-a332-17c93bb5c040,2.0,,,,,,,,,leftLeg,L Thigh Amputation,"(-8.9, 0.7, 4.5)",tourniquet,1,0,high,False,False,,,,,,,Military PT 6,
PATIENT_RECORD,10,6/26/2026 11:30:14 AM,e7ca1105-8b8f-4dee-a332-17c93bb5c040,2.0,,,,,,,,,,,,,,,,,,,,normal,100,Infinity,normal,Civilian PT 7,agony,recovery,"(-17.6, 0.0, -0.1)",normal,"(0.0, 0.5, 0.0, 0.9)",normal,DELAYED,still,
INJURY_RECORD,10,6/26/2026 11:30:14 AM,e7ca1105-8b8f-4dee-a332-17c93bb5c040,2.0,,,,,,,,,head,Bleeding Scalp,"(-17.5, 1.7, -0.1)",israeliWrap,1,0,medium,False,False,,,,,,,Civilian PT 7,
INJURY_RECORD,10,6/26/2026 11:30:14 AM,e7ca1105-8b8f-4dee-a332-17c93bb5c040,2.0,,,,,,,,,head,L Eye Shrapnel,"(-17.5, 1.6, 0.0)",foxShield,1,0,high,False,False,,,,,,,Civilian PT 7,
INJURY_RECORD,10,6/26/2026 11:30:14 AM,e7ca1105-8b8f-4dee-a332-17c93bb5c040,2.0,,,,,,,,,leftCalf,L Lower Leg Burn,"(-17.7, 0.3, 0.0)",burnDressing,1,0,high,False,False,,,,,,,Civilian PT 7,
INJURY_RECORD,10,6/26/2026 11:30:14 AM,e7ca1105-8b8f-4dee-a332-17c93bb5c040,2.0,,,,,,,,,rightCalf,R Lower Leg Burn,"(-17.5, 0.3, -0.3)",burnDressing,1,0,high,False,False,,,,,,,Civilian PT 7,
PATIENT_RECORD,10,6/26/2026 11:30:14 AM,e7ca1105-8b8f-4dee-a332-17c93bb5c040,2.0,,,,,,,,,,,,,,,,,,,,fast,100,Infinity,normal,Civilian PT 8,upset,sittingGround,"(-15.8, 0.0, -1.8)",fast,"(0.0, 0.4, 0.0, 0.9)",normal,IMMEDIATE,still,
INJURY_RECORD,10,6/26/2026 11:30:14 AM,e7ca1105-8b8f-4dee-a332-17c93bb5c040,2.0,,,,,,,,,rightArm,R Arm Amputation,"(-15.6, 1.3, -2.0)",tourniquet,1,0,high,False,False,,,,,,,Civilian PT 8,
INJURY_RECORD,10,6/26/2026 11:30:14 AM,e7ca1105-8b8f-4dee-a332-17c93bb5c040,2.0,,,,,,,,,chest,R Shoulder Puncture,"(-15.7, 1.4, -1.9)",woundpack,1,0,medium,False,False,,,,,,,Civilian PT 8,
PATIENT_RECORD,10,6/26/2026 11:30:14 AM,e7ca1105-8b8f-4dee-a332-17c93bb5c040,2.0,,,,,,,,,,,,,,,,,,,,restricted,100,Infinity,normal,Military PT 9,unresponsive,supine,"(-12.7, 0.0, -1.8)",faint,"(0.0, -0.7, 0.0, 0.7)",normal,EXPECTANT,still,
INJURY_RECORD,10,6/26/2026 11:30:14 AM,e7ca1105-8b8f-4dee-a332-17c93bb5c040,2.0,,,,,,,,,chest,L Chest Collapse,"(-12.7, 1.3, -1.9)",decompressionNeedle,1,0,high,False,False,,,,,,,Military PT 9,
INJURY_RECORD,10,6/26/2026 11:30:14 AM,e7ca1105-8b8f-4dee-a332-17c93bb5c040,2.0,,,,,,,,,chest,R Chest Collapse,"(-12.7, 1.3, -1.7)",decompressionNeedle,1,0,high,False,False,,,,,,,Military PT 9,
PATIENT_RECORD,10,6/26/2026 11:30:14 AM,e7ca1105-8b8f-4dee-a332-17c93bb5c040,2.0,,,,,,,,,,,,,,,,,,,,none,100,Infinity,none,Military PT 10,dead,fetal,"(-9.6, 0.0, -2.9)",none,"(0.0, -0.6, 0.0, 0.8)",none,EXPECTANT,still,
INJURY_RECORD,10,6/26/2026 11:30:14 AM,e7ca1105-8b8f-4dee-a332-17c93bb5c040,2.0,,,,,,,,,head,Face Shrapnel,"(-9.6, 1.7, -2.8)",israeliWrap,1,0,high,False,False,,,,,,,Military PT 10,
INJURY_RECORD,10,6/26/2026 11:30:14 AM,e7ca1105-8b8f-4dee-a332-17c93bb5c040,2.0,,,,,,,,,leftCalf,L Calf Laceration,"(-9.6, 0.3, -3.0)",israeliWrap,1,0,low,False,False,,,,,,,Military PT 10,
INJURY_RECORD,10,6/26/2026 11:30:14 AM,e7ca1105-8b8f-4dee-a332-17c93bb5c040,2.0,,,,,,,,,rightCalf,R Calf Laceration,"(-9.5, 0.3, -2.7)",israeliWrap,1,0,low,False,False,,,,,,,Military PT 10,
PATIENT_RECORD,10,6/26/2026 11:30:14 AM,e7ca1105-8b8f-4dee-a332-17c93bb5c040,2.0,,,,,,,,,,,,,,,,,,,,normal,100,Infinity,normal,Military PT 11,panic,standing,"(-6.4, 0.0, -0.3)",normal,"(0.0, -0.5, 0.0, 0.8)",normal,MINIMAL,still,
INJURY_RECORD,10,6/26/2026 11:30:14 AM,e7ca1105-8b8f-4dee-a332-17c93bb5c040,2.0,,,,,,,,,leftForearm,L Forearm Abrasion,"(-6.6, 1.4, -0.7)",gauzeWrap,1,0,low,False,False,,,,,,,Military PT 11,
INJURY_RECORD,10,6/26/2026 11:30:14 AM,e7ca1105-8b8f-4dee-a332-17c93bb5c040,2.0,,,,,,,,,rightForearm,R Forearm Abrasion,"(-6.2, 1.4, 0.2)",gauzeWrap,1,0,low,False,False,,,,,,,Military PT 11,
PATIENT_RECORD,10,6/26/2026 11:30:14 AM,e7ca1105-8b8f-4dee-a332-17c93bb5c040,2.0,,,,,,,,,,,,,,,,,,,,normal,100,Infinity,normal,Military PT 12,upset,standing,"(-12.8, 0.0, -4.1)",normal,"(0.0, 0.0, 0.0, 1.0)",normal,DELAYED,still,
INJURY_RECORD,10,6/26/2026 11:30:14 AM,e7ca1105-8b8f-4dee-a332-17c93bb5c040,2.0,,,,,,,,,head,R Eye Shrapnel,"(-12.8, 1.5, -4.0)",foxShield,1,0,high,False,False,,,,,,,Military PT 12,
PATIENT_RECORD,10,6/26/2026 11:30:14 AM,e7ca1105-8b8f-4dee-a332-17c93bb5c040,2.0,,,,,,,,,,,,,,,,,,,,normal,100,128,normal,Military PT 13,calm,standing,"(-15.2, 0.0, 5.0)",normal,"(0.0, 0.8, 0.0, 0.6)",normal,MINIMAL,still,
INJURY_RECORD,10,6/26/2026 11:30:14 AM,e7ca1105-8b8f-4dee-a332-17c93bb5c040,2.0,,,,,,,,,head,Concussion,"(0.0, 0.0, 0.0)",mentalAssessment,1,0,medium,False,False,,,,,,,Military PT 13,
PATIENT_RECORD,10,6/26/2026 11:30:14 AM,e7ca1105-8b8f-4dee-a332-17c93bb5c040,2.0,,,,,,,,,,,,,,,,,,,,normal,100,Infinity,normal,Civilian PT 14,upset,sittingGround,"(-14.1, 0.0, 3.6)",normal,"(0.0, 0.8, 0.0, 0.6)",normal,DELAYED,still,
INJURY_RECORD,10,6/26/2026 11:30:14 AM,e7ca1105-8b8f-4dee-a332-17c93bb5c040,2.0,,,,,,,,,leftArm,L Bicep Abrasion,"(-14.0, 1.3, 3.9)",gauzeWrap,1,0,low,False,False,,,,,,,Civilian PT 14,
INJURY_RECORD,10,6/26/2026 11:30:14 AM,e7ca1105-8b8f-4dee-a332-17c93bb5c040,2.0,,,,,,,,,rightArm,R Bicep Abrasion,"(-14.2, 1.3, 3.3)",gauzeWrap,1,0,low,False,False,,,,,,,Civilian PT 14,
INJURY_RECORD,10,6/26/2026 11:30:14 AM,e7ca1105-8b8f-4dee-a332-17c93bb5c040,2.0,,,,,,,,,leftCalf,L Calf Shrapnel,"(-14.1, 0.3, 3.7)",gauzeWrap,1,0,medium,False,False,,,,,,,Civilian PT 14,
INJURY_RECORD,10,6/26/2026 11:30:14 AM,e7ca1105-8b8f-4dee-a332-17c93bb5c040,2.0,,,,,,,,,head,L Face Abrasion,"(-14.0, 1.4, 3.6)",gauzeWrap,1,0,low,False,False,,,,,,,Civilian PT 14,
INJURY_RECORD,10,6/26/2026 11:30:14 AM,e7ca1105-8b8f-4dee-a332-17c93bb5c040,2.0,,,,,,,,,leftForearm,L Forearm Abrasion,"(-13.9, 1.3, 4.1)",gauzeWrap,1,0,low,False,False,,,,,,,Civilian PT 14,
PATIENT_RECORD,10,6/26/2026 11:30:14 AM,e7ca1105-8b8f-4dee-a332-17c93bb5c040,2.0,,,,,,,,,,,,,,,,,,,,fast,100,Infinity,normal,Civilian PT 15,upset,supine,"(-14.4, 0.0, -0.3)",fast,"(0.0, 0.8, 0.0, 0.6)",normal,IMMEDIATE,still,
INJURY_RECORD,10,6/26/2026 11:30:14 AM,e7ca1105-8b8f-4dee-a332-17c93bb5c040,2.0,,,,,,,,,abdomen,L Stomach Laceration,"(-14.3, 1.0, -0.3)",woundpack,1,0,medium,False,False,,,,,,,Civilian PT 15,
NARRATIVE_SECTION_START,45,6/26/2026 11:30:14 AM,e7ca1105-8b8f-4dee-a332-17c93bb5c040,2.0,,,,,,,,,,,,,,,,,,TCCC Trainer Intro,0,
AUDIO_START,91,6/26/2026 11:30:14 AM,e7ca1105-8b8f-4dee-a332-17c93bb5c040,2.0,mission briefing,37.66857,
PLAYER_POSITIONS,98,6/26/2026 11:30:14 AM,e7ca1105-8b8f-4dee-a332-17c93bb5c040,2.0,,,,,,,,,,,,,,,,,,,,,,,,,,,,,,,,,,,"(-11.3, 0.7, 10.7)","(-11.5, 1.5, 10.7)","(-11.7, 0.7, 10.6)",
PLAYER_POSITIONS,98,6/26/2026 11:30:14 AM,e7ca1105-8b8f-4dee-a332-17c93bb5c040,2.0,,,,,,,,,,,,,,,,,,,,,,,,,,,,,,,,,,,"(-11.3, 0.7, 10.7)","(-11.5, 1.5, 10.7)","(-11.7, 0.7, 10.6)",
VOICE_CAPTURE,193,6/26/2026 11:30:14 AM,e7ca1105-8b8f-4dee-a332-17c93bb5c040,2.0,,,,,,,,,,,,,,,,,,,,,,,,,,,,,,,,,,,,,,,,,,,,,,,,,,,NA,you.,
PLAYER_POSITIONS,614,6/26/2026 11:30:15 AM,e7ca1105-8b8f-4dee-a332-17c93bb5c040,2.0,,,,,,,,,,,,,,,,,,,,,,,,,,,,,,,,,,,"(-11.2, 0.7, 10.6)","(-11.5, 1.5, 10.7)","(-11.7, 0.7, 10.6)",
PLAYER_POSITIONS,614,6/26/2026 11:30:15 AM,e7ca1105-8b8f-4dee-a332-17c93bb5c040,2.0,,,,,,,,,,,,,,,,,,,,,,,,,,,,,,,,,,,"(-11.2, 0.7, 10.6)","(-11.5, 1.5, 10.7)","(-11.7, 0.7, 10.6)",
VOICE_CAPTURE,642,6/26/2026 11:30:15 AM,e7ca1105-8b8f-4dee-a332-17c93bb5c040,2.0,,,,,,,,,,,,,,,,,,,,,,,,,,,,,,,,,,,,,,,,,,,,,,,,,,,NA,you.,
VOICE_CAPTURE,1103,6/26/2026 11:30:15 AM,e7ca1105-8b8f-4dee-a332-17c93bb5c040,2.0,,,,,,,,,,,,,,,,,,,,,,,,,,,,,,,,,,,,,,,,,,,,,,,,,,,NA,you.,
PLAYER_POSITIONS,1118,6/26/2026 11:30:15 AM,e7ca1105-8b8f-4dee-a332-17c93bb5c040,2.0,,,,,,,,,,,,,,,,,,,,,,,,,,,,,,,,,,,"(-11.3, 0.7, 10.6)","(-11.5, 1.5, 10.7)","(-11.7, 0.7, 10.6)",
PLAYER_POSITIONS,1118,6/26/2026 11:30:15 AM,e7ca1105-8b8f-4dee-a332-17c93bb5c040,2.0,,,,,,,,,,,,,,,,,,,,,,,,,,,,,,,,,,,"(-11.3, 0.7, 10.6)","(-11.5, 1.5, 10.7)","(-11.7, 0.7, 10.6)",
VOICE_CAPTURE,1607,6/26/2026 11:30:16 AM,e7ca1105-8b8f-4dee-a332-17c93bb5c040,2.0,,,,,,,,,,,,,,,,,,,,,,,,,,,,,,,,,,,,,,,,,,,,,,,,,,,NA,you.,
PLAYER_POSITIONS,1621,6/26/2026 11:30:16 AM,e7ca1105-8b8f-4dee-a332-17c93bb5c040,2.0,,,,,,,,,,,,,,,,,,,,,,,,,,,,,,,,,,,"(-11.3, 0.7, 10.7)","(-11.5, 1.5, 10.7)","(-11.7, 0.7, 10.6)",
PLAYER_POSITIONS,1621,6/26/2026 11:30:16 AM,e7ca1105-8b8f-4dee-a332-17c93bb5c040,2.0,,,,,,,,,,,,,,,,,,,,,,,,,,,,,,,,,,,"(-11.3, 0.7, 10.7)","(-11.5, 1.5, 10.7)","(-11.7, 0.7, 10.6)",
PLAYER_POSITIONS,2126,6/26/2026 11:30:16 AM,e7ca1105-8b8f-4dee-a332-17c93bb5c040,2.0,,,,,,,,,,,,,,,,,,,,,,,,,,,,,,,,,,,"(-11.3, 0.7, 10.7)","(-11.5, 1.5, 10.7)","(-11.7, 0.7, 10.6)",
PLAYER_POSITIONS,2126,6/26/2026 11:30:16 AM,e7ca1105-8b8f-4dee-a332-17c93bb5c040,2.0,,,,,,,,,,,,,,,,,,,,,,,,,,,,,,,,,,,"(-11.3, 0.7, 10.7)","(-11.5, 1.5, 10.7)","(-11.7, 0.7, 10.6)",
VOICE_CAPTURE,2126,6/26/2026 11:30:16 AM,e7ca1105-8b8f-4dee-a332-17c93bb5c040,2.0,,,,,,,,,,,,,,,,,,,,,,,,,,,,,,,,,,,,,,,,,,,,,,,,,,,NA,you.,
PLAYER_POSITIONS,2643,6/26/2026 11:30:17 AM,e7ca1105-8b8f-4dee-a332-17c93bb5c040,2.0,,,,,,,,,,,,,,,,,,,,,,,,,,,,,,,,,,,"(-11.3, 0.7, 10.7)","(-11.5, 1.5, 10.7)","(-11.7, 0.7, 10.6)",
PLAYER_POSITIONS,2643,6/26/2026 11:30:17 AM,e7ca1105-8b8f-4dee-a332-17c93bb5c040,2.0,,,,,,,,,,,,,,,,,,,,,,,,,,,,,,,,,,,"(-11.3, 0.7, 10.7)","(-11.5, 1.5, 10.7)","(-11.7, 0.7, 10.6)",
VOICE_CAPTURE,2686,6/26/2026 11:30:17 AM,e7ca1105-8b8f-4dee-a332-17c93bb5c040,2.0,,,,,,,,,,,,,,,,,,,,,,,,,,,,,,,,,,,,,,,,,,,,,,,,,,,NA,you.,
VOICE_CAPTURE,3132,6/26/2026 11:30:17 AM,e7ca1105-8b8f-4dee-a332-17c93bb5c040,2.0,,,,,,,,,,,,,,,,,,,,,,,,,,,,,,,,,,,,,,,,,,,,,,,,,,,NA,you.,
PLAYER_POSITIONS,3146,6/26/2026 11:30:17 AM,e7ca1105-8b8f-4dee-a332-17c93bb5c040,2.0,,,,,,,,,,,,,,,,,,,,,,,,,,,,,,,,,,,"(-11.3, 0.7, 10.6)","(-11.5, 1.5, 10.7)","(-11.7, 0.7, 10.6)",
PLAYER_POSITIONS,3146,6/26/2026 11:30:17 AM,e7ca1105-8b8f-4dee-a332-17c93bb5c040,2.0,,,,,,,,,,,,,,,,,,,,,,,,,,,,,,,,,,,"(-11.3, 0.7, 10.6)","(-11.5, 1.5, 10.7)","(-11.7, 0.7, 10.6)",
VOICE_CAPTURE,3628,6/26/2026 11:30:18 AM,e7ca1105-8b8f-4dee-a332-17c93bb5c040,2.0,,,,,,,,,,,,,,,,,,,,,,,,,,,,,,,,,,,,,,,,,,,,,,,,,,,NA,you.,
PLAYER_POSITIONS,3656,6/26/2026 11:30:18 AM,e7ca1105-8b8f-4dee-a332-17c93bb5c040,2.0,,,,,,,,,,,,,,,,,,,,,,,,,,,,,,,,,,,"(-11.3, 0.7, 10.6)","(-11.5, 1.5, 10.7)","(-11.7, 0.7, 10.6)",
PLAYER_POSITIONS,3656,6/26/2026 11:30:18 AM,e7ca1105-8b8f-4dee-a332-17c93bb5c040,2.0,,,,,,,,,,,,,,,,,,,,,,,,,,,,,,,,,,,"(-11.3, 0.7, 10.6)","(-11.5, 1.5, 10.7)","(-11.7, 0.7, 10.6)",
VOICE_CAPTURE,4137,6/26/2026 11:30:18 AM,e7ca1105-8b8f-4dee-a332-17c93bb5c040,2.0,,,,,,,,,,,,,,,,,,,,,,,,,,,,,,,,,,,,,,,,,,,,,,,,,,,NA,you.,
PLAYER_POSITIONS,4155,6/26/2026 11:30:18 AM,e7ca1105-8b8f-4dee-a332-17c93bb5c040,2.0,,,,,,,,,,,,,,,,,,,,,,,,,,,,,,,,,,,"(-11.3, 0.7, 10.7)","(-11.5, 1.5, 10.7)","(-11.7, 0.7, 10.6)",
PLAYER_POSITIONS,4155,6/26/2026 11:30:18 AM,e7ca1105-8b8f-4dee-a332-17c93bb5c040,2.0,,,,,,,,,,,,,,,,,,,,,,,,,,,,,,,,,,,"(-11.3, 0.7, 10.7)","(-11.5, 1.5, 10.7)","(-11.7, 0.7, 10.6)",
VOICE_CAPTURE,4614,6/26/2026 11:30:19 AM,e7ca1105-8b8f-4dee-a332-17c93bb5c040,2.0,,,,,,,,,,,,,,,,,,,,,,,,,,,,,,,,,,,,,,,,,,,,,,,,,,,NA,you.,
PLAYER_POSITIONS,4657,6/26/2026 11:30:19 AM,e7ca1105-8b8f-4dee-a332-17c93bb5c040,2.0,,,,,,,,,,,,,,,,,,,,,,,,,,,,,,,,,,,"(-11.3, 0.7, 10.7)","(-11.5, 1.5, 10.7)","(-11.7, 0.7, 10.6)",
PLAYER_POSITIONS,4657,6/26/2026 11:30:19 AM,e7ca1105-8b8f-4dee-a332-17c93bb5c040,2.0,,,,,,,,,,,,,,,,,,,,,,,,,,,,,,,,,,,"(-11.3, 0.7, 10.7)","(-11.5, 1.5, 10.7)","(-11.7, 0.7, 10.6)",
VOICE_CAPTURE,5141,6/26/2026 11:30:19 AM,e7ca1105-8b8f-4dee-a332-17c93bb5c040,2.0,,,,,,,,,,,,,,,,,,,,,,,,,,,,,,,,,,,,,,,,,,,,,,,,,,,NA,you.,
PLAYER_POSITIONS,5170,6/26/2026 11:30:19 AM,e7ca1105-8b8f-4dee-a332-17c93bb5c040,2.0,,,,,,,,,,,,,,,,,,,,,,,,,,,,,,,,,,,"(-11.3, 0.7, 10.6)","(-11.5, 1.5, 10.7)","(-11.7, 0.7, 10.6)",
PLAYER_POSITIONS,5170,6/26/2026 11:30:19 AM,e7ca1105-8b8f-4dee-a332-17c93bb5c040,2.0,,,,,,,,,,,,,,,,,,,,,,,,,,,,,,,,,,,"(-11.3, 0.7, 10.6)","(-11.5, 1.5, 10.7)","(-11.7, 0.7, 10.6)",
VOICE_CAPTURE,5628,6/26/2026 11:30:20 AM,e7ca1105-8b8f-4dee-a332-17c93bb5c040,2.0,,,,,,,,,,,,,,,,,,,,,,,,,,,,,,,,,,,,,,,,,,,,,,,,,,,NA,you.,
PLAYER_POSITIONS,5683,6/26/2026 11:30:20 AM,e7ca1105-8b8f-4dee-a332-17c93bb5c040,2.0,,,,,,,,,,,,,,,,,,,,,,,,,,,,,,,,,,,"(-11.3, 0.7, 10.6)","(-11.5, 1.5, 10.7)","(-11.7, 0.7, 10.6)",
PLAYER_POSITIONS,5683,6/26/2026 11:30:20 AM,e7ca1105-8b8f-4dee-a332-17c93bb5c040,2.0,,,,,,,,,,,,,,,,,,,,,,,,,,,,,,,,,,,"(-11.3, 0.7, 10.6)","(-11.5, 1.5, 10.7)","(-11.7, 0.7, 10.6)",
VOICE_CAPTURE,6115,6/26/2026 11:30:20 AM,e7ca1105-8b8f-4dee-a332-17c93bb5c040,2.0,,,,,,,,,,,,,,,,,,,,,,,,,,,,,,,,,,,,,,,,,,,,,,,,,,,NA,you.,
PLAYER_POSITIONS,6185,6/26/2026 11:30:20 AM,e7ca1105-8b8f-4dee-a332-17c93bb5c040,2.0,,,,,,,,,,,,,,,,,,,,,,,,,,,,,,,,,,,"(-11.3, 0.7, 10.6)","(-11.5, 1.5, 10.7)","(-11.7, 0.7, 10.6)",
PLAYER_POSITIONS,6185,6/26/2026 11:30:20 AM,e7ca1105-8b8f-4dee-a332-17c93bb5c040,2.0,,,,,,,,,,,,,,,,,,,,,,,,,,,,,,,,,,,"(-11.3, 0.7, 10.6)","(-11.5, 1.5, 10.7)","(-11.7, 0.7, 10.6)",
VOICE_CAPTURE,6631,6/26/2026 11:30:21 AM,e7ca1105-8b8f-4dee-a332-17c93bb5c040,2.0,,,,,,,,,,,,,,,,,,,,,,,,,,,,,,,,,,,,,,,,,,,,,,,,,,,NA,you.,
PLAYER_POSITIONS,6688,6/26/2026 11:30:21 AM,e7ca1105-8b8f-4dee-a332-17c93bb5c040,2.0,,,,,,,,,,,,,,,,,,,,,,,,,,,,,,,,,,,"(-11.3, 0.7, 10.6)","(-11.5, 1.6, 10.8)","(-11.7, 0.7, 10.6)",
PLAYER_POSITIONS,6688,6/26/2026 11:30:21 AM,e7ca1105-8b8f-4dee-a332-17c93bb5c040,2.0,,,,,,,,,,,,,,,,,,,,,,,,,,,,,,,,,,,"(-11.3, 0.7, 10.6)","(-11.5, 1.6, 10.8)","(-11.7, 0.7, 10.6)",
VOICE_CAPTURE,7145,6/26/2026 11:30:21 AM,e7ca1105-8b8f-4dee-a332-17c93bb5c040,2.0,,,,,,,,,,,,,,,,,,,,,,,,,,,,,,,,,,,,,,,,,,,,,,,,,,,NA,you.,
PLAYER_POSITIONS,7201,6/26/2026 11:30:21 AM,e7ca1105-8b8f-4dee-a332-17c93bb5c040,2.0,,,,,,,,,,,,,,,,,,,,,,,,,,,,,,,,,,,"(-11.3, 0.7, 10.7)","(-11.5, 1.5, 10.7)","(-11.7, 0.7, 10.6)",
PLAYER_POSITIONS,7201,6/26/2026 11:30:21 AM,e7ca1105-8b8f-4dee-a332-17c93bb5c040,2.0,,,,,,,,,,,,,,,,,,,,,,,,,,,,,,,,,,,"(-11.3, 0.7, 10.7)","(-11.5, 1.5, 10.7)","(-11.7, 0.7, 10.6)",
VOICE_CAPTURE,7619,6/26/2026 11:30:22 AM,e7ca1105-8b8f-4dee-a332-17c93bb5c040,2.0,,,,,,,,,,,,,,,,,,,,,,,,,,,,,,,,,,,,,,,,,,,,,,,,,,,NA,you.,
PLAYER_POSITIONS,7702,6/26/2026 11:30:22 AM,e7ca1105-8b8f-4dee-a332-17c93bb5c040,2.0,,,,,,,,,,,,,,,,,,,,,,,,,,,,,,,,,,,"(-11.3, 0.7, 10.7)","(-11.5, 1.5, 10.7)","(-11.7, 0.7, 10.6)",
PLAYER_POSITIONS,7702,6/26/2026 11:30:22 AM,e7ca1105-8b8f-4dee-a332-17c93bb5c040,2.0,,,,,,,,,,,,,,,,,,,,,,,,,,,,,,,,,,,"(-11.3, 0.7, 10.7)","(-11.5, 1.5, 10.7)","(-11.7, 0.7, 10.6)",
VOICE_CAPTURE,8134,6/26/2026 11:30:22 AM,e7ca1105-8b8f-4dee-a332-17c93bb5c040,2.0,,,,,,,,,,,,,,,,,,,,,,,,,,,,,,,,,,,,,,,,,,,,,,,,,,,NA,you.,
PLAYER_POSITIONS,8203,6/26/2026 11:30:22 AM,e7ca1105-8b8f-4dee-a332-17c93bb5c040,2.0,,,,,,,,,,,,,,,,,,,,,,,,,,,,,,,,,,,"(-11.4, 0.7, 10.6)","(-11.6, 1.5, 10.7)","(-11.8, 0.7, 10.6)",
PLAYER_POSITIONS,8203,6/26/2026 11:30:22 AM,e7ca1105-8b8f-4dee-a332-17c93bb5c040,2.0,,,,,,,,,,,,,,,,,,,,,,,,,,,,,,,,,,,"(-11.4, 0.7, 10.6)","(-11.6, 1.5, 10.7)","(-11.8, 0.7, 10.6)",
VOICE_CAPTURE,8593,6/26/2026 11:30:23 AM,e7ca1105-8b8f-4dee-a332-17c93bb5c040,2.0,,,,,,,,,,,,,,,,,,,,,,,,,,,,,,,,,,,,,,,,,,,,,,,,,,,NA,you.,
PLAYER_POSITIONS,8705,6/26/2026 11:30:23 AM,e7ca1105-8b8f-4dee-a332-17c93bb5c040,2.0,,,,,,,,,,,,,,,,,,,,,,,,,,,,,,,,,,,"(-11.3, 0.7, 10.7)","(-11.5, 1.5, 10.7)","(-11.7, 0.7, 10.6)",
PLAYER_POSITIONS,8705,6/26/2026 11:30:23 AM,e7ca1105-8b8f-4dee-a332-17c93bb5c040,2.0,,,,,,,,,,,,,,,,,,,,,,,,,,,,,,,,,,,"(-11.3, 0.7, 10.7)","(-11.5, 1.5, 10.7)","(-11.7, 0.7, 10.6)",
VOICE_CAPTURE,9136,6/26/2026 11:30:23 AM,e7ca1105-8b8f-4dee-a332-17c93bb5c040,2.0,,,,,,,,,,,,,,,,,,,,,,,,,,,,,,,,,,,,,,,,,,,,,,,,,,,NA,you.,
PLAYER_POSITIONS,9217,6/26/2026 11:30:23 AM,e7ca1105-8b8f-4dee-a332-17c93bb5c040,2.0,,,,,,,,,,,,,,,,,,,,,,,,,,,,,,,,,,,"(-11.2, 0.7, 10.8)","(-11.4, 1.4, 10.8)","(-11.6, 0.7, 10.6)",
PLAYER_POSITIONS,9217,6/26/2026 11:30:23 AM,e7ca1105-8b8f-4dee-a332-17c93bb5c040,2.0,,,,,,,,,,,,,,,,,,,,,,,,,,,,,,,,,,,"(-11.2, 0.7, 10.8)","(-11.4, 1.4, 10.8)","(-11.6, 0.7, 10.6)",
VOICE_CAPTURE,9621,6/26/2026 11:30:24 AM,e7ca1105-8b8f-4dee-a332-17c93bb5c040,2.0,,,,,,,,,,,,,,,,,,,,,,,,,,,,,,,,,,,,,,,,,,,,,,,,,,,NA,you.,
PLAYER_POSITIONS,9718,6/26/2026 11:30:24 AM,e7ca1105-8b8f-4dee-a332-17c93bb5c040,2.0,,,,,,,,,,,,,,,,,,,,,,,,,,,,,,,,,,,"(-11.2, 0.7, 10.7)","(-11.3, 1.4, 10.7)","(-11.6, 0.7, 10.7)",
PLAYER_POSITIONS,9718,6/26/2026 11:30:24 AM,e7ca1105-8b8f-4dee-a332-17c93bb5c040,2.0,,,,,,,,,,,,,,,,,,,,,,,,,,,,,,,,,,,"(-11.2, 0.7, 10.7)","(-11.3, 1.4, 10.7)","(-11.6, 0.7, 10.7)",
VOICE_CAPTURE,10137,6/26/2026 11:30:24 AM,e7ca1105-8b8f-4dee-a332-17c93bb5c040,2.0,,,,,,,,,,,,,,,,,,,,,,,,,,,,,,,,,,,,,,,,,,,,,,,,,,,NA,you.,
PLAYER_POSITIONS,10218,6/26/2026 11:30:24 AM,e7ca1105-8b8f-4dee-a332-17c93bb5c040,2.0,,,,,,,,,,,,,,,,,,,,,,,,,,,,,,,,,,,"(-11.2, 0.7, 10.8)","(-11.3, 1.3, 10.7)","(-11.6, 0.7, 10.7)",
PLAYER_POSITIONS,10218,6/26/2026 11:30:24 AM,e7ca1105-8b8f-4dee-a332-17c93bb5c040,2.0,,,,,,,,,,,,,,,,,,,,,,,,,,,,,,,,,,,"(-11.2, 0.7, 10.8)","(-11.3, 1.3, 10.7)","(-11.6, 0.7, 10.7)",
VOICE_CAPTURE,10608,6/26/2026 11:30:25 AM,e7ca1105-8b8f-4dee-a332-17c93bb5c040,2.0,,,,,,,,,,,,,,,,,,,,,,,,,,,,,,,,,,,,,,,,,,,,,,,,,,,NA,you.,
PLAYER_POSITIONS,10720,6/26/2026 11:30:25 AM,e7ca1105-8b8f-4dee-a332-17c93bb5c040,2.0,,,,,,,,,,,,,,,,,,,,,,,,,,,,,,,,,,,"(-11.2, 0.7, 10.7)","(-11.3, 1.4, 10.7)","(-11.6, 0.7, 10.6)",
PLAYER_POSITIONS,10720,6/26/2026 11:30:25 AM,e7ca1105-8b8f-4dee-a332-17c93bb5c040,2.0,,,,,,,,,,,,,,,,,,,,,,,,,,,,,,,,,,,"(-11.2, 0.7, 10.7)","(-11.3, 1.4, 10.7)","(-11.6, 0.7, 10.6)",
VOICE_CAPTURE,11111,6/26/2026 11:30:25 AM,e7ca1105-8b8f-4dee-a332-17c93bb5c040,2.0,,,,,,,,,,,,,,,,,,,,,,,,,,,,,,,,,,,,,,,,,,,,,,,,,,,NA,you.,
PLAYER_POSITIONS,11222,6/26/2026 11:30:25 AM,e7ca1105-8b8f-4dee-a332-17c93bb5c040,2.0,,,,,,,,,,,,,,,,,,,,,,,,,,,,,,,,,,,"(-11.2, 0.7, 10.7)","(-11.4, 1.4, 10.7)","(-11.6, 0.7, 10.6)",
PLAYER_POSITIONS,11222,6/26/2026 11:30:25 AM,e7ca1105-8b8f-4dee-a332-17c93bb5c040,2.0,,,,,,,,,,,,,,,,,,,,,,,,,,,,,,,,,,,"(-11.2, 0.7, 10.7)","(-11.4, 1.4, 10.7)","(-11.6, 0.7, 10.6)",
VOICE_CAPTURE,11668,6/26/2026 11:30:26 AM,e7ca1105-8b8f-4dee-a332-17c93bb5c040,2.0,,,,,,,,,,,,,,,,,,,,,,,,,,,,,,,,,,,,,,,,,,,,,,,,,,,NA,you.,
PLAYER_POSITIONS,11722,6/26/2026 11:30:26 AM,e7ca1105-8b8f-4dee-a332-17c93bb5c040,2.0,,,,,,,,,,,,,,,,,,,,,,,,,,,,,,,,,,,"(-11.2, 0.7, 10.7)","(-11.4, 1.4, 10.7)","(-11.6, 0.7, 10.6)",
PLAYER_POSITIONS,11722,6/26/2026 11:30:26 AM,e7ca1105-8b8f-4dee-a332-17c93bb5c040,2.0,,,,,,,,,,,,,,,,,,,,,,,,,,,,,,,,,,,"(-11.2, 0.7, 10.7)","(-11.4, 1.4, 10.7)","(-11.6, 0.7, 10.6)",
VOICE_CAPTURE,12146,6/26/2026 11:30:26 AM,e7ca1105-8b8f-4dee-a332-17c93bb5c040,2.0,,,,,,,,,,,,,,,,,,,,,,,,,,,,,,,,,,,,,,,,,,,,,,,,,,,NA,you.,
PLAYER_POSITIONS,12224,6/26/2026 11:30:26 AM,e7ca1105-8b8f-4dee-a332-17c93bb5c040,2.0,,,,,,,,,,,,,,,,,,,,,,,,,,,,,,,,,,,"(-11.2, 0.7, 10.7)","(-11.4, 1.5, 10.7)","(-11.6, 0.7, 10.6)",
PLAYER_GAZE,12224,6/26/2026 11:30:26 AM,e7ca1105-8b8f-4dee-a332-17c93bb5c040,2.0,,,,,,,,,,,,,,,,,,,,,,,,Military PT 5,,,,,,,,,"(-2.0, 1.5, 9.0)",,,"(-9.4, 0.0, 1.7)",
PLAYER_POSITIONS,12224,6/26/2026 11:30:26 AM,e7ca1105-8b8f-4dee-a332-17c93bb5c040,2.0,,,,,,,,,,,,,,,,,,,,,,,,,,,,,,,,,,,"(-11.2, 0.7, 10.7)","(-11.4, 1.5, 10.7)","(-11.6, 0.7, 10.6)",
PLAYER_GAZE,12224,6/26/2026 11:30:26 AM,e7ca1105-8b8f-4dee-a332-17c93bb5c040,2.0,,,,,,,,,,,,,,,,,,,,,,,,Military PT 5,,,,,,,,,"(-2.0, 1.5, 9.0)",,,"(-9.4, 0.0, 1.7)",
VOICE_CAPTURE,12669,6/26/2026 11:30:27 AM,e7ca1105-8b8f-4dee-a332-17c93bb5c040,2.0,,,,,,,,,,,,,,,,,,,,,,,,,,,,,,,,,,,,,,,,,,,,,,,,,,,NA,you.,
PLAYER_POSITIONS,12725,6/26/2026 11:30:27 AM,e7ca1105-8b8f-4dee-a332-17c93bb5c040,2.0,,,,,,,,,,,,,,,,,,,,,,,,,,,,,,,,,,,"(-11.2, 0.7, 10.7)","(-11.4, 1.5, 10.8)","(-11.6, 0.7, 10.6)",
PLAYER_POSITIONS,12725,6/26/2026 11:30:27 AM,e7ca1105-8b8f-4dee-a332-17c93bb5c040,2.0,,,,,,,,,,,,,,,,,,,,,,,,,,,,,,,,,,,"(-11.2, 0.7, 10.7)","(-11.4, 1.5, 10.8)","(-11.6, 0.7, 10.6)",
VOICE_CAPTURE,13130,6/26/2026 11:30:27 AM,e7ca1105-8b8f-4dee-a332-17c93bb5c040,2.0,,,,,,,,,,,,,,,,,,,,,,,,,,,,,,,,,,,,,,,,,,,,,,,,,,,NA,you.,
PLAYER_POSITIONS,13229,6/26/2026 11:30:27 AM,e7ca1105-8b8f-4dee-a332-17c93bb5c040,2.0,,,,,,,,,,,,,,,,,,,,,,,,,,,,,,,,,,,"(-11.2, 0.7, 10.7)","(-11.4, 1.5, 10.8)","(-11.6, 0.7, 10.6)",
PLAYER_POSITIONS,13229,6/26/2026 11:30:27 AM,e7ca1105-8b8f-4dee-a332-17c93bb5c040,2.0,,,,,,,,,,,,,,,,,,,,,,,,,,,,,,,,,,,"(-11.2, 0.7, 10.7)","(-11.4, 1.5, 10.8)","(-11.6, 0.7, 10.6)",
VOICE_CAPTURE,13616,6/26/2026 11:30:28 AM,e7ca1105-8b8f-4dee-a332-17c93bb5c040,2.0,,,,,,,,,,,,,,,,,,,,,,,,,,,,,,,,,,,,,,,,,,,,,,,,,,,NA,you.,
PLAYER_POSITIONS,13742,6/26/2026 11:30:28 AM,e7ca1105-8b8f-4dee-a332-17c93bb5c040,2.0,,,,,,,,,,,,,,,,,,,,,,,,,,,,,,,,,,,"(-11.1, 0.7, 10.7)","(-11.3, 1.5, 10.8)","(-11.6, 0.7, 10.7)",
PLAYER_POSITIONS,13742,6/26/2026 11:30:28 AM,e7ca1105-8b8f-4dee-a332-17c93bb5c040,2.0,,,,,,,,,,,,,,,,,,,,,,,,,,,,,,,,,,,"(-11.1, 0.7, 10.7)","(-11.3, 1.5, 10.8)","(-11.6, 0.7, 10.7)",
VOICE_CAPTURE,14158,6/26/2026 11:30:28 AM,e7ca1105-8b8f-4dee-a332-17c93bb5c040,2.0,,,,,,,,,,,,,,,,,,,,,,,,,,,,,,,,,,,,,,,,,,,,,,,,,,,NA,you.,
PLAYER_POSITIONS,14255,6/26/2026 11:30:28 AM,e7ca1105-8b8f-4dee-a332-17c93bb5c040,2.0,,,,,,,,,,,,,,,,,,,,,,,,,,,,,,,,,,,"(-11.1, 0.7, 10.7)","(-11.3, 1.5, 10.8)","(-11.6, 0.7, 10.7)",
PLAYER_POSITIONS,14255,6/26/2026 11:30:28 AM,e7ca1105-8b8f-4dee-a332-17c93bb5c040,2.0,,,,,,,,,,,,,,,,,,,,,,,,,,,,,,,,,,,"(-11.1, 0.7, 10.7)","(-11.3, 1.5, 10.8)","(-11.6, 0.7, 10.7)",
VOICE_CAPTURE,14589,6/26/2026 11:30:29 AM,e7ca1105-8b8f-4dee-a332-17c93bb5c040,2.0,,,,,,,,,,,,,,,,,,,,,,,,,,,,,,,,,,,,,,,,,,,,,,,,,,,NA,you.,
PLAYER_POSITIONS,14769,6/26/2026 11:30:29 AM,e7ca1105-8b8f-4dee-a332-17c93bb5c040,2.0,,,,,,,,,,,,,,,,,,,,,,,,,,,,,,,,,,,"(-11.2, 0.7, 10.8)","(-11.3, 1.5, 10.8)","(-11.6, 0.7, 10.7)",
PLAYER_POSITIONS,14769,6/26/2026 11:30:29 AM,e7ca1105-8b8f-4dee-a332-17c93bb5c040,2.0,,,,,,,,,,,,,,,,,,,,,,,,,,,,,,,,,,,"(-11.2, 0.7, 10.8)","(-11.3, 1.5, 10.8)","(-11.6, 0.7, 10.7)",
VOICE_CAPTURE,15130,6/26/2026 11:30:29 AM,e7ca1105-8b8f-4dee-a332-17c93bb5c040,2.0,,,,,,,,,,,,,,,,,,,,,,,,,,,,,,,,,,,,,,,,,,,,,,,,,,,NA,you.,
PLAYER_POSITIONS,15271,6/26/2026 11:30:29 AM,e7ca1105-8b8f-4dee-a332-17c93bb5c040,2.0,,,,,,,,,,,,,,,,,,,,,,,,,,,,,,,,,,,"(-11.1, 0.7, 10.8)","(-11.3, 1.5, 10.8)","(-11.6, 0.6, 10.7)",
PLAYER_POSITIONS,15271,6/26/2026 11:30:29 AM,e7ca1105-8b8f-4dee-a332-17c93bb5c040,2.0,,,,,,,,,,,,,,,,,,,,,,,,,,,,,,,,,,,"(-11.1, 0.7, 10.8)","(-11.3, 1.5, 10.8)","(-11.6, 0.6, 10.7)",
VOICE_CAPTURE,15660,6/26/2026 11:30:30 AM,e7ca1105-8b8f-4dee-a332-17c93bb5c040,2.0,,,,,,,,,,,,,,,,,,,,,,,,,,,,,,,,,,,,,,,,,,,,,,,,,,,NA,you.,
PLAYER_POSITIONS,15783,6/26/2026 11:30:30 AM,e7ca1105-8b8f-4dee-a332-17c93bb5c040,2.0,,,,,,,,,,,,,,,,,,,,,,,,,,,,,,,,,,,"(-11.2, 0.8, 10.6)","(-11.3, 1.5, 10.8)","(-11.6, 0.8, 10.5)",
PLAYER_POSITIONS,15783,6/26/2026 11:30:30 AM,e7ca1105-8b8f-4dee-a332-17c93bb5c040,2.0,,,,,,,,,,,,,,,,,,,,,,,,,,,,,,,,,,,"(-11.2, 0.8, 10.6)","(-11.3, 1.5, 10.8)","(-11.6, 0.8, 10.5)",
VOICE_CAPTURE,16145,6/26/2026 11:30:30 AM,e7ca1105-8b8f-4dee-a332-17c93bb5c040,2.0,,,,,,,,,,,,,,,,,,,,,,,,,,,,,,,,,,,,,,,,,,,,,,,,,,,NA,you.,
PLAYER_POSITIONS,16297,6/26/2026 11:30:31 AM,e7ca1105-8b8f-4dee-a332-17c93bb5c040,2.0,,,,,,,,,,,,,,,,,,,,,,,,,,,,,,,,,,,"(-11.1, 1.4, 10.7)","(-11.3, 1.4, 10.8)","(-11.6, 1.6, 10.9)",
PLAYER_POSITIONS,16297,6/26/2026 11:30:31 AM,e7ca1105-8b8f-4dee-a332-17c93bb5c040,2.0,,,,,,,,,,,,,,,,,,,,,,,,,,,,,,,,,,,"(-11.1, 1.4, 10.7)","(-11.3, 1.4, 10.8)","(-11.6, 1.6, 10.9)",
VOICE_CAPTURE,16617,6/26/2026 11:30:31 AM,e7ca1105-8b8f-4dee-a332-17c93bb5c040,2.0,,,,,,,,,,,,,,,,,,,,,,,,,,,,,,,,,,,,,,,,,,,,,,,,,,,NA,you.,
PLAYER_POSITIONS,16798,6/26/2026 11:30:31 AM,e7ca1105-8b8f-4dee-a332-17c93bb5c040,2.0,,,,,,,,,,,,,,,,,,,,,,,,,,,,,,,,,,,"(-11.2, 1.4, 10.8)","(-11.3, 1.4, 10.8)","(-11.5, 1.6, 11.0)",
PLAYER_POSITIONS,16798,6/26/2026 11:30:31 AM,e7ca1105-8b8f-4dee-a332-17c93bb5c040,2.0,,,,,,,,,,,,,,,,,,,,,,,,,,,,,,,,,,,"(-11.2, 1.4, 10.8)","(-11.3, 1.4, 10.8)","(-11.5, 1.6, 11.0)",
VOICE_CAPTURE,17147,6/26/2026 11:30:31 AM,e7ca1105-8b8f-4dee-a332-17c93bb5c040,2.0,,,,,,,,,,,,,,,,,,,,,,,,,,,,,,,,,,,,,,,,,,,,,,,,,,,NA,you.,
PLAYER_POSITIONS,17300,6/26/2026 11:30:32 AM,e7ca1105-8b8f-4dee-a332-17c93bb5c040,2.0,,,,,,,,,,,,,,,,,,,,,,,,,,,,,,,,,,,"(-11.2, 1.4, 10.8)","(-11.3, 1.4, 10.8)","(-11.5, 1.6, 11.0)",
PLAYER_POSITIONS,17300,6/26/2026 11:30:32 AM,e7ca1105-8b8f-4dee-a332-17c93bb5c040,2.0,,,,,,,,,,,,,,,,,,,,,,,,,,,,,,,,,,,"(-11.2, 1.4, 10.8)","(-11.3, 1.4, 10.8)","(-11.5, 1.6, 11.0)",
VOICE_CAPTURE,17647,6/26/2026 11:30:32 AM,e7ca1105-8b8f-4dee-a332-17c93bb5c040,2.0,,,,,,,,,,,,,,,,,,,,,,,,,,,,,,,,,,,,,,,,,,,,,,,,,,,NA,you.,
PLAYER_POSITIONS,17801,6/26/2026 11:30:32 AM,e7ca1105-8b8f-4dee-a332-17c93bb5c040,2.0,,,,,,,,,,,,,,,,,,,,,,,,,,,,,,,,,,,"(-11.2, 1.4, 10.7)","(-11.3, 1.4, 10.8)","(-11.5, 1.6, 11.0)",
PLAYER_POSITIONS,17801,6/26/2026 11:30:32 AM,e7ca1105-8b8f-4dee-a332-17c93bb5c040,2.0,,,,,,,,,,,,,,,,,,,,,,,,,,,,,,,,,,,"(-11.2, 1.4, 10.7)","(-11.3, 1.4, 10.8)","(-11.5, 1.6, 11.0)",
VOICE_CAPTURE,18149,6/26/2026 11:30:32 AM,e7ca1105-8b8f-4dee-a332-17c93bb5c040,2.0,,,,,,,,,,,,,,,,,,,,,,,,,,,,,,,,,,,,,,,,,,,,,,,,,,,NA,you.,
PLAYER_POSITIONS,18301,6/26/2026 11:30:33 AM,e7ca1105-8b8f-4dee-a332-17c93bb5c040,2.0,,,,,,,,,,,,,,,,,,,,,,,,,,,,,,,,,,,"(-11.2, 1.4, 10.7)","(-11.3, 1.4, 10.8)","(-11.5, 1.6, 11.0)",
PLAYER_POSITIONS,18301,6/26/2026 11:30:33 AM,e7ca1105-8b8f-4dee-a332-17c93bb5c040,2.0,,,,,,,,,,,,,,,,,,,,,,,,,,,,,,,,,,,"(-11.2, 1.4, 10.7)","(-11.3, 1.4, 10.8)","(-11.5, 1.6, 11.0)",
VOICE_CAPTURE,18623,6/26/2026 11:30:33 AM,e7ca1105-8b8f-4dee-a332-17c93bb5c040,2.0,,,,,,,,,,,,,,,,,,,,,,,,,,,,,,,,,,,,,,,,,,,,,,,,,,,NA,you.,
PLAYER_POSITIONS,18804,6/26/2026 11:30:33 AM,e7ca1105-8b8f-4dee-a332-17c93bb5c040,2.0,,,,,,,,,,,,,,,,,,,,,,,,,,,,,,,,,,,"(-11.2, 1.4, 10.7)","(-11.3, 1.4, 10.8)","(-11.5, 1.5, 11.0)",
PLAYER_POSITIONS,18804,6/26/2026 11:30:33 AM,e7ca1105-8b8f-4dee-a332-17c93bb5c040,2.0,,,,,,,,,,,,,,,,,,,,,,,,,,,,,,,,,,,"(-11.2, 1.4, 10.7)","(-11.3, 1.4, 10.8)","(-11.5, 1.5, 11.0)",
VOICE_CAPTURE,19096,6/26/2026 11:30:33 AM,e7ca1105-8b8f-4dee-a332-17c93bb5c040,2.0,,,,,,,,,,,,,,,,,,,,,,,,,,,,,,,,,,,,,,,,,,,,,,,,,,,NA,you.,
PLAYER_POSITIONS,19304,6/26/2026 11:30:34 AM,e7ca1105-8b8f-4dee-a332-17c93bb5c040,2.0,,,,,,,,,,,,,,,,,,,,,,,,,,,,,,,,,,,"(-11.2, 1.4, 10.7)","(-11.4, 1.5, 10.8)","(-11.6, 1.6, 11.0)",
PLAYER_POSITIONS,19304,6/26/2026 11:30:34 AM,e7ca1105-8b8f-4dee-a332-17c93bb5c040,2.0,,,,,,,,,,,,,,,,,,,,,,,,,,,,,,,,,,,"(-11.2, 1.4, 10.7)","(-11.4, 1.5, 10.8)","(-11.6, 1.6, 11.0)",
VOICE_CAPTURE,19607,6/26/2026 11:30:34 AM,e7ca1105-8b8f-4dee-a332-17c93bb5c040,2.0,,,,,,,,,,,,,,,,,,,,,,,,,,,,,,,,,,,,,,,,,,,,,,,,,,,NA,you.,
PLAYER_POSITIONS,19815,6/26/2026 11:30:34 AM,e7ca1105-8b8f-4dee-a332-17c93bb5c040,2.0,,,,,,,,,,,,,,,,,,,,,,,,,,,,,,,,,,,"(-11.3, 1.2, 10.6)","(-11.3, 1.5, 10.8)","(-11.6, 1.2, 10.5)",
PLAYER_POSITIONS,19815,6/26/2026 11:30:34 AM,e7ca1105-8b8f-4dee-a332-17c93bb5c040,2.0,,,,,,,,,,,,,,,,,,,,,,,,,,,,,,,,,,,"(-11.3, 1.2, 10.6)","(-11.3, 1.5, 10.8)","(-11.6, 1.2, 10.5)",
VOICE_CAPTURE,20139,6/26/2026 11:30:34 AM,e7ca1105-8b8f-4dee-a332-17c93bb5c040,2.0,,,,,,,,,,,,,,,,,,,,,,,,,,,,,,,,,,,,,,,,,,,,,,,,,,,NA,you.,
PLAYER_POSITIONS,20329,6/26/2026 11:30:35 AM,e7ca1105-8b8f-4dee-a332-17c93bb5c040,2.0,,,,,,,,,,,,,,,,,,,,,,,,,,,,,,,,,,,"(-11.2, 0.7, 10.7)","(-11.4, 1.5, 10.8)","(-11.7, 0.7, 10.7)",
PLAYER_POSITIONS,20329,6/26/2026 11:30:35 AM,e7ca1105-8b8f-4dee-a332-17c93bb5c040,2.0,,,,,,,,,,,,,,,,,,,,,,,,,,,,,,,,,,,"(-11.2, 0.7, 10.7)","(-11.4, 1.5, 10.8)","(-11.7, 0.7, 10.7)",
VOICE_CAPTURE,20648,6/26/2026 11:30:35 AM,e7ca1105-8b8f-4dee-a332-17c93bb5c040,2.0,,,,,,,,,,,,,,,,,,,,,,,,,,,,,,,,,,,,,,,,,,,,,,,,,,,NA,you.,
PLAYER_POSITIONS,20842,6/26/2026 11:30:35 AM,e7ca1105-8b8f-4dee-a332-17c93bb5c040,2.0,,,,,,,,,,,,,,,,,,,,,,,,,,,,,,,,,,,"(-11.2, 0.8, 10.7)","(-11.4, 1.5, 10.8)","(-11.6, 0.8, 10.6)",
PLAYER_POSITIONS,20842,6/26/2026 11:30:35 AM,e7ca1105-8b8f-4dee-a332-17c93bb5c040,2.0,,,,,,,,,,,,,,,,,,,,,,,,,,,,,,,,,,,"(-11.2, 0.8, 10.7)","(-11.4, 1.5, 10.8)","(-11.6, 0.8, 10.6)",
VOICE_CAPTURE,21121,6/26/2026 11:30:35 AM,e7ca1105-8b8f-4dee-a332-17c93bb5c040,2.0,,,,,,,,,,,,,,,,,,,,,,,,,,,,,,,,,,,,,,,,,,,,,,,,,,,NA,you.,
PLAYER_POSITIONS,21354,6/26/2026 11:30:36 AM,e7ca1105-8b8f-4dee-a332-17c93bb5c040,2.0,,,,,,,,,,,,,,,,,,,,,,,,,,,,,,,,,,,"(-11.1, 0.7, 10.7)","(-11.4, 1.5, 10.8)","(-11.6, 0.8, 10.6)",
PLAYER_POSITIONS,21354,6/26/2026 11:30:36 AM,e7ca1105-8b8f-4dee-a332-17c93bb5c040,2.0,,,,,,,,,,,,,,,,,,,,,,,,,,,,,,,,,,,"(-11.1, 0.7, 10.7)","(-11.4, 1.5, 10.8)","(-11.6, 0.8, 10.6)",
VOICE_CAPTURE,21620,6/26/2026 11:30:36 AM,e7ca1105-8b8f-4dee-a332-17c93bb5c040,2.0,,,,,,,,,,,,,,,,,,,,,,,,,,,,,,,,,,,,,,,,,,,,,,,,,,,NA,you.,
PLAYER_POSITIONS,21868,6/26/2026 11:30:36 AM,e7ca1105-8b8f-4dee-a332-17c93bb5c040,2.0,,,,,,,,,,,,,,,,,,,,,,,,,,,,,,,,,,,"(-11.1, 0.7, 10.7)","(-11.4, 1.5, 10.8)","(-11.6, 0.7, 10.6)",
PLAYER_POSITIONS,21868,6/26/2026 11:30:36 AM,e7ca1105-8b8f-4dee-a332-17c93bb5c040,2.0,,,,,,,,,,,,,,,,,,,,,,,,,,,,,,,,,,,"(-11.1, 0.7, 10.7)","(-11.4, 1.5, 10.8)","(-11.6, 0.7, 10.6)",
VOICE_CAPTURE,22132,6/26/2026 11:30:36 AM,e7ca1105-8b8f-4dee-a332-17c93bb5c040,2.0,,,,,,,,,,,,,,,,,,,,,,,,,,,,,,,,,,,,,,,,,,,,,,,,,,,NA,you.,
PLAYER_POSITIONS,22382,6/26/2026 11:30:37 AM,e7ca1105-8b8f-4dee-a332-17c93bb5c040,2.0,,,,,,,,,,,,,,,,,,,,,,,,,,,,,,,,,,,"(-11.1, 0.7, 10.7)","(-11.4, 1.5, 10.8)","(-11.6, 0.7, 10.6)",
PLAYER_POSITIONS,22382,6/26/2026 11:30:37 AM,e7ca1105-8b8f-4dee-a332-17c93bb5c040,2.0,,,,,,,,,,,,,,,,,,,,,,,,,,,,,,,,,,,"(-11.1, 0.7, 10.7)","(-11.4, 1.5, 10.8)","(-11.6, 0.7, 10.6)",
VOICE_CAPTURE,22661,6/26/2026 11:30:37 AM,e7ca1105-8b8f-4dee-a332-17c93bb5c040,2.0,,,,,,,,,,,,,,,,,,,,,,,,,,,,,,,,,,,,,,,,,,,,,,,,,,,NA,you. No.,
PLAYER_POSITIONS,22882,6/26/2026 11:30:37 AM,e7ca1105-8b8f-4dee-a332-17c93bb5c040,2.0,,,,,,,,,,,,,,,,,,,,,,,,,,,,,,,,,,,"(-11.1, 0.7, 10.7)","(-11.4, 1.5, 10.8)","(-11.6, 0.7, 10.6)",
PLAYER_POSITIONS,22882,6/26/2026 11:30:37 AM,e7ca1105-8b8f-4dee-a332-17c93bb5c040,2.0,,,,,,,,,,,,,,,,,,,,,,,,,,,,,,,,,,,"(-11.1, 0.7, 10.7)","(-11.4, 1.5, 10.8)","(-11.6, 0.7, 10.6)",
VOICE_CAPTURE,23119,6/26/2026 11:30:37 AM,e7ca1105-8b8f-4dee-a332-17c93bb5c040,2.0,,,,,,,,,,,,,,,,,,,,,,,,,,,,,,,,,,,,,,,,,,,,,,,,,,,NA,you. Not.,
PLAYER_POSITIONS,23388,6/26/2026 11:30:38 AM,e7ca1105-8b8f-4dee-a332-17c93bb5c040,2.0,,,,,,,,,,,,,,,,,,,,,,,,,,,,,,,,,,,"(-11.2, 0.7, 10.7)","(-11.4, 1.5, 10.8)","(-11.6, 0.7, 10.6)",
PLAYER_POSITIONS,23388,6/26/2026 11:30:38 AM,e7ca1105-8b8f-4dee-a332-17c93bb5c040,2.0,,,,,,,,,,,,,,,,,,,,,,,,,,,,,,,,,,,"(-11.2, 0.7, 10.7)","(-11.4, 1.5, 10.8)","(-11.6, 0.7, 10.6)",
VOICE_CAPTURE,23653,6/26/2026 11:30:38 AM,e7ca1105-8b8f-4dee-a332-17c93bb5c040,2.0,,,,,,,,,,,,,,,,,,,,,,,,,,,,,,,,,,,,,,,,,,,,,,,,,,,NA,you. Not.,
VOICE_CAPTURE,23653,6/26/2026 11:30:38 AM,e7ca1105-8b8f-4dee-a332-17c93bb5c040,2.0,,,,,,,,,,,,,,,,,,,,,,,,,,,,,,,,,,,,,,,,,,,,,,,,,,,NA,you. Not.,
PLAYER_POSITIONS,23904,6/26/2026 11:30:38 AM,e7ca1105-8b8f-4dee-a332-17c93bb5c040,2.0,,,,,,,,,,,,,,,,,,,,,,,,,,,,,,,,,,,"(-11.1, 0.7, 10.7)","(-11.4, 1.5, 10.8)","(-11.6, 0.7, 10.7)",
PLAYER_POSITIONS,23904,6/26/2026 11:30:38 AM,e7ca1105-8b8f-4dee-a332-17c93bb5c040,2.0,,,,,,,,,,,,,,,,,,,,,,,,,,,,,,,,,,,"(-11.1, 0.7, 10.7)","(-11.4, 1.5, 10.8)","(-11.6, 0.7, 10.7)",
PLAYER_POSITIONS,24417,6/26/2026 11:30:39 AM,e7ca1105-8b8f-4dee-a332-17c93bb5c040,2.0,,,,,,,,,,,,,,,,,,,,,,,,,,,,,,,,,,,"(-11.1, 0.7, 10.7)","(-11.4, 1.5, 10.8)","(-11.6, 0.7, 10.6)",
PLAYER_POSITIONS,24417,6/26/2026 11:30:39 AM,e7ca1105-8b8f-4dee-a332-17c93bb5c040,2.0,,,,,,,,,,,,,,,,,,,,,,,,,,,,,,,,,,,"(-11.1, 0.7, 10.7)","(-11.4, 1.5, 10.8)","(-11.6, 0.7, 10.6)",
PLAYER_POSITIONS,24918,6/26/2026 11:30:39 AM,e7ca1105-8b8f-4dee-a332-17c93bb5c040,2.0,,,,,,,,,,,,,,,,,,,,,,,,,,,,,,,,,,,"(-11.2, 0.7, 10.7)","(-11.4, 1.5, 10.8)","(-11.6, 0.7, 10.7)",
PLAYER_POSITIONS,24918,6/26/2026 11:30:39 AM,e7ca1105-8b8f-4dee-a332-17c93bb5c040,2.0,,,,,,,,,,,,,,,,,,,,,,,,,,,,,,,,,,,"(-11.2, 0.7, 10.7)","(-11.4, 1.5, 10.8)","(-11.6, 0.7, 10.7)",
PLAYER_POSITIONS,25419,6/26/2026 11:30:40 AM,e7ca1105-8b8f-4dee-a332-17c93bb5c040,2.0,,,,,,,,,,,,,,,,,,,,,,,,,,,,,,,,,,,"(-11.2, 0.7, 10.7)","(-11.4, 1.5, 10.8)","(-11.6, 0.7, 10.7)",
PLAYER_POSITIONS,25419,6/26/2026 11:30:40 AM,e7ca1105-8b8f-4dee-a332-17c93bb5c040,2.0,,,,,,,,,,,,,,,,,,,,,,,,,,,,,,,,,,,"(-11.2, 0.7, 10.7)","(-11.4, 1.5, 10.8)","(-11.6, 0.7, 10.7)",
PLAYER_POSITIONS,25933,6/26/2026 11:30:40 AM,e7ca1105-8b8f-4dee-a332-17c93bb5c040,2.0,,,,,,,,,,,,,,,,,,,,,,,,,,,,,,,,,,,"(-11.2, 0.7, 10.7)","(-11.4, 1.5, 10.8)","(-11.6, 0.7, 10.7)",
PLAYER_POSITIONS,25933,6/26/2026 11:30:40 AM,e7ca1105-8b8f-4dee-a332-17c93bb5c040,2.0,,,,,,,,,,,,,,,,,,,,,,,,,,,,,,,,,,,"(-11.2, 0.7, 10.7)","(-11.4, 1.5, 10.8)","(-11.6, 0.7, 10.7)",
PLAYER_POSITIONS,26447,6/26/2026 11:30:41 AM,e7ca1105-8b8f-4dee-a332-17c93bb5c040,2.0,,,,,,,,,,,,,,,,,,,,,,,,,,,,,,,,,,,"(-11.1, 0.7, 10.7)","(-11.4, 1.5, 10.8)","(-11.6, 0.7, 10.6)",
PLAYER_POSITIONS,26447,6/26/2026 11:30:41 AM,e7ca1105-8b8f-4dee-a332-17c93bb5c040,2.0,,,,,,,,,,,,,,,,,,,,,,,,,,,,,,,,,,,"(-11.1, 0.7, 10.7)","(-11.4, 1.5, 10.8)","(-11.6, 0.7, 10.6)",
PLAYER_POSITIONS,26948,6/26/2026 11:30:41 AM,e7ca1105-8b8f-4dee-a332-17c93bb5c040,2.0,,,,,,,,,,,,,,,,,,,,,,,,,,,,,,,,,,,"(-11.1, 0.7, 10.7)","(-11.4, 1.5, 10.8)","(-11.6, 0.7, 10.6)",
PLAYER_POSITIONS,26948,6/26/2026 11:30:41 AM,e7ca1105-8b8f-4dee-a332-17c93bb5c040,2.0,,,,,,,,,,,,,,,,,,,,,,,,,,,,,,,,,,,"(-11.1, 0.7, 10.7)","(-11.4, 1.5, 10.8)","(-11.6, 0.7, 10.6)",
PLAYER_POSITIONS,27449,6/26/2026 11:30:42 AM,e7ca1105-8b8f-4dee-a332-17c93bb5c040,2.0,,,,,,,,,,,,,,,,,,,,,,,,,,,,,,,,,,,"(-11.1, 0.7, 10.7)","(-11.4, 1.5, 10.8)","(-11.6, 0.7, 10.6)",
PLAYER_POSITIONS,27449,6/26/2026 11:30:42 AM,e7ca1105-8b8f-4dee-a332-17c93bb5c040,2.0,,,,,,,,,,,,,,,,,,,,,,,,,,,,,,,,,,,"(-11.1, 0.7, 10.7)","(-11.4, 1.5, 10.8)","(-11.6, 0.7, 10.6)",
PLAYER_POSITIONS,27951,6/26/2026 11:30:42 AM,e7ca1105-8b8f-4dee-a332-17c93bb5c040,2.0,,,,,,,,,,,,,,,,,,,,,,,,,,,,,,,,,,,"(-11.1, 0.7, 10.7)","(-11.3, 1.5, 10.8)","(-11.6, 0.7, 10.6)",
PLAYER_GAZE,27951,6/26/2026 11:30:42 AM,e7ca1105-8b8f-4dee-a332-17c93bb5c040,2.0,,,,,,,,,,,,,,,,,,,,,,,,Military PT 6,,,,,,,,,"(-2.2, 1.5, 6.2)",,,"(-9.1, 0.0, 4.6)",
PLAYER_POSITIONS,27951,6/26/2026 11:30:42 AM,e7ca1105-8b8f-4dee-a332-17c93bb5c040,2.0,,,,,,,,,,,,,,,,,,,,,,,,,,,,,,,,,,,"(-11.1, 0.7, 10.7)","(-11.3, 1.5, 10.8)","(-11.6, 0.7, 10.6)",
PLAYER_GAZE,27951,6/26/2026 11:30:42 AM,e7ca1105-8b8f-4dee-a332-17c93bb5c040,2.0,,,,,,,,,,,,,,,,,,,,,,,,Military PT 6,,,,,,,,,"(-2.2, 1.5, 6.2)",,,"(-9.1, 0.0, 4.6)",
PLAYER_POSITIONS,28452,6/26/2026 11:30:43 AM,e7ca1105-8b8f-4dee-a332-17c93bb5c040,2.0,,,,,,,,,,,,,,,,,,,,,,,,,,,,,,,,,,,"(-11.2, 0.7, 10.7)","(-11.3, 1.5, 10.8)","(-11.6, 0.7, 10.6)",
PLAYER_POSITIONS,28452,6/26/2026 11:30:43 AM,e7ca1105-8b8f-4dee-a332-17c93bb5c040,2.0,,,,,,,,,,,,,,,,,,,,,,,,,,,,,,,,,,,"(-11.2, 0.7, 10.7)","(-11.3, 1.5, 10.8)","(-11.6, 0.7, 10.6)",
PLAYER_POSITIONS,28965,6/26/2026 11:30:43 AM,e7ca1105-8b8f-4dee-a332-17c93bb5c040,2.0,,,,,,,,,,,,,,,,,,,,,,,,,,,,,,,,,,,"(-11.2, 0.7, 10.7)","(-11.4, 1.5, 10.8)","(-11.6, 0.7, 10.7)",
PLAYER_POSITIONS,28965,6/26/2026 11:30:43 AM,e7ca1105-8b8f-4dee-a332-17c93bb5c040,2.0,,,,,,,,,,,,,,,,,,,,,,,,,,,,,,,,,,,"(-11.2, 0.7, 10.7)","(-11.4, 1.5, 10.8)","(-11.6, 0.7, 10.7)",
PLAYER_POSITIONS,29467,6/26/2026 11:30:44 AM,e7ca1105-8b8f-4dee-a332-17c93bb5c040,2.0,,,,,,,,,,,,,,,,,,,,,,,,,,,,,,,,,,,"(-11.2, 0.7, 10.7)","(-11.4, 1.5, 10.8)","(-11.6, 0.7, 10.7)",
PLAYER_POSITIONS,29467,6/26/2026 11:30:44 AM,e7ca1105-8b8f-4dee-a332-17c93bb5c040,2.0,,,,,,,,,,,,,,,,,,,,,,,,,,,,,,,,,,,"(-11.2, 0.7, 10.7)","(-11.4, 1.5, 10.8)","(-11.6, 0.7, 10.7)",
PLAYER_POSITIONS,29969,6/26/2026 11:30:44 AM,e7ca1105-8b8f-4dee-a332-17c93bb5c040,2.0,,,,,,,,,,,,,,,,,,,,,,,,,,,,,,,,,,,"(-11.2, 0.7, 10.7)","(-11.4, 1.5, 10.8)","(-11.6, 0.7, 10.7)",
PLAYER_POSITIONS,29969,6/26/2026 11:30:44 AM,e7ca1105-8b8f-4dee-a332-17c93bb5c040,2.0,,,,,,,,,,,,,,,,,,,,,,,,,,,,,,,,,,,"(-11.2, 0.7, 10.7)","(-11.4, 1.5, 10.8)","(-11.6, 0.7, 10.7)",
PLAYER_POSITIONS,30469,6/26/2026 11:30:45 AM,e7ca1105-8b8f-4dee-a332-17c93bb5c040,2.0,,,,,,,,,,,,,,,,,,,,,,,,,,,,,,,,,,,"(-11.2, 0.7, 10.7)","(-11.4, 1.5, 10.8)","(-11.6, 0.7, 10.7)",
PLAYER_POSITIONS,30469,6/26/2026 11:30:45 AM,e7ca1105-8b8f-4dee-a332-17c93bb5c040,2.0,,,,,,,,,,,,,,,,,,,,,,,,,,,,,,,,,,,"(-11.2, 0.7, 10.7)","(-11.4, 1.5, 10.8)","(-11.6, 0.7, 10.7)",
VOICE_CAPTURE,30697,6/26/2026 11:30:45 AM,e7ca1105-8b8f-4dee-a332-17c93bb5c040,2.0,,,,,,,,,,,,,,,,,,,,,,,,,,,,,,,,,,,,,,,,,,,,,,,,,,,NA,We're actually--,
PLAYER_POSITIONS,30971,6/26/2026 11:30:45 AM,e7ca1105-8b8f-4dee-a332-17c93bb5c040,2.0,,,,,,,,,,,,,,,,,,,,,,,,,,,,,,,,,,,"(-11.2, 0.7, 10.7)","(-11.4, 1.5, 10.8)","(-11.6, 0.7, 10.6)",
PLAYER_POSITIONS,30971,6/26/2026 11:30:45 AM,e7ca1105-8b8f-4dee-a332-17c93bb5c040,2.0,,,,,,,,,,,,,,,,,,,,,,,,,,,,,,,,,,,"(-11.2, 0.7, 10.7)","(-11.4, 1.5, 10.8)","(-11.6, 0.7, 10.6)",
PLAYER_POSITIONS,31472,6/26/2026 11:30:46 AM,e7ca1105-8b8f-4dee-a332-17c93bb5c040,2.0,,,,,,,,,,,,,,,,,,,,,,,,,,,,,,,,,,,"(-11.2, 0.7, 10.7)","(-11.4, 1.5, 10.8)","(-11.6, 0.7, 10.6)",
PLAYER_POSITIONS,31472,6/26/2026 11:30:46 AM,e7ca1105-8b8f-4dee-a332-17c93bb5c040,2.0,,,,,,,,,,,,,,,,,,,,,,,,,,,,,,,,,,,"(-11.2, 0.7, 10.7)","(-11.4, 1.5, 10.8)","(-11.6, 0.7, 10.6)",
VOICE_CAPTURE,31709,6/26/2026 11:30:46 AM,e7ca1105-8b8f-4dee-a332-17c93bb5c040,2.0,,,,,,,,,,,,,,,,,,,,,,,,,,,,,,,,,,,,,,,,,,,,,,,,,,,NA,We're actually--,
PLAYER_POSITIONS,31973,6/26/2026 11:30:46 AM,e7ca1105-8b8f-4dee-a332-17c93bb5c040,2.0,,,,,,,,,,,,,,,,,,,,,,,,,,,,,,,,,,,"(-11.2, 0.7, 10.7)","(-11.4, 1.5, 10.8)","(-11.6, 0.7, 10.6)",
PLAYER_POSITIONS,31973,6/26/2026 11:30:46 AM,e7ca1105-8b8f-4dee-a332-17c93bb5c040,2.0,,,,,,,,,,,,,,,,,,,,,,,,,,,,,,,,,,,"(-11.2, 0.7, 10.7)","(-11.4, 1.5, 10.8)","(-11.6, 0.7, 10.6)",
VOICE_CAPTURE,32126,6/26/2026 11:30:46 AM,e7ca1105-8b8f-4dee-a332-17c93bb5c040,2.0,,,,,,,,,,,,,,,,,,,,,,,,,,,,,,,,,,,,,,,,,,,,,,,,,,,NA,We're actually--,
VOICE_CAPTURE,32127,6/26/2026 11:30:46 AM,e7ca1105-8b8f-4dee-a332-17c93bb5c040,2.0,,,,,,,,,,,,,,,,,,,,,,,,,,,,,,,,,,,,,,,,,,,,,,,,,,,NA,We're actually--,
PLAYER_POSITIONS,32475,6/26/2026 11:30:47 AM,e7ca1105-8b8f-4dee-a332-17c93bb5c040,2.0,,,,,,,,,,,,,,,,,,,,,,,,,,,,,,,,,,,"(-11.2, 0.7, 10.7)","(-11.3, 1.5, 10.8)","(-11.6, 0.7, 10.6)",
PLAYER_POSITIONS,32475,6/26/2026 11:30:47 AM,e7ca1105-8b8f-4dee-a332-17c93bb5c040,2.0,,,,,,,,,,,,,,,,,,,,,,,,,,,,,,,,,,,"(-11.2, 0.7, 10.7)","(-11.3, 1.5, 10.8)","(-11.6, 0.7, 10.6)",
VOICE_CAPTURE,32600,6/26/2026 11:30:47 AM,e7ca1105-8b8f-4dee-a332-17c93bb5c040,2.0,,,,,,,,,,,,,,,,,,,,,,,,,,,,,,,,,,,,,,,,,,,,,,,,,,,NA,Okay.,
PLAYER_POSITIONS,32976,6/26/2026 11:30:47 AM,e7ca1105-8b8f-4dee-a332-17c93bb5c040,2.0,,,,,,,,,,,,,,,,,,,,,,,,,,,,,,,,,,,"(-11.1, 0.7, 10.8)","(-11.3, 1.5, 10.8)","(-11.6, 0.7, 10.6)",
PLAYER_POSITIONS,32976,6/26/2026 11:30:47 AM,e7ca1105-8b8f-4dee-a332-17c93bb5c040,2.0,,,,,,,,,,,,,,,,,,,,,,,,,,,,,,,,,,,"(-11.1, 0.7, 10.8)","(-11.3, 1.5, 10.8)","(-11.6, 0.7, 10.6)",
VOICE_CAPTURE,33091,6/26/2026 11:30:47 AM,e7ca1105-8b8f-4dee-a332-17c93bb5c040,2.0,,,,,,,,,,,,,,,,,,,,,,,,,,,,,,,,,,,,,,,,,,,,,,,,,,,NA,Okay.,
PLAYER_POSITIONS,33477,6/26/2026 11:30:48 AM,e7ca1105-8b8f-4dee-a332-17c93bb5c040,2.0,,,,,,,,,,,,,,,,,,,,,,,,,,,,,,,,,,,"(-11.1, 0.7, 10.7)","(-11.4, 1.5, 10.8)","(-11.6, 0.7, 10.6)",
PLAYER_POSITIONS,33477,6/26/2026 11:30:48 AM,e7ca1105-8b8f-4dee-a332-17c93bb5c040,2.0,,,,,,,,,,,,,,,,,,,,,,,,,,,,,,,,,,,"(-11.1, 0.7, 10.7)","(-11.4, 1.5, 10.8)","(-11.6, 0.7, 10.6)",
VOICE_CAPTURE,33630,6/26/2026 11:30:48 AM,e7ca1105-8b8f-4dee-a332-17c93bb5c040,2.0,,,,,,,,,,,,,,,,,,,,,,,,,,,,,,,,,,,,,,,,,,,,,,,,,,,NA,Okay.,
PLAYER_POSITIONS,33978,6/26/2026 11:30:48 AM,e7ca1105-8b8f-4dee-a332-17c93bb5c040,2.0,,,,,,,,,,,,,,,,,,,,,,,,,,,,,,,,,,,"(-11.2, 0.7, 10.7)","(-11.4, 1.5, 10.8)","(-11.6, 0.7, 10.7)",
PLAYER_POSITIONS,33978,6/26/2026 11:30:48 AM,e7ca1105-8b8f-4dee-a332-17c93bb5c040,2.0,,,,,,,,,,,,,,,,,,,,,,,,,,,,,,,,,,,"(-11.2, 0.7, 10.7)","(-11.4, 1.5, 10.8)","(-11.6, 0.7, 10.7)",
VOICE_CAPTURE,34104,6/26/2026 11:30:48 AM,e7ca1105-8b8f-4dee-a332-17c93bb5c040,2.0,,,,,,,,,,,,,,,,,,,,,,,,,,,,,,,,,,,,,,,,,,,,,,,,,,,NA,Okay.,
PLAYER_POSITIONS,34494,6/26/2026 11:30:49 AM,e7ca1105-8b8f-4dee-a332-17c93bb5c040,2.0,,,,,,,,,,,,,,,,,,,,,,,,,,,,,,,,,,,"(-11.2, 0.7, 10.7)","(-11.4, 1.5, 10.8)","(-11.6, 0.7, 10.7)",
PLAYER_POSITIONS,34494,6/26/2026 11:30:49 AM,e7ca1105-8b8f-4dee-a332-17c93bb5c040,2.0,,,,,,,,,,,,,,,,,,,,,,,,,,,,,,,,,,,"(-11.2, 0.7, 10.7)","(-11.4, 1.5, 10.8)","(-11.6, 0.7, 10.7)",
VOICE_CAPTURE,34618,6/26/2026 11:30:49 AM,e7ca1105-8b8f-4dee-a332-17c93bb5c040,2.0,,,,,,,,,,,,,,,,,,,,,,,,,,,,,,,,,,,,,,,,,,,,,,,,,,,NA,Okay.,
PLAYER_POSITIONS,34994,6/26/2026 11:30:49 AM,e7ca1105-8b8f-4dee-a332-17c93bb5c040,2.0,,,,,,,,,,,,,,,,,,,,,,,,,,,,,,,,,,,"(-11.2, 0.7, 10.7)","(-11.4, 1.5, 10.8)","(-11.6, 1.0, 10.5)",
PLAYER_POSITIONS,34994,6/26/2026 11:30:49 AM,e7ca1105-8b8f-4dee-a332-17c93bb5c040,2.0,,,,,,,,,,,,,,,,,,,,,,,,,,,,,,,,,,,"(-11.2, 0.7, 10.7)","(-11.4, 1.5, 10.8)","(-11.6, 1.0, 10.5)",
VOICE_CAPTURE,35135,6/26/2026 11:30:49 AM,e7ca1105-8b8f-4dee-a332-17c93bb5c040,2.0,,,,,,,,,,,,,,,,,,,,,,,,,,,,,,,,,,,,,,,,,,,,,,,,,,,NA,Okay.,
PLAYER_POSITIONS,35496,6/26/2026 11:30:50 AM,e7ca1105-8b8f-4dee-a332-17c93bb5c040,2.0,,,,,,,,,,,,,,,,,,,,,,,,,,,,,,,,,,,"(-11.2, 0.7, 10.7)","(-11.4, 1.5, 10.8)","(-11.7, 1.0, 10.5)",
PLAYER_POSITIONS,35496,6/26/2026 11:30:50 AM,e7ca1105-8b8f-4dee-a332-17c93bb5c040,2.0,,,,,,,,,,,,,,,,,,,,,,,,,,,,,,,,,,,"(-11.2, 0.7, 10.7)","(-11.4, 1.5, 10.8)","(-11.7, 1.0, 10.5)",
VOICE_CAPTURE,35650,6/26/2026 11:30:50 AM,e7ca1105-8b8f-4dee-a332-17c93bb5c040,2.0,,,,,,,,,,,,,,,,,,,,,,,,,,,,,,,,,,,,,,,,,,,,,,,,,,,NA,Okay.,
PLAYER_POSITIONS,35998,6/26/2026 11:30:50 AM,e7ca1105-8b8f-4dee-a332-17c93bb5c040,2.0,,,,,,,,,,,,,,,,,,,,,,,,,,,,,,,,,,,"(-11.2, 0.7, 10.7)","(-11.4, 1.5, 10.8)","(-11.6, 0.7, 10.7)",
PLAYER_POSITIONS,35998,6/26/2026 11:30:50 AM,e7ca1105-8b8f-4dee-a332-17c93bb5c040,2.0,,,,,,,,,,,,,,,,,,,,,,,,,,,,,,,,,,,"(-11.2, 0.7, 10.7)","(-11.4, 1.5, 10.8)","(-11.6, 0.7, 10.7)",
VOICE_CAPTURE,36097,6/26/2026 11:30:50 AM,e7ca1105-8b8f-4dee-a332-17c93bb5c040,2.0,,,,,,,,,,,,,,,,,,,,,,,,,,,,,,,,,,,,,,,,,,,,,,,,,,,NA,Okay.,
PLAYER_POSITIONS,36499,6/26/2026 11:30:51 AM,e7ca1105-8b8f-4dee-a332-17c93bb5c040,2.0,,,,,,,,,,,,,,,,,,,,,,,,,,,,,,,,,,,"(-11.2, 0.7, 10.7)","(-11.4, 1.5, 10.8)","(-11.6, 0.7, 10.6)",
PLAYER_POSITIONS,36499,6/26/2026 11:30:51 AM,e7ca1105-8b8f-4dee-a332-17c93bb5c040,2.0,,,,,,,,,,,,,,,,,,,,,,,,,,,,,,,,,,,"(-11.2, 0.7, 10.7)","(-11.4, 1.5, 10.8)","(-11.6, 0.7, 10.6)",
VOICE_CAPTURE,36639,6/26/2026 11:30:51 AM,e7ca1105-8b8f-4dee-a332-17c93bb5c040,2.0,,,,,,,,,,,,,,,,,,,,,,,,,,,,,,,,,,,,,,,,,,,,,,,,,,,NA,Okay.,
PLAYER_POSITIONS,37006,6/26/2026 11:30:51 AM,e7ca1105-8b8f-4dee-a332-17c93bb5c040,2.0,,,,,,,,,,,,,,,,,,,,,,,,,,,,,,,,,,,"(-11.2, 0.7, 10.7)","(-11.4, 1.5, 10.8)","(-11.6, 0.7, 10.7)",
PLAYER_POSITIONS,37006,6/26/2026 11:30:51 AM,e7ca1105-8b8f-4dee-a332-17c93bb5c040,2.0,,,,,,,,,,,,,,,,,,,,,,,,,,,,,,,,,,,"(-11.2, 0.7, 10.7)","(-11.4, 1.5, 10.8)","(-11.6, 0.7, 10.7)",
VOICE_CAPTURE,37133,6/26/2026 11:30:51 AM,e7ca1105-8b8f-4dee-a332-17c93bb5c040,2.0,,,,,,,,,,,,,,,,,,,,,,,,,,,,,,,,,,,,,,,,,,,,,,,,,,,NA,Okay.,
PLAYER_POSITIONS,37502,6/26/2026 11:30:52 AM,e7ca1105-8b8f-4dee-a332-17c93bb5c040,2.0,,,,,,,,,,,,,,,,,,,,,,,,,,,,,,,,,,,"(-11.1, 1.1, 10.5)","(-11.4, 1.5, 10.8)","(-11.6, 1.1, 10.4)",
PLAYER_POSITIONS,37502,6/26/2026 11:30:52 AM,e7ca1105-8b8f-4dee-a332-17c93bb5c040,2.0,,,,,,,,,,,,,,,,,,,,,,,,,,,,,,,,,,,"(-11.1, 1.1, 10.5)","(-11.4, 1.5, 10.8)","(-11.6, 1.1, 10.4)",
VOICE_CAPTURE,37600,6/26/2026 11:30:52 AM,e7ca1105-8b8f-4dee-a332-17c93bb5c040,2.0,,,,,,,,,,,,,,,,,,,,,,,,,,,,,,,,,,,,,,,,,,,,,,,,,,,NA,Okay.,
AUDIO_END,37627,6/26/2026 11:30:52 AM,e7ca1105-8b8f-4dee-a332-17c93bb5c040,2.0,mission briefing,37.66857,
NARRATIVE_SECTION_END,37628,6/26/2026 11:30:52 AM,e7ca1105-8b8f-4dee-a332-17c93bb5c040,2.0,,,,,,,,,,,,,,,,,,TCCC Trainer Intro,0,
NARRATIVE_SECTION_START,37638,6/26/2026 11:30:52 AM,e7ca1105-8b8f-4dee-a332-17c93bb5c040,2.0,,,,,,,,,,,,,,,,,,Mission Briefing Room Fade,1,
PLAYER_POSITIONS,38004,6/26/2026 11:30:52 AM,e7ca1105-8b8f-4dee-a332-17c93bb5c040,2.0,,,,,,,,,,,,,,,,,,,,,,,,,,,,,,,,,,,"(-11.2, 1.4, 10.5)","(-11.4, 1.5, 10.8)","(-11.5, 1.4, 10.4)",
PLAYER_POSITIONS,38004,6/26/2026 11:30:52 AM,e7ca1105-8b8f-4dee-a332-17c93bb5c040,2.0,,,,,,,,,,,,,,,,,,,,,,,,,,,,,,,,,,,"(-11.2, 1.4, 10.5)","(-11.4, 1.5, 10.8)","(-11.5, 1.4, 10.4)",
VOICE_CAPTURE,38143,6/26/2026 11:30:52 AM,e7ca1105-8b8f-4dee-a332-17c93bb5c040,2.0,,,,,,,,,,,,,,,,,,,,,,,,,,,,,,,,,,,,,,,,,,,,,,,,,,,NA,Okay.,
PLAYER_POSITIONS,38508,6/26/2026 11:30:53 AM,e7ca1105-8b8f-4dee-a332-17c93bb5c040,2.0,,,,,,,,,,,,,,,,,,,,,,,,,,,,,,,,,,,"(-11.2, 1.0, 10.6)","(-11.4, 1.5, 10.8)","(-11.5, 1.1, 10.6)",
PLAYER_POSITIONS,38508,6/26/2026 11:30:53 AM,e7ca1105-8b8f-4dee-a332-17c93bb5c040,2.0,,,,,,,,,,,,,,,,,,,,,,,,,,,,,,,,,,,"(-11.2, 1.0, 10.6)","(-11.4, 1.5, 10.8)","(-11.5, 1.1, 10.6)",
VOICE_CAPTURE,38604,6/26/2026 11:30:53 AM,e7ca1105-8b8f-4dee-a332-17c93bb5c040,2.0,,,,,,,,,,,,,,,,,,,,,,,,,,,,,,,,,,,,,,,,,,,,,,,,,,,NA,Okay.,
PLAYER_POSITIONS,39025,6/26/2026 11:30:53 AM,e7ca1105-8b8f-4dee-a332-17c93bb5c040,2.0,,,,,,,,,,,,,,,,,,,,,,,,,,,,,,,,,,,"(-11.2, 0.9, 10.6)","(-11.4, 1.5, 10.8)","(-11.5, 0.9, 10.5)",
PLAYER_POSITIONS,39025,6/26/2026 11:30:53 AM,e7ca1105-8b8f-4dee-a332-17c93bb5c040,2.0,,,,,,,,,,,,,,,,,,,,,,,,,,,,,,,,,,,"(-11.2, 0.9, 10.6)","(-11.4, 1.5, 10.8)","(-11.5, 0.9, 10.5)",
VOICE_CAPTURE,39105,6/26/2026 11:30:53 AM,e7ca1105-8b8f-4dee-a332-17c93bb5c040,2.0,,,,,,,,,,,,,,,,,,,,,,,,,,,,,,,,,,,,,,,,,,,,,,,,,,,NA,Okay.,
PLAYER_POSITIONS,39534,6/26/2026 11:30:54 AM,e7ca1105-8b8f-4dee-a332-17c93bb5c040,2.0,,,,,,,,,,,,,,,,,,,,,,,,,,,,,,,,,,,"(-11.2, 0.7, 10.7)","(-11.4, 1.5, 10.8)","(-11.6, 0.8, 10.6)",
PLAYER_POSITIONS,39534,6/26/2026 11:30:54 AM,e7ca1105-8b8f-4dee-a332-17c93bb5c040,2.0,,,,,,,,,,,,,,,,,,,,,,,,,,,,,,,,,,,"(-11.2, 0.7, 10.7)","(-11.4, 1.5, 10.8)","(-11.6, 0.8, 10.6)",
VOICE_CAPTURE,39604,6/26/2026 11:30:54 AM,e7ca1105-8b8f-4dee-a332-17c93bb5c040,2.0,,,,,,,,,,,,,,,,,,,,,,,,,,,,,,,,,,,,,,,,,,,,,,,,,,,NA,Okay. Roger.,
NARRATIVE_SECTION_END,39646,6/26/2026 11:30:54 AM,e7ca1105-8b8f-4dee-a332-17c93bb5c040,2.0,,,,,,,,,,,,,,,,,,Mission Briefing Room Fade,1,
NARRATIVE_SECTION_START,39685,6/26/2026 11:30:54 AM,e7ca1105-8b8f-4dee-a332-17c93bb5c040,2.0,,,,,,,,,,,,,,,,,,Spawn In and alpha squad is hit,2,
AUDIO_START,39702,6/26/2026 11:30:54 AM,e7ca1105-8b8f-4dee-a332-17c93bb5c040,2.0,alpha squad is hit,4.675919,
TELEPORT,39764,6/26/2026 11:30:54 AM,e7ca1105-8b8f-4dee-a332-17c93bb5c040,2.0,,,,,,,,,,,,,,,,,,,,,,,,,,,,,,,,,,,,"(-11.4, 1.5, 10.8)",,,,,,,"(-11.4, 1.5, 10.8)",
PLAYER_POSITIONS,40041,6/26/2026 11:30:54 AM,e7ca1105-8b8f-4dee-a332-17c93bb5c040,2.0,,,,,,,,,,,,,,,,,,,,,,,,,,,,,,,,,,,"(-11.2, 0.7, 10.7)","(-11.4, 1.5, 10.8)","(-11.6, 0.7, 10.7)",
PLAYER_POSITIONS,40041,6/26/2026 11:30:54 AM,e7ca1105-8b8f-4dee-a332-17c93bb5c040,2.0,,,,,,,,,,,,,,,,,,,,,,,,,,,,,,,,,,,"(-11.2, 0.7, 10.7)","(-11.4, 1.5, 10.8)","(-11.6, 0.7, 10.7)",
VOICE_CAPTURE,40151,6/26/2026 11:30:54 AM,e7ca1105-8b8f-4dee-a332-17c93bb5c040,2.0,,,,,,,,,,,,,,,,,,,,,,,,,,,,,,,,,,,,,,,,,,,,,,,,,,,NA,Okay. Roger that.,
PLAYER_POSITIONS,40547,6/26/2026 11:30:55 AM,e7ca1105-8b8f-4dee-a332-17c93bb5c040,2.0,,,,,,,,,,,,,,,,,,,,,,,,,,,,,,,,,,,"(-11.2, 0.7, 10.7)","(-11.4, 1.5, 10.7)","(-11.6, 0.7, 10.7)",
PLAYER_POSITIONS,40547,6/26/2026 11:30:55 AM,e7ca1105-8b8f-4dee-a332-17c93bb5c040,2.0,,,,,,,,,,,,,,,,,,,,,,,,,,,,,,,,,,,"(-11.2, 0.7, 10.7)","(-11.4, 1.5, 10.7)","(-11.6, 0.7, 10.7)",
VOICE_CAPTURE,40603,6/26/2026 11:30:55 AM,e7ca1105-8b8f-4dee-a332-17c93bb5c040,2.0,,,,,,,,,,,,,,,,,,,,,,,,,,,,,,,,,,,,,,,,,,,,,,,,,,,NA,Okay. Roger that.,
VOICE_CAPTURE,40603,6/26/2026 11:30:55 AM,e7ca1105-8b8f-4dee-a332-17c93bb5c040,2.0,,,,,,,,,,,,,,,,,,,,,,,,,,,,,,,,,,,,,,,,,,,,,,,,,,,NA,Okay. Roger that.,
PLAYER_POSITIONS,41070,6/26/2026 11:30:55 AM,e7ca1105-8b8f-4dee-a332-17c93bb5c040,2.0,,,,,,,,,,,,,,,,,,,,,,,,,,,,,,,,,,,"(-10.9, 0.7, 10.4)","(-11.1, 1.5, 10.5)","(-11.4, 0.7, 10.4)",
PLAYER_POSITIONS,41070,6/26/2026 11:30:55 AM,e7ca1105-8b8f-4dee-a332-17c93bb5c040,2.0,,,,,,,,,,,,,,,,,,,,,,,,,,,,,,,,,,,"(-10.9, 0.7, 10.4)","(-11.1, 1.5, 10.5)","(-11.4, 0.7, 10.4)",
PLAYER_POSITIONS,41622,6/26/2026 11:30:56 AM,e7ca1105-8b8f-4dee-a332-17c93bb5c040,2.0,,,,,,,,,,,,,,,,,,,,,,,,,,,,,,,,,,,"(-10.6, 0.7, 9.5)","(-10.9, 1.5, 9.5)","(-11.1, 0.7, 9.4)",
PLAYER_POSITIONS,41622,6/26/2026 11:30:56 AM,e7ca1105-8b8f-4dee-a332-17c93bb5c040,2.0,,,,,,,,,,,,,,,,,,,,,,,,,,,,,,,,,,,"(-10.6, 0.7, 9.5)","(-10.9, 1.5, 9.5)","(-11.1, 0.7, 9.4)",
PLAYER_POSITIONS,42132,6/26/2026 11:30:56 AM,e7ca1105-8b8f-4dee-a332-17c93bb5c040,2.0,,,,,,,,,,,,,,,,,,,,,,,,,,,,,,,,,,,"(-10.5, 0.7, 8.6)","(-10.7, 1.5, 8.6)","(-10.9, 0.7, 8.5)",
PLAYER_GAZE,42132,6/26/2026 11:30:56 AM,e7ca1105-8b8f-4dee-a332-17c93bb5c040,2.0,,,,,,,,,,,,,,,,,,,,,,,,Military PT 6,,,,,,,,,"(-1.6, 1.5, 4.1)",,,"(-9.1, 0.0, 4.6)",
PLAYER_POSITIONS,42132,6/26/2026 11:30:56 AM,e7ca1105-8b8f-4dee-a332-17c93bb5c040,2.0,,,,,,,,,,,,,,,,,,,,,,,,,,,,,,,,,,,"(-10.5, 0.7, 8.6)","(-10.7, 1.5, 8.6)","(-10.9, 0.7, 8.5)",
PLAYER_GAZE,42132,6/26/2026 11:30:56 AM,e7ca1105-8b8f-4dee-a332-17c93bb5c040,2.0,,,,,,,,,,,,,,,,,,,,,,,,Military PT 6,,,,,,,,,"(-1.6, 1.5, 4.1)",,,"(-9.1, 0.0, 4.6)",
PLAYER_POSITIONS,42660,6/26/2026 11:30:57 AM,e7ca1105-8b8f-4dee-a332-17c93bb5c040,2.0,,,,,,,,,,,,,,,,,,,,,,,,,,,,,,,,,,,"(-10.3, 0.7, 7.7)","(-10.5, 1.5, 7.7)","(-10.7, 0.7, 7.6)",
PLAYER_GAZE,42660,6/26/2026 11:30:57 AM,e7ca1105-8b8f-4dee-a332-17c93bb5c040,2.0,,,,,,,,,,,,,,,,,,,,,,,,Military PT 6,,,,,,,,,"(-1.4, 1.5, 3.2)",,,"(-9.1, 0.0, 4.6)",
PLAYER_POSITIONS,42660,6/26/2026 11:30:57 AM,e7ca1105-8b8f-4dee-a332-17c93bb5c040,2.0,,,,,,,,,,,,,,,,,,,,,,,,,,,,,,,,,,,"(-10.3, 0.7, 7.7)","(-10.5, 1.5, 7.7)","(-10.7, 0.7, 7.6)",
PLAYER_GAZE,42660,6/26/2026 11:30:57 AM,e7ca1105-8b8f-4dee-a332-17c93bb5c040,2.0,,,,,,,,,,,,,,,,,,,,,,,,Military PT 6,,,,,,,,,"(-1.4, 1.5, 3.2)",,,"(-9.1, 0.0, 4.6)",
PLAYER_POSITIONS,43173,6/26/2026 11:30:57 AM,e7ca1105-8b8f-4dee-a332-17c93bb5c040,2.0,,,,,,,,,,,,,,,,,,,,,,,,,,,,,,,,,,,"(-10.2, 0.7, 6.8)","(-10.4, 1.5, 6.9)","(-10.6, 0.7, 6.7)",
PLAYER_POSITIONS,43173,6/26/2026 11:30:57 AM,e7ca1105-8b8f-4dee-a332-17c93bb5c040,2.0,,,,,,,,,,,,,,,,,,,,,,,,,,,,,,,,,,,"(-10.2, 0.7, 6.8)","(-10.4, 1.5, 6.9)","(-10.6, 0.7, 6.7)",
PLAYER_POSITIONS,43700,6/26/2026 11:30:58 AM,e7ca1105-8b8f-4dee-a332-17c93bb5c040,2.0,,,,,,,,,,,,,,,,,,,,,,,,,,,,,,,,,,,"(-9.9, 0.7, 6.0)","(-10.0, 1.5, 6.0)","(-10.3, 0.7, 5.8)",
PLAYER_POSITIONS,43700,6/26/2026 11:30:58 AM,e7ca1105-8b8f-4dee-a332-17c93bb5c040,2.0,,,,,,,,,,,,,,,,,,,,,,,,,,,,,,,,,,,"(-9.9, 0.7, 6.0)","(-10.0, 1.5, 6.0)","(-10.3, 0.7, 5.8)",
PATIENT_ENGAGED,43919,6/26/2026 11:30:58 AM,e7ca1105-8b8f-4dee-a332-17c93bb5c040,2.0,,,,0,,,,,,,,,,,,,,,,fast,100,Infinity,normal,Military PT 6,agony,supine,"(-9.1, 0.0, 4.6)",fast,"(0.0, -1.0, 0.0, 0.0)",normal,IMMEDIATE,still,,,,,,,,,,,,,,,,,0,
PLAYER_POSITIONS,44226,6/26/2026 11:30:58 AM,e7ca1105-8b8f-4dee-a332-17c93bb5c040,2.0,,,,,,,,,,,,,,,,,,,,,,,,,,,,,,,,,,,"(-9.8, 0.7, 5.6)","(-9.9, 1.4, 5.6)","(-10.2, 0.8, 5.5)",
PLAYER_GAZE,44226,6/26/2026 11:30:58 AM,e7ca1105-8b8f-4dee-a332-17c93bb5c040,2.0,,,,,,,,,,,,,,,,,,,,,,,,Military PT 6,,,,,,,,,"(-0.8, 1.4, 1.0)",,,"(-9.1, 0.0, 4.6)",
PLAYER_POSITIONS,44226,6/26/2026 11:30:58 AM,e7ca1105-8b8f-4dee-a332-17c93bb5c040,2.0,,,,,,,,,,,,,,,,,,,,,,,,,,,,,,,,,,,"(-9.8, 0.7, 5.6)","(-9.9, 1.4, 5.6)","(-10.2, 0.8, 5.5)",
PLAYER_GAZE,44226,6/26/2026 11:30:58 AM,e7ca1105-8b8f-4dee-a332-17c93bb5c040,2.0,,,,,,,,,,,,,,,,,,,,,,,,Military PT 6,,,,,,,,,"(-0.8, 1.4, 1.0)",,,"(-9.1, 0.0, 4.6)",
AUDIO_END,44338,6/26/2026 11:30:59 AM,e7ca1105-8b8f-4dee-a332-17c93bb5c040,2.0,alpha squad is hit,4.675919,
NARRATIVE_SECTION_END,44338,6/26/2026 11:30:59 AM,e7ca1105-8b8f-4dee-a332-17c93bb5c040,2.0,,,,,,,,,,,,,,,,,,Spawn In and alpha squad is hit,2,
NARRATIVE_SECTION_START,44389,6/26/2026 11:30:59 AM,e7ca1105-8b8f-4dee-a332-17c93bb5c040,2.0,,,,,,,,,,,,,,,,,,Start Evac Timer,3,
PLAYER_POSITIONS,44727,6/26/2026 11:30:59 AM,e7ca1105-8b8f-4dee-a332-17c93bb5c040,2.0,,,,,,,,,,,,,,,,,,,,,,,,,,,,,,,,,,,"(-9.8, 0.7, 5.6)","(-10.0, 1.5, 5.6)","(-10.2, 0.8, 5.4)",
PLAYER_POSITIONS,44727,6/26/2026 11:30:59 AM,e7ca1105-8b8f-4dee-a332-17c93bb5c040,2.0,,,,,,,,,,,,,,,,,,,,,,,,,,,,,,,,,,,"(-9.8, 0.7, 5.6)","(-10.0, 1.5, 5.6)","(-10.2, 0.8, 5.4)",
PLAYER_POSITIONS,45238,6/26/2026 11:30:59 AM,e7ca1105-8b8f-4dee-a332-17c93bb5c040,2.0,,,,,,,,,,,,,,,,,,,,,,,,,,,,,,,,,,,"(-10.1, 0.7, 5.4)","(-10.4, 1.5, 5.5)","(-10.6, 0.8, 5.3)",
PLAYER_POSITIONS,45238,6/26/2026 11:30:59 AM,e7ca1105-8b8f-4dee-a332-17c93bb5c040,2.0,,,,,,,,,,,,,,,,,,,,,,,,,,,,,,,,,,,"(-10.1, 0.7, 5.4)","(-10.4, 1.5, 5.5)","(-10.6, 0.8, 5.3)",
NARRATIVE_SECTION_END,45407,6/26/2026 11:31:00 AM,e7ca1105-8b8f-4dee-a332-17c93bb5c040,2.0,,,,,,,,,,,,,,,,,,Start Evac Timer,3,
NARRATIVE_SECTION_START,45432,6/26/2026 11:31:00 AM,e7ca1105-8b8f-4dee-a332-17c93bb5c040,2.0,,,,,,,,,,,,,,,,,,Echo 5 taking fire,4,
EVAC_RADIO_ALERT,45446,6/26/2026 11:31:00 AM,e7ca1105-8b8f-4dee-a332-17c93bb5c040,2.0,,,,,,,,1,
AUDIO_START,45452,6/26/2026 11:31:00 AM,e7ca1105-8b8f-4dee-a332-17c93bb5c040,2.0,evac in 10 minutes,4.127347,
PLAYER_POSITIONS,45753,6/26/2026 11:31:00 AM,e7ca1105-8b8f-4dee-a332-17c93bb5c040,2.0,,,,,,,,,,,,,,,,,,,,,,,,,,,,,,,,,,,"(-10.3, 0.7, 5.2)","(-10.5, 1.5, 5.3)","(-10.7, 0.8, 5.2)",
PLAYER_POSITIONS,45753,6/26/2026 11:31:00 AM,e7ca1105-8b8f-4dee-a332-17c93bb5c040,2.0,,,,,,,,,,,,,,,,,,,,,,,,,,,,,,,,,,,"(-10.3, 0.7, 5.2)","(-10.5, 1.5, 5.3)","(-10.7, 0.8, 5.2)",
VOICE_CAPTURE,46116,6/26/2026 11:31:00 AM,e7ca1105-8b8f-4dee-a332-17c93bb5c040,2.0,,,,,,,,,,,,,,,,,,,,,,,,,,,,,,,,,,,,,,,,,,,,,,,,,,,NA,All right.,
PLAYER_POSITIONS,46255,6/26/2026 11:31:00 AM,e7ca1105-8b8f-4dee-a332-17c93bb5c040,2.0,,,,,,,,,,,,,,,,,,,,,,,,,,,,,,,,,,,"(-10.4, 0.7, 5.4)","(-10.5, 1.5, 5.5)","(-10.7, 0.8, 5.3)",
PLAYER_GAZE,46255,6/26/2026 11:31:00 AM,e7ca1105-8b8f-4dee-a332-17c93bb5c040,2.0,,,,,,,,,,,,,,,,,,,,,,,,Military PT 5,,,,,,,,,"(-1.1, 1.5, 3.8)",,,"(-9.4, 0.0, 1.7)",
PLAYER_POSITIONS,46255,6/26/2026 11:31:00 AM,e7ca1105-8b8f-4dee-a332-17c93bb5c040,2.0,,,,,,,,,,,,,,,,,,,,,,,,,,,,,,,,,,,"(-10.4, 0.7, 5.4)","(-10.5, 1.5, 5.5)","(-10.7, 0.8, 5.3)",
PLAYER_GAZE,46255,6/26/2026 11:31:00 AM,e7ca1105-8b8f-4dee-a332-17c93bb5c040,2.0,,,,,,,,,,,,,,,,,,,,,,,,Military PT 5,,,,,,,,,"(-1.1, 1.5, 3.8)",,,"(-9.4, 0.0, 1.7)",
VOICE_CAPTURE,46617,6/26/2026 11:31:01 AM,e7ca1105-8b8f-4dee-a332-17c93bb5c040,2.0,,,,,,,,,,,,,,,,,,,,,,,,,,,,,,,,,,,,,,,,,,,,,,,,,,,NA,All right.,
VOICE_CAPTURE,46617,6/26/2026 11:31:01 AM,e7ca1105-8b8f-4dee-a332-17c93bb5c040,2.0,,,,,,,,,,,,,,,,,,,,,,,,,,,,,,,,,,,,,,,,,,,,,,,,,,,NA,All right.,
PLAYER_POSITIONS,46782,6/26/2026 11:31:01 AM,e7ca1105-8b8f-4dee-a332-17c93bb5c040,2.0,,,,,,,,,,,,,,,,,,,,,,,,,,,,,,,,,,,"(-10.3, 0.8, 5.4)","(-10.3, 1.4, 5.4)","(-10.6, 0.8, 5.3)",
PLAYER_GAZE,46782,6/26/2026 11:31:01 AM,e7ca1105-8b8f-4dee-a332-17c93bb5c040,2.0,,,,,,,,,,,,,,,,,,,,,,,,Military PT 6,,,,,,,,,"(-1.2, 1.4, 0.9)",,,"(-9.1, 0.0, 4.6)",
PLAYER_POSITIONS,46782,6/26/2026 11:31:01 AM,e7ca1105-8b8f-4dee-a332-17c93bb5c040,2.0,,,,,,,,,,,,,,,,,,,,,,,,,,,,,,,,,,,"(-10.3, 0.8, 5.4)","(-10.3, 1.4, 5.4)","(-10.6, 0.8, 5.3)",
PLAYER_GAZE,46782,6/26/2026 11:31:01 AM,e7ca1105-8b8f-4dee-a332-17c93bb5c040,2.0,,,,,,,,,,,,,,,,,,,,,,,,Military PT 6,,,,,,,,,"(-1.2, 1.4, 0.9)",,,"(-9.1, 0.0, 4.6)",
VOICE_CAPTURE,47117,6/26/2026 11:31:01 AM,e7ca1105-8b8f-4dee-a332-17c93bb5c040,2.0,,,,,,,,,,,,,,,,,,,,,,,,,,,,,,,,,,,,,,,,,,,,,,,,,,,NA,All right.,
PLAYER_POSITIONS,47282,6/26/2026 11:31:02 AM,e7ca1105-8b8f-4dee-a332-17c93bb5c040,2.0,,,,,,,,,,,,,,,,,,,,,,,,,,,,,,,,,,,"(-9.8, 0.7, 5.0)","(-9.9, 1.4, 4.9)","(-10.1, 0.8, 4.8)",
PLAYER_POSITIONS,47282,6/26/2026 11:31:02 AM,e7ca1105-8b8f-4dee-a332-17c93bb5c040,2.0,,,,,,,,,,,,,,,,,,,,,,,,,,,,,,,,,,,"(-9.8, 0.7, 5.0)","(-9.9, 1.4, 4.9)","(-10.1, 0.8, 4.8)",
VOICE_CAPTURE,47617,6/26/2026 11:31:02 AM,e7ca1105-8b8f-4dee-a332-17c93bb5c040,2.0,,,,,,,,,,,,,,,,,,,,,,,,,,,,,,,,,,,,,,,,,,,,,,,,,,,NA,All right.,
PLAYER_POSITIONS,47785,6/26/2026 11:31:02 AM,e7ca1105-8b8f-4dee-a332-17c93bb5c040,2.0,,,,,,,,,,,,,,,,,,,,,,,,,,,,,,,,,,,"(-10.2, 0.7, 4.2)","(-10.4, 1.5, 4.2)","(-10.5, 0.8, 4.0)",
PLAYER_POSITIONS,47785,6/26/2026 11:31:02 AM,e7ca1105-8b8f-4dee-a332-17c93bb5c040,2.0,,,,,,,,,,,,,,,,,,,,,,,,,,,,,,,,,,,"(-10.2, 0.7, 4.2)","(-10.4, 1.5, 4.2)","(-10.5, 0.8, 4.0)",
PLAYER_POSITIONS,48285,6/26/2026 11:31:03 AM,e7ca1105-8b8f-4dee-a332-17c93bb5c040,2.0,,,,,,,,,,,,,,,,,,,,,,,,,,,,,,,,,,,"(-10.4, 0.7, 3.4)","(-10.6, 1.4, 3.3)","(-10.8, 0.8, 3.2)",
PLAYER_POSITIONS,48285,6/26/2026 11:31:03 AM,e7ca1105-8b8f-4dee-a332-17c93bb5c040,2.0,,,,,,,,,,,,,,,,,,,,,,,,,,,,,,,,,,,"(-10.4, 0.7, 3.4)","(-10.6, 1.4, 3.3)","(-10.8, 0.8, 3.2)",
PATIENT_DISENGAGED,48394,6/26/2026 11:31:03 AM,e7ca1105-8b8f-4dee-a332-17c93bb5c040,2.0,,,,4.48,,,,,,,,,,,,,,,,fast,100,Infinity,normal,Military PT 6,agony,supine,"(-9.1, 0.0, 4.6)",fast,"(0.0, -1.0, 0.0, 0.0)",normal,IMMEDIATE,still,,,,,,,,,,,,,,,,,4.48,
PLAYER_POSITIONS,48811,6/26/2026 11:31:03 AM,e7ca1105-8b8f-4dee-a332-17c93bb5c040,2.0,,,,,,,,,,,,,,,,,,,,,,,,,,,,,,,,,,,"(-10.5, 0.6, 2.5)","(-10.6, 1.3, 2.5)","(-10.8, 0.7, 2.4)",
PLAYER_POSITIONS,48811,6/26/2026 11:31:03 AM,e7ca1105-8b8f-4dee-a332-17c93bb5c040,2.0,,,,,,,,,,,,,,,,,,,,,,,,,,,,,,,,,,,"(-10.5, 0.6, 2.5)","(-10.6, 1.3, 2.5)","(-10.8, 0.7, 2.4)",
PATIENT_ENGAGED,48995,6/26/2026 11:31:03 AM,e7ca1105-8b8f-4dee-a332-17c93bb5c040,2.0,,,,0,,,,,,,,,,,,,,,,fast,100,Infinity,normal,Military PT 5,upset,supine,"(-9.4, -0.1, 1.7)",faint,"(0.0, -1.0, 0.0, 0.0)",normal,IMMEDIATE,still,,,,,,,,,,,,,,,,,0,
VOICE_CAPTURE,49220,6/26/2026 11:31:03 AM,e7ca1105-8b8f-4dee-a332-17c93bb5c040,2.0,,,,,,,,,,,,,,,,,,,,,,,,,,,,,,,,,,,,,,,,,,,,,,,,,,,NA,Yeah.,
PLAYER_POSITIONS,49331,6/26/2026 11:31:04 AM,e7ca1105-8b8f-4dee-a332-17c93bb5c040,2.0,,,,,,,,,,,,,,,,,,,,,,,,,,,,,,,,,,,"(-10.4, 0.7, 2.3)","(-10.5, 1.2, 2.2)","(-10.6, 0.6, 2.0)",
PLAYER_POSITIONS,49331,6/26/2026 11:31:04 AM,e7ca1105-8b8f-4dee-a332-17c93bb5c040,2.0,,,,,,,,,,,,,,,,,,,,,,,,,,,,,,,,,,,"(-10.4, 0.7, 2.3)","(-10.5, 1.2, 2.2)","(-10.6, 0.6, 2.0)",
AUDIO_END,49594,6/26/2026 11:31:04 AM,e7ca1105-8b8f-4dee-a332-17c93bb5c040,2.0,evac in 10 minutes,4.127347,
VOICE_CAPTURE,49636,6/26/2026 11:31:04 AM,e7ca1105-8b8f-4dee-a332-17c93bb5c040,2.0,,,,,,,,,,,,,,,,,,,,,,,,,,,,,,,,,,,,,,,,,,,,,,,,,,,NA,Yeah. Yep.,
PLAYER_POSITIONS,49857,6/26/2026 11:31:04 AM,e7ca1105-8b8f-4dee-a332-17c93bb5c040,2.0,,,,,,,,,,,,,,,,,,,,,,,,,,,,,,,,,,,"(-10.2, 0.6, 2.4)","(-10.1, 1.2, 2.3)","(-10.2, 0.6, 2.1)",
PLAYER_POSITIONS,49857,6/26/2026 11:31:04 AM,e7ca1105-8b8f-4dee-a332-17c93bb5c040,2.0,,,,,,,,,,,,,,,,,,,,,,,,,,,,,,,,,,,"(-10.2, 0.6, 2.4)","(-10.1, 1.2, 2.3)","(-10.2, 0.6, 2.1)",
VOICE_CAPTURE,50107,6/26/2026 11:31:04 AM,e7ca1105-8b8f-4dee-a332-17c93bb5c040,2.0,,,,,,,,,,,,,,,,,,,,,,,,,,,,,,,,,,,,,,,,,,,,,,,,,,,NA,Yeah. Yep.,
VOICE_CAPTURE,50107,6/26/2026 11:31:04 AM,e7ca1105-8b8f-4dee-a332-17c93bb5c040,2.0,,,,,,,,,,,,,,,,,,,,,,,,,,,,,,,,,,,,,,,,,,,,,,,,,,,NA,Yeah. Yep.,
PLAYER_POSITIONS,50370,6/26/2026 11:31:05 AM,e7ca1105-8b8f-4dee-a332-17c93bb5c040,2.0,,,,,,,,,,,,,,,,,,,,,,,,,,,,,,,,,,,"(-10.1, 0.5, 2.3)","(-10.2, 0.9, 2.2)","(-10.1, 0.3, 2.0)",
PLAYER_POSITIONS,50370,6/26/2026 11:31:05 AM,e7ca1105-8b8f-4dee-a332-17c93bb5c040,2.0,,,,,,,,,,,,,,,,,,,,,,,,,,,,,,,,,,,"(-10.1, 0.5, 2.3)","(-10.2, 0.9, 2.2)","(-10.1, 0.3, 2.0)",
PLAYER_POSITIONS,50883,6/26/2026 11:31:05 AM,e7ca1105-8b8f-4dee-a332-17c93bb5c040,2.0,,,,,,,,,,,,,,,,,,,,,,,,,,,,,,,,,,,"(-10.1, 0.4, 2.2)","(-10.2, 0.8, 2.0)","(-10.1, 0.3, 1.9)",
PLAYER_POSITIONS,50883,6/26/2026 11:31:05 AM,e7ca1105-8b8f-4dee-a332-17c93bb5c040,2.0,,,,,,,,,,,,,,,,,,,,,,,,,,,,,,,,,,,"(-10.1, 0.4, 2.2)","(-10.2, 0.8, 2.0)","(-10.1, 0.3, 1.9)",
PLAYER_POSITIONS,51385,6/26/2026 11:31:06 AM,e7ca1105-8b8f-4dee-a332-17c93bb5c040,2.0,,,,,,,,,,,,,,,,,,,,,,,,,,,,,,,,,,,"(-10.1, 0.4, 2.2)","(-10.2, 0.9, 1.9)","(-10.2, 0.6, 1.6)",
PLAYER_POSITIONS,51385,6/26/2026 11:31:06 AM,e7ca1105-8b8f-4dee-a332-17c93bb5c040,2.0,,,,,,,,,,,,,,,,,,,,,,,,,,,,,,,,,,,"(-10.1, 0.4, 2.2)","(-10.2, 0.9, 1.9)","(-10.2, 0.6, 1.6)",
PLAYER_POSITIONS,51903,6/26/2026 11:31:06 AM,e7ca1105-8b8f-4dee-a332-17c93bb5c040,2.0,,,,,,,,,,,,,,,,,,,,,,,,,,,,,,,,,,,"(-10.1, 0.4, 2.1)","(-10.2, 0.9, 1.9)","(-10.0, 0.3, 1.6)",
PLAYER_GAZE,51903,6/26/2026 11:31:06 AM,e7ca1105-8b8f-4dee-a332-17c93bb5c040,2.0,,,,,,,,,,,,,,,,,,,,,,,,Military PT 5,,,,,,,,,"(-0.8, 0.9, 0.2)",,,"(-9.4, 0.0, 1.7)",
PLAYER_POSITIONS,51903,6/26/2026 11:31:06 AM,e7ca1105-8b8f-4dee-a332-17c93bb5c040,2.0,,,,,,,,,,,,,,,,,,,,,,,,,,,,,,,,,,,"(-10.1, 0.4, 2.1)","(-10.2, 0.9, 1.9)","(-10.0, 0.3, 1.6)",
PLAYER_GAZE,51903,6/26/2026 11:31:06 AM,e7ca1105-8b8f-4dee-a332-17c93bb5c040,2.0,,,,,,,,,,,,,,,,,,,,,,,,Military PT 5,,,,,,,,,"(-0.8, 0.9, 0.2)",,,"(-9.4, 0.0, 1.7)",
PLAYER_POSITIONS,52420,6/26/2026 11:31:07 AM,e7ca1105-8b8f-4dee-a332-17c93bb5c040,2.0,,,,,,,,,,,,,,,,,,,,,,,,,,,,,,,,,,,"(-10.1, 0.4, 2.2)","(-10.2, 0.8, 1.9)","(-9.9, 0.3, 1.6)",
PLAYER_GAZE,52420,6/26/2026 11:31:07 AM,e7ca1105-8b8f-4dee-a332-17c93bb5c040,2.0,,,,,,,,,,,,,,,,,,,,,,,,Military PT 5,,,,,,,,,"(-0.7, 0.8, 0.2)",,,"(-9.4, 0.0, 1.7)",
PLAYER_POSITIONS,52420,6/26/2026 11:31:07 AM,e7ca1105-8b8f-4dee-a332-17c93bb5c040,2.0,,,,,,,,,,,,,,,,,,,,,,,,,,,,,,,,,,,"(-10.1, 0.4, 2.2)","(-10.2, 0.8, 1.9)","(-9.9, 0.3, 1.6)",
PLAYER_GAZE,52420,6/26/2026 11:31:07 AM,e7ca1105-8b8f-4dee-a332-17c93bb5c040,2.0,,,,,,,,,,,,,,,,,,,,,,,,Military PT 5,,,,,,,,,"(-0.7, 0.8, 0.2)",,,"(-9.4, 0.0, 1.7)",
PLAYER_POSITIONS,52946,6/26/2026 11:31:07 AM,e7ca1105-8b8f-4dee-a332-17c93bb5c040,2.0,,,,,,,,,,,,,,,,,,,,,,,,,,,,,,,,,,,"(-10.1, 0.4, 2.2)","(-10.2, 0.8, 1.9)","(-10.1, 0.3, 1.8)",
PLAYER_GAZE,52946,6/26/2026 11:31:07 AM,e7ca1105-8b8f-4dee-a332-17c93bb5c040,2.0,,,,,,,,,,,,,,,,,,,,,,,,Military PT 5,,,,,,,,,"(-0.7, 0.8, 0.2)",,,"(-9.4, 0.0, 1.7)",
PLAYER_POSITIONS,52946,6/26/2026 11:31:07 AM,e7ca1105-8b8f-4dee-a332-17c93bb5c040,2.0,,,,,,,,,,,,,,,,,,,,,,,,,,,,,,,,,,,"(-10.1, 0.4, 2.2)","(-10.2, 0.8, 1.9)","(-10.1, 0.3, 1.8)",
PLAYER_GAZE,52946,6/26/2026 11:31:07 AM,e7ca1105-8b8f-4dee-a332-17c93bb5c040,2.0,,,,,,,,,,,,,,,,,,,,,,,,Military PT 5,,,,,,,,,"(-0.7, 0.8, 0.2)",,,"(-9.4, 0.0, 1.7)",
VOICE_CAPTURE,53142,6/26/2026 11:31:07 AM,e7ca1105-8b8f-4dee-a332-17c93bb5c040,2.0,,,,,,,,,,,,,,,,,,,,,,,,,,,,,,,,,,,,,,,,,,,,,,,,,,,NA,Thank you.,
TAG_SELECTED,53224,6/26/2026 11:31:07 AM,e7ca1105-8b8f-4dee-a332-17c93bb5c040,2.0,,,,,,,,,,,,,,,,,,,,,,,,,,,,,,,,,,,,,,,,,,red,
PLAYER_POSITIONS,53460,6/26/2026 11:31:08 AM,e7ca1105-8b8f-4dee-a332-17c93bb5c040,2.0,,,,,,,,,,,,,,,,,,,,,,,,,,,,,,,,,,,"(-10.2, 0.4, 2.2)","(-10.2, 0.7, 2.0)","(-10.1, 0.2, 1.9)",
PLAYER_POSITIONS,53460,6/26/2026 11:31:08 AM,e7ca1105-8b8f-4dee-a332-17c93bb5c040,2.0,,,,,,,,,,,,,,,,,,,,,,,,,,,,,,,,,,,"(-10.2, 0.4, 2.2)","(-10.2, 0.7, 2.0)","(-10.1, 0.2, 1.9)",
VOICE_CAPTURE,53654,6/26/2026 11:31:08 AM,e7ca1105-8b8f-4dee-a332-17c93bb5c040,2.0,,,,,,,,,,,,,,,,,,,,,,,,,,,,,,,,,,,,,,,,,,,,,,,,,,,NA,Give me one second.,
TAG_APPLIED,53992,6/26/2026 11:31:08 AM,e7ca1105-8b8f-4dee-a332-17c93bb5c040,2.0,,,,,,,,,,,,,,,,,,,,,,,,Military PT 5,,,,,,,,,,,,,,,,,,red,
PLAYER_POSITIONS,53994,6/26/2026 11:31:08 AM,e7ca1105-8b8f-4dee-a332-17c93bb5c040,2.0,,,,,,,,,,,,,,,,,,,,,,,,,,,,,,,,,,,"(-10.2, 0.4, 2.2)","(-10.1, 0.6, 1.9)","(-10.1, -0.1, 1.8)",
PLAYER_POSITIONS,53994,6/26/2026 11:31:08 AM,e7ca1105-8b8f-4dee-a332-17c93bb5c040,2.0,,,,,,,,,,,,,,,,,,,,,,,,,,,,,,,,,,,"(-10.2, 0.4, 2.2)","(-10.1, 0.6, 1.9)","(-10.1, -0.1, 1.8)",
VOICE_CAPTURE,54127,6/26/2026 11:31:08 AM,e7ca1105-8b8f-4dee-a332-17c93bb5c040,2.0,,,,,,,,,,,,,,,,,,,,,,,,,,,,,,,,,,,,,,,,,,,,,,,,,,,NA,Give me one second.,
VOICE_CAPTURE,54127,6/26/2026 11:31:08 AM,e7ca1105-8b8f-4dee-a332-17c93bb5c040,2.0,,,,,,,,,,,,,,,,,,,,,,,,,,,,,,,,,,,,,,,,,,,,,,,,,,,NA,Give me one second.,
PLAYER_POSITIONS,54490,6/26/2026 11:31:09 AM,e7ca1105-8b8f-4dee-a332-17c93bb5c040,2.0,,,,,,,,,,,,,,,,,,,,,,,,,,,,,,,,,,,"(-10.1, 0.4, 2.2)","(-10.1, 0.8, 1.9)","(-10.1, 0.3, 1.8)",
PLAYER_POSITIONS,54490,6/26/2026 11:31:09 AM,e7ca1105-8b8f-4dee-a332-17c93bb5c040,2.0,,,,,,,,,,,,,,,,,,,,,,,,,,,,,,,,,,,"(-10.1, 0.4, 2.2)","(-10.1, 0.8, 1.9)","(-10.1, 0.3, 1.8)",
VOICE_CAPTURE,54630,6/26/2026 11:31:09 AM,e7ca1105-8b8f-4dee-a332-17c93bb5c040,2.0,,,,,,,,,,,,,,,,,,,,,,,,,,,,,,,,,,,,,,,,,,,,,,,,,,,NA,Give me one second.,
PLAYER_POSITIONS,54999,6/26/2026 11:31:09 AM,e7ca1105-8b8f-4dee-a332-17c93bb5c040,2.0,,,,,,,,,,,,,,,,,,,,,,,,,,,,,,,,,,,"(-10.1, 0.4, 2.2)","(-10.2, 0.8, 1.9)","(-9.8, 0.5, 1.7)",
PLAYER_GAZE,54999,6/26/2026 11:31:09 AM,e7ca1105-8b8f-4dee-a332-17c93bb5c040,2.0,,,,,,,,,,,,,,,,,,,,,,,,Military PT 5,,,,,,,,,"(-0.7, 0.8, 0.2)",,,"(-9.4, 0.0, 1.7)",
PLAYER_POSITIONS,54999,6/26/2026 11:31:09 AM,e7ca1105-8b8f-4dee-a332-17c93bb5c040,2.0,,,,,,,,,,,,,,,,,,,,,,,,,,,,,,,,,,,"(-10.1, 0.4, 2.2)","(-10.2, 0.8, 1.9)","(-9.8, 0.5, 1.7)",
PLAYER_GAZE,54999,6/26/2026 11:31:09 AM,e7ca1105-8b8f-4dee-a332-17c93bb5c040,2.0,,,,,,,,,,,,,,,,,,,,,,,,Military PT 5,,,,,,,,,"(-0.7, 0.8, 0.2)",,,"(-9.4, 0.0, 1.7)",
VOICE_CAPTURE,55139,6/26/2026 11:31:09 AM,e7ca1105-8b8f-4dee-a332-17c93bb5c040,2.0,,,,,,,,,,,,,,,,,,,,,,,,,,,,,,,,,,,,,,,,,,,,,,,,,,,NA,Give me one second.,
TOOL_HOVER,55249,6/26/2026 11:31:09 AM,e7ca1105-8b8f-4dee-a332-17c93bb5c040,2.0,,,,,,,,,,,,,,,,,,,,,,,,,,,,,,,,,,,,,,,,,,,,,,999,,Chest Seal,
PLAYER_POSITIONS,55526,6/26/2026 11:31:10 AM,e7ca1105-8b8f-4dee-a332-17c93bb5c040,2.0,,,,,,,,,,,,,,,,,,,,,,,,,,,,,,,,,,,"(-10.2, 0.5, 2.2)","(-10.1, 0.8, 1.9)","(-9.7, 0.4, 1.8)",
PLAYER_POSITIONS,55526,6/26/2026 11:31:10 AM,e7ca1105-8b8f-4dee-a332-17c93bb5c040,2.0,,,,,,,,,,,,,,,,,,,,,,,,,,,,,,,,,,,"(-10.2, 0.5, 2.2)","(-10.1, 0.8, 1.9)","(-9.7, 0.4, 1.8)",
TOOL_HOVER,55966,6/26/2026 11:31:10 AM,e7ca1105-8b8f-4dee-a332-17c93bb5c040,2.0,,,,,,,,,,,,,,,,,,,,,,,,,,,,,,,,,,,,,,,,,,,,,,999,,Tourniquet,
PLAYER_POSITIONS,56066,6/26/2026 11:31:10 AM,e7ca1105-8b8f-4dee-a332-17c93bb5c040,2.0,,,,,,,,,,,,,,,,,,,,,,,,,,,,,,,,,,,"(-10.2, 0.5, 2.2)","(-10.2, 0.8, 2.0)","(-9.9, 0.4, 1.9)",
PLAYER_POSITIONS,56066,6/26/2026 11:31:10 AM,e7ca1105-8b8f-4dee-a332-17c93bb5c040,2.0,,,,,,,,,,,,,,,,,,,,,,,,,,,,,,,,,,,"(-10.2, 0.5, 2.2)","(-10.2, 0.8, 2.0)","(-9.9, 0.4, 1.9)",
TOOL_HOVER,56360,6/26/2026 11:31:11 AM,e7ca1105-8b8f-4dee-a332-17c93bb5c040,2.0,,,,,,,,,,,,,,,,,,,,,,,,,,,,,,,,,,,,,,,,,,,,,,999,,Tourniquet,
PLAYER_POSITIONS,56587,6/26/2026 11:31:11 AM,e7ca1105-8b8f-4dee-a332-17c93bb5c040,2.0,,,,,,,,,,,,,,,,,,,,,,,,,,,,,,,,,,,"(-10.2, 0.5, 2.2)","(-10.1, 0.9, 1.9)","(-9.7, 0.4, 1.7)",
PLAYER_POSITIONS,56587,6/26/2026 11:31:11 AM,e7ca1105-8b8f-4dee-a332-17c93bb5c040,2.0,,,,,,,,,,,,,,,,,,,,,,,,,,,,,,,,,,,"(-10.2, 0.5, 2.2)","(-10.1, 0.9, 1.9)","(-9.7, 0.4, 1.7)",
PLAYER_POSITIONS,57113,6/26/2026 11:31:11 AM,e7ca1105-8b8f-4dee-a332-17c93bb5c040,2.0,,,,,,,,,,,,,,,,,,,,,,,,,,,,,,,,,,,"(-10.1, 0.5, 2.2)","(-10.1, 0.8, 1.8)","(-9.7, 0.5, 1.6)",
PLAYER_GAZE,57113,6/26/2026 11:31:11 AM,e7ca1105-8b8f-4dee-a332-17c93bb5c040,2.0,,,,,,,,,,,,,,,,,,,,,,,,Military PT 5,,,,,,,,,"(-0.7, 0.8, 0.1)",,,"(-9.4, 0.0, 1.7)",
PLAYER_POSITIONS,57113,6/26/2026 11:31:11 AM,e7ca1105-8b8f-4dee-a332-17c93bb5c040,2.0,,,,,,,,,,,,,,,,,,,,,,,,,,,,,,,,,,,"(-10.1, 0.5, 2.2)","(-10.1, 0.8, 1.8)","(-9.7, 0.5, 1.6)",
PLAYER_GAZE,57113,6/26/2026 11:31:11 AM,e7ca1105-8b8f-4dee-a332-17c93bb5c040,2.0,,,,,,,,,,,,,,,,,,,,,,,,Military PT 5,,,,,,,,,"(-0.7, 0.8, 0.1)",,,"(-9.4, 0.0, 1.7)",
TOOL_HOVER,57260,6/26/2026 11:31:11 AM,e7ca1105-8b8f-4dee-a332-17c93bb5c040,2.0,,,,,,,,,,,,,,,,,,,,,,,,,,,,,,,,,,,,,,,,,,,,,,999,,Chest Seal,
AUDIO_START,57434,6/26/2026 11:31:12 AM,e7ca1105-8b8f-4dee-a332-17c93bb5c040,2.0,echo 5 taking fire,4.675919,
TOOL_SELECTED,57624,6/26/2026 11:31:12 AM,e7ca1105-8b8f-4dee-a332-17c93bb5c040,2.0,,,,,,,,,,,,,,,,,,,,,,,,,,,,,,,,,,,,,,,,,,,,,,998,,Chest Seal,
PLAYER_POSITIONS,57627,6/26/2026 11:31:12 AM,e7ca1105-8b8f-4dee-a332-17c93bb5c040,2.0,,,,,,,,,,,,,,,,,,,,,,,,,,,,,,,,,,,"(-10.2, 0.5, 2.2)","(-10.1, 0.9, 1.9)","(-9.6, 0.5, 1.7)",
PLAYER_GAZE,57627,6/26/2026 11:31:12 AM,e7ca1105-8b8f-4dee-a332-17c93bb5c040,2.0,,,,,,,,,,,,,,,,,,,,,,,,Military PT 5,,,,,,,,,"(-0.7, 0.9, 0.2)",,,"(-9.4, 0.0, 1.7)",
PLAYER_POSITIONS,57627,6/26/2026 11:31:12 AM,e7ca1105-8b8f-4dee-a332-17c93bb5c040,2.0,,,,,,,,,,,,,,,,,,,,,,,,,,,,,,,,,,,"(-10.2, 0.5, 2.2)","(-10.1, 0.9, 1.9)","(-9.6, 0.5, 1.7)",
PLAYER_GAZE,57627,6/26/2026 11:31:12 AM,e7ca1105-8b8f-4dee-a332-17c93bb5c040,2.0,,,,,,,,,,,,,,,,,,,,,,,,Military PT 5,,,,,,,,,"(-0.7, 0.9, 0.2)",,,"(-9.4, 0.0, 1.7)",
PLAYER_POSITIONS,58161,6/26/2026 11:31:12 AM,e7ca1105-8b8f-4dee-a332-17c93bb5c040,2.0,,,,,,,,,,,,,,,,,,,,,,,,,,,,,,,,,,,"(-10.2, 0.5, 2.2)","(-10.1, 0.7, 2.1)","(-10.0, 0.2, 2.1)",
PLAYER_POSITIONS,58161,6/26/2026 11:31:12 AM,e7ca1105-8b8f-4dee-a332-17c93bb5c040,2.0,,,,,,,,,,,,,,,,,,,,,,,,,,,,,,,,,,,"(-10.2, 0.5, 2.2)","(-10.1, 0.7, 2.1)","(-10.0, 0.2, 2.1)",
INJURY_TREATED,58616,6/26/2026 11:31:13 AM,e7ca1105-8b8f-4dee-a332-17c93bb5c040,2.0,,,,,,,,,chest,R Chest Puncture,"(-9.9, 0.1, 2.1)",chestSeal,1,1,high,True,True,,,,,,,Military PT 5,
TOOL_APPLIED,58617,6/26/2026 11:31:13 AM,e7ca1105-8b8f-4dee-a332-17c93bb5c040,2.0,,,,,,,,,,,,,,,,,,,,,,,,Military PT 5,,,,,,,,,,,,,,,,,,,,AppliedChestSeal,skinCollider_BodyCollideLOD (UnityEngine.GameObject),,Chest Seal(Clone) (UnityEngine.GameObject),Chest Seal,
PLAYER_POSITIONS,58682,6/26/2026 11:31:13 AM,e7ca1105-8b8f-4dee-a332-17c93bb5c040,2.0,,,,,,,,,,,,,,,,,,,,,,,,,,,,,,,,,,,"(-10.3, 0.5, 2.3)","(-10.1, 0.7, 2.1)","(-9.9, 0.1, 2.1)",
PLAYER_POSITIONS,58682,6/26/2026 11:31:13 AM,e7ca1105-8b8f-4dee-a332-17c93bb5c040,2.0,,,,,,,,,,,,,,,,,,,,,,,,,,,,,,,,,,,"(-10.3, 0.5, 2.3)","(-10.1, 0.7, 2.1)","(-9.9, 0.1, 2.1)",
PLAYER_POSITIONS,59185,6/26/2026 11:31:13 AM,e7ca1105-8b8f-4dee-a332-17c93bb5c040,2.0,,,,,,,,,,,,,,,,,,,,,,,,,,,,,,,,,,,"(-10.2, 0.5, 2.2)","(-10.1, 0.8, 2.0)","(-10.1, 0.2, 1.9)",
PLAYER_POSITIONS,59185,6/26/2026 11:31:13 AM,e7ca1105-8b8f-4dee-a332-17c93bb5c040,2.0,,,,,,,,,,,,,,,,,,,,,,,,,,,,,,,,,,,"(-10.2, 0.5, 2.2)","(-10.1, 0.8, 2.0)","(-10.1, 0.2, 1.9)",
PLAYER_POSITIONS,59695,6/26/2026 11:31:14 AM,e7ca1105-8b8f-4dee-a332-17c93bb5c040,2.0,,,,,,,,,,,,,,,,,,,,,,,,,,,,,,,,,,,"(-10.1, 0.5, 2.2)","(-10.2, 0.9, 2.0)","(-9.8, 0.5, 1.8)",
PLAYER_POSITIONS,59695,6/26/2026 11:31:14 AM,e7ca1105-8b8f-4dee-a332-17c93bb5c040,2.0,,,,,,,,,,,,,,,,,,,,,,,,,,,,,,,,,,,"(-10.1, 0.5, 2.2)","(-10.2, 0.9, 2.0)","(-9.8, 0.5, 1.8)",
TOOL_HOVER,59968,6/26/2026 11:31:14 AM,e7ca1105-8b8f-4dee-a332-17c93bb5c040,2.0,,,,,,,,,,,,,,,,,,,,,,,,,,,,,,,,,,,,,,,,,,,,,,999,,Tourniquet,
PLAYER_POSITIONS,60221,6/26/2026 11:31:14 AM,e7ca1105-8b8f-4dee-a332-17c93bb5c040,2.0,,,,,,,,,,,,,,,,,,,,,,,,,,,,,,,,,,,"(-10.1, 0.5, 2.2)","(-10.2, 0.8, 2.1)","(-9.8, 0.5, 1.9)",
PLAYER_POSITIONS,60221,6/26/2026 11:31:14 AM,e7ca1105-8b8f-4dee-a332-17c93bb5c040,2.0,,,,,,,,,,,,,,,,,,,,,,,,,,,,,,,,,,,"(-10.1, 0.5, 2.2)","(-10.2, 0.8, 2.1)","(-9.8, 0.5, 1.9)",
TOOL_HOVER,60471,6/26/2026 11:31:15 AM,e7ca1105-8b8f-4dee-a332-17c93bb5c040,2.0,,,,,,,,,,,,,,,,,,,,,,,,,,,,,,,,,,,,,,,,,,,,,,999,,Tourniquet,
PLAYER_POSITIONS,60724,6/26/2026 11:31:15 AM,e7ca1105-8b8f-4dee-a332-17c93bb5c040,2.0,,,,,,,,,,,,,,,,,,,,,,,,,,,,,,,,,,,"(-10.1, 0.5, 2.2)","(-10.1, 0.9, 1.9)","(-9.8, 0.5, 1.8)",
PLAYER_GAZE,60724,6/26/2026 11:31:15 AM,e7ca1105-8b8f-4dee-a332-17c93bb5c040,2.0,,,,,,,,,,,,,,,,,,,,,,,,Military PT 5,,,,,,,,,"(-0.7, 0.9, 0.2)",,,"(-9.4, 0.0, 1.7)",
PLAYER_POSITIONS,60724,6/26/2026 11:31:15 AM,e7ca1105-8b8f-4dee-a332-17c93bb5c040,2.0,,,,,,,,,,,,,,,,,,,,,,,,,,,,,,,,,,,"(-10.1, 0.5, 2.2)","(-10.1, 0.9, 1.9)","(-9.8, 0.5, 1.8)",
PLAYER_GAZE,60724,6/26/2026 11:31:15 AM,e7ca1105-8b8f-4dee-a332-17c93bb5c040,2.0,,,,,,,,,,,,,,,,,,,,,,,,Military PT 5,,,,,,,,,"(-0.7, 0.9, 0.2)",,,"(-9.4, 0.0, 1.7)",
TOOL_HOVER,61071,6/26/2026 11:31:15 AM,e7ca1105-8b8f-4dee-a332-17c93bb5c040,2.0,,,,,,,,,,,,,,,,,,,,,,,,,,,,,,,,,,,,,,,,,,,,,,998,,Chest Seal,
TOOL_HOVER,61247,6/26/2026 11:31:15 AM,e7ca1105-8b8f-4dee-a332-17c93bb5c040,2.0,,,,,,,,,,,,,,,,,,,,,,,,,,,,,,,,,,,,,,,,,,,,,,999,,Israeli Wrap,
PLAYER_POSITIONS,61249,6/26/2026 11:31:15 AM,e7ca1105-8b8f-4dee-a332-17c93bb5c040,2.0,,,,,,,,,,,,,,,,,,,,,,,,,,,,,,,,,,,"(-10.1, 0.5, 2.2)","(-10.1, 0.8, 2.0)","(-9.7, 0.4, 1.7)",
PLAYER_POSITIONS,61249,6/26/2026 11:31:15 AM,e7ca1105-8b8f-4dee-a332-17c93bb5c040,2.0,,,,,,,,,,,,,,,,,,,,,,,,,,,,,,,,,,,"(-10.1, 0.5, 2.2)","(-10.1, 0.8, 2.0)","(-9.7, 0.4, 1.7)",
PLAYER_POSITIONS,61751,6/26/2026 11:31:16 AM,e7ca1105-8b8f-4dee-a332-17c93bb5c040,2.0,,,,,,,,,,,,,,,,,,,,,,,,,,,,,,,,,,,"(-10.1, 0.5, 2.2)","(-10.1, 0.9, 1.8)","(-9.9, 0.5, 1.6)",
PLAYER_POSITIONS,61751,6/26/2026 11:31:16 AM,e7ca1105-8b8f-4dee-a332-17c93bb5c040,2.0,,,,,,,,,,,,,,,,,,,,,,,,,,,,,,,,,,,"(-10.1, 0.5, 2.2)","(-10.1, 0.9, 1.8)","(-9.9, 0.5, 1.6)",
TOOL_HOVER,61971,6/26/2026 11:31:16 AM,e7ca1105-8b8f-4dee-a332-17c93bb5c040,2.0,,,,,,,,,,,,,,,,,,,,,,,,,,,,,,,,,,,,,,,,,,,,,,999,,Decompression Needle,
AUDIO_END,62110,6/26/2026 11:31:16 AM,e7ca1105-8b8f-4dee-a332-17c93bb5c040,2.0,echo 5 taking fire,4.675919,
NARRATIVE_SECTION_END,62110,6/26/2026 11:31:16 AM,e7ca1105-8b8f-4dee-a332-17c93bb5c040,2.0,,,,,,,,,,,,,,,,,,Echo 5 taking fire,4,
VOICE_CAPTURE,62153,6/26/2026 11:31:16 AM,e7ca1105-8b8f-4dee-a332-17c93bb5c040,2.0,,,,,,,,,,,,,,,,,,,,,,,,,,,,,,,,,,,,,,,,,,,,,,,,,,,NA,And.,
NARRATIVE_SECTION_START,62177,6/26/2026 11:31:16 AM,e7ca1105-8b8f-4dee-a332-17c93bb5c040,2.0,,,,,,,,,,,,,,,,,,Air Support Message,5,
PLAYER_POSITIONS,62265,6/26/2026 11:31:16 AM,e7ca1105-8b8f-4dee-a332-17c93bb5c040,2.0,,,,,,,,,,,,,,,,,,,,,,,,,,,,,,,,,,,"(-10.1, 0.4, 2.2)","(-10.2, 0.9, 1.8)","(-10.1, 0.5, 1.4)",
PLAYER_POSITIONS,62265,6/26/2026 11:31:16 AM,e7ca1105-8b8f-4dee-a332-17c93bb5c040,2.0,,,,,,,,,,,,,,,,,,,,,,,,,,,,,,,,,,,"(-10.1, 0.4, 2.2)","(-10.2, 0.9, 1.8)","(-10.1, 0.5, 1.4)",
TAG_SELECTED,62346,6/26/2026 11:31:17 AM,e7ca1105-8b8f-4dee-a332-17c93bb5c040,2.0,,,,,,,,,,,,,,,,,,,,,,,,,,,,,,,,,,,,,,,,,,green,
VOICE_CAPTURE,62667,6/26/2026 11:31:17 AM,e7ca1105-8b8f-4dee-a332-17c93bb5c040,2.0,,,,,,,,,,,,,,,,,,,,,,,,,,,,,,,,,,,,,,,,,,,,,,,,,,,NA,And.,
PLAYER_POSITIONS,62779,6/26/2026 11:31:17 AM,e7ca1105-8b8f-4dee-a332-17c93bb5c040,2.0,,,,,,,,,,,,,,,,,,,,,,,,,,,,,,,,,,,"(-10.1, 0.5, 2.2)","(-10.2, 0.8, 1.9)","(-10.0, 0.4, 1.5)",
PLAYER_POSITIONS,62779,6/26/2026 11:31:17 AM,e7ca1105-8b8f-4dee-a332-17c93bb5c040,2.0,,,,,,,,,,,,,,,,,,,,,,,,,,,,,,,,,,,"(-10.1, 0.5, 2.2)","(-10.2, 0.8, 1.9)","(-10.0, 0.4, 1.5)",
TAG_DISCARDED,62943,6/26/2026 11:31:17 AM,e7ca1105-8b8f-4dee-a332-17c93bb5c040,2.0,,,,,,,,,,,,,,,,,,,,,,,,,,,,,,,,,,,,"(-10.1, 0.4, 1.5)",,,,,,green,
TOOL_HOVER,63054,6/26/2026 11:31:17 AM,e7ca1105-8b8f-4dee-a332-17c93bb5c040,2.0,,,,,,,,,,,,,,,,,,,,,,,,,,,,,,,,,,,,,,,,,,,,,,999,,Decompression Needle,
VOICE_CAPTURE,63182,6/26/2026 11:31:17 AM,e7ca1105-8b8f-4dee-a332-17c93bb5c040,2.0,,,,,,,,,,,,,,,,,,,,,,,,,,,,,,,,,,,,,,,,,,,,,,,,,,,NA,And.,
PLAYER_POSITIONS,63292,6/26/2026 11:31:18 AM,e7ca1105-8b8f-4dee-a332-17c93bb5c040,2.0,,,,,,,,,,,,,,,,,,,,,,,,,,,,,,,,,,,"(-10.1, 0.4, 2.2)","(-10.2, 0.9, 1.9)","(-10.0, 0.5, 1.4)",
PLAYER_POSITIONS,63292,6/26/2026 11:31:18 AM,e7ca1105-8b8f-4dee-a332-17c93bb5c040,2.0,,,,,,,,,,,,,,,,,,,,,,,,,,,,,,,,,,,"(-10.1, 0.4, 2.2)","(-10.2, 0.9, 1.9)","(-10.0, 0.5, 1.4)",
TOOL_SELECTED,63486,6/26/2026 11:31:18 AM,e7ca1105-8b8f-4dee-a332-17c93bb5c040,2.0,,,,,,,,,,,,,,,,,,,,,,,,,,,,,,,,,,,,,,,,,,,,,,998,,Decompression Needle,
VOICE_CAPTURE,63695,6/26/2026 11:31:18 AM,e7ca1105-8b8f-4dee-a332-17c93bb5c040,2.0,,,,,,,,,,,,,,,,,,,,,,,,,,,,,,,,,,,,,,,,,,,,,,,,,,,NA,And.,
PLAYER_POSITIONS,63802,6/26/2026 11:31:18 AM,e7ca1105-8b8f-4dee-a332-17c93bb5c040,2.0,,,,,,,,,,,,,,,,,,,,,,,,,,,,,,,,,,,"(-10.1, 0.5, 2.2)","(-10.1, 0.8, 2.0)","(-10.0, 0.4, 1.5)",
PLAYER_POSITIONS,63802,6/26/2026 11:31:18 AM,e7ca1105-8b8f-4dee-a332-17c93bb5c040,2.0,,,,,,,,,,,,,,,,,,,,,,,,,,,,,,,,,,,"(-10.1, 0.5, 2.2)","(-10.1, 0.8, 2.0)","(-10.0, 0.4, 1.5)",
AUDIO_START,64169,6/26/2026 11:31:18 AM,e7ca1105-8b8f-4dee-a332-17c93bb5c040,2.0,air support,3.578775,
VOICE_CAPTURE,64169,6/26/2026 11:31:18 AM,e7ca1105-8b8f-4dee-a332-17c93bb5c040,2.0,,,,,,,,,,,,,,,,,,,,,,,,,,,,,,,,,,,,,,,,,,,,,,,,,,,NA,And.,
PLAYER_POSITIONS,64329,6/26/2026 11:31:19 AM,e7ca1105-8b8f-4dee-a332-17c93bb5c040,2.0,,,,,,,,,,,,,,,,,,,,,,,,,,,,,,,,,,,"(-10.2, 0.5, 2.2)","(-10.1, 0.8, 2.1)","(-10.0, 0.3, 2.0)",
PLAYER_POSITIONS,64329,6/26/2026 11:31:19 AM,e7ca1105-8b8f-4dee-a332-17c93bb5c040,2.0,,,,,,,,,,,,,,,,,,,,,,,,,,,,,,,,,,,"(-10.2, 0.5, 2.2)","(-10.1, 0.8, 2.1)","(-10.0, 0.3, 2.0)",
VOICE_CAPTURE,64802,6/26/2026 11:31:19 AM,e7ca1105-8b8f-4dee-a332-17c93bb5c040,2.0,,,,,,,,,,,,,,,,,,,,,,,,,,,,,,,,,,,,,,,,,,,,,,,,,,,NA,And. You're out of the frickin'--,
PLAYER_POSITIONS,64830,6/26/2026 11:31:19 AM,e7ca1105-8b8f-4dee-a332-17c93bb5c040,2.0,,,,,,,,,,,,,,,,,,,,,,,,,,,,,,,,,,,"(-10.2, 0.5, 2.2)","(-10.1, 0.8, 2.1)","(-10.0, 0.2, 2.0)",
PLAYER_POSITIONS,64830,6/26/2026 11:31:19 AM,e7ca1105-8b8f-4dee-a332-17c93bb5c040,2.0,,,,,,,,,,,,,,,,,,,,,,,,,,,,,,,,,,,"(-10.2, 0.5, 2.2)","(-10.1, 0.8, 2.1)","(-10.0, 0.2, 2.0)",
VOICE_CAPTURE,65136,6/26/2026 11:31:19 AM,e7ca1105-8b8f-4dee-a332-17c93bb5c040,2.0,,,,,,,,,,,,,,,,,,,,,,,,,,,,,,,,,,,,,,,,,,,,,,,,,,,NA,And. You're out of it for 10 seconds.,
PLAYER_POSITIONS,65333,6/26/2026 11:31:20 AM,e7ca1105-8b8f-4dee-a332-17c93bb5c040,2.0,,,,,,,,,,,,,,,,,,,,,,,,,,,,,,,,,,,"(-10.2, 0.5, 2.2)","(-10.1, 0.8, 2.0)","(-10.0, 0.3, 1.9)",
PLAYER_GAZE,65333,6/26/2026 11:31:20 AM,e7ca1105-8b8f-4dee-a332-17c93bb5c040,2.0,,,,,,,,,,,,,,,,,,,,,,,,Military PT 5,,,,,,,,,"(-0.6, 0.8, 0.3)",,,"(-9.4, 0.0, 1.7)",
PLAYER_POSITIONS,65333,6/26/2026 11:31:20 AM,e7ca1105-8b8f-4dee-a332-17c93bb5c040,2.0,,,,,,,,,,,,,,,,,,,,,,,,,,,,,,,,,,,"(-10.2, 0.5, 2.2)","(-10.1, 0.8, 2.0)","(-10.0, 0.3, 1.9)",
PLAYER_GAZE,65333,6/26/2026 11:31:20 AM,e7ca1105-8b8f-4dee-a332-17c93bb5c040,2.0,,,,,,,,,,,,,,,,,,,,,,,,Military PT 5,,,,,,,,,"(-0.6, 0.8, 0.3)",,,"(-9.4, 0.0, 1.7)",
VOICE_CAPTURE,65611,6/26/2026 11:31:20 AM,e7ca1105-8b8f-4dee-a332-17c93bb5c040,2.0,,,,,,,,,,,,,,,,,,,,,,,,,,,,,,,,,,,,,,,,,,,,,,,,,,,NA,And. You're out of it for 10 seconds.,
VOICE_CAPTURE,65611,6/26/2026 11:31:20 AM,e7ca1105-8b8f-4dee-a332-17c93bb5c040,2.0,,,,,,,,,,,,,,,,,,,,,,,,,,,,,,,,,,,,,,,,,,,,,,,,,,,NA,And. You're out of it for 10 seconds.,
PLAYER_POSITIONS,65861,6/26/2026 11:31:20 AM,e7ca1105-8b8f-4dee-a332-17c93bb5c040,2.0,,,,,,,,,,,,,,,,,,,,,,,,,,,,,,,,,,,"(-10.1, 0.4, 2.2)","(-10.1, 0.8, 1.8)","(-10.1, 0.5, 1.4)",
PLAYER_POSITIONS,65861,6/26/2026 11:31:20 AM,e7ca1105-8b8f-4dee-a332-17c93bb5c040,2.0,,,,,,,,,,,,,,,,,,,,,,,,,,,,,,,,,,,"(-10.1, 0.4, 2.2)","(-10.1, 0.8, 1.8)","(-10.1, 0.5, 1.4)",
TOOL_DISCARDED,65996,6/26/2026 11:31:20 AM,e7ca1105-8b8f-4dee-a332-17c93bb5c040,2.0,,,,,,,,,,,,,,,,,,,,,,,,Military PT 5,,,,,,,,,,,,"(-10.1, 0.5, 1.5)",,,,,,,,,,998,,Decompression Needle,
TOOL_HOVER,66080,6/26/2026 11:31:20 AM,e7ca1105-8b8f-4dee-a332-17c93bb5c040,2.0,,,,,,,,,,,,,,,,,,,,,,,,,,,,,,,,,,,,,,,,,,,,,,999,,Decompression Needle,
PLAYER_POSITIONS,66360,6/26/2026 11:31:21 AM,e7ca1105-8b8f-4dee-a332-17c93bb5c040,2.0,,,,,,,,,,,,,,,,,,,,,,,,,,,,,,,,,,,"(-10.1, 0.4, 2.2)","(-10.1, 0.8, 1.9)","(-10.1, 0.4, 1.4)",
PLAYER_POSITIONS,66360,6/26/2026 11:31:21 AM,e7ca1105-8b8f-4dee-a332-17c93bb5c040,2.0,,,,,,,,,,,,,,,,,,,,,,,,,,,,,,,,,,,"(-10.1, 0.4, 2.2)","(-10.1, 0.8, 1.9)","(-10.1, 0.4, 1.4)",
PLAYER_POSITIONS,66882,6/26/2026 11:31:21 AM,e7ca1105-8b8f-4dee-a332-17c93bb5c040,2.0,,,,,,,,,,,,,,,,,,,,,,,,,,,,,,,,,,,"(-10.1, 0.4, 2.2)","(-10.1, 0.8, 2.0)","(-10.1, 0.2, 1.7)",
PLAYER_POSITIONS,66882,6/26/2026 11:31:21 AM,e7ca1105-8b8f-4dee-a332-17c93bb5c040,2.0,,,,,,,,,,,,,,,,,,,,,,,,,,,,,,,,,,,"(-10.1, 0.4, 2.2)","(-10.1, 0.8, 2.0)","(-10.1, 0.2, 1.7)",
BAG_CLOSED,66962,6/26/2026 11:31:21 AM,e7ca1105-8b8f-4dee-a332-17c93bb5c040,2.0,,,,,,,,,,,,,,,,,,,,,,,,,,,,,,,,,,,,"(0.0, 0.0, 0.0)",
VOICE_CAPTURE,67130,6/26/2026 11:31:21 AM,e7ca1105-8b8f-4dee-a332-17c93bb5c040,2.0,,,,,,,,,,,,,,,,,,,,,,,,,,,,,,,,,,,,,,,,,,,,,,,,,,,NA,You don't need one. You got bilateral.,
PLAYER_POSITIONS,67407,6/26/2026 11:31:22 AM,e7ca1105-8b8f-4dee-a332-17c93bb5c040,2.0,,,,,,,,,,,,,,,,,,,,,,,,,,,,,,,,,,,"(-10.0, 0.5, 2.0)","(-10.0, 0.7, 1.8)","(-10.0, 0.2, 1.5)",
PLAYER_POSITIONS,67407,6/26/2026 11:31:22 AM,e7ca1105-8b8f-4dee-a332-17c93bb5c040,2.0,,,,,,,,,,,,,,,,,,,,,,,,,,,,,,,,,,,"(-10.0, 0.5, 2.0)","(-10.0, 0.7, 1.8)","(-10.0, 0.2, 1.5)",
VOICE_CAPTURE,67630,6/26/2026 11:31:22 AM,e7ca1105-8b8f-4dee-a332-17c93bb5c040,2.0,,,,,,,,,,,,,,,,,,,,,,,,,,,,,,,,,,,,,,,,,,,,,,,,,,,NA,You don't need one. You got bilateral.,
VOICE_CAPTURE,67630,6/26/2026 11:31:22 AM,e7ca1105-8b8f-4dee-a332-17c93bb5c040,2.0,,,,,,,,,,,,,,,,,,,,,,,,,,,,,,,,,,,,,,,,,,,,,,,,,,,NA,You don't need one. You got bilateral.,
AUDIO_END,67770,6/26/2026 11:31:22 AM,e7ca1105-8b8f-4dee-a332-17c93bb5c040,2.0,air support,3.578775,
NARRATIVE_SECTION_END,67770,6/26/2026 11:31:22 AM,e7ca1105-8b8f-4dee-a332-17c93bb5c040,2.0,,,,,,,,,,,,,,,,,,Air Support Message,5,
NARRATIVE_SECTION_START,67792,6/26/2026 11:31:22 AM,e7ca1105-8b8f-4dee-a332-17c93bb5c040,2.0,,,,,,,,,,,,,,,,,,Coming in hot,6,
PLAYER_POSITIONS,67934,6/26/2026 11:31:22 AM,e7ca1105-8b8f-4dee-a332-17c93bb5c040,2.0,,,,,,,,,,,,,,,,,,,,,,,,,,,,,,,,,,,"(-10.1, 0.5, 2.0)","(-10.1, 0.8, 1.9)","(-10.0, 0.3, 1.6)",
PLAYER_POSITIONS,67934,6/26/2026 11:31:22 AM,e7ca1105-8b8f-4dee-a332-17c93bb5c040,2.0,,,,,,,,,,,,,,,,,,,,,,,,,,,,,,,,,,,"(-10.1, 0.5, 2.0)","(-10.1, 0.8, 1.9)","(-10.0, 0.3, 1.6)",
PLAYER_POSITIONS,68435,6/26/2026 11:31:23 AM,e7ca1105-8b8f-4dee-a332-17c93bb5c040,2.0,,,,,,,,,,,,,,,,,,,,,,,,,,,,,,,,,,,"(-10.1, 0.4, 2.0)","(-10.2, 0.8, 1.9)","(-10.1, 0.5, 1.6)",
PLAYER_POSITIONS,68435,6/26/2026 11:31:23 AM,e7ca1105-8b8f-4dee-a332-17c93bb5c040,2.0,,,,,,,,,,,,,,,,,,,,,,,,,,,,,,,,,,,"(-10.1, 0.4, 2.0)","(-10.2, 0.8, 1.9)","(-10.1, 0.5, 1.6)",
AUDIO_START,68773,6/26/2026 11:31:23 AM,e7ca1105-8b8f-4dee-a332-17c93bb5c040,2.0,coming in hot,3.369796,
PLAYER_POSITIONS,68963,6/26/2026 11:31:23 AM,e7ca1105-8b8f-4dee-a332-17c93bb5c040,2.0,,,,,,,,,,,,,,,,,,,,,,,,,,,,,,,,,,,"(-10.2, 0.5, 2.1)","(-10.2, 0.8, 1.9)","(-10.1, 0.5, 1.7)",
PLAYER_POSITIONS,68963,6/26/2026 11:31:23 AM,e7ca1105-8b8f-4dee-a332-17c93bb5c040,2.0,,,,,,,,,,,,,,,,,,,,,,,,,,,,,,,,,,,"(-10.2, 0.5, 2.1)","(-10.2, 0.8, 1.9)","(-10.1, 0.5, 1.7)",
PLAYER_POSITIONS,69483,6/26/2026 11:31:24 AM,e7ca1105-8b8f-4dee-a332-17c93bb5c040,2.0,,,,,,,,,,,,,,,,,,,,,,,,,,,,,,,,,,,"(-10.2, 0.5, 2.1)","(-10.2, 0.9, 1.9)","(-10.1, 0.5, 1.7)",
PLAYER_GAZE,69483,6/26/2026 11:31:24 AM,e7ca1105-8b8f-4dee-a332-17c93bb5c040,2.0,,,,,,,,,,,,,,,,,,,,,,,,Military PT 5,,,,,,,,,"(-0.8, 0.9, 0.2)",,,"(-9.4, 0.0, 1.7)",
PLAYER_POSITIONS,69483,6/26/2026 11:31:24 AM,e7ca1105-8b8f-4dee-a332-17c93bb5c040,2.0,,,,,,,,,,,,,,,,,,,,,,,,,,,,,,,,,,,"(-10.2, 0.5, 2.1)","(-10.2, 0.9, 1.9)","(-10.1, 0.5, 1.7)",
PLAYER_GAZE,69483,6/26/2026 11:31:24 AM,e7ca1105-8b8f-4dee-a332-17c93bb5c040,2.0,,,,,,,,,,,,,,,,,,,,,,,,Military PT 5,,,,,,,,,"(-0.8, 0.9, 0.2)",,,"(-9.4, 0.0, 1.7)",
PLAYER_POSITIONS,69985,6/26/2026 11:31:24 AM,e7ca1105-8b8f-4dee-a332-17c93bb5c040,2.0,,,,,,,,,,,,,,,,,,,,,,,,,,,,,,,,,,,"(-10.2, 0.4, 2.1)","(-10.2, 0.9, 1.8)","(-10.0, 0.4, 1.5)",
PLAYER_POSITIONS,69985,6/26/2026 11:31:24 AM,e7ca1105-8b8f-4dee-a332-17c93bb5c040,2.0,,,,,,,,,,,,,,,,,,,,,,,,,,,,,,,,,,,"(-10.2, 0.4, 2.1)","(-10.2, 0.9, 1.8)","(-10.0, 0.4, 1.5)",
VOICE_CAPTURE,70164,6/26/2026 11:31:24 AM,e7ca1105-8b8f-4dee-a332-17c93bb5c040,2.0,,,,,,,,,,,,,,,,,,,,,,,,,,,,,,,,,,,,,,,,,,,,,,,,,,,NA,Bye-bye.,
TOOL_HOVER,70467,6/26/2026 11:31:25 AM,e7ca1105-8b8f-4dee-a332-17c93bb5c040,2.0,,,,,,,,,,,,,,,,,,,,,,,,,,,,,,,,,,,,,,,,,,,,,,999,,Decompression Needle,
PLAYER_POSITIONS,70498,6/26/2026 11:31:25 AM,e7ca1105-8b8f-4dee-a332-17c93bb5c040,2.0,,,,,,,,,,,,,,,,,,,,,,,,,,,,,,,,,,,"(-10.2, 0.4, 2.1)","(-10.3, 0.9, 1.7)","(-10.2, 0.7, 1.2)",
PLAYER_POSITIONS,70498,6/26/2026 11:31:25 AM,e7ca1105-8b8f-4dee-a332-17c93bb5c040,2.0,,,,,,,,,,,,,,,,,,,,,,,,,,,,,,,,,,,"(-10.2, 0.4, 2.1)","(-10.3, 0.9, 1.7)","(-10.2, 0.7, 1.2)",
TOOL_HOVER,70551,6/26/2026 11:31:25 AM,e7ca1105-8b8f-4dee-a332-17c93bb5c040,2.0,,,,,,,,,,,,,,,,,,,,,,,,,,,,,,,,,,,,,,,,,,,,,,999,,Fentanyl Lollipop,
VOICE_CAPTURE,70637,6/26/2026 11:31:25 AM,e7ca1105-8b8f-4dee-a332-17c93bb5c040,2.0,,,,,,,,,,,,,,,,,,,,,,,,,,,,,,,,,,,,,,,,,,,,,,,,,,,NA,"All right, boss.",
TOOL_SELECTED,70663,6/26/2026 11:31:25 AM,e7ca1105-8b8f-4dee-a332-17c93bb5c040,2.0,,,,,,,,,,,,,,,,,,,,,,,,,,,,,,,,,,,,,,,,,,,,,,998,,Fentanyl Lollipop,
PLAYER_POSITIONS,71012,6/26/2026 11:31:25 AM,e7ca1105-8b8f-4dee-a332-17c93bb5c040,2.0,,,,,,,,,,,,,,,,,,,,,,,,,,,,,,,,,,,"(-10.2, 0.4, 2.1)","(-10.3, 0.9, 1.7)","(-10.1, 0.6, 1.3)",
PLAYER_POSITIONS,71012,6/26/2026 11:31:25 AM,e7ca1105-8b8f-4dee-a332-17c93bb5c040,2.0,,,,,,,,,,,,,,,,,,,,,,,,,,,,,,,,,,,"(-10.2, 0.4, 2.1)","(-10.3, 0.9, 1.7)","(-10.1, 0.6, 1.3)",
VOICE_CAPTURE,71149,6/26/2026 11:31:25 AM,e7ca1105-8b8f-4dee-a332-17c93bb5c040,2.0,,,,,,,,,,,,,,,,,,,,,,,,,,,,,,,,,,,,,,,,,,,,,,,,,,,NA,"All right, boss.",
VOICE_CAPTURE,71149,6/26/2026 11:31:25 AM,e7ca1105-8b8f-4dee-a332-17c93bb5c040,2.0,,,,,,,,,,,,,,,,,,,,,,,,,,,,,,,,,,,,,,,,,,,,,,,,,,,NA,"All right, boss.",
PLAYER_POSITIONS,71524,6/26/2026 11:31:26 AM,e7ca1105-8b8f-4dee-a332-17c93bb5c040,2.0,,,,,,,,,,,,,,,,,,,,,,,,,,,,,,,,,,,"(-10.4, 0.5, 2.1)","(-10.2, 0.8, 2.1)","(-10.1, 0.2, 2.1)",
PLAYER_POSITIONS,71524,6/26/2026 11:31:26 AM,e7ca1105-8b8f-4dee-a332-17c93bb5c040,2.0,,,,,,,,,,,,,,,,,,,,,,,,,,,,,,,,,,,"(-10.4, 0.5, 2.1)","(-10.2, 0.8, 2.1)","(-10.1, 0.2, 2.1)",
INJURY_TREATED,71938,6/26/2026 11:31:26 AM,e7ca1105-8b8f-4dee-a332-17c93bb5c040,2.0,,,,,,,,,head,Unspecified,"(0.0, 0.0, 0.0)",none,1,1,none,True,False,,,,,,,Military PT 5,
TOOL_APPLIED,71938,6/26/2026 11:31:26 AM,e7ca1105-8b8f-4dee-a332-17c93bb5c040,2.0,,,,,,,,,,,,,,,,,,,,,,,,Military PT 5,,,,,,,,,,,,,,,,,,,,AppliedLollipop,Jaw (UnityEngine.GameObject),,Fentanyl Lollipop(Clone) (UnityEngine.GameObject),Fentanyl Lollipop,
PLAYER_POSITIONS,72020,6/26/2026 11:31:26 AM,e7ca1105-8b8f-4dee-a332-17c93bb5c040,2.0,,,,,,,,,,,,,,,,,,,,,,,,,,,,,,,,,,,"(-10.4, 0.5, 2.2)","(-10.2, 0.7, 2.2)","(-10.1, 0.1, 2.3)",
PLAYER_POSITIONS,72020,6/26/2026 11:31:26 AM,e7ca1105-8b8f-4dee-a332-17c93bb5c040,2.0,,,,,,,,,,,,,,,,,,,,,,,,,,,,,,,,,,,"(-10.4, 0.5, 2.2)","(-10.2, 0.7, 2.2)","(-10.1, 0.1, 2.3)",
VOICE_CAPTURE,72132,6/26/2026 11:31:26 AM,e7ca1105-8b8f-4dee-a332-17c93bb5c040,2.0,,,,,,,,,,,,,,,,,,,,,,,,,,,,,,,,,,,,,,,,,,,,,,,,,,,NA,What's your name?,
AUDIO_END,72159,6/26/2026 11:31:26 AM,e7ca1105-8b8f-4dee-a332-17c93bb5c040,2.0,coming in hot,3.369796,
NARRATIVE_SECTION_END,72159,6/26/2026 11:31:26 AM,e7ca1105-8b8f-4dee-a332-17c93bb5c040,2.0,,,,,,,,,,,,,,,,,,Coming in hot,6,
NARRATIVE_SECTION_START,72183,6/26/2026 11:31:26 AM,e7ca1105-8b8f-4dee-a332-17c93bb5c040,2.0,,,,,,,,,,,,,,,,,,Jet flyover enable,7,
PLAYER_POSITIONS,72525,6/26/2026 11:31:27 AM,e7ca1105-8b8f-4dee-a332-17c93bb5c040,2.0,,,,,,,,,,,,,,,,,,,,,,,,,,,,,,,,,,,"(-10.3, 0.5, 2.1)","(-10.1, 0.8, 1.9)","(-10.0, 0.3, 1.7)",
PLAYER_POSITIONS,72525,6/26/2026 11:31:27 AM,e7ca1105-8b8f-4dee-a332-17c93bb5c040,2.0,,,,,,,,,,,,,,,,,,,,,,,,,,,,,,,,,,,"(-10.3, 0.5, 2.1)","(-10.1, 0.8, 1.9)","(-10.0, 0.3, 1.7)",
VOICE_CAPTURE,72608,6/26/2026 11:31:27 AM,e7ca1105-8b8f-4dee-a332-17c93bb5c040,2.0,,,,,,,,,,,,,,,,,,,,,,,,,,,,,,,,,,,,,,,,,,,,,,,,,,,NA,What's your name?,
VOICE_CAPTURE,72608,6/26/2026 11:31:27 AM,e7ca1105-8b8f-4dee-a332-17c93bb5c040,2.0,,,,,,,,,,,,,,,,,,,,,,,,,,,,,,,,,,,,,,,,,,,,,,,,,,,NA,What's your name?,
VOICE_COMMAND,72608,6/26/2026 11:31:27 AM,e7ca1105-8b8f-4dee-a332-17c93bb5c040,2.0,,,,,,,,,,,,,,,,,,,,,,,,,,,,,,,,,,,,,,,,,,,,,,,,,,,What's your name?,what is your name,
PLAYER_POSITIONS,73053,6/26/2026 11:31:27 AM,e7ca1105-8b8f-4dee-a332-17c93bb5c040,2.0,,,,,,,,,,,,,,,,,,,,,,,,,,,,,,,,,,,"(-10.2, 0.5, 2.1)","(-10.2, 0.9, 1.8)","(-10.1, 0.5, 1.5)",
PLAYER_POSITIONS,73053,6/26/2026 11:31:27 AM,e7ca1105-8b8f-4dee-a332-17c93bb5c040,2.0,,,,,,,,,,,,,,,,,,,,,,,,,,,,,,,,,,,"(-10.2, 0.5, 2.1)","(-10.2, 0.9, 1.8)","(-10.1, 0.5, 1.5)",
NARRATIVE_SECTION_END,73190,6/26/2026 11:31:27 AM,e7ca1105-8b8f-4dee-a332-17c93bb5c040,2.0,,,,,,,,,,,,,,,,,,Jet flyover enable,7,
NARRATIVE_SECTION_START,73242,6/26/2026 11:31:27 AM,e7ca1105-8b8f-4dee-a332-17c93bb5c040,2.0,,,,,,,,,,,,,,,,,,Jet flyover sound,8,
PLAYER_POSITIONS,73594,6/26/2026 11:31:28 AM,e7ca1105-8b8f-4dee-a332-17c93bb5c040,2.0,,,,,,,,,,,,,,,,,,,,,,,,,,,,,,,,,,,"(-10.2, 0.5, 2.1)","(-10.2, 0.8, 1.8)","(-10.1, 0.5, 1.6)",
PLAYER_POSITIONS,73594,6/26/2026 11:31:28 AM,e7ca1105-8b8f-4dee-a332-17c93bb5c040,2.0,,,,,,,,,,,,,,,,,,,,,,,,,,,,,,,,,,,"(-10.2, 0.5, 2.1)","(-10.2, 0.8, 1.8)","(-10.1, 0.5, 1.6)",
PLAYER_POSITIONS,74108,6/26/2026 11:31:28 AM,e7ca1105-8b8f-4dee-a332-17c93bb5c040,2.0,,,,,,,,,,,,,,,,,,,,,,,,,,,,,,,,,,,"(-10.2, 0.5, 2.1)","(-10.3, 0.8, 1.8)","(-10.1, 0.4, 1.7)",
PLAYER_POSITIONS,74108,6/26/2026 11:31:28 AM,e7ca1105-8b8f-4dee-a332-17c93bb5c040,2.0,,,,,,,,,,,,,,,,,,,,,,,,,,,,,,,,,,,"(-10.2, 0.5, 2.1)","(-10.3, 0.8, 1.8)","(-10.1, 0.4, 1.7)",
PLAYER_POSITIONS,74628,6/26/2026 11:31:29 AM,e7ca1105-8b8f-4dee-a332-17c93bb5c040,2.0,,,,,,,,,,,,,,,,,,,,,,,,,,,,,,,,,,,"(-10.2, 0.5, 2.1)","(-10.2, 0.9, 1.8)","(-10.0, 0.5, 1.7)",
PLAYER_GAZE,74628,6/26/2026 11:31:29 AM,e7ca1105-8b8f-4dee-a332-17c93bb5c040,2.0,,,,,,,,,,,,,,,,,,,,,,,,Military PT 5,,,,,,,,,"(-0.8, 0.9, 0.1)",,,"(-9.4, 0.0, 1.7)",
PLAYER_POSITIONS,74628,6/26/2026 11:31:29 AM,e7ca1105-8b8f-4dee-a332-17c93bb5c040,2.0,,,,,,,,,,,,,,,,,,,,,,,,,,,,,,,,,,,"(-10.2, 0.5, 2.1)","(-10.2, 0.9, 1.8)","(-10.0, 0.5, 1.7)",
PLAYER_GAZE,74628,6/26/2026 11:31:29 AM,e7ca1105-8b8f-4dee-a332-17c93bb5c040,2.0,,,,,,,,,,,,,,,,,,,,,,,,Military PT 5,,,,,,,,,"(-0.8, 0.9, 0.1)",,,"(-9.4, 0.0, 1.7)",
PLAYER_POSITIONS,75141,6/26/2026 11:31:29 AM,e7ca1105-8b8f-4dee-a332-17c93bb5c040,2.0,,,,,,,,,,,,,,,,,,,,,,,,,,,,,,,,,,,"(-10.2, 0.5, 2.1)","(-10.3, 0.9, 1.7)","(-9.9, 0.6, 1.5)",
PLAYER_POSITIONS,75141,6/26/2026 11:31:29 AM,e7ca1105-8b8f-4dee-a332-17c93bb5c040,2.0,,,,,,,,,,,,,,,,,,,,,,,,,,,,,,,,,,,"(-10.2, 0.5, 2.1)","(-10.3, 0.9, 1.7)","(-9.9, 0.6, 1.5)",
AUDIO_START,75241,6/26/2026 11:31:29 AM,e7ca1105-8b8f-4dee-a332-17c93bb5c040,2.0,jet flyover,8.071836,
TOOL_HOVER,75258,6/26/2026 11:31:29 AM,e7ca1105-8b8f-4dee-a332-17c93bb5c040,2.0,,,,,,,,,,,,,,,,,,,,,,,,,,,,,,,,,,,,,,,,,,,,,,999,,IV Blood,
TOOL_HOVER,75360,6/26/2026 11:31:30 AM,e7ca1105-8b8f-4dee-a332-17c93bb5c040,2.0,,,,,,,,,,,,,,,,,,,,,,,,,,,,,,,,,,,,,,,,,,,,,,999,,Blanket,
PLAYER_POSITIONS,75644,6/26/2026 11:31:30 AM,e7ca1105-8b8f-4dee-a332-17c93bb5c040,2.0,,,,,,,,,,,,,,,,,,,,,,,,,,,,,,,,,,,"(-10.2, 0.5, 2.1)","(-10.2, 0.9, 1.7)","(-9.8, 0.5, 1.4)",
PLAYER_POSITIONS,75644,6/26/2026 11:31:30 AM,e7ca1105-8b8f-4dee-a332-17c93bb5c040,2.0,,,,,,,,,,,,,,,,,,,,,,,,,,,,,,,,,,,"(-10.2, 0.5, 2.1)","(-10.2, 0.9, 1.7)","(-9.8, 0.5, 1.4)",
TOOL_SELECTED,75727,6/26/2026 11:31:30 AM,e7ca1105-8b8f-4dee-a332-17c93bb5c040,2.0,,,,,,,,,,,,,,,,,,,,,,,,,,,,,,,,,,,,,,,,,,,,,,998,,Blanket,
PLAYER_POSITIONS,76165,6/26/2026 11:31:30 AM,e7ca1105-8b8f-4dee-a332-17c93bb5c040,2.0,,,,,,,,,,,,,,,,,,,,,,,,,,,,,,,,,,,"(-10.3, 0.5, 2.1)","(-10.2, 0.8, 1.9)","(-10.0, 0.2, 1.9)",
PLAYER_POSITIONS,76165,6/26/2026 11:31:30 AM,e7ca1105-8b8f-4dee-a332-17c93bb5c040,2.0,,,,,,,,,,,,,,,,,,,,,,,,,,,,,,,,,,,"(-10.3, 0.5, 2.1)","(-10.2, 0.8, 1.9)","(-10.0, 0.2, 1.9)",
INJURY_TREATED,76694,6/26/2026 11:31:31 AM,e7ca1105-8b8f-4dee-a332-17c93bb5c040,2.0,,,,,,,,,fullBody,Unspecified,"(0.0, 0.0, 0.0)",none,1,1,none,True,False,,,,,,,Military PT 5,
TOOL_APPLIED,76694,6/26/2026 11:31:31 AM,e7ca1105-8b8f-4dee-a332-17c93bb5c040,2.0,,,,,,,,,,,,,,,,,,,,,,,,Military PT 5,,,,,,,,,,,,,,,,,,,,AppliedBlanket,Military PT 5 (UnityEngine.GameObject),,Blanket(Clone) (UnityEngine.GameObject),Blanket,
PLAYER_POSITIONS,76697,6/26/2026 11:31:31 AM,e7ca1105-8b8f-4dee-a332-17c93bb5c040,2.0,,,,,,,,,,,,,,,,,,,,,,,,,,,,,,,,,,,"(-10.4, 0.5, 2.1)","(-10.1, 0.7, 2.0)","(-10.0, 0.0, 2.0)",
PLAYER_POSITIONS,76697,6/26/2026 11:31:31 AM,e7ca1105-8b8f-4dee-a332-17c93bb5c040,2.0,,,,,,,,,,,,,,,,,,,,,,,,,,,,,,,,,,,"(-10.4, 0.5, 2.1)","(-10.1, 0.7, 2.0)","(-10.0, 0.0, 2.0)",
PLAYER_POSITIONS,77208,6/26/2026 11:31:31 AM,e7ca1105-8b8f-4dee-a332-17c93bb5c040,2.0,,,,,,,,,,,,,,,,,,,,,,,,,,,,,,,,,,,"(-10.3, 0.5, 2.2)","(-10.1, 0.9, 2.0)","(-10.1, 0.1, 1.9)",
PLAYER_POSITIONS,77208,6/26/2026 11:31:31 AM,e7ca1105-8b8f-4dee-a332-17c93bb5c040,2.0,,,,,,,,,,,,,,,,,,,,,,,,,,,,,,,,,,,"(-10.3, 0.5, 2.2)","(-10.1, 0.9, 2.0)","(-10.1, 0.1, 1.9)",
PLAYER_POSITIONS,77722,6/26/2026 11:31:32 AM,e7ca1105-8b8f-4dee-a332-17c93bb5c040,2.0,,,,,,,,,,,,,,,,,,,,,,,,,,,,,,,,,,,"(-10.3, 0.5, 2.2)","(-10.2, 0.9, 2.0)","(-10.1, 0.2, 1.9)",
PLAYER_POSITIONS,77722,6/26/2026 11:31:32 AM,e7ca1105-8b8f-4dee-a332-17c93bb5c040,2.0,,,,,,,,,,,,,,,,,,,,,,,,,,,,,,,,,,,"(-10.3, 0.5, 2.2)","(-10.2, 0.9, 2.0)","(-10.1, 0.2, 1.9)",
VOICE_CAPTURE,78027,6/26/2026 11:31:32 AM,e7ca1105-8b8f-4dee-a332-17c93bb5c040,2.0,,,,,,,,,,,,,,,,,,,,,,,,,,,,,,,,,,,,,,,,,,,,,,,,,,,NA,all right hoes,
VOICE_CAPTURE,78220,6/26/2026 11:31:32 AM,e7ca1105-8b8f-4dee-a332-17c93bb5c040,2.0,,,,,,,,,,,,,,,,,,,,,,,,,,,,,,,,,,,,,,,,,,,,,,,,,,,NA,"All right, Jose.",
PLAYER_POSITIONS,78249,6/26/2026 11:31:32 AM,e7ca1105-8b8f-4dee-a332-17c93bb5c040,2.0,,,,,,,,,,,,,,,,,,,,,,,,,,,,,,,,,,,"(-10.2, 0.5, 2.1)","(-10.2, 0.9, 1.9)","(-10.1, 0.2, 1.8)",
PLAYER_POSITIONS,78249,6/26/2026 11:31:32 AM,e7ca1105-8b8f-4dee-a332-17c93bb5c040,2.0,,,,,,,,,,,,,,,,,,,,,,,,,,,,,,,,,,,"(-10.2, 0.5, 2.1)","(-10.2, 0.9, 1.9)","(-10.1, 0.2, 1.8)",
VOICE_CAPTURE,78721,6/26/2026 11:31:33 AM,e7ca1105-8b8f-4dee-a332-17c93bb5c040,2.0,,,,,,,,,,,,,,,,,,,,,,,,,,,,,,,,,,,,,,,,,,,,,,,,,,,NA,"All right, Jose.",
VOICE_CAPTURE,78721,6/26/2026 11:31:33 AM,e7ca1105-8b8f-4dee-a332-17c93bb5c040,2.0,,,,,,,,,,,,,,,,,,,,,,,,,,,,,,,,,,,,,,,,,,,,,,,,,,,NA,"All right, Jose.",
PLAYER_POSITIONS,78779,6/26/2026 11:31:33 AM,e7ca1105-8b8f-4dee-a332-17c93bb5c040,2.0,,,,,,,,,,,,,,,,,,,,,,,,,,,,,,,,,,,"(-10.2, 0.5, 2.1)","(-10.2, 0.9, 1.9)","(-10.2, 0.2, 1.8)",
PLAYER_POSITIONS,78779,6/26/2026 11:31:33 AM,e7ca1105-8b8f-4dee-a332-17c93bb5c040,2.0,,,,,,,,,,,,,,,,,,,,,,,,,,,,,,,,,,,"(-10.2, 0.5, 2.1)","(-10.2, 0.9, 1.9)","(-10.2, 0.2, 1.8)",
BAG_CLOSED,79261,6/26/2026 11:31:33 AM,e7ca1105-8b8f-4dee-a332-17c93bb5c040,2.0,,,,,,,,,,,,,,,,,,,,,,,,,,,,,,,,,,,,"(0.0, 0.0, 0.0)",
PLAYER_POSITIONS,79292,6/26/2026 11:31:34 AM,e7ca1105-8b8f-4dee-a332-17c93bb5c040,2.0,,,,,,,,,,,,,,,,,,,,,,,,,,,,,,,,,,,"(-10.2, 0.5, 2.0)","(-10.3, 0.9, 1.8)","(-10.2, 0.2, 1.6)",
PLAYER_GAZE,79292,6/26/2026 11:31:34 AM,e7ca1105-8b8f-4dee-a332-17c93bb5c040,2.0,,,,,,,,,,,,,,,,,,,,,,,,Military PT 5,,,,,,,,,"(-0.8, 0.9, 0.1)",,,"(-9.4, 0.0, 1.7)",
PLAYER_POSITIONS,79292,6/26/2026 11:31:34 AM,e7ca1105-8b8f-4dee-a332-17c93bb5c040,2.0,,,,,,,,,,,,,,,,,,,,,,,,,,,,,,,,,,,"(-10.2, 0.5, 2.0)","(-10.3, 0.9, 1.8)","(-10.2, 0.2, 1.6)",
PLAYER_GAZE,79292,6/26/2026 11:31:34 AM,e7ca1105-8b8f-4dee-a332-17c93bb5c040,2.0,,,,,,,,,,,,,,,,,,,,,,,,Military PT 5,,,,,,,,,"(-0.8, 0.9, 0.1)",,,"(-9.4, 0.0, 1.7)",
PLAYER_POSITIONS,79808,6/26/2026 11:31:34 AM,e7ca1105-8b8f-4dee-a332-17c93bb5c040,2.0,,,,,,,,,,,,,,,,,,,,,,,,,,,,,,,,,,,"(-10.2, 0.5, 1.8)","(-10.3, 0.9, 1.7)","(-10.2, 0.2, 1.4)",
PLAYER_POSITIONS,79808,6/26/2026 11:31:34 AM,e7ca1105-8b8f-4dee-a332-17c93bb5c040,2.0,,,,,,,,,,,,,,,,,,,,,,,,,,,,,,,,,,,"(-10.2, 0.5, 1.8)","(-10.3, 0.9, 1.7)","(-10.2, 0.2, 1.4)",
PLAYER_POSITIONS,80328,6/26/2026 11:31:35 AM,e7ca1105-8b8f-4dee-a332-17c93bb5c040,2.0,,,,,,,,,,,,,,,,,,,,,,,,,,,,,,,,,,,"(-10.3, 0.5, 1.7)","(-10.4, 1.0, 1.5)","(-10.2, 0.2, 1.3)",
PLAYER_POSITIONS,80328,6/26/2026 11:31:35 AM,e7ca1105-8b8f-4dee-a332-17c93bb5c040,2.0,,,,,,,,,,,,,,,,,,,,,,,,,,,,,,,,,,,"(-10.3, 0.5, 1.7)","(-10.4, 1.0, 1.5)","(-10.2, 0.2, 1.3)",
PLAYER_POSITIONS,80842,6/26/2026 11:31:35 AM,e7ca1105-8b8f-4dee-a332-17c93bb5c040,2.0,,,,,,,,,,,,,,,,,,,,,,,,,,,,,,,,,,,"(-10.4, 0.5, 1.7)","(-10.6, 1.0, 1.5)","(-10.4, 0.2, 1.3)",
PLAYER_POSITIONS,80842,6/26/2026 11:31:35 AM,e7ca1105-8b8f-4dee-a332-17c93bb5c040,2.0,,,,,,,,,,,,,,,,,,,,,,,,,,,,,,,,,,,"(-10.4, 0.5, 1.7)","(-10.6, 1.0, 1.5)","(-10.4, 0.2, 1.3)",
VOICE_CAPTURE,81217,6/26/2026 11:31:35 AM,e7ca1105-8b8f-4dee-a332-17c93bb5c040,2.0,,,,,,,,,,,,,,,,,,,,,,,,,,,,,,,,,,,,,,,,,,,,,,,,,,,NA,You just hang tight right there.,
PLAYER_POSITIONS,81356,6/26/2026 11:31:36 AM,e7ca1105-8b8f-4dee-a332-17c93bb5c040,2.0,,,,,,,,,,,,,,,,,,,,,,,,,,,,,,,,,,,"(-10.9, 0.5, 2.6)","(-11.0, 1.0, 2.5)","(-10.7, 0.3, 2.2)",
PLAYER_POSITIONS,81356,6/26/2026 11:31:36 AM,e7ca1105-8b8f-4dee-a332-17c93bb5c040,2.0,,,,,,,,,,,,,,,,,,,,,,,,,,,,,,,,,,,"(-10.9, 0.5, 2.6)","(-11.0, 1.0, 2.5)","(-10.7, 0.3, 2.2)",
PATIENT_DISENGAGED,81672,6/26/2026 11:31:36 AM,e7ca1105-8b8f-4dee-a332-17c93bb5c040,2.0,,,,32.66,,,,,,,,,,,,,,,,fast,100,Infinity,normal,Military PT 5,upset,supine,"(-9.4, -0.1, 1.7)",faint,"(0.0, -1.0, 0.0, 0.0)",normal,IMMEDIATE,still,,,,,,,,,,,,,,,,,32.66,
VOICE_CAPTURE,81730,6/26/2026 11:31:36 AM,e7ca1105-8b8f-4dee-a332-17c93bb5c040,2.0,,,,,,,,,,,,,,,,,,,,,,,,,,,,,,,,,,,,,,,,,,,,,,,,,,,NA,"You just hang tight right there. You just hang tight right there, okay?",
PLAYER_POSITIONS,81883,6/26/2026 11:31:36 AM,e7ca1105-8b8f-4dee-a332-17c93bb5c040,2.0,,,,,,,,,,,,,,,,,,,,,,,,,,,,,,,,,,,"(-11.2, 0.8, 3.6)","(-11.1, 1.5, 3.4)","(-10.9, 0.7, 3.3)",
PLAYER_POSITIONS,81883,6/26/2026 11:31:36 AM,e7ca1105-8b8f-4dee-a332-17c93bb5c040,2.0,,,,,,,,,,,,,,,,,,,,,,,,,,,,,,,,,,,"(-11.2, 0.8, 3.6)","(-11.1, 1.5, 3.4)","(-10.9, 0.7, 3.3)",
VOICE_CAPTURE,82233,6/26/2026 11:31:36 AM,e7ca1105-8b8f-4dee-a332-17c93bb5c040,2.0,,,,,,,,,,,,,,,,,,,,,,,,,,,,,,,,,,,,,,,,,,,,,,,,,,,NA,"You just hang tight right there. You just hang tight right there, okay?",
VOICE_CAPTURE,82233,6/26/2026 11:31:36 AM,e7ca1105-8b8f-4dee-a332-17c93bb5c040,2.0,,,,,,,,,,,,,,,,,,,,,,,,,,,,,,,,,,,,,,,,,,,,,,,,,,,NA,"You just hang tight right there. You just hang tight right there, okay?",
PLAYER_POSITIONS,82398,6/26/2026 11:31:37 AM,e7ca1105-8b8f-4dee-a332-17c93bb5c040,2.0,,,,,,,,,,,,,,,,,,,,,,,,,,,,,,,,,,,"(-10.7, 0.8, 4.3)","(-10.6, 1.5, 4.0)","(-10.4, 0.8, 3.8)",
PLAYER_POSITIONS,82398,6/26/2026 11:31:37 AM,e7ca1105-8b8f-4dee-a332-17c93bb5c040,2.0,,,,,,,,,,,,,,,,,,,,,,,,,,,,,,,,,,,"(-10.7, 0.8, 4.3)","(-10.6, 1.5, 4.0)","(-10.4, 0.8, 3.8)",
PLAYER_POSITIONS,82900,6/26/2026 11:31:37 AM,e7ca1105-8b8f-4dee-a332-17c93bb5c040,2.0,,,,,,,,,,,,,,,,,,,,,,,,,,,,,,,,,,,"(-10.6, 0.8, 5.1)","(-10.5, 1.4, 4.8)","(-10.3, 0.8, 4.6)",
PLAYER_POSITIONS,82900,6/26/2026 11:31:37 AM,e7ca1105-8b8f-4dee-a332-17c93bb5c040,2.0,,,,,,,,,,,,,,,,,,,,,,,,,,,,,,,,,,,"(-10.6, 0.8, 5.1)","(-10.5, 1.4, 4.8)","(-10.3, 0.8, 4.6)",
AUDIO_END,83319,6/26/2026 11:31:38 AM,e7ca1105-8b8f-4dee-a332-17c93bb5c040,2.0,jet flyover,8.071836,
NARRATIVE_SECTION_END,83319,6/26/2026 11:31:38 AM,e7ca1105-8b8f-4dee-a332-17c93bb5c040,2.0,,,,,,,,,,,,,,,,,,Jet flyover sound,8,
NARRATIVE_SECTION_START,83342,6/26/2026 11:31:38 AM,e7ca1105-8b8f-4dee-a332-17c93bb5c040,2.0,,,,,,,,,,,,,,,,,,Distant Explosion,9,
PLAYER_POSITIONS,83403,6/26/2026 11:31:38 AM,e7ca1105-8b8f-4dee-a332-17c93bb5c040,2.0,,,,,,,,,,,,,,,,,,,,,,,,,,,,,,,,,,,"(-9.9, 0.8, 5.4)","(-9.9, 1.4, 5.1)","(-9.8, 0.8, 4.9)",
PLAYER_POSITIONS,83403,6/26/2026 11:31:38 AM,e7ca1105-8b8f-4dee-a332-17c93bb5c040,2.0,,,,,,,,,,,,,,,,,,,,,,,,,,,,,,,,,,,"(-9.9, 0.8, 5.4)","(-9.9, 1.4, 5.1)","(-9.8, 0.8, 4.9)",
PATIENT_ENGAGED,83622,6/26/2026 11:31:38 AM,e7ca1105-8b8f-4dee-a332-17c93bb5c040,2.0,,,,0,,,,,,,,,,,,,,,,fast,100,Infinity,normal,Military PT 6,agony,supine,"(-9.1, 0.0, 4.6)",fast,"(0.0, -1.0, 0.0, 0.0)",normal,IMMEDIATE,still,,,,,,,,,,,,,,,,,4.48,
PLAYER_POSITIONS,83922,6/26/2026 11:31:38 AM,e7ca1105-8b8f-4dee-a332-17c93bb5c040,2.0,,,,,,,,,,,,,,,,,,,,,,,,,,,,,,,,,,,"(-9.8, 0.8, 5.0)","(-9.9, 1.4, 4.8)","(-10.0, 0.8, 4.6)",
PLAYER_GAZE,83922,6/26/2026 11:31:38 AM,e7ca1105-8b8f-4dee-a332-17c93bb5c040,2.0,,,,,,,,,,,,,,,,,,,,,,,,Military PT 6,,,,,,,,,"(-0.8, 1.4, 0.3)",,,"(-9.1, 0.0, 4.6)",
PLAYER_POSITIONS,83922,6/26/2026 11:31:38 AM,e7ca1105-8b8f-4dee-a332-17c93bb5c040,2.0,,,,,,,,,,,,,,,,,,,,,,,,,,,,,,,,,,,"(-9.8, 0.8, 5.0)","(-9.9, 1.4, 4.8)","(-10.0, 0.8, 4.6)",
PLAYER_GAZE,83922,6/26/2026 11:31:38 AM,e7ca1105-8b8f-4dee-a332-17c93bb5c040,2.0,,,,,,,,,,,,,,,,,,,,,,,,Military PT 6,,,,,,,,,"(-0.8, 1.4, 0.3)",,,"(-9.1, 0.0, 4.6)",
AUDIO_START,84345,6/26/2026 11:31:39 AM,e7ca1105-8b8f-4dee-a332-17c93bb5c040,2.0,distant explosion,4.675919,
PLAYER_POSITIONS,84446,6/26/2026 11:31:39 AM,e7ca1105-8b8f-4dee-a332-17c93bb5c040,2.0,,,,,,,,,,,,,,,,,,,,,,,,,,,,,,,,,,,"(-10.1, 0.8, 5.5)","(-10.2, 1.4, 5.3)","(-10.3, 0.8, 5.0)",
PLAYER_POSITIONS,84446,6/26/2026 11:31:39 AM,e7ca1105-8b8f-4dee-a332-17c93bb5c040,2.0,,,,,,,,,,,,,,,,,,,,,,,,,,,,,,,,,,,"(-10.1, 0.8, 5.5)","(-10.2, 1.4, 5.3)","(-10.3, 0.8, 5.0)",
VOICE_CAPTURE,84754,6/26/2026 11:31:39 AM,e7ca1105-8b8f-4dee-a332-17c93bb5c040,2.0,,,,,,,,,,,,,,,,,,,,,,,,,,,,,,,,,,,,,,,,,,,,,,,,,,,NA,Alright.,
PLAYER_POSITIONS,84962,6/26/2026 11:31:39 AM,e7ca1105-8b8f-4dee-a332-17c93bb5c040,2.0,,,,,,,,,,,,,,,,,,,,,,,,,,,,,,,,,,,"(-9.8, 0.7, 5.7)","(-9.9, 1.3, 5.6)","(-10.1, 0.7, 5.4)",
PLAYER_POSITIONS,84962,6/26/2026 11:31:39 AM,e7ca1105-8b8f-4dee-a332-17c93bb5c040,2.0,,,,,,,,,,,,,,,,,,,,,,,,,,,,,,,,,,,"(-9.8, 0.7, 5.7)","(-9.9, 1.3, 5.6)","(-10.1, 0.7, 5.4)",
VOICE_CAPTURE,85252,6/26/2026 11:31:39 AM,e7ca1105-8b8f-4dee-a332-17c93bb5c040,2.0,,,,,,,,,,,,,,,,,,,,,,,,,,,,,,,,,,,,,,,,,,,,,,,,,,,NA,Alright.,
PLAYER_POSITIONS,85476,6/26/2026 11:31:40 AM,e7ca1105-8b8f-4dee-a332-17c93bb5c040,2.0,,,,,,,,,,,,,,,,,,,,,,,,,,,,,,,,,,,"(-9.7, 0.7, 5.7)","(-9.9, 1.2, 5.6)","(-10.0, 0.7, 5.4)",
PLAYER_GAZE,85477,6/26/2026 11:31:40 AM,e7ca1105-8b8f-4dee-a332-17c93bb5c040,2.0,,,,,,,,,,,,,,,,,,,,,,,,Military PT 6,,,,,,,,,"(-0.8, 1.2, 1.0)",,,"(-9.1, 0.0, 4.6)",
PLAYER_POSITIONS,85476,6/26/2026 11:31:40 AM,e7ca1105-8b8f-4dee-a332-17c93bb5c040,2.0,,,,,,,,,,,,,,,,,,,,,,,,,,,,,,,,,,,"(-9.7, 0.7, 5.7)","(-9.9, 1.2, 5.6)","(-10.0, 0.7, 5.4)",
PLAYER_GAZE,85477,6/26/2026 11:31:40 AM,e7ca1105-8b8f-4dee-a332-17c93bb5c040,2.0,,,,,,,,,,,,,,,,,,,,,,,,Military PT 6,,,,,,,,,"(-0.8, 1.2, 1.0)",,,"(-9.1, 0.0, 4.6)",
VOICE_CAPTURE,85790,6/26/2026 11:31:40 AM,e7ca1105-8b8f-4dee-a332-17c93bb5c040,2.0,,,,,,,,,,,,,,,,,,,,,,,,,,,,,,,,,,,,,,,,,,,,,,,,,,,NA,Alright.,
PLAYER_POSITIONS,85981,6/26/2026 11:31:40 AM,e7ca1105-8b8f-4dee-a332-17c93bb5c040,2.0,,,,,,,,,,,,,,,,,,,,,,,,,,,,,,,,,,,"(-9.7, 0.5, 5.5)","(-10.0, 0.9, 5.6)","(-9.9, 0.4, 5.3)",
PLAYER_GAZE,85981,6/26/2026 11:31:40 AM,e7ca1105-8b8f-4dee-a332-17c93bb5c040,2.0,,,,,,,,,,,,,,,,,,,,,,,,Military PT 6,,,,,,,,,"(-0.9, 0.9, 1.0)",,,"(-9.1, 0.0, 4.6)",
PLAYER_POSITIONS,85981,6/26/2026 11:31:40 AM,e7ca1105-8b8f-4dee-a332-17c93bb5c040,2.0,,,,,,,,,,,,,,,,,,,,,,,,,,,,,,,,,,,"(-9.7, 0.5, 5.5)","(-10.0, 0.9, 5.6)","(-9.9, 0.4, 5.3)",
PLAYER_GAZE,85981,6/26/2026 11:31:40 AM,e7ca1105-8b8f-4dee-a332-17c93bb5c040,2.0,,,,,,,,,,,,,,,,,,,,,,,,Military PT 6,,,,,,,,,"(-0.9, 0.9, 1.0)",,,"(-9.1, 0.0, 4.6)",
VOICE_CAPTURE,86244,6/26/2026 11:31:40 AM,e7ca1105-8b8f-4dee-a332-17c93bb5c040,2.0,,,,,,,,,,,,,,,,,,,,,,,,,,,,,,,,,,,,,,,,,,,,,,,,,,,NA,Alright.,
PLAYER_POSITIONS,86495,6/26/2026 11:31:41 AM,e7ca1105-8b8f-4dee-a332-17c93bb5c040,2.0,,,,,,,,,,,,,,,,,,,,,,,,,,,,,,,,,,,"(-9.7, 0.4, 5.4)","(-9.9, 0.9, 5.4)","(-9.8, 0.3, 5.2)",
PLAYER_GAZE,86495,6/26/2026 11:31:41 AM,e7ca1105-8b8f-4dee-a332-17c93bb5c040,2.0,,,,,,,,,,,,,,,,,,,,,,,,Military PT 6,,,,,,,,,"(-0.8, 0.9, 0.8)",,,"(-9.1, 0.0, 4.6)",
PLAYER_POSITIONS,86495,6/26/2026 11:31:41 AM,e7ca1105-8b8f-4dee-a332-17c93bb5c040,2.0,,,,,,,,,,,,,,,,,,,,,,,,,,,,,,,,,,,"(-9.7, 0.4, 5.4)","(-9.9, 0.9, 5.4)","(-9.8, 0.3, 5.2)",
PLAYER_GAZE,86495,6/26/2026 11:31:41 AM,e7ca1105-8b8f-4dee-a332-17c93bb5c040,2.0,,,,,,,,,,,,,,,,,,,,,,,,Military PT 6,,,,,,,,,"(-0.8, 0.9, 0.8)",,,"(-9.1, 0.0, 4.6)",
VOICE_CAPTURE,86716,6/26/2026 11:31:41 AM,e7ca1105-8b8f-4dee-a332-17c93bb5c040,2.0,,,,,,,,,,,,,,,,,,,,,,,,,,,,,,,,,,,,,,,,,,,,,,,,,,,NA,Alright.,
PLAYER_POSITIONS,87021,6/26/2026 11:31:41 AM,e7ca1105-8b8f-4dee-a332-17c93bb5c040,2.0,,,,,,,,,,,,,,,,,,,,,,,,,,,,,,,,,,,"(-9.6, 0.4, 5.3)","(-9.9, 0.9, 5.3)","(-9.8, 0.3, 5.1)",
PLAYER_GAZE,87021,6/26/2026 11:31:41 AM,e7ca1105-8b8f-4dee-a332-17c93bb5c040,2.0,,,,,,,,,,,,,,,,,,,,,,,,Military PT 6,,,,,,,,,"(-0.8, 0.9, 0.7)",,,"(-9.1, 0.0, 4.6)",
PLAYER_POSITIONS,87021,6/26/2026 11:31:41 AM,e7ca1105-8b8f-4dee-a332-17c93bb5c040,2.0,,,,,,,,,,,,,,,,,,,,,,,,,,,,,,,,,,,"(-9.6, 0.4, 5.3)","(-9.9, 0.9, 5.3)","(-9.8, 0.3, 5.1)",
PLAYER_GAZE,87021,6/26/2026 11:31:41 AM,e7ca1105-8b8f-4dee-a332-17c93bb5c040,2.0,,,,,,,,,,,,,,,,,,,,,,,,Military PT 6,,,,,,,,,"(-0.8, 0.9, 0.7)",,,"(-9.1, 0.0, 4.6)",
VOICE_CAPTURE,87244,6/26/2026 11:31:41 AM,e7ca1105-8b8f-4dee-a332-17c93bb5c040,2.0,,,,,,,,,,,,,,,,,,,,,,,,,,,,,,,,,,,,,,,,,,,,,,,,,,,NA,Alright.,
PLAYER_POSITIONS,87522,6/26/2026 11:31:42 AM,e7ca1105-8b8f-4dee-a332-17c93bb5c040,2.0,,,,,,,,,,,,,,,,,,,,,,,,,,,,,,,,,,,"(-9.7, 0.4, 5.4)","(-9.9, 0.9, 5.3)","(-9.8, 0.3, 5.1)",
PLAYER_POSITIONS,87522,6/26/2026 11:31:42 AM,e7ca1105-8b8f-4dee-a332-17c93bb5c040,2.0,,,,,,,,,,,,,,,,,,,,,,,,,,,,,,,,,,,"(-9.7, 0.4, 5.4)","(-9.9, 0.9, 5.3)","(-9.8, 0.3, 5.1)",
VOICE_CAPTURE,87743,6/26/2026 11:31:42 AM,e7ca1105-8b8f-4dee-a332-17c93bb5c040,2.0,,,,,,,,,,,,,,,,,,,,,,,,,,,,,,,,,,,,,,,,,,,,,,,,,,,NA,Alright.,
PLAYER_POSITIONS,88047,6/26/2026 11:31:42 AM,e7ca1105-8b8f-4dee-a332-17c93bb5c040,2.0,,,,,,,,,,,,,,,,,,,,,,,,,,,,,,,,,,,"(-9.6, 0.3, 5.3)","(-9.8, 0.8, 5.3)","(-9.8, 0.3, 5.1)",
PLAYER_POSITIONS,88047,6/26/2026 11:31:42 AM,e7ca1105-8b8f-4dee-a332-17c93bb5c040,2.0,,,,,,,,,,,,,,,,,,,,,,,,,,,,,,,,,,,"(-9.6, 0.3, 5.3)","(-9.8, 0.8, 5.3)","(-9.8, 0.3, 5.1)",
VOICE_CAPTURE,88243,6/26/2026 11:31:42 AM,e7ca1105-8b8f-4dee-a332-17c93bb5c040,2.0,,,,,,,,,,,,,,,,,,,,,,,,,,,,,,,,,,,,,,,,,,,,,,,,,,,NA,Alright.,
PLAYER_POSITIONS,88549,6/26/2026 11:31:43 AM,e7ca1105-8b8f-4dee-a332-17c93bb5c040,2.0,,,,,,,,,,,,,,,,,,,,,,,,,,,,,,,,,,,"(-9.6, 0.4, 5.3)","(-9.8, 0.9, 5.3)","(-9.7, 0.3, 5.1)",
PLAYER_POSITIONS,88549,6/26/2026 11:31:43 AM,e7ca1105-8b8f-4dee-a332-17c93bb5c040,2.0,,,,,,,,,,,,,,,,,,,,,,,,,,,,,,,,,,,"(-9.6, 0.4, 5.3)","(-9.8, 0.9, 5.3)","(-9.7, 0.3, 5.1)",
VOICE_CAPTURE,88743,6/26/2026 11:31:43 AM,e7ca1105-8b8f-4dee-a332-17c93bb5c040,2.0,,,,,,,,,,,,,,,,,,,,,,,,,,,,,,,,,,,,,,,,,,,,,,,,,,,NA,Alright.,
AUDIO_END,89021,6/26/2026 11:31:43 AM,e7ca1105-8b8f-4dee-a332-17c93bb5c040,2.0,distant explosion,4.675919,
NARRATIVE_SECTION_END,89021,6/26/2026 11:31:43 AM,e7ca1105-8b8f-4dee-a332-17c93bb5c040,2.0,,,,,,,,,,,,,,,,,,Distant Explosion,9,
NARRATIVE_SECTION_START,89044,6/26/2026 11:31:43 AM,e7ca1105-8b8f-4dee-a332-17c93bb5c040,2.0,,,,,,,,,,,,,,,,,,Thats a good hit,10,
PLAYER_POSITIONS,89049,6/26/2026 11:31:43 AM,e7ca1105-8b8f-4dee-a332-17c93bb5c040,2.0,,,,,,,,,,,,,,,,,,,,,,,,,,,,,,,,,,,"(-9.6, 0.4, 5.2)","(-9.8, 0.8, 5.3)","(-9.7, 0.3, 5.1)",
PLAYER_POSITIONS,89049,6/26/2026 11:31:43 AM,e7ca1105-8b8f-4dee-a332-17c93bb5c040,2.0,,,,,,,,,,,,,,,,,,,,,,,,,,,,,,,,,,,"(-9.6, 0.4, 5.2)","(-9.8, 0.8, 5.3)","(-9.7, 0.3, 5.1)",
DRAG_START,89113,6/26/2026 11:31:43 AM,e7ca1105-8b8f-4dee-a332-17c93bb5c040,2.0,,,,,"(-9.1, 0.0, 4.6)",,,,,,,,,,,,,,,,,,,Military PT 6,
PULSE_TAKEN,89185,6/26/2026 11:31:43 AM,e7ca1105-8b8f-4dee-a332-17c93bb5c040,2.0,,,,,,,,,,,,,,,,,,,,,,,,Military PT 6,,,,pulse_fast,
PULSE_TAKEN,89188,6/26/2026 11:31:43 AM,e7ca1105-8b8f-4dee-a332-17c93bb5c040,2.0,,,,,,,,,,,,,,,,,,,,,,,,Military PT 6,,,,pulse_fast,
VOICE_CAPTURE,89230,6/26/2026 11:31:43 AM,e7ca1105-8b8f-4dee-a332-17c93bb5c040,2.0,,,,,,,,,,,,,,,,,,,,,,,,,,,,,,,,,,,,,,,,,,,,,,,,,,,NA,Alright.,
DRAG_STOP,89480,6/26/2026 11:31:44 AM,e7ca1105-8b8f-4dee-a332-17c93bb5c040,2.0,,,,,"(-9.1, 0.0, 4.6)","(-9.1, 0.0, 4.6)",,,,,,,,,,,,,,,,,,Military PT 6,
DRAG_START,89536,6/26/2026 11:31:44 AM,e7ca1105-8b8f-4dee-a332-17c93bb5c040,2.0,,,,,"(-9.1, 0.0, 4.6)",,,,,,,,,,,,,,,,,,,Military PT 6,
PLAYER_POSITIONS,89562,6/26/2026 11:31:44 AM,e7ca1105-8b8f-4dee-a332-17c93bb5c040,2.0,,,,,,,,,,,,,,,,,,,,,,,,,,,,,,,,,,,"(-9.6, 0.4, 5.2)","(-9.8, 0.8, 5.3)","(-9.7, 0.3, 5.1)",
PLAYER_POSITIONS,89562,6/26/2026 11:31:44 AM,e7ca1105-8b8f-4dee-a332-17c93bb5c040,2.0,,,,,,,,,,,,,,,,,,,,,,,,,,,,,,,,,,,"(-9.6, 0.4, 5.2)","(-9.8, 0.8, 5.3)","(-9.7, 0.3, 5.1)",
VOICE_CAPTURE,89745,6/26/2026 11:31:44 AM,e7ca1105-8b8f-4dee-a332-17c93bb5c040,2.0,,,,,,,,,,,,,,,,,,,,,,,,,,,,,,,,,,,,,,,,,,,,,,,,,,,NA,Alright.,
PLAYER_POSITIONS,90078,6/26/2026 11:31:44 AM,e7ca1105-8b8f-4dee-a332-17c93bb5c040,2.0,,,,,,,,,,,,,,,,,,,,,,,,,,,,,,,,,,,"(-9.6, 0.4, 5.3)","(-9.8, 0.9, 5.3)","(-9.7, 0.3, 5.1)",
PLAYER_GAZE,90078,6/26/2026 11:31:44 AM,e7ca1105-8b8f-4dee-a332-17c93bb5c040,2.0,,,,,,,,,,,,,,,,,,,,,,,,Military PT 6,,,,,,,,,"(-0.7, 0.9, 0.7)",,,"(-9.1, 0.0, 4.6)",
PLAYER_POSITIONS,90078,6/26/2026 11:31:44 AM,e7ca1105-8b8f-4dee-a332-17c93bb5c040,2.0,,,,,,,,,,,,,,,,,,,,,,,,,,,,,,,,,,,"(-9.6, 0.4, 5.3)","(-9.8, 0.9, 5.3)","(-9.7, 0.3, 5.1)",
PLAYER_GAZE,90078,6/26/2026 11:31:44 AM,e7ca1105-8b8f-4dee-a332-17c93bb5c040,2.0,,,,,,,,,,,,,,,,,,,,,,,,Military PT 6,,,,,,,,,"(-0.7, 0.9, 0.7)",,,"(-9.1, 0.0, 4.6)",
VOICE_CAPTURE,90225,6/26/2026 11:31:44 AM,e7ca1105-8b8f-4dee-a332-17c93bb5c040,2.0,,,,,,,,,,,,,,,,,,,,,,,,,,,,,,,,,,,,,,,,,,,,,,,,,,,NA,Alright.,
PLAYER_POSITIONS,90582,6/26/2026 11:31:45 AM,e7ca1105-8b8f-4dee-a332-17c93bb5c040,2.0,,,,,,,,,,,,,,,,,,,,,,,,,,,,,,,,,,,"(-9.6, 0.4, 5.3)","(-9.8, 1.0, 5.3)","(-9.7, 0.4, 5.1)",
PLAYER_GAZE,90582,6/26/2026 11:31:45 AM,e7ca1105-8b8f-4dee-a332-17c93bb5c040,2.0,,,,,,,,,,,,,,,,,,,,,,,,Military PT 6,,,,,,,,,"(-0.7, 1.0, 0.7)",,,"(-9.1, 0.0, 4.6)",
PLAYER_POSITIONS,90582,6/26/2026 11:31:45 AM,e7ca1105-8b8f-4dee-a332-17c93bb5c040,2.0,,,,,,,,,,,,,,,,,,,,,,,,,,,,,,,,,,,"(-9.6, 0.4, 5.3)","(-9.8, 1.0, 5.3)","(-9.7, 0.4, 5.1)",
PLAYER_GAZE,90582,6/26/2026 11:31:45 AM,e7ca1105-8b8f-4dee-a332-17c93bb5c040,2.0,,,,,,,,,,,,,,,,,,,,,,,,Military PT 6,,,,,,,,,"(-0.7, 1.0, 0.7)",,,"(-9.1, 0.0, 4.6)",
VOICE_CAPTURE,90734,6/26/2026 11:31:45 AM,e7ca1105-8b8f-4dee-a332-17c93bb5c040,2.0,,,,,,,,,,,,,,,,,,,,,,,,,,,,,,,,,,,,,,,,,,,,,,,,,,,NA,Alright.,
BUTTON_CLICKED,90980,6/26/2026 11:31:45 AM,e7ca1105-8b8f-4dee-a332-17c93bb5c040,2.0,,,lift,
VOICE_CAPTURE,90980,6/26/2026 11:31:45 AM,e7ca1105-8b8f-4dee-a332-17c93bb5c040,2.0,,,,,,,,,,,,,,,,,,,,,,,,,,,,,,,,,,,,,,,,,,,,,,,,,,,NA,lift,
VOICE_COMMAND,90980,6/26/2026 11:31:45 AM,e7ca1105-8b8f-4dee-a332-17c93bb5c040,2.0,,,,,,,,,,,,,,,,,,,,,,,,Military PT 6,,,,,,,,,,,,,,,,,,,,,,,,,,,lift,lift,
AUDIO_START,91043,6/26/2026 11:31:45 AM,e7ca1105-8b8f-4dee-a332-17c93bb5c040,2.0,thats a good hit,3.657143,
PLAYER_POSITIONS,91151,6/26/2026 11:31:45 AM,e7ca1105-8b8f-4dee-a332-17c93bb5c040,2.0,,,,,,,,,,,,,,,,,,,,,,,,,,,,,,,,,,,"(-9.6, 0.4, 5.3)","(-9.8, 1.0, 5.3)","(-9.7, 0.4, 5.1)",
PLAYER_GAZE,91151,6/26/2026 11:31:45 AM,e7ca1105-8b8f-4dee-a332-17c93bb5c040,2.0,,,,,,,,,,,,,,,,,,,,,,,,Military PT 6,,,,,,,,,"(-0.7, 1.0, 0.7)",,,"(-9.1, 0.0, 4.6)",
PLAYER_POSITIONS,91151,6/26/2026 11:31:45 AM,e7ca1105-8b8f-4dee-a332-17c93bb5c040,2.0,,,,,,,,,,,,,,,,,,,,,,,,,,,,,,,,,,,"(-9.6, 0.4, 5.3)","(-9.8, 1.0, 5.3)","(-9.7, 0.4, 5.1)",
PLAYER_GAZE,91151,6/26/2026 11:31:45 AM,e7ca1105-8b8f-4dee-a332-17c93bb5c040,2.0,,,,,,,,,,,,,,,,,,,,,,,,Military PT 6,,,,,,,,,"(-0.7, 1.0, 0.7)",,,"(-9.1, 0.0, 4.6)",
VOICE_CAPTURE,91260,6/26/2026 11:31:45 AM,e7ca1105-8b8f-4dee-a332-17c93bb5c040,2.0,,,,,,,,,,,,,,,,,,,,,,,,,,,,,,,,,,,,,,,,,,,,,,,,,,,NA,Alright. All right.,
PLAYER_POSITIONS,91688,6/26/2026 11:31:46 AM,e7ca1105-8b8f-4dee-a332-17c93bb5c040,2.0,,,,,,,,,,,,,,,,,,,,,,,,,,,,,,,,,,,"(-9.6, 0.4, 5.3)","(-9.8, 1.0, 5.3)","(-9.7, 0.4, 5.1)",
PLAYER_GAZE,91688,6/26/2026 11:31:46 AM,e7ca1105-8b8f-4dee-a332-17c93bb5c040,2.0,,,,,,,,,,,,,,,,,,,,,,,,Military PT 6,,,,,,,,,"(-0.7, 1.0, 0.7)",,,"(-9.1, 0.0, 4.6)",
PLAYER_POSITIONS,91688,6/26/2026 11:31:46 AM,e7ca1105-8b8f-4dee-a332-17c93bb5c040,2.0,,,,,,,,,,,,,,,,,,,,,,,,,,,,,,,,,,,"(-9.6, 0.4, 5.3)","(-9.8, 1.0, 5.3)","(-9.7, 0.4, 5.1)",
PLAYER_GAZE,91688,6/26/2026 11:31:46 AM,e7ca1105-8b8f-4dee-a332-17c93bb5c040,2.0,,,,,,,,,,,,,,,,,,,,,,,,Military PT 6,,,,,,,,,"(-0.7, 1.0, 0.7)",,,"(-9.1, 0.0, 4.6)",
VOICE_CAPTURE,91729,6/26/2026 11:31:46 AM,e7ca1105-8b8f-4dee-a332-17c93bb5c040,2.0,,,,,,,,,,,,,,,,,,,,,,,,,,,,,,,,,,,,,,,,,,,,,,,,,,,NA,"Alright. All right. All right, look to now.",
PLAYER_POSITIONS,92202,6/26/2026 11:31:46 AM,e7ca1105-8b8f-4dee-a332-17c93bb5c040,2.0,,,,,,,,,,,,,,,,,,,,,,,,,,,,,,,,,,,"(-9.6, 0.4, 5.3)","(-9.8, 1.0, 5.3)","(-9.7, 0.4, 5.1)",
PLAYER_GAZE,92202,6/26/2026 11:31:46 AM,e7ca1105-8b8f-4dee-a332-17c93bb5c040,2.0,,,,,,,,,,,,,,,,,,,,,,,,Military PT 6,,,,,,,,,"(-0.7, 1.0, 0.7)",,,"(-9.1, 0.0, 4.6)",
PLAYER_POSITIONS,92202,6/26/2026 11:31:46 AM,e7ca1105-8b8f-4dee-a332-17c93bb5c040,2.0,,,,,,,,,,,,,,,,,,,,,,,,,,,,,,,,,,,"(-9.6, 0.4, 5.3)","(-9.8, 1.0, 5.3)","(-9.7, 0.4, 5.1)",
PLAYER_GAZE,92202,6/26/2026 11:31:46 AM,e7ca1105-8b8f-4dee-a332-17c93bb5c040,2.0,,,,,,,,,,,,,,,,,,,,,,,,Military PT 6,,,,,,,,,"(-0.7, 1.0, 0.7)",,,"(-9.1, 0.0, 4.6)",
VOICE_CAPTURE,92243,6/26/2026 11:31:46 AM,e7ca1105-8b8f-4dee-a332-17c93bb5c040,2.0,,,,,,,,,,,,,,,,,,,,,,,,,,,,,,,,,,,,,,,,,,,,,,,,,,,NA,"Alright. All right. All right, look to now.",
VOICE_CAPTURE,92243,6/26/2026 11:31:46 AM,e7ca1105-8b8f-4dee-a332-17c93bb5c040,2.0,,,,,,,,,,,,,,,,,,,,,,,,,,,,,,,,,,,,,,,,,,,,,,,,,,,NA,"Alright. All right. All right, look to now.",
PLAYER_POSITIONS,92716,6/26/2026 11:31:47 AM,e7ca1105-8b8f-4dee-a332-17c93bb5c040,2.0,,,,,,,,,,,,,,,,,,,,,,,,,,,,,,,,,,,"(-9.6, 0.4, 5.3)","(-9.8, 0.9, 5.3)","(-9.8, 0.4, 5.1)",
PLAYER_GAZE,92716,6/26/2026 11:31:47 AM,e7ca1105-8b8f-4dee-a332-17c93bb5c040,2.0,,,,,,,,,,,,,,,,,,,,,,,,Military PT 6,,,,,,,,,"(-0.7, 0.9, 0.7)",,,"(-9.1, 0.0, 4.6)",
PLAYER_POSITIONS,92716,6/26/2026 11:31:47 AM,e7ca1105-8b8f-4dee-a332-17c93bb5c040,2.0,,,,,,,,,,,,,,,,,,,,,,,,,,,,,,,,,,,"(-9.6, 0.4, 5.3)","(-9.8, 0.9, 5.3)","(-9.8, 0.4, 5.1)",
PLAYER_GAZE,92716,6/26/2026 11:31:47 AM,e7ca1105-8b8f-4dee-a332-17c93bb5c040,2.0,,,,,,,,,,,,,,,,,,,,,,,,Military PT 6,,,,,,,,,"(-0.7, 0.9, 0.7)",,,"(-9.1, 0.0, 4.6)",
PLAYER_POSITIONS,93244,6/26/2026 11:31:47 AM,e7ca1105-8b8f-4dee-a332-17c93bb5c040,2.0,,,,,,,,,,,,,,,,,,,,,,,,,,,,,,,,,,,"(-9.6, 0.4, 5.3)","(-9.8, 1.0, 5.3)","(-9.8, 0.4, 5.1)",
PLAYER_GAZE,93244,6/26/2026 11:31:47 AM,e7ca1105-8b8f-4dee-a332-17c93bb5c040,2.0,,,,,,,,,,,,,,,,,,,,,,,,Military PT 6,,,,,,,,,"(-0.7, 1.0, 0.7)",,,"(-9.1, 0.0, 4.6)",
PLAYER_POSITIONS,93244,6/26/2026 11:31:47 AM,e7ca1105-8b8f-4dee-a332-17c93bb5c040,2.0,,,,,,,,,,,,,,,,,,,,,,,,,,,,,,,,,,,"(-9.6, 0.4, 5.3)","(-9.8, 1.0, 5.3)","(-9.8, 0.4, 5.1)",
PLAYER_GAZE,93244,6/26/2026 11:31:47 AM,e7ca1105-8b8f-4dee-a332-17c93bb5c040,2.0,,,,,,,,,,,,,,,,,,,,,,,,Military PT 6,,,,,,,,,"(-0.7, 1.0, 0.7)",,,"(-9.1, 0.0, 4.6)",
PLAYER_POSITIONS,93757,6/26/2026 11:31:48 AM,e7ca1105-8b8f-4dee-a332-17c93bb5c040,2.0,,,,,,,,,,,,,,,,,,,,,,,,,,,,,,,,,,,"(-9.6, 0.4, 5.3)","(-9.8, 1.0, 5.3)","(-9.7, 0.4, 5.1)",
PLAYER_GAZE,93757,6/26/2026 11:31:48 AM,e7ca1105-8b8f-4dee-a332-17c93bb5c040,2.0,,,,,,,,,,,,,,,,,,,,,,,,Military PT 6,,,,,,,,,"(-0.7, 1.0, 0.7)",,,"(-9.1, 0.0, 4.6)",
PLAYER_POSITIONS,93757,6/26/2026 11:31:48 AM,e7ca1105-8b8f-4dee-a332-17c93bb5c040,2.0,,,,,,,,,,,,,,,,,,,,,,,,,,,,,,,,,,,"(-9.6, 0.4, 5.3)","(-9.8, 1.0, 5.3)","(-9.7, 0.4, 5.1)",
PLAYER_GAZE,93757,6/26/2026 11:31:48 AM,e7ca1105-8b8f-4dee-a332-17c93bb5c040,2.0,,,,,,,,,,,,,,,,,,,,,,,,Military PT 6,,,,,,,,,"(-0.7, 1.0, 0.7)",,,"(-9.1, 0.0, 4.6)",
PLAYER_POSITIONS,94284,6/26/2026 11:31:49 AM,e7ca1105-8b8f-4dee-a332-17c93bb5c040,2.0,,,,,,,,,,,,,,,,,,,,,,,,,,,,,,,,,,,"(-9.6, 0.4, 5.3)","(-9.8, 1.0, 5.3)","(-9.7, 0.4, 5.1)",
PLAYER_GAZE,94284,6/26/2026 11:31:49 AM,e7ca1105-8b8f-4dee-a332-17c93bb5c040,2.0,,,,,,,,,,,,,,,,,,,,,,,,Military PT 6,,,,,,,,,"(-0.7, 1.0, 0.8)",,,"(-9.1, 0.0, 4.6)",
PLAYER_POSITIONS,94284,6/26/2026 11:31:49 AM,e7ca1105-8b8f-4dee-a332-17c93bb5c040,2.0,,,,,,,,,,,,,,,,,,,,,,,,,,,,,,,,,,,"(-9.6, 0.4, 5.3)","(-9.8, 1.0, 5.3)","(-9.7, 0.4, 5.1)",
PLAYER_GAZE,94284,6/26/2026 11:31:49 AM,e7ca1105-8b8f-4dee-a332-17c93bb5c040,2.0,,,,,,,,,,,,,,,,,,,,,,,,Military PT 6,,,,,,,,,"(-0.7, 1.0, 0.8)",,,"(-9.1, 0.0, 4.6)",
AUDIO_END,94728,6/26/2026 11:31:49 AM,e7ca1105-8b8f-4dee-a332-17c93bb5c040,2.0,thats a good hit,3.657143,
NARRATIVE_SECTION_END,94729,6/26/2026 11:31:49 AM,e7ca1105-8b8f-4dee-a332-17c93bb5c040,2.0,,,,,,,,,,,,,,,,,,Thats a good hit,10,
NARRATIVE_SECTION_START,94767,6/26/2026 11:31:49 AM,e7ca1105-8b8f-4dee-a332-17c93bb5c040,2.0,,,,,,,,,,,,,,,,,,What is the casevac destination,11,
PLAYER_POSITIONS,94798,6/26/2026 11:31:49 AM,e7ca1105-8b8f-4dee-a332-17c93bb5c040,2.0,,,,,,,,,,,,,,,,,,,,,,,,,,,,,,,,,,,"(-9.6, 0.4, 5.3)","(-9.8, 1.0, 5.3)","(-9.7, 0.4, 5.1)",
PLAYER_GAZE,94798,6/26/2026 11:31:49 AM,e7ca1105-8b8f-4dee-a332-17c93bb5c040,2.0,,,,,,,,,,,,,,,,,,,,,,,,Military PT 6,,,,,,,,,"(-0.7, 1.0, 0.7)",,,"(-9.1, 0.0, 4.6)",
PLAYER_POSITIONS,94798,6/26/2026 11:31:49 AM,e7ca1105-8b8f-4dee-a332-17c93bb5c040,2.0,,,,,,,,,,,,,,,,,,,,,,,,,,,,,,,,,,,"(-9.6, 0.4, 5.3)","(-9.8, 1.0, 5.3)","(-9.7, 0.4, 5.1)",
PLAYER_GAZE,94798,6/26/2026 11:31:49 AM,e7ca1105-8b8f-4dee-a332-17c93bb5c040,2.0,,,,,,,,,,,,,,,,,,,,,,,,Military PT 6,,,,,,,,,"(-0.7, 1.0, 0.7)",,,"(-9.1, 0.0, 4.6)",
PLAYER_POSITIONS,95324,6/26/2026 11:31:50 AM,e7ca1105-8b8f-4dee-a332-17c93bb5c040,2.0,,,,,,,,,,,,,,,,,,,,,,,,,,,,,,,,,,,"(-9.6, 0.4, 5.3)","(-9.8, 1.0, 5.3)","(-9.7, 0.4, 5.1)",
PLAYER_GAZE,95324,6/26/2026 11:31:50 AM,e7ca1105-8b8f-4dee-a332-17c93bb5c040,2.0,,,,,,,,,,,,,,,,,,,,,,,,Military PT 6,,,,,,,,,"(-0.7, 1.0, 0.7)",,,"(-9.1, 0.0, 4.6)",
PLAYER_POSITIONS,95324,6/26/2026 11:31:50 AM,e7ca1105-8b8f-4dee-a332-17c93bb5c040,2.0,,,,,,,,,,,,,,,,,,,,,,,,,,,,,,,,,,,"(-9.6, 0.4, 5.3)","(-9.8, 1.0, 5.3)","(-9.7, 0.4, 5.1)",
PLAYER_GAZE,95324,6/26/2026 11:31:50 AM,e7ca1105-8b8f-4dee-a332-17c93bb5c040,2.0,,,,,,,,,,,,,,,,,,,,,,,,Military PT 6,,,,,,,,,"(-0.7, 1.0, 0.7)",,,"(-9.1, 0.0, 4.6)",
AUDIO_START,95757,6/26/2026 11:31:50 AM,e7ca1105-8b8f-4dee-a332-17c93bb5c040,2.0,what is the casevac destination,3.813878,
PLAYER_POSITIONS,95825,6/26/2026 11:31:50 AM,e7ca1105-8b8f-4dee-a332-17c93bb5c040,2.0,,,,,,,,,,,,,,,,,,,,,,,,,,,,,,,,,,,"(-9.6, 0.4, 5.3)","(-9.8, 1.0, 5.3)","(-9.7, 0.4, 5.1)",
PLAYER_GAZE,95825,6/26/2026 11:31:50 AM,e7ca1105-8b8f-4dee-a332-17c93bb5c040,2.0,,,,,,,,,,,,,,,,,,,,,,,,Military PT 6,,,,,,,,,"(-0.7, 1.0, 0.7)",,,"(-9.1, 0.0, 4.6)",
PLAYER_POSITIONS,95825,6/26/2026 11:31:50 AM,e7ca1105-8b8f-4dee-a332-17c93bb5c040,2.0,,,,,,,,,,,,,,,,,,,,,,,,,,,,,,,,,,,"(-9.6, 0.4, 5.3)","(-9.8, 1.0, 5.3)","(-9.7, 0.4, 5.1)",
PLAYER_GAZE,95825,6/26/2026 11:31:50 AM,e7ca1105-8b8f-4dee-a332-17c93bb5c040,2.0,,,,,,,,,,,,,,,,,,,,,,,,Military PT 6,,,,,,,,,"(-0.7, 1.0, 0.7)",,,"(-9.1, 0.0, 4.6)",
PLAYER_POSITIONS,96338,6/26/2026 11:31:51 AM,e7ca1105-8b8f-4dee-a332-17c93bb5c040,2.0,,,,,,,,,,,,,,,,,,,,,,,,,,,,,,,,,,,"(-9.6, 0.4, 5.3)","(-9.8, 1.0, 5.3)","(-9.7, 0.4, 5.1)",
PLAYER_GAZE,96338,6/26/2026 11:31:51 AM,e7ca1105-8b8f-4dee-a332-17c93bb5c040,2.0,,,,,,,,,,,,,,,,,,,,,,,,Military PT 6,,,,,,,,,"(-0.7, 1.0, 0.7)",,,"(-9.1, 0.0, 4.6)",
PLAYER_POSITIONS,96338,6/26/2026 11:31:51 AM,e7ca1105-8b8f-4dee-a332-17c93bb5c040,2.0,,,,,,,,,,,,,,,,,,,,,,,,,,,,,,,,,,,"(-9.6, 0.4, 5.3)","(-9.8, 1.0, 5.3)","(-9.7, 0.4, 5.1)",
PLAYER_GAZE,96338,6/26/2026 11:31:51 AM,e7ca1105-8b8f-4dee-a332-17c93bb5c040,2.0,,,,,,,,,,,,,,,,,,,,,,,,Military PT 6,,,,,,,,,"(-0.7, 1.0, 0.7)",,,"(-9.1, 0.0, 4.6)",
PLAYER_POSITIONS,96862,6/26/2026 11:31:51 AM,e7ca1105-8b8f-4dee-a332-17c93bb5c040,2.0,,,,,,,,,,,,,,,,,,,,,,,,,,,,,,,,,,,"(-9.6, 0.4, 5.3)","(-9.8, 1.0, 5.3)","(-9.7, 0.4, 5.1)",
PLAYER_GAZE,96862,6/26/2026 11:31:51 AM,e7ca1105-8b8f-4dee-a332-17c93bb5c040,2.0,,,,,,,,,,,,,,,,,,,,,,,,Military PT 6,,,,,,,,,"(-0.7, 1.0, 0.7)",,,"(-9.1, 0.0, 4.6)",
PLAYER_POSITIONS,96862,6/26/2026 11:31:51 AM,e7ca1105-8b8f-4dee-a332-17c93bb5c040,2.0,,,,,,,,,,,,,,,,,,,,,,,,,,,,,,,,,,,"(-9.6, 0.4, 5.3)","(-9.8, 1.0, 5.3)","(-9.7, 0.4, 5.1)",
PLAYER_GAZE,96862,6/26/2026 11:31:51 AM,e7ca1105-8b8f-4dee-a332-17c93bb5c040,2.0,,,,,,,,,,,,,,,,,,,,,,,,Military PT 6,,,,,,,,,"(-0.7, 1.0, 0.7)",,,"(-9.1, 0.0, 4.6)",
PLAYER_POSITIONS,97377,6/26/2026 11:31:52 AM,e7ca1105-8b8f-4dee-a332-17c93bb5c040,2.0,,,,,,,,,,,,,,,,,,,,,,,,,,,,,,,,,,,"(-9.6, 0.4, 5.3)","(-9.8, 1.0, 5.3)","(-9.7, 0.4, 5.1)",
PLAYER_GAZE,97377,6/26/2026 11:31:52 AM,e7ca1105-8b8f-4dee-a332-17c93bb5c040,2.0,,,,,,,,,,,,,,,,,,,,,,,,Military PT 6,,,,,,,,,"(-0.7, 1.0, 0.7)",,,"(-9.1, 0.0, 4.6)",
PLAYER_POSITIONS,97377,6/26/2026 11:31:52 AM,e7ca1105-8b8f-4dee-a332-17c93bb5c040,2.0,,,,,,,,,,,,,,,,,,,,,,,,,,,,,,,,,,,"(-9.6, 0.4, 5.3)","(-9.8, 1.0, 5.3)","(-9.7, 0.4, 5.1)",
PLAYER_GAZE,97377,6/26/2026 11:31:52 AM,e7ca1105-8b8f-4dee-a332-17c93bb5c040,2.0,,,,,,,,,,,,,,,,,,,,,,,,Military PT 6,,,,,,,,,"(-0.7, 1.0, 0.7)",,,"(-9.1, 0.0, 4.6)",
PLAYER_POSITIONS,97904,6/26/2026 11:31:52 AM,e7ca1105-8b8f-4dee-a332-17c93bb5c040,2.0,,,,,,,,,,,,,,,,,,,,,,,,,,,,,,,,,,,"(-9.6, 0.4, 5.3)","(-9.8, 1.0, 5.3)","(-9.7, 0.4, 5.1)",
PLAYER_GAZE,97904,6/26/2026 11:31:52 AM,e7ca1105-8b8f-4dee-a332-17c93bb5c040,2.0,,,,,,,,,,,,,,,,,,,,,,,,Military PT 6,,,,,,,,,"(-0.7, 1.0, 0.7)",,,"(-9.1, 0.0, 4.6)",
PLAYER_POSITIONS,97904,6/26/2026 11:31:52 AM,e7ca1105-8b8f-4dee-a332-17c93bb5c040,2.0,,,,,,,,,,,,,,,,,,,,,,,,,,,,,,,,,,,"(-9.6, 0.4, 5.3)","(-9.8, 1.0, 5.3)","(-9.7, 0.4, 5.1)",
PLAYER_GAZE,97904,6/26/2026 11:31:52 AM,e7ca1105-8b8f-4dee-a332-17c93bb5c040,2.0,,,,,,,,,,,,,,,,,,,,,,,,Military PT 6,,,,,,,,,"(-0.7, 1.0, 0.7)",,,"(-9.1, 0.0, 4.6)",
PLAYER_POSITIONS,98432,6/26/2026 11:31:53 AM,e7ca1105-8b8f-4dee-a332-17c93bb5c040,2.0,,,,,,,,,,,,,,,,,,,,,,,,,,,,,,,,,,,"(-9.6, 0.4, 5.3)","(-9.8, 1.0, 5.3)","(-9.7, 0.4, 5.1)",
PLAYER_GAZE,98432,6/26/2026 11:31:53 AM,e7ca1105-8b8f-4dee-a332-17c93bb5c040,2.0,,,,,,,,,,,,,,,,,,,,,,,,Military PT 6,,,,,,,,,"(-0.7, 1.0, 0.7)",,,"(-9.1, 0.0, 4.6)",
PLAYER_POSITIONS,98432,6/26/2026 11:31:53 AM,e7ca1105-8b8f-4dee-a332-17c93bb5c040,2.0,,,,,,,,,,,,,,,,,,,,,,,,,,,,,,,,,,,"(-9.6, 0.4, 5.3)","(-9.8, 1.0, 5.3)","(-9.7, 0.4, 5.1)",
PLAYER_GAZE,98432,6/26/2026 11:31:53 AM,e7ca1105-8b8f-4dee-a332-17c93bb5c040,2.0,,,,,,,,,,,,,,,,,,,,,,,,Military PT 6,,,,,,,,,"(-0.7, 1.0, 0.7)",,,"(-9.1, 0.0, 4.6)",
PLAYER_POSITIONS,98940,6/26/2026 11:31:53 AM,e7ca1105-8b8f-4dee-a332-17c93bb5c040,2.0,,,,,,,,,,,,,,,,,,,,,,,,,,,,,,,,,,,"(-9.6, 0.4, 5.3)","(-9.8, 1.0, 5.3)","(-9.7, 0.4, 5.1)",
PLAYER_GAZE,98941,6/26/2026 11:31:53 AM,e7ca1105-8b8f-4dee-a332-17c93bb5c040,2.0,,,,,,,,,,,,,,,,,,,,,,,,Military PT 6,,,,,,,,,"(-0.7, 1.0, 0.7)",,,"(-9.1, 0.0, 4.6)",
PLAYER_POSITIONS,98940,6/26/2026 11:31:53 AM,e7ca1105-8b8f-4dee-a332-17c93bb5c040,2.0,,,,,,,,,,,,,,,,,,,,,,,,,,,,,,,,,,,"(-9.6, 0.4, 5.3)","(-9.8, 1.0, 5.3)","(-9.7, 0.4, 5.1)",
PLAYER_GAZE,98941,6/26/2026 11:31:53 AM,e7ca1105-8b8f-4dee-a332-17c93bb5c040,2.0,,,,,,,,,,,,,,,,,,,,,,,,Military PT 6,,,,,,,,,"(-0.7, 1.0, 0.7)",,,"(-9.1, 0.0, 4.6)",
PLAYER_POSITIONS,99455,6/26/2026 11:31:54 AM,e7ca1105-8b8f-4dee-a332-17c93bb5c040,2.0,,,,,,,,,,,,,,,,,,,,,,,,,,,,,,,,,,,"(-9.6, 0.4, 5.3)","(-9.8, 1.0, 5.3)","(-9.7, 0.4, 5.1)",
PLAYER_GAZE,99455,6/26/2026 11:31:54 AM,e7ca1105-8b8f-4dee-a332-17c93bb5c040,2.0,,,,,,,,,,,,,,,,,,,,,,,,Military PT 6,,,,,,,,,"(-0.7, 1.0, 0.7)",,,"(-9.1, 0.0, 4.6)",
PLAYER_POSITIONS,99455,6/26/2026 11:31:54 AM,e7ca1105-8b8f-4dee-a332-17c93bb5c040,2.0,,,,,,,,,,,,,,,,,,,,,,,,,,,,,,,,,,,"(-9.6, 0.4, 5.3)","(-9.8, 1.0, 5.3)","(-9.7, 0.4, 5.1)",
PLAYER_GAZE,99455,6/26/2026 11:31:54 AM,e7ca1105-8b8f-4dee-a332-17c93bb5c040,2.0,,,,,,,,,,,,,,,,,,,,,,,,Military PT 6,,,,,,,,,"(-0.7, 1.0, 0.7)",,,"(-9.1, 0.0, 4.6)",
AUDIO_END,99566,6/26/2026 11:31:54 AM,e7ca1105-8b8f-4dee-a332-17c93bb5c040,2.0,what is the casevac destination,3.813878,
NARRATIVE_SECTION_END,99566,6/26/2026 11:31:54 AM,e7ca1105-8b8f-4dee-a332-17c93bb5c040,2.0,,,,,,,,,,,,,,,,,,What is the casevac destination,11,
NARRATIVE_SECTION_START,99590,6/26/2026 11:31:54 AM,e7ca1105-8b8f-4dee-a332-17c93bb5c040,2.0,,,,,,,,,,,,,,,,,,Evac moving to alpha,12,
PLAYER_POSITIONS,99969,6/26/2026 11:31:54 AM,e7ca1105-8b8f-4dee-a332-17c93bb5c040,2.0,,,,,,,,,,,,,,,,,,,,,,,,,,,,,,,,,,,"(-9.6, 0.4, 5.3)","(-9.8, 1.0, 5.3)","(-9.7, 0.4, 5.1)",
PLAYER_GAZE,99969,6/26/2026 11:31:54 AM,e7ca1105-8b8f-4dee-a332-17c93bb5c040,2.0,,,,,,,,,,,,,,,,,,,,,,,,Military PT 6,,,,,,,,,"(-0.7, 1.0, 0.7)",,,"(-9.1, 0.0, 4.6)",
PLAYER_POSITIONS,99969,6/26/2026 11:31:54 AM,e7ca1105-8b8f-4dee-a332-17c93bb5c040,2.0,,,,,,,,,,,,,,,,,,,,,,,,,,,,,,,,,,,"(-9.6, 0.4, 5.3)","(-9.8, 1.0, 5.3)","(-9.7, 0.4, 5.1)",
PLAYER_GAZE,99969,6/26/2026 11:31:54 AM,e7ca1105-8b8f-4dee-a332-17c93bb5c040,2.0,,,,,,,,,,,,,,,,,,,,,,,,Military PT 6,,,,,,,,,"(-0.7, 1.0, 0.7)",,,"(-9.1, 0.0, 4.6)",
PLAYER_POSITIONS,100482,6/26/2026 11:31:55 AM,e7ca1105-8b8f-4dee-a332-17c93bb5c040,2.0,,,,,,,,,,,,,,,,,,,,,,,,,,,,,,,,,,,"(-9.8, 0.4, 5.4)","(-10.1, 1.0, 5.5)","(-10.0, 0.4, 5.2)",
PLAYER_GAZE,100482,6/26/2026 11:31:55 AM,e7ca1105-8b8f-4dee-a332-17c93bb5c040,2.0,,,,,,,,,,,,,,,,,,,,,,,,Military PT 6,,,,,,,,,"(-1.0, 1.0, 0.9)",,,"(-9.1, 0.0, 4.6)",
PLAYER_POSITIONS,100482,6/26/2026 11:31:55 AM,e7ca1105-8b8f-4dee-a332-17c93bb5c040,2.0,,,,,,,,,,,,,,,,,,,,,,,,,,,,,,,,,,,"(-9.8, 0.4, 5.4)","(-10.1, 1.0, 5.5)","(-10.0, 0.4, 5.2)",
PLAYER_GAZE,100482,6/26/2026 11:31:55 AM,e7ca1105-8b8f-4dee-a332-17c93bb5c040,2.0,,,,,,,,,,,,,,,,,,,,,,,,Military PT 6,,,,,,,,,"(-1.0, 1.0, 0.9)",,,"(-9.1, 0.0, 4.6)",
AUDIO_START,100598,6/26/2026 11:31:55 AM,e7ca1105-8b8f-4dee-a332-17c93bb5c040,2.0,evac moving to alpha,2.847347,
PULSE_TAKEN,100896,6/26/2026 11:31:55 AM,e7ca1105-8b8f-4dee-a332-17c93bb5c040,2.0,,,,,,,,,,,,,,,,,,,,,,,,Military PT 6,,,,pulse_fast,
PULSE_TAKEN,100924,6/26/2026 11:31:55 AM,e7ca1105-8b8f-4dee-a332-17c93bb5c040,2.0,,,,,,,,,,,,,,,,,,,,,,,,Military PT 6,,,,pulse_fast,
PLAYER_POSITIONS,101011,6/26/2026 11:31:55 AM,e7ca1105-8b8f-4dee-a332-17c93bb5c040,2.0,,,,,,,,,,,,,,,,,,,,,,,,,,,,,,,,,,,"(-10.2, 0.4, 5.7)","(-10.4, 1.0, 5.7)","(-10.3, 0.4, 5.5)",
PLAYER_GAZE,101011,6/26/2026 11:31:55 AM,e7ca1105-8b8f-4dee-a332-17c93bb5c040,2.0,,,,,,,,,,,,,,,,,,,,,,,,Military PT 6,,,,,,,,,"(-0.7, 1.0, 0.8)",,,"(-9.7, 0.0, 4.9)",
PLAYER_POSITIONS,101011,6/26/2026 11:31:55 AM,e7ca1105-8b8f-4dee-a332-17c93bb5c040,2.0,,,,,,,,,,,,,,,,,,,,,,,,,,,,,,,,,,,"(-10.2, 0.4, 5.7)","(-10.4, 1.0, 5.7)","(-10.3, 0.4, 5.5)",
PLAYER_GAZE,101011,6/26/2026 11:31:55 AM,e7ca1105-8b8f-4dee-a332-17c93bb5c040,2.0,,,,,,,,,,,,,,,,,,,,,,,,Military PT 6,,,,,,,,,"(-0.7, 1.0, 0.8)",,,"(-9.7, 0.0, 4.9)",
PLAYER_POSITIONS,101524,6/26/2026 11:31:56 AM,e7ca1105-8b8f-4dee-a332-17c93bb5c040,2.0,,,,,,,,,,,,,,,,,,,,,,,,,,,,,,,,,,,"(-10.4, 0.4, 5.9)","(-10.7, 1.0, 6.0)","(-10.6, 0.4, 5.8)",
PLAYER_GAZE,101524,6/26/2026 11:31:56 AM,e7ca1105-8b8f-4dee-a332-17c93bb5c040,2.0,,,,,,,,,,,,,,,,,,,,,,,,Military PT 6,,,,,,,,,"(-0.7, 1.0, 0.8)",,,"(-10.0, 0.0, 5.2)",
PLAYER_POSITIONS,101524,6/26/2026 11:31:56 AM,e7ca1105-8b8f-4dee-a332-17c93bb5c040,2.0,,,,,,,,,,,,,,,,,,,,,,,,,,,,,,,,,,,"(-10.4, 0.4, 5.9)","(-10.7, 1.0, 6.0)","(-10.6, 0.4, 5.8)",
PLAYER_GAZE,101524,6/26/2026 11:31:56 AM,e7ca1105-8b8f-4dee-a332-17c93bb5c040,2.0,,,,,,,,,,,,,,,,,,,,,,,,Military PT 6,,,,,,,,,"(-0.7, 1.0, 0.8)",,,"(-10.0, 0.0, 5.2)",
DRAG_STOP,101708,6/26/2026 11:31:56 AM,e7ca1105-8b8f-4dee-a332-17c93bb5c040,2.0,,,,,"(-9.1, 0.0, 4.6)","(-10.1, 0.0, 5.2)",,,,,,,,,,,,,,,,,,Military PT 6,
DRAG_STOP,101708,6/26/2026 11:31:56 AM,e7ca1105-8b8f-4dee-a332-17c93bb5c040,2.0,,,,,"(-9.1, 0.0, 4.6)","(-10.1, 0.0, 5.2)",,,,,,,,,,,,,,,,,,Military PT 6,
PLAYER_POSITIONS,102039,6/26/2026 11:31:56 AM,e7ca1105-8b8f-4dee-a332-17c93bb5c040,2.0,,,,,,,,,,,,,,,,,,,,,,,,,,,,,,,,,,,"(-10.5, 0.4, 6.1)","(-10.7, 0.9, 6.0)","(-10.7, 0.4, 5.8)",
PLAYER_POSITIONS,102039,6/26/2026 11:31:56 AM,e7ca1105-8b8f-4dee-a332-17c93bb5c040,2.0,,,,,,,,,,,,,,,,,,,,,,,,,,,,,,,,,,,"(-10.5, 0.4, 6.1)","(-10.7, 0.9, 6.0)","(-10.7, 0.4, 5.8)",
PLAYER_POSITIONS,102549,6/26/2026 11:31:57 AM,e7ca1105-8b8f-4dee-a332-17c93bb5c040,2.0,,,,,,,,,,,,,,,,,,,,,,,,,,,,,,,,,,,"(-10.5, 0.4, 6.1)","(-10.7, 0.9, 6.0)","(-10.7, 0.4, 5.8)",
PLAYER_POSITIONS,102549,6/26/2026 11:31:57 AM,e7ca1105-8b8f-4dee-a332-17c93bb5c040,2.0,,,,,,,,,,,,,,,,,,,,,,,,,,,,,,,,,,,"(-10.5, 0.4, 6.1)","(-10.7, 0.9, 6.0)","(-10.7, 0.4, 5.8)",
PLAYER_POSITIONS,103052,6/26/2026 11:31:57 AM,e7ca1105-8b8f-4dee-a332-17c93bb5c040,2.0,,,,,,,,,,,,,,,,,,,,,,,,,,,,,,,,,,,"(-10.6, 0.6, 5.9)","(-10.8, 1.0, 5.8)","(-10.9, 0.4, 5.5)",
PLAYER_POSITIONS,103052,6/26/2026 11:31:57 AM,e7ca1105-8b8f-4dee-a332-17c93bb5c040,2.0,,,,,,,,,,,,,,,,,,,,,,,,,,,,,,,,,,,"(-10.6, 0.6, 5.9)","(-10.8, 1.0, 5.8)","(-10.9, 0.4, 5.5)",
AUDIO_END,103455,6/26/2026 11:31:58 AM,e7ca1105-8b8f-4dee-a332-17c93bb5c040,2.0,evac moving to alpha,2.847347,
NARRATIVE_SECTION_END,103455,6/26/2026 11:31:58 AM,e7ca1105-8b8f-4dee-a332-17c93bb5c040,2.0,,,,,,,,,,,,,,,,,,Evac moving to alpha,12,
NARRATIVE_SECTION_START,103478,6/26/2026 11:31:58 AM,e7ca1105-8b8f-4dee-a332-17c93bb5c040,2.0,,,,,,,,,,,,,,,,,,Bravo 2 sitrep,13,
PLAYER_POSITIONS,103565,6/26/2026 11:31:58 AM,e7ca1105-8b8f-4dee-a332-17c93bb5c040,2.0,,,,,,,,,,,,,,,,,,,,,,,,,,,,,,,,,,,"(-10.7, 0.5, 5.7)","(-10.9, 0.9, 5.7)","(-10.9, 0.4, 5.4)",
PLAYER_POSITIONS,103565,6/26/2026 11:31:58 AM,e7ca1105-8b8f-4dee-a332-17c93bb5c040,2.0,,,,,,,,,,,,,,,,,,,,,,,,,,,,,,,,,,,"(-10.7, 0.5, 5.7)","(-10.9, 0.9, 5.7)","(-10.9, 0.4, 5.4)",
PLAYER_POSITIONS,104094,6/26/2026 11:31:58 AM,e7ca1105-8b8f-4dee-a332-17c93bb5c040,2.0,,,,,,,,,,,,,,,,,,,,,,,,,,,,,,,,,,,"(-10.5, 0.5, 5.4)","(-10.6, 0.9, 5.3)","(-10.5, 0.4, 5.1)",
PLAYER_POSITIONS,104094,6/26/2026 11:31:58 AM,e7ca1105-8b8f-4dee-a332-17c93bb5c040,2.0,,,,,,,,,,,,,,,,,,,,,,,,,,,,,,,,,,,"(-10.5, 0.5, 5.4)","(-10.6, 0.9, 5.3)","(-10.5, 0.4, 5.1)",
PLAYER_POSITIONS,104595,6/26/2026 11:31:59 AM,e7ca1105-8b8f-4dee-a332-17c93bb5c040,2.0,,,,,,,,,,,,,,,,,,,,,,,,,,,,,,,,,,,"(-10.5, 0.5, 5.3)","(-10.6, 1.0, 5.1)","(-10.6, 0.7, 4.9)",
PLAYER_POSITIONS,104595,6/26/2026 11:31:59 AM,e7ca1105-8b8f-4dee-a332-17c93bb5c040,2.0,,,,,,,,,,,,,,,,,,,,,,,,,,,,,,,,,,,"(-10.5, 0.5, 5.3)","(-10.6, 1.0, 5.1)","(-10.6, 0.7, 4.9)",
VOICE_CAPTURE,104736,6/26/2026 11:31:59 AM,e7ca1105-8b8f-4dee-a332-17c93bb5c040,2.0,,,,,,,,,,,,,,,,,,,,,,,,,,,,,,,,,,,,,,,,,,,,,,,,,,,NA,All right.,
PLAYER_POSITIONS,105096,6/26/2026 11:31:59 AM,e7ca1105-8b8f-4dee-a332-17c93bb5c040,2.0,,,,,,,,,,,,,,,,,,,,,,,,,,,,,,,,,,,"(-10.5, 0.5, 5.3)","(-10.7, 1.0, 5.1)","(-10.6, 0.4, 4.8)",
PLAYER_POSITIONS,105096,6/26/2026 11:31:59 AM,e7ca1105-8b8f-4dee-a332-17c93bb5c040,2.0,,,,,,,,,,,,,,,,,,,,,,,,,,,,,,,,,,,"(-10.5, 0.5, 5.3)","(-10.7, 1.0, 5.1)","(-10.6, 0.4, 4.8)",
VOICE_CAPTURE,105209,6/26/2026 11:31:59 AM,e7ca1105-8b8f-4dee-a332-17c93bb5c040,2.0,,,,,,,,,,,,,,,,,,,,,,,,,,,,,,,,,,,,,,,,,,,,,,,,,,,NA,"Alright, bye bye.",
EVAC_RADIO_ALERT,105428,6/26/2026 11:32:00 AM,e7ca1105-8b8f-4dee-a332-17c93bb5c040,2.0,,,,,,,,1,
AUDIO_START,105441,6/26/2026 11:32:00 AM,e7ca1105-8b8f-4dee-a332-17c93bb5c040,2.0,evac in 9 minutes,4.127347,
PLAYER_POSITIONS,105625,6/26/2026 11:32:00 AM,e7ca1105-8b8f-4dee-a332-17c93bb5c040,2.0,,,,,,,,,,,,,,,,,,,,,,,,,,,,,,,,,,,"(-10.5, 0.5, 5.3)","(-10.6, 1.0, 5.1)","(-10.4, 0.6, 5.0)",
PLAYER_POSITIONS,105625,6/26/2026 11:32:00 AM,e7ca1105-8b8f-4dee-a332-17c93bb5c040,2.0,,,,,,,,,,,,,,,,,,,,,,,,,,,,,,,,,,,"(-10.5, 0.5, 5.3)","(-10.6, 1.0, 5.1)","(-10.4, 0.6, 5.0)",
TOOL_HOVER,105664,6/26/2026 11:32:00 AM,e7ca1105-8b8f-4dee-a332-17c93bb5c040,2.0,,,,,,,,,,,,,,,,,,,,,,,,,,,,,,,,,,,,,,,,,,,,,,999,,Tourniquet,
VOICE_CAPTURE,105708,6/26/2026 11:32:00 AM,e7ca1105-8b8f-4dee-a332-17c93bb5c040,2.0,,,,,,,,,,,,,,,,,,,,,,,,,,,,,,,,,,,,,,,,,,,,,,,,,,,NA,"Alright, bye bye.",
VOICE_CAPTURE,105708,6/26/2026 11:32:00 AM,e7ca1105-8b8f-4dee-a332-17c93bb5c040,2.0,,,,,,,,,,,,,,,,,,,,,,,,,,,,,,,,,,,,,,,,,,,,,,,,,,,NA,"Alright, bye bye.",
TOOL_SELECTED,105901,6/26/2026 11:32:00 AM,e7ca1105-8b8f-4dee-a332-17c93bb5c040,2.0,,,,,,,,,,,,,,,,,,,,,,,,,,,,,,,,,,,,,,,,,,,,,,998,,Tourniquet,
PLAYER_POSITIONS,106153,6/26/2026 11:32:00 AM,e7ca1105-8b8f-4dee-a332-17c93bb5c040,2.0,,,,,,,,,,,,,,,,,,,,,,,,,,,,,,,,,,,"(-10.5, 0.5, 5.3)","(-10.6, 0.9, 5.1)","(-10.3, 0.5, 5.0)",
PLAYER_POSITIONS,106153,6/26/2026 11:32:00 AM,e7ca1105-8b8f-4dee-a332-17c93bb5c040,2.0,,,,,,,,,,,,,,,,,,,,,,,,,,,,,,,,,,,"(-10.5, 0.5, 5.3)","(-10.6, 0.9, 5.1)","(-10.3, 0.5, 5.0)",
PLAYER_POSITIONS,106687,6/26/2026 11:32:01 AM,e7ca1105-8b8f-4dee-a332-17c93bb5c040,2.0,,,,,,,,,,,,,,,,,,,,,,,,,,,,,,,,,,,"(-10.6, 0.6, 5.5)","(-10.5, 0.8, 5.5)","(-10.2, 0.2, 5.4)",
PLAYER_POSITIONS,106687,6/26/2026 11:32:01 AM,e7ca1105-8b8f-4dee-a332-17c93bb5c040,2.0,,,,,,,,,,,,,,,,,,,,,,,,,,,,,,,,,,,"(-10.6, 0.6, 5.5)","(-10.5, 0.8, 5.5)","(-10.2, 0.2, 5.4)",
VOICE_CAPTURE,106716,6/26/2026 11:32:01 AM,e7ca1105-8b8f-4dee-a332-17c93bb5c040,2.0,,,,,,,,,,,,,,,,,,,,,,,,,,,,,,,,,,,,,,,,,,,,,,,,,,,NA,Bye-bye.,
TOOL_DISCARDED,107071,6/26/2026 11:32:01 AM,e7ca1105-8b8f-4dee-a332-17c93bb5c040,2.0,,,,,,,,,,,,,,,,,,,,,,,,Military PT 6,,,,,,,,,,,,"(-10.1, 0.2, 5.4)",,,,,,,,,,998,,Tourniquet,
PLAYER_POSITIONS,107201,6/26/2026 11:32:01 AM,e7ca1105-8b8f-4dee-a332-17c93bb5c040,2.0,,,,,,,,,,,,,,,,,,,,,,,,,,,,,,,,,,,"(-10.6, 0.6, 5.5)","(-10.4, 0.8, 5.4)","(-10.1, 0.2, 5.4)",
PLAYER_POSITIONS,107201,6/26/2026 11:32:01 AM,e7ca1105-8b8f-4dee-a332-17c93bb5c040,2.0,,,,,,,,,,,,,,,,,,,,,,,,,,,,,,,,,,,"(-10.6, 0.6, 5.5)","(-10.4, 0.8, 5.4)","(-10.1, 0.2, 5.4)",
VOICE_CAPTURE,107243,6/26/2026 11:32:01 AM,e7ca1105-8b8f-4dee-a332-17c93bb5c040,2.0,,,,,,,,,,,,,,,,,,,,,,,,,,,,,,,,,,,,,,,,,,,,,,,,,,,NA,Bye-bye.,
VOICE_CAPTURE,107690,6/26/2026 11:32:02 AM,e7ca1105-8b8f-4dee-a332-17c93bb5c040,2.0,,,,,,,,,,,,,,,,,,,,,,,,,,,,,,,,,,,,,,,,,,,,,,,,,,,NA,Bye-bye.,
PLAYER_POSITIONS,107714,6/26/2026 11:32:02 AM,e7ca1105-8b8f-4dee-a332-17c93bb5c040,2.0,,,,,,,,,,,,,,,,,,,,,,,,,,,,,,,,,,,"(-10.6, 0.6, 5.5)","(-10.4, 0.8, 5.3)","(-10.2, 0.3, 5.3)",
PLAYER_POSITIONS,107714,6/26/2026 11:32:02 AM,e7ca1105-8b8f-4dee-a332-17c93bb5c040,2.0,,,,,,,,,,,,,,,,,,,,,,,,,,,,,,,,,,,"(-10.6, 0.6, 5.5)","(-10.4, 0.8, 5.3)","(-10.2, 0.3, 5.3)",
PLAYER_POSITIONS,108243,6/26/2026 11:32:02 AM,e7ca1105-8b8f-4dee-a332-17c93bb5c040,2.0,,,,,,,,,,,,,,,,,,,,,,,,,,,,,,,,,,,"(-10.5, 0.5, 5.4)","(-10.5, 0.9, 5.2)","(-10.3, 0.4, 5.1)",
PLAYER_GAZE,108243,6/26/2026 11:32:02 AM,e7ca1105-8b8f-4dee-a332-17c93bb5c040,2.0,,,,,,,,,,,,,,,,,,,,,,,,Military PT 6,,,,,,,,,"(-0.4, 0.9, 0.0)",,,"(-10.1, 0.0, 5.2)",
PLAYER_POSITIONS,108243,6/26/2026 11:32:02 AM,e7ca1105-8b8f-4dee-a332-17c93bb5c040,2.0,,,,,,,,,,,,,,,,,,,,,,,,,,,,,,,,,,,"(-10.5, 0.5, 5.4)","(-10.5, 0.9, 5.2)","(-10.3, 0.4, 5.1)",
PLAYER_GAZE,108243,6/26/2026 11:32:02 AM,e7ca1105-8b8f-4dee-a332-17c93bb5c040,2.0,,,,,,,,,,,,,,,,,,,,,,,,Military PT 6,,,,,,,,,"(-0.4, 0.9, 0.0)",,,"(-10.1, 0.0, 5.2)",
VOICE_CAPTURE,108243,6/26/2026 11:32:02 AM,e7ca1105-8b8f-4dee-a332-17c93bb5c040,2.0,,,,,,,,,,,,,,,,,,,,,,,,,,,,,,,,,,,,,,,,,,,,,,,,,,,NA,Bye-bye.,
VOICE_CAPTURE,108719,6/26/2026 11:32:03 AM,e7ca1105-8b8f-4dee-a332-17c93bb5c040,2.0,,,,,,,,,,,,,,,,,,,,,,,,,,,,,,,,,,,,,,,,,,,,,,,,,,,NA,Bye-bye.,
PLAYER_POSITIONS,108770,6/26/2026 11:32:03 AM,e7ca1105-8b8f-4dee-a332-17c93bb5c040,2.0,,,,,,,,,,,,,,,,,,,,,,,,,,,,,,,,,,,"(-10.5, 0.5, 5.4)","(-10.5, 0.8, 5.2)","(-10.4, 0.5, 5.1)",
PLAYER_GAZE,108770,6/26/2026 11:32:03 AM,e7ca1105-8b8f-4dee-a332-17c93bb5c040,2.0,,,,,,,,,,,,,,,,,,,,,,,,Military PT 6,,,,,,,,,"(-0.4, 0.8, 0.0)",,,"(-10.1, 0.0, 5.2)",
PLAYER_POSITIONS,108770,6/26/2026 11:32:03 AM,e7ca1105-8b8f-4dee-a332-17c93bb5c040,2.0,,,,,,,,,,,,,,,,,,,,,,,,,,,,,,,,,,,"(-10.5, 0.5, 5.4)","(-10.5, 0.8, 5.2)","(-10.4, 0.5, 5.1)",
PLAYER_GAZE,108770,6/26/2026 11:32:03 AM,e7ca1105-8b8f-4dee-a332-17c93bb5c040,2.0,,,,,,,,,,,,,,,,,,,,,,,,Military PT 6,,,,,,,,,"(-0.4, 0.8, 0.0)",,,"(-10.1, 0.0, 5.2)",
BAG_CLOSED,108822,6/26/2026 11:32:03 AM,e7ca1105-8b8f-4dee-a332-17c93bb5c040,2.0,,,,,,,,,,,,,,,,,,,,,,,,,,,,,,,,,,,,"(0.0, 0.0, 0.0)",
VOICE_CAPTURE,109240,6/26/2026 11:32:03 AM,e7ca1105-8b8f-4dee-a332-17c93bb5c040,2.0,,,,,,,,,,,,,,,,,,,,,,,,,,,,,,,,,,,,,,,,,,,,,,,,,,,NA,Bye-bye.,
PLAYER_POSITIONS,109295,6/26/2026 11:32:04 AM,e7ca1105-8b8f-4dee-a332-17c93bb5c040,2.0,,,,,,,,,,,,,,,,,,,,,,,,,,,,,,,,,,,"(-10.4, 0.5, 5.2)","(-10.4, 0.9, 5.0)","(-10.3, 0.6, 4.8)",
PLAYER_POSITIONS,109295,6/26/2026 11:32:04 AM,e7ca1105-8b8f-4dee-a332-17c93bb5c040,2.0,,,,,,,,,,,,,,,,,,,,,,,,,,,,,,,,,,,"(-10.4, 0.5, 5.2)","(-10.4, 0.9, 5.0)","(-10.3, 0.6, 4.8)",
AUDIO_END,109571,6/26/2026 11:32:04 AM,e7ca1105-8b8f-4dee-a332-17c93bb5c040,2.0,evac in 9 minutes,4.127347,
VOICE_CAPTURE,109710,6/26/2026 11:32:04 AM,e7ca1105-8b8f-4dee-a332-17c93bb5c040,2.0,,,,,,,,,,,,,,,,,,,,,,,,,,,,,,,,,,,,,,,,,,,,,,,,,,,NA,Bye-bye.,
PLAYER_POSITIONS,109822,6/26/2026 11:32:04 AM,e7ca1105-8b8f-4dee-a332-17c93bb5c040,2.0,,,,,,,,,,,,,,,,,,,,,,,,,,,,,,,,,,,"(-10.4, 0.5, 5.2)","(-10.4, 0.8, 5.1)","(-10.3, 0.6, 4.8)",
PLAYER_GAZE,109822,6/26/2026 11:32:04 AM,e7ca1105-8b8f-4dee-a332-17c93bb5c040,2.0,,,,,,,,,,,,,,,,,,,,,,,,Military PT 6,,,,,,,,,"(-0.3, 0.8, -0.1)",,,"(-10.1, 0.0, 5.2)",
PLAYER_POSITIONS,109822,6/26/2026 11:32:04 AM,e7ca1105-8b8f-4dee-a332-17c93bb5c040,2.0,,,,,,,,,,,,,,,,,,,,,,,,,,,,,,,,,,,"(-10.4, 0.5, 5.2)","(-10.4, 0.8, 5.1)","(-10.3, 0.6, 4.8)",
PLAYER_GAZE,109822,6/26/2026 11:32:04 AM,e7ca1105-8b8f-4dee-a332-17c93bb5c040,2.0,,,,,,,,,,,,,,,,,,,,,,,,Military PT 6,,,,,,,,,"(-0.3, 0.8, -0.1)",,,"(-10.1, 0.0, 5.2)",
VOICE_CAPTURE,110243,6/26/2026 11:32:04 AM,e7ca1105-8b8f-4dee-a332-17c93bb5c040,2.0,,,,,,,,,,,,,,,,,,,,,,,,,,,,,,,,,,,,,,,,,,,,,,,,,,,NA,Bye-bye.,
PLAYER_POSITIONS,110324,6/26/2026 11:32:05 AM,e7ca1105-8b8f-4dee-a332-17c93bb5c040,2.0,,,,,,,,,,,,,,,,,,,,,,,,,,,,,,,,,,,"(-10.4, 0.6, 5.2)","(-10.4, 0.8, 5.1)","(-10.2, 0.3, 4.9)",
PLAYER_GAZE,110324,6/26/2026 11:32:05 AM,e7ca1105-8b8f-4dee-a332-17c93bb5c040,2.0,,,,,,,,,,,,,,,,,,,,,,,,Military PT 6,,,,,,,,,"(-0.3, 0.8, -0.1)",,,"(-10.1, 0.0, 5.2)",
PLAYER_POSITIONS,110324,6/26/2026 11:32:05 AM,e7ca1105-8b8f-4dee-a332-17c93bb5c040,2.0,,,,,,,,,,,,,,,,,,,,,,,,,,,,,,,,,,,"(-10.4, 0.6, 5.2)","(-10.4, 0.8, 5.1)","(-10.2, 0.3, 4.9)",
PLAYER_GAZE,110324,6/26/2026 11:32:05 AM,e7ca1105-8b8f-4dee-a332-17c93bb5c040,2.0,,,,,,,,,,,,,,,,,,,,,,,,Military PT 6,,,,,,,,,"(-0.3, 0.8, -0.1)",,,"(-10.1, 0.0, 5.2)",
VOICE_CAPTURE,110768,6/26/2026 11:32:05 AM,e7ca1105-8b8f-4dee-a332-17c93bb5c040,2.0,,,,,,,,,,,,,,,,,,,,,,,,,,,,,,,,,,,,,,,,,,,,,,,,,,,NA,Bye-bye. Do that.,
TOOL_HOVER,110848,6/26/2026 11:32:05 AM,e7ca1105-8b8f-4dee-a332-17c93bb5c040,2.0,,,,,,,,,,,,,,,,,,,,,,,,,,,,,,,,,,,,,,,,,,,,,,999,,Tourniquet,
PLAYER_POSITIONS,110851,6/26/2026 11:32:05 AM,e7ca1105-8b8f-4dee-a332-17c93bb5c040,2.0,,,,,,,,,,,,,,,,,,,,,,,,,,,,,,,,,,,"(-10.4, 0.6, 5.2)","(-10.4, 0.8, 5.2)","(-10.2, 0.5, 5.2)",
PLAYER_GAZE,110851,6/26/2026 11:32:05 AM,e7ca1105-8b8f-4dee-a332-17c93bb5c040,2.0,,,,,,,,,,,,,,,,,,,,,,,,Military PT 6,,,,,,,,,"(-0.3, 0.8, -0.1)",,,"(-10.1, 0.0, 5.2)",
PLAYER_POSITIONS,110851,6/26/2026 11:32:05 AM,e7ca1105-8b8f-4dee-a332-17c93bb5c040,2.0,,,,,,,,,,,,,,,,,,,,,,,,,,,,,,,,,,,"(-10.4, 0.6, 5.2)","(-10.4, 0.8, 5.2)","(-10.2, 0.5, 5.2)",
PLAYER_GAZE,110851,6/26/2026 11:32:05 AM,e7ca1105-8b8f-4dee-a332-17c93bb5c040,2.0,,,,,,,,,,,,,,,,,,,,,,,,Military PT 6,,,,,,,,,"(-0.3, 0.8, -0.1)",,,"(-10.1, 0.0, 5.2)",
TOOL_HOVER,110960,6/26/2026 11:32:05 AM,e7ca1105-8b8f-4dee-a332-17c93bb5c040,2.0,,,,,,,,,,,,,,,,,,,,,,,,,,,,,,,,,,,,,,,,,,,,,,999,,SAM Splint,
TOOL_HOVER,111070,6/26/2026 11:32:05 AM,e7ca1105-8b8f-4dee-a332-17c93bb5c040,2.0,,,,,,,,,,,,,,,,,,,,,,,,,,,,,,,,,,,,,,,,,,,,,,999,,Tourniquet,
TOOL_SELECTED,111072,6/26/2026 11:32:05 AM,e7ca1105-8b8f-4dee-a332-17c93bb5c040,2.0,,,,,,,,,,,,,,,,,,,,,,,,,,,,,,,,,,,,,,,,,,,,,,998,,Tourniquet,
VOICE_CAPTURE,111262,6/26/2026 11:32:05 AM,e7ca1105-8b8f-4dee-a332-17c93bb5c040,2.0,,,,,,,,,,,,,,,,,,,,,,,,,,,,,,,,,,,,,,,,,,,,,,,,,,,NA,Bye-bye. Do that.,
VOICE_CAPTURE,111263,6/26/2026 11:32:05 AM,e7ca1105-8b8f-4dee-a332-17c93bb5c040,2.0,,,,,,,,,,,,,,,,,,,,,,,,,,,,,,,,,,,,,,,,,,,,,,,,,,,NA,Bye-bye. Do that.,
PLAYER_POSITIONS,111366,6/26/2026 11:32:06 AM,e7ca1105-8b8f-4dee-a332-17c93bb5c040,2.0,,,,,,,,,,,,,,,,,,,,,,,,,,,,,,,,,,,"(-10.4, 0.6, 5.3)","(-10.4, 0.8, 5.3)","(-10.2, 0.3, 5.3)",
PLAYER_POSITIONS,111366,6/26/2026 11:32:06 AM,e7ca1105-8b8f-4dee-a332-17c93bb5c040,2.0,,,,,,,,,,,,,,,,,,,,,,,,,,,,,,,,,,,"(-10.4, 0.6, 5.3)","(-10.4, 0.8, 5.3)","(-10.2, 0.3, 5.3)",
VOICE_CAPTURE,111728,6/26/2026 11:32:06 AM,e7ca1105-8b8f-4dee-a332-17c93bb5c040,2.0,,,,,,,,,,,,,,,,,,,,,,,,,,,,,,,,,,,,,,,,,,,,,,,,,,,NA,Do that and I did not place.,
PLAYER_POSITIONS,111893,6/26/2026 11:32:06 AM,e7ca1105-8b8f-4dee-a332-17c93bb5c040,2.0,,,,,,,,,,,,,,,,,,,,,,,,,,,,,,,,,,,"(-10.5, 0.6, 5.3)","(-10.4, 0.8, 5.3)","(-10.2, 0.2, 5.3)",
PLAYER_POSITIONS,111893,6/26/2026 11:32:06 AM,e7ca1105-8b8f-4dee-a332-17c93bb5c040,2.0,,,,,,,,,,,,,,,,,,,,,,,,,,,,,,,,,,,"(-10.5, 0.6, 5.3)","(-10.4, 0.8, 5.3)","(-10.2, 0.2, 5.3)",
VOICE_CAPTURE,112227,6/26/2026 11:32:06 AM,e7ca1105-8b8f-4dee-a332-17c93bb5c040,2.0,,,,,,,,,,,,,,,,,,,,,,,,,,,,,,,,,,,,,,,,,,,,,,,,,,,NA,I did not place because I didn't wait.,
PLAYER_POSITIONS,112421,6/26/2026 11:32:07 AM,e7ca1105-8b8f-4dee-a332-17c93bb5c040,2.0,,,,,,,,,,,,,,,,,,,,,,,,,,,,,,,,,,,"(-10.4, 0.6, 5.4)","(-10.4, 0.8, 5.3)","(-10.1, 0.2, 5.4)",
PLAYER_POSITIONS,112421,6/26/2026 11:32:07 AM,e7ca1105-8b8f-4dee-a332-17c93bb5c040,2.0,,,,,,,,,,,,,,,,,,,,,,,,,,,,,,,,,,,"(-10.4, 0.6, 5.4)","(-10.4, 0.8, 5.3)","(-10.1, 0.2, 5.4)",
VOICE_CAPTURE,112727,6/26/2026 11:32:07 AM,e7ca1105-8b8f-4dee-a332-17c93bb5c040,2.0,,,,,,,,,,,,,,,,,,,,,,,,,,,,,,,,,,,,,,,,,,,,,,,,,,,NA,I did not place because I didn't wait for it to.,
PLAYER_POSITIONS,112921,6/26/2026 11:32:07 AM,e7ca1105-8b8f-4dee-a332-17c93bb5c040,2.0,,,,,,,,,,,,,,,,,,,,,,,,,,,,,,,,,,,"(-10.4, 0.6, 5.3)","(-10.4, 0.8, 5.3)","(-10.1, 0.2, 5.3)",
PLAYER_POSITIONS,112921,6/26/2026 11:32:07 AM,e7ca1105-8b8f-4dee-a332-17c93bb5c040,2.0,,,,,,,,,,,,,,,,,,,,,,,,,,,,,,,,,,,"(-10.4, 0.6, 5.3)","(-10.4, 0.8, 5.3)","(-10.1, 0.2, 5.3)",
VOICE_CAPTURE,113226,6/26/2026 11:32:07 AM,e7ca1105-8b8f-4dee-a332-17c93bb5c040,2.0,,,,,,,,,,,,,,,,,,,,,,,,,,,,,,,,,,,,,,,,,,,,,,,,,,,NA,I did not place because I didn't wait for it to.,
VOICE_CAPTURE,113228,6/26/2026 11:32:07 AM,e7ca1105-8b8f-4dee-a332-17c93bb5c040,2.0,,,,,,,,,,,,,,,,,,,,,,,,,,,,,,,,,,,,,,,,,,,,,,,,,,,NA,I did not place because I didn't wait for it to.,
PLAYER_POSITIONS,113448,6/26/2026 11:32:08 AM,e7ca1105-8b8f-4dee-a332-17c93bb5c040,2.0,,,,,,,,,,,,,,,,,,,,,,,,,,,,,,,,,,,"(-10.4, 0.6, 5.3)","(-10.4, 0.8, 5.3)","(-10.1, 0.2, 5.3)",
PLAYER_POSITIONS,113448,6/26/2026 11:32:08 AM,e7ca1105-8b8f-4dee-a332-17c93bb5c040,2.0,,,,,,,,,,,,,,,,,,,,,,,,,,,,,,,,,,,"(-10.4, 0.6, 5.3)","(-10.4, 0.8, 5.3)","(-10.1, 0.2, 5.3)",
AUDIO_START,113488,6/26/2026 11:32:08 AM,e7ca1105-8b8f-4dee-a332-17c93bb5c040,2.0,bravo 2 sitrep,2.063673,
INJURY_TREATED,113895,6/26/2026 11:32:08 AM,e7ca1105-8b8f-4dee-a332-17c93bb5c040,2.0,,,,,,,,,leftLeg,L Thigh Amputation,"(-10.1, 0.1, 5.2)",tourniquet,1,1,high,True,True,,,,,,,Military PT 6,
TOOL_APPLIED,113895,6/26/2026 11:32:08 AM,e7ca1105-8b8f-4dee-a332-17c93bb5c040,2.0,,,,,,,,,,,,,,,,,,,,,,,,Military PT 6,,,,,,,,,,,,,,,,,,,,AppliedTourniquet,LeftUpLeg (UnityEngine.GameObject),,Tourniquet(Clone) (UnityEngine.GameObject),Tourniquet,
PLAYER_POSITIONS,113948,6/26/2026 11:32:08 AM,e7ca1105-8b8f-4dee-a332-17c93bb5c040,2.0,,,,,,,,,,,,,,,,,,,,,,,,,,,,,,,,,,,"(-10.4, 0.6, 5.3)","(-10.4, 0.8, 5.3)","(-10.1, 0.2, 5.3)",
PLAYER_POSITIONS,113948,6/26/2026 11:32:08 AM,e7ca1105-8b8f-4dee-a332-17c93bb5c040,2.0,,,,,,,,,,,,,,,,,,,,,,,,,,,,,,,,,,,"(-10.4, 0.6, 5.3)","(-10.4, 0.8, 5.3)","(-10.1, 0.2, 5.3)",
VOICE_CAPTURE,114219,6/26/2026 11:32:08 AM,e7ca1105-8b8f-4dee-a332-17c93bb5c040,2.0,,,,,,,,,,,,,,,,,,,,,,,,,,,,,,,,,,,,,,,,,,,,,,,,,,,NA,for it now.,
PLAYER_POSITIONS,114467,6/26/2026 11:32:09 AM,e7ca1105-8b8f-4dee-a332-17c93bb5c040,2.0,,,,,,,,,,,,,,,,,,,,,,,,,,,,,,,,,,,"(-10.4, 0.6, 5.3)","(-10.4, 0.8, 5.3)","(-10.2, 0.3, 5.2)",
PLAYER_POSITIONS,114467,6/26/2026 11:32:09 AM,e7ca1105-8b8f-4dee-a332-17c93bb5c040,2.0,,,,,,,,,,,,,,,,,,,,,,,,,,,,,,,,,,,"(-10.4, 0.6, 5.3)","(-10.4, 0.8, 5.3)","(-10.2, 0.3, 5.2)",
VOICE_CAPTURE,114710,6/26/2026 11:32:09 AM,e7ca1105-8b8f-4dee-a332-17c93bb5c040,2.0,,,,,,,,,,,,,,,,,,,,,,,,,,,,,,,,,,,,,,,,,,,,,,,,,,,NA,for it. There we go.,
PLAYER_POSITIONS,114974,6/26/2026 11:32:09 AM,e7ca1105-8b8f-4dee-a332-17c93bb5c040,2.0,,,,,,,,,,,,,,,,,,,,,,,,,,,,,,,,,,,"(-10.4, 0.6, 5.3)","(-10.5, 1.0, 5.2)","(-10.3, 0.5, 5.1)",
PLAYER_POSITIONS,114974,6/26/2026 11:32:09 AM,e7ca1105-8b8f-4dee-a332-17c93bb5c040,2.0,,,,,,,,,,,,,,,,,,,,,,,,,,,,,,,,,,,"(-10.4, 0.6, 5.3)","(-10.5, 1.0, 5.2)","(-10.3, 0.5, 5.1)",
VOICE_CAPTURE,115224,6/26/2026 11:32:09 AM,e7ca1105-8b8f-4dee-a332-17c93bb5c040,2.0,,,,,,,,,,,,,,,,,,,,,,,,,,,,,,,,,,,,,,,,,,,,,,,,,,,NA,for it now. There we go.,
PLAYER_POSITIONS,115474,6/26/2026 11:32:10 AM,e7ca1105-8b8f-4dee-a332-17c93bb5c040,2.0,,,,,,,,,,,,,,,,,,,,,,,,,,,,,,,,,,,"(-10.4, 0.5, 5.2)","(-10.5, 1.0, 5.2)","(-10.3, 0.6, 5.0)",
PLAYER_POSITIONS,115474,6/26/2026 11:32:10 AM,e7ca1105-8b8f-4dee-a332-17c93bb5c040,2.0,,,,,,,,,,,,,,,,,,,,,,,,,,,,,,,,,,,"(-10.4, 0.5, 5.2)","(-10.5, 1.0, 5.2)","(-10.3, 0.6, 5.0)",
AUDIO_END,115558,6/26/2026 11:32:10 AM,e7ca1105-8b8f-4dee-a332-17c93bb5c040,2.0,bravo 2 sitrep,2.063673,
NARRATIVE_SECTION_END,115558,6/26/2026 11:32:10 AM,e7ca1105-8b8f-4dee-a332-17c93bb5c040,2.0,,,,,,,,,,,,,,,,,,Bravo 2 sitrep,13,
NARRATIVE_SECTION_START,115581,6/26/2026 11:32:10 AM,e7ca1105-8b8f-4dee-a332-17c93bb5c040,2.0,,,,,,,,,,,,,,,,,,Bravo Heavy Contact,14,
VOICE_CAPTURE,115725,6/26/2026 11:32:10 AM,e7ca1105-8b8f-4dee-a332-17c93bb5c040,2.0,,,,,,,,,,,,,,,,,,,,,,,,,,,,,,,,,,,,,,,,,,,,,,,,,,,NA,for it now. There we go.,
VOICE_CAPTURE,115725,6/26/2026 11:32:10 AM,e7ca1105-8b8f-4dee-a332-17c93bb5c040,2.0,,,,,,,,,,,,,,,,,,,,,,,,,,,,,,,,,,,,,,,,,,,,,,,,,,,NA,for it now. There we go.,
PLAYER_POSITIONS,115976,6/26/2026 11:32:10 AM,e7ca1105-8b8f-4dee-a332-17c93bb5c040,2.0,,,,,,,,,,,,,,,,,,,,,,,,,,,,,,,,,,,"(-10.4, 0.5, 5.2)","(-10.6, 1.0, 5.2)","(-10.4, 0.6, 4.9)",
PLAYER_GAZE,115976,6/26/2026 11:32:10 AM,e7ca1105-8b8f-4dee-a332-17c93bb5c040,2.0,,,,,,,,,,,,,,,,,,,,,,,,Military PT 6,,,,,,,,,"(-0.5, 1.0, -0.1)",,,"(-10.1, 0.0, 5.2)",
PLAYER_POSITIONS,115976,6/26/2026 11:32:10 AM,e7ca1105-8b8f-4dee-a332-17c93bb5c040,2.0,,,,,,,,,,,,,,,,,,,,,,,,,,,,,,,,,,,"(-10.4, 0.5, 5.2)","(-10.6, 1.0, 5.2)","(-10.4, 0.6, 4.9)",
PLAYER_GAZE,115976,6/26/2026 11:32:10 AM,e7ca1105-8b8f-4dee-a332-17c93bb5c040,2.0,,,,,,,,,,,,,,,,,,,,,,,,Military PT 6,,,,,,,,,"(-0.5, 1.0, -0.1)",,,"(-10.1, 0.0, 5.2)",
PLAYER_POSITIONS,116489,6/26/2026 11:32:11 AM,e7ca1105-8b8f-4dee-a332-17c93bb5c040,2.0,,,,,,,,,,,,,,,,,,,,,,,,,,,,,,,,,,,"(-10.4, 0.5, 5.2)","(-10.6, 0.9, 5.2)","(-10.4, 0.6, 5.0)",
PLAYER_POSITIONS,116489,6/26/2026 11:32:11 AM,e7ca1105-8b8f-4dee-a332-17c93bb5c040,2.0,,,,,,,,,,,,,,,,,,,,,,,,,,,,,,,,,,,"(-10.4, 0.5, 5.2)","(-10.6, 0.9, 5.2)","(-10.4, 0.6, 5.0)",
AUDIO_START,116582,6/26/2026 11:32:11 AM,e7ca1105-8b8f-4dee-a332-17c93bb5c040,2.0,bravo heavy contact,3.94449,
TAG_SELECTED,116990,6/26/2026 11:32:11 AM,e7ca1105-8b8f-4dee-a332-17c93bb5c040,2.0,,,,,,,,,,,,,,,,,,,,,,,,,,,,,,,,,,,,,,,,,,green,
PLAYER_POSITIONS,116993,6/26/2026 11:32:11 AM,e7ca1105-8b8f-4dee-a332-17c93bb5c040,2.0,,,,,,,,,,,,,,,,,,,,,,,,,,,,,,,,,,,"(-10.4, 0.4, 5.2)","(-10.6, 0.9, 5.1)","(-10.3, 0.4, 4.9)",
PLAYER_POSITIONS,116993,6/26/2026 11:32:11 AM,e7ca1105-8b8f-4dee-a332-17c93bb5c040,2.0,,,,,,,,,,,,,,,,,,,,,,,,,,,,,,,,,,,"(-10.4, 0.4, 5.2)","(-10.6, 0.9, 5.1)","(-10.3, 0.4, 4.9)",
VOICE_CAPTURE,117228,6/26/2026 11:32:11 AM,e7ca1105-8b8f-4dee-a332-17c93bb5c040,2.0,,,,,,,,,,,,,,,,,,,,,,,,,,,,,,,,,,,,,,,,,,,,,,,,,,,NA,All right.,
PLAYER_POSITIONS,117505,6/26/2026 11:32:12 AM,e7ca1105-8b8f-4dee-a332-17c93bb5c040,2.0,,,,,,,,,,,,,,,,,,,,,,,,,,,,,,,,,,,"(-10.4, 0.4, 5.2)","(-10.5, 0.9, 5.1)","(-10.3, 0.4, 4.9)",
PLAYER_POSITIONS,117505,6/26/2026 11:32:12 AM,e7ca1105-8b8f-4dee-a332-17c93bb5c040,2.0,,,,,,,,,,,,,,,,,,,,,,,,,,,,,,,,,,,"(-10.4, 0.4, 5.2)","(-10.5, 0.9, 5.1)","(-10.3, 0.4, 4.9)",
VOICE_CAPTURE,117789,6/26/2026 11:32:12 AM,e7ca1105-8b8f-4dee-a332-17c93bb5c040,2.0,,,,,,,,,,,,,,,,,,,,,,,,,,,,,,,,,,,,,,,,,,,,,,,,,,,NA,All right.,
VOICE_CAPTURE,117789,6/26/2026 11:32:12 AM,e7ca1105-8b8f-4dee-a332-17c93bb5c040,2.0,,,,,,,,,,,,,,,,,,,,,,,,,,,,,,,,,,,,,,,,,,,,,,,,,,,NA,All right.,
TAG_DISCARDED,117813,6/26/2026 11:32:12 AM,e7ca1105-8b8f-4dee-a332-17c93bb5c040,2.0,,,,,,,,,,,,,,,,,,,,,,,,,,,,,,,,,,,,"(-10.4, 0.5, 4.8)",,,,,,green,
PLAYER_POSITIONS,118008,6/26/2026 11:32:12 AM,e7ca1105-8b8f-4dee-a332-17c93bb5c040,2.0,,,,,,,,,,,,,,,,,,,,,,,,,,,,,,,,,,,"(-10.4, 0.5, 5.2)","(-10.5, 0.9, 5.1)","(-10.4, 0.4, 5.0)",
PLAYER_POSITIONS,118008,6/26/2026 11:32:12 AM,e7ca1105-8b8f-4dee-a332-17c93bb5c040,2.0,,,,,,,,,,,,,,,,,,,,,,,,,,,,,,,,,,,"(-10.4, 0.5, 5.2)","(-10.5, 0.9, 5.1)","(-10.4, 0.4, 5.0)",
VOICE_CAPTURE,118230,6/26/2026 11:32:12 AM,e7ca1105-8b8f-4dee-a332-17c93bb5c040,2.0,,,,,,,,,,,,,,,,,,,,,,,,,,,,,,,,,,,,,,,,,,,,,,,,,,,NA,hat's your name?,
TAG_SELECTED,118312,6/26/2026 11:32:13 AM,e7ca1105-8b8f-4dee-a332-17c93bb5c040,2.0,,,,,,,,,,,,,,,,,,,,,,,,,,,,,,,,,,,,,,,,,,red,
PLAYER_POSITIONS,118535,6/26/2026 11:32:13 AM,e7ca1105-8b8f-4dee-a332-17c93bb5c040,2.0,,,,,,,,,,,,,,,,,,,,,,,,,,,,,,,,,,,"(-10.5, 0.6, 5.4)","(-10.5, 0.9, 5.2)","(-10.4, 0.3, 5.1)",
PLAYER_GAZE,118535,6/26/2026 11:32:13 AM,e7ca1105-8b8f-4dee-a332-17c93bb5c040,2.0,,,,,,,,,,,,,,,,,,,,,,,,Military PT 6,,,,,,,,,"(-0.4, 0.9, 0.0)",,,"(-10.1, 0.0, 5.2)",
PLAYER_POSITIONS,118535,6/26/2026 11:32:13 AM,e7ca1105-8b8f-4dee-a332-17c93bb5c040,2.0,,,,,,,,,,,,,,,,,,,,,,,,,,,,,,,,,,,"(-10.5, 0.6, 5.4)","(-10.5, 0.9, 5.2)","(-10.4, 0.3, 5.1)",
PLAYER_GAZE,118535,6/26/2026 11:32:13 AM,e7ca1105-8b8f-4dee-a332-17c93bb5c040,2.0,,,,,,,,,,,,,,,,,,,,,,,,Military PT 6,,,,,,,,,"(-0.4, 0.9, 0.0)",,,"(-10.1, 0.0, 5.2)",
VOICE_CAPTURE,118688,6/26/2026 11:32:13 AM,e7ca1105-8b8f-4dee-a332-17c93bb5c040,2.0,,,,,,,,,,,,,,,,,,,,,,,,,,,,,,,,,,,,,,,,,,,,,,,,,,,NA,hat's your name?,
VOICE_CAPTURE,118688,6/26/2026 11:32:13 AM,e7ca1105-8b8f-4dee-a332-17c93bb5c040,2.0,,,,,,,,,,,,,,,,,,,,,,,,,,,,,,,,,,,,,,,,,,,,,,,,,,,NA,hat's your name?,
VOICE_COMMAND,118688,6/26/2026 11:32:13 AM,e7ca1105-8b8f-4dee-a332-17c93bb5c040,2.0,,,,,,,,,,,,,,,,,,,,,,,,,,,,,,,,,,,,,,,,,,,,,,,,,,,hat's your name?,what is your name,
PLAYER_POSITIONS,119062,6/26/2026 11:32:13 AM,e7ca1105-8b8f-4dee-a332-17c93bb5c040,2.0,,,,,,,,,,,,,,,,,,,,,,,,,,,,,,,,,,,"(-10.7, 0.6, 5.5)","(-10.6, 0.7, 5.4)","(-10.7, 0.1, 5.4)",
PLAYER_POSITIONS,119062,6/26/2026 11:32:13 AM,e7ca1105-8b8f-4dee-a332-17c93bb5c040,2.0,,,,,,,,,,,,,,,,,,,,,,,,,,,,,,,,,,,"(-10.7, 0.6, 5.5)","(-10.6, 0.7, 5.4)","(-10.7, 0.1, 5.4)",
VOICE_CAPTURE,119228,6/26/2026 11:32:13 AM,e7ca1105-8b8f-4dee-a332-17c93bb5c040,2.0,,,,,,,,,,,,,,,,,,,,,,,,,,,,,,,,,,,,,,,,,,,,,,,,,,,NA,What's your name?,
TAG_APPLIED,119342,6/26/2026 11:32:14 AM,e7ca1105-8b8f-4dee-a332-17c93bb5c040,2.0,,,,,,,,,,,,,,,,,,,,,,,,Military PT 6,,,,,,,,,,,,,,,,,,red,
PLAYER_POSITIONS,119563,6/26/2026 11:32:14 AM,e7ca1105-8b8f-4dee-a332-17c93bb5c040,2.0,,,,,,,,,,,,,,,,,,,,,,,,,,,,,,,,,,,"(-10.8, 0.6, 5.5)","(-10.6, 0.7, 5.4)","(-10.8, 0.1, 5.4)",
PLAYER_POSITIONS,119563,6/26/2026 11:32:14 AM,e7ca1105-8b8f-4dee-a332-17c93bb5c040,2.0,,,,,,,,,,,,,,,,,,,,,,,,,,,,,,,,,,,"(-10.8, 0.6, 5.5)","(-10.6, 0.7, 5.4)","(-10.8, 0.1, 5.4)",
VOICE_CAPTURE,119715,6/26/2026 11:32:14 AM,e7ca1105-8b8f-4dee-a332-17c93bb5c040,2.0,,,,,,,,,,,,,,,,,,,,,,,,,,,,,,,,,,,,,,,,,,,,,,,,,,,NA,What's your name?,
VOICE_CAPTURE,119715,6/26/2026 11:32:14 AM,e7ca1105-8b8f-4dee-a332-17c93bb5c040,2.0,,,,,,,,,,,,,,,,,,,,,,,,,,,,,,,,,,,,,,,,,,,,,,,,,,,NA,What's your name?,
VOICE_COMMAND,119715,6/26/2026 11:32:14 AM,e7ca1105-8b8f-4dee-a332-17c93bb5c040,2.0,,,,,,,,,,,,,,,,,,,,,,,,,,,,,,,,,,,,,,,,,,,,,,,,,,,What's your name?,what is your name,
PLAYER_POSITIONS,120076,6/26/2026 11:32:14 AM,e7ca1105-8b8f-4dee-a332-17c93bb5c040,2.0,,,,,,,,,,,,,,,,,,,,,,,,,,,,,,,,,,,"(-10.6, 0.6, 5.5)","(-10.6, 1.0, 5.3)","(-10.5, 0.3, 5.3)",
PLAYER_POSITIONS,120076,6/26/2026 11:32:14 AM,e7ca1105-8b8f-4dee-a332-17c93bb5c040,2.0,,,,,,,,,,,,,,,,,,,,,,,,,,,,,,,,,,,"(-10.6, 0.6, 5.5)","(-10.6, 1.0, 5.3)","(-10.5, 0.3, 5.3)",
AUDIO_END,120521,6/26/2026 11:32:15 AM,e7ca1105-8b8f-4dee-a332-17c93bb5c040,2.0,bravo heavy contact,3.94449,
NARRATIVE_SECTION_END,120521,6/26/2026 11:32:15 AM,e7ca1105-8b8f-4dee-a332-17c93bb5c040,2.0,,,,,,,,,,,,,,,,,,Bravo Heavy Contact,14,
NARRATIVE_SECTION_START,120572,6/26/2026 11:32:15 AM,e7ca1105-8b8f-4dee-a332-17c93bb5c040,2.0,,,,,,,,,,,,,,,,,,Taking fire from rooftop,15,
PLAYER_POSITIONS,120580,6/26/2026 11:32:15 AM,e7ca1105-8b8f-4dee-a332-17c93bb5c040,2.0,,,,,,,,,,,,,,,,,,,,,,,,,,,,,,,,,,,"(-10.5, 0.9, 5.3)","(-10.6, 0.9, 5.2)","(-10.7, 1.1, 5.0)",
PLAYER_POSITIONS,120580,6/26/2026 11:32:15 AM,e7ca1105-8b8f-4dee-a332-17c93bb5c040,2.0,,,,,,,,,,,,,,,,,,,,,,,,,,,,,,,,,,,"(-10.5, 0.9, 5.3)","(-10.6, 0.9, 5.2)","(-10.7, 1.1, 5.0)",
PLAYER_POSITIONS,121105,6/26/2026 11:32:15 AM,e7ca1105-8b8f-4dee-a332-17c93bb5c040,2.0,,,,,,,,,,,,,,,,,,,,,,,,,,,,,,,,,,,"(-10.5, 0.9, 5.2)","(-10.6, 1.0, 5.2)","(-10.8, 1.1, 5.0)",
PLAYER_GAZE,121105,6/26/2026 11:32:15 AM,e7ca1105-8b8f-4dee-a332-17c93bb5c040,2.0,,,,,,,,,,,,,,,,,,,,,,,,Military PT 6,,,,,,,,,"(-0.6, 1.0, -0.1)",,,"(-10.1, 0.0, 5.2)",
PLAYER_POSITIONS,121105,6/26/2026 11:32:15 AM,e7ca1105-8b8f-4dee-a332-17c93bb5c040,2.0,,,,,,,,,,,,,,,,,,,,,,,,,,,,,,,,,,,"(-10.5, 0.9, 5.2)","(-10.6, 1.0, 5.2)","(-10.8, 1.1, 5.0)",
PLAYER_GAZE,121105,6/26/2026 11:32:15 AM,e7ca1105-8b8f-4dee-a332-17c93bb5c040,2.0,,,,,,,,,,,,,,,,,,,,,,,,Military PT 6,,,,,,,,,"(-0.6, 1.0, -0.1)",,,"(-10.1, 0.0, 5.2)",
PLAYER_POSITIONS,121622,6/26/2026 11:32:16 AM,e7ca1105-8b8f-4dee-a332-17c93bb5c040,2.0,,,,,,,,,,,,,,,,,,,,,,,,,,,,,,,,,,,"(-10.4, 0.7, 5.2)","(-10.6, 1.0, 5.1)","(-10.5, 0.9, 4.9)",
PLAYER_POSITIONS,121622,6/26/2026 11:32:16 AM,e7ca1105-8b8f-4dee-a332-17c93bb5c040,2.0,,,,,,,,,,,,,,,,,,,,,,,,,,,,,,,,,,,"(-10.4, 0.7, 5.2)","(-10.6, 1.0, 5.1)","(-10.5, 0.9, 4.9)",
VOICE_CAPTURE,121701,6/26/2026 11:32:16 AM,e7ca1105-8b8f-4dee-a332-17c93bb5c040,2.0,,,,,,,,,,,,,,,,,,,,,,,,,,,,,,,,,,,,,,,,,,,,,,,,,,,NA,Brian.,
PLAYER_POSITIONS,122144,6/26/2026 11:32:16 AM,e7ca1105-8b8f-4dee-a332-17c93bb5c040,2.0,,,,,,,,,,,,,,,,,,,,,,,,,,,,,,,,,,,"(-10.4, 0.5, 5.3)","(-10.6, 1.0, 5.0)","(-10.2, 0.6, 4.6)",
PLAYER_POSITIONS,122144,6/26/2026 11:32:16 AM,e7ca1105-8b8f-4dee-a332-17c93bb5c040,2.0,,,,,,,,,,,,,,,,,,,,,,,,,,,,,,,,,,,"(-10.4, 0.5, 5.3)","(-10.6, 1.0, 5.0)","(-10.2, 0.6, 4.6)",
TOOL_HOVER,122185,6/26/2026 11:32:16 AM,e7ca1105-8b8f-4dee-a332-17c93bb5c040,2.0,,,,,,,,,,,,,,,,,,,,,,,,,,,,,,,,,,,,,,,,,,,,,,999,,Decompression Needle,
VOICE_CAPTURE,122226,6/26/2026 11:32:16 AM,e7ca1105-8b8f-4dee-a332-17c93bb5c040,2.0,,,,,,,,,,,,,,,,,,,,,,,,,,,,,,,,,,,,,,,,,,,,,,,,,,,NA,Brian.,
TOOL_HOVER,122253,6/26/2026 11:32:16 AM,e7ca1105-8b8f-4dee-a332-17c93bb5c040,2.0,,,,,,,,,,,,,,,,,,,,,,,,,,,,,,,,,,,,,,,,,,,,,,998,,Fentanyl Lollipop,
TOOL_SELECTED,122254,6/26/2026 11:32:16 AM,e7ca1105-8b8f-4dee-a332-17c93bb5c040,2.0,,,,,,,,,,,,,,,,,,,,,,,,,,,,,,,,,,,,,,,,,,,,,,997,,Fentanyl Lollipop,
PLAYER_POSITIONS,122684,6/26/2026 11:32:17 AM,e7ca1105-8b8f-4dee-a332-17c93bb5c040,2.0,,,,,,,,,,,,,,,,,,,,,,,,,,,,,,,,,,,"(-10.5, 0.6, 5.3)","(-10.5, 1.0, 5.1)","(-10.2, 0.6, 4.9)",
PLAYER_GAZE,122684,6/26/2026 11:32:17 AM,e7ca1105-8b8f-4dee-a332-17c93bb5c040,2.0,,,,,,,,,,,,,,,,,,,,,,,,Military PT 6,,,,,,,,,"(-0.4, 1.0, -0.1)",,,"(-10.1, 0.0, 5.2)",
PLAYER_POSITIONS,122684,6/26/2026 11:32:17 AM,e7ca1105-8b8f-4dee-a332-17c93bb5c040,2.0,,,,,,,,,,,,,,,,,,,,,,,,,,,,,,,,,,,"(-10.5, 0.6, 5.3)","(-10.5, 1.0, 5.1)","(-10.2, 0.6, 4.9)",
PLAYER_GAZE,122684,6/26/2026 11:32:17 AM,e7ca1105-8b8f-4dee-a332-17c93bb5c040,2.0,,,,,,,,,,,,,,,,,,,,,,,,Military PT 6,,,,,,,,,"(-0.4, 1.0, -0.1)",,,"(-10.1, 0.0, 5.2)",
VOICE_CAPTURE,122715,6/26/2026 11:32:17 AM,e7ca1105-8b8f-4dee-a332-17c93bb5c040,2.0,,,,,,,,,,,,,,,,,,,,,,,,,,,,,,,,,,,,,,,,,,,,,,,,,,,NA,"Brian, where are you?",
PLAYER_POSITIONS,123189,6/26/2026 11:32:17 AM,e7ca1105-8b8f-4dee-a332-17c93bb5c040,2.0,,,,,,,,,,,,,,,,,,,,,,,,,,,,,,,,,,,"(-10.6, 0.6, 5.3)","(-10.7, 0.9, 5.4)","(-10.5, 0.4, 5.4)",
PLAYER_POSITIONS,123189,6/26/2026 11:32:17 AM,e7ca1105-8b8f-4dee-a332-17c93bb5c040,2.0,,,,,,,,,,,,,,,,,,,,,,,,,,,,,,,,,,,"(-10.6, 0.6, 5.3)","(-10.7, 0.9, 5.4)","(-10.5, 0.4, 5.4)",
VOICE_CAPTURE,123243,6/26/2026 11:32:17 AM,e7ca1105-8b8f-4dee-a332-17c93bb5c040,2.0,,,,,,,,,,,,,,,,,,,,,,,,,,,,,,,,,,,,,,,,,,,,,,,,,,,NA,"Brian, where are you at right now?",
AUDIO_START,123568,6/26/2026 11:32:18 AM,e7ca1105-8b8f-4dee-a332-17c93bb5c040,2.0,taking fire from sector 6,4.022857,
PLAYER_POSITIONS,123716,6/26/2026 11:32:18 AM,e7ca1105-8b8f-4dee-a332-17c93bb5c040,2.0,,,,,,,,,,,,,,,,,,,,,,,,,,,,,,,,,,,"(-10.9, 0.6, 5.5)","(-10.8, 0.8, 5.6)","(-10.7, 0.3, 5.8)",
PLAYER_POSITIONS,123716,6/26/2026 11:32:18 AM,e7ca1105-8b8f-4dee-a332-17c93bb5c040,2.0,,,,,,,,,,,,,,,,,,,,,,,,,,,,,,,,,,,"(-10.9, 0.6, 5.5)","(-10.8, 0.8, 5.6)","(-10.7, 0.3, 5.8)",
VOICE_CAPTURE,123770,6/26/2026 11:32:18 AM,e7ca1105-8b8f-4dee-a332-17c93bb5c040,2.0,,,,,,,,,,,,,,,,,,,,,,,,,,,,,,,,,,,,,,,,,,,,,,,,,,,NA,"Brian, where are you at right now?",
VOICE_CAPTURE,123770,6/26/2026 11:32:18 AM,e7ca1105-8b8f-4dee-a332-17c93bb5c040,2.0,,,,,,,,,,,,,,,,,,,,,,,,,,,,,,,,,,,,,,,,,,,,,,,,,,,NA,"Brian, where are you at right now?",
VOICE_COMMAND,123770,6/26/2026 11:32:18 AM,e7ca1105-8b8f-4dee-a332-17c93bb5c040,2.0,,,,,,,,,,,,,,,,,,,,,,,,,,,,,,,,,,,,,,,,,,,,,,,,,,,"Brian, where are you at right now?",where are you,
INJURY_TREATED,123995,6/26/2026 11:32:18 AM,e7ca1105-8b8f-4dee-a332-17c93bb5c040,2.0,,,,,,,,,head,Unspecified,"(0.0, 0.0, 0.0)",none,1,1,none,True,False,,,,,,,Military PT 6,
TOOL_APPLIED,123995,6/26/2026 11:32:18 AM,e7ca1105-8b8f-4dee-a332-17c93bb5c040,2.0,,,,,,,,,,,,,,,,,,,,,,,,Military PT 6,,,,,,,,,,,,,,,,,,,,AppliedLollipop,Jaw (UnityEngine.GameObject),,Fentanyl Lollipop(Clone) (UnityEngine.GameObject),Fentanyl Lollipop,
BUTTON_CLICKED,124157,6/26/2026 11:32:18 AM,e7ca1105-8b8f-4dee-a332-17c93bb5c040,2.0,,,where are you,
VOICE_CAPTURE,124157,6/26/2026 11:32:18 AM,e7ca1105-8b8f-4dee-a332-17c93bb5c040,2.0,,,,,,,,,,,,,,,,,,,,,,,,,,,,,,,,,,,,,,,,,,,,,,,,,,,NA,where are you,
VOICE_COMMAND,124157,6/26/2026 11:32:18 AM,e7ca1105-8b8f-4dee-a332-17c93bb5c040,2.0,,,,,,,,,,,,,,,,,,,,,,,,Military PT 6,,,,,,,,,,,,,,,,,,,,,,,,,,,where are you,where are you,
PLAYER_POSITIONS,124229,6/26/2026 11:32:18 AM,e7ca1105-8b8f-4dee-a332-17c93bb5c040,2.0,,,,,,,,,,,,,,,,,,,,,,,,,,,,,,,,,,,"(-10.9, 0.6, 5.6)","(-10.7, 0.8, 5.6)","(-10.6, 0.2, 5.8)",
PLAYER_POSITIONS,124229,6/26/2026 11:32:18 AM,e7ca1105-8b8f-4dee-a332-17c93bb5c040,2.0,,,,,,,,,,,,,,,,,,,,,,,,,,,,,,,,,,,"(-10.9, 0.6, 5.6)","(-10.7, 0.8, 5.6)","(-10.6, 0.2, 5.8)",
VOICE_CAPTURE,124229,6/26/2026 11:32:18 AM,e7ca1105-8b8f-4dee-a332-17c93bb5c040,2.0,,,,,,,,,,,,,,,,,,,,,,,,,,,,,,,,,,,,,,,,,,,,,,,,,,,NA,Where are you at right now?,
VOICE_CAPTURE,124722,6/26/2026 11:32:19 AM,e7ca1105-8b8f-4dee-a332-17c93bb5c040,2.0,,,,,,,,,,,,,,,,,,,,,,,,,,,,,,,,,,,,,,,,,,,,,,,,,,,NA,Where are you at right now?,
PLAYER_POSITIONS,124748,6/26/2026 11:32:19 AM,e7ca1105-8b8f-4dee-a332-17c93bb5c040,2.0,,,,,,,,,,,,,,,,,,,,,,,,,,,,,,,,,,,"(-10.6, 0.6, 5.6)","(-10.7, 1.0, 5.4)","(-10.4, 0.5, 5.2)",
PLAYER_GAZE,124748,6/26/2026 11:32:19 AM,e7ca1105-8b8f-4dee-a332-17c93bb5c040,2.0,,,,,,,,,,,,,,,,,,,,,,,,Military PT 6,,,,,,,,,"(-0.6, 1.0, 0.1)",,,"(-10.1, 0.0, 5.2)",
PLAYER_POSITIONS,124748,6/26/2026 11:32:19 AM,e7ca1105-8b8f-4dee-a332-17c93bb5c040,2.0,,,,,,,,,,,,,,,,,,,,,,,,,,,,,,,,,,,"(-10.6, 0.6, 5.6)","(-10.7, 1.0, 5.4)","(-10.4, 0.5, 5.2)",
PLAYER_GAZE,124748,6/26/2026 11:32:19 AM,e7ca1105-8b8f-4dee-a332-17c93bb5c040,2.0,,,,,,,,,,,,,,,,,,,,,,,,Military PT 6,,,,,,,,,"(-0.6, 1.0, 0.1)",,,"(-10.1, 0.0, 5.2)",
PLAYER_POSITIONS,125261,6/26/2026 11:32:19 AM,e7ca1105-8b8f-4dee-a332-17c93bb5c040,2.0,,,,,,,,,,,,,,,,,,,,,,,,,,,,,,,,,,,"(-10.5, 0.5, 5.5)","(-10.7, 1.1, 5.2)","(-10.4, 0.7, 4.9)",
PLAYER_POSITIONS,125261,6/26/2026 11:32:19 AM,e7ca1105-8b8f-4dee-a332-17c93bb5c040,2.0,,,,,,,,,,,,,,,,,,,,,,,,,,,,,,,,,,,"(-10.5, 0.5, 5.5)","(-10.7, 1.1, 5.2)","(-10.4, 0.7, 4.9)",
PLAYER_POSITIONS,125773,6/26/2026 11:32:20 AM,e7ca1105-8b8f-4dee-a332-17c93bb5c040,2.0,,,,,,,,,,,,,,,,,,,,,,,,,,,,,,,,,,,"(-10.5, 0.5, 5.4)","(-10.6, 1.0, 5.1)","(-10.3, 0.6, 4.8)",
PLAYER_POSITIONS,125773,6/26/2026 11:32:20 AM,e7ca1105-8b8f-4dee-a332-17c93bb5c040,2.0,,,,,,,,,,,,,,,,,,,,,,,,,,,,,,,,,,,"(-10.5, 0.5, 5.4)","(-10.6, 1.0, 5.1)","(-10.3, 0.6, 4.8)",
PLAYER_POSITIONS,126287,6/26/2026 11:32:21 AM,e7ca1105-8b8f-4dee-a332-17c93bb5c040,2.0,,,,,,,,,,,,,,,,,,,,,,,,,,,,,,,,,,,"(-10.5, 0.5, 5.4)","(-10.6, 1.0, 5.1)","(-10.3, 0.5, 4.8)",
PLAYER_POSITIONS,126287,6/26/2026 11:32:21 AM,e7ca1105-8b8f-4dee-a332-17c93bb5c040,2.0,,,,,,,,,,,,,,,,,,,,,,,,,,,,,,,,,,,"(-10.5, 0.5, 5.4)","(-10.6, 1.0, 5.1)","(-10.3, 0.5, 4.8)",
TOOL_HOVER,126686,6/26/2026 11:32:21 AM,e7ca1105-8b8f-4dee-a332-17c93bb5c040,2.0,,,,,,,,,,,,,,,,,,,,,,,,,,,,,,,,,,,,,,,,,,,,,,999,,Nasal Airway,
PLAYER_POSITIONS,126814,6/26/2026 11:32:21 AM,e7ca1105-8b8f-4dee-a332-17c93bb5c040,2.0,,,,,,,,,,,,,,,,,,,,,,,,,,,,,,,,,,,"(-10.6, 0.6, 5.5)","(-10.5, 0.9, 5.0)","(-10.1, 0.4, 4.7)",
PLAYER_POSITIONS,126814,6/26/2026 11:32:21 AM,e7ca1105-8b8f-4dee-a332-17c93bb5c040,2.0,,,,,,,,,,,,,,,,,,,,,,,,,,,,,,,,,,,"(-10.6, 0.6, 5.5)","(-10.5, 0.9, 5.0)","(-10.1, 0.4, 4.7)",
TOOL_SELECTED,126924,6/26/2026 11:32:21 AM,e7ca1105-8b8f-4dee-a332-17c93bb5c040,2.0,,,,,,,,,,,,,,,,,,,,,,,,,,,,,,,,,,,,,,,,,,,,,,998,,Nasal Airway,
PLAYER_POSITIONS,127315,6/26/2026 11:32:22 AM,e7ca1105-8b8f-4dee-a332-17c93bb5c040,2.0,,,,,,,,,,,,,,,,,,,,,,,,,,,,,,,,,,,"(-10.6, 0.6, 5.5)","(-10.5, 0.9, 5.0)","(-10.1, 0.4, 4.8)",
PLAYER_POSITIONS,127315,6/26/2026 11:32:22 AM,e7ca1105-8b8f-4dee-a332-17c93bb5c040,2.0,,,,,,,,,,,,,,,,,,,,,,,,,,,,,,,,,,,"(-10.6, 0.6, 5.5)","(-10.5, 0.9, 5.0)","(-10.1, 0.4, 4.8)",
AUDIO_END,127591,6/26/2026 11:32:22 AM,e7ca1105-8b8f-4dee-a332-17c93bb5c040,2.0,taking fire from sector 6,4.022857,
NARRATIVE_SECTION_END,127591,6/26/2026 11:32:22 AM,e7ca1105-8b8f-4dee-a332-17c93bb5c040,2.0,,,,,,,,,,,,,,,,,,Taking fire from rooftop,15,
NARRATIVE_SECTION_START,127617,6/26/2026 11:32:22 AM,e7ca1105-8b8f-4dee-a332-17c93bb5c040,2.0,,,,,,,,,,,,,,,,,,Standby for mortar support,16,
PLAYER_POSITIONS,127818,6/26/2026 11:32:22 AM,e7ca1105-8b8f-4dee-a332-17c93bb5c040,2.0,,,,,,,,,,,,,,,,,,,,,,,,,,,,,,,,,,,"(-10.6, 0.6, 5.5)","(-10.5, 0.9, 5.1)","(-10.1, 0.5, 4.8)",
PLAYER_GAZE,127818,6/26/2026 11:32:22 AM,e7ca1105-8b8f-4dee-a332-17c93bb5c040,2.0,,,,,,,,,,,,,,,,,,,,,,,,Military PT 6,,,,,,,,,"(-0.5, 0.9, -0.2)",,,"(-10.1, 0.0, 5.2)",
PLAYER_POSITIONS,127818,6/26/2026 11:32:22 AM,e7ca1105-8b8f-4dee-a332-17c93bb5c040,2.0,,,,,,,,,,,,,,,,,,,,,,,,,,,,,,,,,,,"(-10.6, 0.6, 5.5)","(-10.5, 0.9, 5.1)","(-10.1, 0.5, 4.8)",
PLAYER_GAZE,127818,6/26/2026 11:32:22 AM,e7ca1105-8b8f-4dee-a332-17c93bb5c040,2.0,,,,,,,,,,,,,,,,,,,,,,,,Military PT 6,,,,,,,,,"(-0.5, 0.9, -0.2)",,,"(-10.1, 0.0, 5.2)",
PLAYER_POSITIONS,128330,6/26/2026 11:32:23 AM,e7ca1105-8b8f-4dee-a332-17c93bb5c040,2.0,,,,,,,,,,,,,,,,,,,,,,,,,,,,,,,,,,,"(-10.7, 0.6, 5.4)","(-10.7, 0.9, 5.3)","(-10.4, 0.5, 5.2)",
PLAYER_POSITIONS,128330,6/26/2026 11:32:23 AM,e7ca1105-8b8f-4dee-a332-17c93bb5c040,2.0,,,,,,,,,,,,,,,,,,,,,,,,,,,,,,,,,,,"(-10.7, 0.6, 5.4)","(-10.7, 0.9, 5.3)","(-10.4, 0.5, 5.2)",
TOOL_DISCARDED,128832,6/26/2026 11:32:23 AM,e7ca1105-8b8f-4dee-a332-17c93bb5c040,2.0,,,,,,,,,,,,,,,,,,,,,,,,Military PT 6,,,,,,,,,,,,"(-10.3, 0.5, 5.0)",,,,,,,,,,998,,Nasal Airway,
PLAYER_POSITIONS,128836,6/26/2026 11:32:23 AM,e7ca1105-8b8f-4dee-a332-17c93bb5c040,2.0,,,,,,,,,,,,,,,,,,,,,,,,,,,,,,,,,,,"(-10.7, 0.6, 5.4)","(-10.6, 0.9, 5.1)","(-10.3, 0.5, 4.9)",
PLAYER_POSITIONS,128836,6/26/2026 11:32:23 AM,e7ca1105-8b8f-4dee-a332-17c93bb5c040,2.0,,,,,,,,,,,,,,,,,,,,,,,,,,,,,,,,,,,"(-10.7, 0.6, 5.4)","(-10.6, 0.9, 5.1)","(-10.3, 0.5, 4.9)",
VOICE_CAPTURE,129240,6/26/2026 11:32:23 AM,e7ca1105-8b8f-4dee-a332-17c93bb5c040,2.0,,,,,,,,,,,,,,,,,,,,,,,,,,,,,,,,,,,,,,,,,,,,,,,,,,,NA,and,
TOOL_HOVER,129265,6/26/2026 11:32:23 AM,e7ca1105-8b8f-4dee-a332-17c93bb5c040,2.0,,,,,,,,,,,,,,,,,,,,,,,,,,,,,,,,,,,,,,,,,,,,,,999,,IV Blood,
PLAYER_POSITIONS,129343,6/26/2026 11:32:24 AM,e7ca1105-8b8f-4dee-a332-17c93bb5c040,2.0,,,,,,,,,,,,,,,,,,,,,,,,,,,,,,,,,,,"(-10.6, 0.6, 5.4)","(-10.5, 0.9, 5.0)","(-10.1, 0.5, 4.8)",
PLAYER_POSITIONS,129343,6/26/2026 11:32:24 AM,e7ca1105-8b8f-4dee-a332-17c93bb5c040,2.0,,,,,,,,,,,,,,,,,,,,,,,,,,,,,,,,,,,"(-10.6, 0.6, 5.4)","(-10.5, 0.9, 5.0)","(-10.1, 0.5, 4.8)",
AUDIO_START,129598,6/26/2026 11:32:24 AM,e7ca1105-8b8f-4dee-a332-17c93bb5c040,2.0,standby for mortar support,4.101224,
TOOL_SELECTED,129688,6/26/2026 11:32:24 AM,e7ca1105-8b8f-4dee-a332-17c93bb5c040,2.0,,,,,,,,,,,,,,,,,,,,,,,,,,,,,,,,,,,,,,,,,,,,,,998,,IV Blood,
VOICE_CAPTURE,129774,6/26/2026 11:32:24 AM,e7ca1105-8b8f-4dee-a332-17c93bb5c040,2.0,,,,,,,,,,,,,,,,,,,,,,,,,,,,,,,,,,,,,,,,,,,,,,,,,,,NA,and I hear it.,
PLAYER_POSITIONS,129855,6/26/2026 11:32:24 AM,e7ca1105-8b8f-4dee-a332-17c93bb5c040,2.0,,,,,,,,,,,,,,,,,,,,,,,,,,,,,,,,,,,"(-10.6, 0.6, 5.4)","(-10.4, 0.9, 5.0)","(-10.1, 0.5, 4.8)",
PLAYER_POSITIONS,129855,6/26/2026 11:32:24 AM,e7ca1105-8b8f-4dee-a332-17c93bb5c040,2.0,,,,,,,,,,,,,,,,,,,,,,,,,,,,,,,,,,,"(-10.6, 0.6, 5.4)","(-10.4, 0.9, 5.0)","(-10.1, 0.5, 4.8)",
VOICE_CAPTURE,130226,6/26/2026 11:32:24 AM,e7ca1105-8b8f-4dee-a332-17c93bb5c040,2.0,,,,,,,,,,,,,,,,,,,,,,,,,,,,,,,,,,,,,,,,,,,,,,,,,,,NA,"Ah no, you're always fine.",
PLAYER_POSITIONS,130365,6/26/2026 11:32:25 AM,e7ca1105-8b8f-4dee-a332-17c93bb5c040,2.0,,,,,,,,,,,,,,,,,,,,,,,,,,,,,,,,,,,"(-10.7, 0.6, 5.4)","(-10.6, 0.8, 5.3)","(-10.7, 0.2, 5.4)",
PLAYER_POSITIONS,130365,6/26/2026 11:32:25 AM,e7ca1105-8b8f-4dee-a332-17c93bb5c040,2.0,,,,,,,,,,,,,,,,,,,,,,,,,,,,,,,,,,,"(-10.7, 0.6, 5.4)","(-10.6, 0.8, 5.3)","(-10.7, 0.2, 5.4)",
TOOL_DISCARDED,130709,6/26/2026 11:32:25 AM,e7ca1105-8b8f-4dee-a332-17c93bb5c040,2.0,,,,,,,,,,,,,,,,,,,,,,,,Military PT 6,,,,,,,,,,,,"(-10.7, 0.1, 5.5)",,,,,,,,,,998,,IV Blood,
VOICE_CAPTURE,130714,6/26/2026 11:32:25 AM,e7ca1105-8b8f-4dee-a332-17c93bb5c040,2.0,,,,,,,,,,,,,,,,,,,,,,,,,,,,,,,,,,,,,,,,,,,,,,,,,,,NA,"Ah, no, you're always fine.",
PLAYER_POSITIONS,130893,6/26/2026 11:32:25 AM,e7ca1105-8b8f-4dee-a332-17c93bb5c040,2.0,,,,,,,,,,,,,,,,,,,,,,,,,,,,,,,,,,,"(-10.8, 0.6, 5.5)","(-10.7, 0.8, 5.4)","(-10.7, 0.1, 5.4)",
PLAYER_POSITIONS,130893,6/26/2026 11:32:25 AM,e7ca1105-8b8f-4dee-a332-17c93bb5c040,2.0,,,,,,,,,,,,,,,,,,,,,,,,,,,,,,,,,,,"(-10.8, 0.6, 5.5)","(-10.7, 0.8, 5.4)","(-10.7, 0.1, 5.4)",
VOICE_CAPTURE,131227,6/26/2026 11:32:25 AM,e7ca1105-8b8f-4dee-a332-17c93bb5c040,2.0,,,,,,,,,,,,,,,,,,,,,,,,,,,,,,,,,,,,,,,,,,,,,,,,,,,NA,"Ah, no, you're always fine.",
VOICE_CAPTURE,131227,6/26/2026 11:32:25 AM,e7ca1105-8b8f-4dee-a332-17c93bb5c040,2.0,,,,,,,,,,,,,,,,,,,,,,,,,,,,,,,,,,,,,,,,,,,,,,,,,,,NA,"Ah, no, you're always fine.",
PLAYER_POSITIONS,131409,6/26/2026 11:32:26 AM,e7ca1105-8b8f-4dee-a332-17c93bb5c040,2.0,,,,,,,,,,,,,,,,,,,,,,,,,,,,,,,,,,,"(-10.8, 0.6, 5.5)","(-10.6, 0.9, 5.3)","(-10.4, 0.4, 5.3)",
PLAYER_GAZE,131409,6/26/2026 11:32:26 AM,e7ca1105-8b8f-4dee-a332-17c93bb5c040,2.0,,,,,,,,,,,,,,,,,,,,,,,,Military PT 6,,,,,,,,,"(-0.6, 0.9, 0.0)",,,"(-10.1, 0.0, 5.2)",
PLAYER_POSITIONS,131409,6/26/2026 11:32:26 AM,e7ca1105-8b8f-4dee-a332-17c93bb5c040,2.0,,,,,,,,,,,,,,,,,,,,,,,,,,,,,,,,,,,"(-10.8, 0.6, 5.5)","(-10.6, 0.9, 5.3)","(-10.4, 0.4, 5.3)",
PLAYER_GAZE,131409,6/26/2026 11:32:26 AM,e7ca1105-8b8f-4dee-a332-17c93bb5c040,2.0,,,,,,,,,,,,,,,,,,,,,,,,Military PT 6,,,,,,,,,"(-0.6, 0.9, 0.0)",,,"(-10.1, 0.0, 5.2)",
VOICE_CAPTURE,131732,6/26/2026 11:32:26 AM,e7ca1105-8b8f-4dee-a332-17c93bb5c040,2.0,,,,,,,,,,,,,,,,,,,,,,,,,,,,,,,,,,,,,,,,,,,,,,,,,,,NA,Always fine.,
PLAYER_POSITIONS,131927,6/26/2026 11:32:26 AM,e7ca1105-8b8f-4dee-a332-17c93bb5c040,2.0,,,,,,,,,,,,,,,,,,,,,,,,,,,,,,,,,,,"(-10.7, 0.6, 5.5)","(-10.6, 0.9, 5.2)","(-10.1, 0.5, 4.8)",
PLAYER_POSITIONS,131927,6/26/2026 11:32:26 AM,e7ca1105-8b8f-4dee-a332-17c93bb5c040,2.0,,,,,,,,,,,,,,,,,,,,,,,,,,,,,,,,,,,"(-10.7, 0.6, 5.5)","(-10.6, 0.9, 5.2)","(-10.1, 0.5, 4.8)",
TOOL_HOVER,132202,6/26/2026 11:32:26 AM,e7ca1105-8b8f-4dee-a332-17c93bb5c040,2.0,,,,,,,,,,,,,,,,,,,,,,,,,,,,,,,,,,,,,,,,,,,,,,999,,IV Blood,
VOICE_CAPTURE,132245,6/26/2026 11:32:26 AM,e7ca1105-8b8f-4dee-a332-17c93bb5c040,2.0,,,,,,,,,,,,,,,,,,,,,,,,,,,,,,,,,,,,,,,,,,,,,,,,,,,NA,Always fine.,
PLAYER_POSITIONS,132439,6/26/2026 11:32:27 AM,e7ca1105-8b8f-4dee-a332-17c93bb5c040,2.0,,,,,,,,,,,,,,,,,,,,,,,,,,,,,,,,,,,"(-10.7, 0.6, 5.4)","(-10.5, 0.9, 5.1)","(-10.1, 0.5, 4.8)",
PLAYER_POSITIONS,132439,6/26/2026 11:32:27 AM,e7ca1105-8b8f-4dee-a332-17c93bb5c040,2.0,,,,,,,,,,,,,,,,,,,,,,,,,,,,,,,,,,,"(-10.7, 0.6, 5.4)","(-10.5, 0.9, 5.1)","(-10.1, 0.5, 4.8)",
TOOL_HOVER,132464,6/26/2026 11:32:27 AM,e7ca1105-8b8f-4dee-a332-17c93bb5c040,2.0,,,,,,,,,,,,,,,,,,,,,,,,,,,,,,,,,,,,,,,,,,,,,,999,,Nasal Airway,
TOOL_HOVER,132548,6/26/2026 11:32:27 AM,e7ca1105-8b8f-4dee-a332-17c93bb5c040,2.0,,,,,,,,,,,,,,,,,,,,,,,,,,,,,,,,,,,,,,,,,,,,,,999,,IV Blood,
TOOL_SELECTED,132576,6/26/2026 11:32:27 AM,e7ca1105-8b8f-4dee-a332-17c93bb5c040,2.0,,,,,,,,,,,,,,,,,,,,,,,,,,,,,,,,,,,,,,,,,,,,,,998,,IV Blood,
PLAYER_POSITIONS,132940,6/26/2026 11:32:27 AM,e7ca1105-8b8f-4dee-a332-17c93bb5c040,2.0,,,,,,,,,,,,,,,,,,,,,,,,,,,,,,,,,,,"(-10.7, 0.6, 5.4)","(-10.5, 0.9, 5.1)","(-10.1, 0.4, 4.9)",
PLAYER_POSITIONS,132940,6/26/2026 11:32:27 AM,e7ca1105-8b8f-4dee-a332-17c93bb5c040,2.0,,,,,,,,,,,,,,,,,,,,,,,,,,,,,,,,,,,"(-10.7, 0.6, 5.4)","(-10.5, 0.9, 5.1)","(-10.1, 0.4, 4.9)",
PLAYER_POSITIONS,133453,6/26/2026 11:32:28 AM,e7ca1105-8b8f-4dee-a332-17c93bb5c040,2.0,,,,,,,,,,,,,,,,,,,,,,,,,,,,,,,,,,,"(-10.7, 0.6, 5.4)","(-10.6, 0.8, 5.3)","(-10.3, 0.4, 5.1)",
PLAYER_POSITIONS,133453,6/26/2026 11:32:28 AM,e7ca1105-8b8f-4dee-a332-17c93bb5c040,2.0,,,,,,,,,,,,,,,,,,,,,,,,,,,,,,,,,,,"(-10.7, 0.6, 5.4)","(-10.6, 0.8, 5.3)","(-10.3, 0.4, 5.1)",
AUDIO_END,133717,6/26/2026 11:32:28 AM,e7ca1105-8b8f-4dee-a332-17c93bb5c040,2.0,standby for mortar support,4.101224,
NARRATIVE_SECTION_END,133717,6/26/2026 11:32:28 AM,e7ca1105-8b8f-4dee-a332-17c93bb5c040,2.0,,,,,,,,,,,,,,,,,,Standby for mortar support,16,
NARRATIVE_SECTION_START,133741,6/26/2026 11:32:28 AM,e7ca1105-8b8f-4dee-a332-17c93bb5c040,2.0,,,,,,,,,,,,,,,,,,Mortar rounds outbound,17,
PLAYER_POSITIONS,133966,6/26/2026 11:32:28 AM,e7ca1105-8b8f-4dee-a332-17c93bb5c040,2.0,,,,,,,,,,,,,,,,,,,,,,,,,,,,,,,,,,,"(-10.9, 0.6, 5.5)","(-10.7, 0.8, 5.5)","(-10.7, 0.2, 5.5)",
PLAYER_POSITIONS,133966,6/26/2026 11:32:28 AM,e7ca1105-8b8f-4dee-a332-17c93bb5c040,2.0,,,,,,,,,,,,,,,,,,,,,,,,,,,,,,,,,,,"(-10.9, 0.6, 5.5)","(-10.7, 0.8, 5.5)","(-10.7, 0.2, 5.5)",
PLAYER_POSITIONS,134481,6/26/2026 11:32:29 AM,e7ca1105-8b8f-4dee-a332-17c93bb5c040,2.0,,,,,,,,,,,,,,,,,,,,,,,,,,,,,,,,,,,"(-10.9, 0.6, 5.5)","(-10.7, 0.7, 5.6)","(-10.7, 0.1, 5.6)",
PLAYER_POSITIONS,134481,6/26/2026 11:32:29 AM,e7ca1105-8b8f-4dee-a332-17c93bb5c040,2.0,,,,,,,,,,,,,,,,,,,,,,,,,,,,,,,,,,,"(-10.9, 0.6, 5.5)","(-10.7, 0.7, 5.6)","(-10.7, 0.1, 5.6)",
INJURY_TREATED,134540,6/26/2026 11:32:29 AM,e7ca1105-8b8f-4dee-a332-17c93bb5c040,2.0,,,,,,,,,rightArm,Unspecified,"(0.0, 0.0, 0.0)",none,1,1,none,True,False,,,,,,,Military PT 6,
TOOL_APPLIED,134540,6/26/2026 11:32:29 AM,e7ca1105-8b8f-4dee-a332-17c93bb5c040,2.0,,,,,,,,,,,,,,,,,,,,,,,,Military PT 6,,,,,,,,,,,,,,,,,,,,AppliedBloodIV,RightArm (UnityEngine.GameObject),,IV Blood Bag(Clone) (UnityEngine.GameObject),IV Blood,
PLAYER_POSITIONS,134981,6/26/2026 11:32:29 AM,e7ca1105-8b8f-4dee-a332-17c93bb5c040,2.0,,,,,,,,,,,,,,,,,,,,,,,,,,,,,,,,,,,"(-10.9, 0.6, 5.5)","(-10.7, 0.8, 5.5)","(-10.7, 0.1, 5.6)",
PLAYER_POSITIONS,134981,6/26/2026 11:32:29 AM,e7ca1105-8b8f-4dee-a332-17c93bb5c040,2.0,,,,,,,,,,,,,,,,,,,,,,,,,,,,,,,,,,,"(-10.9, 0.6, 5.5)","(-10.7, 0.8, 5.5)","(-10.7, 0.1, 5.6)",
PULSE_TAKEN,135119,6/26/2026 11:32:29 AM,e7ca1105-8b8f-4dee-a332-17c93bb5c040,2.0,,,,,,,,,,,,,,,,,,,,,,,,Military PT 6,,,,pulse_fast,
VOICE_CAPTURE,135214,6/26/2026 11:32:29 AM,e7ca1105-8b8f-4dee-a332-17c93bb5c040,2.0,,,,,,,,,,,,,,,,,,,,,,,,,,,,,,,,,,,,,,,,,,,,,,,,,,,NA,"Yes, we do.",
PLAYER_POSITIONS,135503,6/26/2026 11:32:30 AM,e7ca1105-8b8f-4dee-a332-17c93bb5c040,2.0,,,,,,,,,,,,,,,,,,,,,,,,,,,,,,,,,,,"(-10.7, 0.6, 5.5)","(-10.7, 0.9, 5.4)","(-10.5, 0.3, 5.2)",
PLAYER_POSITIONS,135503,6/26/2026 11:32:30 AM,e7ca1105-8b8f-4dee-a332-17c93bb5c040,2.0,,,,,,,,,,,,,,,,,,,,,,,,,,,,,,,,,,,"(-10.7, 0.6, 5.5)","(-10.7, 0.9, 5.4)","(-10.5, 0.3, 5.2)",
VOICE_CAPTURE,135712,6/26/2026 11:32:30 AM,e7ca1105-8b8f-4dee-a332-17c93bb5c040,2.0,,,,,,,,,,,,,,,,,,,,,,,,,,,,,,,,,,,,,,,,,,,,,,,,,,,NA,"Yes, Windows.",
PLAYER_POSITIONS,136018,6/26/2026 11:32:30 AM,e7ca1105-8b8f-4dee-a332-17c93bb5c040,2.0,,,,,,,,,,,,,,,,,,,,,,,,,,,,,,,,,,,"(-10.5, 0.5, 5.4)","(-10.6, 0.9, 5.4)","(-10.5, 0.5, 5.1)",
PLAYER_POSITIONS,136018,6/26/2026 11:32:30 AM,e7ca1105-8b8f-4dee-a332-17c93bb5c040,2.0,,,,,,,,,,,,,,,,,,,,,,,,,,,,,,,,,,,"(-10.5, 0.5, 5.4)","(-10.6, 0.9, 5.4)","(-10.5, 0.5, 5.1)",
VOICE_CAPTURE,136197,6/26/2026 11:32:30 AM,e7ca1105-8b8f-4dee-a332-17c93bb5c040,2.0,,,,,,,,,,,,,,,,,,,,,,,,,,,,,,,,,,,,,,,,,,,,,,,,,,,NA,"Yes, Windows.",
VOICE_CAPTURE,136197,6/26/2026 11:32:30 AM,e7ca1105-8b8f-4dee-a332-17c93bb5c040,2.0,,,,,,,,,,,,,,,,,,,,,,,,,,,,,,,,,,,,,,,,,,,,,,,,,,,NA,"Yes, Windows.",
BAG_CLOSED,136334,6/26/2026 11:32:31 AM,e7ca1105-8b8f-4dee-a332-17c93bb5c040,2.0,,,,,,,,,,,,,,,,,,,,,,,,,,,,,,,,,,,,"(0.0, 0.0, 0.0)",
PLAYER_POSITIONS,136534,6/26/2026 11:32:31 AM,e7ca1105-8b8f-4dee-a332-17c93bb5c040,2.0,,,,,,,,,,,,,,,,,,,,,,,,,,,,,,,,,,,"(-10.5, 0.5, 5.3)","(-10.5, 1.0, 5.1)","(-10.4, 0.5, 5.0)",
PLAYER_GAZE,136534,6/26/2026 11:32:31 AM,e7ca1105-8b8f-4dee-a332-17c93bb5c040,2.0,,,,,,,,,,,,,,,,,,,,,,,,Military PT 6,,,,,,,,,"(-0.4, 1.0, -0.1)",,,"(-10.1, 0.0, 5.2)",
PLAYER_POSITIONS,136534,6/26/2026 11:32:31 AM,e7ca1105-8b8f-4dee-a332-17c93bb5c040,2.0,,,,,,,,,,,,,,,,,,,,,,,,,,,,,,,,,,,"(-10.5, 0.5, 5.3)","(-10.5, 1.0, 5.1)","(-10.4, 0.5, 5.0)",
PLAYER_GAZE,136534,6/26/2026 11:32:31 AM,e7ca1105-8b8f-4dee-a332-17c93bb5c040,2.0,,,,,,,,,,,,,,,,,,,,,,,,Military PT 6,,,,,,,,,"(-0.4, 1.0, -0.1)",,,"(-10.1, 0.0, 5.2)",
VOICE_CAPTURE,136732,6/26/2026 11:32:31 AM,e7ca1105-8b8f-4dee-a332-17c93bb5c040,2.0,,,,,,,,,,,,,,,,,,,,,,,,,,,,,,,,,,,,,,,,,,,,,,,,,,,NA,"Yes, Windows.",
PLAYER_POSITIONS,137060,6/26/2026 11:32:31 AM,e7ca1105-8b8f-4dee-a332-17c93bb5c040,2.0,,,,,,,,,,,,,,,,,,,,,,,,,,,,,,,,,,,"(-10.4, 0.5, 4.9)","(-10.6, 1.1, 4.6)","(-10.4, 0.5, 4.5)",
PLAYER_GAZE,137060,6/26/2026 11:32:31 AM,e7ca1105-8b8f-4dee-a332-17c93bb5c040,2.0,,,,,,,,,,,,,,,,,,,,,,,,Lifting NPC,,,,,,,,,"(-2.1, 1.1, 0.9)",,,"(-8.5, 0.0, 3.8)",
PLAYER_POSITIONS,137060,6/26/2026 11:32:31 AM,e7ca1105-8b8f-4dee-a332-17c93bb5c040,2.0,,,,,,,,,,,,,,,,,,,,,,,,,,,,,,,,,,,"(-10.4, 0.5, 4.9)","(-10.6, 1.1, 4.6)","(-10.4, 0.5, 4.5)",
PLAYER_GAZE,137060,6/26/2026 11:32:31 AM,e7ca1105-8b8f-4dee-a332-17c93bb5c040,2.0,,,,,,,,,,,,,,,,,,,,,,,,Lifting NPC,,,,,,,,,"(-2.1, 1.1, 0.9)",,,"(-8.5, 0.0, 3.8)",
VOICE_CAPTURE,137228,6/26/2026 11:32:31 AM,e7ca1105-8b8f-4dee-a332-17c93bb5c040,2.0,,,,,,,,,,,,,,,,,,,,,,,,,,,,,,,,,,,,,,,,,,,,,,,,,,,NA,"Yes, Windows.",
PLAYER_POSITIONS,137589,6/26/2026 11:32:32 AM,e7ca1105-8b8f-4dee-a332-17c93bb5c040,2.0,,,,,,,,,,,,,,,,,,,,,,,,,,,,,,,,,,,"(-10.1, 0.5, 4.2)","(-10.4, 1.1, 4.1)","(-10.2, 0.5, 3.8)",
PLAYER_POSITIONS,137589,6/26/2026 11:32:32 AM,e7ca1105-8b8f-4dee-a332-17c93bb5c040,2.0,,,,,,,,,,,,,,,,,,,,,,,,,,,,,,,,,,,"(-10.1, 0.5, 4.2)","(-10.4, 1.1, 4.1)","(-10.2, 0.5, 3.8)",
AUDIO_START,137737,6/26/2026 11:32:32 AM,e7ca1105-8b8f-4dee-a332-17c93bb5c040,2.0,mortar rounds outbound 10 seconds,4.571429,
PLAYER_POSITIONS,138104,6/26/2026 11:32:32 AM,e7ca1105-8b8f-4dee-a332-17c93bb5c040,2.0,,,,,,,,,,,,,,,,,,,,,,,,,,,,,,,,,,,"(-9.4, 0.5, 3.7)","(-9.7, 1.1, 3.5)","(-9.5, 0.5, 3.3)",
PLAYER_POSITIONS,138104,6/26/2026 11:32:32 AM,e7ca1105-8b8f-4dee-a332-17c93bb5c040,2.0,,,,,,,,,,,,,,,,,,,,,,,,,,,,,,,,,,,"(-9.4, 0.5, 3.7)","(-9.7, 1.1, 3.5)","(-9.5, 0.5, 3.3)",
PATIENT_DISENGAGED,138433,6/26/2026 11:32:33 AM,e7ca1105-8b8f-4dee-a332-17c93bb5c040,2.0,,,,54.81,,,,,,,,,,,,,,,,fast,100,Infinity,normal,Military PT 6,agony,supine,"(-10.1, 0.0, 5.2)",fast,"(0.0, 1.0, 0.0, 0.0)",normal,IMMEDIATE,still,,,,,,,,,,,,,,,,,59.29,
PLAYER_POSITIONS,138629,6/26/2026 11:32:33 AM,e7ca1105-8b8f-4dee-a332-17c93bb5c040,2.0,,,,,,,,,,,,,,,,,,,,,,,,,,,,,,,,,,,"(-8.8, 0.4, 3.0)","(-9.0, 1.0, 2.8)","(-8.9, 0.4, 2.6)",
PLAYER_POSITIONS,138629,6/26/2026 11:32:33 AM,e7ca1105-8b8f-4dee-a332-17c93bb5c040,2.0,,,,,,,,,,,,,,,,,,,,,,,,,,,,,,,,,,,"(-8.8, 0.4, 3.0)","(-9.0, 1.0, 2.8)","(-8.9, 0.4, 2.6)",
PLAYER_POSITIONS,139157,6/26/2026 11:32:33 AM,e7ca1105-8b8f-4dee-a332-17c93bb5c040,2.0,,,,,,,,,,,,,,,,,,,,,,,,,,,,,,,,,,,"(-7.9, 0.4, 2.6)","(-8.2, 0.9, 2.4)","(-8.0, 0.3, 2.2)",
PLAYER_POSITIONS,139157,6/26/2026 11:32:33 AM,e7ca1105-8b8f-4dee-a332-17c93bb5c040,2.0,,,,,,,,,,,,,,,,,,,,,,,,,,,,,,,,,,,"(-7.9, 0.4, 2.6)","(-8.2, 0.9, 2.4)","(-8.0, 0.3, 2.2)",
PLAYER_POSITIONS,139712,6/26/2026 11:32:34 AM,e7ca1105-8b8f-4dee-a332-17c93bb5c040,2.0,,,,,,,,,,,,,,,,,,,,,,,,,,,,,,,,,,,"(-7.2, 0.4, 2.2)","(-7.4, 0.9, 2.0)","(-7.3, 0.3, 1.8)",
PLAYER_POSITIONS,139712,6/26/2026 11:32:34 AM,e7ca1105-8b8f-4dee-a332-17c93bb5c040,2.0,,,,,,,,,,,,,,,,,,,,,,,,,,,,,,,,,,,"(-7.2, 0.4, 2.2)","(-7.4, 0.9, 2.0)","(-7.3, 0.3, 1.8)",
PLAYER_POSITIONS,140298,6/26/2026 11:32:35 AM,e7ca1105-8b8f-4dee-a332-17c93bb5c040,2.0,,,,,,,,,,,,,,,,,,,,,,,,,,,,,,,,,,,"(-7.2, 0.4, 2.2)","(-7.4, 0.9, 2.0)","(-7.2, 0.4, 1.8)",
PLAYER_POSITIONS,140298,6/26/2026 11:32:35 AM,e7ca1105-8b8f-4dee-a332-17c93bb5c040,2.0,,,,,,,,,,,,,,,,,,,,,,,,,,,,,,,,,,,"(-7.2, 0.4, 2.2)","(-7.4, 0.9, 2.0)","(-7.2, 0.4, 1.8)",
PLAYER_POSITIONS,140821,6/26/2026 11:32:35 AM,e7ca1105-8b8f-4dee-a332-17c93bb5c040,2.0,,,,,,,,,,,,,,,,,,,,,,,,,,,,,,,,,,,"(-7.4, 0.4, 1.5)","(-7.5, 0.9, 1.3)","(-7.4, 0.3, 1.1)",
PLAYER_POSITIONS,140821,6/26/2026 11:32:35 AM,e7ca1105-8b8f-4dee-a332-17c93bb5c040,2.0,,,,,,,,,,,,,,,,,,,,,,,,,,,,,,,,,,,"(-7.4, 0.4, 1.5)","(-7.5, 0.9, 1.3)","(-7.4, 0.3, 1.1)",
PLAYER_POSITIONS,141349,6/26/2026 11:32:36 AM,e7ca1105-8b8f-4dee-a332-17c93bb5c040,2.0,,,,,,,,,,,,,,,,,,,,,,,,,,,,,,,,,,,"(-6.9, 0.4, 1.4)","(-7.1, 0.8, 1.2)","(-6.9, 0.3, 1.2)",
PLAYER_POSITIONS,141349,6/26/2026 11:32:36 AM,e7ca1105-8b8f-4dee-a332-17c93bb5c040,2.0,,,,,,,,,,,,,,,,,,,,,,,,,,,,,,,,,,,"(-6.9, 0.4, 1.4)","(-7.1, 0.8, 1.2)","(-6.9, 0.3, 1.2)",
PLAYER_POSITIONS,141872,6/26/2026 11:32:36 AM,e7ca1105-8b8f-4dee-a332-17c93bb5c040,2.0,,,,,,,,,,,,,,,,,,,,,,,,,,,,,,,,,,,"(-6.9, 0.3, 1.3)","(-7.0, 0.8, 1.2)","(-6.8, 0.2, 1.3)",
PLAYER_POSITIONS,141872,6/26/2026 11:32:36 AM,e7ca1105-8b8f-4dee-a332-17c93bb5c040,2.0,,,,,,,,,,,,,,,,,,,,,,,,,,,,,,,,,,,"(-6.9, 0.3, 1.3)","(-7.0, 0.8, 1.2)","(-6.8, 0.2, 1.3)",
DRAG_START,142098,6/26/2026 11:32:36 AM,e7ca1105-8b8f-4dee-a332-17c93bb5c040,2.0,,,,,"(-6.8, 0.0, 2.1)",,,,,,,,,,,,,,,,,,,Military PT 1,
DRAG_START,142123,6/26/2026 11:32:36 AM,e7ca1105-8b8f-4dee-a332-17c93bb5c040,2.0,,,,,"(-6.8, 0.0, 2.1)",,,,,,,,,,,,,,,,,,,Military PT 1,
PULSE_TAKEN,142189,6/26/2026 11:32:36 AM,e7ca1105-8b8f-4dee-a332-17c93bb5c040,2.0,,,,,,,,,,,,,,,,,,,,,,,,Military PT 1,,,,pulse_faint,
PULSE_TAKEN,142194,6/26/2026 11:32:36 AM,e7ca1105-8b8f-4dee-a332-17c93bb5c040,2.0,,,,,,,,,,,,,,,,,,,,,,,,Military PT 1,,,,pulse_faint,
AUDIO_END,142317,6/26/2026 11:32:37 AM,e7ca1105-8b8f-4dee-a332-17c93bb5c040,2.0,mortar rounds outbound 10 seconds,4.571429,
NARRATIVE_SECTION_END,142317,6/26/2026 11:32:37 AM,e7ca1105-8b8f-4dee-a332-17c93bb5c040,2.0,,,,,,,,,,,,,,,,,,Mortar rounds outbound,17,
NARRATIVE_SECTION_START,142368,6/26/2026 11:32:37 AM,e7ca1105-8b8f-4dee-a332-17c93bb5c040,2.0,,,,,,,,,,,,,,,,,,Mortar hits,18,
PLAYER_POSITIONS,142373,6/26/2026 11:32:37 AM,e7ca1105-8b8f-4dee-a332-17c93bb5c040,2.0,,,,,,,,,,,,,,,,,,,,,,,,,,,,,,,,,,,"(-6.9, 0.3, 1.3)","(-6.9, 0.8, 1.2)","(-6.8, 0.2, 1.3)",
PLAYER_POSITIONS,142373,6/26/2026 11:32:37 AM,e7ca1105-8b8f-4dee-a332-17c93bb5c040,2.0,,,,,,,,,,,,,,,,,,,,,,,,,,,,,,,,,,,"(-6.9, 0.3, 1.3)","(-6.9, 0.8, 1.2)","(-6.8, 0.2, 1.3)",
PLAYER_POSITIONS,142900,6/26/2026 11:32:37 AM,e7ca1105-8b8f-4dee-a332-17c93bb5c040,2.0,,,,,,,,,,,,,,,,,,,,,,,,,,,,,,,,,,,"(-7.0, 0.4, 1.4)","(-7.1, 0.9, 1.3)","(-6.9, 0.3, 1.3)",
PLAYER_POSITIONS,142900,6/26/2026 11:32:37 AM,e7ca1105-8b8f-4dee-a332-17c93bb5c040,2.0,,,,,,,,,,,,,,,,,,,,,,,,,,,,,,,,,,,"(-7.0, 0.4, 1.4)","(-7.1, 0.9, 1.3)","(-6.9, 0.3, 1.3)",
PLAYER_POSITIONS,143403,6/26/2026 11:32:38 AM,e7ca1105-8b8f-4dee-a332-17c93bb5c040,2.0,,,,,,,,,,,,,,,,,,,,,,,,,,,,,,,,,,,"(-7.0, 0.5, 1.2)","(-7.2, 0.9, 1.1)","(-7.0, 0.3, 1.1)",
PLAYER_POSITIONS,143403,6/26/2026 11:32:38 AM,e7ca1105-8b8f-4dee-a332-17c93bb5c040,2.0,,,,,,,,,,,,,,,,,,,,,,,,,,,,,,,,,,,"(-7.0, 0.5, 1.2)","(-7.2, 0.9, 1.1)","(-7.0, 0.3, 1.1)",
PLAYER_POSITIONS,143903,6/26/2026 11:32:38 AM,e7ca1105-8b8f-4dee-a332-17c93bb5c040,2.0,,,,,,,,,,,,,,,,,,,,,,,,,,,,,,,,,,,"(-7.7, 0.4, 1.2)","(-7.9, 0.9, 1.0)","(-7.6, 0.3, 1.0)",
PLAYER_POSITIONS,143903,6/26/2026 11:32:38 AM,e7ca1105-8b8f-4dee-a332-17c93bb5c040,2.0,,,,,,,,,,,,,,,,,,,,,,,,,,,,,,,,,,,"(-7.7, 0.4, 1.2)","(-7.9, 0.9, 1.0)","(-7.6, 0.3, 1.0)",
PATIENT_ENGAGED,144209,6/26/2026 11:32:38 AM,e7ca1105-8b8f-4dee-a332-17c93bb5c040,2.0,,,,0,,,,,,,,,,,,,,,,normal,100,Infinity,normal,Military PT 11,panic,standing,"(-6.5, -0.1, -0.3)",normal,"(0.0, -0.6, 0.0, 0.8)",normal,MINIMAL,still,,,,,,,,,,,,,,,,,0,
VOICE_CAPTURE,144212,6/26/2026 11:32:38 AM,e7ca1105-8b8f-4dee-a332-17c93bb5c040,2.0,,,,,,,,,,,,,,,,,,,,,,,,,,,,,,,,,,,,,,,,,,,,,,,,,,,NA,Let's get you.,
PLAYER_POSITIONS,144405,6/26/2026 11:32:39 AM,e7ca1105-8b8f-4dee-a332-17c93bb5c040,2.0,,,,,,,,,,,,,,,,,,,,,,,,,,,,,,,,,,,"(-8.1, 0.4, 1.2)","(-8.3, 0.9, 0.9)","(-8.0, 0.3, 0.9)",
PLAYER_GAZE,144405,6/26/2026 11:32:39 AM,e7ca1105-8b8f-4dee-a332-17c93bb5c040,2.0,,,,,,,,,,,,,,,,,,,,,,,,Military PT 11,,,,,,,,,"(-1.8, 0.9, 1.2)",,,"(-6.4, 0.0, -0.3)",
PLAYER_POSITIONS,144405,6/26/2026 11:32:39 AM,e7ca1105-8b8f-4dee-a332-17c93bb5c040,2.0,,,,,,,,,,,,,,,,,,,,,,,,,,,,,,,,,,,"(-8.1, 0.4, 1.2)","(-8.3, 0.9, 0.9)","(-8.0, 0.3, 0.9)",
PLAYER_GAZE,144405,6/26/2026 11:32:39 AM,e7ca1105-8b8f-4dee-a332-17c93bb5c040,2.0,,,,,,,,,,,,,,,,,,,,,,,,Military PT 11,,,,,,,,,"(-1.8, 0.9, 1.2)",,,"(-6.4, 0.0, -0.3)",
PATIENT_DISENGAGED,144652,6/26/2026 11:32:39 AM,e7ca1105-8b8f-4dee-a332-17c93bb5c040,2.0,,,,0.46,,,,,,,,,,,,,,,,normal,100,Infinity,normal,Military PT 11,panic,standing,"(-6.5, -0.1, -0.4)",normal,"(0.0, -0.6, 0.0, 0.8)",normal,MINIMAL,still,,,,,,,,,,,,,,,,,0.46,
VOICE_CAPTURE,144752,6/26/2026 11:32:39 AM,e7ca1105-8b8f-4dee-a332-17c93bb5c040,2.0,,,,,,,,,,,,,,,,,,,,,,,,,,,,,,,,,,,,,,,,,,,,,,,,,,,NA,Let's get you a little...,
PLAYER_POSITIONS,144918,6/26/2026 11:32:39 AM,e7ca1105-8b8f-4dee-a332-17c93bb5c040,2.0,,,,,,,,,,,,,,,,,,,,,,,,,,,,,,,,,,,"(-8.4, 0.4, 0.9)","(-8.6, 0.9, 0.8)","(-8.4, 0.3, 0.6)",
PLAYER_POSITIONS,144918,6/26/2026 11:32:39 AM,e7ca1105-8b8f-4dee-a332-17c93bb5c040,2.0,,,,,,,,,,,,,,,,,,,,,,,,,,,,,,,,,,,"(-8.4, 0.4, 0.9)","(-8.6, 0.9, 0.8)","(-8.4, 0.3, 0.6)",
VOICE_CAPTURE,145308,6/26/2026 11:32:40 AM,e7ca1105-8b8f-4dee-a332-17c93bb5c040,2.0,,,,,,,,,,,,,,,,,,,,,,,,,,,,,,,,,,,,,,,,,,,,,,,,,,,NA,Let's get you a little bit more into...,
PLAYER_POSITIONS,145418,6/26/2026 11:32:40 AM,e7ca1105-8b8f-4dee-a332-17c93bb5c040,2.0,,,,,,,,,,,,,,,,,,,,,,,,,,,,,,,,,,,"(-8.7, 0.4, 0.5)","(-8.8, 0.9, 0.6)","(-8.8, 0.3, 0.3)",
PLAYER_POSITIONS,145418,6/26/2026 11:32:40 AM,e7ca1105-8b8f-4dee-a332-17c93bb5c040,2.0,,,,,,,,,,,,,,,,,,,,,,,,,,,,,,,,,,,"(-8.7, 0.4, 0.5)","(-8.8, 0.9, 0.6)","(-8.8, 0.3, 0.3)",
DRAG_STOP,145618,6/26/2026 11:32:40 AM,e7ca1105-8b8f-4dee-a332-17c93bb5c040,2.0,,,,,"(-6.8, 0.0, 2.1)","(-8.0, 0.0, 0.4)",,,,,,,,,,,,,,,,,,Military PT 1,
DRAG_STOP,145618,6/26/2026 11:32:40 AM,e7ca1105-8b8f-4dee-a332-17c93bb5c040,2.0,,,,,"(-6.8, 0.0, 2.1)","(-8.0, 0.0, 0.4)",,,,,,,,,,,,,,,,,,Military PT 1,
DRAG_STOP,145618,6/26/2026 11:32:40 AM,e7ca1105-8b8f-4dee-a332-17c93bb5c040,2.0,,,,,"(-6.8, 0.0, 2.1)","(-8.0, 0.0, 0.4)",,,,,,,,,,,,,,,,,,Military PT 1,
PULSE_TAKEN,145637,6/26/2026 11:32:40 AM,e7ca1105-8b8f-4dee-a332-17c93bb5c040,2.0,,,,,,,,,,,,,,,,,,,,,,,,Military PT 1,,,,pulse_faint,
PATIENT_ENGAGED,145738,6/26/2026 11:32:40 AM,e7ca1105-8b8f-4dee-a332-17c93bb5c040,2.0,,,,0,,,,,,,,,,,,,,,,collapsedRight,100,Infinity,normal,Military PT 1,unresponsive,supine,"(-8.1, -0.1, 0.5)",faint,"(0.0, 0.9, 0.0, 0.4)",normal,IMMEDIATE,still,,,,,,,,,,,,,,,,,0,
VOICE_CAPTURE,145781,6/26/2026 11:32:40 AM,e7ca1105-8b8f-4dee-a332-17c93bb5c040,2.0,,,,,,,,,,,,,,,,,,,,,,,,,,,,,,,,,,,,,,,,,,,,,,,,,,,NA,Let's get you a little bit more into cover.,
DRAG_STOP,145809,6/26/2026 11:32:40 AM,e7ca1105-8b8f-4dee-a332-17c93bb5c040,2.0,,,,,"(-6.8, 0.0, 2.1)","(-8.0, 0.0, 0.4)",,,,,,,,,,,,,,,,,,Military PT 1,
PLAYER_POSITIONS,145940,6/26/2026 11:32:40 AM,e7ca1105-8b8f-4dee-a332-17c93bb5c040,2.0,,,,,,,,,,,,,,,,,,,,,,,,,,,,,,,,,,,"(-8.7, 0.4, 0.6)","(-8.9, 0.8, 0.6)","(-8.8, 0.3, 0.4)",
PLAYER_GAZE,145940,6/26/2026 11:32:40 AM,e7ca1105-8b8f-4dee-a332-17c93bb5c040,2.0,,,,,,,,,,,,,,,,,,,,,,,,Military PT 1,,,,,,,,,"(-0.9, 0.8, 0.1)",,,"(-8.0, 0.0, 0.4)",
PLAYER_POSITIONS,145940,6/26/2026 11:32:40 AM,e7ca1105-8b8f-4dee-a332-17c93bb5c040,2.0,,,,,,,,,,,,,,,,,,,,,,,,,,,,,,,,,,,"(-8.7, 0.4, 0.6)","(-8.9, 0.8, 0.6)","(-8.8, 0.3, 0.4)",
PLAYER_GAZE,145940,6/26/2026 11:32:40 AM,e7ca1105-8b8f-4dee-a332-17c93bb5c040,2.0,,,,,,,,,,,,,,,,,,,,,,,,Military PT 1,,,,,,,,,"(-0.9, 0.8, 0.1)",,,"(-8.0, 0.0, 0.4)",
DRAG_STOP,146229,6/26/2026 11:32:40 AM,e7ca1105-8b8f-4dee-a332-17c93bb5c040,2.0,,,,,"(-6.8, 0.0, 2.1)","(-8.0, 0.0, 0.4)",,,,,,,,,,,,,,,,,,Military PT 1,
VOICE_CAPTURE,146301,6/26/2026 11:32:41 AM,e7ca1105-8b8f-4dee-a332-17c93bb5c040,2.0,,,,,,,,,,,,,,,,,,,,,,,,,,,,,,,,,,,,,,,,,,,,,,,,,,,NA,Let's get you a little bit more into cover here.,
PLAYER_POSITIONS,146466,6/26/2026 11:32:41 AM,e7ca1105-8b8f-4dee-a332-17c93bb5c040,2.0,,,,,,,,,,,,,,,,,,,,,,,,,,,,,,,,,,,"(-8.8, 0.3, 0.7)","(-9.0, 0.8, 0.6)","(-8.9, 0.3, 0.3)",
PLAYER_POSITIONS,146466,6/26/2026 11:32:41 AM,e7ca1105-8b8f-4dee-a332-17c93bb5c040,2.0,,,,,,,,,,,,,,,,,,,,,,,,,,,,,,,,,,,"(-8.8, 0.3, 0.7)","(-9.0, 0.8, 0.6)","(-8.9, 0.3, 0.3)",
VOICE_CAPTURE,146745,6/26/2026 11:32:41 AM,e7ca1105-8b8f-4dee-a332-17c93bb5c040,2.0,,,,,,,,,,,,,,,,,,,,,,,,,,,,,,,,,,,,,,,,,,,,,,,,,,,NA,Let's get you a little bit more into cover here. bit more into cover here.,
PLAYER_POSITIONS,146967,6/26/2026 11:32:41 AM,e7ca1105-8b8f-4dee-a332-17c93bb5c040,2.0,,,,,,,,,,,,,,,,,,,,,,,,,,,,,,,,,,,"(-8.8, 0.4, 0.8)","(-8.9, 0.9, 0.7)","(-9.0, 0.3, 0.5)",
PLAYER_POSITIONS,146967,6/26/2026 11:32:41 AM,e7ca1105-8b8f-4dee-a332-17c93bb5c040,2.0,,,,,,,,,,,,,,,,,,,,,,,,,,,,,,,,,,,"(-8.8, 0.4, 0.8)","(-8.9, 0.9, 0.7)","(-9.0, 0.3, 0.5)",
VOICE_CAPTURE,147274,6/26/2026 11:32:41 AM,e7ca1105-8b8f-4dee-a332-17c93bb5c040,2.0,,,,,,,,,,,,,,,,,,,,,,,,,,,,,,,,,,,,,,,,,,,,,,,,,,,NA,Let's get you a little bit more into cover here. bit more into cover here.,
VOICE_CAPTURE,147274,6/26/2026 11:32:41 AM,e7ca1105-8b8f-4dee-a332-17c93bb5c040,2.0,,,,,,,,,,,,,,,,,,,,,,,,,,,,,,,,,,,,,,,,,,,,,,,,,,,NA,Let's get you a little bit more into cover here. bit more into cover here.,
PLAYER_POSITIONS,147468,6/26/2026 11:32:42 AM,e7ca1105-8b8f-4dee-a332-17c93bb5c040,2.0,,,,,,,,,,,,,,,,,,,,,,,,,,,,,,,,,,,"(-8.4, 0.4, 0.9)","(-8.6, 0.9, 0.8)","(-8.6, 0.4, 0.5)",
PLAYER_POSITIONS,147468,6/26/2026 11:32:42 AM,e7ca1105-8b8f-4dee-a332-17c93bb5c040,2.0,,,,,,,,,,,,,,,,,,,,,,,,,,,,,,,,,,,"(-8.4, 0.4, 0.9)","(-8.6, 0.9, 0.8)","(-8.6, 0.4, 0.5)",
DRAG_STOP,147526,6/26/2026 11:32:42 AM,e7ca1105-8b8f-4dee-a332-17c93bb5c040,2.0,,,,,"(-6.8, 0.0, 2.1)","(-8.0, 0.0, 0.4)",,,,,,,,,,,,,,,,,,Military PT 1,
PLAYER_POSITIONS,147981,6/26/2026 11:32:42 AM,e7ca1105-8b8f-4dee-a332-17c93bb5c040,2.0,,,,,,,,,,,,,,,,,,,,,,,,,,,,,,,,,,,"(-8.4, 0.4, 0.8)","(-8.6, 0.9, 0.9)","(-8.8, 0.4, 0.7)",
PLAYER_POSITIONS,147981,6/26/2026 11:32:42 AM,e7ca1105-8b8f-4dee-a332-17c93bb5c040,2.0,,,,,,,,,,,,,,,,,,,,,,,,,,,,,,,,,,,"(-8.4, 0.4, 0.8)","(-8.6, 0.9, 0.9)","(-8.8, 0.4, 0.7)",
PLAYER_POSITIONS,148496,6/26/2026 11:32:43 AM,e7ca1105-8b8f-4dee-a332-17c93bb5c040,2.0,,,,,,,,,,,,,,,,,,,,,,,,,,,,,,,,,,,"(-8.4, 0.4, 0.8)","(-8.7, 0.8, 0.9)","(-8.8, 0.2, 0.7)",
PLAYER_POSITIONS,148496,6/26/2026 11:32:43 AM,e7ca1105-8b8f-4dee-a332-17c93bb5c040,2.0,,,,,,,,,,,,,,,,,,,,,,,,,,,,,,,,,,,"(-8.4, 0.4, 0.8)","(-8.7, 0.8, 0.9)","(-8.8, 0.2, 0.7)",
PULSE_TAKEN,148845,6/26/2026 11:32:43 AM,e7ca1105-8b8f-4dee-a332-17c93bb5c040,2.0,,,,,,,,,,,,,,,,,,,,,,,,Military PT 1,,,,pulse_faint,
PLAYER_POSITIONS,148997,6/26/2026 11:32:43 AM,e7ca1105-8b8f-4dee-a332-17c93bb5c040,2.0,,,,,,,,,,,,,,,,,,,,,,,,,,,,,,,,,,,"(-8.5, 0.4, 0.9)","(-8.8, 0.7, 0.7)","(-8.8, 0.1, 0.5)",
PLAYER_POSITIONS,148997,6/26/2026 11:32:43 AM,e7ca1105-8b8f-4dee-a332-17c93bb5c040,2.0,,,,,,,,,,,,,,,,,,,,,,,,,,,,,,,,,,,"(-8.5, 0.4, 0.9)","(-8.8, 0.7, 0.7)","(-8.8, 0.1, 0.5)",
VOICE_CAPTURE,149234,6/26/2026 11:32:43 AM,e7ca1105-8b8f-4dee-a332-17c93bb5c040,2.0,,,,,,,,,,,,,,,,,,,,,,,,,,,,,,,,,,,,,,,,,,,,,,,,,,,NA,Thank you.,
PLAYER_POSITIONS,149511,6/26/2026 11:32:44 AM,e7ca1105-8b8f-4dee-a332-17c93bb5c040,2.0,,,,,,,,,,,,,,,,,,,,,,,,,,,,,,,,,,,"(-8.4, 0.4, 0.9)","(-8.8, 0.7, 0.7)","(-8.8, 0.1, 0.5)",
PLAYER_POSITIONS,149511,6/26/2026 11:32:44 AM,e7ca1105-8b8f-4dee-a332-17c93bb5c040,2.0,,,,,,,,,,,,,,,,,,,,,,,,,,,,,,,,,,,"(-8.4, 0.4, 0.9)","(-8.8, 0.7, 0.7)","(-8.8, 0.1, 0.5)",
VOICE_CAPTURE,149747,6/26/2026 11:32:44 AM,e7ca1105-8b8f-4dee-a332-17c93bb5c040,2.0,,,,,,,,,,,,,,,,,,,,,,,,,,,,,,,,,,,,,,,,,,,,,,,,,,,NA,Thank you.,
VOICE_CAPTURE,149747,6/26/2026 11:32:44 AM,e7ca1105-8b8f-4dee-a332-17c93bb5c040,2.0,,,,,,,,,,,,,,,,,,,,,,,,,,,,,,,,,,,,,,,,,,,,,,,,,,,NA,Thank you.,
PLAYER_POSITIONS,150024,6/26/2026 11:32:44 AM,e7ca1105-8b8f-4dee-a332-17c93bb5c040,2.0,,,,,,,,,,,,,,,,,,,,,,,,,,,,,,,,,,,"(-8.4, 0.4, 0.9)","(-8.8, 0.7, 0.7)","(-8.8, 0.1, 0.5)",
PLAYER_POSITIONS,150024,6/26/2026 11:32:44 AM,e7ca1105-8b8f-4dee-a332-17c93bb5c040,2.0,,,,,,,,,,,,,,,,,,,,,,,,,,,,,,,,,,,"(-8.4, 0.4, 0.9)","(-8.8, 0.7, 0.7)","(-8.8, 0.1, 0.5)",
DRAG_STOP,150280,6/26/2026 11:32:45 AM,e7ca1105-8b8f-4dee-a332-17c93bb5c040,2.0,,,,,"(-6.8, 0.0, 2.1)","(-8.0, 0.0, 0.4)",,,,,,,,,,,,,,,,,,Military PT 1,
PLAYER_POSITIONS,150530,6/26/2026 11:32:45 AM,e7ca1105-8b8f-4dee-a332-17c93bb5c040,2.0,,,,,,,,,,,,,,,,,,,,,,,,,,,,,,,,,,,"(-8.4, 0.4, 0.8)","(-8.8, 0.8, 0.8)","(-9.1, 0.5, 0.6)",
PLAYER_POSITIONS,150530,6/26/2026 11:32:45 AM,e7ca1105-8b8f-4dee-a332-17c93bb5c040,2.0,,,,,,,,,,,,,,,,,,,,,,,,,,,,,,,,,,,"(-8.4, 0.4, 0.8)","(-8.8, 0.8, 0.8)","(-9.1, 0.5, 0.6)",
PLAYER_POSITIONS,151058,6/26/2026 11:32:45 AM,e7ca1105-8b8f-4dee-a332-17c93bb5c040,2.0,,,,,,,,,,,,,,,,,,,,,,,,,,,,,,,,,,,"(-8.4, 0.4, 0.7)","(-8.8, 0.9, 0.8)","(-9.1, 0.3, 0.7)",
PLAYER_POSITIONS,151058,6/26/2026 11:32:45 AM,e7ca1105-8b8f-4dee-a332-17c93bb5c040,2.0,,,,,,,,,,,,,,,,,,,,,,,,,,,,,,,,,,,"(-8.4, 0.4, 0.7)","(-8.8, 0.9, 0.8)","(-9.1, 0.3, 0.7)",
PLAYER_POSITIONS,151586,6/26/2026 11:32:46 AM,e7ca1105-8b8f-4dee-a332-17c93bb5c040,2.0,,,,,,,,,,,,,,,,,,,,,,,,,,,,,,,,,,,"(-8.4, 0.3, 0.7)","(-8.8, 0.9, 0.8)","(-9.1, 0.3, 0.7)",
PLAYER_POSITIONS,151586,6/26/2026 11:32:46 AM,e7ca1105-8b8f-4dee-a332-17c93bb5c040,2.0,,,,,,,,,,,,,,,,,,,,,,,,,,,,,,,,,,,"(-8.4, 0.3, 0.7)","(-8.8, 0.9, 0.8)","(-9.1, 0.3, 0.7)",
PLAYER_POSITIONS,152095,6/26/2026 11:32:46 AM,e7ca1105-8b8f-4dee-a332-17c93bb5c040,2.0,,,,,,,,,,,,,,,,,,,,,,,,,,,,,,,,,,,"(-8.4, 0.4, 0.7)","(-8.8, 0.8, 0.8)","(-8.9, 0.4, 0.5)",
PLAYER_POSITIONS,152095,6/26/2026 11:32:46 AM,e7ca1105-8b8f-4dee-a332-17c93bb5c040,2.0,,,,,,,,,,,,,,,,,,,,,,,,,,,,,,,,,,,"(-8.4, 0.4, 0.7)","(-8.8, 0.8, 0.8)","(-8.9, 0.4, 0.5)",
TOOL_HOVER,152162,6/26/2026 11:32:46 AM,e7ca1105-8b8f-4dee-a332-17c93bb5c040,2.0,,,,,,,,,,,,,,,,,,,,,,,,,,,,,,,,,,,,,,,,,,,,,,998,,Tourniquet,
VOICE_CAPTURE,152236,6/26/2026 11:32:46 AM,e7ca1105-8b8f-4dee-a332-17c93bb5c040,2.0,,,,,,,,,,,,,,,,,,,,,,,,,,,,,,,,,,,,,,,,,,,,,,,,,,,NA,All right.,
AUDIO_START,152396,6/26/2026 11:32:47 AM,e7ca1105-8b8f-4dee-a332-17c93bb5c040,2.0,mortar hits 1,19.77469,
PLAYER_POSITIONS,152608,6/26/2026 11:32:47 AM,e7ca1105-8b8f-4dee-a332-17c93bb5c040,2.0,,,,,,,,,,,,,,,,,,,,,,,,,,,,,,,,,,,"(-8.4, 0.4, 0.8)","(-8.8, 0.8, 0.8)","(-9.1, 0.5, 0.5)",
PLAYER_POSITIONS,152608,6/26/2026 11:32:47 AM,e7ca1105-8b8f-4dee-a332-17c93bb5c040,2.0,,,,,,,,,,,,,,,,,,,,,,,,,,,,,,,,,,,"(-8.4, 0.4, 0.8)","(-8.8, 0.8, 0.8)","(-9.1, 0.5, 0.5)",
VOICE_CAPTURE,152734,6/26/2026 11:32:47 AM,e7ca1105-8b8f-4dee-a332-17c93bb5c040,2.0,,,,,,,,,,,,,,,,,,,,,,,,,,,,,,,,,,,,,,,,,,,,,,,,,,,NA,"Alright, yep.",
TOOL_HOVER,152870,6/26/2026 11:32:47 AM,e7ca1105-8b8f-4dee-a332-17c93bb5c040,2.0,,,,,,,,,,,,,,,,,,,,,,,,,,,,,,,,,,,,,,,,,,,,,,998,,IV Blood,
TOOL_HOVER,152954,6/26/2026 11:32:47 AM,e7ca1105-8b8f-4dee-a332-17c93bb5c040,2.0,,,,,,,,,,,,,,,,,,,,,,,,,,,,,,,,,,,,,,,,,,,,,,999,,Nasal Airway,
PLAYER_POSITIONS,153128,6/26/2026 11:32:47 AM,e7ca1105-8b8f-4dee-a332-17c93bb5c040,2.0,,,,,,,,,,,,,,,,,,,,,,,,,,,,,,,,,,,"(-8.4, 0.4, 0.7)","(-8.9, 0.9, 0.9)","(-9.3, 0.6, 0.8)",
PLAYER_POSITIONS,153128,6/26/2026 11:32:47 AM,e7ca1105-8b8f-4dee-a332-17c93bb5c040,2.0,,,,,,,,,,,,,,,,,,,,,,,,,,,,,,,,,,,"(-8.4, 0.4, 0.7)","(-8.9, 0.9, 0.9)","(-9.3, 0.6, 0.8)",
TOOL_HOVER,153262,6/26/2026 11:32:47 AM,e7ca1105-8b8f-4dee-a332-17c93bb5c040,2.0,,,,,,,,,,,,,,,,,,,,,,,,,,,,,,,,,,,,,,,,,,,,,,999,,Decompression Needle,
VOICE_CAPTURE,153266,6/26/2026 11:32:47 AM,e7ca1105-8b8f-4dee-a332-17c93bb5c040,2.0,,,,,,,,,,,,,,,,,,,,,,,,,,,,,,,,,,,,,,,,,,,,,,,,,,,NA,"Alright, we have a pulse.",
PLAYER_POSITIONS,153627,6/26/2026 11:32:48 AM,e7ca1105-8b8f-4dee-a332-17c93bb5c040,2.0,,,,,,,,,,,,,,,,,,,,,,,,,,,,,,,,,,,"(-8.4, 0.3, 0.7)","(-8.8, 0.9, 0.9)","(-9.2, 0.6, 0.9)",
PLAYER_POSITIONS,153627,6/26/2026 11:32:48 AM,e7ca1105-8b8f-4dee-a332-17c93bb5c040,2.0,,,,,,,,,,,,,,,,,,,,,,,,,,,,,,,,,,,"(-8.4, 0.3, 0.7)","(-8.8, 0.9, 0.9)","(-9.2, 0.6, 0.9)",
TOOL_SELECTED,153737,6/26/2026 11:32:48 AM,e7ca1105-8b8f-4dee-a332-17c93bb5c040,2.0,,,,,,,,,,,,,,,,,,,,,,,,,,,,,,,,,,,,,,,,,,,,,,998,,Decompression Needle,
VOICE_CAPTURE,153766,6/26/2026 11:32:48 AM,e7ca1105-8b8f-4dee-a332-17c93bb5c040,2.0,,,,,,,,,,,,,,,,,,,,,,,,,,,,,,,,,,,,,,,,,,,,,,,,,,,NA,"All right, we have a pulse.",
PLAYER_POSITIONS,154168,6/26/2026 11:32:48 AM,e7ca1105-8b8f-4dee-a332-17c93bb5c040,2.0,,,,,,,,,,,,,,,,,,,,,,,,,,,,,,,,,,,"(-8.4, 0.4, 0.7)","(-8.7, 0.8, 0.8)","(-9.2, 0.5, 0.8)",
PLAYER_POSITIONS,154168,6/26/2026 11:32:48 AM,e7ca1105-8b8f-4dee-a332-17c93bb5c040,2.0,,,,,,,,,,,,,,,,,,,,,,,,,,,,,,,,,,,"(-8.4, 0.4, 0.7)","(-8.7, 0.8, 0.8)","(-9.2, 0.5, 0.8)",
VOICE_CAPTURE,154293,6/26/2026 11:32:49 AM,e7ca1105-8b8f-4dee-a332-17c93bb5c040,2.0,,,,,,,,,,,,,,,,,,,,,,,,,,,,,,,,,,,,,,,,,,,,,,,,,,,NA,"All right, we have a pulse. I have a const.",
PLAYER_POSITIONS,154668,6/26/2026 11:32:49 AM,e7ca1105-8b8f-4dee-a332-17c93bb5c040,2.0,,,,,,,,,,,,,,,,,,,,,,,,,,,,,,,,,,,"(-8.4, 0.4, 0.8)","(-8.8, 0.8, 0.7)","(-8.8, 0.3, 0.5)",
PLAYER_POSITIONS,154668,6/26/2026 11:32:49 AM,e7ca1105-8b8f-4dee-a332-17c93bb5c040,2.0,,,,,,,,,,,,,,,,,,,,,,,,,,,,,,,,,,,"(-8.4, 0.4, 0.8)","(-8.8, 0.8, 0.7)","(-8.8, 0.3, 0.5)",
VOICE_CAPTURE,154807,6/26/2026 11:32:49 AM,e7ca1105-8b8f-4dee-a332-17c93bb5c040,2.0,,,,,,,,,,,,,,,,,,,,,,,,,,,,,,,,,,,,,,,,,,,,,,,,,,,NA,"All right, we have a pulse. I have a const.",
VOICE_CAPTURE,154807,6/26/2026 11:32:49 AM,e7ca1105-8b8f-4dee-a332-17c93bb5c040,2.0,,,,,,,,,,,,,,,,,,,,,,,,,,,,,,,,,,,,,,,,,,,,,,,,,,,NA,"All right, we have a pulse. I have a const.",
PLAYER_POSITIONS,155182,6/26/2026 11:32:49 AM,e7ca1105-8b8f-4dee-a332-17c93bb5c040,2.0,,,,,,,,,,,,,,,,,,,,,,,,,,,,,,,,,,,"(-8.4, 0.5, 0.8)","(-8.6, 0.7, 0.6)","(-8.7, 0.2, 0.3)",
PLAYER_POSITIONS,155182,6/26/2026 11:32:49 AM,e7ca1105-8b8f-4dee-a332-17c93bb5c040,2.0,,,,,,,,,,,,,,,,,,,,,,,,,,,,,,,,,,,"(-8.4, 0.5, 0.8)","(-8.6, 0.7, 0.6)","(-8.7, 0.2, 0.3)",
VOICE_CAPTURE,155306,6/26/2026 11:32:50 AM,e7ca1105-8b8f-4dee-a332-17c93bb5c040,2.0,,,,,,,,,,,,,,,,,,,,,,,,,,,,,,,,,,,,,,,,,,,,,,,,,,,NA,ence.,
PLAYER_POSITIONS,155724,6/26/2026 11:32:50 AM,e7ca1105-8b8f-4dee-a332-17c93bb5c040,2.0,,,,,,,,,,,,,,,,,,,,,,,,,,,,,,,,,,,"(-8.4, 0.5, 0.8)","(-8.6, 0.7, 0.6)","(-8.8, 0.2, 0.3)",
PLAYER_POSITIONS,155724,6/26/2026 11:32:50 AM,e7ca1105-8b8f-4dee-a332-17c93bb5c040,2.0,,,,,,,,,,,,,,,,,,,,,,,,,,,,,,,,,,,"(-8.4, 0.5, 0.8)","(-8.6, 0.7, 0.6)","(-8.8, 0.2, 0.3)",
VOICE_CAPTURE,155807,6/26/2026 11:32:50 AM,e7ca1105-8b8f-4dee-a332-17c93bb5c040,2.0,,,,,,,,,,,,,,,,,,,,,,,,,,,,,,,,,,,,,,,,,,,,,,,,,,,NA,ence.,
INJURY_TREATED,156143,6/26/2026 11:32:50 AM,e7ca1105-8b8f-4dee-a332-17c93bb5c040,2.0,,,,,,,,,chest,R Chest Collapse,"(-8.7, 0.1, 0.4)",decompressionNeedle,1,1,high,True,True,,,,,,,Military PT 1,
TOOL_APPLIED,156147,6/26/2026 11:32:50 AM,e7ca1105-8b8f-4dee-a332-17c93bb5c040,2.0,,,,,,,,,,,,,,,,,,,,,,,,Military PT 1,,,,,,,,,,,,,,,,,,,,AppliedDecompNeedle,RightChestBreath (UnityEngine.GameObject),,Decompression Needle(Clone) (UnityEngine.GameObject),Decompression Needle,
PLAYER_POSITIONS,156225,6/26/2026 11:32:50 AM,e7ca1105-8b8f-4dee-a332-17c93bb5c040,2.0,,,,,,,,,,,,,,,,,,,,,,,,,,,,,,,,,,,"(-8.4, 0.5, 0.8)","(-8.6, 0.7, 0.6)","(-8.7, 0.2, 0.3)",
PLAYER_POSITIONS,156225,6/26/2026 11:32:50 AM,e7ca1105-8b8f-4dee-a332-17c93bb5c040,2.0,,,,,,,,,,,,,,,,,,,,,,,,,,,,,,,,,,,"(-8.4, 0.5, 0.8)","(-8.6, 0.7, 0.6)","(-8.7, 0.2, 0.3)",
VOICE_CAPTURE,156307,6/26/2026 11:32:51 AM,e7ca1105-8b8f-4dee-a332-17c93bb5c040,2.0,,,,,,,,,,,,,,,,,,,,,,,,,,,,,,,,,,,,,,,,,,,,,,,,,,,NA,ence.,
PLAYER_POSITIONS,156752,6/26/2026 11:32:51 AM,e7ca1105-8b8f-4dee-a332-17c93bb5c040,2.0,,,,,,,,,,,,,,,,,,,,,,,,,,,,,,,,,,,"(-8.4, 0.5, 0.8)","(-8.5, 0.7, 0.6)","(-8.7, 0.3, 0.4)",
PLAYER_POSITIONS,156752,6/26/2026 11:32:51 AM,e7ca1105-8b8f-4dee-a332-17c93bb5c040,2.0,,,,,,,,,,,,,,,,,,,,,,,,,,,,,,,,,,,"(-8.4, 0.5, 0.8)","(-8.5, 0.7, 0.6)","(-8.7, 0.3, 0.4)",
VOICE_CAPTURE,156752,6/26/2026 11:32:51 AM,e7ca1105-8b8f-4dee-a332-17c93bb5c040,2.0,,,,,,,,,,,,,,,,,,,,,,,,,,,,,,,,,,,,,,,,,,,,,,,,,,,NA,ence.,
BAG_CLOSED,157076,6/26/2026 11:32:51 AM,e7ca1105-8b8f-4dee-a332-17c93bb5c040,2.0,,,,,,,,,,,,,,,,,,,,,,,,,,,,,,,,,,,,"(0.0, 0.0, 0.0)",
VOICE_CAPTURE,157232,6/26/2026 11:32:51 AM,e7ca1105-8b8f-4dee-a332-17c93bb5c040,2.0,,,,,,,,,,,,,,,,,,,,,,,,,,,,,,,,,,,,,,,,,,,,,,,,,,,NA,ence.,
PLAYER_POSITIONS,157261,6/26/2026 11:32:51 AM,e7ca1105-8b8f-4dee-a332-17c93bb5c040,2.0,,,,,,,,,,,,,,,,,,,,,,,,,,,,,,,,,,,"(-8.3, 0.5, 0.8)","(-8.4, 0.8, 0.8)","(-8.6, 0.3, 0.7)",
PLAYER_GAZE,157261,6/26/2026 11:32:51 AM,e7ca1105-8b8f-4dee-a332-17c93bb5c040,2.0,,,,,,,,,,,,,,,,,,,,,,,,Military PT 1,,,,,,,,,"(-0.4, 0.8, 0.4)",,,"(-8.0, 0.0, 0.4)",
PLAYER_POSITIONS,157261,6/26/2026 11:32:51 AM,e7ca1105-8b8f-4dee-a332-17c93bb5c040,2.0,,,,,,,,,,,,,,,,,,,,,,,,,,,,,,,,,,,"(-8.3, 0.5, 0.8)","(-8.4, 0.8, 0.8)","(-8.6, 0.3, 0.7)",
PLAYER_GAZE,157261,6/26/2026 11:32:51 AM,e7ca1105-8b8f-4dee-a332-17c93bb5c040,2.0,,,,,,,,,,,,,,,,,,,,,,,,Military PT 1,,,,,,,,,"(-0.4, 0.8, 0.4)",,,"(-8.0, 0.0, 0.4)",
VOICE_CAPTURE,157747,6/26/2026 11:32:52 AM,e7ca1105-8b8f-4dee-a332-17c93bb5c040,2.0,,,,,,,,,,,,,,,,,,,,,,,,,,,,,,,,,,,,,,,,,,,,,,,,,,,NA,ence.,
PLAYER_POSITIONS,157774,6/26/2026 11:32:52 AM,e7ca1105-8b8f-4dee-a332-17c93bb5c040,2.0,,,,,,,,,,,,,,,,,,,,,,,,,,,,,,,,,,,"(-7.9, 0.4, 0.8)","(-8.0, 0.8, 0.9)","(-8.2, 0.3, 0.7)",
PLAYER_POSITIONS,157774,6/26/2026 11:32:52 AM,e7ca1105-8b8f-4dee-a332-17c93bb5c040,2.0,,,,,,,,,,,,,,,,,,,,,,,,,,,,,,,,,,,"(-7.9, 0.4, 0.8)","(-8.0, 0.8, 0.9)","(-8.2, 0.3, 0.7)",
VOICE_CAPTURE,158260,6/26/2026 11:32:52 AM,e7ca1105-8b8f-4dee-a332-17c93bb5c040,2.0,,,,,,,,,,,,,,,,,,,,,,,,,,,,,,,,,,,,,,,,,,,,,,,,,,,NA,ence.,
PLAYER_POSITIONS,158290,6/26/2026 11:32:53 AM,e7ca1105-8b8f-4dee-a332-17c93bb5c040,2.0,,,,,,,,,,,,,,,,,,,,,,,,,,,,,,,,,,,"(-7.7, 0.4, 0.7)","(-7.8, 0.8, 0.7)","(-8.0, 0.3, 0.6)",
PLAYER_POSITIONS,158290,6/26/2026 11:32:53 AM,e7ca1105-8b8f-4dee-a332-17c93bb5c040,2.0,,,,,,,,,,,,,,,,,,,,,,,,,,,,,,,,,,,"(-7.7, 0.4, 0.7)","(-7.8, 0.8, 0.7)","(-8.0, 0.3, 0.6)",
VOICE_CAPTURE,158734,6/26/2026 11:32:53 AM,e7ca1105-8b8f-4dee-a332-17c93bb5c040,2.0,,,,,,,,,,,,,,,,,,,,,,,,,,,,,,,,,,,,,,,,,,,,,,,,,,,NA,ence.,
PLAYER_POSITIONS,158817,6/26/2026 11:32:53 AM,e7ca1105-8b8f-4dee-a332-17c93bb5c040,2.0,,,,,,,,,,,,,,,,,,,,,,,,,,,,,,,,,,,"(-7.8, 0.4, 0.8)","(-8.0, 0.8, 0.7)","(-8.1, 0.3, 0.6)",
PLAYER_GAZE,158817,6/26/2026 11:32:53 AM,e7ca1105-8b8f-4dee-a332-17c93bb5c040,2.0,,,,,,,,,,,,,,,,,,,,,,,,Military PT 1,,,,,,,,,"(0.0, 0.8, 0.3)",,,"(-8.0, 0.0, 0.4)",
PLAYER_POSITIONS,158817,6/26/2026 11:32:53 AM,e7ca1105-8b8f-4dee-a332-17c93bb5c040,2.0,,,,,,,,,,,,,,,,,,,,,,,,,,,,,,,,,,,"(-7.8, 0.4, 0.8)","(-8.0, 0.8, 0.7)","(-8.1, 0.3, 0.6)",
PLAYER_GAZE,158817,6/26/2026 11:32:53 AM,e7ca1105-8b8f-4dee-a332-17c93bb5c040,2.0,,,,,,,,,,,,,,,,,,,,,,,,Military PT 1,,,,,,,,,"(0.0, 0.8, 0.3)",,,"(-8.0, 0.0, 0.4)",
VOICE_CAPTURE,159246,6/26/2026 11:32:53 AM,e7ca1105-8b8f-4dee-a332-17c93bb5c040,2.0,,,,,,,,,,,,,,,,,,,,,,,,,,,,,,,,,,,,,,,,,,,,,,,,,,,NA,ence.,
PLAYER_POSITIONS,159349,6/26/2026 11:32:54 AM,e7ca1105-8b8f-4dee-a332-17c93bb5c040,2.0,,,,,,,,,,,,,,,,,,,,,,,,,,,,,,,,,,,"(-7.5, 0.4, 0.6)","(-7.8, 0.8, 0.6)","(-7.8, 0.2, 0.5)",
PLAYER_POSITIONS,159349,6/26/2026 11:32:54 AM,e7ca1105-8b8f-4dee-a332-17c93bb5c040,2.0,,,,,,,,,,,,,,,,,,,,,,,,,,,,,,,,,,,"(-7.5, 0.4, 0.6)","(-7.8, 0.8, 0.6)","(-7.8, 0.2, 0.5)",
VOICE_CAPTURE,159735,6/26/2026 11:32:54 AM,e7ca1105-8b8f-4dee-a332-17c93bb5c040,2.0,,,,,,,,,,,,,,,,,,,,,,,,,,,,,,,,,,,,,,,,,,,,,,,,,,,NA,ence.,
PLAYER_POSITIONS,159873,6/26/2026 11:32:54 AM,e7ca1105-8b8f-4dee-a332-17c93bb5c040,2.0,,,,,,,,,,,,,,,,,,,,,,,,,,,,,,,,,,,"(-7.3, 0.4, 0.4)","(-7.6, 0.8, 0.4)","(-7.7, 0.3, 0.3)",
PLAYER_POSITIONS,159873,6/26/2026 11:32:54 AM,e7ca1105-8b8f-4dee-a332-17c93bb5c040,2.0,,,,,,,,,,,,,,,,,,,,,,,,,,,,,,,,,,,"(-7.3, 0.4, 0.4)","(-7.6, 0.8, 0.4)","(-7.7, 0.3, 0.3)",
VOICE_CAPTURE,160223,6/26/2026 11:32:54 AM,e7ca1105-8b8f-4dee-a332-17c93bb5c040,2.0,,,,,,,,,,,,,,,,,,,,,,,,,,,,,,,,,,,,,,,,,,,,,,,,,,,NA,ence.,
PLAYER_POSITIONS,160390,6/26/2026 11:32:55 AM,e7ca1105-8b8f-4dee-a332-17c93bb5c040,2.0,,,,,,,,,,,,,,,,,,,,,,,,,,,,,,,,,,,"(-7.4, 0.3, 0.1)","(-7.7, 0.8, 0.3)","(-7.9, 0.3, 0.3)",
PLAYER_POSITIONS,160390,6/26/2026 11:32:55 AM,e7ca1105-8b8f-4dee-a332-17c93bb5c040,2.0,,,,,,,,,,,,,,,,,,,,,,,,,,,,,,,,,,,"(-7.4, 0.3, 0.1)","(-7.7, 0.8, 0.3)","(-7.9, 0.3, 0.3)",
VOICE_CAPTURE,160723,6/26/2026 11:32:55 AM,e7ca1105-8b8f-4dee-a332-17c93bb5c040,2.0,,,,,,,,,,,,,,,,,,,,,,,,,,,,,,,,,,,,,,,,,,,,,,,,,,,NA,ence.,
PLAYER_POSITIONS,160890,6/26/2026 11:32:55 AM,e7ca1105-8b8f-4dee-a332-17c93bb5c040,2.0,,,,,,,,,,,,,,,,,,,,,,,,,,,,,,,,,,,"(-7.4, 0.4, 0.1)","(-7.7, 0.8, 0.3)","(-7.9, 0.5, 0.2)",
PLAYER_POSITIONS,160890,6/26/2026 11:32:55 AM,e7ca1105-8b8f-4dee-a332-17c93bb5c040,2.0,,,,,,,,,,,,,,,,,,,,,,,,,,,,,,,,,,,"(-7.4, 0.4, 0.1)","(-7.7, 0.8, 0.3)","(-7.9, 0.5, 0.2)",
VOICE_CAPTURE,161224,6/26/2026 11:32:55 AM,e7ca1105-8b8f-4dee-a332-17c93bb5c040,2.0,,,,,,,,,,,,,,,,,,,,,,,,,,,,,,,,,,,,,,,,,,,,,,,,,,,NA,ence.,
PLAYER_POSITIONS,161411,6/26/2026 11:32:56 AM,e7ca1105-8b8f-4dee-a332-17c93bb5c040,2.0,,,,,,,,,,,,,,,,,,,,,,,,,,,,,,,,,,,"(-7.4, 0.4, 0.1)","(-7.7, 0.8, 0.3)","(-8.0, 0.3, 0.2)",
PLAYER_POSITIONS,161411,6/26/2026 11:32:56 AM,e7ca1105-8b8f-4dee-a332-17c93bb5c040,2.0,,,,,,,,,,,,,,,,,,,,,,,,,,,,,,,,,,,"(-7.4, 0.4, 0.1)","(-7.7, 0.8, 0.3)","(-8.0, 0.3, 0.2)",
VOICE_CAPTURE,161731,6/26/2026 11:32:56 AM,e7ca1105-8b8f-4dee-a332-17c93bb5c040,2.0,,,,,,,,,,,,,,,,,,,,,,,,,,,,,,,,,,,,,,,,,,,,,,,,,,,NA,ence.,
PLAYER_POSITIONS,161925,6/26/2026 11:32:56 AM,e7ca1105-8b8f-4dee-a332-17c93bb5c040,2.0,,,,,,,,,,,,,,,,,,,,,,,,,,,,,,,,,,,"(-7.4, 0.4, 0.1)","(-7.7, 0.8, 0.3)","(-7.9, 0.5, 0.1)",
PLAYER_POSITIONS,161925,6/26/2026 11:32:56 AM,e7ca1105-8b8f-4dee-a332-17c93bb5c040,2.0,,,,,,,,,,,,,,,,,,,,,,,,,,,,,,,,,,,"(-7.4, 0.4, 0.1)","(-7.7, 0.8, 0.3)","(-7.9, 0.5, 0.1)",
TOOL_HOVER,162061,6/26/2026 11:32:56 AM,e7ca1105-8b8f-4dee-a332-17c93bb5c040,2.0,,,,,,,,,,,,,,,,,,,,,,,,,,,,,,,,,,,,,,,,,,,,,,998,,Tourniquet,
TAG_SELECTED,162202,6/26/2026 11:32:56 AM,e7ca1105-8b8f-4dee-a332-17c93bb5c040,2.0,,,,,,,,,,,,,,,,,,,,,,,,,,,,,,,,,,,,,,,,,,yellow,
VOICE_CAPTURE,162230,6/26/2026 11:32:56 AM,e7ca1105-8b8f-4dee-a332-17c93bb5c040,2.0,,,,,,,,,,,,,,,,,,,,,,,,,,,,,,,,,,,,,,,,,,,,,,,,,,,NA,ence.,
PLAYER_POSITIONS,162452,6/26/2026 11:32:57 AM,e7ca1105-8b8f-4dee-a332-17c93bb5c040,2.0,,,,,,,,,,,,,,,,,,,,,,,,,,,,,,,,,,,"(-7.4, 0.4, 0.2)","(-7.7, 0.7, 0.2)","(-7.8, 0.2, 0.1)",
PLAYER_POSITIONS,162452,6/26/2026 11:32:57 AM,e7ca1105-8b8f-4dee-a332-17c93bb5c040,2.0,,,,,,,,,,,,,,,,,,,,,,,,,,,,,,,,,,,"(-7.4, 0.4, 0.2)","(-7.7, 0.7, 0.2)","(-7.8, 0.2, 0.1)",
VOICE_CAPTURE,162729,6/26/2026 11:32:57 AM,e7ca1105-8b8f-4dee-a332-17c93bb5c040,2.0,,,,,,,,,,,,,,,,,,,,,,,,,,,,,,,,,,,,,,,,,,,,,,,,,,,NA,ence.,
PLAYER_POSITIONS,162978,6/26/2026 11:32:57 AM,e7ca1105-8b8f-4dee-a332-17c93bb5c040,2.0,,,,,,,,,,,,,,,,,,,,,,,,,,,,,,,,,,,"(-7.4, 0.4, 0.2)","(-7.6, 0.6, 0.3)","(-7.9, 0.0, 0.2)",
PLAYER_POSITIONS,162978,6/26/2026 11:32:57 AM,e7ca1105-8b8f-4dee-a332-17c93bb5c040,2.0,,,,,,,,,,,,,,,,,,,,,,,,,,,,,,,,,,,"(-7.4, 0.4, 0.2)","(-7.6, 0.6, 0.3)","(-7.9, 0.0, 0.2)",
VOICE_CAPTURE,163258,6/26/2026 11:32:57 AM,e7ca1105-8b8f-4dee-a332-17c93bb5c040,2.0,,,,,,,,,,,,,,,,,,,,,,,,,,,,,,,,,,,,,,,,,,,,,,,,,,,NA,ence.,
TAG_DISCARDED,163367,6/26/2026 11:32:58 AM,e7ca1105-8b8f-4dee-a332-17c93bb5c040,2.0,,,,,,,,,,,,,,,,,,,,,,,,,,,,,,,,,,,,"(-7.8, 0.2, 0.2)",,,,,,yellow,
PLAYER_POSITIONS,163479,6/26/2026 11:32:58 AM,e7ca1105-8b8f-4dee-a332-17c93bb5c040,2.0,,,,,,,,,,,,,,,,,,,,,,,,,,,,,,,,,,,"(-7.4, 0.4, 0.2)","(-7.6, 0.7, 0.3)","(-7.8, 0.4, 0.2)",
PLAYER_POSITIONS,163479,6/26/2026 11:32:58 AM,e7ca1105-8b8f-4dee-a332-17c93bb5c040,2.0,,,,,,,,,,,,,,,,,,,,,,,,,,,,,,,,,,,"(-7.4, 0.4, 0.2)","(-7.6, 0.7, 0.3)","(-7.8, 0.4, 0.2)",
TOOL_HOVER,163687,6/26/2026 11:32:58 AM,e7ca1105-8b8f-4dee-a332-17c93bb5c040,2.0,,,,,,,,,,,,,,,,,,,,,,,,,,,,,,,,,,,,,,,,,,,,,,998,,Tourniquet,
VOICE_CAPTURE,163731,6/26/2026 11:32:58 AM,e7ca1105-8b8f-4dee-a332-17c93bb5c040,2.0,,,,,,,,,,,,,,,,,,,,,,,,,,,,,,,,,,,,,,,,,,,,,,,,,,,NA,ence.,
TOOL_HOVER,163755,6/26/2026 11:32:58 AM,e7ca1105-8b8f-4dee-a332-17c93bb5c040,2.0,,,,,,,,,,,,,,,,,,,,,,,,,,,,,,,,,,,,,,,,,,,,,,999,,SAM Splint,
PLAYER_POSITIONS,163980,6/26/2026 11:32:58 AM,e7ca1105-8b8f-4dee-a332-17c93bb5c040,2.0,,,,,,,,,,,,,,,,,,,,,,,,,,,,,,,,,,,"(-7.4, 0.4, 0.2)","(-7.6, 0.7, 0.3)","(-7.7, 0.4, 0.0)",
PLAYER_POSITIONS,163980,6/26/2026 11:32:58 AM,e7ca1105-8b8f-4dee-a332-17c93bb5c040,2.0,,,,,,,,,,,,,,,,,,,,,,,,,,,,,,,,,,,"(-7.4, 0.4, 0.2)","(-7.6, 0.7, 0.3)","(-7.7, 0.4, 0.0)",
TOOL_SELECTED,164007,6/26/2026 11:32:58 AM,e7ca1105-8b8f-4dee-a332-17c93bb5c040,2.0,,,,,,,,,,,,,,,,,,,,,,,,,,,,,,,,,,,,,,,,,,,,,,998,,SAM Splint,
VOICE_CAPTURE,164232,6/26/2026 11:32:58 AM,e7ca1105-8b8f-4dee-a332-17c93bb5c040,2.0,,,,,,,,,,,,,,,,,,,,,,,,,,,,,,,,,,,,,,,,,,,,,,,,,,,NA,ence.,
PLAYER_POSITIONS,164481,6/26/2026 11:32:59 AM,e7ca1105-8b8f-4dee-a332-17c93bb5c040,2.0,,,,,,,,,,,,,,,,,,,,,,,,,,,,,,,,,,,"(-7.4, 0.4, 0.2)","(-7.6, 0.7, 0.3)","(-7.7, 0.4, 0.1)",
PLAYER_POSITIONS,164481,6/26/2026 11:32:59 AM,e7ca1105-8b8f-4dee-a332-17c93bb5c040,2.0,,,,,,,,,,,,,,,,,,,,,,,,,,,,,,,,,,,"(-7.4, 0.4, 0.2)","(-7.6, 0.7, 0.3)","(-7.7, 0.4, 0.1)",
TOOL_DISCARDED,164687,6/26/2026 11:32:59 AM,e7ca1105-8b8f-4dee-a332-17c93bb5c040,2.0,,,,,,,,,,,,,,,,,,,,,,,,Military PT 1,,,,,,,,,,,,"(-7.7, 0.4, 0.1)",,,,,,,,,,998,,SAM Splint,
VOICE_CAPTURE,164733,6/26/2026 11:32:59 AM,e7ca1105-8b8f-4dee-a332-17c93bb5c040,2.0,,,,,,,,,,,,,,,,,,,,,,,,,,,,,,,,,,,,,,,,,,,,,,,,,,,NA,ence.,
TOOL_HOVER,164757,6/26/2026 11:32:59 AM,e7ca1105-8b8f-4dee-a332-17c93bb5c040,2.0,,,,,,,,,,,,,,,,,,,,,,,,,,,,,,,,,,,,,,,,,,,,,,998,,Tourniquet,
TOOL_HOVER,164868,6/26/2026 11:32:59 AM,e7ca1105-8b8f-4dee-a332-17c93bb5c040,2.0,,,,,,,,,,,,,,,,,,,,,,,,,,,,,,,,,,,,,,,,,,,,,,999,,SAM Splint,
PLAYER_POSITIONS,164982,6/26/2026 11:32:59 AM,e7ca1105-8b8f-4dee-a332-17c93bb5c040,2.0,,,,,,,,,,,,,,,,,,,,,,,,,,,,,,,,,,,"(-7.4, 0.4, 0.2)","(-7.6, 0.7, 0.3)","(-7.7, 0.4, 0.0)",
PLAYER_POSITIONS,164982,6/26/2026 11:32:59 AM,e7ca1105-8b8f-4dee-a332-17c93bb5c040,2.0,,,,,,,,,,,,,,,,,,,,,,,,,,,,,,,,,,,"(-7.4, 0.4, 0.2)","(-7.6, 0.7, 0.3)","(-7.7, 0.4, 0.0)",
TOOL_SELECTED,165190,6/26/2026 11:32:59 AM,e7ca1105-8b8f-4dee-a332-17c93bb5c040,2.0,,,,,,,,,,,,,,,,,,,,,,,,,,,,,,,,,,,,,,,,,,,,,,998,,SAM Splint,
VOICE_CAPTURE,165232,6/26/2026 11:32:59 AM,e7ca1105-8b8f-4dee-a332-17c93bb5c040,2.0,,,,,,,,,,,,,,,,,,,,,,,,,,,,,,,,,,,,,,,,,,,,,,,,,,,NA,ence.,
EVAC_RADIO_ALERT,165413,6/26/2026 11:33:00 AM,e7ca1105-8b8f-4dee-a332-17c93bb5c040,2.0,,,,,,,,1,
AUDIO_START,165426,6/26/2026 11:33:00 AM,e7ca1105-8b8f-4dee-a332-17c93bb5c040,2.0,evac in 8 minutes,4.127347,
TOOL_DISCARDED,165442,6/26/2026 11:33:00 AM,e7ca1105-8b8f-4dee-a332-17c93bb5c040,2.0,,,,,,,,,,,,,,,,,,,,,,,,Military PT 1,,,,,,,,,,,,"(0.0, 0.0, 0.0)",,,,,,,,,,998,,SAM Splint,
TOOL_HOVER,165466,6/26/2026 11:33:00 AM,e7ca1105-8b8f-4dee-a332-17c93bb5c040,2.0,,,,,,,,,,,,,,,,,,,,,,,,,,,,,,,,,,,,,,,,,,,,,,998,,Tourniquet,
PLAYER_POSITIONS,165496,6/26/2026 11:33:00 AM,e7ca1105-8b8f-4dee-a332-17c93bb5c040,2.0,,,,,,,,,,,,,,,,,,,,,,,,,,,,,,,,,,,"(-7.4, 0.4, 0.2)","(-7.6, 0.7, 0.3)","(-7.7, 0.4, 0.1)",
PLAYER_POSITIONS,165496,6/26/2026 11:33:00 AM,e7ca1105-8b8f-4dee-a332-17c93bb5c040,2.0,,,,,,,,,,,,,,,,,,,,,,,,,,,,,,,,,,,"(-7.4, 0.4, 0.2)","(-7.6, 0.7, 0.3)","(-7.7, 0.4, 0.1)",
VOICE_CAPTURE,165746,6/26/2026 11:33:00 AM,e7ca1105-8b8f-4dee-a332-17c93bb5c040,2.0,,,,,,,,,,,,,,,,,,,,,,,,,,,,,,,,,,,,,,,,,,,,,,,,,,,NA,ence.,
TOOL_HOVER,165994,6/26/2026 11:33:00 AM,e7ca1105-8b8f-4dee-a332-17c93bb5c040,2.0,,,,,,,,,,,,,,,,,,,,,,,,,,,,,,,,,,,,,,,,,,,,,,998,,Tourniquet,
TOOL_SELECTED,166023,6/26/2026 11:33:00 AM,e7ca1105-8b8f-4dee-a332-17c93bb5c040,2.0,,,,,,,,,,,,,,,,,,,,,,,,,,,,,,,,,,,,,,,,,,,,,,997,,Tourniquet,
PLAYER_POSITIONS,166025,6/26/2026 11:33:00 AM,e7ca1105-8b8f-4dee-a332-17c93bb5c040,2.0,,,,,,,,,,,,,,,,,,,,,,,,,,,,,,,,,,,"(-7.4, 0.4, 0.2)","(-7.6, 0.7, 0.3)","(-7.7, 0.4, 0.1)",
PLAYER_POSITIONS,166025,6/26/2026 11:33:00 AM,e7ca1105-8b8f-4dee-a332-17c93bb5c040,2.0,,,,,,,,,,,,,,,,,,,,,,,,,,,,,,,,,,,"(-7.4, 0.4, 0.2)","(-7.6, 0.7, 0.3)","(-7.7, 0.4, 0.1)",
VOICE_CAPTURE,166219,6/26/2026 11:33:00 AM,e7ca1105-8b8f-4dee-a332-17c93bb5c040,2.0,,,,,,,,,,,,,,,,,,,,,,,,,,,,,,,,,,,,,,,,,,,,,,,,,,,NA,ence.,
PLAYER_POSITIONS,166540,6/26/2026 11:33:01 AM,e7ca1105-8b8f-4dee-a332-17c93bb5c040,2.0,,,,,,,,,,,,,,,,,,,,,,,,,,,,,,,,,,,"(-7.4, 0.4, 0.2)","(-7.6, 0.7, 0.3)","(-7.8, 0.1, 0.2)",
PLAYER_POSITIONS,166540,6/26/2026 11:33:01 AM,e7ca1105-8b8f-4dee-a332-17c93bb5c040,2.0,,,,,,,,,,,,,,,,,,,,,,,,,,,,,,,,,,,"(-7.4, 0.4, 0.2)","(-7.6, 0.7, 0.3)","(-7.8, 0.1, 0.2)",
VOICE_CAPTURE,166735,6/26/2026 11:33:01 AM,e7ca1105-8b8f-4dee-a332-17c93bb5c040,2.0,,,,,,,,,,,,,,,,,,,,,,,,,,,,,,,,,,,,,,,,,,,,,,,,,,,NA,ence.,
PLAYER_POSITIONS,167039,6/26/2026 11:33:01 AM,e7ca1105-8b8f-4dee-a332-17c93bb5c040,2.0,,,,,,,,,,,,,,,,,,,,,,,,,,,,,,,,,,,"(-7.4, 0.4, 0.2)","(-7.6, 0.7, 0.2)","(-7.8, 0.0, 0.2)",
PLAYER_POSITIONS,167039,6/26/2026 11:33:01 AM,e7ca1105-8b8f-4dee-a332-17c93bb5c040,2.0,,,,,,,,,,,,,,,,,,,,,,,,,,,,,,,,,,,"(-7.4, 0.4, 0.2)","(-7.6, 0.7, 0.2)","(-7.8, 0.0, 0.2)",
VOICE_CAPTURE,167234,6/26/2026 11:33:01 AM,e7ca1105-8b8f-4dee-a332-17c93bb5c040,2.0,,,,,,,,,,,,,,,,,,,,,,,,,,,,,,,,,,,,,,,,,,,,,,,,,,,NA,ence.,
INJURY_TREATED,167318,6/26/2026 11:33:02 AM,e7ca1105-8b8f-4dee-a332-17c93bb5c040,2.0,,,,,,,,,rightCalf,R Calf Laceration,"(-7.7, 0.0, 0.2)",israeliWrap,1,0,low,True,True,,,,,,,Military PT 1,
TOOL_APPLIED,167318,6/26/2026 11:33:02 AM,e7ca1105-8b8f-4dee-a332-17c93bb5c040,2.0,,,,,,,,,,,,,,,,,,,,,,,,Military PT 1,,,,,,,,,,,,,,,,,,,,AppliedTourniquet,RightLeg (UnityEngine.GameObject),,Tourniquet(Clone) (UnityEngine.GameObject),Tourniquet,
PLAYER_POSITIONS,167571,6/26/2026 11:33:02 AM,e7ca1105-8b8f-4dee-a332-17c93bb5c040,2.0,,,,,,,,,,,,,,,,,,,,,,,,,,,,,,,,,,,"(-7.4, 0.4, 0.2)","(-7.6, 0.7, 0.2)","(-7.9, 0.0, 0.2)",
PLAYER_POSITIONS,167571,6/26/2026 11:33:02 AM,e7ca1105-8b8f-4dee-a332-17c93bb5c040,2.0,,,,,,,,,,,,,,,,,,,,,,,,,,,,,,,,,,,"(-7.4, 0.4, 0.2)","(-7.6, 0.7, 0.2)","(-7.9, 0.0, 0.2)",
VOICE_CAPTURE,167734,6/26/2026 11:33:02 AM,e7ca1105-8b8f-4dee-a332-17c93bb5c040,2.0,,,,,,,,,,,,,,,,,,,,,,,,,,,,,,,,,,,,,,,,,,,,,,,,,,,NA,ence.,
PLAYER_POSITIONS,168101,6/26/2026 11:33:02 AM,e7ca1105-8b8f-4dee-a332-17c93bb5c040,2.0,,,,,,,,,,,,,,,,,,,,,,,,,,,,,,,,,,,"(-7.4, 0.4, 0.2)","(-7.6, 0.8, 0.2)","(-7.8, 0.2, 0.2)",
PLAYER_POSITIONS,168101,6/26/2026 11:33:02 AM,e7ca1105-8b8f-4dee-a332-17c93bb5c040,2.0,,,,,,,,,,,,,,,,,,,,,,,,,,,,,,,,,,,"(-7.4, 0.4, 0.2)","(-7.6, 0.8, 0.2)","(-7.8, 0.2, 0.2)",
VOICE_CAPTURE,168208,6/26/2026 11:33:02 AM,e7ca1105-8b8f-4dee-a332-17c93bb5c040,2.0,,,,,,,,,,,,,,,,,,,,,,,,,,,,,,,,,,,,,,,,,,,,,,,,,,,NA,ence.,
BAG_CLOSED,168426,6/26/2026 11:33:03 AM,e7ca1105-8b8f-4dee-a332-17c93bb5c040,2.0,,,,,,,,,,,,,,,,,,,,,,,,,,,,,,,,,,,,"(0.0, 0.0, 0.0)",
PLAYER_POSITIONS,168596,6/26/2026 11:33:03 AM,e7ca1105-8b8f-4dee-a332-17c93bb5c040,2.0,,,,,,,,,,,,,,,,,,,,,,,,,,,,,,,,,,,"(-7.5, 0.4, 0.2)","(-7.7, 0.9, 0.4)","(-7.9, 0.3, 0.3)",
PLAYER_POSITIONS,168596,6/26/2026 11:33:03 AM,e7ca1105-8b8f-4dee-a332-17c93bb5c040,2.0,,,,,,,,,,,,,,,,,,,,,,,,,,,,,,,,,,,"(-7.5, 0.4, 0.2)","(-7.7, 0.9, 0.4)","(-7.9, 0.3, 0.3)",
VOICE_CAPTURE,168736,6/26/2026 11:33:03 AM,e7ca1105-8b8f-4dee-a332-17c93bb5c040,2.0,,,,,,,,,,,,,,,,,,,,,,,,,,,,,,,,,,,,,,,,,,,,,,,,,,,NA,ence.,
PLAYER_POSITIONS,169097,6/26/2026 11:33:03 AM,e7ca1105-8b8f-4dee-a332-17c93bb5c040,2.0,,,,,,,,,,,,,,,,,,,,,,,,,,,,,,,,,,,"(-7.8, 0.4, 0.3)","(-8.0, 0.8, 0.5)","(-8.2, 0.3, 0.5)",
PLAYER_GAZE,169098,6/26/2026 11:33:03 AM,e7ca1105-8b8f-4dee-a332-17c93bb5c040,2.0,,,,,,,,,,,,,,,,,,,,,,,,Military PT 1,,,,,,,,,"(0.0, 0.8, 0.1)",,,"(-8.0, 0.0, 0.4)",
PLAYER_POSITIONS,169097,6/26/2026 11:33:03 AM,e7ca1105-8b8f-4dee-a332-17c93bb5c040,2.0,,,,,,,,,,,,,,,,,,,,,,,,,,,,,,,,,,,"(-7.8, 0.4, 0.3)","(-8.0, 0.8, 0.5)","(-8.2, 0.3, 0.5)",
PLAYER_GAZE,169098,6/26/2026 11:33:03 AM,e7ca1105-8b8f-4dee-a332-17c93bb5c040,2.0,,,,,,,,,,,,,,,,,,,,,,,,Military PT 1,,,,,,,,,"(0.0, 0.8, 0.1)",,,"(-8.0, 0.0, 0.4)",
VOICE_CAPTURE,169208,6/26/2026 11:33:03 AM,e7ca1105-8b8f-4dee-a332-17c93bb5c040,2.0,,,,,,,,,,,,,,,,,,,,,,,,,,,,,,,,,,,,,,,,,,,,,,,,,,,NA,ence.,
AUDIO_END,169558,6/26/2026 11:33:04 AM,e7ca1105-8b8f-4dee-a332-17c93bb5c040,2.0,evac in 8 minutes,4.127347,
PLAYER_POSITIONS,169615,6/26/2026 11:33:04 AM,e7ca1105-8b8f-4dee-a332-17c93bb5c040,2.0,,,,,,,,,,,,,,,,,,,,,,,,,,,,,,,,,,,"(-8.6, 0.4, 0.7)","(-8.8, 0.8, 0.8)","(-9.0, 0.3, 0.8)",
PLAYER_POSITIONS,169615,6/26/2026 11:33:04 AM,e7ca1105-8b8f-4dee-a332-17c93bb5c040,2.0,,,,,,,,,,,,,,,,,,,,,,,,,,,,,,,,,,,"(-8.6, 0.4, 0.7)","(-8.8, 0.8, 0.8)","(-9.0, 0.3, 0.8)",
VOICE_CAPTURE,169726,6/26/2026 11:33:04 AM,e7ca1105-8b8f-4dee-a332-17c93bb5c040,2.0,,,,,,,,,,,,,,,,,,,,,,,,,,,,,,,,,,,,,,,,,,,,,,,,,,,NA,ence.,
PLAYER_POSITIONS,170115,6/26/2026 11:33:04 AM,e7ca1105-8b8f-4dee-a332-17c93bb5c040,2.0,,,,,,,,,,,,,,,,,,,,,,,,,,,,,,,,,,,"(-8.5, 0.4, 0.9)","(-8.6, 0.8, 1.0)","(-8.9, 0.3, 1.0)",
PLAYER_POSITIONS,170115,6/26/2026 11:33:04 AM,e7ca1105-8b8f-4dee-a332-17c93bb5c040,2.0,,,,,,,,,,,,,,,,,,,,,,,,,,,,,,,,,,,"(-8.5, 0.4, 0.9)","(-8.6, 0.8, 1.0)","(-8.9, 0.3, 1.0)",
VOICE_CAPTURE,170198,6/26/2026 11:33:04 AM,e7ca1105-8b8f-4dee-a332-17c93bb5c040,2.0,,,,,,,,,,,,,,,,,,,,,,,,,,,,,,,,,,,,,,,,,,,,,,,,,,,NA,ence.,
PLAYER_POSITIONS,170620,6/26/2026 11:33:05 AM,e7ca1105-8b8f-4dee-a332-17c93bb5c040,2.0,,,,,,,,,,,,,,,,,,,,,,,,,,,,,,,,,,,"(-8.5, 0.4, 0.9)","(-8.6, 0.8, 1.0)","(-8.9, 0.3, 1.0)",
PLAYER_POSITIONS,170620,6/26/2026 11:33:05 AM,e7ca1105-8b8f-4dee-a332-17c93bb5c040,2.0,,,,,,,,,,,,,,,,,,,,,,,,,,,,,,,,,,,"(-8.5, 0.4, 0.9)","(-8.6, 0.8, 1.0)","(-8.9, 0.3, 1.0)",
VOICE_CAPTURE,170754,6/26/2026 11:33:05 AM,e7ca1105-8b8f-4dee-a332-17c93bb5c040,2.0,,,,,,,,,,,,,,,,,,,,,,,,,,,,,,,,,,,,,,,,,,,,,,,,,,,NA,ence. Roger.,
PLAYER_POSITIONS,171143,6/26/2026 11:33:05 AM,e7ca1105-8b8f-4dee-a332-17c93bb5c040,2.0,,,,,,,,,,,,,,,,,,,,,,,,,,,,,,,,,,,"(-8.5, 0.4, 0.9)","(-8.6, 0.9, 1.0)","(-8.9, 0.3, 1.0)",
PLAYER_POSITIONS,171143,6/26/2026 11:33:05 AM,e7ca1105-8b8f-4dee-a332-17c93bb5c040,2.0,,,,,,,,,,,,,,,,,,,,,,,,,,,,,,,,,,,"(-8.5, 0.4, 0.9)","(-8.6, 0.9, 1.0)","(-8.9, 0.3, 1.0)",
VOICE_CAPTURE,171227,6/26/2026 11:33:05 AM,e7ca1105-8b8f-4dee-a332-17c93bb5c040,2.0,,,,,,,,,,,,,,,,,,,,,,,,,,,,,,,,,,,,,,,,,,,,,,,,,,,NA,ence. Roger.,
VOICE_CAPTURE,171227,6/26/2026 11:33:05 AM,e7ca1105-8b8f-4dee-a332-17c93bb5c040,2.0,,,,,,,,,,,,,,,,,,,,,,,,,,,,,,,,,,,,,,,,,,,,,,,,,,,NA,ence. Roger.,
PLAYER_POSITIONS,171665,6/26/2026 11:33:06 AM,e7ca1105-8b8f-4dee-a332-17c93bb5c040,2.0,,,,,,,,,,,,,,,,,,,,,,,,,,,,,,,,,,,"(-8.5, 0.4, 0.9)","(-8.7, 0.9, 1.0)","(-8.9, 0.6, 0.9)",
PLAYER_POSITIONS,171665,6/26/2026 11:33:06 AM,e7ca1105-8b8f-4dee-a332-17c93bb5c040,2.0,,,,,,,,,,,,,,,,,,,,,,,,,,,,,,,,,,,"(-8.5, 0.4, 0.9)","(-8.7, 0.9, 1.0)","(-8.9, 0.6, 0.9)",
VOICE_CAPTURE,171713,6/26/2026 11:33:06 AM,e7ca1105-8b8f-4dee-a332-17c93bb5c040,2.0,,,,,,,,,,,,,,,,,,,,,,,,,,,,,,,,,,,,,,,,,,,,,,,,,,,NA,Roger.,
AUDIO_END,172158,6/26/2026 11:33:06 AM,e7ca1105-8b8f-4dee-a332-17c93bb5c040,2.0,mortar hits 1,19.77469,
NARRATIVE_SECTION_END,172158,6/26/2026 11:33:06 AM,e7ca1105-8b8f-4dee-a332-17c93bb5c040,2.0,,,,,,,,,,,,,,,,,,Mortar hits,18,
PLAYER_POSITIONS,172158,6/26/2026 11:33:06 AM,e7ca1105-8b8f-4dee-a332-17c93bb5c040,2.0,,,,,,,,,,,,,,,,,,,,,,,,,,,,,,,,,,,"(-8.5, 0.4, 0.6)","(-8.7, 0.9, 0.8)","(-8.9, 0.6, 0.7)",
PLAYER_POSITIONS,172158,6/26/2026 11:33:06 AM,e7ca1105-8b8f-4dee-a332-17c93bb5c040,2.0,,,,,,,,,,,,,,,,,,,,,,,,,,,,,,,,,,,"(-8.5, 0.4, 0.6)","(-8.7, 0.9, 0.8)","(-8.9, 0.6, 0.7)",
NARRATIVE_SECTION_START,172224,6/26/2026 11:33:06 AM,e7ca1105-8b8f-4dee-a332-17c93bb5c040,2.0,,,,,,,,,,,,,,,,,,RPG get down,19,
VOICE_CAPTURE,172239,6/26/2026 11:33:06 AM,e7ca1105-8b8f-4dee-a332-17c93bb5c040,2.0,,,,,,,,,,,,,,,,,,,,,,,,,,,,,,,,,,,,,,,,,,,,,,,,,,,NA,Roger.,
PLAYER_POSITIONS,172681,6/26/2026 11:33:07 AM,e7ca1105-8b8f-4dee-a332-17c93bb5c040,2.0,,,,,,,,,,,,,,,,,,,,,,,,,,,,,,,,,,,"(-8.5, 0.4, 0.6)","(-8.8, 0.8, 0.8)","(-9.1, 0.3, 0.7)",
PLAYER_POSITIONS,172681,6/26/2026 11:33:07 AM,e7ca1105-8b8f-4dee-a332-17c93bb5c040,2.0,,,,,,,,,,,,,,,,,,,,,,,,,,,,,,,,,,,"(-8.5, 0.4, 0.6)","(-8.8, 0.8, 0.8)","(-9.1, 0.3, 0.7)",
VOICE_CAPTURE,172751,6/26/2026 11:33:07 AM,e7ca1105-8b8f-4dee-a332-17c93bb5c040,2.0,,,,,,,,,,,,,,,,,,,,,,,,,,,,,,,,,,,,,,,,,,,,,,,,,,,NA,Roger.,
PLAYER_POSITIONS,173183,6/26/2026 11:33:07 AM,e7ca1105-8b8f-4dee-a332-17c93bb5c040,2.0,,,,,,,,,,,,,,,,,,,,,,,,,,,,,,,,,,,"(-8.6, 0.4, 0.6)","(-8.9, 0.9, 0.8)","(-9.3, 0.5, 0.8)",
PLAYER_POSITIONS,173183,6/26/2026 11:33:07 AM,e7ca1105-8b8f-4dee-a332-17c93bb5c040,2.0,,,,,,,,,,,,,,,,,,,,,,,,,,,,,,,,,,,"(-8.6, 0.4, 0.6)","(-8.9, 0.9, 0.8)","(-9.3, 0.5, 0.8)",
VOICE_CAPTURE,173265,6/26/2026 11:33:07 AM,e7ca1105-8b8f-4dee-a332-17c93bb5c040,2.0,,,,,,,,,,,,,,,,,,,,,,,,,,,,,,,,,,,,,,,,,,,,,,,,,,,NA,Roger.,
TOOL_HOVER,173360,6/26/2026 11:33:08 AM,e7ca1105-8b8f-4dee-a332-17c93bb5c040,2.0,,,,,,,,,,,,,,,,,,,,,,,,,,,,,,,,,,,,,,,,,,,,,,999,,Nasal Airway,
TOOL_HOVER,173694,6/26/2026 11:33:08 AM,e7ca1105-8b8f-4dee-a332-17c93bb5c040,2.0,,,,,,,,,,,,,,,,,,,,,,,,,,,,,,,,,,,,,,,,,,,,,,998,,IV Blood,
PLAYER_POSITIONS,173696,6/26/2026 11:33:08 AM,e7ca1105-8b8f-4dee-a332-17c93bb5c040,2.0,,,,,,,,,,,,,,,,,,,,,,,,,,,,,,,,,,,"(-8.6, 0.3, 0.6)","(-8.9, 0.8, 0.8)","(-9.4, 0.4, 0.9)",
PLAYER_POSITIONS,173696,6/26/2026 11:33:08 AM,e7ca1105-8b8f-4dee-a332-17c93bb5c040,2.0,,,,,,,,,,,,,,,,,,,,,,,,,,,,,,,,,,,"(-8.6, 0.3, 0.6)","(-8.9, 0.8, 0.8)","(-9.4, 0.4, 0.9)",
VOICE_CAPTURE,173724,6/26/2026 11:33:08 AM,e7ca1105-8b8f-4dee-a332-17c93bb5c040,2.0,,,,,,,,,,,,,,,,,,,,,,,,,,,,,,,,,,,,,,,,,,,,,,,,,,,NA,Roger.,
TOOL_SELECTED,173750,6/26/2026 11:33:08 AM,e7ca1105-8b8f-4dee-a332-17c93bb5c040,2.0,,,,,,,,,,,,,,,,,,,,,,,,,,,,,,,,,,,,,,,,,,,,,,997,,IV Blood,
PLAYER_POSITIONS,174223,6/26/2026 11:33:08 AM,e7ca1105-8b8f-4dee-a332-17c93bb5c040,2.0,,,,,,,,,,,,,,,,,,,,,,,,,,,,,,,,,,,"(-8.6, 0.4, 0.6)","(-8.9, 0.8, 0.7)","(-9.1, 0.2, 0.6)",
PLAYER_POSITIONS,174223,6/26/2026 11:33:08 AM,e7ca1105-8b8f-4dee-a332-17c93bb5c040,2.0,,,,,,,,,,,,,,,,,,,,,,,,,,,,,,,,,,,"(-8.6, 0.4, 0.6)","(-8.9, 0.8, 0.7)","(-9.1, 0.2, 0.6)",
VOICE_CAPTURE,174223,6/26/2026 11:33:08 AM,e7ca1105-8b8f-4dee-a332-17c93bb5c040,2.0,,,,,,,,,,,,,,,,,,,,,,,,,,,,,,,,,,,,,,,,,,,,,,,,,,,NA,Roger.,
PLAYER_POSITIONS,174750,6/26/2026 11:33:09 AM,e7ca1105-8b8f-4dee-a332-17c93bb5c040,2.0,,,,,,,,,,,,,,,,,,,,,,,,,,,,,,,,,,,"(-8.5, 0.4, 0.6)","(-8.8, 0.7, 0.7)","(-8.8, 0.2, 0.7)",
PLAYER_POSITIONS,174750,6/26/2026 11:33:09 AM,e7ca1105-8b8f-4dee-a332-17c93bb5c040,2.0,,,,,,,,,,,,,,,,,,,,,,,,,,,,,,,,,,,"(-8.5, 0.4, 0.6)","(-8.8, 0.7, 0.7)","(-8.8, 0.2, 0.7)",
VOICE_CAPTURE,174750,6/26/2026 11:33:09 AM,e7ca1105-8b8f-4dee-a332-17c93bb5c040,2.0,,,,,,,,,,,,,,,,,,,,,,,,,,,,,,,,,,,,,,,,,,,,,,,,,,,NA,Roger.,
VOICE_CAPTURE,175222,6/26/2026 11:33:09 AM,e7ca1105-8b8f-4dee-a332-17c93bb5c040,2.0,,,,,,,,,,,,,,,,,,,,,,,,,,,,,,,,,,,,,,,,,,,,,,,,,,,NA,Roger.,
PLAYER_POSITIONS,175277,6/26/2026 11:33:10 AM,e7ca1105-8b8f-4dee-a332-17c93bb5c040,2.0,,,,,,,,,,,,,,,,,,,,,,,,,,,,,,,,,,,"(-8.5, 0.4, 0.7)","(-8.6, 0.7, 0.7)","(-8.6, 0.0, 0.7)",
PLAYER_POSITIONS,175277,6/26/2026 11:33:10 AM,e7ca1105-8b8f-4dee-a332-17c93bb5c040,2.0,,,,,,,,,,,,,,,,,,,,,,,,,,,,,,,,,,,"(-8.5, 0.4, 0.7)","(-8.6, 0.7, 0.7)","(-8.6, 0.0, 0.7)",
INJURY_TREATED,175418,6/26/2026 11:33:10 AM,e7ca1105-8b8f-4dee-a332-17c93bb5c040,2.0,,,,,,,,,leftArm,Unspecified,"(0.0, 0.0, 0.0)",none,1,1,none,True,False,,,,,,,Military PT 1,
TOOL_APPLIED,175418,6/26/2026 11:33:10 AM,e7ca1105-8b8f-4dee-a332-17c93bb5c040,2.0,,,,,,,,,,,,,,,,,,,,,,,,Military PT 1,,,,,,,,,,,,,,,,,,,,AppliedBloodIV,LeftForeArm (UnityEngine.GameObject),,IV Blood Bag(Clone) (UnityEngine.GameObject),IV Blood,
VOICE_CAPTURE,175723,6/26/2026 11:33:10 AM,e7ca1105-8b8f-4dee-a332-17c93bb5c040,2.0,,,,,,,,,,,,,,,,,,,,,,,,,,,,,,,,,,,,,,,,,,,,,,,,,,,NA,Roger.,
PLAYER_POSITIONS,175778,6/26/2026 11:33:10 AM,e7ca1105-8b8f-4dee-a332-17c93bb5c040,2.0,,,,,,,,,,,,,,,,,,,,,,,,,,,,,,,,,,,"(-8.5, 0.4, 0.7)","(-8.7, 0.7, 0.7)","(-8.7, 0.1, 0.7)",
PLAYER_POSITIONS,175778,6/26/2026 11:33:10 AM,e7ca1105-8b8f-4dee-a332-17c93bb5c040,2.0,,,,,,,,,,,,,,,,,,,,,,,,,,,,,,,,,,,"(-8.5, 0.4, 0.7)","(-8.7, 0.7, 0.7)","(-8.7, 0.1, 0.7)",
VOICE_CAPTURE,176224,6/26/2026 11:33:10 AM,e7ca1105-8b8f-4dee-a332-17c93bb5c040,2.0,,,,,,,,,,,,,,,,,,,,,,,,,,,,,,,,,,,,,,,,,,,,,,,,,,,NA,Roger.,
PLAYER_POSITIONS,176280,6/26/2026 11:33:11 AM,e7ca1105-8b8f-4dee-a332-17c93bb5c040,2.0,,,,,,,,,,,,,,,,,,,,,,,,,,,,,,,,,,,"(-8.5, 0.4, 0.6)","(-8.9, 0.8, 0.8)","(-9.4, 0.4, 0.8)",
PLAYER_POSITIONS,176280,6/26/2026 11:33:11 AM,e7ca1105-8b8f-4dee-a332-17c93bb5c040,2.0,,,,,,,,,,,,,,,,,,,,,,,,,,,,,,,,,,,"(-8.5, 0.4, 0.6)","(-8.9, 0.8, 0.8)","(-9.4, 0.4, 0.8)",
TOOL_HOVER,176360,6/26/2026 11:33:11 AM,e7ca1105-8b8f-4dee-a332-17c93bb5c040,2.0,,,,,,,,,,,,,,,,,,,,,,,,,,,,,,,,,,,,,,,,,,,,,,997,,IV Blood,
TOOL_HOVER,176472,6/26/2026 11:33:11 AM,e7ca1105-8b8f-4dee-a332-17c93bb5c040,2.0,,,,,,,,,,,,,,,,,,,,,,,,,,,,,,,,,,,,,,,,,,,,,,999,,Nasal Airway,
TOOL_HOVER,176555,6/26/2026 11:33:11 AM,e7ca1105-8b8f-4dee-a332-17c93bb5c040,2.0,,,,,,,,,,,,,,,,,,,,,,,,,,,,,,,,,,,,,,,,,,,,,,997,,IV Blood,
VOICE_CAPTURE,176738,6/26/2026 11:33:11 AM,e7ca1105-8b8f-4dee-a332-17c93bb5c040,2.0,,,,,,,,,,,,,,,,,,,,,,,,,,,,,,,,,,,,,,,,,,,,,,,,,,,NA,Roger.,
TOOL_HOVER,176763,6/26/2026 11:33:11 AM,e7ca1105-8b8f-4dee-a332-17c93bb5c040,2.0,,,,,,,,,,,,,,,,,,,,,,,,,,,,,,,,,,,,,,,,,,,,,,999,,Nasal Airway,
PLAYER_POSITIONS,176794,6/26/2026 11:33:11 AM,e7ca1105-8b8f-4dee-a332-17c93bb5c040,2.0,,,,,,,,,,,,,,,,,,,,,,,,,,,,,,,,,,,"(-8.5, 0.4, 0.6)","(-8.9, 0.8, 0.8)","(-9.4, 0.4, 0.9)",
PLAYER_POSITIONS,176794,6/26/2026 11:33:11 AM,e7ca1105-8b8f-4dee-a332-17c93bb5c040,2.0,,,,,,,,,,,,,,,,,,,,,,,,,,,,,,,,,,,"(-8.5, 0.4, 0.6)","(-8.9, 0.8, 0.8)","(-9.4, 0.4, 0.9)",
TOOL_SELECTED,176820,6/26/2026 11:33:11 AM,e7ca1105-8b8f-4dee-a332-17c93bb5c040,2.0,,,,,,,,,,,,,,,,,,,,,,,,,,,,,,,,,,,,,,,,,,,,,,998,,Nasal Airway,
AUDIO_START,177220,6/26/2026 11:33:11 AM,e7ca1105-8b8f-4dee-a332-17c93bb5c040,2.0,rpg get down,7.418776,
VOICE_CAPTURE,177220,6/26/2026 11:33:11 AM,e7ca1105-8b8f-4dee-a332-17c93bb5c040,2.0,,,,,,,,,,,,,,,,,,,,,,,,,,,,,,,,,,,,,,,,,,,,,,,,,,,NA,Roger.,
PLAYER_POSITIONS,177294,6/26/2026 11:33:12 AM,e7ca1105-8b8f-4dee-a332-17c93bb5c040,2.0,,,,,,,,,,,,,,,,,,,,,,,,,,,,,,,,,,,"(-8.5, 0.4, 0.6)","(-8.9, 0.8, 0.7)","(-9.4, 0.4, 0.8)",
PLAYER_POSITIONS,177294,6/26/2026 11:33:12 AM,e7ca1105-8b8f-4dee-a332-17c93bb5c040,2.0,,,,,,,,,,,,,,,,,,,,,,,,,,,,,,,,,,,"(-8.5, 0.4, 0.6)","(-8.9, 0.8, 0.7)","(-9.4, 0.4, 0.8)",
VOICE_CAPTURE,177738,6/26/2026 11:33:12 AM,e7ca1105-8b8f-4dee-a332-17c93bb5c040,2.0,,,,,,,,,,,,,,,,,,,,,,,,,,,,,,,,,,,,,,,,,,,,,,,,,,,NA,Roger.,
PLAYER_POSITIONS,177794,6/26/2026 11:33:12 AM,e7ca1105-8b8f-4dee-a332-17c93bb5c040,2.0,,,,,,,,,,,,,,,,,,,,,,,,,,,,,,,,,,,"(-8.5, 0.4, 0.6)","(-8.9, 0.7, 0.6)","(-8.9, 0.1, 0.5)",
PLAYER_POSITIONS,177794,6/26/2026 11:33:12 AM,e7ca1105-8b8f-4dee-a332-17c93bb5c040,2.0,,,,,,,,,,,,,,,,,,,,,,,,,,,,,,,,,,,"(-8.5, 0.4, 0.6)","(-8.9, 0.7, 0.6)","(-8.9, 0.1, 0.5)",
VOICE_CAPTURE,178216,6/26/2026 11:33:12 AM,e7ca1105-8b8f-4dee-a332-17c93bb5c040,2.0,,,,,,,,,,,,,,,,,,,,,,,,,,,,,,,,,,,,,,,,,,,,,,,,,,,NA,Roger.,
PLAYER_POSITIONS,178294,6/26/2026 11:33:13 AM,e7ca1105-8b8f-4dee-a332-17c93bb5c040,2.0,,,,,,,,,,,,,,,,,,,,,,,,,,,,,,,,,,,"(-8.5, 0.4, 0.6)","(-8.9, 0.7, 0.6)","(-9.0, 0.1, 0.4)",
PLAYER_POSITIONS,178294,6/26/2026 11:33:13 AM,e7ca1105-8b8f-4dee-a332-17c93bb5c040,2.0,,,,,,,,,,,,,,,,,,,,,,,,,,,,,,,,,,,"(-8.5, 0.4, 0.6)","(-8.9, 0.7, 0.6)","(-9.0, 0.1, 0.4)",
TOOL_APPLIED,178519,6/26/2026 11:33:13 AM,e7ca1105-8b8f-4dee-a332-17c93bb5c040,2.0,,,,,,,,,,,,,,,,,,,,,,,,Military PT 1,,,,,,,,,,,,,,,,,,,,AppliedTrumpet,tubeGuide_used (UnityEngine.GameObject),,Nasal Trumpet(Clone) (UnityEngine.GameObject),Nasal Airway,
VOICE_CAPTURE,178767,6/26/2026 11:33:13 AM,e7ca1105-8b8f-4dee-a332-17c93bb5c040,2.0,,,,,,,,,,,,,,,,,,,,,,,,,,,,,,,,,,,,,,,,,,,,,,,,,,,NA,Roger.,
PLAYER_POSITIONS,178817,6/26/2026 11:33:13 AM,e7ca1105-8b8f-4dee-a332-17c93bb5c040,2.0,,,,,,,,,,,,,,,,,,,,,,,,,,,,,,,,,,,"(-8.5, 0.4, 0.6)","(-8.9, 0.8, 0.7)","(-9.0, 0.2, 0.5)",
PLAYER_POSITIONS,178817,6/26/2026 11:33:13 AM,e7ca1105-8b8f-4dee-a332-17c93bb5c040,2.0,,,,,,,,,,,,,,,,,,,,,,,,,,,,,,,,,,,"(-8.5, 0.4, 0.6)","(-8.9, 0.8, 0.7)","(-9.0, 0.2, 0.5)",
VOICE_CAPTURE,179220,6/26/2026 11:33:13 AM,e7ca1105-8b8f-4dee-a332-17c93bb5c040,2.0,,,,,,,,,,,,,,,,,,,,,,,,,,,,,,,,,,,,,,,,,,,,,,,,,,,NA,Roger. Thank you.,
TOOL_HOVER,179274,6/26/2026 11:33:13 AM,e7ca1105-8b8f-4dee-a332-17c93bb5c040,2.0,,,,,,,,,,,,,,,,,,,,,,,,,,,,,,,,,,,,,,,,,,,,,,998,,Nasal Airway,
PLAYER_POSITIONS,179332,6/26/2026 11:33:14 AM,e7ca1105-8b8f-4dee-a332-17c93bb5c040,2.0,,,,,,,,,,,,,,,,,,,,,,,,,,,,,,,,,,,"(-8.5, 0.4, 0.6)","(-8.9, 0.8, 0.7)","(-9.4, 0.5, 0.8)",
PLAYER_POSITIONS,179332,6/26/2026 11:33:14 AM,e7ca1105-8b8f-4dee-a332-17c93bb5c040,2.0,,,,,,,,,,,,,,,,,,,,,,,,,,,,,,,,,,,"(-8.5, 0.4, 0.6)","(-8.9, 0.8, 0.7)","(-9.4, 0.5, 0.8)",
TOOL_HOVER,179357,6/26/2026 11:33:14 AM,e7ca1105-8b8f-4dee-a332-17c93bb5c040,2.0,,,,,,,,,,,,,,,,,,,,,,,,,,,,,,,,,,,,,,,,,,,,,,997,,IV Blood,
TOOL_HOVER,179468,6/26/2026 11:33:14 AM,e7ca1105-8b8f-4dee-a332-17c93bb5c040,2.0,,,,,,,,,,,,,,,,,,,,,,,,,,,,,,,,,,,,,,,,,,,,,,999,,Fox Shield,
TOOL_HOVER,179552,6/26/2026 11:33:14 AM,e7ca1105-8b8f-4dee-a332-17c93bb5c040,2.0,,,,,,,,,,,,,,,,,,,,,,,,,,,,,,,,,,,,,,,,,,,,,,997,,IV Blood,
VOICE_CAPTURE,179721,6/26/2026 11:33:14 AM,e7ca1105-8b8f-4dee-a332-17c93bb5c040,2.0,,,,,,,,,,,,,,,,,,,,,,,,,,,,,,,,,,,,,,,,,,,,,,,,,,,NA,Roger. Thank you.,
VOICE_CAPTURE,179721,6/26/2026 11:33:14 AM,e7ca1105-8b8f-4dee-a332-17c93bb5c040,2.0,,,,,,,,,,,,,,,,,,,,,,,,,,,,,,,,,,,,,,,,,,,,,,,,,,,NA,Roger. Thank you.,
PLAYER_POSITIONS,179859,6/26/2026 11:33:14 AM,e7ca1105-8b8f-4dee-a332-17c93bb5c040,2.0,,,,,,,,,,,,,,,,,,,,,,,,,,,,,,,,,,,"(-8.6, 0.4, 0.6)","(-8.9, 0.8, 0.7)","(-9.3, 0.5, 0.6)",
PLAYER_POSITIONS,179859,6/26/2026 11:33:14 AM,e7ca1105-8b8f-4dee-a332-17c93bb5c040,2.0,,,,,,,,,,,,,,,,,,,,,,,,,,,,,,,,,,,"(-8.6, 0.4, 0.6)","(-8.9, 0.8, 0.7)","(-9.3, 0.5, 0.6)",
PLAYER_POSITIONS,180373,6/26/2026 11:33:15 AM,e7ca1105-8b8f-4dee-a332-17c93bb5c040,2.0,,,,,,,,,,,,,,,,,,,,,,,,,,,,,,,,,,,"(-8.5, 0.4, 0.6)","(-8.8, 0.8, 0.7)","(-9.0, 0.4, 0.7)",
PLAYER_POSITIONS,180373,6/26/2026 11:33:15 AM,e7ca1105-8b8f-4dee-a332-17c93bb5c040,2.0,,,,,,,,,,,,,,,,,,,,,,,,,,,,,,,,,,,"(-8.5, 0.4, 0.6)","(-8.8, 0.8, 0.7)","(-9.0, 0.4, 0.7)",
PLAYER_POSITIONS,180898,6/26/2026 11:33:15 AM,e7ca1105-8b8f-4dee-a332-17c93bb5c040,2.0,,,,,,,,,,,,,,,,,,,,,,,,,,,,,,,,,,,"(-8.6, 0.5, 0.7)","(-8.5, 0.7, 0.7)","(-8.9, 0.4, 0.7)",
PLAYER_GAZE,180898,6/26/2026 11:33:15 AM,e7ca1105-8b8f-4dee-a332-17c93bb5c040,2.0,,,,,,,,,,,,,,,,,,,,,,,,Military PT 1,,,,,,,,,"(-0.5, 0.7, 0.3)",,,"(-8.0, 0.0, 0.4)",
PLAYER_POSITIONS,180898,6/26/2026 11:33:15 AM,e7ca1105-8b8f-4dee-a332-17c93bb5c040,2.0,,,,,,,,,,,,,,,,,,,,,,,,,,,,,,,,,,,"(-8.6, 0.5, 0.7)","(-8.5, 0.7, 0.7)","(-8.9, 0.4, 0.7)",
PLAYER_GAZE,180898,6/26/2026 11:33:15 AM,e7ca1105-8b8f-4dee-a332-17c93bb5c040,2.0,,,,,,,,,,,,,,,,,,,,,,,,Military PT 1,,,,,,,,,"(-0.5, 0.7, 0.3)",,,"(-8.0, 0.0, 0.4)",
PLAYER_POSITIONS,181425,6/26/2026 11:33:16 AM,e7ca1105-8b8f-4dee-a332-17c93bb5c040,2.0,,,,,,,,,,,,,,,,,,,,,,,,,,,,,,,,,,,"(-8.6, 0.4, 0.7)","(-8.6, 0.7, 0.7)","(-8.9, 0.4, 0.7)",
PLAYER_POSITIONS,181425,6/26/2026 11:33:16 AM,e7ca1105-8b8f-4dee-a332-17c93bb5c040,2.0,,,,,,,,,,,,,,,,,,,,,,,,,,,,,,,,,,,"(-8.6, 0.4, 0.7)","(-8.6, 0.7, 0.7)","(-8.9, 0.4, 0.7)",
PLAYER_POSITIONS,181926,6/26/2026 11:33:16 AM,e7ca1105-8b8f-4dee-a332-17c93bb5c040,2.0,,,,,,,,,,,,,,,,,,,,,,,,,,,,,,,,,,,"(-8.6, 0.4, 0.7)","(-8.7, 0.8, 0.7)","(-8.9, 0.4, 0.7)",
PLAYER_POSITIONS,181926,6/26/2026 11:33:16 AM,e7ca1105-8b8f-4dee-a332-17c93bb5c040,2.0,,,,,,,,,,,,,,,,,,,,,,,,,,,,,,,,,,,"(-8.6, 0.4, 0.7)","(-8.7, 0.8, 0.7)","(-8.9, 0.4, 0.7)",
TAG_SELECTED,182230,6/26/2026 11:33:16 AM,e7ca1105-8b8f-4dee-a332-17c93bb5c040,2.0,,,,,,,,,,,,,,,,,,,,,,,,,,,,,,,,,,,,,,,,,,red,
PLAYER_POSITIONS,182453,6/26/2026 11:33:17 AM,e7ca1105-8b8f-4dee-a332-17c93bb5c040,2.0,,,,,,,,,,,,,,,,,,,,,,,,,,,,,,,,,,,"(-8.6, 0.4, 0.7)","(-8.7, 0.8, 0.7)","(-8.9, 0.4, 0.7)",
PLAYER_POSITIONS,182453,6/26/2026 11:33:17 AM,e7ca1105-8b8f-4dee-a332-17c93bb5c040,2.0,,,,,,,,,,,,,,,,,,,,,,,,,,,,,,,,,,,"(-8.6, 0.4, 0.7)","(-8.7, 0.8, 0.7)","(-8.9, 0.4, 0.7)",
PLAYER_POSITIONS,182976,6/26/2026 11:33:17 AM,e7ca1105-8b8f-4dee-a332-17c93bb5c040,2.0,,,,,,,,,,,,,,,,,,,,,,,,,,,,,,,,,,,"(-8.5, 0.5, 0.9)","(-8.5, 0.7, 0.7)","(-8.5, 0.1, 0.7)",
PLAYER_GAZE,182976,6/26/2026 11:33:17 AM,e7ca1105-8b8f-4dee-a332-17c93bb5c040,2.0,,,,,,,,,,,,,,,,,,,,,,,,Military PT 1,,,,,,,,,"(-0.5, 0.7, 0.3)",,,"(-8.0, 0.0, 0.4)",
PLAYER_POSITIONS,182976,6/26/2026 11:33:17 AM,e7ca1105-8b8f-4dee-a332-17c93bb5c040,2.0,,,,,,,,,,,,,,,,,,,,,,,,,,,,,,,,,,,"(-8.5, 0.5, 0.9)","(-8.5, 0.7, 0.7)","(-8.5, 0.1, 0.7)",
PLAYER_GAZE,182976,6/26/2026 11:33:17 AM,e7ca1105-8b8f-4dee-a332-17c93bb5c040,2.0,,,,,,,,,,,,,,,,,,,,,,,,Military PT 1,,,,,,,,,"(-0.5, 0.7, 0.3)",,,"(-8.0, 0.0, 0.4)",
TAG_APPLIED,183338,6/26/2026 11:33:18 AM,e7ca1105-8b8f-4dee-a332-17c93bb5c040,2.0,,,,,,,,,,,,,,,,,,,,,,,,Military PT 1,,,,,,,,,,,,,,,,,,red,
PLAYER_POSITIONS,183559,6/26/2026 11:33:18 AM,e7ca1105-8b8f-4dee-a332-17c93bb5c040,2.0,,,,,,,,,,,,,,,,,,,,,,,,,,,,,,,,,,,"(-8.4, 0.5, 0.9)","(-8.4, 0.6, 0.7)","(-8.4, 0.0, 0.7)",
PLAYER_GAZE,183559,6/26/2026 11:33:18 AM,e7ca1105-8b8f-4dee-a332-17c93bb5c040,2.0,,,,,,,,,,,,,,,,,,,,,,,,Military PT 1,,,,,,,,,"(-0.4, 0.6, 0.3)",,,"(-8.0, 0.0, 0.4)",
PLAYER_POSITIONS,183559,6/26/2026 11:33:18 AM,e7ca1105-8b8f-4dee-a332-17c93bb5c040,2.0,,,,,,,,,,,,,,,,,,,,,,,,,,,,,,,,,,,"(-8.4, 0.5, 0.9)","(-8.4, 0.6, 0.7)","(-8.4, 0.0, 0.7)",
PLAYER_GAZE,183559,6/26/2026 11:33:18 AM,e7ca1105-8b8f-4dee-a332-17c93bb5c040,2.0,,,,,,,,,,,,,,,,,,,,,,,,Military PT 1,,,,,,,,,"(-0.4, 0.6, 0.3)",,,"(-8.0, 0.0, 0.4)",
PLAYER_POSITIONS,184081,6/26/2026 11:33:18 AM,e7ca1105-8b8f-4dee-a332-17c93bb5c040,2.0,,,,,,,,,,,,,,,,,,,,,,,,,,,,,,,,,,,"(-8.4, 0.5, 0.7)","(-8.5, 0.9, 0.8)","(-8.7, 0.2, 0.6)",
PLAYER_GAZE,184081,6/26/2026 11:33:18 AM,e7ca1105-8b8f-4dee-a332-17c93bb5c040,2.0,,,,,,,,,,,,,,,,,,,,,,,,Military PT 1,,,,,,,,,"(-0.5, 0.9, 0.4)",,,"(-8.0, 0.0, 0.4)",
PLAYER_POSITIONS,184081,6/26/2026 11:33:18 AM,e7ca1105-8b8f-4dee-a332-17c93bb5c040,2.0,,,,,,,,,,,,,,,,,,,,,,,,,,,,,,,,,,,"(-8.4, 0.5, 0.7)","(-8.5, 0.9, 0.8)","(-8.7, 0.2, 0.6)",
PLAYER_GAZE,184081,6/26/2026 11:33:18 AM,e7ca1105-8b8f-4dee-a332-17c93bb5c040,2.0,,,,,,,,,,,,,,,,,,,,,,,,Military PT 1,,,,,,,,,"(-0.5, 0.9, 0.4)",,,"(-8.0, 0.0, 0.4)",
BAG_CLOSED,184232,6/26/2026 11:33:18 AM,e7ca1105-8b8f-4dee-a332-17c93bb5c040,2.0,,,,,,,,,,,,,,,,,,,,,,,,,,,,,,,,,,,,"(0.0, 0.0, 0.0)",
PLAYER_POSITIONS,184596,6/26/2026 11:33:19 AM,e7ca1105-8b8f-4dee-a332-17c93bb5c040,2.0,,,,,,,,,,,,,,,,,,,,,,,,,,,,,,,,,,,"(-7.9, 0.5, 1.0)","(-8.0, 1.0, 1.2)","(-8.2, 0.3, 0.9)",
PLAYER_POSITIONS,184596,6/26/2026 11:33:19 AM,e7ca1105-8b8f-4dee-a332-17c93bb5c040,2.0,,,,,,,,,,,,,,,,,,,,,,,,,,,,,,,,,,,"(-7.9, 0.5, 1.0)","(-8.0, 1.0, 1.2)","(-8.2, 0.3, 0.9)",
AUDIO_END,184651,6/26/2026 11:33:19 AM,e7ca1105-8b8f-4dee-a332-17c93bb5c040,2.0,rpg get down,7.418776,
NARRATIVE_SECTION_END,184651,6/26/2026 11:33:19 AM,e7ca1105-8b8f-4dee-a332-17c93bb5c040,2.0,,,,,,,,,,,,,,,,,,RPG get down,19,
NARRATIVE_SECTION_START,184689,6/26/2026 11:33:19 AM,e7ca1105-8b8f-4dee-a332-17c93bb5c040,2.0,,,,,,,,,,,,,,,,,,Bravo taking fire on grid 3-1,20,
PLAYER_POSITIONS,185108,6/26/2026 11:33:19 AM,e7ca1105-8b8f-4dee-a332-17c93bb5c040,2.0,,,,,,,,,,,,,,,,,,,,,,,,,,,,,,,,,,,"(-6.9, 0.7, 0.9)","(-7.2, 1.4, 0.9)","(-7.2, 0.8, 0.6)",
PLAYER_GAZE,185108,6/26/2026 11:33:19 AM,e7ca1105-8b8f-4dee-a332-17c93bb5c040,2.0,,,,,,,,,,,,,,,,,,,,,,,,Military PT 11,,,,,,,,,"(-0.8, 1.4, 1.2)",,,"(-6.4, 0.0, -0.3)",
PLAYER_POSITIONS,185108,6/26/2026 11:33:19 AM,e7ca1105-8b8f-4dee-a332-17c93bb5c040,2.0,,,,,,,,,,,,,,,,,,,,,,,,,,,,,,,,,,,"(-6.9, 0.7, 0.9)","(-7.2, 1.4, 0.9)","(-7.2, 0.8, 0.6)",
PLAYER_GAZE,185108,6/26/2026 11:33:19 AM,e7ca1105-8b8f-4dee-a332-17c93bb5c040,2.0,,,,,,,,,,,,,,,,,,,,,,,,Military PT 11,,,,,,,,,"(-0.8, 1.4, 1.2)",,,"(-6.4, 0.0, -0.3)",
PATIENT_DISENGAGED,185480,6/26/2026 11:33:20 AM,e7ca1105-8b8f-4dee-a332-17c93bb5c040,2.0,,,,39.76,,,,,,,,,,,,,,,,normal,100,Infinity,normal,Military PT 1,unresponsive,supine,"(-8.1, -0.1, 0.5)",faint,"(0.0, 0.9, 0.0, 0.4)",normal,IMMEDIATE,still,,,,,,,,,,,,,,,,,39.76,
PATIENT_ENGAGED,185480,6/26/2026 11:33:20 AM,e7ca1105-8b8f-4dee-a332-17c93bb5c040,2.0,,,,0,,,,,,,,,,,,,,,,normal,100,Infinity,normal,Military PT 11,panic,standing,"(-6.4, -0.1, -0.3)",normal,"(0.0, -0.3, 0.0, 0.9)",normal,MINIMAL,still,,,,,,,,,,,,,,,,,0.46,
PLAYER_POSITIONS,185622,6/26/2026 11:33:20 AM,e7ca1105-8b8f-4dee-a332-17c93bb5c040,2.0,,,,,,,,,,,,,,,,,,,,,,,,,,,,,,,,,,,"(-6.8, 0.8, 0.4)","(-7.1, 1.4, 0.5)","(-6.9, 1.1, 0.3)",
PLAYER_GAZE,185622,6/26/2026 11:33:20 AM,e7ca1105-8b8f-4dee-a332-17c93bb5c040,2.0,,,,,,,,,,,,,,,,,,,,,,,,Military PT 11,,,,,,,,,"(-0.6, 1.4, 0.7)",,,"(-6.4, 0.0, -0.3)",
PLAYER_POSITIONS,185622,6/26/2026 11:33:20 AM,e7ca1105-8b8f-4dee-a332-17c93bb5c040,2.0,,,,,,,,,,,,,,,,,,,,,,,,,,,,,,,,,,,"(-6.8, 0.8, 0.4)","(-7.1, 1.4, 0.5)","(-6.9, 1.1, 0.3)",
PLAYER_GAZE,185622,6/26/2026 11:33:20 AM,e7ca1105-8b8f-4dee-a332-17c93bb5c040,2.0,,,,,,,,,,,,,,,,,,,,,,,,Military PT 11,,,,,,,,,"(-0.6, 1.4, 0.7)",,,"(-6.4, 0.0, -0.3)",
PLAYER_POSITIONS,186150,6/26/2026 11:33:20 AM,e7ca1105-8b8f-4dee-a332-17c93bb5c040,2.0,,,,,,,,,,,,,,,,,,,,,,,,,,,,,,,,,,,"(-6.8, 0.8, 0.4)","(-7.0, 1.4, 0.5)","(-6.8, 1.2, 0.3)",
PLAYER_GAZE,186150,6/26/2026 11:33:20 AM,e7ca1105-8b8f-4dee-a332-17c93bb5c040,2.0,,,,,,,,,,,,,,,,,,,,,,,,Military PT 11,,,,,,,,,"(-0.6, 1.4, 0.8)",,,"(-6.4, 0.0, -0.3)",
PLAYER_POSITIONS,186150,6/26/2026 11:33:20 AM,e7ca1105-8b8f-4dee-a332-17c93bb5c040,2.0,,,,,,,,,,,,,,,,,,,,,,,,,,,,,,,,,,,"(-6.8, 0.8, 0.4)","(-7.0, 1.4, 0.5)","(-6.8, 1.2, 0.3)",
PLAYER_GAZE,186150,6/26/2026 11:33:20 AM,e7ca1105-8b8f-4dee-a332-17c93bb5c040,2.0,,,,,,,,,,,,,,,,,,,,,,,,Military PT 11,,,,,,,,,"(-0.6, 1.4, 0.8)",,,"(-6.4, 0.0, -0.3)",
VOICE_CAPTURE,186235,6/26/2026 11:33:20 AM,e7ca1105-8b8f-4dee-a332-17c93bb5c040,2.0,,,,,,,,,,,,,,,,,,,,,,,,,,,,,,,,,,,,,,,,,,,,,,,,,,,NA,gun.,
BUTTON_CLICKED,186453,6/26/2026 11:33:21 AM,e7ca1105-8b8f-4dee-a332-17c93bb5c040,2.0,,,disarm,
VOICE_CAPTURE,186453,6/26/2026 11:33:21 AM,e7ca1105-8b8f-4dee-a332-17c93bb5c040,2.0,,,,,,,,,,,,,,,,,,,,,,,,,,,,,,,,,,,,,,,,,,,,,,,,,,,NA,disarm,
VOICE_COMMAND,186453,6/26/2026 11:33:21 AM,e7ca1105-8b8f-4dee-a332-17c93bb5c040,2.0,,,,,,,,,,,,,,,,,,,,,,,,Military PT 11,,,,,,,,,,,,,,,,,,,,,,,,,,,disarm,disarm,
PLAYER_POSITIONS,186679,6/26/2026 11:33:21 AM,e7ca1105-8b8f-4dee-a332-17c93bb5c040,2.0,,,,,,,,,,,,,,,,,,,,,,,,,,,,,,,,,,,"(-6.7, 0.8, 0.5)","(-7.0, 1.4, 0.5)","(-6.7, 1.1, 0.3)",
PLAYER_GAZE,186679,6/26/2026 11:33:21 AM,e7ca1105-8b8f-4dee-a332-17c93bb5c040,2.0,,,,,,,,,,,,,,,,,,,,,,,,Military PT 11,,,,,,,,,"(-0.6, 1.4, 0.8)",,,"(-6.4, 0.0, -0.3)",
PLAYER_POSITIONS,186679,6/26/2026 11:33:21 AM,e7ca1105-8b8f-4dee-a332-17c93bb5c040,2.0,,,,,,,,,,,,,,,,,,,,,,,,,,,,,,,,,,,"(-6.7, 0.8, 0.5)","(-7.0, 1.4, 0.5)","(-6.7, 1.1, 0.3)",
PLAYER_GAZE,186679,6/26/2026 11:33:21 AM,e7ca1105-8b8f-4dee-a332-17c93bb5c040,2.0,,,,,,,,,,,,,,,,,,,,,,,,Military PT 11,,,,,,,,,"(-0.6, 1.4, 0.8)",,,"(-6.4, 0.0, -0.3)",
VOICE_CAPTURE,186722,6/26/2026 11:33:21 AM,e7ca1105-8b8f-4dee-a332-17c93bb5c040,2.0,,,,,,,,,,,,,,,,,,,,,,,,,,,,,,,,,,,,,,,,,,,,,,,,,,,NA,gun. Give me your gun.,
DISARM_PATIENT_WEAPON,187116,6/26/2026 11:33:21 AM,e7ca1105-8b8f-4dee-a332-17c93bb5c040,2.0,,,,,,,,,,,,,,,,,,,,,,,,Military PT 11,,,,,,,,,,,,,,,,,,,,,,,,,,,,,1,1,
PLAYER_POSITIONS,187190,6/26/2026 11:33:21 AM,e7ca1105-8b8f-4dee-a332-17c93bb5c040,2.0,,,,,,,,,,,,,,,,,,,,,,,,,,,,,,,,,,,"(-6.7, 0.8, 0.5)","(-7.0, 1.4, 0.5)","(-6.8, 1.0, 0.1)",
PLAYER_GAZE,187192,6/26/2026 11:33:21 AM,e7ca1105-8b8f-4dee-a332-17c93bb5c040,2.0,,,,,,,,,,,,,,,,,,,,,,,,Military PT 11,,,,,,,,,"(-0.6, 1.4, 0.7)",,,"(-6.4, 0.0, -0.3)",
PLAYER_POSITIONS,187190,6/26/2026 11:33:21 AM,e7ca1105-8b8f-4dee-a332-17c93bb5c040,2.0,,,,,,,,,,,,,,,,,,,,,,,,,,,,,,,,,,,"(-6.7, 0.8, 0.5)","(-7.0, 1.4, 0.5)","(-6.8, 1.0, 0.1)",
PLAYER_GAZE,187192,6/26/2026 11:33:21 AM,e7ca1105-8b8f-4dee-a332-17c93bb5c040,2.0,,,,,,,,,,,,,,,,,,,,,,,,Military PT 11,,,,,,,,,"(-0.6, 1.4, 0.7)",,,"(-6.4, 0.0, -0.3)",
VOICE_CAPTURE,187232,6/26/2026 11:33:21 AM,e7ca1105-8b8f-4dee-a332-17c93bb5c040,2.0,,,,,,,,,,,,,,,,,,,,,,,,,,,,,,,,,,,,,,,,,,,,,,,,,,,NA,gun. Give me your gun. Give me your gun.,
PLAYER_POSITIONS,187705,6/26/2026 11:33:22 AM,e7ca1105-8b8f-4dee-a332-17c93bb5c040,2.0,,,,,,,,,,,,,,,,,,,,,,,,,,,,,,,,,,,"(-6.7, 0.8, 0.5)","(-7.0, 1.4, 0.5)","(-7.1, 0.9, 0.0)",
PLAYER_GAZE,187705,6/26/2026 11:33:22 AM,e7ca1105-8b8f-4dee-a332-17c93bb5c040,2.0,,,,,,,,,,,,,,,,,,,,,,,,Military PT 11,,,,,,,,,"(-0.6, 1.4, 0.7)",,,"(-6.4, 0.0, -0.3)",
PLAYER_POSITIONS,187705,6/26/2026 11:33:22 AM,e7ca1105-8b8f-4dee-a332-17c93bb5c040,2.0,,,,,,,,,,,,,,,,,,,,,,,,,,,,,,,,,,,"(-6.7, 0.8, 0.5)","(-7.0, 1.4, 0.5)","(-7.1, 0.9, 0.0)",
PLAYER_GAZE,187705,6/26/2026 11:33:22 AM,e7ca1105-8b8f-4dee-a332-17c93bb5c040,2.0,,,,,,,,,,,,,,,,,,,,,,,,Military PT 11,,,,,,,,,"(-0.6, 1.4, 0.7)",,,"(-6.4, 0.0, -0.3)",
VOICE_CAPTURE,187705,6/26/2026 11:33:22 AM,e7ca1105-8b8f-4dee-a332-17c93bb5c040,2.0,,,,,,,,,,,,,,,,,,,,,,,,,,,,,,,,,,,,,,,,,,,,,,,,,,,NA,gun. Give me your gun. Give me your gun.,
VOICE_CAPTURE,187705,6/26/2026 11:33:22 AM,e7ca1105-8b8f-4dee-a332-17c93bb5c040,2.0,,,,,,,,,,,,,,,,,,,,,,,,,,,,,,,,,,,,,,,,,,,,,,,,,,,NA,gun. Give me your gun. Give me your gun.,
VOICE_COMMAND,187705,6/26/2026 11:33:22 AM,e7ca1105-8b8f-4dee-a332-17c93bb5c040,2.0,,,,,,,,,,,,,,,,,,,,,,,,Military PT 11,,,,,,,,,,,,,,,,,,,,,,,,,,,gun. Give me your gun. Give me your gun.,disarm,
PLAYER_POSITIONS,188219,6/26/2026 11:33:22 AM,e7ca1105-8b8f-4dee-a332-17c93bb5c040,2.0,,,,,,,,,,,,,,,,,,,,,,,,,,,,,,,,,,,"(-6.7, 0.8, 0.5)","(-6.9, 1.4, 0.5)","(-7.0, 0.8, 0.2)",
PLAYER_POSITIONS,188219,6/26/2026 11:33:22 AM,e7ca1105-8b8f-4dee-a332-17c93bb5c040,2.0,,,,,,,,,,,,,,,,,,,,,,,,,,,,,,,,,,,"(-6.7, 0.8, 0.5)","(-6.9, 1.4, 0.5)","(-7.0, 0.8, 0.2)",
VOICE_CAPTURE,188261,6/26/2026 11:33:22 AM,e7ca1105-8b8f-4dee-a332-17c93bb5c040,2.0,,,,,,,,,,,,,,,,,,,,,,,,,,,,,,,,,,,,,,,,,,,,,,,,,,,NA,Give me your gun.,
PLAYER_POSITIONS,188735,6/26/2026 11:33:23 AM,e7ca1105-8b8f-4dee-a332-17c93bb5c040,2.0,,,,,,,,,,,,,,,,,,,,,,,,,,,,,,,,,,,"(-6.4, 0.8, 0.5)","(-6.7, 1.4, 0.5)","(-6.7, 1.0, 0.2)",
PLAYER_POSITIONS,188735,6/26/2026 11:33:23 AM,e7ca1105-8b8f-4dee-a332-17c93bb5c040,2.0,,,,,,,,,,,,,,,,,,,,,,,,,,,,,,,,,,,"(-6.4, 0.8, 0.5)","(-6.7, 1.4, 0.5)","(-6.7, 1.0, 0.2)",
VOICE_CAPTURE,188775,6/26/2026 11:33:23 AM,e7ca1105-8b8f-4dee-a332-17c93bb5c040,2.0,,,,,,,,,,,,,,,,,,,,,,,,,,,,,,,,,,,,,,,,,,,,,,,,,,,NA,Give me your gun.,
PLAYER_POSITIONS,189247,6/26/2026 11:33:23 AM,e7ca1105-8b8f-4dee-a332-17c93bb5c040,2.0,,,,,,,,,,,,,,,,,,,,,,,,,,,,,,,,,,,"(-6.5, 0.8, 0.4)","(-6.8, 1.4, 0.5)","(-6.8, 1.1, 0.1)",
PLAYER_POSITIONS,189247,6/26/2026 11:33:23 AM,e7ca1105-8b8f-4dee-a332-17c93bb5c040,2.0,,,,,,,,,,,,,,,,,,,,,,,,,,,,,,,,,,,"(-6.5, 0.8, 0.4)","(-6.8, 1.4, 0.5)","(-6.8, 1.1, 0.1)",
AUDIO_START,189692,6/26/2026 11:33:24 AM,e7ca1105-8b8f-4dee-a332-17c93bb5c040,2.0,bravo taking fire on 3 1,3.709388,
PLAYER_POSITIONS,189748,6/26/2026 11:33:24 AM,e7ca1105-8b8f-4dee-a332-17c93bb5c040,2.0,,,,,,,,,,,,,,,,,,,,,,,,,,,,,,,,,,,"(-6.5, 0.8, 0.4)","(-6.8, 1.4, 0.4)","(-6.7, 1.1, 0.0)",
PLAYER_GAZE,189748,6/26/2026 11:33:24 AM,e7ca1105-8b8f-4dee-a332-17c93bb5c040,2.0,,,,,,,,,,,,,,,,,,,,,,,,Military PT 11,,,,,,,,,"(-0.4, 1.4, 0.7)",,,"(-6.4, 0.0, -0.3)",
PLAYER_POSITIONS,189748,6/26/2026 11:33:24 AM,e7ca1105-8b8f-4dee-a332-17c93bb5c040,2.0,,,,,,,,,,,,,,,,,,,,,,,,,,,,,,,,,,,"(-6.5, 0.8, 0.4)","(-6.8, 1.4, 0.4)","(-6.7, 1.1, 0.0)",
PLAYER_GAZE,189748,6/26/2026 11:33:24 AM,e7ca1105-8b8f-4dee-a332-17c93bb5c040,2.0,,,,,,,,,,,,,,,,,,,,,,,,Military PT 11,,,,,,,,,"(-0.4, 1.4, 0.7)",,,"(-6.4, 0.0, -0.3)",
PULSE_TAKEN,189911,6/26/2026 11:33:24 AM,e7ca1105-8b8f-4dee-a332-17c93bb5c040,2.0,,,,,,,,,,,,,,,,,,,,,,,,Military PT 11,,,,pulse_normal,
VOICE_CAPTURE,190207,6/26/2026 11:33:24 AM,e7ca1105-8b8f-4dee-a332-17c93bb5c040,2.0,,,,,,,,,,,,,,,,,,,,,,,,,,,,,,,,,,,,,,,,,,,,,,,,,,,NA,All right.,
PLAYER_POSITIONS,190263,6/26/2026 11:33:24 AM,e7ca1105-8b8f-4dee-a332-17c93bb5c040,2.0,,,,,,,,,,,,,,,,,,,,,,,,,,,,,,,,,,,"(-6.5, 0.8, 0.2)","(-6.7, 1.4, 0.2)","(-6.6, 1.2, 0.0)",
PLAYER_GAZE,190263,6/26/2026 11:33:24 AM,e7ca1105-8b8f-4dee-a332-17c93bb5c040,2.0,,,,,,,,,,,,,,,,,,,,,,,,Military PT 11,,,,,,,,,"(-0.3, 1.4, 0.5)",,,"(-6.4, 0.0, -0.3)",
PLAYER_POSITIONS,190263,6/26/2026 11:33:24 AM,e7ca1105-8b8f-4dee-a332-17c93bb5c040,2.0,,,,,,,,,,,,,,,,,,,,,,,,,,,,,,,,,,,"(-6.5, 0.8, 0.2)","(-6.7, 1.4, 0.2)","(-6.6, 1.2, 0.0)",
PLAYER_GAZE,190263,6/26/2026 11:33:24 AM,e7ca1105-8b8f-4dee-a332-17c93bb5c040,2.0,,,,,,,,,,,,,,,,,,,,,,,,Military PT 11,,,,,,,,,"(-0.3, 1.4, 0.5)",,,"(-6.4, 0.0, -0.3)",
DRAG_STOP,190596,6/26/2026 11:33:25 AM,e7ca1105-8b8f-4dee-a332-17c93bb5c040,2.0,,,,,"(-6.8, 0.0, 2.1)","(-8.0, 0.0, 0.4)",,,,,,,,,,,,,,,,,,Military PT 11,
VOICE_CAPTURE,190734,6/26/2026 11:33:25 AM,e7ca1105-8b8f-4dee-a332-17c93bb5c040,2.0,,,,,,,,,,,,,,,,,,,,,,,,,,,,,,,,,,,,,,,,,,,,,,,,,,,NA,"All right, sit down.",
PLAYER_POSITIONS,190790,6/26/2026 11:33:25 AM,e7ca1105-8b8f-4dee-a332-17c93bb5c040,2.0,,,,,,,,,,,,,,,,,,,,,,,,,,,,,,,,,,,"(-6.5, 0.8, 0.2)","(-6.7, 1.4, 0.3)","(-6.6, 1.1, 0.0)",
PLAYER_GAZE,190790,6/26/2026 11:33:25 AM,e7ca1105-8b8f-4dee-a332-17c93bb5c040,2.0,,,,,,,,,,,,,,,,,,,,,,,,Military PT 11,,,,,,,,,"(-0.3, 1.4, 0.5)",,,"(-6.4, 0.0, -0.3)",
PLAYER_POSITIONS,190790,6/26/2026 11:33:25 AM,e7ca1105-8b8f-4dee-a332-17c93bb5c040,2.0,,,,,,,,,,,,,,,,,,,,,,,,,,,,,,,,,,,"(-6.5, 0.8, 0.2)","(-6.7, 1.4, 0.3)","(-6.6, 1.1, 0.0)",
PLAYER_GAZE,190790,6/26/2026 11:33:25 AM,e7ca1105-8b8f-4dee-a332-17c93bb5c040,2.0,,,,,,,,,,,,,,,,,,,,,,,,Military PT 11,,,,,,,,,"(-0.3, 1.4, 0.5)",,,"(-6.4, 0.0, -0.3)",
PULSE_TAKEN,191121,6/26/2026 11:33:25 AM,e7ca1105-8b8f-4dee-a332-17c93bb5c040,2.0,,,,,,,,,,,,,,,,,,,,,,,,Military PT 11,,,,pulse_normal,
VOICE_CAPTURE,191235,6/26/2026 11:33:25 AM,e7ca1105-8b8f-4dee-a332-17c93bb5c040,2.0,,,,,,,,,,,,,,,,,,,,,,,,,,,,,,,,,,,,,,,,,,,,,,,,,,,NA,"All right, sit down.",
VOICE_CAPTURE,191235,6/26/2026 11:33:25 AM,e7ca1105-8b8f-4dee-a332-17c93bb5c040,2.0,,,,,,,,,,,,,,,,,,,,,,,,,,,,,,,,,,,,,,,,,,,,,,,,,,,NA,"All right, sit down.",
VOICE_COMMAND,191235,6/26/2026 11:33:25 AM,e7ca1105-8b8f-4dee-a332-17c93bb5c040,2.0,,,,,,,,,,,,,,,,,,,,,,,,Military PT 11,,,,,,,,,,,,,,,,,,,,,,,,,,,"All right, sit down.",sit,
PLAYER_POSITIONS,191291,6/26/2026 11:33:26 AM,e7ca1105-8b8f-4dee-a332-17c93bb5c040,2.0,,,,,,,,,,,,,,,,,,,,,,,,,,,,,,,,,,,"(-6.5, 0.8, 0.2)","(-6.7, 1.4, 0.2)","(-6.6, 1.1, -0.1)",
PLAYER_GAZE,191291,6/26/2026 11:33:26 AM,e7ca1105-8b8f-4dee-a332-17c93bb5c040,2.0,,,,,,,,,,,,,,,,,,,,,,,,Military PT 11,,,,,,,,,"(-0.3, 1.4, 0.5)",,,"(-6.4, 0.0, -0.3)",
PLAYER_POSITIONS,191291,6/26/2026 11:33:26 AM,e7ca1105-8b8f-4dee-a332-17c93bb5c040,2.0,,,,,,,,,,,,,,,,,,,,,,,,,,,,,,,,,,,"(-6.5, 0.8, 0.2)","(-6.7, 1.4, 0.2)","(-6.6, 1.1, -0.1)",
PLAYER_GAZE,191291,6/26/2026 11:33:26 AM,e7ca1105-8b8f-4dee-a332-17c93bb5c040,2.0,,,,,,,,,,,,,,,,,,,,,,,,Military PT 11,,,,,,,,,"(-0.3, 1.4, 0.5)",,,"(-6.4, 0.0, -0.3)",
VOICE_CAPTURE,191735,6/26/2026 11:33:26 AM,e7ca1105-8b8f-4dee-a332-17c93bb5c040,2.0,,,,,,,,,,,,,,,,,,,,,,,,,,,,,,,,,,,,,,,,,,,,,,,,,,,NA,"All right, sit down. Sit down.",
PLAYER_POSITIONS,191828,6/26/2026 11:33:26 AM,e7ca1105-8b8f-4dee-a332-17c93bb5c040,2.0,,,,,,,,,,,,,,,,,,,,,,,,,,,,,,,,,,,"(-6.5, 0.9, 0.2)","(-6.8, 1.4, 0.2)","(-6.7, 1.1, -0.1)",
PLAYER_GAZE,191828,6/26/2026 11:33:26 AM,e7ca1105-8b8f-4dee-a332-17c93bb5c040,2.0,,,,,,,,,,,,,,,,,,,,,,,,Military PT 11,,,,,,,,,"(-0.3, 1.4, 0.5)",,,"(-6.4, 0.0, -0.3)",
PLAYER_POSITIONS,191828,6/26/2026 11:33:26 AM,e7ca1105-8b8f-4dee-a332-17c93bb5c040,2.0,,,,,,,,,,,,,,,,,,,,,,,,,,,,,,,,,,,"(-6.5, 0.9, 0.2)","(-6.8, 1.4, 0.2)","(-6.7, 1.1, -0.1)",
PLAYER_GAZE,191828,6/26/2026 11:33:26 AM,e7ca1105-8b8f-4dee-a332-17c93bb5c040,2.0,,,,,,,,,,,,,,,,,,,,,,,,Military PT 11,,,,,,,,,"(-0.3, 1.4, 0.5)",,,"(-6.4, 0.0, -0.3)",
VOICE_CAPTURE,192244,6/26/2026 11:33:26 AM,e7ca1105-8b8f-4dee-a332-17c93bb5c040,2.0,,,,,,,,,,,,,,,,,,,,,,,,,,,,,,,,,,,,,,,,,,,,,,,,,,,NA,"All right, sit down. Sit down. Sit down.",
PLAYER_POSITIONS,192356,6/26/2026 11:33:27 AM,e7ca1105-8b8f-4dee-a332-17c93bb5c040,2.0,,,,,,,,,,,,,,,,,,,,,,,,,,,,,,,,,,,"(-6.5, 0.9, 0.2)","(-6.7, 1.4, 0.2)","(-6.7, 1.0, 0.0)",
PLAYER_GAZE,192356,6/26/2026 11:33:27 AM,e7ca1105-8b8f-4dee-a332-17c93bb5c040,2.0,,,,,,,,,,,,,,,,,,,,,,,,Military PT 11,,,,,,,,,"(-0.3, 1.4, 0.5)",,,"(-6.4, 0.0, -0.3)",
PLAYER_POSITIONS,192356,6/26/2026 11:33:27 AM,e7ca1105-8b8f-4dee-a332-17c93bb5c040,2.0,,,,,,,,,,,,,,,,,,,,,,,,,,,,,,,,,,,"(-6.5, 0.9, 0.2)","(-6.7, 1.4, 0.2)","(-6.7, 1.0, 0.0)",
PLAYER_GAZE,192356,6/26/2026 11:33:27 AM,e7ca1105-8b8f-4dee-a332-17c93bb5c040,2.0,,,,,,,,,,,,,,,,,,,,,,,,Military PT 11,,,,,,,,,"(-0.3, 1.4, 0.5)",,,"(-6.4, 0.0, -0.3)",
DRAG_STOP,192647,6/26/2026 11:33:27 AM,e7ca1105-8b8f-4dee-a332-17c93bb5c040,2.0,,,,,"(-6.8, 0.0, 2.1)","(-8.0, 0.0, 0.4)",,,,,,,,,,,,,,,,,,Military PT 11,
VOICE_CAPTURE,192772,6/26/2026 11:33:27 AM,e7ca1105-8b8f-4dee-a332-17c93bb5c040,2.0,,,,,,,,,,,,,,,,,,,,,,,,,,,,,,,,,,,,,,,,,,,,,,,,,,,NA,"All right, sit down. Sit down. Sit down.",
VOICE_CAPTURE,192772,6/26/2026 11:33:27 AM,e7ca1105-8b8f-4dee-a332-17c93bb5c040,2.0,,,,,,,,,,,,,,,,,,,,,,,,,,,,,,,,,,,,,,,,,,,,,,,,,,,NA,"All right, sit down. Sit down. Sit down.",
VOICE_COMMAND,192772,6/26/2026 11:33:27 AM,e7ca1105-8b8f-4dee-a332-17c93bb5c040,2.0,,,,,,,,,,,,,,,,,,,,,,,,Military PT 11,,,,,,,,,,,,,,,,,,,,,,,,,,,"All right, sit down. Sit down. Sit down.",sit,
PLAYER_POSITIONS,192884,6/26/2026 11:33:27 AM,e7ca1105-8b8f-4dee-a332-17c93bb5c040,2.0,,,,,,,,,,,,,,,,,,,,,,,,,,,,,,,,,,,"(-6.5, 0.8, 0.2)","(-6.8, 1.3, 0.2)","(-6.9, 0.8, 0.0)",
PLAYER_POSITIONS,192884,6/26/2026 11:33:27 AM,e7ca1105-8b8f-4dee-a332-17c93bb5c040,2.0,,,,,,,,,,,,,,,,,,,,,,,,,,,,,,,,,,,"(-6.5, 0.8, 0.2)","(-6.8, 1.3, 0.2)","(-6.9, 0.8, 0.0)",
PULSE_TAKEN,193051,6/26/2026 11:33:27 AM,e7ca1105-8b8f-4dee-a332-17c93bb5c040,2.0,,,,,,,,,,,,,,,,,,,,,,,,Military PT 11,,,,pulse_normal,
AUDIO_END,193410,6/26/2026 11:33:28 AM,e7ca1105-8b8f-4dee-a332-17c93bb5c040,2.0,bravo taking fire on 3 1,3.709388,
NARRATIVE_SECTION_END,193410,6/26/2026 11:33:28 AM,e7ca1105-8b8f-4dee-a332-17c93bb5c040,2.0,,,,,,,,,,,,,,,,,,Bravo taking fire on grid 3-1,20,
PLAYER_POSITIONS,193410,6/26/2026 11:33:28 AM,e7ca1105-8b8f-4dee-a332-17c93bb5c040,2.0,,,,,,,,,,,,,,,,,,,,,,,,,,,,,,,,,,,"(-6.4, 0.8, -0.2)","(-6.6, 1.3, -0.2)","(-6.8, 0.8, -0.4)",
PLAYER_GAZE,193410,6/26/2026 11:33:28 AM,e7ca1105-8b8f-4dee-a332-17c93bb5c040,2.0,,,,,,,,,,,,,,,,,,,,,,,,Military PT 11,,,,,,,,,"(-0.2, 1.3, 0.1)",,,"(-6.4, 0.0, -0.3)",
PLAYER_POSITIONS,193410,6/26/2026 11:33:28 AM,e7ca1105-8b8f-4dee-a332-17c93bb5c040,2.0,,,,,,,,,,,,,,,,,,,,,,,,,,,,,,,,,,,"(-6.4, 0.8, -0.2)","(-6.6, 1.3, -0.2)","(-6.8, 0.8, -0.4)",
PLAYER_GAZE,193410,6/26/2026 11:33:28 AM,e7ca1105-8b8f-4dee-a332-17c93bb5c040,2.0,,,,,,,,,,,,,,,,,,,,,,,,Military PT 11,,,,,,,,,"(-0.2, 1.3, 0.1)",,,"(-6.4, 0.0, -0.3)",
NARRATIVE_SECTION_START,193434,6/26/2026 11:33:28 AM,e7ca1105-8b8f-4dee-a332-17c93bb5c040,2.0,,,,,,,,,,,,,,,,,,Echo can you suppress,21,
DRAG_STOP,193466,6/26/2026 11:33:28 AM,e7ca1105-8b8f-4dee-a332-17c93bb5c040,2.0,,,,,"(-6.8, 0.0, 2.1)","(-8.0, 0.0, 0.4)",,,,,,,,,,,,,,,,,,Military PT 11,
PLAYER_POSITIONS,193914,6/26/2026 11:33:28 AM,e7ca1105-8b8f-4dee-a332-17c93bb5c040,2.0,,,,,,,,,,,,,,,,,,,,,,,,,,,,,,,,,,,"(-6.6, 0.8, 0.0)","(-6.8, 1.3, 0.0)","(-6.9, 0.8, -0.2)",
PLAYER_GAZE,193914,6/26/2026 11:33:28 AM,e7ca1105-8b8f-4dee-a332-17c93bb5c040,2.0,,,,,,,,,,,,,,,,,,,,,,,,Military PT 11,,,,,,,,,"(-0.3, 1.3, 0.3)",,,"(-6.4, 0.0, -0.3)",
PLAYER_POSITIONS,193914,6/26/2026 11:33:28 AM,e7ca1105-8b8f-4dee-a332-17c93bb5c040,2.0,,,,,,,,,,,,,,,,,,,,,,,,,,,,,,,,,,,"(-6.6, 0.8, 0.0)","(-6.8, 1.3, 0.0)","(-6.9, 0.8, -0.2)",
PLAYER_GAZE,193914,6/26/2026 11:33:28 AM,e7ca1105-8b8f-4dee-a332-17c93bb5c040,2.0,,,,,,,,,,,,,,,,,,,,,,,,Military PT 11,,,,,,,,,"(-0.3, 1.3, 0.3)",,,"(-6.4, 0.0, -0.3)",
PLAYER_POSITIONS,194413,6/26/2026 11:33:29 AM,e7ca1105-8b8f-4dee-a332-17c93bb5c040,2.0,,,,,,,,,,,,,,,,,,,,,,,,,,,,,,,,,,,"(-6.8, 0.8, 0.5)","(-7.0, 1.3, 0.5)","(-7.1, 0.8, 0.2)",
PLAYER_GAZE,194413,6/26/2026 11:33:29 AM,e7ca1105-8b8f-4dee-a332-17c93bb5c040,2.0,,,,,,,,,,,,,,,,,,,,,,,,Military PT 11,,,,,,,,,"(-0.5, 1.3, 0.8)",,,"(-6.4, 0.0, -0.3)",
PLAYER_POSITIONS,194413,6/26/2026 11:33:29 AM,e7ca1105-8b8f-4dee-a332-17c93bb5c040,2.0,,,,,,,,,,,,,,,,,,,,,,,,,,,,,,,,,,,"(-6.8, 0.8, 0.5)","(-7.0, 1.3, 0.5)","(-7.1, 0.8, 0.2)",
PLAYER_GAZE,194413,6/26/2026 11:33:29 AM,e7ca1105-8b8f-4dee-a332-17c93bb5c040,2.0,,,,,,,,,,,,,,,,,,,,,,,,Military PT 11,,,,,,,,,"(-0.5, 1.3, 0.8)",,,"(-6.4, 0.0, -0.3)",
PLAYER_POSITIONS,194941,6/26/2026 11:33:29 AM,e7ca1105-8b8f-4dee-a332-17c93bb5c040,2.0,,,,,,,,,,,,,,,,,,,,,,,,,,,,,,,,,,,"(-6.5, 0.8, 0.5)","(-6.7, 1.4, 0.5)","(-6.8, 0.8, 0.2)",
PLAYER_POSITIONS,194941,6/26/2026 11:33:29 AM,e7ca1105-8b8f-4dee-a332-17c93bb5c040,2.0,,,,,,,,,,,,,,,,,,,,,,,,,,,,,,,,,,,"(-6.5, 0.8, 0.5)","(-6.7, 1.4, 0.5)","(-6.8, 0.8, 0.2)",
AUDIO_START,195427,6/26/2026 11:33:30 AM,e7ca1105-8b8f-4dee-a332-17c93bb5c040,2.0,echo can you suppress that target,3.578775,
PLAYER_POSITIONS,195446,6/26/2026 11:33:30 AM,e7ca1105-8b8f-4dee-a332-17c93bb5c040,2.0,,,,,,,,,,,,,,,,,,,,,,,,,,,,,,,,,,,"(-6.5, 0.8, 0.4)","(-6.7, 1.3, 0.4)","(-6.8, 0.8, 0.2)",
PLAYER_POSITIONS,195446,6/26/2026 11:33:30 AM,e7ca1105-8b8f-4dee-a332-17c93bb5c040,2.0,,,,,,,,,,,,,,,,,,,,,,,,,,,,,,,,,,,"(-6.5, 0.8, 0.4)","(-6.7, 1.3, 0.4)","(-6.8, 0.8, 0.2)",
PLAYER_POSITIONS,195969,6/26/2026 11:33:30 AM,e7ca1105-8b8f-4dee-a332-17c93bb5c040,2.0,,,,,,,,,,,,,,,,,,,,,,,,,,,,,,,,,,,"(-6.3, 0.8, 0.1)","(-6.5, 1.3, 0.1)","(-6.6, 0.9, 0.0)",
PLAYER_POSITIONS,195969,6/26/2026 11:33:30 AM,e7ca1105-8b8f-4dee-a332-17c93bb5c040,2.0,,,,,,,,,,,,,,,,,,,,,,,,,,,,,,,,,,,"(-6.3, 0.8, 0.1)","(-6.5, 1.3, 0.1)","(-6.6, 0.9, 0.0)",
PLAYER_POSITIONS,196473,6/26/2026 11:33:31 AM,e7ca1105-8b8f-4dee-a332-17c93bb5c040,2.0,,,,,,,,,,,,,,,,,,,,,,,,,,,,,,,,,,,"(-6.3, 0.6, 0.1)","(-6.5, 1.2, 0.1)","(-6.4, 0.8, -0.1)",
PLAYER_GAZE,196473,6/26/2026 11:33:31 AM,e7ca1105-8b8f-4dee-a332-17c93bb5c040,2.0,,,,,,,,,,,,,,,,,,,,,,,,Military PT 11,,,,,,,,,"(0.0, 1.2, 0.4)",,,"(-6.4, 0.0, -0.3)",
PLAYER_POSITIONS,196473,6/26/2026 11:33:31 AM,e7ca1105-8b8f-4dee-a332-17c93bb5c040,2.0,,,,,,,,,,,,,,,,,,,,,,,,,,,,,,,,,,,"(-6.3, 0.6, 0.1)","(-6.5, 1.2, 0.1)","(-6.4, 0.8, -0.1)",
PLAYER_GAZE,196473,6/26/2026 11:33:31 AM,e7ca1105-8b8f-4dee-a332-17c93bb5c040,2.0,,,,,,,,,,,,,,,,,,,,,,,,Military PT 11,,,,,,,,,"(0.0, 1.2, 0.4)",,,"(-6.4, 0.0, -0.3)",
PLAYER_POSITIONS,196972,6/26/2026 11:33:31 AM,e7ca1105-8b8f-4dee-a332-17c93bb5c040,2.0,,,,,,,,,,,,,,,,,,,,,,,,,,,,,,,,,,,"(-6.3, 0.5, 0.0)","(-6.6, 0.9, 0.1)","(-6.5, 0.7, -0.1)",
PLAYER_POSITIONS,196972,6/26/2026 11:33:31 AM,e7ca1105-8b8f-4dee-a332-17c93bb5c040,2.0,,,,,,,,,,,,,,,,,,,,,,,,,,,,,,,,,,,"(-6.3, 0.5, 0.0)","(-6.6, 0.9, 0.1)","(-6.5, 0.7, -0.1)",
PLAYER_POSITIONS,197473,6/26/2026 11:33:32 AM,e7ca1105-8b8f-4dee-a332-17c93bb5c040,2.0,,,,,,,,,,,,,,,,,,,,,,,,,,,,,,,,,,,"(-6.3, 0.4, 0.0)","(-6.6, 0.9, 0.0)","(-6.8, 0.3, -0.2)",
PLAYER_POSITIONS,197473,6/26/2026 11:33:32 AM,e7ca1105-8b8f-4dee-a332-17c93bb5c040,2.0,,,,,,,,,,,,,,,,,,,,,,,,,,,,,,,,,,,"(-6.3, 0.4, 0.0)","(-6.6, 0.9, 0.0)","(-6.8, 0.3, -0.2)",
PLAYER_POSITIONS,198000,6/26/2026 11:33:32 AM,e7ca1105-8b8f-4dee-a332-17c93bb5c040,2.0,,,,,,,,,,,,,,,,,,,,,,,,,,,,,,,,,,,"(-6.4, 0.4, 0.0)","(-6.6, 0.9, 0.0)","(-7.0, 0.3, -0.2)",
PLAYER_GAZE,198000,6/26/2026 11:33:32 AM,e7ca1105-8b8f-4dee-a332-17c93bb5c040,2.0,,,,,,,,,,,,,,,,,,,,,,,,Military PT 11,,,,,,,,,"(-0.2, 0.9, 0.3)",,,"(-6.4, 0.0, -0.3)",
PLAYER_POSITIONS,198000,6/26/2026 11:33:32 AM,e7ca1105-8b8f-4dee-a332-17c93bb5c040,2.0,,,,,,,,,,,,,,,,,,,,,,,,,,,,,,,,,,,"(-6.4, 0.4, 0.0)","(-6.6, 0.9, 0.0)","(-7.0, 0.3, -0.2)",
PLAYER_GAZE,198000,6/26/2026 11:33:32 AM,e7ca1105-8b8f-4dee-a332-17c93bb5c040,2.0,,,,,,,,,,,,,,,,,,,,,,,,Military PT 11,,,,,,,,,"(-0.2, 0.9, 0.3)",,,"(-6.4, 0.0, -0.3)",
TOOL_HOVER,198470,6/26/2026 11:33:33 AM,e7ca1105-8b8f-4dee-a332-17c93bb5c040,2.0,,,,,,,,,,,,,,,,,,,,,,,,,,,,,,,,,,,,,,,,,,,,,,998,,Decompression Needle,
PLAYER_POSITIONS,198500,6/26/2026 11:33:33 AM,e7ca1105-8b8f-4dee-a332-17c93bb5c040,2.0,,,,,,,,,,,,,,,,,,,,,,,,,,,,,,,,,,,"(-6.4, 0.4, 0.0)","(-6.7, 0.9, 0.0)","(-7.1, 0.5, -0.2)",
PLAYER_POSITIONS,198500,6/26/2026 11:33:33 AM,e7ca1105-8b8f-4dee-a332-17c93bb5c040,2.0,,,,,,,,,,,,,,,,,,,,,,,,,,,,,,,,,,,"(-6.4, 0.4, 0.0)","(-6.7, 0.9, 0.0)","(-7.1, 0.5, -0.2)",
TOOL_HOVER,198678,6/26/2026 11:33:33 AM,e7ca1105-8b8f-4dee-a332-17c93bb5c040,2.0,,,,,,,,,,,,,,,,,,,,,,,,,,,,,,,,,,,,,,,,,,,,,,997,,IV Blood,
AUDIO_END,199000,6/26/2026 11:33:33 AM,e7ca1105-8b8f-4dee-a332-17c93bb5c040,2.0,echo can you suppress that target,3.578775,
NARRATIVE_SECTION_END,199000,6/26/2026 11:33:33 AM,e7ca1105-8b8f-4dee-a332-17c93bb5c040,2.0,,,,,,,,,,,,,,,,,,Echo can you suppress,21,
NARRATIVE_SECTION_START,199023,6/26/2026 11:33:33 AM,e7ca1105-8b8f-4dee-a332-17c93bb5c040,2.0,,,,,,,,,,,,,,,,,,Negative we need a show of force,22,
PLAYER_POSITIONS,199028,6/26/2026 11:33:33 AM,e7ca1105-8b8f-4dee-a332-17c93bb5c040,2.0,,,,,,,,,,,,,,,,,,,,,,,,,,,,,,,,,,,"(-6.4, 0.4, 0.0)","(-6.7, 0.9, 0.0)","(-6.9, 0.6, -0.4)",
PLAYER_GAZE,199028,6/26/2026 11:33:33 AM,e7ca1105-8b8f-4dee-a332-17c93bb5c040,2.0,,,,,,,,,,,,,,,,,,,,,,,,Military PT 11,,,,,,,,,"(-0.3, 0.9, 0.2)",,,"(-6.4, 0.0, -0.3)",
PLAYER_POSITIONS,199028,6/26/2026 11:33:33 AM,e7ca1105-8b8f-4dee-a332-17c93bb5c040,2.0,,,,,,,,,,,,,,,,,,,,,,,,,,,,,,,,,,,"(-6.4, 0.4, 0.0)","(-6.7, 0.9, 0.0)","(-6.9, 0.6, -0.4)",
PLAYER_GAZE,199028,6/26/2026 11:33:33 AM,e7ca1105-8b8f-4dee-a332-17c93bb5c040,2.0,,,,,,,,,,,,,,,,,,,,,,,,Military PT 11,,,,,,,,,"(-0.3, 0.9, 0.2)",,,"(-6.4, 0.0, -0.3)",
TOOL_HOVER,199053,6/26/2026 11:33:33 AM,e7ca1105-8b8f-4dee-a332-17c93bb5c040,2.0,,,,,,,,,,,,,,,,,,,,,,,,,,,,,,,,,,,,,,,,,,,,,,998,,Chest Seal,
TOOL_HOVER,199248,6/26/2026 11:33:33 AM,e7ca1105-8b8f-4dee-a332-17c93bb5c040,2.0,,,,,,,,,,,,,,,,,,,,,,,,,,,,,,,,,,,,,,,,,,,,,,999,,Hemostatic Gauze,
TOOL_HOVER,199362,6/26/2026 11:33:34 AM,e7ca1105-8b8f-4dee-a332-17c93bb5c040,2.0,,,,,,,,,,,,,,,,,,,,,,,,,,,,,,,,,,,,,,,,,,,,,,999,,Israeli Wrap,
PLAYER_POSITIONS,199528,6/26/2026 11:33:34 AM,e7ca1105-8b8f-4dee-a332-17c93bb5c040,2.0,,,,,,,,,,,,,,,,,,,,,,,,,,,,,,,,,,,"(-6.4, 0.5, 0.0)","(-6.7, 0.9, -0.1)","(-7.0, 0.5, -0.5)",
PLAYER_GAZE,199528,6/26/2026 11:33:34 AM,e7ca1105-8b8f-4dee-a332-17c93bb5c040,2.0,,,,,,,,,,,,,,,,,,,,,,,,Military PT 11,,,,,,,,,"(-0.3, 0.9, 0.2)",,,"(-6.4, 0.0, -0.3)",
PLAYER_POSITIONS,199528,6/26/2026 11:33:34 AM,e7ca1105-8b8f-4dee-a332-17c93bb5c040,2.0,,,,,,,,,,,,,,,,,,,,,,,,,,,,,,,,,,,"(-6.4, 0.5, 0.0)","(-6.7, 0.9, -0.1)","(-7.0, 0.5, -0.5)",
PLAYER_GAZE,199528,6/26/2026 11:33:34 AM,e7ca1105-8b8f-4dee-a332-17c93bb5c040,2.0,,,,,,,,,,,,,,,,,,,,,,,,Military PT 11,,,,,,,,,"(-0.3, 0.9, 0.2)",,,"(-6.4, 0.0, -0.3)",
TOOL_HOVER,199867,6/26/2026 11:33:34 AM,e7ca1105-8b8f-4dee-a332-17c93bb5c040,2.0,,,,,,,,,,,,,,,,,,,,,,,,,,,,,,,,,,,,,,,,,,,,,,999,,Gauze Wrap,
PLAYER_POSITIONS,200037,6/26/2026 11:33:34 AM,e7ca1105-8b8f-4dee-a332-17c93bb5c040,2.0,,,,,,,,,,,,,,,,,,,,,,,,,,,,,,,,,,,"(-6.4, 0.5, 0.0)","(-6.7, 0.9, -0.1)","(-6.9, 0.5, -0.5)",
PLAYER_GAZE,200037,6/26/2026 11:33:34 AM,e7ca1105-8b8f-4dee-a332-17c93bb5c040,2.0,,,,,,,,,,,,,,,,,,,,,,,,Military PT 11,,,,,,,,,"(-0.3, 0.9, 0.2)",,,"(-6.4, 0.0, -0.3)",
PLAYER_POSITIONS,200037,6/26/2026 11:33:34 AM,e7ca1105-8b8f-4dee-a332-17c93bb5c040,2.0,,,,,,,,,,,,,,,,,,,,,,,,,,,,,,,,,,,"(-6.4, 0.5, 0.0)","(-6.7, 0.9, -0.1)","(-6.9, 0.5, -0.5)",
PLAYER_GAZE,200037,6/26/2026 11:33:34 AM,e7ca1105-8b8f-4dee-a332-17c93bb5c040,2.0,,,,,,,,,,,,,,,,,,,,,,,,Military PT 11,,,,,,,,,"(-0.3, 0.9, 0.2)",,,"(-6.4, 0.0, -0.3)",
TOOL_HOVER,200187,6/26/2026 11:33:34 AM,e7ca1105-8b8f-4dee-a332-17c93bb5c040,2.0,,,,,,,,,,,,,,,,,,,,,,,,,,,,,,,,,,,,,,,,,,,,,,999,,Israeli Wrap,
TOOL_SELECTED,200368,6/26/2026 11:33:35 AM,e7ca1105-8b8f-4dee-a332-17c93bb5c040,2.0,,,,,,,,,,,,,,,,,,,,,,,,,,,,,,,,,,,,,,,,,,,,,,998,,Israeli Wrap,
PLAYER_POSITIONS,200537,6/26/2026 11:33:35 AM,e7ca1105-8b8f-4dee-a332-17c93bb5c040,2.0,,,,,,,,,,,,,,,,,,,,,,,,,,,,,,,,,,,"(-6.4, 0.5, 0.0)","(-6.8, 0.9, -0.1)","(-7.0, 0.4, -0.5)",
PLAYER_GAZE,200537,6/26/2026 11:33:35 AM,e7ca1105-8b8f-4dee-a332-17c93bb5c040,2.0,,,,,,,,,,,,,,,,,,,,,,,,Military PT 11,,,,,,,,,"(-0.3, 0.9, 0.2)",,,"(-6.4, 0.0, -0.3)",
PLAYER_POSITIONS,200537,6/26/2026 11:33:35 AM,e7ca1105-8b8f-4dee-a332-17c93bb5c040,2.0,,,,,,,,,,,,,,,,,,,,,,,,,,,,,,,,,,,"(-6.4, 0.5, 0.0)","(-6.8, 0.9, -0.1)","(-7.0, 0.4, -0.5)",
PLAYER_GAZE,200537,6/26/2026 11:33:35 AM,e7ca1105-8b8f-4dee-a332-17c93bb5c040,2.0,,,,,,,,,,,,,,,,,,,,,,,,Military PT 11,,,,,,,,,"(-0.3, 0.9, 0.2)",,,"(-6.4, 0.0, -0.3)",
AUDIO_START,201022,6/26/2026 11:33:35 AM,e7ca1105-8b8f-4dee-a332-17c93bb5c040,2.0,negative we need a show of force,5.067755,
PLAYER_POSITIONS,201041,6/26/2026 11:33:35 AM,e7ca1105-8b8f-4dee-a332-17c93bb5c040,2.0,,,,,,,,,,,,,,,,,,,,,,,,,,,,,,,,,,,"(-6.4, 0.5, 0.1)","(-6.6, 0.8, -0.1)","(-6.6, 0.3, -0.4)",
PLAYER_POSITIONS,201041,6/26/2026 11:33:35 AM,e7ca1105-8b8f-4dee-a332-17c93bb5c040,2.0,,,,,,,,,,,,,,,,,,,,,,,,,,,,,,,,,,,"(-6.4, 0.5, 0.1)","(-6.6, 0.8, -0.1)","(-6.6, 0.3, -0.4)",
PLAYER_POSITIONS,201562,6/26/2026 11:33:36 AM,e7ca1105-8b8f-4dee-a332-17c93bb5c040,2.0,,,,,,,,,,,,,,,,,,,,,,,,,,,,,,,,,,,"(-6.4, 0.5, 0.1)","(-6.6, 0.8, -0.1)","(-6.6, 0.3, -0.5)",
PLAYER_POSITIONS,201562,6/26/2026 11:33:36 AM,e7ca1105-8b8f-4dee-a332-17c93bb5c040,2.0,,,,,,,,,,,,,,,,,,,,,,,,,,,,,,,,,,,"(-6.4, 0.5, 0.1)","(-6.6, 0.8, -0.1)","(-6.6, 0.3, -0.5)",
INJURY_TREATED,202013,6/26/2026 11:33:36 AM,e7ca1105-8b8f-4dee-a332-17c93bb5c040,2.0,,,,,,,,,leftForearm,L Forearm Abrasion,"(-6.6, 0.3, -0.6)",gauzeWrap,1,1,low,True,True,,,,,,,Military PT 11,
TOOL_APPLIED,202013,6/26/2026 11:33:36 AM,e7ca1105-8b8f-4dee-a332-17c93bb5c040,2.0,,,,,,,,,,,,,,,,,,,,,,,,Military PT 11,,,,,,,,,,,,,,,,,,,,AppliedIsraeliWrap,skinCollider_BodyCollideLOD (UnityEngine.GameObject),,Israeli Wrap(Clone) (UnityEngine.GameObject),Israeli Wrap,
PLAYER_POSITIONS,202062,6/26/2026 11:33:36 AM,e7ca1105-8b8f-4dee-a332-17c93bb5c040,2.0,,,,,,,,,,,,,,,,,,,,,,,,,,,,,,,,,,,"(-6.4, 0.5, 0.1)","(-6.6, 0.8, -0.1)","(-6.6, 0.3, -0.5)",
PLAYER_POSITIONS,202062,6/26/2026 11:33:36 AM,e7ca1105-8b8f-4dee-a332-17c93bb5c040,2.0,,,,,,,,,,,,,,,,,,,,,,,,,,,,,,,,,,,"(-6.4, 0.5, 0.1)","(-6.6, 0.8, -0.1)","(-6.6, 0.3, -0.5)",
PLAYER_POSITIONS,202594,6/26/2026 11:33:37 AM,e7ca1105-8b8f-4dee-a332-17c93bb5c040,2.0,,,,,,,,,,,,,,,,,,,,,,,,,,,,,,,,,,,"(-6.4, 0.5, 0.1)","(-6.5, 0.8, -0.1)","(-6.6, 0.3, -0.4)",
PLAYER_POSITIONS,202594,6/26/2026 11:33:37 AM,e7ca1105-8b8f-4dee-a332-17c93bb5c040,2.0,,,,,,,,,,,,,,,,,,,,,,,,,,,,,,,,,,,"(-6.4, 0.5, 0.1)","(-6.5, 0.8, -0.1)","(-6.6, 0.3, -0.4)",
BAG_CLOSED,202644,6/26/2026 11:33:37 AM,e7ca1105-8b8f-4dee-a332-17c93bb5c040,2.0,,,,,,,,,,,,,,,,,,,,,,,,,,,,,,,,,,,,"(0.0, 0.0, 0.0)",
PLAYER_POSITIONS,203123,6/26/2026 11:33:37 AM,e7ca1105-8b8f-4dee-a332-17c93bb5c040,2.0,,,,,,,,,,,,,,,,,,,,,,,,,,,,,,,,,,,"(-6.1, 0.5, 0.1)","(-6.3, 0.9, 0.0)","(-6.3, 0.4, -0.2)",
PLAYER_POSITIONS,203123,6/26/2026 11:33:37 AM,e7ca1105-8b8f-4dee-a332-17c93bb5c040,2.0,,,,,,,,,,,,,,,,,,,,,,,,,,,,,,,,,,,"(-6.1, 0.5, 0.1)","(-6.3, 0.9, 0.0)","(-6.3, 0.4, -0.2)",
PLAYER_POSITIONS,203619,6/26/2026 11:33:38 AM,e7ca1105-8b8f-4dee-a332-17c93bb5c040,2.0,,,,,,,,,,,,,,,,,,,,,,,,,,,,,,,,,,,"(-5.9, 0.5, -0.1)","(-6.2, 0.9, -0.2)","(-6.2, 0.5, -0.4)",
PLAYER_POSITIONS,203619,6/26/2026 11:33:38 AM,e7ca1105-8b8f-4dee-a332-17c93bb5c040,2.0,,,,,,,,,,,,,,,,,,,,,,,,,,,,,,,,,,,"(-5.9, 0.5, -0.1)","(-6.2, 0.9, -0.2)","(-6.2, 0.5, -0.4)",
PLAYER_POSITIONS,204123,6/26/2026 11:33:38 AM,e7ca1105-8b8f-4dee-a332-17c93bb5c040,2.0,,,,,,,,,,,,,,,,,,,,,,,,,,,,,,,,,,,"(-5.9, 0.5, -0.1)","(-6.2, 0.8, -0.2)","(-6.3, 0.4, -0.4)",
PLAYER_POSITIONS,204123,6/26/2026 11:33:38 AM,e7ca1105-8b8f-4dee-a332-17c93bb5c040,2.0,,,,,,,,,,,,,,,,,,,,,,,,,,,,,,,,,,,"(-5.9, 0.5, -0.1)","(-6.2, 0.8, -0.2)","(-6.3, 0.4, -0.4)",
VOICE_CAPTURE,204222,6/26/2026 11:33:38 AM,e7ca1105-8b8f-4dee-a332-17c93bb5c040,2.0,,,,,,,,,,,,,,,,,,,,,,,,,,,,,,,,,,,,,,,,,,,,,,,,,,,NA,Lay down.,
PLAYER_POSITIONS,204665,6/26/2026 11:33:39 AM,e7ca1105-8b8f-4dee-a332-17c93bb5c040,2.0,,,,,,,,,,,,,,,,,,,,,,,,,,,,,,,,,,,"(-6.0, 0.5, -0.1)","(-6.2, 0.9, -0.2)","(-6.3, 0.4, -0.4)",
PLAYER_POSITIONS,204665,6/26/2026 11:33:39 AM,e7ca1105-8b8f-4dee-a332-17c93bb5c040,2.0,,,,,,,,,,,,,,,,,,,,,,,,,,,,,,,,,,,"(-6.0, 0.5, -0.1)","(-6.2, 0.9, -0.2)","(-6.3, 0.4, -0.4)",
VOICE_CAPTURE,204761,6/26/2026 11:33:39 AM,e7ca1105-8b8f-4dee-a332-17c93bb5c040,2.0,,,,,,,,,,,,,,,,,,,,,,,,,,,,,,,,,,,,,,,,,,,,,,,,,,,NA,Lay down.,
VOICE_CAPTURE,204761,6/26/2026 11:33:39 AM,e7ca1105-8b8f-4dee-a332-17c93bb5c040,2.0,,,,,,,,,,,,,,,,,,,,,,,,,,,,,,,,,,,,,,,,,,,,,,,,,,,NA,Lay down.,
VOICE_COMMAND,204761,6/26/2026 11:33:39 AM,e7ca1105-8b8f-4dee-a332-17c93bb5c040,2.0,,,,,,,,,,,,,,,,,,,,,,,,,,,,,,,,,,,,,,,,,,,,,,,,,,,Lay down.,lay down,
PLAYER_POSITIONS,205197,6/26/2026 11:33:39 AM,e7ca1105-8b8f-4dee-a332-17c93bb5c040,2.0,,,,,,,,,,,,,,,,,,,,,,,,,,,,,,,,,,,"(-6.0, 0.5, -0.1)","(-6.2, 0.9, -0.2)","(-6.3, 0.4, -0.4)",
PLAYER_POSITIONS,205197,6/26/2026 11:33:39 AM,e7ca1105-8b8f-4dee-a332-17c93bb5c040,2.0,,,,,,,,,,,,,,,,,,,,,,,,,,,,,,,,,,,"(-6.0, 0.5, -0.1)","(-6.2, 0.9, -0.2)","(-6.3, 0.4, -0.4)",
DRAG_STOP,205280,6/26/2026 11:33:40 AM,e7ca1105-8b8f-4dee-a332-17c93bb5c040,2.0,,,,,"(-6.8, 0.0, 2.1)","(-8.0, 0.0, 0.4)",,,,,,,,,,,,,,,,,,Military PT 11,
BUTTON_CLICKED,205388,6/26/2026 11:33:40 AM,e7ca1105-8b8f-4dee-a332-17c93bb5c040,2.0,,,lay down,
VOICE_CAPTURE,205388,6/26/2026 11:33:40 AM,e7ca1105-8b8f-4dee-a332-17c93bb5c040,2.0,,,,,,,,,,,,,,,,,,,,,,,,,,,,,,,,,,,,,,,,,,,,,,,,,,,NA,lay down,
VOICE_COMMAND,205388,6/26/2026 11:33:40 AM,e7ca1105-8b8f-4dee-a332-17c93bb5c040,2.0,,,,,,,,,,,,,,,,,,,,,,,,Military PT 11,,,,,,,,,,,,,,,,,,,,,,,,,,,lay down,lay down,
PLAYER_POSITIONS,205709,6/26/2026 11:33:40 AM,e7ca1105-8b8f-4dee-a332-17c93bb5c040,2.0,,,,,,,,,,,,,,,,,,,,,,,,,,,,,,,,,,,"(-6.0, 0.5, -0.1)","(-6.1, 0.8, -0.2)","(-6.2, 0.4, -0.4)",
PLAYER_POSITIONS,205709,6/26/2026 11:33:40 AM,e7ca1105-8b8f-4dee-a332-17c93bb5c040,2.0,,,,,,,,,,,,,,,,,,,,,,,,,,,,,,,,,,,"(-6.0, 0.5, -0.1)","(-6.1, 0.8, -0.2)","(-6.2, 0.4, -0.4)",
AUDIO_END,206098,6/26/2026 11:33:40 AM,e7ca1105-8b8f-4dee-a332-17c93bb5c040,2.0,negative we need a show of force,5.067755,
NARRATIVE_SECTION_END,206098,6/26/2026 11:33:40 AM,e7ca1105-8b8f-4dee-a332-17c93bb5c040,2.0,,,,,,,,,,,,,,,,,,Negative we need a show of force,22,
NARRATIVE_SECTION_START,206163,6/26/2026 11:33:40 AM,e7ca1105-8b8f-4dee-a332-17c93bb5c040,2.0,,,,,,,,,,,,,,,,,,Commanding officer approval,23,
PLAYER_POSITIONS,206237,6/26/2026 11:33:40 AM,e7ca1105-8b8f-4dee-a332-17c93bb5c040,2.0,,,,,,,,,,,,,,,,,,,,,,,,,,,,,,,,,,,"(-5.8, 0.5, -0.1)","(-6.0, 0.8, -0.1)","(-6.1, 0.4, -0.3)",
PLAYER_POSITIONS,206237,6/26/2026 11:33:40 AM,e7ca1105-8b8f-4dee-a332-17c93bb5c040,2.0,,,,,,,,,,,,,,,,,,,,,,,,,,,,,,,,,,,"(-5.8, 0.5, -0.1)","(-6.0, 0.8, -0.1)","(-6.1, 0.4, -0.3)",
PLAYER_POSITIONS,206737,6/26/2026 11:33:41 AM,e7ca1105-8b8f-4dee-a332-17c93bb5c040,2.0,,,,,,,,,,,,,,,,,,,,,,,,,,,,,,,,,,,"(-6.1, 0.5, 0.2)","(-6.3, 0.8, 0.2)","(-6.4, 0.3, 0.0)",
PLAYER_POSITIONS,206737,6/26/2026 11:33:41 AM,e7ca1105-8b8f-4dee-a332-17c93bb5c040,2.0,,,,,,,,,,,,,,,,,,,,,,,,,,,,,,,,,,,"(-6.1, 0.5, 0.2)","(-6.3, 0.8, 0.2)","(-6.4, 0.3, 0.0)",
PLAYER_POSITIONS,207238,6/26/2026 11:33:41 AM,e7ca1105-8b8f-4dee-a332-17c93bb5c040,2.0,,,,,,,,,,,,,,,,,,,,,,,,,,,,,,,,,,,"(-5.9, 0.5, 0.3)","(-6.1, 0.9, 0.2)","(-6.2, 0.4, 0.0)",
PLAYER_POSITIONS,207238,6/26/2026 11:33:41 AM,e7ca1105-8b8f-4dee-a332-17c93bb5c040,2.0,,,,,,,,,,,,,,,,,,,,,,,,,,,,,,,,,,,"(-5.9, 0.5, 0.3)","(-6.1, 0.9, 0.2)","(-6.2, 0.4, 0.0)",
PLAYER_POSITIONS,207767,6/26/2026 11:33:42 AM,e7ca1105-8b8f-4dee-a332-17c93bb5c040,2.0,,,,,,,,,,,,,,,,,,,,,,,,,,,,,,,,,,,"(-5.8, 0.5, 0.3)","(-6.1, 0.9, 0.2)","(-6.1, 0.5, -0.1)",
PLAYER_POSITIONS,207767,6/26/2026 11:33:42 AM,e7ca1105-8b8f-4dee-a332-17c93bb5c040,2.0,,,,,,,,,,,,,,,,,,,,,,,,,,,,,,,,,,,"(-5.8, 0.5, 0.3)","(-6.1, 0.9, 0.2)","(-6.1, 0.5, -0.1)",
AUDIO_START,208167,6/26/2026 11:33:42 AM,e7ca1105-8b8f-4dee-a332-17c93bb5c040,2.0,commanding officer approval,5.067755,
PLAYER_POSITIONS,208291,6/26/2026 11:33:43 AM,e7ca1105-8b8f-4dee-a332-17c93bb5c040,2.0,,,,,,,,,,,,,,,,,,,,,,,,,,,,,,,,,,,"(-5.8, 0.5, 0.2)","(-6.2, 0.9, 0.2)","(-6.3, 0.3, 0.0)",
PLAYER_GAZE,208291,6/26/2026 11:33:43 AM,e7ca1105-8b8f-4dee-a332-17c93bb5c040,2.0,,,,,,,,,,,,,,,,,,,,,,,,Military PT 11,,,,,,,,,"(0.3, 0.9, 0.5)",,,"(-6.4, 0.0, -0.3)",
PLAYER_POSITIONS,208291,6/26/2026 11:33:43 AM,e7ca1105-8b8f-4dee-a332-17c93bb5c040,2.0,,,,,,,,,,,,,,,,,,,,,,,,,,,,,,,,,,,"(-5.8, 0.5, 0.2)","(-6.2, 0.9, 0.2)","(-6.3, 0.3, 0.0)",
PLAYER_GAZE,208291,6/26/2026 11:33:43 AM,e7ca1105-8b8f-4dee-a332-17c93bb5c040,2.0,,,,,,,,,,,,,,,,,,,,,,,,Military PT 11,,,,,,,,,"(0.3, 0.9, 0.5)",,,"(-6.4, 0.0, -0.3)",
TOOL_HOVER,208455,6/26/2026 11:33:43 AM,e7ca1105-8b8f-4dee-a332-17c93bb5c040,2.0,,,,,,,,,,,,,,,,,,,,,,,,,,,,,,,,,,,,,,,,,,,,,,998,,Decompression Needle,
TOOL_HOVER,208650,6/26/2026 11:33:43 AM,e7ca1105-8b8f-4dee-a332-17c93bb5c040,2.0,,,,,,,,,,,,,,,,,,,,,,,,,,,,,,,,,,,,,,,,,,,,,,997,,Fentanyl Lollipop,
PLAYER_POSITIONS,208804,6/26/2026 11:33:43 AM,e7ca1105-8b8f-4dee-a332-17c93bb5c040,2.0,,,,,,,,,,,,,,,,,,,,,,,,,,,,,,,,,,,"(-5.8, 0.5, 0.2)","(-6.2, 0.9, 0.2)","(-6.5, 0.6, -0.1)",
PLAYER_GAZE,208804,6/26/2026 11:33:43 AM,e7ca1105-8b8f-4dee-a332-17c93bb5c040,2.0,,,,,,,,,,,,,,,,,,,,,,,,Military PT 11,,,,,,,,,"(0.3, 0.9, 0.5)",,,"(-6.4, 0.0, -0.3)",
PLAYER_POSITIONS,208804,6/26/2026 11:33:43 AM,e7ca1105-8b8f-4dee-a332-17c93bb5c040,2.0,,,,,,,,,,,,,,,,,,,,,,,,,,,,,,,,,,,"(-5.8, 0.5, 0.2)","(-6.2, 0.9, 0.2)","(-6.5, 0.6, -0.1)",
PLAYER_GAZE,208804,6/26/2026 11:33:43 AM,e7ca1105-8b8f-4dee-a332-17c93bb5c040,2.0,,,,,,,,,,,,,,,,,,,,,,,,Military PT 11,,,,,,,,,"(0.3, 0.9, 0.5)",,,"(-6.4, 0.0, -0.3)",
TOOL_SELECTED,208835,6/26/2026 11:33:43 AM,e7ca1105-8b8f-4dee-a332-17c93bb5c040,2.0,,,,,,,,,,,,,,,,,,,,,,,,,,,,,,,,,,,,,,,,,,,,,,996,,Fentanyl Lollipop,
PLAYER_POSITIONS,209318,6/26/2026 11:33:44 AM,e7ca1105-8b8f-4dee-a332-17c93bb5c040,2.0,,,,,,,,,,,,,,,,,,,,,,,,,,,,,,,,,,,"(-5.8, 0.5, 0.3)","(-6.0, 0.9, 0.2)","(-6.2, 0.4, -0.1)",
PLAYER_POSITIONS,209318,6/26/2026 11:33:44 AM,e7ca1105-8b8f-4dee-a332-17c93bb5c040,2.0,,,,,,,,,,,,,,,,,,,,,,,,,,,,,,,,,,,"(-5.8, 0.5, 0.3)","(-6.0, 0.9, 0.2)","(-6.2, 0.4, -0.1)",
VOICE_CAPTURE,209721,6/26/2026 11:33:44 AM,e7ca1105-8b8f-4dee-a332-17c93bb5c040,2.0,,,,,,,,,,,,,,,,,,,,,,,,,,,,,,,,,,,,,,,,,,,,,,,,,,,NA,Here.,
PLAYER_POSITIONS,209832,6/26/2026 11:33:44 AM,e7ca1105-8b8f-4dee-a332-17c93bb5c040,2.0,,,,,,,,,,,,,,,,,,,,,,,,,,,,,,,,,,,"(-5.7, 0.5, 0.4)","(-5.7, 0.7, 0.2)","(-5.7, 0.2, 0.0)",
PLAYER_POSITIONS,209832,6/26/2026 11:33:44 AM,e7ca1105-8b8f-4dee-a332-17c93bb5c040,2.0,,,,,,,,,,,,,,,,,,,,,,,,,,,,,,,,,,,"(-5.7, 0.5, 0.4)","(-5.7, 0.7, 0.2)","(-5.7, 0.2, 0.0)",
VOICE_CAPTURE,210207,6/26/2026 11:33:44 AM,e7ca1105-8b8f-4dee-a332-17c93bb5c040,2.0,,,,,,,,,,,,,,,,,,,,,,,,,,,,,,,,,,,,,,,,,,,,,,,,,,,NA,"Here, take this.",
PLAYER_POSITIONS,210345,6/26/2026 11:33:45 AM,e7ca1105-8b8f-4dee-a332-17c93bb5c040,2.0,,,,,,,,,,,,,,,,,,,,,,,,,,,,,,,,,,,"(-5.7, 0.5, 0.4)","(-5.7, 0.7, 0.2)","(-5.6, 0.1, -0.1)",
PLAYER_POSITIONS,210345,6/26/2026 11:33:45 AM,e7ca1105-8b8f-4dee-a332-17c93bb5c040,2.0,,,,,,,,,,,,,,,,,,,,,,,,,,,,,,,,,,,"(-5.7, 0.5, 0.4)","(-5.7, 0.7, 0.2)","(-5.6, 0.1, -0.1)",
INJURY_TREATED,210485,6/26/2026 11:33:45 AM,e7ca1105-8b8f-4dee-a332-17c93bb5c040,2.0,,,,,,,,,head,Unspecified,"(0.0, 0.0, 0.0)",none,1,1,none,True,False,,,,,,,Military PT 11,
TOOL_APPLIED,210485,6/26/2026 11:33:45 AM,e7ca1105-8b8f-4dee-a332-17c93bb5c040,2.0,,,,,,,,,,,,,,,,,,,,,,,,Military PT 11,,,,,,,,,,,,,,,,,,,,AppliedLollipop,Jaw (UnityEngine.GameObject),,Fentanyl Lollipop(Clone) (UnityEngine.GameObject),Fentanyl Lollipop,
VOICE_CAPTURE,210733,6/26/2026 11:33:45 AM,e7ca1105-8b8f-4dee-a332-17c93bb5c040,2.0,,,,,,,,,,,,,,,,,,,,,,,,,,,,,,,,,,,,,,,,,,,,,,,,,,,NA,"Here, take this.",
VOICE_CAPTURE,210733,6/26/2026 11:33:45 AM,e7ca1105-8b8f-4dee-a332-17c93bb5c040,2.0,,,,,,,,,,,,,,,,,,,,,,,,,,,,,,,,,,,,,,,,,,,,,,,,,,,NA,"Here, take this.",
PLAYER_POSITIONS,210872,6/26/2026 11:33:45 AM,e7ca1105-8b8f-4dee-a332-17c93bb5c040,2.0,,,,,,,,,,,,,,,,,,,,,,,,,,,,,,,,,,,"(-5.7, 0.5, 0.4)","(-5.7, 0.7, 0.2)","(-5.6, 0.1, -0.1)",
PLAYER_POSITIONS,210872,6/26/2026 11:33:45 AM,e7ca1105-8b8f-4dee-a332-17c93bb5c040,2.0,,,,,,,,,,,,,,,,,,,,,,,,,,,,,,,,,,,"(-5.7, 0.5, 0.4)","(-5.7, 0.7, 0.2)","(-5.6, 0.1, -0.1)",
VOICE_CAPTURE,211227,6/26/2026 11:33:45 AM,e7ca1105-8b8f-4dee-a332-17c93bb5c040,2.0,,,,,,,,,,,,,,,,,,,,,,,,,,,,,,,,,,,,,,,,,,,,,,,,,,,NA,it'll make you feel better.,
PLAYER_POSITIONS,211395,6/26/2026 11:33:46 AM,e7ca1105-8b8f-4dee-a332-17c93bb5c040,2.0,,,,,,,,,,,,,,,,,,,,,,,,,,,,,,,,,,,"(-5.7, 0.5, 0.4)","(-5.8, 0.8, 0.2)","(-5.9, 0.2, 0.1)",
PLAYER_POSITIONS,211395,6/26/2026 11:33:46 AM,e7ca1105-8b8f-4dee-a332-17c93bb5c040,2.0,,,,,,,,,,,,,,,,,,,,,,,,,,,,,,,,,,,"(-5.7, 0.5, 0.4)","(-5.8, 0.8, 0.2)","(-5.9, 0.2, 0.1)",
VOICE_CAPTURE,211727,6/26/2026 11:33:46 AM,e7ca1105-8b8f-4dee-a332-17c93bb5c040,2.0,,,,,,,,,,,,,,,,,,,,,,,,,,,,,,,,,,,,,,,,,,,,,,,,,,,NA,"it'll make you feel better. Take this, you'll make me feel better.",
PLAYER_POSITIONS,211922,6/26/2026 11:33:46 AM,e7ca1105-8b8f-4dee-a332-17c93bb5c040,2.0,,,,,,,,,,,,,,,,,,,,,,,,,,,,,,,,,,,"(-5.8, 0.5, 0.3)","(-6.1, 0.8, 0.2)","(-6.2, 0.4, 0.0)",
PLAYER_POSITIONS,211922,6/26/2026 11:33:46 AM,e7ca1105-8b8f-4dee-a332-17c93bb5c040,2.0,,,,,,,,,,,,,,,,,,,,,,,,,,,,,,,,,,,"(-5.8, 0.5, 0.3)","(-6.1, 0.8, 0.2)","(-6.2, 0.4, 0.0)",
VOICE_CAPTURE,212230,6/26/2026 11:33:46 AM,e7ca1105-8b8f-4dee-a332-17c93bb5c040,2.0,,,,,,,,,,,,,,,,,,,,,,,,,,,,,,,,,,,,,,,,,,,,,,,,,,,NA,"it'll make you feel better. Take this, you'll make it feel better.",
PLAYER_POSITIONS,212423,6/26/2026 11:33:47 AM,e7ca1105-8b8f-4dee-a332-17c93bb5c040,2.0,,,,,,,,,,,,,,,,,,,,,,,,,,,,,,,,,,,"(-5.8, 0.5, 0.3)","(-6.1, 0.8, 0.3)","(-6.2, 0.4, 0.0)",
PLAYER_POSITIONS,212423,6/26/2026 11:33:47 AM,e7ca1105-8b8f-4dee-a332-17c93bb5c040,2.0,,,,,,,,,,,,,,,,,,,,,,,,,,,,,,,,,,,"(-5.8, 0.5, 0.3)","(-6.1, 0.8, 0.3)","(-6.2, 0.4, 0.0)",
VOICE_CAPTURE,212758,6/26/2026 11:33:47 AM,e7ca1105-8b8f-4dee-a332-17c93bb5c040,2.0,,,,,,,,,,,,,,,,,,,,,,,,,,,,,,,,,,,,,,,,,,,,,,,,,,,NA,"it'll make you feel better. Take this, you'll make it feel better. You'll make it feel better.",
PLAYER_POSITIONS,212924,6/26/2026 11:33:47 AM,e7ca1105-8b8f-4dee-a332-17c93bb5c040,2.0,,,,,,,,,,,,,,,,,,,,,,,,,,,,,,,,,,,"(-5.8, 0.5, 0.3)","(-6.1, 0.8, 0.3)","(-6.5, 0.4, 0.0)",
PLAYER_POSITIONS,212924,6/26/2026 11:33:47 AM,e7ca1105-8b8f-4dee-a332-17c93bb5c040,2.0,,,,,,,,,,,,,,,,,,,,,,,,,,,,,,,,,,,"(-5.8, 0.5, 0.3)","(-6.1, 0.8, 0.3)","(-6.5, 0.4, 0.0)",
AUDIO_END,213230,6/26/2026 11:33:47 AM,e7ca1105-8b8f-4dee-a332-17c93bb5c040,2.0,commanding officer approval,5.067755,
NARRATIVE_SECTION_END,213230,6/26/2026 11:33:47 AM,e7ca1105-8b8f-4dee-a332-17c93bb5c040,2.0,,,,,,,,,,,,,,,,,,Commanding officer approval,23,
VOICE_CAPTURE,213257,6/26/2026 11:33:47 AM,e7ca1105-8b8f-4dee-a332-17c93bb5c040,2.0,,,,,,,,,,,,,,,,,,,,,,,,,,,,,,,,,,,,,,,,,,,,,,,,,,,NA,"it'll make you feel better. Take this, you'll make it feel better. You'll make it feel better.",
VOICE_CAPTURE,213257,6/26/2026 11:33:47 AM,e7ca1105-8b8f-4dee-a332-17c93bb5c040,2.0,,,,,,,,,,,,,,,,,,,,,,,,,,,,,,,,,,,,,,,,,,,,,,,,,,,NA,"it'll make you feel better. Take this, you'll make it feel better. You'll make it feel better.",
VOICE_COMMAND,213257,6/26/2026 11:33:47 AM,e7ca1105-8b8f-4dee-a332-17c93bb5c040,2.0,,,,,,,,,,,,,,,,,,,,,,,,,,,,,,,,,,,,,,,,,,,,,,,,,,,"it'll make you feel better. Take this, you'll make it feel better. You'll make it feel better.",how do you feel,
NARRATIVE_SECTION_START,213280,6/26/2026 11:33:48 AM,e7ca1105-8b8f-4dee-a332-17c93bb5c040,2.0,,,,,,,,,,,,,,,,,,Show of force approved,24,
PLAYER_POSITIONS,213452,6/26/2026 11:33:48 AM,e7ca1105-8b8f-4dee-a332-17c93bb5c040,2.0,,,,,,,,,,,,,,,,,,,,,,,,,,,,,,,,,,,"(-5.8, 0.5, 0.2)","(-6.1, 0.8, 0.3)","(-6.6, 0.4, 0.0)",
PLAYER_POSITIONS,213452,6/26/2026 11:33:48 AM,e7ca1105-8b8f-4dee-a332-17c93bb5c040,2.0,,,,,,,,,,,,,,,,,,,,,,,,,,,,,,,,,,,"(-5.8, 0.5, 0.2)","(-6.1, 0.8, 0.3)","(-6.6, 0.4, 0.0)",
PLAYER_POSITIONS,213965,6/26/2026 11:33:48 AM,e7ca1105-8b8f-4dee-a332-17c93bb5c040,2.0,,,,,,,,,,,,,,,,,,,,,,,,,,,,,,,,,,,"(-5.8, 0.5, 0.2)","(-6.2, 0.8, 0.3)","(-6.5, 0.4, 0.2)",
PLAYER_GAZE,213965,6/26/2026 11:33:48 AM,e7ca1105-8b8f-4dee-a332-17c93bb5c040,2.0,,,,,,,,,,,,,,,,,,,,,,,,Military PT 11,,,,,,,,,"(0.3, 0.8, 0.6)",,,"(-6.4, 0.0, -0.3)",
PLAYER_POSITIONS,213965,6/26/2026 11:33:48 AM,e7ca1105-8b8f-4dee-a332-17c93bb5c040,2.0,,,,,,,,,,,,,,,,,,,,,,,,,,,,,,,,,,,"(-5.8, 0.5, 0.2)","(-6.2, 0.8, 0.3)","(-6.5, 0.4, 0.2)",
PLAYER_GAZE,213965,6/26/2026 11:33:48 AM,e7ca1105-8b8f-4dee-a332-17c93bb5c040,2.0,,,,,,,,,,,,,,,,,,,,,,,,Military PT 11,,,,,,,,,"(0.3, 0.8, 0.6)",,,"(-6.4, 0.0, -0.3)",
VOICE_CAPTURE,214242,6/26/2026 11:33:48 AM,e7ca1105-8b8f-4dee-a332-17c93bb5c040,2.0,,,,,,,,,,,,,,,,,,,,,,,,,,,,,,,,,,,,,,,,,,,,,,,,,,,NA,Hopefully comb me down a little bit.,
PLAYER_POSITIONS,214492,6/26/2026 11:33:49 AM,e7ca1105-8b8f-4dee-a332-17c93bb5c040,2.0,,,,,,,,,,,,,,,,,,,,,,,,,,,,,,,,,,,"(-5.8, 0.5, 0.3)","(-6.1, 0.8, 0.3)","(-6.5, 0.4, 0.2)",
PLAYER_POSITIONS,214492,6/26/2026 11:33:49 AM,e7ca1105-8b8f-4dee-a332-17c93bb5c040,2.0,,,,,,,,,,,,,,,,,,,,,,,,,,,,,,,,,,,"(-5.8, 0.5, 0.3)","(-6.1, 0.8, 0.3)","(-6.5, 0.4, 0.2)",
VOICE_CAPTURE,214737,6/26/2026 11:33:49 AM,e7ca1105-8b8f-4dee-a332-17c93bb5c040,2.0,,,,,,,,,,,,,,,,,,,,,,,,,,,,,,,,,,,,,,,,,,,,,,,,,,,NA,Hopefully calm me down a little bit.,
PLAYER_POSITIONS,215016,6/26/2026 11:33:49 AM,e7ca1105-8b8f-4dee-a332-17c93bb5c040,2.0,,,,,,,,,,,,,,,,,,,,,,,,,,,,,,,,,,,"(-5.8, 0.5, 0.2)","(-6.2, 0.8, 0.3)","(-6.6, 0.4, 0.2)",
PLAYER_POSITIONS,215016,6/26/2026 11:33:49 AM,e7ca1105-8b8f-4dee-a332-17c93bb5c040,2.0,,,,,,,,,,,,,,,,,,,,,,,,,,,,,,,,,,,"(-5.8, 0.5, 0.2)","(-6.2, 0.8, 0.3)","(-6.6, 0.4, 0.2)",
TAG_SELECTED,215151,6/26/2026 11:33:49 AM,e7ca1105-8b8f-4dee-a332-17c93bb5c040,2.0,,,,,,,,,,,,,,,,,,,,,,,,,,,,,,,,,,,,,,,,,,green,
VOICE_CAPTURE,215235,6/26/2026 11:33:49 AM,e7ca1105-8b8f-4dee-a332-17c93bb5c040,2.0,,,,,,,,,,,,,,,,,,,,,,,,,,,,,,,,,,,,,,,,,,,,,,,,,,,NA,Hopefully calm me down a little bit.,
VOICE_CAPTURE,215235,6/26/2026 11:33:49 AM,e7ca1105-8b8f-4dee-a332-17c93bb5c040,2.0,,,,,,,,,,,,,,,,,,,,,,,,,,,,,,,,,,,,,,,,,,,,,,,,,,,NA,Hopefully calm me down a little bit.,
VOICE_COMMAND,215235,6/26/2026 11:33:49 AM,e7ca1105-8b8f-4dee-a332-17c93bb5c040,2.0,,,,,,,,,,,,,,,,,,,,,,,,,,,,,,,,,,,,,,,,,,,,,,,,,,,Hopefully calm me down a little bit.,lay down,
AUDIO_START,215269,6/26/2026 11:33:49 AM,e7ca1105-8b8f-4dee-a332-17c93bb5c040,2.0,show of force approved,5.067755,
PLAYER_POSITIONS,215528,6/26/2026 11:33:50 AM,e7ca1105-8b8f-4dee-a332-17c93bb5c040,2.0,,,,,,,,,,,,,,,,,,,,,,,,,,,,,,,,,,,"(-5.8, 0.5, 0.3)","(-6.1, 0.7, 0.2)","(-6.2, 0.0, 0.2)",
PLAYER_POSITIONS,215528,6/26/2026 11:33:50 AM,e7ca1105-8b8f-4dee-a332-17c93bb5c040,2.0,,,,,,,,,,,,,,,,,,,,,,,,,,,,,,,,,,,"(-5.8, 0.5, 0.3)","(-6.1, 0.7, 0.2)","(-6.2, 0.0, 0.2)",
TAG_APPLIED,215918,6/26/2026 11:33:50 AM,e7ca1105-8b8f-4dee-a332-17c93bb5c040,2.0,,,,,,,,,,,,,,,,,,,,,,,,Military PT 11,,,,,,,,,,,,,,,,,,green,
PLAYER_POSITIONS,216042,6/26/2026 11:33:50 AM,e7ca1105-8b8f-4dee-a332-17c93bb5c040,2.0,,,,,,,,,,,,,,,,,,,,,,,,,,,,,,,,,,,"(-5.8, 0.5, 0.3)","(-6.0, 0.6, 0.2)","(-6.1, -0.1, 0.2)",
PLAYER_POSITIONS,216042,6/26/2026 11:33:50 AM,e7ca1105-8b8f-4dee-a332-17c93bb5c040,2.0,,,,,,,,,,,,,,,,,,,,,,,,,,,,,,,,,,,"(-5.8, 0.5, 0.3)","(-6.0, 0.6, 0.2)","(-6.1, -0.1, 0.2)",
PLAYER_POSITIONS,216544,6/26/2026 11:33:51 AM,e7ca1105-8b8f-4dee-a332-17c93bb5c040,2.0,,,,,,,,,,,,,,,,,,,,,,,,,,,,,,,,,,,"(-5.8, 0.5, 0.2)","(-6.2, 0.8, 0.2)","(-6.6, 0.4, 0.1)",
PLAYER_POSITIONS,216544,6/26/2026 11:33:51 AM,e7ca1105-8b8f-4dee-a332-17c93bb5c040,2.0,,,,,,,,,,,,,,,,,,,,,,,,,,,,,,,,,,,"(-5.8, 0.5, 0.2)","(-6.2, 0.8, 0.2)","(-6.6, 0.4, 0.1)",
TOOL_HOVER,216750,6/26/2026 11:33:51 AM,e7ca1105-8b8f-4dee-a332-17c93bb5c040,2.0,,,,,,,,,,,,,,,,,,,,,,,,,,,,,,,,,,,,,,,,,,,,,,998,,Nasal Airway,
PLAYER_POSITIONS,217057,6/26/2026 11:33:51 AM,e7ca1105-8b8f-4dee-a332-17c93bb5c040,2.0,,,,,,,,,,,,,,,,,,,,,,,,,,,,,,,,,,,"(-5.8, 0.4, 0.2)","(-6.2, 0.9, 0.2)","(-6.7, 0.6, 0.1)",
PLAYER_POSITIONS,217057,6/26/2026 11:33:51 AM,e7ca1105-8b8f-4dee-a332-17c93bb5c040,2.0,,,,,,,,,,,,,,,,,,,,,,,,,,,,,,,,,,,"(-5.8, 0.4, 0.2)","(-6.2, 0.9, 0.2)","(-6.7, 0.6, 0.1)",
BAG_CLOSED,217181,6/26/2026 11:33:51 AM,e7ca1105-8b8f-4dee-a332-17c93bb5c040,2.0,,,,,,,,,,,,,,,,,,,,,,,,,,,,,,,,,,,,"(0.0, 0.0, 0.0)",
PLAYER_POSITIONS,217558,6/26/2026 11:33:52 AM,e7ca1105-8b8f-4dee-a332-17c93bb5c040,2.0,,,,,,,,,,,,,,,,,,,,,,,,,,,,,,,,,,,"(-6.0, 0.4, 0.2)","(-6.4, 0.9, 0.3)","(-6.9, 0.5, 0.1)",
PLAYER_POSITIONS,217558,6/26/2026 11:33:52 AM,e7ca1105-8b8f-4dee-a332-17c93bb5c040,2.0,,,,,,,,,,,,,,,,,,,,,,,,,,,,,,,,,,,"(-6.0, 0.4, 0.2)","(-6.4, 0.9, 0.3)","(-6.9, 0.5, 0.1)",
PLAYER_POSITIONS,218085,6/26/2026 11:33:52 AM,e7ca1105-8b8f-4dee-a332-17c93bb5c040,2.0,,,,,,,,,,,,,,,,,,,,,,,,,,,,,,,,,,,"(-6.0, 0.4, 0.2)","(-6.4, 0.9, 0.4)","(-6.6, 0.6, 0.3)",
PLAYER_POSITIONS,218085,6/26/2026 11:33:52 AM,e7ca1105-8b8f-4dee-a332-17c93bb5c040,2.0,,,,,,,,,,,,,,,,,,,,,,,,,,,,,,,,,,,"(-6.0, 0.4, 0.2)","(-6.4, 0.9, 0.4)","(-6.6, 0.6, 0.3)",
PLAYER_POSITIONS,218605,6/26/2026 11:33:53 AM,e7ca1105-8b8f-4dee-a332-17c93bb5c040,2.0,,,,,,,,,,,,,,,,,,,,,,,,,,,,,,,,,,,"(-6.0, 0.4, 0.3)","(-6.3, 0.9, 0.3)","(-6.5, 0.3, 0.1)",
PLAYER_POSITIONS,218605,6/26/2026 11:33:53 AM,e7ca1105-8b8f-4dee-a332-17c93bb5c040,2.0,,,,,,,,,,,,,,,,,,,,,,,,,,,,,,,,,,,"(-6.0, 0.4, 0.3)","(-6.3, 0.9, 0.3)","(-6.5, 0.3, 0.1)",
PLAYER_POSITIONS,219121,6/26/2026 11:33:53 AM,e7ca1105-8b8f-4dee-a332-17c93bb5c040,2.0,,,,,,,,,,,,,,,,,,,,,,,,,,,,,,,,,,,"(-6.0, 0.5, 0.3)","(-6.3, 0.9, 0.3)","(-6.4, 0.4, 0.0)",
PLAYER_GAZE,219121,6/26/2026 11:33:53 AM,e7ca1105-8b8f-4dee-a332-17c93bb5c040,2.0,,,,,,,,,,,,,,,,,,,,,,,,Military PT 11,,,,,,,,,"(0.1, 0.9, 0.6)",,,"(-6.4, 0.0, -0.3)",
PLAYER_POSITIONS,219121,6/26/2026 11:33:53 AM,e7ca1105-8b8f-4dee-a332-17c93bb5c040,2.0,,,,,,,,,,,,,,,,,,,,,,,,,,,,,,,,,,,"(-6.0, 0.5, 0.3)","(-6.3, 0.9, 0.3)","(-6.4, 0.4, 0.0)",
PLAYER_GAZE,219121,6/26/2026 11:33:53 AM,e7ca1105-8b8f-4dee-a332-17c93bb5c040,2.0,,,,,,,,,,,,,,,,,,,,,,,,Military PT 11,,,,,,,,,"(0.1, 0.9, 0.6)",,,"(-6.4, 0.0, -0.3)",
TOOL_HOVER,219188,6/26/2026 11:33:53 AM,e7ca1105-8b8f-4dee-a332-17c93bb5c040,2.0,,,,,,,,,,,,,,,,,,,,,,,,,,,,,,,,,,,,,,,,,,,,,,998,,Israeli Wrap,
TOOL_SELECTED,219507,6/26/2026 11:33:54 AM,e7ca1105-8b8f-4dee-a332-17c93bb5c040,2.0,,,,,,,,,,,,,,,,,,,,,,,,,,,,,,,,,,,,,,,,,,,,,,997,,Israeli Wrap,
PLAYER_POSITIONS,219648,6/26/2026 11:33:54 AM,e7ca1105-8b8f-4dee-a332-17c93bb5c040,2.0,,,,,,,,,,,,,,,,,,,,,,,,,,,,,,,,,,,"(-5.9, 0.5, 0.3)","(-6.3, 0.8, 0.2)","(-6.5, 0.3, -0.2)",
PLAYER_GAZE,219648,6/26/2026 11:33:54 AM,e7ca1105-8b8f-4dee-a332-17c93bb5c040,2.0,,,,,,,,,,,,,,,,,,,,,,,,Military PT 11,,,,,,,,,"(0.2, 0.8, 0.5)",,,"(-6.4, 0.0, -0.3)",
PLAYER_POSITIONS,219648,6/26/2026 11:33:54 AM,e7ca1105-8b8f-4dee-a332-17c93bb5c040,2.0,,,,,,,,,,,,,,,,,,,,,,,,,,,,,,,,,,,"(-5.9, 0.5, 0.3)","(-6.3, 0.8, 0.2)","(-6.5, 0.3, -0.2)",
PLAYER_GAZE,219648,6/26/2026 11:33:54 AM,e7ca1105-8b8f-4dee-a332-17c93bb5c040,2.0,,,,,,,,,,,,,,,,,,,,,,,,Military PT 11,,,,,,,,,"(0.2, 0.8, 0.5)",,,"(-6.4, 0.0, -0.3)",
PLAYER_POSITIONS,220186,6/26/2026 11:33:54 AM,e7ca1105-8b8f-4dee-a332-17c93bb5c040,2.0,,,,,,,,,,,,,,,,,,,,,,,,,,,,,,,,,,,"(-5.9, 0.5, 0.5)","(-6.0, 0.6, 0.3)","(-6.0, 0.0, 0.3)",
PLAYER_POSITIONS,220186,6/26/2026 11:33:54 AM,e7ca1105-8b8f-4dee-a332-17c93bb5c040,2.0,,,,,,,,,,,,,,,,,,,,,,,,,,,,,,,,,,,"(-5.9, 0.5, 0.5)","(-6.0, 0.6, 0.3)","(-6.0, 0.0, 0.3)",
TOOL_DISCARDED,220279,6/26/2026 11:33:55 AM,e7ca1105-8b8f-4dee-a332-17c93bb5c040,2.0,,,,,,,,,,,,,,,,,,,,,,,,Military PT 11,,,,,,,,,,,,"(0.0, 0.0, 0.0)",,,,,,,,,,997,,Israeli Wrap,
AUDIO_END,220338,6/26/2026 11:33:55 AM,e7ca1105-8b8f-4dee-a332-17c93bb5c040,2.0,show of force approved,5.067755,
NARRATIVE_SECTION_END,220338,6/26/2026 11:33:55 AM,e7ca1105-8b8f-4dee-a332-17c93bb5c040,2.0,,,,,,,,,,,,,,,,,,Show of force approved,24,
NARRATIVE_SECTION_START,220362,6/26/2026 11:33:55 AM,e7ca1105-8b8f-4dee-a332-17c93bb5c040,2.0,,,,,,,,,,,,,,,,,,Copy echo standby,25,
PULSE_TAKEN,220363,6/26/2026 11:33:55 AM,e7ca1105-8b8f-4dee-a332-17c93bb5c040,2.0,,,,,,,,,,,,,,,,,,,,,,,,Military PT 11,,,,pulse_normal,
PLAYER_POSITIONS,220686,6/26/2026 11:33:55 AM,e7ca1105-8b8f-4dee-a332-17c93bb5c040,2.0,,,,,,,,,,,,,,,,,,,,,,,,,,,,,,,,,,,"(-5.9, 0.5, 0.5)","(-6.0, 0.7, 0.3)","(-6.1, 0.0, 0.2)",
PLAYER_POSITIONS,220686,6/26/2026 11:33:55 AM,e7ca1105-8b8f-4dee-a332-17c93bb5c040,2.0,,,,,,,,,,,,,,,,,,,,,,,,,,,,,,,,,,,"(-5.9, 0.5, 0.5)","(-6.0, 0.7, 0.3)","(-6.1, 0.0, 0.2)",
TOOL_HOVER,221060,6/26/2026 11:33:55 AM,e7ca1105-8b8f-4dee-a332-17c93bb5c040,2.0,,,,,,,,,,,,,,,,,,,,,,,,,,,,,,,,,,,,,,,,,,,,,,999,,Gauze Wrap,
PLAYER_POSITIONS,221214,6/26/2026 11:33:55 AM,e7ca1105-8b8f-4dee-a332-17c93bb5c040,2.0,,,,,,,,,,,,,,,,,,,,,,,,,,,,,,,,,,,"(-5.9, 0.5, 0.4)","(-6.2, 0.8, 0.3)","(-6.5, 0.4, -0.1)",
PLAYER_GAZE,221216,6/26/2026 11:33:55 AM,e7ca1105-8b8f-4dee-a332-17c93bb5c040,2.0,,,,,,,,,,,,,,,,,,,,,,,,Military PT 11,,,,,,,,,"(0.2, 0.8, 0.5)",,,"(-6.4, 0.0, -0.3)",
PLAYER_POSITIONS,221214,6/26/2026 11:33:55 AM,e7ca1105-8b8f-4dee-a332-17c93bb5c040,2.0,,,,,,,,,,,,,,,,,,,,,,,,,,,,,,,,,,,"(-5.9, 0.5, 0.4)","(-6.2, 0.8, 0.3)","(-6.5, 0.4, -0.1)",
PLAYER_GAZE,221216,6/26/2026 11:33:55 AM,e7ca1105-8b8f-4dee-a332-17c93bb5c040,2.0,,,,,,,,,,,,,,,,,,,,,,,,Military PT 11,,,,,,,,,"(0.2, 0.8, 0.5)",,,"(-6.4, 0.0, -0.3)",
TOOL_HOVER,221255,6/26/2026 11:33:55 AM,e7ca1105-8b8f-4dee-a332-17c93bb5c040,2.0,,,,,,,,,,,,,,,,,,,,,,,,,,,,,,,,,,,,,,,,,,,,,,998,,Blanket,
TOOL_HOVER,221560,6/26/2026 11:33:56 AM,e7ca1105-8b8f-4dee-a332-17c93bb5c040,2.0,,,,,,,,,,,,,,,,,,,,,,,,,,,,,,,,,,,,,,,,,,,,,,998,,Israeli Wrap,
TOOL_SELECTED,221617,6/26/2026 11:33:56 AM,e7ca1105-8b8f-4dee-a332-17c93bb5c040,2.0,,,,,,,,,,,,,,,,,,,,,,,,,,,,,,,,,,,,,,,,,,,,,,997,,Israeli Wrap,
PLAYER_POSITIONS,221730,6/26/2026 11:33:56 AM,e7ca1105-8b8f-4dee-a332-17c93bb5c040,2.0,,,,,,,,,,,,,,,,,,,,,,,,,,,,,,,,,,,"(-5.9, 0.5, 0.4)","(-6.2, 0.8, 0.2)","(-6.5, 0.4, -0.2)",
PLAYER_GAZE,221730,6/26/2026 11:33:56 AM,e7ca1105-8b8f-4dee-a332-17c93bb5c040,2.0,,,,,,,,,,,,,,,,,,,,,,,,Military PT 11,,,,,,,,,"(0.2, 0.8, 0.5)",,,"(-6.4, 0.0, -0.3)",
PLAYER_POSITIONS,221730,6/26/2026 11:33:56 AM,e7ca1105-8b8f-4dee-a332-17c93bb5c040,2.0,,,,,,,,,,,,,,,,,,,,,,,,,,,,,,,,,,,"(-5.9, 0.5, 0.4)","(-6.2, 0.8, 0.2)","(-6.5, 0.4, -0.2)",
PLAYER_GAZE,221730,6/26/2026 11:33:56 AM,e7ca1105-8b8f-4dee-a332-17c93bb5c040,2.0,,,,,,,,,,,,,,,,,,,,,,,,Military PT 11,,,,,,,,,"(0.2, 0.8, 0.5)",,,"(-6.4, 0.0, -0.3)",
PLAYER_POSITIONS,222240,6/26/2026 11:33:56 AM,e7ca1105-8b8f-4dee-a332-17c93bb5c040,2.0,,,,,,,,,,,,,,,,,,,,,,,,,,,,,,,,,,,"(-5.9, 0.5, 0.4)","(-6.1, 0.7, 0.3)","(-6.2, 0.1, 0.1)",
PLAYER_POSITIONS,222240,6/26/2026 11:33:56 AM,e7ca1105-8b8f-4dee-a332-17c93bb5c040,2.0,,,,,,,,,,,,,,,,,,,,,,,,,,,,,,,,,,,"(-5.9, 0.5, 0.4)","(-6.1, 0.7, 0.3)","(-6.2, 0.1, 0.1)",
AUDIO_START,222355,6/26/2026 11:33:57 AM,e7ca1105-8b8f-4dee-a332-17c93bb5c040,2.0,copy echo standby,3.056327,
PLAYER_POSITIONS,222755,6/26/2026 11:33:57 AM,e7ca1105-8b8f-4dee-a332-17c93bb5c040,2.0,,,,,,,,,,,,,,,,,,,,,,,,,,,,,,,,,,,"(-5.9, 0.5, 0.5)","(-6.0, 0.6, 0.3)","(-6.0, -0.1, 0.2)",
PLAYER_POSITIONS,222755,6/26/2026 11:33:57 AM,e7ca1105-8b8f-4dee-a332-17c93bb5c040,2.0,,,,,,,,,,,,,,,,,,,,,,,,,,,,,,,,,,,"(-5.9, 0.5, 0.5)","(-6.0, 0.6, 0.3)","(-6.0, -0.1, 0.2)",
INJURY_TREATED,222943,6/26/2026 11:33:57 AM,e7ca1105-8b8f-4dee-a332-17c93bb5c040,2.0,,,,,,,,,rightForearm,R Forearm Abrasion,"(-6.0, -0.1, 0.2)",gauzeWrap,1,1,low,True,True,,,,,,,Military PT 11,
TOOL_APPLIED,222943,6/26/2026 11:33:57 AM,e7ca1105-8b8f-4dee-a332-17c93bb5c040,2.0,,,,,,,,,,,,,,,,,,,,,,,,Military PT 11,,,,,,,,,,,,,,,,,,,,AppliedIsraeliWrap,skinCollider_BodyCollideLOD (UnityEngine.GameObject),,Israeli Wrap(Clone) (UnityEngine.GameObject),Israeli Wrap,
VOICE_CAPTURE,223178,6/26/2026 11:33:57 AM,e7ca1105-8b8f-4dee-a332-17c93bb5c040,2.0,,,,,,,,,,,,,,,,,,,,,,,,,,,,,,,,,,,,,,,,,,,,,,,,,,,NA,Thank you.,
PLAYER_POSITIONS,223260,6/26/2026 11:33:57 AM,e7ca1105-8b8f-4dee-a332-17c93bb5c040,2.0,,,,,,,,,,,,,,,,,,,,,,,,,,,,,,,,,,,"(-5.9, 0.5, 0.5)","(-6.0, 0.6, 0.3)","(-6.0, 0.0, 0.2)",
PLAYER_POSITIONS,223260,6/26/2026 11:33:57 AM,e7ca1105-8b8f-4dee-a332-17c93bb5c040,2.0,,,,,,,,,,,,,,,,,,,,,,,,,,,,,,,,,,,"(-5.9, 0.5, 0.5)","(-6.0, 0.6, 0.3)","(-6.0, 0.0, 0.2)",
BAG_CLOSED,223537,6/26/2026 11:33:58 AM,e7ca1105-8b8f-4dee-a332-17c93bb5c040,2.0,,,,,,,,,,,,,,,,,,,,,,,,,,,,,,,,,,,,"(0.0, 0.0, 0.0)",
VOICE_CAPTURE,223721,6/26/2026 11:33:58 AM,e7ca1105-8b8f-4dee-a332-17c93bb5c040,2.0,,,,,,,,,,,,,,,,,,,,,,,,,,,,,,,,,,,,,,,,,,,,,,,,,,,NA,Incoming.,
PLAYER_POSITIONS,223777,6/26/2026 11:33:58 AM,e7ca1105-8b8f-4dee-a332-17c93bb5c040,2.0,,,,,,,,,,,,,,,,,,,,,,,,,,,,,,,,,,,"(-6.1, 0.5, 0.3)","(-6.3, 0.8, 0.2)","(-6.5, 0.1, 0.0)",
PLAYER_GAZE,223777,6/26/2026 11:33:58 AM,e7ca1105-8b8f-4dee-a332-17c93bb5c040,2.0,,,,,,,,,,,,,,,,,,,,,,,,Military PT 11,,,,,,,,,"(0.1, 0.8, 0.4)",,,"(-6.4, 0.0, -0.3)",
PLAYER_POSITIONS,223777,6/26/2026 11:33:58 AM,e7ca1105-8b8f-4dee-a332-17c93bb5c040,2.0,,,,,,,,,,,,,,,,,,,,,,,,,,,,,,,,,,,"(-6.1, 0.5, 0.3)","(-6.3, 0.8, 0.2)","(-6.5, 0.1, 0.0)",
PLAYER_GAZE,223777,6/26/2026 11:33:58 AM,e7ca1105-8b8f-4dee-a332-17c93bb5c040,2.0,,,,,,,,,,,,,,,,,,,,,,,,Military PT 11,,,,,,,,,"(0.1, 0.8, 0.4)",,,"(-6.4, 0.0, -0.3)",
VOICE_CAPTURE,224201,6/26/2026 11:33:58 AM,e7ca1105-8b8f-4dee-a332-17c93bb5c040,2.0,,,,,,,,,,,,,,,,,,,,,,,,,,,,,,,,,,,,,,,,,,,,,,,,,,,NA,Incoming. Incoming.,
PLAYER_POSITIONS,224284,6/26/2026 11:33:59 AM,e7ca1105-8b8f-4dee-a332-17c93bb5c040,2.0,,,,,,,,,,,,,,,,,,,,,,,,,,,,,,,,,,,"(-6.9, 0.5, 0.3)","(-7.1, 0.8, 0.3)","(-7.3, 0.1, 0.2)",
PLAYER_POSITIONS,224284,6/26/2026 11:33:59 AM,e7ca1105-8b8f-4dee-a332-17c93bb5c040,2.0,,,,,,,,,,,,,,,,,,,,,,,,,,,,,,,,,,,"(-6.9, 0.5, 0.3)","(-7.1, 0.8, 0.3)","(-7.3, 0.1, 0.2)",
VOICE_CAPTURE,224716,6/26/2026 11:33:59 AM,e7ca1105-8b8f-4dee-a332-17c93bb5c040,2.0,,,,,,,,,,,,,,,,,,,,,,,,,,,,,,,,,,,,,,,,,,,,,,,,,,,NA,Incoming. Incoming.,
VOICE_CAPTURE,224716,6/26/2026 11:33:59 AM,e7ca1105-8b8f-4dee-a332-17c93bb5c040,2.0,,,,,,,,,,,,,,,,,,,,,,,,,,,,,,,,,,,,,,,,,,,,,,,,,,,NA,Incoming. Incoming.,
PLAYER_POSITIONS,224796,6/26/2026 11:33:59 AM,e7ca1105-8b8f-4dee-a332-17c93bb5c040,2.0,,,,,,,,,,,,,,,,,,,,,,,,,,,,,,,,,,,"(-6.9, 0.4, 0.3)","(-7.0, 0.9, 0.4)","(-7.3, 0.3, 0.2)",
PLAYER_POSITIONS,224796,6/26/2026 11:33:59 AM,e7ca1105-8b8f-4dee-a332-17c93bb5c040,2.0,,,,,,,,,,,,,,,,,,,,,,,,,,,,,,,,,,,"(-6.9, 0.4, 0.3)","(-7.0, 0.9, 0.4)","(-7.3, 0.3, 0.2)",
PLAYER_POSITIONS,225310,6/26/2026 11:34:00 AM,e7ca1105-8b8f-4dee-a332-17c93bb5c040,2.0,,,,,,,,,,,,,,,,,,,,,,,,,,,,,,,,,,,"(-6.9, 0.7, 0.3)","(-7.1, 1.3, 0.5)","(-7.2, 0.7, 0.3)",
PLAYER_POSITIONS,225310,6/26/2026 11:34:00 AM,e7ca1105-8b8f-4dee-a332-17c93bb5c040,2.0,,,,,,,,,,,,,,,,,,,,,,,,,,,,,,,,,,,"(-6.9, 0.7, 0.3)","(-7.1, 1.3, 0.5)","(-7.2, 0.7, 0.3)",
EVAC_RADIO_ALERT,225418,6/26/2026 11:34:00 AM,e7ca1105-8b8f-4dee-a332-17c93bb5c040,2.0,,,,,,,,1,
AUDIO_START,225431,6/26/2026 11:34:00 AM,e7ca1105-8b8f-4dee-a332-17c93bb5c040,2.0,evac in 7 minutes,4.127347,
AUDIO_END,225434,6/26/2026 11:34:00 AM,e7ca1105-8b8f-4dee-a332-17c93bb5c040,2.0,copy echo standby,3.056327,
NARRATIVE_SECTION_END,225434,6/26/2026 11:34:00 AM,e7ca1105-8b8f-4dee-a332-17c93bb5c040,2.0,,,,,,,,,,,,,,,,,,Copy echo standby,25,
NARRATIVE_SECTION_START,225448,6/26/2026 11:34:00 AM,e7ca1105-8b8f-4dee-a332-17c93bb5c040,2.0,,,,,,,,,,,,,,,,,,Razor 2 show of force,26,
PLAYER_POSITIONS,225820,6/26/2026 11:34:00 AM,e7ca1105-8b8f-4dee-a332-17c93bb5c040,2.0,,,,,,,,,,,,,,,,,,,,,,,,,,,,,,,,,,,"(-7.2, 0.7, 0.3)","(-7.3, 1.4, 0.7)","(-7.5, 0.7, 0.9)",
PLAYER_GAZE,225820,6/26/2026 11:34:00 AM,e7ca1105-8b8f-4dee-a332-17c93bb5c040,2.0,,,,,,,,,,,,,,,,,,,,,,,,Military PT 1,,,,,,,,,"(0.7, 1.4, 0.3)",,,"(-8.0, 0.0, 0.4)",
PLAYER_POSITIONS,225820,6/26/2026 11:34:00 AM,e7ca1105-8b8f-4dee-a332-17c93bb5c040,2.0,,,,,,,,,,,,,,,,,,,,,,,,,,,,,,,,,,,"(-7.2, 0.7, 0.3)","(-7.3, 1.4, 0.7)","(-7.5, 0.7, 0.9)",
PLAYER_GAZE,225820,6/26/2026 11:34:00 AM,e7ca1105-8b8f-4dee-a332-17c93bb5c040,2.0,,,,,,,,,,,,,,,,,,,,,,,,Military PT 1,,,,,,,,,"(0.7, 1.4, 0.3)",,,"(-8.0, 0.0, 0.4)",
PLAYER_POSITIONS,226347,6/26/2026 11:34:01 AM,e7ca1105-8b8f-4dee-a332-17c93bb5c040,2.0,,,,,,,,,,,,,,,,,,,,,,,,,,,,,,,,,,,"(-7.7, 0.7, 0.9)","(-7.6, 1.3, 1.0)","(-7.5, 0.7, 1.4)",
PLAYER_POSITIONS,226347,6/26/2026 11:34:01 AM,e7ca1105-8b8f-4dee-a332-17c93bb5c040,2.0,,,,,,,,,,,,,,,,,,,,,,,,,,,,,,,,,,,"(-7.7, 0.7, 0.9)","(-7.6, 1.3, 1.0)","(-7.5, 0.7, 1.4)",
PATIENT_DISENGAGED,226540,6/26/2026 11:34:01 AM,e7ca1105-8b8f-4dee-a332-17c93bb5c040,2.0,,,,41.06,,,,,,,,,,,,,,,,normal,100,Infinity,normal,Military PT 11,panic,supine,"(-6.4, -0.1, -0.4)",normal,"(0.0, -0.5, 0.0, 0.9)",normal,MINIMAL,still,,,,,,,,,,,,,,,,,41.52,
PLAYER_POSITIONS,226861,6/26/2026 11:34:01 AM,e7ca1105-8b8f-4dee-a332-17c93bb5c040,2.0,,,,,,,,,,,,,,,,,,,,,,,,,,,,,,,,,,,"(-8.2, 0.7, 1.5)","(-8.1, 1.4, 1.7)","(-8.1, 0.7, 2.1)",
PLAYER_GAZE,226861,6/26/2026 11:34:01 AM,e7ca1105-8b8f-4dee-a332-17c93bb5c040,2.0,,,,,,,,,,,,,,,,,,,,,,,,Military PT 5,,,,,,,,,"(1.4, 1.4, 0.0)",,,"(-9.4, 0.0, 1.7)",
PLAYER_POSITIONS,226861,6/26/2026 11:34:01 AM,e7ca1105-8b8f-4dee-a332-17c93bb5c040,2.0,,,,,,,,,,,,,,,,,,,,,,,,,,,,,,,,,,,"(-8.2, 0.7, 1.5)","(-8.1, 1.4, 1.7)","(-8.1, 0.7, 2.1)",
PLAYER_GAZE,226861,6/26/2026 11:34:01 AM,e7ca1105-8b8f-4dee-a332-17c93bb5c040,2.0,,,,,,,,,,,,,,,,,,,,,,,,Military PT 5,,,,,,,,,"(1.4, 1.4, 0.0)",,,"(-9.4, 0.0, 1.7)",
PLAYER_POSITIONS,227375,6/26/2026 11:34:02 AM,e7ca1105-8b8f-4dee-a332-17c93bb5c040,2.0,,,,,,,,,,,,,,,,,,,,,,,,,,,,,,,,,,,"(-8.9, 0.7, 2.1)","(-8.8, 1.4, 2.3)","(-8.8, 0.7, 2.7)",
PLAYER_POSITIONS,227375,6/26/2026 11:34:02 AM,e7ca1105-8b8f-4dee-a332-17c93bb5c040,2.0,,,,,,,,,,,,,,,,,,,,,,,,,,,,,,,,,,,"(-8.9, 0.7, 2.1)","(-8.8, 1.4, 2.3)","(-8.8, 0.7, 2.7)",
PLAYER_POSITIONS,227902,6/26/2026 11:34:02 AM,e7ca1105-8b8f-4dee-a332-17c93bb5c040,2.0,,,,,,,,,,,,,,,,,,,,,,,,,,,,,,,,,,,"(-9.8, 0.7, 2.2)","(-9.6, 1.4, 2.4)","(-9.7, 0.7, 2.9)",
PLAYER_GAZE,227902,6/26/2026 11:34:02 AM,e7ca1105-8b8f-4dee-a332-17c93bb5c040,2.0,,,,,,,,,,,,,,,,,,,,,,,,Military PT 2,,,,,,,,,"(2.4, 1.4, 1.4)",,,"(-12.0, 0.0, 1.1)",
PLAYER_POSITIONS,227902,6/26/2026 11:34:02 AM,e7ca1105-8b8f-4dee-a332-17c93bb5c040,2.0,,,,,,,,,,,,,,,,,,,,,,,,,,,,,,,,,,,"(-9.8, 0.7, 2.2)","(-9.6, 1.4, 2.4)","(-9.7, 0.7, 2.9)",
PLAYER_GAZE,227902,6/26/2026 11:34:02 AM,e7ca1105-8b8f-4dee-a332-17c93bb5c040,2.0,,,,,,,,,,,,,,,,,,,,,,,,Military PT 2,,,,,,,,,"(2.4, 1.4, 1.4)",,,"(-12.0, 0.0, 1.1)",
PLAYER_POSITIONS,228417,6/26/2026 11:34:03 AM,e7ca1105-8b8f-4dee-a332-17c93bb5c040,2.0,,,,,,,,,,,,,,,,,,,,,,,,,,,,,,,,,,,"(-10.6, 0.7, 2.0)","(-10.4, 1.4, 2.2)","(-10.6, 0.7, 2.6)",
PLAYER_POSITIONS,228417,6/26/2026 11:34:03 AM,e7ca1105-8b8f-4dee-a332-17c93bb5c040,2.0,,,,,,,,,,,,,,,,,,,,,,,,,,,,,,,,,,,"(-10.6, 0.7, 2.0)","(-10.4, 1.4, 2.2)","(-10.6, 0.7, 2.6)",
PLAYER_POSITIONS,228925,6/26/2026 11:34:03 AM,e7ca1105-8b8f-4dee-a332-17c93bb5c040,2.0,,,,,,,,,,,,,,,,,,,,,,,,,,,,,,,,,,,"(-11.1, 0.7, 1.6)","(-11.0, 1.4, 1.8)","(-11.2, 0.7, 2.2)",
PLAYER_POSITIONS,228925,6/26/2026 11:34:03 AM,e7ca1105-8b8f-4dee-a332-17c93bb5c040,2.0,,,,,,,,,,,,,,,,,,,,,,,,,,,,,,,,,,,"(-11.1, 0.7, 1.6)","(-11.0, 1.4, 1.8)","(-11.2, 0.7, 2.2)",
PLAYER_POSITIONS,229434,6/26/2026 11:34:04 AM,e7ca1105-8b8f-4dee-a332-17c93bb5c040,2.0,,,,,,,,,,,,,,,,,,,,,,,,,,,,,,,,,,,"(-11.0, 0.7, 1.2)","(-11.0, 1.3, 1.4)","(-11.2, 0.9, 1.8)",
PLAYER_POSITIONS,229434,6/26/2026 11:34:04 AM,e7ca1105-8b8f-4dee-a332-17c93bb5c040,2.0,,,,,,,,,,,,,,,,,,,,,,,,,,,,,,,,,,,"(-11.0, 0.7, 1.2)","(-11.0, 1.3, 1.4)","(-11.2, 0.9, 1.8)",
AUDIO_END,229574,6/26/2026 11:34:04 AM,e7ca1105-8b8f-4dee-a332-17c93bb5c040,2.0,evac in 7 minutes,4.127347,
PLAYER_POSITIONS,229959,6/26/2026 11:34:04 AM,e7ca1105-8b8f-4dee-a332-17c93bb5c040,2.0,,,,,,,,,,,,,,,,,,,,,,,,,,,,,,,,,,,"(-11.2, 0.7, 0.9)","(-11.2, 1.3, 1.2)","(-11.4, 0.9, 1.3)",
PLAYER_GAZE,229959,6/26/2026 11:34:04 AM,e7ca1105-8b8f-4dee-a332-17c93bb5c040,2.0,,,,,,,,,,,,,,,,,,,,,,,,Military PT 2,,,,,,,,,"(0.8, 1.3, 0.1)",,,"(-12.0, 0.0, 1.1)",
PLAYER_POSITIONS,229959,6/26/2026 11:34:04 AM,e7ca1105-8b8f-4dee-a332-17c93bb5c040,2.0,,,,,,,,,,,,,,,,,,,,,,,,,,,,,,,,,,,"(-11.2, 0.7, 0.9)","(-11.2, 1.3, 1.2)","(-11.4, 0.9, 1.3)",
PLAYER_GAZE,229959,6/26/2026 11:34:04 AM,e7ca1105-8b8f-4dee-a332-17c93bb5c040,2.0,,,,,,,,,,,,,,,,,,,,,,,,Military PT 2,,,,,,,,,"(0.8, 1.3, 0.1)",,,"(-12.0, 0.0, 1.1)",
VOICE_CAPTURE,230251,6/26/2026 11:34:04 AM,e7ca1105-8b8f-4dee-a332-17c93bb5c040,2.0,,,,,,,,,,,,,,,,,,,,,,,,,,,,,,,,,,,,,,,,,,,,,,,,,,,NA,Oh,
AUDIO_START,230438,6/26/2026 11:34:05 AM,e7ca1105-8b8f-4dee-a332-17c93bb5c040,2.0,razor 2 show of force,3.866122,
PLAYER_POSITIONS,230460,6/26/2026 11:34:05 AM,e7ca1105-8b8f-4dee-a332-17c93bb5c040,2.0,,,,,,,,,,,,,,,,,,,,,,,,,,,,,,,,,,,"(-11.2, 0.8, 1.0)","(-11.3, 1.3, 1.2)","(-11.5, 0.7, 1.3)",
PLAYER_GAZE,230460,6/26/2026 11:34:05 AM,e7ca1105-8b8f-4dee-a332-17c93bb5c040,2.0,,,,,,,,,,,,,,,,,,,,,,,,Military PT 2,,,,,,,,,"(0.7, 1.3, 0.1)",,,"(-12.0, 0.0, 1.1)",
PLAYER_POSITIONS,230460,6/26/2026 11:34:05 AM,e7ca1105-8b8f-4dee-a332-17c93bb5c040,2.0,,,,,,,,,,,,,,,,,,,,,,,,,,,,,,,,,,,"(-11.2, 0.8, 1.0)","(-11.3, 1.3, 1.2)","(-11.5, 0.7, 1.3)",
PLAYER_GAZE,230460,6/26/2026 11:34:05 AM,e7ca1105-8b8f-4dee-a332-17c93bb5c040,2.0,,,,,,,,,,,,,,,,,,,,,,,,Military PT 2,,,,,,,,,"(0.7, 1.3, 0.1)",,,"(-12.0, 0.0, 1.1)",
VOICE_CAPTURE,230807,6/26/2026 11:34:05 AM,e7ca1105-8b8f-4dee-a332-17c93bb5c040,2.0,,,,,,,,,,,,,,,,,,,,,,,,,,,,,,,,,,,,,,,,,,,,,,,,,,,NA,"Oh, I am.",
PATIENT_ENGAGED,230943,6/26/2026 11:34:05 AM,e7ca1105-8b8f-4dee-a332-17c93bb5c040,2.0,,,,0,,,,,,,,,,,,,,,,restricted,100,Infinity,normal,Military PT 2,agony,supine,"(-12.0, -0.1, 1.1)",faint,"(0.0, 0.4, 0.0, 0.9)",normal,EXPECTANT,still,,,,,,,,,,,,,,,,,0,
PLAYER_POSITIONS,230973,6/26/2026 11:34:05 AM,e7ca1105-8b8f-4dee-a332-17c93bb5c040,2.0,,,,,,,,,,,,,,,,,,,,,,,,,,,,,,,,,,,"(-11.3, 0.6, 0.9)","(-11.3, 1.0, 1.0)","(-11.5, 0.6, 1.3)",
PLAYER_POSITIONS,230973,6/26/2026 11:34:05 AM,e7ca1105-8b8f-4dee-a332-17c93bb5c040,2.0,,,,,,,,,,,,,,,,,,,,,,,,,,,,,,,,,,,"(-11.3, 0.6, 0.9)","(-11.3, 1.0, 1.0)","(-11.5, 0.6, 1.3)",
VOICE_CAPTURE,231224,6/26/2026 11:34:05 AM,e7ca1105-8b8f-4dee-a332-17c93bb5c040,2.0,,,,,,,,,,,,,,,,,,,,,,,,,,,,,,,,,,,,,,,,,,,,,,,,,,,NA,"Oh, I am so...",
PLAYER_POSITIONS,231473,6/26/2026 11:34:06 AM,e7ca1105-8b8f-4dee-a332-17c93bb5c040,2.0,,,,,,,,,,,,,,,,,,,,,,,,,,,,,,,,,,,"(-11.4, 0.5, 0.9)","(-11.2, 0.9, 1.1)","(-11.4, 0.8, 1.2)",
PLAYER_POSITIONS,231473,6/26/2026 11:34:06 AM,e7ca1105-8b8f-4dee-a332-17c93bb5c040,2.0,,,,,,,,,,,,,,,,,,,,,,,,,,,,,,,,,,,"(-11.4, 0.5, 0.9)","(-11.2, 0.9, 1.1)","(-11.4, 0.8, 1.2)",
VOICE_CAPTURE,231725,6/26/2026 11:34:06 AM,e7ca1105-8b8f-4dee-a332-17c93bb5c040,2.0,,,,,,,,,,,,,,,,,,,,,,,,,,,,,,,,,,,,,,,,,,,,,,,,,,,NA,"Oh, I am so... I am so sorry.",
TAG_SELECTED,231860,6/26/2026 11:34:06 AM,e7ca1105-8b8f-4dee-a332-17c93bb5c040,2.0,,,,,,,,,,,,,,,,,,,,,,,,,,,,,,,,,,,,,,,,,,red,
PLAYER_POSITIONS,232001,6/26/2026 11:34:06 AM,e7ca1105-8b8f-4dee-a332-17c93bb5c040,2.0,,,,,,,,,,,,,,,,,,,,,,,,,,,,,,,,,,,"(-11.4, 0.5, 0.9)","(-11.2, 0.9, 1.1)","(-11.4, 0.7, 1.2)",
PLAYER_POSITIONS,232001,6/26/2026 11:34:06 AM,e7ca1105-8b8f-4dee-a332-17c93bb5c040,2.0,,,,,,,,,,,,,,,,,,,,,,,,,,,,,,,,,,,"(-11.4, 0.5, 0.9)","(-11.2, 0.9, 1.1)","(-11.4, 0.7, 1.2)",
TAG_DISCARDED,232121,6/26/2026 11:34:06 AM,e7ca1105-8b8f-4dee-a332-17c93bb5c040,2.0,,,,,,,,,,,,,,,,,,,,,,,,,,,,,,,,,,,,"(-11.4, 0.7, 1.2)",,,,,,red,
VOICE_CAPTURE,232211,6/26/2026 11:34:06 AM,e7ca1105-8b8f-4dee-a332-17c93bb5c040,2.0,,,,,,,,,,,,,,,,,,,,,,,,,,,,,,,,,,,,,,,,,,,,,,,,,,,NA,"Oh, I am so... Oh, I am so sorry.",
PLAYER_POSITIONS,232515,6/26/2026 11:34:07 AM,e7ca1105-8b8f-4dee-a332-17c93bb5c040,2.0,,,,,,,,,,,,,,,,,,,,,,,,,,,,,,,,,,,"(-11.4, 0.4, 0.9)","(-11.2, 0.9, 1.1)","(-11.4, 0.7, 1.2)",
PLAYER_POSITIONS,232515,6/26/2026 11:34:07 AM,e7ca1105-8b8f-4dee-a332-17c93bb5c040,2.0,,,,,,,,,,,,,,,,,,,,,,,,,,,,,,,,,,,"(-11.4, 0.4, 0.9)","(-11.2, 0.9, 1.1)","(-11.4, 0.7, 1.2)",
TAG_SELECTED,232696,6/26/2026 11:34:07 AM,e7ca1105-8b8f-4dee-a332-17c93bb5c040,2.0,,,,,,,,,,,,,,,,,,,,,,,,,,,,,,,,,,,,,,,,,,black,
VOICE_CAPTURE,232737,6/26/2026 11:34:07 AM,e7ca1105-8b8f-4dee-a332-17c93bb5c040,2.0,,,,,,,,,,,,,,,,,,,,,,,,,,,,,,,,,,,,,,,,,,,,,,,,,,,NA,"Oh, I am so... Oh, I am so sorry.",
VOICE_CAPTURE,232738,6/26/2026 11:34:07 AM,e7ca1105-8b8f-4dee-a332-17c93bb5c040,2.0,,,,,,,,,,,,,,,,,,,,,,,,,,,,,,,,,,,,,,,,,,,,,,,,,,,NA,"Oh, I am so... Oh, I am so sorry.",
PLAYER_POSITIONS,233043,6/26/2026 11:34:07 AM,e7ca1105-8b8f-4dee-a332-17c93bb5c040,2.0,,,,,,,,,,,,,,,,,,,,,,,,,,,,,,,,,,,"(-11.4, 0.5, 0.9)","(-11.3, 0.9, 1.1)","(-11.5, 0.6, 1.2)",
PLAYER_GAZE,233043,6/26/2026 11:34:07 AM,e7ca1105-8b8f-4dee-a332-17c93bb5c040,2.0,,,,,,,,,,,,,,,,,,,,,,,,Military PT 2,,,,,,,,,"(0.8, 0.9, 0.0)",,,"(-12.0, 0.0, 1.1)",
PLAYER_POSITIONS,233043,6/26/2026 11:34:07 AM,e7ca1105-8b8f-4dee-a332-17c93bb5c040,2.0,,,,,,,,,,,,,,,,,,,,,,,,,,,,,,,,,,,"(-11.4, 0.5, 0.9)","(-11.3, 0.9, 1.1)","(-11.5, 0.6, 1.2)",
PLAYER_GAZE,233043,6/26/2026 11:34:07 AM,e7ca1105-8b8f-4dee-a332-17c93bb5c040,2.0,,,,,,,,,,,,,,,,,,,,,,,,Military PT 2,,,,,,,,,"(0.8, 0.9, 0.0)",,,"(-12.0, 0.0, 1.1)",
PLAYER_POSITIONS,233557,6/26/2026 11:34:08 AM,e7ca1105-8b8f-4dee-a332-17c93bb5c040,2.0,,,,,,,,,,,,,,,,,,,,,,,,,,,,,,,,,,,"(-11.1, 0.5, 0.9)","(-11.3, 0.7, 0.8)","(-11.5, 0.1, 0.7)",
PLAYER_POSITIONS,233557,6/26/2026 11:34:08 AM,e7ca1105-8b8f-4dee-a332-17c93bb5c040,2.0,,,,,,,,,,,,,,,,,,,,,,,,,,,,,,,,,,,"(-11.1, 0.5, 0.9)","(-11.3, 0.7, 0.8)","(-11.5, 0.1, 0.7)",
TAG_APPLIED,233947,6/26/2026 11:34:08 AM,e7ca1105-8b8f-4dee-a332-17c93bb5c040,2.0,,,,,,,,,,,,,,,,,,,,,,,,Military PT 2,,,,,,,,,,,,,,,,,,black,
PLAYER_POSITIONS,234056,6/26/2026 11:34:08 AM,e7ca1105-8b8f-4dee-a332-17c93bb5c040,2.0,,,,,,,,,,,,,,,,,,,,,,,,,,,,,,,,,,,"(-11.1, 0.5, 0.9)","(-11.4, 0.6, 0.8)","(-11.6, 0.0, 0.6)",
PLAYER_POSITIONS,234056,6/26/2026 11:34:08 AM,e7ca1105-8b8f-4dee-a332-17c93bb5c040,2.0,,,,,,,,,,,,,,,,,,,,,,,,,,,,,,,,,,,"(-11.1, 0.5, 0.9)","(-11.4, 0.6, 0.8)","(-11.6, 0.0, 0.6)",
VOICE_CAPTURE,234270,6/26/2026 11:34:08 AM,e7ca1105-8b8f-4dee-a332-17c93bb5c040,2.0,,,,,,,,,,,,,,,,,,,,,,,,,,,,,,,,,,,,,,,,,,,,,,,,,,,NA,Bye.,
AUDIO_END,234298,6/26/2026 11:34:09 AM,e7ca1105-8b8f-4dee-a332-17c93bb5c040,2.0,razor 2 show of force,3.866122,
NARRATIVE_SECTION_END,234298,6/26/2026 11:34:09 AM,e7ca1105-8b8f-4dee-a332-17c93bb5c040,2.0,,,,,,,,,,,,,,,,,,Razor 2 show of force,26,
NARRATIVE_SECTION_START,234349,6/26/2026 11:34:09 AM,e7ca1105-8b8f-4dee-a332-17c93bb5c040,2.0,,,,,,,,,,,,,,,,,,Distant Jet,27,
BAG_CLOSED,234488,6/26/2026 11:34:09 AM,e7ca1105-8b8f-4dee-a332-17c93bb5c040,2.0,,,,,,,,,,,,,,,,,,,,,,,,,,,,,,,,,,,,"(0.0, 0.0, 0.0)",
PLAYER_POSITIONS,234575,6/26/2026 11:34:09 AM,e7ca1105-8b8f-4dee-a332-17c93bb5c040,2.0,,,,,,,,,,,,,,,,,,,,,,,,,,,,,,,,,,,"(-11.3, 0.5, 0.9)","(-11.5, 0.8, 1.0)","(-11.6, 0.1, 1.0)",
PLAYER_POSITIONS,234575,6/26/2026 11:34:09 AM,e7ca1105-8b8f-4dee-a332-17c93bb5c040,2.0,,,,,,,,,,,,,,,,,,,,,,,,,,,,,,,,,,,"(-11.3, 0.5, 0.9)","(-11.5, 0.8, 1.0)","(-11.6, 0.1, 1.0)",
VOICE_CAPTURE,234701,6/26/2026 11:34:09 AM,e7ca1105-8b8f-4dee-a332-17c93bb5c040,2.0,,,,,,,,,,,,,,,,,,,,,,,,,,,,,,,,,,,,,,,,,,,,,,,,,,,NA,Bye.,
PLAYER_POSITIONS,235102,6/26/2026 11:34:09 AM,e7ca1105-8b8f-4dee-a332-17c93bb5c040,2.0,,,,,,,,,,,,,,,,,,,,,,,,,,,,,,,,,,,"(-11.7, 0.5, 0.4)","(-11.8, 0.9, 0.6)","(-12.0, 0.4, 0.6)",
PLAYER_POSITIONS,235102,6/26/2026 11:34:09 AM,e7ca1105-8b8f-4dee-a332-17c93bb5c040,2.0,,,,,,,,,,,,,,,,,,,,,,,,,,,,,,,,,,,"(-11.7, 0.5, 0.4)","(-11.8, 0.9, 0.6)","(-12.0, 0.4, 0.6)",
VOICE_CAPTURE,235200,6/26/2026 11:34:09 AM,e7ca1105-8b8f-4dee-a332-17c93bb5c040,2.0,,,,,,,,,,,,,,,,,,,,,,,,,,,,,,,,,,,,,,,,,,,,,,,,,,,NA,Bye.,
PLAYER_POSITIONS,235623,6/26/2026 11:34:10 AM,e7ca1105-8b8f-4dee-a332-17c93bb5c040,2.0,,,,,,,,,,,,,,,,,,,,,,,,,,,,,,,,,,,"(-11.7, 0.5, 0.4)","(-11.8, 0.9, 0.7)","(-12.2, 0.3, 0.8)",
PLAYER_POSITIONS,235623,6/26/2026 11:34:10 AM,e7ca1105-8b8f-4dee-a332-17c93bb5c040,2.0,,,,,,,,,,,,,,,,,,,,,,,,,,,,,,,,,,,"(-11.7, 0.5, 0.4)","(-11.8, 0.9, 0.7)","(-12.2, 0.3, 0.8)",
VOICE_CAPTURE,235729,6/26/2026 11:34:10 AM,e7ca1105-8b8f-4dee-a332-17c93bb5c040,2.0,,,,,,,,,,,,,,,,,,,,,,,,,,,,,,,,,,,,,,,,,,,,,,,,,,,NA,Bye.,
PLAYER_POSITIONS,236117,6/26/2026 11:34:10 AM,e7ca1105-8b8f-4dee-a332-17c93bb5c040,2.0,,,,,,,,,,,,,,,,,,,,,,,,,,,,,,,,,,,"(-11.7, 0.5, 0.4)","(-11.8, 0.9, 0.7)","(-12.1, 0.5, 1.0)",
PLAYER_POSITIONS,236117,6/26/2026 11:34:10 AM,e7ca1105-8b8f-4dee-a332-17c93bb5c040,2.0,,,,,,,,,,,,,,,,,,,,,,,,,,,,,,,,,,,"(-11.7, 0.5, 0.4)","(-11.8, 0.9, 0.7)","(-12.1, 0.5, 1.0)",
VOICE_CAPTURE,236230,6/26/2026 11:34:10 AM,e7ca1105-8b8f-4dee-a332-17c93bb5c040,2.0,,,,,,,,,,,,,,,,,,,,,,,,,,,,,,,,,,,,,,,,,,,,,,,,,,,NA,Bye.,
TOOL_HOVER,236365,6/26/2026 11:34:11 AM,e7ca1105-8b8f-4dee-a332-17c93bb5c040,2.0,,,,,,,,,,,,,,,,,,,,,,,,,,,,,,,,,,,,,,,,,,,,,,996,,Fentanyl Lollipop,
PLAYER_POSITIONS,236618,6/26/2026 11:34:11 AM,e7ca1105-8b8f-4dee-a332-17c93bb5c040,2.0,,,,,,,,,,,,,,,,,,,,,,,,,,,,,,,,,,,"(-11.8, 0.5, 0.4)","(-11.8, 0.9, 0.7)","(-12.1, 0.7, 1.2)",
PLAYER_GAZE,236618,6/26/2026 11:34:11 AM,e7ca1105-8b8f-4dee-a332-17c93bb5c040,2.0,,,,,,,,,,,,,,,,,,,,,,,,Military PT 2,,,,,,,,,"(0.2, 0.9, -0.3)",,,"(-12.0, 0.0, 1.1)",
PLAYER_POSITIONS,236618,6/26/2026 11:34:11 AM,e7ca1105-8b8f-4dee-a332-17c93bb5c040,2.0,,,,,,,,,,,,,,,,,,,,,,,,,,,,,,,,,,,"(-11.8, 0.5, 0.4)","(-11.8, 0.9, 0.7)","(-12.1, 0.7, 1.2)",
PLAYER_GAZE,236618,6/26/2026 11:34:11 AM,e7ca1105-8b8f-4dee-a332-17c93bb5c040,2.0,,,,,,,,,,,,,,,,,,,,,,,,Military PT 2,,,,,,,,,"(0.2, 0.9, -0.3)",,,"(-12.0, 0.0, 1.1)",
TOOL_SELECTED,236727,6/26/2026 11:34:11 AM,e7ca1105-8b8f-4dee-a332-17c93bb5c040,2.0,,,,,,,,,,,,,,,,,,,,,,,,,,,,,,,,,,,,,,,,,,,,,,995,,Fentanyl Lollipop,
VOICE_CAPTURE,236730,6/26/2026 11:34:11 AM,e7ca1105-8b8f-4dee-a332-17c93bb5c040,2.0,,,,,,,,,,,,,,,,,,,,,,,,,,,,,,,,,,,,,,,,,,,,,,,,,,,NA,Bye.,
PLAYER_POSITIONS,237158,6/26/2026 11:34:11 AM,e7ca1105-8b8f-4dee-a332-17c93bb5c040,2.0,,,,,,,,,,,,,,,,,,,,,,,,,,,,,,,,,,,"(-11.7, 0.5, 0.4)","(-11.8, 0.8, 0.5)","(-12.0, 0.3, 0.5)",
PLAYER_POSITIONS,237158,6/26/2026 11:34:11 AM,e7ca1105-8b8f-4dee-a332-17c93bb5c040,2.0,,,,,,,,,,,,,,,,,,,,,,,,,,,,,,,,,,,"(-11.7, 0.5, 0.4)","(-11.8, 0.8, 0.5)","(-12.0, 0.3, 0.5)",
VOICE_CAPTURE,237200,6/26/2026 11:34:11 AM,e7ca1105-8b8f-4dee-a332-17c93bb5c040,2.0,,,,,,,,,,,,,,,,,,,,,,,,,,,,,,,,,,,,,,,,,,,,,,,,,,,NA,Bye.,
AUDIO_START,237354,6/26/2026 11:34:12 AM,e7ca1105-8b8f-4dee-a332-17c93bb5c040,2.0,distant jet,10.13551,
PLAYER_POSITIONS,237682,6/26/2026 11:34:12 AM,e7ca1105-8b8f-4dee-a332-17c93bb5c040,2.0,,,,,,,,,,,,,,,,,,,,,,,,,,,,,,,,,,,"(-11.5, 0.5, 0.3)","(-11.8, 0.7, 0.3)","(-12.0, 0.1, 0.2)",
PLAYER_POSITIONS,237682,6/26/2026 11:34:12 AM,e7ca1105-8b8f-4dee-a332-17c93bb5c040,2.0,,,,,,,,,,,,,,,,,,,,,,,,,,,,,,,,,,,"(-11.5, 0.5, 0.3)","(-11.8, 0.7, 0.3)","(-12.0, 0.1, 0.2)",
VOICE_CAPTURE,237709,6/26/2026 11:34:12 AM,e7ca1105-8b8f-4dee-a332-17c93bb5c040,2.0,,,,,,,,,,,,,,,,,,,,,,,,,,,,,,,,,,,,,,,,,,,,,,,,,,,NA,Bye. Take care.,
INJURY_TREATED,237876,6/26/2026 11:34:12 AM,e7ca1105-8b8f-4dee-a332-17c93bb5c040,2.0,,,,,,,,,fullBody,Full Body Burn,"(0.0, 0.0, 0.0)",lollipop,1,1,high,True,True,,,,,,,Military PT 2,
TOOL_APPLIED,237877,6/26/2026 11:34:12 AM,e7ca1105-8b8f-4dee-a332-17c93bb5c040,2.0,,,,,,,,,,,,,,,,,,,,,,,,Military PT 2,,,,,,,,,,,,,,,,,,,,AppliedLollipop,Jaw (UnityEngine.GameObject),,Fentanyl Lollipop(Clone) (UnityEngine.GameObject),Fentanyl Lollipop,
PLAYER_POSITIONS,238210,6/26/2026 11:34:12 AM,e7ca1105-8b8f-4dee-a332-17c93bb5c040,2.0,,,,,,,,,,,,,,,,,,,,,,,,,,,,,,,,,,,"(-11.6, 0.5, 0.3)","(-11.8, 0.8, 0.4)","(-11.9, 0.2, 0.3)",
PLAYER_POSITIONS,238210,6/26/2026 11:34:12 AM,e7ca1105-8b8f-4dee-a332-17c93bb5c040,2.0,,,,,,,,,,,,,,,,,,,,,,,,,,,,,,,,,,,"(-11.6, 0.5, 0.3)","(-11.8, 0.8, 0.4)","(-11.9, 0.2, 0.3)",
VOICE_CAPTURE,238236,6/26/2026 11:34:12 AM,e7ca1105-8b8f-4dee-a332-17c93bb5c040,2.0,,,,,,,,,,,,,,,,,,,,,,,,,,,,,,,,,,,,,,,,,,,,,,,,,,,NA,Bye. take this,
BAG_CLOSED,238316,6/26/2026 11:34:13 AM,e7ca1105-8b8f-4dee-a332-17c93bb5c040,2.0,,,,,,,,,,,,,,,,,,,,,,,,,,,,,,,,,,,,"(0.0, 0.0, 0.0)",
VOICE_CAPTURE,238695,6/26/2026 11:34:13 AM,e7ca1105-8b8f-4dee-a332-17c93bb5c040,2.0,,,,,,,,,,,,,,,,,,,,,,,,,,,,,,,,,,,,,,,,,,,,,,,,,,,NA,Bye. take this,
VOICE_CAPTURE,238695,6/26/2026 11:34:13 AM,e7ca1105-8b8f-4dee-a332-17c93bb5c040,2.0,,,,,,,,,,,,,,,,,,,,,,,,,,,,,,,,,,,,,,,,,,,,,,,,,,,NA,Bye. take this,
PLAYER_POSITIONS,238722,6/26/2026 11:34:13 AM,e7ca1105-8b8f-4dee-a332-17c93bb5c040,2.0,,,,,,,,,,,,,,,,,,,,,,,,,,,,,,,,,,,"(-11.5, 0.5, 0.9)","(-11.6, 0.9, 1.2)","(-11.8, 0.3, 1.2)",
PLAYER_GAZE,238722,6/26/2026 11:34:13 AM,e7ca1105-8b8f-4dee-a332-17c93bb5c040,2.0,,,,,,,,,,,,,,,,,,,,,,,,Military PT 2,,,,,,,,,"(0.4, 0.9, 0.2)",,,"(-12.0, 0.0, 1.1)",
PLAYER_POSITIONS,238722,6/26/2026 11:34:13 AM,e7ca1105-8b8f-4dee-a332-17c93bb5c040,2.0,,,,,,,,,,,,,,,,,,,,,,,,,,,,,,,,,,,"(-11.5, 0.5, 0.9)","(-11.6, 0.9, 1.2)","(-11.8, 0.3, 1.2)",
PLAYER_GAZE,238722,6/26/2026 11:34:13 AM,e7ca1105-8b8f-4dee-a332-17c93bb5c040,2.0,,,,,,,,,,,,,,,,,,,,,,,,Military PT 2,,,,,,,,,"(0.4, 0.9, 0.2)",,,"(-12.0, 0.0, 1.1)",
VOICE_CAPTURE,239208,6/26/2026 11:34:13 AM,e7ca1105-8b8f-4dee-a332-17c93bb5c040,2.0,,,,,,,,,,,,,,,,,,,,,,,,,,,,,,,,,,,,,,,,,,,,,,,,,,,NA,Take this.,
PLAYER_POSITIONS,239239,6/26/2026 11:34:13 AM,e7ca1105-8b8f-4dee-a332-17c93bb5c040,2.0,,,,,,,,,,,,,,,,,,,,,,,,,,,,,,,,,,,"(-11.8, 0.5, 1.6)","(-11.8, 0.9, 1.9)","(-12.0, 0.3, 2.0)",
PLAYER_POSITIONS,239239,6/26/2026 11:34:13 AM,e7ca1105-8b8f-4dee-a332-17c93bb5c040,2.0,,,,,,,,,,,,,,,,,,,,,,,,,,,,,,,,,,,"(-11.8, 0.5, 1.6)","(-11.8, 0.9, 1.9)","(-12.0, 0.3, 2.0)",
VOICE_CAPTURE,239708,6/26/2026 11:34:14 AM,e7ca1105-8b8f-4dee-a332-17c93bb5c040,2.0,,,,,,,,,,,,,,,,,,,,,,,,,,,,,,,,,,,,,,,,,,,,,,,,,,,NA,Take this.,
PLAYER_POSITIONS,239764,6/26/2026 11:34:14 AM,e7ca1105-8b8f-4dee-a332-17c93bb5c040,2.0,,,,,,,,,,,,,,,,,,,,,,,,,,,,,,,,,,,"(-12.6, 0.5, 1.8)","(-12.6, 0.9, 2.0)","(-12.8, 0.6, 2.2)",
PLAYER_POSITIONS,239764,6/26/2026 11:34:14 AM,e7ca1105-8b8f-4dee-a332-17c93bb5c040,2.0,,,,,,,,,,,,,,,,,,,,,,,,,,,,,,,,,,,"(-12.6, 0.5, 1.8)","(-12.6, 0.9, 2.0)","(-12.8, 0.6, 2.2)",
PLAYER_POSITIONS,240284,6/26/2026 11:34:15 AM,e7ca1105-8b8f-4dee-a332-17c93bb5c040,2.0,,,,,,,,,,,,,,,,,,,,,,,,,,,,,,,,,,,"(-12.9, 0.5, 1.3)","(-13.0, 0.8, 1.5)","(-13.1, 0.3, 1.5)",
PLAYER_POSITIONS,240284,6/26/2026 11:34:15 AM,e7ca1105-8b8f-4dee-a332-17c93bb5c040,2.0,,,,,,,,,,,,,,,,,,,,,,,,,,,,,,,,,,,"(-12.9, 0.5, 1.3)","(-13.0, 0.8, 1.5)","(-13.1, 0.3, 1.5)",
PULSE_TAKEN,240781,6/26/2026 11:34:15 AM,e7ca1105-8b8f-4dee-a332-17c93bb5c040,2.0,,,,,,,,,,,,,,,,,,,,,,,,Civilian PT 3,,,,pulse_normal,
PLAYER_POSITIONS,240812,6/26/2026 11:34:15 AM,e7ca1105-8b8f-4dee-a332-17c93bb5c040,2.0,,,,,,,,,,,,,,,,,,,,,,,,,,,,,,,,,,,"(-12.7, 0.5, 1.3)","(-13.1, 0.6, 1.3)","(-13.3, 0.0, 1.2)",
PLAYER_POSITIONS,240812,6/26/2026 11:34:15 AM,e7ca1105-8b8f-4dee-a332-17c93bb5c040,2.0,,,,,,,,,,,,,,,,,,,,,,,,,,,,,,,,,,,"(-12.7, 0.5, 1.3)","(-13.1, 0.6, 1.3)","(-13.3, 0.0, 1.2)",
PLAYER_POSITIONS,241339,6/26/2026 11:34:16 AM,e7ca1105-8b8f-4dee-a332-17c93bb5c040,2.0,,,,,,,,,,,,,,,,,,,,,,,,,,,,,,,,,,,"(-12.8, 0.5, 1.2)","(-13.1, 0.6, 1.2)","(-13.3, 0.0, 1.2)",
PLAYER_POSITIONS,241339,6/26/2026 11:34:16 AM,e7ca1105-8b8f-4dee-a332-17c93bb5c040,2.0,,,,,,,,,,,,,,,,,,,,,,,,,,,,,,,,,,,"(-12.8, 0.5, 1.2)","(-13.1, 0.6, 1.2)","(-13.3, 0.0, 1.2)",
PATIENT_DISENGAGED,241614,6/26/2026 11:34:16 AM,e7ca1105-8b8f-4dee-a332-17c93bb5c040,2.0,,,,10.67,,,,,,,,,,,,,,,,restricted,100,Infinity,normal,Military PT 2,agony,supine,"(-12.0, -0.1, 1.1)",faint,"(0.0, 0.4, 0.0, 0.9)",normal,EXPECTANT,still,,,,,,,,,,,,,,,,,10.67,
PATIENT_ENGAGED,241614,6/26/2026 11:34:16 AM,e7ca1105-8b8f-4dee-a332-17c93bb5c040,2.0,,,,0,,,,,,,,,,,,,,,,normal,100,Infinity,normal,Civilian PT 3,upset,prone,"(-14.3, -0.1, 1.6)",normal,"(0.0, 0.0, 0.0, 1.0)",normal,DELAYED,still,,,,,,,,,,,,,,,,,0,
DRAG_STOP,241784,6/26/2026 11:34:16 AM,e7ca1105-8b8f-4dee-a332-17c93bb5c040,2.0,,,,,"(-6.8, 0.0, 2.1)","(-8.0, 0.0, 0.4)",,,,,,,,,,,,,,,,,,Civilian PT 3,
PLAYER_POSITIONS,241841,6/26/2026 11:34:16 AM,e7ca1105-8b8f-4dee-a332-17c93bb5c040,2.0,,,,,,,,,,,,,,,,,,,,,,,,,,,,,,,,,,,"(-12.8, 0.5, 1.2)","(-13.2, 0.7, 1.4)","(-13.3, 0.4, 1.4)",
PLAYER_POSITIONS,241841,6/26/2026 11:34:16 AM,e7ca1105-8b8f-4dee-a332-17c93bb5c040,2.0,,,,,,,,,,,,,,,,,,,,,,,,,,,,,,,,,,,"(-12.8, 0.5, 1.2)","(-13.2, 0.7, 1.4)","(-13.3, 0.4, 1.4)",
PLAYER_POSITIONS,242366,6/26/2026 11:34:17 AM,e7ca1105-8b8f-4dee-a332-17c93bb5c040,2.0,,,,,,,,,,,,,,,,,,,,,,,,,,,,,,,,,,,"(-12.9, 0.5, 1.3)","(-13.1, 0.8, 1.6)","(-13.3, 0.2, 1.8)",
PLAYER_POSITIONS,242366,6/26/2026 11:34:17 AM,e7ca1105-8b8f-4dee-a332-17c93bb5c040,2.0,,,,,,,,,,,,,,,,,,,,,,,,,,,,,,,,,,,"(-12.9, 0.5, 1.3)","(-13.1, 0.8, 1.6)","(-13.3, 0.2, 1.8)",
PLAYER_POSITIONS,242867,6/26/2026 11:34:17 AM,e7ca1105-8b8f-4dee-a332-17c93bb5c040,2.0,,,,,,,,,,,,,,,,,,,,,,,,,,,,,,,,,,,"(-12.9, 0.5, 1.3)","(-13.0, 0.8, 1.7)","(-13.3, 0.4, 1.8)",
PLAYER_POSITIONS,242867,6/26/2026 11:34:17 AM,e7ca1105-8b8f-4dee-a332-17c93bb5c040,2.0,,,,,,,,,,,,,,,,,,,,,,,,,,,,,,,,,,,"(-12.9, 0.5, 1.3)","(-13.0, 0.8, 1.7)","(-13.3, 0.4, 1.8)",
TOOL_HOVER,243185,6/26/2026 11:34:17 AM,e7ca1105-8b8f-4dee-a332-17c93bb5c040,2.0,,,,,,,,,,,,,,,,,,,,,,,,,,,,,,,,,,,,,,,,,,,,,,997,,Tourniquet,
TOOL_SELECTED,243186,6/26/2026 11:34:17 AM,e7ca1105-8b8f-4dee-a332-17c93bb5c040,2.0,,,,,,,,,,,,,,,,,,,,,,,,,,,,,,,,,,,,,,,,,,,,,,996,,Tourniquet,
PLAYER_POSITIONS,243395,6/26/2026 11:34:18 AM,e7ca1105-8b8f-4dee-a332-17c93bb5c040,2.0,,,,,,,,,,,,,,,,,,,,,,,,,,,,,,,,,,,"(-12.9, 0.5, 1.3)","(-13.1, 0.8, 1.6)","(-13.5, 0.3, 1.7)",
PLAYER_POSITIONS,243395,6/26/2026 11:34:18 AM,e7ca1105-8b8f-4dee-a332-17c93bb5c040,2.0,,,,,,,,,,,,,,,,,,,,,,,,,,,,,,,,,,,"(-12.9, 0.5, 1.3)","(-13.1, 0.8, 1.6)","(-13.5, 0.3, 1.7)",
BAG_CLOSED,243503,6/26/2026 11:34:18 AM,e7ca1105-8b8f-4dee-a332-17c93bb5c040,2.0,,,,,,,,,,,,,,,,,,,,,,,,,,,,,,,,,,,,"(0.0, 0.0, 0.0)",
PLAYER_POSITIONS,243895,6/26/2026 11:34:18 AM,e7ca1105-8b8f-4dee-a332-17c93bb5c040,2.0,,,,,,,,,,,,,,,,,,,,,,,,,,,,,,,,,,,"(-13.1, 0.5, 1.5)","(-13.3, 0.8, 1.8)","(-13.6, 0.2, 1.9)",
PLAYER_POSITIONS,243895,6/26/2026 11:34:18 AM,e7ca1105-8b8f-4dee-a332-17c93bb5c040,2.0,,,,,,,,,,,,,,,,,,,,,,,,,,,,,,,,,,,"(-13.1, 0.5, 1.5)","(-13.3, 0.8, 1.8)","(-13.6, 0.2, 1.9)",
PLAYER_POSITIONS,244401,6/26/2026 11:34:19 AM,e7ca1105-8b8f-4dee-a332-17c93bb5c040,2.0,,,,,,,,,,,,,,,,,,,,,,,,,,,,,,,,,,,"(-13.3, 0.5, 1.7)","(-13.5, 0.7, 1.9)","(-13.7, 0.1, 1.9)",
PLAYER_POSITIONS,244401,6/26/2026 11:34:19 AM,e7ca1105-8b8f-4dee-a332-17c93bb5c040,2.0,,,,,,,,,,,,,,,,,,,,,,,,,,,,,,,,,,,"(-13.3, 0.5, 1.7)","(-13.5, 0.7, 1.9)","(-13.7, 0.1, 1.9)",
PLAYER_POSITIONS,244928,6/26/2026 11:34:19 AM,e7ca1105-8b8f-4dee-a332-17c93bb5c040,2.0,,,,,,,,,,,,,,,,,,,,,,,,,,,,,,,,,,,"(-13.3, 0.5, 1.7)","(-13.6, 0.6, 1.8)","(-13.7, 0.0, 1.8)",
PLAYER_POSITIONS,244928,6/26/2026 11:34:19 AM,e7ca1105-8b8f-4dee-a332-17c93bb5c040,2.0,,,,,,,,,,,,,,,,,,,,,,,,,,,,,,,,,,,"(-13.3, 0.5, 1.7)","(-13.6, 0.6, 1.8)","(-13.7, 0.0, 1.8)",
PLAYER_POSITIONS,245429,6/26/2026 11:34:20 AM,e7ca1105-8b8f-4dee-a332-17c93bb5c040,2.0,,,,,,,,,,,,,,,,,,,,,,,,,,,,,,,,,,,"(-13.3, 0.5, 1.7)","(-13.6, 0.6, 1.8)","(-13.8, 0.0, 1.8)",
PLAYER_POSITIONS,245429,6/26/2026 11:34:20 AM,e7ca1105-8b8f-4dee-a332-17c93bb5c040,2.0,,,,,,,,,,,,,,,,,,,,,,,,,,,,,,,,,,,"(-13.3, 0.5, 1.7)","(-13.6, 0.6, 1.8)","(-13.8, 0.0, 1.8)",
INJURY_TREATED,245666,6/26/2026 11:34:20 AM,e7ca1105-8b8f-4dee-a332-17c93bb5c040,2.0,,,,,,,,,leftLeg,L Shin Amputation,"(-14.0, 0.0, 2.0)",tourniquet,1,1,high,True,True,,,,,,,Civilian PT 3,
TOOL_APPLIED,245666,6/26/2026 11:34:20 AM,e7ca1105-8b8f-4dee-a332-17c93bb5c040,2.0,,,,,,,,,,,,,,,,,,,,,,,,Civilian PT 3,,,,,,,,,,,,,,,,,,,,AppliedTourniquet,LeftUpLeg (UnityEngine.GameObject),,Tourniquet(Clone) (UnityEngine.GameObject),Tourniquet,
PLAYER_POSITIONS,245929,6/26/2026 11:34:20 AM,e7ca1105-8b8f-4dee-a332-17c93bb5c040,2.0,,,,,,,,,,,,,,,,,,,,,,,,,,,,,,,,,,,"(-13.4, 0.5, 1.8)","(-13.6, 0.7, 1.8)","(-13.7, 0.1, 1.8)",
PLAYER_POSITIONS,245929,6/26/2026 11:34:20 AM,e7ca1105-8b8f-4dee-a332-17c93bb5c040,2.0,,,,,,,,,,,,,,,,,,,,,,,,,,,,,,,,,,,"(-13.4, 0.5, 1.8)","(-13.6, 0.7, 1.8)","(-13.7, 0.1, 1.8)",
PLAYER_POSITIONS,246430,6/26/2026 11:34:21 AM,e7ca1105-8b8f-4dee-a332-17c93bb5c040,2.0,,,,,,,,,,,,,,,,,,,,,,,,,,,,,,,,,,,"(-13.4, 0.5, 1.7)","(-13.5, 0.8, 1.8)","(-13.6, 0.2, 1.9)",
PLAYER_POSITIONS,246430,6/26/2026 11:34:21 AM,e7ca1105-8b8f-4dee-a332-17c93bb5c040,2.0,,,,,,,,,,,,,,,,,,,,,,,,,,,,,,,,,,,"(-13.4, 0.5, 1.7)","(-13.5, 0.8, 1.8)","(-13.6, 0.2, 1.9)",
PLAYER_POSITIONS,246937,6/26/2026 11:34:21 AM,e7ca1105-8b8f-4dee-a332-17c93bb5c040,2.0,,,,,,,,,,,,,,,,,,,,,,,,,,,,,,,,,,,"(-13.1, 0.5, 1.2)","(-13.2, 0.8, 1.3)","(-13.4, 0.2, 1.3)",
PLAYER_POSITIONS,246937,6/26/2026 11:34:21 AM,e7ca1105-8b8f-4dee-a332-17c93bb5c040,2.0,,,,,,,,,,,,,,,,,,,,,,,,,,,,,,,,,,,"(-13.1, 0.5, 1.2)","(-13.2, 0.8, 1.3)","(-13.4, 0.2, 1.3)",
PLAYER_POSITIONS,247459,6/26/2026 11:34:22 AM,e7ca1105-8b8f-4dee-a332-17c93bb5c040,2.0,,,,,,,,,,,,,,,,,,,,,,,,,,,,,,,,,,,"(-13.1, 0.5, 1.2)","(-13.3, 0.7, 1.3)","(-13.4, 0.1, 1.3)",
PLAYER_POSITIONS,247459,6/26/2026 11:34:22 AM,e7ca1105-8b8f-4dee-a332-17c93bb5c040,2.0,,,,,,,,,,,,,,,,,,,,,,,,,,,,,,,,,,,"(-13.1, 0.5, 1.2)","(-13.3, 0.7, 1.3)","(-13.4, 0.1, 1.3)",
AUDIO_END,247488,6/26/2026 11:34:22 AM,e7ca1105-8b8f-4dee-a332-17c93bb5c040,2.0,distant jet,10.13551,
NARRATIVE_SECTION_END,247488,6/26/2026 11:34:22 AM,e7ca1105-8b8f-4dee-a332-17c93bb5c040,2.0,,,,,,,,,,,,,,,,,,Distant Jet,27,
NARRATIVE_SECTION_START,247511,6/26/2026 11:34:22 AM,e7ca1105-8b8f-4dee-a332-17c93bb5c040,2.0,,,,,,,,,,,,,,,,,,Enemy dispersed,28,
VOICE_CAPTURE,247724,6/26/2026 11:34:22 AM,e7ca1105-8b8f-4dee-a332-17c93bb5c040,2.0,,,,,,,,,,,,,,,,,,,,,,,,,,,,,,,,,,,,,,,,,,,,,,,,,,,NA,Thank you.,
PLAYER_POSITIONS,247973,6/26/2026 11:34:22 AM,e7ca1105-8b8f-4dee-a332-17c93bb5c040,2.0,,,,,,,,,,,,,,,,,,,,,,,,,,,,,,,,,,,"(-13.1, 0.5, 1.1)","(-13.3, 0.7, 1.3)","(-13.5, 0.4, 1.4)",
PLAYER_POSITIONS,247973,6/26/2026 11:34:22 AM,e7ca1105-8b8f-4dee-a332-17c93bb5c040,2.0,,,,,,,,,,,,,,,,,,,,,,,,,,,,,,,,,,,"(-13.1, 0.5, 1.1)","(-13.3, 0.7, 1.3)","(-13.5, 0.4, 1.4)",
DRAG_STOP,248003,6/26/2026 11:34:22 AM,e7ca1105-8b8f-4dee-a332-17c93bb5c040,2.0,,,,,"(-6.8, 0.0, 2.1)","(-8.0, 0.0, 0.4)",,,,,,,,,,,,,,,,,,Civilian PT 3,
VOICE_CAPTURE,248238,6/26/2026 11:34:22 AM,e7ca1105-8b8f-4dee-a332-17c93bb5c040,2.0,,,,,,,,,,,,,,,,,,,,,,,,,,,,,,,,,,,,,,,,,,,,,,,,,,,NA,Get on your back.,
PLAYER_POSITIONS,248486,6/26/2026 11:34:23 AM,e7ca1105-8b8f-4dee-a332-17c93bb5c040,2.0,,,,,,,,,,,,,,,,,,,,,,,,,,,,,,,,,,,"(-13.1, 0.5, 1.1)","(-13.2, 0.7, 1.3)","(-13.6, 0.3, 1.4)",
PLAYER_POSITIONS,248486,6/26/2026 11:34:23 AM,e7ca1105-8b8f-4dee-a332-17c93bb5c040,2.0,,,,,,,,,,,,,,,,,,,,,,,,,,,,,,,,,,,"(-13.1, 0.5, 1.1)","(-13.2, 0.7, 1.3)","(-13.6, 0.3, 1.4)",
VOICE_CAPTURE,248724,6/26/2026 11:34:23 AM,e7ca1105-8b8f-4dee-a332-17c93bb5c040,2.0,,,,,,,,,,,,,,,,,,,,,,,,,,,,,,,,,,,,,,,,,,,,,,,,,,,NA,Get on your back for me.,
PLAYER_POSITIONS,249000,6/26/2026 11:34:23 AM,e7ca1105-8b8f-4dee-a332-17c93bb5c040,2.0,,,,,,,,,,,,,,,,,,,,,,,,,,,,,,,,,,,"(-13.1, 0.5, 1.1)","(-13.2, 0.7, 1.3)","(-13.5, 0.2, 1.5)",
PLAYER_POSITIONS,249000,6/26/2026 11:34:23 AM,e7ca1105-8b8f-4dee-a332-17c93bb5c040,2.0,,,,,,,,,,,,,,,,,,,,,,,,,,,,,,,,,,,"(-13.1, 0.5, 1.1)","(-13.2, 0.7, 1.3)","(-13.5, 0.2, 1.5)",
VOICE_CAPTURE,249236,6/26/2026 11:34:23 AM,e7ca1105-8b8f-4dee-a332-17c93bb5c040,2.0,,,,,,,,,,,,,,,,,,,,,,,,,,,,,,,,,,,,,,,,,,,,,,,,,,,NA,Get on your back for me. Get on your back for me. Can you roll over?,
BUTTON_CLICKED,249262,6/26/2026 11:34:23 AM,e7ca1105-8b8f-4dee-a332-17c93bb5c040,2.0,,,lay down,
VOICE_CAPTURE,249262,6/26/2026 11:34:23 AM,e7ca1105-8b8f-4dee-a332-17c93bb5c040,2.0,,,,,,,,,,,,,,,,,,,,,,,,,,,,,,,,,,,,,,,,,,,,,,,,,,,NA,lay down,
VOICE_COMMAND,249262,6/26/2026 11:34:23 AM,e7ca1105-8b8f-4dee-a332-17c93bb5c040,2.0,,,,,,,,,,,,,,,,,,,,,,,,,,,,,,,,,,,,,,,,,,,,,,,,,,,lay down,lay down,
AUDIO_START,249527,6/26/2026 11:34:24 AM,e7ca1105-8b8f-4dee-a332-17c93bb5c040,2.0,enemy dispersed,3.578775,
PLAYER_POSITIONS,249527,6/26/2026 11:34:24 AM,e7ca1105-8b8f-4dee-a332-17c93bb5c040,2.0,,,,,,,,,,,,,,,,,,,,,,,,,,,,,,,,,,,"(-13.1, 0.5, 1.2)","(-13.2, 0.7, 1.3)","(-13.5, 0.3, 1.5)",
PLAYER_POSITIONS,249527,6/26/2026 11:34:24 AM,e7ca1105-8b8f-4dee-a332-17c93bb5c040,2.0,,,,,,,,,,,,,,,,,,,,,,,,,,,,,,,,,,,"(-13.1, 0.5, 1.2)","(-13.2, 0.7, 1.3)","(-13.5, 0.3, 1.5)",
VOICE_CAPTURE,249710,6/26/2026 11:34:24 AM,e7ca1105-8b8f-4dee-a332-17c93bb5c040,2.0,,,,,,,,,,,,,,,,,,,,,,,,,,,,,,,,,,,,,,,,,,,,,,,,,,,NA,Get on your back for me. Get on your back for me. Can you roll over?,
VOICE_CAPTURE,249710,6/26/2026 11:34:24 AM,e7ca1105-8b8f-4dee-a332-17c93bb5c040,2.0,,,,,,,,,,,,,,,,,,,,,,,,,,,,,,,,,,,,,,,,,,,,,,,,,,,NA,Get on your back for me. Get on your back for me. Can you roll over?,
VOICE_COMMAND,249710,6/26/2026 11:34:24 AM,e7ca1105-8b8f-4dee-a332-17c93bb5c040,2.0,,,,,,,,,,,,,,,,,,,,,,,,,,,,,,,,,,,,,,,,,,,,,,,,,,,Get on your back for me. Get on your back for me. Can you roll over?,lay down,
PLAYER_POSITIONS,250042,6/26/2026 11:34:24 AM,e7ca1105-8b8f-4dee-a332-17c93bb5c040,2.0,,,,,,,,,,,,,,,,,,,,,,,,,,,,,,,,,,,"(-13.1, 0.5, 1.2)","(-13.3, 0.7, 1.3)","(-13.6, 0.3, 1.5)",
PLAYER_POSITIONS,250042,6/26/2026 11:34:24 AM,e7ca1105-8b8f-4dee-a332-17c93bb5c040,2.0,,,,,,,,,,,,,,,,,,,,,,,,,,,,,,,,,,,"(-13.1, 0.5, 1.2)","(-13.3, 0.7, 1.3)","(-13.6, 0.3, 1.5)",
PLAYER_POSITIONS,250562,6/26/2026 11:34:25 AM,e7ca1105-8b8f-4dee-a332-17c93bb5c040,2.0,,,,,,,,,,,,,,,,,,,,,,,,,,,,,,,,,,,"(-13.1, 0.5, 1.2)","(-13.3, 0.8, 1.3)","(-13.6, 0.3, 1.6)",
PLAYER_POSITIONS,250562,6/26/2026 11:34:25 AM,e7ca1105-8b8f-4dee-a332-17c93bb5c040,2.0,,,,,,,,,,,,,,,,,,,,,,,,,,,,,,,,,,,"(-13.1, 0.5, 1.2)","(-13.3, 0.8, 1.3)","(-13.6, 0.3, 1.6)",
PLAYER_POSITIONS,251079,6/26/2026 11:34:25 AM,e7ca1105-8b8f-4dee-a332-17c93bb5c040,2.0,,,,,,,,,,,,,,,,,,,,,,,,,,,,,,,,,,,"(-13.1, 0.5, 1.2)","(-13.2, 0.8, 1.3)","(-13.6, 0.3, 1.6)",
PLAYER_POSITIONS,251079,6/26/2026 11:34:25 AM,e7ca1105-8b8f-4dee-a332-17c93bb5c040,2.0,,,,,,,,,,,,,,,,,,,,,,,,,,,,,,,,,,,"(-13.1, 0.5, 1.2)","(-13.2, 0.8, 1.3)","(-13.6, 0.3, 1.6)",
PLAYER_POSITIONS,251610,6/26/2026 11:34:26 AM,e7ca1105-8b8f-4dee-a332-17c93bb5c040,2.0,,,,,,,,,,,,,,,,,,,,,,,,,,,,,,,,,,,"(-13.2, 0.5, 1.0)","(-13.3, 0.8, 1.2)","(-13.6, 0.4, 1.4)",
PLAYER_POSITIONS,251610,6/26/2026 11:34:26 AM,e7ca1105-8b8f-4dee-a332-17c93bb5c040,2.0,,,,,,,,,,,,,,,,,,,,,,,,,,,,,,,,,,,"(-13.2, 0.5, 1.0)","(-13.3, 0.8, 1.2)","(-13.6, 0.4, 1.4)",
PLAYER_POSITIONS,252136,6/26/2026 11:34:26 AM,e7ca1105-8b8f-4dee-a332-17c93bb5c040,2.0,,,,,,,,,,,,,,,,,,,,,,,,,,,,,,,,,,,"(-13.5, 0.5, 0.8)","(-13.7, 0.8, 1.0)","(-13.9, 0.3, 1.2)",
PLAYER_POSITIONS,252136,6/26/2026 11:34:26 AM,e7ca1105-8b8f-4dee-a332-17c93bb5c040,2.0,,,,,,,,,,,,,,,,,,,,,,,,,,,,,,,,,,,"(-13.5, 0.5, 0.8)","(-13.7, 0.8, 1.0)","(-13.9, 0.3, 1.2)",
PLAYER_POSITIONS,252644,6/26/2026 11:34:27 AM,e7ca1105-8b8f-4dee-a332-17c93bb5c040,2.0,,,,,,,,,,,,,,,,,,,,,,,,,,,,,,,,,,,"(-13.6, 0.5, 1.0)","(-13.7, 0.7, 1.2)","(-14.0, 0.3, 1.5)",
PLAYER_POSITIONS,252644,6/26/2026 11:34:27 AM,e7ca1105-8b8f-4dee-a332-17c93bb5c040,2.0,,,,,,,,,,,,,,,,,,,,,,,,,,,,,,,,,,,"(-13.6, 0.5, 1.0)","(-13.7, 0.7, 1.2)","(-14.0, 0.3, 1.5)",
AUDIO_END,253116,6/26/2026 11:34:27 AM,e7ca1105-8b8f-4dee-a332-17c93bb5c040,2.0,enemy dispersed,3.578775,
NARRATIVE_SECTION_END,253116,6/26/2026 11:34:27 AM,e7ca1105-8b8f-4dee-a332-17c93bb5c040,2.0,,,,,,,,,,,,,,,,,,Enemy dispersed,28,
NARRATIVE_SECTION_START,253182,6/26/2026 11:34:27 AM,e7ca1105-8b8f-4dee-a332-17c93bb5c040,2.0,,,,,,,,,,,,,,,,,,Mortar support on 3-1,29,
PLAYER_POSITIONS,253188,6/26/2026 11:34:27 AM,e7ca1105-8b8f-4dee-a332-17c93bb5c040,2.0,,,,,,,,,,,,,,,,,,,,,,,,,,,,,,,,,,,"(-13.6, 0.5, 1.0)","(-13.7, 0.7, 1.3)","(-14.0, 0.3, 1.6)",
PLAYER_POSITIONS,253188,6/26/2026 11:34:27 AM,e7ca1105-8b8f-4dee-a332-17c93bb5c040,2.0,,,,,,,,,,,,,,,,,,,,,,,,,,,,,,,,,,,"(-13.6, 0.5, 1.0)","(-13.7, 0.7, 1.3)","(-14.0, 0.3, 1.6)",
PLAYER_POSITIONS,253701,6/26/2026 11:34:28 AM,e7ca1105-8b8f-4dee-a332-17c93bb5c040,2.0,,,,,,,,,,,,,,,,,,,,,,,,,,,,,,,,,,,"(-13.6, 0.5, 1.0)","(-13.8, 0.8, 1.3)","(-14.0, 0.4, 1.5)",
PLAYER_POSITIONS,253701,6/26/2026 11:34:28 AM,e7ca1105-8b8f-4dee-a332-17c93bb5c040,2.0,,,,,,,,,,,,,,,,,,,,,,,,,,,,,,,,,,,"(-13.6, 0.5, 1.0)","(-13.8, 0.8, 1.3)","(-14.0, 0.4, 1.5)",
VOICE_CAPTURE,253728,6/26/2026 11:34:28 AM,e7ca1105-8b8f-4dee-a332-17c93bb5c040,2.0,,,,,,,,,,,,,,,,,,,,,,,,,,,,,,,,,,,,,,,,,,,,,,,,,,,NA,Thank you.,
TOOL_HOVER,254060,6/26/2026 11:34:28 AM,e7ca1105-8b8f-4dee-a332-17c93bb5c040,2.0,,,,,,,,,,,,,,,,,,,,,,,,,,,,,,,,,,,,,,,,,,,,,,998,,Chest Seal,
PLAYER_POSITIONS,254216,6/26/2026 11:34:28 AM,e7ca1105-8b8f-4dee-a332-17c93bb5c040,2.0,,,,,,,,,,,,,,,,,,,,,,,,,,,,,,,,,,,"(-13.7, 0.5, 1.0)","(-13.8, 0.8, 1.4)","(-14.3, 0.6, 1.6)",
PLAYER_POSITIONS,254216,6/26/2026 11:34:28 AM,e7ca1105-8b8f-4dee-a332-17c93bb5c040,2.0,,,,,,,,,,,,,,,,,,,,,,,,,,,,,,,,,,,"(-13.7, 0.5, 1.0)","(-13.8, 0.8, 1.4)","(-14.3, 0.6, 1.6)",
VOICE_CAPTURE,254216,6/26/2026 11:34:28 AM,e7ca1105-8b8f-4dee-a332-17c93bb5c040,2.0,,,,,,,,,,,,,,,,,,,,,,,,,,,,,,,,,,,,,,,,,,,,,,,,,,,NA,Thank you.,
VOICE_CAPTURE,254216,6/26/2026 11:34:28 AM,e7ca1105-8b8f-4dee-a332-17c93bb5c040,2.0,,,,,,,,,,,,,,,,,,,,,,,,,,,,,,,,,,,,,,,,,,,,,,,,,,,NA,Thank you.,
TOOL_HOVER,254268,6/26/2026 11:34:28 AM,e7ca1105-8b8f-4dee-a332-17c93bb5c040,2.0,,,,,,,,,,,,,,,,,,,,,,,,,,,,,,,,,,,,,,,,,,,,,,999,,Burn Dressing,
TOOL_SELECTED,254658,6/26/2026 11:34:29 AM,e7ca1105-8b8f-4dee-a332-17c93bb5c040,2.0,,,,,,,,,,,,,,,,,,,,,,,,,,,,,,,,,,,,,,,,,,,,,,998,,Burn Dressing,
PLAYER_POSITIONS,254728,6/26/2026 11:34:29 AM,e7ca1105-8b8f-4dee-a332-17c93bb5c040,2.0,,,,,,,,,,,,,,,,,,,,,,,,,,,,,,,,,,,"(-13.7, 0.5, 1.0)","(-13.8, 0.9, 1.4)","(-14.2, 0.6, 1.7)",
PLAYER_POSITIONS,254728,6/26/2026 11:34:29 AM,e7ca1105-8b8f-4dee-a332-17c93bb5c040,2.0,,,,,,,,,,,,,,,,,,,,,,,,,,,,,,,,,,,"(-13.7, 0.5, 1.0)","(-13.8, 0.9, 1.4)","(-14.2, 0.6, 1.7)",
VOICE_CAPTURE,254728,6/26/2026 11:34:29 AM,e7ca1105-8b8f-4dee-a332-17c93bb5c040,2.0,,,,,,,,,,,,,,,,,,,,,,,,,,,,,,,,,,,,,,,,,,,,,,,,,,,NA,Thank you.,
VOICE_CAPTURE,255207,6/26/2026 11:34:29 AM,e7ca1105-8b8f-4dee-a332-17c93bb5c040,2.0,,,,,,,,,,,,,,,,,,,,,,,,,,,,,,,,,,,,,,,,,,,,,,,,,,,NA,Thank you.,
PLAYER_POSITIONS,255234,6/26/2026 11:34:29 AM,e7ca1105-8b8f-4dee-a332-17c93bb5c040,2.0,,,,,,,,,,,,,,,,,,,,,,,,,,,,,,,,,,,"(-13.6, 0.5, 1.0)","(-13.8, 0.7, 1.2)","(-13.9, 0.2, 1.2)",
PLAYER_POSITIONS,255234,6/26/2026 11:34:29 AM,e7ca1105-8b8f-4dee-a332-17c93bb5c040,2.0,,,,,,,,,,,,,,,,,,,,,,,,,,,,,,,,,,,"(-13.6, 0.5, 1.0)","(-13.8, 0.7, 1.2)","(-13.9, 0.2, 1.2)",
PLAYER_POSITIONS,255749,6/26/2026 11:34:30 AM,e7ca1105-8b8f-4dee-a332-17c93bb5c040,2.0,,,,,,,,,,,,,,,,,,,,,,,,,,,,,,,,,,,"(-13.5, 0.5, 1.0)","(-13.8, 0.6, 1.1)","(-13.8, -0.1, 1.2)",
PLAYER_POSITIONS,255749,6/26/2026 11:34:30 AM,e7ca1105-8b8f-4dee-a332-17c93bb5c040,2.0,,,,,,,,,,,,,,,,,,,,,,,,,,,,,,,,,,,"(-13.5, 0.5, 1.0)","(-13.8, 0.6, 1.1)","(-13.8, -0.1, 1.2)",
TOOL_DISCARDED,255771,6/26/2026 11:34:30 AM,e7ca1105-8b8f-4dee-a332-17c93bb5c040,2.0,,,,,,,,,,,,,,,,,,,,,,,,Civilian PT 3,,,,,,,,,,,,"(-13.8, -0.1, 1.2)",,,,,,,,,,998,,Burn Dressing,
PLAYER_POSITIONS,256262,6/26/2026 11:34:30 AM,e7ca1105-8b8f-4dee-a332-17c93bb5c040,2.0,,,,,,,,,,,,,,,,,,,,,,,,,,,,,,,,,,,"(-13.6, 0.5, 1.0)","(-13.8, 0.7, 1.2)","(-13.9, 0.2, 1.3)",
PLAYER_POSITIONS,256262,6/26/2026 11:34:30 AM,e7ca1105-8b8f-4dee-a332-17c93bb5c040,2.0,,,,,,,,,,,,,,,,,,,,,,,,,,,,,,,,,,,"(-13.6, 0.5, 1.0)","(-13.8, 0.7, 1.2)","(-13.9, 0.2, 1.3)",
TOOL_HOVER,256566,6/26/2026 11:34:31 AM,e7ca1105-8b8f-4dee-a332-17c93bb5c040,2.0,,,,,,,,,,,,,,,,,,,,,,,,,,,,,,,,,,,,,,,,,,,,,,998,,Blanket,
TOOL_HOVER,256663,6/26/2026 11:34:31 AM,e7ca1105-8b8f-4dee-a332-17c93bb5c040,2.0,,,,,,,,,,,,,,,,,,,,,,,,,,,,,,,,,,,,,,,,,,,,,,999,,Burn Dressing,
PLAYER_POSITIONS,256790,6/26/2026 11:34:31 AM,e7ca1105-8b8f-4dee-a332-17c93bb5c040,2.0,,,,,,,,,,,,,,,,,,,,,,,,,,,,,,,,,,,"(-13.6, 0.5, 1.0)","(-13.8, 0.8, 1.3)","(-14.2, 0.6, 1.7)",
PLAYER_POSITIONS,256790,6/26/2026 11:34:31 AM,e7ca1105-8b8f-4dee-a332-17c93bb5c040,2.0,,,,,,,,,,,,,,,,,,,,,,,,,,,,,,,,,,,"(-13.6, 0.5, 1.0)","(-13.8, 0.8, 1.3)","(-14.2, 0.6, 1.7)",
TOOL_SELECTED,256929,6/26/2026 11:34:31 AM,e7ca1105-8b8f-4dee-a332-17c93bb5c040,2.0,,,,,,,,,,,,,,,,,,,,,,,,,,,,,,,,,,,,,,,,,,,,,,998,,Burn Dressing,
PLAYER_POSITIONS,257317,6/26/2026 11:34:32 AM,e7ca1105-8b8f-4dee-a332-17c93bb5c040,2.0,,,,,,,,,,,,,,,,,,,,,,,,,,,,,,,,,,,"(-13.6, 0.5, 1.0)","(-13.8, 0.7, 1.2)","(-14.0, 0.3, 1.4)",
PLAYER_POSITIONS,257317,6/26/2026 11:34:32 AM,e7ca1105-8b8f-4dee-a332-17c93bb5c040,2.0,,,,,,,,,,,,,,,,,,,,,,,,,,,,,,,,,,,"(-13.6, 0.5, 1.0)","(-13.8, 0.7, 1.2)","(-14.0, 0.3, 1.4)",
PLAYER_POSITIONS,257832,6/26/2026 11:34:32 AM,e7ca1105-8b8f-4dee-a332-17c93bb5c040,2.0,,,,,,,,,,,,,,,,,,,,,,,,,,,,,,,,,,,"(-13.6, 0.5, 1.0)","(-13.8, 0.6, 1.2)","(-13.7, 0.0, 1.2)",
PLAYER_POSITIONS,257832,6/26/2026 11:34:32 AM,e7ca1105-8b8f-4dee-a332-17c93bb5c040,2.0,,,,,,,,,,,,,,,,,,,,,,,,,,,,,,,,,,,"(-13.6, 0.5, 1.0)","(-13.8, 0.6, 1.2)","(-13.7, 0.0, 1.2)",
AUDIO_START,258171,6/26/2026 11:34:32 AM,e7ca1105-8b8f-4dee-a332-17c93bb5c040,2.0,mortar on 3 1,3.474286,
INJURY_TREATED,258256,6/26/2026 11:34:32 AM,e7ca1105-8b8f-4dee-a332-17c93bb5c040,2.0,,,,,,,,,rightForearm,R Forearm Burn,"(-13.7, 0.0, 1.2)",burnDressing,1,1,medium,True,True,,,,,,,Civilian PT 3,
TOOL_APPLIED,258256,6/26/2026 11:34:32 AM,e7ca1105-8b8f-4dee-a332-17c93bb5c040,2.0,,,,,,,,,,,,,,,,,,,,,,,,Civilian PT 3,,,,,,,,,,,,,,,,,,,,AppliedBurnDressing,skinCollider_BodyNudeLOD (UnityEngine.GameObject),,Burn Dressing(Clone) (UnityEngine.GameObject),Burn Dressing,
PLAYER_POSITIONS,258338,6/26/2026 11:34:33 AM,e7ca1105-8b8f-4dee-a332-17c93bb5c040,2.0,,,,,,,,,,,,,,,,,,,,,,,,,,,,,,,,,,,"(-13.6, 0.5, 1.0)","(-13.8, 0.6, 1.2)","(-13.7, 0.0, 1.2)",
PLAYER_POSITIONS,258338,6/26/2026 11:34:33 AM,e7ca1105-8b8f-4dee-a332-17c93bb5c040,2.0,,,,,,,,,,,,,,,,,,,,,,,,,,,,,,,,,,,"(-13.6, 0.5, 1.0)","(-13.8, 0.6, 1.2)","(-13.7, 0.0, 1.2)",
PULSE_TAKEN,258682,6/26/2026 11:34:33 AM,e7ca1105-8b8f-4dee-a332-17c93bb5c040,2.0,,,,,,,,,,,,,,,,,,,,,,,,Civilian PT 3,,,,pulse_normal,
PLAYER_POSITIONS,258838,6/26/2026 11:34:33 AM,e7ca1105-8b8f-4dee-a332-17c93bb5c040,2.0,,,,,,,,,,,,,,,,,,,,,,,,,,,,,,,,,,,"(-13.6, 0.5, 1.0)","(-13.8, 0.7, 1.2)","(-13.9, 0.2, 1.3)",
PLAYER_GAZE,258838,6/26/2026 11:34:33 AM,e7ca1105-8b8f-4dee-a332-17c93bb5c040,2.0,,,,,,,,,,,,,,,,,,,,,,,,Civilian PT 3,,,,,,,,,"(0.5, 0.7, -0.4)",,,"(-14.3, 0.0, 1.6)",
PLAYER_POSITIONS,258838,6/26/2026 11:34:33 AM,e7ca1105-8b8f-4dee-a332-17c93bb5c040,2.0,,,,,,,,,,,,,,,,,,,,,,,,,,,,,,,,,,,"(-13.6, 0.5, 1.0)","(-13.8, 0.7, 1.2)","(-13.9, 0.2, 1.3)",
PLAYER_GAZE,258838,6/26/2026 11:34:33 AM,e7ca1105-8b8f-4dee-a332-17c93bb5c040,2.0,,,,,,,,,,,,,,,,,,,,,,,,Civilian PT 3,,,,,,,,,"(0.5, 0.7, -0.4)",,,"(-14.3, 0.0, 1.6)",
PLAYER_POSITIONS,259354,6/26/2026 11:34:34 AM,e7ca1105-8b8f-4dee-a332-17c93bb5c040,2.0,,,,,,,,,,,,,,,,,,,,,,,,,,,,,,,,,,,"(-13.7, 0.5, 1.0)","(-13.7, 0.8, 1.2)","(-13.9, 0.4, 1.5)",
PLAYER_POSITIONS,259354,6/26/2026 11:34:34 AM,e7ca1105-8b8f-4dee-a332-17c93bb5c040,2.0,,,,,,,,,,,,,,,,,,,,,,,,,,,,,,,,,,,"(-13.7, 0.5, 1.0)","(-13.7, 0.8, 1.2)","(-13.9, 0.4, 1.5)",
BAG_CLOSED,259405,6/26/2026 11:34:34 AM,e7ca1105-8b8f-4dee-a332-17c93bb5c040,2.0,,,,,,,,,,,,,,,,,,,,,,,,,,,,,,,,,,,,"(0.0, 0.0, 0.0)",
PLAYER_POSITIONS,259881,6/26/2026 11:34:34 AM,e7ca1105-8b8f-4dee-a332-17c93bb5c040,2.0,,,,,,,,,,,,,,,,,,,,,,,,,,,,,,,,,,,"(-13.6, 0.5, 0.8)","(-13.6, 0.8, 1.0)","(-13.9, 0.5, 1.2)",
PLAYER_POSITIONS,259881,6/26/2026 11:34:34 AM,e7ca1105-8b8f-4dee-a332-17c93bb5c040,2.0,,,,,,,,,,,,,,,,,,,,,,,,,,,,,,,,,,,"(-13.6, 0.5, 0.8)","(-13.6, 0.8, 1.0)","(-13.9, 0.5, 1.2)",
PLAYER_POSITIONS,260402,6/26/2026 11:34:35 AM,e7ca1105-8b8f-4dee-a332-17c93bb5c040,2.0,,,,,,,,,,,,,,,,,,,,,,,,,,,,,,,,,,,"(-13.6, 0.5, 0.8)","(-13.7, 0.9, 1.1)","(-14.0, 0.4, 1.3)",
PLAYER_POSITIONS,260402,6/26/2026 11:34:35 AM,e7ca1105-8b8f-4dee-a332-17c93bb5c040,2.0,,,,,,,,,,,,,,,,,,,,,,,,,,,,,,,,,,,"(-13.6, 0.5, 0.8)","(-13.7, 0.9, 1.1)","(-14.0, 0.4, 1.3)",
PLAYER_POSITIONS,260929,6/26/2026 11:34:35 AM,e7ca1105-8b8f-4dee-a332-17c93bb5c040,2.0,,,,,,,,,,,,,,,,,,,,,,,,,,,,,,,,,,,"(-13.6, 0.5, 0.8)","(-13.7, 0.9, 1.1)","(-14.0, 0.7, 1.3)",
PLAYER_GAZE,260929,6/26/2026 11:34:35 AM,e7ca1105-8b8f-4dee-a332-17c93bb5c040,2.0,,,,,,,,,,,,,,,,,,,,,,,,Civilian PT 3,,,,,,,,,"(0.6, 0.9, -0.5)",,,"(-14.3, 0.0, 1.6)",
PLAYER_POSITIONS,260929,6/26/2026 11:34:35 AM,e7ca1105-8b8f-4dee-a332-17c93bb5c040,2.0,,,,,,,,,,,,,,,,,,,,,,,,,,,,,,,,,,,"(-13.6, 0.5, 0.8)","(-13.7, 0.9, 1.1)","(-14.0, 0.7, 1.3)",
PLAYER_GAZE,260929,6/26/2026 11:34:35 AM,e7ca1105-8b8f-4dee-a332-17c93bb5c040,2.0,,,,,,,,,,,,,,,,,,,,,,,,Civilian PT 3,,,,,,,,,"(0.6, 0.9, -0.5)",,,"(-14.3, 0.0, 1.6)",
TOOL_HOVER,261164,6/26/2026 11:34:35 AM,e7ca1105-8b8f-4dee-a332-17c93bb5c040,2.0,,,,,,,,,,,,,,,,,,,,,,,,,,,,,,,,,,,,,,,,,,,,,,999,,Antibiotics,
PLAYER_POSITIONS,261430,6/26/2026 11:34:36 AM,e7ca1105-8b8f-4dee-a332-17c93bb5c040,2.0,,,,,,,,,,,,,,,,,,,,,,,,,,,,,,,,,,,"(-13.6, 0.5, 0.8)","(-13.7, 0.9, 1.1)","(-14.1, 0.8, 1.5)",
PLAYER_POSITIONS,261430,6/26/2026 11:34:36 AM,e7ca1105-8b8f-4dee-a332-17c93bb5c040,2.0,,,,,,,,,,,,,,,,,,,,,,,,,,,,,,,,,,,"(-13.6, 0.5, 0.8)","(-13.7, 0.9, 1.1)","(-14.1, 0.8, 1.5)",
TOOL_SELECTED,261567,6/26/2026 11:34:36 AM,e7ca1105-8b8f-4dee-a332-17c93bb5c040,2.0,,,,,,,,,,,,,,,,,,,,,,,,,,,,,,,,,,,,,,,,,,,,,,998,,Antibiotics,
AUDIO_END,261666,6/26/2026 11:34:36 AM,e7ca1105-8b8f-4dee-a332-17c93bb5c040,2.0,mortar on 3 1,3.474286,
NARRATIVE_SECTION_END,261666,6/26/2026 11:34:36 AM,e7ca1105-8b8f-4dee-a332-17c93bb5c040,2.0,,,,,,,,,,,,,,,,,,Mortar support on 3-1,29,
NARRATIVE_SECTION_START,261693,6/26/2026 11:34:36 AM,e7ca1105-8b8f-4dee-a332-17c93bb5c040,2.0,,,,,,,,,,,,,,,,,,Standby for mortar Strike,30,
PLAYER_POSITIONS,261932,6/26/2026 11:34:36 AM,e7ca1105-8b8f-4dee-a332-17c93bb5c040,2.0,,,,,,,,,,,,,,,,,,,,,,,,,,,,,,,,,,,"(-13.6, 0.5, 0.8)","(-13.7, 0.8, 1.0)","(-14.0, 0.5, 1.0)",
PLAYER_POSITIONS,261932,6/26/2026 11:34:36 AM,e7ca1105-8b8f-4dee-a332-17c93bb5c040,2.0,,,,,,,,,,,,,,,,,,,,,,,,,,,,,,,,,,,"(-13.6, 0.5, 0.8)","(-13.7, 0.8, 1.0)","(-14.0, 0.5, 1.0)",
PLAYER_POSITIONS,262460,6/26/2026 11:34:37 AM,e7ca1105-8b8f-4dee-a332-17c93bb5c040,2.0,,,,,,,,,,,,,,,,,,,,,,,,,,,,,,,,,,,"(-13.5, 0.5, 0.8)","(-13.6, 0.7, 0.8)","(-13.8, 0.1, 0.7)",
PLAYER_POSITIONS,262460,6/26/2026 11:34:37 AM,e7ca1105-8b8f-4dee-a332-17c93bb5c040,2.0,,,,,,,,,,,,,,,,,,,,,,,,,,,,,,,,,,,"(-13.5, 0.5, 0.8)","(-13.6, 0.7, 0.8)","(-13.8, 0.1, 0.7)",
INJURY_TREATED,262892,6/26/2026 11:34:37 AM,e7ca1105-8b8f-4dee-a332-17c93bb5c040,2.0,,,,,,,,,head,Unspecified,"(0.0, 0.0, 0.0)",none,1,1,none,True,False,,,,,,,Civilian PT 3,
TOOL_APPLIED,262892,6/26/2026 11:34:37 AM,e7ca1105-8b8f-4dee-a332-17c93bb5c040,2.0,,,,,,,,,,,,,,,,,,,,,,,,Civilian PT 3,,,,,,,,,,,,,,,,,,,,AppliedAntibiotics,Jaw (UnityEngine.GameObject),,null,Antibiotics,
PLAYER_POSITIONS,262973,6/26/2026 11:34:37 AM,e7ca1105-8b8f-4dee-a332-17c93bb5c040,2.0,,,,,,,,,,,,,,,,,,,,,,,,,,,,,,,,,,,"(-13.5, 0.5, 0.7)","(-13.6, 0.7, 0.8)","(-13.8, 0.1, 0.7)",
PLAYER_POSITIONS,262973,6/26/2026 11:34:37 AM,e7ca1105-8b8f-4dee-a332-17c93bb5c040,2.0,,,,,,,,,,,,,,,,,,,,,,,,,,,,,,,,,,,"(-13.5, 0.5, 0.7)","(-13.6, 0.7, 0.8)","(-13.8, 0.1, 0.7)",
PLAYER_POSITIONS,263488,6/26/2026 11:34:38 AM,e7ca1105-8b8f-4dee-a332-17c93bb5c040,2.0,,,,,,,,,,,,,,,,,,,,,,,,,,,,,,,,,,,"(-13.5, 0.5, 0.8)","(-13.7, 0.7, 0.8)","(-13.9, 0.3, 0.9)",
PLAYER_POSITIONS,263488,6/26/2026 11:34:38 AM,e7ca1105-8b8f-4dee-a332-17c93bb5c040,2.0,,,,,,,,,,,,,,,,,,,,,,,,,,,,,,,,,,,"(-13.5, 0.5, 0.8)","(-13.7, 0.7, 0.8)","(-13.9, 0.3, 0.9)",
AUDIO_START,263683,6/26/2026 11:34:38 AM,e7ca1105-8b8f-4dee-a332-17c93bb5c040,2.0,standby for mortar strike,3.108572,
PLAYER_POSITIONS,264001,6/26/2026 11:34:38 AM,e7ca1105-8b8f-4dee-a332-17c93bb5c040,2.0,,,,,,,,,,,,,,,,,,,,,,,,,,,,,,,,,,,"(-13.6, 0.5, 0.8)","(-13.7, 0.8, 1.1)","(-13.9, 0.6, 1.4)",
PLAYER_POSITIONS,264001,6/26/2026 11:34:38 AM,e7ca1105-8b8f-4dee-a332-17c93bb5c040,2.0,,,,,,,,,,,,,,,,,,,,,,,,,,,,,,,,,,,"(-13.6, 0.5, 0.8)","(-13.7, 0.8, 1.1)","(-13.9, 0.6, 1.4)",
TOOL_HOVER,264159,6/26/2026 11:34:38 AM,e7ca1105-8b8f-4dee-a332-17c93bb5c040,2.0,,,,,,,,,,,,,,,,,,,,,,,,,,,,,,,,,,,,,,,,,,,,,,995,,Fentanyl Lollipop,
TOOL_HOVER,264271,6/26/2026 11:34:38 AM,e7ca1105-8b8f-4dee-a332-17c93bb5c040,2.0,,,,,,,,,,,,,,,,,,,,,,,,,,,,,,,,,,,,,,,,,,,,,,998,,Decompression Needle,
VOICE_CAPTURE,264273,6/26/2026 11:34:38 AM,e7ca1105-8b8f-4dee-a332-17c93bb5c040,2.0,,,,,,,,,,,,,,,,,,,,,,,,,,,,,,,,,,,,,,,,,,,,,,,,,,,NA,Take this.,
PLAYER_POSITIONS,264517,6/26/2026 11:34:39 AM,e7ca1105-8b8f-4dee-a332-17c93bb5c040,2.0,,,,,,,,,,,,,,,,,,,,,,,,,,,,,,,,,,,"(-13.6, 0.5, 0.8)","(-13.6, 0.9, 1.0)","(-13.8, 0.5, 1.4)",
PLAYER_POSITIONS,264517,6/26/2026 11:34:39 AM,e7ca1105-8b8f-4dee-a332-17c93bb5c040,2.0,,,,,,,,,,,,,,,,,,,,,,,,,,,,,,,,,,,"(-13.6, 0.5, 0.8)","(-13.6, 0.9, 1.0)","(-13.8, 0.5, 1.4)",
VOICE_CAPTURE,264697,6/26/2026 11:34:39 AM,e7ca1105-8b8f-4dee-a332-17c93bb5c040,2.0,,,,,,,,,,,,,,,,,,,,,,,,,,,,,,,,,,,,,,,,,,,,,,,,,,,NA,Take this.,
VOICE_CAPTURE,264697,6/26/2026 11:34:39 AM,e7ca1105-8b8f-4dee-a332-17c93bb5c040,2.0,,,,,,,,,,,,,,,,,,,,,,,,,,,,,,,,,,,,,,,,,,,,,,,,,,,NA,Take this.,
TOOL_HOVER,264750,6/26/2026 11:34:39 AM,e7ca1105-8b8f-4dee-a332-17c93bb5c040,2.0,,,,,,,,,,,,,,,,,,,,,,,,,,,,,,,,,,,,,,,,,,,,,,995,,Fentanyl Lollipop,
PLAYER_POSITIONS,265031,6/26/2026 11:34:39 AM,e7ca1105-8b8f-4dee-a332-17c93bb5c040,2.0,,,,,,,,,,,,,,,,,,,,,,,,,,,,,,,,,,,"(-13.6, 0.5, 0.8)","(-13.6, 0.9, 1.2)","(-13.8, 0.8, 1.6)",
PLAYER_POSITIONS,265031,6/26/2026 11:34:39 AM,e7ca1105-8b8f-4dee-a332-17c93bb5c040,2.0,,,,,,,,,,,,,,,,,,,,,,,,,,,,,,,,,,,"(-13.6, 0.5, 0.8)","(-13.6, 0.9, 1.2)","(-13.8, 0.8, 1.6)",
TOOL_SELECTED,265140,6/26/2026 11:34:39 AM,e7ca1105-8b8f-4dee-a332-17c93bb5c040,2.0,,,,,,,,,,,,,,,,,,,,,,,,,,,,,,,,,,,,,,,,,,,,,,994,,Fentanyl Lollipop,
PLAYER_POSITIONS,265544,6/26/2026 11:34:40 AM,e7ca1105-8b8f-4dee-a332-17c93bb5c040,2.0,,,,,,,,,,,,,,,,,,,,,,,,,,,,,,,,,,,"(-13.6, 0.5, 0.8)","(-13.7, 0.9, 1.0)","(-13.9, 0.4, 1.3)",
PLAYER_POSITIONS,265544,6/26/2026 11:34:40 AM,e7ca1105-8b8f-4dee-a332-17c93bb5c040,2.0,,,,,,,,,,,,,,,,,,,,,,,,,,,,,,,,,,,"(-13.6, 0.5, 0.8)","(-13.7, 0.9, 1.0)","(-13.9, 0.4, 1.3)",
VOICE_CAPTURE,265808,6/26/2026 11:34:40 AM,e7ca1105-8b8f-4dee-a332-17c93bb5c040,2.0,,,,,,,,,,,,,,,,,,,,,,,,,,,,,,,,,,,,,,,,,,,,,,,,,,,NA,You're welcome.,
PLAYER_POSITIONS,266058,6/26/2026 11:34:40 AM,e7ca1105-8b8f-4dee-a332-17c93bb5c040,2.0,,,,,,,,,,,,,,,,,,,,,,,,,,,,,,,,,,,"(-13.5, 0.5, 0.8)","(-13.7, 0.7, 0.8)","(-13.8, 0.1, 0.7)",
PLAYER_POSITIONS,266058,6/26/2026 11:34:40 AM,e7ca1105-8b8f-4dee-a332-17c93bb5c040,2.0,,,,,,,,,,,,,,,,,,,,,,,,,,,,,,,,,,,"(-13.5, 0.5, 0.8)","(-13.7, 0.7, 0.8)","(-13.8, 0.1, 0.7)",
INJURY_TREATED,266489,6/26/2026 11:34:41 AM,e7ca1105-8b8f-4dee-a332-17c93bb5c040,2.0,,,,,,,,,head,Unspecified,"(0.0, 0.0, 0.0)",none,1,1,none,True,False,,,,,,,Civilian PT 3,
TOOL_APPLIED,266489,6/26/2026 11:34:41 AM,e7ca1105-8b8f-4dee-a332-17c93bb5c040,2.0,,,,,,,,,,,,,,,,,,,,,,,,Civilian PT 3,,,,,,,,,,,,,,,,,,,,AppliedLollipop,Jaw (UnityEngine.GameObject),,Fentanyl Lollipop(Clone) (UnityEngine.GameObject),Fentanyl Lollipop,
PLAYER_POSITIONS,266572,6/26/2026 11:34:41 AM,e7ca1105-8b8f-4dee-a332-17c93bb5c040,2.0,,,,,,,,,,,,,,,,,,,,,,,,,,,,,,,,,,,"(-13.5, 0.5, 0.7)","(-13.7, 0.7, 0.7)","(-13.9, 0.0, 0.6)",
PLAYER_POSITIONS,266572,6/26/2026 11:34:41 AM,e7ca1105-8b8f-4dee-a332-17c93bb5c040,2.0,,,,,,,,,,,,,,,,,,,,,,,,,,,,,,,,,,,"(-13.5, 0.5, 0.7)","(-13.7, 0.7, 0.7)","(-13.9, 0.0, 0.6)",
VOICE_CAPTURE,266724,6/26/2026 11:34:41 AM,e7ca1105-8b8f-4dee-a332-17c93bb5c040,2.0,,,,,,,,,,,,,,,,,,,,,,,,,,,,,,,,,,,,,,,,,,,,,,,,,,,NA,You're welcome.,
AUDIO_END,266780,6/26/2026 11:34:41 AM,e7ca1105-8b8f-4dee-a332-17c93bb5c040,2.0,standby for mortar strike,3.108572,
NARRATIVE_SECTION_END,266780,6/26/2026 11:34:41 AM,e7ca1105-8b8f-4dee-a332-17c93bb5c040,2.0,,,,,,,,,,,,,,,,,,Standby for mortar Strike,30,
NARRATIVE_SECTION_START,266803,6/26/2026 11:34:41 AM,e7ca1105-8b8f-4dee-a332-17c93bb5c040,2.0,,,,,,,,,,,,,,,,,,Mortar rounds outbound splash in 5 seconds,31,
PLAYER_POSITIONS,267086,6/26/2026 11:34:41 AM,e7ca1105-8b8f-4dee-a332-17c93bb5c040,2.0,,,,,,,,,,,,,,,,,,,,,,,,,,,,,,,,,,,"(-13.5, 0.5, 0.7)","(-13.7, 0.9, 0.8)","(-13.8, 0.2, 0.9)",
PLAYER_GAZE,267086,6/26/2026 11:34:41 AM,e7ca1105-8b8f-4dee-a332-17c93bb5c040,2.0,,,,,,,,,,,,,,,,,,,,,,,,Civilian PT 15,,,,,,,,,"(0.7, 0.9, 1.1)",,,"(-14.4, 0.0, -0.3)",
PLAYER_POSITIONS,267086,6/26/2026 11:34:41 AM,e7ca1105-8b8f-4dee-a332-17c93bb5c040,2.0,,,,,,,,,,,,,,,,,,,,,,,,,,,,,,,,,,,"(-13.5, 0.5, 0.7)","(-13.7, 0.9, 0.8)","(-13.8, 0.2, 0.9)",
PLAYER_GAZE,267086,6/26/2026 11:34:41 AM,e7ca1105-8b8f-4dee-a332-17c93bb5c040,2.0,,,,,,,,,,,,,,,,,,,,,,,,Civilian PT 15,,,,,,,,,"(0.7, 0.9, 1.1)",,,"(-14.4, 0.0, -0.3)",
BAG_CLOSED,267139,6/26/2026 11:34:41 AM,e7ca1105-8b8f-4dee-a332-17c93bb5c040,2.0,,,,,,,,,,,,,,,,,,,,,,,,,,,,,,,,,,,,"(0.0, 0.0, 0.0)",
VOICE_CAPTURE,267222,6/26/2026 11:34:41 AM,e7ca1105-8b8f-4dee-a332-17c93bb5c040,2.0,,,,,,,,,,,,,,,,,,,,,,,,,,,,,,,,,,,,,,,,,,,,,,,,,,,NA,You're welcome.,
VOICE_CAPTURE,267222,6/26/2026 11:34:41 AM,e7ca1105-8b8f-4dee-a332-17c93bb5c040,2.0,,,,,,,,,,,,,,,,,,,,,,,,,,,,,,,,,,,,,,,,,,,,,,,,,,,NA,You're welcome.,
PLAYER_POSITIONS,267619,6/26/2026 11:34:42 AM,e7ca1105-8b8f-4dee-a332-17c93bb5c040,2.0,,,,,,,,,,,,,,,,,,,,,,,,,,,,,,,,,,,"(-13.6, 0.5, -0.1)","(-13.6, 1.0, 0.2)","(-14.0, 0.3, 0.3)",
PLAYER_POSITIONS,267619,6/26/2026 11:34:42 AM,e7ca1105-8b8f-4dee-a332-17c93bb5c040,2.0,,,,,,,,,,,,,,,,,,,,,,,,,,,,,,,,,,,"(-13.6, 0.5, -0.1)","(-13.6, 1.0, 0.2)","(-14.0, 0.3, 0.3)",
PLAYER_POSITIONS,268116,6/26/2026 11:34:42 AM,e7ca1105-8b8f-4dee-a332-17c93bb5c040,2.0,,,,,,,,,,,,,,,,,,,,,,,,,,,,,,,,,,,"(-13.0, 0.5, -0.7)","(-13.0, 1.0, -0.4)","(-13.3, 0.3, -0.3)",
PLAYER_POSITIONS,268116,6/26/2026 11:34:42 AM,e7ca1105-8b8f-4dee-a332-17c93bb5c040,2.0,,,,,,,,,,,,,,,,,,,,,,,,,,,,,,,,,,,"(-13.0, 0.5, -0.7)","(-13.0, 1.0, -0.4)","(-13.3, 0.3, -0.3)",
PATIENT_DISENGAGED,268141,6/26/2026 11:34:42 AM,e7ca1105-8b8f-4dee-a332-17c93bb5c040,2.0,,,,26.53,,,,,,,,,,,,,,,,normal,100,Infinity,normal,Civilian PT 3,upset,supine,"(-14.4, -0.1, 1.3)",normal,"(0.0, 0.0, 0.0, 1.0)",normal,DELAYED,still,,,,,,,,,,,,,,,,,26.53,
PLAYER_POSITIONS,268642,6/26/2026 11:34:43 AM,e7ca1105-8b8f-4dee-a332-17c93bb5c040,2.0,,,,,,,,,,,,,,,,,,,,,,,,,,,,,,,,,,,"(-12.4, 0.5, -1.3)","(-12.4, 1.0, -1.0)","(-12.7, 0.3, -0.9)",
PLAYER_POSITIONS,268642,6/26/2026 11:34:43 AM,e7ca1105-8b8f-4dee-a332-17c93bb5c040,2.0,,,,,,,,,,,,,,,,,,,,,,,,,,,,,,,,,,,"(-12.4, 0.5, -1.3)","(-12.4, 1.0, -1.0)","(-12.7, 0.3, -0.9)",
PLAYER_POSITIONS,269184,6/26/2026 11:34:43 AM,e7ca1105-8b8f-4dee-a332-17c93bb5c040,2.0,,,,,,,,,,,,,,,,,,,,,,,,,,,,,,,,,,,"(-11.9, 0.5, -2.0)","(-12.0, 1.0, -1.7)","(-12.3, 0.4, -1.8)",
PLAYER_POSITIONS,269184,6/26/2026 11:34:43 AM,e7ca1105-8b8f-4dee-a332-17c93bb5c040,2.0,,,,,,,,,,,,,,,,,,,,,,,,,,,,,,,,,,,"(-11.9, 0.5, -2.0)","(-12.0, 1.0, -1.7)","(-12.3, 0.4, -1.8)",
PLAYER_POSITIONS,269725,6/26/2026 11:34:44 AM,e7ca1105-8b8f-4dee-a332-17c93bb5c040,2.0,,,,,,,,,,,,,,,,,,,,,,,,,,,,,,,,,,,"(-11.8, 0.5, -2.5)","(-12.0, 0.8, -2.3)","(-12.1, 0.2, -2.3)",
PLAYER_POSITIONS,269725,6/26/2026 11:34:44 AM,e7ca1105-8b8f-4dee-a332-17c93bb5c040,2.0,,,,,,,,,,,,,,,,,,,,,,,,,,,,,,,,,,,"(-11.8, 0.5, -2.5)","(-12.0, 0.8, -2.3)","(-12.1, 0.2, -2.3)",
PULSE_TAKEN,270198,6/26/2026 11:34:44 AM,e7ca1105-8b8f-4dee-a332-17c93bb5c040,2.0,,,,,,,,,,,,,,,,,,,,,,,,Military PT 9,,,,pulse_faint,
PLAYER_POSITIONS,270228,6/26/2026 11:34:44 AM,e7ca1105-8b8f-4dee-a332-17c93bb5c040,2.0,,,,,,,,,,,,,,,,,,,,,,,,,,,,,,,,,,,"(-11.7, 0.5, -2.4)","(-11.9, 0.7, -2.4)","(-12.1, 0.1, -2.4)",
PLAYER_POSITIONS,270228,6/26/2026 11:34:44 AM,e7ca1105-8b8f-4dee-a332-17c93bb5c040,2.0,,,,,,,,,,,,,,,,,,,,,,,,,,,,,,,,,,,"(-11.7, 0.5, -2.4)","(-11.9, 0.7, -2.4)","(-12.1, 0.1, -2.4)",
PLAYER_POSITIONS,270742,6/26/2026 11:34:45 AM,e7ca1105-8b8f-4dee-a332-17c93bb5c040,2.0,,,,,,,,,,,,,,,,,,,,,,,,,,,,,,,,,,,"(-11.7, 0.5, -2.5)","(-11.9, 0.7, -2.4)","(-12.1, 0.1, -2.5)",
PLAYER_POSITIONS,270742,6/26/2026 11:34:45 AM,e7ca1105-8b8f-4dee-a332-17c93bb5c040,2.0,,,,,,,,,,,,,,,,,,,,,,,,,,,,,,,,,,,"(-11.7, 0.5, -2.5)","(-11.9, 0.7, -2.4)","(-12.1, 0.1, -2.5)",
AUDIO_START,270812,6/26/2026 11:34:45 AM,e7ca1105-8b8f-4dee-a332-17c93bb5c040,2.0,mortar rounds outbound splash in 5,4.571429,
PLAYER_POSITIONS,271243,6/26/2026 11:34:45 AM,e7ca1105-8b8f-4dee-a332-17c93bb5c040,2.0,,,,,,,,,,,,,,,,,,,,,,,,,,,,,,,,,,,"(-11.9, 0.5, -2.4)","(-12.0, 0.7, -2.3)","(-12.3, 0.3, -2.3)",
PLAYER_POSITIONS,271243,6/26/2026 11:34:45 AM,e7ca1105-8b8f-4dee-a332-17c93bb5c040,2.0,,,,,,,,,,,,,,,,,,,,,,,,,,,,,,,,,,,"(-11.9, 0.5, -2.4)","(-12.0, 0.7, -2.3)","(-12.3, 0.3, -2.3)",
DRAG_STOP,271330,6/26/2026 11:34:46 AM,e7ca1105-8b8f-4dee-a332-17c93bb5c040,2.0,,,,,"(-6.8, 0.0, 2.1)","(-8.0, 0.0, 0.4)",,,,,,,,,,,,,,,,,,Military PT 9,
PATIENT_ENGAGED,271489,6/26/2026 11:34:46 AM,e7ca1105-8b8f-4dee-a332-17c93bb5c040,2.0,,,,0,,,,,,,,,,,,,,,,collapsedBoth,100,Infinity,normal,Military PT 9,unresponsive,supine,"(-12.7, -0.1, -1.8)",faint,"(0.0, -0.7, 0.0, 0.7)",normal,EXPECTANT,still,,,,,,,,,,,,,,,,,0,
PLAYER_POSITIONS,271770,6/26/2026 11:34:46 AM,e7ca1105-8b8f-4dee-a332-17c93bb5c040,2.0,,,,,,,,,,,,,,,,,,,,,,,,,,,,,,,,,,,"(-12.0, 0.5, -2.3)","(-12.2, 0.7, -2.2)","(-12.5, 0.3, -2.0)",
PLAYER_POSITIONS,271770,6/26/2026 11:34:46 AM,e7ca1105-8b8f-4dee-a332-17c93bb5c040,2.0,,,,,,,,,,,,,,,,,,,,,,,,,,,,,,,,,,,"(-12.0, 0.5, -2.3)","(-12.2, 0.7, -2.2)","(-12.5, 0.3, -2.0)",
PLAYER_POSITIONS,272271,6/26/2026 11:34:46 AM,e7ca1105-8b8f-4dee-a332-17c93bb5c040,2.0,,,,,,,,,,,,,,,,,,,,,,,,,,,,,,,,,,,"(-12.1, 0.5, -2.3)","(-12.2, 0.9, -2.0)","(-12.5, 0.5, -1.8)",
PLAYER_GAZE,272271,6/26/2026 11:34:46 AM,e7ca1105-8b8f-4dee-a332-17c93bb5c040,2.0,,,,,,,,,,,,,,,,,,,,,,,,Military PT 9,,,,,,,,,"(0.5, 0.9, -0.2)",,,"(-12.7, 0.0, -1.8)",
PLAYER_POSITIONS,272271,6/26/2026 11:34:46 AM,e7ca1105-8b8f-4dee-a332-17c93bb5c040,2.0,,,,,,,,,,,,,,,,,,,,,,,,,,,,,,,,,,,"(-12.1, 0.5, -2.3)","(-12.2, 0.9, -2.0)","(-12.5, 0.5, -1.8)",
PLAYER_GAZE,272271,6/26/2026 11:34:46 AM,e7ca1105-8b8f-4dee-a332-17c93bb5c040,2.0,,,,,,,,,,,,,,,,,,,,,,,,Military PT 9,,,,,,,,,"(0.5, 0.9, -0.2)",,,"(-12.7, 0.0, -1.8)",
TOOL_HOVER,272352,6/26/2026 11:34:47 AM,e7ca1105-8b8f-4dee-a332-17c93bb5c040,2.0,,,,,,,,,,,,,,,,,,,,,,,,,,,,,,,,,,,,,,,,,,,,,,998,,Decompression Needle,
TOOL_HOVER,272463,6/26/2026 11:34:47 AM,e7ca1105-8b8f-4dee-a332-17c93bb5c040,2.0,,,,,,,,,,,,,,,,,,,,,,,,,,,,,,,,,,,,,,,,,,,,,,998,,Nasal Airway,
TOOL_HOVER,272573,6/26/2026 11:34:47 AM,e7ca1105-8b8f-4dee-a332-17c93bb5c040,2.0,,,,,,,,,,,,,,,,,,,,,,,,,,,,,,,,,,,,,,,,,,,,,,999,,Fox Shield,
TOOL_HOVER,272768,6/26/2026 11:34:47 AM,e7ca1105-8b8f-4dee-a332-17c93bb5c040,2.0,,,,,,,,,,,,,,,,,,,,,,,,,,,,,,,,,,,,,,,,,,,,,,994,,Fentanyl Lollipop,
PLAYER_POSITIONS,272799,6/26/2026 11:34:47 AM,e7ca1105-8b8f-4dee-a332-17c93bb5c040,2.0,,,,,,,,,,,,,,,,,,,,,,,,,,,,,,,,,,,"(-12.1, 0.5, -2.3)","(-12.2, 0.9, -1.9)","(-12.4, 0.7, -1.6)",
PLAYER_POSITIONS,272799,6/26/2026 11:34:47 AM,e7ca1105-8b8f-4dee-a332-17c93bb5c040,2.0,,,,,,,,,,,,,,,,,,,,,,,,,,,,,,,,,,,"(-12.1, 0.5, -2.3)","(-12.2, 0.9, -1.9)","(-12.4, 0.7, -1.6)",
TOOL_HOVER,272851,6/26/2026 11:34:47 AM,e7ca1105-8b8f-4dee-a332-17c93bb5c040,2.0,,,,,,,,,,,,,,,,,,,,,,,,,,,,,,,,,,,,,,,,,,,,,,998,,Decompression Needle,
TOOL_HOVER,272962,6/26/2026 11:34:47 AM,e7ca1105-8b8f-4dee-a332-17c93bb5c040,2.0,,,,,,,,,,,,,,,,,,,,,,,,,,,,,,,,,,,,,,,,,,,,,,994,,Fentanyl Lollipop,
TOOL_HOVER,273074,6/26/2026 11:34:47 AM,e7ca1105-8b8f-4dee-a332-17c93bb5c040,2.0,,,,,,,,,,,,,,,,,,,,,,,,,,,,,,,,,,,,,,,,,,,,,,998,,Decompression Needle,
VOICE_CAPTURE,273230,6/26/2026 11:34:47 AM,e7ca1105-8b8f-4dee-a332-17c93bb5c040,2.0,,,,,,,,,,,,,,,,,,,,,,,,,,,,,,,,,,,,,,,,,,,,,,,,,,,NA,Ooh.,
TOOL_SELECTED,273255,6/26/2026 11:34:47 AM,e7ca1105-8b8f-4dee-a332-17c93bb5c040,2.0,,,,,,,,,,,,,,,,,,,,,,,,,,,,,,,,,,,,,,,,,,,,,,997,,Decompression Needle,
PLAYER_POSITIONS,273312,6/26/2026 11:34:48 AM,e7ca1105-8b8f-4dee-a332-17c93bb5c040,2.0,,,,,,,,,,,,,,,,,,,,,,,,,,,,,,,,,,,"(-12.1, 0.5, -2.3)","(-12.2, 0.9, -1.9)","(-12.5, 0.5, -1.6)",
PLAYER_GAZE,273312,6/26/2026 11:34:48 AM,e7ca1105-8b8f-4dee-a332-17c93bb5c040,2.0,,,,,,,,,,,,,,,,,,,,,,,,Military PT 9,,,,,,,,,"(0.5, 0.9, -0.1)",,,"(-12.7, 0.0, -1.8)",
PLAYER_POSITIONS,273312,6/26/2026 11:34:48 AM,e7ca1105-8b8f-4dee-a332-17c93bb5c040,2.0,,,,,,,,,,,,,,,,,,,,,,,,,,,,,,,,,,,"(-12.1, 0.5, -2.3)","(-12.2, 0.9, -1.9)","(-12.5, 0.5, -1.6)",
PLAYER_GAZE,273312,6/26/2026 11:34:48 AM,e7ca1105-8b8f-4dee-a332-17c93bb5c040,2.0,,,,,,,,,,,,,,,,,,,,,,,,Military PT 9,,,,,,,,,"(0.5, 0.9, -0.1)",,,"(-12.7, 0.0, -1.8)",
VOICE_CAPTURE,273757,6/26/2026 11:34:48 AM,e7ca1105-8b8f-4dee-a332-17c93bb5c040,2.0,,,,,,,,,,,,,,,,,,,,,,,,,,,,,,,,,,,,,,,,,,,,,,,,,,,NA,"Ooh, double.",
PLAYER_POSITIONS,273838,6/26/2026 11:34:48 AM,e7ca1105-8b8f-4dee-a332-17c93bb5c040,2.0,,,,,,,,,,,,,,,,,,,,,,,,,,,,,,,,,,,"(-12.0, 0.5, -2.3)","(-12.1, 0.7, -2.2)","(-12.3, 0.2, -2.3)",
PLAYER_POSITIONS,273838,6/26/2026 11:34:48 AM,e7ca1105-8b8f-4dee-a332-17c93bb5c040,2.0,,,,,,,,,,,,,,,,,,,,,,,,,,,,,,,,,,,"(-12.0, 0.5, -2.3)","(-12.1, 0.7, -2.2)","(-12.3, 0.2, -2.3)",
INJURY_TREATED,274188,6/26/2026 11:34:48 AM,e7ca1105-8b8f-4dee-a332-17c93bb5c040,2.0,,,,,,,,,chest,R Chest Collapse,"(-12.2, 0.1, -2.2)",decompressionNeedle,1,1,high,True,True,,,,,,,Military PT 9,
TOOL_APPLIED,274191,6/26/2026 11:34:48 AM,e7ca1105-8b8f-4dee-a332-17c93bb5c040,2.0,,,,,,,,,,,,,,,,,,,,,,,,Military PT 9,,,,,,,,,,,,,,,,,,,,AppliedDecompNeedle,RightChestBreath (UnityEngine.GameObject),,Decompression Needle(Clone) (UnityEngine.GameObject),Decompression Needle,
VOICE_CAPTURE,274226,6/26/2026 11:34:48 AM,e7ca1105-8b8f-4dee-a332-17c93bb5c040,2.0,,,,,,,,,,,,,,,,,,,,,,,,,,,,,,,,,,,,,,,,,,,,,,,,,,,NA,"Ooh, double. Ooh, double numo!",
PLAYER_POSITIONS,274365,6/26/2026 11:34:49 AM,e7ca1105-8b8f-4dee-a332-17c93bb5c040,2.0,,,,,,,,,,,,,,,,,,,,,,,,,,,,,,,,,,,"(-12.0, 0.5, -2.3)","(-12.1, 0.7, -2.3)","(-12.3, 0.2, -2.3)",
PLAYER_POSITIONS,274365,6/26/2026 11:34:49 AM,e7ca1105-8b8f-4dee-a332-17c93bb5c040,2.0,,,,,,,,,,,,,,,,,,,,,,,,,,,,,,,,,,,"(-12.0, 0.5, -2.3)","(-12.1, 0.7, -2.3)","(-12.3, 0.2, -2.3)",
VOICE_CAPTURE,274729,6/26/2026 11:34:49 AM,e7ca1105-8b8f-4dee-a332-17c93bb5c040,2.0,,,,,,,,,,,,,,,,,,,,,,,,,,,,,,,,,,,,,,,,,,,,,,,,,,,NA,"Ooh, double. Ooh, double numo.",
TOOL_HOVER,274854,6/26/2026 11:34:49 AM,e7ca1105-8b8f-4dee-a332-17c93bb5c040,2.0,,,,,,,,,,,,,,,,,,,,,,,,,,,,,,,,,,,,,,,,,,,,,,997,,Decompression Needle,
PLAYER_POSITIONS,274884,6/26/2026 11:34:49 AM,e7ca1105-8b8f-4dee-a332-17c93bb5c040,2.0,,,,,,,,,,,,,,,,,,,,,,,,,,,,,,,,,,,"(-12.1, 0.5, -2.3)","(-12.2, 0.9, -2.0)","(-12.5, 0.5, -1.7)",
PLAYER_POSITIONS,274884,6/26/2026 11:34:49 AM,e7ca1105-8b8f-4dee-a332-17c93bb5c040,2.0,,,,,,,,,,,,,,,,,,,,,,,,,,,,,,,,,,,"(-12.1, 0.5, -2.3)","(-12.2, 0.9, -2.0)","(-12.5, 0.5, -1.7)",
TOOL_SELECTED,275244,6/26/2026 11:34:49 AM,e7ca1105-8b8f-4dee-a332-17c93bb5c040,2.0,,,,,,,,,,,,,,,,,,,,,,,,,,,,,,,,,,,,,,,,,,,,,,996,,Decompression Needle,
VOICE_CAPTURE,275247,6/26/2026 11:34:49 AM,e7ca1105-8b8f-4dee-a332-17c93bb5c040,2.0,,,,,,,,,,,,,,,,,,,,,,,,,,,,,,,,,,,,,,,,,,,,,,,,,,,NA,"Ooh, double. Ooh, double numo.",
VOICE_CAPTURE,275247,6/26/2026 11:34:49 AM,e7ca1105-8b8f-4dee-a332-17c93bb5c040,2.0,,,,,,,,,,,,,,,,,,,,,,,,,,,,,,,,,,,,,,,,,,,,,,,,,,,NA,"Ooh, double. Ooh, double numo.",
AUDIO_END,275385,6/26/2026 11:34:50 AM,e7ca1105-8b8f-4dee-a332-17c93bb5c040,2.0,mortar rounds outbound splash in 5,4.571429,
NARRATIVE_SECTION_END,275385,6/26/2026 11:34:50 AM,e7ca1105-8b8f-4dee-a332-17c93bb5c040,2.0,,,,,,,,,,,,,,,,,,Mortar rounds outbound splash in 5 seconds,31,
NARRATIVE_SECTION_START,275407,6/26/2026 11:34:50 AM,e7ca1105-8b8f-4dee-a332-17c93bb5c040,2.0,,,,,,,,,,,,,,,,,,Mortar hits 2,32,
PLAYER_POSITIONS,275425,6/26/2026 11:34:50 AM,e7ca1105-8b8f-4dee-a332-17c93bb5c040,2.0,,,,,,,,,,,,,,,,,,,,,,,,,,,,,,,,,,,"(-12.1, 0.5, -2.2)","(-12.2, 0.9, -2.0)","(-12.5, 0.5, -1.7)",
PLAYER_GAZE,275425,6/26/2026 11:34:50 AM,e7ca1105-8b8f-4dee-a332-17c93bb5c040,2.0,,,,,,,,,,,,,,,,,,,,,,,,Military PT 9,,,,,,,,,"(0.5, 0.9, -0.1)",,,"(-12.7, 0.0, -1.8)",
PLAYER_POSITIONS,275425,6/26/2026 11:34:50 AM,e7ca1105-8b8f-4dee-a332-17c93bb5c040,2.0,,,,,,,,,,,,,,,,,,,,,,,,,,,,,,,,,,,"(-12.1, 0.5, -2.2)","(-12.2, 0.9, -2.0)","(-12.5, 0.5, -1.7)",
PLAYER_GAZE,275425,6/26/2026 11:34:50 AM,e7ca1105-8b8f-4dee-a332-17c93bb5c040,2.0,,,,,,,,,,,,,,,,,,,,,,,,Military PT 9,,,,,,,,,"(0.5, 0.9, -0.1)",,,"(-12.7, 0.0, -1.8)",
PLAYER_POSITIONS,275926,6/26/2026 11:34:50 AM,e7ca1105-8b8f-4dee-a332-17c93bb5c040,2.0,,,,,,,,,,,,,,,,,,,,,,,,,,,,,,,,,,,"(-12.0, 0.5, -2.3)","(-12.1, 0.7, -2.3)","(-12.4, 0.2, -2.4)",
PLAYER_POSITIONS,275926,6/26/2026 11:34:50 AM,e7ca1105-8b8f-4dee-a332-17c93bb5c040,2.0,,,,,,,,,,,,,,,,,,,,,,,,,,,,,,,,,,,"(-12.0, 0.5, -2.3)","(-12.1, 0.7, -2.3)","(-12.4, 0.2, -2.4)",
INJURY_TREATED,276288,6/26/2026 11:34:51 AM,e7ca1105-8b8f-4dee-a332-17c93bb5c040,2.0,,,,,,,,,chest,L Chest Collapse,"(-12.4, 0.0, -2.3)",decompressionNeedle,1,1,high,True,True,,,,,,,Military PT 9,
TOOL_APPLIED,276292,6/26/2026 11:34:51 AM,e7ca1105-8b8f-4dee-a332-17c93bb5c040,2.0,,,,,,,,,,,,,,,,,,,,,,,,Military PT 9,,,,,,,,,,,,,,,,,,,,AppliedDecompNeedle,LeftChestBreath (UnityEngine.GameObject),,Decompression Needle(Clone) (UnityEngine.GameObject),Decompression Needle,
PLAYER_POSITIONS,276452,6/26/2026 11:34:51 AM,e7ca1105-8b8f-4dee-a332-17c93bb5c040,2.0,,,,,,,,,,,,,,,,,,,,,,,,,,,,,,,,,,,"(-12.0, 0.5, -2.3)","(-12.1, 0.7, -2.3)","(-12.4, 0.2, -2.4)",
PLAYER_POSITIONS,276452,6/26/2026 11:34:51 AM,e7ca1105-8b8f-4dee-a332-17c93bb5c040,2.0,,,,,,,,,,,,,,,,,,,,,,,,,,,,,,,,,,,"(-12.0, 0.5, -2.3)","(-12.1, 0.7, -2.3)","(-12.4, 0.2, -2.4)",
BAG_CLOSED,276687,6/26/2026 11:34:51 AM,e7ca1105-8b8f-4dee-a332-17c93bb5c040,2.0,,,,,,,,,,,,,,,,,,,,,,,,,,,,,,,,,,,,"(0.0, 0.0, 0.0)",
PLAYER_POSITIONS,276968,6/26/2026 11:34:51 AM,e7ca1105-8b8f-4dee-a332-17c93bb5c040,2.0,,,,,,,,,,,,,,,,,,,,,,,,,,,,,,,,,,,"(-12.0, 0.5, -2.3)","(-12.1, 0.8, -2.2)","(-12.3, 0.3, -2.1)",
PLAYER_POSITIONS,276968,6/26/2026 11:34:51 AM,e7ca1105-8b8f-4dee-a332-17c93bb5c040,2.0,,,,,,,,,,,,,,,,,,,,,,,,,,,,,,,,,,,"(-12.0, 0.5, -2.3)","(-12.1, 0.8, -2.2)","(-12.3, 0.3, -2.1)",
VOICE_CAPTURE,277175,6/26/2026 11:34:51 AM,e7ca1105-8b8f-4dee-a332-17c93bb5c040,2.0,,,,,,,,,,,,,,,,,,,,,,,,,,,,,,,,,,,,,,,,,,,,,,,,,,,NA,Okay.,
PLAYER_POSITIONS,277480,6/26/2026 11:34:52 AM,e7ca1105-8b8f-4dee-a332-17c93bb5c040,2.0,,,,,,,,,,,,,,,,,,,,,,,,,,,,,,,,,,,"(-11.8, 0.5, -2.4)","(-11.9, 0.8, -2.3)","(-12.1, 0.5, -2.2)",
PLAYER_POSITIONS,277480,6/26/2026 11:34:52 AM,e7ca1105-8b8f-4dee-a332-17c93bb5c040,2.0,,,,,,,,,,,,,,,,,,,,,,,,,,,,,,,,,,,"(-11.8, 0.5, -2.4)","(-11.9, 0.8, -2.3)","(-12.1, 0.5, -2.2)",
VOICE_CAPTURE,277692,6/26/2026 11:34:52 AM,e7ca1105-8b8f-4dee-a332-17c93bb5c040,2.0,,,,,,,,,,,,,,,,,,,,,,,,,,,,,,,,,,,,,,,,,,,,,,,,,,,NA,Okay.,
PLAYER_POSITIONS,277998,6/26/2026 11:34:52 AM,e7ca1105-8b8f-4dee-a332-17c93bb5c040,2.0,,,,,,,,,,,,,,,,,,,,,,,,,,,,,,,,,,,"(-11.9, 0.5, -2.4)","(-12.0, 0.8, -2.2)","(-12.2, 0.4, -2.1)",
PLAYER_POSITIONS,277998,6/26/2026 11:34:52 AM,e7ca1105-8b8f-4dee-a332-17c93bb5c040,2.0,,,,,,,,,,,,,,,,,,,,,,,,,,,,,,,,,,,"(-11.9, 0.5, -2.4)","(-12.0, 0.8, -2.2)","(-12.2, 0.4, -2.1)",
VOICE_CAPTURE,278207,6/26/2026 11:34:52 AM,e7ca1105-8b8f-4dee-a332-17c93bb5c040,2.0,,,,,,,,,,,,,,,,,,,,,,,,,,,,,,,,,,,,,,,,,,,,,,,,,,,NA,Okay.,
TOOL_HOVER,278260,6/26/2026 11:34:52 AM,e7ca1105-8b8f-4dee-a332-17c93bb5c040,2.0,,,,,,,,,,,,,,,,,,,,,,,,,,,,,,,,,,,,,,,,,,,,,,996,,Decompression Needle,
TOOL_HOVER,278372,6/26/2026 11:34:53 AM,e7ca1105-8b8f-4dee-a332-17c93bb5c040,2.0,,,,,,,,,,,,,,,,,,,,,,,,,,,,,,,,,,,,,,,,,,,,,,994,,Fentanyl Lollipop,
TOOL_HOVER,278454,6/26/2026 11:34:53 AM,e7ca1105-8b8f-4dee-a332-17c93bb5c040,2.0,,,,,,,,,,,,,,,,,,,,,,,,,,,,,,,,,,,,,,,,,,,,,,996,,Decompression Needle,
PLAYER_POSITIONS,278513,6/26/2026 11:34:53 AM,e7ca1105-8b8f-4dee-a332-17c93bb5c040,2.0,,,,,,,,,,,,,,,,,,,,,,,,,,,,,,,,,,,"(-11.9, 0.5, -2.4)","(-12.0, 0.8, -2.1)","(-12.3, 0.5, -1.9)",
PLAYER_GAZE,278513,6/26/2026 11:34:53 AM,e7ca1105-8b8f-4dee-a332-17c93bb5c040,2.0,,,,,,,,,,,,,,,,,,,,,,,,Military PT 9,,,,,,,,,"(0.7, 0.8, -0.3)",,,"(-12.7, 0.0, -1.8)",
PLAYER_POSITIONS,278513,6/26/2026 11:34:53 AM,e7ca1105-8b8f-4dee-a332-17c93bb5c040,2.0,,,,,,,,,,,,,,,,,,,,,,,,,,,,,,,,,,,"(-11.9, 0.5, -2.4)","(-12.0, 0.8, -2.1)","(-12.3, 0.5, -1.9)",
PLAYER_GAZE,278513,6/26/2026 11:34:53 AM,e7ca1105-8b8f-4dee-a332-17c93bb5c040,2.0,,,,,,,,,,,,,,,,,,,,,,,,Military PT 9,,,,,,,,,"(0.7, 0.8, -0.3)",,,"(-12.7, 0.0, -1.8)",
TOOL_HOVER,278566,6/26/2026 11:34:53 AM,e7ca1105-8b8f-4dee-a332-17c93bb5c040,2.0,,,,,,,,,,,,,,,,,,,,,,,,,,,,,,,,,,,,,,,,,,,,,,998,,Nasal Airway,
VOICE_CAPTURE,278726,6/26/2026 11:34:53 AM,e7ca1105-8b8f-4dee-a332-17c93bb5c040,2.0,,,,,,,,,,,,,,,,,,,,,,,,,,,,,,,,,,,,,,,,,,,,,,,,,,,NA,Okay.,
TOOL_HOVER,278751,6/26/2026 11:34:53 AM,e7ca1105-8b8f-4dee-a332-17c93bb5c040,2.0,,,,,,,,,,,,,,,,,,,,,,,,,,,,,,,,,,,,,,,,,,,,,,997,,IV Blood,
TOOL_SELECTED,278802,6/26/2026 11:34:53 AM,e7ca1105-8b8f-4dee-a332-17c93bb5c040,2.0,,,,,,,,,,,,,,,,,,,,,,,,,,,,,,,,,,,,,,,,,,,,,,996,,IV Blood,
PLAYER_POSITIONS,279025,6/26/2026 11:34:53 AM,e7ca1105-8b8f-4dee-a332-17c93bb5c040,2.0,,,,,,,,,,,,,,,,,,,,,,,,,,,,,,,,,,,"(-11.9, 0.5, -2.4)","(-12.0, 0.8, -2.2)","(-12.3, 0.3, -2.0)",
PLAYER_POSITIONS,279025,6/26/2026 11:34:53 AM,e7ca1105-8b8f-4dee-a332-17c93bb5c040,2.0,,,,,,,,,,,,,,,,,,,,,,,,,,,,,,,,,,,"(-11.9, 0.5, -2.4)","(-12.0, 0.8, -2.2)","(-12.3, 0.3, -2.0)",
VOICE_CAPTURE,279219,6/26/2026 11:34:53 AM,e7ca1105-8b8f-4dee-a332-17c93bb5c040,2.0,,,,,,,,,,,,,,,,,,,,,,,,,,,,,,,,,,,,,,,,,,,,,,,,,,,NA,Okay.,
PLAYER_POSITIONS,279552,6/26/2026 11:34:54 AM,e7ca1105-8b8f-4dee-a332-17c93bb5c040,2.0,,,,,,,,,,,,,,,,,,,,,,,,,,,,,,,,,,,"(-11.8, 0.5, -2.4)","(-12.0, 0.7, -2.4)","(-12.1, 0.1, -2.5)",
PLAYER_POSITIONS,279552,6/26/2026 11:34:54 AM,e7ca1105-8b8f-4dee-a332-17c93bb5c040,2.0,,,,,,,,,,,,,,,,,,,,,,,,,,,,,,,,,,,"(-11.8, 0.5, -2.4)","(-12.0, 0.7, -2.4)","(-12.1, 0.1, -2.5)",
VOICE_CAPTURE,279718,6/26/2026 11:34:54 AM,e7ca1105-8b8f-4dee-a332-17c93bb5c040,2.0,,,,,,,,,,,,,,,,,,,,,,,,,,,,,,,,,,,,,,,,,,,,,,,,,,,NA,Okay.,
PLAYER_POSITIONS,280053,6/26/2026 11:34:54 AM,e7ca1105-8b8f-4dee-a332-17c93bb5c040,2.0,,,,,,,,,,,,,,,,,,,,,,,,,,,,,,,,,,,"(-11.9, 0.5, -2.4)","(-12.0, 0.8, -2.2)","(-12.2, 0.3, -2.0)",
PLAYER_GAZE,280053,6/26/2026 11:34:54 AM,e7ca1105-8b8f-4dee-a332-17c93bb5c040,2.0,,,,,,,,,,,,,,,,,,,,,,,,Military PT 9,,,,,,,,,"(0.7, 0.8, -0.4)",,,"(-12.7, 0.0, -1.8)",
PLAYER_POSITIONS,280053,6/26/2026 11:34:54 AM,e7ca1105-8b8f-4dee-a332-17c93bb5c040,2.0,,,,,,,,,,,,,,,,,,,,,,,,,,,,,,,,,,,"(-11.9, 0.5, -2.4)","(-12.0, 0.8, -2.2)","(-12.2, 0.3, -2.0)",
PLAYER_GAZE,280053,6/26/2026 11:34:54 AM,e7ca1105-8b8f-4dee-a332-17c93bb5c040,2.0,,,,,,,,,,,,,,,,,,,,,,,,Military PT 9,,,,,,,,,"(0.7, 0.8, -0.4)",,,"(-12.7, 0.0, -1.8)",
TOOL_DISCARDED,280258,6/26/2026 11:34:54 AM,e7ca1105-8b8f-4dee-a332-17c93bb5c040,2.0,,,,,,,,,,,,,,,,,,,,,,,,Military PT 9,,,,,,,,,,,,"(0.0, 0.0, 0.0)",,,,,,,,,,996,,IV Blood,
VOICE_CAPTURE,280262,6/26/2026 11:34:54 AM,e7ca1105-8b8f-4dee-a332-17c93bb5c040,2.0,,,,,,,,,,,,,,,,,,,,,,,,,,,,,,,,,,,,,,,,,,,,,,,,,,,NA,Okay. *sigh*,
TOOL_HOVER,280368,6/26/2026 11:34:55 AM,e7ca1105-8b8f-4dee-a332-17c93bb5c040,2.0,,,,,,,,,,,,,,,,,,,,,,,,,,,,,,,,,,,,,,,,,,,,,,996,,Decompression Needle,
TOOL_HOVER,280563,6/26/2026 11:34:55 AM,e7ca1105-8b8f-4dee-a332-17c93bb5c040,2.0,,,,,,,,,,,,,,,,,,,,,,,,,,,,,,,,,,,,,,,,,,,,,,998,,Nasal Airway,
PLAYER_POSITIONS,280565,6/26/2026 11:34:55 AM,e7ca1105-8b8f-4dee-a332-17c93bb5c040,2.0,,,,,,,,,,,,,,,,,,,,,,,,,,,,,,,,,,,"(-11.9, 0.5, -2.4)","(-12.0, 0.8, -2.1)","(-12.3, 0.4, -1.9)",
PLAYER_GAZE,280565,6/26/2026 11:34:55 AM,e7ca1105-8b8f-4dee-a332-17c93bb5c040,2.0,,,,,,,,,,,,,,,,,,,,,,,,Military PT 9,,,,,,,,,"(0.7, 0.8, -0.3)",,,"(-12.7, 0.0, -1.8)",
PLAYER_POSITIONS,280565,6/26/2026 11:34:55 AM,e7ca1105-8b8f-4dee-a332-17c93bb5c040,2.0,,,,,,,,,,,,,,,,,,,,,,,,,,,,,,,,,,,"(-11.9, 0.5, -2.4)","(-12.0, 0.8, -2.1)","(-12.3, 0.4, -1.9)",
PLAYER_GAZE,280565,6/26/2026 11:34:55 AM,e7ca1105-8b8f-4dee-a332-17c93bb5c040,2.0,,,,,,,,,,,,,,,,,,,,,,,,Military PT 9,,,,,,,,,"(0.7, 0.8, -0.3)",,,"(-12.7, 0.0, -1.8)",
VOICE_CAPTURE,280802,6/26/2026 11:34:55 AM,e7ca1105-8b8f-4dee-a332-17c93bb5c040,2.0,,,,,,,,,,,,,,,,,,,,,,,,,,,,,,,,,,,,,,,,,,,,,,,,,,,NA,Okay. skid nope.,
TOOL_SELECTED,280856,6/26/2026 11:34:55 AM,e7ca1105-8b8f-4dee-a332-17c93bb5c040,2.0,,,,,,,,,,,,,,,,,,,,,,,,,,,,,,,,,,,,,,,,,,,,,,997,,Nasal Airway,
PLAYER_POSITIONS,281078,6/26/2026 11:34:55 AM,e7ca1105-8b8f-4dee-a332-17c93bb5c040,2.0,,,,,,,,,,,,,,,,,,,,,,,,,,,,,,,,,,,"(-11.9, 0.5, -2.4)","(-12.0, 0.8, -2.1)","(-12.4, 0.4, -1.9)",
PLAYER_GAZE,281078,6/26/2026 11:34:55 AM,e7ca1105-8b8f-4dee-a332-17c93bb5c040,2.0,,,,,,,,,,,,,,,,,,,,,,,,Military PT 9,,,,,,,,,"(0.6, 0.8, -0.3)",,,"(-12.7, 0.0, -1.8)",
PLAYER_POSITIONS,281078,6/26/2026 11:34:55 AM,e7ca1105-8b8f-4dee-a332-17c93bb5c040,2.0,,,,,,,,,,,,,,,,,,,,,,,,,,,,,,,,,,,"(-11.9, 0.5, -2.4)","(-12.0, 0.8, -2.1)","(-12.4, 0.4, -1.9)",
PLAYER_GAZE,281078,6/26/2026 11:34:55 AM,e7ca1105-8b8f-4dee-a332-17c93bb5c040,2.0,,,,,,,,,,,,,,,,,,,,,,,,Military PT 9,,,,,,,,,"(0.6, 0.8, -0.3)",,,"(-12.7, 0.0, -1.8)",
VOICE_CAPTURE,281260,6/26/2026 11:34:55 AM,e7ca1105-8b8f-4dee-a332-17c93bb5c040,2.0,,,,,,,,,,,,,,,,,,,,,,,,,,,,,,,,,,,,,,,,,,,,,,,,,,,NA,Okay. nope.,
AUDIO_START,281389,6/26/2026 11:34:56 AM,e7ca1105-8b8f-4dee-a332-17c93bb5c040,2.0,mortar hits 1,19.77469,
PLAYER_POSITIONS,281583,6/26/2026 11:34:56 AM,e7ca1105-8b8f-4dee-a332-17c93bb5c040,2.0,,,,,,,,,,,,,,,,,,,,,,,,,,,,,,,,,,,"(-11.9, 0.5, -2.4)","(-12.0, 0.7, -2.4)","(-12.1, 0.2, -2.5)",
PLAYER_POSITIONS,281583,6/26/2026 11:34:56 AM,e7ca1105-8b8f-4dee-a332-17c93bb5c040,2.0,,,,,,,,,,,,,,,,,,,,,,,,,,,,,,,,,,,"(-11.9, 0.5, -2.4)","(-12.0, 0.7, -2.4)","(-12.1, 0.2, -2.5)",
VOICE_CAPTURE,281708,6/26/2026 11:34:56 AM,e7ca1105-8b8f-4dee-a332-17c93bb5c040,2.0,,,,,,,,,,,,,,,,,,,,,,,,,,,,,,,,,,,,,,,,,,,,,,,,,,,NA,Okay. nope. skit nope,
PLAYER_POSITIONS,282110,6/26/2026 11:34:56 AM,e7ca1105-8b8f-4dee-a332-17c93bb5c040,2.0,,,,,,,,,,,,,,,,,,,,,,,,,,,,,,,,,,,"(-11.9, 0.5, -2.4)","(-12.0, 0.7, -2.4)","(-12.1, 0.1, -2.5)",
PLAYER_POSITIONS,282110,6/26/2026 11:34:56 AM,e7ca1105-8b8f-4dee-a332-17c93bb5c040,2.0,,,,,,,,,,,,,,,,,,,,,,,,,,,,,,,,,,,"(-11.9, 0.5, -2.4)","(-12.0, 0.7, -2.4)","(-12.1, 0.1, -2.5)",
TOOL_APPLIED,282208,6/26/2026 11:34:56 AM,e7ca1105-8b8f-4dee-a332-17c93bb5c040,2.0,,,,,,,,,,,,,,,,,,,,,,,,Military PT 9,,,,,,,,,,,,,,,,,,,,AppliedTrumpet,tubeGuide_used (UnityEngine.GameObject),,Nasal Trumpet(Clone) (UnityEngine.GameObject),Nasal Airway,
VOICE_CAPTURE,282236,6/26/2026 11:34:56 AM,e7ca1105-8b8f-4dee-a332-17c93bb5c040,2.0,,,,,,,,,,,,,,,,,,,,,,,,,,,,,,,,,,,,,,,,,,,,,,,,,,,NA,Okay. nope. skit nope,
VOICE_CAPTURE,282236,6/26/2026 11:34:56 AM,e7ca1105-8b8f-4dee-a332-17c93bb5c040,2.0,,,,,,,,,,,,,,,,,,,,,,,,,,,,,,,,,,,,,,,,,,,,,,,,,,,NA,Okay. nope. skit nope,
PLAYER_POSITIONS,282624,6/26/2026 11:34:57 AM,e7ca1105-8b8f-4dee-a332-17c93bb5c040,2.0,,,,,,,,,,,,,,,,,,,,,,,,,,,,,,,,,,,"(-11.9, 0.5, -2.4)","(-12.0, 0.8, -2.3)","(-12.1, 0.2, -2.3)",
PLAYER_POSITIONS,282624,6/26/2026 11:34:57 AM,e7ca1105-8b8f-4dee-a332-17c93bb5c040,2.0,,,,,,,,,,,,,,,,,,,,,,,,,,,,,,,,,,,"(-11.9, 0.5, -2.4)","(-12.0, 0.8, -2.3)","(-12.1, 0.2, -2.3)",
BAG_CLOSED,283053,6/26/2026 11:34:57 AM,e7ca1105-8b8f-4dee-a332-17c93bb5c040,2.0,,,,,,,,,,,,,,,,,,,,,,,,,,,,,,,,,,,,"(0.0, 0.0, 0.0)",
PLAYER_POSITIONS,283136,6/26/2026 11:34:57 AM,e7ca1105-8b8f-4dee-a332-17c93bb5c040,2.0,,,,,,,,,,,,,,,,,,,,,,,,,,,,,,,,,,,"(-12.0, 0.4, -2.5)","(-12.0, 0.8, -2.2)","(-12.1, 0.5, -2.0)",
PLAYER_POSITIONS,283136,6/26/2026 11:34:57 AM,e7ca1105-8b8f-4dee-a332-17c93bb5c040,2.0,,,,,,,,,,,,,,,,,,,,,,,,,,,,,,,,,,,"(-12.0, 0.4, -2.5)","(-12.0, 0.8, -2.2)","(-12.1, 0.5, -2.0)",
VOICE_CAPTURE,283277,6/26/2026 11:34:58 AM,e7ca1105-8b8f-4dee-a332-17c93bb5c040,2.0,,,,,,,,,,,,,,,,,,,,,,,,,,,,,,,,,,,,,,,,,,,,,,,,,,,NA,e.,
PLAYER_POSITIONS,283666,6/26/2026 11:34:58 AM,e7ca1105-8b8f-4dee-a332-17c93bb5c040,2.0,,,,,,,,,,,,,,,,,,,,,,,,,,,,,,,,,,,"(-12.0, 0.4, -2.4)","(-11.9, 0.9, -2.2)","(-12.2, 0.6, -2.1)",
PLAYER_GAZE,283666,6/26/2026 11:34:58 AM,e7ca1105-8b8f-4dee-a332-17c93bb5c040,2.0,,,,,,,,,,,,,,,,,,,,,,,,Military PT 9,,,,,,,,,"(0.8, 0.9, -0.4)",,,"(-12.7, 0.0, -1.8)",
PLAYER_POSITIONS,283666,6/26/2026 11:34:58 AM,e7ca1105-8b8f-4dee-a332-17c93bb5c040,2.0,,,,,,,,,,,,,,,,,,,,,,,,,,,,,,,,,,,"(-12.0, 0.4, -2.4)","(-11.9, 0.9, -2.2)","(-12.2, 0.6, -2.1)",
PLAYER_GAZE,283666,6/26/2026 11:34:58 AM,e7ca1105-8b8f-4dee-a332-17c93bb5c040,2.0,,,,,,,,,,,,,,,,,,,,,,,,Military PT 9,,,,,,,,,"(0.8, 0.9, -0.4)",,,"(-12.7, 0.0, -1.8)",
VOICE_CAPTURE,283750,6/26/2026 11:34:58 AM,e7ca1105-8b8f-4dee-a332-17c93bb5c040,2.0,,,,,,,,,,,,,,,,,,,,,,,,,,,,,,,,,,,,,,,,,,,,,,,,,,,NA,pe,
PLAYER_POSITIONS,284180,6/26/2026 11:34:58 AM,e7ca1105-8b8f-4dee-a332-17c93bb5c040,2.0,,,,,,,,,,,,,,,,,,,,,,,,,,,,,,,,,,,"(-12.0, 0.4, -2.4)","(-11.9, 0.8, -2.2)","(-12.1, 0.4, -1.7)",
PLAYER_POSITIONS,284180,6/26/2026 11:34:58 AM,e7ca1105-8b8f-4dee-a332-17c93bb5c040,2.0,,,,,,,,,,,,,,,,,,,,,,,,,,,,,,,,,,,"(-12.0, 0.4, -2.4)","(-11.9, 0.8, -2.2)","(-12.1, 0.4, -1.7)",
VOICE_CAPTURE,284222,6/26/2026 11:34:58 AM,e7ca1105-8b8f-4dee-a332-17c93bb5c040,2.0,,,,,,,,,,,,,,,,,,,,,,,,,,,,,,,,,,,,,,,,,,,,,,,,,,,NA,pe,
PLAYER_POSITIONS,284714,6/26/2026 11:34:59 AM,e7ca1105-8b8f-4dee-a332-17c93bb5c040,2.0,,,,,,,,,,,,,,,,,,,,,,,,,,,,,,,,,,,"(-12.2, 0.4, -2.3)","(-12.1, 0.8, -2.1)","(-12.3, 0.4, -1.5)",
PLAYER_POSITIONS,284714,6/26/2026 11:34:59 AM,e7ca1105-8b8f-4dee-a332-17c93bb5c040,2.0,,,,,,,,,,,,,,,,,,,,,,,,,,,,,,,,,,,"(-12.2, 0.4, -2.3)","(-12.1, 0.8, -2.1)","(-12.3, 0.4, -1.5)",
VOICE_CAPTURE,284714,6/26/2026 11:34:59 AM,e7ca1105-8b8f-4dee-a332-17c93bb5c040,2.0,,,,,,,,,,,,,,,,,,,,,,,,,,,,,,,,,,,,,,,,,,,,,,,,,,,NA,pe,
PLAYER_POSITIONS,285238,6/26/2026 11:34:59 AM,e7ca1105-8b8f-4dee-a332-17c93bb5c040,2.0,,,,,,,,,,,,,,,,,,,,,,,,,,,,,,,,,,,"(-12.2, 0.4, -2.2)","(-12.1, 0.8, -2.1)","(-12.3, 0.4, -1.5)",
PLAYER_POSITIONS,285238,6/26/2026 11:34:59 AM,e7ca1105-8b8f-4dee-a332-17c93bb5c040,2.0,,,,,,,,,,,,,,,,,,,,,,,,,,,,,,,,,,,"(-12.2, 0.4, -2.2)","(-12.1, 0.8, -2.1)","(-12.3, 0.4, -1.5)",
VOICE_CAPTURE,285238,6/26/2026 11:34:59 AM,e7ca1105-8b8f-4dee-a332-17c93bb5c040,2.0,,,,,,,,,,,,,,,,,,,,,,,,,,,,,,,,,,,,,,,,,,,,,,,,,,,NA,pe,
EVAC_RADIO_ALERT,285431,6/26/2026 11:35:00 AM,e7ca1105-8b8f-4dee-a332-17c93bb5c040,2.0,,,,,,,,1,
AUDIO_START,285443,6/26/2026 11:35:00 AM,e7ca1105-8b8f-4dee-a332-17c93bb5c040,2.0,evac in 6 minutes,4.127347,
VOICE_CAPTURE,285711,6/26/2026 11:35:00 AM,e7ca1105-8b8f-4dee-a332-17c93bb5c040,2.0,,,,,,,,,,,,,,,,,,,,,,,,,,,,,,,,,,,,,,,,,,,,,,,,,,,NA,pe,
PLAYER_POSITIONS,285766,6/26/2026 11:35:00 AM,e7ca1105-8b8f-4dee-a332-17c93bb5c040,2.0,,,,,,,,,,,,,,,,,,,,,,,,,,,,,,,,,,,"(-12.2, 0.4, -2.2)","(-12.1, 0.8, -2.2)","(-12.4, 0.4, -1.6)",
PLAYER_POSITIONS,285766,6/26/2026 11:35:00 AM,e7ca1105-8b8f-4dee-a332-17c93bb5c040,2.0,,,,,,,,,,,,,,,,,,,,,,,,,,,,,,,,,,,"(-12.2, 0.4, -2.2)","(-12.1, 0.8, -2.2)","(-12.4, 0.4, -1.6)",
VOICE_CAPTURE,286239,6/26/2026 11:35:00 AM,e7ca1105-8b8f-4dee-a332-17c93bb5c040,2.0,,,,,,,,,,,,,,,,,,,,,,,,,,,,,,,,,,,,,,,,,,,,,,,,,,,NA,pe,
PLAYER_POSITIONS,286267,6/26/2026 11:35:00 AM,e7ca1105-8b8f-4dee-a332-17c93bb5c040,2.0,,,,,,,,,,,,,,,,,,,,,,,,,,,,,,,,,,,"(-12.2, 0.4, -2.2)","(-12.1, 0.9, -2.1)","(-12.4, 0.4, -1.6)",
PLAYER_GAZE,286267,6/26/2026 11:35:00 AM,e7ca1105-8b8f-4dee-a332-17c93bb5c040,2.0,,,,,,,,,,,,,,,,,,,,,,,,Military PT 9,,,,,,,,,"(0.6, 0.9, -0.2)",,,"(-12.7, 0.0, -1.8)",
PLAYER_POSITIONS,286267,6/26/2026 11:35:00 AM,e7ca1105-8b8f-4dee-a332-17c93bb5c040,2.0,,,,,,,,,,,,,,,,,,,,,,,,,,,,,,,,,,,"(-12.2, 0.4, -2.2)","(-12.1, 0.9, -2.1)","(-12.4, 0.4, -1.6)",
PLAYER_GAZE,286267,6/26/2026 11:35:00 AM,e7ca1105-8b8f-4dee-a332-17c93bb5c040,2.0,,,,,,,,,,,,,,,,,,,,,,,,Military PT 9,,,,,,,,,"(0.6, 0.9, -0.2)",,,"(-12.7, 0.0, -1.8)",
VOICE_CAPTURE,286694,6/26/2026 11:35:01 AM,e7ca1105-8b8f-4dee-a332-17c93bb5c040,2.0,,,,,,,,,,,,,,,,,,,,,,,,,,,,,,,,,,,,,,,,,,,,,,,,,,,NA,pe All right.,
PLAYER_POSITIONS,286778,6/26/2026 11:35:01 AM,e7ca1105-8b8f-4dee-a332-17c93bb5c040,2.0,,,,,,,,,,,,,,,,,,,,,,,,,,,,,,,,,,,"(-12.2, 0.4, -2.2)","(-12.1, 0.9, -2.0)","(-12.2, 0.6, -1.6)",
PLAYER_POSITIONS,286778,6/26/2026 11:35:01 AM,e7ca1105-8b8f-4dee-a332-17c93bb5c040,2.0,,,,,,,,,,,,,,,,,,,,,,,,,,,,,,,,,,,"(-12.2, 0.4, -2.2)","(-12.1, 0.9, -2.0)","(-12.2, 0.6, -1.6)",
VOICE_CAPTURE,287251,6/26/2026 11:35:01 AM,e7ca1105-8b8f-4dee-a332-17c93bb5c040,2.0,,,,,,,,,,,,,,,,,,,,,,,,,,,,,,,,,,,,,,,,,,,,,,,,,,,NA,pe All right.,
VOICE_CAPTURE,287251,6/26/2026 11:35:01 AM,e7ca1105-8b8f-4dee-a332-17c93bb5c040,2.0,,,,,,,,,,,,,,,,,,,,,,,,,,,,,,,,,,,,,,,,,,,,,,,,,,,NA,pe All right.,
PLAYER_POSITIONS,287308,6/26/2026 11:35:02 AM,e7ca1105-8b8f-4dee-a332-17c93bb5c040,2.0,,,,,,,,,,,,,,,,,,,,,,,,,,,,,,,,,,,"(-12.2, 0.4, -2.2)","(-12.1, 0.9, -2.0)","(-12.3, 0.4, -1.8)",
PLAYER_GAZE,287308,6/26/2026 11:35:02 AM,e7ca1105-8b8f-4dee-a332-17c93bb5c040,2.0,,,,,,,,,,,,,,,,,,,,,,,,Military PT 9,,,,,,,,,"(0.6, 0.9, -0.2)",,,"(-12.7, 0.0, -1.8)",
PLAYER_POSITIONS,287308,6/26/2026 11:35:02 AM,e7ca1105-8b8f-4dee-a332-17c93bb5c040,2.0,,,,,,,,,,,,,,,,,,,,,,,,,,,,,,,,,,,"(-12.2, 0.4, -2.2)","(-12.1, 0.9, -2.0)","(-12.3, 0.4, -1.8)",
PLAYER_GAZE,287308,6/26/2026 11:35:02 AM,e7ca1105-8b8f-4dee-a332-17c93bb5c040,2.0,,,,,,,,,,,,,,,,,,,,,,,,Military PT 9,,,,,,,,,"(0.6, 0.9, -0.2)",,,"(-12.7, 0.0, -1.8)",
TAG_SELECTED,287359,6/26/2026 11:35:02 AM,e7ca1105-8b8f-4dee-a332-17c93bb5c040,2.0,,,,,,,,,,,,,,,,,,,,,,,,,,,,,,,,,,,,,,,,,,red,
PLAYER_POSITIONS,287833,6/26/2026 11:35:02 AM,e7ca1105-8b8f-4dee-a332-17c93bb5c040,2.0,,,,,,,,,,,,,,,,,,,,,,,,,,,,,,,,,,,"(-12.1, 0.5, -2.2)","(-12.2, 0.7, -2.0)","(-12.2, 0.1, -2.0)",
PLAYER_POSITIONS,287833,6/26/2026 11:35:02 AM,e7ca1105-8b8f-4dee-a332-17c93bb5c040,2.0,,,,,,,,,,,,,,,,,,,,,,,,,,,,,,,,,,,"(-12.1, 0.5, -2.2)","(-12.2, 0.7, -2.0)","(-12.2, 0.1, -2.0)",
TAG_APPLIED,288237,6/26/2026 11:35:02 AM,e7ca1105-8b8f-4dee-a332-17c93bb5c040,2.0,,,,,,,,,,,,,,,,,,,,,,,,Military PT 9,,,,,,,,,,,,,,,,,,red,
PLAYER_POSITIONS,288346,6/26/2026 11:35:03 AM,e7ca1105-8b8f-4dee-a332-17c93bb5c040,2.0,,,,,,,,,,,,,,,,,,,,,,,,,,,,,,,,,,,"(-12.1, 0.5, -2.2)","(-12.2, 0.7, -2.0)","(-12.2, 0.0, -2.0)",
PLAYER_POSITIONS,288346,6/26/2026 11:35:03 AM,e7ca1105-8b8f-4dee-a332-17c93bb5c040,2.0,,,,,,,,,,,,,,,,,,,,,,,,,,,,,,,,,,,"(-12.1, 0.5, -2.2)","(-12.2, 0.7, -2.0)","(-12.2, 0.0, -2.0)",
PLAYER_POSITIONS,288859,6/26/2026 11:35:03 AM,e7ca1105-8b8f-4dee-a332-17c93bb5c040,2.0,,,,,,,,,,,,,,,,,,,,,,,,,,,,,,,,,,,"(-12.2, 0.4, -2.2)","(-12.1, 0.9, -2.0)","(-12.2, 0.2, -1.7)",
PLAYER_POSITIONS,288859,6/26/2026 11:35:03 AM,e7ca1105-8b8f-4dee-a332-17c93bb5c040,2.0,,,,,,,,,,,,,,,,,,,,,,,,,,,,,,,,,,,"(-12.2, 0.4, -2.2)","(-12.1, 0.9, -2.0)","(-12.2, 0.2, -1.7)",
PLAYER_POSITIONS,289360,6/26/2026 11:35:04 AM,e7ca1105-8b8f-4dee-a332-17c93bb5c040,2.0,,,,,,,,,,,,,,,,,,,,,,,,,,,,,,,,,,,"(-12.2, 0.4, -2.2)","(-12.0, 0.9, -1.9)","(-12.2, 0.2, -1.7)",
PLAYER_POSITIONS,289360,6/26/2026 11:35:04 AM,e7ca1105-8b8f-4dee-a332-17c93bb5c040,2.0,,,,,,,,,,,,,,,,,,,,,,,,,,,,,,,,,,,"(-12.2, 0.4, -2.2)","(-12.0, 0.9, -1.9)","(-12.2, 0.2, -1.7)",
AUDIO_END,289581,6/26/2026 11:35:04 AM,e7ca1105-8b8f-4dee-a332-17c93bb5c040,2.0,evac in 6 minutes,4.127347,
PLAYER_POSITIONS,289861,6/26/2026 11:35:04 AM,e7ca1105-8b8f-4dee-a332-17c93bb5c040,2.0,,,,,,,,,,,,,,,,,,,,,,,,,,,,,,,,,,,"(-12.2, 0.4, -2.2)","(-12.0, 0.9, -1.9)","(-12.2, 0.3, -1.7)",
PLAYER_POSITIONS,289861,6/26/2026 11:35:04 AM,e7ca1105-8b8f-4dee-a332-17c93bb5c040,2.0,,,,,,,,,,,,,,,,,,,,,,,,,,,,,,,,,,,"(-12.2, 0.4, -2.2)","(-12.0, 0.9, -1.9)","(-12.2, 0.3, -1.7)",
PLAYER_POSITIONS,290388,6/26/2026 11:35:05 AM,e7ca1105-8b8f-4dee-a332-17c93bb5c040,2.0,,,,,,,,,,,,,,,,,,,,,,,,,,,,,,,,,,,"(-12.2, 0.4, -2.2)","(-12.1, 0.9, -2.0)","(-12.2, 0.4, -1.7)",
PLAYER_GAZE,290388,6/26/2026 11:35:05 AM,e7ca1105-8b8f-4dee-a332-17c93bb5c040,2.0,,,,,,,,,,,,,,,,,,,,,,,,Civilian PT 15,,,,,,,,,"(2.3, 0.9, -1.7)",,,"(-14.4, 0.0, -0.3)",
PLAYER_POSITIONS,290388,6/26/2026 11:35:05 AM,e7ca1105-8b8f-4dee-a332-17c93bb5c040,2.0,,,,,,,,,,,,,,,,,,,,,,,,,,,,,,,,,,,"(-12.2, 0.4, -2.2)","(-12.1, 0.9, -2.0)","(-12.2, 0.4, -1.7)",
PLAYER_GAZE,290388,6/26/2026 11:35:05 AM,e7ca1105-8b8f-4dee-a332-17c93bb5c040,2.0,,,,,,,,,,,,,,,,,,,,,,,,Civilian PT 15,,,,,,,,,"(2.3, 0.9, -1.7)",,,"(-14.4, 0.0, -0.3)",
BAG_CLOSED,290414,6/26/2026 11:35:05 AM,e7ca1105-8b8f-4dee-a332-17c93bb5c040,2.0,,,,,,,,,,,,,,,,,,,,,,,,,,,,,,,,,,,,"(0.0, 0.0, 0.0)",
VOICE_CAPTURE,290736,6/26/2026 11:35:05 AM,e7ca1105-8b8f-4dee-a332-17c93bb5c040,2.0,,,,,,,,,,,,,,,,,,,,,,,,,,,,,,,,,,,,,,,,,,,,,,,,,,,NA,Roger.,
PLAYER_POSITIONS,290902,6/26/2026 11:35:05 AM,e7ca1105-8b8f-4dee-a332-17c93bb5c040,2.0,,,,,,,,,,,,,,,,,,,,,,,,,,,,,,,,,,,"(-12.3, 0.4, -2.1)","(-12.3, 0.8, -2.0)","(-12.4, 0.4, -1.6)",
PLAYER_POSITIONS,290902,6/26/2026 11:35:05 AM,e7ca1105-8b8f-4dee-a332-17c93bb5c040,2.0,,,,,,,,,,,,,,,,,,,,,,,,,,,,,,,,,,,"(-12.3, 0.4, -2.1)","(-12.3, 0.8, -2.0)","(-12.4, 0.4, -1.6)",
VOICE_CAPTURE,291222,6/26/2026 11:35:05 AM,e7ca1105-8b8f-4dee-a332-17c93bb5c040,2.0,,,,,,,,,,,,,,,,,,,,,,,,,,,,,,,,,,,,,,,,,,,,,,,,,,,NA,Roger.,
PLAYER_POSITIONS,291417,6/26/2026 11:35:06 AM,e7ca1105-8b8f-4dee-a332-17c93bb5c040,2.0,,,,,,,,,,,,,,,,,,,,,,,,,,,,,,,,,,,"(-12.3, 0.4, -2.1)","(-12.2, 0.8, -2.1)","(-12.4, 0.6, -1.8)",
PLAYER_POSITIONS,291417,6/26/2026 11:35:06 AM,e7ca1105-8b8f-4dee-a332-17c93bb5c040,2.0,,,,,,,,,,,,,,,,,,,,,,,,,,,,,,,,,,,"(-12.3, 0.4, -2.1)","(-12.2, 0.8, -2.1)","(-12.4, 0.6, -1.8)",
VOICE_CAPTURE,291725,6/26/2026 11:35:06 AM,e7ca1105-8b8f-4dee-a332-17c93bb5c040,2.0,,,,,,,,,,,,,,,,,,,,,,,,,,,,,,,,,,,,,,,,,,,,,,,,,,,NA,Roger. Roger. Thank you.,
PLAYER_POSITIONS,291919,6/26/2026 11:35:06 AM,e7ca1105-8b8f-4dee-a332-17c93bb5c040,2.0,,,,,,,,,,,,,,,,,,,,,,,,,,,,,,,,,,,"(-12.3, 0.4, -2.1)","(-12.2, 0.8, -2.1)","(-12.4, 0.6, -1.9)",
PLAYER_POSITIONS,291919,6/26/2026 11:35:06 AM,e7ca1105-8b8f-4dee-a332-17c93bb5c040,2.0,,,,,,,,,,,,,,,,,,,,,,,,,,,,,,,,,,,"(-12.3, 0.4, -2.1)","(-12.2, 0.8, -2.1)","(-12.4, 0.6, -1.9)",
VOICE_CAPTURE,292213,6/26/2026 11:35:06 AM,e7ca1105-8b8f-4dee-a332-17c93bb5c040,2.0,,,,,,,,,,,,,,,,,,,,,,,,,,,,,,,,,,,,,,,,,,,,,,,,,,,NA,Roger. Roger. Thank you.,
VOICE_CAPTURE,292213,6/26/2026 11:35:06 AM,e7ca1105-8b8f-4dee-a332-17c93bb5c040,2.0,,,,,,,,,,,,,,,,,,,,,,,,,,,,,,,,,,,,,,,,,,,,,,,,,,,NA,Roger. Roger. Thank you.,
PLAYER_POSITIONS,292433,6/26/2026 11:35:07 AM,e7ca1105-8b8f-4dee-a332-17c93bb5c040,2.0,,,,,,,,,,,,,,,,,,,,,,,,,,,,,,,,,,,"(-12.3, 0.4, -2.1)","(-12.1, 0.8, -2.1)","(-12.4, 0.6, -2.0)",
PLAYER_POSITIONS,292433,6/26/2026 11:35:07 AM,e7ca1105-8b8f-4dee-a332-17c93bb5c040,2.0,,,,,,,,,,,,,,,,,,,,,,,,,,,,,,,,,,,"(-12.3, 0.4, -2.1)","(-12.1, 0.8, -2.1)","(-12.4, 0.6, -2.0)",
PLAYER_POSITIONS,292934,6/26/2026 11:35:07 AM,e7ca1105-8b8f-4dee-a332-17c93bb5c040,2.0,,,,,,,,,,,,,,,,,,,,,,,,,,,,,,,,,,,"(-12.5, 0.4, -1.7)","(-12.4, 0.9, -1.6)","(-12.6, 0.6, -1.6)",
PLAYER_POSITIONS,292934,6/26/2026 11:35:07 AM,e7ca1105-8b8f-4dee-a332-17c93bb5c040,2.0,,,,,,,,,,,,,,,,,,,,,,,,,,,,,,,,,,,"(-12.5, 0.4, -1.7)","(-12.4, 0.9, -1.6)","(-12.6, 0.6, -1.6)",
PLAYER_POSITIONS,293434,6/26/2026 11:35:08 AM,e7ca1105-8b8f-4dee-a332-17c93bb5c040,2.0,,,,,,,,,,,,,,,,,,,,,,,,,,,,,,,,,,,"(-13.0, 0.4, -1.0)","(-12.8, 0.9, -0.8)","(-13.0, 0.5, -0.7)",
PLAYER_POSITIONS,293434,6/26/2026 11:35:08 AM,e7ca1105-8b8f-4dee-a332-17c93bb5c040,2.0,,,,,,,,,,,,,,,,,,,,,,,,,,,,,,,,,,,"(-13.0, 0.4, -1.0)","(-12.8, 0.9, -0.8)","(-13.0, 0.5, -0.7)",
PLAYER_POSITIONS,293953,6/26/2026 11:35:08 AM,e7ca1105-8b8f-4dee-a332-17c93bb5c040,2.0,,,,,,,,,,,,,,,,,,,,,,,,,,,,,,,,,,,"(-12.9, 0.4, -0.1)","(-12.8, 0.9, 0.1)","(-12.9, 0.5, 0.2)",
PLAYER_GAZE,293953,6/26/2026 11:35:08 AM,e7ca1105-8b8f-4dee-a332-17c93bb5c040,2.0,,,,,,,,,,,,,,,,,,,,,,,,Civilian PT 3,,,,,,,,,"(1.5, 0.9, -1.5)",,,"(-14.3, 0.0, 1.6)",
PLAYER_POSITIONS,293953,6/26/2026 11:35:08 AM,e7ca1105-8b8f-4dee-a332-17c93bb5c040,2.0,,,,,,,,,,,,,,,,,,,,,,,,,,,,,,,,,,,"(-12.9, 0.4, -0.1)","(-12.8, 0.9, 0.1)","(-12.9, 0.5, 0.2)",
PLAYER_GAZE,293953,6/26/2026 11:35:08 AM,e7ca1105-8b8f-4dee-a332-17c93bb5c040,2.0,,,,,,,,,,,,,,,,,,,,,,,,Civilian PT 3,,,,,,,,,"(1.5, 0.9, -1.5)",,,"(-14.3, 0.0, 1.6)",
PATIENT_DISENGAGED,294048,6/26/2026 11:35:08 AM,e7ca1105-8b8f-4dee-a332-17c93bb5c040,2.0,,,,22.54,,,,,,,,,,,,,,,,normal,100,Infinity,normal,Military PT 9,unresponsive,supine,"(-12.7, -0.1, -1.8)",faint,"(0.0, -0.7, 0.0, 0.7)",normal,EXPECTANT,still,,,,,,,,,,,,,,,,,22.54,
PATIENT_ENGAGED,294048,6/26/2026 11:35:08 AM,e7ca1105-8b8f-4dee-a332-17c93bb5c040,2.0,,,,0,,,,,,,,,,,,,,,,normal,100,Infinity,normal,Civilian PT 3,upset,supine,"(-14.4, -0.1, 1.3)",normal,"(0.0, 0.0, 0.0, 1.0)",normal,DELAYED,still,,,,,,,,,,,,,,,,,26.53,
PLAYER_POSITIONS,294466,6/26/2026 11:35:09 AM,e7ca1105-8b8f-4dee-a332-17c93bb5c040,2.0,,,,,,,,,,,,,,,,,,,,,,,,,,,,,,,,,,,"(-13.5, 0.4, 0.3)","(-13.4, 0.9, 0.5)","(-13.5, 0.6, 0.8)",
PLAYER_POSITIONS,294466,6/26/2026 11:35:09 AM,e7ca1105-8b8f-4dee-a332-17c93bb5c040,2.0,,,,,,,,,,,,,,,,,,,,,,,,,,,,,,,,,,,"(-13.5, 0.4, 0.3)","(-13.4, 0.9, 0.5)","(-13.5, 0.6, 0.8)",
PLAYER_POSITIONS,294966,6/26/2026 11:35:09 AM,e7ca1105-8b8f-4dee-a332-17c93bb5c040,2.0,,,,,,,,,,,,,,,,,,,,,,,,,,,,,,,,,,,"(-13.8, 0.4, 0.5)","(-13.6, 0.9, 0.7)","(-13.8, 0.4, 1.0)",
PLAYER_POSITIONS,294966,6/26/2026 11:35:09 AM,e7ca1105-8b8f-4dee-a332-17c93bb5c040,2.0,,,,,,,,,,,,,,,,,,,,,,,,,,,,,,,,,,,"(-13.8, 0.4, 0.5)","(-13.6, 0.9, 0.7)","(-13.8, 0.4, 1.0)",
PLAYER_POSITIONS,295494,6/26/2026 11:35:10 AM,e7ca1105-8b8f-4dee-a332-17c93bb5c040,2.0,,,,,,,,,,,,,,,,,,,,,,,,,,,,,,,,,,,"(-13.8, 0.4, 0.5)","(-13.6, 0.8, 0.8)","(-13.6, 0.4, 1.0)",
PLAYER_POSITIONS,295494,6/26/2026 11:35:10 AM,e7ca1105-8b8f-4dee-a332-17c93bb5c040,2.0,,,,,,,,,,,,,,,,,,,,,,,,,,,,,,,,,,,"(-13.8, 0.4, 0.5)","(-13.6, 0.8, 0.8)","(-13.6, 0.4, 1.0)",
TAG_SELECTED,295742,6/26/2026 11:35:10 AM,e7ca1105-8b8f-4dee-a332-17c93bb5c040,2.0,,,,,,,,,,,,,,,,,,,,,,,,,,,,,,,,,,,,,,,,,,green,
PLAYER_POSITIONS,296021,6/26/2026 11:35:10 AM,e7ca1105-8b8f-4dee-a332-17c93bb5c040,2.0,,,,,,,,,,,,,,,,,,,,,,,,,,,,,,,,,,,"(-13.7, 0.4, 0.5)","(-13.7, 0.8, 0.7)","(-13.7, 0.2, 1.0)",
PLAYER_POSITIONS,296021,6/26/2026 11:35:10 AM,e7ca1105-8b8f-4dee-a332-17c93bb5c040,2.0,,,,,,,,,,,,,,,,,,,,,,,,,,,,,,,,,,,"(-13.7, 0.4, 0.5)","(-13.7, 0.8, 0.7)","(-13.7, 0.2, 1.0)",
PLAYER_POSITIONS,296549,6/26/2026 11:35:11 AM,e7ca1105-8b8f-4dee-a332-17c93bb5c040,2.0,,,,,,,,,,,,,,,,,,,,,,,,,,,,,,,,,,,"(-13.7, 0.4, 0.4)","(-13.8, 0.7, 0.7)","(-13.8, 0.0, 0.9)",
PLAYER_POSITIONS,296549,6/26/2026 11:35:11 AM,e7ca1105-8b8f-4dee-a332-17c93bb5c040,2.0,,,,,,,,,,,,,,,,,,,,,,,,,,,,,,,,,,,"(-13.7, 0.4, 0.4)","(-13.8, 0.7, 0.7)","(-13.8, 0.0, 0.9)",
TAG_APPLIED,296662,6/26/2026 11:35:11 AM,e7ca1105-8b8f-4dee-a332-17c93bb5c040,2.0,,,,,,,,,,,,,,,,,,,,,,,,Civilian PT 3,,,,,,,,,,,,,,,,,,green,
PLAYER_POSITIONS,297063,6/26/2026 11:35:11 AM,e7ca1105-8b8f-4dee-a332-17c93bb5c040,2.0,,,,,,,,,,,,,,,,,,,,,,,,,,,,,,,,,,,"(-13.7, 0.4, 0.4)","(-13.7, 0.6, 0.7)","(-13.7, 0.0, 1.0)",
PLAYER_POSITIONS,297063,6/26/2026 11:35:11 AM,e7ca1105-8b8f-4dee-a332-17c93bb5c040,2.0,,,,,,,,,,,,,,,,,,,,,,,,,,,,,,,,,,,"(-13.7, 0.4, 0.4)","(-13.7, 0.6, 0.7)","(-13.7, 0.0, 1.0)",
PATIENT_DISENGAGED,297569,6/26/2026 11:35:12 AM,e7ca1105-8b8f-4dee-a332-17c93bb5c040,2.0,,,,3.53,,,,,,,,,,,,,,,,normal,100,Infinity,normal,Civilian PT 3,upset,supine,"(-14.4, -0.1, 1.3)",normal,"(0.0, 0.0, 0.0, 1.0)",normal,DELAYED,still,,,,,,,,,,,,,,,,,30.06,
PATIENT_ENGAGED,297569,6/26/2026 11:35:12 AM,e7ca1105-8b8f-4dee-a332-17c93bb5c040,2.0,,,,0,,,,,,,,,,,,,,,,fast,100,Infinity,normal,Civilian PT 15,upset,supine,"(-14.4, -0.1, -0.3)",fast,"(0.0, 0.8, 0.0, 0.6)",normal,IMMEDIATE,still,,,,,,,,,,,,,,,,,0,
PLAYER_POSITIONS,297572,6/26/2026 11:35:12 AM,e7ca1105-8b8f-4dee-a332-17c93bb5c040,2.0,,,,,,,,,,,,,,,,,,,,,,,,,,,,,,,,,,,"(-13.7, 0.4, 0.4)","(-13.7, 0.7, 0.4)","(-13.7, 0.1, 1.0)",
PLAYER_POSITIONS,297572,6/26/2026 11:35:12 AM,e7ca1105-8b8f-4dee-a332-17c93bb5c040,2.0,,,,,,,,,,,,,,,,,,,,,,,,,,,,,,,,,,,"(-13.7, 0.4, 0.4)","(-13.7, 0.7, 0.4)","(-13.7, 0.1, 1.0)",
PLAYER_POSITIONS,298099,6/26/2026 11:35:12 AM,e7ca1105-8b8f-4dee-a332-17c93bb5c040,2.0,,,,,,,,,,,,,,,,,,,,,,,,,,,,,,,,,,,"(-13.6, 0.7, 0.3)","(-13.6, 0.9, 0.5)","(-13.8, 0.7, 0.7)",
PLAYER_GAZE,298099,6/26/2026 11:35:12 AM,e7ca1105-8b8f-4dee-a332-17c93bb5c040,2.0,,,,,,,,,,,,,,,,,,,,,,,,Civilian PT 15,,,,,,,,,"(0.8, 0.9, 0.8)",,,"(-14.4, 0.0, -0.3)",
PLAYER_POSITIONS,298099,6/26/2026 11:35:12 AM,e7ca1105-8b8f-4dee-a332-17c93bb5c040,2.0,,,,,,,,,,,,,,,,,,,,,,,,,,,,,,,,,,,"(-13.6, 0.7, 0.3)","(-13.6, 0.9, 0.5)","(-13.8, 0.7, 0.7)",
PLAYER_GAZE,298099,6/26/2026 11:35:12 AM,e7ca1105-8b8f-4dee-a332-17c93bb5c040,2.0,,,,,,,,,,,,,,,,,,,,,,,,Civilian PT 15,,,,,,,,,"(0.8, 0.9, 0.8)",,,"(-14.4, 0.0, -0.3)",
VOICE_CAPTURE,298280,6/26/2026 11:35:13 AM,e7ca1105-8b8f-4dee-a332-17c93bb5c040,2.0,,,,,,,,,,,,,,,,,,,,,,,,,,,,,,,,,,,,,,,,,,,,,,,,,,,NA,Minimal.,
PLAYER_POSITIONS,298627,6/26/2026 11:35:13 AM,e7ca1105-8b8f-4dee-a332-17c93bb5c040,2.0,,,,,,,,,,,,,,,,,,,,,,,,,,,,,,,,,,,"(-13.6, 0.9, 0.4)","(-13.6, 0.9, 0.6)","(-13.6, 1.1, 0.8)",
PLAYER_GAZE,298627,6/26/2026 11:35:13 AM,e7ca1105-8b8f-4dee-a332-17c93bb5c040,2.0,,,,,,,,,,,,,,,,,,,,,,,,Civilian PT 15,,,,,,,,,"(0.8, 0.9, 0.9)",,,"(-14.4, 0.0, -0.3)",
PLAYER_POSITIONS,298627,6/26/2026 11:35:13 AM,e7ca1105-8b8f-4dee-a332-17c93bb5c040,2.0,,,,,,,,,,,,,,,,,,,,,,,,,,,,,,,,,,,"(-13.6, 0.9, 0.4)","(-13.6, 0.9, 0.6)","(-13.6, 1.1, 0.8)",
PLAYER_GAZE,298627,6/26/2026 11:35:13 AM,e7ca1105-8b8f-4dee-a332-17c93bb5c040,2.0,,,,,,,,,,,,,,,,,,,,,,,,Civilian PT 15,,,,,,,,,"(0.8, 0.9, 0.9)",,,"(-14.4, 0.0, -0.3)",
VOICE_CAPTURE,298765,6/26/2026 11:35:13 AM,e7ca1105-8b8f-4dee-a332-17c93bb5c040,2.0,,,,,,,,,,,,,,,,,,,,,,,,,,,,,,,,,,,,,,,,,,,,,,,,,,,NA,Oh.,
PLAYER_POSITIONS,299155,6/26/2026 11:35:13 AM,e7ca1105-8b8f-4dee-a332-17c93bb5c040,2.0,,,,,,,,,,,,,,,,,,,,,,,,,,,,,,,,,,,"(-13.6, 0.9, 0.5)","(-13.6, 0.9, 0.6)","(-13.5, 1.0, 0.7)",
PLAYER_POSITIONS,299155,6/26/2026 11:35:13 AM,e7ca1105-8b8f-4dee-a332-17c93bb5c040,2.0,,,,,,,,,,,,,,,,,,,,,,,,,,,,,,,,,,,"(-13.6, 0.9, 0.5)","(-13.6, 0.9, 0.6)","(-13.5, 1.0, 0.7)",
VOICE_CAPTURE,299308,6/26/2026 11:35:14 AM,e7ca1105-8b8f-4dee-a332-17c93bb5c040,2.0,,,,,,,,,,,,,,,,,,,,,,,,,,,,,,,,,,,,,,,,,,,,,,,,,,,NA,"Oh. Minimal. Oh, shit.",
PLAYER_POSITIONS,299668,6/26/2026 11:35:14 AM,e7ca1105-8b8f-4dee-a332-17c93bb5c040,2.0,,,,,,,,,,,,,,,,,,,,,,,,,,,,,,,,,,,"(-13.7, 0.9, 0.3)","(-13.6, 1.0, 0.6)","(-13.7, 1.0, 0.7)",
PLAYER_POSITIONS,299668,6/26/2026 11:35:14 AM,e7ca1105-8b8f-4dee-a332-17c93bb5c040,2.0,,,,,,,,,,,,,,,,,,,,,,,,,,,,,,,,,,,"(-13.7, 0.9, 0.3)","(-13.6, 1.0, 0.6)","(-13.7, 1.0, 0.7)",
VOICE_CAPTURE,299822,6/26/2026 11:35:14 AM,e7ca1105-8b8f-4dee-a332-17c93bb5c040,2.0,,,,,,,,,,,,,,,,,,,,,,,,,,,,,,,,,,,,,,,,,,,,,,,,,,,NA,"Oh. Minimum. Oh, shit.",
BAG_CLOSED,300096,6/26/2026 11:35:14 AM,e7ca1105-8b8f-4dee-a332-17c93bb5c040,2.0,,,,,,,,,,,,,,,,,,,,,,,,,,,,,,,,,,,,"(0.0, 0.0, 0.0)",
PLAYER_POSITIONS,300178,6/26/2026 11:35:14 AM,e7ca1105-8b8f-4dee-a332-17c93bb5c040,2.0,,,,,,,,,,,,,,,,,,,,,,,,,,,,,,,,,,,"(-13.8, 0.4, 0.3)","(-13.6, 0.9, 0.4)","(-13.9, 0.3, 0.6)",
PLAYER_GAZE,300178,6/26/2026 11:35:14 AM,e7ca1105-8b8f-4dee-a332-17c93bb5c040,2.0,,,,,,,,,,,,,,,,,,,,,,,,Civilian PT 15,,,,,,,,,"(0.7, 0.9, 0.7)",,,"(-14.4, 0.0, -0.3)",
PLAYER_POSITIONS,300178,6/26/2026 11:35:14 AM,e7ca1105-8b8f-4dee-a332-17c93bb5c040,2.0,,,,,,,,,,,,,,,,,,,,,,,,,,,,,,,,,,,"(-13.8, 0.4, 0.3)","(-13.6, 0.9, 0.4)","(-13.9, 0.3, 0.6)",
PLAYER_GAZE,300178,6/26/2026 11:35:14 AM,e7ca1105-8b8f-4dee-a332-17c93bb5c040,2.0,,,,,,,,,,,,,,,,,,,,,,,,Civilian PT 15,,,,,,,,,"(0.7, 0.9, 0.7)",,,"(-14.4, 0.0, -0.3)",
VOICE_CAPTURE,300286,6/26/2026 11:35:15 AM,e7ca1105-8b8f-4dee-a332-17c93bb5c040,2.0,,,,,,,,,,,,,,,,,,,,,,,,,,,,,,,,,,,,,,,,,,,,,,,,,,,NA,"Oh. Minimal. Oh, shit.",
PLAYER_POSITIONS,300695,6/26/2026 11:35:15 AM,e7ca1105-8b8f-4dee-a332-17c93bb5c040,2.0,,,,,,,,,,,,,,,,,,,,,,,,,,,,,,,,,,,"(-14.0, 0.4, -0.6)","(-13.9, 0.9, -0.4)","(-14.1, 0.3, -0.2)",
PLAYER_POSITIONS,300695,6/26/2026 11:35:15 AM,e7ca1105-8b8f-4dee-a332-17c93bb5c040,2.0,,,,,,,,,,,,,,,,,,,,,,,,,,,,,,,,,,,"(-14.0, 0.4, -0.6)","(-13.9, 0.9, -0.4)","(-14.1, 0.3, -0.2)",
VOICE_CAPTURE,300806,6/26/2026 11:35:15 AM,e7ca1105-8b8f-4dee-a332-17c93bb5c040,2.0,,,,,,,,,,,,,,,,,,,,,,,,,,,,,,,,,,,,,,,,,,,,,,,,,,,NA,"Oh. Minimal. Oh, shit.",
VOICE_CAPTURE,300807,6/26/2026 11:35:15 AM,e7ca1105-8b8f-4dee-a332-17c93bb5c040,2.0,,,,,,,,,,,,,,,,,,,,,,,,,,,,,,,,,,,,,,,,,,,,,,,,,,,NA,"Oh. Minimal. Oh, shit.",
AUDIO_END,301180,6/26/2026 11:35:15 AM,e7ca1105-8b8f-4dee-a332-17c93bb5c040,2.0,mortar hits 1,19.77469,
NARRATIVE_SECTION_END,301180,6/26/2026 11:35:15 AM,e7ca1105-8b8f-4dee-a332-17c93bb5c040,2.0,,,,,,,,,,,,,,,,,,Mortar hits 2,32,
NARRATIVE_SECTION_START,301219,6/26/2026 11:35:15 AM,e7ca1105-8b8f-4dee-a332-17c93bb5c040,2.0,,,,,,,,,,,,,,,,,,Delta Squad Moving,33,
PLAYER_POSITIONS,301226,6/26/2026 11:35:15 AM,e7ca1105-8b8f-4dee-a332-17c93bb5c040,2.0,,,,,,,,,,,,,,,,,,,,,,,,,,,,,,,,,,,"(-14.6, 0.4, -1.1)","(-14.5, 0.9, -0.8)","(-14.6, 0.3, -0.6)",
PLAYER_POSITIONS,301226,6/26/2026 11:35:15 AM,e7ca1105-8b8f-4dee-a332-17c93bb5c040,2.0,,,,,,,,,,,,,,,,,,,,,,,,,,,,,,,,,,,"(-14.6, 0.4, -1.1)","(-14.5, 0.9, -0.8)","(-14.6, 0.3, -0.6)",
PLAYER_POSITIONS,301736,6/26/2026 11:35:16 AM,e7ca1105-8b8f-4dee-a332-17c93bb5c040,2.0,,,,,,,,,,,,,,,,,,,,,,,,,,,,,,,,,,,"(-14.6, 0.4, -1.0)","(-14.5, 0.9, -0.7)","(-14.6, 0.4, -0.5)",
PLAYER_POSITIONS,301736,6/26/2026 11:35:16 AM,e7ca1105-8b8f-4dee-a332-17c93bb5c040,2.0,,,,,,,,,,,,,,,,,,,,,,,,,,,,,,,,,,,"(-14.6, 0.4, -1.0)","(-14.5, 0.9, -0.7)","(-14.6, 0.4, -0.5)",
PLAYER_POSITIONS,302237,6/26/2026 11:35:16 AM,e7ca1105-8b8f-4dee-a332-17c93bb5c040,2.0,,,,,,,,,,,,,,,,,,,,,,,,,,,,,,,,,,,"(-14.5, 0.4, -0.7)","(-14.3, 0.9, -0.4)","(-14.4, 0.3, -0.2)",
PLAYER_GAZE,302237,6/26/2026 11:35:16 AM,e7ca1105-8b8f-4dee-a332-17c93bb5c040,2.0,,,,,,,,,,,,,,,,,,,,,,,,Civilian PT 15,,,,,,,,,"(0.1, 0.9, -0.1)",,,"(-14.4, 0.0, -0.3)",
PLAYER_POSITIONS,302237,6/26/2026 11:35:16 AM,e7ca1105-8b8f-4dee-a332-17c93bb5c040,2.0,,,,,,,,,,,,,,,,,,,,,,,,,,,,,,,,,,,"(-14.5, 0.4, -0.7)","(-14.3, 0.9, -0.4)","(-14.4, 0.3, -0.2)",
PLAYER_GAZE,302237,6/26/2026 11:35:16 AM,e7ca1105-8b8f-4dee-a332-17c93bb5c040,2.0,,,,,,,,,,,,,,,,,,,,,,,,Civilian PT 15,,,,,,,,,"(0.1, 0.9, -0.1)",,,"(-14.4, 0.0, -0.3)",
PLAYER_POSITIONS,302764,6/26/2026 11:35:17 AM,e7ca1105-8b8f-4dee-a332-17c93bb5c040,2.0,,,,,,,,,,,,,,,,,,,,,,,,,,,,,,,,,,,"(-14.6, 0.4, -1.0)","(-14.4, 0.9, -0.7)","(-14.5, 0.4, -0.4)",
PLAYER_POSITIONS,302764,6/26/2026 11:35:17 AM,e7ca1105-8b8f-4dee-a332-17c93bb5c040,2.0,,,,,,,,,,,,,,,,,,,,,,,,,,,,,,,,,,,"(-14.6, 0.4, -1.0)","(-14.4, 0.9, -0.7)","(-14.5, 0.4, -0.4)",
VOICE_CAPTURE,303226,6/26/2026 11:35:17 AM,e7ca1105-8b8f-4dee-a332-17c93bb5c040,2.0,,,,,,,,,,,,,,,,,,,,,,,,,,,,,,,,,,,,,,,,,,,,,,,,,,,NA,All right.,
PLAYER_POSITIONS,303275,6/26/2026 11:35:17 AM,e7ca1105-8b8f-4dee-a332-17c93bb5c040,2.0,,,,,,,,,,,,,,,,,,,,,,,,,,,,,,,,,,,"(-14.7, 0.4, -0.4)","(-14.5, 0.9, -0.3)","(-14.4, 0.5, 0.0)",
PLAYER_POSITIONS,303275,6/26/2026 11:35:17 AM,e7ca1105-8b8f-4dee-a332-17c93bb5c040,2.0,,,,,,,,,,,,,,,,,,,,,,,,,,,,,,,,,,,"(-14.7, 0.4, -0.4)","(-14.5, 0.9, -0.3)","(-14.4, 0.5, 0.0)",
VOICE_CAPTURE,303706,6/26/2026 11:35:18 AM,e7ca1105-8b8f-4dee-a332-17c93bb5c040,2.0,,,,,,,,,,,,,,,,,,,,,,,,,,,,,,,,,,,,,,,,,,,,,,,,,,,NA,All right.,
VOICE_CAPTURE,303706,6/26/2026 11:35:18 AM,e7ca1105-8b8f-4dee-a332-17c93bb5c040,2.0,,,,,,,,,,,,,,,,,,,,,,,,,,,,,,,,,,,,,,,,,,,,,,,,,,,NA,All right.,
PLAYER_POSITIONS,303788,6/26/2026 11:35:18 AM,e7ca1105-8b8f-4dee-a332-17c93bb5c040,2.0,,,,,,,,,,,,,,,,,,,,,,,,,,,,,,,,,,,"(-14.3, 0.5, -1.0)","(-14.1, 0.9, -0.9)","(-14.1, 0.4, -0.6)",
PLAYER_POSITIONS,303788,6/26/2026 11:35:18 AM,e7ca1105-8b8f-4dee-a332-17c93bb5c040,2.0,,,,,,,,,,,,,,,,,,,,,,,,,,,,,,,,,,,"(-14.3, 0.5, -1.0)","(-14.1, 0.9, -0.9)","(-14.1, 0.4, -0.6)",
VOICE_CAPTURE,304220,6/26/2026 11:35:18 AM,e7ca1105-8b8f-4dee-a332-17c93bb5c040,2.0,,,,,,,,,,,,,,,,,,,,,,,,,,,,,,,,,,,,,,,,,,,,,,,,,,,NA,All right,
PLAYER_POSITIONS,304303,6/26/2026 11:35:19 AM,e7ca1105-8b8f-4dee-a332-17c93bb5c040,2.0,,,,,,,,,,,,,,,,,,,,,,,,,,,,,,,,,,,"(-14.5, 0.4, -1.0)","(-14.3, 0.9, -1.0)","(-14.2, 0.4, -0.8)",
PLAYER_POSITIONS,304303,6/26/2026 11:35:19 AM,e7ca1105-8b8f-4dee-a332-17c93bb5c040,2.0,,,,,,,,,,,,,,,,,,,,,,,,,,,,,,,,,,,"(-14.5, 0.4, -1.0)","(-14.3, 0.9, -1.0)","(-14.2, 0.4, -0.8)",
VOICE_CAPTURE,304732,6/26/2026 11:35:19 AM,e7ca1105-8b8f-4dee-a332-17c93bb5c040,2.0,,,,,,,,,,,,,,,,,,,,,,,,,,,,,,,,,,,,,,,,,,,,,,,,,,,NA,All right,
PLAYER_POSITIONS,304815,6/26/2026 11:35:19 AM,e7ca1105-8b8f-4dee-a332-17c93bb5c040,2.0,,,,,,,,,,,,,,,,,,,,,,,,,,,,,,,,,,,"(-14.8, 0.4, -0.9)","(-14.6, 0.9, -0.8)","(-14.5, 0.5, -0.7)",
PLAYER_POSITIONS,304815,6/26/2026 11:35:19 AM,e7ca1105-8b8f-4dee-a332-17c93bb5c040,2.0,,,,,,,,,,,,,,,,,,,,,,,,,,,,,,,,,,,"(-14.8, 0.4, -0.9)","(-14.6, 0.9, -0.8)","(-14.5, 0.5, -0.7)",
PLAYER_POSITIONS,305329,6/26/2026 11:35:20 AM,e7ca1105-8b8f-4dee-a332-17c93bb5c040,2.0,,,,,,,,,,,,,,,,,,,,,,,,,,,,,,,,,,,"(-14.8, 0.4, -0.7)","(-14.6, 0.8, -0.7)","(-14.6, 0.4, -0.3)",
PLAYER_POSITIONS,305329,6/26/2026 11:35:20 AM,e7ca1105-8b8f-4dee-a332-17c93bb5c040,2.0,,,,,,,,,,,,,,,,,,,,,,,,,,,,,,,,,,,"(-14.8, 0.4, -0.7)","(-14.6, 0.8, -0.7)","(-14.6, 0.4, -0.3)",
PLAYER_POSITIONS,305835,6/26/2026 11:35:20 AM,e7ca1105-8b8f-4dee-a332-17c93bb5c040,2.0,,,,,,,,,,,,,,,,,,,,,,,,,,,,,,,,,,,"(-14.8, 0.4, -0.7)","(-14.5, 0.8, -0.7)","(-14.4, 0.3, -0.4)",
PLAYER_POSITIONS,305835,6/26/2026 11:35:20 AM,e7ca1105-8b8f-4dee-a332-17c93bb5c040,2.0,,,,,,,,,,,,,,,,,,,,,,,,,,,,,,,,,,,"(-14.8, 0.4, -0.7)","(-14.5, 0.8, -0.7)","(-14.4, 0.3, -0.4)",
PLAYER_POSITIONS,306341,6/26/2026 11:35:21 AM,e7ca1105-8b8f-4dee-a332-17c93bb5c040,2.0,,,,,,,,,,,,,,,,,,,,,,,,,,,,,,,,,,,"(-14.8, 0.4, -0.8)","(-14.5, 0.9, -0.6)","(-14.6, 0.5, -0.2)",
PLAYER_POSITIONS,306341,6/26/2026 11:35:21 AM,e7ca1105-8b8f-4dee-a332-17c93bb5c040,2.0,,,,,,,,,,,,,,,,,,,,,,,,,,,,,,,,,,,"(-14.8, 0.4, -0.8)","(-14.5, 0.9, -0.6)","(-14.6, 0.5, -0.2)",
TOOL_HOVER,306367,6/26/2026 11:35:21 AM,e7ca1105-8b8f-4dee-a332-17c93bb5c040,2.0,,,,,,,,,,,,,,,,,,,,,,,,,,,,,,,,,,,,,,,,,,,,,,997,,Israeli Wrap,
TOOL_SELECTED,306644,6/26/2026 11:35:21 AM,e7ca1105-8b8f-4dee-a332-17c93bb5c040,2.0,,,,,,,,,,,,,,,,,,,,,,,,,,,,,,,,,,,,,,,,,,,,,,996,,Israeli Wrap,
PLAYER_POSITIONS,306869,6/26/2026 11:35:21 AM,e7ca1105-8b8f-4dee-a332-17c93bb5c040,2.0,,,,,,,,,,,,,,,,,,,,,,,,,,,,,,,,,,,"(-14.8, 0.5, -0.9)","(-14.6, 0.8, -0.6)","(-14.7, 0.2, -0.3)",
PLAYER_POSITIONS,306869,6/26/2026 11:35:21 AM,e7ca1105-8b8f-4dee-a332-17c93bb5c040,2.0,,,,,,,,,,,,,,,,,,,,,,,,,,,,,,,,,,,"(-14.8, 0.5, -0.9)","(-14.6, 0.8, -0.6)","(-14.7, 0.2, -0.3)",
PLAYER_POSITIONS,307394,6/26/2026 11:35:22 AM,e7ca1105-8b8f-4dee-a332-17c93bb5c040,2.0,,,,,,,,,,,,,,,,,,,,,,,,,,,,,,,,,,,"(-14.8, 0.5, -0.9)","(-14.7, 0.7, -0.7)","(-14.7, 0.1, -0.5)",
PLAYER_POSITIONS,307394,6/26/2026 11:35:22 AM,e7ca1105-8b8f-4dee-a332-17c93bb5c040,2.0,,,,,,,,,,,,,,,,,,,,,,,,,,,,,,,,,,,"(-14.8, 0.5, -0.9)","(-14.7, 0.7, -0.7)","(-14.7, 0.1, -0.5)",
INJURY_TREATED,307535,6/26/2026 11:35:22 AM,e7ca1105-8b8f-4dee-a332-17c93bb5c040,2.0,,,,,,,,,abdomen,L Stomach Laceration,"(-14.8, 0.1, -0.5)",woundpack,1,1,medium,True,True,,,,,,,Civilian PT 15,
TOOL_APPLIED,307535,6/26/2026 11:35:22 AM,e7ca1105-8b8f-4dee-a332-17c93bb5c040,2.0,,,,,,,,,,,,,,,,,,,,,,,,Civilian PT 15,,,,,,,,,,,,,,,,,,,,AppliedIsraeliWrap,skinCollider_BodyLOD (UnityEngine.GameObject),,Israeli Wrap(Clone) (UnityEngine.GameObject),Israeli Wrap,
PLAYER_POSITIONS,307921,6/26/2026 11:35:22 AM,e7ca1105-8b8f-4dee-a332-17c93bb5c040,2.0,,,,,,,,,,,,,,,,,,,,,,,,,,,,,,,,,,,"(-14.8, 0.5, -0.9)","(-14.7, 0.8, -0.7)","(-14.7, 0.1, -0.6)",
PLAYER_POSITIONS,307921,6/26/2026 11:35:22 AM,e7ca1105-8b8f-4dee-a332-17c93bb5c040,2.0,,,,,,,,,,,,,,,,,,,,,,,,,,,,,,,,,,,"(-14.8, 0.5, -0.9)","(-14.7, 0.8, -0.7)","(-14.7, 0.1, -0.6)",
AUDIO_START,308199,6/26/2026 11:35:22 AM,e7ca1105-8b8f-4dee-a332-17c93bb5c040,2.0,delta squad moving,4.179592,
BAG_CLOSED,308334,6/26/2026 11:35:23 AM,e7ca1105-8b8f-4dee-a332-17c93bb5c040,2.0,,,,,,,,,,,,,,,,,,,,,,,,,,,,,,,,,,,,"(0.0, 0.0, 0.0)",
PLAYER_POSITIONS,308421,6/26/2026 11:35:23 AM,e7ca1105-8b8f-4dee-a332-17c93bb5c040,2.0,,,,,,,,,,,,,,,,,,,,,,,,,,,,,,,,,,,"(-14.8, 0.5, -0.9)","(-14.7, 0.8, -0.8)","(-14.6, 0.2, -0.6)",
PLAYER_POSITIONS,308421,6/26/2026 11:35:23 AM,e7ca1105-8b8f-4dee-a332-17c93bb5c040,2.0,,,,,,,,,,,,,,,,,,,,,,,,,,,,,,,,,,,"(-14.8, 0.5, -0.9)","(-14.7, 0.8, -0.8)","(-14.6, 0.2, -0.6)",
PLAYER_POSITIONS,308948,6/26/2026 11:35:23 AM,e7ca1105-8b8f-4dee-a332-17c93bb5c040,2.0,,,,,,,,,,,,,,,,,,,,,,,,,,,,,,,,,,,"(-15.1, 0.5, -0.9)","(-14.8, 0.9, -0.7)","(-14.6, 0.7, -0.4)",
PLAYER_POSITIONS,308948,6/26/2026 11:35:23 AM,e7ca1105-8b8f-4dee-a332-17c93bb5c040,2.0,,,,,,,,,,,,,,,,,,,,,,,,,,,,,,,,,,,"(-15.1, 0.5, -0.9)","(-14.8, 0.9, -0.7)","(-14.6, 0.7, -0.4)",
PLAYER_POSITIONS,309476,6/26/2026 11:35:24 AM,e7ca1105-8b8f-4dee-a332-17c93bb5c040,2.0,,,,,,,,,,,,,,,,,,,,,,,,,,,,,,,,,,,"(-15.1, 0.5, -0.8)","(-14.8, 0.8, -0.7)","(-14.7, 0.3, -0.4)",
PLAYER_POSITIONS,309476,6/26/2026 11:35:24 AM,e7ca1105-8b8f-4dee-a332-17c93bb5c040,2.0,,,,,,,,,,,,,,,,,,,,,,,,,,,,,,,,,,,"(-15.1, 0.5, -0.8)","(-14.8, 0.8, -0.7)","(-14.7, 0.3, -0.4)",
TOOL_HOVER,309947,6/26/2026 11:35:24 AM,e7ca1105-8b8f-4dee-a332-17c93bb5c040,2.0,,,,,,,,,,,,,,,,,,,,,,,,,,,,,,,,,,,,,,,,,,,,,,996,,Decompression Needle,
PLAYER_POSITIONS,309977,6/26/2026 11:35:24 AM,e7ca1105-8b8f-4dee-a332-17c93bb5c040,2.0,,,,,,,,,,,,,,,,,,,,,,,,,,,,,,,,,,,"(-15.1, 0.5, -0.8)","(-14.8, 0.9, -0.7)","(-14.4, 0.5, -0.3)",
PLAYER_POSITIONS,309977,6/26/2026 11:35:24 AM,e7ca1105-8b8f-4dee-a332-17c93bb5c040,2.0,,,,,,,,,,,,,,,,,,,,,,,,,,,,,,,,,,,"(-15.1, 0.5, -0.8)","(-14.8, 0.9, -0.7)","(-14.4, 0.5, -0.3)",
TOOL_HOVER,310057,6/26/2026 11:35:24 AM,e7ca1105-8b8f-4dee-a332-17c93bb5c040,2.0,,,,,,,,,,,,,,,,,,,,,,,,,,,,,,,,,,,,,,,,,,,,,,994,,Fentanyl Lollipop,
TOOL_SELECTED,310308,6/26/2026 11:35:25 AM,e7ca1105-8b8f-4dee-a332-17c93bb5c040,2.0,,,,,,,,,,,,,,,,,,,,,,,,,,,,,,,,,,,,,,,,,,,,,,993,,Fentanyl Lollipop,
PLAYER_POSITIONS,310504,6/26/2026 11:35:25 AM,e7ca1105-8b8f-4dee-a332-17c93bb5c040,2.0,,,,,,,,,,,,,,,,,,,,,,,,,,,,,,,,,,,"(-15.1, 0.5, -0.8)","(-14.8, 0.9, -0.7)","(-14.5, 0.5, -0.3)",
PLAYER_POSITIONS,310504,6/26/2026 11:35:25 AM,e7ca1105-8b8f-4dee-a332-17c93bb5c040,2.0,,,,,,,,,,,,,,,,,,,,,,,,,,,,,,,,,,,"(-15.1, 0.5, -0.8)","(-14.8, 0.9, -0.7)","(-14.5, 0.5, -0.3)",
PLAYER_POSITIONS,311025,6/26/2026 11:35:25 AM,e7ca1105-8b8f-4dee-a332-17c93bb5c040,2.0,,,,,,,,,,,,,,,,,,,,,,,,,,,,,,,,,,,"(-15.1, 0.5, -0.9)","(-15.0, 0.7, -0.8)","(-15.1, 0.1, -0.7)",
PLAYER_POSITIONS,311025,6/26/2026 11:35:25 AM,e7ca1105-8b8f-4dee-a332-17c93bb5c040,2.0,,,,,,,,,,,,,,,,,,,,,,,,,,,,,,,,,,,"(-15.1, 0.5, -0.9)","(-15.0, 0.7, -0.8)","(-15.1, 0.1, -0.7)",
INJURY_TREATED,311164,6/26/2026 11:35:25 AM,e7ca1105-8b8f-4dee-a332-17c93bb5c040,2.0,,,,,,,,,head,Unspecified,"(0.0, 0.0, 0.0)",none,1,1,none,True,False,,,,,,,Civilian PT 15,
TOOL_APPLIED,311164,6/26/2026 11:35:25 AM,e7ca1105-8b8f-4dee-a332-17c93bb5c040,2.0,,,,,,,,,,,,,,,,,,,,,,,,Civilian PT 15,,,,,,,,,,,,,,,,,,,,AppliedLollipop,Jaw (UnityEngine.GameObject),,Fentanyl Lollipop(Clone) (UnityEngine.GameObject),Fentanyl Lollipop,
PLAYER_POSITIONS,311553,6/26/2026 11:35:26 AM,e7ca1105-8b8f-4dee-a332-17c93bb5c040,2.0,,,,,,,,,,,,,,,,,,,,,,,,,,,,,,,,,,,"(-15.1, 0.5, -0.9)","(-15.0, 0.8, -0.7)","(-14.9, 0.2, -0.6)",
PLAYER_POSITIONS,311553,6/26/2026 11:35:26 AM,e7ca1105-8b8f-4dee-a332-17c93bb5c040,2.0,,,,,,,,,,,,,,,,,,,,,,,,,,,,,,,,,,,"(-15.1, 0.5, -0.9)","(-15.0, 0.8, -0.7)","(-14.9, 0.2, -0.6)",
TOOL_HOVER,311870,6/26/2026 11:35:26 AM,e7ca1105-8b8f-4dee-a332-17c93bb5c040,2.0,,,,,,,,,,,,,,,,,,,,,,,,,,,,,,,,,,,,,,,,,,,,,,996,,Decompression Needle,
PLAYER_POSITIONS,312068,6/26/2026 11:35:26 AM,e7ca1105-8b8f-4dee-a332-17c93bb5c040,2.0,,,,,,,,,,,,,,,,,,,,,,,,,,,,,,,,,,,"(-15.1, 0.5, -0.8)","(-14.8, 0.8, -0.7)","(-14.6, 0.5, -0.5)",
PLAYER_POSITIONS,312068,6/26/2026 11:35:26 AM,e7ca1105-8b8f-4dee-a332-17c93bb5c040,2.0,,,,,,,,,,,,,,,,,,,,,,,,,,,,,,,,,,,"(-15.1, 0.5, -0.8)","(-14.8, 0.8, -0.7)","(-14.6, 0.5, -0.5)",
AUDIO_END,312373,6/26/2026 11:35:27 AM,e7ca1105-8b8f-4dee-a332-17c93bb5c040,2.0,delta squad moving,4.179592,
NARRATIVE_SECTION_END,312374,6/26/2026 11:35:27 AM,e7ca1105-8b8f-4dee-a332-17c93bb5c040,2.0,,,,,,,,,,,,,,,,,,Delta Squad Moving,33,
NARRATIVE_SECTION_START,312396,6/26/2026 11:35:27 AM,e7ca1105-8b8f-4dee-a332-17c93bb5c040,2.0,,,,,,,,,,,,,,,,,,Charges set delta stack up,34,
PLAYER_POSITIONS,312568,6/26/2026 11:35:27 AM,e7ca1105-8b8f-4dee-a332-17c93bb5c040,2.0,,,,,,,,,,,,,,,,,,,,,,,,,,,,,,,,,,,"(-15.1, 0.5, -0.8)","(-14.8, 0.8, -0.7)","(-14.6, 0.4, -0.5)",
PLAYER_POSITIONS,312568,6/26/2026 11:35:27 AM,e7ca1105-8b8f-4dee-a332-17c93bb5c040,2.0,,,,,,,,,,,,,,,,,,,,,,,,,,,,,,,,,,,"(-15.1, 0.5, -0.8)","(-14.8, 0.8, -0.7)","(-14.6, 0.4, -0.5)",
VOICE_CAPTURE,312679,6/26/2026 11:35:27 AM,e7ca1105-8b8f-4dee-a332-17c93bb5c040,2.0,,,,,,,,,,,,,,,,,,,,,,,,,,,,,,,,,,,,,,,,,,,,,,,,,,,NA,Thank you.,
TAG_SELECTED,312704,6/26/2026 11:35:27 AM,e7ca1105-8b8f-4dee-a332-17c93bb5c040,2.0,,,,,,,,,,,,,,,,,,,,,,,,,,,,,,,,,,,,,,,,,,green,
PLAYER_POSITIONS,313092,6/26/2026 11:35:27 AM,e7ca1105-8b8f-4dee-a332-17c93bb5c040,2.0,,,,,,,,,,,,,,,,,,,,,,,,,,,,,,,,,,,"(-15.1, 0.5, -0.8)","(-14.8, 0.8, -0.7)","(-14.7, 0.2, -0.6)",
PLAYER_POSITIONS,313092,6/26/2026 11:35:27 AM,e7ca1105-8b8f-4dee-a332-17c93bb5c040,2.0,,,,,,,,,,,,,,,,,,,,,,,,,,,,,,,,,,,"(-15.1, 0.5, -0.8)","(-14.8, 0.8, -0.7)","(-14.7, 0.2, -0.6)",
TAG_DISCARDED,313187,6/26/2026 11:35:27 AM,e7ca1105-8b8f-4dee-a332-17c93bb5c040,2.0,,,,,,,,,,,,,,,,,,,,,,,,,,,,,,,,,,,,"(-14.7, 0.2, -0.6)",,,,,,green,
VOICE_CAPTURE,313216,6/26/2026 11:35:27 AM,e7ca1105-8b8f-4dee-a332-17c93bb5c040,2.0,,,,,,,,,,,,,,,,,,,,,,,,,,,,,,,,,,,,,,,,,,,,,,,,,,,NA,You're welcome.,
PLAYER_POSITIONS,313618,6/26/2026 11:35:28 AM,e7ca1105-8b8f-4dee-a332-17c93bb5c040,2.0,,,,,,,,,,,,,,,,,,,,,,,,,,,,,,,,,,,"(-15.1, 0.5, -0.8)","(-14.8, 0.8, -0.7)","(-14.9, 0.4, -0.6)",
PLAYER_POSITIONS,313618,6/26/2026 11:35:28 AM,e7ca1105-8b8f-4dee-a332-17c93bb5c040,2.0,,,,,,,,,,,,,,,,,,,,,,,,,,,,,,,,,,,"(-15.1, 0.5, -0.8)","(-14.8, 0.8, -0.7)","(-14.9, 0.4, -0.6)",
VOICE_CAPTURE,313717,6/26/2026 11:35:28 AM,e7ca1105-8b8f-4dee-a332-17c93bb5c040,2.0,,,,,,,,,,,,,,,,,,,,,,,,,,,,,,,,,,,,,,,,,,,,,,,,,,,NA,You're welcome.,
VOICE_CAPTURE,313717,6/26/2026 11:35:28 AM,e7ca1105-8b8f-4dee-a332-17c93bb5c040,2.0,,,,,,,,,,,,,,,,,,,,,,,,,,,,,,,,,,,,,,,,,,,,,,,,,,,NA,You're welcome.,
TAG_SELECTED,314019,6/26/2026 11:35:28 AM,e7ca1105-8b8f-4dee-a332-17c93bb5c040,2.0,,,,,,,,,,,,,,,,,,,,,,,,,,,,,,,,,,,,,,,,,,yellow,
PLAYER_POSITIONS,314132,6/26/2026 11:35:28 AM,e7ca1105-8b8f-4dee-a332-17c93bb5c040,2.0,,,,,,,,,,,,,,,,,,,,,,,,,,,,,,,,,,,"(-15.1, 0.5, -0.8)","(-14.9, 0.8, -0.7)","(-15.0, 0.3, -0.5)",
PLAYER_POSITIONS,314132,6/26/2026 11:35:28 AM,e7ca1105-8b8f-4dee-a332-17c93bb5c040,2.0,,,,,,,,,,,,,,,,,,,,,,,,,,,,,,,,,,,"(-15.1, 0.5, -0.8)","(-14.9, 0.8, -0.7)","(-15.0, 0.3, -0.5)",
VOICE_CAPTURE,314201,6/26/2026 11:35:28 AM,e7ca1105-8b8f-4dee-a332-17c93bb5c040,2.0,,,,,,,,,,,,,,,,,,,,,,,,,,,,,,,,,,,,,,,,,,,,,,,,,,,NA,You're welcome.,
PLAYER_POSITIONS,314646,6/26/2026 11:35:29 AM,e7ca1105-8b8f-4dee-a332-17c93bb5c040,2.0,,,,,,,,,,,,,,,,,,,,,,,,,,,,,,,,,,,"(-15.1, 0.5, -0.9)","(-14.8, 0.6, -0.7)","(-14.6, 0.0, -0.7)",
PLAYER_POSITIONS,314646,6/26/2026 11:35:29 AM,e7ca1105-8b8f-4dee-a332-17c93bb5c040,2.0,,,,,,,,,,,,,,,,,,,,,,,,,,,,,,,,,,,"(-15.1, 0.5, -0.9)","(-14.8, 0.6, -0.7)","(-14.6, 0.0, -0.7)",
VOICE_CAPTURE,314716,6/26/2026 11:35:29 AM,e7ca1105-8b8f-4dee-a332-17c93bb5c040,2.0,,,,,,,,,,,,,,,,,,,,,,,,,,,,,,,,,,,,,,,,,,,,,,,,,,,NA,You're welcome.,
TAG_APPLIED,315176,6/26/2026 11:35:29 AM,e7ca1105-8b8f-4dee-a332-17c93bb5c040,2.0,,,,,,,,,,,,,,,,,,,,,,,,Civilian PT 15,,,,,,,,,,,,,,,,,,yellow,
PLAYER_POSITIONS,315179,6/26/2026 11:35:29 AM,e7ca1105-8b8f-4dee-a332-17c93bb5c040,2.0,,,,,,,,,,,,,,,,,,,,,,,,,,,,,,,,,,,"(-15.1, 0.5, -0.9)","(-14.9, 0.6, -0.6)","(-14.6, 0.0, -0.9)",
PLAYER_POSITIONS,315179,6/26/2026 11:35:29 AM,e7ca1105-8b8f-4dee-a332-17c93bb5c040,2.0,,,,,,,,,,,,,,,,,,,,,,,,,,,,,,,,,,,"(-15.1, 0.5, -0.9)","(-14.9, 0.6, -0.6)","(-14.6, 0.0, -0.9)",
AUDIO_START,315395,6/26/2026 11:35:30 AM,e7ca1105-8b8f-4dee-a332-17c93bb5c040,2.0,charges set delta stack up,3.709388,
PLAYER_POSITIONS,315703,6/26/2026 11:35:30 AM,e7ca1105-8b8f-4dee-a332-17c93bb5c040,2.0,,,,,,,,,,,,,,,,,,,,,,,,,,,,,,,,,,,"(-15.1, 0.5, -0.8)","(-14.9, 0.8, -0.7)","(-14.7, 0.0, -0.7)",
PLAYER_POSITIONS,315703,6/26/2026 11:35:30 AM,e7ca1105-8b8f-4dee-a332-17c93bb5c040,2.0,,,,,,,,,,,,,,,,,,,,,,,,,,,,,,,,,,,"(-15.1, 0.5, -0.8)","(-14.9, 0.8, -0.7)","(-14.7, 0.0, -0.7)",
BAG_CLOSED,315965,6/26/2026 11:35:30 AM,e7ca1105-8b8f-4dee-a332-17c93bb5c040,2.0,,,,,,,,,,,,,,,,,,,,,,,,,,,,,,,,,,,,"(0.0, 0.0, 0.0)",
PLAYER_POSITIONS,316203,6/26/2026 11:35:30 AM,e7ca1105-8b8f-4dee-a332-17c93bb5c040,2.0,,,,,,,,,,,,,,,,,,,,,,,,,,,,,,,,,,,"(-15.0, 0.5, -0.9)","(-14.8, 0.9, -1.1)","(-14.7, 0.2, -0.7)",
PLAYER_GAZE,316203,6/26/2026 11:35:30 AM,e7ca1105-8b8f-4dee-a332-17c93bb5c040,2.0,,,,,,,,,,,,,,,,,,,,,,,,Civilian PT 8,,,,,,,,,"(1.0, 0.9, 0.8)",,,"(-15.8, 0.0, -1.8)",
PLAYER_POSITIONS,316203,6/26/2026 11:35:30 AM,e7ca1105-8b8f-4dee-a332-17c93bb5c040,2.0,,,,,,,,,,,,,,,,,,,,,,,,,,,,,,,,,,,"(-15.0, 0.5, -0.9)","(-14.8, 0.9, -1.1)","(-14.7, 0.2, -0.7)",
PLAYER_GAZE,316203,6/26/2026 11:35:30 AM,e7ca1105-8b8f-4dee-a332-17c93bb5c040,2.0,,,,,,,,,,,,,,,,,,,,,,,,Civilian PT 8,,,,,,,,,"(1.0, 0.9, 0.8)",,,"(-15.8, 0.0, -1.8)",
PATIENT_DISENGAGED,316715,6/26/2026 11:35:31 AM,e7ca1105-8b8f-4dee-a332-17c93bb5c040,2.0,,,,19.13,,,,,,,,,,,,,,,,fast,100,Infinity,normal,Civilian PT 15,upset,supine,"(-14.4, -0.1, -0.3)",fast,"(0.0, 0.8, 0.0, 0.6)",normal,IMMEDIATE,still,,,,,,,,,,,,,,,,,19.13,
PATIENT_ENGAGED,316715,6/26/2026 11:35:31 AM,e7ca1105-8b8f-4dee-a332-17c93bb5c040,2.0,,,,0,,,,,,,,,,,,,,,,fast,100,Infinity,normal,Civilian PT 8,upset,sittingGround,"(-15.8, -0.1, -1.8)",fast,"(0.0, 0.4, 0.0, 0.9)",normal,IMMEDIATE,still,,,,,,,,,,,,,,,,,0,
PLAYER_POSITIONS,316717,6/26/2026 11:35:31 AM,e7ca1105-8b8f-4dee-a332-17c93bb5c040,2.0,,,,,,,,,,,,,,,,,,,,,,,,,,,,,,,,,,,"(-14.7, 0.5, -1.7)","(-14.5, 0.9, -1.7)","(-14.5, 0.2, -1.4)",
PLAYER_POSITIONS,316717,6/26/2026 11:35:31 AM,e7ca1105-8b8f-4dee-a332-17c93bb5c040,2.0,,,,,,,,,,,,,,,,,,,,,,,,,,,,,,,,,,,"(-14.7, 0.5, -1.7)","(-14.5, 0.9, -1.7)","(-14.5, 0.2, -1.4)",
PLAYER_POSITIONS,317246,6/26/2026 11:35:31 AM,e7ca1105-8b8f-4dee-a332-17c93bb5c040,2.0,,,,,,,,,,,,,,,,,,,,,,,,,,,,,,,,,,,"(-15.4, 0.5, -2.2)","(-15.2, 0.9, -2.2)","(-15.2, 0.5, -1.9)",
PLAYER_GAZE,317246,6/26/2026 11:35:31 AM,e7ca1105-8b8f-4dee-a332-17c93bb5c040,2.0,,,,,,,,,,,,,,,,,,,,,,,,Civilian PT 8,,,,,,,,,"(0.6, 0.9, -0.3)",,,"(-15.8, 0.0, -1.8)",
PLAYER_POSITIONS,317246,6/26/2026 11:35:31 AM,e7ca1105-8b8f-4dee-a332-17c93bb5c040,2.0,,,,,,,,,,,,,,,,,,,,,,,,,,,,,,,,,,,"(-15.4, 0.5, -2.2)","(-15.2, 0.9, -2.2)","(-15.2, 0.5, -1.9)",
PLAYER_GAZE,317246,6/26/2026 11:35:31 AM,e7ca1105-8b8f-4dee-a332-17c93bb5c040,2.0,,,,,,,,,,,,,,,,,,,,,,,,Civilian PT 8,,,,,,,,,"(0.6, 0.9, -0.3)",,,"(-15.8, 0.0, -1.8)",
PLAYER_POSITIONS,317759,6/26/2026 11:35:32 AM,e7ca1105-8b8f-4dee-a332-17c93bb5c040,2.0,,,,,,,,,,,,,,,,,,,,,,,,,,,,,,,,,,,"(-15.4, 0.5, -2.1)","(-15.3, 0.9, -2.1)","(-15.4, 0.3, -1.8)",
PLAYER_GAZE,317759,6/26/2026 11:35:32 AM,e7ca1105-8b8f-4dee-a332-17c93bb5c040,2.0,,,,,,,,,,,,,,,,,,,,,,,,Civilian PT 8,,,,,,,,,"(0.5, 0.9, -0.3)",,,"(-15.8, 0.0, -1.8)",
PLAYER_POSITIONS,317759,6/26/2026 11:35:32 AM,e7ca1105-8b8f-4dee-a332-17c93bb5c040,2.0,,,,,,,,,,,,,,,,,,,,,,,,,,,,,,,,,,,"(-15.4, 0.5, -2.1)","(-15.3, 0.9, -2.1)","(-15.4, 0.3, -1.8)",
PLAYER_GAZE,317759,6/26/2026 11:35:32 AM,e7ca1105-8b8f-4dee-a332-17c93bb5c040,2.0,,,,,,,,,,,,,,,,,,,,,,,,Civilian PT 8,,,,,,,,,"(0.5, 0.9, -0.3)",,,"(-15.8, 0.0, -1.8)",
PLAYER_POSITIONS,318286,6/26/2026 11:35:33 AM,e7ca1105-8b8f-4dee-a332-17c93bb5c040,2.0,,,,,,,,,,,,,,,,,,,,,,,,,,,,,,,,,,,"(-15.4, 0.5, -2.1)","(-15.3, 0.9, -2.1)","(-15.3, 0.4, -1.7)",
PLAYER_POSITIONS,318286,6/26/2026 11:35:33 AM,e7ca1105-8b8f-4dee-a332-17c93bb5c040,2.0,,,,,,,,,,,,,,,,,,,,,,,,,,,,,,,,,,,"(-15.4, 0.5, -2.1)","(-15.3, 0.9, -2.1)","(-15.3, 0.4, -1.7)",
TOOL_HOVER,318686,6/26/2026 11:35:33 AM,e7ca1105-8b8f-4dee-a332-17c93bb5c040,2.0,,,,,,,,,,,,,,,,,,,,,,,,,,,,,,,,,,,,,,,,,,,,,,996,,Tourniquet,
TOOL_SELECTED,318812,6/26/2026 11:35:33 AM,e7ca1105-8b8f-4dee-a332-17c93bb5c040,2.0,,,,,,,,,,,,,,,,,,,,,,,,,,,,,,,,,,,,,,,,,,,,,,995,,Tourniquet,
PLAYER_POSITIONS,318815,6/26/2026 11:35:33 AM,e7ca1105-8b8f-4dee-a332-17c93bb5c040,2.0,,,,,,,,,,,,,,,,,,,,,,,,,,,,,,,,,,,"(-15.4, 0.5, -2.1)","(-15.3, 0.9, -2.1)","(-15.6, 0.3, -1.8)",
PLAYER_GAZE,318815,6/26/2026 11:35:33 AM,e7ca1105-8b8f-4dee-a332-17c93bb5c040,2.0,,,,,,,,,,,,,,,,,,,,,,,,Civilian PT 8,,,,,,,,,"(0.4, 0.9, -0.2)",,,"(-15.8, 0.0, -1.8)",
PLAYER_POSITIONS,318815,6/26/2026 11:35:33 AM,e7ca1105-8b8f-4dee-a332-17c93bb5c040,2.0,,,,,,,,,,,,,,,,,,,,,,,,,,,,,,,,,,,"(-15.4, 0.5, -2.1)","(-15.3, 0.9, -2.1)","(-15.6, 0.3, -1.8)",
PLAYER_GAZE,318815,6/26/2026 11:35:33 AM,e7ca1105-8b8f-4dee-a332-17c93bb5c040,2.0,,,,,,,,,,,,,,,,,,,,,,,,Civilian PT 8,,,,,,,,,"(0.4, 0.9, -0.2)",,,"(-15.8, 0.0, -1.8)",
AUDIO_END,319118,6/26/2026 11:35:33 AM,e7ca1105-8b8f-4dee-a332-17c93bb5c040,2.0,charges set delta stack up,3.709388,
NARRATIVE_SECTION_END,319118,6/26/2026 11:35:33 AM,e7ca1105-8b8f-4dee-a332-17c93bb5c040,2.0,,,,,,,,,,,,,,,,,,Charges set delta stack up,34,
NARRATIVE_SECTION_START,319142,6/26/2026 11:35:33 AM,e7ca1105-8b8f-4dee-a332-17c93bb5c040,2.0,,,,,,,,,,,,,,,,,,Breach and clear,35,
VOICE_CAPTURE,319230,6/26/2026 11:35:33 AM,e7ca1105-8b8f-4dee-a332-17c93bb5c040,2.0,,,,,,,,,,,,,,,,,,,,,,,,,,,,,,,,,,,,,,,,,,,,,,,,,,,NA,Thank you.,
PLAYER_POSITIONS,319340,6/26/2026 11:35:34 AM,e7ca1105-8b8f-4dee-a332-17c93bb5c040,2.0,,,,,,,,,,,,,,,,,,,,,,,,,,,,,,,,,,,"(-15.4, 0.5, -2.2)","(-15.4, 0.9, -2.2)","(-15.6, 0.4, -2.2)",
PLAYER_POSITIONS,319340,6/26/2026 11:35:34 AM,e7ca1105-8b8f-4dee-a332-17c93bb5c040,2.0,,,,,,,,,,,,,,,,,,,,,,,,,,,,,,,,,,,"(-15.4, 0.5, -2.2)","(-15.4, 0.9, -2.2)","(-15.6, 0.4, -2.2)",
VOICE_CAPTURE,319720,6/26/2026 11:35:34 AM,e7ca1105-8b8f-4dee-a332-17c93bb5c040,2.0,,,,,,,,,,,,,,,,,,,,,,,,,,,,,,,,,,,,,,,,,,,,,,,,,,,NA,Yep.,
INJURY_TREATED,319828,6/26/2026 11:35:34 AM,e7ca1105-8b8f-4dee-a332-17c93bb5c040,2.0,,,,,,,,,rightArm,R Arm Amputation,"(-15.6, 0.3, -2.2)",tourniquet,1,1,high,True,True,,,,,,,Civilian PT 8,
TOOL_APPLIED,319828,6/26/2026 11:35:34 AM,e7ca1105-8b8f-4dee-a332-17c93bb5c040,2.0,,,,,,,,,,,,,,,,,,,,,,,,Civilian PT 8,,,,,,,,,,,,,,,,,,,,AppliedTourniquet,RightArm (UnityEngine.GameObject),,Tourniquet(Clone) (UnityEngine.GameObject),Tourniquet,
PLAYER_POSITIONS,319855,6/26/2026 11:35:34 AM,e7ca1105-8b8f-4dee-a332-17c93bb5c040,2.0,,,,,,,,,,,,,,,,,,,,,,,,,,,,,,,,,,,"(-15.5, 0.4, -2.2)","(-15.4, 0.9, -2.3)","(-15.7, 0.4, -2.2)",
PLAYER_POSITIONS,319855,6/26/2026 11:35:34 AM,e7ca1105-8b8f-4dee-a332-17c93bb5c040,2.0,,,,,,,,,,,,,,,,,,,,,,,,,,,,,,,,,,,"(-15.5, 0.4, -2.2)","(-15.4, 0.9, -2.3)","(-15.7, 0.4, -2.2)",
VOICE_CAPTURE,320229,6/26/2026 11:35:34 AM,e7ca1105-8b8f-4dee-a332-17c93bb5c040,2.0,,,,,,,,,,,,,,,,,,,,,,,,,,,,,,,,,,,,,,,,,,,,,,,,,,,NA,"Yep, hang on.",
PLAYER_POSITIONS,320368,6/26/2026 11:35:35 AM,e7ca1105-8b8f-4dee-a332-17c93bb5c040,2.0,,,,,,,,,,,,,,,,,,,,,,,,,,,,,,,,,,,"(-15.5, 0.4, -2.2)","(-15.4, 0.9, -2.2)","(-15.5, 0.4, -2.0)",
PLAYER_GAZE,320368,6/26/2026 11:35:35 AM,e7ca1105-8b8f-4dee-a332-17c93bb5c040,2.0,,,,,,,,,,,,,,,,,,,,,,,,Civilian PT 8,,,,,,,,,"(0.4, 0.9, -0.4)",,,"(-15.8, 0.0, -1.8)",
PLAYER_POSITIONS,320368,6/26/2026 11:35:35 AM,e7ca1105-8b8f-4dee-a332-17c93bb5c040,2.0,,,,,,,,,,,,,,,,,,,,,,,,,,,,,,,,,,,"(-15.5, 0.4, -2.2)","(-15.4, 0.9, -2.2)","(-15.5, 0.4, -2.0)",
PLAYER_GAZE,320368,6/26/2026 11:35:35 AM,e7ca1105-8b8f-4dee-a332-17c93bb5c040,2.0,,,,,,,,,,,,,,,,,,,,,,,,Civilian PT 8,,,,,,,,,"(0.4, 0.9, -0.4)",,,"(-15.8, 0.0, -1.8)",
VOICE_CAPTURE,320729,6/26/2026 11:35:35 AM,e7ca1105-8b8f-4dee-a332-17c93bb5c040,2.0,,,,,,,,,,,,,,,,,,,,,,,,,,,,,,,,,,,,,,,,,,,,,,,,,,,NA,"Yep, hang on.",
VOICE_CAPTURE,320729,6/26/2026 11:35:35 AM,e7ca1105-8b8f-4dee-a332-17c93bb5c040,2.0,,,,,,,,,,,,,,,,,,,,,,,,,,,,,,,,,,,,,,,,,,,,,,,,,,,NA,"Yep, hang on.",
PLAYER_POSITIONS,320868,6/26/2026 11:35:35 AM,e7ca1105-8b8f-4dee-a332-17c93bb5c040,2.0,,,,,,,,,,,,,,,,,,,,,,,,,,,,,,,,,,,"(-15.6, 0.4, -2.2)","(-15.3, 0.9, -2.1)","(-15.3, 0.6, -1.6)",
PLAYER_POSITIONS,320868,6/26/2026 11:35:35 AM,e7ca1105-8b8f-4dee-a332-17c93bb5c040,2.0,,,,,,,,,,,,,,,,,,,,,,,,,,,,,,,,,,,"(-15.6, 0.4, -2.2)","(-15.3, 0.9, -2.1)","(-15.3, 0.6, -1.6)",
TOOL_HOVER,321184,6/26/2026 11:35:35 AM,e7ca1105-8b8f-4dee-a332-17c93bb5c040,2.0,,,,,,,,,,,,,,,,,,,,,,,,,,,,,,,,,,,,,,,,,,,,,,997,,IV Blood,
VOICE_CAPTURE,321230,6/26/2026 11:35:35 AM,e7ca1105-8b8f-4dee-a332-17c93bb5c040,2.0,,,,,,,,,,,,,,,,,,,,,,,,,,,,,,,,,,,,,,,,,,,,,,,,,,,NA,I gotcha.,
TOOL_HOVER,321254,6/26/2026 11:35:35 AM,e7ca1105-8b8f-4dee-a332-17c93bb5c040,2.0,,,,,,,,,,,,,,,,,,,,,,,,,,,,,,,,,,,,,,,,,,,,,,998,,Antibiotics,
TOOL_HOVER,321381,6/26/2026 11:35:36 AM,e7ca1105-8b8f-4dee-a332-17c93bb5c040,2.0,,,,,,,,,,,,,,,,,,,,,,,,,,,,,,,,,,,,,,,,,,,,,,997,,IV Blood,
PLAYER_POSITIONS,321384,6/26/2026 11:35:36 AM,e7ca1105-8b8f-4dee-a332-17c93bb5c040,2.0,,,,,,,,,,,,,,,,,,,,,,,,,,,,,,,,,,,"(-15.5, 0.4, -2.2)","(-15.3, 0.9, -2.0)","(-15.3, 0.6, -1.5)",
PLAYER_POSITIONS,321384,6/26/2026 11:35:36 AM,e7ca1105-8b8f-4dee-a332-17c93bb5c040,2.0,,,,,,,,,,,,,,,,,,,,,,,,,,,,,,,,,,,"(-15.5, 0.4, -2.2)","(-15.3, 0.9, -2.0)","(-15.3, 0.6, -1.5)",
VOICE_CAPTURE,321715,6/26/2026 11:35:36 AM,e7ca1105-8b8f-4dee-a332-17c93bb5c040,2.0,,,,,,,,,,,,,,,,,,,,,,,,,,,,,,,,,,,,,,,,,,,,,,,,,,,NA,"I gotcha. Hang on, I got you, I got you.",
TOOL_HOVER,321764,6/26/2026 11:35:36 AM,e7ca1105-8b8f-4dee-a332-17c93bb5c040,2.0,,,,,,,,,,,,,,,,,,,,,,,,,,,,,,,,,,,,,,,,,,,,,,998,,Blanket,
PLAYER_POSITIONS,321907,6/26/2026 11:35:36 AM,e7ca1105-8b8f-4dee-a332-17c93bb5c040,2.0,,,,,,,,,,,,,,,,,,,,,,,,,,,,,,,,,,,"(-15.5, 0.4, -2.2)","(-15.3, 0.9, -2.0)","(-15.4, 0.5, -1.5)",
PLAYER_POSITIONS,321907,6/26/2026 11:35:36 AM,e7ca1105-8b8f-4dee-a332-17c93bb5c040,2.0,,,,,,,,,,,,,,,,,,,,,,,,,,,,,,,,,,,"(-15.5, 0.4, -2.2)","(-15.3, 0.9, -2.0)","(-15.4, 0.5, -1.5)",
TOOL_HOVER,322069,6/26/2026 11:35:36 AM,e7ca1105-8b8f-4dee-a332-17c93bb5c040,2.0,,,,,,,,,,,,,,,,,,,,,,,,,,,,,,,,,,,,,,,,,,,,,,998,,Burn Dressing,
TOOL_HOVER,322169,6/26/2026 11:35:36 AM,e7ca1105-8b8f-4dee-a332-17c93bb5c040,2.0,,,,,,,,,,,,,,,,,,,,,,,,,,,,,,,,,,,,,,,,,,,,,,998,,Chest Seal,
VOICE_CAPTURE,322213,6/26/2026 11:35:36 AM,e7ca1105-8b8f-4dee-a332-17c93bb5c040,2.0,,,,,,,,,,,,,,,,,,,,,,,,,,,,,,,,,,,,,,,,,,,,,,,,,,,NA,"I gotcha. Hang on, I got you, I got you.",
VOICE_CAPTURE,322213,6/26/2026 11:35:36 AM,e7ca1105-8b8f-4dee-a332-17c93bb5c040,2.0,,,,,,,,,,,,,,,,,,,,,,,,,,,,,,,,,,,,,,,,,,,,,,,,,,,NA,"I gotcha. Hang on, I got you, I got you.",
TOOL_SELECTED,322349,6/26/2026 11:35:37 AM,e7ca1105-8b8f-4dee-a332-17c93bb5c040,2.0,,,,,,,,,,,,,,,,,,,,,,,,,,,,,,,,,,,,,,,,,,,,,,997,,Chest Seal,
PLAYER_POSITIONS,322434,6/26/2026 11:35:37 AM,e7ca1105-8b8f-4dee-a332-17c93bb5c040,2.0,,,,,,,,,,,,,,,,,,,,,,,,,,,,,,,,,,,"(-15.5, 0.4, -2.2)","(-15.3, 0.9, -2.0)","(-15.6, 0.5, -1.5)",
PLAYER_POSITIONS,322434,6/26/2026 11:35:37 AM,e7ca1105-8b8f-4dee-a332-17c93bb5c040,2.0,,,,,,,,,,,,,,,,,,,,,,,,,,,,,,,,,,,"(-15.5, 0.4, -2.2)","(-15.3, 0.9, -2.0)","(-15.6, 0.5, -1.5)",
PLAYER_POSITIONS,322960,6/26/2026 11:35:37 AM,e7ca1105-8b8f-4dee-a332-17c93bb5c040,2.0,,,,,,,,,,,,,,,,,,,,,,,,,,,,,,,,,,,"(-15.5, 0.4, -2.2)","(-15.4, 0.8, -2.2)","(-15.6, 0.4, -2.2)",
PLAYER_POSITIONS,322960,6/26/2026 11:35:37 AM,e7ca1105-8b8f-4dee-a332-17c93bb5c040,2.0,,,,,,,,,,,,,,,,,,,,,,,,,,,,,,,,,,,"(-15.5, 0.4, -2.2)","(-15.4, 0.8, -2.2)","(-15.6, 0.4, -2.2)",
AUDIO_START,323139,6/26/2026 11:35:37 AM,e7ca1105-8b8f-4dee-a332-17c93bb5c040,2.0,breach and clear,2.66449,
INJURY_TREATED,323405,6/26/2026 11:35:38 AM,e7ca1105-8b8f-4dee-a332-17c93bb5c040,2.0,,,,,,,,,chest,R Shoulder Puncture,"(-15.7, 0.4, -2.2)",woundpack,1,1,medium,True,True,,,,,,,Civilian PT 8,
TOOL_APPLIED,323406,6/26/2026 11:35:38 AM,e7ca1105-8b8f-4dee-a332-17c93bb5c040,2.0,,,,,,,,,,,,,,,,,,,,,,,,Civilian PT 8,,,,,,,,,,,,,,,,,,,,AppliedChestSeal,skinCollider_BodyLOD (UnityEngine.GameObject),,Chest Seal(Clone) (UnityEngine.GameObject),Chest Seal,
PLAYER_POSITIONS,323460,6/26/2026 11:35:38 AM,e7ca1105-8b8f-4dee-a332-17c93bb5c040,2.0,,,,,,,,,,,,,,,,,,,,,,,,,,,,,,,,,,,"(-15.5, 0.4, -2.3)","(-15.4, 0.9, -2.2)","(-15.7, 0.4, -2.2)",
PLAYER_POSITIONS,323460,6/26/2026 11:35:38 AM,e7ca1105-8b8f-4dee-a332-17c93bb5c040,2.0,,,,,,,,,,,,,,,,,,,,,,,,,,,,,,,,,,,"(-15.5, 0.4, -2.3)","(-15.4, 0.9, -2.2)","(-15.7, 0.4, -2.2)",
PLAYER_POSITIONS,323988,6/26/2026 11:35:38 AM,e7ca1105-8b8f-4dee-a332-17c93bb5c040,2.0,,,,,,,,,,,,,,,,,,,,,,,,,,,,,,,,,,,"(-15.5, 0.4, -2.2)","(-15.4, 0.9, -2.2)","(-15.6, 0.5, -1.9)",
PLAYER_POSITIONS,323988,6/26/2026 11:35:38 AM,e7ca1105-8b8f-4dee-a332-17c93bb5c040,2.0,,,,,,,,,,,,,,,,,,,,,,,,,,,,,,,,,,,"(-15.5, 0.4, -2.2)","(-15.4, 0.9, -2.2)","(-15.6, 0.5, -1.9)",
TOOL_HOVER,324069,6/26/2026 11:35:38 AM,e7ca1105-8b8f-4dee-a332-17c93bb5c040,2.0,,,,,,,,,,,,,,,,,,,,,,,,,,,,,,,,,,,,,,,,,,,,,,995,,Tourniquet,
PLAYER_POSITIONS,324489,6/26/2026 11:35:39 AM,e7ca1105-8b8f-4dee-a332-17c93bb5c040,2.0,,,,,,,,,,,,,,,,,,,,,,,,,,,,,,,,,,,"(-15.5, 0.4, -2.2)","(-15.4, 0.9, -2.1)","(-15.4, 0.6, -1.6)",
PLAYER_POSITIONS,324489,6/26/2026 11:35:39 AM,e7ca1105-8b8f-4dee-a332-17c93bb5c040,2.0,,,,,,,,,,,,,,,,,,,,,,,,,,,,,,,,,,,"(-15.5, 0.4, -2.2)","(-15.4, 0.9, -2.1)","(-15.4, 0.6, -1.6)",
BAG_CLOSED,324693,6/26/2026 11:35:39 AM,e7ca1105-8b8f-4dee-a332-17c93bb5c040,2.0,,,,,,,,,,,,,,,,,,,,,,,,,,,,,,,,,,,,"(0.0, 0.0, 0.0)",
PLAYER_POSITIONS,325015,6/26/2026 11:35:39 AM,e7ca1105-8b8f-4dee-a332-17c93bb5c040,2.0,,,,,,,,,,,,,,,,,,,,,,,,,,,,,,,,,,,"(-15.6, 0.4, -1.9)","(-15.5, 0.8, -1.9)","(-15.5, 0.4, -1.6)",
PLAYER_GAZE,325015,6/26/2026 11:35:39 AM,e7ca1105-8b8f-4dee-a332-17c93bb5c040,2.0,,,,,,,,,,,,,,,,,,,,,,,,Civilian PT 8,,,,,,,,,"(0.3, 0.8, 0.0)",,,"(-15.8, 0.0, -1.8)",
PLAYER_POSITIONS,325015,6/26/2026 11:35:39 AM,e7ca1105-8b8f-4dee-a332-17c93bb5c040,2.0,,,,,,,,,,,,,,,,,,,,,,,,,,,,,,,,,,,"(-15.6, 0.4, -1.9)","(-15.5, 0.8, -1.9)","(-15.5, 0.4, -1.6)",
PLAYER_GAZE,325015,6/26/2026 11:35:39 AM,e7ca1105-8b8f-4dee-a332-17c93bb5c040,2.0,,,,,,,,,,,,,,,,,,,,,,,,Civilian PT 8,,,,,,,,,"(0.3, 0.8, 0.0)",,,"(-15.8, 0.0, -1.8)",
PLAYER_POSITIONS,325543,6/26/2026 11:35:40 AM,e7ca1105-8b8f-4dee-a332-17c93bb5c040,2.0,,,,,,,,,,,,,,,,,,,,,,,,,,,,,,,,,,,"(-15.6, 0.4, -1.8)","(-15.6, 0.8, -1.7)","(-15.6, 0.5, -1.5)",
PLAYER_GAZE,325543,6/26/2026 11:35:40 AM,e7ca1105-8b8f-4dee-a332-17c93bb5c040,2.0,,,,,,,,,,,,,,,,,,,,,,,,Civilian PT 8,,,,,,,,,"(0.2, 0.8, 0.1)",,,"(-15.8, 0.0, -1.8)",
PLAYER_POSITIONS,325543,6/26/2026 11:35:40 AM,e7ca1105-8b8f-4dee-a332-17c93bb5c040,2.0,,,,,,,,,,,,,,,,,,,,,,,,,,,,,,,,,,,"(-15.6, 0.4, -1.8)","(-15.6, 0.8, -1.7)","(-15.6, 0.5, -1.5)",
PLAYER_GAZE,325543,6/26/2026 11:35:40 AM,e7ca1105-8b8f-4dee-a332-17c93bb5c040,2.0,,,,,,,,,,,,,,,,,,,,,,,,Civilian PT 8,,,,,,,,,"(0.2, 0.8, 0.1)",,,"(-15.8, 0.0, -1.8)",
AUDIO_END,325808,6/26/2026 11:35:40 AM,e7ca1105-8b8f-4dee-a332-17c93bb5c040,2.0,breach and clear,2.66449,
NARRATIVE_SECTION_END,325809,6/26/2026 11:35:40 AM,e7ca1105-8b8f-4dee-a332-17c93bb5c040,2.0,,,,,,,,,,,,,,,,,,Breach and clear,35,
NARRATIVE_SECTION_START,325831,6/26/2026 11:35:40 AM,e7ca1105-8b8f-4dee-a332-17c93bb5c040,2.0,,,,,,,,,,,,,,,,,,Delta 2 needs casevac,36,
PLAYER_POSITIONS,326045,6/26/2026 11:35:40 AM,e7ca1105-8b8f-4dee-a332-17c93bb5c040,2.0,,,,,,,,,,,,,,,,,,,,,,,,,,,,,,,,,,,"(-15.4, 0.4, -2.2)","(-15.3, 0.8, -2.2)","(-15.3, 0.5, -2.0)",
PLAYER_POSITIONS,326045,6/26/2026 11:35:40 AM,e7ca1105-8b8f-4dee-a332-17c93bb5c040,2.0,,,,,,,,,,,,,,,,,,,,,,,,,,,,,,,,,,,"(-15.4, 0.4, -2.2)","(-15.3, 0.8, -2.2)","(-15.3, 0.5, -2.0)",
PLAYER_POSITIONS,326560,6/26/2026 11:35:41 AM,e7ca1105-8b8f-4dee-a332-17c93bb5c040,2.0,,,,,,,,,,,,,,,,,,,,,,,,,,,,,,,,,,,"(-15.4, 0.4, -2.2)","(-15.3, 0.9, -2.2)","(-15.6, 0.5, -1.9)",
PLAYER_POSITIONS,326560,6/26/2026 11:35:41 AM,e7ca1105-8b8f-4dee-a332-17c93bb5c040,2.0,,,,,,,,,,,,,,,,,,,,,,,,,,,,,,,,,,,"(-15.4, 0.4, -2.2)","(-15.3, 0.9, -2.2)","(-15.6, 0.5, -1.9)",
PLAYER_POSITIONS,327078,6/26/2026 11:35:41 AM,e7ca1105-8b8f-4dee-a332-17c93bb5c040,2.0,,,,,,,,,,,,,,,,,,,,,,,,,,,,,,,,,,,"(-15.4, 0.4, -2.2)","(-15.2, 0.9, -2.1)","(-15.3, 0.5, -1.7)",
PLAYER_POSITIONS,327078,6/26/2026 11:35:41 AM,e7ca1105-8b8f-4dee-a332-17c93bb5c040,2.0,,,,,,,,,,,,,,,,,,,,,,,,,,,,,,,,,,,"(-15.4, 0.4, -2.2)","(-15.2, 0.9, -2.1)","(-15.3, 0.5, -1.7)",
TOOL_HOVER,327349,6/26/2026 11:35:42 AM,e7ca1105-8b8f-4dee-a332-17c93bb5c040,2.0,,,,,,,,,,,,,,,,,,,,,,,,,,,,,,,,,,,,,,,,,,,,,,996,,Decompression Needle,
PLAYER_POSITIONS,327574,6/26/2026 11:35:42 AM,e7ca1105-8b8f-4dee-a332-17c93bb5c040,2.0,,,,,,,,,,,,,,,,,,,,,,,,,,,,,,,,,,,"(-15.4, 0.4, -2.2)","(-15.2, 0.9, -2.1)","(-15.1, 0.7, -1.6)",
PLAYER_POSITIONS,327574,6/26/2026 11:35:42 AM,e7ca1105-8b8f-4dee-a332-17c93bb5c040,2.0,,,,,,,,,,,,,,,,,,,,,,,,,,,,,,,,,,,"(-15.4, 0.4, -2.2)","(-15.2, 0.9, -2.1)","(-15.1, 0.7, -1.6)",
VOICE_CAPTURE,327740,6/26/2026 11:35:42 AM,e7ca1105-8b8f-4dee-a332-17c93bb5c040,2.0,,,,,,,,,,,,,,,,,,,,,,,,,,,,,,,,,,,,,,,,,,,,,,,,,,,NA,What's your name?,
TOOL_SELECTED,327766,6/26/2026 11:35:42 AM,e7ca1105-8b8f-4dee-a332-17c93bb5c040,2.0,,,,,,,,,,,,,,,,,,,,,,,,,,,,,,,,,,,,,,,,,,,,,,995,,Decompression Needle,
PLAYER_POSITIONS,328102,6/26/2026 11:35:42 AM,e7ca1105-8b8f-4dee-a332-17c93bb5c040,2.0,,,,,,,,,,,,,,,,,,,,,,,,,,,,,,,,,,,"(-15.4, 0.4, -2.2)","(-15.2, 0.9, -2.1)","(-15.3, 0.6, -1.8)",
PLAYER_POSITIONS,328102,6/26/2026 11:35:42 AM,e7ca1105-8b8f-4dee-a332-17c93bb5c040,2.0,,,,,,,,,,,,,,,,,,,,,,,,,,,,,,,,,,,"(-15.4, 0.4, -2.2)","(-15.2, 0.9, -2.1)","(-15.3, 0.6, -1.8)",
VOICE_CAPTURE,328241,6/26/2026 11:35:42 AM,e7ca1105-8b8f-4dee-a332-17c93bb5c040,2.0,,,,,,,,,,,,,,,,,,,,,,,,,,,,,,,,,,,,,,,,,,,,,,,,,,,NA,What's your name?,
VOICE_CAPTURE,328241,6/26/2026 11:35:42 AM,e7ca1105-8b8f-4dee-a332-17c93bb5c040,2.0,,,,,,,,,,,,,,,,,,,,,,,,,,,,,,,,,,,,,,,,,,,,,,,,,,,NA,What's your name?,
VOICE_COMMAND,328241,6/26/2026 11:35:42 AM,e7ca1105-8b8f-4dee-a332-17c93bb5c040,2.0,,,,,,,,,,,,,,,,,,,,,,,,,,,,,,,,,,,,,,,,,,,,,,,,,,,What's your name?,what is your name,
PLAYER_POSITIONS,328634,6/26/2026 11:35:43 AM,e7ca1105-8b8f-4dee-a332-17c93bb5c040,2.0,,,,,,,,,,,,,,,,,,,,,,,,,,,,,,,,,,,"(-15.4, 0.4, -2.2)","(-15.2, 0.9, -2.1)","(-15.2, 0.7, -1.8)",
PLAYER_POSITIONS,328634,6/26/2026 11:35:43 AM,e7ca1105-8b8f-4dee-a332-17c93bb5c040,2.0,,,,,,,,,,,,,,,,,,,,,,,,,,,,,,,,,,,"(-15.4, 0.4, -2.2)","(-15.2, 0.9, -2.1)","(-15.2, 0.7, -1.8)",
TOOL_DISCARDED,328652,6/26/2026 11:35:43 AM,e7ca1105-8b8f-4dee-a332-17c93bb5c040,2.0,,,,,,,,,,,,,,,,,,,,,,,,Civilian PT 8,,,,,,,,,,,,"(0.0, 0.0, 0.0)",,,,,,,,,,995,,Decompression Needle,
TOOL_HOVER,328871,6/26/2026 11:35:43 AM,e7ca1105-8b8f-4dee-a332-17c93bb5c040,2.0,,,,,,,,,,,,,,,,,,,,,,,,,,,,,,,,,,,,,,,,,,,,,,996,,Decompression Needle,
TOOL_HOVER,328968,6/26/2026 11:35:43 AM,e7ca1105-8b8f-4dee-a332-17c93bb5c040,2.0,,,,,,,,,,,,,,,,,,,,,,,,,,,,,,,,,,,,,,,,,,,,,,993,,Fentanyl Lollipop,
PLAYER_POSITIONS,329138,6/26/2026 11:35:43 AM,e7ca1105-8b8f-4dee-a332-17c93bb5c040,2.0,,,,,,,,,,,,,,,,,,,,,,,,,,,,,,,,,,,"(-15.4, 0.4, -2.2)","(-15.2, 0.9, -2.1)","(-15.1, 0.7, -1.6)",
PLAYER_POSITIONS,329138,6/26/2026 11:35:43 AM,e7ca1105-8b8f-4dee-a332-17c93bb5c040,2.0,,,,,,,,,,,,,,,,,,,,,,,,,,,,,,,,,,,"(-15.4, 0.4, -2.2)","(-15.2, 0.9, -2.1)","(-15.1, 0.7, -1.6)",
VOICE_CAPTURE,329222,6/26/2026 11:35:43 AM,e7ca1105-8b8f-4dee-a332-17c93bb5c040,2.0,,,,,,,,,,,,,,,,,,,,,,,,,,,,,,,,,,,,,,,,,,,,,,,,,,,NA,What's your name?,
TOOL_SELECTED,329275,6/26/2026 11:35:44 AM,e7ca1105-8b8f-4dee-a332-17c93bb5c040,2.0,,,,,,,,,,,,,,,,,,,,,,,,,,,,,,,,,,,,,,,,,,,,,,992,,Fentanyl Lollipop,
PLAYER_POSITIONS,329679,6/26/2026 11:35:44 AM,e7ca1105-8b8f-4dee-a332-17c93bb5c040,2.0,,,,,,,,,,,,,,,,,,,,,,,,,,,,,,,,,,,"(-15.4, 0.4, -2.2)","(-15.3, 0.9, -2.2)","(-15.4, 0.5, -1.9)",
PLAYER_POSITIONS,329679,6/26/2026 11:35:44 AM,e7ca1105-8b8f-4dee-a332-17c93bb5c040,2.0,,,,,,,,,,,,,,,,,,,,,,,,,,,,,,,,,,,"(-15.4, 0.4, -2.2)","(-15.3, 0.9, -2.2)","(-15.4, 0.5, -1.9)",
VOICE_CAPTURE,329721,6/26/2026 11:35:44 AM,e7ca1105-8b8f-4dee-a332-17c93bb5c040,2.0,,,,,,,,,,,,,,,,,,,,,,,,,,,,,,,,,,,,,,,,,,,,,,,,,,,NA,What's your name?,
AUDIO_START,329838,6/26/2026 11:35:44 AM,e7ca1105-8b8f-4dee-a332-17c93bb5c040,2.0,delta 2 needs casevac,4.571429,
PLAYER_POSITIONS,330220,6/26/2026 11:35:44 AM,e7ca1105-8b8f-4dee-a332-17c93bb5c040,2.0,,,,,,,,,,,,,,,,,,,,,,,,,,,,,,,,,,,"(-15.4, 0.4, -2.3)","(-15.3, 0.9, -2.3)","(-15.7, 0.6, -2.1)",
PLAYER_POSITIONS,330220,6/26/2026 11:35:44 AM,e7ca1105-8b8f-4dee-a332-17c93bb5c040,2.0,,,,,,,,,,,,,,,,,,,,,,,,,,,,,,,,,,,"(-15.4, 0.4, -2.3)","(-15.3, 0.9, -2.3)","(-15.7, 0.6, -2.1)",
PLAYER_POSITIONS,330748,6/26/2026 11:35:45 AM,e7ca1105-8b8f-4dee-a332-17c93bb5c040,2.0,,,,,,,,,,,,,,,,,,,,,,,,,,,,,,,,,,,"(-15.4, 0.4, -2.3)","(-15.4, 0.9, -2.4)","(-15.8, 0.6, -2.2)",
PLAYER_POSITIONS,330748,6/26/2026 11:35:45 AM,e7ca1105-8b8f-4dee-a332-17c93bb5c040,2.0,,,,,,,,,,,,,,,,,,,,,,,,,,,,,,,,,,,"(-15.4, 0.4, -2.3)","(-15.4, 0.9, -2.4)","(-15.8, 0.6, -2.2)",
INJURY_TREATED,330943,6/26/2026 11:35:45 AM,e7ca1105-8b8f-4dee-a332-17c93bb5c040,2.0,,,,,,,,,head,Unspecified,"(0.0, 0.0, 0.0)",none,1,1,none,True,False,,,,,,,Civilian PT 8,
TOOL_APPLIED,330943,6/26/2026 11:35:45 AM,e7ca1105-8b8f-4dee-a332-17c93bb5c040,2.0,,,,,,,,,,,,,,,,,,,,,,,,Civilian PT 8,,,,,,,,,,,,,,,,,,,,AppliedLollipop,Jaw (UnityEngine.GameObject),,Fentanyl Lollipop(Clone) (UnityEngine.GameObject),Fentanyl Lollipop,
PLAYER_POSITIONS,331248,6/26/2026 11:35:45 AM,e7ca1105-8b8f-4dee-a332-17c93bb5c040,2.0,,,,,,,,,,,,,,,,,,,,,,,,,,,,,,,,,,,"(-15.5, 0.4, -2.3)","(-15.4, 0.9, -2.3)","(-15.7, 0.5, -2.2)",
PLAYER_POSITIONS,331248,6/26/2026 11:35:45 AM,e7ca1105-8b8f-4dee-a332-17c93bb5c040,2.0,,,,,,,,,,,,,,,,,,,,,,,,,,,,,,,,,,,"(-15.5, 0.4, -2.3)","(-15.4, 0.9, -2.3)","(-15.7, 0.5, -2.2)",
VOICE_CAPTURE,331249,6/26/2026 11:35:45 AM,e7ca1105-8b8f-4dee-a332-17c93bb5c040,2.0,,,,,,,,,,,,,,,,,,,,,,,,,,,,,,,,,,,,,,,,,,,,,,,,,,,NA,"All right, Sarah.",
VOICE_CAPTURE,331723,6/26/2026 11:35:46 AM,e7ca1105-8b8f-4dee-a332-17c93bb5c040,2.0,,,,,,,,,,,,,,,,,,,,,,,,,,,,,,,,,,,,,,,,,,,,,,,,,,,NA,"All right, Sarah. All right, Sarah. Take this.",
PLAYER_POSITIONS,331750,6/26/2026 11:35:46 AM,e7ca1105-8b8f-4dee-a332-17c93bb5c040,2.0,,,,,,,,,,,,,,,,,,,,,,,,,,,,,,,,,,,"(-15.5, 0.4, -2.3)","(-15.3, 0.9, -2.2)","(-15.2, 0.7, -1.7)",
PLAYER_POSITIONS,331750,6/26/2026 11:35:46 AM,e7ca1105-8b8f-4dee-a332-17c93bb5c040,2.0,,,,,,,,,,,,,,,,,,,,,,,,,,,,,,,,,,,"(-15.5, 0.4, -2.3)","(-15.3, 0.9, -2.2)","(-15.2, 0.7, -1.7)",
TOOL_HOVER,332053,6/26/2026 11:35:46 AM,e7ca1105-8b8f-4dee-a332-17c93bb5c040,2.0,,,,,,,,,,,,,,,,,,,,,,,,,,,,,,,,,,,,,,,,,,,,,,999,,Fox Shield,
TOOL_HOVER,332179,6/26/2026 11:35:46 AM,e7ca1105-8b8f-4dee-a332-17c93bb5c040,2.0,,,,,,,,,,,,,,,,,,,,,,,,,,,,,,,,,,,,,,,,,,,,,,998,,Antibiotics,
VOICE_CAPTURE,332223,6/26/2026 11:35:46 AM,e7ca1105-8b8f-4dee-a332-17c93bb5c040,2.0,,,,,,,,,,,,,,,,,,,,,,,,,,,,,,,,,,,,,,,,,,,,,,,,,,,NA,"All right, Sarah. All right, Sarah. Take this.",
VOICE_CAPTURE,332223,6/26/2026 11:35:46 AM,e7ca1105-8b8f-4dee-a332-17c93bb5c040,2.0,,,,,,,,,,,,,,,,,,,,,,,,,,,,,,,,,,,,,,,,,,,,,,,,,,,NA,"All right, Sarah. All right, Sarah. Take this.",
PLAYER_POSITIONS,332249,6/26/2026 11:35:46 AM,e7ca1105-8b8f-4dee-a332-17c93bb5c040,2.0,,,,,,,,,,,,,,,,,,,,,,,,,,,,,,,,,,,"(-15.4, 0.4, -2.3)","(-15.2, 1.0, -2.0)","(-15.3, 0.7, -1.5)",
PLAYER_POSITIONS,332249,6/26/2026 11:35:46 AM,e7ca1105-8b8f-4dee-a332-17c93bb5c040,2.0,,,,,,,,,,,,,,,,,,,,,,,,,,,,,,,,,,,"(-15.4, 0.4, -2.3)","(-15.2, 1.0, -2.0)","(-15.3, 0.7, -1.5)",
TOOL_SELECTED,332414,6/26/2026 11:35:47 AM,e7ca1105-8b8f-4dee-a332-17c93bb5c040,2.0,,,,,,,,,,,,,,,,,,,,,,,,,,,,,,,,,,,,,,,,,,,,,,997,,Antibiotics,
PLAYER_POSITIONS,332775,6/26/2026 11:35:47 AM,e7ca1105-8b8f-4dee-a332-17c93bb5c040,2.0,,,,,,,,,,,,,,,,,,,,,,,,,,,,,,,,,,,"(-15.4, 0.4, -2.2)","(-15.3, 0.9, -2.2)","(-15.6, 0.6, -2.0)",
PLAYER_POSITIONS,332775,6/26/2026 11:35:47 AM,e7ca1105-8b8f-4dee-a332-17c93bb5c040,2.0,,,,,,,,,,,,,,,,,,,,,,,,,,,,,,,,,,,"(-15.4, 0.4, -2.2)","(-15.3, 0.9, -2.2)","(-15.6, 0.6, -2.0)",
PLAYER_POSITIONS,333288,6/26/2026 11:35:48 AM,e7ca1105-8b8f-4dee-a332-17c93bb5c040,2.0,,,,,,,,,,,,,,,,,,,,,,,,,,,,,,,,,,,"(-15.4, 0.4, -2.3)","(-15.4, 0.9, -2.3)","(-15.8, 0.6, -2.2)",
PLAYER_POSITIONS,333288,6/26/2026 11:35:48 AM,e7ca1105-8b8f-4dee-a332-17c93bb5c040,2.0,,,,,,,,,,,,,,,,,,,,,,,,,,,,,,,,,,,"(-15.4, 0.4, -2.3)","(-15.4, 0.9, -2.3)","(-15.8, 0.6, -2.2)",
INJURY_TREATED,333761,6/26/2026 11:35:48 AM,e7ca1105-8b8f-4dee-a332-17c93bb5c040,2.0,,,,,,,,,head,Unspecified,"(0.0, 0.0, 0.0)",none,1,1,none,True,False,,,,,,,Civilian PT 8,
TOOL_APPLIED,333761,6/26/2026 11:35:48 AM,e7ca1105-8b8f-4dee-a332-17c93bb5c040,2.0,,,,,,,,,,,,,,,,,,,,,,,,Civilian PT 8,,,,,,,,,,,,,,,,,,,,AppliedAntibiotics,Jaw (UnityEngine.GameObject),,null,Antibiotics,
PLAYER_POSITIONS,333817,6/26/2026 11:35:48 AM,e7ca1105-8b8f-4dee-a332-17c93bb5c040,2.0,,,,,,,,,,,,,,,,,,,,,,,,,,,,,,,,,,,"(-15.5, 0.4, -2.3)","(-15.4, 0.9, -2.3)","(-15.8, 0.6, -2.2)",
PLAYER_POSITIONS,333817,6/26/2026 11:35:48 AM,e7ca1105-8b8f-4dee-a332-17c93bb5c040,2.0,,,,,,,,,,,,,,,,,,,,,,,,,,,,,,,,,,,"(-15.5, 0.4, -2.3)","(-15.4, 0.9, -2.3)","(-15.8, 0.6, -2.2)",
VOICE_CAPTURE,334234,6/26/2026 11:35:48 AM,e7ca1105-8b8f-4dee-a332-17c93bb5c040,2.0,,,,,,,,,,,,,,,,,,,,,,,,,,,,,,,,,,,,,,,,,,,,,,,,,,,NA,have some others too.,
BAG_CLOSED,334257,6/26/2026 11:35:48 AM,e7ca1105-8b8f-4dee-a332-17c93bb5c040,2.0,,,,,,,,,,,,,,,,,,,,,,,,,,,,,,,,,,,,"(0.0, 0.0, 0.0)",
PLAYER_POSITIONS,334344,6/26/2026 11:35:49 AM,e7ca1105-8b8f-4dee-a332-17c93bb5c040,2.0,,,,,,,,,,,,,,,,,,,,,,,,,,,,,,,,,,,"(-15.5, 0.4, -2.2)","(-15.4, 1.0, -2.2)","(-15.6, 0.5, -2.0)",
PLAYER_POSITIONS,334344,6/26/2026 11:35:49 AM,e7ca1105-8b8f-4dee-a332-17c93bb5c040,2.0,,,,,,,,,,,,,,,,,,,,,,,,,,,,,,,,,,,"(-15.5, 0.4, -2.2)","(-15.4, 1.0, -2.2)","(-15.6, 0.5, -2.0)",
AUDIO_END,334424,6/26/2026 11:35:49 AM,e7ca1105-8b8f-4dee-a332-17c93bb5c040,2.0,delta 2 needs casevac,4.571429,
NARRATIVE_SECTION_END,334424,6/26/2026 11:35:49 AM,e7ca1105-8b8f-4dee-a332-17c93bb5c040,2.0,,,,,,,,,,,,,,,,,,Delta 2 needs casevac,36,
NARRATIVE_SECTION_START,334464,6/26/2026 11:35:49 AM,e7ca1105-8b8f-4dee-a332-17c93bb5c040,2.0,,,,,,,,,,,,,,,,,,Copy Delta casevac 12 mikes,37,
VOICE_CAPTURE,334733,6/26/2026 11:35:49 AM,e7ca1105-8b8f-4dee-a332-17c93bb5c040,2.0,,,,,,,,,,,,,,,,,,,,,,,,,,,,,,,,,,,,,,,,,,,,,,,,,,,NA,have some others too.,
VOICE_CAPTURE,334733,6/26/2026 11:35:49 AM,e7ca1105-8b8f-4dee-a332-17c93bb5c040,2.0,,,,,,,,,,,,,,,,,,,,,,,,,,,,,,,,,,,,,,,,,,,,,,,,,,,NA,have some others too.,
PLAYER_POSITIONS,334878,6/26/2026 11:35:49 AM,e7ca1105-8b8f-4dee-a332-17c93bb5c040,2.0,,,,,,,,,,,,,,,,,,,,,,,,,,,,,,,,,,,"(-15.8, 0.4, -1.4)","(-15.6, 1.0, -1.4)","(-15.7, 0.4, -1.1)",
PLAYER_POSITIONS,334878,6/26/2026 11:35:49 AM,e7ca1105-8b8f-4dee-a332-17c93bb5c040,2.0,,,,,,,,,,,,,,,,,,,,,,,,,,,,,,,,,,,"(-15.8, 0.4, -1.4)","(-15.6, 1.0, -1.4)","(-15.7, 0.4, -1.1)",
PLAYER_POSITIONS,335373,6/26/2026 11:35:50 AM,e7ca1105-8b8f-4dee-a332-17c93bb5c040,2.0,,,,,,,,,,,,,,,,,,,,,,,,,,,,,,,,,,,"(-16.6, 0.4, -1.0)","(-16.4, 1.0, -1.0)","(-16.5, 0.4, -0.7)",
PLAYER_POSITIONS,335373,6/26/2026 11:35:50 AM,e7ca1105-8b8f-4dee-a332-17c93bb5c040,2.0,,,,,,,,,,,,,,,,,,,,,,,,,,,,,,,,,,,"(-16.6, 0.4, -1.0)","(-16.4, 1.0, -1.0)","(-16.5, 0.4, -0.7)",
AUDIO_START,335469,6/26/2026 11:35:50 AM,e7ca1105-8b8f-4dee-a332-17c93bb5c040,2.0,copy delta casevac 12 mikes,4.571429,
PLAYER_POSITIONS,335900,6/26/2026 11:35:50 AM,e7ca1105-8b8f-4dee-a332-17c93bb5c040,2.0,,,,,,,,,,,,,,,,,,,,,,,,,,,,,,,,,,,"(-17.4, 0.4, -1.1)","(-17.2, 0.9, -1.1)","(-17.3, 0.6, -0.9)",
PLAYER_POSITIONS,335900,6/26/2026 11:35:50 AM,e7ca1105-8b8f-4dee-a332-17c93bb5c040,2.0,,,,,,,,,,,,,,,,,,,,,,,,,,,,,,,,,,,"(-17.4, 0.4, -1.1)","(-17.2, 0.9, -1.1)","(-17.3, 0.6, -0.9)",
PLAYER_POSITIONS,336428,6/26/2026 11:35:51 AM,e7ca1105-8b8f-4dee-a332-17c93bb5c040,2.0,,,,,,,,,,,,,,,,,,,,,,,,,,,,,,,,,,,"(-17.4, 0.4, -1.1)","(-17.3, 0.9, -1.1)","(-17.5, 0.6, -0.9)",
PLAYER_POSITIONS,336428,6/26/2026 11:35:51 AM,e7ca1105-8b8f-4dee-a332-17c93bb5c040,2.0,,,,,,,,,,,,,,,,,,,,,,,,,,,,,,,,,,,"(-17.4, 0.4, -1.1)","(-17.3, 0.9, -1.1)","(-17.5, 0.6, -0.9)",
PLAYER_POSITIONS,336943,6/26/2026 11:35:51 AM,e7ca1105-8b8f-4dee-a332-17c93bb5c040,2.0,,,,,,,,,,,,,,,,,,,,,,,,,,,,,,,,,,,"(-17.5, 0.4, -1.1)","(-17.4, 0.9, -1.1)","(-17.5, 0.4, -0.6)",
PLAYER_POSITIONS,336943,6/26/2026 11:35:51 AM,e7ca1105-8b8f-4dee-a332-17c93bb5c040,2.0,,,,,,,,,,,,,,,,,,,,,,,,,,,,,,,,,,,"(-17.5, 0.4, -1.1)","(-17.4, 0.9, -1.1)","(-17.5, 0.4, -0.6)",
BAG_CLOSED,337176,6/26/2026 11:35:51 AM,e7ca1105-8b8f-4dee-a332-17c93bb5c040,2.0,,,,,,,,,,,,,,,,,,,,,,,,,,,,,,,,,,,,"(0.0, 0.0, 0.0)",
PLAYER_POSITIONS,337463,6/26/2026 11:35:52 AM,e7ca1105-8b8f-4dee-a332-17c93bb5c040,2.0,,,,,,,,,,,,,,,,,,,,,,,,,,,,,,,,,,,"(-17.7, 0.4, -1.0)","(-17.4, 0.9, -0.9)","(-17.5, 0.7, -0.5)",
PLAYER_GAZE,337463,6/26/2026 11:35:52 AM,e7ca1105-8b8f-4dee-a332-17c93bb5c040,2.0,,,,,,,,,,,,,,,,,,,,,,,,Civilian PT 7,,,,,,,,,"(0.1, 0.9, -0.8)",,,"(-17.6, 0.0, -0.1)",
PLAYER_POSITIONS,337463,6/26/2026 11:35:52 AM,e7ca1105-8b8f-4dee-a332-17c93bb5c040,2.0,,,,,,,,,,,,,,,,,,,,,,,,,,,,,,,,,,,"(-17.7, 0.4, -1.0)","(-17.4, 0.9, -0.9)","(-17.5, 0.7, -0.5)",
PLAYER_GAZE,337463,6/26/2026 11:35:52 AM,e7ca1105-8b8f-4dee-a332-17c93bb5c040,2.0,,,,,,,,,,,,,,,,,,,,,,,,Civilian PT 7,,,,,,,,,"(0.1, 0.9, -0.8)",,,"(-17.6, 0.0, -0.1)",
PLAYER_POSITIONS,337970,6/26/2026 11:35:52 AM,e7ca1105-8b8f-4dee-a332-17c93bb5c040,2.0,,,,,,,,,,,,,,,,,,,,,,,,,,,,,,,,,,,"(-17.7, 0.4, -1.0)","(-17.4, 0.9, -0.9)","(-17.4, 0.6, -0.7)",
PLAYER_GAZE,337970,6/26/2026 11:35:52 AM,e7ca1105-8b8f-4dee-a332-17c93bb5c040,2.0,,,,,,,,,,,,,,,,,,,,,,,,Civilian PT 7,,,,,,,,,"(0.1, 0.9, -0.8)",,,"(-17.6, 0.0, -0.1)",
PLAYER_POSITIONS,337970,6/26/2026 11:35:52 AM,e7ca1105-8b8f-4dee-a332-17c93bb5c040,2.0,,,,,,,,,,,,,,,,,,,,,,,,,,,,,,,,,,,"(-17.7, 0.4, -1.0)","(-17.4, 0.9, -0.9)","(-17.4, 0.6, -0.7)",
PLAYER_GAZE,337970,6/26/2026 11:35:52 AM,e7ca1105-8b8f-4dee-a332-17c93bb5c040,2.0,,,,,,,,,,,,,,,,,,,,,,,,Civilian PT 7,,,,,,,,,"(0.1, 0.9, -0.8)",,,"(-17.6, 0.0, -0.1)",
PLAYER_POSITIONS,338498,6/26/2026 11:35:53 AM,e7ca1105-8b8f-4dee-a332-17c93bb5c040,2.0,,,,,,,,,,,,,,,,,,,,,,,,,,,,,,,,,,,"(-17.7, 0.4, -1.0)","(-17.4, 0.9, -0.9)","(-17.3, 0.6, -0.5)",
PLAYER_POSITIONS,338498,6/26/2026 11:35:53 AM,e7ca1105-8b8f-4dee-a332-17c93bb5c040,2.0,,,,,,,,,,,,,,,,,,,,,,,,,,,,,,,,,,,"(-17.7, 0.4, -1.0)","(-17.4, 0.9, -0.9)","(-17.3, 0.6, -0.5)",
TOOL_HOVER,338550,6/26/2026 11:35:53 AM,e7ca1105-8b8f-4dee-a332-17c93bb5c040,2.0,,,,,,,,,,,,,,,,,,,,,,,,,,,,,,,,,,,,,,,,,,,,,,997,,Nasal Airway,
TOOL_HOVER,338773,6/26/2026 11:35:53 AM,e7ca1105-8b8f-4dee-a332-17c93bb5c040,2.0,,,,,,,,,,,,,,,,,,,,,,,,,,,,,,,,,,,,,,,,,,,,,,997,,Antibiotics,
TOOL_HOVER,338855,6/26/2026 11:35:53 AM,e7ca1105-8b8f-4dee-a332-17c93bb5c040,2.0,,,,,,,,,,,,,,,,,,,,,,,,,,,,,,,,,,,,,,,,,,,,,,999,,Fox Shield,
PLAYER_POSITIONS,339025,6/26/2026 11:35:53 AM,e7ca1105-8b8f-4dee-a332-17c93bb5c040,2.0,,,,,,,,,,,,,,,,,,,,,,,,,,,,,,,,,,,"(-17.7, 0.4, -1.0)","(-17.3, 0.9, -0.9)","(-17.1, 0.8, -0.4)",
PLAYER_POSITIONS,339025,6/26/2026 11:35:53 AM,e7ca1105-8b8f-4dee-a332-17c93bb5c040,2.0,,,,,,,,,,,,,,,,,,,,,,,,,,,,,,,,,,,"(-17.7, 0.4, -1.0)","(-17.3, 0.9, -0.9)","(-17.1, 0.8, -0.4)",
TOOL_SELECTED,339051,6/26/2026 11:35:53 AM,e7ca1105-8b8f-4dee-a332-17c93bb5c040,2.0,,,,,,,,,,,,,,,,,,,,,,,,,,,,,,,,,,,,,,,,,,,,,,998,,Fox Shield,
PLAYER_POSITIONS,339565,6/26/2026 11:35:54 AM,e7ca1105-8b8f-4dee-a332-17c93bb5c040,2.0,,,,,,,,,,,,,,,,,,,,,,,,,,,,,,,,,,,"(-17.6, 0.4, -1.1)","(-17.5, 0.9, -1.0)","(-17.6, 0.5, -0.8)",
PLAYER_POSITIONS,339565,6/26/2026 11:35:54 AM,e7ca1105-8b8f-4dee-a332-17c93bb5c040,2.0,,,,,,,,,,,,,,,,,,,,,,,,,,,,,,,,,,,"(-17.6, 0.4, -1.1)","(-17.5, 0.9, -1.0)","(-17.6, 0.5, -0.8)",
AUDIO_END,340037,6/26/2026 11:35:54 AM,e7ca1105-8b8f-4dee-a332-17c93bb5c040,2.0,copy delta casevac 12 mikes,4.571429,
NARRATIVE_SECTION_END,340037,6/26/2026 11:35:54 AM,e7ca1105-8b8f-4dee-a332-17c93bb5c040,2.0,,,,,,,,,,,,,,,,,,Copy Delta casevac 12 mikes,37,
NARRATIVE_SECTION_START,340087,6/26/2026 11:35:54 AM,e7ca1105-8b8f-4dee-a332-17c93bb5c040,2.0,,,,,,,,,,,,,,,,,,Affirmate Delta west exit casevac,38,
PLAYER_POSITIONS,340096,6/26/2026 11:35:54 AM,e7ca1105-8b8f-4dee-a332-17c93bb5c040,2.0,,,,,,,,,,,,,,,,,,,,,,,,,,,,,,,,,,,"(-17.6, 0.4, -1.1)","(-17.6, 0.8, -1.1)","(-17.8, 0.4, -1.0)",
PLAYER_POSITIONS,340096,6/26/2026 11:35:54 AM,e7ca1105-8b8f-4dee-a332-17c93bb5c040,2.0,,,,,,,,,,,,,,,,,,,,,,,,,,,,,,,,,,,"(-17.6, 0.4, -1.1)","(-17.6, 0.8, -1.1)","(-17.8, 0.4, -1.0)",
PLAYER_POSITIONS,340620,6/26/2026 11:35:55 AM,e7ca1105-8b8f-4dee-a332-17c93bb5c040,2.0,,,,,,,,,,,,,,,,,,,,,,,,,,,,,,,,,,,"(-17.6, 0.4, -1.1)","(-17.6, 0.8, -1.1)","(-17.9, 0.4, -1.0)",
PLAYER_POSITIONS,340620,6/26/2026 11:35:55 AM,e7ca1105-8b8f-4dee-a332-17c93bb5c040,2.0,,,,,,,,,,,,,,,,,,,,,,,,,,,,,,,,,,,"(-17.6, 0.4, -1.1)","(-17.6, 0.8, -1.1)","(-17.9, 0.4, -1.0)",
INJURY_TREATED,340650,6/26/2026 11:35:55 AM,e7ca1105-8b8f-4dee-a332-17c93bb5c040,2.0,,,,,,,,,head,L Eye Shrapnel,"(-17.9, 0.3, -1.0)",foxShield,1,1,high,True,True,,,,,,,Civilian PT 7,
TOOL_APPLIED,340650,6/26/2026 11:35:55 AM,e7ca1105-8b8f-4dee-a332-17c93bb5c040,2.0,,,,,,,,,,,,,,,,,,,,,,,,Civilian PT 7,,,,,,,,,,,,,,,,,,,,AppliedFoxShield,RightEye (UnityEngine.GameObject),,null,Fox Shield,
PLAYER_POSITIONS,341136,6/26/2026 11:35:55 AM,e7ca1105-8b8f-4dee-a332-17c93bb5c040,2.0,,,,,,,,,,,,,,,,,,,,,,,,,,,,,,,,,,,"(-17.6, 0.4, -1.1)","(-17.6, 0.8, -1.1)","(-17.8, 0.4, -1.0)",
PLAYER_POSITIONS,341136,6/26/2026 11:35:55 AM,e7ca1105-8b8f-4dee-a332-17c93bb5c040,2.0,,,,,,,,,,,,,,,,,,,,,,,,,,,,,,,,,,,"(-17.6, 0.4, -1.1)","(-17.6, 0.8, -1.1)","(-17.8, 0.4, -1.0)",
PLAYER_POSITIONS,341650,6/26/2026 11:35:56 AM,e7ca1105-8b8f-4dee-a332-17c93bb5c040,2.0,,,,,,,,,,,,,,,,,,,,,,,,,,,,,,,,,,,"(-17.7, 0.4, -1.1)","(-17.5, 0.9, -1.0)","(-17.4, 0.6, -0.6)",
PLAYER_POSITIONS,341650,6/26/2026 11:35:56 AM,e7ca1105-8b8f-4dee-a332-17c93bb5c040,2.0,,,,,,,,,,,,,,,,,,,,,,,,,,,,,,,,,,,"(-17.7, 0.4, -1.1)","(-17.5, 0.9, -1.0)","(-17.4, 0.6, -0.6)",
VOICE_CAPTURE,341762,6/26/2026 11:35:56 AM,e7ca1105-8b8f-4dee-a332-17c93bb5c040,2.0,,,,,,,,,,,,,,,,,,,,,,,,,,,,,,,,,,,,,,,,,,,,,,,,,,,NA,"Here, I'm just going to put this on your eye.",
PLAYER_POSITIONS,342150,6/26/2026 11:35:56 AM,e7ca1105-8b8f-4dee-a332-17c93bb5c040,2.0,,,,,,,,,,,,,,,,,,,,,,,,,,,,,,,,,,,"(-17.7, 0.4, -1.0)","(-17.4, 0.9, -0.9)","(-17.2, 0.7, -0.5)",
PLAYER_POSITIONS,342150,6/26/2026 11:35:56 AM,e7ca1105-8b8f-4dee-a332-17c93bb5c040,2.0,,,,,,,,,,,,,,,,,,,,,,,,,,,,,,,,,,,"(-17.7, 0.4, -1.0)","(-17.4, 0.9, -0.9)","(-17.2, 0.7, -0.5)",
TOOL_HOVER,342256,6/26/2026 11:35:56 AM,e7ca1105-8b8f-4dee-a332-17c93bb5c040,2.0,,,,,,,,,,,,,,,,,,,,,,,,,,,,,,,,,,,,,,,,,,,,,,997,,Nasal Airway,
VOICE_CAPTURE,342259,6/26/2026 11:35:56 AM,e7ca1105-8b8f-4dee-a332-17c93bb5c040,2.0,,,,,,,,,,,,,,,,,,,,,,,,,,,,,,,,,,,,,,,,,,,,,,,,,,,NA,"Here, I'm just going to put this on your eye.",
VOICE_CAPTURE,342259,6/26/2026 11:35:56 AM,e7ca1105-8b8f-4dee-a332-17c93bb5c040,2.0,,,,,,,,,,,,,,,,,,,,,,,,,,,,,,,,,,,,,,,,,,,,,,,,,,,NA,"Here, I'm just going to put this on your eye.",
TOOL_HOVER,342369,6/26/2026 11:35:57 AM,e7ca1105-8b8f-4dee-a332-17c93bb5c040,2.0,,,,,,,,,,,,,,,,,,,,,,,,,,,,,,,,,,,,,,,,,,,,,,997,,IV Blood,
PLAYER_POSITIONS,342659,6/26/2026 11:35:57 AM,e7ca1105-8b8f-4dee-a332-17c93bb5c040,2.0,,,,,,,,,,,,,,,,,,,,,,,,,,,,,,,,,,,"(-17.6, 0.4, -1.0)","(-17.4, 0.9, -0.9)","(-17.5, 0.7, -0.4)",
PLAYER_GAZE,342659,6/26/2026 11:35:57 AM,e7ca1105-8b8f-4dee-a332-17c93bb5c040,2.0,,,,,,,,,,,,,,,,,,,,,,,,Civilian PT 7,,,,,,,,,"(0.2, 0.9, -0.8)",,,"(-17.6, 0.0, -0.1)",
PLAYER_POSITIONS,342659,6/26/2026 11:35:57 AM,e7ca1105-8b8f-4dee-a332-17c93bb5c040,2.0,,,,,,,,,,,,,,,,,,,,,,,,,,,,,,,,,,,"(-17.6, 0.4, -1.0)","(-17.4, 0.9, -0.9)","(-17.5, 0.7, -0.4)",
PLAYER_GAZE,342659,6/26/2026 11:35:57 AM,e7ca1105-8b8f-4dee-a332-17c93bb5c040,2.0,,,,,,,,,,,,,,,,,,,,,,,,Civilian PT 7,,,,,,,,,"(0.2, 0.9, -0.8)",,,"(-17.6, 0.0, -0.1)",
TOOL_HOVER,342961,6/26/2026 11:35:57 AM,e7ca1105-8b8f-4dee-a332-17c93bb5c040,2.0,,,,,,,,,,,,,,,,,,,,,,,,,,,,,,,,,,,,,,,,,,,,,,999,,Gauze Wrap,
TOOL_SELECTED,343134,6/26/2026 11:35:57 AM,e7ca1105-8b8f-4dee-a332-17c93bb5c040,2.0,,,,,,,,,,,,,,,,,,,,,,,,,,,,,,,,,,,,,,,,,,,,,,998,,Gauze Wrap,
PLAYER_POSITIONS,343201,6/26/2026 11:35:57 AM,e7ca1105-8b8f-4dee-a332-17c93bb5c040,2.0,,,,,,,,,,,,,,,,,,,,,,,,,,,,,,,,,,,"(-17.6, 0.4, -1.1)","(-17.4, 0.9, -0.9)","(-17.6, 0.6, -0.4)",
PLAYER_POSITIONS,343201,6/26/2026 11:35:57 AM,e7ca1105-8b8f-4dee-a332-17c93bb5c040,2.0,,,,,,,,,,,,,,,,,,,,,,,,,,,,,,,,,,,"(-17.6, 0.4, -1.1)","(-17.4, 0.9, -0.9)","(-17.6, 0.6, -0.4)",
PLAYER_POSITIONS,343730,6/26/2026 11:35:58 AM,e7ca1105-8b8f-4dee-a332-17c93bb5c040,2.0,,,,,,,,,,,,,,,,,,,,,,,,,,,,,,,,,,,"(-17.6, 0.4, -1.1)","(-17.5, 0.8, -1.1)","(-17.7, 0.5, -1.0)",
PLAYER_POSITIONS,343730,6/26/2026 11:35:58 AM,e7ca1105-8b8f-4dee-a332-17c93bb5c040,2.0,,,,,,,,,,,,,,,,,,,,,,,,,,,,,,,,,,,"(-17.6, 0.4, -1.1)","(-17.5, 0.8, -1.1)","(-17.7, 0.5, -1.0)",
VOICE_CAPTURE,343812,6/26/2026 11:35:58 AM,e7ca1105-8b8f-4dee-a332-17c93bb5c040,2.0,,,,,,,,,,,,,,,,,,,,,,,,,,,,,,,,,,,,,,,,,,,,,,,,,,,NA,"It'll help you out, okay?",
INJURY_TREATED,344231,6/26/2026 11:35:58 AM,e7ca1105-8b8f-4dee-a332-17c93bb5c040,2.0,,,,,,,,,head,Bleeding Scalp,"(-17.7, 0.5, -1.1)",israeliWrap,1,0,medium,False,False,,,,,,,Civilian PT 7,
TOOL_APPLIED,344231,6/26/2026 11:35:58 AM,e7ca1105-8b8f-4dee-a332-17c93bb5c040,2.0,,,,,,,,,,,,,,,,,,,,,,,,Civilian PT 7,,,,,,,,,,,,,,,,,,,,AppliedGauzeWrap,skinCollider_BodyGar_LOD (UnityEngine.GameObject),,Gauze Wrap(Clone) (UnityEngine.GameObject),Gauze Wrap,
VOICE_CAPTURE,344234,6/26/2026 11:35:58 AM,e7ca1105-8b8f-4dee-a332-17c93bb5c040,2.0,,,,,,,,,,,,,,,,,,,,,,,,,,,,,,,,,,,,,,,,,,,,,,,,,,,NA,"It'll help you out, okay? It'll help you out, okay?",
PLAYER_POSITIONS,344256,6/26/2026 11:35:58 AM,e7ca1105-8b8f-4dee-a332-17c93bb5c040,2.0,,,,,,,,,,,,,,,,,,,,,,,,,,,,,,,,,,,"(-17.6, 0.4, -1.1)","(-17.6, 0.8, -1.1)","(-17.8, 0.5, -1.1)",
PLAYER_POSITIONS,344256,6/26/2026 11:35:58 AM,e7ca1105-8b8f-4dee-a332-17c93bb5c040,2.0,,,,,,,,,,,,,,,,,,,,,,,,,,,,,,,,,,,"(-17.6, 0.4, -1.1)","(-17.6, 0.8, -1.1)","(-17.8, 0.5, -1.1)",
PATIENT_DISENGAGED,344700,6/26/2026 11:35:59 AM,e7ca1105-8b8f-4dee-a332-17c93bb5c040,2.0,,,,27.99,,,,,,,,,,,,,,,,fast,100,Infinity,normal,Civilian PT 8,upset,sittingGround,"(-15.8, -0.1, -1.8)",fast,"(0.0, 0.4, 0.0, 0.9)",normal,IMMEDIATE,still,,,,,,,,,,,,,,,,,27.99,
PATIENT_ENGAGED,344700,6/26/2026 11:35:59 AM,e7ca1105-8b8f-4dee-a332-17c93bb5c040,2.0,,,,0,,,,,,,,,,,,,,,,normal,100,Infinity,normal,Civilian PT 7,agony,recovery,"(-17.6, -0.1, -0.1)",normal,"(0.0, 0.5, 0.0, 0.9)",normal,DELAYED,still,,,,,,,,,,,,,,,,,0,
VOICE_CAPTURE,344703,6/26/2026 11:35:59 AM,e7ca1105-8b8f-4dee-a332-17c93bb5c040,2.0,,,,,,,,,,,,,,,,,,,,,,,,,,,,,,,,,,,,,,,,,,,,,,,,,,,NA,"It'll help you out, okay? It'll help you out, okay?",
VOICE_CAPTURE,344703,6/26/2026 11:35:59 AM,e7ca1105-8b8f-4dee-a332-17c93bb5c040,2.0,,,,,,,,,,,,,,,,,,,,,,,,,,,,,,,,,,,,,,,,,,,,,,,,,,,NA,"It'll help you out, okay? It'll help you out, okay?",
PLAYER_POSITIONS,344758,6/26/2026 11:35:59 AM,e7ca1105-8b8f-4dee-a332-17c93bb5c040,2.0,,,,,,,,,,,,,,,,,,,,,,,,,,,,,,,,,,,"(-17.6, 0.4, -1.1)","(-17.5, 0.8, -1.1)","(-17.6, 0.5, -0.9)",
PLAYER_POSITIONS,344758,6/26/2026 11:35:59 AM,e7ca1105-8b8f-4dee-a332-17c93bb5c040,2.0,,,,,,,,,,,,,,,,,,,,,,,,,,,,,,,,,,,"(-17.6, 0.4, -1.1)","(-17.5, 0.8, -1.1)","(-17.6, 0.5, -0.9)",
BAG_CLOSED,344978,6/26/2026 11:35:59 AM,e7ca1105-8b8f-4dee-a332-17c93bb5c040,2.0,,,,,,,,,,,,,,,,,,,,,,,,,,,,,,,,,,,,"(0.0, 0.0, 0.0)",
PLAYER_POSITIONS,345286,6/26/2026 11:36:00 AM,e7ca1105-8b8f-4dee-a332-17c93bb5c040,2.0,,,,,,,,,,,,,,,,,,,,,,,,,,,,,,,,,,,"(-17.6, 0.4, -0.9)","(-17.5, 0.8, -0.8)","(-17.4, 0.4, -0.6)",
PLAYER_POSITIONS,345286,6/26/2026 11:36:00 AM,e7ca1105-8b8f-4dee-a332-17c93bb5c040,2.0,,,,,,,,,,,,,,,,,,,,,,,,,,,,,,,,,,,"(-17.6, 0.4, -0.9)","(-17.5, 0.8, -0.8)","(-17.4, 0.4, -0.6)",
EVAC_RADIO_ALERT,345422,6/26/2026 11:36:00 AM,e7ca1105-8b8f-4dee-a332-17c93bb5c040,2.0,,,,,,,,1,
AUDIO_START,345426,6/26/2026 11:36:00 AM,e7ca1105-8b8f-4dee-a332-17c93bb5c040,2.0,evac in 5 minutes,4.127347,
VOICE_CAPTURE,345745,6/26/2026 11:36:00 AM,e7ca1105-8b8f-4dee-a332-17c93bb5c040,2.0,,,,,,,,,,,,,,,,,,,,,,,,,,,,,,,,,,,,,,,,,,,,,,,,,,,NA,It's gonna go on your head,
PLAYER_POSITIONS,345800,6/26/2026 11:36:00 AM,e7ca1105-8b8f-4dee-a332-17c93bb5c040,2.0,,,,,,,,,,,,,,,,,,,,,,,,,,,,,,,,,,,"(-17.6, 0.4, -1.0)","(-17.4, 0.8, -1.0)","(-17.4, 0.6, -0.7)",
PLAYER_POSITIONS,345800,6/26/2026 11:36:00 AM,e7ca1105-8b8f-4dee-a332-17c93bb5c040,2.0,,,,,,,,,,,,,,,,,,,,,,,,,,,,,,,,,,,"(-17.6, 0.4, -1.0)","(-17.4, 0.8, -1.0)","(-17.4, 0.6, -0.7)",
VOICE_CAPTURE,346245,6/26/2026 11:36:00 AM,e7ca1105-8b8f-4dee-a332-17c93bb5c040,2.0,,,,,,,,,,,,,,,,,,,,,,,,,,,,,,,,,,,,,,,,,,,,,,,,,,,NA,It's gonna go on your head,
VOICE_CAPTURE,346245,6/26/2026 11:36:00 AM,e7ca1105-8b8f-4dee-a332-17c93bb5c040,2.0,,,,,,,,,,,,,,,,,,,,,,,,,,,,,,,,,,,,,,,,,,,,,,,,,,,NA,It's gonna go on your head,
PLAYER_POSITIONS,346302,6/26/2026 11:36:01 AM,e7ca1105-8b8f-4dee-a332-17c93bb5c040,2.0,,,,,,,,,,,,,,,,,,,,,,,,,,,,,,,,,,,"(-17.6, 0.4, -1.0)","(-17.4, 0.9, -0.9)","(-17.4, 0.4, -0.5)",
PLAYER_POSITIONS,346302,6/26/2026 11:36:01 AM,e7ca1105-8b8f-4dee-a332-17c93bb5c040,2.0,,,,,,,,,,,,,,,,,,,,,,,,,,,,,,,,,,,"(-17.6, 0.4, -1.0)","(-17.4, 0.9, -0.9)","(-17.4, 0.4, -0.5)",
VOICE_CAPTURE,346708,6/26/2026 11:36:01 AM,e7ca1105-8b8f-4dee-a332-17c93bb5c040,2.0,,,,,,,,,,,,,,,,,,,,,,,,,,,,,,,,,,,,,,,,,,,,,,,,,,,NA,It's going to go on your head.,
PLAYER_POSITIONS,346818,6/26/2026 11:36:01 AM,e7ca1105-8b8f-4dee-a332-17c93bb5c040,2.0,,,,,,,,,,,,,,,,,,,,,,,,,,,,,,,,,,,"(-17.6, 0.4, -1.0)","(-17.3, 0.9, -0.8)","(-17.1, 0.5, -0.4)",
PLAYER_POSITIONS,346818,6/26/2026 11:36:01 AM,e7ca1105-8b8f-4dee-a332-17c93bb5c040,2.0,,,,,,,,,,,,,,,,,,,,,,,,,,,,,,,,,,,"(-17.6, 0.4, -1.0)","(-17.3, 0.9, -0.8)","(-17.1, 0.5, -0.4)",
TOOL_HOVER,346955,6/26/2026 11:36:01 AM,e7ca1105-8b8f-4dee-a332-17c93bb5c040,2.0,,,,,,,,,,,,,,,,,,,,,,,,,,,,,,,,,,,,,,,,,,,,,,996,,Decompression Needle,
TOOL_HOVER,347151,6/26/2026 11:36:01 AM,e7ca1105-8b8f-4dee-a332-17c93bb5c040,2.0,,,,,,,,,,,,,,,,,,,,,,,,,,,,,,,,,,,,,,,,,,,,,,992,,Fentanyl Lollipop,
VOICE_CAPTURE,347233,6/26/2026 11:36:01 AM,e7ca1105-8b8f-4dee-a332-17c93bb5c040,2.0,,,,,,,,,,,,,,,,,,,,,,,,,,,,,,,,,,,,,,,,,,,,,,,,,,,NA,It's going to go on your head.,
VOICE_CAPTURE,347233,6/26/2026 11:36:01 AM,e7ca1105-8b8f-4dee-a332-17c93bb5c040,2.0,,,,,,,,,,,,,,,,,,,,,,,,,,,,,,,,,,,,,,,,,,,,,,,,,,,NA,It's going to go on your head.,
PLAYER_POSITIONS,347342,6/26/2026 11:36:02 AM,e7ca1105-8b8f-4dee-a332-17c93bb5c040,2.0,,,,,,,,,,,,,,,,,,,,,,,,,,,,,,,,,,,"(-17.6, 0.4, -0.9)","(-17.3, 0.9, -0.9)","(-16.9, 0.7, -0.5)",
PLAYER_POSITIONS,347342,6/26/2026 11:36:02 AM,e7ca1105-8b8f-4dee-a332-17c93bb5c040,2.0,,,,,,,,,,,,,,,,,,,,,,,,,,,,,,,,,,,"(-17.6, 0.4, -0.9)","(-17.3, 0.9, -0.9)","(-16.9, 0.7, -0.5)",
TOOL_HOVER,347367,6/26/2026 11:36:02 AM,e7ca1105-8b8f-4dee-a332-17c93bb5c040,2.0,,,,,,,,,,,,,,,,,,,,,,,,,,,,,,,,,,,,,,,,,,,,,,996,,Decompression Needle,
TOOL_HOVER,347451,6/26/2026 11:36:02 AM,e7ca1105-8b8f-4dee-a332-17c93bb5c040,2.0,,,,,,,,,,,,,,,,,,,,,,,,,,,,,,,,,,,,,,,,,,,,,,992,,Fentanyl Lollipop,
TOOL_SELECTED,347451,6/26/2026 11:36:02 AM,e7ca1105-8b8f-4dee-a332-17c93bb5c040,2.0,,,,,,,,,,,,,,,,,,,,,,,,,,,,,,,,,,,,,,,,,,,,,,991,,Fentanyl Lollipop,
PLAYER_POSITIONS,347868,6/26/2026 11:36:02 AM,e7ca1105-8b8f-4dee-a332-17c93bb5c040,2.0,,,,,,,,,,,,,,,,,,,,,,,,,,,,,,,,,,,"(-17.6, 0.4, -0.9)","(-17.4, 0.9, -0.9)","(-17.4, 0.4, -0.6)",
PLAYER_POSITIONS,347868,6/26/2026 11:36:02 AM,e7ca1105-8b8f-4dee-a332-17c93bb5c040,2.0,,,,,,,,,,,,,,,,,,,,,,,,,,,,,,,,,,,"(-17.6, 0.4, -0.9)","(-17.4, 0.9, -0.9)","(-17.4, 0.4, -0.6)",
PLAYER_POSITIONS,348394,6/26/2026 11:36:03 AM,e7ca1105-8b8f-4dee-a332-17c93bb5c040,2.0,,,,,,,,,,,,,,,,,,,,,,,,,,,,,,,,,,,"(-17.5, 0.5, -1.0)","(-17.5, 0.8, -1.0)","(-17.7, 0.3, -0.9)",
PLAYER_POSITIONS,348394,6/26/2026 11:36:03 AM,e7ca1105-8b8f-4dee-a332-17c93bb5c040,2.0,,,,,,,,,,,,,,,,,,,,,,,,,,,,,,,,,,,"(-17.5, 0.5, -1.0)","(-17.5, 0.8, -1.0)","(-17.7, 0.3, -0.9)",
INJURY_TREATED,348590,6/26/2026 11:36:03 AM,e7ca1105-8b8f-4dee-a332-17c93bb5c040,2.0,,,,,,,,,head,Unspecified,"(0.0, 0.0, 0.0)",none,1,1,none,True,False,,,,,,,Civilian PT 7,
TOOL_APPLIED,348590,6/26/2026 11:36:03 AM,e7ca1105-8b8f-4dee-a332-17c93bb5c040,2.0,,,,,,,,,,,,,,,,,,,,,,,,Civilian PT 7,,,,,,,,,,,,,,,,,,,,AppliedLollipop,Jaw (UnityEngine.GameObject),,Fentanyl Lollipop(Clone) (UnityEngine.GameObject),Fentanyl Lollipop,
PLAYER_POSITIONS,348895,6/26/2026 11:36:03 AM,e7ca1105-8b8f-4dee-a332-17c93bb5c040,2.0,,,,,,,,,,,,,,,,,,,,,,,,,,,,,,,,,,,"(-17.5, 0.4, -1.0)","(-17.5, 0.8, -1.0)","(-17.6, 0.4, -0.9)",
PLAYER_POSITIONS,348895,6/26/2026 11:36:03 AM,e7ca1105-8b8f-4dee-a332-17c93bb5c040,2.0,,,,,,,,,,,,,,,,,,,,,,,,,,,,,,,,,,,"(-17.5, 0.4, -1.0)","(-17.5, 0.8, -1.0)","(-17.6, 0.4, -0.9)",
AUDIO_START,349094,6/26/2026 11:36:03 AM,e7ca1105-8b8f-4dee-a332-17c93bb5c040,2.0,delta west exit casevac,3.94449,
PLAYER_POSITIONS,349395,6/26/2026 11:36:04 AM,e7ca1105-8b8f-4dee-a332-17c93bb5c040,2.0,,,,,,,,,,,,,,,,,,,,,,,,,,,,,,,,,,,"(-17.5, 0.4, -1.0)","(-17.3, 0.9, -0.9)","(-17.1, 0.7, -0.5)",
PLAYER_POSITIONS,349395,6/26/2026 11:36:04 AM,e7ca1105-8b8f-4dee-a332-17c93bb5c040,2.0,,,,,,,,,,,,,,,,,,,,,,,,,,,,,,,,,,,"(-17.5, 0.4, -1.0)","(-17.3, 0.9, -0.9)","(-17.1, 0.7, -0.5)",
TOOL_HOVER,349448,6/26/2026 11:36:04 AM,e7ca1105-8b8f-4dee-a332-17c93bb5c040,2.0,,,,,,,,,,,,,,,,,,,,,,,,,,,,,,,,,,,,,,,,,,,,,,991,,Fentanyl Lollipop,
TOOL_HOVER,349560,6/26/2026 11:36:04 AM,e7ca1105-8b8f-4dee-a332-17c93bb5c040,2.0,,,,,,,,,,,,,,,,,,,,,,,,,,,,,,,,,,,,,,,,,,,,,,996,,Decompression Needle,
AUDIO_END,349563,6/26/2026 11:36:04 AM,e7ca1105-8b8f-4dee-a332-17c93bb5c040,2.0,evac in 5 minutes,4.127347,
PLAYER_POSITIONS,349922,6/26/2026 11:36:04 AM,e7ca1105-8b8f-4dee-a332-17c93bb5c040,2.0,,,,,,,,,,,,,,,,,,,,,,,,,,,,,,,,,,,"(-17.5, 0.4, -0.9)","(-17.3, 0.9, -0.9)","(-17.2, 0.5, -0.6)",
PLAYER_POSITIONS,349922,6/26/2026 11:36:04 AM,e7ca1105-8b8f-4dee-a332-17c93bb5c040,2.0,,,,,,,,,,,,,,,,,,,,,,,,,,,,,,,,,,,"(-17.5, 0.4, -0.9)","(-17.3, 0.9, -0.9)","(-17.2, 0.5, -0.6)",
PLAYER_POSITIONS,350423,6/26/2026 11:36:05 AM,e7ca1105-8b8f-4dee-a332-17c93bb5c040,2.0,,,,,,,,,,,,,,,,,,,,,,,,,,,,,,,,,,,"(-17.5, 0.4, -0.9)","(-17.4, 0.8, -0.9)","(-17.3, 0.4, -0.6)",
PLAYER_GAZE,350423,6/26/2026 11:36:05 AM,e7ca1105-8b8f-4dee-a332-17c93bb5c040,2.0,,,,,,,,,,,,,,,,,,,,,,,,Civilian PT 7,,,,,,,,,"(0.2, 0.8, -0.8)",,,"(-17.6, 0.0, -0.1)",
PLAYER_POSITIONS,350423,6/26/2026 11:36:05 AM,e7ca1105-8b8f-4dee-a332-17c93bb5c040,2.0,,,,,,,,,,,,,,,,,,,,,,,,,,,,,,,,,,,"(-17.5, 0.4, -0.9)","(-17.4, 0.8, -0.9)","(-17.3, 0.4, -0.6)",
PLAYER_GAZE,350423,6/26/2026 11:36:05 AM,e7ca1105-8b8f-4dee-a332-17c93bb5c040,2.0,,,,,,,,,,,,,,,,,,,,,,,,Civilian PT 7,,,,,,,,,"(0.2, 0.8, -0.8)",,,"(-17.6, 0.0, -0.1)",
VOICE_CAPTURE,350744,6/26/2026 11:36:05 AM,e7ca1105-8b8f-4dee-a332-17c93bb5c040,2.0,,,,,,,,,,,,,,,,,,,,,,,,,,,,,,,,,,,,,,,,,,,,,,,,,,,NA,Yep.,
PLAYER_POSITIONS,350938,6/26/2026 11:36:05 AM,e7ca1105-8b8f-4dee-a332-17c93bb5c040,2.0,,,,,,,,,,,,,,,,,,,,,,,,,,,,,,,,,,,"(-17.5, 0.4, -1.0)","(-17.4, 0.8, -0.9)","(-17.5, 0.4, -0.5)",
PLAYER_POSITIONS,350938,6/26/2026 11:36:05 AM,e7ca1105-8b8f-4dee-a332-17c93bb5c040,2.0,,,,,,,,,,,,,,,,,,,,,,,,,,,,,,,,,,,"(-17.5, 0.4, -1.0)","(-17.4, 0.8, -0.9)","(-17.5, 0.4, -0.5)",
TAG_SELECTED,351047,6/26/2026 11:36:05 AM,e7ca1105-8b8f-4dee-a332-17c93bb5c040,2.0,,,,,,,,,,,,,,,,,,,,,,,,,,,,,,,,,,,,,,,,,,yellow,
VOICE_CAPTURE,351217,6/26/2026 11:36:05 AM,e7ca1105-8b8f-4dee-a332-17c93bb5c040,2.0,,,,,,,,,,,,,,,,,,,,,,,,,,,,,,,,,,,,,,,,,,,,,,,,,,,NA,"Yep, what's your name?",
PLAYER_POSITIONS,351451,6/26/2026 11:36:06 AM,e7ca1105-8b8f-4dee-a332-17c93bb5c040,2.0,,,,,,,,,,,,,,,,,,,,,,,,,,,,,,,,,,,"(-17.5, 0.5, -1.0)","(-17.5, 0.7, -0.9)","(-17.5, 0.0, -0.9)",
PLAYER_POSITIONS,351451,6/26/2026 11:36:06 AM,e7ca1105-8b8f-4dee-a332-17c93bb5c040,2.0,,,,,,,,,,,,,,,,,,,,,,,,,,,,,,,,,,,"(-17.5, 0.5, -1.0)","(-17.5, 0.7, -0.9)","(-17.5, 0.0, -0.9)",
VOICE_CAPTURE,351772,6/26/2026 11:36:06 AM,e7ca1105-8b8f-4dee-a332-17c93bb5c040,2.0,,,,,,,,,,,,,,,,,,,,,,,,,,,,,,,,,,,,,,,,,,,,,,,,,,,NA,"Yep, what's your name? Yeah, what's your name?",
TAG_APPLIED,351937,6/26/2026 11:36:06 AM,e7ca1105-8b8f-4dee-a332-17c93bb5c040,2.0,,,,,,,,,,,,,,,,,,,,,,,,Civilian PT 7,,,,,,,,,,,,,,,,,,yellow,
PLAYER_POSITIONS,351964,6/26/2026 11:36:06 AM,e7ca1105-8b8f-4dee-a332-17c93bb5c040,2.0,,,,,,,,,,,,,,,,,,,,,,,,,,,,,,,,,,,"(-17.5, 0.5, -1.1)","(-17.6, 0.6, -0.9)","(-17.5, -0.1, -0.9)",
PLAYER_POSITIONS,351964,6/26/2026 11:36:06 AM,e7ca1105-8b8f-4dee-a332-17c93bb5c040,2.0,,,,,,,,,,,,,,,,,,,,,,,,,,,,,,,,,,,"(-17.5, 0.5, -1.1)","(-17.6, 0.6, -0.9)","(-17.5, -0.1, -0.9)",
VOICE_CAPTURE,352221,6/26/2026 11:36:06 AM,e7ca1105-8b8f-4dee-a332-17c93bb5c040,2.0,,,,,,,,,,,,,,,,,,,,,,,,,,,,,,,,,,,,,,,,,,,,,,,,,,,NA,"Yep, what's your name? Yeah, what's your name?",
VOICE_CAPTURE,352221,6/26/2026 11:36:06 AM,e7ca1105-8b8f-4dee-a332-17c93bb5c040,2.0,,,,,,,,,,,,,,,,,,,,,,,,,,,,,,,,,,,,,,,,,,,,,,,,,,,NA,"Yep, what's your name? Yeah, what's your name?",
VOICE_COMMAND,352221,6/26/2026 11:36:06 AM,e7ca1105-8b8f-4dee-a332-17c93bb5c040,2.0,,,,,,,,,,,,,,,,,,,,,,,,,,,,,,,,,,,,,,,,,,,,,,,,,,,"Yep, what's your name? Yeah, what's your name?",what is your name,
PLAYER_POSITIONS,352471,6/26/2026 11:36:07 AM,e7ca1105-8b8f-4dee-a332-17c93bb5c040,2.0,,,,,,,,,,,,,,,,,,,,,,,,,,,,,,,,,,,"(-17.5, 0.5, -1.0)","(-17.5, 0.8, -0.9)","(-17.5, 0.1, -0.8)",
PLAYER_POSITIONS,352471,6/26/2026 11:36:07 AM,e7ca1105-8b8f-4dee-a332-17c93bb5c040,2.0,,,,,,,,,,,,,,,,,,,,,,,,,,,,,,,,,,,"(-17.5, 0.5, -1.0)","(-17.5, 0.8, -0.9)","(-17.5, 0.1, -0.8)",
BAG_CLOSED,352856,6/26/2026 11:36:07 AM,e7ca1105-8b8f-4dee-a332-17c93bb5c040,2.0,,,,,,,,,,,,,,,,,,,,,,,,,,,,,,,,,,,,"(0.0, 0.0, 0.0)",
PLAYER_POSITIONS,352999,6/26/2026 11:36:07 AM,e7ca1105-8b8f-4dee-a332-17c93bb5c040,2.0,,,,,,,,,,,,,,,,,,,,,,,,,,,,,,,,,,,"(-17.5, 0.4, -0.9)","(-17.4, 0.9, -0.8)","(-17.2, 0.2, -0.6)",
PLAYER_POSITIONS,352999,6/26/2026 11:36:07 AM,e7ca1105-8b8f-4dee-a332-17c93bb5c040,2.0,,,,,,,,,,,,,,,,,,,,,,,,,,,,,,,,,,,"(-17.5, 0.4, -0.9)","(-17.4, 0.9, -0.8)","(-17.2, 0.2, -0.6)",
AUDIO_END,353074,6/26/2026 11:36:07 AM,e7ca1105-8b8f-4dee-a332-17c93bb5c040,2.0,delta west exit casevac,3.94449,
NARRATIVE_SECTION_END,353074,6/26/2026 11:36:07 AM,e7ca1105-8b8f-4dee-a332-17c93bb5c040,2.0,,,,,,,,,,,,,,,,,,Affirmate Delta west exit casevac,38,
NARRATIVE_SECTION_START,353118,6/26/2026 11:36:07 AM,e7ca1105-8b8f-4dee-a332-17c93bb5c040,2.0,,,,,,,,,,,,,,,,,,Delta needs air support on west exit,39,
PLAYER_POSITIONS,353511,6/26/2026 11:36:08 AM,e7ca1105-8b8f-4dee-a332-17c93bb5c040,2.0,,,,,,,,,,,,,,,,,,,,,,,,,,,,,,,,,,,"(-17.3, 0.4, -0.6)","(-17.1, 0.9, -0.5)","(-17.0, 0.4, -0.2)",
PLAYER_GAZE,353511,6/26/2026 11:36:08 AM,e7ca1105-8b8f-4dee-a332-17c93bb5c040,2.0,,,,,,,,,,,,,,,,,,,,,,,,Civilian PT 7,,,,,,,,,"(0.4, 0.9, -0.4)",,,"(-17.6, 0.0, -0.1)",
PLAYER_POSITIONS,353511,6/26/2026 11:36:08 AM,e7ca1105-8b8f-4dee-a332-17c93bb5c040,2.0,,,,,,,,,,,,,,,,,,,,,,,,,,,,,,,,,,,"(-17.3, 0.4, -0.6)","(-17.1, 0.9, -0.5)","(-17.0, 0.4, -0.2)",
PLAYER_GAZE,353511,6/26/2026 11:36:08 AM,e7ca1105-8b8f-4dee-a332-17c93bb5c040,2.0,,,,,,,,,,,,,,,,,,,,,,,,Civilian PT 7,,,,,,,,,"(0.4, 0.9, -0.4)",,,"(-17.6, 0.0, -0.1)",
PLAYER_POSITIONS,354038,6/26/2026 11:36:08 AM,e7ca1105-8b8f-4dee-a332-17c93bb5c040,2.0,,,,,,,,,,,,,,,,,,,,,,,,,,,,,,,,,,,"(-17.2, 0.4, -0.2)","(-17.0, 0.7, -0.2)","(-16.9, 0.5, 0.1)",
PLAYER_POSITIONS,354038,6/26/2026 11:36:08 AM,e7ca1105-8b8f-4dee-a332-17c93bb5c040,2.0,,,,,,,,,,,,,,,,,,,,,,,,,,,,,,,,,,,"(-17.2, 0.4, -0.2)","(-17.0, 0.7, -0.2)","(-16.9, 0.5, 0.1)",
PLAYER_POSITIONS,354538,6/26/2026 11:36:09 AM,e7ca1105-8b8f-4dee-a332-17c93bb5c040,2.0,,,,,,,,,,,,,,,,,,,,,,,,,,,,,,,,,,,"(-17.2, 0.4, -0.2)","(-17.0, 0.8, -0.1)","(-17.0, 0.5, 0.2)",
PLAYER_POSITIONS,354538,6/26/2026 11:36:09 AM,e7ca1105-8b8f-4dee-a332-17c93bb5c040,2.0,,,,,,,,,,,,,,,,,,,,,,,,,,,,,,,,,,,"(-17.2, 0.4, -0.2)","(-17.0, 0.8, -0.1)","(-17.0, 0.5, 0.2)",
VOICE_CAPTURE,354840,6/26/2026 11:36:09 AM,e7ca1105-8b8f-4dee-a332-17c93bb5c040,2.0,,,,,,,,,,,,,,,,,,,,,,,,,,,,,,,,,,,,,,,,,,,,,,,,,,,NA,race. Nice to meet you.,
PLAYER_POSITIONS,355063,6/26/2026 11:36:09 AM,e7ca1105-8b8f-4dee-a332-17c93bb5c040,2.0,,,,,,,,,,,,,,,,,,,,,,,,,,,,,,,,,,,"(-17.2, 0.4, -0.2)","(-16.9, 0.9, -0.1)","(-16.9, 0.3, 0.3)",
PLAYER_POSITIONS,355063,6/26/2026 11:36:09 AM,e7ca1105-8b8f-4dee-a332-17c93bb5c040,2.0,,,,,,,,,,,,,,,,,,,,,,,,,,,,,,,,,,,"(-17.2, 0.4, -0.2)","(-16.9, 0.9, -0.1)","(-16.9, 0.3, 0.3)",
AUDIO_START,355133,6/26/2026 11:36:09 AM,e7ca1105-8b8f-4dee-a332-17c93bb5c040,2.0,delta needs air support on west exit,5.067755,
VOICE_CAPTURE,355232,6/26/2026 11:36:09 AM,e7ca1105-8b8f-4dee-a332-17c93bb5c040,2.0,,,,,,,,,,,,,,,,,,,,,,,,,,,,,,,,,,,,,,,,,,,,,,,,,,,NA,">> Nice to meet you, Marie.",
PLAYER_POSITIONS,355566,6/26/2026 11:36:10 AM,e7ca1105-8b8f-4dee-a332-17c93bb5c040,2.0,,,,,,,,,,,,,,,,,,,,,,,,,,,,,,,,,,,"(-17.2, 0.4, -0.2)","(-16.9, 0.9, 0.0)","(-16.8, 0.6, 0.5)",
PLAYER_POSITIONS,355566,6/26/2026 11:36:10 AM,e7ca1105-8b8f-4dee-a332-17c93bb5c040,2.0,,,,,,,,,,,,,,,,,,,,,,,,,,,,,,,,,,,"(-17.2, 0.4, -0.2)","(-16.9, 0.9, 0.0)","(-16.8, 0.6, 0.5)",
TOOL_HOVER,355689,6/26/2026 11:36:10 AM,e7ca1105-8b8f-4dee-a332-17c93bb5c040,2.0,,,,,,,,,,,,,,,,,,,,,,,,,,,,,,,,,,,,,,,,,,,,,,997,,IV Blood,
VOICE_CAPTURE,355733,6/26/2026 11:36:10 AM,e7ca1105-8b8f-4dee-a332-17c93bb5c040,2.0,,,,,,,,,,,,,,,,,,,,,,,,,,,,,,,,,,,,,,,,,,,,,,,,,,,NA,">> Nice to meet you, Maurice.",
TOOL_HOVER,355757,6/26/2026 11:36:10 AM,e7ca1105-8b8f-4dee-a332-17c93bb5c040,2.0,,,,,,,,,,,,,,,,,,,,,,,,,,,,,,,,,,,,,,,,,,,,,,997,,Antibiotics,
PLAYER_POSITIONS,356080,6/26/2026 11:36:10 AM,e7ca1105-8b8f-4dee-a332-17c93bb5c040,2.0,,,,,,,,,,,,,,,,,,,,,,,,,,,,,,,,,,,"(-17.2, 0.4, -0.2)","(-16.9, 0.9, 0.0)","(-16.8, 0.5, 0.6)",
PLAYER_POSITIONS,356080,6/26/2026 11:36:10 AM,e7ca1105-8b8f-4dee-a332-17c93bb5c040,2.0,,,,,,,,,,,,,,,,,,,,,,,,,,,,,,,,,,,"(-17.2, 0.4, -0.2)","(-16.9, 0.9, 0.0)","(-16.8, 0.5, 0.6)",
VOICE_CAPTURE,356219,6/26/2026 11:36:10 AM,e7ca1105-8b8f-4dee-a332-17c93bb5c040,2.0,,,,,,,,,,,,,,,,,,,,,,,,,,,,,,,,,,,,,,,,,,,,,,,,,,,NA,">> Nice to meet you, Maurice.",
VOICE_CAPTURE,356219,6/26/2026 11:36:10 AM,e7ca1105-8b8f-4dee-a332-17c93bb5c040,2.0,,,,,,,,,,,,,,,,,,,,,,,,,,,,,,,,,,,,,,,,,,,,,,,,,,,NA,">> Nice to meet you, Maurice.",
TOOL_HOVER,356271,6/26/2026 11:36:10 AM,e7ca1105-8b8f-4dee-a332-17c93bb5c040,2.0,,,,,,,,,,,,,,,,,,,,,,,,,,,,,,,,,,,,,,,,,,,,,,997,,Antibiotics,
TOOL_HOVER,356354,6/26/2026 11:36:11 AM,e7ca1105-8b8f-4dee-a332-17c93bb5c040,2.0,,,,,,,,,,,,,,,,,,,,,,,,,,,,,,,,,,,,,,,,,,,,,,998,,Burn Dressing,
TOOL_HOVER,356549,6/26/2026 11:36:11 AM,e7ca1105-8b8f-4dee-a332-17c93bb5c040,2.0,,,,,,,,,,,,,,,,,,,,,,,,,,,,,,,,,,,,,,,,,,,,,,997,,Antibiotics,
PLAYER_POSITIONS,356580,6/26/2026 11:36:11 AM,e7ca1105-8b8f-4dee-a332-17c93bb5c040,2.0,,,,,,,,,,,,,,,,,,,,,,,,,,,,,,,,,,,"(-17.2, 0.4, -0.2)","(-16.9, 0.9, 0.0)","(-16.9, 0.5, 0.6)",
PLAYER_POSITIONS,356580,6/26/2026 11:36:11 AM,e7ca1105-8b8f-4dee-a332-17c93bb5c040,2.0,,,,,,,,,,,,,,,,,,,,,,,,,,,,,,,,,,,"(-17.2, 0.4, -0.2)","(-16.9, 0.9, 0.0)","(-16.9, 0.5, 0.6)",
VOICE_CAPTURE,356733,6/26/2026 11:36:11 AM,e7ca1105-8b8f-4dee-a332-17c93bb5c040,2.0,,,,,,,,,,,,,,,,,,,,,,,,,,,,,,,,,,,,,,,,,,,,,,,,,,,NA,- I'm H. Maurice.,
PLAYER_POSITIONS,357093,6/26/2026 11:36:11 AM,e7ca1105-8b8f-4dee-a332-17c93bb5c040,2.0,,,,,,,,,,,,,,,,,,,,,,,,,,,,,,,,,,,"(-17.2, 0.4, -0.2)","(-16.9, 0.9, 0.0)","(-17.0, 0.5, 0.4)",
PLAYER_POSITIONS,357093,6/26/2026 11:36:11 AM,e7ca1105-8b8f-4dee-a332-17c93bb5c040,2.0,,,,,,,,,,,,,,,,,,,,,,,,,,,,,,,,,,,"(-17.2, 0.4, -0.2)","(-16.9, 0.9, 0.0)","(-17.0, 0.5, 0.4)",
VOICE_CAPTURE,357232,6/26/2026 11:36:11 AM,e7ca1105-8b8f-4dee-a332-17c93bb5c040,2.0,,,,,,,,,,,,,,,,,,,,,,,,,,,,,,,,,,,,,,,,,,,,,,,,,,,NA,- I'm H. Maurice.,
VOICE_CAPTURE,357232,6/26/2026 11:36:11 AM,e7ca1105-8b8f-4dee-a332-17c93bb5c040,2.0,,,,,,,,,,,,,,,,,,,,,,,,,,,,,,,,,,,,,,,,,,,,,,,,,,,NA,- I'm H. Maurice.,
PLAYER_POSITIONS,357597,6/26/2026 11:36:12 AM,e7ca1105-8b8f-4dee-a332-17c93bb5c040,2.0,,,,,,,,,,,,,,,,,,,,,,,,,,,,,,,,,,,"(-17.2, 0.4, -0.2)","(-16.9, 0.9, 0.0)","(-17.0, 0.5, 0.4)",
PLAYER_POSITIONS,357597,6/26/2026 11:36:12 AM,e7ca1105-8b8f-4dee-a332-17c93bb5c040,2.0,,,,,,,,,,,,,,,,,,,,,,,,,,,,,,,,,,,"(-17.2, 0.4, -0.2)","(-16.9, 0.9, 0.0)","(-17.0, 0.5, 0.4)",
TOOL_HOVER,357760,6/26/2026 11:36:12 AM,e7ca1105-8b8f-4dee-a332-17c93bb5c040,2.0,,,,,,,,,,,,,,,,,,,,,,,,,,,,,,,,,,,,,,,,,,,,,,997,,Antibiotics,
TOOL_HOVER,357947,6/26/2026 11:36:12 AM,e7ca1105-8b8f-4dee-a332-17c93bb5c040,2.0,,,,,,,,,,,,,,,,,,,,,,,,,,,,,,,,,,,,,,,,,,,,,,997,,IV Blood,
TOOL_HOVER,358057,6/26/2026 11:36:12 AM,e7ca1105-8b8f-4dee-a332-17c93bb5c040,2.0,,,,,,,,,,,,,,,,,,,,,,,,,,,,,,,,,,,,,,,,,,,,,,998,,Burn Dressing,
PLAYER_POSITIONS,358117,6/26/2026 11:36:12 AM,e7ca1105-8b8f-4dee-a332-17c93bb5c040,2.0,,,,,,,,,,,,,,,,,,,,,,,,,,,,,,,,,,,"(-17.2, 0.4, -0.2)","(-16.9, 0.9, 0.0)","(-17.0, 0.5, 0.5)",
PLAYER_POSITIONS,358117,6/26/2026 11:36:12 AM,e7ca1105-8b8f-4dee-a332-17c93bb5c040,2.0,,,,,,,,,,,,,,,,,,,,,,,,,,,,,,,,,,,"(-17.2, 0.4, -0.2)","(-16.9, 0.9, 0.0)","(-17.0, 0.5, 0.5)",
TOOL_SELECTED,358308,6/26/2026 11:36:13 AM,e7ca1105-8b8f-4dee-a332-17c93bb5c040,2.0,,,,,,,,,,,,,,,,,,,,,,,,,,,,,,,,,,,,,,,,,,,,,,997,,Burn Dressing,
PLAYER_POSITIONS,358625,6/26/2026 11:36:13 AM,e7ca1105-8b8f-4dee-a332-17c93bb5c040,2.0,,,,,,,,,,,,,,,,,,,,,,,,,,,,,,,,,,,"(-17.2, 0.5, -0.2)","(-17.0, 0.8, 0.0)","(-17.1, 0.3, 0.2)",
PLAYER_POSITIONS,358625,6/26/2026 11:36:13 AM,e7ca1105-8b8f-4dee-a332-17c93bb5c040,2.0,,,,,,,,,,,,,,,,,,,,,,,,,,,,,,,,,,,"(-17.2, 0.5, -0.2)","(-17.0, 0.8, 0.0)","(-17.1, 0.3, 0.2)",
PLAYER_POSITIONS,359138,6/26/2026 11:36:13 AM,e7ca1105-8b8f-4dee-a332-17c93bb5c040,2.0,,,,,,,,,,,,,,,,,,,,,,,,,,,,,,,,,,,"(-17.1, 0.5, -0.3)","(-17.1, 0.7, -0.1)","(-17.2, 0.1, 0.0)",
PLAYER_POSITIONS,359138,6/26/2026 11:36:13 AM,e7ca1105-8b8f-4dee-a332-17c93bb5c040,2.0,,,,,,,,,,,,,,,,,,,,,,,,,,,,,,,,,,,"(-17.1, 0.5, -0.3)","(-17.1, 0.7, -0.1)","(-17.2, 0.1, 0.0)",
PLAYER_POSITIONS,359667,6/26/2026 11:36:14 AM,e7ca1105-8b8f-4dee-a332-17c93bb5c040,2.0,,,,,,,,,,,,,,,,,,,,,,,,,,,,,,,,,,,"(-17.1, 0.5, -0.3)","(-17.2, 0.6, -0.2)","(-17.2, 0.0, -0.1)",
PLAYER_POSITIONS,359667,6/26/2026 11:36:14 AM,e7ca1105-8b8f-4dee-a332-17c93bb5c040,2.0,,,,,,,,,,,,,,,,,,,,,,,,,,,,,,,,,,,"(-17.1, 0.5, -0.3)","(-17.2, 0.6, -0.2)","(-17.2, 0.0, -0.1)",
TOOL_DISCARDED,359704,6/26/2026 11:36:14 AM,e7ca1105-8b8f-4dee-a332-17c93bb5c040,2.0,,,,,,,,,,,,,,,,,,,,,,,,Civilian PT 7,,,,,,,,,,,,"(0.0, 0.0, 0.0)",,,,,,,,,,997,,Burn Dressing,
AUDIO_END,360194,6/26/2026 11:36:14 AM,e7ca1105-8b8f-4dee-a332-17c93bb5c040,2.0,delta needs air support on west exit,5.067755,
NARRATIVE_SECTION_END,360194,6/26/2026 11:36:14 AM,e7ca1105-8b8f-4dee-a332-17c93bb5c040,2.0,,,,,,,,,,,,,,,,,,Delta needs air support on west exit,39,
PLAYER_POSITIONS,360194,6/26/2026 11:36:14 AM,e7ca1105-8b8f-4dee-a332-17c93bb5c040,2.0,,,,,,,,,,,,,,,,,,,,,,,,,,,,,,,,,,,"(-17.1, 0.5, -0.3)","(-17.1, 0.7, -0.1)","(-17.2, 0.1, 0.0)",
PLAYER_POSITIONS,360194,6/26/2026 11:36:14 AM,e7ca1105-8b8f-4dee-a332-17c93bb5c040,2.0,,,,,,,,,,,,,,,,,,,,,,,,,,,,,,,,,,,"(-17.1, 0.5, -0.3)","(-17.1, 0.7, -0.1)","(-17.2, 0.1, 0.0)",
NARRATIVE_SECTION_START,360232,6/26/2026 11:36:14 AM,e7ca1105-8b8f-4dee-a332-17c93bb5c040,2.0,,,,,,,,,,,,,,,,,,Request GBU 38,40,
TOOL_HOVER,360456,6/26/2026 11:36:15 AM,e7ca1105-8b8f-4dee-a332-17c93bb5c040,2.0,,,,,,,,,,,,,,,,,,,,,,,,,,,,,,,,,,,,,,,,,,,,,,998,,Gauze Wrap,
TOOL_HOVER,360568,6/26/2026 11:36:15 AM,e7ca1105-8b8f-4dee-a332-17c93bb5c040,2.0,,,,,,,,,,,,,,,,,,,,,,,,,,,,,,,,,,,,,,,,,,,,,,998,,Burn Dressing,
PLAYER_POSITIONS,360697,6/26/2026 11:36:15 AM,e7ca1105-8b8f-4dee-a332-17c93bb5c040,2.0,,,,,,,,,,,,,,,,,,,,,,,,,,,,,,,,,,,"(-17.2, 0.4, -0.3)","(-17.1, 0.8, 0.0)","(-16.9, 0.5, 0.6)",
PLAYER_POSITIONS,360697,6/26/2026 11:36:15 AM,e7ca1105-8b8f-4dee-a332-17c93bb5c040,2.0,,,,,,,,,,,,,,,,,,,,,,,,,,,,,,,,,,,"(-17.2, 0.4, -0.3)","(-17.1, 0.8, 0.0)","(-16.9, 0.5, 0.6)",
TOOL_HOVER,360874,6/26/2026 11:36:15 AM,e7ca1105-8b8f-4dee-a332-17c93bb5c040,2.0,,,,,,,,,,,,,,,,,,,,,,,,,,,,,,,,,,,,,,,,,,,,,,998,,Blanket,
TOOL_HOVER,360957,6/26/2026 11:36:15 AM,e7ca1105-8b8f-4dee-a332-17c93bb5c040,2.0,,,,,,,,,,,,,,,,,,,,,,,,,,,,,,,,,,,,,,,,,,,,,,998,,Burn Dressing,
TOOL_SELECTED,360957,6/26/2026 11:36:15 AM,e7ca1105-8b8f-4dee-a332-17c93bb5c040,2.0,,,,,,,,,,,,,,,,,,,,,,,,,,,,,,,,,,,,,,,,,,,,,,997,,Burn Dressing,
PLAYER_POSITIONS,361237,6/26/2026 11:36:15 AM,e7ca1105-8b8f-4dee-a332-17c93bb5c040,2.0,,,,,,,,,,,,,,,,,,,,,,,,,,,,,,,,,,,"(-17.2, 0.4, -0.3)","(-17.1, 0.8, 0.0)","(-17.1, 0.3, 0.4)",
PLAYER_POSITIONS,361237,6/26/2026 11:36:15 AM,e7ca1105-8b8f-4dee-a332-17c93bb5c040,2.0,,,,,,,,,,,,,,,,,,,,,,,,,,,,,,,,,,,"(-17.2, 0.4, -0.3)","(-17.1, 0.8, 0.0)","(-17.1, 0.3, 0.4)",
PLAYER_POSITIONS,361757,6/26/2026 11:36:16 AM,e7ca1105-8b8f-4dee-a332-17c93bb5c040,2.0,,,,,,,,,,,,,,,,,,,,,,,,,,,,,,,,,,,"(-17.2, 0.4, -0.3)","(-17.1, 0.7, -0.1)","(-17.2, 0.1, -0.1)",
PLAYER_POSITIONS,361757,6/26/2026 11:36:16 AM,e7ca1105-8b8f-4dee-a332-17c93bb5c040,2.0,,,,,,,,,,,,,,,,,,,,,,,,,,,,,,,,,,,"(-17.2, 0.4, -0.3)","(-17.1, 0.7, -0.1)","(-17.2, 0.1, -0.1)",
INJURY_TREATED,362052,6/26/2026 11:36:16 AM,e7ca1105-8b8f-4dee-a332-17c93bb5c040,2.0,,,,,,,,,rightCalf,R Lower Leg Burn,"(-17.2, -0.1, -0.1)",burnDressing,1,1,high,True,True,,,,,,,Civilian PT 7,
TOOL_APPLIED,362052,6/26/2026 11:36:16 AM,e7ca1105-8b8f-4dee-a332-17c93bb5c040,2.0,,,,,,,,,,,,,,,,,,,,,,,,Civilian PT 7,,,,,,,,,,,,,,,,,,,,AppliedBurnDressing,skinCollider_BodyGar_LOD (UnityEngine.GameObject),,Burn Dressing(Clone) (UnityEngine.GameObject),Burn Dressing,
AUDIO_START,362221,6/26/2026 11:36:16 AM,e7ca1105-8b8f-4dee-a332-17c93bb5c040,2.0,request gbu 38,5.067755,
PLAYER_POSITIONS,362274,6/26/2026 11:36:16 AM,e7ca1105-8b8f-4dee-a332-17c93bb5c040,2.0,,,,,,,,,,,,,,,,,,,,,,,,,,,,,,,,,,,"(-17.2, 0.4, -0.3)","(-17.1, 0.7, -0.1)","(-17.2, 0.0, -0.1)",
PLAYER_POSITIONS,362274,6/26/2026 11:36:16 AM,e7ca1105-8b8f-4dee-a332-17c93bb5c040,2.0,,,,,,,,,,,,,,,,,,,,,,,,,,,,,,,,,,,"(-17.2, 0.4, -0.3)","(-17.1, 0.7, -0.1)","(-17.2, 0.0, -0.1)",
PLAYER_POSITIONS,362789,6/26/2026 11:36:17 AM,e7ca1105-8b8f-4dee-a332-17c93bb5c040,2.0,,,,,,,,,,,,,,,,,,,,,,,,,,,,,,,,,,,"(-17.2, 0.4, -0.3)","(-17.0, 0.8, 0.0)","(-17.0, 0.5, 0.5)",
PLAYER_POSITIONS,362789,6/26/2026 11:36:17 AM,e7ca1105-8b8f-4dee-a332-17c93bb5c040,2.0,,,,,,,,,,,,,,,,,,,,,,,,,,,,,,,,,,,"(-17.2, 0.4, -0.3)","(-17.0, 0.8, 0.0)","(-17.0, 0.5, 0.5)",
TOOL_HOVER,362869,6/26/2026 11:36:17 AM,e7ca1105-8b8f-4dee-a332-17c93bb5c040,2.0,,,,,,,,,,,,,,,,,,,,,,,,,,,,,,,,,,,,,,,,,,,,,,997,,Burn Dressing,
TOOL_HOVER,363063,6/26/2026 11:36:17 AM,e7ca1105-8b8f-4dee-a332-17c93bb5c040,2.0,,,,,,,,,,,,,,,,,,,,,,,,,,,,,,,,,,,,,,,,,,,,,,998,,Blanket,
TOOL_HOVER,363258,6/26/2026 11:36:17 AM,e7ca1105-8b8f-4dee-a332-17c93bb5c040,2.0,,,,,,,,,,,,,,,,,,,,,,,,,,,,,,,,,,,,,,,,,,,,,,997,,Burn Dressing,
TOOL_SELECTED,363259,6/26/2026 11:36:17 AM,e7ca1105-8b8f-4dee-a332-17c93bb5c040,2.0,,,,,,,,,,,,,,,,,,,,,,,,,,,,,,,,,,,,,,,,,,,,,,996,,Burn Dressing,
PLAYER_POSITIONS,363317,6/26/2026 11:36:18 AM,e7ca1105-8b8f-4dee-a332-17c93bb5c040,2.0,,,,,,,,,,,,,,,,,,,,,,,,,,,,,,,,,,,"(-17.2, 0.4, -0.2)","(-17.0, 0.9, 0.0)","(-16.9, 0.5, 0.6)",
PLAYER_POSITIONS,363317,6/26/2026 11:36:18 AM,e7ca1105-8b8f-4dee-a332-17c93bb5c040,2.0,,,,,,,,,,,,,,,,,,,,,,,,,,,,,,,,,,,"(-17.2, 0.4, -0.2)","(-17.0, 0.9, 0.0)","(-16.9, 0.5, 0.6)",
PLAYER_POSITIONS,363827,6/26/2026 11:36:18 AM,e7ca1105-8b8f-4dee-a332-17c93bb5c040,2.0,,,,,,,,,,,,,,,,,,,,,,,,,,,,,,,,,,,"(-17.2, 0.4, -0.2)","(-17.1, 0.8, -0.1)","(-17.1, 0.4, 0.2)",
PLAYER_POSITIONS,363827,6/26/2026 11:36:18 AM,e7ca1105-8b8f-4dee-a332-17c93bb5c040,2.0,,,,,,,,,,,,,,,,,,,,,,,,,,,,,,,,,,,"(-17.2, 0.4, -0.2)","(-17.1, 0.8, -0.1)","(-17.1, 0.4, 0.2)",
PLAYER_POSITIONS,364354,6/26/2026 11:36:19 AM,e7ca1105-8b8f-4dee-a332-17c93bb5c040,2.0,,,,,,,,,,,,,,,,,,,,,,,,,,,,,,,,,,,"(-17.2, 0.4, -0.3)","(-17.2, 0.8, -0.2)","(-17.4, 0.3, -0.1)",
PLAYER_GAZE,364355,6/26/2026 11:36:19 AM,e7ca1105-8b8f-4dee-a332-17c93bb5c040,2.0,,,,,,,,,,,,,,,,,,,,,,,,Civilian PT 7,,,,,,,,,"(0.4, 0.8, -0.1)",,,"(-17.6, 0.0, -0.1)",
PLAYER_POSITIONS,364354,6/26/2026 11:36:19 AM,e7ca1105-8b8f-4dee-a332-17c93bb5c040,2.0,,,,,,,,,,,,,,,,,,,,,,,,,,,,,,,,,,,"(-17.2, 0.4, -0.3)","(-17.2, 0.8, -0.2)","(-17.4, 0.3, -0.1)",
PLAYER_GAZE,364355,6/26/2026 11:36:19 AM,e7ca1105-8b8f-4dee-a332-17c93bb5c040,2.0,,,,,,,,,,,,,,,,,,,,,,,,Civilian PT 7,,,,,,,,,"(0.4, 0.8, -0.1)",,,"(-17.6, 0.0, -0.1)",
INJURY_TREATED,364550,6/26/2026 11:36:19 AM,e7ca1105-8b8f-4dee-a332-17c93bb5c040,2.0,,,,,,,,,leftCalf,L Lower Leg Burn,"(-17.5, 0.2, -0.1)",burnDressing,1,1,high,True,True,,,,,,,Civilian PT 7,
TOOL_APPLIED,364550,6/26/2026 11:36:19 AM,e7ca1105-8b8f-4dee-a332-17c93bb5c040,2.0,,,,,,,,,,,,,,,,,,,,,,,,Civilian PT 7,,,,,,,,,,,,,,,,,,,,AppliedBurnDressing,skinCollider_BodyGar_LOD (UnityEngine.GameObject),,Burn Dressing(Clone) (UnityEngine.GameObject),Burn Dressing,
PLAYER_POSITIONS,364854,6/26/2026 11:36:19 AM,e7ca1105-8b8f-4dee-a332-17c93bb5c040,2.0,,,,,,,,,,,,,,,,,,,,,,,,,,,,,,,,,,,"(-17.2, 0.4, -0.3)","(-17.2, 0.8, -0.2)","(-17.4, 0.3, -0.1)",
PLAYER_GAZE,364854,6/26/2026 11:36:19 AM,e7ca1105-8b8f-4dee-a332-17c93bb5c040,2.0,,,,,,,,,,,,,,,,,,,,,,,,Civilian PT 7,,,,,,,,,"(0.4, 0.8, -0.1)",,,"(-17.6, 0.0, -0.1)",
PLAYER_POSITIONS,364854,6/26/2026 11:36:19 AM,e7ca1105-8b8f-4dee-a332-17c93bb5c040,2.0,,,,,,,,,,,,,,,,,,,,,,,,,,,,,,,,,,,"(-17.2, 0.4, -0.3)","(-17.2, 0.8, -0.2)","(-17.4, 0.3, -0.1)",
PLAYER_GAZE,364854,6/26/2026 11:36:19 AM,e7ca1105-8b8f-4dee-a332-17c93bb5c040,2.0,,,,,,,,,,,,,,,,,,,,,,,,Civilian PT 7,,,,,,,,,"(0.4, 0.8, -0.1)",,,"(-17.6, 0.0, -0.1)",
BAG_CLOSED,365284,6/26/2026 11:36:20 AM,e7ca1105-8b8f-4dee-a332-17c93bb5c040,2.0,,,,,,,,,,,,,,,,,,,,,,,,,,,,,,,,,,,,"(0.0, 0.0, 0.0)",
PLAYER_POSITIONS,365369,6/26/2026 11:36:20 AM,e7ca1105-8b8f-4dee-a332-17c93bb5c040,2.0,,,,,,,,,,,,,,,,,,,,,,,,,,,,,,,,,,,"(-17.2, 0.4, -0.2)","(-17.1, 0.8, -0.2)","(-17.0, 0.2, 0.1)",
PLAYER_POSITIONS,365369,6/26/2026 11:36:20 AM,e7ca1105-8b8f-4dee-a332-17c93bb5c040,2.0,,,,,,,,,,,,,,,,,,,,,,,,,,,,,,,,,,,"(-17.2, 0.4, -0.2)","(-17.1, 0.8, -0.2)","(-17.0, 0.2, 0.1)",
PLAYER_POSITIONS,365897,6/26/2026 11:36:20 AM,e7ca1105-8b8f-4dee-a332-17c93bb5c040,2.0,,,,,,,,,,,,,,,,,,,,,,,,,,,,,,,,,,,"(-17.0, 0.4, -0.4)","(-16.9, 0.9, -0.4)","(-16.9, 0.3, -0.1)",
PLAYER_POSITIONS,365897,6/26/2026 11:36:20 AM,e7ca1105-8b8f-4dee-a332-17c93bb5c040,2.0,,,,,,,,,,,,,,,,,,,,,,,,,,,,,,,,,,,"(-17.0, 0.4, -0.4)","(-16.9, 0.9, -0.4)","(-16.9, 0.3, -0.1)",
PLAYER_POSITIONS,366427,6/26/2026 11:36:21 AM,e7ca1105-8b8f-4dee-a332-17c93bb5c040,2.0,,,,,,,,,,,,,,,,,,,,,,,,,,,,,,,,,,,"(-17.0, 0.4, -0.5)","(-16.9, 0.9, -0.5)","(-16.9, 0.5, -0.2)",
PLAYER_POSITIONS,366427,6/26/2026 11:36:21 AM,e7ca1105-8b8f-4dee-a332-17c93bb5c040,2.0,,,,,,,,,,,,,,,,,,,,,,,,,,,,,,,,,,,"(-17.0, 0.4, -0.5)","(-16.9, 0.9, -0.5)","(-16.9, 0.5, -0.2)",
PLAYER_POSITIONS,366926,6/26/2026 11:36:21 AM,e7ca1105-8b8f-4dee-a332-17c93bb5c040,2.0,,,,,,,,,,,,,,,,,,,,,,,,,,,,,,,,,,,"(-17.0, 0.4, -0.5)","(-16.8, 1.0, -0.6)","(-16.9, 0.4, -0.2)",
PLAYER_POSITIONS,366926,6/26/2026 11:36:21 AM,e7ca1105-8b8f-4dee-a332-17c93bb5c040,2.0,,,,,,,,,,,,,,,,,,,,,,,,,,,,,,,,,,,"(-17.0, 0.4, -0.5)","(-16.8, 1.0, -0.6)","(-16.9, 0.4, -0.2)",
AUDIO_END,367273,6/26/2026 11:36:21 AM,e7ca1105-8b8f-4dee-a332-17c93bb5c040,2.0,request gbu 38,5.067755,
NARRATIVE_SECTION_END,367273,6/26/2026 11:36:21 AM,e7ca1105-8b8f-4dee-a332-17c93bb5c040,2.0,,,,,,,,,,,,,,,,,,Request GBU 38,40,
NARRATIVE_SECTION_START,367324,6/26/2026 11:36:22 AM,e7ca1105-8b8f-4dee-a332-17c93bb5c040,2.0,,,,,,,,,,,,,,,,,,Razor 1 inbound,41,
PLAYER_POSITIONS,367440,6/26/2026 11:36:22 AM,e7ca1105-8b8f-4dee-a332-17c93bb5c040,2.0,,,,,,,,,,,,,,,,,,,,,,,,,,,,,,,,,,,"(-17.0, 0.4, -0.4)","(-16.7, 1.0, -0.4)","(-16.8, 0.4, -0.2)",
PLAYER_POSITIONS,367440,6/26/2026 11:36:22 AM,e7ca1105-8b8f-4dee-a332-17c93bb5c040,2.0,,,,,,,,,,,,,,,,,,,,,,,,,,,,,,,,,,,"(-17.0, 0.4, -0.4)","(-16.7, 1.0, -0.4)","(-16.8, 0.4, -0.2)",
PLAYER_POSITIONS,367955,6/26/2026 11:36:22 AM,e7ca1105-8b8f-4dee-a332-17c93bb5c040,2.0,,,,,,,,,,,,,,,,,,,,,,,,,,,,,,,,,,,"(-16.7, 0.4, -0.4)","(-16.4, 1.0, -0.4)","(-16.4, 0.4, -0.2)",
PLAYER_POSITIONS,367955,6/26/2026 11:36:22 AM,e7ca1105-8b8f-4dee-a332-17c93bb5c040,2.0,,,,,,,,,,,,,,,,,,,,,,,,,,,,,,,,,,,"(-16.7, 0.4, -0.4)","(-16.4, 1.0, -0.4)","(-16.4, 0.4, -0.2)",
PLAYER_POSITIONS,368477,6/26/2026 11:36:23 AM,e7ca1105-8b8f-4dee-a332-17c93bb5c040,2.0,,,,,,,,,,,,,,,,,,,,,,,,,,,,,,,,,,,"(-15.9, 0.4, -0.8)","(-15.5, 0.9, -0.9)","(-15.4, 0.5, -0.6)",
PLAYER_POSITIONS,368477,6/26/2026 11:36:23 AM,e7ca1105-8b8f-4dee-a332-17c93bb5c040,2.0,,,,,,,,,,,,,,,,,,,,,,,,,,,,,,,,,,,"(-15.9, 0.4, -0.8)","(-15.5, 0.9, -0.9)","(-15.4, 0.5, -0.6)",
PATIENT_DISENGAGED,368556,6/26/2026 11:36:23 AM,e7ca1105-8b8f-4dee-a332-17c93bb5c040,2.0,,,,23.87,,,,,,,,,,,,,,,,normal,100,Infinity,normal,Civilian PT 7,agony,recovery,"(-17.6, -0.1, -0.1)",normal,"(0.0, 0.5, 0.0, 0.9)",normal,DELAYED,still,,,,,,,,,,,,,,,,,23.87,
PATIENT_ENGAGED,368998,6/26/2026 11:36:23 AM,e7ca1105-8b8f-4dee-a332-17c93bb5c040,2.0,,,,0,,,,,,,,,,,,,,,,fast,100,Infinity,normal,Civilian PT 15,upset,supine,"(-14.4, -0.1, -0.3)",fast,"(0.0, 0.8, 0.0, 0.6)",normal,IMMEDIATE,still,,,,,,,,,,,,,,,,,19.13,
PLAYER_POSITIONS,369000,6/26/2026 11:36:23 AM,e7ca1105-8b8f-4dee-a332-17c93bb5c040,2.0,,,,,,,,,,,,,,,,,,,,,,,,,,,,,,,,,,,"(-15.5, 0.3, -0.9)","(-15.2, 0.8, -0.9)","(-15.0, 0.4, -0.7)",
PLAYER_POSITIONS,369000,6/26/2026 11:36:23 AM,e7ca1105-8b8f-4dee-a332-17c93bb5c040,2.0,,,,,,,,,,,,,,,,,,,,,,,,,,,,,,,,,,,"(-15.5, 0.3, -0.9)","(-15.2, 0.8, -0.9)","(-15.0, 0.4, -0.7)",
AUDIO_START,369319,6/26/2026 11:36:24 AM,e7ca1105-8b8f-4dee-a332-17c93bb5c040,2.0,razor 1 inbound,3.343673,
PLAYER_POSITIONS,369529,6/26/2026 11:36:24 AM,e7ca1105-8b8f-4dee-a332-17c93bb5c040,2.0,,,,,,,,,,,,,,,,,,,,,,,,,,,,,,,,,,,"(-14.9, 0.4, -0.8)","(-14.6, 0.8, -0.8)","(-14.4, 0.4, -0.6)",
PLAYER_POSITIONS,369529,6/26/2026 11:36:24 AM,e7ca1105-8b8f-4dee-a332-17c93bb5c040,2.0,,,,,,,,,,,,,,,,,,,,,,,,,,,,,,,,,,,"(-14.9, 0.4, -0.8)","(-14.6, 0.8, -0.8)","(-14.4, 0.4, -0.6)",
PLAYER_POSITIONS,370047,6/26/2026 11:36:24 AM,e7ca1105-8b8f-4dee-a332-17c93bb5c040,2.0,,,,,,,,,,,,,,,,,,,,,,,,,,,,,,,,,,,"(-14.8, 0.4, -0.9)","(-14.6, 0.8, -0.9)","(-14.4, 0.4, -0.7)",
PLAYER_POSITIONS,370047,6/26/2026 11:36:24 AM,e7ca1105-8b8f-4dee-a332-17c93bb5c040,2.0,,,,,,,,,,,,,,,,,,,,,,,,,,,,,,,,,,,"(-14.8, 0.4, -0.9)","(-14.6, 0.8, -0.9)","(-14.4, 0.4, -0.7)",
PLAYER_POSITIONS,370547,6/26/2026 11:36:25 AM,e7ca1105-8b8f-4dee-a332-17c93bb5c040,2.0,,,,,,,,,,,,,,,,,,,,,,,,,,,,,,,,,,,"(-14.9, 0.4, -1.1)","(-14.7, 0.8, -1.1)","(-14.5, 0.5, -0.9)",
PLAYER_POSITIONS,370547,6/26/2026 11:36:25 AM,e7ca1105-8b8f-4dee-a332-17c93bb5c040,2.0,,,,,,,,,,,,,,,,,,,,,,,,,,,,,,,,,,,"(-14.9, 0.4, -1.1)","(-14.7, 0.8, -1.1)","(-14.5, 0.5, -0.9)",
PLAYER_POSITIONS,371047,6/26/2026 11:36:25 AM,e7ca1105-8b8f-4dee-a332-17c93bb5c040,2.0,,,,,,,,,,,,,,,,,,,,,,,,,,,,,,,,,,,"(-14.9, 0.4, -1.1)","(-14.6, 0.9, -1.1)","(-14.5, 0.6, -0.9)",
PLAYER_POSITIONS,371047,6/26/2026 11:36:25 AM,e7ca1105-8b8f-4dee-a332-17c93bb5c040,2.0,,,,,,,,,,,,,,,,,,,,,,,,,,,,,,,,,,,"(-14.9, 0.4, -1.1)","(-14.6, 0.9, -1.1)","(-14.5, 0.6, -0.9)",
PLAYER_POSITIONS,371575,6/26/2026 11:36:26 AM,e7ca1105-8b8f-4dee-a332-17c93bb5c040,2.0,,,,,,,,,,,,,,,,,,,,,,,,,,,,,,,,,,,"(-14.6, 0.4, -0.8)","(-14.3, 0.9, -0.8)","(-14.2, 0.6, -0.7)",
PLAYER_GAZE,371575,6/26/2026 11:36:26 AM,e7ca1105-8b8f-4dee-a332-17c93bb5c040,2.0,,,,,,,,,,,,,,,,,,,,,,,,Civilian PT 15,,,,,,,,,"(0.1, 0.9, -0.5)",,,"(-14.4, 0.0, -0.3)",
PLAYER_POSITIONS,371575,6/26/2026 11:36:26 AM,e7ca1105-8b8f-4dee-a332-17c93bb5c040,2.0,,,,,,,,,,,,,,,,,,,,,,,,,,,,,,,,,,,"(-14.6, 0.4, -0.8)","(-14.3, 0.9, -0.8)","(-14.2, 0.6, -0.7)",
PLAYER_GAZE,371575,6/26/2026 11:36:26 AM,e7ca1105-8b8f-4dee-a332-17c93bb5c040,2.0,,,,,,,,,,,,,,,,,,,,,,,,Civilian PT 15,,,,,,,,,"(0.1, 0.9, -0.5)",,,"(-14.4, 0.0, -0.3)",
PLAYER_POSITIONS,372102,6/26/2026 11:36:26 AM,e7ca1105-8b8f-4dee-a332-17c93bb5c040,2.0,,,,,,,,,,,,,,,,,,,,,,,,,,,,,,,,,,,"(-13.7, 0.4, -0.4)","(-13.5, 1.0, -0.4)","(-13.4, 0.6, -0.2)",
PLAYER_GAZE,372102,6/26/2026 11:36:26 AM,e7ca1105-8b8f-4dee-a332-17c93bb5c040,2.0,,,,,,,,,,,,,,,,,,,,,,,,Civilian PT 14,,,,,,,,,"(0.6, 1.0, -4.0)",,,"(-14.1, 0.0, 3.6)",
PLAYER_POSITIONS,372102,6/26/2026 11:36:26 AM,e7ca1105-8b8f-4dee-a332-17c93bb5c040,2.0,,,,,,,,,,,,,,,,,,,,,,,,,,,,,,,,,,,"(-13.7, 0.4, -0.4)","(-13.5, 1.0, -0.4)","(-13.4, 0.6, -0.2)",
PLAYER_GAZE,372102,6/26/2026 11:36:26 AM,e7ca1105-8b8f-4dee-a332-17c93bb5c040,2.0,,,,,,,,,,,,,,,,,,,,,,,,Civilian PT 14,,,,,,,,,"(0.6, 1.0, -4.0)",,,"(-14.1, 0.0, 3.6)",
PLAYER_POSITIONS,372629,6/26/2026 11:36:27 AM,e7ca1105-8b8f-4dee-a332-17c93bb5c040,2.0,,,,,,,,,,,,,,,,,,,,,,,,,,,,,,,,,,,"(-13.8, 0.4, 0.5)","(-13.6, 1.0, 0.5)","(-13.4, 0.6, 0.7)",
PLAYER_POSITIONS,372629,6/26/2026 11:36:27 AM,e7ca1105-8b8f-4dee-a332-17c93bb5c040,2.0,,,,,,,,,,,,,,,,,,,,,,,,,,,,,,,,,,,"(-13.8, 0.4, 0.5)","(-13.6, 1.0, 0.5)","(-13.4, 0.6, 0.7)",
AUDIO_END,372657,6/26/2026 11:36:27 AM,e7ca1105-8b8f-4dee-a332-17c93bb5c040,2.0,razor 1 inbound,3.343673,
NARRATIVE_SECTION_END,372657,6/26/2026 11:36:27 AM,e7ca1105-8b8f-4dee-a332-17c93bb5c040,2.0,,,,,,,,,,,,,,,,,,Razor 1 inbound,41,
NARRATIVE_SECTION_START,372715,6/26/2026 11:36:27 AM,e7ca1105-8b8f-4dee-a332-17c93bb5c040,2.0,,,,,,,,,,,,,,,,,,Delta this is razor 1 cleared hot,42,
PLAYER_POSITIONS,373136,6/26/2026 11:36:27 AM,e7ca1105-8b8f-4dee-a332-17c93bb5c040,2.0,,,,,,,,,,,,,,,,,,,,,,,,,,,,,,,,,,,"(-13.7, 0.4, 1.4)","(-13.4, 1.0, 1.4)","(-13.3, 0.6, 1.6)",
PLAYER_GAZE,373136,6/26/2026 11:36:27 AM,e7ca1105-8b8f-4dee-a332-17c93bb5c040,2.0,,,,,,,,,,,,,,,,,,,,,,,,Civilian PT 14,,,,,,,,,"(0.6, 1.0, -2.2)",,,"(-14.1, 0.0, 3.6)",
PLAYER_POSITIONS,373136,6/26/2026 11:36:27 AM,e7ca1105-8b8f-4dee-a332-17c93bb5c040,2.0,,,,,,,,,,,,,,,,,,,,,,,,,,,,,,,,,,,"(-13.7, 0.4, 1.4)","(-13.4, 1.0, 1.4)","(-13.3, 0.6, 1.6)",
PLAYER_GAZE,373136,6/26/2026 11:36:27 AM,e7ca1105-8b8f-4dee-a332-17c93bb5c040,2.0,,,,,,,,,,,,,,,,,,,,,,,,Civilian PT 14,,,,,,,,,"(0.6, 1.0, -2.2)",,,"(-14.1, 0.0, 3.6)",
PATIENT_DISENGAGED,373397,6/26/2026 11:36:28 AM,e7ca1105-8b8f-4dee-a332-17c93bb5c040,2.0,,,,4.4,,,,,,,,,,,,,,,,fast,100,Infinity,normal,Civilian PT 15,upset,supine,"(-14.4, -0.1, -0.3)",fast,"(0.0, 0.8, 0.0, 0.6)",normal,IMMEDIATE,still,,,,,,,,,,,,,,,,,23.53,
PLAYER_POSITIONS,373648,6/26/2026 11:36:28 AM,e7ca1105-8b8f-4dee-a332-17c93bb5c040,2.0,,,,,,,,,,,,,,,,,,,,,,,,,,,,,,,,,,,"(-14.0, 0.4, 2.3)","(-13.8, 0.9, 2.3)","(-13.6, 0.6, 2.5)",
PLAYER_POSITIONS,373648,6/26/2026 11:36:28 AM,e7ca1105-8b8f-4dee-a332-17c93bb5c040,2.0,,,,,,,,,,,,,,,,,,,,,,,,,,,,,,,,,,,"(-14.0, 0.4, 2.3)","(-13.8, 0.9, 2.3)","(-13.6, 0.6, 2.5)",
PLAYER_POSITIONS,374174,6/26/2026 11:36:28 AM,e7ca1105-8b8f-4dee-a332-17c93bb5c040,2.0,,,,,,,,,,,,,,,,,,,,,,,,,,,,,,,,,,,"(-14.3, 0.5, 3.0)","(-14.0, 1.0, 3.0)","(-13.9, 0.7, 3.2)",
PLAYER_POSITIONS,374174,6/26/2026 11:36:28 AM,e7ca1105-8b8f-4dee-a332-17c93bb5c040,2.0,,,,,,,,,,,,,,,,,,,,,,,,,,,,,,,,,,,"(-14.3, 0.5, 3.0)","(-14.0, 1.0, 3.0)","(-13.9, 0.7, 3.2)",
PATIENT_ENGAGED,374254,6/26/2026 11:36:28 AM,e7ca1105-8b8f-4dee-a332-17c93bb5c040,2.0,,,,0,,,,,,,,,,,,,,,,normal,100,Infinity,normal,Civilian PT 14,upset,sittingGround,"(-14.1, 0.0, 3.6)",normal,"(0.0, 0.8, 0.0, 0.6)",normal,DELAYED,still,,,,,,,,,,,,,,,,,0,
VOICE_CAPTURE,374257,6/26/2026 11:36:28 AM,e7ca1105-8b8f-4dee-a332-17c93bb5c040,2.0,,,,,,,,,,,,,,,,,,,,,,,,,,,,,,,,,,,,,,,,,,,,,,,,,,,NA,"Hey, Bob.",
PLAYER_POSITIONS,374688,6/26/2026 11:36:29 AM,e7ca1105-8b8f-4dee-a332-17c93bb5c040,2.0,,,,,,,,,,,,,,,,,,,,,,,,,,,,,,,,,,,"(-14.3, 0.5, 3.0)","(-14.1, 1.0, 3.0)","(-14.0, 0.7, 3.2)",
PLAYER_POSITIONS,374688,6/26/2026 11:36:29 AM,e7ca1105-8b8f-4dee-a332-17c93bb5c040,2.0,,,,,,,,,,,,,,,,,,,,,,,,,,,,,,,,,,,"(-14.3, 0.5, 3.0)","(-14.1, 1.0, 3.0)","(-14.0, 0.7, 3.2)",
AUDIO_START,374721,6/26/2026 11:36:29 AM,e7ca1105-8b8f-4dee-a332-17c93bb5c040,2.0,delta this is razor 1 cleared hot,4.362449,
VOICE_CAPTURE,374721,6/26/2026 11:36:29 AM,e7ca1105-8b8f-4dee-a332-17c93bb5c040,2.0,,,,,,,,,,,,,,,,,,,,,,,,,,,,,,,,,,,,,,,,,,,,,,,,,,,NA,"Hey, Bubba.",
PLAYER_POSITIONS,375206,6/26/2026 11:36:29 AM,e7ca1105-8b8f-4dee-a332-17c93bb5c040,2.0,,,,,,,,,,,,,,,,,,,,,,,,,,,,,,,,,,,"(-14.4, 0.5, 3.2)","(-14.2, 1.0, 3.2)","(-14.1, 0.7, 3.4)",
PLAYER_POSITIONS,375206,6/26/2026 11:36:29 AM,e7ca1105-8b8f-4dee-a332-17c93bb5c040,2.0,,,,,,,,,,,,,,,,,,,,,,,,,,,,,,,,,,,"(-14.4, 0.5, 3.2)","(-14.2, 1.0, 3.2)","(-14.1, 0.7, 3.4)",
VOICE_CAPTURE,375235,6/26/2026 11:36:29 AM,e7ca1105-8b8f-4dee-a332-17c93bb5c040,2.0,,,,,,,,,,,,,,,,,,,,,,,,,,,,,,,,,,,,,,,,,,,,,,,,,,,NA,"Hey, Bubba.",
VOICE_CAPTURE,375236,6/26/2026 11:36:29 AM,e7ca1105-8b8f-4dee-a332-17c93bb5c040,2.0,,,,,,,,,,,,,,,,,,,,,,,,,,,,,,,,,,,,,,,,,,,,,,,,,,,NA,"Hey, Bubba.",
PLAYER_POSITIONS,375717,6/26/2026 11:36:30 AM,e7ca1105-8b8f-4dee-a332-17c93bb5c040,2.0,,,,,,,,,,,,,,,,,,,,,,,,,,,,,,,,,,,"(-14.4, 0.5, 3.2)","(-14.2, 1.0, 3.2)","(-14.0, 0.6, 3.6)",
PLAYER_POSITIONS,375717,6/26/2026 11:36:30 AM,e7ca1105-8b8f-4dee-a332-17c93bb5c040,2.0,,,,,,,,,,,,,,,,,,,,,,,,,,,,,,,,,,,"(-14.4, 0.5, 3.2)","(-14.2, 1.0, 3.2)","(-14.0, 0.6, 3.6)",
PLAYER_POSITIONS,376231,6/26/2026 11:36:30 AM,e7ca1105-8b8f-4dee-a332-17c93bb5c040,2.0,,,,,,,,,,,,,,,,,,,,,,,,,,,,,,,,,,,"(-14.4, 0.5, 3.2)","(-14.1, 1.0, 3.2)","(-13.8, 0.5, 3.6)",
PLAYER_GAZE,376231,6/26/2026 11:36:30 AM,e7ca1105-8b8f-4dee-a332-17c93bb5c040,2.0,,,,,,,,,,,,,,,,,,,,,,,,Civilian PT 14,,,,,,,,,"(0.0, 1.0, -0.4)",,,"(-14.1, 0.0, 3.6)",
PLAYER_POSITIONS,376231,6/26/2026 11:36:30 AM,e7ca1105-8b8f-4dee-a332-17c93bb5c040,2.0,,,,,,,,,,,,,,,,,,,,,,,,,,,,,,,,,,,"(-14.4, 0.5, 3.2)","(-14.1, 1.0, 3.2)","(-13.8, 0.5, 3.6)",
PLAYER_GAZE,376231,6/26/2026 11:36:30 AM,e7ca1105-8b8f-4dee-a332-17c93bb5c040,2.0,,,,,,,,,,,,,,,,,,,,,,,,Civilian PT 14,,,,,,,,,"(0.0, 1.0, -0.4)",,,"(-14.1, 0.0, 3.6)",
VOICE_CAPTURE,376231,6/26/2026 11:36:30 AM,e7ca1105-8b8f-4dee-a332-17c93bb5c040,2.0,,,,,,,,,,,,,,,,,,,,,,,,,,,,,,,,,,,,,,,,,,,,,,,,,,,NA,Whoa.,
VOICE_CAPTURE,376689,6/26/2026 11:36:31 AM,e7ca1105-8b8f-4dee-a332-17c93bb5c040,2.0,,,,,,,,,,,,,,,,,,,,,,,,,,,,,,,,,,,,,,,,,,,,,,,,,,,NA,Whoa. Whoa.,
PLAYER_POSITIONS,376744,6/26/2026 11:36:31 AM,e7ca1105-8b8f-4dee-a332-17c93bb5c040,2.0,,,,,,,,,,,,,,,,,,,,,,,,,,,,,,,,,,,"(-14.4, 0.4, 3.2)","(-14.1, 1.0, 3.3)","(-14.0, 0.7, 3.7)",
PLAYER_GAZE,376745,6/26/2026 11:36:31 AM,e7ca1105-8b8f-4dee-a332-17c93bb5c040,2.0,,,,,,,,,,,,,,,,,,,,,,,,Civilian PT 14,,,,,,,,,"(0.0, 1.0, -0.3)",,,"(-14.1, 0.0, 3.6)",
PLAYER_POSITIONS,376744,6/26/2026 11:36:31 AM,e7ca1105-8b8f-4dee-a332-17c93bb5c040,2.0,,,,,,,,,,,,,,,,,,,,,,,,,,,,,,,,,,,"(-14.4, 0.4, 3.2)","(-14.1, 1.0, 3.3)","(-14.0, 0.7, 3.7)",
PLAYER_GAZE,376745,6/26/2026 11:36:31 AM,e7ca1105-8b8f-4dee-a332-17c93bb5c040,2.0,,,,,,,,,,,,,,,,,,,,,,,,Civilian PT 14,,,,,,,,,"(0.0, 1.0, -0.3)",,,"(-14.1, 0.0, 3.6)",
TOOL_HOVER,376963,6/26/2026 11:36:31 AM,e7ca1105-8b8f-4dee-a332-17c93bb5c040,2.0,,,,,,,,,,,,,,,,,,,,,,,,,,,,,,,,,,,,,,,,,,,,,,998,,Gauze Wrap,
TOOL_SELECTED,377048,6/26/2026 11:36:31 AM,e7ca1105-8b8f-4dee-a332-17c93bb5c040,2.0,,,,,,,,,,,,,,,,,,,,,,,,,,,,,,,,,,,,,,,,,,,,,,997,,Gauze Wrap,
VOICE_CAPTURE,377204,6/26/2026 11:36:31 AM,e7ca1105-8b8f-4dee-a332-17c93bb5c040,2.0,,,,,,,,,,,,,,,,,,,,,,,,,,,,,,,,,,,,,,,,,,,,,,,,,,,NA,Whoa. Whoa.,
VOICE_CAPTURE,377204,6/26/2026 11:36:31 AM,e7ca1105-8b8f-4dee-a332-17c93bb5c040,2.0,,,,,,,,,,,,,,,,,,,,,,,,,,,,,,,,,,,,,,,,,,,,,,,,,,,NA,Whoa. Whoa.,
PLAYER_POSITIONS,377259,6/26/2026 11:36:31 AM,e7ca1105-8b8f-4dee-a332-17c93bb5c040,2.0,,,,,,,,,,,,,,,,,,,,,,,,,,,,,,,,,,,"(-14.4, 0.5, 3.2)","(-14.1, 1.0, 3.3)","(-14.1, 0.6, 3.7)",
PLAYER_GAZE,377259,6/26/2026 11:36:31 AM,e7ca1105-8b8f-4dee-a332-17c93bb5c040,2.0,,,,,,,,,,,,,,,,,,,,,,,,Civilian PT 14,,,,,,,,,"(-0.1, 1.0, -0.3)",,,"(-14.1, 0.0, 3.6)",
PLAYER_POSITIONS,377259,6/26/2026 11:36:31 AM,e7ca1105-8b8f-4dee-a332-17c93bb5c040,2.0,,,,,,,,,,,,,,,,,,,,,,,,,,,,,,,,,,,"(-14.4, 0.5, 3.2)","(-14.1, 1.0, 3.3)","(-14.1, 0.6, 3.7)",
PLAYER_GAZE,377259,6/26/2026 11:36:31 AM,e7ca1105-8b8f-4dee-a332-17c93bb5c040,2.0,,,,,,,,,,,,,,,,,,,,,,,,Civilian PT 14,,,,,,,,,"(-0.1, 1.0, -0.3)",,,"(-14.1, 0.0, 3.6)",
VOICE_CAPTURE,377731,6/26/2026 11:36:32 AM,e7ca1105-8b8f-4dee-a332-17c93bb5c040,2.0,,,,,,,,,,,,,,,,,,,,,,,,,,,,,,,,,,,,,,,,,,,,,,,,,,,NA,what is up with your face?,
PLAYER_POSITIONS,377785,6/26/2026 11:36:32 AM,e7ca1105-8b8f-4dee-a332-17c93bb5c040,2.0,,,,,,,,,,,,,,,,,,,,,,,,,,,,,,,,,,,"(-14.4, 0.5, 3.2)","(-14.2, 1.0, 3.3)","(-14.4, 0.6, 3.6)",
PLAYER_POSITIONS,377785,6/26/2026 11:36:32 AM,e7ca1105-8b8f-4dee-a332-17c93bb5c040,2.0,,,,,,,,,,,,,,,,,,,,,,,,,,,,,,,,,,,"(-14.4, 0.5, 3.2)","(-14.2, 1.0, 3.3)","(-14.4, 0.6, 3.6)",
INJURY_TREATED,377814,6/26/2026 11:36:32 AM,e7ca1105-8b8f-4dee-a332-17c93bb5c040,2.0,,,,,,,,,head,L Face Abrasion,"(-14.4, 0.6, 3.5)",gauzeWrap,1,1,low,True,True,,,,,,,Civilian PT 14,
TOOL_APPLIED,377814,6/26/2026 11:36:32 AM,e7ca1105-8b8f-4dee-a332-17c93bb5c040,2.0,,,,,,,,,,,,,,,,,,,,,,,,Civilian PT 14,,,,,,,,,,,,,,,,,,,,AppliedGauzeWrap,skinCollider_BodyLOD (UnityEngine.GameObject),,Gauze Wrap(Clone) (UnityEngine.GameObject),Gauze Wrap,
VOICE_CAPTURE,378231,6/26/2026 11:36:32 AM,e7ca1105-8b8f-4dee-a332-17c93bb5c040,2.0,,,,,,,,,,,,,,,,,,,,,,,,,,,,,,,,,,,,,,,,,,,,,,,,,,,NA,what is up with your face?,
VOICE_CAPTURE,378231,6/26/2026 11:36:32 AM,e7ca1105-8b8f-4dee-a332-17c93bb5c040,2.0,,,,,,,,,,,,,,,,,,,,,,,,,,,,,,,,,,,,,,,,,,,,,,,,,,,NA,what is up with your face?,
PLAYER_POSITIONS,378313,6/26/2026 11:36:33 AM,e7ca1105-8b8f-4dee-a332-17c93bb5c040,2.0,,,,,,,,,,,,,,,,,,,,,,,,,,,,,,,,,,,"(-14.4, 0.5, 3.2)","(-14.2, 1.0, 3.3)","(-14.3, 0.6, 3.5)",
PLAYER_POSITIONS,378313,6/26/2026 11:36:33 AM,e7ca1105-8b8f-4dee-a332-17c93bb5c040,2.0,,,,,,,,,,,,,,,,,,,,,,,,,,,,,,,,,,,"(-14.4, 0.5, 3.2)","(-14.2, 1.0, 3.3)","(-14.3, 0.6, 3.5)",
PLAYER_POSITIONS,378814,6/26/2026 11:36:33 AM,e7ca1105-8b8f-4dee-a332-17c93bb5c040,2.0,,,,,,,,,,,,,,,,,,,,,,,,,,,,,,,,,,,"(-14.4, 0.5, 3.3)","(-14.1, 1.0, 3.3)","(-14.0, 0.5, 3.5)",
PLAYER_POSITIONS,378814,6/26/2026 11:36:33 AM,e7ca1105-8b8f-4dee-a332-17c93bb5c040,2.0,,,,,,,,,,,,,,,,,,,,,,,,,,,,,,,,,,,"(-14.4, 0.5, 3.3)","(-14.1, 1.0, 3.3)","(-14.0, 0.5, 3.5)",
AUDIO_END,379106,6/26/2026 11:36:33 AM,e7ca1105-8b8f-4dee-a332-17c93bb5c040,2.0,delta this is razor 1 cleared hot,4.362449,
NARRATIVE_SECTION_END,379106,6/26/2026 11:36:33 AM,e7ca1105-8b8f-4dee-a332-17c93bb5c040,2.0,,,,,,,,,,,,,,,,,,Delta this is razor 1 cleared hot,42,
NARRATIVE_SECTION_START,379156,6/26/2026 11:36:33 AM,e7ca1105-8b8f-4dee-a332-17c93bb5c040,2.0,,,,,,,,,,,,,,,,,,Distant Jet,43,
VOICE_CAPTURE,379230,6/26/2026 11:36:33 AM,e7ca1105-8b8f-4dee-a332-17c93bb5c040,2.0,,,,,,,,,,,,,,,,,,,,,,,,,,,,,,,,,,,,,,,,,,,,,,,,,,,NA,with your face.,
PLAYER_POSITIONS,379313,6/26/2026 11:36:34 AM,e7ca1105-8b8f-4dee-a332-17c93bb5c040,2.0,,,,,,,,,,,,,,,,,,,,,,,,,,,,,,,,,,,"(-14.4, 0.5, 3.1)","(-14.2, 1.0, 3.1)","(-14.0, 0.5, 3.4)",
PLAYER_POSITIONS,379313,6/26/2026 11:36:34 AM,e7ca1105-8b8f-4dee-a332-17c93bb5c040,2.0,,,,,,,,,,,,,,,,,,,,,,,,,,,,,,,,,,,"(-14.4, 0.5, 3.1)","(-14.2, 1.0, 3.1)","(-14.0, 0.5, 3.4)",
BAG_CLOSED,379379,6/26/2026 11:36:34 AM,e7ca1105-8b8f-4dee-a332-17c93bb5c040,2.0,,,,,,,,,,,,,,,,,,,,,,,,,,,,,,,,,,,,"(0.0, 0.0, 0.0)",
VOICE_CAPTURE,379688,6/26/2026 11:36:34 AM,e7ca1105-8b8f-4dee-a332-17c93bb5c040,2.0,,,,,,,,,,,,,,,,,,,,,,,,,,,,,,,,,,,,,,,,,,,,,,,,,,,NA,with your face.,
PLAYER_POSITIONS,379826,6/26/2026 11:36:34 AM,e7ca1105-8b8f-4dee-a332-17c93bb5c040,2.0,,,,,,,,,,,,,,,,,,,,,,,,,,,,,,,,,,,"(-14.2, 0.4, 3.3)","(-13.9, 0.9, 3.4)","(-13.8, 0.6, 3.5)",
PLAYER_GAZE,379826,6/26/2026 11:36:34 AM,e7ca1105-8b8f-4dee-a332-17c93bb5c040,2.0,,,,,,,,,,,,,,,,,,,,,,,,Civilian PT 14,,,,,,,,,"(0.1, 0.9, -0.3)",,,"(-14.1, 0.0, 3.6)",
PLAYER_POSITIONS,379826,6/26/2026 11:36:34 AM,e7ca1105-8b8f-4dee-a332-17c93bb5c040,2.0,,,,,,,,,,,,,,,,,,,,,,,,,,,,,,,,,,,"(-14.2, 0.4, 3.3)","(-13.9, 0.9, 3.4)","(-13.8, 0.6, 3.5)",
PLAYER_GAZE,379826,6/26/2026 11:36:34 AM,e7ca1105-8b8f-4dee-a332-17c93bb5c040,2.0,,,,,,,,,,,,,,,,,,,,,,,,Civilian PT 14,,,,,,,,,"(0.1, 0.9, -0.3)",,,"(-14.1, 0.0, 3.6)",
PLAYER_POSITIONS,380357,6/26/2026 11:36:35 AM,e7ca1105-8b8f-4dee-a332-17c93bb5c040,2.0,,,,,,,,,,,,,,,,,,,,,,,,,,,,,,,,,,,"(-14.0, 0.4, 3.4)","(-13.9, 0.9, 3.5)","(-13.7, 0.7, 3.8)",
PLAYER_GAZE,380357,6/26/2026 11:36:35 AM,e7ca1105-8b8f-4dee-a332-17c93bb5c040,2.0,,,,,,,,,,,,,,,,,,,,,,,,Civilian PT 14,,,,,,,,,"(0.2, 0.9, -0.1)",,,"(-14.1, 0.0, 3.6)",
PLAYER_POSITIONS,380357,6/26/2026 11:36:35 AM,e7ca1105-8b8f-4dee-a332-17c93bb5c040,2.0,,,,,,,,,,,,,,,,,,,,,,,,,,,,,,,,,,,"(-14.0, 0.4, 3.4)","(-13.9, 0.9, 3.5)","(-13.7, 0.7, 3.8)",
PLAYER_GAZE,380357,6/26/2026 11:36:35 AM,e7ca1105-8b8f-4dee-a332-17c93bb5c040,2.0,,,,,,,,,,,,,,,,,,,,,,,,Civilian PT 14,,,,,,,,,"(0.2, 0.9, -0.1)",,,"(-14.1, 0.0, 3.6)",
PLAYER_POSITIONS,380882,6/26/2026 11:36:35 AM,e7ca1105-8b8f-4dee-a332-17c93bb5c040,2.0,,,,,,,,,,,,,,,,,,,,,,,,,,,,,,,,,,,"(-14.1, 0.4, 3.4)","(-13.9, 0.9, 3.5)","(-13.6, 0.3, 3.8)",
PLAYER_GAZE,380882,6/26/2026 11:36:35 AM,e7ca1105-8b8f-4dee-a332-17c93bb5c040,2.0,,,,,,,,,,,,,,,,,,,,,,,,Civilian PT 14,,,,,,,,,"(0.1, 0.9, -0.1)",,,"(-14.1, 0.0, 3.6)",
PLAYER_POSITIONS,380882,6/26/2026 11:36:35 AM,e7ca1105-8b8f-4dee-a332-17c93bb5c040,2.0,,,,,,,,,,,,,,,,,,,,,,,,,,,,,,,,,,,"(-14.1, 0.4, 3.4)","(-13.9, 0.9, 3.5)","(-13.6, 0.3, 3.8)",
PLAYER_GAZE,380882,6/26/2026 11:36:35 AM,e7ca1105-8b8f-4dee-a332-17c93bb5c040,2.0,,,,,,,,,,,,,,,,,,,,,,,,Civilian PT 14,,,,,,,,,"(0.1, 0.9, -0.1)",,,"(-14.1, 0.0, 3.6)",
PLAYER_POSITIONS,381397,6/26/2026 11:36:36 AM,e7ca1105-8b8f-4dee-a332-17c93bb5c040,2.0,,,,,,,,,,,,,,,,,,,,,,,,,,,,,,,,,,,"(-14.1, 0.4, 3.4)","(-14.0, 0.9, 3.5)","(-13.8, 0.3, 3.6)",
PLAYER_GAZE,381397,6/26/2026 11:36:36 AM,e7ca1105-8b8f-4dee-a332-17c93bb5c040,2.0,,,,,,,,,,,,,,,,,,,,,,,,Civilian PT 14,,,,,,,,,"(0.1, 0.9, -0.1)",,,"(-14.1, 0.0, 3.6)",
PLAYER_POSITIONS,381397,6/26/2026 11:36:36 AM,e7ca1105-8b8f-4dee-a332-17c93bb5c040,2.0,,,,,,,,,,,,,,,,,,,,,,,,,,,,,,,,,,,"(-14.1, 0.4, 3.4)","(-14.0, 0.9, 3.5)","(-13.8, 0.3, 3.6)",
PLAYER_GAZE,381397,6/26/2026 11:36:36 AM,e7ca1105-8b8f-4dee-a332-17c93bb5c040,2.0,,,,,,,,,,,,,,,,,,,,,,,,Civilian PT 14,,,,,,,,,"(0.1, 0.9, -0.1)",,,"(-14.1, 0.0, 3.6)",
PULSE_TAKEN,381657,6/26/2026 11:36:36 AM,e7ca1105-8b8f-4dee-a332-17c93bb5c040,2.0,,,,,,,,,,,,,,,,,,,,,,,,Civilian PT 14,,,,pulse_normal,
VOICE_CAPTURE,381665,6/26/2026 11:36:36 AM,e7ca1105-8b8f-4dee-a332-17c93bb5c040,2.0,,,,,,,,,,,,,,,,,,,,,,,,,,,,,,,,,,,,,,,,,,,,,,,,,,,NA,Thank you.,
PLAYER_POSITIONS,381924,6/26/2026 11:36:36 AM,e7ca1105-8b8f-4dee-a332-17c93bb5c040,2.0,,,,,,,,,,,,,,,,,,,,,,,,,,,,,,,,,,,"(-14.3, 0.5, 3.3)","(-14.1, 0.9, 3.4)","(-13.8, 0.3, 3.6)",
PLAYER_POSITIONS,381924,6/26/2026 11:36:36 AM,e7ca1105-8b8f-4dee-a332-17c93bb5c040,2.0,,,,,,,,,,,,,,,,,,,,,,,,,,,,,,,,,,,"(-14.3, 0.5, 3.3)","(-14.1, 0.9, 3.4)","(-13.8, 0.3, 3.6)",
AUDIO_START,382170,6/26/2026 11:36:36 AM,e7ca1105-8b8f-4dee-a332-17c93bb5c040,2.0,distant jet,10.13551,
VOICE_CAPTURE,382198,6/26/2026 11:36:36 AM,e7ca1105-8b8f-4dee-a332-17c93bb5c040,2.0,,,,,,,,,,,,,,,,,,,,,,,,,,,,,,,,,,,,,,,,,,,,,,,,,,,NA,We're down.,
PLAYER_POSITIONS,382448,6/26/2026 11:36:37 AM,e7ca1105-8b8f-4dee-a332-17c93bb5c040,2.0,,,,,,,,,,,,,,,,,,,,,,,,,,,,,,,,,,,"(-14.2, 0.5, 3.3)","(-14.1, 0.9, 3.4)","(-13.9, 0.4, 3.6)",
PLAYER_POSITIONS,382448,6/26/2026 11:36:37 AM,e7ca1105-8b8f-4dee-a332-17c93bb5c040,2.0,,,,,,,,,,,,,,,,,,,,,,,,,,,,,,,,,,,"(-14.2, 0.5, 3.3)","(-14.1, 0.9, 3.4)","(-13.9, 0.4, 3.6)",
VOICE_CAPTURE,382780,6/26/2026 11:36:37 AM,e7ca1105-8b8f-4dee-a332-17c93bb5c040,2.0,,,,,,,,,,,,,,,,,,,,,,,,,,,,,,,,,,,,,,,,,,,,,,,,,,,NA,We're down. We're down.,
PLAYER_POSITIONS,382975,6/26/2026 11:36:37 AM,e7ca1105-8b8f-4dee-a332-17c93bb5c040,2.0,,,,,,,,,,,,,,,,,,,,,,,,,,,,,,,,,,,"(-14.2, 0.4, 3.3)","(-14.0, 1.0, 3.4)","(-13.7, 0.7, 3.7)",
PLAYER_GAZE,382975,6/26/2026 11:36:37 AM,e7ca1105-8b8f-4dee-a332-17c93bb5c040,2.0,,,,,,,,,,,,,,,,,,,,,,,,Civilian PT 14,,,,,,,,,"(0.1, 1.0, -0.2)",,,"(-14.1, 0.0, 3.6)",
PLAYER_POSITIONS,382975,6/26/2026 11:36:37 AM,e7ca1105-8b8f-4dee-a332-17c93bb5c040,2.0,,,,,,,,,,,,,,,,,,,,,,,,,,,,,,,,,,,"(-14.2, 0.4, 3.3)","(-14.0, 1.0, 3.4)","(-13.7, 0.7, 3.7)",
PLAYER_GAZE,382975,6/26/2026 11:36:37 AM,e7ca1105-8b8f-4dee-a332-17c93bb5c040,2.0,,,,,,,,,,,,,,,,,,,,,,,,Civilian PT 14,,,,,,,,,"(0.1, 1.0, -0.2)",,,"(-14.1, 0.0, 3.6)",
BAG_CLOSED,383082,6/26/2026 11:36:37 AM,e7ca1105-8b8f-4dee-a332-17c93bb5c040,2.0,,,,,,,,,,,,,,,,,,,,,,,,,,,,,,,,,,,,"(0.0, 0.0, 0.0)",
VOICE_CAPTURE,383224,6/26/2026 11:36:37 AM,e7ca1105-8b8f-4dee-a332-17c93bb5c040,2.0,,,,,,,,,,,,,,,,,,,,,,,,,,,,,,,,,,,,,,,,,,,,,,,,,,,NA,"Lay down, lay down for me.",
PLAYER_POSITIONS,383497,6/26/2026 11:36:38 AM,e7ca1105-8b8f-4dee-a332-17c93bb5c040,2.0,,,,,,,,,,,,,,,,,,,,,,,,,,,,,,,,,,,"(-14.4, 0.4, 3.1)","(-14.2, 0.9, 3.2)","(-13.9, 0.6, 3.5)",
PLAYER_POSITIONS,383497,6/26/2026 11:36:38 AM,e7ca1105-8b8f-4dee-a332-17c93bb5c040,2.0,,,,,,,,,,,,,,,,,,,,,,,,,,,,,,,,,,,"(-14.4, 0.4, 3.1)","(-14.2, 0.9, 3.2)","(-13.9, 0.6, 3.5)",
VOICE_CAPTURE,383705,6/26/2026 11:36:38 AM,e7ca1105-8b8f-4dee-a332-17c93bb5c040,2.0,,,,,,,,,,,,,,,,,,,,,,,,,,,,,,,,,,,,,,,,,,,,,,,,,,,NA,"Lay down, lay down for me.",
VOICE_CAPTURE,383705,6/26/2026 11:36:38 AM,e7ca1105-8b8f-4dee-a332-17c93bb5c040,2.0,,,,,,,,,,,,,,,,,,,,,,,,,,,,,,,,,,,,,,,,,,,,,,,,,,,NA,"Lay down, lay down for me.",
VOICE_COMMAND,383705,6/26/2026 11:36:38 AM,e7ca1105-8b8f-4dee-a332-17c93bb5c040,2.0,,,,,,,,,,,,,,,,,,,,,,,,Military PT 13,,,,,,,,,,,,,,,,,,,,,,,,,,,"Lay down, lay down for me.",lay down,
PLAYER_POSITIONS,384012,6/26/2026 11:36:38 AM,e7ca1105-8b8f-4dee-a332-17c93bb5c040,2.0,,,,,,,,,,,,,,,,,,,,,,,,,,,,,,,,,,,"(-14.5, 0.4, 3.1)","(-14.2, 1.0, 3.2)","(-14.1, 0.6, 3.5)",
PLAYER_POSITIONS,384012,6/26/2026 11:36:38 AM,e7ca1105-8b8f-4dee-a332-17c93bb5c040,2.0,,,,,,,,,,,,,,,,,,,,,,,,,,,,,,,,,,,"(-14.5, 0.4, 3.1)","(-14.2, 1.0, 3.2)","(-14.1, 0.6, 3.5)",
VOICE_CAPTURE,384220,6/26/2026 11:36:38 AM,e7ca1105-8b8f-4dee-a332-17c93bb5c040,2.0,,,,,,,,,,,,,,,,,,,,,,,,,,,,,,,,,,,,,,,,,,,,,,,,,,,NA,Lay down for me.,
PLAYER_POSITIONS,384513,6/26/2026 11:36:39 AM,e7ca1105-8b8f-4dee-a332-17c93bb5c040,2.0,,,,,,,,,,,,,,,,,,,,,,,,,,,,,,,,,,,"(-14.5, 0.4, 3.1)","(-14.2, 1.0, 3.2)","(-13.9, 0.5, 3.5)",
PLAYER_GAZE,384513,6/26/2026 11:36:39 AM,e7ca1105-8b8f-4dee-a332-17c93bb5c040,2.0,,,,,,,,,,,,,,,,,,,,,,,,Civilian PT 14,,,,,,,,,"(-0.1, 1.0, -0.4)",,,"(-14.1, 0.0, 3.6)",
PLAYER_POSITIONS,384513,6/26/2026 11:36:39 AM,e7ca1105-8b8f-4dee-a332-17c93bb5c040,2.0,,,,,,,,,,,,,,,,,,,,,,,,,,,,,,,,,,,"(-14.5, 0.4, 3.1)","(-14.2, 1.0, 3.2)","(-13.9, 0.5, 3.5)",
PLAYER_GAZE,384513,6/26/2026 11:36:39 AM,e7ca1105-8b8f-4dee-a332-17c93bb5c040,2.0,,,,,,,,,,,,,,,,,,,,,,,,Civilian PT 14,,,,,,,,,"(-0.1, 1.0, -0.4)",,,"(-14.1, 0.0, 3.6)",
VOICE_CAPTURE,384706,6/26/2026 11:36:39 AM,e7ca1105-8b8f-4dee-a332-17c93bb5c040,2.0,,,,,,,,,,,,,,,,,,,,,,,,,,,,,,,,,,,,,,,,,,,,,,,,,,,NA,Lay down for me.,
TOOL_HOVER,384758,6/26/2026 11:36:39 AM,e7ca1105-8b8f-4dee-a332-17c93bb5c040,2.0,,,,,,,,,,,,,,,,,,,,,,,,,,,,,,,,,,,,,,,,,,,,,,997,,Nasal Airway,
PLAYER_POSITIONS,385039,6/26/2026 11:36:39 AM,e7ca1105-8b8f-4dee-a332-17c93bb5c040,2.0,,,,,,,,,,,,,,,,,,,,,,,,,,,,,,,,,,,"(-14.4, 0.4, 3.2)","(-14.2, 1.0, 3.3)","(-14.1, 0.6, 3.6)",
PLAYER_GAZE,385040,6/26/2026 11:36:39 AM,e7ca1105-8b8f-4dee-a332-17c93bb5c040,2.0,,,,,,,,,,,,,,,,,,,,,,,,Civilian PT 14,,,,,,,,,"(-0.1, 1.0, -0.3)",,,"(-14.1, 0.0, 3.6)",
PLAYER_POSITIONS,385039,6/26/2026 11:36:39 AM,e7ca1105-8b8f-4dee-a332-17c93bb5c040,2.0,,,,,,,,,,,,,,,,,,,,,,,,,,,,,,,,,,,"(-14.4, 0.4, 3.2)","(-14.2, 1.0, 3.3)","(-14.1, 0.6, 3.6)",
PLAYER_GAZE,385040,6/26/2026 11:36:39 AM,e7ca1105-8b8f-4dee-a332-17c93bb5c040,2.0,,,,,,,,,,,,,,,,,,,,,,,,Civilian PT 14,,,,,,,,,"(-0.1, 1.0, -0.3)",,,"(-14.1, 0.0, 3.6)",
TOOL_HOVER,385272,6/26/2026 11:36:39 AM,e7ca1105-8b8f-4dee-a332-17c93bb5c040,2.0,,,,,,,,,,,,,,,,,,,,,,,,,,,,,,,,,,,,,,,,,,,,,,997,,Gauze Wrap,
TOOL_SELECTED,385329,6/26/2026 11:36:40 AM,e7ca1105-8b8f-4dee-a332-17c93bb5c040,2.0,,,,,,,,,,,,,,,,,,,,,,,,,,,,,,,,,,,,,,,,,,,,,,996,,Gauze Wrap,
PLAYER_POSITIONS,385553,6/26/2026 11:36:40 AM,e7ca1105-8b8f-4dee-a332-17c93bb5c040,2.0,,,,,,,,,,,,,,,,,,,,,,,,,,,,,,,,,,,"(-14.6, 0.4, 2.9)","(-14.4, 0.9, 3.2)","(-14.4, 0.4, 3.6)",
PLAYER_POSITIONS,385553,6/26/2026 11:36:40 AM,e7ca1105-8b8f-4dee-a332-17c93bb5c040,2.0,,,,,,,,,,,,,,,,,,,,,,,,,,,,,,,,,,,"(-14.6, 0.4, 2.9)","(-14.4, 0.9, 3.2)","(-14.4, 0.4, 3.6)",
PLAYER_POSITIONS,386080,6/26/2026 11:36:40 AM,e7ca1105-8b8f-4dee-a332-17c93bb5c040,2.0,,,,,,,,,,,,,,,,,,,,,,,,,,,,,,,,,,,"(-14.6, 0.3, 2.8)","(-14.7, 0.7, 3.2)","(-14.7, 0.1, 3.4)",
PLAYER_POSITIONS,386080,6/26/2026 11:36:40 AM,e7ca1105-8b8f-4dee-a332-17c93bb5c040,2.0,,,,,,,,,,,,,,,,,,,,,,,,,,,,,,,,,,,"(-14.6, 0.3, 2.8)","(-14.7, 0.7, 3.2)","(-14.7, 0.1, 3.4)",
INJURY_TREATED,386247,6/26/2026 11:36:40 AM,e7ca1105-8b8f-4dee-a332-17c93bb5c040,2.0,,,,,,,,,rightArm,R Bicep Abrasion,"(-14.7, 0.2, 3.4)",gauzeWrap,1,1,low,True,True,,,,,,,Civilian PT 14,
TOOL_APPLIED,386247,6/26/2026 11:36:40 AM,e7ca1105-8b8f-4dee-a332-17c93bb5c040,2.0,,,,,,,,,,,,,,,,,,,,,,,,Civilian PT 14,,,,,,,,,,,,,,,,,,,,AppliedGauzeWrap,skinCollider_BodyLOD (UnityEngine.GameObject),,Gauze Wrap(Clone) (UnityEngine.GameObject),Gauze Wrap,
PLAYER_POSITIONS,386587,6/26/2026 11:36:41 AM,e7ca1105-8b8f-4dee-a332-17c93bb5c040,2.0,,,,,,,,,,,,,,,,,,,,,,,,,,,,,,,,,,,"(-14.6, 0.3, 2.9)","(-14.6, 0.8, 3.2)","(-14.6, 0.2, 3.4)",
PLAYER_POSITIONS,386587,6/26/2026 11:36:41 AM,e7ca1105-8b8f-4dee-a332-17c93bb5c040,2.0,,,,,,,,,,,,,,,,,,,,,,,,,,,,,,,,,,,"(-14.6, 0.3, 2.9)","(-14.6, 0.8, 3.2)","(-14.6, 0.2, 3.4)",
BAG_CLOSED,386723,6/26/2026 11:36:41 AM,e7ca1105-8b8f-4dee-a332-17c93bb5c040,2.0,,,,,,,,,,,,,,,,,,,,,,,,,,,,,,,,,,,,"(0.0, 0.0, 0.0)",
PLAYER_POSITIONS,387115,6/26/2026 11:36:41 AM,e7ca1105-8b8f-4dee-a332-17c93bb5c040,2.0,,,,,,,,,,,,,,,,,,,,,,,,,,,,,,,,,,,"(-14.8, 0.4, 3.2)","(-14.7, 0.9, 3.4)","(-14.4, 0.4, 3.6)",
PLAYER_POSITIONS,387115,6/26/2026 11:36:41 AM,e7ca1105-8b8f-4dee-a332-17c93bb5c040,2.0,,,,,,,,,,,,,,,,,,,,,,,,,,,,,,,,,,,"(-14.8, 0.4, 3.2)","(-14.7, 0.9, 3.4)","(-14.4, 0.4, 3.6)",
PLAYER_POSITIONS,387628,6/26/2026 11:36:42 AM,e7ca1105-8b8f-4dee-a332-17c93bb5c040,2.0,,,,,,,,,,,,,,,,,,,,,,,,,,,,,,,,,,,"(-14.8, 0.4, 3.4)","(-14.6, 0.9, 3.5)","(-14.6, 0.5, 3.9)",
PLAYER_POSITIONS,387628,6/26/2026 11:36:42 AM,e7ca1105-8b8f-4dee-a332-17c93bb5c040,2.0,,,,,,,,,,,,,,,,,,,,,,,,,,,,,,,,,,,"(-14.8, 0.4, 3.4)","(-14.6, 0.9, 3.5)","(-14.6, 0.5, 3.9)",
PLAYER_POSITIONS,388142,6/26/2026 11:36:42 AM,e7ca1105-8b8f-4dee-a332-17c93bb5c040,2.0,,,,,,,,,,,,,,,,,,,,,,,,,,,,,,,,,,,"(-14.8, 0.4, 3.4)","(-14.6, 0.9, 3.5)","(-14.6, 0.5, 3.8)",
PLAYER_POSITIONS,388142,6/26/2026 11:36:42 AM,e7ca1105-8b8f-4dee-a332-17c93bb5c040,2.0,,,,,,,,,,,,,,,,,,,,,,,,,,,,,,,,,,,"(-14.8, 0.4, 3.4)","(-14.6, 0.9, 3.5)","(-14.6, 0.5, 3.8)",
TOOL_HOVER,388361,6/26/2026 11:36:43 AM,e7ca1105-8b8f-4dee-a332-17c93bb5c040,2.0,,,,,,,,,,,,,,,,,,,,,,,,,,,,,,,,,,,,,,,,,,,,,,996,,Gauze Wrap,
TOOL_SELECTED,388529,6/26/2026 11:36:43 AM,e7ca1105-8b8f-4dee-a332-17c93bb5c040,2.0,,,,,,,,,,,,,,,,,,,,,,,,,,,,,,,,,,,,,,,,,,,,,,995,,Gauze Wrap,
PLAYER_POSITIONS,388683,6/26/2026 11:36:43 AM,e7ca1105-8b8f-4dee-a332-17c93bb5c040,2.0,,,,,,,,,,,,,,,,,,,,,,,,,,,,,,,,,,,"(-14.8, 0.4, 3.2)","(-14.8, 0.8, 3.6)","(-14.8, 0.2, 3.8)",
PLAYER_POSITIONS,388683,6/26/2026 11:36:43 AM,e7ca1105-8b8f-4dee-a332-17c93bb5c040,2.0,,,,,,,,,,,,,,,,,,,,,,,,,,,,,,,,,,,"(-14.8, 0.4, 3.2)","(-14.8, 0.8, 3.6)","(-14.8, 0.2, 3.8)",
INJURY_TREATED,389091,6/26/2026 11:36:43 AM,e7ca1105-8b8f-4dee-a332-17c93bb5c040,2.0,,,,,,,,,leftArm,L Bicep Abrasion,"(-14.9, 0.1, 3.7)",gauzeWrap,1,1,low,True,True,,,,,,,Civilian PT 14,
TOOL_APPLIED,389091,6/26/2026 11:36:43 AM,e7ca1105-8b8f-4dee-a332-17c93bb5c040,2.0,,,,,,,,,,,,,,,,,,,,,,,,Civilian PT 14,,,,,,,,,,,,,,,,,,,,AppliedGauzeWrap,skinCollider_BodyLOD (UnityEngine.GameObject),,Gauze Wrap(Clone) (UnityEngine.GameObject),Gauze Wrap,
PLAYER_POSITIONS,389188,6/26/2026 11:36:43 AM,e7ca1105-8b8f-4dee-a332-17c93bb5c040,2.0,,,,,,,,,,,,,,,,,,,,,,,,,,,,,,,,,,,"(-14.8, 0.3, 3.1)","(-14.8, 0.8, 3.5)","(-14.8, 0.1, 3.7)",
PLAYER_POSITIONS,389188,6/26/2026 11:36:43 AM,e7ca1105-8b8f-4dee-a332-17c93bb5c040,2.0,,,,,,,,,,,,,,,,,,,,,,,,,,,,,,,,,,,"(-14.8, 0.3, 3.1)","(-14.8, 0.8, 3.5)","(-14.8, 0.1, 3.7)",
PLAYER_POSITIONS,389687,6/26/2026 11:36:44 AM,e7ca1105-8b8f-4dee-a332-17c93bb5c040,2.0,,,,,,,,,,,,,,,,,,,,,,,,,,,,,,,,,,,"(-14.9, 0.3, 3.3)","(-14.7, 0.9, 3.5)","(-14.6, 0.4, 3.8)",
PLAYER_POSITIONS,389687,6/26/2026 11:36:44 AM,e7ca1105-8b8f-4dee-a332-17c93bb5c040,2.0,,,,,,,,,,,,,,,,,,,,,,,,,,,,,,,,,,,"(-14.9, 0.3, 3.3)","(-14.7, 0.9, 3.5)","(-14.6, 0.4, 3.8)",
TOOL_HOVER,389767,6/26/2026 11:36:44 AM,e7ca1105-8b8f-4dee-a332-17c93bb5c040,2.0,,,,,,,,,,,,,,,,,,,,,,,,,,,,,,,,,,,,,,,,,,,,,,996,,Israeli Wrap,
TOOL_SELECTED,390047,6/26/2026 11:36:44 AM,e7ca1105-8b8f-4dee-a332-17c93bb5c040,2.0,,,,,,,,,,,,,,,,,,,,,,,,,,,,,,,,,,,,,,,,,,,,,,995,,Israeli Wrap,
PLAYER_POSITIONS,390215,6/26/2026 11:36:44 AM,e7ca1105-8b8f-4dee-a332-17c93bb5c040,2.0,,,,,,,,,,,,,,,,,,,,,,,,,,,,,,,,,,,"(-14.9, 0.4, 3.2)","(-14.7, 0.8, 3.6)","(-14.7, 0.3, 3.9)",
PLAYER_POSITIONS,390215,6/26/2026 11:36:44 AM,e7ca1105-8b8f-4dee-a332-17c93bb5c040,2.0,,,,,,,,,,,,,,,,,,,,,,,,,,,,,,,,,,,"(-14.9, 0.4, 3.2)","(-14.7, 0.8, 3.6)","(-14.7, 0.3, 3.9)",
PLAYER_POSITIONS,390729,6/26/2026 11:36:45 AM,e7ca1105-8b8f-4dee-a332-17c93bb5c040,2.0,,,,,,,,,,,,,,,,,,,,,,,,,,,,,,,,,,,"(-14.9, 0.4, 3.2)","(-14.8, 0.8, 3.5)","(-14.7, 0.2, 3.7)",
PLAYER_POSITIONS,390729,6/26/2026 11:36:45 AM,e7ca1105-8b8f-4dee-a332-17c93bb5c040,2.0,,,,,,,,,,,,,,,,,,,,,,,,,,,,,,,,,,,"(-14.9, 0.4, 3.2)","(-14.8, 0.8, 3.5)","(-14.7, 0.2, 3.7)",
TOOL_DISCARDED,390946,6/26/2026 11:36:45 AM,e7ca1105-8b8f-4dee-a332-17c93bb5c040,2.0,,,,,,,,,,,,,,,,,,,,,,,,Civilian PT 14,,,,,,,,,,,,"(0.0, 0.0, 0.0)",,,,,,,,,,995,,Israeli Wrap,
TOOL_HOVER,390948,6/26/2026 11:36:45 AM,e7ca1105-8b8f-4dee-a332-17c93bb5c040,2.0,,,,,,,,,,,,,,,,,,,,,,,,,,,,,,,,,,,,,,,,,,,,,,995,,Tourniquet,
TOOL_HOVER,391059,6/26/2026 11:36:45 AM,e7ca1105-8b8f-4dee-a332-17c93bb5c040,2.0,,,,,,,,,,,,,,,,,,,,,,,,,,,,,,,,,,,,,,,,,,,,,,996,,Israeli Wrap,
TOOL_HOVER,391185,6/26/2026 11:36:45 AM,e7ca1105-8b8f-4dee-a332-17c93bb5c040,2.0,,,,,,,,,,,,,,,,,,,,,,,,,,,,,,,,,,,,,,,,,,,,,,995,,Gauze Wrap,
PLAYER_POSITIONS,391230,6/26/2026 11:36:45 AM,e7ca1105-8b8f-4dee-a332-17c93bb5c040,2.0,,,,,,,,,,,,,,,,,,,,,,,,,,,,,,,,,,,"(-14.9, 0.4, 3.2)","(-14.7, 0.9, 3.5)","(-14.7, 0.4, 3.9)",
PLAYER_POSITIONS,391230,6/26/2026 11:36:45 AM,e7ca1105-8b8f-4dee-a332-17c93bb5c040,2.0,,,,,,,,,,,,,,,,,,,,,,,,,,,,,,,,,,,"(-14.9, 0.4, 3.2)","(-14.7, 0.9, 3.5)","(-14.7, 0.4, 3.9)",
TOOL_SELECTED,391422,6/26/2026 11:36:46 AM,e7ca1105-8b8f-4dee-a332-17c93bb5c040,2.0,,,,,,,,,,,,,,,,,,,,,,,,,,,,,,,,,,,,,,,,,,,,,,994,,Gauze Wrap,
PLAYER_POSITIONS,391739,6/26/2026 11:36:46 AM,e7ca1105-8b8f-4dee-a332-17c93bb5c040,2.0,,,,,,,,,,,,,,,,,,,,,,,,,,,,,,,,,,,"(-14.9, 0.4, 3.2)","(-14.7, 0.9, 3.5)","(-14.8, 0.3, 3.8)",
PLAYER_POSITIONS,391739,6/26/2026 11:36:46 AM,e7ca1105-8b8f-4dee-a332-17c93bb5c040,2.0,,,,,,,,,,,,,,,,,,,,,,,,,,,,,,,,,,,"(-14.9, 0.4, 3.2)","(-14.7, 0.9, 3.5)","(-14.8, 0.3, 3.8)",
INJURY_TREATED,391990,6/26/2026 11:36:46 AM,e7ca1105-8b8f-4dee-a332-17c93bb5c040,2.0,,,,,,,,,leftForearm,L Forearm Abrasion,"(-14.7, 0.2, 3.7)",gauzeWrap,1,1,low,True,True,,,,,,,Civilian PT 14,
TOOL_APPLIED,391990,6/26/2026 11:36:46 AM,e7ca1105-8b8f-4dee-a332-17c93bb5c040,2.0,,,,,,,,,,,,,,,,,,,,,,,,Civilian PT 14,,,,,,,,,,,,,,,,,,,,AppliedGauzeWrap,skinCollider_BodyLOD (UnityEngine.GameObject),,Gauze Wrap(Clone) (UnityEngine.GameObject),Gauze Wrap,
PLAYER_POSITIONS,392253,6/26/2026 11:36:46 AM,e7ca1105-8b8f-4dee-a332-17c93bb5c040,2.0,,,,,,,,,,,,,,,,,,,,,,,,,,,,,,,,,,,"(-14.9, 0.4, 3.2)","(-14.8, 0.8, 3.5)","(-14.7, 0.2, 3.8)",
PLAYER_POSITIONS,392253,6/26/2026 11:36:46 AM,e7ca1105-8b8f-4dee-a332-17c93bb5c040,2.0,,,,,,,,,,,,,,,,,,,,,,,,,,,,,,,,,,,"(-14.9, 0.4, 3.2)","(-14.8, 0.8, 3.5)","(-14.7, 0.2, 3.8)",
AUDIO_END,392308,6/26/2026 11:36:47 AM,e7ca1105-8b8f-4dee-a332-17c93bb5c040,2.0,distant jet,10.13551,
NARRATIVE_SECTION_END,392308,6/26/2026 11:36:47 AM,e7ca1105-8b8f-4dee-a332-17c93bb5c040,2.0,,,,,,,,,,,,,,,,,,Distant Jet,43,
PULSE_TAKEN,392332,6/26/2026 11:36:47 AM,e7ca1105-8b8f-4dee-a332-17c93bb5c040,2.0,,,,,,,,,,,,,,,,,,,,,,,,Civilian PT 14,,,,pulse_normal,
NARRATIVE_SECTION_START,392359,6/26/2026 11:36:47 AM,e7ca1105-8b8f-4dee-a332-17c93bb5c040,2.0,,,,,,,,,,,,,,,,,,Distant Explosion,44,
BAG_CLOSED,392582,6/26/2026 11:36:47 AM,e7ca1105-8b8f-4dee-a332-17c93bb5c040,2.0,,,,,,,,,,,,,,,,,,,,,,,,,,,,,,,,,,,,"(0.0, 0.0, 0.0)",
PLAYER_POSITIONS,392774,6/26/2026 11:36:47 AM,e7ca1105-8b8f-4dee-a332-17c93bb5c040,2.0,,,,,,,,,,,,,,,,,,,,,,,,,,,,,,,,,,,"(-14.7, 0.4, 3.3)","(-14.5, 1.0, 3.5)","(-14.4, 0.4, 3.7)",
PLAYER_POSITIONS,392774,6/26/2026 11:36:47 AM,e7ca1105-8b8f-4dee-a332-17c93bb5c040,2.0,,,,,,,,,,,,,,,,,,,,,,,,,,,,,,,,,,,"(-14.7, 0.4, 3.3)","(-14.5, 1.0, 3.5)","(-14.4, 0.4, 3.7)",
PLAYER_POSITIONS,393287,6/26/2026 11:36:48 AM,e7ca1105-8b8f-4dee-a332-17c93bb5c040,2.0,,,,,,,,,,,,,,,,,,,,,,,,,,,,,,,,,,,"(-14.5, 0.5, 3.4)","(-14.3, 1.0, 3.5)","(-14.1, 0.6, 3.7)",
PLAYER_GAZE,393287,6/26/2026 11:36:48 AM,e7ca1105-8b8f-4dee-a332-17c93bb5c040,2.0,,,,,,,,,,,,,,,,,,,,,,,,Civilian PT 14,,,,,,,,,"(-0.2, 1.0, -0.1)",,,"(-14.1, 0.0, 3.6)",
PLAYER_POSITIONS,393287,6/26/2026 11:36:48 AM,e7ca1105-8b8f-4dee-a332-17c93bb5c040,2.0,,,,,,,,,,,,,,,,,,,,,,,,,,,,,,,,,,,"(-14.5, 0.5, 3.4)","(-14.3, 1.0, 3.5)","(-14.1, 0.6, 3.7)",
PLAYER_GAZE,393287,6/26/2026 11:36:48 AM,e7ca1105-8b8f-4dee-a332-17c93bb5c040,2.0,,,,,,,,,,,,,,,,,,,,,,,,Civilian PT 14,,,,,,,,,"(-0.2, 1.0, -0.1)",,,"(-14.1, 0.0, 3.6)",
AUDIO_START,393365,6/26/2026 11:36:48 AM,e7ca1105-8b8f-4dee-a332-17c93bb5c040,2.0,distant explosion,4.675919,
PLAYER_POSITIONS,393793,6/26/2026 11:36:48 AM,e7ca1105-8b8f-4dee-a332-17c93bb5c040,2.0,,,,,,,,,,,,,,,,,,,,,,,,,,,,,,,,,,,"(-14.5, 0.5, 3.4)","(-14.3, 1.0, 3.5)","(-14.1, 0.6, 3.8)",
PLAYER_GAZE,393793,6/26/2026 11:36:48 AM,e7ca1105-8b8f-4dee-a332-17c93bb5c040,2.0,,,,,,,,,,,,,,,,,,,,,,,,Civilian PT 14,,,,,,,,,"(-0.3, 1.0, -0.1)",,,"(-14.1, 0.0, 3.6)",
PLAYER_POSITIONS,393793,6/26/2026 11:36:48 AM,e7ca1105-8b8f-4dee-a332-17c93bb5c040,2.0,,,,,,,,,,,,,,,,,,,,,,,,,,,,,,,,,,,"(-14.5, 0.5, 3.4)","(-14.3, 1.0, 3.5)","(-14.1, 0.6, 3.8)",
PLAYER_GAZE,393793,6/26/2026 11:36:48 AM,e7ca1105-8b8f-4dee-a332-17c93bb5c040,2.0,,,,,,,,,,,,,,,,,,,,,,,,Civilian PT 14,,,,,,,,,"(-0.3, 1.0, -0.1)",,,"(-14.1, 0.0, 3.6)",
VOICE_CAPTURE,394169,6/26/2026 11:36:48 AM,e7ca1105-8b8f-4dee-a332-17c93bb5c040,2.0,,,,,,,,,,,,,,,,,,,,,,,,,,,,,,,,,,,,,,,,,,,,,,,,,,,NA,Alright.,
PLAYER_POSITIONS,394307,6/26/2026 11:36:49 AM,e7ca1105-8b8f-4dee-a332-17c93bb5c040,2.0,,,,,,,,,,,,,,,,,,,,,,,,,,,,,,,,,,,"(-14.5, 0.4, 3.4)","(-14.3, 1.0, 3.5)","(-14.0, 0.5, 3.8)",
PLAYER_GAZE,394308,6/26/2026 11:36:49 AM,e7ca1105-8b8f-4dee-a332-17c93bb5c040,2.0,,,,,,,,,,,,,,,,,,,,,,,,Civilian PT 14,,,,,,,,,"(-0.2, 1.0, -0.1)",,,"(-14.1, 0.0, 3.6)",
PLAYER_POSITIONS,394307,6/26/2026 11:36:49 AM,e7ca1105-8b8f-4dee-a332-17c93bb5c040,2.0,,,,,,,,,,,,,,,,,,,,,,,,,,,,,,,,,,,"(-14.5, 0.4, 3.4)","(-14.3, 1.0, 3.5)","(-14.0, 0.5, 3.8)",
PLAYER_GAZE,394308,6/26/2026 11:36:49 AM,e7ca1105-8b8f-4dee-a332-17c93bb5c040,2.0,,,,,,,,,,,,,,,,,,,,,,,,Civilian PT 14,,,,,,,,,"(-0.2, 1.0, -0.1)",,,"(-14.1, 0.0, 3.6)",
VOICE_CAPTURE,394683,6/26/2026 11:36:49 AM,e7ca1105-8b8f-4dee-a332-17c93bb5c040,2.0,,,,,,,,,,,,,,,,,,,,,,,,,,,,,,,,,,,,,,,,,,,,,,,,,,,NA,Alright.,
PLAYER_POSITIONS,394821,6/26/2026 11:36:49 AM,e7ca1105-8b8f-4dee-a332-17c93bb5c040,2.0,,,,,,,,,,,,,,,,,,,,,,,,,,,,,,,,,,,"(-14.5, 0.5, 3.4)","(-14.2, 1.0, 3.5)","(-14.0, 0.6, 3.6)",
PLAYER_POSITIONS,394821,6/26/2026 11:36:49 AM,e7ca1105-8b8f-4dee-a332-17c93bb5c040,2.0,,,,,,,,,,,,,,,,,,,,,,,,,,,,,,,,,,,"(-14.5, 0.5, 3.4)","(-14.2, 1.0, 3.5)","(-14.0, 0.6, 3.6)",
TAG_SELECTED,395125,6/26/2026 11:36:49 AM,e7ca1105-8b8f-4dee-a332-17c93bb5c040,2.0,,,,,,,,,,,,,,,,,,,,,,,,,,,,,,,,,,,,,,,,,,green,
VOICE_CAPTURE,395307,6/26/2026 11:36:50 AM,e7ca1105-8b8f-4dee-a332-17c93bb5c040,2.0,,,,,,,,,,,,,,,,,,,,,,,,,,,,,,,,,,,,,,,,,,,,,,,,,,,NA,All right. You just.,
PLAYER_POSITIONS,395335,6/26/2026 11:36:50 AM,e7ca1105-8b8f-4dee-a332-17c93bb5c040,2.0,,,,,,,,,,,,,,,,,,,,,,,,,,,,,,,,,,,"(-14.5, 0.5, 3.4)","(-14.2, 1.0, 3.5)","(-14.0, 0.5, 3.6)",
PLAYER_GAZE,395335,6/26/2026 11:36:50 AM,e7ca1105-8b8f-4dee-a332-17c93bb5c040,2.0,,,,,,,,,,,,,,,,,,,,,,,,Civilian PT 14,,,,,,,,,"(-0.1, 1.0, -0.1)",,,"(-14.1, 0.0, 3.6)",
PLAYER_POSITIONS,395335,6/26/2026 11:36:50 AM,e7ca1105-8b8f-4dee-a332-17c93bb5c040,2.0,,,,,,,,,,,,,,,,,,,,,,,,,,,,,,,,,,,"(-14.5, 0.5, 3.4)","(-14.2, 1.0, 3.5)","(-14.0, 0.5, 3.6)",
PLAYER_GAZE,395335,6/26/2026 11:36:50 AM,e7ca1105-8b8f-4dee-a332-17c93bb5c040,2.0,,,,,,,,,,,,,,,,,,,,,,,,Civilian PT 14,,,,,,,,,"(-0.1, 1.0, -0.1)",,,"(-14.1, 0.0, 3.6)",
VOICE_CAPTURE,395723,6/26/2026 11:36:50 AM,e7ca1105-8b8f-4dee-a332-17c93bb5c040,2.0,,,,,,,,,,,,,,,,,,,,,,,,,,,,,,,,,,,,,,,,,,,,,,,,,,,NA,"Alright, you just hang tight there.",
PLAYER_POSITIONS,395834,6/26/2026 11:36:50 AM,e7ca1105-8b8f-4dee-a332-17c93bb5c040,2.0,,,,,,,,,,,,,,,,,,,,,,,,,,,,,,,,,,,"(-14.6, 0.4, 3.1)","(-14.5, 0.9, 3.4)","(-14.6, 0.3, 3.5)",
PLAYER_POSITIONS,395834,6/26/2026 11:36:50 AM,e7ca1105-8b8f-4dee-a332-17c93bb5c040,2.0,,,,,,,,,,,,,,,,,,,,,,,,,,,,,,,,,,,"(-14.6, 0.4, 3.1)","(-14.5, 0.9, 3.4)","(-14.6, 0.3, 3.5)",
TAG_APPLIED,396169,6/26/2026 11:36:50 AM,e7ca1105-8b8f-4dee-a332-17c93bb5c040,2.0,,,,,,,,,,,,,,,,,,,,,,,,Civilian PT 14,,,,,,,,,,,,,,,,,,green,
VOICE_CAPTURE,396238,6/26/2026 11:36:50 AM,e7ca1105-8b8f-4dee-a332-17c93bb5c040,2.0,,,,,,,,,,,,,,,,,,,,,,,,,,,,,,,,,,,,,,,,,,,,,,,,,,,NA,"Alright, you just hang tight there, okay?",
PLAYER_POSITIONS,396348,6/26/2026 11:36:51 AM,e7ca1105-8b8f-4dee-a332-17c93bb5c040,2.0,,,,,,,,,,,,,,,,,,,,,,,,,,,,,,,,,,,"(-14.5, 0.3, 3.0)","(-14.6, 0.8, 3.4)","(-14.7, 0.2, 3.6)",
PLAYER_POSITIONS,396348,6/26/2026 11:36:51 AM,e7ca1105-8b8f-4dee-a332-17c93bb5c040,2.0,,,,,,,,,,,,,,,,,,,,,,,,,,,,,,,,,,,"(-14.5, 0.3, 3.0)","(-14.6, 0.8, 3.4)","(-14.7, 0.2, 3.6)",
VOICE_CAPTURE,396732,6/26/2026 11:36:51 AM,e7ca1105-8b8f-4dee-a332-17c93bb5c040,2.0,,,,,,,,,,,,,,,,,,,,,,,,,,,,,,,,,,,,,,,,,,,,,,,,,,,NA,"Alright, you just hang tight there, okay? You're just saying to it there, okay?",
PLAYER_POSITIONS,396870,6/26/2026 11:36:51 AM,e7ca1105-8b8f-4dee-a332-17c93bb5c040,2.0,,,,,,,,,,,,,,,,,,,,,,,,,,,,,,,,,,,"(-14.6, 0.3, 3.1)","(-14.6, 0.9, 3.4)","(-14.5, 0.4, 3.6)",
PLAYER_POSITIONS,396870,6/26/2026 11:36:51 AM,e7ca1105-8b8f-4dee-a332-17c93bb5c040,2.0,,,,,,,,,,,,,,,,,,,,,,,,,,,,,,,,,,,"(-14.6, 0.3, 3.1)","(-14.6, 0.9, 3.4)","(-14.5, 0.4, 3.6)",
VOICE_CAPTURE,397222,6/26/2026 11:36:51 AM,e7ca1105-8b8f-4dee-a332-17c93bb5c040,2.0,,,,,,,,,,,,,,,,,,,,,,,,,,,,,,,,,,,,,,,,,,,,,,,,,,,NA,"Alright, you just hang tight there, okay? You're just saying to it there, okay?",
VOICE_CAPTURE,397222,6/26/2026 11:36:51 AM,e7ca1105-8b8f-4dee-a332-17c93bb5c040,2.0,,,,,,,,,,,,,,,,,,,,,,,,,,,,,,,,,,,,,,,,,,,,,,,,,,,NA,"Alright, you just hang tight there, okay? You're just saying to it there, okay?",
PLAYER_POSITIONS,397384,6/26/2026 11:36:52 AM,e7ca1105-8b8f-4dee-a332-17c93bb5c040,2.0,,,,,,,,,,,,,,,,,,,,,,,,,,,,,,,,,,,"(-14.6, 0.4, 3.4)","(-14.3, 1.0, 3.5)","(-13.9, 0.7, 3.8)",
PLAYER_GAZE,397384,6/26/2026 11:36:52 AM,e7ca1105-8b8f-4dee-a332-17c93bb5c040,2.0,,,,,,,,,,,,,,,,,,,,,,,,Civilian PT 14,,,,,,,,,"(-0.2, 1.0, -0.1)",,,"(-14.1, 0.0, 3.6)",
PLAYER_POSITIONS,397384,6/26/2026 11:36:52 AM,e7ca1105-8b8f-4dee-a332-17c93bb5c040,2.0,,,,,,,,,,,,,,,,,,,,,,,,,,,,,,,,,,,"(-14.6, 0.4, 3.4)","(-14.3, 1.0, 3.5)","(-13.9, 0.7, 3.8)",
PLAYER_GAZE,397384,6/26/2026 11:36:52 AM,e7ca1105-8b8f-4dee-a332-17c93bb5c040,2.0,,,,,,,,,,,,,,,,,,,,,,,,Civilian PT 14,,,,,,,,,"(-0.2, 1.0, -0.1)",,,"(-14.1, 0.0, 3.6)",
PLAYER_POSITIONS,397898,6/26/2026 11:36:52 AM,e7ca1105-8b8f-4dee-a332-17c93bb5c040,2.0,,,,,,,,,,,,,,,,,,,,,,,,,,,,,,,,,,,"(-14.5, 0.5, 3.4)","(-14.1, 1.0, 3.5)","(-13.8, 0.8, 3.9)",
PLAYER_POSITIONS,397898,6/26/2026 11:36:52 AM,e7ca1105-8b8f-4dee-a332-17c93bb5c040,2.0,,,,,,,,,,,,,,,,,,,,,,,,,,,,,,,,,,,"(-14.5, 0.5, 3.4)","(-14.1, 1.0, 3.5)","(-13.8, 0.8, 3.9)",
TOOL_HOVER,397951,6/26/2026 11:36:52 AM,e7ca1105-8b8f-4dee-a332-17c93bb5c040,2.0,,,,,,,,,,,,,,,,,,,,,,,,,,,,,,,,,,,,,,,,,,,,,,997,,Antibiotics,
AUDIO_END,398064,6/26/2026 11:36:52 AM,e7ca1105-8b8f-4dee-a332-17c93bb5c040,2.0,distant explosion,4.675919,
NARRATIVE_SECTION_END,398064,6/26/2026 11:36:52 AM,e7ca1105-8b8f-4dee-a332-17c93bb5c040,2.0,,,,,,,,,,,,,,,,,,Distant Explosion,44,
NARRATIVE_SECTION_START,398117,6/26/2026 11:36:52 AM,e7ca1105-8b8f-4dee-a332-17c93bb5c040,2.0,,,,,,,,,,,,,,,,,,Good hits razor 1,45,
VOICE_CAPTURE,398246,6/26/2026 11:36:52 AM,e7ca1105-8b8f-4dee-a332-17c93bb5c040,2.0,,,,,,,,,,,,,,,,,,,,,,,,,,,,,,,,,,,,,,,,,,,,,,,,,,,NA,Stay there.,
TOOL_SELECTED,398271,6/26/2026 11:36:52 AM,e7ca1105-8b8f-4dee-a332-17c93bb5c040,2.0,,,,,,,,,,,,,,,,,,,,,,,,,,,,,,,,,,,,,,,,,,,,,,996,,Antibiotics,
PLAYER_POSITIONS,398413,6/26/2026 11:36:53 AM,e7ca1105-8b8f-4dee-a332-17c93bb5c040,2.0,,,,,,,,,,,,,,,,,,,,,,,,,,,,,,,,,,,"(-14.6, 0.5, 3.4)","(-14.2, 1.0, 3.5)","(-14.0, 0.7, 4.0)",
PLAYER_GAZE,398413,6/26/2026 11:36:53 AM,e7ca1105-8b8f-4dee-a332-17c93bb5c040,2.0,,,,,,,,,,,,,,,,,,,,,,,,Civilian PT 14,,,,,,,,,"(-0.1, 1.0, -0.1)",,,"(-14.1, 0.0, 3.6)",
PLAYER_POSITIONS,398413,6/26/2026 11:36:53 AM,e7ca1105-8b8f-4dee-a332-17c93bb5c040,2.0,,,,,,,,,,,,,,,,,,,,,,,,,,,,,,,,,,,"(-14.6, 0.5, 3.4)","(-14.2, 1.0, 3.5)","(-14.0, 0.7, 4.0)",
PLAYER_GAZE,398413,6/26/2026 11:36:53 AM,e7ca1105-8b8f-4dee-a332-17c93bb5c040,2.0,,,,,,,,,,,,,,,,,,,,,,,,Civilian PT 14,,,,,,,,,"(-0.1, 1.0, -0.1)",,,"(-14.1, 0.0, 3.6)",
VOICE_CAPTURE,398748,6/26/2026 11:36:53 AM,e7ca1105-8b8f-4dee-a332-17c93bb5c040,2.0,,,,,,,,,,,,,,,,,,,,,,,,,,,,,,,,,,,,,,,,,,,,,,,,,,,NA,Stay there.,
VOICE_CAPTURE,398748,6/26/2026 11:36:53 AM,e7ca1105-8b8f-4dee-a332-17c93bb5c040,2.0,,,,,,,,,,,,,,,,,,,,,,,,,,,,,,,,,,,,,,,,,,,,,,,,,,,NA,Stay there.,
PLAYER_POSITIONS,398932,6/26/2026 11:36:53 AM,e7ca1105-8b8f-4dee-a332-17c93bb5c040,2.0,,,,,,,,,,,,,,,,,,,,,,,,,,,,,,,,,,,"(-14.6, 0.4, 3.1)","(-14.6, 0.9, 3.3)","(-14.7, 0.4, 3.6)",
PLAYER_POSITIONS,398932,6/26/2026 11:36:53 AM,e7ca1105-8b8f-4dee-a332-17c93bb5c040,2.0,,,,,,,,,,,,,,,,,,,,,,,,,,,,,,,,,,,"(-14.6, 0.4, 3.1)","(-14.6, 0.9, 3.3)","(-14.7, 0.4, 3.6)",
AUDIO_START,399106,6/26/2026 11:36:53 AM,e7ca1105-8b8f-4dee-a332-17c93bb5c040,2.0,good hits razor 1,4.545306,
VOICE_CAPTURE,399197,6/26/2026 11:36:53 AM,e7ca1105-8b8f-4dee-a332-17c93bb5c040,2.0,,,,,,,,,,,,,,,,,,,,,,,,,,,,,,,,,,,,,,,,,,,,,,,,,,,NA,Stay there.,
INJURY_TREATED,399280,6/26/2026 11:36:54 AM,e7ca1105-8b8f-4dee-a332-17c93bb5c040,2.0,,,,,,,,,head,Unspecified,"(0.0, 0.0, 0.0)",none,1,1,none,True,False,,,,,,,Civilian PT 14,
TOOL_APPLIED,399280,6/26/2026 11:36:54 AM,e7ca1105-8b8f-4dee-a332-17c93bb5c040,2.0,,,,,,,,,,,,,,,,,,,,,,,,Civilian PT 14,,,,,,,,,,,,,,,,,,,,AppliedAntibiotics,Jaw (UnityEngine.GameObject),,null,Antibiotics,
PULSE_TAKEN,399414,6/26/2026 11:36:54 AM,e7ca1105-8b8f-4dee-a332-17c93bb5c040,2.0,,,,,,,,,,,,,,,,,,,,,,,,Civilian PT 14,,,,pulse_normal,
PLAYER_POSITIONS,399446,6/26/2026 11:36:54 AM,e7ca1105-8b8f-4dee-a332-17c93bb5c040,2.0,,,,,,,,,,,,,,,,,,,,,,,,,,,,,,,,,,,"(-14.6, 0.3, 3.0)","(-14.7, 0.9, 3.3)","(-14.9, 0.3, 3.5)",
PLAYER_POSITIONS,399446,6/26/2026 11:36:54 AM,e7ca1105-8b8f-4dee-a332-17c93bb5c040,2.0,,,,,,,,,,,,,,,,,,,,,,,,,,,,,,,,,,,"(-14.6, 0.3, 3.0)","(-14.7, 0.9, 3.3)","(-14.9, 0.3, 3.5)",
VOICE_CAPTURE,399683,6/26/2026 11:36:54 AM,e7ca1105-8b8f-4dee-a332-17c93bb5c040,2.0,,,,,,,,,,,,,,,,,,,,,,,,,,,,,,,,,,,,,,,,,,,,,,,,,,,NA,Stay there.,
PLAYER_POSITIONS,399960,6/26/2026 11:36:54 AM,e7ca1105-8b8f-4dee-a332-17c93bb5c040,2.0,,,,,,,,,,,,,,,,,,,,,,,,,,,,,,,,,,,"(-14.6, 0.4, 3.2)","(-14.6, 1.0, 3.4)","(-14.5, 0.4, 3.5)",
PLAYER_POSITIONS,399960,6/26/2026 11:36:54 AM,e7ca1105-8b8f-4dee-a332-17c93bb5c040,2.0,,,,,,,,,,,,,,,,,,,,,,,,,,,,,,,,,,,"(-14.6, 0.4, 3.2)","(-14.6, 1.0, 3.4)","(-14.5, 0.4, 3.5)",
BAG_CLOSED,400041,6/26/2026 11:36:54 AM,e7ca1105-8b8f-4dee-a332-17c93bb5c040,2.0,,,,,,,,,,,,,,,,,,,,,,,,,,,,,,,,,,,,"(0.0, 0.0, 0.0)",
PLAYER_POSITIONS,400467,6/26/2026 11:36:55 AM,e7ca1105-8b8f-4dee-a332-17c93bb5c040,2.0,,,,,,,,,,,,,,,,,,,,,,,,,,,,,,,,,,,"(-14.5, 0.4, 3.2)","(-14.2, 1.1, 3.2)","(-14.0, 0.5, 3.4)",
PLAYER_GAZE,400467,6/26/2026 11:36:55 AM,e7ca1105-8b8f-4dee-a332-17c93bb5c040,2.0,,,,,,,,,,,,,,,,,,,,,,,,Civilian PT 14,,,,,,,,,"(-0.1, 1.1, -0.4)",,,"(-14.1, 0.0, 3.6)",
PLAYER_POSITIONS,400467,6/26/2026 11:36:55 AM,e7ca1105-8b8f-4dee-a332-17c93bb5c040,2.0,,,,,,,,,,,,,,,,,,,,,,,,,,,,,,,,,,,"(-14.5, 0.4, 3.2)","(-14.2, 1.1, 3.2)","(-14.0, 0.5, 3.4)",
PLAYER_GAZE,400467,6/26/2026 11:36:55 AM,e7ca1105-8b8f-4dee-a332-17c93bb5c040,2.0,,,,,,,,,,,,,,,,,,,,,,,,Civilian PT 14,,,,,,,,,"(-0.1, 1.1, -0.4)",,,"(-14.1, 0.0, 3.6)",
PLAYER_POSITIONS,400982,6/26/2026 11:36:55 AM,e7ca1105-8b8f-4dee-a332-17c93bb5c040,2.0,,,,,,,,,,,,,,,,,,,,,,,,,,,,,,,,,,,"(-14.1, 0.4, 3.1)","(-13.7, 1.1, 3.1)","(-13.6, 0.4, 3.3)",
PLAYER_POSITIONS,400982,6/26/2026 11:36:55 AM,e7ca1105-8b8f-4dee-a332-17c93bb5c040,2.0,,,,,,,,,,,,,,,,,,,,,,,,,,,,,,,,,,,"(-14.1, 0.4, 3.1)","(-13.7, 1.1, 3.1)","(-13.6, 0.4, 3.3)",
PLAYER_POSITIONS,401495,6/26/2026 11:36:56 AM,e7ca1105-8b8f-4dee-a332-17c93bb5c040,2.0,,,,,,,,,,,,,,,,,,,,,,,,,,,,,,,,,,,"(-14.1, 0.5, 3.1)","(-13.8, 1.1, 3.1)","(-13.6, 0.4, 3.2)",
PLAYER_POSITIONS,401495,6/26/2026 11:36:56 AM,e7ca1105-8b8f-4dee-a332-17c93bb5c040,2.0,,,,,,,,,,,,,,,,,,,,,,,,,,,,,,,,,,,"(-14.1, 0.5, 3.1)","(-13.8, 1.1, 3.1)","(-13.6, 0.4, 3.2)",
PLAYER_POSITIONS,401994,6/26/2026 11:36:56 AM,e7ca1105-8b8f-4dee-a332-17c93bb5c040,2.0,,,,,,,,,,,,,,,,,,,,,,,,,,,,,,,,,,,"(-14.4, 0.3, 2.8)","(-14.2, 0.9, 2.8)","(-14.0, 0.6, 3.0)",
PLAYER_POSITIONS,401994,6/26/2026 11:36:56 AM,e7ca1105-8b8f-4dee-a332-17c93bb5c040,2.0,,,,,,,,,,,,,,,,,,,,,,,,,,,,,,,,,,,"(-14.4, 0.3, 2.8)","(-14.2, 0.9, 2.8)","(-14.0, 0.6, 3.0)",
VOICE_CAPTURE,402204,6/26/2026 11:36:56 AM,e7ca1105-8b8f-4dee-a332-17c93bb5c040,2.0,,,,,,,,,,,,,,,,,,,,,,,,,,,,,,,,,,,,,,,,,,,,,,,,,,,NA,Thank you.,
PLAYER_POSITIONS,402509,6/26/2026 11:36:57 AM,e7ca1105-8b8f-4dee-a332-17c93bb5c040,2.0,,,,,,,,,,,,,,,,,,,,,,,,,,,,,,,,,,,"(-14.7, 0.3, 2.6)","(-14.6, 1.0, 2.6)","(-14.4, 0.6, 2.9)",
PLAYER_POSITIONS,402509,6/26/2026 11:36:57 AM,e7ca1105-8b8f-4dee-a332-17c93bb5c040,2.0,,,,,,,,,,,,,,,,,,,,,,,,,,,,,,,,,,,"(-14.7, 0.3, 2.6)","(-14.6, 1.0, 2.6)","(-14.4, 0.6, 2.9)",
PLAYER_POSITIONS,403023,6/26/2026 11:36:57 AM,e7ca1105-8b8f-4dee-a332-17c93bb5c040,2.0,,,,,,,,,,,,,,,,,,,,,,,,,,,,,,,,,,,"(-14.6, 0.4, 2.6)","(-14.4, 1.0, 2.7)","(-14.4, 0.6, 2.9)",
PLAYER_GAZE,403023,6/26/2026 11:36:57 AM,e7ca1105-8b8f-4dee-a332-17c93bb5c040,2.0,,,,,,,,,,,,,,,,,,,,,,,,Military PT 13,,,,,,,,,"(0.8, 1.0, -2.3)",,,"(-15.2, 0.0, 5.0)",
PLAYER_POSITIONS,403023,6/26/2026 11:36:57 AM,e7ca1105-8b8f-4dee-a332-17c93bb5c040,2.0,,,,,,,,,,,,,,,,,,,,,,,,,,,,,,,,,,,"(-14.6, 0.4, 2.6)","(-14.4, 1.0, 2.7)","(-14.4, 0.6, 2.9)",
PLAYER_GAZE,403023,6/26/2026 11:36:57 AM,e7ca1105-8b8f-4dee-a332-17c93bb5c040,2.0,,,,,,,,,,,,,,,,,,,,,,,,Military PT 13,,,,,,,,,"(0.8, 1.0, -2.3)",,,"(-15.2, 0.0, 5.0)",
PLAYER_POSITIONS,403524,6/26/2026 11:36:58 AM,e7ca1105-8b8f-4dee-a332-17c93bb5c040,2.0,,,,,,,,,,,,,,,,,,,,,,,,,,,,,,,,,,,"(-14.3, 0.5, 3.0)","(-14.0, 1.2, 3.0)","(-13.8, 0.6, 3.2)",
PLAYER_GAZE,403524,6/26/2026 11:36:58 AM,e7ca1105-8b8f-4dee-a332-17c93bb5c040,2.0,,,,,,,,,,,,,,,,,,,,,,,,Military PT 13,,,,,,,,,"(1.2, 1.2, -2.0)",,,"(-15.2, 0.0, 5.0)",
PLAYER_POSITIONS,403524,6/26/2026 11:36:58 AM,e7ca1105-8b8f-4dee-a332-17c93bb5c040,2.0,,,,,,,,,,,,,,,,,,,,,,,,,,,,,,,,,,,"(-14.3, 0.5, 3.0)","(-14.0, 1.2, 3.0)","(-13.8, 0.6, 3.2)",
PLAYER_GAZE,403524,6/26/2026 11:36:58 AM,e7ca1105-8b8f-4dee-a332-17c93bb5c040,2.0,,,,,,,,,,,,,,,,,,,,,,,,Military PT 13,,,,,,,,,"(1.2, 1.2, -2.0)",,,"(-15.2, 0.0, 5.0)",
AUDIO_END,403677,6/26/2026 11:36:58 AM,e7ca1105-8b8f-4dee-a332-17c93bb5c040,2.0,good hits razor 1,4.545306,
NARRATIVE_SECTION_END,403678,6/26/2026 11:36:58 AM,e7ca1105-8b8f-4dee-a332-17c93bb5c040,2.0,,,,,,,,,,,,,,,,,,Good hits razor 1,45,
NARRATIVE_SECTION_START,403729,6/26/2026 11:36:58 AM,e7ca1105-8b8f-4dee-a332-17c93bb5c040,2.0,,,,,,,,,,,,,,,,,,Bravo switching to objective foxtrot,46,
PLAYER_POSITIONS,404025,6/26/2026 11:36:58 AM,e7ca1105-8b8f-4dee-a332-17c93bb5c040,2.0,,,,,,,,,,,,,,,,,,,,,,,,,,,,,,,,,,,"(-14.1, 0.6, 3.3)","(-13.9, 1.2, 3.1)","(-13.5, 0.5, 3.3)",
PLAYER_GAZE,404025,6/26/2026 11:36:58 AM,e7ca1105-8b8f-4dee-a332-17c93bb5c040,2.0,,,,,,,,,,,,,,,,,,,,,,,,Civilian PT 14,,,,,,,,,"(0.2, 1.2, -0.5)",,,"(-14.1, 0.0, 3.6)",
PLAYER_POSITIONS,404025,6/26/2026 11:36:58 AM,e7ca1105-8b8f-4dee-a332-17c93bb5c040,2.0,,,,,,,,,,,,,,,,,,,,,,,,,,,,,,,,,,,"(-14.1, 0.6, 3.3)","(-13.9, 1.2, 3.1)","(-13.5, 0.5, 3.3)",
PLAYER_GAZE,404025,6/26/2026 11:36:58 AM,e7ca1105-8b8f-4dee-a332-17c93bb5c040,2.0,,,,,,,,,,,,,,,,,,,,,,,,Civilian PT 14,,,,,,,,,"(0.2, 1.2, -0.5)",,,"(-14.1, 0.0, 3.6)",
PLAYER_POSITIONS,404529,6/26/2026 11:36:59 AM,e7ca1105-8b8f-4dee-a332-17c93bb5c040,2.0,,,,,,,,,,,,,,,,,,,,,,,,,,,,,,,,,,,"(-14.3, 0.6, 3.0)","(-14.0, 1.1, 3.1)","(-13.9, 0.5, 3.3)",
PLAYER_GAZE,404529,6/26/2026 11:36:59 AM,e7ca1105-8b8f-4dee-a332-17c93bb5c040,2.0,,,,,,,,,,,,,,,,,,,,,,,,Military PT 13,,,,,,,,,"(1.2, 1.1, -1.9)",,,"(-15.2, 0.0, 5.0)",
PLAYER_POSITIONS,404529,6/26/2026 11:36:59 AM,e7ca1105-8b8f-4dee-a332-17c93bb5c040,2.0,,,,,,,,,,,,,,,,,,,,,,,,,,,,,,,,,,,"(-14.3, 0.6, 3.0)","(-14.0, 1.1, 3.1)","(-13.9, 0.5, 3.3)",
PLAYER_GAZE,404529,6/26/2026 11:36:59 AM,e7ca1105-8b8f-4dee-a332-17c93bb5c040,2.0,,,,,,,,,,,,,,,,,,,,,,,,Military PT 13,,,,,,,,,"(1.2, 1.1, -1.9)",,,"(-15.2, 0.0, 5.0)",
PLAYER_POSITIONS,405038,6/26/2026 11:36:59 AM,e7ca1105-8b8f-4dee-a332-17c93bb5c040,2.0,,,,,,,,,,,,,,,,,,,,,,,,,,,,,,,,,,,"(-14.4, 0.7, 3.0)","(-14.2, 1.4, 3.1)","(-14.0, 0.8, 3.3)",
PLAYER_GAZE,405038,6/26/2026 11:36:59 AM,e7ca1105-8b8f-4dee-a332-17c93bb5c040,2.0,,,,,,,,,,,,,,,,,,,,,,,,Military PT 13,,,,,,,,,"(1.0, 1.4, -1.9)",,,"(-15.2, 0.0, 5.0)",
PLAYER_POSITIONS,405038,6/26/2026 11:36:59 AM,e7ca1105-8b8f-4dee-a332-17c93bb5c040,2.0,,,,,,,,,,,,,,,,,,,,,,,,,,,,,,,,,,,"(-14.4, 0.7, 3.0)","(-14.2, 1.4, 3.1)","(-14.0, 0.8, 3.3)",
PLAYER_GAZE,405038,6/26/2026 11:36:59 AM,e7ca1105-8b8f-4dee-a332-17c93bb5c040,2.0,,,,,,,,,,,,,,,,,,,,,,,,Military PT 13,,,,,,,,,"(1.0, 1.4, -1.9)",,,"(-15.2, 0.0, 5.0)",
EVAC_RADIO_ALERT,405416,6/26/2026 11:37:00 AM,e7ca1105-8b8f-4dee-a332-17c93bb5c040,2.0,,,,,,,,1,
AUDIO_START,405430,6/26/2026 11:37:00 AM,e7ca1105-8b8f-4dee-a332-17c93bb5c040,2.0,evac in 4 minutes,4.127347,
PLAYER_POSITIONS,405558,6/26/2026 11:37:00 AM,e7ca1105-8b8f-4dee-a332-17c93bb5c040,2.0,,,,,,,,,,,,,,,,,,,,,,,,,,,,,,,,,,,"(-14.2, 0.8, 3.2)","(-13.7, 1.5, 3.0)","(-13.6, 0.8, 3.1)",
PLAYER_POSITIONS,405558,6/26/2026 11:37:00 AM,e7ca1105-8b8f-4dee-a332-17c93bb5c040,2.0,,,,,,,,,,,,,,,,,,,,,,,,,,,,,,,,,,,"(-14.2, 0.8, 3.2)","(-13.7, 1.5, 3.0)","(-13.6, 0.8, 3.1)",
VOICE_CAPTURE,405755,6/26/2026 11:37:00 AM,e7ca1105-8b8f-4dee-a332-17c93bb5c040,2.0,,,,,,,,,,,,,,,,,,,,,,,,,,,,,,,,,,,,,,,,,,,,,,,,,,,NA,and...,
PLAYER_POSITIONS,406060,6/26/2026 11:37:00 AM,e7ca1105-8b8f-4dee-a332-17c93bb5c040,2.0,,,,,,,,,,,,,,,,,,,,,,,,,,,,,,,,,,,"(-13.8, 0.8, 3.3)","(-13.7, 1.5, 3.0)","(-13.5, 0.8, 2.7)",
PLAYER_POSITIONS,406060,6/26/2026 11:37:00 AM,e7ca1105-8b8f-4dee-a332-17c93bb5c040,2.0,,,,,,,,,,,,,,,,,,,,,,,,,,,,,,,,,,,"(-13.8, 0.8, 3.3)","(-13.7, 1.5, 3.0)","(-13.5, 0.8, 2.7)",
VOICE_CAPTURE,406269,6/26/2026 11:37:00 AM,e7ca1105-8b8f-4dee-a332-17c93bb5c040,2.0,,,,,,,,,,,,,,,,,,,,,,,,,,,,,,,,,,,,,,,,,,,,,,,,,,,NA,and...,
PLAYER_POSITIONS,406573,6/26/2026 11:37:01 AM,e7ca1105-8b8f-4dee-a332-17c93bb5c040,2.0,,,,,,,,,,,,,,,,,,,,,,,,,,,,,,,,,,,"(-13.2, 0.7, 3.0)","(-13.2, 1.4, 2.6)","(-13.2, 0.6, 2.3)",
PLAYER_POSITIONS,406573,6/26/2026 11:37:01 AM,e7ca1105-8b8f-4dee-a332-17c93bb5c040,2.0,,,,,,,,,,,,,,,,,,,,,,,,,,,,,,,,,,,"(-13.2, 0.7, 3.0)","(-13.2, 1.4, 2.6)","(-13.2, 0.6, 2.3)",
VOICE_CAPTURE,406740,6/26/2026 11:37:01 AM,e7ca1105-8b8f-4dee-a332-17c93bb5c040,2.0,,,,,,,,,,,,,,,,,,,,,,,,,,,,,,,,,,,,,,,,,,,,,,,,,,,NA,and... Alright.,
PATIENT_DISENGAGED,406904,6/26/2026 11:37:01 AM,e7ca1105-8b8f-4dee-a332-17c93bb5c040,2.0,,,,32.65,,,,,,,,,,,,,,,,normal,100,Infinity,normal,Civilian PT 14,upset,supine,"(-14.3, 0.0, 3.8)",normal,"(0.0, 0.8, 0.0, 0.6)",normal,DELAYED,still,,,,,,,,,,,,,,,,,32.65,
PLAYER_POSITIONS,407075,6/26/2026 11:37:01 AM,e7ca1105-8b8f-4dee-a332-17c93bb5c040,2.0,,,,,,,,,,,,,,,,,,,,,,,,,,,,,,,,,,,"(-12.5, 0.7, 2.5)","(-12.5, 1.4, 2.2)","(-12.4, 0.7, 1.8)",
PLAYER_POSITIONS,407075,6/26/2026 11:37:01 AM,e7ca1105-8b8f-4dee-a332-17c93bb5c040,2.0,,,,,,,,,,,,,,,,,,,,,,,,,,,,,,,,,,,"(-12.5, 0.7, 2.5)","(-12.5, 1.4, 2.2)","(-12.4, 0.7, 1.8)",
VOICE_CAPTURE,407241,6/26/2026 11:37:01 AM,e7ca1105-8b8f-4dee-a332-17c93bb5c040,2.0,,,,,,,,,,,,,,,,,,,,,,,,,,,,,,,,,,,,,,,,,,,,,,,,,,,NA,and... Alright.,
VOICE_CAPTURE,407241,6/26/2026 11:37:01 AM,e7ca1105-8b8f-4dee-a332-17c93bb5c040,2.0,,,,,,,,,,,,,,,,,,,,,,,,,,,,,,,,,,,,,,,,,,,,,,,,,,,NA,and... Alright.,
PLAYER_POSITIONS,407602,6/26/2026 11:37:02 AM,e7ca1105-8b8f-4dee-a332-17c93bb5c040,2.0,,,,,,,,,,,,,,,,,,,,,,,,,,,,,,,,,,,"(-12.2, 0.7, 2.6)","(-12.3, 1.4, 2.2)","(-12.3, 0.6, 1.9)",
PLAYER_GAZE,407602,6/26/2026 11:37:02 AM,e7ca1105-8b8f-4dee-a332-17c93bb5c040,2.0,,,,,,,,,,,,,,,,,,,,,,,,Military PT 1,,,,,,,,,"(-4.3, 1.4, 1.8)",,,"(-8.0, 0.0, 0.4)",
PLAYER_POSITIONS,407602,6/26/2026 11:37:02 AM,e7ca1105-8b8f-4dee-a332-17c93bb5c040,2.0,,,,,,,,,,,,,,,,,,,,,,,,,,,,,,,,,,,"(-12.2, 0.7, 2.6)","(-12.3, 1.4, 2.2)","(-12.3, 0.6, 1.9)",
PLAYER_GAZE,407602,6/26/2026 11:37:02 AM,e7ca1105-8b8f-4dee-a332-17c93bb5c040,2.0,,,,,,,,,,,,,,,,,,,,,,,,Military PT 1,,,,,,,,,"(-4.3, 1.4, 1.8)",,,"(-8.0, 0.0, 0.4)",
PLAYER_POSITIONS,408120,6/26/2026 11:37:02 AM,e7ca1105-8b8f-4dee-a332-17c93bb5c040,2.0,,,,,,,,,,,,,,,,,,,,,,,,,,,,,,,,,,,"(-11.7, 0.7, 2.5)","(-11.9, 1.4, 2.2)","(-11.9, 0.7, 1.9)",
PLAYER_GAZE,408120,6/26/2026 11:37:02 AM,e7ca1105-8b8f-4dee-a332-17c93bb5c040,2.0,,,,,,,,,,,,,,,,,,,,,,,,Military PT 1,,,,,,,,,"(-3.8, 1.4, 1.8)",,,"(-8.0, 0.0, 0.4)",
PLAYER_POSITIONS,408120,6/26/2026 11:37:02 AM,e7ca1105-8b8f-4dee-a332-17c93bb5c040,2.0,,,,,,,,,,,,,,,,,,,,,,,,,,,,,,,,,,,"(-11.7, 0.7, 2.5)","(-11.9, 1.4, 2.2)","(-11.9, 0.7, 1.9)",
PLAYER_GAZE,408120,6/26/2026 11:37:02 AM,e7ca1105-8b8f-4dee-a332-17c93bb5c040,2.0,,,,,,,,,,,,,,,,,,,,,,,,Military PT 1,,,,,,,,,"(-3.8, 1.4, 1.8)",,,"(-8.0, 0.0, 0.4)",
PLAYER_POSITIONS,408620,6/26/2026 11:37:03 AM,e7ca1105-8b8f-4dee-a332-17c93bb5c040,2.0,,,,,,,,,,,,,,,,,,,,,,,,,,,,,,,,,,,"(-11.7, 0.7, 2.5)","(-11.9, 1.4, 2.1)","(-11.9, 0.7, 1.9)",
PLAYER_GAZE,408620,6/26/2026 11:37:03 AM,e7ca1105-8b8f-4dee-a332-17c93bb5c040,2.0,,,,,,,,,,,,,,,,,,,,,,,,Military PT 2,,,,,,,,,"(0.1, 1.4, 1.1)",,,"(-12.0, 0.0, 1.1)",
PLAYER_POSITIONS,408620,6/26/2026 11:37:03 AM,e7ca1105-8b8f-4dee-a332-17c93bb5c040,2.0,,,,,,,,,,,,,,,,,,,,,,,,,,,,,,,,,,,"(-11.7, 0.7, 2.5)","(-11.9, 1.4, 2.1)","(-11.9, 0.7, 1.9)",
PLAYER_GAZE,408620,6/26/2026 11:37:03 AM,e7ca1105-8b8f-4dee-a332-17c93bb5c040,2.0,,,,,,,,,,,,,,,,,,,,,,,,Military PT 2,,,,,,,,,"(0.1, 1.4, 1.1)",,,"(-12.0, 0.0, 1.1)",
PLAYER_POSITIONS,409134,6/26/2026 11:37:03 AM,e7ca1105-8b8f-4dee-a332-17c93bb5c040,2.0,,,,,,,,,,,,,,,,,,,,,,,,,,,,,,,,,,,"(-11.9, 0.7, 2.2)","(-12.2, 1.4, 2.1)","(-12.5, 0.7, 1.8)",
PLAYER_GAZE,409134,6/26/2026 11:37:03 AM,e7ca1105-8b8f-4dee-a332-17c93bb5c040,2.0,,,,,,,,,,,,,,,,,,,,,,,,Military PT 9,,,,,,,,,"(0.4, 1.4, 3.9)",,,"(-12.7, 0.0, -1.8)",
PLAYER_POSITIONS,409134,6/26/2026 11:37:03 AM,e7ca1105-8b8f-4dee-a332-17c93bb5c040,2.0,,,,,,,,,,,,,,,,,,,,,,,,,,,,,,,,,,,"(-11.9, 0.7, 2.2)","(-12.2, 1.4, 2.1)","(-12.5, 0.7, 1.8)",
PLAYER_GAZE,409134,6/26/2026 11:37:03 AM,e7ca1105-8b8f-4dee-a332-17c93bb5c040,2.0,,,,,,,,,,,,,,,,,,,,,,,,Military PT 9,,,,,,,,,"(0.4, 1.4, 3.9)",,,"(-12.7, 0.0, -1.8)",
AUDIO_END,409549,6/26/2026 11:37:04 AM,e7ca1105-8b8f-4dee-a332-17c93bb5c040,2.0,evac in 4 minutes,4.127347,
PLAYER_POSITIONS,409634,6/26/2026 11:37:04 AM,e7ca1105-8b8f-4dee-a332-17c93bb5c040,2.0,,,,,,,,,,,,,,,,,,,,,,,,,,,,,,,,,,,"(-12.7, 0.7, 1.9)","(-13.0, 1.4, 1.8)","(-13.3, 0.6, 1.7)",
PLAYER_GAZE,409634,6/26/2026 11:37:04 AM,e7ca1105-8b8f-4dee-a332-17c93bb5c040,2.0,,,,,,,,,,,,,,,,,,,,,,,,Military PT 9,,,,,,,,,"(-0.3, 1.4, 3.6)",,,"(-12.7, 0.0, -1.8)",
PLAYER_POSITIONS,409634,6/26/2026 11:37:04 AM,e7ca1105-8b8f-4dee-a332-17c93bb5c040,2.0,,,,,,,,,,,,,,,,,,,,,,,,,,,,,,,,,,,"(-12.7, 0.7, 1.9)","(-13.0, 1.4, 1.8)","(-13.3, 0.6, 1.7)",
PLAYER_GAZE,409634,6/26/2026 11:37:04 AM,e7ca1105-8b8f-4dee-a332-17c93bb5c040,2.0,,,,,,,,,,,,,,,,,,,,,,,,Military PT 9,,,,,,,,,"(-0.3, 1.4, 3.6)",,,"(-12.7, 0.0, -1.8)",
PLAYER_POSITIONS,410134,6/26/2026 11:37:04 AM,e7ca1105-8b8f-4dee-a332-17c93bb5c040,2.0,,,,,,,,,,,,,,,,,,,,,,,,,,,,,,,,,,,"(-12.4, 0.7, 0.9)","(-12.7, 1.4, 0.9)","(-13.0, 0.7, 0.7)",
PLAYER_POSITIONS,410134,6/26/2026 11:37:04 AM,e7ca1105-8b8f-4dee-a332-17c93bb5c040,2.0,,,,,,,,,,,,,,,,,,,,,,,,,,,,,,,,,,,"(-12.4, 0.7, 0.9)","(-12.7, 1.4, 0.9)","(-13.0, 0.7, 0.7)",
PLAYER_POSITIONS,410634,6/26/2026 11:37:05 AM,e7ca1105-8b8f-4dee-a332-17c93bb5c040,2.0,,,,,,,,,,,,,,,,,,,,,,,,,,,,,,,,,,,"(-12.1, 0.7, 0.1)","(-12.4, 1.4, 0.1)","(-12.7, 0.6, -0.1)",
PLAYER_POSITIONS,410634,6/26/2026 11:37:05 AM,e7ca1105-8b8f-4dee-a332-17c93bb5c040,2.0,,,,,,,,,,,,,,,,,,,,,,,,,,,,,,,,,,,"(-12.1, 0.7, 0.1)","(-12.4, 1.4, 0.1)","(-12.7, 0.6, -0.1)",
PLAYER_POSITIONS,411160,6/26/2026 11:37:05 AM,e7ca1105-8b8f-4dee-a332-17c93bb5c040,2.0,,,,,,,,,,,,,,,,,,,,,,,,,,,,,,,,,,,"(-11.7, 0.7, -0.7)","(-11.9, 1.4, -0.7)","(-12.3, 0.6, -0.9)",
PLAYER_POSITIONS,411160,6/26/2026 11:37:05 AM,e7ca1105-8b8f-4dee-a332-17c93bb5c040,2.0,,,,,,,,,,,,,,,,,,,,,,,,,,,,,,,,,,,"(-11.7, 0.7, -0.7)","(-11.9, 1.4, -0.7)","(-12.3, 0.6, -0.9)",
PLAYER_POSITIONS,411687,6/26/2026 11:37:06 AM,e7ca1105-8b8f-4dee-a332-17c93bb5c040,2.0,,,,,,,,,,,,,,,,,,,,,,,,,,,,,,,,,,,"(-11.2, 0.7, -1.4)","(-11.5, 1.4, -1.5)","(-11.8, 0.6, -1.7)",
PLAYER_POSITIONS,411687,6/26/2026 11:37:06 AM,e7ca1105-8b8f-4dee-a332-17c93bb5c040,2.0,,,,,,,,,,,,,,,,,,,,,,,,,,,,,,,,,,,"(-11.2, 0.7, -1.4)","(-11.5, 1.4, -1.5)","(-11.8, 0.6, -1.7)",
PLAYER_POSITIONS,412229,6/26/2026 11:37:06 AM,e7ca1105-8b8f-4dee-a332-17c93bb5c040,2.0,,,,,,,,,,,,,,,,,,,,,,,,,,,,,,,,,,,"(-11.2, 0.7, -2.4)","(-11.5, 1.4, -2.5)","(-11.8, 0.7, -2.7)",
PLAYER_POSITIONS,412229,6/26/2026 11:37:06 AM,e7ca1105-8b8f-4dee-a332-17c93bb5c040,2.0,,,,,,,,,,,,,,,,,,,,,,,,,,,,,,,,,,,"(-11.2, 0.7, -2.4)","(-11.5, 1.4, -2.5)","(-11.8, 0.7, -2.7)",
PLAYER_POSITIONS,412729,6/26/2026 11:37:07 AM,e7ca1105-8b8f-4dee-a332-17c93bb5c040,2.0,,,,,,,,,,,,,,,,,,,,,,,,,,,,,,,,,,,"(-10.7, 0.7, -2.9)","(-10.9, 1.3, -3.0)","(-11.2, 0.7, -3.2)",
PLAYER_POSITIONS,412729,6/26/2026 11:37:07 AM,e7ca1105-8b8f-4dee-a332-17c93bb5c040,2.0,,,,,,,,,,,,,,,,,,,,,,,,,,,,,,,,,,,"(-10.7, 0.7, -2.9)","(-10.9, 1.3, -3.0)","(-11.2, 0.7, -3.2)",
PLAYER_POSITIONS,413256,6/26/2026 11:37:07 AM,e7ca1105-8b8f-4dee-a332-17c93bb5c040,2.0,,,,,,,,,,,,,,,,,,,,,,,,,,,,,,,,,,,"(-10.1, 0.7, -3.0)","(-10.3, 1.3, -3.1)","(-10.5, 0.7, -3.4)",
PLAYER_POSITIONS,413256,6/26/2026 11:37:07 AM,e7ca1105-8b8f-4dee-a332-17c93bb5c040,2.0,,,,,,,,,,,,,,,,,,,,,,,,,,,,,,,,,,,"(-10.1, 0.7, -3.0)","(-10.3, 1.3, -3.1)","(-10.5, 0.7, -3.4)",
AUDIO_START,413736,6/26/2026 11:37:08 AM,e7ca1105-8b8f-4dee-a332-17c93bb5c040,2.0,bravo switching to objective foxtrot,4.571429,
PLAYER_POSITIONS,413762,6/26/2026 11:37:08 AM,e7ca1105-8b8f-4dee-a332-17c93bb5c040,2.0,,,,,,,,,,,,,,,,,,,,,,,,,,,,,,,,,,,"(-10.0, 0.7, -3.3)","(-10.0, 1.2, -3.4)","(-10.1, 0.7, -3.6)",
PLAYER_POSITIONS,413762,6/26/2026 11:37:08 AM,e7ca1105-8b8f-4dee-a332-17c93bb5c040,2.0,,,,,,,,,,,,,,,,,,,,,,,,,,,,,,,,,,,"(-10.0, 0.7, -3.3)","(-10.0, 1.2, -3.4)","(-10.1, 0.7, -3.6)",
PLAYER_POSITIONS,414275,6/26/2026 11:37:08 AM,e7ca1105-8b8f-4dee-a332-17c93bb5c040,2.0,,,,,,,,,,,,,,,,,,,,,,,,,,,,,,,,,,,"(-9.9, 0.5, -3.3)","(-9.9, 0.9, -3.3)","(-9.8, 0.4, -3.5)",
PLAYER_POSITIONS,414275,6/26/2026 11:37:08 AM,e7ca1105-8b8f-4dee-a332-17c93bb5c040,2.0,,,,,,,,,,,,,,,,,,,,,,,,,,,,,,,,,,,"(-9.9, 0.5, -3.3)","(-9.9, 0.9, -3.3)","(-9.8, 0.4, -3.5)",
PATIENT_ENGAGED,414494,6/26/2026 11:37:09 AM,e7ca1105-8b8f-4dee-a332-17c93bb5c040,2.0,,,,0,,,,,,,,,,,,,,,,none,100,Infinity,none,Military PT 10,dead,fetal,"(-9.6, -0.1, -2.9)",none,"(0.0, -0.6, 0.0, 0.8)",none,EXPECTANT,still,,,,,,,,,,,,,,,,,0,
PLAYER_POSITIONS,414788,6/26/2026 11:37:09 AM,e7ca1105-8b8f-4dee-a332-17c93bb5c040,2.0,,,,,,,,,,,,,,,,,,,,,,,,,,,,,,,,,,,"(-9.9, 0.5, -3.1)","(-9.8, 0.8, -3.4)","(-9.6, 0.2, -3.5)",
PLAYER_POSITIONS,414788,6/26/2026 11:37:09 AM,e7ca1105-8b8f-4dee-a332-17c93bb5c040,2.0,,,,,,,,,,,,,,,,,,,,,,,,,,,,,,,,,,,"(-9.9, 0.5, -3.1)","(-9.8, 0.8, -3.4)","(-9.6, 0.2, -3.5)",
DRAG_STOP,415262,6/26/2026 11:37:09 AM,e7ca1105-8b8f-4dee-a332-17c93bb5c040,2.0,,,,,"(-6.8, 0.0, 2.1)","(-8.0, 0.0, 0.4)",,,,,,,,,,,,,,,,,,Military PT 10,
PLAYER_POSITIONS,415315,6/26/2026 11:37:10 AM,e7ca1105-8b8f-4dee-a332-17c93bb5c040,2.0,,,,,,,,,,,,,,,,,,,,,,,,,,,,,,,,,,,"(-9.7, 0.4, -3.1)","(-9.6, 0.7, -3.4)","(-9.5, 0.1, -3.6)",
PLAYER_POSITIONS,415315,6/26/2026 11:37:10 AM,e7ca1105-8b8f-4dee-a332-17c93bb5c040,2.0,,,,,,,,,,,,,,,,,,,,,,,,,,,,,,,,,,,"(-9.7, 0.4, -3.1)","(-9.6, 0.7, -3.4)","(-9.5, 0.1, -3.6)",
PULSE_TAKEN,415478,6/26/2026 11:37:10 AM,e7ca1105-8b8f-4dee-a332-17c93bb5c040,2.0,,,,,,,,,,,,,,,,,,,,,,,,Military PT 10,,,,pulse_none,
PLAYER_POSITIONS,415828,6/26/2026 11:37:10 AM,e7ca1105-8b8f-4dee-a332-17c93bb5c040,2.0,,,,,,,,,,,,,,,,,,,,,,,,,,,,,,,,,,,"(-9.7, 0.4, -3.1)","(-9.6, 0.7, -3.5)","(-9.5, 0.1, -3.6)",
PLAYER_POSITIONS,415828,6/26/2026 11:37:10 AM,e7ca1105-8b8f-4dee-a332-17c93bb5c040,2.0,,,,,,,,,,,,,,,,,,,,,,,,,,,,,,,,,,,"(-9.7, 0.4, -3.1)","(-9.6, 0.7, -3.5)","(-9.5, 0.1, -3.6)",
PLAYER_POSITIONS,416347,6/26/2026 11:37:11 AM,e7ca1105-8b8f-4dee-a332-17c93bb5c040,2.0,,,,,,,,,,,,,,,,,,,,,,,,,,,,,,,,,,,"(-9.7, 0.4, -3.1)","(-9.6, 0.7, -3.5)","(-9.5, 0.1, -3.6)",
PLAYER_POSITIONS,416347,6/26/2026 11:37:11 AM,e7ca1105-8b8f-4dee-a332-17c93bb5c040,2.0,,,,,,,,,,,,,,,,,,,,,,,,,,,,,,,,,,,"(-9.7, 0.4, -3.1)","(-9.6, 0.7, -3.5)","(-9.5, 0.1, -3.6)",
PLAYER_POSITIONS,416860,6/26/2026 11:37:11 AM,e7ca1105-8b8f-4dee-a332-17c93bb5c040,2.0,,,,,,,,,,,,,,,,,,,,,,,,,,,,,,,,,,,"(-9.7, 0.4, -3.1)","(-9.6, 0.7, -3.5)","(-9.5, 0.1, -3.6)",
PLAYER_POSITIONS,416860,6/26/2026 11:37:11 AM,e7ca1105-8b8f-4dee-a332-17c93bb5c040,2.0,,,,,,,,,,,,,,,,,,,,,,,,,,,,,,,,,,,"(-9.7, 0.4, -3.1)","(-9.6, 0.7, -3.5)","(-9.5, 0.1, -3.6)",
PLAYER_POSITIONS,417366,6/26/2026 11:37:12 AM,e7ca1105-8b8f-4dee-a332-17c93bb5c040,2.0,,,,,,,,,,,,,,,,,,,,,,,,,,,,,,,,,,,"(-9.7, 0.4, -3.1)","(-9.6, 0.7, -3.5)","(-9.5, 0.1, -3.6)",
PLAYER_POSITIONS,417366,6/26/2026 11:37:12 AM,e7ca1105-8b8f-4dee-a332-17c93bb5c040,2.0,,,,,,,,,,,,,,,,,,,,,,,,,,,,,,,,,,,"(-9.7, 0.4, -3.1)","(-9.6, 0.7, -3.5)","(-9.5, 0.1, -3.6)",
PULSE_TAKEN,417391,6/26/2026 11:37:12 AM,e7ca1105-8b8f-4dee-a332-17c93bb5c040,2.0,,,,,,,,,,,,,,,,,,,,,,,,Military PT 10,,,,pulse_none,
PLAYER_POSITIONS,417868,6/26/2026 11:37:12 AM,e7ca1105-8b8f-4dee-a332-17c93bb5c040,2.0,,,,,,,,,,,,,,,,,,,,,,,,,,,,,,,,,,,"(-9.6, 0.4, -3.2)","(-9.8, 0.9, -3.5)","(-9.7, 0.5, -3.9)",
PLAYER_POSITIONS,417868,6/26/2026 11:37:12 AM,e7ca1105-8b8f-4dee-a332-17c93bb5c040,2.0,,,,,,,,,,,,,,,,,,,,,,,,,,,,,,,,,,,"(-9.6, 0.4, -3.2)","(-9.8, 0.9, -3.5)","(-9.7, 0.5, -3.9)",
AUDIO_END,418325,6/26/2026 11:37:13 AM,e7ca1105-8b8f-4dee-a332-17c93bb5c040,2.0,bravo switching to objective foxtrot,4.571429,
NARRATIVE_SECTION_END,418326,6/26/2026 11:37:13 AM,e7ca1105-8b8f-4dee-a332-17c93bb5c040,2.0,,,,,,,,,,,,,,,,,,Bravo switching to objective foxtrot,46,
NARRATIVE_SECTION_START,418349,6/26/2026 11:37:13 AM,e7ca1105-8b8f-4dee-a332-17c93bb5c040,2.0,,,,,,,,,,,,,,,,,,Can bravo get overwatch,47,
PLAYER_POSITIONS,418382,6/26/2026 11:37:13 AM,e7ca1105-8b8f-4dee-a332-17c93bb5c040,2.0,,,,,,,,,,,,,,,,,,,,,,,,,,,,,,,,,,,"(-9.6, 0.4, -3.2)","(-9.8, 0.9, -3.4)","(-9.8, 0.5, -3.8)",
PLAYER_POSITIONS,418382,6/26/2026 11:37:13 AM,e7ca1105-8b8f-4dee-a332-17c93bb5c040,2.0,,,,,,,,,,,,,,,,,,,,,,,,,,,,,,,,,,,"(-9.6, 0.4, -3.2)","(-9.8, 0.9, -3.4)","(-9.8, 0.5, -3.8)",
TAG_SELECTED,418740,6/26/2026 11:37:13 AM,e7ca1105-8b8f-4dee-a332-17c93bb5c040,2.0,,,,,,,,,,,,,,,,,,,,,,,,,,,,,,,,,,,,,,,,,,black,
PLAYER_POSITIONS,418908,6/26/2026 11:37:13 AM,e7ca1105-8b8f-4dee-a332-17c93bb5c040,2.0,,,,,,,,,,,,,,,,,,,,,,,,,,,,,,,,,,,"(-9.6, 0.4, -3.2)","(-9.8, 0.9, -3.4)","(-9.8, 0.5, -3.7)",
PLAYER_POSITIONS,418908,6/26/2026 11:37:13 AM,e7ca1105-8b8f-4dee-a332-17c93bb5c040,2.0,,,,,,,,,,,,,,,,,,,,,,,,,,,,,,,,,,,"(-9.6, 0.4, -3.2)","(-9.8, 0.9, -3.4)","(-9.8, 0.5, -3.7)",
PLAYER_POSITIONS,419421,6/26/2026 11:37:14 AM,e7ca1105-8b8f-4dee-a332-17c93bb5c040,2.0,,,,,,,,,,,,,,,,,,,,,,,,,,,,,,,,,,,"(-9.7, 0.5, -3.1)","(-9.7, 0.7, -3.3)","(-9.6, 0.1, -3.3)",
PLAYER_POSITIONS,419421,6/26/2026 11:37:14 AM,e7ca1105-8b8f-4dee-a332-17c93bb5c040,2.0,,,,,,,,,,,,,,,,,,,,,,,,,,,,,,,,,,,"(-9.7, 0.5, -3.1)","(-9.7, 0.7, -3.3)","(-9.6, 0.1, -3.3)",
TAG_APPLIED,419826,6/26/2026 11:37:14 AM,e7ca1105-8b8f-4dee-a332-17c93bb5c040,2.0,,,,,,,,,,,,,,,,,,,,,,,,Military PT 10,,,,,,,,,,,,,,,,,,black,
PLAYER_POSITIONS,419936,6/26/2026 11:37:14 AM,e7ca1105-8b8f-4dee-a332-17c93bb5c040,2.0,,,,,,,,,,,,,,,,,,,,,,,,,,,,,,,,,,,"(-9.8, 0.5, -3.1)","(-9.7, 0.7, -3.3)","(-9.6, 0.0, -3.3)",
PLAYER_POSITIONS,419936,6/26/2026 11:37:14 AM,e7ca1105-8b8f-4dee-a332-17c93bb5c040,2.0,,,,,,,,,,,,,,,,,,,,,,,,,,,,,,,,,,,"(-9.8, 0.5, -3.1)","(-9.7, 0.7, -3.3)","(-9.6, 0.0, -3.3)",
BAG_CLOSED,420364,6/26/2026 11:37:15 AM,e7ca1105-8b8f-4dee-a332-17c93bb5c040,2.0,,,,,,,,,,,,,,,,,,,,,,,,,,,,,,,,,,,,"(0.0, 0.0, 0.0)",
PLAYER_POSITIONS,420450,6/26/2026 11:37:15 AM,e7ca1105-8b8f-4dee-a332-17c93bb5c040,2.0,,,,,,,,,,,,,,,,,,,,,,,,,,,,,,,,,,,"(-9.7, 0.5, -3.2)","(-9.7, 0.8, -3.3)","(-9.7, 0.2, -3.5)",
PLAYER_POSITIONS,420450,6/26/2026 11:37:15 AM,e7ca1105-8b8f-4dee-a332-17c93bb5c040,2.0,,,,,,,,,,,,,,,,,,,,,,,,,,,,,,,,,,,"(-9.7, 0.5, -3.2)","(-9.7, 0.8, -3.3)","(-9.7, 0.2, -3.5)",
PATIENT_DISENGAGED,420963,6/26/2026 11:37:15 AM,e7ca1105-8b8f-4dee-a332-17c93bb5c040,2.0,,,,6.47,,,,,,,,,,,,,,,,none,100,Infinity,none,Military PT 10,dead,fetal,"(-9.6, -0.1, -2.9)",none,"(0.0, -0.6, 0.0, 0.8)",none,EXPECTANT,still,,,,,,,,,,,,,,,,,6.47,
PATIENT_ENGAGED,420963,6/26/2026 11:37:15 AM,e7ca1105-8b8f-4dee-a332-17c93bb5c040,2.0,,,,0,,,,,,,,,,,,,,,,fast,100,Infinity,normal,Military PT 4,upset,kneeling,"(-11.1, -0.1, -4.7)",faint,"(0.0, 1.0, 0.0, 0.2)",normal,IMMEDIATE,still,,,,,,,,,,,,,,,,,0,
PLAYER_POSITIONS,420966,6/26/2026 11:37:15 AM,e7ca1105-8b8f-4dee-a332-17c93bb5c040,2.0,,,,,,,,,,,,,,,,,,,,,,,,,,,,,,,,,,,"(-10.3, 0.4, -3.8)","(-10.5, 0.9, -3.9)","(-10.4, 0.3, -4.1)",
PLAYER_POSITIONS,420966,6/26/2026 11:37:15 AM,e7ca1105-8b8f-4dee-a332-17c93bb5c040,2.0,,,,,,,,,,,,,,,,,,,,,,,,,,,,,,,,,,,"(-10.3, 0.4, -3.8)","(-10.5, 0.9, -3.9)","(-10.4, 0.3, -4.1)",
AUDIO_START,421357,6/26/2026 11:37:16 AM,e7ca1105-8b8f-4dee-a332-17c93bb5c040,2.0,can bravo get overwatch on objective,4.571429,
PLAYER_POSITIONS,421481,6/26/2026 11:37:16 AM,e7ca1105-8b8f-4dee-a332-17c93bb5c040,2.0,,,,,,,,,,,,,,,,,,,,,,,,,,,,,,,,,,,"(-10.6, 0.4, -3.9)","(-10.9, 1.0, -4.0)","(-10.9, 0.4, -4.2)",
PLAYER_POSITIONS,421481,6/26/2026 11:37:16 AM,e7ca1105-8b8f-4dee-a332-17c93bb5c040,2.0,,,,,,,,,,,,,,,,,,,,,,,,,,,,,,,,,,,"(-10.6, 0.4, -3.9)","(-10.9, 1.0, -4.0)","(-10.9, 0.4, -4.2)",
PULSE_TAKEN,421769,6/26/2026 11:37:16 AM,e7ca1105-8b8f-4dee-a332-17c93bb5c040,2.0,,,,,,,,,,,,,,,,,,,,,,,,Military PT 4,,,,pulse_faint,
PLAYER_POSITIONS,421994,6/26/2026 11:37:16 AM,e7ca1105-8b8f-4dee-a332-17c93bb5c040,2.0,,,,,,,,,,,,,,,,,,,,,,,,,,,,,,,,,,,"(-10.6, 0.4, -4.2)","(-10.9, 1.0, -4.2)","(-10.9, 0.5, -4.5)",
PLAYER_POSITIONS,421994,6/26/2026 11:37:16 AM,e7ca1105-8b8f-4dee-a332-17c93bb5c040,2.0,,,,,,,,,,,,,,,,,,,,,,,,,,,,,,,,,,,"(-10.6, 0.4, -4.2)","(-10.9, 1.0, -4.2)","(-10.9, 0.5, -4.5)",
PLAYER_POSITIONS,422495,6/26/2026 11:37:17 AM,e7ca1105-8b8f-4dee-a332-17c93bb5c040,2.0,,,,,,,,,,,,,,,,,,,,,,,,,,,,,,,,,,,"(-10.6, 0.4, -4.2)","(-10.9, 1.0, -4.2)","(-11.0, 0.6, -4.4)",
PLAYER_POSITIONS,422495,6/26/2026 11:37:17 AM,e7ca1105-8b8f-4dee-a332-17c93bb5c040,2.0,,,,,,,,,,,,,,,,,,,,,,,,,,,,,,,,,,,"(-10.6, 0.4, -4.2)","(-10.9, 1.0, -4.2)","(-11.0, 0.6, -4.4)",
VOICE_CAPTURE,422718,6/26/2026 11:37:17 AM,e7ca1105-8b8f-4dee-a332-17c93bb5c040,2.0,,,,,,,,,,,,,,,,,,,,,,,,,,,,,,,,,,,,,,,,,,,,,,,,,,,NA,What's your name?,
PLAYER_POSITIONS,423022,6/26/2026 11:37:17 AM,e7ca1105-8b8f-4dee-a332-17c93bb5c040,2.0,,,,,,,,,,,,,,,,,,,,,,,,,,,,,,,,,,,"(-10.5, 0.4, -4.3)","(-10.8, 1.0, -4.2)","(-11.0, 0.6, -4.4)",
PLAYER_POSITIONS,423022,6/26/2026 11:37:17 AM,e7ca1105-8b8f-4dee-a332-17c93bb5c040,2.0,,,,,,,,,,,,,,,,,,,,,,,,,,,,,,,,,,,"(-10.5, 0.4, -4.3)","(-10.8, 1.0, -4.2)","(-11.0, 0.6, -4.4)",
VOICE_CAPTURE,423245,6/26/2026 11:37:17 AM,e7ca1105-8b8f-4dee-a332-17c93bb5c040,2.0,,,,,,,,,,,,,,,,,,,,,,,,,,,,,,,,,,,,,,,,,,,,,,,,,,,NA,What's your name?,
VOICE_CAPTURE,423245,6/26/2026 11:37:17 AM,e7ca1105-8b8f-4dee-a332-17c93bb5c040,2.0,,,,,,,,,,,,,,,,,,,,,,,,,,,,,,,,,,,,,,,,,,,,,,,,,,,NA,What's your name?,
VOICE_COMMAND,423245,6/26/2026 11:37:17 AM,e7ca1105-8b8f-4dee-a332-17c93bb5c040,2.0,,,,,,,,,,,,,,,,,,,,,,,,,,,,,,,,,,,,,,,,,,,,,,,,,,,What's your name?,what is your name,
PULSE_TAKEN,423409,6/26/2026 11:37:18 AM,e7ca1105-8b8f-4dee-a332-17c93bb5c040,2.0,,,,,,,,,,,,,,,,,,,,,,,,Military PT 4,,,,pulse_faint,
PLAYER_POSITIONS,423549,6/26/2026 11:37:18 AM,e7ca1105-8b8f-4dee-a332-17c93bb5c040,2.0,,,,,,,,,,,,,,,,,,,,,,,,,,,,,,,,,,,"(-10.4, 0.4, -4.4)","(-10.4, 1.0, -4.2)","(-10.8, 0.6, -4.4)",
PLAYER_POSITIONS,423549,6/26/2026 11:37:18 AM,e7ca1105-8b8f-4dee-a332-17c93bb5c040,2.0,,,,,,,,,,,,,,,,,,,,,,,,,,,,,,,,,,,"(-10.4, 0.4, -4.4)","(-10.4, 1.0, -4.2)","(-10.8, 0.6, -4.4)",
VOICE_CAPTURE,423772,6/26/2026 11:37:18 AM,e7ca1105-8b8f-4dee-a332-17c93bb5c040,2.0,,,,,,,,,,,,,,,,,,,,,,,,,,,,,,,,,,,,,,,,,,,,,,,,,,,NA,How about I see you?,
DRAG_STOP,423832,6/26/2026 11:37:18 AM,e7ca1105-8b8f-4dee-a332-17c93bb5c040,2.0,,,,,"(-6.8, 0.0, 2.1)","(-8.0, 0.0, 0.4)",,,,,,,,,,,,,,,,,,Military PT 4,
PLAYER_POSITIONS,424077,6/26/2026 11:37:18 AM,e7ca1105-8b8f-4dee-a332-17c93bb5c040,2.0,,,,,,,,,,,,,,,,,,,,,,,,,,,,,,,,,,,"(-10.6, 0.4, -4.5)","(-10.7, 1.0, -4.3)","(-11.0, 0.7, -4.4)",
PLAYER_POSITIONS,424077,6/26/2026 11:37:18 AM,e7ca1105-8b8f-4dee-a332-17c93bb5c040,2.0,,,,,,,,,,,,,,,,,,,,,,,,,,,,,,,,,,,"(-10.6, 0.4, -4.5)","(-10.7, 1.0, -4.3)","(-11.0, 0.7, -4.4)",
VOICE_CAPTURE,424230,6/26/2026 11:37:18 AM,e7ca1105-8b8f-4dee-a332-17c93bb5c040,2.0,,,,,,,,,,,,,,,,,,,,,,,,,,,,,,,,,,,,,,,,,,,,,,,,,,,NA,How about I see you? What's your name?,
PLAYER_POSITIONS,424577,6/26/2026 11:37:19 AM,e7ca1105-8b8f-4dee-a332-17c93bb5c040,2.0,,,,,,,,,,,,,,,,,,,,,,,,,,,,,,,,,,,"(-10.5, 0.4, -4.4)","(-10.6, 1.0, -4.2)","(-10.8, 0.7, -4.3)",
PLAYER_POSITIONS,424577,6/26/2026 11:37:19 AM,e7ca1105-8b8f-4dee-a332-17c93bb5c040,2.0,,,,,,,,,,,,,,,,,,,,,,,,,,,,,,,,,,,"(-10.5, 0.4, -4.4)","(-10.6, 1.0, -4.2)","(-10.8, 0.7, -4.3)",
PULSE_TAKEN,424698,6/26/2026 11:37:19 AM,e7ca1105-8b8f-4dee-a332-17c93bb5c040,2.0,,,,,,,,,,,,,,,,,,,,,,,,Military PT 4,,,,pulse_faint,
VOICE_CAPTURE,424778,6/26/2026 11:37:19 AM,e7ca1105-8b8f-4dee-a332-17c93bb5c040,2.0,,,,,,,,,,,,,,,,,,,,,,,,,,,,,,,,,,,,,,,,,,,,,,,,,,,NA,How about I see you? What's your name? I'm gonna see ya.,
PLAYER_POSITIONS,425083,6/26/2026 11:37:19 AM,e7ca1105-8b8f-4dee-a332-17c93bb5c040,2.0,,,,,,,,,,,,,,,,,,,,,,,,,,,,,,,,,,,"(-10.5, 0.4, -4.4)","(-10.6, 0.9, -4.2)","(-10.8, 0.7, -4.3)",
PLAYER_POSITIONS,425083,6/26/2026 11:37:19 AM,e7ca1105-8b8f-4dee-a332-17c93bb5c040,2.0,,,,,,,,,,,,,,,,,,,,,,,,,,,,,,,,,,,"(-10.5, 0.4, -4.4)","(-10.6, 0.9, -4.2)","(-10.8, 0.7, -4.3)",
VOICE_CAPTURE,425249,6/26/2026 11:37:19 AM,e7ca1105-8b8f-4dee-a332-17c93bb5c040,2.0,,,,,,,,,,,,,,,,,,,,,,,,,,,,,,,,,,,,,,,,,,,,,,,,,,,NA,How about I see you? What's your name? I'm gonna see ya.,
VOICE_CAPTURE,425249,6/26/2026 11:37:19 AM,e7ca1105-8b8f-4dee-a332-17c93bb5c040,2.0,,,,,,,,,,,,,,,,,,,,,,,,,,,,,,,,,,,,,,,,,,,,,,,,,,,NA,How about I see you? What's your name? I'm gonna see ya.,
VOICE_COMMAND,425249,6/26/2026 11:37:19 AM,e7ca1105-8b8f-4dee-a332-17c93bb5c040,2.0,,,,,,,,,,,,,,,,,,,,,,,,,,,,,,,,,,,,,,,,,,,,,,,,,,,How about I see you? What's your name? I'm gonna see ya.,what is your name,
PLAYER_POSITIONS,425616,6/26/2026 11:37:20 AM,e7ca1105-8b8f-4dee-a332-17c93bb5c040,2.0,,,,,,,,,,,,,,,,,,,,,,,,,,,,,,,,,,,"(-10.5, 0.5, -4.4)","(-10.5, 0.9, -4.2)","(-11.0, 0.5, -4.3)",
PLAYER_POSITIONS,425616,6/26/2026 11:37:20 AM,e7ca1105-8b8f-4dee-a332-17c93bb5c040,2.0,,,,,,,,,,,,,,,,,,,,,,,,,,,,,,,,,,,"(-10.5, 0.5, -4.4)","(-10.5, 0.9, -4.2)","(-11.0, 0.5, -4.3)",
VOICE_CAPTURE,425764,6/26/2026 11:37:20 AM,e7ca1105-8b8f-4dee-a332-17c93bb5c040,2.0,,,,,,,,,,,,,,,,,,,,,,,,,,,,,,,,,,,,,,,,,,,,,,,,,,,NA,"Alright, Mark.",
AUDIO_END,425941,6/26/2026 11:37:20 AM,e7ca1105-8b8f-4dee-a332-17c93bb5c040,2.0,can bravo get overwatch on objective,4.571429,
NARRATIVE_SECTION_END,425941,6/26/2026 11:37:20 AM,e7ca1105-8b8f-4dee-a332-17c93bb5c040,2.0,,,,,,,,,,,,,,,,,,Can bravo get overwatch,47,
NARRATIVE_SECTION_START,425991,6/26/2026 11:37:20 AM,e7ca1105-8b8f-4dee-a332-17c93bb5c040,2.0,,,,,,,,,,,,,,,,,,Uav changing to 7-1,48,
PLAYER_POSITIONS,426133,6/26/2026 11:37:20 AM,e7ca1105-8b8f-4dee-a332-17c93bb5c040,2.0,,,,,,,,,,,,,,,,,,,,,,,,,,,,,,,,,,,"(-10.5, 0.4, -4.4)","(-10.5, 0.9, -4.2)","(-10.9, 0.7, -4.3)",
PLAYER_POSITIONS,426133,6/26/2026 11:37:20 AM,e7ca1105-8b8f-4dee-a332-17c93bb5c040,2.0,,,,,,,,,,,,,,,,,,,,,,,,,,,,,,,,,,,"(-10.5, 0.4, -4.4)","(-10.5, 0.9, -4.2)","(-10.9, 0.7, -4.3)",
VOICE_CAPTURE,426287,6/26/2026 11:37:21 AM,e7ca1105-8b8f-4dee-a332-17c93bb5c040,2.0,,,,,,,,,,,,,,,,,,,,,,,,,,,,,,,,,,,,,,,,,,,,,,,,,,,NA,Alright Marcus.,
PLAYER_POSITIONS,426647,6/26/2026 11:37:21 AM,e7ca1105-8b8f-4dee-a332-17c93bb5c040,2.0,,,,,,,,,,,,,,,,,,,,,,,,,,,,,,,,,,,"(-10.5, 0.4, -4.4)","(-10.5, 1.0, -4.2)","(-10.9, 0.7, -4.4)",
PLAYER_POSITIONS,426647,6/26/2026 11:37:21 AM,e7ca1105-8b8f-4dee-a332-17c93bb5c040,2.0,,,,,,,,,,,,,,,,,,,,,,,,,,,,,,,,,,,"(-10.5, 0.4, -4.4)","(-10.5, 1.0, -4.2)","(-10.9, 0.7, -4.4)",
VOICE_CAPTURE,426717,6/26/2026 11:37:21 AM,e7ca1105-8b8f-4dee-a332-17c93bb5c040,2.0,,,,,,,,,,,,,,,,,,,,,,,,,,,,,,,,,,,,,,,,,,,,,,,,,,,NA,Alright Marcus. Alright Marcus.,
PLAYER_POSITIONS,427191,6/26/2026 11:37:21 AM,e7ca1105-8b8f-4dee-a332-17c93bb5c040,2.0,,,,,,,,,,,,,,,,,,,,,,,,,,,,,,,,,,,"(-10.5, 0.4, -4.4)","(-10.6, 0.9, -4.2)","(-11.0, 0.7, -4.4)",
PLAYER_POSITIONS,427191,6/26/2026 11:37:21 AM,e7ca1105-8b8f-4dee-a332-17c93bb5c040,2.0,,,,,,,,,,,,,,,,,,,,,,,,,,,,,,,,,,,"(-10.5, 0.4, -4.4)","(-10.6, 0.9, -4.2)","(-11.0, 0.7, -4.4)",
VOICE_CAPTURE,427217,6/26/2026 11:37:21 AM,e7ca1105-8b8f-4dee-a332-17c93bb5c040,2.0,,,,,,,,,,,,,,,,,,,,,,,,,,,,,,,,,,,,,,,,,,,,,,,,,,,NA,Alright Marcus. Alright Marcus.,
VOICE_CAPTURE,427217,6/26/2026 11:37:21 AM,e7ca1105-8b8f-4dee-a332-17c93bb5c040,2.0,,,,,,,,,,,,,,,,,,,,,,,,,,,,,,,,,,,,,,,,,,,,,,,,,,,NA,Alright Marcus. Alright Marcus.,
TOOL_HOVER,427548,6/26/2026 11:37:22 AM,e7ca1105-8b8f-4dee-a332-17c93bb5c040,2.0,,,,,,,,,,,,,,,,,,,,,,,,,,,,,,,,,,,,,,,,,,,,,,996,,Israeli Wrap,
TOOL_HOVER,427659,6/26/2026 11:37:22 AM,e7ca1105-8b8f-4dee-a332-17c93bb5c040,2.0,,,,,,,,,,,,,,,,,,,,,,,,,,,,,,,,,,,,,,,,,,,,,,994,,Gauze Wrap,
PLAYER_POSITIONS,427704,6/26/2026 11:37:22 AM,e7ca1105-8b8f-4dee-a332-17c93bb5c040,2.0,,,,,,,,,,,,,,,,,,,,,,,,,,,,,,,,,,,"(-10.5, 0.5, -4.4)","(-10.7, 1.0, -4.2)","(-11.0, 0.7, -4.6)",
PLAYER_GAZE,427704,6/26/2026 11:37:22 AM,e7ca1105-8b8f-4dee-a332-17c93bb5c040,2.0,,,,,,,,,,,,,,,,,,,,,,,,Military PT 4,,,,,,,,,"(0.4, 1.0, 0.5)",,,"(-11.1, 0.0, -4.7)",
PLAYER_POSITIONS,427704,6/26/2026 11:37:22 AM,e7ca1105-8b8f-4dee-a332-17c93bb5c040,2.0,,,,,,,,,,,,,,,,,,,,,,,,,,,,,,,,,,,"(-10.5, 0.5, -4.4)","(-10.7, 1.0, -4.2)","(-11.0, 0.7, -4.6)",
PLAYER_GAZE,427704,6/26/2026 11:37:22 AM,e7ca1105-8b8f-4dee-a332-17c93bb5c040,2.0,,,,,,,,,,,,,,,,,,,,,,,,Military PT 4,,,,,,,,,"(0.4, 1.0, 0.5)",,,"(-11.1, 0.0, -4.7)",
TOOL_HOVER,427965,6/26/2026 11:37:22 AM,e7ca1105-8b8f-4dee-a332-17c93bb5c040,2.0,,,,,,,,,,,,,,,,,,,,,,,,,,,,,,,,,,,,,,,,,,,,,,997,,Chest Seal,
PLAYER_POSITIONS,428217,6/26/2026 11:37:22 AM,e7ca1105-8b8f-4dee-a332-17c93bb5c040,2.0,,,,,,,,,,,,,,,,,,,,,,,,,,,,,,,,,,,"(-10.5, 0.4, -4.4)","(-10.7, 1.0, -4.2)","(-11.0, 0.7, -4.5)",
PLAYER_GAZE,428217,6/26/2026 11:37:22 AM,e7ca1105-8b8f-4dee-a332-17c93bb5c040,2.0,,,,,,,,,,,,,,,,,,,,,,,,Military PT 4,,,,,,,,,"(0.4, 1.0, 0.5)",,,"(-11.1, 0.0, -4.7)",
PLAYER_POSITIONS,428217,6/26/2026 11:37:22 AM,e7ca1105-8b8f-4dee-a332-17c93bb5c040,2.0,,,,,,,,,,,,,,,,,,,,,,,,,,,,,,,,,,,"(-10.5, 0.4, -4.4)","(-10.7, 1.0, -4.2)","(-11.0, 0.7, -4.5)",
PLAYER_GAZE,428217,6/26/2026 11:37:22 AM,e7ca1105-8b8f-4dee-a332-17c93bb5c040,2.0,,,,,,,,,,,,,,,,,,,,,,,,Military PT 4,,,,,,,,,"(0.4, 1.0, 0.5)",,,"(-11.1, 0.0, -4.7)",
TOOL_HOVER,428269,6/26/2026 11:37:22 AM,e7ca1105-8b8f-4dee-a332-17c93bb5c040,2.0,,,,,,,,,,,,,,,,,,,,,,,,,,,,,,,,,,,,,,,,,,,,,,996,,Israeli Wrap,
TOOL_HOVER,428353,6/26/2026 11:37:23 AM,e7ca1105-8b8f-4dee-a332-17c93bb5c040,2.0,,,,,,,,,,,,,,,,,,,,,,,,,,,,,,,,,,,,,,,,,,,,,,994,,Gauze Wrap,
TOOL_HOVER,428546,6/26/2026 11:37:23 AM,e7ca1105-8b8f-4dee-a332-17c93bb5c040,2.0,,,,,,,,,,,,,,,,,,,,,,,,,,,,,,,,,,,,,,,,,,,,,,999,,Hemostatic Gauze,
PLAYER_POSITIONS,428746,6/26/2026 11:37:23 AM,e7ca1105-8b8f-4dee-a332-17c93bb5c040,2.0,,,,,,,,,,,,,,,,,,,,,,,,,,,,,,,,,,,"(-10.5, 0.4, -4.4)","(-10.7, 1.0, -4.2)","(-11.1, 0.8, -4.5)",
PLAYER_POSITIONS,428746,6/26/2026 11:37:23 AM,e7ca1105-8b8f-4dee-a332-17c93bb5c040,2.0,,,,,,,,,,,,,,,,,,,,,,,,,,,,,,,,,,,"(-10.5, 0.4, -4.4)","(-10.7, 1.0, -4.2)","(-11.1, 0.8, -4.5)",
TOOL_HOVER,428784,6/26/2026 11:37:23 AM,e7ca1105-8b8f-4dee-a332-17c93bb5c040,2.0,,,,,,,,,,,,,,,,,,,,,,,,,,,,,,,,,,,,,,,,,,,,,,997,,Chest Seal,
TOOL_HOVER,428864,6/26/2026 11:37:23 AM,e7ca1105-8b8f-4dee-a332-17c93bb5c040,2.0,,,,,,,,,,,,,,,,,,,,,,,,,,,,,,,,,,,,,,,,,,,,,,996,,Burn Dressing,
AUDIO_START,428997,6/26/2026 11:37:23 AM,e7ca1105-8b8f-4dee-a332-17c93bb5c040,2.0,uav changing to 71,3.761633,
TOOL_HOVER,429071,6/26/2026 11:37:23 AM,e7ca1105-8b8f-4dee-a332-17c93bb5c040,2.0,,,,,,,,,,,,,,,,,,,,,,,,,,,,,,,,,,,,,,,,,,,,,,998,,Blanket,
TOOL_HOVER,429253,6/26/2026 11:37:23 AM,e7ca1105-8b8f-4dee-a332-17c93bb5c040,2.0,,,,,,,,,,,,,,,,,,,,,,,,,,,,,,,,,,,,,,,,,,,,,,996,,Burn Dressing,
PLAYER_POSITIONS,429256,6/26/2026 11:37:23 AM,e7ca1105-8b8f-4dee-a332-17c93bb5c040,2.0,,,,,,,,,,,,,,,,,,,,,,,,,,,,,,,,,,,"(-10.5, 0.4, -4.5)","(-10.7, 1.0, -4.2)","(-11.1, 0.8, -4.4)",
PLAYER_GAZE,429256,6/26/2026 11:37:23 AM,e7ca1105-8b8f-4dee-a332-17c93bb5c040,2.0,,,,,,,,,,,,,,,,,,,,,,,,Military PT 4,,,,,,,,,"(0.5, 1.0, 0.5)",,,"(-11.1, 0.0, -4.7)",
PLAYER_POSITIONS,429256,6/26/2026 11:37:23 AM,e7ca1105-8b8f-4dee-a332-17c93bb5c040,2.0,,,,,,,,,,,,,,,,,,,,,,,,,,,,,,,,,,,"(-10.5, 0.4, -4.5)","(-10.7, 1.0, -4.2)","(-11.1, 0.8, -4.4)",
PLAYER_GAZE,429256,6/26/2026 11:37:23 AM,e7ca1105-8b8f-4dee-a332-17c93bb5c040,2.0,,,,,,,,,,,,,,,,,,,,,,,,Military PT 4,,,,,,,,,"(0.5, 1.0, 0.5)",,,"(-11.1, 0.0, -4.7)",
VOICE_CAPTURE,429256,6/26/2026 11:37:23 AM,e7ca1105-8b8f-4dee-a332-17c93bb5c040,2.0,,,,,,,,,,,,,,,,,,,,,,,,,,,,,,,,,,,,,,,,,,,,,,,,,,,NA,the right markets,
TOOL_HOVER,429370,6/26/2026 11:37:24 AM,e7ca1105-8b8f-4dee-a332-17c93bb5c040,2.0,,,,,,,,,,,,,,,,,,,,,,,,,,,,,,,,,,,,,,,,,,,,,,997,,Chest Seal,
TOOL_HOVER,429454,6/26/2026 11:37:24 AM,e7ca1105-8b8f-4dee-a332-17c93bb5c040,2.0,,,,,,,,,,,,,,,,,,,,,,,,,,,,,,,,,,,,,,,,,,,,,,999,,Hemostatic Gauze,
TOOL_HOVER,429649,6/26/2026 11:37:24 AM,e7ca1105-8b8f-4dee-a332-17c93bb5c040,2.0,,,,,,,,,,,,,,,,,,,,,,,,,,,,,,,,,,,,,,,,,,,,,,994,,Gauze Wrap,
TOOL_HOVER,429772,6/26/2026 11:37:24 AM,e7ca1105-8b8f-4dee-a332-17c93bb5c040,2.0,,,,,,,,,,,,,,,,,,,,,,,,,,,,,,,,,,,,,,,,,,,,,,997,,Chest Seal,
PLAYER_POSITIONS,429774,6/26/2026 11:37:24 AM,e7ca1105-8b8f-4dee-a332-17c93bb5c040,2.0,,,,,,,,,,,,,,,,,,,,,,,,,,,,,,,,,,,"(-10.5, 0.4, -4.4)","(-10.7, 1.0, -4.2)","(-11.0, 0.8, -4.5)",
PLAYER_POSITIONS,429774,6/26/2026 11:37:24 AM,e7ca1105-8b8f-4dee-a332-17c93bb5c040,2.0,,,,,,,,,,,,,,,,,,,,,,,,,,,,,,,,,,,"(-10.5, 0.4, -4.4)","(-10.7, 1.0, -4.2)","(-11.0, 0.8, -4.5)",
VOICE_CAPTURE,429776,6/26/2026 11:37:24 AM,e7ca1105-8b8f-4dee-a332-17c93bb5c040,2.0,,,,,,,,,,,,,,,,,,,,,,,,,,,,,,,,,,,,,,,,,,,,,,,,,,,NA,the right markets,
VOICE_CAPTURE,429776,6/26/2026 11:37:24 AM,e7ca1105-8b8f-4dee-a332-17c93bb5c040,2.0,,,,,,,,,,,,,,,,,,,,,,,,,,,,,,,,,,,,,,,,,,,,,,,,,,,NA,the right markets,
TOOL_HOVER,429967,6/26/2026 11:37:24 AM,e7ca1105-8b8f-4dee-a332-17c93bb5c040,2.0,,,,,,,,,,,,,,,,,,,,,,,,,,,,,,,,,,,,,,,,,,,,,,998,,Blanket,
PLAYER_POSITIONS,430276,6/26/2026 11:37:25 AM,e7ca1105-8b8f-4dee-a332-17c93bb5c040,2.0,,,,,,,,,,,,,,,,,,,,,,,,,,,,,,,,,,,"(-10.5, 0.4, -4.4)","(-10.7, 1.0, -4.2)","(-11.1, 0.7, -4.4)",
PLAYER_POSITIONS,430276,6/26/2026 11:37:25 AM,e7ca1105-8b8f-4dee-a332-17c93bb5c040,2.0,,,,,,,,,,,,,,,,,,,,,,,,,,,,,,,,,,,"(-10.5, 0.4, -4.4)","(-10.7, 1.0, -4.2)","(-11.1, 0.7, -4.4)",
TOOL_HOVER,430357,6/26/2026 11:37:25 AM,e7ca1105-8b8f-4dee-a332-17c93bb5c040,2.0,,,,,,,,,,,,,,,,,,,,,,,,,,,,,,,,,,,,,,,,,,,,,,996,,Israeli Wrap,
TOOL_HOVER,430551,6/26/2026 11:37:25 AM,e7ca1105-8b8f-4dee-a332-17c93bb5c040,2.0,,,,,,,,,,,,,,,,,,,,,,,,,,,,,,,,,,,,,,,,,,,,,,999,,Hemostatic Gauze,
TOOL_SELECTED,430691,6/26/2026 11:37:25 AM,e7ca1105-8b8f-4dee-a332-17c93bb5c040,2.0,,,,,,,,,,,,,,,,,,,,,,,,,,,,,,,,,,,,,,,,,,,,,,998,,Hemostatic Gauze,
PLAYER_POSITIONS,430818,6/26/2026 11:37:25 AM,e7ca1105-8b8f-4dee-a332-17c93bb5c040,2.0,,,,,,,,,,,,,,,,,,,,,,,,,,,,,,,,,,,"(-10.5, 0.4, -4.4)","(-10.6, 1.0, -4.2)","(-10.9, 0.8, -4.6)",
PLAYER_GAZE,430818,6/26/2026 11:37:25 AM,e7ca1105-8b8f-4dee-a332-17c93bb5c040,2.0,,,,,,,,,,,,,,,,,,,,,,,,Military PT 4,,,,,,,,,"(0.5, 1.0, 0.5)",,,"(-11.1, 0.0, -4.7)",
PLAYER_POSITIONS,430818,6/26/2026 11:37:25 AM,e7ca1105-8b8f-4dee-a332-17c93bb5c040,2.0,,,,,,,,,,,,,,,,,,,,,,,,,,,,,,,,,,,"(-10.5, 0.4, -4.4)","(-10.6, 1.0, -4.2)","(-10.9, 0.8, -4.6)",
PLAYER_GAZE,430818,6/26/2026 11:37:25 AM,e7ca1105-8b8f-4dee-a332-17c93bb5c040,2.0,,,,,,,,,,,,,,,,,,,,,,,,Military PT 4,,,,,,,,,"(0.5, 1.0, 0.5)",,,"(-11.1, 0.0, -4.7)",
VOICE_CAPTURE,431260,6/26/2026 11:37:25 AM,e7ca1105-8b8f-4dee-a332-17c93bb5c040,2.0,,,,,,,,,,,,,,,,,,,,,,,,,,,,,,,,,,,,,,,,,,,,,,,,,,,NA,Son of a--,
PLAYER_POSITIONS,431344,6/26/2026 11:37:26 AM,e7ca1105-8b8f-4dee-a332-17c93bb5c040,2.0,,,,,,,,,,,,,,,,,,,,,,,,,,,,,,,,,,,"(-10.4, 0.4, -4.4)","(-10.5, 1.0, -4.3)","(-10.7, 0.8, -4.7)",
PLAYER_POSITIONS,431344,6/26/2026 11:37:26 AM,e7ca1105-8b8f-4dee-a332-17c93bb5c040,2.0,,,,,,,,,,,,,,,,,,,,,,,,,,,,,,,,,,,"(-10.4, 0.4, -4.4)","(-10.5, 1.0, -4.3)","(-10.7, 0.8, -4.7)",
INJURY_TREATED,431707,6/26/2026 11:37:26 AM,e7ca1105-8b8f-4dee-a332-17c93bb5c040,2.0,,,,,,,,,neck,R Neck Laceration,"(-10.8, 0.8, -4.7)",woundpack,1,1,high,True,True,,,,,,,Military PT 4,
TOOL_APPLIED,431708,6/26/2026 11:37:26 AM,e7ca1105-8b8f-4dee-a332-17c93bb5c040,2.0,,,,,,,,,,,,,,,,,,,,,,,,Military PT 4,,,,,,,,,,,,,,,,,,,,AppliedPackingGauze,skinCollider_BodyCollideLOD (UnityEngine.GameObject),,Gauze Pack(Clone) (UnityEngine.GameObject),Hemostatic Gauze,
VOICE_CAPTURE,431711,6/26/2026 11:37:26 AM,e7ca1105-8b8f-4dee-a332-17c93bb5c040,2.0,,,,,,,,,,,,,,,,,,,,,,,,,,,,,,,,,,,,,,,,,,,,,,,,,,,NA,Son of a-- Son of a...,
TOOL_HOVER,431758,6/26/2026 11:37:26 AM,e7ca1105-8b8f-4dee-a332-17c93bb5c040,2.0,,,,,,,,,,,,,,,,,,,,,,,,,,,,,,,,,,,,,,,,,,,,,,999,,SAM Splint,
PLAYER_POSITIONS,431872,6/26/2026 11:37:26 AM,e7ca1105-8b8f-4dee-a332-17c93bb5c040,2.0,,,,,,,,,,,,,,,,,,,,,,,,,,,,,,,,,,,"(-10.3, 0.4, -4.4)","(-10.5, 1.0, -4.3)","(-10.7, 0.8, -4.8)",
PLAYER_POSITIONS,431872,6/26/2026 11:37:26 AM,e7ca1105-8b8f-4dee-a332-17c93bb5c040,2.0,,,,,,,,,,,,,,,,,,,,,,,,,,,,,,,,,,,"(-10.3, 0.4, -4.4)","(-10.5, 1.0, -4.3)","(-10.7, 0.8, -4.8)",
TOOL_HOVER,432265,6/26/2026 11:37:26 AM,e7ca1105-8b8f-4dee-a332-17c93bb5c040,2.0,,,,,,,,,,,,,,,,,,,,,,,,,,,,,,,,,,,,,,,,,,,,,,995,,Tourniquet,
VOICE_CAPTURE,432323,6/26/2026 11:37:27 AM,e7ca1105-8b8f-4dee-a332-17c93bb5c040,2.0,,,,,,,,,,,,,,,,,,,,,,,,,,,,,,,,,,,,,,,,,,,,,,,,,,,NA,Son of a-- Son of a... yes kid.,
PLAYER_POSITIONS,432377,6/26/2026 11:37:27 AM,e7ca1105-8b8f-4dee-a332-17c93bb5c040,2.0,,,,,,,,,,,,,,,,,,,,,,,,,,,,,,,,,,,"(-10.4, 0.4, -4.4)","(-10.5, 1.0, -4.3)","(-10.7, 0.7, -4.4)",
PLAYER_POSITIONS,432377,6/26/2026 11:37:27 AM,e7ca1105-8b8f-4dee-a332-17c93bb5c040,2.0,,,,,,,,,,,,,,,,,,,,,,,,,,,,,,,,,,,"(-10.4, 0.4, -4.4)","(-10.5, 1.0, -4.3)","(-10.7, 0.7, -4.4)",
PULSE_TAKEN,432514,6/26/2026 11:37:27 AM,e7ca1105-8b8f-4dee-a332-17c93bb5c040,2.0,,,,,,,,,,,,,,,,,,,,,,,,Military PT 4,,,,pulse_faint,
BAG_CLOSED,432541,6/26/2026 11:37:27 AM,e7ca1105-8b8f-4dee-a332-17c93bb5c040,2.0,,,,,,,,,,,,,,,,,,,,,,,,,,,,,,,,,,,,"(0.0, 0.0, 0.0)",
AUDIO_END,432766,6/26/2026 11:37:27 AM,e7ca1105-8b8f-4dee-a332-17c93bb5c040,2.0,uav changing to 71,3.761633,
NARRATIVE_SECTION_END,432766,6/26/2026 11:37:27 AM,e7ca1105-8b8f-4dee-a332-17c93bb5c040,2.0,,,,,,,,,,,,,,,,,,Uav changing to 7-1,48,
VOICE_CAPTURE,432766,6/26/2026 11:37:27 AM,e7ca1105-8b8f-4dee-a332-17c93bb5c040,2.0,,,,,,,,,,,,,,,,,,,,,,,,,,,,,,,,,,,,,,,,,,,,,,,,,,,NA,"Son of a-- Son of a... Yes, kid.",
NARRATIVE_SECTION_START,432817,6/26/2026 11:37:27 AM,e7ca1105-8b8f-4dee-a332-17c93bb5c040,2.0,,,,,,,,,,,,,,,,,,Bravo has uav overhead,49,
PLAYER_POSITIONS,432878,6/26/2026 11:37:27 AM,e7ca1105-8b8f-4dee-a332-17c93bb5c040,2.0,,,,,,,,,,,,,,,,,,,,,,,,,,,,,,,,,,,"(-10.7, 0.5, -4.4)","(-10.8, 0.9, -4.2)","(-11.0, 0.6, -4.3)",
PLAYER_GAZE,432878,6/26/2026 11:37:27 AM,e7ca1105-8b8f-4dee-a332-17c93bb5c040,2.0,,,,,,,,,,,,,,,,,,,,,,,,Military PT 4,,,,,,,,,"(0.3, 0.9, 0.5)",,,"(-11.1, 0.0, -4.7)",
PLAYER_POSITIONS,432878,6/26/2026 11:37:27 AM,e7ca1105-8b8f-4dee-a332-17c93bb5c040,2.0,,,,,,,,,,,,,,,,,,,,,,,,,,,,,,,,,,,"(-10.7, 0.5, -4.4)","(-10.8, 0.9, -4.2)","(-11.0, 0.6, -4.3)",
PLAYER_GAZE,432878,6/26/2026 11:37:27 AM,e7ca1105-8b8f-4dee-a332-17c93bb5c040,2.0,,,,,,,,,,,,,,,,,,,,,,,,Military PT 4,,,,,,,,,"(0.3, 0.9, 0.5)",,,"(-11.1, 0.0, -4.7)",
VOICE_CAPTURE,433267,6/26/2026 11:37:27 AM,e7ca1105-8b8f-4dee-a332-17c93bb5c040,2.0,,,,,,,,,,,,,,,,,,,,,,,,,,,,,,,,,,,,,,,,,,,,,,,,,,,NA,"Son of a-- Son of a... Yes, kid.",
VOICE_CAPTURE,433267,6/26/2026 11:37:27 AM,e7ca1105-8b8f-4dee-a332-17c93bb5c040,2.0,,,,,,,,,,,,,,,,,,,,,,,,,,,,,,,,,,,,,,,,,,,,,,,,,,,NA,"Son of a-- Son of a... Yes, kid.",
PLAYER_POSITIONS,433406,6/26/2026 11:37:28 AM,e7ca1105-8b8f-4dee-a332-17c93bb5c040,2.0,,,,,,,,,,,,,,,,,,,,,,,,,,,,,,,,,,,"(-10.7, 0.4, -4.4)","(-10.9, 0.9, -4.2)","(-11.1, 0.6, -4.4)",
PLAYER_GAZE,433406,6/26/2026 11:37:28 AM,e7ca1105-8b8f-4dee-a332-17c93bb5c040,2.0,,,,,,,,,,,,,,,,,,,,,,,,Military PT 4,,,,,,,,,"(0.3, 0.9, 0.5)",,,"(-11.1, 0.0, -4.7)",
PLAYER_POSITIONS,433406,6/26/2026 11:37:28 AM,e7ca1105-8b8f-4dee-a332-17c93bb5c040,2.0,,,,,,,,,,,,,,,,,,,,,,,,,,,,,,,,,,,"(-10.7, 0.4, -4.4)","(-10.9, 0.9, -4.2)","(-11.1, 0.6, -4.4)",
PLAYER_GAZE,433406,6/26/2026 11:37:28 AM,e7ca1105-8b8f-4dee-a332-17c93bb5c040,2.0,,,,,,,,,,,,,,,,,,,,,,,,Military PT 4,,,,,,,,,"(0.3, 0.9, 0.5)",,,"(-11.1, 0.0, -4.7)",
VOICE_CAPTURE,433877,6/26/2026 11:37:28 AM,e7ca1105-8b8f-4dee-a332-17c93bb5c040,2.0,,,,,,,,,,,,,,,,,,,,,,,,,,,,,,,,,,,,,,,,,,,,,,,,,,,NA,Mark is laid out.,
PLAYER_POSITIONS,433934,6/26/2026 11:37:28 AM,e7ca1105-8b8f-4dee-a332-17c93bb5c040,2.0,,,,,,,,,,,,,,,,,,,,,,,,,,,,,,,,,,,"(-10.9, 0.4, -4.4)","(-11.0, 0.9, -4.3)","(-11.2, 0.6, -4.4)",
PLAYER_GAZE,433934,6/26/2026 11:37:28 AM,e7ca1105-8b8f-4dee-a332-17c93bb5c040,2.0,,,,,,,,,,,,,,,,,,,,,,,,Military PT 4,,,,,,,,,"(0.1, 0.9, 0.5)",,,"(-11.1, 0.0, -4.7)",
PLAYER_POSITIONS,433934,6/26/2026 11:37:28 AM,e7ca1105-8b8f-4dee-a332-17c93bb5c040,2.0,,,,,,,,,,,,,,,,,,,,,,,,,,,,,,,,,,,"(-10.9, 0.4, -4.4)","(-11.0, 0.9, -4.3)","(-11.2, 0.6, -4.4)",
PLAYER_GAZE,433934,6/26/2026 11:37:28 AM,e7ca1105-8b8f-4dee-a332-17c93bb5c040,2.0,,,,,,,,,,,,,,,,,,,,,,,,Military PT 4,,,,,,,,,"(0.1, 0.9, 0.5)",,,"(-11.1, 0.0, -4.7)",
VOICE_CAPTURE,434226,6/26/2026 11:37:28 AM,e7ca1105-8b8f-4dee-a332-17c93bb5c040,2.0,,,,,,,,,,,,,,,,,,,,,,,,,,,,,,,,,,,,,,,,,,,,,,,,,,,NA,"Mark is laid out. Marcus, lay down.",
PLAYER_POSITIONS,434448,6/26/2026 11:37:29 AM,e7ca1105-8b8f-4dee-a332-17c93bb5c040,2.0,,,,,,,,,,,,,,,,,,,,,,,,,,,,,,,,,,,"(-11.2, 0.4, -4.6)","(-11.3, 0.9, -4.4)","(-11.5, 0.6, -4.5)",
PLAYER_GAZE,434448,6/26/2026 11:37:29 AM,e7ca1105-8b8f-4dee-a332-17c93bb5c040,2.0,,,,,,,,,,,,,,,,,,,,,,,,Military PT 4,,,,,,,,,"(-0.2, 0.9, 0.3)",,,"(-11.1, 0.0, -4.7)",
PLAYER_POSITIONS,434448,6/26/2026 11:37:29 AM,e7ca1105-8b8f-4dee-a332-17c93bb5c040,2.0,,,,,,,,,,,,,,,,,,,,,,,,,,,,,,,,,,,"(-11.2, 0.4, -4.6)","(-11.3, 0.9, -4.4)","(-11.5, 0.6, -4.5)",
PLAYER_GAZE,434448,6/26/2026 11:37:29 AM,e7ca1105-8b8f-4dee-a332-17c93bb5c040,2.0,,,,,,,,,,,,,,,,,,,,,,,,Military PT 4,,,,,,,,,"(-0.2, 0.9, 0.3)",,,"(-11.1, 0.0, -4.7)",
VOICE_CAPTURE,434726,6/26/2026 11:37:29 AM,e7ca1105-8b8f-4dee-a332-17c93bb5c040,2.0,,,,,,,,,,,,,,,,,,,,,,,,,,,,,,,,,,,,,,,,,,,,,,,,,,,NA,"Mark is laid out. Marcus, lay down.",
VOICE_CAPTURE,434726,6/26/2026 11:37:29 AM,e7ca1105-8b8f-4dee-a332-17c93bb5c040,2.0,,,,,,,,,,,,,,,,,,,,,,,,,,,,,,,,,,,,,,,,,,,,,,,,,,,NA,"Mark is laid out. Marcus, lay down.",
VOICE_COMMAND,434726,6/26/2026 11:37:29 AM,e7ca1105-8b8f-4dee-a332-17c93bb5c040,2.0,,,,,,,,,,,,,,,,,,,,,,,,,,,,,,,,,,,,,,,,,,,,,,,,,,,"Mark is laid out. Marcus, lay down.",lay down,
PLAYER_POSITIONS,434950,6/26/2026 11:37:29 AM,e7ca1105-8b8f-4dee-a332-17c93bb5c040,2.0,,,,,,,,,,,,,,,,,,,,,,,,,,,,,,,,,,,"(-11.3, 0.4, -4.6)","(-11.3, 0.9, -4.4)","(-11.6, 0.6, -4.6)",
PLAYER_GAZE,434950,6/26/2026 11:37:29 AM,e7ca1105-8b8f-4dee-a332-17c93bb5c040,2.0,,,,,,,,,,,,,,,,,,,,,,,,Military PT 4,,,,,,,,,"(-0.2, 0.9, 0.3)",,,"(-11.1, 0.0, -4.7)",
PLAYER_POSITIONS,434950,6/26/2026 11:37:29 AM,e7ca1105-8b8f-4dee-a332-17c93bb5c040,2.0,,,,,,,,,,,,,,,,,,,,,,,,,,,,,,,,,,,"(-11.3, 0.4, -4.6)","(-11.3, 0.9, -4.4)","(-11.6, 0.6, -4.6)",
PLAYER_GAZE,434950,6/26/2026 11:37:29 AM,e7ca1105-8b8f-4dee-a332-17c93bb5c040,2.0,,,,,,,,,,,,,,,,,,,,,,,,Military PT 4,,,,,,,,,"(-0.2, 0.9, 0.3)",,,"(-11.1, 0.0, -4.7)",
BUTTON_CLICKED,435112,6/26/2026 11:37:29 AM,e7ca1105-8b8f-4dee-a332-17c93bb5c040,2.0,,,lay down,
VOICE_CAPTURE,435113,6/26/2026 11:37:29 AM,e7ca1105-8b8f-4dee-a332-17c93bb5c040,2.0,,,,,,,,,,,,,,,,,,,,,,,,,,,,,,,,,,,,,,,,,,,,,,,,,,,NA,lay down,
VOICE_COMMAND,435113,6/26/2026 11:37:29 AM,e7ca1105-8b8f-4dee-a332-17c93bb5c040,2.0,,,,,,,,,,,,,,,,,,,,,,,,Military PT 4,,,,,,,,,,,,,,,,,,,,,,,,,,,lay down,lay down,
PLAYER_POSITIONS,435476,6/26/2026 11:37:30 AM,e7ca1105-8b8f-4dee-a332-17c93bb5c040,2.0,,,,,,,,,,,,,,,,,,,,,,,,,,,,,,,,,,,"(-11.2, 0.4, -4.5)","(-11.2, 0.9, -4.4)","(-11.4, 0.7, -4.7)",
PLAYER_GAZE,435476,6/26/2026 11:37:30 AM,e7ca1105-8b8f-4dee-a332-17c93bb5c040,2.0,,,,,,,,,,,,,,,,,,,,,,,,Military PT 4,,,,,,,,,"(-0.1, 0.9, 0.3)",,,"(-11.1, 0.0, -4.7)",
PLAYER_POSITIONS,435476,6/26/2026 11:37:30 AM,e7ca1105-8b8f-4dee-a332-17c93bb5c040,2.0,,,,,,,,,,,,,,,,,,,,,,,,,,,,,,,,,,,"(-11.2, 0.4, -4.5)","(-11.2, 0.9, -4.4)","(-11.4, 0.7, -4.7)",
PLAYER_GAZE,435476,6/26/2026 11:37:30 AM,e7ca1105-8b8f-4dee-a332-17c93bb5c040,2.0,,,,,,,,,,,,,,,,,,,,,,,,Military PT 4,,,,,,,,,"(-0.1, 0.9, 0.3)",,,"(-11.1, 0.0, -4.7)",
AUDIO_START,435814,6/26/2026 11:37:30 AM,e7ca1105-8b8f-4dee-a332-17c93bb5c040,2.0,bravo has uav overhead,3.056327,
PLAYER_POSITIONS,435978,6/26/2026 11:37:30 AM,e7ca1105-8b8f-4dee-a332-17c93bb5c040,2.0,,,,,,,,,,,,,,,,,,,,,,,,,,,,,,,,,,,"(-11.2, 0.5, -4.5)","(-11.4, 1.0, -4.4)","(-11.5, 0.7, -4.7)",
PLAYER_GAZE,435978,6/26/2026 11:37:30 AM,e7ca1105-8b8f-4dee-a332-17c93bb5c040,2.0,,,,,,,,,,,,,,,,,,,,,,,,Military PT 4,,,,,,,,,"(-0.3, 1.0, 0.3)",,,"(-11.1, 0.0, -4.7)",
PLAYER_POSITIONS,435978,6/26/2026 11:37:30 AM,e7ca1105-8b8f-4dee-a332-17c93bb5c040,2.0,,,,,,,,,,,,,,,,,,,,,,,,,,,,,,,,,,,"(-11.2, 0.5, -4.5)","(-11.4, 1.0, -4.4)","(-11.5, 0.7, -4.7)",
PLAYER_GAZE,435978,6/26/2026 11:37:30 AM,e7ca1105-8b8f-4dee-a332-17c93bb5c040,2.0,,,,,,,,,,,,,,,,,,,,,,,,Military PT 4,,,,,,,,,"(-0.3, 1.0, 0.3)",,,"(-11.1, 0.0, -4.7)",
PULSE_TAKEN,436056,6/26/2026 11:37:30 AM,e7ca1105-8b8f-4dee-a332-17c93bb5c040,2.0,,,,,,,,,,,,,,,,,,,,,,,,Military PT 4,,,,pulse_faint,
PLAYER_POSITIONS,436523,6/26/2026 11:37:31 AM,e7ca1105-8b8f-4dee-a332-17c93bb5c040,2.0,,,,,,,,,,,,,,,,,,,,,,,,,,,,,,,,,,,"(-11.3, 0.4, -4.3)","(-11.4, 0.9, -4.3)","(-11.3, 0.6, -4.6)",
PLAYER_POSITIONS,436523,6/26/2026 11:37:31 AM,e7ca1105-8b8f-4dee-a332-17c93bb5c040,2.0,,,,,,,,,,,,,,,,,,,,,,,,,,,,,,,,,,,"(-11.3, 0.4, -4.3)","(-11.4, 0.9, -4.3)","(-11.3, 0.6, -4.6)",
PLAYER_POSITIONS,437047,6/26/2026 11:37:31 AM,e7ca1105-8b8f-4dee-a332-17c93bb5c040,2.0,,,,,,,,,,,,,,,,,,,,,,,,,,,,,,,,,,,"(-11.4, 0.4, -3.9)","(-11.4, 0.9, -4.0)","(-11.3, 0.5, -4.3)",
PLAYER_POSITIONS,437047,6/26/2026 11:37:31 AM,e7ca1105-8b8f-4dee-a332-17c93bb5c040,2.0,,,,,,,,,,,,,,,,,,,,,,,,,,,,,,,,,,,"(-11.4, 0.4, -3.9)","(-11.4, 0.9, -4.0)","(-11.3, 0.5, -4.3)",
PLAYER_POSITIONS,437548,6/26/2026 11:37:32 AM,e7ca1105-8b8f-4dee-a332-17c93bb5c040,2.0,,,,,,,,,,,,,,,,,,,,,,,,,,,,,,,,,,,"(-11.3, 0.3, -3.7)","(-11.3, 0.8, -3.7)","(-11.2, 0.5, -4.0)",
PLAYER_POSITIONS,437548,6/26/2026 11:37:32 AM,e7ca1105-8b8f-4dee-a332-17c93bb5c040,2.0,,,,,,,,,,,,,,,,,,,,,,,,,,,,,,,,,,,"(-11.3, 0.3, -3.7)","(-11.3, 0.8, -3.7)","(-11.2, 0.5, -4.0)",
PLAYER_POSITIONS,438073,6/26/2026 11:37:32 AM,e7ca1105-8b8f-4dee-a332-17c93bb5c040,2.0,,,,,,,,,,,,,,,,,,,,,,,,,,,,,,,,,,,"(-11.2, 0.3, -3.8)","(-11.2, 0.8, -4.0)","(-11.1, 0.5, -4.1)",
PLAYER_POSITIONS,438073,6/26/2026 11:37:32 AM,e7ca1105-8b8f-4dee-a332-17c93bb5c040,2.0,,,,,,,,,,,,,,,,,,,,,,,,,,,,,,,,,,,"(-11.2, 0.3, -3.8)","(-11.2, 0.8, -4.0)","(-11.1, 0.5, -4.1)",
PLAYER_POSITIONS,438586,6/26/2026 11:37:33 AM,e7ca1105-8b8f-4dee-a332-17c93bb5c040,2.0,,,,,,,,,,,,,,,,,,,,,,,,,,,,,,,,,,,"(-11.2, 0.3, -3.9)","(-11.2, 0.9, -4.1)","(-11.2, 0.6, -4.3)",
PLAYER_POSITIONS,438586,6/26/2026 11:37:33 AM,e7ca1105-8b8f-4dee-a332-17c93bb5c040,2.0,,,,,,,,,,,,,,,,,,,,,,,,,,,,,,,,,,,"(-11.2, 0.3, -3.9)","(-11.2, 0.9, -4.1)","(-11.2, 0.6, -4.3)",
AUDIO_END,438893,6/26/2026 11:37:33 AM,e7ca1105-8b8f-4dee-a332-17c93bb5c040,2.0,bravo has uav overhead,3.056327,
NARRATIVE_SECTION_END,438893,6/26/2026 11:37:33 AM,e7ca1105-8b8f-4dee-a332-17c93bb5c040,2.0,,,,,,,,,,,,,,,,,,Bravo has uav overhead,49,
NARRATIVE_SECTION_START,438915,6/26/2026 11:37:33 AM,e7ca1105-8b8f-4dee-a332-17c93bb5c040,2.0,,,,,,,,,,,,,,,,,,Uav has two targets,50,
PLAYER_POSITIONS,439086,6/26/2026 11:37:33 AM,e7ca1105-8b8f-4dee-a332-17c93bb5c040,2.0,,,,,,,,,,,,,,,,,,,,,,,,,,,,,,,,,,,"(-11.2, 0.3, -3.8)","(-11.2, 0.9, -4.0)","(-11.1, 0.4, -4.2)",
PLAYER_POSITIONS,439086,6/26/2026 11:37:33 AM,e7ca1105-8b8f-4dee-a332-17c93bb5c040,2.0,,,,,,,,,,,,,,,,,,,,,,,,,,,,,,,,,,,"(-11.2, 0.3, -3.8)","(-11.2, 0.9, -4.0)","(-11.1, 0.4, -4.2)",
PLAYER_POSITIONS,439588,6/26/2026 11:37:34 AM,e7ca1105-8b8f-4dee-a332-17c93bb5c040,2.0,,,,,,,,,,,,,,,,,,,,,,,,,,,,,,,,,,,"(-11.2, 0.3, -3.9)","(-11.2, 0.9, -4.1)","(-11.0, 0.4, -4.3)",
PLAYER_POSITIONS,439588,6/26/2026 11:37:34 AM,e7ca1105-8b8f-4dee-a332-17c93bb5c040,2.0,,,,,,,,,,,,,,,,,,,,,,,,,,,,,,,,,,,"(-11.2, 0.3, -3.9)","(-11.2, 0.9, -4.1)","(-11.0, 0.4, -4.3)",
PLAYER_POSITIONS,440105,6/26/2026 11:37:34 AM,e7ca1105-8b8f-4dee-a332-17c93bb5c040,2.0,,,,,,,,,,,,,,,,,,,,,,,,,,,,,,,,,,,"(-11.2, 0.4, -3.9)","(-11.2, 0.9, -4.1)","(-11.2, 0.5, -4.4)",
PLAYER_GAZE,440105,6/26/2026 11:37:34 AM,e7ca1105-8b8f-4dee-a332-17c93bb5c040,2.0,,,,,,,,,,,,,,,,,,,,,,,,Military PT 4,,,,,,,,,"(-0.1, 0.9, 0.6)",,,"(-11.1, 0.0, -4.7)",
PLAYER_POSITIONS,440105,6/26/2026 11:37:34 AM,e7ca1105-8b8f-4dee-a332-17c93bb5c040,2.0,,,,,,,,,,,,,,,,,,,,,,,,,,,,,,,,,,,"(-11.2, 0.4, -3.9)","(-11.2, 0.9, -4.1)","(-11.2, 0.5, -4.4)",
PLAYER_GAZE,440105,6/26/2026 11:37:34 AM,e7ca1105-8b8f-4dee-a332-17c93bb5c040,2.0,,,,,,,,,,,,,,,,,,,,,,,,Military PT 4,,,,,,,,,"(-0.1, 0.9, 0.6)",,,"(-11.1, 0.0, -4.7)",
PLAYER_POSITIONS,440600,6/26/2026 11:37:35 AM,e7ca1105-8b8f-4dee-a332-17c93bb5c040,2.0,,,,,,,,,,,,,,,,,,,,,,,,,,,,,,,,,,,"(-11.2, 0.4, -3.9)","(-11.2, 0.9, -4.1)","(-11.2, 0.5, -4.4)",
PLAYER_GAZE,440600,6/26/2026 11:37:35 AM,e7ca1105-8b8f-4dee-a332-17c93bb5c040,2.0,,,,,,,,,,,,,,,,,,,,,,,,Military PT 4,,,,,,,,,"(-0.1, 0.9, 0.6)",,,"(-11.1, 0.0, -4.7)",
PLAYER_POSITIONS,440600,6/26/2026 11:37:35 AM,e7ca1105-8b8f-4dee-a332-17c93bb5c040,2.0,,,,,,,,,,,,,,,,,,,,,,,,,,,,,,,,,,,"(-11.2, 0.4, -3.9)","(-11.2, 0.9, -4.1)","(-11.2, 0.5, -4.4)",
PLAYER_GAZE,440600,6/26/2026 11:37:35 AM,e7ca1105-8b8f-4dee-a332-17c93bb5c040,2.0,,,,,,,,,,,,,,,,,,,,,,,,Military PT 4,,,,,,,,,"(-0.1, 0.9, 0.6)",,,"(-11.1, 0.0, -4.7)",
PLAYER_POSITIONS,441114,6/26/2026 11:37:35 AM,e7ca1105-8b8f-4dee-a332-17c93bb5c040,2.0,,,,,,,,,,,,,,,,,,,,,,,,,,,,,,,,,,,"(-11.3, 0.3, -3.9)","(-11.2, 0.8, -4.1)","(-11.1, 0.5, -4.1)",
PLAYER_POSITIONS,441114,6/26/2026 11:37:35 AM,e7ca1105-8b8f-4dee-a332-17c93bb5c040,2.0,,,,,,,,,,,,,,,,,,,,,,,,,,,,,,,,,,,"(-11.3, 0.3, -3.9)","(-11.2, 0.8, -4.1)","(-11.1, 0.5, -4.1)",
PLAYER_POSITIONS,441638,6/26/2026 11:37:36 AM,e7ca1105-8b8f-4dee-a332-17c93bb5c040,2.0,,,,,,,,,,,,,,,,,,,,,,,,,,,,,,,,,,,"(-11.4, 0.3, -3.8)","(-11.3, 0.9, -4.0)","(-11.1, 0.5, -4.1)",
PLAYER_POSITIONS,441638,6/26/2026 11:37:36 AM,e7ca1105-8b8f-4dee-a332-17c93bb5c040,2.0,,,,,,,,,,,,,,,,,,,,,,,,,,,,,,,,,,,"(-11.4, 0.3, -3.8)","(-11.3, 0.9, -4.0)","(-11.1, 0.5, -4.1)",
TAG_SELECTED,441803,6/26/2026 11:37:36 AM,e7ca1105-8b8f-4dee-a332-17c93bb5c040,2.0,,,,,,,,,,,,,,,,,,,,,,,,,,,,,,,,,,,,,,,,,,red,
PLAYER_POSITIONS,442155,6/26/2026 11:37:36 AM,e7ca1105-8b8f-4dee-a332-17c93bb5c040,2.0,,,,,,,,,,,,,,,,,,,,,,,,,,,,,,,,,,,"(-11.4, 0.3, -3.8)","(-11.3, 0.8, -3.8)","(-11.2, 0.3, -3.9)",
PLAYER_POSITIONS,442155,6/26/2026 11:37:36 AM,e7ca1105-8b8f-4dee-a332-17c93bb5c040,2.0,,,,,,,,,,,,,,,,,,,,,,,,,,,,,,,,,,,"(-11.4, 0.3, -3.8)","(-11.3, 0.8, -3.8)","(-11.2, 0.3, -3.9)",
TAG_APPLIED,442591,6/26/2026 11:37:37 AM,e7ca1105-8b8f-4dee-a332-17c93bb5c040,2.0,,,,,,,,,,,,,,,,,,,,,,,,Military PT 4,,,,,,,,,,,,,,,,,,red,
PLAYER_POSITIONS,442688,6/26/2026 11:37:37 AM,e7ca1105-8b8f-4dee-a332-17c93bb5c040,2.0,,,,,,,,,,,,,,,,,,,,,,,,,,,,,,,,,,,"(-11.5, 0.3, -3.8)","(-11.4, 0.6, -3.7)","(-11.3, 0.0, -3.7)",
PLAYER_POSITIONS,442688,6/26/2026 11:37:37 AM,e7ca1105-8b8f-4dee-a332-17c93bb5c040,2.0,,,,,,,,,,,,,,,,,,,,,,,,,,,,,,,,,,,"(-11.5, 0.3, -3.8)","(-11.4, 0.6, -3.7)","(-11.3, 0.0, -3.7)",
PLAYER_POSITIONS,443221,6/26/2026 11:37:37 AM,e7ca1105-8b8f-4dee-a332-17c93bb5c040,2.0,,,,,,,,,,,,,,,,,,,,,,,,,,,,,,,,,,,"(-11.4, 0.3, -3.8)","(-11.3, 0.8, -3.9)","(-11.1, 0.4, -4.1)",
PLAYER_POSITIONS,443221,6/26/2026 11:37:37 AM,e7ca1105-8b8f-4dee-a332-17c93bb5c040,2.0,,,,,,,,,,,,,,,,,,,,,,,,,,,,,,,,,,,"(-11.4, 0.3, -3.8)","(-11.3, 0.8, -3.9)","(-11.1, 0.4, -4.1)",
PLAYER_POSITIONS,443745,6/26/2026 11:37:38 AM,e7ca1105-8b8f-4dee-a332-17c93bb5c040,2.0,,,,,,,,,,,,,,,,,,,,,,,,,,,,,,,,,,,"(-11.2, 0.4, -3.8)","(-11.3, 0.9, -4.1)","(-11.1, 0.7, -4.6)",
PLAYER_GAZE,443747,6/26/2026 11:37:38 AM,e7ca1105-8b8f-4dee-a332-17c93bb5c040,2.0,,,,,,,,,,,,,,,,,,,,,,,,Military PT 4,,,,,,,,,"(-0.2, 0.9, 0.6)",,,"(-11.1, 0.0, -4.7)",
PLAYER_POSITIONS,443745,6/26/2026 11:37:38 AM,e7ca1105-8b8f-4dee-a332-17c93bb5c040,2.0,,,,,,,,,,,,,,,,,,,,,,,,,,,,,,,,,,,"(-11.2, 0.4, -3.8)","(-11.3, 0.9, -4.1)","(-11.1, 0.7, -4.6)",
PLAYER_GAZE,443747,6/26/2026 11:37:38 AM,e7ca1105-8b8f-4dee-a332-17c93bb5c040,2.0,,,,,,,,,,,,,,,,,,,,,,,,Military PT 4,,,,,,,,,"(-0.2, 0.9, 0.6)",,,"(-11.1, 0.0, -4.7)",
TOOL_HOVER,443772,6/26/2026 11:37:38 AM,e7ca1105-8b8f-4dee-a332-17c93bb5c040,2.0,,,,,,,,,,,,,,,,,,,,,,,,,,,,,,,,,,,,,,,,,,,,,,991,,Fentanyl Lollipop,
TOOL_HOVER,443854,6/26/2026 11:37:38 AM,e7ca1105-8b8f-4dee-a332-17c93bb5c040,2.0,,,,,,,,,,,,,,,,,,,,,,,,,,,,,,,,,,,,,,,,,,,,,,996,,Decompression Needle,
TOOL_HOVER,444175,6/26/2026 11:37:38 AM,e7ca1105-8b8f-4dee-a332-17c93bb5c040,2.0,,,,,,,,,,,,,,,,,,,,,,,,,,,,,,,,,,,,,,,,,,,,,,997,,Nasal Airway,
PLAYER_POSITIONS,444246,6/26/2026 11:37:38 AM,e7ca1105-8b8f-4dee-a332-17c93bb5c040,2.0,,,,,,,,,,,,,,,,,,,,,,,,,,,,,,,,,,,"(-11.2, 0.5, -3.8)","(-11.3, 0.9, -4.2)","(-11.1, 0.7, -4.6)",
PLAYER_GAZE,444246,6/26/2026 11:37:38 AM,e7ca1105-8b8f-4dee-a332-17c93bb5c040,2.0,,,,,,,,,,,,,,,,,,,,,,,,Military PT 4,,,,,,,,,"(-0.2, 0.9, 0.6)",,,"(-11.1, 0.0, -4.7)",
PLAYER_POSITIONS,444246,6/26/2026 11:37:38 AM,e7ca1105-8b8f-4dee-a332-17c93bb5c040,2.0,,,,,,,,,,,,,,,,,,,,,,,,,,,,,,,,,,,"(-11.2, 0.5, -3.8)","(-11.3, 0.9, -4.2)","(-11.1, 0.7, -4.6)",
PLAYER_GAZE,444246,6/26/2026 11:37:38 AM,e7ca1105-8b8f-4dee-a332-17c93bb5c040,2.0,,,,,,,,,,,,,,,,,,,,,,,,Military PT 4,,,,,,,,,"(-0.2, 0.9, 0.6)",,,"(-11.1, 0.0, -4.7)",
TOOL_HOVER,444271,6/26/2026 11:37:38 AM,e7ca1105-8b8f-4dee-a332-17c93bb5c040,2.0,,,,,,,,,,,,,,,,,,,,,,,,,,,,,,,,,,,,,,,,,,,,,,996,,Decompression Needle,
PLAYER_POSITIONS,444760,6/26/2026 11:37:39 AM,e7ca1105-8b8f-4dee-a332-17c93bb5c040,2.0,,,,,,,,,,,,,,,,,,,,,,,,,,,,,,,,,,,"(-11.2, 0.5, -3.9)","(-11.3, 0.9, -4.2)","(-11.2, 0.8, -4.5)",
PLAYER_GAZE,444760,6/26/2026 11:37:39 AM,e7ca1105-8b8f-4dee-a332-17c93bb5c040,2.0,,,,,,,,,,,,,,,,,,,,,,,,Military PT 4,,,,,,,,,"(-0.2, 0.9, 0.6)",,,"(-11.1, 0.0, -4.7)",
PLAYER_POSITIONS,444760,6/26/2026 11:37:39 AM,e7ca1105-8b8f-4dee-a332-17c93bb5c040,2.0,,,,,,,,,,,,,,,,,,,,,,,,,,,,,,,,,,,"(-11.2, 0.5, -3.9)","(-11.3, 0.9, -4.2)","(-11.2, 0.8, -4.5)",
PLAYER_GAZE,444760,6/26/2026 11:37:39 AM,e7ca1105-8b8f-4dee-a332-17c93bb5c040,2.0,,,,,,,,,,,,,,,,,,,,,,,,Military PT 4,,,,,,,,,"(-0.2, 0.9, 0.6)",,,"(-11.1, 0.0, -4.7)",
TOOL_HOVER,444869,6/26/2026 11:37:39 AM,e7ca1105-8b8f-4dee-a332-17c93bb5c040,2.0,,,,,,,,,,,,,,,,,,,,,,,,,,,,,,,,,,,,,,,,,,,,,,991,,Fentanyl Lollipop,
TOOL_HOVER,445162,6/26/2026 11:37:39 AM,e7ca1105-8b8f-4dee-a332-17c93bb5c040,2.0,,,,,,,,,,,,,,,,,,,,,,,,,,,,,,,,,,,,,,,,,,,,,,998,,Fox Shield,
PLAYER_POSITIONS,445288,6/26/2026 11:37:40 AM,e7ca1105-8b8f-4dee-a332-17c93bb5c040,2.0,,,,,,,,,,,,,,,,,,,,,,,,,,,,,,,,,,,"(-11.2, 0.5, -3.9)","(-11.3, 1.0, -4.1)","(-11.1, 0.8, -4.7)",
PLAYER_GAZE,445288,6/26/2026 11:37:40 AM,e7ca1105-8b8f-4dee-a332-17c93bb5c040,2.0,,,,,,,,,,,,,,,,,,,,,,,,Military PT 4,,,,,,,,,"(-0.2, 1.0, 0.6)",,,"(-11.1, 0.0, -4.7)",
PLAYER_POSITIONS,445288,6/26/2026 11:37:40 AM,e7ca1105-8b8f-4dee-a332-17c93bb5c040,2.0,,,,,,,,,,,,,,,,,,,,,,,,,,,,,,,,,,,"(-11.2, 0.5, -3.9)","(-11.3, 1.0, -4.1)","(-11.1, 0.8, -4.7)",
PLAYER_GAZE,445288,6/26/2026 11:37:40 AM,e7ca1105-8b8f-4dee-a332-17c93bb5c040,2.0,,,,,,,,,,,,,,,,,,,,,,,,Military PT 4,,,,,,,,,"(-0.2, 1.0, 0.6)",,,"(-11.1, 0.0, -4.7)",
TOOL_HOVER,445369,6/26/2026 11:37:40 AM,e7ca1105-8b8f-4dee-a332-17c93bb5c040,2.0,,,,,,,,,,,,,,,,,,,,,,,,,,,,,,,,,,,,,,,,,,,,,,991,,Fentanyl Lollipop,
TOOL_SELECTED,445508,6/26/2026 11:37:40 AM,e7ca1105-8b8f-4dee-a332-17c93bb5c040,2.0,,,,,,,,,,,,,,,,,,,,,,,,,,,,,,,,,,,,,,,,,,,,,,990,,Fentanyl Lollipop,
PLAYER_POSITIONS,445789,6/26/2026 11:37:40 AM,e7ca1105-8b8f-4dee-a332-17c93bb5c040,2.0,,,,,,,,,,,,,,,,,,,,,,,,,,,,,,,,,,,"(-11.1, 0.5, -3.9)","(-11.3, 1.0, -4.2)","(-11.0, 0.7, -4.4)",
PLAYER_GAZE,445789,6/26/2026 11:37:40 AM,e7ca1105-8b8f-4dee-a332-17c93bb5c040,2.0,,,,,,,,,,,,,,,,,,,,,,,,Military PT 4,,,,,,,,,"(-0.2, 1.0, 0.6)",,,"(-11.1, 0.0, -4.7)",
PLAYER_POSITIONS,445789,6/26/2026 11:37:40 AM,e7ca1105-8b8f-4dee-a332-17c93bb5c040,2.0,,,,,,,,,,,,,,,,,,,,,,,,,,,,,,,,,,,"(-11.1, 0.5, -3.9)","(-11.3, 1.0, -4.2)","(-11.0, 0.7, -4.4)",
PLAYER_GAZE,445789,6/26/2026 11:37:40 AM,e7ca1105-8b8f-4dee-a332-17c93bb5c040,2.0,,,,,,,,,,,,,,,,,,,,,,,,Military PT 4,,,,,,,,,"(-0.2, 1.0, 0.6)",,,"(-11.1, 0.0, -4.7)",
AUDIO_START,445916,6/26/2026 11:37:40 AM,e7ca1105-8b8f-4dee-a332-17c93bb5c040,2.0,uav has two targets,6.582857,
PLAYER_POSITIONS,446290,6/26/2026 11:37:41 AM,e7ca1105-8b8f-4dee-a332-17c93bb5c040,2.0,,,,,,,,,,,,,,,,,,,,,,,,,,,,,,,,,,,"(-11.4, 0.3, -3.7)","(-11.3, 0.8, -3.7)","(-11.0, 0.3, -3.7)",
PLAYER_POSITIONS,446290,6/26/2026 11:37:41 AM,e7ca1105-8b8f-4dee-a332-17c93bb5c040,2.0,,,,,,,,,,,,,,,,,,,,,,,,,,,,,,,,,,,"(-11.4, 0.3, -3.7)","(-11.3, 0.8, -3.7)","(-11.0, 0.3, -3.7)",
INJURY_TREATED,446735,6/26/2026 11:37:41 AM,e7ca1105-8b8f-4dee-a332-17c93bb5c040,2.0,,,,,,,,,head,Unspecified,"(0.0, 0.0, 0.0)",none,1,1,none,True,False,,,,,,,Military PT 4,
TOOL_APPLIED,446735,6/26/2026 11:37:41 AM,e7ca1105-8b8f-4dee-a332-17c93bb5c040,2.0,,,,,,,,,,,,,,,,,,,,,,,,Military PT 4,,,,,,,,,,,,,,,,,,,,AppliedLollipop,Jaw (UnityEngine.GameObject),,Fentanyl Lollipop(Clone) (UnityEngine.GameObject),Fentanyl Lollipop,
PLAYER_POSITIONS,446815,6/26/2026 11:37:41 AM,e7ca1105-8b8f-4dee-a332-17c93bb5c040,2.0,,,,,,,,,,,,,,,,,,,,,,,,,,,,,,,,,,,"(-11.6, 0.2, -3.7)","(-11.3, 0.7, -3.6)","(-10.9, 0.1, -3.5)",
PLAYER_POSITIONS,446815,6/26/2026 11:37:41 AM,e7ca1105-8b8f-4dee-a332-17c93bb5c040,2.0,,,,,,,,,,,,,,,,,,,,,,,,,,,,,,,,,,,"(-11.6, 0.2, -3.7)","(-11.3, 0.7, -3.6)","(-10.9, 0.1, -3.5)",
PLAYER_POSITIONS,447339,6/26/2026 11:37:42 AM,e7ca1105-8b8f-4dee-a332-17c93bb5c040,2.0,,,,,,,,,,,,,,,,,,,,,,,,,,,,,,,,,,,"(-11.4, 0.3, -3.7)","(-11.2, 0.8, -3.8)","(-11.2, 0.3, -4.1)",
PLAYER_POSITIONS,447339,6/26/2026 11:37:42 AM,e7ca1105-8b8f-4dee-a332-17c93bb5c040,2.0,,,,,,,,,,,,,,,,,,,,,,,,,,,,,,,,,,,"(-11.4, 0.3, -3.7)","(-11.2, 0.8, -3.8)","(-11.2, 0.3, -4.1)",
BAG_CLOSED,447586,6/26/2026 11:37:42 AM,e7ca1105-8b8f-4dee-a332-17c93bb5c040,2.0,,,,,,,,,,,,,,,,,,,,,,,,,,,,,,,,,,,,"(0.0, 0.0, 0.0)",
PLAYER_POSITIONS,447867,6/26/2026 11:37:42 AM,e7ca1105-8b8f-4dee-a332-17c93bb5c040,2.0,,,,,,,,,,,,,,,,,,,,,,,,,,,,,,,,,,,"(-11.4, 0.4, -3.8)","(-11.4, 0.9, -4.0)","(-11.4, 0.3, -4.4)",
PLAYER_POSITIONS,447867,6/26/2026 11:37:42 AM,e7ca1105-8b8f-4dee-a332-17c93bb5c040,2.0,,,,,,,,,,,,,,,,,,,,,,,,,,,,,,,,,,,"(-11.4, 0.4, -3.8)","(-11.4, 0.9, -4.0)","(-11.4, 0.3, -4.4)",
PLAYER_POSITIONS,448368,6/26/2026 11:37:43 AM,e7ca1105-8b8f-4dee-a332-17c93bb5c040,2.0,,,,,,,,,,,,,,,,,,,,,,,,,,,,,,,,,,,"(-11.4, 0.3, -3.5)","(-11.4, 1.0, -3.8)","(-11.3, 0.3, -4.1)",
PLAYER_POSITIONS,448368,6/26/2026 11:37:43 AM,e7ca1105-8b8f-4dee-a332-17c93bb5c040,2.0,,,,,,,,,,,,,,,,,,,,,,,,,,,,,,,,,,,"(-11.4, 0.3, -3.5)","(-11.4, 1.0, -3.8)","(-11.3, 0.3, -4.1)",
PLAYER_POSITIONS,448896,6/26/2026 11:37:43 AM,e7ca1105-8b8f-4dee-a332-17c93bb5c040,2.0,,,,,,,,,,,,,,,,,,,,,,,,,,,,,,,,,,,"(-10.8, 0.3, -3.1)","(-10.8, 1.0, -3.3)","(-10.8, 0.3, -3.7)",
PLAYER_POSITIONS,448896,6/26/2026 11:37:43 AM,e7ca1105-8b8f-4dee-a332-17c93bb5c040,2.0,,,,,,,,,,,,,,,,,,,,,,,,,,,,,,,,,,,"(-10.8, 0.3, -3.1)","(-10.8, 1.0, -3.3)","(-10.8, 0.3, -3.7)",
DRAG_STOP,449191,6/26/2026 11:37:43 AM,e7ca1105-8b8f-4dee-a332-17c93bb5c040,2.0,,,,,"(-6.8, 0.0, 2.1)","(-8.0, 0.0, 0.4)",,,,,,,,,,,,,,,,,,Military PT 4,
PLAYER_POSITIONS,449424,6/26/2026 11:37:44 AM,e7ca1105-8b8f-4dee-a332-17c93bb5c040,2.0,,,,,,,,,,,,,,,,,,,,,,,,,,,,,,,,,,,"(-11.1, 0.4, -3.2)","(-11.2, 1.0, -3.5)","(-11.1, 0.3, -3.7)",
PLAYER_POSITIONS,449424,6/26/2026 11:37:44 AM,e7ca1105-8b8f-4dee-a332-17c93bb5c040,2.0,,,,,,,,,,,,,,,,,,,,,,,,,,,,,,,,,,,"(-11.1, 0.4, -3.2)","(-11.2, 1.0, -3.5)","(-11.1, 0.3, -3.7)",
PLAYER_POSITIONS,449924,6/26/2026 11:37:44 AM,e7ca1105-8b8f-4dee-a332-17c93bb5c040,2.0,,,,,,,,,,,,,,,,,,,,,,,,,,,,,,,,,,,"(-11.0, 0.5, -3.4)","(-11.2, 1.1, -3.5)","(-11.2, 0.3, -3.8)",
PLAYER_POSITIONS,449924,6/26/2026 11:37:44 AM,e7ca1105-8b8f-4dee-a332-17c93bb5c040,2.0,,,,,,,,,,,,,,,,,,,,,,,,,,,,,,,,,,,"(-11.0, 0.5, -3.4)","(-11.2, 1.1, -3.5)","(-11.2, 0.3, -3.8)",
PLAYER_POSITIONS,450452,6/26/2026 11:37:45 AM,e7ca1105-8b8f-4dee-a332-17c93bb5c040,2.0,,,,,,,,,,,,,,,,,,,,,,,,,,,,,,,,,,,"(-11.1, 0.5, -3.3)","(-11.1, 1.1, -3.3)","(-11.0, 0.4, -3.5)",
PLAYER_POSITIONS,450452,6/26/2026 11:37:45 AM,e7ca1105-8b8f-4dee-a332-17c93bb5c040,2.0,,,,,,,,,,,,,,,,,,,,,,,,,,,,,,,,,,,"(-11.1, 0.5, -3.3)","(-11.1, 1.1, -3.3)","(-11.0, 0.4, -3.5)",
PLAYER_POSITIONS,450977,6/26/2026 11:37:45 AM,e7ca1105-8b8f-4dee-a332-17c93bb5c040,2.0,,,,,,,,,,,,,,,,,,,,,,,,,,,,,,,,,,,"(-11.0, 0.7, -3.2)","(-11.2, 1.4, -3.4)","(-11.1, 0.8, -3.6)",
PLAYER_POSITIONS,450977,6/26/2026 11:37:45 AM,e7ca1105-8b8f-4dee-a332-17c93bb5c040,2.0,,,,,,,,,,,,,,,,,,,,,,,,,,,,,,,,,,,"(-11.0, 0.7, -3.2)","(-11.2, 1.4, -3.4)","(-11.1, 0.8, -3.6)",
VOICE_CAPTURE,451215,6/26/2026 11:37:45 AM,e7ca1105-8b8f-4dee-a332-17c93bb5c040,2.0,,,,,,,,,,,,,,,,,,,,,,,,,,,,,,,,,,,,,,,,,,,,,,,,,,,NA,Thank you.,
PLAYER_POSITIONS,451492,6/26/2026 11:37:46 AM,e7ca1105-8b8f-4dee-a332-17c93bb5c040,2.0,,,,,,,,,,,,,,,,,,,,,,,,,,,,,,,,,,,"(-11.1, 0.7, -3.6)","(-11.5, 1.4, -3.4)","(-11.7, 0.7, -3.6)",
PLAYER_POSITIONS,451492,6/26/2026 11:37:46 AM,e7ca1105-8b8f-4dee-a332-17c93bb5c040,2.0,,,,,,,,,,,,,,,,,,,,,,,,,,,,,,,,,,,"(-11.1, 0.7, -3.6)","(-11.5, 1.4, -3.4)","(-11.7, 0.7, -3.6)",
VOICE_CAPTURE,451742,6/26/2026 11:37:46 AM,e7ca1105-8b8f-4dee-a332-17c93bb5c040,2.0,,,,,,,,,,,,,,,,,,,,,,,,,,,,,,,,,,,,,,,,,,,,,,,,,,,NA,Thank you.,
VOICE_CAPTURE,451742,6/26/2026 11:37:46 AM,e7ca1105-8b8f-4dee-a332-17c93bb5c040,2.0,,,,,,,,,,,,,,,,,,,,,,,,,,,,,,,,,,,,,,,,,,,,,,,,,,,NA,Thank you.,
PLAYER_POSITIONS,452019,6/26/2026 11:37:46 AM,e7ca1105-8b8f-4dee-a332-17c93bb5c040,2.0,,,,,,,,,,,,,,,,,,,,,,,,,,,,,,,,,,,"(-11.7, 0.8, -3.9)","(-11.7, 1.4, -3.6)","(-11.9, 0.7, -3.3)",
PLAYER_POSITIONS,452019,6/26/2026 11:37:46 AM,e7ca1105-8b8f-4dee-a332-17c93bb5c040,2.0,,,,,,,,,,,,,,,,,,,,,,,,,,,,,,,,,,,"(-11.7, 0.8, -3.9)","(-11.7, 1.4, -3.6)","(-11.9, 0.7, -3.3)",
PATIENT_DISENGAGED,452155,6/26/2026 11:37:46 AM,e7ca1105-8b8f-4dee-a332-17c93bb5c040,2.0,,,,31.19,,,,,,,,,,,,,,,,fast,100,Infinity,normal,Military PT 4,upset,supine,"(-11.1, -0.1, -4.4)",faint,"(0.0, 1.0, 0.0, 0.2)",normal,IMMEDIATE,still,,,,,,,,,,,,,,,,,31.19,
PATIENT_ENGAGED,452155,6/26/2026 11:37:46 AM,e7ca1105-8b8f-4dee-a332-17c93bb5c040,2.0,,,,0,,,,,,,,,,,,,,,,normal,100,Infinity,normal,Military PT 12,upset,standing,"(-12.7, -0.1, -4.2)",normal,"(0.0, 0.7, 0.0, 0.7)",normal,DELAYED,still,,,,,,,,,,,,,,,,,0,
AUDIO_END,452491,6/26/2026 11:37:47 AM,e7ca1105-8b8f-4dee-a332-17c93bb5c040,2.0,uav has two targets,6.582857,
NARRATIVE_SECTION_END,452491,6/26/2026 11:37:47 AM,e7ca1105-8b8f-4dee-a332-17c93bb5c040,2.0,,,,,,,,,,,,,,,,,,Uav has two targets,50,
NARRATIVE_SECTION_START,452557,6/26/2026 11:37:47 AM,e7ca1105-8b8f-4dee-a332-17c93bb5c040,2.0,,,,,,,,,,,,,,,,,,Bravo engaging enemy,51,
PLAYER_POSITIONS,452563,6/26/2026 11:37:47 AM,e7ca1105-8b8f-4dee-a332-17c93bb5c040,2.0,,,,,,,,,,,,,,,,,,,,,,,,,,,,,,,,,,,"(-12.1, 0.7, -4.3)","(-12.1, 1.4, -3.9)","(-12.4, 0.9, -3.8)",
PLAYER_GAZE,452563,6/26/2026 11:37:47 AM,e7ca1105-8b8f-4dee-a332-17c93bb5c040,2.0,,,,,,,,,,,,,,,,,,,,,,,,Military PT 12,,,,,,,,,"(0.7, 1.4, 0.2)",,,"(-12.8, 0.0, -4.1)",
PLAYER_POSITIONS,452563,6/26/2026 11:37:47 AM,e7ca1105-8b8f-4dee-a332-17c93bb5c040,2.0,,,,,,,,,,,,,,,,,,,,,,,,,,,,,,,,,,,"(-12.1, 0.7, -4.3)","(-12.1, 1.4, -3.9)","(-12.4, 0.9, -3.8)",
PLAYER_GAZE,452563,6/26/2026 11:37:47 AM,e7ca1105-8b8f-4dee-a332-17c93bb5c040,2.0,,,,,,,,,,,,,,,,,,,,,,,,Military PT 12,,,,,,,,,"(0.7, 1.4, 0.2)",,,"(-12.8, 0.0, -4.1)",
PLAYER_POSITIONS,453066,6/26/2026 11:37:47 AM,e7ca1105-8b8f-4dee-a332-17c93bb5c040,2.0,,,,,,,,,,,,,,,,,,,,,,,,,,,,,,,,,,,"(-12.1, 0.7, -4.2)","(-12.1, 1.4, -3.9)","(-12.5, 1.2, -3.7)",
PLAYER_GAZE,453066,6/26/2026 11:37:47 AM,e7ca1105-8b8f-4dee-a332-17c93bb5c040,2.0,,,,,,,,,,,,,,,,,,,,,,,,Military PT 12,,,,,,,,,"(0.7, 1.4, 0.2)",,,"(-12.8, 0.0, -4.1)",
PLAYER_POSITIONS,453066,6/26/2026 11:37:47 AM,e7ca1105-8b8f-4dee-a332-17c93bb5c040,2.0,,,,,,,,,,,,,,,,,,,,,,,,,,,,,,,,,,,"(-12.1, 0.7, -4.2)","(-12.1, 1.4, -3.9)","(-12.5, 1.2, -3.7)",
PLAYER_GAZE,453066,6/26/2026 11:37:47 AM,e7ca1105-8b8f-4dee-a332-17c93bb5c040,2.0,,,,,,,,,,,,,,,,,,,,,,,,Military PT 12,,,,,,,,,"(0.7, 1.4, 0.2)",,,"(-12.8, 0.0, -4.1)",
PLAYER_POSITIONS,453579,6/26/2026 11:37:48 AM,e7ca1105-8b8f-4dee-a332-17c93bb5c040,2.0,,,,,,,,,,,,,,,,,,,,,,,,,,,,,,,,,,,"(-12.1, 0.8, -4.2)","(-12.1, 1.3, -3.8)","(-12.5, 1.0, -3.7)",
PLAYER_POSITIONS,453579,6/26/2026 11:37:48 AM,e7ca1105-8b8f-4dee-a332-17c93bb5c040,2.0,,,,,,,,,,,,,,,,,,,,,,,,,,,,,,,,,,,"(-12.1, 0.8, -4.2)","(-12.1, 1.3, -3.8)","(-12.5, 1.0, -3.7)",
PLAYER_POSITIONS,454081,6/26/2026 11:37:48 AM,e7ca1105-8b8f-4dee-a332-17c93bb5c040,2.0,,,,,,,,,,,,,,,,,,,,,,,,,,,,,,,,,,,"(-12.2, 0.8, -4.2)","(-12.2, 1.3, -3.8)","(-12.4, 0.9, -3.7)",
PLAYER_POSITIONS,454081,6/26/2026 11:37:48 AM,e7ca1105-8b8f-4dee-a332-17c93bb5c040,2.0,,,,,,,,,,,,,,,,,,,,,,,,,,,,,,,,,,,"(-12.2, 0.8, -4.2)","(-12.2, 1.3, -3.8)","(-12.4, 0.9, -3.7)",
VOICE_CAPTURE,454207,6/26/2026 11:37:48 AM,e7ca1105-8b8f-4dee-a332-17c93bb5c040,2.0,,,,,,,,,,,,,,,,,,,,,,,,,,,,,,,,,,,,,,,,,,,,,,,,,,,NA,Yeah.,
PLAYER_POSITIONS,454594,6/26/2026 11:37:49 AM,e7ca1105-8b8f-4dee-a332-17c93bb5c040,2.0,,,,,,,,,,,,,,,,,,,,,,,,,,,,,,,,,,,"(-12.2, 0.8, -4.1)","(-12.1, 1.4, -3.8)","(-12.6, 0.9, -3.6)",
PLAYER_POSITIONS,454594,6/26/2026 11:37:49 AM,e7ca1105-8b8f-4dee-a332-17c93bb5c040,2.0,,,,,,,,,,,,,,,,,,,,,,,,,,,,,,,,,,,"(-12.2, 0.8, -4.1)","(-12.1, 1.4, -3.8)","(-12.6, 0.9, -3.6)",
VOICE_CAPTURE,454733,6/26/2026 11:37:49 AM,e7ca1105-8b8f-4dee-a332-17c93bb5c040,2.0,,,,,,,,,,,,,,,,,,,,,,,,,,,,,,,,,,,,,,,,,,,,,,,,,,,NA,"Yep, stop screaming.",
PLAYER_POSITIONS,455121,6/26/2026 11:37:49 AM,e7ca1105-8b8f-4dee-a332-17c93bb5c040,2.0,,,,,,,,,,,,,,,,,,,,,,,,,,,,,,,,,,,"(-12.2, 0.8, -4.1)","(-12.1, 1.4, -3.7)","(-12.4, 0.9, -3.4)",
PLAYER_POSITIONS,455121,6/26/2026 11:37:49 AM,e7ca1105-8b8f-4dee-a332-17c93bb5c040,2.0,,,,,,,,,,,,,,,,,,,,,,,,,,,,,,,,,,,"(-12.2, 0.8, -4.1)","(-12.1, 1.4, -3.7)","(-12.4, 0.9, -3.4)",
VOICE_CAPTURE,455233,6/26/2026 11:37:49 AM,e7ca1105-8b8f-4dee-a332-17c93bb5c040,2.0,,,,,,,,,,,,,,,,,,,,,,,,,,,,,,,,,,,,,,,,,,,,,,,,,,,NA,"Yep, stop screaming.",
VOICE_CAPTURE,455233,6/26/2026 11:37:49 AM,e7ca1105-8b8f-4dee-a332-17c93bb5c040,2.0,,,,,,,,,,,,,,,,,,,,,,,,,,,,,,,,,,,,,,,,,,,,,,,,,,,NA,"Yep, stop screaming.",
VOICE_COMMAND,455233,6/26/2026 11:37:49 AM,e7ca1105-8b8f-4dee-a332-17c93bb5c040,2.0,,,,,,,,,,,,,,,,,,,,,,,,,,,,,,,,,,,,,,,,,,,,,,,,,,,"Yep, stop screaming.",stop,
TOOL_HOVER,455256,6/26/2026 11:37:49 AM,e7ca1105-8b8f-4dee-a332-17c93bb5c040,2.0,,,,,,,,,,,,,,,,,,,,,,,,,,,,,,,,,,,,,,,,,,,,,,996,,Decompression Needle,
TOOL_HOVER,455368,6/26/2026 11:37:50 AM,e7ca1105-8b8f-4dee-a332-17c93bb5c040,2.0,,,,,,,,,,,,,,,,,,,,,,,,,,,,,,,,,,,,,,,,,,,,,,990,,Fentanyl Lollipop,
TOOL_HOVER,455452,6/26/2026 11:37:50 AM,e7ca1105-8b8f-4dee-a332-17c93bb5c040,2.0,,,,,,,,,,,,,,,,,,,,,,,,,,,,,,,,,,,,,,,,,,,,,,998,,Fox Shield,
AUDIO_START,455515,6/26/2026 11:37:50 AM,e7ca1105-8b8f-4dee-a332-17c93bb5c040,2.0,bravo engaging enemy,3.343673,
PLAYER_POSITIONS,455640,6/26/2026 11:37:50 AM,e7ca1105-8b8f-4dee-a332-17c93bb5c040,2.0,,,,,,,,,,,,,,,,,,,,,,,,,,,,,,,,,,,"(-12.3, 0.8, -4.1)","(-12.1, 1.4, -3.7)","(-12.5, 1.2, -3.2)",
PLAYER_POSITIONS,455640,6/26/2026 11:37:50 AM,e7ca1105-8b8f-4dee-a332-17c93bb5c040,2.0,,,,,,,,,,,,,,,,,,,,,,,,,,,,,,,,,,,"(-12.3, 0.8, -4.1)","(-12.1, 1.4, -3.7)","(-12.5, 1.2, -3.2)",
TOOL_HOVER,455679,6/26/2026 11:37:50 AM,e7ca1105-8b8f-4dee-a332-17c93bb5c040,2.0,,,,,,,,,,,,,,,,,,,,,,,,,,,,,,,,,,,,,,,,,,,,,,997,,Nasal Airway,
TOOL_SELECTED,455774,6/26/2026 11:37:50 AM,e7ca1105-8b8f-4dee-a332-17c93bb5c040,2.0,,,,,,,,,,,,,,,,,,,,,,,,,,,,,,,,,,,,,,,,,,,,,,996,,Nasal Airway,
PLAYER_POSITIONS,456161,6/26/2026 11:37:50 AM,e7ca1105-8b8f-4dee-a332-17c93bb5c040,2.0,,,,,,,,,,,,,,,,,,,,,,,,,,,,,,,,,,,"(-12.2, 0.8, -4.1)","(-12.1, 1.4, -3.8)","(-12.5, 1.1, -3.8)",
PLAYER_GAZE,456161,6/26/2026 11:37:50 AM,e7ca1105-8b8f-4dee-a332-17c93bb5c040,2.0,,,,,,,,,,,,,,,,,,,,,,,,Military PT 12,,,,,,,,,"(0.7, 1.4, 0.3)",,,"(-12.8, 0.0, -4.1)",
PLAYER_POSITIONS,456161,6/26/2026 11:37:50 AM,e7ca1105-8b8f-4dee-a332-17c93bb5c040,2.0,,,,,,,,,,,,,,,,,,,,,,,,,,,,,,,,,,,"(-12.2, 0.8, -4.1)","(-12.1, 1.4, -3.8)","(-12.5, 1.1, -3.8)",
PLAYER_GAZE,456161,6/26/2026 11:37:50 AM,e7ca1105-8b8f-4dee-a332-17c93bb5c040,2.0,,,,,,,,,,,,,,,,,,,,,,,,Military PT 12,,,,,,,,,"(0.7, 1.4, 0.3)",,,"(-12.8, 0.0, -4.1)",
PLAYER_POSITIONS,456675,6/26/2026 11:37:51 AM,e7ca1105-8b8f-4dee-a332-17c93bb5c040,2.0,,,,,,,,,,,,,,,,,,,,,,,,,,,,,,,,,,,"(-12.1, 0.8, -4.2)","(-12.1, 1.4, -3.9)","(-12.5, 1.3, -4.1)",
PLAYER_GAZE,456675,6/26/2026 11:37:51 AM,e7ca1105-8b8f-4dee-a332-17c93bb5c040,2.0,,,,,,,,,,,,,,,,,,,,,,,,Military PT 12,,,,,,,,,"(0.7, 1.4, 0.2)",,,"(-12.8, 0.0, -4.1)",
PLAYER_POSITIONS,456675,6/26/2026 11:37:51 AM,e7ca1105-8b8f-4dee-a332-17c93bb5c040,2.0,,,,,,,,,,,,,,,,,,,,,,,,,,,,,,,,,,,"(-12.1, 0.8, -4.2)","(-12.1, 1.4, -3.9)","(-12.5, 1.3, -4.1)",
PLAYER_GAZE,456675,6/26/2026 11:37:51 AM,e7ca1105-8b8f-4dee-a332-17c93bb5c040,2.0,,,,,,,,,,,,,,,,,,,,,,,,Military PT 12,,,,,,,,,"(0.7, 1.4, 0.2)",,,"(-12.8, 0.0, -4.1)",
VOICE_CAPTURE,456758,6/26/2026 11:37:51 AM,e7ca1105-8b8f-4dee-a332-17c93bb5c040,2.0,,,,,,,,,,,,,,,,,,,,,,,,,,,,,,,,,,,,,,,,,,,,,,,,,,,NA,Raymond.,
TOOL_APPLIED,457094,6/26/2026 11:37:51 AM,e7ca1105-8b8f-4dee-a332-17c93bb5c040,2.0,,,,,,,,,,,,,,,,,,,,,,,,Military PT 12,,,,,,,,,,,,,,,,,,,,AppliedTrumpet,tubeGuide_used (UnityEngine.GameObject),,Nasal Trumpet(Clone) (UnityEngine.GameObject),Nasal Airway,
PLAYER_POSITIONS,457191,6/26/2026 11:37:51 AM,e7ca1105-8b8f-4dee-a332-17c93bb5c040,2.0,,,,,,,,,,,,,,,,,,,,,,,,,,,,,,,,,,,"(-12.2, 0.8, -4.2)","(-12.1, 1.4, -3.8)","(-12.4, 1.1, -3.4)",
PLAYER_POSITIONS,457191,6/26/2026 11:37:51 AM,e7ca1105-8b8f-4dee-a332-17c93bb5c040,2.0,,,,,,,,,,,,,,,,,,,,,,,,,,,,,,,,,,,"(-12.2, 0.8, -4.2)","(-12.1, 1.4, -3.8)","(-12.4, 1.1, -3.4)",
VOICE_CAPTURE,457260,6/26/2026 11:37:51 AM,e7ca1105-8b8f-4dee-a332-17c93bb5c040,2.0,,,,,,,,,,,,,,,,,,,,,,,,,,,,,,,,,,,,,,,,,,,,,,,,,,,NA,Raymond.,
TOOL_HOVER,457367,6/26/2026 11:37:52 AM,e7ca1105-8b8f-4dee-a332-17c93bb5c040,2.0,,,,,,,,,,,,,,,,,,,,,,,,,,,,,,,,,,,,,,,,,,,,,,996,,Nasal Airway,
TOOL_HOVER,457451,6/26/2026 11:37:52 AM,e7ca1105-8b8f-4dee-a332-17c93bb5c040,2.0,,,,,,,,,,,,,,,,,,,,,,,,,,,,,,,,,,,,,,,,,,,,,,998,,Fox Shield,
TOOL_SELECTED,457646,6/26/2026 11:37:52 AM,e7ca1105-8b8f-4dee-a332-17c93bb5c040,2.0,,,,,,,,,,,,,,,,,,,,,,,,,,,,,,,,,,,,,,,,,,,,,,997,,Fox Shield,
PLAYER_POSITIONS,457732,6/26/2026 11:37:52 AM,e7ca1105-8b8f-4dee-a332-17c93bb5c040,2.0,,,,,,,,,,,,,,,,,,,,,,,,,,,,,,,,,,,"(-12.3, 0.8, -4.1)","(-12.2, 1.4, -3.7)","(-12.5, 1.2, -3.2)",
PLAYER_POSITIONS,457732,6/26/2026 11:37:52 AM,e7ca1105-8b8f-4dee-a332-17c93bb5c040,2.0,,,,,,,,,,,,,,,,,,,,,,,,,,,,,,,,,,,"(-12.3, 0.8, -4.1)","(-12.2, 1.4, -3.7)","(-12.5, 1.2, -3.2)",
VOICE_CAPTURE,457773,6/26/2026 11:37:52 AM,e7ca1105-8b8f-4dee-a332-17c93bb5c040,2.0,,,,,,,,,,,,,,,,,,,,,,,,,,,,,,,,,,,,,,,,,,,,,,,,,,,NA,Raymond.,
PLAYER_POSITIONS,458259,6/26/2026 11:37:52 AM,e7ca1105-8b8f-4dee-a332-17c93bb5c040,2.0,,,,,,,,,,,,,,,,,,,,,,,,,,,,,,,,,,,"(-12.2, 0.8, -4.1)","(-12.2, 1.4, -3.9)","(-12.5, 1.2, -3.8)",
PLAYER_GAZE,458259,6/26/2026 11:37:52 AM,e7ca1105-8b8f-4dee-a332-17c93bb5c040,2.0,,,,,,,,,,,,,,,,,,,,,,,,Military PT 12,,,,,,,,,"(0.6, 1.4, 0.2)",,,"(-12.8, 0.0, -4.1)",
PLAYER_POSITIONS,458259,6/26/2026 11:37:52 AM,e7ca1105-8b8f-4dee-a332-17c93bb5c040,2.0,,,,,,,,,,,,,,,,,,,,,,,,,,,,,,,,,,,"(-12.2, 0.8, -4.1)","(-12.2, 1.4, -3.9)","(-12.5, 1.2, -3.8)",
PLAYER_GAZE,458259,6/26/2026 11:37:52 AM,e7ca1105-8b8f-4dee-a332-17c93bb5c040,2.0,,,,,,,,,,,,,,,,,,,,,,,,Military PT 12,,,,,,,,,"(0.6, 1.4, 0.2)",,,"(-12.8, 0.0, -4.1)",
VOICE_CAPTURE,458285,6/26/2026 11:37:53 AM,e7ca1105-8b8f-4dee-a332-17c93bb5c040,2.0,,,,,,,,,,,,,,,,,,,,,,,,,,,,,,,,,,,,,,,,,,,,,,,,,,,NA,Raymond.,
VOICE_CAPTURE,458757,6/26/2026 11:37:53 AM,e7ca1105-8b8f-4dee-a332-17c93bb5c040,2.0,,,,,,,,,,,,,,,,,,,,,,,,,,,,,,,,,,,,,,,,,,,,,,,,,,,NA,Raymond.,
PLAYER_POSITIONS,458785,6/26/2026 11:37:53 AM,e7ca1105-8b8f-4dee-a332-17c93bb5c040,2.0,,,,,,,,,,,,,,,,,,,,,,,,,,,,,,,,,,,"(-12.0, 0.8, -4.2)","(-12.1, 1.4, -3.9)","(-12.6, 1.3, -4.2)",
PLAYER_GAZE,458785,6/26/2026 11:37:53 AM,e7ca1105-8b8f-4dee-a332-17c93bb5c040,2.0,,,,,,,,,,,,,,,,,,,,,,,,Military PT 12,,,,,,,,,"(0.7, 1.4, 0.2)",,,"(-12.8, 0.0, -4.1)",
PLAYER_POSITIONS,458785,6/26/2026 11:37:53 AM,e7ca1105-8b8f-4dee-a332-17c93bb5c040,2.0,,,,,,,,,,,,,,,,,,,,,,,,,,,,,,,,,,,"(-12.0, 0.8, -4.2)","(-12.1, 1.4, -3.9)","(-12.6, 1.3, -4.2)",
PLAYER_GAZE,458785,6/26/2026 11:37:53 AM,e7ca1105-8b8f-4dee-a332-17c93bb5c040,2.0,,,,,,,,,,,,,,,,,,,,,,,,Military PT 12,,,,,,,,,"(0.7, 1.4, 0.2)",,,"(-12.8, 0.0, -4.1)",
AUDIO_END,458868,6/26/2026 11:37:53 AM,e7ca1105-8b8f-4dee-a332-17c93bb5c040,2.0,bravo engaging enemy,3.343673,
NARRATIVE_SECTION_END,458868,6/26/2026 11:37:53 AM,e7ca1105-8b8f-4dee-a332-17c93bb5c040,2.0,,,,,,,,,,,,,,,,,,Bravo engaging enemy,51,
NARRATIVE_SECTION_START,458919,6/26/2026 11:37:53 AM,e7ca1105-8b8f-4dee-a332-17c93bb5c040,2.0,,,,,,,,,,,,,,,,,,Enemy in structure,52,
INJURY_TREATED,459245,6/26/2026 11:37:53 AM,e7ca1105-8b8f-4dee-a332-17c93bb5c040,2.0,,,,,,,,,head,R Eye Shrapnel,"(-12.6, 1.4, -4.2)",foxShield,1,1,high,True,True,,,,,,,Military PT 12,
TOOL_APPLIED,459245,6/26/2026 11:37:53 AM,e7ca1105-8b8f-4dee-a332-17c93bb5c040,2.0,,,,,,,,,,,,,,,,,,,,,,,,Military PT 12,,,,,,,,,,,,,,,,,,,,AppliedFoxShield,LeftEye (UnityEngine.GameObject),,null,Fox Shield,
VOICE_CAPTURE,459248,6/26/2026 11:37:53 AM,e7ca1105-8b8f-4dee-a332-17c93bb5c040,2.0,,,,,,,,,,,,,,,,,,,,,,,,,,,,,,,,,,,,,,,,,,,,,,,,,,,NA,Raymond. Thank you.,
PLAYER_POSITIONS,459299,6/26/2026 11:37:54 AM,e7ca1105-8b8f-4dee-a332-17c93bb5c040,2.0,,,,,,,,,,,,,,,,,,,,,,,,,,,,,,,,,,,"(-12.0, 0.8, -4.2)","(-12.2, 1.4, -3.9)","(-12.6, 1.3, -4.2)",
PLAYER_GAZE,459299,6/26/2026 11:37:54 AM,e7ca1105-8b8f-4dee-a332-17c93bb5c040,2.0,,,,,,,,,,,,,,,,,,,,,,,,Military PT 12,,,,,,,,,"(0.7, 1.4, 0.2)",,,"(-12.8, 0.0, -4.1)",
PLAYER_POSITIONS,459299,6/26/2026 11:37:54 AM,e7ca1105-8b8f-4dee-a332-17c93bb5c040,2.0,,,,,,,,,,,,,,,,,,,,,,,,,,,,,,,,,,,"(-12.0, 0.8, -4.2)","(-12.2, 1.4, -3.9)","(-12.6, 1.3, -4.2)",
PLAYER_GAZE,459299,6/26/2026 11:37:54 AM,e7ca1105-8b8f-4dee-a332-17c93bb5c040,2.0,,,,,,,,,,,,,,,,,,,,,,,,Military PT 12,,,,,,,,,"(0.7, 1.4, 0.2)",,,"(-12.8, 0.0, -4.1)",
VOICE_CAPTURE,459724,6/26/2026 11:37:54 AM,e7ca1105-8b8f-4dee-a332-17c93bb5c040,2.0,,,,,,,,,,,,,,,,,,,,,,,,,,,,,,,,,,,,,,,,,,,,,,,,,,,NA,Raymond.,
BAG_CLOSED,459803,6/26/2026 11:37:54 AM,e7ca1105-8b8f-4dee-a332-17c93bb5c040,2.0,,,,,,,,,,,,,,,,,,,,,,,,,,,,,,,,,,,,"(0.0, 0.0, 0.0)",
PLAYER_POSITIONS,459806,6/26/2026 11:37:54 AM,e7ca1105-8b8f-4dee-a332-17c93bb5c040,2.0,,,,,,,,,,,,,,,,,,,,,,,,,,,,,,,,,,,"(-12.1, 0.9, -4.2)","(-12.2, 1.4, -3.9)","(-12.5, 1.1, -4.0)",
PLAYER_GAZE,459806,6/26/2026 11:37:54 AM,e7ca1105-8b8f-4dee-a332-17c93bb5c040,2.0,,,,,,,,,,,,,,,,,,,,,,,,Military PT 12,,,,,,,,,"(0.6, 1.4, 0.2)",,,"(-12.8, 0.0, -4.1)",
PLAYER_POSITIONS,459806,6/26/2026 11:37:54 AM,e7ca1105-8b8f-4dee-a332-17c93bb5c040,2.0,,,,,,,,,,,,,,,,,,,,,,,,,,,,,,,,,,,"(-12.1, 0.9, -4.2)","(-12.2, 1.4, -3.9)","(-12.5, 1.1, -4.0)",
PLAYER_GAZE,459806,6/26/2026 11:37:54 AM,e7ca1105-8b8f-4dee-a332-17c93bb5c040,2.0,,,,,,,,,,,,,,,,,,,,,,,,Military PT 12,,,,,,,,,"(0.6, 1.4, 0.2)",,,"(-12.8, 0.0, -4.1)",
VOICE_CAPTURE,460237,6/26/2026 11:37:54 AM,e7ca1105-8b8f-4dee-a332-17c93bb5c040,2.0,,,,,,,,,,,,,,,,,,,,,,,,,,,,,,,,,,,,,,,,,,,,,,,,,,,NA,Raymond. Put this on your eye.,
PLAYER_POSITIONS,460320,6/26/2026 11:37:55 AM,e7ca1105-8b8f-4dee-a332-17c93bb5c040,2.0,,,,,,,,,,,,,,,,,,,,,,,,,,,,,,,,,,,"(-12.4, 0.8, -4.1)","(-12.4, 1.4, -3.8)","(-12.7, 1.0, -3.8)",
PLAYER_GAZE,460320,6/26/2026 11:37:55 AM,e7ca1105-8b8f-4dee-a332-17c93bb5c040,2.0,,,,,,,,,,,,,,,,,,,,,,,,Military PT 12,,,,,,,,,"(0.4, 1.4, 0.3)",,,"(-12.8, 0.0, -4.1)",
PLAYER_POSITIONS,460320,6/26/2026 11:37:55 AM,e7ca1105-8b8f-4dee-a332-17c93bb5c040,2.0,,,,,,,,,,,,,,,,,,,,,,,,,,,,,,,,,,,"(-12.4, 0.8, -4.1)","(-12.4, 1.4, -3.8)","(-12.7, 1.0, -3.8)",
PLAYER_GAZE,460320,6/26/2026 11:37:55 AM,e7ca1105-8b8f-4dee-a332-17c93bb5c040,2.0,,,,,,,,,,,,,,,,,,,,,,,,Military PT 12,,,,,,,,,"(0.4, 1.4, 0.3)",,,"(-12.8, 0.0, -4.1)",
VOICE_CAPTURE,460731,6/26/2026 11:37:55 AM,e7ca1105-8b8f-4dee-a332-17c93bb5c040,2.0,,,,,,,,,,,,,,,,,,,,,,,,,,,,,,,,,,,,,,,,,,,,,,,,,,,NA,Raymond. Put this on your eye.,
VOICE_CAPTURE,460731,6/26/2026 11:37:55 AM,e7ca1105-8b8f-4dee-a332-17c93bb5c040,2.0,,,,,,,,,,,,,,,,,,,,,,,,,,,,,,,,,,,,,,,,,,,,,,,,,,,NA,Raymond. Put this on your eye.,
PLAYER_POSITIONS,460841,6/26/2026 11:37:55 AM,e7ca1105-8b8f-4dee-a332-17c93bb5c040,2.0,,,,,,,,,,,,,,,,,,,,,,,,,,,,,,,,,,,"(-12.4, 0.8, -4.1)","(-12.3, 1.4, -3.8)","(-12.7, 1.1, -3.7)",
PLAYER_GAZE,460841,6/26/2026 11:37:55 AM,e7ca1105-8b8f-4dee-a332-17c93bb5c040,2.0,,,,,,,,,,,,,,,,,,,,,,,,Military PT 12,,,,,,,,,"(0.5, 1.4, 0.3)",,,"(-12.8, 0.0, -4.1)",
PLAYER_POSITIONS,460841,6/26/2026 11:37:55 AM,e7ca1105-8b8f-4dee-a332-17c93bb5c040,2.0,,,,,,,,,,,,,,,,,,,,,,,,,,,,,,,,,,,"(-12.4, 0.8, -4.1)","(-12.3, 1.4, -3.8)","(-12.7, 1.1, -3.7)",
PLAYER_GAZE,460841,6/26/2026 11:37:55 AM,e7ca1105-8b8f-4dee-a332-17c93bb5c040,2.0,,,,,,,,,,,,,,,,,,,,,,,,Military PT 12,,,,,,,,,"(0.5, 1.4, 0.3)",,,"(-12.8, 0.0, -4.1)",
PLAYER_POSITIONS,461344,6/26/2026 11:37:56 AM,e7ca1105-8b8f-4dee-a332-17c93bb5c040,2.0,,,,,,,,,,,,,,,,,,,,,,,,,,,,,,,,,,,"(-12.3, 0.8, -4.1)","(-12.3, 1.4, -3.9)","(-12.6, 1.1, -3.7)",
PLAYER_GAZE,461344,6/26/2026 11:37:56 AM,e7ca1105-8b8f-4dee-a332-17c93bb5c040,2.0,,,,,,,,,,,,,,,,,,,,,,,,Military PT 12,,,,,,,,,"(0.5, 1.4, 0.2)",,,"(-12.8, 0.0, -4.1)",
PLAYER_POSITIONS,461344,6/26/2026 11:37:56 AM,e7ca1105-8b8f-4dee-a332-17c93bb5c040,2.0,,,,,,,,,,,,,,,,,,,,,,,,,,,,,,,,,,,"(-12.3, 0.8, -4.1)","(-12.3, 1.4, -3.9)","(-12.6, 1.1, -3.7)",
PLAYER_GAZE,461344,6/26/2026 11:37:56 AM,e7ca1105-8b8f-4dee-a332-17c93bb5c040,2.0,,,,,,,,,,,,,,,,,,,,,,,,Military PT 12,,,,,,,,,"(0.5, 1.4, 0.2)",,,"(-12.8, 0.0, -4.1)",
VOICE_CAPTURE,461719,6/26/2026 11:37:56 AM,e7ca1105-8b8f-4dee-a332-17c93bb5c040,2.0,,,,,,,,,,,,,,,,,,,,,,,,,,,,,,,,,,,,,,,,,,,,,,,,,,,NA,on your eye.,
PLAYER_POSITIONS,461858,6/26/2026 11:37:56 AM,e7ca1105-8b8f-4dee-a332-17c93bb5c040,2.0,,,,,,,,,,,,,,,,,,,,,,,,,,,,,,,,,,,"(-12.2, 0.8, -4.0)","(-12.1, 1.3, -3.8)","(-12.4, 1.0, -3.6)",
PLAYER_GAZE,461858,6/26/2026 11:37:56 AM,e7ca1105-8b8f-4dee-a332-17c93bb5c040,2.0,,,,,,,,,,,,,,,,,,,,,,,,Military PT 12,,,,,,,,,"(0.7, 1.3, 0.3)",,,"(-12.8, 0.0, -4.1)",
PLAYER_POSITIONS,461858,6/26/2026 11:37:56 AM,e7ca1105-8b8f-4dee-a332-17c93bb5c040,2.0,,,,,,,,,,,,,,,,,,,,,,,,,,,,,,,,,,,"(-12.2, 0.8, -4.0)","(-12.1, 1.3, -3.8)","(-12.4, 1.0, -3.6)",
PLAYER_GAZE,461858,6/26/2026 11:37:56 AM,e7ca1105-8b8f-4dee-a332-17c93bb5c040,2.0,,,,,,,,,,,,,,,,,,,,,,,,Military PT 12,,,,,,,,,"(0.7, 1.3, 0.3)",,,"(-12.8, 0.0, -4.1)",
VOICE_CAPTURE,462220,6/26/2026 11:37:56 AM,e7ca1105-8b8f-4dee-a332-17c93bb5c040,2.0,,,,,,,,,,,,,,,,,,,,,,,,,,,,,,,,,,,,,,,,,,,,,,,,,,,NA,on your eye.,
PLAYER_POSITIONS,462358,6/26/2026 11:37:57 AM,e7ca1105-8b8f-4dee-a332-17c93bb5c040,2.0,,,,,,,,,,,,,,,,,,,,,,,,,,,,,,,,,,,"(-12.2, 0.8, -4.1)","(-12.1, 1.3, -3.9)","(-12.3, 1.0, -3.7)",
PLAYER_GAZE,462358,6/26/2026 11:37:57 AM,e7ca1105-8b8f-4dee-a332-17c93bb5c040,2.0,,,,,,,,,,,,,,,,,,,,,,,,Military PT 12,,,,,,,,,"(0.7, 1.3, 0.2)",,,"(-12.8, 0.0, -4.1)",
PLAYER_POSITIONS,462358,6/26/2026 11:37:57 AM,e7ca1105-8b8f-4dee-a332-17c93bb5c040,2.0,,,,,,,,,,,,,,,,,,,,,,,,,,,,,,,,,,,"(-12.2, 0.8, -4.1)","(-12.1, 1.3, -3.9)","(-12.3, 1.0, -3.7)",
PLAYER_GAZE,462358,6/26/2026 11:37:57 AM,e7ca1105-8b8f-4dee-a332-17c93bb5c040,2.0,,,,,,,,,,,,,,,,,,,,,,,,Military PT 12,,,,,,,,,"(0.7, 1.3, 0.2)",,,"(-12.8, 0.0, -4.1)",
PLAYER_POSITIONS,462873,6/26/2026 11:37:57 AM,e7ca1105-8b8f-4dee-a332-17c93bb5c040,2.0,,,,,,,,,,,,,,,,,,,,,,,,,,,,,,,,,,,"(-12.2, 0.8, -4.1)","(-12.2, 1.3, -3.8)","(-12.3, 0.9, -3.7)",
PLAYER_GAZE,462873,6/26/2026 11:37:57 AM,e7ca1105-8b8f-4dee-a332-17c93bb5c040,2.0,,,,,,,,,,,,,,,,,,,,,,,,Military PT 12,,,,,,,,,"(0.6, 1.3, 0.3)",,,"(-12.8, 0.0, -4.1)",
PLAYER_POSITIONS,462873,6/26/2026 11:37:57 AM,e7ca1105-8b8f-4dee-a332-17c93bb5c040,2.0,,,,,,,,,,,,,,,,,,,,,,,,,,,,,,,,,,,"(-12.2, 0.8, -4.1)","(-12.2, 1.3, -3.8)","(-12.3, 0.9, -3.7)",
PLAYER_GAZE,462873,6/26/2026 11:37:57 AM,e7ca1105-8b8f-4dee-a332-17c93bb5c040,2.0,,,,,,,,,,,,,,,,,,,,,,,,Military PT 12,,,,,,,,,"(0.6, 1.3, 0.3)",,,"(-12.8, 0.0, -4.1)",
PLAYER_POSITIONS,463399,6/26/2026 11:37:58 AM,e7ca1105-8b8f-4dee-a332-17c93bb5c040,2.0,,,,,,,,,,,,,,,,,,,,,,,,,,,,,,,,,,,"(-12.4, 0.8, -3.8)","(-12.4, 1.3, -3.5)","(-12.6, 0.9, -3.4)",
PLAYER_POSITIONS,463399,6/26/2026 11:37:58 AM,e7ca1105-8b8f-4dee-a332-17c93bb5c040,2.0,,,,,,,,,,,,,,,,,,,,,,,,,,,,,,,,,,,"(-12.4, 0.8, -3.8)","(-12.4, 1.3, -3.5)","(-12.6, 0.9, -3.4)",
PLAYER_POSITIONS,463900,6/26/2026 11:37:58 AM,e7ca1105-8b8f-4dee-a332-17c93bb5c040,2.0,,,,,,,,,,,,,,,,,,,,,,,,,,,,,,,,,,,"(-12.4, 0.8, -3.8)","(-12.4, 1.3, -3.5)","(-12.7, 0.8, -3.3)",
PLAYER_POSITIONS,463900,6/26/2026 11:37:58 AM,e7ca1105-8b8f-4dee-a332-17c93bb5c040,2.0,,,,,,,,,,,,,,,,,,,,,,,,,,,,,,,,,,,"(-12.4, 0.8, -3.8)","(-12.4, 1.3, -3.5)","(-12.7, 0.8, -3.3)",
PLAYER_POSITIONS,464401,6/26/2026 11:37:59 AM,e7ca1105-8b8f-4dee-a332-17c93bb5c040,2.0,,,,,,,,,,,,,,,,,,,,,,,,,,,,,,,,,,,"(-12.3, 0.8, -3.8)","(-12.4, 1.3, -3.6)","(-12.7, 0.7, -3.3)",
PLAYER_POSITIONS,464401,6/26/2026 11:37:59 AM,e7ca1105-8b8f-4dee-a332-17c93bb5c040,2.0,,,,,,,,,,,,,,,,,,,,,,,,,,,,,,,,,,,"(-12.3, 0.8, -3.8)","(-12.4, 1.3, -3.6)","(-12.7, 0.7, -3.3)",
BAG_CLOSED,464454,6/26/2026 11:37:59 AM,e7ca1105-8b8f-4dee-a332-17c93bb5c040,2.0,,,,,,,,,,,,,,,,,,,,,,,,,,,,,,,,,,,,"(0.0, 0.0, 0.0)",
PLAYER_POSITIONS,464901,6/26/2026 11:37:59 AM,e7ca1105-8b8f-4dee-a332-17c93bb5c040,2.0,,,,,,,,,,,,,,,,,,,,,,,,,,,,,,,,,,,"(-12.4, 0.8, -4.0)","(-12.4, 1.3, -3.8)","(-12.7, 0.7, -3.6)",
PLAYER_GAZE,464901,6/26/2026 11:37:59 AM,e7ca1105-8b8f-4dee-a332-17c93bb5c040,2.0,,,,,,,,,,,,,,,,,,,,,,,,Military PT 12,,,,,,,,,"(0.4, 1.3, 0.3)",,,"(-12.8, 0.0, -4.1)",
PLAYER_POSITIONS,464901,6/26/2026 11:37:59 AM,e7ca1105-8b8f-4dee-a332-17c93bb5c040,2.0,,,,,,,,,,,,,,,,,,,,,,,,,,,,,,,,,,,"(-12.4, 0.8, -4.0)","(-12.4, 1.3, -3.8)","(-12.7, 0.7, -3.6)",
PLAYER_GAZE,464901,6/26/2026 11:37:59 AM,e7ca1105-8b8f-4dee-a332-17c93bb5c040,2.0,,,,,,,,,,,,,,,,,,,,,,,,Military PT 12,,,,,,,,,"(0.4, 1.3, 0.3)",,,"(-12.8, 0.0, -4.1)",
VOICE_CAPTURE,465227,6/26/2026 11:37:59 AM,e7ca1105-8b8f-4dee-a332-17c93bb5c040,2.0,,,,,,,,,,,,,,,,,,,,,,,,,,,,,,,,,,,,,,,,,,,,,,,,,,,NA,Thank you.,
EVAC_RADIO_ALERT,465413,6/26/2026 11:38:00 AM,e7ca1105-8b8f-4dee-a332-17c93bb5c040,2.0,,,,,,,,1,
AUDIO_START,465428,6/26/2026 11:38:00 AM,e7ca1105-8b8f-4dee-a332-17c93bb5c040,2.0,evac in 3 minutes,5.172245,
PLAYER_POSITIONS,465432,6/26/2026 11:38:00 AM,e7ca1105-8b8f-4dee-a332-17c93bb5c040,2.0,,,,,,,,,,,,,,,,,,,,,,,,,,,,,,,,,,,"(-12.4, 0.9, -4.0)","(-12.4, 1.3, -3.8)","(-12.7, 0.8, -3.6)",
PLAYER_GAZE,465432,6/26/2026 11:38:00 AM,e7ca1105-8b8f-4dee-a332-17c93bb5c040,2.0,,,,,,,,,,,,,,,,,,,,,,,,Military PT 12,,,,,,,,,"(0.4, 1.3, 0.3)",,,"(-12.8, 0.0, -4.1)",
PLAYER_POSITIONS,465432,6/26/2026 11:38:00 AM,e7ca1105-8b8f-4dee-a332-17c93bb5c040,2.0,,,,,,,,,,,,,,,,,,,,,,,,,,,,,,,,,,,"(-12.4, 0.9, -4.0)","(-12.4, 1.3, -3.8)","(-12.7, 0.8, -3.6)",
PLAYER_GAZE,465432,6/26/2026 11:38:00 AM,e7ca1105-8b8f-4dee-a332-17c93bb5c040,2.0,,,,,,,,,,,,,,,,,,,,,,,,Military PT 12,,,,,,,,,"(0.4, 1.3, 0.3)",,,"(-12.8, 0.0, -4.1)",
VOICE_CAPTURE,465814,6/26/2026 11:38:00 AM,e7ca1105-8b8f-4dee-a332-17c93bb5c040,2.0,,,,,,,,,,,,,,,,,,,,,,,,,,,,,,,,,,,,,,,,,,,,,,,,,,,NA,Way down.,
PLAYER_POSITIONS,465924,6/26/2026 11:38:00 AM,e7ca1105-8b8f-4dee-a332-17c93bb5c040,2.0,,,,,,,,,,,,,,,,,,,,,,,,,,,,,,,,,,,"(-12.4, 0.8, -4.0)","(-12.4, 1.3, -3.8)","(-12.7, 0.7, -3.6)",
PLAYER_GAZE,465925,6/26/2026 11:38:00 AM,e7ca1105-8b8f-4dee-a332-17c93bb5c040,2.0,,,,,,,,,,,,,,,,,,,,,,,,Military PT 12,,,,,,,,,"(0.4, 1.3, 0.3)",,,"(-12.8, 0.0, -4.1)",
PLAYER_POSITIONS,465924,6/26/2026 11:38:00 AM,e7ca1105-8b8f-4dee-a332-17c93bb5c040,2.0,,,,,,,,,,,,,,,,,,,,,,,,,,,,,,,,,,,"(-12.4, 0.8, -4.0)","(-12.4, 1.3, -3.8)","(-12.7, 0.7, -3.6)",
PLAYER_GAZE,465925,6/26/2026 11:38:00 AM,e7ca1105-8b8f-4dee-a332-17c93bb5c040,2.0,,,,,,,,,,,,,,,,,,,,,,,,Military PT 12,,,,,,,,,"(0.4, 1.3, 0.3)",,,"(-12.8, 0.0, -4.1)",
VOICE_CAPTURE,466257,6/26/2026 11:38:00 AM,e7ca1105-8b8f-4dee-a332-17c93bb5c040,2.0,,,,,,,,,,,,,,,,,,,,,,,,,,,,,,,,,,,,,,,,,,,,,,,,,,,NA,Way down.,
VOICE_CAPTURE,466257,6/26/2026 11:38:00 AM,e7ca1105-8b8f-4dee-a332-17c93bb5c040,2.0,,,,,,,,,,,,,,,,,,,,,,,,,,,,,,,,,,,,,,,,,,,,,,,,,,,NA,Way down.,
VOICE_COMMAND,466257,6/26/2026 11:38:00 AM,e7ca1105-8b8f-4dee-a332-17c93bb5c040,2.0,,,,,,,,,,,,,,,,,,,,,,,,Military PT 12,,,,,,,,,,,,,,,,,,,,,,,,,,,Way down.,lay down,
PLAYER_POSITIONS,466424,6/26/2026 11:38:01 AM,e7ca1105-8b8f-4dee-a332-17c93bb5c040,2.0,,,,,,,,,,,,,,,,,,,,,,,,,,,,,,,,,,,"(-12.4, 0.8, -4.0)","(-12.4, 1.4, -3.8)","(-12.7, 0.7, -3.6)",
PLAYER_GAZE,466424,6/26/2026 11:38:01 AM,e7ca1105-8b8f-4dee-a332-17c93bb5c040,2.0,,,,,,,,,,,,,,,,,,,,,,,,Military PT 12,,,,,,,,,"(0.4, 1.4, 0.3)",,,"(-12.8, 0.0, -4.1)",
PLAYER_POSITIONS,466424,6/26/2026 11:38:01 AM,e7ca1105-8b8f-4dee-a332-17c93bb5c040,2.0,,,,,,,,,,,,,,,,,,,,,,,,,,,,,,,,,,,"(-12.4, 0.8, -4.0)","(-12.4, 1.4, -3.8)","(-12.7, 0.7, -3.6)",
PLAYER_GAZE,466424,6/26/2026 11:38:01 AM,e7ca1105-8b8f-4dee-a332-17c93bb5c040,2.0,,,,,,,,,,,,,,,,,,,,,,,,Military PT 12,,,,,,,,,"(0.4, 1.4, 0.3)",,,"(-12.8, 0.0, -4.1)",
VOICE_CAPTURE,466729,6/26/2026 11:38:01 AM,e7ca1105-8b8f-4dee-a332-17c93bb5c040,2.0,,,,,,,,,,,,,,,,,,,,,,,,,,,,,,,,,,,,,,,,,,,,,,,,,,,NA,"lay down, lay down for me.",
PLAYER_POSITIONS,466952,6/26/2026 11:38:01 AM,e7ca1105-8b8f-4dee-a332-17c93bb5c040,2.0,,,,,,,,,,,,,,,,,,,,,,,,,,,,,,,,,,,"(-12.4, 0.8, -3.9)","(-12.4, 1.3, -3.7)","(-12.7, 0.8, -3.6)",
PLAYER_GAZE,466952,6/26/2026 11:38:01 AM,e7ca1105-8b8f-4dee-a332-17c93bb5c040,2.0,,,,,,,,,,,,,,,,,,,,,,,,Military PT 12,,,,,,,,,"(0.4, 1.3, 0.4)",,,"(-12.8, 0.0, -4.1)",
PLAYER_POSITIONS,466952,6/26/2026 11:38:01 AM,e7ca1105-8b8f-4dee-a332-17c93bb5c040,2.0,,,,,,,,,,,,,,,,,,,,,,,,,,,,,,,,,,,"(-12.4, 0.8, -3.9)","(-12.4, 1.3, -3.7)","(-12.7, 0.8, -3.6)",
PLAYER_GAZE,466952,6/26/2026 11:38:01 AM,e7ca1105-8b8f-4dee-a332-17c93bb5c040,2.0,,,,,,,,,,,,,,,,,,,,,,,,Military PT 12,,,,,,,,,"(0.4, 1.3, 0.4)",,,"(-12.8, 0.0, -4.1)",
VOICE_CAPTURE,467231,6/26/2026 11:38:01 AM,e7ca1105-8b8f-4dee-a332-17c93bb5c040,2.0,,,,,,,,,,,,,,,,,,,,,,,,,,,,,,,,,,,,,,,,,,,,,,,,,,,NA,Way down. Way down for me.,
PLAYER_POSITIONS,467479,6/26/2026 11:38:02 AM,e7ca1105-8b8f-4dee-a332-17c93bb5c040,2.0,,,,,,,,,,,,,,,,,,,,,,,,,,,,,,,,,,,"(-12.3, 0.8, -3.9)","(-12.4, 1.3, -3.8)","(-12.7, 0.7, -3.5)",
PLAYER_GAZE,467479,6/26/2026 11:38:02 AM,e7ca1105-8b8f-4dee-a332-17c93bb5c040,2.0,,,,,,,,,,,,,,,,,,,,,,,,Military PT 12,,,,,,,,,"(0.4, 1.3, 0.3)",,,"(-12.8, 0.0, -4.1)",
PLAYER_POSITIONS,467479,6/26/2026 11:38:02 AM,e7ca1105-8b8f-4dee-a332-17c93bb5c040,2.0,,,,,,,,,,,,,,,,,,,,,,,,,,,,,,,,,,,"(-12.3, 0.8, -3.9)","(-12.4, 1.3, -3.8)","(-12.7, 0.7, -3.5)",
PLAYER_GAZE,467479,6/26/2026 11:38:02 AM,e7ca1105-8b8f-4dee-a332-17c93bb5c040,2.0,,,,,,,,,,,,,,,,,,,,,,,,Military PT 12,,,,,,,,,"(0.4, 1.3, 0.3)",,,"(-12.8, 0.0, -4.1)",
VOICE_CAPTURE,467716,6/26/2026 11:38:02 AM,e7ca1105-8b8f-4dee-a332-17c93bb5c040,2.0,,,,,,,,,,,,,,,,,,,,,,,,,,,,,,,,,,,,,,,,,,,,,,,,,,,NA,Way down. Way down for me.,
VOICE_CAPTURE,467716,6/26/2026 11:38:02 AM,e7ca1105-8b8f-4dee-a332-17c93bb5c040,2.0,,,,,,,,,,,,,,,,,,,,,,,,,,,,,,,,,,,,,,,,,,,,,,,,,,,NA,Way down. Way down for me.,
VOICE_COMMAND,467716,6/26/2026 11:38:02 AM,e7ca1105-8b8f-4dee-a332-17c93bb5c040,2.0,,,,,,,,,,,,,,,,,,,,,,,,Military PT 12,,,,,,,,,,,,,,,,,,,,,,,,,,,Way down. Way down for me.,lay down,
PULSE_TAKEN,467990,6/26/2026 11:38:02 AM,e7ca1105-8b8f-4dee-a332-17c93bb5c040,2.0,,,,,,,,,,,,,,,,,,,,,,,,Military PT 12,,,,pulse_normal,
PLAYER_POSITIONS,467999,6/26/2026 11:38:02 AM,e7ca1105-8b8f-4dee-a332-17c93bb5c040,2.0,,,,,,,,,,,,,,,,,,,,,,,,,,,,,,,,,,,"(-12.3, 0.8, -4.1)","(-12.4, 1.3, -3.9)","(-12.7, 0.7, -3.6)",
PLAYER_GAZE,467999,6/26/2026 11:38:02 AM,e7ca1105-8b8f-4dee-a332-17c93bb5c040,2.0,,,,,,,,,,,,,,,,,,,,,,,,Military PT 12,,,,,,,,,"(0.4, 1.3, 0.2)",,,"(-12.8, 0.0, -4.1)",
PLAYER_POSITIONS,467999,6/26/2026 11:38:02 AM,e7ca1105-8b8f-4dee-a332-17c93bb5c040,2.0,,,,,,,,,,,,,,,,,,,,,,,,,,,,,,,,,,,"(-12.3, 0.8, -4.1)","(-12.4, 1.3, -3.9)","(-12.7, 0.7, -3.6)",
PLAYER_GAZE,467999,6/26/2026 11:38:02 AM,e7ca1105-8b8f-4dee-a332-17c93bb5c040,2.0,,,,,,,,,,,,,,,,,,,,,,,,Military PT 12,,,,,,,,,"(0.4, 1.3, 0.2)",,,"(-12.8, 0.0, -4.1)",
PLAYER_POSITIONS,468508,6/26/2026 11:38:03 AM,e7ca1105-8b8f-4dee-a332-17c93bb5c040,2.0,,,,,,,,,,,,,,,,,,,,,,,,,,,,,,,,,,,"(-12.2, 0.8, -4.1)","(-12.3, 1.3, -3.9)","(-12.6, 0.7, -3.6)",
PLAYER_GAZE,468508,6/26/2026 11:38:03 AM,e7ca1105-8b8f-4dee-a332-17c93bb5c040,2.0,,,,,,,,,,,,,,,,,,,,,,,,Military PT 12,,,,,,,,,"(0.5, 1.3, 0.2)",,,"(-12.8, 0.0, -4.1)",
PLAYER_POSITIONS,468508,6/26/2026 11:38:03 AM,e7ca1105-8b8f-4dee-a332-17c93bb5c040,2.0,,,,,,,,,,,,,,,,,,,,,,,,,,,,,,,,,,,"(-12.2, 0.8, -4.1)","(-12.3, 1.3, -3.9)","(-12.6, 0.7, -3.6)",
PLAYER_GAZE,468508,6/26/2026 11:38:03 AM,e7ca1105-8b8f-4dee-a332-17c93bb5c040,2.0,,,,,,,,,,,,,,,,,,,,,,,,Military PT 12,,,,,,,,,"(0.5, 1.3, 0.2)",,,"(-12.8, 0.0, -4.1)",
PLAYER_POSITIONS,469009,6/26/2026 11:38:03 AM,e7ca1105-8b8f-4dee-a332-17c93bb5c040,2.0,,,,,,,,,,,,,,,,,,,,,,,,,,,,,,,,,,,"(-12.1, 0.7, -4.0)","(-12.2, 1.2, -4.0)","(-12.5, 0.7, -3.7)",
PLAYER_POSITIONS,469009,6/26/2026 11:38:03 AM,e7ca1105-8b8f-4dee-a332-17c93bb5c040,2.0,,,,,,,,,,,,,,,,,,,,,,,,,,,,,,,,,,,"(-12.1, 0.7, -4.0)","(-12.2, 1.2, -4.0)","(-12.5, 0.7, -3.7)",
PLAYER_POSITIONS,469534,6/26/2026 11:38:04 AM,e7ca1105-8b8f-4dee-a332-17c93bb5c040,2.0,,,,,,,,,,,,,,,,,,,,,,,,,,,,,,,,,,,"(-12.2, 0.5, -4.1)","(-12.2, 0.9, -4.0)","(-12.5, 0.5, -3.8)",
PLAYER_POSITIONS,469534,6/26/2026 11:38:04 AM,e7ca1105-8b8f-4dee-a332-17c93bb5c040,2.0,,,,,,,,,,,,,,,,,,,,,,,,,,,,,,,,,,,"(-12.2, 0.5, -4.1)","(-12.2, 0.9, -4.0)","(-12.5, 0.5, -3.8)",
PLAYER_POSITIONS,470058,6/26/2026 11:38:04 AM,e7ca1105-8b8f-4dee-a332-17c93bb5c040,2.0,,,,,,,,,,,,,,,,,,,,,,,,,,,,,,,,,,,"(-12.2, 0.4, -4.2)","(-12.3, 0.8, -4.0)","(-12.5, 0.5, -3.9)",
PLAYER_GAZE,470058,6/26/2026 11:38:04 AM,e7ca1105-8b8f-4dee-a332-17c93bb5c040,2.0,,,,,,,,,,,,,,,,,,,,,,,,Military PT 12,,,,,,,,,"(0.5, 0.8, 0.1)",,,"(-12.8, 0.0, -4.1)",
PLAYER_POSITIONS,470058,6/26/2026 11:38:04 AM,e7ca1105-8b8f-4dee-a332-17c93bb5c040,2.0,,,,,,,,,,,,,,,,,,,,,,,,,,,,,,,,,,,"(-12.2, 0.4, -4.2)","(-12.3, 0.8, -4.0)","(-12.5, 0.5, -3.9)",
PLAYER_GAZE,470058,6/26/2026 11:38:04 AM,e7ca1105-8b8f-4dee-a332-17c93bb5c040,2.0,,,,,,,,,,,,,,,,,,,,,,,,Military PT 12,,,,,,,,,"(0.5, 0.8, 0.1)",,,"(-12.8, 0.0, -4.1)",
VOICE_CAPTURE,470211,6/26/2026 11:38:04 AM,e7ca1105-8b8f-4dee-a332-17c93bb5c040,2.0,,,,,,,,,,,,,,,,,,,,,,,,,,,,,,,,,,,,,,,,,,,,,,,,,,,NA,Thank you.,
PLAYER_POSITIONS,470572,6/26/2026 11:38:05 AM,e7ca1105-8b8f-4dee-a332-17c93bb5c040,2.0,,,,,,,,,,,,,,,,,,,,,,,,,,,,,,,,,,,"(-12.3, 0.4, -4.2)","(-12.4, 0.9, -3.9)","(-12.6, 0.5, -3.7)",
PLAYER_POSITIONS,470572,6/26/2026 11:38:05 AM,e7ca1105-8b8f-4dee-a332-17c93bb5c040,2.0,,,,,,,,,,,,,,,,,,,,,,,,,,,,,,,,,,,"(-12.3, 0.4, -4.2)","(-12.4, 0.9, -3.9)","(-12.6, 0.5, -3.7)",
AUDIO_END,470598,6/26/2026 11:38:05 AM,e7ca1105-8b8f-4dee-a332-17c93bb5c040,2.0,evac in 3 minutes,5.172245,
AUDIO_START,470922,6/26/2026 11:38:05 AM,e7ca1105-8b8f-4dee-a332-17c93bb5c040,2.0,enemy in structure,6.138775,
PLAYER_POSITIONS,471072,6/26/2026 11:38:05 AM,e7ca1105-8b8f-4dee-a332-17c93bb5c040,2.0,,,,,,,,,,,,,,,,,,,,,,,,,,,,,,,,,,,"(-12.4, 0.4, -4.2)","(-12.5, 0.9, -3.9)","(-12.7, 0.6, -3.7)",
PLAYER_POSITIONS,471072,6/26/2026 11:38:05 AM,e7ca1105-8b8f-4dee-a332-17c93bb5c040,2.0,,,,,,,,,,,,,,,,,,,,,,,,,,,,,,,,,,,"(-12.4, 0.4, -4.2)","(-12.5, 0.9, -3.9)","(-12.7, 0.6, -3.7)",
PLAYER_POSITIONS,471574,6/26/2026 11:38:06 AM,e7ca1105-8b8f-4dee-a332-17c93bb5c040,2.0,,,,,,,,,,,,,,,,,,,,,,,,,,,,,,,,,,,"(-12.4, 0.4, -4.2)","(-12.5, 0.8, -3.9)","(-12.7, 0.5, -3.8)",
PLAYER_POSITIONS,471574,6/26/2026 11:38:06 AM,e7ca1105-8b8f-4dee-a332-17c93bb5c040,2.0,,,,,,,,,,,,,,,,,,,,,,,,,,,,,,,,,,,"(-12.4, 0.4, -4.2)","(-12.5, 0.8, -3.9)","(-12.7, 0.5, -3.8)",
PLAYER_POSITIONS,472101,6/26/2026 11:38:06 AM,e7ca1105-8b8f-4dee-a332-17c93bb5c040,2.0,,,,,,,,,,,,,,,,,,,,,,,,,,,,,,,,,,,"(-12.4, 0.4, -4.2)","(-12.5, 0.8, -4.0)","(-12.7, 0.6, -3.8)",
PLAYER_POSITIONS,472101,6/26/2026 11:38:06 AM,e7ca1105-8b8f-4dee-a332-17c93bb5c040,2.0,,,,,,,,,,,,,,,,,,,,,,,,,,,,,,,,,,,"(-12.4, 0.4, -4.2)","(-12.5, 0.8, -4.0)","(-12.7, 0.6, -3.8)",
PLAYER_POSITIONS,472616,6/26/2026 11:38:07 AM,e7ca1105-8b8f-4dee-a332-17c93bb5c040,2.0,,,,,,,,,,,,,,,,,,,,,,,,,,,,,,,,,,,"(-12.4, 0.4, -4.2)","(-12.5, 0.8, -4.0)","(-12.8, 0.4, -3.7)",
PLAYER_POSITIONS,472616,6/26/2026 11:38:07 AM,e7ca1105-8b8f-4dee-a332-17c93bb5c040,2.0,,,,,,,,,,,,,,,,,,,,,,,,,,,,,,,,,,,"(-12.4, 0.4, -4.2)","(-12.5, 0.8, -4.0)","(-12.8, 0.4, -3.7)",
PLAYER_POSITIONS,473115,6/26/2026 11:38:07 AM,e7ca1105-8b8f-4dee-a332-17c93bb5c040,2.0,,,,,,,,,,,,,,,,,,,,,,,,,,,,,,,,,,,"(-12.4, 0.4, -4.2)","(-12.5, 0.8, -3.9)","(-12.8, 0.3, -3.5)",
PLAYER_POSITIONS,473115,6/26/2026 11:38:07 AM,e7ca1105-8b8f-4dee-a332-17c93bb5c040,2.0,,,,,,,,,,,,,,,,,,,,,,,,,,,,,,,,,,,"(-12.4, 0.4, -4.2)","(-12.5, 0.8, -3.9)","(-12.8, 0.3, -3.5)",
PLAYER_POSITIONS,473628,6/26/2026 11:38:08 AM,e7ca1105-8b8f-4dee-a332-17c93bb5c040,2.0,,,,,,,,,,,,,,,,,,,,,,,,,,,,,,,,,,,"(-12.4, 0.4, -4.2)","(-12.5, 0.8, -4.0)","(-12.8, 0.3, -3.6)",
PLAYER_GAZE,473628,6/26/2026 11:38:08 AM,e7ca1105-8b8f-4dee-a332-17c93bb5c040,2.0,,,,,,,,,,,,,,,,,,,,,,,,Military PT 12,,,,,,,,,"(0.3, 0.8, 0.1)",,,"(-12.8, 0.0, -4.1)",
PLAYER_POSITIONS,473628,6/26/2026 11:38:08 AM,e7ca1105-8b8f-4dee-a332-17c93bb5c040,2.0,,,,,,,,,,,,,,,,,,,,,,,,,,,,,,,,,,,"(-12.4, 0.4, -4.2)","(-12.5, 0.8, -4.0)","(-12.8, 0.3, -3.6)",
PLAYER_GAZE,473628,6/26/2026 11:38:08 AM,e7ca1105-8b8f-4dee-a332-17c93bb5c040,2.0,,,,,,,,,,,,,,,,,,,,,,,,Military PT 12,,,,,,,,,"(0.3, 0.8, 0.1)",,,"(-12.8, 0.0, -4.1)",
PLAYER_POSITIONS,474142,6/26/2026 11:38:08 AM,e7ca1105-8b8f-4dee-a332-17c93bb5c040,2.0,,,,,,,,,,,,,,,,,,,,,,,,,,,,,,,,,,,"(-12.4, 0.4, -4.1)","(-12.4, 0.8, -4.0)","(-12.8, 0.3, -3.6)",
PLAYER_POSITIONS,474142,6/26/2026 11:38:08 AM,e7ca1105-8b8f-4dee-a332-17c93bb5c040,2.0,,,,,,,,,,,,,,,,,,,,,,,,,,,,,,,,,,,"(-12.4, 0.4, -4.1)","(-12.4, 0.8, -4.0)","(-12.8, 0.3, -3.6)",
PLAYER_POSITIONS,474648,6/26/2026 11:38:09 AM,e7ca1105-8b8f-4dee-a332-17c93bb5c040,2.0,,,,,,,,,,,,,,,,,,,,,,,,,,,,,,,,,,,"(-12.4, 0.4, -4.1)","(-12.3, 0.8, -4.1)","(-12.8, 0.4, -3.7)",
PLAYER_POSITIONS,474648,6/26/2026 11:38:09 AM,e7ca1105-8b8f-4dee-a332-17c93bb5c040,2.0,,,,,,,,,,,,,,,,,,,,,,,,,,,,,,,,,,,"(-12.4, 0.4, -4.1)","(-12.3, 0.8, -4.1)","(-12.8, 0.4, -3.7)",
VOICE_CAPTURE,474800,6/26/2026 11:38:09 AM,e7ca1105-8b8f-4dee-a332-17c93bb5c040,2.0,,,,,,,,,,,,,,,,,,,,,,,,,,,,,,,,,,,,,,,,,,,,,,,,,,,NA,We're in second.,
PLAYER_POSITIONS,475176,6/26/2026 11:38:09 AM,e7ca1105-8b8f-4dee-a332-17c93bb5c040,2.0,,,,,,,,,,,,,,,,,,,,,,,,,,,,,,,,,,,"(-12.3, 0.4, -4.3)","(-12.3, 0.8, -4.3)","(-12.7, 0.4, -3.9)",
PLAYER_POSITIONS,475176,6/26/2026 11:38:09 AM,e7ca1105-8b8f-4dee-a332-17c93bb5c040,2.0,,,,,,,,,,,,,,,,,,,,,,,,,,,,,,,,,,,"(-12.3, 0.4, -4.3)","(-12.3, 0.8, -4.3)","(-12.7, 0.4, -3.9)",
VOICE_CAPTURE,475204,6/26/2026 11:38:09 AM,e7ca1105-8b8f-4dee-a332-17c93bb5c040,2.0,,,,,,,,,,,,,,,,,,,,,,,,,,,,,,,,,,,,,,,,,,,,,,,,,,,NA,Where's that blood?,
PLAYER_POSITIONS,475688,6/26/2026 11:38:10 AM,e7ca1105-8b8f-4dee-a332-17c93bb5c040,2.0,,,,,,,,,,,,,,,,,,,,,,,,,,,,,,,,,,,"(-12.5, 0.4, -4.2)","(-12.5, 0.8, -4.0)","(-12.9, 0.4, -3.6)",
PLAYER_POSITIONS,475688,6/26/2026 11:38:10 AM,e7ca1105-8b8f-4dee-a332-17c93bb5c040,2.0,,,,,,,,,,,,,,,,,,,,,,,,,,,,,,,,,,,"(-12.5, 0.4, -4.2)","(-12.5, 0.8, -4.0)","(-12.9, 0.4, -3.6)",
VOICE_CAPTURE,475729,6/26/2026 11:38:10 AM,e7ca1105-8b8f-4dee-a332-17c93bb5c040,2.0,,,,,,,,,,,,,,,,,,,,,,,,,,,,,,,,,,,,,,,,,,,,,,,,,,,NA,Where's that blood?,
VOICE_CAPTURE,475729,6/26/2026 11:38:10 AM,e7ca1105-8b8f-4dee-a332-17c93bb5c040,2.0,,,,,,,,,,,,,,,,,,,,,,,,,,,,,,,,,,,,,,,,,,,,,,,,,,,NA,Where's that blood?,
PLAYER_POSITIONS,476229,6/26/2026 11:38:10 AM,e7ca1105-8b8f-4dee-a332-17c93bb5c040,2.0,,,,,,,,,,,,,,,,,,,,,,,,,,,,,,,,,,,"(-12.5, 0.4, -4.2)","(-12.6, 0.8, -4.0)","(-12.9, 0.4, -3.6)",
PLAYER_POSITIONS,476229,6/26/2026 11:38:10 AM,e7ca1105-8b8f-4dee-a332-17c93bb5c040,2.0,,,,,,,,,,,,,,,,,,,,,,,,,,,,,,,,,,,"(-12.5, 0.4, -4.2)","(-12.6, 0.8, -4.0)","(-12.9, 0.4, -3.6)",
VOICE_CAPTURE,476700,6/26/2026 11:38:11 AM,e7ca1105-8b8f-4dee-a332-17c93bb5c040,2.0,,,,,,,,,,,,,,,,,,,,,,,,,,,,,,,,,,,,,,,,,,,,,,,,,,,NA,blood.,
PLAYER_POSITIONS,476756,6/26/2026 11:38:11 AM,e7ca1105-8b8f-4dee-a332-17c93bb5c040,2.0,,,,,,,,,,,,,,,,,,,,,,,,,,,,,,,,,,,"(-12.5, 0.4, -4.2)","(-12.6, 0.8, -4.0)","(-12.9, 0.3, -3.7)",
PLAYER_GAZE,476756,6/26/2026 11:38:11 AM,e7ca1105-8b8f-4dee-a332-17c93bb5c040,2.0,,,,,,,,,,,,,,,,,,,,,,,,Military PT 12,,,,,,,,,"(0.3, 0.8, 0.1)",,,"(-12.8, 0.0, -4.1)",
PLAYER_POSITIONS,476756,6/26/2026 11:38:11 AM,e7ca1105-8b8f-4dee-a332-17c93bb5c040,2.0,,,,,,,,,,,,,,,,,,,,,,,,,,,,,,,,,,,"(-12.5, 0.4, -4.2)","(-12.6, 0.8, -4.0)","(-12.9, 0.3, -3.7)",
PLAYER_GAZE,476756,6/26/2026 11:38:11 AM,e7ca1105-8b8f-4dee-a332-17c93bb5c040,2.0,,,,,,,,,,,,,,,,,,,,,,,,Military PT 12,,,,,,,,,"(0.3, 0.8, 0.1)",,,"(-12.8, 0.0, -4.1)",
AUDIO_END,477060,6/26/2026 11:38:11 AM,e7ca1105-8b8f-4dee-a332-17c93bb5c040,2.0,enemy in structure,6.138775,
NARRATIVE_SECTION_END,477060,6/26/2026 11:38:11 AM,e7ca1105-8b8f-4dee-a332-17c93bb5c040,2.0,,,,,,,,,,,,,,,,,,Enemy in structure,52,
NARRATIVE_SECTION_START,477112,6/26/2026 11:38:11 AM,e7ca1105-8b8f-4dee-a332-17c93bb5c040,2.0,,,,,,,,,,,,,,,,,,Cleared hot 2,53,
VOICE_CAPTURE,477215,6/26/2026 11:38:11 AM,e7ca1105-8b8f-4dee-a332-17c93bb5c040,2.0,,,,,,,,,,,,,,,,,,,,,,,,,,,,,,,,,,,,,,,,,,,,,,,,,,,NA,Where's the blood?,
PLAYER_POSITIONS,477269,6/26/2026 11:38:11 AM,e7ca1105-8b8f-4dee-a332-17c93bb5c040,2.0,,,,,,,,,,,,,,,,,,,,,,,,,,,,,,,,,,,"(-12.5, 0.4, -4.2)","(-12.6, 0.8, -3.9)","(-12.9, 0.3, -3.7)",
PLAYER_POSITIONS,477269,6/26/2026 11:38:11 AM,e7ca1105-8b8f-4dee-a332-17c93bb5c040,2.0,,,,,,,,,,,,,,,,,,,,,,,,,,,,,,,,,,,"(-12.5, 0.4, -4.2)","(-12.6, 0.8, -3.9)","(-12.9, 0.3, -3.7)",
VOICE_CAPTURE,477741,6/26/2026 11:38:12 AM,e7ca1105-8b8f-4dee-a332-17c93bb5c040,2.0,,,,,,,,,,,,,,,,,,,,,,,,,,,,,,,,,,,,,,,,,,,,,,,,,,,NA,Where's the blood?,
VOICE_CAPTURE,477741,6/26/2026 11:38:12 AM,e7ca1105-8b8f-4dee-a332-17c93bb5c040,2.0,,,,,,,,,,,,,,,,,,,,,,,,,,,,,,,,,,,,,,,,,,,,,,,,,,,NA,Where's the blood?,
PLAYER_POSITIONS,477769,6/26/2026 11:38:12 AM,e7ca1105-8b8f-4dee-a332-17c93bb5c040,2.0,,,,,,,,,,,,,,,,,,,,,,,,,,,,,,,,,,,"(-12.5, 0.4, -4.2)","(-12.5, 0.8, -4.1)","(-12.8, 0.3, -3.8)",
PLAYER_POSITIONS,477769,6/26/2026 11:38:12 AM,e7ca1105-8b8f-4dee-a332-17c93bb5c040,2.0,,,,,,,,,,,,,,,,,,,,,,,,,,,,,,,,,,,"(-12.5, 0.4, -4.2)","(-12.5, 0.8, -4.1)","(-12.8, 0.3, -3.8)",
AUDIO_START,478109,6/26/2026 11:38:12 AM,e7ca1105-8b8f-4dee-a332-17c93bb5c040,2.0,coming in hot 2,4.075102,
PLAYER_POSITIONS,478283,6/26/2026 11:38:13 AM,e7ca1105-8b8f-4dee-a332-17c93bb5c040,2.0,,,,,,,,,,,,,,,,,,,,,,,,,,,,,,,,,,,"(-12.5, 0.4, -4.2)","(-12.4, 0.8, -4.1)","(-12.9, 0.4, -3.8)",
PLAYER_POSITIONS,478283,6/26/2026 11:38:13 AM,e7ca1105-8b8f-4dee-a332-17c93bb5c040,2.0,,,,,,,,,,,,,,,,,,,,,,,,,,,,,,,,,,,"(-12.5, 0.4, -4.2)","(-12.4, 0.8, -4.1)","(-12.9, 0.4, -3.8)",
BAG_CLOSED,478559,6/26/2026 11:38:13 AM,e7ca1105-8b8f-4dee-a332-17c93bb5c040,2.0,,,,,,,,,,,,,,,,,,,,,,,,,,,,,,,,,,,,"(0.0, 0.0, 0.0)",
PLAYER_POSITIONS,478784,6/26/2026 11:38:13 AM,e7ca1105-8b8f-4dee-a332-17c93bb5c040,2.0,,,,,,,,,,,,,,,,,,,,,,,,,,,,,,,,,,,"(-12.4, 0.4, -4.1)","(-12.3, 0.8, -4.0)","(-12.8, 0.4, -3.7)",
PLAYER_POSITIONS,478784,6/26/2026 11:38:13 AM,e7ca1105-8b8f-4dee-a332-17c93bb5c040,2.0,,,,,,,,,,,,,,,,,,,,,,,,,,,,,,,,,,,"(-12.4, 0.4, -4.1)","(-12.3, 0.8, -4.0)","(-12.8, 0.4, -3.7)",
VOICE_CAPTURE,478881,6/26/2026 11:38:13 AM,e7ca1105-8b8f-4dee-a332-17c93bb5c040,2.0,,,,,,,,,,,,,,,,,,,,,,,,,,,,,,,,,,,,,,,,,,,,,,,,,,,NA,blood? I don't see any blood.,
VOICE_CAPTURE,479232,6/26/2026 11:38:13 AM,e7ca1105-8b8f-4dee-a332-17c93bb5c040,2.0,,,,,,,,,,,,,,,,,,,,,,,,,,,,,,,,,,,,,,,,,,,,,,,,,,,NA,blood? I don't see any blood. I don't see any more blood.,
PLAYER_POSITIONS,479294,6/26/2026 11:38:14 AM,e7ca1105-8b8f-4dee-a332-17c93bb5c040,2.0,,,,,,,,,,,,,,,,,,,,,,,,,,,,,,,,,,,"(-12.1, 0.4, -4.2)","(-12.0, 0.8, -4.2)","(-12.5, 0.4, -3.8)",
PLAYER_POSITIONS,479294,6/26/2026 11:38:14 AM,e7ca1105-8b8f-4dee-a332-17c93bb5c040,2.0,,,,,,,,,,,,,,,,,,,,,,,,,,,,,,,,,,,"(-12.1, 0.4, -4.2)","(-12.0, 0.8, -4.2)","(-12.5, 0.4, -3.8)",
VOICE_CAPTURE,479719,6/26/2026 11:38:14 AM,e7ca1105-8b8f-4dee-a332-17c93bb5c040,2.0,,,,,,,,,,,,,,,,,,,,,,,,,,,,,,,,,,,,,,,,,,,,,,,,,,,NA,blood? I don't see any blood. I don't see any more blood.,
VOICE_CAPTURE,479719,6/26/2026 11:38:14 AM,e7ca1105-8b8f-4dee-a332-17c93bb5c040,2.0,,,,,,,,,,,,,,,,,,,,,,,,,,,,,,,,,,,,,,,,,,,,,,,,,,,NA,blood? I don't see any blood. I don't see any more blood.,
PLAYER_POSITIONS,479801,6/26/2026 11:38:14 AM,e7ca1105-8b8f-4dee-a332-17c93bb5c040,2.0,,,,,,,,,,,,,,,,,,,,,,,,,,,,,,,,,,,"(-12.2, 0.4, -4.4)","(-12.1, 0.8, -4.3)","(-12.4, 0.5, -4.3)",
PLAYER_POSITIONS,479801,6/26/2026 11:38:14 AM,e7ca1105-8b8f-4dee-a332-17c93bb5c040,2.0,,,,,,,,,,,,,,,,,,,,,,,,,,,,,,,,,,,"(-12.2, 0.4, -4.4)","(-12.1, 0.8, -4.3)","(-12.4, 0.5, -4.3)",
PLAYER_POSITIONS,480327,6/26/2026 11:38:15 AM,e7ca1105-8b8f-4dee-a332-17c93bb5c040,2.0,,,,,,,,,,,,,,,,,,,,,,,,,,,,,,,,,,,"(-12.2, 0.4, -4.4)","(-12.2, 0.9, -4.2)","(-12.5, 0.4, -4.3)",
PLAYER_GAZE,480327,6/26/2026 11:38:15 AM,e7ca1105-8b8f-4dee-a332-17c93bb5c040,2.0,,,,,,,,,,,,,,,,,,,,,,,,Military PT 12,,,,,,,,,"(0.6, 0.9, -0.1)",,,"(-12.8, 0.0, -4.1)",
PLAYER_POSITIONS,480327,6/26/2026 11:38:15 AM,e7ca1105-8b8f-4dee-a332-17c93bb5c040,2.0,,,,,,,,,,,,,,,,,,,,,,,,,,,,,,,,,,,"(-12.2, 0.4, -4.4)","(-12.2, 0.9, -4.2)","(-12.5, 0.4, -4.3)",
PLAYER_GAZE,480327,6/26/2026 11:38:15 AM,e7ca1105-8b8f-4dee-a332-17c93bb5c040,2.0,,,,,,,,,,,,,,,,,,,,,,,,Military PT 12,,,,,,,,,"(0.6, 0.9, -0.1)",,,"(-12.8, 0.0, -4.1)",
TOOL_HOVER,480547,6/26/2026 11:38:15 AM,e7ca1105-8b8f-4dee-a332-17c93bb5c040,2.0,,,,,,,,,,,,,,,,,,,,,,,,,,,,,,,,,,,,,,,,,,,,,,996,,Decompression Needle,
TOOL_HOVER,480659,6/26/2026 11:38:15 AM,e7ca1105-8b8f-4dee-a332-17c93bb5c040,2.0,,,,,,,,,,,,,,,,,,,,,,,,,,,,,,,,,,,,,,,,,,,,,,990,,Fentanyl Lollipop,
TOOL_HOVER,480770,6/26/2026 11:38:15 AM,e7ca1105-8b8f-4dee-a332-17c93bb5c040,2.0,,,,,,,,,,,,,,,,,,,,,,,,,,,,,,,,,,,,,,,,,,,,,,996,,Decompression Needle,
PLAYER_POSITIONS,480828,6/26/2026 11:38:15 AM,e7ca1105-8b8f-4dee-a332-17c93bb5c040,2.0,,,,,,,,,,,,,,,,,,,,,,,,,,,,,,,,,,,"(-12.2, 0.4, -4.4)","(-12.3, 0.9, -4.1)","(-12.7, 0.7, -4.0)",
PLAYER_GAZE,480828,6/26/2026 11:38:15 AM,e7ca1105-8b8f-4dee-a332-17c93bb5c040,2.0,,,,,,,,,,,,,,,,,,,,,,,,Military PT 12,,,,,,,,,"(0.6, 0.9, 0.0)",,,"(-12.8, 0.0, -4.1)",
PLAYER_POSITIONS,480828,6/26/2026 11:38:15 AM,e7ca1105-8b8f-4dee-a332-17c93bb5c040,2.0,,,,,,,,,,,,,,,,,,,,,,,,,,,,,,,,,,,"(-12.2, 0.4, -4.4)","(-12.3, 0.9, -4.1)","(-12.7, 0.7, -4.0)",
PLAYER_GAZE,480828,6/26/2026 11:38:15 AM,e7ca1105-8b8f-4dee-a332-17c93bb5c040,2.0,,,,,,,,,,,,,,,,,,,,,,,,Military PT 12,,,,,,,,,"(0.6, 0.9, 0.0)",,,"(-12.8, 0.0, -4.1)",
TOOL_HOVER,480853,6/26/2026 11:38:15 AM,e7ca1105-8b8f-4dee-a332-17c93bb5c040,2.0,,,,,,,,,,,,,,,,,,,,,,,,,,,,,,,,,,,,,,,,,,,,,,990,,Fentanyl Lollipop,
TOOL_SELECTED,480909,6/26/2026 11:38:15 AM,e7ca1105-8b8f-4dee-a332-17c93bb5c040,2.0,,,,,,,,,,,,,,,,,,,,,,,,,,,,,,,,,,,,,,,,,,,,,,989,,Fentanyl Lollipop,
PLAYER_POSITIONS,481349,6/26/2026 11:38:16 AM,e7ca1105-8b8f-4dee-a332-17c93bb5c040,2.0,,,,,,,,,,,,,,,,,,,,,,,,,,,,,,,,,,,"(-12.1, 0.5, -4.4)","(-12.3, 0.9, -4.2)","(-12.5, 0.4, -4.3)",
PLAYER_POSITIONS,481349,6/26/2026 11:38:16 AM,e7ca1105-8b8f-4dee-a332-17c93bb5c040,2.0,,,,,,,,,,,,,,,,,,,,,,,,,,,,,,,,,,,"(-12.1, 0.5, -4.4)","(-12.3, 0.9, -4.2)","(-12.5, 0.4, -4.3)",
VOICE_CAPTURE,481724,6/26/2026 11:38:16 AM,e7ca1105-8b8f-4dee-a332-17c93bb5c040,2.0,,,,,,,,,,,,,,,,,,,,,,,,,,,,,,,,,,,,,,,,,,,,,,,,,,,NA,"All right, well.",
PLAYER_POSITIONS,481863,6/26/2026 11:38:16 AM,e7ca1105-8b8f-4dee-a332-17c93bb5c040,2.0,,,,,,,,,,,,,,,,,,,,,,,,,,,,,,,,,,,"(-11.9, 0.5, -4.3)","(-12.1, 0.7, -4.4)","(-12.2, 0.2, -4.6)",
PLAYER_POSITIONS,481863,6/26/2026 11:38:16 AM,e7ca1105-8b8f-4dee-a332-17c93bb5c040,2.0,,,,,,,,,,,,,,,,,,,,,,,,,,,,,,,,,,,"(-11.9, 0.5, -4.3)","(-12.1, 0.7, -4.4)","(-12.2, 0.2, -4.6)",
INJURY_TREATED,482114,6/26/2026 11:38:16 AM,e7ca1105-8b8f-4dee-a332-17c93bb5c040,2.0,,,,,,,,,head,Unspecified,"(0.0, 0.0, 0.0)",none,1,1,none,True,False,,,,,,,Military PT 12,
TOOL_APPLIED,482114,6/26/2026 11:38:16 AM,e7ca1105-8b8f-4dee-a332-17c93bb5c040,2.0,,,,,,,,,,,,,,,,,,,,,,,,Military PT 12,,,,,,,,,,,,,,,,,,,,AppliedLollipop,Jaw (UnityEngine.GameObject),,Fentanyl Lollipop(Clone) (UnityEngine.GameObject),Fentanyl Lollipop,
AUDIO_END,482196,6/26/2026 11:38:16 AM,e7ca1105-8b8f-4dee-a332-17c93bb5c040,2.0,coming in hot 2,4.075102,
NARRATIVE_SECTION_END,482196,6/26/2026 11:38:16 AM,e7ca1105-8b8f-4dee-a332-17c93bb5c040,2.0,,,,,,,,,,,,,,,,,,Cleared hot 2,53,
NARRATIVE_SECTION_START,482218,6/26/2026 11:38:16 AM,e7ca1105-8b8f-4dee-a332-17c93bb5c040,2.0,,,,,,,,,,,,,,,,,,Jet flyover 2 enable,54,
VOICE_CAPTURE,482224,6/26/2026 11:38:16 AM,e7ca1105-8b8f-4dee-a332-17c93bb5c040,2.0,,,,,,,,,,,,,,,,,,,,,,,,,,,,,,,,,,,,,,,,,,,,,,,,,,,NA,"All right, well.",
VOICE_CAPTURE,482225,6/26/2026 11:38:16 AM,e7ca1105-8b8f-4dee-a332-17c93bb5c040,2.0,,,,,,,,,,,,,,,,,,,,,,,,,,,,,,,,,,,,,,,,,,,,,,,,,,,NA,"All right, well.",
PLAYER_POSITIONS,482376,6/26/2026 11:38:17 AM,e7ca1105-8b8f-4dee-a332-17c93bb5c040,2.0,,,,,,,,,,,,,,,,,,,,,,,,,,,,,,,,,,,"(-11.9, 0.5, -4.3)","(-12.0, 0.7, -4.4)","(-12.1, 0.1, -4.6)",
PLAYER_POSITIONS,482376,6/26/2026 11:38:17 AM,e7ca1105-8b8f-4dee-a332-17c93bb5c040,2.0,,,,,,,,,,,,,,,,,,,,,,,,,,,,,,,,,,,"(-11.9, 0.5, -4.3)","(-12.0, 0.7, -4.4)","(-12.1, 0.1, -4.6)",
VOICE_CAPTURE,482725,6/26/2026 11:38:17 AM,e7ca1105-8b8f-4dee-a332-17c93bb5c040,2.0,,,,,,,,,,,,,,,,,,,,,,,,,,,,,,,,,,,,,,,,,,,,,,,,,,,NA,I heard you.,
PLAYER_POSITIONS,482891,6/26/2026 11:38:17 AM,e7ca1105-8b8f-4dee-a332-17c93bb5c040,2.0,,,,,,,,,,,,,,,,,,,,,,,,,,,,,,,,,,,"(-12.1, 0.5, -4.4)","(-12.1, 0.8, -4.3)","(-12.4, 0.3, -4.2)",
PLAYER_POSITIONS,482891,6/26/2026 11:38:17 AM,e7ca1105-8b8f-4dee-a332-17c93bb5c040,2.0,,,,,,,,,,,,,,,,,,,,,,,,,,,,,,,,,,,"(-12.1, 0.5, -4.4)","(-12.1, 0.8, -4.3)","(-12.4, 0.3, -4.2)",
VOICE_CAPTURE,483226,6/26/2026 11:38:17 AM,e7ca1105-8b8f-4dee-a332-17c93bb5c040,2.0,,,,,,,,,,,,,,,,,,,,,,,,,,,,,,,,,,,,,,,,,,,,,,,,,,,NA,we're just going to go.,
NARRATIVE_SECTION_END,483258,6/26/2026 11:38:17 AM,e7ca1105-8b8f-4dee-a332-17c93bb5c040,2.0,,,,,,,,,,,,,,,,,,Jet flyover 2 enable,54,
NARRATIVE_SECTION_START,483275,6/26/2026 11:38:17 AM,e7ca1105-8b8f-4dee-a332-17c93bb5c040,2.0,,,,,,,,,,,,,,,,,,Jet flyover sound,55,
PLAYER_POSITIONS,483405,6/26/2026 11:38:18 AM,e7ca1105-8b8f-4dee-a332-17c93bb5c040,2.0,,,,,,,,,,,,,,,,,,,,,,,,,,,,,,,,,,,"(-12.1, 0.4, -4.4)","(-12.2, 0.9, -4.2)","(-12.5, 0.6, -4.2)",
PLAYER_GAZE,483405,6/26/2026 11:38:18 AM,e7ca1105-8b8f-4dee-a332-17c93bb5c040,2.0,,,,,,,,,,,,,,,,,,,,,,,,Military PT 12,,,,,,,,,"(0.6, 0.9, -0.1)",,,"(-12.8, 0.0, -4.1)",
PLAYER_POSITIONS,483405,6/26/2026 11:38:18 AM,e7ca1105-8b8f-4dee-a332-17c93bb5c040,2.0,,,,,,,,,,,,,,,,,,,,,,,,,,,,,,,,,,,"(-12.1, 0.4, -4.4)","(-12.2, 0.9, -4.2)","(-12.5, 0.6, -4.2)",
PLAYER_GAZE,483405,6/26/2026 11:38:18 AM,e7ca1105-8b8f-4dee-a332-17c93bb5c040,2.0,,,,,,,,,,,,,,,,,,,,,,,,Military PT 12,,,,,,,,,"(0.6, 0.9, -0.1)",,,"(-12.8, 0.0, -4.1)",
VOICE_CAPTURE,483738,6/26/2026 11:38:18 AM,e7ca1105-8b8f-4dee-a332-17c93bb5c040,2.0,,,,,,,,,,,,,,,,,,,,,,,,,,,,,,,,,,,,,,,,,,,,,,,,,,,NA,we're just going to go like that.,
TOOL_HOVER,483762,6/26/2026 11:38:18 AM,e7ca1105-8b8f-4dee-a332-17c93bb5c040,2.0,,,,,,,,,,,,,,,,,,,,,,,,,,,,,,,,,,,,,,,,,,,,,,996,,Antibiotics,
PLAYER_POSITIONS,483934,6/26/2026 11:38:18 AM,e7ca1105-8b8f-4dee-a332-17c93bb5c040,2.0,,,,,,,,,,,,,,,,,,,,,,,,,,,,,,,,,,,"(-12.1, 0.4, -4.4)","(-12.2, 0.9, -4.2)","(-12.8, 0.7, -4.2)",
PLAYER_GAZE,483934,6/26/2026 11:38:18 AM,e7ca1105-8b8f-4dee-a332-17c93bb5c040,2.0,,,,,,,,,,,,,,,,,,,,,,,,Military PT 12,,,,,,,,,"(0.6, 0.9, -0.1)",,,"(-12.8, 0.0, -4.1)",
PLAYER_POSITIONS,483934,6/26/2026 11:38:18 AM,e7ca1105-8b8f-4dee-a332-17c93bb5c040,2.0,,,,,,,,,,,,,,,,,,,,,,,,,,,,,,,,,,,"(-12.1, 0.4, -4.4)","(-12.2, 0.9, -4.2)","(-12.8, 0.7, -4.2)",
PLAYER_GAZE,483934,6/26/2026 11:38:18 AM,e7ca1105-8b8f-4dee-a332-17c93bb5c040,2.0,,,,,,,,,,,,,,,,,,,,,,,,Military PT 12,,,,,,,,,"(0.6, 0.9, -0.1)",,,"(-12.8, 0.0, -4.1)",
VOICE_CAPTURE,484211,6/26/2026 11:38:18 AM,e7ca1105-8b8f-4dee-a332-17c93bb5c040,2.0,,,,,,,,,,,,,,,,,,,,,,,,,,,,,,,,,,,,,,,,,,,,,,,,,,,NA,we're just going to go like that. We're just going to go like that.,
TOOL_HOVER,484281,6/26/2026 11:38:19 AM,e7ca1105-8b8f-4dee-a332-17c93bb5c040,2.0,,,,,,,,,,,,,,,,,,,,,,,,,,,,,,,,,,,,,,,,,,,,,,996,,Antibiotics,
TOOL_SELECTED,484282,6/26/2026 11:38:19 AM,e7ca1105-8b8f-4dee-a332-17c93bb5c040,2.0,,,,,,,,,,,,,,,,,,,,,,,,,,,,,,,,,,,,,,,,,,,,,,995,,Antibiotics,
PLAYER_POSITIONS,484452,6/26/2026 11:38:19 AM,e7ca1105-8b8f-4dee-a332-17c93bb5c040,2.0,,,,,,,,,,,,,,,,,,,,,,,,,,,,,,,,,,,"(-12.1, 0.5, -4.4)","(-12.2, 0.9, -4.3)","(-12.6, 0.6, -4.4)",
PLAYER_POSITIONS,484452,6/26/2026 11:38:19 AM,e7ca1105-8b8f-4dee-a332-17c93bb5c040,2.0,,,,,,,,,,,,,,,,,,,,,,,,,,,,,,,,,,,"(-12.1, 0.5, -4.4)","(-12.2, 0.9, -4.3)","(-12.6, 0.6, -4.4)",
VOICE_CAPTURE,484702,6/26/2026 11:38:19 AM,e7ca1105-8b8f-4dee-a332-17c93bb5c040,2.0,,,,,,,,,,,,,,,,,,,,,,,,,,,,,,,,,,,,,,,,,,,,,,,,,,,NA,we're just going to go like that. We're just gonna go like that.,
PLAYER_POSITIONS,484979,6/26/2026 11:38:19 AM,e7ca1105-8b8f-4dee-a332-17c93bb5c040,2.0,,,,,,,,,,,,,,,,,,,,,,,,,,,,,,,,,,,"(-12.0, 0.5, -4.4)","(-12.1, 0.7, -4.5)","(-12.2, 0.2, -4.7)",
PLAYER_POSITIONS,484979,6/26/2026 11:38:19 AM,e7ca1105-8b8f-4dee-a332-17c93bb5c040,2.0,,,,,,,,,,,,,,,,,,,,,,,,,,,,,,,,,,,"(-12.0, 0.5, -4.4)","(-12.1, 0.7, -4.5)","(-12.2, 0.2, -4.7)",
VOICE_CAPTURE,485215,6/26/2026 11:38:19 AM,e7ca1105-8b8f-4dee-a332-17c93bb5c040,2.0,,,,,,,,,,,,,,,,,,,,,,,,,,,,,,,,,,,,,,,,,,,,,,,,,,,NA,we're just going to go like that. We're just gonna go like that,
INJURY_TREATED,485243,6/26/2026 11:38:19 AM,e7ca1105-8b8f-4dee-a332-17c93bb5c040,2.0,,,,,,,,,head,Unspecified,"(0.0, 0.0, 0.0)",none,1,1,none,True,False,,,,,,,Military PT 12,
TOOL_APPLIED,485243,6/26/2026 11:38:19 AM,e7ca1105-8b8f-4dee-a332-17c93bb5c040,2.0,,,,,,,,,,,,,,,,,,,,,,,,Military PT 12,,,,,,,,,,,,,,,,,,,,AppliedAntibiotics,Jaw (UnityEngine.GameObject),,null,Antibiotics,
PLAYER_POSITIONS,485492,6/26/2026 11:38:20 AM,e7ca1105-8b8f-4dee-a332-17c93bb5c040,2.0,,,,,,,,,,,,,,,,,,,,,,,,,,,,,,,,,,,"(-12.0, 0.5, -4.4)","(-12.0, 0.7, -4.5)","(-12.2, 0.1, -4.7)",
PLAYER_POSITIONS,485492,6/26/2026 11:38:20 AM,e7ca1105-8b8f-4dee-a332-17c93bb5c040,2.0,,,,,,,,,,,,,,,,,,,,,,,,,,,,,,,,,,,"(-12.0, 0.5, -4.4)","(-12.0, 0.7, -4.5)","(-12.2, 0.1, -4.7)",
VOICE_CAPTURE,485756,6/26/2026 11:38:20 AM,e7ca1105-8b8f-4dee-a332-17c93bb5c040,2.0,,,,,,,,,,,,,,,,,,,,,,,,,,,,,,,,,,,,,,,,,,,,,,,,,,,NA,"we're just going to go like that. We're just gonna go like that like that, you know, get",
PLAYER_POSITIONS,486005,6/26/2026 11:38:20 AM,e7ca1105-8b8f-4dee-a332-17c93bb5c040,2.0,,,,,,,,,,,,,,,,,,,,,,,,,,,,,,,,,,,"(-12.1, 0.5, -4.5)","(-12.2, 0.8, -4.3)","(-12.4, 0.2, -4.2)",
PLAYER_POSITIONS,486005,6/26/2026 11:38:20 AM,e7ca1105-8b8f-4dee-a332-17c93bb5c040,2.0,,,,,,,,,,,,,,,,,,,,,,,,,,,,,,,,,,,"(-12.1, 0.5, -4.5)","(-12.2, 0.8, -4.3)","(-12.4, 0.2, -4.2)",
BAG_CLOSED,486142,6/26/2026 11:38:20 AM,e7ca1105-8b8f-4dee-a332-17c93bb5c040,2.0,,,,,,,,,,,,,,,,,,,,,,,,,,,,,,,,,,,,"(0.0, 0.0, 0.0)",
VOICE_CAPTURE,486284,6/26/2026 11:38:21 AM,e7ca1105-8b8f-4dee-a332-17c93bb5c040,2.0,,,,,,,,,,,,,,,,,,,,,,,,,,,,,,,,,,,,,,,,,,,,,,,,,,,NA,we're just going to go like that. We're just gonna go like that like that so you don't get an eye on it.,
PLAYER_POSITIONS,486534,6/26/2026 11:38:21 AM,e7ca1105-8b8f-4dee-a332-17c93bb5c040,2.0,,,,,,,,,,,,,,,,,,,,,,,,,,,,,,,,,,,"(-12.1, 0.4, -4.3)","(-12.2, 0.8, -4.1)","(-12.4, 0.5, -3.9)",
PLAYER_POSITIONS,486534,6/26/2026 11:38:21 AM,e7ca1105-8b8f-4dee-a332-17c93bb5c040,2.0,,,,,,,,,,,,,,,,,,,,,,,,,,,,,,,,,,,"(-12.1, 0.4, -4.3)","(-12.2, 0.8, -4.1)","(-12.4, 0.5, -3.9)",
VOICE_CAPTURE,486735,6/26/2026 11:38:21 AM,e7ca1105-8b8f-4dee-a332-17c93bb5c040,2.0,,,,,,,,,,,,,,,,,,,,,,,,,,,,,,,,,,,,,,,,,,,,,,,,,,,NA,"we're just going to go like that. We're just gonna go like that like that so you don't get an eye on it. Like that, so you don't get an eye infection.",
PLAYER_POSITIONS,487059,6/26/2026 11:38:21 AM,e7ca1105-8b8f-4dee-a332-17c93bb5c040,2.0,,,,,,,,,,,,,,,,,,,,,,,,,,,,,,,,,,,"(-12.1, 0.4, -3.9)","(-12.1, 1.0, -3.6)","(-12.3, 0.4, -3.6)",
PLAYER_GAZE,487059,6/26/2026 11:38:21 AM,e7ca1105-8b8f-4dee-a332-17c93bb5c040,2.0,,,,,,,,,,,,,,,,,,,,,,,,Civilian PT 8,,,,,,,,,"(3.7, 1.0, -1.7)",,,"(-15.8, 0.0, -1.8)",
PLAYER_POSITIONS,487059,6/26/2026 11:38:21 AM,e7ca1105-8b8f-4dee-a332-17c93bb5c040,2.0,,,,,,,,,,,,,,,,,,,,,,,,,,,,,,,,,,,"(-12.1, 0.4, -3.9)","(-12.1, 1.0, -3.6)","(-12.3, 0.4, -3.6)",
PLAYER_GAZE,487059,6/26/2026 11:38:21 AM,e7ca1105-8b8f-4dee-a332-17c93bb5c040,2.0,,,,,,,,,,,,,,,,,,,,,,,,Civilian PT 8,,,,,,,,,"(3.7, 1.0, -1.7)",,,"(-15.8, 0.0, -1.8)",
VOICE_CAPTURE,487253,6/26/2026 11:38:21 AM,e7ca1105-8b8f-4dee-a332-17c93bb5c040,2.0,,,,,,,,,,,,,,,,,,,,,,,,,,,,,,,,,,,,,,,,,,,,,,,,,,,NA,"we're just going to go like that. We're just gonna go like that like that so you don't get an eye on it. Like that, so you don't get an eye infection.",
VOICE_CAPTURE,487253,6/26/2026 11:38:21 AM,e7ca1105-8b8f-4dee-a332-17c93bb5c040,2.0,,,,,,,,,,,,,,,,,,,,,,,,,,,,,,,,,,,,,,,,,,,,,,,,,,,NA,"we're just going to go like that. We're just gonna go like that like that so you don't get an eye on it. Like that, so you don't get an eye infection.",
AUDIO_START,487281,6/26/2026 11:38:22 AM,e7ca1105-8b8f-4dee-a332-17c93bb5c040,2.0,jet flyover,8.071836,
PLAYER_POSITIONS,487559,6/26/2026 11:38:22 AM,e7ca1105-8b8f-4dee-a332-17c93bb5c040,2.0,,,,,,,,,,,,,,,,,,,,,,,,,,,,,,,,,,,"(-12.2, 0.4, -3.5)","(-12.2, 1.0, -3.2)","(-12.4, 0.4, -3.2)",
PLAYER_GAZE,487559,6/26/2026 11:38:22 AM,e7ca1105-8b8f-4dee-a332-17c93bb5c040,2.0,,,,,,,,,,,,,,,,,,,,,,,,Civilian PT 8,,,,,,,,,"(3.6, 1.0, -1.3)",,,"(-15.8, 0.0, -1.8)",
PLAYER_POSITIONS,487559,6/26/2026 11:38:22 AM,e7ca1105-8b8f-4dee-a332-17c93bb5c040,2.0,,,,,,,,,,,,,,,,,,,,,,,,,,,,,,,,,,,"(-12.2, 0.4, -3.5)","(-12.2, 1.0, -3.2)","(-12.4, 0.4, -3.2)",
PLAYER_GAZE,487559,6/26/2026 11:38:22 AM,e7ca1105-8b8f-4dee-a332-17c93bb5c040,2.0,,,,,,,,,,,,,,,,,,,,,,,,Civilian PT 8,,,,,,,,,"(3.6, 1.0, -1.3)",,,"(-15.8, 0.0, -1.8)",
PLAYER_POSITIONS,488087,6/26/2026 11:38:22 AM,e7ca1105-8b8f-4dee-a332-17c93bb5c040,2.0,,,,,,,,,,,,,,,,,,,,,,,,,,,,,,,,,,,"(-12.2, 0.4, -3.6)","(-12.2, 0.9, -3.4)","(-12.5, 0.4, -3.2)",
PLAYER_POSITIONS,488087,6/26/2026 11:38:22 AM,e7ca1105-8b8f-4dee-a332-17c93bb5c040,2.0,,,,,,,,,,,,,,,,,,,,,,,,,,,,,,,,,,,"(-12.2, 0.4, -3.6)","(-12.2, 0.9, -3.4)","(-12.5, 0.4, -3.2)",
PLAYER_POSITIONS,488615,6/26/2026 11:38:23 AM,e7ca1105-8b8f-4dee-a332-17c93bb5c040,2.0,,,,,,,,,,,,,,,,,,,,,,,,,,,,,,,,,,,"(-12.1, 0.4, -3.7)","(-12.1, 0.9, -3.6)","(-12.3, 0.4, -3.4)",
PLAYER_POSITIONS,488615,6/26/2026 11:38:23 AM,e7ca1105-8b8f-4dee-a332-17c93bb5c040,2.0,,,,,,,,,,,,,,,,,,,,,,,,,,,,,,,,,,,"(-12.1, 0.4, -3.7)","(-12.1, 0.9, -3.6)","(-12.3, 0.4, -3.4)",
PLAYER_POSITIONS,489141,6/26/2026 11:38:23 AM,e7ca1105-8b8f-4dee-a332-17c93bb5c040,2.0,,,,,,,,,,,,,,,,,,,,,,,,,,,,,,,,,,,"(-12.1, 0.4, -4.1)","(-12.1, 0.8, -3.9)","(-12.3, 0.6, -3.9)",
PLAYER_POSITIONS,489141,6/26/2026 11:38:23 AM,e7ca1105-8b8f-4dee-a332-17c93bb5c040,2.0,,,,,,,,,,,,,,,,,,,,,,,,,,,,,,,,,,,"(-12.1, 0.4, -4.1)","(-12.1, 0.8, -3.9)","(-12.3, 0.6, -3.9)",
PLAYER_POSITIONS,489669,6/26/2026 11:38:24 AM,e7ca1105-8b8f-4dee-a332-17c93bb5c040,2.0,,,,,,,,,,,,,,,,,,,,,,,,,,,,,,,,,,,"(-12.1, 0.4, -4.2)","(-12.1, 0.8, -4.0)","(-12.5, 0.4, -4.0)",
PLAYER_POSITIONS,489669,6/26/2026 11:38:24 AM,e7ca1105-8b8f-4dee-a332-17c93bb5c040,2.0,,,,,,,,,,,,,,,,,,,,,,,,,,,,,,,,,,,"(-12.1, 0.4, -4.2)","(-12.1, 0.8, -4.0)","(-12.5, 0.4, -4.0)",
PLAYER_POSITIONS,490185,6/26/2026 11:38:24 AM,e7ca1105-8b8f-4dee-a332-17c93bb5c040,2.0,,,,,,,,,,,,,,,,,,,,,,,,,,,,,,,,,,,"(-12.1, 0.4, -4.2)","(-12.2, 0.8, -3.9)","(-12.5, 0.3, -3.9)",
PLAYER_POSITIONS,490185,6/26/2026 11:38:24 AM,e7ca1105-8b8f-4dee-a332-17c93bb5c040,2.0,,,,,,,,,,,,,,,,,,,,,,,,,,,,,,,,,,,"(-12.1, 0.4, -4.2)","(-12.2, 0.8, -3.9)","(-12.5, 0.3, -3.9)",
PLAYER_POSITIONS,490703,6/26/2026 11:38:25 AM,e7ca1105-8b8f-4dee-a332-17c93bb5c040,2.0,,,,,,,,,,,,,,,,,,,,,,,,,,,,,,,,,,,"(-12.1, 0.4, -4.2)","(-12.2, 0.8, -3.9)","(-12.4, 0.4, -4.0)",
PLAYER_POSITIONS,490703,6/26/2026 11:38:25 AM,e7ca1105-8b8f-4dee-a332-17c93bb5c040,2.0,,,,,,,,,,,,,,,,,,,,,,,,,,,,,,,,,,,"(-12.1, 0.4, -4.2)","(-12.2, 0.8, -3.9)","(-12.4, 0.4, -4.0)",
TAG_SELECTED,490950,6/26/2026 11:38:25 AM,e7ca1105-8b8f-4dee-a332-17c93bb5c040,2.0,,,,,,,,,,,,,,,,,,,,,,,,,,,,,,,,,,,,,,,,,,yellow,
PLAYER_POSITIONS,491232,6/26/2026 11:38:25 AM,e7ca1105-8b8f-4dee-a332-17c93bb5c040,2.0,,,,,,,,,,,,,,,,,,,,,,,,,,,,,,,,,,,"(-12.0, 0.5, -4.1)","(-12.1, 0.8, -4.0)","(-12.2, 0.1, -4.1)",
PLAYER_POSITIONS,491232,6/26/2026 11:38:25 AM,e7ca1105-8b8f-4dee-a332-17c93bb5c040,2.0,,,,,,,,,,,,,,,,,,,,,,,,,,,,,,,,,,,"(-12.0, 0.5, -4.1)","(-12.1, 0.8, -4.0)","(-12.2, 0.1, -4.1)",
TAG_APPLIED,491581,6/26/2026 11:38:26 AM,e7ca1105-8b8f-4dee-a332-17c93bb5c040,2.0,,,,,,,,,,,,,,,,,,,,,,,,Military PT 12,,,,,,,,,,,,,,,,,,yellow,
PLAYER_POSITIONS,491733,6/26/2026 11:38:26 AM,e7ca1105-8b8f-4dee-a332-17c93bb5c040,2.0,,,,,,,,,,,,,,,,,,,,,,,,,,,,,,,,,,,"(-11.8, 0.5, -4.1)","(-12.2, 0.7, -4.1)","(-12.2, -0.1, -4.1)",
PLAYER_POSITIONS,491733,6/26/2026 11:38:26 AM,e7ca1105-8b8f-4dee-a332-17c93bb5c040,2.0,,,,,,,,,,,,,,,,,,,,,,,,,,,,,,,,,,,"(-11.8, 0.5, -4.1)","(-12.2, 0.7, -4.1)","(-12.2, -0.1, -4.1)",
BAG_CLOSED,492119,6/26/2026 11:38:26 AM,e7ca1105-8b8f-4dee-a332-17c93bb5c040,2.0,,,,,,,,,,,,,,,,,,,,,,,,,,,,,,,,,,,,"(0.0, 0.0, 0.0)",
PLAYER_POSITIONS,492247,6/26/2026 11:38:26 AM,e7ca1105-8b8f-4dee-a332-17c93bb5c040,2.0,,,,,,,,,,,,,,,,,,,,,,,,,,,,,,,,,,,"(-12.0, 0.5, -4.0)","(-12.2, 0.9, -3.8)","(-12.3, 0.2, -3.8)",
PLAYER_POSITIONS,492247,6/26/2026 11:38:26 AM,e7ca1105-8b8f-4dee-a332-17c93bb5c040,2.0,,,,,,,,,,,,,,,,,,,,,,,,,,,,,,,,,,,"(-12.0, 0.5, -4.0)","(-12.2, 0.9, -3.8)","(-12.3, 0.2, -3.8)",
PLAYER_POSITIONS,492763,6/26/2026 11:38:27 AM,e7ca1105-8b8f-4dee-a332-17c93bb5c040,2.0,,,,,,,,,,,,,,,,,,,,,,,,,,,,,,,,,,,"(-12.9, 0.4, -3.6)","(-12.8, 1.0, -3.2)","(-13.0, 0.3, -3.1)",
PLAYER_GAZE,492763,6/26/2026 11:38:27 AM,e7ca1105-8b8f-4dee-a332-17c93bb5c040,2.0,,,,,,,,,,,,,,,,,,,,,,,,Civilian PT 8,,,,,,,,,"(3.0, 1.0, -1.4)",,,"(-15.8, 0.0, -1.8)",
PLAYER_POSITIONS,492763,6/26/2026 11:38:27 AM,e7ca1105-8b8f-4dee-a332-17c93bb5c040,2.0,,,,,,,,,,,,,,,,,,,,,,,,,,,,,,,,,,,"(-12.9, 0.4, -3.6)","(-12.8, 1.0, -3.2)","(-13.0, 0.3, -3.1)",
PLAYER_GAZE,492763,6/26/2026 11:38:27 AM,e7ca1105-8b8f-4dee-a332-17c93bb5c040,2.0,,,,,,,,,,,,,,,,,,,,,,,,Civilian PT 8,,,,,,,,,"(3.0, 1.0, -1.4)",,,"(-15.8, 0.0, -1.8)",
PLAYER_POSITIONS,493277,6/26/2026 11:38:28 AM,e7ca1105-8b8f-4dee-a332-17c93bb5c040,2.0,,,,,,,,,,,,,,,,,,,,,,,,,,,,,,,,,,,"(-13.6, 0.4, -3.1)","(-13.5, 1.0, -2.7)","(-13.8, 0.3, -2.6)",
PLAYER_GAZE,493277,6/26/2026 11:38:28 AM,e7ca1105-8b8f-4dee-a332-17c93bb5c040,2.0,,,,,,,,,,,,,,,,,,,,,,,,Civilian PT 8,,,,,,,,,"(2.3, 1.0, -0.9)",,,"(-15.8, 0.0, -1.8)",
PLAYER_POSITIONS,493277,6/26/2026 11:38:28 AM,e7ca1105-8b8f-4dee-a332-17c93bb5c040,2.0,,,,,,,,,,,,,,,,,,,,,,,,,,,,,,,,,,,"(-13.6, 0.4, -3.1)","(-13.5, 1.0, -2.7)","(-13.8, 0.3, -2.6)",
PLAYER_GAZE,493277,6/26/2026 11:38:28 AM,e7ca1105-8b8f-4dee-a332-17c93bb5c040,2.0,,,,,,,,,,,,,,,,,,,,,,,,Civilian PT 8,,,,,,,,,"(2.3, 1.0, -0.9)",,,"(-15.8, 0.0, -1.8)",
PATIENT_DISENGAGED,493634,6/26/2026 11:38:28 AM,e7ca1105-8b8f-4dee-a332-17c93bb5c040,2.0,,,,41.48,,,,,,,,,,,,,,,,normal,100,Infinity,normal,Military PT 12,upset,supine,"(-12.8, -0.1, -4.2)",normal,"(0.0, 0.0, 0.0, 1.0)",normal,DELAYED,still,,,,,,,,,,,,,,,,,41.48,
PATIENT_ENGAGED,493634,6/26/2026 11:38:28 AM,e7ca1105-8b8f-4dee-a332-17c93bb5c040,2.0,,,,0,,,,,,,,,,,,,,,,fast,100,Infinity,normal,Civilian PT 8,upset,sittingGround,"(-15.8, -0.1, -1.8)",fast,"(0.0, 0.4, 0.0, 0.9)",normal,IMMEDIATE,still,,,,,,,,,,,,,,,,,27.99,
PLAYER_POSITIONS,493804,6/26/2026 11:38:28 AM,e7ca1105-8b8f-4dee-a332-17c93bb5c040,2.0,,,,,,,,,,,,,,,,,,,,,,,,,,,,,,,,,,,"(-14.4, 0.4, -2.6)","(-14.3, 0.9, -2.3)","(-14.5, 0.6, -2.0)",
PLAYER_POSITIONS,493804,6/26/2026 11:38:28 AM,e7ca1105-8b8f-4dee-a332-17c93bb5c040,2.0,,,,,,,,,,,,,,,,,,,,,,,,,,,,,,,,,,,"(-14.4, 0.4, -2.6)","(-14.3, 0.9, -2.3)","(-14.5, 0.6, -2.0)",
PLAYER_POSITIONS,494319,6/26/2026 11:38:29 AM,e7ca1105-8b8f-4dee-a332-17c93bb5c040,2.0,,,,,,,,,,,,,,,,,,,,,,,,,,,,,,,,,,,"(-15.2, 0.4, -2.4)","(-15.1, 0.9, -2.1)","(-15.3, 0.6, -1.9)",
PLAYER_GAZE,494319,6/26/2026 11:38:29 AM,e7ca1105-8b8f-4dee-a332-17c93bb5c040,2.0,,,,,,,,,,,,,,,,,,,,,,,,Civilian PT 8,,,,,,,,,"(0.6, 0.9, -0.2)",,,"(-15.8, 0.0, -1.8)",
PLAYER_POSITIONS,494319,6/26/2026 11:38:29 AM,e7ca1105-8b8f-4dee-a332-17c93bb5c040,2.0,,,,,,,,,,,,,,,,,,,,,,,,,,,,,,,,,,,"(-15.2, 0.4, -2.4)","(-15.1, 0.9, -2.1)","(-15.3, 0.6, -1.9)",
PLAYER_GAZE,494319,6/26/2026 11:38:29 AM,e7ca1105-8b8f-4dee-a332-17c93bb5c040,2.0,,,,,,,,,,,,,,,,,,,,,,,,Civilian PT 8,,,,,,,,,"(0.6, 0.9, -0.2)",,,"(-15.8, 0.0, -1.8)",
PLAYER_POSITIONS,494818,6/26/2026 11:38:29 AM,e7ca1105-8b8f-4dee-a332-17c93bb5c040,2.0,,,,,,,,,,,,,,,,,,,,,,,,,,,,,,,,,,,"(-15.2, 0.4, -2.4)","(-15.2, 0.9, -2.0)","(-15.4, 0.3, -1.7)",
PLAYER_GAZE,494819,6/26/2026 11:38:29 AM,e7ca1105-8b8f-4dee-a332-17c93bb5c040,2.0,,,,,,,,,,,,,,,,,,,,,,,,Civilian PT 8,,,,,,,,,"(0.6, 0.9, -0.2)",,,"(-15.8, 0.0, -1.8)",
PLAYER_POSITIONS,494818,6/26/2026 11:38:29 AM,e7ca1105-8b8f-4dee-a332-17c93bb5c040,2.0,,,,,,,,,,,,,,,,,,,,,,,,,,,,,,,,,,,"(-15.2, 0.4, -2.4)","(-15.2, 0.9, -2.0)","(-15.4, 0.3, -1.7)",
PLAYER_GAZE,494819,6/26/2026 11:38:29 AM,e7ca1105-8b8f-4dee-a332-17c93bb5c040,2.0,,,,,,,,,,,,,,,,,,,,,,,,Civilian PT 8,,,,,,,,,"(0.6, 0.9, -0.2)",,,"(-15.8, 0.0, -1.8)",
TAG_SELECTED,495341,6/26/2026 11:38:30 AM,e7ca1105-8b8f-4dee-a332-17c93bb5c040,2.0,,,,,,,,,,,,,,,,,,,,,,,,,,,,,,,,,,,,,,,,,,yellow,
PLAYER_POSITIONS,495345,6/26/2026 11:38:30 AM,e7ca1105-8b8f-4dee-a332-17c93bb5c040,2.0,,,,,,,,,,,,,,,,,,,,,,,,,,,,,,,,,,,"(-15.2, 0.4, -2.4)","(-15.2, 0.9, -2.0)","(-15.4, 0.4, -1.9)",
PLAYER_GAZE,495345,6/26/2026 11:38:30 AM,e7ca1105-8b8f-4dee-a332-17c93bb5c040,2.0,,,,,,,,,,,,,,,,,,,,,,,,Civilian PT 8,,,,,,,,,"(0.6, 0.9, -0.2)",,,"(-15.8, 0.0, -1.8)",
PLAYER_POSITIONS,495345,6/26/2026 11:38:30 AM,e7ca1105-8b8f-4dee-a332-17c93bb5c040,2.0,,,,,,,,,,,,,,,,,,,,,,,,,,,,,,,,,,,"(-15.2, 0.4, -2.4)","(-15.2, 0.9, -2.0)","(-15.4, 0.4, -1.9)",
PLAYER_GAZE,495345,6/26/2026 11:38:30 AM,e7ca1105-8b8f-4dee-a332-17c93bb5c040,2.0,,,,,,,,,,,,,,,,,,,,,,,,Civilian PT 8,,,,,,,,,"(0.6, 0.9, -0.2)",,,"(-15.8, 0.0, -1.8)",
AUDIO_END,495373,6/26/2026 11:38:30 AM,e7ca1105-8b8f-4dee-a332-17c93bb5c040,2.0,jet flyover,8.071836,
NARRATIVE_SECTION_END,495373,6/26/2026 11:38:30 AM,e7ca1105-8b8f-4dee-a332-17c93bb5c040,2.0,,,,,,,,,,,,,,,,,,Jet flyover sound,55,
NARRATIVE_SECTION_START,495423,6/26/2026 11:38:30 AM,e7ca1105-8b8f-4dee-a332-17c93bb5c040,2.0,,,,,,,,,,,,,,,,,,Distant Explosion,56,
PLAYER_POSITIONS,495872,6/26/2026 11:38:30 AM,e7ca1105-8b8f-4dee-a332-17c93bb5c040,2.0,,,,,,,,,,,,,,,,,,,,,,,,,,,,,,,,,,,"(-15.2, 0.4, -2.4)","(-15.2, 0.9, -2.0)","(-15.4, 0.4, -1.9)",
PLAYER_GAZE,495872,6/26/2026 11:38:30 AM,e7ca1105-8b8f-4dee-a332-17c93bb5c040,2.0,,,,,,,,,,,,,,,,,,,,,,,,Civilian PT 8,,,,,,,,,"(0.6, 0.9, -0.2)",,,"(-15.8, 0.0, -1.8)",
PLAYER_POSITIONS,495872,6/26/2026 11:38:30 AM,e7ca1105-8b8f-4dee-a332-17c93bb5c040,2.0,,,,,,,,,,,,,,,,,,,,,,,,,,,,,,,,,,,"(-15.2, 0.4, -2.4)","(-15.2, 0.9, -2.0)","(-15.4, 0.4, -1.9)",
PLAYER_GAZE,495872,6/26/2026 11:38:30 AM,e7ca1105-8b8f-4dee-a332-17c93bb5c040,2.0,,,,,,,,,,,,,,,,,,,,,,,,Civilian PT 8,,,,,,,,,"(0.6, 0.9, -0.2)",,,"(-15.8, 0.0, -1.8)",
TAG_DISCARDED,496092,6/26/2026 11:38:30 AM,e7ca1105-8b8f-4dee-a332-17c93bb5c040,2.0,,,,,,,,,,,,,,,,,,,,,,,,,,,,,,,,,,,,"(-15.3, 0.3, -1.9)",,,,,,yellow,
PLAYER_POSITIONS,496400,6/26/2026 11:38:31 AM,e7ca1105-8b8f-4dee-a332-17c93bb5c040,2.0,,,,,,,,,,,,,,,,,,,,,,,,,,,,,,,,,,,"(-15.2, 0.4, -2.4)","(-15.2, 0.9, -2.0)","(-15.4, 0.4, -1.9)",
PLAYER_GAZE,496400,6/26/2026 11:38:31 AM,e7ca1105-8b8f-4dee-a332-17c93bb5c040,2.0,,,,,,,,,,,,,,,,,,,,,,,,Civilian PT 8,,,,,,,,,"(0.6, 0.9, -0.2)",,,"(-15.8, 0.0, -1.8)",
PLAYER_POSITIONS,496400,6/26/2026 11:38:31 AM,e7ca1105-8b8f-4dee-a332-17c93bb5c040,2.0,,,,,,,,,,,,,,,,,,,,,,,,,,,,,,,,,,,"(-15.2, 0.4, -2.4)","(-15.2, 0.9, -2.0)","(-15.4, 0.4, -1.9)",
PLAYER_GAZE,496400,6/26/2026 11:38:31 AM,e7ca1105-8b8f-4dee-a332-17c93bb5c040,2.0,,,,,,,,,,,,,,,,,,,,,,,,Civilian PT 8,,,,,,,,,"(0.6, 0.9, -0.2)",,,"(-15.8, 0.0, -1.8)",
AUDIO_START,496427,6/26/2026 11:38:31 AM,e7ca1105-8b8f-4dee-a332-17c93bb5c040,2.0,distant explosion,4.675919,
TAG_SELECTED,496480,6/26/2026 11:38:31 AM,e7ca1105-8b8f-4dee-a332-17c93bb5c040,2.0,,,,,,,,,,,,,,,,,,,,,,,,,,,,,,,,,,,,,,,,,,red,
PLAYER_POSITIONS,496928,6/26/2026 11:38:31 AM,e7ca1105-8b8f-4dee-a332-17c93bb5c040,2.0,,,,,,,,,,,,,,,,,,,,,,,,,,,,,,,,,,,"(-15.2, 0.4, -2.4)","(-15.3, 0.9, -2.0)","(-15.6, 0.3, -2.0)",
PLAYER_POSITIONS,496928,6/26/2026 11:38:31 AM,e7ca1105-8b8f-4dee-a332-17c93bb5c040,2.0,,,,,,,,,,,,,,,,,,,,,,,,,,,,,,,,,,,"(-15.2, 0.4, -2.4)","(-15.3, 0.9, -2.0)","(-15.6, 0.3, -2.0)",
TAG_APPLIED,497184,6/26/2026 11:38:31 AM,e7ca1105-8b8f-4dee-a332-17c93bb5c040,2.0,,,,,,,,,,,,,,,,,,,,,,,,Civilian PT 8,,,,,,,,,,,,,,,,,,red,
PLAYER_POSITIONS,497427,6/26/2026 11:38:32 AM,e7ca1105-8b8f-4dee-a332-17c93bb5c040,2.0,,,,,,,,,,,,,,,,,,,,,,,,,,,,,,,,,,,"(-15.1, 0.4, -2.4)","(-15.3, 0.9, -2.0)","(-15.7, 0.3, -2.0)",
PLAYER_POSITIONS,497427,6/26/2026 11:38:32 AM,e7ca1105-8b8f-4dee-a332-17c93bb5c040,2.0,,,,,,,,,,,,,,,,,,,,,,,,,,,,,,,,,,,"(-15.1, 0.4, -2.4)","(-15.3, 0.9, -2.0)","(-15.7, 0.3, -2.0)",
BAG_CLOSED,497725,6/26/2026 11:38:32 AM,e7ca1105-8b8f-4dee-a332-17c93bb5c040,2.0,,,,,,,,,,,,,,,,,,,,,,,,,,,,,,,,,,,,"(0.0, 0.0, 0.0)",
PLAYER_POSITIONS,497949,6/26/2026 11:38:32 AM,e7ca1105-8b8f-4dee-a332-17c93bb5c040,2.0,,,,,,,,,,,,,,,,,,,,,,,,,,,,,,,,,,,"(-15.1, 0.4, -2.2)","(-15.1, 0.9, -1.8)","(-15.3, 0.3, -1.8)",
PLAYER_GAZE,497949,6/26/2026 11:38:32 AM,e7ca1105-8b8f-4dee-a332-17c93bb5c040,2.0,,,,,,,,,,,,,,,,,,,,,,,,Civilian PT 7,,,,,,,,,"(2.5, 0.9, -1.7)",,,"(-17.6, 0.0, -0.1)",
PLAYER_POSITIONS,497949,6/26/2026 11:38:32 AM,e7ca1105-8b8f-4dee-a332-17c93bb5c040,2.0,,,,,,,,,,,,,,,,,,,,,,,,,,,,,,,,,,,"(-15.1, 0.4, -2.2)","(-15.1, 0.9, -1.8)","(-15.3, 0.3, -1.8)",
PLAYER_GAZE,497949,6/26/2026 11:38:32 AM,e7ca1105-8b8f-4dee-a332-17c93bb5c040,2.0,,,,,,,,,,,,,,,,,,,,,,,,Civilian PT 7,,,,,,,,,"(2.5, 0.9, -1.7)",,,"(-17.6, 0.0, -0.1)",
PLAYER_POSITIONS,498463,6/26/2026 11:38:33 AM,e7ca1105-8b8f-4dee-a332-17c93bb5c040,2.0,,,,,,,,,,,,,,,,,,,,,,,,,,,,,,,,,,,"(-14.9, 0.4, -2.0)","(-14.8, 1.0, -1.7)","(-15.0, 0.3, -1.5)",
PLAYER_POSITIONS,498463,6/26/2026 11:38:33 AM,e7ca1105-8b8f-4dee-a332-17c93bb5c040,2.0,,,,,,,,,,,,,,,,,,,,,,,,,,,,,,,,,,,"(-14.9, 0.4, -2.0)","(-14.8, 1.0, -1.7)","(-15.0, 0.3, -1.5)",
PLAYER_POSITIONS,498978,6/26/2026 11:38:33 AM,e7ca1105-8b8f-4dee-a332-17c93bb5c040,2.0,,,,,,,,,,,,,,,,,,,,,,,,,,,,,,,,,,,"(-14.8, 0.4, -1.6)","(-14.6, 1.0, -1.4)","(-15.0, 0.3, -1.4)",
PLAYER_GAZE,498978,6/26/2026 11:38:33 AM,e7ca1105-8b8f-4dee-a332-17c93bb5c040,2.0,,,,,,,,,,,,,,,,,,,,,,,,Military PT 4,,,,,,,,,"(-3.5, 1.0, 3.4)",,,"(-11.1, 0.0, -4.7)",
PLAYER_POSITIONS,498978,6/26/2026 11:38:33 AM,e7ca1105-8b8f-4dee-a332-17c93bb5c040,2.0,,,,,,,,,,,,,,,,,,,,,,,,,,,,,,,,,,,"(-14.8, 0.4, -1.6)","(-14.6, 1.0, -1.4)","(-15.0, 0.3, -1.4)",
PLAYER_GAZE,498978,6/26/2026 11:38:33 AM,e7ca1105-8b8f-4dee-a332-17c93bb5c040,2.0,,,,,,,,,,,,,,,,,,,,,,,,Military PT 4,,,,,,,,,"(-3.5, 1.0, 3.4)",,,"(-11.1, 0.0, -4.7)",
PLAYER_POSITIONS,499506,6/26/2026 11:38:34 AM,e7ca1105-8b8f-4dee-a332-17c93bb5c040,2.0,,,,,,,,,,,,,,,,,,,,,,,,,,,,,,,,,,,"(-14.3, 0.4, -1.7)","(-14.2, 1.0, -1.4)","(-14.6, 0.3, -1.5)",
PLAYER_POSITIONS,499506,6/26/2026 11:38:34 AM,e7ca1105-8b8f-4dee-a332-17c93bb5c040,2.0,,,,,,,,,,,,,,,,,,,,,,,,,,,,,,,,,,,"(-14.3, 0.4, -1.7)","(-14.2, 1.0, -1.4)","(-14.6, 0.3, -1.5)",
VOICE_CAPTURE,499758,6/26/2026 11:38:34 AM,e7ca1105-8b8f-4dee-a332-17c93bb5c040,2.0,,,,,,,,,,,,,,,,,,,,,,,,,,,,,,,,,,,,,,,,,,,,,,,,,,,NA,Bye!,
PLAYER_POSITIONS,500010,6/26/2026 11:38:34 AM,e7ca1105-8b8f-4dee-a332-17c93bb5c040,2.0,,,,,,,,,,,,,,,,,,,,,,,,,,,,,,,,,,,"(-14.1, 0.5, -1.7)","(-13.9, 1.0, -1.5)","(-14.4, 0.4, -1.6)",
PLAYER_POSITIONS,500010,6/26/2026 11:38:34 AM,e7ca1105-8b8f-4dee-a332-17c93bb5c040,2.0,,,,,,,,,,,,,,,,,,,,,,,,,,,,,,,,,,,"(-14.1, 0.5, -1.7)","(-13.9, 1.0, -1.5)","(-14.4, 0.4, -1.6)",
VOICE_CAPTURE,500191,6/26/2026 11:38:34 AM,e7ca1105-8b8f-4dee-a332-17c93bb5c040,2.0,,,,,,,,,,,,,,,,,,,,,,,,,,,,,,,,,,,,,,,,,,,,,,,,,,,NA,Bye.,
PATIENT_DISENGAGED,500298,6/26/2026 11:38:35 AM,e7ca1105-8b8f-4dee-a332-17c93bb5c040,2.0,,,,6.66,,,,,,,,,,,,,,,,fast,100,Infinity,normal,Civilian PT 8,upset,sittingGround,"(-15.8, -0.1, -1.8)",fast,"(0.0, 0.4, 0.0, 0.9)",normal,IMMEDIATE,still,,,,,,,,,,,,,,,,,34.65,
PLAYER_POSITIONS,500523,6/26/2026 11:38:35 AM,e7ca1105-8b8f-4dee-a332-17c93bb5c040,2.0,,,,,,,,,,,,,,,,,,,,,,,,,,,,,,,,,,,"(-13.4, 0.4, -2.1)","(-13.2, 0.9, -1.8)","(-13.6, 0.4, -2.0)",
PLAYER_POSITIONS,500523,6/26/2026 11:38:35 AM,e7ca1105-8b8f-4dee-a332-17c93bb5c040,2.0,,,,,,,,,,,,,,,,,,,,,,,,,,,,,,,,,,,"(-13.4, 0.4, -2.1)","(-13.2, 0.9, -1.8)","(-13.6, 0.4, -2.0)",
VOICE_CAPTURE,500718,6/26/2026 11:38:35 AM,e7ca1105-8b8f-4dee-a332-17c93bb5c040,2.0,,,,,,,,,,,,,,,,,,,,,,,,,,,,,,,,,,,,,,,,,,,,,,,,,,,NA,Bye.,
PLAYER_POSITIONS,501056,6/26/2026 11:38:35 AM,e7ca1105-8b8f-4dee-a332-17c93bb5c040,2.0,,,,,,,,,,,,,,,,,,,,,,,,,,,,,,,,,,,"(-12.8, 0.4, -2.8)","(-12.6, 0.9, -2.5)","(-13.0, 0.4, -2.7)",
PLAYER_POSITIONS,501056,6/26/2026 11:38:35 AM,e7ca1105-8b8f-4dee-a332-17c93bb5c040,2.0,,,,,,,,,,,,,,,,,,,,,,,,,,,,,,,,,,,"(-12.8, 0.4, -2.8)","(-12.6, 0.9, -2.5)","(-13.0, 0.4, -2.7)",
AUDIO_END,501106,6/26/2026 11:38:35 AM,e7ca1105-8b8f-4dee-a332-17c93bb5c040,2.0,distant explosion,4.675919,
NARRATIVE_SECTION_END,501106,6/26/2026 11:38:35 AM,e7ca1105-8b8f-4dee-a332-17c93bb5c040,2.0,,,,,,,,,,,,,,,,,,Distant Explosion,56,
NARRATIVE_SECTION_START,501130,6/26/2026 11:38:35 AM,e7ca1105-8b8f-4dee-a332-17c93bb5c040,2.0,,,,,,,,,,,,,,,,,,Hostiles are retreating good hits,57,
VOICE_CAPTURE,501246,6/26/2026 11:38:35 AM,e7ca1105-8b8f-4dee-a332-17c93bb5c040,2.0,,,,,,,,,,,,,,,,,,,,,,,,,,,,,,,,,,,,,,,,,,,,,,,,,,,NA,Bye.,
PLAYER_POSITIONS,501578,6/26/2026 11:38:36 AM,e7ca1105-8b8f-4dee-a332-17c93bb5c040,2.0,,,,,,,,,,,,,,,,,,,,,,,,,,,,,,,,,,,"(-11.9, 0.4, -2.9)","(-11.7, 0.9, -2.7)","(-12.1, 0.4, -2.8)",
PLAYER_POSITIONS,501578,6/26/2026 11:38:36 AM,e7ca1105-8b8f-4dee-a332-17c93bb5c040,2.0,,,,,,,,,,,,,,,,,,,,,,,,,,,,,,,,,,,"(-11.9, 0.4, -2.9)","(-11.7, 0.9, -2.7)","(-12.1, 0.4, -2.8)",
VOICE_CAPTURE,501718,6/26/2026 11:38:36 AM,e7ca1105-8b8f-4dee-a332-17c93bb5c040,2.0,,,,,,,,,,,,,,,,,,,,,,,,,,,,,,,,,,,,,,,,,,,,,,,,,,,NA,Bye. I label you,
PLAYER_POSITIONS,502106,6/26/2026 11:38:36 AM,e7ca1105-8b8f-4dee-a332-17c93bb5c040,2.0,,,,,,,,,,,,,,,,,,,,,,,,,,,,,,,,,,,"(-11.1, 0.4, -2.8)","(-10.9, 0.9, -2.6)","(-11.4, 0.4, -2.7)",
PLAYER_POSITIONS,502106,6/26/2026 11:38:36 AM,e7ca1105-8b8f-4dee-a332-17c93bb5c040,2.0,,,,,,,,,,,,,,,,,,,,,,,,,,,,,,,,,,,"(-11.1, 0.4, -2.8)","(-10.9, 0.9, -2.6)","(-11.4, 0.4, -2.7)",
VOICE_CAPTURE,502246,6/26/2026 11:38:36 AM,e7ca1105-8b8f-4dee-a332-17c93bb5c040,2.0,,,,,,,,,,,,,,,,,,,,,,,,,,,,,,,,,,,,,,,,,,,,,,,,,,,NA,Bye. I label you.,
PATIENT_ENGAGED,502381,6/26/2026 11:38:37 AM,e7ca1105-8b8f-4dee-a332-17c93bb5c040,2.0,,,,0,,,,,,,,,,,,,,,,none,100,Infinity,none,Military PT 10,dead,fetal,"(-9.6, -0.1, -2.9)",none,"(0.0, -0.6, 0.0, 0.8)",none,EXPECTANT,still,,,,,,,,,,,,,,,,,6.47,
PLAYER_POSITIONS,502634,6/26/2026 11:38:37 AM,e7ca1105-8b8f-4dee-a332-17c93bb5c040,2.0,,,,,,,,,,,,,,,,,,,,,,,,,,,,,,,,,,,"(-11.0, 0.4, -2.9)","(-10.8, 0.9, -2.7)","(-11.3, 0.4, -2.8)",
PLAYER_POSITIONS,502634,6/26/2026 11:38:37 AM,e7ca1105-8b8f-4dee-a332-17c93bb5c040,2.0,,,,,,,,,,,,,,,,,,,,,,,,,,,,,,,,,,,"(-11.0, 0.4, -2.9)","(-10.8, 0.9, -2.7)","(-11.3, 0.4, -2.8)",
VOICE_CAPTURE,502716,6/26/2026 11:38:37 AM,e7ca1105-8b8f-4dee-a332-17c93bb5c040,2.0,,,,,,,,,,,,,,,,,,,,,,,,,,,,,,,,,,,,,,,,,,,,,,,,,,,NA,Bye. I label you.,
VOICE_CAPTURE,502716,6/26/2026 11:38:37 AM,e7ca1105-8b8f-4dee-a332-17c93bb5c040,2.0,,,,,,,,,,,,,,,,,,,,,,,,,,,,,,,,,,,,,,,,,,,,,,,,,,,NA,Bye. I label you.,
PLAYER_POSITIONS,503158,6/26/2026 11:38:37 AM,e7ca1105-8b8f-4dee-a332-17c93bb5c040,2.0,,,,,,,,,,,,,,,,,,,,,,,,,,,,,,,,,,,"(-11.0, 0.4, -2.9)","(-10.9, 0.9, -2.8)","(-11.3, 0.4, -2.7)",
PLAYER_POSITIONS,503158,6/26/2026 11:38:37 AM,e7ca1105-8b8f-4dee-a332-17c93bb5c040,2.0,,,,,,,,,,,,,,,,,,,,,,,,,,,,,,,,,,,"(-11.0, 0.4, -2.9)","(-10.9, 0.9, -2.8)","(-11.3, 0.4, -2.7)",
PLAYER_POSITIONS,503700,6/26/2026 11:38:38 AM,e7ca1105-8b8f-4dee-a332-17c93bb5c040,2.0,,,,,,,,,,,,,,,,,,,,,,,,,,,,,,,,,,,"(-11.0, 0.5, -2.8)","(-10.9, 1.3, -2.6)","(-11.2, 0.7, -2.6)",
PLAYER_POSITIONS,503700,6/26/2026 11:38:38 AM,e7ca1105-8b8f-4dee-a332-17c93bb5c040,2.0,,,,,,,,,,,,,,,,,,,,,,,,,,,,,,,,,,,"(-11.0, 0.5, -2.8)","(-10.9, 1.3, -2.6)","(-11.2, 0.7, -2.6)",
VOICE_CAPTURE,503744,6/26/2026 11:38:38 AM,e7ca1105-8b8f-4dee-a332-17c93bb5c040,2.0,,,,,,,,,,,,,,,,,,,,,,,,,,,,,,,,,,,,,,,,,,,,,,,,,,,NA,you? I did.,
AUDIO_START,504125,6/26/2026 11:38:38 AM,e7ca1105-8b8f-4dee-a332-17c93bb5c040,2.0,hostiles are retreating good hits,3.108572,
PLAYER_POSITIONS,504218,6/26/2026 11:38:38 AM,e7ca1105-8b8f-4dee-a332-17c93bb5c040,2.0,,,,,,,,,,,,,,,,,,,,,,,,,,,,,,,,,,,"(-11.1, 0.7, -2.8)","(-10.9, 1.4, -2.4)","(-11.0, 0.7, -2.1)",
PLAYER_POSITIONS,504218,6/26/2026 11:38:38 AM,e7ca1105-8b8f-4dee-a332-17c93bb5c040,2.0,,,,,,,,,,,,,,,,,,,,,,,,,,,,,,,,,,,"(-11.1, 0.7, -2.8)","(-10.9, 1.4, -2.4)","(-11.0, 0.7, -2.1)",
VOICE_CAPTURE,504246,6/26/2026 11:38:38 AM,e7ca1105-8b8f-4dee-a332-17c93bb5c040,2.0,,,,,,,,,,,,,,,,,,,,,,,,,,,,,,,,,,,,,,,,,,,,,,,,,,,NA,you? I did. I did.,
PLAYER_POSITIONS,504744,6/26/2026 11:38:39 AM,e7ca1105-8b8f-4dee-a332-17c93bb5c040,2.0,,,,,,,,,,,,,,,,,,,,,,,,,,,,,,,,,,,"(-11.3, 0.7, -2.5)","(-11.1, 1.4, -2.3)","(-10.8, 0.6, -2.0)",
PLAYER_POSITIONS,504744,6/26/2026 11:38:39 AM,e7ca1105-8b8f-4dee-a332-17c93bb5c040,2.0,,,,,,,,,,,,,,,,,,,,,,,,,,,,,,,,,,,"(-11.3, 0.7, -2.5)","(-11.1, 1.4, -2.3)","(-10.8, 0.6, -2.0)",
VOICE_CAPTURE,504744,6/26/2026 11:38:39 AM,e7ca1105-8b8f-4dee-a332-17c93bb5c040,2.0,,,,,,,,,,,,,,,,,,,,,,,,,,,,,,,,,,,,,,,,,,,,,,,,,,,NA,you? I did. I did.,
VOICE_CAPTURE,504744,6/26/2026 11:38:39 AM,e7ca1105-8b8f-4dee-a332-17c93bb5c040,2.0,,,,,,,,,,,,,,,,,,,,,,,,,,,,,,,,,,,,,,,,,,,,,,,,,,,NA,you? I did. I did.,
PATIENT_DISENGAGED,504992,6/26/2026 11:38:39 AM,e7ca1105-8b8f-4dee-a332-17c93bb5c040,2.0,,,,2.61,,,,,,,,,,,,,,,,none,100,Infinity,none,Military PT 10,dead,fetal,"(-9.6, -0.1, -2.9)",none,"(0.0, -0.6, 0.0, 0.8)",none,EXPECTANT,still,,,,,,,,,,,,,,,,,9.08,
PLAYER_POSITIONS,505258,6/26/2026 11:38:39 AM,e7ca1105-8b8f-4dee-a332-17c93bb5c040,2.0,,,,,,,,,,,,,,,,,,,,,,,,,,,,,,,,,,,"(-12.1, 0.7, -1.8)","(-11.8, 1.4, -1.7)","(-11.6, 0.7, -1.4)",
PLAYER_POSITIONS,505258,6/26/2026 11:38:39 AM,e7ca1105-8b8f-4dee-a332-17c93bb5c040,2.0,,,,,,,,,,,,,,,,,,,,,,,,,,,,,,,,,,,"(-12.1, 0.7, -1.8)","(-11.8, 1.4, -1.7)","(-11.6, 0.7, -1.4)",
PLAYER_POSITIONS,505772,6/26/2026 11:38:40 AM,e7ca1105-8b8f-4dee-a332-17c93bb5c040,2.0,,,,,,,,,,,,,,,,,,,,,,,,,,,,,,,,,,,"(-12.4, 0.7, -0.9)","(-12.1, 1.4, -0.8)","(-11.9, 0.7, -0.6)",
PLAYER_POSITIONS,505772,6/26/2026 11:38:40 AM,e7ca1105-8b8f-4dee-a332-17c93bb5c040,2.0,,,,,,,,,,,,,,,,,,,,,,,,,,,,,,,,,,,"(-12.4, 0.7, -0.9)","(-12.1, 1.4, -0.8)","(-11.9, 0.7, -0.6)",
PLAYER_POSITIONS,506300,6/26/2026 11:38:41 AM,e7ca1105-8b8f-4dee-a332-17c93bb5c040,2.0,,,,,,,,,,,,,,,,,,,,,,,,,,,,,,,,,,,"(-12.7, 0.7, 0.0)","(-12.3, 1.4, 0.1)","(-12.1, 0.7, 0.3)",
PLAYER_GAZE,506300,6/26/2026 11:38:41 AM,e7ca1105-8b8f-4dee-a332-17c93bb5c040,2.0,,,,,,,,,,,,,,,,,,,,,,,,Military PT 2,,,,,,,,,"(-0.3, 1.4, -1.0)",,,"(-12.0, 0.0, 1.1)",
PLAYER_POSITIONS,506300,6/26/2026 11:38:41 AM,e7ca1105-8b8f-4dee-a332-17c93bb5c040,2.0,,,,,,,,,,,,,,,,,,,,,,,,,,,,,,,,,,,"(-12.7, 0.7, 0.0)","(-12.3, 1.4, 0.1)","(-12.1, 0.7, 0.3)",
PLAYER_GAZE,506300,6/26/2026 11:38:41 AM,e7ca1105-8b8f-4dee-a332-17c93bb5c040,2.0,,,,,,,,,,,,,,,,,,,,,,,,Military PT 2,,,,,,,,,"(-0.3, 1.4, -1.0)",,,"(-12.0, 0.0, 1.1)",
PLAYER_POSITIONS,506826,6/26/2026 11:38:41 AM,e7ca1105-8b8f-4dee-a332-17c93bb5c040,2.0,,,,,,,,,,,,,,,,,,,,,,,,,,,,,,,,,,,"(-13.1, 0.7, 0.9)","(-12.7, 1.4, 0.9)","(-12.5, 0.7, 1.1)",
PLAYER_POSITIONS,506826,6/26/2026 11:38:41 AM,e7ca1105-8b8f-4dee-a332-17c93bb5c040,2.0,,,,,,,,,,,,,,,,,,,,,,,,,,,,,,,,,,,"(-13.1, 0.7, 0.9)","(-12.7, 1.4, 0.9)","(-12.5, 0.7, 1.1)",
AUDIO_END,507229,6/26/2026 11:38:41 AM,e7ca1105-8b8f-4dee-a332-17c93bb5c040,2.0,hostiles are retreating good hits,3.108572,
NARRATIVE_SECTION_END,507229,6/26/2026 11:38:41 AM,e7ca1105-8b8f-4dee-a332-17c93bb5c040,2.0,,,,,,,,,,,,,,,,,,Hostiles are retreating good hits,57,
NARRATIVE_SECTION_START,507281,6/26/2026 11:38:42 AM,e7ca1105-8b8f-4dee-a332-17c93bb5c040,2.0,,,,,,,,,,,,,,,,,,Bravo taking sustained fire,58,
PLAYER_POSITIONS,507342,6/26/2026 11:38:42 AM,e7ca1105-8b8f-4dee-a332-17c93bb5c040,2.0,,,,,,,,,,,,,,,,,,,,,,,,,,,,,,,,,,,"(-13.2, 0.7, 1.4)","(-12.7, 1.4, 1.3)","(-12.5, 0.7, 1.5)",
PLAYER_POSITIONS,507342,6/26/2026 11:38:42 AM,e7ca1105-8b8f-4dee-a332-17c93bb5c040,2.0,,,,,,,,,,,,,,,,,,,,,,,,,,,,,,,,,,,"(-13.2, 0.7, 1.4)","(-12.7, 1.4, 1.3)","(-12.5, 0.7, 1.5)",
PLAYER_POSITIONS,507857,6/26/2026 11:38:42 AM,e7ca1105-8b8f-4dee-a332-17c93bb5c040,2.0,,,,,,,,,,,,,,,,,,,,,,,,,,,,,,,,,,,"(-12.8, 0.7, 1.8)","(-12.4, 1.4, 1.6)","(-12.2, 0.7, 1.6)",
PLAYER_POSITIONS,507857,6/26/2026 11:38:42 AM,e7ca1105-8b8f-4dee-a332-17c93bb5c040,2.0,,,,,,,,,,,,,,,,,,,,,,,,,,,,,,,,,,,"(-12.8, 0.7, 1.8)","(-12.4, 1.4, 1.6)","(-12.2, 0.7, 1.6)",
PLAYER_POSITIONS,508368,6/26/2026 11:38:43 AM,e7ca1105-8b8f-4dee-a332-17c93bb5c040,2.0,,,,,,,,,,,,,,,,,,,,,,,,,,,,,,,,,,,"(-12.5, 0.7, 2.7)","(-12.2, 1.4, 2.5)","(-11.9, 0.8, 2.5)",
PLAYER_GAZE,508368,6/26/2026 11:38:43 AM,e7ca1105-8b8f-4dee-a332-17c93bb5c040,2.0,,,,,,,,,,,,,,,,,,,,,,,,Military PT 6,,,,,,,,,"(-2.1, 1.4, -2.8)",,,"(-10.1, 0.0, 5.2)",
PLAYER_POSITIONS,508368,6/26/2026 11:38:43 AM,e7ca1105-8b8f-4dee-a332-17c93bb5c040,2.0,,,,,,,,,,,,,,,,,,,,,,,,,,,,,,,,,,,"(-12.5, 0.7, 2.7)","(-12.2, 1.4, 2.5)","(-11.9, 0.8, 2.5)",
PLAYER_GAZE,508368,6/26/2026 11:38:43 AM,e7ca1105-8b8f-4dee-a332-17c93bb5c040,2.0,,,,,,,,,,,,,,,,,,,,,,,,Military PT 6,,,,,,,,,"(-2.1, 1.4, -2.8)",,,"(-10.1, 0.0, 5.2)",
PLAYER_POSITIONS,508868,6/26/2026 11:38:43 AM,e7ca1105-8b8f-4dee-a332-17c93bb5c040,2.0,,,,,,,,,,,,,,,,,,,,,,,,,,,,,,,,,,,"(-12.3, 0.7, 3.0)","(-12.0, 1.4, 2.8)","(-11.7, 1.0, 2.8)",
PLAYER_GAZE,508868,6/26/2026 11:38:43 AM,e7ca1105-8b8f-4dee-a332-17c93bb5c040,2.0,,,,,,,,,,,,,,,,,,,,,,,,Military PT 6,,,,,,,,,"(-1.9, 1.4, -2.4)",,,"(-10.1, 0.0, 5.2)",
PLAYER_POSITIONS,508868,6/26/2026 11:38:43 AM,e7ca1105-8b8f-4dee-a332-17c93bb5c040,2.0,,,,,,,,,,,,,,,,,,,,,,,,,,,,,,,,,,,"(-12.3, 0.7, 3.0)","(-12.0, 1.4, 2.8)","(-11.7, 1.0, 2.8)",
PLAYER_GAZE,508868,6/26/2026 11:38:43 AM,e7ca1105-8b8f-4dee-a332-17c93bb5c040,2.0,,,,,,,,,,,,,,,,,,,,,,,,Military PT 6,,,,,,,,,"(-1.9, 1.4, -2.4)",,,"(-10.1, 0.0, 5.2)",
PLAYER_POSITIONS,509381,6/26/2026 11:38:44 AM,e7ca1105-8b8f-4dee-a332-17c93bb5c040,2.0,,,,,,,,,,,,,,,,,,,,,,,,,,,,,,,,,,,"(-11.8, 0.8, 3.7)","(-11.5, 1.5, 3.5)","(-11.2, 1.1, 3.6)",
PLAYER_GAZE,509381,6/26/2026 11:38:44 AM,e7ca1105-8b8f-4dee-a332-17c93bb5c040,2.0,,,,,,,,,,,,,,,,,,,,,,,,Military PT 6,,,,,,,,,"(-1.4, 1.5, -1.7)",,,"(-10.1, 0.0, 5.2)",
PLAYER_POSITIONS,509381,6/26/2026 11:38:44 AM,e7ca1105-8b8f-4dee-a332-17c93bb5c040,2.0,,,,,,,,,,,,,,,,,,,,,,,,,,,,,,,,,,,"(-11.8, 0.8, 3.7)","(-11.5, 1.5, 3.5)","(-11.2, 1.1, 3.6)",
PLAYER_GAZE,509381,6/26/2026 11:38:44 AM,e7ca1105-8b8f-4dee-a332-17c93bb5c040,2.0,,,,,,,,,,,,,,,,,,,,,,,,Military PT 6,,,,,,,,,"(-1.4, 1.5, -1.7)",,,"(-10.1, 0.0, 5.2)",
PLAYER_POSITIONS,509896,6/26/2026 11:38:44 AM,e7ca1105-8b8f-4dee-a332-17c93bb5c040,2.0,,,,,,,,,,,,,,,,,,,,,,,,,,,,,,,,,,,"(-11.4, 0.8, 4.5)","(-11.1, 1.5, 4.3)","(-10.9, 1.0, 4.3)",
PLAYER_POSITIONS,509896,6/26/2026 11:38:44 AM,e7ca1105-8b8f-4dee-a332-17c93bb5c040,2.0,,,,,,,,,,,,,,,,,,,,,,,,,,,,,,,,,,,"(-11.4, 0.8, 4.5)","(-11.1, 1.5, 4.3)","(-10.9, 1.0, 4.3)",
VOICE_CAPTURE,510232,6/26/2026 11:38:44 AM,e7ca1105-8b8f-4dee-a332-17c93bb5c040,2.0,,,,,,,,,,,,,,,,,,,,,,,,,,,,,,,,,,,,,,,,,,,,,,,,,,,NA,"Alright, Bubba.",
AUDIO_START,510268,6/26/2026 11:38:44 AM,e7ca1105-8b8f-4dee-a332-17c93bb5c040,2.0,bravo taking sustained fire from fortified positions,4.623673,
PLAYER_POSITIONS,510423,6/26/2026 11:38:45 AM,e7ca1105-8b8f-4dee-a332-17c93bb5c040,2.0,,,,,,,,,,,,,,,,,,,,,,,,,,,,,,,,,,,"(-11.4, 0.8, 5.2)","(-11.1, 1.4, 5.0)","(-10.9, 1.0, 5.1)",
PLAYER_POSITIONS,510423,6/26/2026 11:38:45 AM,e7ca1105-8b8f-4dee-a332-17c93bb5c040,2.0,,,,,,,,,,,,,,,,,,,,,,,,,,,,,,,,,,,"(-11.4, 0.8, 5.2)","(-11.1, 1.4, 5.0)","(-10.9, 1.0, 5.1)",
VOICE_CAPTURE,510736,6/26/2026 11:38:45 AM,e7ca1105-8b8f-4dee-a332-17c93bb5c040,2.0,,,,,,,,,,,,,,,,,,,,,,,,,,,,,,,,,,,,,,,,,,,,,,,,,,,NA,"All right, Bubba, how are we doing?",
PLAYER_POSITIONS,510930,6/26/2026 11:38:45 AM,e7ca1105-8b8f-4dee-a332-17c93bb5c040,2.0,,,,,,,,,,,,,,,,,,,,,,,,,,,,,,,,,,,"(-11.3, 0.8, 5.2)","(-11.0, 1.4, 5.1)","(-10.8, 1.0, 5.2)",
PLAYER_POSITIONS,510930,6/26/2026 11:38:45 AM,e7ca1105-8b8f-4dee-a332-17c93bb5c040,2.0,,,,,,,,,,,,,,,,,,,,,,,,,,,,,,,,,,,"(-11.3, 0.8, 5.2)","(-11.0, 1.4, 5.1)","(-10.8, 1.0, 5.2)",
VOICE_CAPTURE,511235,6/26/2026 11:38:45 AM,e7ca1105-8b8f-4dee-a332-17c93bb5c040,2.0,,,,,,,,,,,,,,,,,,,,,,,,,,,,,,,,,,,,,,,,,,,,,,,,,,,NA,"All right, Bubba, how are we doing?",
VOICE_CAPTURE,511235,6/26/2026 11:38:45 AM,e7ca1105-8b8f-4dee-a332-17c93bb5c040,2.0,,,,,,,,,,,,,,,,,,,,,,,,,,,,,,,,,,,,,,,,,,,,,,,,,,,NA,"All right, Bubba, how are we doing?",
PLAYER_POSITIONS,511458,6/26/2026 11:38:46 AM,e7ca1105-8b8f-4dee-a332-17c93bb5c040,2.0,,,,,,,,,,,,,,,,,,,,,,,,,,,,,,,,,,,"(-11.2, 0.8, 5.6)","(-11.0, 1.4, 5.5)","(-10.7, 1.0, 5.4)",
PLAYER_POSITIONS,511458,6/26/2026 11:38:46 AM,e7ca1105-8b8f-4dee-a332-17c93bb5c040,2.0,,,,,,,,,,,,,,,,,,,,,,,,,,,,,,,,,,,"(-11.2, 0.8, 5.6)","(-11.0, 1.4, 5.5)","(-10.7, 1.0, 5.4)",
VOICE_CAPTURE,511739,6/26/2026 11:38:46 AM,e7ca1105-8b8f-4dee-a332-17c93bb5c040,2.0,,,,,,,,,,,,,,,,,,,,,,,,,,,,,,,,,,,,,,,,,,,,,,,,,,,NA,"All right, Bubba, how we doing?",
PLAYER_POSITIONS,511964,6/26/2026 11:38:46 AM,e7ca1105-8b8f-4dee-a332-17c93bb5c040,2.0,,,,,,,,,,,,,,,,,,,,,,,,,,,,,,,,,,,"(-11.2, 0.7, 5.6)","(-11.0, 1.1, 5.5)","(-10.7, 0.8, 5.6)",
PLAYER_POSITIONS,511964,6/26/2026 11:38:46 AM,e7ca1105-8b8f-4dee-a332-17c93bb5c040,2.0,,,,,,,,,,,,,,,,,,,,,,,,,,,,,,,,,,,"(-11.2, 0.7, 5.6)","(-11.0, 1.1, 5.5)","(-10.7, 0.8, 5.6)",
VOICE_CAPTURE,512239,6/26/2026 11:38:46 AM,e7ca1105-8b8f-4dee-a332-17c93bb5c040,2.0,,,,,,,,,,,,,,,,,,,,,,,,,,,,,,,,,,,,,,,,,,,,,,,,,,,NA,"All right, Bubba, how we doing?",
VOICE_CAPTURE,512239,6/26/2026 11:38:46 AM,e7ca1105-8b8f-4dee-a332-17c93bb5c040,2.0,,,,,,,,,,,,,,,,,,,,,,,,,,,,,,,,,,,,,,,,,,,,,,,,,,,NA,"All right, Bubba, how we doing?",
PLAYER_POSITIONS,512475,6/26/2026 11:38:47 AM,e7ca1105-8b8f-4dee-a332-17c93bb5c040,2.0,,,,,,,,,,,,,,,,,,,,,,,,,,,,,,,,,,,"(-11.1, 0.6, 5.6)","(-10.9, 1.0, 5.4)","(-10.6, 0.4, 5.3)",
PLAYER_POSITIONS,512475,6/26/2026 11:38:47 AM,e7ca1105-8b8f-4dee-a332-17c93bb5c040,2.0,,,,,,,,,,,,,,,,,,,,,,,,,,,,,,,,,,,"(-11.1, 0.6, 5.6)","(-10.9, 1.0, 5.4)","(-10.6, 0.4, 5.3)",
PLAYER_POSITIONS,513000,6/26/2026 11:38:47 AM,e7ca1105-8b8f-4dee-a332-17c93bb5c040,2.0,,,,,,,,,,,,,,,,,,,,,,,,,,,,,,,,,,,"(-11.0, 0.5, 5.6)","(-10.9, 1.0, 5.4)","(-10.7, 0.4, 5.3)",
PLAYER_POSITIONS,513000,6/26/2026 11:38:47 AM,e7ca1105-8b8f-4dee-a332-17c93bb5c040,2.0,,,,,,,,,,,,,,,,,,,,,,,,,,,,,,,,,,,"(-11.0, 0.5, 5.6)","(-10.9, 1.0, 5.4)","(-10.7, 0.4, 5.3)",
TOOL_HOVER,513353,6/26/2026 11:38:48 AM,e7ca1105-8b8f-4dee-a332-17c93bb5c040,2.0,,,,,,,,,,,,,,,,,,,,,,,,,,,,,,,,,,,,,,,,,,,,,,989,,Fentanyl Lollipop,
TOOL_HOVER,513465,6/26/2026 11:38:48 AM,e7ca1105-8b8f-4dee-a332-17c93bb5c040,2.0,,,,,,,,,,,,,,,,,,,,,,,,,,,,,,,,,,,,,,,,,,,,,,996,,Decompression Needle,
PLAYER_POSITIONS,513527,6/26/2026 11:38:48 AM,e7ca1105-8b8f-4dee-a332-17c93bb5c040,2.0,,,,,,,,,,,,,,,,,,,,,,,,,,,,,,,,,,,"(-11.0, 0.5, 5.6)","(-10.9, 1.0, 5.3)","(-10.4, 0.7, 4.9)",
PLAYER_POSITIONS,513527,6/26/2026 11:38:48 AM,e7ca1105-8b8f-4dee-a332-17c93bb5c040,2.0,,,,,,,,,,,,,,,,,,,,,,,,,,,,,,,,,,,"(-11.0, 0.5, 5.6)","(-10.9, 1.0, 5.3)","(-10.4, 0.7, 4.9)",
TOOL_HOVER,513549,6/26/2026 11:38:48 AM,e7ca1105-8b8f-4dee-a332-17c93bb5c040,2.0,,,,,,,,,,,,,,,,,,,,,,,,,,,,,,,,,,,,,,,,,,,,,,989,,Fentanyl Lollipop,
TOOL_SELECTED,513716,6/26/2026 11:38:48 AM,e7ca1105-8b8f-4dee-a332-17c93bb5c040,2.0,,,,,,,,,,,,,,,,,,,,,,,,,,,,,,,,,,,,,,,,,,,,,,988,,Fentanyl Lollipop,
PLAYER_POSITIONS,514049,6/26/2026 11:38:48 AM,e7ca1105-8b8f-4dee-a332-17c93bb5c040,2.0,,,,,,,,,,,,,,,,,,,,,,,,,,,,,,,,,,,"(-11.0, 0.6, 5.6)","(-10.8, 1.0, 5.3)","(-10.6, 0.6, 5.4)",
PLAYER_POSITIONS,514049,6/26/2026 11:38:48 AM,e7ca1105-8b8f-4dee-a332-17c93bb5c040,2.0,,,,,,,,,,,,,,,,,,,,,,,,,,,,,,,,,,,"(-11.0, 0.6, 5.6)","(-10.8, 1.0, 5.3)","(-10.6, 0.6, 5.4)",
VOICE_CAPTURE,514200,6/26/2026 11:38:48 AM,e7ca1105-8b8f-4dee-a332-17c93bb5c040,2.0,,,,,,,,,,,,,,,,,,,,,,,,,,,,,,,,,,,,,,,,,,,,,,,,,,,NA,Thank you.,
PLAYER_POSITIONS,514561,6/26/2026 11:38:49 AM,e7ca1105-8b8f-4dee-a332-17c93bb5c040,2.0,,,,,,,,,,,,,,,,,,,,,,,,,,,,,,,,,,,"(-11.2, 0.6, 5.5)","(-10.9, 0.9, 5.6)","(-10.6, 0.3, 5.8)",
PLAYER_POSITIONS,514561,6/26/2026 11:38:49 AM,e7ca1105-8b8f-4dee-a332-17c93bb5c040,2.0,,,,,,,,,,,,,,,,,,,,,,,,,,,,,,,,,,,"(-11.2, 0.6, 5.5)","(-10.9, 0.9, 5.6)","(-10.6, 0.3, 5.8)",
VOICE_CAPTURE,514715,6/26/2026 11:38:49 AM,e7ca1105-8b8f-4dee-a332-17c93bb5c040,2.0,,,,,,,,,,,,,,,,,,,,,,,,,,,,,,,,,,,,,,,,,,,,,,,,,,,NA,Thank you.,
VOICE_CAPTURE,514715,6/26/2026 11:38:49 AM,e7ca1105-8b8f-4dee-a332-17c93bb5c040,2.0,,,,,,,,,,,,,,,,,,,,,,,,,,,,,,,,,,,,,,,,,,,,,,,,,,,NA,Thank you.,
INJURY_TREATED,514858,6/26/2026 11:38:49 AM,e7ca1105-8b8f-4dee-a332-17c93bb5c040,2.0,,,,,,,,,head,Unspecified,"(0.0, 0.0, 0.0)",none,1,1,none,True,False,,,,,,,Military PT 6,
TOOL_APPLIED,514858,6/26/2026 11:38:49 AM,e7ca1105-8b8f-4dee-a332-17c93bb5c040,2.0,,,,,,,,,,,,,,,,,,,,,,,,Military PT 6,,,,,,,,,,,,,,,,,,,,AppliedLollipop,Jaw (UnityEngine.GameObject),,Fentanyl Lollipop(Clone) (UnityEngine.GameObject),Fentanyl Lollipop,
AUDIO_END,514900,6/26/2026 11:38:49 AM,e7ca1105-8b8f-4dee-a332-17c93bb5c040,2.0,bravo taking sustained fire from fortified positions,4.623673,
NARRATIVE_SECTION_END,514900,6/26/2026 11:38:49 AM,e7ca1105-8b8f-4dee-a332-17c93bb5c040,2.0,,,,,,,,,,,,,,,,,,Bravo taking sustained fire,58,
NARRATIVE_SECTION_START,514946,6/26/2026 11:38:49 AM,e7ca1105-8b8f-4dee-a332-17c93bb5c040,2.0,,,,,,,,,,,,,,,,,,Bravo needs heavy artillery,59,
PLAYER_POSITIONS,515062,6/26/2026 11:38:49 AM,e7ca1105-8b8f-4dee-a332-17c93bb5c040,2.0,,,,,,,,,,,,,,,,,,,,,,,,,,,,,,,,,,,"(-11.2, 0.6, 5.5)","(-10.9, 0.8, 5.6)","(-10.7, 0.2, 5.8)",
PLAYER_POSITIONS,515062,6/26/2026 11:38:49 AM,e7ca1105-8b8f-4dee-a332-17c93bb5c040,2.0,,,,,,,,,,,,,,,,,,,,,,,,,,,,,,,,,,,"(-11.2, 0.6, 5.5)","(-10.9, 0.8, 5.6)","(-10.7, 0.2, 5.8)",
BAG_CLOSED,515378,6/26/2026 11:38:50 AM,e7ca1105-8b8f-4dee-a332-17c93bb5c040,2.0,,,,,,,,,,,,,,,,,,,,,,,,,,,,,,,,,,,,"(0.0, 0.0, 0.0)",
PATIENT_ENGAGED,515518,6/26/2026 11:38:50 AM,e7ca1105-8b8f-4dee-a332-17c93bb5c040,2.0,,,,0,,,,,,,,,,,,,,,,fast,100,Infinity,normal,Military PT 6,agony,supine,"(-10.1, 0.0, 5.2)",fast,"(0.0, 1.0, 0.0, 0.0)",normal,IMMEDIATE,still,,,,,,,,,,,,,,,,,59.29,
PLAYER_POSITIONS,515577,6/26/2026 11:38:50 AM,e7ca1105-8b8f-4dee-a332-17c93bb5c040,2.0,,,,,,,,,,,,,,,,,,,,,,,,,,,,,,,,,,,"(-10.9, 0.6, 5.5)","(-10.7, 0.9, 5.4)","(-10.6, 0.3, 5.4)",
PLAYER_POSITIONS,515577,6/26/2026 11:38:50 AM,e7ca1105-8b8f-4dee-a332-17c93bb5c040,2.0,,,,,,,,,,,,,,,,,,,,,,,,,,,,,,,,,,,"(-10.9, 0.6, 5.5)","(-10.7, 0.9, 5.4)","(-10.6, 0.3, 5.4)",
PLAYER_POSITIONS,516090,6/26/2026 11:38:50 AM,e7ca1105-8b8f-4dee-a332-17c93bb5c040,2.0,,,,,,,,,,,,,,,,,,,,,,,,,,,,,,,,,,,"(-10.7, 0.6, 5.5)","(-10.6, 0.9, 5.3)","(-10.3, 0.6, 5.2)",
PLAYER_POSITIONS,516090,6/26/2026 11:38:50 AM,e7ca1105-8b8f-4dee-a332-17c93bb5c040,2.0,,,,,,,,,,,,,,,,,,,,,,,,,,,,,,,,,,,"(-10.7, 0.6, 5.5)","(-10.6, 0.9, 5.3)","(-10.3, 0.6, 5.2)",
PLAYER_POSITIONS,516615,6/26/2026 11:38:51 AM,e7ca1105-8b8f-4dee-a332-17c93bb5c040,2.0,,,,,,,,,,,,,,,,,,,,,,,,,,,,,,,,,,,"(-10.7, 0.6, 5.5)","(-10.6, 0.9, 5.4)","(-10.2, 0.5, 5.2)",
PLAYER_POSITIONS,516615,6/26/2026 11:38:51 AM,e7ca1105-8b8f-4dee-a332-17c93bb5c040,2.0,,,,,,,,,,,,,,,,,,,,,,,,,,,,,,,,,,,"(-10.7, 0.6, 5.5)","(-10.6, 0.9, 5.4)","(-10.2, 0.5, 5.2)",
PLAYER_POSITIONS,517141,6/26/2026 11:38:51 AM,e7ca1105-8b8f-4dee-a332-17c93bb5c040,2.0,,,,,,,,,,,,,,,,,,,,,,,,,,,,,,,,,,,"(-10.7, 0.6, 5.5)","(-10.6, 0.9, 5.5)","(-10.5, 0.5, 5.6)",
PLAYER_POSITIONS,517141,6/26/2026 11:38:51 AM,e7ca1105-8b8f-4dee-a332-17c93bb5c040,2.0,,,,,,,,,,,,,,,,,,,,,,,,,,,,,,,,,,,"(-10.7, 0.6, 5.5)","(-10.6, 0.9, 5.5)","(-10.5, 0.5, 5.6)",
BAG_CLOSED,517389,6/26/2026 11:38:52 AM,e7ca1105-8b8f-4dee-a332-17c93bb5c040,2.0,,,,,,,,,,,,,,,,,,,,,,,,,,,,,,,,,,,,"(0.0, 0.0, 0.0)",
PLAYER_POSITIONS,517684,6/26/2026 11:38:52 AM,e7ca1105-8b8f-4dee-a332-17c93bb5c040,2.0,,,,,,,,,,,,,,,,,,,,,,,,,,,,,,,,,,,"(-10.6, 0.6, 5.7)","(-10.5, 0.9, 5.7)","(-10.4, 0.4, 5.9)",
PLAYER_POSITIONS,517684,6/26/2026 11:38:52 AM,e7ca1105-8b8f-4dee-a332-17c93bb5c040,2.0,,,,,,,,,,,,,,,,,,,,,,,,,,,,,,,,,,,"(-10.6, 0.6, 5.7)","(-10.5, 0.9, 5.7)","(-10.4, 0.4, 5.9)",
DRAG_STOP,517908,6/26/2026 11:38:52 AM,e7ca1105-8b8f-4dee-a332-17c93bb5c040,2.0,,,,,"(-6.8, 0.0, 2.1)","(-8.0, 0.0, 0.4)",,,,,,,,,,,,,,,,,,Military PT 6,
AUDIO_START,517949,6/26/2026 11:38:52 AM,e7ca1105-8b8f-4dee-a332-17c93bb5c040,2.0,bravo needs heavy artillery,5.067755,
PLAYER_POSITIONS,518211,6/26/2026 11:38:52 AM,e7ca1105-8b8f-4dee-a332-17c93bb5c040,2.0,,,,,,,,,,,,,,,,,,,,,,,,,,,,,,,,,,,"(-10.6, 0.6, 5.7)","(-10.5, 0.9, 5.6)","(-10.5, 0.5, 5.9)",
PLAYER_POSITIONS,518211,6/26/2026 11:38:52 AM,e7ca1105-8b8f-4dee-a332-17c93bb5c040,2.0,,,,,,,,,,,,,,,,,,,,,,,,,,,,,,,,,,,"(-10.6, 0.6, 5.7)","(-10.5, 0.9, 5.6)","(-10.5, 0.5, 5.9)",
VOICE_CAPTURE,518211,6/26/2026 11:38:52 AM,e7ca1105-8b8f-4dee-a332-17c93bb5c040,2.0,,,,,,,,,,,,,,,,,,,,,,,,,,,,,,,,,,,,,,,,,,,,,,,,,,,NA,at me.,
VOICE_CAPTURE,518709,6/26/2026 11:38:53 AM,e7ca1105-8b8f-4dee-a332-17c93bb5c040,2.0,,,,,,,,,,,,,,,,,,,,,,,,,,,,,,,,,,,,,,,,,,,,,,,,,,,NA,at me.,
VOICE_CAPTURE,518709,6/26/2026 11:38:53 AM,e7ca1105-8b8f-4dee-a332-17c93bb5c040,2.0,,,,,,,,,,,,,,,,,,,,,,,,,,,,,,,,,,,,,,,,,,,,,,,,,,,NA,at me.,
PLAYER_POSITIONS,518736,6/26/2026 11:38:53 AM,e7ca1105-8b8f-4dee-a332-17c93bb5c040,2.0,,,,,,,,,,,,,,,,,,,,,,,,,,,,,,,,,,,"(-10.6, 0.6, 5.7)","(-10.6, 0.9, 5.6)","(-10.5, 0.5, 5.9)",
PLAYER_POSITIONS,518736,6/26/2026 11:38:53 AM,e7ca1105-8b8f-4dee-a332-17c93bb5c040,2.0,,,,,,,,,,,,,,,,,,,,,,,,,,,,,,,,,,,"(-10.6, 0.6, 5.7)","(-10.6, 0.9, 5.6)","(-10.5, 0.5, 5.9)",
VOICE_CAPTURE,519195,6/26/2026 11:38:53 AM,e7ca1105-8b8f-4dee-a332-17c93bb5c040,2.0,,,,,,,,,,,,,,,,,,,,,,,,,,,,,,,,,,,,,,,,,,,,,,,,,,,NA,"Hey, look at me.",
PLAYER_POSITIONS,519238,6/26/2026 11:38:53 AM,e7ca1105-8b8f-4dee-a332-17c93bb5c040,2.0,,,,,,,,,,,,,,,,,,,,,,,,,,,,,,,,,,,"(-10.6, 0.6, 5.7)","(-10.6, 0.9, 5.6)","(-10.6, 0.5, 5.8)",
PLAYER_POSITIONS,519238,6/26/2026 11:38:53 AM,e7ca1105-8b8f-4dee-a332-17c93bb5c040,2.0,,,,,,,,,,,,,,,,,,,,,,,,,,,,,,,,,,,"(-10.6, 0.6, 5.7)","(-10.6, 0.9, 5.6)","(-10.6, 0.5, 5.8)",
PLAYER_POSITIONS,519751,6/26/2026 11:38:54 AM,e7ca1105-8b8f-4dee-a332-17c93bb5c040,2.0,,,,,,,,,,,,,,,,,,,,,,,,,,,,,,,,,,,"(-10.6, 0.6, 5.7)","(-10.6, 0.9, 5.6)","(-10.6, 0.5, 5.8)",
PLAYER_POSITIONS,519751,6/26/2026 11:38:54 AM,e7ca1105-8b8f-4dee-a332-17c93bb5c040,2.0,,,,,,,,,,,,,,,,,,,,,,,,,,,,,,,,,,,"(-10.6, 0.6, 5.7)","(-10.6, 0.9, 5.6)","(-10.6, 0.5, 5.8)",
VOICE_CAPTURE,519751,6/26/2026 11:38:54 AM,e7ca1105-8b8f-4dee-a332-17c93bb5c040,2.0,,,,,,,,,,,,,,,,,,,,,,,,,,,,,,,,,,,,,,,,,,,,,,,,,,,NA,"Hey, look at me. Follow my hand.",
VOICE_CAPTURE,520251,6/26/2026 11:38:54 AM,e7ca1105-8b8f-4dee-a332-17c93bb5c040,2.0,,,,,,,,,,,,,,,,,,,,,,,,,,,,,,,,,,,,,,,,,,,,,,,,,,,NA,"Hey, look at me. Follow my hand.",
VOICE_CAPTURE,520251,6/26/2026 11:38:54 AM,e7ca1105-8b8f-4dee-a332-17c93bb5c040,2.0,,,,,,,,,,,,,,,,,,,,,,,,,,,,,,,,,,,,,,,,,,,,,,,,,,,NA,"Hey, look at me. Follow my hand.",
PLAYER_POSITIONS,520278,6/26/2026 11:38:55 AM,e7ca1105-8b8f-4dee-a332-17c93bb5c040,2.0,,,,,,,,,,,,,,,,,,,,,,,,,,,,,,,,,,,"(-10.6, 0.6, 5.7)","(-10.6, 0.9, 5.6)","(-10.6, 0.5, 5.8)",
PLAYER_POSITIONS,520278,6/26/2026 11:38:55 AM,e7ca1105-8b8f-4dee-a332-17c93bb5c040,2.0,,,,,,,,,,,,,,,,,,,,,,,,,,,,,,,,,,,"(-10.6, 0.6, 5.7)","(-10.6, 0.9, 5.6)","(-10.6, 0.5, 5.8)",
VOICE_CAPTURE,520722,6/26/2026 11:38:55 AM,e7ca1105-8b8f-4dee-a332-17c93bb5c040,2.0,,,,,,,,,,,,,,,,,,,,,,,,,,,,,,,,,,,,,,,,,,,,,,,,,,,NA,Follow my hand.,
PLAYER_POSITIONS,520805,6/26/2026 11:38:55 AM,e7ca1105-8b8f-4dee-a332-17c93bb5c040,2.0,,,,,,,,,,,,,,,,,,,,,,,,,,,,,,,,,,,"(-10.6, 0.6, 5.6)","(-10.6, 0.9, 5.6)","(-10.6, 0.5, 5.8)",
PLAYER_POSITIONS,520805,6/26/2026 11:38:55 AM,e7ca1105-8b8f-4dee-a332-17c93bb5c040,2.0,,,,,,,,,,,,,,,,,,,,,,,,,,,,,,,,,,,"(-10.6, 0.6, 5.6)","(-10.6, 0.9, 5.6)","(-10.6, 0.5, 5.8)",
BUTTON_CLICKED,520885,6/26/2026 11:38:55 AM,e7ca1105-8b8f-4dee-a332-17c93bb5c040,2.0,,,follow my hand with your eyes,
VOICE_CAPTURE,520885,6/26/2026 11:38:55 AM,e7ca1105-8b8f-4dee-a332-17c93bb5c040,2.0,,,,,,,,,,,,,,,,,,,,,,,,,,,,,,,,,,,,,,,,,,,,,,,,,,,NA,follow my hand with your eyes,
VOICE_COMMAND,520885,6/26/2026 11:38:55 AM,e7ca1105-8b8f-4dee-a332-17c93bb5c040,2.0,,,,,,,,,,,,,,,,,,,,,,,,Military PT 6,,,,,,,,,,,,,,,,,,,,,,,,,,,follow my hand with your eyes,follow my hand,
VOICE_CAPTURE,521264,6/26/2026 11:38:55 AM,e7ca1105-8b8f-4dee-a332-17c93bb5c040,2.0,,,,,,,,,,,,,,,,,,,,,,,,,,,,,,,,,,,,,,,,,,,,,,,,,,,NA,Follow my hand.,
PLAYER_POSITIONS,521306,6/26/2026 11:38:56 AM,e7ca1105-8b8f-4dee-a332-17c93bb5c040,2.0,,,,,,,,,,,,,,,,,,,,,,,,,,,,,,,,,,,"(-10.6, 0.6, 5.6)","(-10.6, 0.9, 5.6)","(-10.6, 0.5, 5.8)",
PLAYER_POSITIONS,521306,6/26/2026 11:38:56 AM,e7ca1105-8b8f-4dee-a332-17c93bb5c040,2.0,,,,,,,,,,,,,,,,,,,,,,,,,,,,,,,,,,,"(-10.6, 0.6, 5.6)","(-10.6, 0.9, 5.6)","(-10.6, 0.5, 5.8)",
VOICE_CAPTURE,521682,6/26/2026 11:38:56 AM,e7ca1105-8b8f-4dee-a332-17c93bb5c040,2.0,,,,,,,,,,,,,,,,,,,,,,,,,,,,,,,,,,,,,,,,,,,,,,,,,,,NA,Follow my hand.,
PLAYER_POSITIONS,521811,6/26/2026 11:38:56 AM,e7ca1105-8b8f-4dee-a332-17c93bb5c040,2.0,,,,,,,,,,,,,,,,,,,,,,,,,,,,,,,,,,,"(-10.6, 0.6, 5.6)","(-10.6, 0.9, 5.6)","(-10.3, 0.6, 6.0)",
PLAYER_POSITIONS,521811,6/26/2026 11:38:56 AM,e7ca1105-8b8f-4dee-a332-17c93bb5c040,2.0,,,,,,,,,,,,,,,,,,,,,,,,,,,,,,,,,,,"(-10.6, 0.6, 5.6)","(-10.6, 0.9, 5.6)","(-10.3, 0.6, 6.0)",
PLAYER_POSITIONS,522337,6/26/2026 11:38:57 AM,e7ca1105-8b8f-4dee-a332-17c93bb5c040,2.0,,,,,,,,,,,,,,,,,,,,,,,,,,,,,,,,,,,"(-10.6, 0.6, 5.6)","(-10.6, 0.9, 5.6)","(-10.6, 0.5, 5.8)",
PLAYER_POSITIONS,522337,6/26/2026 11:38:57 AM,e7ca1105-8b8f-4dee-a332-17c93bb5c040,2.0,,,,,,,,,,,,,,,,,,,,,,,,,,,,,,,,,,,"(-10.6, 0.6, 5.6)","(-10.6, 0.9, 5.6)","(-10.6, 0.5, 5.8)",
PLAYER_POSITIONS,522852,6/26/2026 11:38:57 AM,e7ca1105-8b8f-4dee-a332-17c93bb5c040,2.0,,,,,,,,,,,,,,,,,,,,,,,,,,,,,,,,,,,"(-10.6, 0.6, 5.6)","(-10.6, 0.9, 5.6)","(-10.7, 0.7, 5.9)",
PLAYER_POSITIONS,522852,6/26/2026 11:38:57 AM,e7ca1105-8b8f-4dee-a332-17c93bb5c040,2.0,,,,,,,,,,,,,,,,,,,,,,,,,,,,,,,,,,,"(-10.6, 0.6, 5.6)","(-10.6, 0.9, 5.6)","(-10.7, 0.7, 5.9)",
AUDIO_END,523018,6/26/2026 11:38:57 AM,e7ca1105-8b8f-4dee-a332-17c93bb5c040,2.0,bravo needs heavy artillery,5.067755,
NARRATIVE_SECTION_END,523018,6/26/2026 11:38:57 AM,e7ca1105-8b8f-4dee-a332-17c93bb5c040,2.0,,,,,,,,,,,,,,,,,,Bravo needs heavy artillery,59,
NARRATIVE_SECTION_START,523057,6/26/2026 11:38:57 AM,e7ca1105-8b8f-4dee-a332-17c93bb5c040,2.0,,,,,,,,,,,,,,,,,,Copy bravo artillery in 5,60,
PLAYER_POSITIONS,523367,6/26/2026 11:38:58 AM,e7ca1105-8b8f-4dee-a332-17c93bb5c040,2.0,,,,,,,,,,,,,,,,,,,,,,,,,,,,,,,,,,,"(-10.6, 0.6, 5.6)","(-10.6, 0.9, 5.6)","(-10.4, 0.5, 5.7)",
PLAYER_POSITIONS,523367,6/26/2026 11:38:58 AM,e7ca1105-8b8f-4dee-a332-17c93bb5c040,2.0,,,,,,,,,,,,,,,,,,,,,,,,,,,,,,,,,,,"(-10.6, 0.6, 5.6)","(-10.6, 0.9, 5.6)","(-10.4, 0.5, 5.7)",
PLAYER_POSITIONS,523886,6/26/2026 11:38:58 AM,e7ca1105-8b8f-4dee-a332-17c93bb5c040,2.0,,,,,,,,,,,,,,,,,,,,,,,,,,,,,,,,,,,"(-10.5, 0.6, 5.6)","(-10.4, 1.0, 5.5)","(-10.2, 0.7, 5.4)",
PLAYER_POSITIONS,523886,6/26/2026 11:38:58 AM,e7ca1105-8b8f-4dee-a332-17c93bb5c040,2.0,,,,,,,,,,,,,,,,,,,,,,,,,,,,,,,,,,,"(-10.5, 0.6, 5.6)","(-10.4, 1.0, 5.5)","(-10.2, 0.7, 5.4)",
VOICE_CAPTURE,524206,6/26/2026 11:38:58 AM,e7ca1105-8b8f-4dee-a332-17c93bb5c040,2.0,,,,,,,,,,,,,,,,,,,,,,,,,,,,,,,,,,,,,,,,,,,,,,,,,,,NA,All right.,
PLAYER_POSITIONS,524387,6/26/2026 11:38:59 AM,e7ca1105-8b8f-4dee-a332-17c93bb5c040,2.0,,,,,,,,,,,,,,,,,,,,,,,,,,,,,,,,,,,"(-10.5, 0.6, 5.6)","(-10.4, 1.0, 5.4)","(-10.0, 0.6, 5.3)",
PLAYER_GAZE,524387,6/26/2026 11:38:59 AM,e7ca1105-8b8f-4dee-a332-17c93bb5c040,2.0,,,,,,,,,,,,,,,,,,,,,,,,Military PT 6,,,,,,,,,"(-0.4, 1.0, 0.1)",,,"(-10.1, 0.0, 5.2)",
PLAYER_POSITIONS,524387,6/26/2026 11:38:59 AM,e7ca1105-8b8f-4dee-a332-17c93bb5c040,2.0,,,,,,,,,,,,,,,,,,,,,,,,,,,,,,,,,,,"(-10.5, 0.6, 5.6)","(-10.4, 1.0, 5.4)","(-10.0, 0.6, 5.3)",
PLAYER_GAZE,524387,6/26/2026 11:38:59 AM,e7ca1105-8b8f-4dee-a332-17c93bb5c040,2.0,,,,,,,,,,,,,,,,,,,,,,,,Military PT 6,,,,,,,,,"(-0.4, 1.0, 0.1)",,,"(-10.1, 0.0, 5.2)",
VOICE_CAPTURE,524706,6/26/2026 11:38:59 AM,e7ca1105-8b8f-4dee-a332-17c93bb5c040,2.0,,,,,,,,,,,,,,,,,,,,,,,,,,,,,,,,,,,,,,,,,,,,,,,,,,,NA,All right.,
VOICE_CAPTURE,524706,6/26/2026 11:38:59 AM,e7ca1105-8b8f-4dee-a332-17c93bb5c040,2.0,,,,,,,,,,,,,,,,,,,,,,,,,,,,,,,,,,,,,,,,,,,,,,,,,,,NA,All right.,
PLAYER_POSITIONS,524900,6/26/2026 11:38:59 AM,e7ca1105-8b8f-4dee-a332-17c93bb5c040,2.0,,,,,,,,,,,,,,,,,,,,,,,,,,,,,,,,,,,"(-10.5, 0.6, 5.6)","(-10.4, 1.0, 5.4)","(-10.0, 0.6, 5.2)",
PLAYER_GAZE,524900,6/26/2026 11:38:59 AM,e7ca1105-8b8f-4dee-a332-17c93bb5c040,2.0,,,,,,,,,,,,,,,,,,,,,,,,Military PT 6,,,,,,,,,"(-0.4, 1.0, 0.1)",,,"(-10.1, 0.0, 5.2)",
PLAYER_POSITIONS,524900,6/26/2026 11:38:59 AM,e7ca1105-8b8f-4dee-a332-17c93bb5c040,2.0,,,,,,,,,,,,,,,,,,,,,,,,,,,,,,,,,,,"(-10.5, 0.6, 5.6)","(-10.4, 1.0, 5.4)","(-10.0, 0.6, 5.2)",
PLAYER_GAZE,524900,6/26/2026 11:38:59 AM,e7ca1105-8b8f-4dee-a332-17c93bb5c040,2.0,,,,,,,,,,,,,,,,,,,,,,,,Military PT 6,,,,,,,,,"(-0.4, 1.0, 0.1)",,,"(-10.1, 0.0, 5.2)",
EVAC_RADIO_ALERT,525407,6/26/2026 11:39:00 AM,e7ca1105-8b8f-4dee-a332-17c93bb5c040,2.0,,,,,,,,1,
AUDIO_START,525422,6/26/2026 11:39:00 AM,e7ca1105-8b8f-4dee-a332-17c93bb5c040,2.0,evac in 2 minutes,5.172245,
PLAYER_POSITIONS,525426,6/26/2026 11:39:00 AM,e7ca1105-8b8f-4dee-a332-17c93bb5c040,2.0,,,,,,,,,,,,,,,,,,,,,,,,,,,,,,,,,,,"(-10.5, 0.5, 5.5)","(-10.5, 0.9, 5.5)","(-10.0, 0.5, 5.2)",
PLAYER_POSITIONS,525426,6/26/2026 11:39:00 AM,e7ca1105-8b8f-4dee-a332-17c93bb5c040,2.0,,,,,,,,,,,,,,,,,,,,,,,,,,,,,,,,,,,"(-10.5, 0.5, 5.5)","(-10.5, 0.9, 5.5)","(-10.0, 0.5, 5.2)",
PLAYER_POSITIONS,525935,6/26/2026 11:39:00 AM,e7ca1105-8b8f-4dee-a332-17c93bb5c040,2.0,,,,,,,,,,,,,,,,,,,,,,,,,,,,,,,,,,,"(-10.5, 0.5, 5.7)","(-10.4, 0.9, 5.4)","(-10.0, 0.6, 5.2)",
PLAYER_POSITIONS,525935,6/26/2026 11:39:00 AM,e7ca1105-8b8f-4dee-a332-17c93bb5c040,2.0,,,,,,,,,,,,,,,,,,,,,,,,,,,,,,,,,,,"(-10.5, 0.5, 5.7)","(-10.4, 0.9, 5.4)","(-10.0, 0.6, 5.2)",
PLAYER_POSITIONS,526462,6/26/2026 11:39:01 AM,e7ca1105-8b8f-4dee-a332-17c93bb5c040,2.0,,,,,,,,,,,,,,,,,,,,,,,,,,,,,,,,,,,"(-10.6, 0.6, 5.7)","(-10.5, 0.8, 5.4)","(-10.0, 0.5, 5.2)",
PLAYER_POSITIONS,526462,6/26/2026 11:39:01 AM,e7ca1105-8b8f-4dee-a332-17c93bb5c040,2.0,,,,,,,,,,,,,,,,,,,,,,,,,,,,,,,,,,,"(-10.6, 0.6, 5.7)","(-10.5, 0.8, 5.4)","(-10.0, 0.5, 5.2)",
PLAYER_POSITIONS,526965,6/26/2026 11:39:01 AM,e7ca1105-8b8f-4dee-a332-17c93bb5c040,2.0,,,,,,,,,,,,,,,,,,,,,,,,,,,,,,,,,,,"(-10.5, 0.6, 5.7)","(-10.4, 0.9, 5.4)","(-10.0, 0.5, 5.2)",
PLAYER_GAZE,526965,6/26/2026 11:39:01 AM,e7ca1105-8b8f-4dee-a332-17c93bb5c040,2.0,,,,,,,,,,,,,,,,,,,,,,,,Military PT 6,,,,,,,,,"(-0.3, 0.9, 0.1)",,,"(-10.1, 0.0, 5.2)",
PLAYER_POSITIONS,526965,6/26/2026 11:39:01 AM,e7ca1105-8b8f-4dee-a332-17c93bb5c040,2.0,,,,,,,,,,,,,,,,,,,,,,,,,,,,,,,,,,,"(-10.5, 0.6, 5.7)","(-10.4, 0.9, 5.4)","(-10.0, 0.5, 5.2)",
PLAYER_GAZE,526965,6/26/2026 11:39:01 AM,e7ca1105-8b8f-4dee-a332-17c93bb5c040,2.0,,,,,,,,,,,,,,,,,,,,,,,,Military PT 6,,,,,,,,,"(-0.3, 0.9, 0.1)",,,"(-10.1, 0.0, 5.2)",
PLAYER_POSITIONS,527492,6/26/2026 11:39:02 AM,e7ca1105-8b8f-4dee-a332-17c93bb5c040,2.0,,,,,,,,,,,,,,,,,,,,,,,,,,,,,,,,,,,"(-10.5, 0.6, 5.7)","(-10.4, 0.9, 5.4)","(-10.0, 0.5, 5.2)",
PLAYER_POSITIONS,527492,6/26/2026 11:39:02 AM,e7ca1105-8b8f-4dee-a332-17c93bb5c040,2.0,,,,,,,,,,,,,,,,,,,,,,,,,,,,,,,,,,,"(-10.5, 0.6, 5.7)","(-10.4, 0.9, 5.4)","(-10.0, 0.5, 5.2)",
PLAYER_POSITIONS,528003,6/26/2026 11:39:02 AM,e7ca1105-8b8f-4dee-a332-17c93bb5c040,2.0,,,,,,,,,,,,,,,,,,,,,,,,,,,,,,,,,,,"(-10.6, 0.6, 5.7)","(-10.5, 0.9, 5.4)","(-10.0, 0.5, 5.3)",
PLAYER_POSITIONS,528003,6/26/2026 11:39:02 AM,e7ca1105-8b8f-4dee-a332-17c93bb5c040,2.0,,,,,,,,,,,,,,,,,,,,,,,,,,,,,,,,,,,"(-10.6, 0.6, 5.7)","(-10.5, 0.9, 5.4)","(-10.0, 0.5, 5.3)",
PLAYER_POSITIONS,528519,6/26/2026 11:39:03 AM,e7ca1105-8b8f-4dee-a332-17c93bb5c040,2.0,,,,,,,,,,,,,,,,,,,,,,,,,,,,,,,,,,,"(-10.5, 0.6, 5.7)","(-10.5, 0.9, 5.5)","(-10.0, 0.5, 5.3)",
PLAYER_POSITIONS,528519,6/26/2026 11:39:03 AM,e7ca1105-8b8f-4dee-a332-17c93bb5c040,2.0,,,,,,,,,,,,,,,,,,,,,,,,,,,,,,,,,,,"(-10.5, 0.6, 5.7)","(-10.5, 0.9, 5.5)","(-10.0, 0.5, 5.3)",
PLAYER_POSITIONS,529025,6/26/2026 11:39:03 AM,e7ca1105-8b8f-4dee-a332-17c93bb5c040,2.0,,,,,,,,,,,,,,,,,,,,,,,,,,,,,,,,,,,"(-10.5, 0.5, 5.6)","(-10.5, 0.9, 5.4)","(-10.0, 0.5, 5.3)",
PLAYER_POSITIONS,529025,6/26/2026 11:39:03 AM,e7ca1105-8b8f-4dee-a332-17c93bb5c040,2.0,,,,,,,,,,,,,,,,,,,,,,,,,,,,,,,,,,,"(-10.5, 0.5, 5.6)","(-10.5, 0.9, 5.4)","(-10.0, 0.5, 5.3)",
PLAYER_POSITIONS,529528,6/26/2026 11:39:04 AM,e7ca1105-8b8f-4dee-a332-17c93bb5c040,2.0,,,,,,,,,,,,,,,,,,,,,,,,,,,,,,,,,,,"(-10.5, 0.5, 5.6)","(-10.4, 1.0, 5.3)","(-9.9, 0.8, 5.2)",
PLAYER_GAZE,529528,6/26/2026 11:39:04 AM,e7ca1105-8b8f-4dee-a332-17c93bb5c040,2.0,,,,,,,,,,,,,,,,,,,,,,,,Military PT 6,,,,,,,,,"(-0.3, 1.0, 0.1)",,,"(-10.1, 0.0, 5.2)",
PLAYER_POSITIONS,529528,6/26/2026 11:39:04 AM,e7ca1105-8b8f-4dee-a332-17c93bb5c040,2.0,,,,,,,,,,,,,,,,,,,,,,,,,,,,,,,,,,,"(-10.5, 0.5, 5.6)","(-10.4, 1.0, 5.3)","(-9.9, 0.8, 5.2)",
PLAYER_GAZE,529528,6/26/2026 11:39:04 AM,e7ca1105-8b8f-4dee-a332-17c93bb5c040,2.0,,,,,,,,,,,,,,,,,,,,,,,,Military PT 6,,,,,,,,,"(-0.3, 1.0, 0.1)",,,"(-10.1, 0.0, 5.2)",
VOICE_CAPTURE,529708,6/26/2026 11:39:04 AM,e7ca1105-8b8f-4dee-a332-17c93bb5c040,2.0,,,,,,,,,,,,,,,,,,,,,,,,,,,,,,,,,,,,,,,,,,,,,,,,,,,NA,Thank you.,
TOOL_HOVER,529872,6/26/2026 11:39:04 AM,e7ca1105-8b8f-4dee-a332-17c93bb5c040,2.0,,,,,,,,,,,,,,,,,,,,,,,,,,,,,,,,,,,,,,,,,,,,,,998,,Blanket,
PLAYER_POSITIONS,530040,6/26/2026 11:39:04 AM,e7ca1105-8b8f-4dee-a332-17c93bb5c040,2.0,,,,,,,,,,,,,,,,,,,,,,,,,,,,,,,,,,,"(-10.5, 0.5, 5.6)","(-10.3, 1.0, 5.4)","(-9.8, 0.6, 5.4)",
PLAYER_GAZE,530040,6/26/2026 11:39:04 AM,e7ca1105-8b8f-4dee-a332-17c93bb5c040,2.0,,,,,,,,,,,,,,,,,,,,,,,,Military PT 6,,,,,,,,,"(-0.3, 1.0, 0.1)",,,"(-10.1, 0.0, 5.2)",
PLAYER_POSITIONS,530040,6/26/2026 11:39:04 AM,e7ca1105-8b8f-4dee-a332-17c93bb5c040,2.0,,,,,,,,,,,,,,,,,,,,,,,,,,,,,,,,,,,"(-10.5, 0.5, 5.6)","(-10.3, 1.0, 5.4)","(-9.8, 0.6, 5.4)",
PLAYER_GAZE,530040,6/26/2026 11:39:04 AM,e7ca1105-8b8f-4dee-a332-17c93bb5c040,2.0,,,,,,,,,,,,,,,,,,,,,,,,Military PT 6,,,,,,,,,"(-0.3, 1.0, 0.1)",,,"(-10.1, 0.0, 5.2)",
TOOL_SELECTED,530192,6/26/2026 11:39:04 AM,e7ca1105-8b8f-4dee-a332-17c93bb5c040,2.0,,,,,,,,,,,,,,,,,,,,,,,,,,,,,,,,,,,,,,,,,,,,,,997,,Blanket,
VOICE_CAPTURE,530238,6/26/2026 11:39:04 AM,e7ca1105-8b8f-4dee-a332-17c93bb5c040,2.0,,,,,,,,,,,,,,,,,,,,,,,,,,,,,,,,,,,,,,,,,,,,,,,,,,,NA,I'm gonna give you blood already.,
PLAYER_POSITIONS,530553,6/26/2026 11:39:05 AM,e7ca1105-8b8f-4dee-a332-17c93bb5c040,2.0,,,,,,,,,,,,,,,,,,,,,,,,,,,,,,,,,,,"(-10.5, 0.5, 5.6)","(-10.4, 0.9, 5.5)","(-10.3, 0.3, 5.5)",
PLAYER_POSITIONS,530553,6/26/2026 11:39:05 AM,e7ca1105-8b8f-4dee-a332-17c93bb5c040,2.0,,,,,,,,,,,,,,,,,,,,,,,,,,,,,,,,,,,"(-10.5, 0.5, 5.6)","(-10.4, 0.9, 5.5)","(-10.3, 0.3, 5.5)",
AUDIO_END,530607,6/26/2026 11:39:05 AM,e7ca1105-8b8f-4dee-a332-17c93bb5c040,2.0,evac in 2 minutes,5.172245,
VOICE_CAPTURE,530706,6/26/2026 11:39:05 AM,e7ca1105-8b8f-4dee-a332-17c93bb5c040,2.0,,,,,,,,,,,,,,,,,,,,,,,,,,,,,,,,,,,,,,,,,,,,,,,,,,,NA,I'm gonna give you blood already.,
VOICE_CAPTURE,530706,6/26/2026 11:39:05 AM,e7ca1105-8b8f-4dee-a332-17c93bb5c040,2.0,,,,,,,,,,,,,,,,,,,,,,,,,,,,,,,,,,,,,,,,,,,,,,,,,,,NA,I'm gonna give you blood already.,
INJURY_TREATED,530734,6/26/2026 11:39:05 AM,e7ca1105-8b8f-4dee-a332-17c93bb5c040,2.0,,,,,,,,,fullBody,Unspecified,"(0.0, 0.0, 0.0)",none,1,1,none,True,False,,,,,,,Military PT 6,
TOOL_APPLIED,530734,6/26/2026 11:39:05 AM,e7ca1105-8b8f-4dee-a332-17c93bb5c040,2.0,,,,,,,,,,,,,,,,,,,,,,,,Military PT 6,,,,,,,,,,,,,,,,,,,,AppliedBlanket,Military PT 6 (UnityEngine.GameObject),,Blanket(Clone) (UnityEngine.GameObject),Blanket,
AUDIO_START,531059,6/26/2026 11:39:05 AM,e7ca1105-8b8f-4dee-a332-17c93bb5c040,2.0,copy bravo artillery in 5,3.526531,
PLAYER_POSITIONS,531059,6/26/2026 11:39:05 AM,e7ca1105-8b8f-4dee-a332-17c93bb5c040,2.0,,,,,,,,,,,,,,,,,,,,,,,,,,,,,,,,,,,"(-10.5, 0.6, 5.6)","(-10.5, 0.9, 5.5)","(-10.4, 0.3, 5.5)",
PLAYER_POSITIONS,531059,6/26/2026 11:39:05 AM,e7ca1105-8b8f-4dee-a332-17c93bb5c040,2.0,,,,,,,,,,,,,,,,,,,,,,,,,,,,,,,,,,,"(-10.5, 0.6, 5.6)","(-10.5, 0.9, 5.5)","(-10.4, 0.3, 5.5)",
PLAYER_POSITIONS,531566,6/26/2026 11:39:06 AM,e7ca1105-8b8f-4dee-a332-17c93bb5c040,2.0,,,,,,,,,,,,,,,,,,,,,,,,,,,,,,,,,,,"(-10.5, 0.6, 5.6)","(-10.5, 0.9, 5.5)","(-10.2, 0.4, 5.4)",
PLAYER_POSITIONS,531566,6/26/2026 11:39:06 AM,e7ca1105-8b8f-4dee-a332-17c93bb5c040,2.0,,,,,,,,,,,,,,,,,,,,,,,,,,,,,,,,,,,"(-10.5, 0.6, 5.6)","(-10.5, 0.9, 5.5)","(-10.2, 0.4, 5.4)",
BAG_CLOSED,531632,6/26/2026 11:39:06 AM,e7ca1105-8b8f-4dee-a332-17c93bb5c040,2.0,,,,,,,,,,,,,,,,,,,,,,,,,,,,,,,,,,,,"(0.0, 0.0, 0.0)",
VOICE_CAPTURE,531761,6/26/2026 11:39:06 AM,e7ca1105-8b8f-4dee-a332-17c93bb5c040,2.0,,,,,,,,,,,,,,,,,,,,,,,,,,,,,,,,,,,,,,,,,,,,,,,,,,,NA,already.,
PLAYER_POSITIONS,532066,6/26/2026 11:39:06 AM,e7ca1105-8b8f-4dee-a332-17c93bb5c040,2.0,,,,,,,,,,,,,,,,,,,,,,,,,,,,,,,,,,,"(-10.6, 0.6, 5.4)","(-10.7, 1.0, 5.3)","(-10.3, 0.5, 5.2)",
PLAYER_POSITIONS,532066,6/26/2026 11:39:06 AM,e7ca1105-8b8f-4dee-a332-17c93bb5c040,2.0,,,,,,,,,,,,,,,,,,,,,,,,,,,,,,,,,,,"(-10.6, 0.6, 5.4)","(-10.7, 1.0, 5.3)","(-10.3, 0.5, 5.2)",
VOICE_CAPTURE,532235,6/26/2026 11:39:06 AM,e7ca1105-8b8f-4dee-a332-17c93bb5c040,2.0,,,,,,,,,,,,,,,,,,,,,,,,,,,,,,,,,,,,,,,,,,,,,,,,,,,NA,I'm gonna give you that.,
PLAYER_POSITIONS,532568,6/26/2026 11:39:07 AM,e7ca1105-8b8f-4dee-a332-17c93bb5c040,2.0,,,,,,,,,,,,,,,,,,,,,,,,,,,,,,,,,,,"(-11.0, 0.6, 5.3)","(-11.2, 1.1, 5.2)","(-10.8, 0.5, 5.2)",
PLAYER_POSITIONS,532568,6/26/2026 11:39:07 AM,e7ca1105-8b8f-4dee-a332-17c93bb5c040,2.0,,,,,,,,,,,,,,,,,,,,,,,,,,,,,,,,,,,"(-11.0, 0.6, 5.3)","(-11.2, 1.1, 5.2)","(-10.8, 0.5, 5.2)",
VOICE_CAPTURE,532708,6/26/2026 11:39:07 AM,e7ca1105-8b8f-4dee-a332-17c93bb5c040,2.0,,,,,,,,,,,,,,,,,,,,,,,,,,,,,,,,,,,,,,,,,,,,,,,,,,,NA,I'm going to give you that.,
PLAYER_POSITIONS,533069,6/26/2026 11:39:07 AM,e7ca1105-8b8f-4dee-a332-17c93bb5c040,2.0,,,,,,,,,,,,,,,,,,,,,,,,,,,,,,,,,,,"(-11.6, 0.9, 5.2)","(-11.6, 1.5, 5.0)","(-11.3, 0.8, 5.2)",
PLAYER_GAZE,533069,6/26/2026 11:39:07 AM,e7ca1105-8b8f-4dee-a332-17c93bb5c040,2.0,,,,,,,,,,,,,,,,,,,,,,,,Military PT 13,,,,,,,,,"(3.6, 1.5, 0.0)",,,"(-15.2, 0.0, 5.0)",
PLAYER_POSITIONS,533069,6/26/2026 11:39:07 AM,e7ca1105-8b8f-4dee-a332-17c93bb5c040,2.0,,,,,,,,,,,,,,,,,,,,,,,,,,,,,,,,,,,"(-11.6, 0.9, 5.2)","(-11.6, 1.5, 5.0)","(-11.3, 0.8, 5.2)",
PLAYER_GAZE,533069,6/26/2026 11:39:07 AM,e7ca1105-8b8f-4dee-a332-17c93bb5c040,2.0,,,,,,,,,,,,,,,,,,,,,,,,Military PT 13,,,,,,,,,"(3.6, 1.5, 0.0)",,,"(-15.2, 0.0, 5.0)",
VOICE_CAPTURE,533209,6/26/2026 11:39:07 AM,e7ca1105-8b8f-4dee-a332-17c93bb5c040,2.0,,,,,,,,,,,,,,,,,,,,,,,,,,,,,,,,,,,,,,,,,,,,,,,,,,,NA,I'm going to give you that.,
VOICE_CAPTURE,533209,6/26/2026 11:39:07 AM,e7ca1105-8b8f-4dee-a332-17c93bb5c040,2.0,,,,,,,,,,,,,,,,,,,,,,,,,,,,,,,,,,,,,,,,,,,,,,,,,,,NA,I'm going to give you that.,
PLAYER_POSITIONS,533570,6/26/2026 11:39:08 AM,e7ca1105-8b8f-4dee-a332-17c93bb5c040,2.0,,,,,,,,,,,,,,,,,,,,,,,,,,,,,,,,,,,"(-11.8, 1.0, 4.9)","(-11.6, 1.5, 4.7)","(-11.5, 0.9, 5.1)",
PLAYER_GAZE,533570,6/26/2026 11:39:08 AM,e7ca1105-8b8f-4dee-a332-17c93bb5c040,2.0,,,,,,,,,,,,,,,,,,,,,,,,Civilian PT 14,,,,,,,,,"(2.5, 1.5, 1.1)",,,"(-14.1, 0.0, 3.6)",
PLAYER_POSITIONS,533570,6/26/2026 11:39:08 AM,e7ca1105-8b8f-4dee-a332-17c93bb5c040,2.0,,,,,,,,,,,,,,,,,,,,,,,,,,,,,,,,,,,"(-11.8, 1.0, 4.9)","(-11.6, 1.5, 4.7)","(-11.5, 0.9, 5.1)",
PLAYER_GAZE,533570,6/26/2026 11:39:08 AM,e7ca1105-8b8f-4dee-a332-17c93bb5c040,2.0,,,,,,,,,,,,,,,,,,,,,,,,Civilian PT 14,,,,,,,,,"(2.5, 1.5, 1.1)",,,"(-14.1, 0.0, 3.6)",
VOICE_CAPTURE,533737,6/26/2026 11:39:08 AM,e7ca1105-8b8f-4dee-a332-17c93bb5c040,2.0,,,,,,,,,,,,,,,,,,,,,,,,,,,,,,,,,,,,,,,,,,,,,,,,,,,NA,You just hang tight.,
PATIENT_DISENGAGED,533928,6/26/2026 11:39:08 AM,e7ca1105-8b8f-4dee-a332-17c93bb5c040,2.0,,,,18.41,,,,,,,,,,,,,,,,fast,100,Infinity,normal,Military PT 6,agony,supine,"(-10.1, 0.0, 5.2)",fast,"(0.0, 1.0, 0.0, 0.0)",normal,IMMEDIATE,still,,,,,,,,,,,,,,,,,77.7,
PLAYER_POSITIONS,534098,6/26/2026 11:39:08 AM,e7ca1105-8b8f-4dee-a332-17c93bb5c040,2.0,,,,,,,,,,,,,,,,,,,,,,,,,,,,,,,,,,,"(-12.3, 1.0, 3.9)","(-12.1, 1.5, 3.9)","(-12.1, 0.8, 4.3)",
PLAYER_POSITIONS,534098,6/26/2026 11:39:08 AM,e7ca1105-8b8f-4dee-a332-17c93bb5c040,2.0,,,,,,,,,,,,,,,,,,,,,,,,,,,,,,,,,,,"(-12.3, 1.0, 3.9)","(-12.1, 1.5, 3.9)","(-12.1, 0.8, 4.3)",
VOICE_CAPTURE,534237,6/26/2026 11:39:08 AM,e7ca1105-8b8f-4dee-a332-17c93bb5c040,2.0,,,,,,,,,,,,,,,,,,,,,,,,,,,,,,,,,,,,,,,,,,,,,,,,,,,NA,You just hang tight. You just hang tight.,
AUDIO_END,534595,6/26/2026 11:39:09 AM,e7ca1105-8b8f-4dee-a332-17c93bb5c040,2.0,copy bravo artillery in 5,3.526531,
NARRATIVE_SECTION_END,534595,6/26/2026 11:39:09 AM,e7ca1105-8b8f-4dee-a332-17c93bb5c040,2.0,,,,,,,,,,,,,,,,,,Copy bravo artillery in 5,60,
NARRATIVE_SECTION_START,534618,6/26/2026 11:39:09 AM,e7ca1105-8b8f-4dee-a332-17c93bb5c040,2.0,,,,,,,,,,,,,,,,,,Artillery strike,61,
PLAYER_POSITIONS,534623,6/26/2026 11:39:09 AM,e7ca1105-8b8f-4dee-a332-17c93bb5c040,2.0,,,,,,,,,,,,,,,,,,,,,,,,,,,,,,,,,,,"(-13.1, 0.8, 3.1)","(-13.0, 1.5, 3.3)","(-12.9, 0.8, 3.7)",
PLAYER_POSITIONS,534623,6/26/2026 11:39:09 AM,e7ca1105-8b8f-4dee-a332-17c93bb5c040,2.0,,,,,,,,,,,,,,,,,,,,,,,,,,,,,,,,,,,"(-13.1, 0.8, 3.1)","(-13.0, 1.5, 3.3)","(-12.9, 0.8, 3.7)",
VOICE_CAPTURE,534734,6/26/2026 11:39:09 AM,e7ca1105-8b8f-4dee-a332-17c93bb5c040,2.0,,,,,,,,,,,,,,,,,,,,,,,,,,,,,,,,,,,,,,,,,,,,,,,,,,,NA,You just hang tight. You just hang tight.,
VOICE_CAPTURE,534734,6/26/2026 11:39:09 AM,e7ca1105-8b8f-4dee-a332-17c93bb5c040,2.0,,,,,,,,,,,,,,,,,,,,,,,,,,,,,,,,,,,,,,,,,,,,,,,,,,,NA,You just hang tight. You just hang tight.,
PLAYER_POSITIONS,535151,6/26/2026 11:39:09 AM,e7ca1105-8b8f-4dee-a332-17c93bb5c040,2.0,,,,,,,,,,,,,,,,,,,,,,,,,,,,,,,,,,,"(-13.6, 0.7, 2.9)","(-13.5, 1.4, 3.2)","(-13.5, 0.8, 3.6)",
PLAYER_POSITIONS,535151,6/26/2026 11:39:09 AM,e7ca1105-8b8f-4dee-a332-17c93bb5c040,2.0,,,,,,,,,,,,,,,,,,,,,,,,,,,,,,,,,,,"(-13.6, 0.7, 2.9)","(-13.5, 1.4, 3.2)","(-13.5, 0.8, 3.6)",
PLAYER_POSITIONS,535665,6/26/2026 11:39:10 AM,e7ca1105-8b8f-4dee-a332-17c93bb5c040,2.0,,,,,,,,,,,,,,,,,,,,,,,,,,,,,,,,,,,"(-14.2, 0.8, 3.1)","(-14.2, 1.4, 3.4)","(-14.2, 0.9, 3.6)",
PLAYER_GAZE,535665,6/26/2026 11:39:10 AM,e7ca1105-8b8f-4dee-a332-17c93bb5c040,2.0,,,,,,,,,,,,,,,,,,,,,,,,Civilian PT 14,,,,,,,,,"(-0.1, 1.4, -0.2)",,,"(-14.1, 0.0, 3.6)",
PLAYER_POSITIONS,535665,6/26/2026 11:39:10 AM,e7ca1105-8b8f-4dee-a332-17c93bb5c040,2.0,,,,,,,,,,,,,,,,,,,,,,,,,,,,,,,,,,,"(-14.2, 0.8, 3.1)","(-14.2, 1.4, 3.4)","(-14.2, 0.9, 3.6)",
PLAYER_GAZE,535665,6/26/2026 11:39:10 AM,e7ca1105-8b8f-4dee-a332-17c93bb5c040,2.0,,,,,,,,,,,,,,,,,,,,,,,,Civilian PT 14,,,,,,,,,"(-0.1, 1.4, -0.2)",,,"(-14.1, 0.0, 3.6)",
PLAYER_POSITIONS,536179,6/26/2026 11:39:10 AM,e7ca1105-8b8f-4dee-a332-17c93bb5c040,2.0,,,,,,,,,,,,,,,,,,,,,,,,,,,,,,,,,,,"(-14.3, 0.8, 3.1)","(-14.2, 1.4, 3.3)","(-14.2, 0.8, 3.7)",
PLAYER_GAZE,536179,6/26/2026 11:39:10 AM,e7ca1105-8b8f-4dee-a332-17c93bb5c040,2.0,,,,,,,,,,,,,,,,,,,,,,,,Civilian PT 14,,,,,,,,,"(-0.2, 1.4, -0.3)",,,"(-14.1, 0.0, 3.6)",
PLAYER_POSITIONS,536179,6/26/2026 11:39:10 AM,e7ca1105-8b8f-4dee-a332-17c93bb5c040,2.0,,,,,,,,,,,,,,,,,,,,,,,,,,,,,,,,,,,"(-14.3, 0.8, 3.1)","(-14.2, 1.4, 3.3)","(-14.2, 0.8, 3.7)",
PLAYER_GAZE,536179,6/26/2026 11:39:10 AM,e7ca1105-8b8f-4dee-a332-17c93bb5c040,2.0,,,,,,,,,,,,,,,,,,,,,,,,Civilian PT 14,,,,,,,,,"(-0.2, 1.4, -0.3)",,,"(-14.1, 0.0, 3.6)",
PLAYER_POSITIONS,536680,6/26/2026 11:39:11 AM,e7ca1105-8b8f-4dee-a332-17c93bb5c040,2.0,,,,,,,,,,,,,,,,,,,,,,,,,,,,,,,,,,,"(-14.3, 0.7, 3.1)","(-14.2, 1.2, 3.3)","(-14.1, 0.8, 3.8)",
PLAYER_POSITIONS,536680,6/26/2026 11:39:11 AM,e7ca1105-8b8f-4dee-a332-17c93bb5c040,2.0,,,,,,,,,,,,,,,,,,,,,,,,,,,,,,,,,,,"(-14.3, 0.7, 3.1)","(-14.2, 1.2, 3.3)","(-14.1, 0.8, 3.8)",
PLAYER_POSITIONS,537193,6/26/2026 11:39:11 AM,e7ca1105-8b8f-4dee-a332-17c93bb5c040,2.0,,,,,,,,,,,,,,,,,,,,,,,,,,,,,,,,,,,"(-14.5, 0.6, 3.1)","(-14.4, 1.0, 3.2)","(-14.2, 0.6, 3.7)",
PLAYER_POSITIONS,537193,6/26/2026 11:39:11 AM,e7ca1105-8b8f-4dee-a332-17c93bb5c040,2.0,,,,,,,,,,,,,,,,,,,,,,,,,,,,,,,,,,,"(-14.5, 0.6, 3.1)","(-14.4, 1.0, 3.2)","(-14.2, 0.6, 3.7)",
AUDIO_START,537627,6/26/2026 11:39:12 AM,e7ca1105-8b8f-4dee-a332-17c93bb5c040,2.0,artillery strike,8.328,
PLAYER_POSITIONS,537707,6/26/2026 11:39:12 AM,e7ca1105-8b8f-4dee-a332-17c93bb5c040,2.0,,,,,,,,,,,,,,,,,,,,,,,,,,,,,,,,,,,"(-14.6, 0.5, 3.2)","(-14.4, 1.0, 3.4)","(-14.3, 0.5, 3.9)",
PLAYER_POSITIONS,537707,6/26/2026 11:39:12 AM,e7ca1105-8b8f-4dee-a332-17c93bb5c040,2.0,,,,,,,,,,,,,,,,,,,,,,,,,,,,,,,,,,,"(-14.6, 0.5, 3.2)","(-14.4, 1.0, 3.4)","(-14.3, 0.5, 3.9)",
PLAYER_POSITIONS,538206,6/26/2026 11:39:12 AM,e7ca1105-8b8f-4dee-a332-17c93bb5c040,2.0,,,,,,,,,,,,,,,,,,,,,,,,,,,,,,,,,,,"(-14.6, 0.5, 3.3)","(-14.3, 1.0, 3.5)","(-14.3, 0.7, 3.8)",
PLAYER_GAZE,538206,6/26/2026 11:39:12 AM,e7ca1105-8b8f-4dee-a332-17c93bb5c040,2.0,,,,,,,,,,,,,,,,,,,,,,,,Civilian PT 14,,,,,,,,,"(-0.3, 1.0, -0.1)",,,"(-14.1, 0.0, 3.6)",
PLAYER_POSITIONS,538206,6/26/2026 11:39:12 AM,e7ca1105-8b8f-4dee-a332-17c93bb5c040,2.0,,,,,,,,,,,,,,,,,,,,,,,,,,,,,,,,,,,"(-14.6, 0.5, 3.3)","(-14.3, 1.0, 3.5)","(-14.3, 0.7, 3.8)",
PLAYER_GAZE,538206,6/26/2026 11:39:12 AM,e7ca1105-8b8f-4dee-a332-17c93bb5c040,2.0,,,,,,,,,,,,,,,,,,,,,,,,Civilian PT 14,,,,,,,,,"(-0.3, 1.0, -0.1)",,,"(-14.1, 0.0, 3.6)",
PLAYER_POSITIONS,538707,6/26/2026 11:39:13 AM,e7ca1105-8b8f-4dee-a332-17c93bb5c040,2.0,,,,,,,,,,,,,,,,,,,,,,,,,,,,,,,,,,,"(-14.6, 0.5, 3.3)","(-14.3, 1.0, 3.5)","(-14.3, 0.7, 3.9)",
PLAYER_GAZE,538707,6/26/2026 11:39:13 AM,e7ca1105-8b8f-4dee-a332-17c93bb5c040,2.0,,,,,,,,,,,,,,,,,,,,,,,,Civilian PT 14,,,,,,,,,"(-0.3, 1.0, -0.1)",,,"(-14.1, 0.0, 3.6)",
PLAYER_POSITIONS,538707,6/26/2026 11:39:13 AM,e7ca1105-8b8f-4dee-a332-17c93bb5c040,2.0,,,,,,,,,,,,,,,,,,,,,,,,,,,,,,,,,,,"(-14.6, 0.5, 3.3)","(-14.3, 1.0, 3.5)","(-14.3, 0.7, 3.9)",
PLAYER_GAZE,538707,6/26/2026 11:39:13 AM,e7ca1105-8b8f-4dee-a332-17c93bb5c040,2.0,,,,,,,,,,,,,,,,,,,,,,,,Civilian PT 14,,,,,,,,,"(-0.3, 1.0, -0.1)",,,"(-14.1, 0.0, 3.6)",
VOICE_CAPTURE,538708,6/26/2026 11:39:13 AM,e7ca1105-8b8f-4dee-a332-17c93bb5c040,2.0,,,,,,,,,,,,,,,,,,,,,,,,,,,,,,,,,,,,,,,,,,,,,,,,,,,NA,Hi!,
TOOL_HOVER,539064,6/26/2026 11:39:13 AM,e7ca1105-8b8f-4dee-a332-17c93bb5c040,2.0,,,,,,,,,,,,,,,,,,,,,,,,,,,,,,,,,,,,,,,,,,,,,,996,,Decompression Needle,
TOOL_HOVER,539148,6/26/2026 11:39:13 AM,e7ca1105-8b8f-4dee-a332-17c93bb5c040,2.0,,,,,,,,,,,,,,,,,,,,,,,,,,,,,,,,,,,,,,,,,,,,,,988,,Fentanyl Lollipop,
PLAYER_POSITIONS,539220,6/26/2026 11:39:13 AM,e7ca1105-8b8f-4dee-a332-17c93bb5c040,2.0,,,,,,,,,,,,,,,,,,,,,,,,,,,,,,,,,,,"(-14.6, 0.5, 3.3)","(-14.3, 1.0, 3.5)","(-13.9, 0.8, 3.9)",
PLAYER_GAZE,539220,6/26/2026 11:39:13 AM,e7ca1105-8b8f-4dee-a332-17c93bb5c040,2.0,,,,,,,,,,,,,,,,,,,,,,,,Civilian PT 14,,,,,,,,,"(-0.2, 1.0, -0.1)",,,"(-14.1, 0.0, 3.6)",
PLAYER_POSITIONS,539220,6/26/2026 11:39:13 AM,e7ca1105-8b8f-4dee-a332-17c93bb5c040,2.0,,,,,,,,,,,,,,,,,,,,,,,,,,,,,,,,,,,"(-14.6, 0.5, 3.3)","(-14.3, 1.0, 3.5)","(-13.9, 0.8, 3.9)",
PLAYER_GAZE,539220,6/26/2026 11:39:13 AM,e7ca1105-8b8f-4dee-a332-17c93bb5c040,2.0,,,,,,,,,,,,,,,,,,,,,,,,Civilian PT 14,,,,,,,,,"(-0.2, 1.0, -0.1)",,,"(-14.1, 0.0, 3.6)",
VOICE_CAPTURE,539249,6/26/2026 11:39:13 AM,e7ca1105-8b8f-4dee-a332-17c93bb5c040,2.0,,,,,,,,,,,,,,,,,,,,,,,,,,,,,,,,,,,,,,,,,,,,,,,,,,,NA,Hi! Hi!,
TOOL_HOVER,539467,6/26/2026 11:39:14 AM,e7ca1105-8b8f-4dee-a332-17c93bb5c040,2.0,,,,,,,,,,,,,,,,,,,,,,,,,,,,,,,,,,,,,,,,,,,,,,996,,Decompression Needle,
TOOL_HOVER,539550,6/26/2026 11:39:14 AM,e7ca1105-8b8f-4dee-a332-17c93bb5c040,2.0,,,,,,,,,,,,,,,,,,,,,,,,,,,,,,,,,,,,,,,,,,,,,,988,,Fentanyl Lollipop,
TOOL_SELECTED,539551,6/26/2026 11:39:14 AM,e7ca1105-8b8f-4dee-a332-17c93bb5c040,2.0,,,,,,,,,,,,,,,,,,,,,,,,,,,,,,,,,,,,,,,,,,,,,,987,,Fentanyl Lollipop,
PLAYER_POSITIONS,539734,6/26/2026 11:39:14 AM,e7ca1105-8b8f-4dee-a332-17c93bb5c040,2.0,,,,,,,,,,,,,,,,,,,,,,,,,,,,,,,,,,,"(-14.6, 0.5, 3.3)","(-14.3, 1.0, 3.5)","(-13.9, 0.7, 3.9)",
PLAYER_GAZE,539734,6/26/2026 11:39:14 AM,e7ca1105-8b8f-4dee-a332-17c93bb5c040,2.0,,,,,,,,,,,,,,,,,,,,,,,,Civilian PT 14,,,,,,,,,"(-0.2, 1.0, -0.1)",,,"(-14.1, 0.0, 3.6)",
PLAYER_POSITIONS,539734,6/26/2026 11:39:14 AM,e7ca1105-8b8f-4dee-a332-17c93bb5c040,2.0,,,,,,,,,,,,,,,,,,,,,,,,,,,,,,,,,,,"(-14.6, 0.5, 3.3)","(-14.3, 1.0, 3.5)","(-13.9, 0.7, 3.9)",
PLAYER_GAZE,539734,6/26/2026 11:39:14 AM,e7ca1105-8b8f-4dee-a332-17c93bb5c040,2.0,,,,,,,,,,,,,,,,,,,,,,,,Civilian PT 14,,,,,,,,,"(-0.2, 1.0, -0.1)",,,"(-14.1, 0.0, 3.6)",
VOICE_CAPTURE,539734,6/26/2026 11:39:14 AM,e7ca1105-8b8f-4dee-a332-17c93bb5c040,2.0,,,,,,,,,,,,,,,,,,,,,,,,,,,,,,,,,,,,,,,,,,,,,,,,,,,NA,Hi! Hi!,
VOICE_CAPTURE,539734,6/26/2026 11:39:14 AM,e7ca1105-8b8f-4dee-a332-17c93bb5c040,2.0,,,,,,,,,,,,,,,,,,,,,,,,,,,,,,,,,,,,,,,,,,,,,,,,,,,NA,Hi! Hi!,
PATIENT_ENGAGED,539940,6/26/2026 11:39:14 AM,e7ca1105-8b8f-4dee-a332-17c93bb5c040,2.0,,,,0,,,,,,,,,,,,,,,,normal,100,128,normal,Military PT 13,calm,standing,"(-15.3, 0.0, 4.9)",normal,"(0.0, 0.9, 0.0, 0.3)",normal,MINIMAL,still,,,,,,,,,,,,,,,,,0,
PLAYER_POSITIONS,540235,6/26/2026 11:39:14 AM,e7ca1105-8b8f-4dee-a332-17c93bb5c040,2.0,,,,,,,,,,,,,,,,,,,,,,,,,,,,,,,,,,,"(-14.6, 0.6, 3.2)","(-14.5, 0.9, 3.4)","(-14.6, 0.4, 3.6)",
PLAYER_POSITIONS,540235,6/26/2026 11:39:14 AM,e7ca1105-8b8f-4dee-a332-17c93bb5c040,2.0,,,,,,,,,,,,,,,,,,,,,,,,,,,,,,,,,,,"(-14.6, 0.6, 3.2)","(-14.5, 0.9, 3.4)","(-14.6, 0.4, 3.6)",
PATIENT_DISENGAGED,540731,6/26/2026 11:39:15 AM,e7ca1105-8b8f-4dee-a332-17c93bb5c040,2.0,,,,0.78,,,,,,,,,,,,,,,,normal,100,128,normal,Military PT 13,calm,standing,"(-15.3, 0.0, 4.9)",normal,"(0.0, 0.9, 0.0, 0.3)",normal,MINIMAL,still,,,,,,,,,,,,,,,,,0.78,
PATIENT_ENGAGED,540731,6/26/2026 11:39:15 AM,e7ca1105-8b8f-4dee-a332-17c93bb5c040,2.0,,,,0,,,,,,,,,,,,,,,,normal,100,Infinity,normal,Civilian PT 14,upset,supine,"(-14.3, 0.0, 3.8)",normal,"(0.0, 0.8, 0.0, 0.6)",normal,DELAYED,still,,,,,,,,,,,,,,,,,32.65,
PLAYER_POSITIONS,540762,6/26/2026 11:39:15 AM,e7ca1105-8b8f-4dee-a332-17c93bb5c040,2.0,,,,,,,,,,,,,,,,,,,,,,,,,,,,,,,,,,,"(-14.5, 0.6, 3.1)","(-14.6, 0.8, 3.3)","(-14.9, 0.3, 3.5)",
PLAYER_POSITIONS,540762,6/26/2026 11:39:15 AM,e7ca1105-8b8f-4dee-a332-17c93bb5c040,2.0,,,,,,,,,,,,,,,,,,,,,,,,,,,,,,,,,,,"(-14.5, 0.6, 3.1)","(-14.6, 0.8, 3.3)","(-14.9, 0.3, 3.5)",
INJURY_TREATED,540790,6/26/2026 11:39:15 AM,e7ca1105-8b8f-4dee-a332-17c93bb5c040,2.0,,,,,,,,,head,Unspecified,"(0.0, 0.0, 0.0)",none,1,1,none,True,False,,,,,,,Civilian PT 14,
TOOL_APPLIED,540790,6/26/2026 11:39:15 AM,e7ca1105-8b8f-4dee-a332-17c93bb5c040,2.0,,,,,,,,,,,,,,,,,,,,,,,,Civilian PT 14,,,,,,,,,,,,,,,,,,,,AppliedLollipop,Jaw (UnityEngine.GameObject),,Fentanyl Lollipop(Clone) (UnityEngine.GameObject),Fentanyl Lollipop,
PLAYER_POSITIONS,541279,6/26/2026 11:39:16 AM,e7ca1105-8b8f-4dee-a332-17c93bb5c040,2.0,,,,,,,,,,,,,,,,,,,,,,,,,,,,,,,,,,,"(-14.5, 0.6, 3.1)","(-14.5, 0.9, 3.4)","(-14.7, 0.4, 3.5)",
PLAYER_POSITIONS,541279,6/26/2026 11:39:16 AM,e7ca1105-8b8f-4dee-a332-17c93bb5c040,2.0,,,,,,,,,,,,,,,,,,,,,,,,,,,,,,,,,,,"(-14.5, 0.6, 3.1)","(-14.5, 0.9, 3.4)","(-14.7, 0.4, 3.5)",
VOICE_CAPTURE,541334,6/26/2026 11:39:16 AM,e7ca1105-8b8f-4dee-a332-17c93bb5c040,2.0,,,,,,,,,,,,,,,,,,,,,,,,,,,,,,,,,,,,,,,,,,,,,,,,,,,NA,NARDE,
VOICE_CAPTURE,541765,6/26/2026 11:39:16 AM,e7ca1105-8b8f-4dee-a332-17c93bb5c040,2.0,,,,,,,,,,,,,,,,,,,,,,,,,,,,,,,,,,,,,,,,,,,,,,,,,,,NA,NARDE NARDS!,
PLAYER_POSITIONS,541793,6/26/2026 11:39:16 AM,e7ca1105-8b8f-4dee-a332-17c93bb5c040,2.0,,,,,,,,,,,,,,,,,,,,,,,,,,,,,,,,,,,"(-14.6, 0.6, 3.3)","(-14.3, 1.0, 3.5)","(-14.2, 0.6, 3.8)",
PLAYER_GAZE,541793,6/26/2026 11:39:16 AM,e7ca1105-8b8f-4dee-a332-17c93bb5c040,2.0,,,,,,,,,,,,,,,,,,,,,,,,Civilian PT 14,,,,,,,,,"(-0.3, 1.0, -0.1)",,,"(-14.1, 0.0, 3.6)",
PLAYER_POSITIONS,541793,6/26/2026 11:39:16 AM,e7ca1105-8b8f-4dee-a332-17c93bb5c040,2.0,,,,,,,,,,,,,,,,,,,,,,,,,,,,,,,,,,,"(-14.6, 0.6, 3.3)","(-14.3, 1.0, 3.5)","(-14.2, 0.6, 3.8)",
PLAYER_GAZE,541793,6/26/2026 11:39:16 AM,e7ca1105-8b8f-4dee-a332-17c93bb5c040,2.0,,,,,,,,,,,,,,,,,,,,,,,,Civilian PT 14,,,,,,,,,"(-0.3, 1.0, -0.1)",,,"(-14.1, 0.0, 3.6)",
VOICE_CAPTURE,542251,6/26/2026 11:39:16 AM,e7ca1105-8b8f-4dee-a332-17c93bb5c040,2.0,,,,,,,,,,,,,,,,,,,,,,,,,,,,,,,,,,,,,,,,,,,,,,,,,,,NA,NARDE NARDS!,
VOICE_CAPTURE,542251,6/26/2026 11:39:16 AM,e7ca1105-8b8f-4dee-a332-17c93bb5c040,2.0,,,,,,,,,,,,,,,,,,,,,,,,,,,,,,,,,,,,,,,,,,,,,,,,,,,NA,NARDE NARDS!,
PLAYER_POSITIONS,542307,6/26/2026 11:39:17 AM,e7ca1105-8b8f-4dee-a332-17c93bb5c040,2.0,,,,,,,,,,,,,,,,,,,,,,,,,,,,,,,,,,,"(-14.6, 0.6, 3.3)","(-14.2, 1.0, 3.5)","(-14.2, 0.6, 4.0)",
PLAYER_GAZE,542307,6/26/2026 11:39:17 AM,e7ca1105-8b8f-4dee-a332-17c93bb5c040,2.0,,,,,,,,,,,,,,,,,,,,,,,,Civilian PT 14,,,,,,,,,"(-0.2, 1.0, -0.1)",,,"(-14.1, 0.0, 3.6)",
PLAYER_POSITIONS,542307,6/26/2026 11:39:17 AM,e7ca1105-8b8f-4dee-a332-17c93bb5c040,2.0,,,,,,,,,,,,,,,,,,,,,,,,,,,,,,,,,,,"(-14.6, 0.6, 3.3)","(-14.2, 1.0, 3.5)","(-14.2, 0.6, 4.0)",
PLAYER_GAZE,542307,6/26/2026 11:39:17 AM,e7ca1105-8b8f-4dee-a332-17c93bb5c040,2.0,,,,,,,,,,,,,,,,,,,,,,,,Civilian PT 14,,,,,,,,,"(-0.2, 1.0, -0.1)",,,"(-14.1, 0.0, 3.6)",
TOOL_HOVER,542555,6/26/2026 11:39:17 AM,e7ca1105-8b8f-4dee-a332-17c93bb5c040,2.0,,,,,,,,,,,,,,,,,,,,,,,,,,,,,,,,,,,,,,,,,,,,,,997,,Blanket,
TOOL_SELECTED,542638,6/26/2026 11:39:17 AM,e7ca1105-8b8f-4dee-a332-17c93bb5c040,2.0,,,,,,,,,,,,,,,,,,,,,,,,,,,,,,,,,,,,,,,,,,,,,,996,,Blanket,
PLAYER_POSITIONS,542821,6/26/2026 11:39:17 AM,e7ca1105-8b8f-4dee-a332-17c93bb5c040,2.0,,,,,,,,,,,,,,,,,,,,,,,,,,,,,,,,,,,"(-14.6, 0.6, 3.3)","(-14.3, 1.0, 3.6)","(-14.4, 0.5, 4.0)",
PLAYER_POSITIONS,542821,6/26/2026 11:39:17 AM,e7ca1105-8b8f-4dee-a332-17c93bb5c040,2.0,,,,,,,,,,,,,,,,,,,,,,,,,,,,,,,,,,,"(-14.6, 0.6, 3.3)","(-14.3, 1.0, 3.6)","(-14.4, 0.5, 4.0)",
INJURY_TREATED,543224,6/26/2026 11:39:17 AM,e7ca1105-8b8f-4dee-a332-17c93bb5c040,2.0,,,,,,,,,fullBody,Unspecified,"(0.0, 0.0, 0.0)",none,1,1,none,True,False,,,,,,,Civilian PT 14,
TOOL_APPLIED,543225,6/26/2026 11:39:17 AM,e7ca1105-8b8f-4dee-a332-17c93bb5c040,2.0,,,,,,,,,,,,,,,,,,,,,,,,Civilian PT 14,,,,,,,,,,,,,,,,,,,,AppliedBlanket,Civilian PT 14 (UnityEngine.GameObject),,Blanket(Clone) (UnityEngine.GameObject),Blanket,
PLAYER_POSITIONS,543335,6/26/2026 11:39:18 AM,e7ca1105-8b8f-4dee-a332-17c93bb5c040,2.0,,,,,,,,,,,,,,,,,,,,,,,,,,,,,,,,,,,"(-14.6, 0.6, 3.3)","(-14.4, 0.9, 3.5)","(-14.5, 0.2, 3.6)",
PLAYER_POSITIONS,543335,6/26/2026 11:39:18 AM,e7ca1105-8b8f-4dee-a332-17c93bb5c040,2.0,,,,,,,,,,,,,,,,,,,,,,,,,,,,,,,,,,,"(-14.6, 0.6, 3.3)","(-14.4, 0.9, 3.5)","(-14.5, 0.2, 3.6)",
BAG_CLOSED,543762,6/26/2026 11:39:18 AM,e7ca1105-8b8f-4dee-a332-17c93bb5c040,2.0,,,,,,,,,,,,,,,,,,,,,,,,,,,,,,,,,,,,"(0.0, 0.0, 0.0)",
PLAYER_POSITIONS,543849,6/26/2026 11:39:18 AM,e7ca1105-8b8f-4dee-a332-17c93bb5c040,2.0,,,,,,,,,,,,,,,,,,,,,,,,,,,,,,,,,,,"(-14.6, 0.6, 3.3)","(-14.5, 1.0, 3.5)","(-14.3, 0.3, 3.6)",
PLAYER_POSITIONS,543849,6/26/2026 11:39:18 AM,e7ca1105-8b8f-4dee-a332-17c93bb5c040,2.0,,,,,,,,,,,,,,,,,,,,,,,,,,,,,,,,,,,"(-14.6, 0.6, 3.3)","(-14.5, 1.0, 3.5)","(-14.3, 0.3, 3.6)",
VOICE_CAPTURE,544169,6/26/2026 11:39:18 AM,e7ca1105-8b8f-4dee-a332-17c93bb5c040,2.0,,,,,,,,,,,,,,,,,,,,,,,,,,,,,,,,,,,,,,,,,,,,,,,,,,,NA,Thank you.,
PLAYER_POSITIONS,544364,6/26/2026 11:39:19 AM,e7ca1105-8b8f-4dee-a332-17c93bb5c040,2.0,,,,,,,,,,,,,,,,,,,,,,,,,,,,,,,,,,,"(-14.6, 0.6, 3.2)","(-14.5, 1.1, 3.3)","(-14.5, 0.4, 3.6)",
PLAYER_POSITIONS,544364,6/26/2026 11:39:19 AM,e7ca1105-8b8f-4dee-a332-17c93bb5c040,2.0,,,,,,,,,,,,,,,,,,,,,,,,,,,,,,,,,,,"(-14.6, 0.6, 3.2)","(-14.5, 1.1, 3.3)","(-14.5, 0.4, 3.6)",
PLAYER_POSITIONS,544868,6/26/2026 11:39:19 AM,e7ca1105-8b8f-4dee-a332-17c93bb5c040,2.0,,,,,,,,,,,,,,,,,,,,,,,,,,,,,,,,,,,"(-14.5, 0.7, 3.3)","(-14.3, 1.4, 3.5)","(-14.2, 0.7, 3.7)",
PLAYER_GAZE,544868,6/26/2026 11:39:19 AM,e7ca1105-8b8f-4dee-a332-17c93bb5c040,2.0,,,,,,,,,,,,,,,,,,,,,,,,Civilian PT 14,,,,,,,,,"(-0.2, 1.4, -0.1)",,,"(-14.1, 0.0, 3.6)",
PLAYER_POSITIONS,544868,6/26/2026 11:39:19 AM,e7ca1105-8b8f-4dee-a332-17c93bb5c040,2.0,,,,,,,,,,,,,,,,,,,,,,,,,,,,,,,,,,,"(-14.5, 0.7, 3.3)","(-14.3, 1.4, 3.5)","(-14.2, 0.7, 3.7)",
PLAYER_GAZE,544868,6/26/2026 11:39:19 AM,e7ca1105-8b8f-4dee-a332-17c93bb5c040,2.0,,,,,,,,,,,,,,,,,,,,,,,,Civilian PT 14,,,,,,,,,"(-0.2, 1.4, -0.1)",,,"(-14.1, 0.0, 3.6)",
VOICE_CAPTURE,545162,6/26/2026 11:39:19 AM,e7ca1105-8b8f-4dee-a332-17c93bb5c040,2.0,,,,,,,,,,,,,,,,,,,,,,,,,,,,,,,,,,,,,,,,,,,,,,,,,,,NA,Thank you.,
PLAYER_POSITIONS,545384,6/26/2026 11:39:20 AM,e7ca1105-8b8f-4dee-a332-17c93bb5c040,2.0,,,,,,,,,,,,,,,,,,,,,,,,,,,,,,,,,,,"(-13.6, 0.8, 3.5)","(-13.1, 1.5, 3.5)","(-13.0, 0.8, 3.7)",
PLAYER_POSITIONS,545384,6/26/2026 11:39:20 AM,e7ca1105-8b8f-4dee-a332-17c93bb5c040,2.0,,,,,,,,,,,,,,,,,,,,,,,,,,,,,,,,,,,"(-13.6, 0.8, 3.5)","(-13.1, 1.5, 3.5)","(-13.0, 0.8, 3.7)",
VOICE_CAPTURE,545706,6/26/2026 11:39:20 AM,e7ca1105-8b8f-4dee-a332-17c93bb5c040,2.0,,,,,,,,,,,,,,,,,,,,,,,,,,,,,,,,,,,,,,,,,,,,,,,,,,,NA,Thank you.,
VOICE_CAPTURE,545706,6/26/2026 11:39:20 AM,e7ca1105-8b8f-4dee-a332-17c93bb5c040,2.0,,,,,,,,,,,,,,,,,,,,,,,,,,,,,,,,,,,,,,,,,,,,,,,,,,,NA,Thank you.,
PLAYER_POSITIONS,545900,6/26/2026 11:39:20 AM,e7ca1105-8b8f-4dee-a332-17c93bb5c040,2.0,,,,,,,,,,,,,,,,,,,,,,,,,,,,,,,,,,,"(-13.0, 0.7, 3.0)","(-12.9, 1.4, 2.7)","(-12.6, 0.7, 2.6)",
PLAYER_GAZE,545900,6/26/2026 11:39:20 AM,e7ca1105-8b8f-4dee-a332-17c93bb5c040,2.0,,,,,,,,,,,,,,,,,,,,,,,,Military PT 5,,,,,,,,,"(-3.4, 1.4, 1.0)",,,"(-9.4, 0.0, 1.7)",
PLAYER_POSITIONS,545900,6/26/2026 11:39:20 AM,e7ca1105-8b8f-4dee-a332-17c93bb5c040,2.0,,,,,,,,,,,,,,,,,,,,,,,,,,,,,,,,,,,"(-13.0, 0.7, 3.0)","(-12.9, 1.4, 2.7)","(-12.6, 0.7, 2.6)",
PLAYER_GAZE,545900,6/26/2026 11:39:20 AM,e7ca1105-8b8f-4dee-a332-17c93bb5c040,2.0,,,,,,,,,,,,,,,,,,,,,,,,Military PT 5,,,,,,,,,"(-3.4, 1.4, 1.0)",,,"(-9.4, 0.0, 1.7)",
AUDIO_END,545956,6/26/2026 11:39:20 AM,e7ca1105-8b8f-4dee-a332-17c93bb5c040,2.0,artillery strike,8.328,
NARRATIVE_SECTION_END,545956,6/26/2026 11:39:20 AM,e7ca1105-8b8f-4dee-a332-17c93bb5c040,2.0,,,,,,,,,,,,,,,,,,Artillery strike,61,
NARRATIVE_SECTION_START,545980,6/26/2026 11:39:20 AM,e7ca1105-8b8f-4dee-a332-17c93bb5c040,2.0,,,,,,,,,,,,,,,,,,Echo Overrun,62,
PATIENT_DISENGAGED,546293,6/26/2026 11:39:21 AM,e7ca1105-8b8f-4dee-a332-17c93bb5c040,2.0,,,,5.57,,,,,,,,,,,,,,,,normal,100,Infinity,normal,Civilian PT 14,upset,supine,"(-14.3, 0.0, 3.8)",normal,"(0.0, 0.8, 0.0, 0.6)",normal,DELAYED,still,,,,,,,,,,,,,,,,,38.22,
PLAYER_POSITIONS,546429,6/26/2026 11:39:21 AM,e7ca1105-8b8f-4dee-a332-17c93bb5c040,2.0,,,,,,,,,,,,,,,,,,,,,,,,,,,,,,,,,,,"(-12.9, 0.7, 2.2)","(-13.1, 1.4, 1.9)","(-13.0, 0.7, 1.6)",
PLAYER_GAZE,546429,6/26/2026 11:39:21 AM,e7ca1105-8b8f-4dee-a332-17c93bb5c040,2.0,,,,,,,,,,,,,,,,,,,,,,,,Military PT 2,,,,,,,,,"(-1.0, 1.4, 0.8)",,,"(-12.0, 0.0, 1.1)",
PLAYER_POSITIONS,546429,6/26/2026 11:39:21 AM,e7ca1105-8b8f-4dee-a332-17c93bb5c040,2.0,,,,,,,,,,,,,,,,,,,,,,,,,,,,,,,,,,,"(-12.9, 0.7, 2.2)","(-13.1, 1.4, 1.9)","(-13.0, 0.7, 1.6)",
PLAYER_GAZE,546429,6/26/2026 11:39:21 AM,e7ca1105-8b8f-4dee-a332-17c93bb5c040,2.0,,,,,,,,,,,,,,,,,,,,,,,,Military PT 2,,,,,,,,,"(-1.0, 1.4, 0.8)",,,"(-12.0, 0.0, 1.1)",
PLAYER_POSITIONS,546928,6/26/2026 11:39:21 AM,e7ca1105-8b8f-4dee-a332-17c93bb5c040,2.0,,,,,,,,,,,,,,,,,,,,,,,,,,,,,,,,,,,"(-12.8, 0.7, 1.4)","(-13.1, 1.4, 1.2)","(-13.2, 0.7, 1.0)",
PLAYER_POSITIONS,546928,6/26/2026 11:39:21 AM,e7ca1105-8b8f-4dee-a332-17c93bb5c040,2.0,,,,,,,,,,,,,,,,,,,,,,,,,,,,,,,,,,,"(-12.8, 0.7, 1.4)","(-13.1, 1.4, 1.2)","(-13.2, 0.7, 1.0)",
PLAYER_POSITIONS,547456,6/26/2026 11:39:22 AM,e7ca1105-8b8f-4dee-a332-17c93bb5c040,2.0,,,,,,,,,,,,,,,,,,,,,,,,,,,,,,,,,,,"(-12.6, 0.7, 1.2)","(-12.8, 1.3, 1.0)","(-12.8, 0.9, 0.7)",
PLAYER_POSITIONS,547456,6/26/2026 11:39:22 AM,e7ca1105-8b8f-4dee-a332-17c93bb5c040,2.0,,,,,,,,,,,,,,,,,,,,,,,,,,,,,,,,,,,"(-12.6, 0.7, 1.2)","(-12.8, 1.3, 1.0)","(-12.8, 0.9, 0.7)",
PLAYER_POSITIONS,547959,6/26/2026 11:39:22 AM,e7ca1105-8b8f-4dee-a332-17c93bb5c040,2.0,,,,,,,,,,,,,,,,,,,,,,,,,,,,,,,,,,,"(-12.3, 0.7, 1.0)","(-12.5, 1.3, 0.8)","(-12.5, 0.9, 0.5)",
PLAYER_POSITIONS,547959,6/26/2026 11:39:22 AM,e7ca1105-8b8f-4dee-a332-17c93bb5c040,2.0,,,,,,,,,,,,,,,,,,,,,,,,,,,,,,,,,,,"(-12.3, 0.7, 1.0)","(-12.5, 1.3, 0.8)","(-12.5, 0.9, 0.5)",
PLAYER_POSITIONS,548487,6/26/2026 11:39:23 AM,e7ca1105-8b8f-4dee-a332-17c93bb5c040,2.0,,,,,,,,,,,,,,,,,,,,,,,,,,,,,,,,,,,"(-12.3, 0.7, 1.0)","(-12.5, 1.3, 0.8)","(-12.7, 0.7, 0.4)",
PLAYER_POSITIONS,548487,6/26/2026 11:39:23 AM,e7ca1105-8b8f-4dee-a332-17c93bb5c040,2.0,,,,,,,,,,,,,,,,,,,,,,,,,,,,,,,,,,,"(-12.3, 0.7, 1.0)","(-12.5, 1.3, 0.8)","(-12.7, 0.7, 0.4)",
AUDIO_START,548988,6/26/2026 11:39:23 AM,e7ca1105-8b8f-4dee-a332-17c93bb5c040,2.0,we are overrun two airstrikes,4.571429,
PLAYER_POSITIONS,549007,6/26/2026 11:39:23 AM,e7ca1105-8b8f-4dee-a332-17c93bb5c040,2.0,,,,,,,,,,,,,,,,,,,,,,,,,,,,,,,,,,,"(-12.3, 0.6, 0.9)","(-12.4, 1.3, 0.7)","(-12.7, 0.8, 0.4)",
PLAYER_POSITIONS,549007,6/26/2026 11:39:23 AM,e7ca1105-8b8f-4dee-a332-17c93bb5c040,2.0,,,,,,,,,,,,,,,,,,,,,,,,,,,,,,,,,,,"(-12.3, 0.6, 0.9)","(-12.4, 1.3, 0.7)","(-12.7, 0.8, 0.4)",
PLAYER_POSITIONS,549530,6/26/2026 11:39:24 AM,e7ca1105-8b8f-4dee-a332-17c93bb5c040,2.0,,,,,,,,,,,,,,,,,,,,,,,,,,,,,,,,,,,"(-12.3, 0.7, 0.8)","(-12.7, 1.4, 0.8)","(-13.0, 0.7, 0.7)",
PLAYER_GAZE,549530,6/26/2026 11:39:24 AM,e7ca1105-8b8f-4dee-a332-17c93bb5c040,2.0,,,,,,,,,,,,,,,,,,,,,,,,Civilian PT 8,,,,,,,,,"(3.1, 1.4, 2.6)",,,"(-15.8, 0.0, -1.8)",
PLAYER_POSITIONS,549530,6/26/2026 11:39:24 AM,e7ca1105-8b8f-4dee-a332-17c93bb5c040,2.0,,,,,,,,,,,,,,,,,,,,,,,,,,,,,,,,,,,"(-12.3, 0.7, 0.8)","(-12.7, 1.4, 0.8)","(-13.0, 0.7, 0.7)",
PLAYER_GAZE,549530,6/26/2026 11:39:24 AM,e7ca1105-8b8f-4dee-a332-17c93bb5c040,2.0,,,,,,,,,,,,,,,,,,,,,,,,Civilian PT 8,,,,,,,,,"(3.1, 1.4, 2.6)",,,"(-15.8, 0.0, -1.8)",
PLAYER_POSITIONS,550042,6/26/2026 11:39:24 AM,e7ca1105-8b8f-4dee-a332-17c93bb5c040,2.0,,,,,,,,,,,,,,,,,,,,,,,,,,,,,,,,,,,"(-12.4, 0.7, 0.7)","(-12.8, 1.4, 0.8)","(-13.0, 0.7, 0.7)",
PLAYER_GAZE,550042,6/26/2026 11:39:24 AM,e7ca1105-8b8f-4dee-a332-17c93bb5c040,2.0,,,,,,,,,,,,,,,,,,,,,,,,Civilian PT 15,,,,,,,,,"(1.6, 1.4, 1.1)",,,"(-14.4, 0.0, -0.3)",
PLAYER_POSITIONS,550042,6/26/2026 11:39:24 AM,e7ca1105-8b8f-4dee-a332-17c93bb5c040,2.0,,,,,,,,,,,,,,,,,,,,,,,,,,,,,,,,,,,"(-12.4, 0.7, 0.7)","(-12.8, 1.4, 0.8)","(-13.0, 0.7, 0.7)",
PLAYER_GAZE,550042,6/26/2026 11:39:24 AM,e7ca1105-8b8f-4dee-a332-17c93bb5c040,2.0,,,,,,,,,,,,,,,,,,,,,,,,Civilian PT 15,,,,,,,,,"(1.6, 1.4, 1.1)",,,"(-14.4, 0.0, -0.3)",
VOICE_CAPTURE,550202,6/26/2026 11:39:24 AM,e7ca1105-8b8f-4dee-a332-17c93bb5c040,2.0,,,,,,,,,,,,,,,,,,,,,,,,,,,,,,,,,,,,,,,,,,,,,,,,,,,NA,ude.,
PLAYER_POSITIONS,550559,6/26/2026 11:39:25 AM,e7ca1105-8b8f-4dee-a332-17c93bb5c040,2.0,,,,,,,,,,,,,,,,,,,,,,,,,,,,,,,,,,,"(-12.5, 0.7, 0.7)","(-12.7, 1.4, 0.8)","(-13.0, 0.7, 0.6)",
PLAYER_GAZE,550559,6/26/2026 11:39:25 AM,e7ca1105-8b8f-4dee-a332-17c93bb5c040,2.0,,,,,,,,,,,,,,,,,,,,,,,,Military PT 4,,,,,,,,,"(-1.6, 1.4, 5.5)",,,"(-11.1, 0.0, -4.7)",
PLAYER_POSITIONS,550559,6/26/2026 11:39:25 AM,e7ca1105-8b8f-4dee-a332-17c93bb5c040,2.0,,,,,,,,,,,,,,,,,,,,,,,,,,,,,,,,,,,"(-12.5, 0.7, 0.7)","(-12.7, 1.4, 0.8)","(-13.0, 0.7, 0.6)",
PLAYER_GAZE,550559,6/26/2026 11:39:25 AM,e7ca1105-8b8f-4dee-a332-17c93bb5c040,2.0,,,,,,,,,,,,,,,,,,,,,,,,Military PT 4,,,,,,,,,"(-1.6, 1.4, 5.5)",,,"(-11.1, 0.0, -4.7)",
VOICE_CAPTURE,550730,6/26/2026 11:39:25 AM,e7ca1105-8b8f-4dee-a332-17c93bb5c040,2.0,,,,,,,,,,,,,,,,,,,,,,,,,,,,,,,,,,,,,,,,,,,,,,,,,,,NA,ude.,
PLAYER_POSITIONS,551081,6/26/2026 11:39:25 AM,e7ca1105-8b8f-4dee-a332-17c93bb5c040,2.0,,,,,,,,,,,,,,,,,,,,,,,,,,,,,,,,,,,"(-12.4, 0.7, 0.8)","(-12.6, 1.3, 0.8)","(-12.9, 0.7, 0.5)",
PLAYER_POSITIONS,551081,6/26/2026 11:39:25 AM,e7ca1105-8b8f-4dee-a332-17c93bb5c040,2.0,,,,,,,,,,,,,,,,,,,,,,,,,,,,,,,,,,,"(-12.4, 0.7, 0.8)","(-12.6, 1.3, 0.8)","(-12.9, 0.7, 0.5)",
VOICE_CAPTURE,551221,6/26/2026 11:39:25 AM,e7ca1105-8b8f-4dee-a332-17c93bb5c040,2.0,,,,,,,,,,,,,,,,,,,,,,,,,,,,,,,,,,,,,,,,,,,,,,,,,,,NA,ude.,
PLAYER_POSITIONS,551594,6/26/2026 11:39:26 AM,e7ca1105-8b8f-4dee-a332-17c93bb5c040,2.0,,,,,,,,,,,,,,,,,,,,,,,,,,,,,,,,,,,"(-12.2, 0.7, 0.9)","(-12.2, 1.2, 0.8)","(-12.5, 0.7, 0.4)",
PLAYER_POSITIONS,551594,6/26/2026 11:39:26 AM,e7ca1105-8b8f-4dee-a332-17c93bb5c040,2.0,,,,,,,,,,,,,,,,,,,,,,,,,,,,,,,,,,,"(-12.2, 0.7, 0.9)","(-12.2, 1.2, 0.8)","(-12.5, 0.7, 0.4)",
VOICE_CAPTURE,551693,6/26/2026 11:39:26 AM,e7ca1105-8b8f-4dee-a332-17c93bb5c040,2.0,,,,,,,,,,,,,,,,,,,,,,,,,,,,,,,,,,,,,,,,,,,,,,,,,,,NA,ude. Dude.,
PLAYER_POSITIONS,552095,6/26/2026 11:39:26 AM,e7ca1105-8b8f-4dee-a332-17c93bb5c040,2.0,,,,,,,,,,,,,,,,,,,,,,,,,,,,,,,,,,,"(-12.2, 0.6, 0.8)","(-12.3, 1.0, 0.8)","(-12.5, 0.6, 0.3)",
PLAYER_POSITIONS,552095,6/26/2026 11:39:26 AM,e7ca1105-8b8f-4dee-a332-17c93bb5c040,2.0,,,,,,,,,,,,,,,,,,,,,,,,,,,,,,,,,,,"(-12.2, 0.6, 0.8)","(-12.3, 1.0, 0.8)","(-12.5, 0.6, 0.3)",
VOICE_CAPTURE,552235,6/26/2026 11:39:26 AM,e7ca1105-8b8f-4dee-a332-17c93bb5c040,2.0,,,,,,,,,,,,,,,,,,,,,,,,,,,,,,,,,,,,,,,,,,,,,,,,,,,NA,ude. Dude.,
VOICE_CAPTURE,552235,6/26/2026 11:39:26 AM,e7ca1105-8b8f-4dee-a332-17c93bb5c040,2.0,,,,,,,,,,,,,,,,,,,,,,,,,,,,,,,,,,,,,,,,,,,,,,,,,,,NA,ude. Dude.,
PLAYER_POSITIONS,552623,6/26/2026 11:39:27 AM,e7ca1105-8b8f-4dee-a332-17c93bb5c040,2.0,,,,,,,,,,,,,,,,,,,,,,,,,,,,,,,,,,,"(-12.2, 0.5, 0.8)","(-12.4, 0.9, 0.7)","(-12.6, 0.4, 0.2)",
PLAYER_POSITIONS,552623,6/26/2026 11:39:27 AM,e7ca1105-8b8f-4dee-a332-17c93bb5c040,2.0,,,,,,,,,,,,,,,,,,,,,,,,,,,,,,,,,,,"(-12.2, 0.5, 0.8)","(-12.4, 0.9, 0.7)","(-12.6, 0.4, 0.2)",
PLAYER_POSITIONS,553136,6/26/2026 11:39:27 AM,e7ca1105-8b8f-4dee-a332-17c93bb5c040,2.0,,,,,,,,,,,,,,,,,,,,,,,,,,,,,,,,,,,"(-12.3, 0.5, 0.7)","(-12.5, 0.9, 0.6)","(-12.7, 0.3, 0.3)",
PLAYER_POSITIONS,553136,6/26/2026 11:39:27 AM,e7ca1105-8b8f-4dee-a332-17c93bb5c040,2.0,,,,,,,,,,,,,,,,,,,,,,,,,,,,,,,,,,,"(-12.3, 0.5, 0.7)","(-12.5, 0.9, 0.6)","(-12.7, 0.3, 0.3)",
AUDIO_END,553552,6/26/2026 11:39:28 AM,e7ca1105-8b8f-4dee-a332-17c93bb5c040,2.0,we are overrun two airstrikes,4.571429,
NARRATIVE_SECTION_END,553552,6/26/2026 11:39:28 AM,e7ca1105-8b8f-4dee-a332-17c93bb5c040,2.0,,,,,,,,,,,,,,,,,,Echo Overrun,62,
NARRATIVE_SECTION_START,553602,6/26/2026 11:39:28 AM,e7ca1105-8b8f-4dee-a332-17c93bb5c040,2.0,,,,,,,,,,,,,,,,,,Echo squad requesting danger close,63,
PLAYER_POSITIONS,553663,6/26/2026 11:39:28 AM,e7ca1105-8b8f-4dee-a332-17c93bb5c040,2.0,,,,,,,,,,,,,,,,,,,,,,,,,,,,,,,,,,,"(-12.2, 0.4, 0.7)","(-12.6, 0.9, 0.6)","(-12.8, 0.5, 0.2)",
PLAYER_POSITIONS,553663,6/26/2026 11:39:28 AM,e7ca1105-8b8f-4dee-a332-17c93bb5c040,2.0,,,,,,,,,,,,,,,,,,,,,,,,,,,,,,,,,,,"(-12.2, 0.4, 0.7)","(-12.6, 0.9, 0.6)","(-12.8, 0.5, 0.2)",
TOOL_HOVER,554047,6/26/2026 11:39:28 AM,e7ca1105-8b8f-4dee-a332-17c93bb5c040,2.0,,,,,,,,,,,,,,,,,,,,,,,,,,,,,,,,,,,,,,,,,,,,,,996,,Blanket,
PLAYER_POSITIONS,554176,6/26/2026 11:39:28 AM,e7ca1105-8b8f-4dee-a332-17c93bb5c040,2.0,,,,,,,,,,,,,,,,,,,,,,,,,,,,,,,,,,,"(-12.2, 0.5, 0.8)","(-12.6, 0.9, 0.5)","(-12.7, 0.4, 0.0)",
PLAYER_POSITIONS,554176,6/26/2026 11:39:28 AM,e7ca1105-8b8f-4dee-a332-17c93bb5c040,2.0,,,,,,,,,,,,,,,,,,,,,,,,,,,,,,,,,,,"(-12.2, 0.5, 0.8)","(-12.6, 0.9, 0.5)","(-12.7, 0.4, 0.0)",
TOOL_SELECTED,554246,6/26/2026 11:39:28 AM,e7ca1105-8b8f-4dee-a332-17c93bb5c040,2.0,,,,,,,,,,,,,,,,,,,,,,,,,,,,,,,,,,,,,,,,,,,,,,995,,Blanket,
PLAYER_POSITIONS,554697,6/26/2026 11:39:29 AM,e7ca1105-8b8f-4dee-a332-17c93bb5c040,2.0,,,,,,,,,,,,,,,,,,,,,,,,,,,,,,,,,,,"(-12.3, 0.5, 0.8)","(-12.4, 0.8, 0.6)","(-12.3, 0.2, 0.5)",
PLAYER_POSITIONS,554697,6/26/2026 11:39:29 AM,e7ca1105-8b8f-4dee-a332-17c93bb5c040,2.0,,,,,,,,,,,,,,,,,,,,,,,,,,,,,,,,,,,"(-12.3, 0.5, 0.8)","(-12.4, 0.8, 0.6)","(-12.3, 0.2, 0.5)",
INJURY_TREATED,554904,6/26/2026 11:39:29 AM,e7ca1105-8b8f-4dee-a332-17c93bb5c040,2.0,,,,,,,,,fullBody,Unspecified,"(0.0, 0.0, 0.0)",none,1,1,none,True,False,,,,,,,Military PT 2,
TOOL_APPLIED,554904,6/26/2026 11:39:29 AM,e7ca1105-8b8f-4dee-a332-17c93bb5c040,2.0,,,,,,,,,,,,,,,,,,,,,,,,Military PT 2,,,,,,,,,,,,,,,,,,,,AppliedBlanket,Military PT 2 (UnityEngine.GameObject),,Blanket(Clone) (UnityEngine.GameObject),Blanket,
PATIENT_ENGAGED,554928,6/26/2026 11:39:29 AM,e7ca1105-8b8f-4dee-a332-17c93bb5c040,2.0,,,,0,,,,,,,,,,,,,,,,restricted,100,Infinity,normal,Military PT 2,agony,supine,"(-12.0, -0.1, 1.1)",faint,"(0.0, 0.4, 0.0, 0.9)",normal,EXPECTANT,still,,,,,,,,,,,,,,,,,10.67,
PLAYER_POSITIONS,555210,6/26/2026 11:39:29 AM,e7ca1105-8b8f-4dee-a332-17c93bb5c040,2.0,,,,,,,,,,,,,,,,,,,,,,,,,,,,,,,,,,,"(-12.3, 0.5, 0.9)","(-12.3, 0.8, 0.6)","(-12.2, 0.2, 0.5)",
PLAYER_POSITIONS,555210,6/26/2026 11:39:29 AM,e7ca1105-8b8f-4dee-a332-17c93bb5c040,2.0,,,,,,,,,,,,,,,,,,,,,,,,,,,,,,,,,,,"(-12.3, 0.5, 0.9)","(-12.3, 0.8, 0.6)","(-12.2, 0.2, 0.5)",
PLAYER_POSITIONS,555724,6/26/2026 11:39:30 AM,e7ca1105-8b8f-4dee-a332-17c93bb5c040,2.0,,,,,,,,,,,,,,,,,,,,,,,,,,,,,,,,,,,"(-12.2, 0.5, 0.8)","(-12.5, 0.9, 0.5)","(-12.6, 0.5, 0.0)",
PLAYER_POSITIONS,555724,6/26/2026 11:39:30 AM,e7ca1105-8b8f-4dee-a332-17c93bb5c040,2.0,,,,,,,,,,,,,,,,,,,,,,,,,,,,,,,,,,,"(-12.2, 0.5, 0.8)","(-12.5, 0.9, 0.5)","(-12.6, 0.5, 0.0)",
TOOL_HOVER,555763,6/26/2026 11:39:30 AM,e7ca1105-8b8f-4dee-a332-17c93bb5c040,2.0,,,,,,,,,,,,,,,,,,,,,,,,,,,,,,,,,,,,,,,,,,,,,,996,,Burn Dressing,
TOOL_SELECTED,556113,6/26/2026 11:39:30 AM,e7ca1105-8b8f-4dee-a332-17c93bb5c040,2.0,,,,,,,,,,,,,,,,,,,,,,,,,,,,,,,,,,,,,,,,,,,,,,995,,Burn Dressing,
PLAYER_POSITIONS,556225,6/26/2026 11:39:30 AM,e7ca1105-8b8f-4dee-a332-17c93bb5c040,2.0,,,,,,,,,,,,,,,,,,,,,,,,,,,,,,,,,,,"(-12.2, 0.5, 0.8)","(-12.5, 0.9, 0.5)","(-12.6, 0.5, 0.0)",
PLAYER_POSITIONS,556225,6/26/2026 11:39:30 AM,e7ca1105-8b8f-4dee-a332-17c93bb5c040,2.0,,,,,,,,,,,,,,,,,,,,,,,,,,,,,,,,,,,"(-12.2, 0.5, 0.8)","(-12.5, 0.9, 0.5)","(-12.6, 0.5, 0.0)",
AUDIO_START,556598,6/26/2026 11:39:31 AM,e7ca1105-8b8f-4dee-a332-17c93bb5c040,2.0,echo squad requesting danger close,4.571429,
PLAYER_POSITIONS,556734,6/26/2026 11:39:31 AM,e7ca1105-8b8f-4dee-a332-17c93bb5c040,2.0,,,,,,,,,,,,,,,,,,,,,,,,,,,,,,,,,,,"(-12.3, 0.5, 0.9)","(-12.3, 0.8, 0.6)","(-12.1, 0.2, 0.6)",
PLAYER_POSITIONS,556734,6/26/2026 11:39:31 AM,e7ca1105-8b8f-4dee-a332-17c93bb5c040,2.0,,,,,,,,,,,,,,,,,,,,,,,,,,,,,,,,,,,"(-12.3, 0.5, 0.9)","(-12.3, 0.8, 0.6)","(-12.1, 0.2, 0.6)",
TREATMENT_APPLIED,556968,6/26/2026 11:39:31 AM,e7ca1105-8b8f-4dee-a332-17c93bb5c040,2.0,,,,,,,,,abdomen,,"(-12.0, 0.1, 0.6)",gauzeWrap,,,,,,,,,,,,Military PT 2,
TOOL_APPLIED,556971,6/26/2026 11:39:31 AM,e7ca1105-8b8f-4dee-a332-17c93bb5c040,2.0,,,,,,,,,,,,,,,,,,,,,,,,Military PT 2,,,,,,,,,,,,,,,,,,,,AppliedBurnDressing,skinCollider_BodyCollideLOD (UnityEngine.GameObject),,Burn Dressing(Clone) (UnityEngine.GameObject),Burn Dressing,
TOOL_DISCARDED,556993,6/26/2026 11:39:31 AM,e7ca1105-8b8f-4dee-a332-17c93bb5c040,2.0,,,,,,,,,,,,,,,,,,,,,,,,Military PT 2,,,,,,,,,,,,"(0.0, 0.0, 0.0)",,,,,,,,,,994,,Burn Dressing,
PLAYER_POSITIONS,557247,6/26/2026 11:39:31 AM,e7ca1105-8b8f-4dee-a332-17c93bb5c040,2.0,,,,,,,,,,,,,,,,,,,,,,,,,,,,,,,,,,,"(-12.3, 0.5, 0.9)","(-12.2, 0.8, 0.7)","(-12.1, 0.2, 0.6)",
PLAYER_POSITIONS,557247,6/26/2026 11:39:31 AM,e7ca1105-8b8f-4dee-a332-17c93bb5c040,2.0,,,,,,,,,,,,,,,,,,,,,,,,,,,,,,,,,,,"(-12.3, 0.5, 0.9)","(-12.2, 0.8, 0.7)","(-12.1, 0.2, 0.6)",
VOICE_CAPTURE,557721,6/26/2026 11:39:32 AM,e7ca1105-8b8f-4dee-a332-17c93bb5c040,2.0,,,,,,,,,,,,,,,,,,,,,,,,,,,,,,,,,,,,,,,,,,,,,,,,,,,NA,See if we can.,
PLAYER_POSITIONS,557748,6/26/2026 11:39:32 AM,e7ca1105-8b8f-4dee-a332-17c93bb5c040,2.0,,,,,,,,,,,,,,,,,,,,,,,,,,,,,,,,,,,"(-12.3, 0.5, 0.9)","(-12.3, 0.8, 0.6)","(-12.3, 0.2, 0.3)",
PLAYER_POSITIONS,557748,6/26/2026 11:39:32 AM,e7ca1105-8b8f-4dee-a332-17c93bb5c040,2.0,,,,,,,,,,,,,,,,,,,,,,,,,,,,,,,,,,,"(-12.3, 0.5, 0.9)","(-12.3, 0.8, 0.6)","(-12.3, 0.2, 0.3)",
TOOL_HOVER,557968,6/26/2026 11:39:32 AM,e7ca1105-8b8f-4dee-a332-17c93bb5c040,2.0,,,,,,,,,,,,,,,,,,,,,,,,,,,,,,,,,,,,,,,,,,,,,,995,,Tourniquet,
TOOL_HOVER,558052,6/26/2026 11:39:32 AM,e7ca1105-8b8f-4dee-a332-17c93bb5c040,2.0,,,,,,,,,,,,,,,,,,,,,,,,,,,,,,,,,,,,,,,,,,,,,,994,,Gauze Wrap,
TOOL_HOVER,558189,6/26/2026 11:39:32 AM,e7ca1105-8b8f-4dee-a332-17c93bb5c040,2.0,,,,,,,,,,,,,,,,,,,,,,,,,,,,,,,,,,,,,,,,,,,,,,997,,Chest Seal,
VOICE_CAPTURE,558192,6/26/2026 11:39:32 AM,e7ca1105-8b8f-4dee-a332-17c93bb5c040,2.0,,,,,,,,,,,,,,,,,,,,,,,,,,,,,,,,,,,,,,,,,,,,,,,,,,,NA,See if we can.,
VOICE_CAPTURE,558193,6/26/2026 11:39:32 AM,e7ca1105-8b8f-4dee-a332-17c93bb5c040,2.0,,,,,,,,,,,,,,,,,,,,,,,,,,,,,,,,,,,,,,,,,,,,,,,,,,,NA,See if we can.,
TOOL_HOVER,558248,6/26/2026 11:39:32 AM,e7ca1105-8b8f-4dee-a332-17c93bb5c040,2.0,,,,,,,,,,,,,,,,,,,,,,,,,,,,,,,,,,,,,,,,,,,,,,995,,Burn Dressing,
PLAYER_POSITIONS,558251,6/26/2026 11:39:32 AM,e7ca1105-8b8f-4dee-a332-17c93bb5c040,2.0,,,,,,,,,,,,,,,,,,,,,,,,,,,,,,,,,,,"(-12.3, 0.5, 0.9)","(-12.4, 0.8, 0.5)","(-12.6, 0.5, 0.0)",
PLAYER_POSITIONS,558251,6/26/2026 11:39:32 AM,e7ca1105-8b8f-4dee-a332-17c93bb5c040,2.0,,,,,,,,,,,,,,,,,,,,,,,,,,,,,,,,,,,"(-12.3, 0.5, 0.9)","(-12.4, 0.8, 0.5)","(-12.6, 0.5, 0.0)",
TOOL_SELECTED,558554,6/26/2026 11:39:33 AM,e7ca1105-8b8f-4dee-a332-17c93bb5c040,2.0,,,,,,,,,,,,,,,,,,,,,,,,,,,,,,,,,,,,,,,,,,,,,,994,,Burn Dressing,
PLAYER_POSITIONS,558766,6/26/2026 11:39:33 AM,e7ca1105-8b8f-4dee-a332-17c93bb5c040,2.0,,,,,,,,,,,,,,,,,,,,,,,,,,,,,,,,,,,"(-12.2, 0.5, 0.9)","(-12.3, 0.8, 0.6)","(-12.4, 0.3, 0.2)",
PLAYER_POSITIONS,558766,6/26/2026 11:39:33 AM,e7ca1105-8b8f-4dee-a332-17c93bb5c040,2.0,,,,,,,,,,,,,,,,,,,,,,,,,,,,,,,,,,,"(-12.2, 0.5, 0.9)","(-12.3, 0.8, 0.6)","(-12.4, 0.3, 0.2)",
PLAYER_POSITIONS,559290,6/26/2026 11:39:34 AM,e7ca1105-8b8f-4dee-a332-17c93bb5c040,2.0,,,,,,,,,,,,,,,,,,,,,,,,,,,,,,,,,,,"(-12.3, 0.5, 0.9)","(-12.2, 0.7, 0.7)","(-12.1, 0.2, 0.7)",
PLAYER_POSITIONS,559290,6/26/2026 11:39:34 AM,e7ca1105-8b8f-4dee-a332-17c93bb5c040,2.0,,,,,,,,,,,,,,,,,,,,,,,,,,,,,,,,,,,"(-12.3, 0.5, 0.9)","(-12.2, 0.7, 0.7)","(-12.1, 0.2, 0.7)",
TREATMENT_APPLIED,559371,6/26/2026 11:39:34 AM,e7ca1105-8b8f-4dee-a332-17c93bb5c040,2.0,,,,,,,,,abdomen,,"(-12.0, 0.1, 0.6)",gauzeWrap,,,,,,,,,,,,Military PT 2,
TOOL_APPLIED,559375,6/26/2026 11:39:34 AM,e7ca1105-8b8f-4dee-a332-17c93bb5c040,2.0,,,,,,,,,,,,,,,,,,,,,,,,Military PT 2,,,,,,,,,,,,,,,,,,,,AppliedBurnDressing,skinCollider_BodyCollideLOD (UnityEngine.GameObject),,Burn Dressing(Clone) (UnityEngine.GameObject),Burn Dressing,
TOOL_DISCARDED,559411,6/26/2026 11:39:34 AM,e7ca1105-8b8f-4dee-a332-17c93bb5c040,2.0,,,,,,,,,,,,,,,,,,,,,,,,Military PT 2,,,,,,,,,,,,"(0.0, 0.0, 0.0)",,,,,,,,,,993,,Burn Dressing,
PLAYER_POSITIONS,559790,6/26/2026 11:39:34 AM,e7ca1105-8b8f-4dee-a332-17c93bb5c040,2.0,,,,,,,,,,,,,,,,,,,,,,,,,,,,,,,,,,,"(-12.3, 0.5, 0.9)","(-12.2, 0.8, 0.7)","(-12.2, 0.1, 0.6)",
PLAYER_POSITIONS,559790,6/26/2026 11:39:34 AM,e7ca1105-8b8f-4dee-a332-17c93bb5c040,2.0,,,,,,,,,,,,,,,,,,,,,,,,,,,,,,,,,,,"(-12.3, 0.5, 0.9)","(-12.2, 0.8, 0.7)","(-12.2, 0.1, 0.6)",
PLAYER_POSITIONS,560304,6/26/2026 11:39:35 AM,e7ca1105-8b8f-4dee-a332-17c93bb5c040,2.0,,,,,,,,,,,,,,,,,,,,,,,,,,,,,,,,,,,"(-12.3, 0.5, 0.8)","(-12.3, 0.8, 0.8)","(-12.4, 0.1, 0.5)",
PLAYER_GAZE,560304,6/26/2026 11:39:35 AM,e7ca1105-8b8f-4dee-a332-17c93bb5c040,2.0,,,,,,,,,,,,,,,,,,,,,,,,Military PT 2,,,,,,,,,"(-0.3, 0.8, -0.3)",,,"(-12.0, 0.0, 1.1)",
PLAYER_POSITIONS,560304,6/26/2026 11:39:35 AM,e7ca1105-8b8f-4dee-a332-17c93bb5c040,2.0,,,,,,,,,,,,,,,,,,,,,,,,,,,,,,,,,,,"(-12.3, 0.5, 0.8)","(-12.3, 0.8, 0.8)","(-12.4, 0.1, 0.5)",
PLAYER_GAZE,560304,6/26/2026 11:39:35 AM,e7ca1105-8b8f-4dee-a332-17c93bb5c040,2.0,,,,,,,,,,,,,,,,,,,,,,,,Military PT 2,,,,,,,,,"(-0.3, 0.8, -0.3)",,,"(-12.0, 0.0, 1.1)",
BAG_CLOSED,560662,6/26/2026 11:39:35 AM,e7ca1105-8b8f-4dee-a332-17c93bb5c040,2.0,,,,,,,,,,,,,,,,,,,,,,,,,,,,,,,,,,,,"(0.0, 0.0, 0.0)",
PLAYER_POSITIONS,560846,6/26/2026 11:39:35 AM,e7ca1105-8b8f-4dee-a332-17c93bb5c040,2.0,,,,,,,,,,,,,,,,,,,,,,,,,,,,,,,,,,,"(-12.3, 0.5, 0.8)","(-12.4, 0.8, 0.8)","(-12.5, 0.1, 0.4)",
PLAYER_GAZE,560846,6/26/2026 11:39:35 AM,e7ca1105-8b8f-4dee-a332-17c93bb5c040,2.0,,,,,,,,,,,,,,,,,,,,,,,,Military PT 2,,,,,,,,,"(-0.4, 0.8, -0.3)",,,"(-12.0, 0.0, 1.1)",
PLAYER_POSITIONS,560846,6/26/2026 11:39:35 AM,e7ca1105-8b8f-4dee-a332-17c93bb5c040,2.0,,,,,,,,,,,,,,,,,,,,,,,,,,,,,,,,,,,"(-12.3, 0.5, 0.8)","(-12.4, 0.8, 0.8)","(-12.5, 0.1, 0.4)",
PLAYER_GAZE,560846,6/26/2026 11:39:35 AM,e7ca1105-8b8f-4dee-a332-17c93bb5c040,2.0,,,,,,,,,,,,,,,,,,,,,,,,Military PT 2,,,,,,,,,"(-0.4, 0.8, -0.3)",,,"(-12.0, 0.0, 1.1)",
VOICE_CAPTURE,561123,6/26/2026 11:39:35 AM,e7ca1105-8b8f-4dee-a332-17c93bb5c040,2.0,,,,,,,,,,,,,,,,,,,,,,,,,,,,,,,,,,,,,,,,,,,,,,,,,,,NA,t yeah this is a good idea.,
AUDIO_END,561178,6/26/2026 11:39:35 AM,e7ca1105-8b8f-4dee-a332-17c93bb5c040,2.0,echo squad requesting danger close,4.571429,
NARRATIVE_SECTION_END,561178,6/26/2026 11:39:35 AM,e7ca1105-8b8f-4dee-a332-17c93bb5c040,2.0,,,,,,,,,,,,,,,,,,Echo squad requesting danger close,63,
NARRATIVE_SECTION_START,561258,6/26/2026 11:39:35 AM,e7ca1105-8b8f-4dee-a332-17c93bb5c040,2.0,,,,,,,,,,,,,,,,,,Hammer 1-2 inbound for danger close,64,
VOICE_CAPTURE,561306,6/26/2026 11:39:36 AM,e7ca1105-8b8f-4dee-a332-17c93bb5c040,2.0,,,,,,,,,,,,,,,,,,,,,,,,,,,,,,,,,,,,,,,,,,,,,,,,,,,NA,"t yeah this is a good idea. See if we can. Yeah, this isn't going to be shit.",
PLAYER_POSITIONS,561361,6/26/2026 11:39:36 AM,e7ca1105-8b8f-4dee-a332-17c93bb5c040,2.0,,,,,,,,,,,,,,,,,,,,,,,,,,,,,,,,,,,"(-12.3, 0.5, 0.8)","(-12.4, 0.8, 0.7)","(-12.5, 0.2, 0.4)",
PLAYER_POSITIONS,561361,6/26/2026 11:39:36 AM,e7ca1105-8b8f-4dee-a332-17c93bb5c040,2.0,,,,,,,,,,,,,,,,,,,,,,,,,,,,,,,,,,,"(-12.3, 0.5, 0.8)","(-12.4, 0.8, 0.7)","(-12.5, 0.2, 0.4)",
VOICE_CAPTURE,561764,6/26/2026 11:39:36 AM,e7ca1105-8b8f-4dee-a332-17c93bb5c040,2.0,,,,,,,,,,,,,,,,,,,,,,,,,,,,,,,,,,,,,,,,,,,,,,,,,,,NA,"t yeah this is a good idea. See if we can. Yeah, this isn't going to be shit.",
VOICE_CAPTURE,561764,6/26/2026 11:39:36 AM,e7ca1105-8b8f-4dee-a332-17c93bb5c040,2.0,,,,,,,,,,,,,,,,,,,,,,,,,,,,,,,,,,,,,,,,,,,,,,,,,,,NA,"t yeah this is a good idea. See if we can. Yeah, this isn't going to be shit.",
PLAYER_POSITIONS,561877,6/26/2026 11:39:36 AM,e7ca1105-8b8f-4dee-a332-17c93bb5c040,2.0,,,,,,,,,,,,,,,,,,,,,,,,,,,,,,,,,,,"(-12.3, 0.5, 0.8)","(-12.4, 0.9, 0.6)","(-12.3, 0.6, 0.5)",
PLAYER_POSITIONS,561877,6/26/2026 11:39:36 AM,e7ca1105-8b8f-4dee-a332-17c93bb5c040,2.0,,,,,,,,,,,,,,,,,,,,,,,,,,,,,,,,,,,"(-12.3, 0.5, 0.8)","(-12.4, 0.9, 0.6)","(-12.3, 0.6, 0.5)",
PLAYER_POSITIONS,562393,6/26/2026 11:39:37 AM,e7ca1105-8b8f-4dee-a332-17c93bb5c040,2.0,,,,,,,,,,,,,,,,,,,,,,,,,,,,,,,,,,,"(-12.3, 0.5, 0.8)","(-12.3, 0.9, 0.9)","(-12.4, 0.3, 0.5)",
PLAYER_GAZE,562393,6/26/2026 11:39:37 AM,e7ca1105-8b8f-4dee-a332-17c93bb5c040,2.0,,,,,,,,,,,,,,,,,,,,,,,,Military PT 2,,,,,,,,,"(-0.3, 0.9, -0.2)",,,"(-12.0, 0.0, 1.1)",
PLAYER_POSITIONS,562393,6/26/2026 11:39:37 AM,e7ca1105-8b8f-4dee-a332-17c93bb5c040,2.0,,,,,,,,,,,,,,,,,,,,,,,,,,,,,,,,,,,"(-12.3, 0.5, 0.8)","(-12.3, 0.9, 0.9)","(-12.4, 0.3, 0.5)",
PLAYER_GAZE,562393,6/26/2026 11:39:37 AM,e7ca1105-8b8f-4dee-a332-17c93bb5c040,2.0,,,,,,,,,,,,,,,,,,,,,,,,Military PT 2,,,,,,,,,"(-0.3, 0.9, -0.2)",,,"(-12.0, 0.0, 1.1)",
PLAYER_POSITIONS,562897,6/26/2026 11:39:37 AM,e7ca1105-8b8f-4dee-a332-17c93bb5c040,2.0,,,,,,,,,,,,,,,,,,,,,,,,,,,,,,,,,,,"(-12.2, 0.5, 0.8)","(-12.3, 0.9, 1.0)","(-12.3, 0.3, 0.6)",
PLAYER_GAZE,562897,6/26/2026 11:39:37 AM,e7ca1105-8b8f-4dee-a332-17c93bb5c040,2.0,,,,,,,,,,,,,,,,,,,,,,,,Military PT 2,,,,,,,,,"(-0.3, 0.9, -0.1)",,,"(-12.0, 0.0, 1.1)",
PLAYER_POSITIONS,562897,6/26/2026 11:39:37 AM,e7ca1105-8b8f-4dee-a332-17c93bb5c040,2.0,,,,,,,,,,,,,,,,,,,,,,,,,,,,,,,,,,,"(-12.2, 0.5, 0.8)","(-12.3, 0.9, 1.0)","(-12.3, 0.3, 0.6)",
PLAYER_GAZE,562897,6/26/2026 11:39:37 AM,e7ca1105-8b8f-4dee-a332-17c93bb5c040,2.0,,,,,,,,,,,,,,,,,,,,,,,,Military PT 2,,,,,,,,,"(-0.3, 0.9, -0.1)",,,"(-12.0, 0.0, 1.1)",
PLAYER_POSITIONS,563400,6/26/2026 11:39:38 AM,e7ca1105-8b8f-4dee-a332-17c93bb5c040,2.0,,,,,,,,,,,,,,,,,,,,,,,,,,,,,,,,,,,"(-12.4, 0.6, 0.6)","(-12.5, 1.4, 0.5)","(-12.6, 0.7, 0.3)",
PLAYER_POSITIONS,563400,6/26/2026 11:39:38 AM,e7ca1105-8b8f-4dee-a332-17c93bb5c040,2.0,,,,,,,,,,,,,,,,,,,,,,,,,,,,,,,,,,,"(-12.4, 0.6, 0.6)","(-12.5, 1.4, 0.5)","(-12.6, 0.7, 0.3)",
PLAYER_POSITIONS,563927,6/26/2026 11:39:38 AM,e7ca1105-8b8f-4dee-a332-17c93bb5c040,2.0,,,,,,,,,,,,,,,,,,,,,,,,,,,,,,,,,,,"(-12.6, 0.7, 0.2)","(-12.9, 1.4, 0.2)","(-13.1, 0.7, 0.0)",
PLAYER_GAZE,563927,6/26/2026 11:39:38 AM,e7ca1105-8b8f-4dee-a332-17c93bb5c040,2.0,,,,,,,,,,,,,,,,,,,,,,,,Military PT 9,,,,,,,,,"(-0.3, 1.4, 2.0)",,,"(-12.7, 0.0, -1.8)",
PLAYER_POSITIONS,563927,6/26/2026 11:39:38 AM,e7ca1105-8b8f-4dee-a332-17c93bb5c040,2.0,,,,,,,,,,,,,,,,,,,,,,,,,,,,,,,,,,,"(-12.6, 0.7, 0.2)","(-12.9, 1.4, 0.2)","(-13.1, 0.7, 0.0)",
PLAYER_GAZE,563927,6/26/2026 11:39:38 AM,e7ca1105-8b8f-4dee-a332-17c93bb5c040,2.0,,,,,,,,,,,,,,,,,,,,,,,,Military PT 9,,,,,,,,,"(-0.3, 1.4, 2.0)",,,"(-12.7, 0.0, -1.8)",
AUDIO_START,564247,6/26/2026 11:39:38 AM,e7ca1105-8b8f-4dee-a332-17c93bb5c040,2.0,hammer 1 2 inbound for danger close,3.239184,
PLAYER_POSITIONS,564429,6/26/2026 11:39:39 AM,e7ca1105-8b8f-4dee-a332-17c93bb5c040,2.0,,,,,,,,,,,,,,,,,,,,,,,,,,,,,,,,,,,"(-12.6, 0.7, 0.0)","(-12.9, 1.4, 0.0)","(-13.2, 0.7, -0.1)",
PLAYER_GAZE,564429,6/26/2026 11:39:39 AM,e7ca1105-8b8f-4dee-a332-17c93bb5c040,2.0,,,,,,,,,,,,,,,,,,,,,,,,Military PT 9,,,,,,,,,"(-0.2, 1.4, 1.8)",,,"(-12.7, 0.0, -1.8)",
PLAYER_POSITIONS,564429,6/26/2026 11:39:39 AM,e7ca1105-8b8f-4dee-a332-17c93bb5c040,2.0,,,,,,,,,,,,,,,,,,,,,,,,,,,,,,,,,,,"(-12.6, 0.7, 0.0)","(-12.9, 1.4, 0.0)","(-13.2, 0.7, -0.1)",
PLAYER_GAZE,564429,6/26/2026 11:39:39 AM,e7ca1105-8b8f-4dee-a332-17c93bb5c040,2.0,,,,,,,,,,,,,,,,,,,,,,,,Military PT 9,,,,,,,,,"(-0.2, 1.4, 1.8)",,,"(-12.7, 0.0, -1.8)",
PLAYER_POSITIONS,564941,6/26/2026 11:39:39 AM,e7ca1105-8b8f-4dee-a332-17c93bb5c040,2.0,,,,,,,,,,,,,,,,,,,,,,,,,,,,,,,,,,,"(-12.4, 0.7, -0.8)","(-12.7, 1.4, -0.7)","(-12.9, 0.7, -0.8)",
PLAYER_GAZE,564941,6/26/2026 11:39:39 AM,e7ca1105-8b8f-4dee-a332-17c93bb5c040,2.0,,,,,,,,,,,,,,,,,,,,,,,,Military PT 9,,,,,,,,,"(0.0, 1.4, 1.1)",,,"(-12.7, 0.0, -1.8)",
PLAYER_POSITIONS,564941,6/26/2026 11:39:39 AM,e7ca1105-8b8f-4dee-a332-17c93bb5c040,2.0,,,,,,,,,,,,,,,,,,,,,,,,,,,,,,,,,,,"(-12.4, 0.7, -0.8)","(-12.7, 1.4, -0.7)","(-12.9, 0.7, -0.8)",
PLAYER_GAZE,564941,6/26/2026 11:39:39 AM,e7ca1105-8b8f-4dee-a332-17c93bb5c040,2.0,,,,,,,,,,,,,,,,,,,,,,,,Military PT 9,,,,,,,,,"(0.0, 1.4, 1.1)",,,"(-12.7, 0.0, -1.8)",
PATIENT_DISENGAGED,565135,6/26/2026 11:39:39 AM,e7ca1105-8b8f-4dee-a332-17c93bb5c040,2.0,,,,10.21,,,,,,,,,,,,,,,,restricted,100,Infinity,normal,Military PT 2,agony,supine,"(-12.0, -0.1, 1.1)",faint,"(0.0, 0.4, 0.0, 0.9)",normal,EXPECTANT,still,,,,,,,,,,,,,,,,,20.88,
VOICE_CAPTURE,565266,6/26/2026 11:39:39 AM,e7ca1105-8b8f-4dee-a332-17c93bb5c040,2.0,,,,,,,,,,,,,,,,,,,,,,,,,,,,,,,,,,,,,,,,,,,,,,,,,,,NA,"h, good.",
PLAYER_POSITIONS,565450,6/26/2026 11:39:40 AM,e7ca1105-8b8f-4dee-a332-17c93bb5c040,2.0,,,,,,,,,,,,,,,,,,,,,,,,,,,,,,,,,,,"(-11.9, 0.7, -1.4)","(-12.1, 1.3, -1.4)","(-12.4, 0.7, -1.5)",
PLAYER_POSITIONS,565450,6/26/2026 11:39:40 AM,e7ca1105-8b8f-4dee-a332-17c93bb5c040,2.0,,,,,,,,,,,,,,,,,,,,,,,,,,,,,,,,,,,"(-11.9, 0.7, -1.4)","(-12.1, 1.3, -1.4)","(-12.4, 0.7, -1.5)",
VOICE_CAPTURE,565770,6/26/2026 11:39:40 AM,e7ca1105-8b8f-4dee-a332-17c93bb5c040,2.0,,,,,,,,,,,,,,,,,,,,,,,,,,,,,,,,,,,,,,,,,,,,,,,,,,,NA,"h, good.",
VOICE_CAPTURE,565770,6/26/2026 11:39:40 AM,e7ca1105-8b8f-4dee-a332-17c93bb5c040,2.0,,,,,,,,,,,,,,,,,,,,,,,,,,,,,,,,,,,,,,,,,,,,,,,,,,,NA,"h, good.",
PLAYER_POSITIONS,565963,6/26/2026 11:39:40 AM,e7ca1105-8b8f-4dee-a332-17c93bb5c040,2.0,,,,,,,,,,,,,,,,,,,,,,,,,,,,,,,,,,,"(-11.8, 0.7, -1.7)","(-12.1, 1.3, -1.7)","(-12.3, 0.9, -1.8)",
PLAYER_POSITIONS,565963,6/26/2026 11:39:40 AM,e7ca1105-8b8f-4dee-a332-17c93bb5c040,2.0,,,,,,,,,,,,,,,,,,,,,,,,,,,,,,,,,,,"(-11.8, 0.7, -1.7)","(-12.1, 1.3, -1.7)","(-12.3, 0.9, -1.8)",
VOICE_CAPTURE,566243,6/26/2026 11:39:40 AM,e7ca1105-8b8f-4dee-a332-17c93bb5c040,2.0,,,,,,,,,,,,,,,,,,,,,,,,,,,,,,,,,,,,,,,,,,,,,,,,,,,NA,"Oh, good.",
PLAYER_POSITIONS,566492,6/26/2026 11:39:41 AM,e7ca1105-8b8f-4dee-a332-17c93bb5c040,2.0,,,,,,,,,,,,,,,,,,,,,,,,,,,,,,,,,,,"(-11.9, 0.7, -1.7)","(-12.2, 1.3, -1.7)","(-12.5, 0.7, -1.8)",
PLAYER_POSITIONS,566492,6/26/2026 11:39:41 AM,e7ca1105-8b8f-4dee-a332-17c93bb5c040,2.0,,,,,,,,,,,,,,,,,,,,,,,,,,,,,,,,,,,"(-11.9, 0.7, -1.7)","(-12.2, 1.3, -1.7)","(-12.5, 0.7, -1.8)",
VOICE_CAPTURE,566702,6/26/2026 11:39:41 AM,e7ca1105-8b8f-4dee-a332-17c93bb5c040,2.0,,,,,,,,,,,,,,,,,,,,,,,,,,,,,,,,,,,,,,,,,,,,,,,,,,,NA,"Oh, good.",
VOICE_CAPTURE,566702,6/26/2026 11:39:41 AM,e7ca1105-8b8f-4dee-a332-17c93bb5c040,2.0,,,,,,,,,,,,,,,,,,,,,,,,,,,,,,,,,,,,,,,,,,,,,,,,,,,NA,"Oh, good.",
PLAYER_POSITIONS,567008,6/26/2026 11:39:41 AM,e7ca1105-8b8f-4dee-a332-17c93bb5c040,2.0,,,,,,,,,,,,,,,,,,,,,,,,,,,,,,,,,,,"(-11.9, 0.7, -1.8)","(-12.3, 1.3, -1.7)","(-12.7, 0.8, -1.7)",
PLAYER_GAZE,567008,6/26/2026 11:39:41 AM,e7ca1105-8b8f-4dee-a332-17c93bb5c040,2.0,,,,,,,,,,,,,,,,,,,,,,,,Military PT 9,,,,,,,,,"(0.4, 1.3, 0.1)",,,"(-12.7, 0.0, -1.8)",
PLAYER_POSITIONS,567008,6/26/2026 11:39:41 AM,e7ca1105-8b8f-4dee-a332-17c93bb5c040,2.0,,,,,,,,,,,,,,,,,,,,,,,,,,,,,,,,,,,"(-11.9, 0.7, -1.8)","(-12.3, 1.3, -1.7)","(-12.7, 0.8, -1.7)",
PLAYER_GAZE,567008,6/26/2026 11:39:41 AM,e7ca1105-8b8f-4dee-a332-17c93bb5c040,2.0,,,,,,,,,,,,,,,,,,,,,,,,Military PT 9,,,,,,,,,"(0.4, 1.3, 0.1)",,,"(-12.7, 0.0, -1.8)",
TOOL_HOVER,567360,6/26/2026 11:39:42 AM,e7ca1105-8b8f-4dee-a332-17c93bb5c040,2.0,,,,,,,,,,,,,,,,,,,,,,,,,,,,,,,,,,,,,,,,,,,,,,995,,Blanket,
AUDIO_END,567501,6/26/2026 11:39:42 AM,e7ca1105-8b8f-4dee-a332-17c93bb5c040,2.0,hammer 1 2 inbound for danger close,3.239184,
NARRATIVE_SECTION_END,567501,6/26/2026 11:39:42 AM,e7ca1105-8b8f-4dee-a332-17c93bb5c040,2.0,,,,,,,,,,,,,,,,,,Hammer 1-2 inbound for danger close,64,
NARRATIVE_SECTION_START,567525,6/26/2026 11:39:42 AM,e7ca1105-8b8f-4dee-a332-17c93bb5c040,2.0,,,,,,,,,,,,,,,,,,Hammer 1-2 cleared hot,65,
PLAYER_POSITIONS,567530,6/26/2026 11:39:42 AM,e7ca1105-8b8f-4dee-a332-17c93bb5c040,2.0,,,,,,,,,,,,,,,,,,,,,,,,,,,,,,,,,,,"(-11.9, 0.7, -1.7)","(-12.4, 1.2, -1.8)","(-12.7, 0.7, -2.0)",
PLAYER_GAZE,567530,6/26/2026 11:39:42 AM,e7ca1105-8b8f-4dee-a332-17c93bb5c040,2.0,,,,,,,,,,,,,,,,,,,,,,,,Military PT 9,,,,,,,,,"(0.3, 1.2, 0.0)",,,"(-12.7, 0.0, -1.8)",
PLAYER_POSITIONS,567530,6/26/2026 11:39:42 AM,e7ca1105-8b8f-4dee-a332-17c93bb5c040,2.0,,,,,,,,,,,,,,,,,,,,,,,,,,,,,,,,,,,"(-11.9, 0.7, -1.7)","(-12.4, 1.2, -1.8)","(-12.7, 0.7, -2.0)",
PLAYER_GAZE,567530,6/26/2026 11:39:42 AM,e7ca1105-8b8f-4dee-a332-17c93bb5c040,2.0,,,,,,,,,,,,,,,,,,,,,,,,Military PT 9,,,,,,,,,"(0.3, 1.2, 0.0)",,,"(-12.7, 0.0, -1.8)",
TOOL_SELECTED,567555,6/26/2026 11:39:42 AM,e7ca1105-8b8f-4dee-a332-17c93bb5c040,2.0,,,,,,,,,,,,,,,,,,,,,,,,,,,,,,,,,,,,,,,,,,,,,,994,,Blanket,
PATIENT_ENGAGED,567901,6/26/2026 11:39:42 AM,e7ca1105-8b8f-4dee-a332-17c93bb5c040,2.0,,,,0,,,,,,,,,,,,,,,,normal,100,Infinity,normal,Military PT 9,unresponsive,supine,"(-12.7, -0.1, -1.8)",faint,"(0.0, -0.7, 0.0, 0.7)",normal,EXPECTANT,still,,,,,,,,,,,,,,,,,22.54,
PLAYER_POSITIONS,568043,6/26/2026 11:39:42 AM,e7ca1105-8b8f-4dee-a332-17c93bb5c040,2.0,,,,,,,,,,,,,,,,,,,,,,,,,,,,,,,,,,,"(-11.9, 0.6, -1.7)","(-12.2, 0.9, -1.9)","(-12.4, 0.3, -1.9)",
PLAYER_POSITIONS,568043,6/26/2026 11:39:42 AM,e7ca1105-8b8f-4dee-a332-17c93bb5c040,2.0,,,,,,,,,,,,,,,,,,,,,,,,,,,,,,,,,,,"(-11.9, 0.6, -1.7)","(-12.2, 0.9, -1.9)","(-12.4, 0.3, -1.9)",
INJURY_TREATED,568461,6/26/2026 11:39:43 AM,e7ca1105-8b8f-4dee-a332-17c93bb5c040,2.0,,,,,,,,,fullBody,Unspecified,"(0.0, 0.0, 0.0)",none,1,1,none,True,False,,,,,,,Military PT 9,
TOOL_APPLIED,568461,6/26/2026 11:39:43 AM,e7ca1105-8b8f-4dee-a332-17c93bb5c040,2.0,,,,,,,,,,,,,,,,,,,,,,,,Military PT 9,,,,,,,,,,,,,,,,,,,,AppliedBlanket,Military PT 9 (UnityEngine.GameObject),,Blanket(Clone) (UnityEngine.GameObject),Blanket,
PLAYER_POSITIONS,568544,6/26/2026 11:39:43 AM,e7ca1105-8b8f-4dee-a332-17c93bb5c040,2.0,,,,,,,,,,,,,,,,,,,,,,,,,,,,,,,,,,,"(-11.9, 0.5, -1.8)","(-12.1, 0.8, -1.9)","(-12.3, 0.1, -2.1)",
PLAYER_POSITIONS,568544,6/26/2026 11:39:43 AM,e7ca1105-8b8f-4dee-a332-17c93bb5c040,2.0,,,,,,,,,,,,,,,,,,,,,,,,,,,,,,,,,,,"(-11.9, 0.5, -1.8)","(-12.1, 0.8, -1.9)","(-12.3, 0.1, -2.1)",
PLAYER_POSITIONS,569070,6/26/2026 11:39:43 AM,e7ca1105-8b8f-4dee-a332-17c93bb5c040,2.0,,,,,,,,,,,,,,,,,,,,,,,,,,,,,,,,,,,"(-11.9, 0.4, -1.9)","(-12.2, 0.8, -1.8)","(-12.5, 0.2, -1.8)",
PLAYER_GAZE,569070,6/26/2026 11:39:43 AM,e7ca1105-8b8f-4dee-a332-17c93bb5c040,2.0,,,,,,,,,,,,,,,,,,,,,,,,Military PT 9,,,,,,,,,"(0.5, 0.8, 0.0)",,,"(-12.7, 0.0, -1.8)",
PLAYER_POSITIONS,569070,6/26/2026 11:39:43 AM,e7ca1105-8b8f-4dee-a332-17c93bb5c040,2.0,,,,,,,,,,,,,,,,,,,,,,,,,,,,,,,,,,,"(-11.9, 0.4, -1.9)","(-12.2, 0.8, -1.8)","(-12.5, 0.2, -1.8)",
PLAYER_GAZE,569070,6/26/2026 11:39:43 AM,e7ca1105-8b8f-4dee-a332-17c93bb5c040,2.0,,,,,,,,,,,,,,,,,,,,,,,,Military PT 9,,,,,,,,,"(0.5, 0.8, 0.0)",,,"(-12.7, 0.0, -1.8)",
BAG_CLOSED,569166,6/26/2026 11:39:43 AM,e7ca1105-8b8f-4dee-a332-17c93bb5c040,2.0,,,,,,,,,,,,,,,,,,,,,,,,,,,,,,,,,,,,"(0.0, 0.0, 0.0)",
PLAYER_POSITIONS,569572,6/26/2026 11:39:44 AM,e7ca1105-8b8f-4dee-a332-17c93bb5c040,2.0,,,,,,,,,,,,,,,,,,,,,,,,,,,,,,,,,,,"(-11.9, 0.4, -2.1)","(-12.0, 0.9, -2.0)","(-12.5, 0.3, -1.9)",
PLAYER_POSITIONS,569572,6/26/2026 11:39:44 AM,e7ca1105-8b8f-4dee-a332-17c93bb5c040,2.0,,,,,,,,,,,,,,,,,,,,,,,,,,,,,,,,,,,"(-11.9, 0.4, -2.1)","(-12.0, 0.9, -2.0)","(-12.5, 0.3, -1.9)",
DRAG_STOP,569935,6/26/2026 11:39:44 AM,e7ca1105-8b8f-4dee-a332-17c93bb5c040,2.0,,,,,"(-6.8, 0.0, 2.1)","(-8.0, 0.0, 0.4)",,,,,,,,,,,,,,,,,,Military PT 9,
PLAYER_POSITIONS,570074,6/26/2026 11:39:44 AM,e7ca1105-8b8f-4dee-a332-17c93bb5c040,2.0,,,,,,,,,,,,,,,,,,,,,,,,,,,,,,,,,,,"(-11.4, 0.4, -2.6)","(-11.5, 0.9, -2.5)","(-11.8, 0.4, -2.7)",
PLAYER_POSITIONS,570074,6/26/2026 11:39:44 AM,e7ca1105-8b8f-4dee-a332-17c93bb5c040,2.0,,,,,,,,,,,,,,,,,,,,,,,,,,,,,,,,,,,"(-11.4, 0.4, -2.6)","(-11.5, 0.9, -2.5)","(-11.8, 0.4, -2.7)",
AUDIO_START,570517,6/26/2026 11:39:45 AM,e7ca1105-8b8f-4dee-a332-17c93bb5c040,2.0,hammer 1 2 cleared hot,2.847347,
PLAYER_POSITIONS,570583,6/26/2026 11:39:45 AM,e7ca1105-8b8f-4dee-a332-17c93bb5c040,2.0,,,,,,,,,,,,,,,,,,,,,,,,,,,,,,,,,,,"(-10.8, 0.4, -3.2)","(-10.9, 0.9, -3.0)","(-11.2, 0.5, -3.2)",
PLAYER_POSITIONS,570583,6/26/2026 11:39:45 AM,e7ca1105-8b8f-4dee-a332-17c93bb5c040,2.0,,,,,,,,,,,,,,,,,,,,,,,,,,,,,,,,,,,"(-10.8, 0.4, -3.2)","(-10.9, 0.9, -3.0)","(-11.2, 0.5, -3.2)",
PATIENT_DISENGAGED,570607,6/26/2026 11:39:45 AM,e7ca1105-8b8f-4dee-a332-17c93bb5c040,2.0,,,,2.71,,,,,,,,,,,,,,,,normal,100,Infinity,normal,Military PT 9,unresponsive,supine,"(-12.7, -0.1, -1.8)",faint,"(0.0, -0.7, 0.0, 0.7)",normal,EXPECTANT,still,,,,,,,,,,,,,,,,,25.25,
PATIENT_ENGAGED,570607,6/26/2026 11:39:45 AM,e7ca1105-8b8f-4dee-a332-17c93bb5c040,2.0,,,,0,,,,,,,,,,,,,,,,fast,100,Infinity,normal,Military PT 4,upset,supine,"(-11.1, -0.1, -4.4)",faint,"(0.0, 1.0, 0.0, 0.2)",normal,IMMEDIATE,still,,,,,,,,,,,,,,,,,31.19,
PLAYER_POSITIONS,571110,6/26/2026 11:39:45 AM,e7ca1105-8b8f-4dee-a332-17c93bb5c040,2.0,,,,,,,,,,,,,,,,,,,,,,,,,,,,,,,,,,,"(-10.8, 0.4, -3.2)","(-11.0, 0.8, -3.1)","(-11.2, 0.6, -3.2)",
PLAYER_POSITIONS,571110,6/26/2026 11:39:45 AM,e7ca1105-8b8f-4dee-a332-17c93bb5c040,2.0,,,,,,,,,,,,,,,,,,,,,,,,,,,,,,,,,,,"(-10.8, 0.4, -3.2)","(-11.0, 0.8, -3.1)","(-11.2, 0.6, -3.2)",
PLAYER_POSITIONS,571609,6/26/2026 11:39:46 AM,e7ca1105-8b8f-4dee-a332-17c93bb5c040,2.0,,,,,,,,,,,,,,,,,,,,,,,,,,,,,,,,,,,"(-10.8, 0.4, -3.2)","(-11.0, 0.8, -3.1)","(-11.3, 0.2, -3.3)",
PLAYER_POSITIONS,571609,6/26/2026 11:39:46 AM,e7ca1105-8b8f-4dee-a332-17c93bb5c040,2.0,,,,,,,,,,,,,,,,,,,,,,,,,,,,,,,,,,,"(-10.8, 0.4, -3.2)","(-11.0, 0.8, -3.1)","(-11.3, 0.2, -3.3)",
PLAYER_POSITIONS,572110,6/26/2026 11:39:46 AM,e7ca1105-8b8f-4dee-a332-17c93bb5c040,2.0,,,,,,,,,,,,,,,,,,,,,,,,,,,,,,,,,,,"(-10.8, 0.4, -3.2)","(-11.1, 0.8, -3.1)","(-11.4, 0.4, -3.4)",
PLAYER_POSITIONS,572110,6/26/2026 11:39:46 AM,e7ca1105-8b8f-4dee-a332-17c93bb5c040,2.0,,,,,,,,,,,,,,,,,,,,,,,,,,,,,,,,,,,"(-10.8, 0.4, -3.2)","(-11.1, 0.8, -3.1)","(-11.4, 0.4, -3.4)",
TOOL_HOVER,572356,6/26/2026 11:39:47 AM,e7ca1105-8b8f-4dee-a332-17c93bb5c040,2.0,,,,,,,,,,,,,,,,,,,,,,,,,,,,,,,,,,,,,,,,,,,,,,994,,Blanket,
TOOL_SELECTED,572468,6/26/2026 11:39:47 AM,e7ca1105-8b8f-4dee-a332-17c93bb5c040,2.0,,,,,,,,,,,,,,,,,,,,,,,,,,,,,,,,,,,,,,,,,,,,,,993,,Blanket,
PLAYER_POSITIONS,572610,6/26/2026 11:39:47 AM,e7ca1105-8b8f-4dee-a332-17c93bb5c040,2.0,,,,,,,,,,,,,,,,,,,,,,,,,,,,,,,,,,,"(-10.8, 0.5, -3.1)","(-11.1, 0.7, -3.2)","(-11.3, 0.2, -3.5)",
PLAYER_GAZE,572610,6/26/2026 11:39:47 AM,e7ca1105-8b8f-4dee-a332-17c93bb5c040,2.0,,,,,,,,,,,,,,,,,,,,,,,,Military PT 4,,,,,,,,,"(0.0, 0.7, 1.5)",,,"(-11.1, 0.0, -4.7)",
PLAYER_POSITIONS,572610,6/26/2026 11:39:47 AM,e7ca1105-8b8f-4dee-a332-17c93bb5c040,2.0,,,,,,,,,,,,,,,,,,,,,,,,,,,,,,,,,,,"(-10.8, 0.5, -3.1)","(-11.1, 0.7, -3.2)","(-11.3, 0.2, -3.5)",
PLAYER_GAZE,572610,6/26/2026 11:39:47 AM,e7ca1105-8b8f-4dee-a332-17c93bb5c040,2.0,,,,,,,,,,,,,,,,,,,,,,,,Military PT 4,,,,,,,,,"(0.0, 0.7, 1.5)",,,"(-11.1, 0.0, -4.7)",
TOOL_DISCARDED,572899,6/26/2026 11:39:47 AM,e7ca1105-8b8f-4dee-a332-17c93bb5c040,2.0,,,,,,,,,,,,,,,,,,,,,,,,Military PT 4,,,,,,,,,,,,"(0.0, 0.0, 0.0)",,,,,,,,,,993,,Blanket,
PLAYER_POSITIONS,573126,6/26/2026 11:39:47 AM,e7ca1105-8b8f-4dee-a332-17c93bb5c040,2.0,,,,,,,,,,,,,,,,,,,,,,,,,,,,,,,,,,,"(-10.8, 0.5, -3.1)","(-11.1, 0.7, -3.2)","(-11.1, 0.1, -3.4)",
PLAYER_POSITIONS,573126,6/26/2026 11:39:47 AM,e7ca1105-8b8f-4dee-a332-17c93bb5c040,2.0,,,,,,,,,,,,,,,,,,,,,,,,,,,,,,,,,,,"(-10.8, 0.5, -3.1)","(-11.1, 0.7, -3.2)","(-11.1, 0.1, -3.4)",
AUDIO_END,573376,6/26/2026 11:39:48 AM,e7ca1105-8b8f-4dee-a332-17c93bb5c040,2.0,hammer 1 2 cleared hot,2.847347,
NARRATIVE_SECTION_END,573376,6/26/2026 11:39:48 AM,e7ca1105-8b8f-4dee-a332-17c93bb5c040,2.0,,,,,,,,,,,,,,,,,,Hammer 1-2 cleared hot,65,
BAG_CLOSED,573400,6/26/2026 11:39:48 AM,e7ca1105-8b8f-4dee-a332-17c93bb5c040,2.0,,,,,,,,,,,,,,,,,,,,,,,,,,,,,,,,,,,,"(0.0, 0.0, 0.0)",
NARRATIVE_SECTION_START,573427,6/26/2026 11:39:48 AM,e7ca1105-8b8f-4dee-a332-17c93bb5c040,2.0,,,,,,,,,,,,,,,,,,Jet flyover 1-2 enable,66,
PLAYER_POSITIONS,573627,6/26/2026 11:39:48 AM,e7ca1105-8b8f-4dee-a332-17c93bb5c040,2.0,,,,,,,,,,,,,,,,,,,,,,,,,,,,,,,,,,,"(-10.8, 0.4, -3.3)","(-11.1, 0.7, -3.3)","(-11.3, 0.3, -3.5)",
PLAYER_POSITIONS,573627,6/26/2026 11:39:48 AM,e7ca1105-8b8f-4dee-a332-17c93bb5c040,2.0,,,,,,,,,,,,,,,,,,,,,,,,,,,,,,,,,,,"(-10.8, 0.4, -3.3)","(-11.1, 0.7, -3.3)","(-11.3, 0.3, -3.5)",
PLAYER_POSITIONS,574140,6/26/2026 11:39:48 AM,e7ca1105-8b8f-4dee-a332-17c93bb5c040,2.0,,,,,,,,,,,,,,,,,,,,,,,,,,,,,,,,,,,"(-10.9, 0.4, -3.4)","(-11.1, 0.7, -3.5)","(-11.3, 0.5, -3.5)",
PLAYER_POSITIONS,574140,6/26/2026 11:39:48 AM,e7ca1105-8b8f-4dee-a332-17c93bb5c040,2.0,,,,,,,,,,,,,,,,,,,,,,,,,,,,,,,,,,,"(-10.9, 0.4, -3.4)","(-11.1, 0.7, -3.5)","(-11.3, 0.5, -3.5)",
NARRATIVE_SECTION_END,574446,6/26/2026 11:39:49 AM,e7ca1105-8b8f-4dee-a332-17c93bb5c040,2.0,,,,,,,,,,,,,,,,,,Jet flyover 1-2 enable,66,
NARRATIVE_SECTION_START,574498,6/26/2026 11:39:49 AM,e7ca1105-8b8f-4dee-a332-17c93bb5c040,2.0,,,,,,,,,,,,,,,,,,Double jet flyover,67,
PLAYER_POSITIONS,574641,6/26/2026 11:39:49 AM,e7ca1105-8b8f-4dee-a332-17c93bb5c040,2.0,,,,,,,,,,,,,,,,,,,,,,,,,,,,,,,,,,,"(-10.9, 0.4, -3.4)","(-11.1, 0.7, -3.5)","(-11.4, 0.3, -3.7)",
PLAYER_POSITIONS,574641,6/26/2026 11:39:49 AM,e7ca1105-8b8f-4dee-a332-17c93bb5c040,2.0,,,,,,,,,,,,,,,,,,,,,,,,,,,,,,,,,,,"(-10.9, 0.4, -3.4)","(-11.1, 0.7, -3.5)","(-11.4, 0.3, -3.7)",
PLAYER_POSITIONS,575183,6/26/2026 11:39:49 AM,e7ca1105-8b8f-4dee-a332-17c93bb5c040,2.0,,,,,,,,,,,,,,,,,,,,,,,,,,,,,,,,,,,"(-10.9, 0.5, -3.3)","(-11.2, 0.7, -3.5)","(-11.4, 0.3, -3.9)",
PLAYER_POSITIONS,575183,6/26/2026 11:39:49 AM,e7ca1105-8b8f-4dee-a332-17c93bb5c040,2.0,,,,,,,,,,,,,,,,,,,,,,,,,,,,,,,,,,,"(-10.9, 0.5, -3.3)","(-11.2, 0.7, -3.5)","(-11.4, 0.3, -3.9)",
TOOL_HOVER,575249,6/26/2026 11:39:49 AM,e7ca1105-8b8f-4dee-a332-17c93bb5c040,2.0,,,,,,,,,,,,,,,,,,,,,,,,,,,,,,,,,,,,,,,,,,,,,,994,,Blanket,
TOOL_SELECTED,575639,6/26/2026 11:39:50 AM,e7ca1105-8b8f-4dee-a332-17c93bb5c040,2.0,,,,,,,,,,,,,,,,,,,,,,,,,,,,,,,,,,,,,,,,,,,,,,993,,Blanket,
PLAYER_POSITIONS,575684,6/26/2026 11:39:50 AM,e7ca1105-8b8f-4dee-a332-17c93bb5c040,2.0,,,,,,,,,,,,,,,,,,,,,,,,,,,,,,,,,,,"(-10.8, 0.5, -3.3)","(-11.2, 0.7, -3.5)","(-11.4, 0.2, -3.9)",
PLAYER_GAZE,575684,6/26/2026 11:39:50 AM,e7ca1105-8b8f-4dee-a332-17c93bb5c040,2.0,,,,,,,,,,,,,,,,,,,,,,,,Military PT 4,,,,,,,,,"(0.0, 0.7, 1.2)",,,"(-11.1, 0.0, -4.7)",
PLAYER_POSITIONS,575684,6/26/2026 11:39:50 AM,e7ca1105-8b8f-4dee-a332-17c93bb5c040,2.0,,,,,,,,,,,,,,,,,,,,,,,,,,,,,,,,,,,"(-10.8, 0.5, -3.3)","(-11.2, 0.7, -3.5)","(-11.4, 0.2, -3.9)",
PLAYER_GAZE,575684,6/26/2026 11:39:50 AM,e7ca1105-8b8f-4dee-a332-17c93bb5c040,2.0,,,,,,,,,,,,,,,,,,,,,,,,Military PT 4,,,,,,,,,"(0.0, 0.7, 1.2)",,,"(-11.1, 0.0, -4.7)",
INJURY_TREATED,576178,6/26/2026 11:39:50 AM,e7ca1105-8b8f-4dee-a332-17c93bb5c040,2.0,,,,,,,,,fullBody,Unspecified,"(0.0, 0.0, 0.0)",none,1,1,none,True,False,,,,,,,Military PT 4,
TOOL_APPLIED,576179,6/26/2026 11:39:50 AM,e7ca1105-8b8f-4dee-a332-17c93bb5c040,2.0,,,,,,,,,,,,,,,,,,,,,,,,Military PT 4,,,,,,,,,,,,,,,,,,,,AppliedBlanket,Military PT 4 (UnityEngine.GameObject),,Blanket(Clone) (UnityEngine.GameObject),Blanket,
VOICE_CAPTURE,576182,6/26/2026 11:39:50 AM,e7ca1105-8b8f-4dee-a332-17c93bb5c040,2.0,,,,,,,,,,,,,,,,,,,,,,,,,,,,,,,,,,,,,,,,,,,,,,,,,,,NA,Thank you.,
PLAYER_POSITIONS,576205,6/26/2026 11:39:50 AM,e7ca1105-8b8f-4dee-a332-17c93bb5c040,2.0,,,,,,,,,,,,,,,,,,,,,,,,,,,,,,,,,,,"(-10.8, 0.5, -3.2)","(-11.0, 0.8, -3.5)","(-11.0, 0.1, -3.7)",
PLAYER_POSITIONS,576205,6/26/2026 11:39:50 AM,e7ca1105-8b8f-4dee-a332-17c93bb5c040,2.0,,,,,,,,,,,,,,,,,,,,,,,,,,,,,,,,,,,"(-10.8, 0.5, -3.2)","(-11.0, 0.8, -3.5)","(-11.0, 0.1, -3.7)",
AUDIO_START,576495,6/26/2026 11:39:51 AM,e7ca1105-8b8f-4dee-a332-17c93bb5c040,2.0,double jet flyover,9.576,
PLAYER_POSITIONS,576732,6/26/2026 11:39:51 AM,e7ca1105-8b8f-4dee-a332-17c93bb5c040,2.0,,,,,,,,,,,,,,,,,,,,,,,,,,,,,,,,,,,"(-10.8, 0.5, -3.3)","(-11.0, 0.8, -3.4)","(-11.2, 0.1, -3.6)",
PLAYER_POSITIONS,576732,6/26/2026 11:39:51 AM,e7ca1105-8b8f-4dee-a332-17c93bb5c040,2.0,,,,,,,,,,,,,,,,,,,,,,,,,,,,,,,,,,,"(-10.8, 0.5, -3.3)","(-11.0, 0.8, -3.4)","(-11.2, 0.1, -3.6)",
VOICE_CAPTURE,576760,6/26/2026 11:39:51 AM,e7ca1105-8b8f-4dee-a332-17c93bb5c040,2.0,,,,,,,,,,,,,,,,,,,,,,,,,,,,,,,,,,,,,,,,,,,,,,,,,,,NA,Okay.,
BAG_CLOSED,577146,6/26/2026 11:39:51 AM,e7ca1105-8b8f-4dee-a332-17c93bb5c040,2.0,,,,,,,,,,,,,,,,,,,,,,,,,,,,,,,,,,,,"(0.0, 0.0, 0.0)",
PLAYER_POSITIONS,577259,6/26/2026 11:39:51 AM,e7ca1105-8b8f-4dee-a332-17c93bb5c040,2.0,,,,,,,,,,,,,,,,,,,,,,,,,,,,,,,,,,,"(-10.9, 0.5, -3.3)","(-11.1, 0.8, -3.5)","(-11.3, 0.2, -3.7)",
PLAYER_POSITIONS,577259,6/26/2026 11:39:51 AM,e7ca1105-8b8f-4dee-a332-17c93bb5c040,2.0,,,,,,,,,,,,,,,,,,,,,,,,,,,,,,,,,,,"(-10.9, 0.5, -3.3)","(-11.1, 0.8, -3.5)","(-11.3, 0.2, -3.7)",
VOICE_CAPTURE,577260,6/26/2026 11:39:51 AM,e7ca1105-8b8f-4dee-a332-17c93bb5c040,2.0,,,,,,,,,,,,,,,,,,,,,,,,,,,,,,,,,,,,,,,,,,,,,,,,,,,NA,Okay.,
VOICE_CAPTURE,577733,6/26/2026 11:39:52 AM,e7ca1105-8b8f-4dee-a332-17c93bb5c040,2.0,,,,,,,,,,,,,,,,,,,,,,,,,,,,,,,,,,,,,,,,,,,,,,,,,,,NA,Okay.,
PLAYER_POSITIONS,577786,6/26/2026 11:39:52 AM,e7ca1105-8b8f-4dee-a332-17c93bb5c040,2.0,,,,,,,,,,,,,,,,,,,,,,,,,,,,,,,,,,,"(-11.2, 0.5, -3.7)","(-11.3, 0.8, -3.8)","(-11.5, 0.2, -4.0)",
PLAYER_POSITIONS,577786,6/26/2026 11:39:52 AM,e7ca1105-8b8f-4dee-a332-17c93bb5c040,2.0,,,,,,,,,,,,,,,,,,,,,,,,,,,,,,,,,,,"(-11.2, 0.5, -3.7)","(-11.3, 0.8, -3.8)","(-11.5, 0.2, -4.0)",
VOICE_CAPTURE,578229,6/26/2026 11:39:52 AM,e7ca1105-8b8f-4dee-a332-17c93bb5c040,2.0,,,,,,,,,,,,,,,,,,,,,,,,,,,,,,,,,,,,,,,,,,,,,,,,,,,NA,Okay.,
PLAYER_POSITIONS,578313,6/26/2026 11:39:53 AM,e7ca1105-8b8f-4dee-a332-17c93bb5c040,2.0,,,,,,,,,,,,,,,,,,,,,,,,,,,,,,,,,,,"(-11.3, 0.5, -4.5)","(-11.4, 0.8, -4.6)","(-11.6, 0.2, -4.8)",
PLAYER_POSITIONS,578313,6/26/2026 11:39:53 AM,e7ca1105-8b8f-4dee-a332-17c93bb5c040,2.0,,,,,,,,,,,,,,,,,,,,,,,,,,,,,,,,,,,"(-11.3, 0.5, -4.5)","(-11.4, 0.8, -4.6)","(-11.6, 0.2, -4.8)",
VOICE_CAPTURE,578758,6/26/2026 11:39:53 AM,e7ca1105-8b8f-4dee-a332-17c93bb5c040,2.0,,,,,,,,,,,,,,,,,,,,,,,,,,,,,,,,,,,,,,,,,,,,,,,,,,,NA,Okay.,
PLAYER_POSITIONS,578813,6/26/2026 11:39:53 AM,e7ca1105-8b8f-4dee-a332-17c93bb5c040,2.0,,,,,,,,,,,,,,,,,,,,,,,,,,,,,,,,,,,"(-11.0, 0.5, -5.1)","(-11.1, 0.8, -5.2)","(-11.3, 0.2, -5.5)",
PLAYER_POSITIONS,578813,6/26/2026 11:39:53 AM,e7ca1105-8b8f-4dee-a332-17c93bb5c040,2.0,,,,,,,,,,,,,,,,,,,,,,,,,,,,,,,,,,,"(-11.0, 0.5, -5.1)","(-11.1, 0.8, -5.2)","(-11.3, 0.2, -5.5)",
VOICE_CAPTURE,579222,6/26/2026 11:39:53 AM,e7ca1105-8b8f-4dee-a332-17c93bb5c040,2.0,,,,,,,,,,,,,,,,,,,,,,,,,,,,,,,,,,,,,,,,,,,,,,,,,,,NA,Okay.,
PLAYER_POSITIONS,579318,6/26/2026 11:39:54 AM,e7ca1105-8b8f-4dee-a332-17c93bb5c040,2.0,,,,,,,,,,,,,,,,,,,,,,,,,,,,,,,,,,,"(-10.9, 0.6, -5.3)","(-11.2, 1.3, -5.3)","(-11.4, 0.6, -5.4)",
PLAYER_POSITIONS,579318,6/26/2026 11:39:54 AM,e7ca1105-8b8f-4dee-a332-17c93bb5c040,2.0,,,,,,,,,,,,,,,,,,,,,,,,,,,,,,,,,,,"(-10.9, 0.6, -5.3)","(-11.2, 1.3, -5.3)","(-11.4, 0.6, -5.4)",
VOICE_CAPTURE,579737,6/26/2026 11:39:54 AM,e7ca1105-8b8f-4dee-a332-17c93bb5c040,2.0,,,,,,,,,,,,,,,,,,,,,,,,,,,,,,,,,,,,,,,,,,,,,,,,,,,NA,Okay.,
PLAYER_POSITIONS,579819,6/26/2026 11:39:54 AM,e7ca1105-8b8f-4dee-a332-17c93bb5c040,2.0,,,,,,,,,,,,,,,,,,,,,,,,,,,,,,,,,,,"(-11.2, 0.7, -5.5)","(-11.4, 1.3, -5.1)","(-11.6, 0.7, -5.0)",
PLAYER_GAZE,579819,6/26/2026 11:39:54 AM,e7ca1105-8b8f-4dee-a332-17c93bb5c040,2.0,,,,,,,,,,,,,,,,,,,,,,,,Military PT 12,,,,,,,,,"(1.5, 1.3, -1.0)",,,"(-12.8, 0.0, -4.1)",
PLAYER_POSITIONS,579819,6/26/2026 11:39:54 AM,e7ca1105-8b8f-4dee-a332-17c93bb5c040,2.0,,,,,,,,,,,,,,,,,,,,,,,,,,,,,,,,,,,"(-11.2, 0.7, -5.5)","(-11.4, 1.3, -5.1)","(-11.6, 0.7, -5.0)",
PLAYER_GAZE,579819,6/26/2026 11:39:54 AM,e7ca1105-8b8f-4dee-a332-17c93bb5c040,2.0,,,,,,,,,,,,,,,,,,,,,,,,Military PT 12,,,,,,,,,"(1.5, 1.3, -1.0)",,,"(-12.8, 0.0, -4.1)",
VOICE_CAPTURE,580236,6/26/2026 11:39:54 AM,e7ca1105-8b8f-4dee-a332-17c93bb5c040,2.0,,,,,,,,,,,,,,,,,,,,,,,,,,,,,,,,,,,,,,,,,,,,,,,,,,,NA,Okay.,
PLAYER_POSITIONS,580320,6/26/2026 11:39:55 AM,e7ca1105-8b8f-4dee-a332-17c93bb5c040,2.0,,,,,,,,,,,,,,,,,,,,,,,,,,,,,,,,,,,"(-11.1, 0.7, -5.1)","(-10.8, 1.4, -4.9)","(-10.7, 0.7, -4.6)",
PLAYER_GAZE,580320,6/26/2026 11:39:55 AM,e7ca1105-8b8f-4dee-a332-17c93bb5c040,2.0,,,,,,,,,,,,,,,,,,,,,,,,Military PT 4,,,,,,,,,"(0.3, 1.4, -0.1)",,,"(-11.1, 0.0, -4.7)",
PLAYER_POSITIONS,580320,6/26/2026 11:39:55 AM,e7ca1105-8b8f-4dee-a332-17c93bb5c040,2.0,,,,,,,,,,,,,,,,,,,,,,,,,,,,,,,,,,,"(-11.1, 0.7, -5.1)","(-10.8, 1.4, -4.9)","(-10.7, 0.7, -4.6)",
PLAYER_GAZE,580320,6/26/2026 11:39:55 AM,e7ca1105-8b8f-4dee-a332-17c93bb5c040,2.0,,,,,,,,,,,,,,,,,,,,,,,,Military PT 4,,,,,,,,,"(0.3, 1.4, -0.1)",,,"(-11.1, 0.0, -4.7)",
VOICE_CAPTURE,580737,6/26/2026 11:39:55 AM,e7ca1105-8b8f-4dee-a332-17c93bb5c040,2.0,,,,,,,,,,,,,,,,,,,,,,,,,,,,,,,,,,,,,,,,,,,,,,,,,,,NA,Okay.,
PLAYER_POSITIONS,580847,6/26/2026 11:39:55 AM,e7ca1105-8b8f-4dee-a332-17c93bb5c040,2.0,,,,,,,,,,,,,,,,,,,,,,,,,,,,,,,,,,,"(-10.8, 0.7, -4.3)","(-10.6, 1.3, -4.2)","(-10.4, 0.7, -4.0)",
PLAYER_GAZE,580847,6/26/2026 11:39:55 AM,e7ca1105-8b8f-4dee-a332-17c93bb5c040,2.0,,,,,,,,,,,,,,,,,,,,,,,,Military PT 4,,,,,,,,,"(0.5, 1.3, 0.6)",,,"(-11.1, 0.0, -4.7)",
PLAYER_POSITIONS,580847,6/26/2026 11:39:55 AM,e7ca1105-8b8f-4dee-a332-17c93bb5c040,2.0,,,,,,,,,,,,,,,,,,,,,,,,,,,,,,,,,,,"(-10.8, 0.7, -4.3)","(-10.6, 1.3, -4.2)","(-10.4, 0.7, -4.0)",
PLAYER_GAZE,580847,6/26/2026 11:39:55 AM,e7ca1105-8b8f-4dee-a332-17c93bb5c040,2.0,,,,,,,,,,,,,,,,,,,,,,,,Military PT 4,,,,,,,,,"(0.5, 1.3, 0.6)",,,"(-11.1, 0.0, -4.7)",
VOICE_CAPTURE,581235,6/26/2026 11:39:55 AM,e7ca1105-8b8f-4dee-a332-17c93bb5c040,2.0,,,,,,,,,,,,,,,,,,,,,,,,,,,,,,,,,,,,,,,,,,,,,,,,,,,NA,Okay.,
PLAYER_POSITIONS,581374,6/26/2026 11:39:56 AM,e7ca1105-8b8f-4dee-a332-17c93bb5c040,2.0,,,,,,,,,,,,,,,,,,,,,,,,,,,,,,,,,,,"(-10.8, 0.7, -4.3)","(-10.6, 1.3, -4.1)","(-10.5, 0.8, -3.9)",
PLAYER_POSITIONS,581374,6/26/2026 11:39:56 AM,e7ca1105-8b8f-4dee-a332-17c93bb5c040,2.0,,,,,,,,,,,,,,,,,,,,,,,,,,,,,,,,,,,"(-10.8, 0.7, -4.3)","(-10.6, 1.3, -4.1)","(-10.5, 0.8, -3.9)",
VOICE_CAPTURE,581735,6/26/2026 11:39:56 AM,e7ca1105-8b8f-4dee-a332-17c93bb5c040,2.0,,,,,,,,,,,,,,,,,,,,,,,,,,,,,,,,,,,,,,,,,,,,,,,,,,,NA,Okay.,
PLAYER_POSITIONS,581972,6/26/2026 11:39:56 AM,e7ca1105-8b8f-4dee-a332-17c93bb5c040,2.0,,,,,,,,,,,,,,,,,,,,,,,,,,,,,,,,,,,"(-10.8, 0.7, -4.3)","(-10.6, 1.3, -4.1)","(-10.6, 0.9, -3.9)",
PLAYER_POSITIONS,581972,6/26/2026 11:39:56 AM,e7ca1105-8b8f-4dee-a332-17c93bb5c040,2.0,,,,,,,,,,,,,,,,,,,,,,,,,,,,,,,,,,,"(-10.8, 0.7, -4.3)","(-10.6, 1.3, -4.1)","(-10.6, 0.9, -3.9)",
VOICE_CAPTURE,582249,6/26/2026 11:39:56 AM,e7ca1105-8b8f-4dee-a332-17c93bb5c040,2.0,,,,,,,,,,,,,,,,,,,,,,,,,,,,,,,,,,,,,,,,,,,,,,,,,,,NA,Okay.,
PLAYER_POSITIONS,582497,6/26/2026 11:39:57 AM,e7ca1105-8b8f-4dee-a332-17c93bb5c040,2.0,,,,,,,,,,,,,,,,,,,,,,,,,,,,,,,,,,,"(-10.8, 0.7, -4.3)","(-10.6, 1.3, -4.1)","(-10.5, 0.8, -3.8)",
PLAYER_POSITIONS,582497,6/26/2026 11:39:57 AM,e7ca1105-8b8f-4dee-a332-17c93bb5c040,2.0,,,,,,,,,,,,,,,,,,,,,,,,,,,,,,,,,,,"(-10.8, 0.7, -4.3)","(-10.6, 1.3, -4.1)","(-10.5, 0.8, -3.8)",
VOICE_CAPTURE,582720,6/26/2026 11:39:57 AM,e7ca1105-8b8f-4dee-a332-17c93bb5c040,2.0,,,,,,,,,,,,,,,,,,,,,,,,,,,,,,,,,,,,,,,,,,,,,,,,,,,NA,Okay.,
PLAYER_POSITIONS,582998,6/26/2026 11:39:57 AM,e7ca1105-8b8f-4dee-a332-17c93bb5c040,2.0,,,,,,,,,,,,,,,,,,,,,,,,,,,,,,,,,,,"(-10.8, 0.7, -4.3)","(-10.5, 1.3, -4.1)","(-10.3, 0.8, -3.7)",
PLAYER_POSITIONS,582998,6/26/2026 11:39:57 AM,e7ca1105-8b8f-4dee-a332-17c93bb5c040,2.0,,,,,,,,,,,,,,,,,,,,,,,,,,,,,,,,,,,"(-10.8, 0.7, -4.3)","(-10.5, 1.3, -4.1)","(-10.3, 0.8, -3.7)",
VOICE_CAPTURE,583221,6/26/2026 11:39:57 AM,e7ca1105-8b8f-4dee-a332-17c93bb5c040,2.0,,,,,,,,,,,,,,,,,,,,,,,,,,,,,,,,,,,,,,,,,,,,,,,,,,,NA,Okay.,
PLAYER_POSITIONS,583500,6/26/2026 11:39:58 AM,e7ca1105-8b8f-4dee-a332-17c93bb5c040,2.0,,,,,,,,,,,,,,,,,,,,,,,,,,,,,,,,,,,"(-10.8, 0.7, -4.3)","(-10.5, 1.3, -4.0)","(-10.3, 0.9, -3.8)",
PLAYER_POSITIONS,583500,6/26/2026 11:39:58 AM,e7ca1105-8b8f-4dee-a332-17c93bb5c040,2.0,,,,,,,,,,,,,,,,,,,,,,,,,,,,,,,,,,,"(-10.8, 0.7, -4.3)","(-10.5, 1.3, -4.0)","(-10.3, 0.9, -3.8)",
VOICE_CAPTURE,583723,6/26/2026 11:39:58 AM,e7ca1105-8b8f-4dee-a332-17c93bb5c040,2.0,,,,,,,,,,,,,,,,,,,,,,,,,,,,,,,,,,,,,,,,,,,,,,,,,,,NA,Okay. Thank you.,
TOOL_HOVER,583969,6/26/2026 11:39:58 AM,e7ca1105-8b8f-4dee-a332-17c93bb5c040,2.0,,,,,,,,,,,,,,,,,,,,,,,,,,,,,,,,,,,,,,,,,,,,,,997,,IV Blood,
PLAYER_POSITIONS,584028,6/26/2026 11:39:58 AM,e7ca1105-8b8f-4dee-a332-17c93bb5c040,2.0,,,,,,,,,,,,,,,,,,,,,,,,,,,,,,,,,,,"(-10.8, 0.7, -4.3)","(-10.4, 1.2, -3.9)","(-10.4, 0.7, -3.5)",
PLAYER_POSITIONS,584028,6/26/2026 11:39:58 AM,e7ca1105-8b8f-4dee-a332-17c93bb5c040,2.0,,,,,,,,,,,,,,,,,,,,,,,,,,,,,,,,,,,"(-10.8, 0.7, -4.3)","(-10.4, 1.2, -3.9)","(-10.4, 0.7, -3.5)",
TOOL_SELECTED,584108,6/26/2026 11:39:58 AM,e7ca1105-8b8f-4dee-a332-17c93bb5c040,2.0,,,,,,,,,,,,,,,,,,,,,,,,,,,,,,,,,,,,,,,,,,,,,,996,,IV Blood,
VOICE_CAPTURE,584222,6/26/2026 11:39:58 AM,e7ca1105-8b8f-4dee-a332-17c93bb5c040,2.0,,,,,,,,,,,,,,,,,,,,,,,,,,,,,,,,,,,,,,,,,,,,,,,,,,,NA,Okay. I need to give you,
PLAYER_POSITIONS,584553,6/26/2026 11:39:59 AM,e7ca1105-8b8f-4dee-a332-17c93bb5c040,2.0,,,,,,,,,,,,,,,,,,,,,,,,,,,,,,,,,,,"(-10.7, 0.7, -4.3)","(-10.7, 1.1, -4.0)","(-10.6, 0.5, -4.0)",
PLAYER_POSITIONS,584553,6/26/2026 11:39:59 AM,e7ca1105-8b8f-4dee-a332-17c93bb5c040,2.0,,,,,,,,,,,,,,,,,,,,,,,,,,,,,,,,,,,"(-10.7, 0.7, -4.3)","(-10.7, 1.1, -4.0)","(-10.6, 0.5, -4.0)",
VOICE_CAPTURE,584720,6/26/2026 11:39:59 AM,e7ca1105-8b8f-4dee-a332-17c93bb5c040,2.0,,,,,,,,,,,,,,,,,,,,,,,,,,,,,,,,,,,,,,,,,,,,,,,,,,,NA,Okay. I need to give you blood.,
PLAYER_POSITIONS,585075,6/26/2026 11:39:59 AM,e7ca1105-8b8f-4dee-a332-17c93bb5c040,2.0,,,,,,,,,,,,,,,,,,,,,,,,,,,,,,,,,,,"(-10.8, 0.5, -4.3)","(-10.7, 0.8, -4.2)","(-10.6, 0.2, -4.0)",
PLAYER_POSITIONS,585075,6/26/2026 11:39:59 AM,e7ca1105-8b8f-4dee-a332-17c93bb5c040,2.0,,,,,,,,,,,,,,,,,,,,,,,,,,,,,,,,,,,"(-10.8, 0.5, -4.3)","(-10.7, 0.8, -4.2)","(-10.6, 0.2, -4.0)",
VOICE_CAPTURE,585215,6/26/2026 11:39:59 AM,e7ca1105-8b8f-4dee-a332-17c93bb5c040,2.0,,,,,,,,,,,,,,,,,,,,,,,,,,,,,,,,,,,,,,,,,,,,,,,,,,,NA,Okay. I need to give you blood.,
VOICE_CAPTURE,585215,6/26/2026 11:39:59 AM,e7ca1105-8b8f-4dee-a332-17c93bb5c040,2.0,,,,,,,,,,,,,,,,,,,,,,,,,,,,,,,,,,,,,,,,,,,,,,,,,,,NA,Okay. I need to give you blood.,
EVAC_RADIO_ALERT,585433,6/26/2026 11:40:00 AM,e7ca1105-8b8f-4dee-a332-17c93bb5c040,2.0,,,,,,,,1,
AUDIO_START,585448,6/26/2026 11:40:00 AM,e7ca1105-8b8f-4dee-a332-17c93bb5c040,2.0,evac in 1 minute,5.172245,
TOOL_DISCARDED,585465,6/26/2026 11:40:00 AM,e7ca1105-8b8f-4dee-a332-17c93bb5c040,2.0,,,,,,,,,,,,,,,,,,,,,,,,Military PT 4,,,,,,,,,,,,"(0.0, 0.0, 0.0)",,,,,,,,,,996,,IV Blood,
PLAYER_POSITIONS,585601,6/26/2026 11:40:00 AM,e7ca1105-8b8f-4dee-a332-17c93bb5c040,2.0,,,,,,,,,,,,,,,,,,,,,,,,,,,,,,,,,,,"(-10.7, 0.5, -4.4)","(-10.6, 0.7, -4.1)","(-10.5, 0.0, -3.9)",
PLAYER_POSITIONS,585601,6/26/2026 11:40:00 AM,e7ca1105-8b8f-4dee-a332-17c93bb5c040,2.0,,,,,,,,,,,,,,,,,,,,,,,,,,,,,,,,,,,"(-10.7, 0.5, -4.4)","(-10.6, 0.7, -4.1)","(-10.5, 0.0, -3.9)",
AUDIO_END,586074,6/26/2026 11:40:00 AM,e7ca1105-8b8f-4dee-a332-17c93bb5c040,2.0,double jet flyover,9.576,
NARRATIVE_SECTION_END,586074,6/26/2026 11:40:00 AM,e7ca1105-8b8f-4dee-a332-17c93bb5c040,2.0,,,,,,,,,,,,,,,,,,Double jet flyover,67,
PLAYER_POSITIONS,586102,6/26/2026 11:40:00 AM,e7ca1105-8b8f-4dee-a332-17c93bb5c040,2.0,,,,,,,,,,,,,,,,,,,,,,,,,,,,,,,,,,,"(-10.7, 0.5, -4.2)","(-10.6, 0.8, -4.1)","(-10.4, 0.2, -3.9)",
PLAYER_POSITIONS,586102,6/26/2026 11:40:00 AM,e7ca1105-8b8f-4dee-a332-17c93bb5c040,2.0,,,,,,,,,,,,,,,,,,,,,,,,,,,,,,,,,,,"(-10.7, 0.5, -4.2)","(-10.6, 0.8, -4.1)","(-10.4, 0.2, -3.9)",
NARRATIVE_SECTION_START,586126,6/26/2026 11:40:00 AM,e7ca1105-8b8f-4dee-a332-17c93bb5c040,2.0,,,,,,,,,,,,,,,,,,Double Distant Explosion,68,
VOICE_CAPTURE,586229,6/26/2026 11:40:00 AM,e7ca1105-8b8f-4dee-a332-17c93bb5c040,2.0,,,,,,,,,,,,,,,,,,,,,,,,,,,,,,,,,,,,,,,,,,,,,,,,,,,NA,word.,
PLAYER_POSITIONS,586608,6/26/2026 11:40:01 AM,e7ca1105-8b8f-4dee-a332-17c93bb5c040,2.0,,,,,,,,,,,,,,,,,,,,,,,,,,,,,,,,,,,"(-10.7, 0.5, -4.1)","(-10.5, 1.0, -4.1)","(-10.4, 0.8, -3.6)",
PLAYER_POSITIONS,586608,6/26/2026 11:40:01 AM,e7ca1105-8b8f-4dee-a332-17c93bb5c040,2.0,,,,,,,,,,,,,,,,,,,,,,,,,,,,,,,,,,,"(-10.7, 0.5, -4.1)","(-10.5, 1.0, -4.1)","(-10.4, 0.8, -3.6)",
TOOL_HOVER,586674,6/26/2026 11:40:01 AM,e7ca1105-8b8f-4dee-a332-17c93bb5c040,2.0,,,,,,,,,,,,,,,,,,,,,,,,,,,,,,,,,,,,,,,,,,,,,,993,,Blanket,
VOICE_CAPTURE,586706,6/26/2026 11:40:01 AM,e7ca1105-8b8f-4dee-a332-17c93bb5c040,2.0,,,,,,,,,,,,,,,,,,,,,,,,,,,,,,,,,,,,,,,,,,,,,,,,,,,NA,word.,
TOOL_HOVER,586758,6/26/2026 11:40:01 AM,e7ca1105-8b8f-4dee-a332-17c93bb5c040,2.0,,,,,,,,,,,,,,,,,,,,,,,,,,,,,,,,,,,,,,,,,,,,,,997,,IV Blood,
TOOL_HOVER,586869,6/26/2026 11:40:01 AM,e7ca1105-8b8f-4dee-a332-17c93bb5c040,2.0,,,,,,,,,,,,,,,,,,,,,,,,,,,,,,,,,,,,,,,,,,,,,,993,,Blanket,
PLAYER_POSITIONS,587122,6/26/2026 11:40:01 AM,e7ca1105-8b8f-4dee-a332-17c93bb5c040,2.0,,,,,,,,,,,,,,,,,,,,,,,,,,,,,,,,,,,"(-10.7, 0.5, -4.2)","(-10.4, 1.0, -4.1)","(-10.3, 0.8, -3.6)",
PLAYER_POSITIONS,587122,6/26/2026 11:40:01 AM,e7ca1105-8b8f-4dee-a332-17c93bb5c040,2.0,,,,,,,,,,,,,,,,,,,,,,,,,,,,,,,,,,,"(-10.7, 0.5, -4.2)","(-10.4, 1.0, -4.1)","(-10.3, 0.8, -3.6)",
VOICE_CAPTURE,587220,6/26/2026 11:40:01 AM,e7ca1105-8b8f-4dee-a332-17c93bb5c040,2.0,,,,,,,,,,,,,,,,,,,,,,,,,,,,,,,,,,,,,,,,,,,,,,,,,,,NA,word.,
TOOL_HOVER,587272,6/26/2026 11:40:01 AM,e7ca1105-8b8f-4dee-a332-17c93bb5c040,2.0,,,,,,,,,,,,,,,,,,,,,,,,,,,,,,,,,,,,,,,,,,,,,,997,,IV Blood,
PLAYER_POSITIONS,587636,6/26/2026 11:40:02 AM,e7ca1105-8b8f-4dee-a332-17c93bb5c040,2.0,,,,,,,,,,,,,,,,,,,,,,,,,,,,,,,,,,,"(-10.7, 0.5, -4.1)","(-10.4, 1.0, -4.1)","(-10.3, 0.8, -3.6)",
PLAYER_POSITIONS,587636,6/26/2026 11:40:02 AM,e7ca1105-8b8f-4dee-a332-17c93bb5c040,2.0,,,,,,,,,,,,,,,,,,,,,,,,,,,,,,,,,,,"(-10.7, 0.5, -4.1)","(-10.4, 1.0, -4.1)","(-10.3, 0.8, -3.6)",
VOICE_CAPTURE,587721,6/26/2026 11:40:02 AM,e7ca1105-8b8f-4dee-a332-17c93bb5c040,2.0,,,,,,,,,,,,,,,,,,,,,,,,,,,,,,,,,,,,,,,,,,,,,,,,,,,NA,word.,
TOOL_HOVER,587773,6/26/2026 11:40:02 AM,e7ca1105-8b8f-4dee-a332-17c93bb5c040,2.0,,,,,,,,,,,,,,,,,,,,,,,,,,,,,,,,,,,,,,,,,,,,,,997,,IV Blood,
TOOL_SELECTED,587774,6/26/2026 11:40:02 AM,e7ca1105-8b8f-4dee-a332-17c93bb5c040,2.0,,,,,,,,,,,,,,,,,,,,,,,,,,,,,,,,,,,,,,,,,,,,,,996,,IV Blood,
PLAYER_POSITIONS,588151,6/26/2026 11:40:02 AM,e7ca1105-8b8f-4dee-a332-17c93bb5c040,2.0,,,,,,,,,,,,,,,,,,,,,,,,,,,,,,,,,,,"(-10.7, 0.5, -4.1)","(-10.5, 1.0, -4.1)","(-10.4, 0.7, -3.6)",
PLAYER_POSITIONS,588151,6/26/2026 11:40:02 AM,e7ca1105-8b8f-4dee-a332-17c93bb5c040,2.0,,,,,,,,,,,,,,,,,,,,,,,,,,,,,,,,,,,"(-10.7, 0.5, -4.1)","(-10.5, 1.0, -4.1)","(-10.4, 0.7, -3.6)",
VOICE_CAPTURE,588237,6/26/2026 11:40:02 AM,e7ca1105-8b8f-4dee-a332-17c93bb5c040,2.0,,,,,,,,,,,,,,,,,,,,,,,,,,,,,,,,,,,,,,,,,,,,,,,,,,,NA,word.,
PLAYER_POSITIONS,588656,6/26/2026 11:40:03 AM,e7ca1105-8b8f-4dee-a332-17c93bb5c040,2.0,,,,,,,,,,,,,,,,,,,,,,,,,,,,,,,,,,,"(-10.7, 0.5, -4.3)","(-10.7, 0.8, -4.0)","(-10.7, 0.2, -3.8)",
PLAYER_POSITIONS,588656,6/26/2026 11:40:03 AM,e7ca1105-8b8f-4dee-a332-17c93bb5c040,2.0,,,,,,,,,,,,,,,,,,,,,,,,,,,,,,,,,,,"(-10.7, 0.5, -4.3)","(-10.7, 0.8, -4.0)","(-10.7, 0.2, -3.8)",
VOICE_CAPTURE,588740,6/26/2026 11:40:03 AM,e7ca1105-8b8f-4dee-a332-17c93bb5c040,2.0,,,,,,,,,,,,,,,,,,,,,,,,,,,,,,,,,,,,,,,,,,,,,,,,,,,NA,word.,
TOOL_DISCARDED,589150,6/26/2026 11:40:03 AM,e7ca1105-8b8f-4dee-a332-17c93bb5c040,2.0,,,,,,,,,,,,,,,,,,,,,,,,Military PT 4,,,,,,,,,,,,"(0.0, 0.0, 0.0)",,,,,,,,,,996,,IV Blood,
PLAYER_POSITIONS,589156,6/26/2026 11:40:03 AM,e7ca1105-8b8f-4dee-a332-17c93bb5c040,2.0,,,,,,,,,,,,,,,,,,,,,,,,,,,,,,,,,,,"(-10.7, 0.5, -4.4)","(-10.6, 0.7, -4.0)","(-10.6, 0.0, -3.8)",
PLAYER_POSITIONS,589156,6/26/2026 11:40:03 AM,e7ca1105-8b8f-4dee-a332-17c93bb5c040,2.0,,,,,,,,,,,,,,,,,,,,,,,,,,,,,,,,,,,"(-10.7, 0.5, -4.4)","(-10.6, 0.7, -4.0)","(-10.6, 0.0, -3.8)",
VOICE_CAPTURE,589239,6/26/2026 11:40:03 AM,e7ca1105-8b8f-4dee-a332-17c93bb5c040,2.0,,,,,,,,,,,,,,,,,,,,,,,,,,,,,,,,,,,,,,,,,,,,,,,,,,,NA,word.,
PLAYER_POSITIONS,589670,6/26/2026 11:40:04 AM,e7ca1105-8b8f-4dee-a332-17c93bb5c040,2.0,,,,,,,,,,,,,,,,,,,,,,,,,,,,,,,,,,,"(-10.7, 0.5, -4.3)","(-10.6, 0.8, -4.0)","(-10.5, 0.1, -3.8)",
PLAYER_POSITIONS,589670,6/26/2026 11:40:04 AM,e7ca1105-8b8f-4dee-a332-17c93bb5c040,2.0,,,,,,,,,,,,,,,,,,,,,,,,,,,,,,,,,,,"(-10.7, 0.5, -4.3)","(-10.6, 0.8, -4.0)","(-10.5, 0.1, -3.8)",
VOICE_CAPTURE,589711,6/26/2026 11:40:04 AM,e7ca1105-8b8f-4dee-a332-17c93bb5c040,2.0,,,,,,,,,,,,,,,,,,,,,,,,,,,,,,,,,,,,,,,,,,,,,,,,,,,NA,word.,
BAG_CLOSED,589764,6/26/2026 11:40:04 AM,e7ca1105-8b8f-4dee-a332-17c93bb5c040,2.0,,,,,,,,,,,,,,,,,,,,,,,,,,,,,,,,,,,,"(0.0, 0.0, 0.0)",
PLAYER_POSITIONS,590186,6/26/2026 11:40:04 AM,e7ca1105-8b8f-4dee-a332-17c93bb5c040,2.0,,,,,,,,,,,,,,,,,,,,,,,,,,,,,,,,,,,"(-10.5, 0.5, -3.8)","(-10.3, 0.9, -3.7)","(-10.2, 0.5, -3.4)",
PLAYER_POSITIONS,590186,6/26/2026 11:40:04 AM,e7ca1105-8b8f-4dee-a332-17c93bb5c040,2.0,,,,,,,,,,,,,,,,,,,,,,,,,,,,,,,,,,,"(-10.5, 0.5, -3.8)","(-10.3, 0.9, -3.7)","(-10.2, 0.5, -3.4)",
VOICE_CAPTURE,590227,6/26/2026 11:40:04 AM,e7ca1105-8b8f-4dee-a332-17c93bb5c040,2.0,,,,,,,,,,,,,,,,,,,,,,,,,,,,,,,,,,,,,,,,,,,,,,,,,,,NA,word.,
AUDIO_END,590612,6/26/2026 11:40:05 AM,e7ca1105-8b8f-4dee-a332-17c93bb5c040,2.0,evac in 1 minute,5.172245,
PLAYER_POSITIONS,590710,6/26/2026 11:40:05 AM,e7ca1105-8b8f-4dee-a332-17c93bb5c040,2.0,,,,,,,,,,,,,,,,,,,,,,,,,,,,,,,,,,,"(-10.3, 0.5, -3.4)","(-10.2, 0.8, -3.5)","(-10.1, 0.6, -3.1)",
PLAYER_POSITIONS,590710,6/26/2026 11:40:05 AM,e7ca1105-8b8f-4dee-a332-17c93bb5c040,2.0,,,,,,,,,,,,,,,,,,,,,,,,,,,,,,,,,,,"(-10.3, 0.5, -3.4)","(-10.2, 0.8, -3.5)","(-10.1, 0.6, -3.1)",
VOICE_CAPTURE,590738,6/26/2026 11:40:05 AM,e7ca1105-8b8f-4dee-a332-17c93bb5c040,2.0,,,,,,,,,,,,,,,,,,,,,,,,,,,,,,,,,,,,,,,,,,,,,,,,,,,NA,word.,
AUDIO_START,591137,6/26/2026 11:40:05 AM,e7ca1105-8b8f-4dee-a332-17c93bb5c040,2.0,double distant explosion,7.104,
PLAYER_POSITIONS,591244,6/26/2026 11:40:05 AM,e7ca1105-8b8f-4dee-a332-17c93bb5c040,2.0,,,,,,,,,,,,,,,,,,,,,,,,,,,,,,,,,,,"(-10.3, 0.5, -3.5)","(-10.2, 0.9, -3.4)","(-10.3, 0.4, -3.0)",
PLAYER_POSITIONS,591244,6/26/2026 11:40:05 AM,e7ca1105-8b8f-4dee-a332-17c93bb5c040,2.0,,,,,,,,,,,,,,,,,,,,,,,,,,,,,,,,,,,"(-10.3, 0.5, -3.5)","(-10.2, 0.9, -3.4)","(-10.3, 0.4, -3.0)",
VOICE_CAPTURE,591244,6/26/2026 11:40:05 AM,e7ca1105-8b8f-4dee-a332-17c93bb5c040,2.0,,,,,,,,,,,,,,,,,,,,,,,,,,,,,,,,,,,,,,,,,,,,,,,,,,,NA,word.,
VOICE_CAPTURE,591715,6/26/2026 11:40:06 AM,e7ca1105-8b8f-4dee-a332-17c93bb5c040,2.0,,,,,,,,,,,,,,,,,,,,,,,,,,,,,,,,,,,,,,,,,,,,,,,,,,,NA,word.,
PLAYER_POSITIONS,591770,6/26/2026 11:40:06 AM,e7ca1105-8b8f-4dee-a332-17c93bb5c040,2.0,,,,,,,,,,,,,,,,,,,,,,,,,,,,,,,,,,,"(-10.3, 0.5, -3.5)","(-10.2, 0.9, -3.3)","(-10.2, 0.3, -3.0)",
PLAYER_POSITIONS,591770,6/26/2026 11:40:06 AM,e7ca1105-8b8f-4dee-a332-17c93bb5c040,2.0,,,,,,,,,,,,,,,,,,,,,,,,,,,,,,,,,,,"(-10.3, 0.5, -3.5)","(-10.2, 0.9, -3.3)","(-10.2, 0.3, -3.0)",
TOOL_HOVER,592073,6/26/2026 11:40:06 AM,e7ca1105-8b8f-4dee-a332-17c93bb5c040,2.0,,,,,,,,,,,,,,,,,,,,,,,,,,,,,,,,,,,,,,,,,,,,,,995,,Antibiotics,
TOOL_SELECTED,592200,6/26/2026 11:40:06 AM,e7ca1105-8b8f-4dee-a332-17c93bb5c040,2.0,,,,,,,,,,,,,,,,,,,,,,,,,,,,,,,,,,,,,,,,,,,,,,994,,Antibiotics,
VOICE_CAPTURE,592243,6/26/2026 11:40:06 AM,e7ca1105-8b8f-4dee-a332-17c93bb5c040,2.0,,,,,,,,,,,,,,,,,,,,,,,,,,,,,,,,,,,,,,,,,,,,,,,,,,,NA,word.,
PLAYER_POSITIONS,592298,6/26/2026 11:40:07 AM,e7ca1105-8b8f-4dee-a332-17c93bb5c040,2.0,,,,,,,,,,,,,,,,,,,,,,,,,,,,,,,,,,,"(-10.3, 0.5, -3.5)","(-10.3, 0.8, -3.3)","(-10.3, 0.3, -2.9)",
PLAYER_POSITIONS,592298,6/26/2026 11:40:07 AM,e7ca1105-8b8f-4dee-a332-17c93bb5c040,2.0,,,,,,,,,,,,,,,,,,,,,,,,,,,,,,,,,,,"(-10.3, 0.5, -3.5)","(-10.3, 0.8, -3.3)","(-10.3, 0.3, -2.9)",
VOICE_CAPTURE,592713,6/26/2026 11:40:07 AM,e7ca1105-8b8f-4dee-a332-17c93bb5c040,2.0,,,,,,,,,,,,,,,,,,,,,,,,,,,,,,,,,,,,,,,,,,,,,,,,,,,NA,word.,
PLAYER_POSITIONS,592823,6/26/2026 11:40:07 AM,e7ca1105-8b8f-4dee-a332-17c93bb5c040,2.0,,,,,,,,,,,,,,,,,,,,,,,,,,,,,,,,,,,"(-10.3, 0.6, -3.6)","(-10.4, 0.8, -3.6)","(-10.5, 0.3, -3.5)",
PLAYER_POSITIONS,592823,6/26/2026 11:40:07 AM,e7ca1105-8b8f-4dee-a332-17c93bb5c040,2.0,,,,,,,,,,,,,,,,,,,,,,,,,,,,,,,,,,,"(-10.3, 0.6, -3.6)","(-10.4, 0.8, -3.6)","(-10.5, 0.3, -3.5)",
VOICE_CAPTURE,593242,6/26/2026 11:40:07 AM,e7ca1105-8b8f-4dee-a332-17c93bb5c040,2.0,,,,,,,,,,,,,,,,,,,,,,,,,,,,,,,,,,,,,,,,,,,,,,,,,,,NA,word.,
PLAYER_POSITIONS,593324,6/26/2026 11:40:08 AM,e7ca1105-8b8f-4dee-a332-17c93bb5c040,2.0,,,,,,,,,,,,,,,,,,,,,,,,,,,,,,,,,,,"(-10.3, 0.6, -3.8)","(-10.4, 0.7, -3.6)","(-10.7, 0.2, -3.5)",
PLAYER_POSITIONS,593324,6/26/2026 11:40:08 AM,e7ca1105-8b8f-4dee-a332-17c93bb5c040,2.0,,,,,,,,,,,,,,,,,,,,,,,,,,,,,,,,,,,"(-10.3, 0.6, -3.8)","(-10.4, 0.7, -3.6)","(-10.7, 0.2, -3.5)",
VOICE_CAPTURE,593672,6/26/2026 11:40:08 AM,e7ca1105-8b8f-4dee-a332-17c93bb5c040,2.0,,,,,,,,,,,,,,,,,,,,,,,,,,,,,,,,,,,,,,,,,,,,,,,,,,,NA,word. Okay.,
INJURY_TREATED,593810,6/26/2026 11:40:08 AM,e7ca1105-8b8f-4dee-a332-17c93bb5c040,2.0,,,,,,,,,head,Unspecified,"(0.0, 0.0, 0.0)",none,1,1,none,True,False,,,,,,,Military PT 4,
TOOL_APPLIED,593810,6/26/2026 11:40:08 AM,e7ca1105-8b8f-4dee-a332-17c93bb5c040,2.0,,,,,,,,,,,,,,,,,,,,,,,,Military PT 4,,,,,,,,,,,,,,,,,,,,AppliedAntibiotics,Jaw (UnityEngine.GameObject),,null,Antibiotics,
PLAYER_POSITIONS,593838,6/26/2026 11:40:08 AM,e7ca1105-8b8f-4dee-a332-17c93bb5c040,2.0,,,,,,,,,,,,,,,,,,,,,,,,,,,,,,,,,,,"(-10.3, 0.5, -3.8)","(-10.5, 0.7, -3.7)","(-10.8, 0.1, -3.5)",
PLAYER_POSITIONS,593838,6/26/2026 11:40:08 AM,e7ca1105-8b8f-4dee-a332-17c93bb5c040,2.0,,,,,,,,,,,,,,,,,,,,,,,,,,,,,,,,,,,"(-10.3, 0.5, -3.8)","(-10.5, 0.7, -3.7)","(-10.8, 0.1, -3.5)",
VOICE_CAPTURE,594230,6/26/2026 11:40:08 AM,e7ca1105-8b8f-4dee-a332-17c93bb5c040,2.0,,,,,,,,,,,,,,,,,,,,,,,,,,,,,,,,,,,,,,,,,,,,,,,,,,,NA,word. Take that.,
TOOL_HOVER,594360,6/26/2026 11:40:09 AM,e7ca1105-8b8f-4dee-a332-17c93bb5c040,2.0,,,,,,,,,,,,,,,,,,,,,,,,,,,,,,,,,,,,,,,,,,,,,,994,,Gauze Wrap,
PLAYER_POSITIONS,594363,6/26/2026 11:40:09 AM,e7ca1105-8b8f-4dee-a332-17c93bb5c040,2.0,,,,,,,,,,,,,,,,,,,,,,,,,,,,,,,,,,,"(-10.3, 0.5, -3.7)","(-10.4, 0.7, -3.4)","(-10.5, 0.3, -3.2)",
PLAYER_POSITIONS,594363,6/26/2026 11:40:09 AM,e7ca1105-8b8f-4dee-a332-17c93bb5c040,2.0,,,,,,,,,,,,,,,,,,,,,,,,,,,,,,,,,,,"(-10.3, 0.5, -3.7)","(-10.4, 0.7, -3.4)","(-10.5, 0.3, -3.2)",
TOOL_HOVER,594554,6/26/2026 11:40:09 AM,e7ca1105-8b8f-4dee-a332-17c93bb5c040,2.0,,,,,,,,,,,,,,,,,,,,,,,,,,,,,,,,,,,,,,,,,,,,,,993,,Blanket,
TOOL_HOVER,594666,6/26/2026 11:40:09 AM,e7ca1105-8b8f-4dee-a332-17c93bb5c040,2.0,,,,,,,,,,,,,,,,,,,,,,,,,,,,,,,,,,,,,,,,,,,,,,997,,IV Blood,
VOICE_CAPTURE,594753,6/26/2026 11:40:09 AM,e7ca1105-8b8f-4dee-a332-17c93bb5c040,2.0,,,,,,,,,,,,,,,,,,,,,,,,,,,,,,,,,,,,,,,,,,,,,,,,,,,NA,word. Take that.,
VOICE_CAPTURE,594753,6/26/2026 11:40:09 AM,e7ca1105-8b8f-4dee-a332-17c93bb5c040,2.0,,,,,,,,,,,,,,,,,,,,,,,,,,,,,,,,,,,,,,,,,,,,,,,,,,,NA,word. Take that.,
PLAYER_POSITIONS,594873,6/26/2026 11:40:09 AM,e7ca1105-8b8f-4dee-a332-17c93bb5c040,2.0,,,,,,,,,,,,,,,,,,,,,,,,,,,,,,,,,,,"(-10.3, 0.5, -3.7)","(-10.3, 0.8, -3.3)","(-10.3, 0.4, -2.9)",
PLAYER_POSITIONS,594873,6/26/2026 11:40:09 AM,e7ca1105-8b8f-4dee-a332-17c93bb5c040,2.0,,,,,,,,,,,,,,,,,,,,,,,,,,,,,,,,,,,"(-10.3, 0.5, -3.7)","(-10.3, 0.8, -3.3)","(-10.3, 0.4, -2.9)",
TOOL_SELECTED,595056,6/26/2026 11:40:09 AM,e7ca1105-8b8f-4dee-a332-17c93bb5c040,2.0,,,,,,,,,,,,,,,,,,,,,,,,,,,,,,,,,,,,,,,,,,,,,,996,,IV Blood,
PLAYER_POSITIONS,595390,6/26/2026 11:40:10 AM,e7ca1105-8b8f-4dee-a332-17c93bb5c040,2.0,,,,,,,,,,,,,,,,,,,,,,,,,,,,,,,,,,,"(-10.3, 0.5, -3.7)","(-10.4, 0.8, -3.4)","(-10.4, 0.2, -3.1)",
PLAYER_POSITIONS,595390,6/26/2026 11:40:10 AM,e7ca1105-8b8f-4dee-a332-17c93bb5c040,2.0,,,,,,,,,,,,,,,,,,,,,,,,,,,,,,,,,,,"(-10.3, 0.5, -3.7)","(-10.4, 0.8, -3.4)","(-10.4, 0.2, -3.1)",
PLAYER_POSITIONS,595903,6/26/2026 11:40:10 AM,e7ca1105-8b8f-4dee-a332-17c93bb5c040,2.0,,,,,,,,,,,,,,,,,,,,,,,,,,,,,,,,,,,"(-10.3, 0.5, -3.7)","(-10.5, 0.6, -3.7)","(-10.5, 0.1, -3.8)",
PLAYER_POSITIONS,595903,6/26/2026 11:40:10 AM,e7ca1105-8b8f-4dee-a332-17c93bb5c040,2.0,,,,,,,,,,,,,,,,,,,,,,,,,,,,,,,,,,,"(-10.3, 0.5, -3.7)","(-10.5, 0.6, -3.7)","(-10.5, 0.1, -3.8)",
INJURY_TREATED,596170,6/26/2026 11:40:10 AM,e7ca1105-8b8f-4dee-a332-17c93bb5c040,2.0,,,,,,,,,leftArm,Unspecified,"(0.0, 0.0, 0.0)",none,1,1,none,True,False,,,,,,,Military PT 4,
TOOL_APPLIED,596170,6/26/2026 11:40:10 AM,e7ca1105-8b8f-4dee-a332-17c93bb5c040,2.0,,,,,,,,,,,,,,,,,,,,,,,,Military PT 4,,,,,,,,,,,,,,,,,,,,AppliedBloodIV,LeftArm (UnityEngine.GameObject),,IV Blood Bag(Clone) (UnityEngine.GameObject),IV Blood,
VOICE_CAPTURE,596174,6/26/2026 11:40:10 AM,e7ca1105-8b8f-4dee-a332-17c93bb5c040,2.0,,,,,,,,,,,,,,,,,,,,,,,,,,,,,,,,,,,,,,,,,,,,,,,,,,,NA,Thank you.,
PLAYER_POSITIONS,596417,6/26/2026 11:40:11 AM,e7ca1105-8b8f-4dee-a332-17c93bb5c040,2.0,,,,,,,,,,,,,,,,,,,,,,,,,,,,,,,,,,,"(-10.3, 0.5, -3.8)","(-10.5, 0.7, -3.7)","(-10.5, 0.0, -3.7)",
PLAYER_POSITIONS,596417,6/26/2026 11:40:11 AM,e7ca1105-8b8f-4dee-a332-17c93bb5c040,2.0,,,,,,,,,,,,,,,,,,,,,,,,,,,,,,,,,,,"(-10.3, 0.5, -3.8)","(-10.5, 0.7, -3.7)","(-10.5, 0.0, -3.7)",
VOICE_CAPTURE,596711,6/26/2026 11:40:11 AM,e7ca1105-8b8f-4dee-a332-17c93bb5c040,2.0,,,,,,,,,,,,,,,,,,,,,,,,,,,,,,,,,,,,,,,,,,,,,,,,,,,NA,Take that.,
PLAYER_POSITIONS,596934,6/26/2026 11:40:11 AM,e7ca1105-8b8f-4dee-a332-17c93bb5c040,2.0,,,,,,,,,,,,,,,,,,,,,,,,,,,,,,,,,,,"(-10.3, 0.5, -3.7)","(-10.3, 0.8, -3.4)","(-10.3, 0.3, -3.0)",
PLAYER_POSITIONS,596934,6/26/2026 11:40:11 AM,e7ca1105-8b8f-4dee-a332-17c93bb5c040,2.0,,,,,,,,,,,,,,,,,,,,,,,,,,,,,,,,,,,"(-10.3, 0.5, -3.7)","(-10.3, 0.8, -3.4)","(-10.3, 0.3, -3.0)",
TOOL_HOVER,597068,6/26/2026 11:40:11 AM,e7ca1105-8b8f-4dee-a332-17c93bb5c040,2.0,,,,,,,,,,,,,,,,,,,,,,,,,,,,,,,,,,,,,,,,,,,,,,987,,Fentanyl Lollipop,
TOOL_HOVER,597152,6/26/2026 11:40:11 AM,e7ca1105-8b8f-4dee-a332-17c93bb5c040,2.0,,,,,,,,,,,,,,,,,,,,,,,,,,,,,,,,,,,,,,,,,,,,,,996,,Decompression Needle,
VOICE_CAPTURE,597228,6/26/2026 11:40:11 AM,e7ca1105-8b8f-4dee-a332-17c93bb5c040,2.0,,,,,,,,,,,,,,,,,,,,,,,,,,,,,,,,,,,,,,,,,,,,,,,,,,,NA,Take that.,
TOOL_HOVER,597448,6/26/2026 11:40:12 AM,e7ca1105-8b8f-4dee-a332-17c93bb5c040,2.0,,,,,,,,,,,,,,,,,,,,,,,,,,,,,,,,,,,,,,,,,,,,,,987,,Fentanyl Lollipop,
TOOL_SELECTED,597449,6/26/2026 11:40:12 AM,e7ca1105-8b8f-4dee-a332-17c93bb5c040,2.0,,,,,,,,,,,,,,,,,,,,,,,,,,,,,,,,,,,,,,,,,,,,,,986,,Fentanyl Lollipop,
PLAYER_POSITIONS,597452,6/26/2026 11:40:12 AM,e7ca1105-8b8f-4dee-a332-17c93bb5c040,2.0,,,,,,,,,,,,,,,,,,,,,,,,,,,,,,,,,,,"(-10.3, 0.5, -3.7)","(-10.3, 0.8, -3.4)","(-10.1, 0.5, -2.8)",
PLAYER_POSITIONS,597452,6/26/2026 11:40:12 AM,e7ca1105-8b8f-4dee-a332-17c93bb5c040,2.0,,,,,,,,,,,,,,,,,,,,,,,,,,,,,,,,,,,"(-10.3, 0.5, -3.7)","(-10.3, 0.8, -3.4)","(-10.1, 0.5, -2.8)",
PLAYER_POSITIONS,597978,6/26/2026 11:40:12 AM,e7ca1105-8b8f-4dee-a332-17c93bb5c040,2.0,,,,,,,,,,,,,,,,,,,,,,,,,,,,,,,,,,,"(-10.3, 0.5, -3.7)","(-10.4, 0.8, -3.4)","(-10.3, 0.4, -3.0)",
PLAYER_POSITIONS,597978,6/26/2026 11:40:12 AM,e7ca1105-8b8f-4dee-a332-17c93bb5c040,2.0,,,,,,,,,,,,,,,,,,,,,,,,,,,,,,,,,,,"(-10.3, 0.5, -3.7)","(-10.4, 0.8, -3.4)","(-10.3, 0.4, -3.0)",
AUDIO_END,598239,6/26/2026 11:40:12 AM,e7ca1105-8b8f-4dee-a332-17c93bb5c040,2.0,double distant explosion,7.104,
NARRATIVE_SECTION_END,598239,6/26/2026 11:40:12 AM,e7ca1105-8b8f-4dee-a332-17c93bb5c040,2.0,,,,,,,,,,,,,,,,,,Double Distant Explosion,68,
NARRATIVE_SECTION_START,598290,6/26/2026 11:40:13 AM,e7ca1105-8b8f-4dee-a332-17c93bb5c040,2.0,,,,,,,,,,,,,,,,,,Good hits hammer 1-2,69,
PLAYER_POSITIONS,598490,6/26/2026 11:40:13 AM,e7ca1105-8b8f-4dee-a332-17c93bb5c040,2.0,,,,,,,,,,,,,,,,,,,,,,,,,,,,,,,,,,,"(-10.3, 0.5, -3.8)","(-10.5, 0.7, -3.6)","(-10.7, 0.1, -3.5)",
PLAYER_POSITIONS,598490,6/26/2026 11:40:13 AM,e7ca1105-8b8f-4dee-a332-17c93bb5c040,2.0,,,,,,,,,,,,,,,,,,,,,,,,,,,,,,,,,,,"(-10.3, 0.5, -3.8)","(-10.5, 0.7, -3.6)","(-10.7, 0.1, -3.5)",
INJURY_TREATED,598687,6/26/2026 11:40:13 AM,e7ca1105-8b8f-4dee-a332-17c93bb5c040,2.0,,,,,,,,,head,Unspecified,"(0.0, 0.0, 0.0)",none,1,1,none,True,False,,,,,,,Military PT 4,
TOOL_APPLIED,598687,6/26/2026 11:40:13 AM,e7ca1105-8b8f-4dee-a332-17c93bb5c040,2.0,,,,,,,,,,,,,,,,,,,,,,,,Military PT 4,,,,,,,,,,,,,,,,,,,,AppliedLollipop,Jaw (UnityEngine.GameObject),,Fentanyl Lollipop(Clone) (UnityEngine.GameObject),Fentanyl Lollipop,
VOICE_CAPTURE,598691,6/26/2026 11:40:13 AM,e7ca1105-8b8f-4dee-a332-17c93bb5c040,2.0,,,,,,,,,,,,,,,,,,,,,,,,,,,,,,,,,,,,,,,,,,,,,,,,,,,NA,Take that.,
PLAYER_POSITIONS,598990,6/26/2026 11:40:13 AM,e7ca1105-8b8f-4dee-a332-17c93bb5c040,2.0,,,,,,,,,,,,,,,,,,,,,,,,,,,,,,,,,,,"(-10.3, 0.5, -3.7)","(-10.5, 0.7, -3.6)","(-10.5, 0.1, -3.5)",
PLAYER_POSITIONS,598990,6/26/2026 11:40:13 AM,e7ca1105-8b8f-4dee-a332-17c93bb5c040,2.0,,,,,,,,,,,,,,,,,,,,,,,,,,,,,,,,,,,"(-10.3, 0.5, -3.7)","(-10.5, 0.7, -3.6)","(-10.5, 0.1, -3.5)",
VOICE_CAPTURE,599213,6/26/2026 11:40:13 AM,e7ca1105-8b8f-4dee-a332-17c93bb5c040,2.0,,,,,,,,,,,,,,,,,,,,,,,,,,,,,,,,,,,,,,,,,,,,,,,,,,,NA,Take that.,
PLAYER_POSITIONS,599490,6/26/2026 11:40:14 AM,e7ca1105-8b8f-4dee-a332-17c93bb5c040,2.0,,,,,,,,,,,,,,,,,,,,,,,,,,,,,,,,,,,"(-10.4, 0.5, -3.7)","(-10.4, 0.9, -3.5)","(-10.3, 0.3, -3.3)",
PLAYER_POSITIONS,599490,6/26/2026 11:40:14 AM,e7ca1105-8b8f-4dee-a332-17c93bb5c040,2.0,,,,,,,,,,,,,,,,,,,,,,,,,,,,,,,,,,,"(-10.4, 0.5, -3.7)","(-10.4, 0.9, -3.5)","(-10.3, 0.3, -3.3)",
BAG_CLOSED,599765,6/26/2026 11:40:14 AM,e7ca1105-8b8f-4dee-a332-17c93bb5c040,2.0,,,,,,,,,,,,,,,,,,,,,,,,,,,,,,,,,,,,"(0.0, 0.0, 0.0)",
PLAYER_POSITIONS,599990,6/26/2026 11:40:14 AM,e7ca1105-8b8f-4dee-a332-17c93bb5c040,2.0,,,,,,,,,,,,,,,,,,,,,,,,,,,,,,,,,,,"(-10.5, 0.5, -3.6)","(-10.3, 1.0, -3.5)","(-10.3, 0.3, -3.2)",
PLAYER_POSITIONS,599990,6/26/2026 11:40:14 AM,e7ca1105-8b8f-4dee-a332-17c93bb5c040,2.0,,,,,,,,,,,,,,,,,,,,,,,,,,,,,,,,,,,"(-10.5, 0.5, -3.6)","(-10.3, 1.0, -3.5)","(-10.3, 0.3, -3.2)",
PLAYER_POSITIONS,600507,6/26/2026 11:40:15 AM,e7ca1105-8b8f-4dee-a332-17c93bb5c040,2.0,,,,,,,,,,,,,,,,,,,,,,,,,,,,,,,,,,,"(-10.5, 0.5, -3.3)","(-10.1, 1.0, -3.3)","(-10.0, 0.3, -3.2)",
PLAYER_POSITIONS,600507,6/26/2026 11:40:15 AM,e7ca1105-8b8f-4dee-a332-17c93bb5c040,2.0,,,,,,,,,,,,,,,,,,,,,,,,,,,,,,,,,,,"(-10.5, 0.5, -3.3)","(-10.1, 1.0, -3.3)","(-10.0, 0.3, -3.2)",
PATIENT_DISENGAGED,600977,6/26/2026 11:40:15 AM,e7ca1105-8b8f-4dee-a332-17c93bb5c040,2.0,,,,30.37,,,,,,,,,,,,,,,,fast,100,Infinity,normal,Military PT 4,upset,supine,"(-11.1, -0.1, -4.4)",faint,"(0.0, 1.0, 0.0, 0.2)",normal,IMMEDIATE,still,,,,,,,,,,,,,,,,,61.56,
PATIENT_ENGAGED,600977,6/26/2026 11:40:15 AM,e7ca1105-8b8f-4dee-a332-17c93bb5c040,2.0,,,,0,,,,,,,,,,,,,,,,none,100,Infinity,none,Military PT 10,dead,fetal,"(-9.6, -0.1, -2.9)",none,"(0.0, -0.6, 0.0, 0.8)",none,EXPECTANT,still,,,,,,,,,,,,,,,,,9.08,
PLAYER_POSITIONS,601007,6/26/2026 11:40:15 AM,e7ca1105-8b8f-4dee-a332-17c93bb5c040,2.0,,,,,,,,,,,,,,,,,,,,,,,,,,,,,,,,,,,"(-10.3, 0.4, -3.2)","(-10.0, 0.9, -3.4)","(-9.9, 0.2, -3.5)",
PLAYER_POSITIONS,601007,6/26/2026 11:40:15 AM,e7ca1105-8b8f-4dee-a332-17c93bb5c040,2.0,,,,,,,,,,,,,,,,,,,,,,,,,,,,,,,,,,,"(-10.3, 0.4, -3.2)","(-10.0, 0.9, -3.4)","(-9.9, 0.2, -3.5)",
VOICE_CAPTURE,601217,6/26/2026 11:40:15 AM,e7ca1105-8b8f-4dee-a332-17c93bb5c040,2.0,,,,,,,,,,,,,,,,,,,,,,,,,,,,,,,,,,,,,,,,,,,,,,,,,,,NA,Thank you.,
AUDIO_START,601287,6/26/2026 11:40:16 AM,e7ca1105-8b8f-4dee-a332-17c93bb5c040,2.0,good hits hammer 1 2,4.571429,
PLAYER_POSITIONS,601522,6/26/2026 11:40:16 AM,e7ca1105-8b8f-4dee-a332-17c93bb5c040,2.0,,,,,,,,,,,,,,,,,,,,,,,,,,,,,,,,,,,"(-10.1, 0.4, -3.3)","(-9.9, 0.8, -3.6)","(-9.8, 0.2, -3.8)",
PLAYER_POSITIONS,601522,6/26/2026 11:40:16 AM,e7ca1105-8b8f-4dee-a332-17c93bb5c040,2.0,,,,,,,,,,,,,,,,,,,,,,,,,,,,,,,,,,,"(-10.1, 0.4, -3.3)","(-9.9, 0.8, -3.6)","(-9.8, 0.2, -3.8)",
VOICE_CAPTURE,601730,6/26/2026 11:40:16 AM,e7ca1105-8b8f-4dee-a332-17c93bb5c040,2.0,,,,,,,,,,,,,,,,,,,,,,,,,,,,,,,,,,,,,,,,,,,,,,,,,,,NA,Thank you.,
VOICE_CAPTURE,601730,6/26/2026 11:40:16 AM,e7ca1105-8b8f-4dee-a332-17c93bb5c040,2.0,,,,,,,,,,,,,,,,,,,,,,,,,,,,,,,,,,,,,,,,,,,,,,,,,,,NA,Thank you.,
PLAYER_POSITIONS,602034,6/26/2026 11:40:16 AM,e7ca1105-8b8f-4dee-a332-17c93bb5c040,2.0,,,,,,,,,,,,,,,,,,,,,,,,,,,,,,,,,,,"(-10.0, 0.4, -3.2)","(-9.9, 0.8, -3.5)","(-9.7, 0.3, -3.8)",
PLAYER_POSITIONS,602034,6/26/2026 11:40:16 AM,e7ca1105-8b8f-4dee-a332-17c93bb5c040,2.0,,,,,,,,,,,,,,,,,,,,,,,,,,,,,,,,,,,"(-10.0, 0.4, -3.2)","(-9.9, 0.8, -3.5)","(-9.7, 0.3, -3.8)",
PLAYER_POSITIONS,602548,6/26/2026 11:40:17 AM,e7ca1105-8b8f-4dee-a332-17c93bb5c040,2.0,,,,,,,,,,,,,,,,,,,,,,,,,,,,,,,,,,,"(-10.0, 0.3, -3.2)","(-9.9, 0.8, -3.5)","(-9.7, 0.3, -3.8)",
PLAYER_POSITIONS,602548,6/26/2026 11:40:17 AM,e7ca1105-8b8f-4dee-a332-17c93bb5c040,2.0,,,,,,,,,,,,,,,,,,,,,,,,,,,,,,,,,,,"(-10.0, 0.3, -3.2)","(-9.9, 0.8, -3.5)","(-9.7, 0.3, -3.8)",
PLAYER_POSITIONS,603076,6/26/2026 11:40:17 AM,e7ca1105-8b8f-4dee-a332-17c93bb5c040,2.0,,,,,,,,,,,,,,,,,,,,,,,,,,,,,,,,,,,"(-10.0, 0.3, -3.2)","(-9.9, 0.8, -3.5)","(-9.7, 0.4, -3.8)",
PLAYER_POSITIONS,603076,6/26/2026 11:40:17 AM,e7ca1105-8b8f-4dee-a332-17c93bb5c040,2.0,,,,,,,,,,,,,,,,,,,,,,,,,,,,,,,,,,,"(-10.0, 0.3, -3.2)","(-9.9, 0.8, -3.5)","(-9.7, 0.4, -3.8)",
PLAYER_POSITIONS,603589,6/26/2026 11:40:18 AM,e7ca1105-8b8f-4dee-a332-17c93bb5c040,2.0,,,,,,,,,,,,,,,,,,,,,,,,,,,,,,,,,,,"(-10.0, 0.3, -3.2)","(-9.9, 0.8, -3.5)","(-9.7, 0.5, -3.7)",
PLAYER_POSITIONS,603589,6/26/2026 11:40:18 AM,e7ca1105-8b8f-4dee-a332-17c93bb5c040,2.0,,,,,,,,,,,,,,,,,,,,,,,,,,,,,,,,,,,"(-10.0, 0.3, -3.2)","(-9.9, 0.8, -3.5)","(-9.7, 0.5, -3.7)",
PLAYER_POSITIONS,604104,6/26/2026 11:40:18 AM,e7ca1105-8b8f-4dee-a332-17c93bb5c040,2.0,,,,,,,,,,,,,,,,,,,,,,,,,,,,,,,,,,,"(-9.8, 0.4, -3.4)","(-9.7, 0.9, -3.7)","(-9.6, 0.4, -3.9)",
PLAYER_POSITIONS,604104,6/26/2026 11:40:18 AM,e7ca1105-8b8f-4dee-a332-17c93bb5c040,2.0,,,,,,,,,,,,,,,,,,,,,,,,,,,,,,,,,,,"(-9.8, 0.4, -3.4)","(-9.7, 0.9, -3.7)","(-9.6, 0.4, -3.9)",
PLAYER_POSITIONS,604605,6/26/2026 11:40:19 AM,e7ca1105-8b8f-4dee-a332-17c93bb5c040,2.0,,,,,,,,,,,,,,,,,,,,,,,,,,,,,,,,,,,"(-9.8, 0.5, -3.4)","(-9.7, 0.9, -3.6)","(-9.5, 0.3, -3.8)",
PLAYER_POSITIONS,604605,6/26/2026 11:40:19 AM,e7ca1105-8b8f-4dee-a332-17c93bb5c040,2.0,,,,,,,,,,,,,,,,,,,,,,,,,,,,,,,,,,,"(-9.8, 0.5, -3.4)","(-9.7, 0.9, -3.6)","(-9.5, 0.3, -3.8)",
PLAYER_POSITIONS,605108,6/26/2026 11:40:19 AM,e7ca1105-8b8f-4dee-a332-17c93bb5c040,2.0,,,,,,,,,,,,,,,,,,,,,,,,,,,,,,,,,,,"(-9.9, 0.4, -3.4)","(-9.8, 0.8, -3.5)","(-9.7, 0.6, -3.7)",
PLAYER_POSITIONS,605108,6/26/2026 11:40:19 AM,e7ca1105-8b8f-4dee-a332-17c93bb5c040,2.0,,,,,,,,,,,,,,,,,,,,,,,,,,,,,,,,,,,"(-9.9, 0.4, -3.4)","(-9.8, 0.8, -3.5)","(-9.7, 0.6, -3.7)",
PLAYER_POSITIONS,605609,6/26/2026 11:40:20 AM,e7ca1105-8b8f-4dee-a332-17c93bb5c040,2.0,,,,,,,,,,,,,,,,,,,,,,,,,,,,,,,,,,,"(-9.9, 0.4, -3.4)","(-9.9, 0.8, -3.5)","(-9.6, 0.3, -3.7)",
PLAYER_POSITIONS,605609,6/26/2026 11:40:20 AM,e7ca1105-8b8f-4dee-a332-17c93bb5c040,2.0,,,,,,,,,,,,,,,,,,,,,,,,,,,,,,,,,,,"(-9.9, 0.4, -3.4)","(-9.9, 0.8, -3.5)","(-9.6, 0.3, -3.7)",
AUDIO_END,605858,6/26/2026 11:40:20 AM,e7ca1105-8b8f-4dee-a332-17c93bb5c040,2.0,good hits hammer 1 2,4.571429,
NARRATIVE_SECTION_END,605858,6/26/2026 11:40:20 AM,e7ca1105-8b8f-4dee-a332-17c93bb5c040,2.0,,,,,,,,,,,,,,,,,,Good hits hammer 1-2,69,
NARRATIVE_SECTION_START,605908,6/26/2026 11:40:20 AM,e7ca1105-8b8f-4dee-a332-17c93bb5c040,2.0,,,,,,,,,,,,,,,,,,Bravo be advised sniper,70,
PLAYER_POSITIONS,606123,6/26/2026 11:40:20 AM,e7ca1105-8b8f-4dee-a332-17c93bb5c040,2.0,,,,,,,,,,,,,,,,,,,,,,,,,,,,,,,,,,,"(-9.9, 0.4, -3.4)","(-9.8, 0.8, -3.6)","(-9.4, 0.5, -3.7)",
PLAYER_POSITIONS,606123,6/26/2026 11:40:20 AM,e7ca1105-8b8f-4dee-a332-17c93bb5c040,2.0,,,,,,,,,,,,,,,,,,,,,,,,,,,,,,,,,,,"(-9.9, 0.4, -3.4)","(-9.8, 0.8, -3.6)","(-9.4, 0.5, -3.7)",
TOOL_HOVER,606148,6/26/2026 11:40:20 AM,e7ca1105-8b8f-4dee-a332-17c93bb5c040,2.0,,,,,,,,,,,,,,,,,,,,,,,,,,,,,,,,,,,,,,,,,,,,,,993,,Blanket,
TOOL_SELECTED,606283,6/26/2026 11:40:21 AM,e7ca1105-8b8f-4dee-a332-17c93bb5c040,2.0,,,,,,,,,,,,,,,,,,,,,,,,,,,,,,,,,,,,,,,,,,,,,,992,,Blanket,
PLAYER_POSITIONS,606646,6/26/2026 11:40:21 AM,e7ca1105-8b8f-4dee-a332-17c93bb5c040,2.0,,,,,,,,,,,,,,,,,,,,,,,,,,,,,,,,,,,"(-9.9, 0.4, -3.4)","(-9.7, 0.8, -3.5)","(-9.6, 0.2, -3.4)",
PLAYER_POSITIONS,606646,6/26/2026 11:40:21 AM,e7ca1105-8b8f-4dee-a332-17c93bb5c040,2.0,,,,,,,,,,,,,,,,,,,,,,,,,,,,,,,,,,,"(-9.9, 0.4, -3.4)","(-9.7, 0.8, -3.5)","(-9.6, 0.2, -3.4)",
INJURY_TREATED,606771,6/26/2026 11:40:21 AM,e7ca1105-8b8f-4dee-a332-17c93bb5c040,2.0,,,,,,,,,fullBody,Unspecified,"(0.0, 0.0, 0.0)",none,1,1,none,True,False,,,,,,,Military PT 10,
TOOL_APPLIED,606772,6/26/2026 11:40:21 AM,e7ca1105-8b8f-4dee-a332-17c93bb5c040,2.0,,,,,,,,,,,,,,,,,,,,,,,,Military PT 10,,,,,,,,,,,,,,,,,,,,AppliedBlanket,Military PT 10 (UnityEngine.GameObject),,Blanket(Clone) (UnityEngine.GameObject),Blanket,
PLAYER_POSITIONS,607159,6/26/2026 11:40:21 AM,e7ca1105-8b8f-4dee-a332-17c93bb5c040,2.0,,,,,,,,,,,,,,,,,,,,,,,,,,,,,,,,,,,"(-9.9, 0.5, -3.4)","(-9.8, 0.8, -3.5)","(-9.6, 0.1, -3.5)",
PLAYER_GAZE,607159,6/26/2026 11:40:21 AM,e7ca1105-8b8f-4dee-a332-17c93bb5c040,2.0,,,,,,,,,,,,,,,,,,,,,,,,Military PT 10,,,,,,,,,"(-0.2, 0.8, -0.6)",,,"(-9.6, 0.0, -2.9)",
PLAYER_POSITIONS,607159,6/26/2026 11:40:21 AM,e7ca1105-8b8f-4dee-a332-17c93bb5c040,2.0,,,,,,,,,,,,,,,,,,,,,,,,,,,,,,,,,,,"(-9.9, 0.5, -3.4)","(-9.8, 0.8, -3.5)","(-9.6, 0.1, -3.5)",
PLAYER_GAZE,607159,6/26/2026 11:40:21 AM,e7ca1105-8b8f-4dee-a332-17c93bb5c040,2.0,,,,,,,,,,,,,,,,,,,,,,,,Military PT 10,,,,,,,,,"(-0.2, 0.8, -0.6)",,,"(-9.6, 0.0, -2.9)",
VOICE_CAPTURE,607370,6/26/2026 11:40:22 AM,e7ca1105-8b8f-4dee-a332-17c93bb5c040,2.0,,,,,,,,,,,,,,,,,,,,,,,,,,,,,,,,,,,,,,,,,,,,,,,,,,,NA,*Pew* *Pew* *Pew*,
PLAYER_POSITIONS,607690,6/26/2026 11:40:22 AM,e7ca1105-8b8f-4dee-a332-17c93bb5c040,2.0,,,,,,,,,,,,,,,,,,,,,,,,,,,,,,,,,,,"(-9.9, 0.5, -3.4)","(-9.9, 0.8, -3.4)","(-9.7, 0.2, -3.6)",
PLAYER_POSITIONS,607690,6/26/2026 11:40:22 AM,e7ca1105-8b8f-4dee-a332-17c93bb5c040,2.0,,,,,,,,,,,,,,,,,,,,,,,,,,,,,,,,,,,"(-9.9, 0.5, -3.4)","(-9.9, 0.8, -3.4)","(-9.7, 0.2, -3.6)",
BAG_CLOSED,607881,6/26/2026 11:40:22 AM,e7ca1105-8b8f-4dee-a332-17c93bb5c040,2.0,,,,,,,,,,,,,,,,,,,,,,,,,,,,,,,,,,,,"(0.0, 0.0, 0.0)",
PLAYER_POSITIONS,608214,6/26/2026 11:40:22 AM,e7ca1105-8b8f-4dee-a332-17c93bb5c040,2.0,,,,,,,,,,,,,,,,,,,,,,,,,,,,,,,,,,,"(-10.1, 0.5, -3.2)","(-10.1, 0.8, -3.2)","(-9.8, 0.4, -3.4)",
PLAYER_POSITIONS,608214,6/26/2026 11:40:22 AM,e7ca1105-8b8f-4dee-a332-17c93bb5c040,2.0,,,,,,,,,,,,,,,,,,,,,,,,,,,,,,,,,,,"(-10.1, 0.5, -3.2)","(-10.1, 0.8, -3.2)","(-9.8, 0.4, -3.4)",
VOICE_CAPTURE,608257,6/26/2026 11:40:22 AM,e7ca1105-8b8f-4dee-a332-17c93bb5c040,2.0,,,,,,,,,,,,,,,,,,,,,,,,,,,,,,,,,,,,,,,,,,,,,,,,,,,NA,* * * * You're not gonna be able to do anything.,
PLAYER_POSITIONS,608728,6/26/2026 11:40:23 AM,e7ca1105-8b8f-4dee-a332-17c93bb5c040,2.0,,,,,,,,,,,,,,,,,,,,,,,,,,,,,,,,,,,"(-10.1, 0.4, -2.9)","(-10.0, 0.8, -3.1)","(-9.8, 0.5, -3.2)",
PLAYER_GAZE,608728,6/26/2026 11:40:23 AM,e7ca1105-8b8f-4dee-a332-17c93bb5c040,2.0,,,,,,,,,,,,,,,,,,,,,,,,Military PT 10,,,,,,,,,"(-0.4, 0.8, -0.2)",,,"(-9.6, 0.0, -2.9)",
PLAYER_POSITIONS,608728,6/26/2026 11:40:23 AM,e7ca1105-8b8f-4dee-a332-17c93bb5c040,2.0,,,,,,,,,,,,,,,,,,,,,,,,,,,,,,,,,,,"(-10.1, 0.4, -2.9)","(-10.0, 0.8, -3.1)","(-9.8, 0.5, -3.2)",
PLAYER_GAZE,608728,6/26/2026 11:40:23 AM,e7ca1105-8b8f-4dee-a332-17c93bb5c040,2.0,,,,,,,,,,,,,,,,,,,,,,,,Military PT 10,,,,,,,,,"(-0.4, 0.8, -0.2)",,,"(-9.6, 0.0, -2.9)",
VOICE_CAPTURE,608730,6/26/2026 11:40:23 AM,e7ca1105-8b8f-4dee-a332-17c93bb5c040,2.0,,,,,,,,,,,,,,,,,,,,,,,,,,,,,,,,,,,,,,,,,,,,,,,,,,,NA,* * * * You're not gonna be able to do anything. You're not going to be able to do anything.,
PLAYER_POSITIONS,609242,6/26/2026 11:40:23 AM,e7ca1105-8b8f-4dee-a332-17c93bb5c040,2.0,,,,,,,,,,,,,,,,,,,,,,,,,,,,,,,,,,,"(-10.0, 0.4, -2.9)","(-10.0, 0.8, -3.2)","(-9.8, 0.6, -3.2)",
PLAYER_POSITIONS,609242,6/26/2026 11:40:23 AM,e7ca1105-8b8f-4dee-a332-17c93bb5c040,2.0,,,,,,,,,,,,,,,,,,,,,,,,,,,,,,,,,,,"(-10.0, 0.4, -2.9)","(-10.0, 0.8, -3.2)","(-9.8, 0.6, -3.2)",
VOICE_CAPTURE,609243,6/26/2026 11:40:23 AM,e7ca1105-8b8f-4dee-a332-17c93bb5c040,2.0,,,,,,,,,,,,,,,,,,,,,,,,,,,,,,,,,,,,,,,,,,,,,,,,,,,NA,* * * * You're not gonna be able to do anything. You're not going to be able to do anything.,
VOICE_CAPTURE,609243,6/26/2026 11:40:23 AM,e7ca1105-8b8f-4dee-a332-17c93bb5c040,2.0,,,,,,,,,,,,,,,,,,,,,,,,,,,,,,,,,,,,,,,,,,,,,,,,,,,NA,* * * * You're not gonna be able to do anything. You're not going to be able to do anything.,
PLAYER_POSITIONS,609771,6/26/2026 11:40:24 AM,e7ca1105-8b8f-4dee-a332-17c93bb5c040,2.0,,,,,,,,,,,,,,,,,,,,,,,,,,,,,,,,,,,"(-10.0, 0.4, -3.0)","(-9.8, 0.7, -3.4)","(-9.6, 0.2, -3.6)",
PLAYER_POSITIONS,609771,6/26/2026 11:40:24 AM,e7ca1105-8b8f-4dee-a332-17c93bb5c040,2.0,,,,,,,,,,,,,,,,,,,,,,,,,,,,,,,,,,,"(-10.0, 0.4, -3.0)","(-9.8, 0.7, -3.4)","(-9.6, 0.2, -3.6)",
PULSE_TAKEN,610169,6/26/2026 11:40:24 AM,e7ca1105-8b8f-4dee-a332-17c93bb5c040,2.0,,,,,,,,,,,,,,,,,,,,,,,,Military PT 10,,,,pulse_none,
PLAYER_POSITIONS,610297,6/26/2026 11:40:25 AM,e7ca1105-8b8f-4dee-a332-17c93bb5c040,2.0,,,,,,,,,,,,,,,,,,,,,,,,,,,,,,,,,,,"(-10.0, 0.4, -3.0)","(-9.7, 0.6, -3.4)","(-9.5, 0.1, -3.6)",
PLAYER_POSITIONS,610297,6/26/2026 11:40:25 AM,e7ca1105-8b8f-4dee-a332-17c93bb5c040,2.0,,,,,,,,,,,,,,,,,,,,,,,,,,,,,,,,,,,"(-10.0, 0.4, -3.0)","(-9.7, 0.6, -3.4)","(-9.5, 0.1, -3.6)",
EVAC_RADIO_ALERT,610434,6/26/2026 11:40:25 AM,e7ca1105-8b8f-4dee-a332-17c93bb5c040,2.0,,,,,,,,1,
AUDIO_START,610440,6/26/2026 11:40:25 AM,e7ca1105-8b8f-4dee-a332-17c93bb5c040,2.0,evac in 30 seconds,5.172245,
PLAYER_POSITIONS,610797,6/26/2026 11:40:25 AM,e7ca1105-8b8f-4dee-a332-17c93bb5c040,2.0,,,,,,,,,,,,,,,,,,,,,,,,,,,,,,,,,,,"(-10.0, 0.4, -3.0)","(-9.8, 0.6, -3.4)","(-9.5, 0.1, -3.6)",
PLAYER_POSITIONS,610797,6/26/2026 11:40:25 AM,e7ca1105-8b8f-4dee-a332-17c93bb5c040,2.0,,,,,,,,,,,,,,,,,,,,,,,,,,,,,,,,,,,"(-10.0, 0.4, -3.0)","(-9.8, 0.6, -3.4)","(-9.5, 0.1, -3.6)",
VOICE_CAPTURE,611288,6/26/2026 11:40:26 AM,e7ca1105-8b8f-4dee-a332-17c93bb5c040,2.0,,,,,,,,,,,,,,,,,,,,,,,,,,,,,,,,,,,,,,,,,,,,,,,,,,,NA,I shall read.,
PLAYER_POSITIONS,611315,6/26/2026 11:40:26 AM,e7ca1105-8b8f-4dee-a332-17c93bb5c040,2.0,,,,,,,,,,,,,,,,,,,,,,,,,,,,,,,,,,,"(-10.0, 0.4, -3.0)","(-9.7, 0.6, -3.4)","(-9.5, 0.1, -3.6)",
PLAYER_POSITIONS,611315,6/26/2026 11:40:26 AM,e7ca1105-8b8f-4dee-a332-17c93bb5c040,2.0,,,,,,,,,,,,,,,,,,,,,,,,,,,,,,,,,,,"(-10.0, 0.4, -3.0)","(-9.7, 0.6, -3.4)","(-9.5, 0.1, -3.6)",
VOICE_CAPTURE,611733,6/26/2026 11:40:26 AM,e7ca1105-8b8f-4dee-a332-17c93bb5c040,2.0,,,,,,,,,,,,,,,,,,,,,,,,,,,,,,,,,,,,,,,,,,,,,,,,,,,NA,Are you still-- were you dead?,
PLAYER_POSITIONS,611843,6/26/2026 11:40:26 AM,e7ca1105-8b8f-4dee-a332-17c93bb5c040,2.0,,,,,,,,,,,,,,,,,,,,,,,,,,,,,,,,,,,"(-10.0, 0.4, -3.0)","(-9.7, 0.6, -3.4)","(-9.5, 0.1, -3.6)",
PLAYER_POSITIONS,611843,6/26/2026 11:40:26 AM,e7ca1105-8b8f-4dee-a332-17c93bb5c040,2.0,,,,,,,,,,,,,,,,,,,,,,,,,,,,,,,,,,,"(-10.0, 0.4, -3.0)","(-9.7, 0.6, -3.4)","(-9.5, 0.1, -3.6)",
VOICE_CAPTURE,612233,6/26/2026 11:40:26 AM,e7ca1105-8b8f-4dee-a332-17c93bb5c040,2.0,,,,,,,,,,,,,,,,,,,,,,,,,,,,,,,,,,,,,,,,,,,,,,,,,,,NA,Are you still-- were you dead?,
VOICE_CAPTURE,612233,6/26/2026 11:40:26 AM,e7ca1105-8b8f-4dee-a332-17c93bb5c040,2.0,,,,,,,,,,,,,,,,,,,,,,,,,,,,,,,,,,,,,,,,,,,,,,,,,,,NA,Are you still-- were you dead?,
PLAYER_POSITIONS,612370,6/26/2026 11:40:27 AM,e7ca1105-8b8f-4dee-a332-17c93bb5c040,2.0,,,,,,,,,,,,,,,,,,,,,,,,,,,,,,,,,,,"(-10.0, 0.4, -3.0)","(-9.7, 0.6, -3.4)","(-9.5, 0.1, -3.6)",
PLAYER_POSITIONS,612370,6/26/2026 11:40:27 AM,e7ca1105-8b8f-4dee-a332-17c93bb5c040,2.0,,,,,,,,,,,,,,,,,,,,,,,,,,,,,,,,,,,"(-10.0, 0.4, -3.0)","(-9.7, 0.6, -3.4)","(-9.5, 0.1, -3.6)",
PLAYER_POSITIONS,612871,6/26/2026 11:40:27 AM,e7ca1105-8b8f-4dee-a332-17c93bb5c040,2.0,,,,,,,,,,,,,,,,,,,,,,,,,,,,,,,,,,,"(-10.0, 0.4, -3.0)","(-9.9, 0.9, -3.1)","(-9.8, 0.2, -3.3)",
PLAYER_POSITIONS,612871,6/26/2026 11:40:27 AM,e7ca1105-8b8f-4dee-a332-17c93bb5c040,2.0,,,,,,,,,,,,,,,,,,,,,,,,,,,,,,,,,,,"(-10.0, 0.4, -3.0)","(-9.9, 0.9, -3.1)","(-9.8, 0.2, -3.3)",
PLAYER_POSITIONS,613371,6/26/2026 11:40:28 AM,e7ca1105-8b8f-4dee-a332-17c93bb5c040,2.0,,,,,,,,,,,,,,,,,,,,,,,,,,,,,,,,,,,"(-10.2, 0.5, -2.9)","(-10.2, 1.0, -3.2)","(-9.8, 0.4, -3.1)",
PLAYER_GAZE,613371,6/26/2026 11:40:28 AM,e7ca1105-8b8f-4dee-a332-17c93bb5c040,2.0,,,,,,,,,,,,,,,,,,,,,,,,Military PT 9,,,,,,,,,"(2.5, 1.0, -1.4)",,,"(-12.7, 0.0, -1.8)",
PLAYER_POSITIONS,613371,6/26/2026 11:40:28 AM,e7ca1105-8b8f-4dee-a332-17c93bb5c040,2.0,,,,,,,,,,,,,,,,,,,,,,,,,,,,,,,,,,,"(-10.2, 0.5, -2.9)","(-10.2, 1.0, -3.2)","(-9.8, 0.4, -3.1)",
PLAYER_GAZE,613371,6/26/2026 11:40:28 AM,e7ca1105-8b8f-4dee-a332-17c93bb5c040,2.0,,,,,,,,,,,,,,,,,,,,,,,,Military PT 9,,,,,,,,,"(2.5, 1.0, -1.4)",,,"(-12.7, 0.0, -1.8)",
PLAYER_POSITIONS,613873,6/26/2026 11:40:28 AM,e7ca1105-8b8f-4dee-a332-17c93bb5c040,2.0,,,,,,,,,,,,,,,,,,,,,,,,,,,,,,,,,,,"(-10.9, 0.5, -3.2)","(-10.9, 1.0, -3.5)","(-10.6, 0.4, -3.3)",
PLAYER_POSITIONS,613873,6/26/2026 11:40:28 AM,e7ca1105-8b8f-4dee-a332-17c93bb5c040,2.0,,,,,,,,,,,,,,,,,,,,,,,,,,,,,,,,,,,"(-10.9, 0.5, -3.2)","(-10.9, 1.0, -3.5)","(-10.6, 0.4, -3.3)",
PLAYER_POSITIONS,614387,6/26/2026 11:40:29 AM,e7ca1105-8b8f-4dee-a332-17c93bb5c040,2.0,,,,,,,,,,,,,,,,,,,,,,,,,,,,,,,,,,,"(-11.4, 0.5, -4.0)","(-11.4, 1.0, -4.2)","(-11.1, 0.4, -4.0)",
PLAYER_POSITIONS,614387,6/26/2026 11:40:29 AM,e7ca1105-8b8f-4dee-a332-17c93bb5c040,2.0,,,,,,,,,,,,,,,,,,,,,,,,,,,,,,,,,,,"(-11.4, 0.5, -4.0)","(-11.4, 1.0, -4.2)","(-11.1, 0.4, -4.0)",
PATIENT_DISENGAGED,614439,6/26/2026 11:40:29 AM,e7ca1105-8b8f-4dee-a332-17c93bb5c040,2.0,,,,13.46,,,,,,,,,,,,,,,,none,100,Infinity,none,Military PT 10,dead,fetal,"(-9.6, -0.1, -2.9)",none,"(0.0, -0.6, 0.0, 0.8)",none,EXPECTANT,still,,,,,,,,,,,,,,,,,22.54,
VOICE_CAPTURE,614791,6/26/2026 11:40:29 AM,e7ca1105-8b8f-4dee-a332-17c93bb5c040,2.0,,,,,,,,,,,,,,,,,,,,,,,,,,,,,,,,,,,,,,,,,,,,,,,,,,,NA,I'm not a bad.,
PLAYER_POSITIONS,614902,6/26/2026 11:40:29 AM,e7ca1105-8b8f-4dee-a332-17c93bb5c040,2.0,,,,,,,,,,,,,,,,,,,,,,,,,,,,,,,,,,,"(-12.2, 0.5, -4.4)","(-12.1, 0.9, -4.5)","(-11.9, 0.4, -4.4)",
PLAYER_GAZE,614902,6/26/2026 11:40:29 AM,e7ca1105-8b8f-4dee-a332-17c93bb5c040,2.0,,,,,,,,,,,,,,,,,,,,,,,,Military PT 12,,,,,,,,,"(0.7, 0.9, -0.4)",,,"(-12.8, 0.0, -4.1)",
PLAYER_POSITIONS,614902,6/26/2026 11:40:29 AM,e7ca1105-8b8f-4dee-a332-17c93bb5c040,2.0,,,,,,,,,,,,,,,,,,,,,,,,,,,,,,,,,,,"(-12.2, 0.5, -4.4)","(-12.1, 0.9, -4.5)","(-11.9, 0.4, -4.4)",
PLAYER_GAZE,614902,6/26/2026 11:40:29 AM,e7ca1105-8b8f-4dee-a332-17c93bb5c040,2.0,,,,,,,,,,,,,,,,,,,,,,,,Military PT 12,,,,,,,,,"(0.7, 0.9, -0.4)",,,"(-12.8, 0.0, -4.1)",
PATIENT_ENGAGED,615176,6/26/2026 11:40:29 AM,e7ca1105-8b8f-4dee-a332-17c93bb5c040,2.0,,,,0,,,,,,,,,,,,,,,,normal,100,Infinity,normal,Military PT 12,upset,supine,"(-12.8, -0.1, -4.2)",normal,"(0.0, 0.0, 0.0, 1.0)",normal,DELAYED,still,,,,,,,,,,,,,,,,,41.48,
VOICE_CAPTURE,615263,6/26/2026 11:40:29 AM,e7ca1105-8b8f-4dee-a332-17c93bb5c040,2.0,,,,,,,,,,,,,,,,,,,,,,,,,,,,,,,,,,,,,,,,,,,,,,,,,,,NA,I'm not a bad.,
VOICE_CAPTURE,615263,6/26/2026 11:40:29 AM,e7ca1105-8b8f-4dee-a332-17c93bb5c040,2.0,,,,,,,,,,,,,,,,,,,,,,,,,,,,,,,,,,,,,,,,,,,,,,,,,,,NA,I'm not a bad.,
PLAYER_POSITIONS,615402,6/26/2026 11:40:30 AM,e7ca1105-8b8f-4dee-a332-17c93bb5c040,2.0,,,,,,,,,,,,,,,,,,,,,,,,,,,,,,,,,,,"(-12.6, 0.5, -4.6)","(-12.5, 0.8, -4.5)","(-12.3, 0.2, -4.6)",
PLAYER_POSITIONS,615402,6/26/2026 11:40:30 AM,e7ca1105-8b8f-4dee-a332-17c93bb5c040,2.0,,,,,,,,,,,,,,,,,,,,,,,,,,,,,,,,,,,"(-12.6, 0.5, -4.6)","(-12.5, 0.8, -4.5)","(-12.3, 0.2, -4.6)",
AUDIO_END,615623,6/26/2026 11:40:30 AM,e7ca1105-8b8f-4dee-a332-17c93bb5c040,2.0,evac in 30 seconds,5.172245,
AUDIO_START,615900,6/26/2026 11:40:30 AM,e7ca1105-8b8f-4dee-a332-17c93bb5c040,2.0,bravo be advised sniper,5.537959,
PLAYER_POSITIONS,615921,6/26/2026 11:40:30 AM,e7ca1105-8b8f-4dee-a332-17c93bb5c040,2.0,,,,,,,,,,,,,,,,,,,,,,,,,,,,,,,,,,,"(-12.5, 0.3, -4.6)","(-12.5, 0.7, -4.6)","(-12.4, 0.1, -4.7)",
PLAYER_POSITIONS,615921,6/26/2026 11:40:30 AM,e7ca1105-8b8f-4dee-a332-17c93bb5c040,2.0,,,,,,,,,,,,,,,,,,,,,,,,,,,,,,,,,,,"(-12.5, 0.3, -4.6)","(-12.5, 0.7, -4.6)","(-12.4, 0.1, -4.7)",
DRAG_STOP,616146,6/26/2026 11:40:30 AM,e7ca1105-8b8f-4dee-a332-17c93bb5c040,2.0,,,,,"(-6.8, 0.0, 2.1)","(-8.0, 0.0, 0.4)",,,,,,,,,,,,,,,,,,Military PT 12,
VOICE_CAPTURE,616230,6/26/2026 11:40:30 AM,e7ca1105-8b8f-4dee-a332-17c93bb5c040,2.0,,,,,,,,,,,,,,,,,,,,,,,,,,,,,,,,,,,,,,,,,,,,,,,,,,,NA,We'll see you next time.,
PLAYER_POSITIONS,616424,6/26/2026 11:40:31 AM,e7ca1105-8b8f-4dee-a332-17c93bb5c040,2.0,,,,,,,,,,,,,,,,,,,,,,,,,,,,,,,,,,,"(-12.6, 0.3, -4.8)","(-12.6, 0.7, -4.8)","(-12.4, 0.5, -4.7)",
PLAYER_POSITIONS,616424,6/26/2026 11:40:31 AM,e7ca1105-8b8f-4dee-a332-17c93bb5c040,2.0,,,,,,,,,,,,,,,,,,,,,,,,,,,,,,,,,,,"(-12.6, 0.3, -4.8)","(-12.6, 0.7, -4.8)","(-12.4, 0.5, -4.7)",
VOICE_CAPTURE,616771,6/26/2026 11:40:31 AM,e7ca1105-8b8f-4dee-a332-17c93bb5c040,2.0,,,,,,,,,,,,,,,,,,,,,,,,,,,,,,,,,,,,,,,,,,,,,,,,,,,NA,Whoops.,
PLAYER_POSITIONS,616938,6/26/2026 11:40:31 AM,e7ca1105-8b8f-4dee-a332-17c93bb5c040,2.0,,,,,,,,,,,,,,,,,,,,,,,,,,,,,,,,,,,"(-12.6, 0.3, -4.8)","(-12.6, 0.7, -4.8)","(-12.3, 0.2, -4.9)",
PLAYER_POSITIONS,616938,6/26/2026 11:40:31 AM,e7ca1105-8b8f-4dee-a332-17c93bb5c040,2.0,,,,,,,,,,,,,,,,,,,,,,,,,,,,,,,,,,,"(-12.6, 0.3, -4.8)","(-12.6, 0.7, -4.8)","(-12.3, 0.2, -4.9)",
VOICE_CAPTURE,617287,6/26/2026 11:40:32 AM,e7ca1105-8b8f-4dee-a332-17c93bb5c040,2.0,,,,,,,,,,,,,,,,,,,,,,,,,,,,,,,,,,,,,,,,,,,,,,,,,,,NA,Whoops.,
PLAYER_POSITIONS,617453,6/26/2026 11:40:32 AM,e7ca1105-8b8f-4dee-a332-17c93bb5c040,2.0,,,,,,,,,,,,,,,,,,,,,,,,,,,,,,,,,,,"(-12.6, 0.3, -4.9)","(-12.6, 0.7, -4.9)","(-12.2, 0.4, -4.9)",
PLAYER_POSITIONS,617453,6/26/2026 11:40:32 AM,e7ca1105-8b8f-4dee-a332-17c93bb5c040,2.0,,,,,,,,,,,,,,,,,,,,,,,,,,,,,,,,,,,"(-12.6, 0.3, -4.9)","(-12.6, 0.7, -4.9)","(-12.2, 0.4, -4.9)",
TOOL_HOVER,617561,6/26/2026 11:40:32 AM,e7ca1105-8b8f-4dee-a332-17c93bb5c040,2.0,,,,,,,,,,,,,,,,,,,,,,,,,,,,,,,,,,,,,,,,,,,,,,992,,Blanket,
TOOL_SELECTED,617686,6/26/2026 11:40:32 AM,e7ca1105-8b8f-4dee-a332-17c93bb5c040,2.0,,,,,,,,,,,,,,,,,,,,,,,,,,,,,,,,,,,,,,,,,,,,,,991,,Blanket,
VOICE_CAPTURE,617772,6/26/2026 11:40:32 AM,e7ca1105-8b8f-4dee-a332-17c93bb5c040,2.0,,,,,,,,,,,,,,,,,,,,,,,,,,,,,,,,,,,,,,,,,,,,,,,,,,,NA,Whoops.,
PLAYER_POSITIONS,617966,6/26/2026 11:40:32 AM,e7ca1105-8b8f-4dee-a332-17c93bb5c040,2.0,,,,,,,,,,,,,,,,,,,,,,,,,,,,,,,,,,,"(-12.6, 0.3, -4.9)","(-12.5, 0.7, -4.8)","(-12.5, 0.1, -4.8)",
PLAYER_POSITIONS,617966,6/26/2026 11:40:32 AM,e7ca1105-8b8f-4dee-a332-17c93bb5c040,2.0,,,,,,,,,,,,,,,,,,,,,,,,,,,,,,,,,,,"(-12.6, 0.3, -4.9)","(-12.5, 0.7, -4.8)","(-12.5, 0.1, -4.8)",
INJURY_TREATED,618134,6/26/2026 11:40:32 AM,e7ca1105-8b8f-4dee-a332-17c93bb5c040,2.0,,,,,,,,,fullBody,Unspecified,"(0.0, 0.0, 0.0)",none,1,1,none,True,False,,,,,,,Military PT 12,
TOOL_APPLIED,618134,6/26/2026 11:40:32 AM,e7ca1105-8b8f-4dee-a332-17c93bb5c040,2.0,,,,,,,,,,,,,,,,,,,,,,,,Military PT 12,,,,,,,,,,,,,,,,,,,,AppliedBlanket,Military PT 12 (UnityEngine.GameObject),,Blanket(Clone) (UnityEngine.GameObject),Blanket,
VOICE_CAPTURE,618287,6/26/2026 11:40:33 AM,e7ca1105-8b8f-4dee-a332-17c93bb5c040,2.0,,,,,,,,,,,,,,,,,,,,,,,,,,,,,,,,,,,,,,,,,,,,,,,,,,,NA,Whoops.,
PLAYER_POSITIONS,618480,6/26/2026 11:40:33 AM,e7ca1105-8b8f-4dee-a332-17c93bb5c040,2.0,,,,,,,,,,,,,,,,,,,,,,,,,,,,,,,,,,,"(-12.6, 0.4, -4.9)","(-12.7, 0.7, -4.8)","(-12.5, 0.1, -4.9)",
PLAYER_POSITIONS,618480,6/26/2026 11:40:33 AM,e7ca1105-8b8f-4dee-a332-17c93bb5c040,2.0,,,,,,,,,,,,,,,,,,,,,,,,,,,,,,,,,,,"(-12.6, 0.4, -4.9)","(-12.7, 0.7, -4.8)","(-12.5, 0.1, -4.9)",
VOICE_CAPTURE,618711,6/26/2026 11:40:33 AM,e7ca1105-8b8f-4dee-a332-17c93bb5c040,2.0,,,,,,,,,,,,,,,,,,,,,,,,,,,,,,,,,,,,,,,,,,,,,,,,,,,NA,Whoops. Follow.,
PLAYER_POSITIONS,619001,6/26/2026 11:40:33 AM,e7ca1105-8b8f-4dee-a332-17c93bb5c040,2.0,,,,,,,,,,,,,,,,,,,,,,,,,,,,,,,,,,,"(-12.6, 0.4, -4.9)","(-12.7, 0.7, -4.8)","(-12.5, 0.1, -4.8)",
PLAYER_POSITIONS,619001,6/26/2026 11:40:33 AM,e7ca1105-8b8f-4dee-a332-17c93bb5c040,2.0,,,,,,,,,,,,,,,,,,,,,,,,,,,,,,,,,,,"(-12.6, 0.4, -4.9)","(-12.7, 0.7, -4.8)","(-12.5, 0.1, -4.8)",
VOICE_CAPTURE,619208,6/26/2026 11:40:33 AM,e7ca1105-8b8f-4dee-a332-17c93bb5c040,2.0,,,,,,,,,,,,,,,,,,,,,,,,,,,,,,,,,,,,,,,,,,,,,,,,,,,NA,Whoops. Fall over.,
PLAYER_POSITIONS,619515,6/26/2026 11:40:34 AM,e7ca1105-8b8f-4dee-a332-17c93bb5c040,2.0,,,,,,,,,,,,,,,,,,,,,,,,,,,,,,,,,,,"(-12.6, 0.4, -4.9)","(-12.6, 0.7, -4.8)","(-12.5, 0.2, -4.8)",
PLAYER_POSITIONS,619515,6/26/2026 11:40:34 AM,e7ca1105-8b8f-4dee-a332-17c93bb5c040,2.0,,,,,,,,,,,,,,,,,,,,,,,,,,,,,,,,,,,"(-12.6, 0.4, -4.9)","(-12.6, 0.7, -4.8)","(-12.5, 0.2, -4.8)",
VOICE_CAPTURE,619724,6/26/2026 11:40:34 AM,e7ca1105-8b8f-4dee-a332-17c93bb5c040,2.0,,,,,,,,,,,,,,,,,,,,,,,,,,,,,,,,,,,,,,,,,,,,,,,,,,,NA,Whoops. Fall over.,
VOICE_CAPTURE,619724,6/26/2026 11:40:34 AM,e7ca1105-8b8f-4dee-a332-17c93bb5c040,2.0,,,,,,,,,,,,,,,,,,,,,,,,,,,,,,,,,,,,,,,,,,,,,,,,,,,NA,Whoops. Fall over.,
PLAYER_POSITIONS,620016,6/26/2026 11:40:34 AM,e7ca1105-8b8f-4dee-a332-17c93bb5c040,2.0,,,,,,,,,,,,,,,,,,,,,,,,,,,,,,,,,,,"(-12.6, 0.4, -4.9)","(-12.6, 0.7, -4.8)","(-12.4, 0.3, -4.9)",
PLAYER_POSITIONS,620016,6/26/2026 11:40:34 AM,e7ca1105-8b8f-4dee-a332-17c93bb5c040,2.0,,,,,,,,,,,,,,,,,,,,,,,,,,,,,,,,,,,"(-12.6, 0.4, -4.9)","(-12.6, 0.7, -4.8)","(-12.4, 0.3, -4.9)",
PLAYER_POSITIONS,620543,6/26/2026 11:40:35 AM,e7ca1105-8b8f-4dee-a332-17c93bb5c040,2.0,,,,,,,,,,,,,,,,,,,,,,,,,,,,,,,,,,,"(-12.6, 0.4, -4.9)","(-12.6, 0.7, -4.8)","(-12.4, 0.3, -4.9)",
PLAYER_POSITIONS,620543,6/26/2026 11:40:35 AM,e7ca1105-8b8f-4dee-a332-17c93bb5c040,2.0,,,,,,,,,,,,,,,,,,,,,,,,,,,,,,,,,,,"(-12.6, 0.4, -4.9)","(-12.6, 0.7, -4.8)","(-12.4, 0.3, -4.9)",
TOOL_HOVER,620958,6/26/2026 11:40:35 AM,e7ca1105-8b8f-4dee-a332-17c93bb5c040,2.0,,,,,,,,,,,,,,,,,,,,,,,,,,,,,,,,,,,,,,,,,,,,,,996,,Nasal Airway,
PLAYER_POSITIONS,621045,6/26/2026 11:40:35 AM,e7ca1105-8b8f-4dee-a332-17c93bb5c040,2.0,,,,,,,,,,,,,,,,,,,,,,,,,,,,,,,,,,,"(-12.6, 0.4, -4.9)","(-12.6, 0.8, -4.9)","(-12.2, 0.6, -5.2)",
PLAYER_POSITIONS,621045,6/26/2026 11:40:35 AM,e7ca1105-8b8f-4dee-a332-17c93bb5c040,2.0,,,,,,,,,,,,,,,,,,,,,,,,,,,,,,,,,,,"(-12.6, 0.4, -4.9)","(-12.6, 0.8, -4.9)","(-12.2, 0.6, -5.2)",
TOOL_HOVER,621070,6/26/2026 11:40:35 AM,e7ca1105-8b8f-4dee-a332-17c93bb5c040,2.0,,,,,,,,,,,,,,,,,,,,,,,,,,,,,,,,,,,,,,,,,,,,,,986,,Fentanyl Lollipop,
TOOL_SELECTED,621291,6/26/2026 11:40:36 AM,e7ca1105-8b8f-4dee-a332-17c93bb5c040,2.0,,,,,,,,,,,,,,,,,,,,,,,,,,,,,,,,,,,,,,,,,,,,,,985,,Fentanyl Lollipop,
AUDIO_END,621431,6/26/2026 11:40:36 AM,e7ca1105-8b8f-4dee-a332-17c93bb5c040,2.0,bravo be advised sniper,5.537959,
NARRATIVE_SECTION_END,621431,6/26/2026 11:40:36 AM,e7ca1105-8b8f-4dee-a332-17c93bb5c040,2.0,,,,,,,,,,,,,,,,,,Bravo be advised sniper,70,
NARRATIVE_SECTION_START,621454,6/26/2026 11:40:36 AM,e7ca1105-8b8f-4dee-a332-17c93bb5c040,2.0,,,,,,,,,,,,,,,,,,Bravo move to building 8 3,71,
PLAYER_POSITIONS,621570,6/26/2026 11:40:36 AM,e7ca1105-8b8f-4dee-a332-17c93bb5c040,2.0,,,,,,,,,,,,,,,,,,,,,,,,,,,,,,,,,,,"(-12.6, 0.4, -4.9)","(-12.6, 0.8, -4.9)","(-12.2, 0.3, -5.0)",
PLAYER_POSITIONS,621570,6/26/2026 11:40:36 AM,e7ca1105-8b8f-4dee-a332-17c93bb5c040,2.0,,,,,,,,,,,,,,,,,,,,,,,,,,,,,,,,,,,"(-12.6, 0.4, -4.9)","(-12.6, 0.8, -4.9)","(-12.2, 0.3, -5.0)",
PLAYER_POSITIONS,622096,6/26/2026 11:40:36 AM,e7ca1105-8b8f-4dee-a332-17c93bb5c040,2.0,,,,,,,,,,,,,,,,,,,,,,,,,,,,,,,,,,,"(-12.7, 0.4, -4.9)","(-12.6, 0.7, -4.8)","(-12.2, 0.2, -4.7)",
PLAYER_POSITIONS,622096,6/26/2026 11:40:36 AM,e7ca1105-8b8f-4dee-a332-17c93bb5c040,2.0,,,,,,,,,,,,,,,,,,,,,,,,,,,,,,,,,,,"(-12.7, 0.4, -4.9)","(-12.6, 0.7, -4.8)","(-12.2, 0.2, -4.7)",
INJURY_TREATED,622223,6/26/2026 11:40:36 AM,e7ca1105-8b8f-4dee-a332-17c93bb5c040,2.0,,,,,,,,,head,Unspecified,"(0.0, 0.0, 0.0)",none,1,1,none,True,False,,,,,,,Military PT 12,
TOOL_APPLIED,622223,6/26/2026 11:40:36 AM,e7ca1105-8b8f-4dee-a332-17c93bb5c040,2.0,,,,,,,,,,,,,,,,,,,,,,,,Military PT 12,,,,,,,,,,,,,,,,,,,,AppliedLollipop,Jaw (UnityEngine.GameObject),,Fentanyl Lollipop(Clone) (UnityEngine.GameObject),Fentanyl Lollipop,
VOICE_CAPTURE,622227,6/26/2026 11:40:36 AM,e7ca1105-8b8f-4dee-a332-17c93bb5c040,2.0,,,,,,,,,,,,,,,,,,,,,,,,,,,,,,,,,,,,,,,,,,,,,,,,,,,NA,Yeah.,
TOOL_HOVER,622248,6/26/2026 11:40:36 AM,e7ca1105-8b8f-4dee-a332-17c93bb5c040,2.0,,,,,,,,,,,,,,,,,,,,,,,,,,,,,,,,,,,,,,,,,,,,,,994,,Gauze Wrap,
AUDIO_START,622473,6/26/2026 11:40:37 AM,e7ca1105-8b8f-4dee-a332-17c93bb5c040,2.0,bravo move to building 8 3,6.034286,
PLAYER_POSITIONS,622596,6/26/2026 11:40:37 AM,e7ca1105-8b8f-4dee-a332-17c93bb5c040,2.0,,,,,,,,,,,,,,,,,,,,,,,,,,,,,,,,,,,"(-12.6, 0.4, -4.9)","(-12.5, 0.7, -4.8)","(-12.3, 0.1, -4.8)",
PLAYER_POSITIONS,622596,6/26/2026 11:40:37 AM,e7ca1105-8b8f-4dee-a332-17c93bb5c040,2.0,,,,,,,,,,,,,,,,,,,,,,,,,,,,,,,,,,,"(-12.6, 0.4, -4.9)","(-12.5, 0.7, -4.8)","(-12.3, 0.1, -4.8)",
VOICE_CAPTURE,622737,6/26/2026 11:40:37 AM,e7ca1105-8b8f-4dee-a332-17c93bb5c040,2.0,,,,,,,,,,,,,,,,,,,,,,,,,,,,,,,,,,,,,,,,,,,,,,,,,,,NA,"Yeah, take that.",
BAG_CLOSED,623058,6/26/2026 11:40:37 AM,e7ca1105-8b8f-4dee-a332-17c93bb5c040,2.0,,,,,,,,,,,,,,,,,,,,,,,,,,,,,,,,,,,,"(0.0, 0.0, 0.0)",
PLAYER_POSITIONS,623117,6/26/2026 11:40:37 AM,e7ca1105-8b8f-4dee-a332-17c93bb5c040,2.0,,,,,,,,,,,,,,,,,,,,,,,,,,,,,,,,,,,"(-12.7, 0.4, -4.8)","(-12.8, 0.8, -4.7)","(-12.5, 0.1, -4.8)",
PLAYER_GAZE,623117,6/26/2026 11:40:37 AM,e7ca1105-8b8f-4dee-a332-17c93bb5c040,2.0,,,,,,,,,,,,,,,,,,,,,,,,Military PT 12,,,,,,,,,"(0.0, 0.8, -0.6)",,,"(-12.8, 0.0, -4.1)",
PLAYER_POSITIONS,623117,6/26/2026 11:40:37 AM,e7ca1105-8b8f-4dee-a332-17c93bb5c040,2.0,,,,,,,,,,,,,,,,,,,,,,,,,,,,,,,,,,,"(-12.7, 0.4, -4.8)","(-12.8, 0.8, -4.7)","(-12.5, 0.1, -4.8)",
PLAYER_GAZE,623117,6/26/2026 11:40:37 AM,e7ca1105-8b8f-4dee-a332-17c93bb5c040,2.0,,,,,,,,,,,,,,,,,,,,,,,,Military PT 12,,,,,,,,,"(0.0, 0.8, -0.6)",,,"(-12.8, 0.0, -4.1)",
VOICE_CAPTURE,623257,6/26/2026 11:40:37 AM,e7ca1105-8b8f-4dee-a332-17c93bb5c040,2.0,,,,,,,,,,,,,,,,,,,,,,,,,,,,,,,,,,,,,,,,,,,,,,,,,,,NA,"Yeah, take that.",
VOICE_CAPTURE,623257,6/26/2026 11:40:37 AM,e7ca1105-8b8f-4dee-a332-17c93bb5c040,2.0,,,,,,,,,,,,,,,,,,,,,,,,,,,,,,,,,,,,,,,,,,,,,,,,,,,NA,"Yeah, take that.",
PLAYER_POSITIONS,623629,6/26/2026 11:40:38 AM,e7ca1105-8b8f-4dee-a332-17c93bb5c040,2.0,,,,,,,,,,,,,,,,,,,,,,,,,,,,,,,,,,,"(-13.0, 0.4, -4.1)","(-13.1, 0.8, -4.1)","(-12.9, 0.2, -4.2)",
PLAYER_POSITIONS,623629,6/26/2026 11:40:38 AM,e7ca1105-8b8f-4dee-a332-17c93bb5c040,2.0,,,,,,,,,,,,,,,,,,,,,,,,,,,,,,,,,,,"(-13.0, 0.4, -4.1)","(-13.1, 0.8, -4.1)","(-12.9, 0.2, -4.2)",
VOICE_CAPTURE,623714,6/26/2026 11:40:38 AM,e7ca1105-8b8f-4dee-a332-17c93bb5c040,2.0,,,,,,,,,,,,,,,,,,,,,,,,,,,,,,,,,,,,,,,,,,,,,,,,,,,NA,"Yeah, take that.",
PLAYER_POSITIONS,624130,6/26/2026 11:40:38 AM,e7ca1105-8b8f-4dee-a332-17c93bb5c040,2.0,,,,,,,,,,,,,,,,,,,,,,,,,,,,,,,,,,,"(-13.1, 0.4, -3.3)","(-13.3, 0.8, -3.2)","(-13.0, 0.2, -3.3)",
PLAYER_GAZE,624130,6/26/2026 11:40:38 AM,e7ca1105-8b8f-4dee-a332-17c93bb5c040,2.0,,,,,,,,,,,,,,,,,,,,,,,,Civilian PT 15,,,,,,,,,"(1.1, 0.8, -2.9)",,,"(-14.4, 0.0, -0.3)",
PLAYER_POSITIONS,624130,6/26/2026 11:40:38 AM,e7ca1105-8b8f-4dee-a332-17c93bb5c040,2.0,,,,,,,,,,,,,,,,,,,,,,,,,,,,,,,,,,,"(-13.1, 0.4, -3.3)","(-13.3, 0.8, -3.2)","(-13.0, 0.2, -3.3)",
PLAYER_GAZE,624130,6/26/2026 11:40:38 AM,e7ca1105-8b8f-4dee-a332-17c93bb5c040,2.0,,,,,,,,,,,,,,,,,,,,,,,,Civilian PT 15,,,,,,,,,"(1.1, 0.8, -2.9)",,,"(-14.4, 0.0, -0.3)",
VOICE_CAPTURE,624247,6/26/2026 11:40:38 AM,e7ca1105-8b8f-4dee-a332-17c93bb5c040,2.0,,,,,,,,,,,,,,,,,,,,,,,,,,,,,,,,,,,,,,,,,,,,,,,,,,,NA,"Yeah, take that.",
PLAYER_POSITIONS,624642,6/26/2026 11:40:39 AM,e7ca1105-8b8f-4dee-a332-17c93bb5c040,2.0,,,,,,,,,,,,,,,,,,,,,,,,,,,,,,,,,,,"(-13.7, 0.4, -2.8)","(-13.9, 0.8, -2.7)","(-13.6, 0.2, -2.8)",
PLAYER_POSITIONS,624642,6/26/2026 11:40:39 AM,e7ca1105-8b8f-4dee-a332-17c93bb5c040,2.0,,,,,,,,,,,,,,,,,,,,,,,,,,,,,,,,,,,"(-13.7, 0.4, -2.8)","(-13.9, 0.8, -2.7)","(-13.6, 0.2, -2.8)",
PLAYER_POSITIONS,625185,6/26/2026 11:40:39 AM,e7ca1105-8b8f-4dee-a332-17c93bb5c040,2.0,,,,,,,,,,,,,,,,,,,,,,,,,,,,,,,,,,,"(-13.9, 0.3, -2.2)","(-14.1, 0.8, -2.2)","(-13.8, 0.2, -2.3)",
PLAYER_POSITIONS,625185,6/26/2026 11:40:39 AM,e7ca1105-8b8f-4dee-a332-17c93bb5c040,2.0,,,,,,,,,,,,,,,,,,,,,,,,,,,,,,,,,,,"(-13.9, 0.3, -2.2)","(-14.1, 0.8, -2.2)","(-13.8, 0.2, -2.3)",
PATIENT_DISENGAGED,625223,6/26/2026 11:40:39 AM,e7ca1105-8b8f-4dee-a332-17c93bb5c040,2.0,,,,10.05,,,,,,,,,,,,,,,,normal,100,Infinity,normal,Military PT 12,upset,supine,"(-12.8, -0.1, -4.2)",normal,"(0.0, 0.0, 0.0, 1.0)",normal,DELAYED,still,,,,,,,,,,,,,,,,,51.53,
PLAYER_POSITIONS,625726,6/26/2026 11:40:40 AM,e7ca1105-8b8f-4dee-a332-17c93bb5c040,2.0,,,,,,,,,,,,,,,,,,,,,,,,,,,,,,,,,,,"(-14.1, 0.3, -1.3)","(-14.3, 0.8, -1.3)","(-14.0, 0.2, -1.4)",
PLAYER_POSITIONS,625726,6/26/2026 11:40:40 AM,e7ca1105-8b8f-4dee-a332-17c93bb5c040,2.0,,,,,,,,,,,,,,,,,,,,,,,,,,,,,,,,,,,"(-14.1, 0.3, -1.3)","(-14.3, 0.8, -1.3)","(-14.0, 0.2, -1.4)",
PATIENT_ENGAGED,626222,6/26/2026 11:40:40 AM,e7ca1105-8b8f-4dee-a332-17c93bb5c040,2.0,,,,0,,,,,,,,,,,,,,,,fast,100,Infinity,normal,Civilian PT 15,upset,supine,"(-14.4, -0.1, -0.3)",fast,"(0.0, 0.8, 0.0, 0.6)",normal,IMMEDIATE,still,,,,,,,,,,,,,,,,,23.53,
PLAYER_POSITIONS,626253,6/26/2026 11:40:40 AM,e7ca1105-8b8f-4dee-a332-17c93bb5c040,2.0,,,,,,,,,,,,,,,,,,,,,,,,,,,,,,,,,,,"(-14.4, 0.4, -1.1)","(-14.5, 0.8, -1.1)","(-14.2, 0.5, -1.0)",
PLAYER_POSITIONS,626253,6/26/2026 11:40:40 AM,e7ca1105-8b8f-4dee-a332-17c93bb5c040,2.0,,,,,,,,,,,,,,,,,,,,,,,,,,,,,,,,,,,"(-14.4, 0.4, -1.1)","(-14.5, 0.8, -1.1)","(-14.2, 0.5, -1.0)",
PLAYER_POSITIONS,626775,6/26/2026 11:40:41 AM,e7ca1105-8b8f-4dee-a332-17c93bb5c040,2.0,,,,,,,,,,,,,,,,,,,,,,,,,,,,,,,,,,,"(-14.4, 0.4, -1.1)","(-14.5, 0.9, -1.1)","(-14.2, 0.3, -0.9)",
PLAYER_POSITIONS,626775,6/26/2026 11:40:41 AM,e7ca1105-8b8f-4dee-a332-17c93bb5c040,2.0,,,,,,,,,,,,,,,,,,,,,,,,,,,,,,,,,,,"(-14.4, 0.4, -1.1)","(-14.5, 0.9, -1.1)","(-14.2, 0.3, -0.9)",
PLAYER_POSITIONS,627276,6/26/2026 11:40:42 AM,e7ca1105-8b8f-4dee-a332-17c93bb5c040,2.0,,,,,,,,,,,,,,,,,,,,,,,,,,,,,,,,,,,"(-14.5, 0.3, -1.1)","(-14.4, 0.8, -1.1)","(-14.1, 0.4, -0.9)",
PLAYER_POSITIONS,627276,6/26/2026 11:40:42 AM,e7ca1105-8b8f-4dee-a332-17c93bb5c040,2.0,,,,,,,,,,,,,,,,,,,,,,,,,,,,,,,,,,,"(-14.5, 0.3, -1.1)","(-14.4, 0.8, -1.1)","(-14.1, 0.4, -0.9)",
PLAYER_POSITIONS,627802,6/26/2026 11:40:42 AM,e7ca1105-8b8f-4dee-a332-17c93bb5c040,2.0,,,,,,,,,,,,,,,,,,,,,,,,,,,,,,,,,,,"(-14.5, 0.3, -1.1)","(-14.5, 0.8, -1.1)","(-14.3, 0.5, -0.8)",
PLAYER_POSITIONS,627802,6/26/2026 11:40:42 AM,e7ca1105-8b8f-4dee-a332-17c93bb5c040,2.0,,,,,,,,,,,,,,,,,,,,,,,,,,,,,,,,,,,"(-14.5, 0.3, -1.1)","(-14.5, 0.8, -1.1)","(-14.3, 0.5, -0.8)",
PLAYER_POSITIONS,628304,6/26/2026 11:40:43 AM,e7ca1105-8b8f-4dee-a332-17c93bb5c040,2.0,,,,,,,,,,,,,,,,,,,,,,,,,,,,,,,,,,,"(-14.5, 0.3, -1.1)","(-14.4, 0.8, -1.1)","(-14.1, 0.4, -0.8)",
PLAYER_POSITIONS,628304,6/26/2026 11:40:43 AM,e7ca1105-8b8f-4dee-a332-17c93bb5c040,2.0,,,,,,,,,,,,,,,,,,,,,,,,,,,,,,,,,,,"(-14.5, 0.3, -1.1)","(-14.4, 0.8, -1.1)","(-14.1, 0.4, -0.8)",
AUDIO_END,628497,6/26/2026 11:40:43 AM,e7ca1105-8b8f-4dee-a332-17c93bb5c040,2.0,bravo move to building 8 3,6.034286,
NARRATIVE_SECTION_END,628497,6/26/2026 11:40:43 AM,e7ca1105-8b8f-4dee-a332-17c93bb5c040,2.0,,,,,,,,,,,,,,,,,,Bravo move to building 8 3,71,
NARRATIVE_SECTION_START,628521,6/26/2026 11:40:43 AM,e7ca1105-8b8f-4dee-a332-17c93bb5c040,2.0,,,,,,,,,,,,,,,,,,Who do you want to evacuate,72,
TOOL_HOVER,628559,6/26/2026 11:40:43 AM,e7ca1105-8b8f-4dee-a332-17c93bb5c040,2.0,,,,,,,,,,,,,,,,,,,,,,,,,,,,,,,,,,,,,,,,,,,,,,991,,Blanket,
TOOL_SELECTED,628802,6/26/2026 11:40:43 AM,e7ca1105-8b8f-4dee-a332-17c93bb5c040,2.0,,,,,,,,,,,,,,,,,,,,,,,,,,,,,,,,,,,,,,,,,,,,,,990,,Blanket,
PLAYER_POSITIONS,628805,6/26/2026 11:40:43 AM,e7ca1105-8b8f-4dee-a332-17c93bb5c040,2.0,,,,,,,,,,,,,,,,,,,,,,,,,,,,,,,,,,,"(-14.5, 0.3, -1.2)","(-14.4, 0.8, -1.0)","(-14.1, 0.4, -0.7)",
PLAYER_POSITIONS,628805,6/26/2026 11:40:43 AM,e7ca1105-8b8f-4dee-a332-17c93bb5c040,2.0,,,,,,,,,,,,,,,,,,,,,,,,,,,,,,,,,,,"(-14.5, 0.3, -1.2)","(-14.4, 0.8, -1.0)","(-14.1, 0.4, -0.7)",
PLAYER_POSITIONS,629322,6/26/2026 11:40:44 AM,e7ca1105-8b8f-4dee-a332-17c93bb5c040,2.0,,,,,,,,,,,,,,,,,,,,,,,,,,,,,,,,,,,"(-14.5, 0.4, -1.2)","(-14.6, 0.7, -1.0)","(-14.6, 0.1, -0.8)",
PLAYER_POSITIONS,629322,6/26/2026 11:40:44 AM,e7ca1105-8b8f-4dee-a332-17c93bb5c040,2.0,,,,,,,,,,,,,,,,,,,,,,,,,,,,,,,,,,,"(-14.5, 0.4, -1.2)","(-14.6, 0.7, -1.0)","(-14.6, 0.1, -0.8)",
INJURY_TREATED,629518,6/26/2026 11:40:44 AM,e7ca1105-8b8f-4dee-a332-17c93bb5c040,2.0,,,,,,,,,fullBody,Unspecified,"(0.0, 0.0, 0.0)",none,1,1,none,True,False,,,,,,,Civilian PT 15,
TOOL_APPLIED,629518,6/26/2026 11:40:44 AM,e7ca1105-8b8f-4dee-a332-17c93bb5c040,2.0,,,,,,,,,,,,,,,,,,,,,,,,Civilian PT 15,,,,,,,,,,,,,,,,,,,,AppliedBlanket,Civilian PT 15 (UnityEngine.GameObject),,Blanket(Clone) (UnityEngine.GameObject),Blanket,
PLAYER_POSITIONS,629850,6/26/2026 11:40:44 AM,e7ca1105-8b8f-4dee-a332-17c93bb5c040,2.0,,,,,,,,,,,,,,,,,,,,,,,,,,,,,,,,,,,"(-14.6, 0.4, -1.1)","(-14.7, 0.8, -1.0)","(-14.6, 0.1, -0.9)",
PLAYER_POSITIONS,629850,6/26/2026 11:40:44 AM,e7ca1105-8b8f-4dee-a332-17c93bb5c040,2.0,,,,,,,,,,,,,,,,,,,,,,,,,,,,,,,,,,,"(-14.6, 0.4, -1.1)","(-14.7, 0.8, -1.0)","(-14.6, 0.1, -0.9)",
BAG_CLOSED,630263,6/26/2026 11:40:44 AM,e7ca1105-8b8f-4dee-a332-17c93bb5c040,2.0,,,,,,,,,,,,,,,,,,,,,,,,,,,,,,,,,,,,"(0.0, 0.0, 0.0)",
PLAYER_POSITIONS,630377,6/26/2026 11:40:45 AM,e7ca1105-8b8f-4dee-a332-17c93bb5c040,2.0,,,,,,,,,,,,,,,,,,,,,,,,,,,,,,,,,,,"(-14.6, 0.4, -1.1)","(-14.8, 0.9, -1.3)","(-14.4, 0.2, -1.2)",
PLAYER_GAZE,630377,6/26/2026 11:40:45 AM,e7ca1105-8b8f-4dee-a332-17c93bb5c040,2.0,,,,,,,,,,,,,,,,,,,,,,,,Civilian PT 8,,,,,,,,,"(1.0, 0.9, 0.5)",,,"(-15.8, 0.0, -1.8)",
PLAYER_POSITIONS,630377,6/26/2026 11:40:45 AM,e7ca1105-8b8f-4dee-a332-17c93bb5c040,2.0,,,,,,,,,,,,,,,,,,,,,,,,,,,,,,,,,,,"(-14.6, 0.4, -1.1)","(-14.8, 0.9, -1.3)","(-14.4, 0.2, -1.2)",
PLAYER_GAZE,630377,6/26/2026 11:40:45 AM,e7ca1105-8b8f-4dee-a332-17c93bb5c040,2.0,,,,,,,,,,,,,,,,,,,,,,,,Civilian PT 8,,,,,,,,,"(1.0, 0.9, 0.5)",,,"(-15.8, 0.0, -1.8)",
EVAC_RADIO_ALERT,630430,6/26/2026 11:40:45 AM,e7ca1105-8b8f-4dee-a332-17c93bb5c040,2.0,,,,,,,,1,
AUDIO_START,630445,6/26/2026 11:40:45 AM,e7ca1105-8b8f-4dee-a332-17c93bb5c040,2.0,evac in 10 seconds,4.127347,
PLAYER_POSITIONS,630878,6/26/2026 11:40:45 AM,e7ca1105-8b8f-4dee-a332-17c93bb5c040,2.0,,,,,,,,,,,,,,,,,,,,,,,,,,,,,,,,,,,"(-14.8, 0.4, -1.5)","(-14.9, 0.9, -1.7)","(-14.6, 0.3, -1.4)",
PLAYER_GAZE,630878,6/26/2026 11:40:45 AM,e7ca1105-8b8f-4dee-a332-17c93bb5c040,2.0,,,,,,,,,,,,,,,,,,,,,,,,Civilian PT 8,,,,,,,,,"(0.9, 0.9, 0.1)",,,"(-15.8, 0.0, -1.8)",
PLAYER_POSITIONS,630878,6/26/2026 11:40:45 AM,e7ca1105-8b8f-4dee-a332-17c93bb5c040,2.0,,,,,,,,,,,,,,,,,,,,,,,,,,,,,,,,,,,"(-14.8, 0.4, -1.5)","(-14.9, 0.9, -1.7)","(-14.6, 0.3, -1.4)",
PLAYER_GAZE,630878,6/26/2026 11:40:45 AM,e7ca1105-8b8f-4dee-a332-17c93bb5c040,2.0,,,,,,,,,,,,,,,,,,,,,,,,Civilian PT 8,,,,,,,,,"(0.9, 0.9, 0.1)",,,"(-15.8, 0.0, -1.8)",
PATIENT_DISENGAGED,630902,6/26/2026 11:40:45 AM,e7ca1105-8b8f-4dee-a332-17c93bb5c040,2.0,,,,4.69,,,,,,,,,,,,,,,,fast,100,Infinity,normal,Civilian PT 15,upset,supine,"(-14.4, -0.1, -0.3)",fast,"(0.0, 0.8, 0.0, 0.6)",normal,IMMEDIATE,still,,,,,,,,,,,,,,,,,28.23,
PATIENT_ENGAGED,630902,6/26/2026 11:40:45 AM,e7ca1105-8b8f-4dee-a332-17c93bb5c040,2.0,,,,0,,,,,,,,,,,,,,,,fast,100,Infinity,normal,Civilian PT 8,upset,sittingGround,"(-15.8, -0.1, -1.8)",fast,"(0.0, 0.4, 0.0, 0.9)",normal,IMMEDIATE,still,,,,,,,,,,,,,,,,,34.65,
PLAYER_POSITIONS,631379,6/26/2026 11:40:46 AM,e7ca1105-8b8f-4dee-a332-17c93bb5c040,2.0,,,,,,,,,,,,,,,,,,,,,,,,,,,,,,,,,,,"(-15.0, 0.4, -2.1)","(-15.1, 0.9, -2.2)","(-14.8, 0.4, -2.0)",
PLAYER_GAZE,631379,6/26/2026 11:40:46 AM,e7ca1105-8b8f-4dee-a332-17c93bb5c040,2.0,,,,,,,,,,,,,,,,,,,,,,,,Civilian PT 8,,,,,,,,,"(0.7, 0.9, -0.4)",,,"(-15.8, 0.0, -1.8)",
PLAYER_POSITIONS,631379,6/26/2026 11:40:46 AM,e7ca1105-8b8f-4dee-a332-17c93bb5c040,2.0,,,,,,,,,,,,,,,,,,,,,,,,,,,,,,,,,,,"(-15.0, 0.4, -2.1)","(-15.1, 0.9, -2.2)","(-14.8, 0.4, -2.0)",
PLAYER_GAZE,631379,6/26/2026 11:40:46 AM,e7ca1105-8b8f-4dee-a332-17c93bb5c040,2.0,,,,,,,,,,,,,,,,,,,,,,,,Civilian PT 8,,,,,,,,,"(0.7, 0.9, -0.4)",,,"(-15.8, 0.0, -1.8)",
VOICE_CAPTURE,631740,6/26/2026 11:40:46 AM,e7ca1105-8b8f-4dee-a332-17c93bb5c040,2.0,,,,,,,,,,,,,,,,,,,,,,,,,,,,,,,,,,,,,,,,,,,,,,,,,,,NA,We're down.,
PLAYER_POSITIONS,631879,6/26/2026 11:40:46 AM,e7ca1105-8b8f-4dee-a332-17c93bb5c040,2.0,,,,,,,,,,,,,,,,,,,,,,,,,,,,,,,,,,,"(-15.0, 0.3, -2.1)","(-15.1, 0.9, -2.2)","(-15.0, 0.5, -2.0)",
PLAYER_POSITIONS,631879,6/26/2026 11:40:46 AM,e7ca1105-8b8f-4dee-a332-17c93bb5c040,2.0,,,,,,,,,,,,,,,,,,,,,,,,,,,,,,,,,,,"(-15.0, 0.3, -2.1)","(-15.1, 0.9, -2.2)","(-15.0, 0.5, -2.0)",
VOICE_CAPTURE,632213,6/26/2026 11:40:46 AM,e7ca1105-8b8f-4dee-a332-17c93bb5c040,2.0,,,,,,,,,,,,,,,,,,,,,,,,,,,,,,,,,,,,,,,,,,,,,,,,,,,NA,We're down.,
VOICE_CAPTURE,632213,6/26/2026 11:40:46 AM,e7ca1105-8b8f-4dee-a332-17c93bb5c040,2.0,,,,,,,,,,,,,,,,,,,,,,,,,,,,,,,,,,,,,,,,,,,,,,,,,,,NA,We're down.,
VOICE_COMMAND,632213,6/26/2026 11:40:46 AM,e7ca1105-8b8f-4dee-a332-17c93bb5c040,2.0,,,,,,,,,,,,,,,,,,,,,,,,,,,,,,,,,,,,,,,,,,,,,,,,,,,We're down.,lay down,
PLAYER_POSITIONS,632380,6/26/2026 11:40:47 AM,e7ca1105-8b8f-4dee-a332-17c93bb5c040,2.0,,,,,,,,,,,,,,,,,,,,,,,,,,,,,,,,,,,"(-15.1, 0.5, -2.2)","(-15.0, 1.0, -2.3)","(-15.3, 0.6, -2.0)",
PLAYER_POSITIONS,632380,6/26/2026 11:40:47 AM,e7ca1105-8b8f-4dee-a332-17c93bb5c040,2.0,,,,,,,,,,,,,,,,,,,,,,,,,,,,,,,,,,,"(-15.1, 0.5, -2.2)","(-15.0, 1.0, -2.3)","(-15.3, 0.6, -2.0)",
PLAYER_POSITIONS,632898,6/26/2026 11:40:47 AM,e7ca1105-8b8f-4dee-a332-17c93bb5c040,2.0,,,,,,,,,,,,,,,,,,,,,,,,,,,,,,,,,,,"(-15.2, 0.5, -2.3)","(-15.1, 0.9, -2.4)","(-15.1, 0.7, -2.2)",
PLAYER_GAZE,632898,6/26/2026 11:40:47 AM,e7ca1105-8b8f-4dee-a332-17c93bb5c040,2.0,,,,,,,,,,,,,,,,,,,,,,,,Civilian PT 8,,,,,,,,,"(0.7, 0.9, -0.6)",,,"(-15.8, 0.0, -1.8)",
PLAYER_POSITIONS,632898,6/26/2026 11:40:47 AM,e7ca1105-8b8f-4dee-a332-17c93bb5c040,2.0,,,,,,,,,,,,,,,,,,,,,,,,,,,,,,,,,,,"(-15.2, 0.5, -2.3)","(-15.1, 0.9, -2.4)","(-15.1, 0.7, -2.2)",
PLAYER_GAZE,632898,6/26/2026 11:40:47 AM,e7ca1105-8b8f-4dee-a332-17c93bb5c040,2.0,,,,,,,,,,,,,,,,,,,,,,,,Civilian PT 8,,,,,,,,,"(0.7, 0.9, -0.6)",,,"(-15.8, 0.0, -1.8)",
PLAYER_POSITIONS,633425,6/26/2026 11:40:48 AM,e7ca1105-8b8f-4dee-a332-17c93bb5c040,2.0,,,,,,,,,,,,,,,,,,,,,,,,,,,,,,,,,,,"(-15.3, 0.5, -2.3)","(-15.3, 0.9, -2.5)","(-15.4, 0.6, -2.2)",
PLAYER_GAZE,633426,6/26/2026 11:40:48 AM,e7ca1105-8b8f-4dee-a332-17c93bb5c040,2.0,,,,,,,,,,,,,,,,,,,,,,,,Civilian PT 8,,,,,,,,,"(0.4, 0.9, -0.6)",,,"(-15.8, 0.0, -1.8)",
PLAYER_POSITIONS,633425,6/26/2026 11:40:48 AM,e7ca1105-8b8f-4dee-a332-17c93bb5c040,2.0,,,,,,,,,,,,,,,,,,,,,,,,,,,,,,,,,,,"(-15.3, 0.5, -2.3)","(-15.3, 0.9, -2.5)","(-15.4, 0.6, -2.2)",
PLAYER_GAZE,633426,6/26/2026 11:40:48 AM,e7ca1105-8b8f-4dee-a332-17c93bb5c040,2.0,,,,,,,,,,,,,,,,,,,,,,,,Civilian PT 8,,,,,,,,,"(0.4, 0.9, -0.6)",,,"(-15.8, 0.0, -1.8)",
PLAYER_POSITIONS,633939,6/26/2026 11:40:48 AM,e7ca1105-8b8f-4dee-a332-17c93bb5c040,2.0,,,,,,,,,,,,,,,,,,,,,,,,,,,,,,,,,,,"(-15.5, 0.5, -2.1)","(-15.4, 0.9, -2.1)","(-15.6, 0.5, -1.9)",
PLAYER_GAZE,633939,6/26/2026 11:40:48 AM,e7ca1105-8b8f-4dee-a332-17c93bb5c040,2.0,,,,,,,,,,,,,,,,,,,,,,,,Civilian PT 8,,,,,,,,,"(0.4, 0.9, -0.3)",,,"(-15.8, 0.0, -1.8)",
PLAYER_POSITIONS,633939,6/26/2026 11:40:48 AM,e7ca1105-8b8f-4dee-a332-17c93bb5c040,2.0,,,,,,,,,,,,,,,,,,,,,,,,,,,,,,,,,,,"(-15.5, 0.5, -2.1)","(-15.4, 0.9, -2.1)","(-15.6, 0.5, -1.9)",
PLAYER_GAZE,633939,6/26/2026 11:40:48 AM,e7ca1105-8b8f-4dee-a332-17c93bb5c040,2.0,,,,,,,,,,,,,,,,,,,,,,,,Civilian PT 8,,,,,,,,,"(0.4, 0.9, -0.3)",,,"(-15.8, 0.0, -1.8)",
TOOL_HOVER,634311,6/26/2026 11:40:49 AM,e7ca1105-8b8f-4dee-a332-17c93bb5c040,2.0,,,,,,,,,,,,,,,,,,,,,,,,,,,,,,,,,,,,,,,,,,,,,,995,,Tourniquet,
PLAYER_POSITIONS,634454,6/26/2026 11:40:49 AM,e7ca1105-8b8f-4dee-a332-17c93bb5c040,2.0,,,,,,,,,,,,,,,,,,,,,,,,,,,,,,,,,,,"(-15.4, 0.5, -2.3)","(-15.3, 0.9, -2.2)","(-15.6, 0.5, -2.1)",
PLAYER_POSITIONS,634454,6/26/2026 11:40:49 AM,e7ca1105-8b8f-4dee-a332-17c93bb5c040,2.0,,,,,,,,,,,,,,,,,,,,,,,,,,,,,,,,,,,"(-15.4, 0.5, -2.3)","(-15.3, 0.9, -2.2)","(-15.6, 0.5, -2.1)",
AUDIO_END,634564,6/26/2026 11:40:49 AM,e7ca1105-8b8f-4dee-a332-17c93bb5c040,2.0,evac in 10 seconds,4.127347,
PLAYER_POSITIONS,634967,6/26/2026 11:40:49 AM,e7ca1105-8b8f-4dee-a332-17c93bb5c040,2.0,,,,,,,,,,,,,,,,,,,,,,,,,,,,,,,,,,,"(-15.3, 0.4, -2.4)","(-15.3, 0.9, -2.3)","(-15.6, 0.4, -2.1)",
PLAYER_GAZE,634967,6/26/2026 11:40:49 AM,e7ca1105-8b8f-4dee-a332-17c93bb5c040,2.0,,,,,,,,,,,,,,,,,,,,,,,,Civilian PT 8,,,,,,,,,"(0.5, 0.9, -0.5)",,,"(-15.8, 0.0, -1.8)",
PLAYER_POSITIONS,634967,6/26/2026 11:40:49 AM,e7ca1105-8b8f-4dee-a332-17c93bb5c040,2.0,,,,,,,,,,,,,,,,,,,,,,,,,,,,,,,,,,,"(-15.3, 0.4, -2.4)","(-15.3, 0.9, -2.3)","(-15.6, 0.4, -2.1)",
PLAYER_GAZE,634967,6/26/2026 11:40:49 AM,e7ca1105-8b8f-4dee-a332-17c93bb5c040,2.0,,,,,,,,,,,,,,,,,,,,,,,,Civilian PT 8,,,,,,,,,"(0.5, 0.9, -0.5)",,,"(-15.8, 0.0, -1.8)",
TOOL_HOVER,635463,6/26/2026 11:40:50 AM,e7ca1105-8b8f-4dee-a332-17c93bb5c040,2.0,,,,,,,,,,,,,,,,,,,,,,,,,,,,,,,,,,,,,,,,,,,,,,990,,Blanket,
PLAYER_POSITIONS,635495,6/26/2026 11:40:50 AM,e7ca1105-8b8f-4dee-a332-17c93bb5c040,2.0,,,,,,,,,,,,,,,,,,,,,,,,,,,,,,,,,,,"(-15.3, 0.4, -2.3)","(-15.4, 0.9, -2.2)","(-15.9, 0.5, -2.1)",
PLAYER_GAZE,635495,6/26/2026 11:40:50 AM,e7ca1105-8b8f-4dee-a332-17c93bb5c040,2.0,,,,,,,,,,,,,,,,,,,,,,,,Civilian PT 8,,,,,,,,,"(0.4, 0.9, -0.4)",,,"(-15.8, 0.0, -1.8)",
PLAYER_POSITIONS,635495,6/26/2026 11:40:50 AM,e7ca1105-8b8f-4dee-a332-17c93bb5c040,2.0,,,,,,,,,,,,,,,,,,,,,,,,,,,,,,,,,,,"(-15.3, 0.4, -2.3)","(-15.4, 0.9, -2.2)","(-15.9, 0.5, -2.1)",
PLAYER_GAZE,635495,6/26/2026 11:40:50 AM,e7ca1105-8b8f-4dee-a332-17c93bb5c040,2.0,,,,,,,,,,,,,,,,,,,,,,,,Civilian PT 8,,,,,,,,,"(0.4, 0.9, -0.4)",,,"(-15.8, 0.0, -1.8)",
TOOL_SELECTED,635520,6/26/2026 11:40:50 AM,e7ca1105-8b8f-4dee-a332-17c93bb5c040,2.0,,,,,,,,,,,,,,,,,,,,,,,,,,,,,,,,,,,,,,,,,,,,,,989,,Blanket,
INJURY_TREATED,635939,6/26/2026 11:40:50 AM,e7ca1105-8b8f-4dee-a332-17c93bb5c040,2.0,,,,,,,,,fullBody,Unspecified,"(0.0, 0.0, 0.0)",none,1,1,none,True,False,,,,,,,Civilian PT 8,
TOOL_APPLIED,635939,6/26/2026 11:40:50 AM,e7ca1105-8b8f-4dee-a332-17c93bb5c040,2.0,,,,,,,,,,,,,,,,,,,,,,,,Civilian PT 8,,,,,,,,,,,,,,,,,,,,AppliedBlanket,Civilian PT 8 (UnityEngine.GameObject),,Blanket(Clone) (UnityEngine.GameObject),Blanket,
PLAYER_POSITIONS,636022,6/26/2026 11:40:50 AM,e7ca1105-8b8f-4dee-a332-17c93bb5c040,2.0,,,,,,,,,,,,,,,,,,,,,,,,,,,,,,,,,,,"(-15.3, 0.4, -2.4)","(-15.4, 0.8, -2.4)","(-15.5, 0.1, -2.5)",
PLAYER_POSITIONS,636022,6/26/2026 11:40:50 AM,e7ca1105-8b8f-4dee-a332-17c93bb5c040,2.0,,,,,,,,,,,,,,,,,,,,,,,,,,,,,,,,,,,"(-15.3, 0.4, -2.4)","(-15.4, 0.8, -2.4)","(-15.5, 0.1, -2.5)",
BAG_CLOSED,636255,6/26/2026 11:40:50 AM,e7ca1105-8b8f-4dee-a332-17c93bb5c040,2.0,,,,,,,,,,,,,,,,,,,,,,,,,,,,,,,,,,,,"(0.0, 0.0, 0.0)",
PLAYER_POSITIONS,636537,6/26/2026 11:40:51 AM,e7ca1105-8b8f-4dee-a332-17c93bb5c040,2.0,,,,,,,,,,,,,,,,,,,,,,,,,,,,,,,,,,,"(-15.7, 0.4, -2.1)","(-15.6, 1.0, -1.9)","(-15.8, 0.3, -1.8)",
PLAYER_POSITIONS,636537,6/26/2026 11:40:51 AM,e7ca1105-8b8f-4dee-a332-17c93bb5c040,2.0,,,,,,,,,,,,,,,,,,,,,,,,,,,,,,,,,,,"(-15.7, 0.4, -2.1)","(-15.6, 1.0, -1.9)","(-15.8, 0.3, -1.8)",
PLAYER_POSITIONS,637037,6/26/2026 11:40:51 AM,e7ca1105-8b8f-4dee-a332-17c93bb5c040,2.0,,,,,,,,,,,,,,,,,,,,,,,,,,,,,,,,,,,"(-16.5, 0.3, -1.7)","(-16.4, 0.9, -1.5)","(-16.5, 0.5, -1.3)",
PLAYER_POSITIONS,637037,6/26/2026 11:40:51 AM,e7ca1105-8b8f-4dee-a332-17c93bb5c040,2.0,,,,,,,,,,,,,,,,,,,,,,,,,,,,,,,,,,,"(-16.5, 0.3, -1.7)","(-16.4, 0.9, -1.5)","(-16.5, 0.5, -1.3)",
PATIENT_DISENGAGED,637311,6/26/2026 11:40:52 AM,e7ca1105-8b8f-4dee-a332-17c93bb5c040,2.0,,,,6.41,,,,,,,,,,,,,,,,fast,100,Infinity,normal,Civilian PT 8,upset,supine,"(-15.9, -0.1, -2.3)",fast,"(0.0, 0.0, 0.0, 1.0)",normal,IMMEDIATE,still,,,,,,,,,,,,,,,,,41.06,
PATIENT_ENGAGED,637311,6/26/2026 11:40:52 AM,e7ca1105-8b8f-4dee-a332-17c93bb5c040,2.0,,,,0,,,,,,,,,,,,,,,,normal,100,Infinity,normal,Civilian PT 7,agony,recovery,"(-17.6, -0.1, -0.1)",normal,"(0.0, 0.5, 0.0, 0.9)",normal,DELAYED,still,,,,,,,,,,,,,,,,,23.87,
PLAYER_POSITIONS,637564,6/26/2026 11:40:52 AM,e7ca1105-8b8f-4dee-a332-17c93bb5c040,2.0,,,,,,,,,,,,,,,,,,,,,,,,,,,,,,,,,,,"(-17.1, 0.3, -1.1)","(-17.0, 0.9, -0.9)","(-17.2, 0.7, -0.7)",
PLAYER_POSITIONS,637564,6/26/2026 11:40:52 AM,e7ca1105-8b8f-4dee-a332-17c93bb5c040,2.0,,,,,,,,,,,,,,,,,,,,,,,,,,,,,,,,,,,"(-17.1, 0.3, -1.1)","(-17.0, 0.9, -0.9)","(-17.2, 0.7, -0.7)",
PLAYER_POSITIONS,638064,6/26/2026 11:40:52 AM,e7ca1105-8b8f-4dee-a332-17c93bb5c040,2.0,,,,,,,,,,,,,,,,,,,,,,,,,,,,,,,,,,,"(-17.2, 0.3, -1.0)","(-17.2, 0.9, -0.7)","(-17.3, 0.3, -0.5)",
PLAYER_POSITIONS,638064,6/26/2026 11:40:52 AM,e7ca1105-8b8f-4dee-a332-17c93bb5c040,2.0,,,,,,,,,,,,,,,,,,,,,,,,,,,,,,,,,,,"(-17.2, 0.3, -1.0)","(-17.2, 0.9, -0.7)","(-17.3, 0.3, -0.5)",
TOOL_HOVER,638450,6/26/2026 11:40:53 AM,e7ca1105-8b8f-4dee-a332-17c93bb5c040,2.0,,,,,,,,,,,,,,,,,,,,,,,,,,,,,,,,,,,,,,,,,,,,,,989,,Blanket,
TOOL_SELECTED,638506,6/26/2026 11:40:53 AM,e7ca1105-8b8f-4dee-a332-17c93bb5c040,2.0,,,,,,,,,,,,,,,,,,,,,,,,,,,,,,,,,,,,,,,,,,,,,,988,,Blanket,
PLAYER_POSITIONS,638592,6/26/2026 11:40:53 AM,e7ca1105-8b8f-4dee-a332-17c93bb5c040,2.0,,,,,,,,,,,,,,,,,,,,,,,,,,,,,,,,,,,"(-17.2, 0.3, -1.0)","(-17.2, 0.8, -0.7)","(-17.5, 0.3, -0.4)",
PLAYER_POSITIONS,638592,6/26/2026 11:40:53 AM,e7ca1105-8b8f-4dee-a332-17c93bb5c040,2.0,,,,,,,,,,,,,,,,,,,,,,,,,,,,,,,,,,,"(-17.2, 0.3, -1.0)","(-17.2, 0.8, -0.7)","(-17.5, 0.3, -0.4)",
INJURY_TREATED,638870,6/26/2026 11:40:53 AM,e7ca1105-8b8f-4dee-a332-17c93bb5c040,2.0,,,,,,,,,fullBody,Unspecified,"(0.0, 0.0, 0.0)",none,1,1,none,True,False,,,,,,,Civilian PT 7,
TOOL_APPLIED,638870,6/26/2026 11:40:53 AM,e7ca1105-8b8f-4dee-a332-17c93bb5c040,2.0,,,,,,,,,,,,,,,,,,,,,,,,Civilian PT 7,,,,,,,,,,,,,,,,,,,,AppliedBlanket,Civilian PT 7 (UnityEngine.GameObject),,Blanket(Clone) (UnityEngine.GameObject),Blanket,
PLAYER_POSITIONS,639091,6/26/2026 11:40:53 AM,e7ca1105-8b8f-4dee-a332-17c93bb5c040,2.0,,,,,,,,,,,,,,,,,,,,,,,,,,,,,,,,,,,"(-17.2, 0.4, -1.0)","(-17.2, 0.8, -0.7)","(-17.4, 0.2, -0.7)",
PLAYER_POSITIONS,639091,6/26/2026 11:40:53 AM,e7ca1105-8b8f-4dee-a332-17c93bb5c040,2.0,,,,,,,,,,,,,,,,,,,,,,,,,,,,,,,,,,,"(-17.2, 0.4, -1.0)","(-17.2, 0.8, -0.7)","(-17.4, 0.2, -0.7)",
BAG_CLOSED,639144,6/26/2026 11:40:53 AM,e7ca1105-8b8f-4dee-a332-17c93bb5c040,2.0,,,,,,,,,,,,,,,,,,,,,,,,,,,,,,,,,,,,"(0.0, 0.0, 0.0)",
PLAYER_POSITIONS,639595,6/26/2026 11:40:54 AM,e7ca1105-8b8f-4dee-a332-17c93bb5c040,2.0,,,,,,,,,,,,,,,,,,,,,,,,,,,,,,,,,,,"(-17.1, 0.4, -0.5)","(-16.7, 1.0, -0.4)","(-17.0, 0.5, -0.3)",
PLAYER_POSITIONS,639595,6/26/2026 11:40:54 AM,e7ca1105-8b8f-4dee-a332-17c93bb5c040,2.0,,,,,,,,,,,,,,,,,,,,,,,,,,,,,,,,,,,"(-17.1, 0.4, -0.5)","(-16.7, 1.0, -0.4)","(-17.0, 0.5, -0.3)",
PLAYER_POSITIONS,640095,6/26/2026 11:40:54 AM,e7ca1105-8b8f-4dee-a332-17c93bb5c040,2.0,,,,,,,,,,,,,,,,,,,,,,,,,,,,,,,,,,,"(-16.2, 0.4, -0.6)","(-15.9, 1.0, -0.7)","(-15.9, 0.4, -0.5)",
PLAYER_POSITIONS,640095,6/26/2026 11:40:54 AM,e7ca1105-8b8f-4dee-a332-17c93bb5c040,2.0,,,,,,,,,,,,,,,,,,,,,,,,,,,,,,,,,,,"(-16.2, 0.4, -0.6)","(-15.9, 1.0, -0.7)","(-15.9, 0.4, -0.5)",
PATIENT_DISENGAGED,640507,6/26/2026 11:40:55 AM,e7ca1105-8b8f-4dee-a332-17c93bb5c040,2.0,,,,3.2,,,,,,,,,,,,,,,,normal,100,Infinity,normal,Civilian PT 7,agony,recovery,"(-17.6, -0.1, -0.1)",normal,"(0.0, 0.5, 0.0, 0.9)",normal,DELAYED,still,,,,,,,,,,,,,,,,,27.07,
PLAYER_POSITIONS,640621,6/26/2026 11:40:55 AM,e7ca1105-8b8f-4dee-a332-17c93bb5c040,2.0,,,,,,,,,,,,,,,,,,,,,,,,,,,,,,,,,,,"(-15.5, 0.4, -0.2)","(-15.2, 1.0, -0.3)","(-14.9, 0.5, -0.2)",
PLAYER_POSITIONS,640621,6/26/2026 11:40:55 AM,e7ca1105-8b8f-4dee-a332-17c93bb5c040,2.0,,,,,,,,,,,,,,,,,,,,,,,,,,,,,,,,,,,"(-15.5, 0.4, -0.2)","(-15.2, 1.0, -0.3)","(-14.9, 0.5, -0.2)",
PLAYER_POSITIONS,641149,6/26/2026 11:40:55 AM,e7ca1105-8b8f-4dee-a332-17c93bb5c040,2.0,,,,,,,,,,,,,,,,,,,,,,,,,,,,,,,,,,,"(-14.9, 0.4, 0.4)","(-14.6, 0.9, 0.3)","(-14.3, 0.5, 0.5)",
PLAYER_POSITIONS,641149,6/26/2026 11:40:55 AM,e7ca1105-8b8f-4dee-a332-17c93bb5c040,2.0,,,,,,,,,,,,,,,,,,,,,,,,,,,,,,,,,,,"(-14.9, 0.4, 0.4)","(-14.6, 0.9, 0.3)","(-14.3, 0.5, 0.5)",
PATIENT_ENGAGED,641229,6/26/2026 11:40:55 AM,e7ca1105-8b8f-4dee-a332-17c93bb5c040,2.0,,,,0,,,,,,,,,,,,,,,,normal,100,Infinity,normal,Civilian PT 3,upset,supine,"(-14.4, -0.1, 1.3)",normal,"(0.0, 0.0, 0.0, 1.0)",normal,DELAYED,still,,,,,,,,,,,,,,,,,30.06,
VOICE_CAPTURE,641233,6/26/2026 11:40:55 AM,e7ca1105-8b8f-4dee-a332-17c93bb5c040,2.0,,,,,,,,,,,,,,,,,,,,,,,,,,,,,,,,,,,,,,,,,,,,,,,,,,,NA,Huh.,
PLAYER_POSITIONS,641692,6/26/2026 11:40:56 AM,e7ca1105-8b8f-4dee-a332-17c93bb5c040,2.0,,,,,,,,,,,,,,,,,,,,,,,,,,,,,,,,,,,"(-14.8, 0.4, 0.5)","(-14.5, 0.9, 0.3)","(-14.3, 0.6, 0.3)",
PLAYER_POSITIONS,641692,6/26/2026 11:40:56 AM,e7ca1105-8b8f-4dee-a332-17c93bb5c040,2.0,,,,,,,,,,,,,,,,,,,,,,,,,,,,,,,,,,,"(-14.8, 0.4, 0.5)","(-14.5, 0.9, 0.3)","(-14.3, 0.6, 0.3)",
VOICE_CAPTURE,641760,6/26/2026 11:40:56 AM,e7ca1105-8b8f-4dee-a332-17c93bb5c040,2.0,,,,,,,,,,,,,,,,,,,,,,,,,,,,,,,,,,,,,,,,,,,,,,,,,,,NA,Huh.,
PLAYER_POSITIONS,642192,6/26/2026 11:40:56 AM,e7ca1105-8b8f-4dee-a332-17c93bb5c040,2.0,,,,,,,,,,,,,,,,,,,,,,,,,,,,,,,,,,,"(-14.8, 0.4, 0.5)","(-14.5, 0.9, 0.3)","(-14.1, 0.3, 0.3)",
PLAYER_POSITIONS,642192,6/26/2026 11:40:56 AM,e7ca1105-8b8f-4dee-a332-17c93bb5c040,2.0,,,,,,,,,,,,,,,,,,,,,,,,,,,,,,,,,,,"(-14.8, 0.4, 0.5)","(-14.5, 0.9, 0.3)","(-14.1, 0.3, 0.3)",
BAG_CLOSED,642221,6/26/2026 11:40:56 AM,e7ca1105-8b8f-4dee-a332-17c93bb5c040,2.0,,,,,,,,,,,,,,,,,,,,,,,,,,,,,,,,,,,,"(0.0, 0.0, 0.0)",
VOICE_CAPTURE,642266,6/26/2026 11:40:56 AM,e7ca1105-8b8f-4dee-a332-17c93bb5c040,2.0,,,,,,,,,,,,,,,,,,,,,,,,,,,,,,,,,,,,,,,,,,,,,,,,,,,NA,Huh.,
PLAYER_POSITIONS,642726,6/26/2026 11:40:57 AM,e7ca1105-8b8f-4dee-a332-17c93bb5c040,2.0,,,,,,,,,,,,,,,,,,,,,,,,,,,,,,,,,,,"(-14.6, 0.4, 0.7)","(-14.3, 0.9, 0.5)","(-14.0, 0.6, 0.5)",
PLAYER_POSITIONS,642726,6/26/2026 11:40:57 AM,e7ca1105-8b8f-4dee-a332-17c93bb5c040,2.0,,,,,,,,,,,,,,,,,,,,,,,,,,,,,,,,,,,"(-14.6, 0.4, 0.7)","(-14.3, 0.9, 0.5)","(-14.0, 0.6, 0.5)",
VOICE_CAPTURE,642795,6/26/2026 11:40:57 AM,e7ca1105-8b8f-4dee-a332-17c93bb5c040,2.0,,,,,,,,,,,,,,,,,,,,,,,,,,,,,,,,,,,,,,,,,,,,,,,,,,,NA,Huh.,
PLAYER_POSITIONS,643246,6/26/2026 11:40:57 AM,e7ca1105-8b8f-4dee-a332-17c93bb5c040,2.0,,,,,,,,,,,,,,,,,,,,,,,,,,,,,,,,,,,"(-14.6, 0.4, 0.7)","(-14.3, 0.9, 0.5)","(-13.9, 0.4, 0.4)",
PLAYER_POSITIONS,643246,6/26/2026 11:40:57 AM,e7ca1105-8b8f-4dee-a332-17c93bb5c040,2.0,,,,,,,,,,,,,,,,,,,,,,,,,,,,,,,,,,,"(-14.6, 0.4, 0.7)","(-14.3, 0.9, 0.5)","(-13.9, 0.4, 0.4)",
VOICE_CAPTURE,643287,6/26/2026 11:40:58 AM,e7ca1105-8b8f-4dee-a332-17c93bb5c040,2.0,,,,,,,,,,,,,,,,,,,,,,,,,,,,,,,,,,,,,,,,,,,,,,,,,,,NA,Huh.,
TOOL_HOVER,643687,6/26/2026 11:40:58 AM,e7ca1105-8b8f-4dee-a332-17c93bb5c040,2.0,,,,,,,,,,,,,,,,,,,,,,,,,,,,,,,,,,,,,,,,,,,,,,988,,Blanket,
TOOL_SELECTED,643730,6/26/2026 11:40:58 AM,e7ca1105-8b8f-4dee-a332-17c93bb5c040,2.0,,,,,,,,,,,,,,,,,,,,,,,,,,,,,,,,,,,,,,,,,,,,,,987,,Blanket,
VOICE_CAPTURE,643734,6/26/2026 11:40:58 AM,e7ca1105-8b8f-4dee-a332-17c93bb5c040,2.0,,,,,,,,,,,,,,,,,,,,,,,,,,,,,,,,,,,,,,,,,,,,,,,,,,,NA,Huh.,
PLAYER_POSITIONS,643759,6/26/2026 11:40:58 AM,e7ca1105-8b8f-4dee-a332-17c93bb5c040,2.0,,,,,,,,,,,,,,,,,,,,,,,,,,,,,,,,,,,"(-14.6, 0.4, 0.7)","(-14.2, 0.9, 0.5)","(-13.7, 0.5, 0.6)",
PLAYER_POSITIONS,643759,6/26/2026 11:40:58 AM,e7ca1105-8b8f-4dee-a332-17c93bb5c040,2.0,,,,,,,,,,,,,,,,,,,,,,,,,,,,,,,,,,,"(-14.6, 0.4, 0.7)","(-14.2, 0.9, 0.5)","(-13.7, 0.5, 0.6)",
INJURY_TREATED,644129,6/26/2026 11:40:58 AM,e7ca1105-8b8f-4dee-a332-17c93bb5c040,2.0,,,,,,,,,fullBody,Unspecified,"(0.0, 0.0, 0.0)",none,1,1,none,True,False,,,,,,,Civilian PT 3,
TOOL_APPLIED,644129,6/26/2026 11:40:58 AM,e7ca1105-8b8f-4dee-a332-17c93bb5c040,2.0,,,,,,,,,,,,,,,,,,,,,,,,Civilian PT 3,,,,,,,,,,,,,,,,,,,,AppliedBlanket,Civilian PT 3 (UnityEngine.GameObject),,Blanket(Clone) (UnityEngine.GameObject),Blanket,
VOICE_CAPTURE,644203,6/26/2026 11:40:58 AM,e7ca1105-8b8f-4dee-a332-17c93bb5c040,2.0,,,,,,,,,,,,,,,,,,,,,,,,,,,,,,,,,,,,,,,,,,,,,,,,,,,NA,Huh.,
PLAYER_POSITIONS,644259,6/26/2026 11:40:58 AM,e7ca1105-8b8f-4dee-a332-17c93bb5c040,2.0,,,,,,,,,,,,,,,,,,,,,,,,,,,,,,,,,,,"(-14.6, 0.4, 0.6)","(-14.3, 0.8, 0.7)","(-14.2, 0.1, 0.8)",
PLAYER_POSITIONS,644259,6/26/2026 11:40:58 AM,e7ca1105-8b8f-4dee-a332-17c93bb5c040,2.0,,,,,,,,,,,,,,,,,,,,,,,,,,,,,,,,,,,"(-14.6, 0.4, 0.6)","(-14.3, 0.8, 0.7)","(-14.2, 0.1, 0.8)",
EVAC_RADIO_ALERT,644424,6/26/2026 11:40:59 AM,e7ca1105-8b8f-4dee-a332-17c93bb5c040,2.0,,,,,,,,1,
AUDIO_START,644431,6/26/2026 11:40:59 AM,e7ca1105-8b8f-4dee-a332-17c93bb5c040,2.0,evac is here,6.71347,
BAG_CLOSED,644645,6/26/2026 11:40:59 AM,e7ca1105-8b8f-4dee-a332-17c93bb5c040,2.0,,,,,,,,,,,,,,,,,,,,,,,,,,,,,,,,,,,,"(0.0, 0.0, 0.0)",
VOICE_CAPTURE,644732,6/26/2026 11:40:59 AM,e7ca1105-8b8f-4dee-a332-17c93bb5c040,2.0,,,,,,,,,,,,,,,,,,,,,,,,,,,,,,,,,,,,,,,,,,,,,,,,,,,NA,Huh.,
PLAYER_POSITIONS,644787,6/26/2026 11:40:59 AM,e7ca1105-8b8f-4dee-a332-17c93bb5c040,2.0,,,,,,,,,,,,,,,,,,,,,,,,,,,,,,,,,,,"(-14.5, 0.4, 0.8)","(-14.3, 0.9, 0.8)","(-14.2, 0.1, 0.8)",
PLAYER_GAZE,644787,6/26/2026 11:40:59 AM,e7ca1105-8b8f-4dee-a332-17c93bb5c040,2.0,,,,,,,,,,,,,,,,,,,,,,,,Civilian PT 3,,,,,,,,,"(0.0, 0.9, -0.8)",,,"(-14.3, 0.0, 1.6)",
PLAYER_POSITIONS,644787,6/26/2026 11:40:59 AM,e7ca1105-8b8f-4dee-a332-17c93bb5c040,2.0,,,,,,,,,,,,,,,,,,,,,,,,,,,,,,,,,,,"(-14.5, 0.4, 0.8)","(-14.3, 0.9, 0.8)","(-14.2, 0.1, 0.8)",
PLAYER_GAZE,644787,6/26/2026 11:40:59 AM,e7ca1105-8b8f-4dee-a332-17c93bb5c040,2.0,,,,,,,,,,,,,,,,,,,,,,,,Civilian PT 3,,,,,,,,,"(0.0, 0.9, -0.8)",,,"(-14.3, 0.0, 1.6)",
DRAG_STOP,645010,6/26/2026 11:40:59 AM,e7ca1105-8b8f-4dee-a332-17c93bb5c040,2.0,,,,,"(-6.8, 0.0, 2.1)","(-8.0, 0.0, 0.4)",,,,,,,,,,,,,,,,,,Civilian PT 3,
VOICE_CAPTURE,645231,6/26/2026 11:40:59 AM,e7ca1105-8b8f-4dee-a332-17c93bb5c040,2.0,,,,,,,,,,,,,,,,,,,,,,,,,,,,,,,,,,,,,,,,,,,,,,,,,,,NA,Huh.,
PLAYER_POSITIONS,645287,6/26/2026 11:41:00 AM,e7ca1105-8b8f-4dee-a332-17c93bb5c040,2.0,,,,,,,,,,,,,,,,,,,,,,,,,,,,,,,,,,,"(-14.3, 0.4, 1.6)","(-14.1, 1.0, 1.5)","(-14.0, 0.2, 1.7)",
PLAYER_POSITIONS,645287,6/26/2026 11:41:00 AM,e7ca1105-8b8f-4dee-a332-17c93bb5c040,2.0,,,,,,,,,,,,,,,,,,,,,,,,,,,,,,,,,,,"(-14.3, 0.4, 1.6)","(-14.1, 1.0, 1.5)","(-14.0, 0.2, 1.7)",
VOICE_CAPTURE,645731,6/26/2026 11:41:00 AM,e7ca1105-8b8f-4dee-a332-17c93bb5c040,2.0,,,,,,,,,,,,,,,,,,,,,,,,,,,,,,,,,,,,,,,,,,,,,,,,,,,NA,Huh.,
PLAYER_POSITIONS,645814,6/26/2026 11:41:00 AM,e7ca1105-8b8f-4dee-a332-17c93bb5c040,2.0,,,,,,,,,,,,,,,,,,,,,,,,,,,,,,,,,,,"(-14.3, 0.4, 2.5)","(-14.2, 0.9, 2.4)","(-14.0, 0.2, 2.6)",
PLAYER_POSITIONS,645814,6/26/2026 11:41:00 AM,e7ca1105-8b8f-4dee-a332-17c93bb5c040,2.0,,,,,,,,,,,,,,,,,,,,,,,,,,,,,,,,,,,"(-14.3, 0.4, 2.5)","(-14.2, 0.9, 2.4)","(-14.0, 0.2, 2.6)",
VOICE_CAPTURE,646232,6/26/2026 11:41:00 AM,e7ca1105-8b8f-4dee-a332-17c93bb5c040,2.0,,,,,,,,,,,,,,,,,,,,,,,,,,,,,,,,,,,,,,,,,,,,,,,,,,,NA,Huh.,
PATIENT_DISENGAGED,646249,6/26/2026 11:41:00 AM,e7ca1105-8b8f-4dee-a332-17c93bb5c040,2.0,,,,5.04,,,,,,,,,,,,,,,,normal,100,Infinity,normal,Civilian PT 3,upset,supine,"(-14.4, -0.1, 1.3)",normal,"(0.0, 0.0, 0.0, 1.0)",normal,DELAYED,still,,,,,,,,,,,,,,,,,35.1,
PATIENT_ENGAGED,646249,6/26/2026 11:41:00 AM,e7ca1105-8b8f-4dee-a332-17c93bb5c040,2.0,,,,0,,,,,,,,,,,,,,,,normal,100,Infinity,normal,Civilian PT 14,upset,supine,"(-14.3, 0.0, 3.8)",normal,"(0.0, 0.8, 0.0, 0.6)",normal,DELAYED,still,,,,,,,,,,,,,,,,,38.22,
PLAYER_POSITIONS,646336,6/26/2026 11:41:01 AM,e7ca1105-8b8f-4dee-a332-17c93bb5c040,2.0,,,,,,,,,,,,,,,,,,,,,,,,,,,,,,,,,,,"(-14.3, 0.4, 3.0)","(-14.1, 0.9, 2.9)","(-14.0, 0.3, 3.1)",
PLAYER_POSITIONS,646336,6/26/2026 11:41:01 AM,e7ca1105-8b8f-4dee-a332-17c93bb5c040,2.0,,,,,,,,,,,,,,,,,,,,,,,,,,,,,,,,,,,"(-14.3, 0.4, 3.0)","(-14.1, 0.9, 2.9)","(-14.0, 0.3, 3.1)",
VOICE_CAPTURE,646754,6/26/2026 11:41:01 AM,e7ca1105-8b8f-4dee-a332-17c93bb5c040,2.0,,,,,,,,,,,,,,,,,,,,,,,,,,,,,,,,,,,,,,,,,,,,,,,,,,,NA,Huh.,
PLAYER_POSITIONS,646837,6/26/2026 11:41:01 AM,e7ca1105-8b8f-4dee-a332-17c93bb5c040,2.0,,,,,,,,,,,,,,,,,,,,,,,,,,,,,,,,,,,"(-14.3, 0.5, 3.3)","(-14.1, 1.0, 3.3)","(-13.9, 0.5, 3.4)",
PLAYER_GAZE,646837,6/26/2026 11:41:01 AM,e7ca1105-8b8f-4dee-a332-17c93bb5c040,2.0,,,,,,,,,,,,,,,,,,,,,,,,Civilian PT 14,,,,,,,,,"(-0.1, 1.0, -0.3)",,,"(-14.1, 0.0, 3.6)",
PLAYER_POSITIONS,646837,6/26/2026 11:41:01 AM,e7ca1105-8b8f-4dee-a332-17c93bb5c040,2.0,,,,,,,,,,,,,,,,,,,,,,,,,,,,,,,,,,,"(-14.3, 0.5, 3.3)","(-14.1, 1.0, 3.3)","(-13.9, 0.5, 3.4)",
PLAYER_GAZE,646837,6/26/2026 11:41:01 AM,e7ca1105-8b8f-4dee-a332-17c93bb5c040,2.0,,,,,,,,,,,,,,,,,,,,,,,,Civilian PT 14,,,,,,,,,"(-0.1, 1.0, -0.3)",,,"(-14.1, 0.0, 3.6)",
VOICE_CAPTURE,647226,6/26/2026 11:41:01 AM,e7ca1105-8b8f-4dee-a332-17c93bb5c040,2.0,,,,,,,,,,,,,,,,,,,,,,,,,,,,,,,,,,,,,,,,,,,,,,,,,,,NA,Huh.,
PLAYER_POSITIONS,647337,6/26/2026 11:41:02 AM,e7ca1105-8b8f-4dee-a332-17c93bb5c040,2.0,,,,,,,,,,,,,,,,,,,,,,,,,,,,,,,,,,,"(-14.3, 0.5, 3.5)","(-14.1, 1.0, 3.4)","(-13.9, 0.5, 3.7)",
PLAYER_GAZE,647337,6/26/2026 11:41:02 AM,e7ca1105-8b8f-4dee-a332-17c93bb5c040,2.0,,,,,,,,,,,,,,,,,,,,,,,,Civilian PT 14,,,,,,,,,"(-0.1, 1.0, -0.2)",,,"(-14.1, 0.0, 3.6)",
PLAYER_POSITIONS,647337,6/26/2026 11:41:02 AM,e7ca1105-8b8f-4dee-a332-17c93bb5c040,2.0,,,,,,,,,,,,,,,,,,,,,,,,,,,,,,,,,,,"(-14.3, 0.5, 3.5)","(-14.1, 1.0, 3.4)","(-13.9, 0.5, 3.7)",
PLAYER_GAZE,647337,6/26/2026 11:41:02 AM,e7ca1105-8b8f-4dee-a332-17c93bb5c040,2.0,,,,,,,,,,,,,,,,,,,,,,,,Civilian PT 14,,,,,,,,,"(-0.1, 1.0, -0.2)",,,"(-14.1, 0.0, 3.6)",
VOICE_CAPTURE,647726,6/26/2026 11:41:02 AM,e7ca1105-8b8f-4dee-a332-17c93bb5c040,2.0,,,,,,,,,,,,,,,,,,,,,,,,,,,,,,,,,,,,,,,,,,,,,,,,,,,NA,Huh.,
PLAYER_POSITIONS,647864,6/26/2026 11:41:02 AM,e7ca1105-8b8f-4dee-a332-17c93bb5c040,2.0,,,,,,,,,,,,,,,,,,,,,,,,,,,,,,,,,,,"(-14.3, 0.5, 3.5)","(-14.1, 0.9, 3.4)","(-13.8, 0.6, 3.7)",
PLAYER_POSITIONS,647864,6/26/2026 11:41:02 AM,e7ca1105-8b8f-4dee-a332-17c93bb5c040,2.0,,,,,,,,,,,,,,,,,,,,,,,,,,,,,,,,,,,"(-14.3, 0.5, 3.5)","(-14.1, 0.9, 3.4)","(-13.8, 0.6, 3.7)",
VOICE_CAPTURE,648254,6/26/2026 11:41:02 AM,e7ca1105-8b8f-4dee-a332-17c93bb5c040,2.0,,,,,,,,,,,,,,,,,,,,,,,,,,,,,,,,,,,,,,,,,,,,,,,,,,,NA,Huh.,
PLAYER_POSITIONS,648364,6/26/2026 11:41:03 AM,e7ca1105-8b8f-4dee-a332-17c93bb5c040,2.0,,,,,,,,,,,,,,,,,,,,,,,,,,,,,,,,,,,"(-14.3, 0.5, 3.5)","(-14.2, 1.0, 3.4)","(-13.9, 0.6, 3.8)",
PLAYER_POSITIONS,648364,6/26/2026 11:41:03 AM,e7ca1105-8b8f-4dee-a332-17c93bb5c040,2.0,,,,,,,,,,,,,,,,,,,,,,,,,,,,,,,,,,,"(-14.3, 0.5, 3.5)","(-14.2, 1.0, 3.4)","(-13.9, 0.6, 3.8)",
VOICE_CAPTURE,648796,6/26/2026 11:41:03 AM,e7ca1105-8b8f-4dee-a332-17c93bb5c040,2.0,,,,,,,,,,,,,,,,,,,,,,,,,,,,,,,,,,,,,,,,,,,,,,,,,,,NA,Huh. ...monder...,
PLAYER_POSITIONS,648880,6/26/2026 11:41:03 AM,e7ca1105-8b8f-4dee-a332-17c93bb5c040,2.0,,,,,,,,,,,,,,,,,,,,,,,,,,,,,,,,,,,"(-14.3, 0.5, 3.5)","(-14.0, 1.0, 3.5)","(-13.9, 0.6, 3.9)",
PLAYER_POSITIONS,648880,6/26/2026 11:41:03 AM,e7ca1105-8b8f-4dee-a332-17c93bb5c040,2.0,,,,,,,,,,,,,,,,,,,,,,,,,,,,,,,,,,,"(-14.3, 0.5, 3.5)","(-14.0, 1.0, 3.5)","(-13.9, 0.6, 3.9)",
TOOL_HOVER,648958,6/26/2026 11:41:03 AM,e7ca1105-8b8f-4dee-a332-17c93bb5c040,2.0,,,,,,,,,,,,,,,,,,,,,,,,,,,,,,,,,,,,,,,,,,,,,,996,,Israeli Wrap,
TOOL_HOVER,649154,6/26/2026 11:41:03 AM,e7ca1105-8b8f-4dee-a332-17c93bb5c040,2.0,,,,,,,,,,,,,,,,,,,,,,,,,,,,,,,,,,,,,,,,,,,,,,995,,Tourniquet,
VOICE_CAPTURE,649268,6/26/2026 11:41:03 AM,e7ca1105-8b8f-4dee-a332-17c93bb5c040,2.0,,,,,,,,,,,,,,,,,,,,,,,,,,,,,,,,,,,,,,,,,,,,,,,,,,,NA,Huh. Motherfucker.,
TOOL_SELECTED,649294,6/26/2026 11:41:04 AM,e7ca1105-8b8f-4dee-a332-17c93bb5c040,2.0,,,,,,,,,,,,,,,,,,,,,,,,,,,,,,,,,,,,,,,,,,,,,,994,,Tourniquet,
PLAYER_POSITIONS,649406,6/26/2026 11:41:04 AM,e7ca1105-8b8f-4dee-a332-17c93bb5c040,2.0,,,,,,,,,,,,,,,,,,,,,,,,,,,,,,,,,,,"(-14.3, 0.5, 3.4)","(-14.1, 1.0, 3.5)","(-14.2, 0.6, 3.7)",
PLAYER_GAZE,649406,6/26/2026 11:41:04 AM,e7ca1105-8b8f-4dee-a332-17c93bb5c040,2.0,,,,,,,,,,,,,,,,,,,,,,,,Civilian PT 14,,,,,,,,,"(0.0, 1.0, -0.1)",,,"(-14.1, 0.0, 3.6)",
PLAYER_POSITIONS,649406,6/26/2026 11:41:04 AM,e7ca1105-8b8f-4dee-a332-17c93bb5c040,2.0,,,,,,,,,,,,,,,,,,,,,,,,,,,,,,,,,,,"(-14.3, 0.5, 3.4)","(-14.1, 1.0, 3.5)","(-14.2, 0.6, 3.7)",
PLAYER_GAZE,649406,6/26/2026 11:41:04 AM,e7ca1105-8b8f-4dee-a332-17c93bb5c040,2.0,,,,,,,,,,,,,,,,,,,,,,,,Civilian PT 14,,,,,,,,,"(0.0, 1.0, -0.1)",,,"(-14.1, 0.0, 3.6)",
VOICE_CAPTURE,649767,6/26/2026 11:41:04 AM,e7ca1105-8b8f-4dee-a332-17c93bb5c040,2.0,,,,,,,,,,,,,,,,,,,,,,,,,,,,,,,,,,,,,,,,,,,,,,,,,,,NA,Huh. Motherfucker.,
VOICE_CAPTURE,649767,6/26/2026 11:41:04 AM,e7ca1105-8b8f-4dee-a332-17c93bb5c040,2.0,,,,,,,,,,,,,,,,,,,,,,,,,,,,,,,,,,,,,,,,,,,,,,,,,,,NA,Huh. Motherfucker.,
PLAYER_POSITIONS,649933,6/26/2026 11:41:04 AM,e7ca1105-8b8f-4dee-a332-17c93bb5c040,2.0,,,,,,,,,,,,,,,,,,,,,,,,,,,,,,,,,,,"(-14.3, 0.6, 3.2)","(-14.3, 0.8, 3.5)","(-14.5, 0.2, 3.7)",
PLAYER_POSITIONS,649933,6/26/2026 11:41:04 AM,e7ca1105-8b8f-4dee-a332-17c93bb5c040,2.0,,,,,,,,,,,,,,,,,,,,,,,,,,,,,,,,,,,"(-14.3, 0.6, 3.2)","(-14.3, 0.8, 3.5)","(-14.5, 0.2, 3.7)",
TOOL_APPLIED,650013,6/26/2026 11:41:04 AM,e7ca1105-8b8f-4dee-a332-17c93bb5c040,2.0,,,,,,,,,,,,,,,,,,,,,,,,Civilian PT 14,,,,,,,,,,,,,,,,,,,,AppliedTourniquet,LeftUpLeg (UnityEngine.GameObject),,Tourniquet(Clone) (UnityEngine.GameObject),Tourniquet,
VOICE_CAPTURE,650225,6/26/2026 11:41:04 AM,e7ca1105-8b8f-4dee-a332-17c93bb5c040,2.0,,,,,,,,,,,,,,,,,,,,,,,,,,,,,,,,,,,,,,,,,,,,,,,,,,,NA,how did I miss that,
PLAYER_POSITIONS,650446,6/26/2026 11:41:05 AM,e7ca1105-8b8f-4dee-a332-17c93bb5c040,2.0,,,,,,,,,,,,,,,,,,,,,,,,,,,,,,,,,,,"(-14.4, 0.6, 3.2)","(-14.3, 0.9, 3.5)","(-14.3, 0.3, 3.6)",
PLAYER_POSITIONS,650446,6/26/2026 11:41:05 AM,e7ca1105-8b8f-4dee-a332-17c93bb5c040,2.0,,,,,,,,,,,,,,,,,,,,,,,,,,,,,,,,,,,"(-14.4, 0.6, 3.2)","(-14.3, 0.9, 3.5)","(-14.3, 0.3, 3.6)",
BAG_CLOSED,650828,6/26/2026 11:41:05 AM,e7ca1105-8b8f-4dee-a332-17c93bb5c040,2.0,,,,,,,,,,,,,,,,,,,,,,,,,,,,,,,,,,,,"(0.0, 0.0, 0.0)",
PLAYER_POSITIONS,650971,6/26/2026 11:41:05 AM,e7ca1105-8b8f-4dee-a332-17c93bb5c040,2.0,,,,,,,,,,,,,,,,,,,,,,,,,,,,,,,,,,,"(-14.3, 0.6, 3.4)","(-14.1, 1.1, 3.3)","(-14.1, 0.4, 3.7)",
PLAYER_GAZE,650971,6/26/2026 11:41:05 AM,e7ca1105-8b8f-4dee-a332-17c93bb5c040,2.0,,,,,,,,,,,,,,,,,,,,,,,,Civilian PT 8,,,,,,,,,"(1.7, 1.1, 5.2)",,,"(-15.8, 0.0, -1.8)",
PLAYER_POSITIONS,650971,6/26/2026 11:41:05 AM,e7ca1105-8b8f-4dee-a332-17c93bb5c040,2.0,,,,,,,,,,,,,,,,,,,,,,,,,,,,,,,,,,,"(-14.3, 0.6, 3.4)","(-14.1, 1.1, 3.3)","(-14.1, 0.4, 3.7)",
PLAYER_GAZE,650971,6/26/2026 11:41:05 AM,e7ca1105-8b8f-4dee-a332-17c93bb5c040,2.0,,,,,,,,,,,,,,,,,,,,,,,,Civilian PT 8,,,,,,,,,"(1.7, 1.1, 5.2)",,,"(-15.8, 0.0, -1.8)",
AUDIO_END,651180,6/26/2026 11:41:05 AM,e7ca1105-8b8f-4dee-a332-17c93bb5c040,2.0,evac is here,6.71347,
EVAC_PROMPT,651184,6/26/2026 11:41:05 AM,e7ca1105-8b8f-4dee-a332-17c93bb5c040,2.0,,,,,,,,1,
VOICE_CAPTURE,651237,6/26/2026 11:41:05 AM,e7ca1105-8b8f-4dee-a332-17c93bb5c040,2.0,,,,,,,,,,,,,,,,,,,,,,,,,,,,,,,,,,,,,,,,,,,,,,,,,,,NA,How did I miss that?,
PLAYER_POSITIONS,651479,6/26/2026 11:41:06 AM,e7ca1105-8b8f-4dee-a332-17c93bb5c040,2.0,,,,,,,,,,,,,,,,,,,,,,,,,,,,,,,,,,,"(-13.5, 0.6, 3.5)","(-13.3, 1.1, 3.6)","(-13.6, 0.5, 3.8)",
PLAYER_GAZE,651479,6/26/2026 11:41:06 AM,e7ca1105-8b8f-4dee-a332-17c93bb5c040,2.0,,,,,,,,,,,,,,,,,,,,,,,,Military PT 4,,,,,,,,,"(-2.1, 1.1, 8.3)",,,"(-11.1, 0.0, -4.7)",
PLAYER_POSITIONS,651479,6/26/2026 11:41:06 AM,e7ca1105-8b8f-4dee-a332-17c93bb5c040,2.0,,,,,,,,,,,,,,,,,,,,,,,,,,,,,,,,,,,"(-13.5, 0.6, 3.5)","(-13.3, 1.1, 3.6)","(-13.6, 0.5, 3.8)",
PLAYER_GAZE,651479,6/26/2026 11:41:06 AM,e7ca1105-8b8f-4dee-a332-17c93bb5c040,2.0,,,,,,,,,,,,,,,,,,,,,,,,Military PT 4,,,,,,,,,"(-2.1, 1.1, 8.3)",,,"(-11.1, 0.0, -4.7)",
VOICE_CAPTURE,651758,6/26/2026 11:41:06 AM,e7ca1105-8b8f-4dee-a332-17c93bb5c040,2.0,,,,,,,,,,,,,,,,,,,,,,,,,,,,,,,,,,,,,,,,,,,,,,,,,,,NA,How did I miss that?,
VOICE_CAPTURE,651758,6/26/2026 11:41:06 AM,e7ca1105-8b8f-4dee-a332-17c93bb5c040,2.0,,,,,,,,,,,,,,,,,,,,,,,,,,,,,,,,,,,,,,,,,,,,,,,,,,,NA,How did I miss that?,
PLAYER_POSITIONS,652006,6/26/2026 11:41:06 AM,e7ca1105-8b8f-4dee-a332-17c93bb5c040,2.0,,,,,,,,,,,,,,,,,,,,,,,,,,,,,,,,,,,"(-13.2, 0.6, 2.9)","(-13.0, 1.1, 3.1)","(-13.3, 0.5, 3.2)",
PLAYER_POSITIONS,652006,6/26/2026 11:41:06 AM,e7ca1105-8b8f-4dee-a332-17c93bb5c040,2.0,,,,,,,,,,,,,,,,,,,,,,,,,,,,,,,,,,,"(-13.2, 0.6, 2.9)","(-13.0, 1.1, 3.1)","(-13.3, 0.5, 3.2)",
PLAYER_POSITIONS,652519,6/26/2026 11:41:07 AM,e7ca1105-8b8f-4dee-a332-17c93bb5c040,2.0,,,,,,,,,,,,,,,,,,,,,,,,,,,,,,,,,,,"(-13.1, 0.5, 2.1)","(-12.9, 1.0, 2.2)","(-13.2, 0.4, 2.4)",
PLAYER_POSITIONS,652519,6/26/2026 11:41:07 AM,e7ca1105-8b8f-4dee-a332-17c93bb5c040,2.0,,,,,,,,,,,,,,,,,,,,,,,,,,,,,,,,,,,"(-13.1, 0.5, 2.1)","(-12.9, 1.0, 2.2)","(-13.2, 0.4, 2.4)",
PATIENT_DISENGAGED,652752,6/26/2026 11:41:07 AM,e7ca1105-8b8f-4dee-a332-17c93bb5c040,2.0,,,,6.48,,,,,,,,,,,,,,,,normal,100,Infinity,normal,Civilian PT 14,upset,supine,"(-14.3, 0.0, 3.8)",normal,"(0.0, 0.8, 0.0, 0.6)",normal,DELAYED,still,,,,,,,,,,,,,,,,,44.7,
PLAYER_POSITIONS,653032,6/26/2026 11:41:07 AM,e7ca1105-8b8f-4dee-a332-17c93bb5c040,2.0,,,,,,,,,,,,,,,,,,,,,,,,,,,,,,,,,,,"(-13.2, 0.5, 1.6)","(-12.9, 1.0, 1.7)","(-13.2, 0.4, 1.9)",
PLAYER_GAZE,653032,6/26/2026 11:41:07 AM,e7ca1105-8b8f-4dee-a332-17c93bb5c040,2.0,,,,,,,,,,,,,,,,,,,,,,,,Military PT 9,,,,,,,,,"(-0.2, 1.0, 3.5)",,,"(-12.7, 0.0, -1.8)",
PLAYER_POSITIONS,653032,6/26/2026 11:41:07 AM,e7ca1105-8b8f-4dee-a332-17c93bb5c040,2.0,,,,,,,,,,,,,,,,,,,,,,,,,,,,,,,,,,,"(-13.2, 0.5, 1.6)","(-12.9, 1.0, 1.7)","(-13.2, 0.4, 1.9)",
PLAYER_GAZE,653032,6/26/2026 11:41:07 AM,e7ca1105-8b8f-4dee-a332-17c93bb5c040,2.0,,,,,,,,,,,,,,,,,,,,,,,,Military PT 9,,,,,,,,,"(-0.2, 1.0, 3.5)",,,"(-12.7, 0.0, -1.8)",
VOICE_CAPTURE,653325,6/26/2026 11:41:08 AM,e7ca1105-8b8f-4dee-a332-17c93bb5c040,2.0,,,,,,,,,,,,,,,,,,,,,,,,,,,,,,,,,,,,,,,,,,,,,,,,,,,NA,with double.,
PLAYER_POSITIONS,653547,6/26/2026 11:41:08 AM,e7ca1105-8b8f-4dee-a332-17c93bb5c040,2.0,,,,,,,,,,,,,,,,,,,,,,,,,,,,,,,,,,,"(-13.2, 0.5, 1.6)","(-12.9, 1.0, 1.7)","(-13.2, 0.4, 1.9)",
PLAYER_GAZE,653547,6/26/2026 11:41:08 AM,e7ca1105-8b8f-4dee-a332-17c93bb5c040,2.0,,,,,,,,,,,,,,,,,,,,,,,,Military PT 4,,,,,,,,,"(-1.8, 1.0, 6.4)",,,"(-11.1, 0.0, -4.7)",
PLAYER_POSITIONS,653547,6/26/2026 11:41:08 AM,e7ca1105-8b8f-4dee-a332-17c93bb5c040,2.0,,,,,,,,,,,,,,,,,,,,,,,,,,,,,,,,,,,"(-13.2, 0.5, 1.6)","(-12.9, 1.0, 1.7)","(-13.2, 0.4, 1.9)",
PLAYER_GAZE,653547,6/26/2026 11:41:08 AM,e7ca1105-8b8f-4dee-a332-17c93bb5c040,2.0,,,,,,,,,,,,,,,,,,,,,,,,Military PT 4,,,,,,,,,"(-1.8, 1.0, 6.4)",,,"(-11.1, 0.0, -4.7)",
VOICE_CAPTURE,653846,6/26/2026 11:41:08 AM,e7ca1105-8b8f-4dee-a332-17c93bb5c040,2.0,,,,,,,,,,,,,,,,,,,,,,,,,,,,,,,,,,,,,,,,,,,,,,,,,,,NA,with double. Marine with double mule sora.,
PLAYER_POSITIONS,654062,6/26/2026 11:41:08 AM,e7ca1105-8b8f-4dee-a332-17c93bb5c040,2.0,,,,,,,,,,,,,,,,,,,,,,,,,,,,,,,,,,,"(-13.1, 0.5, 1.6)","(-12.9, 1.0, 1.6)","(-13.2, 0.3, 1.9)",
PLAYER_GAZE,654062,6/26/2026 11:41:08 AM,e7ca1105-8b8f-4dee-a332-17c93bb5c040,2.0,,,,,,,,,,,,,,,,,,,,,,,,Military PT 4,,,,,,,,,"(-1.8, 1.0, 6.4)",,,"(-11.1, 0.0, -4.7)",
PLAYER_POSITIONS,654062,6/26/2026 11:41:08 AM,e7ca1105-8b8f-4dee-a332-17c93bb5c040,2.0,,,,,,,,,,,,,,,,,,,,,,,,,,,,,,,,,,,"(-13.1, 0.5, 1.6)","(-12.9, 1.0, 1.6)","(-13.2, 0.3, 1.9)",
PLAYER_GAZE,654062,6/26/2026 11:41:08 AM,e7ca1105-8b8f-4dee-a332-17c93bb5c040,2.0,,,,,,,,,,,,,,,,,,,,,,,,Military PT 4,,,,,,,,,"(-1.8, 1.0, 6.4)",,,"(-11.1, 0.0, -4.7)",
VOICE_CAPTURE,654243,6/26/2026 11:41:08 AM,e7ca1105-8b8f-4dee-a332-17c93bb5c040,2.0,,,,,,,,,,,,,,,,,,,,,,,,,,,,,,,,,,,,,,,,,,,,,,,,,,,NA,"with double. Marine with double, pneumothorax.",
PLAYER_POSITIONS,654575,6/26/2026 11:41:09 AM,e7ca1105-8b8f-4dee-a332-17c93bb5c040,2.0,,,,,,,,,,,,,,,,,,,,,,,,,,,,,,,,,,,"(-13.1, 0.5, 0.8)","(-12.8, 1.0, 0.9)","(-13.1, 0.3, 1.1)",
PLAYER_GAZE,654575,6/26/2026 11:41:09 AM,e7ca1105-8b8f-4dee-a332-17c93bb5c040,2.0,,,,,,,,,,,,,,,,,,,,,,,,Military PT 4,,,,,,,,,"(-1.6, 1.0, 5.6)",,,"(-11.1, 0.0, -4.7)",
PLAYER_POSITIONS,654575,6/26/2026 11:41:09 AM,e7ca1105-8b8f-4dee-a332-17c93bb5c040,2.0,,,,,,,,,,,,,,,,,,,,,,,,,,,,,,,,,,,"(-13.1, 0.5, 0.8)","(-12.8, 1.0, 0.9)","(-13.1, 0.3, 1.1)",
PLAYER_GAZE,654575,6/26/2026 11:41:09 AM,e7ca1105-8b8f-4dee-a332-17c93bb5c040,2.0,,,,,,,,,,,,,,,,,,,,,,,,Military PT 4,,,,,,,,,"(-1.6, 1.0, 5.6)",,,"(-11.1, 0.0, -4.7)",
VOICE_CAPTURE,654729,6/26/2026 11:41:09 AM,e7ca1105-8b8f-4dee-a332-17c93bb5c040,2.0,,,,,,,,,,,,,,,,,,,,,,,,,,,,,,,,,,,,,,,,,,,,,,,,,,,NA,"with double. Marine with double, pneumothorax.",
VOICE_CAPTURE,654729,6/26/2026 11:41:09 AM,e7ca1105-8b8f-4dee-a332-17c93bb5c040,2.0,,,,,,,,,,,,,,,,,,,,,,,,,,,,,,,,,,,,,,,,,,,,,,,,,,,NA,"with double. Marine with double, pneumothorax.",
PLAYER_POSITIONS,655088,6/26/2026 11:41:09 AM,e7ca1105-8b8f-4dee-a332-17c93bb5c040,2.0,,,,,,,,,,,,,,,,,,,,,,,,,,,,,,,,,,,"(-13.0, 0.5, -0.1)","(-12.7, 1.0, 0.0)","(-13.0, 0.3, 0.3)",
PLAYER_POSITIONS,655088,6/26/2026 11:41:09 AM,e7ca1105-8b8f-4dee-a332-17c93bb5c040,2.0,,,,,,,,,,,,,,,,,,,,,,,,,,,,,,,,,,,"(-13.0, 0.5, -0.1)","(-12.7, 1.0, 0.0)","(-13.0, 0.3, 0.3)",
PLAYER_POSITIONS,655589,6/26/2026 11:41:10 AM,e7ca1105-8b8f-4dee-a332-17c93bb5c040,2.0,,,,,,,,,,,,,,,,,,,,,,,,,,,,,,,,,,,"(-12.5, 0.5, -0.6)","(-12.2, 1.0, -0.5)","(-12.6, 0.3, -0.2)",
PLAYER_POSITIONS,655589,6/26/2026 11:41:10 AM,e7ca1105-8b8f-4dee-a332-17c93bb5c040,2.0,,,,,,,,,,,,,,,,,,,,,,,,,,,,,,,,,,,"(-12.5, 0.5, -0.6)","(-12.2, 1.0, -0.5)","(-12.6, 0.3, -0.2)",
PLAYER_POSITIONS,656102,6/26/2026 11:41:10 AM,e7ca1105-8b8f-4dee-a332-17c93bb5c040,2.0,,,,,,,,,,,,,,,,,,,,,,,,,,,,,,,,,,,"(-12.5, 0.5, -0.6)","(-12.2, 1.0, -0.5)","(-12.6, 0.3, -0.2)",
PLAYER_POSITIONS,656102,6/26/2026 11:41:10 AM,e7ca1105-8b8f-4dee-a332-17c93bb5c040,2.0,,,,,,,,,,,,,,,,,,,,,,,,,,,,,,,,,,,"(-12.5, 0.5, -0.6)","(-12.2, 1.0, -0.5)","(-12.6, 0.3, -0.2)",
VOICE_CAPTURE,656229,6/26/2026 11:41:10 AM,e7ca1105-8b8f-4dee-a332-17c93bb5c040,2.0,,,,,,,,,,,,,,,,,,,,,,,,,,,,,,,,,,,,,,,,,,,,,,,,,,,NA,Um...,
PLAYER_POSITIONS,656617,6/26/2026 11:41:11 AM,e7ca1105-8b8f-4dee-a332-17c93bb5c040,2.0,,,,,,,,,,,,,,,,,,,,,,,,,,,,,,,,,,,"(-12.3, 0.5, -0.9)","(-12.0, 1.0, -0.9)","(-12.3, 0.3, -0.6)",
PLAYER_GAZE,656617,6/26/2026 11:41:11 AM,e7ca1105-8b8f-4dee-a332-17c93bb5c040,2.0,,,,,,,,,,,,,,,,,,,,,,,,Military PT 4,,,,,,,,,"(-0.9, 1.0, 3.9)",,,"(-11.1, 0.0, -4.7)",
PLAYER_POSITIONS,656617,6/26/2026 11:41:11 AM,e7ca1105-8b8f-4dee-a332-17c93bb5c040,2.0,,,,,,,,,,,,,,,,,,,,,,,,,,,,,,,,,,,"(-12.3, 0.5, -0.9)","(-12.0, 1.0, -0.9)","(-12.3, 0.3, -0.6)",
PLAYER_GAZE,656617,6/26/2026 11:41:11 AM,e7ca1105-8b8f-4dee-a332-17c93bb5c040,2.0,,,,,,,,,,,,,,,,,,,,,,,,Military PT 4,,,,,,,,,"(-0.9, 1.0, 3.9)",,,"(-11.1, 0.0, -4.7)",
VOICE_CAPTURE,656742,6/26/2026 11:41:11 AM,e7ca1105-8b8f-4dee-a332-17c93bb5c040,2.0,,,,,,,,,,,,,,,,,,,,,,,,,,,,,,,,,,,,,,,,,,,,,,,,,,,NA,Um...,
ANSWER_SELECTED,657167,6/26/2026 11:41:11 AM,e7ca1105-8b8f-4dee-a332-17c93bb5c040,2.0,,,"Mil, Double Chest Collapses",,,,Military PT 9,1,
PLAYER_POSITIONS,657172,6/26/2026 11:41:11 AM,e7ca1105-8b8f-4dee-a332-17c93bb5c040,2.0,,,,,,,,,,,,,,,,,,,,,,,,,,,,,,,,,,,"(-12.0, 0.5, -1.3)","(-11.7, 1.0, -1.3)","(-12.0, 0.3, -1.0)",
PLAYER_POSITIONS,657172,6/26/2026 11:41:11 AM,e7ca1105-8b8f-4dee-a332-17c93bb5c040,2.0,,,,,,,,,,,,,,,,,,,,,,,,,,,,,,,,,,,"(-12.0, 0.5, -1.3)","(-11.7, 1.0, -1.3)","(-12.0, 0.3, -1.0)",
VOICE_CAPTURE,657249,6/26/2026 11:41:11 AM,e7ca1105-8b8f-4dee-a332-17c93bb5c040,2.0,,,,,,,,,,,,,,,,,,,,,,,,,,,,,,,,,,,,,,,,,,,,,,,,,,,NA,Um...,
PLAYER_POSITIONS,657693,6/26/2026 11:41:12 AM,e7ca1105-8b8f-4dee-a332-17c93bb5c040,2.0,,,,,,,,,,,,,,,,,,,,,,,,,,,,,,,,,,,"(-11.9, 0.5, -1.5)","(-11.6, 1.0, -1.4)","(-12.0, 0.3, -1.2)",
PLAYER_GAZE,657693,6/26/2026 11:41:12 AM,e7ca1105-8b8f-4dee-a332-17c93bb5c040,2.0,,,,,,,,,,,,,,,,,,,,,,,,Military PT 4,,,,,,,,,"(-0.5, 1.0, 3.3)",,,"(-11.1, 0.0, -4.7)",
PLAYER_POSITIONS,657693,6/26/2026 11:41:12 AM,e7ca1105-8b8f-4dee-a332-17c93bb5c040,2.0,,,,,,,,,,,,,,,,,,,,,,,,,,,,,,,,,,,"(-11.9, 0.5, -1.5)","(-11.6, 1.0, -1.4)","(-12.0, 0.3, -1.2)",
PLAYER_GAZE,657693,6/26/2026 11:41:12 AM,e7ca1105-8b8f-4dee-a332-17c93bb5c040,2.0,,,,,,,,,,,,,,,,,,,,,,,,Military PT 4,,,,,,,,,"(-0.5, 1.0, 3.3)",,,"(-11.1, 0.0, -4.7)",
VOICE_CAPTURE,657694,6/26/2026 11:41:12 AM,e7ca1105-8b8f-4dee-a332-17c93bb5c040,2.0,,,,,,,,,,,,,,,,,,,,,,,,,,,,,,,,,,,,,,,,,,,,,,,,,,,NA,Um...,
PLAYER_POSITIONS,658250,6/26/2026 11:41:12 AM,e7ca1105-8b8f-4dee-a332-17c93bb5c040,2.0,,,,,,,,,,,,,,,,,,,,,,,,,,,,,,,,,,,"(-11.6, 0.5, -1.8)","(-11.3, 1.0, -1.7)","(-11.6, 0.3, -1.4)",
PLAYER_POSITIONS,658250,6/26/2026 11:41:12 AM,e7ca1105-8b8f-4dee-a332-17c93bb5c040,2.0,,,,,,,,,,,,,,,,,,,,,,,,,,,,,,,,,,,"(-11.6, 0.5, -1.8)","(-11.3, 1.0, -1.7)","(-11.6, 0.3, -1.4)",
VOICE_CAPTURE,658291,6/26/2026 11:41:13 AM,e7ca1105-8b8f-4dee-a332-17c93bb5c040,2.0,,,,,,,,,,,,,,,,,,,,,,,,,,,,,,,,,,,,,,,,,,,,,,,,,,,NA,"Um, marine.",
VOICE_CAPTURE,658699,6/26/2026 11:41:13 AM,e7ca1105-8b8f-4dee-a332-17c93bb5c040,2.0,,,,,,,,,,,,,,,,,,,,,,,,,,,,,,,,,,,,,,,,,,,,,,,,,,,NA,"Um, marine. Marine with",
PLAYER_POSITIONS,658754,6/26/2026 11:41:13 AM,e7ca1105-8b8f-4dee-a332-17c93bb5c040,2.0,,,,,,,,,,,,,,,,,,,,,,,,,,,,,,,,,,,"(-11.4, 0.5, -2.3)","(-11.2, 1.0, -2.2)","(-11.5, 0.3, -1.9)",
PLAYER_POSITIONS,658754,6/26/2026 11:41:13 AM,e7ca1105-8b8f-4dee-a332-17c93bb5c040,2.0,,,,,,,,,,,,,,,,,,,,,,,,,,,,,,,,,,,"(-11.4, 0.5, -2.3)","(-11.2, 1.0, -2.2)","(-11.5, 0.3, -1.9)",
PLAYER_POSITIONS,659268,6/26/2026 11:41:13 AM,e7ca1105-8b8f-4dee-a332-17c93bb5c040,2.0,,,,,,,,,,,,,,,,,,,,,,,,,,,,,,,,,,,"(-11.4, 0.5, -2.3)","(-11.3, 1.0, -2.0)","(-11.4, 0.3, -1.9)",
PLAYER_POSITIONS,659268,6/26/2026 11:41:13 AM,e7ca1105-8b8f-4dee-a332-17c93bb5c040,2.0,,,,,,,,,,,,,,,,,,,,,,,,,,,,,,,,,,,"(-11.4, 0.5, -2.3)","(-11.3, 1.0, -2.0)","(-11.4, 0.3, -1.9)",
VOICE_CAPTURE,659268,6/26/2026 11:41:13 AM,e7ca1105-8b8f-4dee-a332-17c93bb5c040,2.0,,,,,,,,,,,,,,,,,,,,,,,,,,,,,,,,,,,,,,,,,,,,,,,,,,,NA,"Um, marine. Marine with neck.",
VOICE_CAPTURE,659685,6/26/2026 11:41:14 AM,e7ca1105-8b8f-4dee-a332-17c93bb5c040,2.0,,,,,,,,,,,,,,,,,,,,,,,,,,,,,,,,,,,,,,,,,,,,,,,,,,,NA,"Um, marine. Marine with neck wound.",
PLAYER_POSITIONS,659768,6/26/2026 11:41:14 AM,e7ca1105-8b8f-4dee-a332-17c93bb5c040,2.0,,,,,,,,,,,,,,,,,,,,,,,,,,,,,,,,,,,"(-11.5, 0.5, -2.2)","(-11.3, 1.0, -2.0)","(-11.4, 0.3, -1.8)",
PLAYER_GAZE,659768,6/26/2026 11:41:14 AM,e7ca1105-8b8f-4dee-a332-17c93bb5c040,2.0,,,,,,,,,,,,,,,,,,,,,,,,Civilian PT 8,,,,,,,,,"(4.5, 1.0, -0.2)",,,"(-15.8, 0.0, -1.8)",
PLAYER_POSITIONS,659768,6/26/2026 11:41:14 AM,e7ca1105-8b8f-4dee-a332-17c93bb5c040,2.0,,,,,,,,,,,,,,,,,,,,,,,,,,,,,,,,,,,"(-11.5, 0.5, -2.2)","(-11.3, 1.0, -2.0)","(-11.4, 0.3, -1.8)",
PLAYER_GAZE,659768,6/26/2026 11:41:14 AM,e7ca1105-8b8f-4dee-a332-17c93bb5c040,2.0,,,,,,,,,,,,,,,,,,,,,,,,Civilian PT 8,,,,,,,,,"(4.5, 1.0, -0.2)",,,"(-15.8, 0.0, -1.8)",
VOICE_CAPTURE,660242,6/26/2026 11:41:14 AM,e7ca1105-8b8f-4dee-a332-17c93bb5c040,2.0,,,,,,,,,,,,,,,,,,,,,,,,,,,,,,,,,,,,,,,,,,,,,,,,,,,NA,"Um, marine. Marine with neck wound.",
VOICE_CAPTURE,660242,6/26/2026 11:41:14 AM,e7ca1105-8b8f-4dee-a332-17c93bb5c040,2.0,,,,,,,,,,,,,,,,,,,,,,,,,,,,,,,,,,,,,,,,,,,,,,,,,,,NA,"Um, marine. Marine with neck wound.",
PLAYER_POSITIONS,660295,6/26/2026 11:41:15 AM,e7ca1105-8b8f-4dee-a332-17c93bb5c040,2.0,,,,,,,,,,,,,,,,,,,,,,,,,,,,,,,,,,,"(-12.3, 0.5, -1.7)","(-12.1, 1.0, -1.6)","(-12.2, 0.3, -1.4)",
PLAYER_GAZE,660295,6/26/2026 11:41:15 AM,e7ca1105-8b8f-4dee-a332-17c93bb5c040,2.0,,,,,,,,,,,,,,,,,,,,,,,,Military PT 9,,,,,,,,,"(0.6, 1.0, 0.2)",,,"(-12.7, 0.0, -1.8)",
PLAYER_POSITIONS,660295,6/26/2026 11:41:15 AM,e7ca1105-8b8f-4dee-a332-17c93bb5c040,2.0,,,,,,,,,,,,,,,,,,,,,,,,,,,,,,,,,,,"(-12.3, 0.5, -1.7)","(-12.1, 1.0, -1.6)","(-12.2, 0.3, -1.4)",
PLAYER_GAZE,660295,6/26/2026 11:41:15 AM,e7ca1105-8b8f-4dee-a332-17c93bb5c040,2.0,,,,,,,,,,,,,,,,,,,,,,,,Military PT 9,,,,,,,,,"(0.6, 1.0, 0.2)",,,"(-12.7, 0.0, -1.8)",
PLAYER_POSITIONS,660809,6/26/2026 11:41:15 AM,e7ca1105-8b8f-4dee-a332-17c93bb5c040,2.0,,,,,,,,,,,,,,,,,,,,,,,,,,,,,,,,,,,"(-13.2, 0.5, -1.4)","(-12.9, 1.0, -1.3)","(-13.0, 0.4, -1.0)",
PLAYER_POSITIONS,660809,6/26/2026 11:41:15 AM,e7ca1105-8b8f-4dee-a332-17c93bb5c040,2.0,,,,,,,,,,,,,,,,,,,,,,,,,,,,,,,,,,,"(-13.2, 0.5, -1.4)","(-12.9, 1.0, -1.3)","(-13.0, 0.4, -1.0)",
ANSWER_SELECTED,660844,6/26/2026 11:41:15 AM,e7ca1105-8b8f-4dee-a332-17c93bb5c040,2.0,,,"Mil, Neck Laceration",,,,Military PT 4,1,
VOICE_CAPTURE,661250,6/26/2026 11:41:15 AM,e7ca1105-8b8f-4dee-a332-17c93bb5c040,2.0,,,,,,,,,,,,,,,,,,,,,,,,,,,,,,,,,,,,,,,,,,,,,,,,,,,NA,wound.,
PLAYER_POSITIONS,661333,6/26/2026 11:41:16 AM,e7ca1105-8b8f-4dee-a332-17c93bb5c040,2.0,,,,,,,,,,,,,,,,,,,,,,,,,,,,,,,,,,,"(-13.6, 0.5, -1.2)","(-13.4, 1.0, -1.2)","(-13.5, 0.3, -0.8)",
PLAYER_POSITIONS,661333,6/26/2026 11:41:16 AM,e7ca1105-8b8f-4dee-a332-17c93bb5c040,2.0,,,,,,,,,,,,,,,,,,,,,,,,,,,,,,,,,,,"(-13.6, 0.5, -1.2)","(-13.4, 1.0, -1.2)","(-13.5, 0.3, -0.8)",
VOICE_CAPTURE,661749,6/26/2026 11:41:16 AM,e7ca1105-8b8f-4dee-a332-17c93bb5c040,2.0,,,,,,,,,,,,,,,,,,,,,,,,,,,,,,,,,,,,,,,,,,,,,,,,,,,NA,wound.,
PLAYER_POSITIONS,661863,6/26/2026 11:41:16 AM,e7ca1105-8b8f-4dee-a332-17c93bb5c040,2.0,,,,,,,,,,,,,,,,,,,,,,,,,,,,,,,,,,,"(-13.7, 0.5, -1.1)","(-13.4, 1.0, -0.9)","(-13.5, 0.3, -0.7)",
PLAYER_POSITIONS,661863,6/26/2026 11:41:16 AM,e7ca1105-8b8f-4dee-a332-17c93bb5c040,2.0,,,,,,,,,,,,,,,,,,,,,,,,,,,,,,,,,,,"(-13.7, 0.5, -1.1)","(-13.4, 1.0, -0.9)","(-13.5, 0.3, -0.7)",
VOICE_CAPTURE,662265,6/26/2026 11:41:16 AM,e7ca1105-8b8f-4dee-a332-17c93bb5c040,2.0,,,,,,,,,,,,,,,,,,,,,,,,,,,,,,,,,,,,,,,,,,,,,,,,,,,NA,wound civilian with...,
PLAYER_POSITIONS,662377,6/26/2026 11:41:17 AM,e7ca1105-8b8f-4dee-a332-17c93bb5c040,2.0,,,,,,,,,,,,,,,,,,,,,,,,,,,,,,,,,,,"(-13.4, 0.4, -0.8)","(-13.0, 1.0, -0.7)","(-13.0, 0.3, -0.5)",
PLAYER_GAZE,662377,6/26/2026 11:41:17 AM,e7ca1105-8b8f-4dee-a332-17c93bb5c040,2.0,,,,,,,,,,,,,,,,,,,,,,,,Military PT 2,,,,,,,,,"(-1.0, 1.0, -1.7)",,,"(-12.0, 0.0, 1.1)",
PLAYER_POSITIONS,662377,6/26/2026 11:41:17 AM,e7ca1105-8b8f-4dee-a332-17c93bb5c040,2.0,,,,,,,,,,,,,,,,,,,,,,,,,,,,,,,,,,,"(-13.4, 0.4, -0.8)","(-13.0, 1.0, -0.7)","(-13.0, 0.3, -0.5)",
PLAYER_GAZE,662377,6/26/2026 11:41:17 AM,e7ca1105-8b8f-4dee-a332-17c93bb5c040,2.0,,,,,,,,,,,,,,,,,,,,,,,,Military PT 2,,,,,,,,,"(-1.0, 1.0, -1.7)",,,"(-12.0, 0.0, 1.1)",
VOICE_CAPTURE,662752,6/26/2026 11:41:17 AM,e7ca1105-8b8f-4dee-a332-17c93bb5c040,2.0,,,,,,,,,,,,,,,,,,,,,,,,,,,,,,,,,,,,,,,,,,,,,,,,,,,NA,wound civilian with...,
VOICE_CAPTURE,662752,6/26/2026 11:41:17 AM,e7ca1105-8b8f-4dee-a332-17c93bb5c040,2.0,,,,,,,,,,,,,,,,,,,,,,,,,,,,,,,,,,,,,,,,,,,,,,,,,,,NA,wound civilian with...,
PLAYER_POSITIONS,662889,6/26/2026 11:41:17 AM,e7ca1105-8b8f-4dee-a332-17c93bb5c040,2.0,,,,,,,,,,,,,,,,,,,,,,,,,,,,,,,,,,,"(-12.9, 0.4, 0.0)","(-12.6, 1.0, 0.1)","(-12.4, 0.3, 0.2)",
PLAYER_GAZE,662889,6/26/2026 11:41:17 AM,e7ca1105-8b8f-4dee-a332-17c93bb5c040,2.0,,,,,,,,,,,,,,,,,,,,,,,,Military PT 2,,,,,,,,,"(-0.5, 1.0, -1.0)",,,"(-12.0, 0.0, 1.1)",
PLAYER_POSITIONS,662889,6/26/2026 11:41:17 AM,e7ca1105-8b8f-4dee-a332-17c93bb5c040,2.0,,,,,,,,,,,,,,,,,,,,,,,,,,,,,,,,,,,"(-12.9, 0.4, 0.0)","(-12.6, 1.0, 0.1)","(-12.4, 0.3, 0.2)",
PLAYER_GAZE,662889,6/26/2026 11:41:17 AM,e7ca1105-8b8f-4dee-a332-17c93bb5c040,2.0,,,,,,,,,,,,,,,,,,,,,,,,Military PT 2,,,,,,,,,"(-0.5, 1.0, -1.0)",,,"(-12.0, 0.0, 1.1)",
PLAYER_POSITIONS,663402,6/26/2026 11:41:18 AM,e7ca1105-8b8f-4dee-a332-17c93bb5c040,2.0,,,,,,,,,,,,,,,,,,,,,,,,,,,,,,,,,,,"(-12.8, 0.5, 0.4)","(-12.5, 1.0, 0.4)","(-12.3, 0.3, 0.5)",
PLAYER_GAZE,663402,6/26/2026 11:41:18 AM,e7ca1105-8b8f-4dee-a332-17c93bb5c040,2.0,,,,,,,,,,,,,,,,,,,,,,,,Military PT 2,,,,,,,,,"(-0.4, 1.0, -0.6)",,,"(-12.0, 0.0, 1.1)",
PLAYER_POSITIONS,663402,6/26/2026 11:41:18 AM,e7ca1105-8b8f-4dee-a332-17c93bb5c040,2.0,,,,,,,,,,,,,,,,,,,,,,,,,,,,,,,,,,,"(-12.8, 0.5, 0.4)","(-12.5, 1.0, 0.4)","(-12.3, 0.3, 0.5)",
PLAYER_GAZE,663402,6/26/2026 11:41:18 AM,e7ca1105-8b8f-4dee-a332-17c93bb5c040,2.0,,,,,,,,,,,,,,,,,,,,,,,,Military PT 2,,,,,,,,,"(-0.4, 1.0, -0.6)",,,"(-12.0, 0.0, 1.1)",
VOICE_CAPTURE,663709,6/26/2026 11:41:18 AM,e7ca1105-8b8f-4dee-a332-17c93bb5c040,2.0,,,,,,,,,,,,,,,,,,,,,,,,,,,,,,,,,,,,,,,,,,,,,,,,,,,NA,with...,
PLAYER_POSITIONS,663930,6/26/2026 11:41:18 AM,e7ca1105-8b8f-4dee-a332-17c93bb5c040,2.0,,,,,,,,,,,,,,,,,,,,,,,,,,,,,,,,,,,"(-12.3, 0.4, 1.2)","(-11.9, 1.0, 1.2)","(-11.9, 0.3, 1.3)",
PLAYER_GAZE,663930,6/26/2026 11:41:18 AM,e7ca1105-8b8f-4dee-a332-17c93bb5c040,2.0,,,,,,,,,,,,,,,,,,,,,,,,Lifting NPC,,,,,,,,,"(-3.4, 1.0, -2.6)",,,"(-8.5, 0.0, 3.8)",
PLAYER_POSITIONS,663930,6/26/2026 11:41:18 AM,e7ca1105-8b8f-4dee-a332-17c93bb5c040,2.0,,,,,,,,,,,,,,,,,,,,,,,,,,,,,,,,,,,"(-12.3, 0.4, 1.2)","(-11.9, 1.0, 1.2)","(-11.9, 0.3, 1.3)",
PLAYER_GAZE,663930,6/26/2026 11:41:18 AM,e7ca1105-8b8f-4dee-a332-17c93bb5c040,2.0,,,,,,,,,,,,,,,,,,,,,,,,Lifting NPC,,,,,,,,,"(-3.4, 1.0, -2.6)",,,"(-8.5, 0.0, 3.8)",
ANSWER_SELECTED,664280,6/26/2026 11:41:19 AM,e7ca1105-8b8f-4dee-a332-17c93bb5c040,2.0,,,"Civ Fem, Arm Amp",,,,Civilian PT 8,1,
VOICE_CAPTURE,664283,6/26/2026 11:41:19 AM,e7ca1105-8b8f-4dee-a332-17c93bb5c040,2.0,,,,,,,,,,,,,,,,,,,,,,,,,,,,,,,,,,,,,,,,,,,,,,,,,,,NA,with arms.,
PLAYER_POSITIONS,664443,6/26/2026 11:41:19 AM,e7ca1105-8b8f-4dee-a332-17c93bb5c040,2.0,,,,,,,,,,,,,,,,,,,,,,,,,,,,,,,,,,,"(-11.6, 0.3, 1.7)","(-11.1, 0.9, 1.7)","(-11.1, 0.2, 1.7)",
PLAYER_POSITIONS,664443,6/26/2026 11:41:19 AM,e7ca1105-8b8f-4dee-a332-17c93bb5c040,2.0,,,,,,,,,,,,,,,,,,,,,,,,,,,,,,,,,,,"(-11.6, 0.3, 1.7)","(-11.1, 0.9, 1.7)","(-11.1, 0.2, 1.7)",
PATIENT_ENGAGED,664469,6/26/2026 11:41:19 AM,e7ca1105-8b8f-4dee-a332-17c93bb5c040,2.0,,,,0,,,,,,,,,,,,,,,,fast,100,Infinity,normal,Military PT 5,upset,supine,"(-9.4, -0.1, 1.7)",faint,"(0.0, -1.0, 0.0, 0.0)",normal,IMMEDIATE,still,,,,,,,,,,,,,,,,,32.66,
VOICE_CAPTURE,664763,6/26/2026 11:41:19 AM,e7ca1105-8b8f-4dee-a332-17c93bb5c040,2.0,,,,,,,,,,,,,,,,,,,,,,,,,,,,,,,,,,,,,,,,,,,,,,,,,,,NA,with arm and...,
PLAYER_POSITIONS,664959,6/26/2026 11:41:19 AM,e7ca1105-8b8f-4dee-a332-17c93bb5c040,2.0,,,,,,,,,,,,,,,,,,,,,,,,,,,,,,,,,,,"(-11.3, 0.3, 1.9)","(-10.9, 0.9, 1.8)","(-10.8, 0.2, 1.8)",
PLAYER_POSITIONS,664959,6/26/2026 11:41:19 AM,e7ca1105-8b8f-4dee-a332-17c93bb5c040,2.0,,,,,,,,,,,,,,,,,,,,,,,,,,,,,,,,,,,"(-11.3, 0.3, 1.9)","(-10.9, 0.9, 1.8)","(-10.8, 0.2, 1.8)",
VOICE_CAPTURE,665330,6/26/2026 11:41:20 AM,e7ca1105-8b8f-4dee-a332-17c93bb5c040,2.0,,,,,,,,,,,,,,,,,,,,,,,,,,,,,,,,,,,,,,,,,,,,,,,,,,,NA,with arm and fuse.,
PLAYER_POSITIONS,665467,6/26/2026 11:41:20 AM,e7ca1105-8b8f-4dee-a332-17c93bb5c040,2.0,,,,,,,,,,,,,,,,,,,,,,,,,,,,,,,,,,,"(-11.3, 0.3, 1.9)","(-10.9, 0.9, 1.8)","(-10.8, 0.2, 1.9)",
PLAYER_POSITIONS,665467,6/26/2026 11:41:20 AM,e7ca1105-8b8f-4dee-a332-17c93bb5c040,2.0,,,,,,,,,,,,,,,,,,,,,,,,,,,,,,,,,,,"(-11.3, 0.3, 1.9)","(-10.9, 0.9, 1.8)","(-10.8, 0.2, 1.9)",
VOICE_CAPTURE,665843,6/26/2026 11:41:20 AM,e7ca1105-8b8f-4dee-a332-17c93bb5c040,2.0,,,,,,,,,,,,,,,,,,,,,,,,,,,,,,,,,,,,,,,,,,,,,,,,,,,NA,with arm and phew... uh...,
PLAYER_POSITIONS,665981,6/26/2026 11:41:20 AM,e7ca1105-8b8f-4dee-a332-17c93bb5c040,2.0,,,,,,,,,,,,,,,,,,,,,,,,,,,,,,,,,,,"(-11.3, 0.3, 1.9)","(-11.0, 1.0, 1.8)","(-10.8, 0.2, 1.9)",
PLAYER_POSITIONS,665981,6/26/2026 11:41:20 AM,e7ca1105-8b8f-4dee-a332-17c93bb5c040,2.0,,,,,,,,,,,,,,,,,,,,,,,,,,,,,,,,,,,"(-11.3, 0.3, 1.9)","(-11.0, 1.0, 1.8)","(-10.8, 0.2, 1.9)",
VOICE_CAPTURE,666286,6/26/2026 11:41:21 AM,e7ca1105-8b8f-4dee-a332-17c93bb5c040,2.0,,,,,,,,,,,,,,,,,,,,,,,,,,,,,,,,,,,,,,,,,,,,,,,,,,,NA,with arm and phew... uh... and be you marine with,
PLAYER_POSITIONS,666480,6/26/2026 11:41:21 AM,e7ca1105-8b8f-4dee-a332-17c93bb5c040,2.0,,,,,,,,,,,,,,,,,,,,,,,,,,,,,,,,,,,"(-11.3, 0.4, 1.9)","(-11.0, 1.0, 1.9)","(-10.8, 0.2, 1.9)",
PLAYER_GAZE,666480,6/26/2026 11:41:21 AM,e7ca1105-8b8f-4dee-a332-17c93bb5c040,2.0,,,,,,,,,,,,,,,,,,,,,,,,Military PT 6,,,,,,,,,"(-0.9, 1.0, -3.4)",,,"(-10.1, 0.0, 5.2)",
PLAYER_POSITIONS,666480,6/26/2026 11:41:21 AM,e7ca1105-8b8f-4dee-a332-17c93bb5c040,2.0,,,,,,,,,,,,,,,,,,,,,,,,,,,,,,,,,,,"(-11.3, 0.4, 1.9)","(-11.0, 1.0, 1.9)","(-10.8, 0.2, 1.9)",
PLAYER_GAZE,666480,6/26/2026 11:41:21 AM,e7ca1105-8b8f-4dee-a332-17c93bb5c040,2.0,,,,,,,,,,,,,,,,,,,,,,,,Military PT 6,,,,,,,,,"(-0.9, 1.0, -3.4)",,,"(-10.1, 0.0, 5.2)",
VOICE_CAPTURE,666788,6/26/2026 11:41:21 AM,e7ca1105-8b8f-4dee-a332-17c93bb5c040,2.0,,,,,,,,,,,,,,,,,,,,,,,,,,,,,,,,,,,,,,,,,,,,,,,,,,,NA,with arm and phew... uh... and be marine with.,
PLAYER_POSITIONS,667008,6/26/2026 11:41:21 AM,e7ca1105-8b8f-4dee-a332-17c93bb5c040,2.0,,,,,,,,,,,,,,,,,,,,,,,,,,,,,,,,,,,"(-11.3, 0.3, 1.9)","(-11.0, 1.0, 1.8)","(-10.4, 0.5, 1.9)",
PLAYER_POSITIONS,667008,6/26/2026 11:41:21 AM,e7ca1105-8b8f-4dee-a332-17c93bb5c040,2.0,,,,,,,,,,,,,,,,,,,,,,,,,,,,,,,,,,,"(-11.3, 0.3, 1.9)","(-11.0, 1.0, 1.8)","(-10.4, 0.5, 1.9)",
VOICE_CAPTURE,667272,6/26/2026 11:41:21 AM,e7ca1105-8b8f-4dee-a332-17c93bb5c040,2.0,,,,,,,,,,,,,,,,,,,,,,,,,,,,,,,,,,,,,,,,,,,,,,,,,,,NA,with arm and phew... uh... and marine with.,
PLAYER_POSITIONS,667521,6/26/2026 11:41:22 AM,e7ca1105-8b8f-4dee-a332-17c93bb5c040,2.0,,,,,,,,,,,,,,,,,,,,,,,,,,,,,,,,,,,"(-11.3, 0.4, 1.9)","(-11.1, 1.0, 1.8)","(-10.8, 0.2, 1.9)",
PLAYER_POSITIONS,667521,6/26/2026 11:41:22 AM,e7ca1105-8b8f-4dee-a332-17c93bb5c040,2.0,,,,,,,,,,,,,,,,,,,,,,,,,,,,,,,,,,,"(-11.3, 0.4, 1.9)","(-11.1, 1.0, 1.8)","(-10.8, 0.2, 1.9)",
VOICE_CAPTURE,667841,6/26/2026 11:41:22 AM,e7ca1105-8b8f-4dee-a332-17c93bb5c040,2.0,,,,,,,,,,,,,,,,,,,,,,,,,,,,,,,,,,,,,,,,,,,,,,,,,,,NA,with arm and phew... uh... and be marine with new more.,
PLAYER_POSITIONS,668036,6/26/2026 11:41:22 AM,e7ca1105-8b8f-4dee-a332-17c93bb5c040,2.0,,,,,,,,,,,,,,,,,,,,,,,,,,,,,,,,,,,"(-11.4, 0.4, 1.9)","(-11.0, 1.0, 1.8)","(-10.8, 0.3, 2.0)",
PLAYER_POSITIONS,668036,6/26/2026 11:41:22 AM,e7ca1105-8b8f-4dee-a332-17c93bb5c040,2.0,,,,,,,,,,,,,,,,,,,,,,,,,,,,,,,,,,,"(-11.4, 0.4, 1.9)","(-11.0, 1.0, 1.8)","(-10.8, 0.3, 2.0)",
VOICE_CAPTURE,668281,6/26/2026 11:41:23 AM,e7ca1105-8b8f-4dee-a332-17c93bb5c040,2.0,,,,,,,,,,,,,,,,,,,,,,,,,,,,,,,,,,,,,,,,,,,,,,,,,,,NA,with arm and phew... uh... and be marine with Numo Thorex.,
PLAYER_POSITIONS,668536,6/26/2026 11:41:23 AM,e7ca1105-8b8f-4dee-a332-17c93bb5c040,2.0,,,,,,,,,,,,,,,,,,,,,,,,,,,,,,,,,,,"(-11.3, 0.4, 2.2)","(-10.9, 1.0, 2.2)","(-10.7, 0.3, 2.2)",
PLAYER_GAZE,668536,6/26/2026 11:41:23 AM,e7ca1105-8b8f-4dee-a332-17c93bb5c040,2.0,,,,,,,,,,,,,,,,,,,,,,,,Military PT 6,,,,,,,,,"(-0.8, 1.0, -3.1)",,,"(-10.1, 0.0, 5.2)",
PLAYER_POSITIONS,668536,6/26/2026 11:41:23 AM,e7ca1105-8b8f-4dee-a332-17c93bb5c040,2.0,,,,,,,,,,,,,,,,,,,,,,,,,,,,,,,,,,,"(-11.3, 0.4, 2.2)","(-10.9, 1.0, 2.2)","(-10.7, 0.3, 2.2)",
PLAYER_GAZE,668536,6/26/2026 11:41:23 AM,e7ca1105-8b8f-4dee-a332-17c93bb5c040,2.0,,,,,,,,,,,,,,,,,,,,,,,,Military PT 6,,,,,,,,,"(-0.8, 1.0, -3.1)",,,"(-10.1, 0.0, 5.2)",
VOICE_CAPTURE,668786,6/26/2026 11:41:23 AM,e7ca1105-8b8f-4dee-a332-17c93bb5c040,2.0,,,,,,,,,,,,,,,,,,,,,,,,,,,,,,,,,,,,,,,,,,,,,,,,,,,NA,with arm and phew... uh... and be marine with Numo Thorex. numo-thorax.,
PLAYER_POSITIONS,669037,6/26/2026 11:41:23 AM,e7ca1105-8b8f-4dee-a332-17c93bb5c040,2.0,,,,,,,,,,,,,,,,,,,,,,,,,,,,,,,,,,,"(-11.1, 0.4, 2.5)","(-10.9, 1.0, 2.5)","(-10.6, 0.2, 2.5)",
PLAYER_POSITIONS,669037,6/26/2026 11:41:23 AM,e7ca1105-8b8f-4dee-a332-17c93bb5c040,2.0,,,,,,,,,,,,,,,,,,,,,,,,,,,,,,,,,,,"(-11.1, 0.4, 2.5)","(-10.9, 1.0, 2.5)","(-10.6, 0.2, 2.5)",
EVAC_SELECTION,669122,6/26/2026 11:41:23 AM,e7ca1105-8b8f-4dee-a332-17c93bb5c040,2.0,,,,,,,"Military PT 9, Military PT 4, Civilian PT 8",1,
VOICE_CAPTURE,669317,6/26/2026 11:41:24 AM,e7ca1105-8b8f-4dee-a332-17c93bb5c040,2.0,,,,,,,,,,,,,,,,,,,,,,,,,,,,,,,,,,,,,,,,,,,,,,,,,,,NA,with arm and phew... uh... and be marine with Numo Thorex. numo-thorax.,
VOICE_CAPTURE,669317,6/26/2026 11:41:24 AM,e7ca1105-8b8f-4dee-a332-17c93bb5c040,2.0,,,,,,,,,,,,,,,,,,,,,,,,,,,,,,,,,,,,,,,,,,,,,,,,,,,NA,with arm and phew... uh... and be marine with Numo Thorex. numo-thorax.,
PLAYER_POSITIONS,669564,6/26/2026 11:41:24 AM,e7ca1105-8b8f-4dee-a332-17c93bb5c040,2.0,,,,,,,,,,,,,,,,,,,,,,,,,,,,,,,,,,,"(-11.2, 0.4, 2.5)","(-11.2, 1.0, 2.2)","(-10.9, 0.3, 2.6)",
PLAYER_POSITIONS,669564,6/26/2026 11:41:24 AM,e7ca1105-8b8f-4dee-a332-17c93bb5c040,2.0,,,,,,,,,,,,,,,,,,,,,,,,,,,,,,,,,,,"(-11.2, 0.4, 2.5)","(-11.2, 1.0, 2.2)","(-10.9, 0.3, 2.6)",
VOICE_CAPTURE,669736,6/26/2026 11:41:24 AM,e7ca1105-8b8f-4dee-a332-17c93bb5c040,2.0,,,,,,,,,,,,,,,,,,,,,,,,,,,,,,,,,,,,,,,,,,,,,,,,,,,NA,ax.,
NARRATIVE_SECTION_START,670073,6/26/2026 11:41:24 AM,e7ca1105-8b8f-4dee-a332-17c93bb5c040,2.0,,,,,,,,,,,,,,,,,,Tac evac team will load them up.,73,
AUDIO_START,670088,6/26/2026 11:41:24 AM,e7ca1105-8b8f-4dee-a332-17c93bb5c040,2.0,tac evac team will load them up,4.493061,
PLAYER_POSITIONS,670093,6/26/2026 11:41:24 AM,e7ca1105-8b8f-4dee-a332-17c93bb5c040,2.0,,,,,,,,,,,,,,,,,,,,,,,,,,,,,,,,,,,"(-11.2, 0.4, 2.4)","(-11.3, 0.9, 2.2)","(-11.1, 0.3, 2.5)",
PLAYER_POSITIONS,670093,6/26/2026 11:41:24 AM,e7ca1105-8b8f-4dee-a332-17c93bb5c040,2.0,,,,,,,,,,,,,,,,,,,,,,,,,,,,,,,,,,,"(-11.2, 0.4, 2.4)","(-11.3, 0.9, 2.2)","(-11.1, 0.3, 2.5)",
VOICE_CAPTURE,670220,6/26/2026 11:41:24 AM,e7ca1105-8b8f-4dee-a332-17c93bb5c040,2.0,,,,,,,,,,,,,,,,,,,,,,,,,,,,,,,,,,,,,,,,,,,,,,,,,,,NA,ax.,
PLAYER_POSITIONS,670606,6/26/2026 11:41:25 AM,e7ca1105-8b8f-4dee-a332-17c93bb5c040,2.0,,,,,,,,,,,,,,,,,,,,,,,,,,,,,,,,,,,"(-11.5, 0.5, 2.3)","(-11.3, 1.4, 2.2)","(-11.2, 0.6, 2.5)",
PLAYER_POSITIONS,670606,6/26/2026 11:41:25 AM,e7ca1105-8b8f-4dee-a332-17c93bb5c040,2.0,,,,,,,,,,,,,,,,,,,,,,,,,,,,,,,,,,,"(-11.5, 0.5, 2.3)","(-11.3, 1.4, 2.2)","(-11.2, 0.6, 2.5)",
VOICE_CAPTURE,670719,6/26/2026 11:41:25 AM,e7ca1105-8b8f-4dee-a332-17c93bb5c040,2.0,,,,,,,,,,,,,,,,,,,,,,,,,,,,,,,,,,,,,,,,,,,,,,,,,,,NA,ax.,
PLAYER_POSITIONS,671107,6/26/2026 11:41:25 AM,e7ca1105-8b8f-4dee-a332-17c93bb5c040,2.0,,,,,,,,,,,,,,,,,,,,,,,,,,,,,,,,,,,"(-11.5, 0.8, 2.3)","(-11.2, 1.4, 2.3)","(-10.9, 0.6, 2.6)",
PLAYER_POSITIONS,671107,6/26/2026 11:41:25 AM,e7ca1105-8b8f-4dee-a332-17c93bb5c040,2.0,,,,,,,,,,,,,,,,,,,,,,,,,,,,,,,,,,,"(-11.5, 0.8, 2.3)","(-11.2, 1.4, 2.3)","(-10.9, 0.6, 2.6)",
VOICE_CAPTURE,671177,6/26/2026 11:41:25 AM,e7ca1105-8b8f-4dee-a332-17c93bb5c040,2.0,,,,,,,,,,,,,,,,,,,,,,,,,,,,,,,,,,,,,,,,,,,,,,,,,,,NA,ax. Silence.,
PLAYER_POSITIONS,671613,6/26/2026 11:41:26 AM,e7ca1105-8b8f-4dee-a332-17c93bb5c040,2.0,,,,,,,,,,,,,,,,,,,,,,,,,,,,,,,,,,,"(-11.3, 0.6, 2.3)","(-11.0, 1.4, 2.5)","(-10.9, 0.7, 2.6)",
PLAYER_POSITIONS,671613,6/26/2026 11:41:26 AM,e7ca1105-8b8f-4dee-a332-17c93bb5c040,2.0,,,,,,,,,,,,,,,,,,,,,,,,,,,,,,,,,,,"(-11.3, 0.6, 2.3)","(-11.0, 1.4, 2.5)","(-10.9, 0.7, 2.6)",
VOICE_CAPTURE,671739,6/26/2026 11:41:26 AM,e7ca1105-8b8f-4dee-a332-17c93bb5c040,2.0,,,,,,,,,,,,,,,,,,,,,,,,,,,,,,,,,,,,,,,,,,,,,,,,,,,NA,ax.,
PLAYER_POSITIONS,672127,6/26/2026 11:41:26 AM,e7ca1105-8b8f-4dee-a332-17c93bb5c040,2.0,,,,,,,,,,,,,,,,,,,,,,,,,,,,,,,,,,,"(-11.2, 0.7, 2.5)","(-10.8, 1.4, 2.4)","(-10.6, 0.6, 2.5)",
PLAYER_POSITIONS,672127,6/26/2026 11:41:26 AM,e7ca1105-8b8f-4dee-a332-17c93bb5c040,2.0,,,,,,,,,,,,,,,,,,,,,,,,,,,,,,,,,,,"(-11.2, 0.7, 2.5)","(-10.8, 1.4, 2.4)","(-10.6, 0.6, 2.5)",
VOICE_CAPTURE,672225,6/26/2026 11:41:26 AM,e7ca1105-8b8f-4dee-a332-17c93bb5c040,2.0,,,,,,,,,,,,,,,,,,,,,,,,,,,,,,,,,,,,,,,,,,,,,,,,,,,NA,ax.,
PLAYER_POSITIONS,672644,6/26/2026 11:41:27 AM,e7ca1105-8b8f-4dee-a332-17c93bb5c040,2.0,,,,,,,,,,,,,,,,,,,,,,,,,,,,,,,,,,,"(-11.2, 0.7, 2.5)","(-10.9, 1.4, 2.3)","(-10.7, 0.6, 2.2)",
PLAYER_POSITIONS,672644,6/26/2026 11:41:27 AM,e7ca1105-8b8f-4dee-a332-17c93bb5c040,2.0,,,,,,,,,,,,,,,,,,,,,,,,,,,,,,,,,,,"(-11.2, 0.7, 2.5)","(-10.9, 1.4, 2.3)","(-10.7, 0.6, 2.2)",
VOICE_CAPTURE,672728,6/26/2026 11:41:27 AM,e7ca1105-8b8f-4dee-a332-17c93bb5c040,2.0,,,,,,,,,,,,,,,,,,,,,,,,,,,,,,,,,,,,,,,,,,,,,,,,,,,NA,ax.,
PLAYER_POSITIONS,673145,6/26/2026 11:41:27 AM,e7ca1105-8b8f-4dee-a332-17c93bb5c040,2.0,,,,,,,,,,,,,,,,,,,,,,,,,,,,,,,,,,,"(-11.2, 0.6, 2.5)","(-10.9, 1.4, 2.2)","(-10.8, 0.7, 2.2)",
PLAYER_GAZE,673145,6/26/2026 11:41:27 AM,e7ca1105-8b8f-4dee-a332-17c93bb5c040,2.0,,,,,,,,,,,,,,,,,,,,,,,,Military PT 5,,,,,,,,,"(-1.5, 1.4, 0.5)",,,"(-9.4, 0.0, 1.7)",
PLAYER_POSITIONS,673145,6/26/2026 11:41:27 AM,e7ca1105-8b8f-4dee-a332-17c93bb5c040,2.0,,,,,,,,,,,,,,,,,,,,,,,,,,,,,,,,,,,"(-11.2, 0.6, 2.5)","(-10.9, 1.4, 2.2)","(-10.8, 0.7, 2.2)",
PLAYER_GAZE,673145,6/26/2026 11:41:27 AM,e7ca1105-8b8f-4dee-a332-17c93bb5c040,2.0,,,,,,,,,,,,,,,,,,,,,,,,Military PT 5,,,,,,,,,"(-1.5, 1.4, 0.5)",,,"(-9.4, 0.0, 1.7)",
VOICE_CAPTURE,673232,6/26/2026 11:41:27 AM,e7ca1105-8b8f-4dee-a332-17c93bb5c040,2.0,,,,,,,,,,,,,,,,,,,,,,,,,,,,,,,,,,,,,,,,,,,,,,,,,,,NA,ax.,
PLAYER_POSITIONS,673648,6/26/2026 11:41:28 AM,e7ca1105-8b8f-4dee-a332-17c93bb5c040,2.0,,,,,,,,,,,,,,,,,,,,,,,,,,,,,,,,,,,"(-10.9, 0.7, 2.5)","(-10.9, 1.4, 2.2)","(-10.8, 0.6, 2.0)",
PLAYER_GAZE,673648,6/26/2026 11:41:28 AM,e7ca1105-8b8f-4dee-a332-17c93bb5c040,2.0,,,,,,,,,,,,,,,,,,,,,,,,Military PT 5,,,,,,,,,"(-1.5, 1.4, 0.5)",,,"(-9.4, 0.0, 1.7)",
PLAYER_POSITIONS,673648,6/26/2026 11:41:28 AM,e7ca1105-8b8f-4dee-a332-17c93bb5c040,2.0,,,,,,,,,,,,,,,,,,,,,,,,,,,,,,,,,,,"(-10.9, 0.7, 2.5)","(-10.9, 1.4, 2.2)","(-10.8, 0.6, 2.0)",
PLAYER_GAZE,673648,6/26/2026 11:41:28 AM,e7ca1105-8b8f-4dee-a332-17c93bb5c040,2.0,,,,,,,,,,,,,,,,,,,,,,,,Military PT 5,,,,,,,,,"(-1.5, 1.4, 0.5)",,,"(-9.4, 0.0, 1.7)",
VOICE_CAPTURE,673733,6/26/2026 11:41:28 AM,e7ca1105-8b8f-4dee-a332-17c93bb5c040,2.0,,,,,,,,,,,,,,,,,,,,,,,,,,,,,,,,,,,,,,,,,,,,,,,,,,,NA,ax.,
PLAYER_POSITIONS,674148,6/26/2026 11:41:28 AM,e7ca1105-8b8f-4dee-a332-17c93bb5c040,2.0,,,,,,,,,,,,,,,,,,,,,,,,,,,,,,,,,,,"(-10.9, 0.7, 2.3)","(-10.8, 1.4, 2.0)","(-10.7, 0.7, 1.8)",
PLAYER_GAZE,674148,6/26/2026 11:41:28 AM,e7ca1105-8b8f-4dee-a332-17c93bb5c040,2.0,,,,,,,,,,,,,,,,,,,,,,,,Military PT 1,,,,,,,,,"(-2.8, 1.4, 1.6)",,,"(-8.0, 0.0, 0.4)",
PLAYER_POSITIONS,674148,6/26/2026 11:41:28 AM,e7ca1105-8b8f-4dee-a332-17c93bb5c040,2.0,,,,,,,,,,,,,,,,,,,,,,,,,,,,,,,,,,,"(-10.9, 0.7, 2.3)","(-10.8, 1.4, 2.0)","(-10.7, 0.7, 1.8)",
PLAYER_GAZE,674148,6/26/2026 11:41:28 AM,e7ca1105-8b8f-4dee-a332-17c93bb5c040,2.0,,,,,,,,,,,,,,,,,,,,,,,,Military PT 1,,,,,,,,,"(-2.8, 1.4, 1.6)",,,"(-8.0, 0.0, 0.4)",
VOICE_CAPTURE,674234,6/26/2026 11:41:28 AM,e7ca1105-8b8f-4dee-a332-17c93bb5c040,2.0,,,,,,,,,,,,,,,,,,,,,,,,,,,,,,,,,,,,,,,,,,,,,,,,,,,NA,ax.,
AUDIO_END,674546,6/26/2026 11:41:29 AM,e7ca1105-8b8f-4dee-a332-17c93bb5c040,2.0,tac evac team will load them up,4.493061,
NARRATIVE_SECTION_END,674546,6/26/2026 11:41:29 AM,e7ca1105-8b8f-4dee-a332-17c93bb5c040,2.0,,,,,,,,,,,,,,,,,,Tac evac team will load them up.,73,
NARRATIVE_SECTION_START,674568,6/26/2026 11:41:29 AM,e7ca1105-8b8f-4dee-a332-17c93bb5c040,2.0,,,,,,,,,,,,,,,,,,Tac evac moving out,74,
AUDIO_START,674574,6/26/2026 11:41:29 AM,e7ca1105-8b8f-4dee-a332-17c93bb5c040,2.0,tac evac moving out,4.022857,
PLAYER_POSITIONS,674657,6/26/2026 11:41:29 AM,e7ca1105-8b8f-4dee-a332-17c93bb5c040,2.0,,,,,,,,,,,,,,,,,,,,,,,,,,,,,,,,,,,"(-10.4, 0.7, 2.1)","(-10.3, 1.4, 1.7)","(-10.2, 0.7, 1.6)",
PLAYER_GAZE,674657,6/26/2026 11:41:29 AM,e7ca1105-8b8f-4dee-a332-17c93bb5c040,2.0,,,,,,,,,,,,,,,,,,,,,,,,Military PT 1,,,,,,,,,"(-2.3, 1.4, 1.3)",,,"(-8.0, 0.0, 0.4)",
PLAYER_POSITIONS,674657,6/26/2026 11:41:29 AM,e7ca1105-8b8f-4dee-a332-17c93bb5c040,2.0,,,,,,,,,,,,,,,,,,,,,,,,,,,,,,,,,,,"(-10.4, 0.7, 2.1)","(-10.3, 1.4, 1.7)","(-10.2, 0.7, 1.6)",
PLAYER_GAZE,674657,6/26/2026 11:41:29 AM,e7ca1105-8b8f-4dee-a332-17c93bb5c040,2.0,,,,,,,,,,,,,,,,,,,,,,,,Military PT 1,,,,,,,,,"(-2.3, 1.4, 1.3)",,,"(-8.0, 0.0, 0.4)",
VOICE_CAPTURE,674754,6/26/2026 11:41:29 AM,e7ca1105-8b8f-4dee-a332-17c93bb5c040,2.0,,,,,,,,,,,,,,,,,,,,,,,,,,,,,,,,,,,,,,,,,,,,,,,,,,,NA,ax.,
PLAYER_POSITIONS,675185,6/26/2026 11:41:29 AM,e7ca1105-8b8f-4dee-a332-17c93bb5c040,2.0,,,,,,,,,,,,,,,,,,,,,,,,,,,,,,,,,,,"(-10.4, 0.7, 2.1)","(-10.3, 1.4, 1.7)","(-10.2, 0.7, 1.6)",
PLAYER_GAZE,675185,6/26/2026 11:41:29 AM,e7ca1105-8b8f-4dee-a332-17c93bb5c040,2.0,,,,,,,,,,,,,,,,,,,,,,,,Military PT 1,,,,,,,,,"(-2.3, 1.4, 1.3)",,,"(-8.0, 0.0, 0.4)",
PLAYER_POSITIONS,675185,6/26/2026 11:41:29 AM,e7ca1105-8b8f-4dee-a332-17c93bb5c040,2.0,,,,,,,,,,,,,,,,,,,,,,,,,,,,,,,,,,,"(-10.4, 0.7, 2.1)","(-10.3, 1.4, 1.7)","(-10.2, 0.7, 1.6)",
PLAYER_GAZE,675185,6/26/2026 11:41:29 AM,e7ca1105-8b8f-4dee-a332-17c93bb5c040,2.0,,,,,,,,,,,,,,,,,,,,,,,,Military PT 1,,,,,,,,,"(-2.3, 1.4, 1.3)",,,"(-8.0, 0.0, 0.4)",
VOICE_CAPTURE,675226,6/26/2026 11:41:29 AM,e7ca1105-8b8f-4dee-a332-17c93bb5c040,2.0,,,,,,,,,,,,,,,,,,,,,,,,,,,,,,,,,,,,,,,,,,,,,,,,,,,NA,ax.,
PLAYER_POSITIONS,675715,6/26/2026 11:41:30 AM,e7ca1105-8b8f-4dee-a332-17c93bb5c040,2.0,,,,,,,,,,,,,,,,,,,,,,,,,,,,,,,,,,,"(-10.4, 0.7, 2.1)","(-10.3, 1.4, 1.7)","(-10.2, 0.7, 1.6)",
PLAYER_GAZE,675715,6/26/2026 11:41:30 AM,e7ca1105-8b8f-4dee-a332-17c93bb5c040,2.0,,,,,,,,,,,,,,,,,,,,,,,,Military PT 1,,,,,,,,,"(-2.3, 1.4, 1.3)",,,"(-8.0, 0.0, 0.4)",
PLAYER_POSITIONS,675715,6/26/2026 11:41:30 AM,e7ca1105-8b8f-4dee-a332-17c93bb5c040,2.0,,,,,,,,,,,,,,,,,,,,,,,,,,,,,,,,,,,"(-10.4, 0.7, 2.1)","(-10.3, 1.4, 1.7)","(-10.2, 0.7, 1.6)",
PLAYER_GAZE,675715,6/26/2026 11:41:30 AM,e7ca1105-8b8f-4dee-a332-17c93bb5c040,2.0,,,,,,,,,,,,,,,,,,,,,,,,Military PT 1,,,,,,,,,"(-2.3, 1.4, 1.3)",,,"(-8.0, 0.0, 0.4)",
VOICE_CAPTURE,675755,6/26/2026 11:41:30 AM,e7ca1105-8b8f-4dee-a332-17c93bb5c040,2.0,,,,,,,,,,,,,,,,,,,,,,,,,,,,,,,,,,,,,,,,,,,,,,,,,,,NA,ax.,
PLAYER_POSITIONS,676229,6/26/2026 11:41:30 AM,e7ca1105-8b8f-4dee-a332-17c93bb5c040,2.0,,,,,,,,,,,,,,,,,,,,,,,,,,,,,,,,,,,"(-10.4, 0.7, 2.1)","(-10.4, 1.5, 1.8)","(-10.2, 0.6, 1.6)",
PLAYER_POSITIONS,676229,6/26/2026 11:41:30 AM,e7ca1105-8b8f-4dee-a332-17c93bb5c040,2.0,,,,,,,,,,,,,,,,,,,,,,,,,,,,,,,,,,,"(-10.4, 0.7, 2.1)","(-10.4, 1.5, 1.8)","(-10.2, 0.6, 1.6)",
VOICE_CAPTURE,676229,6/26/2026 11:41:30 AM,e7ca1105-8b8f-4dee-a332-17c93bb5c040,2.0,,,,,,,,,,,,,,,,,,,,,,,,,,,,,,,,,,,,,,,,,,,,,,,,,,,NA,ax.,
PLAYER_POSITIONS,676744,6/26/2026 11:41:31 AM,e7ca1105-8b8f-4dee-a332-17c93bb5c040,2.0,,,,,,,,,,,,,,,,,,,,,,,,,,,,,,,,,,,"(-10.4, 0.7, 2.0)","(-10.5, 1.5, 1.8)","(-10.1, 0.7, 1.7)",
PLAYER_POSITIONS,676744,6/26/2026 11:41:31 AM,e7ca1105-8b8f-4dee-a332-17c93bb5c040,2.0,,,,,,,,,,,,,,,,,,,,,,,,,,,,,,,,,,,"(-10.4, 0.7, 2.0)","(-10.5, 1.5, 1.8)","(-10.1, 0.7, 1.7)",
VOICE_CAPTURE,676744,6/26/2026 11:41:31 AM,e7ca1105-8b8f-4dee-a332-17c93bb5c040,2.0,,,,,,,,,,,,,,,,,,,,,,,,,,,,,,,,,,,,,,,,,,,,,,,,,,,NA,ax.,
VOICE_CAPTURE,677193,6/26/2026 11:41:31 AM,e7ca1105-8b8f-4dee-a332-17c93bb5c040,2.0,,,,,,,,,,,,,,,,,,,,,,,,,,,,,,,,,,,,,,,,,,,,,,,,,,,NA,"ax. Oh, I can see that.",
PLAYER_POSITIONS,677263,6/26/2026 11:41:31 AM,e7ca1105-8b8f-4dee-a332-17c93bb5c040,2.0,,,,,,,,,,,,,,,,,,,,,,,,,,,,,,,,,,,"(-10.5, 0.7, 2.1)","(-10.5, 1.5, 1.8)","(-10.1, 0.6, 1.8)",
PLAYER_POSITIONS,677263,6/26/2026 11:41:31 AM,e7ca1105-8b8f-4dee-a332-17c93bb5c040,2.0,,,,,,,,,,,,,,,,,,,,,,,,,,,,,,,,,,,"(-10.5, 0.7, 2.1)","(-10.5, 1.5, 1.8)","(-10.1, 0.6, 1.8)",
VOICE_CAPTURE,677726,6/26/2026 11:41:32 AM,e7ca1105-8b8f-4dee-a332-17c93bb5c040,2.0,,,,,,,,,,,,,,,,,,,,,,,,,,,,,,,,,,,,,,,,,,,,,,,,,,,NA,"ax. Oh, I can see that.",
VOICE_CAPTURE,677726,6/26/2026 11:41:32 AM,e7ca1105-8b8f-4dee-a332-17c93bb5c040,2.0,,,,,,,,,,,,,,,,,,,,,,,,,,,,,,,,,,,,,,,,,,,,,,,,,,,NA,"ax. Oh, I can see that.",
PLAYER_POSITIONS,677781,6/26/2026 11:41:32 AM,e7ca1105-8b8f-4dee-a332-17c93bb5c040,2.0,,,,,,,,,,,,,,,,,,,,,,,,,,,,,,,,,,,"(-10.4, 0.7, 2.1)","(-10.4, 1.5, 1.9)","(-10.1, 0.7, 1.8)",
PLAYER_POSITIONS,677781,6/26/2026 11:41:32 AM,e7ca1105-8b8f-4dee-a332-17c93bb5c040,2.0,,,,,,,,,,,,,,,,,,,,,,,,,,,,,,,,,,,"(-10.4, 0.7, 2.1)","(-10.4, 1.5, 1.9)","(-10.1, 0.7, 1.8)",
PLAYER_POSITIONS,678298,6/26/2026 11:41:33 AM,e7ca1105-8b8f-4dee-a332-17c93bb5c040,2.0,,,,,,,,,,,,,,,,,,,,,,,,,,,,,,,,,,,"(-10.4, 0.9, 2.2)","(-10.4, 1.4, 1.9)","(-10.0, 0.8, 1.8)",
PLAYER_POSITIONS,678298,6/26/2026 11:41:33 AM,e7ca1105-8b8f-4dee-a332-17c93bb5c040,2.0,,,,,,,,,,,,,,,,,,,,,,,,,,,,,,,,,,,"(-10.4, 0.9, 2.2)","(-10.4, 1.4, 1.9)","(-10.0, 0.8, 1.8)",
AUDIO_END,678573,6/26/2026 11:41:33 AM,e7ca1105-8b8f-4dee-a332-17c93bb5c040,2.0,tac evac moving out,4.022857,
VOICE_CAPTURE,678747,6/26/2026 11:41:33 AM,e7ca1105-8b8f-4dee-a332-17c93bb5c040,2.0,,,,,,,,,,,,,,,,,,,,,,,,,,,,,,,,,,,,,,,,,,,,,,,,,,,NA,I can see that.,
PLAYER_POSITIONS,678795,6/26/2026 11:41:33 AM,e7ca1105-8b8f-4dee-a332-17c93bb5c040,2.0,,,,,,,,,,,,,,,,,,,,,,,,,,,,,,,,,,,"(-10.5, 1.4, 2.0)","(-10.4, 1.4, 1.9)","(-10.3, 1.5, 1.6)",
PLAYER_POSITIONS,678795,6/26/2026 11:41:33 AM,e7ca1105-8b8f-4dee-a332-17c93bb5c040,2.0,,,,,,,,,,,,,,,,,,,,,,,,,,,,,,,,,,,"(-10.5, 1.4, 2.0)","(-10.4, 1.4, 1.9)","(-10.3, 1.5, 1.6)",
VOICE_CAPTURE,679215,6/26/2026 11:41:33 AM,e7ca1105-8b8f-4dee-a332-17c93bb5c040,2.0,,,,,,,,,,,,,,,,,,,,,,,,,,,,,,,,,,,,,,,,,,,,,,,,,,,NA,I can see that.,
PLAYER_POSITIONS,679298,6/26/2026 11:41:34 AM,e7ca1105-8b8f-4dee-a332-17c93bb5c040,2.0,,,,,,,,,,,,,,,,,,,,,,,,,,,,,,,,,,,"(-10.5, 1.4, 2.0)","(-10.4, 1.4, 1.9)","(-10.4, 1.5, 1.7)",
PLAYER_POSITIONS,679298,6/26/2026 11:41:34 AM,e7ca1105-8b8f-4dee-a332-17c93bb5c040,2.0,,,,,,,,,,,,,,,,,,,,,,,,,,,,,,,,,,,"(-10.5, 1.4, 2.0)","(-10.4, 1.4, 1.9)","(-10.4, 1.5, 1.7)",
PLAYER_POSITIONS,679812,6/26/2026 11:41:34 AM,e7ca1105-8b8f-4dee-a332-17c93bb5c040,2.0,,,,,,,,,,,,,,,,,,,,,,,,,,,,,,,,,,,"(-10.6, 1.4, 2.0)","(-10.4, 1.4, 1.9)","(-10.3, 1.5, 1.7)",
PLAYER_POSITIONS,679812,6/26/2026 11:41:34 AM,e7ca1105-8b8f-4dee-a332-17c93bb5c040,2.0,,,,,,,,,,,,,,,,,,,,,,,,,,,,,,,,,,,"(-10.6, 1.4, 2.0)","(-10.4, 1.4, 1.9)","(-10.3, 1.5, 1.7)",
PATIENT_DISENGAGED,680226,6/26/2026 11:41:34 AM,e7ca1105-8b8f-4dee-a332-17c93bb5c040,2.0,,,,15.76,,,,,,,,,,,,,,,,fast,100,Infinity,normal,Military PT 5,upset,supine,"(-9.4, -0.1, 1.7)",faint,"(0.0, -1.0, 0.0, 0.0)",normal,IMMEDIATE,still,,,,,,,,,,,,,,,,,48.42,
Participant ID, 202606148
